% mqtt logfile, enabled=true
% broker=tcp://localhost:1883
% context=drive
% client id=tif_data
% system=robobot/ (top level ID)
% function=drive/ (next level name)
% 1 	Time (sec)
% 2 	Quality of service 0=max once, 1=at least once, 2=once, S=subscribe
% 3 	'Topic'
% 4 	Message / payload
1770386328.8465 0 'robobot/drive/T0/vel' 1770386328.8465 88.3280 0.000 0.000 0.0000 0.000 4
1770386328.8467 0 'robobot/drive/T0/mvel' 1770386328.8467 0.000 0.000
1770386328.8487 0 'robobot/drive/T0/pose' 1770386328.8486 88.3290 0.000 0.000 0.0000 -3.1034
1770386328.8488 0 'robobot/drive/T0/liv' 1770386328.8487 289 333 345 278 323 342 320 241 25
1770386328.8520 0 'robobot/drive/T0/gyro' 1770386328.8519 -0.144348 0.228882 -0.106750 88.333
1770386328.8520 0 'robobot/drive/T0/acc' 1770386328.8520 0.031494 -0.009766 0.985596 88.333
1770386328.8531 0 'robobot/drive/T0/pose' 1770386328.8531 88.3340 0.000 0.000 0.0000 -3.1034
1770386328.8532 0 'robobot/drive/T0/livn' 1770386328.8531 377 374 364 359 363 361 357 357 5
1770386328.8543 0 'robobot/drive/T0/vel' 1770386328.8542 88.3360 0.000 0.000 0.0000 0.000 4
1770386328.8551 0 'robobot/drive/T0/mvel' 1770386328.8551 0.000 0.000
1770386328.8585 0 'robobot/drive/T0/pose' 1770386328.8585 88.3390 0.000 0.000 0.0000 -3.1034
1770386328.8596 0 'robobot/drive/T0/ird' 1770386328.8596 0.646 1.500 4206 2399 1
1770386328.8629 0 'robobot/drive/T0/vel' 1770386328.8628 88.3440 0.000 0.000 0.0000 0.000 4
1770386328.8629 0 'robobot/drive/T0/pose' 1770386328.8629 88.3440 0.000 0.000 0.0000 -3.1034
1770386328.8629 0 'robobot/drive/T0/livn' 1770386328.8629 392 375 360 362 366 358 352 342 5
1770386328.8635 0 'robobot/drive/T0/mvel' 1770386328.8635 0.000 0.000
1770386328.8640 0 'robobot/drive/T0/gyro' 1770386328.8640 0.008240 0.137329 -0.015198 88.345
1770386328.8641 0 'robobot/drive/T0/acc' 1770386328.8641 0.035156 -0.010986 0.982910 88.345
1770386328.8684 0 'robobot/drive/T0/pose' 1770386328.8683 88.3490 0.000 0.000 0.0000 -3.1034
1770386328.8705 0 'robobot/drive/T0/vel' 1770386328.8705 88.3520 0.000 0.000 0.0000 0.000 4
1770386328.8709 0 'robobot/drive/T0/mvel' 1770386328.8709 0.000 0.000
1770386328.8716 0 'robobot/drive/T0/mot' 1770386328.8716 0 0 0.1 0.1 0
1770386328.8716 0 'robobot/drive/T0/mca' 1770386328.8716 0.000 0.000 17
1770386328.8727 0 'robobot/drive/T0/pose' 1770386328.8727 88.3540 0.000 0.000 0.0000 -3.1034
1770386328.8728 0 'robobot/drive/T0/livn' 1770386328.8727 388 372 358 366 367 358 355 348 5
1770386328.8760 0 'robobot/drive/T0/gyro' 1770386328.8759 0.038757 0.289917 -0.045715 88.357
1770386328.8760 0 'robobot/drive/T0/acc' 1770386328.8760 0.034912 -0.002930 0.984619 88.357
1770386328.8782 0 'robobot/drive/T0/pose' 1770386328.8781 88.3590 0.000 0.000 0.0000 -3.1034
1770386328.8782 0 'robobot/drive/T0/vel' 1770386328.8782 88.3600 0.000 0.000 0.0000 0.000 4
1770386328.8783 0 'robobot/drive/T0/mvel' 1770386328.8782 0.000 0.000
1770386328.8836 0 'robobot/drive/T0/pose' 1770386328.8835 88.3640 0.000 0.000 0.0000 -3.1034
1770386328.8836 0 'robobot/drive/T0/livn' 1770386328.8836 389 379 358 359 369 354 346 337 5
1770386328.8836 0 'robobot/drive/T0/ird' 1770386328.8836 0.661 1.500 4144 2398 1
1770386328.8869 0 'robobot/drive/T0/vel' 1770386328.8868 88.3680 0.000 0.000 0.0000 0.000 4
1770386328.8877 0 'robobot/drive/T0/mvel' 1770386328.8877 0.000 0.000
1770386328.8880 0 'robobot/drive/T0/pose' 1770386328.8879 88.3690 0.000 0.000 0.0000 -3.1034
1770386328.8880 0 'robobot/drive/T0/gyro' 1770386328.8880 0.038757 -0.015259 -0.137268 88.369
1770386328.8880 0 'robobot/drive/T0/acc' 1770386328.8880 0.038330 -0.010498 0.986572 88.369
1770386328.8934 0 'robobot/drive/T0/pose' 1770386328.8933 88.3740 0.000 0.000 0.0000 -3.1034
1770386328.8934 0 'robobot/drive/T0/livn' 1770386328.8934 380 369 369 369 366 360 359 350 5
1770386328.8945 0 'robobot/drive/T0/vel' 1770386328.8945 88.3760 0.000 0.000 0.0000 0.000 4
1770386328.8951 0 'robobot/drive/T0/mvel' 1770386328.8951 0.000 0.000
1770386328.8977 0 'robobot/drive/T0/pose' 1770386328.8977 88.3790 0.000 0.000 0.0000 -3.1034
1770386328.8988 0 'robobot/drive/T0/liv' 1770386328.8988 294 334 345 282 327 345 316 236 25
1770386328.8999 0 'robobot/drive/T0/gyro' 1770386328.8999 0.282898 0.015259 -0.289856 88.381
1770386328.9000 0 'robobot/drive/T0/acc' 1770386328.8999 0.035400 -0.008057 0.985107 88.381
1770386328.9032 0 'robobot/drive/T0/vel' 1770386328.9031 88.3840 0.000 0.000 0.0000 0.000 4
1770386328.9033 0 'robobot/drive/T0/pose' 1770386328.9032 88.3840 0.000 0.000 0.0000 -3.1034
1770386328.9033 0 'robobot/drive/T0/livn' 1770386328.9033 386 375 366 366 368 355 354 346 5
1770386328.9036 0 'robobot/drive/T0/mvel' 1770386328.9035 0.000 0.000
1770386328.9044 0 'robobot/drive/T0/mot' 1770386328.9044 0 0 0.1 0.1 0
1770386328.9044 0 'robobot/drive/T0/mca' 1770386328.9044 0.000 0.000 16
1770386328.9087 0 'robobot/drive/T0/pose' 1770386328.9086 88.3890 0.000 0.000 0.0000 -3.1034
1770386328.9087 0 'robobot/drive/T0/ird' 1770386328.9087 0.682 1.500 4063 2615 1
1770386328.9109 0 'robobot/drive/T0/vel' 1770386328.9108 88.3920 0.000 0.000 0.0000 0.000 4
1770386328.9109 0 'robobot/drive/T0/mvel' 1770386328.9109 0.000 0.000
1770386328.9120 0 'robobot/drive/T0/gyro' 1770386328.9119 -0.083313 0.198364 -0.076233 88.393
1770386328.9120 0 'robobot/drive/T0/acc' 1770386328.9120 0.039551 -0.009033 0.983154 88.393
1770386328.9131 0 'robobot/drive/T0/pose' 1770386328.9131 88.3940 0.000 0.000 0.0000 -3.1034
1770386328.9132 0 'robobot/drive/T0/livn' 1770386328.9131 388 375 363 378 371 355 358 358 5
1770386328.9185 0 'robobot/drive/T0/pose' 1770386328.9185 88.3990 0.000 0.000 0.0000 -3.1034
1770386328.9186 0 'robobot/drive/T0/vel' 1770386328.9185 88.4000 0.000 0.000 0.0000 0.000 4
1770386328.9194 0 'robobot/drive/T0/mvel' 1770386328.9194 0.000 0.000
1770386328.9228 0 'robobot/drive/T0/pose' 1770386328.9228 88.4040 0.000 0.000 0.0000 -3.1034
1770386328.9229 0 'robobot/drive/T0/livn' 1770386328.9228 368 361 367 381 373 345 339 351 5
1770386328.9240 0 'robobot/drive/T0/gyro' 1770386328.9239 -0.083313 0.198364 -0.320374 88.405
1770386328.9240 0 'robobot/drive/T0/acc' 1770386328.9240 0.035400 -0.010742 0.985352 88.405
1770386328.9272 0 'robobot/drive/T0/vel' 1770386328.9272 88.4080 0.000 0.000 0.0000 0.000 4
1770386328.9279 0 'robobot/drive/T0/mvel' 1770386328.9278 0.000 0.000
1770386328.9283 0 'robobot/drive/T0/pose' 1770386328.9283 88.4090 0.000 0.000 0.0000 -3.1034
1770386328.9336 0 'robobot/drive/T0/pose' 1770386328.9336 88.4140 0.000 0.000 0.0000 -3.1034
1770386328.9337 0 'robobot/drive/T0/livn' 1770386328.9336 379 371 367 373 368 357 358 351 6
1770386328.9337 0 'robobot/drive/T0/ird' 1770386328.9337 0.672 1.500 4100 2415 1
1770386328.9348 0 'robobot/drive/T0/vel' 1770386328.9348 88.4160 0.000 0.000 0.0000 0.000 4
1770386328.9352 0 'robobot/drive/T0/mvel' 1770386328.9352 0.000 0.000
1770386328.9359 0 'robobot/drive/T0/gyro' 1770386328.9359 0.069275 -0.167847 -0.106750 88.417
1770386328.9360 0 'robobot/drive/T0/acc' 1770386328.9359 0.035156 -0.007568 0.986328 88.417
1770386328.9371 0 'robobot/drive/T0/mot' 1770386328.9370 0 0 0.1 0.1 0
1770386328.9371 0 'robobot/drive/T0/mca' 1770386328.9371 -0.000 0.000 17
1770386328.9383 0 'robobot/drive/T0/pose' 1770386328.9383 88.4190 0.000 0.000 0.0000 -3.1034
1770386328.9426 0 'robobot/drive/T0/vel' 1770386328.9426 88.4240 0.000 0.000 0.0000 0.000 4
1770386328.9427 0 'robobot/drive/T0/pose' 1770386328.9426 88.4240 0.000 0.000 0.0000 -3.1034
1770386328.9429 0 'robobot/drive/T0/mvel' 1770386328.9429 0.000 0.000
1770386328.9438 0 'robobot/drive/T0/livn' 1770386328.9438 388 377 362 366 366 356 354 341 5
1770386328.9481 0 'robobot/drive/T0/gyro' 1770386328.9480 0.130310 0.137329 0.045837 88.429
1770386328.9481 0 'robobot/drive/T0/acc' 1770386328.9481 0.037109 -0.009033 0.981445 88.429
1770386328.9482 0 'robobot/drive/T0/pose' 1770386328.9481 88.4300 0.000 0.000 0.0000 -3.1034
1770386328.9493 0 'robobot/drive/T0/liv' 1770386328.9492 288 330 345 287 328 340 316 239 25
1770386328.9504 0 'robobot/drive/T0/vel' 1770386328.9503 88.4320 0.000 0.000 0.0000 0.000 4
1770386328.9514 0 'robobot/drive/T0/mvel' 1770386328.9513 0.000 0.000
1770386328.9536 0 'robobot/drive/T0/pose' 1770386328.9535 88.4350 0.000 0.000 0.0000 -3.1034
1770386328.9536 0 'robobot/drive/T0/livn' 1770386328.9536 386 374 372 378 373 361 355 351 5
1770386328.9579 0 'robobot/drive/T0/pose' 1770386328.9578 88.4400 0.000 0.000 0.0000 -3.1034
1770386328.9590 0 'robobot/drive/T0/vel' 1770386328.9589 88.4400 0.000 0.000 0.0000 0.000 4
1770386328.9590 0 'robobot/drive/T0/ird' 1770386328.9590 0.683 1.500 4059 2357 1
1770386328.9598 0 'robobot/drive/T0/mvel' 1770386328.9598 0.000 0.000
1770386328.9601 0 'robobot/drive/T0/gyro' 1770386328.9601 0.038757 -0.137329 0.106873 88.441
1770386328.9602 0 'robobot/drive/T0/acc' 1770386328.9601 0.036377 -0.008057 0.979980 88.441
1770386328.9634 0 'robobot/drive/T0/pose' 1770386328.9633 88.4450 0.000 0.000 0.0000 -3.1034
1770386328.9634 0 'robobot/drive/T0/livn' 1770386328.9634 370 368 374 367 366 358 358 352 5
1770386328.9666 0 'robobot/drive/T0/vel' 1770386328.9666 88.4480 0.000 0.000 0.0000 0.000 4
1770386328.9672 0 'robobot/drive/T0/mvel' 1770386328.9672 0.000 0.000
1770386328.9688 0 'robobot/drive/T0/pose' 1770386328.9688 88.4500 0.000 0.000 0.0000 -3.1034
1770386328.9699 0 'robobot/drive/T0/mot' 1770386328.9699 0 0 0.1 0.1 0
1770386328.9699 0 'robobot/drive/T0/mca' 1770386328.9699 0.000 0.000 16
1770386328.9721 0 'robobot/drive/T0/gyro' 1770386328.9720 0.099792 0.045776 -0.228821 88.453
1770386328.9721 0 'robobot/drive/T0/acc' 1770386328.9721 0.036133 -0.008301 0.988037 88.454
1770386328.9732 0 'robobot/drive/T0/pose' 1770386328.9732 88.4550 0.000 0.000 0.0000 -3.1034
1770386328.9733 0 'robobot/drive/T0/livn' 1770386328.9732 371 365 365 369 367 354 348 350 5
1770386328.9744 0 'robobot/drive/T0/vel' 1770386328.9743 88.4560 0.000 0.000 0.0000 0.000 4
1770386328.9746 0 'robobot/drive/T0/mvel' 1770386328.9746 0.000 0.000
1770386328.9786 0 'robobot/drive/T0/pose' 1770386328.9786 88.4600 0.000 0.000 0.0000 -3.1034
1770386328.9829 0 'robobot/drive/T0/vel' 1770386328.9829 88.4640 0.000 0.000 0.0000 0.000 4
1770386328.9829 0 'robobot/drive/T0/pose' 1770386328.9829 88.4650 0.000 0.000 0.0000 -3.1034
1770386328.9830 0 'robobot/drive/T0/livn' 1770386328.9829 386 368 366 364 367 358 356 349 5
1770386328.9830 0 'robobot/drive/T0/mvel' 1770386328.9830 0.000 0.000
1770386328.9841 0 'robobot/drive/T0/ird' 1770386328.9840 0.656 1.500 4163 2191 1
1770386328.9841 0 'robobot/drive/T0/gyro' 1770386328.9841 0.160828 0.167847 -0.045715 88.465
1770386328.9842 0 'robobot/drive/T0/acc' 1770386328.9841 0.037354 -0.010010 0.981201 88.466
1770386328.9884 0 'robobot/drive/T0/pose' 1770386328.9884 88.4700 0.000 0.000 0.0000 -3.1034
1770386328.9906 0 'robobot/drive/T0/vel' 1770386328.9905 88.4720 0.000 0.000 0.0000 0.000 4
1770386328.9915 0 'robobot/drive/T0/mvel' 1770386328.9914 0.000 0.000
1770386328.9938 0 'robobot/drive/T0/pose' 1770386328.9937 88.4750 0.000 0.000 0.0000 -3.1034
1770386328.9938 0 'robobot/drive/T0/livn' 1770386328.9938 382 374 368 370 372 362 353 346 5
1770386328.9960 0 'robobot/drive/T0/gyro' 1770386328.9960 -0.144348 0.015259 -0.503479 88.477
1770386328.9961 0 'robobot/drive/T0/acc' 1770386328.9960 0.036621 -0.009766 0.977295 88.478
1770386328.9982 0 'robobot/drive/T0/pose' 1770386328.9982 88.4800 0.000 0.000 0.0000 -3.1034
1770386328.9983 0 'robobot/drive/T0/vel' 1770386328.9982 88.4800 0.000 0.000 0.0000 0.000 4
1770386328.9989 0 'robobot/drive/T0/mvel' 1770386328.9988 0.000 0.000
1770386328.9994 0 'robobot/drive/T0/liv' 1770386328.9993 288 333 350 282 327 346 317 237 25
1770386329.0026 0 'robobot/drive/T0/mot' 1770386329.0025 0 0 0.1 0.1 0
1770386329.0037 0 'robobot/drive/T0/pose' 1770386329.0036 88.4850 0.000 0.000 0.0000 -3.1034
1770386329.0037 0 'robobot/drive/T0/livn' 1770386329.0037 378 382 364 352 371 366 354 336 5
1770386329.0038 0 'robobot/drive/T0/mca' 1770386329.0037 0.000 0.000 17
1770386329.0070 0 'robobot/drive/T0/vel' 1770386329.0069 88.4880 0.000 0.000 0.0000 0.000 4
1770386329.0073 0 'robobot/drive/T0/mvel' 1770386329.0073 0.000 0.000
1770386329.0081 0 'robobot/drive/T0/gyro' 1770386329.0080 0.130310 0.289917 -0.076233 88.489
1770386329.0081 0 'robobot/drive/T0/acc' 1770386329.0081 0.036621 -0.010254 0.986084 88.490
1770386329.0081 0 'robobot/drive/T0/pose' 1770386329.0081 88.4900 0.000 0.000 0.0000 -3.1034
1770386329.0092 0 'robobot/drive/T0/ird' 1770386329.0092 0.633 1.500 4260 2208 1
1770386329.0135 0 'robobot/drive/T0/pose' 1770386329.0135 88.4950 0.000 0.000 0.0000 -3.1033
1770386329.0136 0 'robobot/drive/T0/livn' 1770386329.0135 368 374 375 379 375 361 358 353 5
1770386329.0147 0 'robobot/drive/T0/vel' 1770386329.0146 88.4960 0.000 0.000 0.0000 0.000 4
1770386329.0147 0 'robobot/drive/T0/mvel' 1770386329.0147 0.000 0.000
1770386329.0147 0 'robobot/drive/T0/dname' 1770386329.0147 Robobot Arthur
1770386329.0179 0 'robobot/drive/T0/pose' 1770386329.0179 88.5000 0.000 0.000 0.0000 -3.1034
1770386329.0201 0 'robobot/drive/T0/gyro' 1770386329.0200 0.008240 0.015259 -0.167786 88.501
1770386329.0201 0 'robobot/drive/T0/acc' 1770386329.0201 0.036133 -0.008057 0.983154 88.502
1770386329.0223 0 'robobot/drive/T0/vel' 1770386329.0222 88.5040 0.000 0.000 0.0000 0.000 4
1770386329.0231 0 'robobot/drive/T0/mvel' 1770386329.0231 0.000 0.000
1770386329.0234 0 'robobot/drive/T0/pose' 1770386329.0233 88.5050 0.000 0.000 0.0000 -3.1033
1770386329.0234 0 'robobot/drive/T0/livn' 1770386329.0234 388 372 362 362 367 355 355 347 5
1770386329.0287 0 'robobot/drive/T0/pose' 1770386329.0287 88.5100 0.000 0.000 0.0000 -3.1034
1770386329.0309 0 'robobot/drive/T0/vel' 1770386329.0308 88.5120 0.000 0.000 0.0000 0.000 4
1770386329.0316 0 'robobot/drive/T0/mvel' 1770386329.0316 0.000 0.000
1770386329.0320 0 'robobot/drive/T0/gyro' 1770386329.0319 0.008240 -0.045776 -0.106750 88.513
1770386329.0320 0 'robobot/drive/T0/acc' 1770386329.0320 0.035400 -0.009521 0.983154 88.514
1770386329.0342 0 'robobot/drive/T0/pose' 1770386329.0341 88.5150 0.000 0.000 0.0000 -3.1033
1770386329.0342 0 'robobot/drive/T0/livn' 1770386329.0342 383 367 367 371 374 361 355 360 5
1770386329.0343 0 'robobot/drive/T0/ird' 1770386329.0342 0.705 1.500 3978 2260 1
1770386329.0364 0 'robobot/drive/T0/mot' 1770386329.0364 0 0 0.1 0.1 0
1770386329.0365 0 'robobot/drive/T0/mca' 1770386329.0364 0.000 0.000 16
1770386329.0386 0 'robobot/drive/T0/vel' 1770386329.0386 88.5200 0.000 0.000 0.0000 0.000 4
1770386329.0387 0 'robobot/drive/T0/pose' 1770386329.0386 88.5200 0.000 0.000 0.0000 -3.1033
1770386329.0390 0 'robobot/drive/T0/mvel' 1770386329.0389 0.000 0.000
1770386329.0440 0 'robobot/drive/T0/pose' 1770386329.0439 88.5250 0.000 0.000 0.0000 -3.1033
1770386329.0440 0 'robobot/drive/T0/livn' 1770386329.0440 374 350 361 372 378 354 339 359 5
1770386329.0441 0 'robobot/drive/T0/gyro' 1770386329.0440 -0.113831 0.015259 -0.106750 88.526
1770386329.0441 0 'robobot/drive/T0/acc' 1770386329.0441 0.039307 -0.010254 0.985840 88.526
1770386329.0463 0 'robobot/drive/T0/hbt' 1770386329.0462 88.5280 107 1033 11.76 4 8 8.9 0.45 0
1770386329.0463 0 'robobot/drive/T0/vel' 1770386329.0463 88.5280 0.000 0.000 0.0000 0.000 4
1770386329.0463 0 'robobot/drive/T0/mvel' 1770386329.0463 0.000 0.000
1770386329.0485 0 'robobot/drive/T0/pose' 1770386329.0484 88.5300 0.000 0.000 0.0000 -3.1033
1770386329.0485 0 'robobot/drive/T0/liv' 1770386329.0485 284 326 347 286 333 347 317 243 25
1770386329.0539 0 'robobot/drive/T0/pose' 1770386329.0538 88.5350 0.000 0.000 0.0000 -3.1033
1770386329.0539 0 'robobot/drive/T0/livn' 1770386329.0539 369 369 367 378 374 359 356 370 5
1770386329.0550 0 'robobot/drive/T0/vel' 1770386329.0550 88.5360 0.000 0.000 0.0000 0.000 4
1770386329.0558 0 'robobot/drive/T0/mvel' 1770386329.0558 0.000 0.000
1770386329.0561 0 'robobot/drive/T0/gyro' 1770386329.0561 -0.144348 0.228882 0.015320 88.538
1770386329.0562 0 'robobot/drive/T0/acc' 1770386329.0561 0.036133 -0.008057 0.982910 88.538
1770386329.0593 0 'robobot/drive/T0/pose' 1770386329.0593 88.5400 0.000 0.000 0.0000 -3.1033
1770386329.0594 0 'robobot/drive/T0/ird' 1770386329.0593 0.679 1.500 4072 2144 1
1770386329.0626 0 'robobot/drive/T0/vel' 1770386329.0625 88.5440 0.000 0.000 0.0000 0.000 4
1770386329.0632 0 'robobot/drive/T0/mvel' 1770386329.0632 0.000 0.000
1770386329.0637 0 'robobot/drive/T0/pose' 1770386329.0636 88.5450 0.000 0.000 0.0000 -3.1033
1770386329.0637 0 'robobot/drive/T0/livn' 1770386329.0637 376 374 371 366 367 356 355 361 5
1770386329.0680 0 'robobot/drive/T0/gyro' 1770386329.0679 0.038757 0.198364 -0.015198 88.550
1770386329.0681 0 'robobot/drive/T0/acc' 1770386329.0680 0.035400 -0.008057 0.983398 88.550
1770386329.0692 0 'robobot/drive/T0/pose' 1770386329.0691 88.5500 0.000 0.000 0.0000 -3.1033
1770386329.0692 0 'robobot/drive/T0/mot' 1770386329.0692 0 0 0.1 0.1 0
1770386329.0692 0 'robobot/drive/T0/mca' 1770386329.0692 0.000 0.000 17
1770386329.0703 0 'robobot/drive/T0/vel' 1770386329.0703 88.5520 0.000 0.000 0.0000 0.000 4
1770386329.0706 0 'robobot/drive/T0/mvel' 1770386329.0706 0.000 0.000
1770386329.0735 0 'robobot/drive/T0/pose' 1770386329.0735 88.5550 0.000 0.000 0.0000 -3.1033
1770386329.0736 0 'robobot/drive/T0/livn' 1770386329.0735 379 373 368 375 376 362 353 350 5
1770386329.0789 0 'robobot/drive/T0/vel' 1770386329.0788 88.5600 0.000 0.000 0.0000 0.000 4
1770386329.0789 0 'robobot/drive/T0/pose' 1770386329.0789 88.5600 0.000 0.000 0.0000 -3.1033
1770386329.0791 0 'robobot/drive/T0/mvel' 1770386329.0790 0.000 0.000
1770386329.0800 0 'robobot/drive/T0/gyro' 1770386329.0800 0.069275 -0.045776 -0.076233 88.562
1770386329.0801 0 'robobot/drive/T0/acc' 1770386329.0800 0.036377 -0.006836 0.984131 88.562
1770386329.0843 0 'robobot/drive/T0/pose' 1770386329.0843 88.5650 0.000 0.000 0.0000 -3.1033
1770386329.0844 0 'robobot/drive/T0/livn' 1770386329.0843 371 373 376 379 365 349 359 365 5
1770386329.0844 0 'robobot/drive/T0/ird' 1770386329.0844 0.646 1.500 4207 2228 1
1770386329.0866 0 'robobot/drive/T0/vel' 1770386329.0866 88.5680 0.000 0.000 0.0000 0.000 4
1770386329.0875 0 'robobot/drive/T0/mvel' 1770386329.0875 0.000 0.000
1770386329.0888 0 'robobot/drive/T0/pose' 1770386329.0887 88.5700 0.000 0.000 0.0000 -3.1033
1770386329.0920 0 'robobot/drive/T0/gyro' 1770386329.0919 0.008240 -0.137329 0.045837 88.574
1770386329.0920 0 'robobot/drive/T0/acc' 1770386329.0920 0.037842 -0.009766 0.988525 88.574
1770386329.0942 0 'robobot/drive/T0/pose' 1770386329.0941 88.5750 0.000 0.000 0.0000 -3.1033
1770386329.0943 0 'robobot/drive/T0/livn' 1770386329.0942 372 365 370 378 375 358 361 367 5
1770386329.0943 0 'robobot/drive/T0/vel' 1770386329.0943 88.5760 0.000 0.000 0.0000 0.000 4
1770386329.0949 0 'robobot/drive/T0/mvel' 1770386329.0949 0.000 0.000
1770386329.0986 0 'robobot/drive/T0/pose' 1770386329.0985 88.5800 0.000 0.000 0.0000 -3.1033
1770386329.0986 0 'robobot/drive/T0/liv' 1770386329.0986 285 332 351 288 328 342 320 246 25
1770386329.1018 0 'robobot/drive/T0/mot' 1770386329.1018 0 0 0.1 0.1 0
1770386329.1029 0 'robobot/drive/T0/mca' 1770386329.1029 0.000 0.000 16
1770386329.1029 0 'robobot/drive/T0/vel' 1770386329.1029 88.5840 0.000 0.000 0.0000 0.000 4
1770386329.1034 0 'robobot/drive/T0/mvel' 1770386329.1033 0.000 0.000
1770386329.1040 0 'robobot/drive/T0/pose' 1770386329.1040 88.5850 0.000 0.000 0.0000 -3.1033
1770386329.1041 0 'robobot/drive/T0/livn' 1770386329.1040 378 368 364 367 364 356 358 355 5
1770386329.1041 0 'robobot/drive/T0/gyro' 1770386329.1041 -0.022278 0.167847 -0.350891 88.586
1770386329.1042 0 'robobot/drive/T0/acc' 1770386329.1041 0.037842 -0.008301 0.982178 88.586
1770386329.1084 0 'robobot/drive/T0/pose' 1770386329.1084 88.5900 0.000 0.000 0.0000 -3.1033
1770386329.1095 0 'robobot/drive/T0/ird' 1770386329.1095 0.667 1.500 4120 2194 1
1770386329.1106 0 'robobot/drive/T0/vel' 1770386329.1106 88.5920 0.000 0.000 0.0000 0.000 4
1770386329.1108 0 'robobot/drive/T0/mvel' 1770386329.1107 0.000 0.000
1770386329.1139 0 'robobot/drive/T0/pose' 1770386329.1138 88.5950 0.000 0.000 0.0000 -3.1033
1770386329.1139 0 'robobot/drive/T0/livn' 1770386329.1139 385 372 371 376 377 358 347 345 5
1770386329.1161 0 'robobot/drive/T0/gyro' 1770386329.1160 0.038757 0.076294 -0.076233 88.598
1770386329.1161 0 'robobot/drive/T0/acc' 1770386329.1161 0.035645 -0.009033 0.982910 88.598
1770386329.1183 0 'robobot/drive/T0/vel' 1770386329.1182 88.6000 0.000 0.000 0.0000 0.000 4
1770386329.1192 0 'robobot/drive/T0/mvel' 1770386329.1192 0.000 0.000
1770386329.1194 0 'robobot/drive/T0/pose' 1770386329.1193 88.6000 0.000 0.000 0.0000 -3.1033
1770386329.1236 0 'robobot/drive/T0/pose' 1770386329.1236 88.6050 0.000 0.000 0.0000 -3.1033
1770386329.1237 0 'robobot/drive/T0/livn' 1770386329.1237 387 376 360 364 371 362 353 338 5
1770386329.1269 0 'robobot/drive/T0/vel' 1770386329.1269 88.6080 0.000 0.000 0.0000 0.000 4
1770386329.1277 0 'robobot/drive/T0/mvel' 1770386329.1276 0.000 0.000
1770386329.1281 0 'robobot/drive/T0/info' 1770386329.1280 # got confw: r1=0.074, r2=0.074, G=19, PPR=92, WB=0.23
1770386329.1282 0 'robobot/drive/T0/gyro' 1770386329.1281 -0.083313 -0.076294 -0.106750 88.610
1770386329.1282 0 'robobot/drive/T0/acc' 1770386329.1282 0.031494 -0.010010 0.984375 88.610
1770386329.1293 0 'robobot/drive/T0/pose' 1770386329.1293 88.6100 0.000 0.000 0.0000 -3.1033
1770386329.1294 0 'robobot/drive/T0/conf' 1770386329.1293 0.0740 0.0740 19.000 92 0.2300 0.0020 0
1770386329.1337 0 'robobot/drive/T0/pose' 1770386329.1336 88.6150 0.000 0.000 0.0000 -3.1033
1770386329.1337 0 'robobot/drive/T0/livn' 1770386329.1337 383 369 368 375 374 360 354 356 5
1770386329.1337 0 'robobot/drive/T0/ird' 1770386329.1337 0.681 1.500 4067 2327 1
1770386329.1349 0 'robobot/drive/T0/vel' 1770386329.1348 88.6160 0.000 0.000 0.0000 0.000 4
1770386329.1349 0 'robobot/drive/T0/mot' 1770386329.1349 0 0 0.1 0.1 0
1770386329.1349 0 'robobot/drive/T0/mca' 1770386329.1349 0.000 0.000 17
1770386329.1351 0 'robobot/drive/T0/mvel' 1770386329.1351 0.000 0.000
1770386329.1395 0 'robobot/drive/T0/pose' 1770386329.1393 88.6200 0.000 0.000 0.0000 -3.1033
1770386329.1406 0 'robobot/drive/T0/gyro' 1770386329.1405 0.099792 0.167847 -0.137268 88.622
1770386329.1406 0 'robobot/drive/T0/acc' 1770386329.1406 0.035889 -0.008789 0.980713 88.622
1770386329.1429 0 'robobot/drive/T0/vel' 1770386329.1428 88.6240 0.000 0.000 0.0000 0.000 4
1770386329.1437 0 'robobot/drive/T0/mvel' 1770386329.1437 0.000 0.000
1770386329.1440 0 'robobot/drive/T0/pose' 1770386329.1439 88.6250 0.000 0.000 0.0000 -3.1033
1770386329.1440 0 'robobot/drive/T0/livn' 1770386329.1440 375 367 372 368 371 359 358 354 5
1770386329.1494 0 'robobot/drive/T0/pose' 1770386329.1493 88.6300 0.000 0.000 0.0000 -3.1033
1770386329.1496 0 'robobot/drive/T0/liv' 1770386329.1494 290 331 348 284 330 346 316 238 25
1770386329.1507 0 'robobot/drive/T0/vel' 1770386329.1506 88.6320 0.000 0.000 0.0000 0.000 4
1770386329.1511 0 'robobot/drive/T0/mvel' 1770386329.1511 0.000 0.000
1770386329.1518 0 'robobot/drive/T0/gyro' 1770386329.1517 -0.022278 0.106812 0.015320 88.634
1770386329.1519 0 'robobot/drive/T0/acc' 1770386329.1518 0.038330 -0.009766 0.984863 88.634
1770386329.1541 0 'robobot/drive/T0/pose' 1770386329.1540 88.6350 0.000 0.000 0.0000 -3.1033
1770386329.1543 0 'robobot/drive/T0/livn' 1770386329.1541 385 376 368 371 371 363 353 347 5
1770386329.1585 0 'robobot/drive/T0/vel' 1770386329.1585 88.6400 0.000 0.000 0.0000 0.000 4
1770386329.1586 0 'robobot/drive/T0/pose' 1770386329.1585 88.6400 0.000 0.000 0.0000 -3.1033
1770386329.1586 0 'robobot/drive/T0/ird' 1770386329.1586 0.681 1.500 4064 2285 1
1770386329.1595 0 'robobot/drive/T0/mvel' 1770386329.1595 0.000 0.000
1770386329.1640 0 'robobot/drive/T0/pose' 1770386329.1639 88.6450 0.000 0.000 0.0000 -3.1033
1770386329.1640 0 'robobot/drive/T0/livn' 1770386329.1640 374 372 362 375 368 349 351 350 5
1770386329.1641 0 'robobot/drive/T0/gyro' 1770386329.1640 0.099792 -0.076294 0.198425 88.646
1770386329.1641 0 'robobot/drive/T0/acc' 1770386329.1641 0.033936 -0.011475 0.983887 88.646
1770386329.1664 0 'robobot/drive/T0/vel' 1770386329.1662 88.6480 0.000 0.000 0.0000 0.000 4
1770386329.1669 0 'robobot/drive/T0/mvel' 1770386329.1669 0.000 0.000
1770386329.1685 0 'robobot/drive/T0/mot' 1770386329.1685 0 0 0.1 0.1 0
1770386329.1686 0 'robobot/drive/T0/mca' 1770386329.1685 0.000 0.000 16
1770386329.1686 0 'robobot/drive/T0/pose' 1770386329.1686 88.6500 0.000 0.000 0.0000 -3.1033
1770386329.1740 0 'robobot/drive/T0/pose' 1770386329.1739 88.6550 0.000 0.000 0.0000 -3.1033
1770386329.1742 0 'robobot/drive/T0/livn' 1770386329.1740 372 369 372 379 371 350 353 357 5
1770386329.1743 0 'robobot/drive/T0/vel' 1770386329.1742 88.6560 0.000 0.000 0.0000 0.000 4
1770386329.1743 0 'robobot/drive/T0/mvel' 1770386329.1743 0.000 0.000
1770386329.1764 0 'robobot/drive/T0/gyro' 1770386329.1764 -0.022278 0.137329 0.015320 88.658
1770386329.1765 0 'robobot/drive/T0/acc' 1770386329.1764 0.035156 -0.011719 0.979492 88.658
1770386329.1787 0 'robobot/drive/T0/pose' 1770386329.1786 88.6600 0.000 0.000 0.0000 -3.1033
1770386329.1830 0 'robobot/drive/T0/vel' 1770386329.1829 88.6640 0.000 0.000 0.0000 0.000 4
1770386329.1838 0 'robobot/drive/T0/mvel' 1770386329.1838 0.000 0.000
1770386329.1841 0 'robobot/drive/T0/pose' 1770386329.1840 88.6650 0.000 0.000 0.0000 -3.1033
1770386329.1841 0 'robobot/drive/T0/livn' 1770386329.1841 377 371 365 366 366 354 360 360 5
1770386329.1842 0 'robobot/drive/T0/ird' 1770386329.1841 0.677 1.500 4082 2310 1
1770386329.1885 0 'robobot/drive/T0/gyro' 1770386329.1884 -0.022278 0.167847 0.045837 88.670
1770386329.1886 0 'robobot/drive/T0/acc' 1770386329.1886 0.037354 -0.010254 0.979980 88.670
1770386329.1887 0 'robobot/drive/T0/pose' 1770386329.1886 88.6700 0.000 0.000 0.0000 -3.1033
1770386329.1909 0 'robobot/drive/T0/vel' 1770386329.1908 88.6720 0.000 0.000 0.0000 0.000 4
1770386329.1912 0 'robobot/drive/T0/mvel' 1770386329.1912 0.000 0.000
1770386329.1941 0 'robobot/drive/T0/pose' 1770386329.1940 88.6750 0.000 0.000 0.0000 -3.1033
1770386329.1941 0 'robobot/drive/T0/livn' 1770386329.1941 378 372 368 373 372 359 358 350 5
1770386329.1985 0 'robobot/drive/T0/vel' 1770386329.1984 88.6800 0.000 0.000 0.0000 0.000 4
1770386329.1987 0 'robobot/drive/T0/pose' 1770386329.1985 88.6800 0.000 0.000 0.0000 -3.1033
1770386329.1988 0 'robobot/drive/T0/mvel' 1770386329.1986 0.000 0.000
1770386329.1988 0 'robobot/drive/T0/liv' 1770386329.1987 286 331 347 288 328 343 318 240 25
1770386329.1999 0 'robobot/drive/T0/gyro' 1770386329.1998 -0.235901 0.137329 -0.106750 88.682
1770386329.2000 0 'robobot/drive/T0/acc' 1770386329.1999 0.036377 -0.006836 0.983398 88.682
1770386329.2011 0 'robobot/drive/T0/mot' 1770386329.2010 0 0 0.1 0.1 0
1770386329.2012 0 'robobot/drive/T0/mca' 1770386329.2011 0.000 0.000 17
1770386329.2034 0 'robobot/drive/T0/pose' 1770386329.2034 88.6850 0.000 0.000 0.0000 -3.1033
1770386329.2035 0 'robobot/drive/T0/livn' 1770386329.2034 373 371 365 380 359 357 351 354 5
1770386329.2068 0 'robobot/drive/T0/vel' 1770386329.2066 88.6880 0.000 0.000 0.0000 0.000 4
1770386329.2072 0 'robobot/drive/T0/mvel' 1770386329.2072 0.000 0.000
1770386329.2090 0 'robobot/drive/T0/pose' 1770386329.2089 88.6900 0.000 0.000 0.0000 -3.1033
1770386329.2091 0 'robobot/drive/T0/ird' 1770386329.2090 0.692 1.500 4026 2440 1
1770386329.2123 0 'robobot/drive/T0/gyro' 1770386329.2122 0.038757 0.045776 -0.076233 88.694
1770386329.2125 0 'robobot/drive/T0/acc' 1770386329.2123 0.036865 -0.008789 0.979492 88.694
1770386329.2137 0 'robobot/drive/T0/pose' 1770386329.2136 88.6950 0.000 0.000 0.0000 -3.1033
1770386329.2137 0 'robobot/drive/T0/livn' 1770386329.2137 368 373 370 381 366 359 356 363 5
1770386329.2149 0 'robobot/drive/T0/vel' 1770386329.2148 88.6960 0.000 0.000 0.0000 0.000 4
1770386329.2156 0 'robobot/drive/T0/mvel' 1770386329.2156 0.000 0.000
1770386329.2160 0 'robobot/drive/T0/liw' 1770386329.2160 758 892 947 769 887 962 895 681
1770386329.2192 0 'robobot/drive/T0/pose' 1770386329.2192 88.7000 0.000 0.000 0.0000 -3.1033
1770386329.2224 0 'robobot/drive/T0/vel' 1770386329.2224 88.7040 0.000 0.000 0.0000 0.000 4
1770386329.2230 0 'robobot/drive/T0/mvel' 1770386329.2230 0.000 0.000
1770386329.2236 0 'robobot/drive/T0/pose' 1770386329.2235 88.7050 0.000 0.000 0.0000 -3.1033
1770386329.2236 0 'robobot/drive/T0/livn' 1770386329.2236 383 377 372 372 352 351 350 356 5
1770386329.2236 0 'robobot/drive/T0/gyro' 1770386329.2236 0.252380 0.259399 -0.106750 88.706
1770386329.2237 0 'robobot/drive/T0/acc' 1770386329.2237 0.034668 -0.006348 0.987549 88.706
1770386329.2291 0 'robobot/drive/T0/pose' 1770386329.2290 88.7100 0.000 0.000 0.0000 -3.1033
1770386329.2302 0 'robobot/drive/T0/vel' 1770386329.2301 88.7120 0.000 0.000 0.0000 0.000 4
1770386329.2304 0 'robobot/drive/T0/mvel' 1770386329.2304 0.000 0.000
1770386329.2334 0 'robobot/drive/T0/pose' 1770386329.2334 88.7150 0.000 0.000 0.0000 -3.1033
1770386329.2335 0 'robobot/drive/T0/livn' 1770386329.2334 379 365 362 365 366 354 351 349 5
1770386329.2346 0 'robobot/drive/T0/mot' 1770386329.2345 0 0 0.1 0.1 0
1770386329.2346 0 'robobot/drive/T0/ird' 1770386329.2346 0.712 1.500 3955 2278 1
1770386329.2347 0 'robobot/drive/T0/mca' 1770386329.2346 0.000 0.000 16
1770386329.2358 0 'robobot/drive/T0/gyro' 1770386329.2358 0.038757 0.045776 -0.137268 88.718
1770386329.2359 0 'robobot/drive/T0/acc' 1770386329.2359 0.036621 -0.008789 0.988037 88.718
1770386329.2382 0 'robobot/drive/T0/vel' 1770386329.2381 88.7200 0.000 0.000 0.0000 0.000 4
1770386329.2389 0 'robobot/drive/T0/mvel' 1770386329.2389 0.000 0.000
1770386329.2393 0 'robobot/drive/T0/pose' 1770386329.2392 88.7200 0.000 0.000 0.0000 -3.1033
1770386329.2436 0 'robobot/drive/T0/pose' 1770386329.2435 88.7250 0.000 0.000 0.0000 -3.1033
1770386329.2436 0 'robobot/drive/T0/livn' 1770386329.2436 381 360 355 368 369 364 355 347 5
1770386329.2468 0 'robobot/drive/T0/vel' 1770386329.2468 88.7280 0.000 0.000 0.0000 0.000 4
1770386329.2473 0 'robobot/drive/T0/mvel' 1770386329.2473 0.000 0.000
1770386329.2479 0 'robobot/drive/T0/gyro' 1770386329.2479 -0.113831 -0.503540 -0.045715 88.730
1770386329.2480 0 'robobot/drive/T0/acc' 1770386329.2479 0.042725 -0.006836 0.973389 88.730
1770386329.2491 0 'robobot/drive/T0/pose' 1770386329.2490 88.7300 0.000 0.000 0.0000 -3.1033
1770386329.2491 0 'robobot/drive/T0/liv' 1770386329.2491 285 328 346 287 323 344 317 242 25
1770386329.2534 0 'robobot/drive/T0/pose' 1770386329.2533 88.7350 0.001 -0.000 -0.0000 -3.1033
1770386329.2534 0 'robobot/drive/T0/livn' 1770386329.2534 374 356 364 372 377 364 352 356 5
1770386329.2545 0 'robobot/drive/T0/vel' 1770386329.2545 88.7360 0.000 0.000 0.0000 0.000 4
1770386329.2547 0 'robobot/drive/T0/mvel' 1770386329.2547 0.000 0.000
1770386329.2588 0 'robobot/drive/T0/pose' 1770386329.2588 88.7400 0.001 -0.000 -0.0000 -3.1031
1770386329.2588 0 'robobot/drive/T0/ird' 1770386329.2588 0.688 1.500 4040 2501 1
1770386329.2599 0 'robobot/drive/T0/gyro' 1770386329.2599 -0.357971 -0.991821 -2.639709 88.742
1770386329.2600 0 'robobot/drive/T0/acc' 1770386329.2599 -0.014404 0.008057 0.963867 88.742
1770386329.2632 0 'robobot/drive/T0/vel' 1770386329.2631 88.7440 0.070 0.063 -0.0298 0.070 4
1770386329.2642 0 'robobot/drive/T0/mvel' 1770386329.2642 0.070 0.063
1770386329.2643 0 'robobot/drive/T0/pose' 1770386329.2643 88.7450 0.002 -0.000 -0.0000 -3.1021
1770386329.2643 0 'robobot/drive/T0/livn' 1770386329.2643 376 374 360 367 358 354 351 361 5
1770386329.2665 0 'robobot/drive/T0/mot' 1770386329.2665 2.2 2.2 0.1 0.1 0
1770386329.2676 0 'robobot/drive/T0/mca' 1770386329.2675 0.443 0.448 17
1770386329.2687 0 'robobot/drive/T0/pose' 1770386329.2686 88.7500 0.003 -0.000 -0.0023 -3.1013
1770386329.2708 0 'robobot/drive/T0/vel' 1770386329.2708 88.7520 0.169 0.149 -0.0885 0.169 4
1770386329.2716 0 'robobot/drive/T0/mvel' 1770386329.2716 0.169 0.149
1770386329.2719 0 'robobot/drive/T0/gyro' 1770386329.2719 3.731384 -5.783081 3.250183 88.754
1770386329.2720 0 'robobot/drive/T0/acc' 1770386329.2719 0.407471 -0.353760 1.353027 88.754
1770386329.2741 0 'robobot/drive/T0/pose' 1770386329.2741 88.7550 0.003 -0.000 -0.0012 -3.1008
1770386329.2742 0 'robobot/drive/T0/livn' 1770386329.2741 387 365 367 363 365 352 353 351 5
1770386329.2784 0 'robobot/drive/T0/vel' 1770386329.2784 88.7600 0.133 0.113 -0.0892 0.133 4
1770386329.2785 0 'robobot/drive/T0/pose' 1770386329.2784 88.7600 0.004 -0.000 -0.0023 -3.0998
1770386329.2790 0 'robobot/drive/T0/mvel' 1770386329.2790 0.133 0.113
1770386329.2838 0 'robobot/drive/T0/pose' 1770386329.2837 88.7650 0.004 -0.000 -0.0012 -3.0973
1770386329.2838 0 'robobot/drive/T0/livn' 1770386329.2838 366 358 361 367 359 354 347 343 5
1770386329.2839 0 'robobot/drive/T0/ird' 1770386329.2838 0.681 1.500 4067 2449 1
1770386329.2839 0 'robobot/drive/T0/gyro' 1770386329.2839 -6.156311 11.550903 8.895935 88.766
1770386329.2840 0 'robobot/drive/T0/acc' 1770386329.2839 0.224121 -0.087646 0.546631 88.766
1770386329.2872 0 'robobot/drive/T0/vel' 1770386329.2872 88.7680 0.100 0.093 -0.0320 0.100 4
1770386329.2874 0 'robobot/drive/T0/mvel' 1770386329.2874 0.100 0.093
1770386329.2894 0 'robobot/drive/T0/pose' 1770386329.2893 88.7700 0.004 -0.000 -0.0012 -3.0951
1770386329.2936 0 'robobot/drive/T0/pose' 1770386329.2936 88.7750 0.005 -0.000 -0.0023 -3.0919
1770386329.2937 0 'robobot/drive/T0/livn' 1770386329.2936 364 360 371 378 368 354 349 354 5
1770386329.2948 0 'robobot/drive/T0/vel' 1770386329.2947 88.7760 0.082 0.077 -0.0191 0.082 4
1770386329.2948 0 'robobot/drive/T0/mvel' 1770386329.2948 0.082 0.077
1770386329.2959 0 'robobot/drive/T0/gyro' 1770386329.2958 5.928650 -7.644653 6.729187 88.778
1770386329.2959 0 'robobot/drive/T0/acc' 1770386329.2959 0.331055 -0.116943 0.841309 88.778
1770386329.2991 0 'robobot/drive/T0/pose' 1770386329.2991 88.7800 0.005 -0.000 -0.0012 -3.0911
1770386329.2992 0 'robobot/drive/T0/liv' 1770386329.2991 284 324 347 285 323 341 314 240 25
1770386329.3003 0 'robobot/drive/T0/mot' 1770386329.3002 2.7 2.8 0.1 0.1 0
1770386329.3003 0 'robobot/drive/T0/mca' 1770386329.3003 0.690 0.709 16
1770386329.3025 0 'robobot/drive/T0/vel' 1770386329.3024 88.7840 0.074 0.091 0.0732 0.074 4
1770386329.3032 0 'robobot/drive/T0/mvel' 1770386329.3032 0.074 0.091
1770386329.3036 0 'robobot/drive/T0/pose' 1770386329.3035 88.7850 0.006 -0.000 -0.0000 -3.0902
1770386329.3036 0 'robobot/drive/T0/livn' 1770386329.3036 380 361 364 371 367 344 358 366 5
1770386329.3079 0 'robobot/drive/T0/gyro' 1770386329.3078 -4.111633 5.203247 15.274109 88.790
1770386329.3079 0 'robobot/drive/T0/acc' 1770386329.3079 0.313477 -0.133301 1.102295 88.790
1770386329.3090 0 'robobot/drive/T0/pose' 1770386329.3090 88.7900 0.006 -0.000 0.0012 -3.0892
1770386329.3091 0 'robobot/drive/T0/ird' 1770386329.3090 0.637 1.500 4243 2442 1
1770386329.3102 0 'robobot/drive/T0/vel' 1770386329.3101 88.7920 0.076 0.122 0.1975 0.076 4
1770386329.3106 0 'robobot/drive/T0/mvel' 1770386329.3106 0.076 0.122
1770386329.3144 0 'robobot/drive/T0/pose' 1770386329.3144 88.7950 0.007 -0.000 0.0012 -3.0871
1770386329.3145 0 'robobot/drive/T0/livn' 1770386329.3144 378 380 366 375 367 358 353 361 5
1770386329.3187 0 'robobot/drive/T0/vel' 1770386329.3187 88.8000 0.107 0.133 0.1152 0.107 4
1770386329.3188 0 'robobot/drive/T0/pose' 1770386329.3187 88.8000 0.008 -0.000 0.0012 -3.0857
1770386329.3191 0 'robobot/drive/T0/mvel' 1770386329.3190 0.107 0.133
1770386329.3199 0 'robobot/drive/T0/gyro' 1770386329.3199 3.548279 -1.754761 15.091003 88.802
1770386329.3199 0 'robobot/drive/T0/acc' 1770386329.3199 0.276367 -0.045654 0.717529 88.802
1770386329.3242 0 'robobot/drive/T0/pose' 1770386329.3241 88.8050 0.009 -0.000 0.0023 -3.0843
1770386329.3242 0 'robobot/drive/T0/livn' 1770386329.3242 372 358 364 361 364 355 341 348 5
1770386329.3264 0 'robobot/drive/T0/vel' 1770386329.3263 88.8080 0.138 0.160 0.0974 0.138 4
1770386329.3265 0 'robobot/drive/T0/mvel' 1770386329.3264 0.138 0.160
1770386329.3285 0 'robobot/drive/T0/pose' 1770386329.3285 88.8100 0.009 -0.000 0.0023 -3.0833
1770386329.3317 0 'robobot/drive/T0/gyro' 1770386329.3317 0.130310 4.989624 17.379822 88.814
1770386329.3318 0 'robobot/drive/T0/acc' 1770386329.3317 0.291992 -0.097656 1.073975 88.814
1770386329.3329 0 'robobot/drive/T0/mot' 1770386329.3328 3 2.8 0.1 0.1 0
1770386329.3329 0 'robobot/drive/T0/mca' 1770386329.3329 1.005 0.879 17
1770386329.3340 0 'robobot/drive/T0/pose' 1770386329.3339 88.8150 0.010 0.000 0.0023 -3.0816
1770386329.3340 0 'robobot/drive/T0/livn' 1770386329.3340 375 369 373 362 366 360 349 355 5
1770386329.3341 0 'robobot/drive/T0/ird' 1770386329.3340 0.658 1.500 4155 2523 1
1770386329.3352 0 'robobot/drive/T0/vel' 1770386329.3351 88.8160 0.179 0.181 0.0084 0.179 4
1770386329.3362 0 'robobot/drive/T0/mvel' 1770386329.3361 0.179 0.181
1770386329.3388 0 'robobot/drive/T0/pose' 1770386329.3387 88.8200 0.011 0.000 0.0023 -3.0800
1770386329.3433 0 'robobot/drive/T0/vel' 1770386329.3430 88.8240 0.189 0.185 -0.0164 0.189 4
1770386329.3436 0 'robobot/drive/T0/mvel' 1770386329.3436 0.189 0.185
1770386329.3444 0 'robobot/drive/T0/pose' 1770386329.3443 88.8250 0.012 0.000 0.0023 -3.0775
1770386329.3445 0 'robobot/drive/T0/livn' 1770386329.3444 370 370 373 360 357 350 343 347 5
1770386329.3446 0 'robobot/drive/T0/gyro' 1770386329.3445 1.259460 6.240845 15.152039 88.826
1770386329.3447 0 'robobot/drive/T0/acc' 1770386329.3446 0.383789 0.056641 1.001221 88.826
1770386329.3458 0 'robobot/drive/master' 1770386329.3457 2026-02-06 14:58:48.828247
1770386329.3490 0 'robobot/drive/T0/pose' 1770386329.3490 88.8300 0.013 0.000 0.0035 -3.0761
1770386329.3491 0 'robobot/drive/T0/liv' 1770386329.3490 289 330 350 281 324 341 312 241 25
1770386329.3502 0 'robobot/drive/T0/vel' 1770386329.3501 88.8320 0.167 0.196 0.1247 0.167 4
1770386329.3511 0 'robobot/drive/T0/mvel' 1770386329.3511 0.167 0.196
1770386329.3534 0 'robobot/drive/T0/pose' 1770386329.3534 88.8350 0.014 0.000 0.0046 -3.0743
1770386329.3535 0 'robobot/drive/T0/livn' 1770386329.3534 419 371 371 372 363 359 350 345 5
1770386329.3557 0 'robobot/drive/T0/gyro' 1770386329.3556 2.815857 3.005981 12.558044 88.838
1770386329.3558 0 'robobot/drive/T0/acc' 1770386329.3557 0.176025 -0.020996 0.963867 88.838
1770386329.3590 0 'robobot/drive/T0/vel' 1770386329.3589 88.8400 0.161 0.214 0.2304 0.161 4
1770386329.3591 0 'robobot/drive/T0/pose' 1770386329.3590 88.8400 0.015 0.000 0.0058 -3.0735
1770386329.3592 0 'robobot/drive/T0/ird' 1770386329.3591 0.667 1.500 4118 2606 1
1770386329.3596 0 'robobot/drive/T0/mvel' 1770386329.3595 0.161 0.214
1770386329.3634 0 'robobot/drive/T0/pose' 1770386329.3634 88.8450 0.016 0.000 0.0058 -3.0722
1770386329.3635 0 'robobot/drive/T0/livn' 1770386329.3634 381 374 367 369 359 360 345 355 5
1770386329.3657 0 'robobot/drive/T0/mot' 1770386329.3656 3.2 2.7 0.1 0.1 0
1770386329.3667 0 'robobot/drive/T0/mca' 1770386329.3667 0.868 0.687 16
1770386329.3668 0 'robobot/drive/T0/vel' 1770386329.3667 88.8480 0.196 0.235 0.1716 0.196 4
1770386329.3670 0 'robobot/drive/T0/mvel' 1770386329.3669 0.196 0.235
1770386329.3679 0 'robobot/drive/T0/gyro' 1770386329.3678 -3.013000 -1.083374 14.511169 88.850
1770386329.3680 0 'robobot/drive/T0/acc' 1770386329.3679 0.244629 0.059326 0.925781 88.850
1770386329.3691 0 'robobot/drive/T0/pose' 1770386329.3690 88.8500 0.017 0.000 0.0069 -3.0715
1770386329.3745 0 'robobot/drive/T0/pose' 1770386329.3744 88.8550 0.019 0.000 0.0069 -3.0700
1770386329.3745 0 'robobot/drive/T0/livn' 1770386329.3745 364 377 370 376 368 352 348 364 5
1770386329.3745 0 'robobot/drive/T0/vel' 1770386329.3745 88.8560 0.222 0.242 0.0870 0.222 4
1770386329.3755 0 'robobot/drive/T0/mvel' 1770386329.3754 0.222 0.242
1770386329.3788 0 'robobot/drive/T0/pose' 1770386329.3788 88.8600 0.019 0.000 0.0069 -3.0691
1770386329.3800 0 'robobot/drive/T0/gyro' 1770386329.3799 4.555359 5.661011 8.712830 88.862
1770386329.3801 0 'robobot/drive/T0/acc' 1770386329.3800 0.261719 0.112061 1.173340 88.862
1770386329.3822 0 'robobot/drive/T0/vel' 1770386329.3822 88.8640 0.220 0.248 0.1222 0.220 4
1770386329.3828 0 'robobot/drive/T0/mvel' 1770386329.3828 0.220 0.248
1770386329.3844 0 'robobot/drive/T0/pose' 1770386329.3843 88.8650 0.021 0.000 0.0081 -3.0677
1770386329.3844 0 'robobot/drive/T0/livn' 1770386329.3844 374 368 372 368 360 357 356 347 5
1770386329.3845 0 'robobot/drive/T0/ird' 1770386329.3844 0.635 1.343 4252 2794 1
1770386329.3888 0 'robobot/drive/T0/pose' 1770386329.3887 88.8700 0.022 0.000 0.0093 -3.0665
1770386329.3909 0 'robobot/drive/T0/vel' 1770386329.3909 88.8720 0.222 0.254 0.1396 0.222 4
1770386329.3913 0 'robobot/drive/T0/mvel' 1770386329.3913 0.222 0.254
1770386329.3921 0 'robobot/drive/T0/gyro' 1770386329.3920 -0.388489 4.257202 8.285583 88.874
1770386329.3921 0 'robobot/drive/T0/acc' 1770386329.3921 0.213135 0.064941 0.817383 88.874
1770386329.3943 0 'robobot/drive/T0/pose' 1770386329.3942 88.8750 0.023 0.000 0.0104 -3.0652
1770386329.3944 0 'robobot/drive/T0/livn' 1770386329.3943 395 382 384 375 368 358 347 345 5
1770386329.3987 0 'robobot/drive/T0/vel' 1770386329.3986 88.8800 0.239 0.258 0.0808 0.239 4
1770386329.3987 0 'robobot/drive/T0/pose' 1770386329.3987 88.8800 0.024 0.000 0.0104 -3.0646
1770386329.3988 0 'robobot/drive/T0/liv' 1770386329.3987 291 335 354 285 323 344 313 240 25
1770386329.3988 0 'robobot/drive/T0/mot' 1770386329.3988 3 2.5 0.1 0.1 0
1770386329.3989 0 'robobot/drive/T0/mca' 1770386329.3988 0.770 0.478 17
1770386329.3997 0 'robobot/drive/T0/mvel' 1770386329.3997 0.239 0.258
1770386329.4042 0 'robobot/drive/T0/pose' 1770386329.4041 88.8850 0.026 0.000 0.0104 -3.0642
1770386329.4042 0 'robobot/drive/T0/livn' 1770386329.4042 393 375 376 367 369 356 352 350 5
1770386329.4043 0 'robobot/drive/T0/gyro' 1770386329.4042 3.639832 0.106812 5.111755 88.886
1770386329.4043 0 'robobot/drive/T0/acc' 1770386329.4043 0.213867 0.103271 1.162598 88.886
1770386329.4065 0 'robobot/drive/T0/vel' 1770386329.4064 88.8880 0.255 0.268 0.0570 0.255 4
1770386329.4071 0 'robobot/drive/T0/mvel' 1770386329.4071 0.255 0.268
1770386329.4086 0 'robobot/drive/T0/pose' 1770386329.4086 88.8900 0.027 0.000 0.0104 -3.0638
1770386329.4087 0 'robobot/drive/T0/ird' 1770386329.4086 0.641 1.243 4228 2899 1
1770386329.4140 0 'robobot/drive/T0/pose' 1770386329.4139 88.8950 0.029 0.000 0.0104 -3.0632
1770386329.4140 0 'robobot/drive/T0/livn' 1770386329.4140 387 380 399 371 363 358 365 367 5
1770386329.4151 0 'robobot/drive/T0/vel' 1770386329.4151 88.8960 0.263 0.272 0.0426 0.263 4
1770386329.4155 0 'robobot/drive/T0/mvel' 1770386329.4155 0.263 0.272
1770386329.4162 0 'robobot/drive/T0/gyro' 1770386329.4161 -2.036438 2.273560 1.327576 88.898
1770386329.4162 0 'robobot/drive/T0/acc' 1770386329.4162 0.203613 0.095947 0.989990 88.898
1770386329.4194 0 'robobot/drive/T0/pose' 1770386329.4193 88.9000 0.030 0.000 0.0104 -3.0627
1770386329.4226 0 'robobot/drive/T0/vel' 1770386329.4225 88.9040 0.266 0.275 0.0377 0.266 4
1770386329.4229 0 'robobot/drive/T0/mvel' 1770386329.4228 0.266 0.275
1770386329.4237 0 'robobot/drive/T0/pose' 1770386329.4236 88.9050 0.031 0.000 0.0104 -3.0618
1770386329.4237 0 'robobot/drive/T0/livn' 1770386329.4237 376 366 376 365 358 351 369 371 5
1770386329.4280 0 'robobot/drive/T0/gyro' 1770386329.4280 -0.907288 1.998901 -1.205383 88.910
1770386329.4280 0 'robobot/drive/T0/acc' 1770386329.4280 0.063477 0.022461 0.944824 88.910
1770386329.4292 0 'robobot/drive/T0/pose' 1770386329.4291 88.9100 0.032 0.000 0.0104 -3.0617
1770386329.4303 0 'robobot/drive/T0/vel' 1770386329.4302 88.9120 0.263 0.271 0.0344 0.263 4
1770386329.4313 0 'robobot/drive/T0/mvel' 1770386329.4313 0.263 0.271
1770386329.4324 0 'robobot/drive/T0/mot' 1770386329.4323 2.7 2.3 0.1 0.1 0
1770386329.4324 0 'robobot/drive/T0/mca' 1770386329.4324 0.562 0.338 16
1770386329.4335 0 'robobot/drive/T0/pose' 1770386329.4335 88.9150 0.034 0.000 0.0116 -3.0613
1770386329.4335 0 'robobot/drive/T0/livn' 1770386329.4335 391 377 372 370 370 366 367 353 5
1770386329.4346 0 'robobot/drive/T0/ird' 1770386329.4346 0.626 1.058 4294 3146 1
1770386329.4389 0 'robobot/drive/T0/vel' 1770386329.4389 88.9200 0.277 0.276 -0.0023 0.277 4
1770386329.4390 0 'robobot/drive/T0/pose' 1770386329.4389 88.9200 0.035 0.000 0.0116 -3.0610
1770386329.4397 0 'robobot/drive/T0/mvel' 1770386329.4397 0.277 0.276
1770386329.4401 0 'robobot/drive/T0/gyro' 1770386329.4400 -0.907288 2.670288 -3.189026 88.922
1770386329.4401 0 'robobot/drive/T0/acc' 1770386329.4401 0.070801 0.034424 0.958984 88.922
1770386329.4443 0 'robobot/drive/T0/pose' 1770386329.4443 88.9250 0.037 0.000 0.0104 -3.0608
1770386329.4444 0 'robobot/drive/T0/livn' 1770386329.4443 393 379 377 372 375 360 359 355 5
1770386329.4465 0 'robobot/drive/T0/vel' 1770386329.4465 88.9280 0.286 0.275 -0.0485 0.286 4
1770386329.4470 0 'robobot/drive/T0/mvel' 1770386329.4470 0.286 0.275
1770386329.4487 0 'robobot/drive/T0/pose' 1770386329.4486 88.9300 0.038 0.000 0.0104 -3.0604
1770386329.4487 0 'robobot/drive/T0/liv' 1770386329.4487 294 336 360 286 327 346 325 246 25
1770386329.4519 0 'robobot/drive/T0/gyro' 1770386329.4519 -3.684387 -1.235962 -6.668030 88.934
1770386329.4520 0 'robobot/drive/T0/acc' 1770386329.4519 0.119141 0.061279 0.950195 88.934
1770386329.4542 0 'robobot/drive/T0/pose' 1770386329.4541 88.9350 0.040 0.000 0.0093 -3.0603
1770386329.4542 0 'robobot/drive/T0/livn' 1770386329.4542 385 381 376 371 369 373 362 355 5
1770386329.4542 0 'robobot/drive/T0/vel' 1770386329.4542 88.9360 0.292 0.274 -0.0771 0.292 4
1770386329.4544 0 'robobot/drive/T0/mvel' 1770386329.4544 0.292 0.274
1770386329.4585 0 'robobot/drive/T0/pose' 1770386329.4585 88.9400 0.041 0.000 0.0093 -3.0604
1770386329.4596 0 'robobot/drive/T0/ird' 1770386329.4596 0.609 1.008 4369 3229 1
1770386329.4628 0 'robobot/drive/T0/vel' 1770386329.4628 88.9440 0.289 0.275 -0.0607 0.289 4
1770386329.4628 0 'robobot/drive/T0/mvel' 1770386329.4628 0.289 0.275
1770386329.4639 0 'robobot/drive/T0/pose' 1770386329.4639 88.9450 0.042 0.000 0.0104 -3.0602
1770386329.4640 0 'robobot/drive/T0/livn' 1770386329.4639 389 381 372 345 352 362 367 362 5
1770386329.4640 0 'robobot/drive/T0/gyro' 1770386329.4640 -1.578674 1.449585 -8.590637 88.946
1770386329.4641 0 'robobot/drive/T0/acc' 1770386329.4640 0.085449 0.024902 0.856445 88.946
1770386329.4652 0 'robobot/drive/T0/mot' 1770386329.4651 2.3 2.1 0.1 0.1 0
1770386329.4652 0 'robobot/drive/T0/mca' 1770386329.4652 0.387 0.266 17
1770386329.4684 0 'robobot/drive/T0/pose' 1770386329.4684 88.9500 0.044 0.000 0.0093 -3.0602
1770386329.4706 0 'robobot/drive/T0/vel' 1770386329.4705 88.9520 0.291 0.276 -0.0638 0.291 4
1770386329.4715 0 'robobot/drive/T0/mvel' 1770386329.4714 0.291 0.276
1770386329.4738 0 'robobot/drive/T0/pose' 1770386329.4737 88.9550 0.045 0.000 0.0081 -3.0602
1770386329.4738 0 'robobot/drive/T0/livn' 1770386329.4738 388 378 370 369 375 360 357 344 5
1770386329.4760 0 'robobot/drive/T0/gyro' 1770386329.4759 -3.714905 0.473022 -10.421692 88.958
1770386329.4760 0 'robobot/drive/T0/acc' 1770386329.4760 0.103760 0.041992 0.906494 88.958
1770386329.4782 0 'robobot/drive/T0/vel' 1770386329.4781 88.9600 0.299 0.270 -0.1290 0.299 4
1770386329.4788 0 'robobot/drive/T0/mvel' 1770386329.4788 0.299 0.270
1770386329.4793 0 'robobot/drive/T0/pose' 1770386329.4792 88.9600 0.046 0.000 0.0081 -3.0602
1770386329.4835 0 'robobot/drive/T0/pose' 1770386329.4835 88.9650 0.048 0.000 0.0069 -3.0603
1770386329.4836 0 'robobot/drive/T0/livn' 1770386329.4835 384 386 381 377 368 361 371 346 5
1770386329.4836 0 'robobot/drive/T0/ird' 1770386329.4836 0.604 0.902 4396 3434 1
1770386329.4868 0 'robobot/drive/T0/vel' 1770386329.4868 88.9680 0.305 0.271 -0.1475 0.305 4
1770386329.4873 0 'robobot/drive/T0/mvel' 1770386329.4873 0.305 0.271
1770386329.4879 0 'robobot/drive/T0/gyro' 1770386329.4879 -0.083313 -0.900269 -13.900696 88.970
1770386329.4880 0 'robobot/drive/T0/acc' 1770386329.4879 0.046143 -0.008789 1.047363 88.970
1770386329.4891 0 'robobot/drive/T0/pose' 1770386329.4890 88.9700 0.049 0.000 0.0058 -3.0604
1770386329.4944 0 'robobot/drive/T0/pose' 1770386329.4943 88.9750 0.051 0.000 0.0058 -3.0607
1770386329.4944 0 'robobot/drive/T0/livn' 1770386329.4944 384 386 383 362 368 367 362 354 5
1770386329.4945 0 'robobot/drive/T0/vel' 1770386329.4944 88.9760 0.297 0.275 -0.0915 0.297 4
1770386329.4947 0 'robobot/drive/T0/mvel' 1770386329.4946 0.297 0.275
1770386329.4977 0 'robobot/drive/T0/mot' 1770386329.4977 2.1 2 0.1 0.1 0
1770386329.4977 0 'robobot/drive/T0/mca' 1770386329.4977 0.227 0.231 16
1770386329.4988 0 'robobot/drive/T0/pose' 1770386329.4988 88.9800 0.052 0.000 0.0058 -3.0608
1770386329.4989 0 'robobot/drive/T0/liv' 1770386329.4988 293 342 356 278 325 352 326 240 25
1770386329.5000 0 'robobot/drive/T0/gyro' 1770386329.4999 -1.273499 -0.015259 -16.189514 88.982
1770386329.5000 0 'robobot/drive/T0/acc' 1770386329.5000 -0.000488 -0.039551 0.995361 88.982
1770386329.5022 0 'robobot/drive/T0/vel' 1770386329.5021 88.9840 0.291 0.274 -0.0702 0.291 4
1770386329.5031 0 'robobot/drive/T0/mvel' 1770386329.5031 0.291 0.274
1770386329.5043 0 'robobot/drive/T0/pose' 1770386329.5043 88.9850 0.054 0.000 0.0058 -3.0610
1770386329.5044 0 'robobot/drive/T0/livn' 1770386329.5043 388 391 368 355 371 382 362 357 5
1770386329.5086 0 'robobot/drive/T0/pose' 1770386329.5086 88.9900 0.055 0.000 0.0035 -3.0609
1770386329.5087 0 'robobot/drive/T0/ird' 1770386329.5087 0.592 0.788 4455 3716 1
1770386329.5109 0 'robobot/drive/T0/vel' 1770386329.5108 88.9920 0.291 0.263 -0.1224 0.291 4
1770386329.5115 0 'robobot/drive/T0/mvel' 1770386329.5115 0.291 0.263
1770386329.5120 0 'robobot/drive/T0/gyro' 1770386329.5119 0.313416 3.097534 -18.020569 88.994
1770386329.5120 0 'robobot/drive/T0/acc' 1770386329.5120 0.029053 -0.020508 1.087158 88.994
1770386329.5142 0 'robobot/drive/T0/pose' 1770386329.5141 88.9950 0.057 0.000 0.0035 -3.0609
1770386329.5142 0 'robobot/drive/T0/livn' 1770386329.5142 402 382 371 366 368 361 351 354 5
1770386329.5185 0 'robobot/drive/T0/vel' 1770386329.5185 89.0000 0.292 0.259 -0.1450 0.292 4
1770386329.5186 0 'robobot/drive/T0/pose' 1770386329.5185 89.0000 0.058 0.000 0.0035 -3.0609
1770386329.5189 0 'robobot/drive/T0/mvel' 1770386329.5189 0.292 0.259
1770386329.5239 0 'robobot/drive/T0/pose' 1770386329.5238 89.0050 0.059 0.000 0.0023 -3.0612
1770386329.5239 0 'robobot/drive/T0/livn' 1770386329.5239 373 384 382 376 373 356 333 358 5
1770386329.5240 0 'robobot/drive/T0/gyro' 1770386329.5239 0.099792 -1.541138 -20.523010 89.006
1770386329.5240 0 'robobot/drive/T0/acc' 1770386329.5240 -0.003174 -0.037109 0.834961 89.006
1770386329.5262 0 'robobot/drive/T0/vel' 1770386329.5261 89.0080 0.289 0.266 -0.1007 0.289 4
1770386329.5263 0 'robobot/drive/T0/mvel' 1770386329.5263 0.289 0.266
1770386329.5294 0 'robobot/drive/T0/pose' 1770386329.5293 89.0100 0.060 0.000 0.0023 -3.0615
1770386329.5305 0 'robobot/drive/T0/mot' 1770386329.5304 1.9 2 0.1 0.1 0
1770386329.5315 0 'robobot/drive/T0/mca' 1770386329.5315 0.167 0.222 17
1770386329.5340 0 'robobot/drive/T0/pose' 1770386329.5339 89.0150 0.062 0.000 0.0012 -3.0623
1770386329.5341 0 'robobot/drive/T0/livn' 1770386329.5340 394 394 379 378 361 350 362 366 5
1770386329.5341 0 'robobot/drive/T0/ird' 1770386329.5341 0.586 0.778 4483 3745 1
1770386329.5342 0 'robobot/drive/T0/vel' 1770386329.5341 89.0160 0.282 0.267 -0.0656 0.282 4
1770386329.5352 0 'robobot/drive/T0/mvel' 1770386329.5352 0.282 0.267
1770386329.5364 0 'robobot/drive/T0/gyro' 1770386329.5363 -3.562317 -5.966187 -19.912659 89.018
1770386329.5364 0 'robobot/drive/T0/acc' 1770386329.5364 0.034912 0.007080 1.095947 89.018
1770386329.5395 0 'robobot/drive/T0/pose' 1770386329.5394 89.0200 0.063 0.000 0.0012 -3.0629
1770386329.5428 0 'robobot/drive/T0/vel' 1770386329.5426 89.0240 0.283 0.264 -0.0826 0.283 4
1770386329.5436 0 'robobot/drive/T0/mvel' 1770386329.5436 0.283 0.264
1770386329.5439 0 'robobot/drive/T0/pose' 1770386329.5438 89.0250 0.065 0.000 0.0012 -3.0633
1770386329.5440 0 'robobot/drive/T0/livn' 1770386329.5439 373 364 373 370 363 351 350 365 5
1770386329.5461 0 'robobot/drive/T0/hbt' 1770386329.5460 89.0280 107 1033 11.72 4 8 9.0 0.80 0
1770386329.5482 0 'robobot/drive/T0/gyro' 1770386329.5482 -2.860413 1.541138 -20.675598 89.030
1770386329.5483 0 'robobot/drive/T0/acc' 1770386329.5482 -0.006592 0.018799 0.987793 89.030
1770386329.5494 0 'robobot/drive/T0/liv' 1770386329.5494 294 341 356 285 325 345 315 246 25
1770386329.5494 0 'robobot/drive/T0/pose' 1770386329.5494 89.0300 0.066 0.000 0.0012 -3.0636
1770386329.5506 0 'robobot/drive/T0/vel' 1770386329.5505 89.0320 0.286 0.261 -0.1064 0.286 4
1770386329.5510 0 'robobot/drive/T0/mvel' 1770386329.5510 0.286 0.261
1770386329.5538 0 'robobot/drive/T0/pose' 1770386329.5537 89.0350 0.068 0.000 -0.0000 -3.0639
1770386329.5538 0 'robobot/drive/T0/livn' 1770386329.5538 401 377 374 365 365 358 354 355 5
1770386329.5591 0 'robobot/drive/T0/vel' 1770386329.5591 89.0400 0.284 0.261 -0.0985 0.284 4
1770386329.5592 0 'robobot/drive/T0/pose' 1770386329.5591 89.0400 0.069 0.000 -0.0000 -3.0641
1770386329.5592 0 'robobot/drive/T0/ird' 1770386329.5592 0.577 0.759 4533 3801 1
1770386329.5595 0 'robobot/drive/T0/mvel' 1770386329.5595 0.284 0.261
1770386329.5603 0 'robobot/drive/T0/gyro' 1770386329.5603 -0.083313 -3.524780 -19.607483 89.042
1770386329.5604 0 'robobot/drive/T0/acc' 1770386329.5603 -0.046387 -0.023926 0.790039 89.042
1770386329.5636 0 'robobot/drive/T0/pose' 1770386329.5636 89.0450 0.070 0.000 -0.0012 -3.0649
1770386329.5636 0 'robobot/drive/T0/livn' 1770386329.5636 377 372 372 367 358 358 357 360 5
1770386329.5637 0 'robobot/drive/T0/mot' 1770386329.5636 1.8 2 0.1 0.1 0
1770386329.5637 0 'robobot/drive/T0/mca' 1770386329.5637 0.136 0.213 16
1770386329.5669 0 'robobot/drive/T0/vel' 1770386329.5669 89.0480 0.281 0.260 -0.0922 0.281 4
1770386329.5679 0 'robobot/drive/T0/mvel' 1770386329.5679 0.281 0.260
1770386329.5691 0 'robobot/drive/T0/pose' 1770386329.5690 89.0500 0.071 0.000 -0.0012 -3.0655
1770386329.5723 0 'robobot/drive/T0/gyro' 1770386329.5722 -1.029358 1.022339 -18.997131 89.054
1770386329.5723 0 'robobot/drive/T0/acc' 1770386329.5723 -0.035645 -0.043701 1.232422 89.054
1770386329.5734 0 'robobot/drive/T0/pose' 1770386329.5734 89.0550 0.073 0.000 -0.0023 -3.0660
1770386329.5735 0 'robobot/drive/T0/livn' 1770386329.5734 379 383 380 365 362 357 356 354 5
1770386329.5746 0 'robobot/drive/T0/vel' 1770386329.5745 89.0560 0.286 0.262 -0.1032 0.286 4
1770386329.5753 0 'robobot/drive/T0/mvel' 1770386329.5753 0.286 0.262
1770386329.5788 0 'robobot/drive/T0/pose' 1770386329.5788 89.0600 0.074 0.000 -0.0035 -3.0662
1770386329.5831 0 'robobot/drive/T0/vel' 1770386329.5830 89.0640 0.295 0.254 -0.1803 0.295 4
1770386329.5837 0 'robobot/drive/T0/mvel' 1770386329.5837 0.295 0.254
1770386329.5842 0 'robobot/drive/T0/pose' 1770386329.5841 89.0660 0.076 0.000 -0.0046 -3.0664
1770386329.5842 0 'robobot/drive/T0/livn' 1770386329.5842 378 384 379 359 351 362 362 352 5
1770386329.5843 0 'robobot/drive/T0/gyro' 1770386329.5842 -3.074036 1.907349 -17.776428 89.066
1770386329.5843 0 'robobot/drive/T0/acc' 1770386329.5843 0.006104 -0.097900 1.012939 89.066
1770386329.5844 0 'robobot/drive/T0/ird' 1770386329.5843 0.593 0.730 4451 3894 1
1770386329.5886 0 'robobot/drive/T0/pose' 1770386329.5886 89.0710 0.077 0.000 -0.0046 -3.0667
1770386329.5908 0 'robobot/drive/T0/vel' 1770386329.5907 89.0720 0.301 0.249 -0.2254 0.301 4
1770386329.5911 0 'robobot/drive/T0/mvel' 1770386329.5911 0.301 0.249
1770386329.5940 0 'robobot/drive/T0/pose' 1770386329.5939 89.0760 0.078 0.000 -0.0069 -3.0672
1770386329.5940 0 'robobot/drive/T0/livn' 1770386329.5940 383 380 382 376 365 355 355 364 5
1770386329.5962 0 'robobot/drive/T0/gyro' 1770386329.5961 -0.937805 0.259399 -16.250549 89.078
1770386329.5962 0 'robobot/drive/T0/acc' 1770386329.5962 -0.027344 -0.088135 0.913818 89.078
1770386329.5973 0 'robobot/drive/T0/mot' 1770386329.5973 1.5 2 0.1 0.1 0
1770386329.5973 0 'robobot/drive/T0/mca' 1770386329.5973 0.096 0.227 17
1770386329.5984 0 'robobot/drive/T0/vel' 1770386329.5984 89.0800 0.300 0.253 -0.2042 0.300 4
1770386329.5985 0 'robobot/drive/T0/liv' 1770386329.5984 290 337 358 284 321 344 320 243 25
1770386329.5985 0 'robobot/drive/T0/mvel' 1770386329.5985 0.300 0.253
1770386329.5996 0 'robobot/drive/T0/pose' 1770386329.5995 89.0810 0.080 0.000 -0.0081 -3.0677
1770386329.6039 0 'robobot/drive/T0/livn' 1770386329.6038 383 378 377 381 370 352 355 356 5
1770386329.6039 0 'robobot/drive/T0/pose' 1770386329.6039 89.0860 0.081 0.000 -0.0081 -3.0679
1770386329.6071 0 'robobot/drive/T0/vel' 1770386329.6071 89.0880 0.300 0.259 -0.1765 0.300 4
1770386329.6080 0 'robobot/drive/T0/mvel' 1770386329.6080 0.300 0.259
1770386329.6082 0 'robobot/drive/T0/gyro' 1770386329.6082 -0.449524 2.120972 -15.640198 89.090
1770386329.6083 0 'robobot/drive/T0/acc' 1770386329.6082 0.019531 -0.095459 1.037598 89.090
1770386329.6093 0 'robobot/drive/T0/pose' 1770386329.6093 89.0910 0.083 0.000 -0.0093 -3.0681
1770386329.6094 0 'robobot/drive/T0/ird' 1770386329.6093 0.571 0.661 4563 4144 1
1770386329.6136 0 'robobot/drive/T0/livn' 1770386329.6136 384 386 393 388 361 356 356 352 5
1770386329.6137 0 'robobot/drive/T0/pose' 1770386329.6136 89.0960 0.084 0.000 -0.0093 -3.0681
1770386329.6148 0 'robobot/drive/T0/vel' 1770386329.6147 89.0960 0.294 0.255 -0.1708 0.294 4
1770386329.6154 0 'robobot/drive/T0/mvel' 1770386329.6153 0.294 0.255
1770386329.6190 0 'robobot/drive/T0/pose' 1770386329.6190 89.1010 0.086 0.000 -0.0116 -3.0682
1770386329.6202 0 'robobot/drive/T0/gyro' 1770386329.6201 0.404968 2.487183 -14.572083 89.102
1770386329.6202 0 'robobot/drive/T0/acc' 1770386329.6202 -0.020264 -0.062256 1.011963 89.102
1770386329.6224 0 'robobot/drive/T0/vel' 1770386329.6223 89.1040 0.289 0.248 -0.1805 0.289 4
1770386329.6227 0 'robobot/drive/T0/mvel' 1770386329.6227 0.289 0.248
1770386329.6235 0 'robobot/drive/T0/livn' 1770386329.6234 398 373 378 373 379 366 350 340 5
1770386329.6246 0 'robobot/drive/T0/pose' 1770386329.6245 89.1060 0.087 0.000 -0.0116 -3.0684
1770386329.6288 0 'robobot/drive/T0/pose' 1770386329.6288 89.1110 0.088 0.000 -0.0116 -3.0690
1770386329.6299 0 'robobot/drive/T0/mot' 1770386329.6299 1.4 2 0.1 0.1 0
1770386329.6300 0 'robobot/drive/T0/mca' 1770386329.6299 0.063 0.239 16
1770386329.6311 0 'robobot/drive/T0/vel' 1770386329.6310 89.1120 0.285 0.254 -0.1352 0.285 4
1770386329.6312 0 'robobot/drive/T0/mvel' 1770386329.6312 0.285 0.254
1770386329.6322 0 'robobot/drive/T0/gyro' 1770386329.6321 -0.419006 -0.350952 -11.794983 89.114
1770386329.6322 0 'robobot/drive/T0/acc' 1770386329.6322 -0.015869 -0.082275 0.925293 89.114
1770386329.6344 0 'robobot/drive/T0/livn' 1770386329.6343 386 379 380 382 383 361 352 347 5
1770386329.6344 0 'robobot/drive/T0/pose' 1770386329.6344 89.1160 0.090 0.000 -0.0127 -3.0694
1770386329.6345 0 'robobot/drive/T0/ird' 1770386329.6344 0.546 0.715 4706 3944 1
1770386329.6387 0 'robobot/drive/T0/vel' 1770386329.6387 89.1200 0.290 0.258 -0.1371 0.290 4
1770386329.6388 0 'robobot/drive/T0/pose' 1770386329.6387 89.1210 0.091 0.000 -0.0127 -3.0703
1770386329.6396 0 'robobot/drive/T0/mvel' 1770386329.6396 0.290 0.258
1770386329.6441 0 'robobot/drive/T0/livn' 1770386329.6440 388 383 380 390 372 361 357 352 5
1770386329.6441 0 'robobot/drive/T0/gyro' 1770386329.6441 1.686707 -3.036499 -9.597717 89.126
1770386329.6442 0 'robobot/drive/T0/acc' 1770386329.6441 -0.020996 -0.041504 1.007324 89.126
1770386329.6442 0 'robobot/drive/T0/pose' 1770386329.6442 89.1260 0.092 0.000 -0.0139 -3.0708
1770386329.6464 0 'robobot/drive/T0/vel' 1770386329.6463 89.1280 0.285 0.259 -0.1156 0.285 4
1770386329.6470 0 'robobot/drive/T0/mvel' 1770386329.6470 0.285 0.259
1770386329.6485 0 'robobot/drive/T0/liv' 1770386329.6485 296 341 365 296 332 345 317 238 25
1770386329.6486 0 'robobot/drive/T0/pose' 1770386329.6485 89.1310 0.094 0.000 -0.0150 -3.0715
1770386329.6539 0 'robobot/drive/T0/livn' 1770386329.6538 401 391 391 389 374 357 359 357 5
1770386329.6539 0 'robobot/drive/T0/pose' 1770386329.6539 89.1360 0.095 0.000 -0.0150 -3.0719
1770386329.6550 0 'robobot/drive/T0/vel' 1770386329.6550 89.1360 0.279 0.252 -0.1140 0.279 4
1770386329.6554 0 'robobot/drive/T0/mvel' 1770386329.6554 0.279 0.252
1770386329.6562 0 'robobot/drive/T0/gyro' 1770386329.6561 -0.235901 1.724243 -7.797180 89.138
1770386329.6562 0 'robobot/drive/T0/acc' 1770386329.6562 -0.008789 -0.047119 1.061035 89.138
1770386329.6594 0 'robobot/drive/T0/pose' 1770386329.6594 89.1410 0.096 0.000 -0.0150 -3.0723
1770386329.6594 0 'robobot/drive/T0/ird' 1770386329.6594 0.533 0.742 4783 3854 1
1770386329.6627 0 'robobot/drive/T0/vel' 1770386329.6626 89.1440 0.273 0.252 -0.0873 0.273 4
1770386329.6627 0 'robobot/drive/T0/mot' 1770386329.6627 1.3 2 0.1 0.1 0
1770386329.6627 0 'robobot/drive/T0/mca' 1770386329.6627 0.062 0.219 17
1770386329.6628 0 'robobot/drive/T0/mvel' 1770386329.6628 0.273 0.252
1770386329.6638 0 'robobot/drive/T0/livn' 1770386329.6638 389 384 394 390 370 354 359 362 5
1770386329.6639 0 'robobot/drive/T0/pose' 1770386329.6638 89.1460 0.097 0.000 -0.0162 -3.0725
1770386329.6681 0 'robobot/drive/T0/gyro' 1770386329.6680 0.069275 -0.808716 -6.545959 89.150
1770386329.6681 0 'robobot/drive/T0/acc' 1770386329.6681 -0.021973 -0.025879 0.969971 89.150
1770386329.6692 0 'robobot/drive/T0/pose' 1770386329.6691 89.1510 0.099 0.000 -0.0162 -3.0730
1770386329.6703 0 'robobot/drive/T0/vel' 1770386329.6703 89.1520 0.269 0.253 -0.0676 0.269 4
1770386329.6713 0 'robobot/drive/T0/mvel' 1770386329.6713 0.269 0.253
1770386329.6735 0 'robobot/drive/T0/livn' 1770386329.6735 398 386 394 385 370 360 349 346 5
1770386329.6746 0 'robobot/drive/T0/pose' 1770386329.6746 89.1560 0.100 0.000 -0.0162 -3.0735
1770386329.6789 0 'robobot/drive/T0/vel' 1770386329.6788 89.1600 0.265 0.254 -0.0447 0.265 4
1770386329.6789 0 'robobot/drive/T0/pose' 1770386329.6789 89.1610 0.102 0.000 -0.0162 -3.0744
1770386329.6798 0 'robobot/drive/T0/mvel' 1770386329.6797 0.265 0.254
1770386329.6800 0 'robobot/drive/T0/gyro' 1770386329.6800 1.595154 -2.578735 -4.287659 89.162
1770386329.6801 0 'robobot/drive/T0/acc' 1770386329.6800 -0.061768 -0.081055 0.921143 89.162
1770386329.6843 0 'robobot/drive/T0/livn' 1770386329.6843 385 384 386 381 371 360 357 356 5
1770386329.6844 0 'robobot/drive/T0/pose' 1770386329.6843 89.1660 0.103 0.000 -0.0173 -3.0749
1770386329.6844 0 'robobot/drive/T0/ird' 1770386329.6844 0.525 0.748 4835 3836 1
1770386329.6866 0 'robobot/drive/T0/vel' 1770386329.6865 89.1680 0.266 0.253 -0.0550 0.266 4
1770386329.6871 0 'robobot/drive/T0/mvel' 1770386329.6871 0.266 0.253
1770386329.6887 0 'robobot/drive/T0/pose' 1770386329.6887 89.1710 0.104 0.000 -0.0173 -3.0753
1770386329.6919 0 'robobot/drive/T0/gyro' 1770386329.6919 1.045837 1.632690 -3.921448 89.174
1770386329.6920 0 'robobot/drive/T0/acc' 1770386329.6919 0.010254 -0.006104 1.049805 89.174
1770386329.6941 0 'robobot/drive/T0/livn' 1770386329.6940 391 383 391 389 371 358 350 347 5
1770386329.6941 0 'robobot/drive/T0/pose' 1770386329.6941 89.1760 0.105 0.000 -0.0173 -3.0755
1770386329.6942 0 'robobot/drive/T0/vel' 1770386329.6941 89.1760 0.260 0.252 -0.0344 0.260 4
1770386329.6946 0 'robobot/drive/T0/mvel' 1770386329.6945 0.260 0.252
1770386329.6963 0 'robobot/drive/T0/mot' 1770386329.6963 1.3 2 0.1 0.1 0
1770386329.6963 0 'robobot/drive/T0/mca' 1770386329.6963 0.072 0.227 16
1770386329.6985 0 'robobot/drive/T0/liv' 1770386329.6984 297 343 369 297 329 347 319 240 25
1770386329.6996 0 'robobot/drive/T0/pose' 1770386329.6995 89.1810 0.107 -0.000 -0.0173 -3.0757
1770386329.7028 0 'robobot/drive/T0/vel' 1770386329.7027 89.1840 0.256 0.251 -0.0214 0.256 4
1770386329.7030 0 'robobot/drive/T0/mvel' 1770386329.7030 0.256 0.251
1770386329.7039 0 'robobot/drive/T0/livn' 1770386329.7038 390 382 383 358 369 372 366 343 5
1770386329.7039 0 'robobot/drive/T0/gyro' 1770386329.7039 2.998962 0.259399 -2.944885 89.186
1770386329.7040 0 'robobot/drive/T0/acc' 1770386329.7039 0.067383 -0.040039 1.004883 89.186
1770386329.7040 0 'robobot/drive/T0/pose' 1770386329.7040 89.1860 0.108 -0.000 -0.0173 -3.0759
1770386329.7093 0 'robobot/drive/T0/pose' 1770386329.7093 89.1910 0.109 -0.000 -0.0173 -3.0764
1770386329.7094 0 'robobot/drive/T0/ird' 1770386329.7093 0.519 0.761 4871 3793 1
1770386329.7105 0 'robobot/drive/T0/vel' 1770386329.7104 89.1920 0.254 0.249 -0.0223 0.254 4
1770386329.7115 0 'robobot/drive/T0/mvel' 1770386329.7114 0.254 0.249
1770386329.7137 0 'robobot/drive/T0/livn' 1770386329.7136 387 381 384 377 374 360 354 347 5
1770386329.7148 0 'robobot/drive/T0/pose' 1770386329.7147 89.1960 0.110 -0.000 -0.0173 -3.0766
1770386329.7159 0 'robobot/drive/T0/gyro' 1770386329.7159 -0.602112 -0.411987 -1.174866 89.198
1770386329.7160 0 'robobot/drive/T0/acc' 1770386329.7159 -0.036865 -0.082275 0.998047 89.198
1770386329.7192 0 'robobot/drive/T0/vel' 1770386329.7191 89.2000 0.253 0.252 -0.0049 0.253 4
1770386329.7192 0 'robobot/drive/T0/pose' 1770386329.7192 89.2010 0.112 -0.000 -0.0185 -3.0769
1770386329.7199 0 'robobot/drive/T0/mvel' 1770386329.7199 0.253 0.252
1770386329.7235 0 'robobot/drive/T0/livn' 1770386329.7234 377 378 382 377 372 363 357 346 5
1770386329.7246 0 'robobot/drive/T0/pose' 1770386329.7245 89.2060 0.113 -0.000 -0.0173 -3.0773
1770386329.7267 0 'robobot/drive/T0/vel' 1770386329.7267 89.2080 0.249 0.249 0.0004 0.249 4
1770386329.7273 0 'robobot/drive/T0/mvel' 1770386329.7273 0.249 0.249
1770386329.7278 0 'robobot/drive/T0/gyro' 1770386329.7278 1.839294 0.717163 -0.259338 89.210
1770386329.7279 0 'robobot/drive/T0/acc' 1770386329.7278 -0.029785 -0.021484 1.020508 89.210
1770386329.7290 0 'robobot/drive/T0/mot' 1770386329.7290 1.4 2 0.1 0.1 0
1770386329.7290 0 'robobot/drive/T0/mca' 1770386329.7290 0.086 0.231 17
1770386329.7291 0 'robobot/drive/T0/pose' 1770386329.7290 89.2110 0.114 -0.000 -0.0173 -3.0777
1770386329.7344 0 'robobot/drive/T0/livn' 1770386329.7343 371 381 388 382 367 362 359 341 5
1770386329.7344 0 'robobot/drive/T0/pose' 1770386329.7344 89.2160 0.115 -0.000 -0.0185 -3.0779
1770386329.7345 0 'robobot/drive/T0/ird' 1770386329.7345 0.508 0.732 4945 3885 1
1770386329.7345 0 'robobot/drive/T0/vel' 1770386329.7345 89.2160 0.246 0.251 0.0206 0.246 4
1770386329.7351 0 'robobot/drive/T0/mvel' 1770386329.7350 0.246 0.251
1770386329.7400 0 'robobot/drive/T0/pose' 1770386329.7399 89.2210 0.117 -0.000 -0.0173 -3.0783
1770386329.7401 0 'robobot/drive/T0/gyro' 1770386329.7400 -1.212463 1.419067 0.869812 89.222
1770386329.7401 0 'robobot/drive/T0/acc' 1770386329.7401 0.042236 0.015381 1.041016 89.222
1770386329.7427 0 'robobot/drive/T0/vel' 1770386329.7426 89.2240 0.248 0.251 0.0088 0.248 4
1770386329.7436 0 'robobot/drive/T0/mvel' 1770386329.7436 0.248 0.251
1770386329.7438 0 'robobot/drive/T0/livn' 1770386329.7437 381 378 370 368 382 364 354 351 5
1770386329.7449 0 'robobot/drive/T0/pose' 1770386329.7448 89.2260 0.118 -0.000 -0.0173 -3.0785
1770386329.7492 0 'robobot/drive/T0/liv' 1770386329.7491 289 338 360 286 332 350 319 237 25
1770386329.7492 0 'robobot/drive/T0/pose' 1770386329.7492 89.2310 0.119 -0.000 -0.0162 -3.0785
1770386329.7503 0 'robobot/drive/T0/vel' 1770386329.7502 89.2320 0.243 0.250 0.0303 0.243 4
1770386329.7510 0 'robobot/drive/T0/mvel' 1770386329.7510 0.243 0.250
1770386329.7524 0 'robobot/drive/T0/gyro' 1770386329.7524 0.435486 0.900269 2.365173 89.234
1770386329.7525 0 'robobot/drive/T0/acc' 1770386329.7524 -0.019287 -0.028564 1.014404 89.234
1770386329.7536 0 'robobot/drive/T0/livn' 1770386329.7535 377 371 371 374 379 360 350 360 5
1770386329.7547 0 'robobot/drive/T0/pose' 1770386329.7546 89.2360 0.120 -0.000 -0.0173 -3.0787
1770386329.7590 0 'robobot/drive/T0/vel' 1770386329.7589 89.2400 0.237 0.245 0.0325 0.237 4
1770386329.7595 0 'robobot/drive/T0/mvel' 1770386329.7594 0.237 0.245
1770386329.7601 0 'robobot/drive/T0/pose' 1770386329.7600 89.2410 0.122 -0.000 -0.0162 -3.0789
1770386329.7601 0 'robobot/drive/T0/ird' 1770386329.7601 0.525 0.720 4832 3925 1
1770386329.7623 0 'robobot/drive/T0/mot' 1770386329.7622 1.5 2 0.1 0.1 0
1770386329.7623 0 'robobot/drive/T0/mca' 1770386329.7623 0.094 0.238 16
1770386329.7634 0 'robobot/drive/T0/livn' 1770386329.7633 371 374 377 377 382 362 357 350 5
1770386329.7645 0 'robobot/drive/T0/gyro' 1770386329.7645 -1.120911 -0.656128 2.151550 89.246
1770386329.7645 0 'robobot/drive/T0/acc' 1770386329.7645 0.005859 -0.019775 0.715332 89.246
1770386329.7646 0 'robobot/drive/T0/pose' 1770386329.7645 89.2460 0.122 -0.000 -0.0173 -3.0789
1770386329.7667 0 'robobot/drive/T0/vel' 1770386329.7667 89.2480 0.232 0.246 0.0635 0.232 4
1770386329.7668 0 'robobot/drive/T0/mvel' 1770386329.7668 0.232 0.246
1770386329.7700 0 'robobot/drive/T0/pose' 1770386329.7699 89.2510 0.124 -0.000 -0.0162 -3.0799
1770386329.7742 0 'robobot/drive/T0/livn' 1770386329.7742 384 374 377 375 382 355 355 352 5
1770386329.7743 0 'robobot/drive/T0/pose' 1770386329.7742 89.2560 0.125 -0.000 -0.0162 -3.0805
1770386329.7743 0 'robobot/drive/T0/vel' 1770386329.7743 89.2560 0.240 0.253 0.0553 0.240 4
1770386329.7753 0 'robobot/drive/T0/mvel' 1770386329.7753 0.240 0.253
1770386329.7765 0 'robobot/drive/T0/gyro' 1770386329.7764 0.466003 -4.806519 4.165710 89.258
1770386329.7765 0 'robobot/drive/T0/acc' 1770386329.7765 0.022217 -0.063232 0.957764 89.258
1770386329.7797 0 'robobot/drive/T0/pose' 1770386329.7797 89.2610 0.126 -0.000 -0.0150 -3.0811
1770386329.7829 0 'robobot/drive/T0/vel' 1770386329.7829 89.2640 0.246 0.253 0.0313 0.246 4
1770386329.7838 0 'robobot/drive/T0/mvel' 1770386329.7838 0.246 0.253
1770386329.7840 0 'robobot/drive/T0/livn' 1770386329.7840 380 382 385 375 373 354 365 363 5
1770386329.7851 0 'robobot/drive/T0/pose' 1770386329.7851 89.2660 0.127 -0.000 -0.0162 -3.0815
1770386329.7852 0 'robobot/drive/T0/ird' 1770386329.7852 0.563 0.690 4607 4031 1
1770386329.7884 0 'robobot/drive/T0/gyro' 1770386329.7884 0.099792 0.778198 4.318298 89.270
1770386329.7885 0 'robobot/drive/T0/acc' 1770386329.7884 0.043701 -0.000977 1.150146 89.270
1770386329.7896 0 'robobot/drive/T0/pose' 1770386329.7895 89.2710 0.129 -0.000 -0.0150 -3.0815
1770386329.7907 0 'robobot/drive/T0/vel' 1770386329.7906 89.2720 0.238 0.247 0.0380 0.238 4
1770386329.7912 0 'robobot/drive/T0/mvel' 1770386329.7912 0.238 0.247
1770386329.7939 0 'robobot/drive/T0/livn' 1770386329.7938 369 376 376 374 365 352 355 360 5
1770386329.7950 0 'robobot/drive/T0/pose' 1770386329.7949 89.2760 0.130 -0.000 -0.0150 -3.0813
1770386329.7950 0 'robobot/drive/T0/mot' 1770386329.7950 1.5 2 0.1 0.1 0
1770386329.7951 0 'robobot/drive/T0/mca' 1770386329.7950 0.105 0.244 17
1770386329.7983 0 'robobot/drive/T0/vel' 1770386329.7982 89.2800 0.228 0.242 0.0606 0.228 4
1770386329.7983 0 'robobot/drive/T0/liv' 1770386329.7983 285 337 359 289 333 343 320 243 25
1770386329.7986 0 'robobot/drive/T0/mvel' 1770386329.7986 0.228 0.242
1770386329.7994 0 'robobot/drive/T0/pose' 1770386329.7994 89.2810 0.131 -0.000 -0.0150 -3.0814
1770386329.7995 0 'robobot/drive/T0/gyro' 1770386329.7994 0.191345 -0.350952 1.907410 89.282
1770386329.7995 0 'robobot/drive/T0/acc' 1770386329.7995 -0.005127 -0.002197 0.912842 89.282
1770386329.8038 0 'robobot/drive/T0/livn' 1770386329.8037 380 376 376 378 371 357 360 366 5
1770386329.8049 0 'robobot/drive/T0/pose' 1770386329.8049 89.2860 0.132 -0.000 -0.0139 -3.0819
1770386329.8071 0 'robobot/drive/T0/vel' 1770386329.8070 89.2880 0.228 0.248 0.0839 0.228 4
1770386329.8081 0 'robobot/drive/T0/mvel' 1770386329.8081 0.228 0.248
1770386329.8092 0 'robobot/drive/T0/pose' 1770386329.8092 89.2910 0.134 -0.000 -0.0139 -3.0825
1770386329.8093 0 'robobot/drive/T0/ird' 1770386329.8092 0.569 0.668 4576 4117 1
1770386329.8125 0 'robobot/drive/T0/gyro' 1770386329.8124 0.313416 -3.768921 5.752625 89.294
1770386329.8125 0 'robobot/drive/T0/acc' 1770386329.8125 -0.013184 -0.071045 0.832275 89.294
1770386329.8136 0 'robobot/drive/T0/livn' 1770386329.8135 377 371 381 387 367 359 363 356 5
1770386329.8147 0 'robobot/drive/T0/pose' 1770386329.8146 89.2960 0.135 -0.000 -0.0139 -3.0830
1770386329.8147 0 'robobot/drive/T0/vel' 1770386329.8147 89.2960 0.240 0.252 0.0512 0.240 4
1770386329.8155 0 'robobot/drive/T0/mvel' 1770386329.8155 0.240 0.252
1770386329.8201 0 'robobot/drive/T0/pose' 1770386329.8200 89.3010 0.136 -0.000 -0.0139 -3.0834
1770386329.8222 0 'robobot/drive/T0/vel' 1770386329.8222 89.3040 0.243 0.251 0.0367 0.243 4
1770386329.8229 0 'robobot/drive/T0/mvel' 1770386329.8229 0.243 0.251
1770386329.8244 0 'robobot/drive/T0/livn' 1770386329.8243 379 378 383 385 372 366 367 354 5
1770386329.8244 0 'robobot/drive/T0/gyro' 1770386329.8244 0.771179 -0.839233 4.287781 89.306
1770386329.8245 0 'robobot/drive/T0/acc' 1770386329.8244 0.032715 0.034668 1.013428 89.306
1770386329.8245 0 'robobot/drive/T0/pose' 1770386329.8245 89.3060 0.137 -0.001 -0.0127 -3.0835
1770386329.8277 0 'robobot/drive/T0/mot' 1770386329.8276 1.6 2 0.1 0.1 0
1770386329.8277 0 'robobot/drive/T0/mca' 1770386329.8277 0.128 0.248 16
1770386329.8299 0 'robobot/drive/T0/pose' 1770386329.8298 89.3110 0.138 -0.001 -0.0127 -3.0835
1770386329.8310 0 'robobot/drive/T0/vel' 1770386329.8309 89.3120 0.232 0.251 0.0832 0.232 4
1770386329.8313 0 'robobot/drive/T0/mvel' 1770386329.8313 0.232 0.251
1770386329.8342 0 'robobot/drive/T0/livn' 1770386329.8341 374 386 389 367 366 367 363 347 5
1770386329.8342 0 'robobot/drive/T0/pose' 1770386329.8342 89.3160 0.140 -0.001 -0.0127 -3.0838
1770386329.8343 0 'robobot/drive/T0/ird' 1770386329.8342 0.602 0.665 4404 4126 1
1770386329.8364 0 'robobot/drive/T0/gyro' 1770386329.8363 2.693787 -0.503540 4.409851 89.318
1770386329.8364 0 'robobot/drive/T0/acc' 1770386329.8364 -0.001953 -0.011475 1.031494 89.318
1770386329.8386 0 'robobot/drive/T0/vel' 1770386329.8385 89.3200 0.229 0.246 0.0735 0.229 4
1770386329.8387 0 'robobot/drive/T0/mvel' 1770386329.8387 0.229 0.246
1770386329.8397 0 'robobot/drive/T0/pose' 1770386329.8396 89.3210 0.141 -0.001 -0.0116 -3.0840
1770386329.8440 0 'robobot/drive/T0/livn' 1770386329.8439 395 381 383 388 377 362 361 342 5
1770386329.8451 0 'robobot/drive/T0/pose' 1770386329.8450 89.3260 0.142 -0.001 -0.0127 -3.0844
1770386329.8462 0 'robobot/drive/T0/vel' 1770386329.8461 89.3280 0.231 0.248 0.0768 0.231 4
1770386329.8466 0 'robobot/drive/master' 1770386329.8466 2026-02-06 14:58:48.828247
1770386329.8472 0 'robobot/drive/T0/mvel' 1770386329.8472 0.231 0.248
1770386329.8483 0 'robobot/drive/T0/gyro' 1770386329.8483 -1.120911 0.625610 5.966248 89.330
1770386329.8484 0 'robobot/drive/T0/acc' 1770386329.8483 0.117920 0.016113 1.010010 89.330
1770386329.8484 0 'robobot/drive/T0/liv' 1770386329.8484 290 339 365 295 330 349 325 239 25
1770386329.8495 0 'robobot/drive/T0/pose' 1770386329.8495 89.3310 0.143 -0.001 -0.0116 -3.0845
1770386329.8538 0 'robobot/drive/T0/livn' 1770386329.8537 397 385 386 387 374 362 355 344 5
1770386329.8549 0 'robobot/drive/T0/pose' 1770386329.8548 89.3360 0.144 -0.001 -0.0104 -3.0846
1770386329.8549 0 'robobot/drive/T0/vel' 1770386329.8549 89.3360 0.240 0.250 0.0452 0.240 4
1770386329.8556 0 'robobot/drive/T0/mvel' 1770386329.8556 0.240 0.250
1770386329.8592 0 'robobot/drive/T0/pose' 1770386329.8591 89.3410 0.146 -0.001 -0.0116 -3.0846
1770386329.8592 0 'robobot/drive/T0/ird' 1770386329.8592 0.688 0.643 4040 4218 1
1770386329.8603 0 'robobot/drive/T0/gyro' 1770386329.8603 1.289978 0.259399 6.149353 89.342
1770386329.8604 0 'robobot/drive/T0/acc' 1770386329.8603 0.038330 -0.018066 0.895996 89.342
1770386329.8615 0 'robobot/drive/T0/mot' 1770386329.8614 1.7 2 0.1 0.1 0
1770386329.8615 0 'robobot/drive/T0/mca' 1770386329.8615 0.151 0.250 17
1770386329.8626 0 'robobot/drive/T0/vel' 1770386329.8625 89.3440 0.240 0.251 0.0463 0.240 4
1770386329.8630 0 'robobot/drive/T0/mvel' 1770386329.8630 0.240 0.251
1770386329.8637 0 'robobot/drive/T0/livn' 1770386329.8636 390 383 387 388 381 370 357 362 5
1770386329.8648 0 'robobot/drive/T0/pose' 1770386329.8647 89.3460 0.147 -0.001 -0.0104 -3.0846
1770386329.8701 0 'robobot/drive/T0/pose' 1770386329.8701 89.3510 0.148 -0.001 -0.0104 -3.0847
1770386329.8702 0 'robobot/drive/T0/vel' 1770386329.8701 89.3520 0.236 0.246 0.0396 0.236 4
1770386329.8704 0 'robobot/drive/T0/mvel' 1770386329.8704 0.236 0.246
1770386329.8723 0 'robobot/drive/T0/gyro' 1770386329.8723 -2.005920 -0.198364 5.844177 89.354
1770386329.8724 0 'robobot/drive/T0/acc' 1770386329.8723 -0.018066 -0.040039 0.952881 89.354
1770386329.8735 0 'robobot/drive/T0/livn' 1770386329.8734 408 377 383 374 376 368 351 347 5
1770386329.8746 0 'robobot/drive/T0/pose' 1770386329.8745 89.3560 0.149 -0.001 -0.0104 -3.0849
1770386329.8788 0 'robobot/drive/T0/vel' 1770386329.8788 89.3600 0.233 0.247 0.0603 0.233 4
1770386329.8789 0 'robobot/drive/T0/mvel' 1770386329.8789 0.233 0.247
1770386329.8799 0 'robobot/drive/T0/pose' 1770386329.8799 89.3610 0.151 -0.001 -0.0104 -3.0848
1770386329.8842 0 'robobot/drive/T0/livn' 1770386329.8841 386 377 380 377 379 369 364 358 5
1770386329.8842 0 'robobot/drive/T0/gyro' 1770386329.8842 3.731384 3.036499 4.104675 89.366
1770386329.8843 0 'robobot/drive/T0/acc' 1770386329.8842 0.094482 0.022949 1.050781 89.366
1770386329.8843 0 'robobot/drive/T0/pose' 1770386329.8843 89.3660 0.152 -0.001 -0.0093 -3.0847
1770386329.8844 0 'robobot/drive/T0/ird' 1770386329.8843 0.660 0.643 4146 4220 1
1770386329.8865 0 'robobot/drive/T0/vel' 1770386329.8864 89.3680 0.235 0.250 0.0624 0.235 4
1770386329.8874 0 'robobot/drive/T0/mvel' 1770386329.8874 0.235 0.250
1770386329.8897 0 'robobot/drive/T0/pose' 1770386329.8897 89.3710 0.153 -0.001 -0.0104 -3.0845
1770386329.8940 0 'robobot/drive/T0/livn' 1770386329.8939 389 382 390 402 382 367 363 356 5
1770386329.8940 0 'robobot/drive/T0/mot' 1770386329.8940 1.8 2 0.1 0.1 0
1770386329.8940 0 'robobot/drive/T0/mca' 1770386329.8940 0.163 0.255 16
1770386329.8941 0 'robobot/drive/T0/pose' 1770386329.8941 89.3760 0.154 -0.001 -0.0093 -3.0844
1770386329.8942 0 'robobot/drive/T0/vel' 1770386329.8941 89.3760 0.244 0.244 0.0012 0.244 4
1770386329.8948 0 'robobot/drive/T0/mvel' 1770386329.8948 0.244 0.244
1770386329.8963 0 'robobot/drive/T0/gyro' 1770386329.8963 -1.792297 0.350952 4.837097 89.378
1770386329.8964 0 'robobot/drive/T0/acc' 1770386329.8963 0.019531 0.005615 0.982422 89.378
1770386329.8985 0 'robobot/drive/T0/liv' 1770386329.8985 297 339 364 297 336 356 322 242 25
1770386329.8996 0 'robobot/drive/T0/pose' 1770386329.8996 89.3810 0.156 -0.001 -0.0093 -3.0846
1770386329.9028 0 'robobot/drive/T0/vel' 1770386329.9028 89.3840 0.244 0.242 -0.0090 0.244 4
1770386329.9033 0 'robobot/drive/T0/mvel' 1770386329.9032 0.244 0.242
1770386329.9039 0 'robobot/drive/T0/livn' 1770386329.9038 382 378 384 389 381 374 374 370 5
1770386329.9050 0 'robobot/drive/T0/pose' 1770386329.9049 89.3860 0.156 -0.001 -0.0093 -3.0847
1770386329.9082 0 'robobot/drive/T0/gyro' 1770386329.9081 0.923767 0.839233 4.806580 89.390
1770386329.9082 0 'robobot/drive/T0/acc' 1770386329.9082 -0.008789 0.009521 0.954346 89.390
1770386329.9093 0 'robobot/drive/T0/pose' 1770386329.9093 89.3910 0.158 -0.001 -0.0093 -3.0848
1770386329.9094 0 'robobot/drive/T0/ird' 1770386329.9093 0.651 0.634 4185 4257 1
1770386329.9105 0 'robobot/drive/T0/vel' 1770386329.9104 89.3920 0.243 0.245 0.0084 0.243 4
1770386329.9107 0 'robobot/drive/T0/mvel' 1770386329.9107 0.243 0.245
1770386329.9137 0 'robobot/drive/T0/livn' 1770386329.9136 361 371 376 388 384 373 374 361 5
1770386329.9147 0 'robobot/drive/T0/pose' 1770386329.9147 89.3960 0.159 -0.001 -0.0081 -3.0846
1770386329.9190 0 'robobot/drive/T0/vel' 1770386329.9190 89.4000 0.239 0.254 0.0663 0.239 4
1770386329.9191 0 'robobot/drive/T0/pose' 1770386329.9190 89.4010 0.160 -0.001 -0.0093 -3.0848
1770386329.9192 0 'robobot/drive/T0/mvel' 1770386329.9191 0.239 0.254
1770386329.9202 0 'robobot/drive/T0/gyro' 1770386329.9201 0.099792 0.106812 5.661072 89.402
1770386329.9202 0 'robobot/drive/T0/acc' 1770386329.9202 0.051270 -0.009033 0.897949 89.402
1770386329.9234 0 'robobot/drive/T0/livn' 1770386329.9233 373 380 384 379 385 373 374 350 5
1770386329.9245 0 'robobot/drive/T0/pose' 1770386329.9244 89.4060 0.161 -0.001 -0.0093 -3.0849
1770386329.9266 0 'robobot/drive/T0/vel' 1770386329.9266 89.4080 0.242 0.249 0.0297 0.242 4
1770386329.9267 0 'robobot/drive/T0/mot' 1770386329.9266 1.8 2 0.1 0.1 0
1770386329.9267 0 'robobot/drive/T0/mca' 1770386329.9267 0.163 0.273 17
1770386329.9277 0 'robobot/drive/T0/mvel' 1770386329.9277 0.242 0.249
1770386329.9299 0 'robobot/drive/T0/pose' 1770386329.9299 89.4110 0.163 -0.001 -0.0081 -3.0850
1770386329.9321 0 'robobot/drive/T0/gyro' 1770386329.9320 -1.426086 -1.663208 6.088318 89.414
1770386329.9321 0 'robobot/drive/T0/acc' 1770386329.9321 0.029297 -0.004150 0.977295 89.414
1770386329.9343 0 'robobot/drive/T0/livn' 1770386329.9342 394 381 389 389 377 375 372 352 5
1770386329.9343 0 'robobot/drive/T0/pose' 1770386329.9343 89.4160 0.164 -0.001 -0.0093 -3.0852
1770386329.9344 0 'robobot/drive/T0/vel' 1770386329.9343 89.4160 0.247 0.248 0.0054 0.247 4
1770386329.9344 0 'robobot/drive/T0/ird' 1770386329.9344 0.663 0.617 4136 4333 1
1770386329.9352 0 'robobot/drive/T0/mvel' 1770386329.9352 0.247 0.248
1770386329.9398 0 'robobot/drive/T0/pose' 1770386329.9397 89.4210 0.165 -0.001 -0.0081 -3.0853
1770386329.9430 0 'robobot/drive/T0/vel' 1770386329.9430 89.4240 0.244 0.247 0.0135 0.244 4
1770386329.9437 0 'robobot/drive/T0/mvel' 1770386329.9437 0.244 0.247
1770386329.9441 0 'robobot/drive/T0/livn' 1770386329.9441 389 391 385 390 376 377 379 370 5
1770386329.9442 0 'robobot/drive/T0/gyro' 1770386329.9441 0.710144 0.625610 4.501404 89.426
1770386329.9442 0 'robobot/drive/T0/acc' 1770386329.9442 0.055420 -0.004883 0.990479 89.426
1770386329.9443 0 'robobot/drive/T0/pose' 1770386329.9442 89.4260 0.166 -0.001 -0.0081 -3.0853
1770386329.9486 0 'robobot/drive/T0/liv' 1770386329.9485 287 341 365 298 339 362 338 245 25
1770386329.9497 0 'robobot/drive/T0/pose' 1770386329.9496 89.4310 0.168 -0.001 -0.0081 -3.0854
1770386329.9508 0 'robobot/drive/T0/vel' 1770386329.9508 89.4320 0.240 0.252 0.0511 0.240 4
1770386329.9511 0 'robobot/drive/T0/mvel' 1770386329.9511 0.240 0.252
1770386329.9540 0 'robobot/drive/T0/livn' 1770386329.9540 372 387 385 389 385 382 381 357 5
1770386329.9541 0 'robobot/drive/T0/pose' 1770386329.9540 89.4360 0.169 -0.001 -0.0081 -3.0854
1770386329.9562 0 'robobot/drive/T0/gyro' 1770386329.9562 1.534119 -0.106812 4.898132 89.438
1770386329.9563 0 'robobot/drive/T0/acc' 1770386329.9562 0.098633 -0.022949 0.984375 89.438
1770386329.9584 0 'robobot/drive/T0/vel' 1770386329.9584 89.4400 0.240 0.250 0.0419 0.240 4
1770386329.9585 0 'robobot/drive/T0/mvel' 1770386329.9585 0.240 0.250
1770386329.9595 0 'robobot/drive/T0/pose' 1770386329.9595 89.4410 0.170 -0.001 -0.0069 -3.0854
1770386329.9596 0 'robobot/drive/T0/ird' 1770386329.9595 0.713 0.586 3949 4484 1
1770386329.9596 0 'robobot/drive/T0/mot' 1770386329.9596 1.8 2 0.1 0.1 0
1770386329.9596 0 'robobot/drive/T0/mca' 1770386329.9596 0.168 0.257 16
1770386329.9639 0 'robobot/drive/T0/livn' 1770386329.9639 386 397 383 386 386 376 372 359 5
1770386329.9650 0 'robobot/drive/T0/pose' 1770386329.9650 89.4460 0.171 -0.001 -0.0081 -3.0855
1770386329.9661 0 'robobot/drive/T0/vel' 1770386329.9661 89.4480 0.246 0.245 -0.0052 0.246 4
1770386329.9671 0 'robobot/drive/T0/mvel' 1770386329.9671 0.246 0.245
1770386329.9683 0 'robobot/drive/T0/gyro' 1770386329.9682 -1.120911 -1.419067 4.135193 89.450
1770386329.9683 0 'robobot/drive/T0/acc' 1770386329.9683 0.057861 0.021729 0.973877 89.450
1770386329.9694 0 'robobot/drive/T0/pose' 1770386329.9694 89.4510 0.173 -0.001 -0.0081 -3.0855
1770386329.9737 0 'robobot/drive/T0/livn' 1770386329.9737 392 387 391 389 383 367 368 360 5
1770386329.9748 0 'robobot/drive/T0/pose' 1770386329.9748 89.4560 0.174 -0.001 -0.0069 -3.0856
1770386329.9749 0 'robobot/drive/T0/vel' 1770386329.9748 89.4560 0.247 0.250 0.0090 0.247 4
1770386329.9755 0 'robobot/drive/T0/mvel' 1770386329.9755 0.247 0.250
1770386329.9791 0 'robobot/drive/T0/pose' 1770386329.9791 89.4610 0.175 -0.001 -0.0081 -3.0855
1770386329.9802 0 'robobot/drive/T0/gyro' 1770386329.9802 1.900330 1.876831 1.663269 89.462
1770386329.9803 0 'robobot/drive/T0/acc' 1770386329.9802 0.070801 -0.006836 0.967529 89.462
1770386329.9824 0 'robobot/drive/T0/vel' 1770386329.9824 89.4640 0.240 0.254 0.0605 0.240 4
1770386329.9829 0 'robobot/drive/T0/mvel' 1770386329.9829 0.240 0.254
1770386329.9835 0 'robobot/drive/T0/livn' 1770386329.9835 387 395 396 403 376 373 374 359 5
1770386329.9846 0 'robobot/drive/T0/pose' 1770386329.9846 89.4660 0.176 -0.001 -0.0069 -3.0855
1770386329.9847 0 'robobot/drive/T0/ird' 1770386329.9846 0.752 0.543 3822 4719 1
1770386329.9900 0 'robobot/drive/T0/pose' 1770386329.9900 89.4710 0.178 -0.001 -0.0069 -3.0857
1770386329.9911 0 'robobot/drive/T0/vel' 1770386329.9911 89.4720 0.239 0.253 0.0591 0.239 4
1770386329.9913 0 'robobot/drive/T0/mvel' 1770386329.9913 0.239 0.253
1770386329.9922 0 'robobot/drive/T0/gyro' 1770386329.9922 0.649109 -1.144409 4.135193 89.474
1770386329.9923 0 'robobot/drive/T0/acc' 1770386329.9922 0.034424 0.031006 0.956787 89.474
1770386329.9933 0 'robobot/drive/T0/mot' 1770386329.9933 1.9 2 0.1 0.1 0
1770386329.9934 0 'robobot/drive/T0/mca' 1770386329.9933 0.184 0.262 17
1770386329.9934 0 'robobot/drive/T0/livn' 1770386329.9934 389 391 392 384 379 367 370 355 5
1770386329.9945 0 'robobot/drive/T0/pose' 1770386329.9945 89.4760 0.179 -0.001 -0.0069 -3.0858
1770386329.9988 0 'robobot/drive/T0/vel' 1770386329.9987 89.4800 0.243 0.249 0.0264 0.243 4
1770386329.9988 0 'robobot/drive/T0/liv' 1770386329.9988 293 349 371 302 339 358 332 244 25
1770386329.9988 0 'robobot/drive/T0/mvel' 1770386329.9988 0.243 0.249
1770386329.9999 0 'robobot/drive/T0/pose' 1770386329.9999 89.4810 0.180 -0.001 -0.0069 -3.0862
1770386330.0042 0 'robobot/drive/T0/livn' 1770386330.0041 379 386 402 403 381 372 366 352 5
1770386330.0042 0 'robobot/drive/T0/gyro' 1770386330.0042 -0.327454 -1.663208 2.914490 89.486
1770386330.0043 0 'robobot/drive/T0/acc' 1770386330.0042 0.042969 0.036377 0.925293 89.486
1770386330.0044 0 'robobot/drive/T0/pose' 1770386330.0043 89.4860 0.181 -0.001 -0.0069 -3.0864
1770386330.0065 0 'robobot/drive/T0/vel' 1770386330.0065 89.4880 0.249 0.256 0.0287 0.249 4
1770386330.0073 0 'robobot/drive/T0/mvel' 1770386330.0073 0.249 0.256
1770386330.0097 0 'robobot/drive/T0/pose' 1770386330.0097 89.4910 0.183 -0.001 -0.0058 -3.0864
1770386330.0098 0 'robobot/drive/T0/ird' 1770386330.0097 0.788 0.532 3714 4791 1
1770386330.0140 0 'robobot/drive/T0/livn' 1770386330.0140 388 383 396 394 384 372 371 347 5
1770386330.0141 0 'robobot/drive/T0/pose' 1770386330.0140 89.4960 0.184 -0.001 -0.0058 -3.0865
1770386330.0141 0 'robobot/drive/T0/vel' 1770386330.0141 89.4960 0.242 0.254 0.0513 0.242 4
1770386330.0147 0 'robobot/drive/T0/mvel' 1770386330.0146 0.242 0.254
1770386330.0163 0 'robobot/drive/T0/gyro' 1770386330.0162 1.778259 -0.656128 3.006042 89.498
1770386330.0163 0 'robobot/drive/T0/acc' 1770386330.0163 0.025146 -0.049805 0.916260 89.498
1770386330.0195 0 'robobot/drive/T0/pose' 1770386330.0195 89.5010 0.185 -0.001 -0.0058 -3.0867
1770386330.0227 0 'robobot/drive/T0/vel' 1770386330.0227 89.5040 0.240 0.249 0.0412 0.240 4
1770386330.0231 0 'robobot/drive/T0/mvel' 1770386330.0231 0.240 0.249
1770386330.0238 0 'robobot/drive/T0/livn' 1770386330.0238 393 393 396 403 391 377 375 358 5
1770386330.0249 0 'robobot/drive/T0/pose' 1770386330.0249 89.5060 0.186 -0.001 -0.0058 -3.0868
1770386330.0260 0 'robobot/drive/T0/mot' 1770386330.0260 1.9 2 0.1 0.1 0
1770386330.0261 0 'robobot/drive/T0/mca' 1770386330.0260 0.202 0.237 16
1770386330.0282 0 'robobot/drive/T0/gyro' 1770386330.0282 3.212585 -1.907349 3.616394 89.510
1770386330.0283 0 'robobot/drive/T0/acc' 1770386330.0282 0.069092 -0.038330 0.964111 89.510
1770386330.0294 0 'robobot/drive/T0/pose' 1770386330.0293 89.5110 0.188 -0.001 -0.0046 -3.0871
1770386330.0305 0 'robobot/drive/T0/vel' 1770386330.0304 89.5120 0.243 0.248 0.0239 0.243 4
1770386330.0305 0 'robobot/drive/T0/mvel' 1770386330.0305 0.243 0.248
1770386330.0337 0 'robobot/drive/T0/livn' 1770386330.0336 385 379 387 391 381 378 373 360 5
1770386330.0348 0 'robobot/drive/T0/pose' 1770386330.0347 89.5160 0.189 -0.001 -0.0046 -3.0874
1770386330.0348 0 'robobot/drive/T0/ird' 1770386330.0348 0.803 0.498 3673 5016 1
1770386330.0391 0 'robobot/drive/T0/vel' 1770386330.0390 89.5200 0.250 0.256 0.0273 0.250 4
1770386330.0391 0 'robobot/drive/T0/pose' 1770386330.0391 89.5210 0.190 -0.001 -0.0058 -3.0877
1770386330.0400 0 'robobot/drive/T0/mvel' 1770386330.0400 0.250 0.256
1770386330.0402 0 'robobot/drive/T0/gyro' 1770386330.0402 1.778259 -2.883911 2.853455 89.522
1770386330.0403 0 'robobot/drive/T0/acc' 1770386330.0402 0.049805 -0.005615 1.019775 89.522
1770386330.0435 0 'robobot/drive/T0/livn' 1770386330.0435 374 387 388 387 377 382 378 362 5
1770386330.0446 0 'robobot/drive/T0/pose' 1770386330.0446 89.5260 0.191 -0.001 -0.0058 -3.0878
1770386330.0457 0 'robobot/drive/T0/hbt' 1770386330.0457 89.5280 107 1033 11.74 4 8 9.0 0.64 0
1770386330.0468 0 'robobot/drive/T0/vel' 1770386330.0468 89.5280 0.249 0.260 0.0457 0.249 4
1770386330.0474 0 'robobot/drive/T0/mvel' 1770386330.0474 0.249 0.260
1770386330.0490 0 'robobot/drive/T0/liv' 1770386330.0489 291 344 371 303 340 363 335 243 25
1770386330.0501 0 'robobot/drive/T0/pose' 1770386330.0500 89.5310 0.193 -0.001 -0.0046 -3.0879
1770386330.0522 0 'robobot/drive/T0/gyro' 1770386330.0522 2.144470 0.534058 2.395691 89.534
1770386330.0523 0 'robobot/drive/T0/acc' 1770386330.0522 0.012695 -0.005859 0.959717 89.534
1770386330.0534 0 'robobot/drive/T0/livn' 1770386330.0533 378 382 385 386 383 380 371 352 5
1770386330.0545 0 'robobot/drive/T0/pose' 1770386330.0544 89.5360 0.194 -0.001 -0.0046 -3.0880
1770386330.0545 0 'robobot/drive/T0/vel' 1770386330.0545 89.5360 0.240 0.251 0.0472 0.240 4
1770386330.0548 0 'robobot/drive/T0/mvel' 1770386330.0548 0.240 0.251
1770386330.0588 0 'robobot/drive/T0/mot' 1770386330.0587 1.9 2 0.1 0.1 0
1770386330.0588 0 'robobot/drive/T0/mca' 1770386330.0588 0.198 0.234 17
1770386330.0599 0 'robobot/drive/T0/pose' 1770386330.0599 89.5410 0.195 -0.001 -0.0046 -3.0880
1770386330.0600 0 'robobot/drive/T0/ird' 1770386330.0599 0.765 0.479 3782 5155 1
1770386330.0621 0 'robobot/drive/T0/vel' 1770386330.0621 89.5440 0.243 0.252 0.0404 0.243 4
1770386330.0622 0 'robobot/drive/T0/mvel' 1770386330.0622 0.243 0.252
1770386330.0643 0 'robobot/drive/T0/livn' 1770386330.0642 367 380 391 391 381 379 379 363 5
1770386330.0643 0 'robobot/drive/T0/gyro' 1770386330.0643 1.869812 0.350952 2.945007 89.546
1770386330.0644 0 'robobot/drive/T0/acc' 1770386330.0643 0.038818 0.024170 0.962402 89.546
1770386330.0644 0 'robobot/drive/T0/pose' 1770386330.0644 89.5460 0.196 -0.001 -0.0046 -3.0882
1770386330.0697 0 'robobot/drive/T0/pose' 1770386330.0697 89.5510 0.197 -0.001 -0.0035 -3.0886
1770386330.0708 0 'robobot/drive/T0/vel' 1770386330.0708 89.5520 0.247 0.257 0.0461 0.247 4
1770386330.0717 0 'robobot/drive/T0/mvel' 1770386330.0717 0.247 0.257
1770386330.0741 0 'robobot/drive/T0/livn' 1770386330.0740 367 372 373 381 390 377 374 353 5
1770386330.0752 0 'robobot/drive/T0/pose' 1770386330.0751 89.5560 0.199 -0.001 -0.0035 -3.0886
1770386330.0763 0 'robobot/drive/T0/gyro' 1770386330.0762 -2.494202 -3.616333 3.677429 89.558
1770386330.0763 0 'robobot/drive/T0/acc' 1770386330.0763 0.008789 -0.004639 0.930176 89.558
1770386330.0785 0 'robobot/drive/T0/vel' 1770386330.0784 89.5600 0.252 0.262 0.0460 0.252 4
1770386330.0791 0 'robobot/drive/T0/mvel' 1770386330.0791 0.252 0.262
1770386330.0796 0 'robobot/drive/T0/pose' 1770386330.0796 89.5610 0.200 -0.001 -0.0035 -3.0889
1770386330.0839 0 'robobot/drive/T0/livn' 1770386330.0838 377 372 369 385 394 386 370 348 5
1770386330.0850 0 'robobot/drive/T0/pose' 1770386330.0850 89.5660 0.201 -0.001 -0.0023 -3.0889
1770386330.0850 0 'robobot/drive/T0/ird' 1770386330.0850 0.875 0.453 3494 5364 1
1770386330.0862 0 'robobot/drive/T0/vel' 1770386330.0861 89.5680 0.244 0.254 0.0416 0.244 4
1770386330.0865 0 'robobot/drive/T0/mvel' 1770386330.0864 0.244 0.254
1770386330.0884 0 'robobot/drive/T0/gyro' 1770386330.0883 -1.334534 2.517700 3.646912 89.570
1770386330.0884 0 'robobot/drive/T0/acc' 1770386330.0884 0.020508 -0.003418 1.014893 89.570
1770386330.0895 0 'robobot/drive/T0/pose' 1770386330.0895 89.5710 0.203 -0.001 -0.0035 -3.0888
1770386330.0917 0 'robobot/drive/T0/mot' 1770386330.0917 1.9 1.9 0.1 0.1 0
1770386330.0917 0 'robobot/drive/T0/mca' 1770386330.0917 0.205 0.208 16
1770386330.0939 0 'robobot/drive/T0/livn' 1770386330.0938 378 368 375 393 385 375 360 343 5
1770386330.0950 0 'robobot/drive/T0/pose' 1770386330.0949 89.5760 0.203 -0.001 -0.0023 -3.0886
1770386330.0950 0 'robobot/drive/T0/vel' 1770386330.0950 89.5760 0.238 0.253 0.0618 0.238 4
1770386330.0959 0 'robobot/drive/T0/mvel' 1770386330.0959 0.238 0.253
1770386330.0982 0 'robobot/drive/T0/liv' 1770386330.0982 282 334 359 299 344 365 332 240 25
1770386330.0994 0 'robobot/drive/T0/pose' 1770386330.0993 89.5810 0.205 -0.001 -0.0023 -3.0886
1770386330.1005 0 'robobot/drive/T0/gyro' 1770386330.1004 -2.951965 1.663208 5.325378 89.582
1770386330.1005 0 'robobot/drive/T0/acc' 1770386330.1005 0.058594 -0.006592 0.932617 89.582
1770386330.1027 0 'robobot/drive/T0/vel' 1770386330.1026 89.5840 0.240 0.257 0.0755 0.240 4
1770386330.1033 0 'robobot/drive/T0/mvel' 1770386330.1033 0.240 0.257
1770386330.1038 0 'robobot/drive/T0/livn' 1770386330.1037 379 376 390 400 388 383 375 354 5
1770386330.1049 0 'robobot/drive/T0/pose' 1770386330.1048 89.5860 0.206 -0.001 -0.0012 -3.0886
1770386330.1091 0 'robobot/drive/T0/pose' 1770386330.1091 89.5910 0.208 -0.001 -0.0012 -3.0886
1770386330.1092 0 'robobot/drive/T0/ird' 1770386330.1091 0.923 0.431 3389 5561 1
1770386330.1103 0 'robobot/drive/T0/vel' 1770386330.1102 89.5920 0.245 0.259 0.0595 0.245 4
1770386330.1107 0 'robobot/drive/T0/mvel' 1770386330.1107 0.245 0.259
1770386330.1124 0 'robobot/drive/T0/gyro' 1770386330.1124 -1.792297 -1.388550 4.928650 89.594
1770386330.1125 0 'robobot/drive/T0/acc' 1770386330.1124 0.021729 -0.018799 0.970215 89.594
1770386330.1136 0 'robobot/drive/T0/livn' 1770386330.1135 374 377 379 395 388 382 373 366 5
1770386330.1147 0 'robobot/drive/T0/pose' 1770386330.1147 89.5960 0.209 -0.001 -0.0012 -3.0888
1770386330.1190 0 'robobot/drive/T0/vel' 1770386330.1189 89.6000 0.251 0.258 0.0309 0.251 4
1770386330.1192 0 'robobot/drive/T0/mvel' 1770386330.1191 0.251 0.258
1770386330.1201 0 'robobot/drive/T0/pose' 1770386330.1200 89.6010 0.210 -0.001 -0.0012 -3.0885
1770386330.1243 0 'robobot/drive/T0/livn' 1770386330.1243 375 373 382 396 389 374 370 366 5
1770386330.1244 0 'robobot/drive/T0/gyro' 1770386330.1243 -2.219543 5.020142 2.975525 89.606
1770386330.1245 0 'robobot/drive/T0/acc' 1770386330.1244 0.060059 0.000732 1.076904 89.606
1770386330.1245 0 'robobot/drive/T0/pose' 1770386330.1245 89.6060 0.211 -0.001 -0.0012 -3.0882
1770386330.1256 0 'robobot/drive/T0/mot' 1770386330.1256 1.9 1.9 0.1 0.1 0
1770386330.1256 0 'robobot/drive/T0/mca' 1770386330.1256 0.225 0.186 17
1770386330.1267 0 'robobot/drive/T0/vel' 1770386330.1267 89.6080 0.243 0.255 0.0518 0.243 4
1770386330.1276 0 'robobot/drive/T0/mvel' 1770386330.1276 0.243 0.255
1770386330.1299 0 'robobot/drive/T0/pose' 1770386330.1299 89.6110 0.213 -0.001 -0.0000 -3.0876
1770386330.1342 0 'robobot/drive/T0/livn' 1770386330.1342 402 383 386 386 387 384 364 344 5
1770386330.1343 0 'robobot/drive/T0/pose' 1770386330.1342 89.6160 0.214 -0.001 -0.0000 -3.0875
1770386330.1343 0 'robobot/drive/T0/vel' 1770386330.1343 89.6160 0.242 0.257 0.0658 0.242 4
1770386330.1344 0 'robobot/drive/T0/ird' 1770386330.1343 0.874 0.422 3496 5645 1
1770386330.1350 0 'robobot/drive/T0/mvel' 1770386330.1350 0.242 0.257
1770386330.1366 0 'robobot/drive/T0/gyro' 1770386330.1365 -1.944885 0.717163 2.853455 89.618
1770386330.1366 0 'robobot/drive/T0/acc' 1770386330.1366 0.041504 -0.041748 0.902344 89.618
1770386330.1399 0 'robobot/drive/T0/pose' 1770386330.1398 89.6210 0.215 -0.001 -0.0000 -3.0875
1770386330.1432 0 'robobot/drive/T0/vel' 1770386330.1431 89.6240 0.246 0.254 0.0361 0.246 4
1770386330.1441 0 'robobot/drive/T0/mvel' 1770386330.1440 0.246 0.254
1770386330.1443 0 'robobot/drive/T0/livn' 1770386330.1442 384 384 391 394 391 383 366 358 5
1770386330.1444 0 'robobot/drive/T0/pose' 1770386330.1443 89.6260 0.216 -0.001 0.0012 -3.0878
1770386330.1476 0 'robobot/drive/T0/gyro' 1770386330.1475 -1.822815 -3.616333 3.219666 89.630
1770386330.1476 0 'robobot/drive/T0/acc' 1770386330.1476 0.062500 0.001221 1.014160 89.630
1770386330.1487 0 'robobot/drive/T0/liv' 1770386330.1487 292 340 367 303 346 367 331 244 25
1770386330.1498 0 'robobot/drive/T0/pose' 1770386330.1498 89.6310 0.218 -0.001 -0.0000 -3.0882
1770386330.1509 0 'robobot/drive/T0/vel' 1770386330.1509 89.6320 0.257 0.257 -0.0009 0.257 4
1770386330.1514 0 'robobot/drive/T0/mvel' 1770386330.1514 0.257 0.257
1770386330.1542 0 'robobot/drive/T0/livn' 1770386330.1541 376 378 387 381 392 383 378 360 5
1770386330.1542 0 'robobot/drive/T0/pose' 1770386330.1542 89.6360 0.219 -0.001 -0.0000 -3.0884
1770386330.1584 0 'robobot/drive/T0/mot' 1770386330.1584 1.9 1.9 0.1 0.1 0
1770386330.1585 0 'robobot/drive/T0/mca' 1770386330.1584 0.216 0.180 16
1770386330.1585 0 'robobot/drive/T0/vel' 1770386330.1585 89.6400 0.256 0.256 0.0014 0.256 4
1770386330.1588 0 'robobot/drive/T0/mvel' 1770386330.1588 0.256 0.256
1770386330.1596 0 'robobot/drive/T0/pose' 1770386330.1596 89.6410 0.220 -0.001 -0.0000 -3.0886
1770386330.1596 0 'robobot/drive/T0/ird' 1770386330.1596 0.901 0.401 3436 5870 1
1770386330.1597 0 'robobot/drive/T0/gyro' 1770386330.1596 -0.785217 0.839233 1.846375 89.642
1770386330.1597 0 'robobot/drive/T0/acc' 1770386330.1597 0.038086 0.023193 1.035400 89.642
1770386330.1640 0 'robobot/drive/T0/livn' 1770386330.1639 367 386 395 387 374 368 380 366 5
1770386330.1651 0 'robobot/drive/T0/pose' 1770386330.1650 89.6460 0.221 -0.001 -0.0000 -3.0887
1770386330.1662 0 'robobot/drive/T0/vel' 1770386330.1661 89.6480 0.248 0.258 0.0437 0.248 4
1770386330.1662 0 'robobot/drive/T0/mvel' 1770386330.1662 0.248 0.258
1770386330.1694 0 'robobot/drive/T0/pose' 1770386330.1693 89.6510 0.223 -0.001 0.0012 -3.0887
1770386330.1716 0 'robobot/drive/T0/gyro' 1770386330.1715 0.435486 1.907349 2.853455 89.654
1770386330.1716 0 'robobot/drive/T0/acc' 1770386330.1716 0.031494 -0.036133 0.951172 89.654
1770386330.1738 0 'robobot/drive/T0/livn' 1770386330.1737 386 385 384 386 377 369 366 343 5
1770386330.1749 0 'robobot/drive/T0/pose' 1770386330.1748 89.6560 0.224 -0.001 0.0012 -3.0887
1770386330.1749 0 'robobot/drive/T0/vel' 1770386330.1749 89.6560 0.245 0.260 0.0634 0.245 4
1770386330.1757 0 'robobot/drive/T0/mvel' 1770386330.1757 0.245 0.260
1770386330.1792 0 'robobot/drive/T0/pose' 1770386330.1791 89.6610 0.225 -0.001 0.0012 -3.0891
1770386330.1824 0 'robobot/drive/T0/vel' 1770386330.1824 89.6640 0.249 0.258 0.0421 0.249 4
1770386330.1830 0 'robobot/drive/T0/mvel' 1770386330.1830 0.249 0.258
1770386330.1835 0 'robobot/drive/T0/livn' 1770386330.1835 386 385 386 400 384 373 369 353 5
1770386330.1836 0 'robobot/drive/T0/gyro' 1770386330.1835 -0.632629 -1.785278 4.165710 89.666
1770386330.1836 0 'robobot/drive/T0/acc' 1770386330.1836 0.065918 -0.001465 1.021729 89.666
1770386330.1847 0 'robobot/drive/T0/pose' 1770386330.1847 89.6660 0.226 -0.001 0.0012 -3.0892
1770386330.1847 0 'robobot/drive/T0/ird' 1770386330.1847 0.891 0.395 3457 5935 1
1770386330.1901 0 'robobot/drive/T0/pose' 1770386330.1900 89.6710 0.228 -0.001 0.0012 -3.0895
1770386330.1901 0 'robobot/drive/T0/vel' 1770386330.1901 89.6720 0.253 0.255 0.0062 0.253 4
1770386330.1904 0 'robobot/drive/T0/mvel' 1770386330.1904 0.253 0.255
1770386330.1912 0 'robobot/drive/T0/mot' 1770386330.1912 1.9 1.8 0.1 0.1 0
1770386330.1912 0 'robobot/drive/T0/mca' 1770386330.1912 0.206 0.160 17
1770386330.1934 0 'robobot/drive/T0/livn' 1770386330.1933 378 378 383 390 382 379 373 360 5
1770386330.1945 0 'robobot/drive/T0/pose' 1770386330.1944 89.6760 0.229 -0.001 0.0012 -3.0896
1770386330.1956 0 'robobot/drive/T0/gyro' 1770386330.1955 1.656189 0.198364 1.724304 89.678
1770386330.1956 0 'robobot/drive/T0/acc' 1770386330.1956 0.030518 -0.010498 1.078125 89.678
1770386330.1989 0 'robobot/drive/T0/vel' 1770386330.1988 89.6800 0.248 0.253 0.0198 0.248 4
1770386330.1989 0 'robobot/drive/T0/liv' 1770386330.1989 290 342 365 298 339 363 336 243 25
1770386330.1998 0 'robobot/drive/T0/mvel' 1770386330.1998 0.248 0.253
1770386330.2000 0 'robobot/drive/T0/pose' 1770386330.2000 89.6810 0.230 -0.001 0.0023 -3.0897
1770386330.2042 0 'robobot/drive/T0/livn' 1770386330.2042 399 384 375 380 393 389 370 343 5
1770386330.2043 0 'robobot/drive/T0/pose' 1770386330.2042 89.6860 0.231 -0.001 0.0012 -3.0896
1770386330.2064 0 'robobot/drive/T0/vel' 1770386330.2064 89.6880 0.248 0.255 0.0299 0.248 4
1770386330.2072 0 'robobot/drive/T0/mvel' 1770386330.2072 0.248 0.255
1770386330.2075 0 'robobot/drive/T0/gyro' 1770386330.2075 0.618591 0.839233 1.266541 89.690
1770386330.2076 0 'robobot/drive/T0/acc' 1770386330.2075 0.049072 -0.025879 0.934570 89.690
1770386330.2097 0 'robobot/drive/T0/pose' 1770386330.2097 89.6910 0.233 -0.001 0.0012 -3.0895
1770386330.2098 0 'robobot/drive/T0/ird' 1770386330.2097 0.926 0.373 3383 6203 1
1770386330.2140 0 'robobot/drive/T0/livn' 1770386330.2140 389 374 378 384 383 378 360 348 5
1770386330.2151 0 'robobot/drive/T0/pose' 1770386330.2151 89.6960 0.234 -0.001 0.0023 -3.0896
1770386330.2152 0 'robobot/drive/T0/vel' 1770386330.2151 89.6960 0.247 0.257 0.0448 0.247 4
1770386330.2157 0 'robobot/drive/T0/mvel' 1770386330.2156 0.247 0.257
1770386330.2194 0 'robobot/drive/T0/pose' 1770386330.2194 89.7010 0.235 -0.001 0.0023 -3.0897
1770386330.2195 0 'robobot/drive/T0/gyro' 1770386330.2194 1.045837 -1.083374 0.778259 89.702
1770386330.2195 0 'robobot/drive/T0/acc' 1770386330.2195 0.043701 0.023682 0.951416 89.702
1770386330.2227 0 'robobot/drive/T0/vel' 1770386330.2227 89.7040 0.256 0.258 0.0079 0.256 4
1770386330.2230 0 'robobot/drive/T0/mvel' 1770386330.2230 0.256 0.258
1770386330.2238 0 'robobot/drive/T0/livn' 1770386330.2238 383 378 388 395 386 377 366 365 5
1770386330.2239 0 'robobot/drive/T0/mot' 1770386330.2238 1.9 1.8 0.1 0.1 0
1770386330.2239 0 'robobot/drive/T0/mca' 1770386330.2239 0.201 0.158 16
1770386330.2250 0 'robobot/drive/T0/pose' 1770386330.2250 89.7060 0.236 -0.001 0.0023 -3.0897
1770386330.2293 0 'robobot/drive/T0/pose' 1770386330.2292 89.7110 0.238 -0.001 0.0012 -3.0898
1770386330.2304 0 'robobot/drive/T0/vel' 1770386330.2304 89.7120 0.257 0.253 -0.0189 0.257 4
1770386330.2314 0 'robobot/drive/T0/mvel' 1770386330.2314 0.257 0.253
1770386330.2315 0 'robobot/drive/T0/gyro' 1770386330.2314 0.832214 2.975464 -0.595032 89.714
1770386330.2315 0 'robobot/drive/T0/acc' 1770386330.2315 0.040771 0.025146 1.059082 89.714
1770386330.2337 0 'robobot/drive/T0/livn' 1770386330.2336 371 375 375 397 385 378 378 365 5
1770386330.2348 0 'robobot/drive/T0/pose' 1770386330.2347 89.7160 0.239 -0.001 0.0023 -3.0896
1770386330.2348 0 'robobot/drive/T0/ird' 1770386330.2348 0.888 0.356 3465 6424 1
1770386330.2391 0 'robobot/drive/T0/vel' 1770386330.2390 89.7200 0.250 0.250 0.0008 0.250 4
1770386330.2391 0 'robobot/drive/T0/pose' 1770386330.2391 89.7210 0.240 -0.001 0.0023 -3.0895
1770386330.2399 0 'robobot/drive/T0/mvel' 1770386330.2399 0.250 0.250
1770386330.2434 0 'robobot/drive/T0/livn' 1770386330.2434 358 363 388 400 399 371 372 362 5
1770386330.2434 0 'robobot/drive/T0/gyro' 1770386330.2434 0.038757 0.808716 0.045837 89.726
1770386330.2435 0 'robobot/drive/T0/acc' 1770386330.2434 0.055908 0.008789 0.957764 89.726
1770386330.2446 0 'robobot/drive/T0/pose' 1770386330.2445 89.7260 0.242 -0.001 0.0023 -3.0896
1770386330.2468 0 'robobot/drive/T0/vel' 1770386330.2467 89.7280 0.247 0.251 0.0194 0.247 4
1770386330.2473 0 'robobot/drive/T0/mvel' 1770386330.2472 0.247 0.251
1770386330.2489 0 'robobot/drive/T0/liv' 1770386330.2489 285 331 361 302 345 362 330 243 25
1770386330.2500 0 'robobot/drive/T0/pose' 1770386330.2500 89.7310 0.243 -0.001 0.0023 -3.0899
1770386330.2543 0 'robobot/drive/T0/livn' 1770386330.2542 375 357 383 391 388 379 374 355 5
1770386330.2543 0 'robobot/drive/T0/pose' 1770386330.2543 89.7360 0.244 -0.001 0.0023 -3.0900
1770386330.2544 0 'robobot/drive/T0/vel' 1770386330.2543 89.7360 0.251 0.254 0.0139 0.251 4
1770386330.2546 0 'robobot/drive/T0/mvel' 1770386330.2546 0.251 0.254
1770386330.2555 0 'robobot/drive/T0/gyro' 1770386330.2554 -0.693665 -0.015259 1.663269 89.738
1770386330.2555 0 'robobot/drive/T0/acc' 1770386330.2555 -0.016602 0.004883 1.032471 89.738
1770386330.2577 0 'robobot/drive/T0/mot' 1770386330.2576 1.9 1.8 0.1 0.1 0
1770386330.2577 0 'robobot/drive/T0/mca' 1770386330.2577 0.196 0.159 17
1770386330.2599 0 'robobot/drive/T0/pose' 1770386330.2598 89.7410 0.246 -0.001 0.0023 -3.0903
1770386330.2599 0 'robobot/drive/T0/ird' 1770386330.2599 0.821 0.344 3625 6589 1
1770386330.2631 0 'robobot/drive/T0/vel' 1770386330.2631 89.7440 0.256 0.253 -0.0156 0.256 4
1770386330.2642 0 'robobot/drive/T0/livn' 1770386330.2641 386 376 395 408 395 377 372 370 5
1770386330.2642 0 'robobot/drive/T0/pose' 1770386330.2642 89.7460 0.247 -0.001 0.0023 -3.0903
1770386330.2642 0 'robobot/drive/T0/mvel' 1770386330.2642 0.256 0.253
1770386330.2685 0 'robobot/drive/T0/gyro' 1770386330.2684 -0.296936 2.456665 2.761902 89.750
1770386330.2685 0 'robobot/drive/T0/acc' 1770386330.2685 0.004150 -0.031738 0.914795 89.750
1770386330.2696 0 'robobot/drive/T0/pose' 1770386330.2696 89.7510 0.248 -0.001 0.0023 -3.0901
1770386330.2707 0 'robobot/drive/T0/vel' 1770386330.2707 89.7520 0.250 0.251 0.0062 0.250 4
1770386330.2716 0 'robobot/drive/T0/mvel' 1770386330.2716 0.250 0.251
1770386330.2739 0 'robobot/drive/T0/livn' 1770386330.2739 382 378 393 394 390 388 376 367 5
1770386330.2750 0 'robobot/drive/T0/pose' 1770386330.2750 89.7560 0.249 -0.001 0.0023 -3.0901
1770386330.2782 0 'robobot/drive/T0/vel' 1770386330.2782 89.7600 0.243 0.252 0.0371 0.243 4
1770386330.2790 0 'robobot/drive/T0/mvel' 1770386330.2790 0.243 0.252
1770386330.2793 0 'robobot/drive/T0/pose' 1770386330.2793 89.7610 0.251 -0.001 0.0023 -3.0903
1770386330.2804 0 'robobot/drive/T0/gyro' 1770386330.2804 -1.029358 -2.761841 3.097595 89.762
1770386330.2805 0 'robobot/drive/T0/acc' 1770386330.2804 0.020508 -0.029053 0.921387 89.762
1770386330.2837 0 'robobot/drive/T0/livn' 1770386330.2836 390 380 398 394 391 388 392 376 5
1770386330.2848 0 'robobot/drive/T0/pose' 1770386330.2848 89.7660 0.251 -0.001 0.0035 -3.0907
1770386330.2848 0 'robobot/drive/T0/ird' 1770386330.2848 0.791 0.322 3708 6935 1
1770386330.2870 0 'robobot/drive/T0/vel' 1770386330.2870 89.7680 0.242 0.254 0.0528 0.242 4
1770386330.2874 0 'robobot/drive/T0/mvel' 1770386330.2874 0.242 0.254
1770386330.2892 0 'robobot/drive/T0/pose' 1770386330.2891 89.7710 0.253 -0.001 0.0023 -3.0913
1770386330.2903 0 'robobot/drive/T0/mot' 1770386330.2902 2 1.8 0.1 0.1 0
1770386330.2903 0 'robobot/drive/T0/mca' 1770386330.2903 0.203 0.162 16
1770386330.2924 0 'robobot/drive/T0/gyro' 1770386330.2924 -1.822815 -1.876831 4.898132 89.774
1770386330.2925 0 'robobot/drive/T0/acc' 1770386330.2924 -0.007812 -0.031494 1.050049 89.774
1770386330.2936 0 'robobot/drive/T0/livn' 1770386330.2935 394 391 392 383 389 386 373 360 5
1770386330.2947 0 'robobot/drive/T0/pose' 1770386330.2946 89.7760 0.254 -0.001 0.0023 -3.0916
1770386330.2947 0 'robobot/drive/T0/vel' 1770386330.2947 89.7770 0.255 0.252 -0.0141 0.255 5
1770386330.2948 0 'robobot/drive/T0/mvel' 1770386330.2948 0.255 0.252
1770386330.2990 0 'robobot/drive/T0/liv' 1770386330.2990 294 339 374 305 347 371 339 250 25
1770386330.3001 0 'robobot/drive/T0/pose' 1770386330.3001 89.7810 0.255 -0.001 0.0035 -3.0915
1770386330.3033 0 'robobot/drive/T0/vel' 1770386330.3033 89.7850 0.251 0.250 -0.0051 0.251 4
1770386330.3034 0 'robobot/drive/T0/livn' 1770386330.3033 389 385 394 396 394 382 373 362 5
1770386330.3042 0 'robobot/drive/T0/mvel' 1770386330.3042 0.251 0.250
1770386330.3045 0 'robobot/drive/T0/gyro' 1770386330.3044 -0.419006 0.747681 3.524841 89.786
1770386330.3045 0 'robobot/drive/T0/acc' 1770386330.3045 0.026123 -0.003906 0.921631 89.786
1770386330.3046 0 'robobot/drive/T0/pose' 1770386330.3045 89.7860 0.256 -0.001 0.0023 -3.0914
1770386330.3099 0 'robobot/drive/T0/pose' 1770386330.3098 89.7910 0.258 -0.001 0.0023 -3.0915
1770386330.3099 0 'robobot/drive/T0/ird' 1770386330.3099 0.774 0.316 3755 7044 1
1770386330.3110 0 'robobot/drive/T0/vel' 1770386330.3110 89.7930 0.245 0.249 0.0177 0.245 4
1770386330.3116 0 'robobot/drive/T0/mvel' 1770386330.3116 0.245 0.249
1770386330.3142 0 'robobot/drive/T0/livn' 1770386330.3142 391 381 389 394 396 388 381 373 5
1770386330.3143 0 'robobot/drive/T0/pose' 1770386330.3142 89.7960 0.259 -0.001 0.0035 -3.0915
1770386330.3164 0 'robobot/drive/T0/gyro' 1770386330.3164 0.557556 0.930786 4.013123 89.798
1770386330.3165 0 'robobot/drive/T0/acc' 1770386330.3164 0.008789 -0.026367 0.998291 89.798
1770386330.3186 0 'robobot/drive/T0/vel' 1770386330.3186 89.8010 0.245 0.252 0.0322 0.245 4
1770386330.3190 0 'robobot/drive/T0/mvel' 1770386330.3190 0.245 0.252
1770386330.3197 0 'robobot/drive/T0/pose' 1770386330.3197 89.8010 0.261 -0.001 0.0035 -3.0915
1770386330.3229 0 'robobot/drive/T0/mot' 1770386330.3229 1.9 1.8 0.1 0.1 0
1770386330.3230 0 'robobot/drive/T0/mca' 1770386330.3229 0.219 0.155 17
1770386330.3241 0 'robobot/drive/T0/livn' 1770386330.3240 397 386 386 392 400 394 381 355 5
1770386330.3241 0 'robobot/drive/T0/pose' 1770386330.3241 89.8070 0.261 -0.001 0.0023 -3.0916
1770386330.3273 0 'robobot/drive/T0/vel' 1770386330.3273 89.8090 0.248 0.254 0.0276 0.248 4
1770386330.3274 0 'robobot/drive/T0/mvel' 1770386330.3274 0.248 0.254
1770386330.3284 0 'robobot/drive/T0/gyro' 1770386330.3284 -1.242981 -0.411987 4.104675 89.810
1770386330.3285 0 'robobot/drive/T0/acc' 1770386330.3284 0.052734 0.013184 1.006592 89.810
1770386330.3296 0 'robobot/drive/T0/pose' 1770386330.3295 89.8120 0.263 -0.001 0.0035 -3.0916
1770386330.3338 0 'robobot/drive/T0/livn' 1770386330.3338 383 380 388 392 390 389 373 358 5
1770386330.3350 0 'robobot/drive/T0/pose' 1770386330.3349 89.8170 0.264 -0.001 0.0035 -3.0915
1770386330.3350 0 'robobot/drive/T0/vel' 1770386330.3350 89.8170 0.250 0.250 -0.0028 0.250 4
1770386330.3350 0 'robobot/drive/T0/ird' 1770386330.3350 0.757 0.299 3808 7358 1
1770386330.3359 0 'robobot/drive/T0/mvel' 1770386330.3359 0.250 0.250
1770386330.3394 0 'robobot/drive/T0/pose' 1770386330.3393 89.8220 0.265 -0.001 0.0023 -3.0914
1770386330.3395 0 'robobot/drive/T0/gyro' 1770386330.3394 1.656189 -0.259399 0.625671 89.822
1770386330.3395 0 'robobot/drive/T0/acc' 1770386330.3395 0.039307 0.020020 0.941162 89.822
1770386330.3428 0 'robobot/drive/T0/vel' 1770386330.3427 89.8250 0.246 0.250 0.0152 0.246 4
1770386330.3433 0 'robobot/drive/T0/mvel' 1770386330.3433 0.246 0.250
1770386330.3439 0 'robobot/drive/T0/livn' 1770386330.3439 407 389 393 401 386 381 369 354 5
1770386330.3450 0 'robobot/drive/T0/pose' 1770386330.3450 89.8270 0.267 -0.001 0.0035 -3.0915
1770386330.3477 0 'robobot/drive/master' 1770386330.3476 2026-02-06 14:58:48.828247
1770386330.3483 0 'robobot/drive/T0/liv' 1770386330.3482 299 344 370 305 349 373 336 245 25
1770386330.3494 0 'robobot/drive/T0/pose' 1770386330.3493 89.8320 0.268 -0.001 0.0035 -3.0916
1770386330.3505 0 'robobot/drive/T0/vel' 1770386330.3504 89.8330 0.254 0.250 -0.0171 0.254 4
1770386330.3507 0 'robobot/drive/T0/mvel' 1770386330.3507 0.254 0.250
1770386330.3516 0 'robobot/drive/T0/gyro' 1770386330.3516 -0.785217 1.083374 2.151550 89.834
1770386330.3517 0 'robobot/drive/T0/acc' 1770386330.3516 0.017822 -0.020264 0.988281 89.834
1770386330.3538 0 'robobot/drive/T0/livn' 1770386330.3538 390 387 387 399 383 385 375 361 5
1770386330.3549 0 'robobot/drive/T0/pose' 1770386330.3549 89.8370 0.270 -0.001 0.0035 -3.0916
1770386330.3560 0 'robobot/drive/T0/mot' 1770386330.3560 1.9 1.8 0.1 0.1 0
1770386330.3561 0 'robobot/drive/T0/mca' 1770386330.3560 0.220 0.161 16
1770386330.3593 0 'robobot/drive/T0/vel' 1770386330.3592 89.8410 0.252 0.254 0.0073 0.252 4
1770386330.3593 0 'robobot/drive/T0/pose' 1770386330.3593 89.8420 0.271 -0.001 0.0023 -3.0917
1770386330.3594 0 'robobot/drive/T0/ird' 1770386330.3593 0.742 0.290 3855 7551 1
1770386330.3602 0 'robobot/drive/T0/mvel' 1770386330.3602 0.252 0.254
1770386330.3636 0 'robobot/drive/T0/livn' 1770386330.3636 404 377 388 397 396 381 374 373 5
1770386330.3637 0 'robobot/drive/T0/gyro' 1770386330.3636 -0.327454 0.625610 2.487244 89.846
1770386330.3637 0 'robobot/drive/T0/acc' 1770386330.3637 0.031494 -0.019043 0.971191 89.846
1770386330.3648 0 'robobot/drive/T0/pose' 1770386330.3648 89.8470 0.272 -0.001 0.0035 -3.0917
1770386330.3670 0 'robobot/drive/T0/vel' 1770386330.3669 89.8490 0.253 0.252 -0.0019 0.253 4
1770386330.3676 0 'robobot/drive/T0/mvel' 1770386330.3676 0.253 0.252
1770386330.3702 0 'robobot/drive/T0/pose' 1770386330.3701 89.8520 0.273 -0.001 0.0035 -3.0917
1770386330.3734 0 'robobot/drive/T0/livn' 1770386330.3733 389 377 382 383 385 377 371 367 5
1770386330.3745 0 'robobot/drive/T0/pose' 1770386330.3745 89.8570 0.274 -0.001 0.0023 -3.0918
1770386330.3746 0 'robobot/drive/T0/vel' 1770386330.3745 89.8570 0.246 0.250 0.0172 0.246 4
1770386330.3750 0 'robobot/drive/T0/mvel' 1770386330.3750 0.246 0.250
1770386330.3757 0 'robobot/drive/T0/gyro' 1770386330.3756 0.954285 0.961304 3.006042 89.858
1770386330.3757 0 'robobot/drive/T0/acc' 1770386330.3757 0.043457 -0.026855 1.084229 89.858
1770386330.3800 0 'robobot/drive/T0/pose' 1770386330.3799 89.8620 0.275 -0.001 0.0035 -3.0918
1770386330.3831 0 'robobot/drive/T0/vel' 1770386330.3831 89.8650 0.246 0.250 0.0150 0.246 4
1770386330.3834 0 'robobot/drive/T0/mvel' 1770386330.3834 0.246 0.250
1770386330.3842 0 'robobot/drive/T0/livn' 1770386330.3842 385 374 386 401 391 380 370 363 5
1770386330.3853 0 'robobot/drive/T0/ird' 1770386330.3853 0.689 0.276 4037 7848 1
1770386330.3854 0 'robobot/drive/T0/pose' 1770386330.3853 89.8670 0.277 -0.001 0.0035 -3.0917
1770386330.3875 0 'robobot/drive/T0/gyro' 1770386330.3875 1.289978 0.839233 3.982605 89.870
1770386330.3876 0 'robobot/drive/T0/acc' 1770386330.3875 0.010986 -0.035156 0.963135 89.870
1770386330.3897 0 'robobot/drive/T0/mot' 1770386330.3897 1.9 1.8 0.1 0.1 0
1770386330.3898 0 'robobot/drive/T0/mca' 1770386330.3897 0.218 0.157 17
1770386330.3898 0 'robobot/drive/T0/pose' 1770386330.3898 89.8720 0.278 -0.001 0.0046 -3.0918
1770386330.3909 0 'robobot/drive/T0/vel' 1770386330.3909 89.8730 0.249 0.251 0.0126 0.249 4
1770386330.3919 0 'robobot/drive/T0/mvel' 1770386330.3919 0.249 0.251
1770386330.3942 0 'robobot/drive/T0/livn' 1770386330.3941 383 384 384 392 387 382 377 361 5
1770386330.3953 0 'robobot/drive/T0/pose' 1770386330.3952 89.8770 0.279 -0.001 0.0035 -3.0918
1770386330.3985 0 'robobot/drive/T0/liv' 1770386330.3984 296 338 364 302 345 367 335 251 25
1770386330.3985 0 'robobot/drive/T0/vel' 1770386330.3985 89.8810 0.248 0.253 0.0207 0.248 4
1770386330.3993 0 'robobot/drive/T0/mvel' 1770386330.3993 0.248 0.253
1770386330.3997 0 'robobot/drive/T0/gyro' 1770386330.3996 2.907410 1.296997 3.097595 89.882
1770386330.3997 0 'robobot/drive/T0/acc' 1770386330.3997 -0.000244 -0.000977 0.960449 89.882
1770386330.3998 0 'robobot/drive/T0/pose' 1770386330.3997 89.8820 0.280 -0.001 0.0035 -3.0917
1770386330.4040 0 'robobot/drive/T0/livn' 1770386330.4040 388 377 383 390 380 382 378 375 5
1770386330.4051 0 'robobot/drive/T0/pose' 1770386330.4051 89.8870 0.282 -0.001 0.0035 -3.0916
1770386330.4073 0 'robobot/drive/T0/vel' 1770386330.4072 89.8890 0.251 0.249 -0.0095 0.251 4
1770386330.4077 0 'robobot/drive/T0/mvel' 1770386330.4077 0.251 0.249
1770386330.4105 0 'robobot/drive/T0/ird' 1770386330.4105 0.649 0.264 4193 8146 1
1770386330.4105 0 'robobot/drive/T0/pose' 1770386330.4105 89.8920 0.283 -0.001 0.0035 -3.0915
1770386330.4117 0 'robobot/drive/T0/gyro' 1770386330.4116 3.670349 1.937866 0.015320 89.894
1770386330.4117 0 'robobot/drive/T0/acc' 1770386330.4117 0.066162 0.016113 0.994141 89.894
1770386330.4139 0 'robobot/drive/T0/livn' 1770386330.4138 378 380 378 372 385 383 375 354 5
1770386330.4150 0 'robobot/drive/T0/vel' 1770386330.4149 89.8970 0.245 0.249 0.0159 0.245 4
1770386330.4150 0 'robobot/drive/T0/pose' 1770386330.4150 89.8970 0.284 -0.001 0.0035 -3.0914
1770386330.4151 0 'robobot/drive/T0/mvel' 1770386330.4151 0.245 0.249
1770386330.4203 0 'robobot/drive/T0/pose' 1770386330.4203 89.9020 0.286 -0.001 0.0035 -3.0915
1770386330.4224 0 'robobot/drive/T0/mot' 1770386330.4224 2 1.8 0.1 0.1 0
1770386330.4225 0 'robobot/drive/T0/mca' 1770386330.4224 0.221 0.161 16
1770386330.4225 0 'robobot/drive/T0/vel' 1770386330.4225 89.9050 0.251 0.249 -0.0085 0.251 4
1770386330.4235 0 'robobot/drive/T0/mvel' 1770386330.4235 0.251 0.249
1770386330.4236 0 'robobot/drive/T0/livn' 1770386330.4236 375 388 383 396 399 387 373 358 5
1770386330.4237 0 'robobot/drive/T0/gyro' 1770386330.4236 0.069275 -1.235962 0.228943 89.906
1770386330.4237 0 'robobot/drive/T0/acc' 1770386330.4237 0.008789 -0.002197 0.926514 89.906
1770386330.4248 0 'robobot/drive/T0/pose' 1770386330.4248 89.9070 0.287 -0.001 0.0035 -3.0918
1770386330.4301 0 'robobot/drive/T0/pose' 1770386330.4301 89.9120 0.288 -0.001 0.0035 -3.0920
1770386330.4312 0 'robobot/drive/T0/vel' 1770386330.4312 89.9130 0.255 0.251 -0.0170 0.255 4
1770386330.4320 0 'robobot/drive/T0/mvel' 1770386330.4320 0.255 0.251
1770386330.4334 0 'robobot/drive/T0/livn' 1770386330.4333 379 377 385 383 388 379 372 358 5
1770386330.4355 0 'robobot/drive/T0/ird' 1770386330.4355 0.596 0.256 4436 8340 1
1770386330.4356 0 'robobot/drive/T0/pose' 1770386330.4355 89.9170 0.290 -0.001 0.0035 -3.0924
1770386330.4356 0 'robobot/drive/T0/gyro' 1770386330.4356 1.534119 -2.120972 -0.076233 89.918
1770386330.4357 0 'robobot/drive/T0/acc' 1770386330.4356 0.008789 0.040283 1.039307 89.918
1770386330.4389 0 'robobot/drive/T0/vel' 1770386330.4388 89.9210 0.256 0.251 -0.0186 0.256 4
1770386330.4394 0 'robobot/drive/T0/mvel' 1770386330.4394 0.256 0.251
1770386330.4400 0 'robobot/drive/T0/pose' 1770386330.4400 89.9220 0.290 -0.001 0.0023 -3.0924
1770386330.4443 0 'robobot/drive/T0/livn' 1770386330.4442 377 377 384 378 391 385 374 358 5
1770386330.4454 0 'robobot/drive/T0/pose' 1770386330.4453 89.9270 0.292 -0.001 0.0035 -3.0925
1770386330.4465 0 'robobot/drive/T0/vel' 1770386330.4464 89.9290 0.247 0.249 0.0081 0.247 4
1770386330.4468 0 'robobot/drive/T0/mvel' 1770386330.4467 0.247 0.249
1770386330.4476 0 'robobot/drive/T0/gyro' 1770386330.4475 1.289978 1.632690 -0.533997 89.930
1770386330.4476 0 'robobot/drive/T0/acc' 1770386330.4476 0.040039 0.020020 0.929199 89.930
1770386330.4487 0 'robobot/drive/T0/liv' 1770386330.4487 290 339 360 293 345 369 333 243 25
1770386330.4498 0 'robobot/drive/T0/pose' 1770386330.4498 89.9320 0.293 -0.001 0.0035 -3.0925
1770386330.4541 0 'robobot/drive/T0/livn' 1770386330.4540 395 374 368 370 387 382 359 341 5
1770386330.4552 0 'robobot/drive/T0/vel' 1770386330.4551 89.9370 0.246 0.249 0.0137 0.246 4
1770386330.4552 0 'robobot/drive/T0/mot' 1770386330.4552 1.9 1.8 0.1 0.1 0
1770386330.4553 0 'robobot/drive/T0/mca' 1770386330.4552 0.209 0.156 17
1770386330.4553 0 'robobot/drive/T0/pose' 1770386330.4553 89.9370 0.294 -0.001 0.0046 -3.0926
1770386330.4563 0 'robobot/drive/T0/mvel' 1770386330.4562 0.246 0.249
1770386330.4596 0 'robobot/drive/T0/gyro' 1770386330.4595 -1.181946 -1.815796 1.602234 89.942
1770386330.4596 0 'robobot/drive/T0/acc' 1770386330.4596 0.031982 -0.001709 0.937500 89.942
1770386330.4607 0 'robobot/drive/T0/ird' 1770386330.4607 0.568 0.247 4581 8594 1
1770386330.4608 0 'robobot/drive/T0/pose' 1770386330.4607 89.9420 0.295 -0.001 0.0035 -3.0928
1770386330.4629 0 'robobot/drive/T0/vel' 1770386330.4629 89.9450 0.249 0.252 0.0125 0.249 4
1770386330.4636 0 'robobot/drive/T0/mvel' 1770386330.4636 0.249 0.252
1770386330.4640 0 'robobot/drive/T0/livn' 1770386330.4640 384 382 383 386 383 374 372 354 5
1770386330.4651 0 'robobot/drive/T0/pose' 1770386330.4651 89.9470 0.297 -0.001 0.0035 -3.0931
1770386330.4704 0 'robobot/drive/T0/pose' 1770386330.4704 89.9520 0.298 -0.001 0.0035 -3.0933
1770386330.4705 0 'robobot/drive/T0/vel' 1770386330.4704 89.9530 0.252 0.252 0.0025 0.252 4
1770386330.4710 0 'robobot/drive/T0/mvel' 1770386330.4710 0.252 0.252
1770386330.4716 0 'robobot/drive/T0/gyro' 1770386330.4715 0.893250 0.076294 1.693787 89.954
1770386330.4716 0 'robobot/drive/T0/acc' 1770386330.4716 -0.022217 -0.008545 1.094482 89.954
1770386330.4738 0 'robobot/drive/T0/livn' 1770386330.4737 378 376 384 380 384 375 378 354 5
1770386330.4749 0 'robobot/drive/T0/pose' 1770386330.4748 89.9570 0.299 -0.001 0.0023 -3.0934
1770386330.4791 0 'robobot/drive/T0/vel' 1770386330.4791 89.9610 0.253 0.247 -0.0260 0.253 4
1770386330.4795 0 'robobot/drive/T0/mvel' 1770386330.4795 0.253 0.247
1770386330.4802 0 'robobot/drive/T0/pose' 1770386330.4802 89.9620 0.300 -0.001 0.0035 -3.0933
1770386330.4834 0 'robobot/drive/T0/livn' 1770386330.4834 379 383 387 376 385 383 379 369 5
1770386330.4835 0 'robobot/drive/T0/gyro' 1770386330.4834 0.954285 1.968384 1.297058 89.966
1770386330.4835 0 'robobot/drive/T0/acc' 1770386330.4835 0.095459 -0.037109 1.031494 89.966
1770386330.4857 0 'robobot/drive/T0/ird' 1770386330.4856 0.536 0.245 4766 8648 1
1770386330.4857 0 'robobot/drive/T0/pose' 1770386330.4857 89.9670 0.302 -0.001 0.0035 -3.0931
1770386330.4868 0 'robobot/drive/T0/vel' 1770386330.4868 89.9690 0.243 0.248 0.0235 0.243 4
1770386330.4869 0 'robobot/drive/T0/mvel' 1770386330.4868 0.243 0.248
1770386330.4879 0 'robobot/drive/T0/mot' 1770386330.4879 2 1.8 0.1 0.1 0
1770386330.4880 0 'robobot/drive/T0/mca' 1770386330.4879 0.219 0.157 16
1770386330.4901 0 'robobot/drive/T0/pose' 1770386330.4901 89.9720 0.303 -0.001 0.0046 -3.0932
1770386330.4933 0 'robobot/drive/T0/livn' 1770386330.4933 363 366 386 390 377 370 368 357 5
1770386330.4944 0 'robobot/drive/T0/vel' 1770386330.4944 89.9770 0.245 0.249 0.0180 0.245 4
1770386330.4953 0 'robobot/drive/T0/mvel' 1770386330.4953 0.245 0.249
1770386330.4955 0 'robobot/drive/T0/pose' 1770386330.4955 89.9770 0.304 -0.001 0.0035 -3.0932
1770386330.4956 0 'robobot/drive/T0/gyro' 1770386330.4955 -0.663147 -2.059937 1.480164 89.978
1770386330.4956 0 'robobot/drive/T0/acc' 1770386330.4956 0.011963 -0.052734 0.793213 89.978
1770386330.4988 0 'robobot/drive/T0/liv' 1770386330.4988 286 335 365 296 341 363 336 244 25
1770386330.4999 0 'robobot/drive/T0/pose' 1770386330.4999 89.9820 0.305 -0.001 0.0035 -3.0935
1770386330.5031 0 'robobot/drive/T0/vel' 1770386330.5031 89.9850 0.252 0.253 0.0024 0.252 4
1770386330.5038 0 'robobot/drive/T0/mvel' 1770386330.5038 0.252 0.253
1770386330.5042 0 'robobot/drive/T0/livn' 1770386330.5042 382 373 388 399 394 377 370 357 5
1770386330.5053 0 'robobot/drive/T0/pose' 1770386330.5053 89.9870 0.307 -0.001 0.0035 -3.0940
1770386330.5075 0 'robobot/drive/T0/gyro' 1770386330.5074 1.839294 -2.029419 2.029480 89.990
1770386330.5075 0 'robobot/drive/T0/acc' 1770386330.5075 0.033203 -0.009033 0.970703 89.990
1770386330.5107 0 'robobot/drive/T0/ird' 1770386330.5106 0.536 0.236 4765 8920 1
1770386330.5107 0 'robobot/drive/T0/pose' 1770386330.5107 89.9920 0.308 -0.001 0.0023 -3.0942
1770386330.5108 0 'robobot/drive/T0/vel' 1770386330.5107 89.9930 0.260 0.252 -0.0327 0.260 4
1770386330.5112 0 'robobot/drive/T0/mvel' 1770386330.5112 0.260 0.252
1770386330.5140 0 'robobot/drive/T0/livn' 1770386330.5139 376 378 387 393 381 378 372 364 5
1770386330.5151 0 'robobot/drive/T0/pose' 1770386330.5150 89.9970 0.309 -0.001 0.0035 -3.0942
1770386330.5183 0 'robobot/drive/T0/vel' 1770386330.5182 90.0010 0.250 0.249 -0.0001 0.250 4
1770386330.5186 0 'robobot/drive/T0/mvel' 1770386330.5186 0.250 0.249
1770386330.5194 0 'robobot/drive/T0/gyro' 1770386330.5193 0.496521 1.113892 0.625671 90.002
1770386330.5194 0 'robobot/drive/T0/acc' 1770386330.5194 0.082764 0.049072 1.086914 90.002
1770386330.5205 0 'robobot/drive/T0/pose' 1770386330.5205 90.0020 0.311 -0.001 0.0035 -3.0941
1770386330.5216 0 'robobot/drive/T0/mot' 1770386330.5216 1.9 1.8 0.1 0.1 0
1770386330.5217 0 'robobot/drive/T0/mca' 1770386330.5216 0.213 0.160 17
1770386330.5238 0 'robobot/drive/T0/livn' 1770386330.5238 381 380 386 391 382 380 371 366 5
1770386330.5249 0 'robobot/drive/T0/pose' 1770386330.5249 90.0070 0.312 -0.001 0.0046 -3.0941
1770386330.5271 0 'robobot/drive/T0/vel' 1770386330.5270 90.0090 0.242 0.248 0.0281 0.242 4
1770386330.5281 0 'robobot/drive/T0/mvel' 1770386330.5280 0.242 0.248
1770386330.5303 0 'robobot/drive/T0/pose' 1770386330.5302 90.0120 0.313 -0.001 0.0035 -3.0942
1770386330.5314 0 'robobot/drive/T0/gyro' 1770386330.5313 -1.059875 -0.137329 2.822937 90.014
1770386330.5314 0 'robobot/drive/T0/acc' 1770386330.5314 0.021729 -0.004150 0.910889 90.014
1770386330.5336 0 'robobot/drive/T0/livn' 1770386330.5335 382 387 386 376 371 382 381 370 5
1770386330.5347 0 'robobot/drive/T0/vel' 1770386330.5346 90.0170 0.249 0.252 0.0143 0.249 4
1770386330.5347 0 'robobot/drive/T0/ird' 1770386330.5347 0.558 0.230 4633 9139 1
1770386330.5355 0 'robobot/drive/T0/mvel' 1770386330.5354 0.249 0.252
1770386330.5359 0 'robobot/drive/T0/pose' 1770386330.5358 90.0170 0.315 -0.001 0.0035 -3.0943
1770386330.5401 0 'robobot/drive/T0/pose' 1770386330.5401 90.0220 0.315 -0.001 0.0046 -3.0944
1770386330.5423 0 'robobot/drive/T0/vel' 1770386330.5423 90.0250 0.255 0.255 -0.0033 0.255 4
1770386330.5429 0 'robobot/drive/T0/mvel' 1770386330.5428 0.255 0.255
1770386330.5434 0 'robobot/drive/T0/livn' 1770386330.5434 386 378 393 402 390 381 372 361 5
1770386330.5435 0 'robobot/drive/T0/gyro' 1770386330.5435 -0.724182 -0.808716 3.494324 90.026
1770386330.5436 0 'robobot/drive/T0/acc' 1770386330.5435 0.040771 0.026855 0.983154 90.026
1770386330.5457 0 'robobot/drive/T0/pose' 1770386330.5457 90.0270 0.317 -0.001 0.0035 -3.0946
1770386330.5458 0 'robobot/drive/T0/hbt' 1770386330.5457 90.0280 107 1033 11.72 4 8 9.0 0.69 0
1770386330.5490 0 'robobot/drive/T0/liv' 1770386330.5489 288 339 368 301 342 366 333 248 26
1770386330.5501 0 'robobot/drive/T0/pose' 1770386330.5500 90.0320 0.318 -0.001 0.0035 -3.0944
1770386330.5512 0 'robobot/drive/T0/vel' 1770386330.5511 90.0330 0.253 0.251 -0.0097 0.253 4
1770386330.5513 0 'robobot/drive/T0/mvel' 1770386330.5513 0.253 0.251
1770386330.5534 0 'robobot/drive/T0/livn' 1770386330.5533 370 376 390 393 394 383 371 369 5
1770386330.5544 0 'robobot/drive/T0/mot' 1770386330.5544 1.9 1.8 0.1 0.1 0
1770386330.5545 0 'robobot/drive/T0/mca' 1770386330.5544 0.222 0.151 16
1770386330.5556 0 'robobot/drive/T0/pose' 1770386330.5555 90.0370 0.319 -0.001 0.0046 -3.0943
1770386330.5556 0 'robobot/drive/T0/gyro' 1770386330.5556 1.045837 2.456665 1.174988 90.038
1770386330.5557 0 'robobot/drive/T0/acc' 1770386330.5556 0.066650 -0.027344 1.145264 90.038
1770386330.5589 0 'robobot/drive/T0/vel' 1770386330.5589 90.0410 0.243 0.249 0.0257 0.243 4
1770386330.5598 0 'robobot/drive/T0/mvel' 1770386330.5598 0.243 0.249
1770386330.5600 0 'robobot/drive/T0/ird' 1770386330.5600 0.587 0.223 4480 9364 1
1770386330.5601 0 'robobot/drive/T0/pose' 1770386330.5600 90.0420 0.321 -0.001 0.0046 -3.0942
1770386330.5633 0 'robobot/drive/T0/livn' 1770386330.5632 385 373 391 403 399 388 372 365 5
1770386330.5654 0 'robobot/drive/T0/pose' 1770386330.5654 90.0470 0.322 -0.001 0.0035 -3.0941
1770386330.5665 0 'robobot/drive/T0/vel' 1770386330.5665 90.0490 0.249 0.250 0.0043 0.249 4
1770386330.5672 0 'robobot/drive/T0/mvel' 1770386330.5672 0.249 0.250
1770386330.5676 0 'robobot/drive/T0/gyro' 1770386330.5676 -0.083313 0.503540 2.426208 90.050
1770386330.5677 0 'robobot/drive/T0/acc' 1770386330.5676 0.015381 -0.048096 0.846924 90.050
1770386330.5699 0 'robobot/drive/T0/pose' 1770386330.5698 90.0520 0.323 -0.001 0.0035 -3.0942
1770386330.5741 0 'robobot/drive/T0/livn' 1770386330.5740 382 387 384 399 396 380 365 357 5
1770386330.5752 0 'robobot/drive/T0/vel' 1770386330.5752 90.0570 0.253 0.254 0.0061 0.253 4
1770386330.5753 0 'robobot/drive/T0/pose' 1770386330.5752 90.0570 0.324 -0.001 0.0046 -3.0945
1770386330.5756 0 'robobot/drive/T0/mvel' 1770386330.5756 0.253 0.254
1770386330.5795 0 'robobot/drive/T0/gyro' 1770386330.5794 2.602234 -1.663208 2.243103 90.062
1770386330.5795 0 'robobot/drive/T0/acc' 1770386330.5795 0.032959 0.001465 1.024658 90.062
1770386330.5806 0 'robobot/drive/T0/pose' 1770386330.5806 90.0620 0.326 -0.001 0.0046 -3.0948
1770386330.5828 0 'robobot/drive/T0/vel' 1770386330.5827 90.0650 0.257 0.257 0.0002 0.257 4
1770386330.5830 0 'robobot/drive/T0/mvel' 1770386330.5830 0.257 0.257
1770386330.5839 0 'robobot/drive/T0/livn' 1770386330.5838 382 382 393 400 393 375 368 367 5
1770386330.5850 0 'robobot/drive/T0/ird' 1770386330.5850 0.634 0.219 4259 9502 1
1770386330.5850 0 'robobot/drive/T0/pose' 1770386330.5850 90.0670 0.327 -0.001 0.0035 -3.0950
1770386330.5872 0 'robobot/drive/T0/mot' 1770386330.5872 1.9 1.7 0.1 0.1 0
1770386330.5872 0 'robobot/drive/T0/mca' 1770386330.5872 0.209 0.148 17
1770386330.5904 0 'robobot/drive/T0/pose' 1770386330.5904 90.0720 0.328 -0.001 0.0046 -3.0950
1770386330.5905 0 'robobot/drive/T0/vel' 1770386330.5904 90.0730 0.248 0.257 0.0397 0.248 4
1770386330.5914 0 'robobot/drive/T0/mvel' 1770386330.5914 0.248 0.257
1770386330.5916 0 'robobot/drive/T0/gyro' 1770386330.5915 1.198425 1.022339 0.778259 90.074
1770386330.5916 0 'robobot/drive/T0/acc' 1770386330.5916 -0.003418 -0.021484 1.038330 90.074
1770386330.5938 0 'robobot/drive/T0/livn' 1770386330.5937 370 378 395 394 391 383 378 371 5
1770386330.5949 0 'robobot/drive/T0/pose' 1770386330.5949 90.0770 0.330 -0.001 0.0046 -3.0950
1770386330.5992 0 'robobot/drive/T0/liv' 1770386330.5991 287 339 370 306 350 367 333 250 25
1770386330.5992 0 'robobot/drive/T0/vel' 1770386330.5992 90.0810 0.246 0.253 0.0293 0.246 4
1770386330.5999 0 'robobot/drive/T0/mvel' 1770386330.5999 0.246 0.253
1770386330.6003 0 'robobot/drive/T0/pose' 1770386330.6003 90.0820 0.331 -0.001 0.0046 -3.0950
1770386330.6035 0 'robobot/drive/T0/livn' 1770386330.6035 378 384 393 389 388 377 375 368 5
1770386330.6036 0 'robobot/drive/T0/gyro' 1770386330.6035 -0.937805 -0.198364 2.151550 90.086
1770386330.6036 0 'robobot/drive/T0/acc' 1770386330.6036 0.010254 -0.001465 0.887207 90.086
1770386330.6058 0 'robobot/drive/T0/pose' 1770386330.6057 90.0870 0.332 -0.001 0.0046 -3.0951
1770386330.6069 0 'robobot/drive/T0/vel' 1770386330.6068 90.0890 0.250 0.251 0.0045 0.250 4
1770386330.6073 0 'robobot/drive/T0/mvel' 1770386330.6073 0.250 0.251
1770386330.6101 0 'robobot/drive/T0/ird' 1770386330.6100 0.670 0.217 4110 9595 1
1770386330.6101 0 'robobot/drive/T0/pose' 1770386330.6101 90.0920 0.333 -0.001 0.0046 -3.0953
1770386330.6133 0 'robobot/drive/T0/livn' 1770386330.6132 387 388 396 390 386 361 372 368 5
1770386330.6144 0 'robobot/drive/T0/vel' 1770386330.6143 90.0970 0.252 0.253 0.0033 0.252 4
1770386330.6147 0 'robobot/drive/T0/mvel' 1770386330.6146 0.252 0.253
1770386330.6155 0 'robobot/drive/T0/pose' 1770386330.6155 90.0970 0.335 -0.001 0.0046 -3.0955
1770386330.6156 0 'robobot/drive/T0/gyro' 1770386330.6155 1.442566 1.144409 1.785339 90.098
1770386330.6156 0 'robobot/drive/T0/acc' 1770386330.6156 0.087891 0.088135 1.027344 90.098
1770386330.6199 0 'robobot/drive/T0/mot' 1770386330.6198 1.9 1.8 0.1 0.1 0
1770386330.6199 0 'robobot/drive/T0/mca' 1770386330.6199 0.223 0.129 16
1770386330.6199 0 'robobot/drive/T0/pose' 1770386330.6199 90.1020 0.336 -0.001 0.0046 -3.0955
1770386330.6232 0 'robobot/drive/T0/vel' 1770386330.6231 90.1050 0.250 0.252 0.0096 0.250 4
1770386330.6241 0 'robobot/drive/T0/mvel' 1770386330.6241 0.250 0.252
1770386330.6243 0 'robobot/drive/T0/livn' 1770386330.6242 383 379 390 401 401 372 362 362 5
1770386330.6254 0 'robobot/drive/T0/pose' 1770386330.6253 90.1070 0.337 -0.001 0.0046 -3.0952
1770386330.6275 0 'robobot/drive/T0/gyro' 1770386330.6275 0.008240 1.358032 0.381531 90.110
1770386330.6276 0 'robobot/drive/T0/acc' 1770386330.6275 0.036865 0.011230 0.947021 90.110
1770386330.6308 0 'robobot/drive/T0/pose' 1770386330.6307 90.1120 0.338 -0.001 0.0046 -3.0951
1770386330.6308 0 'robobot/drive/T0/vel' 1770386330.6308 90.1130 0.239 0.253 0.0599 0.239 4
1770386330.6315 0 'robobot/drive/T0/mvel' 1770386330.6315 0.239 0.253
1770386330.6341 0 'robobot/drive/T0/livn' 1770386330.6340 383 386 396 393 395 378 373 374 5
1770386330.6352 0 'robobot/drive/T0/ird' 1770386330.6351 0.669 0.214 4112 9703 1
1770386330.6352 0 'robobot/drive/T0/pose' 1770386330.6352 90.1170 0.340 -0.001 0.0058 -3.0951
1770386330.6384 0 'robobot/drive/T0/vel' 1770386330.6384 90.1210 0.244 0.251 0.0306 0.244 4
1770386330.6389 0 'robobot/drive/T0/mvel' 1770386330.6389 0.244 0.251
1770386330.6395 0 'robobot/drive/T0/gyro' 1770386330.6395 -1.120911 -1.266479 1.937927 90.122
1770386330.6396 0 'robobot/drive/T0/acc' 1770386330.6395 -0.003906 -0.025146 0.875244 90.122
1770386330.6407 0 'robobot/drive/T0/pose' 1770386330.6406 90.1220 0.341 -0.001 0.0058 -3.0954
1770386330.6439 0 'robobot/drive/T0/livn' 1770386330.6438 386 385 389 398 404 381 368 370 5
1770386330.6450 0 'robobot/drive/T0/pose' 1770386330.6449 90.1270 0.342 -0.001 0.0058 -3.0956
1770386330.6472 0 'robobot/drive/T0/vel' 1770386330.6471 90.1290 0.253 0.254 0.0049 0.253 4
1770386330.6473 0 'robobot/drive/T0/mvel' 1770386330.6473 0.253 0.254
1770386330.6483 0 'robobot/drive/T0/liv' 1770386330.6482 291 345 371 303 350 361 333 249 25
1770386330.6504 0 'robobot/drive/T0/pose' 1770386330.6504 90.1320 0.343 -0.001 0.0046 -3.0959
1770386330.6515 0 'robobot/drive/T0/gyro' 1770386330.6515 -0.449524 -0.564575 0.961365 90.134
1770386330.6516 0 'robobot/drive/T0/acc' 1770386330.6515 0.076904 0.000488 1.163330 90.134
1770386330.6537 0 'robobot/drive/T0/mot' 1770386330.6537 1.9 1.7 0.1 0.1 0
1770386330.6537 0 'robobot/drive/T0/mca' 1770386330.6537 0.231 0.130 17
1770386330.6538 0 'robobot/drive/T0/livn' 1770386330.6537 379 391 386 386 385 381 381 360 5
1770386330.6549 0 'robobot/drive/T0/vel' 1770386330.6548 90.1370 0.256 0.256 -0.0011 0.256 4
1770386330.6549 0 'robobot/drive/T0/pose' 1770386330.6549 90.1370 0.345 -0.001 0.0058 -3.0959
1770386330.6558 0 'robobot/drive/T0/mvel' 1770386330.6558 0.256 0.256
1770386330.6603 0 'robobot/drive/T0/ird' 1770386330.6602 0.695 0.215 4015 9670 1
1770386330.6603 0 'robobot/drive/T0/pose' 1770386330.6603 90.1420 0.346 -0.001 0.0058 -3.0957
1770386330.6625 0 'robobot/drive/T0/vel' 1770386330.6624 90.1450 0.248 0.253 0.0224 0.248 4
1770386330.6632 0 'robobot/drive/T0/mvel' 1770386330.6631 0.248 0.253
1770386330.6636 0 'robobot/drive/T0/livn' 1770386330.6635 388 385 389 395 389 372 369 361 5
1770386330.6636 0 'robobot/drive/T0/gyro' 1770386330.6636 -1.670227 1.724243 1.083435 90.146
1770386330.6637 0 'robobot/drive/T0/acc' 1770386330.6636 0.051758 -0.041748 1.124023 90.146
1770386330.6658 0 'robobot/drive/T0/pose' 1770386330.6658 90.1470 0.347 -0.001 0.0058 -3.0957
1770386330.6701 0 'robobot/drive/T0/pose' 1770386330.6700 90.1520 0.348 -0.001 0.0058 -3.0956
1770386330.6712 0 'robobot/drive/T0/vel' 1770386330.6711 90.1530 0.244 0.250 0.0246 0.244 4
1770386330.6716 0 'robobot/drive/T0/mvel' 1770386330.6716 0.244 0.250
1770386330.6733 0 'robobot/drive/T0/livn' 1770386330.6733 377 382 399 394 394 375 374 359 5
1770386330.6755 0 'robobot/drive/T0/pose' 1770386330.6754 90.1570 0.350 -0.001 0.0058 -3.0957
1770386330.6755 0 'robobot/drive/T0/gyro' 1770386330.6755 -2.127991 -0.015259 2.487244 90.158
1770386330.6756 0 'robobot/drive/T0/acc' 1770386330.6755 0.016357 -0.016357 0.851562 90.158
1770386330.6787 0 'robobot/drive/T0/vel' 1770386330.6787 90.1610 0.249 0.250 0.0068 0.249 4
1770386330.6790 0 'robobot/drive/T0/mvel' 1770386330.6790 0.249 0.250
1770386330.6799 0 'robobot/drive/T0/pose' 1770386330.6798 90.1620 0.351 -0.001 0.0069 -3.0958
1770386330.6841 0 'robobot/drive/T0/livn' 1770386330.6841 384 379 390 383 387 380 372 365 5
1770386330.6852 0 'robobot/drive/T0/ird' 1770386330.6852 0.710 0.209 3961 9909 1
1770386330.6853 0 'robobot/drive/T0/pose' 1770386330.6852 90.1670 0.352 -0.001 0.0069 -3.0963
1770386330.6863 0 'robobot/drive/T0/mot' 1770386330.6863 1.9 1.8 0.1 0.1 0
1770386330.6864 0 'robobot/drive/T0/mca' 1770386330.6863 0.231 0.125 16
1770386330.6864 0 'robobot/drive/T0/vel' 1770386330.6864 90.1690 0.251 0.255 0.0187 0.251 4
1770386330.6874 0 'robobot/drive/T0/mvel' 1770386330.6874 0.251 0.255
1770386330.6875 0 'robobot/drive/T0/gyro' 1770386330.6875 1.259460 -0.534058 0.930847 90.170
1770386330.6876 0 'robobot/drive/T0/acc' 1770386330.6875 0.107422 0.040039 1.017578 90.170
1770386330.6908 0 'robobot/drive/T0/pose' 1770386330.6907 90.1720 0.353 -0.001 0.0058 -3.0963
1770386330.6940 0 'robobot/drive/T0/livn' 1770386330.6939 385 391 386 380 373 376 372 365 5
1770386330.6951 0 'robobot/drive/T0/vel' 1770386330.6950 90.1770 0.253 0.254 0.0070 0.253 4
1770386330.6951 0 'robobot/drive/T0/pose' 1770386330.6951 90.1770 0.355 -0.001 0.0058 -3.0964
1770386330.6959 0 'robobot/drive/T0/mvel' 1770386330.6959 0.253 0.254
1770386330.6983 0 'robobot/drive/T0/liv' 1770386330.6983 291 344 372 300 342 362 333 249 25
1770386330.6994 0 'robobot/drive/T0/gyro' 1770386330.6994 -0.419006 0.473022 0.717224 90.182
1770386330.6995 0 'robobot/drive/T0/acc' 1770386330.6994 0.011230 -0.041748 1.142578 90.182
1770386330.7006 0 'robobot/drive/T0/pose' 1770386330.7005 90.1820 0.356 -0.001 0.0069 -3.0964
1770386330.7027 0 'robobot/drive/T0/vel' 1770386330.7027 90.1850 0.243 0.253 0.0415 0.243 4
1770386330.7033 0 'robobot/drive/T0/mvel' 1770386330.7032 0.243 0.253
1770386330.7038 0 'robobot/drive/T0/livn' 1770386330.7038 381 385 398 396 380 377 373 368 5
1770386330.7049 0 'robobot/drive/T0/pose' 1770386330.7049 90.1870 0.357 -0.001 0.0058 -3.0962
1770386330.7103 0 'robobot/drive/T0/ird' 1770386330.7102 0.648 0.212 4199 9762 1
1770386330.7103 0 'robobot/drive/T0/pose' 1770386330.7103 90.1920 0.358 -0.001 0.0069 -3.0962
1770386330.7104 0 'robobot/drive/T0/vel' 1770386330.7103 90.1930 0.241 0.249 0.0377 0.241 4
1770386330.7106 0 'robobot/drive/T0/mvel' 1770386330.7106 0.241 0.249
1770386330.7115 0 'robobot/drive/T0/gyro' 1770386330.7114 -0.052795 1.571655 0.839294 90.194
1770386330.7115 0 'robobot/drive/T0/acc' 1770386330.7115 0.001221 -0.034668 0.994385 90.194
1770386330.7137 0 'robobot/drive/T0/livn' 1770386330.7136 376 384 390 392 388 376 372 367 5
1770386330.7148 0 'robobot/drive/T0/pose' 1770386330.7147 90.1970 0.360 -0.001 0.0069 -3.0962
1770386330.7190 0 'robobot/drive/T0/vel' 1770386330.7190 90.2010 0.248 0.252 0.0147 0.248 4
1770386330.7191 0 'robobot/drive/T0/mot' 1770386330.7190 2 1.7 0.1 0.1 0
1770386330.7191 0 'robobot/drive/T0/mvel' 1770386330.7191 0.248 0.252
1770386330.7191 0 'robobot/drive/T0/mca' 1770386330.7191 0.239 0.121 17
1770386330.7202 0 'robobot/drive/T0/pose' 1770386330.7202 90.2020 0.361 -0.001 0.0069 -3.0964
1770386330.7234 0 'robobot/drive/T0/livn' 1770386330.7234 384 390 393 396 385 370 370 365 5
1770386330.7235 0 'robobot/drive/T0/gyro' 1770386330.7234 1.106873 -1.968384 0.106873 90.206
1770386330.7235 0 'robobot/drive/T0/acc' 1770386330.7235 0.068115 -0.000977 0.959961 90.206
1770386330.7257 0 'robobot/drive/T0/pose' 1770386330.7256 90.2070 0.362 -0.001 0.0069 -3.0967
1770386330.7268 0 'robobot/drive/T0/vel' 1770386330.7267 90.2090 0.252 0.252 -0.0015 0.252 4
1770386330.7275 0 'robobot/drive/T0/mvel' 1770386330.7275 0.252 0.252
1770386330.7300 0 'robobot/drive/T0/pose' 1770386330.7299 90.2120 0.363 -0.001 0.0069 -3.0969
1770386330.7343 0 'robobot/drive/T0/livn' 1770386330.7342 385 388 387 384 373 369 372 362 5
1770386330.7343 0 'robobot/drive/T0/vel' 1770386330.7343 90.2170 0.249 0.251 0.0098 0.249 4
1770386330.7349 0 'robobot/drive/T0/mvel' 1770386330.7349 0.249 0.251
1770386330.7354 0 'robobot/drive/T0/ird' 1770386330.7354 0.643 0.212 4220 9776 1
1770386330.7355 0 'robobot/drive/T0/pose' 1770386330.7354 90.2170 0.365 -0.001 0.0069 -3.0969
1770386330.7355 0 'robobot/drive/T0/gyro' 1770386330.7355 0.710144 -0.259399 -0.625549 90.218
1770386330.7356 0 'robobot/drive/T0/acc' 1770386330.7355 0.016846 -0.046387 1.024414 90.218
1770386330.7399 0 'robobot/drive/T0/pose' 1770386330.7398 90.2220 0.365 -0.000 0.0069 -3.0968
1770386330.7431 0 'robobot/drive/T0/vel' 1770386330.7430 90.2250 0.243 0.250 0.0319 0.243 4
1770386330.7435 0 'robobot/drive/T0/mvel' 1770386330.7435 0.243 0.250
1770386330.7442 0 'robobot/drive/T0/livn' 1770386330.7442 386 394 390 394 370 372 372 368 5
1770386330.7453 0 'robobot/drive/T0/pose' 1770386330.7453 90.2270 0.367 -0.000 0.0069 -3.0969
1770386330.7475 0 'robobot/drive/T0/gyro' 1770386330.7474 2.480164 1.754761 1.358093 90.230
1770386330.7475 0 'robobot/drive/T0/acc' 1770386330.7475 -0.006592 0.005127 0.965576 90.230
1770386330.7486 0 'robobot/drive/T0/liv' 1770386330.7486 290 345 369 302 337 358 333 248 25
1770386330.7508 0 'robobot/drive/T0/pose' 1770386330.7507 90.2320 0.368 -0.000 0.0069 -3.0970
1770386330.7508 0 'robobot/drive/T0/vel' 1770386330.7508 90.2330 0.248 0.250 0.0059 0.248 4
1770386330.7510 0 'robobot/drive/T0/mvel' 1770386330.7509 0.248 0.250
1770386330.7519 0 'robobot/drive/T0/mot' 1770386330.7519 2 1.7 0.1 0.1 0
1770386330.7520 0 'robobot/drive/T0/mca' 1770386330.7519 0.252 0.125 16
1770386330.7541 0 'robobot/drive/T0/livn' 1770386330.7541 381 377 389 393 379 365 372 364 5
1770386330.7552 0 'robobot/drive/T0/pose' 1770386330.7552 90.2370 0.370 -0.000 0.0081 -3.0973
1770386330.7584 0 'robobot/drive/T0/vel' 1770386330.7584 90.2410 0.250 0.252 0.0087 0.250 4
1770386330.7594 0 'robobot/drive/T0/mvel' 1770386330.7594 0.250 0.252
1770386330.7595 0 'robobot/drive/T0/gyro' 1770386330.7595 1.900330 -1.296997 1.388611 90.242
1770386330.7596 0 'robobot/drive/T0/acc' 1770386330.7595 0.073975 0.045166 1.008301 90.242
1770386330.7597 0 'robobot/drive/T0/ird' 1770386330.7596 0.625 0.231 4296 9085 1
1770386330.7608 0 'robobot/drive/T0/pose' 1770386330.7607 90.2420 0.371 -0.000 0.0069 -3.0974
1770386330.7640 0 'robobot/drive/T0/livn' 1770386330.7639 388 390 391 396 383 372 373 367 5
1770386330.7651 0 'robobot/drive/T0/pose' 1770386330.7650 90.2470 0.372 -0.000 0.0069 -3.0976
1770386330.7672 0 'robobot/drive/T0/vel' 1770386330.7672 90.2490 0.248 0.252 0.0158 0.248 4
1770386330.7679 0 'robobot/drive/T0/mvel' 1770386330.7678 0.248 0.252
1770386330.7704 0 'robobot/drive/T0/pose' 1770386330.7704 90.2520 0.373 -0.000 0.0081 -3.0976
1770386330.7716 0 'robobot/drive/T0/gyro' 1770386330.7715 -0.998840 -2.822876 0.930847 90.254
1770386330.7716 0 'robobot/drive/T0/acc' 1770386330.7716 0.032959 -0.046875 0.899170 90.254
1770386330.7738 0 'robobot/drive/T0/livn' 1770386330.7737 376 379 384 381 379 368 372 363 5
1770386330.7749 0 'robobot/drive/T0/vel' 1770386330.7748 90.2570 0.243 0.253 0.0441 0.243 4
1770386330.7749 0 'robobot/drive/T0/pose' 1770386330.7749 90.2570 0.375 -0.000 0.0069 -3.0980
1770386330.7753 0 'robobot/drive/T0/mvel' 1770386330.7752 0.243 0.253
1770386330.7802 0 'robobot/drive/T0/pose' 1770386330.7802 90.2620 0.375 -0.000 0.0081 -3.0983
1770386330.7824 0 'robobot/drive/T0/vel' 1770386330.7823 90.2650 0.245 0.251 0.0252 0.245 4
1770386330.7827 0 'robobot/drive/T0/mvel' 1770386330.7826 0.245 0.251
1770386330.7835 0 'robobot/drive/T0/livn' 1770386330.7834 392 383 367 394 391 376 365 344 5
1770386330.7835 0 'robobot/drive/T0/gyro' 1770386330.7835 0.649109 -2.670288 1.998962 90.266
1770386330.7836 0 'robobot/drive/T0/acc' 1770386330.7835 -0.005127 -0.041748 0.921143 90.266
1770386330.7847 0 'robobot/drive/T0/ird' 1770386330.7846 0.657 0.240 4160 8817 1
1770386330.7847 0 'robobot/drive/T0/mot' 1770386330.7847 2 1.7 0.1 0.1 0
1770386330.7847 0 'robobot/drive/T0/mca' 1770386330.7847 0.255 0.119 17
1770386330.7848 0 'robobot/drive/T0/pose' 1770386330.7847 90.2670 0.377 -0.000 0.0081 -3.0987
1770386330.7901 0 'robobot/drive/T0/pose' 1770386330.7901 90.2720 0.378 -0.000 0.0081 -3.0988
1770386330.7912 0 'robobot/drive/T0/vel' 1770386330.7912 90.2730 0.250 0.251 0.0041 0.250 4
1770386330.7922 0 'robobot/drive/T0/mvel' 1770386330.7922 0.250 0.251
1770386330.7934 0 'robobot/drive/T0/livn' 1770386330.7933 373 377 388 397 385 369 358 356 5
1770386330.7955 0 'robobot/drive/T0/pose' 1770386330.7955 90.2770 0.379 -0.000 0.0081 -3.0991
1770386330.7956 0 'robobot/drive/T0/gyro' 1770386330.7955 -1.120911 -1.693726 2.273621 90.278
1770386330.7956 0 'robobot/drive/T0/acc' 1770386330.7956 0.071289 -0.011475 1.071045 90.278
1770386330.7988 0 'robobot/drive/T0/vel' 1770386330.7988 90.2810 0.246 0.249 0.0118 0.246 4
1770386330.7989 0 'robobot/drive/T0/liv' 1770386330.7988 288 340 363 301 340 357 329 246 25
1770386330.7996 0 'robobot/drive/T0/mvel' 1770386330.7995 0.246 0.249
1770386330.8000 0 'robobot/drive/T0/pose' 1770386330.7999 90.2820 0.380 -0.000 0.0081 -3.0990
1770386330.8042 0 'robobot/drive/T0/livn' 1770386330.8042 370 365 380 383 381 364 364 365 5
1770386330.8054 0 'robobot/drive/T0/pose' 1770386330.8053 90.2870 0.382 -0.000 0.0081 -3.0991
1770386330.8075 0 'robobot/drive/T0/vel' 1770386330.8075 90.2890 0.242 0.249 0.0312 0.242 4
1770386330.8076 0 'robobot/drive/T0/gyro' 1770386330.8075 -1.609192 1.358032 1.236023 90.290
1770386330.8076 0 'robobot/drive/T0/acc' 1770386330.8076 0.012695 -0.033447 0.970703 90.290
1770386330.8080 0 'robobot/drive/T0/mvel' 1770386330.8080 0.242 0.249
1770386330.8098 0 'robobot/drive/T0/ird' 1770386330.8097 0.688 0.243 4041 8730 1
1770386330.8098 0 'robobot/drive/T0/pose' 1770386330.8098 90.2920 0.383 -0.000 0.0081 -3.0992
1770386330.8141 0 'robobot/drive/T0/livn' 1770386330.8140 377 379 381 385 366 359 363 356 5
1770386330.8152 0 'robobot/drive/T0/vel' 1770386330.8151 90.2970 0.243 0.252 0.0412 0.243 4
1770386330.8152 0 'robobot/drive/T0/pose' 1770386330.8152 90.2970 0.384 -0.000 0.0081 -3.0992
1770386330.8154 0 'robobot/drive/T0/mvel' 1770386330.8153 0.243 0.252
1770386330.8184 0 'robobot/drive/T0/mot' 1770386330.8184 2 1.7 0.1 0.1 0
1770386330.8185 0 'robobot/drive/T0/mca' 1770386330.8184 0.274 0.126 16
1770386330.8196 0 'robobot/drive/T0/gyro' 1770386330.8195 -1.731262 0.717163 2.151550 90.302
1770386330.8196 0 'robobot/drive/T0/acc' 1770386330.8196 0.068359 0.014648 0.919922 90.302
1770386330.8207 0 'robobot/drive/T0/pose' 1770386330.8207 90.3020 0.385 -0.000 0.0093 -3.0991
1770386330.8229 0 'robobot/drive/T0/vel' 1770386330.8228 90.3050 0.246 0.251 0.0209 0.246 4
1770386330.8238 0 'robobot/drive/T0/mvel' 1770386330.8238 0.246 0.251
1770386330.8240 0 'robobot/drive/T0/livn' 1770386330.8239 367 373 379 387 378 361 363 359 5
1770386330.8251 0 'robobot/drive/T0/pose' 1770386330.8250 90.3070 0.387 -0.000 0.0093 -3.0990
1770386330.8304 0 'robobot/drive/T0/pose' 1770386330.8303 90.3120 0.388 -0.000 0.0081 -3.0990
1770386330.8315 0 'robobot/drive/T0/vel' 1770386330.8315 90.3130 0.247 0.249 0.0088 0.247 4
1770386330.8316 0 'robobot/drive/T0/gyro' 1770386330.8315 -2.616272 -1.174927 0.808777 90.314
1770386330.8316 0 'robobot/drive/T0/acc' 1770386330.8316 0.065674 0.008057 1.005371 90.314
1770386330.8322 0 'robobot/drive/T0/mvel' 1770386330.8322 0.247 0.249
1770386330.8338 0 'robobot/drive/T0/livn' 1770386330.8337 373 372 382 387 382 373 377 361 5
1770386330.8349 0 'robobot/drive/T0/ird' 1770386330.8348 0.732 0.236 3886 8920 1
1770386330.8349 0 'robobot/drive/T0/pose' 1770386330.8349 90.3170 0.389 -0.000 0.0093 -3.0990
1770386330.8392 0 'robobot/drive/T0/vel' 1770386330.8391 90.3210 0.250 0.248 -0.0088 0.250 4
1770386330.8396 0 'robobot/drive/T0/mvel' 1770386330.8396 0.250 0.248
1770386330.8403 0 'robobot/drive/T0/pose' 1770386330.8403 90.3220 0.390 -0.000 0.0093 -3.0991
1770386330.8435 0 'robobot/drive/T0/livn' 1770386330.8435 383 369 387 397 381 375 370 357 5
1770386330.8436 0 'robobot/drive/T0/gyro' 1770386330.8435 -0.327454 0.259399 -0.472961 90.326
1770386330.8436 0 'robobot/drive/T0/acc' 1770386330.8436 0.029053 -0.047119 1.007080 90.326
1770386330.8458 0 'robobot/drive/T0/pose' 1770386330.8457 90.3270 0.392 -0.000 0.0081 -3.0990
1770386330.8469 0 'robobot/drive/T0/vel' 1770386330.8468 90.3290 0.251 0.251 -0.0015 0.251 4
1770386330.8470 0 'robobot/drive/T0/mvel' 1770386330.8469 0.251 0.251
1770386330.8486 0 'robobot/drive/master' 1770386330.8486 2026-02-06 14:58:48.828247
1770386330.8490 0 'robobot/drive/T0/liv' 1770386330.8490 285 332 362 297 334 352 330 244 25
1770386330.8502 0 'robobot/drive/T0/pose' 1770386330.8501 90.3320 0.393 -0.000 0.0093 -3.0991
1770386330.8513 0 'robobot/drive/T0/mot' 1770386330.8512 2 1.7 0.1 0.1 0
1770386330.8513 0 'robobot/drive/T0/mca' 1770386330.8513 0.272 0.127 17
1770386330.8535 0 'robobot/drive/T0/livn' 1770386330.8534 377 369 381 375 374 364 368 353 5
1770386330.8546 0 'robobot/drive/T0/vel' 1770386330.8546 90.3370 0.245 0.249 0.0186 0.245 4
1770386330.8554 0 'robobot/drive/T0/mvel' 1770386330.8554 0.245 0.249
1770386330.8557 0 'robobot/drive/T0/pose' 1770386330.8557 90.3370 0.394 -0.000 0.0093 -3.0991
1770386330.8558 0 'robobot/drive/T0/gyro' 1770386330.8557 -0.480042 0.991821 1.174988 90.338
1770386330.8558 0 'robobot/drive/T0/acc' 1770386330.8558 0.025146 -0.052490 1.005615 90.338
1770386330.8601 0 'robobot/drive/T0/ird' 1770386330.8600 0.835 0.224 3591 9332 1
1770386330.8602 0 'robobot/drive/T0/pose' 1770386330.8601 90.3420 0.395 -0.000 0.0081 -3.0990
1770386330.8635 0 'robobot/drive/T0/vel' 1770386330.8634 90.3450 0.249 0.248 -0.0052 0.249 4
1770386330.8635 0 'robobot/drive/T0/livn' 1770386330.8635 384 384 380 368 370 371 370 351 5
1770386330.8638 0 'robobot/drive/T0/mvel' 1770386330.8638 0.249 0.248
1770386330.8657 0 'robobot/drive/T0/pose' 1770386330.8656 90.3470 0.397 -0.000 0.0093 -3.0991
1770386330.8679 0 'robobot/drive/T0/gyro' 1770386330.8678 0.130310 -0.411987 0.961365 90.350
1770386330.8679 0 'robobot/drive/T0/acc' 1770386330.8679 0.026367 -0.034668 0.967041 90.350
1770386330.8701 0 'robobot/drive/T0/pose' 1770386330.8700 90.3520 0.398 -0.000 0.0093 -3.0991
1770386330.8712 0 'robobot/drive/T0/vel' 1770386330.8712 90.3530 0.250 0.249 -0.0048 0.250 4
1770386330.8722 0 'robobot/drive/T0/mvel' 1770386330.8722 0.250 0.249
1770386330.8734 0 'robobot/drive/T0/livn' 1770386330.8733 372 380 380 383 383 372 366 359 5
1770386330.8756 0 'robobot/drive/T0/pose' 1770386330.8755 90.3570 0.399 -0.000 0.0081 -3.0991
1770386330.8788 0 'robobot/drive/T0/vel' 1770386330.8787 90.3610 0.253 0.253 -0.0018 0.253 4
1770386330.8796 0 'robobot/drive/T0/mvel' 1770386330.8796 0.253 0.253
1770386330.8799 0 'robobot/drive/T0/gyro' 1770386330.8798 0.099792 -0.076294 -0.015198 90.362
1770386330.8799 0 'robobot/drive/T0/acc' 1770386330.8799 0.042725 -0.022217 0.938232 90.362
1770386330.8800 0 'robobot/drive/T0/pose' 1770386330.8799 90.3620 0.400 -0.000 0.0093 -3.0991
1770386330.8843 0 'robobot/drive/T0/livn' 1770386330.8842 364 381 382 385 383 372 370 361 5
1770386330.8844 0 'robobot/drive/T0/mot' 1770386330.8843 2 1.7 0.1 0.1 0
1770386330.8844 0 'robobot/drive/T0/mca' 1770386330.8844 0.265 0.126 16
1770386330.8855 0 'robobot/drive/T0/ird' 1770386330.8855 0.861 0.282 3527 7725 1
1770386330.8856 0 'robobot/drive/T0/pose' 1770386330.8855 90.3670 0.402 -0.000 0.0093 -3.0990
1770386330.8867 0 'robobot/drive/T0/vel' 1770386330.8866 90.3690 0.245 0.253 0.0342 0.245 4
1770386330.8869 0 'robobot/drive/T0/mvel' 1770386330.8869 0.245 0.253
1770386330.8899 0 'robobot/drive/T0/pose' 1770386330.8899 90.3720 0.403 -0.000 0.0093 -3.0988
1770386330.8921 0 'robobot/drive/T0/gyro' 1770386330.8921 0.343933 2.761841 -0.198303 90.374
1770386330.8922 0 'robobot/drive/T0/acc' 1770386330.8921 0.003662 -0.022705 1.017578 90.374
1770386330.8933 0 'robobot/drive/T0/livn' 1770386330.8932 375 377 385 373 376 372 373 367 5
1770386330.8955 0 'robobot/drive/T0/vel' 1770386330.8954 90.3770 0.246 0.249 0.0147 0.246 4
1770386330.8956 0 'robobot/drive/T0/pose' 1770386330.8955 90.3770 0.404 -0.000 0.0093 -3.0987
1770386330.8964 0 'robobot/drive/T0/mvel' 1770386330.8964 0.246 0.249
1770386330.8988 0 'robobot/drive/T0/liv' 1770386330.8988 286 338 362 292 337 359 330 242 25
1770386330.8999 0 'robobot/drive/T0/pose' 1770386330.8999 90.3820 0.405 -0.000 0.0093 -3.0987
1770386330.9032 0 'robobot/drive/T0/vel' 1770386330.9031 90.3850 0.250 0.246 -0.0190 0.250 4
1770386330.9033 0 'robobot/drive/T0/livn' 1770386330.9032 393 372 371 377 381 373 356 338 5
1770386330.9034 0 'robobot/drive/T0/gyro' 1770386330.9033 -0.998840 -1.052856 1.236023 90.386
1770386330.9035 0 'robobot/drive/T0/acc' 1770386330.9034 0.000488 0.010742 0.937012 90.386
1770386330.9038 0 'robobot/drive/T0/mvel' 1770386330.9037 0.250 0.246
1770386330.9056 0 'robobot/drive/T0/pose' 1770386330.9056 90.3870 0.407 -0.000 0.0081 -3.0988
1770386330.9099 0 'robobot/drive/T0/ird' 1770386330.9099 0.874 0.316 3497 7045 1
1770386330.9099 0 'robobot/drive/T0/pose' 1770386330.9099 90.3920 0.408 -0.000 0.0093 -3.0990
1770386330.9111 0 'robobot/drive/T0/vel' 1770386330.9110 90.3930 0.252 0.245 -0.0290 0.252 4
1770386330.9112 0 'robobot/drive/T0/mvel' 1770386330.9111 0.252 0.245
1770386330.9133 0 'robobot/drive/T0/livn' 1770386330.9132 383 373 368 390 389 374 363 344 5
1770386330.9155 0 'robobot/drive/T0/pose' 1770386330.9154 90.3970 0.409 -0.000 0.0093 -3.0989
1770386330.9155 0 'robobot/drive/T0/gyro' 1770386330.9155 -1.883850 0.747681 0.015320 90.398
1770386330.9155 0 'robobot/drive/T0/acc' 1770386330.9155 0.048340 0.034424 0.961914 90.398
1770386330.9166 0 'robobot/drive/T0/mot' 1770386330.9166 2 1.8 0.1 0.1 0
1770386330.9167 0 'robobot/drive/T0/mca' 1770386330.9166 0.270 0.132 17
1770386330.9188 0 'robobot/drive/T0/vel' 1770386330.9188 90.4010 0.211 0.251 0.1726 0.211 4
1770386330.9196 0 'robobot/drive/T0/mvel' 1770386330.9196 0.211 0.251
1770386330.9199 0 'robobot/drive/T0/pose' 1770386330.9199 90.4020 0.410 -0.000 0.0093 -3.0989
1770386330.9242 0 'robobot/drive/T0/livn' 1770386330.9241 379 370 376 386 381 373 361 366 5
1770386330.9253 0 'robobot/drive/T0/pose' 1770386330.9253 90.4070 0.412 -0.000 0.0081 -3.0988
1770386330.9275 0 'robobot/drive/T0/vel' 1770386330.9274 90.4090 0.281 0.250 -0.1359 0.281 4
1770386330.9275 0 'robobot/drive/T0/gyro' 1770386330.9275 -2.677307 0.717163 1.785339 90.410
1770386330.9276 0 'robobot/drive/T0/acc' 1770386330.9275 0.053223 -0.003174 0.932373 90.410
1770386330.9280 0 'robobot/drive/T0/mvel' 1770386330.9280 0.281 0.250
1770386330.9308 0 'robobot/drive/T0/pose' 1770386330.9307 90.4120 0.413 -0.000 0.0093 -3.0988
1770386330.9340 0 'robobot/drive/T0/livn' 1770386330.9339 381 379 379 371 374 369 377 371 5
1770386330.9351 0 'robobot/drive/T0/vel' 1770386330.9350 90.4170 0.260 0.248 -0.0509 0.260 4
1770386330.9351 0 'robobot/drive/T0/ird' 1770386330.9351 0.923 0.635 3390 4254 1
1770386330.9352 0 'robobot/drive/T0/pose' 1770386330.9351 90.4170 0.414 -0.000 0.0093 -3.0986
1770386330.9354 0 'robobot/drive/T0/mvel' 1770386330.9354 0.260 0.248
1770386330.9395 0 'robobot/drive/T0/gyro' 1770386330.9394 -1.731262 -3.067017 0.076355 90.422
1770386330.9395 0 'robobot/drive/T0/acc' 1770386330.9395 -0.009766 -0.016357 1.009033 90.422
1770386330.9407 0 'robobot/drive/T0/pose' 1770386330.9406 90.4220 0.415 -0.000 0.0081 -3.0987
1770386330.9429 0 'robobot/drive/T0/vel' 1770386330.9428 90.4250 0.242 0.249 0.0307 0.242 4
1770386330.9429 0 'robobot/drive/T0/mvel' 1770386330.9429 0.242 0.249
1770386330.9440 0 'robobot/drive/T0/livn' 1770386330.9439 390 369 382 385 379 366 364 364 5
1770386330.9451 0 'robobot/drive/T0/pose' 1770386330.9450 90.4270 0.417 -0.000 0.0093 -3.0992
1770386330.9493 0 'robobot/drive/T0/liv' 1770386330.9493 290 331 355 294 336 354 326 247 25
1770386330.9505 0 'robobot/drive/T0/mot' 1770386330.9504 2.1 1.7 0.1 0.1 0
1770386330.9505 0 'robobot/drive/T0/mca' 1770386330.9505 0.271 0.130 16
1770386330.9506 0 'robobot/drive/T0/pose' 1770386330.9505 90.4320 0.418 -0.000 0.0093 -3.0993
1770386330.9506 0 'robobot/drive/T0/vel' 1770386330.9506 90.4330 0.252 0.254 0.0107 0.252 4
1770386330.9514 0 'robobot/drive/T0/mvel' 1770386330.9513 0.252 0.254
1770386330.9517 0 'robobot/drive/T0/gyro' 1770386330.9517 -1.365051 0.930786 0.961365 90.434
1770386330.9518 0 'robobot/drive/T0/acc' 1770386330.9517 0.037109 -0.020508 0.930420 90.434
1770386330.9539 0 'robobot/drive/T0/livn' 1770386330.9539 365 363 378 392 376 364 364 375 5
1770386330.9550 0 'robobot/drive/T0/pose' 1770386330.9550 90.4370 0.419 -0.000 0.0093 -3.0993
1770386330.9593 0 'robobot/drive/T0/vel' 1770386330.9592 90.4410 0.255 0.254 -0.0041 0.255 4
1770386330.9598 0 'robobot/drive/T0/mvel' 1770386330.9598 0.255 0.254
1770386330.9604 0 'robobot/drive/T0/ird' 1770386330.9603 0.924 0.950 3387 3335 1
1770386330.9604 0 'robobot/drive/T0/pose' 1770386330.9604 90.4420 0.421 -0.000 0.0093 -3.0993
1770386330.9637 0 'robobot/drive/T0/livn' 1770386330.9636 367 369 370 387 374 380 374 369 5
1770386330.9637 0 'robobot/drive/T0/gyro' 1770386330.9637 -0.937805 -3.524780 -1.022278 90.446
1770386330.9638 0 'robobot/drive/T0/acc' 1770386330.9637 0.027832 -0.001465 0.953613 90.446
1770386330.9649 0 'robobot/drive/T0/pose' 1770386330.9648 90.4470 0.422 -0.000 0.0093 -3.0995
1770386330.9670 0 'robobot/drive/T0/vel' 1770386330.9670 90.4490 0.249 0.254 0.0204 0.249 4
1770386330.9672 0 'robobot/drive/T0/mvel' 1770386330.9672 0.249 0.254
1770386330.9702 0 'robobot/drive/T0/pose' 1770386330.9702 90.4520 0.423 -0.000 0.0093 -3.0998
1770386330.9735 0 'robobot/drive/T0/livn' 1770386330.9734 375 365 372 377 367 378 370 364 5
1770386330.9756 0 'robobot/drive/T0/vel' 1770386330.9756 90.4570 0.254 0.252 -0.0082 0.254 4
1770386330.9757 0 'robobot/drive/T0/pose' 1770386330.9756 90.4570 0.425 0.000 0.0093 -3.0997
1770386330.9757 0 'robobot/drive/T0/gyro' 1770386330.9757 0.923767 4.135132 0.045837 90.458
1770386330.9758 0 'robobot/drive/T0/acc' 1770386330.9757 -0.022705 -0.043213 1.035889 90.458
1770386330.9766 0 'robobot/drive/T0/mvel' 1770386330.9766 0.254 0.252
1770386330.9811 0 'robobot/drive/T0/pose' 1770386330.9810 90.4630 0.426 0.000 0.0081 -3.0992
1770386330.9832 0 'robobot/drive/T0/vel' 1770386330.9832 90.4650 0.255 0.246 -0.0402 0.255 4
1770386330.9833 0 'robobot/drive/T0/mot' 1770386330.9832 2 1.7 0.1 0.1 0
1770386330.9833 0 'robobot/drive/T0/mca' 1770386330.9833 0.254 0.117 17
1770386330.9833 0 'robobot/drive/T0/livn' 1770386330.9833 378 370 375 380 374 372 372 362 5
1770386330.9840 0 'robobot/drive/T0/mvel' 1770386330.9840 0.255 0.246
1770386330.9855 0 'robobot/drive/T0/ird' 1770386330.9854 0.866 1.309 3514 2828 1
1770386330.9855 0 'robobot/drive/T0/pose' 1770386330.9855 90.4680 0.427 0.000 0.0093 -3.0989
1770386330.9877 0 'robobot/drive/T0/gyro' 1770386330.9876 0.740662 0.564575 -0.869690 90.470
1770386330.9877 0 'robobot/drive/T0/acc' 1770386330.9877 0.052490 0.012207 0.839844 90.470
1770386330.9910 0 'robobot/drive/T0/pose' 1770386330.9909 90.4730 0.428 0.000 0.0081 -3.0988
1770386330.9910 0 'robobot/drive/T0/vel' 1770386330.9910 90.4730 0.250 0.248 -0.0064 0.250 4
1770386330.9914 0 'robobot/drive/T0/mvel' 1770386330.9914 0.250 0.248
1770386330.9942 0 'robobot/drive/T0/livn' 1770386330.9942 368 381 386 378 367 377 373 357 5
1770386330.9953 0 'robobot/drive/T0/pose' 1770386330.9953 90.4780 0.429 0.000 0.0081 -3.0991
1770386330.9996 0 'robobot/drive/T0/liv' 1770386330.9995 283 332 357 295 332 363 334 247 25
1770386330.9996 0 'robobot/drive/T0/vel' 1770386330.9996 90.4810 0.249 0.252 0.0123 0.249 4
1770386330.9997 0 'robobot/drive/T0/gyro' 1770386330.9996 0.618591 -1.571655 1.388611 90.482
1770386330.9997 0 'robobot/drive/T0/acc' 1770386330.9997 -0.020020 -0.016846 0.935791 90.482
1770386330.9998 0 'robobot/drive/T0/mvel' 1770386330.9998 0.249 0.252
1770386331.0008 0 'robobot/drive/T0/pose' 1770386331.0008 90.4830 0.431 0.000 0.0081 -3.0996
1770386331.0041 0 'robobot/drive/T0/livn' 1770386331.0040 383 376 383 389 386 374 370 351 5
1770386331.0052 0 'robobot/drive/T0/pose' 1770386331.0051 90.4880 0.432 0.000 0.0081 -3.0997
1770386331.0073 0 'robobot/drive/T0/vel' 1770386331.0073 90.4890 0.261 0.253 -0.0366 0.261 4
1770386331.0082 0 'robobot/drive/T0/mvel' 1770386331.0082 0.261 0.253
1770386331.0105 0 'robobot/drive/T0/ird' 1770386331.0105 0.834 1.500 3593 2351 1
1770386331.0106 0 'robobot/drive/T0/pose' 1770386331.0105 90.4930 0.433 0.000 0.0081 -3.0998
1770386331.0117 0 'robobot/drive/T0/gyro' 1770386331.0116 0.466003 -0.961304 1.632751 90.494
1770386331.0117 0 'robobot/drive/T0/acc' 1770386331.0117 0.080322 0.026855 1.134033 90.494
1770386331.0139 0 'robobot/drive/T0/livn' 1770386331.0138 375 371 376 373 377 377 376 357 5
1770386331.0150 0 'robobot/drive/T0/vel' 1770386331.0149 90.4970 0.255 0.251 -0.0181 0.255 4
1770386331.0150 0 'robobot/drive/T0/pose' 1770386331.0150 90.4980 0.434 0.000 0.0081 -3.0997
1770386331.0156 0 'robobot/drive/T0/mvel' 1770386331.0156 0.255 0.251
1770386331.0161 0 'robobot/drive/T0/mot' 1770386331.0161 1.9 1.7 0.1 0.1 0
1770386331.0162 0 'robobot/drive/T0/mca' 1770386331.0161 0.239 0.122 16
1770386331.0204 0 'robobot/drive/T0/pose' 1770386331.0204 90.5030 0.436 0.000 0.0081 -3.0996
1770386331.0226 0 'robobot/drive/T0/vel' 1770386331.0225 90.5050 0.248 0.252 0.0181 0.248 4
1770386331.0230 0 'robobot/drive/T0/mvel' 1770386331.0230 0.248 0.252
1770386331.0237 0 'robobot/drive/T0/livn' 1770386331.0236 390 378 379 382 381 384 373 343 5
1770386331.0237 0 'robobot/drive/T0/gyro' 1770386331.0237 -1.639709 0.473022 -0.076233 90.506
1770386331.0238 0 'robobot/drive/T0/acc' 1770386331.0237 -0.039551 -0.005127 1.016846 90.506
1770386331.0259 0 'robobot/drive/T0/pose' 1770386331.0259 90.5080 0.437 0.000 0.0093 -3.0997
1770386331.0302 0 'robobot/drive/T0/pose' 1770386331.0302 90.5130 0.438 0.000 0.0081 -3.0999
1770386331.0313 0 'robobot/drive/T0/vel' 1770386331.0313 90.5130 0.247 0.252 0.0219 0.247 4
1770386331.0314 0 'robobot/drive/T0/mvel' 1770386331.0314 0.247 0.252
1770386331.0335 0 'robobot/drive/T0/livn' 1770386331.0334 386 379 374 382 390 384 372 353 5
1770386331.0346 0 'robobot/drive/T0/ird' 1770386331.0345 0.816 1.500 3638 2224 1
1770386331.0357 0 'robobot/drive/T0/pose' 1770386331.0356 90.5180 0.440 0.000 0.0081 -3.1000
1770386331.0357 0 'robobot/drive/T0/gyro' 1770386331.0357 -0.968323 -1.815796 0.473083 90.518
1770386331.0358 0 'robobot/drive/T0/acc' 1770386331.0357 -0.008057 0.010498 0.915283 90.518
1770386331.0390 0 'robobot/drive/T0/vel' 1770386331.0389 90.5210 0.255 0.253 -0.0065 0.255 4
1770386331.0390 0 'robobot/drive/T0/mvel' 1770386331.0390 0.255 0.253
1770386331.0401 0 'robobot/drive/T0/pose' 1770386331.0400 90.5230 0.441 0.000 0.0081 -3.1003
1770386331.0433 0 'robobot/drive/T0/livn' 1770386331.0432 383 369 386 391 390 379 363 354 5
1770386331.0454 0 'robobot/drive/T0/pose' 1770386331.0454 90.5280 0.442 0.000 0.0093 -3.1005
1770386331.0455 0 'robobot/drive/T0/hbt' 1770386331.0455 90.5280 107 1033 11.74 4 8 8.9 0.55 0
1770386331.0466 0 'robobot/drive/T0/vel' 1770386331.0466 90.5290 0.254 0.255 0.0024 0.254 4
1770386331.0474 0 'robobot/drive/T0/mvel' 1770386331.0474 0.254 0.255
1770386331.0477 0 'robobot/drive/T0/gyro' 1770386331.0477 0.466003 -0.839233 0.289978 90.530
1770386331.0478 0 'robobot/drive/T0/acc' 1770386331.0477 0.020508 -0.030273 1.128174 90.530
1770386331.0489 0 'robobot/drive/T0/liv' 1770386331.0488 290 335 359 294 342 366 333 241 25
1770386331.0489 0 'robobot/drive/T0/mot' 1770386331.0489 2 1.7 0.1 0.1 0
1770386331.0489 0 'robobot/drive/T0/mca' 1770386331.0489 0.248 0.110 17
1770386331.0500 0 'robobot/drive/T0/pose' 1770386331.0500 90.5330 0.444 0.000 0.0081 -3.1007
1770386331.0532 0 'robobot/drive/T0/livn' 1770386331.0532 371 372 379 384 386 378 374 358 5
1770386331.0554 0 'robobot/drive/T0/vel' 1770386331.0553 90.5370 0.253 0.251 -0.0067 0.253 4
1770386331.0554 0 'robobot/drive/T0/pose' 1770386331.0554 90.5380 0.445 0.000 0.0081 -3.1007
1770386331.0559 0 'robobot/drive/T0/mvel' 1770386331.0558 0.253 0.251
1770386331.0598 0 'robobot/drive/T0/gyro' 1770386331.0597 1.930847 1.510620 0.137390 90.542
1770386331.0598 0 'robobot/drive/T0/acc' 1770386331.0598 0.044922 -0.042969 0.990479 90.542
1770386331.0598 0 'robobot/drive/T0/ird' 1770386331.0598 0.831 1.500 3600 2042 1
1770386331.0609 0 'robobot/drive/T0/pose' 1770386331.0609 90.5430 0.446 0.000 0.0081 -3.1007
1770386331.0631 0 'robobot/drive/T0/vel' 1770386331.0631 90.5450 0.251 0.250 -0.0079 0.251 4
1770386331.0632 0 'robobot/drive/T0/livn' 1770386331.0631 376 369 375 379 387 377 365 348 5
1770386331.0632 0 'robobot/drive/T0/mvel' 1770386331.0632 0.251 0.250
1770386331.0664 0 'robobot/drive/T0/pose' 1770386331.0663 90.5480 0.447 0.000 0.0093 -3.1006
1770386331.0706 0 'robobot/drive/T0/pose' 1770386331.0706 90.5530 0.449 0.000 0.0081 -3.1008
1770386331.0707 0 'robobot/drive/T0/vel' 1770386331.0706 90.5530 0.246 0.248 0.0104 0.246 4
1770386331.0717 0 'robobot/drive/T0/mvel' 1770386331.0716 0.246 0.248
1770386331.0718 0 'robobot/drive/T0/gyro' 1770386331.0717 -0.205383 -0.534058 0.564636 90.554
1770386331.0718 0 'robobot/drive/T0/acc' 1770386331.0718 0.000244 -0.043213 0.960938 90.554
1770386331.0740 0 'robobot/drive/T0/livn' 1770386331.0739 373 369 388 393 395 367 361 361 5
1770386331.0761 0 'robobot/drive/T0/pose' 1770386331.0761 90.5580 0.450 0.000 0.0081 -3.1008
1770386331.0794 0 'robobot/drive/T0/vel' 1770386331.0793 90.5610 0.252 0.252 0.0025 0.252 4
1770386331.0801 0 'robobot/drive/T0/mvel' 1770386331.0801 0.252 0.252
1770386331.0815 0 'robobot/drive/T0/pose' 1770386331.0815 90.5630 0.451 0.000 0.0093 -3.1011
1770386331.0816 0 'robobot/drive/T0/mot' 1770386331.0815 2 1.7 0.1 0.1 0
1770386331.0816 0 'robobot/drive/T0/mca' 1770386331.0816 0.242 0.116 16
1770386331.0837 0 'robobot/drive/T0/livn' 1770386331.0837 385 381 383 393 394 375 362 350 5
1770386331.0838 0 'robobot/drive/T0/gyro' 1770386331.0837 4.067078 0.656128 0.442566 90.566
1770386331.0839 0 'robobot/drive/T0/acc' 1770386331.0838 0.040283 -0.039795 1.027344 90.566
1770386331.0849 0 'robobot/drive/T0/ird' 1770386331.0849 0.844 1.500 3568 1946 1
1770386331.0861 0 'robobot/drive/T0/pose' 1770386331.0860 90.5680 0.452 0.000 0.0081 -3.1011
1770386331.0872 0 'robobot/drive/T0/vel' 1770386331.0871 90.5690 0.251 0.252 0.0040 0.251 4
1770386331.0875 0 'robobot/drive/T0/mvel' 1770386331.0875 0.251 0.252
1770386331.0914 0 'robobot/drive/T0/pose' 1770386331.0914 90.5730 0.454 0.000 0.0081 -3.1010
1770386331.0936 0 'robobot/drive/T0/livn' 1770386331.0935 386 378 390 392 385 376 371 351 5
1770386331.0947 0 'robobot/drive/T0/vel' 1770386331.0946 90.5770 0.249 0.248 -0.0020 0.249 4
1770386331.0949 0 'robobot/drive/T0/mvel' 1770386331.0949 0.249 0.248
1770386331.0958 0 'robobot/drive/T0/gyro' 1770386331.0957 -0.327454 1.052856 -0.198303 90.578
1770386331.0958 0 'robobot/drive/T0/acc' 1770386331.0958 0.005615 0.024414 0.987549 90.578
1770386331.0959 0 'robobot/drive/T0/pose' 1770386331.0958 90.5780 0.455 0.000 0.0093 -3.1008
1770386331.0991 0 'robobot/drive/T0/liv' 1770386331.0990 290 335 364 300 346 362 327 239 25
1770386331.1012 0 'robobot/drive/T0/pose' 1770386331.1012 90.5830 0.456 0.000 0.0081 -3.1008
1770386331.1034 0 'robobot/drive/T0/vel' 1770386331.1033 90.5850 0.242 0.245 0.0126 0.242 4
1770386331.1034 0 'robobot/drive/T0/livn' 1770386331.1034 387 374 381 386 387 380 362 345 5
1770386331.1043 0 'robobot/drive/T0/mvel' 1770386331.1043 0.242 0.245
1770386331.1056 0 'robobot/drive/T0/pose' 1770386331.1055 90.5880 0.457 0.000 0.0081 -3.1008
1770386331.1077 0 'robobot/drive/T0/gyro' 1770386331.1077 0.862732 0.320435 0.534119 90.590
1770386331.1078 0 'robobot/drive/T0/acc' 1770386331.1077 0.037598 0.021729 0.944092 90.590
1770386331.1099 0 'robobot/drive/T0/ird' 1770386331.1099 0.886 1.500 3469 1978 1
1770386331.1110 0 'robobot/drive/T0/pose' 1770386331.1110 90.5930 0.458 0.000 0.0081 -3.1008
1770386331.1111 0 'robobot/drive/T0/vel' 1770386331.1110 90.5930 0.246 0.245 -0.0045 0.246 4
1770386331.1117 0 'robobot/drive/T0/mvel' 1770386331.1117 0.246 0.245
1770386331.1133 0 'robobot/drive/T0/livn' 1770386331.1132 386 383 391 375 371 377 376 353 5
1770386331.1154 0 'robobot/drive/T0/mot' 1770386331.1154 2 1.8 0.1 0.1 0
1770386331.1154 0 'robobot/drive/T0/mca' 1770386331.1154 0.265 0.126 17
1770386331.1165 0 'robobot/drive/T0/pose' 1770386331.1165 90.5980 0.459 0.000 0.0081 -3.1009
1770386331.1187 0 'robobot/drive/T0/vel' 1770386331.1186 90.6010 0.250 0.247 -0.0149 0.250 4
1770386331.1191 0 'robobot/drive/T0/mvel' 1770386331.1191 0.250 0.247
1770386331.1198 0 'robobot/drive/T0/gyro' 1770386331.1197 1.106873 -0.167847 0.717224 90.602
1770386331.1198 0 'robobot/drive/T0/acc' 1770386331.1198 0.030273 -0.001953 0.943359 90.602
1770386331.1209 0 'robobot/drive/T0/pose' 1770386331.1209 90.6030 0.461 0.000 0.0093 -3.1010
1770386331.1241 0 'robobot/drive/T0/livn' 1770386331.1241 381 374 391 389 380 367 362 350 5
1770386331.1263 0 'robobot/drive/T0/pose' 1770386331.1263 90.6080 0.462 0.000 0.0081 -3.1009
1770386331.1274 0 'robobot/drive/T0/vel' 1770386331.1274 90.6090 0.250 0.246 -0.0176 0.250 4
1770386331.1275 0 'robobot/drive/T0/mvel' 1770386331.1275 0.250 0.246
1770386331.1306 0 'robobot/drive/T0/pose' 1770386331.1306 90.6130 0.463 0.000 0.0081 -3.1010
1770386331.1317 0 'robobot/drive/T0/gyro' 1770386331.1317 -0.144348 1.358032 -0.595032 90.614
1770386331.1318 0 'robobot/drive/T0/acc' 1770386331.1317 0.080566 0.010986 1.032227 90.614
1770386331.1339 0 'robobot/drive/T0/livn' 1770386331.1339 374 374 388 386 378 368 360 350 5
1770386331.1350 0 'robobot/drive/T0/ird' 1770386331.1350 0.810 1.500 3654 2016 1
1770386331.1351 0 'robobot/drive/T0/vel' 1770386331.1350 90.6170 0.248 0.250 0.0052 0.248 4
1770386331.1361 0 'robobot/drive/T0/mvel' 1770386331.1361 0.248 0.250
1770386331.1363 0 'robobot/drive/T0/pose' 1770386331.1362 90.6180 0.465 0.000 0.0081 -3.1009
1770386331.1406 0 'robobot/drive/T0/pose' 1770386331.1405 90.6230 0.466 0.000 0.0081 -3.1009
1770386331.1428 0 'robobot/drive/T0/vel' 1770386331.1427 90.6250 0.244 0.251 0.0314 0.244 4
1770386331.1435 0 'robobot/drive/T0/mvel' 1770386331.1435 0.244 0.251
1770386331.1439 0 'robobot/drive/T0/livn' 1770386331.1438 383 371 382 382 381 367 351 340 5
1770386331.1439 0 'robobot/drive/T0/gyro' 1770386331.1439 -2.005920 -1.937866 -0.289856 90.626
1770386331.1440 0 'robobot/drive/T0/acc' 1770386331.1439 0.024902 -0.015137 0.944824 90.626
1770386331.1462 0 'robobot/drive/T0/pose' 1770386331.1461 90.6280 0.467 0.000 0.0081 -3.1012
1770386331.1483 0 'robobot/drive/T0/mot' 1770386331.1483 2 1.7 0.1 0.1 0
1770386331.1483 0 'robobot/drive/T0/mca' 1770386331.1483 0.264 0.136 16
1770386331.1495 0 'robobot/drive/T0/liv' 1770386331.1494 291 335 366 294 338 357 324 236 25
1770386331.1516 0 'robobot/drive/T0/pose' 1770386331.1516 90.6330 0.469 0.000 0.0081 -3.1016
1770386331.1517 0 'robobot/drive/T0/vel' 1770386331.1516 90.6330 0.252 0.251 -0.0055 0.252 4
1770386331.1520 0 'robobot/drive/T0/mvel' 1770386331.1520 0.252 0.251
1770386331.1538 0 'robobot/drive/T0/livn' 1770386331.1538 394 379 380 384 397 376 352 334 5
1770386331.1560 0 'robobot/drive/T0/gyro' 1770386331.1559 -1.304016 -2.517700 1.327576 90.638
1770386331.1560 0 'robobot/drive/T0/acc' 1770386331.1560 0.034180 0.018066 1.080811 90.638
1770386331.1561 0 'robobot/drive/T0/pose' 1770386331.1560 90.6380 0.469 0.000 0.0093 -3.1019
1770386331.1593 0 'robobot/drive/T0/vel' 1770386331.1592 90.6410 0.255 0.249 -0.0261 0.255 4
1770386331.1594 0 'robobot/drive/T0/mvel' 1770386331.1594 0.255 0.249
1770386331.1604 0 'robobot/drive/T0/ird' 1770386331.1603 0.792 1.500 3704 2120 1
1770386331.1615 0 'robobot/drive/T0/pose' 1770386331.1614 90.6430 0.471 0.000 0.0081 -3.1020
1770386331.1636 0 'robobot/drive/T0/livn' 1770386331.1636 389 376 386 397 381 375 364 353 5
1770386331.1658 0 'robobot/drive/T0/pose' 1770386331.1657 90.6480 0.472 0.000 0.0081 -3.1018
1770386331.1669 0 'robobot/drive/T0/vel' 1770386331.1669 90.6490 0.251 0.248 -0.0100 0.251 4
1770386331.1678 0 'robobot/drive/T0/mvel' 1770386331.1678 0.251 0.248
1770386331.1680 0 'robobot/drive/T0/gyro' 1770386331.1680 0.649109 2.090454 -1.083313 90.650
1770386331.1681 0 'robobot/drive/T0/acc' 1770386331.1680 0.022705 -0.014160 1.006836 90.650
1770386331.1713 0 'robobot/drive/T0/pose' 1770386331.1712 90.6530 0.473 0.000 0.0093 -3.1017
1770386331.1735 0 'robobot/drive/T0/livn' 1770386331.1734 383 384 385 384 380 372 376 366 5
1770386331.1756 0 'robobot/drive/T0/vel' 1770386331.1756 90.6570 0.241 0.248 0.0329 0.241 4
1770386331.1757 0 'robobot/drive/T0/pose' 1770386331.1756 90.6580 0.474 0.000 0.0081 -3.1016
1770386331.1763 0 'robobot/drive/T0/mvel' 1770386331.1762 0.241 0.248
1770386331.1799 0 'robobot/drive/T0/gyro' 1770386331.1799 -1.090393 -1.358032 0.564636 90.662
1770386331.1800 0 'robobot/drive/T0/acc' 1770386331.1799 -0.035645 -0.048096 0.875488 90.662
1770386331.1811 0 'robobot/drive/T0/pose' 1770386331.1810 90.6630 0.476 0.000 0.0093 -3.1019
1770386331.1811 0 'robobot/drive/T0/mot' 1770386331.1811 2.1 1.7 0.1 0.1 0
1770386331.1812 0 'robobot/drive/T0/mca' 1770386331.1811 0.260 0.129 17
1770386331.1833 0 'robobot/drive/T0/vel' 1770386331.1833 90.6650 0.245 0.247 0.0086 0.245 4
1770386331.1834 0 'robobot/drive/T0/livn' 1770386331.1833 378 374 384 388 383 365 365 360 5
1770386331.1836 0 'robobot/drive/T0/mvel' 1770386331.1836 0.245 0.247
1770386331.1855 0 'robobot/drive/T0/ird' 1770386331.1855 0.822 1.500 3623 1964 1
1770386331.1856 0 'robobot/drive/T0/pose' 1770386331.1855 90.6680 0.477 0.000 0.0093 -3.1021
1770386331.1909 0 'robobot/drive/T0/pose' 1770386331.1908 90.6730 0.478 0.000 0.0081 -3.1023
1770386331.1909 0 'robobot/drive/T0/vel' 1770386331.1909 90.6730 0.254 0.250 -0.0166 0.254 4
1770386331.1910 0 'robobot/drive/T0/mvel' 1770386331.1910 0.254 0.250
1770386331.1920 0 'robobot/drive/T0/gyro' 1770386331.1920 0.893250 -2.639771 0.351013 90.674
1770386331.1921 0 'robobot/drive/T0/acc' 1770386331.1920 0.054688 0.014404 0.960693 90.674
1770386331.1932 0 'robobot/drive/T0/livn' 1770386331.1931 381 375 383 400 382 372 375 368 5
1770386331.1964 0 'robobot/drive/T0/pose' 1770386331.1963 90.6780 0.479 0.000 0.0081 -3.1023
1770386331.1986 0 'robobot/drive/T0/liv' 1770386331.1985 289 335 365 303 339 358 330 246 25
1770386331.1986 0 'robobot/drive/T0/vel' 1770386331.1986 90.6810 0.253 0.251 -0.0082 0.253 4
1770386331.1995 0 'robobot/drive/T0/mvel' 1770386331.1995 0.253 0.251
1770386331.2008 0 'robobot/drive/T0/pose' 1770386331.2007 90.6830 0.481 0.000 0.0081 -3.1021
1770386331.2040 0 'robobot/drive/T0/livn' 1770386331.2039 376 372 384 397 376 373 366 357 5
1770386331.2040 0 'robobot/drive/T0/gyro' 1770386331.2040 -1.365051 1.663208 -2.212463 90.686
1770386331.2041 0 'robobot/drive/T0/acc' 1770386331.2040 0.060547 0.013184 1.067139 90.686
1770386331.2062 0 'robobot/drive/T0/pose' 1770386331.2062 90.6880 0.482 0.000 0.0081 -3.1019
1770386331.2073 0 'robobot/drive/T0/vel' 1770386331.2073 90.6890 0.247 0.250 0.0144 0.247 4
1770386331.2079 0 'robobot/drive/T0/mvel' 1770386331.2079 0.247 0.250
1770386331.2095 0 'robobot/drive/T0/ird' 1770386331.2095 0.825 1.500 3615 2012 1
1770386331.2106 0 'robobot/drive/T0/pose' 1770386331.2106 90.6930 0.483 0.001 0.0093 -3.1018
1770386331.2138 0 'robobot/drive/T0/livn' 1770386331.2138 384 379 386 393 385 380 377 370 5
1770386331.2138 0 'robobot/drive/T0/mot' 1770386331.2138 2 1.7 0.1 0.1 0
1770386331.2139 0 'robobot/drive/T0/mca' 1770386331.2138 0.262 0.135 16
1770386331.2150 0 'robobot/drive/T0/vel' 1770386331.2149 90.6970 0.240 0.248 0.0377 0.240 4
1770386331.2153 0 'robobot/drive/T0/mvel' 1770386331.2153 0.240 0.248
1770386331.2161 0 'robobot/drive/T0/gyro' 1770386331.2160 -0.052795 -0.259399 0.106873 90.698
1770386331.2161 0 'robobot/drive/T0/acc' 1770386331.2161 -0.010742 -0.064209 0.885742 90.698
1770386331.2162 0 'robobot/drive/T0/pose' 1770386331.2161 90.6980 0.484 0.001 0.0093 -3.1020
1770386331.2215 0 'robobot/drive/T0/pose' 1770386331.2214 90.7030 0.486 0.001 0.0081 -3.1021
1770386331.2226 0 'robobot/drive/T0/vel' 1770386331.2226 90.7050 0.256 0.247 -0.0369 0.256 4
1770386331.2227 0 'robobot/drive/T0/mvel' 1770386331.2227 0.256 0.247
1770386331.2237 0 'robobot/drive/T0/livn' 1770386331.2237 386 373 387 387 379 373 371 367 5
1770386331.2259 0 'robobot/drive/T0/pose' 1770386331.2258 90.7080 0.487 0.001 0.0081 -3.1023
1770386331.2280 0 'robobot/drive/T0/gyro' 1770386331.2280 1.137390 -1.083374 0.564636 90.710
1770386331.2281 0 'robobot/drive/T0/acc' 1770386331.2280 0.053467 0.000732 0.989746 90.710
1770386331.2313 0 'robobot/drive/T0/pose' 1770386331.2312 90.7130 0.488 0.001 0.0081 -3.1022
1770386331.2313 0 'robobot/drive/T0/vel' 1770386331.2313 90.7130 0.253 0.249 -0.0185 0.253 4
1770386331.2322 0 'robobot/drive/T0/mvel' 1770386331.2322 0.253 0.249
1770386331.2335 0 'robobot/drive/T0/livn' 1770386331.2334 368 385 381 383 378 372 368 353 5
1770386331.2346 0 'robobot/drive/T0/ird' 1770386331.2345 0.837 1.500 3584 1942 1
1770386331.2357 0 'robobot/drive/T0/pose' 1770386331.2356 90.7180 0.489 0.001 0.0081 -3.1022
1770386331.2389 0 'robobot/drive/T0/vel' 1770386331.2389 90.7210 0.249 0.250 0.0051 0.249 4
1770386331.2396 0 'robobot/drive/T0/mvel' 1770386331.2395 0.249 0.250
1770386331.2400 0 'robobot/drive/T0/gyro' 1770386331.2400 2.022400 2.517700 -0.320374 90.722
1770386331.2401 0 'robobot/drive/T0/acc' 1770386331.2400 0.027588 -0.035400 1.144043 90.722
1770386331.2412 0 'robobot/drive/T0/pose' 1770386331.2411 90.7230 0.491 0.001 0.0081 -3.1021
1770386331.2433 0 'robobot/drive/T0/livn' 1770386331.2433 400 382 385 375 373 369 369 360 5
1770386331.2465 0 'robobot/drive/T0/pose' 1770386331.2465 90.7280 0.492 0.001 0.0093 -3.1020
1770386331.2466 0 'robobot/drive/T0/mot' 1770386331.2466 2 1.7 0.1 0.1 0
1770386331.2466 0 'robobot/drive/T0/mca' 1770386331.2466 0.264 0.136 17
1770386331.2467 0 'robobot/drive/T0/vel' 1770386331.2466 90.7290 0.243 0.248 0.0229 0.243 4
1770386331.2469 0 'robobot/drive/T0/mvel' 1770386331.2469 0.243 0.248
1770386331.2488 0 'robobot/drive/T0/liv' 1770386331.2488 293 341 365 297 336 361 334 247 25
1770386331.2510 0 'robobot/drive/T0/pose' 1770386331.2509 90.7330 0.493 0.001 0.0093 -3.1020
1770386331.2521 0 'robobot/drive/T0/gyro' 1770386331.2520 0.496521 1.663208 2.090515 90.734
1770386331.2521 0 'robobot/drive/T0/acc' 1770386331.2521 0.012451 -0.002197 0.975830 90.734
1770386331.2532 0 'robobot/drive/T0/livn' 1770386331.2532 389 385 386 389 380 379 373 366 5
1770386331.2554 0 'robobot/drive/T0/vel' 1770386331.2553 90.7370 0.245 0.248 0.0149 0.245 4
1770386331.2564 0 'robobot/drive/T0/mvel' 1770386331.2564 0.245 0.248
1770386331.2565 0 'robobot/drive/T0/pose' 1770386331.2564 90.7380 0.494 0.001 0.0081 -3.1021
1770386331.2597 0 'robobot/drive/T0/ird' 1770386331.2597 0.824 1.500 3617 1932 1
1770386331.2608 0 'robobot/drive/T0/pose' 1770386331.2608 90.7430 0.496 0.001 0.0093 -3.1024
1770386331.2630 0 'robobot/drive/T0/vel' 1770386331.2629 90.7450 0.245 0.251 0.0295 0.245 4
1770386331.2638 0 'robobot/drive/T0/mvel' 1770386331.2638 0.245 0.251
1770386331.2641 0 'robobot/drive/T0/livn' 1770386331.2640 381 379 382 384 388 375 368 361 5
1770386331.2641 0 'robobot/drive/T0/gyro' 1770386331.2641 0.954285 -2.578735 2.609314 90.746
1770386331.2642 0 'robobot/drive/T0/acc' 1770386331.2641 0.041992 0.030518 0.917725 90.746
1770386331.2663 0 'robobot/drive/T0/pose' 1770386331.2663 90.7480 0.497 0.001 0.0093 -3.1026
1770386331.2706 0 'robobot/drive/T0/pose' 1770386331.2705 90.7530 0.498 0.001 0.0093 -3.1029
1770386331.2706 0 'robobot/drive/T0/vel' 1770386331.2706 90.7530 0.246 0.254 0.0362 0.246 4
1770386331.2712 0 'robobot/drive/T0/mvel' 1770386331.2712 0.246 0.254
1770386331.2738 0 'robobot/drive/T0/livn' 1770386331.2738 384 379 381 381 389 380 370 359 5
1770386331.2760 0 'robobot/drive/T0/gyro' 1770386331.2759 -1.059875 -2.334595 0.717224 90.758
1770386331.2760 0 'robobot/drive/T0/acc' 1770386331.2760 0.077393 0.020264 0.878662 90.758
1770386331.2761 0 'robobot/drive/T0/pose' 1770386331.2760 90.7580 0.499 0.001 0.0093 -3.1031
1770386331.2793 0 'robobot/drive/T0/vel' 1770386331.2793 90.7610 0.251 0.257 0.0287 0.251 4
1770386331.2796 0 'robobot/drive/T0/mvel' 1770386331.2796 0.251 0.257
1770386331.2804 0 'robobot/drive/T0/mot' 1770386331.2804 2 1.7 0.1 0.1 0
1770386331.2804 0 'robobot/drive/T0/mca' 1770386331.2804 0.294 0.130 16
1770386331.2815 0 'robobot/drive/T0/pose' 1770386331.2815 90.7630 0.501 0.001 0.0093 -3.1033
1770386331.2837 0 'robobot/drive/T0/livn' 1770386331.2836 390 384 387 384 379 369 365 351 5
1770386331.2848 0 'robobot/drive/T0/ird' 1770386331.2847 0.775 1.500 3753 2021 1
1770386331.2859 0 'robobot/drive/T0/pose' 1770386331.2858 90.7680 0.502 0.001 0.0093 -3.1033
1770386331.2870 0 'robobot/drive/T0/vel' 1770386331.2869 90.7690 0.245 0.253 0.0361 0.245 4
1770386331.2870 0 'robobot/drive/T0/mvel' 1770386331.2870 0.245 0.253
1770386331.2881 0 'robobot/drive/T0/gyro' 1770386331.2881 -1.334534 0.137329 1.907410 90.770
1770386331.2881 0 'robobot/drive/T0/acc' 1770386331.2881 -0.007080 -0.058350 1.001221 90.770
1770386331.2914 0 'robobot/drive/T0/pose' 1770386331.2913 90.7730 0.503 0.001 0.0104 -3.1035
1770386331.2935 0 'robobot/drive/T0/livn' 1770386331.2935 390 391 376 383 372 377 371 357 5
1770386331.2946 0 'robobot/drive/T0/vel' 1770386331.2946 90.7770 0.246 0.249 0.0159 0.246 4
1770386331.2955 0 'robobot/drive/T0/mvel' 1770386331.2954 0.246 0.249
1770386331.2957 0 'robobot/drive/T0/pose' 1770386331.2957 90.7780 0.504 0.001 0.0093 -3.1035
1770386331.2989 0 'robobot/drive/T0/liv' 1770386331.2989 294 342 362 296 339 361 330 244 25
1770386331.3000 0 'robobot/drive/T0/gyro' 1770386331.3000 0.160828 -0.564575 1.388611 90.782
1770386331.3001 0 'robobot/drive/T0/acc' 1770386331.3000 0.004883 0.003662 0.990234 90.782
1770386331.3012 0 'robobot/drive/T0/pose' 1770386331.3011 90.7830 0.506 0.001 0.0104 -3.1036
1770386331.3033 0 'robobot/drive/T0/vel' 1770386331.3033 90.7850 0.244 0.249 0.0221 0.244 4
1770386331.3034 0 'robobot/drive/T0/livn' 1770386331.3033 392 381 383 390 380 373 370 358 5
1770386331.3039 0 'robobot/drive/T0/mvel' 1770386331.3039 0.244 0.249
1770386331.3066 0 'robobot/drive/T0/pose' 1770386331.3065 90.7880 0.507 0.001 0.0104 -3.1036
1770386331.3098 0 'robobot/drive/T0/ird' 1770386331.3097 0.736 1.500 3872 1903 1
1770386331.3109 0 'robobot/drive/T0/pose' 1770386331.3108 90.7930 0.508 0.001 0.0093 -3.1036
1770386331.3109 0 'robobot/drive/T0/vel' 1770386331.3109 90.7930 0.251 0.249 -0.0112 0.251 4
1770386331.3113 0 'robobot/drive/T0/mvel' 1770386331.3113 0.251 0.249
1770386331.3120 0 'robobot/drive/T0/gyro' 1770386331.3120 -1.059875 0.381470 0.778259 90.794
1770386331.3121 0 'robobot/drive/T0/acc' 1770386331.3120 0.053955 -0.003662 1.003174 90.794
1770386331.3132 0 'robobot/drive/T0/mot' 1770386331.3131 2 1.7 0.1 0.1 0
1770386331.3132 0 'robobot/drive/T0/mca' 1770386331.3132 0.290 0.123 17
1770386331.3133 0 'robobot/drive/T0/livn' 1770386331.3132 382 382 389 389 380 375 371 360 5
1770386331.3165 0 'robobot/drive/T0/pose' 1770386331.3164 90.7980 0.509 0.001 0.0093 -3.1034
1770386331.3186 0 'robobot/drive/T0/vel' 1770386331.3186 90.8010 0.251 0.247 -0.0175 0.251 4
1770386331.3187 0 'robobot/drive/T0/mvel' 1770386331.3187 0.251 0.247
1770386331.3208 0 'robobot/drive/T0/pose' 1770386331.3207 90.8030 0.511 0.001 0.0104 -3.1034
1770386331.3240 0 'robobot/drive/T0/livn' 1770386331.3239 380 379 385 377 377 369 372 357 5
1770386331.3240 0 'robobot/drive/T0/gyro' 1770386331.3240 0.771179 1.998901 1.174988 90.806
1770386331.3241 0 'robobot/drive/T0/acc' 1770386331.3240 0.031494 0.008301 0.944092 90.806
1770386331.3262 0 'robobot/drive/T0/pose' 1770386331.3262 90.8080 0.512 0.001 0.0093 -3.1033
1770386331.3273 0 'robobot/drive/T0/vel' 1770386331.3273 90.8090 0.253 0.247 -0.0274 0.253 4
1770386331.3284 0 'robobot/drive/T0/mvel' 1770386331.3284 0.253 0.247
1770386331.3316 0 'robobot/drive/T0/pose' 1770386331.3315 90.8130 0.513 0.001 0.0093 -3.1032
1770386331.3337 0 'robobot/drive/T0/livn' 1770386331.3337 385 389 394 396 383 378 374 347 5
1770386331.3348 0 'robobot/drive/T0/ird' 1770386331.3348 0.629 1.500 4281 1995 1
1770386331.3349 0 'robobot/drive/T0/vel' 1770386331.3348 90.8170 0.254 0.249 -0.0222 0.254 4
1770386331.3358 0 'robobot/drive/T0/mvel' 1770386331.3358 0.254 0.249
1770386331.3361 0 'robobot/drive/T0/gyro' 1770386331.3360 -0.144348 -2.944946 0.167908 90.818
1770386331.3361 0 'robobot/drive/T0/acc' 1770386331.3361 -0.024414 -0.031250 0.960449 90.818
1770386331.3362 0 'robobot/drive/T0/pose' 1770386331.3361 90.8180 0.514 0.001 0.0093 -3.1034
1770386331.3417 0 'robobot/drive/T0/pose' 1770386331.3415 90.8230 0.516 0.001 0.0093 -3.1038
1770386331.3428 0 'robobot/drive/T0/vel' 1770386331.3427 90.8250 0.256 0.248 -0.0369 0.256 4
1770386331.3432 0 'robobot/drive/T0/mvel' 1770386331.3432 0.256 0.248
1770386331.3439 0 'robobot/drive/T0/livn' 1770386331.3438 383 369 382 390 388 377 377 361 5
1770386331.3460 0 'robobot/drive/T0/mot' 1770386331.3460 0.44 1 0.1 0.1 0
1770386331.3461 0 'robobot/drive/T0/mca' 1770386331.3460 0.266 0.140 16
1770386331.3461 0 'robobot/drive/T0/pose' 1770386331.3461 90.8280 0.517 0.001 0.0093 -3.1038
1770386331.3483 0 'robobot/drive/T0/gyro' 1770386331.3482 -0.480042 1.449585 -0.472961 90.830
1770386331.3483 0 'robobot/drive/T0/acc' 1770386331.3483 0.014404 -0.040283 1.080322 90.830
1770386331.3494 0 'robobot/drive/T0/liv' 1770386331.3494 291 338 366 299 339 366 333 245 25
1770386331.3496 0 'robobot/drive/master' 1770386331.3495 2026-02-06 14:58:48.828247
1770386331.3516 0 'robobot/drive/T0/pose' 1770386331.3515 90.8330 0.518 0.001 0.0081 -3.1037
1770386331.3516 0 'robobot/drive/T0/vel' 1770386331.3516 90.8330 0.250 0.244 -0.0239 0.250 4
1770386331.3518 0 'robobot/drive/T0/mvel' 1770386331.3518 0.250 0.244
1770386331.3538 0 'robobot/drive/T0/livn' 1770386331.3538 383 375 383 385 383 404 367 369 5
1770386331.3560 0 'robobot/drive/T0/pose' 1770386331.3559 90.8380 0.519 0.001 0.0104 -3.1036
1770386331.3592 0 'robobot/drive/T0/vel' 1770386331.3591 90.8410 0.200 0.227 0.1166 0.200 4
1770386331.3592 0 'robobot/drive/T0/mvel' 1770386331.3592 0.200 0.227
1770386331.3603 0 'robobot/drive/T0/gyro' 1770386331.3602 -1.822815 3.738403 0.839294 90.842
1770386331.3603 0 'robobot/drive/T0/acc' 1770386331.3603 -0.069336 0.004883 0.904541 90.842
1770386331.3604 0 'robobot/drive/T0/ird' 1770386331.3603 0.586 1.500 4483 2187 1
1770386331.3615 0 'robobot/drive/T0/pose' 1770386331.3614 90.8430 0.520 0.001 0.0116 -3.1039
1770386331.3636 0 'robobot/drive/T0/livn' 1770386331.3636 382 381 370 372 370 392 376 362 5
1770386331.3658 0 'robobot/drive/T0/pose' 1770386331.3657 90.8480 0.521 0.001 0.0127 -3.1040
1770386331.3669 0 'robobot/drive/T0/vel' 1770386331.3668 90.8490 0.159 0.223 0.2788 0.159 4
1770386331.3677 0 'robobot/drive/T0/mvel' 1770386331.3677 0.159 0.223
1770386331.3711 0 'robobot/drive/T0/pose' 1770386331.3711 90.8530 0.522 0.001 0.0150 -3.1051
1770386331.3722 0 'robobot/drive/T0/gyro' 1770386331.3722 -1.761780 -3.463745 -0.625549 90.854
1770386331.3723 0 'robobot/drive/T0/acc' 1770386331.3722 -0.171387 -0.046875 0.830811 90.854
1770386331.3734 0 'robobot/drive/T0/livn' 1770386331.3733 392 386 381 396 391 394 378 355 5
1770386331.3755 0 'robobot/drive/T0/vel' 1770386331.3755 90.8570 0.128 0.235 0.4624 0.128 4
1770386331.3756 0 'robobot/drive/T0/pose' 1770386331.3755 90.8580 0.523 0.001 0.0173 -3.1060
1770386331.3761 0 'robobot/drive/T0/mvel' 1770386331.3761 0.128 0.235
1770386331.3788 0 'robobot/drive/T0/mot' 1770386331.3787 0.64 0.77 0.1 0.1 0
1770386331.3788 0 'robobot/drive/T0/mca' 1770386331.3788 0.077 0.026 17
1770386331.3810 0 'robobot/drive/T0/pose' 1770386331.3809 90.8630 0.524 0.001 0.0197 -3.1066
1770386331.3831 0 'robobot/drive/T0/vel' 1770386331.3831 90.8650 0.119 0.229 0.4764 0.119 4
1770386331.3832 0 'robobot/drive/T0/livn' 1770386331.3831 377 382 385 392 386 382 382 369 5
1770386331.3835 0 'robobot/drive/T0/mvel' 1770386331.3835 0.119 0.229
1770386331.3843 0 'robobot/drive/T0/gyro' 1770386331.3842 -0.663147 2.853394 1.174988 90.866
1770386331.3843 0 'robobot/drive/T0/acc' 1770386331.3843 -0.250732 -0.113770 1.120361 90.866
1770386331.3854 0 'robobot/drive/T0/ird' 1770386331.3854 0.530 1.500 4802 2263 1
1770386331.3865 0 'robobot/drive/T0/pose' 1770386331.3865 90.8680 0.524 0.001 0.0220 -3.1072
1770386331.3908 0 'robobot/drive/T0/pose' 1770386331.3908 90.8730 0.525 0.001 0.0243 -3.1078
1770386331.3909 0 'robobot/drive/T0/vel' 1770386331.3908 90.8730 0.121 0.218 0.4196 0.121 4
1770386331.3909 0 'robobot/drive/T0/mvel' 1770386331.3909 0.121 0.218
1770386331.3941 0 'robobot/drive/T0/livn' 1770386331.3940 376 380 385 386 392 384 383 370 5
1770386331.3962 0 'robobot/drive/T0/gyro' 1770386331.3962 0.679626 6.088257 5.996765 90.878
1770386331.3963 0 'robobot/drive/T0/acc' 1770386331.3962 -0.149414 -0.112305 0.994629 90.878
1770386331.3963 0 'robobot/drive/T0/pose' 1770386331.3963 90.8780 0.526 0.001 0.0243 -3.1083
1770386331.3985 0 'robobot/drive/T0/liv' 1770386331.3984 288 341 361 298 342 373 340 248 25
1770386331.3986 0 'robobot/drive/T0/vel' 1770386331.3985 90.8810 0.149 0.207 0.2534 0.149 4
1770386331.3994 0 'robobot/drive/T0/mvel' 1770386331.3994 0.149 0.207
1770386331.4007 0 'robobot/drive/T0/pose' 1770386331.4007 90.8830 0.527 0.001 0.0254 -3.1095
1770386331.4039 0 'robobot/drive/T0/livn' 1770386331.4039 362 370 385 394 386 378 371 370 5
1770386331.4061 0 'robobot/drive/T0/pose' 1770386331.4061 90.8880 0.528 0.001 0.0266 -3.1107
1770386331.4072 0 'robobot/drive/T0/vel' 1770386331.4072 90.8890 0.177 0.206 0.1274 0.177 4
1770386331.4078 0 'robobot/drive/T0/mvel' 1770386331.4078 0.177 0.206
1770386331.4083 0 'robobot/drive/T0/gyro' 1770386331.4083 2.998962 0.167847 9.170593 90.890
1770386331.4084 0 'robobot/drive/T0/acc' 1770386331.4083 -0.191650 -0.008789 0.909912 90.890
1770386331.4095 0 'robobot/drive/T0/ird' 1770386331.4094 0.503 1.500 4980 2076 1
1770386331.4106 0 'robobot/drive/T0/pose' 1770386331.4105 90.8930 0.529 0.001 0.0266 -3.1120
1770386331.4117 0 'robobot/drive/T0/mot' 1770386331.4116 -0.11 0.69 0.1 0.1 0
1770386331.4117 0 'robobot/drive/T0/mca' 1770386331.4117 0.046 0.015 16
1770386331.4138 0 'robobot/drive/T0/livn' 1770386331.4138 381 385 394 402 382 375 375 360 5
1770386331.4149 0 'robobot/drive/T0/vel' 1770386331.4149 90.8970 0.176 0.205 0.1289 0.176 4
1770386331.4152 0 'robobot/drive/T0/mvel' 1770386331.4152 0.176 0.205
1770386331.4160 0 'robobot/drive/T0/pose' 1770386331.4160 90.8980 0.530 0.001 0.0278 -3.1126
1770386331.4203 0 'robobot/drive/T0/gyro' 1770386331.4202 1.320496 -1.235962 8.834900 90.902
1770386331.4203 0 'robobot/drive/T0/acc' 1770386331.4203 -0.196533 -0.083984 1.112061 90.902
1770386331.4214 0 'robobot/drive/T0/pose' 1770386331.4214 90.9030 0.531 0.001 0.0301 -3.1138
1770386331.4236 0 'robobot/drive/T0/vel' 1770386331.4235 90.9050 0.139 0.196 0.2452 0.139 4
1770386331.4236 0 'robobot/drive/T0/livn' 1770386331.4236 380 383 386 384 382 379 377 355 5
1770386331.4237 0 'robobot/drive/T0/mvel' 1770386331.4237 0.139 0.196
1770386331.4258 0 'robobot/drive/T0/pose' 1770386331.4257 90.9080 0.532 0.001 0.0312 -3.1146
1770386331.4311 0 'robobot/drive/T0/pose' 1770386331.4311 90.9130 0.532 0.001 0.0324 -3.1155
1770386331.4312 0 'robobot/drive/T0/vel' 1770386331.4311 90.9130 0.105 0.178 0.3149 0.105 4
1770386331.4321 0 'robobot/drive/T0/mvel' 1770386331.4321 0.105 0.178
1770386331.4323 0 'robobot/drive/T0/gyro' 1770386331.4322 0.282898 6.881714 17.318787 90.914
1770386331.4323 0 'robobot/drive/T0/acc' 1770386331.4323 -0.271729 -0.168457 0.976074 90.914
1770386331.4334 0 'robobot/drive/T0/livn' 1770386331.4334 379 377 383 381 379 388 372 358 5
1770386331.4345 0 'robobot/drive/T0/ird' 1770386331.4345 0.489 1.500 5080 2022 1
1770386331.4356 0 'robobot/drive/T0/pose' 1770386331.4356 90.9180 0.533 0.001 0.0347 -3.1166
1770386331.4388 0 'robobot/drive/T0/vel' 1770386331.4388 90.9210 0.094 0.168 0.3233 0.094 4
1770386331.4395 0 'robobot/drive/T0/mvel' 1770386331.4395 0.094 0.168
1770386331.4410 0 'robobot/drive/T0/pose' 1770386331.4409 90.9230 0.534 0.001 0.0359 -3.1191
1770386331.4432 0 'robobot/drive/T0/livn' 1770386331.4431 387 381 381 378 374 377 372 363 5
1770386331.4443 0 'robobot/drive/T0/gyro' 1770386331.4442 -1.029358 -5.111694 27.786316 90.926
1770386331.4443 0 'robobot/drive/T0/acc' 1770386331.4443 -0.272705 -0.161377 0.734131 90.926
1770386331.4454 0 'robobot/drive/T0/mot' 1770386331.4454 0.05 0.79 0.1 0.1 0
1770386331.4454 0 'robobot/drive/T0/mca' 1770386331.4454 0.230 0.021 17
1770386331.4466 0 'robobot/drive/T0/pose' 1770386331.4465 90.9280 0.534 0.001 0.0359 -3.1208
1770386331.4466 0 'robobot/drive/T0/vel' 1770386331.4466 90.9290 0.117 0.168 0.2184 0.117 4
1770386331.4469 0 'robobot/drive/T0/mvel' 1770386331.4469 0.117 0.168
1770386331.4488 0 'robobot/drive/T0/liv' 1770386331.4487 288 341 368 299 337 365 334 245 25
1770386331.4509 0 'robobot/drive/T0/pose' 1770386331.4509 90.9330 0.535 0.001 0.0382 -3.1225
1770386331.4541 0 'robobot/drive/T0/livn' 1770386331.4541 375 386 393 387 380 380 371 354 5
1770386331.4552 0 'robobot/drive/T0/vel' 1770386331.4552 90.9370 0.129 0.173 0.1927 0.129 4
1770386331.4554 0 'robobot/drive/T0/mvel' 1770386331.4554 0.129 0.173
1770386331.4563 0 'robobot/drive/T0/gyro' 1770386331.4563 1.656189 -8.621216 23.819031 90.938
1770386331.4564 0 'robobot/drive/T0/acc' 1770386331.4563 -0.031738 -0.023926 1.035400 90.938
1770386331.4564 0 'robobot/drive/T0/pose' 1770386331.4564 90.9380 0.536 0.001 0.0393 -3.1236
1770386331.4596 0 'robobot/drive/T0/ird' 1770386331.4596 0.456 1.500 5339 2262 1
1770386331.4607 0 'robobot/drive/T0/pose' 1770386331.4607 90.9430 0.536 0.001 0.0416 -3.1245
1770386331.4629 0 'robobot/drive/T0/vel' 1770386331.4628 90.9450 0.106 0.171 0.2815 0.106 4
1770386331.4639 0 'robobot/drive/T0/mvel' 1770386331.4638 0.106 0.171
1770386331.4640 0 'robobot/drive/T0/livn' 1770386331.4639 393 383 385 376 381 377 365 359 5
1770386331.4662 0 'robobot/drive/T0/pose' 1770386331.4661 90.9480 0.537 0.001 0.0439 -3.1247
1770386331.4673 0 'robobot/drive/T0/gyro' 1770386331.4672 3.731384 9.597778 26.901306 90.950
1770386331.4673 0 'robobot/drive/T0/acc' 1770386331.4673 -0.161377 -0.086914 1.188477 90.950
1770386331.4716 0 'robobot/drive/T0/pose' 1770386331.4715 90.9530 0.537 0.001 0.0474 -3.1246
1770386331.4716 0 'robobot/drive/T0/vel' 1770386331.4716 90.9530 0.082 0.148 0.2880 0.082 4
1770386331.4723 0 'robobot/drive/T0/mvel' 1770386331.4723 0.082 0.148
1770386331.4738 0 'robobot/drive/T0/livn' 1770386331.4737 382 376 381 385 380 380 375 363 5
1770386331.4759 0 'robobot/drive/T0/pose' 1770386331.4759 90.9580 0.538 0.001 0.0486 -3.1252
1770386331.4781 0 'robobot/drive/T0/mot' 1770386331.4781 -0.16 0.87 0.1 0.1 0
1770386331.4781 0 'robobot/drive/T0/mca' 1770386331.4781 0.174 0.034 16
1770386331.4792 0 'robobot/drive/T0/vel' 1770386331.4792 90.9610 0.057 0.129 0.3119 0.057 4
1770386331.4793 0 'robobot/drive/T0/gyro' 1770386331.4792 -1.883850 3.402710 37.765564 90.962
1770386331.4793 0 'robobot/drive/T0/acc' 1770386331.4793 -0.341797 -0.158691 0.785645 90.962
1770386331.4797 0 'robobot/drive/T0/mvel' 1770386331.4797 0.057 0.129
1770386331.4815 0 'robobot/drive/T0/pose' 1770386331.4814 90.9630 0.538 0.001 0.0509 -3.1272
1770386331.4837 0 'robobot/drive/T0/livn' 1770386331.4836 388 380 375 362 380 373 361 345 5
1770386331.4847 0 'robobot/drive/T0/ird' 1770386331.4847 0.437 1.500 5507 2179 1
1770386331.4858 0 'robobot/drive/T0/pose' 1770386331.4858 90.9680 0.538 0.001 0.0520 -3.1290
1770386331.4869 0 'robobot/drive/T0/vel' 1770386331.4869 90.9690 0.043 0.117 0.3200 0.043 4
1770386331.4871 0 'robobot/drive/T0/mvel' 1770386331.4871 0.043 0.117
1770386331.4912 0 'robobot/drive/T0/pose' 1770386331.4912 90.9730 0.539 0.001 0.0555 -3.1315
1770386331.4913 0 'robobot/drive/T0/gyro' 1770386331.4912 2.022400 -10.482788 44.143738 90.974
1770386331.4913 0 'robobot/drive/T0/acc' 1770386331.4913 -0.176025 -0.100098 0.731934 90.974
1770386331.4935 0 'robobot/drive/T0/livn' 1770386331.4934 378 371 375 370 374 371 365 349 5
1770386331.4946 0 'robobot/drive/T0/vel' 1770386331.4945 90.9770 0.036 0.151 0.5037 0.036 4
1770386331.4956 0 'robobot/drive/T0/mvel' 1770386331.4955 0.036 0.151
1770386331.4957 0 'robobot/drive/T0/pose' 1770386331.4956 90.9780 0.539 0.001 0.0567 -3.1332
1770386331.4989 0 'robobot/drive/T0/liv' 1770386331.4988 293 338 360 288 337 361 330 242 25
1770386331.5011 0 'robobot/drive/T0/pose' 1770386331.5010 90.9830 0.540 0.001 0.0590 -3.1349
1770386331.5032 0 'robobot/drive/T0/vel' 1770386331.5032 90.9850 0.042 0.154 0.4886 0.042 4
1770386331.5033 0 'robobot/drive/T0/livn' 1770386331.5032 395 379 382 381 379 376 381 356 5
1770386331.5033 0 'robobot/drive/T0/gyro' 1770386331.5033 -2.097473 -7.095337 45.639099 90.986
1770386331.5034 0 'robobot/drive/T0/acc' 1770386331.5034 0.141602 0.072754 1.293701 90.986
1770386331.5040 0 'robobot/drive/T0/mvel' 1770386331.5040 0.042 0.154
1770386331.5056 0 'robobot/drive/T0/pose' 1770386331.5055 90.9880 0.540 0.001 0.0601 -3.1350
1770386331.5098 0 'robobot/drive/T0/ird' 1770386331.5098 0.421 1.500 5659 2129 1
1770386331.5109 0 'robobot/drive/T0/mot' 1770386331.5109 0.1 0.91 0.1 0.1 0
1770386331.5109 0 'robobot/drive/T0/mca' 1770386331.5109 0.069 0.080 17
1770386331.5110 0 'robobot/drive/T0/pose' 1770386331.5109 90.9930 0.541 0.002 0.0625 -3.1343
1770386331.5110 0 'robobot/drive/T0/vel' 1770386331.5110 90.9930 0.062 0.141 0.3428 0.062 4
1770386331.5114 0 'robobot/drive/T0/mvel' 1770386331.5114 0.062 0.141
1770386331.5132 0 'robobot/drive/T0/livn' 1770386331.5131 384 371 375 372 374 369 371 363 5
1770386331.5154 0 'robobot/drive/T0/gyro' 1770386331.5153 1.686707 8.132935 36.727966 90.998
1770386331.5154 0 'robobot/drive/T0/acc' 1770386331.5154 0.086670 0.066162 0.927246 90.998
1770386331.5165 0 'robobot/drive/T0/pose' 1770386331.5165 90.9980 0.541 0.002 0.0625 -3.1334
1770386331.5187 0 'robobot/drive/T0/vel' 1770386331.5186 91.0010 0.067 0.131 0.2798 0.067 4
1770386331.5188 0 'robobot/drive/T0/mvel' 1770386331.5188 0.067 0.131
1770386331.5208 0 'robobot/drive/T0/pose' 1770386331.5208 91.0030 0.542 0.002 0.0659 -3.1323
1770386331.5240 0 'robobot/drive/T0/livn' 1770386331.5239 377 371 378 382 370 365 373 371 5
1770386331.5261 0 'robobot/drive/T0/pose' 1770386331.5261 91.0080 0.542 0.002 0.0682 -3.1324
1770386331.5272 0 'robobot/drive/T0/vel' 1770386331.5272 91.0090 0.062 0.118 0.2460 0.062 4
1770386331.5273 0 'robobot/drive/T0/mvel' 1770386331.5273 0.062 0.118
1770386331.5273 0 'robobot/drive/T0/gyro' 1770386331.5272 0.801697 -8.346558 35.842957 91.010
1770386331.5273 0 'robobot/drive/T0/acc' 1770386331.5273 -0.039795 -0.079590 0.721680 91.010
1770386331.5305 0 'robobot/drive/T0/pose' 1770386331.5305 91.0130 0.542 0.002 0.0717 -3.1334
1770386331.5338 0 'robobot/drive/T0/livn' 1770386331.5337 374 377 383 391 370 357 366 365 5
1770386331.5349 0 'robobot/drive/T0/ird' 1770386331.5348 0.394 1.500 5942 2067 1
1770386331.5349 0 'robobot/drive/T0/vel' 1770386331.5349 91.0170 0.048 0.128 0.3479 0.048 4
1770386331.5359 0 'robobot/drive/T0/mvel' 1770386331.5358 0.048 0.128
1770386331.5361 0 'robobot/drive/T0/pose' 1770386331.5360 91.0180 0.543 0.002 0.0740 -3.1338
1770386331.5393 0 'robobot/drive/T0/gyro' 1770386331.5393 2.205505 1.510620 32.516541 91.022
1770386331.5394 0 'robobot/drive/T0/acc' 1770386331.5394 0.065674 0.109131 1.304443 91.022
1770386331.5416 0 'robobot/drive/T0/pose' 1770386331.5415 91.0230 0.543 0.002 0.0775 -3.1336
1770386331.5427 0 'robobot/drive/T0/vel' 1770386331.5427 91.0250 0.037 0.137 0.4347 0.037 4
1770386331.5433 0 'robobot/drive/T0/mvel' 1770386331.5433 0.037 0.137
1770386331.5438 0 'robobot/drive/T0/livn' 1770386331.5438 361 372 377 380 378 375 376 355 5
1770386331.5439 0 'robobot/drive/T0/mot' 1770386331.5438 -0 1.2 0.1 0.1 0
1770386331.5439 0 'robobot/drive/T0/mca' 1770386331.5439 0.078 0.148 16
1770386331.5450 0 'robobot/drive/T0/hbt' 1770386331.5450 91.0280 107 1033 11.73 4 8 8.9 0.66 0
1770386331.5462 0 'robobot/drive/T0/pose' 1770386331.5461 91.0280 0.543 0.002 0.0798 -3.1331
1770386331.5494 0 'robobot/drive/T0/liv' 1770386331.5493 285 333 359 292 332 354 335 248 25
1770386331.5516 0 'robobot/drive/T0/pose' 1770386331.5515 91.0330 0.544 0.002 0.0833 -3.1327
1770386331.5517 0 'robobot/drive/T0/vel' 1770386331.5516 91.0330 0.029 0.137 0.4708 0.029 4
1770386331.5517 0 'robobot/drive/T0/mvel' 1770386331.5517 0.029 0.137
1770386331.5517 0 'robobot/drive/T0/gyro' 1770386331.5517 0.801697 1.358032 31.265320 91.034
1770386331.5518 0 'robobot/drive/T0/acc' 1770386331.5517 -0.009277 -0.014404 0.691162 91.034
1770386331.5540 0 'robobot/drive/T0/livn' 1770386331.5539 378 376 370 367 377 367 376 360 5
1770386331.5562 0 'robobot/drive/T0/pose' 1770386331.5561 91.0380 0.544 0.002 0.0856 -3.1328
1770386331.5594 0 'robobot/drive/T0/vel' 1770386331.5594 91.0410 0.023 0.140 0.5065 0.023 4
1770386331.5595 0 'robobot/drive/T0/ird' 1770386331.5594 0.365 1.500 6302 2086 1
1770386331.5602 0 'robobot/drive/T0/mvel' 1770386331.5601 0.023 0.140
1770386331.5617 0 'robobot/drive/T0/pose' 1770386331.5616 91.0430 0.544 0.002 0.0890 -3.1333
1770386331.5639 0 'robobot/drive/T0/livn' 1770386331.5638 365 373 375 372 377 378 383 365 5
1770386331.5639 0 'robobot/drive/T0/gyro' 1770386331.5639 1.839294 -6.698608 34.378113 91.046
1770386331.5640 0 'robobot/drive/T0/acc' 1770386331.5639 0.068359 -0.028076 0.987305 91.046
1770386331.5662 0 'robobot/drive/T0/pose' 1770386331.5661 91.0480 0.545 0.002 0.0914 -3.1335
1770386331.5673 0 'robobot/drive/T0/vel' 1770386331.5672 91.0490 0.020 0.132 0.4880 0.020 4
1770386331.5676 0 'robobot/drive/T0/mvel' 1770386331.5675 0.020 0.132
1770386331.5716 0 'robobot/drive/T0/pose' 1770386331.5715 91.0530 0.545 0.002 0.0937 -3.1335
1770386331.5738 0 'robobot/drive/T0/livn' 1770386331.5737 368 378 364 364 367 370 382 357 5
1770386331.5749 0 'robobot/drive/T0/vel' 1770386331.5748 91.0570 0.017 0.117 0.4337 0.017 4
1770386331.5749 0 'robobot/drive/T0/mvel' 1770386331.5749 0.017 0.117
1770386331.5760 0 'robobot/drive/T0/gyro' 1770386331.5760 0.679626 4.226685 34.988464 91.058
1770386331.5761 0 'robobot/drive/T0/acc' 1770386331.5760 0.111084 0.008301 1.208496 91.058
1770386331.5761 0 'robobot/drive/T0/pose' 1770386331.5761 91.0580 0.545 0.002 0.0960 -3.1331
1770386331.5773 0 'robobot/drive/T0/mot' 1770386331.5772 0.31 1.4 0.1 0.1 0
1770386331.5773 0 'robobot/drive/T0/mca' 1770386331.5773 0.089 0.193 17
1770386331.5816 0 'robobot/drive/T0/pose' 1770386331.5815 91.0630 0.545 0.002 0.0983 -3.1324
1770386331.5827 0 'robobot/drive/T0/vel' 1770386331.5826 91.0650 0.016 0.098 0.3589 0.016 4
1770386331.5833 0 'robobot/drive/T0/mvel' 1770386331.5833 0.016 0.098
1770386331.5838 0 'robobot/drive/T0/livn' 1770386331.5838 378 370 367 370 368 372 381 355 5
1770386331.5849 0 'robobot/drive/T0/ird' 1770386331.5849 0.339 1.500 6676 2153 1
1770386331.5861 0 'robobot/drive/T0/pose' 1770386331.5860 91.0680 0.546 0.002 0.1006 -3.1321
1770386331.5882 0 'robobot/drive/T0/gyro' 1770386331.5882 0.343933 -1.480103 35.385193 91.070
1770386331.5883 0 'robobot/drive/T0/acc' 1770386331.5882 0.071289 -0.124512 0.733643 91.070
1770386331.5915 0 'robobot/drive/T0/pose' 1770386331.5915 91.0730 0.546 0.002 0.1029 -3.1318
1770386331.5916 0 'robobot/drive/T0/vel' 1770386331.5915 91.0730 0.013 0.112 0.4282 0.013 4
1770386331.5918 0 'robobot/drive/T0/mvel' 1770386331.5918 0.013 0.112
1770386331.5938 0 'robobot/drive/T0/livn' 1770386331.5937 375 373 370 376 368 373 379 359 5
1770386331.5960 0 'robobot/drive/T0/pose' 1770386331.5959 91.0780 0.546 0.002 0.1052 -3.1319
1770386331.5992 0 'robobot/drive/T0/liv' 1770386331.5991 282 332 349 288 330 358 341 245 25
1770386331.5993 0 'robobot/drive/T0/vel' 1770386331.5992 91.0810 0.012 0.119 0.4637 0.012 4
1770386331.5994 0 'robobot/drive/T0/gyro' 1770386331.5993 3.670349 -6.057739 35.720886 91.082
1770386331.5994 0 'robobot/drive/T0/acc' 1770386331.5994 0.115723 -0.056396 1.072021 91.082
1770386331.6003 0 'robobot/drive/T0/mvel' 1770386331.6002 0.012 0.119
1770386331.6016 0 'robobot/drive/T0/pose' 1770386331.6015 91.0830 0.547 0.002 0.1076 -3.1319
1770386331.6038 0 'robobot/drive/T0/livn' 1770386331.6037 368 356 361 395 384 369 374 358 5
1770386331.6060 0 'robobot/drive/T0/pose' 1770386331.6059 91.0880 0.547 0.002 0.1099 -3.1317
1770386331.6071 0 'robobot/drive/T0/vel' 1770386331.6070 91.0890 0.011 0.125 0.4931 0.011 4
1770386331.6076 0 'robobot/drive/T0/mvel' 1770386331.6076 0.011 0.125
1770386331.6103 0 'robobot/drive/T0/mot' 1770386331.6103 0.49 1.5 0.1 0.1 0
1770386331.6104 0 'robobot/drive/T0/mca' 1770386331.6103 0.117 0.348 16
1770386331.6104 0 'robobot/drive/T0/ird' 1770386331.6104 0.312 1.500 7111 2101 1
1770386331.6115 0 'robobot/drive/T0/pose' 1770386331.6115 91.0930 0.547 0.002 0.1110 -3.1308
1770386331.6116 0 'robobot/drive/T0/gyro' 1770386331.6115 0.282898 5.538940 37.094177 91.094
1770386331.6117 0 'robobot/drive/T0/acc' 1770386331.6116 0.086182 -0.077881 1.038086 91.094
1770386331.6139 0 'robobot/drive/T0/livn' 1770386331.6138 386 367 353 366 370 374 367 353 5
1770386331.6150 0 'robobot/drive/T0/vel' 1770386331.6149 91.0970 0.011 0.112 0.4403 0.011 4
1770386331.6150 0 'robobot/drive/T0/mvel' 1770386331.6150 0.011 0.112
1770386331.6161 0 'robobot/drive/T0/pose' 1770386331.6160 91.0980 0.548 0.002 0.1122 -3.1302
1770386331.6215 0 'robobot/drive/T0/pose' 1770386331.6214 91.1030 0.548 0.002 0.1145 -3.1297
1770386331.6236 0 'robobot/drive/T0/vel' 1770386331.6236 91.1050 0.018 0.116 0.4269 0.018 4
1770386331.6237 0 'robobot/drive/T0/livn' 1770386331.6236 382 376 376 386 374 370 372 352 5
1770386331.6238 0 'robobot/drive/T0/gyro' 1770386331.6237 3.243103 -2.090454 37.948669 91.106
1770386331.6238 0 'robobot/drive/T0/acc' 1770386331.6238 0.049316 0.004883 0.851807 91.106
1770386331.6245 0 'robobot/drive/T0/mvel' 1770386331.6245 0.018 0.116
1770386331.6260 0 'robobot/drive/T0/pose' 1770386331.6259 91.1080 0.549 0.002 0.1156 -3.1296
1770386331.6313 0 'robobot/drive/T0/pose' 1770386331.6313 91.1130 0.549 0.002 0.1191 -3.1295
1770386331.6314 0 'robobot/drive/T0/vel' 1770386331.6313 91.1130 0.018 0.133 0.5023 0.018 4
1770386331.6319 0 'robobot/drive/T0/mvel' 1770386331.6319 0.018 0.133
1770386331.6336 0 'robobot/drive/T0/livn' 1770386331.6335 370 367 379 377 375 365 372 365 5
1770386331.6347 0 'robobot/drive/T0/ird' 1770386331.6346 0.303 1.500 7279 2231 1
1770386331.6358 0 'robobot/drive/T0/gyro' 1770386331.6358 0.618591 -3.067017 40.420593 91.118
1770386331.6359 0 'robobot/drive/T0/acc' 1770386331.6358 0.065186 -0.076660 1.080566 91.118
1770386331.6360 0 'robobot/drive/T0/pose' 1770386331.6359 91.1180 0.549 0.002 0.1214 -3.1297
1770386331.6392 0 'robobot/drive/T0/vel' 1770386331.6391 91.1210 0.018 0.143 0.5432 0.018 4
1770386331.6393 0 'robobot/drive/T0/mvel' 1770386331.6392 0.018 0.143
1770386331.6414 0 'robobot/drive/T0/pose' 1770386331.6413 91.1230 0.550 0.002 0.1249 -3.1293
1770386331.6425 0 'robobot/drive/T0/mot' 1770386331.6424 0.57 1.5 0.1 0.1 0
1770386331.6425 0 'robobot/drive/T0/mca' 1770386331.6425 0.164 0.375 17
1770386331.6436 0 'robobot/drive/T0/livn' 1770386331.6436 367 359 372 383 376 371 379 377 5
1770386331.6458 0 'robobot/drive/T0/pose' 1770386331.6457 91.1280 0.550 0.002 0.1272 -3.1289
1770386331.6469 0 'robobot/drive/T0/vel' 1770386331.6469 91.1290 0.018 0.130 0.4869 0.018 4
1770386331.6477 0 'robobot/drive/T0/mvel' 1770386331.6477 0.018 0.130
1770386331.6481 0 'robobot/drive/T0/gyro' 1770386331.6480 1.289978 2.700806 43.014587 91.130
1770386331.6481 0 'robobot/drive/T0/acc' 1770386331.6481 0.060547 -0.019775 1.001465 91.130
1770386331.6493 0 'robobot/drive/T0/liv' 1770386331.6492 284 327 353 292 332 355 331 246 25
1770386331.6515 0 'robobot/drive/T0/pose' 1770386331.6514 91.1330 0.550 0.002 0.1307 -3.1283
1770386331.6537 0 'robobot/drive/T0/livn' 1770386331.6536 358 360 384 378 371 365 363 368 5
1770386331.6548 0 'robobot/drive/T0/vel' 1770386331.6547 91.1380 0.018 0.130 0.4887 0.018 4
1770386331.6551 0 'robobot/drive/T0/mvel' 1770386331.6551 0.018 0.130
1770386331.6559 0 'robobot/drive/T0/pose' 1770386331.6559 91.1380 0.551 0.002 0.1330 -3.1281
1770386331.6602 0 'robobot/drive/T0/gyro' 1770386331.6602 0.374451 -3.890991 45.700134 91.142
1770386331.6603 0 'robobot/drive/T0/acc' 1770386331.6602 -0.014648 -0.126221 0.796875 91.142
1770386331.6604 0 'robobot/drive/T0/ird' 1770386331.6603 0.299 1.500 7371 2275 1
1770386331.6615 0 'robobot/drive/T0/pose' 1770386331.6614 91.1430 0.551 0.003 0.1365 -3.1282
1770386331.6627 0 'robobot/drive/T0/vel' 1770386331.6626 91.1460 0.020 0.151 0.5692 0.020 4
1770386331.6635 0 'robobot/drive/T0/mvel' 1770386331.6635 0.020 0.151
1770386331.6638 0 'robobot/drive/T0/livn' 1770386331.6637 371 373 360 385 388 377 366 359 5
1770386331.6660 0 'robobot/drive/T0/pose' 1770386331.6659 91.1480 0.552 0.003 0.1388 -3.1283
1770386331.6713 0 'robobot/drive/T0/pose' 1770386331.6713 91.1540 0.552 0.003 0.1422 -3.1286
1770386331.6714 0 'robobot/drive/T0/vel' 1770386331.6713 91.1540 0.022 0.154 0.5718 0.022 4
1770386331.6715 0 'robobot/drive/T0/gyro' 1770386331.6714 0.435486 -1.358032 47.409119 91.154
1770386331.6716 0 'robobot/drive/T0/acc' 1770386331.6715 0.083740 -0.041016 1.239014 91.154
1770386331.6720 0 'robobot/drive/T0/mvel' 1770386331.6719 0.022 0.154
1770386331.6738 0 'robobot/drive/T0/livn' 1770386331.6737 363 361 366 374 377 373 365 360 5
1770386331.6759 0 'robobot/drive/T0/mot' 1770386331.6759 0.66 1.5 0.1 0.1 0
1770386331.6760 0 'robobot/drive/T0/mca' 1770386331.6759 0.240 0.325 16
1770386331.6760 0 'robobot/drive/T0/pose' 1770386331.6760 91.1590 0.553 0.003 0.1469 -3.1279
1770386331.6793 0 'robobot/drive/T0/vel' 1770386331.6792 91.1620 0.019 0.149 0.5680 0.019 4
1770386331.6794 0 'robobot/drive/T0/mvel' 1770386331.6793 0.019 0.149
1770386331.6815 0 'robobot/drive/T0/pose' 1770386331.6814 91.1640 0.553 0.003 0.1480 -3.1276
1770386331.6837 0 'robobot/drive/T0/livn' 1770386331.6836 362 366 367 393 383 373 374 370 5
1770386331.6838 0 'robobot/drive/T0/gyro' 1770386331.6837 1.137390 0.869751 48.263611 91.166
1770386331.6838 0 'robobot/drive/T0/acc' 1770386331.6838 0.065674 -0.070801 0.869141 91.166
1770386331.6849 0 'robobot/drive/T0/ird' 1770386331.6849 0.297 1.500 7408 2296 1
1770386331.6861 0 'robobot/drive/T0/pose' 1770386331.6860 91.1690 0.553 0.003 0.1515 -3.1272
1770386331.6872 0 'robobot/drive/T0/vel' 1770386331.6871 91.1700 0.017 0.148 0.5674 0.017 4
1770386331.6878 0 'robobot/drive/T0/mvel' 1770386331.6878 0.017 0.148
1770386331.6915 0 'robobot/drive/T0/pose' 1770386331.6914 91.1740 0.554 0.003 0.1538 -3.1271
1770386331.6937 0 'robobot/drive/T0/livn' 1770386331.6936 385 374 369 359 378 376 381 351 5
1770386331.6948 0 'robobot/drive/T0/vel' 1770386331.6948 91.1780 0.016 0.150 0.5846 0.016 4
1770386331.6952 0 'robobot/drive/T0/mvel' 1770386331.6951 0.016 0.150
1770386331.6960 0 'robobot/drive/T0/gyro' 1770386331.6959 2.846375 -4.928589 47.775330 91.178
1770386331.6960 0 'robobot/drive/T0/acc' 1770386331.6960 0.107910 -0.030518 0.960693 91.178
1770386331.6961 0 'robobot/drive/T0/pose' 1770386331.6960 91.1790 0.554 0.003 0.1550 -3.1271
1770386331.6994 0 'robobot/drive/T0/liv' 1770386331.6993 278 328 348 291 338 361 333 246 25
1770386331.7016 0 'robobot/drive/T0/pose' 1770386331.7015 91.1840 0.555 0.003 0.1573 -3.1269
1770386331.7027 0 'robobot/drive/T0/vel' 1770386331.7026 91.1860 0.045 0.163 0.5132 0.045 4
1770386331.7036 0 'robobot/drive/T0/mvel' 1770386331.7036 0.045 0.163
1770386331.7038 0 'robobot/drive/T0/livn' 1770386331.7038 363 369 374 383 379 373 370 356 5
1770386331.7060 0 'robobot/drive/T0/pose' 1770386331.7060 91.1890 0.556 0.003 0.1584 -3.1266
1770386331.7082 0 'robobot/drive/T0/gyro' 1770386331.7081 1.778259 0.778198 46.096863 91.190
1770386331.7083 0 'robobot/drive/T0/acc' 1770386331.7082 0.106445 -0.062988 1.090088 91.190
1770386331.7095 0 'robobot/drive/T0/mot' 1770386331.7094 0.61 1.5 0.1 0.1 0
1770386331.7095 0 'robobot/drive/T0/mca' 1770386331.7095 0.181 0.289 17
1770386331.7096 0 'robobot/drive/T0/ird' 1770386331.7095 0.291 1.500 7525 2135 1
1770386331.7108 0 'robobot/drive/T0/vel' 1770386331.7107 91.1940 0.057 0.164 0.4663 0.057 4
1770386331.7110 0 'robobot/drive/T0/mvel' 1770386331.7110 0.057 0.164
1770386331.7119 0 'robobot/drive/T0/pose' 1770386331.7118 91.1940 0.556 0.003 0.1619 -3.1261
1770386331.7141 0 'robobot/drive/T0/livn' 1770386331.7140 363 368 375 374 380 372 366 362 5
1770386331.7163 0 'robobot/drive/T0/pose' 1770386331.7162 91.1990 0.557 0.003 0.1631 -3.1255
1770386331.7195 0 'robobot/drive/T0/vel' 1770386331.7194 91.2020 0.066 0.149 0.3620 0.066 4
1770386331.7196 0 'robobot/drive/T0/gyro' 1770386331.7195 3.212585 2.059937 45.394958 91.202
1770386331.7197 0 'robobot/drive/T0/acc' 1770386331.7196 0.158691 0.066406 0.944092 91.202
1770386331.7205 0 'robobot/drive/T0/mvel' 1770386331.7205 0.066 0.149
1770386331.7219 0 'robobot/drive/T0/pose' 1770386331.7218 91.2040 0.557 0.003 0.1654 -3.1249
1770386331.7240 0 'robobot/drive/T0/livn' 1770386331.7240 354 364 375 394 379 377 370 364 5
1770386331.7263 0 'robobot/drive/T0/pose' 1770386331.7262 91.2090 0.558 0.004 0.1688 -3.1244
1770386331.7274 0 'robobot/drive/T0/vel' 1770386331.7273 91.2100 0.058 0.154 0.4152 0.058 4
1770386331.7279 0 'robobot/drive/T0/mvel' 1770386331.7279 0.058 0.154
1770386331.7317 0 'robobot/drive/T0/pose' 1770386331.7316 91.2140 0.558 0.004 0.1712 -3.1241
1770386331.7318 0 'robobot/drive/T0/gyro' 1770386331.7317 3.121033 -1.907349 43.533386 91.214
1770386331.7319 0 'robobot/drive/T0/acc' 1770386331.7318 0.071045 -0.010254 0.920898 91.214
1770386331.7338 0 'robobot/drive/T0/livn' 1770386331.7337 367 356 357 377 377 377 370 349 5
1770386331.7349 0 'robobot/drive/T0/ird' 1770386331.7349 0.285 1.500 7649 2069 1
1770386331.7350 0 'robobot/drive/T0/vel' 1770386331.7349 91.2180 0.050 0.168 0.5146 0.050 4
1770386331.7353 0 'robobot/drive/T0/mvel' 1770386331.7353 0.050 0.168
1770386331.7372 0 'robobot/drive/T0/pose' 1770386331.7371 91.2190 0.559 0.004 0.1746 -3.1239
1770386331.7416 0 'robobot/drive/T0/pose' 1770386331.7415 91.2240 0.559 0.004 0.1781 -3.1236
1770386331.7417 0 'robobot/drive/T0/mot' 1770386331.7416 0.52 1.4 0.1 0.1 0
1770386331.7417 0 'robobot/drive/T0/mca' 1770386331.7417 0.130 0.256 16
1770386331.7428 0 'robobot/drive/T0/vel' 1770386331.7428 91.2260 0.042 0.161 0.5147 0.042 4
1770386331.7438 0 'robobot/drive/T0/mvel' 1770386331.7438 0.042 0.161
1770386331.7441 0 'robobot/drive/T0/livn' 1770386331.7440 376 363 370 392 382 370 369 353 5
1770386331.7443 0 'robobot/drive/T0/gyro' 1770386331.7441 1.656189 1.480103 45.028748 91.226
1770386331.7445 0 'robobot/drive/T0/acc' 1770386331.7443 0.056152 0.026855 1.073242 91.226
1770386331.7468 0 'robobot/drive/T0/pose' 1770386331.7467 91.2290 0.559 0.004 0.1804 -3.1233
1770386331.7490 0 'robobot/drive/T0/liv' 1770386331.7489 279 326 351 297 338 359 330 243 25
1770386331.7512 0 'robobot/drive/T0/vel' 1770386331.7511 91.2340 0.039 0.158 0.5138 0.039 4
1770386331.7512 0 'robobot/drive/T0/mvel' 1770386331.7512 0.039 0.158
1770386331.7524 0 'robobot/drive/T0/pose' 1770386331.7523 91.2340 0.560 0.004 0.1839 -3.1230
1770386331.7535 0 'robobot/drive/T0/livn' 1770386331.7534 377 373 372 382 382 367 365 353 5
1770386331.7557 0 'robobot/drive/T0/gyro' 1770386331.7556 2.724304 0.686646 45.822205 91.238
1770386331.7558 0 'robobot/drive/T0/acc' 1770386331.7557 0.035889 -0.028809 0.900635 91.238
1770386331.7569 0 'robobot/drive/T0/pose' 1770386331.7568 91.2390 0.560 0.004 0.1862 -3.1228
1770386331.7591 0 'robobot/drive/T0/vel' 1770386331.7590 91.2420 0.033 0.165 0.5746 0.033 4
1770386331.7597 0 'robobot/drive/T0/mvel' 1770386331.7597 0.033 0.165
1770386331.7602 0 'robobot/drive/T0/ird' 1770386331.7601 0.279 1.500 7774 1969 1
1770386331.7613 0 'robobot/drive/T0/pose' 1770386331.7613 91.2440 0.561 0.004 0.1897 -3.1229
1770386331.7635 0 'robobot/drive/T0/livn' 1770386331.7635 377 373 376 386 380 376 377 365 5
1770386331.7668 0 'robobot/drive/T0/pose' 1770386331.7667 91.2490 0.561 0.004 0.1943 -3.1229
1770386331.7668 0 'robobot/drive/T0/vel' 1770386331.7668 91.2500 0.032 0.169 0.5973 0.032 4
1770386331.7671 0 'robobot/drive/T0/mvel' 1770386331.7671 0.032 0.169
1770386331.7680 0 'robobot/drive/T0/gyro' 1770386331.7679 1.808777 -1.235962 45.059265 91.250
1770386331.7681 0 'robobot/drive/T0/acc' 1770386331.7680 0.054199 0.021240 1.085693 91.250
1770386331.7724 0 'robobot/drive/T0/pose' 1770386331.7723 91.2540 0.562 0.004 0.1966 -3.1229
1770386331.7735 0 'robobot/drive/T0/livn' 1770386331.7734 364 363 371 372 364 370 381 370 5
1770386331.7746 0 'robobot/drive/T0/mot' 1770386331.7746 0.67 1.4 0.1 0.1 0
1770386331.7747 0 'robobot/drive/T0/mca' 1770386331.7746 0.217 0.208 17
1770386331.7747 0 'robobot/drive/T0/vel' 1770386331.7747 91.2580 0.028 0.170 0.6193 0.028 4
1770386331.7756 0 'robobot/drive/T0/mvel' 1770386331.7755 0.028 0.170
1770386331.7769 0 'robobot/drive/T0/pose' 1770386331.7768 91.2590 0.562 0.004 0.2012 -3.1226
1770386331.7801 0 'robobot/drive/T0/gyro' 1770386331.7801 3.456726 1.449585 43.899597 91.262
1770386331.7802 0 'robobot/drive/T0/acc' 1770386331.7802 0.024170 -0.014648 0.980225 91.262
1770386331.7814 0 'robobot/drive/T0/pose' 1770386331.7813 91.2640 0.562 0.004 0.2035 -3.1224
1770386331.7835 0 'robobot/drive/T0/vel' 1770386331.7835 91.2660 0.026 0.160 0.5839 0.026 4
1770386331.7836 0 'robobot/drive/T0/livn' 1770386331.7835 370 361 371 385 376 371 375 368 5
1770386331.7840 0 'robobot/drive/T0/mvel' 1770386331.7840 0.026 0.160
1770386331.7847 0 'robobot/drive/T0/ird' 1770386331.7847 0.276 1.500 7863 1848 1
1770386331.7869 0 'robobot/drive/T0/pose' 1770386331.7868 91.2690 0.563 0.005 0.2070 -3.1222
1770386331.7912 0 'robobot/drive/T0/vel' 1770386331.7911 91.2740 0.021 0.157 0.5924 0.021 4
1770386331.7913 0 'robobot/drive/T0/gyro' 1770386331.7912 1.015320 -1.144409 42.800964 91.274
1770386331.7913 0 'robobot/drive/T0/acc' 1770386331.7913 0.024414 0.031982 0.981201 91.274
1770386331.7914 0 'robobot/drive/T0/mvel' 1770386331.7914 0.021 0.157
1770386331.7914 0 'robobot/drive/T0/pose' 1770386331.7913 91.2740 0.563 0.005 0.2093 -3.1221
1770386331.7936 0 'robobot/drive/T0/livn' 1770386331.7935 386 365 368 381 385 369 377 361 5
1770386331.7968 0 'robobot/drive/T0/pose' 1770386331.7968 91.2790 0.564 0.005 0.2128 -3.1220
1770386331.7990 0 'robobot/drive/T0/liv' 1770386331.7989 283 328 354 293 334 359 338 250 25
1770386331.7991 0 'robobot/drive/T0/vel' 1770386331.7990 91.2820 0.020 0.162 0.6171 0.020 4
1770386331.7998 0 'robobot/drive/T0/mvel' 1770386331.7998 0.020 0.162
1770386331.8023 0 'robobot/drive/T0/pose' 1770386331.8022 91.2840 0.564 0.005 0.2140 -3.1219
1770386331.8035 0 'robobot/drive/T0/livn' 1770386331.8034 382 373 382 378 377 381 381 377 5
1770386331.8035 0 'robobot/drive/T0/gyro' 1770386331.8035 4.799500 1.419067 41.030945 91.286
1770386331.8036 0 'robobot/drive/T0/acc' 1770386331.8035 0.041748 0.026855 1.039307 91.286
1770386331.8068 0 'robobot/drive/T0/pose' 1770386331.8068 91.2890 0.565 0.005 0.2163 -3.1217
1770386331.8069 0 'robobot/drive/T0/vel' 1770386331.8068 91.2900 0.030 0.158 0.5560 0.030 4
1770386331.8072 0 'robobot/drive/T0/mvel' 1770386331.8072 0.030 0.158
1770386331.8080 0 'robobot/drive/T0/mot' 1770386331.8080 0.84 1.4 0.1 0.1 0
1770386331.8080 0 'robobot/drive/T0/mca' 1770386331.8080 0.200 0.207 16
1770386331.8102 0 'robobot/drive/T0/ird' 1770386331.8102 0.273 1.500 7931 1974 1
1770386331.8113 0 'robobot/drive/T0/pose' 1770386331.8113 91.2940 0.566 0.005 0.2163 -3.1215
1770386331.8135 0 'robobot/drive/T0/livn' 1770386331.8135 392 379 371 364 377 383 384 364 5
1770386331.8147 0 'robobot/drive/T0/vel' 1770386331.8146 91.2980 0.081 0.156 0.3270 0.081 4
1770386331.8156 0 'robobot/drive/T0/mvel' 1770386331.8156 0.081 0.156
1770386331.8158 0 'robobot/drive/T0/gyro' 1770386331.8157 0.588074 0.350952 41.519226 91.298
1770386331.8159 0 'robobot/drive/T0/acc' 1770386331.8158 0.028564 0.050293 0.893311 91.298
1770386331.8170 0 'robobot/drive/T0/pose' 1770386331.8169 91.2990 0.566 0.005 0.2186 -3.1214
1770386331.8223 0 'robobot/drive/T0/pose' 1770386331.8223 91.3040 0.567 0.005 0.2197 -3.1210
1770386331.8235 0 'robobot/drive/T0/vel' 1770386331.8234 91.3060 0.089 0.157 0.2970 0.089 4
1770386331.8235 0 'robobot/drive/T0/livn' 1770386331.8235 372 373 366 371 377 376 379 365 5
1770386331.8241 0 'robobot/drive/T0/mvel' 1770386331.8240 0.089 0.157
1770386331.8268 0 'robobot/drive/T0/pose' 1770386331.8267 91.3090 0.567 0.006 0.2232 -3.1206
1770386331.8279 0 'robobot/drive/T0/gyro' 1770386331.8278 3.212585 -1.327515 37.735046 91.310
1770386331.8280 0 'robobot/drive/T0/acc' 1770386331.8279 0.068359 0.040527 1.030029 91.310
1770386331.8312 0 'robobot/drive/T0/vel' 1770386331.8311 91.3140 0.078 0.156 0.3379 0.078 4
1770386331.8315 0 'robobot/drive/T0/mvel' 1770386331.8314 0.078 0.156
1770386331.8323 0 'robobot/drive/T0/pose' 1770386331.8323 91.3140 0.568 0.006 0.2244 -3.1204
1770386331.8335 0 'robobot/drive/T0/livn' 1770386331.8334 371 362 372 374 375 378 378 371 5
1770386331.8346 0 'robobot/drive/T0/ird' 1770386331.8345 0.270 1.500 7988 1953 1
1770386331.8367 0 'robobot/drive/T0/pose' 1770386331.8367 91.3190 0.568 0.006 0.2267 -3.1199
1770386331.8390 0 'robobot/drive/T0/vel' 1770386331.8389 91.3220 0.066 0.157 0.3959 0.066 4
1770386331.8399 0 'robobot/drive/T0/mvel' 1770386331.8399 0.066 0.157
1770386331.8401 0 'robobot/drive/T0/gyro' 1770386331.8400 0.710144 2.883911 37.857117 91.322
1770386331.8402 0 'robobot/drive/T0/acc' 1770386331.8401 0.000000 -0.038574 0.956787 91.322
1770386331.8413 0 'robobot/drive/T0/mot' 1770386331.8412 0.41 1.4 0.1 0.1 0
1770386331.8413 0 'robobot/drive/T0/mca' 1770386331.8413 0.100 0.220 17
1770386331.8414 0 'robobot/drive/T0/pose' 1770386331.8413 91.3240 0.569 0.006 0.2301 -3.1198
1770386331.8436 0 'robobot/drive/T0/livn' 1770386331.8435 374 364 366 380 378 373 384 376 5
1770386331.8468 0 'robobot/drive/T0/pose' 1770386331.8467 91.3290 0.569 0.006 0.2336 -3.1197
1770386331.8469 0 'robobot/drive/T0/vel' 1770386331.8468 91.3300 0.056 0.154 0.4264 0.056 4
1770386331.8473 0 'robobot/drive/T0/mvel' 1770386331.8472 0.056 0.154
1770386331.8490 0 'robobot/drive/T0/liv' 1770386331.8490 287 329 349 287 334 364 342 253 25
1770386331.8509 0 'robobot/drive/master' 1770386331.8509 2026-02-06 14:58:48.828247
1770386331.8513 0 'robobot/drive/T0/gyro' 1770386331.8512 2.144470 0.045776 41.061462 91.334
1770386331.8513 0 'robobot/drive/T0/acc' 1770386331.8513 -0.000732 0.013428 0.959229 91.334
1770386331.8514 0 'robobot/drive/T0/pose' 1770386331.8513 91.3340 0.569 0.006 0.2359 -3.1197
1770386331.8536 0 'robobot/drive/T0/livn' 1770386331.8535 371 362 365 379 378 376 374 374 5
1770386331.8547 0 'robobot/drive/T0/vel' 1770386331.8546 91.3380 0.043 0.150 0.4633 0.043 4
1770386331.8557 0 'robobot/drive/T0/mvel' 1770386331.8557 0.043 0.150
1770386331.8569 0 'robobot/drive/T0/pose' 1770386331.8569 91.3390 0.570 0.006 0.2405 -3.1197
1770386331.8602 0 'robobot/drive/T0/ird' 1770386331.8601 0.269 1.500 8010 2018 1
1770386331.8623 0 'robobot/drive/T0/pose' 1770386331.8623 91.3440 0.570 0.006 0.2429 -3.1197
1770386331.8635 0 'robobot/drive/T0/vel' 1770386331.8634 91.3460 0.036 0.159 0.5319 0.036 4
1770386331.8635 0 'robobot/drive/T0/livn' 1770386331.8635 371 367 367 386 381 371 367 375 5
1770386331.8636 0 'robobot/drive/T0/gyro' 1770386331.8635 0.160828 -0.015259 41.000427 91.346
1770386331.8637 0 'robobot/drive/T0/acc' 1770386331.8636 0.025391 -0.006104 0.980713 91.346
1770386331.8641 0 'robobot/drive/T0/mvel' 1770386331.8641 0.036 0.159
1770386331.8669 0 'robobot/drive/T0/pose' 1770386331.8668 91.3490 0.571 0.006 0.2475 -3.1197
1770386331.8712 0 'robobot/drive/T0/vel' 1770386331.8711 91.3540 0.028 0.170 0.6157 0.028 4
1770386331.8715 0 'robobot/drive/T0/mvel' 1770386331.8715 0.028 0.170
1770386331.8723 0 'robobot/drive/T0/pose' 1770386331.8723 91.3540 0.571 0.006 0.2510 -3.1196
1770386331.8735 0 'robobot/drive/T0/livn' 1770386331.8734 369 366 370 373 377 375 377 364 5
1770386331.8735 0 'robobot/drive/T0/mot' 1770386331.8735 0.68 1.3 0.1 0.1 0
1770386331.8735 0 'robobot/drive/T0/mca' 1770386331.8735 0.184 0.224 16
1770386331.8757 0 'robobot/drive/T0/gyro' 1770386331.8757 0.649109 -1.205444 42.800964 91.358
1770386331.8758 0 'robobot/drive/T0/acc' 1770386331.8757 0.023926 -0.039551 1.014648 91.358
1770386331.8769 0 'robobot/drive/T0/pose' 1770386331.8769 91.3590 0.572 0.007 0.2533 -3.1196
1770386331.8791 0 'robobot/drive/T0/vel' 1770386331.8790 91.3620 0.023 0.159 0.5907 0.023 4
1770386331.8799 0 'robobot/drive/T0/mvel' 1770386331.8799 0.023 0.159
1770386331.8813 0 'robobot/drive/T0/pose' 1770386331.8812 91.3640 0.572 0.007 0.2556 -3.1195
1770386331.8835 0 'robobot/drive/T0/livn' 1770386331.8834 370 368 371 371 375 379 385 375 5
1770386331.8846 0 'robobot/drive/T0/ird' 1770386331.8845 0.280 1.500 7766 2328 1
1770386331.8868 0 'robobot/drive/T0/pose' 1770386331.8867 91.3690 0.572 0.007 0.2591 -3.1192
1770386331.8868 0 'robobot/drive/T0/vel' 1770386331.8868 91.3700 0.020 0.155 0.5879 0.020 4
1770386331.8873 0 'robobot/drive/T0/mvel' 1770386331.8873 0.020 0.155
1770386331.8880 0 'robobot/drive/T0/gyro' 1770386331.8879 2.419128 0.381470 41.915955 91.370
1770386331.8880 0 'robobot/drive/T0/acc' 1770386331.8880 0.030762 -0.043213 0.876465 91.370
1770386331.8913 0 'robobot/drive/T0/pose' 1770386331.8912 91.3740 0.573 0.007 0.2602 -3.1191
1770386331.8935 0 'robobot/drive/T0/livn' 1770386331.8934 370 369 362 372 375 374 378 378 5
1770386331.8957 0 'robobot/drive/T0/vel' 1770386331.8956 91.3780 0.018 0.158 0.6103 0.018 4
1770386331.8958 0 'robobot/drive/T0/mvel' 1770386331.8957 0.018 0.158
1770386331.8968 0 'robobot/drive/T0/pose' 1770386331.8967 91.3790 0.573 0.007 0.2637 -3.1190
1770386331.8990 0 'robobot/drive/T0/liv' 1770386331.8989 280 329 351 291 334 359 338 255 25
1770386331.9001 0 'robobot/drive/T0/gyro' 1770386331.9000 0.282898 -1.602173 41.732849 91.382
1770386331.9002 0 'robobot/drive/T0/acc' 1770386331.9001 0.042969 -0.027344 1.012695 91.382
1770386331.9013 0 'robobot/drive/T0/pose' 1770386331.9012 91.3840 0.574 0.007 0.2660 -3.1190
1770386331.9035 0 'robobot/drive/T0/vel' 1770386331.9034 91.3860 0.036 0.162 0.5484 0.036 4
1770386331.9036 0 'robobot/drive/T0/livn' 1770386331.9035 359 367 373 377 364 369 379 375 5
1770386331.9042 0 'robobot/drive/T0/mvel' 1770386331.9042 0.036 0.162
1770386331.9068 0 'robobot/drive/T0/pose' 1770386331.9067 91.3890 0.575 0.007 0.2671 -3.1187
1770386331.9069 0 'robobot/drive/T0/mot' 1770386331.9068 0.72 1.4 0.1 0.1 0
1770386331.9069 0 'robobot/drive/T0/mca' 1770386331.9069 0.191 0.195 17
1770386331.9101 0 'robobot/drive/T0/ird' 1770386331.9101 0.287 1.500 7607 2223 1
1770386331.9113 0 'robobot/drive/T0/vel' 1770386331.9112 91.3940 0.074 0.161 0.3807 0.074 4
1770386331.9113 0 'robobot/drive/T0/gyro' 1770386331.9113 3.975525 0.961304 41.397156 91.394
1770386331.9114 0 'robobot/drive/T0/acc' 1770386331.9113 0.067139 -0.002197 0.989258 91.394
1770386331.9115 0 'robobot/drive/T0/pose' 1770386331.9114 91.3940 0.575 0.008 0.2683 -3.1184
1770386331.9116 0 'robobot/drive/T0/mvel' 1770386331.9116 0.074 0.161
1770386331.9137 0 'robobot/drive/T0/livn' 1770386331.9136 362 357 359 374 376 377 373 362 5
1770386331.9169 0 'robobot/drive/T0/pose' 1770386331.9168 91.3990 0.576 0.008 0.2706 -3.1181
1770386331.9191 0 'robobot/drive/T0/vel' 1770386331.9190 91.4020 0.079 0.152 0.3212 0.079 4
1770386331.9200 0 'robobot/drive/T0/mvel' 1770386331.9200 0.079 0.152
1770386331.9213 0 'robobot/drive/T0/pose' 1770386331.9212 91.4040 0.576 0.008 0.2718 -3.1181
1770386331.9235 0 'robobot/drive/T0/livn' 1770386331.9234 373 364 364 375 376 382 377 367 5
1770386331.9235 0 'robobot/drive/T0/gyro' 1770386331.9235 0.466003 -1.907349 41.488708 91.406
1770386331.9236 0 'robobot/drive/T0/acc' 1770386331.9235 0.035156 0.027832 0.854736 91.406
1770386331.9268 0 'robobot/drive/T0/pose' 1770386331.9268 91.4090 0.577 0.008 0.2741 -3.1181
1770386331.9269 0 'robobot/drive/T0/vel' 1770386331.9269 91.4100 0.077 0.159 0.3566 0.077 4
1770386331.9274 0 'robobot/drive/T0/mvel' 1770386331.9274 0.077 0.159
1770386331.9323 0 'robobot/drive/T0/pose' 1770386331.9322 91.4140 0.577 0.008 0.2776 -3.1178
1770386331.9334 0 'robobot/drive/T0/livn' 1770386331.9333 369 356 356 367 381 382 381 367 5
1770386331.9346 0 'robobot/drive/T0/ird' 1770386331.9345 0.292 1.500 7500 2040 1
1770386331.9346 0 'robobot/drive/T0/vel' 1770386331.9346 91.4180 0.071 0.168 0.4231 0.071 4
1770386331.9350 0 'robobot/drive/T0/mvel' 1770386331.9350 0.071 0.168
1770386331.9358 0 'robobot/drive/T0/gyro' 1770386331.9357 3.731384 -1.235962 38.467468 91.418
1770386331.9359 0 'robobot/drive/T0/acc' 1770386331.9358 0.073975 -0.001221 1.100586 91.418
1770386331.9370 0 'robobot/drive/T0/pose' 1770386331.9369 91.4190 0.578 0.008 0.2799 -3.1176
1770386331.9403 0 'robobot/drive/T0/mot' 1770386331.9402 0.36 1.3 0.1 0.1 0
1770386331.9403 0 'robobot/drive/T0/mca' 1770386331.9403 0.117 0.192 16
1770386331.9415 0 'robobot/drive/T0/pose' 1770386331.9414 91.4240 0.578 0.008 0.2833 -3.1177
1770386331.9427 0 'robobot/drive/T0/vel' 1770386331.9426 91.4260 0.061 0.161 0.4352 0.061 4
1770386331.9435 0 'robobot/drive/T0/mvel' 1770386331.9434 0.061 0.161
1770386331.9439 0 'robobot/drive/T0/livn' 1770386331.9438 377 363 358 359 365 376 367 361 5
1770386331.9472 0 'robobot/drive/T0/pose' 1770386331.9471 91.4290 0.579 0.008 0.2868 -3.1173
1770386331.9473 0 'robobot/drive/T0/gyro' 1770386331.9473 1.534119 2.365112 41.275085 91.430
1770386331.9474 0 'robobot/drive/T0/acc' 1770386331.9473 0.059814 0.031250 0.943848 91.430
1770386331.9487 0 'robobot/drive/T0/liv' 1770386331.9485 279 320 338 283 331 365 335 249 25
1770386331.9510 0 'robobot/drive/T0/vel' 1770386331.9508 91.4340 0.047 0.153 0.4605 0.047 4
1770386331.9510 0 'robobot/drive/T0/mvel' 1770386331.9509 0.047 0.153
1770386331.9523 0 'robobot/drive/T0/pose' 1770386331.9520 91.4340 0.579 0.009 0.2891 -3.1172
1770386331.9534 0 'robobot/drive/T0/livn' 1770386331.9533 364 355 352 361 374 376 375 373 5
1770386331.9567 0 'robobot/drive/T0/pose' 1770386331.9566 91.4390 0.579 0.009 0.2937 -3.1175
1770386331.9589 0 'robobot/drive/T0/vel' 1770386331.9588 91.4420 0.038 0.165 0.5491 0.038 4
1770386331.9595 0 'robobot/drive/T0/mvel' 1770386331.9594 0.038 0.165
1770386331.9600 0 'robobot/drive/T0/gyro' 1770386331.9599 3.304138 -3.555298 43.106140 91.442
1770386331.9601 0 'robobot/drive/T0/acc' 1770386331.9600 0.045654 -0.018555 0.997559 91.442
1770386331.9602 0 'robobot/drive/T0/ird' 1770386331.9601 0.268 1.500 8045 1960 1
1770386331.9615 0 'robobot/drive/T0/pose' 1770386331.9613 91.4440 0.580 0.009 0.2972 -3.1177
1770386331.9638 0 'robobot/drive/T0/livn' 1770386331.9636 367 365 361 365 374 374 368 364 5
1770386331.9671 0 'robobot/drive/T0/pose' 1770386331.9670 91.4490 0.580 0.009 0.3007 -3.1180
1770386331.9671 0 'robobot/drive/T0/vel' 1770386331.9671 91.4500 0.029 0.167 0.6012 0.029 4
1770386331.9679 0 'robobot/drive/T0/mvel' 1770386331.9679 0.029 0.167
1770386331.9715 0 'robobot/drive/T0/gyro' 1770386331.9714 2.266541 1.571655 41.946472 91.454
1770386331.9715 0 'robobot/drive/T0/acc' 1770386331.9715 0.026367 0.000488 1.017822 91.454
1770386331.9716 0 'robobot/drive/T0/pose' 1770386331.9715 91.4540 0.580 0.009 0.3042 -3.1179
1770386331.9729 0 'robobot/drive/T0/mot' 1770386331.9727 0.63 1.3 0.1 0.1 0
1770386331.9729 0 'robobot/drive/T0/mca' 1770386331.9729 0.185 0.168 17
1770386331.9741 0 'robobot/drive/T0/livn' 1770386331.9740 358 356 361 368 374 374 369 370 5
1770386331.9752 0 'robobot/drive/T0/vel' 1770386331.9751 91.4580 0.023 0.162 0.6030 0.023 4
1770386331.9753 0 'robobot/drive/T0/mvel' 1770386331.9752 0.023 0.162
1770386331.9764 0 'robobot/drive/T0/pose' 1770386331.9763 91.4590 0.581 0.009 0.3076 -3.1179
1770386331.9818 0 'robobot/drive/T0/pose' 1770386331.9817 91.4640 0.581 0.009 0.3099 -3.1178
1770386331.9829 0 'robobot/drive/T0/vel' 1770386331.9829 91.4660 0.020 0.159 0.6047 0.020 4
1770386331.9837 0 'robobot/drive/T0/mvel' 1770386331.9837 0.020 0.159
1770386331.9841 0 'robobot/drive/T0/livn' 1770386331.9840 363 352 359 377 371 363 356 365 5
1770386331.9842 0 'robobot/drive/T0/gyro' 1770386331.9841 3.456726 -0.076294 42.892517 91.466
1770386331.9842 0 'robobot/drive/T0/acc' 1770386331.9842 0.056396 -0.015137 0.932617 91.466
1770386331.9855 0 'robobot/drive/T0/ird' 1770386331.9853 0.286 1.500 7623 2097 1
1770386331.9867 0 'robobot/drive/T0/pose' 1770386331.9866 91.4690 0.582 0.009 0.3123 -3.1178
1770386331.9910 0 'robobot/drive/T0/vel' 1770386331.9909 91.4740 0.018 0.157 0.6072 0.018 4
1770386331.9911 0 'robobot/drive/T0/mvel' 1770386331.9911 0.018 0.157
1770386331.9922 0 'robobot/drive/T0/pose' 1770386331.9921 91.4740 0.582 0.010 0.3146 -3.1177
1770386331.9933 0 'robobot/drive/T0/livn' 1770386331.9932 360 357 362 365 366 368 363 368 5
1770386331.9955 0 'robobot/drive/T0/gyro' 1770386331.9954 2.022400 -0.045776 40.573181 91.478
1770386331.9956 0 'robobot/drive/T0/acc' 1770386331.9955 0.051025 0.024170 1.079346 91.478
1770386331.9968 0 'robobot/drive/T0/pose' 1770386331.9967 91.4790 0.583 0.010 0.3157 -3.1175
1770386331.9990 0 'robobot/drive/T0/liv' 1770386331.9989 276 321 343 283 330 356 328 251 25
1770386331.9991 0 'robobot/drive/T0/vel' 1770386331.9990 91.4820 0.025 0.158 0.5781 0.025 4
1770386331.9995 0 'robobot/drive/T0/mvel' 1770386331.9995 0.025 0.158
1770386332.0023 0 'robobot/drive/T0/pose' 1770386332.0022 91.4840 0.584 0.010 0.3180 -3.1172
1770386332.0035 0 'robobot/drive/T0/livn' 1770386332.0034 370 361 363 365 371 368 370 368 5
1770386332.0057 0 'robobot/drive/T0/mot' 1770386332.0056 0.76 1.3 0.1 0.1 0
1770386332.0057 0 'robobot/drive/T0/mca' 1770386332.0057 0.183 0.164 16
1770386332.0069 0 'robobot/drive/T0/pose' 1770386332.0068 91.4890 0.584 0.010 0.3203 -3.1168
1770386332.0069 0 'robobot/drive/T0/vel' 1770386332.0069 91.4900 0.056 0.158 0.4397 0.056 4
1770386332.0080 0 'robobot/drive/T0/mvel' 1770386332.0080 0.056 0.158
1770386332.0082 0 'robobot/drive/T0/gyro' 1770386332.0080 3.548279 1.358032 39.901794 91.490
1770386332.0083 0 'robobot/drive/T0/acc' 1770386332.0082 0.078125 0.030518 0.943604 91.490
1770386332.0094 0 'robobot/drive/T0/ird' 1770386332.0094 0.326 1.500 6873 1988 1
1770386332.0116 0 'robobot/drive/T0/pose' 1770386332.0115 91.4940 0.585 0.010 0.3215 -3.1167
1770386332.0138 0 'robobot/drive/T0/livn' 1770386332.0137 370 356 359 368 374 370 375 370 5
1770386332.0139 0 'robobot/drive/T0/dname' 1770386332.0138 Robobot Arthur
1770386332.0150 0 'robobot/drive/T0/vel' 1770386332.0149 91.4980 0.077 0.155 0.3385 0.077 4
1770386332.0154 0 'robobot/drive/T0/mvel' 1770386332.0154 0.077 0.155
1770386332.0172 0 'robobot/drive/T0/pose' 1770386332.0172 91.4990 0.585 0.011 0.3238 -3.1164
1770386332.0195 0 'robobot/drive/T0/gyro' 1770386332.0194 2.571716 -0.259399 39.596619 91.502
1770386332.0195 0 'robobot/drive/T0/acc' 1770386332.0195 0.065674 0.057861 0.953369 91.502
1770386332.0218 0 'robobot/drive/T0/pose' 1770386332.0216 91.5040 0.586 0.011 0.3250 -3.1163
1770386332.0229 0 'robobot/drive/T0/vel' 1770386332.0228 91.5060 0.072 0.154 0.3556 0.072 4
1770386332.0238 0 'robobot/drive/T0/mvel' 1770386332.0238 0.072 0.154
1770386332.0240 0 'robobot/drive/T0/livn' 1770386332.0240 373 360 362 371 377 365 380 367 5
1770386332.0273 0 'robobot/drive/T0/pose' 1770386332.0272 91.5090 0.586 0.011 0.3273 -3.1161
1770386332.0316 0 'robobot/drive/T0/vel' 1770386332.0315 91.5140 0.069 0.155 0.3768 0.069 4
1770386332.0317 0 'robobot/drive/T0/gyro' 1770386332.0316 2.693787 1.052856 38.559021 91.514
1770386332.0317 0 'robobot/drive/T0/acc' 1770386332.0317 0.064697 0.056885 0.979980 91.514
1770386332.0318 0 'robobot/drive/T0/pose' 1770386332.0317 91.5140 0.587 0.011 0.3296 -3.1159
1770386332.0323 0 'robobot/drive/T0/mvel' 1770386332.0322 0.069 0.155
1770386332.0340 0 'robobot/drive/T0/livn' 1770386332.0339 378 359 363 364 376 369 374 380 5
1770386332.0351 0 'robobot/drive/T0/ird' 1770386332.0351 0.417 1.500 5704 1984 1
1770386332.0374 0 'robobot/drive/T0/pose' 1770386332.0373 91.5190 0.587 0.011 0.3331 -3.1158
1770386332.0385 0 'robobot/drive/T0/mot' 1770386332.0384 0.38 1.3 0.1 0.1 0
1770386332.0385 0 'robobot/drive/T0/mca' 1770386332.0385 0.076 0.181 17
1770386332.0397 0 'robobot/drive/T0/vel' 1770386332.0396 91.5220 0.061 0.158 0.4211 0.061 4
1770386332.0407 0 'robobot/drive/T0/mvel' 1770386332.0407 0.061 0.158
1770386332.0419 0 'robobot/drive/T0/pose' 1770386332.0418 91.5240 0.587 0.011 0.3354 -3.1157
1770386332.0441 0 'robobot/drive/T0/livn' 1770386332.0440 367 360 361 376 374 375 375 378 5
1770386332.0442 0 'robobot/drive/T0/gyro' 1770386332.0441 2.388611 1.510620 39.810242 91.526
1770386332.0442 0 'robobot/drive/T0/acc' 1770386332.0442 0.049805 -0.000977 1.004883 91.526
1770386332.0454 0 'robobot/drive/T0/hbt' 1770386332.0453 91.5280 107 1033 11.76 4 8 8.9 0.51 0
1770386332.0466 0 'robobot/drive/T0/pose' 1770386332.0465 91.5290 0.588 0.012 0.3400 -3.1154
1770386332.0467 0 'robobot/drive/T0/vel' 1770386332.0466 91.5300 0.054 0.157 0.4510 0.054 4
1770386332.0470 0 'robobot/drive/T0/mvel' 1770386332.0470 0.054 0.157
1770386332.0489 0 'robobot/drive/T0/liv' 1770386332.0489 282 319 342 285 334 356 337 257 25
1770386332.0522 0 'robobot/drive/T0/pose' 1770386332.0521 91.5340 0.588 0.012 0.3423 -3.1154
1770386332.0534 0 'robobot/drive/T0/livn' 1770386332.0533 370 354 358 371 378 372 377 392 5
1770386332.0556 0 'robobot/drive/T0/vel' 1770386332.0555 91.5380 0.042 0.154 0.4872 0.042 4
1770386332.0556 0 'robobot/drive/T0/gyro' 1770386332.0556 2.480164 -0.534058 40.420593 91.538
1770386332.0557 0 'robobot/drive/T0/acc' 1770386332.0557 0.010742 -0.030762 0.917969 91.538
1770386332.0565 0 'robobot/drive/T0/mvel' 1770386332.0565 0.042 0.154
1770386332.0569 0 'robobot/drive/T0/pose' 1770386332.0568 91.5390 0.589 0.012 0.3469 -3.1154
1770386332.0601 0 'robobot/drive/T0/ird' 1770386332.0600 0.495 1.500 5035 1876 1
1770386332.0623 0 'robobot/drive/T0/pose' 1770386332.0622 91.5440 0.589 0.012 0.3493 -3.1155
1770386332.0634 0 'robobot/drive/T0/vel' 1770386332.0633 91.5460 0.035 0.158 0.5324 0.035 4
1770386332.0635 0 'robobot/drive/T0/livn' 1770386332.0634 370 361 360 369 376 362 370 377 5
1770386332.0639 0 'robobot/drive/T0/mvel' 1770386332.0639 0.035 0.158
1770386332.0667 0 'robobot/drive/T0/pose' 1770386332.0666 91.5490 0.589 0.012 0.3539 -3.1154
1770386332.0679 0 'robobot/drive/T0/gyro' 1770386332.0678 1.869812 0.778198 40.847839 91.550
1770386332.0679 0 'robobot/drive/T0/acc' 1770386332.0679 0.030273 -0.058594 0.971680 91.550
1770386332.0712 0 'robobot/drive/T0/vel' 1770386332.0711 91.5540 0.027 0.162 0.5870 0.027 4
1770386332.0713 0 'robobot/drive/T0/mvel' 1770386332.0713 0.027 0.162
1770386332.0724 0 'robobot/drive/T0/mot' 1770386332.0723 0.58 1.3 0.1 0.1 0
1770386332.0724 0 'robobot/drive/T0/mca' 1770386332.0724 0.162 0.178 16
1770386332.0725 0 'robobot/drive/T0/pose' 1770386332.0724 91.5540 0.590 0.012 0.3562 -3.1152
1770386332.0736 0 'robobot/drive/T0/livn' 1770386332.0735 368 350 352 365 377 370 377 367 5
1770386332.0769 0 'robobot/drive/T0/pose' 1770386332.0768 91.5590 0.590 0.012 0.3585 -3.1152
1770386332.0791 0 'robobot/drive/T0/vel' 1770386332.0791 91.5620 0.023 0.154 0.5727 0.023 4
1770386332.0792 0 'robobot/drive/T0/gyro' 1770386332.0791 2.632751 0.625610 42.068542 91.562
1770386332.0793 0 'robobot/drive/T0/acc' 1770386332.0792 0.036133 -0.022217 0.922119 91.562
1770386332.0797 0 'robobot/drive/T0/mvel' 1770386332.0797 0.023 0.154
1770386332.0815 0 'robobot/drive/T0/pose' 1770386332.0814 91.5640 0.591 0.013 0.3608 -3.1152
1770386332.0837 0 'robobot/drive/T0/livn' 1770386332.0836 380 368 364 362 377 370 376 368 5
1770386332.0848 0 'robobot/drive/T0/ird' 1770386332.0847 0.585 1.500 4489 1825 1
1770386332.0870 0 'robobot/drive/T0/pose' 1770386332.0869 91.5690 0.591 0.013 0.3631 -3.1149
1770386332.0870 0 'robobot/drive/T0/vel' 1770386332.0870 91.5700 0.019 0.150 0.5681 0.019 4
1770386332.0872 0 'robobot/drive/T0/mvel' 1770386332.0871 0.019 0.150
1770386332.0914 0 'robobot/drive/T0/gyro' 1770386332.0913 1.473083 0.137329 40.115417 91.574
1770386332.0914 0 'robobot/drive/T0/acc' 1770386332.0914 0.046631 0.016602 0.981689 91.574
1770386332.0915 0 'robobot/drive/T0/pose' 1770386332.0914 91.5740 0.592 0.013 0.3643 -3.1148
1770386332.0937 0 'robobot/drive/T0/livn' 1770386332.0936 373 361 362 373 376 372 380 374 5
1770386332.0949 0 'robobot/drive/T0/vel' 1770386332.0948 91.5780 0.042 0.155 0.4893 0.042 4
1770386332.0956 0 'robobot/drive/T0/mvel' 1770386332.0956 0.042 0.155
1770386332.0971 0 'robobot/drive/T0/pose' 1770386332.0970 91.5790 0.592 0.013 0.3666 -3.1146
1770386332.0982 0 'robobot/drive/T0/liv' 1770386332.0982 283 322 341 282 334 355 337 254 25
1770386332.1015 0 'robobot/drive/T0/pose' 1770386332.1014 91.5840 0.593 0.013 0.3678 -3.1144
1770386332.1026 0 'robobot/drive/T0/vel' 1770386332.1025 91.5860 0.068 0.157 0.3880 0.068 4
1770386332.1030 0 'robobot/drive/T0/mvel' 1770386332.1030 0.068 0.157
1770386332.1037 0 'robobot/drive/T0/livn' 1770386332.1037 369 356 361 363 370 366 383 380 5
1770386332.1038 0 'robobot/drive/T0/gyro' 1770386332.1037 3.090515 0.106812 39.138855 91.586
1770386332.1039 0 'robobot/drive/T0/acc' 1770386332.1038 0.066650 0.011963 0.909912 91.586
1770386332.1050 0 'robobot/drive/T0/mot' 1770386332.1049 0.42 1.3 0.1 0.1 0
1770386332.1050 0 'robobot/drive/T0/mca' 1770386332.1050 0.138 0.182 17
1770386332.1072 0 'robobot/drive/T0/pose' 1770386332.1071 91.5890 0.593 0.014 0.3701 -3.1142
1770386332.1094 0 'robobot/drive/T0/ird' 1770386332.1093 0.601 1.500 4408 2047 1
1770386332.1116 0 'robobot/drive/T0/vel' 1770386332.1115 91.5940 0.083 0.152 0.3024 0.083 4
1770386332.1117 0 'robobot/drive/T0/pose' 1770386332.1116 91.5940 0.594 0.014 0.3712 -3.1141
1770386332.1125 0 'robobot/drive/T0/mvel' 1770386332.1125 0.083 0.152
1770386332.1139 0 'robobot/drive/T0/livn' 1770386332.1138 363 353 365 372 367 366 383 381 5
1770386332.1161 0 'robobot/drive/T0/gyro' 1770386332.1160 0.099792 -0.381470 38.742126 91.598
1770386332.1161 0 'robobot/drive/T0/acc' 1770386332.1161 0.086426 0.050781 0.949219 91.598
1770386332.1173 0 'robobot/drive/T0/pose' 1770386332.1172 91.5990 0.595 0.014 0.3735 -3.1137
1770386332.1194 0 'robobot/drive/T0/vel' 1770386332.1194 91.6020 0.078 0.154 0.3319 0.078 4
1770386332.1198 0 'robobot/drive/T0/mvel' 1770386332.1198 0.078 0.154
1770386332.1216 0 'robobot/drive/T0/pose' 1770386332.1216 91.6040 0.595 0.014 0.3747 -3.1132
1770386332.1238 0 'robobot/drive/T0/livn' 1770386332.1237 378 365 358 363 370 371 381 374 5
1770386332.1270 0 'robobot/drive/T0/pose' 1770386332.1270 91.6090 0.595 0.014 0.3782 -3.1129
1770386332.1271 0 'robobot/drive/T0/vel' 1770386332.1270 91.6100 0.071 0.153 0.3557 0.071 4
1770386332.1273 0 'robobot/drive/T0/mvel' 1770386332.1272 0.071 0.153
1770386332.1282 0 'robobot/drive/T0/gyro' 1770386332.1282 2.022400 2.578735 36.697449 91.610
1770386332.1283 0 'robobot/drive/T0/acc' 1770386332.1282 -0.006836 -0.037109 0.975342 91.610
1770386332.1316 0 'robobot/drive/T0/pose' 1770386332.1315 91.6140 0.596 0.014 0.3816 -3.1127
1770386332.1338 0 'robobot/drive/T0/livn' 1770386332.1337 379 371 367 376 375 369 376 367 5
1770386332.1349 0 'robobot/drive/T0/ird' 1770386332.1349 0.604 1.500 4393 1926 1
1770386332.1350 0 'robobot/drive/T0/vel' 1770386332.1349 91.6180 0.058 0.154 0.4181 0.058 4
1770386332.1357 0 'robobot/drive/T0/mvel' 1770386332.1356 0.058 0.154
1770386332.1364 0 'robobot/drive/T0/pose' 1770386332.1363 91.6190 0.596 0.015 0.3851 -3.1125
1770386332.1376 0 'robobot/drive/T0/mot' 1770386332.1375 0.36 1.3 0.1 0.1 0
1770386332.1376 0 'robobot/drive/T0/mca' 1770386332.1376 0.111 0.186 16
1770386332.1399 0 'robobot/drive/T0/gyro' 1770386332.1398 -0.113831 0.595093 38.314880 91.622
1770386332.1399 0 'robobot/drive/T0/acc' 1770386332.1399 0.046631 -0.022705 0.998291 91.622
1770386332.1422 0 'robobot/drive/T0/pose' 1770386332.1421 91.6240 0.596 0.015 0.3886 -3.1125
1770386332.1433 0 'robobot/drive/T0/vel' 1770386332.1432 91.6260 0.046 0.153 0.4654 0.046 4
1770386332.1435 0 'robobot/drive/T0/livn' 1770386332.1433 369 367 363 372 372 370 381 381 5
1770386332.1444 0 'robobot/drive/T0/mvel' 1770386332.1443 0.046 0.153
1770386332.1468 0 'robobot/drive/T0/pose' 1770386332.1467 91.6290 0.597 0.015 0.3921 -3.1124
1770386332.1490 0 'robobot/drive/T0/liv' 1770386332.1489 280 326 344 284 327 355 340 257 25
1770386332.1512 0 'robobot/drive/T0/vel' 1770386332.1511 91.6340 0.032 0.151 0.5154 0.032 4
1770386332.1513 0 'robobot/drive/T0/gyro' 1770386332.1512 1.320496 0.686646 39.138855 91.634
1770386332.1514 0 'robobot/drive/T0/acc' 1770386332.1513 -0.026123 -0.058105 0.915039 91.634
1770386332.1514 0 'robobot/drive/T0/pose' 1770386332.1514 91.6340 0.597 0.015 0.3944 -3.1125
1770386332.1519 0 'robobot/drive/T0/mvel' 1770386332.1518 0.032 0.151
1770386332.1536 0 'robobot/drive/T0/livn' 1770386332.1536 368 373 360 363 364 372 375 376 5
1770386332.1569 0 'robobot/drive/T0/pose' 1770386332.1568 91.6390 0.597 0.015 0.3990 -3.1126
1770386332.1591 0 'robobot/drive/T0/vel' 1770386332.1590 91.6420 0.027 0.159 0.5771 0.027 4
1770386332.1592 0 'robobot/drive/T0/mvel' 1770386332.1592 0.027 0.159
1770386332.1602 0 'robobot/drive/T0/ird' 1770386332.1601 0.646 1.500 4204 1972 1
1770386332.1613 0 'robobot/drive/T0/pose' 1770386332.1613 91.6440 0.598 0.015 0.4013 -3.1128
1770386332.1635 0 'robobot/drive/T0/livn' 1770386332.1635 394 371 365 368 363 369 373 369 5
1770386332.1636 0 'robobot/drive/T0/gyro' 1770386332.1635 -0.022278 -0.656128 41.091980 91.646
1770386332.1637 0 'robobot/drive/T0/acc' 1770386332.1636 0.020020 -0.056885 0.931885 91.646
1770386332.1669 0 'robobot/drive/T0/pose' 1770386332.1668 91.6490 0.598 0.016 0.4059 -3.1129
1770386332.1670 0 'robobot/drive/T0/vel' 1770386332.1670 91.6500 0.022 0.163 0.6117 0.022 4
1770386332.1677 0 'robobot/drive/T0/mvel' 1770386332.1676 0.022 0.163
1770386332.1713 0 'robobot/drive/T0/mot' 1770386332.1713 0.65 1.3 0.1 0.1 0
1770386332.1714 0 'robobot/drive/T0/mca' 1770386332.1713 0.187 0.184 17
1770386332.1714 0 'robobot/drive/T0/pose' 1770386332.1714 91.6540 0.598 0.016 0.4082 -3.1129
1770386332.1736 0 'robobot/drive/T0/livn' 1770386332.1735 371 364 364 372 371 378 375 372 5
1770386332.1747 0 'robobot/drive/T0/vel' 1770386332.1747 91.6580 0.019 0.155 0.5950 0.019 4
1770386332.1751 0 'robobot/drive/T0/mvel' 1770386332.1751 0.019 0.155
1770386332.1759 0 'robobot/drive/T0/gyro' 1770386332.1758 2.602234 1.937866 42.160095 91.658
1770386332.1759 0 'robobot/drive/T0/acc' 1770386332.1759 0.062744 -0.030029 1.026855 91.658
1770386332.1771 0 'robobot/drive/T0/pose' 1770386332.1770 91.6590 0.599 0.016 0.4129 -3.1127
1770386332.1814 0 'robobot/drive/T0/pose' 1770386332.1813 91.6640 0.599 0.016 0.4140 -3.1126
1770386332.1836 0 'robobot/drive/T0/vel' 1770386332.1835 91.6660 0.016 0.152 0.5907 0.016 4
1770386332.1836 0 'robobot/drive/T0/livn' 1770386332.1836 379 365 373 365 370 365 370 387 5
1770386332.1845 0 'robobot/drive/T0/mvel' 1770386332.1845 0.016 0.152
1770386332.1847 0 'robobot/drive/T0/ird' 1770386332.1847 0.680 1.500 4071 1924 1
1770386332.1869 0 'robobot/drive/T0/pose' 1770386332.1869 91.6690 0.600 0.016 0.4187 -3.1124
1770386332.1881 0 'robobot/drive/T0/gyro' 1770386332.1880 -0.174866 0.350952 42.129578 91.670
1770386332.1881 0 'robobot/drive/T0/acc' 1770386332.1881 0.046143 -0.012451 0.945068 91.670
1770386332.1914 0 'robobot/drive/T0/vel' 1770386332.1913 91.6740 0.015 0.155 0.6099 0.015 4
1770386332.1914 0 'robobot/drive/T0/pose' 1770386332.1914 91.6740 0.600 0.016 0.4198 -3.1124
1770386332.1919 0 'robobot/drive/T0/mvel' 1770386332.1919 0.015 0.155
1770386332.1936 0 'robobot/drive/T0/livn' 1770386332.1936 381 363 366 372 371 364 364 373 5
1770386332.1969 0 'robobot/drive/T0/pose' 1770386332.1968 91.6790 0.601 0.017 0.4221 -3.1123
1770386332.1990 0 'robobot/drive/T0/liv' 1770386332.1990 293 328 348 284 327 355 332 255 25
1770386332.1991 0 'robobot/drive/T0/vel' 1770386332.1990 91.6820 0.014 0.152 0.5992 0.014 4
1770386332.1992 0 'robobot/drive/T0/gyro' 1770386332.1992 3.700867 -0.289917 40.145935 91.682
1770386332.1993 0 'robobot/drive/T0/acc' 1770386332.1992 0.081299 0.028564 1.037354 91.682
1770386332.1993 0 'robobot/drive/T0/mvel' 1770386332.1993 0.014 0.152
1770386332.2015 0 'robobot/drive/T0/pose' 1770386332.2014 91.6840 0.601 0.017 0.4233 -3.1122
1770386332.2037 0 'robobot/drive/T0/livn' 1770386332.2036 392 376 368 367 364 365 369 369 5
1770386332.2037 0 'robobot/drive/T0/mot' 1770386332.2037 0.83 1.4 0.1 0.1 0
1770386332.2038 0 'robobot/drive/T0/mca' 1770386332.2037 0.205 0.179 16
1770386332.2070 0 'robobot/drive/T0/pose' 1770386332.2070 91.6890 0.602 0.017 0.4256 -3.1119
1770386332.2071 0 'robobot/drive/T0/vel' 1770386332.2070 91.6900 0.039 0.152 0.4893 0.039 4
1770386332.2078 0 'robobot/drive/T0/mvel' 1770386332.2078 0.039 0.152
1770386332.2103 0 'robobot/drive/T0/ird' 1770386332.2103 0.669 1.500 4113 1947 1
1770386332.2115 0 'robobot/drive/T0/gyro' 1770386332.2114 -1.120911 1.663208 38.162292 91.694
1770386332.2115 0 'robobot/drive/T0/acc' 1770386332.2115 0.076172 0.006348 0.934082 91.694
1770386332.2116 0 'robobot/drive/T0/pose' 1770386332.2115 91.6940 0.602 0.017 0.4256 -3.1115
1770386332.2138 0 'robobot/drive/T0/livn' 1770386332.2137 375 369 373 377 365 365 370 377 5
1770386332.2149 0 'robobot/drive/T0/vel' 1770386332.2148 91.6980 0.081 0.156 0.3265 0.081 4
1770386332.2152 0 'robobot/drive/T0/mvel' 1770386332.2151 0.081 0.156
1770386332.2171 0 'robobot/drive/T0/pose' 1770386332.2170 91.6990 0.603 0.018 0.4279 -3.1111
1770386332.2214 0 'robobot/drive/T0/pose' 1770386332.2213 91.7040 0.603 0.018 0.4291 -3.1109
1770386332.2236 0 'robobot/drive/T0/vel' 1770386332.2235 91.7060 0.084 0.149 0.2803 0.084 4
1770386332.2237 0 'robobot/drive/T0/livn' 1770386332.2237 377 373 373 374 367 367 378 382 5
1770386332.2238 0 'robobot/drive/T0/gyro' 1770386332.2237 2.815857 -0.198364 38.070740 91.706
1770386332.2239 0 'robobot/drive/T0/acc' 1770386332.2238 0.073242 0.039795 0.967041 91.706
1770386332.2247 0 'robobot/drive/T0/mvel' 1770386332.2246 0.084 0.149
1770386332.2271 0 'robobot/drive/T0/pose' 1770386332.2271 91.7090 0.604 0.018 0.4314 -3.1105
1770386332.2314 0 'robobot/drive/T0/vel' 1770386332.2314 91.7140 0.079 0.146 0.2912 0.079 4
1770386332.2315 0 'robobot/drive/T0/pose' 1770386332.2314 91.7140 0.604 0.018 0.4337 -3.1101
1770386332.2321 0 'robobot/drive/T0/mvel' 1770386332.2320 0.079 0.146
1770386332.2337 0 'robobot/drive/T0/livn' 1770386332.2336 361 366 383 380 369 362 378 374 5
1770386332.2348 0 'robobot/drive/T0/ird' 1770386332.2347 0.702 1.500 3990 2225 1
1770386332.2359 0 'robobot/drive/T0/gyro' 1770386332.2359 -0.998840 1.815796 35.720886 91.718
1770386332.2360 0 'robobot/drive/T0/acc' 1770386332.2359 0.006104 -0.056396 0.912842 91.718
1770386332.2371 0 'robobot/drive/T0/mot' 1770386332.2371 0.3 1.4 0.1 0.1 0
1770386332.2371 0 'robobot/drive/T0/mca' 1770386332.2371 0.109 0.201 17
1770386332.2372 0 'robobot/drive/T0/pose' 1770386332.2372 91.7190 0.605 0.018 0.4360 -3.1099
1770386332.2394 0 'robobot/drive/T0/vel' 1770386332.2393 91.7220 0.069 0.156 0.3782 0.069 4
1770386332.2395 0 'robobot/drive/T0/mvel' 1770386332.2394 0.069 0.156
1770386332.2416 0 'robobot/drive/T0/pose' 1770386332.2415 91.7240 0.605 0.019 0.4383 -3.1098
1770386332.2437 0 'robobot/drive/T0/livn' 1770386332.2437 389 371 373 367 369 366 370 365 5
1770386332.2470 0 'robobot/drive/T0/pose' 1770386332.2469 91.7290 0.605 0.019 0.4429 -3.1099
1770386332.2470 0 'robobot/drive/T0/vel' 1770386332.2470 91.7300 0.058 0.153 0.4143 0.058 4
1770386332.2479 0 'robobot/drive/T0/mvel' 1770386332.2479 0.058 0.153
1770386332.2482 0 'robobot/drive/T0/gyro' 1770386332.2481 2.358093 -0.717163 38.406433 91.730
1770386332.2483 0 'robobot/drive/T0/acc' 1770386332.2482 0.019287 -0.052979 0.987549 91.730
1770386332.2483 0 'robobot/drive/T0/liv' 1770386332.2483 287 333 357 291 328 352 334 255 25
1770386332.2516 0 'robobot/drive/T0/pose' 1770386332.2515 91.7340 0.606 0.019 0.4452 -3.1099
1770386332.2538 0 'robobot/drive/T0/livn' 1770386332.2537 393 386 379 390 377 366 368 371 5
1770386332.2549 0 'robobot/drive/T0/vel' 1770386332.2548 91.7380 0.045 0.152 0.4655 0.045 4
1770386332.2553 0 'robobot/drive/T0/mvel' 1770386332.2553 0.045 0.152
1770386332.2571 0 'robobot/drive/T0/pose' 1770386332.2570 91.7390 0.606 0.019 0.4499 -3.1101
1770386332.2593 0 'robobot/drive/T0/gyro' 1770386332.2592 -0.144348 0.015259 39.932312 91.742
1770386332.2594 0 'robobot/drive/T0/acc' 1770386332.2593 0.028320 -0.083252 0.931641 91.742
1770386332.2594 0 'robobot/drive/T0/ird' 1770386332.2594 0.703 1.500 3986 2163 1
1770386332.2616 0 'robobot/drive/T0/pose' 1770386332.2615 91.7440 0.606 0.019 0.4522 -3.1102
1770386332.2627 0 'robobot/drive/T0/vel' 1770386332.2627 91.7460 0.036 0.157 0.5235 0.036 4
1770386332.2637 0 'robobot/drive/T0/mvel' 1770386332.2637 0.036 0.157
1770386332.2639 0 'robobot/drive/T0/livn' 1770386332.2638 376 381 370 373 371 368 377 377 5
1770386332.2671 0 'robobot/drive/T0/pose' 1770386332.2670 91.7490 0.607 0.019 0.4557 -3.1104
1770386332.2693 0 'robobot/drive/T0/mot' 1770386332.2692 0.55 1.3 0.1 0.1 0
1770386332.2693 0 'robobot/drive/T0/mca' 1770386332.2693 0.151 0.204 16
1770386332.2715 0 'robobot/drive/T0/vel' 1770386332.2714 91.7540 0.027 0.157 0.5662 0.027 4
1770386332.2716 0 'robobot/drive/T0/gyro' 1770386332.2715 2.266541 -0.350952 42.648376 91.754
1770386332.2716 0 'robobot/drive/T0/acc' 1770386332.2716 -0.043457 -0.086182 0.999512 91.754
1770386332.2717 0 'robobot/drive/T0/pose' 1770386332.2716 91.7540 0.607 0.020 0.4591 -3.1106
1770386332.2722 0 'robobot/drive/T0/mvel' 1770386332.2721 0.027 0.157
1770386332.2739 0 'robobot/drive/T0/livn' 1770386332.2738 391 392 373 353 374 380 374 367 5
1770386332.2771 0 'robobot/drive/T0/pose' 1770386332.2771 91.7590 0.608 0.020 0.4638 -3.1107
1770386332.2793 0 'robobot/drive/T0/vel' 1770386332.2792 91.7620 0.023 0.159 0.5923 0.023 4
1770386332.2795 0 'robobot/drive/T0/mvel' 1770386332.2795 0.023 0.159
1770386332.2816 0 'robobot/drive/T0/pose' 1770386332.2815 91.7650 0.608 0.020 0.4672 -3.1108
1770386332.2838 0 'robobot/drive/T0/livn' 1770386332.2837 389 376 374 357 372 374 374 362 5
1770386332.2838 0 'robobot/drive/T0/gyro' 1770386332.2838 0.649109 0.534058 44.723572 91.766
1770386332.2840 0 'robobot/drive/T0/acc' 1770386332.2839 -0.011230 -0.081787 0.959717 91.766
1770386332.2851 0 'robobot/drive/T0/ird' 1770386332.2850 0.675 1.500 4088 2157 1
1770386332.2873 0 'robobot/drive/T0/pose' 1770386332.2872 91.7700 0.608 0.020 0.4695 -3.1110
1770386332.2873 0 'robobot/drive/T0/vel' 1770386332.2873 91.7700 0.019 0.157 0.5993 0.019 4
1770386332.2880 0 'robobot/drive/T0/mvel' 1770386332.2880 0.019 0.157
1770386332.2916 0 'robobot/drive/T0/pose' 1770386332.2916 91.7750 0.609 0.020 0.4730 -3.1111
1770386332.2938 0 'robobot/drive/T0/livn' 1770386332.2937 389 380 382 382 372 370 371 375 5
1770386332.2949 0 'robobot/drive/T0/vel' 1770386332.2949 91.7780 0.017 0.156 0.6070 0.017 4
1770386332.2953 0 'robobot/drive/T0/mvel' 1770386332.2953 0.017 0.156
1770386332.2961 0 'robobot/drive/T0/gyro' 1770386332.2960 3.273621 -0.076294 44.509949 91.778
1770386332.2961 0 'robobot/drive/T0/acc' 1770386332.2961 0.074219 0.023438 0.992188 91.778
1770386332.2973 0 'robobot/drive/T0/pose' 1770386332.2972 91.7800 0.609 0.021 0.4742 -3.1109
1770386332.2984 0 'robobot/drive/T0/liv' 1770386332.2983 292 341 356 283 331 360 335 253 25
1770386332.3016 0 'robobot/drive/T0/pose' 1770386332.3016 91.7850 0.610 0.021 0.4776 -3.1107
1770386332.3027 0 'robobot/drive/T0/mot' 1770386332.3027 0.77 1.3 0.1 0.1 0
1770386332.3028 0 'robobot/drive/T0/mca' 1770386332.3027 0.198 0.177 17
1770386332.3029 0 'robobot/drive/T0/vel' 1770386332.3028 91.7860 0.015 0.159 0.6274 0.015 4
1770386332.3038 0 'robobot/drive/T0/mvel' 1770386332.3038 0.015 0.159
1770386332.3040 0 'robobot/drive/T0/livn' 1770386332.3039 382 377 380 367 376 379 375 374 5
1770386332.3072 0 'robobot/drive/T0/pose' 1770386332.3072 91.7900 0.610 0.021 0.4788 -3.1106
1770386332.3073 0 'robobot/drive/T0/gyro' 1770386332.3072 1.320496 -1.144409 43.930115 91.790
1770386332.3074 0 'robobot/drive/T0/acc' 1770386332.3073 0.050049 -0.023682 0.977783 91.790
1770386332.3096 0 'robobot/drive/T0/ird' 1770386332.3095 0.811 1.500 3651 2023 1
1770386332.3107 0 'robobot/drive/T0/vel' 1770386332.3106 91.7940 0.039 0.158 0.5169 0.039 4
1770386332.3112 0 'robobot/drive/T0/mvel' 1770386332.3111 0.039 0.158
1770386332.3118 0 'robobot/drive/T0/pose' 1770386332.3117 91.7950 0.611 0.022 0.4811 -3.1104
1770386332.3140 0 'robobot/drive/T0/livn' 1770386332.3139 376 363 368 378 385 370 369 379 5
1770386332.3172 0 'robobot/drive/T0/pose' 1770386332.3172 91.8000 0.611 0.022 0.4811 -3.1102
1770386332.3194 0 'robobot/drive/T0/vel' 1770386332.3194 91.8020 0.071 0.152 0.3503 0.071 4
1770386332.3195 0 'robobot/drive/T0/gyro' 1770386332.3194 2.998962 1.449585 41.732849 91.802
1770386332.3196 0 'robobot/drive/T0/acc' 1770386332.3195 0.109863 0.072266 1.020020 91.802
1770386332.3196 0 'robobot/drive/T0/mvel' 1770386332.3196 0.071 0.152
1770386332.3217 0 'robobot/drive/T0/pose' 1770386332.3217 91.8050 0.612 0.022 0.4834 -3.1098
1770386332.3239 0 'robobot/drive/T0/livn' 1770386332.3239 386 363 370 363 374 367 366 366 5
1770386332.3272 0 'robobot/drive/T0/pose' 1770386332.3271 91.8100 0.612 0.022 0.4857 -3.1096
1770386332.3272 0 'robobot/drive/T0/vel' 1770386332.3272 91.8100 0.084 0.153 0.3008 0.084 4
1770386332.3280 0 'robobot/drive/T0/mvel' 1770386332.3280 0.084 0.153
1770386332.3315 0 'robobot/drive/T0/gyro' 1770386332.3315 2.480164 -1.724243 38.925232 91.814
1770386332.3316 0 'robobot/drive/T0/acc' 1770386332.3315 0.082275 0.012695 0.803223 91.814
1770386332.3317 0 'robobot/drive/T0/pose' 1770386332.3316 91.8150 0.613 0.023 0.4869 -3.1091
1770386332.3339 0 'robobot/drive/T0/livn' 1770386332.3338 387 375 385 391 384 372 373 381 5
1770386332.3350 0 'robobot/drive/T0/ird' 1770386332.3350 0.971 1.500 3295 2116 1
1770386332.3351 0 'robobot/drive/T0/vel' 1770386332.3351 91.8180 0.077 0.159 0.3546 0.077 4
1770386332.3355 0 'robobot/drive/T0/mvel' 1770386332.3354 0.077 0.159
1770386332.3363 0 'robobot/drive/T0/mot' 1770386332.3362 0.31 1.4 0.1 0.1 0
1770386332.3363 0 'robobot/drive/T0/mca' 1770386332.3363 0.102 0.185 16
1770386332.3375 0 'robobot/drive/T0/pose' 1770386332.3374 91.8200 0.613 0.023 0.4892 -3.1091
1770386332.3418 0 'robobot/drive/T0/pose' 1770386332.3417 91.8250 0.614 0.023 0.4915 -3.1089
1770386332.3430 0 'robobot/drive/T0/vel' 1770386332.3429 91.8260 0.072 0.156 0.3691 0.072 4
1770386332.3431 0 'robobot/drive/T0/mvel' 1770386332.3430 0.072 0.156
1770386332.3441 0 'robobot/drive/T0/livn' 1770386332.3440 380 382 382 377 376 375 374 374 5
1770386332.3442 0 'robobot/drive/T0/gyro' 1770386332.3441 2.083435 2.456665 37.643494 91.826
1770386332.3443 0 'robobot/drive/T0/acc' 1770386332.3442 0.036377 0.048584 1.229248 91.826
1770386332.3476 0 'robobot/drive/T0/pose' 1770386332.3475 91.8300 0.614 0.023 0.4950 -3.1087
1770386332.3488 0 'robobot/drive/T0/liv' 1770386332.3487 292 334 359 293 337 358 333 256 25
1770386332.3510 0 'robobot/drive/T0/vel' 1770386332.3509 91.8340 0.062 0.155 0.4058 0.062 4
1770386332.3516 0 'robobot/drive/T0/mvel' 1770386332.3516 0.062 0.155
1770386332.3522 0 'robobot/drive/T0/pose' 1770386332.3521 91.8350 0.614 0.023 0.4984 -3.1083
1770386332.3523 0 'robobot/drive/master' 1770386332.3523 2026-02-06 14:58:48.828247
1770386332.3534 0 'robobot/drive/T0/livn' 1770386332.3533 387 385 386 388 369 372 378 376 5
1770386332.3556 0 'robobot/drive/T0/gyro' 1770386332.3555 1.869812 1.541138 39.871277 91.838
1770386332.3557 0 'robobot/drive/T0/acc' 1770386332.3556 0.016357 -0.038086 0.781006 91.838
1770386332.3568 0 'robobot/drive/T0/pose' 1770386332.3567 91.8400 0.615 0.024 0.5008 -3.1083
1770386332.3590 0 'robobot/drive/T0/vel' 1770386332.3589 91.8420 0.049 0.149 0.4341 0.049 4
1770386332.3601 0 'robobot/drive/T0/mvel' 1770386332.3600 0.049 0.149
1770386332.3601 0 'robobot/drive/T0/ird' 1770386332.3601 1.236 1.500 2907 2086 1
1770386332.3623 0 'robobot/drive/T0/pose' 1770386332.3623 91.8450 0.615 0.024 0.5054 -3.1086
1770386332.3635 0 'robobot/drive/T0/livn' 1770386332.3634 379 382 380 385 372 373 372 361 5
1770386332.3667 0 'robobot/drive/T0/pose' 1770386332.3666 91.8500 0.615 0.024 0.5077 -3.1088
1770386332.3668 0 'robobot/drive/T0/vel' 1770386332.3667 91.8500 0.040 0.154 0.4966 0.040 4
1770386332.3674 0 'robobot/drive/T0/mvel' 1770386332.3674 0.040 0.154
1770386332.3679 0 'robobot/drive/T0/gyro' 1770386332.3678 1.747742 -1.663208 40.908875 91.850
1770386332.3680 0 'robobot/drive/T0/acc' 1770386332.3679 0.013428 -0.013916 1.061523 91.850
1770386332.3691 0 'robobot/drive/T0/mot' 1770386332.3691 0.51 1.4 0.1 0.1 0
1770386332.3692 0 'robobot/drive/T0/mca' 1770386332.3691 0.125 0.186 17
1770386332.3724 0 'robobot/drive/T0/pose' 1770386332.3723 91.8550 0.616 0.024 0.5123 -3.1089
1770386332.3735 0 'robobot/drive/T0/livn' 1770386332.3735 374 378 388 385 374 373 378 379 5
1770386332.3747 0 'robobot/drive/T0/vel' 1770386332.3746 91.8580 0.029 0.161 0.5726 0.029 4
1770386332.3748 0 'robobot/drive/T0/mvel' 1770386332.3748 0.029 0.161
1770386332.3769 0 'robobot/drive/T0/pose' 1770386332.3768 91.8600 0.616 0.024 0.5146 -3.1089
1770386332.3801 0 'robobot/drive/T0/gyro' 1770386332.3800 2.144470 2.914429 41.244568 91.862
1770386332.3802 0 'robobot/drive/T0/acc' 1770386332.3801 0.042969 -0.046143 0.972656 91.862
1770386332.3823 0 'robobot/drive/T0/pose' 1770386332.3822 91.8650 0.616 0.025 0.5181 -3.1087
1770386332.3834 0 'robobot/drive/T0/vel' 1770386332.3834 91.8660 0.025 0.154 0.5606 0.025 4
1770386332.3835 0 'robobot/drive/T0/livn' 1770386332.3834 383 375 385 380 383 375 382 381 5
1770386332.3843 0 'robobot/drive/T0/mvel' 1770386332.3843 0.025 0.154
1770386332.3846 0 'robobot/drive/T0/ird' 1770386332.3846 1.500 1.500 2333 2012 1
1770386332.3868 0 'robobot/drive/T0/pose' 1770386332.3867 91.8700 0.617 0.025 0.5204 -3.1087
1770386332.3911 0 'robobot/drive/T0/vel' 1770386332.3910 91.8740 0.019 0.150 0.5691 0.019 4
1770386332.3912 0 'robobot/drive/T0/gyro' 1770386332.3911 1.106873 -0.228882 41.732849 91.874
1770386332.3913 0 'robobot/drive/T0/acc' 1770386332.3912 0.010498 -0.007812 0.951904 91.874
1770386332.3917 0 'robobot/drive/T0/mvel' 1770386332.3917 0.019 0.150
1770386332.3924 0 'robobot/drive/T0/pose' 1770386332.3924 91.8750 0.617 0.025 0.5227 -3.1088
1770386332.3935 0 'robobot/drive/T0/livn' 1770386332.3935 391 381 373 368 385 374 378 355 5
1770386332.3968 0 'robobot/drive/T0/pose' 1770386332.3967 91.8800 0.618 0.025 0.5239 -3.1089
1770386332.3990 0 'robobot/drive/T0/liv' 1770386332.3989 290 338 361 292 335 359 337 250 25
1770386332.3990 0 'robobot/drive/T0/vel' 1770386332.3990 91.8820 0.019 0.156 0.5964 0.019 4
1770386332.3992 0 'robobot/drive/T0/mvel' 1770386332.3991 0.019 0.156
1770386332.4023 0 'robobot/drive/T0/mot' 1770386332.4022 0.74 1.3 0.1 0.1 0
1770386332.4024 0 'robobot/drive/T0/mca' 1770386332.4023 0.177 0.187 16
1770386332.4024 0 'robobot/drive/T0/pose' 1770386332.4024 91.8850 0.618 0.026 0.5274 -3.1089
1770386332.4036 0 'robobot/drive/T0/livn' 1770386332.4035 386 376 379 381 380 370 362 363 5
1770386332.4036 0 'robobot/drive/T0/gyro' 1770386332.4036 3.212585 -0.198364 41.732849 91.886
1770386332.4037 0 'robobot/drive/T0/acc' 1770386332.4036 0.044189 -0.005127 1.005127 91.886
1770386332.4069 0 'robobot/drive/T0/pose' 1770386332.4069 91.8900 0.619 0.026 0.5274 -3.1088
1770386332.4070 0 'robobot/drive/T0/vel' 1770386332.4069 91.8900 0.039 0.155 0.5083 0.039 4
1770386332.4076 0 'robobot/drive/T0/mvel' 1770386332.4076 0.039 0.155
1770386332.4102 0 'robobot/drive/T0/ird' 1770386332.4102 1.500 1.500 2510 2004 1
1770386332.4124 0 'robobot/drive/T0/pose' 1770386332.4124 91.8950 0.619 0.026 0.5308 -3.1086
1770386332.4136 0 'robobot/drive/T0/livn' 1770386332.4135 379 383 392 384 374 365 369 369 5
1770386332.4147 0 'robobot/drive/T0/vel' 1770386332.4146 91.8980 0.060 0.154 0.4063 0.060 4
1770386332.4149 0 'robobot/drive/T0/mvel' 1770386332.4149 0.060 0.154
1770386332.4158 0 'robobot/drive/T0/gyro' 1770386332.4157 1.259460 1.022339 41.549744 91.898
1770386332.4159 0 'robobot/drive/T0/acc' 1770386332.4158 0.057861 0.018555 0.998779 91.898
1770386332.4170 0 'robobot/drive/T0/pose' 1770386332.4169 91.9000 0.620 0.026 0.5320 -3.1084
1770386332.4224 0 'robobot/drive/T0/pose' 1770386332.4223 91.9050 0.620 0.027 0.5355 -3.1081
1770386332.4235 0 'robobot/drive/T0/vel' 1770386332.4234 91.9060 0.068 0.154 0.3756 0.068 4
1770386332.4236 0 'robobot/drive/T0/livn' 1770386332.4235 376 373 385 383 372 375 377 376 5
1770386332.4245 0 'robobot/drive/T0/mvel' 1770386332.4244 0.068 0.154
1770386332.4279 0 'robobot/drive/T0/pose' 1770386332.4278 91.9100 0.621 0.027 0.5366 -3.1079
1770386332.4279 0 'robobot/drive/T0/gyro' 1770386332.4279 3.761902 0.534058 40.939392 91.910
1770386332.4280 0 'robobot/drive/T0/acc' 1770386332.4279 0.075928 0.033936 0.933105 91.910
1770386332.4312 0 'robobot/drive/T0/vel' 1770386332.4312 91.9140 0.065 0.150 0.3676 0.065 4
1770386332.4318 0 'robobot/drive/T0/mvel' 1770386332.4318 0.065 0.150
1770386332.4324 0 'robobot/drive/T0/pose' 1770386332.4323 91.9150 0.621 0.027 0.5378 -3.1077
1770386332.4335 0 'robobot/drive/T0/livn' 1770386332.4334 379 380 389 384 375 372 372 376 5
1770386332.4346 0 'robobot/drive/T0/mot' 1770386332.4346 0.39 1.4 0.1 0.1 0
1770386332.4347 0 'robobot/drive/T0/mca' 1770386332.4346 0.123 0.195 17
1770386332.4347 0 'robobot/drive/T0/ird' 1770386332.4347 0.508 1.500 4948 1858 1
1770386332.4379 0 'robobot/drive/T0/pose' 1770386332.4379 91.9200 0.622 0.027 0.5412 -3.1075
1770386332.4391 0 'robobot/drive/T0/vel' 1770386332.4390 91.9220 0.062 0.153 0.3963 0.062 4
1770386332.4392 0 'robobot/drive/T0/gyro' 1770386332.4391 1.228943 -0.595093 37.002625 91.922
1770386332.4392 0 'robobot/drive/T0/mvel' 1770386332.4392 0.062 0.153
1770386332.4393 0 'robobot/drive/T0/acc' 1770386332.4392 0.115234 0.085938 1.041504 91.922
1770386332.4425 0 'robobot/drive/T0/pose' 1770386332.4424 91.9250 0.622 0.028 0.5436 -3.1071
1770386332.4436 0 'robobot/drive/T0/livn' 1770386332.4436 373 373 388 384 360 356 367 378 5
1770386332.4469 0 'robobot/drive/T0/vel' 1770386332.4468 91.9300 0.058 0.161 0.4461 0.058 4
1770386332.4477 0 'robobot/drive/T0/mvel' 1770386332.4476 0.058 0.161
1770386332.4480 0 'robobot/drive/T0/pose' 1770386332.4480 91.9300 0.622 0.028 0.5470 -3.1071
1770386332.4492 0 'robobot/drive/T0/liv' 1770386332.4491 288 338 369 296 329 354 333 256 25
1770386332.4513 0 'robobot/drive/T0/gyro' 1770386332.4513 4.280701 2.273560 38.406433 91.934
1770386332.4514 0 'robobot/drive/T0/acc' 1770386332.4513 0.030762 -0.017578 0.953613 91.934
1770386332.4525 0 'robobot/drive/T0/pose' 1770386332.4524 91.9350 0.623 0.028 0.5505 -3.1069
1770386332.4537 0 'robobot/drive/T0/livn' 1770386332.4536 387 381 390 381 366 363 374 373 5
1770386332.4548 0 'robobot/drive/T0/vel' 1770386332.4547 91.9380 0.049 0.154 0.4558 0.049 4
1770386332.4550 0 'robobot/drive/T0/mvel' 1770386332.4550 0.049 0.154
1770386332.4580 0 'robobot/drive/T0/pose' 1770386332.4580 91.9400 0.623 0.028 0.5528 -3.1069
1770386332.4602 0 'robobot/drive/T0/ird' 1770386332.4601 0.334 1.500 6749 1840 1
1770386332.4624 0 'robobot/drive/T0/pose' 1770386332.4623 91.9450 0.623 0.029 0.5574 -3.1070
1770386332.4635 0 'robobot/drive/T0/vel' 1770386332.4634 91.9460 0.040 0.149 0.4763 0.040 4
1770386332.4636 0 'robobot/drive/T0/livn' 1770386332.4635 389 380 383 381 378 376 373 382 5
1770386332.4636 0 'robobot/drive/T0/gyro' 1770386332.4636 0.466003 0.625610 39.932312 91.946
1770386332.4637 0 'robobot/drive/T0/acc' 1770386332.4637 0.006592 -0.023193 1.015625 91.946
1770386332.4645 0 'robobot/drive/T0/mvel' 1770386332.4645 0.040 0.149
1770386332.4680 0 'robobot/drive/T0/pose' 1770386332.4679 91.9500 0.624 0.029 0.5597 -3.1071
1770386332.4681 0 'robobot/drive/T0/mot' 1770386332.4680 0.52 1.4 0.1 0.1 0
1770386332.4681 0 'robobot/drive/T0/mca' 1770386332.4681 0.156 0.195 16
1770386332.4713 0 'robobot/drive/T0/vel' 1770386332.4713 91.9540 0.032 0.159 0.5551 0.032 4
1770386332.4719 0 'robobot/drive/T0/mvel' 1770386332.4719 0.032 0.159
1770386332.4725 0 'robobot/drive/T0/pose' 1770386332.4724 91.9550 0.624 0.029 0.5644 -3.1071
1770386332.4736 0 'robobot/drive/T0/livn' 1770386332.4735 391 392 390 382 374 375 380 372 5
1770386332.4758 0 'robobot/drive/T0/gyro' 1770386332.4757 3.609314 0.808716 41.275085 91.958
1770386332.4759 0 'robobot/drive/T0/acc' 1770386332.4758 -0.000488 -0.049561 0.974365 91.958
1770386332.4780 0 'robobot/drive/T0/pose' 1770386332.4780 91.9600 0.624 0.029 0.5667 -3.1072
1770386332.4792 0 'robobot/drive/T0/vel' 1770386332.4791 91.9620 0.025 0.160 0.5869 0.025 4
1770386332.4793 0 'robobot/drive/T0/mvel' 1770386332.4792 0.025 0.160
1770386332.4824 0 'robobot/drive/T0/pose' 1770386332.4823 91.9650 0.625 0.029 0.5690 -3.1075
1770386332.4835 0 'robobot/drive/T0/livn' 1770386332.4835 374 382 392 369 367 365 375 375 5
1770386332.4846 0 'robobot/drive/T0/ird' 1770386332.4846 0.279 1.500 7786 1864 1
1770386332.4868 0 'robobot/drive/T0/vel' 1770386332.4868 91.9700 0.021 0.154 0.5794 0.021 4
1770386332.4877 0 'robobot/drive/T0/mvel' 1770386332.4877 0.021 0.154
1770386332.4880 0 'robobot/drive/T0/pose' 1770386332.4879 91.9700 0.625 0.030 0.5725 -3.1076
1770386332.4880 0 'robobot/drive/T0/gyro' 1770386332.4880 0.069275 1.663208 44.326843 91.970
1770386332.4881 0 'robobot/drive/T0/acc' 1770386332.4880 0.014404 -0.010742 1.030029 91.970
1770386332.4924 0 'robobot/drive/T0/pose' 1770386332.4923 91.9750 0.625 0.030 0.5748 -3.1076
1770386332.4935 0 'robobot/drive/T0/livn' 1770386332.4934 391 388 386 381 369 364 369 372 5
1770386332.4946 0 'robobot/drive/T0/vel' 1770386332.4946 91.9780 0.019 0.152 0.5790 0.019 4
1770386332.4951 0 'robobot/drive/T0/mvel' 1770386332.4950 0.019 0.152
1770386332.4979 0 'robobot/drive/T0/pose' 1770386332.4978 91.9800 0.626 0.030 0.5759 -3.1074
1770386332.4990 0 'robobot/drive/T0/liv' 1770386332.4989 294 343 367 291 330 355 335 256 25
1770386332.4991 0 'robobot/drive/T0/gyro' 1770386332.4990 3.243103 0.930786 42.251648 91.982
1770386332.4992 0 'robobot/drive/T0/acc' 1770386332.4991 0.057373 0.028564 0.928955 91.982
1770386332.5003 0 'robobot/drive/T0/mot' 1770386332.5002 0.75 1.4 0.1 0.1 0
1770386332.5003 0 'robobot/drive/T0/mca' 1770386332.5003 0.196 0.190 17
1770386332.5026 0 'robobot/drive/T0/pose' 1770386332.5025 91.9850 0.626 0.031 0.5794 -3.1072
1770386332.5026 0 'robobot/drive/T0/vel' 1770386332.5026 91.9860 0.017 0.153 0.5914 0.017 4
1770386332.5035 0 'robobot/drive/T0/mvel' 1770386332.5035 0.017 0.153
1770386332.5038 0 'robobot/drive/T0/livn' 1770386332.5037 396 381 389 389 381 369 370 373 5
1770386332.5081 0 'robobot/drive/T0/pose' 1770386332.5080 91.9900 0.627 0.031 0.5806 -3.1071
1770386332.5092 0 'robobot/drive/T0/ird' 1770386332.5091 0.277 1.500 7827 1945 1
1770386332.5114 0 'robobot/drive/T0/vel' 1770386332.5113 91.9940 0.042 0.159 0.5084 0.042 4
1770386332.5115 0 'robobot/drive/T0/gyro' 1770386332.5114 0.679626 0.411987 40.481628 91.994
1770386332.5115 0 'robobot/drive/T0/acc' 1770386332.5115 0.039795 0.028564 1.009766 91.994
1770386332.5120 0 'robobot/drive/T0/mvel' 1770386332.5119 0.042 0.159
1770386332.5127 0 'robobot/drive/T0/pose' 1770386332.5126 91.9950 0.627 0.031 0.5829 -3.1068
1770386332.5138 0 'robobot/drive/T0/livn' 1770386332.5137 381 377 385 388 388 367 363 366 5
1770386332.5181 0 'robobot/drive/T0/pose' 1770386332.5180 92.0000 0.628 0.031 0.5840 -3.1067
1770386332.5192 0 'robobot/drive/T0/vel' 1770386332.5191 92.0020 0.070 0.160 0.3897 0.070 4
1770386332.5193 0 'robobot/drive/T0/mvel' 1770386332.5193 0.070 0.160
1770386332.5225 0 'robobot/drive/T0/pose' 1770386332.5224 92.0050 0.628 0.032 0.5875 -3.1063
1770386332.5236 0 'robobot/drive/T0/livn' 1770386332.5235 406 378 382 386 386 363 359 363 5
1770386332.5237 0 'robobot/drive/T0/gyro' 1770386332.5236 3.883972 1.358032 38.925232 92.006
1770386332.5237 0 'robobot/drive/T0/acc' 1770386332.5237 0.090576 0.041992 0.930908 92.006
1770386332.5270 0 'robobot/drive/T0/vel' 1770386332.5269 92.0100 0.073 0.148 0.3276 0.073 4
1770386332.5278 0 'robobot/drive/T0/mvel' 1770386332.5277 0.073 0.148
1770386332.5281 0 'robobot/drive/T0/pose' 1770386332.5280 92.0100 0.629 0.032 0.5887 -3.1061
1770386332.5324 0 'robobot/drive/T0/pose' 1770386332.5323 92.0150 0.629 0.032 0.5898 -3.1059
1770386332.5336 0 'robobot/drive/T0/livn' 1770386332.5335 395 385 387 389 372 373 366 364 5
1770386332.5336 0 'robobot/drive/T0/mot' 1770386332.5336 0.37 1.4 0.1 0.1 0
1770386332.5336 0 'robobot/drive/T0/mca' 1770386332.5336 0.107 0.190 16
1770386332.5348 0 'robobot/drive/T0/ird' 1770386332.5347 0.271 1.500 7977 1921 1
1770386332.5351 0 'robobot/drive/T0/vel' 1770386332.5348 92.0180 0.068 0.145 0.3361 0.068 4
1770386332.5352 0 'robobot/drive/T0/mvel' 1770386332.5351 0.068 0.145
1770386332.5352 0 'robobot/drive/T0/gyro' 1770386332.5351 0.008240 0.289917 37.887634 92.018
1770386332.5353 0 'robobot/drive/T0/acc' 1770386332.5352 0.098877 0.066406 0.976074 92.018
1770386332.5376 0 'robobot/drive/T0/pose' 1770386332.5374 92.0200 0.630 0.033 0.5921 -3.1056
1770386332.5431 0 'robobot/drive/T0/pose' 1770386332.5430 92.0250 0.630 0.033 0.5956 -3.1053
1770386332.5432 0 'robobot/drive/T0/vel' 1770386332.5431 92.0260 0.062 0.157 0.4121 0.062 4
1770386332.5433 0 'robobot/drive/T0/livn' 1770386332.5432 393 383 389 396 386 368 376 367 5
1770386332.5434 0 'robobot/drive/T0/mvel' 1770386332.5434 0.062 0.157
1770386332.5456 0 'robobot/drive/T0/hbt' 1770386332.5454 92.0280 107 1033 11.75 4 8 8.9 0.56 0
1770386332.5478 0 'robobot/drive/T0/pose' 1770386332.5477 92.0300 0.630 0.033 0.5979 -3.1054
1770386332.5479 0 'robobot/drive/T0/gyro' 1770386332.5478 2.907410 0.656128 37.674011 92.030
1770386332.5480 0 'robobot/drive/T0/acc' 1770386332.5479 0.014404 -0.009521 1.028076 92.030
1770386332.5492 0 'robobot/drive/T0/liv' 1770386332.5490 298 341 367 302 342 355 328 249 25
1770386332.5514 0 'robobot/drive/T0/vel' 1770386332.5513 92.0340 0.054 0.152 0.4241 0.054 4
1770386332.5519 0 'robobot/drive/T0/mvel' 1770386332.5519 0.054 0.152
1770386332.5525 0 'robobot/drive/T0/pose' 1770386332.5524 92.0350 0.631 0.033 0.6025 -3.1052
1770386332.5537 0 'robobot/drive/T0/livn' 1770386332.5536 388 382 389 400 390 369 368 368 5
1770386332.5580 0 'robobot/drive/T0/pose' 1770386332.5579 92.0400 0.631 0.033 0.6048 -3.1051
1770386332.5592 0 'robobot/drive/T0/vel' 1770386332.5591 92.0420 0.043 0.147 0.4513 0.043 4
1770386332.5593 0 'robobot/drive/T0/gyro' 1770386332.5592 0.588074 2.517700 38.314880 92.042
1770386332.5593 0 'robobot/drive/T0/mvel' 1770386332.5593 0.043 0.147
1770386332.5593 0 'robobot/drive/T0/acc' 1770386332.5593 -0.004150 -0.020752 0.941895 92.042
1770386332.5597 0 'robobot/drive/T0/ird' 1770386332.5596 0.267 1.500 8078 1866 1
1770386332.5631 0 'robobot/drive/T0/pose' 1770386332.5629 92.0450 0.631 0.034 0.6083 -3.1051
1770386332.5633 0 'robobot/drive/T0/livn' 1770386332.5631 370 379 394 400 380 364 369 382 5
1770386332.5666 0 'robobot/drive/T0/mot' 1770386332.5665 0.51 1.4 0.1 0.1 0
1770386332.5666 0 'robobot/drive/T0/mca' 1770386332.5666 0.124 0.212 17
1770386332.5667 0 'robobot/drive/T0/vel' 1770386332.5666 92.0500 0.035 0.155 0.5225 0.035 4
1770386332.5677 0 'robobot/drive/T0/mvel' 1770386332.5677 0.035 0.155
1770386332.5680 0 'robobot/drive/T0/pose' 1770386332.5678 92.0500 0.631 0.034 0.6118 -3.1051
1770386332.5713 0 'robobot/drive/T0/gyro' 1770386332.5712 3.334656 -2.151489 40.176453 92.054
1770386332.5714 0 'robobot/drive/T0/acc' 1770386332.5713 0.000732 -0.038086 0.953125 92.054
1770386332.5726 0 'robobot/drive/T0/pose' 1770386332.5724 92.0550 0.632 0.034 0.6153 -3.1055
1770386332.5737 0 'robobot/drive/T0/livn' 1770386332.5736 373 381 384 386 384 377 373 365 5
1770386332.5749 0 'robobot/drive/T0/vel' 1770386332.5748 92.0580 0.027 0.156 0.5603 0.027 4
1770386332.5751 0 'robobot/drive/T0/mvel' 1770386332.5751 0.027 0.156
1770386332.5781 0 'robobot/drive/T0/pose' 1770386332.5780 92.0600 0.632 0.034 0.6164 -3.1056
1770386332.5824 0 'robobot/drive/T0/pose' 1770386332.5824 92.0650 0.633 0.035 0.6210 -3.1056
1770386332.5836 0 'robobot/drive/T0/vel' 1770386332.5835 92.0660 0.022 0.155 0.5789 0.022 4
1770386332.5837 0 'robobot/drive/T0/livn' 1770386332.5836 372 375 382 389 386 376 372 370 5
1770386332.5837 0 'robobot/drive/T0/gyro' 1770386332.5837 0.343933 2.548218 42.282166 92.066
1770386332.5838 0 'robobot/drive/T0/acc' 1770386332.5837 0.001221 -0.058838 1.016602 92.066
1770386332.5846 0 'robobot/drive/T0/mvel' 1770386332.5846 0.022 0.155
1770386332.5849 0 'robobot/drive/T0/ird' 1770386332.5849 0.238 1.500 8860 1956 1
1770386332.5871 0 'robobot/drive/T0/pose' 1770386332.5871 92.0700 0.633 0.035 0.6233 -3.1056
1770386332.5915 0 'robobot/drive/T0/vel' 1770386332.5914 92.0740 0.019 0.154 0.5859 0.019 4
1770386332.5920 0 'robobot/drive/T0/mvel' 1770386332.5919 0.019 0.154
1770386332.5926 0 'robobot/drive/T0/pose' 1770386332.5925 92.0750 0.633 0.035 0.6268 -3.1056
1770386332.5938 0 'robobot/drive/T0/livn' 1770386332.5937 382 386 386 393 385 369 374 369 5
1770386332.5960 0 'robobot/drive/T0/gyro' 1770386332.5959 3.609314 -1.113892 43.747009 92.078
1770386332.5960 0 'robobot/drive/T0/acc' 1770386332.5960 0.067139 -0.006348 0.876465 92.078
1770386332.5972 0 'robobot/drive/T0/pose' 1770386332.5971 92.0800 0.634 0.035 0.6280 -3.1055
1770386332.5984 0 'robobot/drive/T0/liv' 1770386332.5983 284 339 366 302 340 359 336 253 25
1770386332.5995 0 'robobot/drive/T0/vel' 1770386332.5994 92.0820 0.018 0.154 0.5941 0.018 4
1770386332.5996 0 'robobot/drive/T0/mot' 1770386332.5995 0.75 1.4 0.1 0.1 0
1770386332.5996 0 'robobot/drive/T0/mca' 1770386332.5996 0.188 0.203 16
1770386332.6004 0 'robobot/drive/T0/mvel' 1770386332.6004 0.018 0.154
1770386332.6029 0 'robobot/drive/T0/pose' 1770386332.6028 92.0850 0.634 0.036 0.6303 -3.1056
1770386332.6040 0 'robobot/drive/T0/livn' 1770386332.6040 373 380 384 388 374 382 387 367 5
1770386332.6073 0 'robobot/drive/T0/vel' 1770386332.6072 92.0900 0.036 0.159 0.5351 0.036 4
1770386332.6074 0 'robobot/drive/T0/gyro' 1770386332.6073 0.557556 -1.663208 42.587341 92.090
1770386332.6074 0 'robobot/drive/T0/pose' 1770386332.6074 92.0900 0.635 0.036 0.6314 -3.1055
1770386332.6075 0 'robobot/drive/T0/acc' 1770386332.6074 0.095459 -0.010254 0.927979 92.090
1770386332.6078 0 'robobot/drive/T0/mvel' 1770386332.6077 0.036 0.159
1770386332.6098 0 'robobot/drive/T0/ird' 1770386332.6096 0.226 1.500 9274 1966 1
1770386332.6133 0 'robobot/drive/T0/pose' 1770386332.6130 92.0950 0.635 0.037 0.6338 -3.1054
1770386332.6133 0 'robobot/drive/T0/livn' 1770386332.6133 375 379 379 387 385 379 370 371 5
1770386332.6156 0 'robobot/drive/T0/vel' 1770386332.6155 92.0980 0.082 0.159 0.3333 0.082 4
1770386332.6163 0 'robobot/drive/T0/mvel' 1770386332.6162 0.082 0.159
1770386332.6178 0 'robobot/drive/T0/pose' 1770386332.6177 92.1000 0.636 0.037 0.6349 -3.1054
1770386332.6200 0 'robobot/drive/T0/gyro' 1770386332.6199 3.548279 -0.473022 41.214050 92.102
1770386332.6201 0 'robobot/drive/T0/acc' 1770386332.6200 0.062988 0.003174 0.961670 92.102
1770386332.6223 0 'robobot/drive/T0/pose' 1770386332.6222 92.1050 0.636 0.037 0.6372 -3.1052
1770386332.6235 0 'robobot/drive/T0/vel' 1770386332.6234 92.1060 0.085 0.157 0.3116 0.085 4
1770386332.6236 0 'robobot/drive/T0/livn' 1770386332.6235 389 384 384 394 385 378 374 372 5
1770386332.6236 0 'robobot/drive/T0/mvel' 1770386332.6236 0.085 0.157
1770386332.6280 0 'robobot/drive/T0/pose' 1770386332.6278 92.1100 0.636 0.038 0.6384 -3.1051
1770386332.6314 0 'robobot/drive/T0/vel' 1770386332.6312 92.1140 0.080 0.156 0.3292 0.080 4
1770386332.6315 0 'robobot/drive/T0/gyro' 1770386332.6314 0.588074 -3.280640 38.131775 92.114
1770386332.6316 0 'robobot/drive/T0/acc' 1770386332.6315 0.114502 0.023926 0.925781 92.114
1770386332.6321 0 'robobot/drive/T0/mvel' 1770386332.6321 0.080 0.156
1770386332.6327 0 'robobot/drive/T0/pose' 1770386332.6326 92.1150 0.637 0.038 0.6419 -3.1047
1770386332.6328 0 'robobot/drive/T0/mot' 1770386332.6327 0.28 1.4 0.1 0.1 0
1770386332.6328 0 'robobot/drive/T0/mca' 1770386332.6328 0.114 0.189 17
1770386332.6340 0 'robobot/drive/T0/livn' 1770386332.6339 375 383 398 390 385 371 368 361 5
1770386332.6351 0 'robobot/drive/T0/ird' 1770386332.6351 0.213 1.500 9751 2031 1
1770386332.6374 0 'robobot/drive/T0/pose' 1770386332.6373 92.1200 0.637 0.038 0.6430 -3.1049
1770386332.6396 0 'robobot/drive/T0/vel' 1770386332.6395 92.1220 0.071 0.154 0.3609 0.071 4
1770386332.6405 0 'robobot/drive/T0/mvel' 1770386332.6405 0.071 0.154
1770386332.6429 0 'robobot/drive/T0/pose' 1770386332.6428 92.1250 0.638 0.038 0.6465 -3.1049
1770386332.6440 0 'robobot/drive/T0/livn' 1770386332.6439 372 380 389 399 394 376 370 380 5
1770386332.6441 0 'robobot/drive/T0/gyro' 1770386332.6440 2.937927 1.876831 39.199890 92.126
1770386332.6442 0 'robobot/drive/T0/acc' 1770386332.6441 0.013672 -0.012939 1.052734 92.126
1770386332.6475 0 'robobot/drive/T0/vel' 1770386332.6473 92.1300 0.059 0.157 0.4269 0.059 4
1770386332.6476 0 'robobot/drive/T0/pose' 1770386332.6476 92.1300 0.638 0.039 0.6499 -3.1049
1770386332.6479 0 'robobot/drive/T0/mvel' 1770386332.6479 0.059 0.157
1770386332.6488 0 'robobot/drive/T0/liv' 1770386332.6487 288 341 368 302 344 363 333 252 25
1770386332.6531 0 'robobot/drive/T0/pose' 1770386332.6530 92.1350 0.638 0.039 0.6534 -3.1051
1770386332.6532 0 'robobot/drive/T0/livn' 1770386332.6531 383 378 388 391 390 371 370 363 5
1770386332.6554 0 'robobot/drive/T0/vel' 1770386332.6553 92.1380 0.046 0.159 0.4938 0.046 4
1770386332.6556 0 'robobot/drive/T0/gyro' 1770386332.6554 -1.273499 -4.043579 42.404236 92.138
1770386332.6557 0 'robobot/drive/T0/acc' 1770386332.6557 0.002930 -0.087402 0.800781 92.138
1770386332.6564 0 'robobot/drive/T0/mvel' 1770386332.6563 0.046 0.159
1770386332.6579 0 'robobot/drive/T0/pose' 1770386332.6578 92.1400 0.639 0.039 0.6569 -3.1055
1770386332.6601 0 'robobot/drive/T0/ird' 1770386332.6601 0.204 1.500 10115 1908 1
1770386332.6623 0 'robobot/drive/T0/pose' 1770386332.6622 92.1450 0.639 0.039 0.6604 -3.1060
1770386332.6635 0 'robobot/drive/T0/vel' 1770386332.6634 92.1460 0.037 0.156 0.5173 0.037 4
1770386332.6635 0 'robobot/drive/T0/livn' 1770386332.6635 375 377 381 392 388 372 376 369 5
1770386332.6637 0 'robobot/drive/T0/mvel' 1770386332.6637 0.037 0.156
1770386332.6658 0 'robobot/drive/T0/mot' 1770386332.6656 0.52 1.4 0.1 0.1 0
1770386332.6659 0 'robobot/drive/T0/mca' 1770386332.6658 0.131 0.188 16
1770386332.6671 0 'robobot/drive/T0/gyro' 1770386332.6670 2.297058 0.717163 43.197693 92.150
1770386332.6672 0 'robobot/drive/T0/pose' 1770386332.6671 92.1500 0.639 0.040 0.6638 -3.1061
1770386332.6672 0 'robobot/drive/T0/acc' 1770386332.6672 0.019043 -0.029053 1.127930 92.150
1770386332.6717 0 'robobot/drive/T0/vel' 1770386332.6715 92.1540 0.028 0.158 0.5665 0.028 4
1770386332.6722 0 'robobot/drive/T0/mvel' 1770386332.6721 0.028 0.158
1770386332.6728 0 'robobot/drive/T0/pose' 1770386332.6727 92.1550 0.640 0.040 0.6673 -3.1061
1770386332.6740 0 'robobot/drive/T0/livn' 1770386332.6739 374 378 393 396 384 371 369 372 5
1770386332.6772 0 'robobot/drive/T0/pose' 1770386332.6771 92.1600 0.640 0.040 0.6708 -3.1062
1770386332.6794 0 'robobot/drive/T0/vel' 1770386332.6793 92.1620 0.023 0.161 0.5989 0.023 4
1770386332.6795 0 'robobot/drive/T0/gyro' 1770386332.6794 -1.517639 -0.289917 44.815125 92.162
1770386332.6795 0 'robobot/drive/T0/mvel' 1770386332.6795 0.023 0.161
1770386332.6796 0 'robobot/drive/T0/acc' 1770386332.6795 -0.018066 -0.078613 0.829590 92.162
1770386332.6828 0 'robobot/drive/T0/pose' 1770386332.6827 92.1650 0.640 0.040 0.6742 -3.1065
1770386332.6840 0 'robobot/drive/T0/livn' 1770386332.6839 366 379 392 388 382 376 384 391 5
1770386332.6852 0 'robobot/drive/T0/ird' 1770386332.6851 0.198 1.500 10349 1895 1
1770386332.6874 0 'robobot/drive/T0/vel' 1770386332.6873 92.1700 0.020 0.156 0.5916 0.020 4
1770386332.6874 0 'robobot/drive/T0/pose' 1770386332.6874 92.1700 0.640 0.041 0.6777 -3.1066
1770386332.6880 0 'robobot/drive/T0/mvel' 1770386332.6879 0.020 0.156
1770386332.6917 0 'robobot/drive/T0/gyro' 1770386332.6917 3.059998 -1.144409 44.174255 92.174
1770386332.6918 0 'robobot/drive/T0/acc' 1770386332.6918 0.014404 -0.023682 1.058350 92.174
1770386332.6930 0 'robobot/drive/T0/pose' 1770386332.6929 92.1750 0.641 0.041 0.6800 -3.1068
1770386332.6931 0 'robobot/drive/T0/livn' 1770386332.6930 367 373 382 386 389 379 376 371 5
1770386332.6954 0 'robobot/drive/T0/vel' 1770386332.6952 92.1780 0.017 0.153 0.5905 0.017 4
1770386332.6954 0 'robobot/drive/T0/mvel' 1770386332.6953 0.017 0.153
1770386332.6976 0 'robobot/drive/T0/pose' 1770386332.6975 92.1800 0.641 0.041 0.6823 -3.1068
1770386332.6987 0 'robobot/drive/T0/liv' 1770386332.6986 282 336 365 300 342 361 336 255 25
1770386332.6987 0 'robobot/drive/T0/mot' 1770386332.6987 0.75 1.4 0.1 0.1 0
1770386332.6988 0 'robobot/drive/T0/mca' 1770386332.6987 0.215 0.175 17
1770386332.7031 0 'robobot/drive/T0/pose' 1770386332.7030 92.1850 0.642 0.042 0.6858 -3.1067
1770386332.7033 0 'robobot/drive/T0/vel' 1770386332.7031 92.1860 0.015 0.158 0.6218 0.015 4
1770386332.7034 0 'robobot/drive/T0/livn' 1770386332.7033 377 378 384 390 390 381 373 372 5
1770386332.7035 0 'robobot/drive/T0/gyro' 1770386332.7034 -0.449524 -0.747681 43.319763 92.186
1770386332.7036 0 'robobot/drive/T0/acc' 1770386332.7035 0.072510 -0.034424 0.862549 92.186
1770386332.7038 0 'robobot/drive/T0/mvel' 1770386332.7038 0.015 0.158
1770386332.7079 0 'robobot/drive/T0/pose' 1770386332.7078 92.1900 0.642 0.042 0.6870 -3.1066
1770386332.7101 0 'robobot/drive/T0/ird' 1770386332.7100 0.188 1.500 10846 1914 1
1770386332.7113 0 'robobot/drive/T0/vel' 1770386332.7112 92.1940 0.014 0.153 0.6024 0.014 4
1770386332.7123 0 'robobot/drive/T0/mvel' 1770386332.7122 0.014 0.153
1770386332.7124 0 'robobot/drive/T0/pose' 1770386332.7123 92.1950 0.642 0.042 0.6893 -3.1067
1770386332.7136 0 'robobot/drive/T0/livn' 1770386332.7135 385 377 387 384 389 375 373 370 5
1770386332.7158 0 'robobot/drive/T0/gyro' 1770386332.7157 2.937927 -1.327515 42.373718 92.198
1770386332.7158 0 'robobot/drive/T0/acc' 1770386332.7158 0.069336 0.015625 1.058105 92.198
1770386332.7181 0 'robobot/drive/T0/pose' 1770386332.7180 92.2000 0.643 0.043 0.6904 -3.1066
1770386332.7192 0 'robobot/drive/T0/vel' 1770386332.7191 92.2020 0.039 0.151 0.4837 0.039 4
1770386332.7196 0 'robobot/drive/T0/mvel' 1770386332.7196 0.039 0.151
1770386332.7225 0 'robobot/drive/T0/pose' 1770386332.7224 92.2050 0.643 0.043 0.6916 -3.1065
1770386332.7236 0 'robobot/drive/T0/livn' 1770386332.7235 375 378 383 390 383 382 376 373 5
1770386332.7268 0 'robobot/drive/T0/vel' 1770386332.7268 92.2100 0.081 0.153 0.3119 0.081 4
1770386332.7270 0 'robobot/drive/T0/mvel' 1770386332.7270 0.081 0.153
1770386332.7280 0 'robobot/drive/T0/gyro' 1770386332.7279 1.045837 1.296997 41.275085 92.210
1770386332.7281 0 'robobot/drive/T0/pose' 1770386332.7280 92.2100 0.644 0.043 0.6927 -3.1063
1770386332.7281 0 'robobot/drive/T0/acc' 1770386332.7281 0.106934 0.015137 0.989746 92.210
1770386332.7314 0 'robobot/drive/T0/mot' 1770386332.7313 0.37 1.4 0.1 0.1 0
1770386332.7314 0 'robobot/drive/T0/mca' 1770386332.7314 0.161 0.197 16
1770386332.7326 0 'robobot/drive/T0/pose' 1770386332.7325 92.2150 0.644 0.044 0.6962 -3.1060
1770386332.7337 0 'robobot/drive/T0/livn' 1770386332.7336 370 367 378 385 386 377 376 372 5
1770386332.7349 0 'robobot/drive/T0/ird' 1770386332.7348 0.153 1.500 12966 1873 1
1770386332.7349 0 'robobot/drive/T0/vel' 1770386332.7349 92.2180 0.084 0.147 0.2743 0.084 4
1770386332.7354 0 'robobot/drive/T0/mvel' 1770386332.7354 0.084 0.147
1770386332.7371 0 'robobot/drive/T0/pose' 1770386332.7370 92.2200 0.645 0.044 0.6962 -3.1057
1770386332.7394 0 'robobot/drive/T0/gyro' 1770386332.7393 2.754822 -2.059937 38.345398 92.222
1770386332.7395 0 'robobot/drive/T0/acc' 1770386332.7394 0.094238 0.061035 1.000244 92.222
1770386332.7428 0 'robobot/drive/T0/pose' 1770386332.7426 92.2250 0.645 0.045 0.6997 -3.1056
1770386332.7429 0 'robobot/drive/T0/vel' 1770386332.7428 92.2260 0.076 0.152 0.3292 0.076 4
1770386332.7431 0 'robobot/drive/T0/livn' 1770386332.7430 372 369 385 389 392 376 377 376 5
1770386332.7432 0 'robobot/drive/T0/mvel' 1770386332.7432 0.076 0.152
1770386332.7474 0 'robobot/drive/T0/pose' 1770386332.7473 92.2300 0.645 0.045 0.7020 -3.1056
1770386332.7486 0 'robobot/drive/T0/liv' 1770386332.7485 285 332 363 299 344 364 336 255 25
1770386332.7508 0 'robobot/drive/T0/vel' 1770386332.7507 92.2340 0.068 0.159 0.3948 0.068 4
1770386332.7517 0 'robobot/drive/T0/mvel' 1770386332.7517 0.068 0.159
1770386332.7519 0 'robobot/drive/T0/gyro' 1770386332.7519 0.557556 0.717163 39.596619 92.234
1770386332.7520 0 'robobot/drive/T0/acc' 1770386332.7519 0.006348 -0.068848 1.003174 92.234
1770386332.7532 0 'robobot/drive/T0/pose' 1770386332.7531 92.2350 0.646 0.045 0.7055 -3.1056
1770386332.7533 0 'robobot/drive/T0/livn' 1770386332.7532 377 371 379 390 380 375 375 377 5
1770386332.7577 0 'robobot/drive/T0/pose' 1770386332.7575 92.2400 0.646 0.045 0.7089 -3.1055
1770386332.7588 0 'robobot/drive/T0/vel' 1770386332.7587 92.2420 0.053 0.150 0.4203 0.053 4
1770386332.7591 0 'robobot/drive/T0/mvel' 1770386332.7591 0.053 0.150
1770386332.7599 0 'robobot/drive/T0/ird' 1770386332.7599 0.140 1.500 14066 1962 1
1770386332.7622 0 'robobot/drive/T0/pose' 1770386332.7621 92.2450 0.646 0.045 0.7124 -3.1055
1770386332.7633 0 'robobot/drive/T0/livn' 1770386332.7632 370 372 376 386 394 387 389 388 5
1770386332.7635 0 'robobot/drive/T0/gyro' 1770386332.7634 1.595154 0.106812 41.275085 92.246
1770386332.7636 0 'robobot/drive/T0/acc' 1770386332.7635 0.018799 -0.009521 0.971191 92.246
1770386332.7647 0 'robobot/drive/T0/mot' 1770386332.7647 0.44 1.4 0.1 0.1 0
1770386332.7648 0 'robobot/drive/T0/mca' 1770386332.7647 0.113 0.207 17
1770386332.7670 0 'robobot/drive/T0/vel' 1770386332.7669 92.2500 0.043 0.149 0.4587 0.043 4
1770386332.7676 0 'robobot/drive/T0/mvel' 1770386332.7675 0.043 0.149
1770386332.7681 0 'robobot/drive/T0/pose' 1770386332.7681 92.2500 0.646 0.046 0.7147 -3.1057
1770386332.7725 0 'robobot/drive/T0/pose' 1770386332.7724 92.2550 0.647 0.046 0.7193 -3.1059
1770386332.7736 0 'robobot/drive/T0/livn' 1770386332.7735 360 368 380 394 386 382 388 386 5
1770386332.7747 0 'robobot/drive/T0/vel' 1770386332.7747 92.2580 0.031 0.158 0.5521 0.031 4
1770386332.7750 0 'robobot/drive/T0/mvel' 1770386332.7750 0.031 0.158
1770386332.7759 0 'robobot/drive/T0/gyro' 1770386332.7758 1.686707 -0.564575 42.526306 92.258
1770386332.7760 0 'robobot/drive/T0/acc' 1770386332.7759 0.040039 -0.045898 0.996582 92.258
1770386332.7783 0 'robobot/drive/T0/pose' 1770386332.7781 92.2600 0.647 0.046 0.7216 -3.1059
1770386332.7826 0 'robobot/drive/T0/pose' 1770386332.7825 92.2650 0.647 0.047 0.7240 -3.1059
1770386332.7827 0 'robobot/drive/T0/vel' 1770386332.7826 92.2660 0.026 0.153 0.5536 0.026 4
1770386332.7836 0 'robobot/drive/T0/mvel' 1770386332.7836 0.026 0.153
1770386332.7839 0 'robobot/drive/T0/livn' 1770386332.7838 368 374 375 386 384 382 382 378 5
1770386332.7850 0 'robobot/drive/T0/ird' 1770386332.7850 0.128 1.500 15229 1917 1
1770386332.7872 0 'robobot/drive/T0/gyro' 1770386332.7871 1.137390 2.456665 42.770447 92.270
1770386332.7873 0 'robobot/drive/T0/acc' 1770386332.7872 0.039551 -0.022949 1.082031 92.270
1770386332.7874 0 'robobot/drive/T0/pose' 1770386332.7873 92.2700 0.648 0.047 0.7274 -3.1058
1770386332.7917 0 'robobot/drive/T0/vel' 1770386332.7916 92.2740 0.021 0.146 0.5411 0.021 4
1770386332.7921 0 'robobot/drive/T0/mvel' 1770386332.7920 0.021 0.146
1770386332.7929 0 'robobot/drive/T0/pose' 1770386332.7928 92.2750 0.648 0.047 0.7309 -3.1057
1770386332.7940 0 'robobot/drive/T0/livn' 1770386332.7939 375 379 375 382 378 377 385 372 5
1770386332.7973 0 'robobot/drive/T0/mot' 1770386332.7972 0.71 1.4 0.1 0.1 0
1770386332.7973 0 'robobot/drive/T0/pose' 1770386332.7973 92.2800 0.648 0.047 0.7332 -3.1059
1770386332.7974 0 'robobot/drive/T0/mca' 1770386332.7973 0.218 0.210 16
1770386332.7986 0 'robobot/drive/T0/liv' 1770386332.7984 282 335 357 299 342 369 347 259 25
1770386332.7987 0 'robobot/drive/T0/vel' 1770386332.7986 92.2820 0.019 0.154 0.5879 0.019 4
1770386332.7995 0 'robobot/drive/T0/mvel' 1770386332.7994 0.019 0.154
1770386332.7999 0 'robobot/drive/T0/gyro' 1770386332.7998 3.883972 -1.388550 43.685974 92.282
1770386332.8000 0 'robobot/drive/T0/acc' 1770386332.7999 0.012451 -0.051758 0.880859 92.282
1770386332.8022 0 'robobot/drive/T0/pose' 1770386332.8021 92.2850 0.649 0.048 0.7378 -3.1061
1770386332.8034 0 'robobot/drive/T0/livn' 1770386332.8033 384 379 381 391 384 390 391 376 5
1770386332.8077 0 'robobot/drive/T0/vel' 1770386332.8076 92.2900 0.017 0.158 0.6123 0.017 4
1770386332.8077 0 'robobot/drive/T0/pose' 1770386332.8077 92.2900 0.649 0.048 0.7390 -3.1061
1770386332.8080 0 'robobot/drive/T0/mvel' 1770386332.8079 0.017 0.158
1770386332.8099 0 'robobot/drive/T0/ird' 1770386332.8099 0.133 1.500 14724 2021 1
1770386332.8121 0 'robobot/drive/T0/gyro' 1770386332.8121 1.381531 -1.022339 43.533386 92.294
1770386332.8122 0 'robobot/drive/T0/acc' 1770386332.8121 0.071289 0.000977 1.131104 92.294
1770386332.8123 0 'robobot/drive/T0/pose' 1770386332.8122 92.2950 0.649 0.048 0.7425 -3.1061
1770386332.8134 0 'robobot/drive/T0/livn' 1770386332.8133 350 372 377 390 384 387 391 392 5
1770386332.8156 0 'robobot/drive/T0/vel' 1770386332.8155 92.2980 0.016 0.154 0.6011 0.016 4
1770386332.8165 0 'robobot/drive/T0/mvel' 1770386332.8164 0.016 0.154
1770386332.8178 0 'robobot/drive/T0/pose' 1770386332.8177 92.3000 0.650 0.049 0.7436 -3.1059
1770386332.8231 0 'robobot/drive/T0/pose' 1770386332.8231 92.3050 0.650 0.049 0.7459 -3.1056
1770386332.8232 0 'robobot/drive/T0/vel' 1770386332.8231 92.3060 0.029 0.156 0.5541 0.029 4
1770386332.8233 0 'robobot/drive/T0/livn' 1770386332.8232 379 366 374 388 385 380 383 380 5
1770386332.8234 0 'robobot/drive/T0/gyro' 1770386332.8233 4.280701 2.151489 42.800964 92.306
1770386332.8234 0 'robobot/drive/T0/acc' 1770386332.8234 0.076904 -0.002930 0.936035 92.306
1770386332.8239 0 'robobot/drive/T0/mvel' 1770386332.8238 0.029 0.156
1770386332.8277 0 'robobot/drive/T0/pose' 1770386332.8277 92.3100 0.651 0.049 0.7471 -3.1053
1770386332.8310 0 'robobot/drive/T0/mot' 1770386332.8309 0.77 1.4 0.1 0.1 0
1770386332.8310 0 'robobot/drive/T0/mca' 1770386332.8310 0.174 0.210 17
1770386332.8311 0 'robobot/drive/T0/vel' 1770386332.8310 92.3140 0.073 0.150 0.3314 0.073 4
1770386332.8313 0 'robobot/drive/T0/mvel' 1770386332.8313 0.073 0.150
1770386332.8322 0 'robobot/drive/T0/pose' 1770386332.8321 92.3150 0.651 0.050 0.7482 -3.1052
1770386332.8333 0 'robobot/drive/T0/livn' 1770386332.8333 377 373 376 377 384 380 383 373 5
1770386332.8345 0 'robobot/drive/T0/ird' 1770386332.8344 0.138 1.500 14182 2000 1
1770386332.8356 0 'robobot/drive/T0/gyro' 1770386332.8355 0.618591 -0.381470 41.671814 92.318
1770386332.8357 0 'robobot/drive/T0/acc' 1770386332.8356 0.081055 0.051758 1.015869 92.318
1770386332.8379 0 'robobot/drive/T0/pose' 1770386332.8378 92.3200 0.651 0.050 0.7506 -3.1051
1770386332.8390 0 'robobot/drive/T0/vel' 1770386332.8389 92.3220 0.085 0.152 0.2907 0.085 4
1770386332.8399 0 'robobot/drive/T0/mvel' 1770386332.8398 0.085 0.152
1770386332.8423 0 'robobot/drive/T0/pose' 1770386332.8422 92.3250 0.652 0.051 0.7517 -3.1048
1770386332.8434 0 'robobot/drive/T0/livn' 1770386332.8433 386 373 374 377 393 392 387 376 5
1770386332.8466 0 'robobot/drive/T0/vel' 1770386332.8466 92.3300 0.084 0.159 0.3268 0.084 4
1770386332.8473 0 'robobot/drive/T0/mvel' 1770386332.8473 0.084 0.159
1770386332.8478 0 'robobot/drive/T0/gyro' 1770386332.8477 2.510681 0.320435 38.589539 92.330
1770386332.8479 0 'robobot/drive/T0/acc' 1770386332.8478 0.074707 0.044189 1.002197 92.330
1770386332.8480 0 'robobot/drive/T0/pose' 1770386332.8479 92.3300 0.652 0.051 0.7540 -3.1046
1770386332.8480 0 'robobot/drive/T0/liv' 1770386332.8480 282 332 356 292 344 372 345 258 25
1770386332.8523 0 'robobot/drive/T0/pose' 1770386332.8522 92.3350 0.653 0.051 0.7563 -3.1043
1770386332.8535 0 'robobot/drive/master' 1770386332.8534 2026-02-06 14:58:48.828247
1770386332.8536 0 'robobot/drive/T0/livn' 1770386332.8535 367 371 371 364 390 393 382 375 5
1770386332.8547 0 'robobot/drive/T0/vel' 1770386332.8546 92.3380 0.076 0.158 0.3572 0.076 4
1770386332.8547 0 'robobot/drive/T0/mvel' 1770386332.8547 0.076 0.158
1770386332.8579 0 'robobot/drive/T0/pose' 1770386332.8579 92.3400 0.653 0.052 0.7575 -3.1041
1770386332.8601 0 'robobot/drive/T0/gyro' 1770386332.8600 -0.693665 1.510620 39.199890 92.342
1770386332.8602 0 'robobot/drive/T0/acc' 1770386332.8601 0.000488 0.005859 1.041260 92.342
1770386332.8602 0 'robobot/drive/T0/ird' 1770386332.8602 0.160 1.500 12436 1910 1
1770386332.8624 0 'robobot/drive/T0/pose' 1770386332.8624 92.3450 0.653 0.052 0.7621 -3.1042
1770386332.8636 0 'robobot/drive/T0/vel' 1770386332.8635 92.3460 0.067 0.155 0.3815 0.067 4
1770386332.8636 0 'robobot/drive/T0/livn' 1770386332.8636 378 369 374 383 392 377 383 380 5
1770386332.8637 0 'robobot/drive/T0/mot' 1770386332.8636 0.31 1.4 0.1 0.1 0
1770386332.8637 0 'robobot/drive/T0/mca' 1770386332.8637 0.085 0.203 16
1770386332.8643 0 'robobot/drive/T0/mvel' 1770386332.8643 0.067 0.155
1770386332.8680 0 'robobot/drive/T0/pose' 1770386332.8680 92.3500 0.654 0.052 0.7644 -3.1042
1770386332.8713 0 'robobot/drive/T0/vel' 1770386332.8712 92.3540 0.052 0.157 0.4570 0.052 4
1770386332.8713 0 'robobot/drive/T0/gyro' 1770386332.8713 3.090515 -0.320435 40.420593 92.354
1770386332.8714 0 'robobot/drive/T0/acc' 1770386332.8713 0.010010 -0.008301 1.022949 92.354
1770386332.8717 0 'robobot/drive/T0/mvel' 1770386332.8717 0.052 0.157
1770386332.8725 0 'robobot/drive/T0/pose' 1770386332.8725 92.3550 0.654 0.053 0.7691 -3.1044
1770386332.8737 0 'robobot/drive/T0/livn' 1770386332.8736 369 362 365 380 383 375 381 375 5
1770386332.8780 0 'robobot/drive/T0/pose' 1770386332.8779 92.3600 0.654 0.053 0.7714 -3.1045
1770386332.8791 0 'robobot/drive/T0/vel' 1770386332.8791 92.3620 0.041 0.158 0.5113 0.041 4
1770386332.8792 0 'robobot/drive/T0/mvel' 1770386332.8792 0.041 0.158
1770386332.8824 0 'robobot/drive/T0/pose' 1770386332.8823 92.3650 0.655 0.053 0.7760 -3.1047
1770386332.8835 0 'robobot/drive/T0/livn' 1770386332.8834 378 370 376 382 392 383 382 376 5
1770386332.8836 0 'robobot/drive/T0/gyro' 1770386332.8835 -0.327454 0.381470 41.397156 92.366
1770386332.8836 0 'robobot/drive/T0/acc' 1770386332.8836 0.023926 -0.031494 1.025879 92.366
1770386332.8848 0 'robobot/drive/T0/ird' 1770386332.8847 0.194 1.500 10528 1932 1
1770386332.8870 0 'robobot/drive/T0/vel' 1770386332.8869 92.3700 0.031 0.157 0.5499 0.031 4
1770386332.8877 0 'robobot/drive/T0/mvel' 1770386332.8877 0.031 0.157
1770386332.8881 0 'robobot/drive/T0/pose' 1770386332.8880 92.3700 0.655 0.053 0.7783 -3.1047
1770386332.8924 0 'robobot/drive/T0/pose' 1770386332.8923 92.3750 0.655 0.054 0.7806 -3.1048
1770386332.8935 0 'robobot/drive/T0/livn' 1770386332.8935 370 363 363 388 388 379 370 378 5
1770386332.8947 0 'robobot/drive/T0/vel' 1770386332.8946 92.3780 0.024 0.157 0.5761 0.024 4
1770386332.8951 0 'robobot/drive/T0/mvel' 1770386332.8951 0.024 0.157
1770386332.8958 0 'robobot/drive/T0/gyro' 1770386332.8957 3.243103 1.785278 42.678894 92.378
1770386332.8959 0 'robobot/drive/T0/acc' 1770386332.8958 0.017334 -0.031250 1.068359 92.378
1770386332.8970 0 'robobot/drive/T0/mot' 1770386332.8969 0.66 1.4 0.1 0.1 0
1770386332.8970 0 'robobot/drive/T0/mca' 1770386332.8970 0.157 0.195 17
1770386332.8981 0 'robobot/drive/T0/pose' 1770386332.8981 92.3800 0.655 0.054 0.7841 -3.1048
1770386332.8982 0 'robobot/drive/T0/liv' 1770386332.8982 284 327 349 295 345 365 340 258 25
1770386332.9025 0 'robobot/drive/T0/pose' 1770386332.9024 92.3850 0.656 0.054 0.7864 -3.1047
1770386332.9026 0 'robobot/drive/T0/vel' 1770386332.9025 92.3860 0.021 0.152 0.5698 0.021 4
1770386332.9027 0 'robobot/drive/T0/mvel' 1770386332.9027 0.021 0.152
1770386332.9037 0 'robobot/drive/T0/livn' 1770386332.9037 373 364 365 378 388 377 378 384 5
1770386332.9080 0 'robobot/drive/T0/gyro' 1770386332.9079 -0.144348 0.167847 42.221130 92.390
1770386332.9081 0 'robobot/drive/T0/acc' 1770386332.9080 0.030518 -0.012451 0.926758 92.390
1770386332.9082 0 'robobot/drive/T0/pose' 1770386332.9081 92.3900 0.656 0.055 0.7876 -3.1047
1770386332.9093 0 'robobot/drive/T0/ird' 1770386332.9092 0.232 1.500 9072 1844 1
1770386332.9115 0 'robobot/drive/T0/vel' 1770386332.9114 92.3940 0.020 0.152 0.5767 0.020 4
1770386332.9123 0 'robobot/drive/T0/mvel' 1770386332.9122 0.020 0.152
1770386332.9126 0 'robobot/drive/T0/pose' 1770386332.9125 92.3950 0.657 0.055 0.7899 -3.1048
1770386332.9137 0 'robobot/drive/T0/livn' 1770386332.9137 356 363 365 382 385 378 376 375 5
1770386332.9180 0 'robobot/drive/T0/pose' 1770386332.9180 92.4000 0.657 0.055 0.7910 -3.1049
1770386332.9191 0 'robobot/drive/T0/vel' 1770386332.9191 92.4020 0.055 0.160 0.4556 0.055 4
1770386332.9192 0 'robobot/drive/T0/gyro' 1770386332.9192 4.402771 -1.693726 42.862000 92.402
1770386332.9193 0 'robobot/drive/T0/acc' 1770386332.9192 0.055664 -0.005615 1.027100 92.402
1770386332.9197 0 'robobot/drive/T0/mvel' 1770386332.9196 0.055 0.160
1770386332.9225 0 'robobot/drive/T0/pose' 1770386332.9225 92.4050 0.657 0.056 0.7933 -3.1050
1770386332.9237 0 'robobot/drive/T0/livn' 1770386332.9236 361 365 369 382 384 380 373 365 5
1770386332.9269 0 'robobot/drive/T0/vel' 1770386332.9268 92.4100 0.063 0.156 0.4069 0.063 4
1770386332.9271 0 'robobot/drive/T0/mvel' 1770386332.9270 0.063 0.156
1770386332.9280 0 'robobot/drive/T0/pose' 1770386332.9280 92.4100 0.658 0.056 0.7957 -3.1049
1770386332.9291 0 'robobot/drive/T0/mot' 1770386332.9291 0.43 1.4 0.1 0.1 0
1770386332.9292 0 'robobot/drive/T0/mca' 1770386332.9291 0.143 0.197 16
1770386332.9314 0 'robobot/drive/T0/gyro' 1770386332.9313 -0.113831 0.961304 41.976990 92.414
1770386332.9314 0 'robobot/drive/T0/acc' 1770386332.9314 0.052002 0.011230 0.994873 92.414
1770386332.9326 0 'robobot/drive/T0/pose' 1770386332.9325 92.4150 0.658 0.057 0.7980 -3.1048
1770386332.9337 0 'robobot/drive/T0/livn' 1770386332.9336 345 360 379 377 373 368 380 384 5
1770386332.9349 0 'robobot/drive/T0/ird' 1770386332.9348 0.321 1.500 6964 1963 1
1770386332.9349 0 'robobot/drive/T0/vel' 1770386332.9349 92.4180 0.067 0.154 0.3797 0.067 4
1770386332.9356 0 'robobot/drive/T0/mvel' 1770386332.9355 0.067 0.154
1770386332.9372 0 'robobot/drive/T0/pose' 1770386332.9371 92.4200 0.658 0.057 0.7991 -3.1046
1770386332.9427 0 'robobot/drive/T0/pose' 1770386332.9425 92.4250 0.659 0.058 0.8026 -3.1043
1770386332.9428 0 'robobot/drive/T0/vel' 1770386332.9427 92.4260 0.063 0.156 0.4048 0.063 4
1770386332.9432 0 'robobot/drive/T0/mvel' 1770386332.9432 0.063 0.156
1770386332.9440 0 'robobot/drive/T0/livn' 1770386332.9439 353 366 374 380 370 371 379 375 5
1770386332.9441 0 'robobot/drive/T0/gyro' 1770386332.9440 2.419128 -1.724243 40.054382 92.426
1770386332.9442 0 'robobot/drive/T0/acc' 1770386332.9441 0.063965 0.036621 0.962891 92.426
1770386332.9475 0 'robobot/drive/T0/pose' 1770386332.9474 92.4310 0.659 0.058 0.8049 -3.1043
1770386332.9487 0 'robobot/drive/T0/liv' 1770386332.9486 270 326 353 291 335 360 338 255 25
1770386332.9509 0 'robobot/drive/T0/vel' 1770386332.9508 92.4340 0.058 0.161 0.4449 0.058 4
1770386332.9518 0 'robobot/drive/T0/mvel' 1770386332.9517 0.058 0.161
1770386332.9531 0 'robobot/drive/T0/pose' 1770386332.9531 92.4360 0.660 0.058 0.8084 -3.1043
1770386332.9532 0 'robobot/drive/T0/livn' 1770386332.9531 360 367 372 373 370 366 377 367 5
1770386332.9554 0 'robobot/drive/T0/gyro' 1770386332.9553 1.045837 2.059937 41.305603 92.438
1770386332.9556 0 'robobot/drive/T0/acc' 1770386332.9555 0.003662 -0.003906 1.011963 92.438
1770386332.9578 0 'robobot/drive/T0/pose' 1770386332.9577 92.4410 0.660 0.059 0.8119 -3.1042
1770386332.9590 0 'robobot/drive/T0/vel' 1770386332.9589 92.4420 0.053 0.159 0.4607 0.053 4
1770386332.9591 0 'robobot/drive/T0/ird' 1770386332.9590 0.400 1.500 5875 1948 1
1770386332.9592 0 'robobot/drive/T0/mvel' 1770386332.9592 0.053 0.159
1770386332.9624 0 'robobot/drive/T0/mot' 1770386332.9623 0.43 1.3 0.1 0.1 0
1770386332.9624 0 'robobot/drive/T0/mca' 1770386332.9624 0.124 0.190 17
1770386332.9625 0 'robobot/drive/T0/pose' 1770386332.9624 92.4460 0.660 0.059 0.8142 -3.1041
1770386332.9637 0 'robobot/drive/T0/livn' 1770386332.9636 368 365 370 379 375 376 377 374 5
1770386332.9670 0 'robobot/drive/T0/vel' 1770386332.9669 92.4500 0.043 0.152 0.4755 0.043 4
1770386332.9676 0 'robobot/drive/T0/mvel' 1770386332.9676 0.043 0.152
1770386332.9682 0 'robobot/drive/T0/gyro' 1770386332.9680 2.083435 0.259399 42.862000 92.450
1770386332.9683 0 'robobot/drive/T0/acc' 1770386332.9682 0.005859 0.009521 0.978760 92.450
1770386332.9685 0 'robobot/drive/T0/pose' 1770386332.9683 92.4510 0.660 0.059 0.8188 -3.1043
1770386332.9738 0 'robobot/drive/T0/pose' 1770386332.9737 92.4560 0.661 0.059 0.8211 -3.1043
1770386332.9739 0 'robobot/drive/T0/livn' 1770386332.9738 360 365 376 365 381 379 381 366 5
1770386332.9751 0 'robobot/drive/T0/vel' 1770386332.9750 92.4580 0.036 0.157 0.5277 0.036 4
1770386332.9751 0 'robobot/drive/T0/mvel' 1770386332.9750 0.036 0.157
1770386332.9783 0 'robobot/drive/T0/pose' 1770386332.9783 92.4610 0.661 0.060 0.8257 -3.1045
1770386332.9795 0 'robobot/drive/T0/gyro' 1770386332.9794 2.083435 -1.327515 42.953552 92.462
1770386332.9796 0 'robobot/drive/T0/acc' 1770386332.9795 0.017822 -0.013916 0.942383 92.462
1770386332.9829 0 'robobot/drive/T0/vel' 1770386332.9827 92.4660 0.029 0.164 0.5857 0.029 4
1770386332.9830 0 'robobot/drive/T0/pose' 1770386332.9829 92.4660 0.661 0.060 0.8292 -3.1047
1770386332.9830 0 'robobot/drive/T0/livn' 1770386332.9830 367 370 368 366 375 374 379 362 5
1770386332.9835 0 'robobot/drive/T0/mvel' 1770386332.9835 0.029 0.164
1770386332.9842 0 'robobot/drive/T0/ird' 1770386332.9841 0.510 1.500 4931 1995 1
1770386332.9885 0 'robobot/drive/T0/pose' 1770386332.9884 92.4710 0.661 0.060 0.8327 -3.1046
1770386332.9907 0 'robobot/drive/T0/vel' 1770386332.9906 92.4740 0.022 0.157 0.5883 0.022 4
1770386332.9909 0 'robobot/drive/T0/mvel' 1770386332.9909 0.022 0.157
1770386332.9918 0 'robobot/drive/T0/gyro' 1770386332.9917 1.503601 1.266479 43.899597 92.474
1770386332.9919 0 'robobot/drive/T0/acc' 1770386332.9918 0.035645 -0.029785 1.022705 92.474
1770386332.9931 0 'robobot/drive/T0/pose' 1770386332.9930 92.4760 0.662 0.061 0.8338 -3.1045
1770386332.9932 0 'robobot/drive/T0/livn' 1770386332.9931 365 359 371 367 374 370 375 364 5
1770386332.9954 0 'robobot/drive/T0/mot' 1770386332.9953 0.68 1.3 0.1 0.1 0
1770386332.9954 0 'robobot/drive/T0/mca' 1770386332.9954 0.199 0.178 16
1770386332.9987 0 'robobot/drive/T0/pose' 1770386332.9986 92.4810 0.662 0.061 0.8384 -3.1043
1770386332.9988 0 'robobot/drive/T0/liv' 1770386332.9987 277 326 352 287 334 360 337 249 25
1770386332.9989 0 'robobot/drive/T0/vel' 1770386332.9988 92.4820 0.020 0.155 0.5884 0.020 4
1770386332.9993 0 'robobot/drive/T0/mvel' 1770386332.9993 0.020 0.155
1770386333.0033 0 'robobot/drive/T0/pose' 1770386333.0032 92.4860 0.662 0.061 0.8408 -3.1042
1770386333.0034 0 'robobot/drive/T0/livn' 1770386333.0033 365 368 376 383 375 370 366 362 5
1770386333.0034 0 'robobot/drive/T0/gyro' 1770386333.0034 2.480164 0.106812 43.472351 92.486
1770386333.0035 0 'robobot/drive/T0/acc' 1770386333.0034 0.030273 -0.039795 0.893799 92.486
1770386333.0068 0 'robobot/drive/T0/vel' 1770386333.0067 92.4900 0.018 0.160 0.6183 0.018 4
1770386333.0078 0 'robobot/drive/T0/mvel' 1770386333.0077 0.018 0.160
1770386333.0079 0 'robobot/drive/T0/pose' 1770386333.0078 92.4910 0.663 0.062 0.8431 -3.1041
1770386333.0091 0 'robobot/drive/T0/ird' 1770386333.0090 0.655 1.500 4170 1980 1
1770386333.0134 0 'robobot/drive/T0/pose' 1770386333.0133 92.4960 0.663 0.062 0.8454 -3.1040
1770386333.0135 0 'robobot/drive/T0/livn' 1770386333.0134 347 369 384 378 372 365 368 373 5
1770386333.0146 0 'robobot/drive/T0/vel' 1770386333.0145 92.4980 0.016 0.156 0.6077 0.016 4
1770386333.0151 0 'robobot/drive/T0/mvel' 1770386333.0151 0.016 0.156
1770386333.0158 0 'robobot/drive/T0/gyro' 1770386333.0157 1.869812 -0.564575 42.800964 92.498
1770386333.0159 0 'robobot/drive/T0/acc' 1770386333.0158 0.052246 -0.003662 1.039551 92.498
1770386333.0181 0 'robobot/drive/T0/pose' 1770386333.0180 92.5010 0.664 0.063 0.8477 -3.1039
1770386333.0235 0 'robobot/drive/T0/vel' 1770386333.0234 92.5060 0.050 0.151 0.4382 0.050 4
1770386333.0235 0 'robobot/drive/T0/pose' 1770386333.0235 92.5060 0.664 0.063 0.8477 -3.1036
1770386333.0236 0 'robobot/drive/T0/mvel' 1770386333.0235 0.050 0.151
1770386333.0236 0 'robobot/drive/T0/livn' 1770386333.0235 358 364 373 384 372 363 366 371 5
1770386333.0279 0 'robobot/drive/T0/gyro' 1770386333.0278 3.426208 1.998901 41.610779 92.510
1770386333.0280 0 'robobot/drive/T0/acc' 1770386333.0279 0.038574 -0.016846 0.977051 92.510
1770386333.0281 0 'robobot/drive/T0/pose' 1770386333.0280 92.5110 0.664 0.063 0.8500 -3.1034
1770386333.0281 0 'robobot/drive/T0/mot' 1770386333.0281 0.59 1.4 0.1 0.1 0
1770386333.0282 0 'robobot/drive/T0/mca' 1770386333.0281 0.176 0.180 17
1770386333.0314 0 'robobot/drive/T0/vel' 1770386333.0314 92.5140 0.068 0.158 0.3906 0.068 4
1770386333.0320 0 'robobot/drive/T0/mvel' 1770386333.0320 0.068 0.158
1770386333.0336 0 'robobot/drive/T0/pose' 1770386333.0335 92.5160 0.665 0.064 0.8523 -3.1032
1770386333.0337 0 'robobot/drive/T0/livn' 1770386333.0336 364 360 365 375 375 377 384 382 5
1770386333.0348 0 'robobot/drive/T0/ird' 1770386333.0347 0.721 1.500 3923 1855 1
1770386333.0380 0 'robobot/drive/T0/pose' 1770386333.0380 92.5210 0.665 0.064 0.8535 -3.1032
1770386333.0392 0 'robobot/drive/T0/vel' 1770386333.0391 92.5220 0.073 0.157 0.3618 0.073 4
1770386333.0392 0 'robobot/drive/T0/gyro' 1770386333.0392 0.954285 -2.853394 41.580261 92.522
1770386333.0393 0 'robobot/drive/T0/acc' 1770386333.0392 0.030518 0.000488 0.934082 92.522
1770386333.0394 0 'robobot/drive/T0/mvel' 1770386333.0394 0.073 0.157
1770386333.0436 0 'robobot/drive/T0/pose' 1770386333.0435 92.5260 0.665 0.065 0.8558 -3.1033
1770386333.0437 0 'robobot/drive/T0/livn' 1770386333.0436 367 367 376 368 366 369 373 370 5
1770386333.0448 0 'robobot/drive/T0/hbt' 1770386333.0447 92.5280 107 1033 11.77 4 8 9.0 0.47 0
1770386333.0470 0 'robobot/drive/T0/vel' 1770386333.0469 92.5300 0.070 0.156 0.3731 0.070 4
1770386333.0478 0 'robobot/drive/T0/mvel' 1770386333.0478 0.070 0.156
1770386333.0481 0 'robobot/drive/T0/pose' 1770386333.0481 92.5310 0.666 0.065 0.8581 -3.1031
1770386333.0482 0 'robobot/drive/T0/liv' 1770386333.0481 272 326 355 288 330 356 334 253 25
1770386333.0514 0 'robobot/drive/T0/gyro' 1770386333.0514 2.998962 1.571655 40.634216 92.534
1770386333.0515 0 'robobot/drive/T0/acc' 1770386333.0514 0.085205 0.024414 0.998047 92.534
1770386333.0537 0 'robobot/drive/T0/pose' 1770386333.0536 92.5360 0.666 0.065 0.8616 -3.1028
1770386333.0538 0 'robobot/drive/T0/livn' 1770386333.0537 361 373 381 373 372 374 379 372 5
1770386333.0549 0 'robobot/drive/T0/vel' 1770386333.0549 92.5380 0.064 0.162 0.4282 0.064 4
1770386333.0552 0 'robobot/drive/T0/mvel' 1770386333.0552 0.064 0.162
1770386333.0582 0 'robobot/drive/T0/pose' 1770386333.0581 92.5410 0.666 0.066 0.8650 -3.1026
1770386333.0593 0 'robobot/drive/T0/ird' 1770386333.0593 0.726 1.500 3906 1938 1
1770386333.0615 0 'robobot/drive/T0/mot' 1770386333.0614 0.39 1.3 0.1 0.1 0
1770386333.0615 0 'robobot/drive/T0/mca' 1770386333.0615 0.072 0.178 16
1770386333.0627 0 'robobot/drive/T0/vel' 1770386333.0626 92.5460 0.054 0.158 0.4523 0.054 4
1770386333.0637 0 'robobot/drive/T0/mvel' 1770386333.0636 0.054 0.158
1770386333.0638 0 'robobot/drive/T0/pose' 1770386333.0637 92.5460 0.666 0.066 0.8685 -3.1027
1770386333.0638 0 'robobot/drive/T0/livn' 1770386333.0638 347 376 367 362 363 376 378 370 5
1770386333.0639 0 'robobot/drive/T0/gyro' 1770386333.0639 0.069275 -0.625610 41.885437 92.546
1770386333.0640 0 'robobot/drive/T0/acc' 1770386333.0639 0.049561 0.013428 0.940186 92.546
1770386333.0683 0 'robobot/drive/T0/pose' 1770386333.0682 92.5510 0.667 0.066 0.8720 -3.1028
1770386333.0715 0 'robobot/drive/T0/vel' 1770386333.0715 92.5540 0.043 0.154 0.4798 0.043 4
1770386333.0721 0 'robobot/drive/T0/mvel' 1770386333.0721 0.043 0.154
1770386333.0737 0 'robobot/drive/T0/pose' 1770386333.0736 92.5560 0.667 0.067 0.8755 -3.1029
1770386333.0738 0 'robobot/drive/T0/livn' 1770386333.0737 354 361 364 367 377 374 380 363 5
1770386333.0760 0 'robobot/drive/T0/gyro' 1770386333.0759 2.663269 -0.289917 42.312683 92.558
1770386333.0760 0 'robobot/drive/T0/acc' 1770386333.0760 0.029541 -0.009766 0.978027 92.558
1770386333.0782 0 'robobot/drive/T0/pose' 1770386333.0782 92.5610 0.667 0.067 0.8789 -3.1030
1770386333.0794 0 'robobot/drive/T0/vel' 1770386333.0793 92.5620 0.033 0.156 0.5383 0.033 4
1770386333.0795 0 'robobot/drive/T0/mvel' 1770386333.0794 0.033 0.156
1770386333.0836 0 'robobot/drive/T0/pose' 1770386333.0836 92.5660 0.667 0.067 0.8812 -3.1030
1770386333.0837 0 'robobot/drive/T0/livn' 1770386333.0836 368 354 375 372 372 370 366 351 5
1770386333.0848 0 'robobot/drive/T0/ird' 1770386333.0848 0.776 1.500 3750 1882 1
1770386333.0870 0 'robobot/drive/T0/vel' 1770386333.0869 92.5700 0.026 0.158 0.5733 0.026 4
1770386333.0871 0 'robobot/drive/T0/gyro' 1770386333.0870 0.130310 1.113892 41.671814 92.570
1770386333.0872 0 'robobot/drive/T0/acc' 1770386333.0871 0.008545 -0.013184 1.047607 92.570
1770386333.0879 0 'robobot/drive/T0/mvel' 1770386333.0879 0.026 0.158
1770386333.0883 0 'robobot/drive/T0/pose' 1770386333.0882 92.5710 0.668 0.068 0.8847 -3.1030
1770386333.0937 0 'robobot/drive/T0/pose' 1770386333.0936 92.5760 0.668 0.068 0.8882 -3.1030
1770386333.0937 0 'robobot/drive/T0/livn' 1770386333.0937 364 366 380 373 380 380 370 361 5
1770386333.0949 0 'robobot/drive/T0/mot' 1770386333.0948 0.66 1.3 0.1 0.1 0
1770386333.0949 0 'robobot/drive/T0/mca' 1770386333.0949 0.180 0.166 17
1770386333.0950 0 'robobot/drive/T0/vel' 1770386333.0949 92.5780 0.022 0.163 0.6119 0.022 4
1770386333.0953 0 'robobot/drive/T0/mvel' 1770386333.0953 0.022 0.163
1770386333.0982 0 'robobot/drive/T0/pose' 1770386333.0981 92.5810 0.668 0.068 0.8916 -3.1033
1770386333.0983 0 'robobot/drive/T0/liv' 1770386333.0982 276 329 352 284 333 362 335 248 25
1770386333.0994 0 'robobot/drive/T0/gyro' 1770386333.0993 3.182068 -0.259399 42.099060 92.582
1770386333.0995 0 'robobot/drive/T0/acc' 1770386333.0994 -0.017822 -0.053467 0.971924 92.582
1770386333.1027 0 'robobot/drive/T0/vel' 1770386333.1027 92.5860 0.019 0.162 0.6230 0.019 4
1770386333.1037 0 'robobot/drive/T0/mvel' 1770386333.1037 0.019 0.162
1770386333.1039 0 'robobot/drive/T0/pose' 1770386333.1038 92.5860 0.669 0.069 0.8940 -3.1034
1770386333.1039 0 'robobot/drive/T0/livn' 1770386333.1039 381 378 363 365 383 375 362 356 5
1770386333.1082 0 'robobot/drive/T0/pose' 1770386333.1082 92.5910 0.669 0.069 0.8963 -3.1035
1770386333.1093 0 'robobot/drive/T0/ird' 1770386333.1093 0.793 1.500 3700 1951 1
1770386333.1115 0 'robobot/drive/T0/vel' 1770386333.1115 92.5940 0.018 0.159 0.6155 0.018 4
1770386333.1116 0 'robobot/drive/T0/gyro' 1770386333.1115 1.198425 0.137329 41.641296 92.594
1770386333.1117 0 'robobot/drive/T0/acc' 1770386333.1116 0.059326 0.000244 1.054688 92.594
1770386333.1121 0 'robobot/drive/T0/mvel' 1770386333.1121 0.018 0.159
1770386333.1139 0 'robobot/drive/T0/pose' 1770386333.1138 92.5960 0.669 0.069 0.8974 -3.1034
1770386333.1139 0 'robobot/drive/T0/livn' 1770386333.1139 362 369 371 372 375 372 365 363 5
1770386333.1183 0 'robobot/drive/T0/pose' 1770386333.1182 92.6010 0.670 0.070 0.8997 -3.1033
1770386333.1194 0 'robobot/drive/T0/vel' 1770386333.1193 92.6020 0.038 0.155 0.5107 0.038 4
1770386333.1195 0 'robobot/drive/T0/mvel' 1770386333.1195 0.038 0.155
1770386333.1237 0 'robobot/drive/T0/pose' 1770386333.1236 92.6060 0.670 0.070 0.8997 -3.1032
1770386333.1237 0 'robobot/drive/T0/livn' 1770386333.1237 373 364 368 370 377 368 368 363 5
1770386333.1238 0 'robobot/drive/T0/gyro' 1770386333.1237 3.700867 0.411987 41.336121 92.606
1770386333.1239 0 'robobot/drive/T0/acc' 1770386333.1238 0.052734 0.015137 0.982910 92.606
1770386333.1271 0 'robobot/drive/T0/vel' 1770386333.1270 92.6100 0.082 0.153 0.3049 0.082 4
1770386333.1272 0 'robobot/drive/T0/mot' 1770386333.1271 0.68 1.3 0.1 0.1 0
1770386333.1272 0 'robobot/drive/T0/mca' 1770386333.1272 0.154 0.158 16
1770386333.1279 0 'robobot/drive/T0/mvel' 1770386333.1279 0.082 0.153
1770386333.1284 0 'robobot/drive/T0/pose' 1770386333.1283 92.6110 0.671 0.071 0.9021 -3.1032
1770386333.1337 0 'robobot/drive/T0/pose' 1770386333.1336 92.6160 0.671 0.071 0.9032 -3.1031
1770386333.1338 0 'robobot/drive/T0/livn' 1770386333.1337 370 373 372 368 374 372 374 375 5
1770386333.1349 0 'robobot/drive/T0/ird' 1770386333.1349 0.929 1.500 3377 2036 1
1770386333.1350 0 'robobot/drive/T0/vel' 1770386333.1349 92.6180 0.088 0.150 0.2714 0.088 4
1770386333.1351 0 'robobot/drive/T0/gyro' 1770386333.1350 0.588074 -0.503540 41.214050 92.618
1770386333.1351 0 'robobot/drive/T0/acc' 1770386333.1351 0.045410 0.020264 0.888428 92.618
1770386333.1353 0 'robobot/drive/T0/mvel' 1770386333.1353 0.088 0.150
1770386333.1384 0 'robobot/drive/T0/pose' 1770386333.1383 92.6210 0.671 0.072 0.9055 -3.1029
1770386333.1428 0 'robobot/drive/T0/vel' 1770386333.1427 92.6260 0.081 0.151 0.3033 0.081 4
1770386333.1431 0 'robobot/drive/T0/pose' 1770386333.1429 92.6260 0.671 0.072 0.9078 -3.1027
1770386333.1432 0 'robobot/drive/T0/mvel' 1770386333.1430 0.081 0.151
1770386333.1432 0 'robobot/drive/T0/livn' 1770386333.1431 353 367 369 374 363 366 364 371 5
1770386333.1475 0 'robobot/drive/T0/gyro' 1770386333.1474 5.287781 0.411987 36.941589 92.630
1770386333.1476 0 'robobot/drive/T0/acc' 1770386333.1475 0.092773 0.049805 1.141846 92.630
1770386333.1487 0 'robobot/drive/T0/pose' 1770386333.1487 92.6310 0.672 0.073 0.9102 -3.1024
1770386333.1488 0 'robobot/drive/T0/liv' 1770386333.1487 276 329 351 284 331 357 330 249 25
1770386333.1510 0 'robobot/drive/T0/vel' 1770386333.1509 92.6340 0.072 0.159 0.3781 0.072 4
1770386333.1516 0 'robobot/drive/T0/mvel' 1770386333.1516 0.072 0.159
1770386333.1532 0 'robobot/drive/T0/pose' 1770386333.1531 92.6360 0.672 0.073 0.9136 -3.1024
1770386333.1533 0 'robobot/drive/T0/livn' 1770386333.1532 356 367 372 365 376 377 370 351 5
1770386333.1586 0 'robobot/drive/T0/pose' 1770386333.1586 92.6410 0.672 0.073 0.9171 -3.1023
1770386333.1587 0 'robobot/drive/T0/vel' 1770386333.1586 92.6420 0.058 0.154 0.4164 0.058 4
1770386333.1590 0 'robobot/drive/T0/mvel' 1770386333.1590 0.058 0.154
1770386333.1598 0 'robobot/drive/T0/gyro' 1770386333.1598 0.588074 1.510620 40.451111 92.642
1770386333.1599 0 'robobot/drive/T0/acc' 1770386333.1598 0.063965 0.020752 0.951172 92.642
1770386333.1600 0 'robobot/drive/T0/ird' 1770386333.1599 0.920 1.500 3395 2132 1
1770386333.1600 0 'robobot/drive/T0/mot' 1770386333.1600 0.37 1.3 0.1 0.1 0
1770386333.1601 0 'robobot/drive/T0/mca' 1770386333.1600 0.109 0.181 17
1770386333.1633 0 'robobot/drive/T0/pose' 1770386333.1632 92.6460 0.672 0.073 0.9194 -3.1022
1770386333.1634 0 'robobot/drive/T0/livn' 1770386333.1633 367 359 378 386 372 368 356 349 5
1770386333.1667 0 'robobot/drive/T0/vel' 1770386333.1666 92.6500 0.046 0.149 0.4478 0.046 4
1770386333.1675 0 'robobot/drive/T0/mvel' 1770386333.1675 0.046 0.149
1770386333.1689 0 'robobot/drive/T0/pose' 1770386333.1688 92.6510 0.673 0.074 0.9240 -3.1023
1770386333.1711 0 'robobot/drive/T0/gyro' 1770386333.1710 3.609314 -0.045776 41.580261 92.654
1770386333.1711 0 'robobot/drive/T0/acc' 1770386333.1711 0.019531 -0.004639 0.979248 92.654
1770386333.1733 0 'robobot/drive/T0/pose' 1770386333.1732 92.6560 0.673 0.074 0.9263 -3.1024
1770386333.1734 0 'robobot/drive/T0/livn' 1770386333.1733 372 369 376 382 382 374 371 360 5
1770386333.1756 0 'robobot/drive/T0/vel' 1770386333.1755 92.6580 0.034 0.153 0.5199 0.034 4
1770386333.1759 0 'robobot/drive/T0/mvel' 1770386333.1759 0.034 0.153
1770386333.1788 0 'robobot/drive/T0/pose' 1770386333.1787 92.6610 0.673 0.075 0.9310 -3.1025
1770386333.1831 0 'robobot/drive/T0/vel' 1770386333.1831 92.6660 0.027 0.161 0.5797 0.027 4
1770386333.1832 0 'robobot/drive/T0/pose' 1770386333.1831 92.6660 0.673 0.075 0.9333 -3.1026
1770386333.1833 0 'robobot/drive/T0/livn' 1770386333.1832 379 378 369 366 369 386 382 360 5
1770386333.1833 0 'robobot/drive/T0/mvel' 1770386333.1833 0.027 0.161
1770386333.1833 0 'robobot/drive/T0/gyro' 1770386333.1833 0.435486 -0.015259 42.831482 92.666
1770386333.1834 0 'robobot/drive/T0/acc' 1770386333.1833 0.029541 -0.028564 1.028076 92.666
1770386333.1845 0 'robobot/drive/T0/ird' 1770386333.1845 0.891 1.500 3458 2134 1
1770386333.1888 0 'robobot/drive/T0/pose' 1770386333.1887 92.6710 0.674 0.075 0.9379 -3.1026
1770386333.1910 0 'robobot/drive/T0/vel' 1770386333.1909 92.6740 0.022 0.157 0.5861 0.022 4
1770386333.1918 0 'robobot/drive/T0/mvel' 1770386333.1917 0.022 0.157
1770386333.1932 0 'robobot/drive/T0/pose' 1770386333.1931 92.6760 0.674 0.075 0.9402 -3.1027
1770386333.1933 0 'robobot/drive/T0/livn' 1770386333.1932 372 365 371 368 382 377 371 361 5
1770386333.1933 0 'robobot/drive/T0/mot' 1770386333.1933 0.66 1.3 0.1 0.1 0
1770386333.1934 0 'robobot/drive/T0/mca' 1770386333.1933 0.175 0.175 16
1770386333.1955 0 'robobot/drive/T0/gyro' 1770386333.1955 4.250183 2.700806 43.869080 92.678
1770386333.1956 0 'robobot/drive/T0/acc' 1770386333.1956 0.018555 -0.029297 1.027100 92.678
1770386333.1989 0 'robobot/drive/T0/pose' 1770386333.1988 92.6810 0.674 0.076 0.9437 -3.1027
1770386333.1990 0 'robobot/drive/T0/liv' 1770386333.1989 282 328 353 289 333 360 330 245 25
1770386333.1990 0 'robobot/drive/T0/vel' 1770386333.1990 92.6820 0.019 0.148 0.5620 0.019 4
1770386333.1991 0 'robobot/drive/T0/mvel' 1770386333.1991 0.019 0.148
1770386333.2033 0 'robobot/drive/T0/pose' 1770386333.2032 92.6860 0.674 0.076 0.9472 -3.1027
1770386333.2034 0 'robobot/drive/T0/livn' 1770386333.2033 370 364 368 375 374 369 361 368 5
1770386333.2067 0 'robobot/drive/T0/vel' 1770386333.2066 92.6900 0.017 0.154 0.5967 0.017 4
1770386333.2076 0 'robobot/drive/T0/mvel' 1770386333.2075 0.017 0.154
1770386333.2078 0 'robobot/drive/T0/gyro' 1770386333.2077 1.167908 -0.076294 42.770447 92.690
1770386333.2079 0 'robobot/drive/T0/acc' 1770386333.2078 0.018799 0.000732 0.984131 92.690
1770386333.2079 0 'robobot/drive/T0/pose' 1770386333.2079 92.6910 0.675 0.076 0.9495 -3.1028
1770386333.2101 0 'robobot/drive/T0/ird' 1770386333.2101 0.946 1.500 3343 1942 1
1770386333.2134 0 'robobot/drive/T0/pose' 1770386333.2133 92.6960 0.675 0.077 0.9529 -3.1029
1770386333.2134 0 'robobot/drive/T0/livn' 1770386333.2134 374 367 375 378 388 376 367 364 5
1770386333.2156 0 'robobot/drive/T0/vel' 1770386333.2155 92.6980 0.015 0.161 0.6364 0.015 4
1770386333.2160 0 'robobot/drive/T0/mvel' 1770386333.2160 0.015 0.161
1770386333.2189 0 'robobot/drive/T0/pose' 1770386333.2188 92.7010 0.675 0.077 0.9553 -3.1028
1770386333.2200 0 'robobot/drive/T0/gyro' 1770386333.2199 3.243103 -0.473022 42.648376 92.702
1770386333.2201 0 'robobot/drive/T0/acc' 1770386333.2200 0.076416 0.029785 1.018066 92.702
1770386333.2233 0 'robobot/drive/T0/vel' 1770386333.2232 92.7060 0.014 0.153 0.6066 0.014 4
1770386333.2234 0 'robobot/drive/T0/mvel' 1770386333.2234 0.014 0.153
1770386333.2234 0 'robobot/drive/T0/pose' 1770386333.2233 92.7060 0.675 0.078 0.9564 -3.1026
1770386333.2235 0 'robobot/drive/T0/livn' 1770386333.2234 379 361 358 378 393 385 355 346 5
1770386333.2267 0 'robobot/drive/T0/mot' 1770386333.2266 0.84 1.3 0.1 0.1 0
1770386333.2267 0 'robobot/drive/T0/mca' 1770386333.2267 0.228 0.177 17
1770386333.2279 0 'robobot/drive/T0/pose' 1770386333.2278 92.7110 0.676 0.078 0.9587 -3.1024
1770386333.2311 0 'robobot/drive/T0/vel' 1770386333.2311 92.7140 0.024 0.147 0.5351 0.024 4
1770386333.2312 0 'robobot/drive/T0/gyro' 1770386333.2311 0.466003 1.174927 40.298523 92.714
1770386333.2313 0 'robobot/drive/T0/acc' 1770386333.2312 0.066406 0.057373 0.933105 92.714
1770386333.2318 0 'robobot/drive/T0/mvel' 1770386333.2318 0.024 0.147
1770386333.2335 0 'robobot/drive/T0/pose' 1770386333.2334 92.7160 0.676 0.079 0.9599 -3.1022
1770386333.2335 0 'robobot/drive/T0/livn' 1770386333.2335 368 358 363 381 390 383 364 354 5
1770386333.2346 0 'robobot/drive/T0/ird' 1770386333.2346 0.935 1.500 3365 2002 1
1770386333.2379 0 'robobot/drive/T0/pose' 1770386333.2378 92.7210 0.677 0.079 0.9610 -3.1021
1770386333.2390 0 'robobot/drive/T0/vel' 1770386333.2390 92.7220 0.073 0.154 0.3522 0.073 4
1770386333.2392 0 'robobot/drive/T0/mvel' 1770386333.2392 0.073 0.154
1770386333.2433 0 'robobot/drive/T0/pose' 1770386333.2432 92.7260 0.677 0.079 0.9633 -3.1019
1770386333.2434 0 'robobot/drive/T0/livn' 1770386333.2433 361 365 366 372 373 363 358 353 5
1770386333.2435 0 'robobot/drive/T0/gyro' 1770386333.2434 3.182068 -0.839233 39.596619 92.726
1770386333.2435 0 'robobot/drive/T0/acc' 1770386333.2435 0.085938 0.031250 0.950195 92.726
1770386333.2468 0 'robobot/drive/T0/vel' 1770386333.2467 92.7300 0.087 0.153 0.2869 0.087 4
1770386333.2476 0 'robobot/drive/T0/mvel' 1770386333.2476 0.087 0.153
1770386333.2479 0 'robobot/drive/T0/pose' 1770386333.2478 92.7310 0.677 0.080 0.9645 -3.1019
1770386333.2480 0 'robobot/drive/T0/liv' 1770386333.2479 282 324 348 290 343 363 323 242 25
1770386333.2533 0 'robobot/drive/T0/pose' 1770386333.2532 92.7360 0.677 0.080 0.9657 -3.1018
1770386333.2534 0 'robobot/drive/T0/livn' 1770386333.2533 377 363 367 374 379 375 361 353 5
1770386333.2556 0 'robobot/drive/T0/vel' 1770386333.2555 92.7380 0.082 0.150 0.2935 0.082 4
1770386333.2557 0 'robobot/drive/T0/gyro' 1770386333.2556 0.527039 -0.320435 36.697449 92.738
1770386333.2557 0 'robobot/drive/T0/acc' 1770386333.2557 0.099121 0.062256 1.012695 92.738
1770386333.2561 0 'robobot/drive/T0/mvel' 1770386333.2560 0.082 0.150
1770386333.2579 0 'robobot/drive/T0/pose' 1770386333.2578 92.7410 0.678 0.081 0.9691 -3.1016
1770386333.2590 0 'robobot/drive/T0/mot' 1770386333.2590 0.31 1.4 0.1 0.1 0
1770386333.2591 0 'robobot/drive/T0/mca' 1770386333.2590 0.121 0.196 16
1770386333.2602 0 'robobot/drive/T0/ird' 1770386333.2601 0.907 1.500 3423 1909 1
1770386333.2634 0 'robobot/drive/T0/vel' 1770386333.2633 92.7460 0.074 0.158 0.3616 0.074 4
1770386333.2634 0 'robobot/drive/T0/mvel' 1770386333.2634 0.074 0.158
1770386333.2635 0 'robobot/drive/T0/pose' 1770386333.2634 92.7460 0.678 0.081 0.9703 -3.1016
1770386333.2636 0 'robobot/drive/T0/livn' 1770386333.2635 368 365 369 372 366 365 373 372 5
1770386333.2679 0 'robobot/drive/T0/gyro' 1770386333.2678 2.388611 1.327515 38.009705 92.750
1770386333.2679 0 'robobot/drive/T0/acc' 1770386333.2679 -0.000488 -0.045898 0.949951 92.750
1770386333.2680 0 'robobot/drive/T0/pose' 1770386333.2679 92.7510 0.678 0.082 0.9749 -3.1017
1770386333.2713 0 'robobot/drive/T0/vel' 1770386333.2712 92.7540 0.063 0.154 0.3977 0.063 4
1770386333.2719 0 'robobot/drive/T0/mvel' 1770386333.2718 0.063 0.154
1770386333.2734 0 'robobot/drive/T0/pose' 1770386333.2734 92.7560 0.678 0.082 0.9772 -3.1018
1770386333.2735 0 'robobot/drive/T0/livn' 1770386333.2735 371 369 363 386 375 369 367 366 5
1770386333.2789 0 'robobot/drive/T0/pose' 1770386333.2788 92.7610 0.679 0.082 0.9807 -3.1022
1770386333.2789 0 'robobot/drive/T0/vel' 1770386333.2789 92.7620 0.048 0.147 0.4307 0.048 4
1770386333.2791 0 'robobot/drive/T0/gyro' 1770386333.2790 -0.327454 -0.747681 40.512146 92.762
1770386333.2791 0 'robobot/drive/T0/acc' 1770386333.2791 -0.002686 -0.033203 1.013672 92.762
1770386333.2793 0 'robobot/drive/T0/mvel' 1770386333.2793 0.048 0.147
1770386333.2834 0 'robobot/drive/T0/pose' 1770386333.2834 92.7660 0.679 0.083 0.9842 -3.1025
1770386333.2835 0 'robobot/drive/T0/livn' 1770386333.2834 370 367 367 373 371 361 369 367 5
1770386333.2846 0 'robobot/drive/T0/ird' 1770386333.2846 0.890 1.500 3460 1951 1
1770386333.2868 0 'robobot/drive/T0/vel' 1770386333.2867 92.7700 0.040 0.158 0.5157 0.040 4
1770386333.2877 0 'robobot/drive/T0/mvel' 1770386333.2877 0.040 0.158
1770386333.2879 0 'robobot/drive/T0/pose' 1770386333.2879 92.7710 0.679 0.083 0.9876 -3.1027
1770386333.2912 0 'robobot/drive/T0/gyro' 1770386333.2911 2.449646 -0.411987 42.465271 92.774
1770386333.2912 0 'robobot/drive/T0/acc' 1770386333.2912 -0.036865 -0.074707 1.021484 92.774
1770386333.2924 0 'robobot/drive/T0/mot' 1770386333.2923 0.53 1.3 0.1 0.1 0
1770386333.2924 0 'robobot/drive/T0/mca' 1770386333.2924 0.143 0.190 17
1770386333.2935 0 'robobot/drive/T0/pose' 1770386333.2935 92.7760 0.679 0.083 0.9911 -3.1029
1770386333.2936 0 'robobot/drive/T0/livn' 1770386333.2935 380 367 367 375 375 371 364 362 5
1770386333.2947 0 'robobot/drive/T0/vel' 1770386333.2947 92.7780 0.029 0.160 0.5703 0.029 4
1770386333.2951 0 'robobot/drive/T0/mvel' 1770386333.2951 0.029 0.160
1770386333.2980 0 'robobot/drive/T0/pose' 1770386333.2979 92.7810 0.680 0.084 0.9946 -3.1031
1770386333.2980 0 'robobot/drive/T0/liv' 1770386333.2980 284 327 348 290 331 354 330 248 25
1770386333.3034 0 'robobot/drive/T0/vel' 1770386333.3033 92.7860 0.025 0.154 0.5621 0.025 4
1770386333.3035 0 'robobot/drive/T0/pose' 1770386333.3034 92.7860 0.680 0.084 0.9969 -3.1033
1770386333.3035 0 'robobot/drive/T0/mvel' 1770386333.3035 0.025 0.154
1770386333.3035 0 'robobot/drive/T0/livn' 1770386333.3035 378 367 368 373 376 369 365 351 5
1770386333.3036 0 'robobot/drive/T0/gyro' 1770386333.3036 0.435486 0.350952 44.540466 92.786
1770386333.3037 0 'robobot/drive/T0/acc' 1770386333.3036 -0.080811 -0.050537 1.092285 92.786
1770386333.3080 0 'robobot/drive/T0/pose' 1770386333.3079 92.7910 0.680 0.084 1.0015 -3.1035
1770386333.3102 0 'robobot/drive/T0/ird' 1770386333.3101 0.890 1.500 3460 1923 1
1770386333.3113 0 'robobot/drive/T0/vel' 1770386333.3112 92.7940 0.020 0.154 0.5815 0.020 4
1770386333.3120 0 'robobot/drive/T0/mvel' 1770386333.3120 0.020 0.154
1770386333.3135 0 'robobot/drive/T0/pose' 1770386333.3134 92.7960 0.680 0.084 1.0038 -3.1035
1770386333.3136 0 'robobot/drive/T0/livn' 1770386333.3135 370 373 376 381 383 369 364 361 5
1770386333.3158 0 'robobot/drive/T0/gyro' 1770386333.3157 3.731384 0.106812 43.747009 92.798
1770386333.3158 0 'robobot/drive/T0/acc' 1770386333.3158 0.011230 -0.014648 0.975098 92.799
1770386333.3180 0 'robobot/drive/T0/pose' 1770386333.3180 92.8010 0.681 0.085 1.0073 -3.1037
1770386333.3192 0 'robobot/drive/T0/vel' 1770386333.3191 92.8020 0.018 0.153 0.5860 0.018 4
1770386333.3193 0 'robobot/drive/T0/mvel' 1770386333.3193 0.018 0.153
1770386333.3235 0 'robobot/drive/T0/pose' 1770386333.3234 92.8060 0.681 0.085 1.0085 -3.1037
1770386333.3235 0 'robobot/drive/T0/livn' 1770386333.3235 372 371 371 360 371 364 366 369 5
1770386333.3257 0 'robobot/drive/T0/mot' 1770386333.3256 0.77 1.4 0.1 0.1 0
1770386333.3257 0 'robobot/drive/T0/mca' 1770386333.3257 0.213 0.178 16
1770386333.3269 0 'robobot/drive/T0/vel' 1770386333.3268 92.8100 0.016 0.157 0.6164 0.016 4
1770386333.3278 0 'robobot/drive/T0/mvel' 1770386333.3277 0.016 0.157
1770386333.3280 0 'robobot/drive/T0/gyro' 1770386333.3279 0.954285 -2.182007 43.106140 92.810
1770386333.3281 0 'robobot/drive/T0/acc' 1770386333.3280 0.062744 0.009033 0.993652 92.811
1770386333.3282 0 'robobot/drive/T0/pose' 1770386333.3281 92.8110 0.681 0.086 1.0119 -3.1037
1770386333.3335 0 'robobot/drive/T0/pose' 1770386333.3334 92.8160 0.681 0.086 1.0131 -3.1037
1770386333.3336 0 'robobot/drive/T0/livn' 1770386333.3335 376 376 374 369 376 371 368 362 5
1770386333.3347 0 'robobot/drive/T0/ird' 1770386333.3347 0.839 1.500 3580 1870 1
1770386333.3348 0 'robobot/drive/T0/vel' 1770386333.3347 92.8180 0.015 0.158 0.6206 0.015 4
1770386333.3351 0 'robobot/drive/T0/mvel' 1770386333.3351 0.015 0.158
1770386333.3381 0 'robobot/drive/T0/pose' 1770386333.3380 92.8210 0.682 0.087 1.0142 -3.1035
1770386333.3392 0 'robobot/drive/T0/gyro' 1770386333.3391 3.395691 1.663208 41.702332 92.822
1770386333.3393 0 'robobot/drive/T0/acc' 1770386333.3392 0.058594 0.006348 1.007080 92.823
1770386333.3437 0 'robobot/drive/T0/vel' 1770386333.3436 92.8260 0.066 0.150 0.3641 0.066 4
1770386333.3438 0 'robobot/drive/T0/pose' 1770386333.3437 92.8260 0.682 0.087 1.0165 -3.1032
1770386333.3439 0 'robobot/drive/T0/livn' 1770386333.3438 378 373 375 380 370 363 359 359 5
1770386333.3447 0 'robobot/drive/T0/mvel' 1770386333.3446 0.066 0.150
1770386333.3482 0 'robobot/drive/T0/pose' 1770386333.3481 92.8310 0.682 0.088 1.0177 -3.1029
1770386333.3483 0 'robobot/drive/T0/liv' 1770386333.3482 284 334 355 287 332 352 326 248 25
1770386333.3515 0 'robobot/drive/T0/vel' 1770386333.3515 92.8340 0.085 0.150 0.2845 0.085 4
1770386333.3516 0 'robobot/drive/T0/gyro' 1770386333.3515 0.954285 -0.167847 40.878357 92.834
1770386333.3517 0 'robobot/drive/T0/acc' 1770386333.3516 0.058594 0.018311 0.843506 92.835
1770386333.3521 0 'robobot/drive/T0/mvel' 1770386333.3521 0.085 0.150
1770386333.3539 0 'robobot/drive/T0/pose' 1770386333.3538 92.8360 0.683 0.088 1.0200 -3.1027
1770386333.3540 0 'robobot/drive/T0/livn' 1770386333.3539 379 368 377 380 372 363 360 370 5
1770386333.3546 0 'robobot/drive/master' 1770386333.3546 2026-02-06 14:58:48.828247
1770386333.3583 0 'robobot/drive/T0/pose' 1770386333.3582 92.8410 0.683 0.089 1.0212 -3.1023
1770386333.3584 0 'robobot/drive/T0/mot' 1770386333.3583 0.34 1.4 0.1 0.1 0
1770386333.3584 0 'robobot/drive/T0/mca' 1770386333.3584 0.123 0.190 17
1770386333.3596 0 'robobot/drive/T0/vel' 1770386333.3595 92.8420 0.087 0.157 0.3060 0.087 4
1770386333.3596 0 'robobot/drive/T0/ird' 1770386333.3596 0.788 1.500 3715 1706 1
1770386333.3606 0 'robobot/drive/T0/mvel' 1770386333.3605 0.087 0.157
1770386333.3640 0 'robobot/drive/T0/pose' 1770386333.3639 92.8460 0.683 0.089 1.0223 -3.1022
1770386333.3640 0 'robobot/drive/T0/livn' 1770386333.3640 384 359 370 368 367 363 371 363 5
1770386333.3641 0 'robobot/drive/T0/gyro' 1770386333.3640 2.937927 -0.259399 36.880554 92.846
1770386333.3642 0 'robobot/drive/T0/acc' 1770386333.3641 0.112061 0.077637 1.069580 92.847
1770386333.3674 0 'robobot/drive/T0/vel' 1770386333.3673 92.8500 0.079 0.155 0.3280 0.079 4
1770386333.3680 0 'robobot/drive/T0/mvel' 1770386333.3679 0.079 0.155
1770386333.3686 0 'robobot/drive/T0/pose' 1770386333.3685 92.8510 0.683 0.090 1.0258 -3.1017
1770386333.3739 0 'robobot/drive/T0/pose' 1770386333.3739 92.8560 0.684 0.090 1.0281 -3.1017
1770386333.3740 0 'robobot/drive/T0/livn' 1770386333.3739 379 367 368 378 369 366 365 364 5
1770386333.3752 0 'robobot/drive/T0/vel' 1770386333.3751 92.8580 0.069 0.147 0.3386 0.069 4
1770386333.3752 0 'robobot/drive/T0/gyro' 1770386333.3752 -0.144348 2.914429 38.162292 92.858
1770386333.3753 0 'robobot/drive/T0/acc' 1770386333.3752 0.031982 -0.047119 0.851562 92.859
1770386333.3754 0 'robobot/drive/T0/mvel' 1770386333.3754 0.069 0.147
1770386333.3786 0 'robobot/drive/T0/pose' 1770386333.3785 92.8610 0.684 0.090 1.0316 -3.1016
1770386333.3829 0 'robobot/drive/T0/vel' 1770386333.3828 92.8660 0.052 0.151 0.4329 0.052 4
1770386333.3830 0 'robobot/drive/T0/pose' 1770386333.3829 92.8660 0.684 0.091 1.0339 -3.1017
1770386333.3830 0 'robobot/drive/T0/livn' 1770386333.3830 378 363 361 366 362 365 361 368 5
1770386333.3838 0 'robobot/drive/T0/mvel' 1770386333.3838 0.052 0.151
1770386333.3852 0 'robobot/drive/T0/ird' 1770386333.3852 0.793 1.500 3700 1525 1
1770386333.3874 0 'robobot/drive/T0/gyro' 1770386333.3874 1.808777 -2.670288 40.664734 92.870
1770386333.3875 0 'robobot/drive/T0/acc' 1770386333.3874 0.012695 -0.044922 1.079590 92.871
1770386333.3887 0 'robobot/drive/T0/pose' 1770386333.3886 92.8710 0.684 0.091 1.0385 -3.1022
1770386333.3909 0 'robobot/drive/T0/vel' 1770386333.3908 92.8740 0.041 0.154 0.4912 0.041 4
1770386333.3910 0 'robobot/drive/T0/mot' 1770386333.3909 0.43 1.4 0.1 0.1 0
1770386333.3910 0 'robobot/drive/T0/mca' 1770386333.3910 0.113 0.206 16
1770386333.3912 0 'robobot/drive/T0/mvel' 1770386333.3912 0.041 0.154
1770386333.3932 0 'robobot/drive/T0/pose' 1770386333.3931 92.8760 0.684 0.091 1.0408 -3.1023
1770386333.3933 0 'robobot/drive/T0/livn' 1770386333.3932 372 367 373 381 371 367 366 379 5
1770386333.3986 0 'robobot/drive/T0/liv' 1770386333.3986 287 327 350 287 327 353 327 252 25
1770386333.3987 0 'robobot/drive/T0/pose' 1770386333.3986 92.8810 0.685 0.092 1.0455 -3.1026
1770386333.3988 0 'robobot/drive/T0/vel' 1770386333.3987 92.8820 0.031 0.160 0.5617 0.031 4
1770386333.3997 0 'robobot/drive/T0/mvel' 1770386333.3997 0.031 0.160
1770386333.3999 0 'robobot/drive/T0/gyro' 1770386333.3999 0.710144 0.473022 42.526306 92.882
1770386333.4000 0 'robobot/drive/T0/acc' 1770386333.3999 0.014648 -0.108154 1.015625 92.883
1770386333.4033 0 'robobot/drive/T0/pose' 1770386333.4032 92.8860 0.685 0.092 1.0478 -3.1026
1770386333.4034 0 'robobot/drive/T0/livn' 1770386333.4033 374 366 372 372 371 373 364 374 5
1770386333.4066 0 'robobot/drive/T0/vel' 1770386333.4065 92.8900 0.025 0.160 0.5880 0.025 4
1770386333.4071 0 'robobot/drive/T0/mvel' 1770386333.4071 0.025 0.160
1770386333.4088 0 'robobot/drive/T0/pose' 1770386333.4087 92.8910 0.685 0.093 1.0512 -3.1026
1770386333.4100 0 'robobot/drive/T0/ird' 1770386333.4099 0.850 1.500 3553 1540 1
1770386333.4111 0 'robobot/drive/T0/gyro' 1770386333.4110 1.595154 -0.228882 44.021667 92.894
1770386333.4123 0 'robobot/drive/T0/acc' 1770386333.4122 0.014648 -0.041504 0.964111 92.895
1770386333.4134 0 'robobot/drive/T0/pose' 1770386333.4133 92.8960 0.685 0.093 1.0536 -3.1027
1770386333.4135 0 'robobot/drive/T0/livn' 1770386333.4134 379 367 363 367 376 369 361 355 5
1770386333.4146 0 'robobot/drive/T0/vel' 1770386333.4145 92.8980 0.020 0.155 0.5864 0.020 4
1770386333.4156 0 'robobot/drive/T0/mvel' 1770386333.4155 0.020 0.155
1770386333.4189 0 'robobot/drive/T0/pose' 1770386333.4189 92.9010 0.686 0.093 1.0570 -3.1027
1770386333.4233 0 'robobot/drive/T0/vel' 1770386333.4232 92.9060 0.019 0.154 0.5898 0.019 4
1770386333.4233 0 'robobot/drive/T0/pose' 1770386333.4233 92.9060 0.686 0.094 1.0582 -3.1027
1770386333.4234 0 'robobot/drive/T0/livn' 1770386333.4233 372 367 366 373 376 374 362 352 5
1770386333.4235 0 'robobot/drive/T0/gyro' 1770386333.4234 1.991882 -0.350952 43.045105 92.906
1770386333.4240 0 'robobot/drive/T0/mvel' 1770386333.4240 0.019 0.154
1770386333.4246 0 'robobot/drive/T0/acc' 1770386333.4245 0.026367 -0.038330 1.020752 92.907
1770386333.4247 0 'robobot/drive/T0/mot' 1770386333.4246 0.71 1.3 0.1 0.1 0
1770386333.4247 0 'robobot/drive/T0/mca' 1770386333.4247 0.175 0.180 17
1770386333.4280 0 'robobot/drive/T0/pose' 1770386333.4279 92.9110 0.686 0.094 1.0605 -3.1026
1770386333.4312 0 'robobot/drive/T0/vel' 1770386333.4312 92.9140 0.039 0.156 0.5094 0.039 4
1770386333.4314 0 'robobot/drive/T0/mvel' 1770386333.4314 0.039 0.156
1770386333.4334 0 'robobot/drive/T0/pose' 1770386333.4334 92.9160 0.686 0.095 1.0617 -3.1024
1770386333.4335 0 'robobot/drive/T0/livn' 1770386333.4334 362 357 374 372 376 368 363 362 5
1770386333.4347 0 'robobot/drive/T0/ird' 1770386333.4346 0.987 1.500 3265 1644 1
1770386333.4358 0 'robobot/drive/T0/gyro' 1770386333.4357 1.473083 1.968384 41.671814 92.918
1770386333.4359 0 'robobot/drive/T0/acc' 1770386333.4358 0.025635 -0.002441 1.006836 92.919
1770386333.4381 0 'robobot/drive/T0/pose' 1770386333.4380 92.9210 0.687 0.095 1.0640 -3.1022
1770386333.4392 0 'robobot/drive/T0/vel' 1770386333.4391 92.9220 0.060 0.158 0.4276 0.060 4
1770386333.4399 0 'robobot/drive/T0/mvel' 1770386333.4399 0.060 0.158
1770386333.4435 0 'robobot/drive/T0/pose' 1770386333.4435 92.9260 0.687 0.096 1.0663 -3.1021
1770386333.4436 0 'robobot/drive/T0/livn' 1770386333.4435 372 360 369 372 372 368 366 360 5
1770386333.4469 0 'robobot/drive/T0/vel' 1770386333.4468 92.9300 0.068 0.157 0.3872 0.068 4
1770386333.4470 0 'robobot/drive/T0/gyro' 1770386333.4469 1.564636 -2.243042 41.976990 92.930
1770386333.4473 0 'robobot/drive/T0/mvel' 1770386333.4473 0.068 0.157
1770386333.4481 0 'robobot/drive/T0/acc' 1770386333.4480 0.043213 0.013916 0.938965 92.931
1770386333.4483 0 'robobot/drive/T0/liv' 1770386333.4481 283 325 349 286 333 356 325 244 25
1770386333.4484 0 'robobot/drive/T0/pose' 1770386333.4483 92.9310 0.687 0.096 1.0686 -3.1023
1770386333.4537 0 'robobot/drive/T0/pose' 1770386333.4537 92.9360 0.687 0.097 1.0697 -3.1023
1770386333.4538 0 'robobot/drive/T0/livn' 1770386333.4537 387 368 369 372 378 366 362 348 5
1770386333.4550 0 'robobot/drive/T0/vel' 1770386333.4549 92.9380 0.065 0.155 0.3892 0.065 4
1770386333.4558 0 'robobot/drive/T0/mvel' 1770386333.4558 0.065 0.155
1770386333.4571 0 'robobot/drive/T0/mot' 1770386333.4571 0.39 1.3 0.1 0.1 0
1770386333.4572 0 'robobot/drive/T0/mca' 1770386333.4571 0.124 0.182 16
1770386333.4583 0 'robobot/drive/T0/pose' 1770386333.4583 92.9410 0.688 0.097 1.0721 -3.1022
1770386333.4595 0 'robobot/drive/T0/gyro' 1770386333.4594 0.466003 -0.808716 40.206970 92.942
1770386333.4595 0 'robobot/drive/T0/ird' 1770386333.4595 1.108 1.500 3071 1723 1
1770386333.4607 0 'robobot/drive/T0/acc' 1770386333.4606 0.166748 0.080078 1.055420 92.943
1770386333.4629 0 'robobot/drive/T0/vel' 1770386333.4628 92.9460 0.061 0.159 0.4224 0.061 4
1770386333.4630 0 'robobot/drive/T0/pose' 1770386333.4629 92.9460 0.688 0.098 1.0744 -3.1019
1770386333.4630 0 'robobot/drive/T0/livn' 1770386333.4630 378 363 368 369 377 360 362 361 5
1770386333.4632 0 'robobot/drive/T0/mvel' 1770386333.4632 0.061 0.159
1770386333.4684 0 'robobot/drive/T0/pose' 1770386333.4683 92.9510 0.688 0.098 1.0778 -3.1017
1770386333.4706 0 'robobot/drive/T0/vel' 1770386333.4705 92.9540 0.058 0.158 0.4319 0.058 4
1770386333.4716 0 'robobot/drive/T0/mvel' 1770386333.4716 0.058 0.158
1770386333.4718 0 'robobot/drive/T0/gyro' 1770386333.4717 0.832214 -0.045776 41.488708 92.954
1770386333.4719 0 'robobot/drive/T0/acc' 1770386333.4718 0.019287 -0.045166 0.944092 92.955
1770386333.4731 0 'robobot/drive/T0/pose' 1770386333.4730 92.9560 0.688 0.098 1.0813 -3.1019
1770386333.4732 0 'robobot/drive/T0/livn' 1770386333.4731 375 370 367 371 377 370 364 349 5
1770386333.4786 0 'robobot/drive/T0/pose' 1770386333.4785 92.9610 0.688 0.099 1.0848 -3.1019
1770386333.4787 0 'robobot/drive/T0/vel' 1770386333.4786 92.9620 0.049 0.150 0.4403 0.049 4
1770386333.4790 0 'robobot/drive/T0/mvel' 1770386333.4790 0.049 0.150
1770386333.4830 0 'robobot/drive/T0/pose' 1770386333.4829 92.9660 0.689 0.099 1.0871 -3.1020
1770386333.4831 0 'robobot/drive/T0/livn' 1770386333.4830 373 364 357 350 372 372 370 368 5
1770386333.4831 0 'robobot/drive/T0/gyro' 1770386333.4831 0.099792 0.045776 41.885437 92.966
1770386333.4843 0 'robobot/drive/T0/acc' 1770386333.4842 -0.007568 -0.014893 1.046875 92.967
1770386333.4843 0 'robobot/drive/T0/ird' 1770386333.4843 0.925 1.500 3386 1629 1
1770386333.4876 0 'robobot/drive/T0/vel' 1770386333.4875 92.9700 0.040 0.152 0.4873 0.040 4
1770386333.4886 0 'robobot/drive/T0/mvel' 1770386333.4885 0.040 0.152
1770386333.4888 0 'robobot/drive/T0/pose' 1770386333.4887 92.9710 0.689 0.099 1.0917 -3.1021
1770386333.4909 0 'robobot/drive/T0/mot' 1770386333.4909 0.52 1.4 0.1 0.1 0
1770386333.4910 0 'robobot/drive/T0/mca' 1770386333.4909 0.149 0.181 17
1770386333.4932 0 'robobot/drive/T0/pose' 1770386333.4931 92.9760 0.689 0.100 1.0940 -3.1023
1770386333.4933 0 'robobot/drive/T0/livn' 1770386333.4932 382 369 366 368 379 369 360 360 5
1770386333.4955 0 'robobot/drive/T0/vel' 1770386333.4954 92.9780 0.032 0.159 0.5531 0.032 4
1770386333.4955 0 'robobot/drive/T0/gyro' 1770386333.4955 2.022400 -1.296997 41.702332 92.978
1770386333.4960 0 'robobot/drive/T0/mvel' 1770386333.4959 0.032 0.159
1770386333.4967 0 'robobot/drive/T0/acc' 1770386333.4966 0.015869 -0.029053 0.984863 92.979
1770386333.4989 0 'robobot/drive/T0/liv' 1770386333.4988 288 327 346 281 334 354 326 244 25
1770386333.4990 0 'robobot/drive/T0/pose' 1770386333.4989 92.9810 0.689 0.100 1.0987 -3.1026
1770386333.5033 0 'robobot/drive/T0/vel' 1770386333.5032 92.9860 0.025 0.162 0.5922 0.025 4
1770386333.5034 0 'robobot/drive/T0/mvel' 1770386333.5033 0.025 0.162
1770386333.5034 0 'robobot/drive/T0/pose' 1770386333.5033 92.9860 0.689 0.100 1.1010 -3.1026
1770386333.5035 0 'robobot/drive/T0/livn' 1770386333.5034 382 368 369 368 374 369 364 359 5
1770386333.5078 0 'robobot/drive/T0/gyro' 1770386333.5077 0.466003 0.961304 42.160095 92.990
1770386333.5078 0 'robobot/drive/T0/acc' 1770386333.5078 0.024658 -0.041260 1.055176 92.991
1770386333.5081 0 'robobot/drive/T0/pose' 1770386333.5080 92.9910 0.690 0.101 1.1044 -3.1026
1770386333.5092 0 'robobot/drive/T0/ird' 1770386333.5091 0.946 1.500 3342 1635 1
1770386333.5114 0 'robobot/drive/T0/vel' 1770386333.5113 92.9940 0.021 0.156 0.5880 0.021 4
1770386333.5119 0 'robobot/drive/T0/mvel' 1770386333.5118 0.021 0.156
1770386333.5136 0 'robobot/drive/T0/pose' 1770386333.5135 92.9960 0.690 0.101 1.1068 -3.1026
1770386333.5137 0 'robobot/drive/T0/livn' 1770386333.5136 386 364 366 359 378 370 360 346 5
1770386333.5180 0 'robobot/drive/T0/pose' 1770386333.5179 93.0010 0.690 0.102 1.1102 -3.1027
1770386333.5191 0 'robobot/drive/T0/vel' 1770386333.5191 93.0020 0.019 0.151 0.5750 0.019 4
1770386333.5193 0 'robobot/drive/T0/mvel' 1770386333.5192 0.019 0.151
1770386333.5193 0 'robobot/drive/T0/gyro' 1770386333.5191 2.144470 0.228882 44.418396 93.002
1770386333.5205 0 'robobot/drive/T0/acc' 1770386333.5204 0.034668 -0.018555 0.865234 93.003
1770386333.5237 0 'robobot/drive/T0/pose' 1770386333.5236 93.0060 0.690 0.102 1.1114 -3.1027
1770386333.5238 0 'robobot/drive/T0/mot' 1770386333.5237 0.74 1.4 0.1 0.1 0
1770386333.5239 0 'robobot/drive/T0/livn' 1770386333.5238 377 365 360 365 383 372 363 355 5
1770386333.5239 0 'robobot/drive/T0/mca' 1770386333.5239 0.202 0.177 17
1770386333.5272 0 'robobot/drive/T0/vel' 1770386333.5271 93.0100 0.016 0.149 0.5778 0.016 4
1770386333.5277 0 'robobot/drive/T0/mvel' 1770386333.5277 0.016 0.149
1770386333.5283 0 'robobot/drive/T0/pose' 1770386333.5282 93.0110 0.690 0.103 1.1137 -3.1026
1770386333.5316 0 'robobot/drive/T0/gyro' 1770386333.5315 0.466003 -1.968384 43.136658 93.014
1770386333.5327 0 'robobot/drive/T0/acc' 1770386333.5326 0.080322 0.015381 1.146973 93.015
1770386333.5339 0 'robobot/drive/T0/pose' 1770386333.5338 93.0160 0.691 0.103 1.1149 -3.1027
1770386333.5339 0 'robobot/drive/T0/livn' 1770386333.5339 381 373 367 364 376 366 356 358 6
1770386333.5351 0 'robobot/drive/T0/ird' 1770386333.5350 0.938 1.500 3359 1782 1
1770386333.5351 0 'robobot/drive/T0/vel' 1770386333.5351 93.0180 0.026 0.156 0.5647 0.026 4
1770386333.5362 0 'robobot/drive/T0/mvel' 1770386333.5362 0.026 0.156
1770386333.5385 0 'robobot/drive/T0/pose' 1770386333.5384 93.0210 0.691 0.104 1.1172 -3.1024
1770386333.5429 0 'robobot/drive/T0/vel' 1770386333.5427 93.0260 0.069 0.157 0.3832 0.069 4
1770386333.5429 0 'robobot/drive/T0/pose' 1770386333.5429 93.0260 0.691 0.104 1.1183 -3.1021
1770386333.5430 0 'robobot/drive/T0/gyro' 1770386333.5429 3.243103 2.426147 40.908875 93.026
1770386333.5437 0 'robobot/drive/T0/mvel' 1770386333.5436 0.069 0.157
1770386333.5442 0 'robobot/drive/T0/livn' 1770386333.5441 381 375 370 370 379 370 362 358 5
1770386333.5444 0 'robobot/drive/T0/acc' 1770386333.5443 0.071045 0.012939 0.948242 93.027
1770386333.5445 0 'robobot/drive/T0/hbt' 1770386333.5444 93.0280 107 1033 11.74 4 8 9.0 0.55 0
1770386333.5488 0 'robobot/drive/T0/liv' 1770386333.5487 289 331 350 283 335 353 323 245 25
1770386333.5488 0 'robobot/drive/T0/pose' 1770386333.5488 93.0310 0.691 0.105 1.1206 -3.1017
1770386333.5510 0 'robobot/drive/T0/vel' 1770386333.5509 93.0340 0.074 0.147 0.3178 0.074 4
1770386333.5511 0 'robobot/drive/T0/mvel' 1770386333.5511 0.074 0.147
1770386333.5532 0 'robobot/drive/T0/pose' 1770386333.5531 93.0360 0.692 0.105 1.1229 -3.1015
1770386333.5533 0 'robobot/drive/T0/livn' 1770386333.5532 369 372 387 391 362 349 360 373 5
1770386333.5565 0 'robobot/drive/T0/gyro' 1770386333.5565 1.625671 -0.625610 39.260925 93.039
1770386333.5566 0 'robobot/drive/T0/acc' 1770386333.5566 0.057861 0.053223 0.989014 93.039
1770386333.5567 0 'robobot/drive/T0/mot' 1770386333.5566 0.38 1.4 0.1 0.1 0
1770386333.5567 0 'robobot/drive/T0/mca' 1770386333.5567 0.120 0.193 16
1770386333.5589 0 'robobot/drive/T0/pose' 1770386333.5588 93.0410 0.692 0.106 1.1241 -3.1015
1770386333.5590 0 'robobot/drive/T0/vel' 1770386333.5589 93.0420 0.072 0.152 0.3495 0.072 4
1770386333.5596 0 'robobot/drive/T0/mvel' 1770386333.5595 0.072 0.152
1770386333.5601 0 'robobot/drive/T0/ird' 1770386333.5600 0.940 1.500 3355 1719 1
1770386333.5633 0 'robobot/drive/T0/pose' 1770386333.5633 93.0460 0.692 0.106 1.1264 -3.1014
1770386333.5634 0 'robobot/drive/T0/livn' 1770386333.5633 377 368 363 379 383 365 373 366 5
1770386333.5666 0 'robobot/drive/T0/vel' 1770386333.5666 93.0500 0.067 0.163 0.4181 0.067 4
1770386333.5670 0 'robobot/drive/T0/mvel' 1770386333.5670 0.067 0.163
1770386333.5678 0 'robobot/drive/T0/gyro' 1770386333.5677 2.907410 2.151489 37.674011 93.051
1770386333.5678 0 'robobot/drive/T0/acc' 1770386333.5678 0.068604 -0.013428 1.011230 93.051
1770386333.5690 0 'robobot/drive/T0/pose' 1770386333.5689 93.0510 0.692 0.106 1.1299 -3.1011
1770386333.5733 0 'robobot/drive/T0/pose' 1770386333.5732 93.0560 0.692 0.107 1.1334 -3.1010
1770386333.5734 0 'robobot/drive/T0/livn' 1770386333.5733 378 365 372 379 377 367 358 355 5
1770386333.5755 0 'robobot/drive/T0/vel' 1770386333.5755 93.0580 0.059 0.153 0.4115 0.059 4
1770386333.5765 0 'robobot/drive/T0/mvel' 1770386333.5765 0.059 0.153
1770386333.5788 0 'robobot/drive/T0/pose' 1770386333.5787 93.0610 0.693 0.107 1.1368 -3.1008
1770386333.5799 0 'robobot/drive/T0/gyro' 1770386333.5798 0.038757 2.456665 39.535583 93.063
1770386333.5800 0 'robobot/drive/T0/acc' 1770386333.5799 0.005859 0.014893 0.973145 93.063
1770386333.5832 0 'robobot/drive/T0/vel' 1770386333.5831 93.0660 0.047 0.144 0.4193 0.047 4
1770386333.5833 0 'robobot/drive/T0/pose' 1770386333.5832 93.0660 0.693 0.107 1.1391 -3.1007
1770386333.5834 0 'robobot/drive/T0/livn' 1770386333.5833 383 382 381 379 384 367 370 363 5
1770386333.5839 0 'robobot/drive/T0/mvel' 1770386333.5839 0.047 0.144
1770386333.5845 0 'robobot/drive/T0/ird' 1770386333.5844 0.920 1.500 3396 1828 1
1770386333.5888 0 'robobot/drive/T0/pose' 1770386333.5887 93.0720 0.693 0.108 1.1438 -3.1009
1770386333.5899 0 'robobot/drive/T0/mot' 1770386333.5898 0.49 1.4 0.1 0.1 0
1770386333.5899 0 'robobot/drive/T0/mca' 1770386333.5899 0.112 0.193 17
1770386333.5911 0 'robobot/drive/T0/vel' 1770386333.5910 93.0740 0.038 0.156 0.5134 0.038 4
1770386333.5913 0 'robobot/drive/T0/mvel' 1770386333.5913 0.038 0.156
1770386333.5922 0 'robobot/drive/T0/gyro' 1770386333.5921 3.090515 -2.212524 40.847839 93.075
1770386333.5923 0 'robobot/drive/T0/acc' 1770386333.5922 0.008057 -0.029053 0.867188 93.075
1770386333.5934 0 'robobot/drive/T0/pose' 1770386333.5933 93.0770 0.693 0.108 1.1461 -3.1011
1770386333.5934 0 'robobot/drive/T0/livn' 1770386333.5934 385 375 382 374 365 374 375 358 5
1770386333.5988 0 'robobot/drive/T0/liv' 1770386333.5987 287 333 356 292 334 355 331 247 25
1770386333.5989 0 'robobot/drive/T0/pose' 1770386333.5988 93.0820 0.693 0.109 1.1507 -3.1017
1770386333.5989 0 'robobot/drive/T0/vel' 1770386333.5989 93.0820 0.029 0.163 0.5855 0.029 4
1770386333.5998 0 'robobot/drive/T0/mvel' 1770386333.5997 0.029 0.163
1770386333.6032 0 'robobot/drive/T0/pose' 1770386333.6032 93.0870 0.693 0.109 1.1542 -3.1019
1770386333.6033 0 'robobot/drive/T0/livn' 1770386333.6032 383 379 381 386 382 376 372 372 5
1770386333.6044 0 'robobot/drive/T0/gyro' 1770386333.6044 0.008240 0.625610 42.068542 93.087
1770386333.6045 0 'robobot/drive/T0/acc' 1770386333.6044 0.009521 0.000977 1.082520 93.087
1770386333.6067 0 'robobot/drive/T0/vel' 1770386333.6066 93.0900 0.023 0.157 0.5797 0.023 4
1770386333.6072 0 'robobot/drive/T0/mvel' 1770386333.6071 0.023 0.157
1770386333.6089 0 'robobot/drive/T0/pose' 1770386333.6088 93.0920 0.694 0.109 1.1565 -3.1019
1770386333.6100 0 'robobot/drive/T0/ird' 1770386333.6099 0.829 1.500 3604 1767 1
1770386333.6132 0 'robobot/drive/T0/pose' 1770386333.6132 93.0970 0.694 0.110 1.1600 -3.1021
1770386333.6133 0 'robobot/drive/T0/livn' 1770386333.6132 382 369 370 377 374 362 368 360 5
1770386333.6155 0 'robobot/drive/T0/vel' 1770386333.6154 93.0980 0.021 0.158 0.5962 0.021 4
1770386333.6156 0 'robobot/drive/T0/mvel' 1770386333.6156 0.021 0.158
1770386333.6166 0 'robobot/drive/T0/gyro' 1770386333.6166 3.151550 1.815796 45.242371 93.099
1770386333.6167 0 'robobot/drive/T0/acc' 1770386333.6166 -0.014893 -0.055420 0.872803 93.099
1770386333.6189 0 'robobot/drive/T0/pose' 1770386333.6188 93.1020 0.694 0.110 1.1611 -3.1022
1770386333.6221 0 'robobot/drive/T0/mot' 1770386333.6220 0.73 1.3 0.1 0.1 0
1770386333.6221 0 'robobot/drive/T0/mca' 1770386333.6221 0.194 0.182 16
1770386333.6233 0 'robobot/drive/T0/vel' 1770386333.6232 93.1060 0.018 0.152 0.5848 0.018 4
1770386333.6233 0 'robobot/drive/T0/pose' 1770386333.6233 93.1070 0.694 0.111 1.1646 -3.1024
1770386333.6234 0 'robobot/drive/T0/livn' 1770386333.6233 382 383 378 378 370 367 368 363 5
1770386333.6241 0 'robobot/drive/T0/mvel' 1770386333.6241 0.018 0.152
1770386333.6277 0 'robobot/drive/T0/gyro' 1770386333.6276 0.008240 -1.724243 43.289246 93.111
1770386333.6278 0 'robobot/drive/T0/acc' 1770386333.6277 0.029785 0.019531 1.067383 93.111
1770386333.6289 0 'robobot/drive/T0/pose' 1770386333.6288 93.1120 0.694 0.111 1.1657 -3.1025
1770386333.6311 0 'robobot/drive/T0/vel' 1770386333.6310 93.1140 0.023 0.153 0.5614 0.023 4
1770386333.6315 0 'robobot/drive/T0/mvel' 1770386333.6315 0.023 0.153
1770386333.6333 0 'robobot/drive/T0/pose' 1770386333.6332 93.1170 0.695 0.112 1.1681 -3.1025
1770386333.6333 0 'robobot/drive/T0/livn' 1770386333.6333 386 381 375 370 373 364 361 353 5
1770386333.6345 0 'robobot/drive/T0/ird' 1770386333.6344 0.968 1.500 3300 1760 1
1770386333.6388 0 'robobot/drive/T0/pose' 1770386333.6387 93.1220 0.695 0.112 1.1692 -3.1023
1770386333.6388 0 'robobot/drive/T0/vel' 1770386333.6388 93.1220 0.055 0.163 0.4698 0.055 4
1770386333.6389 0 'robobot/drive/T0/mvel' 1770386333.6389 0.055 0.163
1770386333.6400 0 'robobot/drive/T0/gyro' 1770386333.6399 3.700867 1.693726 41.641296 93.123
1770386333.6400 0 'robobot/drive/T0/acc' 1770386333.6400 0.099854 0.032471 0.959473 93.123
1770386333.6433 0 'robobot/drive/T0/pose' 1770386333.6432 93.1270 0.695 0.113 1.1715 -3.1020
1770386333.6434 0 'robobot/drive/T0/livn' 1770386333.6433 388 376 372 384 382 372 364 360 5
1770386333.6466 0 'robobot/drive/T0/vel' 1770386333.6465 93.1300 0.087 0.155 0.2950 0.087 4
1770386333.6474 0 'robobot/drive/T0/mvel' 1770386333.6474 0.087 0.155
1770386333.6488 0 'robobot/drive/T0/liv' 1770386333.6487 292 338 356 291 333 353 327 246 25
1770386333.6488 0 'robobot/drive/T0/pose' 1770386333.6488 93.1320 0.695 0.113 1.1727 -3.1018
1770386333.6521 0 'robobot/drive/T0/gyro' 1770386333.6520 1.412048 -1.846313 40.206970 93.135
1770386333.6522 0 'robobot/drive/T0/acc' 1770386333.6521 0.177002 0.115479 0.919189 93.135
1770386333.6533 0 'robobot/drive/T0/pose' 1770386333.6532 93.1370 0.696 0.114 1.1738 -3.1013
1770386333.6534 0 'robobot/drive/T0/livn' 1770386333.6533 377 378 378 385 374 360 364 375 5
1770386333.6555 0 'robobot/drive/T0/vel' 1770386333.6555 93.1380 0.082 0.146 0.2753 0.082 4
1770386333.6556 0 'robobot/drive/T0/mot' 1770386333.6555 0.3 1.3 0.1 0.1 0
1770386333.6556 0 'robobot/drive/T0/mca' 1770386333.6556 0.120 0.181 17
1770386333.6559 0 'robobot/drive/T0/mvel' 1770386333.6558 0.082 0.146
1770386333.6589 0 'robobot/drive/T0/pose' 1770386333.6588 93.1420 0.696 0.114 1.1773 -3.1009
1770386333.6600 0 'robobot/drive/T0/ird' 1770386333.6599 1.023 1.500 3203 1783 1
1770386333.6632 0 'robobot/drive/T0/vel' 1770386333.6632 93.1460 0.072 0.153 0.3519 0.072 4
1770386333.6633 0 'robobot/drive/T0/mvel' 1770386333.6632 0.072 0.153
1770386333.6633 0 'robobot/drive/T0/pose' 1770386333.6632 93.1470 0.696 0.115 1.1796 -3.1006
1770386333.6634 0 'robobot/drive/T0/livn' 1770386333.6633 390 382 374 376 374 373 369 372 5
1770386333.6645 0 'robobot/drive/T0/gyro' 1770386333.6644 3.731384 3.463745 34.835876 93.147
1770386333.6646 0 'robobot/drive/T0/acc' 1770386333.6645 0.010742 0.009277 1.049316 93.147
1770386333.6689 0 'robobot/drive/T0/pose' 1770386333.6688 93.1520 0.696 0.115 1.1831 -3.1005
1770386333.6710 0 'robobot/drive/T0/vel' 1770386333.6710 93.1540 0.060 0.158 0.4254 0.060 4
1770386333.6717 0 'robobot/drive/T0/mvel' 1770386333.6717 0.060 0.158
1770386333.6732 0 'robobot/drive/T0/pose' 1770386333.6732 93.1570 0.696 0.116 1.1866 -3.1004
1770386333.6733 0 'robobot/drive/T0/livn' 1770386333.6732 381 380 382 370 375 369 375 374 5
1770386333.6765 0 'robobot/drive/T0/gyro' 1770386333.6765 0.038757 0.503540 39.444031 93.159
1770386333.6766 0 'robobot/drive/T0/acc' 1770386333.6765 -0.014160 -0.046631 0.891113 93.159
1770386333.6788 0 'robobot/drive/T0/pose' 1770386333.6787 93.1620 0.696 0.116 1.1889 -3.1006
1770386333.6789 0 'robobot/drive/T0/vel' 1770386333.6788 93.1620 0.046 0.153 0.4656 0.046 4
1770386333.6791 0 'robobot/drive/T0/mvel' 1770386333.6791 0.046 0.153
1770386333.6832 0 'robobot/drive/T0/pose' 1770386333.6831 93.1670 0.697 0.116 1.1935 -3.1011
1770386333.6832 0 'robobot/drive/T0/livn' 1770386333.6832 364 378 385 389 380 364 375 381 5
1770386333.6854 0 'robobot/drive/T0/ird' 1770386333.6853 1.021 1.500 3206 1626 1
1770386333.6876 0 'robobot/drive/T0/vel' 1770386333.6875 93.1700 0.038 0.152 0.4962 0.038 4
1770386333.6876 0 'robobot/drive/T0/mvel' 1770386333.6876 0.038 0.152
1770386333.6876 0 'robobot/drive/T0/gyro' 1770386333.6876 2.693787 -1.327515 42.495789 93.171
1770386333.6877 0 'robobot/drive/T0/acc' 1770386333.6876 -0.041260 -0.051514 1.030762 93.171
1770386333.6888 0 'robobot/drive/T0/mot' 1770386333.6888 0.48 1.4 0.1 0.1 0
1770386333.6889 0 'robobot/drive/T0/mca' 1770386333.6888 0.151 0.195 16
1770386333.6889 0 'robobot/drive/T0/pose' 1770386333.6889 93.1720 0.697 0.117 1.1958 -3.1014
1770386333.6932 0 'robobot/drive/T0/pose' 1770386333.6932 93.1770 0.697 0.117 1.2004 -3.1018
1770386333.6933 0 'robobot/drive/T0/livn' 1770386333.6932 379 381 382 398 379 369 368 369 5
1770386333.6955 0 'robobot/drive/T0/vel' 1770386333.6954 93.1780 0.029 0.158 0.5591 0.029 4
1770386333.6961 0 'robobot/drive/T0/mvel' 1770386333.6960 0.029 0.158
1770386333.6987 0 'robobot/drive/T0/liv' 1770386333.6986 286 338 360 296 335 354 333 256 25
1770386333.6988 0 'robobot/drive/T0/pose' 1770386333.6987 93.1820 0.697 0.117 1.2027 -3.1019
1770386333.6999 0 'robobot/drive/T0/gyro' 1770386333.6998 -0.785217 0.076294 44.540466 93.183
1770386333.7000 0 'robobot/drive/T0/acc' 1770386333.6999 0.007568 -0.061768 0.946289 93.183
1770386333.7032 0 'robobot/drive/T0/vel' 1770386333.7031 93.1860 0.025 0.164 0.6052 0.025 4
1770386333.7033 0 'robobot/drive/T0/pose' 1770386333.7032 93.1870 0.697 0.118 1.2062 -3.1021
1770386333.7033 0 'robobot/drive/T0/livn' 1770386333.7033 387 386 379 387 382 372 372 375 5
1770386333.7035 0 'robobot/drive/T0/mvel' 1770386333.7034 0.025 0.164
1770386333.7087 0 'robobot/drive/T0/pose' 1770386333.7086 93.1920 0.697 0.118 1.2085 -3.1023
1770386333.7098 0 'robobot/drive/T0/ird' 1770386333.7098 0.916 1.500 3403 1640 1
1770386333.7110 0 'robobot/drive/T0/vel' 1770386333.7109 93.1940 0.020 0.164 0.6266 0.020 4
1770386333.7119 0 'robobot/drive/T0/mvel' 1770386333.7119 0.020 0.164
1770386333.7121 0 'robobot/drive/T0/gyro' 1770386333.7120 3.487244 -1.022339 47.348083 93.195
1770386333.7122 0 'robobot/drive/T0/acc' 1770386333.7121 -0.007080 -0.074219 0.973145 93.195
1770386333.7133 0 'robobot/drive/T0/pose' 1770386333.7132 93.1970 0.697 0.119 1.2132 -3.1027
1770386333.7134 0 'robobot/drive/T0/livn' 1770386333.7133 389 381 376 369 377 373 372 361 5
1770386333.7187 0 'robobot/drive/T0/pose' 1770386333.7186 93.2020 0.698 0.119 1.2143 -3.1028
1770386333.7188 0 'robobot/drive/T0/vel' 1770386333.7187 93.2020 0.018 0.151 0.5797 0.018 4
1770386333.7193 0 'robobot/drive/T0/mvel' 1770386333.7193 0.018 0.151
1770386333.7220 0 'robobot/drive/T0/mot' 1770386333.7219 0.76 1.4 0.1 0.1 0
1770386333.7220 0 'robobot/drive/T0/mca' 1770386333.7220 0.227 0.165 17
1770386333.7232 0 'robobot/drive/T0/pose' 1770386333.7231 93.2070 0.698 0.119 1.2178 -3.1028
1770386333.7233 0 'robobot/drive/T0/livn' 1770386333.7232 396 391 374 380 392 383 374 362 5
1770386333.7244 0 'robobot/drive/T0/gyro' 1770386333.7243 -0.327454 -0.534058 45.761169 93.207
1770386333.7245 0 'robobot/drive/T0/acc' 1770386333.7244 0.060547 -0.006104 0.953857 93.207
1770386333.7266 0 'robobot/drive/T0/vel' 1770386333.7266 93.2100 0.016 0.149 0.5771 0.016 4
1770386333.7267 0 'robobot/drive/T0/mvel' 1770386333.7267 0.016 0.149
1770386333.7288 0 'robobot/drive/T0/pose' 1770386333.7288 93.2120 0.698 0.120 1.2201 -3.1028
1770386333.7332 0 'robobot/drive/T0/pose' 1770386333.7331 93.2170 0.698 0.120 1.2224 -3.1027
1770386333.7332 0 'robobot/drive/T0/livn' 1770386333.7332 395 378 382 385 379 369 379 376 5
1770386333.7354 0 'robobot/drive/T0/vel' 1770386333.7353 93.2180 0.016 0.159 0.6210 0.016 4
1770386333.7355 0 'robobot/drive/T0/ird' 1770386333.7354 0.832 1.500 3597 1429 1
1770386333.7363 0 'robobot/drive/T0/mvel' 1770386333.7363 0.016 0.159
1770386333.7367 0 'robobot/drive/T0/gyro' 1770386333.7366 3.761902 -2.090454 42.404236 93.219
1770386333.7368 0 'robobot/drive/T0/acc' 1770386333.7367 0.067627 0.029541 0.979492 93.219
1770386333.7390 0 'robobot/drive/T0/pose' 1770386333.7389 93.2220 0.698 0.121 1.2247 -3.1027
1770386333.7434 0 'robobot/drive/T0/vel' 1770386333.7433 93.2260 0.042 0.166 0.5404 0.042 4
1770386333.7436 0 'robobot/drive/T0/pose' 1770386333.7434 93.2270 0.699 0.122 1.2247 -3.1026
1770386333.7436 0 'robobot/drive/T0/livn' 1770386333.7436 383 379 382 392 381 375 377 368 5
1770386333.7438 0 'robobot/drive/T0/mvel' 1770386333.7438 0.042 0.166
1770386333.7480 0 'robobot/drive/T0/gyro' 1770386333.7479 -0.663147 -1.388550 41.397156 93.231
1770386333.7481 0 'robobot/drive/T0/acc' 1770386333.7480 0.081787 0.031494 0.911621 93.231
1770386333.7481 0 'robobot/drive/T0/liv' 1770386333.7481 297 344 358 293 339 361 336 250 25
1770386333.7482 0 'robobot/drive/T0/pose' 1770386333.7481 93.2320 0.699 0.122 1.2270 -3.1025
1770386333.7515 0 'robobot/drive/T0/vel' 1770386333.7514 93.2340 0.076 0.164 0.3836 0.076 4
1770386333.7523 0 'robobot/drive/T0/mvel' 1770386333.7523 0.076 0.164
1770386333.7537 0 'robobot/drive/T0/pose' 1770386333.7536 93.2370 0.699 0.123 1.2282 -3.1024
1770386333.7538 0 'robobot/drive/T0/livn' 1770386333.7537 397 391 378 383 384 369 374 371 5
1770386333.7549 0 'robobot/drive/T0/mot' 1770386333.7548 0.42 1.2 0.1 0.1 0
1770386333.7549 0 'robobot/drive/T0/mca' 1770386333.7549 0.167 0.168 16
1770386333.7582 0 'robobot/drive/T0/pose' 1770386333.7581 93.2420 0.699 0.123 1.2305 -3.1023
1770386333.7593 0 'robobot/drive/T0/vel' 1770386333.7592 93.2420 0.086 0.149 0.2743 0.086 4
1770386333.7597 0 'robobot/drive/T0/mvel' 1770386333.7597 0.086 0.149
1770386333.7604 0 'robobot/drive/T0/ird' 1770386333.7603 0.792 1.500 3705 1383 1
1770386333.7605 0 'robobot/drive/T0/gyro' 1770386333.7604 2.663269 0.137329 39.596619 93.243
1770386333.7606 0 'robobot/drive/T0/acc' 1770386333.7605 0.137939 0.104248 1.020508 93.243
1770386333.7638 0 'robobot/drive/T0/pose' 1770386333.7637 93.2470 0.699 0.124 1.2328 -3.1016
1770386333.7639 0 'robobot/drive/T0/livn' 1770386333.7638 385 374 374 393 390 365 361 362 5
1770386333.7671 0 'robobot/drive/T0/vel' 1770386333.7670 93.2500 0.080 0.151 0.3057 0.080 4
1770386333.7672 0 'robobot/drive/T0/mvel' 1770386333.7672 0.080 0.151
1770386333.7693 0 'robobot/drive/T0/pose' 1770386333.7692 93.2520 0.699 0.124 1.2340 -3.1013
1770386333.7726 0 'robobot/drive/T0/gyro' 1770386333.7725 -1.395569 0.259399 36.026062 93.255
1770386333.7726 0 'robobot/drive/T0/acc' 1770386333.7726 0.007080 -0.017578 0.925293 93.255
1770386333.7738 0 'robobot/drive/T0/pose' 1770386333.7737 93.2570 0.700 0.125 1.2386 -3.1013
1770386333.7738 0 'robobot/drive/T0/livn' 1770386333.7738 388 385 376 385 383 374 379 375 5
1770386333.7750 0 'robobot/drive/T0/vel' 1770386333.7749 93.2580 0.066 0.158 0.4013 0.066 4
1770386333.7758 0 'robobot/drive/T0/mvel' 1770386333.7758 0.066 0.158
1770386333.7793 0 'robobot/drive/T0/pose' 1770386333.7792 93.2620 0.700 0.125 1.2409 -3.1014
1770386333.7836 0 'robobot/drive/T0/vel' 1770386333.7835 93.2660 0.054 0.153 0.4297 0.054 4
1770386333.7836 0 'robobot/drive/T0/pose' 1770386333.7836 93.2670 0.700 0.125 1.2455 -3.1015
1770386333.7837 0 'robobot/drive/T0/livn' 1770386333.7837 392 383 383 390 382 372 364 377 5
1770386333.7838 0 'robobot/drive/T0/gyro' 1770386333.7837 1.900330 0.167847 37.582458 93.267
1770386333.7839 0 'robobot/drive/T0/acc' 1770386333.7838 0.006348 -0.025391 0.943115 93.267
1770386333.7843 0 'robobot/drive/T0/mvel' 1770386333.7843 0.054 0.153
1770386333.7850 0 'robobot/drive/T0/ird' 1770386333.7849 0.800 1.500 3683 1207 1
1770386333.7871 0 'robobot/drive/T0/mot' 1770386333.7871 0.45 1.3 0.1 0.1 0
1770386333.7872 0 'robobot/drive/T0/mca' 1770386333.7871 0.120 0.179 17
1770386333.7894 0 'robobot/drive/T0/pose' 1770386333.7893 93.2720 0.700 0.126 1.2479 -3.1017
1770386333.7916 0 'robobot/drive/T0/vel' 1770386333.7915 93.2740 0.042 0.153 0.4811 0.042 4
1770386333.7917 0 'robobot/drive/T0/mvel' 1770386333.7917 0.042 0.153
1770386333.7938 0 'robobot/drive/T0/pose' 1770386333.7937 93.2770 0.700 0.126 1.2525 -3.1020
1770386333.7938 0 'robobot/drive/T0/livn' 1770386333.7938 393 383 381 369 374 367 376 375 5
1770386333.7960 0 'robobot/drive/T0/gyro' 1770386333.7959 -1.944885 -1.144409 39.932312 93.279
1770386333.7961 0 'robobot/drive/T0/acc' 1770386333.7960 0.011719 -0.086182 0.952393 93.279
1770386333.7983 0 'robobot/drive/T0/liv' 1770386333.7982 295 341 361 297 338 355 332 254 25
1770386333.7994 0 'robobot/drive/T0/vel' 1770386333.7993 93.2820 0.035 0.156 0.5289 0.035 4
1770386333.7995 0 'robobot/drive/T0/pose' 1770386333.7994 93.2820 0.700 0.126 1.2548 -3.1023
1770386333.8002 0 'robobot/drive/T0/mvel' 1770386333.8002 0.035 0.156
1770386333.8038 0 'robobot/drive/T0/pose' 1770386333.8037 93.2870 0.700 0.127 1.2583 -3.1026
1770386333.8038 0 'robobot/drive/T0/livn' 1770386333.8038 383 390 391 387 364 371 373 367 5
1770386333.8071 0 'robobot/drive/T0/vel' 1770386333.8070 93.2900 0.026 0.153 0.5492 0.026 4
1770386333.8076 0 'robobot/drive/T0/mvel' 1770386333.8076 0.026 0.153
1770386333.8082 0 'robobot/drive/T0/gyro' 1770386333.8081 1.289978 0.259399 41.854919 93.291
1770386333.8083 0 'robobot/drive/T0/acc' 1770386333.8082 -0.061035 -0.123047 1.018311 93.291
1770386333.8094 0 'robobot/drive/T0/pose' 1770386333.8094 93.2920 0.700 0.127 1.2617 -3.1028
1770386333.8106 0 'robobot/drive/T0/ird' 1770386333.8105 0.804 1.500 3672 1170 1
1770386333.8138 0 'robobot/drive/T0/pose' 1770386333.8137 93.2970 0.701 0.128 1.2640 -3.1031
1770386333.8139 0 'robobot/drive/T0/livn' 1770386333.8138 393 388 387 392 383 373 375 361 5
1770386333.8150 0 'robobot/drive/T0/vel' 1770386333.8149 93.2980 0.022 0.152 0.5650 0.022 4
1770386333.8150 0 'robobot/drive/T0/mvel' 1770386333.8150 0.022 0.152
1770386333.8193 0 'robobot/drive/T0/pose' 1770386333.8192 93.3020 0.701 0.128 1.2664 -3.1033
1770386333.8204 0 'robobot/drive/T0/gyro' 1770386333.8204 0.862732 -0.564575 44.143738 93.303
1770386333.8205 0 'robobot/drive/T0/acc' 1770386333.8204 0.003174 -0.106201 0.960449 93.303
1770386333.8205 0 'robobot/drive/T0/mot' 1770386333.8205 0.71 1.3 0.1 0.1 0
1770386333.8206 0 'robobot/drive/T0/mca' 1770386333.8206 0.221 0.185 16
1770386333.8228 0 'robobot/drive/T0/vel' 1770386333.8227 93.3060 0.019 0.156 0.5934 0.019 4
1770386333.8235 0 'robobot/drive/T0/mvel' 1770386333.8235 0.019 0.156
1770386333.8239 0 'robobot/drive/T0/pose' 1770386333.8238 93.3070 0.701 0.128 1.2710 -3.1035
1770386333.8240 0 'robobot/drive/T0/livn' 1770386333.8239 391 383 384 386 385 374 375 361 5
1770386333.8293 0 'robobot/drive/T0/pose' 1770386333.8293 93.3120 0.701 0.129 1.2721 -3.1037
1770386333.8315 0 'robobot/drive/T0/vel' 1770386333.8315 93.3140 0.017 0.150 0.5784 0.017 4
1770386333.8317 0 'robobot/drive/T0/gyro' 1770386333.8316 3.090515 -1.022339 44.265808 93.315
1770386333.8317 0 'robobot/drive/T0/acc' 1770386333.8317 0.052734 -0.003418 1.075439 93.315
1770386333.8320 0 'robobot/drive/T0/mvel' 1770386333.8320 0.017 0.150
1770386333.8339 0 'robobot/drive/T0/pose' 1770386333.8338 93.3170 0.701 0.129 1.2745 -3.1039
1770386333.8340 0 'robobot/drive/T0/livn' 1770386333.8339 396 377 380 376 379 376 377 369 5
1770386333.8351 0 'robobot/drive/T0/ird' 1770386333.8351 0.791 1.500 3708 1408 1
1770386333.8394 0 'robobot/drive/T0/vel' 1770386333.8393 93.3220 0.016 0.151 0.5882 0.016 4
1770386333.8395 0 'robobot/drive/T0/pose' 1770386333.8394 93.3220 0.701 0.130 1.2779 -3.1037
1770386333.8404 0 'robobot/drive/T0/mvel' 1770386333.8404 0.016 0.151
1770386333.8438 0 'robobot/drive/T0/pose' 1770386333.8437 93.3270 0.701 0.130 1.2791 -3.1035
1770386333.8438 0 'robobot/drive/T0/livn' 1770386333.8438 403 380 378 389 392 376 362 364 5
1770386333.8439 0 'robobot/drive/T0/gyro' 1770386333.8438 2.144470 0.320435 42.343201 93.327
1770386333.8440 0 'robobot/drive/T0/acc' 1770386333.8439 0.094238 0.029785 0.894531 93.327
1770386333.8472 0 'robobot/drive/T0/vel' 1770386333.8471 93.3300 0.032 0.159 0.5515 0.032 4
1770386333.8478 0 'robobot/drive/T0/mvel' 1770386333.8478 0.032 0.159
1770386333.8483 0 'robobot/drive/T0/liv' 1770386333.8483 301 344 363 298 340 361 333 249 25
1770386333.8495 0 'robobot/drive/T0/pose' 1770386333.8494 93.3320 0.702 0.131 1.2802 -3.1034
1770386333.8538 0 'robobot/drive/T0/mot' 1770386333.8537 0.76 1.3 0.1 0.1 0
1770386333.8538 0 'robobot/drive/T0/mca' 1770386333.8538 0.175 0.191 17
1770386333.8539 0 'robobot/drive/T0/pose' 1770386333.8538 93.3370 0.702 0.132 1.2814 -3.1033
1770386333.8539 0 'robobot/drive/T0/livn' 1770386333.8539 396 393 379 393 390 374 373 365 5
1770386333.8551 0 'robobot/drive/T0/vel' 1770386333.8550 93.3380 0.074 0.153 0.3425 0.074 4
1770386333.8552 0 'robobot/drive/T0/mvel' 1770386333.8552 0.074 0.153
1770386333.8557 0 'robobot/drive/master' 1770386333.8556 2026-02-06 14:58:48.828247
1770386333.8562 0 'robobot/drive/T0/gyro' 1770386333.8561 1.228943 -0.747681 42.221130 93.339
1770386333.8563 0 'robobot/drive/T0/acc' 1770386333.8562 0.102783 0.079102 1.012207 93.339
1770386333.8595 0 'robobot/drive/T0/pose' 1770386333.8594 93.3420 0.702 0.132 1.2826 -3.1032
1770386333.8596 0 'robobot/drive/T0/ird' 1770386333.8595 0.797 1.500 3689 1557 1
1770386333.8628 0 'robobot/drive/T0/vel' 1770386333.8628 93.3460 0.086 0.149 0.2772 0.086 4
1770386333.8638 0 'robobot/drive/T0/mvel' 1770386333.8637 0.086 0.149
1770386333.8640 0 'robobot/drive/T0/pose' 1770386333.8639 93.3470 0.702 0.133 1.2849 -3.1028
1770386333.8640 0 'robobot/drive/T0/livn' 1770386333.8640 391 385 380 385 387 378 374 360 5
1770386333.8683 0 'robobot/drive/T0/gyro' 1770386333.8682 0.404968 -1.144409 38.528503 93.351
1770386333.8684 0 'robobot/drive/T0/acc' 1770386333.8683 0.098877 0.047119 0.900635 93.351
1770386333.8695 0 'robobot/drive/T0/pose' 1770386333.8694 93.3520 0.702 0.133 1.2860 -3.1025
1770386333.8707 0 'robobot/drive/T0/vel' 1770386333.8706 93.3540 0.083 0.159 0.3319 0.083 4
1770386333.8712 0 'robobot/drive/T0/mvel' 1770386333.8712 0.083 0.159
1770386333.8739 0 'robobot/drive/T0/pose' 1770386333.8738 93.3570 0.702 0.134 1.2895 -3.1021
1770386333.8740 0 'robobot/drive/T0/livn' 1770386333.8739 381 374 372 383 389 379 370 370 5
1770386333.8793 0 'robobot/drive/T0/vel' 1770386333.8792 93.3620 0.073 0.155 0.3556 0.073 4
1770386333.8794 0 'robobot/drive/T0/pose' 1770386333.8793 93.3620 0.703 0.134 1.2918 -3.1020
1770386333.8796 0 'robobot/drive/T0/mvel' 1770386333.8796 0.073 0.155
1770386333.8805 0 'robobot/drive/T0/gyro' 1770386333.8804 0.740662 0.167847 37.185730 93.363
1770386333.8806 0 'robobot/drive/T0/acc' 1770386333.8805 0.004883 -0.008789 1.108887 93.363
1770386333.8838 0 'robobot/drive/T0/pose' 1770386333.8838 93.3670 0.703 0.134 1.2953 -3.1020
1770386333.8839 0 'robobot/drive/T0/livn' 1770386333.8838 385 378 395 405 387 364 370 384 5
1770386333.8850 0 'robobot/drive/T0/ird' 1770386333.8850 0.819 1.500 3632 1730 1
1770386333.8861 0 'robobot/drive/T0/mot' 1770386333.8861 0.34 1.3 0.1 0.1 0
1770386333.8862 0 'robobot/drive/T0/mca' 1770386333.8861 0.093 0.185 16
1770386333.8873 0 'robobot/drive/T0/vel' 1770386333.8872 93.3700 0.060 0.150 0.3888 0.060 4
1770386333.8881 0 'robobot/drive/T0/mvel' 1770386333.8881 0.060 0.150
1770386333.8895 0 'robobot/drive/T0/pose' 1770386333.8894 93.3720 0.703 0.135 1.2987 -3.1019
1770386333.8917 0 'robobot/drive/T0/gyro' 1770386333.8916 0.313416 0.991821 39.047302 93.375
1770386333.8918 0 'robobot/drive/T0/acc' 1770386333.8917 -0.009277 -0.065430 0.919434 93.375
1770386333.8940 0 'robobot/drive/T0/pose' 1770386333.8939 93.3770 0.703 0.135 1.3022 -3.1020
1770386333.8940 0 'robobot/drive/T0/livn' 1770386333.8940 379 380 387 389 386 376 372 375 5
1770386333.8952 0 'robobot/drive/T0/vel' 1770386333.8951 93.3780 0.047 0.151 0.4520 0.047 4
1770386333.8955 0 'robobot/drive/T0/mvel' 1770386333.8955 0.047 0.151
1770386333.8984 0 'robobot/drive/T0/liv' 1770386333.8983 292 340 363 300 344 362 334 254 25
1770386333.8995 0 'robobot/drive/T0/pose' 1770386333.8995 93.3820 0.703 0.136 1.3045 -3.1022
1770386333.9028 0 'robobot/drive/T0/vel' 1770386333.9027 93.3860 0.035 0.152 0.5077 0.035 4
1770386333.9030 0 'robobot/drive/T0/mvel' 1770386333.9029 0.035 0.152
1770386333.9039 0 'robobot/drive/T0/pose' 1770386333.9038 93.3870 0.703 0.136 1.3092 -3.1027
1770386333.9040 0 'robobot/drive/T0/livn' 1770386333.9039 394 384 385 385 385 381 376 372 5
1770386333.9041 0 'robobot/drive/T0/gyro' 1770386333.9040 1.412048 -2.243042 40.390076 93.387
1770386333.9041 0 'robobot/drive/T0/acc' 1770386333.9041 -0.006348 -0.039551 1.076416 93.387
1770386333.9095 0 'robobot/drive/T0/pose' 1770386333.9094 93.3920 0.703 0.136 1.3115 -3.1029
1770386333.9096 0 'robobot/drive/T0/ird' 1770386333.9095 0.824 1.500 3618 1727 1
1770386333.9107 0 'robobot/drive/T0/vel' 1770386333.9106 93.3940 0.028 0.161 0.5755 0.028 4
1770386333.9115 0 'robobot/drive/T0/mvel' 1770386333.9115 0.028 0.161
1770386333.9139 0 'robobot/drive/T0/pose' 1770386333.9139 93.3970 0.703 0.137 1.3149 -3.1032
1770386333.9140 0 'robobot/drive/T0/livn' 1770386333.9139 382 380 382 388 387 383 374 361 5
1770386333.9162 0 'robobot/drive/T0/gyro' 1770386333.9161 0.496521 0.808716 42.587341 93.399
1770386333.9163 0 'robobot/drive/T0/acc' 1770386333.9162 0.009277 -0.076416 1.046387 93.399
1770386333.9195 0 'robobot/drive/T0/vel' 1770386333.9195 93.4020 0.022 0.161 0.6036 0.022 4
1770386333.9196 0 'robobot/drive/T0/pose' 1770386333.9195 93.4020 0.703 0.137 1.3172 -3.1032
1770386333.9197 0 'robobot/drive/T0/mot' 1770386333.9196 0.64 1.3 0.1 0.1 0
1770386333.9197 0 'robobot/drive/T0/mca' 1770386333.9197 0.186 0.193 17
1770386333.9199 0 'robobot/drive/T0/mvel' 1770386333.9199 0.022 0.161
1770386333.9240 0 'robobot/drive/T0/pose' 1770386333.9239 93.4070 0.704 0.138 1.3219 -3.1033
1770386333.9241 0 'robobot/drive/T0/livn' 1770386333.9240 389 386 380 381 387 387 379 360 5
1770386333.9273 0 'robobot/drive/T0/vel' 1770386333.9272 93.4100 0.020 0.150 0.5634 0.020 4
1770386333.9273 0 'robobot/drive/T0/mvel' 1770386333.9273 0.020 0.150
1770386333.9285 0 'robobot/drive/T0/gyro' 1770386333.9284 2.205505 -0.198364 44.143738 93.411
1770386333.9285 0 'robobot/drive/T0/acc' 1770386333.9285 0.020508 -0.036621 0.923584 93.411
1770386333.9286 0 'robobot/drive/T0/pose' 1770386333.9285 93.4120 0.704 0.138 1.3230 -3.1034
1770386333.9340 0 'robobot/drive/T0/pose' 1770386333.9339 93.4170 0.704 0.139 1.3253 -3.1036
1770386333.9340 0 'robobot/drive/T0/livn' 1770386333.9340 397 390 386 392 383 386 386 376 5
1770386333.9352 0 'robobot/drive/T0/ird' 1770386333.9351 0.842 1.500 3572 1809 1
1770386333.9352 0 'robobot/drive/T0/vel' 1770386333.9352 93.4180 0.017 0.149 0.5715 0.017 4
1770386333.9360 0 'robobot/drive/T0/mvel' 1770386333.9359 0.017 0.149
1770386333.9396 0 'robobot/drive/T0/pose' 1770386333.9395 93.4220 0.704 0.139 1.3277 -3.1036
1770386333.9407 0 'robobot/drive/T0/gyro' 1770386333.9406 2.876892 -1.846313 43.014587 93.423
1770386333.9408 0 'robobot/drive/T0/acc' 1770386333.9407 0.052246 -0.020264 0.992188 93.423
1770386333.9430 0 'robobot/drive/T0/vel' 1770386333.9429 93.4260 0.024 0.161 0.5975 0.024 4
1770386333.9434 0 'robobot/drive/T0/mvel' 1770386333.9434 0.024 0.161
1770386333.9442 0 'robobot/drive/T0/pose' 1770386333.9441 93.4270 0.704 0.140 1.3288 -3.1037
1770386333.9443 0 'robobot/drive/T0/livn' 1770386333.9442 394 394 386 391 394 379 376 378 5
1770386333.9486 0 'robobot/drive/T0/liv' 1770386333.9485 295 344 364 299 344 368 338 251 25
1770386333.9487 0 'robobot/drive/T0/pose' 1770386333.9486 93.4320 0.704 0.140 1.3311 -3.1036
1770386333.9509 0 'robobot/drive/T0/vel' 1770386333.9508 93.4340 0.067 0.157 0.3900 0.067 4
1770386333.9519 0 'robobot/drive/T0/mvel' 1770386333.9519 0.067 0.157
1770386333.9521 0 'robobot/drive/T0/gyro' 1770386333.9519 1.808777 0.747681 42.495789 93.435
1770386333.9521 0 'robobot/drive/T0/acc' 1770386333.9521 0.075195 0.023193 1.052490 93.435
1770386333.9533 0 'robobot/drive/T0/mot' 1770386333.9532 0.78 1.3 0.1 0.1 0
1770386333.9533 0 'robobot/drive/T0/mca' 1770386333.9533 0.176 0.185 16
1770386333.9544 0 'robobot/drive/T0/pose' 1770386333.9544 93.4370 0.704 0.141 1.3323 -3.1033
1770386333.9545 0 'robobot/drive/T0/livn' 1770386333.9544 384 377 385 379 384 371 372 362 5
1770386333.9588 0 'robobot/drive/T0/vel' 1770386333.9587 93.4420 0.075 0.148 0.3159 0.075 4
1770386333.9588 0 'robobot/drive/T0/pose' 1770386333.9588 93.4420 0.704 0.141 1.3334 -3.1032
1770386333.9593 0 'robobot/drive/T0/mvel' 1770386333.9593 0.075 0.148
1770386333.9600 0 'robobot/drive/T0/ird' 1770386333.9599 0.881 1.500 3480 1889 1
1770386333.9643 0 'robobot/drive/T0/pose' 1770386333.9642 93.4470 0.705 0.142 1.3369 -3.1032
1770386333.9643 0 'robobot/drive/T0/livn' 1770386333.9643 387 384 383 394 388 363 370 361 5
1770386333.9644 0 'robobot/drive/T0/gyro' 1770386333.9643 3.090515 -3.585815 40.939392 93.447
1770386333.9645 0 'robobot/drive/T0/acc' 1770386333.9644 0.055664 0.019043 0.843018 93.447
1770386333.9666 0 'robobot/drive/T0/vel' 1770386333.9666 93.4500 0.075 0.156 0.3493 0.075 4
1770386333.9667 0 'robobot/drive/T0/mvel' 1770386333.9667 0.075 0.156
1770386333.9688 0 'robobot/drive/T0/pose' 1770386333.9688 93.4520 0.705 0.142 1.3381 -3.1030
1770386333.9742 0 'robobot/drive/T0/pose' 1770386333.9741 93.4570 0.705 0.143 1.3415 -3.1029
1770386333.9743 0 'robobot/drive/T0/livn' 1770386333.9742 390 376 385 392 390 377 380 375 5
1770386333.9754 0 'robobot/drive/T0/vel' 1770386333.9754 93.4580 0.070 0.160 0.3920 0.070 4
1770386333.9762 0 'robobot/drive/T0/mvel' 1770386333.9762 0.070 0.160
1770386333.9766 0 'robobot/drive/T0/gyro' 1770386333.9765 3.517761 1.296997 38.162292 93.459
1770386333.9766 0 'robobot/drive/T0/acc' 1770386333.9766 0.066406 0.015381 1.191406 93.459
1770386333.9788 0 'robobot/drive/T0/pose' 1770386333.9787 93.4620 0.705 0.143 1.3438 -3.1028
1770386333.9831 0 'robobot/drive/T0/vel' 1770386333.9830 93.4660 0.060 0.159 0.4286 0.060 4
1770386333.9837 0 'robobot/drive/T0/mvel' 1770386333.9836 0.060 0.159
1770386333.9842 0 'robobot/drive/T0/pose' 1770386333.9842 93.4670 0.705 0.144 1.3485 -3.1027
1770386333.9843 0 'robobot/drive/T0/livn' 1770386333.9843 400 382 388 389 379 376 379 387 5
1770386333.9854 0 'robobot/drive/T0/ird' 1770386333.9854 0.848 1.500 3558 1945 1
1770386333.9865 0 'robobot/drive/T0/mot' 1770386333.9865 0.41 1.3 0.1 0.1 0
1770386333.9866 0 'robobot/drive/T0/mca' 1770386333.9866 0.120 0.182 17
1770386333.9877 0 'robobot/drive/T0/gyro' 1770386333.9877 2.541199 1.693726 41.885437 93.471
1770386333.9878 0 'robobot/drive/T0/acc' 1770386333.9877 0.017090 -0.031494 0.881348 93.471
1770386333.9889 0 'robobot/drive/T0/pose' 1770386333.9889 93.4720 0.705 0.144 1.3508 -3.1026
1770386333.9911 0 'robobot/drive/T0/vel' 1770386333.9910 93.4740 0.047 0.152 0.4563 0.047 4
1770386333.9921 0 'robobot/drive/T0/mvel' 1770386333.9921 0.047 0.152
1770386333.9944 0 'robobot/drive/T0/pose' 1770386333.9943 93.4770 0.705 0.145 1.3554 -3.1030
1770386333.9944 0 'robobot/drive/T0/livn' 1770386333.9944 389 381 386 385 382 374 381 374 5
1770386333.9977 0 'robobot/drive/T0/liv' 1770386333.9976 297 340 367 300 342 360 338 254 25
1770386333.9988 0 'robobot/drive/T0/vel' 1770386333.9987 93.4820 0.035 0.155 0.5190 0.035 4
1770386333.9988 0 'robobot/drive/T0/pose' 1770386333.9988 93.4820 0.705 0.145 1.3566 -3.1033
1770386333.9995 0 'robobot/drive/T0/mvel' 1770386333.9995 0.035 0.155
1770386334.0000 0 'robobot/drive/T0/gyro' 1770386333.9999 1.351013 -2.548218 43.960632 93.483
1770386334.0001 0 'robobot/drive/T0/acc' 1770386334.0000 -0.008301 -0.045166 1.027832 93.483
1770386334.0044 0 'robobot/drive/T0/pose' 1770386334.0043 93.4870 0.705 0.145 1.3612 -3.1038
1770386334.0045 0 'robobot/drive/T0/livn' 1770386334.0044 387 382 397 400 378 376 378 373 5
1770386334.0067 0 'robobot/drive/T0/vel' 1770386334.0066 93.4900 0.029 0.161 0.5725 0.029 4
1770386334.0069 0 'robobot/drive/T0/mvel' 1770386334.0069 0.029 0.161
1770386334.0088 0 'robobot/drive/T0/pose' 1770386334.0088 93.4920 0.705 0.146 1.3635 -3.1039
1770386334.0100 0 'robobot/drive/T0/ird' 1770386334.0099 0.867 1.500 3511 2276 1
1770386334.0121 0 'robobot/drive/T0/gyro' 1770386334.0121 3.487244 2.182007 42.678894 93.495
1770386334.0122 0 'robobot/drive/T0/acc' 1770386334.0121 0.015137 -0.023682 1.015869 93.495
1770386334.0144 0 'robobot/drive/T0/pose' 1770386334.0143 93.4970 0.706 0.146 1.3681 -3.1039
1770386334.0145 0 'robobot/drive/T0/livn' 1770386334.0144 385 392 391 383 371 383 386 378 5
1770386334.0146 0 'robobot/drive/T0/vel' 1770386334.0145 93.4980 0.024 0.162 0.5998 0.024 4
1770386334.0154 0 'robobot/drive/T0/mvel' 1770386334.0154 0.024 0.162
1770386334.0188 0 'robobot/drive/T0/mot' 1770386334.0188 0.69 1.3 0.1 0.1 0
1770386334.0189 0 'robobot/drive/T0/mca' 1770386334.0188 0.209 0.169 16
1770386334.0189 0 'robobot/drive/T0/pose' 1770386334.0189 93.5020 0.706 0.146 1.3704 -3.1039
1770386334.0232 0 'robobot/drive/T0/vel' 1770386334.0232 93.5060 0.021 0.161 0.6096 0.021 4
1770386334.0239 0 'robobot/drive/T0/mvel' 1770386334.0239 0.021 0.161
1770386334.0244 0 'robobot/drive/T0/pose' 1770386334.0243 93.5070 0.706 0.147 1.3739 -3.1040
1770386334.0244 0 'robobot/drive/T0/livn' 1770386334.0244 391 389 389 388 385 381 379 371 5
1770386334.0245 0 'robobot/drive/T0/gyro' 1770386334.0244 2.419128 -0.106812 43.258728 93.507
1770386334.0246 0 'robobot/drive/T0/acc' 1770386334.0245 0.041260 -0.029297 0.905273 93.507
1770386334.0289 0 'robobot/drive/T0/pose' 1770386334.0288 93.5120 0.706 0.147 1.3762 -3.1042
1770386334.0311 0 'robobot/drive/T0/vel' 1770386334.0310 93.5140 0.020 0.156 0.5920 0.020 4
1770386334.0313 0 'robobot/drive/T0/mvel' 1770386334.0313 0.020 0.156
1770386334.0343 0 'robobot/drive/T0/pose' 1770386334.0342 93.5170 0.706 0.148 1.3785 -3.1043
1770386334.0344 0 'robobot/drive/T0/livn' 1770386334.0343 388 386 387 386 384 379 375 367 5
1770386334.0355 0 'robobot/drive/T0/ird' 1770386334.0354 0.932 1.500 3371 2191 1
1770386334.0366 0 'robobot/drive/T0/gyro' 1770386334.0366 3.975525 1.876831 40.664734 93.519
1770386334.0367 0 'robobot/drive/T0/acc' 1770386334.0366 0.055664 0.046143 1.076416 93.519
1770386334.0388 0 'robobot/drive/T0/vel' 1770386334.0388 93.5220 0.018 0.150 0.5764 0.018 4
1770386334.0389 0 'robobot/drive/T0/pose' 1770386334.0389 93.5220 0.706 0.148 1.3809 -3.1041
1770386334.0397 0 'robobot/drive/T0/mvel' 1770386334.0397 0.018 0.150
1770386334.0443 0 'robobot/drive/T0/pose' 1770386334.0442 93.5270 0.706 0.149 1.3820 -3.1038
1770386334.0444 0 'robobot/drive/T0/livn' 1770386334.0443 397 396 387 390 386 381 380 359 5
1770386334.0444 0 'robobot/drive/T0/hbt' 1770386334.0444 93.5280 107 1033 11.75 4 8 9.0 0.51 0
1770386334.0466 0 'robobot/drive/T0/vel' 1770386334.0466 93.5300 0.030 0.151 0.5262 0.030 4
1770386334.0471 0 'robobot/drive/T0/mvel' 1770386334.0471 0.030 0.151
1770386334.0478 0 'robobot/drive/T0/gyro' 1770386334.0477 1.686707 0.473022 39.627136 93.531
1770386334.0478 0 'robobot/drive/T0/acc' 1770386334.0478 0.068848 0.042480 0.866699 93.531
1770386334.0479 0 'robobot/drive/T0/liv' 1770386334.0478 295 349 368 298 338 366 341 252 25
1770386334.0490 0 'robobot/drive/T0/pose' 1770386334.0490 93.5320 0.706 0.149 1.3832 -3.1036
1770386334.0523 0 'robobot/drive/T0/mot' 1770386334.0522 0.75 1.4 0.1 0.1 0
1770386334.0523 0 'robobot/drive/T0/mca' 1770386334.0523 0.188 0.176 17
1770386334.0545 0 'robobot/drive/T0/pose' 1770386334.0544 93.5370 0.706 0.150 1.3843 -3.1036
1770386334.0546 0 'robobot/drive/T0/livn' 1770386334.0545 392 391 386 384 387 382 389 372 5
1770386334.0547 0 'robobot/drive/T0/vel' 1770386334.0546 93.5380 0.071 0.150 0.3433 0.071 4
1770386334.0556 0 'robobot/drive/T0/mvel' 1770386334.0556 0.071 0.150
1770386334.0590 0 'robobot/drive/T0/pose' 1770386334.0589 93.5420 0.706 0.151 1.3866 -3.1036
1770386334.0601 0 'robobot/drive/T0/ird' 1770386334.0600 0.911 1.500 3414 2274 1
1770386334.0602 0 'robobot/drive/T0/gyro' 1770386334.0601 3.609314 -0.656128 39.291443 93.543
1770386334.0602 0 'robobot/drive/T0/acc' 1770386334.0602 0.083496 0.084961 1.014160 93.543
1770386334.0635 0 'robobot/drive/T0/vel' 1770386334.0634 93.5460 0.075 0.144 0.3007 0.075 4
1770386334.0641 0 'robobot/drive/T0/mvel' 1770386334.0640 0.075 0.144
1770386334.0646 0 'robobot/drive/T0/pose' 1770386334.0645 93.5470 0.706 0.151 1.3890 -3.1037
1770386334.0647 0 'robobot/drive/T0/livn' 1770386334.0646 394 388 390 392 393 382 387 374 5
1770386334.0690 0 'robobot/drive/T0/pose' 1770386334.0689 93.5520 0.707 0.152 1.3901 -3.1035
1770386334.0711 0 'robobot/drive/T0/vel' 1770386334.0711 93.5540 0.074 0.149 0.3265 0.074 4
1770386334.0715 0 'robobot/drive/T0/mvel' 1770386334.0714 0.074 0.149
1770386334.0723 0 'robobot/drive/T0/gyro' 1770386334.0722 1.167908 0.503540 35.324158 93.555
1770386334.0723 0 'robobot/drive/T0/acc' 1770386334.0723 0.136475 0.091553 0.936279 93.555
1770386334.0745 0 'robobot/drive/T0/pose' 1770386334.0745 93.5570 0.707 0.152 1.3936 -3.1029
1770386334.0746 0 'robobot/drive/T0/livn' 1770386334.0745 391 383 385 378 389 385 388 380 5
1770386334.0789 0 'robobot/drive/T0/vel' 1770386334.0788 93.5620 0.064 0.152 0.3817 0.064 4
1770386334.0790 0 'robobot/drive/T0/pose' 1770386334.0789 93.5620 0.707 0.153 1.3959 -3.1027
1770386334.0799 0 'robobot/drive/T0/mvel' 1770386334.0799 0.064 0.152
1770386334.0843 0 'robobot/drive/T0/pose' 1770386334.0842 93.5670 0.707 0.153 1.3982 -3.1031
1770386334.0844 0 'robobot/drive/T0/livn' 1770386334.0843 392 390 401 384 387 379 381 384 5
1770386334.0845 0 'robobot/drive/T0/gyro' 1770386334.0844 2.480164 0.747681 38.284363 93.567
1770386334.0846 0 'robobot/drive/T0/acc' 1770386334.0845 0.007324 -0.053223 1.114258 93.567
1770386334.0846 0 'robobot/drive/T0/mot' 1770386334.0846 0.42 1.4 0.1 0.1 0
1770386334.0846 0 'robobot/drive/T0/mca' 1770386334.0846 0.088 0.222 16
1770386334.0847 0 'robobot/drive/T0/ird' 1770386334.0846 0.903 1.500 3431 2572 1
1770386334.0869 0 'robobot/drive/T0/vel' 1770386334.0868 93.5700 0.053 0.147 0.4101 0.053 4
1770386334.0873 0 'robobot/drive/T0/mvel' 1770386334.0873 0.053 0.147
1770386334.0891 0 'robobot/drive/T0/pose' 1770386334.0890 93.5720 0.707 0.153 1.4005 -3.1030
1770386334.0944 0 'robobot/drive/T0/pose' 1770386334.0944 93.5770 0.707 0.154 1.4051 -3.1030
1770386334.0945 0 'robobot/drive/T0/livn' 1770386334.0944 393 384 393 392 391 387 381 375 5
1770386334.0946 0 'robobot/drive/T0/vel' 1770386334.0945 93.5780 0.045 0.146 0.4374 0.045 4
1770386334.0948 0 'robobot/drive/T0/mvel' 1770386334.0947 0.045 0.146
1770386334.0957 0 'robobot/drive/T0/gyro' 1770386334.0956 0.740662 1.022339 39.962830 93.579
1770386334.0958 0 'robobot/drive/T0/acc' 1770386334.0957 -0.003906 -0.058105 0.887451 93.579
1770386334.0980 0 'robobot/drive/T0/liv' 1770386334.0979 299 346 373 298 345 369 346 257 25
1770386334.0991 0 'robobot/drive/T0/pose' 1770386334.0990 93.5820 0.707 0.154 1.4075 -3.1031
1770386334.1034 0 'robobot/drive/T0/vel' 1770386334.1033 93.5860 0.036 0.152 0.5050 0.036 4
1770386334.1042 0 'robobot/drive/T0/mvel' 1770386334.1042 0.036 0.152
1770386334.1045 0 'robobot/drive/T0/pose' 1770386334.1045 93.5870 0.707 0.154 1.4109 -3.1036
1770386334.1046 0 'robobot/drive/T0/livn' 1770386334.1045 393 385 391 394 389 388 390 372 5
1770386334.1078 0 'robobot/drive/T0/gyro' 1770386334.1078 1.412048 -2.304077 43.106140 93.591
1770386334.1079 0 'robobot/drive/T0/acc' 1770386334.1078 0.049072 -0.045166 1.144043 93.591
1770386334.1090 0 'robobot/drive/T0/pose' 1770386334.1090 93.5920 0.707 0.155 1.4144 -3.1039
1770386334.1102 0 'robobot/drive/T0/ird' 1770386334.1101 0.880 1.366 3482 2772 1
1770386334.1113 0 'robobot/drive/T0/vel' 1770386334.1112 93.5940 0.031 0.156 0.5441 0.031 4
1770386334.1116 0 'robobot/drive/T0/mvel' 1770386334.1116 0.031 0.156
1770386334.1145 0 'robobot/drive/T0/pose' 1770386334.1145 93.5970 0.707 0.155 1.4179 -3.1041
1770386334.1146 0 'robobot/drive/T0/livn' 1770386334.1145 394 388 385 401 394 390 394 374 5
1770386334.1178 0 'robobot/drive/T0/mot' 1770386334.1178 0.65 1.4 0.1 0.1 0
1770386334.1179 0 'robobot/drive/T0/mca' 1770386334.1178 0.179 0.216 17
1770386334.1190 0 'robobot/drive/T0/vel' 1770386334.1189 93.6020 0.026 0.157 0.5708 0.026 4
1770386334.1191 0 'robobot/drive/T0/mvel' 1770386334.1190 0.026 0.157
1770386334.1191 0 'robobot/drive/T0/pose' 1770386334.1190 93.6020 0.707 0.156 1.4202 -3.1040
1770386334.1202 0 'robobot/drive/T0/gyro' 1770386334.1201 1.991882 2.914429 43.838562 93.603
1770386334.1203 0 'robobot/drive/T0/acc' 1770386334.1202 0.056396 -0.044678 0.973389 93.603
1770386334.1246 0 'robobot/drive/T0/pose' 1770386334.1245 93.6070 0.707 0.156 1.4236 -3.1038
1770386334.1246 0 'robobot/drive/T0/livn' 1770386334.1246 397 399 386 381 387 383 386 362 5
1770386334.1268 0 'robobot/drive/T0/vel' 1770386334.1268 93.6100 0.021 0.151 0.5659 0.021 4
1770386334.1275 0 'robobot/drive/T0/mvel' 1770386334.1275 0.021 0.151
1770386334.1290 0 'robobot/drive/T0/pose' 1770386334.1289 93.6120 0.707 0.157 1.4248 -3.1037
1770386334.1323 0 'robobot/drive/T0/gyro' 1770386334.1322 2.724304 0.167847 43.380798 93.615
1770386334.1323 0 'robobot/drive/T0/acc' 1770386334.1323 0.045898 0.012695 1.032227 93.615
1770386334.1345 0 'robobot/drive/T0/pose' 1770386334.1344 93.6170 0.707 0.157 1.4294 -3.1037
1770386334.1346 0 'robobot/drive/T0/livn' 1770386334.1345 399 391 391 383 396 385 378 368 5
1770386334.1347 0 'robobot/drive/T0/ird' 1770386334.1346 0.860 1.156 3529 3005 1
1770386334.1347 0 'robobot/drive/T0/vel' 1770386334.1347 93.6180 0.019 0.145 0.5494 0.019 4
1770386334.1349 0 'robobot/drive/T0/mvel' 1770386334.1349 0.019 0.145
1770386334.1391 0 'robobot/drive/T0/pose' 1770386334.1390 93.6220 0.708 0.158 1.4294 -3.1036
1770386334.1434 0 'robobot/drive/T0/vel' 1770386334.1433 93.6260 0.023 0.159 0.5918 0.023 4
1770386334.1444 0 'robobot/drive/T0/mvel' 1770386334.1444 0.023 0.159
1770386334.1446 0 'robobot/drive/T0/pose' 1770386334.1445 93.6270 0.708 0.158 1.4329 -3.1035
1770386334.1447 0 'robobot/drive/T0/livn' 1770386334.1446 395 374 383 383 388 376 376 365 5
1770386334.1447 0 'robobot/drive/T0/gyro' 1770386334.1447 3.487244 0.228882 41.305603 93.627
1770386334.1448 0 'robobot/drive/T0/acc' 1770386334.1447 0.063965 0.008301 0.979980 93.627
1770386334.1481 0 'robobot/drive/T0/liv' 1770386334.1480 300 345 366 301 347 369 344 252 25
1770386334.1492 0 'robobot/drive/T0/pose' 1770386334.1491 93.6320 0.708 0.159 1.4329 -3.1034
1770386334.1514 0 'robobot/drive/T0/mot' 1770386334.1513 0.8 1.4 0.1 0.1 0
1770386334.1514 0 'robobot/drive/T0/mca' 1770386334.1514 0.176 0.211 16
1770386334.1515 0 'robobot/drive/T0/vel' 1770386334.1514 93.6340 0.064 0.166 0.4420 0.064 4
1770386334.1518 0 'robobot/drive/T0/mvel' 1770386334.1518 0.064 0.166
1770386334.1537 0 'robobot/drive/T0/pose' 1770386334.1536 93.6370 0.708 0.160 1.4352 -3.1032
1770386334.1538 0 'robobot/drive/T0/livn' 1770386334.1537 396 390 391 404 393 382 385 380 5
1770386334.1560 0 'robobot/drive/T0/gyro' 1770386334.1559 1.137390 -2.517700 42.282166 93.639
1770386334.1560 0 'robobot/drive/T0/acc' 1770386334.1560 0.083008 0.054932 1.055908 93.639
1770386334.1593 0 'robobot/drive/T0/vel' 1770386334.1592 93.6420 0.086 0.153 0.2945 0.086 4
1770386334.1594 0 'robobot/drive/T0/pose' 1770386334.1593 93.6420 0.708 0.160 1.4364 -3.1031
1770386334.1603 0 'robobot/drive/T0/mvel' 1770386334.1603 0.086 0.153
1770386334.1605 0 'robobot/drive/T0/ird' 1770386334.1604 0.827 1.222 3610 2923 1
1770386334.1637 0 'robobot/drive/T0/pose' 1770386334.1636 93.6470 0.708 0.161 1.4387 -3.1024
1770386334.1638 0 'robobot/drive/T0/livn' 1770386334.1637 394 390 388 397 389 385 377 369 5
1770386334.1670 0 'robobot/drive/T0/vel' 1770386334.1670 93.6500 0.083 0.154 0.3096 0.083 4
1770386334.1677 0 'robobot/drive/T0/mvel' 1770386334.1677 0.083 0.154
1770386334.1682 0 'robobot/drive/T0/gyro' 1770386334.1681 4.463806 0.289917 35.018982 93.651
1770386334.1682 0 'robobot/drive/T0/acc' 1770386334.1682 0.097412 0.057129 1.035400 93.651
1770386334.1694 0 'robobot/drive/T0/pose' 1770386334.1693 93.6520 0.708 0.161 1.4410 -3.1021
1770386334.1737 0 'robobot/drive/T0/pose' 1770386334.1736 93.6570 0.708 0.162 1.4456 -3.1019
1770386334.1738 0 'robobot/drive/T0/livn' 1770386334.1737 392 387 394 404 390 381 383 376 5
1770386334.1749 0 'robobot/drive/T0/vel' 1770386334.1748 93.6580 0.066 0.163 0.4187 0.066 4
1770386334.1751 0 'robobot/drive/T0/mvel' 1770386334.1751 0.066 0.163
1770386334.1792 0 'robobot/drive/T0/pose' 1770386334.1791 93.6620 0.708 0.162 1.4468 -3.1020
1770386334.1803 0 'robobot/drive/T0/gyro' 1770386334.1802 0.862732 2.304077 38.772644 93.663
1770386334.1804 0 'robobot/drive/T0/acc' 1770386334.1803 -0.001953 -0.013672 0.944092 93.663
1770386334.1826 0 'robobot/drive/T0/vel' 1770386334.1825 93.6660 0.052 0.156 0.4504 0.052 4
1770386334.1836 0 'robobot/drive/T0/mvel' 1770386334.1835 0.052 0.156
1770386334.1837 0 'robobot/drive/T0/mot' 1770386334.1836 0.39 1.3 0.1 0.1 0
1770386334.1837 0 'robobot/drive/T0/mca' 1770386334.1837 0.113 0.188 17
1770386334.1838 0 'robobot/drive/T0/pose' 1770386334.1837 93.6670 0.708 0.162 1.4502 -3.1021
1770386334.1839 0 'robobot/drive/T0/livn' 1770386334.1838 392 384 386 396 383 385 377 372 5
1770386334.1850 0 'robobot/drive/T0/ird' 1770386334.1849 0.810 1.143 3656 3022 1
1770386334.1893 0 'robobot/drive/T0/pose' 1770386334.1892 93.6720 0.708 0.163 1.4537 -3.1022
1770386334.1914 0 'robobot/drive/T0/vel' 1770386334.1914 93.6740 0.045 0.150 0.4549 0.045 4
1770386334.1920 0 'robobot/drive/T0/mvel' 1770386334.1920 0.045 0.150
1770386334.1926 0 'robobot/drive/T0/gyro' 1770386334.1925 3.243103 0.717163 42.068542 93.675
1770386334.1927 0 'robobot/drive/T0/acc' 1770386334.1926 -0.034424 -0.031982 0.983398 93.675
1770386334.1938 0 'robobot/drive/T0/pose' 1770386334.1937 93.6770 0.708 0.163 1.4560 -3.1025
1770386334.1939 0 'robobot/drive/T0/livn' 1770386334.1938 379 385 389 402 389 390 387 381 5
1770386334.1981 0 'robobot/drive/T0/liv' 1770386334.1981 297 344 369 307 345 371 342 256 25
1770386334.1993 0 'robobot/drive/T0/vel' 1770386334.1992 93.6820 0.034 0.159 0.5408 0.034 4
1770386334.1993 0 'robobot/drive/T0/pose' 1770386334.1993 93.6820 0.708 0.164 1.4595 -3.1027
1770386334.1994 0 'robobot/drive/T0/mvel' 1770386334.1994 0.034 0.159
1770386334.2047 0 'robobot/drive/T0/pose' 1770386334.2046 93.6870 0.708 0.164 1.4630 -3.1030
1770386334.2048 0 'robobot/drive/T0/livn' 1770386334.2047 394 369 391 390 390 379 384 380 5
1770386334.2048 0 'robobot/drive/T0/gyro' 1770386334.2048 -0.724182 -1.205444 44.326843 93.687
1770386334.2049 0 'robobot/drive/T0/acc' 1770386334.2048 -0.011719 -0.054199 1.008301 93.687
1770386334.2071 0 'robobot/drive/T0/vel' 1770386334.2070 93.6900 0.032 0.165 0.5790 0.032 4
1770386334.2079 0 'robobot/drive/T0/mvel' 1770386334.2079 0.032 0.165
1770386334.2093 0 'robobot/drive/T0/pose' 1770386334.2092 93.6920 0.708 0.164 1.4664 -3.1032
1770386334.2104 0 'robobot/drive/T0/ird' 1770386334.2103 0.816 1.268 3640 2871 1
1770386334.2147 0 'robobot/drive/T0/pose' 1770386334.2146 93.6970 0.708 0.165 1.4711 -3.1033
1770386334.2147 0 'robobot/drive/T0/livn' 1770386334.2147 400 395 392 396 392 381 373 370 5
1770386334.2148 0 'robobot/drive/T0/vel' 1770386334.2147 93.6980 0.028 0.166 0.6009 0.028 4
1770386334.2153 0 'robobot/drive/T0/mvel' 1770386334.2153 0.028 0.166
1770386334.2159 0 'robobot/drive/T0/gyro' 1770386334.2159 3.761902 0.686646 45.120300 93.699
1770386334.2160 0 'robobot/drive/T0/acc' 1770386334.2159 0.031982 -0.077637 1.002441 93.699
1770386334.2171 0 'robobot/drive/T0/mot' 1770386334.2171 0.67 1.3 0.1 0.1 0
1770386334.2172 0 'robobot/drive/T0/mca' 1770386334.2171 0.223 0.175 16
1770386334.2193 0 'robobot/drive/T0/pose' 1770386334.2193 93.7020 0.708 0.165 1.4734 -3.1033
1770386334.2226 0 'robobot/drive/T0/vel' 1770386334.2225 93.7060 0.023 0.160 0.5940 0.023 4
1770386334.2227 0 'robobot/drive/T0/mvel' 1770386334.2227 0.023 0.160
1770386334.2237 0 'robobot/drive/T0/pose' 1770386334.2237 93.7070 0.709 0.166 1.4768 -3.1032
1770386334.2238 0 'robobot/drive/T0/livn' 1770386334.2237 397 392 393 404 391 383 383 377 5
1770386334.2281 0 'robobot/drive/T0/gyro' 1770386334.2280 0.435486 1.510620 44.906677 93.711
1770386334.2282 0 'robobot/drive/T0/acc' 1770386334.2281 0.010742 -0.026367 0.964111 93.711
1770386334.2293 0 'robobot/drive/T0/pose' 1770386334.2292 93.7120 0.709 0.166 1.4803 -3.1031
1770386334.2315 0 'robobot/drive/T0/vel' 1770386334.2314 93.7140 0.020 0.153 0.5809 0.020 4
1770386334.2322 0 'robobot/drive/T0/mvel' 1770386334.2322 0.020 0.153
1770386334.2337 0 'robobot/drive/T0/pose' 1770386334.2336 93.7170 0.709 0.167 1.4826 -3.1031
1770386334.2337 0 'robobot/drive/T0/livn' 1770386334.2337 385 377 390 412 400 386 380 386 5
1770386334.2348 0 'robobot/drive/T0/ird' 1770386334.2348 0.769 1.310 3769 2827 1
1770386334.2391 0 'robobot/drive/T0/vel' 1770386334.2391 93.7220 0.018 0.154 0.5900 0.018 4
1770386334.2392 0 'robobot/drive/T0/pose' 1770386334.2391 93.7220 0.709 0.167 1.4849 -3.1030
1770386334.2396 0 'robobot/drive/T0/mvel' 1770386334.2396 0.018 0.154
1770386334.2403 0 'robobot/drive/T0/gyro' 1770386334.2403 3.182068 -1.113892 43.533386 93.723
1770386334.2404 0 'robobot/drive/T0/acc' 1770386334.2403 0.046631 -0.004883 0.960205 93.723
1770386334.2436 0 'robobot/drive/T0/pose' 1770386334.2436 93.7270 0.709 0.168 1.4873 -3.1029
1770386334.2437 0 'robobot/drive/T0/livn' 1770386334.2437 398 391 388 401 394 387 385 379 5
1770386334.2470 0 'robobot/drive/T0/vel' 1770386334.2469 93.7300 0.018 0.159 0.6112 0.018 4
1770386334.2470 0 'robobot/drive/T0/mvel' 1770386334.2470 0.018 0.159
1770386334.2481 0 'robobot/drive/T0/liv' 1770386334.2480 299 346 370 309 349 370 342 257 25
1770386334.2492 0 'robobot/drive/T0/pose' 1770386334.2492 93.7320 0.709 0.168 1.4896 -3.1029
1770386334.2503 0 'robobot/drive/T0/mot' 1770386334.2503 0.85 1.3 0.1 0.1 0
1770386334.2504 0 'robobot/drive/T0/mca' 1770386334.2503 0.229 0.172 17
1770386334.2526 0 'robobot/drive/T0/gyro' 1770386334.2525 2.174988 0.411987 41.305603 93.735
1770386334.2526 0 'robobot/drive/T0/acc' 1770386334.2526 0.054932 0.041504 1.068848 93.735
1770386334.2538 0 'robobot/drive/T0/pose' 1770386334.2537 93.7370 0.709 0.169 1.4907 -3.1028
1770386334.2538 0 'robobot/drive/T0/livn' 1770386334.2538 389 382 389 407 390 378 375 369 5
1770386334.2550 0 'robobot/drive/T0/vel' 1770386334.2549 93.7380 0.038 0.162 0.5392 0.038 4
1770386334.2555 0 'robobot/drive/T0/mvel' 1770386334.2555 0.038 0.162
1770386334.2593 0 'robobot/drive/T0/pose' 1770386334.2592 93.7420 0.709 0.169 1.4930 -3.1025
1770386334.2604 0 'robobot/drive/T0/ird' 1770386334.2603 0.797 1.500 3690 2532 1
1770386334.2636 0 'robobot/drive/T0/vel' 1770386334.2636 93.7460 0.071 0.160 0.3871 0.071 4
1770386334.2640 0 'robobot/drive/T0/mvel' 1770386334.2639 0.071 0.160
1770386334.2648 0 'robobot/drive/T0/pose' 1770386334.2647 93.7470 0.709 0.170 1.4942 -3.1024
1770386334.2648 0 'robobot/drive/T0/livn' 1770386334.2648 379 377 390 404 395 375 375 372 5
1770386334.2649 0 'robobot/drive/T0/gyro' 1770386334.2648 2.449646 -0.198364 41.122498 93.747
1770386334.2650 0 'robobot/drive/T0/acc' 1770386334.2649 0.069336 0.020020 0.986328 93.747
1770386334.2693 0 'robobot/drive/T0/pose' 1770386334.2692 93.7520 0.709 0.170 1.4954 -3.1022
1770386334.2714 0 'robobot/drive/T0/vel' 1770386334.2714 93.7540 0.088 0.154 0.2880 0.088 4
1770386334.2724 0 'robobot/drive/T0/mvel' 1770386334.2724 0.088 0.154
1770386334.2747 0 'robobot/drive/T0/pose' 1770386334.2746 93.7570 0.709 0.171 1.4977 -3.1021
1770386334.2747 0 'robobot/drive/T0/livn' 1770386334.2747 392 385 396 403 386 382 385 390 5
1770386334.2759 0 'robobot/drive/T0/gyro' 1770386334.2758 2.663269 -2.243042 38.192810 93.759
1770386334.2759 0 'robobot/drive/T0/acc' 1770386334.2759 0.176025 0.135010 0.925537 93.759
1770386334.2792 0 'robobot/drive/T0/vel' 1770386334.2791 93.7620 0.084 0.154 0.3073 0.084 4
1770386334.2793 0 'robobot/drive/T0/pose' 1770386334.2792 93.7620 0.709 0.172 1.5000 -3.1018
1770386334.2798 0 'robobot/drive/T0/mvel' 1770386334.2798 0.084 0.154
1770386334.2825 0 'robobot/drive/T0/mot' 1770386334.2824 0.31 1.3 0.1 0.1 0
1770386334.2825 0 'robobot/drive/T0/mca' 1770386334.2825 0.120 0.162 16
1770386334.2847 0 'robobot/drive/T0/pose' 1770386334.2847 93.7670 0.709 0.172 1.5034 -3.1015
1770386334.2848 0 'robobot/drive/T0/livn' 1770386334.2847 395 389 388 386 381 388 388 384 5
1770386334.2848 0 'robobot/drive/T0/ird' 1770386334.2848 0.819 1.500 3630 2411 1
1770386334.2870 0 'robobot/drive/T0/vel' 1770386334.2870 93.7700 0.070 0.160 0.3926 0.070 4
1770386334.2872 0 'robobot/drive/T0/mvel' 1770386334.2872 0.070 0.160
1770386334.2882 0 'robobot/drive/T0/gyro' 1770386334.2881 1.839294 2.822876 38.406433 93.771
1770386334.2882 0 'robobot/drive/T0/acc' 1770386334.2882 -0.015381 -0.021973 1.054932 93.771
1770386334.2893 0 'robobot/drive/T0/pose' 1770386334.2893 93.7720 0.709 0.172 1.5058 -3.1016
1770386334.2947 0 'robobot/drive/T0/pose' 1770386334.2946 93.7770 0.709 0.173 1.5104 -3.1016
1770386334.2948 0 'robobot/drive/T0/livn' 1770386334.2947 395 398 399 396 393 388 388 391 5
1770386334.2948 0 'robobot/drive/T0/vel' 1770386334.2948 93.7780 0.055 0.162 0.4654 0.055 4
1770386334.2956 0 'robobot/drive/T0/mvel' 1770386334.2956 0.055 0.162
1770386334.2981 0 'robobot/drive/T0/liv' 1770386334.2980 295 347 374 307 344 367 344 262 25
1770386334.2992 0 'robobot/drive/T0/pose' 1770386334.2991 93.7820 0.709 0.173 1.5127 -3.1018
1770386334.3003 0 'robobot/drive/T0/gyro' 1770386334.3003 1.991882 -1.510620 42.068542 93.783
1770386334.3004 0 'robobot/drive/T0/acc' 1770386334.3003 -0.027832 -0.069092 0.935791 93.783
1770386334.3026 0 'robobot/drive/T0/vel' 1770386334.3025 93.7860 0.044 0.155 0.4802 0.044 4
1770386334.3030 0 'robobot/drive/T0/mvel' 1770386334.3030 0.044 0.155
1770386334.3037 0 'robobot/drive/T0/pose' 1770386334.3036 93.7870 0.709 0.174 1.5162 -3.1023
1770386334.3038 0 'robobot/drive/T0/livn' 1770386334.3037 378 390 394 392 384 377 393 394 5
1770386334.3091 0 'robobot/drive/T0/pose' 1770386334.3091 93.7920 0.709 0.174 1.5196 -3.1026
1770386334.3103 0 'robobot/drive/T0/ird' 1770386334.3102 0.804 1.500 3670 2305 1
1770386334.3114 0 'robobot/drive/T0/vel' 1770386334.3113 93.7940 0.033 0.153 0.5216 0.033 4
1770386334.3115 0 'robobot/drive/T0/mvel' 1770386334.3114 0.033 0.153
1770386334.3125 0 'robobot/drive/T0/gyro' 1770386334.3125 1.839294 0.167847 43.075623 93.795
1770386334.3126 0 'robobot/drive/T0/acc' 1770386334.3125 -0.009033 -0.052490 1.092285 93.795
1770386334.3137 0 'robobot/drive/T0/pose' 1770386334.3137 93.7970 0.709 0.174 1.5231 -3.1029
1770386334.3138 0 'robobot/drive/T0/livn' 1770386334.3137 383 386 392 394 394 386 398 397 5
1770386334.3160 0 'robobot/drive/T0/mot' 1770386334.3159 0.62 1.3 0.1 0.1 0
1770386334.3160 0 'robobot/drive/T0/mca' 1770386334.3160 0.177 0.166 17
1770386334.3192 0 'robobot/drive/T0/vel' 1770386334.3192 93.8020 0.027 0.158 0.5669 0.027 4
1770386334.3193 0 'robobot/drive/T0/pose' 1770386334.3192 93.8020 0.709 0.175 1.5266 -3.1030
1770386334.3199 0 'robobot/drive/T0/mvel' 1770386334.3199 0.027 0.158
1770386334.3247 0 'robobot/drive/T0/pose' 1770386334.3246 93.8070 0.709 0.175 1.5289 -3.1033
1770386334.3247 0 'robobot/drive/T0/livn' 1770386334.3247 392 384 384 390 387 386 395 381 5
1770386334.3248 0 'robobot/drive/T0/gyro' 1770386334.3247 1.595154 -0.076294 44.082703 93.807
1770386334.3249 0 'robobot/drive/T0/acc' 1770386334.3248 -0.026611 -0.080322 0.955566 93.808
1770386334.3271 0 'robobot/drive/T0/vel' 1770386334.3270 93.8100 0.021 0.163 0.6160 0.021 4
1770386334.3273 0 'robobot/drive/T0/mvel' 1770386334.3273 0.021 0.163
1770386334.3292 0 'robobot/drive/T0/pose' 1770386334.3292 93.8120 0.709 0.176 1.5324 -3.1035
1770386334.3338 0 'robobot/drive/T0/pose' 1770386334.3337 93.8170 0.709 0.176 1.5358 -3.1038
1770386334.3338 0 'robobot/drive/T0/livn' 1770386334.3338 388 391 382 397 394 388 385 376 5
1770386334.3350 0 'robobot/drive/T0/ird' 1770386334.3349 0.802 1.500 3676 2076 1
1770386334.3351 0 'robobot/drive/T0/vel' 1770386334.3350 93.8180 0.019 0.165 0.6329 0.019 4
1770386334.3361 0 'robobot/drive/T0/mvel' 1770386334.3360 0.019 0.165
1770386334.3363 0 'robobot/drive/T0/gyro' 1770386334.3362 2.205505 -2.853394 45.272888 93.820
1770386334.3363 0 'robobot/drive/T0/acc' 1770386334.3363 0.012695 -0.037109 0.997314 93.820
1770386334.3396 0 'robobot/drive/T0/pose' 1770386334.3395 93.8220 0.709 0.177 1.5381 -3.1041
1770386334.3429 0 'robobot/drive/T0/vel' 1770386334.3428 93.8260 0.017 0.155 0.6013 0.017 4
1770386334.3436 0 'robobot/drive/T0/mvel' 1770386334.3436 0.017 0.155
1770386334.3441 0 'robobot/drive/T0/pose' 1770386334.3440 93.8270 0.709 0.177 1.5405 -3.1043
1770386334.3442 0 'robobot/drive/T0/livn' 1770386334.3441 385 376 375 401 393 389 387 374 5
1770386334.3486 0 'robobot/drive/T0/liv' 1770386334.3484 294 343 363 304 348 374 352 261 25
1770386334.3488 0 'robobot/drive/T0/gyro' 1770386334.3486 3.243103 2.090454 43.319763 93.832
1770386334.3489 0 'robobot/drive/T0/acc' 1770386334.3488 0.070312 0.034180 1.051758 93.832
1770386334.3489 0 'robobot/drive/T0/mot' 1770386334.3489 0.83 1.3 0.1 0.1 0
1770386334.3490 0 'robobot/drive/T0/mca' 1770386334.3489 0.227 0.145 16
1770386334.3491 0 'robobot/drive/T0/pose' 1770386334.3490 93.8320 0.709 0.178 1.5439 -3.1040
1770386334.3513 0 'robobot/drive/T0/vel' 1770386334.3512 93.8340 0.016 0.154 0.6003 0.016 4
1770386334.3521 0 'robobot/drive/T0/mvel' 1770386334.3521 0.016 0.154
1770386334.3545 0 'robobot/drive/T0/pose' 1770386334.3544 93.8370 0.709 0.178 1.5451 -3.1038
1770386334.3546 0 'robobot/drive/T0/livn' 1770386334.3545 390 384 383 394 394 391 394 390 5
1770386334.3568 0 'robobot/drive/master' 1770386334.3568 2026-02-06 14:58:48.828247
1770386334.3589 0 'robobot/drive/T0/vel' 1770386334.3588 93.8420 0.046 0.156 0.4758 0.046 4
1770386334.3590 0 'robobot/drive/T0/pose' 1770386334.3589 93.8420 0.709 0.179 1.5451 -3.1036
1770386334.3595 0 'robobot/drive/T0/mvel' 1770386334.3595 0.046 0.156
1770386334.3601 0 'robobot/drive/T0/ird' 1770386334.3600 0.779 1.500 3740 2038 1
1770386334.3602 0 'robobot/drive/T0/gyro' 1770386334.3601 2.968445 0.106812 42.160095 93.844
1770386334.3602 0 'robobot/drive/T0/acc' 1770386334.3602 0.070801 0.042969 0.966309 93.844
1770386334.3645 0 'robobot/drive/T0/pose' 1770386334.3645 93.8470 0.709 0.180 1.5474 -3.1035
1770386334.3646 0 'robobot/drive/T0/livn' 1770386334.3645 388 382 381 375 390 392 393 385 5
1770386334.3668 0 'robobot/drive/T0/vel' 1770386334.3667 93.8500 0.077 0.151 0.3233 0.077 4
1770386334.3669 0 'robobot/drive/T0/mvel' 1770386334.3669 0.077 0.151
1770386334.3690 0 'robobot/drive/T0/pose' 1770386334.3689 93.8520 0.709 0.180 1.5486 -3.1035
1770386334.3722 0 'robobot/drive/T0/gyro' 1770386334.3722 3.487244 -1.663208 40.115417 93.856
1770386334.3723 0 'robobot/drive/T0/acc' 1770386334.3722 0.115723 0.083496 1.035400 93.856
1770386334.3745 0 'robobot/drive/T0/pose' 1770386334.3744 93.8570 0.709 0.181 1.5520 -3.1032
1770386334.3746 0 'robobot/drive/T0/livn' 1770386334.3745 388 384 393 392 393 383 382 381 5
1770386334.3747 0 'robobot/drive/T0/vel' 1770386334.3746 93.8580 0.089 0.155 0.2869 0.089 4
1770386334.3753 0 'robobot/drive/T0/mvel' 1770386334.3753 0.089 0.155
1770386334.3790 0 'robobot/drive/T0/pose' 1770386334.3789 93.8620 0.709 0.181 1.5520 -3.1029
1770386334.3822 0 'robobot/drive/T0/mot' 1770386334.3821 0.31 1.3 0.1 0.1 0
1770386334.3822 0 'robobot/drive/T0/mca' 1770386334.3822 0.110 0.170 17
1770386334.3834 0 'robobot/drive/T0/vel' 1770386334.3833 93.8660 0.080 0.159 0.3436 0.080 4
1770386334.3838 0 'robobot/drive/T0/mvel' 1770386334.3838 0.080 0.159
1770386334.3845 0 'robobot/drive/T0/pose' 1770386334.3844 93.8680 0.709 0.182 1.5566 -3.1022
1770386334.3845 0 'robobot/drive/T0/livn' 1770386334.3845 369 384 401 404 390 374 373 387 5
1770386334.3846 0 'robobot/drive/T0/gyro' 1770386334.3846 3.182068 1.296997 35.354675 93.868
1770386334.3847 0 'robobot/drive/T0/acc' 1770386334.3846 0.120850 0.079834 1.081787 93.868
1770386334.3848 0 'robobot/drive/T0/ird' 1770386334.3847 0.845 1.500 3565 1959 1
1770386334.3891 0 'robobot/drive/T0/pose' 1770386334.3890 93.8730 0.709 0.182 1.5578 -3.1019
1770386334.3913 0 'robobot/drive/T0/vel' 1770386334.3912 93.8740 0.068 0.152 0.3673 0.068 4
1770386334.3922 0 'robobot/drive/T0/mvel' 1770386334.3922 0.068 0.152
1770386334.3945 0 'robobot/drive/T0/pose' 1770386334.3944 93.8780 0.709 0.183 1.5613 -3.1017
1770386334.3946 0 'robobot/drive/T0/livn' 1770386334.3945 391 395 387 399 392 385 389 382 5
1770386334.3957 0 'robobot/drive/T0/gyro' 1770386334.3957 3.273621 4.379272 36.483826 93.880
1770386334.3958 0 'robobot/drive/T0/acc' 1770386334.3957 0.031006 -0.025391 0.889404 93.880
1770386334.3980 0 'robobot/drive/T0/liv' 1770386334.3979 293 344 367 301 347 369 344 262 25
1770386334.3991 0 'robobot/drive/T0/vel' 1770386334.3990 93.8820 0.056 0.150 0.4116 0.056 4
1770386334.3992 0 'robobot/drive/T0/pose' 1770386334.3991 93.8830 0.709 0.183 1.5659 -3.1015
1770386334.3997 0 'robobot/drive/T0/mvel' 1770386334.3996 0.056 0.150
1770386334.4045 0 'robobot/drive/T0/livn' 1770386334.4044 396 382 368 387 390 385 387 383 5
1770386334.4046 0 'robobot/drive/T0/pose' 1770386334.4045 93.8880 0.709 0.183 1.5682 -3.1016
1770386334.4068 0 'robobot/drive/T0/vel' 1770386334.4067 93.8900 0.043 0.156 0.4877 0.043 4
1770386334.4071 0 'robobot/drive/T0/mvel' 1770386334.4070 0.043 0.156
1770386334.4079 0 'robobot/drive/T0/gyro' 1770386334.4078 2.602234 -1.388550 38.925232 93.892
1770386334.4080 0 'robobot/drive/T0/acc' 1770386334.4079 0.024902 -0.022949 1.021240 93.892
1770386334.4091 0 'robobot/drive/T0/pose' 1770386334.4090 93.8930 0.709 0.184 1.5717 -3.1019
1770386334.4102 0 'robobot/drive/T0/ird' 1770386334.4102 0.917 1.500 3401 1994 1
1770386334.4145 0 'robobot/drive/T0/livn' 1770386334.4144 393 388 385 397 388 386 388 387 5
1770386334.4146 0 'robobot/drive/T0/pose' 1770386334.4145 93.8980 0.709 0.184 1.5752 -3.1021
1770386334.4147 0 'robobot/drive/T0/mot' 1770386334.4146 0.53 1.3 0.1 0.1 0
1770386334.4147 0 'robobot/drive/T0/mca' 1770386334.4147 0.148 0.179 16
1770386334.4148 0 'robobot/drive/T0/vel' 1770386334.4147 93.8980 0.036 0.152 0.5042 0.036 4
1770386334.4155 0 'robobot/drive/T0/mvel' 1770386334.4155 0.036 0.152
1770386334.4191 0 'robobot/drive/T0/pose' 1770386334.4190 93.9030 0.709 0.185 1.5786 -3.1022
1770386334.4202 0 'robobot/drive/T0/gyro' 1770386334.4201 1.381531 1.541138 39.566101 93.904
1770386334.4203 0 'robobot/drive/T0/acc' 1770386334.4202 -0.012207 -0.072266 1.048340 93.904
1770386334.4235 0 'robobot/drive/T0/vel' 1770386334.4234 93.9060 0.027 0.151 0.5393 0.027 4
1770386334.4240 0 'robobot/drive/T0/mvel' 1770386334.4239 0.027 0.151
1770386334.4246 0 'robobot/drive/T0/livn' 1770386334.4246 387 393 388 380 384 392 394 380 5
1770386334.4247 0 'robobot/drive/T0/pose' 1770386334.4246 93.9080 0.709 0.185 1.5809 -3.1023
1770386334.4290 0 'robobot/drive/T0/pose' 1770386334.4289 93.9130 0.709 0.185 1.5844 -3.1027
1770386334.4312 0 'robobot/drive/T0/vel' 1770386334.4311 93.9140 0.023 0.157 0.5840 0.023 4
1770386334.4314 0 'robobot/drive/T0/mvel' 1770386334.4313 0.023 0.157
1770386334.4323 0 'robobot/drive/T0/gyro' 1770386334.4323 1.900330 -0.930786 44.021667 93.916
1770386334.4324 0 'robobot/drive/T0/acc' 1770386334.4323 -0.037598 -0.081299 0.886719 93.916
1770386334.4346 0 'robobot/drive/T0/livn' 1770386334.4345 391 383 392 392 395 397 398 376 5
1770386334.4347 0 'robobot/drive/T0/pose' 1770386334.4346 93.9180 0.709 0.186 1.5867 -3.1030
1770386334.4347 0 'robobot/drive/T0/ird' 1770386334.4347 0.930 1.500 3374 1942 1
1770386334.4390 0 'robobot/drive/T0/vel' 1770386334.4390 93.9220 0.019 0.155 0.5926 0.019 4
1770386334.4398 0 'robobot/drive/T0/mvel' 1770386334.4398 0.019 0.155
1770386334.4402 0 'robobot/drive/T0/pose' 1770386334.4401 93.9230 0.709 0.186 1.5902 -3.1035
1770386334.4445 0 'robobot/drive/T0/livn' 1770386334.4444 391 381 382 383 391 390 390 366 5
1770386334.4446 0 'robobot/drive/T0/gyro' 1770386334.4445 2.907410 -0.473022 43.991150 93.928
1770386334.4447 0 'robobot/drive/T0/acc' 1770386334.4446 0.039551 0.000000 1.056885 93.928
1770386334.4447 0 'robobot/drive/T0/pose' 1770386334.4447 93.9280 0.709 0.187 1.5913 -3.1036
1770386334.4469 0 'robobot/drive/T0/vel' 1770386334.4468 93.9300 0.018 0.153 0.5873 0.018 4
1770386334.4473 0 'robobot/drive/T0/mvel' 1770386334.4473 0.018 0.153
1770386334.4480 0 'robobot/drive/T0/mot' 1770386334.4480 0.77 1.3 0.1 0.1 0
1770386334.4481 0 'robobot/drive/T0/mca' 1770386334.4480 0.196 0.171 17
1770386334.4481 0 'robobot/drive/T0/liv' 1770386334.4481 296 345 365 299 347 376 351 258 25
1770386334.4503 0 'robobot/drive/T0/pose' 1770386334.4503 93.9330 0.709 0.187 1.5948 -3.1036
1770386334.4546 0 'robobot/drive/T0/livn' 1770386334.4546 391 385 393 389 392 380 385 373 5
1770386334.4547 0 'robobot/drive/T0/pose' 1770386334.4546 93.9380 0.709 0.188 1.5960 -3.1035
1770386334.4548 0 'robobot/drive/T0/vel' 1770386334.4547 93.9380 0.026 0.157 0.5696 0.026 4
1770386334.4548 0 'robobot/drive/T0/mvel' 1770386334.4548 0.026 0.157
1770386334.4559 0 'robobot/drive/T0/gyro' 1770386334.4558 2.571716 2.487183 42.465271 93.940
1770386334.4560 0 'robobot/drive/T0/acc' 1770386334.4559 0.073730 0.065430 1.013916 93.940
1770386334.4603 0 'robobot/drive/T0/pose' 1770386334.4602 93.9430 0.709 0.189 1.5971 -3.1031
1770386334.4603 0 'robobot/drive/T0/ird' 1770386334.4603 0.868 1.500 3509 2054 1
1770386334.4636 0 'robobot/drive/T0/vel' 1770386334.4635 93.9460 0.065 0.133 0.2930 0.065 4
1770386334.4644 0 'robobot/drive/T0/mvel' 1770386334.4643 0.065 0.133
1770386334.4647 0 'robobot/drive/T0/livn' 1770386334.4646 407 390 390 396 402 381 374 369 5
1770386334.4648 0 'robobot/drive/T0/pose' 1770386334.4647 93.9480 0.709 0.189 1.5971 -3.1030
1770386334.4680 0 'robobot/drive/T0/gyro' 1770386334.4679 3.334656 -1.815796 41.000427 93.952
1770386334.4681 0 'robobot/drive/T0/acc' 1770386334.4680 0.059570 0.024414 0.865479 93.952
1770386334.4703 0 'robobot/drive/T0/pose' 1770386334.4702 93.9530 0.709 0.189 1.5960 -3.1031
1770386334.4714 0 'robobot/drive/T0/vel' 1770386334.4713 93.9540 0.067 0.105 0.1641 0.067 4
1770386334.4718 0 'robobot/drive/T0/mvel' 1770386334.4718 0.067 0.105
1770386334.4746 0 'robobot/drive/T0/livn' 1770386334.4745 389 389 385 392 403 389 384 366 5
1770386334.4747 0 'robobot/drive/T0/pose' 1770386334.4746 93.9580 0.709 0.189 1.5948 -3.1033
1770386334.4790 0 'robobot/drive/T0/vel' 1770386334.4789 93.9620 0.062 0.073 0.0484 0.062 4
1770386334.4793 0 'robobot/drive/T0/mvel' 1770386334.4792 0.062 0.073
1770386334.4801 0 'robobot/drive/T0/pose' 1770386334.4800 93.9630 0.709 0.189 1.5960 -3.1031
1770386334.4802 0 'robobot/drive/T0/gyro' 1770386334.4801 2.174988 10.543823 29.464783 93.964
1770386334.4803 0 'robobot/drive/T0/acc' 1770386334.4802 -0.072510 0.192871 1.330566 93.964
1770386334.4814 0 'robobot/drive/T0/mot' 1770386334.4813 -0.06 0.13 0.1 0.1 0
1770386334.4814 0 'robobot/drive/T0/mca' 1770386334.4814 0.101 0.085 16
1770386334.4847 0 'robobot/drive/T0/livn' 1770386334.4846 395 390 388 389 388 380 386 380 5
1770386334.4847 0 'robobot/drive/T0/pose' 1770386334.4847 93.9680 0.709 0.189 1.5971 -3.1029
1770386334.4848 0 'robobot/drive/T0/ird' 1770386334.4847 0.835 1.500 3590 2263 1
1770386334.4870 0 'robobot/drive/T0/vel' 1770386334.4869 93.9700 0.053 0.045 -0.0363 0.053 4
1770386334.4879 0 'robobot/drive/T0/mvel' 1770386334.4879 0.053 0.045
1770386334.4902 0 'robobot/drive/T0/pose' 1770386334.4901 93.9730 0.709 0.190 1.6006 -3.1030
1770386334.4924 0 'robobot/drive/T0/gyro' 1770386334.4923 8.492126 0.106812 16.891541 93.976
1770386334.4925 0 'robobot/drive/T0/acc' 1770386334.4924 -0.109863 0.007812 0.647461 93.976
1770386334.4947 0 'robobot/drive/T0/livn' 1770386334.4946 391 392 395 388 388 388 384 381 5
1770386334.4947 0 'robobot/drive/T0/pose' 1770386334.4947 93.9780 0.709 0.190 1.6029 -3.1036
1770386334.4948 0 'robobot/drive/T0/vel' 1770386334.4947 93.9780 0.041 0.100 0.2557 0.041 4
1770386334.4954 0 'robobot/drive/T0/mvel' 1770386334.4953 0.041 0.100
1770386334.4980 0 'robobot/drive/T0/liv' 1770386334.4980 299 348 373 302 350 369 343 257 25
1770386334.5002 0 'robobot/drive/T0/pose' 1770386334.5002 93.9830 0.709 0.190 1.6052 -3.1054
1770386334.5035 0 'robobot/drive/T0/vel' 1770386334.5034 93.9860 0.035 0.122 0.3774 0.035 4
1770386334.5039 0 'robobot/drive/T0/mvel' 1770386334.5038 0.035 0.122
1770386334.5046 0 'robobot/drive/T0/livn' 1770386334.5045 378 379 401 394 384 379 386 392 5
1770386334.5047 0 'robobot/drive/T0/gyro' 1770386334.5046 -2.829895 -8.865356 19.363464 93.988
1770386334.5047 0 'robobot/drive/T0/acc' 1770386334.5047 -0.079346 0.093994 1.449951 93.988
1770386334.5048 0 'robobot/drive/T0/pose' 1770386334.5047 93.9880 0.709 0.190 1.6064 -3.1066
1770386334.5102 0 'robobot/drive/T0/pose' 1770386334.5101 93.9930 0.709 0.191 1.6087 -3.1069
1770386334.5102 0 'robobot/drive/T0/ird' 1770386334.5102 0.817 1.500 3636 2076 1
1770386334.5113 0 'robobot/drive/T0/vel' 1770386334.5113 93.9940 0.028 0.095 0.2884 0.028 4
1770386334.5115 0 'robobot/drive/T0/mvel' 1770386334.5115 0.028 0.095
1770386334.5135 0 'robobot/drive/T0/mot' 1770386334.5135 -0.02 -0.41 0.1 0.1 0
1770386334.5136 0 'robobot/drive/T0/mca' 1770386334.5135 0.086 0.124 17
1770386334.5137 0 'robobot/drive/T0/livn' 1770386334.5136 389 387 389 398 390 379 370 374 5
1770386334.5148 0 'robobot/drive/T0/pose' 1770386334.5147 93.9980 0.709 0.191 1.6087 -3.1067
1770386334.5159 0 'robobot/drive/T0/gyro' 1770386334.5159 -2.524719 14.236450 13.351501 94.000
1770386334.5160 0 'robobot/drive/T0/acc' 1770386334.5160 -0.152588 0.140869 0.980225 94.000
1770386334.5193 0 'robobot/drive/T0/vel' 1770386334.5192 94.0020 0.023 0.079 0.2426 0.023 4
1770386334.5201 0 'robobot/drive/T0/mvel' 1770386334.5201 0.023 0.079
1770386334.5204 0 'robobot/drive/T0/pose' 1770386334.5203 94.0030 0.709 0.191 1.6098 -3.1066
1770386334.5247 0 'robobot/drive/T0/livn' 1770386334.5246 388 384 393 396 394 383 385 387 5
1770386334.5248 0 'robobot/drive/T0/pose' 1770386334.5247 94.0080 0.709 0.191 1.6098 -3.1065
1770386334.5269 0 'robobot/drive/T0/vel' 1770386334.5269 94.0100 0.020 0.058 0.1658 0.020 4
1770386334.5275 0 'robobot/drive/T0/mvel' 1770386334.5275 0.020 0.058
1770386334.5281 0 'robobot/drive/T0/gyro' 1770386334.5280 0.649109 3.433228 1.052917 94.012
1770386334.5281 0 'robobot/drive/T0/acc' 1770386334.5281 -0.162354 0.216064 0.662842 94.012
1770386334.5303 0 'robobot/drive/T0/pose' 1770386334.5303 94.0130 0.709 0.191 1.6098 -3.1075
1770386334.5346 0 'robobot/drive/T0/livn' 1770386334.5346 393 390 398 395 393 388 388 382 5
1770386334.5347 0 'robobot/drive/T0/pose' 1770386334.5346 94.0180 0.709 0.191 1.6098 -3.1089
1770386334.5348 0 'robobot/drive/T0/ird' 1770386334.5347 0.916 1.500 3404 2219 1
1770386334.5348 0 'robobot/drive/T0/vel' 1770386334.5348 94.0180 0.017 0.047 0.1303 0.017 4
1770386334.5350 0 'robobot/drive/T0/mvel' 1770386334.5350 0.017 0.047
1770386334.5402 0 'robobot/drive/T0/pose' 1770386334.5401 94.0230 0.709 0.191 1.6110 -3.1110
1770386334.5403 0 'robobot/drive/T0/gyro' 1770386334.5402 -0.174866 -12.741089 -10.971008 94.024
1770386334.5404 0 'robobot/drive/T0/acc' 1770386334.5403 -0.155029 0.155273 0.812256 94.024
1770386334.5426 0 'robobot/drive/T0/vel' 1770386334.5425 94.0260 0.015 0.036 0.0899 0.015 4
1770386334.5434 0 'robobot/drive/T0/mvel' 1770386334.5433 0.015 0.036
1770386334.5438 0 'robobot/drive/T0/livn' 1770386334.5436 401 396 387 383 393 395 393 372 5
1770386334.5449 0 'robobot/drive/T0/hbt' 1770386334.5448 94.0280 107 1033 11.75 4 8 35.1 0.57 0
1770386334.5450 0 'robobot/drive/T0/pose' 1770386334.5449 94.0280 0.709 0.191 1.6110 -3.1126
1770386334.5472 0 'robobot/drive/T0/mot' 1770386334.5471 -0.02 -0.28 0.1 0.1 0
1770386334.5472 0 'robobot/drive/T0/mca' 1770386334.5472 0.103 0.174 16
1770386334.5483 0 'robobot/drive/T0/liv' 1770386334.5483 298 347 371 303 349 371 344 259 25
1770386334.5495 0 'robobot/drive/T0/pose' 1770386334.5494 94.0330 0.709 0.191 1.6110 -3.1143
1770386334.5506 0 'robobot/drive/T0/vel' 1770386334.5505 94.0340 0.013 0.034 0.0910 0.013 4
1770386334.5508 0 'robobot/drive/T0/mvel' 1770386334.5508 0.013 0.034
1770386334.5528 0 'robobot/drive/T0/gyro' 1770386334.5527 1.228943 -1.296997 -14.480530 94.036
1770386334.5529 0 'robobot/drive/T0/acc' 1770386334.5528 -0.097412 -0.001709 1.271240 94.036
1770386334.5540 0 'robobot/drive/T0/livn' 1770386334.5540 400 395 391 392 394 381 385 385 5
1770386334.5552 0 'robobot/drive/T0/pose' 1770386334.5551 94.0380 0.709 0.191 1.6110 -3.1149
1770386334.5595 0 'robobot/drive/T0/vel' 1770386334.5594 94.0420 0.012 0.027 0.0653 0.012 4
1770386334.5595 0 'robobot/drive/T0/pose' 1770386334.5595 94.0430 0.709 0.191 1.6098 -3.1152
1770386334.5596 0 'robobot/drive/T0/ird' 1770386334.5595 0.946 1.500 3342 2082 1
1770386334.5603 0 'robobot/drive/T0/mvel' 1770386334.5603 0.012 0.027
1770386334.5639 0 'robobot/drive/T0/livn' 1770386334.5638 391 391 391 386 397 382 386 384 5
1770386334.5640 0 'robobot/drive/T0/gyro' 1770386334.5639 -2.890930 2.761841 -7.400452 94.048
1770386334.5640 0 'robobot/drive/T0/acc' 1770386334.5640 -0.051514 -0.031982 0.847656 94.048
1770386334.5652 0 'robobot/drive/T0/pose' 1770386334.5651 94.0480 0.709 0.191 1.6098 -3.1153
1770386334.5674 0 'robobot/drive/T0/vel' 1770386334.5673 94.0500 0.012 0.005 -0.0290 0.012 4
1770386334.5677 0 'robobot/drive/T0/mvel' 1770386334.5677 0.012 0.005
1770386334.5695 0 'robobot/drive/T0/pose' 1770386334.5695 94.0530 0.709 0.191 1.6087 -3.1156
1770386334.5738 0 'robobot/drive/T0/livn' 1770386334.5738 396 396 388 384 396 386 386 378 5
1770386334.5750 0 'robobot/drive/T0/pose' 1770386334.5749 94.0580 0.709 0.191 1.6087 -3.1159
1770386334.5750 0 'robobot/drive/T0/vel' 1770386334.5750 94.0580 0.010 -0.005 -0.0642 0.010 4
1770386334.5751 0 'robobot/drive/T0/mvel' 1770386334.5751 0.010 -0.005
1770386334.5762 0 'robobot/drive/T0/gyro' 1770386334.5761 -2.250061 -4.013062 -3.829895 94.060
1770386334.5762 0 'robobot/drive/T0/acc' 1770386334.5762 0.002197 -0.055420 1.006592 94.060
1770386334.5795 0 'robobot/drive/T0/mot' 1770386334.5794 -0.04 -0.09 0.1 0.1 0
1770386334.5795 0 'robobot/drive/T0/mca' 1770386334.5795 0.093 0.069 17
1770386334.5796 0 'robobot/drive/T0/pose' 1770386334.5795 94.0630 0.709 0.191 1.6075 -3.1164
1770386334.5828 0 'robobot/drive/T0/vel' 1770386334.5827 94.0660 0.010 -0.013 -0.0988 0.010 4
1770386334.5836 0 'robobot/drive/T0/mvel' 1770386334.5836 0.010 -0.013
1770386334.5839 0 'robobot/drive/T0/livn' 1770386334.5839 392 386 384 400 394 384 375 389 5
1770386334.5851 0 'robobot/drive/T0/ird' 1770386334.5850 0.970 1.500 3296 2030 1
1770386334.5851 0 'robobot/drive/T0/pose' 1770386334.5851 94.0680 0.709 0.191 1.6075 -3.1164
1770386334.5884 0 'robobot/drive/T0/gyro' 1770386334.5883 -1.609192 2.944946 -4.775940 94.072
1770386334.5884 0 'robobot/drive/T0/acc' 1770386334.5884 0.063721 -0.087158 1.101318 94.072
1770386334.5896 0 'robobot/drive/T0/pose' 1770386334.5895 94.0730 0.709 0.191 1.6075 -3.1161
1770386334.5907 0 'robobot/drive/T0/vel' 1770386334.5906 94.0740 0.009 -0.014 -0.1011 0.009 4
1770386334.5910 0 'robobot/drive/T0/mvel' 1770386334.5910 0.009 -0.014
1770386334.5940 0 'robobot/drive/T0/livn' 1770386334.5939 400 375 386 398 396 378 378 370 5
1770386334.5951 0 'robobot/drive/T0/pose' 1770386334.5950 94.0780 0.709 0.191 1.6075 -3.1158
1770386334.5983 0 'robobot/drive/T0/liv' 1770386334.5983 299 346 368 301 351 368 342 259 25
1770386334.5994 0 'robobot/drive/T0/vel' 1770386334.5994 94.0820 0.008 -0.014 -0.0983 0.008 4
1770386334.5995 0 'robobot/drive/T0/mvel' 1770386334.5994 0.008 -0.014
1770386334.5995 0 'robobot/drive/T0/pose' 1770386334.5995 94.0830 0.709 0.191 1.6075 -3.1155
1770386334.6007 0 'robobot/drive/T0/gyro' 1770386334.6006 0.771179 -1.113892 -6.240784 94.084
1770386334.6008 0 'robobot/drive/T0/acc' 1770386334.6007 0.046631 -0.069824 0.861816 94.084
1770386334.6040 0 'robobot/drive/T0/livn' 1770386334.6039 394 390 396 397 393 386 390 376 5
1770386334.6051 0 'robobot/drive/T0/pose' 1770386334.6050 94.0880 0.709 0.191 1.6075 -3.1156
1770386334.6073 0 'robobot/drive/T0/vel' 1770386334.6072 94.0900 0.008 -0.015 -0.0979 0.008 4
1770386334.6079 0 'robobot/drive/T0/mvel' 1770386334.6079 0.008 -0.015
1770386334.6095 0 'robobot/drive/T0/ird' 1770386334.6094 0.916 1.500 3403 2053 1
1770386334.6096 0 'robobot/drive/T0/pose' 1770386334.6095 94.0930 0.709 0.191 1.6075 -3.1156
1770386334.6118 0 'robobot/drive/T0/gyro' 1770386334.6117 1.442566 0.045776 -7.888733 94.096
1770386334.6118 0 'robobot/drive/T0/acc' 1770386334.6118 0.073975 -0.013428 1.092773 94.096
1770386334.6130 0 'robobot/drive/T0/mot' 1770386334.6129 -0.07 0.04 0.1 0.1 0
1770386334.6130 0 'robobot/drive/T0/mca' 1770386334.6130 0.078 0.030 16
1770386334.6141 0 'robobot/drive/T0/livn' 1770386334.6141 391 394 381 390 396 386 382 373 5
1770386334.6153 0 'robobot/drive/T0/pose' 1770386334.6152 94.0980 0.709 0.191 1.6075 -3.1155
1770386334.6153 0 'robobot/drive/T0/vel' 1770386334.6153 94.0980 0.008 -0.015 -0.0975 0.008 4
1770386334.6154 0 'robobot/drive/T0/mvel' 1770386334.6153 0.008 -0.015
1770386334.6196 0 'robobot/drive/T0/pose' 1770386334.6196 94.1030 0.709 0.191 1.6075 -3.1151
1770386334.6229 0 'robobot/drive/T0/vel' 1770386334.6228 94.1060 0.007 -0.015 -0.0954 0.007 4
1770386334.6238 0 'robobot/drive/T0/mvel' 1770386334.6238 0.007 -0.015
1770386334.6240 0 'robobot/drive/T0/livn' 1770386334.6239 393 398 383 385 388 389 387 379 5
1770386334.6241 0 'robobot/drive/T0/gyro' 1770386334.6240 0.710144 1.754761 -7.522522 94.108
1770386334.6241 0 'robobot/drive/T0/acc' 1770386334.6241 0.074219 0.042969 0.958740 94.108
1770386334.6253 0 'robobot/drive/T0/pose' 1770386334.6252 94.1080 0.709 0.191 1.6075 -3.1150
1770386334.6296 0 'robobot/drive/T0/pose' 1770386334.6295 94.1130 0.709 0.191 1.6075 -3.1147
1770386334.6307 0 'robobot/drive/T0/vel' 1770386334.6306 94.1140 0.007 -0.015 -0.0933 0.007 4
1770386334.6312 0 'robobot/drive/T0/mvel' 1770386334.6312 0.007 -0.015
1770386334.6339 0 'robobot/drive/T0/livn' 1770386334.6339 392 398 386 383 386 385 381 376 5
1770386334.6350 0 'robobot/drive/T0/ird' 1770386334.6350 0.901 1.500 3436 2012 1
1770386334.6351 0 'robobot/drive/T0/pose' 1770386334.6350 94.1180 0.709 0.191 1.6075 -3.1147
1770386334.6362 0 'robobot/drive/T0/gyro' 1770386334.6362 -0.113831 -3.372192 -5.752502 94.120
1770386334.6363 0 'robobot/drive/T0/acc' 1770386334.6362 0.037354 0.000488 0.872314 94.120
1770386334.6396 0 'robobot/drive/T0/vel' 1770386334.6395 94.1220 0.006 -0.014 -0.0872 0.006 4
1770386334.6396 0 'robobot/drive/T0/pose' 1770386334.6396 94.1230 0.709 0.191 1.6075 -3.1148
1770386334.6397 0 'robobot/drive/T0/mvel' 1770386334.6397 0.006 -0.014
1770386334.6439 0 'robobot/drive/T0/livn' 1770386334.6438 399 392 389 393 393 385 381 380 5
1770386334.6450 0 'robobot/drive/T0/pose' 1770386334.6450 94.1280 0.709 0.191 1.6075 -3.1148
1770386334.6462 0 'robobot/drive/T0/mot' 1770386334.6461 -0.09 0.1 0.1 0.1 0
1770386334.6462 0 'robobot/drive/T0/mca' 1770386334.6462 0.080 0.037 17
1770386334.6473 0 'robobot/drive/T0/vel' 1770386334.6473 94.1300 0.006 -0.013 -0.0838 0.006 4
1770386334.6481 0 'robobot/drive/T0/mvel' 1770386334.6481 0.006 -0.013
1770386334.6485 0 'robobot/drive/T0/liv' 1770386334.6484 298 352 366 301 348 372 344 258 25
1770386334.6485 0 'robobot/drive/T0/gyro' 1770386334.6485 -1.700745 -0.167847 0.778259 94.132
1770386334.6486 0 'robobot/drive/T0/acc' 1770386334.6485 0.109131 -0.031738 1.066162 94.132
1770386334.6497 0 'robobot/drive/T0/pose' 1770386334.6497 94.1330 0.709 0.191 1.6075 -3.1145
1770386334.6540 0 'robobot/drive/T0/livn' 1770386334.6540 389 380 379 385 398 389 382 382 5
1770386334.6552 0 'robobot/drive/T0/pose' 1770386334.6551 94.1380 0.709 0.191 1.6075 -3.1141
1770386334.6552 0 'robobot/drive/T0/vel' 1770386334.6552 94.1380 0.006 -0.011 -0.0748 0.006 4
1770386334.6556 0 'robobot/drive/T0/mvel' 1770386334.6555 0.006 -0.011
1770386334.6595 0 'robobot/drive/T0/ird' 1770386334.6595 0.895 1.500 3448 2145 1
1770386334.6596 0 'robobot/drive/T0/pose' 1770386334.6595 94.1430 0.709 0.191 1.6075 -3.1135
1770386334.6607 0 'robobot/drive/T0/gyro' 1770386334.6606 -2.127991 1.266479 5.813660 94.144
1770386334.6608 0 'robobot/drive/T0/acc' 1770386334.6607 0.116943 -0.100342 0.951660 94.144
1770386334.6630 0 'robobot/drive/T0/vel' 1770386334.6629 94.1460 0.006 -0.011 -0.0711 0.006 4
1770386334.6640 0 'robobot/drive/T0/mvel' 1770386334.6640 0.006 -0.011
1770386334.6641 0 'robobot/drive/T0/livn' 1770386334.6640 401 386 379 385 395 390 381 376 5
1770386334.6652 0 'robobot/drive/T0/pose' 1770386334.6652 94.1480 0.709 0.191 1.6075 -3.1130
1770386334.6695 0 'robobot/drive/T0/pose' 1770386334.6695 94.1530 0.709 0.191 1.6075 -3.1126
1770386334.6707 0 'robobot/drive/T0/vel' 1770386334.6706 94.1540 0.005 -0.010 -0.0685 0.005 4
1770386334.6714 0 'robobot/drive/T0/mvel' 1770386334.6714 0.005 -0.010
1770386334.6718 0 'robobot/drive/T0/gyro' 1770386334.6717 -0.327454 1.144409 4.653992 94.156
1770386334.6719 0 'robobot/drive/T0/acc' 1770386334.6718 0.072266 -0.065674 1.002197 94.156
1770386334.6741 0 'robobot/drive/T0/livn' 1770386334.6740 392 381 376 386 387 371 369 362 5
1770386334.6752 0 'robobot/drive/T0/pose' 1770386334.6751 94.1580 0.709 0.191 1.6075 -3.1123
1770386334.6784 0 'robobot/drive/T0/mot' 1770386334.6784 -0.11 0.13 0.1 0.1 0
1770386334.6785 0 'robobot/drive/T0/mca' 1770386334.6784 0.080 0.043 16
1770386334.6786 0 'robobot/drive/T0/vel' 1770386334.6785 94.1620 0.005 -0.010 -0.0646 0.005 4
1770386334.6788 0 'robobot/drive/T0/mvel' 1770386334.6788 0.005 -0.010
1770386334.6797 0 'robobot/drive/T0/pose' 1770386334.6796 94.1630 0.709 0.191 1.6075 -3.1118
1770386334.6840 0 'robobot/drive/T0/livn' 1770386334.6839 399 390 389 390 400 392 387 370 5
1770386334.6840 0 'robobot/drive/T0/gyro' 1770386334.6840 0.923767 0.076294 0.015320 94.168
1770386334.6842 0 'robobot/drive/T0/acc' 1770386334.6840 0.087646 -0.058838 0.996826 94.168
1770386334.6853 0 'robobot/drive/T0/ird' 1770386334.6852 0.926 1.500 3383 1978 1
1770386334.6853 0 'robobot/drive/T0/pose' 1770386334.6853 94.1680 0.709 0.191 1.6075 -3.1116
1770386334.6875 0 'robobot/drive/T0/vel' 1770386334.6875 94.1700 0.005 -0.009 -0.0628 0.005 4
1770386334.6883 0 'robobot/drive/T0/mvel' 1770386334.6883 0.005 -0.009
1770386334.6897 0 'robobot/drive/T0/pose' 1770386334.6896 94.1730 0.709 0.191 1.6075 -3.1114
1770386334.6940 0 'robobot/drive/T0/livn' 1770386334.6939 394 384 384 392 402 386 382 378 5
1770386334.6951 0 'robobot/drive/T0/pose' 1770386334.6951 94.1780 0.709 0.191 1.6075 -3.1113
1770386334.6952 0 'robobot/drive/T0/vel' 1770386334.6951 94.1780 0.005 -0.007 -0.0520 0.005 4
1770386334.6957 0 'robobot/drive/T0/mvel' 1770386334.6957 0.005 -0.007
1770386334.6963 0 'robobot/drive/T0/gyro' 1770386334.6963 2.480164 -0.473022 -2.792297 94.180
1770386334.6964 0 'robobot/drive/T0/acc' 1770386334.6963 0.049316 -0.023438 0.991211 94.180
1770386334.6975 0 'robobot/drive/T0/liv' 1770386334.6975 300 344 362 298 352 371 340 254 25
1770386334.6997 0 'robobot/drive/T0/pose' 1770386334.6997 94.1830 0.709 0.191 1.6075 -3.1112
1770386334.7030 0 'robobot/drive/T0/vel' 1770386334.7029 94.1860 0.005 -0.005 -0.0417 0.005 4
1770386334.7031 0 'robobot/drive/T0/mvel' 1770386334.7031 0.005 -0.005
1770386334.7041 0 'robobot/drive/T0/livn' 1770386334.7040 397 397 391 391 385 380 380 389 5
1770386334.7052 0 'robobot/drive/T0/pose' 1770386334.7051 94.1880 0.709 0.191 1.6075 -3.1113
1770386334.7085 0 'robobot/drive/T0/gyro' 1770386334.7084 1.747742 0.839233 -1.785217 94.192
1770386334.7085 0 'robobot/drive/T0/acc' 1770386334.7085 -0.004395 0.012695 0.958984 94.192
1770386334.7097 0 'robobot/drive/T0/ird' 1770386334.7096 0.965 1.500 3306 2002 1
1770386334.7097 0 'robobot/drive/T0/pose' 1770386334.7097 94.1930 0.709 0.191 1.6075 -3.1113
1770386334.7109 0 'robobot/drive/T0/vel' 1770386334.7108 94.1940 0.004 -0.005 -0.0412 0.004 4
1770386334.7116 0 'robobot/drive/T0/mvel' 1770386334.7115 0.004 -0.005
1770386334.7120 0 'robobot/drive/T0/mot' 1770386334.7119 -0.13 0.13 0.1 0.1 0
1770386334.7120 0 'robobot/drive/T0/mca' 1770386334.7120 0.081 0.050 17
1770386334.7142 0 'robobot/drive/T0/livn' 1770386334.7141 376 388 391 396 382 376 382 388 5
1770386334.7153 0 'robobot/drive/T0/pose' 1770386334.7153 94.1980 0.709 0.191 1.6075 -3.1115
1770386334.7186 0 'robobot/drive/T0/vel' 1770386334.7185 94.2020 0.004 -0.005 -0.0410 0.004 4
1770386334.7190 0 'robobot/drive/T0/mvel' 1770386334.7190 0.004 -0.005
1770386334.7197 0 'robobot/drive/T0/pose' 1770386334.7196 94.2030 0.709 0.191 1.6075 -3.1116
1770386334.7198 0 'robobot/drive/T0/gyro' 1770386334.7197 -0.083313 0.686646 2.121033 94.204
1770386334.7199 0 'robobot/drive/T0/acc' 1770386334.7198 -0.010742 0.038574 0.971191 94.204
1770386334.7242 0 'robobot/drive/T0/livn' 1770386334.7241 395 392 390 395 392 381 386 376 5
1770386334.7253 0 'robobot/drive/T0/pose' 1770386334.7252 94.2080 0.709 0.191 1.6075 -3.1117
1770386334.7275 0 'robobot/drive/T0/vel' 1770386334.7274 94.2100 0.004 -0.005 -0.0408 0.004 4
1770386334.7275 0 'robobot/drive/T0/mvel' 1770386334.7275 0.004 -0.005
1770386334.7297 0 'robobot/drive/T0/pose' 1770386334.7296 94.2130 0.709 0.191 1.6075 -3.1119
1770386334.7318 0 'robobot/drive/T0/gyro' 1770386334.7318 -1.761780 1.388550 5.813660 94.216
1770386334.7319 0 'robobot/drive/T0/acc' 1770386334.7318 0.029053 0.032471 0.945557 94.216
1770386334.7341 0 'robobot/drive/T0/livn' 1770386334.7340 388 397 397 404 401 388 386 384 5
1770386334.7353 0 'robobot/drive/T0/ird' 1770386334.7352 0.904 1.500 3429 2167 1
1770386334.7354 0 'robobot/drive/T0/pose' 1770386334.7353 94.2180 0.709 0.191 1.6075 -3.1120
1770386334.7354 0 'robobot/drive/T0/vel' 1770386334.7354 94.2180 0.004 -0.005 -0.0404 0.004 4
1770386334.7359 0 'robobot/drive/T0/mvel' 1770386334.7359 0.004 -0.005
1770386334.7398 0 'robobot/drive/T0/pose' 1770386334.7397 94.2230 0.709 0.191 1.6075 -3.1121
1770386334.7431 0 'robobot/drive/T0/vel' 1770386334.7430 94.2260 0.004 -0.005 -0.0402 0.004 4
1770386334.7434 0 'robobot/drive/T0/mvel' 1770386334.7434 0.004 -0.005
1770386334.7443 0 'robobot/drive/T0/livn' 1770386334.7442 390 392 392 399 398 386 385 387 5
1770386334.7445 0 'robobot/drive/T0/gyro' 1770386334.7443 -1.731262 -2.212524 7.095398 94.228
1770386334.7446 0 'robobot/drive/T0/acc' 1770386334.7445 -0.003662 -0.052979 0.963623 94.228
1770386334.7446 0 'robobot/drive/T0/mot' 1770386334.7446 -0.14 0.16 0.1 0.1 0
1770386334.7447 0 'robobot/drive/T0/mca' 1770386334.7446 0.081 0.053 16
1770386334.7448 0 'robobot/drive/T0/pose' 1770386334.7447 94.2280 0.709 0.191 1.6075 -3.1122
1770386334.7480 0 'robobot/drive/T0/liv' 1770386334.7479 296 350 371 304 347 369 346 263 25
1770386334.7502 0 'robobot/drive/T0/pose' 1770386334.7501 94.2330 0.709 0.191 1.6075 -3.1124
1770386334.7514 0 'robobot/drive/T0/vel' 1770386334.7513 94.2340 0.004 -0.005 -0.0399 0.004 4
1770386334.7515 0 'robobot/drive/T0/mvel' 1770386334.7515 0.004 -0.005
1770386334.7546 0 'robobot/drive/T0/livn' 1770386334.7545 398 387 383 375 391 386 390 375 5
1770386334.7547 0 'robobot/drive/T0/pose' 1770386334.7546 94.2380 0.709 0.191 1.6075 -3.1124
1770386334.7558 0 'robobot/drive/T0/gyro' 1770386334.7558 -0.846252 0.991821 5.416931 94.240
1770386334.7559 0 'robobot/drive/T0/acc' 1770386334.7558 0.040039 -0.061279 1.030273 94.240
1770386334.7592 0 'robobot/drive/T0/vel' 1770386334.7591 94.2420 0.004 -0.005 -0.0387 0.004 4
1770386334.7602 0 'robobot/drive/T0/mvel' 1770386334.7602 0.004 -0.005
1770386334.7603 0 'robobot/drive/T0/ird' 1770386334.7602 0.867 1.500 3511 2042 1
1770386334.7604 0 'robobot/drive/T0/pose' 1770386334.7603 94.2430 0.709 0.191 1.6075 -3.1122
1770386334.7647 0 'robobot/drive/T0/livn' 1770386334.7646 392 391 388 387 396 382 384 377 5
1770386334.7647 0 'robobot/drive/T0/pose' 1770386334.7647 94.2480 0.709 0.191 1.6075 -3.1120
1770386334.7670 0 'robobot/drive/T0/vel' 1770386334.7669 94.2500 0.004 -0.005 -0.0363 0.004 4
1770386334.7676 0 'robobot/drive/T0/mvel' 1770386334.7676 0.004 -0.005
1770386334.7681 0 'robobot/drive/T0/gyro' 1770386334.7680 1.076355 0.167847 2.456726 94.252
1770386334.7682 0 'robobot/drive/T0/acc' 1770386334.7681 0.057617 -0.065186 0.948730 94.252
1770386334.7704 0 'robobot/drive/T0/pose' 1770386334.7703 94.2530 0.709 0.191 1.6075 -3.1118
1770386334.7747 0 'robobot/drive/T0/livn' 1770386334.7746 387 385 387 390 399 384 380 388 5
1770386334.7747 0 'robobot/drive/T0/pose' 1770386334.7747 94.2580 0.709 0.191 1.6075 -3.1118
1770386334.7748 0 'robobot/drive/T0/vel' 1770386334.7747 94.2580 0.004 -0.005 -0.0362 0.004 4
1770386334.7751 0 'robobot/drive/T0/mvel' 1770386334.7750 0.004 -0.005
1770386334.7781 0 'robobot/drive/T0/mot' 1770386334.7780 -0.16 0.18 0.1 0.1 0
1770386334.7781 0 'robobot/drive/T0/mca' 1770386334.7781 0.082 0.063 17
1770386334.7803 0 'robobot/drive/T0/pose' 1770386334.7802 94.2630 0.709 0.191 1.6075 -3.1117
1770386334.7804 0 'robobot/drive/T0/gyro' 1770386334.7803 1.747742 -0.473022 0.473083 94.264
1770386334.7804 0 'robobot/drive/T0/acc' 1770386334.7804 0.042725 -0.017090 1.041260 94.264
1770386334.7826 0 'robobot/drive/T0/vel' 1770386334.7825 94.2660 0.003 -0.005 -0.0356 0.003 4
1770386334.7836 0 'robobot/drive/T0/mvel' 1770386334.7836 0.003 -0.005
1770386334.7837 0 'robobot/drive/T0/livn' 1770386334.7837 384 389 389 390 400 389 376 387 5
1770386334.7849 0 'robobot/drive/T0/ird' 1770386334.7848 0.840 1.500 3577 2108 1
1770386334.7849 0 'robobot/drive/T0/pose' 1770386334.7849 94.2680 0.709 0.191 1.6075 -3.1117
1770386334.7903 0 'robobot/drive/T0/pose' 1770386334.7902 94.2730 0.709 0.191 1.6075 -3.1116
1770386334.7914 0 'robobot/drive/T0/vel' 1770386334.7914 94.2740 0.003 -0.005 -0.0348 0.003 4
1770386334.7921 0 'robobot/drive/T0/mvel' 1770386334.7921 0.003 -0.005
1770386334.7926 0 'robobot/drive/T0/gyro' 1770386334.7925 1.198425 0.534058 0.747742 94.276
1770386334.7926 0 'robobot/drive/T0/acc' 1770386334.7926 0.022705 0.031494 0.966553 94.276
1770386334.7938 0 'robobot/drive/T0/livn' 1770386334.7937 375 381 389 388 399 390 380 383 5
1770386334.7949 0 'robobot/drive/T0/pose' 1770386334.7948 94.2780 0.709 0.191 1.6075 -3.1116
1770386334.7981 0 'robobot/drive/T0/liv' 1770386334.7981 292 346 368 300 354 372 341 260 25
1770386334.7993 0 'robobot/drive/T0/vel' 1770386334.7992 94.2820 0.003 -0.004 -0.0334 0.003 4
1770386334.7996 0 'robobot/drive/T0/mvel' 1770386334.7995 0.003 -0.004
1770386334.8004 0 'robobot/drive/T0/pose' 1770386334.8003 94.2830 0.709 0.191 1.6075 -3.1117
1770386334.8047 0 'robobot/drive/T0/livn' 1770386334.8046 393 393 389 396 397 389 384 374 5
1770386334.8048 0 'robobot/drive/T0/gyro' 1770386334.8047 0.191345 -0.778198 2.365173 94.288
1770386334.8048 0 'robobot/drive/T0/acc' 1770386334.8048 0.019775 0.052490 0.931885 94.288
1770386334.8049 0 'robobot/drive/T0/pose' 1770386334.8048 94.2880 0.709 0.191 1.6075 -3.1118
1770386334.8071 0 'robobot/drive/T0/vel' 1770386334.8070 94.2900 0.003 -0.004 -0.0299 0.003 4
1770386334.8081 0 'robobot/drive/T0/mvel' 1770386334.8081 0.003 -0.004
1770386334.8103 0 'robobot/drive/T0/ird' 1770386334.8103 0.822 1.500 3622 1981 1
1770386334.8104 0 'robobot/drive/T0/pose' 1770386334.8103 94.2930 0.709 0.191 1.6075 -3.1120
1770386334.8104 0 'robobot/drive/T0/mot' 1770386334.8104 -0.17 0.19 0.1 0.1 0
1770386334.8105 0 'robobot/drive/T0/mca' 1770386334.8104 0.083 0.069 16
1770386334.8137 0 'robobot/drive/T0/livn' 1770386334.8137 389 386 393 389 393 382 381 376 5
1770386334.8149 0 'robobot/drive/T0/pose' 1770386334.8148 94.2980 0.709 0.191 1.6075 -3.1120
1770386334.8149 0 'robobot/drive/T0/vel' 1770386334.8149 94.2980 0.003 -0.004 -0.0295 0.003 4
1770386334.8155 0 'robobot/drive/T0/mvel' 1770386334.8155 0.003 -0.004
1770386334.8161 0 'robobot/drive/T0/gyro' 1770386334.8160 -1.120911 1.052856 3.891052 94.300
1770386334.8161 0 'robobot/drive/T0/acc' 1770386334.8161 0.018799 0.036621 1.021973 94.300
1770386334.8204 0 'robobot/drive/T0/pose' 1770386334.8204 94.3030 0.709 0.191 1.6075 -3.1120
1770386334.8226 0 'robobot/drive/T0/vel' 1770386334.8225 94.3060 0.003 -0.004 -0.0294 0.003 4
1770386334.8229 0 'robobot/drive/T0/mvel' 1770386334.8229 0.003 -0.004
1770386334.8237 0 'robobot/drive/T0/livn' 1770386334.8237 395 395 391 392 394 385 380 377 5
1770386334.8249 0 'robobot/drive/T0/pose' 1770386334.8248 94.3080 0.709 0.191 1.6075 -3.1120
1770386334.8281 0 'robobot/drive/T0/gyro' 1770386334.8280 -1.395569 -0.442505 3.799500 94.312
1770386334.8282 0 'robobot/drive/T0/acc' 1770386334.8281 0.024902 -0.012207 0.966309 94.312
1770386334.8304 0 'robobot/drive/T0/pose' 1770386334.8303 94.3130 0.709 0.191 1.6075 -3.1120
1770386334.8315 0 'robobot/drive/T0/vel' 1770386334.8314 94.3150 0.003 -0.004 -0.0292 0.003 4
1770386334.8324 0 'robobot/drive/T0/mvel' 1770386334.8324 0.003 -0.004
1770386334.8337 0 'robobot/drive/T0/livn' 1770386334.8336 390 393 384 385 387 387 395 390 5
1770386334.8348 0 'robobot/drive/T0/ird' 1770386334.8348 0.882 1.500 3477 1961 1
1770386334.8349 0 'robobot/drive/T0/pose' 1770386334.8348 94.3180 0.709 0.191 1.6075 -3.1120
1770386334.8392 0 'robobot/drive/T0/vel' 1770386334.8391 94.3230 0.003 -0.004 -0.0289 0.003 5
1770386334.8398 0 'robobot/drive/T0/mvel' 1770386334.8398 0.003 -0.004
1770386334.8403 0 'robobot/drive/T0/pose' 1770386334.8402 94.3230 0.709 0.191 1.6075 -3.1121
1770386334.8404 0 'robobot/drive/T0/gyro' 1770386334.8403 -0.693665 0.564575 0.289978 94.324
1770386334.8405 0 'robobot/drive/T0/acc' 1770386334.8404 0.024658 -0.038330 0.995117 94.324
1770386334.8437 0 'robobot/drive/T0/mot' 1770386334.8436 -0.18 0.21 0.1 0.1 0
1770386334.8437 0 'robobot/drive/T0/mca' 1770386334.8437 0.085 0.070 17
1770386334.8438 0 'robobot/drive/T0/livn' 1770386334.8437 396 394 387 394 393 383 377 378 5
1770386334.8449 0 'robobot/drive/T0/pose' 1770386334.8448 94.3280 0.709 0.191 1.6075 -3.1120
1770386334.8471 0 'robobot/drive/T0/vel' 1770386334.8470 94.3310 0.003 -0.004 -0.0280 0.003 4
1770386334.8472 0 'robobot/drive/T0/mvel' 1770386334.8472 0.003 -0.004
1770386334.8482 0 'robobot/drive/T0/liv' 1770386334.8482 299 349 368 301 347 370 343 259 25
1770386334.8504 0 'robobot/drive/T0/pose' 1770386334.8503 94.3330 0.709 0.191 1.6075 -3.1121
1770386334.8526 0 'robobot/drive/T0/gyro' 1770386334.8525 0.832214 -0.381470 -2.242981 94.336
1770386334.8527 0 'robobot/drive/T0/acc' 1770386334.8526 0.016602 -0.054932 0.988281 94.336
1770386334.8538 0 'robobot/drive/T0/livn' 1770386334.8538 392 390 384 394 387 381 381 380 5
1770386334.8550 0 'robobot/drive/T0/pose' 1770386334.8549 94.3380 0.709 0.191 1.6075 -3.1122
1770386334.8561 0 'robobot/drive/T0/vel' 1770386334.8560 94.3390 0.003 -0.004 -0.0278 0.003 4
1770386334.8568 0 'robobot/drive/T0/mvel' 1770386334.8567 0.003 -0.004
1770386334.8581 0 'robobot/drive/master' 1770386334.8580 2026-02-06 14:58:48.828247
1770386334.8593 0 'robobot/drive/T0/ird' 1770386334.8593 0.930 1.500 3375 1886 1
1770386334.8604 0 'robobot/drive/T0/pose' 1770386334.8604 94.3430 0.709 0.191 1.6075 -3.1122
1770386334.8637 0 'robobot/drive/T0/vel' 1770386334.8636 94.3470 0.003 -0.004 -0.0274 0.003 4
1770386334.8638 0 'robobot/drive/T0/livn' 1770386334.8637 394 389 393 400 393 384 382 380 5
1770386334.8638 0 'robobot/drive/T0/gyro' 1770386334.8638 0.984802 0.137329 -2.273499 94.348
1770386334.8639 0 'robobot/drive/T0/acc' 1770386334.8638 0.007568 -0.036621 1.013672 94.348
1770386334.8642 0 'robobot/drive/T0/mvel' 1770386334.8641 0.003 -0.004
1770386334.8650 0 'robobot/drive/T0/pose' 1770386334.8649 94.3480 0.709 0.191 1.6075 -3.1123
1770386334.8704 0 'robobot/drive/T0/pose' 1770386334.8703 94.3530 0.709 0.191 1.6075 -3.1124
1770386334.8715 0 'robobot/drive/T0/vel' 1770386334.8714 94.3550 0.003 -0.003 -0.0260 0.003 4
1770386334.8716 0 'robobot/drive/T0/mvel' 1770386334.8716 0.003 -0.003
1770386334.8737 0 'robobot/drive/T0/livn' 1770386334.8736 386 387 382 384 388 385 383 381 5
1770386334.8748 0 'robobot/drive/T0/pose' 1770386334.8748 94.3580 0.709 0.191 1.6075 -3.1125
1770386334.8760 0 'robobot/drive/T0/gyro' 1770386334.8759 1.259460 -0.106812 -0.778137 94.360
1770386334.8760 0 'robobot/drive/T0/acc' 1770386334.8760 0.001221 0.007568 0.953857 94.360
1770386334.8771 0 'robobot/drive/T0/mot' 1770386334.8771 -0.2 0.22 0.1 0.1 0
1770386334.8772 0 'robobot/drive/T0/mca' 1770386334.8771 0.085 0.079 16
1770386334.8794 0 'robobot/drive/T0/vel' 1770386334.8793 94.3630 0.003 -0.003 -0.0258 0.003 4
1770386334.8800 0 'robobot/drive/T0/mvel' 1770386334.8800 0.003 -0.003
1770386334.8805 0 'robobot/drive/T0/pose' 1770386334.8804 94.3630 0.709 0.191 1.6075 -3.1127
1770386334.8837 0 'robobot/drive/T0/livn' 1770386334.8837 385 380 393 397 392 381 373 367 5
1770386334.8848 0 'robobot/drive/T0/ird' 1770386334.8848 0.891 1.500 3458 1931 1
1770386334.8849 0 'robobot/drive/T0/pose' 1770386334.8849 94.3680 0.709 0.191 1.6075 -3.1128
1770386334.8882 0 'robobot/drive/T0/vel' 1770386334.8881 94.3710 0.003 -0.003 -0.0256 0.003 4
1770386334.8882 0 'robobot/drive/T0/gyro' 1770386334.8882 0.008240 -0.106812 1.480164 94.372
1770386334.8883 0 'robobot/drive/T0/acc' 1770386334.8882 0.015625 0.031494 0.988037 94.372
1770386334.8885 0 'robobot/drive/T0/mvel' 1770386334.8885 0.003 -0.003
1770386334.8905 0 'robobot/drive/T0/pose' 1770386334.8904 94.3730 0.709 0.191 1.6075 -3.1130
1770386334.8937 0 'robobot/drive/T0/livn' 1770386334.8937 387 382 387 393 393 381 381 372 5
1770386334.8949 0 'robobot/drive/T0/pose' 1770386334.8948 94.3780 0.709 0.191 1.6075 -3.1130
1770386334.8960 0 'robobot/drive/T0/vel' 1770386334.8959 94.3790 0.002 -0.003 -0.0249 0.002 4
1770386334.8970 0 'robobot/drive/T0/mvel' 1770386334.8970 0.002 -0.003
1770386334.8982 0 'robobot/drive/T0/liv' 1770386334.8981 294 345 368 303 348 368 341 256 25
1770386334.9004 0 'robobot/drive/T0/pose' 1770386334.9003 94.3830 0.709 0.191 1.6075 -3.1130
1770386334.9004 0 'robobot/drive/T0/gyro' 1770386334.9004 -0.907288 0.564575 2.212585 94.384
1770386334.9005 0 'robobot/drive/T0/acc' 1770386334.9004 0.030029 0.023682 0.970703 94.384
1770386334.9037 0 'robobot/drive/T0/vel' 1770386334.9037 94.3870 0.002 -0.003 -0.0246 0.002 4
1770386334.9038 0 'robobot/drive/T0/livn' 1770386334.9037 388 391 386 396 397 381 383 375 5
1770386334.9044 0 'robobot/drive/T0/mvel' 1770386334.9044 0.002 -0.003
1770386334.9049 0 'robobot/drive/T0/pose' 1770386334.9049 94.3880 0.709 0.191 1.6075 -3.1129
1770386334.9103 0 'robobot/drive/T0/mot' 1770386334.9102 -0.2 0.23 0.1 0.1 0
1770386334.9103 0 'robobot/drive/T0/mca' 1770386334.9103 0.085 0.083 17
1770386334.9104 0 'robobot/drive/T0/ird' 1770386334.9103 0.866 1.500 3515 2020 1
1770386334.9104 0 'robobot/drive/T0/pose' 1770386334.9104 94.3930 0.709 0.191 1.6075 -3.1129
1770386334.9116 0 'robobot/drive/T0/vel' 1770386334.9115 94.3950 0.002 -0.003 -0.0227 0.002 4
1770386334.9118 0 'robobot/drive/T0/mvel' 1770386334.9118 0.002 -0.003
1770386334.9127 0 'robobot/drive/T0/gyro' 1770386334.9127 -0.968323 -0.228882 1.327576 94.396
1770386334.9128 0 'robobot/drive/T0/acc' 1770386334.9127 0.046387 -0.003174 0.982666 94.396
1770386334.9139 0 'robobot/drive/T0/livn' 1770386334.9139 391 381 380 382 401 391 389 380 5
1770386334.9151 0 'robobot/drive/T0/pose' 1770386334.9150 94.3980 0.709 0.191 1.6075 -3.1128
1770386334.9194 0 'robobot/drive/T0/vel' 1770386334.9193 94.4030 0.002 -0.002 -0.0176 0.002 4
1770386334.9203 0 'robobot/drive/T0/mvel' 1770386334.9203 0.002 -0.002
1770386334.9205 0 'robobot/drive/T0/pose' 1770386334.9204 94.4030 0.709 0.191 1.6075 -3.1127
1770386334.9237 0 'robobot/drive/T0/livn' 1770386334.9237 376 389 385 391 386 380 380 371 5
1770386334.9238 0 'robobot/drive/T0/gyro' 1770386334.9237 -0.235901 0.137329 -1.052795 94.408
1770386334.9239 0 'robobot/drive/T0/acc' 1770386334.9238 0.056885 -0.030273 1.007080 94.408
1770386334.9250 0 'robobot/drive/T0/pose' 1770386334.9249 94.4080 0.709 0.191 1.6075 -3.1126
1770386334.9282 0 'robobot/drive/T0/vel' 1770386334.9282 94.4110 0.002 -0.002 -0.0173 0.002 4
1770386334.9287 0 'robobot/drive/T0/mvel' 1770386334.9287 0.002 -0.002
1770386334.9304 0 'robobot/drive/T0/pose' 1770386334.9303 94.4130 0.709 0.191 1.6075 -3.1124
1770386334.9337 0 'robobot/drive/T0/livn' 1770386334.9336 388 390 387 399 391 376 381 370 5
1770386334.9348 0 'robobot/drive/T0/ird' 1770386334.9347 0.778 1.500 3744 1950 1
1770386334.9349 0 'robobot/drive/T0/pose' 1770386334.9348 94.4180 0.709 0.191 1.6075 -3.1123
1770386334.9360 0 'robobot/drive/T0/vel' 1770386334.9359 94.4190 0.002 -0.002 -0.0172 0.002 4
1770386334.9361 0 'robobot/drive/T0/gyro' 1770386334.9360 0.496521 -0.076294 -3.005920 94.420
1770386334.9362 0 'robobot/drive/T0/acc' 1770386334.9361 0.044678 -0.032959 0.969727 94.420
1770386334.9362 0 'robobot/drive/T0/mvel' 1770386334.9362 0.002 -0.002
1770386334.9405 0 'robobot/drive/T0/pose' 1770386334.9404 94.4240 0.709 0.191 1.6075 -3.1122
1770386334.9427 0 'robobot/drive/T0/mot' 1770386334.9426 -0.21 0.24 0.1 0.1 0
1770386334.9428 0 'robobot/drive/T0/mca' 1770386334.9427 0.085 0.087 16
1770386334.9440 0 'robobot/drive/T0/vel' 1770386334.9438 94.4270 0.002 -0.002 -0.0171 0.002 4
1770386334.9441 0 'robobot/drive/T0/livn' 1770386334.9440 389 390 387 395 392 383 387 372 5
1770386334.9446 0 'robobot/drive/T0/mvel' 1770386334.9446 0.002 -0.002
1770386334.9452 0 'robobot/drive/T0/pose' 1770386334.9452 94.4290 0.709 0.191 1.6075 -3.1122
1770386334.9485 0 'robobot/drive/T0/liv' 1770386334.9484 294 346 365 303 350 369 344 256 25
1770386334.9485 0 'robobot/drive/T0/gyro' 1770386334.9485 1.015320 0.137329 -3.707825 94.432
1770386334.9486 0 'robobot/drive/T0/acc' 1770386334.9485 0.026123 -0.019531 1.002441 94.432
1770386334.9497 0 'robobot/drive/T0/pose' 1770386334.9497 94.4340 0.709 0.191 1.6075 -3.1122
1770386334.9519 0 'robobot/drive/T0/vel' 1770386334.9519 94.4350 0.002 -0.002 -0.0169 0.002 4
1770386334.9520 0 'robobot/drive/T0/mvel' 1770386334.9520 0.002 -0.002
1770386334.9541 0 'robobot/drive/T0/livn' 1770386334.9540 392 381 380 402 403 389 382 378 5
1770386334.9553 0 'robobot/drive/T0/pose' 1770386334.9552 94.4390 0.709 0.191 1.6075 -3.1123
1770386334.9596 0 'robobot/drive/T0/vel' 1770386334.9595 94.4430 0.002 -0.002 -0.0155 0.002 4
1770386334.9597 0 'robobot/drive/T0/ird' 1770386334.9596 0.804 1.500 3671 1862 1
1770386334.9597 0 'robobot/drive/T0/gyro' 1770386334.9597 0.343933 0.198364 -2.456604 94.444
1770386334.9598 0 'robobot/drive/T0/acc' 1770386334.9597 0.010742 -0.005127 0.975342 94.444
1770386334.9599 0 'robobot/drive/T0/pose' 1770386334.9598 94.4440 0.709 0.191 1.6075 -3.1123
1770386334.9605 0 'robobot/drive/T0/mvel' 1770386334.9604 0.002 -0.002
1770386334.9642 0 'robobot/drive/T0/livn' 1770386334.9641 395 382 378 379 393 382 372 361 5
1770386334.9653 0 'robobot/drive/T0/pose' 1770386334.9652 94.4490 0.709 0.191 1.6075 -3.1124
1770386334.9675 0 'robobot/drive/T0/vel' 1770386334.9674 94.4510 0.001 -0.002 -0.0114 0.001 4
1770386334.9679 0 'robobot/drive/T0/mvel' 1770386334.9679 0.001 -0.002
1770386334.9697 0 'robobot/drive/T0/pose' 1770386334.9696 94.4540 0.709 0.191 1.6075 -3.1125
1770386334.9719 0 'robobot/drive/T0/gyro' 1770386334.9718 -0.113831 -0.259399 0.045837 94.456
1770386334.9719 0 'robobot/drive/T0/acc' 1770386334.9719 0.007080 0.007812 0.981934 94.456
1770386334.9741 0 'robobot/drive/T0/livn' 1770386334.9741 389 380 389 390 390 385 379 376 5
1770386334.9753 0 'robobot/drive/T0/pose' 1770386334.9752 94.4590 0.709 0.191 1.6075 -3.1127
1770386334.9754 0 'robobot/drive/T0/vel' 1770386334.9753 94.4590 0.000 -0.002 -0.0084 0.000 4
1770386334.9754 0 'robobot/drive/T0/mot' 1770386334.9754 0 0 0.1 0.1 0
1770386334.9754 0 'robobot/drive/T0/mca' 1770386334.9754 0.014 0.015 17
1770386334.9764 0 'robobot/drive/T0/mvel' 1770386334.9763 0.000 -0.002
1770386334.9797 0 'robobot/drive/T0/pose' 1770386334.9797 94.4640 0.709 0.191 1.6075 -3.1127
1770386334.9840 0 'robobot/drive/T0/vel' 1770386334.9840 94.4670 0.000 -0.002 -0.0072 0.000 4
1770386334.9841 0 'robobot/drive/T0/livn' 1770386334.9840 391 381 389 393 389 392 381 383 5
1770386334.9842 0 'robobot/drive/T0/gyro' 1770386334.9841 -0.815735 0.289917 1.358093 94.468
1770386334.9843 0 'robobot/drive/T0/acc' 1770386334.9842 0.020264 -0.006592 0.983887 94.468
1770386334.9843 0 'robobot/drive/T0/ird' 1770386334.9843 0.818 1.500 3633 1846 1
1770386334.9848 0 'robobot/drive/T0/mvel' 1770386334.9848 0.000 -0.002
1770386334.9855 0 'robobot/drive/T0/pose' 1770386334.9854 94.4690 0.709 0.191 1.6075 -3.1128
1770386334.9898 0 'robobot/drive/T0/pose' 1770386334.9897 94.4740 0.709 0.191 1.6075 -3.1127
1770386334.9920 0 'robobot/drive/T0/vel' 1770386334.9919 94.4750 0.000 -0.002 -0.0072 0.000 4
1770386334.9921 0 'robobot/drive/T0/mvel' 1770386334.9921 0.000 -0.002
1770386334.9942 0 'robobot/drive/T0/livn' 1770386334.9941 388 381 391 394 391 390 388 382 5
1770386334.9953 0 'robobot/drive/T0/pose' 1770386334.9952 94.4790 0.709 0.191 1.6075 -3.1126
1770386334.9964 0 'robobot/drive/T0/gyro' 1770386334.9964 -0.480042 0.015259 1.541199 94.480
1770386334.9965 0 'robobot/drive/T0/acc' 1770386334.9965 0.035645 -0.020508 0.978271 94.480
1770386334.9977 0 'robobot/drive/T0/liv' 1770386334.9976 297 341 367 300 346 371 340 257 25
1770386334.9998 0 'robobot/drive/T0/vel' 1770386334.9998 94.4830 0.000 -0.002 -0.0072 0.000 4
1770386334.9999 0 'robobot/drive/T0/pose' 1770386334.9999 94.4840 0.709 0.191 1.6075 -3.1126
1770386335.0006 0 'robobot/drive/T0/mvel' 1770386335.0006 0.000 -0.002
1770386335.0042 0 'robobot/drive/T0/livn' 1770386335.0041 379 379 393 397 382 367 376 389 5
1770386335.0053 0 'robobot/drive/T0/pose' 1770386335.0053 94.4890 0.709 0.191 1.6075 -3.1125
1770386335.0075 0 'robobot/drive/T0/vel' 1770386335.0075 94.4910 0.000 -0.002 -0.0087 0.000 4
1770386335.0080 0 'robobot/drive/T0/mvel' 1770386335.0080 0.000 -0.002
1770386335.0087 0 'robobot/drive/T0/gyro' 1770386335.0086 0.069275 -0.015259 0.015320 94.492
1770386335.0087 0 'robobot/drive/T0/acc' 1770386335.0087 0.050293 -0.028809 1.001221 94.492
1770386335.0088 0 'robobot/drive/T0/mot' 1770386335.0087 0 0 0.1 0.1 0
1770386335.0088 0 'robobot/drive/T0/mca' 1770386335.0088 0.000 0.000 16
1770386335.0099 0 'robobot/drive/T0/ird' 1770386335.0099 0.852 1.500 3547 1936 1
1770386335.0100 0 'robobot/drive/T0/pose' 1770386335.0099 94.4940 0.709 0.191 1.6075 -3.1125
1770386335.0122 0 'robobot/drive/T0/dname' 1770386335.0121 Robobot Arthur
1770386335.0144 0 'robobot/drive/T0/livn' 1770386335.0143 394 394 393 398 396 380 374 380 5
1770386335.0155 0 'robobot/drive/T0/pose' 1770386335.0154 94.4990 0.709 0.191 1.6075 -3.1123
1770386335.0156 0 'robobot/drive/T0/vel' 1770386335.0155 94.4990 0.000 -0.002 -0.0101 0.000 4
1770386335.0164 0 'robobot/drive/T0/mvel' 1770386335.0164 0.000 -0.002
1770386335.0199 0 'robobot/drive/T0/gyro' 1770386335.0198 0.588074 0.076294 -1.663147 94.504
1770386335.0199 0 'robobot/drive/T0/acc' 1770386335.0199 0.047363 -0.021973 0.983398 94.504
1770386335.0200 0 'robobot/drive/T0/pose' 1770386335.0199 94.5040 0.709 0.191 1.6075 -3.1122
1770386335.0243 0 'robobot/drive/T0/vel' 1770386335.0242 94.5070 0.000 -0.002 -0.0093 0.000 4
1770386335.0244 0 'robobot/drive/T0/livn' 1770386335.0243 397 391 390 385 388 381 381 384 5
1770386335.0249 0 'robobot/drive/T0/mvel' 1770386335.0248 0.000 -0.002
1770386335.0255 0 'robobot/drive/T0/pose' 1770386335.0254 94.5090 0.709 0.191 1.6075 -3.1121
1770386335.0298 0 'robobot/drive/T0/pose' 1770386335.0297 94.5140 0.709 0.191 1.6075 -3.1120
1770386335.0320 0 'robobot/drive/T0/vel' 1770386335.0319 94.5150 0.000 -0.002 -0.0093 0.000 4
1770386335.0321 0 'robobot/drive/T0/gyro' 1770386335.0320 0.801697 -0.015259 -2.304016 94.516
1770386335.0321 0 'robobot/drive/T0/acc' 1770386335.0321 0.036621 -0.009766 0.982910 94.516
1770386335.0323 0 'robobot/drive/T0/mvel' 1770386335.0322 0.000 -0.002
1770386335.0343 0 'robobot/drive/T0/livn' 1770386335.0343 385 382 389 393 402 387 385 380 5
1770386335.0344 0 'robobot/drive/T0/ird' 1770386335.0343 0.889 1.500 3461 1864 1
1770386335.0355 0 'robobot/drive/T0/pose' 1770386335.0355 94.5190 0.709 0.191 1.6075 -3.1120
1770386335.0398 0 'robobot/drive/T0/vel' 1770386335.0398 94.5230 0.000 -0.002 -0.0093 0.000 4
1770386335.0399 0 'robobot/drive/T0/pose' 1770386335.0398 94.5240 0.709 0.191 1.6075 -3.1120
1770386335.0407 0 'robobot/drive/T0/mvel' 1770386335.0407 0.000 -0.002
1770386335.0421 0 'robobot/drive/T0/mot' 1770386335.0420 0 0 0.1 0.1 0
1770386335.0421 0 'robobot/drive/T0/mca' 1770386335.0421 0.000 0.000 17
1770386335.0443 0 'robobot/drive/T0/livn' 1770386335.0442 397 393 378 382 397 391 394 376 5
1770386335.0444 0 'robobot/drive/T0/gyro' 1770386335.0443 0.435486 0.228882 -1.480042 94.528
1770386335.0444 0 'robobot/drive/T0/acc' 1770386335.0444 0.018799 0.005127 0.985352 94.528
1770386335.0445 0 'robobot/drive/T0/hbt' 1770386335.0444 94.5280 107 1033 11.76 4 8 8.9 0.38 0
1770386335.0456 0 'robobot/drive/T0/pose' 1770386335.0456 94.5290 0.709 0.191 1.6075 -3.1120
1770386335.0478 0 'robobot/drive/T0/vel' 1770386335.0478 94.5310 0.000 -0.002 -0.0093 0.000 4
1770386335.0479 0 'robobot/drive/T0/liv' 1770386335.0478 298 348 368 302 352 368 343 259 25
1770386335.0481 0 'robobot/drive/T0/mvel' 1770386335.0481 0.000 -0.002
1770386335.0501 0 'robobot/drive/T0/pose' 1770386335.0500 94.5340 0.709 0.191 1.6075 -3.1120
1770386335.0544 0 'robobot/drive/T0/livn' 1770386335.0543 394 390 383 390 394 380 381 373 5
1770386335.0555 0 'robobot/drive/T0/pose' 1770386335.0554 94.5390 0.709 0.191 1.6075 -3.1121
1770386335.0556 0 'robobot/drive/T0/vel' 1770386335.0555 94.5390 0.000 -0.002 -0.0093 0.000 4
1770386335.0557 0 'robobot/drive/T0/gyro' 1770386335.0556 -0.296936 0.015259 0.045837 94.540
1770386335.0557 0 'robobot/drive/T0/acc' 1770386335.0557 0.021240 0.004883 0.968750 94.540
1770386335.0566 0 'robobot/drive/T0/mvel' 1770386335.0566 0.000 -0.002
1770386335.0600 0 'robobot/drive/T0/ird' 1770386335.0600 0.874 1.500 3497 1893 1
1770386335.0601 0 'robobot/drive/T0/pose' 1770386335.0600 94.5440 0.709 0.191 1.6075 -3.1122
1770386335.0633 0 'robobot/drive/T0/vel' 1770386335.0632 94.5470 0.000 -0.002 -0.0074 0.000 4
1770386335.0640 0 'robobot/drive/T0/mvel' 1770386335.0640 0.000 -0.002
1770386335.0644 0 'robobot/drive/T0/livn' 1770386335.0644 393 390 380 382 387 381 379 369 5
1770386335.0656 0 'robobot/drive/T0/pose' 1770386335.0655 94.5490 0.709 0.191 1.6075 -3.1122
1770386335.0678 0 'robobot/drive/T0/gyro' 1770386335.0677 -0.693665 0.228882 1.541199 94.552
1770386335.0678 0 'robobot/drive/T0/acc' 1770386335.0678 0.024414 -0.007080 0.980225 94.552
1770386335.0700 0 'robobot/drive/T0/pose' 1770386335.0699 94.5540 0.709 0.191 1.6075 -3.1122
1770386335.0722 0 'robobot/drive/T0/vel' 1770386335.0721 94.5550 0.000 -0.001 -0.0043 0.000 4
1770386335.0725 0 'robobot/drive/T0/mvel' 1770386335.0724 0.000 -0.001
1770386335.0744 0 'robobot/drive/T0/livn' 1770386335.0743 392 396 394 396 395 384 378 376 5
1770386335.0744 0 'robobot/drive/T0/mot' 1770386335.0744 0 0 0.1 0.1 0
1770386335.0745 0 'robobot/drive/T0/mca' 1770386335.0744 0.000 0.000 16
1770386335.0756 0 'robobot/drive/T0/pose' 1770386335.0755 94.5590 0.709 0.191 1.6075 -3.1122
1770386335.0799 0 'robobot/drive/T0/vel' 1770386335.0798 94.5630 0.000 -0.000 -0.0017 0.000 4
1770386335.0800 0 'robobot/drive/T0/gyro' 1770386335.0799 -0.510559 0.289917 1.297058 94.564
1770386335.0800 0 'robobot/drive/T0/acc' 1770386335.0800 0.035156 -0.029541 0.991943 94.564
1770386335.0801 0 'robobot/drive/T0/pose' 1770386335.0800 94.5640 0.709 0.191 1.6075 -3.1121
1770386335.0809 0 'robobot/drive/T0/mvel' 1770386335.0809 0.000 -0.000
1770386335.0844 0 'robobot/drive/T0/livn' 1770386335.0843 390 381 376 396 393 387 371 375 5
1770386335.0844 0 'robobot/drive/T0/ird' 1770386335.0844 0.934 1.500 3366 1875 1
1770386335.0856 0 'robobot/drive/T0/pose' 1770386335.0855 94.5690 0.709 0.191 1.6075 -3.1121
1770386335.0878 0 'robobot/drive/T0/vel' 1770386335.0877 94.5710 0.000 0.000 0.0000 0.000 4
1770386335.0883 0 'robobot/drive/T0/mvel' 1770386335.0883 0.000 0.000
1770386335.0899 0 'robobot/drive/T0/pose' 1770386335.0899 94.5740 0.709 0.191 1.6075 -3.1120
1770386335.0921 0 'robobot/drive/T0/gyro' 1770386335.0920 0.282898 -0.137329 0.442566 94.576
1770386335.0922 0 'robobot/drive/T0/acc' 1770386335.0921 0.041016 -0.039795 0.991211 94.576
1770386335.0944 0 'robobot/drive/T0/livn' 1770386335.0943 399 390 389 401 393 391 382 380 5
1770386335.0955 0 'robobot/drive/T0/pose' 1770386335.0954 94.5790 0.709 0.191 1.6075 -3.1120
1770386335.0956 0 'robobot/drive/T0/vel' 1770386335.0955 94.5790 0.000 0.000 0.0000 0.000 4
1770386335.0958 0 'robobot/drive/T0/mvel' 1770386335.0957 0.000 0.000
1770386335.0978 0 'robobot/drive/T0/liv' 1770386335.0977 300 347 364 303 349 371 339 255 25
1770386335.0999 0 'robobot/drive/T0/pose' 1770386335.0999 94.5840 0.709 0.191 1.6075 -3.1119
1770386335.1042 0 'robobot/drive/T0/vel' 1770386335.1042 94.5870 0.000 0.000 0.0000 0.000 4
1770386335.1043 0 'robobot/drive/T0/livn' 1770386335.1042 406 386 383 395 398 383 379 370 5
1770386335.1044 0 'robobot/drive/T0/gyro' 1770386335.1043 0.313416 0.137329 -0.869690 94.588
1770386335.1044 0 'robobot/drive/T0/acc' 1770386335.1044 0.038330 -0.030762 0.988770 94.588
1770386335.1053 0 'robobot/drive/T0/mvel' 1770386335.1053 0.000 0.000
1770386335.1056 0 'robobot/drive/T0/pose' 1770386335.1055 94.5890 0.709 0.191 1.6075 -3.1119
1770386335.1077 0 'robobot/drive/T0/mot' 1770386335.1077 0 0 0.1 0.1 0
1770386335.1078 0 'robobot/drive/T0/mca' 1770386335.1077 0.000 0.000 17
1770386335.1100 0 'robobot/drive/T0/ird' 1770386335.1099 0.900 1.500 3437 1819 1
1770386335.1100 0 'robobot/drive/T0/pose' 1770386335.1100 94.5940 0.709 0.191 1.6075 -3.1118
1770386335.1122 0 'robobot/drive/T0/vel' 1770386335.1122 94.5950 0.000 0.000 0.0000 0.000 4
1770386335.1127 0 'robobot/drive/T0/mvel' 1770386335.1126 0.000 0.000
1770386335.1144 0 'robobot/drive/T0/livn' 1770386335.1143 387 387 388 394 393 380 381 378 5
1770386335.1155 0 'robobot/drive/T0/pose' 1770386335.1155 94.5990 0.709 0.191 1.6075 -3.1118
1770386335.1167 0 'robobot/drive/T0/gyro' 1770386335.1166 0.435486 0.106812 -0.930725 94.600
1770386335.1167 0 'robobot/drive/T0/acc' 1770386335.1167 0.025635 -0.014160 0.974121 94.600
1770386335.1200 0 'robobot/drive/T0/vel' 1770386335.1199 94.6030 0.000 0.000 0.0000 0.000 4
1770386335.1201 0 'robobot/drive/T0/mvel' 1770386335.1201 0.000 0.000
1770386335.1211 0 'robobot/drive/T0/pose' 1770386335.1210 94.6040 0.709 0.191 1.6075 -3.1118
1770386335.1243 0 'robobot/drive/T0/livn' 1770386335.1243 389 395 395 395 387 390 394 379 5
1770386335.1255 0 'robobot/drive/T0/pose' 1770386335.1254 94.6090 0.709 0.191 1.6075 -3.1118
1770386335.1277 0 'robobot/drive/T0/vel' 1770386335.1276 94.6110 0.000 0.000 0.0000 0.000 4
1770386335.1277 0 'robobot/drive/T0/gyro' 1770386335.1277 0.557556 0.045776 0.167908 94.612
1770386335.1278 0 'robobot/drive/T0/acc' 1770386335.1277 0.024170 0.003418 0.992676 94.612
1770386335.1286 0 'robobot/drive/T0/mvel' 1770386335.1285 0.000 0.000
1770386335.1310 0 'robobot/drive/T0/pose' 1770386335.1310 94.6140 0.709 0.191 1.6075 -3.1118
1770386335.1343 0 'robobot/drive/T0/livn' 1770386335.1342 393 389 393 395 393 388 390 380 5
1770386335.1344 0 'robobot/drive/T0/ird' 1770386335.1343 0.826 1.500 3613 1957 1
1770386335.1355 0 'robobot/drive/T0/pose' 1770386335.1354 94.6190 0.709 0.191 1.6075 -3.1119
1770386335.1356 0 'robobot/drive/T0/vel' 1770386335.1355 94.6190 0.000 0.000 0.0000 0.000 4
1770386335.1360 0 'robobot/drive/T0/mvel' 1770386335.1359 0.000 0.000
1770386335.1399 0 'robobot/drive/T0/gyro' 1770386335.1398 -0.205383 -0.106812 1.052917 94.624
1770386335.1400 0 'robobot/drive/T0/acc' 1770386335.1399 0.024414 0.012451 0.979980 94.624
1770386335.1411 0 'robobot/drive/T0/pose' 1770386335.1410 94.6240 0.709 0.191 1.6075 -3.1119
1770386335.1412 0 'robobot/drive/T0/mot' 1770386335.1411 0 0 0.1 0.1 0
1770386335.1412 0 'robobot/drive/T0/mca' 1770386335.1412 0.000 0.000 16
1770386335.1434 0 'robobot/drive/T0/vel' 1770386335.1433 94.6270 0.000 0.000 0.0000 0.000 4
1770386335.1437 0 'robobot/drive/T0/mvel' 1770386335.1436 0.000 0.000
1770386335.1446 0 'robobot/drive/T0/livn' 1770386335.1445 383 379 383 402 390 388 380 375 5
1770386335.1457 0 'robobot/drive/T0/pose' 1770386335.1456 94.6290 0.709 0.191 1.6075 -3.1119
1770386335.1479 0 'robobot/drive/T0/liv' 1770386335.1478 294 346 370 306 348 372 345 258 25
1770386335.1502 0 'robobot/drive/T0/pose' 1770386335.1501 94.6340 0.709 0.191 1.6075 -3.1119
1770386335.1513 0 'robobot/drive/T0/vel' 1770386335.1512 94.6350 0.000 0.000 0.0000 0.000 4
1770386335.1522 0 'robobot/drive/T0/mvel' 1770386335.1522 0.000 0.000
1770386335.1524 0 'robobot/drive/T0/gyro' 1770386335.1524 -0.449524 -0.381470 1.815857 94.636
1770386335.1525 0 'robobot/drive/T0/acc' 1770386335.1524 0.032715 -0.002441 0.975586 94.636
1770386335.1536 0 'robobot/drive/T0/livn' 1770386335.1536 397 387 389 395 393 390 383 377 5
1770386335.1558 0 'robobot/drive/T0/pose' 1770386335.1558 94.6390 0.709 0.191 1.6075 -3.1119
1770386335.1601 0 'robobot/drive/T0/vel' 1770386335.1600 94.6430 0.000 0.000 0.0000 0.000 4
1770386335.1602 0 'robobot/drive/T0/ird' 1770386335.1601 0.838 1.500 3583 1919 1
1770386335.1603 0 'robobot/drive/T0/pose' 1770386335.1602 94.6440 0.709 0.191 1.6075 -3.1118
1770386335.1607 0 'robobot/drive/T0/mvel' 1770386335.1607 0.000 0.000
1770386335.1646 0 'robobot/drive/T0/livn' 1770386335.1645 401 385 377 390 409 394 381 361 5
1770386335.1647 0 'robobot/drive/T0/gyro' 1770386335.1646 -0.327454 0.259399 1.388611 94.648
1770386335.1648 0 'robobot/drive/T0/acc' 1770386335.1647 0.038818 -0.019287 0.990723 94.648
1770386335.1659 0 'robobot/drive/T0/pose' 1770386335.1658 94.6490 0.709 0.191 1.6075 -3.1118
1770386335.1681 0 'robobot/drive/T0/vel' 1770386335.1680 94.6510 0.000 0.000 0.0000 0.000 4
1770386335.1682 0 'robobot/drive/T0/mvel' 1770386335.1681 0.000 0.000
1770386335.1703 0 'robobot/drive/T0/pose' 1770386335.1702 94.6540 0.709 0.191 1.6075 -3.1117
1770386335.1735 0 'robobot/drive/T0/mot' 1770386335.1734 0 0 0.1 0.1 0
1770386335.1735 0 'robobot/drive/T0/mca' 1770386335.1735 0.000 0.000 17
1770386335.1736 0 'robobot/drive/T0/livn' 1770386335.1736 402 395 380 392 395 386 382 384 5
1770386335.1758 0 'robobot/drive/T0/pose' 1770386335.1757 94.6590 0.709 0.191 1.6075 -3.1116
1770386335.1759 0 'robobot/drive/T0/vel' 1770386335.1758 94.6590 0.000 0.000 0.0000 0.000 4
1770386335.1759 0 'robobot/drive/T0/gyro' 1770386335.1759 0.038757 0.167847 0.167908 94.660
1770386335.1760 0 'robobot/drive/T0/acc' 1770386335.1759 0.035400 -0.031006 0.986328 94.660
1770386335.1769 0 'robobot/drive/T0/mvel' 1770386335.1768 0.000 0.000
1770386335.1803 0 'robobot/drive/T0/pose' 1770386335.1802 94.6640 0.709 0.191 1.6075 -3.1116
1770386335.1836 0 'robobot/drive/T0/vel' 1770386335.1835 94.6670 0.000 0.000 0.0000 0.000 4
1770386335.1836 0 'robobot/drive/T0/livn' 1770386335.1836 389 382 381 387 392 380 377 380 5
1770386335.1844 0 'robobot/drive/T0/mvel' 1770386335.1844 0.000 0.000
1770386335.1848 0 'robobot/drive/T0/ird' 1770386335.1847 0.839 1.500 3579 1945 1
1770386335.1859 0 'robobot/drive/T0/pose' 1770386335.1858 94.6690 0.709 0.191 1.6075 -3.1116
1770386335.1881 0 'robobot/drive/T0/gyro' 1770386335.1880 0.404968 -0.045776 -0.503479 94.672
1770386335.1881 0 'robobot/drive/T0/acc' 1770386335.1881 0.029297 -0.031006 0.984375 94.672
1770386335.1903 0 'robobot/drive/T0/pose' 1770386335.1902 94.6740 0.709 0.191 1.6075 -3.1116
1770386335.1914 0 'robobot/drive/T0/vel' 1770386335.1914 94.6750 0.000 0.000 0.0000 0.000 4
1770386335.1919 0 'robobot/drive/T0/mvel' 1770386335.1918 0.000 0.000
1770386335.1936 0 'robobot/drive/T0/livn' 1770386335.1936 399 391 390 402 398 384 384 384 5
1770386335.1958 0 'robobot/drive/T0/pose' 1770386335.1957 94.6790 0.709 0.191 1.6075 -3.1116
1770386335.1980 0 'robobot/drive/T0/liv' 1770386335.1979 302 347 363 302 353 371 342 259 25
1770386335.2002 0 'robobot/drive/T0/vel' 1770386335.2001 94.6830 0.000 0.000 0.0000 0.000 4
1770386335.2003 0 'robobot/drive/T0/gyro' 1770386335.2002 0.435486 0.106812 -0.472961 94.684
1770386335.2003 0 'robobot/drive/T0/acc' 1770386335.2003 0.020996 -0.017090 0.984863 94.684
1770386335.2004 0 'robobot/drive/T0/pose' 1770386335.2003 94.6840 0.709 0.191 1.6075 -3.1116
1770386335.2005 0 'robobot/drive/T0/mvel' 1770386335.2004 0.000 0.000
1770386335.2036 0 'robobot/drive/T0/livn' 1770386335.2036 381 381 383 403 393 377 384 393 5
1770386335.2058 0 'robobot/drive/T0/pose' 1770386335.2057 94.6890 0.709 0.191 1.6075 -3.1117
1770386335.2069 0 'robobot/drive/T0/mot' 1770386335.2069 0 0 0.1 0.1 0
1770386335.2070 0 'robobot/drive/T0/mca' 1770386335.2069 0.000 0.000 16
1770386335.2081 0 'robobot/drive/T0/vel' 1770386335.2080 94.6910 0.000 0.000 0.0000 0.000 4
1770386335.2090 0 'robobot/drive/T0/mvel' 1770386335.2089 0.000 0.000
1770386335.2103 0 'robobot/drive/T0/ird' 1770386335.2102 0.865 1.500 3516 2017 1
1770386335.2103 0 'robobot/drive/T0/pose' 1770386335.2103 94.6940 0.709 0.191 1.6075 -3.1118
1770386335.2125 0 'robobot/drive/T0/gyro' 1770386335.2124 0.069275 -0.106812 0.320496 94.696
1770386335.2126 0 'robobot/drive/T0/acc' 1770386335.2125 0.015869 -0.005127 0.979736 94.696
1770386335.2137 0 'robobot/drive/T0/livn' 1770386335.2137 386 380 392 400 393 382 377 372 5
1770386335.2159 0 'robobot/drive/T0/pose' 1770386335.2158 94.6990 0.709 0.191 1.6075 -3.1118
1770386335.2160 0 'robobot/drive/T0/vel' 1770386335.2159 94.6990 0.000 0.000 0.0000 0.000 4
1770386335.2164 0 'robobot/drive/T0/mvel' 1770386335.2164 0.000 0.000
1770386335.2203 0 'robobot/drive/T0/pose' 1770386335.2202 94.7040 0.709 0.191 1.6075 -3.1119
1770386335.2235 0 'robobot/drive/T0/vel' 1770386335.2235 94.7070 0.000 0.000 0.0000 0.000 4
1770386335.2238 0 'robobot/drive/T0/mvel' 1770386335.2238 0.000 0.000
1770386335.2247 0 'robobot/drive/T0/livn' 1770386335.2246 389 380 387 390 389 380 374 379 5
1770386335.2247 0 'robobot/drive/T0/gyro' 1770386335.2247 0.008240 -0.198364 1.541199 94.708
1770386335.2248 0 'robobot/drive/T0/acc' 1770386335.2248 0.025391 0.005371 0.979980 94.708
1770386335.2259 0 'robobot/drive/T0/pose' 1770386335.2259 94.7090 0.709 0.191 1.6075 -3.1119
1770386335.2302 0 'robobot/drive/T0/pose' 1770386335.2302 94.7140 0.709 0.191 1.6075 -3.1119
1770386335.2314 0 'robobot/drive/T0/vel' 1770386335.2313 94.7150 0.000 0.000 0.0000 0.000 4
1770386335.2323 0 'robobot/drive/T0/mvel' 1770386335.2323 0.000 0.000
1770386335.2346 0 'robobot/drive/T0/livn' 1770386335.2345 398 395 393 395 389 383 381 372 5
1770386335.2347 0 'robobot/drive/T0/ird' 1770386335.2346 0.851 1.500 3550 2033 1
1770386335.2358 0 'robobot/drive/T0/pose' 1770386335.2357 94.7190 0.709 0.191 1.6075 -3.1119
1770386335.2359 0 'robobot/drive/T0/gyro' 1770386335.2358 -0.296936 -0.106812 1.297058 94.720
1770386335.2360 0 'robobot/drive/T0/acc' 1770386335.2359 0.030273 -0.001709 0.987549 94.720
1770386335.2392 0 'robobot/drive/T0/vel' 1770386335.2392 94.7230 0.000 0.000 0.0000 0.000 4
1770386335.2393 0 'robobot/drive/T0/mot' 1770386335.2392 0 0 0.1 0.1 0
1770386335.2393 0 'robobot/drive/T0/mca' 1770386335.2393 0.000 0.000 17
1770386335.2397 0 'robobot/drive/T0/mvel' 1770386335.2397 0.000 0.000
1770386335.2404 0 'robobot/drive/T0/pose' 1770386335.2404 94.7240 0.709 0.191 1.6075 -3.1119
1770386335.2437 0 'robobot/drive/T0/livn' 1770386335.2436 404 395 392 396 395 386 386 368 5
1770386335.2459 0 'robobot/drive/T0/pose' 1770386335.2458 94.7290 0.709 0.191 1.6075 -3.1118
1770386335.2480 0 'robobot/drive/T0/vel' 1770386335.2480 94.7310 0.000 0.000 0.0000 0.000 4
1770386335.2481 0 'robobot/drive/T0/liv' 1770386335.2480 298 347 370 304 348 370 341 255 25
1770386335.2482 0 'robobot/drive/T0/gyro' 1770386335.2481 -0.449524 -0.015259 0.625671 94.732
1770386335.2482 0 'robobot/drive/T0/mvel' 1770386335.2482 0.000 0.000
1770386335.2483 0 'robobot/drive/T0/acc' 1770386335.2482 0.038574 -0.012451 0.984863 94.732
1770386335.2504 0 'robobot/drive/T0/pose' 1770386335.2504 94.7340 0.709 0.191 1.6075 -3.1118
1770386335.2537 0 'robobot/drive/T0/livn' 1770386335.2536 400 400 387 396 395 391 384 372 5
1770386335.2559 0 'robobot/drive/T0/pose' 1770386335.2558 94.7390 0.709 0.191 1.6075 -3.1117
1770386335.2559 0 'robobot/drive/T0/vel' 1770386335.2559 94.7390 0.000 0.000 0.0000 0.000 4
1770386335.2567 0 'robobot/drive/T0/mvel' 1770386335.2566 0.000 0.000
1770386335.2602 0 'robobot/drive/T0/ird' 1770386335.2602 0.847 1.500 3561 1919 1
1770386335.2603 0 'robobot/drive/T0/gyro' 1770386335.2602 0.191345 0.076294 -0.442444 94.744
1770386335.2604 0 'robobot/drive/T0/acc' 1770386335.2603 0.037598 -0.020996 0.983154 94.744
1770386335.2604 0 'robobot/drive/T0/pose' 1770386335.2604 94.7440 0.709 0.191 1.6075 -3.1117
1770386335.2637 0 'robobot/drive/T0/vel' 1770386335.2636 94.7470 0.000 0.000 0.0000 0.000 4
1770386335.2637 0 'robobot/drive/T0/livn' 1770386335.2637 386 387 386 402 393 382 382 377 5
1770386335.2640 0 'robobot/drive/T0/mvel' 1770386335.2640 0.000 0.000
1770386335.2659 0 'robobot/drive/T0/pose' 1770386335.2658 94.7490 0.709 0.191 1.6075 -3.1117
1770386335.2702 0 'robobot/drive/T0/pose' 1770386335.2701 94.7540 0.709 0.191 1.6075 -3.1117
1770386335.2713 0 'robobot/drive/T0/vel' 1770386335.2713 94.7550 0.000 0.000 0.0000 0.000 4
1770386335.2715 0 'robobot/drive/T0/mvel' 1770386335.2714 0.000 0.000
1770386335.2725 0 'robobot/drive/T0/gyro' 1770386335.2724 0.282898 0.137329 -1.419006 94.756
1770386335.2725 0 'robobot/drive/T0/acc' 1770386335.2725 0.033691 -0.021484 0.979492 94.756
1770386335.2726 0 'robobot/drive/T0/mot' 1770386335.2726 0 0 0.1 0.1 0
1770386335.2727 0 'robobot/drive/T0/mca' 1770386335.2726 0.000 0.000 16
1770386335.2738 0 'robobot/drive/T0/livn' 1770386335.2737 398 395 390 383 388 381 371 372 5
1770386335.2760 0 'robobot/drive/T0/pose' 1770386335.2759 94.7590 0.709 0.191 1.6075 -3.1117
1770386335.2792 0 'robobot/drive/T0/vel' 1770386335.2792 94.7630 0.000 0.000 0.0000 0.000 4
1770386335.2799 0 'robobot/drive/T0/mvel' 1770386335.2799 0.000 0.000
1770386335.2803 0 'robobot/drive/T0/pose' 1770386335.2803 94.7640 0.709 0.191 1.6075 -3.1117
1770386335.2846 0 'robobot/drive/T0/livn' 1770386335.2846 398 384 389 398 402 382 375 378 5
1770386335.2847 0 'robobot/drive/T0/gyro' 1770386335.2846 0.527039 0.228882 -0.930725 94.768
1770386335.2848 0 'robobot/drive/T0/acc' 1770386335.2847 0.019287 -0.013184 0.987549 94.768
1770386335.2848 0 'robobot/drive/T0/ird' 1770386335.2848 0.939 1.500 3356 1873 1
1770386335.2860 0 'robobot/drive/T0/pose' 1770386335.2859 94.7690 0.709 0.191 1.6075 -3.1117
1770386335.2881 0 'robobot/drive/T0/vel' 1770386335.2881 94.7710 0.000 0.000 0.0000 0.000 4
1770386335.2884 0 'robobot/drive/T0/mvel' 1770386335.2884 0.000 0.000
1770386335.2903 0 'robobot/drive/T0/pose' 1770386335.2903 94.7740 0.709 0.191 1.6075 -3.1118
1770386335.2946 0 'robobot/drive/T0/livn' 1770386335.2946 378 373 387 400 399 382 379 386 5
1770386335.2958 0 'robobot/drive/T0/pose' 1770386335.2957 94.7790 0.709 0.191 1.6075 -3.1118
1770386335.2958 0 'robobot/drive/T0/vel' 1770386335.2958 94.7790 0.000 0.000 0.0000 0.000 4
1770386335.2959 0 'robobot/drive/T0/gyro' 1770386335.2958 0.099792 0.106812 0.076355 94.780
1770386335.2960 0 'robobot/drive/T0/acc' 1770386335.2959 0.017090 -0.003418 0.978516 94.780
1770386335.2969 0 'robobot/drive/T0/mvel' 1770386335.2969 0.000 0.000
1770386335.2981 0 'robobot/drive/T0/liv' 1770386335.2981 295 344 369 306 350 368 340 259 25
1770386335.3003 0 'robobot/drive/T0/pose' 1770386335.3002 94.7840 0.709 0.191 1.6075 -3.1119
1770386335.3036 0 'robobot/drive/T0/vel' 1770386335.3035 94.7870 0.000 0.000 0.0000 0.000 4
1770386335.3036 0 'robobot/drive/T0/livn' 1770386335.3036 387 385 390 396 389 382 386 384 5
1770386335.3043 0 'robobot/drive/T0/mvel' 1770386335.3043 0.000 0.000
1770386335.3058 0 'robobot/drive/T0/pose' 1770386335.3058 94.7890 0.709 0.191 1.6075 -3.1119
1770386335.3059 0 'robobot/drive/T0/mot' 1770386335.3058 0 0 0.1 0.1 0
1770386335.3059 0 'robobot/drive/T0/mca' 1770386335.3059 0.000 0.000 17
1770386335.3081 0 'robobot/drive/T0/gyro' 1770386335.3080 -0.235901 0.045776 0.839294 94.792
1770386335.3082 0 'robobot/drive/T0/acc' 1770386335.3081 0.025391 -0.004150 0.983887 94.792
1770386335.3093 0 'robobot/drive/T0/ird' 1770386335.3092 0.912 1.500 3412 2061 1
1770386335.3104 0 'robobot/drive/T0/pose' 1770386335.3104 94.7940 0.709 0.191 1.6075 -3.1119
1770386335.3116 0 'robobot/drive/T0/vel' 1770386335.3115 94.7950 0.000 0.000 0.0000 0.000 4
1770386335.3117 0 'robobot/drive/T0/mvel' 1770386335.3117 0.000 0.000
1770386335.3138 0 'robobot/drive/T0/livn' 1770386335.3137 407 391 383 382 393 385 376 367 5
1770386335.3160 0 'robobot/drive/T0/pose' 1770386335.3159 94.7990 0.709 0.191 1.6075 -3.1119
1770386335.3192 0 'robobot/drive/T0/vel' 1770386335.3191 94.8030 0.000 0.000 0.0000 0.000 4
1770386335.3202 0 'robobot/drive/T0/mvel' 1770386335.3202 0.000 0.000
1770386335.3203 0 'robobot/drive/T0/gyro' 1770386335.3203 -0.296936 -0.015259 0.625671 94.804
1770386335.3204 0 'robobot/drive/T0/acc' 1770386335.3203 0.029541 -0.005371 0.985352 94.804
1770386335.3205 0 'robobot/drive/T0/pose' 1770386335.3204 94.8040 0.709 0.191 1.6075 -3.1119
1770386335.3237 0 'robobot/drive/T0/livn' 1770386335.3236 394 393 390 392 389 387 387 381 5
1770386335.3259 0 'robobot/drive/T0/pose' 1770386335.3258 94.8090 0.709 0.191 1.6075 -3.1119
1770386335.3281 0 'robobot/drive/T0/vel' 1770386335.3280 94.8110 0.000 0.000 0.0000 0.000 4
1770386335.3287 0 'robobot/drive/T0/mvel' 1770386335.3286 0.000 0.000
1770386335.3303 0 'robobot/drive/T0/pose' 1770386335.3302 94.8140 0.709 0.191 1.6075 -3.1119
1770386335.3325 0 'robobot/drive/T0/gyro' 1770386335.3324 -0.205383 0.076294 0.106873 94.816
1770386335.3326 0 'robobot/drive/T0/acc' 1770386335.3325 0.034180 -0.018066 0.985352 94.816
1770386335.3337 0 'robobot/drive/T0/livn' 1770386335.3336 391 399 386 381 381 387 389 381 5
1770386335.3348 0 'robobot/drive/T0/ird' 1770386335.3348 0.881 1.500 3480 1997 1
1770386335.3360 0 'robobot/drive/T0/pose' 1770386335.3359 94.8190 0.709 0.191 1.6075 -3.1118
1770386335.3360 0 'robobot/drive/T0/vel' 1770386335.3360 94.8190 0.000 0.000 0.0000 0.000 4
1770386335.3361 0 'robobot/drive/T0/mvel' 1770386335.3361 0.000 0.000
1770386335.3382 0 'robobot/drive/T0/mot' 1770386335.3382 0 0 0.1 0.1 0
1770386335.3383 0 'robobot/drive/T0/mca' 1770386335.3382 0.000 0.000 16
1770386335.3405 0 'robobot/drive/T0/pose' 1770386335.3404 94.8240 0.709 0.191 1.6075 -3.1118
1770386335.3438 0 'robobot/drive/T0/vel' 1770386335.3437 94.8270 0.000 0.000 0.0000 0.000 4
1770386335.3439 0 'robobot/drive/T0/livn' 1770386335.3438 395 386 385 387 390 383 388 385 5
1770386335.3440 0 'robobot/drive/T0/gyro' 1770386335.3439 0.252380 0.045776 -0.808655 94.828
1770386335.3442 0 'robobot/drive/T0/mvel' 1770386335.3440 0.000 0.000
1770386335.3442 0 'robobot/drive/T0/acc' 1770386335.3441 0.034912 -0.019287 0.994141 94.828
1770386335.3454 0 'robobot/drive/T0/pose' 1770386335.3453 94.8290 0.709 0.191 1.6075 -3.1118
1770386335.3476 0 'robobot/drive/T0/liv' 1770386335.3475 304 350 366 299 346 370 344 257 25
1770386335.3508 0 'robobot/drive/T0/pose' 1770386335.3507 94.8340 0.709 0.191 1.6075 -3.1117
1770386335.3519 0 'robobot/drive/T0/vel' 1770386335.3519 94.8350 0.000 0.000 0.0000 0.000 4
1770386335.3527 0 'robobot/drive/T0/mvel' 1770386335.3527 0.000 0.000
1770386335.3541 0 'robobot/drive/T0/livn' 1770386335.3540 413 386 385 393 391 384 377 367 5
1770386335.3552 0 'robobot/drive/T0/pose' 1770386335.3552 94.8390 0.709 0.191 1.6075 -3.1117
1770386335.3564 0 'robobot/drive/T0/gyro' 1770386335.3563 0.191345 0.198364 -0.900208 94.840
1770386335.3565 0 'robobot/drive/T0/acc' 1770386335.3564 0.031250 -0.016113 0.980957 94.840
1770386335.3597 0 'robobot/drive/master' 1770386335.3595 2026-02-06 14:58:48.828247
1770386335.3598 0 'robobot/drive/T0/vel' 1770386335.3596 94.8430 0.000 0.000 0.0000 0.000 4
1770386335.3598 0 'robobot/drive/T0/ird' 1770386335.3598 0.846 1.500 3563 2012 1
1770386335.3601 0 'robobot/drive/T0/mvel' 1770386335.3601 0.000 0.000
1770386335.3610 0 'robobot/drive/T0/pose' 1770386335.3609 94.8440 0.709 0.191 1.6075 -3.1117
1770386335.3642 0 'robobot/drive/T0/livn' 1770386335.3642 392 393 387 400 397 390 378 373 5
1770386335.3654 0 'robobot/drive/T0/pose' 1770386335.3653 94.8490 0.709 0.191 1.6075 -3.1118
1770386335.3676 0 'robobot/drive/T0/vel' 1770386335.3675 94.8510 0.000 0.000 0.0000 0.000 4
1770386335.3676 0 'robobot/drive/T0/mvel' 1770386335.3676 0.000 0.000
1770386335.3687 0 'robobot/drive/T0/gyro' 1770386335.3686 0.282898 -0.106812 -0.686584 94.852
1770386335.3688 0 'robobot/drive/T0/acc' 1770386335.3687 0.024170 -0.009033 0.981445 94.852
1770386335.3709 0 'robobot/drive/T0/pose' 1770386335.3709 94.8540 0.709 0.191 1.6075 -3.1118
1770386335.3721 0 'robobot/drive/T0/mot' 1770386335.3720 0 0 0.1 0.1 0
1770386335.3721 0 'robobot/drive/T0/mca' 1770386335.3721 0.000 0.000 17
1770386335.3743 0 'robobot/drive/T0/livn' 1770386335.3742 387 379 375 390 395 390 376 372 5
1770386335.3754 0 'robobot/drive/T0/pose' 1770386335.3754 94.8590 0.709 0.191 1.6075 -3.1118
1770386335.3755 0 'robobot/drive/T0/vel' 1770386335.3754 94.8590 0.000 0.000 0.0000 0.000 4
1770386335.3762 0 'robobot/drive/T0/mvel' 1770386335.3761 0.000 0.000
1770386335.3798 0 'robobot/drive/T0/gyro' 1770386335.3797 -0.052795 0.167847 -0.137268 94.864
1770386335.3799 0 'robobot/drive/T0/acc' 1770386335.3798 0.025146 -0.002686 0.979980 94.864
1770386335.3810 0 'robobot/drive/T0/pose' 1770386335.3809 94.8640 0.709 0.191 1.6075 -3.1118
1770386335.3832 0 'robobot/drive/T0/vel' 1770386335.3831 94.8670 0.000 0.000 0.0000 0.000 4
1770386335.3835 0 'robobot/drive/T0/mvel' 1770386335.3835 0.000 0.000
1770386335.3843 0 'robobot/drive/T0/livn' 1770386335.3843 390 387 381 386 393 391 387 381 5
1770386335.3844 0 'robobot/drive/T0/ird' 1770386335.3843 0.858 1.500 3534 1809 1
1770386335.3855 0 'robobot/drive/T0/pose' 1770386335.3854 94.8690 0.709 0.191 1.6075 -3.1118
1770386335.3909 0 'robobot/drive/T0/pose' 1770386335.3908 94.8740 0.709 0.191 1.6075 -3.1119
1770386335.3920 0 'robobot/drive/T0/vel' 1770386335.3919 94.8750 0.000 0.000 0.0000 0.000 4
1770386335.3921 0 'robobot/drive/T0/gyro' 1770386335.3920 -0.174866 -0.015259 0.320496 94.876
1770386335.3921 0 'robobot/drive/T0/mvel' 1770386335.3921 0.000 0.000
1770386335.3921 0 'robobot/drive/T0/acc' 1770386335.3921 0.031494 -0.001953 0.973877 94.876
1770386335.3943 0 'robobot/drive/T0/livn' 1770386335.3942 396 384 385 396 396 383 374 366 5
1770386335.3955 0 'robobot/drive/T0/pose' 1770386335.3954 94.8790 0.709 0.191 1.6075 -3.1119
1770386335.3976 0 'robobot/drive/T0/liv' 1770386335.3976 297 344 362 303 350 374 340 254 25
1770386335.3998 0 'robobot/drive/T0/vel' 1770386335.3997 94.8830 0.000 0.000 0.0000 0.000 4
1770386335.4006 0 'robobot/drive/T0/mvel' 1770386335.4005 0.000 0.000
1770386335.4009 0 'robobot/drive/T0/pose' 1770386335.4009 94.8840 0.709 0.191 1.6075 -3.1119
1770386335.4042 0 'robobot/drive/T0/livn' 1770386335.4041 393 391 393 405 395 382 385 374 5
1770386335.4043 0 'robobot/drive/T0/gyro' 1770386335.4042 -0.296936 -0.015259 0.106873 94.888
1770386335.4043 0 'robobot/drive/T0/acc' 1770386335.4043 0.036133 -0.010498 0.988281 94.888
1770386335.4044 0 'robobot/drive/T0/mot' 1770386335.4043 0 0 0.1 0.1 0
1770386335.4044 0 'robobot/drive/T0/mca' 1770386335.4044 0.000 0.000 16
1770386335.4055 0 'robobot/drive/T0/pose' 1770386335.4055 94.8890 0.709 0.191 1.6075 -3.1118
1770386335.4077 0 'robobot/drive/T0/vel' 1770386335.4077 94.8910 0.000 0.000 0.0000 0.000 4
1770386335.4080 0 'robobot/drive/T0/mvel' 1770386335.4080 0.000 0.000
1770386335.4099 0 'robobot/drive/T0/ird' 1770386335.4098 0.889 1.500 3461 1754 1
1770386335.4111 0 'robobot/drive/T0/pose' 1770386335.4110 94.8940 0.709 0.191 1.6075 -3.1118
1770386335.4143 0 'robobot/drive/T0/livn' 1770386335.4142 382 380 393 402 383 381 390 384 5
1770386335.4155 0 'robobot/drive/T0/pose' 1770386335.4154 94.8990 0.709 0.191 1.6075 -3.1118
1770386335.4155 0 'robobot/drive/T0/vel' 1770386335.4155 94.8990 0.000 0.000 0.0000 0.000 4
1770386335.4165 0 'robobot/drive/T0/mvel' 1770386335.4164 0.000 0.000
1770386335.4166 0 'robobot/drive/T0/gyro' 1770386335.4166 -0.296936 0.167847 -0.411926 94.900
1770386335.4167 0 'robobot/drive/T0/acc' 1770386335.4167 0.039307 -0.021973 0.987305 94.900
1770386335.4210 0 'robobot/drive/T0/pose' 1770386335.4209 94.9040 0.709 0.191 1.6075 -3.1117
1770386335.4232 0 'robobot/drive/T0/vel' 1770386335.4231 94.9070 0.000 0.000 0.0000 0.000 4
1770386335.4239 0 'robobot/drive/T0/mvel' 1770386335.4239 0.000 0.000
1770386335.4243 0 'robobot/drive/T0/livn' 1770386335.4243 392 384 384 390 399 390 393 376 5
1770386335.4254 0 'robobot/drive/T0/pose' 1770386335.4254 94.9090 0.709 0.191 1.6075 -3.1117
1770386335.4287 0 'robobot/drive/T0/gyro' 1770386335.4286 0.313416 -0.106812 -0.717102 94.912
1770386335.4288 0 'robobot/drive/T0/acc' 1770386335.4287 0.032227 -0.019531 0.983398 94.912
1770386335.4309 0 'robobot/drive/T0/pose' 1770386335.4309 94.9140 0.709 0.191 1.6075 -3.1117
1770386335.4321 0 'robobot/drive/T0/vel' 1770386335.4320 94.9150 0.000 0.000 0.0000 0.000 4
1770386335.4324 0 'robobot/drive/T0/mvel' 1770386335.4324 0.000 0.000
1770386335.4343 0 'robobot/drive/T0/livn' 1770386335.4342 391 381 382 385 393 385 378 373 5
1770386335.4343 0 'robobot/drive/T0/ird' 1770386335.4343 0.886 1.500 3469 1865 1
1770386335.4355 0 'robobot/drive/T0/pose' 1770386335.4354 94.9190 0.709 0.191 1.6075 -3.1116
1770386335.4376 0 'robobot/drive/T0/mot' 1770386335.4376 0 0 0.1 0.1 0
1770386335.4377 0 'robobot/drive/T0/mca' 1770386335.4376 0.000 0.000 17
1770386335.4398 0 'robobot/drive/T0/vel' 1770386335.4398 94.9230 0.000 0.000 0.0000 0.000 4
1770386335.4399 0 'robobot/drive/T0/gyro' 1770386335.4399 0.252380 0.076294 -0.869690 94.924
1770386335.4400 0 'robobot/drive/T0/acc' 1770386335.4399 0.029785 -0.017334 0.979980 94.924
1770386335.4401 0 'robobot/drive/T0/mvel' 1770386335.4399 0.000 0.000
1770386335.4411 0 'robobot/drive/T0/pose' 1770386335.4411 94.9240 0.709 0.191 1.6075 -3.1116
1770386335.4444 0 'robobot/drive/T0/livn' 1770386335.4443 401 394 396 391 393 385 381 378 5
1770386335.4455 0 'robobot/drive/T0/pose' 1770386335.4454 94.9290 0.709 0.191 1.6075 -3.1116
1770386335.4477 0 'robobot/drive/T0/vel' 1770386335.4476 94.9310 0.000 0.000 0.0000 0.000 4
1770386335.4478 0 'robobot/drive/T0/liv' 1770386335.4477 299 345 370 302 349 371 345 257 25
1770386335.4486 0 'robobot/drive/T0/mvel' 1770386335.4485 0.000 0.000
1770386335.4510 0 'robobot/drive/T0/pose' 1770386335.4509 94.9340 0.709 0.191 1.6075 -3.1116
1770386335.4521 0 'robobot/drive/T0/gyro' 1770386335.4521 0.130310 0.167847 -0.472961 94.936
1770386335.4522 0 'robobot/drive/T0/acc' 1770386335.4521 0.020996 -0.009033 0.981934 94.936
1770386335.4544 0 'robobot/drive/T0/livn' 1770386335.4543 406 388 387 391 402 395 377 365 5
1770386335.4555 0 'robobot/drive/T0/pose' 1770386335.4555 94.9390 0.709 0.191 1.6075 -3.1116
1770386335.4556 0 'robobot/drive/T0/vel' 1770386335.4555 94.9390 0.000 0.000 0.0000 0.000 4
1770386335.4560 0 'robobot/drive/T0/mvel' 1770386335.4560 0.000 0.000
1770386335.4599 0 'robobot/drive/T0/ird' 1770386335.4598 0.874 1.500 3495 1821 1
1770386335.4610 0 'robobot/drive/T0/pose' 1770386335.4609 94.9440 0.709 0.191 1.6075 -3.1117
1770386335.4632 0 'robobot/drive/T0/vel' 1770386335.4631 94.9470 0.000 0.000 0.0000 0.000 4
1770386335.4634 0 'robobot/drive/T0/mvel' 1770386335.4634 0.000 0.000
1770386335.4643 0 'robobot/drive/T0/livn' 1770386335.4643 392 386 385 395 392 385 384 371 5
1770386335.4644 0 'robobot/drive/T0/gyro' 1770386335.4643 -0.327454 0.106812 0.076355 94.948
1770386335.4645 0 'robobot/drive/T0/acc' 1770386335.4644 0.028809 -0.001953 0.982666 94.948
1770386335.4656 0 'robobot/drive/T0/pose' 1770386335.4655 94.9490 0.709 0.191 1.6075 -3.1117
1770386335.4709 0 'robobot/drive/T0/pose' 1770386335.4709 94.9540 0.709 0.191 1.6075 -3.1117
1770386335.4710 0 'robobot/drive/T0/mot' 1770386335.4709 0 0 0.1 0.1 0
1770386335.4710 0 'robobot/drive/T0/mca' 1770386335.4710 0.000 0.000 16
1770386335.4722 0 'robobot/drive/T0/vel' 1770386335.4721 94.9550 0.000 0.000 0.0000 0.000 4
1770386335.4722 0 'robobot/drive/T0/mvel' 1770386335.4722 0.000 0.000
1770386335.4744 0 'robobot/drive/T0/livn' 1770386335.4743 393 387 388 395 397 378 376 379 5
1770386335.4755 0 'robobot/drive/T0/pose' 1770386335.4754 94.9590 0.709 0.191 1.6075 -3.1117
1770386335.4767 0 'robobot/drive/T0/gyro' 1770386335.4766 -0.144348 0.015259 0.564636 94.960
1770386335.4767 0 'robobot/drive/T0/acc' 1770386335.4767 0.031982 -0.008545 0.974854 94.960
1770386335.4800 0 'robobot/drive/T0/vel' 1770386335.4799 94.9630 0.000 0.000 0.0000 0.000 4
1770386335.4806 0 'robobot/drive/T0/mvel' 1770386335.4806 0.000 0.000
1770386335.4811 0 'robobot/drive/T0/pose' 1770386335.4810 94.9640 0.709 0.191 1.6075 -3.1117
1770386335.4844 0 'robobot/drive/T0/livn' 1770386335.4843 394 386 389 394 390 382 380 378 5
1770386335.4844 0 'robobot/drive/T0/ird' 1770386335.4844 0.839 1.500 3581 1922 1
1770386335.4855 0 'robobot/drive/T0/pose' 1770386335.4855 94.9690 0.709 0.191 1.6075 -3.1116
1770386335.4877 0 'robobot/drive/T0/vel' 1770386335.4877 94.9710 0.000 0.000 0.0000 0.000 4
1770386335.4878 0 'robobot/drive/T0/gyro' 1770386335.4877 -0.327454 -0.106812 0.198425 94.972
1770386335.4879 0 'robobot/drive/T0/acc' 1770386335.4878 0.038818 -0.012939 0.983398 94.972
1770386335.4880 0 'robobot/drive/T0/mvel' 1770386335.4880 0.000 0.000
1770386335.4911 0 'robobot/drive/T0/pose' 1770386335.4910 94.9740 0.709 0.191 1.6075 -3.1116
1770386335.4944 0 'robobot/drive/T0/livn' 1770386335.4943 385 382 387 401 397 381 377 382 5
1770386335.4955 0 'robobot/drive/T0/pose' 1770386335.4954 94.9790 0.709 0.191 1.6075 -3.1115
1770386335.4955 0 'robobot/drive/T0/vel' 1770386335.4955 94.9790 0.000 0.000 0.0000 0.000 4
1770386335.4956 0 'robobot/drive/T0/mvel' 1770386335.4956 0.000 0.000
1770386335.4978 0 'robobot/drive/T0/liv' 1770386335.4977 296 344 366 305 350 369 339 257 25
1770386335.4999 0 'robobot/drive/T0/gyro' 1770386335.4999 0.038757 0.076294 -0.228821 94.984
1770386335.5000 0 'robobot/drive/T0/acc' 1770386335.5000 0.032959 -0.018799 0.984375 94.984
1770386335.5011 0 'robobot/drive/T0/pose' 1770386335.5011 94.9840 0.709 0.191 1.6075 -3.1115
1770386335.5033 0 'robobot/drive/T0/mot' 1770386335.5033 0 0 0.1 0.1 0
1770386335.5034 0 'robobot/drive/T0/mca' 1770386335.5033 0.000 0.000 17
1770386335.5034 0 'robobot/drive/T0/vel' 1770386335.5034 94.9870 0.000 0.000 0.0000 0.000 4
1770386335.5040 0 'robobot/drive/T0/mvel' 1770386335.5040 0.000 0.000
1770386335.5046 0 'robobot/drive/T0/livn' 1770386335.5045 390 387 384 392 394 385 378 378 5
1770386335.5057 0 'robobot/drive/T0/pose' 1770386335.5056 94.9890 0.709 0.191 1.6075 -3.1115
1770386335.5100 0 'robobot/drive/T0/ird' 1770386335.5099 0.823 1.500 3621 1984 1
1770386335.5111 0 'robobot/drive/T0/pose' 1770386335.5110 94.9940 0.709 0.191 1.6075 -3.1115
1770386335.5112 0 'robobot/drive/T0/vel' 1770386335.5111 94.9950 0.000 0.000 0.0000 0.000 4
1770386335.5114 0 'robobot/drive/T0/mvel' 1770386335.5114 0.000 0.000
1770386335.5123 0 'robobot/drive/T0/gyro' 1770386335.5122 0.130310 0.015259 -0.778137 94.996
1770386335.5124 0 'robobot/drive/T0/acc' 1770386335.5123 0.034912 -0.020264 0.988037 94.996
1770386335.5146 0 'robobot/drive/T0/livn' 1770386335.5145 392 392 391 400 390 385 381 384 5
1770386335.5157 0 'robobot/drive/T0/pose' 1770386335.5156 94.9990 0.709 0.191 1.6075 -3.1115
1770386335.5200 0 'robobot/drive/T0/vel' 1770386335.5199 95.0030 0.000 0.000 0.0000 0.000 4
1770386335.5210 0 'robobot/drive/T0/mvel' 1770386335.5210 0.000 0.000
1770386335.5211 0 'robobot/drive/T0/pose' 1770386335.5211 95.0040 0.709 0.191 1.6075 -3.1115
1770386335.5244 0 'robobot/drive/T0/livn' 1770386335.5243 389 386 390 393 392 381 382 375 5
1770386335.5244 0 'robobot/drive/T0/gyro' 1770386335.5244 0.252380 -0.045776 -0.289856 95.008
1770386335.5245 0 'robobot/drive/T0/acc' 1770386335.5244 0.025391 -0.013916 0.982666 95.008
1770386335.5256 0 'robobot/drive/T0/pose' 1770386335.5256 95.0090 0.709 0.191 1.6075 -3.1115
1770386335.5278 0 'robobot/drive/T0/vel' 1770386335.5277 95.0110 0.000 0.000 0.0000 0.000 4
1770386335.5284 0 'robobot/drive/T0/mvel' 1770386335.5284 0.000 0.000
1770386335.5311 0 'robobot/drive/T0/pose' 1770386335.5310 95.0140 0.709 0.191 1.6075 -3.1115
1770386335.5343 0 'robobot/drive/T0/livn' 1770386335.5342 407 392 389 380 386 383 389 381 5
1770386335.5344 0 'robobot/drive/T0/ird' 1770386335.5343 0.836 1.500 3588 2151 1
1770386335.5355 0 'robobot/drive/T0/pose' 1770386335.5354 95.0190 0.709 0.191 1.6075 -3.1115
1770386335.5356 0 'robobot/drive/T0/vel' 1770386335.5355 95.0190 0.000 0.000 0.0000 0.000 4
1770386335.5357 0 'robobot/drive/T0/gyro' 1770386335.5356 -0.083313 0.137329 -0.350891 95.020
1770386335.5357 0 'robobot/drive/T0/acc' 1770386335.5357 0.030518 -0.010010 0.982910 95.020
1770386335.5358 0 'robobot/drive/T0/mvel' 1770386335.5358 0.000 0.000
1770386335.5369 0 'robobot/drive/T0/mot' 1770386335.5368 0 0 0.1 0.1 0
1770386335.5369 0 'robobot/drive/T0/mca' 1770386335.5369 0.000 0.000 16
1770386335.5402 0 'robobot/drive/T0/pose' 1770386335.5401 95.0240 0.709 0.191 1.6075 -3.1115
1770386335.5435 0 'robobot/drive/T0/vel' 1770386335.5434 95.0270 0.000 0.000 0.0000 0.000 4
1770386335.5435 0 'robobot/drive/T0/mvel' 1770386335.5435 0.000 0.000
1770386335.5447 0 'robobot/drive/T0/livn' 1770386335.5446 399 391 385 391 395 386 379 378 5
1770386335.5448 0 'robobot/drive/T0/hbt' 1770386335.5447 95.0280 107 1033 11.76 4 8 8.9 0.42 0
1770386335.5459 0 'robobot/drive/T0/pose' 1770386335.5458 95.0290 0.709 0.191 1.6075 -3.1115
1770386335.5481 0 'robobot/drive/T0/liv' 1770386335.5480 301 349 369 302 348 370 343 260 25
1770386335.5482 0 'robobot/drive/T0/gyro' 1770386335.5481 0.008240 -0.106812 0.625671 95.032
1770386335.5482 0 'robobot/drive/T0/acc' 1770386335.5482 0.025391 -0.005859 0.983643 95.032
1770386335.5507 0 'robobot/drive/T0/pose' 1770386335.5506 95.0340 0.709 0.191 1.6075 -3.1115
1770386335.5519 0 'robobot/drive/T0/vel' 1770386335.5518 95.0350 0.000 0.000 0.0000 0.000 4
1770386335.5520 0 'robobot/drive/T0/mvel' 1770386335.5519 0.000 0.000
1770386335.5541 0 'robobot/drive/T0/livn' 1770386335.5540 385 392 386 394 392 383 383 390 5
1770386335.5552 0 'robobot/drive/T0/pose' 1770386335.5551 95.0390 0.709 0.191 1.6075 -3.1115
1770386335.5595 0 'robobot/drive/T0/vel' 1770386335.5594 95.0430 0.000 0.000 0.0000 0.000 4
1770386335.5596 0 'robobot/drive/T0/ird' 1770386335.5595 0.818 1.500 3633 2013 1
1770386335.5598 0 'robobot/drive/T0/gyro' 1770386335.5597 0.038757 -0.076294 0.503601 95.044
1770386335.5598 0 'robobot/drive/T0/acc' 1770386335.5598 0.030273 -0.006348 0.972656 95.044
1770386335.5605 0 'robobot/drive/T0/mvel' 1770386335.5604 0.000 0.000
1770386335.5610 0 'robobot/drive/T0/pose' 1770386335.5609 95.0440 0.709 0.191 1.6075 -3.1115
1770386335.5642 0 'robobot/drive/T0/livn' 1770386335.5642 391 394 392 396 394 380 381 371 5
1770386335.5654 0 'robobot/drive/T0/pose' 1770386335.5653 95.0490 0.709 0.191 1.6075 -3.1115
1770386335.5676 0 'robobot/drive/T0/vel' 1770386335.5675 95.0510 0.000 0.000 0.0000 0.000 4
1770386335.5679 0 'robobot/drive/T0/mvel' 1770386335.5678 0.000 0.000
1770386335.5698 0 'robobot/drive/T0/mot' 1770386335.5697 0 0 0.1 0.1 0
1770386335.5698 0 'robobot/drive/T0/mca' 1770386335.5698 0.000 0.000 17
1770386335.5710 0 'robobot/drive/T0/pose' 1770386335.5709 95.0540 0.709 0.191 1.6075 -3.1115
1770386335.5721 0 'robobot/drive/T0/gyro' 1770386335.5720 -0.022278 0.137329 0.351013 95.056
1770386335.5722 0 'robobot/drive/T0/acc' 1770386335.5721 0.033936 -0.010742 0.986328 95.056
1770386335.5744 0 'robobot/drive/T0/livn' 1770386335.5743 397 391 389 394 394 383 378 374 5
1770386335.5755 0 'robobot/drive/T0/pose' 1770386335.5754 95.0590 0.709 0.191 1.6075 -3.1115
1770386335.5756 0 'robobot/drive/T0/vel' 1770386335.5755 95.0590 0.000 0.000 0.0000 0.000 4
1770386335.5764 0 'robobot/drive/T0/mvel' 1770386335.5763 0.000 0.000
1770386335.5809 0 'robobot/drive/T0/pose' 1770386335.5809 95.0640 0.709 0.191 1.6075 -3.1115
1770386335.5842 0 'robobot/drive/T0/vel' 1770386335.5841 95.0670 0.000 0.000 0.0000 0.000 4
1770386335.5842 0 'robobot/drive/T0/livn' 1770386335.5842 399 388 392 404 405 386 382 367 5
1770386335.5843 0 'robobot/drive/T0/gyro' 1770386335.5842 0.038757 0.106812 -0.045715 95.068
1770386335.5844 0 'robobot/drive/T0/acc' 1770386335.5843 0.035645 -0.012207 0.981201 95.068
1770386335.5844 0 'robobot/drive/T0/ird' 1770386335.5844 0.844 1.500 3568 1882 1
1770386335.5848 0 'robobot/drive/T0/mvel' 1770386335.5848 0.000 0.000
1770386335.5856 0 'robobot/drive/T0/pose' 1770386335.5855 95.0690 0.709 0.191 1.6075 -3.1114
1770386335.5910 0 'robobot/drive/T0/pose' 1770386335.5909 95.0740 0.709 0.191 1.6075 -3.1114
1770386335.5921 0 'robobot/drive/T0/vel' 1770386335.5920 95.0750 0.000 0.000 0.0000 0.000 4
1770386335.5922 0 'robobot/drive/T0/mvel' 1770386335.5922 0.000 0.000
1770386335.5943 0 'robobot/drive/T0/livn' 1770386335.5942 384 391 386 381 390 385 389 380 5
1770386335.5955 0 'robobot/drive/T0/pose' 1770386335.5954 95.0790 0.709 0.191 1.6075 -3.1114
1770386335.5966 0 'robobot/drive/T0/gyro' 1770386335.5965 -0.083313 0.259399 -0.259338 95.080
1770386335.5967 0 'robobot/drive/T0/acc' 1770386335.5966 0.031982 -0.018555 0.989746 95.080
1770386335.5978 0 'robobot/drive/T0/liv' 1770386335.5977 296 348 370 302 351 370 343 256 25
1770386335.6000 0 'robobot/drive/T0/vel' 1770386335.6000 95.0830 0.000 0.000 0.0000 0.000 4
1770386335.6007 0 'robobot/drive/T0/mvel' 1770386335.6007 0.000 0.000
1770386335.6012 0 'robobot/drive/T0/pose' 1770386335.6011 95.0840 0.709 0.191 1.6075 -3.1114
1770386335.6023 0 'robobot/drive/T0/mot' 1770386335.6023 0 0 0.1 0.1 0
1770386335.6023 0 'robobot/drive/T0/mca' 1770386335.6023 0.000 0.000 16
1770386335.6046 0 'robobot/drive/T0/livn' 1770386335.6045 399 390 388 384 392 382 385 376 5
1770386335.6057 0 'robobot/drive/T0/pose' 1770386335.6056 95.0890 0.709 0.191 1.6075 -3.1114
1770386335.6079 0 'robobot/drive/T0/vel' 1770386335.6078 95.0910 0.000 0.000 0.0000 0.000 4
1770386335.6080 0 'robobot/drive/T0/gyro' 1770386335.6079 0.069275 0.228882 0.015320 95.092
1770386335.6081 0 'robobot/drive/T0/acc' 1770386335.6080 0.028320 -0.016602 0.984131 95.092
1770386335.6081 0 'robobot/drive/T0/mvel' 1770386335.6081 0.000 0.000
1770386335.6103 0 'robobot/drive/T0/ird' 1770386335.6102 0.877 1.500 3488 1913 1
1770386335.6103 0 'robobot/drive/T0/pose' 1770386335.6103 95.0940 0.709 0.191 1.6075 -3.1114
1770386335.6147 0 'robobot/drive/T0/livn' 1770386335.6146 402 395 386 384 392 382 385 380 5
1770386335.6158 0 'robobot/drive/T0/pose' 1770386335.6157 95.0990 0.709 0.191 1.6075 -3.1114
1770386335.6159 0 'robobot/drive/T0/vel' 1770386335.6158 95.0990 0.000 0.000 0.0000 0.000 4
1770386335.6166 0 'robobot/drive/T0/mvel' 1770386335.6166 0.000 0.000
1770386335.6202 0 'robobot/drive/T0/gyro' 1770386335.6201 0.099792 -0.076294 0.015320 95.104
1770386335.6203 0 'robobot/drive/T0/acc' 1770386335.6202 0.022461 -0.006836 0.984619 95.104
1770386335.6204 0 'robobot/drive/T0/pose' 1770386335.6203 95.1040 0.709 0.191 1.6075 -3.1114
1770386335.6236 0 'robobot/drive/T0/vel' 1770386335.6236 95.1070 0.000 0.000 0.0000 0.000 4
1770386335.6237 0 'robobot/drive/T0/livn' 1770386335.6236 394 393 383 388 402 392 382 375 5
1770386335.6240 0 'robobot/drive/T0/mvel' 1770386335.6240 0.000 0.000
1770386335.6259 0 'robobot/drive/T0/pose' 1770386335.6258 95.1090 0.709 0.191 1.6075 -3.1115
1770386335.6302 0 'robobot/drive/T0/pose' 1770386335.6301 95.1140 0.709 0.191 1.6075 -3.1115
1770386335.6314 0 'robobot/drive/T0/vel' 1770386335.6313 95.1150 0.000 0.000 0.0000 0.000 4
1770386335.6314 0 'robobot/drive/T0/mvel' 1770386335.6314 0.000 0.000
1770386335.6325 0 'robobot/drive/T0/gyro' 1770386335.6324 0.130310 0.198364 0.442566 95.116
1770386335.6326 0 'robobot/drive/T0/acc' 1770386335.6325 0.031250 -0.007080 0.985840 95.116
1770386335.6337 0 'robobot/drive/T0/livn' 1770386335.6337 393 386 384 390 401 398 386 381 5
1770386335.6349 0 'robobot/drive/T0/ird' 1770386335.6348 0.822 1.500 3622 1813 1
1770386335.6360 0 'robobot/drive/T0/mot' 1770386335.6359 0 0 0.1 0.1 0
1770386335.6360 0 'robobot/drive/T0/mca' 1770386335.6360 0.000 0.000 17
1770386335.6361 0 'robobot/drive/T0/pose' 1770386335.6360 95.1190 0.709 0.191 1.6075 -3.1114
1770386335.6394 0 'robobot/drive/T0/vel' 1770386335.6393 95.1230 0.000 0.000 0.0000 0.000 4
1770386335.6399 0 'robobot/drive/T0/mvel' 1770386335.6398 0.000 0.000
1770386335.6405 0 'robobot/drive/T0/pose' 1770386335.6404 95.1240 0.709 0.191 1.6075 -3.1114
1770386335.6438 0 'robobot/drive/T0/livn' 1770386335.6437 393 389 386 391 396 389 380 371 5
1770386335.6438 0 'robobot/drive/T0/gyro' 1770386335.6438 0.038757 0.289917 0.106873 95.128
1770386335.6439 0 'robobot/drive/T0/acc' 1770386335.6438 0.034668 -0.006836 0.986084 95.128
1770386335.6461 0 'robobot/drive/T0/pose' 1770386335.6460 95.1290 0.709 0.191 1.6075 -3.1114
1770386335.6473 0 'robobot/drive/T0/vel' 1770386335.6472 95.1310 0.000 0.000 0.0000 0.000 4
1770386335.6474 0 'robobot/drive/T0/liv' 1770386335.6473 302 350 366 299 353 375 342 256 25
1770386335.6483 0 'robobot/drive/T0/mvel' 1770386335.6483 0.000 0.000
1770386335.6506 0 'robobot/drive/T0/pose' 1770386335.6505 95.1340 0.709 0.191 1.6075 -3.1114
1770386335.6539 0 'robobot/drive/T0/livn' 1770386335.6538 393 390 392 395 397 386 376 372 5
1770386335.6561 0 'robobot/drive/T0/pose' 1770386335.6560 95.1390 0.709 0.191 1.6075 -3.1114
1770386335.6562 0 'robobot/drive/T0/vel' 1770386335.6561 95.1390 0.000 0.000 0.0000 0.000 4
1770386335.6563 0 'robobot/drive/T0/gyro' 1770386335.6562 -0.144348 0.076294 -0.137268 95.140
1770386335.6563 0 'robobot/drive/T0/acc' 1770386335.6563 0.031494 -0.012939 0.980713 95.140
1770386335.6568 0 'robobot/drive/T0/mvel' 1770386335.6567 0.000 0.000
1770386335.6596 0 'robobot/drive/T0/ird' 1770386335.6595 0.804 1.500 3671 1905 1
1770386335.6607 0 'robobot/drive/T0/pose' 1770386335.6607 95.1440 0.709 0.191 1.6075 -3.1114
1770386335.6641 0 'robobot/drive/T0/vel' 1770386335.6640 95.1470 0.000 0.000 0.0000 0.000 4
1770386335.6641 0 'robobot/drive/T0/livn' 1770386335.6641 388 377 391 400 392 375 367 369 5
1770386335.6642 0 'robobot/drive/T0/mvel' 1770386335.6641 0.000 0.000
1770386335.6653 0 'robobot/drive/T0/pose' 1770386335.6652 95.1490 0.709 0.191 1.6075 -3.1113
1770386335.6686 0 'robobot/drive/T0/gyro' 1770386335.6685 0.008240 0.167847 -0.808655 95.152
1770386335.6687 0 'robobot/drive/T0/acc' 1770386335.6686 0.029541 -0.010742 0.978760 95.152
1770386335.6688 0 'robobot/drive/T0/mot' 1770386335.6687 0 0 0.1 0.1 0
1770386335.6688 0 'robobot/drive/T0/mca' 1770386335.6688 0.000 0.000 16
1770386335.6710 0 'robobot/drive/T0/pose' 1770386335.6709 95.1540 0.709 0.191 1.6075 -3.1113
1770386335.6722 0 'robobot/drive/T0/vel' 1770386335.6721 95.1550 0.000 0.000 0.0000 0.000 4
1770386335.6726 0 'robobot/drive/T0/mvel' 1770386335.6726 0.000 0.000
1770386335.6739 0 'robobot/drive/T0/livn' 1770386335.6738 396 390 390 390 388 389 374 377 5
1770386335.6761 0 'robobot/drive/T0/pose' 1770386335.6761 95.1590 0.709 0.191 1.6075 -3.1113
1770386335.6794 0 'robobot/drive/T0/vel' 1770386335.6793 95.1630 0.000 0.000 0.0000 0.000 4
1770386335.6800 0 'robobot/drive/T0/mvel' 1770386335.6799 0.000 0.000
1770386335.6805 0 'robobot/drive/T0/gyro' 1770386335.6804 0.069275 0.045776 -0.167786 95.164
1770386335.6806 0 'robobot/drive/T0/acc' 1770386335.6805 0.024170 -0.016602 0.981934 95.164
1770386335.6807 0 'robobot/drive/T0/pose' 1770386335.6806 95.1640 0.709 0.191 1.6075 -3.1113
1770386335.6839 0 'robobot/drive/T0/livn' 1770386335.6838 392 384 388 392 393 390 373 360 5
1770386335.6850 0 'robobot/drive/T0/ird' 1770386335.6850 0.772 1.500 3763 1898 1
1770386335.6862 0 'robobot/drive/T0/pose' 1770386335.6861 95.1690 0.709 0.191 1.6075 -3.1113
1770386335.6873 0 'robobot/drive/T0/vel' 1770386335.6872 95.1710 0.000 0.000 0.0000 0.000 4
1770386335.6883 0 'robobot/drive/T0/mvel' 1770386335.6883 0.000 0.000
1770386335.6905 0 'robobot/drive/T0/pose' 1770386335.6905 95.1740 0.709 0.191 1.6075 -3.1113
1770386335.6917 0 'robobot/drive/T0/gyro' 1770386335.6916 0.191345 -0.106812 -0.045715 95.176
1770386335.6918 0 'robobot/drive/T0/acc' 1770386335.6917 0.026123 -0.009033 0.979248 95.176
1770386335.6939 0 'robobot/drive/T0/livn' 1770386335.6939 389 389 383 394 392 387 386 379 5
1770386335.6961 0 'robobot/drive/T0/pose' 1770386335.6960 95.1790 0.709 0.191 1.6075 -3.1114
1770386335.6962 0 'robobot/drive/T0/vel' 1770386335.6961 95.1790 0.000 0.000 0.0000 0.000 4
1770386335.6968 0 'robobot/drive/T0/mvel' 1770386335.6968 0.000 0.000
1770386335.6973 0 'robobot/drive/T0/liv' 1770386335.6973 295 345 371 305 346 369 336 254 25
1770386335.7006 0 'robobot/drive/T0/pose' 1770386335.7005 95.1840 0.709 0.191 1.6075 -3.1114
1770386335.7017 0 'robobot/drive/T0/mot' 1770386335.7016 0 0 0.1 0.1 0
1770386335.7017 0 'robobot/drive/T0/mca' 1770386335.7017 0.000 0.000 17
1770386335.7039 0 'robobot/drive/T0/vel' 1770386335.7039 95.1870 0.000 0.000 0.0000 0.000 4
1770386335.7040 0 'robobot/drive/T0/livn' 1770386335.7039 381 392 407 405 381 374 377 382 5
1770386335.7041 0 'robobot/drive/T0/gyro' 1770386335.7040 -0.144348 -0.045776 0.106873 95.188
1770386335.7041 0 'robobot/drive/T0/acc' 1770386335.7041 0.026611 -0.007812 0.980957 95.188
1770386335.7042 0 'robobot/drive/T0/mvel' 1770386335.7042 0.000 0.000
1770386335.7053 0 'robobot/drive/T0/pose' 1770386335.7052 95.1890 0.709 0.191 1.6075 -3.1114
1770386335.7095 0 'robobot/drive/T0/ird' 1770386335.7095 0.882 1.500 3477 1904 1
1770386335.7107 0 'robobot/drive/T0/pose' 1770386335.7106 95.1940 0.709 0.191 1.6075 -3.1114
1770386335.7118 0 'robobot/drive/T0/vel' 1770386335.7117 95.1950 0.000 0.000 0.0000 0.000 4
1770386335.7126 0 'robobot/drive/T0/mvel' 1770386335.7126 0.000 0.000
1770386335.7140 0 'robobot/drive/T0/livn' 1770386335.7139 387 391 386 391 387 385 375 375 5
1770386335.7162 0 'robobot/drive/T0/pose' 1770386335.7161 95.1990 0.709 0.191 1.6075 -3.1114
1770386335.7162 0 'robobot/drive/T0/gyro' 1770386335.7162 0.008240 0.198364 0.351013 95.200
1770386335.7163 0 'robobot/drive/T0/acc' 1770386335.7163 0.026611 -0.006836 0.981445 95.200
1770386335.7196 0 'robobot/drive/T0/vel' 1770386335.7195 95.2030 0.000 0.000 0.0000 0.000 4
1770386335.7200 0 'robobot/drive/T0/mvel' 1770386335.7200 0.000 0.000
1770386335.7207 0 'robobot/drive/T0/pose' 1770386335.7206 95.2040 0.709 0.191 1.6075 -3.1114
1770386335.7239 0 'robobot/drive/T0/livn' 1770386335.7239 395 382 391 393 393 386 378 387 5
1770386335.7261 0 'robobot/drive/T0/pose' 1770386335.7261 95.2090 0.709 0.191 1.6075 -3.1113
1770386335.7272 0 'robobot/drive/T0/vel' 1770386335.7272 95.2110 0.000 0.000 0.0000 0.000 4
1770386335.7274 0 'robobot/drive/T0/mvel' 1770386335.7274 0.000 0.000
1770386335.7284 0 'robobot/drive/T0/gyro' 1770386335.7283 0.038757 0.198364 -0.076233 95.212
1770386335.7284 0 'robobot/drive/T0/acc' 1770386335.7284 0.032959 -0.004150 0.984863 95.212
1770386335.7306 0 'robobot/drive/T0/pose' 1770386335.7306 95.2140 0.709 0.191 1.6075 -3.1113
1770386335.7339 0 'robobot/drive/T0/livn' 1770386335.7338 394 385 385 387 388 382 376 383 5
1770386335.7350 0 'robobot/drive/T0/mot' 1770386335.7350 0 0 0.1 0.1 0
1770386335.7351 0 'robobot/drive/T0/mca' 1770386335.7350 0.000 0.000 16
1770386335.7351 0 'robobot/drive/T0/ird' 1770386335.7351 0.923 1.500 3389 1980 1
1770386335.7354 0 'robobot/drive/T0/pose' 1770386335.7353 95.2190 0.709 0.191 1.6075 -3.1113
1770386335.7355 0 'robobot/drive/T0/vel' 1770386335.7354 95.2190 0.000 0.000 0.0000 0.000 4
1770386335.7358 0 'robobot/drive/T0/mvel' 1770386335.7358 0.000 0.000
1770386335.7402 0 'robobot/drive/T0/gyro' 1770386335.7401 -0.113831 0.076294 -0.106750 95.224
1770386335.7402 0 'robobot/drive/T0/acc' 1770386335.7402 0.030273 -0.011230 0.985596 95.224
1770386335.7403 0 'robobot/drive/T0/pose' 1770386335.7403 95.2240 0.709 0.191 1.6075 -3.1113
1770386335.7437 0 'robobot/drive/T0/vel' 1770386335.7435 95.2270 0.000 0.000 0.0000 0.000 4
1770386335.7439 0 'robobot/drive/T0/livn' 1770386335.7437 400 400 388 382 395 388 372 360 5
1770386335.7443 0 'robobot/drive/T0/mvel' 1770386335.7442 0.000 0.000
1770386335.7461 0 'robobot/drive/T0/pose' 1770386335.7460 95.2290 0.709 0.191 1.6075 -3.1113
1770386335.7489 0 'robobot/drive/T0/liv' 1770386335.7488 297 347 369 301 347 371 338 258 25
1770386335.7511 0 'robobot/drive/T0/pose' 1770386335.7510 95.2340 0.709 0.191 1.6075 -3.1113
1770386335.7523 0 'robobot/drive/T0/vel' 1770386335.7522 95.2350 0.000 0.000 0.0000 0.000 4
1770386335.7523 0 'robobot/drive/T0/gyro' 1770386335.7523 0.069275 0.137329 -0.411926 95.236
1770386335.7524 0 'robobot/drive/T0/acc' 1770386335.7524 0.032715 -0.012939 0.985840 95.236
1770386335.7527 0 'robobot/drive/T0/mvel' 1770386335.7527 0.000 0.000
1770386335.7536 0 'robobot/drive/T0/livn' 1770386335.7535 387 390 390 397 388 393 383 383 5
1770386335.7558 0 'robobot/drive/T0/pose' 1770386335.7557 95.2390 0.709 0.191 1.6075 -3.1113
1770386335.7601 0 'robobot/drive/T0/ird' 1770386335.7600 0.880 1.500 3483 1911 1
1770386335.7601 0 'robobot/drive/T0/vel' 1770386335.7601 95.2430 0.000 0.000 0.0000 0.000 4
1770386335.7611 0 'robobot/drive/T0/mvel' 1770386335.7611 0.000 0.000
1770386335.7613 0 'robobot/drive/T0/pose' 1770386335.7612 95.2440 0.709 0.191 1.6075 -3.1113
1770386335.7645 0 'robobot/drive/T0/livn' 1770386335.7644 390 382 388 391 393 382 382 374 5
1770386335.7646 0 'robobot/drive/T0/gyro' 1770386335.7645 0.008240 0.137329 -0.289856 95.248
1770386335.7646 0 'robobot/drive/T0/acc' 1770386335.7646 0.023438 -0.012451 0.983643 95.248
1770386335.7658 0 'robobot/drive/T0/pose' 1770386335.7657 95.2490 0.709 0.191 1.6075 -3.1113
1770386335.7679 0 'robobot/drive/T0/mot' 1770386335.7679 0 0 0.1 0.1 0
1770386335.7680 0 'robobot/drive/T0/mca' 1770386335.7679 0.000 0.000 17
1770386335.7680 0 'robobot/drive/T0/vel' 1770386335.7680 95.2510 0.000 0.000 0.0000 0.000 4
1770386335.7685 0 'robobot/drive/T0/mvel' 1770386335.7685 0.000 0.000
1770386335.7702 0 'robobot/drive/T0/pose' 1770386335.7701 95.2540 0.709 0.191 1.6075 -3.1113
1770386335.7745 0 'robobot/drive/T0/livn' 1770386335.7744 392 385 389 392 392 387 377 375 5
1770386335.7757 0 'robobot/drive/T0/pose' 1770386335.7756 95.2590 0.709 0.191 1.6075 -3.1113
1770386335.7757 0 'robobot/drive/T0/vel' 1770386335.7757 95.2590 0.000 0.000 0.0000 0.000 4
1770386335.7758 0 'robobot/drive/T0/gyro' 1770386335.7757 0.099792 0.076294 -0.015198 95.260
1770386335.7758 0 'robobot/drive/T0/acc' 1770386335.7758 0.030273 -0.015381 0.981689 95.260
1770386335.7759 0 'robobot/drive/T0/mvel' 1770386335.7759 0.000 0.000
1770386335.7812 0 'robobot/drive/T0/pose' 1770386335.7811 95.2640 0.709 0.191 1.6075 -3.1113
1770386335.7834 0 'robobot/drive/T0/vel' 1770386335.7833 95.2670 0.000 0.000 0.0000 0.000 4
1770386335.7843 0 'robobot/drive/T0/mvel' 1770386335.7843 0.000 0.000
1770386335.7845 0 'robobot/drive/T0/livn' 1770386335.7844 394 390 395 394 387 375 381 388 5
1770386335.7845 0 'robobot/drive/T0/ird' 1770386335.7845 0.848 1.500 3558 1930 1
1770386335.7857 0 'robobot/drive/T0/pose' 1770386335.7856 95.2690 0.709 0.191 1.6075 -3.1113
1770386335.7879 0 'robobot/drive/T0/gyro' 1770386335.7878 -0.113831 0.045776 0.106873 95.272
1770386335.7879 0 'robobot/drive/T0/acc' 1770386335.7879 0.027344 -0.008789 0.982910 95.272
1770386335.7912 0 'robobot/drive/T0/pose' 1770386335.7911 95.2740 0.709 0.191 1.6075 -3.1113
1770386335.7912 0 'robobot/drive/T0/vel' 1770386335.7912 95.2750 0.000 0.000 0.0000 0.000 4
1770386335.7917 0 'robobot/drive/T0/mvel' 1770386335.7917 0.000 0.000
1770386335.7945 0 'robobot/drive/T0/livn' 1770386335.7944 406 399 391 396 398 386 381 371 5
1770386335.7956 0 'robobot/drive/T0/pose' 1770386335.7955 95.2790 0.709 0.191 1.6075 -3.1113
1770386335.7978 0 'robobot/drive/T0/liv' 1770386335.7977 301 348 371 304 349 370 341 256 25
1770386335.8000 0 'robobot/drive/T0/vel' 1770386335.7999 95.2830 0.000 0.000 0.0000 0.000 4
1770386335.8000 0 'robobot/drive/T0/gyro' 1770386335.8000 0.160828 0.289917 -0.198303 95.284
1770386335.8001 0 'robobot/drive/T0/acc' 1770386335.8000 0.029785 -0.010742 0.977295 95.284
1770386335.8001 0 'robobot/drive/T0/mvel' 1770386335.8001 0.000 0.000
1770386335.8012 0 'robobot/drive/T0/mot' 1770386335.8011 0 0 0.1 0.1 0
1770386335.8012 0 'robobot/drive/T0/mca' 1770386335.8012 0.000 0.000 16
1770386335.8013 0 'robobot/drive/T0/pose' 1770386335.8012 95.2840 0.709 0.191 1.6075 -3.1113
1770386335.8045 0 'robobot/drive/T0/livn' 1770386335.8045 394 385 388 398 392 390 382 368 5
1770386335.8056 0 'robobot/drive/T0/pose' 1770386335.8056 95.2890 0.709 0.191 1.6075 -3.1112
1770386335.8078 0 'robobot/drive/T0/vel' 1770386335.8078 95.2910 0.000 0.000 0.0000 0.000 4
1770386335.8086 0 'robobot/drive/T0/mvel' 1770386335.8086 0.000 0.000
1770386335.8100 0 'robobot/drive/T0/ird' 1770386335.8099 0.871 1.500 3503 1932 1
1770386335.8111 0 'robobot/drive/T0/pose' 1770386335.8110 95.2940 0.709 0.191 1.6075 -3.1112
1770386335.8122 0 'robobot/drive/T0/gyro' 1770386335.8122 0.008240 0.106812 -0.350891 95.296
1770386335.8123 0 'robobot/drive/T0/acc' 1770386335.8122 0.031006 -0.010742 0.983154 95.296
1770386335.8145 0 'robobot/drive/T0/livn' 1770386335.8144 393 388 387 395 392 387 383 380 5
1770386335.8156 0 'robobot/drive/T0/pose' 1770386335.8156 95.2990 0.709 0.191 1.6075 -3.1112
1770386335.8157 0 'robobot/drive/T0/vel' 1770386335.8156 95.2990 0.000 0.000 0.0000 0.000 4
1770386335.8160 0 'robobot/drive/T0/mvel' 1770386335.8160 0.000 0.000
1770386335.8210 0 'robobot/drive/T0/pose' 1770386335.8210 95.3040 0.709 0.191 1.6075 -3.1112
1770386335.8232 0 'robobot/drive/T0/vel' 1770386335.8231 95.3070 0.000 0.000 0.0000 0.000 4
1770386335.8233 0 'robobot/drive/T0/mvel' 1770386335.8233 0.000 0.000
1770386335.8244 0 'robobot/drive/T0/livn' 1770386335.8243 402 399 390 377 386 382 386 376 5
1770386335.8244 0 'robobot/drive/T0/gyro' 1770386335.8244 0.038757 -0.015259 -0.259338 95.308
1770386335.8245 0 'robobot/drive/T0/acc' 1770386335.8244 0.024902 -0.016113 0.979736 95.308
1770386335.8256 0 'robobot/drive/T0/pose' 1770386335.8255 95.3090 0.709 0.191 1.6075 -3.1112
1770386335.8310 0 'robobot/drive/T0/pose' 1770386335.8309 95.3140 0.709 0.191 1.6075 -3.1112
1770386335.8321 0 'robobot/drive/T0/vel' 1770386335.8320 95.3150 0.000 0.000 0.0000 0.000 4
1770386335.8328 0 'robobot/drive/T0/mvel' 1770386335.8328 0.000 0.000
1770386335.8332 0 'robobot/drive/T0/mot' 1770386335.8332 0 0 0.1 0.1 0
1770386335.8332 0 'robobot/drive/T0/mca' 1770386335.8332 0.000 0.000 17
1770386335.8344 0 'robobot/drive/T0/livn' 1770386335.8343 400 398 393 401 404 390 386 375 5
1770386335.8344 0 'robobot/drive/T0/ird' 1770386335.8344 0.918 1.500 3400 2059 1
1770386335.8355 0 'robobot/drive/T0/pose' 1770386335.8355 95.3190 0.709 0.191 1.6075 -3.1112
1770386335.8356 0 'robobot/drive/T0/gyro' 1770386335.8355 0.130310 -0.015259 -0.076233 95.320
1770386335.8357 0 'robobot/drive/T0/acc' 1770386335.8356 0.023926 -0.013428 0.984375 95.320
1770386335.8400 0 'robobot/drive/T0/vel' 1770386335.8399 95.3230 0.000 0.000 0.0000 0.000 4
1770386335.8402 0 'robobot/drive/T0/mvel' 1770386335.8402 0.000 0.000
1770386335.8411 0 'robobot/drive/T0/pose' 1770386335.8410 95.3240 0.709 0.191 1.6075 -3.1112
1770386335.8443 0 'robobot/drive/T0/livn' 1770386335.8443 400 393 389 393 397 387 383 376 5
1770386335.8455 0 'robobot/drive/T0/pose' 1770386335.8454 95.3290 0.709 0.191 1.6075 -3.1112
1770386335.8476 0 'robobot/drive/T0/vel' 1770386335.8476 95.3310 0.000 0.000 0.0000 0.000 4
1770386335.8477 0 'robobot/drive/T0/liv' 1770386335.8476 300 351 369 302 349 372 345 257 25
1770386335.8478 0 'robobot/drive/T0/gyro' 1770386335.8477 -0.083313 0.289917 0.045837 95.332
1770386335.8478 0 'robobot/drive/T0/acc' 1770386335.8478 0.030273 -0.016602 0.985107 95.332
1770386335.8486 0 'robobot/drive/T0/mvel' 1770386335.8486 0.000 0.000
1770386335.8510 0 'robobot/drive/T0/pose' 1770386335.8510 95.3340 0.709 0.191 1.6075 -3.1112
1770386335.8543 0 'robobot/drive/T0/livn' 1770386335.8542 384 390 389 389 396 383 383 382 5
1770386335.8554 0 'robobot/drive/T0/pose' 1770386335.8553 95.3390 0.709 0.191 1.6075 -3.1112
1770386335.8555 0 'robobot/drive/T0/vel' 1770386335.8554 95.3390 0.000 0.000 0.0000 0.000 4
1770386335.8560 0 'robobot/drive/T0/mvel' 1770386335.8560 0.000 0.000
1770386335.8598 0 'robobot/drive/T0/ird' 1770386335.8597 0.918 1.500 3400 1916 1
1770386335.8598 0 'robobot/drive/T0/gyro' 1770386335.8598 -0.022278 -0.106812 0.076355 95.344
1770386335.8599 0 'robobot/drive/T0/acc' 1770386335.8598 0.028320 -0.012695 0.983398 95.344
1770386335.8607 0 'robobot/drive/master' 1770386335.8606 2026-02-06 14:58:48.828247
1770386335.8610 0 'robobot/drive/T0/pose' 1770386335.8610 95.3440 0.709 0.191 1.6075 -3.1112
1770386335.8632 0 'robobot/drive/T0/vel' 1770386335.8632 95.3470 0.000 0.000 0.0000 0.000 4
1770386335.8634 0 'robobot/drive/T0/mvel' 1770386335.8634 0.000 0.000
1770386335.8644 0 'robobot/drive/T0/livn' 1770386335.8643 408 385 384 387 399 381 368 369 5
1770386335.8655 0 'robobot/drive/T0/pose' 1770386335.8654 95.3490 0.709 0.191 1.6075 -3.1112
1770386335.8666 0 'robobot/drive/T0/mot' 1770386335.8665 0 0 0.1 0.1 0
1770386335.8666 0 'robobot/drive/T0/mca' 1770386335.8666 -0.000 0.000 16
1770386335.8709 0 'robobot/drive/T0/pose' 1770386335.8709 95.3540 0.709 0.191 1.6075 -3.1111
1770386335.8721 0 'robobot/drive/T0/vel' 1770386335.8720 95.3550 0.000 0.000 0.0000 0.000 4
1770386335.8721 0 'robobot/drive/T0/gyro' 1770386335.8721 -0.022278 -0.045776 0.137390 95.356
1770386335.8722 0 'robobot/drive/T0/acc' 1770386335.8721 0.030762 -0.010254 0.985596 95.356
1770386335.8729 0 'robobot/drive/T0/mvel' 1770386335.8729 0.000 0.000
1770386335.8744 0 'robobot/drive/T0/livn' 1770386335.8743 406 382 392 413 404 378 373 373 5
1770386335.8755 0 'robobot/drive/T0/pose' 1770386335.8755 95.3590 0.709 0.191 1.6075 -3.1111
1770386335.8798 0 'robobot/drive/T0/vel' 1770386335.8797 95.3630 0.000 0.000 0.0000 0.000 4
1770386335.8803 0 'robobot/drive/T0/mvel' 1770386335.8803 0.000 0.000
1770386335.8809 0 'robobot/drive/T0/pose' 1770386335.8809 95.3640 0.709 0.191 1.6075 -3.1111
1770386335.8842 0 'robobot/drive/T0/livn' 1770386335.8841 389 391 387 396 396 387 376 374 5
1770386335.8842 0 'robobot/drive/T0/gyro' 1770386335.8842 0.130310 0.045776 0.106873 95.368
1770386335.8843 0 'robobot/drive/T0/acc' 1770386335.8843 0.029785 -0.010742 0.980957 95.368
1770386335.8844 0 'robobot/drive/T0/ird' 1770386335.8844 0.870 1.500 3506 1903 1
1770386335.8855 0 'robobot/drive/T0/pose' 1770386335.8855 95.3690 0.709 0.191 1.6075 -3.1111
1770386335.8877 0 'robobot/drive/T0/vel' 1770386335.8877 95.3720 0.000 0.000 0.0000 0.000 4
1770386335.8887 0 'robobot/drive/T0/mvel' 1770386335.8887 0.000 0.000
1770386335.8910 0 'robobot/drive/T0/pose' 1770386335.8909 95.3740 0.709 0.191 1.6075 -3.1111
1770386335.8942 0 'robobot/drive/T0/livn' 1770386335.8941 396 391 386 393 396 386 378 377 5
1770386335.8953 0 'robobot/drive/T0/pose' 1770386335.8953 95.3790 0.709 0.191 1.6075 -3.1111
1770386335.8954 0 'robobot/drive/T0/vel' 1770386335.8953 95.3800 0.000 0.000 0.0000 0.000 4
1770386335.8961 0 'robobot/drive/T0/mvel' 1770386335.8961 0.000 0.000
1770386335.8965 0 'robobot/drive/T0/gyro' 1770386335.8965 0.282898 0.015259 0.106873 95.380
1770386335.8966 0 'robobot/drive/T0/acc' 1770386335.8965 0.030518 -0.006104 0.987061 95.380
1770386335.8977 0 'robobot/drive/T0/liv' 1770386335.8977 303 345 367 303 354 370 336 254 25
1770386335.8999 0 'robobot/drive/T0/mot' 1770386335.8998 0 0 0.1 0.1 0
1770386335.8999 0 'robobot/drive/T0/mca' 1770386335.8999 0.000 0.000 17
1770386335.9011 0 'robobot/drive/T0/pose' 1770386335.9010 95.3840 0.709 0.191 1.6075 -3.1111
1770386335.9032 0 'robobot/drive/T0/vel' 1770386335.9032 95.3880 0.000 0.000 0.0000 0.000 4
1770386335.9035 0 'robobot/drive/T0/mvel' 1770386335.9035 0.000 0.000
1770386335.9044 0 'robobot/drive/T0/livn' 1770386335.9043 399 384 382 386 392 386 383 383 5
1770386335.9055 0 'robobot/drive/T0/pose' 1770386335.9054 95.3890 0.709 0.191 1.6075 -3.1111
1770386335.9077 0 'robobot/drive/T0/gyro' 1770386335.9076 -0.144348 0.045776 -0.289856 95.392
1770386335.9077 0 'robobot/drive/T0/acc' 1770386335.9077 0.028809 -0.010498 0.982178 95.392
1770386335.9099 0 'robobot/drive/T0/ird' 1770386335.9099 0.793 1.500 3702 1950 1
1770386335.9111 0 'robobot/drive/T0/pose' 1770386335.9110 95.3940 0.709 0.191 1.6075 -3.1111
1770386335.9122 0 'robobot/drive/T0/vel' 1770386335.9121 95.3960 0.000 0.000 0.0000 0.000 4
1770386335.9130 0 'robobot/drive/T0/mvel' 1770386335.9130 0.000 0.000
1770386335.9144 0 'robobot/drive/T0/livn' 1770386335.9143 377 392 396 403 386 376 376 377 5
1770386335.9155 0 'robobot/drive/T0/pose' 1770386335.9154 95.3990 0.709 0.191 1.6075 -3.1111
1770386335.9198 0 'robobot/drive/T0/vel' 1770386335.9197 95.4040 0.000 0.000 0.0000 0.000 4
1770386335.9199 0 'robobot/drive/T0/gyro' 1770386335.9198 -0.052795 0.045776 0.015320 95.404
1770386335.9200 0 'robobot/drive/T0/acc' 1770386335.9199 0.029541 -0.011230 0.983643 95.404
1770386335.9204 0 'robobot/drive/T0/mvel' 1770386335.9204 0.000 0.000
1770386335.9211 0 'robobot/drive/T0/pose' 1770386335.9210 95.4040 0.709 0.191 1.6075 -3.1111
1770386335.9243 0 'robobot/drive/T0/livn' 1770386335.9243 394 389 389 394 394 383 385 387 5
1770386335.9254 0 'robobot/drive/T0/pose' 1770386335.9254 95.4100 0.709 0.191 1.6075 -3.1111
1770386335.9276 0 'robobot/drive/T0/vel' 1770386335.9276 95.4120 0.000 0.000 0.0000 0.000 4
1770386335.9278 0 'robobot/drive/T0/mvel' 1770386335.9278 0.000 0.000
1770386335.9309 0 'robobot/drive/T0/pose' 1770386335.9308 95.4150 0.709 0.191 1.6075 -3.1111
1770386335.9320 0 'robobot/drive/T0/gyro' 1770386335.9319 0.008240 0.045776 0.228943 95.416
1770386335.9321 0 'robobot/drive/T0/acc' 1770386335.9320 0.030029 -0.012695 0.981445 95.416
1770386335.9321 0 'robobot/drive/T0/mot' 1770386335.9321 0 0 0.1 0.1 0
1770386335.9322 0 'robobot/drive/T0/mca' 1770386335.9321 0.000 0.000 16
1770386335.9343 0 'robobot/drive/T0/livn' 1770386335.9342 393 383 388 396 396 385 387 385 5
1770386335.9344 0 'robobot/drive/T0/ird' 1770386335.9343 0.807 1.500 3664 1919 1
1770386335.9355 0 'robobot/drive/T0/vel' 1770386335.9354 95.4200 0.000 0.000 0.0000 0.000 4
1770386335.9356 0 'robobot/drive/T0/pose' 1770386335.9355 95.4200 0.709 0.191 1.6075 -3.1111
1770386335.9363 0 'robobot/drive/T0/mvel' 1770386335.9362 0.000 0.000
1770386335.9430 0 'robobot/drive/T0/pose' 1770386335.9429 95.4250 0.709 0.191 1.6075 -3.1111
1770386335.9443 0 'robobot/drive/T0/vel' 1770386335.9442 95.4280 0.000 0.000 0.0000 0.000 4
1770386335.9443 0 'robobot/drive/T0/livn' 1770386335.9443 399 388 385 382 400 386 375 367 5
1770386335.9444 0 'robobot/drive/T0/gyro' 1770386335.9443 -0.022278 -0.045776 -0.015198 95.428
1770386335.9445 0 'robobot/drive/T0/acc' 1770386335.9444 0.029297 -0.011963 0.980957 95.428
1770386335.9447 0 'robobot/drive/T0/mvel' 1770386335.9447 0.000 0.000
1770386335.9458 0 'robobot/drive/T0/pose' 1770386335.9455 95.4300 0.709 0.191 1.6075 -3.1111
1770386335.9480 0 'robobot/drive/T0/liv' 1770386335.9479 297 347 367 301 350 370 341 259 25
1770386335.9513 0 'robobot/drive/T0/pose' 1770386335.9512 95.4350 0.709 0.191 1.6075 -3.1111
1770386335.9514 0 'robobot/drive/T0/vel' 1770386335.9513 95.4360 0.000 0.000 0.0000 0.000 4
1770386335.9521 0 'robobot/drive/T0/mvel' 1770386335.9520 0.000 0.000
1770386335.9536 0 'robobot/drive/T0/livn' 1770386335.9535 396 394 381 385 398 384 367 356 5
1770386335.9558 0 'robobot/drive/T0/pose' 1770386335.9557 95.4400 0.709 0.191 1.6075 -3.1111
1770386335.9559 0 'robobot/drive/T0/gyro' 1770386335.9558 0.130310 0.076294 0.015320 95.440
1770386335.9559 0 'robobot/drive/T0/acc' 1770386335.9559 0.031006 -0.011963 0.986328 95.440
1770386335.9593 0 'robobot/drive/T0/ird' 1770386335.9591 0.807 1.500 3662 1961 1
1770386335.9594 0 'robobot/drive/T0/vel' 1770386335.9593 95.4440 0.000 0.000 0.0000 0.000 4
1770386335.9595 0 'robobot/drive/T0/mvel' 1770386335.9594 0.000 0.000
1770386335.9605 0 'robobot/drive/T0/pose' 1770386335.9604 95.4450 0.709 0.191 1.6075 -3.1111
1770386335.9638 0 'robobot/drive/T0/livn' 1770386335.9637 397 395 387 402 394 388 385 379 5
1770386335.9660 0 'robobot/drive/T0/mot' 1770386335.9660 0 0 0.1 0.1 0
1770386335.9661 0 'robobot/drive/T0/mca' 1770386335.9660 0.000 0.000 17
1770386335.9661 0 'robobot/drive/T0/pose' 1770386335.9661 95.4500 0.709 0.191 1.6075 -3.1111
1770386335.9674 0 'robobot/drive/T0/vel' 1770386335.9672 95.4520 0.000 0.000 0.0000 0.000 4
1770386335.9679 0 'robobot/drive/T0/mvel' 1770386335.9679 0.000 0.000
1770386335.9686 0 'robobot/drive/T0/gyro' 1770386335.9685 0.099792 -0.076294 -0.198303 95.452
1770386335.9686 0 'robobot/drive/T0/acc' 1770386335.9686 0.030518 -0.008545 0.982422 95.452
1770386335.9709 0 'robobot/drive/T0/pose' 1770386335.9708 95.4550 0.709 0.191 1.6075 -3.1111
1770386335.9742 0 'robobot/drive/T0/livn' 1770386335.9741 391 392 392 395 390 388 385 378 5
1770386335.9753 0 'robobot/drive/T0/vel' 1770386335.9752 95.4600 0.000 0.000 0.0000 0.000 4
1770386335.9763 0 'robobot/drive/T0/mvel' 1770386335.9763 0.000 0.000
1770386335.9765 0 'robobot/drive/T0/pose' 1770386335.9764 95.4600 0.709 0.191 1.6075 -3.1111
1770386335.9798 0 'robobot/drive/T0/gyro' 1770386335.9797 0.099792 -0.045776 -0.015198 95.464
1770386335.9799 0 'robobot/drive/T0/acc' 1770386335.9798 0.029053 -0.008545 0.980713 95.464
1770386335.9811 0 'robobot/drive/T0/pose' 1770386335.9809 95.4650 0.709 0.191 1.6075 -3.1110
1770386335.9833 0 'robobot/drive/T0/vel' 1770386335.9832 95.4680 0.000 0.000 0.0000 0.000 4
1770386335.9837 0 'robobot/drive/T0/mvel' 1770386335.9837 0.000 0.000
1770386335.9844 0 'robobot/drive/T0/livn' 1770386335.9844 388 389 393 396 394 371 373 385 5
1770386335.9845 0 'robobot/drive/T0/ird' 1770386335.9844 0.876 1.500 3491 1863 1
1770386335.9857 0 'robobot/drive/T0/pose' 1770386335.9856 95.4700 0.709 0.191 1.6075 -3.1110
1770386335.9911 0 'robobot/drive/T0/pose' 1770386335.9910 95.4750 0.709 0.191 1.6075 -3.1110
1770386335.9922 0 'robobot/drive/T0/vel' 1770386335.9921 95.4760 0.000 0.000 0.0000 0.000 4
1770386335.9923 0 'robobot/drive/T0/gyro' 1770386335.9922 -0.052795 -0.198364 0.167908 95.476
1770386335.9923 0 'robobot/drive/T0/acc' 1770386335.9923 0.030273 -0.011475 0.979248 95.476
1770386335.9931 0 'robobot/drive/T0/mvel' 1770386335.9931 0.000 0.000
1770386335.9946 0 'robobot/drive/T0/livn' 1770386335.9945 387 386 393 394 388 377 377 383 5
1770386335.9957 0 'robobot/drive/T0/pose' 1770386335.9956 95.4800 0.709 0.191 1.6075 -3.1110
1770386335.9979 0 'robobot/drive/T0/liv' 1770386335.9978 297 349 371 306 348 366 339 258 25
1770386335.9990 0 'robobot/drive/T0/mot' 1770386335.9990 0 0 0.1 0.1 0
1770386335.9991 0 'robobot/drive/T0/mca' 1770386335.9991 0.000 0.000 16
1770386336.0002 0 'robobot/drive/T0/vel' 1770386336.0002 95.4840 0.000 0.000 0.0000 0.000 4
1770386336.0005 0 'robobot/drive/T0/mvel' 1770386336.0005 0.000 0.000
1770386336.0014 0 'robobot/drive/T0/pose' 1770386336.0013 95.4850 0.709 0.191 1.6075 -3.1110
1770386336.0046 0 'robobot/drive/T0/livn' 1770386336.0046 397 386 388 392 391 382 386 381 5
1770386336.0047 0 'robobot/drive/T0/gyro' 1770386336.0047 -0.083313 -0.076294 -0.137268 95.488
1770386336.0048 0 'robobot/drive/T0/acc' 1770386336.0047 0.028564 -0.010254 0.985107 95.488
1770386336.0061 0 'robobot/drive/T0/pose' 1770386336.0058 95.4900 0.709 0.191 1.6075 -3.1110
1770386336.0083 0 'robobot/drive/T0/vel' 1770386336.0082 95.4920 0.000 0.000 0.0000 0.000 4
1770386336.0090 0 'robobot/drive/T0/mvel' 1770386336.0089 0.000 0.000
1770386336.0094 0 'robobot/drive/T0/ird' 1770386336.0094 0.854 1.500 3543 1922 1
1770386336.0106 0 'robobot/drive/T0/pose' 1770386336.0105 95.4950 0.709 0.191 1.6075 -3.1110
1770386336.0139 0 'robobot/drive/T0/livn' 1770386336.0138 402 387 389 399 391 390 387 378 5
1770386336.0161 0 'robobot/drive/T0/vel' 1770386336.0160 95.5000 0.000 0.000 0.0000 0.000 4
1770386336.0164 0 'robobot/drive/T0/pose' 1770386336.0161 95.5000 0.709 0.191 1.6075 -3.1110
1770386336.0164 0 'robobot/drive/T0/mvel' 1770386336.0163 0.000 0.000
1770386336.0165 0 'robobot/drive/T0/gyro' 1770386336.0164 0.069275 -0.015259 -0.137268 95.500
1770386336.0165 0 'robobot/drive/T0/acc' 1770386336.0165 0.030273 -0.010498 0.983154 95.500
1770386336.0210 0 'robobot/drive/T0/pose' 1770386336.0207 95.5050 0.709 0.191 1.6075 -3.1110
1770386336.0243 0 'robobot/drive/T0/vel' 1770386336.0241 95.5080 0.000 0.000 0.0000 0.000 4
1770386336.0244 0 'robobot/drive/T0/livn' 1770386336.0243 390 386 386 389 395 390 385 377 5
1770386336.0248 0 'robobot/drive/T0/mvel' 1770386336.0248 0.000 0.000
1770386336.0255 0 'robobot/drive/T0/pose' 1770386336.0254 95.5100 0.709 0.191 1.6075 -3.1110
1770386336.0277 0 'robobot/drive/T0/gyro' 1770386336.0276 -0.022278 0.167847 0.076355 95.512
1770386336.0278 0 'robobot/drive/T0/acc' 1770386336.0277 0.028320 -0.011475 0.984131 95.512
1770386336.0311 0 'robobot/drive/T0/pose' 1770386336.0310 95.5150 0.709 0.191 1.6075 -3.1110
1770386336.0312 0 'robobot/drive/T0/mot' 1770386336.0311 0 0 0.1 0.1 0
1770386336.0313 0 'robobot/drive/T0/mca' 1770386336.0312 -0.000 0.000 17
1770386336.0314 0 'robobot/drive/T0/vel' 1770386336.0313 95.5160 0.000 0.000 0.0000 0.000 4
1770386336.0322 0 'robobot/drive/T0/mvel' 1770386336.0322 0.000 0.000
1770386336.0336 0 'robobot/drive/T0/livn' 1770386336.0335 399 403 383 380 392 385 391 374 5
1770386336.0347 0 'robobot/drive/T0/ird' 1770386336.0347 0.827 1.500 3609 2008 1
1770386336.0359 0 'robobot/drive/T0/pose' 1770386336.0358 95.5200 0.709 0.191 1.6075 -3.1110
1770386336.0402 0 'robobot/drive/T0/vel' 1770386336.0401 95.5240 0.000 0.000 0.0000 0.000 4
1770386336.0403 0 'robobot/drive/T0/gyro' 1770386336.0402 0.282898 0.228882 -0.167786 95.524
1770386336.0403 0 'robobot/drive/T0/acc' 1770386336.0403 0.019287 -0.015625 0.993164 95.524
1770386336.0404 0 'robobot/drive/T0/pose' 1770386336.0403 95.5250 0.709 0.191 1.6075 -3.1110
1770386336.0406 0 'robobot/drive/T0/mvel' 1770386336.0406 0.000 0.000
1770386336.0437 0 'robobot/drive/T0/hbt' 1770386336.0436 95.5280 107 1033 11.77 4 8 8.9 0.38 0
1770386336.0437 0 'robobot/drive/T0/livn' 1770386336.0437 388 389 388 393 397 388 386 382 5
1770386336.0460 0 'robobot/drive/T0/pose' 1770386336.0459 95.5300 0.709 0.191 1.6075 -3.1110
1770386336.0482 0 'robobot/drive/T0/liv' 1770386336.0481 301 349 367 301 350 374 346 256 25
1770386336.0482 0 'robobot/drive/T0/vel' 1770386336.0482 95.5320 0.000 0.000 0.0000 0.000 4
1770386336.0490 0 'robobot/drive/T0/mvel' 1770386336.0490 0.000 0.000
1770386336.0515 0 'robobot/drive/T0/pose' 1770386336.0514 95.5350 0.709 0.191 1.6075 -3.1110
1770386336.0527 0 'robobot/drive/T0/gyro' 1770386336.0526 -0.174866 -0.167847 0.137390 95.536
1770386336.0527 0 'robobot/drive/T0/acc' 1770386336.0527 0.029053 -0.012695 0.981445 95.536
1770386336.0539 0 'robobot/drive/T0/livn' 1770386336.0538 393 392 391 391 394 391 379 363 5
1770386336.0561 0 'robobot/drive/T0/vel' 1770386336.0560 95.5400 0.000 0.000 0.0000 0.000 4
1770386336.0562 0 'robobot/drive/T0/pose' 1770386336.0561 95.5400 0.709 0.191 1.6075 -3.1110
1770386336.0564 0 'robobot/drive/T0/mvel' 1770386336.0564 0.000 0.000
1770386336.0594 0 'robobot/drive/T0/ird' 1770386336.0593 0.922 1.500 3392 1936 1
1770386336.0616 0 'robobot/drive/T0/pose' 1770386336.0615 95.5450 0.709 0.191 1.6075 -3.1110
1770386336.0639 0 'robobot/drive/T0/vel' 1770386336.0637 95.5480 0.000 0.000 0.0000 0.000 4
1770386336.0639 0 'robobot/drive/T0/mvel' 1770386336.0638 0.000 0.000
1770386336.0640 0 'robobot/drive/T0/livn' 1770386336.0639 390 388 385 396 397 385 380 381 5
1770386336.0641 0 'robobot/drive/T0/gyro' 1770386336.0640 -0.052795 0.106812 -0.045715 95.548
1770386336.0643 0 'robobot/drive/T0/acc' 1770386336.0641 0.030518 -0.010010 0.988525 95.548
1770386336.0644 0 'robobot/drive/T0/mot' 1770386336.0643 0 0 0.1 0.1 0
1770386336.0644 0 'robobot/drive/T0/mca' 1770386336.0644 0.000 0.000 16
1770386336.0666 0 'robobot/drive/T0/pose' 1770386336.0666 95.5500 0.709 0.191 1.6075 -3.1110
1770386336.0709 0 'robobot/drive/T0/pose' 1770386336.0709 95.5550 0.709 0.191 1.6075 -3.1111
1770386336.0721 0 'robobot/drive/T0/vel' 1770386336.0720 95.5560 0.000 0.000 0.0000 0.000 4
1770386336.0723 0 'robobot/drive/T0/mvel' 1770386336.0723 0.000 0.000
1770386336.0743 0 'robobot/drive/T0/livn' 1770386336.0742 401 380 376 397 401 377 373 370 5
1770386336.0766 0 'robobot/drive/T0/gyro' 1770386336.0764 -0.205383 0.198364 0.198425 95.560
1770386336.0767 0 'robobot/drive/T0/acc' 1770386336.0766 0.032715 -0.006104 0.983643 95.560
1770386336.0768 0 'robobot/drive/T0/pose' 1770386336.0767 95.5600 0.709 0.191 1.6075 -3.1110
1770386336.0800 0 'robobot/drive/T0/vel' 1770386336.0800 95.5640 0.000 0.000 0.0000 0.000 4
1770386336.0808 0 'robobot/drive/T0/mvel' 1770386336.0807 0.000 0.000
1770386336.0812 0 'robobot/drive/T0/pose' 1770386336.0811 95.5650 0.709 0.191 1.6075 -3.1110
1770386336.0844 0 'robobot/drive/T0/livn' 1770386336.0844 395 382 385 402 401 385 385 380 5
1770386336.0845 0 'robobot/drive/T0/ird' 1770386336.0844 0.955 1.500 3325 1970 1
1770386336.0867 0 'robobot/drive/T0/pose' 1770386336.0866 95.5700 0.709 0.191 1.6075 -3.1110
1770386336.0879 0 'robobot/drive/T0/vel' 1770386336.0878 95.5720 0.000 0.000 0.0000 0.000 4
1770386336.0879 0 'robobot/drive/T0/gyro' 1770386336.0879 -0.296936 -0.106812 0.015320 95.572
1770386336.0880 0 'robobot/drive/T0/acc' 1770386336.0879 0.030762 -0.009766 0.985840 95.572
1770386336.0881 0 'robobot/drive/T0/mvel' 1770386336.0881 0.000 0.000
1770386336.0913 0 'robobot/drive/T0/pose' 1770386336.0912 95.5750 0.709 0.191 1.6075 -3.1110
1770386336.0945 0 'robobot/drive/T0/livn' 1770386336.0944 404 388 389 403 403 384 380 374 5
1770386336.0957 0 'robobot/drive/T0/vel' 1770386336.0956 95.5800 0.000 0.000 0.0000 0.000 4
1770386336.0965 0 'robobot/drive/T0/mvel' 1770386336.0965 0.000 0.000
1770386336.0968 0 'robobot/drive/T0/pose' 1770386336.0968 95.5800 0.709 0.191 1.6075 -3.1110
1770386336.0980 0 'robobot/drive/T0/mot' 1770386336.0979 0 0 0.1 0.1 0
1770386336.0980 0 'robobot/drive/T0/mca' 1770386336.0980 0.000 0.000 17
1770386336.0981 0 'robobot/drive/T0/liv' 1770386336.0980 299 343 364 306 354 369 341 257 25
1770386336.1003 0 'robobot/drive/T0/gyro' 1770386336.1002 -0.205383 0.198364 -0.167786 95.584
1770386336.1004 0 'robobot/drive/T0/acc' 1770386336.1003 0.027344 -0.010742 0.984619 95.584
1770386336.1016 0 'robobot/drive/T0/pose' 1770386336.1015 95.5850 0.709 0.191 1.6075 -3.1111
1770386336.1037 0 'robobot/drive/T0/vel' 1770386336.1037 95.5880 0.000 0.000 0.0000 0.000 4
1770386336.1038 0 'robobot/drive/T0/livn' 1770386336.1038 386 383 385 394 392 384 391 381 5
1770386336.1039 0 'robobot/drive/T0/mvel' 1770386336.1039 0.000 0.000
1770386336.1060 0 'robobot/drive/T0/pose' 1770386336.1059 95.5900 0.709 0.191 1.6075 -3.1111
1770386336.1093 0 'robobot/drive/T0/ird' 1770386336.1092 0.970 1.500 3296 1936 1
1770386336.1115 0 'robobot/drive/T0/pose' 1770386336.1114 95.5950 0.709 0.191 1.6075 -3.1111
1770386336.1115 0 'robobot/drive/T0/vel' 1770386336.1115 95.5960 0.000 0.000 0.0000 0.000 4
1770386336.1124 0 'robobot/drive/T0/mvel' 1770386336.1124 0.000 0.000
1770386336.1127 0 'robobot/drive/T0/gyro' 1770386336.1126 -0.144348 -0.137329 -0.137268 95.596
1770386336.1127 0 'robobot/drive/T0/acc' 1770386336.1127 0.027588 -0.010742 0.983398 95.596
1770386336.1139 0 'robobot/drive/T0/livn' 1770386336.1138 389 391 390 385 388 386 389 375 5
1770386336.1161 0 'robobot/drive/T0/pose' 1770386336.1160 95.6000 0.709 0.191 1.6075 -3.1111
1770386336.1194 0 'robobot/drive/T0/vel' 1770386336.1193 95.6040 0.000 0.000 0.0000 0.000 4
1770386336.1197 0 'robobot/drive/T0/mvel' 1770386336.1197 0.000 0.000
1770386336.1216 0 'robobot/drive/T0/pose' 1770386336.1215 95.6050 0.709 0.191 1.6075 -3.1111
1770386336.1238 0 'robobot/drive/T0/livn' 1770386336.1237 388 389 392 399 398 391 386 374 5
1770386336.1238 0 'robobot/drive/T0/gyro' 1770386336.1238 -0.022278 0.045776 0.076355 95.608
1770386336.1239 0 'robobot/drive/T0/acc' 1770386336.1238 0.030762 -0.009766 0.988281 95.608
1770386336.1261 0 'robobot/drive/T0/pose' 1770386336.1260 95.6100 0.709 0.191 1.6075 -3.1111
1770386336.1273 0 'robobot/drive/T0/vel' 1770386336.1272 95.6120 0.000 0.000 0.0000 0.000 4
1770386336.1282 0 'robobot/drive/T0/mvel' 1770386336.1282 0.000 0.000
1770386336.1305 0 'robobot/drive/T0/mot' 1770386336.1305 0 0 0.1 0.1 0
1770386336.1306 0 'robobot/drive/T0/mca' 1770386336.1305 0.000 0.000 16
1770386336.1323 0 'robobot/drive/T0/pose' 1770386336.1322 95.6150 0.709 0.191 1.6075 -3.1111
1770386336.1353 0 'robobot/drive/T0/livn' 1770386336.1344 392 391 387 391 396 380 376 369 5
1770386336.1354 0 'robobot/drive/T0/ird' 1770386336.1353 0.833 1.500 3595 1972 1
1770386336.1355 0 'robobot/drive/T0/vel' 1770386336.1354 95.6200 0.000 0.000 0.0000 0.000 4
1770386336.1356 0 'robobot/drive/T0/mvel' 1770386336.1356 0.000 0.000
1770386336.1366 0 'robobot/drive/T0/gyro' 1770386336.1365 0.038757 0.015259 0.045837 95.620
1770386336.1367 0 'robobot/drive/T0/acc' 1770386336.1366 0.031250 -0.014160 0.979004 95.620
1770386336.1368 0 'robobot/drive/T0/pose' 1770386336.1367 95.6200 0.709 0.191 1.6075 -3.1111
1770386336.1412 0 'robobot/drive/T0/pose' 1770386336.1410 95.6250 0.709 0.191 1.6075 -3.1111
1770386336.1434 0 'robobot/drive/T0/vel' 1770386336.1433 95.6280 0.000 0.000 0.0000 0.000 4
1770386336.1441 0 'robobot/drive/T0/mvel' 1770386336.1440 0.000 0.000
1770386336.1446 0 'robobot/drive/T0/livn' 1770386336.1445 387 392 394 391 397 385 385 381 5
1770386336.1468 0 'robobot/drive/T0/pose' 1770386336.1467 95.6300 0.709 0.191 1.6075 -3.1111
1770386336.1479 0 'robobot/drive/T0/liv' 1770386336.1479 296 348 370 302 351 373 344 254 25
1770386336.1480 0 'robobot/drive/T0/gyro' 1770386336.1479 0.069275 -0.076294 -0.076233 95.632
1770386336.1481 0 'robobot/drive/T0/acc' 1770386336.1480 0.031738 -0.010742 0.987305 95.632
1770386336.1513 0 'robobot/drive/T0/pose' 1770386336.1512 95.6350 0.709 0.191 1.6075 -3.1111
1770386336.1514 0 'robobot/drive/T0/vel' 1770386336.1513 95.6360 0.000 0.000 0.0000 0.000 4
1770386336.1515 0 'robobot/drive/T0/mvel' 1770386336.1514 0.000 0.000
1770386336.1536 0 'robobot/drive/T0/livn' 1770386336.1535 398 377 379 386 402 388 376 360 5
1770386336.1569 0 'robobot/drive/T0/pose' 1770386336.1568 95.6400 0.709 0.191 1.6075 -3.1111
1770386336.1601 0 'robobot/drive/T0/ird' 1770386336.1600 0.824 1.500 3617 2002 1
1770386336.1602 0 'robobot/drive/T0/vel' 1770386336.1601 95.6440 0.000 0.000 0.0000 0.000 4
1770386336.1602 0 'robobot/drive/T0/gyro' 1770386336.1602 -0.022278 0.228882 -0.045715 95.644
1770386336.1603 0 'robobot/drive/T0/acc' 1770386336.1602 0.029297 -0.012939 0.986328 95.644
1770386336.1609 0 'robobot/drive/T0/mvel' 1770386336.1609 0.000 0.000
1770386336.1614 0 'robobot/drive/T0/pose' 1770386336.1614 95.6450 0.709 0.191 1.6075 -3.1111
1770386336.1636 0 'robobot/drive/T0/mot' 1770386336.1636 0 0 0.1 0.1 0
1770386336.1637 0 'robobot/drive/T0/mca' 1770386336.1636 -0.000 0.000 17
1770386336.1637 0 'robobot/drive/T0/livn' 1770386336.1637 395 383 383 397 401 391 382 373 5
1770386336.1659 0 'robobot/drive/T0/pose' 1770386336.1659 95.6500 0.709 0.191 1.6075 -3.1111
1770386336.1681 0 'robobot/drive/T0/vel' 1770386336.1680 95.6520 0.000 0.000 0.0000 0.000 4
1770386336.1684 0 'robobot/drive/T0/mvel' 1770386336.1684 0.000 0.000
1770386336.1713 0 'robobot/drive/T0/pose' 1770386336.1713 95.6550 0.709 0.191 1.6075 -3.1111
1770386336.1725 0 'robobot/drive/T0/gyro' 1770386336.1724 0.130310 0.076294 -0.045715 95.656
1770386336.1726 0 'robobot/drive/T0/acc' 1770386336.1725 0.031006 -0.010986 0.985596 95.656
1770386336.1737 0 'robobot/drive/T0/livn' 1770386336.1736 399 390 394 402 399 381 381 374 5
1770386336.1759 0 'robobot/drive/T0/vel' 1770386336.1758 95.6600 0.000 0.000 0.0000 0.000 4
1770386336.1759 0 'robobot/drive/T0/pose' 1770386336.1759 95.6600 0.709 0.191 1.6075 -3.1110
1770386336.1769 0 'robobot/drive/T0/mvel' 1770386336.1768 0.000 0.000
1770386336.1813 0 'robobot/drive/T0/pose' 1770386336.1812 95.6650 0.709 0.191 1.6075 -3.1111
1770386336.1835 0 'robobot/drive/T0/vel' 1770386336.1834 95.6680 0.000 0.000 0.0000 0.000 4
1770386336.1843 0 'robobot/drive/T0/mvel' 1770386336.1842 0.000 0.000
1770386336.1846 0 'robobot/drive/T0/livn' 1770386336.1845 395 387 394 393 390 387 395 387 5
1770386336.1847 0 'robobot/drive/T0/gyro' 1770386336.1846 0.099792 0.076294 0.167908 95.668
1770386336.1847 0 'robobot/drive/T0/acc' 1770386336.1847 0.029785 -0.013916 0.980957 95.668
1770386336.1848 0 'robobot/drive/T0/ird' 1770386336.1847 0.871 1.500 3503 2033 1
1770386336.1859 0 'robobot/drive/T0/pose' 1770386336.1858 95.6700 0.709 0.191 1.6075 -3.1111
1770386336.1913 0 'robobot/drive/T0/pose' 1770386336.1912 95.6750 0.709 0.191 1.6075 -3.1111
1770386336.1913 0 'robobot/drive/T0/vel' 1770386336.1913 95.6760 0.000 0.000 0.0000 0.000 4
1770386336.1917 0 'robobot/drive/T0/mvel' 1770386336.1916 0.000 0.000
1770386336.1946 0 'robobot/drive/T0/livn' 1770386336.1945 392 390 392 395 395 377 384 390 5
1770386336.1957 0 'robobot/drive/T0/gyro' 1770386336.1956 -0.113831 0.076294 -0.045715 95.680
1770386336.1958 0 'robobot/drive/T0/acc' 1770386336.1957 0.031494 -0.011719 0.986328 95.680
1770386336.1969 0 'robobot/drive/T0/pose' 1770386336.1969 95.6800 0.709 0.191 1.6075 -3.1111
1770386336.1970 0 'robobot/drive/T0/mot' 1770386336.1969 0 0 0.1 0.1 0
1770386336.1970 0 'robobot/drive/T0/mca' 1770386336.1970 0.000 0.000 16
1770386336.1981 0 'robobot/drive/T0/liv' 1770386336.1981 300 345 369 304 351 368 344 259 25
1770386336.1993 0 'robobot/drive/T0/vel' 1770386336.1992 95.6840 0.000 0.000 0.0000 0.000 4
1770386336.2001 0 'robobot/drive/T0/mvel' 1770386336.2001 0.000 0.000
1770386336.2014 0 'robobot/drive/T0/pose' 1770386336.2014 95.6850 0.709 0.191 1.6075 -3.1111
1770386336.2036 0 'robobot/drive/T0/livn' 1770386336.2036 403 395 392 397 397 380 380 384 5
1770386336.2069 0 'robobot/drive/T0/pose' 1770386336.2068 95.6900 0.709 0.191 1.6075 -3.1111
1770386336.2080 0 'robobot/drive/T0/vel' 1770386336.2079 95.6920 0.000 0.000 0.0000 0.000 4
1770386336.2081 0 'robobot/drive/T0/gyro' 1770386336.2080 0.069275 0.015259 -0.228821 95.692
1770386336.2081 0 'robobot/drive/T0/acc' 1770386336.2081 0.031982 -0.012451 0.988037 95.692
1770386336.2085 0 'robobot/drive/T0/mvel' 1770386336.2085 0.000 0.000
1770386336.2092 0 'robobot/drive/T0/ird' 1770386336.2092 0.841 1.500 3575 1914 1
1770386336.2114 0 'robobot/drive/T0/pose' 1770386336.2113 95.6950 0.709 0.191 1.6075 -3.1111
1770386336.2136 0 'robobot/drive/T0/livn' 1770386336.2135 398 389 395 397 390 382 379 375 5
1770386336.2158 0 'robobot/drive/T0/vel' 1770386336.2157 95.7000 0.000 0.000 0.0000 0.000 4
1770386336.2159 0 'robobot/drive/T0/mvel' 1770386336.2159 0.000 0.000
1770386336.2169 0 'robobot/drive/T0/pose' 1770386336.2168 95.7000 0.709 0.191 1.6075 -3.1111
1770386336.2202 0 'robobot/drive/T0/gyro' 1770386336.2201 -0.113831 -0.015259 -0.015198 95.704
1770386336.2203 0 'robobot/drive/T0/acc' 1770386336.2202 0.027832 -0.010986 0.982666 95.704
1770386336.2214 0 'robobot/drive/T0/pose' 1770386336.2213 95.7050 0.709 0.191 1.6075 -3.1111
1770386336.2236 0 'robobot/drive/T0/vel' 1770386336.2235 95.7080 0.000 0.000 0.0000 0.000 4
1770386336.2236 0 'robobot/drive/T0/livn' 1770386336.2236 401 396 391 394 391 388 391 373 5
1770386336.2243 0 'robobot/drive/T0/mvel' 1770386336.2243 0.000 0.000
1770386336.2269 0 'robobot/drive/T0/pose' 1770386336.2268 95.7100 0.709 0.191 1.6075 -3.1110
1770386336.2290 0 'robobot/drive/T0/mot' 1770386336.2290 0 0 0.1 0.1 0
1770386336.2291 0 'robobot/drive/T0/mca' 1770386336.2290 0.000 0.000 17
1770386336.2312 0 'robobot/drive/T0/pose' 1770386336.2312 95.7150 0.709 0.191 1.6075 -3.1110
1770386336.2313 0 'robobot/drive/T0/vel' 1770386336.2312 95.7160 0.000 0.000 0.0000 0.000 4
1770386336.2317 0 'robobot/drive/T0/mvel' 1770386336.2317 0.000 0.000
1770386336.2324 0 'robobot/drive/T0/gyro' 1770386336.2324 0.038757 0.259399 -0.106750 95.716
1770386336.2325 0 'robobot/drive/T0/acc' 1770386336.2324 0.031250 -0.010010 0.979248 95.716
1770386336.2336 0 'robobot/drive/T0/livn' 1770386336.2336 402 400 387 379 394 390 386 368 5
1770386336.2348 0 'robobot/drive/T0/ird' 1770386336.2347 0.845 1.500 3565 1895 1
1770386336.2359 0 'robobot/drive/T0/pose' 1770386336.2358 95.7200 0.709 0.191 1.6075 -3.1110
1770386336.2402 0 'robobot/drive/T0/vel' 1770386336.2401 95.7240 0.000 0.000 0.0000 0.000 4
1770386336.2412 0 'robobot/drive/T0/mvel' 1770386336.2412 0.000 0.000
1770386336.2413 0 'robobot/drive/T0/pose' 1770386336.2412 95.7250 0.709 0.191 1.6075 -3.1110
1770386336.2446 0 'robobot/drive/T0/livn' 1770386336.2445 400 395 391 389 395 383 381 383 5
1770386336.2446 0 'robobot/drive/T0/gyro' 1770386336.2446 -0.205383 0.228882 -0.045715 95.728
1770386336.2447 0 'robobot/drive/T0/acc' 1770386336.2446 0.031738 -0.007080 0.980957 95.728
1770386336.2469 0 'robobot/drive/T0/pose' 1770386336.2468 95.7300 0.709 0.191 1.6075 -3.1110
1770386336.2480 0 'robobot/drive/T0/liv' 1770386336.2479 304 353 371 300 349 371 343 256 25
1770386336.2481 0 'robobot/drive/T0/vel' 1770386336.2480 95.7320 0.000 0.000 0.0000 0.000 4
1770386336.2486 0 'robobot/drive/T0/mvel' 1770386336.2486 0.000 0.000
1770386336.2513 0 'robobot/drive/T0/pose' 1770386336.2512 95.7350 0.709 0.191 1.6075 -3.1110
1770386336.2545 0 'robobot/drive/T0/livn' 1770386336.2545 390 385 387 387 386 383 381 377 5
1770386336.2557 0 'robobot/drive/T0/vel' 1770386336.2556 95.7400 0.000 0.000 0.0000 0.000 4
1770386336.2557 0 'robobot/drive/T0/gyro' 1770386336.2557 -0.083313 0.198364 0.076355 95.740
1770386336.2558 0 'robobot/drive/T0/acc' 1770386336.2557 0.029785 -0.011475 0.983154 95.740
1770386336.2560 0 'robobot/drive/T0/mvel' 1770386336.2560 0.000 0.000
1770386336.2569 0 'robobot/drive/T0/pose' 1770386336.2569 95.7400 0.709 0.191 1.6075 -3.1110
1770386336.2591 0 'robobot/drive/T0/ird' 1770386336.2590 0.865 1.500 3517 2066 1
1770386336.2613 0 'robobot/drive/T0/pose' 1770386336.2612 95.7450 0.709 0.191 1.6075 -3.1110
1770386336.2624 0 'robobot/drive/T0/mot' 1770386336.2624 0 0 0.1 0.1 0
1770386336.2625 0 'robobot/drive/T0/mca' 1770386336.2624 0.000 0.000 16
1770386336.2636 0 'robobot/drive/T0/vel' 1770386336.2635 95.7480 0.000 0.000 0.0000 0.000 4
1770386336.2637 0 'robobot/drive/T0/livn' 1770386336.2636 402 390 389 396 395 390 389 366 5
1770386336.2644 0 'robobot/drive/T0/mvel' 1770386336.2644 0.000 0.000
1770386336.2669 0 'robobot/drive/T0/pose' 1770386336.2668 95.7500 0.709 0.191 1.6075 -3.1110
1770386336.2680 0 'robobot/drive/T0/gyro' 1770386336.2679 -0.480042 -0.045776 -0.259338 95.752
1770386336.2681 0 'robobot/drive/T0/acc' 1770386336.2680 0.031006 -0.011719 0.988770 95.752
1770386336.2713 0 'robobot/drive/T0/pose' 1770386336.2712 95.7550 0.709 0.191 1.6075 -3.1110
1770386336.2714 0 'robobot/drive/T0/vel' 1770386336.2713 95.7560 0.000 0.000 0.0000 0.000 4
1770386336.2718 0 'robobot/drive/T0/mvel' 1770386336.2718 0.000 0.000
1770386336.2746 0 'robobot/drive/T0/livn' 1770386336.2745 395 389 392 394 395 381 379 370 5
1770386336.2768 0 'robobot/drive/T0/pose' 1770386336.2767 95.7600 0.709 0.191 1.6075 -3.1110
1770386336.2800 0 'robobot/drive/T0/vel' 1770386336.2800 95.7640 0.000 0.000 0.0000 0.000 4
1770386336.2801 0 'robobot/drive/T0/gyro' 1770386336.2800 -0.113831 0.228882 -0.076233 95.764
1770386336.2802 0 'robobot/drive/T0/acc' 1770386336.2801 0.036621 -0.007080 0.976074 95.764
1770386336.2803 0 'robobot/drive/T0/mvel' 1770386336.2802 0.000 0.000
1770386336.2813 0 'robobot/drive/T0/pose' 1770386336.2812 95.7650 0.709 0.191 1.6075 -3.1110
1770386336.2846 0 'robobot/drive/T0/livn' 1770386336.2845 400 395 388 392 393 389 385 379 5
1770386336.2846 0 'robobot/drive/T0/ird' 1770386336.2846 0.843 1.500 3570 1968 1
1770386336.2868 0 'robobot/drive/T0/pose' 1770386336.2867 95.7700 0.709 0.191 1.6075 -3.1110
1770386336.2879 0 'robobot/drive/T0/vel' 1770386336.2879 95.7720 0.000 0.000 0.0000 0.000 4
1770386336.2887 0 'robobot/drive/T0/mvel' 1770386336.2887 0.000 0.000
1770386336.2912 0 'robobot/drive/T0/pose' 1770386336.2911 95.7750 0.709 0.191 1.6075 -3.1110
1770386336.2923 0 'robobot/drive/T0/gyro' 1770386336.2922 0.099792 0.137329 -0.411926 95.776
1770386336.2924 0 'robobot/drive/T0/acc' 1770386336.2923 0.026855 -0.011719 0.994141 95.776
1770386336.2946 0 'robobot/drive/T0/livn' 1770386336.2945 399 389 386 385 387 386 381 379 5
1770386336.2957 0 'robobot/drive/T0/mot' 1770386336.2956 0 0 0.1 0.1 0
1770386336.2957 0 'robobot/drive/T0/mca' 1770386336.2957 0.000 0.000 17
1770386336.2958 0 'robobot/drive/T0/vel' 1770386336.2957 95.7800 0.000 0.000 0.0000 0.000 4
1770386336.2960 0 'robobot/drive/T0/mvel' 1770386336.2960 0.000 0.000
1770386336.2969 0 'robobot/drive/T0/pose' 1770386336.2968 95.7800 0.709 0.191 1.6075 -3.1110
1770386336.2980 0 'robobot/drive/T0/liv' 1770386336.2980 304 348 368 301 349 373 344 256 25
1770386336.3013 0 'robobot/drive/T0/pose' 1770386336.3012 95.7850 0.709 0.191 1.6075 -3.1110
1770386336.3034 0 'robobot/drive/T0/vel' 1770386336.3034 95.7880 0.000 0.000 0.0000 0.000 4
1770386336.3045 0 'robobot/drive/T0/mvel' 1770386336.3045 0.000 0.000
1770386336.3046 0 'robobot/drive/T0/livn' 1770386336.3045 403 388 390 397 398 391 381 372 5
1770386336.3046 0 'robobot/drive/T0/gyro' 1770386336.3046 0.130310 0.137329 -0.015198 95.788
1770386336.3047 0 'robobot/drive/T0/acc' 1770386336.3046 0.031738 -0.009766 0.984863 95.788
1770386336.3069 0 'robobot/drive/T0/pose' 1770386336.3068 95.7900 0.709 0.191 1.6075 -3.1109
1770386336.3091 0 'robobot/drive/T0/ird' 1770386336.3090 0.830 1.500 3603 1990 1
1770386336.3113 0 'robobot/drive/T0/pose' 1770386336.3112 95.7950 0.709 0.191 1.6075 -3.1109
1770386336.3114 0 'robobot/drive/T0/vel' 1770386336.3113 95.7960 0.000 0.000 0.0000 0.000 4
1770386336.3119 0 'robobot/drive/T0/mvel' 1770386336.3118 0.000 0.000
1770386336.3146 0 'robobot/drive/T0/livn' 1770386336.3145 388 378 388 403 401 388 381 382 5
1770386336.3158 0 'robobot/drive/T0/gyro' 1770386336.3157 0.069275 0.106812 -0.076233 95.800
1770386336.3158 0 'robobot/drive/T0/acc' 1770386336.3158 0.032471 -0.013184 0.987061 95.800
1770386336.3169 0 'robobot/drive/T0/pose' 1770386336.3169 95.8000 0.709 0.191 1.6075 -3.1109
1770386336.3202 0 'robobot/drive/T0/vel' 1770386336.3201 95.8040 0.000 0.000 0.0000 0.000 4
1770386336.3203 0 'robobot/drive/T0/mvel' 1770386336.3202 0.000 0.000
1770386336.3213 0 'robobot/drive/T0/pose' 1770386336.3212 95.8050 0.709 0.191 1.6075 -3.1109
1770386336.3245 0 'robobot/drive/T0/livn' 1770386336.3245 401 392 391 398 397 385 381 374 5
1770386336.3267 0 'robobot/drive/T0/pose' 1770386336.3267 95.8100 0.709 0.191 1.6075 -3.1109
1770386336.3279 0 'robobot/drive/T0/vel' 1770386336.3278 95.8120 0.000 0.000 0.0000 0.000 4
1770386336.3279 0 'robobot/drive/T0/gyro' 1770386336.3279 -0.296936 -0.015259 -0.076233 95.812
1770386336.3280 0 'robobot/drive/T0/acc' 1770386336.3279 0.030762 -0.008545 0.984131 95.812
1770386336.3281 0 'robobot/drive/T0/mot' 1770386336.3280 0 0 0.1 0.1 0
1770386336.3281 0 'robobot/drive/T0/mca' 1770386336.3281 0.000 0.000 16
1770386336.3287 0 'robobot/drive/T0/mvel' 1770386336.3287 0.000 0.000
1770386336.3319 0 'robobot/drive/T0/pose' 1770386336.3318 95.8150 0.709 0.191 1.6075 -3.1109
1770386336.3341 0 'robobot/drive/T0/livn' 1770386336.3341 401 390 383 383 388 385 372 374 5
1770386336.3342 0 'robobot/drive/T0/ird' 1770386336.3341 0.847 1.500 3560 1931 1
1770386336.3355 0 'robobot/drive/T0/vel' 1770386336.3354 95.8200 0.000 0.000 0.0000 0.000 4
1770386336.3361 0 'robobot/drive/T0/mvel' 1770386336.3361 0.000 0.000
1770386336.3367 0 'robobot/drive/T0/pose' 1770386336.3366 95.8200 0.709 0.191 1.6075 -3.1109
1770386336.3399 0 'robobot/drive/T0/gyro' 1770386336.3398 -0.144348 0.228882 -0.045715 95.824
1770386336.3400 0 'robobot/drive/T0/acc' 1770386336.3399 0.031006 -0.011475 0.987061 95.824
1770386336.3412 0 'robobot/drive/T0/pose' 1770386336.3411 95.8250 0.709 0.191 1.6075 -3.1109
1770386336.3434 0 'robobot/drive/T0/vel' 1770386336.3433 95.8280 0.000 0.000 0.0000 0.000 4
1770386336.3435 0 'robobot/drive/T0/mvel' 1770386336.3434 0.000 0.000
1770386336.3446 0 'robobot/drive/T0/livn' 1770386336.3445 393 395 389 400 402 391 378 377 5
1770386336.3468 0 'robobot/drive/T0/pose' 1770386336.3467 95.8300 0.709 0.191 1.6075 -3.1109
1770386336.3479 0 'robobot/drive/T0/liv' 1770386336.3478 300 347 368 305 352 373 338 256 25
1770386336.3512 0 'robobot/drive/T0/pose' 1770386336.3511 95.8350 0.709 0.191 1.6075 -3.1109
1770386336.3513 0 'robobot/drive/T0/vel' 1770386336.3512 95.8360 0.000 0.000 0.0000 0.000 4
1770386336.3519 0 'robobot/drive/T0/mvel' 1770386336.3519 0.000 0.000
1770386336.3524 0 'robobot/drive/T0/gyro' 1770386336.3523 -0.052795 -0.045776 -0.137268 95.836
1770386336.3525 0 'robobot/drive/T0/acc' 1770386336.3524 0.028809 -0.012451 0.991211 95.836
1770386336.3537 0 'robobot/drive/T0/livn' 1770386336.3535 379 385 391 391 396 386 383 391 5
1770386336.3569 0 'robobot/drive/T0/pose' 1770386336.3568 95.8400 0.709 0.191 1.6075 -3.1109
1770386336.3591 0 'robobot/drive/T0/ird' 1770386336.3591 0.863 1.500 3521 1893 1
1770386336.3603 0 'robobot/drive/T0/vel' 1770386336.3602 95.8440 0.000 0.000 0.0000 0.000 4
1770386336.3604 0 'robobot/drive/T0/mvel' 1770386336.3603 0.000 0.000
1770386336.3614 0 'robobot/drive/T0/pose' 1770386336.3613 95.8450 0.709 0.191 1.6075 -3.1109
1770386336.3614 0 'robobot/drive/T0/mot' 1770386336.3614 0 0 0.1 0.1 0
1770386336.3615 0 'robobot/drive/T0/mca' 1770386336.3614 0.000 0.000 17
1770386336.3619 0 'robobot/drive/master' 1770386336.3619 2026-02-06 14:58:48.828247
1770386336.3637 0 'robobot/drive/T0/livn' 1770386336.3636 389 389 389 402 396 381 383 387 5
1770386336.3637 0 'robobot/drive/T0/gyro' 1770386336.3637 0.008240 0.106812 0.015320 95.848
1770386336.3638 0 'robobot/drive/T0/acc' 1770386336.3637 0.031494 -0.010986 0.979736 95.848
1770386336.3660 0 'robobot/drive/T0/pose' 1770386336.3659 95.8500 0.709 0.191 1.6075 -3.1109
1770386336.3682 0 'robobot/drive/T0/vel' 1770386336.3682 95.8520 0.000 0.000 0.0000 0.000 4
1770386336.3688 0 'robobot/drive/T0/mvel' 1770386336.3688 0.000 0.000
1770386336.3715 0 'robobot/drive/T0/pose' 1770386336.3714 95.8550 0.709 0.191 1.6075 -3.1109
1770386336.3737 0 'robobot/drive/T0/livn' 1770386336.3736 392 382 381 389 389 388 381 381 5
1770386336.3759 0 'robobot/drive/T0/vel' 1770386336.3758 95.8600 0.000 0.000 0.0000 0.000 4
1770386336.3759 0 'robobot/drive/T0/gyro' 1770386336.3759 0.008240 0.137329 -0.045715 95.860
1770386336.3760 0 'robobot/drive/T0/acc' 1770386336.3759 0.026367 -0.012939 0.988037 95.860
1770386336.3760 0 'robobot/drive/T0/pose' 1770386336.3760 95.8600 0.709 0.191 1.6075 -3.1109
1770386336.3762 0 'robobot/drive/T0/mvel' 1770386336.3761 0.000 0.000
1770386336.3814 0 'robobot/drive/T0/pose' 1770386336.3813 95.8650 0.709 0.191 1.6075 -3.1109
1770386336.3836 0 'robobot/drive/T0/vel' 1770386336.3835 95.8680 0.000 0.000 0.0000 0.000 4
1770386336.3837 0 'robobot/drive/T0/livn' 1770386336.3836 398 390 393 405 397 387 376 374 5
1770386336.3846 0 'robobot/drive/T0/mvel' 1770386336.3846 0.000 0.000
1770386336.3848 0 'robobot/drive/T0/ird' 1770386336.3847 0.820 1.500 3628 1893 1
1770386336.3860 0 'robobot/drive/T0/pose' 1770386336.3859 95.8700 0.709 0.191 1.6075 -3.1109
1770386336.3881 0 'robobot/drive/T0/gyro' 1770386336.3881 0.038757 0.167847 -0.106750 95.872
1770386336.3882 0 'robobot/drive/T0/acc' 1770386336.3881 0.031982 -0.010498 0.982910 95.872
1770386336.3914 0 'robobot/drive/T0/pose' 1770386336.3914 95.8750 0.709 0.191 1.6075 -3.1109
1770386336.3915 0 'robobot/drive/T0/vel' 1770386336.3915 95.8760 0.000 0.000 0.0000 0.000 4
1770386336.3920 0 'robobot/drive/T0/mvel' 1770386336.3920 0.000 0.000
1770386336.3937 0 'robobot/drive/T0/livn' 1770386336.3936 385 390 393 401 398 383 383 384 5
1770386336.3948 0 'robobot/drive/T0/mot' 1770386336.3948 0 0 0.1 0.1 0
1770386336.3948 0 'robobot/drive/T0/mca' 1770386336.3948 0.000 0.000 16
1770386336.3960 0 'robobot/drive/T0/pose' 1770386336.3959 95.8800 0.709 0.191 1.6075 -3.1109
1770386336.3971 0 'robobot/drive/T0/liv' 1770386336.3970 295 347 370 306 351 371 343 262 25
1770386336.3993 0 'robobot/drive/T0/vel' 1770386336.3992 95.8840 0.000 0.000 0.0000 0.000 4
1770386336.3993 0 'robobot/drive/T0/mvel' 1770386336.3993 0.000 0.000
1770386336.4005 0 'robobot/drive/T0/gyro' 1770386336.4004 -0.113831 -0.015259 0.076355 95.884
1770386336.4005 0 'robobot/drive/T0/acc' 1770386336.4005 0.032471 -0.009521 0.986084 95.884
1770386336.4017 0 'robobot/drive/T0/pose' 1770386336.4016 95.8850 0.709 0.191 1.6075 -3.1109
1770386336.4038 0 'robobot/drive/T0/livn' 1770386336.4038 386 393 388 395 392 384 387 381 5
1770386336.4060 0 'robobot/drive/T0/pose' 1770386336.4059 95.8900 0.709 0.191 1.6075 -3.1109
1770386336.4082 0 'robobot/drive/T0/vel' 1770386336.4081 95.8920 0.000 0.000 0.0000 0.000 4
1770386336.4088 0 'robobot/drive/T0/mvel' 1770386336.4088 0.000 0.000
1770386336.4093 0 'robobot/drive/T0/ird' 1770386336.4093 0.854 1.500 3543 1815 1
1770386336.4115 0 'robobot/drive/T0/pose' 1770386336.4114 95.8950 0.709 0.191 1.6075 -3.1109
1770386336.4116 0 'robobot/drive/T0/gyro' 1770386336.4115 -0.113831 -0.106812 0.015320 95.896
1770386336.4116 0 'robobot/drive/T0/acc' 1770386336.4116 0.030518 -0.010986 0.987061 95.896
1770386336.4138 0 'robobot/drive/T0/livn' 1770386336.4137 396 391 386 391 395 387 384 377 5
1770386336.4160 0 'robobot/drive/T0/vel' 1770386336.4159 95.9000 0.000 0.000 0.0000 0.000 4
1770386336.4161 0 'robobot/drive/T0/pose' 1770386336.4160 95.9000 0.709 0.191 1.6075 -3.1109
1770386336.4162 0 'robobot/drive/T0/mvel' 1770386336.4162 0.000 0.000
1770386336.4214 0 'robobot/drive/T0/pose' 1770386336.4213 95.9050 0.709 0.191 1.6075 -3.1109
1770386336.4236 0 'robobot/drive/T0/vel' 1770386336.4235 95.9080 0.000 0.000 0.0000 0.000 4
1770386336.4236 0 'robobot/drive/T0/mvel' 1770386336.4236 0.000 0.000
1770386336.4237 0 'robobot/drive/T0/livn' 1770386336.4236 389 385 397 396 392 380 378 370 5
1770386336.4237 0 'robobot/drive/T0/gyro' 1770386336.4237 0.038757 0.228882 0.076355 95.908
1770386336.4238 0 'robobot/drive/T0/acc' 1770386336.4237 0.032227 -0.011230 0.986572 95.908
1770386336.4260 0 'robobot/drive/T0/pose' 1770386336.4259 95.9100 0.709 0.191 1.6075 -3.1108
1770386336.4271 0 'robobot/drive/T0/mot' 1770386336.4270 0 0 0.1 0.1 0
1770386336.4271 0 'robobot/drive/T0/mca' 1770386336.4271 0.000 0.000 17
1770386336.4314 0 'robobot/drive/T0/pose' 1770386336.4314 95.9150 0.709 0.191 1.6075 -3.1108
1770386336.4315 0 'robobot/drive/T0/vel' 1770386336.4314 95.9160 0.000 0.000 0.0000 0.000 4
1770386336.4321 0 'robobot/drive/T0/mvel' 1770386336.4320 0.000 0.000
1770386336.4337 0 'robobot/drive/T0/livn' 1770386336.4336 392 394 390 391 394 388 391 380 5
1770386336.4348 0 'robobot/drive/T0/ird' 1770386336.4347 0.868 1.500 3509 1913 1
1770386336.4359 0 'robobot/drive/T0/gyro' 1770386336.4359 -0.052795 0.198364 0.076355 95.920
1770386336.4360 0 'robobot/drive/T0/acc' 1770386336.4359 0.028564 -0.010498 0.983154 95.920
1770386336.4361 0 'robobot/drive/T0/pose' 1770386336.4360 95.9200 0.709 0.191 1.6075 -3.1108
1770386336.4393 0 'robobot/drive/T0/vel' 1770386336.4392 95.9240 0.000 0.000 0.0000 0.000 4
1770386336.4395 0 'robobot/drive/T0/mvel' 1770386336.4394 0.000 0.000
1770386336.4415 0 'robobot/drive/T0/pose' 1770386336.4414 95.9250 0.709 0.191 1.6075 -3.1108
1770386336.4437 0 'robobot/drive/T0/livn' 1770386336.4436 388 382 383 408 405 387 368 368 5
1770386336.4469 0 'robobot/drive/T0/pose' 1770386336.4469 95.9300 0.709 0.191 1.6075 -3.1108
1770386336.4481 0 'robobot/drive/T0/liv' 1770386336.4480 296 346 368 306 352 372 341 256 25
1770386336.4481 0 'robobot/drive/T0/vel' 1770386336.4481 95.9320 0.000 0.000 0.0000 0.000 4
1770386336.4482 0 'robobot/drive/T0/gyro' 1770386336.4481 -0.144348 -0.167847 -0.198303 95.932
1770386336.4482 0 'robobot/drive/T0/acc' 1770386336.4482 0.027832 -0.009521 0.978516 95.932
1770386336.4490 0 'robobot/drive/T0/mvel' 1770386336.4489 0.000 0.000
1770386336.4515 0 'robobot/drive/T0/pose' 1770386336.4514 95.9350 0.709 0.191 1.6075 -3.1108
1770386336.4537 0 'robobot/drive/T0/livn' 1770386336.4536 397 389 385 401 398 387 378 377 5
1770386336.4559 0 'robobot/drive/T0/vel' 1770386336.4558 95.9400 0.000 0.000 0.0000 0.000 4
1770386336.4560 0 'robobot/drive/T0/pose' 1770386336.4559 95.9400 0.709 0.191 1.6075 -3.1108
1770386336.4563 0 'robobot/drive/T0/mvel' 1770386336.4563 0.000 0.000
1770386336.4592 0 'robobot/drive/T0/ird' 1770386336.4591 0.820 1.500 3629 1895 1
1770386336.4603 0 'robobot/drive/T0/gyro' 1770386336.4603 0.160828 0.137329 -0.076233 95.944
1770386336.4604 0 'robobot/drive/T0/acc' 1770386336.4603 0.029541 -0.007812 0.984375 95.944
1770386336.4604 0 'robobot/drive/T0/mot' 1770386336.4604 0 0 0.1 0.1 0
1770386336.4605 0 'robobot/drive/T0/mca' 1770386336.4604 0.000 0.000 16
1770386336.4616 0 'robobot/drive/T0/pose' 1770386336.4615 95.9450 0.709 0.191 1.6075 -3.1108
1770386336.4638 0 'robobot/drive/T0/vel' 1770386336.4637 95.9480 0.000 0.000 0.0000 0.000 4
1770386336.4639 0 'robobot/drive/T0/livn' 1770386336.4638 398 396 389 391 389 378 378 374 5
1770386336.4648 0 'robobot/drive/T0/mvel' 1770386336.4647 0.000 0.000
1770386336.4661 0 'robobot/drive/T0/pose' 1770386336.4660 95.9500 0.709 0.191 1.6075 -3.1108
1770386336.4714 0 'robobot/drive/T0/pose' 1770386336.4713 95.9550 0.709 0.191 1.6075 -3.1108
1770386336.4715 0 'robobot/drive/T0/vel' 1770386336.4714 95.9560 0.000 0.000 0.0000 0.000 4
1770386336.4722 0 'robobot/drive/T0/mvel' 1770386336.4721 0.000 0.000
1770386336.4726 0 'robobot/drive/T0/gyro' 1770386336.4725 0.313416 -0.106812 0.076355 95.956
1770386336.4727 0 'robobot/drive/T0/acc' 1770386336.4726 0.028076 -0.010742 0.982422 95.956
1770386336.4738 0 'robobot/drive/T0/livn' 1770386336.4737 393 385 388 395 396 385 385 376 5
1770386336.4760 0 'robobot/drive/T0/pose' 1770386336.4759 95.9600 0.709 0.191 1.6075 -3.1108
1770386336.4803 0 'robobot/drive/T0/vel' 1770386336.4802 95.9640 0.000 0.000 0.0000 0.000 4
1770386336.4806 0 'robobot/drive/T0/mvel' 1770386336.4806 0.000 0.000
1770386336.4814 0 'robobot/drive/T0/pose' 1770386336.4814 95.9650 0.709 0.191 1.6075 -3.1108
1770386336.4836 0 'robobot/drive/T0/livn' 1770386336.4835 385 385 391 384 388 383 389 389 5
1770386336.4837 0 'robobot/drive/T0/gyro' 1770386336.4836 -0.113831 0.137329 -0.045715 95.968
1770386336.4838 0 'robobot/drive/T0/acc' 1770386336.4837 0.030518 -0.010742 0.982666 95.968
1770386336.4849 0 'robobot/drive/T0/ird' 1770386336.4848 0.913 1.500 3411 1982 1
1770386336.4860 0 'robobot/drive/T0/pose' 1770386336.4859 95.9700 0.709 0.191 1.6075 -3.1108
1770386336.4882 0 'robobot/drive/T0/vel' 1770386336.4881 95.9720 0.000 0.000 0.0000 0.000 4
1770386336.4890 0 'robobot/drive/T0/mvel' 1770386336.4890 0.000 0.000
1770386336.4914 0 'robobot/drive/T0/pose' 1770386336.4914 95.9750 0.709 0.191 1.6075 -3.1108
1770386336.4936 0 'robobot/drive/T0/mot' 1770386336.4935 0 0 0.1 0.1 0
1770386336.4936 0 'robobot/drive/T0/mca' 1770386336.4936 0.000 0.000 17
1770386336.4937 0 'robobot/drive/T0/livn' 1770386336.4936 382 389 390 388 398 381 383 380 5
1770386336.4959 0 'robobot/drive/T0/vel' 1770386336.4958 95.9800 0.000 0.000 0.0000 0.000 4
1770386336.4960 0 'robobot/drive/T0/gyro' 1770386336.4959 0.038757 -0.045776 -0.198303 95.980
1770386336.4961 0 'robobot/drive/T0/acc' 1770386336.4960 0.036865 -0.010986 0.984375 95.980
1770386336.4961 0 'robobot/drive/T0/pose' 1770386336.4961 95.9800 0.709 0.191 1.6075 -3.1108
1770386336.4964 0 'robobot/drive/T0/mvel' 1770386336.4964 0.000 0.000
1770386336.4973 0 'robobot/drive/T0/liv' 1770386336.4972 298 349 370 301 349 369 343 258 25
1770386336.5016 0 'robobot/drive/T0/pose' 1770386336.5015 95.9850 0.709 0.191 1.6075 -3.1108
1770386336.5037 0 'robobot/drive/T0/vel' 1770386336.5037 95.9880 0.000 0.000 0.0000 0.000 4
1770386336.5038 0 'robobot/drive/T0/livn' 1770386336.5038 402 396 393 392 393 389 380 378 5
1770386336.5038 0 'robobot/drive/T0/mvel' 1770386336.5038 0.000 0.000
1770386336.5060 0 'robobot/drive/T0/pose' 1770386336.5059 95.9900 0.709 0.191 1.6075 -3.1108
1770386336.5082 0 'robobot/drive/T0/gyro' 1770386336.5081 0.160828 0.106812 -0.045715 95.992
1770386336.5083 0 'robobot/drive/T0/acc' 1770386336.5082 0.029297 -0.010742 0.986816 95.992
1770386336.5094 0 'robobot/drive/T0/ird' 1770386336.5093 0.917 1.500 3402 1967 1
1770386336.5116 0 'robobot/drive/T0/pose' 1770386336.5115 95.9950 0.709 0.191 1.6075 -3.1108
1770386336.5116 0 'robobot/drive/T0/vel' 1770386336.5116 95.9960 0.000 0.000 0.0000 0.000 4
1770386336.5123 0 'robobot/drive/T0/mvel' 1770386336.5123 0.000 0.000
1770386336.5138 0 'robobot/drive/T0/livn' 1770386336.5138 401 391 384 398 404 393 384 372 5
1770386336.5160 0 'robobot/drive/T0/pose' 1770386336.5160 96.0000 0.709 0.191 1.6075 -3.1108
1770386336.5203 0 'robobot/drive/T0/vel' 1770386336.5203 96.0040 0.000 0.000 0.0000 0.000 4
1770386336.5204 0 'robobot/drive/T0/gyro' 1770386336.5203 0.008240 0.228882 -0.106750 96.004
1770386336.5205 0 'robobot/drive/T0/acc' 1770386336.5204 0.032715 -0.010742 0.985352 96.004
1770386336.5207 0 'robobot/drive/T0/mvel' 1770386336.5207 0.000 0.000
1770386336.5216 0 'robobot/drive/T0/pose' 1770386336.5215 96.0050 0.709 0.191 1.6075 -3.1108
1770386336.5238 0 'robobot/drive/T0/livn' 1770386336.5237 392 391 386 388 400 392 380 365 5
1770386336.5260 0 'robobot/drive/T0/pose' 1770386336.5259 96.0100 0.709 0.191 1.6075 -3.1108
1770386336.5260 0 'robobot/drive/T0/mot' 1770386336.5260 0 0 0.1 0.1 0
1770386336.5261 0 'robobot/drive/T0/mca' 1770386336.5260 0.000 0.000 16
1770386336.5283 0 'robobot/drive/T0/vel' 1770386336.5282 96.0120 0.000 0.000 0.0000 0.000 4
1770386336.5292 0 'robobot/drive/T0/mvel' 1770386336.5292 0.000 0.000
1770386336.5319 0 'robobot/drive/T0/pose' 1770386336.5318 96.0150 0.709 0.191 1.6075 -3.1108
1770386336.5319 0 'robobot/drive/T0/gyro' 1770386336.5319 -0.113831 -0.045776 -0.076233 96.016
1770386336.5320 0 'robobot/drive/T0/acc' 1770386336.5319 0.031006 -0.010986 0.980713 96.016
1770386336.5342 0 'robobot/drive/T0/livn' 1770386336.5341 381 388 391 392 398 389 380 378 5
1770386336.5343 0 'robobot/drive/T0/ird' 1770386336.5342 0.834 1.500 3592 1874 1
1770386336.5358 0 'robobot/drive/T0/vel' 1770386336.5357 96.0200 0.000 0.000 0.0000 0.000 4
1770386336.5365 0 'robobot/drive/T0/mvel' 1770386336.5365 0.000 0.000
1770386336.5369 0 'robobot/drive/T0/pose' 1770386336.5368 96.0200 0.709 0.191 1.6075 -3.1108
1770386336.5413 0 'robobot/drive/T0/pose' 1770386336.5412 96.0250 0.709 0.191 1.6075 -3.1107
1770386336.5435 0 'robobot/drive/T0/vel' 1770386336.5434 96.0280 0.000 0.000 0.0000 0.000 4
1770386336.5436 0 'robobot/drive/T0/hbt' 1770386336.5435 96.0280 107 1033 11.76 4 8 8.9 0.43 0
1770386336.5436 0 'robobot/drive/T0/livn' 1770386336.5436 384 381 391 387 389 381 378 370 5
1770386336.5437 0 'robobot/drive/T0/gyro' 1770386336.5436 -0.144348 0.228882 0.015320 96.028
1770386336.5439 0 'robobot/drive/T0/acc' 1770386336.5437 0.028809 -0.009521 0.987305 96.028
1770386336.5439 0 'robobot/drive/T0/mvel' 1770386336.5439 0.000 0.000
1770386336.5461 0 'robobot/drive/T0/pose' 1770386336.5460 96.0300 0.709 0.191 1.6075 -3.1107
1770386336.5473 0 'robobot/drive/T0/liv' 1770386336.5472 297 346 368 300 352 374 341 254 25
1770386336.5517 0 'robobot/drive/T0/pose' 1770386336.5516 96.0350 0.709 0.191 1.6075 -3.1108
1770386336.5518 0 'robobot/drive/T0/vel' 1770386336.5517 96.0360 0.000 0.000 0.0000 0.000 4
1770386336.5524 0 'robobot/drive/T0/mvel' 1770386336.5524 0.000 0.000
1770386336.5540 0 'robobot/drive/T0/livn' 1770386336.5539 395 386 389 395 395 390 382 374 5
1770386336.5562 0 'robobot/drive/T0/gyro' 1770386336.5561 0.099792 0.045776 0.259460 96.040
1770386336.5563 0 'robobot/drive/T0/acc' 1770386336.5562 0.031738 -0.011719 0.981445 96.040
1770386336.5563 0 'robobot/drive/T0/pose' 1770386336.5563 96.0400 0.709 0.191 1.6075 -3.1108
1770386336.5596 0 'robobot/drive/T0/mot' 1770386336.5595 0 0 0.1 0.1 0
1770386336.5596 0 'robobot/drive/T0/mca' 1770386336.5596 0.000 0.000 17
1770386336.5597 0 'robobot/drive/T0/ird' 1770386336.5596 0.913 1.500 3410 1908 1
1770386336.5597 0 'robobot/drive/T0/vel' 1770386336.5597 96.0440 0.000 0.000 0.0000 0.000 4
1770386336.5598 0 'robobot/drive/T0/mvel' 1770386336.5598 0.000 0.000
1770386336.5619 0 'robobot/drive/T0/pose' 1770386336.5618 96.0450 0.709 0.191 1.6075 -3.1108
1770386336.5641 0 'robobot/drive/T0/livn' 1770386336.5640 390 390 389 395 392 379 375 372 5
1770386336.5663 0 'robobot/drive/T0/pose' 1770386336.5662 96.0500 0.709 0.191 1.6075 -3.1108
1770386336.5674 0 'robobot/drive/T0/vel' 1770386336.5673 96.0520 0.000 0.000 0.0000 0.000 4
1770386336.5682 0 'robobot/drive/T0/mvel' 1770386336.5682 0.000 0.000
1770386336.5685 0 'robobot/drive/T0/gyro' 1770386336.5685 -0.052795 -0.228882 0.076355 96.052
1770386336.5686 0 'robobot/drive/T0/acc' 1770386336.5685 0.033447 -0.010986 0.983887 96.052
1770386336.5718 0 'robobot/drive/T0/pose' 1770386336.5718 96.0550 0.709 0.191 1.6075 -3.1108
1770386336.5740 0 'robobot/drive/T0/livn' 1770386336.5740 385 394 407 408 394 377 383 392 5
1770386336.5762 0 'robobot/drive/T0/vel' 1770386336.5761 96.0600 0.000 0.000 0.0000 0.000 4
1770386336.5763 0 'robobot/drive/T0/pose' 1770386336.5762 96.0600 0.709 0.191 1.6075 -3.1108
1770386336.5766 0 'robobot/drive/T0/mvel' 1770386336.5766 0.000 0.000
1770386336.5806 0 'robobot/drive/T0/gyro' 1770386336.5805 0.038757 0.045776 0.167908 96.064
1770386336.5806 0 'robobot/drive/T0/acc' 1770386336.5806 0.030762 -0.012939 0.982422 96.064
1770386336.5818 0 'robobot/drive/T0/pose' 1770386336.5817 96.0650 0.709 0.191 1.6075 -3.1108
1770386336.5839 0 'robobot/drive/T0/vel' 1770386336.5839 96.0680 0.000 0.000 0.0000 0.000 4
1770386336.5840 0 'robobot/drive/T0/mvel' 1770386336.5840 0.000 0.000
1770386336.5840 0 'robobot/drive/T0/livn' 1770386336.5840 386 389 387 398 395 388 378 371 5
1770386336.5841 0 'robobot/drive/T0/ird' 1770386336.5840 0.926 1.500 3382 1903 1
1770386336.5863 0 'robobot/drive/T0/pose' 1770386336.5862 96.0700 0.709 0.191 1.6075 -3.1108
1770386336.5916 0 'robobot/drive/T0/pose' 1770386336.5915 96.0750 0.709 0.191 1.6075 -3.1108
1770386336.5917 0 'robobot/drive/T0/vel' 1770386336.5916 96.0760 0.000 0.000 0.0000 0.000 4
1770386336.5918 0 'robobot/drive/T0/gyro' 1770386336.5917 -0.083313 -0.350952 -0.106750 96.076
1770386336.5918 0 'robobot/drive/T0/acc' 1770386336.5918 0.030762 -0.012451 0.984131 96.076
1770386336.5924 0 'robobot/drive/T0/mvel' 1770386336.5924 0.000 0.000
1770386336.5929 0 'robobot/drive/T0/mot' 1770386336.5929 0 0 0.1 0.1 0
1770386336.5930 0 'robobot/drive/T0/mca' 1770386336.5929 0.000 0.000 16
1770386336.5941 0 'robobot/drive/T0/livn' 1770386336.5940 401 390 387 399 395 381 378 370 5
1770386336.5963 0 'robobot/drive/T0/pose' 1770386336.5962 96.0800 0.709 0.191 1.6075 -3.1108
1770386336.5974 0 'robobot/drive/T0/liv' 1770386336.5974 297 349 371 308 351 368 339 256 25
1770386336.5996 0 'robobot/drive/T0/vel' 1770386336.5995 96.0840 0.000 0.000 0.0000 0.000 4
1770386336.5998 0 'robobot/drive/T0/mvel' 1770386336.5998 0.000 0.000
1770386336.6018 0 'robobot/drive/T0/pose' 1770386336.6017 96.0850 0.709 0.191 1.6075 -3.1107
1770386336.6040 0 'robobot/drive/T0/livn' 1770386336.6039 396 395 388 394 390 385 381 375 5
1770386336.6040 0 'robobot/drive/T0/gyro' 1770386336.6040 0.038757 0.198364 -0.045715 96.088
1770386336.6041 0 'robobot/drive/T0/acc' 1770386336.6040 0.026367 -0.013672 0.983154 96.088
1770386336.6063 0 'robobot/drive/T0/pose' 1770386336.6062 96.0900 0.709 0.191 1.6075 -3.1107
1770386336.6075 0 'robobot/drive/T0/vel' 1770386336.6074 96.0920 0.000 0.000 0.0000 0.000 4
1770386336.6082 0 'robobot/drive/T0/mvel' 1770386336.6082 0.000 0.000
1770386336.6097 0 'robobot/drive/T0/ird' 1770386336.6096 0.855 1.500 3541 2056 1
1770386336.6119 0 'robobot/drive/T0/pose' 1770386336.6118 96.0950 0.709 0.191 1.6075 -3.1107
1770386336.6141 0 'robobot/drive/T0/livn' 1770386336.6140 394 404 393 387 389 387 389 386 5
1770386336.6163 0 'robobot/drive/T0/vel' 1770386336.6162 96.1000 0.000 0.000 0.0000 0.000 4
1770386336.6163 0 'robobot/drive/T0/gyro' 1770386336.6163 -0.144348 0.137329 -0.015198 96.100
1770386336.6164 0 'robobot/drive/T0/acc' 1770386336.6164 0.026367 -0.009521 0.983398 96.100
1770386336.6165 0 'robobot/drive/T0/pose' 1770386336.6164 96.1000 0.709 0.191 1.6075 -3.1107
1770386336.6167 0 'robobot/drive/T0/mvel' 1770386336.6167 0.000 0.000
1770386336.6218 0 'robobot/drive/T0/pose' 1770386336.6218 96.1050 0.709 0.191 1.6075 -3.1107
1770386336.6240 0 'robobot/drive/T0/vel' 1770386336.6239 96.1080 0.000 0.000 0.0000 0.000 4
1770386336.6241 0 'robobot/drive/T0/mvel' 1770386336.6240 0.000 0.000
1770386336.6241 0 'robobot/drive/T0/livn' 1770386336.6240 391 389 392 401 393 387 384 371 5
1770386336.6252 0 'robobot/drive/T0/mot' 1770386336.6251 0 0 0.1 0.1 0
1770386336.6252 0 'robobot/drive/T0/mca' 1770386336.6252 -0.000 0.000 17
1770386336.6264 0 'robobot/drive/T0/pose' 1770386336.6263 96.1100 0.709 0.191 1.6075 -3.1107
1770386336.6285 0 'robobot/drive/T0/gyro' 1770386336.6285 -0.022278 0.076294 0.137390 96.112
1770386336.6286 0 'robobot/drive/T0/acc' 1770386336.6285 0.033691 -0.010742 0.989258 96.112
1770386336.6319 0 'robobot/drive/T0/pose' 1770386336.6318 96.1150 0.709 0.191 1.6075 -3.1107
1770386336.6319 0 'robobot/drive/T0/vel' 1770386336.6319 96.1160 0.000 0.000 0.0000 0.000 4
1770386336.6325 0 'robobot/drive/T0/mvel' 1770386336.6324 0.000 0.000
1770386336.6341 0 'robobot/drive/T0/livn' 1770386336.6340 393 391 394 402 392 385 381 376 5
1770386336.6342 0 'robobot/drive/T0/ird' 1770386336.6341 0.835 1.500 3591 1940 1
1770386336.6363 0 'robobot/drive/T0/pose' 1770386336.6363 96.1200 0.709 0.191 1.6075 -3.1107
1770386336.6396 0 'robobot/drive/T0/vel' 1770386336.6395 96.1240 0.000 0.000 0.0000 0.000 4
1770386336.6397 0 'robobot/drive/T0/gyro' 1770386336.6396 0.130310 -0.045776 -0.106750 96.124
1770386336.6398 0 'robobot/drive/T0/acc' 1770386336.6397 0.030273 -0.011230 0.979736 96.124
1770386336.6399 0 'robobot/drive/T0/mvel' 1770386336.6398 0.000 0.000
1770386336.6419 0 'robobot/drive/T0/pose' 1770386336.6419 96.1250 0.709 0.191 1.6075 -3.1107
1770386336.6441 0 'robobot/drive/T0/livn' 1770386336.6441 390 383 387 396 396 386 379 379 5
1770386336.6463 0 'robobot/drive/T0/pose' 1770386336.6462 96.1300 0.709 0.191 1.6075 -3.1107
1770386336.6474 0 'robobot/drive/T0/liv' 1770386336.6474 298 350 371 305 350 372 343 258 25
1770386336.6475 0 'robobot/drive/T0/vel' 1770386336.6475 96.1320 0.000 0.000 0.0000 0.000 4
1770386336.6483 0 'robobot/drive/T0/mvel' 1770386336.6483 0.000 0.000
1770386336.6518 0 'robobot/drive/T0/pose' 1770386336.6517 96.1350 0.709 0.191 1.6075 -3.1107
1770386336.6519 0 'robobot/drive/T0/gyro' 1770386336.6518 0.038757 0.137329 -0.045715 96.136
1770386336.6520 0 'robobot/drive/T0/acc' 1770386336.6519 0.027832 -0.011719 0.984131 96.136
1770386336.6541 0 'robobot/drive/T0/livn' 1770386336.6541 389 383 389 405 405 386 374 375 5
1770386336.6553 0 'robobot/drive/T0/vel' 1770386336.6552 96.1400 0.000 0.000 0.0000 0.000 4
1770386336.6557 0 'robobot/drive/T0/mvel' 1770386336.6556 0.000 0.000
1770386336.6564 0 'robobot/drive/T0/pose' 1770386336.6563 96.1400 0.709 0.191 1.6075 -3.1107
1770386336.6586 0 'robobot/drive/T0/mot' 1770386336.6585 0 0 0.1 0.1 0
1770386336.6586 0 'robobot/drive/T0/mca' 1770386336.6586 0.000 0.000 16
1770386336.6597 0 'robobot/drive/T0/ird' 1770386336.6597 0.814 1.500 3643 1994 1
1770386336.6619 0 'robobot/drive/T0/pose' 1770386336.6619 96.1450 0.709 0.191 1.6075 -3.1107
1770386336.6641 0 'robobot/drive/T0/vel' 1770386336.6640 96.1480 0.000 0.000 0.0000 0.000 4
1770386336.6642 0 'robobot/drive/T0/livn' 1770386336.6641 402 380 386 390 395 385 381 376 5
1770386336.6643 0 'robobot/drive/T0/gyro' 1770386336.6642 -0.052795 0.106812 -0.045715 96.148
1770386336.6643 0 'robobot/drive/T0/acc' 1770386336.6643 0.033203 -0.011719 0.984863 96.148
1770386336.6651 0 'robobot/drive/T0/mvel' 1770386336.6651 0.000 0.000
1770386336.6665 0 'robobot/drive/T0/pose' 1770386336.6664 96.1500 0.709 0.191 1.6075 -3.1107
1770386336.6719 0 'robobot/drive/T0/pose' 1770386336.6718 96.1550 0.709 0.191 1.6075 -3.1107
1770386336.6719 0 'robobot/drive/T0/vel' 1770386336.6719 96.1560 0.000 0.000 0.0000 0.000 4
1770386336.6725 0 'robobot/drive/T0/mvel' 1770386336.6725 0.000 0.000
1770386336.6741 0 'robobot/drive/T0/livn' 1770386336.6740 393 389 395 395 391 385 376 372 5
1770386336.6763 0 'robobot/drive/T0/gyro' 1770386336.6762 0.160828 0.015259 -0.015198 96.160
1770386336.6764 0 'robobot/drive/T0/acc' 1770386336.6763 0.033447 -0.010498 0.982178 96.160
1770386336.6764 0 'robobot/drive/T0/pose' 1770386336.6764 96.1600 0.709 0.191 1.6075 -3.1107
1770386336.6797 0 'robobot/drive/T0/vel' 1770386336.6796 96.1640 0.000 0.000 0.0000 0.000 4
1770386336.6799 0 'robobot/drive/T0/mvel' 1770386336.6799 0.000 0.000
1770386336.6819 0 'robobot/drive/T0/pose' 1770386336.6818 96.1650 0.709 0.191 1.6075 -3.1106
1770386336.6841 0 'robobot/drive/T0/livn' 1770386336.6840 392 391 393 389 393 386 383 382 5
1770386336.6841 0 'robobot/drive/T0/ird' 1770386336.6841 0.835 1.500 3590 2223 1
1770386336.6863 0 'robobot/drive/T0/pose' 1770386336.6862 96.1700 0.709 0.191 1.6075 -3.1106
1770386336.6874 0 'robobot/drive/T0/vel' 1770386336.6874 96.1720 0.000 0.000 0.0000 0.000 4
1770386336.6883 0 'robobot/drive/T0/mvel' 1770386336.6883 0.000 0.000
1770386336.6886 0 'robobot/drive/T0/gyro' 1770386336.6885 -0.174866 0.076294 -0.137268 96.172
1770386336.6886 0 'robobot/drive/T0/acc' 1770386336.6886 0.030762 -0.009766 0.985352 96.172
1770386336.6919 0 'robobot/drive/T0/mot' 1770386336.6918 0 0 0.1 0.1 0
1770386336.6919 0 'robobot/drive/T0/mca' 1770386336.6919 0.000 0.000 17
1770386336.6920 0 'robobot/drive/T0/pose' 1770386336.6919 96.1750 0.709 0.191 1.6075 -3.1106
1770386336.6942 0 'robobot/drive/T0/livn' 1770386336.6941 396 400 397 387 383 380 386 380 5
1770386336.6953 0 'robobot/drive/T0/vel' 1770386336.6952 96.1800 0.000 0.000 0.0000 0.000 4
1770386336.6957 0 'robobot/drive/T0/mvel' 1770386336.6957 0.000 0.000
1770386336.6964 0 'robobot/drive/T0/pose' 1770386336.6964 96.1800 0.709 0.191 1.6075 -3.1106
1770386336.6976 0 'robobot/drive/T0/liv' 1770386336.6975 299 346 371 302 349 371 342 258 25
1770386336.6998 0 'robobot/drive/T0/gyro' 1770386336.6997 0.069275 0.015259 -0.106750 96.184
1770386336.6998 0 'robobot/drive/T0/acc' 1770386336.6998 0.026123 -0.009033 0.980957 96.184
1770386336.7020 0 'robobot/drive/T0/pose' 1770386336.7019 96.1850 0.709 0.191 1.6075 -3.1106
1770386336.7042 0 'robobot/drive/T0/vel' 1770386336.7041 96.1880 0.000 0.000 0.0000 0.000 4
1770386336.7043 0 'robobot/drive/T0/livn' 1770386336.7042 398 380 383 398 405 395 384 381 5
1770386336.7052 0 'robobot/drive/T0/mvel' 1770386336.7051 0.000 0.000
1770386336.7065 0 'robobot/drive/T0/pose' 1770386336.7064 96.1900 0.709 0.191 1.6075 -3.1106
1770386336.7097 0 'robobot/drive/T0/ird' 1770386336.7096 0.808 1.500 3661 2035 1
1770386336.7119 0 'robobot/drive/T0/pose' 1770386336.7118 96.1950 0.709 0.191 1.6075 -3.1106
1770386336.7120 0 'robobot/drive/T0/vel' 1770386336.7119 96.1960 0.000 0.000 0.0000 0.000 4
1770386336.7120 0 'robobot/drive/T0/gyro' 1770386336.7120 -0.205383 0.198364 -0.198303 96.196
1770386336.7121 0 'robobot/drive/T0/acc' 1770386336.7120 0.028809 -0.011963 0.981689 96.196
1770386336.7126 0 'robobot/drive/T0/mvel' 1770386336.7125 0.000 0.000
1770386336.7143 0 'robobot/drive/T0/livn' 1770386336.7142 395 390 386 391 391 385 382 369 5
1770386336.7165 0 'robobot/drive/T0/pose' 1770386336.7164 96.2000 0.709 0.191 1.6075 -3.1106
1770386336.7197 0 'robobot/drive/T0/vel' 1770386336.7196 96.2040 0.000 0.000 0.0000 0.000 4
1770386336.7199 0 'robobot/drive/T0/mvel' 1770386336.7199 0.000 0.000
1770386336.7219 0 'robobot/drive/T0/pose' 1770386336.7218 96.2050 0.709 0.191 1.6075 -3.1106
1770386336.7241 0 'robobot/drive/T0/livn' 1770386336.7240 389 391 383 387 388 385 379 374 5
1770386336.7242 0 'robobot/drive/T0/gyro' 1770386336.7241 -0.083313 -0.015259 -0.015198 96.208
1770386336.7242 0 'robobot/drive/T0/acc' 1770386336.7242 0.025879 -0.011230 0.982910 96.208
1770386336.7243 0 'robobot/drive/T0/mot' 1770386336.7242 0 0 0.1 0.1 0
1770386336.7243 0 'robobot/drive/T0/mca' 1770386336.7243 0.000 0.000 16
1770386336.7265 0 'robobot/drive/T0/pose' 1770386336.7264 96.2100 0.709 0.191 1.6075 -3.1106
1770386336.7276 0 'robobot/drive/T0/vel' 1770386336.7276 96.2120 0.000 0.000 0.0000 0.000 4
1770386336.7283 0 'robobot/drive/T0/mvel' 1770386336.7283 0.000 0.000
1770386336.7322 0 'robobot/drive/T0/pose' 1770386336.7321 96.2150 0.709 0.191 1.6075 -3.1106
1770386336.7344 0 'robobot/drive/T0/livn' 1770386336.7343 411 386 378 384 408 396 372 359 5
1770386336.7345 0 'robobot/drive/T0/ird' 1770386336.7344 0.773 1.500 3760 2005 1
1770386336.7357 0 'robobot/drive/T0/vel' 1770386336.7355 96.2200 0.000 0.000 0.0000 0.000 4
1770386336.7358 0 'robobot/drive/T0/mvel' 1770386336.7357 0.000 0.000
1770386336.7358 0 'robobot/drive/T0/gyro' 1770386336.7357 0.069275 -0.106812 0.015320 96.220
1770386336.7359 0 'robobot/drive/T0/acc' 1770386336.7358 0.029053 -0.010254 0.986816 96.220
1770386336.7360 0 'robobot/drive/T0/pose' 1770386336.7359 96.2200 0.709 0.191 1.6075 -3.1106
1770386336.7414 0 'robobot/drive/T0/pose' 1770386336.7413 96.2250 0.709 0.191 1.6075 -3.1106
1770386336.7436 0 'robobot/drive/T0/vel' 1770386336.7435 96.2280 0.000 0.000 0.0000 0.000 4
1770386336.7437 0 'robobot/drive/T0/livn' 1770386336.7436 391 370 382 395 404 392 381 373 5
1770386336.7442 0 'robobot/drive/T0/mvel' 1770386336.7441 0.000 0.000
1770386336.7470 0 'robobot/drive/T0/pose' 1770386336.7469 96.2300 0.709 0.191 1.6075 -3.1106
1770386336.7471 0 'robobot/drive/T0/liv' 1770386336.7470 302 344 363 302 354 376 340 253 25
1770386336.7482 0 'robobot/drive/T0/gyro' 1770386336.7481 -0.052795 -0.015259 -0.167786 96.232
1770386336.7483 0 'robobot/drive/T0/acc' 1770386336.7482 0.030273 -0.012695 0.985596 96.232
1770386336.7516 0 'robobot/drive/T0/pose' 1770386336.7515 96.2360 0.709 0.191 1.6075 -3.1106
1770386336.7516 0 'robobot/drive/T0/vel' 1770386336.7516 96.2360 0.000 0.000 0.0000 0.000 4
1770386336.7526 0 'robobot/drive/T0/mvel' 1770386336.7526 0.000 0.000
1770386336.7538 0 'robobot/drive/T0/livn' 1770386336.7537 398 388 391 399 397 384 380 377 5
1770386336.7560 0 'robobot/drive/T0/pose' 1770386336.7559 96.2410 0.709 0.191 1.6075 -3.1106
1770386336.7571 0 'robobot/drive/T0/mot' 1770386336.7571 0 0 0.1 0.1 0
1770386336.7572 0 'robobot/drive/T0/mca' 1770386336.7571 0.000 0.000 17
1770386336.7593 0 'robobot/drive/T0/ird' 1770386336.7593 0.811 1.500 3652 1861 1
1770386336.7594 0 'robobot/drive/T0/vel' 1770386336.7594 96.2440 0.000 0.000 0.0000 0.000 4
1770386336.7600 0 'robobot/drive/T0/mvel' 1770386336.7600 0.000 0.000
1770386336.7606 0 'robobot/drive/T0/gyro' 1770386336.7605 0.191345 0.076294 -0.350891 96.244
1770386336.7606 0 'robobot/drive/T0/acc' 1770386336.7606 0.028809 -0.017090 0.987793 96.244
1770386336.7618 0 'robobot/drive/T0/pose' 1770386336.7617 96.2460 0.709 0.191 1.6075 -3.1106
1770386336.7639 0 'robobot/drive/T0/livn' 1770386336.7639 403 386 387 397 392 382 381 375 5
1770386336.7672 0 'robobot/drive/T0/pose' 1770386336.7671 96.2510 0.709 0.191 1.6075 -3.1106
1770386336.7673 0 'robobot/drive/T0/vel' 1770386336.7672 96.2520 0.000 0.000 0.0000 0.000 4
1770386336.7674 0 'robobot/drive/T0/mvel' 1770386336.7674 0.000 0.000
1770386336.7716 0 'robobot/drive/T0/pose' 1770386336.7715 96.2560 0.709 0.191 1.6075 -3.1106
1770386336.7716 0 'robobot/drive/T0/gyro' 1770386336.7716 0.191345 0.045776 0.045837 96.256
1770386336.7717 0 'robobot/drive/T0/acc' 1770386336.7716 0.032715 -0.013428 0.985596 96.256
1770386336.7739 0 'robobot/drive/T0/livn' 1770386336.7738 386 388 392 409 392 381 381 384 5
1770386336.7761 0 'robobot/drive/T0/vel' 1770386336.7760 96.2600 0.000 0.000 0.0000 0.000 4
1770386336.7769 0 'robobot/drive/T0/mvel' 1770386336.7768 0.000 0.000
1770386336.7773 0 'robobot/drive/T0/pose' 1770386336.7772 96.2610 0.709 0.191 1.6075 -3.1106
1770386336.7816 0 'robobot/drive/T0/pose' 1770386336.7815 96.2660 0.709 0.191 1.6075 -3.1106
1770386336.7838 0 'robobot/drive/T0/vel' 1770386336.7837 96.2680 0.000 0.000 0.0000 0.000 4
1770386336.7839 0 'robobot/drive/T0/livn' 1770386336.7838 375 379 385 402 394 380 381 373 5
1770386336.7839 0 'robobot/drive/T0/gyro' 1770386336.7839 -0.083313 0.015259 -0.228821 96.268
1770386336.7840 0 'robobot/drive/T0/acc' 1770386336.7839 0.032959 -0.010010 0.988525 96.268
1770386336.7842 0 'robobot/drive/T0/mvel' 1770386336.7842 0.000 0.000
1770386336.7851 0 'robobot/drive/T0/ird' 1770386336.7851 0.859 1.500 3530 1919 1
1770386336.7863 0 'robobot/drive/T0/pose' 1770386336.7862 96.2710 0.709 0.191 1.6075 -3.1106
1770386336.7905 0 'robobot/drive/T0/mot' 1770386336.7905 0 0 0.1 0.1 0
1770386336.7906 0 'robobot/drive/T0/mca' 1770386336.7905 0.000 0.000 16
1770386336.7917 0 'robobot/drive/T0/pose' 1770386336.7916 96.2760 0.709 0.191 1.6075 -3.1106
1770386336.7918 0 'robobot/drive/T0/vel' 1770386336.7917 96.2760 0.000 0.000 0.0000 0.000 4
1770386336.7927 0 'robobot/drive/T0/mvel' 1770386336.7927 0.000 0.000
1770386336.7940 0 'robobot/drive/T0/livn' 1770386336.7939 395 386 384 393 396 382 383 373 5
1770386336.7961 0 'robobot/drive/T0/gyro' 1770386336.7961 0.160828 0.228882 -0.259338 96.280
1770386336.7962 0 'robobot/drive/T0/acc' 1770386336.7962 0.027100 -0.013672 0.985352 96.280
1770386336.7963 0 'robobot/drive/T0/pose' 1770386336.7962 96.2810 0.709 0.191 1.6075 -3.1106
1770386336.7974 0 'robobot/drive/T0/liv' 1770386336.7973 295 344 367 307 349 367 341 256 25
1770386336.7996 0 'robobot/drive/T0/vel' 1770386336.7995 96.2840 0.000 0.000 0.0000 0.000 4
1770386336.8001 0 'robobot/drive/T0/mvel' 1770386336.8001 0.000 0.000
1770386336.8018 0 'robobot/drive/T0/pose' 1770386336.8017 96.2860 0.709 0.191 1.6075 -3.1106
1770386336.8040 0 'robobot/drive/T0/livn' 1770386336.8039 379 384 386 390 389 383 379 377 5
1770386336.8072 0 'robobot/drive/T0/pose' 1770386336.8071 96.2910 0.709 0.191 1.6075 -3.1106
1770386336.8073 0 'robobot/drive/T0/vel' 1770386336.8072 96.2920 0.000 0.000 0.0000 0.000 4
1770386336.8075 0 'robobot/drive/T0/mvel' 1770386336.8075 0.000 0.000
1770386336.8084 0 'robobot/drive/T0/gyro' 1770386336.8083 0.130310 0.228882 -0.442444 96.292
1770386336.8085 0 'robobot/drive/T0/acc' 1770386336.8084 0.027344 -0.012695 0.986572 96.292
1770386336.8096 0 'robobot/drive/T0/ird' 1770386336.8095 0.942 1.500 3351 1895 1
1770386336.8118 0 'robobot/drive/T0/pose' 1770386336.8117 96.2960 0.709 0.191 1.6075 -3.1106
1770386336.8140 0 'robobot/drive/T0/livn' 1770386336.8139 413 390 383 396 406 394 379 355 5
1770386336.8162 0 'robobot/drive/T0/vel' 1770386336.8161 96.3000 0.000 0.000 0.0000 0.000 4
1770386336.8162 0 'robobot/drive/T0/pose' 1770386336.8162 96.3010 0.709 0.191 1.6075 -3.1106
1770386336.8170 0 'robobot/drive/T0/mvel' 1770386336.8169 0.000 0.000
1770386336.8205 0 'robobot/drive/T0/gyro' 1770386336.8205 -0.205383 0.259399 -0.198303 96.304
1770386336.8206 0 'robobot/drive/T0/acc' 1770386336.8205 0.028320 -0.011963 0.980957 96.304
1770386336.8217 0 'robobot/drive/T0/pose' 1770386336.8217 96.3060 0.709 0.191 1.6075 -3.1106
1770386336.8239 0 'robobot/drive/T0/mot' 1770386336.8239 0 0 0.1 0.1 0
1770386336.8239 0 'robobot/drive/T0/mca' 1770386336.8239 0.000 0.000 17
1770386336.8240 0 'robobot/drive/T0/vel' 1770386336.8239 96.3080 0.000 0.000 0.0000 0.000 4
1770386336.8241 0 'robobot/drive/T0/livn' 1770386336.8240 382 382 390 402 401 390 388 380 5
1770386336.8244 0 'robobot/drive/T0/mvel' 1770386336.8243 0.000 0.000
1770386336.8263 0 'robobot/drive/T0/pose' 1770386336.8262 96.3110 0.709 0.191 1.6075 -3.1106
1770386336.8316 0 'robobot/drive/T0/pose' 1770386336.8315 96.3160 0.709 0.191 1.6075 -3.1106
1770386336.8317 0 'robobot/drive/T0/vel' 1770386336.8316 96.3160 0.000 0.000 0.0000 0.000 4
1770386336.8318 0 'robobot/drive/T0/mvel' 1770386336.8317 0.000 0.000
1770386336.8318 0 'robobot/drive/T0/gyro' 1770386336.8317 0.038757 -0.137329 0.106873 96.316
1770386336.8319 0 'robobot/drive/T0/acc' 1770386336.8318 0.028320 -0.008301 0.979248 96.316
1770386336.8340 0 'robobot/drive/T0/livn' 1770386336.8340 393 385 389 395 397 387 384 371 5
1770386336.8352 0 'robobot/drive/T0/ird' 1770386336.8351 0.827 1.500 3611 1886 1
1770386336.8363 0 'robobot/drive/T0/pose' 1770386336.8362 96.3210 0.709 0.191 1.6075 -3.1106
1770386336.8395 0 'robobot/drive/T0/vel' 1770386336.8395 96.3240 0.000 0.000 0.0000 0.000 4
1770386336.8402 0 'robobot/drive/T0/mvel' 1770386336.8402 0.000 0.000
1770386336.8417 0 'robobot/drive/T0/pose' 1770386336.8417 96.3260 0.709 0.191 1.6075 -3.1106
1770386336.8439 0 'robobot/drive/T0/livn' 1770386336.8438 399 396 384 384 393 385 384 379 5
1770386336.8440 0 'robobot/drive/T0/gyro' 1770386336.8439 -0.235901 0.167847 -0.015198 96.328
1770386336.8440 0 'robobot/drive/T0/acc' 1770386336.8440 0.031494 -0.011719 0.986572 96.328
1770386336.8473 0 'robobot/drive/T0/pose' 1770386336.8472 96.3310 0.709 0.191 1.6075 -3.1106
1770386336.8473 0 'robobot/drive/T0/liv' 1770386336.8473 301 347 367 304 353 372 342 255 25
1770386336.8474 0 'robobot/drive/T0/vel' 1770386336.8473 96.3320 0.000 0.000 0.0000 0.000 4
1770386336.8476 0 'robobot/drive/T0/mvel' 1770386336.8476 0.000 0.000
1770386336.8517 0 'robobot/drive/T0/pose' 1770386336.8516 96.3360 0.709 0.191 1.6075 -3.1106
1770386336.8539 0 'robobot/drive/T0/livn' 1770386336.8538 399 380 390 405 399 372 370 384 5
1770386336.8561 0 'robobot/drive/T0/vel' 1770386336.8560 96.3400 0.000 0.000 0.0000 0.000 4
1770386336.8561 0 'robobot/drive/T0/gyro' 1770386336.8561 0.008240 0.289917 -0.137268 96.340
1770386336.8562 0 'robobot/drive/T0/acc' 1770386336.8561 0.030762 -0.010010 0.985596 96.340
1770386336.8563 0 'robobot/drive/T0/mot' 1770386336.8562 0 0 0.1 0.1 0
1770386336.8563 0 'robobot/drive/T0/mca' 1770386336.8563 0.000 0.000 16
1770386336.8564 0 'robobot/drive/T0/pose' 1770386336.8563 96.3410 0.709 0.191 1.6075 -3.1106
1770386336.8571 0 'robobot/drive/T0/mvel' 1770386336.8570 0.000 0.000
1770386336.8596 0 'robobot/drive/T0/ird' 1770386336.8595 0.802 1.500 3676 1943 1
1770386336.8618 0 'robobot/drive/T0/pose' 1770386336.8617 96.3460 0.709 0.191 1.6075 -3.1106
1770386336.8630 0 'robobot/drive/master' 1770386336.8629 2026-02-06 14:58:48.828247
1770386336.8640 0 'robobot/drive/T0/vel' 1770386336.8639 96.3480 0.000 0.000 0.0000 0.000 4
1770386336.8640 0 'robobot/drive/T0/livn' 1770386336.8640 380 371 384 400 397 383 389 397 5
1770386336.8644 0 'robobot/drive/T0/mvel' 1770386336.8644 0.000 0.000
1770386336.8662 0 'robobot/drive/T0/pose' 1770386336.8661 96.3510 0.709 0.191 1.6075 -3.1106
1770386336.8684 0 'robobot/drive/T0/gyro' 1770386336.8683 -0.174866 0.411987 0.137390 96.352
1770386336.8685 0 'robobot/drive/T0/acc' 1770386336.8684 0.027344 -0.011475 0.983154 96.352
1770386336.8717 0 'robobot/drive/T0/pose' 1770386336.8717 96.3560 0.709 0.191 1.6075 -3.1106
1770386336.8718 0 'robobot/drive/T0/vel' 1770386336.8717 96.3560 0.000 0.000 0.0000 0.000 4
1770386336.8718 0 'robobot/drive/T0/mvel' 1770386336.8718 0.000 0.000
1770386336.8740 0 'robobot/drive/T0/livn' 1770386336.8739 399 387 383 394 394 384 386 374 5
1770386336.8772 0 'robobot/drive/T0/pose' 1770386336.8772 96.3610 0.709 0.191 1.6075 -3.1106
1770386336.8794 0 'robobot/drive/T0/vel' 1770386336.8793 96.3640 0.000 0.000 0.0000 0.000 4
1770386336.8803 0 'robobot/drive/T0/mvel' 1770386336.8802 0.000 0.000
1770386336.8805 0 'robobot/drive/T0/gyro' 1770386336.8804 -0.052795 0.015259 -0.228821 96.364
1770386336.8806 0 'robobot/drive/T0/acc' 1770386336.8805 0.029785 -0.009033 0.985596 96.364
1770386336.8817 0 'robobot/drive/T0/pose' 1770386336.8816 96.3660 0.709 0.191 1.6075 -3.1106
1770386336.8839 0 'robobot/drive/T0/livn' 1770386336.8838 387 388 388 395 396 387 385 382 5
1770386336.8850 0 'robobot/drive/T0/ird' 1770386336.8849 0.870 1.500 3506 2029 1
1770386336.8872 0 'robobot/drive/T0/pose' 1770386336.8871 96.3710 0.709 0.191 1.6075 -3.1106
1770386336.8873 0 'robobot/drive/T0/vel' 1770386336.8872 96.3720 0.000 0.000 0.0000 0.000 4
1770386336.8876 0 'robobot/drive/T0/mvel' 1770386336.8876 0.000 0.000
1770386336.8894 0 'robobot/drive/T0/mot' 1770386336.8894 0 0 0.1 0.1 0
1770386336.8895 0 'robobot/drive/T0/mca' 1770386336.8894 0.000 0.000 17
1770386336.8917 0 'robobot/drive/T0/pose' 1770386336.8916 96.3760 0.709 0.191 1.6075 -3.1106
1770386336.8917 0 'robobot/drive/T0/gyro' 1770386336.8917 -0.327454 -0.106812 -0.137268 96.376
1770386336.8918 0 'robobot/drive/T0/acc' 1770386336.8918 0.032715 -0.010986 0.987793 96.376
1770386336.8940 0 'robobot/drive/T0/livn' 1770386336.8939 395 396 395 389 386 384 383 380 5
1770386336.8962 0 'robobot/drive/T0/vel' 1770386336.8961 96.3800 0.000 0.000 0.0000 0.000 4
1770386336.8963 0 'robobot/drive/T0/pose' 1770386336.8962 96.3810 0.709 0.191 1.6075 -3.1106
1770386336.8971 0 'robobot/drive/T0/mvel' 1770386336.8971 0.000 0.000
1770386336.8974 0 'robobot/drive/T0/liv' 1770386336.8973 296 343 367 302 348 370 345 261 25
1770386336.9017 0 'robobot/drive/T0/pose' 1770386336.9016 96.3860 0.709 0.191 1.6075 -3.1106
1770386336.9039 0 'robobot/drive/T0/vel' 1770386336.9038 96.3880 0.000 0.000 0.0000 0.000 4
1770386336.9040 0 'robobot/drive/T0/livn' 1770386336.9039 397 386 389 381 387 389 396 386 5
1770386336.9040 0 'robobot/drive/T0/gyro' 1770386336.9040 0.069275 0.015259 -0.350891 96.388
1770386336.9041 0 'robobot/drive/T0/acc' 1770386336.9040 0.029053 -0.012207 0.989990 96.388
1770386336.9045 0 'robobot/drive/T0/mvel' 1770386336.9045 0.000 0.000
1770386336.9063 0 'robobot/drive/T0/pose' 1770386336.9062 96.3910 0.709 0.191 1.6075 -3.1106
1770386336.9095 0 'robobot/drive/T0/ird' 1770386336.9095 0.883 1.500 3475 2235 1
1770386336.9117 0 'robobot/drive/T0/pose' 1770386336.9117 96.3960 0.709 0.191 1.6075 -3.1106
1770386336.9118 0 'robobot/drive/T0/vel' 1770386336.9117 96.3960 0.000 0.000 0.0000 0.000 4
1770386336.9119 0 'robobot/drive/T0/mvel' 1770386336.9119 0.000 0.000
1770386336.9140 0 'robobot/drive/T0/livn' 1770386336.9139 407 387 389 397 398 387 385 382 5
1770386336.9162 0 'robobot/drive/T0/gyro' 1770386336.9161 -0.205383 0.137329 -0.045715 96.400
1770386336.9162 0 'robobot/drive/T0/acc' 1770386336.9162 0.028320 -0.013184 0.986328 96.400
1770386336.9163 0 'robobot/drive/T0/pose' 1770386336.9163 96.4010 0.709 0.191 1.6075 -3.1106
1770386336.9196 0 'robobot/drive/T0/vel' 1770386336.9195 96.4040 0.000 0.000 0.0000 0.000 4
1770386336.9203 0 'robobot/drive/T0/mvel' 1770386336.9203 0.000 0.000
1770386336.9217 0 'robobot/drive/T0/pose' 1770386336.9217 96.4060 0.709 0.191 1.6075 -3.1106
1770386336.9228 0 'robobot/drive/T0/mot' 1770386336.9228 0 0 0.1 0.1 0
1770386336.9229 0 'robobot/drive/T0/mca' 1770386336.9228 0.000 0.000 16
1770386336.9240 0 'robobot/drive/T0/livn' 1770386336.9239 386 391 387 399 392 384 381 376 5
1770386336.9262 0 'robobot/drive/T0/pose' 1770386336.9261 96.4110 0.709 0.191 1.6075 -3.1106
1770386336.9273 0 'robobot/drive/T0/vel' 1770386336.9273 96.4120 0.000 0.000 0.0000 0.000 4
1770386336.9277 0 'robobot/drive/T0/mvel' 1770386336.9277 0.000 0.000
1770386336.9285 0 'robobot/drive/T0/gyro' 1770386336.9284 -0.083313 0.198364 -0.259338 96.412
1770386336.9285 0 'robobot/drive/T0/acc' 1770386336.9285 0.032227 -0.010742 0.987793 96.412
1770386336.9321 0 'robobot/drive/T0/pose' 1770386336.9320 96.4160 0.709 0.191 1.6075 -3.1105
1770386336.9343 0 'robobot/drive/T0/livn' 1770386336.9342 389 384 388 396 393 380 374 372 5
1770386336.9354 0 'robobot/drive/T0/ird' 1770386336.9353 0.895 1.500 3449 2105 1
1770386336.9355 0 'robobot/drive/T0/vel' 1770386336.9354 96.4200 0.000 0.000 0.0000 0.000 4
1770386336.9362 0 'robobot/drive/T0/mvel' 1770386336.9361 0.000 0.000
1770386336.9367 0 'robobot/drive/T0/pose' 1770386336.9366 96.4210 0.709 0.191 1.6075 -3.1105
1770386336.9399 0 'robobot/drive/T0/gyro' 1770386336.9399 0.008240 0.167847 -0.167786 96.424
1770386336.9400 0 'robobot/drive/T0/acc' 1770386336.9399 0.031982 -0.012207 0.981934 96.424
1770386336.9423 0 'robobot/drive/T0/pose' 1770386336.9422 96.4260 0.709 0.191 1.6075 -3.1105
1770386336.9434 0 'robobot/drive/T0/vel' 1770386336.9433 96.4280 0.000 0.000 0.0000 0.000 4
1770386336.9436 0 'robobot/drive/T0/mvel' 1770386336.9435 0.000 0.000
1770386336.9445 0 'robobot/drive/T0/livn' 1770386336.9444 394 389 386 397 400 391 386 375 5
1770386336.9467 0 'robobot/drive/T0/pose' 1770386336.9466 96.4310 0.709 0.191 1.6075 -3.1106
1770386336.9479 0 'robobot/drive/T0/liv' 1770386336.9478 300 347 368 305 353 372 344 257 25
1770386336.9523 0 'robobot/drive/T0/pose' 1770386336.9522 96.4360 0.709 0.191 1.6075 -3.1106
1770386336.9523 0 'robobot/drive/T0/vel' 1770386336.9523 96.4360 0.000 0.000 0.0000 0.000 4
1770386336.9524 0 'robobot/drive/T0/gyro' 1770386336.9524 0.008240 0.045776 0.259460 96.436
1770386336.9525 0 'robobot/drive/T0/acc' 1770386336.9524 0.026611 -0.009033 0.987305 96.436
1770386336.9530 0 'robobot/drive/T0/mvel' 1770386336.9530 0.000 0.000
1770386336.9536 0 'robobot/drive/T0/livn' 1770386336.9536 392 387 386 396 405 387 384 379 5
1770386336.9558 0 'robobot/drive/T0/mot' 1770386336.9558 0 0 0.1 0.1 0
1770386336.9559 0 'robobot/drive/T0/mca' 1770386336.9558 0.000 0.000 17
1770386336.9570 0 'robobot/drive/T0/pose' 1770386336.9569 96.4410 0.709 0.191 1.6075 -3.1106
1770386336.9602 0 'robobot/drive/T0/vel' 1770386336.9602 96.4440 0.000 0.000 0.0000 0.000 4
1770386336.9603 0 'robobot/drive/T0/ird' 1770386336.9602 0.837 1.500 3586 2104 1
1770386336.9604 0 'robobot/drive/T0/mvel' 1770386336.9604 0.000 0.000
1770386336.9614 0 'robobot/drive/T0/pose' 1770386336.9614 96.4460 0.709 0.191 1.6075 -3.1106
1770386336.9636 0 'robobot/drive/T0/livn' 1770386336.9635 390 387 387 400 403 388 383 380 5
1770386336.9637 0 'robobot/drive/T0/gyro' 1770386336.9636 -0.083313 0.259399 -0.198303 96.448
1770386336.9637 0 'robobot/drive/T0/acc' 1770386336.9637 0.031006 -0.008545 0.982910 96.448
1770386336.9670 0 'robobot/drive/T0/pose' 1770386336.9669 96.4510 0.709 0.191 1.6075 -3.1105
1770386336.9681 0 'robobot/drive/T0/vel' 1770386336.9680 96.4520 0.000 0.000 0.0000 0.000 4
1770386336.9689 0 'robobot/drive/T0/mvel' 1770386336.9689 0.000 0.000
1770386336.9713 0 'robobot/drive/T0/pose' 1770386336.9713 96.4560 0.709 0.191 1.6075 -3.1105
1770386336.9746 0 'robobot/drive/T0/livn' 1770386336.9745 399 397 391 393 392 383 382 385 5
1770386336.9757 0 'robobot/drive/T0/vel' 1770386336.9756 96.4600 0.000 0.000 0.0000 0.000 4
1770386336.9758 0 'robobot/drive/T0/gyro' 1770386336.9757 -0.052795 0.320435 0.106873 96.460
1770386336.9758 0 'robobot/drive/T0/acc' 1770386336.9758 0.029053 -0.010742 0.989502 96.460
1770386336.9763 0 'robobot/drive/T0/mvel' 1770386336.9762 0.000 0.000
1770386336.9770 0 'robobot/drive/T0/pose' 1770386336.9769 96.4610 0.709 0.191 1.6075 -3.1105
1770386336.9813 0 'robobot/drive/T0/pose' 1770386336.9812 96.4660 0.709 0.191 1.6075 -3.1105
1770386336.9834 0 'robobot/drive/T0/vel' 1770386336.9834 96.4680 0.000 0.000 0.0000 0.000 4
1770386336.9836 0 'robobot/drive/T0/mvel' 1770386336.9836 0.000 0.000
1770386336.9845 0 'robobot/drive/T0/livn' 1770386336.9845 396 397 393 398 396 381 376 371 5
1770386336.9846 0 'robobot/drive/T0/ird' 1770386336.9846 0.801 1.500 3678 1940 1
1770386336.9868 0 'robobot/drive/T0/pose' 1770386336.9867 96.4710 0.709 0.191 1.6075 -3.1105
1770386336.9879 0 'robobot/drive/T0/gyro' 1770386336.9879 -0.266418 -0.198364 -0.198303 96.472
1770386336.9880 0 'robobot/drive/T0/acc' 1770386336.9879 0.029785 -0.013428 0.977295 96.472
1770386336.9880 0 'robobot/drive/T0/mot' 1770386336.9880 0 0 0.1 0.1 0
1770386336.9881 0 'robobot/drive/T0/mca' 1770386336.9880 -0.000 0.000 16
1770386336.9913 0 'robobot/drive/T0/vel' 1770386336.9912 96.4760 0.000 0.000 0.0000 0.000 4
1770386336.9921 0 'robobot/drive/T0/mvel' 1770386336.9921 0.000 0.000
1770386336.9925 0 'robobot/drive/T0/pose' 1770386336.9924 96.4760 0.709 0.191 1.6075 -3.1105
1770386336.9936 0 'robobot/drive/T0/livn' 1770386336.9935 390 381 390 392 397 388 388 375 5
1770386336.9968 0 'robobot/drive/T0/pose' 1770386336.9968 96.4810 0.709 0.191 1.6075 -3.1105
1770386336.9980 0 'robobot/drive/T0/liv' 1770386336.9979 299 348 369 305 353 371 343 258 25
1770386337.0002 0 'robobot/drive/T0/vel' 1770386337.0001 96.4840 0.000 0.000 0.0000 0.000 4
1770386337.0003 0 'robobot/drive/T0/gyro' 1770386337.0002 -0.113831 0.076294 -0.198303 96.484
1770386337.0003 0 'robobot/drive/T0/acc' 1770386337.0003 0.027832 -0.010986 0.981445 96.484
1770386337.0005 0 'robobot/drive/T0/mvel' 1770386337.0005 0.000 0.000
1770386337.0025 0 'robobot/drive/T0/pose' 1770386337.0024 96.4860 0.709 0.191 1.6075 -3.1105
1770386337.0036 0 'robobot/drive/T0/livn' 1770386337.0036 387 388 386 392 395 386 380 378 5
1770386337.0069 0 'robobot/drive/T0/pose' 1770386337.0068 96.4910 0.709 0.191 1.6075 -3.1105
1770386337.0080 0 'robobot/drive/T0/vel' 1770386337.0079 96.4920 0.000 0.000 0.0000 0.000 4
1770386337.0090 0 'robobot/drive/T0/mvel' 1770386337.0089 0.000 0.000
1770386337.0102 0 'robobot/drive/T0/ird' 1770386337.0101 0.780 1.500 3737 1897 1
1770386337.0124 0 'robobot/drive/T0/gyro' 1770386337.0123 -0.022278 0.259399 -0.137268 96.496
1770386337.0124 0 'robobot/drive/T0/acc' 1770386337.0124 0.028076 -0.008301 0.986084 96.496
1770386337.0125 0 'robobot/drive/T0/pose' 1770386337.0124 96.4960 0.709 0.191 1.6075 -3.1105
1770386337.0136 0 'robobot/drive/T0/livn' 1770386337.0136 385 389 389 397 397 381 376 368 5
1770386337.0158 0 'robobot/drive/T0/vel' 1770386337.0158 96.5000 0.000 0.000 0.0000 0.000 4
1770386337.0163 0 'robobot/drive/T0/mvel' 1770386337.0163 0.000 0.000
1770386337.0170 0 'robobot/drive/T0/pose' 1770386337.0169 96.5010 0.709 0.191 1.6075 -3.1105
1770386337.0212 0 'robobot/drive/T0/mot' 1770386337.0212 0 0 0.1 0.1 0
1770386337.0213 0 'robobot/drive/T0/mca' 1770386337.0213 0.000 0.000 17
1770386337.0224 0 'robobot/drive/T0/pose' 1770386337.0224 96.5060 0.709 0.191 1.6075 -3.1105
1770386337.0235 0 'robobot/drive/T0/vel' 1770386337.0235 96.5080 0.000 0.000 0.0000 0.000 4
1770386337.0236 0 'robobot/drive/T0/livn' 1770386337.0235 389 381 388 404 399 381 372 376 5
1770386337.0237 0 'robobot/drive/T0/gyro' 1770386337.0236 -0.174866 0.320435 0.137390 96.508
1770386337.0237 0 'robobot/drive/T0/mvel' 1770386337.0237 0.000 0.000
1770386337.0238 0 'robobot/drive/T0/acc' 1770386337.0237 0.026855 -0.010742 0.988770 96.508
1770386337.0270 0 'robobot/drive/T0/pose' 1770386337.0269 96.5110 0.709 0.191 1.6075 -3.1105
1770386337.0323 0 'robobot/drive/T0/vel' 1770386337.0323 96.5160 0.000 0.000 0.0000 0.000 4
1770386337.0324 0 'robobot/drive/T0/pose' 1770386337.0323 96.5160 0.709 0.191 1.6075 -3.1105
1770386337.0332 0 'robobot/drive/T0/mvel' 1770386337.0332 0.000 0.000
1770386337.0335 0 'robobot/drive/T0/livn' 1770386337.0335 389 392 391 398 394 381 376 376 5
1770386337.0347 0 'robobot/drive/T0/ird' 1770386337.0346 0.832 1.500 3598 1941 1
1770386337.0358 0 'robobot/drive/T0/gyro' 1770386337.0357 -0.174866 -0.228882 -0.198303 96.520
1770386337.0359 0 'robobot/drive/T0/acc' 1770386337.0358 0.031006 -0.014160 0.982910 96.520
1770386337.0370 0 'robobot/drive/T0/pose' 1770386337.0369 96.5210 0.709 0.191 1.6075 -3.1105
1770386337.0402 0 'robobot/drive/T0/vel' 1770386337.0402 96.5240 0.000 0.000 0.0000 0.000 4
1770386337.0406 0 'robobot/drive/T0/mvel' 1770386337.0406 0.000 0.000
1770386337.0424 0 'robobot/drive/T0/pose' 1770386337.0423 96.5260 0.709 0.191 1.6075 -3.1105
1770386337.0436 0 'robobot/drive/T0/hbt' 1770386337.0435 96.5280 107 1033 11.77 4 8 8.9 0.37 0
1770386337.0436 0 'robobot/drive/T0/livn' 1770386337.0436 396 392 393 395 392 384 382 377 5
1770386337.0469 0 'robobot/drive/T0/pose' 1770386337.0468 96.5310 0.709 0.191 1.6075 -3.1105
1770386337.0480 0 'robobot/drive/T0/liv' 1770386337.0479 295 347 369 304 349 368 338 256 25
1770386337.0481 0 'robobot/drive/T0/vel' 1770386337.0480 96.5320 0.000 0.000 0.0000 0.000 4
1770386337.0481 0 'robobot/drive/T0/gyro' 1770386337.0481 0.008240 -0.045776 -0.106750 96.532
1770386337.0482 0 'robobot/drive/T0/acc' 1770386337.0481 0.032715 -0.013672 0.990723 96.532
1770386337.0490 0 'robobot/drive/T0/mvel' 1770386337.0490 0.000 0.000
1770386337.0525 0 'robobot/drive/T0/pose' 1770386337.0524 96.5360 0.709 0.191 1.6075 -3.1105
1770386337.0537 0 'robobot/drive/T0/livn' 1770386337.0536 389 390 384 388 385 388 377 377 5
1770386337.0548 0 'robobot/drive/T0/mot' 1770386337.0547 0 0 0.1 0.1 0
1770386337.0548 0 'robobot/drive/T0/mca' 1770386337.0548 0.000 0.000 16
1770386337.0560 0 'robobot/drive/T0/vel' 1770386337.0559 96.5400 0.000 0.000 0.0000 0.000 4
1770386337.0564 0 'robobot/drive/T0/mvel' 1770386337.0564 0.000 0.000
1770386337.0571 0 'robobot/drive/T0/pose' 1770386337.0570 96.5410 0.709 0.191 1.6075 -3.1105
1770386337.0603 0 'robobot/drive/T0/gyro' 1770386337.0603 -0.022278 0.137329 -0.137268 96.544
1770386337.0604 0 'robobot/drive/T0/acc' 1770386337.0603 0.028564 -0.012451 0.981934 96.544
1770386337.0605 0 'robobot/drive/T0/ird' 1770386337.0604 0.888 1.500 3464 1890 1
1770386337.0627 0 'robobot/drive/T0/pose' 1770386337.0626 96.5460 0.709 0.191 1.6075 -3.1105
1770386337.0638 0 'robobot/drive/T0/vel' 1770386337.0637 96.5480 0.000 0.000 0.0000 0.000 4
1770386337.0639 0 'robobot/drive/T0/livn' 1770386337.0638 398 395 394 398 392 385 383 382 5
1770386337.0648 0 'robobot/drive/T0/mvel' 1770386337.0648 0.000 0.000
1770386337.0671 0 'robobot/drive/T0/pose' 1770386337.0670 96.5510 0.709 0.191 1.6075 -3.1105
1770386337.0713 0 'robobot/drive/T0/vel' 1770386337.0713 96.5560 0.000 0.000 0.0000 0.000 4
1770386337.0722 0 'robobot/drive/T0/mvel' 1770386337.0722 0.000 0.000
1770386337.0725 0 'robobot/drive/T0/gyro' 1770386337.0724 -0.144348 0.076294 -0.198303 96.556
1770386337.0725 0 'robobot/drive/T0/acc' 1770386337.0725 0.027832 -0.013428 0.987793 96.556
1770386337.0726 0 'robobot/drive/T0/pose' 1770386337.0725 96.5560 0.709 0.191 1.6075 -3.1105
1770386337.0737 0 'robobot/drive/T0/livn' 1770386337.0737 400 395 393 402 399 390 388 382 5
1770386337.0770 0 'robobot/drive/T0/pose' 1770386337.0769 96.5610 0.709 0.191 1.6075 -3.1105
1770386337.0802 0 'robobot/drive/T0/vel' 1770386337.0801 96.5640 0.000 0.000 0.0000 0.000 4
1770386337.0806 0 'robobot/drive/T0/mvel' 1770386337.0806 0.000 0.000
1770386337.0824 0 'robobot/drive/T0/pose' 1770386337.0823 96.5660 0.709 0.191 1.6075 -3.1105
1770386337.0846 0 'robobot/drive/T0/livn' 1770386337.0845 400 393 387 395 393 385 386 380 5
1770386337.0847 0 'robobot/drive/T0/gyro' 1770386337.0846 -0.083313 0.228882 0.045837 96.568
1770386337.0847 0 'robobot/drive/T0/acc' 1770386337.0847 0.027588 -0.014160 0.983643 96.568
1770386337.0848 0 'robobot/drive/T0/ird' 1770386337.0847 0.874 1.500 3496 1977 1
1770386337.0870 0 'robobot/drive/T0/pose' 1770386337.0869 96.5710 0.709 0.191 1.6075 -3.1105
1770386337.0870 0 'robobot/drive/T0/mot' 1770386337.0870 0 0 0.1 0.1 0
1770386337.0871 0 'robobot/drive/T0/mca' 1770386337.0870 0.000 0.000 17
1770386337.0882 0 'robobot/drive/T0/vel' 1770386337.0881 96.5720 0.000 0.000 0.0000 0.000 4
1770386337.0891 0 'robobot/drive/T0/mvel' 1770386337.0890 0.000 0.000
1770386337.0925 0 'robobot/drive/T0/pose' 1770386337.0924 96.5760 0.709 0.191 1.6075 -3.1105
1770386337.0936 0 'robobot/drive/T0/livn' 1770386337.0935 394 389 377 394 402 384 382 382 5
1770386337.0958 0 'robobot/drive/T0/vel' 1770386337.0957 96.5800 0.000 0.000 0.0000 0.000 4
1770386337.0959 0 'robobot/drive/T0/gyro' 1770386337.0958 -0.113831 0.045776 -0.167786 96.580
1770386337.0959 0 'robobot/drive/T0/acc' 1770386337.0959 0.029541 -0.010254 0.980225 96.580
1770386337.0964 0 'robobot/drive/T0/mvel' 1770386337.0964 0.000 0.000
1770386337.0971 0 'robobot/drive/T0/pose' 1770386337.0970 96.5810 0.709 0.191 1.6075 -3.1105
1770386337.0971 0 'robobot/drive/T0/liv' 1770386337.0971 302 351 368 306 352 372 344 259 25
1770386337.1025 0 'robobot/drive/T0/pose' 1770386337.1024 96.5860 0.709 0.191 1.6075 -3.1105
1770386337.1036 0 'robobot/drive/T0/vel' 1770386337.1036 96.5880 0.000 0.000 0.0000 0.000 4
1770386337.1037 0 'robobot/drive/T0/livn' 1770386337.1036 407 384 384 385 392 383 375 373 5
1770386337.1038 0 'robobot/drive/T0/mvel' 1770386337.1037 0.000 0.000
1770386337.1069 0 'robobot/drive/T0/pose' 1770386337.1069 96.5910 0.709 0.191 1.6075 -3.1105
1770386337.1081 0 'robobot/drive/T0/gyro' 1770386337.1080 0.008240 0.045776 -0.228821 96.592
1770386337.1082 0 'robobot/drive/T0/acc' 1770386337.1081 0.025391 -0.011963 0.979980 96.592
1770386337.1104 0 'robobot/drive/T0/ird' 1770386337.1103 0.873 1.500 3498 1882 1
1770386337.1115 0 'robobot/drive/T0/vel' 1770386337.1114 96.5960 0.000 0.000 0.0000 0.000 4
1770386337.1122 0 'robobot/drive/T0/mvel' 1770386337.1122 0.000 0.000
1770386337.1127 0 'robobot/drive/T0/pose' 1770386337.1126 96.5960 0.709 0.191 1.6075 -3.1105
1770386337.1138 0 'robobot/drive/T0/livn' 1770386337.1137 404 384 384 394 396 392 385 376 5
1770386337.1170 0 'robobot/drive/T0/pose' 1770386337.1170 96.6010 0.709 0.191 1.6075 -3.1105
1770386337.1203 0 'robobot/drive/T0/vel' 1770386337.1202 96.6040 0.000 0.000 0.0000 0.000 4
1770386337.1203 0 'robobot/drive/T0/gyro' 1770386337.1203 0.160828 -0.289917 -0.015198 96.604
1770386337.1204 0 'robobot/drive/T0/acc' 1770386337.1203 0.028809 -0.010498 0.983154 96.604
1770386337.1205 0 'robobot/drive/T0/mot' 1770386337.1204 0 0 0.1 0.1 0
1770386337.1205 0 'robobot/drive/T0/mca' 1770386337.1205 -0.000 0.000 16
1770386337.1206 0 'robobot/drive/T0/mvel' 1770386337.1206 0.000 0.000
1770386337.1227 0 'robobot/drive/T0/pose' 1770386337.1226 96.6060 0.709 0.191 1.6075 -3.1105
1770386337.1238 0 'robobot/drive/T0/livn' 1770386337.1237 397 384 389 394 395 391 387 374 5
1770386337.1271 0 'robobot/drive/T0/pose' 1770386337.1270 96.6110 0.709 0.191 1.6075 -3.1105
1770386337.1282 0 'robobot/drive/T0/vel' 1770386337.1281 96.6120 0.000 0.000 0.0000 0.000 4
1770386337.1291 0 'robobot/drive/T0/mvel' 1770386337.1291 0.000 0.000
1770386337.1317 0 'robobot/drive/T0/gyro' 1770386337.1316 -0.144348 -0.228882 0.015320 96.616
1770386337.1318 0 'robobot/drive/T0/acc' 1770386337.1317 0.027832 -0.009277 0.986084 96.616
1770386337.1319 0 'robobot/drive/T0/pose' 1770386337.1318 96.6160 0.709 0.191 1.6075 -3.1105
1770386337.1341 0 'robobot/drive/T0/livn' 1770386337.1340 400 380 377 385 397 386 388 380 5
1770386337.1354 0 'robobot/drive/T0/ird' 1770386337.1353 0.892 1.500 3456 1914 1
1770386337.1355 0 'robobot/drive/T0/vel' 1770386337.1354 96.6200 0.000 0.000 0.0000 0.000 4
1770386337.1365 0 'robobot/drive/T0/mvel' 1770386337.1364 0.000 0.000
1770386337.1377 0 'robobot/drive/T0/pose' 1770386337.1376 96.6210 0.709 0.191 1.6075 -3.1105
1770386337.1420 0 'robobot/drive/T0/pose' 1770386337.1419 96.6260 0.709 0.191 1.6075 -3.1105
1770386337.1442 0 'robobot/drive/T0/vel' 1770386337.1442 96.6280 0.000 0.000 0.0000 0.000 4
1770386337.1443 0 'robobot/drive/T0/livn' 1770386337.1442 388 384 393 392 390 383 378 377 5
1770386337.1444 0 'robobot/drive/T0/gyro' 1770386337.1443 -0.510559 0.106812 0.167908 96.628
1770386337.1445 0 'robobot/drive/T0/acc' 1770386337.1444 0.028809 -0.011719 0.982422 96.628
1770386337.1449 0 'robobot/drive/T0/mvel' 1770386337.1449 0.000 0.000
1770386337.1467 0 'robobot/drive/T0/pose' 1770386337.1466 96.6310 0.709 0.191 1.6075 -3.1105
1770386337.1478 0 'robobot/drive/T0/liv' 1770386337.1477 300 341 367 301 351 373 344 257 25
1770386337.1521 0 'robobot/drive/T0/vel' 1770386337.1520 96.6360 0.000 0.000 0.0000 0.000 4
1770386337.1522 0 'robobot/drive/T0/pose' 1770386337.1521 96.6360 0.709 0.191 1.6075 -3.1105
1770386337.1523 0 'robobot/drive/T0/mvel' 1770386337.1523 0.000 0.000
1770386337.1533 0 'robobot/drive/T0/mot' 1770386337.1532 0 0 0.1 0.1 0
1770386337.1533 0 'robobot/drive/T0/mca' 1770386337.1533 0.000 0.000 17
1770386337.1545 0 'robobot/drive/T0/livn' 1770386337.1544 387 385 394 394 397 388 383 383 5
1770386337.1556 0 'robobot/drive/T0/gyro' 1770386337.1555 -0.052795 -0.045776 -0.198303 96.640
1770386337.1557 0 'robobot/drive/T0/acc' 1770386337.1556 0.031738 -0.010498 0.982910 96.640
1770386337.1568 0 'robobot/drive/T0/pose' 1770386337.1567 96.6410 0.709 0.191 1.6075 -3.1105
1770386337.1600 0 'robobot/drive/T0/vel' 1770386337.1600 96.6440 0.000 0.000 0.0000 0.000 4
1770386337.1601 0 'robobot/drive/T0/ird' 1770386337.1600 0.869 1.500 3507 1907 1
1770386337.1608 0 'robobot/drive/T0/mvel' 1770386337.1607 0.000 0.000
1770386337.1623 0 'robobot/drive/T0/pose' 1770386337.1622 96.6460 0.709 0.191 1.6075 -3.1105
1770386337.1645 0 'robobot/drive/T0/livn' 1770386337.1645 388 392 389 393 390 393 386 370 5
1770386337.1667 0 'robobot/drive/T0/pose' 1770386337.1666 96.6510 0.709 0.191 1.6075 -3.1105
1770386337.1678 0 'robobot/drive/T0/vel' 1770386337.1678 96.6520 0.000 0.000 0.0000 0.000 4
1770386337.1679 0 'robobot/drive/T0/gyro' 1770386337.1678 0.069275 0.198364 -0.076233 96.652
1770386337.1680 0 'robobot/drive/T0/acc' 1770386337.1679 0.033203 -0.013916 0.983398 96.652
1770386337.1681 0 'robobot/drive/T0/mvel' 1770386337.1681 0.000 0.000
1770386337.1723 0 'robobot/drive/T0/pose' 1770386337.1722 96.6560 0.709 0.191 1.6075 -3.1105
1770386337.1744 0 'robobot/drive/T0/livn' 1770386337.1743 382 376 382 397 395 385 386 377 5
1770386337.1755 0 'robobot/drive/T0/vel' 1770386337.1755 96.6600 0.000 0.000 0.0000 0.000 4
1770386337.1766 0 'robobot/drive/T0/mvel' 1770386337.1766 0.000 0.000
1770386337.1767 0 'robobot/drive/T0/pose' 1770386337.1766 96.6610 0.709 0.191 1.6075 -3.1105
1770386337.1799 0 'robobot/drive/T0/gyro' 1770386337.1798 -0.083313 0.320435 -0.411926 96.664
1770386337.1800 0 'robobot/drive/T0/acc' 1770386337.1799 0.024170 -0.013184 0.986572 96.664
1770386337.1822 0 'robobot/drive/T0/pose' 1770386337.1821 96.6660 0.709 0.191 1.6075 -3.1105
1770386337.1833 0 'robobot/drive/T0/vel' 1770386337.1832 96.6680 0.000 0.000 0.0000 0.000 4
1770386337.1840 0 'robobot/drive/T0/mvel' 1770386337.1839 0.000 0.000
1770386337.1844 0 'robobot/drive/T0/livn' 1770386337.1843 399 396 385 393 401 390 375 367 5
1770386337.1855 0 'robobot/drive/T0/ird' 1770386337.1855 0.859 1.500 3531 1881 1
1770386337.1866 0 'robobot/drive/T0/mot' 1770386337.1866 0 0 0.1 0.1 0
1770386337.1867 0 'robobot/drive/T0/mca' 1770386337.1866 0.000 0.000 16
1770386337.1868 0 'robobot/drive/T0/pose' 1770386337.1867 96.6710 0.709 0.191 1.6075 -3.1105
1770386337.1921 0 'robobot/drive/T0/vel' 1770386337.1920 96.6760 0.000 0.000 0.0000 0.000 4
1770386337.1922 0 'robobot/drive/T0/gyro' 1770386337.1921 -0.022278 -0.045776 0.106873 96.676
1770386337.1923 0 'robobot/drive/T0/acc' 1770386337.1922 0.030762 -0.010986 0.981201 96.676
1770386337.1923 0 'robobot/drive/T0/pose' 1770386337.1923 96.6760 0.709 0.191 1.6075 -3.1105
1770386337.1924 0 'robobot/drive/T0/mvel' 1770386337.1923 0.000 0.000
1770386337.1945 0 'robobot/drive/T0/livn' 1770386337.1945 392 391 384 382 396 390 383 375 5
1770386337.1967 0 'robobot/drive/T0/pose' 1770386337.1966 96.6810 0.709 0.191 1.6075 -3.1105
1770386337.1978 0 'robobot/drive/T0/liv' 1770386337.1978 298 348 366 302 351 375 342 253 25
1770386337.2000 0 'robobot/drive/T0/vel' 1770386337.2000 96.6840 0.000 0.000 0.0000 0.000 4
1770386337.2008 0 'robobot/drive/T0/mvel' 1770386337.2008 0.000 0.000
1770386337.2022 0 'robobot/drive/T0/pose' 1770386337.2021 96.6860 0.709 0.191 1.6075 -3.1105
1770386337.2044 0 'robobot/drive/T0/livn' 1770386337.2043 395 390 391 391 395 384 378 369 5
1770386337.2045 0 'robobot/drive/T0/gyro' 1770386337.2044 0.008240 -0.015259 -0.076233 96.688
1770386337.2045 0 'robobot/drive/T0/acc' 1770386337.2045 0.040039 -0.004883 0.976562 96.688
1770386337.2067 0 'robobot/drive/T0/pose' 1770386337.2066 96.6910 0.709 0.191 1.6075 -3.1105
1770386337.2079 0 'robobot/drive/T0/vel' 1770386337.2078 96.6920 0.000 0.000 0.0000 0.000 4
1770386337.2082 0 'robobot/drive/T0/mvel' 1770386337.2082 0.000 0.000
1770386337.2100 0 'robobot/drive/T0/ird' 1770386337.2100 0.829 1.500 3604 2057 1
1770386337.2122 0 'robobot/drive/T0/pose' 1770386337.2122 96.6960 0.709 0.191 1.6075 -3.1105
1770386337.2144 0 'robobot/drive/T0/livn' 1770386337.2143 376 383 391 396 397 385 381 387 5
1770386337.2155 0 'robobot/drive/T0/vel' 1770386337.2155 96.7000 0.000 0.000 0.0000 0.000 4
1770386337.2156 0 'robobot/drive/T0/mvel' 1770386337.2155 0.000 0.000
1770386337.2156 0 'robobot/drive/T0/gyro' 1770386337.2156 -0.205383 -0.076294 -0.259338 96.700
1770386337.2157 0 'robobot/drive/T0/acc' 1770386337.2156 0.030273 -0.012939 0.984131 96.700
1770386337.2168 0 'robobot/drive/T0/pose' 1770386337.2168 96.7010 0.709 0.191 1.6075 -3.1105
1770386337.2190 0 'robobot/drive/T0/mot' 1770386337.2189 0 0 0.1 0.1 0
1770386337.2190 0 'robobot/drive/T0/mca' 1770386337.2190 0.000 0.000 17
1770386337.2223 0 'robobot/drive/T0/pose' 1770386337.2222 96.7060 0.709 0.191 1.6075 -3.1105
1770386337.2234 0 'robobot/drive/T0/vel' 1770386337.2234 96.7080 0.000 0.000 0.0000 0.000 4
1770386337.2240 0 'robobot/drive/T0/mvel' 1770386337.2240 0.000 0.000
1770386337.2246 0 'robobot/drive/T0/livn' 1770386337.2245 375 387 390 391 389 378 377 390 5
1770386337.2267 0 'robobot/drive/T0/pose' 1770386337.2267 96.7110 0.709 0.191 1.6075 -3.1105
1770386337.2278 0 'robobot/drive/T0/gyro' 1770386337.2277 -0.083313 0.045776 -0.137268 96.712
1770386337.2279 0 'robobot/drive/T0/acc' 1770386337.2278 0.030762 -0.009277 0.986572 96.712
1770386337.2322 0 'robobot/drive/T0/vel' 1770386337.2321 96.7160 0.000 0.000 0.0000 0.000 4
1770386337.2323 0 'robobot/drive/T0/pose' 1770386337.2322 96.7160 0.709 0.191 1.6075 -3.1105
1770386337.2324 0 'robobot/drive/T0/mvel' 1770386337.2324 0.000 0.000
1770386337.2345 0 'robobot/drive/T0/livn' 1770386337.2344 389 383 392 404 401 380 374 385 5
1770386337.2356 0 'robobot/drive/T0/ird' 1770386337.2355 0.814 1.500 3645 2054 1
1770386337.2367 0 'robobot/drive/T0/pose' 1770386337.2366 96.7210 0.709 0.191 1.6075 -3.1105
1770386337.2399 0 'robobot/drive/T0/vel' 1770386337.2399 96.7240 0.000 0.000 0.0000 0.000 4
1770386337.2400 0 'robobot/drive/T0/gyro' 1770386337.2399 -0.296936 0.045776 -0.015198 96.724
1770386337.2401 0 'robobot/drive/T0/acc' 1770386337.2400 0.030029 -0.012207 0.984375 96.724
1770386337.2409 0 'robobot/drive/T0/mvel' 1770386337.2408 0.000 0.000
1770386337.2423 0 'robobot/drive/T0/pose' 1770386337.2422 96.7260 0.709 0.191 1.6075 -3.1105
1770386337.2445 0 'robobot/drive/T0/livn' 1770386337.2444 405 392 390 402 403 384 374 374 5
1770386337.2466 0 'robobot/drive/T0/pose' 1770386337.2466 96.7310 0.709 0.191 1.6075 -3.1105
1770386337.2478 0 'robobot/drive/T0/liv' 1770386337.2477 294 346 372 305 353 367 340 263 25
1770386337.2478 0 'robobot/drive/T0/vel' 1770386337.2478 96.7320 0.000 0.000 0.0000 0.000 4
1770386337.2482 0 'robobot/drive/T0/mvel' 1770386337.2482 0.000 0.000
1770386337.2521 0 'robobot/drive/T0/gyro' 1770386337.2521 0.008240 0.015259 0.106873 96.736
1770386337.2522 0 'robobot/drive/T0/acc' 1770386337.2521 0.025879 -0.012451 0.986816 96.736
1770386337.2523 0 'robobot/drive/T0/pose' 1770386337.2522 96.7360 0.709 0.191 1.6075 -3.1105
1770386337.2523 0 'robobot/drive/T0/mot' 1770386337.2523 0 0 0.1 0.1 0
1770386337.2524 0 'robobot/drive/T0/mca' 1770386337.2523 0.000 0.000 16
1770386337.2545 0 'robobot/drive/T0/livn' 1770386337.2545 390 394 393 394 397 378 387 392 5
1770386337.2557 0 'robobot/drive/T0/vel' 1770386337.2556 96.7400 0.000 0.000 0.0000 0.000 4
1770386337.2566 0 'robobot/drive/T0/mvel' 1770386337.2566 0.000 0.000
1770386337.2568 0 'robobot/drive/T0/pose' 1770386337.2567 96.7410 0.709 0.191 1.6075 -3.1105
1770386337.2600 0 'robobot/drive/T0/ird' 1770386337.2599 0.858 1.500 3533 2131 1
1770386337.2622 0 'robobot/drive/T0/pose' 1770386337.2621 96.7460 0.709 0.191 1.6075 -3.1105
1770386337.2633 0 'robobot/drive/T0/vel' 1770386337.2633 96.7480 0.000 0.000 0.0000 0.000 4
1770386337.2640 0 'robobot/drive/T0/mvel' 1770386337.2640 0.000 0.000
1770386337.2645 0 'robobot/drive/T0/livn' 1770386337.2644 389 389 387 386 388 393 386 383 5
1770386337.2645 0 'robobot/drive/T0/gyro' 1770386337.2645 -0.205383 0.137329 0.045837 96.748
1770386337.2646 0 'robobot/drive/T0/acc' 1770386337.2645 0.031982 -0.009277 0.982422 96.748
1770386337.2668 0 'robobot/drive/T0/pose' 1770386337.2667 96.7510 0.709 0.191 1.6075 -3.1105
1770386337.2721 0 'robobot/drive/T0/vel' 1770386337.2720 96.7560 0.000 0.000 0.0000 0.000 4
1770386337.2722 0 'robobot/drive/T0/pose' 1770386337.2721 96.7560 0.709 0.191 1.6075 -3.1105
1770386337.2725 0 'robobot/drive/T0/mvel' 1770386337.2725 0.000 0.000
1770386337.2744 0 'robobot/drive/T0/livn' 1770386337.2743 393 400 395 386 389 391 390 382 5
1770386337.2765 0 'robobot/drive/T0/gyro' 1770386337.2765 0.099792 0.106812 -0.259338 96.760
1770386337.2766 0 'robobot/drive/T0/acc' 1770386337.2766 0.031250 -0.013184 0.986084 96.760
1770386337.2767 0 'robobot/drive/T0/pose' 1770386337.2766 96.7610 0.709 0.191 1.6075 -3.1105
1770386337.2800 0 'robobot/drive/T0/vel' 1770386337.2799 96.7640 0.000 0.000 0.0000 0.000 4
1770386337.2809 0 'robobot/drive/T0/mvel' 1770386337.2809 0.000 0.000
1770386337.2821 0 'robobot/drive/T0/pose' 1770386337.2821 96.7660 0.709 0.191 1.6075 -3.1105
1770386337.2843 0 'robobot/drive/T0/livn' 1770386337.2843 399 391 390 393 390 379 373 375 5
1770386337.2854 0 'robobot/drive/T0/ird' 1770386337.2854 0.860 1.500 3528 2077 1
1770386337.2855 0 'robobot/drive/T0/mot' 1770386337.2854 0 0 0.1 0.1 0
1770386337.2855 0 'robobot/drive/T0/mca' 1770386337.2855 0.000 0.000 17
1770386337.2867 0 'robobot/drive/T0/pose' 1770386337.2866 96.7710 0.709 0.191 1.6075 -3.1105
1770386337.2878 0 'robobot/drive/T0/vel' 1770386337.2877 96.7720 0.000 0.000 0.0000 0.000 4
1770386337.2878 0 'robobot/drive/T0/gyro' 1770386337.2878 0.191345 -0.106812 -0.350891 96.772
1770386337.2879 0 'robobot/drive/T0/acc' 1770386337.2879 0.030273 -0.008789 0.981689 96.772
1770386337.2883 0 'robobot/drive/T0/mvel' 1770386337.2882 0.000 0.000
1770386337.2922 0 'robobot/drive/T0/pose' 1770386337.2921 96.7760 0.709 0.191 1.6075 -3.1105
1770386337.2944 0 'robobot/drive/T0/livn' 1770386337.2943 391 393 388 399 396 385 390 383 5
1770386337.2955 0 'robobot/drive/T0/vel' 1770386337.2955 96.7800 0.000 0.000 0.0000 0.000 4
1770386337.2957 0 'robobot/drive/T0/mvel' 1770386337.2956 0.000 0.000
1770386337.2967 0 'robobot/drive/T0/pose' 1770386337.2966 96.7810 0.709 0.191 1.6075 -3.1105
1770386337.2978 0 'robobot/drive/T0/liv' 1770386337.2977 297 350 369 301 348 373 345 259 25
1770386337.3000 0 'robobot/drive/T0/gyro' 1770386337.2999 0.130310 0.045776 0.228943 96.784
1770386337.3001 0 'robobot/drive/T0/acc' 1770386337.3000 0.026367 -0.014160 0.985596 96.784
1770386337.3023 0 'robobot/drive/T0/pose' 1770386337.3022 96.7860 0.709 0.191 1.6075 -3.1105
1770386337.3034 0 'robobot/drive/T0/vel' 1770386337.3033 96.7880 0.000 0.000 0.0000 0.000 4
1770386337.3041 0 'robobot/drive/T0/mvel' 1770386337.3041 0.000 0.000
1770386337.3045 0 'robobot/drive/T0/livn' 1770386337.3045 382 386 380 389 400 397 386 374 5
1770386337.3067 0 'robobot/drive/T0/pose' 1770386337.3066 96.7910 0.709 0.191 1.6075 -3.1105
1770386337.3100 0 'robobot/drive/T0/ird' 1770386337.3099 0.890 1.500 3459 1998 1
1770386337.3122 0 'robobot/drive/T0/vel' 1770386337.3121 96.7960 0.000 0.000 0.0000 0.000 4
1770386337.3123 0 'robobot/drive/T0/gyro' 1770386337.3122 -0.144348 0.167847 0.015320 96.796
1770386337.3123 0 'robobot/drive/T0/acc' 1770386337.3123 0.031006 -0.011475 0.984863 96.796
1770386337.3124 0 'robobot/drive/T0/pose' 1770386337.3123 96.7960 0.709 0.191 1.6075 -3.1105
1770386337.3125 0 'robobot/drive/T0/mvel' 1770386337.3125 0.000 0.000
1770386337.3135 0 'robobot/drive/T0/livn' 1770386337.3135 394 378 376 392 395 391 381 370 5
1770386337.3168 0 'robobot/drive/T0/pose' 1770386337.3167 96.8010 0.709 0.191 1.6075 -3.1105
1770386337.3179 0 'robobot/drive/T0/mot' 1770386337.3178 0 0 0.1 0.1 0
1770386337.3179 0 'robobot/drive/T0/mca' 1770386337.3179 0.000 0.000 16
1770386337.3201 0 'robobot/drive/T0/vel' 1770386337.3200 96.8040 0.000 0.000 0.0000 0.000 4
1770386337.3209 0 'robobot/drive/T0/mvel' 1770386337.3209 0.000 0.000
1770386337.3223 0 'robobot/drive/T0/pose' 1770386337.3222 96.8060 0.709 0.191 1.6075 -3.1105
1770386337.3244 0 'robobot/drive/T0/livn' 1770386337.3244 404 390 386 391 394 385 380 373 5
1770386337.3245 0 'robobot/drive/T0/gyro' 1770386337.3244 0.099792 -0.167847 -0.259338 96.808
1770386337.3246 0 'robobot/drive/T0/acc' 1770386337.3245 0.026855 -0.011230 0.983154 96.808
1770386337.3268 0 'robobot/drive/T0/pose' 1770386337.3267 96.8110 0.709 0.191 1.6075 -3.1105
1770386337.3279 0 'robobot/drive/T0/vel' 1770386337.3278 96.8120 0.000 0.000 0.0000 0.000 4
1770386337.3283 0 'robobot/drive/T0/mvel' 1770386337.3283 0.000 0.000
1770386337.3327 0 'robobot/drive/T0/pose' 1770386337.3326 96.8160 0.709 0.191 1.6075 -3.1105
1770386337.3338 0 'robobot/drive/T0/livn' 1770386337.3338 399 398 393 395 404 393 386 373 5
1770386337.3351 0 'robobot/drive/T0/ird' 1770386337.3350 0.837 1.500 3585 1951 1
1770386337.3362 0 'robobot/drive/T0/vel' 1770386337.3361 96.8200 0.000 0.000 0.0000 0.000 4
1770386337.3363 0 'robobot/drive/T0/gyro' 1770386337.3362 0.008240 0.045776 -0.137268 96.820
1770386337.3364 0 'robobot/drive/T0/acc' 1770386337.3363 0.028564 -0.012451 0.981445 96.820
1770386337.3368 0 'robobot/drive/T0/mvel' 1770386337.3368 0.000 0.000
1770386337.3375 0 'robobot/drive/T0/pose' 1770386337.3374 96.8210 0.709 0.191 1.6075 -3.1105
1770386337.3419 0 'robobot/drive/T0/pose' 1770386337.3418 96.8260 0.709 0.191 1.6075 -3.1105
1770386337.3441 0 'robobot/drive/T0/vel' 1770386337.3440 96.8280 0.000 0.000 0.0000 0.000 4
1770386337.3442 0 'robobot/drive/T0/livn' 1770386337.3441 379 381 382 392 397 391 389 386 5
1770386337.3444 0 'robobot/drive/T0/mvel' 1770386337.3443 0.000 0.000
1770386337.3474 0 'robobot/drive/T0/pose' 1770386337.3473 96.8310 0.709 0.191 1.6075 -3.1105
1770386337.3475 0 'robobot/drive/T0/liv' 1770386337.3474 297 346 364 303 352 375 344 257 25
1770386337.3486 0 'robobot/drive/T0/gyro' 1770386337.3485 -0.174866 0.045776 -0.320374 96.832
1770386337.3487 0 'robobot/drive/T0/acc' 1770386337.3486 0.031250 -0.012939 0.985107 96.832
1770386337.3509 0 'robobot/drive/T0/mot' 1770386337.3508 0 0 0.1 0.1 0
1770386337.3509 0 'robobot/drive/T0/mca' 1770386337.3509 0.000 0.000 17
1770386337.3520 0 'robobot/drive/T0/vel' 1770386337.3520 96.8360 0.000 0.000 0.0000 0.000 4
1770386337.3521 0 'robobot/drive/T0/pose' 1770386337.3520 96.8360 0.709 0.191 1.6075 -3.1105
1770386337.3530 0 'robobot/drive/T0/mvel' 1770386337.3529 0.000 0.000
1770386337.3544 0 'robobot/drive/T0/livn' 1770386337.3543 382 393 387 387 382 384 388 386 5
1770386337.3576 0 'robobot/drive/T0/pose' 1770386337.3575 96.8410 0.709 0.191 1.6075 -3.1105
1770386337.3598 0 'robobot/drive/T0/vel' 1770386337.3597 96.8440 0.000 0.000 0.0000 0.000 4
1770386337.3599 0 'robobot/drive/T0/gyro' 1770386337.3598 0.099792 0.106812 -0.137268 96.844
1770386337.3599 0 'robobot/drive/T0/acc' 1770386337.3599 0.032227 -0.008301 0.983887 96.844
1770386337.3600 0 'robobot/drive/T0/ird' 1770386337.3599 0.775 1.500 3754 1864 1
1770386337.3604 0 'robobot/drive/T0/mvel' 1770386337.3604 0.000 0.000
1770386337.3622 0 'robobot/drive/T0/pose' 1770386337.3621 96.8460 0.709 0.191 1.6075 -3.1105
1770386337.3639 0 'robobot/drive/master' 1770386337.3639 2026-02-06 14:58:48.828247
1770386337.3644 0 'robobot/drive/T0/livn' 1770386337.3643 397 389 391 390 390 385 379 372 5
1770386337.3676 0 'robobot/drive/T0/pose' 1770386337.3675 96.8510 0.709 0.191 1.6075 -3.1105
1770386337.3677 0 'robobot/drive/T0/vel' 1770386337.3676 96.8520 0.000 0.000 0.0000 0.000 4
1770386337.3679 0 'robobot/drive/T0/mvel' 1770386337.3679 0.000 0.000
1770386337.3720 0 'robobot/drive/T0/gyro' 1770386337.3719 -0.022278 0.167847 -0.076233 96.856
1770386337.3721 0 'robobot/drive/T0/acc' 1770386337.3720 0.029297 -0.010498 0.983398 96.856
1770386337.3721 0 'robobot/drive/T0/pose' 1770386337.3721 96.8560 0.709 0.191 1.6075 -3.1105
1770386337.3743 0 'robobot/drive/T0/livn' 1770386337.3742 395 392 391 395 400 394 383 370 5
1770386337.3754 0 'robobot/drive/T0/vel' 1770386337.3754 96.8600 0.000 0.000 0.0000 0.000 4
1770386337.3764 0 'robobot/drive/T0/mvel' 1770386337.3764 0.000 0.000
1770386337.3776 0 'robobot/drive/T0/pose' 1770386337.3776 96.8610 0.709 0.191 1.6075 -3.1105
1770386337.3820 0 'robobot/drive/T0/pose' 1770386337.3819 96.8660 0.709 0.191 1.6075 -3.1105
1770386337.3841 0 'robobot/drive/T0/vel' 1770386337.3841 96.8680 0.000 0.000 0.0000 0.000 4
1770386337.3842 0 'robobot/drive/T0/livn' 1770386337.3841 388 382 384 401 401 385 387 383 5
1770386337.3843 0 'robobot/drive/T0/gyro' 1770386337.3842 0.130310 -0.167847 -0.076233 96.868
1770386337.3844 0 'robobot/drive/T0/acc' 1770386337.3843 0.028564 -0.013184 0.982666 96.868
1770386337.3844 0 'robobot/drive/T0/mot' 1770386337.3844 0 0 0.1 0.1 0
1770386337.3845 0 'robobot/drive/T0/mca' 1770386337.3844 0.000 0.000 17
1770386337.3848 0 'robobot/drive/T0/mvel' 1770386337.3848 0.000 0.000
1770386337.3856 0 'robobot/drive/T0/ird' 1770386337.3855 0.858 1.500 3534 1926 1
1770386337.3878 0 'robobot/drive/T0/pose' 1770386337.3877 96.8710 0.709 0.191 1.6075 -3.1105
1770386337.3920 0 'robobot/drive/T0/vel' 1770386337.3920 96.8760 0.000 0.000 0.0000 0.000 4
1770386337.3921 0 'robobot/drive/T0/pose' 1770386337.3920 96.8760 0.709 0.191 1.6075 -3.1105
1770386337.3922 0 'robobot/drive/T0/mvel' 1770386337.3922 0.000 0.000
1770386337.3943 0 'robobot/drive/T0/livn' 1770386337.3942 396 378 376 398 404 385 377 366 5
1770386337.3965 0 'robobot/drive/T0/gyro' 1770386337.3964 -0.083313 0.137329 -0.045715 96.880
1770386337.3966 0 'robobot/drive/T0/acc' 1770386337.3965 0.032471 -0.010986 0.987549 96.880
1770386337.3977 0 'robobot/drive/T0/pose' 1770386337.3976 96.8810 0.709 0.191 1.6075 -3.1105
1770386337.3978 0 'robobot/drive/T0/liv' 1770386337.3977 299 345 365 303 353 373 342 255 25
1770386337.4000 0 'robobot/drive/T0/vel' 1770386337.3999 96.8840 0.000 0.000 0.0000 0.000 4
1770386337.4007 0 'robobot/drive/T0/mvel' 1770386337.4006 0.000 0.000
1770386337.4022 0 'robobot/drive/T0/pose' 1770386337.4021 96.8860 0.709 0.191 1.6075 -3.1105
1770386337.4043 0 'robobot/drive/T0/livn' 1770386337.4043 402 391 387 393 398 382 381 379 5
1770386337.4076 0 'robobot/drive/T0/pose' 1770386337.4075 96.8910 0.709 0.191 1.6075 -3.1105
1770386337.4076 0 'robobot/drive/T0/vel' 1770386337.4076 96.8920 0.000 0.000 0.0000 0.000 4
1770386337.4077 0 'robobot/drive/T0/gyro' 1770386337.4076 0.038757 0.137329 0.106873 96.892
1770386337.4078 0 'robobot/drive/T0/acc' 1770386337.4077 0.028564 -0.010254 0.983887 96.892
1770386337.4081 0 'robobot/drive/T0/mvel' 1770386337.4080 0.000 0.000
1770386337.4099 0 'robobot/drive/T0/ird' 1770386337.4099 0.875 1.500 3493 1896 1
1770386337.4121 0 'robobot/drive/T0/pose' 1770386337.4121 96.8960 0.709 0.191 1.6075 -3.1105
1770386337.4143 0 'robobot/drive/T0/livn' 1770386337.4142 400 385 391 399 402 388 387 381 5
1770386337.4155 0 'robobot/drive/T0/vel' 1770386337.4154 96.9000 0.000 0.000 0.0000 0.000 4
1770386337.4155 0 'robobot/drive/T0/mvel' 1770386337.4155 0.000 0.000
1770386337.4176 0 'robobot/drive/T0/pose' 1770386337.4175 96.9010 0.709 0.191 1.6075 -3.1105
1770386337.4177 0 'robobot/drive/T0/mot' 1770386337.4176 0 0 0.1 0.1 0
1770386337.4177 0 'robobot/drive/T0/mca' 1770386337.4177 0.000 0.000 16
1770386337.4199 0 'robobot/drive/T0/gyro' 1770386337.4198 -0.022278 0.015259 -0.289856 96.904
1770386337.4200 0 'robobot/drive/T0/acc' 1770386337.4199 0.022217 -0.012207 0.985107 96.904
1770386337.4221 0 'robobot/drive/T0/pose' 1770386337.4221 96.9060 0.709 0.191 1.6075 -3.1105
1770386337.4243 0 'robobot/drive/T0/vel' 1770386337.4243 96.9080 0.000 0.000 0.0000 0.000 4
1770386337.4244 0 'robobot/drive/T0/livn' 1770386337.4243 387 382 391 395 391 384 384 378 5
1770386337.4249 0 'robobot/drive/T0/mvel' 1770386337.4249 0.000 0.000
1770386337.4276 0 'robobot/drive/T0/pose' 1770386337.4276 96.9110 0.709 0.191 1.6075 -3.1105
1770386337.4319 0 'robobot/drive/T0/vel' 1770386337.4319 96.9160 0.000 0.000 0.0000 0.000 4
1770386337.4320 0 'robobot/drive/T0/gyro' 1770386337.4319 -0.266418 -0.076294 -0.106750 96.916
1770386337.4321 0 'robobot/drive/T0/acc' 1770386337.4320 0.031250 -0.013672 0.986816 96.916
1770386337.4321 0 'robobot/drive/T0/pose' 1770386337.4321 96.9160 0.709 0.191 1.6075 -3.1105
1770386337.4323 0 'robobot/drive/T0/mvel' 1770386337.4323 0.000 0.000
1770386337.4343 0 'robobot/drive/T0/livn' 1770386337.4342 383 382 402 397 385 374 378 390 5
1770386337.4354 0 'robobot/drive/T0/ird' 1770386337.4354 0.881 1.500 3480 1957 1
1770386337.4376 0 'robobot/drive/T0/pose' 1770386337.4375 96.9210 0.709 0.191 1.6075 -3.1105
1770386337.4398 0 'robobot/drive/T0/vel' 1770386337.4397 96.9240 0.000 0.000 0.0000 0.000 4
1770386337.4408 0 'robobot/drive/T0/mvel' 1770386337.4408 0.000 0.000
1770386337.4419 0 'robobot/drive/T0/pose' 1770386337.4419 96.9260 0.709 0.191 1.6075 -3.1105
1770386337.4441 0 'robobot/drive/T0/livn' 1770386337.4441 387 382 387 392 393 383 382 384 5
1770386337.4442 0 'robobot/drive/T0/gyro' 1770386337.4441 -0.266418 0.198364 -0.198303 96.928
1770386337.4443 0 'robobot/drive/T0/acc' 1770386337.4442 0.030273 -0.015137 0.980469 96.928
1770386337.4475 0 'robobot/drive/T0/pose' 1770386337.4475 96.9310 0.709 0.191 1.6075 -3.1105
1770386337.4476 0 'robobot/drive/T0/liv' 1770386337.4475 297 343 373 305 351 369 342 261 25
1770386337.4477 0 'robobot/drive/T0/vel' 1770386337.4476 96.9320 0.000 0.000 0.0000 0.000 4
1770386337.4482 0 'robobot/drive/T0/mvel' 1770386337.4482 0.000 0.000
1770386337.4498 0 'robobot/drive/T0/mot' 1770386337.4498 0 0 0.1 0.1 0
1770386337.4509 0 'robobot/drive/T0/mca' 1770386337.4509 0.000 0.000 17
1770386337.4521 0 'robobot/drive/T0/pose' 1770386337.4520 96.9360 0.709 0.191 1.6075 -3.1105
1770386337.4543 0 'robobot/drive/T0/livn' 1770386337.4542 388 391 390 407 407 383 377 375 5
1770386337.4554 0 'robobot/drive/T0/vel' 1770386337.4553 96.9400 0.000 0.000 0.0000 0.000 4
1770386337.4556 0 'robobot/drive/T0/mvel' 1770386337.4556 0.000 0.000
1770386337.4565 0 'robobot/drive/T0/gyro' 1770386337.4564 -0.083313 0.106812 -0.106750 96.940
1770386337.4566 0 'robobot/drive/T0/acc' 1770386337.4565 0.030029 -0.010742 0.984619 96.940
1770386337.4577 0 'robobot/drive/T0/pose' 1770386337.4577 96.9410 0.709 0.191 1.6075 -3.1105
1770386337.4599 0 'robobot/drive/T0/ird' 1770386337.4599 0.892 1.500 3455 1956 1
1770386337.4621 0 'robobot/drive/T0/pose' 1770386337.4620 96.9460 0.709 0.191 1.6075 -3.1105
1770386337.4643 0 'robobot/drive/T0/vel' 1770386337.4642 96.9480 0.000 0.000 0.0000 0.000 4
1770386337.4644 0 'robobot/drive/T0/livn' 1770386337.4643 384 386 388 395 396 383 385 380 5
1770386337.4651 0 'robobot/drive/T0/mvel' 1770386337.4651 0.000 0.000
1770386337.4676 0 'robobot/drive/T0/pose' 1770386337.4675 96.9510 0.709 0.191 1.6075 -3.1105
1770386337.4677 0 'robobot/drive/T0/gyro' 1770386337.4676 -0.266418 0.198364 0.076355 96.952
1770386337.4677 0 'robobot/drive/T0/acc' 1770386337.4677 0.029785 -0.010254 0.984619 96.952
1770386337.4720 0 'robobot/drive/T0/vel' 1770386337.4720 96.9560 0.000 0.000 0.0000 0.000 4
1770386337.4721 0 'robobot/drive/T0/pose' 1770386337.4720 96.9560 0.709 0.191 1.6075 -3.1105
1770386337.4725 0 'robobot/drive/T0/mvel' 1770386337.4725 0.000 0.000
1770386337.4743 0 'robobot/drive/T0/livn' 1770386337.4742 395 397 393 383 397 385 379 371 5
1770386337.4775 0 'robobot/drive/T0/pose' 1770386337.4775 96.9610 0.709 0.191 1.6075 -3.1105
1770386337.4797 0 'robobot/drive/T0/vel' 1770386337.4797 96.9640 0.000 0.000 0.0000 0.000 4
1770386337.4798 0 'robobot/drive/T0/gyro' 1770386337.4797 0.069275 0.076294 -0.015198 96.964
1770386337.4799 0 'robobot/drive/T0/acc' 1770386337.4798 0.024902 -0.013672 0.984131 96.964
1770386337.4799 0 'robobot/drive/T0/mvel' 1770386337.4799 0.000 0.000
1770386337.4821 0 'robobot/drive/T0/pose' 1770386337.4820 96.9660 0.709 0.191 1.6075 -3.1105
1770386337.4832 0 'robobot/drive/T0/mot' 1770386337.4831 0 0 0.1 0.1 0
1770386337.4832 0 'robobot/drive/T0/mca' 1770386337.4832 0.000 0.000 16
1770386337.4843 0 'robobot/drive/T0/livn' 1770386337.4843 394 389 386 388 398 397 383 375 5
1770386337.4854 0 'robobot/drive/T0/ird' 1770386337.4854 0.859 1.500 3530 1856 1
1770386337.4876 0 'robobot/drive/T0/pose' 1770386337.4876 96.9710 0.709 0.191 1.6075 -3.1106
1770386337.4877 0 'robobot/drive/T0/vel' 1770386337.4876 96.9720 0.000 0.000 0.0000 0.000 4
1770386337.4883 0 'robobot/drive/T0/mvel' 1770386337.4883 0.000 0.000
1770386337.4920 0 'robobot/drive/T0/gyro' 1770386337.4919 0.008240 -0.106812 0.137390 96.976
1770386337.4921 0 'robobot/drive/T0/acc' 1770386337.4920 0.030762 -0.016113 0.984131 96.976
1770386337.4922 0 'robobot/drive/T0/pose' 1770386337.4921 96.9760 0.709 0.191 1.6075 -3.1106
1770386337.4943 0 'robobot/drive/T0/livn' 1770386337.4943 382 389 384 390 388 379 383 374 5
1770386337.4955 0 'robobot/drive/T0/vel' 1770386337.4954 96.9800 0.000 0.000 0.0000 0.000 4
1770386337.4957 0 'robobot/drive/T0/mvel' 1770386337.4957 0.000 0.000
1770386337.4977 0 'robobot/drive/T0/pose' 1770386337.4976 96.9810 0.709 0.191 1.6075 -3.1106
1770386337.4977 0 'robobot/drive/T0/liv' 1770386337.4977 294 349 367 300 351 370 342 256 25
1770386337.5020 0 'robobot/drive/T0/pose' 1770386337.5020 96.9860 0.709 0.191 1.6075 -3.1106
1770386337.5042 0 'robobot/drive/T0/vel' 1770386337.5042 96.9880 0.000 0.000 0.0000 0.000 4
1770386337.5043 0 'robobot/drive/T0/livn' 1770386337.5042 385 391 389 392 391 388 386 383 5
1770386337.5044 0 'robobot/drive/T0/gyro' 1770386337.5043 -0.083313 0.106812 0.045837 96.988
1770386337.5044 0 'robobot/drive/T0/acc' 1770386337.5044 0.030762 -0.012695 0.994385 96.988
1770386337.5045 0 'robobot/drive/T0/mvel' 1770386337.5044 0.000 0.000
1770386337.5077 0 'robobot/drive/T0/pose' 1770386337.5076 96.9910 0.709 0.191 1.6075 -3.1106
1770386337.5099 0 'robobot/drive/T0/ird' 1770386337.5098 0.801 1.500 3680 1910 1
1770386337.5121 0 'robobot/drive/T0/vel' 1770386337.5120 96.9960 0.000 0.000 0.0000 0.000 4
1770386337.5121 0 'robobot/drive/T0/pose' 1770386337.5121 96.9960 0.709 0.191 1.6075 -3.1105
1770386337.5131 0 'robobot/drive/T0/mvel' 1770386337.5130 0.000 0.000
1770386337.5143 0 'robobot/drive/T0/livn' 1770386337.5142 386 388 388 402 400 380 379 384 5
1770386337.5165 0 'robobot/drive/T0/gyro' 1770386337.5164 0.099792 0.076294 0.106873 97.000
1770386337.5166 0 'robobot/drive/T0/acc' 1770386337.5165 0.028320 -0.011230 0.982422 97.000
1770386337.5166 0 'robobot/drive/T0/mot' 1770386337.5166 0 0 0.1 0.1 0
1770386337.5167 0 'robobot/drive/T0/mca' 1770386337.5166 -0.000 0.000 17
1770386337.5167 0 'robobot/drive/T0/pose' 1770386337.5167 97.0010 0.709 0.191 1.6075 -3.1105
1770386337.5200 0 'robobot/drive/T0/vel' 1770386337.5199 97.0040 0.000 0.000 0.0000 0.000 4
1770386337.5205 0 'robobot/drive/T0/mvel' 1770386337.5204 0.000 0.000
1770386337.5222 0 'robobot/drive/T0/pose' 1770386337.5221 97.0060 0.709 0.191 1.6075 -3.1106
1770386337.5243 0 'robobot/drive/T0/livn' 1770386337.5243 382 379 388 407 400 383 383 390 5
1770386337.5276 0 'robobot/drive/T0/pose' 1770386337.5275 97.0110 0.709 0.191 1.6075 -3.1106
1770386337.5276 0 'robobot/drive/T0/vel' 1770386337.5276 97.0120 0.000 0.000 0.0000 0.000 4
1770386337.5277 0 'robobot/drive/T0/gyro' 1770386337.5277 0.008240 0.045776 -0.045715 97.012
1770386337.5278 0 'robobot/drive/T0/acc' 1770386337.5277 0.030762 -0.013184 0.988037 97.012
1770386337.5279 0 'robobot/drive/T0/mvel' 1770386337.5278 0.000 0.000
1770386337.5327 0 'robobot/drive/T0/pose' 1770386337.5326 97.0160 0.709 0.191 1.6075 -3.1106
1770386337.5338 0 'robobot/drive/T0/livn' 1770386337.5337 390 387 388 385 398 381 379 383 5
1770386337.5351 0 'robobot/drive/T0/ird' 1770386337.5350 0.803 1.500 3673 1929 1
1770386337.5362 0 'robobot/drive/T0/vel' 1770386337.5361 97.0200 0.000 0.000 0.0000 0.000 4
1770386337.5371 0 'robobot/drive/T0/mvel' 1770386337.5371 0.000 0.000
1770386337.5373 0 'robobot/drive/T0/pose' 1770386337.5373 97.0210 0.709 0.191 1.6075 -3.1106
1770386337.5406 0 'robobot/drive/T0/gyro' 1770386337.5405 -0.449524 0.137329 -0.228821 97.024
1770386337.5407 0 'robobot/drive/T0/acc' 1770386337.5406 0.029785 -0.012939 0.985596 97.024
1770386337.5418 0 'robobot/drive/T0/pose' 1770386337.5417 97.0260 0.709 0.191 1.6075 -3.1106
1770386337.5441 0 'robobot/drive/T0/hbt' 1770386337.5440 97.0280 107 1033 11.76 4 8 8.9 0.43 0
1770386337.5442 0 'robobot/drive/T0/vel' 1770386337.5441 97.0280 0.000 0.000 0.0000 0.000 4
1770386337.5442 0 'robobot/drive/T0/livn' 1770386337.5442 391 390 386 388 397 391 385 380 5
1770386337.5445 0 'robobot/drive/T0/mvel' 1770386337.5445 0.000 0.000
1770386337.5475 0 'robobot/drive/T0/pose' 1770386337.5474 97.0310 0.709 0.191 1.6075 -3.1106
1770386337.5476 0 'robobot/drive/T0/liv' 1770386337.5475 296 346 368 304 353 371 344 263 25
1770386337.5497 0 'robobot/drive/T0/mot' 1770386337.5497 0 0 0.1 0.1 0
1770386337.5498 0 'robobot/drive/T0/mca' 1770386337.5497 0.000 0.000 16
1770386337.5519 0 'robobot/drive/T0/vel' 1770386337.5519 97.0360 0.000 0.000 0.0000 0.000 4
1770386337.5520 0 'robobot/drive/T0/gyro' 1770386337.5519 -0.235901 0.076294 0.076355 97.036
1770386337.5521 0 'robobot/drive/T0/acc' 1770386337.5520 0.027588 -0.013672 0.986328 97.036
1770386337.5522 0 'robobot/drive/T0/pose' 1770386337.5521 97.0360 0.709 0.191 1.6075 -3.1106
1770386337.5530 0 'robobot/drive/T0/mvel' 1770386337.5529 0.000 0.000
1770386337.5544 0 'robobot/drive/T0/livn' 1770386337.5543 400 395 388 385 392 394 391 382 5
1770386337.5576 0 'robobot/drive/T0/pose' 1770386337.5575 97.0410 0.709 0.191 1.6075 -3.1106
1770386337.5598 0 'robobot/drive/T0/vel' 1770386337.5597 97.0440 0.000 0.000 0.0000 0.000 4
1770386337.5599 0 'robobot/drive/T0/ird' 1770386337.5598 0.813 1.500 3648 2057 1
1770386337.5604 0 'robobot/drive/T0/mvel' 1770386337.5604 0.000 0.000
1770386337.5620 0 'robobot/drive/T0/pose' 1770386337.5620 97.0460 0.709 0.191 1.6075 -3.1106
1770386337.5643 0 'robobot/drive/T0/livn' 1770386337.5642 392 392 388 390 400 389 389 384 5
1770386337.5643 0 'robobot/drive/T0/gyro' 1770386337.5643 0.069275 0.137329 -0.228821 97.048
1770386337.5644 0 'robobot/drive/T0/acc' 1770386337.5643 0.030762 -0.014648 0.988281 97.048
1770386337.5676 0 'robobot/drive/T0/pose' 1770386337.5676 97.0510 0.709 0.191 1.6075 -3.1106
1770386337.5677 0 'robobot/drive/T0/vel' 1770386337.5676 97.0520 0.000 0.000 0.0000 0.000 4
1770386337.5678 0 'robobot/drive/T0/mvel' 1770386337.5678 0.000 0.000
1770386337.5720 0 'robobot/drive/T0/pose' 1770386337.5719 97.0560 0.709 0.191 1.6075 -3.1105
1770386337.5742 0 'robobot/drive/T0/livn' 1770386337.5741 395 387 387 388 397 386 383 379 5
1770386337.5753 0 'robobot/drive/T0/vel' 1770386337.5753 97.0600 0.000 0.000 0.0000 0.000 4
1770386337.5762 0 'robobot/drive/T0/mvel' 1770386337.5762 0.000 0.000
1770386337.5765 0 'robobot/drive/T0/gyro' 1770386337.5764 -0.235901 -0.015259 -0.076233 97.060
1770386337.5765 0 'robobot/drive/T0/acc' 1770386337.5765 0.028564 -0.008545 0.981689 97.060
1770386337.5777 0 'robobot/drive/T0/pose' 1770386337.5776 97.0610 0.709 0.191 1.6075 -3.1105
1770386337.5820 0 'robobot/drive/T0/pose' 1770386337.5819 97.0660 0.709 0.191 1.6075 -3.1105
1770386337.5820 0 'robobot/drive/T0/mot' 1770386337.5820 0 0 0.1 0.1 0
1770386337.5820 0 'robobot/drive/T0/mca' 1770386337.5820 0.000 0.000 17
1770386337.5842 0 'robobot/drive/T0/vel' 1770386337.5842 97.0680 0.000 0.000 0.0000 0.000 4
1770386337.5843 0 'robobot/drive/T0/livn' 1770386337.5842 388 387 387 388 397 393 386 372 5
1770386337.5847 0 'robobot/drive/T0/mvel' 1770386337.5846 0.000 0.000
1770386337.5854 0 'robobot/drive/T0/ird' 1770386337.5854 0.870 1.500 3504 1957 1
1770386337.5876 0 'robobot/drive/T0/pose' 1770386337.5875 97.0710 0.709 0.191 1.6075 -3.1105
1770386337.5877 0 'robobot/drive/T0/gyro' 1770386337.5876 0.130310 -0.045776 -0.045715 97.072
1770386337.5878 0 'robobot/drive/T0/acc' 1770386337.5877 0.029541 -0.010986 0.978516 97.072
1770386337.5921 0 'robobot/drive/T0/vel' 1770386337.5920 97.0760 0.000 0.000 0.0000 0.000 4
1770386337.5921 0 'robobot/drive/T0/mvel' 1770386337.5921 0.000 0.000
1770386337.5921 0 'robobot/drive/T0/pose' 1770386337.5921 97.0760 0.709 0.191 1.6075 -3.1105
1770386337.5943 0 'robobot/drive/T0/livn' 1770386337.5943 386 387 384 397 398 385 381 374 5
1770386337.5976 0 'robobot/drive/T0/pose' 1770386337.5975 97.0810 0.709 0.191 1.6075 -3.1105
1770386337.5977 0 'robobot/drive/T0/liv' 1770386337.5976 295 345 366 302 354 374 346 258 25
1770386337.5998 0 'robobot/drive/T0/vel' 1770386337.5998 97.0840 0.000 0.000 0.0000 0.000 4
1770386337.5999 0 'robobot/drive/T0/gyro' 1770386337.5998 0.221863 0.167847 0.045837 97.084
1770386337.6000 0 'robobot/drive/T0/acc' 1770386337.5999 0.028076 -0.009521 0.983887 97.084
1770386337.6006 0 'robobot/drive/T0/mvel' 1770386337.6006 0.000 0.000
1770386337.6022 0 'robobot/drive/T0/pose' 1770386337.6021 97.0860 0.709 0.191 1.6075 -3.1105
1770386337.6043 0 'robobot/drive/T0/livn' 1770386337.6043 386 378 387 402 405 383 381 380 5
1770386337.6076 0 'robobot/drive/T0/pose' 1770386337.6075 97.0910 0.709 0.191 1.6075 -3.1105
1770386337.6077 0 'robobot/drive/T0/vel' 1770386337.6076 97.0920 0.000 0.000 0.0000 0.000 4
1770386337.6080 0 'robobot/drive/T0/mvel' 1770386337.6080 0.000 0.000
1770386337.6099 0 'robobot/drive/T0/ird' 1770386337.6098 0.919 1.500 3398 1976 1
1770386337.6120 0 'robobot/drive/T0/gyro' 1770386337.6120 0.191345 0.106812 -0.198303 97.096
1770386337.6121 0 'robobot/drive/T0/acc' 1770386337.6120 0.030518 -0.011475 0.987793 97.096
1770386337.6122 0 'robobot/drive/T0/pose' 1770386337.6121 97.0960 0.709 0.191 1.6075 -3.1105
1770386337.6144 0 'robobot/drive/T0/livn' 1770386337.6143 382 387 381 390 391 382 377 372 5
1770386337.6155 0 'robobot/drive/T0/mot' 1770386337.6154 0 0 0.1 0.1 0
1770386337.6155 0 'robobot/drive/T0/mca' 1770386337.6155 0.000 0.000 16
1770386337.6156 0 'robobot/drive/T0/vel' 1770386337.6155 97.1000 0.000 0.000 0.0000 0.000 4
1770386337.6156 0 'robobot/drive/T0/mvel' 1770386337.6156 0.000 0.000
1770386337.6167 0 'robobot/drive/T0/pose' 1770386337.6166 97.1010 0.709 0.191 1.6075 -3.1105
1770386337.6221 0 'robobot/drive/T0/pose' 1770386337.6220 97.1060 0.709 0.191 1.6075 -3.1105
1770386337.6242 0 'robobot/drive/T0/vel' 1770386337.6242 97.1080 0.000 0.000 0.0000 0.000 4
1770386337.6243 0 'robobot/drive/T0/livn' 1770386337.6242 375 383 384 398 401 391 379 370 5
1770386337.6244 0 'robobot/drive/T0/gyro' 1770386337.6243 0.160828 0.289917 0.076355 97.108
1770386337.6244 0 'robobot/drive/T0/acc' 1770386337.6244 0.030762 -0.010010 0.980469 97.108
1770386337.6251 0 'robobot/drive/T0/mvel' 1770386337.6251 0.000 0.000
1770386337.6277 0 'robobot/drive/T0/pose' 1770386337.6276 97.1110 0.709 0.191 1.6075 -3.1105
1770386337.6320 0 'robobot/drive/T0/vel' 1770386337.6319 97.1160 0.000 0.000 0.0000 0.000 4
1770386337.6320 0 'robobot/drive/T0/pose' 1770386337.6320 97.1160 0.709 0.191 1.6075 -3.1105
1770386337.6325 0 'robobot/drive/T0/mvel' 1770386337.6325 0.000 0.000
1770386337.6342 0 'robobot/drive/T0/livn' 1770386337.6342 389 388 385 389 394 387 385 384 5
1770386337.6354 0 'robobot/drive/T0/ird' 1770386337.6353 0.964 1.500 3309 1944 1
1770386337.6365 0 'robobot/drive/T0/gyro' 1770386337.6364 -0.052795 0.106812 0.106873 97.120
1770386337.6365 0 'robobot/drive/T0/acc' 1770386337.6365 0.032959 -0.014404 0.985107 97.120
1770386337.6377 0 'robobot/drive/T0/pose' 1770386337.6376 97.1210 0.709 0.191 1.6075 -3.1105
1770386337.6398 0 'robobot/drive/T0/vel' 1770386337.6398 97.1240 0.000 0.000 0.0000 0.000 4
1770386337.6399 0 'robobot/drive/T0/mvel' 1770386337.6399 0.000 0.000
1770386337.6420 0 'robobot/drive/T0/pose' 1770386337.6420 97.1260 0.709 0.191 1.6075 -3.1105
1770386337.6442 0 'robobot/drive/T0/livn' 1770386337.6442 379 395 394 387 387 383 387 387 5
1770386337.6475 0 'robobot/drive/T0/pose' 1770386337.6474 97.1310 0.709 0.191 1.6075 -3.1105
1770386337.6475 0 'robobot/drive/T0/liv' 1770386337.6475 292 348 367 300 348 371 341 259 25
1770386337.6476 0 'robobot/drive/T0/vel' 1770386337.6475 97.1320 0.000 0.000 0.0000 0.000 4
1770386337.6477 0 'robobot/drive/T0/gyro' 1770386337.6476 0.008240 -0.106812 -0.137268 97.132
1770386337.6477 0 'robobot/drive/T0/acc' 1770386337.6477 0.029053 -0.014648 0.985107 97.132
1770386337.6484 0 'robobot/drive/T0/mvel' 1770386337.6484 0.000 0.000
1770386337.6488 0 'robobot/drive/T0/mot' 1770386337.6488 0 0 0.1 0.1 0
1770386337.6489 0 'robobot/drive/T0/mca' 1770386337.6488 0.000 0.000 17
1770386337.6521 0 'robobot/drive/T0/pose' 1770386337.6520 97.1360 0.709 0.191 1.6075 -3.1105
1770386337.6543 0 'robobot/drive/T0/livn' 1770386337.6542 382 389 389 391 388 382 387 386 5
1770386337.6554 0 'robobot/drive/T0/vel' 1770386337.6554 97.1400 0.000 0.000 0.0000 0.000 4
1770386337.6558 0 'robobot/drive/T0/mvel' 1770386337.6558 0.000 0.000
1770386337.6576 0 'robobot/drive/T0/pose' 1770386337.6576 97.1410 0.709 0.191 1.6075 -3.1105
1770386337.6598 0 'robobot/drive/T0/ird' 1770386337.6597 0.906 1.500 3425 1844 1
1770386337.6599 0 'robobot/drive/T0/gyro' 1770386337.6598 -0.022278 -0.106812 -0.137268 97.144
1770386337.6599 0 'robobot/drive/T0/acc' 1770386337.6599 0.028320 -0.012451 0.986572 97.144
1770386337.6621 0 'robobot/drive/T0/pose' 1770386337.6620 97.1460 0.709 0.191 1.6075 -3.1105
1770386337.6643 0 'robobot/drive/T0/vel' 1770386337.6642 97.1480 0.000 0.000 0.0000 0.000 4
1770386337.6644 0 'robobot/drive/T0/livn' 1770386337.6643 401 387 383 396 393 389 381 382 5
1770386337.6653 0 'robobot/drive/T0/mvel' 1770386337.6653 0.000 0.000
1770386337.6676 0 'robobot/drive/T0/pose' 1770386337.6676 97.1510 0.709 0.191 1.6075 -3.1105
1770386337.6719 0 'robobot/drive/T0/vel' 1770386337.6719 97.1560 0.000 0.000 0.0000 0.000 4
1770386337.6720 0 'robobot/drive/T0/gyro' 1770386337.6719 -0.235901 0.259399 -0.106750 97.156
1770386337.6721 0 'robobot/drive/T0/acc' 1770386337.6720 0.026367 -0.013184 0.981689 97.156
1770386337.6721 0 'robobot/drive/T0/pose' 1770386337.6721 97.1560 0.709 0.191 1.6075 -3.1105
1770386337.6727 0 'robobot/drive/T0/mvel' 1770386337.6727 0.000 0.000
1770386337.6743 0 'robobot/drive/T0/livn' 1770386337.6743 391 385 385 395 392 385 376 369 5
1770386337.6776 0 'robobot/drive/T0/pose' 1770386337.6775 97.1610 0.709 0.191 1.6075 -3.1105
1770386337.6797 0 'robobot/drive/T0/vel' 1770386337.6797 97.1640 0.000 0.000 0.0000 0.000 4
1770386337.6801 0 'robobot/drive/T0/mvel' 1770386337.6801 0.000 0.000
1770386337.6819 0 'robobot/drive/T0/mot' 1770386337.6819 0 0 0.1 0.1 0
1770386337.6819 0 'robobot/drive/T0/mca' 1770386337.6819 0.000 0.000 16
1770386337.6820 0 'robobot/drive/T0/pose' 1770386337.6819 97.1660 0.709 0.191 1.6075 -3.1105
1770386337.6842 0 'robobot/drive/T0/livn' 1770386337.6842 382 384 390 395 393 385 380 375 5
1770386337.6843 0 'robobot/drive/T0/gyro' 1770386337.6842 0.191345 -0.076294 0.015320 97.168
1770386337.6844 0 'robobot/drive/T0/acc' 1770386337.6843 0.029785 -0.011719 0.984131 97.168
1770386337.6855 0 'robobot/drive/T0/ird' 1770386337.6854 0.906 1.500 3425 1940 1
1770386337.6877 0 'robobot/drive/T0/pose' 1770386337.6876 97.1710 0.709 0.191 1.6075 -3.1105
1770386337.6877 0 'robobot/drive/T0/vel' 1770386337.6877 97.1720 0.000 0.000 0.0000 0.000 4
1770386337.6886 0 'robobot/drive/T0/mvel' 1770386337.6886 0.000 0.000
1770386337.6920 0 'robobot/drive/T0/pose' 1770386337.6920 97.1760 0.709 0.191 1.6075 -3.1105
1770386337.6942 0 'robobot/drive/T0/livn' 1770386337.6941 395 392 386 383 390 392 394 384 5
1770386337.6953 0 'robobot/drive/T0/vel' 1770386337.6953 97.1800 0.000 0.000 0.0000 0.000 4
1770386337.6960 0 'robobot/drive/T0/mvel' 1770386337.6960 0.000 0.000
1770386337.6964 0 'robobot/drive/T0/gyro' 1770386337.6964 -0.113831 -0.015259 0.137390 97.180
1770386337.6965 0 'robobot/drive/T0/acc' 1770386337.6965 0.027100 -0.008545 0.984619 97.180
1770386337.6977 0 'robobot/drive/T0/pose' 1770386337.6976 97.1810 0.709 0.191 1.6075 -3.1105
1770386337.6977 0 'robobot/drive/T0/liv' 1770386337.6977 297 345 366 302 349 373 344 258 25
1770386337.7020 0 'robobot/drive/T0/pose' 1770386337.7019 97.1860 0.709 0.191 1.6075 -3.1105
1770386337.7042 0 'robobot/drive/T0/vel' 1770386337.7041 97.1880 0.000 0.000 0.0000 0.000 4
1770386337.7043 0 'robobot/drive/T0/livn' 1770386337.7042 394 388 386 388 395 387 384 375 5
1770386337.7045 0 'robobot/drive/T0/mvel' 1770386337.7045 0.000 0.000
1770386337.7075 0 'robobot/drive/T0/pose' 1770386337.7074 97.1910 0.709 0.191 1.6075 -3.1105
1770386337.7076 0 'robobot/drive/T0/gyro' 1770386337.7075 -0.205383 0.381470 -0.045715 97.192
1770386337.7076 0 'robobot/drive/T0/acc' 1770386337.7076 0.029297 -0.011475 0.986328 97.192
1770386337.7098 0 'robobot/drive/T0/ird' 1770386337.7098 0.893 1.500 3454 1857 1
1770386337.7120 0 'robobot/drive/T0/vel' 1770386337.7119 97.1960 0.000 0.000 0.0000 0.000 4
1770386337.7121 0 'robobot/drive/T0/pose' 1770386337.7120 97.1960 0.709 0.191 1.6075 -3.1105
1770386337.7129 0 'robobot/drive/T0/mvel' 1770386337.7129 0.000 0.000
1770386337.7143 0 'robobot/drive/T0/livn' 1770386337.7142 392 390 392 395 395 394 385 375 5
1770386337.7154 0 'robobot/drive/T0/mot' 1770386337.7153 0 0 0.1 0.1 0
1770386337.7154 0 'robobot/drive/T0/mca' 1770386337.7154 0.000 0.000 17
1770386337.7176 0 'robobot/drive/T0/pose' 1770386337.7175 97.2020 0.709 0.191 1.6075 -3.1105
1770386337.7198 0 'robobot/drive/T0/vel' 1770386337.7197 97.2040 0.000 0.000 0.0000 0.000 4
1770386337.7199 0 'robobot/drive/T0/gyro' 1770386337.7198 -0.052795 0.076294 -0.137268 97.204
1770386337.7199 0 'robobot/drive/T0/acc' 1770386337.7199 0.034668 -0.010742 0.982178 97.204
1770386337.7203 0 'robobot/drive/T0/mvel' 1770386337.7203 0.000 0.000
1770386337.7221 0 'robobot/drive/T0/pose' 1770386337.7220 97.2070 0.709 0.191 1.6075 -3.1105
1770386337.7243 0 'robobot/drive/T0/livn' 1770386337.7242 393 397 399 396 390 385 385 384 5
1770386337.7275 0 'robobot/drive/T0/pose' 1770386337.7275 97.2120 0.709 0.191 1.6075 -3.1105
1770386337.7276 0 'robobot/drive/T0/vel' 1770386337.7275 97.2120 0.000 0.000 0.0000 0.000 4
1770386337.7278 0 'robobot/drive/T0/mvel' 1770386337.7277 0.000 0.000
1770386337.7319 0 'robobot/drive/T0/gyro' 1770386337.7318 0.069275 0.167847 0.015320 97.216
1770386337.7320 0 'robobot/drive/T0/acc' 1770386337.7319 0.031738 -0.012451 0.986084 97.216
1770386337.7321 0 'robobot/drive/T0/pose' 1770386337.7320 97.2170 0.709 0.191 1.6075 -3.1105
1770386337.7343 0 'robobot/drive/T0/livn' 1770386337.7342 392 379 377 368 388 388 381 375 5
1770386337.7354 0 'robobot/drive/T0/ird' 1770386337.7353 0.837 1.500 3584 1942 1
1770386337.7355 0 'robobot/drive/T0/vel' 1770386337.7354 97.2200 0.000 0.000 0.0000 0.000 4
1770386337.7363 0 'robobot/drive/T0/mvel' 1770386337.7362 0.000 0.000
1770386337.7377 0 'robobot/drive/T0/pose' 1770386337.7376 97.2220 0.709 0.191 1.6075 -3.1105
1770386337.7422 0 'robobot/drive/T0/pose' 1770386337.7421 97.2270 0.709 0.191 1.6075 -3.1105
1770386337.7444 0 'robobot/drive/T0/vel' 1770386337.7443 97.2280 0.000 0.000 0.0000 0.000 4
1770386337.7445 0 'robobot/drive/T0/livn' 1770386337.7444 389 388 389 396 397 390 382 370 5
1770386337.7445 0 'robobot/drive/T0/gyro' 1770386337.7445 0.038757 0.442505 0.045837 97.228
1770386337.7446 0 'robobot/drive/T0/acc' 1770386337.7445 0.030029 -0.008057 0.983154 97.228
1770386337.7447 0 'robobot/drive/T0/mvel' 1770386337.7447 0.000 0.000
1770386337.7479 0 'robobot/drive/T0/liv' 1770386337.7478 298 346 370 299 349 374 343 257 25
1770386337.7479 0 'robobot/drive/T0/pose' 1770386337.7479 97.2320 0.709 0.191 1.6075 -3.1105
1770386337.7480 0 'robobot/drive/T0/mot' 1770386337.7480 0 0 0.1 0.1 0
1770386337.7481 0 'robobot/drive/T0/mca' 1770386337.7480 0.000 0.000 16
1770386337.7513 0 'robobot/drive/T0/vel' 1770386337.7512 97.2360 0.000 0.000 0.0000 0.000 4
1770386337.7522 0 'robobot/drive/T0/mvel' 1770386337.7521 0.000 0.000
1770386337.7524 0 'robobot/drive/T0/pose' 1770386337.7524 97.2370 0.709 0.191 1.6075 -3.1105
1770386337.7536 0 'robobot/drive/T0/livn' 1770386337.7535 394 383 391 394 395 382 378 379 5
1770386337.7558 0 'robobot/drive/T0/gyro' 1770386337.7557 0.160828 0.015259 -0.015198 97.240
1770386337.7558 0 'robobot/drive/T0/acc' 1770386337.7558 0.028076 -0.014893 0.980469 97.240
1770386337.7569 0 'robobot/drive/T0/pose' 1770386337.7569 97.2420 0.709 0.191 1.6075 -3.1105
1770386337.7602 0 'robobot/drive/T0/vel' 1770386337.7601 97.2440 0.000 0.000 0.0000 0.000 4
1770386337.7602 0 'robobot/drive/T0/ird' 1770386337.7602 0.839 1.500 3579 1887 1
1770386337.7606 0 'robobot/drive/T0/mvel' 1770386337.7606 0.000 0.000
1770386337.7624 0 'robobot/drive/T0/pose' 1770386337.7623 97.2470 0.709 0.191 1.6075 -3.1105
1770386337.7635 0 'robobot/drive/T0/livn' 1770386337.7635 401 389 386 390 394 387 387 369 5
1770386337.7678 0 'robobot/drive/T0/pose' 1770386337.7678 97.2520 0.709 0.191 1.6075 -3.1105
1770386337.7679 0 'robobot/drive/T0/vel' 1770386337.7678 97.2520 0.000 0.000 0.0000 0.000 4
1770386337.7680 0 'robobot/drive/T0/gyro' 1770386337.7679 0.038757 0.045776 -0.167786 97.252
1770386337.7680 0 'robobot/drive/T0/mvel' 1770386337.7680 0.000 0.000
1770386337.7681 0 'robobot/drive/T0/acc' 1770386337.7680 0.030273 -0.012207 0.986572 97.252
1770386337.7724 0 'robobot/drive/T0/pose' 1770386337.7723 97.2570 0.709 0.191 1.6075 -3.1105
1770386337.7745 0 'robobot/drive/T0/livn' 1770386337.7745 388 380 381 391 400 385 385 375 5
1770386337.7757 0 'robobot/drive/T0/vel' 1770386337.7756 97.2600 0.000 0.000 0.0000 0.000 4
1770386337.7765 0 'robobot/drive/T0/mvel' 1770386337.7765 0.000 0.000
1770386337.7779 0 'robobot/drive/T0/pose' 1770386337.7778 97.2620 0.709 0.191 1.6075 -3.1105
1770386337.7801 0 'robobot/drive/T0/gyro' 1770386337.7800 0.038757 0.198364 -0.228821 97.264
1770386337.7801 0 'robobot/drive/T0/acc' 1770386337.7801 0.032227 -0.011719 0.985352 97.264
1770386337.7812 0 'robobot/drive/T0/mot' 1770386337.7812 0 0 0.1 0.1 0
1770386337.7813 0 'robobot/drive/T0/mca' 1770386337.7812 0.000 0.000 17
1770386337.7824 0 'robobot/drive/T0/pose' 1770386337.7823 97.2670 0.709 0.191 1.6075 -3.1105
1770386337.7835 0 'robobot/drive/T0/vel' 1770386337.7835 97.2680 0.000 0.000 0.0000 0.000 4
1770386337.7836 0 'robobot/drive/T0/livn' 1770386337.7835 393 387 389 391 393 385 380 370 5
1770386337.7839 0 'robobot/drive/T0/mvel' 1770386337.7839 0.000 0.000
1770386337.7847 0 'robobot/drive/T0/ird' 1770386337.7847 0.815 1.500 3641 1933 1
1770386337.7879 0 'robobot/drive/T0/pose' 1770386337.7879 97.2720 0.709 0.191 1.6075 -3.1105
1770386337.7922 0 'robobot/drive/T0/vel' 1770386337.7922 97.2760 0.000 0.000 0.0000 0.000 4
1770386337.7923 0 'robobot/drive/T0/gyro' 1770386337.7922 0.038757 -0.076294 -0.076233 97.276
1770386337.7924 0 'robobot/drive/T0/acc' 1770386337.7923 0.028564 -0.013672 0.987793 97.276
1770386337.7925 0 'robobot/drive/T0/mvel' 1770386337.7924 0.000 0.000
1770386337.7925 0 'robobot/drive/T0/pose' 1770386337.7924 97.2770 0.709 0.191 1.6075 -3.1105
1770386337.7936 0 'robobot/drive/T0/livn' 1770386337.7936 391 388 394 395 397 381 378 377 5
1770386337.7969 0 'robobot/drive/T0/liv' 1770386337.7968 299 346 368 303 353 371 342 254 25
1770386337.7969 0 'robobot/drive/T0/pose' 1770386337.7969 97.2820 0.709 0.191 1.6075 -3.1105
1770386337.8002 0 'robobot/drive/T0/vel' 1770386337.8001 97.2840 0.000 0.000 0.0000 0.000 4
1770386337.8010 0 'robobot/drive/T0/mvel' 1770386337.8009 0.000 0.000
1770386337.8024 0 'robobot/drive/T0/pose' 1770386337.8023 97.2870 0.709 0.191 1.6075 -3.1105
1770386337.8045 0 'robobot/drive/T0/livn' 1770386337.8045 407 393 392 388 403 390 383 381 5
1770386337.8046 0 'robobot/drive/T0/gyro' 1770386337.8045 -0.022278 0.015259 -0.198303 97.288
1770386337.8047 0 'robobot/drive/T0/acc' 1770386337.8046 0.023926 -0.015137 0.989746 97.288
1770386337.8079 0 'robobot/drive/T0/pose' 1770386337.8079 97.2920 0.709 0.191 1.6075 -3.1105
1770386337.8080 0 'robobot/drive/T0/vel' 1770386337.8079 97.2920 0.000 0.000 0.0000 0.000 4
1770386337.8084 0 'robobot/drive/T0/mvel' 1770386337.8083 0.000 0.000
1770386337.8102 0 'robobot/drive/T0/ird' 1770386337.8101 0.785 1.500 3725 2065 1
1770386337.8123 0 'robobot/drive/T0/pose' 1770386337.8123 97.2970 0.709 0.191 1.6075 -3.1105
1770386337.8134 0 'robobot/drive/T0/mot' 1770386337.8134 0 0 0.1 0.1 0
1770386337.8135 0 'robobot/drive/T0/mca' 1770386337.8134 0.000 0.000 16
1770386337.8136 0 'robobot/drive/T0/livn' 1770386337.8135 386 379 382 386 395 393 387 384 5
1770386337.8157 0 'robobot/drive/T0/vel' 1770386337.8157 97.3000 0.000 0.000 0.0000 0.000 4
1770386337.8158 0 'robobot/drive/T0/mvel' 1770386337.8158 0.000 0.000
1770386337.8158 0 'robobot/drive/T0/gyro' 1770386337.8157 -0.052795 0.198364 -0.228821 97.300
1770386337.8159 0 'robobot/drive/T0/acc' 1770386337.8158 0.030273 -0.010010 0.979004 97.300
1770386337.8170 0 'robobot/drive/T0/pose' 1770386337.8169 97.3020 0.709 0.191 1.6075 -3.1105
1770386337.8224 0 'robobot/drive/T0/pose' 1770386337.8223 97.3070 0.709 0.191 1.6075 -3.1105
1770386337.8235 0 'robobot/drive/T0/vel' 1770386337.8234 97.3080 0.000 0.000 0.0000 0.000 4
1770386337.8236 0 'robobot/drive/T0/livn' 1770386337.8235 385 386 385 392 391 383 380 387 5
1770386337.8243 0 'robobot/drive/T0/mvel' 1770386337.8242 0.000 0.000
1770386337.8279 0 'robobot/drive/T0/pose' 1770386337.8278 97.3120 0.709 0.191 1.6075 -3.1105
1770386337.8279 0 'robobot/drive/T0/gyro' 1770386337.8279 -0.144348 0.076294 -0.137268 97.312
1770386337.8280 0 'robobot/drive/T0/acc' 1770386337.8279 0.031006 -0.014648 0.990234 97.312
1770386337.8323 0 'robobot/drive/T0/vel' 1770386337.8322 97.3160 0.000 0.000 0.0000 0.000 4
1770386337.8323 0 'robobot/drive/T0/pose' 1770386337.8323 97.3170 0.709 0.191 1.6075 -3.1105
1770386337.8327 0 'robobot/drive/T0/mvel' 1770386337.8327 0.000 0.000
1770386337.8346 0 'robobot/drive/T0/livn' 1770386337.8345 390 384 388 385 388 382 378 389 5
1770386337.8346 0 'robobot/drive/T0/ird' 1770386337.8346 0.782 1.500 3732 1976 1
1770386337.8378 0 'robobot/drive/T0/pose' 1770386337.8378 97.3220 0.709 0.191 1.6075 -3.1105
1770386337.8400 0 'robobot/drive/T0/vel' 1770386337.8400 97.3240 0.000 0.000 0.0000 0.000 4
1770386337.8401 0 'robobot/drive/T0/gyro' 1770386337.8400 -0.113831 -0.045776 0.015320 97.324
1770386337.8402 0 'robobot/drive/T0/mvel' 1770386337.8401 0.000 0.000
1770386337.8402 0 'robobot/drive/T0/acc' 1770386337.8401 0.029297 -0.008789 0.985352 97.324
1770386337.8424 0 'robobot/drive/T0/pose' 1770386337.8423 97.3270 0.709 0.191 1.6075 -3.1105
1770386337.8445 0 'robobot/drive/T0/livn' 1770386337.8445 397 391 385 396 403 388 373 375 5
1770386337.8467 0 'robobot/drive/T0/mot' 1770386337.8467 0 0 0.1 0.1 0
1770386337.8467 0 'robobot/drive/T0/mca' 1770386337.8467 0.000 0.000 17
1770386337.8468 0 'robobot/drive/T0/liv' 1770386337.8467 296 343 364 299 350 374 342 263 25
1770386337.8480 0 'robobot/drive/T0/pose' 1770386337.8479 97.3320 0.709 0.191 1.6075 -3.1105
1770386337.8480 0 'robobot/drive/T0/vel' 1770386337.8480 97.3320 0.000 0.000 0.0000 0.000 4
1770386337.8486 0 'robobot/drive/T0/mvel' 1770386337.8486 0.000 0.000
1770386337.8523 0 'robobot/drive/T0/gyro' 1770386337.8523 -0.113831 0.350952 -0.045715 97.336
1770386337.8524 0 'robobot/drive/T0/acc' 1770386337.8523 0.029053 -0.010010 0.982422 97.336
1770386337.8525 0 'robobot/drive/T0/pose' 1770386337.8524 97.3370 0.709 0.191 1.6075 -3.1105
1770386337.8536 0 'robobot/drive/T0/livn' 1770386337.8535 387 382 380 394 401 398 387 387 5
1770386337.8558 0 'robobot/drive/T0/vel' 1770386337.8557 97.3400 0.000 0.000 0.0000 0.000 4
1770386337.8561 0 'robobot/drive/T0/mvel' 1770386337.8560 0.000 0.000
1770386337.8580 0 'robobot/drive/T0/pose' 1770386337.8579 97.3420 0.709 0.191 1.6075 -3.1105
1770386337.8601 0 'robobot/drive/T0/ird' 1770386337.8601 0.796 1.500 3694 2099 1
1770386337.8623 0 'robobot/drive/T0/pose' 1770386337.8623 97.3470 0.709 0.191 1.6075 -3.1105
1770386337.8635 0 'robobot/drive/T0/vel' 1770386337.8634 97.3480 0.000 0.000 0.0000 0.000 4
1770386337.8635 0 'robobot/drive/T0/mvel' 1770386337.8634 0.000 0.000
1770386337.8646 0 'robobot/drive/T0/livn' 1770386337.8645 391 384 391 397 391 385 386 375 5
1770386337.8647 0 'robobot/drive/T0/gyro' 1770386337.8646 -0.083313 -0.045776 -0.228821 97.348
1770386337.8647 0 'robobot/drive/T0/acc' 1770386337.8647 0.027832 -0.013916 0.985352 97.348
1770386337.8648 0 'robobot/drive/master' 1770386337.8648 2026-02-06 14:58:48.828247
1770386337.8669 0 'robobot/drive/T0/pose' 1770386337.8669 97.3520 0.709 0.191 1.6075 -3.1105
1770386337.8723 0 'robobot/drive/T0/vel' 1770386337.8722 97.3560 0.000 0.000 0.0000 0.000 4
1770386337.8724 0 'robobot/drive/T0/pose' 1770386337.8723 97.3570 0.709 0.191 1.6075 -3.1105
1770386337.8730 0 'robobot/drive/T0/mvel' 1770386337.8730 0.000 0.000
1770386337.8735 0 'robobot/drive/T0/livn' 1770386337.8734 396 387 385 395 397 383 389 377 5
1770386337.8757 0 'robobot/drive/T0/gyro' 1770386337.8756 0.038757 -0.015259 -0.015198 97.360
1770386337.8758 0 'robobot/drive/T0/acc' 1770386337.8757 0.028076 -0.013672 0.988525 97.360
1770386337.8780 0 'robobot/drive/T0/pose' 1770386337.8779 97.3620 0.709 0.191 1.6075 -3.1105
1770386337.8802 0 'robobot/drive/T0/vel' 1770386337.8801 97.3640 0.000 0.000 0.0000 0.000 4
1770386337.8803 0 'robobot/drive/T0/mot' 1770386337.8802 0 0 0.1 0.1 0
1770386337.8803 0 'robobot/drive/T0/mca' 1770386337.8803 0.000 0.000 16
1770386337.8805 0 'robobot/drive/T0/mvel' 1770386337.8804 0.000 0.000
1770386337.8825 0 'robobot/drive/T0/pose' 1770386337.8824 97.3670 0.709 0.191 1.6075 -3.1105
1770386337.8837 0 'robobot/drive/T0/livn' 1770386337.8836 395 392 389 390 390 385 383 385 5
1770386337.8848 0 'robobot/drive/T0/ird' 1770386337.8847 0.829 1.500 3605 1936 1
1770386337.8880 0 'robobot/drive/T0/pose' 1770386337.8880 97.3720 0.709 0.191 1.6075 -3.1105
1770386337.8881 0 'robobot/drive/T0/vel' 1770386337.8881 97.3720 0.000 0.000 0.0000 0.000 4
1770386337.8882 0 'robobot/drive/T0/gyro' 1770386337.8881 0.282898 -0.106812 0.015320 97.372
1770386337.8883 0 'robobot/drive/T0/acc' 1770386337.8882 0.028076 -0.011963 0.980713 97.372
1770386337.8889 0 'robobot/drive/T0/mvel' 1770386337.8889 0.000 0.000
1770386337.8926 0 'robobot/drive/T0/pose' 1770386337.8925 97.3770 0.709 0.191 1.6075 -3.1105
1770386337.8937 0 'robobot/drive/T0/livn' 1770386337.8937 383 395 400 413 396 390 391 395 5
1770386337.8959 0 'robobot/drive/T0/vel' 1770386337.8959 97.3800 0.000 0.000 0.0000 0.000 4
1770386337.8964 0 'robobot/drive/T0/mvel' 1770386337.8963 0.000 0.000
1770386337.8970 0 'robobot/drive/T0/liv' 1770386337.8970 298 347 372 308 350 373 346 260 25
1770386337.8971 0 'robobot/drive/T0/pose' 1770386337.8970 97.3820 0.709 0.191 1.6075 -3.1106
1770386337.9004 0 'robobot/drive/T0/gyro' 1770386337.9003 0.160828 0.137329 -0.015198 97.384
1770386337.9004 0 'robobot/drive/T0/acc' 1770386337.9004 0.029053 -0.010742 0.984863 97.384
1770386337.9026 0 'robobot/drive/T0/pose' 1770386337.9026 97.3870 0.709 0.191 1.6075 -3.1106
1770386337.9038 0 'robobot/drive/T0/vel' 1770386337.9037 97.3880 0.000 0.000 0.0000 0.000 4
1770386337.9039 0 'robobot/drive/T0/livn' 1770386337.9038 397 386 390 391 391 389 390 378 5
1770386337.9048 0 'robobot/drive/T0/mvel' 1770386337.9048 0.000 0.000
1770386337.9071 0 'robobot/drive/T0/pose' 1770386337.9071 97.3920 0.709 0.191 1.6075 -3.1106
1770386337.9104 0 'robobot/drive/T0/ird' 1770386337.9103 0.814 1.500 3645 1924 1
1770386337.9115 0 'robobot/drive/T0/vel' 1770386337.9114 97.3960 0.000 0.000 0.0000 0.000 4
1770386337.9123 0 'robobot/drive/T0/mvel' 1770386337.9122 0.000 0.000
1770386337.9126 0 'robobot/drive/T0/gyro' 1770386337.9125 0.038757 0.076294 -0.137268 97.396
1770386337.9127 0 'robobot/drive/T0/acc' 1770386337.9126 0.033691 -0.010498 0.986572 97.396
1770386337.9128 0 'robobot/drive/T0/pose' 1770386337.9127 97.3970 0.709 0.191 1.6075 -3.1106
1770386337.9128 0 'robobot/drive/T0/mot' 1770386337.9128 0 0 0.1 0.1 0
1770386337.9128 0 'robobot/drive/T0/mca' 1770386337.9128 0.000 0.000 17
1770386337.9140 0 'robobot/drive/T0/livn' 1770386337.9139 398 388 390 388 393 390 387 384 5
1770386337.9173 0 'robobot/drive/T0/pose' 1770386337.9172 97.4020 0.709 0.191 1.6075 -3.1106
1770386337.9194 0 'robobot/drive/T0/vel' 1770386337.9194 97.4040 0.000 0.000 0.0000 0.000 4
1770386337.9197 0 'robobot/drive/T0/mvel' 1770386337.9197 0.000 0.000
1770386337.9227 0 'robobot/drive/T0/pose' 1770386337.9226 97.4070 0.709 0.191 1.6075 -3.1106
1770386337.9238 0 'robobot/drive/T0/livn' 1770386337.9237 397 387 389 396 401 388 378 374 5
1770386337.9239 0 'robobot/drive/T0/gyro' 1770386337.9238 0.069275 0.015259 -0.076233 97.408
1770386337.9240 0 'robobot/drive/T0/acc' 1770386337.9239 0.030762 -0.013428 0.981934 97.408
1770386337.9282 0 'robobot/drive/T0/vel' 1770386337.9282 97.4120 0.000 0.000 0.0000 0.000 4
1770386337.9283 0 'robobot/drive/T0/mvel' 1770386337.9283 0.000 0.000
1770386337.9283 0 'robobot/drive/T0/pose' 1770386337.9282 97.4120 0.709 0.191 1.6075 -3.1106
1770386337.9327 0 'robobot/drive/T0/pose' 1770386337.9326 97.4170 0.709 0.191 1.6075 -3.1106
1770386337.9338 0 'robobot/drive/T0/livn' 1770386337.9337 386 398 387 386 399 394 386 379 5
1770386337.9349 0 'robobot/drive/T0/ird' 1770386337.9349 0.854 1.500 3544 1920 1
1770386337.9361 0 'robobot/drive/T0/vel' 1770386337.9360 97.4200 0.000 0.000 0.0000 0.000 4
1770386337.9362 0 'robobot/drive/T0/gyro' 1770386337.9361 -0.419006 0.076294 -0.259338 97.420
1770386337.9363 0 'robobot/drive/T0/acc' 1770386337.9362 0.028809 -0.007812 0.985596 97.420
1770386337.9368 0 'robobot/drive/T0/mvel' 1770386337.9368 0.000 0.000
1770386337.9374 0 'robobot/drive/T0/pose' 1770386337.9373 97.4220 0.709 0.191 1.6075 -3.1106
1770386337.9428 0 'robobot/drive/T0/pose' 1770386337.9427 97.4270 0.709 0.191 1.6075 -3.1106
1770386337.9440 0 'robobot/drive/T0/vel' 1770386337.9439 97.4280 0.000 0.000 0.0000 0.000 4
1770386337.9441 0 'robobot/drive/T0/livn' 1770386337.9440 397 392 383 386 389 391 382 377 5
1770386337.9442 0 'robobot/drive/T0/mvel' 1770386337.9442 0.000 0.000
1770386337.9463 0 'robobot/drive/T0/mot' 1770386337.9462 0 0 0.1 0.1 0
1770386337.9463 0 'robobot/drive/T0/mca' 1770386337.9463 0.000 0.000 16
1770386337.9475 0 'robobot/drive/T0/liv' 1770386337.9474 298 349 368 299 350 376 344 259 25
1770386337.9475 0 'robobot/drive/T0/pose' 1770386337.9475 97.4320 0.709 0.191 1.6075 -3.1106
1770386337.9476 0 'robobot/drive/T0/gyro' 1770386337.9475 -0.022278 -0.045776 -0.045715 97.432
1770386337.9477 0 'robobot/drive/T0/acc' 1770386337.9476 0.025879 -0.013184 0.985596 97.432
1770386337.9520 0 'robobot/drive/T0/vel' 1770386337.9519 97.4360 0.000 0.000 0.0000 0.000 4
1770386337.9527 0 'robobot/drive/T0/mvel' 1770386337.9527 0.000 0.000
1770386337.9531 0 'robobot/drive/T0/pose' 1770386337.9531 97.4370 0.709 0.191 1.6075 -3.1106
1770386337.9543 0 'robobot/drive/T0/livn' 1770386337.9542 392 391 389 390 392 391 388 378 5
1770386337.9575 0 'robobot/drive/T0/pose' 1770386337.9574 97.4420 0.709 0.191 1.6075 -3.1106
1770386337.9597 0 'robobot/drive/T0/vel' 1770386337.9596 97.4440 0.000 0.000 0.0000 0.000 4
1770386337.9598 0 'robobot/drive/T0/ird' 1770386337.9597 0.912 1.500 3412 1907 1
1770386337.9598 0 'robobot/drive/T0/gyro' 1770386337.9598 0.130310 0.045776 -0.045715 97.444
1770386337.9599 0 'robobot/drive/T0/acc' 1770386337.9598 0.030273 -0.010742 0.980713 97.444
1770386337.9601 0 'robobot/drive/T0/mvel' 1770386337.9601 0.000 0.000
1770386337.9632 0 'robobot/drive/T0/pose' 1770386337.9631 97.4470 0.709 0.191 1.6075 -3.1106
1770386337.9643 0 'robobot/drive/T0/livn' 1770386337.9642 405 387 390 396 396 385 379 382 5
1770386337.9675 0 'robobot/drive/T0/vel' 1770386337.9675 97.4520 0.000 0.000 0.0000 0.000 4
1770386337.9676 0 'robobot/drive/T0/pose' 1770386337.9675 97.4520 0.709 0.191 1.6075 -3.1106
1770386337.9685 0 'robobot/drive/T0/mvel' 1770386337.9685 0.000 0.000
1770386337.9719 0 'robobot/drive/T0/gyro' 1770386337.9718 -0.113831 0.167847 -0.015198 97.456
1770386337.9720 0 'robobot/drive/T0/acc' 1770386337.9719 0.030762 -0.013184 0.979248 97.456
1770386337.9731 0 'robobot/drive/T0/pose' 1770386337.9730 97.4570 0.709 0.191 1.6075 -3.1106
1770386337.9743 0 'robobot/drive/T0/livn' 1770386337.9742 392 387 392 398 390 383 382 380 5
1770386337.9754 0 'robobot/drive/T0/vel' 1770386337.9753 97.4600 0.000 0.000 0.0000 0.000 4
1770386337.9759 0 'robobot/drive/T0/mvel' 1770386337.9759 0.000 0.000
1770386337.9776 0 'robobot/drive/T0/pose' 1770386337.9775 97.4620 0.709 0.191 1.6075 -3.1106
1770386337.9787 0 'robobot/drive/T0/mot' 1770386337.9786 0 0 0.1 0.1 0
1770386337.9787 0 'robobot/drive/T0/mca' 1770386337.9787 0.000 0.000 17
1770386337.9830 0 'robobot/drive/T0/pose' 1770386337.9829 97.4670 0.709 0.191 1.6075 -3.1106
1770386337.9841 0 'robobot/drive/T0/vel' 1770386337.9841 97.4680 0.000 0.000 0.0000 0.000 4
1770386337.9842 0 'robobot/drive/T0/livn' 1770386337.9841 395 386 387 392 399 387 382 386 5
1770386337.9843 0 'robobot/drive/T0/gyro' 1770386337.9842 -0.022278 -0.076294 0.015320 97.468
1770386337.9843 0 'robobot/drive/T0/mvel' 1770386337.9843 0.000 0.000
1770386337.9844 0 'robobot/drive/T0/acc' 1770386337.9843 0.030029 -0.012207 0.985107 97.468
1770386337.9855 0 'robobot/drive/T0/ird' 1770386337.9854 0.926 1.500 3384 1930 1
1770386337.9877 0 'robobot/drive/T0/pose' 1770386337.9876 97.4720 0.709 0.191 1.6075 -3.1106
1770386337.9920 0 'robobot/drive/T0/vel' 1770386337.9919 97.4760 0.000 0.000 0.0000 0.000 4
1770386337.9927 0 'robobot/drive/T0/mvel' 1770386337.9927 0.000 0.000
1770386337.9931 0 'robobot/drive/T0/pose' 1770386337.9930 97.4770 0.709 0.191 1.6075 -3.1106
1770386337.9942 0 'robobot/drive/T0/livn' 1770386337.9941 396 390 386 395 397 385 387 389 5
1770386337.9964 0 'robobot/drive/T0/gyro' 1770386337.9963 -0.174866 0.015259 -0.045715 97.480
1770386337.9965 0 'robobot/drive/T0/acc' 1770386337.9964 0.028809 -0.009033 0.985840 97.480
1770386337.9976 0 'robobot/drive/T0/liv' 1770386337.9975 300 344 368 303 351 371 342 262 25
1770386337.9977 0 'robobot/drive/T0/pose' 1770386337.9976 97.4820 0.709 0.191 1.6075 -3.1106
1770386337.9999 0 'robobot/drive/T0/vel' 1770386337.9998 97.4840 0.000 0.000 0.0000 0.000 4
1770386338.0001 0 'robobot/drive/T0/mvel' 1770386338.0001 0.000 0.000
1770386338.0031 0 'robobot/drive/T0/pose' 1770386338.0030 97.4870 0.709 0.191 1.6075 -3.1106
1770386338.0042 0 'robobot/drive/T0/livn' 1770386338.0042 382 376 383 390 393 383 384 382 5
1770386338.0075 0 'robobot/drive/T0/vel' 1770386338.0074 97.4920 0.000 0.000 0.0000 0.000 4
1770386338.0075 0 'robobot/drive/T0/mvel' 1770386338.0075 0.000 0.000
1770386338.0076 0 'robobot/drive/T0/pose' 1770386338.0075 97.4920 0.709 0.191 1.6075 -3.1106
1770386338.0076 0 'robobot/drive/T0/gyro' 1770386338.0076 0.221863 -0.015259 0.045837 97.492
1770386338.0077 0 'robobot/drive/T0/acc' 1770386338.0076 0.030029 -0.009521 0.981445 97.492
1770386338.0099 0 'robobot/drive/T0/ird' 1770386338.0098 0.872 1.500 3500 1958 1
1770386338.0120 0 'robobot/drive/T0/mot' 1770386338.0120 0 0 0.1 0.1 0
1770386338.0121 0 'robobot/drive/T0/mca' 1770386338.0120 0.000 0.000 16
1770386338.0121 0 'robobot/drive/T0/dname' 1770386338.0121 Robobot Arthur
1770386338.0132 0 'robobot/drive/T0/pose' 1770386338.0132 97.4970 0.709 0.191 1.6075 -3.1106
1770386338.0144 0 'robobot/drive/T0/livn' 1770386338.0143 410 398 389 389 395 393 387 374 5
1770386338.0155 0 'robobot/drive/T0/vel' 1770386338.0154 97.5000 0.000 0.000 0.0000 0.000 4
1770386338.0159 0 'robobot/drive/T0/mvel' 1770386338.0159 0.000 0.000
1770386338.0177 0 'robobot/drive/T0/pose' 1770386338.0176 97.5020 0.709 0.191 1.6075 -3.1106
1770386338.0199 0 'robobot/drive/T0/gyro' 1770386338.0198 0.191345 0.228882 0.045837 97.504
1770386338.0199 0 'robobot/drive/T0/acc' 1770386338.0199 0.027344 -0.014893 0.988770 97.504
1770386338.0232 0 'robobot/drive/T0/pose' 1770386338.0231 97.5070 0.709 0.191 1.6075 -3.1106
1770386338.0243 0 'robobot/drive/T0/vel' 1770386338.0242 97.5080 0.000 0.000 0.0000 0.000 4
1770386338.0244 0 'robobot/drive/T0/mvel' 1770386338.0243 0.000 0.000
1770386338.0244 0 'robobot/drive/T0/livn' 1770386338.0243 387 387 387 393 397 385 377 373 5
1770386338.0276 0 'robobot/drive/T0/pose' 1770386338.0276 97.5120 0.709 0.191 1.6075 -3.1106
1770386338.0319 0 'robobot/drive/T0/vel' 1770386338.0318 97.5160 0.000 0.000 0.0000 0.000 4
1770386338.0320 0 'robobot/drive/T0/gyro' 1770386338.0319 -0.113831 0.289917 -0.106750 97.516
1770386338.0321 0 'robobot/drive/T0/acc' 1770386338.0320 0.031250 -0.012451 0.981934 97.516
1770386338.0328 0 'robobot/drive/T0/mvel' 1770386338.0327 0.000 0.000
1770386338.0332 0 'robobot/drive/T0/pose' 1770386338.0331 97.5170 0.709 0.191 1.6075 -3.1106
1770386338.0343 0 'robobot/drive/T0/livn' 1770386338.0342 387 383 385 397 400 384 378 373 5
1770386338.0354 0 'robobot/drive/T0/ird' 1770386338.0354 0.875 1.500 3494 2101 1
1770386338.0376 0 'robobot/drive/T0/pose' 1770386338.0375 97.5220 0.709 0.191 1.6075 -3.1106
1770386338.0398 0 'robobot/drive/T0/vel' 1770386338.0397 97.5240 0.000 0.000 0.0000 0.000 4
1770386338.0402 0 'robobot/drive/T0/mvel' 1770386338.0401 0.000 0.000
1770386338.0430 0 'robobot/drive/T0/pose' 1770386338.0430 97.5270 0.709 0.191 1.6075 -3.1106
1770386338.0431 0 'robobot/drive/T0/hbt' 1770386338.0430 97.5280 107 1033 11.77 4 8 8.9 0.37 0
1770386338.0442 0 'robobot/drive/T0/livn' 1770386338.0442 387 387 386 390 390 381 383 378 5
1770386338.0443 0 'robobot/drive/T0/gyro' 1770386338.0442 -0.052795 -0.045776 -0.228821 97.528
1770386338.0444 0 'robobot/drive/T0/acc' 1770386338.0443 0.028809 -0.010010 0.986084 97.528
1770386338.0444 0 'robobot/drive/T0/mot' 1770386338.0444 0 0 0.1 0.1 0
1770386338.0445 0 'robobot/drive/T0/mca' 1770386338.0444 0.000 0.000 17
1770386338.0477 0 'robobot/drive/T0/liv' 1770386338.0476 299 347 367 302 352 371 341 256 25
1770386338.0478 0 'robobot/drive/T0/vel' 1770386338.0477 97.5320 0.000 0.000 0.0000 0.000 4
1770386338.0478 0 'robobot/drive/T0/pose' 1770386338.0478 97.5320 0.709 0.191 1.6075 -3.1106
1770386338.0486 0 'robobot/drive/T0/mvel' 1770386338.0486 0.000 0.000
1770386338.0532 0 'robobot/drive/T0/pose' 1770386338.0531 97.5370 0.709 0.191 1.6075 -3.1106
1770386338.0543 0 'robobot/drive/T0/livn' 1770386338.0543 392 382 386 399 400 372 365 375 5
1770386338.0555 0 'robobot/drive/T0/vel' 1770386338.0554 97.5400 0.000 0.000 0.0000 0.000 4
1770386338.0560 0 'robobot/drive/T0/mvel' 1770386338.0560 0.000 0.000
1770386338.0566 0 'robobot/drive/T0/gyro' 1770386338.0565 -0.083313 0.106812 -0.259338 97.540
1770386338.0567 0 'robobot/drive/T0/acc' 1770386338.0566 0.028564 -0.009521 0.982178 97.540
1770386338.0578 0 'robobot/drive/T0/pose' 1770386338.0577 97.5420 0.709 0.191 1.6075 -3.1106
1770386338.0600 0 'robobot/drive/T0/ird' 1770386338.0599 0.915 1.500 3405 2033 1
1770386338.0632 0 'robobot/drive/T0/pose' 1770386338.0632 97.5470 0.709 0.191 1.6075 -3.1106
1770386338.0644 0 'robobot/drive/T0/vel' 1770386338.0643 97.5480 0.000 0.000 0.0000 0.000 4
1770386338.0644 0 'robobot/drive/T0/mvel' 1770386338.0644 0.000 0.000
1770386338.0644 0 'robobot/drive/T0/livn' 1770386338.0644 393 386 389 396 396 382 374 373 5
1770386338.0677 0 'robobot/drive/T0/pose' 1770386338.0676 97.5520 0.709 0.191 1.6075 -3.1106
1770386338.0677 0 'robobot/drive/T0/gyro' 1770386338.0677 -0.266418 0.137329 -0.106750 97.552
1770386338.0678 0 'robobot/drive/T0/acc' 1770386338.0677 0.030029 -0.009033 0.984131 97.552
1770386338.0721 0 'robobot/drive/T0/vel' 1770386338.0720 97.5560 0.000 0.000 0.0000 0.000 4
1770386338.0729 0 'robobot/drive/T0/mvel' 1770386338.0728 0.000 0.000
1770386338.0732 0 'robobot/drive/T0/pose' 1770386338.0732 97.5570 0.709 0.191 1.6075 -3.1106
1770386338.0744 0 'robobot/drive/T0/livn' 1770386338.0743 391 388 395 400 398 388 383 383 5
1770386338.0776 0 'robobot/drive/T0/mot' 1770386338.0775 0 0 0.1 0.1 0
1770386338.0776 0 'robobot/drive/T0/mca' 1770386338.0776 -0.000 0.000 16
1770386338.0777 0 'robobot/drive/T0/pose' 1770386338.0776 97.5620 0.709 0.191 1.6075 -3.1106
1770386338.0799 0 'robobot/drive/T0/vel' 1770386338.0798 97.5640 0.000 0.000 0.0000 0.000 4
1770386338.0799 0 'robobot/drive/T0/gyro' 1770386338.0799 0.008240 0.076294 -0.137268 97.564
1770386338.0800 0 'robobot/drive/T0/acc' 1770386338.0799 0.029053 -0.015869 0.987061 97.564
1770386338.0802 0 'robobot/drive/T0/mvel' 1770386338.0802 0.000 0.000
1770386338.0833 0 'robobot/drive/T0/pose' 1770386338.0832 97.5670 0.709 0.191 1.6075 -3.1106
1770386338.0844 0 'robobot/drive/T0/livn' 1770386338.0843 394 390 391 389 384 379 385 382 5
1770386338.0844 0 'robobot/drive/T0/ird' 1770386338.0844 0.875 1.500 3494 2043 1
1770386338.0877 0 'robobot/drive/T0/vel' 1770386338.0876 97.5720 0.000 0.000 0.0000 0.000 4
1770386338.0878 0 'robobot/drive/T0/pose' 1770386338.0877 97.5720 0.709 0.191 1.6075 -3.1106
1770386338.0887 0 'robobot/drive/T0/mvel' 1770386338.0886 0.000 0.000
1770386338.0921 0 'robobot/drive/T0/gyro' 1770386338.0920 0.130310 0.045776 0.015320 97.576
1770386338.0921 0 'robobot/drive/T0/acc' 1770386338.0921 0.029297 -0.007812 0.983154 97.576
1770386338.0933 0 'robobot/drive/T0/pose' 1770386338.0932 97.5770 0.709 0.191 1.6075 -3.1106
1770386338.0944 0 'robobot/drive/T0/livn' 1770386338.0943 389 401 394 383 386 391 380 373 5
1770386338.0955 0 'robobot/drive/T0/vel' 1770386338.0955 97.5800 0.000 0.000 0.0000 0.000 4
1770386338.0960 0 'robobot/drive/T0/mvel' 1770386338.0960 0.000 0.000
1770386338.0977 0 'robobot/drive/T0/liv' 1770386338.0976 296 349 372 303 348 370 339 257 25
1770386338.0978 0 'robobot/drive/T0/pose' 1770386338.0977 97.5820 0.709 0.191 1.6075 -3.1106
1770386338.1031 0 'robobot/drive/T0/pose' 1770386338.1031 97.5870 0.709 0.191 1.6075 -3.1106
1770386338.1043 0 'robobot/drive/T0/vel' 1770386338.1042 97.5880 0.000 0.000 0.0000 0.000 4
1770386338.1043 0 'robobot/drive/T0/livn' 1770386338.1043 390 388 394 395 397 391 381 376 5
1770386338.1044 0 'robobot/drive/T0/gyro' 1770386338.1043 -0.174866 0.137329 -0.045715 97.588
1770386338.1045 0 'robobot/drive/T0/acc' 1770386338.1044 0.031982 -0.012207 0.992676 97.588
1770386338.1045 0 'robobot/drive/T0/mvel' 1770386338.1045 0.000 0.000
1770386338.1077 0 'robobot/drive/T0/pose' 1770386338.1076 97.5920 0.709 0.191 1.6075 -3.1106
1770386338.1099 0 'robobot/drive/T0/ird' 1770386338.1098 0.827 1.500 3609 1930 1
1770386338.1110 0 'robobot/drive/T0/mot' 1770386338.1109 0 0 0.1 0.1 0
1770386338.1110 0 'robobot/drive/T0/mca' 1770386338.1110 0.000 0.000 17
1770386338.1122 0 'robobot/drive/T0/vel' 1770386338.1121 97.5960 0.000 0.000 0.0000 0.000 4
1770386338.1129 0 'robobot/drive/T0/mvel' 1770386338.1129 0.000 0.000
1770386338.1133 0 'robobot/drive/T0/pose' 1770386338.1132 97.5970 0.709 0.191 1.6075 -3.1106
1770386338.1144 0 'robobot/drive/T0/livn' 1770386338.1143 393 388 392 392 395 390 384 381 5
1770386338.1166 0 'robobot/drive/T0/gyro' 1770386338.1165 -0.083313 0.228882 -0.167786 97.600
1770386338.1167 0 'robobot/drive/T0/acc' 1770386338.1166 0.026123 -0.011719 0.983154 97.600
1770386338.1178 0 'robobot/drive/T0/pose' 1770386338.1177 97.6020 0.709 0.191 1.6075 -3.1106
1770386338.1200 0 'robobot/drive/T0/vel' 1770386338.1199 97.6040 0.000 0.000 0.0000 0.000 4
1770386338.1203 0 'robobot/drive/T0/mvel' 1770386338.1203 0.000 0.000
1770386338.1232 0 'robobot/drive/T0/pose' 1770386338.1231 97.6070 0.709 0.191 1.6075 -3.1106
1770386338.1243 0 'robobot/drive/T0/livn' 1770386338.1243 392 386 386 383 393 382 389 378 5
1770386338.1276 0 'robobot/drive/T0/vel' 1770386338.1275 97.6120 0.000 0.000 0.0000 0.000 4
1770386338.1276 0 'robobot/drive/T0/pose' 1770386338.1276 97.6120 0.709 0.191 1.6075 -3.1106
1770386338.1277 0 'robobot/drive/T0/mvel' 1770386338.1277 0.000 0.000
1770386338.1277 0 'robobot/drive/T0/gyro' 1770386338.1276 0.008240 0.137329 -0.045715 97.612
1770386338.1278 0 'robobot/drive/T0/acc' 1770386338.1277 0.028809 -0.015869 0.983643 97.612
1770386338.1325 0 'robobot/drive/T0/pose' 1770386338.1324 97.6170 0.709 0.191 1.6075 -3.1106
1770386338.1336 0 'robobot/drive/T0/livn' 1770386338.1336 385 380 381 393 400 381 369 379 5
1770386338.1348 0 'robobot/drive/T0/ird' 1770386338.1347 0.820 1.500 3629 1894 1
1770386338.1359 0 'robobot/drive/T0/vel' 1770386338.1358 97.6200 0.000 0.000 0.0000 0.000 4
1770386338.1362 0 'robobot/drive/T0/mvel' 1770386338.1361 0.000 0.000
1770386338.1382 0 'robobot/drive/T0/pose' 1770386338.1381 97.6220 0.709 0.191 1.6075 -3.1106
1770386338.1405 0 'robobot/drive/T0/gyro' 1770386338.1404 -0.052795 0.015259 -0.106750 97.624
1770386338.1408 0 'robobot/drive/T0/acc' 1770386338.1405 0.029541 -0.010010 0.986084 97.624
1770386338.1431 0 'robobot/drive/T0/pose' 1770386338.1429 97.6270 0.709 0.191 1.6075 -3.1106
1770386338.1443 0 'robobot/drive/T0/vel' 1770386338.1442 97.6280 0.000 0.000 0.0000 0.000 4
1770386338.1443 0 'robobot/drive/T0/mot' 1770386338.1443 0 0 0.1 0.1 0
1770386338.1443 0 'robobot/drive/T0/mca' 1770386338.1443 0.000 0.000 16
1770386338.1444 0 'robobot/drive/T0/livn' 1770386338.1443 390 382 385 400 397 376 381 382 5
1770386338.1446 0 'robobot/drive/T0/mvel' 1770386338.1446 0.000 0.000
1770386338.1478 0 'robobot/drive/T0/liv' 1770386338.1476 296 344 368 302 352 369 342 261 25
1770386338.1481 0 'robobot/drive/T0/pose' 1770386338.1478 97.6320 0.709 0.191 1.6075 -3.1106
1770386338.1514 0 'robobot/drive/T0/vel' 1770386338.1513 97.6360 0.000 0.000 0.0000 0.000 4
1770386338.1520 0 'robobot/drive/T0/mvel' 1770386338.1520 0.000 0.000
1770386338.1526 0 'robobot/drive/T0/gyro' 1770386338.1525 0.008240 0.076294 0.045837 97.636
1770386338.1526 0 'robobot/drive/T0/acc' 1770386338.1526 0.030273 -0.012451 0.982178 97.636
1770386338.1527 0 'robobot/drive/T0/pose' 1770386338.1526 97.6370 0.709 0.191 1.6075 -3.1106
1770386338.1540 0 'robobot/drive/T0/livn' 1770386338.1538 390 391 391 396 391 382 384 387 5
1770386338.1584 0 'robobot/drive/T0/pose' 1770386338.1582 97.6420 0.709 0.191 1.6075 -3.1106
1770386338.1595 0 'robobot/drive/T0/vel' 1770386338.1594 97.6440 0.000 0.000 0.0000 0.000 4
1770386338.1596 0 'robobot/drive/T0/ird' 1770386338.1595 0.892 1.500 3456 1947 1
1770386338.1605 0 'robobot/drive/T0/mvel' 1770386338.1604 0.000 0.000
1770386338.1628 0 'robobot/drive/T0/pose' 1770386338.1628 97.6470 0.709 0.191 1.6075 -3.1106
1770386338.1640 0 'robobot/drive/T0/livn' 1770386338.1639 392 388 382 384 389 387 380 375 5
1770386338.1641 0 'robobot/drive/T0/gyro' 1770386338.1640 -0.083313 -0.045776 -0.137268 97.648
1770386338.1642 0 'robobot/drive/T0/acc' 1770386338.1641 0.034180 -0.014648 0.984375 97.648
1770386338.1676 0 'robobot/drive/T0/vel' 1770386338.1673 97.6520 0.000 0.000 0.0000 0.000 4
1770386338.1676 0 'robobot/drive/T0/pose' 1770386338.1676 97.6520 0.709 0.191 1.6075 -3.1106
1770386338.1678 0 'robobot/drive/T0/mvel' 1770386338.1678 0.000 0.000
1770386338.1730 0 'robobot/drive/T0/pose' 1770386338.1729 97.6570 0.709 0.191 1.6075 -3.1106
1770386338.1742 0 'robobot/drive/T0/livn' 1770386338.1741 401 389 385 378 380 390 386 378 5
1770386338.1764 0 'robobot/drive/T0/vel' 1770386338.1763 97.6600 0.000 0.000 0.0000 0.000 4
1770386338.1764 0 'robobot/drive/T0/gyro' 1770386338.1764 0.008240 0.137329 -0.106750 97.660
1770386338.1765 0 'robobot/drive/T0/acc' 1770386338.1764 0.029053 -0.010254 0.984375 97.660
1770386338.1766 0 'robobot/drive/T0/mot' 1770386338.1765 0 0 0.1 0.1 0
1770386338.1766 0 'robobot/drive/T0/mca' 1770386338.1766 0.000 0.000 17
1770386338.1773 0 'robobot/drive/T0/mvel' 1770386338.1773 0.000 0.000
1770386338.1777 0 'robobot/drive/T0/pose' 1770386338.1777 97.6620 0.709 0.191 1.6075 -3.1106
1770386338.1831 0 'robobot/drive/T0/pose' 1770386338.1830 97.6670 0.709 0.191 1.6075 -3.1106
1770386338.1843 0 'robobot/drive/T0/vel' 1770386338.1842 97.6680 0.000 0.000 0.0000 0.000 4
1770386338.1843 0 'robobot/drive/T0/livn' 1770386338.1843 393 391 389 390 388 392 392 379 5
1770386338.1847 0 'robobot/drive/T0/mvel' 1770386338.1847 0.000 0.000
1770386338.1855 0 'robobot/drive/T0/ird' 1770386338.1854 0.926 1.500 3382 1874 1
1770386338.1877 0 'robobot/drive/T0/pose' 1770386338.1876 97.6720 0.709 0.191 1.6075 -3.1105
1770386338.1878 0 'robobot/drive/T0/gyro' 1770386338.1877 0.099792 0.289917 -0.015198 97.672
1770386338.1878 0 'robobot/drive/T0/acc' 1770386338.1878 0.030029 -0.014648 0.988281 97.672
1770386338.1923 0 'robobot/drive/T0/vel' 1770386338.1920 97.6760 0.000 0.000 0.0000 0.000 4
1770386338.1931 0 'robobot/drive/T0/mvel' 1770386338.1931 0.000 0.000
1770386338.1934 0 'robobot/drive/T0/pose' 1770386338.1933 97.6770 0.709 0.191 1.6075 -3.1105
1770386338.1946 0 'robobot/drive/T0/livn' 1770386338.1945 394 393 390 396 395 389 387 371 5
1770386338.1968 0 'robobot/drive/T0/liv' 1770386338.1967 298 347 366 299 345 376 346 256 25
1770386338.1979 0 'robobot/drive/T0/pose' 1770386338.1978 97.6820 0.709 0.191 1.6075 -3.1106
1770386338.2001 0 'robobot/drive/T0/vel' 1770386338.2001 97.6840 0.000 0.000 0.0000 0.000 4
1770386338.2002 0 'robobot/drive/T0/gyro' 1770386338.2001 0.069275 -0.045776 -0.228821 97.684
1770386338.2003 0 'robobot/drive/T0/acc' 1770386338.2002 0.030518 -0.013428 0.981445 97.684
1770386338.2005 0 'robobot/drive/T0/mvel' 1770386338.2005 0.000 0.000
1770386338.2026 0 'robobot/drive/T0/pose' 1770386338.2024 97.6870 0.709 0.191 1.6075 -3.1106
1770386338.2039 0 'robobot/drive/T0/livn' 1770386338.2037 388 384 386 394 395 395 390 378 5
1770386338.2083 0 'robobot/drive/T0/vel' 1770386338.2082 97.6920 0.000 0.000 0.0000 0.000 4
1770386338.2085 0 'robobot/drive/T0/pose' 1770386338.2083 97.6920 0.709 0.191 1.6075 -3.1106
1770386338.2089 0 'robobot/drive/T0/mvel' 1770386338.2089 0.000 0.000
1770386338.2097 0 'robobot/drive/T0/mot' 1770386338.2096 0 0 0.1 0.1 0
1770386338.2097 0 'robobot/drive/T0/mca' 1770386338.2097 0.000 0.000 16
1770386338.2098 0 'robobot/drive/T0/ird' 1770386338.2097 0.911 1.500 3414 1956 1
1770386338.2120 0 'robobot/drive/T0/gyro' 1770386338.2119 -0.174866 0.228882 -0.137268 97.696
1770386338.2121 0 'robobot/drive/T0/acc' 1770386338.2120 0.031250 -0.011230 0.985352 97.696
1770386338.2133 0 'robobot/drive/T0/pose' 1770386338.2132 97.6970 0.709 0.191 1.6075 -3.1106
1770386338.2144 0 'robobot/drive/T0/livn' 1770386338.2143 390 383 382 400 403 381 378 382 5
1770386338.2156 0 'robobot/drive/T0/vel' 1770386338.2155 97.7000 0.000 0.000 0.0000 0.000 4
1770386338.2163 0 'robobot/drive/T0/mvel' 1770386338.2163 0.000 0.000
1770386338.2178 0 'robobot/drive/T0/pose' 1770386338.2177 97.7020 0.709 0.191 1.6075 -3.1106
1770386338.2231 0 'robobot/drive/T0/pose' 1770386338.2230 97.7070 0.709 0.191 1.6075 -3.1106
1770386338.2243 0 'robobot/drive/T0/vel' 1770386338.2242 97.7080 0.000 0.000 0.0000 0.000 4
1770386338.2243 0 'robobot/drive/T0/livn' 1770386338.2243 398 382 379 401 405 384 380 382 5
1770386338.2244 0 'robobot/drive/T0/gyro' 1770386338.2243 0.008240 0.045776 -0.137268 97.708
1770386338.2245 0 'robobot/drive/T0/acc' 1770386338.2244 0.030029 -0.011475 0.986328 97.708
1770386338.2248 0 'robobot/drive/T0/mvel' 1770386338.2248 0.000 0.000
1770386338.2277 0 'robobot/drive/T0/pose' 1770386338.2276 97.7120 0.709 0.191 1.6075 -3.1106
1770386338.2320 0 'robobot/drive/T0/vel' 1770386338.2319 97.7160 0.000 0.000 0.0000 0.000 4
1770386338.2322 0 'robobot/drive/T0/mvel' 1770386338.2321 0.000 0.000
1770386338.2332 0 'robobot/drive/T0/pose' 1770386338.2331 97.7170 0.709 0.191 1.6075 -3.1106
1770386338.2343 0 'robobot/drive/T0/livn' 1770386338.2342 397 386 389 396 398 389 378 371 5
1770386338.2355 0 'robobot/drive/T0/ird' 1770386338.2354 0.860 1.500 3528 1904 1
1770386338.2366 0 'robobot/drive/T0/gyro' 1770386338.2365 0.160828 0.137329 -0.076233 97.720
1770386338.2367 0 'robobot/drive/T0/acc' 1770386338.2366 0.027100 -0.010254 0.988037 97.720
1770386338.2378 0 'robobot/drive/T0/pose' 1770386338.2377 97.7220 0.709 0.191 1.6075 -3.1106
1770386338.2400 0 'robobot/drive/T0/vel' 1770386338.2400 97.7240 0.000 0.000 0.0000 0.000 4
1770386338.2406 0 'robobot/drive/T0/mvel' 1770386338.2405 0.000 0.000
1770386338.2433 0 'robobot/drive/T0/mot' 1770386338.2432 0 0 0.1 0.1 0
1770386338.2433 0 'robobot/drive/T0/mca' 1770386338.2433 0.000 0.000 17
1770386338.2434 0 'robobot/drive/T0/pose' 1770386338.2433 97.7270 0.709 0.191 1.6075 -3.1106
1770386338.2445 0 'robobot/drive/T0/livn' 1770386338.2444 396 378 385 396 400 392 385 380 5
1770386338.2477 0 'robobot/drive/T0/liv' 1770386338.2477 301 343 365 306 356 373 342 258 25
1770386338.2478 0 'robobot/drive/T0/vel' 1770386338.2477 97.7320 0.000 0.000 0.0000 0.000 4
1770386338.2479 0 'robobot/drive/T0/pose' 1770386338.2478 97.7320 0.709 0.191 1.6075 -3.1106
1770386338.2480 0 'robobot/drive/T0/mvel' 1770386338.2479 0.000 0.000
1770386338.2480 0 'robobot/drive/T0/gyro' 1770386338.2479 -0.113831 0.198364 -0.228821 97.732
1770386338.2481 0 'robobot/drive/T0/acc' 1770386338.2480 0.031250 -0.012695 0.983154 97.732
1770386338.2534 0 'robobot/drive/T0/pose' 1770386338.2533 97.7370 0.709 0.191 1.6075 -3.1106
1770386338.2545 0 'robobot/drive/T0/livn' 1770386338.2545 389 389 396 387 388 388 387 393 5
1770386338.2557 0 'robobot/drive/T0/vel' 1770386338.2556 97.7400 0.000 0.000 0.0000 0.000 4
1770386338.2564 0 'robobot/drive/T0/mvel' 1770386338.2564 0.000 0.000
1770386338.2579 0 'robobot/drive/T0/pose' 1770386338.2578 97.7420 0.709 0.191 1.6075 -3.1106
1770386338.2600 0 'robobot/drive/T0/ird' 1770386338.2600 0.833 1.500 3594 1881 1
1770386338.2601 0 'robobot/drive/T0/gyro' 1770386338.2600 -0.052795 0.198364 -0.015198 97.744
1770386338.2602 0 'robobot/drive/T0/acc' 1770386338.2601 0.030273 -0.011230 0.985596 97.744
1770386338.2634 0 'robobot/drive/T0/pose' 1770386338.2633 97.7470 0.709 0.191 1.6075 -3.1106
1770386338.2635 0 'robobot/drive/T0/vel' 1770386338.2634 97.7480 0.000 0.000 0.0000 0.000 4
1770386338.2635 0 'robobot/drive/T0/livn' 1770386338.2635 389 391 389 380 389 386 381 387 5
1770386338.2638 0 'robobot/drive/T0/mvel' 1770386338.2637 0.000 0.000
1770386338.2678 0 'robobot/drive/T0/pose' 1770386338.2678 97.7520 0.709 0.191 1.6075 -3.1105
1770386338.2721 0 'robobot/drive/T0/vel' 1770386338.2721 97.7560 0.000 0.000 0.0000 0.000 4
1770386338.2722 0 'robobot/drive/T0/gyro' 1770386338.2721 0.191345 0.015259 -0.076233 97.756
1770386338.2722 0 'robobot/drive/T0/mvel' 1770386338.2722 0.000 0.000
1770386338.2723 0 'robobot/drive/T0/acc' 1770386338.2722 0.031494 -0.012207 0.981934 97.756
1770386338.2734 0 'robobot/drive/T0/pose' 1770386338.2733 97.7570 0.709 0.191 1.6075 -3.1105
1770386338.2745 0 'robobot/drive/T0/livn' 1770386338.2745 392 391 388 400 394 387 385 380 5
1770386338.2756 0 'robobot/drive/T0/mot' 1770386338.2756 0 0 0.1 0.1 0
1770386338.2757 0 'robobot/drive/T0/mca' 1770386338.2756 0.000 0.000 16
1770386338.2779 0 'robobot/drive/T0/pose' 1770386338.2778 97.7620 0.709 0.191 1.6075 -3.1105
1770386338.2800 0 'robobot/drive/T0/vel' 1770386338.2800 97.7640 0.000 0.000 0.0000 0.000 4
1770386338.2807 0 'robobot/drive/T0/mvel' 1770386338.2806 0.000 0.000
1770386338.2833 0 'robobot/drive/T0/pose' 1770386338.2832 97.7670 0.709 0.191 1.6075 -3.1105
1770386338.2844 0 'robobot/drive/T0/livn' 1770386338.2843 383 382 394 396 398 383 381 385 5
1770386338.2845 0 'robobot/drive/T0/gyro' 1770386338.2844 -0.144348 0.106812 -0.198303 97.768
1770386338.2845 0 'robobot/drive/T0/acc' 1770386338.2845 0.026611 -0.012939 0.983643 97.768
1770386338.2846 0 'robobot/drive/T0/ird' 1770386338.2845 0.876 1.500 3492 1902 1
1770386338.2878 0 'robobot/drive/T0/vel' 1770386338.2878 97.7720 0.000 0.000 0.0000 0.000 4
1770386338.2879 0 'robobot/drive/T0/pose' 1770386338.2878 97.7720 0.709 0.191 1.6075 -3.1105
1770386338.2880 0 'robobot/drive/T0/mvel' 1770386338.2880 0.000 0.000
1770386338.2933 0 'robobot/drive/T0/pose' 1770386338.2932 97.7770 0.709 0.191 1.6075 -3.1105
1770386338.2944 0 'robobot/drive/T0/livn' 1770386338.2943 396 384 389 392 394 384 384 377 5
1770386338.2955 0 'robobot/drive/T0/vel' 1770386338.2954 97.7800 0.000 0.000 0.0000 0.000 4
1770386338.2956 0 'robobot/drive/T0/gyro' 1770386338.2955 0.130310 0.259399 0.167908 97.780
1770386338.2956 0 'robobot/drive/T0/acc' 1770386338.2956 0.032227 -0.014404 0.979736 97.780
1770386338.2964 0 'robobot/drive/T0/mvel' 1770386338.2964 0.000 0.000
1770386338.2968 0 'robobot/drive/T0/liv' 1770386338.2967 295 344 370 300 349 369 342 262 25
1770386338.2979 0 'robobot/drive/T0/pose' 1770386338.2978 97.7820 0.709 0.191 1.6075 -3.1105
1770386338.3032 0 'robobot/drive/T0/pose' 1770386338.3032 97.7870 0.709 0.191 1.6075 -3.1105
1770386338.3044 0 'robobot/drive/T0/vel' 1770386338.3043 97.7880 0.000 0.000 0.0000 0.000 4
1770386338.3044 0 'robobot/drive/T0/livn' 1770386338.3044 397 382 389 385 396 377 374 375 5
1770386338.3049 0 'robobot/drive/T0/mvel' 1770386338.3049 0.000 0.000
1770386338.3077 0 'robobot/drive/T0/pose' 1770386338.3076 97.7920 0.709 0.191 1.6075 -3.1105
1770386338.3077 0 'robobot/drive/T0/gyro' 1770386338.3077 -0.083313 -0.106812 -0.045715 97.792
1770386338.3078 0 'robobot/drive/T0/acc' 1770386338.3077 0.029053 -0.014648 0.982178 97.792
1770386338.3089 0 'robobot/drive/T0/mot' 1770386338.3089 0 0 0.1 0.1 0
1770386338.3090 0 'robobot/drive/T0/mca' 1770386338.3089 0.000 0.000 17
1770386338.3101 0 'robobot/drive/T0/ird' 1770386338.3100 0.891 1.500 3457 1819 1
1770386338.3122 0 'robobot/drive/T0/vel' 1770386338.3122 97.7960 0.000 0.000 0.0000 0.000 4
1770386338.3123 0 'robobot/drive/T0/mvel' 1770386338.3123 0.000 0.000
1770386338.3134 0 'robobot/drive/T0/pose' 1770386338.3133 97.7970 0.709 0.191 1.6075 -3.1105
1770386338.3145 0 'robobot/drive/T0/livn' 1770386338.3144 390 387 388 393 395 386 384 378 5
1770386338.3177 0 'robobot/drive/T0/pose' 1770386338.3177 97.8020 0.709 0.191 1.6075 -3.1105
1770386338.3199 0 'robobot/drive/T0/vel' 1770386338.3198 97.8040 0.000 0.000 0.0000 0.000 4
1770386338.3200 0 'robobot/drive/T0/gyro' 1770386338.3199 -0.083313 0.167847 -0.167786 97.804
1770386338.3201 0 'robobot/drive/T0/acc' 1770386338.3200 0.029541 -0.011963 0.985107 97.804
1770386338.3207 0 'robobot/drive/T0/mvel' 1770386338.3207 0.000 0.000
1770386338.3233 0 'robobot/drive/T0/pose' 1770386338.3232 97.8070 0.709 0.191 1.6075 -3.1105
1770386338.3244 0 'robobot/drive/T0/livn' 1770386338.3244 382 392 389 391 404 385 384 385 5
1770386338.3276 0 'robobot/drive/T0/vel' 1770386338.3276 97.8120 0.000 0.000 0.0000 0.000 4
1770386338.3277 0 'robobot/drive/T0/pose' 1770386338.3277 97.8120 0.709 0.191 1.6075 -3.1105
1770386338.3280 0 'robobot/drive/T0/mvel' 1770386338.3280 0.000 0.000
1770386338.3325 0 'robobot/drive/T0/gyro' 1770386338.3324 -0.052795 -0.045776 -0.045715 97.816
1770386338.3325 0 'robobot/drive/T0/acc' 1770386338.3325 0.032227 -0.011230 0.980713 97.816
1770386338.3326 0 'robobot/drive/T0/pose' 1770386338.3326 97.8170 0.709 0.191 1.6075 -3.1105
1770386338.3338 0 'robobot/drive/T0/livn' 1770386338.3337 396 394 390 390 394 390 390 380 5
1770386338.3350 0 'robobot/drive/T0/ird' 1770386338.3349 0.898 1.500 3442 1931 1
1770386338.3361 0 'robobot/drive/T0/vel' 1770386338.3360 97.8200 0.000 0.000 0.0000 0.000 4
1770386338.3365 0 'robobot/drive/T0/mvel' 1770386338.3365 0.000 0.000
1770386338.3383 0 'robobot/drive/T0/pose' 1770386338.3382 97.8220 0.709 0.191 1.6075 -3.1105
1770386338.3416 0 'robobot/drive/T0/mot' 1770386338.3415 0 0 0.1 0.1 0
1770386338.3416 0 'robobot/drive/T0/mca' 1770386338.3416 0.000 0.000 16
1770386338.3428 0 'robobot/drive/T0/pose' 1770386338.3427 97.8270 0.709 0.191 1.6075 -3.1105
1770386338.3440 0 'robobot/drive/T0/vel' 1770386338.3439 97.8280 0.000 0.000 0.0000 0.000 4
1770386338.3441 0 'robobot/drive/T0/livn' 1770386338.3440 379 391 396 396 386 381 384 374 5
1770386338.3441 0 'robobot/drive/T0/gyro' 1770386338.3441 -0.174866 0.228882 -0.015198 97.828
1770386338.3442 0 'robobot/drive/T0/acc' 1770386338.3441 0.032959 -0.011475 0.984863 97.828
1770386338.3449 0 'robobot/drive/T0/mvel' 1770386338.3449 0.000 0.000
1770386338.3475 0 'robobot/drive/T0/liv' 1770386338.3474 295 350 371 302 350 372 344 258 25
1770386338.3475 0 'robobot/drive/T0/pose' 1770386338.3475 97.8320 0.709 0.191 1.6075 -3.1105
1770386338.3519 0 'robobot/drive/T0/vel' 1770386338.3518 97.8360 0.000 0.000 0.0000 0.000 4
1770386338.3523 0 'robobot/drive/T0/mvel' 1770386338.3523 0.000 0.000
1770386338.3530 0 'robobot/drive/T0/pose' 1770386338.3529 97.8370 0.709 0.191 1.6075 -3.1105
1770386338.3542 0 'robobot/drive/T0/livn' 1770386338.3541 389 384 387 394 393 388 381 373 5
1770386338.3564 0 'robobot/drive/T0/gyro' 1770386338.3563 -0.235901 0.106812 -0.076233 97.840
1770386338.3564 0 'robobot/drive/T0/acc' 1770386338.3564 0.030518 -0.011963 0.988770 97.840
1770386338.3576 0 'robobot/drive/T0/pose' 1770386338.3575 97.8420 0.709 0.191 1.6075 -3.1105
1770386338.3598 0 'robobot/drive/T0/vel' 1770386338.3597 97.8440 0.000 0.000 0.0000 0.000 4
1770386338.3599 0 'robobot/drive/T0/ird' 1770386338.3598 0.886 1.500 3468 1913 1
1770386338.3607 0 'robobot/drive/T0/mvel' 1770386338.3607 0.000 0.000
1770386338.3631 0 'robobot/drive/T0/pose' 1770386338.3631 97.8470 0.709 0.191 1.6075 -3.1105
1770386338.3643 0 'robobot/drive/T0/livn' 1770386338.3642 393 393 386 392 396 391 391 377 5
1770386338.3659 0 'robobot/drive/master' 1770386338.3658 2026-02-06 14:58:48.828247
1770386338.3676 0 'robobot/drive/T0/vel' 1770386338.3675 97.8520 0.000 0.000 0.0000 0.000 4
1770386338.3677 0 'robobot/drive/T0/pose' 1770386338.3676 97.8520 0.709 0.191 1.6075 -3.1105
1770386338.3677 0 'robobot/drive/T0/gyro' 1770386338.3677 0.099792 0.106812 0.320496 97.852
1770386338.3678 0 'robobot/drive/T0/acc' 1770386338.3677 0.030762 -0.009033 0.980957 97.852
1770386338.3682 0 'robobot/drive/T0/mvel' 1770386338.3681 0.000 0.000
1770386338.3732 0 'robobot/drive/T0/pose' 1770386338.3731 97.8570 0.709 0.191 1.6075 -3.1105
1770386338.3743 0 'robobot/drive/T0/livn' 1770386338.3742 391 385 387 395 396 390 386 382 5
1770386338.3744 0 'robobot/drive/T0/mot' 1770386338.3743 0 0 0.1 0.1 0
1770386338.3744 0 'robobot/drive/T0/mca' 1770386338.3744 0.000 0.000 17
1770386338.3756 0 'robobot/drive/T0/vel' 1770386338.3755 97.8600 0.000 0.000 0.0000 0.000 4
1770386338.3766 0 'robobot/drive/T0/mvel' 1770386338.3766 0.000 0.000
1770386338.3778 0 'robobot/drive/T0/pose' 1770386338.3777 97.8620 0.709 0.191 1.6075 -3.1105
1770386338.3800 0 'robobot/drive/T0/gyro' 1770386338.3799 -0.052795 0.137329 -0.320374 97.864
1770386338.3801 0 'robobot/drive/T0/acc' 1770386338.3800 0.030518 -0.010254 0.991943 97.865
1770386338.3833 0 'robobot/drive/T0/pose' 1770386338.3832 97.8670 0.709 0.191 1.6075 -3.1105
1770386338.3834 0 'robobot/drive/T0/vel' 1770386338.3833 97.8680 0.000 0.000 0.0000 0.000 4
1770386338.3841 0 'robobot/drive/T0/mvel' 1770386338.3840 0.000 0.000
1770386338.3846 0 'robobot/drive/T0/livn' 1770386338.3845 396 383 376 388 404 386 373 364 5
1770386338.3847 0 'robobot/drive/T0/ird' 1770386338.3846 0.902 1.500 3434 1961 1
1770386338.3879 0 'robobot/drive/T0/pose' 1770386338.3878 97.8720 0.709 0.191 1.6075 -3.1105
1770386338.3922 0 'robobot/drive/T0/vel' 1770386338.3921 97.8760 0.000 0.000 0.0000 0.000 4
1770386338.3923 0 'robobot/drive/T0/gyro' 1770386338.3922 -0.113831 0.106812 0.106873 97.876
1770386338.3924 0 'robobot/drive/T0/acc' 1770386338.3923 0.027344 -0.008301 0.987061 97.877
1770386338.3925 0 'robobot/drive/T0/mvel' 1770386338.3925 0.000 0.000
1770386338.3935 0 'robobot/drive/T0/pose' 1770386338.3934 97.8770 0.709 0.191 1.6075 -3.1105
1770386338.3936 0 'robobot/drive/T0/livn' 1770386338.3935 387 385 386 384 397 386 379 384 5
1770386338.3968 0 'robobot/drive/T0/liv' 1770386338.3968 298 345 365 300 354 374 343 257 25
1770386338.3980 0 'robobot/drive/T0/pose' 1770386338.3979 97.8820 0.709 0.191 1.6075 -3.1105
1770386338.4002 0 'robobot/drive/T0/vel' 1770386338.4001 97.8840 0.000 0.000 0.0000 0.000 4
1770386338.4010 0 'robobot/drive/T0/mvel' 1770386338.4010 0.000 0.000
1770386338.4034 0 'robobot/drive/T0/pose' 1770386338.4034 97.8870 0.709 0.191 1.6075 -3.1105
1770386338.4046 0 'robobot/drive/T0/livn' 1770386338.4045 395 391 393 393 396 391 385 373 5
1770386338.4047 0 'robobot/drive/T0/gyro' 1770386338.4046 -0.083313 0.106812 0.137390 97.888
1770386338.4047 0 'robobot/drive/T0/acc' 1770386338.4047 0.026123 -0.014404 0.985107 97.889
1770386338.4080 0 'robobot/drive/T0/mot' 1770386338.4079 0 0 0.1 0.1 0
1770386338.4080 0 'robobot/drive/T0/mca' 1770386338.4080 0.000 0.000 16
1770386338.4081 0 'robobot/drive/T0/vel' 1770386338.4080 97.8920 0.000 0.000 0.0000 0.000 4
1770386338.4082 0 'robobot/drive/T0/pose' 1770386338.4081 97.8920 0.709 0.191 1.6075 -3.1105
1770386338.4084 0 'robobot/drive/T0/mvel' 1770386338.4084 0.000 0.000
1770386338.4103 0 'robobot/drive/T0/ird' 1770386338.4102 0.895 1.500 3449 1928 1
1770386338.4136 0 'robobot/drive/T0/pose' 1770386338.4135 97.8970 0.709 0.191 1.6075 -3.1105
1770386338.4136 0 'robobot/drive/T0/livn' 1770386338.4136 392 387 382 395 401 391 384 380 5
1770386338.4158 0 'robobot/drive/T0/vel' 1770386338.4158 97.9000 0.000 0.000 0.0000 0.000 4
1770386338.4159 0 'robobot/drive/T0/gyro' 1770386338.4158 -0.144348 0.167847 -0.320374 97.900
1770386338.4160 0 'robobot/drive/T0/acc' 1770386338.4159 0.032227 -0.008545 0.986084 97.901
1770386338.4169 0 'robobot/drive/T0/mvel' 1770386338.4168 0.000 0.000
1770386338.4182 0 'robobot/drive/T0/pose' 1770386338.4181 97.9020 0.709 0.191 1.6075 -3.1105
1770386338.4235 0 'robobot/drive/T0/pose' 1770386338.4234 97.9070 0.709 0.191 1.6075 -3.1105
1770386338.4236 0 'robobot/drive/T0/vel' 1770386338.4235 97.9080 0.000 0.000 0.0000 0.000 4
1770386338.4237 0 'robobot/drive/T0/livn' 1770386338.4236 380 391 391 403 389 382 387 385 5
1770386338.4243 0 'robobot/drive/T0/mvel' 1770386338.4243 0.000 0.000
1770386338.4279 0 'robobot/drive/T0/pose' 1770386338.4279 97.9120 0.709 0.191 1.6075 -3.1105
1770386338.4280 0 'robobot/drive/T0/gyro' 1770386338.4279 0.038757 0.228882 0.198425 97.912
1770386338.4281 0 'robobot/drive/T0/acc' 1770386338.4280 0.028076 -0.011475 0.981934 97.913
1770386338.4324 0 'robobot/drive/T0/vel' 1770386338.4323 97.9160 0.000 0.000 0.0000 0.000 4
1770386338.4328 0 'robobot/drive/T0/mvel' 1770386338.4327 0.000 0.000
1770386338.4335 0 'robobot/drive/T0/pose' 1770386338.4334 97.9170 0.709 0.191 1.6075 -3.1105
1770386338.4336 0 'robobot/drive/T0/livn' 1770386338.4335 377 388 386 394 391 386 378 390 5
1770386338.4347 0 'robobot/drive/T0/ird' 1770386338.4347 0.815 1.500 3641 1844 1
1770386338.4380 0 'robobot/drive/T0/pose' 1770386338.4379 97.9220 0.709 0.191 1.6075 -3.1105
1770386338.4401 0 'robobot/drive/T0/vel' 1770386338.4401 97.9240 0.000 0.000 0.0000 0.000 4
1770386338.4402 0 'robobot/drive/T0/mvel' 1770386338.4402 0.000 0.000
1770386338.4403 0 'robobot/drive/T0/gyro' 1770386338.4401 -0.266418 0.015259 0.015320 97.924
1770386338.4403 0 'robobot/drive/T0/acc' 1770386338.4403 0.029541 -0.008789 0.986328 97.925
1770386338.4404 0 'robobot/drive/T0/mot' 1770386338.4404 0 0 0.1 0.1 0
1770386338.4404 0 'robobot/drive/T0/mca' 1770386338.4404 0.000 0.000 17
1770386338.4426 0 'robobot/drive/T0/pose' 1770386338.4426 97.9270 0.709 0.191 1.6075 -3.1105
1770386338.4438 0 'robobot/drive/T0/livn' 1770386338.4437 391 391 391 390 395 387 381 377 5
1770386338.4470 0 'robobot/drive/T0/liv' 1770386338.4469 293 348 368 304 350 372 342 259 25
1770386338.4481 0 'robobot/drive/T0/vel' 1770386338.4480 97.9320 0.000 0.000 0.0000 0.000 4
1770386338.4482 0 'robobot/drive/T0/pose' 1770386338.4481 97.9320 0.709 0.191 1.6075 -3.1105
1770386338.4487 0 'robobot/drive/T0/mvel' 1770386338.4487 0.000 0.000
1770386338.4525 0 'robobot/drive/T0/gyro' 1770386338.4524 -0.083313 0.106812 -0.076233 97.937
1770386338.4526 0 'robobot/drive/T0/acc' 1770386338.4525 0.024658 -0.011963 0.986816 97.937
1770386338.4526 0 'robobot/drive/T0/pose' 1770386338.4526 97.9370 0.709 0.191 1.6075 -3.1106
1770386338.4538 0 'robobot/drive/T0/livn' 1770386338.4537 386 381 390 393 396 388 385 383 5
1770386338.4559 0 'robobot/drive/T0/vel' 1770386338.4559 97.9400 0.000 0.000 0.0000 0.000 4
1770386338.4562 0 'robobot/drive/T0/mvel' 1770386338.4561 0.000 0.000
1770386338.4581 0 'robobot/drive/T0/pose' 1770386338.4580 97.9420 0.709 0.191 1.6075 -3.1106
1770386338.4603 0 'robobot/drive/T0/ird' 1770386338.4602 0.801 1.500 3679 1894 1
1770386338.4635 0 'robobot/drive/T0/pose' 1770386338.4635 97.9470 0.709 0.191 1.6075 -3.1106
1770386338.4636 0 'robobot/drive/T0/vel' 1770386338.4635 97.9480 0.000 0.000 0.0000 0.000 4
1770386338.4637 0 'robobot/drive/T0/livn' 1770386338.4636 406 384 380 396 396 390 376 374 5
1770386338.4637 0 'robobot/drive/T0/gyro' 1770386338.4637 -0.022278 0.045776 -0.106750 97.948
1770386338.4638 0 'robobot/drive/T0/acc' 1770386338.4637 0.028809 -0.008789 0.985352 97.949
1770386338.4646 0 'robobot/drive/T0/mvel' 1770386338.4646 0.000 0.000
1770386338.4681 0 'robobot/drive/T0/pose' 1770386338.4680 97.9520 0.709 0.191 1.6075 -3.1106
1770386338.4724 0 'robobot/drive/T0/vel' 1770386338.4723 97.9560 0.000 0.000 0.0000 0.000 4
1770386338.4731 0 'robobot/drive/T0/mvel' 1770386338.4731 0.000 0.000
1770386338.4735 0 'robobot/drive/T0/pose' 1770386338.4734 97.9570 0.709 0.191 1.6075 -3.1106
1770386338.4736 0 'robobot/drive/T0/mot' 1770386338.4735 0 0 0.1 0.1 0
1770386338.4736 0 'robobot/drive/T0/mca' 1770386338.4736 0.000 0.000 16
1770386338.4737 0 'robobot/drive/T0/livn' 1770386338.4736 382 380 383 389 392 388 384 379 5
1770386338.4759 0 'robobot/drive/T0/gyro' 1770386338.4758 0.008240 0.198364 0.137390 97.961
1770386338.4759 0 'robobot/drive/T0/acc' 1770386338.4759 0.030518 -0.011719 0.987305 97.961
1770386338.4781 0 'robobot/drive/T0/pose' 1770386338.4780 97.9620 0.709 0.191 1.6075 -3.1106
1770386338.4803 0 'robobot/drive/T0/vel' 1770386338.4802 97.9640 0.000 0.000 0.0000 0.000 4
1770386338.4806 0 'robobot/drive/T0/mvel' 1770386338.4805 0.000 0.000
1770386338.4835 0 'robobot/drive/T0/pose' 1770386338.4835 97.9670 0.709 0.191 1.6075 -3.1106
1770386338.4836 0 'robobot/drive/T0/livn' 1770386338.4835 390 387 388 390 389 381 384 377 5
1770386338.4847 0 'robobot/drive/T0/ird' 1770386338.4846 0.856 1.500 3539 1855 1
1770386338.4879 0 'robobot/drive/T0/vel' 1770386338.4879 97.9720 0.000 0.000 0.0000 0.000 4
1770386338.4880 0 'robobot/drive/T0/mvel' 1770386338.4880 0.000 0.000
1770386338.4880 0 'robobot/drive/T0/pose' 1770386338.4879 97.9720 0.709 0.191 1.6075 -3.1105
1770386338.4881 0 'robobot/drive/T0/gyro' 1770386338.4880 -0.235901 0.320435 0.137390 97.973
1770386338.4882 0 'robobot/drive/T0/acc' 1770386338.4881 0.027832 -0.010010 0.985596 97.973
1770386338.4935 0 'robobot/drive/T0/pose' 1770386338.4934 97.9770 0.709 0.191 1.6075 -3.1106
1770386338.4936 0 'robobot/drive/T0/livn' 1770386338.4935 391 385 392 392 397 384 388 385 5
1770386338.4958 0 'robobot/drive/T0/vel' 1770386338.4957 97.9800 0.000 0.000 0.0000 0.000 4
1770386338.4965 0 'robobot/drive/T0/mvel' 1770386338.4965 0.000 0.000
1770386338.4969 0 'robobot/drive/T0/liv' 1770386338.4968 297 342 366 302 349 371 344 260 25
1770386338.4980 0 'robobot/drive/T0/pose' 1770386338.4980 97.9820 0.709 0.191 1.6075 -3.1106
1770386338.5002 0 'robobot/drive/T0/gyro' 1770386338.5002 -0.022278 0.167847 -0.015198 97.985
1770386338.5003 0 'robobot/drive/T0/acc' 1770386338.5002 0.032715 -0.009766 0.985352 97.985
1770386338.5035 0 'robobot/drive/T0/pose' 1770386338.5035 97.9870 0.709 0.191 1.6075 -3.1105
1770386338.5036 0 'robobot/drive/T0/vel' 1770386338.5035 97.9880 0.000 0.000 0.0000 0.000 4
1770386338.5037 0 'robobot/drive/T0/livn' 1770386338.5036 395 391 388 387 386 375 385 386 5
1770386338.5039 0 'robobot/drive/T0/mvel' 1770386338.5039 0.000 0.000
1770386338.5069 0 'robobot/drive/T0/mot' 1770386338.5068 0 0 0.1 0.1 0
1770386338.5069 0 'robobot/drive/T0/mca' 1770386338.5069 0.000 0.000 17
1770386338.5081 0 'robobot/drive/T0/pose' 1770386338.5080 97.9920 0.709 0.191 1.6075 -3.1106
1770386338.5102 0 'robobot/drive/T0/ird' 1770386338.5102 0.843 1.500 3570 1924 1
1770386338.5124 0 'robobot/drive/T0/vel' 1770386338.5123 97.9960 0.000 0.000 0.0000 0.000 4
1770386338.5125 0 'robobot/drive/T0/gyro' 1770386338.5124 -0.052795 0.137329 0.076355 97.997
1770386338.5126 0 'robobot/drive/T0/acc' 1770386338.5125 0.028564 -0.011230 0.991211 97.997
1770386338.5126 0 'robobot/drive/T0/pose' 1770386338.5126 97.9970 0.709 0.191 1.6075 -3.1106
1770386338.5135 0 'robobot/drive/T0/mvel' 1770386338.5134 0.000 0.000
1770386338.5138 0 'robobot/drive/T0/livn' 1770386338.5137 391 380 386 388 390 387 386 376 5
1770386338.5180 0 'robobot/drive/T0/pose' 1770386338.5180 98.0020 0.709 0.191 1.6075 -3.1105
1770386338.5202 0 'robobot/drive/T0/vel' 1770386338.5202 98.0040 0.000 0.000 0.0000 0.000 4
1770386338.5209 0 'robobot/drive/T0/mvel' 1770386338.5208 0.000 0.000
1770386338.5235 0 'robobot/drive/T0/pose' 1770386338.5234 98.0070 0.709 0.191 1.6075 -3.1106
1770386338.5235 0 'robobot/drive/T0/livn' 1770386338.5235 400 393 389 395 393 390 386 379 5
1770386338.5247 0 'robobot/drive/T0/gyro' 1770386338.5246 -0.205383 -0.106812 -0.259338 98.009
1770386338.5247 0 'robobot/drive/T0/acc' 1770386338.5247 0.028564 -0.011230 0.984375 98.009
1770386338.5280 0 'robobot/drive/T0/vel' 1770386338.5279 98.0120 0.000 0.000 0.0000 0.000 4
1770386338.5280 0 'robobot/drive/T0/pose' 1770386338.5280 98.0120 0.709 0.191 1.6075 -3.1106
1770386338.5283 0 'robobot/drive/T0/mvel' 1770386338.5282 0.000 0.000
1770386338.5335 0 'robobot/drive/T0/pose' 1770386338.5334 98.0180 0.709 0.191 1.6075 -3.1106
1770386338.5335 0 'robobot/drive/T0/livn' 1770386338.5335 395 395 393 398 390 386 389 386 5
1770386338.5347 0 'robobot/drive/T0/ird' 1770386338.5346 0.831 1.500 3601 1906 1
1770386338.5358 0 'robobot/drive/T0/vel' 1770386338.5358 98.0200 0.000 0.000 0.0000 0.000 4
1770386338.5359 0 'robobot/drive/T0/gyro' 1770386338.5358 -0.052795 0.015259 -0.289856 98.021
1770386338.5360 0 'robobot/drive/T0/acc' 1770386338.5359 0.029541 -0.012695 0.983643 98.021
1770386338.5368 0 'robobot/drive/T0/mvel' 1770386338.5367 0.000 0.000
1770386338.5382 0 'robobot/drive/T0/pose' 1770386338.5381 98.0230 0.709 0.191 1.6075 -3.1106
1770386338.5393 0 'robobot/drive/T0/mot' 1770386338.5393 0 0 0.1 0.1 0
1770386338.5394 0 'robobot/drive/T0/mca' 1770386338.5393 0.000 0.000 16
1770386338.5437 0 'robobot/drive/T0/pose' 1770386338.5436 98.0280 0.709 0.191 1.6075 -3.1106
1770386338.5438 0 'robobot/drive/T0/hbt' 1770386338.5437 98.0280 107 1033 11.76 4 8 8.9 0.42 0
1770386338.5439 0 'robobot/drive/T0/vel' 1770386338.5438 98.0280 0.000 0.000 0.0000 0.000 4
1770386338.5440 0 'robobot/drive/T0/livn' 1770386338.5439 391 392 387 388 389 387 382 379 5
1770386338.5442 0 'robobot/drive/T0/mvel' 1770386338.5441 0.000 0.000
1770386338.5472 0 'robobot/drive/T0/liv' 1770386338.5471 299 347 368 302 348 374 345 259 25
1770386338.5483 0 'robobot/drive/T0/pose' 1770386338.5483 98.0330 0.709 0.191 1.6075 -3.1106
1770386338.5484 0 'robobot/drive/T0/gyro' 1770386338.5483 -0.266418 0.106812 -0.137268 98.033
1770386338.5485 0 'robobot/drive/T0/acc' 1770386338.5484 0.027100 -0.012939 0.978027 98.033
1770386338.5517 0 'robobot/drive/T0/vel' 1770386338.5517 98.0360 0.000 0.000 0.0000 0.000 4
1770386338.5527 0 'robobot/drive/T0/mvel' 1770386338.5527 0.000 0.000
1770386338.5530 0 'robobot/drive/T0/pose' 1770386338.5529 98.0380 0.709 0.191 1.6075 -3.1106
1770386338.5541 0 'robobot/drive/T0/livn' 1770386338.5540 390 383 384 395 401 397 384 380 5
1770386338.5584 0 'robobot/drive/T0/pose' 1770386338.5583 98.0430 0.709 0.191 1.6075 -3.1106
1770386338.5595 0 'robobot/drive/T0/vel' 1770386338.5594 98.0440 0.000 0.000 0.0000 0.000 4
1770386338.5596 0 'robobot/drive/T0/ird' 1770386338.5595 0.852 1.500 3547 1962 1
1770386338.5601 0 'robobot/drive/T0/mvel' 1770386338.5601 0.000 0.000
1770386338.5607 0 'robobot/drive/T0/gyro' 1770386338.5606 0.038757 0.198364 -0.137268 98.045
1770386338.5607 0 'robobot/drive/T0/acc' 1770386338.5607 0.028320 -0.007080 0.986084 98.045
1770386338.5629 0 'robobot/drive/T0/pose' 1770386338.5628 98.0480 0.709 0.191 1.6075 -3.1106
1770386338.5640 0 'robobot/drive/T0/livn' 1770386338.5640 397 389 394 397 398 381 380 373 5
1770386338.5683 0 'robobot/drive/T0/vel' 1770386338.5683 98.0520 0.000 0.000 0.0000 0.000 4
1770386338.5684 0 'robobot/drive/T0/pose' 1770386338.5683 98.0530 0.709 0.191 1.6075 -3.1105
1770386338.5686 0 'robobot/drive/T0/mvel' 1770386338.5686 0.000 0.000
1770386338.5727 0 'robobot/drive/T0/gyro' 1770386338.5726 -0.083313 0.320435 -0.320374 98.057
1770386338.5728 0 'robobot/drive/T0/acc' 1770386338.5727 0.031250 -0.012939 0.979736 98.057
1770386338.5728 0 'robobot/drive/T0/mot' 1770386338.5728 0 0 0.1 0.1 0
1770386338.5729 0 'robobot/drive/T0/mca' 1770386338.5728 0.000 0.000 17
1770386338.5729 0 'robobot/drive/T0/pose' 1770386338.5729 98.0580 0.709 0.191 1.6075 -3.1105
1770386338.5741 0 'robobot/drive/T0/livn' 1770386338.5740 398 391 387 392 394 387 388 380 6
1770386338.5762 0 'robobot/drive/T0/vel' 1770386338.5762 98.0600 0.000 0.000 0.0000 0.000 4
1770386338.5770 0 'robobot/drive/T0/mvel' 1770386338.5770 0.000 0.000
1770386338.5784 0 'robobot/drive/T0/pose' 1770386338.5783 98.0630 0.709 0.191 1.6075 -3.1105
1770386338.5838 0 'robobot/drive/T0/pose' 1770386338.5837 98.0680 0.709 0.191 1.6075 -3.1105
1770386338.5838 0 'robobot/drive/T0/vel' 1770386338.5838 98.0680 0.000 0.000 0.0000 0.000 4
1770386338.5839 0 'robobot/drive/T0/livn' 1770386338.5838 396 388 386 397 389 390 386 372 5
1770386338.5840 0 'robobot/drive/T0/gyro' 1770386338.5839 0.099792 0.015259 -0.106750 98.069
1770386338.5840 0 'robobot/drive/T0/acc' 1770386338.5840 0.026855 -0.011230 0.984863 98.069
1770386338.5845 0 'robobot/drive/T0/mvel' 1770386338.5844 0.000 0.000
1770386338.5851 0 'robobot/drive/T0/ird' 1770386338.5851 0.865 1.500 3517 1932 1
1770386338.5884 0 'robobot/drive/T0/pose' 1770386338.5883 98.0730 0.709 0.191 1.6075 -3.1105
1770386338.5916 0 'robobot/drive/T0/vel' 1770386338.5915 98.0760 0.000 0.000 0.0000 0.000 4
1770386338.5919 0 'robobot/drive/T0/mvel' 1770386338.5919 0.000 0.000
1770386338.5927 0 'robobot/drive/T0/pose' 1770386338.5927 98.0780 0.709 0.191 1.6075 -3.1105
1770386338.5939 0 'robobot/drive/T0/livn' 1770386338.5938 380 383 391 402 399 388 388 384 5
1770386338.5961 0 'robobot/drive/T0/gyro' 1770386338.5960 0.160828 -0.076294 -0.076233 98.081
1770386338.5961 0 'robobot/drive/T0/acc' 1770386338.5961 0.029297 -0.015625 0.979004 98.081
1770386338.5973 0 'robobot/drive/T0/liv' 1770386338.5972 298 348 370 306 351 372 344 258 25
1770386338.5984 0 'robobot/drive/T0/pose' 1770386338.5983 98.0830 0.709 0.191 1.6075 -3.1105
1770386338.5995 0 'robobot/drive/T0/vel' 1770386338.5994 98.0840 0.000 0.000 0.0000 0.000 4
1770386338.6003 0 'robobot/drive/T0/mvel' 1770386338.6003 0.000 0.000
1770386338.6038 0 'robobot/drive/T0/pose' 1770386338.6037 98.0880 0.709 0.191 1.6075 -3.1105
1770386338.6039 0 'robobot/drive/T0/livn' 1770386338.6038 380 390 389 400 394 379 375 387 5
1770386338.6060 0 'robobot/drive/T0/mot' 1770386338.6060 0 0 0.1 0.1 0
1770386338.6061 0 'robobot/drive/T0/mca' 1770386338.6060 0.000 0.000 16
1770386338.6083 0 'robobot/drive/T0/vel' 1770386338.6082 98.0920 0.000 0.000 0.0000 0.000 4
1770386338.6083 0 'robobot/drive/T0/gyro' 1770386338.6083 -0.022278 0.045776 0.076355 98.093
1770386338.6084 0 'robobot/drive/T0/acc' 1770386338.6084 0.026611 -0.014404 0.984863 98.093
1770386338.6085 0 'robobot/drive/T0/pose' 1770386338.6084 98.0930 0.709 0.191 1.6075 -3.1105
1770386338.6088 0 'robobot/drive/T0/mvel' 1770386338.6088 0.000 0.000
1770386338.6096 0 'robobot/drive/T0/ird' 1770386338.6096 0.824 1.500 3619 1941 1
1770386338.6139 0 'robobot/drive/T0/pose' 1770386338.6138 98.0980 0.709 0.191 1.6075 -3.1105
1770386338.6140 0 'robobot/drive/T0/livn' 1770386338.6139 402 388 388 396 396 386 376 372 5
1770386338.6162 0 'robobot/drive/T0/vel' 1770386338.6161 98.1000 0.000 0.000 0.0000 0.000 4
1770386338.6162 0 'robobot/drive/T0/mvel' 1770386338.6162 0.000 0.000
1770386338.6183 0 'robobot/drive/T0/pose' 1770386338.6183 98.1030 0.709 0.191 1.6075 -3.1105
1770386338.6205 0 'robobot/drive/T0/gyro' 1770386338.6205 -0.052795 -0.106812 0.015320 98.105
1770386338.6206 0 'robobot/drive/T0/acc' 1770386338.6205 0.032959 -0.014648 0.985352 98.105
1770386338.6238 0 'robobot/drive/T0/pose' 1770386338.6238 98.1080 0.709 0.191 1.6075 -3.1105
1770386338.6239 0 'robobot/drive/T0/vel' 1770386338.6238 98.1080 0.000 0.000 0.0000 0.000 4
1770386338.6240 0 'robobot/drive/T0/livn' 1770386338.6239 384 386 390 398 393 385 375 367 5
1770386338.6247 0 'robobot/drive/T0/mvel' 1770386338.6247 0.000 0.000
1770386338.6283 0 'robobot/drive/T0/pose' 1770386338.6282 98.1130 0.709 0.191 1.6075 -3.1105
1770386338.6315 0 'robobot/drive/T0/vel' 1770386338.6315 98.1160 0.000 0.000 0.0000 0.000 4
1770386338.6321 0 'robobot/drive/T0/mvel' 1770386338.6321 0.000 0.000
1770386338.6326 0 'robobot/drive/T0/gyro' 1770386338.6326 0.130310 0.198364 0.289978 98.117
1770386338.6327 0 'robobot/drive/T0/acc' 1770386338.6327 0.030518 -0.009033 0.986572 98.117
1770386338.6338 0 'robobot/drive/T0/pose' 1770386338.6338 98.1180 0.709 0.191 1.6075 -3.1105
1770386338.6339 0 'robobot/drive/T0/livn' 1770386338.6338 394 393 384 389 398 386 383 380 5
1770386338.6350 0 'robobot/drive/T0/ird' 1770386338.6350 0.814 1.500 3644 2216 1
1770386338.6383 0 'robobot/drive/T0/pose' 1770386338.6382 98.1230 0.709 0.191 1.6075 -3.1105
1770386338.6383 0 'robobot/drive/T0/mot' 1770386338.6383 0 0 0.1 0.1 0
1770386338.6384 0 'robobot/drive/T0/mca' 1770386338.6383 0.000 0.000 17
1770386338.6395 0 'robobot/drive/T0/vel' 1770386338.6394 98.1240 0.000 0.000 0.0000 0.000 4
1770386338.6395 0 'robobot/drive/T0/mvel' 1770386338.6395 0.000 0.000
1770386338.6438 0 'robobot/drive/T0/pose' 1770386338.6437 98.1280 0.709 0.191 1.6075 -3.1105
1770386338.6439 0 'robobot/drive/T0/livn' 1770386338.6438 395 388 384 388 387 380 379 383 5
1770386338.6439 0 'robobot/drive/T0/gyro' 1770386338.6439 0.099792 -0.015259 -0.320374 98.129
1770386338.6440 0 'robobot/drive/T0/acc' 1770386338.6439 0.026855 -0.012451 0.987305 98.129
1770386338.6472 0 'robobot/drive/T0/liv' 1770386338.6472 297 347 366 302 349 369 339 258 25
1770386338.6484 0 'robobot/drive/T0/vel' 1770386338.6483 98.1320 0.000 0.000 0.0000 0.000 4
1770386338.6484 0 'robobot/drive/T0/pose' 1770386338.6484 98.1330 0.709 0.191 1.6075 -3.1105
1770386338.6490 0 'robobot/drive/T0/mvel' 1770386338.6489 0.000 0.000
1770386338.6539 0 'robobot/drive/T0/pose' 1770386338.6538 98.1380 0.709 0.191 1.6075 -3.1105
1770386338.6539 0 'robobot/drive/T0/livn' 1770386338.6539 399 393 389 390 393 387 378 380 5
1770386338.6561 0 'robobot/drive/T0/vel' 1770386338.6561 98.1400 0.000 0.000 0.0000 0.000 4
1770386338.6562 0 'robobot/drive/T0/gyro' 1770386338.6562 -0.113831 -0.015259 -0.076233 98.141
1770386338.6563 0 'robobot/drive/T0/acc' 1770386338.6562 0.032959 -0.014404 0.977783 98.141
1770386338.6564 0 'robobot/drive/T0/mvel' 1770386338.6563 0.000 0.000
1770386338.6585 0 'robobot/drive/T0/pose' 1770386338.6584 98.1430 0.709 0.191 1.6075 -3.1105
1770386338.6596 0 'robobot/drive/T0/ird' 1770386338.6595 0.829 1.500 3605 1995 1
1770386338.6639 0 'robobot/drive/T0/pose' 1770386338.6638 98.1480 0.709 0.191 1.6075 -3.1105
1770386338.6640 0 'robobot/drive/T0/vel' 1770386338.6639 98.1480 0.000 0.000 0.0000 0.000 4
1770386338.6640 0 'robobot/drive/T0/livn' 1770386338.6640 378 378 397 398 395 387 380 385 5
1770386338.6648 0 'robobot/drive/T0/mvel' 1770386338.6648 0.000 0.000
1770386338.6683 0 'robobot/drive/T0/gyro' 1770386338.6683 0.069275 -0.076294 -0.015198 98.153
1770386338.6684 0 'robobot/drive/T0/acc' 1770386338.6683 0.030273 -0.011475 0.982666 98.153
1770386338.6685 0 'robobot/drive/T0/pose' 1770386338.6684 98.1530 0.709 0.191 1.6075 -3.1106
1770386338.6717 0 'robobot/drive/T0/mot' 1770386338.6716 0 0 0.1 0.1 0
1770386338.6717 0 'robobot/drive/T0/mca' 1770386338.6717 -0.000 0.000 16
1770386338.6718 0 'robobot/drive/T0/vel' 1770386338.6717 98.1560 0.000 0.000 0.0000 0.000 4
1770386338.6722 0 'robobot/drive/T0/mvel' 1770386338.6722 0.000 0.000
1770386338.6740 0 'robobot/drive/T0/pose' 1770386338.6739 98.1580 0.709 0.191 1.6075 -3.1106
1770386338.6741 0 'robobot/drive/T0/livn' 1770386338.6740 370 380 397 408 395 380 379 388 5
1770386338.6784 0 'robobot/drive/T0/pose' 1770386338.6783 98.1630 0.709 0.191 1.6075 -3.1106
1770386338.6795 0 'robobot/drive/T0/vel' 1770386338.6794 98.1640 0.000 0.000 0.0000 0.000 4
1770386338.6796 0 'robobot/drive/T0/mvel' 1770386338.6796 0.000 0.000
1770386338.6806 0 'robobot/drive/T0/gyro' 1770386338.6805 0.099792 -0.259399 -0.137268 98.165
1770386338.6807 0 'robobot/drive/T0/acc' 1770386338.6806 0.028320 -0.012207 0.988525 98.165
1770386338.6839 0 'robobot/drive/T0/pose' 1770386338.6838 98.1680 0.709 0.191 1.6075 -3.1106
1770386338.6840 0 'robobot/drive/T0/livn' 1770386338.6839 379 389 389 390 383 381 391 389 5
1770386338.6851 0 'robobot/drive/T0/ird' 1770386338.6850 0.810 1.500 3655 1961 1
1770386338.6883 0 'robobot/drive/T0/vel' 1770386338.6883 98.1720 0.000 0.000 0.0000 0.000 4
1770386338.6884 0 'robobot/drive/T0/pose' 1770386338.6883 98.1730 0.709 0.191 1.6075 -3.1106
1770386338.6893 0 'robobot/drive/T0/mvel' 1770386338.6893 0.000 0.000
1770386338.6927 0 'robobot/drive/T0/gyro' 1770386338.6926 -0.144348 0.015259 -0.320374 98.177
1770386338.6928 0 'robobot/drive/T0/acc' 1770386338.6927 0.029541 -0.009033 0.986572 98.177
1770386338.6939 0 'robobot/drive/T0/pose' 1770386338.6938 98.1780 0.709 0.191 1.6075 -3.1106
1770386338.6940 0 'robobot/drive/T0/livn' 1770386338.6939 397 385 386 395 396 383 378 379 5
1770386338.6961 0 'robobot/drive/T0/vel' 1770386338.6961 98.1800 0.000 0.000 0.0000 0.000 4
1770386338.6967 0 'robobot/drive/T0/mvel' 1770386338.6967 0.000 0.000
1770386338.6973 0 'robobot/drive/T0/liv' 1770386338.6972 292 343 371 305 349 370 341 261 25
1770386338.6984 0 'robobot/drive/T0/pose' 1770386338.6983 98.1830 0.709 0.191 1.6075 -3.1106
1770386338.7037 0 'robobot/drive/T0/pose' 1770386338.7037 98.1880 0.709 0.191 1.6075 -3.1106
1770386338.7038 0 'robobot/drive/T0/vel' 1770386338.7037 98.1880 0.000 0.000 0.0000 0.000 4
1770386338.7039 0 'robobot/drive/T0/livn' 1770386338.7038 398 389 390 395 399 388 387 374 5
1770386338.7039 0 'robobot/drive/T0/gyro' 1770386338.7039 0.099792 -0.015259 -0.198303 98.189
1770386338.7040 0 'robobot/drive/T0/acc' 1770386338.7039 0.027832 -0.009033 0.986328 98.189
1770386338.7041 0 'robobot/drive/T0/mvel' 1770386338.7041 0.000 0.000
1770386338.7051 0 'robobot/drive/T0/mot' 1770386338.7051 0 0 0.1 0.1 0
1770386338.7052 0 'robobot/drive/T0/mca' 1770386338.7051 0.000 0.000 17
1770386338.7084 0 'robobot/drive/T0/pose' 1770386338.7083 98.1930 0.709 0.191 1.6075 -3.1106
1770386338.7095 0 'robobot/drive/T0/ird' 1770386338.7095 0.868 1.500 3509 2014 1
1770386338.7117 0 'robobot/drive/T0/vel' 1770386338.7116 98.1960 0.000 0.000 0.0000 0.000 4
1770386338.7126 0 'robobot/drive/T0/mvel' 1770386338.7126 0.000 0.000
1770386338.7139 0 'robobot/drive/T0/pose' 1770386338.7138 98.1980 0.709 0.191 1.6075 -3.1106
1770386338.7140 0 'robobot/drive/T0/livn' 1770386338.7139 397 400 395 382 386 387 386 374 5
1770386338.7162 0 'robobot/drive/T0/gyro' 1770386338.7161 0.008240 0.289917 -0.015198 98.201
1770386338.7162 0 'robobot/drive/T0/acc' 1770386338.7162 0.029785 -0.009766 0.987061 98.201
1770386338.7184 0 'robobot/drive/T0/pose' 1770386338.7183 98.2030 0.709 0.191 1.6075 -3.1106
1770386338.7196 0 'robobot/drive/T0/vel' 1770386338.7195 98.2040 0.000 0.000 0.0000 0.000 4
1770386338.7201 0 'robobot/drive/T0/mvel' 1770386338.7200 0.000 0.000
1770386338.7238 0 'robobot/drive/T0/pose' 1770386338.7238 98.2080 0.709 0.191 1.6075 -3.1106
1770386338.7239 0 'robobot/drive/T0/livn' 1770386338.7238 392 388 383 390 395 390 378 382 5
1770386338.7282 0 'robobot/drive/T0/vel' 1770386338.7281 98.2120 0.000 0.000 0.0000 0.000 4
1770386338.7283 0 'robobot/drive/T0/gyro' 1770386338.7282 -0.144348 0.015259 -0.320374 98.213
1770386338.7284 0 'robobot/drive/T0/acc' 1770386338.7283 0.026611 -0.007568 0.982666 98.213
1770386338.7284 0 'robobot/drive/T0/pose' 1770386338.7284 98.2130 0.709 0.191 1.6075 -3.1106
1770386338.7285 0 'robobot/drive/T0/mvel' 1770386338.7285 0.000 0.000
1770386338.7338 0 'robobot/drive/T0/pose' 1770386338.7337 98.2180 0.709 0.191 1.6075 -3.1106
1770386338.7339 0 'robobot/drive/T0/livn' 1770386338.7338 395 382 388 394 395 388 374 369 5
1770386338.7350 0 'robobot/drive/T0/ird' 1770386338.7350 0.879 1.500 3484 2095 1
1770386338.7362 0 'robobot/drive/T0/vel' 1770386338.7361 98.2200 0.000 0.000 0.0000 0.000 4
1770386338.7371 0 'robobot/drive/T0/mvel' 1770386338.7371 0.000 0.000
1770386338.7373 0 'robobot/drive/T0/mot' 1770386338.7373 0 0 0.1 0.1 0
1770386338.7374 0 'robobot/drive/T0/mca' 1770386338.7373 -0.000 0.000 16
1770386338.7385 0 'robobot/drive/T0/pose' 1770386338.7384 98.2230 0.709 0.191 1.6075 -3.1106
1770386338.7407 0 'robobot/drive/T0/gyro' 1770386338.7406 0.221863 -0.015259 0.076355 98.225
1770386338.7408 0 'robobot/drive/T0/acc' 1770386338.7407 0.026123 -0.017822 0.989014 98.225
1770386338.7441 0 'robobot/drive/T0/pose' 1770386338.7440 98.2280 0.709 0.191 1.6075 -3.1106
1770386338.7442 0 'robobot/drive/T0/vel' 1770386338.7441 98.2280 0.000 0.000 0.0000 0.000 4
1770386338.7442 0 'robobot/drive/T0/livn' 1770386338.7442 397 384 387 396 403 384 386 384 5
1770386338.7446 0 'robobot/drive/T0/mvel' 1770386338.7446 0.000 0.000
1770386338.7475 0 'robobot/drive/T0/info' 1770386338.7474 # stopping
1770386338.7475 0 'robobot/drive/T0/info' 1770386338.7475 # stopping
1770386338.7476 0 'robobot/drive/T0/liv' 1770386338.7476 302 347 368 301 352 374 343 257 25
1770386338.7488 0 'robobot/drive/T0/pose' 1770386338.7487 98.2330 0.709 0.191 1.6075 -3.1106
1770386338.7520 0 'robobot/drive/T0/vel' 1770386338.7520 98.2360 0.000 0.000 0.0000 0.000 4
1770386338.7521 0 'robobot/drive/T0/gyro' 1770386338.7520 -0.174866 0.045776 -0.198303 98.237
1770386338.7522 0 'robobot/drive/T0/acc' 1770386338.7521 0.029785 -0.010010 0.990479 98.237
1770386338.7522 0 'robobot/drive/T0/mvel' 1770386338.7522 0.000 0.000
1770386338.7533 0 'robobot/drive/T0/pose' 1770386338.7533 98.2380 0.709 0.191 1.6075 -3.1106
1770386338.7545 0 'robobot/drive/T0/livn' 1770386338.7544 401 378 382 398 411 384 372 376 5
1770386338.7589 0 'robobot/drive/T0/pose' 1770386338.7588 98.2430 0.709 0.191 1.6075 -3.1106
1770386338.7600 0 'robobot/drive/T0/vel' 1770386338.7599 98.2440 0.000 0.000 0.0000 0.000 4
1770386338.7601 0 'robobot/drive/T0/ird' 1770386338.7600 0.870 1.500 3506 2212 1
1770386338.7607 0 'robobot/drive/T0/mvel' 1770386338.7607 0.000 0.000
1770386338.7633 0 'robobot/drive/T0/pose' 1770386338.7632 98.2480 0.709 0.191 1.6075 -3.1106
1770386338.7644 0 'robobot/drive/T0/gyro' 1770386338.7644 0.099792 -0.015259 -0.076233 98.249
1770386338.7645 0 'robobot/drive/T0/acc' 1770386338.7644 0.032471 -0.011230 0.981445 98.249
1770386338.7646 0 'robobot/drive/T0/livn' 1770386338.7645 387 380 382 392 408 387 379 378 5
1770386413.4487 Failed (-1) to connect to to MQTT server at 2026-02-06 15:00:13.448
