% teensy communication to/from Teensy
% 1 	Time (sec) from system
% 2 	(Tx) Send to Teensy
%   	(Rx) Received from Teensy
%   	(Qu N) Put in queue to Teensy, now queue size N
% 3 	Message string queued, send or received
1770200583.8317 Rx ;01pose 95.5750 0.000 0.000 0.0000 -2.6851
1770200583.8339 Rx ;36mot 0 0 0.1 0.1 0
1770200583.8360 Rx ;52vel 95.5800 0.000 0.000 0.0000 0.000 4
1770200583.8361 Rx ;80gyro -2.890930 -0.534058 -3.738342 95.580
1770200583.8361 Rx ;63acc 0.424561 0.005371 0.891113 95.580
1770200583.8362 Rx ;36livn 31 28 39 65 60 41 32 38 238
1770200583.8362 Rx ;97pose 95.5800 0.000 0.000 0.0000 -2.6852
1770200583.8413 Txd ;57leds 14 0 30 0
1770200583.8415 Rx ;04pose 95.5850 0.000 0.000 0.0000 -2.6853
1770200583.8437 Rx ;60vel 95.5880 0.000 0.000 0.0000 0.000 4
1770200583.8458 Rx ;33livn 31 28 39 66 61 40 32 38 243
1770200583.8469 Rx ;01pose 95.5900 0.000 0.000 0.0000 -2.6854
1770200583.8480 Rx ;06gyro -3.653870 -0.259399 -2.395569 95.592
1770200583.8481 Rx ;88acc 0.407227 0.000977 0.878906 95.592
1770200583.8512 Rx ;08pose 95.5950 0.000 0.000 0.0000 -2.6856
1770200583.8513 Rx ;59vel 95.5960 0.000 0.000 0.0000 0.000 4
1770200583.8534 Rx ;85ird 1.500 0.150 2635 13200 1
1770200583.8556 Rx ;37livn 30 28 39 66 61 40 32 38 248
1770200583.8567 Rx ;95pose 95.6000 0.000 0.000 0.0000 -2.6857
1770200583.8578 Rx ;91mca 0.000 0.000 17
1770200583.8599 Rx ;49vel 95.6040 0.000 0.000 0.0000 0.000 4
1770200583.8600 Rx ;48gyro -4.142151 -0.320435 -1.205383 95.604
1770200583.8600 Rx ;19acc 0.402588 -0.007812 0.882812 95.604
1770200583.8611 Rx ;03pose 95.6050 0.000 0.000 0.0000 -2.6859
1770200583.8622 Rx ;63liv 22 31 44 53 64 35 31 29 25
1770200583.8654 Rx ;33livn 30 28 39 66 61 40 32 38 253
1770200583.8665 Rx ;90pose 95.6100 0.000 0.000 0.0000 -2.6860
1770200583.8676 Rx ;36mot 0 0 0.1 0.1 0
1770200583.8676 Rx ;48vel 95.6120 0.000 0.000 0.0000 0.000 4
1770200583.8719 Rx ;96pose 95.6150 0.000 0.000 0.0000 -2.6861
1770200583.8720 Rx ;48gyro -4.569397 -0.411987 0.259460 95.616
1770200583.8720 Rx ;24acc 0.423096 -0.010254 0.886963 95.616
1770200583.8752 Rx ;47vel 95.6200 0.000 0.000 0.0000 0.000 4
1770200583.8753 Rx ;30livn 30 28 40 66 61 40 32 38 258
1770200583.8764 Rx ;93pose 95.6200 0.000 0.000 0.0000 -2.6862
1770200583.8796 Rx ;87ird 1.500 0.151 2650 13141 1
1770200583.8817 Rx ;99pose 95.6250 0.000 0.000 0.0000 -2.6863
1770200583.8839 Rx ;55vel 95.6280 0.000 0.000 0.0000 0.000 4
1770200583.8839 Rx ;57gyro -4.996643 -0.778198 0.320496 95.628
1770200583.8840 Rx ;23acc 0.433594 -0.001953 0.876221 95.628
1770200583.8861 Rx ;28livn 30 29 40 66 62 40 32 38 263
1770200583.8861 Rx ;95pose 95.6300 0.000 0.000 0.0000 -2.6863
1770200583.8904 Rx ;90mca 0.000 0.000 16
1770200583.8915 Rx ;03pose 95.6350 0.000 0.000 0.0000 -2.6865
1770200583.8915 Rx ;54vel 95.6360 0.000 0.000 0.0000 0.000 4
1770200583.8958 Rx ;64gyro -3.226624 -0.961304 -1.144348 95.640
1770200583.8958 Rx ;53acc 0.422363 0.003906 0.901123 95.640
1770200583.8959 Rx ;32livn 30 28 40 66 62 40 32 38 268
1770200583.8960 Rx ;99pose 95.6400 0.000 0.000 0.0000 -2.6866
1770200583.8992 Rx ;53vel 95.6440 0.000 0.000 0.0000 0.000 4
1770200583.9003 Rx ;36mot 0 0 0.1 0.1 0
1770200583.9014 Rx ;07pose 95.6450 0.000 0.000 0.0000 -2.6868
1770200583.9046 Rx ;90ird 1.500 0.152 2616 13051 1
1770200583.9057 Rx ;28livn 30 28 40 66 62 40 32 38 273
1770200583.9068 Rx ;04pose 95.6500 0.000 0.000 0.0000 -2.6869
1770200583.9079 Rx ;52vel 95.6520 0.000 0.000 0.0000 0.000 4
1770200583.9080 Rx ;85gyro -2.799377 -1.113892 -2.365051 95.652
1770200583.9080 Rx ;87acc 0.422852 0.012695 0.886719 95.652
1770200583.9112 Rx ;01pose 95.6550 0.000 0.000 0.0000 -2.6870
1770200583.9123 Rx ;78liv 21 26 42 57 69 37 25 29 25
1770200583.9155 Rx ;51vel 95.6600 0.000 0.000 0.0000 0.000 4
1770200583.9156 Rx ;34livn 30 28 40 66 63 40 32 38 278
1770200583.9167 Rx ;98pose 95.6600 0.000 0.000 0.0000 -2.6872
1770200583.9199 Rx ;77gyro -2.280579 -0.961304 -5.233704 95.664
1770200583.9200 Rx ;16acc 0.412354 -0.000732 0.918457 95.664
1770200583.9211 Rx ;07pose 95.6650 0.000 0.000 0.0000 -2.6875
1770200583.9232 Rx ;91mca 0.000 0.000 17
1770200583.9232 Rx ;59vel 95.6680 0.000 0.000 0.0000 0.000 4
1770200583.9236 Txd ;21motv 0 0
1770200583.9254 Rx ;31livn 30 28 40 67 63 40 32 38 283
1770200583.9265 Rx ;04pose 95.6700 0.000 0.000 0.0000 -2.6876
1770200583.9287 Rx ;95ird 1.404 0.151 2737 13113 1
1770200583.9319 Rx ;10pose 95.6750 0.000 0.000 0.0000 -2.6877
1770200583.9319 Rx ;58vel 95.6760 0.000 0.000 0.0000 0.000 4
1770200583.9320 Rx ;71gyro -2.402649 -1.205444 -7.156311 95.676
1770200583.9320 Rx ;84acc 0.424316 0.001953 0.886475 95.676
1770200583.9326 Txd ;21motv 0 0
1770200583.9331 Rx ;36mot 0 0 0.1 0.1 0
1770200583.9353 Rx ;36livn 30 28 40 67 63 40 32 38 288
1770200583.9364 Rx ;08pose 95.6800 0.000 0.000 0.0000 -2.6879
1770200583.9396 Rx ;57vel 95.6840 0.000 0.000 0.0000 0.000 4
1770200583.9410 Txd ;21motv 0 0
1770200583.9417 Rx ;06pose 95.6850 0.000 0.000 0.0000 -2.6881
1770200583.9439 Rx ;95gyro -2.494202 -1.266479 -8.285461 95.688
1770200583.9440 Rx ;89acc 0.417480 0.006104 0.887695 95.688
1770200583.9461 Rx ;32livn 30 28 40 67 63 40 32 38 293
1770200583.9462 Rx ;03pose 95.6900 0.000 0.000 0.0000 -2.6882
1770200583.9473 Rx ;56vel 95.6920 0.000 0.000 0.0000 0.000 4
1770200583.9515 Rx ;10pose 95.6950 0.000 0.000 0.0000 -2.6884
1770200583.9537 Rx ;97ird 1.409 0.152 2732 13051 1
1770200583.9558 Rx ;46vel 95.7000 0.000 0.000 0.0000 0.000 4
1770200583.9559 Rx ;75gyro -2.158508 -1.022339 -8.590637 95.700
1770200583.9559 Rx ;70acc 0.415771 0.002441 0.878906 95.700
1770200583.9560 Rx ;37livn 30 28 40 66 64 40 32 38 298
1770200583.9560 Rx ;90mca 0.000 0.000 16
1770200583.9560 Rx ;98pose 95.7000 0.000 0.000 0.0000 -2.6886
1770200583.9614 Rx ;05pose 95.7050 0.000 0.000 0.0000 -2.6887
1770200583.9625 Rx ;72liv 26 24 40 51 69 39 28 23 25
1770200583.9636 Rx ;54vel 95.7080 0.000 0.000 0.0000 0.000 4
1770200583.9657 Rx ;27livn 22 22 41 74 87 49 31 43 2
1770200583.9668 Rx ;36mot 0 0 0.1 0.1 0
1770200583.9668 Rx ;02pose 95.7100 0.000 0.000 0.0000 -2.6888
1770200583.9680 Rx ;74gyro -3.074036 -1.052856 -7.919250 95.712
1770200583.9680 Rx ;40acc 0.412598 -0.000977 0.883789 95.712
1770200583.9712 Rx ;01pose 95.7150 0.000 0.000 0.0000 -2.6891
1770200583.9713 Rx ;53vel 95.7160 0.000 0.000 0.0000 0.000 4
1770200583.9755 Rx ;41livn 24 27 42 68 78 42 34 36 7
1770200583.9766 Rx ;97pose 95.7200 0.000 0.000 0.0000 -2.6892
1770200583.9788 Rx ;89ird 1.500 0.151 2655 13120 1
1770200583.9799 Rx ;52vel 95.7240 0.000 0.000 0.0000 0.000 4
1770200583.9799 Rx ;86gyro -3.714905 -1.235962 -6.729065 95.724
1770200583.9800 Rx ;32acc 0.403076 -0.009766 0.878418 95.724
1770200583.9811 Rx ;06pose 95.7250 0.000 0.000 0.0000 -2.6895
1770200583.9853 Rx ;84livn 24 27 39 64 75 41 33 38 12
1770200583.9864 Rx ;03pose 95.7300 0.000 0.000 0.0000 -2.6896
1770200583.9876 Rx ;51vel 95.7320 0.000 0.000 0.0000 0.000 4
1770200583.9897 Rx ;91mca 0.000 0.000 17
1770200583.9918 Rx ;11pose 95.7350 0.000 0.000 0.0000 -2.6899
1770200583.9919 Rx ;91gyro -3.501282 -1.296997 -4.898010 95.736
1770200583.9919 Rx ;16acc 0.413330 -0.025635 0.894531 95.736
1770200583.9952 Rx ;50vel 95.7400 0.000 0.000 0.0000 0.000 4
1770200583.9963 Rx ;86livn 28 29 42 64 74 40 33 37 17
1770200583.9963 Rx ;89pose 95.7400 0.000 0.000 0.0000 -2.6900
1770200583.9995 Rx ;36mot 0 0 0.1 0.1 0
1770200584.0017 Rx ;96pose 95.7450 0.000 0.000 0.0000 -2.6902
1770200584.0038 Rx ;58vel 95.7480 0.000 0.000 0.0000 0.000 4
1770200584.0039 Rx ;88gyro -2.829895 -0.717163 -3.372131 95.748
1770200584.0039 Rx ;20acc 0.420410 -0.027832 0.891357 95.748
1770200584.0040 Rx ;10ird 1.404 0.156 2737 12753 1
1770200584.0061 Rx ;78livn 26 27 41 64 74 40 32 39 22
1770200584.0062 Rx ;93pose 95.7500 0.000 0.000 0.0000 -2.6903
1770200584.0115 Rx ;99pose 95.7550 0.000 0.000 0.0000 -2.6904
1770200584.0115 Rx ;57vel 95.7560 0.000 0.000 0.0000 0.000 4
1770200584.0126 Rx ;77liv 20 25 39 50 67 39 29 27 25
1770200584.0158 Rx ;85gyro -2.036438 -0.778198 -2.700745 95.760
1770200584.0159 Rx ;09acc 0.424805 -0.020020 0.895264 95.760
1770200584.0159 Rx ;84livn 26 27 41 65 75 40 31 39 27
1770200584.0160 Rx ;96pose 95.7600 0.000 0.000 0.0000 -2.6905
1770200584.0192 Rx ;56vel 95.7640 0.000 0.000 0.0000 0.000 4
1770200584.0214 Rx ;03pose 95.7650 0.000 0.000 0.0000 -2.6906
1770200584.0225 Rx ;90mca 0.000 0.000 16
1770200584.0257 Rx ;85livn 27 26 40 65 75 39 30 38 32
1770200584.0268 Rx ;98pose 95.7700 0.000 0.000 0.0000 -2.6906
1770200584.0279 Rx ;55vel 95.7720 0.000 0.000 0.0000 0.000 4
1770200584.0279 Rx ;57gyro -1.334534 -0.503540 -2.212463 95.772
1770200584.0280 Rx ;61acc 0.429199 -0.018799 0.885498 95.772
1770200584.0291 Rx ;16ird 1.353 0.159 2784 12508 1
1770200584.0312 Rx ;05pose 95.7750 0.000 0.000 0.0000 -2.6907
1770200584.0323 Rx ;36mot 0 0 0.1 0.1 0
1770200584.0355 Rx ;54vel 95.7800 0.000 0.000 0.0000 0.000 4
1770200584.0356 Rx ;91livn 26 26 40 65 75 39 31 39 37
1770200584.0366 Rx ;01pose 95.7800 0.000 0.000 0.0000 -2.6907
1770200584.0399 Rx ;72gyro -0.663147 -0.320435 -1.846252 95.784
1770200584.0399 Rx ;37acc 0.419434 -0.024658 0.891357 95.784
1770200584.0410 Rx ;07pose 95.7850 0.000 0.000 0.0000 -2.6908
1770200584.0421 Txd ;64leds 14 0 55 0
1770200584.0432 Rx ;62vel 95.7880 0.000 0.000 0.0000 0.000 4
1770200584.0454 Rx ;77livn 24 26 40 64 75 39 32 40 42
1770200584.0465 Rx ;03pose 95.7900 0.000 0.000 0.0000 -2.6908
1770200584.0518 Rx ;09pose 95.7950 0.000 0.000 0.0000 -2.6909
1770200584.0519 Rx ;61vel 95.7960 0.000 0.000 0.0000 0.000 4
1770200584.0519 Rx ;41gyro -0.174866 0.106812 -1.357971 95.796
1770200584.0520 Rx ;30acc 0.420898 -0.020020 0.886475 95.796
1770200584.0541 Rx ;97ird 1.233 0.160 2910 12447 1
1770200584.0553 Rx ;91mca 0.000 0.000 17
1770200584.0553 Rx ;83livn 25 26 41 64 75 39 31 40 47
1770200584.0564 Rx ;95pose 95.8000 0.000 0.000 0.0000 -2.6909
1770200584.0597 Rx ;51vel 95.8040 0.000 0.000 0.0000 0.000 4
1770200584.0619 Rx ;92pose 95.8050 0.000 0.000 0.0000 -2.6910
1770200584.0619 Rx ;78liv 20 24 37 48 67 37 28 27 25
1770200584.0641 Rx ;35gyro 0.191345 -0.015259 -0.289856 95.808
1770200584.0642 Rx ;37acc 0.419922 -0.018799 0.893311 95.808
1770200584.0653 Rx ;36mot 0 0 0.1 0.1 0
1770200584.0654 Rx ;89livn 26 27 40 64 75 39 32 39 52
1770200584.0665 Rx ;88pose 95.8100 0.000 0.000 0.0000 -2.6910
1770200584.0676 Rx ;50vel 95.8120 0.000 0.000 0.0000 0.000 4
1770200584.0719 Rx ;94pose 95.8150 0.000 0.000 0.0000 -2.6911
1770200584.0762 Rx ;49vel 95.8200 0.000 0.000 0.0000 0.000 4
1770200584.0763 Rx ;44gyro 0.099792 0.015259 0.167908 95.820
1770200584.0763 Rx ;11acc 0.410400 -0.015137 0.890869 95.820
1770200584.0763 Rx ;86livn 26 28 40 64 74 39 32 40 57
1770200584.0764 Rx ;91pose 95.8200 0.000 0.000 0.0000 -2.6912
1770200584.0796 Rx ;96ird 1.215 0.164 2931 12232 1
1770200584.0817 Rx ;97pose 95.8250 0.000 0.000 0.0000 -2.6913
1770200584.0839 Rx ;57vel 95.8280 0.000 0.000 0.0000 0.000 4
1770200584.0861 Rx ;79livn 26 27 40 64 73 38 32 40 62
1770200584.0861 Rx ;93pose 95.8300 0.000 0.000 0.0000 -2.6913
1770200584.0872 Rx ;92gyro 0.618591 -0.045776 0.564636 95.832
1770200584.0873 Rx ;26acc 0.419434 -0.013428 0.893555 95.832
1770200584.0884 Rx ;91mca 0.001 0.000 16
1770200584.0916 Rx ;99pose 95.8350 0.000 0.000 0.0000 -2.6914
1770200584.0916 Rx ;56vel 95.8360 0.000 0.000 0.0000 0.000 4
1770200584.0959 Rx ;83livn 26 27 40 64 73 37 32 40 67
1770200584.0970 Rx ;95pose 95.8400 0.000 0.000 0.0000 -2.6914
1770200584.0981 Rx ;36mot 0 0 0.1 0.1 0
1770200584.1002 Rx ;55vel 95.8440 0.000 0.000 0.0000 0.000 4
1770200584.1002 Rx ;49gyro 0.771179 0.167847 0.534119 95.844
1770200584.1003 Rx ;66acc 0.421875 0.000000 0.881836 95.844
1770200584.1014 Rx ;01pose 95.8450 0.000 0.000 0.0000 -2.6914
1770200584.1046 Rx ;04ird 1.203 0.164 2946 12191 1
1770200584.1057 Rx ;88livn 26 27 41 64 73 37 32 39 72
1770200584.1068 Rx ;98pose 95.8510 0.000 0.000 0.0000 -2.6915
1770200584.1079 Rx ;54vel 95.8520 0.000 0.000 0.0000 0.000 4
1770200584.1111 Rx ;04pose 95.8560 0.000 0.000 0.0000 -2.6915
1770200584.1112 Rx ;26gyro 0.466003 -0.076294 -0.198303 95.856
1770200584.1112 Rx ;51acc 0.414062 0.001221 0.875000 95.856
1770200584.1123 Rx ;57liv 21 27 40 51 62 33 32 28 25
1770200584.1155 Rx ;53vel 95.8600 0.000 0.000 0.0000 0.000 4
1770200584.1156 Rx ;86livn 26 28 41 64 73 37 32 40 77
1770200584.1167 Rx ;01pose 95.8610 0.000 0.000 0.0000 -2.6916
1770200584.1209 Rx ;92mca 0.001 0.000 17
1770200584.1220 Rx ;07pose 95.8660 0.000 0.000 0.0000 -2.6917
1770200584.1242 Rx ;61vel 95.8680 0.000 0.000 0.0000 0.000 4
1770200584.1242 Rx ;17gyro 0.404968 -0.228882 0.289978 95.868
1770200584.1243 Rx ;26acc 0.415039 -0.002441 0.884277 95.868
1770200584.1254 Rx ;89livn 26 27 40 65 74 37 31 39 82
1770200584.1265 Rx ;04pose 95.8710 0.000 0.000 0.0000 -2.6918
1770200584.1290 Rx ;10ird 1.281 0.165 2857 12135 1
1770200584.1312 Rx ;36mot 0 0 0.1 0.1 0
1770200584.1313 Rx ;60vel 95.8760 0.000 0.000 0.0000 0.000 4
1770200584.1313 Rx ;09pose 95.8760 0.000 0.000 0.0000 -2.6918
1770200584.1355 Rx ;81gyro 0.435486 -0.015259 0.534119 95.880
1770200584.1356 Rx ;73acc 0.419922 0.011230 0.885742 95.880
1770200584.1356 Rx ;94livn 26 27 40 65 74 37 31 39 87
1770200584.1367 Rx ;06pose 95.8810 0.000 0.000 0.0000 -2.6919
1770200584.1400 Rx ;59vel 95.8840 0.000 0.000 0.0000 0.000 4
1770200584.1421 Rx ;11pose 95.8860 0.000 0.000 0.0000 -2.6919
1770200584.1453 Rx ;90livn 26 27 40 65 74 37 31 39 92
1770200584.1464 Rx ;98pose 95.8910 0.000 0.000 0.0000 -2.6920
1770200584.1475 Rx ;58vel 95.8920 0.000 0.000 0.0000 0.000 4
1770200584.1476 Rx ;15gyro -0.602112 -0.137329 0.534119 95.892
1770200584.1476 Rx ;66acc 0.420410 0.021729 0.880127 95.892
1770200584.1519 Rx ;04pose 95.8960 0.000 0.000 0.0000 -2.6920
1770200584.1540 Rx ;09ird 1.284 0.164 2854 12180 1
1770200584.1541 Rx ;90mca 0.000 0.000 16
1770200584.1552 Rx ;48vel 95.9000 0.000 0.000 0.0000 0.000 4
1770200584.1563 Rx ;96livn 26 27 40 66 74 37 31 39 97
1770200584.1563 Rx ;90pose 95.9010 0.000 0.000 0.0000 -2.6920
1770200584.1595 Rx ;58gyro -0.724182 -0.106812 -0.442444 95.904
1770200584.1596 Rx ;82acc 0.426758 0.017822 0.892090 95.904
1770200584.1617 Rx ;95pose 95.9060 0.000 0.000 0.0000 -2.6920
1770200584.1628 Rx ;60liv 20 24 38 53 70 35 24 24 25
1770200584.1639 Rx ;56vel 95.9080 0.000 0.000 0.0000 0.000 4
1770200584.1639 Rx ;36mot 0 0 0.1 0.1 0
1770200584.1661 Rx ;31livn 26 27 40 65 74 37 31 39 102
1770200584.1672 Rx ;92pose 95.9110 0.000 0.000 0.0000 -2.6921
1770200584.1714 Rx ;55vel 95.9160 0.000 0.000 0.0000 0.000 4
1770200584.1715 Rx ;20gyro -0.510559 0.106812 -0.564514 95.916
1770200584.1716 Rx ;85acc 0.417236 0.001953 0.884766 95.916
1770200584.1716 Rx ;97pose 95.9160 0.000 0.000 0.0000 -2.6921
1770200584.1759 Rx ;36livn 26 27 40 65 74 37 31 39 107
1770200584.1770 Rx ;94pose 95.9210 0.000 0.000 0.0000 -2.6922
1770200584.1791 Rx ;01ird 1.210 0.163 2937 12245 1
1770200584.1792 Rx ;54vel 95.9240 0.000 0.000 0.0000 0.000 4
1770200584.1813 Rx ;99pose 95.9260 0.000 0.000 0.0000 -2.6922
1770200584.1835 Rx ;78gyro -0.602112 -0.076294 -0.289856 95.928
1770200584.1835 Rx ;32acc 0.415527 -0.005371 0.878906 95.928
1770200584.1857 Rx ;34livn 27 27 41 65 74 37 31 39 112
1770200584.1868 Rx ;96pose 95.9310 0.000 0.000 0.0000 -2.6923
1770200584.1868 Rx ;91mca 0.000 0.000 17
1770200584.1879 Rx ;53vel 95.9320 0.000 0.000 0.0000 0.000 4
1770200584.1922 Rx ;02pose 95.9360 0.000 0.000 0.0000 -2.6923
1770200584.1954 Rx ;52vel 95.9400 0.000 0.000 0.0000 0.000 4
1770200584.1954 Rx ;47gyro -1.059875 -0.289917 0.045837 95.940
1770200584.1955 Rx ;80acc 0.419189 0.002197 0.886230 95.940
1770200584.1955 Rx ;39livn 27 27 41 65 74 37 31 39 117
1770200584.1966 Rx ;98pose 95.9410 0.000 0.000 0.0000 -2.6924
1770200584.1977 Rx ;36mot 0 0 0.1 0.1 0
1770200584.2020 Rx ;04pose 95.9460 0.000 0.000 0.0000 -2.6924
1770200584.2041 Rx ;60vel 95.9480 0.000 0.000 0.0000 0.000 4
1770200584.2042 Rx ;03ird 1.225 0.165 2920 12166 1
1770200584.2063 Rx ;36livn 27 27 41 65 74 37 32 39 122
1770200584.2064 Rx ;01pose 95.9510 0.000 0.000 0.0000 -2.6925
1770200584.2075 Rx ;91gyro -0.571594 -0.076294 -0.167786 95.952
1770200584.2075 Rx ;78acc 0.424316 0.000488 0.889404 95.952
1770200584.2118 Rx ;59vel 95.9560 0.000 0.000 0.0000 0.000 4
1770200584.2118 Rx ;06pose 95.9560 0.000 0.000 0.0000 -2.6925
1770200584.2119 Rx ;63liv 21 25 42 51 65 36 31 29 25
1770200584.2161 Rx ;41livn 27 27 41 65 74 37 32 39 127
1770200584.2162 Rx ;02pose 95.9610 0.000 0.000 0.0000 -2.6925
1770200584.2194 Rx ;58vel 95.9640 0.000 0.000 0.0000 0.000 4
1770200584.2194 Rx ;80gyro -0.937805 -0.350952 -0.595032 95.964
1770200584.2195 Rx ;69acc 0.424072 0.000244 0.887207 95.964
1770200584.2206 Rx ;90mca 0.000 0.000 16
1770200584.2217 Rx ;08pose 95.9660 0.000 0.000 0.0000 -2.6926
1770200584.2260 Rx ;37livn 27 27 41 65 74 37 32 39 132
1770200584.2271 Rx ;04pose 95.9710 0.000 0.000 0.0000 -2.6926
1770200584.2282 Rx ;57vel 95.9720 0.000 0.000 0.0000 0.000 4
1770200584.2293 Rx ;97ird 1.205 0.164 2943 12213 1
1770200584.2303 Rx ;36mot 0 0 0.1 0.1 0
1770200584.2314 Rx ;90gyro -1.151428 -0.350952 -1.388489 95.976
1770200584.2315 Rx ;39acc 0.422607 -0.000977 0.878906 95.976
1770200584.2315 Rx ;09pose 95.9760 0.000 0.000 0.0000 -2.6926
1770200584.2358 Rx ;56vel 95.9800 0.000 0.000 0.0000 0.000 4
1770200584.2358 Rx ;42livn 27 27 41 65 74 37 32 39 137
1770200584.2369 Rx ;06pose 95.9810 0.000 0.000 0.0000 -2.6927
1770200584.2422 Rx ;11pose 95.9860 0.000 0.000 0.0000 -2.6927
1770200584.2428 Txd ;62leds 14 0 80 0
1770200584.2433 Rx ;64vel 95.9880 0.000 0.000 0.0000 0.000 4
1770200584.2434 Rx ;04gyro -0.876770 -0.381470 -2.395569 95.988
1770200584.2434 Rx ;34acc 0.425293 -0.003906 0.883057 95.988
1770200584.2456 Rx ;30livn 27 27 41 65 74 37 32 40 142
1770200584.2467 Rx ;08pose 95.9910 0.000 0.000 0.0000 -2.6928
1770200584.2520 Rx ;63vel 95.9960 0.000 0.000 0.0000 0.000 4
1770200584.2520 Rx ;13pose 95.9960 0.000 0.000 0.0000 -2.6928
1770200584.2531 Rx ;91mca 0.000 0.000 17
1770200584.2542 Rx ;14ird 1.194 0.163 2957 12281 1
1770200584.2553 Rx ;64gyro -0.785217 -0.534058 -3.219543 96.000
1770200584.2554 Rx ;46acc 0.415283 0.004150 0.891113 96.000
1770200584.2554 Rx ;35livn 27 27 41 65 74 37 32 40 147
1770200584.2565 Rx ;91pose 96.0010 0.000 0.000 0.0000 -2.6929
1770200584.2597 Rx ;44vel 96.0040 0.000 0.000 0.0000 0.000 4
1770200584.2619 Rx ;88pose 96.0060 0.000 0.000 0.0000 -2.6930
1770200584.2619 Rx ;61liv 21 22 39 52 66 36 31 31 25
1770200584.2630 Rx ;36mot 0 0 0.1 0.1 0
1770200584.2651 Rx ;96hbt 96.0090 107 1033 15.66 4 8 9.0 0.34 0
1770200584.2663 Rx ;31livn 26 27 41 66 74 37 32 40 152
1770200584.2663 Rx ;85pose 96.0110 0.000 0.000 0.0000 -2.6931
1770200584.2674 Rx ;43vel 96.0120 0.000 0.000 0.0000 0.000 4
1770200584.2674 Rx ;54gyro -0.754700 -0.473022 -3.402649 96.012
1770200584.2675 Rx ;74acc 0.418945 0.006104 0.884766 96.012
1770200584.2717 Rx ;90pose 96.0160 0.000 0.000 0.0000 -2.6931
1770200584.2760 Rx ;42vel 96.0200 0.000 0.000 0.0000 0.000 4
1770200584.2761 Rx ;35livn 26 27 41 65 74 37 32 40 157
1770200584.2772 Rx ;87pose 96.0210 0.000 0.000 0.0000 -2.6932
1770200584.2793 Rx ;02ird 1.207 0.161 2941 12382 1
1770200584.2794 Rx ;64gyro -1.151428 -0.564575 -3.341614 96.024
1770200584.2794 Rx ;71acc 0.417725 0.005615 0.875732 96.024
1770200584.2816 Rx ;93pose 96.0260 0.000 0.000 0.0000 -2.6933
1770200584.2837 Rx ;50vel 96.0280 0.000 0.000 0.0000 0.000 4
1770200584.2859 Rx ;32livn 27 27 41 65 74 37 32 40 162
1770200584.2859 Rx ;90mca 0.000 0.000 16
1770200584.2870 Rx ;90pose 96.0310 0.000 0.000 0.0000 -2.6934
1770200584.2913 Rx ;49vel 96.0360 0.000 0.000 0.0000 0.000 4
1770200584.2913 Rx ;87gyro -1.792297 -0.595093 -2.822815 96.036
1770200584.2914 Rx ;91acc 0.417236 0.007568 0.889648 96.036
1770200584.2914 Rx ;96pose 96.0360 0.000 0.000 0.0000 -2.6935
1770200584.2957 Rx ;36livn 27 27 40 65 74 37 32 40 167
1770200584.2968 Rx ;36mot 0 0 0.1 0.1 0
1770200584.2968 Rx ;93pose 96.0410 0.000 0.000 0.0000 -2.6936
1770200584.3000 Rx ;48vel 96.0440 0.000 0.000 0.0000 0.000 4
1770200584.3022 Rx ;99pose 96.0460 0.000 0.000 0.0000 -2.6937
1770200584.3033 Rx ;72gyro -1.578674 -0.503540 -2.731262 96.048
1770200584.3034 Rx ;79acc 0.420166 0.002197 0.877197 96.048
1770200584.3044 Rx ;12ird 1.183 0.164 2971 12185 1
1770200584.3055 Rx ;32livn 26 27 40 65 74 38 32 40 172
1770200584.3077 Rx ;95pose 96.0510 0.000 0.000 0.0000 -2.6937
1770200584.3078 Rx ;47vel 96.0520 0.000 0.000 0.0000 0.000 4
1770200584.3118 Qu 1 ;95!enc0
1770200584.3120 Tx ;95!enc0
1770200584.3120 Rx ;02pose 96.0560 0.000 0.000 0.0000 -2.6938
1770200584.3121 Rx ;74liv 20 24 34 49 67 38 26 26 25
1770200584.3132 Rx ;85confirm !enc0
1770200584.3153 Rx ;46vel 96.0600 0.000 0.000 0.0000 0.000 4
1770200584.3154 Rx ;75gyro -1.548157 -0.656128 -2.426086 96.060
1770200584.3154 Rx ;20acc 0.416260 -0.001465 0.879883 96.060
1770200584.3155 Rx ;36livn 26 27 40 65 74 37 32 40 177
1770200584.3176 Rx ;98pose 96.0610 0.000 0.000 0.0000 -2.6939
1770200584.3198 Rx ;37mca 0.000 -0.000 17
1770200584.3219 Rx ;95pose 96.0660 0.000 0.000 0.0000 -2.6940
1770200584.3241 Rx ;54vel 96.0680 0.000 0.000 0.0000 0.000 4
1770200584.3263 Rx ;32livn 26 27 40 65 74 37 32 40 182
1770200584.3274 Rx ;91pose 96.0710 0.000 0.000 0.0000 -2.6940
1770200584.3275 Rx ;67gyro -1.822815 -0.747681 -2.120911 96.072
1770200584.3275 Rx ;47acc 0.425537 0.000000 0.885010 96.072
1770200584.3297 Rx ;89ird 1.131 0.165 3039 12110 1
1770200584.3298 Rx ;36mot 0 0 0.1 0.1 0
1770200584.3319 Rx ;53vel 96.0760 0.000 0.000 0.0000 0.000 4
1770200584.3320 Rx ;97pose 96.0760 0.000 0.000 0.0000 -2.6941
1770200584.3362 Rx ;39livn 27 27 40 65 74 38 32 40 187
1770200584.3373 Rx ;94pose 96.0810 0.000 0.000 0.0000 -2.6942
1770200584.3395 Rx ;52vel 96.0840 0.000 0.000 0.0000 0.000 4
1770200584.3396 Rx ;72gyro -1.334534 -0.350952 -2.181946 96.084
1770200584.3396 Rx ;16acc 0.424805 -0.003174 0.894531 96.084
1770200584.3418 Rx ;99pose 96.0860 0.000 0.000 0.0000 -2.6942
1770200584.3461 Rx ;35livn 27 27 40 65 74 38 32 40 192
1770200584.3472 Rx ;96pose 96.0910 0.000 0.000 0.0000 -2.6943
1770200584.3473 Rx ;51vel 96.0920 0.000 0.000 0.0000 0.000 4
1770200584.3516 Rx ;77gyro -1.365051 -0.289917 -2.151428 96.096
1770200584.3516 Rx ;28acc 0.417725 -0.001709 0.881836 96.096
1770200584.3517 Rx ;02pose 96.0960 0.000 0.000 0.0000 -2.6943
1770200584.3527 Qu 1 ;57!confw 0.074 0.074 19 92 0.23
1770200584.3527 Qu 2 ;66!confi
1770200584.3528 Tx ;57!confw 0.074 0.074 19 92 0.23
1770200584.3528 Rx ;90mca 0.000 0.000 16
1770200584.3539 Rx ;03# got confw: r1=0.074, r2=0.074, G=19, PPR=92, WB=0.23
1770200584.3539 Rx ;47confirm !confw 0.074 0.074 19 92 0.23
1770200584.3540 Tx ;66!confi
1770200584.3540 Rx ;06ird 1.099 0.167 3084 12012 1
1770200584.3551 Rx ;56confirm !confi
1770200584.3551 Rx ;93conf 0.0740 0.0740 19.000 92 0.2300 0.0020 0
1770200584.3552 Rx ;41vel 96.1000 0.000 0.000 0.0000 0.000 4
1770200584.3563 Rx ;47livn 27 27 40 65 74 38 31 39 197
1770200584.3574 Rx ;89pose 96.1010 0.000 0.000 0.0000 -2.6944
1770200584.3627 Rx ;95pose 96.1060 0.000 0.000 0.0000 -2.6945
1770200584.3628 Rx ;82liv 22 26 37 49 66 39 28 25 25
1770200584.3628 Rx ;36mot 0 0 0.1 0.1 0
1770200584.3639 Rx ;49vel 96.1080 0.000 0.000 0.0000 0.000 4
1770200584.3639 Rx ;80gyro -1.517639 -0.808716 -2.853333 96.108
1770200584.3640 Rx ;75acc 0.416992 0.001465 0.890381 96.108
1770200584.3661 Rx ;34livn 27 27 40 65 74 38 31 39 202
1770200584.3672 Rx ;92pose 96.1110 0.000 0.000 0.0000 -2.6946
1770200584.3715 Rx ;48vel 96.1160 0.000 0.000 0.0000 0.000 4
1770200584.3726 Rx ;97pose 96.1160 0.000 0.000 0.0000 -2.6946
1770200584.3758 Rx ;71gyro -1.456604 -0.564575 -2.822815 96.120
1770200584.3759 Rx ;22acc 0.419678 -0.003174 0.887451 96.120
1770200584.3759 Rx ;38livn 26 27 40 65 74 38 31 39 207
1770200584.3770 Rx ;94pose 96.1210 0.000 0.000 0.0000 -2.6947
1770200584.3792 Rx ;19ird 1.092 0.169 3094 11876 1
1770200584.3792 Rx ;47vel 96.1240 0.000 0.000 0.0000 0.000 4
1770200584.3824 Rx ;01pose 96.1260 0.000 0.000 0.0000 -2.6948
1770200584.3856 Rx ;91mca 0.000 0.000 17
1770200584.3857 Rx ;34livn 26 27 40 65 74 38 31 39 212
1770200584.3868 Rx ;97pose 96.1310 0.000 0.000 0.0000 -2.6949
1770200584.3879 Rx ;46vel 96.1320 0.000 0.000 0.0000 0.000 4
1770200584.3879 Rx ;65gyro -1.670227 -0.473022 -2.883850 96.132
1770200584.3880 Rx ;24acc 0.417236 -0.005371 0.883789 96.132
1770200584.3922 Rx ;03pose 96.1360 0.000 0.000 0.0000 -2.6949
1770200584.3955 Rx ;36mot 0 0 0.1 0.1 0
1770200584.3955 Rx ;45vel 96.1400 0.000 0.000 0.0000 0.000 4
1770200584.3955 Rx ;39livn 26 27 40 65 74 38 31 39 217
1770200584.3977 Rx ;90pose 96.1410 0.000 0.000 0.0000 -2.6950
1770200584.3998 Rx ;80gyro -1.731262 -0.747681 -2.883850 96.144
1770200584.3999 Rx ;17acc 0.420166 -0.003662 0.891846 96.144
1770200584.4020 Rx ;96pose 96.1460 0.000 0.000 0.0000 -2.6951
1770200584.4042 Rx ;53vel 96.1480 0.000 0.000 0.0000 0.000 4
1770200584.4042 Rx ;15ird 1.094 0.168 3092 11918 1
1770200584.4053 Rx ;35livn 26 27 40 65 74 38 31 39 222
1770200584.4075 Rx ;93pose 96.1510 0.000 0.000 0.0000 -2.6952
1770200584.4117 Rx ;52vel 96.1560 0.000 0.000 0.0000 0.000 4
1770200584.4118 Rx ;71gyro -1.639709 -0.625610 -3.341614 96.156
1770200584.4118 Rx ;55acc 0.427246 0.000000 0.880615 96.156
1770200584.4119 Rx ;98pose 96.1560 0.000 0.000 0.0000 -2.6952
1770200584.4119 Rx ;73liv 20 23 39 47 64 36 29 25 25
1770200584.4162 Rx ;40livn 26 27 40 65 74 38 31 39 227
1770200584.4173 Rx ;95pose 96.1610 0.000 0.000 0.0000 -2.6953
1770200584.4184 Rx ;90mca 0.000 0.000 16
1770200584.4195 Rx ;51vel 96.1640 0.000 0.000 0.0000 0.000 4
1770200584.4211 Txd ;21motv 0 0
1770200584.4217 Rx ;01pose 96.1660 0.000 0.000 0.0000 -2.6953
1770200584.4239 Rx ;79gyro -1.578674 -0.320435 -3.433167 96.168
1770200584.4240 Rx ;36acc 0.418457 -0.004150 0.895996 96.168
1770200584.4262 Rx ;36livn 26 27 40 65 74 38 31 39 232
1770200584.4273 Rx ;97pose 96.1710 0.000 0.000 0.0000 -2.6954
1770200584.4274 Rx ;50vel 96.1720 0.000 0.000 0.0000 0.000 4
1770200584.4283 Txd ;21motv 0 0
1770200584.4285 Rx ;36mot 0 0 0.1 0.1 0
1770200584.4296 Rx ;16ird 1.097 0.170 3087 11847 1
1770200584.4318 Rx ;03pose 96.1760 0.000 0.000 0.0000 -2.6954
1770200584.4360 Rx ;49vel 96.1800 0.000 0.000 0.0000 0.000 4
1770200584.4361 Rx ;72gyro -1.212463 -0.534058 -3.585754 96.180
1770200584.4362 Rx ;42acc 0.418945 -0.006836 0.879883 96.180
1770200584.4363 Rx ;40livn 26 27 40 65 74 37 31 39 237
1770200584.4366 Txd ;21motv 0 0
1770200584.4374 Rx ;99pose 96.1810 0.000 0.000 0.0000 -2.6955
1770200584.4427 Rx ;06pose 96.1860 0.000 0.000 0.0000 -2.6956
1770200584.4437 Txd ;09leds 14 0 105 0
1770200584.4439 Rx ;57vel 96.1880 0.000 0.000 0.0000 0.000 4
1770200584.4461 Rx ;37livn 27 27 40 65 74 37 31 39 242
1770200584.4472 Rx ;03pose 96.1910 0.000 0.000 0.0000 -2.6957
1770200584.4473 Rx ;75gyro -1.304016 -0.595093 -3.066956 96.192
1770200584.4473 Rx ;07acc 0.421631 -0.000244 0.887207 96.192
1770200584.4516 Rx ;91mca 0.000 0.000 17
1770200584.4517 Rx ;56vel 96.1960 0.000 0.000 0.0000 0.000 4
1770200584.4517 Rx ;08pose 96.1960 0.000 0.000 0.0000 -2.6957
1770200584.4539 Rx ;06ird 1.103 0.168 3078 11950 1
1770200584.4561 Rx ;43livn 27 27 40 65 74 38 31 39 247
1770200584.4572 Rx ;94pose 96.2010 0.000 0.000 0.0000 -2.6957
1770200584.4594 Rx ;46vel 96.2040 0.000 0.000 0.0000 0.000 4
1770200584.4595 Rx ;63gyro -1.059875 -0.503540 -3.311096 96.204
1770200584.4595 Rx ;56acc 0.426270 0.001221 0.883545 96.204
1770200584.4617 Rx ;36mot 0 0 0.1 0.1 0
1770200584.4628 Rx ;01pose 96.2060 0.000 0.000 0.0000 -2.6958
1770200584.4629 Rx ;60liv 20 24 40 50 65 37 27 25 25
1770200584.4661 Rx ;38livn 26 27 40 65 74 38 31 39 252
1770200584.4672 Rx ;96pose 96.2110 0.000 0.000 0.0000 -2.6958
1770200584.4673 Rx ;45vel 96.2120 0.000 0.000 0.0000 0.000 4
1770200584.4716 Rx ;77gyro -1.181946 -0.381470 -2.914368 96.216
1770200584.4717 Rx ;20acc 0.421875 -0.004150 0.888428 96.216
1770200584.4717 Rx ;03pose 96.2160 0.000 0.000 0.0000 -2.6959
1770200584.4760 Rx ;44vel 96.2200 0.000 0.000 0.0000 0.000 4
1770200584.4761 Rx ;43livn 26 27 40 65 74 38 31 39 257
1770200584.4772 Rx ;98pose 96.2210 0.000 0.000 0.0000 -2.6959
1770200584.4794 Rx ;17ird 1.090 0.169 3097 11909 1
1770200584.4826 Rx ;95pose 96.2260 0.000 0.000 0.0000 -2.6960
1770200584.4838 Rx ;52vel 96.2280 0.000 0.000 0.0000 0.000 4
1770200584.4838 Rx ;63gyro -1.212463 -0.717163 -2.700745 96.228
1770200584.4839 Rx ;29acc 0.417480 -0.007080 0.885498 96.228
1770200584.4840 Rx ;90mca 0.000 0.000 16
1770200584.4861 Rx ;38livn 26 27 40 65 74 37 31 39 262
1770200584.4873 Rx ;92pose 96.2310 0.000 0.000 0.0000 -2.6961
1770200584.4916 Rx ;51vel 96.2360 0.000 0.000 0.0000 0.000 4
1770200584.4927 Rx ;97pose 96.2360 0.000 0.000 0.0000 -2.6961
1770200584.4938 Rx ;36mot 0 0 0.1 0.1 0
1770200584.4960 Rx ;58gyro -1.304016 -0.442505 -1.907288 96.240
1770200584.4960 Rx ;22acc 0.420654 -0.008545 0.882568 96.240
1770200584.4961 Rx ;43livn 26 27 40 65 74 37 31 39 267
1770200584.4973 Rx ;93pose 96.2410 0.000 0.000 0.0000 -2.6961
1770200584.4994 Rx ;50vel 96.2440 0.000 0.000 0.0000 0.000 4
1770200584.5027 Rx ;99pose 96.2460 0.000 0.000 0.0000 -2.6962
1770200584.5038 Rx ;06ird 1.075 0.171 3120 11789 1
1770200584.5060 Rx ;39livn 26 27 40 65 74 37 31 39 272
1770200584.5071 Rx ;95pose 96.2510 0.000 0.000 0.0000 -2.6962
1770200584.5082 Rx ;49vel 96.2520 0.000 0.000 0.0000 0.000 4
1770200584.5083 Rx ;69gyro -1.273499 -0.320435 -1.510559 96.252
1770200584.5084 Rx ;28acc 0.419189 -0.012207 0.892578 96.252
1770200584.5127 Rx ;02pose 96.2560 0.000 0.000 0.0000 -2.6963
1770200584.5128 Rx ;70liv 19 23 37 50 65 33 26 27 25
1770200584.5160 Rx ;48vel 96.2600 0.000 0.000 0.0000 0.000 4
1770200584.5161 Rx ;44livn 26 27 40 65 74 37 31 39 277
1770200584.5172 Rx ;97pose 96.2610 0.000 0.000 0.0000 -2.6963
1770200584.5173 Rx ;91mca 0.000 0.000 17
1770200584.5194 Rx ;93gyro -0.998840 -0.076294 -1.174866 96.264
1770200584.5196 Rx ;23acc 0.419434 -0.006348 0.882812 96.264
1770200584.5218 Rx ;04pose 96.2660 0.000 0.000 0.0000 -2.6964
1770200584.5240 Rx ;56vel 96.2680 0.000 0.000 0.0000 0.000 4
1770200584.5262 Rx ;40livn 26 27 40 65 74 37 31 39 282
1770200584.5274 Rx ;99pose 96.2710 0.000 0.000 0.0000 -2.6964
1770200584.5275 Rx ;36mot 0 0 0.1 0.1 0
1770200584.5296 Rx ;96ird 1.007 0.171 3230 11738 1
1770200584.5319 Rx ;55vel 96.2760 0.000 0.000 0.0000 0.000 4
1770200584.5320 Rx ;82gyro -0.663147 -0.320435 -1.388489 96.276
1770200584.5320 Rx ;25acc 0.425049 -0.001953 0.887207 96.276
1770200584.5321 Rx ;05pose 96.2760 0.000 0.000 0.0000 -2.6964
1770200584.5354 Rx ;44livn 26 26 40 65 74 37 31 39 287
1770200584.5376 Rx ;01pose 96.2810 0.000 0.000 0.0000 -2.6964
1770200584.5398 Rx ;54vel 96.2840 0.000 0.000 0.0000 0.000 4
1770200584.5421 Rx ;06pose 96.2860 0.000 0.000 0.0000 -2.6964
1770200584.5443 Rx ;90gyro -0.907288 -0.442505 -1.693665 96.288
1770200584.5444 Rx ;99acc 0.425537 0.004639 0.879883 96.288
1770200584.5455 Rx ;40livn 26 26 40 65 74 37 31 39 292
1770200584.5477 Rx ;03pose 96.2910 0.000 0.000 0.0000 -2.6965
1770200584.5478 Rx ;53vel 96.2920 0.000 0.000 0.0000 0.000 4
1770200584.5500 Rx ;90mca 0.000 0.000 16
1770200584.5521 Rx ;08pose 96.2960 0.000 0.000 0.0000 -2.6965
1770200584.5543 Rx ;09ird 0.995 0.174 3251 11612 1
1770200584.5554 Rx ;43vel 96.3000 0.000 0.000 0.0000 0.000 4
1770200584.5555 Rx ;58gyro -1.487122 -0.350952 -2.334534 96.300
1770200584.5556 Rx ;63acc 0.418701 0.004150 0.888672 96.300
1770200584.5556 Rx ;45livn 26 26 40 65 74 37 31 39 297
1770200584.5578 Rx ;95pose 96.3010 0.000 0.000 0.0000 -2.6966
1770200584.5600 Rx ;36mot 0 0 0.1 0.1 0
1770200584.5622 Rx ;77liv 18 20 35 51 69 38 28 28 25
1770200584.5623 Rx ;01pose 96.3060 0.000 0.000 0.0000 -2.6966
1770200584.5634 Rx ;51vel 96.3080 0.000 0.000 0.0000 0.000 4
1770200584.5656 Rx ;34livn 25 29 35 65 73 41 34 39 1
1770200584.5677 Rx ;97pose 96.3110 0.000 0.000 0.0000 -2.6967
1770200584.5678 Rx ;92gyro -1.273499 -0.747681 -2.639709 96.312
1770200584.5679 Rx ;68acc 0.418457 0.007324 0.886230 96.312
1770200584.5722 Rx ;50vel 96.3160 0.000 0.000 0.0000 0.000 4
1770200584.5723 Rx ;03pose 96.3160 0.000 0.000 0.0000 -2.6967
1770200584.5755 Rx ;37livn 22 29 37 64 74 34 27 34 6
1770200584.5777 Rx ;99pose 96.3210 0.000 0.000 0.0000 -2.6968
1770200584.5788 Rx ;12ird 0.988 0.172 3264 11710 1
1770200584.5799 Rx ;49vel 96.3240 0.000 0.000 0.0000 0.000 4
1770200584.5800 Rx ;90gyro -1.639709 -0.411987 -2.883850 96.324
1770200584.5801 Rx ;94acc 0.419678 0.002686 0.886475 96.324
1770200584.5822 Rx ;05pose 96.3260 0.000 0.000 0.0000 -2.6968
1770200584.5834 Rx ;91mca 0.000 0.000 17
1770200584.5855 Rx ;90livn 25 29 37 64 73 36 29 37 11
1770200584.5877 Rx ;02pose 96.3310 0.000 0.000 0.0000 -2.6969
1770200584.5878 Rx ;48vel 96.3320 0.000 0.000 0.0000 0.000 4
1770200584.5915 Qu 1 ;44!lip 1
1770200584.5917 Qu 2 ;75!sub livn 10
1770200584.5921 Tx ;44!lip 1
1770200584.5921 Rx ;58gyro -1.304016 -0.320435 -3.127991 96.336
1770200584.5922 Rx ;29acc 0.419678 -0.002930 0.893066 96.336
1770200584.5923 Rx ;07pose 96.3360 0.000 0.000 0.0000 -2.6969
1770200584.5924 Rx ;34confirm !lip 1
1770200584.5924 Tx ;75!sub livn 10
1770200584.5935 Rx ;65confirm !sub livn 10
1770200584.5935 Rx ;36mot 0 0 0.1 0.1 0
1770200584.5957 Rx ;47vel 96.3400 0.000 0.000 0.0000 0.000 4
1770200584.5958 Rx ;69livn 24 30 38 61 71 37 30 40 16
1770200584.5969 Rx ;94pose 96.3410 0.000 0.000 0.0000 -2.6970
1770200584.6022 Rx ;01pose 96.3460 0.000 0.000 0.0000 -2.6971
1770200584.6034 Rx ;55vel 96.3480 0.000 0.000 0.0000 0.000 4
1770200584.6035 Rx ;84gyro -1.456604 -0.595093 -2.975403 96.348
1770200584.6036 Rx ;21acc 0.424316 -0.009766 0.881104 96.348
1770200584.6047 Rx ;04ird 0.930 0.172 3375 11703 1
1770200584.6058 Rx ;78livn 24 29 36 60 71 37 30 39 21
1770200584.6070 Rx ;96pose 96.3510 0.000 0.000 0.0000 -2.6971
1770200584.6114 Rx ;54vel 96.3560 0.000 0.000 0.0000 0.000 4
1770200584.6120 Qu 1 ;75!liwi
1770200584.6126 Tx ;75!liwi
1770200584.6126 Rx ;78liv 19 27 35 47 63 35 26 27 25
1770200584.6127 Rx ;02pose 96.3560 0.000 0.000 0.0000 -2.6971
1770200584.6128 Rx ;65confirm !liwi
1770200584.6128 Rx ;18liw 758 892 947 769 887 962 895 681
1770200584.6160 Rx ;64gyro -0.754700 -0.350952 -2.487122 96.360
1770200584.6161 Rx ;22acc 0.423584 -0.017578 0.891113 96.360
1770200584.6162 Rx ;91livn 25 29 36 60 71 36 29 39 26
1770200584.6163 Rx ;90mca 0.000 0.000 16
1770200584.6174 Rx ;98pose 96.3610 0.000 0.000 0.0000 -2.6972
1770200584.6196 Rx ;53vel 96.3640 0.000 0.000 0.0000 0.000 4
1770200584.6228 Rx ;05pose 96.3660 0.000 0.000 0.0000 -2.6973
1770200584.6261 Rx ;77livn 25 28 36 59 70 36 30 40 31
1770200584.6261 Rx ;36mot 0 0 0.1 0.1 0
1770200584.6272 Rx ;01pose 96.3710 0.000 0.000 0.0000 -2.6973
1770200584.6273 Rx ;52vel 96.3720 0.000 0.000 0.0000 0.000 4
1770200584.6274 Rx ;64gyro -0.449524 -0.381470 -1.480042 96.372
1770200584.6274 Rx ;19acc 0.429443 -0.019531 0.884033 96.372
1770200584.6296 Rx ;10ird 0.932 0.171 3370 11749 1
1770200584.6318 Rx ;06pose 96.3760 0.000 0.000 0.0000 -2.6973
1770200584.6322 Qu 1 ;44!leds 16 30 30 0
1770200584.6324 Qu 2 ;92!leds 16 0 0 30
1770200584.6327 Qu 3 ;40!servo 1 100 300
1770200584.6329 Tx ;44!leds 16 30 30 0
1770200584.6340 Rx ;34confirm !leds 16 30 30 0
1770200584.6341 Tx ;92!leds 16 0 0 30
1770200584.6351 Rx ;82confirm !leds 16 0 0 30
1770200584.6352 Tx ;40!servo 1 100 300
1770200584.6362 Rx ;51vel 96.3800 0.000 0.000 0.0000 0.000 4
1770200584.6363 Rx ;30confirm !servo 1 100 300
1770200584.6363 Rx ;83livn 24 26 38 62 71 35 29 40 36
1770200584.6364 Rx ;56# setvo t=96681, 0, ref=100, e=10000, value=300, vel=300, dw=300, v=2047
1770200584.6375 Txd ;44motv 1.89 1.89
1770200584.6376 Rx ;02pose 96.3810 0.000 0.000 0.0000 -2.6973
1770200584.6387 Rx ;23# setvo t=96683, 0, ref=100, e=9700, value=600, vel=300, dw=300, v=2051
1770200584.6399 Rx ;84gyro -0.541077 -0.259399 -0.930725 96.384
1770200584.6400 Rx ;35acc 0.419922 -0.010254 0.893799 96.384
1770200584.6411 Rx ;29# setvo t=96685, 0, ref=100, e=9400, value=900, vel=300, dw=300, v=2055
1770200584.6422 Rx ;07pose 96.3860 0.000 0.000 0.0000 -2.6973
1770200584.6423 Rx ;74# setvo t=96687, 0, ref=100, e=9100, value=1200, vel=300, dw=300, v=2059
1770200584.6435 Rx ;59vel 96.3880 0.000 0.000 0.0000 0.000 4
1770200584.6444 Txd ;28motv 2.17 2.17
1770200584.6446 Rx ;80# setvo t=96689, 0, ref=100, e=8800, value=1500, vel=300, dw=300, v=2063
1770200584.6450 Txd ;62leds 14 0 80 0
1770200584.6458 Rx ;77livn 24 26 36 62 70 35 29 41 41
1770200584.6469 Rx ;77# setvo t=96691, 0, ref=100, e=8500, value=1800, vel=300, dw=300, v=2067
1770200584.6470 Rx ;06pose 96.3910 0.000 0.000 0.0012 -2.6973
1770200584.6492 Rx ;65# setvo t=96693, 0, ref=100, e=8200, value=2100, vel=300, dw=300, v=2071
1770200584.6493 Rx ;10mca 0.115 0.119 17
1770200584.6504 Rx ;80# setvo t=96695, 0, ref=100, e=7900, value=2400, vel=300, dw=300, v=2075
1770200584.6516 Rx ;58vel 96.3960 0.000 0.000 0.0000 0.000 4
1770200584.6516 Rx ;77gyro -1.181946 -0.320435 -0.656067 96.396
1770200584.6517 Rx ;42acc 0.411377 -0.014893 0.898438 96.396
1770200584.6522 Txd ;30motv 2.45 2.45
1770200584.6528 Rx ;14pose 96.3960 0.000 0.000 0.0023 -2.6974
1770200584.6529 Rx ;86# setvo t=96697, 0, ref=100, e=7600, value=2700, vel=300, dw=300, v=2079
1770200584.6541 Rx ;99ird 0.913 0.173 3410 11644 1
1770200584.6552 Rx ;74# setvo t=96699, 0, ref=100, e=7300, value=3000, vel=300, dw=300, v=2083
1770200584.6564 Rx ;83livn 25 27 36 62 70 35 29 40 46
1770200584.6564 Rx ;62# setvo t=96701, 0, ref=100, e=7000, value=3300, vel=300, dw=300, v=2087
1770200584.6576 Rx ;06pose 96.4010 0.001 0.000 0.0035 -2.6975
1770200584.6587 Rx ;68# setvo t=96703, 0, ref=100, e=6700, value=3600, vel=300, dw=300, v=2091
1770200584.6588 Rx ;40mot 2.5 2.5 0.1 0.1 0
1770200584.6599 Rx ;71vel 96.4040 0.000 0.031 0.1369 0.000 4
1770200584.6606 Txd ;27motv 2.73 2.50
1770200584.6611 Rx ;74# setvo t=96705, 0, ref=100, e=6400, value=3900, vel=300, dw=300, v=2095
1770200584.6622 Rx ;74liv 19 23 34 49 62 34 27 27 25
1770200584.6623 Rx ;09pose 96.4060 0.002 0.000 0.0023 -2.6975
1770200584.6624 Rx ;71# setvo t=96707, 0, ref=100, e=6100, value=4200, vel=300, dw=300, v=2099
1770200584.6635 Rx ;25gyro -12.320862 -6.332397 -1.541077 96.408
1770200584.6636 Rx ;72acc 0.277344 0.180176 0.661133 96.408
1770200584.6647 Rx ;68# setvo t=96709, 0, ref=100, e=5800, value=4500, vel=300, dw=300, v=2103
1770200584.6659 Rx ;88livn 25 27 36 62 70 36 29 39 51
1770200584.6670 Rx ;65# setvo t=96711, 0, ref=100, e=5500, value=4800, vel=300, dw=300, v=2107
1770200584.6671 Rx ;07pose 96.4110 0.003 0.000 0.0012 -2.6978
1770200584.6682 Rx ;38vel 96.4120 0.146 0.132 -0.0629 0.146 4
1770200584.6683 Rx ;53# setvo t=96713, 0, ref=100, e=5200, value=5100, vel=300, dw=300, v=2111
1770200584.6691 Txd ;37motv 1.91 1.98
1770200584.6705 Rx ;68# setvo t=96715, 0, ref=100, e=4900, value=5400, vel=300, dw=300, v=2115
1770200584.6727 Rx ;12pose 96.4160 0.003 0.000 0.0012 -2.6978
1770200584.6728 Rx ;74# setvo t=96717, 0, ref=100, e=4600, value=5700, vel=300, dw=300, v=2119
1770200584.6750 Rx ;62# setvo t=96719, 0, ref=100, e=4300, value=6000, vel=300, dw=300, v=2123
1770200584.6762 Rx ;28vel 96.4200 0.202 0.181 -0.0945 0.202 4
1770200584.6763 Rx ;95gyro 1.808777 0.991821 -3.738342 96.420
1770200584.6763 Rx ;88acc 0.474609 0.107666 0.797607 96.420
1770200584.6764 Rx ;94livn 26 26 36 63 71 35 29 39 56
1770200584.6765 Rx ;59# setvo t=96721, 0, ref=100, e=4000, value=6300, vel=300, dw=300, v=2127
1770200584.6776 Txd ;27motv 1.60 1.74
1770200584.6776 Rx ;06pose 96.4210 0.004 0.000 0.0012 -2.6975
1770200584.6788 Rx ;65# setvo t=96723, 0, ref=100, e=3700, value=6600, vel=300, dw=300, v=2131
1770200584.6789 Rx ;02ird 0.911 0.175 3415 11533 1
1770200584.6811 Rx ;71# setvo t=96725, 0, ref=100, e=3400, value=6900, vel=300, dw=300, v=2135
1770200584.6822 Rx ;28mca 0.399 0.367 16
1770200584.6823 Rx ;07pose 96.4260 0.005 0.000 0.0012 -2.6970
1770200584.6823 Rx ;68# setvo t=96727, 0, ref=100, e=3100, value=7200, vel=300, dw=300, v=2139
1770200584.6835 Rx ;15vel 96.4280 0.193 0.199 0.0258 0.193 4
1770200584.6838 Txd ;33motv 1.72 1.68
1770200584.6846 Rx ;74# setvo t=96729, 0, ref=100, e=2800, value=7500, vel=300, dw=300, v=2143
1770200584.6858 Rx ;92livn 26 26 36 63 72 36 29 39 61
1770200584.6869 Rx ;71# setvo t=96731, 0, ref=100, e=2500, value=7800, vel=300, dw=300, v=2147
1770200584.6870 Rx ;05pose 96.4310 0.007 0.000 0.0012 -2.6970
1770200584.6882 Rx ;34gyro -0.388489 1.480103 -2.761780 96.432
1770200584.6882 Rx ;35acc 0.343994 -0.079102 0.959961 96.432
1770200584.6883 Rx ;59# setvo t=96733, 0, ref=100, e=2200, value=8100, vel=300, dw=300, v=2151
1770200584.6905 Rx ;74# setvo t=96735, 0, ref=100, e=1900, value=8400, vel=300, dw=300, v=2155
1770200584.6917 Rx ;46vel 96.4360 0.194 0.190 -0.0180 0.194 4
1770200584.6923 Txd ;34motv 1.78 1.81
1770200584.6928 Rx ;42mot 1.7 1.7 0.1 0.1 0
1770200584.6929 Rx ;52pose 96.4360 0.007 0.000 -0.0000 -2.6970
1770200584.6930 Rx ;80# setvo t=96737, 0, ref=100, e=1600, value=8700, vel=300, dw=300, v=2159
1770200584.6952 Rx ;68# setvo t=96739, 0, ref=100, e=1300, value=9000, vel=300, dw=300, v=2163
1770200584.6963 Rx ;96livn 25 26 36 64 72 35 29 39 66
1770200584.6964 Rx ;65# setvo t=96741, 0, ref=100, e=1000, value=9300, vel=300, dw=300, v=2167
1770200584.6976 Rx ;51pose 96.4410 0.008 0.000 -0.0000 -2.6972
1770200584.6987 Rx ;23# setvo t=96743, 0, ref=100, e=700, value=9600, vel=300, dw=300, v=2171
1770200584.6999 Rx ;45vel 96.4440 0.191 0.183 -0.0355 0.191 4
1770200584.7000 Rx ;70gyro -4.050598 -0.625610 -4.043518 96.444
1770200584.7000 Rx ;79acc 0.403809 0.018555 0.896240 96.444
1770200584.7008 Txd ;36motv 1.86 1.93
1770200584.7011 Rx ;29# setvo t=96745, 0, ref=100, e=400, value=9900, vel=300, dw=300, v=2175
1770200584.7023 Rx ;58pose 96.4460 0.009 0.000 -0.0000 -2.6973
1770200584.7024 Rx ;59# setvo t=96747, 0, ref=100, e=100, value=10000, vel=300, dw=100, v=2177
1770200584.7046 Rx ;24ird 0.918 0.173 3399 11629 1
1770200584.7057 Rx ;91livn 25 26 36 64 72 35 29 38 71
1770200584.7068 Rx ;47pose 96.4510 0.010 0.000 -0.0000 -2.6974
1770200584.7080 Rx ;60vel 96.4520 0.189 0.175 -0.0635 0.189 4
1770200584.7093 Txd ;30motv 1.94 2.06
1770200584.7123 Rx ;65gyro -3.135071 -0.900269 -4.501282 96.456
1770200584.7124 Rx ;31acc 0.456299 -0.012695 0.906250 96.456
1770200584.7124 Rx ;67liv 19 22 37 53 71 35 25 24 25
1770200584.7125 Rx ;53pose 96.4560 0.011 0.000 -0.0000 -2.6974
1770200584.7157 Rx ;16mca 0.165 0.129 17
1770200584.7158 Rx ;50vel 96.4600 0.193 0.182 -0.0494 0.193 4
1770200584.7160 Rx ;95livn 25 26 36 63 73 36 28 37 76
1770200584.7165 Txd ;37motv 1.98 2.09
1770200584.7171 Rx ;49pose 96.4610 0.012 0.000 -0.0000 -2.6973
1770200584.7225 Rx ;57pose 96.4660 0.013 0.000 -0.0000 -2.6975
1770200584.7236 Rx ;61vel 96.4680 0.197 0.196 -0.0043 0.197 4
1770200584.7237 Rx ;91gyro -2.127991 -0.656128 -5.050598 96.468
1770200584.7238 Rx ;09acc 0.374023 -0.011230 0.824951 96.468
1770200584.7243 Txd ;20motv 2.02 2.06
1770200584.7250 Rx ;36mot 2 2.1 0.1 0.1 0
1770200584.7261 Rx ;94livn 26 26 36 63 73 37 28 38 81
1770200584.7272 Rx ;54pose 96.4710 0.014 0.000 -0.0000 -2.6975
1770200584.7288 Rx ;99ird 0.911 0.174 3414 11560 1
1770200584.7327 Rx ;30vel 96.4760 0.204 0.201 -0.0129 0.204 4
1770200584.7328 Rx ;61pose 96.4760 0.015 0.000 -0.0000 -2.6976
1770200584.7338 Txd ;23motv 2.02 2.09
1770200584.7360 Rx ;96gyro -2.524719 -1.571655 -4.836975 96.480
1770200584.7361 Rx ;12acc 0.403564 -0.001953 0.914307 96.480
1770200584.7362 Rx ;97livn 26 26 36 63 73 36 28 37 86
1770200584.7374 Rx ;61pose 96.4810 0.016 0.000 -0.0000 -2.6979
1770200584.7396 Rx ;68vel 96.4840 0.210 0.210 0.0003 0.210 4
1770200584.7401 Txd ;22motv 2.03 2.07
1770200584.7418 Rx ;67pose 96.4860 0.017 0.000 -0.0000 -2.6979
1770200584.7461 Rx ;93livn 25 26 36 63 73 36 28 38 91
1770200584.7472 Rx ;56pose 96.4910 0.018 0.000 -0.0000 -2.6980
1770200584.7473 Rx ;79vel 96.4920 0.211 0.214 0.0135 0.211 4
1770200584.7474 Rx ;06gyro -2.463684 -1.266479 -4.684387 96.492
1770200584.7475 Rx ;27acc 0.404053 -0.000977 0.874756 96.492
1770200584.7485 Txd ;28motv 2.07 2.09
1770200584.7486 Rx ;04mca 0.211 0.171 16
1770200584.7529 Rx ;62pose 96.4960 0.019 0.000 -0.0000 -2.6980
1770200584.7540 Rx ;16ird 0.923 0.174 3389 11607 1
1770200584.7562 Rx ;92vel 96.5000 0.216 0.219 0.0098 0.216 4
1770200584.7563 Rx ;99livn 25 25 36 64 73 36 29 38 96
1770200584.7569 Txd ;28motv 2.07 2.09
1770200584.7574 Rx ;43pose 96.5010 0.020 0.000 -0.0000 -2.6982
1770200584.7585 Rx ;32mot 2.1 2.1 0.1 0.1 0
1770200584.7596 Rx ;78gyro -2.707825 -1.174927 -3.860413 96.504
1770200584.7597 Rx ;61acc 0.410400 0.027100 0.887695 96.504
1770200584.7619 Rx ;76liv 20 24 33 48 67 39 29 26 25
1770200584.7620 Rx ;08pose 96.5060 0.021 0.000 0.0012 -2.6983
1770200584.7642 Rx ;96vel 96.5080 0.226 0.229 0.0118 0.226 4
1770200584.7648 Txd ;20motv 2.03 2.05
1770200584.7653 Rx ;02hbt 96.5090 107 1033 15.63 4 8 9.0 0.55 0
1770200584.7664 Rx ;36livn 25 26 36 63 73 37 29 38 101
1770200584.7675 Rx ;06pose 96.5110 0.023 0.000 0.0012 -2.6983
1770200584.7718 Rx ;86vel 96.5160 0.224 0.231 0.0282 0.224 4
1770200584.7719 Rx ;82gyro -2.127991 -1.632690 -3.555237 96.516
1770200584.7720 Rx ;19acc 0.391357 -0.017090 0.853271 96.516
1770200584.7721 Rx ;55pose 96.5160 0.024 0.000 -0.0000 -2.6984
1770200584.7727 Txd ;26motv 2.08 2.06
1770200584.7764 Rx ;42livn 25 26 36 64 74 37 29 37 106
1770200584.7775 Rx ;54pose 96.5210 0.025 0.000 -0.0000 -2.6986
1770200584.7797 Rx ;16ird 0.894 0.176 3452 11481 1
1770200584.7798 Rx ;82vel 96.5240 0.223 0.228 0.0230 0.223 4
1770200584.7805 Txd ;15motv 2.11 2.10
1770200584.7809 Rx ;17mca 0.227 0.167 17
1770200584.7820 Rx ;19pose 96.5260 0.026 0.000 0.0012 -2.6987
1770200584.7842 Rx ;98gyro -4.294739 -1.266479 -3.402649 96.528
1770200584.7843 Rx ;20acc 0.437012 -0.020508 0.919189 96.528
1770200584.7854 Rx ;38livn 25 26 36 64 74 37 29 37 111
1770200584.7876 Rx ;16pose 96.5310 0.027 0.000 0.0012 -2.6987
1770200584.7877 Rx ;78vel 96.5320 0.223 0.225 0.0113 0.223 4
1770200584.7889 Txd ;23motv 2.14 2.15
1770200584.7909 Rx ;33mot 2.1 2.2 0.1 0.1 0
1770200584.7920 Rx ;63pose 96.5360 0.028 0.000 -0.0000 -2.6986
1770200584.7963 Rx ;96vel 96.5400 0.229 0.229 0.0017 0.229 4
1770200584.7964 Rx ;83gyro -1.914368 -1.266479 -3.860413 96.540
1770200584.7965 Rx ;10acc 0.424072 -0.047363 0.916016 96.540
1770200584.7965 Rx ;41livn 25 25 35 64 74 37 29 37 116
1770200584.7972 Txd ;22motv 2.13 2.15
1770200584.7976 Rx ;09pose 96.5410 0.030 0.000 0.0012 -2.6985
1770200584.8019 Rx ;57pose 96.5460 0.031 0.000 -0.0000 -2.6985
1770200584.8041 Rx ;01vel 96.5480 0.235 0.238 0.0127 0.235 4
1770200584.8042 Rx ;14ird 0.864 0.176 3518 11470 1
1770200584.8050 Txd ;15motv 2.11 2.10
1770200584.8064 Rx ;28livn 24 25 36 63 74 37 30 37 121
1770200584.8075 Rx ;13pose 96.5510 0.032 0.000 0.0012 -2.6986
1770200584.8076 Rx ;67gyro -1.304016 -0.747681 -3.860413 96.552
1770200584.8076 Rx ;37acc 0.437988 -0.011475 0.945068 96.552
1770200584.8119 Rx ;06vel 96.5560 0.237 0.241 0.0189 0.237 4
1770200584.8120 Rx ;83liv 15 19 34 49 68 36 29 25 25
1770200584.8121 Rx ;19pose 96.5560 0.033 0.000 0.0012 -2.6986
1770200584.8133 Txd ;23motv 2.11 2.09
1770200584.8142 Rx ;02mca 0.210 0.170 16
1770200584.8164 Rx ;33livn 24 25 36 63 74 37 30 37 126
1770200584.8175 Rx ;17pose 96.5610 0.034 0.000 0.0012 -2.6987
1770200584.8197 Rx ;94vel 96.5640 0.236 0.244 0.0313 0.236 4
1770200584.8198 Rx ;76gyro -1.090393 -0.503540 -3.585754 96.564
1770200584.8199 Rx ;35acc 0.431885 -0.008545 0.904785 96.564
1770200584.8205 Txd ;24motv 2.13 2.08
1770200584.8220 Rx ;23pose 96.5660 0.035 0.000 0.0012 -2.6987
1770200584.8242 Rx ;32mot 2.1 2.1 0.1 0.1 0
1770200584.8264 Rx ;28livn 24 25 35 63 74 37 30 37 131
1770200584.8275 Rx ;22pose 96.5710 0.037 0.000 0.0012 -2.6988
1770200584.8276 Rx ;87vel 96.5720 0.235 0.242 0.0302 0.235 4
1770200584.8283 Txd ;19motv 2.15 2.10
1770200584.8298 Rx ;10ird 0.854 0.176 3542 11452 1
1770200584.8319 Rx ;72gyro -1.242981 -0.717163 -3.372131 96.576
1770200584.8320 Rx ;85acc 0.416992 0.003418 0.840576 96.576
1770200584.8321 Rx ;28pose 96.5760 0.038 0.000 0.0012 -2.6988
1770200584.8353 Rx ;04vel 96.5800 0.238 0.242 0.0169 0.238 4
1770200584.8354 Rx ;33livn 24 25 35 63 74 37 30 37 136
1770200584.8366 Txd ;20motv 2.15 2.11
1770200584.8376 Rx ;26pose 96.5810 0.039 0.000 0.0012 -2.6989
1770200584.8430 Rx ;25pose 96.5860 0.040 0.000 0.0023 -2.6989
1770200584.8441 Rx ;93vel 96.5880 0.241 0.246 0.0213 0.241 4
1770200584.8442 Rx ;82gyro -1.365051 -0.289917 -3.341614 96.588
1770200584.8443 Rx ;36acc 0.390137 -0.005859 0.896240 96.588
1770200584.8450 Txd ;26motv 2.14 2.09
1770200584.8458 Txd ;64leds 14 0 55 0
1770200584.8464 Rx ;29livn 25 24 35 63 74 37 30 37 141
1770200584.8476 Rx ;06mca 0.214 0.151 17
1770200584.8476 Rx ;13pose 96.5910 0.042 0.000 0.0012 -2.6990
1770200584.8519 Rx ;91vel 96.5960 0.240 0.245 0.0206 0.240 4
1770200584.8520 Rx ;29pose 96.5960 0.043 0.000 0.0023 -2.6989
1770200584.8522 Txd ;20motv 2.16 2.10
1770200584.8541 Rx ;15ird 0.860 0.178 3528 11346 1
1770200584.8563 Rx ;63gyro -1.426086 -0.350952 -4.074036 96.600
1770200584.8564 Rx ;68acc 0.430664 0.029541 0.884521 96.600
1770200584.8565 Rx ;33livn 25 24 35 63 73 37 30 37 146
1770200584.8576 Rx ;33mot 2.2 2.1 0.1 0.1 0
1770200584.8576 Rx ;07pose 96.6010 0.044 0.000 0.0012 -2.6990
1770200584.8598 Rx ;89vel 96.6040 0.243 0.247 0.0170 0.243 4
1770200584.8611 Txd ;26motv 2.14 2.09
1770200584.8621 Rx ;68liv 21 18 30 48 62 38 26 26 25
1770200584.8621 Rx ;15pose 96.6060 0.045 0.000 0.0023 -2.6990
1770200584.8664 Rx ;37livn 25 24 35 63 73 37 29 37 151
1770200584.8675 Rx ;10pose 96.6110 0.046 0.000 0.0012 -2.6990
1770200584.8676 Rx ;26vel 96.6120 0.243 0.243 -0.0004 0.243 4
1770200584.8677 Rx ;78gyro -2.036438 -1.144409 -3.951965 96.612
1770200584.8677 Rx ;85acc 0.409180 0.008057 0.887939 96.612
1770200584.8684 Txd ;21motv 2.15 2.12
1770200584.8720 Rx ;17pose 96.6160 0.047 0.000 0.0012 -2.6991
1770200584.8763 Rx ;51vel 96.6200 0.249 0.245 -0.0196 0.249 4
1770200584.8764 Rx ;34livn 25 24 35 63 73 37 30 37 156
1770200584.8767 Txd ;17motv 2.11 2.12
1770200584.8775 Rx ;17pose 96.6210 0.049 0.000 0.0023 -2.6991
1770200584.8797 Rx ;26ird 0.856 0.176 3537 11489 1
1770200584.8798 Rx ;78gyro -2.311096 -0.808716 -4.470764 96.624
1770200584.8799 Rx ;74acc 0.420898 0.007812 0.883301 96.624
1770200584.8799 Rx ;08mca 0.210 0.149 16
1770200584.8821 Rx ;15pose 96.6260 0.050 0.000 0.0023 -2.6992
1770200584.8843 Rx ;50vel 96.6280 0.248 0.245 -0.0162 0.248 4
1770200584.8850 Txd ;18motv 2.12 2.12
1770200584.8864 Rx ;38livn 25 24 35 63 73 37 29 37 161
1770200584.8876 Rx ;12pose 96.6310 0.051 0.000 0.0012 -2.6994
1770200584.8908 Rx ;32mot 2.1 2.1 0.1 0.1 0
1770200584.8920 Rx ;40vel 96.6360 0.247 0.247 -0.0000 0.247 4
1770200584.8920 Rx ;85gyro -2.463684 -1.602173 -4.806458 96.636
1770200584.8921 Rx ;74acc 0.426514 0.022949 0.923340 96.636
1770200584.8922 Rx ;20pose 96.6360 0.052 0.000 0.0023 -2.6994
1770200584.8928 Txd ;18motv 2.13 2.11
1770200584.8965 Rx ;40livn 24 24 34 62 73 37 29 37 166
1770200584.8976 Rx ;17pose 96.6410 0.054 0.000 0.0012 -2.6995
1770200584.8998 Rx ;99vel 96.6440 0.245 0.246 0.0083 0.245 4
1770200584.9011 Txd ;21motv 2.15 2.12
1770200584.9020 Rx ;25pose 96.6460 0.055 0.000 0.0023 -2.6995
1770200584.9042 Rx ;84gyro -3.074036 -1.235962 -5.416809 96.648
1770200584.9043 Rx ;82acc 0.447754 0.004395 0.902344 96.648
1770200584.9043 Rx ;12ird 0.817 0.178 3635 11342 1
1770200584.9054 Rx ;36livn 24 24 34 62 73 37 29 37 171
1770200584.9076 Rx ;23pose 96.6510 0.056 0.000 0.0023 -2.6996
1770200584.9077 Rx ;01vel 96.6520 0.246 0.249 0.0161 0.246 4
1770200584.9083 Txd ;20motv 2.15 2.11
1770200584.9120 Rx ;64liv 17 18 30 43 64 38 23 23 25
1770200584.9120 Rx ;27pose 96.6560 0.057 0.000 0.0012 -2.6996
1770200584.9132 Rx ;07mca 0.211 0.155 17
1770200584.9164 Rx ;84vel 96.6600 0.251 0.252 0.0043 0.251 4
1770200584.9165 Rx ;01gyro -2.616272 -1.266479 -5.538879 96.660
1770200584.9165 Rx ;34acc 0.379395 -0.013428 0.885254 96.660
1770200584.9166 Rx ;41livn 24 24 34 62 73 37 29 37 176
1770200584.9167 Txd ;23motv 2.12 2.08
1770200584.9178 Rx ;27pose 96.6610 0.059 0.000 0.0012 -2.6998
1770200584.9221 Rx ;26pose 96.6660 0.060 0.000 0.0023 -2.6998
1770200584.9232 Rx ;32mot 2.1 2.1 0.1 0.1 0
1770200584.9243 Rx ;08vel 96.6680 0.247 0.252 0.0192 0.247 4
1770200584.9255 Rx ;37livn 24 24 34 62 73 37 29 37 181
1770200584.9256 Txd ;26motv 2.15 2.08
1770200584.9277 Rx ;23pose 96.6710 0.061 0.000 0.0023 -2.6998
1770200584.9277 Rx ;63gyro -2.005920 -1.235962 -5.111633 96.672
1770200584.9278 Rx ;34acc 0.438965 -0.014648 0.914551 96.672
1770200584.9291 Rx ;18ird 0.807 0.178 3662 11367 1
1770200584.9314 Rx ;92vel 96.6760 0.251 0.252 0.0044 0.251 4
1770200584.9317 Txd ;23motv 2.12 2.08
1770200584.9326 Rx ;02pose 96.6760 0.062 0.000 0.0012 -2.7000
1770200584.9359 Rx ;42livn 24 24 34 62 73 37 29 37 186
1770200584.9370 Rx ;02pose 96.6810 0.064 0.000 0.0023 -2.7000
1770200584.9404 Rx ;02vel 96.6840 0.247 0.250 0.0109 0.247 4
1770200584.9405 Rx ;05gyro -1.975403 -1.296997 -4.470764 96.684
1770200584.9406 Rx ;27acc 0.422607 -0.008057 0.887207 96.684
1770200584.9411 Txd ;27motv 2.15 2.09
1770200584.9428 Rx ;09pose 96.6860 0.065 0.000 0.0023 -2.7001
1770200584.9461 Rx ;38livn 25 24 34 62 73 37 29 36 191
1770200584.9462 Rx ;11mca 0.214 0.148 16
1770200584.9473 Rx ;06pose 96.6910 0.066 0.000 0.0023 -2.7001
1770200584.9474 Rx ;49vel 96.6920 0.255 0.251 -0.0176 0.255 4
1770200584.9489 Txd ;30motv 2.09 2.09
1770200584.9517 Rx ;98gyro -2.066956 -1.388550 -3.921448 96.696
1770200584.9518 Rx ;47acc 0.437744 -0.019531 0.879639 96.696
1770200584.9529 Rx ;11pose 96.6960 0.067 0.000 0.0012 -2.7002
1770200584.9540 Rx ;30ird 0.794 0.179 3699 11327 1
1770200584.9562 Rx ;35vel 96.7000 0.257 0.250 -0.0313 0.257 4
1770200584.9563 Rx ;41livn 24 23 34 62 73 37 29 36 196
1770200584.9563 Rx ;32mot 2.1 2.1 0.1 0.1 0
1770200584.9572 Txd ;28motv 2.07 2.09
1770200584.9575 Rx ;99pose 96.7010 0.069 0.000 0.0012 -2.7002
1770200584.9628 Rx ;51liv 21 21 31 46 63 34 23 22 25
1770200584.9629 Rx ;99pose 96.7060 0.070 0.000 0.0023 -2.7003
1770200584.9640 Rx ;54vel 96.7080 0.257 0.250 -0.0297 0.257 4
1770200584.9641 Rx ;98gyro -1.944885 -0.839233 -3.463684 96.708
1770200584.9642 Rx ;21acc 0.423340 -0.011963 0.881836 96.708
1770200584.9645 Txd ;27motv 2.06 2.09
1770200584.9663 Rx ;29livn 24 24 34 62 73 37 29 36 201
1770200584.9675 Rx ;94pose 96.7110 0.071 0.000 0.0012 -2.7003
1770200584.9718 Rx ;30vel 96.7160 0.253 0.250 -0.0111 0.253 4
1770200584.9728 Txd ;29motv 2.08 2.09
1770200584.9729 Rx ;03pose 96.7170 0.073 0.000 0.0012 -2.7003
1770200584.9761 Rx ;94gyro -2.066956 -1.174927 -2.792297 96.720
1770200584.9762 Rx ;33acc 0.433838 -0.014648 0.891846 96.720
1770200584.9763 Rx ;34livn 24 24 34 62 73 37 29 36 206
1770200584.9774 Rx ;01pose 96.7220 0.074 0.000 0.0012 -2.7004
1770200584.9796 Rx ;14ird 0.765 0.180 3783 11273 1
1770200584.9796 Rx ;06mca 0.201 0.155 17
1770200584.9797 Rx ;86vel 96.7240 0.252 0.252 0.0024 0.252 4
1770200584.9806 Txd ;29motv 2.09 2.08
1770200584.9829 Rx ;07pose 96.7270 0.075 0.000 0.0012 -2.7004
1770200584.9862 Rx ;30livn 24 24 34 62 73 37 29 36 211
1770200584.9873 Rx ;04pose 96.7320 0.076 0.000 0.0012 -2.7004
1770200584.9884 Rx ;29vel 96.7320 0.253 0.253 -0.0010 0.253 4
1770200584.9885 Rx ;74gyro -1.700745 -0.747681 -2.731262 96.732
1770200584.9886 Rx ;17acc 0.391602 -0.028076 0.843262 96.732
1770200584.9889 Txd ;27motv 2.08 2.07
1770200584.9897 Rx ;32mot 2.1 2.1 0.1 0.1 0
1770200584.9930 Rx ;11pose 96.7370 0.078 0.000 0.0012 -2.7004
1770200584.9962 Rx ;21vel 96.7400 0.250 0.250 -0.0021 0.250 4
1770200584.9963 Rx ;36livn 25 24 34 62 73 37 29 36 216
1770200584.9973 Txd ;22motv 2.10 2.09
1770200584.9974 Rx ;08pose 96.7420 0.079 0.000 0.0012 -2.7004
1770200584.9996 Rx ;44gyro -0.693665 0.259399 -2.212463 96.744
1770200584.9997 Rx ;29acc 0.429688 -0.000244 0.931396 96.744
1770200585.0029 Rx ;04pose 96.7470 0.080 0.000 0.0012 -2.7003
1770200585.0041 Rx ;45vel 96.7480 0.252 0.249 -0.0115 0.252 4
1770200585.0041 Rx ;03ird 0.749 0.181 3833 11200 1
1770200585.0050 Txd ;29motv 2.08 2.09
1770200585.0063 Rx ;32livn 25 24 34 62 73 37 29 36 221
1770200585.0074 Rx ;02pose 96.7520 0.082 0.000 0.0012 -2.7003
1770200585.0117 Rx ;08vel 96.7560 0.249 0.250 0.0048 0.249 4
1770200585.0118 Rx ;83gyro -1.426086 -1.022339 -1.693665 96.756
1770200585.0119 Rx ;24acc 0.419434 -0.025635 0.874023 96.756
1770200585.0120 Rx ;72liv 21 24 33 49 65 39 29 22 25
1770200585.0121 Rx ;01mca 0.211 0.150 16
1770200585.0122 Txd ;22motv 2.10 2.09
1770200585.0132 Rx ;08pose 96.7570 0.083 0.000 0.0012 -2.7003
1770200585.0164 Rx ;37livn 25 24 34 62 73 37 29 36 226
1770200585.0175 Rx ;08pose 96.7620 0.084 0.000 0.0023 -2.7004
1770200585.0197 Rx ;40vel 96.7640 0.254 0.252 -0.0060 0.254 4
1770200585.0206 Txd ;26motv 2.07 2.07
1770200585.0219 Rx ;32mot 2.1 2.1 0.1 0.1 0
1770200585.0230 Rx ;13pose 96.7670 0.086 0.000 0.0012 -2.7004
1770200585.0241 Rx ;63gyro -0.480042 -0.442505 -1.205383 96.768
1770200585.0242 Rx ;20acc 0.455078 -0.027100 0.866211 96.768
1770200585.0264 Rx ;32livn 25 24 34 62 72 37 29 36 231
1770200585.0275 Rx ;86vel 96.7720 0.251 0.252 0.0041 0.251 4
1770200585.0284 Txd ;27motv 2.08 2.07
1770200585.0286 Rx ;09pose 96.7720 0.087 0.000 0.0012 -2.7003
1770200585.0298 Rx ;18ird 0.737 0.184 3869 11062 1
1770200585.0330 Rx ;15pose 96.7770 0.088 0.000 0.0012 -2.7003
1770200585.0362 Rx ;30vel 96.7800 0.252 0.251 -0.0030 0.252 4
1770200585.0363 Rx ;89gyro 0.252380 0.167847 -0.656067 96.780
1770200585.0364 Rx ;28acc 0.441895 -0.027344 0.912842 96.780
1770200585.0365 Rx ;37livn 25 24 34 62 72 37 29 36 236
1770200585.0378 Txd ;28motv 2.08 2.08
1770200585.0387 Rx ;12pose 96.7820 0.089 0.000 0.0012 -2.7003
1770200585.0430 Rx ;09pose 96.7870 0.091 0.000 0.0012 -2.7002
1770200585.0441 Rx ;35vel 96.7880 0.251 0.251 -0.0020 0.251 4
1770200585.0450 Txd ;27motv 2.08 2.07
1770200585.0452 Rx ;08mca 0.215 0.152 17
1770200585.0463 Rx ;33livn 25 24 34 62 72 37 29 36 241
1770200585.0466 Txd ;57leds 14 0 30 0
1770200585.0475 Rx ;25gyro -0.205383 0.076294 -0.076233 96.792
1770200585.0475 Rx ;38acc 0.433838 -0.012451 0.879639 96.792
1770200585.0487 Rx ;06pose 96.7920 0.092 0.000 0.0012 -2.7002
1770200585.0519 Rx ;50vel 96.7960 0.253 0.252 -0.0058 0.253 4
1770200585.0523 Txd ;26motv 2.07 2.07
1770200585.0530 Rx ;11pose 96.7970 0.093 0.000 0.0012 -2.7001
1770200585.0542 Rx ;05ird 0.746 0.180 3841 11252 1
1770200585.0553 Rx ;32mot 2.1 2.1 0.1 0.1 0
1770200585.0564 Rx ;38livn 25 24 34 62 72 37 29 36 246
1770200585.0586 Rx ;98pose 96.8020 0.094 0.000 0.0012 -2.7001
1770200585.0597 Rx ;52vel 96.8040 0.258 0.254 -0.0157 0.258 4
1770200585.0598 Rx ;75gyro 0.313416 0.228882 -0.015198 96.804
1770200585.0599 Rx ;96acc 0.399902 0.008545 0.848389 96.804
1770200585.0612 Txd ;19motv 2.02 2.05
1770200585.0620 Rx ;76liv 21 23 37 49 58 33 29 27 25
1770200585.0632 Rx ;06pose 96.8070 0.096 0.000 0.0012 -2.7001
1770200585.0664 Rx ;34livn 25 24 34 62 72 37 29 36 251
1770200585.0675 Rx ;30vel 96.8120 0.254 0.251 -0.0111 0.254 4
1770200585.0684 Txd ;24motv 2.05 2.07
1770200585.0686 Rx ;02pose 96.8120 0.097 0.000 0.0012 -2.7000
1770200585.0719 Rx ;31gyro 0.404968 -0.015259 -0.350891 96.816
1770200585.0720 Rx ;73acc 0.439453 0.007080 0.914551 96.816
1770200585.0731 Rx ;50pose 96.8170 0.098 0.000 -0.0000 -2.7000
1770200585.0764 Rx ;36vel 96.8200 0.254 0.252 -0.0063 0.254 4
1770200585.0764 Rx ;39livn 25 24 34 62 72 37 29 36 256
1770200585.0767 Txd ;22motv 2.04 2.06
1770200585.0786 Rx ;47pose 96.8220 0.099 0.000 -0.0000 -2.7000
1770200585.0787 Rx ;04mca 0.204 0.151 16
1770200585.0787 Rx ;14ird 0.740 0.181 3859 11194 1
1770200585.0830 Rx ;93pose 96.8270 0.101 0.000 0.0012 -2.7000
1770200585.0842 Rx ;82vel 96.8280 0.250 0.251 0.0011 0.250 4
1770200585.0842 Rx ;74gyro -1.120911 -0.778198 -0.320374 96.828
1770200585.0843 Rx ;87acc 0.434570 0.004150 0.895996 96.828
1770200585.0851 Txd ;25motv 2.07 2.06
1770200585.0865 Rx ;35livn 25 24 34 62 72 37 29 36 261
1770200585.0887 Rx ;90pose 96.8320 0.102 0.000 0.0012 -2.7000
1770200585.0888 Rx ;32mot 2.1 2.1 0.1 0.1 0
1770200585.0920 Rx ;51vel 96.8360 0.256 0.253 -0.0129 0.256 4
1770200585.0929 Txd ;19motv 2.02 2.05
1770200585.0931 Rx ;96pose 96.8370 0.103 0.000 0.0012 -2.7000
1770200585.0963 Rx ;93gyro -1.578674 -0.564575 -0.472961 96.840
1770200585.0964 Rx ;79acc 0.414551 0.019287 0.842529 96.840
1770200585.0965 Rx ;40livn 25 24 34 62 72 37 29 36 266
1770200585.0987 Rx ;36pose 96.8420 0.104 0.000 -0.0000 -2.7000
1770200585.0998 Rx ;49vel 96.8440 0.255 0.251 -0.0168 0.255 4
1770200585.1013 Txd ;20motv 2.02 2.06
1770200585.1030 Rx ;01pose 96.8470 0.106 0.000 0.0012 -2.7000
1770200585.1042 Rx ;27ird 0.774 0.179 3757 11286 1
1770200585.1064 Rx ;37livn 25 24 34 62 72 37 29 37 271
1770200585.1075 Rx ;44vel 96.8520 0.255 0.250 -0.0228 0.255 4
1770200585.1076 Rx ;18gyro -0.144348 0.350952 -1.113831 96.852
1770200585.1077 Rx ;78acc 0.438232 0.014648 0.880615 96.852
1770200585.1078 Rx ;24pose 96.8520 0.107 0.000 0.0012 -2.6999
1770200585.1085 Txd ;21motv 2.02 2.07
1770200585.1111 Rx ;06mca 0.205 0.151 17
1770200585.1122 Rx ;76liv 18 18 31 49 66 35 22 29 25
1770200585.1134 Rx ;72pose 96.8570 0.108 0.000 -0.0000 -2.6999
1770200585.1156 Rx ;80vel 96.8600 0.251 0.251 0.0002 0.251 4
1770200585.1157 Txd ;22motv 2.04 2.06
1770200585.1157 Rx ;42livn 25 24 34 62 72 37 29 37 276
1770200585.1180 Rx ;69pose 96.8620 0.109 0.000 -0.0000 -2.6999
1770200585.1203 Rx ;71gyro -1.395569 -0.320435 -2.304016 96.864
1770200585.1203 Rx ;83acc 0.450928 0.011475 0.915527 96.864
1770200585.1215 Rx ;36mot 2 2.1 0.1 0.1 0
1770200585.1237 Rx ;24pose 96.8670 0.111 0.000 0.0012 -2.6998
1770200585.1238 Rx ;94vel 96.8680 0.252 0.253 0.0031 0.252 4
1770200585.1247 Txd ;19motv 2.03 2.04
1770200585.1260 Rx ;37livn 25 23 34 62 72 37 29 37 281
1770200585.1282 Rx ;21pose 96.8720 0.112 0.000 0.0012 -2.6998
1770200585.1294 Rx ;05ird 0.806 0.180 3665 11224 1
1770200585.1316 Rx ;06vel 96.8760 0.255 0.255 0.0026 0.255 4
1770200585.1317 Rx ;61gyro -2.341614 -1.205444 -3.250061 96.876
1770200585.1318 Rx ;91acc 0.429932 0.015869 0.850342 96.876
1770200585.1321 Txd ;15motv 2.01 2.02
1770200585.1329 Rx ;69pose 96.8770 0.113 0.000 -0.0000 -2.6998
1770200585.1362 Rx ;41livn 25 23 34 62 72 37 29 36 286
1770200585.1384 Rx ;65pose 96.8820 0.114 0.000 -0.0000 -2.6997
1770200585.1396 Rx ;90vel 96.8840 0.251 0.251 0.0015 0.251 4
1770200585.1407 Txd ;20motv 2.03 2.05
1770200585.1429 Rx ;31pose 96.8870 0.116 0.000 0.0012 -2.6998
1770200585.1440 Rx ;95gyro -0.907288 -0.839233 -4.379211 96.888
1770200585.1441 Rx ;97acc 0.398438 0.012207 0.876465 96.888
1770200585.1443 Rx ;04mca 0.205 0.150 16
1770200585.1464 Rx ;37livn 25 23 34 62 72 37 29 36 291
1770200585.1475 Rx ;30vel 96.8920 0.251 0.251 -0.0010 0.251 4
1770200585.1485 Txd ;20motv 2.03 2.05
1770200585.1487 Rx ;70pose 96.8920 0.117 0.000 -0.0000 -2.6998
1770200585.1530 Rx ;76pose 96.8970 0.118 0.000 -0.0000 -2.6998
1770200585.1541 Rx ;15ird 0.832 0.183 3598 11074 1
1770200585.1542 Rx ;40mot 2 2 0.1 0.1 0
1770200585.1563 Rx ;94vel 96.9000 0.248 0.251 0.0135 0.248 4
1770200585.1564 Rx ;67gyro -1.517639 -1.358032 -5.081116 96.900
1770200585.1565 Rx ;80acc 0.437988 0.003662 0.924316 96.900
1770200585.1565 Rx ;42livn 25 23 34 62 72 37 29 36 296
1770200585.1568 Txd ;22motv 2.05 2.05
1770200585.1587 Rx ;65pose 96.9020 0.119 0.000 -0.0000 -2.6999
1770200585.1619 Rx ;76liv 19 19 28 44 64 36 27 22 25
1770200585.1631 Rx ;94pose 96.9070 0.121 0.000 0.0012 -2.7000
1770200585.1642 Rx ;42vel 96.9080 0.255 0.254 -0.0040 0.255 4
1770200585.1651 Txd ;14motv 2.00 2.02
1770200585.1664 Rx ;29livn 25 23 34 62 72 37 29 36 301
1770200585.1675 Rx ;70gyro -2.860413 -1.480103 -5.386292 96.912
1770200585.1676 Rx ;74acc 0.443115 0.006348 0.835449 96.912
1770200585.1687 Rx ;91pose 96.9120 0.122 0.000 0.0012 -2.7000
1770200585.1720 Rx ;39vel 96.9160 0.254 0.251 -0.0106 0.254 4
1770200585.1729 Txd ;16motv 2.00 2.04
1770200585.1731 Rx ;66pose 96.9170 0.123 0.000 -0.0000 -2.6999
1770200585.1763 Rx ;30livn 26 27 28 56 62 31 26 32 5
1770200585.1774 Rx ;02mca 0.202 0.150 17
1770200585.1785 Rx ;94pose 96.9220 0.124 0.000 0.0012 -2.7000
1770200585.1797 Rx ;98ird 0.851 0.182 3550 11151 1
1770200585.1797 Rx ;37vel 96.9240 0.253 0.250 -0.0144 0.253 4
1770200585.1798 Rx ;77gyro -1.883850 -1.327515 -6.027161 96.924
1770200585.1799 Rx ;76acc 0.399414 0.024902 0.902832 96.924
1770200585.1801 Txd ;18motv 2.01 2.05
1770200585.1831 Rx ;45pose 96.9270 0.126 0.000 -0.0000 -2.7001
1770200585.1863 Rx ;64livn 27 30 32 53 60 35 32 36 10
1770200585.1875 Rx ;40mot 2 2 0.1 0.1 0
1770200585.1875 Rx ;53vel 96.9320 0.249 0.249 -0.0017 0.249 4
1770200585.1884 Txd ;20motv 2.03 2.05
1770200585.1886 Rx ;42pose 96.9320 0.127 0.000 -0.0000 -2.7001
1770200585.1919 Rx ;16gyro -2.799377 -1.846313 -5.538879 96.936
1770200585.1919 Rx ;91acc 0.420898 0.028809 0.872314 96.936
1770200585.1931 Rx ;50pose 96.9370 0.128 0.000 -0.0000 -2.7003
1770200585.1963 Rx ;79vel 96.9400 0.251 0.251 0.0002 0.251 4
1770200585.1964 Rx ;83livn 25 29 34 57 61 37 32 35 15
1770200585.1973 Txd ;18motv 2.02 2.04
1770200585.1986 Rx ;05pose 96.9420 0.129 0.000 0.0012 -2.7003
1770200585.2028 Rx ;45pose 96.9470 0.131 0.000 -0.0000 -2.7003
1770200585.2040 Rx ;41vel 96.9480 0.254 0.253 -0.0011 0.254 4
1770200585.2040 Rx ;10gyro -4.599915 -1.663208 -6.088196 96.948
1770200585.2041 Rx ;97acc 0.408936 0.003418 0.848389 96.948
1770200585.2042 Rx ;02ird 0.863 0.184 3521 11016 1
1770200585.2045 Txd ;14motv 2.00 2.02
1770200585.2064 Rx ;81livn 25 28 34 56 63 38 32 36 20
1770200585.2086 Rx ;43pose 96.9520 0.132 0.000 -0.0000 -2.7004
1770200585.2108 Rx ;18mca 0.198 0.153 16
1770200585.2119 Rx ;87vel 96.9560 0.251 0.251 0.0012 0.251 4
1770200585.2120 Rx ;73liv 21 25 32 45 59 37 29 26 25
1770200585.2128 Txd ;17motv 2.01 2.04
1770200585.2131 Rx ;07pose 96.9570 0.133 0.000 0.0012 -2.7004
1770200585.2163 Rx ;89gyro -3.226624 -1.785278 -6.851135 96.960
1770200585.2164 Rx ;80acc 0.377197 0.002441 0.803955 96.960
1770200585.2165 Rx ;86livn 26 27 33 57 65 38 31 35 25
1770200585.2186 Rx ;06pose 96.9620 0.134 0.000 0.0012 -2.7006
1770200585.2198 Rx ;08vel 96.9640 0.247 0.251 0.0158 0.247 4
1770200585.2198 Rx ;40mot 2 2 0.1 0.1 0
1770200585.2206 Txd ;19motv 2.04 2.03
1770200585.2230 Rx ;56pose 96.9670 0.136 0.000 -0.0000 -2.7007
1770200585.2262 Rx ;77livn 26 25 33 60 66 37 32 37 30
1770200585.2284 Rx ;95vel 96.9720 0.242 0.251 0.0382 0.242 4
1770200585.2285 Rx ;93gyro -2.616272 -1.907349 -7.339417 96.972
1770200585.2286 Rx ;27acc 0.421387 -0.010742 0.868408 96.972
1770200585.2287 Rx ;11pose 96.9720 0.137 0.000 0.0012 -2.7007
1770200585.2289 Txd ;23motv 2.08 2.03
1770200585.2298 Rx ;06ird 0.964 0.184 3309 11032 1
1770200585.2330 Rx ;19pose 96.9770 0.138 0.000 0.0012 -2.7009
1770200585.2363 Rx ;05vel 96.9800 0.248 0.252 0.0172 0.248 4
1770200585.2363 Rx ;82livn 24 23 34 63 66 36 32 38 35
1770200585.2373 Txd ;19motv 2.05 2.02
1770200585.2385 Rx ;99pose 96.9820 0.140 0.000 0.0012 -2.7010
1770200585.2396 Rx ;18gyro -3.836975 -1.907349 -7.980286 96.984
1770200585.2397 Rx ;93acc 0.459961 0.003662 0.935059 96.984
1770200585.2430 Rx ;06pose 96.9870 0.141 0.000 0.0012 -2.7010
1770200585.2430 Rx ;13mca 0.208 0.146 17
1770200585.2441 Rx ;41vel 96.9880 0.251 0.251 -0.0015 0.251 4
1770200585.2445 Txd ;18motv 2.03 2.03
1770200585.2463 Rx ;77livn 24 23 33 62 66 37 32 38 40
1770200585.2474 Txd ;11leds 14 0 5 0
1770200585.2485 Rx ;05pose 96.9920 0.142 0.000 0.0012 -2.7012
1770200585.2517 Rx ;39vel 96.9960 0.251 0.250 -0.0033 0.251 4
1770200585.2518 Rx ;84gyro -4.233704 -2.243042 -7.430969 96.996
1770200585.2519 Rx ;37acc 0.424561 -0.009277 0.861816 96.996
1770200585.2522 Txd ;19motv 2.03 2.04
1770200585.2530 Rx ;12pose 96.9970 0.144 0.000 0.0012 -2.7012
1770200585.2531 Rx ;40mot 2 2 0.1 0.1 0
1770200585.2542 Rx ;23ird 0.985 0.187 3269 10903 1
1770200585.2564 Rx ;83livn 25 23 33 61 67 37 32 38 45
1770200585.2586 Rx ;33pose 97.0020 0.144 0.000 -0.0000 -2.7013
1770200585.2597 Rx ;84vel 97.0040 0.248 0.251 0.0102 0.248 4
1770200585.2606 Txd ;20motv 2.05 2.03
1770200585.2619 Rx ;61liv 19 17 31 51 61 35 30 27 25
1770200585.2631 Rx ;99pose 97.0070 0.146 0.000 0.0012 -2.7015
1770200585.2642 Rx ;97gyro -3.470764 -1.968384 -7.278381 97.008
1770200585.2643 Rx ;10acc 0.409424 -0.013184 0.853027 97.008
1770200585.2654 Rx ;93hbt 97.0090 107 1033 15.62 4 8 9.0 0.52 0
1770200585.2655 Rx ;58dname Robobot Arthur
1770200585.2656 Rx ;79livn 25 23 33 61 67 36 33 38 50
1770200585.2678 Rx ;79vel 97.0120 0.250 0.252 0.0093 0.250 4
1770200585.2678 Rx ;96pose 97.0120 0.147 0.000 0.0012 -2.7015
1770200585.2689 Txd ;18motv 2.04 2.02
1770200585.2732 Rx ;06pose 97.0170 0.149 0.000 0.0012 -2.7017
1770200585.2764 Rx ;31vel 97.0200 0.254 0.254 -0.0009 0.254 4
1770200585.2765 Rx ;74gyro -2.677307 -1.388550 -6.515442 97.020
1770200585.2766 Rx ;24acc 0.426758 -0.030518 0.847656 97.020
1770200585.2767 Rx ;81livn 24 22 32 62 67 37 32 37 55
1770200585.2767 Rx ;05mca 0.203 0.153 16
1770200585.2772 Txd ;12motv 2.00 2.00
1770200585.2778 Rx ;02pose 97.0220 0.149 0.000 0.0012 -2.7017
1770200585.2790 Rx ;19ird 0.992 0.186 3257 10932 1
1770200585.2833 Rx ;01pose 97.0270 0.151 0.000 0.0012 -2.7018
1770200585.2844 Rx ;77vel 97.0280 0.250 0.251 0.0022 0.250 4
1770200585.2850 Txd ;17motv 2.03 2.02
1770200585.2866 Rx ;80livn 26 22 32 62 68 37 32 37 60
1770200585.2866 Rx ;40mot 2 2 0.1 0.1 0
1770200585.2877 Rx ;76gyro -1.914368 -0.473022 -5.691467 97.032
1770200585.2878 Rx ;17acc 0.450928 -0.043701 0.908447 97.032
1770200585.2879 Rx ;97pose 97.0320 0.152 0.000 0.0012 -2.7018
1770200585.2922 Rx ;27vel 97.0360 0.251 0.250 -0.0008 0.251 4
1770200585.2933 Txd ;17motv 2.02 2.03
1770200585.2933 Rx ;04pose 97.0370 0.153 0.000 0.0012 -2.7018
1770200585.2966 Rx ;84livn 25 22 32 62 68 37 32 37 65
1770200585.2988 Rx ;02pose 97.0420 0.154 0.000 0.0012 -2.7019
1770200585.2999 Rx ;95vel 97.0440 0.247 0.251 0.0174 0.247 4
1770200585.3000 Rx ;80gyro -2.066956 -1.144409 -3.707825 97.044
1770200585.3000 Rx ;44acc 0.427979 -0.051758 0.895508 97.044
1770200585.3007 Txd ;19motv 2.05 2.02
1770200585.3033 Rx ;09pose 97.0470 0.156 0.000 0.0012 -2.7019
1770200585.3044 Rx ;10ird 1.066 0.186 3133 10937 1
1770200585.3066 Rx ;76livn 25 21 32 62 68 36 31 36 70
1770200585.3077 Rx ;91vel 97.0520 0.252 0.254 0.0068 0.252 4
1770200585.3079 Txd ;14motv 2.02 2.00
1770200585.3088 Rx ;97pose 97.0520 0.157 0.000 0.0012 -2.7020
1770200585.3089 Rx ;11mca 0.205 0.147 17
1770200585.3121 Rx ;67gyro -0.846252 -0.625610 -1.327454 97.056
1770200585.3122 Rx ;25acc 0.426025 -0.038086 0.881592 97.056
1770200585.3123 Rx ;64liv 21 17 28 49 63 34 23 21 25
1770200585.3134 Rx ;04pose 97.0570 0.158 0.000 0.0012 -2.7020
1770200585.3156 Rx ;73vel 97.0600 0.251 0.251 0.0011 0.251 4
1770200585.3156 Rx ;82livn 26 21 32 62 68 37 31 35 75
1770200585.3168 Txd ;15motv 2.02 2.01
1770200585.3188 Rx ;09pose 97.0620 0.159 0.000 0.0012 -2.7019
1770200585.3189 Rx ;40mot 2 2 0.1 0.1 0
1770200585.3232 Rx ;06pose 97.0670 0.161 0.000 0.0012 -2.7018
1770200585.3243 Rx ;41vel 97.0680 0.250 0.249 -0.0065 0.250 4
1770200585.3244 Rx ;84gyro 0.466003 -0.045776 0.564636 97.068
1770200585.3244 Rx ;27acc 0.425781 -0.023682 0.922852 97.068
1770200585.3251 Txd ;18motv 2.03 2.03
1770200585.3256 Rx ;76livn 26 21 32 62 68 36 30 35 80
1770200585.3288 Rx ;03pose 97.0720 0.162 0.000 0.0012 -2.7018
1770200585.3289 Rx ;94ird 1.131 0.190 3039 10731 1
1770200585.3321 Rx ;07vel 97.0760 0.247 0.248 0.0066 0.247 4
1770200585.3329 Txd ;21motv 2.05 2.04
1770200585.3334 Rx ;08pose 97.0770 0.163 0.000 0.0012 -2.7017
1770200585.3356 Rx ;61gyro 1.015320 -0.015259 0.442566 97.080
1770200585.3358 Rx ;77acc 0.443115 0.017822 0.890869 97.080
1770200585.3358 Rx ;81livn 25 21 32 62 68 37 30 35 85
1770200585.3380 Rx ;05pose 97.0820 0.165 0.000 0.0012 -2.7016
1770200585.3402 Rx ;80vel 97.0840 0.250 0.251 0.0050 0.250 4
1770200585.3414 Txd ;17motv 2.03 2.02
1770200585.3424 Rx ;02mca 0.212 0.150 16
1770200585.3435 Rx ;12pose 97.0870 0.166 0.000 0.0023 -2.7015
1770200585.3457 Rx ;76livn 25 21 32 63 67 37 30 34 90
1770200585.3479 Rx ;45vel 97.0920 0.254 0.252 -0.0088 0.254 4
1770200585.3480 Rx ;72gyro 0.527039 0.320435 -0.350891 97.092
1770200585.3480 Rx ;66acc 0.403564 0.005371 0.851318 97.092
1770200585.3481 Rx ;06pose 97.0920 0.167 0.000 0.0012 -2.7014
1770200585.3488 Txd ;13motv 2.00 2.01
1770200585.3524 Rx ;40mot 2 2 0.1 0.1 0
1770200585.3535 Rx ;12pose 97.0970 0.169 0.000 0.0012 -2.7013
1770200585.3546 Rx ;17ird 1.196 0.190 2955 10754 1
1770200585.3558 Rx ;24vel 97.1000 0.252 0.250 -0.0074 0.252 4
1770200585.3558 Rx ;78livn 25 21 31 62 67 37 30 33 95
1770200585.3561 Txd ;15motv 2.01 2.02
1770200585.3580 Rx ;89pose 97.1020 0.170 0.000 0.0012 -2.7012
1770200585.3602 Rx ;85gyro 0.496521 0.869751 -0.564514 97.104
1770200585.3603 Rx ;70acc 0.467285 0.005615 0.914551 97.104
1770200585.3624 Rx ;74liv 18 21 28 46 60 39 27 18 25
1770200585.3636 Rx ;94pose 97.1070 0.171 0.000 0.0012 -2.7011
1770200585.3636 Rx ;32vel 97.1080 0.252 0.250 -0.0074 0.252 4
1770200585.3645 Txd ;15motv 2.01 2.02
1770200585.3658 Rx ;15livn 25 22 31 61 68 37 30 33 100
1770200585.3680 Rx ;90pose 97.1120 0.172 0.000 0.0012 -2.7010
1770200585.3723 Rx ;90vel 97.1160 0.247 0.251 0.0151 0.247 4
1770200585.3724 Rx ;22gyro -0.571594 -0.106812 0.625671 97.116
1770200585.3724 Rx ;19acc 0.418945 -0.002930 0.869141 97.116
1770200585.3734 Txd ;18motv 2.05 2.01
1770200585.3735 Rx ;97pose 97.1170 0.174 0.000 0.0012 -2.7010
1770200585.3757 Rx ;06mca 0.204 0.152 17
1770200585.3758 Rx ;20livn 26 22 31 61 67 37 30 33 105
1770200585.3780 Rx ;95pose 97.1220 0.174 0.000 0.0023 -2.7010
1770200585.3791 Rx ;15ird 1.284 0.192 2854 10655 1
1770200585.3802 Rx ;25vel 97.1240 0.253 0.253 -0.0010 0.253 4
1770200585.3806 Txd ;12motv 2.00 2.00
1770200585.3834 Rx ;09pose 97.1270 0.176 0.000 0.0012 -2.7009
1770200585.3835 Rx ;20gyro -0.419006 -0.350952 0.442566 97.128
1770200585.3836 Rx ;23acc 0.435791 -0.011475 0.853516 97.128
1770200585.3858 Rx ;40mot 2 2 0.1 0.1 0
1770200585.3858 Rx ;16livn 26 22 31 61 67 37 30 33 110
1770200585.3880 Rx ;24vel 97.1320 0.253 0.250 -0.0121 0.253 4
1770200585.3881 Rx ;06pose 97.1320 0.177 0.000 0.0012 -2.7009
1770200585.3890 Txd ;14motv 2.00 2.02
1770200585.3934 Rx ;11pose 97.1370 0.179 0.000 0.0012 -2.7007
1770200585.3956 Rx ;35vel 97.1400 0.250 0.248 -0.0096 0.250 4
1770200585.3957 Rx ;88gyro 0.649109 0.259399 -0.564514 97.140
1770200585.3958 Rx ;19acc 0.460938 -0.006348 0.926270 97.140
1770200585.3958 Rx ;20livn 25 22 31 61 67 37 30 33 115
1770200585.3968 Txd ;17motv 2.02 2.03
1770200585.3980 Rx ;07pose 97.1420 0.179 0.000 0.0012 -2.7007
1770200585.4034 Rx ;03pose 97.1470 0.181 0.000 0.0012 -2.7005
1770200585.4045 Rx ;05vel 97.1480 0.247 0.248 0.0028 0.247 4
1770200585.4046 Rx ;33ird 1.289 0.189 2849 10766 1
1770200585.4053 Txd ;19motv 2.04 2.03
1770200585.4057 Rx ;16livn 25 22 32 60 67 37 30 33 120
1770200585.4079 Rx ;82gyro 0.954285 0.534058 -0.198303 97.152
1770200585.4079 Rx ;18acc 0.446777 -0.003418 0.908203 97.152
1770200585.4080 Rx ;99pose 97.1520 0.182 0.000 0.0012 -2.7005
1770200585.4081 Rx ;09mca 0.211 0.149 16
1770200585.4123 Rx ;01vel 97.1560 0.248 0.251 0.0155 0.248 4
1770200585.4124 Rx ;59liv 20 23 31 44 56 35 29 22 25
1770200585.4133 Txd ;17motv 2.04 2.01
1770200585.4135 Rx ;05pose 97.1570 0.183 0.000 0.0012 -2.7004
1770200585.4157 Rx ;19livn 25 22 31 60 66 37 30 33 125
1770200585.4179 Rx ;40mot 2 2 0.1 0.1 0
1770200585.4179 Rx ;02pose 97.1620 0.184 0.000 0.0012 -2.7004
1770200585.4201 Rx ;87vel 97.1640 0.251 0.253 0.0081 0.251 4
1770200585.4202 Rx ;79gyro -0.510559 -0.167847 -0.137268 97.164
1770200585.4202 Rx ;38acc 0.395996 -0.007812 0.834961 97.164
1770200585.4210 Txd ;14motv 2.02 2.00
1770200585.4235 Rx ;08pose 97.1670 0.186 0.000 0.0012 -2.7003
1770200585.4257 Rx ;16livn 25 23 31 61 66 37 30 32 130
1770200585.4278 Rx ;92vel 97.1720 0.249 0.250 0.0040 0.249 4
1770200585.4279 Rx ;05pose 97.1720 0.187 0.000 0.0012 -2.7003
1770200585.4283 Txd ;17motv 2.03 2.02
1770200585.4290 Rx ;23ird 1.226 0.189 2919 10767 1
1770200585.4323 Rx ;44gyro 1.930847 0.961304 0.228943 97.176
1770200585.4323 Rx ;19acc 0.510254 -0.022705 0.910889 97.176
1770200585.4335 Rx ;09pose 97.1770 0.188 0.000 0.0012 -2.7001
1770200585.4357 Rx ;33vel 97.1800 0.250 0.249 -0.0035 0.250 4
1770200585.4357 Rx ;25livn 24 22 31 60 65 37 29 32 135
1770200585.4366 Txd ;17motv 2.03 2.02
1770200585.4379 Rx ;99pose 97.1820 0.190 0.000 0.0012 -2.7003
1770200585.4412 Rx ;15mca 0.219 0.155 17
1770200585.4433 Rx ;07pose 97.1870 0.191 0.000 0.0023 -2.7002
1770200585.4444 Rx ;94vel 97.1880 0.247 0.250 0.0111 0.247 4
1770200585.4445 Rx ;24gyro -1.456604 -0.839233 0.503601 97.188
1770200585.4446 Rx ;84acc 0.440186 0.039307 0.892822 97.188
1770200585.4450 Txd ;19motv 2.05 2.02
1770200585.4457 Rx ;22livn 24 22 31 61 65 37 29 32 140
1770200585.4479 Rx ;03pose 97.1920 0.192 0.000 0.0012 -2.7003
1770200585.4482 Txd ;57leds 14 0 30 0
1770200585.4511 Rx ;40mot 2 2 0.1 0.1 0
1770200585.4523 Rx ;43vel 97.1960 0.254 0.253 -0.0035 0.254 4
1770200585.4534 Txd ;29motv 2.00 1.99
1770200585.4534 Rx ;10pose 97.1970 0.194 0.000 0.0012 -2.7003
1770200585.4545 Rx ;26ird 1.196 0.189 2955 10764 1
1770200585.4556 Rx ;75gyro -0.785217 1.083374 0.106873 97.200
1770200585.4557 Rx ;18acc 0.457520 -0.006348 0.895508 97.200
1770200585.4558 Rx ;27livn 24 22 31 61 65 37 29 32 145
1770200585.4579 Rx ;95pose 97.2020 0.195 0.000 0.0012 -2.7001
1770200585.4601 Rx ;30vel 97.2040 0.252 0.250 -0.0075 0.252 4
1770200585.4611 Txd ;14motv 2.01 2.01
1770200585.4623 Rx ;62liv 11 18 29 48 54 36 20 20 25
1770200585.4634 Rx ;01pose 97.2070 0.196 0.000 0.0012 -2.7000
1770200585.4656 Rx ;24livn 24 22 31 61 66 37 29 32 150
1770200585.4678 Rx ;41vel 97.2120 0.253 0.249 -0.0185 0.253 4
1770200585.4679 Rx ;70gyro 0.252380 0.595093 -0.045715 97.212
1770200585.4679 Rx ;25acc 0.415039 -0.015869 0.846680 97.212
1770200585.4680 Rx ;24pose 97.2120 0.197 0.000 0.0012 -2.6999
1770200585.4683 Txd ;14motv 2.00 2.02
1770200585.4734 Rx ;31pose 97.2170 0.199 0.000 0.0012 -2.6999
1770200585.4745 Rx ;09mca 0.212 0.148 16
1770200585.4756 Rx ;29vel 97.2200 0.251 0.248 -0.0134 0.251 4
1770200585.4757 Rx ;26livn 23 22 31 60 65 37 29 32 155
1770200585.4767 Txd ;16motv 2.01 2.03
1770200585.4789 Rx ;09pose 97.2220 0.200 0.000 0.0012 -2.6998
1770200585.4790 Rx ;03ird 1.213 0.190 2934 10726 1
1770200585.4801 Rx ;62gyro -0.541077 -0.473022 -0.472961 97.224
1770200585.4802 Rx ;67acc 0.452393 0.002930 0.880615 97.224
1770200585.4834 Rx ;14pose 97.2270 0.201 0.000 0.0012 -2.6997
1770200585.4835 Rx ;28vel 97.2280 0.251 0.251 -0.0032 0.251 4
1770200585.4844 Txd ;14motv 2.01 2.01
1770200585.4846 Rx ;40mot 2 2 0.1 0.1 0
1770200585.4857 Rx ;23livn 23 22 31 60 65 37 29 33 160
1770200585.4879 Rx ;11pose 97.2320 0.202 0.000 0.0012 -2.6997
1770200585.4922 Rx ;41vel 97.2360 0.254 0.252 -0.0057 0.254 4
1770200585.4923 Rx ;38gyro 0.191345 0.045776 0.228943 97.236
1770200585.4923 Rx ;26acc 0.426270 -0.004395 0.920898 97.236
1770200585.4928 Txd ;29motv 1.99 2.00
1770200585.4935 Rx ;18pose 97.2370 0.204 0.000 0.0012 -2.6997
1770200585.4956 Rx ;29livn 24 22 31 60 65 37 29 33 165
1770200585.4989 Rx ;56pose 97.2420 0.205 0.000 -0.0000 -2.6996
1770200585.5000 Rx ;26vel 97.2440 0.250 0.250 -0.0008 0.250 4
1770200585.5011 Txd ;14motv 2.01 2.01
1770200585.5032 Rx ;19pose 97.2470 0.206 0.000 0.0012 -2.6995
1770200585.5044 Rx ;36gyro 0.252380 0.045776 0.076355 97.248
1770200585.5044 Rx ;68acc 0.460205 0.001709 0.896240 97.248
1770200585.5045 Rx ;18ird 1.197 0.193 2953 10591 1
1770200585.5056 Rx ;25livn 23 22 31 61 65 37 29 33 170
1770200585.5078 Rx ;09mca 0.206 0.153 17
1770200585.5079 Rx ;25vel 97.2520 0.251 0.250 -0.0060 0.251 4
1770200585.5079 Rx ;16pose 97.2520 0.207 0.000 0.0012 -2.6995
1770200585.5089 Txd ;14motv 2.01 2.01
1770200585.5122 Rx ;72liv 19 22 30 49 55 37 26 26 25
1770200585.5133 Rx ;64pose 97.2570 0.209 0.000 -0.0000 -2.6994
1770200585.5166 Rx ;92vel 97.2600 0.248 0.250 0.0116 0.248 4
1770200585.5167 Rx ;08gyro -0.022278 -0.228882 0.015320 97.260
1770200585.5167 Rx ;32acc 0.427246 -0.008057 0.877686 97.260
1770200585.5168 Rx ;31livn 24 22 31 61 65 37 29 33 175
1770200585.5169 Rx ;40mot 2 2 0.1 0.1 0
1770200585.5172 Txd ;16motv 2.03 2.01
1770200585.5180 Rx ;18pose 97.2620 0.209 0.000 0.0012 -2.6994
1770200585.5233 Rx ;14pose 97.2670 0.211 0.000 0.0012 -2.6992
1770200585.5245 Rx ;41vel 97.2680 0.253 0.251 -0.0091 0.253 4
1770200585.5256 Txd ;30motv 1.99 2.01
1770200585.5257 Rx ;27livn 24 22 31 61 65 37 29 33 180
1770200585.5279 Rx ;63gyro -0.113831 -0.228882 -0.442444 97.272
1770200585.5280 Rx ;22acc 0.424805 -0.001465 0.895508 97.272
1770200585.5281 Rx ;11pose 97.2720 0.212 0.000 0.0012 -2.6992
1770200585.5292 Rx ;01ird 1.085 0.190 3105 10735 1
1770200585.5325 Rx ;40vel 97.2760 0.252 0.249 -0.0131 0.252 4
1770200585.5331 Txd ;14motv 2.00 2.02
1770200585.5337 Rx ;59pose 97.2770 0.214 0.000 -0.0000 -2.6991
1770200585.5358 Rx ;31livn 24 22 31 61 65 37 28 33 185
1770200585.5380 Rx ;13pose 97.2820 0.215 0.000 0.0012 -2.6990
1770200585.5404 Rx ;45vel 97.2840 0.252 0.249 -0.0155 0.252 4
1770200585.5405 Rx ;33gyro 0.740662 -0.411987 -0.350891 97.284
1770200585.5406 Rx ;89acc 0.420898 0.029541 0.852539 97.284
1770200585.5406 Rx ;09mca 0.207 0.153 16
1770200585.5412 Txd ;31motv 1.99 2.02
1770200585.5439 Rx ;27pose 97.2870 0.216 0.000 0.0012 -2.6989
1770200585.5461 Rx ;27livn 24 22 31 61 65 37 28 33 190
1770200585.5483 Rx ;53vel 97.2920 0.249 0.249 -0.0035 0.249 4
1770200585.5483 Rx ;58pose 97.2920 0.217 0.000 -0.0000 -2.6990
1770200585.5495 Txd ;15motv 2.01 2.02
1770200585.5505 Rx ;40mot 2 2 0.1 0.1 0
1770200585.5516 Rx ;74gyro -0.510559 -1.113892 -0.595032 97.296
1770200585.5517 Rx ;79acc 0.450195 0.019287 0.875000 97.296
1770200585.5539 Rx ;31pose 97.2970 0.219 0.000 0.0012 -2.6989
1770200585.5540 Rx ;12ird 0.977 0.190 3283 10712 1
1770200585.5561 Rx ;82vel 97.3000 0.250 0.252 0.0078 0.250 4
1770200585.5562 Rx ;32livn 24 22 31 61 65 37 28 33 195
1770200585.5568 Txd ;13motv 2.01 2.00
1770200585.5584 Rx ;10pose 97.3020 0.220 0.000 0.0012 -2.6989
1770200585.5627 Rx ;58liv 20 20 28 44 59 35 21 23 25
1770200585.5638 Rx ;57pose 97.3070 0.221 0.000 -0.0000 -2.6988
1770200585.5639 Rx ;33vel 97.3080 0.255 0.253 -0.0100 0.255 4
1770200585.5640 Rx ;25gyro 0.008240 1.113892 0.228943 97.308
1770200585.5640 Rx ;23acc 0.398438 -0.042480 0.902344 97.308
1770200585.5651 Txd ;44motv 1.97 1.99
1770200585.5662 Rx ;18livn 24 22 31 60 65 37 28 33 200
1770200585.5684 Rx ;54pose 97.3120 0.222 0.000 -0.0000 -2.6988
1770200585.5716 Rx ;26vel 97.3160 0.252 0.250 -0.0103 0.252 4
1770200585.5729 Txd ;30motv 1.99 2.01
1770200585.5738 Rx ;01mca 0.201 0.150 17
1770200585.5739 Rx ;19pose 97.3170 0.224 0.000 0.0012 -2.6988
1770200585.5761 Rx ;34gyro 0.557556 0.228882 0.412048 97.320
1770200585.5761 Rx ;90acc 0.443848 0.000977 0.875488 97.320
1770200585.5762 Rx ;23livn 24 22 31 60 65 37 28 33 205
1770200585.5784 Rx ;15pose 97.3220 0.225 0.000 0.0012 -2.6987
1770200585.5795 Rx ;20ird 0.481 0.189 5137 10767 1
1770200585.5796 Rx ;31vel 97.3240 0.253 0.250 -0.0161 0.253 4
1770200585.5801 Txd ;29motv 1.98 2.01
1770200585.5839 Rx ;40mot 2 2 0.1 0.1 0
1770200585.5839 Rx ;63pose 97.3270 0.226 0.000 -0.0000 -2.6987
1770200585.5861 Rx ;19livn 24 22 31 60 65 37 28 33 210
1770200585.5883 Rx ;96vel 97.3320 0.248 0.249 0.0040 0.248 4
1770200585.5883 Rx ;39gyro -0.296936 -0.747681 0.106873 97.332
1770200585.5884 Rx ;60acc 0.422119 0.004395 0.852051 97.332
1770200585.5885 Rx ;59pose 97.3320 0.227 0.000 -0.0000 -2.6986
1770200585.5895 Txd ;15motv 2.01 2.02
1770200585.5938 Rx ;23pose 97.3370 0.229 0.000 0.0012 -2.6985
1770200585.5960 Rx ;39vel 97.3400 0.254 0.252 -0.0077 0.254 4
1770200585.5961 Rx ;25livn 24 23 31 60 65 37 28 33 215
1770200585.5968 Txd ;27motv 1.97 2.00
1770200585.5982 Rx ;53pose 97.3420 0.230 0.000 -0.0000 -2.6985
1770200585.6004 Rx ;99gyro 0.038757 0.198364 -0.167786 97.344
1770200585.6005 Rx ;22acc 0.451904 -0.011230 0.885986 97.344
1770200585.6037 Rx ;58pose 97.3470 0.231 0.000 -0.0000 -2.6984
1770200585.6038 Rx ;42vel 97.3480 0.254 0.250 -0.0173 0.254 4
1770200585.6039 Rx ;92ird 0.261 0.191 8211 10701 1
1770200585.6045 Txd ;27motv 1.96 2.01
1770200585.6060 Rx ;21livn 24 22 31 60 66 37 28 33 220
1770200585.6061 Rx ;17mca 0.197 0.153 16
1770200585.6083 Rx ;55pose 97.3520 0.232 0.000 -0.0000 -2.6984
1770200585.6125 Rx ;56vel 97.3560 0.255 0.248 -0.0278 0.255 4
1770200585.6126 Rx ;82gyro 0.496521 -0.106812 0.167908 97.356
1770200585.6127 Rx ;50acc 0.419678 -0.005859 0.878662 97.356
1770200585.6128 Rx ;75liv 18 23 29 48 62 39 25 23 25
1770200585.6139 Rx ;65pose 97.3570 0.234 0.000 -0.0012 -2.6984
1770200585.6140 Txd ;27motv 1.95 2.02
1770200585.6161 Rx ;28livn 24 23 31 61 66 37 28 33 225
1770200585.6161 Rx ;40mot 2 2 0.1 0.1 0
1770200585.6183 Rx ;58pose 97.3620 0.235 0.000 -0.0000 -2.6983
1770200585.6205 Rx ;45vel 97.3640 0.252 0.248 -0.0157 0.252 4
1770200585.6212 Txd ;30motv 1.97 2.03
1770200585.6237 Rx ;64pose 97.3670 0.236 0.000 -0.0000 -2.6983
1770200585.6238 Rx ;40gyro 0.069275 -0.259399 -0.106750 97.368
1770200585.6239 Rx ;79acc 0.440186 0.011719 0.890381 97.368
1770200585.6261 Rx ;23livn 24 23 31 61 65 37 28 33 230
1770200585.6282 Rx ;83vel 97.3720 0.251 0.252 0.0023 0.251 4
1770200585.6283 Rx ;61pose 97.3720 0.237 0.000 -0.0000 -2.6983
1770200585.6284 Txd ;27motv 1.97 2.00
1770200585.6294 Rx ;59ird 0.188 0.192 10809 10650 1
1770200585.6337 Rx ;67pose 97.3770 0.239 0.000 -0.0000 -2.6982
1770200585.6359 Rx ;40vel 97.3800 0.255 0.253 -0.0071 0.255 4
1770200585.6360 Rx ;27gyro 0.313416 0.411987 0.381531 97.380
1770200585.6361 Rx ;01acc 0.420410 -0.016113 0.873291 97.380
1770200585.6361 Rx ;27livn 24 23 31 60 65 37 28 33 235
1770200585.6373 Txd ;41motv 1.94 1.99
1770200585.6383 Rx ;55pose 97.3820 0.240 0.000 -0.0000 -2.6982
1770200585.6394 Rx ;11mca 0.190 0.153 17
1770200585.6437 Rx ;61pose 97.3880 0.241 0.000 -0.0000 -2.6981
1770200585.6438 Rx ;42vel 97.3880 0.252 0.250 -0.0083 0.252 4
1770200585.6445 Txd ;27motv 1.96 2.01
1770200585.6460 Rx ;23livn 24 23 31 60 65 37 28 33 240
1770200585.6482 Rx ;23gyro 1.167908 0.320435 0.351013 97.392
1770200585.6482 Rx ;04acc 0.460205 -0.020264 0.902344 97.392
1770200585.6483 Rx ;61pose 97.3930 0.243 0.000 -0.0012 -2.6980
1770200585.6490 Txd ;64leds 14 0 55 0
1770200585.6494 Rx ;40mot 2 2 0.1 0.1 0
1770200585.6516 Rx ;50vel 97.3960 0.252 0.248 -0.0175 0.252 4
1770200585.6528 Txd ;28motv 1.96 2.02
1770200585.6538 Rx ;64pose 97.3980 0.244 0.000 -0.0000 -2.6980
1770200585.6539 Rx ;44ird 0.137 0.191 14314 10701 1
1770200585.6561 Rx ;27livn 24 22 31 60 65 37 28 33 245
1770200585.6583 Rx ;52pose 97.4030 0.245 0.000 -0.0000 -2.6980
1770200585.6604 Rx ;98vel 97.4040 0.247 0.249 0.0080 0.247 4
1770200585.6605 Rx ;84gyro 0.435486 -0.503540 0.808777 97.404
1770200585.6605 Rx ;10acc 0.412842 -0.017334 0.828125 97.404
1770200585.6611 Txd ;31motv 1.99 2.02
1770200585.6627 Rx ;65liv 17 20 30 47 56 35 26 26 25
1770200585.6638 Rx ;61pose 97.4080 0.246 0.000 -0.0012 -2.6980
1770200585.6660 Rx ;23livn 24 22 31 60 65 37 28 33 250
1770200585.6682 Rx ;28vel 97.4120 0.253 0.251 -0.0105 0.253 4
1770200585.6683 Rx ;56pose 97.4130 0.248 0.000 -0.0000 -2.6980
1770200585.6689 Txd ;25motv 1.95 2.00
1770200585.6726 Rx ;50gyro 1.289978 0.595093 1.236023 97.416
1770200585.6726 Rx ;30acc 0.445557 -0.012939 0.909424 97.416
1770200585.6727 Rx ;19mca 0.189 0.154 16
1770200585.6738 Rx ;70pose 97.4180 0.249 0.000 -0.0000 -2.6979
1770200585.6760 Rx ;31vel 97.4200 0.253 0.251 -0.0109 0.253 4
1770200585.6761 Rx ;28livn 24 22 31 60 65 37 28 33 255
1770200585.6772 Txd ;25motv 1.95 2.00
1770200585.6783 Rx ;58pose 97.4230 0.250 0.000 -0.0000 -2.6979
1770200585.6794 Rx ;60ird 0.105 0.193 18176 10593 1
1770200585.6826 Rx ;40mot 2 2 0.1 0.1 0
1770200585.6837 Rx ;66pose 97.4280 0.251 0.000 -0.0012 -2.6978
1770200585.6838 Rx ;50vel 97.4280 0.253 0.249 -0.0167 0.253 4
1770200585.6839 Rx ;85gyro 0.313416 -0.198364 1.541199 97.428
1770200585.6839 Rx ;69acc 0.441162 0.004395 0.905029 97.428
1770200585.6844 Txd ;26motv 1.94 2.02
1770200585.6861 Rx ;25livn 24 22 31 61 65 37 28 33 260
1770200585.6883 Rx ;61pose 97.4330 0.253 0.000 -0.0000 -2.6978
1770200585.6926 Rx ;56vel 97.4360 0.249 0.248 -0.0075 0.249 4
1770200585.6937 Rx ;66pose 97.4380 0.254 0.000 -0.0000 -2.6977
1770200585.6938 Txd ;30motv 1.97 2.03
1770200585.6959 Rx ;07gyro -0.419006 -0.503540 1.083435 97.440
1770200585.6960 Rx ;70acc 0.431396 0.018066 0.862305 97.440
1770200585.6960 Rx ;30livn 24 22 31 61 65 37 28 33 265
1770200585.6993 Rx ;66pose 97.4430 0.255 0.000 -0.0012 -2.6977
1770200585.7004 Rx ;75vel 97.4440 0.250 0.250 0.0001 0.250 4
1770200585.7016 Txd ;27motv 1.96 2.01
1770200585.7047 Rx ;71pose 97.4480 0.256 0.000 -0.0012 -2.6976
1770200585.7047 Rx ;45ird 0.084 0.190 22310 10716 1
1770200585.7059 Rx ;13mca 0.194 0.151 17
1770200585.7059 Rx ;25livn 24 22 30 61 65 37 28 33 270
1770200585.7081 Rx ;86vel 97.4520 0.253 0.253 0.0004 0.253 4
1770200585.7081 Rx ;25gyro 0.740662 0.747681 1.022400 97.452
1770200585.7082 Rx ;17acc 0.423340 -0.008545 0.854248 97.452
1770200585.7088 Txd ;41motv 1.94 1.99
1770200585.7093 Rx ;65pose 97.4530 0.258 0.000 -0.0000 -2.6975
1770200585.7126 Rx ;67liv 21 18 24 46 55 38 21 18 25
1770200585.7137 Rx ;71pose 97.4580 0.259 0.000 -0.0000 -2.6975
1770200585.7148 Rx ;43mot 1.9 2 0.1 0.1 0
1770200585.7159 Rx ;30vel 97.4600 0.251 0.250 -0.0028 0.251 4
1770200585.7160 Rx ;30livn 24 22 30 61 65 37 28 33 275
1770200585.7171 Txd ;26motv 1.95 2.01
1770200585.7192 Rx ;60pose 97.4630 0.260 0.000 -0.0012 -2.6973
1770200585.7204 Rx ;54gyro 0.588074 0.411987 0.930847 97.464
1770200585.7204 Rx ;24acc 0.462402 -0.009277 0.925293 97.464
1770200585.7237 Rx ;35vel 97.4680 0.252 0.250 -0.0050 0.252 4
1770200585.7237 Rx ;66pose 97.4680 0.261 0.000 -0.0012 -2.6973
1770200585.7243 Txd ;25motv 1.94 2.01
1770200585.7259 Rx ;25livn 24 22 30 60 65 37 28 33 280
1770200585.7292 Rx ;64pose 97.4730 0.263 0.000 -0.0012 -2.6973
1770200585.7293 Rx ;64ird 0.075 0.192 24795 10660 1
1770200585.7325 Rx ;12vel 97.4760 0.248 0.249 0.0082 0.248 4
1770200585.7326 Rx ;27gyro -0.266418 -0.411987 0.900330 97.476
1770200585.7327 Rx ;22acc 0.432129 -0.004150 0.843994 97.476
1770200585.7335 Txd ;29motv 1.97 2.02
1770200585.7339 Rx ;69pose 97.4780 0.264 0.000 -0.0012 -2.6972
1770200585.7361 Rx ;30livn 24 22 30 60 65 37 28 33 285
1770200585.7383 Rx ;11mca 0.191 0.153 16
1770200585.7394 Rx ;65pose 97.4830 0.265 0.000 -0.0012 -2.6971
1770200585.7406 Rx ;88vel 97.4840 0.252 0.252 0.0013 0.252 4
1770200585.7409 Txd ;24motv 1.94 2.00
1770200585.7438 Rx ;42gyro 1.320496 0.534058 1.052917 97.488
1770200585.7439 Rx ;25acc 0.441406 -0.018066 0.892090 97.488
1770200585.7440 Rx ;68pose 97.4880 0.266 0.000 -0.0000 -2.6971
1770200585.7462 Rx ;26livn 24 22 31 60 64 37 28 33 290
1770200585.7483 Rx ;40vel 97.4920 0.252 0.251 -0.0057 0.252 4
1770200585.7484 Rx ;43mot 1.9 2 0.1 0.1 0
1770200585.7495 Rx ;68pose 97.4930 0.268 0.000 -0.0012 -2.6970
1770200585.7498 Txd ;24motv 1.94 2.00
1770200585.7538 Rx ;74pose 97.4980 0.269 0.000 -0.0012 -2.6970
1770200585.7539 Rx ;78ird 0.073 0.189 25688 10776 1
1770200585.7561 Rx ;32vel 97.5000 0.252 0.249 -0.0115 0.252 4
1770200585.7561 Rx ;42gyro 0.893250 0.076294 0.839294 97.500
1770200585.7562 Rx ;10acc 0.436523 -0.012939 0.904053 97.500
1770200585.7563 Rx ;31livn 24 22 31 60 64 37 28 33 295
1770200585.7571 Txd ;25motv 1.94 2.01
1770200585.7595 Rx ;53pose 97.5030 0.270 0.000 -0.0012 -2.6970
1770200585.7627 Rx ;54liv 20 23 33 44 52 37 30 25 25
1770200585.7638 Rx ;54vel 97.5080 0.249 0.248 -0.0046 0.249 4
1770200585.7639 Rx ;67pose 97.5080 0.271 0.000 -0.0012 -2.6969
1770200585.7644 Txd ;28motv 1.96 2.02
1770200585.7650 Rx ;05hbt 97.5090 107 1033 15.63 4 8 9.0 0.48 0
1770200585.7662 Rx ;18livn 24 22 31 60 64 37 28 33 300
1770200585.7684 Rx ;70gyro 0.466003 -0.411987 1.144470 97.512
1770200585.7684 Rx ;83acc 0.426758 0.003174 0.874756 97.512
1770200585.7696 Rx ;65pose 97.5130 0.273 0.000 -0.0012 -2.6969
1770200585.7717 Rx ;20mca 0.199 0.153 17
1770200585.7718 Rx ;94vel 97.5160 0.249 0.250 0.0040 0.249 4
1770200585.7727 Txd ;27motv 1.96 2.01
1770200585.7740 Rx ;71pose 97.5180 0.274 0.000 -0.0012 -2.6969
1770200585.7762 Rx ;36livn 22 19 29 64 72 45 27 35 4
1770200585.7794 Rx ;65pose 97.5230 0.275 0.000 -0.0000 -2.6969
1770200585.7795 Rx ;74ird 0.072 0.189 25945 10768 1
1770200585.7806 Rx ;86vel 97.5240 0.252 0.253 0.0051 0.252 4
1770200585.7807 Rx ;59gyro 1.625671 0.564575 1.876892 97.524
1770200585.7807 Rx ;28acc 0.395996 -0.031250 0.872803 97.524
1770200585.7816 Txd ;41motv 1.94 1.99
1770200585.7819 Rx ;40mot 2 2 0.1 0.1 0
1770200585.7840 Rx ;74pose 97.5280 0.276 0.000 -0.0012 -2.6969
1770200585.7862 Rx ;41livn 17 15 31 67 73 38 27 36 9
1770200585.7884 Rx ;96vel 97.5320 0.249 0.250 0.0035 0.249 4
1770200585.7895 Rx ;71pose 97.5330 0.278 0.000 -0.0012 -2.6968
1770200585.7900 Txd ;27motv 1.96 2.01
1770200585.7917 Rx ;38gyro 1.137390 0.106812 2.395691 97.536
1770200585.7918 Rx ;73acc 0.463867 0.003906 0.920410 97.536
1770200585.7940 Rx ;74pose 97.5380 0.279 0.000 -0.0000 -2.6968
1770200585.7962 Rx ;30vel 97.5400 0.252 0.251 -0.0044 0.252 4
1770200585.7962 Rx ;83livn 21 17 31 65 69 37 26 36 14
1770200585.7972 Txd ;24motv 1.94 2.00
1770200585.7995 Rx ;64pose 97.5430 0.280 0.000 -0.0012 -2.6967
1770200585.8038 Rx ;04vel 97.5480 0.247 0.250 0.0165 0.247 4
1770200585.8038 Rx ;21gyro 0.282898 -0.259399 2.548279 97.548
1770200585.8039 Rx ;75acc 0.411377 0.000977 0.830811 97.548
1770200585.8040 Rx ;70pose 97.5480 0.281 0.000 -0.0012 -2.6967
1770200585.8040 Rx ;51ird 0.072 0.192 26016 10635 1
1770200585.8041 Rx ;17mca 0.198 0.152 16
1770200585.8045 Txd ;28motv 1.97 2.01
1770200585.8062 Rx ;88livn 22 19 30 64 67 38 26 36 19
1770200585.8095 Rx ;64pose 97.5530 0.283 0.000 -0.0000 -2.6966
1770200585.8116 Rx ;33vel 97.5560 0.252 0.252 -0.0003 0.252 4
1770200585.8128 Rx ;65liv 18 20 29 50 60 37 26 26 25
1770200585.8129 Txd ;41motv 1.94 1.99
1770200585.8139 Rx ;70pose 97.5580 0.284 0.000 -0.0000 -2.6966
1770200585.8140 Rx ;43mot 1.9 2 0.1 0.1 0
1770200585.8161 Rx ;43gyro 2.052917 0.656128 2.487244 97.560
1770200585.8162 Rx ;23acc 0.460938 -0.028320 0.919434 97.560
1770200585.8163 Rx ;79livn 23 21 30 63 66 37 29 37 24
1770200585.8195 Rx ;69pose 97.5630 0.285 0.000 -0.0012 -2.6965
1770200585.8196 Rx ;35vel 97.5640 0.251 0.251 -0.0036 0.251 4
1770200585.8204 Txd ;25motv 1.95 2.00
1770200585.8239 Rx ;74pose 97.5680 0.286 0.000 -0.0012 -2.6964
1770200585.8261 Rx ;88livn 22 20 28 61 66 38 29 37 29
1770200585.8282 Rx ;44vel 97.5720 0.252 0.249 -0.0163 0.252 4
1770200585.8283 Rx ;34gyro 0.984802 0.106812 3.402771 97.572
1770200585.8284 Rx ;41acc 0.429688 -0.025635 0.875732 97.572
1770200585.8288 Txd ;25motv 1.94 2.01
1770200585.8295 Rx ;69pose 97.5730 0.288 0.000 -0.0000 -2.6964
1770200585.8296 Rx ;55ird 0.073 0.190 25640 10719 1
1770200585.8338 Rx ;77pose 97.5780 0.289 0.000 -0.0012 -2.6963
1770200585.8360 Rx ;55vel 97.5800 0.249 0.249 -0.0037 0.249 4
1770200585.8361 Rx ;82livn 22 20 28 60 66 38 29 36 34
1770200585.8373 Txd ;27motv 1.96 2.01
1770200585.8372 Rx ;18mca 0.199 0.151 17
1770200585.8394 Rx ;65pose 97.5830 0.290 0.000 -0.0012 -2.6963
1770200585.8405 Rx ;02gyro 1.747742 -0.015259 3.677429 97.584
1770200585.8406 Rx ;99acc 0.429932 0.006592 0.867676 97.584
1770200585.8439 Rx ;15vel 97.5880 0.249 0.251 0.0095 0.249 4
1770200585.8439 Rx ;67pose 97.5880 0.291 0.000 -0.0000 -2.6962
1770200585.8447 Txd ;26motv 1.96 2.00
1770200585.8461 Rx ;79livn 22 21 30 60 66 37 29 35 39
1770200585.8472 Rx ;40mot 2 2 0.1 0.1 0
1770200585.8494 Rx ;65pose 97.5930 0.293 0.000 -0.0000 -2.6962
1770200585.8499 Txd ;62leds 14 0 80 0
1770200585.8516 Rx ;02vel 97.5960 0.253 0.254 0.0036 0.253 4
1770200585.8517 Rx ;45gyro 3.090515 1.205444 4.318298 97.596
1770200585.8517 Rx ;62acc 0.420898 -0.035889 0.896729 97.596
1770200585.8524 Txd ;38motv 1.93 1.97
1770200585.8539 Rx ;73pose 97.5980 0.294 0.000 -0.0012 -2.6961
1770200585.8540 Rx ;53ird 0.082 0.191 22815 10670 1
1770200585.8562 Rx ;75livn 23 21 30 61 66 36 29 34 44
1770200585.8594 Rx ;60pose 97.6030 0.295 0.000 -0.0012 -2.6960
1770200585.8605 Rx ;77vel 97.6040 0.250 0.251 0.0031 0.250 4
1770200585.8618 Txd ;42motv 1.95 1.99
1770200585.8627 Rx ;75liv 17 18 27 46 58 36 27 20 25
1770200585.8638 Rx ;54gyro 2.937927 0.625610 4.928650 97.608
1770200585.8639 Rx ;25acc 0.436768 -0.026123 0.884033 97.608
1770200585.8639 Rx ;63pose 97.6080 0.296 0.000 -0.0000 -2.6960
1770200585.8661 Rx ;79livn 23 21 30 61 65 37 29 33 49
1770200585.8683 Rx ;36vel 97.6120 0.252 0.249 -0.0133 0.252 4
1770200585.8690 Txd ;24motv 1.93 2.01
1770200585.8694 Rx ;72pose 97.6130 0.298 0.000 -0.0012 -2.6959
1770200585.8706 Rx ;20mca 0.196 0.148 16
1770200585.8738 Rx ;78pose 97.6180 0.299 0.000 -0.0012 -2.6959
1770200585.8759 Rx ;93vel 97.6200 0.247 0.250 0.0128 0.247 4
1770200585.8760 Rx ;49gyro 2.663269 0.198364 5.813660 97.620
1770200585.8761 Rx ;12acc 0.400146 -0.008057 0.848633 97.620
1770200585.8761 Rx ;77livn 23 21 30 61 66 38 29 33 54
1770200585.8762 Txd ;27motv 1.97 2.00
1770200585.8794 Rx ;53pose 97.6230 0.300 0.000 -0.0000 -2.6958
1770200585.8794 Rx ;66ird 0.094 0.188 20088 10845 1
1770200585.8805 Rx ;40mot 2 2 0.1 0.1 0
1770200585.8838 Rx ;85vel 97.6280 0.251 0.251 0.0004 0.251 4
1770200585.8838 Rx ;59pose 97.6280 0.301 0.000 -0.0000 -2.6958
1770200585.8851 Txd ;41motv 1.94 1.99
1770200585.8860 Rx ;83livn 24 22 30 61 66 38 28 33 59
1770200585.8882 Rx ;31gyro 4.128113 1.113892 6.027283 97.632
1770200585.8883 Rx ;25acc 0.418457 -0.014648 0.924316 97.632
1770200585.8894 Rx ;59pose 97.6330 0.303 0.000 -0.0012 -2.6957
1770200585.8916 Rx ;34vel 97.6360 0.251 0.250 -0.0036 0.251 4
1770200585.8924 Txd ;24motv 1.94 2.00
1770200585.8939 Rx ;65pose 97.6380 0.304 0.000 -0.0012 -2.6957
1770200585.8961 Rx ;80livn 24 22 30 62 66 38 28 33 64
1770200585.8993 Rx ;61pose 97.6430 0.305 0.000 -0.0012 -2.6956
1770200585.9005 Rx ;51vel 97.6440 0.253 0.249 -0.0177 0.253 4
1770200585.9006 Rx ;66gyro 2.480164 0.167847 6.576599 97.644
1770200585.9006 Rx ;07acc 0.429443 -0.000244 0.875000 97.644
1770200585.9018 Txd ;23motv 1.92 2.01
1770200585.9039 Rx ;16mca 0.195 0.153 17
1770200585.9039 Rx ;66pose 97.6480 0.306 0.000 -0.0012 -2.6955
1770200585.9040 Rx ;69ird 0.104 0.188 18377 10839 1
1770200585.9062 Rx ;86livn 24 22 31 62 65 38 28 34 69
1770200585.9084 Rx ;56vel 97.6520 0.249 0.248 -0.0048 0.249 4
1770200585.9090 Txd ;26motv 1.95 2.01
1770200585.9095 Rx ;63pose 97.6530 0.308 0.000 -0.0012 -2.6954
1770200585.9117 Rx ;72gyro 2.815857 0.564575 6.729187 97.656
1770200585.9118 Rx ;79acc 0.425781 0.018311 0.848145 97.656
1770200585.9118 Rx ;66liv 20 24 32 49 56 37 24 25 25
1770200585.9130 Rx ;40mot 2 2 0.1 0.1 0
1770200585.9141 Rx ;66pose 97.6580 0.309 0.000 -0.0000 -2.6954
1770200585.9162 Rx ;93vel 97.6600 0.248 0.251 0.0121 0.248 4
1770200585.9163 Rx ;82livn 24 23 31 62 64 37 28 35 74
1770200585.9169 Txd ;43motv 1.96 1.99
1770200585.9195 Rx ;55pose 97.6630 0.310 0.000 -0.0012 -2.6952
1770200585.9238 Rx ;09vel 97.6680 0.252 0.254 0.0099 0.252 4
1770200585.9239 Rx ;67gyro 3.578796 0.839233 5.081238 97.668
1770200585.9240 Rx ;84acc 0.450439 0.056641 0.920654 97.668
1770200585.9240 Rx ;60pose 97.6680 0.311 0.000 -0.0012 -2.6951
1770200585.9249 Txd ;38motv 1.93 1.97
1770200585.9262 Rx ;87livn 24 23 31 61 64 37 29 35 79
1770200585.9295 Rx ;61pose 97.6730 0.313 0.000 -0.0000 -2.6948
1770200585.9296 Rx ;65ird 0.107 0.185 17915 10964 1
1770200585.9318 Rx ;32vel 97.6760 0.250 0.250 -0.0023 0.250 4
1770200585.9328 Txd ;25motv 1.95 2.00
1770200585.9340 Rx ;67pose 97.6780 0.314 0.000 -0.0012 -2.6945
1770200585.9362 Rx ;48gyro 1.167908 0.503540 1.937927 97.680
1770200585.9363 Rx ;78acc 0.464111 0.016357 0.727783 97.680
1770200585.9364 Rx ;81livn 23 23 31 61 64 37 29 34 84
1770200585.9365 Rx ;15mca 0.194 0.145 16
1770200585.9398 Rx ;67pose 97.6830 0.315 0.000 -0.0012 -2.6939
1770200585.9399 Rx ;45vel 97.6840 0.252 0.249 -0.0106 0.252 4
1770200585.9406 Txd ;23motv 1.93 2.00
1770200585.9442 Rx ;72pose 97.6880 0.316 0.000 -0.0012 -2.6938
1770200585.9464 Rx ;87livn 24 23 31 61 65 37 29 33 89
1770200585.9465 Rx ;43mot 1.9 2 0.1 0.1 0
1770200585.9476 Rx ;04vel 97.6920 0.247 0.251 0.0146 0.247 4
1770200585.9477 Rx ;51gyro -0.327454 0.228882 -1.388489 97.692
1770200585.9478 Rx ;69acc 0.445068 0.070801 0.930420 97.692
1770200585.9489 Txd ;44motv 1.97 1.99
1770200585.9489 Rx ;65pose 97.6930 0.318 0.000 -0.0000 -2.6936
1770200585.9543 Rx ;73pose 97.6980 0.319 0.000 -0.0012 -2.6935
1770200585.9544 Rx ;47ird 0.104 0.185 18442 11007 1
1770200585.9566 Rx ;81vel 97.7000 0.251 0.251 0.0027 0.251 4
1770200585.9567 Rx ;83livn 23 23 31 62 64 38 29 33 94
1770200585.9573 Txd ;41motv 1.94 1.99
1770200585.9589 Rx ;51pose 97.7030 0.320 0.000 -0.0012 -2.6934
1770200585.9600 Rx ;45gyro -0.907288 0.167847 -1.052795 97.704
1770200585.9601 Rx ;18acc 0.419434 -0.022705 0.930908 97.704
1770200585.9624 Rx ;74liv 17 24 29 48 57 39 30 22 25
1770200585.9646 Rx ;42vel 97.7080 0.252 0.251 -0.0059 0.252 4
1770200585.9647 Rx ;54pose 97.7080 0.321 0.000 -0.0000 -2.6934
1770200585.9656 Txd ;40motv 1.93 1.99
1770200585.9658 Rx ;88livn 23 23 31 62 64 38 29 33 99
1770200585.9691 Rx ;56pose 97.7130 0.323 0.000 -0.0012 -2.6935
1770200585.9692 Rx ;10mca 0.191 0.151 17
1770200585.9724 Rx ;44vel 97.7160 0.251 0.248 -0.0148 0.251 4
1770200585.9725 Rx ;45gyro -2.189026 -0.015259 0.289978 97.716
1770200585.9726 Rx ;19acc 0.412109 -0.034668 0.866211 97.716
1770200585.9734 Txd ;25motv 1.94 2.01
1770200585.9748 Rx ;63pose 97.7180 0.324 0.000 -0.0012 -2.6936
1770200585.9759 Rx ;25livn 24 23 31 62 64 38 29 33 104
1770200585.9791 Rx ;57pose 97.7230 0.325 0.000 -0.0000 -2.6936
1770200585.9792 Rx ;85ird 0.098 0.187 19399 10866 1
1770200585.9793 Rx ;43mot 1.9 2 0.1 0.1 0
1770200585.9804 Rx ;54vel 97.7240 0.249 0.248 -0.0028 0.249 4
1770200585.9818 Txd ;26motv 1.95 2.01
1770200585.9847 Rx ;75gyro -0.632629 0.442505 1.602234 97.728
1770200585.9847 Rx ;18acc 0.414062 -0.019531 0.905518 97.728
1770200585.9848 Rx ;63pose 97.7280 0.326 0.000 -0.0000 -2.6936
1770200585.9859 Rx ;31livn 24 24 31 62 64 38 29 33 109
1770200585.9881 Rx ;04vel 97.7320 0.248 0.250 0.0096 0.248 4
1770200585.9890 Txd ;26motv 1.96 2.00
1770200585.9892 Rx ;64pose 97.7330 0.328 0.000 -0.0012 -2.6936
1770200585.9946 Rx ;69pose 97.7380 0.329 0.000 -0.0012 -2.6935
1770200585.9957 Rx ;84vel 97.7400 0.252 0.253 0.0031 0.252 4
1770200585.9958 Rx ;38gyro 0.404968 0.534058 1.480164 97.740
1770200585.9959 Rx ;09acc 0.447510 -0.020020 0.916992 97.740
1770200585.9960 Rx ;25livn 24 23 31 62 64 38 28 33 114
1770200585.9968 Txd ;39motv 1.93 1.98
1770200585.9992 Rx ;53pose 97.7430 0.330 0.000 -0.0000 -2.6934
1770200586.0024 Rx ;10mca 0.192 0.151 16
1770200586.0046 Rx ;37vel 97.7480 0.250 0.249 -0.0020 0.250 4
1770200586.0047 Rx ;61pose 97.7480 0.331 0.000 -0.0012 -2.6933
1770200586.0048 Rx ;49ird 0.103 0.184 18590 11043 1
1770200586.0051 Txd ;24motv 1.94 2.00
1770200586.0059 Rx ;31livn 24 24 31 62 64 38 28 33 119
1770200586.0081 Rx ;64gyro 0.588074 0.686646 1.815857 97.752
1770200586.0081 Rx ;21acc 0.457031 -0.031738 0.890137 97.752
1770200586.0093 Rx ;58pose 97.7530 0.333 0.000 -0.0012 -2.6932
1770200586.0125 Rx ;41vel 97.7560 0.252 0.249 -0.0102 0.252 4
1770200586.0126 Rx ;59liv 22 25 32 47 55 36 23 20 25
1770200586.0127 Rx ;43mot 1.9 2 0.1 0.1 0
1770200586.0135 Txd ;23motv 1.93 2.00
1770200586.0148 Rx ;61pose 97.7580 0.334 0.000 -0.0000 -2.6932
1770200586.0160 Rx ;27livn 24 24 31 62 64 38 28 33 124
1770200586.0192 Rx ;61pose 97.7630 0.335 0.000 -0.0012 -2.6932
1770200586.0203 Rx ;03vel 97.7640 0.246 0.250 0.0175 0.246 4
1770200586.0204 Rx ;47gyro 1.595154 0.381470 3.463806 97.764
1770200586.0205 Rx ;28acc 0.406494 -0.033691 0.843262 97.764
1770200586.0207 Txd ;27motv 1.97 2.00
1770200586.0247 Rx ;66pose 97.7680 0.336 0.000 -0.0012 -2.6931
1770200586.0259 Rx ;30livn 24 24 31 62 63 38 28 32 129
1770200586.0281 Rx ;85vel 97.7720 0.251 0.251 0.0031 0.251 4
1770200586.0292 Rx ;65pose 97.7730 0.338 0.000 -0.0012 -2.6932
1770200586.0293 Rx ;55ird 0.106 0.185 18000 10987 1
1770200586.0296 Txd ;41motv 1.94 1.99
1770200586.0325 Rx ;42gyro 2.510681 1.144409 5.813660 97.776
1770200586.0325 Rx ;46acc 0.447754 -0.035156 0.959717 97.776
1770200586.0347 Rx ;71pose 97.7780 0.339 0.000 -0.0012 -2.6932
1770200586.0359 Rx ;08mca 0.190 0.150 17
1770200586.0359 Rx ;38vel 97.7800 0.252 0.250 -0.0065 0.252 4
1770200586.0360 Rx ;29livn 25 24 31 62 64 38 29 32 134
1770200586.0368 Txd ;23motv 1.93 2.00
1770200586.0392 Rx ;57pose 97.7830 0.340 0.000 -0.0012 -2.6930
1770200586.0446 Rx ;54vel 97.7880 0.252 0.247 -0.0229 0.252 4
1770200586.0447 Rx ;91gyro 1.778259 0.869751 7.949890 97.788
1770200586.0448 Rx ;31acc 0.431641 -0.018066 0.854248 97.788
1770200586.0448 Rx ;71pose 97.7880 0.341 0.000 -0.0012 -2.6929
1770200586.0449 Rx ;43mot 1.9 2 0.1 0.1 0
1770200586.0451 Txd ;25motv 1.93 2.02
1770200586.0460 Rx ;32livn 25 24 31 61 63 38 29 32 139
1770200586.0492 Rx ;67pose 97.7930 0.343 0.000 -0.0012 -2.6927
1770200586.0507 Txd ;09leds 14 0 105 0
1770200586.0525 Rx ;58vel 97.7960 0.249 0.248 -0.0050 0.249 4
1770200586.0535 Txd ;26motv 1.95 2.01
1770200586.0546 Rx ;72pose 97.7980 0.344 0.000 -0.0012 -2.6926
1770200586.0547 Rx ;43ird 0.110 0.184 17531 11027 1
1770200586.0558 Rx ;51gyro 2.632751 1.907349 9.506287 97.800
1770200586.0559 Rx ;25acc 0.420654 -0.009766 0.863770 97.800
1770200586.0560 Rx ;28livn 25 24 31 61 63 38 29 32 144
1770200586.0592 Rx ;58pose 97.8030 0.345 0.000 -0.0012 -2.6924
1770200586.0603 Rx ;95vel 97.8040 0.249 0.250 0.0050 0.249 4
1770200586.0613 Txd ;25motv 1.95 2.00
1770200586.0625 Rx ;67liv 23 20 29 44 55 39 29 20 25
1770200586.0647 Rx ;63pose 97.8080 0.346 0.000 -0.0012 -2.6923
1770200586.0658 Rx ;33livn 25 24 31 61 63 38 29 32 149
1770200586.0680 Rx ;91vel 97.8120 0.253 0.254 0.0044 0.253 4
1770200586.0681 Rx ;84gyro 4.189148 2.426147 11.093201 97.812
1770200586.0682 Rx ;23acc 0.428955 -0.018555 0.901611 97.812
1770200586.0682 Rx ;12mca 0.192 0.153 16
1770200586.0685 Txd ;37motv 1.92 1.97
1770200586.0693 Rx ;58pose 97.8130 0.348 0.000 -0.0012 -2.6920
1770200586.0747 Rx ;72pose 97.8180 0.349 0.000 -0.0012 -2.6919
1770200586.0758 Rx ;86vel 97.8200 0.250 0.252 0.0066 0.250 4
1770200586.0759 Rx ;29livn 25 24 31 61 63 38 29 32 154
1770200586.0768 Txd ;40motv 1.94 1.98
1770200586.0781 Rx ;43mot 1.9 2 0.1 0.1 0
1770200586.0792 Rx ;58pose 97.8230 0.350 0.000 -0.0012 -2.6917
1770200586.0793 Rx ;65ird 0.111 0.185 17356 10988 1
1770200586.0804 Rx ;86gyro 3.212585 1.388550 12.161316 97.824
1770200586.0805 Rx ;16acc 0.449463 -0.011230 0.905518 97.824
1770200586.0837 Rx ;40vel 97.8280 0.253 0.250 -0.0134 0.253 4
1770200586.0846 Txd ;39motv 1.92 1.99
1770200586.0848 Rx ;60pose 97.8280 0.351 0.000 -0.0000 -2.6916
1770200586.0860 Rx ;34livn 24 23 32 62 63 38 29 32 159
1770200586.0892 Rx ;58pose 97.8330 0.353 0.000 -0.0012 -2.6913
1770200586.0924 Rx ;03vel 97.8360 0.246 0.250 0.0157 0.246 4
1770200586.0925 Rx ;95gyro 3.853455 1.632690 14.236511 97.836
1770200586.0926 Rx ;48acc 0.423584 -0.048828 0.822998 97.836
1770200586.0930 Txd ;44motv 1.97 1.99
1770200586.0948 Rx ;63pose 97.8380 0.354 0.000 -0.0012 -2.6912
1770200586.0959 Rx ;31livn 24 23 32 62 63 38 29 33 164
1770200586.0991 Rx ;63pose 97.8430 0.355 0.000 -0.0000 -2.6909
1770200586.1003 Rx ;83vel 97.8440 0.250 0.251 0.0013 0.250 4
1770200586.1013 Txd ;41motv 1.94 1.99
1770200586.1014 Rx ;14mca 0.191 0.146 17
1770200586.1046 Rx ;15gyro 5.867615 3.128052 15.029968 97.848
1770200586.1047 Rx ;46acc 0.463867 -0.048340 0.928467 97.848
1770200586.1047 Rx ;71pose 97.8480 0.356 0.000 -0.0012 -2.6908
1770200586.1048 Rx ;49ird 0.111 0.185 17358 11006 1
1770200586.1059 Rx ;34livn 24 23 32 62 63 37 29 32 169
1770200586.1081 Rx ;49vel 97.8520 0.251 0.249 -0.0088 0.251 4
1770200586.1085 Txd ;23motv 1.93 2.00
1770200586.1092 Rx ;66pose 97.8530 0.358 0.000 -0.0012 -2.6905
1770200586.1114 Rx ;43mot 1.9 2 0.1 0.1 0
1770200586.1125 Rx ;76liv 15 19 38 54 57 34 27 24 25
1770200586.1147 Rx ;69pose 97.8580 0.359 0.000 -0.0012 -2.6902
1770200586.1158 Rx ;40vel 97.8600 0.251 0.248 -0.0162 0.251 4
1770200586.1159 Rx ;89gyro 5.135193 2.029419 15.152039 97.860
1770200586.1160 Rx ;32acc 0.419189 -0.043457 0.841553 97.860
1770200586.1160 Rx ;30livn 24 23 32 62 63 37 29 32 174
1770200586.1174 Txd ;24motv 1.93 2.01
1770200586.1193 Rx ;72pose 97.8630 0.360 0.000 -0.0012 -2.6899
1770200586.1246 Rx ;57vel 97.8680 0.249 0.249 -0.0012 0.249 4
1770200586.1247 Rx ;76pose 97.8680 0.361 0.000 -0.0012 -2.6897
1770200586.1255 Txd ;25motv 1.95 2.00
1770200586.1259 Rx ;37livn 25 23 32 62 64 37 29 32 179
1770200586.1281 Rx ;02gyro 7.362976 3.402710 15.976013 97.872
1770200586.1282 Rx ;49acc 0.445557 -0.057861 0.876953 97.872
1770200586.1293 Rx ;71pose 97.8730 0.363 0.000 -0.0012 -2.6894
1770200586.1294 Rx ;41ird 0.110 0.182 17438 11120 1
1770200586.1326 Rx ;98vel 97.8760 0.247 0.250 0.0102 0.247 4
1770200586.1331 Txd ;26motv 1.96 2.00
1770200586.1349 Rx ;75pose 97.8780 0.364 0.000 -0.0012 -2.6892
1770200586.1350 Rx ;19mca 0.198 0.154 16
1770200586.1361 Rx ;33livn 25 23 32 62 64 37 29 32 184
1770200586.1394 Rx ;78pose 97.8830 0.365 0.000 -0.0012 -2.6889
1770200586.1406 Rx ;91vel 97.8840 0.251 0.252 0.0032 0.251 4
1770200586.1407 Rx ;04gyro 9.010925 3.036499 17.410339 97.884
1770200586.1408 Rx ;65acc 0.389893 -0.078369 0.897461 97.884
1770200586.1421 Txd ;39motv 1.93 1.98
1770200586.1440 Rx ;43mot 1.9 2 0.1 0.1 0
1770200586.1442 Rx ;83pose 97.8880 0.366 0.000 -0.0012 -2.6888
1770200586.1466 Rx ;39livn 25 23 32 62 64 38 29 32 189
1770200586.1477 Rx ;11vel 97.8920 0.249 0.251 0.0075 0.249 4
1770200586.1482 Txd ;42motv 1.95 1.99
1770200586.1499 Rx ;75pose 97.8930 0.368 0.000 -0.0000 -2.6885
1770200586.1521 Rx ;30gyro 9.377136 2.975464 19.912781 97.896
1770200586.1522 Rx ;43acc 0.423096 -0.047852 0.852783 97.896
1770200586.1544 Rx ;82pose 97.8980 0.369 0.000 -0.0012 -2.6883
1770200586.1546 Rx ;50ird 0.111 0.182 17384 11137 1
1770200586.1557 Rx ;32vel 97.9000 0.250 0.249 -0.0007 0.250 4
1770200586.1559 Rx ;35livn 25 23 32 62 64 38 29 32 194
1770200586.1560 Txd ;24motv 1.94 2.00
1770200586.1591 Rx ;59pose 97.9030 0.370 0.000 -0.0012 -2.6881
1770200586.1624 Rx ;74liv 24 20 28 49 65 37 24 19 25
1770200586.1646 Rx ;94vel 97.9080 0.243 0.251 0.0316 0.243 4
1770200586.1647 Rx ;05gyro 9.712830 3.524780 20.584167 97.908
1770200586.1648 Rx ;24acc 0.426270 -0.023682 0.853516 97.908
1770200586.1648 Rx ;68pose 97.9080 0.371 0.000 -0.0000 -2.6878
1770200586.1654 Txd ;46motv 1.99 1.99
1770200586.1660 Rx ;40livn 25 23 32 62 65 37 29 32 199
1770200586.1673 Rx ;05mca 0.200 0.146 17
1770200586.1696 Rx ;66pose 97.9130 0.373 0.000 -0.0012 -2.6875
1770200586.1718 Rx ;12vel 97.9160 0.249 0.251 0.0088 0.249 4
1770200586.1721 Txd ;43motv 1.96 1.99
1770200586.1740 Rx ;70pose 97.9180 0.374 0.000 -0.0012 -2.6873
1770200586.1764 Rx ;36gyro 10.414734 2.426147 20.828308 97.920
1770200586.1765 Rx ;58acc 0.424316 0.001221 0.879150 97.920
1770200586.1766 Rx ;28livn 25 23 32 62 65 38 29 32 204
1770200586.1777 Rx ;40mot 2 2 0.1 0.1 0
1770200586.1799 Rx ;61pose 97.9230 0.375 0.000 -0.0000 -2.6870
1770200586.1800 Rx ;57ird 0.111 0.177 17348 11392 1
1770200586.1801 Rx ;86vel 97.9240 0.251 0.252 0.0023 0.251 4
1770200586.1810 Txd ;40motv 1.94 1.98
1770200586.1844 Rx ;77pose 97.9280 0.376 0.000 -0.0012 -2.6868
1770200586.1865 Rx ;32livn 25 23 32 62 65 37 29 32 209
1770200586.1887 Rx ;15vel 97.9320 0.239 0.247 0.0378 0.239 4
1770200586.1888 Rx ;97gyro 9.224548 2.426147 20.309509 97.932
1770200586.1889 Rx ;94acc 0.404785 0.011963 0.873779 97.932
1770200586.1890 Rx ;73pose 97.9330 0.378 0.000 -0.0012 -2.6866
1770200586.1893 Txd ;16motv 2.03 2.01
1770200586.1943 Rx ;78pose 97.9380 0.379 0.000 -0.0012 -2.6865
1770200586.1965 Rx ;36vel 97.9400 0.250 0.249 -0.0034 0.250 4
1770200586.1966 Rx ;28livn 25 23 32 62 65 37 29 32 214
1770200586.1976 Txd ;26motv 1.96 2.00
1770200586.1999 Rx ;64pose 97.9430 0.380 0.000 -0.0012 -2.6863
1770200586.1999 Rx ;61gyro 10.506287 3.036499 19.149841 97.944
1770200586.2000 Rx ;13acc 0.420166 -0.020264 0.882080 97.944
1770200586.2001 Rx ;08mca 0.208 0.151 16
1770200586.2044 Rx ;48vel 97.9480 0.252 0.250 -0.0087 0.252 4
1770200586.2044 Rx ;69pose 97.9480 0.381 0.000 -0.0012 -2.6862
1770200586.2045 Rx ;51ird 0.110 0.173 17515 11656 1
1770200586.2054 Txd ;25motv 1.95 2.00
1770200586.2067 Rx ;34livn 25 23 33 62 65 37 29 32 219
1770200586.2099 Rx ;65pose 97.9530 0.383 0.000 -0.0012 -2.6860
1770200586.2100 Rx ;40mot 2 2 0.1 0.1 0
1770200586.2122 Rx ;55vel 97.9560 0.256 0.252 -0.0184 0.256 4
1770200586.2122 Rx ;40gyro 10.170593 3.067017 18.234314 97.956
1770200586.2123 Rx ;29acc 0.421387 -0.002686 0.914551 97.956
1770200586.2124 Rx ;73liv 19 26 39 48 60 33 28 21 25
1770200586.2127 Txd ;37motv 1.91 1.98
1770200586.2146 Rx ;78pose 97.9580 0.384 0.000 -0.0012 -2.6858
1770200586.2168 Rx ;31livn 25 24 33 62 65 37 29 32 224
1770200586.2200 Rx ;73pose 97.9630 0.385 0.000 -0.0012 -2.6856
1770200586.2201 Rx ;40vel 97.9640 0.253 0.252 -0.0050 0.253 4
1770200586.2215 Txd ;39motv 1.93 1.98
1770200586.2244 Rx ;36gyro 9.926453 2.639771 18.997253 97.968
1770200586.2244 Rx ;53acc 0.424805 -0.009277 0.868896 97.968
1770200586.2245 Rx ;77pose 97.9680 0.386 0.000 -0.0012 -2.6854
1770200586.2267 Rx ;35livn 25 24 33 62 65 37 29 31 229
1770200586.2278 Rx ;54vel 97.9720 0.255 0.249 -0.0253 0.255 4
1770200586.2287 Txd ;21motv 1.91 2.00
1770200586.2300 Rx ;73pose 97.9730 0.388 0.000 -0.0012 -2.6852
1770200586.2301 Rx ;69ird 0.107 0.169 17855 11908 1
1770200586.2333 Rx ;18mca 0.194 0.147 17
1770200586.2344 Rx ;80pose 97.9780 0.389 0.000 -0.0023 -2.6851
1770200586.2366 Rx ;07vel 97.9800 0.248 0.249 0.0041 0.248 4
1770200586.2367 Rx ;33gyro 10.018005 2.914429 20.156921 97.980
1770200586.2368 Rx ;27acc 0.425537 -0.019531 0.892090 97.980
1770200586.2368 Rx ;32livn 25 24 33 62 66 37 29 31 234
1770200586.2370 Txd ;26motv 1.96 2.00
1770200586.2390 Rx ;73pose 97.9830 0.390 0.000 -0.0012 -2.6849
1770200586.2433 Rx ;40mot 2 2 0.1 0.1 0
1770200586.2444 Rx ;94vel 97.9880 0.251 0.251 0.0004 0.251 4
1770200586.2445 Rx ;80pose 97.9890 0.392 0.000 -0.0012 -2.6848
1770200586.2454 Txd ;41motv 1.94 1.99
1770200586.2467 Rx ;39livn 26 24 33 62 66 37 29 32 239
1770200586.2478 Rx ;03gyro 9.926453 2.273560 22.903503 97.992
1770200586.2479 Rx ;41acc 0.413086 -0.046875 0.906494 97.992
1770200586.2501 Rx ;76pose 97.9940 0.393 0.000 -0.0012 -2.6847
1770200586.2514 Txd ;62leds 14 0 80 0
1770200586.2522 Rx ;99vel 97.9960 0.251 0.252 0.0036 0.251 4
1770200586.2532 Txd ;40motv 1.94 1.98
1770200586.2544 Rx ;81pose 97.9990 0.394 0.000 -0.0012 -2.6846
1770200586.2545 Rx ;62ird 0.106 0.158 18124 12598 1
1770200586.2567 Rx ;27livn 25 24 33 63 66 37 30 32 244
1770200586.2599 Rx ;58pose 98.0040 0.395 0.000 -0.0012 -2.6844
1770200586.2600 Rx ;42vel 98.0040 0.252 0.248 -0.0189 0.252 4
1770200586.2601 Rx ;21gyro 9.895935 2.456665 24.734558 98.004
1770200586.2601 Rx ;14acc 0.415283 -0.028320 0.837646 98.004
1770200586.2604 Txd ;24motv 1.93 2.01
1770200586.2623 Rx ;68liv 18 20 39 55 71 35 33 25 25
1770200586.2645 Rx ;65pose 98.0090 0.397 0.000 -0.0023 -2.6842
1770200586.2656 Rx ;01hbt 98.0090 107 1033 15.62 4 8 9.0 0.49 0
1770200586.2668 Rx ;33livn 25 24 34 63 66 37 30 32 249
1770200586.2668 Rx ;15mca 0.196 0.152 16
1770200586.2679 Rx ;46vel 98.0120 0.249 0.249 -0.0028 0.249 4
1770200586.2688 Txd ;25motv 1.95 2.00
1770200586.2701 Rx ;59pose 98.0140 0.398 0.000 -0.0012 -2.6841
1770200586.2723 Rx ;52gyro 11.879578 2.700806 26.046814 98.016
1770200586.2724 Rx ;12acc 0.414062 -0.058105 0.892822 98.016
1770200586.2745 Rx ;72pose 98.0190 0.399 0.000 -0.0012 -2.6839
1770200586.2767 Rx ;87vel 98.0200 0.248 0.251 0.0106 0.248 4
1770200586.2768 Rx ;29livn 25 24 34 63 66 37 30 32 254
1770200586.2769 Rx ;40mot 2 2 0.1 0.1 0
1770200586.2771 Txd ;43motv 1.96 1.99
1770200586.2801 Rx ;50pose 98.0240 0.400 0.000 -0.0012 -2.6838
1770200586.2802 Rx ;52ird 0.104 0.154 18304 12891 1
1770200586.2845 Rx ;84vel 98.0280 0.252 0.253 0.0013 0.252 4
1770200586.2845 Rx ;52gyro 12.398376 2.975464 27.420105 98.028
1770200586.2846 Rx ;29acc 0.422119 -0.029053 0.927979 98.028
1770200586.2847 Rx ;55pose 98.0290 0.402 0.000 -0.0012 -2.6836
1770200586.2854 Txd ;38motv 1.93 1.97
1770200586.2858 Rx ;35livn 25 24 34 63 67 37 30 32 259
1770200586.2901 Rx ;50pose 98.0340 0.403 0.000 -0.0012 -2.6834
1770200586.2923 Rx ;80vel 98.0360 0.250 0.251 0.0061 0.250 4
1770200586.2932 Txd ;40motv 1.94 1.98
1770200586.2945 Rx ;53pose 98.0390 0.404 0.000 -0.0012 -2.6831
1770200586.2967 Rx ;54gyro 12.245789 2.609253 26.809753 98.040
1770200586.2967 Rx ;20acc 0.423340 -0.037598 0.842529 98.040
1770200586.2968 Rx ;32livn 25 24 34 64 67 37 30 32 264
1770200586.2990 Rx ;22mca 0.199 0.146 17
1770200586.3001 Rx ;51pose 98.0440 0.405 0.000 -0.0023 -2.6830
1770200586.3002 Rx ;39vel 98.0440 0.251 0.248 -0.0139 0.251 4
1770200586.3016 Txd ;24motv 1.94 2.00
1770200586.3045 Rx ;64pose 98.0490 0.407 0.000 -0.0012 -2.6829
1770200586.3045 Rx ;52ird 0.104 0.145 18415 13608 1
1770200586.3067 Rx ;37livn 25 24 34 64 67 37 30 32 269
1770200586.3078 Rx ;95vel 98.0520 0.245 0.249 0.0180 0.245 4
1770200586.3079 Rx ;45gyro 14.809265 2.395630 26.077332 98.052
1770200586.3080 Rx ;22acc 0.429932 -0.000488 0.922852 98.052
1770200586.3088 Txd ;28motv 1.98 2.00
1770200586.3091 Rx ;43mot 1.9 2 0.1 0.1 0
1770200586.3091 Rx ;60pose 98.0540 0.408 0.000 -0.0012 -2.6828
1770200586.3124 Rx ;80liv 26 27 39 53 67 35 29 23 25
1770200586.3145 Rx ;65pose 98.0590 0.409 0.000 -0.0012 -2.6827
1770200586.3167 Rx ;22vel 98.0600 0.251 0.251 -0.0004 0.251 4
1770200586.3168 Rx ;34livn 26 24 34 64 67 37 30 32 274
1770200586.3171 Txd ;40motv 1.94 1.98
1770200586.3200 Rx ;51pose 98.0640 0.410 0.000 -0.0012 -2.6825
1770200586.3201 Rx ;41gyro 13.374939 2.120972 24.063171 98.064
1770200586.3202 Rx ;70acc 0.430420 0.028076 0.893066 98.064
1770200586.3245 Rx ;95vel 98.0680 0.252 0.253 0.0047 0.252 4
1770200586.3246 Rx ;56pose 98.0690 0.412 0.000 -0.0012 -2.6823
1770200586.3255 Txd ;38motv 1.93 1.97
1770200586.3267 Rx ;39livn 26 24 34 64 67 37 30 32 279
1770200586.3300 Rx ;51pose 98.0740 0.413 0.000 -0.0012 -2.6821
1770200586.3301 Rx ;59ird 0.103 0.135 18474 14467 1
1770200586.3323 Rx ;48vel 98.0760 0.254 0.249 -0.0208 0.254 4
1770200586.3324 Rx ;43gyro 11.910095 2.029419 21.774353 98.076
1770200586.3325 Rx ;85acc 0.408936 0.057617 0.837402 98.076
1770200586.3325 Rx ;14mca 0.195 0.152 16
1770200586.3333 Txd ;38motv 1.91 1.99
1770200586.3347 Rx ;66pose 98.0790 0.414 0.000 -0.0023 -2.6819
1770200586.3359 Rx ;36livn 26 25 34 64 67 37 30 32 284
1770200586.3392 Rx ;61pose 98.0840 0.415 0.000 -0.0012 -2.6819
1770200586.3404 Rx ;40vel 98.0840 0.250 0.249 -0.0038 0.250 4
1770200586.3417 Txd ;24motv 1.94 2.00
1770200586.3425 Rx ;43mot 1.9 2 0.1 0.1 0
1770200586.3447 Rx ;44gyro 11.421814 2.090454 20.889343 98.088
1770200586.3448 Rx ;74acc 0.379150 0.017090 0.837402 98.088
1770200586.3449 Rx ;67pose 98.0890 0.417 0.000 -0.0012 -2.6818
1770200586.3460 Rx ;42livn 26 24 35 64 67 37 30 33 289
1770200586.3482 Rx ;06vel 98.0920 0.247 0.249 0.0074 0.247 4
1770200586.3492 Txd ;26motv 1.96 2.00
1770200586.3494 Rx ;64pose 98.0940 0.418 0.000 -0.0012 -2.6818
1770200586.3547 Rx ;71pose 98.0990 0.419 0.000 -0.0012 -2.6819
1770200586.3548 Rx ;62ird 0.102 0.127 18693 15358 1
1770200586.3559 Rx ;18vel 98.1000 0.251 0.251 -0.0005 0.251 4
1770200586.3560 Rx ;98gyro 8.980408 0.411987 20.187439 98.100
1770200586.3561 Rx ;77acc 0.408691 0.044922 0.864746 98.100
1770200586.3561 Rx ;39livn 26 25 35 64 67 37 30 33 294
1770200586.3564 Txd ;40motv 1.94 1.98
1770200586.3594 Rx ;50pose 98.1040 0.420 0.000 -0.0012 -2.6819
1770200586.3626 Rx ;76liv 23 29 46 56 64 35 31 29 25
1770200586.3638 Rx ;23vel 98.1080 0.251 0.251 -0.0011 0.251 4
1770200586.3648 Txd ;39motv 1.93 1.98
1770200586.3649 Rx ;51pose 98.1090 0.422 0.000 -0.0023 -2.6820
1770200586.3650 Rx ;13mca 0.193 0.152 17
1770200586.3661 Rx ;45livn 26 25 35 64 68 37 30 33 299
1770200586.3683 Rx ;10gyro 7.485046 0.778198 18.417419 98.112
1770200586.3683 Rx ;72acc 0.421875 0.055420 0.868164 98.112
1770200586.3695 Rx ;48pose 98.1140 0.423 0.000 -0.0023 -2.6820
1770200586.3727 Rx ;41vel 98.1160 0.252 0.249 -0.0165 0.252 4
1770200586.3737 Txd ;23motv 1.93 2.00
1770200586.3749 Rx ;52pose 98.1190 0.424 0.000 -0.0012 -2.6820
1770200586.3750 Rx ;43mot 1.9 2 0.1 0.1 0
1770200586.3761 Rx ;40livn 58 41 52 70 75 48 35 29 3
1770200586.3793 Rx ;55ird 0.102 0.113 18775 17056 1
1770200586.3804 Rx ;49pose 98.1240 0.425 0.000 -0.0012 -2.6820
1770200586.3805 Rx ;95vel 98.1240 0.246 0.249 0.0115 0.246 4
1770200586.3806 Rx ;16gyro 7.424011 0.289917 16.799988 98.124
1770200586.3807 Rx ;74acc 0.448730 0.025146 0.846436 98.124
1770200586.3809 Txd ;27motv 1.97 2.00
1770200586.3850 Rx ;59pose 98.1290 0.427 0.000 -0.0023 -2.6821
1770200586.3861 Rx ;45livn 49 41 48 64 67 43 36 33 8
1770200586.3883 Rx ;22vel 98.1320 0.251 0.250 -0.0041 0.251 4
1770200586.3898 Txd ;41motv 1.94 1.99
1770200586.3905 Rx ;54pose 98.1340 0.428 0.000 -0.0012 -2.6821
1770200586.3927 Rx ;87gyro 7.027283 0.350952 13.748230 98.136
1770200586.3928 Rx ;93acc 0.428467 0.038086 0.908936 98.136
1770200586.3949 Rx ;60pose 98.1390 0.429 0.000 -0.0012 -2.6821
1770200586.3961 Rx ;23vel 98.1400 0.252 0.252 -0.0012 0.252 4
1770200586.3962 Rx ;77livn 45 41 51 68 70 44 42 35 13
1770200586.3969 Txd ;39motv 1.93 1.98
1770200586.3983 Rx ;16mca 0.191 0.149 16
1770200586.4005 Rx ;52pose 98.1440 0.430 0.000 -0.0023 -2.6823
1770200586.4037 Rx ;58vel 98.1480 0.249 0.247 -0.0086 0.249 4
1770200586.4038 Rx ;08gyro 6.386414 0.259399 10.818542 98.148
1770200586.4039 Rx ;73acc 0.418945 0.070801 0.852051 98.148
1770200586.4041 Txd ;26motv 1.95 2.01
1770200586.4050 Rx ;66ird 0.101 0.107 18892 17893 1
1770200586.4051 Rx ;57pose 98.1490 0.432 0.000 -0.0012 -2.6823
1770200586.4062 Rx ;97livn 41 40 49 67 69 43 39 36 18
1770200586.4084 Rx ;40mot 2 2 0.1 0.1 0
1770200586.4106 Rx ;54pose 98.1540 0.433 0.000 -0.0012 -2.6823
1770200586.4128 Rx ;03vel 98.1560 0.247 0.248 0.0035 0.247 4
1770200586.4128 Rx ;75liv 29 35 46 54 61 43 35 27 25
1770200586.4141 Txd ;27motv 1.96 2.01
1770200586.4150 Rx ;61pose 98.1590 0.434 0.000 -0.0023 -2.6822
1770200586.4162 Rx ;30gyro 6.264343 0.503540 7.522644 98.160
1770200586.4162 Rx ;78acc 0.422363 0.047852 0.864258 98.160
1770200586.4163 Rx ;05livn 38 39 49 70 69 44 39 38 23
1770200586.4206 Rx ;56pose 98.1640 0.435 0.000 -0.0012 -2.6822
1770200586.4207 Rx ;95vel 98.1640 0.247 0.249 0.0100 0.247 4
1770200586.4213 Txd ;27motv 1.97 2.00
1770200586.4250 Rx ;64pose 98.1690 0.437 0.000 -0.0012 -2.6823
1770200586.4261 Rx ;89livn 38 39 51 70 67 41 38 40 28
1770200586.4283 Rx ;29vel 98.1720 0.252 0.252 -0.0013 0.252 4
1770200586.4284 Rx ;51gyro 4.219666 0.839233 4.226746 98.172
1770200586.4284 Rx ;80acc 0.422119 0.056641 0.878662 98.172
1770200586.4290 Txd ;39motv 1.93 1.98
1770200586.4296 Rx ;58ird 0.101 0.091 18846 20881 1
1770200586.4297 Rx ;62pose 98.1740 0.438 0.000 -0.0012 -2.6824
1770200586.4319 Rx ;18mca 0.196 0.154 17
1770200586.4352 Rx ;71pose 98.1790 0.439 0.000 -0.0023 -2.6825
1770200586.4363 Rx ;86vel 98.1800 0.251 0.252 0.0064 0.251 4
1770200586.4364 Rx ;86livn 36 37 50 72 68 41 39 42 33
1770200586.4373 Txd ;40motv 1.94 1.98
1770200586.4407 Rx ;58pose 98.1840 0.440 0.000 -0.0012 -2.6826
1770200586.4408 Rx ;45gyro 2.998962 0.106812 1.724304 98.184
1770200586.4408 Rx ;05acc 0.387939 0.049805 0.862549 98.184
1770200586.4409 Rx ;43mot 1.9 2 0.1 0.1 0
1770200586.4441 Rx ;48vel 98.1880 0.252 0.249 -0.0127 0.252 4
1770200586.4451 Txd ;23motv 1.93 2.00
1770200586.4453 Rx ;66pose 98.1890 0.442 0.000 -0.0012 -2.6827
1770200586.4465 Rx ;96livn 36 37 49 72 67 40 38 42 38
1770200586.4497 Rx ;66pose 98.1940 0.443 0.000 -0.0023 -2.6828
1770200586.4519 Rx ;09vel 98.1960 0.247 0.249 0.0090 0.247 4
1770200586.4520 Rx ;48gyro 2.358093 -0.198364 -0.991760 98.196
1770200586.4521 Rx ;29acc 0.442139 -0.002197 0.950928 98.196
1770200586.4522 Txd ;64leds 14 0 55 0
1770200586.4533 Txd ;26motv 1.96 2.00
1770200586.4543 Rx ;59ird 0.102 0.085 18785 22064 1
1770200586.4554 Rx ;63pose 98.1990 0.444 0.000 -0.0012 -2.6830
1770200586.4566 Rx ;94livn 37 37 49 72 67 40 39 42 43
1770200586.4598 Rx ;52pose 98.2040 0.445 0.000 -0.0012 -2.6831
1770200586.4599 Rx ;77vel 98.2040 0.251 0.251 0.0005 0.251 4
1770200586.4605 Txd ;40motv 1.94 1.98
1770200586.4621 Rx ;79liv 28 34 49 59 60 36 35 33 25
1770200586.4643 Rx ;81gyro -0.998840 -0.503540 -0.991760 98.208
1770200586.4644 Rx ;87acc 0.430908 0.019287 0.918457 98.208
1770200586.4644 Rx ;20mca 0.195 0.148 17
1770200586.4655 Rx ;62pose 98.2090 0.447 0.000 -0.0023 -2.6832
1770200586.4667 Rx ;01livn 37 37 49 73 67 40 38 43 48
1770200586.4678 Rx ;28vel 98.2120 0.252 0.252 -0.0017 0.252 4
1770200586.4683 Txd ;39motv 1.93 1.98
1770200586.4699 Rx ;60pose 98.2140 0.448 0.000 -0.0023 -2.6833
1770200586.4742 Rx ;43mot 1.9 2 0.1 0.1 0
1770200586.4754 Rx ;65pose 98.2190 0.449 0.000 -0.0012 -2.6834
1770200586.4765 Rx ;35vel 98.2200 0.252 0.247 -0.0246 0.252 4
1770200586.4766 Rx ;67gyro -2.158508 -0.076294 -1.205383 98.220
1770200586.4767 Rx ;69acc 0.403320 0.025879 0.850098 98.220
1770200586.4767 Rx ;96livn 37 37 48 72 67 40 39 44 53
1770200586.4777 Txd ;24motv 1.93 2.01
1770200586.4800 Rx ;50ird 0.102 0.082 18711 22942 1
1770200586.4800 Rx ;56pose 98.2240 0.450 0.000 -0.0023 -2.6835
1770200586.4843 Rx ;39vel 98.2280 0.250 0.247 -0.0138 0.250 4
1770200586.4854 Txd ;26motv 1.94 2.02
1770200586.4855 Rx ;65pose 98.2290 0.452 0.000 -0.0023 -2.6837
1770200586.4867 Rx ;03livn 38 38 48 71 67 40 39 44 58
1770200586.4878 Rx ;25gyro -1.304016 0.167847 -1.785217 98.232
1770200586.4879 Rx ;79acc 0.433838 0.004639 0.903809 98.232
1770200586.4901 Rx ;60pose 98.2340 0.453 0.000 -0.0012 -2.6837
1770200586.4923 Rx ;97vel 98.2360 0.248 0.250 0.0054 0.248 4
1770200586.4926 Txd ;25motv 1.95 2.00
1770200586.4956 Rx ;69pose 98.2390 0.454 0.000 -0.0023 -2.6838
1770200586.4967 Rx ;07livn 38 38 48 71 67 39 39 44 63
1770200586.4978 Rx ;15mca 0.192 0.156 16
1770200586.5000 Rx ;67pose 98.2440 0.455 0.000 -0.0023 -2.6839
1770200586.5001 Rx ;36vel 98.2440 0.252 0.250 -0.0067 0.252 4
1770200586.5002 Rx ;67gyro -2.250061 -0.717163 -3.127991 98.244
1770200586.5002 Rx ;25acc 0.428467 -0.010742 0.906494 98.244
1770200586.5014 Txd ;23motv 1.93 2.00
1770200586.5045 Rx ;43ird 0.103 0.082 18522 23024 1
1770200586.5057 Rx ;66pose 98.2490 0.457 0.000 -0.0023 -2.6840
1770200586.5068 Rx ;03livn 38 38 48 71 67 40 39 43 68
1770200586.5069 Rx ;43mot 1.9 2 0.1 0.1 0
1770200586.5080 Rx ;89vel 98.2520 0.251 0.253 0.0084 0.251 4
1770200586.5086 Txd ;38motv 1.93 1.97
1770200586.5102 Rx ;61pose 98.2540 0.458 0.000 -0.0012 -2.6840
1770200586.5125 Rx ;89gyro -2.433167 -0.839233 -3.951965 98.256
1770200586.5125 Rx ;21acc 0.403809 -0.003174 0.817627 98.256
1770200586.5126 Rx ;61liv 31 33 44 50 57 40 35 26 25
1770200586.5148 Rx ;70pose 98.2590 0.459 0.000 -0.0023 -2.6841
1770200586.5160 Rx ;33vel 98.2600 0.252 0.249 -0.0112 0.252 4
1770200586.5161 Rx ;94livn 38 38 48 70 66 40 39 41 73
1770200586.5175 Txd ;22motv 1.92 2.00
1770200586.5204 Rx ;05pose 98.2640 0.460 -0.000 -0.0023 -2.6842
1770200586.5247 Rx ;01vel 98.2680 0.246 0.250 0.0137 0.246 4
1770200586.5248 Rx ;98gyro 0.282898 0.320435 -4.409729 98.268
1770200586.5248 Rx ;45acc 0.418945 -0.038818 0.927734 98.268
1770200586.5249 Rx ;11pose 98.2690 0.462 -0.000 -0.0012 -2.6843
1770200586.5259 Txd ;44motv 1.97 1.99
1770200586.5260 Rx ;98livn 38 37 48 70 67 40 38 41 78
1770200586.5293 Rx ;45ird 0.104 0.081 18434 23051 1
1770200586.5305 Rx ;11pose 98.2740 0.463 -0.000 -0.0023 -2.6844
1770200586.5317 Rx ;20mca 0.196 0.147 17
1770200586.5328 Rx ;79vel 98.2760 0.250 0.250 0.0001 0.250 4
1770200586.5332 Txd ;41motv 1.94 1.99
1770200586.5350 Rx ;17pose 98.2790 0.464 -0.000 -0.0023 -2.6844
1770200586.5362 Rx ;75gyro -0.419006 -0.259399 -4.257141 98.280
1770200586.5363 Rx ;18acc 0.424072 -0.010986 0.882324 98.280
1770200586.5364 Rx ;95livn 38 37 48 71 67 40 38 41 83
1770200586.5407 Rx ;13pose 98.2840 0.465 -0.000 -0.0012 -2.6845
1770200586.5409 Rx ;32vel 98.2840 0.252 0.251 -0.0022 0.252 4
1770200586.5412 Rx ;43mot 1.9 2 0.1 0.1 0
1770200586.5416 Txd ;40motv 1.93 1.99
1770200586.5455 Rx ;21pose 98.2890 0.467 -0.000 -0.0012 -2.6846
1770200586.5467 Rx ;03livn 39 37 48 71 67 40 38 42 88
1770200586.5478 Rx ;55vel 98.2920 0.249 0.248 -0.0037 0.249 4
1770200586.5479 Rx ;91gyro -0.968323 -0.076294 -3.646790 98.292
1770200586.5480 Rx ;38acc 0.396973 -0.022461 0.864746 98.292
1770200586.5493 Txd ;26motv 1.95 2.01
1770200586.5502 Rx ;21pose 98.2940 0.468 -0.000 -0.0023 -2.6847
1770200586.5545 Rx ;53ird 0.105 0.082 18281 22823 1
1770200586.5557 Rx ;28pose 98.2990 0.469 -0.000 -0.0023 -2.6848
1770200586.5557 Rx ;29vel 98.3000 0.251 0.248 -0.0152 0.251 4
1770200586.5565 Txd ;24motv 1.93 2.01
1770200586.5569 Rx ;08livn 38 37 48 72 67 39 38 43 93
1770200586.5601 Rx ;06pose 98.3040 0.470 -0.000 -0.0012 -2.6849
1770200586.5602 Rx ;70gyro 0.527039 0.442505 -1.754700 98.304
1770200586.5603 Rx ;25acc 0.403809 -0.020264 0.877686 98.304
1770200586.5624 Rx ;71liv 30 34 48 59 61 36 33 34 25
1770200586.5646 Rx ;21mca 0.199 0.155 16
1770200586.5647 Rx ;87vel 98.3080 0.250 0.251 0.0057 0.250 4
1770200586.5647 Rx ;08pose 98.3090 0.472 -0.000 -0.0023 -2.6851
1770200586.5649 Txd ;41motv 1.94 1.99
1770200586.5659 Rx ;15livn 38 38 49 72 67 39 38 43 98
1770200586.5702 Rx ;07pose 98.3140 0.473 -0.000 -0.0023 -2.6853
1770200586.5724 Rx ;30vel 98.3160 0.253 0.253 -0.0011 0.253 4
1770200586.5725 Rx ;30gyro -0.663147 0.076294 -0.350891 98.316
1770200586.5725 Rx ;20acc 0.437500 -0.013916 0.962646 98.316
1770200586.5737 Rx ;43mot 1.9 2 0.1 0.1 0
1770200586.5737 Txd ;37motv 1.92 1.97
1770200586.5748 Rx ;12pose 98.3190 0.474 -0.000 -0.0012 -2.6854
1770200586.5759 Rx ;50livn 38 38 49 71 67 39 39 43 103
1770200586.5802 Rx ;72ird 0.107 0.083 17878 22738 1
1770200586.5803 Rx ;11pose 98.3240 0.475 -0.000 -0.0012 -2.6856
1770200586.5803 Rx ;80vel 98.3240 0.251 0.252 0.0040 0.251 4
1770200586.5809 Txd ;39motv 1.93 1.98
1770200586.5846 Rx ;40gyro -2.066956 -0.625610 0.686707 98.328
1770200586.5847 Rx ;30acc 0.392822 -0.004883 0.813477 98.328
1770200586.5848 Rx ;21pose 98.3290 0.477 -0.000 -0.0023 -2.6857
1770200586.5859 Rx ;54livn 38 37 49 71 66 39 39 44 108
1770200586.5881 Rx ;38vel 98.3320 0.253 0.247 -0.0261 0.253 4
1770200586.5892 Txd ;22motv 1.91 2.01
1770200586.5903 Rx ;19pose 98.3340 0.478 -0.000 -0.0023 -2.6858
1770200586.5956 Rx ;26pose 98.3390 0.479 -0.000 -0.0023 -2.6859
1770200586.5968 Rx ;06vel 98.3400 0.247 0.249 0.0078 0.247 4
1770200586.5968 Rx ;91gyro 0.099792 0.411987 -0.381409 98.340
1770200586.5969 Rx ;46acc 0.427490 -0.015869 0.895996 98.340
1770200586.5970 Rx ;50livn 38 37 49 72 67 39 38 43 113
1770200586.5970 Rx ;13mca 0.193 0.152 17
1770200586.5975 Txd ;25motv 1.95 2.00
1770200586.6002 Rx ;06pose 98.3440 0.480 -0.000 -0.0023 -2.6860
1770200586.6045 Rx ;81vel 98.3480 0.250 0.251 0.0020 0.250 4
1770200586.6046 Rx ;52ird 0.110 0.084 17480 22518 1
1770200586.6053 Txd ;40motv 1.93 1.99
1770200586.6058 Rx ;14pose 98.3490 0.482 -0.000 -0.0023 -2.6861
1770200586.6059 Rx ;54livn 38 37 48 72 67 39 38 43 118
1770200586.6060 Rx ;43mot 1.9 2 0.1 0.1 0
1770200586.6082 Rx ;92gyro -0.449524 -0.259399 -1.174866 98.352
1770200586.6084 Rx ;85acc 0.439941 0.002197 0.912598 98.352
1770200586.6106 Rx ;12pose 98.3540 0.483 -0.000 -0.0023 -2.6862
1770200586.6128 Rx ;93vel 98.3560 0.251 0.254 0.0145 0.251 4
1770200586.6130 Rx ;67liv 30 30 45 56 61 38 34 28 25
1770200586.6136 Txd ;37motv 1.93 1.96
1770200586.6152 Rx ;19pose 98.3590 0.484 -0.000 -0.0023 -2.6863
1770200586.6163 Rx ;50livn 38 37 48 72 67 39 38 43 123
1770200586.6206 Rx ;17pose 98.3640 0.485 -0.000 -0.0023 -2.6864
1770200586.6207 Rx ;95vel 98.3640 0.244 0.249 0.0212 0.244 4
1770200586.6208 Rx ;75gyro -0.419006 -0.167847 -1.724182 98.364
1770200586.6209 Txd ;28motv 1.98 2.00
1770200586.6210 Rx ;02acc 0.403809 -0.009033 0.902100 98.364
1770200586.6253 Rx ;23pose 98.3690 0.487 -0.000 -0.0012 -2.6865
1770200586.6265 Rx ;53livn 38 36 48 72 67 39 38 42 128
1770200586.6287 Rx ;98vel 98.3720 0.245 0.248 0.0152 0.245 4
1770200586.6294 Txd ;29motv 1.98 2.01
1770200586.6299 Rx ;60ird 0.119 0.084 16258 22407 1
1770200586.6299 Rx ;11mca 0.205 0.148 16
1770200586.6300 Rx ;23pose 98.3740 0.488 -0.000 -0.0023 -2.6866
1770200586.6322 Rx ;09gyro 0.435486 0.686646 -2.517639 98.376
1770200586.6322 Rx ;79acc 0.393311 0.003906 0.883545 98.376
1770200586.6355 Rx ;30pose 98.3790 0.489 -0.000 -0.0023 -2.6867
1770200586.6367 Rx ;02vel 98.3800 0.245 0.248 0.0129 0.245 4
1770200586.6368 Rx ;50livn 38 37 48 72 67 39 38 42 133
1770200586.6368 Txd ;29motv 1.98 2.01
1770200586.6389 Rx ;40mot 2 2 0.1 0.1 0
1770200586.6400 Rx ;17pose 98.3840 0.490 -0.000 -0.0012 -2.6868
1770200586.6443 Rx ;01vel 98.3880 0.251 0.253 0.0058 0.251 4
1770200586.6444 Rx ;66gyro -0.785217 -0.320435 -2.120911 98.388
1770200586.6445 Rx ;88acc 0.425537 0.008301 0.907959 98.388
1770200586.6456 Rx ;17pose 98.3890 0.492 -0.000 -0.0012 -2.6870
1770200586.6457 Txd ;39motv 1.94 1.97
1770200586.6467 Rx ;55livn 38 37 48 71 67 39 39 42 138
1770200586.6500 Rx ;14pose 98.3940 0.493 -0.000 -0.0012 -2.6870
1770200586.6522 Rx ;99vel 98.3960 0.250 0.254 0.0176 0.250 4
1770200586.6529 Txd ;39motv 1.95 1.96
1770200586.6535 Txd ;57leds 14 0 30 0
1770200586.6543 Rx ;59ird 0.127 0.083 15361 22585 1
1770200586.6555 Rx ;21pose 98.3990 0.494 -0.000 -0.0012 -2.6871
1770200586.6566 Rx ;81gyro -2.097473 -0.747681 -3.402649 98.400
1770200586.6567 Rx ;61acc 0.413818 0.040527 0.833008 98.400
1770200586.6568 Rx ;50livn 38 37 48 71 67 39 38 42 143
1770200586.6600 Rx ;10pose 98.4040 0.495 -0.000 -0.0012 -2.6872
1770200586.6601 Rx ;30vel 98.4040 0.251 0.250 -0.0038 0.251 4
1770200586.6607 Txd ;41motv 1.94 1.99
1770200586.6622 Rx ;78liv 29 34 43 53 58 38 34 26 25
1770200586.6634 Rx ;04mca 0.203 0.151 17
1770200586.6655 Rx ;20pose 98.4090 0.497 -0.000 -0.0023 -2.6873
1770200586.6666 Rx ;55livn 38 37 48 71 67 39 38 42 148
1770200586.6688 Rx ;94vel 98.4120 0.247 0.251 0.0182 0.247 4
1770200586.6689 Rx ;82gyro -1.700745 -0.045776 -4.348694 98.412
1770200586.6690 Rx ;64acc 0.420410 0.038086 0.932861 98.412
1770200586.6701 Rx ;18pose 98.4140 0.498 -0.000 -0.0023 -2.6874
1770200586.6702 Txd ;43motv 1.97 1.98
1770200586.6723 Rx ;40mot 2 2 0.1 0.1 0
1770200586.6755 Rx ;23pose 98.4190 0.499 -0.000 -0.0012 -2.6875
1770200586.6766 Rx ;45vel 98.4200 0.249 0.249 -0.0033 0.249 4
1770200586.6767 Rx ;51livn 38 37 48 71 67 39 38 42 153
1770200586.6774 Txd ;43motv 1.96 1.99
1770200586.6799 Rx ;59ird 0.134 0.084 14594 22345 1
1770200586.6800 Rx ;03pose 98.4240 0.500 -0.000 -0.0012 -2.6876
1770200586.6801 Rx ;07gyro -4.477844 -1.174927 -5.599915 98.424
1770200586.6802 Rx ;81acc 0.399414 0.020508 0.881836 98.424
1770200586.6845 Rx ;29vel 98.4280 0.251 0.251 -0.0003 0.251 4
1770200586.6852 Txd ;41motv 1.95 1.98
1770200586.6856 Rx ;14pose 98.4290 0.502 -0.000 -0.0023 -2.6878
1770200586.6867 Rx ;56livn 38 37 48 71 67 39 38 42 158
1770200586.6899 Rx ;02pose 98.4340 0.503 -0.000 -0.0012 -2.6880
1770200586.6921 Rx ;43vel 98.4360 0.251 0.249 -0.0083 0.251 4
1770200586.6922 Rx ;01gyro -3.775940 -0.381470 -6.698547 98.436
1770200586.6923 Rx ;83acc 0.437500 0.015625 0.848389 98.436
1770200586.6935 Txd ;41motv 1.94 1.99
1770200586.6955 Rx ;09pose 98.4390 0.504 -0.000 -0.0012 -2.6881
1770200586.6956 Rx ;10mca 0.203 0.149 16
1770200586.6967 Rx ;53livn 38 37 48 72 67 39 38 42 163
1770200586.6999 Rx ;09pose 98.4440 0.505 -0.000 -0.0023 -2.6882
1770200586.7000 Rx ;04vel 98.4440 0.248 0.248 0.0034 0.248 4
1770200586.7007 Txd ;27motv 1.97 2.00
1770200586.7043 Rx ;48gyro -5.454407 0.656128 -7.858215 98.448
1770200586.7044 Rx ;06acc 0.455566 0.009277 0.969971 98.448
1770200586.7044 Rx ;56ird 0.136 0.084 14389 22302 1
1770200586.7056 Rx ;14pose 98.4490 0.507 -0.000 -0.0012 -2.6882
1770200586.7056 Rx ;40mot 2 2 0.1 0.1 0
1770200586.7067 Rx ;56livn 38 37 48 71 66 39 38 42 168
1770200586.7079 Rx ;06vel 98.4520 0.246 0.249 0.0139 0.246 4
1770200586.7085 Txd ;28motv 1.98 2.00
1770200586.7100 Rx ;11pose 98.4540 0.508 -0.000 -0.0012 -2.6882
1770200586.7122 Rx ;66liv 28 32 45 58 60 35 33 30 25
1770200586.7154 Rx ;19pose 98.4590 0.509 -0.000 -0.0023 -2.6882
1770200586.7166 Rx ;26vel 98.4600 0.250 0.250 -0.0016 0.250 4
1770200586.7166 Rx ;82gyro -5.118713 -1.632690 -8.071838 98.460
1770200586.7167 Rx ;28acc 0.393066 -0.018555 0.855713 98.460
1770200586.7168 Rx ;54livn 38 37 48 72 67 39 38 42 173
1770200586.7180 Txd ;43motv 1.96 1.99
1770200586.7200 Rx ;07pose 98.4640 0.510 -0.000 -0.0012 -2.6884
1770200586.7243 Rx ;02vel 98.4680 0.249 0.250 0.0040 0.249 4
1770200586.7252 Txd ;44motv 1.97 1.99
1770200586.7258 Rx ;18pose 98.4690 0.512 -0.000 -0.0012 -2.6888
1770200586.7259 Rx ;56livn 37 37 48 72 67 38 37 42 178
1770200586.7281 Rx ;35gyro -3.501282 0.381470 -7.797180 98.472
1770200586.7282 Rx ;28acc 0.411621 -0.038818 0.858643 98.472
1770200586.7293 Rx ;05mca 0.202 0.153 17
1770200586.7294 Rx ;62ird 0.136 0.086 14454 21845 1
1770200586.7308 Rx ;17pose 98.4740 0.513 -0.000 -0.0023 -2.6888
1770200586.7320 Rx ;47vel 98.4760 0.251 0.247 -0.0175 0.251 4
1770200586.7325 Txd ;26motv 1.95 2.01
1770200586.7352 Qu 1 ;39!servo 1 -800 1000
1770200586.7353 Tx ;39!servo 1 -800 1000
1770200586.7353 Rx ;20pose 98.4790 0.514 -0.000 -0.0012 -2.6887
1770200586.7356 Rx ;29confirm !servo 1 -800 1000
1770200586.7367 Rx ;52livn 37 37 48 72 67 38 37 42 183
1770200586.7369 Rx ;57# setvo t=98781, 0, ref=-800, e=-90000, value=9000, vel=1000, dw=-1000, v=2163
1770200586.7384 Rx ;40mot 2 2 0.1 0.1 0
1770200586.7385 Rx ;62# setvo t=98783, 0, ref=-800, e=-89000, value=8000, vel=1000, dw=-1000, v=2150
1770200586.7407 Rx ;18pose 98.4840 0.515 -0.000 -0.0012 -2.6888
1770200586.7409 Rx ;13vel 98.4840 0.248 0.249 0.0029 0.248 4
1770200586.7410 Rx ;74gyro -2.189026 -0.320435 -6.668030 98.484
1770200586.7411 Rx ;37acc 0.461182 -0.040771 0.948975 98.484
1770200586.7411 Rx ;67# setvo t=98785, 0, ref=-800, e=-88000, value=7000, vel=1000, dw=-1000, v=2137
1770200586.7418 Txd ;25motv 0.42 1.28
1770200586.7423 Rx ;62# setvo t=98787, 0, ref=-800, e=-87000, value=6000, vel=1000, dw=-1000, v=2123
1770200586.7447 Rx ;58# setvo t=98789, 0, ref=-800, e=-86000, value=5000, vel=1000, dw=-1000, v=2110
1770200586.7449 Rx ;20pose 98.4890 0.517 -0.000 -0.0023 -2.6890
1770200586.7461 Rx ;57livn 37 37 48 72 67 38 37 42 188
1770200586.7463 Rx ;63# setvo t=98791, 0, ref=-800, e=-85000, value=4000, vel=1000, dw=-1000, v=2097
1770200586.7486 Rx ;90vel 98.4920 0.250 0.251 0.0038 0.250 4
1770200586.7487 Rx ;58# setvo t=98793, 0, ref=-800, e=-84000, value=3000, vel=1000, dw=-1000, v=2083
1770200586.7494 Txd ;25motv 0.18 1.16
1770200586.7502 Rx ;16pose 98.4940 0.518 -0.000 -0.0012 -2.6891
1770200586.7503 Rx ;54# setvo t=98795, 0, ref=-800, e=-83000, value=2000, vel=1000, dw=-1000, v=2070
1770200586.7525 Rx ;80gyro -3.501282 -0.839233 -5.325256 98.496
1770200586.7528 Rx ;37acc 0.410400 -0.058838 0.859863 98.496
1770200586.7529 Rx ;59# setvo t=98797, 0, ref=-800, e=-82000, value=1000, vel=1000, dw=-1000, v=2057
1770200586.7551 Rx ;10# setvo t=98799, 0, ref=-800, e=-81000, value=0, vel=1000, dw=-1000, v=2044
1770200586.7554 Rx ;62ird 0.130 0.089 14979 21170 1
1770200586.7555 Rx ;23pose 98.4990 0.519 -0.000 -0.0012 -2.6892
1770200586.7566 Rx ;82vel 98.5000 0.220 0.239 0.0823 0.220 4
1770200586.7568 Rx ;54livn 37 37 48 72 67 38 38 42 193
1770200586.7569 Rx ;80# setvo t=98801, 0, ref=-800, e=-80000, value=-1000, vel=1000, dw=-1000, v=2031
1770200586.7578 Txd ;24motv 0.18 1.15
1770200586.7591 Rx ;96# setvo t=98803, 0, ref=-800, e=-79000, value=-2000, vel=1000, dw=-1000, v=2018
1770200586.7603 Rx ;99pose 98.5040 0.520 -0.000 -0.0000 -2.6893
1770200586.7604 Rx ;94# setvo t=98805, 0, ref=-800, e=-78000, value=-3000, vel=1000, dw=-1000, v=2005
1770200586.7616 Rx ;13mca 0.150 0.097 16
1770200586.7628 Rx ;76liv 25 33 48 60 65 36 35 29 25
1770200586.7630 Rx ;10# setvo t=98807, 0, ref=-800, e=-77000, value=-4000, vel=1000, dw=-1000, v=1991
1770200586.7643 Rx ;88vel 98.5080 0.163 0.212 0.2150 0.163 4
1770200586.7644 Rx ;89gyro 2.297058 1.205444 -3.158508 98.508
1770200586.7645 Rx ;25acc 0.468018 -0.100830 0.988037 98.508
1770200586.7645 Rx ;17# setvo t=98809, 0, ref=-800, e=-76000, value=-5000, vel=1000, dw=-1000, v=1978
1770200586.7647 Rx ;12hbt 98.5090 107 1033 15.61 4 8 9.6 0.77 0
1770200586.7650 Rx ;65pose 98.5090 0.521 -0.000 0.0023 -2.6893
1770200586.7657 Txd ;22motv 0.41 1.26
1770200586.7662 Rx ;06# setvo t=98811, 0, ref=-800, e=-75000, value=-6000, vel=1000, dw=-1000, v=1965
1770200586.7663 Rx ;60livn 37 37 48 72 67 38 38 42 199
1770200586.7685 Rx ;03# setvo t=98813, 0, ref=-800, e=-74000, value=-7000, vel=1000, dw=-1000, v=1951
1770200586.7707 Rx ;68pose 98.5140 0.521 -0.000 0.0046 -2.6895
1770200586.7708 Rx ;10# setvo t=98815, 0, ref=-800, e=-73000, value=-8000, vel=1000, dw=-1000, v=1938
1770200586.7710 Rx ;83mot 0.41 1.3 0.1 0.1 0
1770200586.7721 Rx ;11vel 98.5160 0.099 0.191 0.4005 0.099 4
1770200586.7722 Rx ;08# setvo t=98817, 0, ref=-800, e=-72000, value=-9000, vel=1000, dw=-1000, v=1925
1770200586.7729 Txd ;30motv 0.76 1.35
1770200586.7744 Rx ;44# setvo t=98819, 0, ref=-800, e=-71000, value=-10000, vel=1000, dw=-1000, v=1911
1770200586.7756 Rx ;77pose 98.5190 0.522 -0.000 0.0058 -2.6895
1770200586.7767 Rx ;35gyro -2.524719 0.381470 -1.296936 98.520
1770200586.7768 Rx ;85acc 0.484131 0.039795 0.927734 98.520
1770200586.7769 Rx ;51# setvo t=98821, 0, ref=-800, e=-70000, value=-11000, vel=1000, dw=-1000, v=1898
1770200586.7770 Rx ;48livn 37 37 48 72 67 39 38 42 204
1770200586.7781 Rx ;58# setvo t=98823, 0, ref=-800, e=-69000, value=-12000, vel=1000, dw=-1000, v=1885
1770200586.7793 Rx ;76ird 0.122 0.097 15877 19629 1
1770200586.7804 Rx ;72pose 98.5240 0.523 -0.000 0.0058 -2.6893
1770200586.7805 Rx ;07vel 98.5240 0.146 0.179 0.1463 0.146 4
1770200586.7808 Rx ;55# setvo t=98825, 0, ref=-800, e=-68000, value=-13000, vel=1000, dw=-1000, v=1871
1770200586.7818 Txd ;21motv 0.35 1.40
1770200586.7830 Rx ;62# setvo t=98827, 0, ref=-800, e=-67000, value=-14000, vel=1000, dw=-1000, v=1858
1770200586.7842 Rx ;60# setvo t=98829, 0, ref=-800, e=-66000, value=-15000, vel=1000, dw=-1000, v=1845
1770200586.7854 Rx ;79pose 98.5290 0.524 -0.000 0.0081 -2.6898
1770200586.7865 Rx ;49# setvo t=98831, 0, ref=-800, e=-65000, value=-16000, vel=1000, dw=-1000, v=1832
1770200586.7867 Rx ;52livn 37 36 47 72 68 39 38 42 209
1770200586.7888 Rx ;86vel 98.5320 0.121 0.171 0.2168 0.121 4
1770200586.7889 Rx ;25gyro -1.120911 -0.411987 2.487244 98.532
1770200586.7890 Rx ;26acc 0.402832 -0.037598 0.807129 98.532
1770200586.7891 Rx ;55# setvo t=98833, 0, ref=-800, e=-64000, value=-17000, vel=1000, dw=-1000, v=1818
1770200586.7902 Txd ;22motv 0.42 1.43
1770200586.7902 Rx ;79pose 98.5340 0.524 -0.000 0.0093 -2.6899
1770200586.7903 Rx ;53# setvo t=98835, 0, ref=-800, e=-63000, value=-18000, vel=1000, dw=-1000, v=1805
1770200586.7926 Rx ;60# setvo t=98837, 0, ref=-800, e=-62000, value=-19000, vel=1000, dw=-1000, v=1792
1770200586.7948 Rx ;57# setvo t=98839, 0, ref=-800, e=-61000, value=-20000, vel=1000, dw=-1000, v=1778
1770200586.7950 Rx ;11mca 0.132 0.076 17
1770200586.7950 Rx ;65pose 98.5390 0.525 -0.000 0.0104 -2.6904
1770200586.7962 Rx ;82vel 98.5400 0.115 0.164 0.2121 0.115 4
1770200586.7963 Rx ;46# setvo t=98841, 0, ref=-800, e=-60000, value=-21000, vel=1000, dw=-1000, v=1765
1770200586.7969 Txd ;31motv 0.38 1.47
1770200586.7974 Rx ;48livn 37 36 47 72 68 39 38 42 214
1770200586.7986 Rx ;53# setvo t=98843, 0, ref=-800, e=-59000, value=-22000, vel=1000, dw=-1000, v=1752
1770200586.8008 Rx ;62pose 98.5440 0.526 -0.000 0.0116 -2.6901
1770200586.8009 Rx ;59gyro 1.351013 -0.503540 1.510681 98.544
1770200586.8010 Rx ;23acc 0.449463 -0.042236 0.700684 98.544
1770200586.8010 Rx ;59# setvo t=98845, 0, ref=-800, e=-58000, value=-23000, vel=1000, dw=-1000, v=1738
1770200586.8022 Rx ;57# setvo t=98847, 0, ref=-800, e=-57000, value=-24000, vel=1000, dw=-1000, v=1725
1770200586.8044 Rx ;93vel 98.5480 0.104 0.162 0.2562 0.104 4
1770200586.8045 Rx ;91mot 0.38 1.5 0.1 0.1 0
1770200586.8046 Rx ;55# setvo t=98849, 0, ref=-800, e=-56000, value=-25000, vel=1000, dw=-1000, v=1712
1770200586.8047 Rx ;54ird 0.118 0.102 16436 18660 1
1770200586.8058 Txd ;32motv 0.39 1.47
1770200586.8058 Rx ;69pose 98.5490 0.526 -0.000 0.0127 -2.6901
1770200586.8070 Rx ;61# setvo t=98851, 0, ref=-800, e=-55000, value=-26000, vel=1000, dw=-1000, v=1698
1770200586.8071 Rx ;52livn 37 36 47 71 68 39 38 42 219
1770200586.8082 Rx ;59# setvo t=98853, 0, ref=-800, e=-54000, value=-27000, vel=1000, dw=-1000, v=1685
1770200586.8104 Rx ;63pose 98.5540 0.527 -0.000 0.0150 -2.6902
1770200586.8105 Rx ;57# setvo t=98855, 0, ref=-800, e=-53000, value=-28000, vel=1000, dw=-1000, v=1672
1770200586.8127 Rx ;67liv 25 29 40 49 61 40 32 28 25
1770200586.8128 Rx ;03vel 98.5560 0.092 0.162 0.3064 0.092 4
1770200586.8128 Rx ;52gyro 2.785339 1.205444 1.327576 98.556
1770200586.8129 Rx ;91acc 0.434082 0.027344 0.879639 98.556
1770200586.8130 Txd ;25motv 0.41 1.47
1770200586.8130 Rx ;63# setvo t=98857, 0, ref=-800, e=-52000, value=-29000, vel=1000, dw=-1000, v=1658
1770200586.8142 Rx ;52# setvo t=98859, 0, ref=-800, e=-51000, value=-30000, vel=1000, dw=-1000, v=1645
1770200586.8153 Rx ;70pose 98.5590 0.527 -0.000 0.0162 -2.6901
1770200586.8165 Rx ;41# setvo t=98861, 0, ref=-800, e=-50000, value=-31000, vel=1000, dw=-1000, v=1632
1770200586.8176 Rx ;47livn 36 36 47 71 68 39 38 42 224
1770200586.8188 Rx ;57# setvo t=98863, 0, ref=-800, e=-49000, value=-32000, vel=1000, dw=-1000, v=1619
1770200586.8199 Rx ;73pose 98.5640 0.528 -0.000 0.0185 -2.6902
1770200586.8200 Rx ;06vel 98.5640 0.086 0.160 0.3208 0.086 4
1770200586.8208 Txd ;25motv 0.41 1.47
1770200586.8211 Rx ;54# setvo t=98865, 0, ref=-800, e=-48000, value=-33000, vel=1000, dw=-1000, v=1605
1770200586.8223 Rx ;61# setvo t=98867, 0, ref=-800, e=-47000, value=-34000, vel=1000, dw=-1000, v=1592
1770200586.8245 Rx ;97gyro 0.893250 -0.778198 1.602234 98.568
1770200586.8246 Rx ;79acc 0.420166 0.017822 0.805664 98.568
1770200586.8247 Rx ;68# setvo t=98869, 0, ref=-800, e=-46000, value=-35000, vel=1000, dw=-1000, v=1579
1770200586.8259 Rx ;82pose 98.5690 0.529 -0.000 0.0197 -2.6902
1770200586.8270 Rx ;56# setvo t=98871, 0, ref=-800, e=-45000, value=-36000, vel=1000, dw=-1000, v=1565
1770200586.8272 Rx ;52livn 36 36 47 71 68 39 38 42 229
1770200586.8283 Rx ;01mca 0.103 0.141 16
1770200586.8284 Rx ;01vel 98.5720 0.091 0.163 0.3137 0.091 4
1770200586.8285 Rx ;54# setvo t=98873, 0, ref=-800, e=-44000, value=-37000, vel=1000, dw=-1000, v=1552
1770200586.8292 Txd ;23motv 0.32 1.45
1770200586.8298 Rx ;61ird 0.116 0.104 16698 18360 1
1770200586.8299 Rx ;72pose 98.5740 0.529 -0.000 0.0208 -2.6903
1770200586.8310 Rx ;61# setvo t=98875, 0, ref=-800, e=-43000, value=-38000, vel=1000, dw=-1000, v=1539
1770200586.8322 Rx ;58# setvo t=98877, 0, ref=-800, e=-42000, value=-39000, vel=1000, dw=-1000, v=1525
1770200586.8344 Rx ;47# setvo t=98879, 0, ref=-800, e=-41000, value=-40000, vel=1000, dw=-1000, v=1512
1770200586.8356 Rx ;24pose 98.5790 0.530 0.000 0.0243 -2.6904
1770200586.8368 Rx ;12vel 98.5800 0.087 0.166 0.3442 0.087 4
1770200586.8369 Rx ;36gyro -0.144348 -0.381470 0.991882 98.580
1770200586.8369 Rx ;74acc 0.421387 0.031494 0.904541 98.580
1770200586.8370 Rx ;54# setvo t=98881, 0, ref=-800, e=-40000, value=-41000, vel=1000, dw=-1000, v=1499
1770200586.8371 Rx ;47livn 36 36 47 71 68 38 38 42 234
1770200586.8372 Rx ;85mot 0.32 1.5 0.1 0.1 0
1770200586.8377 Txd ;17motv 0.30 1.41
1770200586.8383 Rx ;60# setvo t=98883, 0, ref=-800, e=-39000, value=-42000, vel=1000, dw=-1000, v=1485
1770200586.8405 Rx ;21pose 98.5840 0.530 0.000 0.0254 -2.6903
1770200586.8406 Rx ;58# setvo t=98885, 0, ref=-800, e=-38000, value=-43000, vel=1000, dw=-1000, v=1472
1770200586.8428 Rx ;65# setvo t=98887, 0, ref=-800, e=-37000, value=-44000, vel=1000, dw=-1000, v=1459
1770200586.8440 Rx ;15vel 98.5880 0.080 0.163 0.3598 0.080 4
1770200586.8450 Txd ;19motv 0.31 1.42
1770200586.8451 Rx ;63# setvo t=98889, 0, ref=-800, e=-36000, value=-45000, vel=1000, dw=-1000, v=1446
1770200586.8452 Rx ;34pose 98.5890 0.531 0.000 0.0278 -2.6904
1770200586.8464 Rx ;51# setvo t=98891, 0, ref=-800, e=-35000, value=-46000, vel=1000, dw=-1000, v=1432
1770200586.8475 Rx ;52livn 36 36 47 71 68 38 38 42 239
1770200586.8486 Rx ;98gyro -0.876770 0.350952 1.541199 98.592
1770200586.8487 Rx ;67acc 0.460205 0.010254 0.894531 98.592
1770200586.8488 Rx ;58# setvo t=98893, 0, ref=-800, e=-34000, value=-47000, vel=1000, dw=-1000, v=1419
1770200586.8499 Rx ;33pose 98.5940 0.532 0.000 0.0289 -2.6904
1770200586.8511 Rx ;56# setvo t=98895, 0, ref=-800, e=-33000, value=-48000, vel=1000, dw=-1000, v=1406
1770200586.8522 Rx ;22vel 98.5960 0.076 0.161 0.3679 0.076 4
1770200586.8523 Rx ;62# setvo t=98897, 0, ref=-800, e=-32000, value=-49000, vel=1000, dw=-1000, v=1392
1770200586.8533 Txd ;19motv 0.30 1.43
1770200586.8544 Txd ;11leds 14 0 5 0
1770200586.8545 Rx ;60# setvo t=98899, 0, ref=-800, e=-31000, value=-50000, vel=1000, dw=-1000, v=1379
1770200586.8546 Rx ;66ird 0.114 0.104 16894 18378 1
1770200586.8558 Rx ;28pose 98.5990 0.532 0.000 0.0324 -2.6904
1770200586.8569 Rx ;40# setvo t=98901, 0, ref=-800, e=-30000, value=-51000, vel=1000, dw=-1000, v=1366
1770200586.8570 Rx ;48livn 36 36 47 71 68 38 38 42 244
1770200586.8591 Rx ;46# setvo t=98903, 0, ref=-800, e=-29000, value=-52000, vel=1000, dw=-1000, v=1352
1770200586.8603 Rx ;22pose 98.6040 0.533 0.000 0.0347 -2.6905
1770200586.8603 Rx ;12vel 98.6040 0.067 0.164 0.4198 0.067 4
1770200586.8604 Rx ;47gyro -0.266418 -0.778198 0.747742 98.604
1770200586.8605 Rx ;80acc 0.412598 0.010498 0.909180 98.604
1770200586.8605 Rx ;53# setvo t=98905, 0, ref=-800, e=-28000, value=-53000, vel=1000, dw=-1000, v=1339
1770200586.8606 Rx ;08mca 0.145 0.132 17
1770200586.8612 Txd ;19motv 0.33 1.40
1770200586.8628 Rx ;76liv 25 29 44 54 63 36 34 28 25
1770200586.8629 Rx ;51# setvo t=98907, 0, ref=-800, e=-27000, value=-54000, vel=1000, dw=-1000, v=1326
1770200586.8651 Rx ;48# setvo t=98909, 0, ref=-800, e=-26000, value=-55000, vel=1000, dw=-1000, v=1312
1770200586.8652 Rx ;23pose 98.6090 0.533 0.000 0.0370 -2.6905
1770200586.8663 Rx ;55# setvo t=98911, 0, ref=-800, e=-25000, value=-56000, vel=1000, dw=-1000, v=1299
1770200586.8674 Rx ;54livn 36 36 47 71 68 39 38 42 249
1770200586.8685 Rx ;10vel 98.6120 0.055 0.158 0.4479 0.055 4
1770200586.8686 Rx ;53# setvo t=98913, 0, ref=-800, e=-24000, value=-57000, vel=1000, dw=-1000, v=1286
1770200586.8695 Txd ;21motv 0.40 1.44
1770200586.8708 Rx ;24pose 98.6140 0.534 0.000 0.0382 -2.6906
1770200586.8709 Rx ;35mot 0.4 1.4 0.1 0.1 0
1770200586.8709 Rx ;50# setvo t=98915, 0, ref=-800, e=-23000, value=-58000, vel=1000, dw=-1000, v=1272
1770200586.8721 Rx ;93gyro -0.235901 0.808716 0.808777 98.616
1770200586.8722 Rx ;39acc 0.433838 -0.012939 0.910889 98.616
1770200586.8722 Rx ;57# setvo t=98917, 0, ref=-800, e=-22000, value=-59000, vel=1000, dw=-1000, v=1259
1770200586.8745 Rx ;46# setvo t=98919, 0, ref=-800, e=-21000, value=-60000, vel=1000, dw=-1000, v=1246
1770200586.8756 Rx ;26pose 98.6190 0.535 0.000 0.0405 -2.6906
1770200586.8767 Rx ;98vel 98.6200 0.058 0.152 0.4082 0.058 4
1770200586.8768 Rx ;35# setvo t=98921, 0, ref=-800, e=-20000, value=-61000, vel=1000, dw=-1000, v=1233
1770200586.8769 Rx ;50livn 36 36 47 71 68 39 38 42 254
1770200586.8779 Txd ;30motv 0.36 1.48
1770200586.8791 Rx ;50# setvo t=98923, 0, ref=-800, e=-19000, value=-62000, vel=1000, dw=-1000, v=1219
1770200586.8803 Rx ;41ird 0.113 0.103 17007 18503 1
1770200586.8803 Rx ;24pose 98.6240 0.535 0.000 0.0416 -2.6906
1770200586.8804 Rx ;48# setvo t=98925, 0, ref=-800, e=-18000, value=-63000, vel=1000, dw=-1000, v=1206
1770200586.8826 Rx ;55# setvo t=98927, 0, ref=-800, e=-17000, value=-64000, vel=1000, dw=-1000, v=1193
1770200586.8848 Rx ;28vel 98.6280 0.069 0.158 0.3859 0.069 4
1770200586.8849 Rx ;70gyro -0.602112 -0.381470 -0.167786 98.628
1770200586.8850 Rx ;87acc 0.404785 0.003906 0.891357 98.628
1770200586.8850 Rx ;61# setvo t=98929, 0, ref=-800, e=-16000, value=-65000, vel=1000, dw=-1000, v=1179
1770200586.8851 Rx ;36pose 98.6290 0.535 0.000 0.0439 -2.6908
1770200586.8857 Txd ;26motv 0.27 1.44
1770200586.8863 Rx ;50# setvo t=98931, 0, ref=-800, e=-15000, value=-66000, vel=1000, dw=-1000, v=1166
1770200586.8874 Rx ;53livn 36 35 47 71 68 38 38 42 259
1770200586.8885 Rx ;48# setvo t=98933, 0, ref=-800, e=-14000, value=-67000, vel=1000, dw=-1000, v=1153
1770200586.8908 Rx ;29pose 98.6340 0.536 0.000 0.0463 -2.6907
1770200586.8908 Rx ;54# setvo t=98935, 0, ref=-800, e=-13000, value=-68000, vel=1000, dw=-1000, v=1139
1770200586.8920 Rx ;07vel 98.6360 0.075 0.158 0.3602 0.075 4
1770200586.8929 Txd ;26motv 0.19 1.43
1770200586.8931 Rx ;52# setvo t=98937, 0, ref=-800, e=-12000, value=-69000, vel=1000, dw=-1000, v=1126
1770200586.8943 Rx ;13mca 0.175 0.144 16
1770200586.8943 Rx ;41# setvo t=98939, 0, ref=-800, e=-11000, value=-70000, vel=1000, dw=-1000, v=1113
1770200586.8955 Rx ;31pose 98.6390 0.537 0.000 0.0474 -2.6910
1770200586.8966 Rx ;68gyro 1.381531 1.480103 -0.350891 98.640
1770200586.8967 Rx ;18acc 0.430664 -0.020264 0.950928 98.640
1770200586.8968 Rx ;47# setvo t=98941, 0, ref=-800, e=-10000, value=-71000, vel=1000, dw=-1000, v=1099
1770200586.8969 Rx ;49livn 36 35 47 71 68 38 38 42 264
1770200586.8990 Rx ;06# setvo t=98943, 0, ref=-800, e=-9000, value=-72000, vel=1000, dw=-1000, v=1086
1770200586.9002 Rx ;40pose 98.6440 0.537 0.000 0.0497 -2.6909
1770200586.9003 Rx ;08vel 98.6440 0.074 0.159 0.3713 0.074 4
1770200586.9003 Rx ;04# setvo t=98945, 0, ref=-800, e=-8000, value=-73000, vel=1000, dw=-1000, v=1073
1770200586.9013 Txd ;23motv 0.17 1.42
1770200586.9025 Rx ;02# setvo t=98947, 0, ref=-800, e=-7000, value=-74000, vel=1000, dw=-1000, v=1060
1770200586.9037 Rx ;87mot 0.17 1.4 0.1 0.1 0
1770200586.9048 Rx ;08# setvo t=98949, 0, ref=-800, e=-6000, value=-75000, vel=1000, dw=-1000, v=1046
1770200586.9049 Rx ;46ird 0.111 0.103 17339 18502 1
1770200586.9050 Rx ;33pose 98.6490 0.538 0.000 0.0520 -2.6909
1770200586.9071 Rx ;96# setvo t=98951, 0, ref=-800, e=-5000, value=-76000, vel=1000, dw=-1000, v=1033
1770200586.9072 Rx ;54livn 36 35 47 71 68 38 38 42 269
1770200586.9084 Rx ;92vel 98.6520 0.070 0.163 0.4018 0.070 4
1770200586.9084 Rx ;47gyro 0.099792 -0.411987 -0.472961 98.652
1770200586.9085 Rx ;94# setvo t=98953, 0, ref=-800, e=-4000, value=-77000, vel=1000, dw=-1000, v=1020
1770200586.9086 Rx ;25acc 0.461426 -0.018066 0.863525 98.653
1770200586.9091 Txd ;29motv 0.17 1.39
1770200586.9108 Rx ;35pose 98.6540 0.538 0.000 0.0544 -2.6909
1770200586.9109 Rx ;01# setvo t=98955, 0, ref=-800, e=-3000, value=-78000, vel=1000, dw=-1000, v=1006
1770200586.9121 Rx ;77liv 24 28 43 57 63 37 33 29 25
1770200586.9121 Rx ;68# setvo t=98957, 0, ref=-800, e=-2000, value=-79000, vel=1000, dw=-1000, v=993
1770200586.9143 Rx ;57# setvo t=98959, 0, ref=-800, e=-1000, value=-80000, vel=1000, dw=-1000, v=980
1770200586.9155 Rx ;34pose 98.6590 0.539 0.000 0.0590 -2.6910
1770200586.9166 Rx ;88vel 98.6600 0.060 0.162 0.4405 0.060 4
1770200586.9167 Rx ;50livn 36 35 47 71 68 38 38 42 274
1770200586.9175 Txd ;24motv 0.21 1.39
1770200586.9199 Rx ;26pose 98.6640 0.539 0.000 0.0613 -2.6910
1770200586.9200 Rx ;94gyro 1.198425 0.289917 -0.320374 98.664
1770200586.9211 Rx ;73acc 0.448730 0.009033 0.933350 98.665
1770200586.9243 Rx ;08vel 98.6680 0.050 0.158 0.4665 0.050 4
1770200586.9248 Txd ;23motv 0.27 1.41
1770200586.9255 Rx ;39pose 98.6690 0.539 0.000 0.0648 -2.6910
1770200586.9277 Rx ;02mca 0.122 0.131 17
1770200586.9277 Rx ;54livn 36 35 47 71 68 38 37 42 279
1770200586.9299 Rx ;48ird 0.111 0.104 17324 18356 1
1770200586.9300 Rx ;25pose 98.6740 0.540 0.000 0.0682 -2.6910
1770200586.9322 Rx ;07vel 98.6760 0.040 0.154 0.4959 0.040 4
1770200586.9323 Rx ;89gyro 0.343933 -0.045776 0.137390 98.676
1770200586.9324 Rx ;85acc 0.396240 0.040283 0.837158 98.677
1770200586.9331 Txd ;24motv 0.34 1.44
1770200586.9356 Rx ;30pose 98.6790 0.540 0.000 0.0717 -2.6911
1770200586.9368 Rx ;86mot 0.34 1.4 0.1 0.1 0
1770200586.9368 Rx ;50livn 36 35 47 71 68 38 37 42 284
1770200586.9401 Rx ;23pose 98.6840 0.540 0.000 0.0740 -2.6912
1770200586.9402 Rx ;05vel 98.6840 0.035 0.153 0.5149 0.035 4
1770200586.9409 Txd ;29motv 0.39 1.44
1770200586.9445 Rx ;05gyro 0.557556 0.656128 -0.503479 98.688
1770200586.9446 Rx ;81acc 0.396240 0.014160 0.861816 98.689
1770200586.9457 Rx ;41pose 98.6890 0.541 0.001 0.0786 -2.6913
1770200586.9468 Rx ;55livn 36 35 47 71 68 38 37 42 289
1770200586.9480 Rx ;98vel 98.6920 0.025 0.156 0.5701 0.025 4
1770200586.9493 Txd ;26motv 0.47 1.42
1770200586.9501 Rx ;25pose 98.6940 0.541 0.001 0.0810 -2.6913
1770200586.9544 Rx ;54ird 0.112 0.104 17242 18398 1
1770200586.9556 Rx ;42pose 98.6990 0.542 0.001 0.0856 -2.6914
1770200586.9567 Rx ;84vel 98.7000 0.022 0.160 0.5960 0.022 4
1770200586.9568 Rx ;08gyro -0.480042 -0.564575 0.015320 98.701
1770200586.9568 Rx ;66acc 0.398682 0.011230 0.904541 98.701
1770200586.9569 Rx ;51livn 36 35 47 71 68 38 37 42 294
1770200586.9576 Txd ;28motv 0.52 1.39
1770200586.9602 Rx ;07mca 0.121 0.147 16
1770200586.9602 Rx ;35pose 98.7040 0.542 0.001 0.0879 -2.6915
1770200586.9624 Rx ;75liv 28 37 44 53 64 37 33 25 25
1770200586.9646 Rx ;96vel 98.7080 0.018 0.160 0.6170 0.018 4
1770200586.9653 Txd ;33motv 0.57 1.39
1770200586.9657 Rx ;33pose 98.7090 0.543 0.001 0.0925 -2.6915
1770200586.9668 Rx ;57livn 36 36 47 71 68 38 37 42 299
1770200586.9690 Rx ;63gyro -0.632629 -0.320435 -0.228821 98.713
1770200586.9691 Rx ;26acc 0.449463 -0.001221 0.898682 98.713
1770200586.9692 Rx ;91mot 0.57 1.4 0.1 0.1 0
1770200586.9703 Rx ;34pose 98.7140 0.543 0.001 0.0948 -2.6915
1770200586.9724 Rx ;04vel 98.7160 0.017 0.158 0.6146 0.017 4
1770200586.9737 Txd ;20motv 0.61 1.40
1770200586.9757 Rx ;43pose 98.7190 0.543 0.001 0.0995 -2.6917
1770200586.9768 Rx ;36livn 30 38 46 64 63 40 47 49 3
1770200586.9800 Rx ;45ird 0.112 0.105 17113 18265 1
1770200586.9801 Rx ;28pose 98.7240 0.544 0.001 0.1018 -2.6918
1770200586.9802 Rx ;84vel 98.7240 0.014 0.153 0.6040 0.014 4
1770200586.9802 Rx ;25gyro -0.846252 -0.473022 0.045837 98.725
1770200586.9803 Rx ;48acc 0.396973 -0.011475 0.869873 98.725
1770200586.9810 Txd ;29motv 0.67 1.43
1770200586.9857 Rx ;31pose 98.7290 0.544 0.001 0.1052 -2.6918
1770200586.9868 Rx ;40livn 24 33 48 62 66 33 39 53 8
1770200586.9879 Rx ;86vel 98.7320 0.013 0.152 0.6046 0.013 4
1770200586.9888 Txd ;25motv 0.71 1.44
1770200586.9901 Rx ;34pose 98.7340 0.545 0.001 0.1076 -2.6918
1770200586.9923 Rx ;66gyro -0.602112 -0.045776 -0.015198 98.737
1770200586.9924 Rx ;36acc 0.425781 -0.006348 0.868164 98.737
1770200586.9935 Rx ;17mca 0.167 0.137 17
1770200586.9957 Rx ;28pose 98.7390 0.545 0.001 0.1110 -2.6918
1770200586.9968 Rx ;82vel 98.7400 0.012 0.153 0.6125 0.012 4
1770200586.9969 Rx ;93livn 25 33 47 64 67 36 38 48 13
1770200586.9982 Txd ;29motv 0.75 1.44
1770200587.0001 Rx ;20pose 98.7440 0.545 0.001 0.1122 -2.6920
1770200587.0023 Rx ;91mot 0.75 1.4 0.1 0.1 0
1770200587.0044 Rx ;96vel 98.7480 0.011 0.156 0.6319 0.011 4
1770200587.0045 Rx ;35gyro 0.221863 -0.167847 -0.076233 98.749
1770200587.0046 Rx ;33acc 0.425781 -0.015625 0.892334 98.749
1770200587.0047 Rx ;49ird 0.113 0.104 17074 18308 1
1770200587.0055 Txd ;23motv 0.80 1.42
1770200587.0058 Rx ;33pose 98.7490 0.546 0.001 0.1156 -2.6920
1770200587.0069 Rx ;04livn 29 34 48 66 67 35 38 46 18
1770200587.0101 Rx ;32pose 98.7540 0.546 0.001 0.1168 -2.6920
1770200587.0123 Rx ;57liv 25 30 44 52 60 36 33 32 25
1770200587.0124 Rx ;97vel 98.7560 0.020 0.159 0.6057 0.020 4
1770200587.0128 Txd ;35motv 0.77 1.39
1770200587.0156 Rx ;29pose 98.7590 0.547 0.001 0.1203 -2.6921
1770200587.0168 Rx ;36gyro -0.388489 -0.106812 0.106873 98.761
1770200587.0168 Rx ;61acc 0.400391 0.013672 0.801514 98.761
1770200587.0169 Rx ;97livn 31 34 48 68 69 36 38 46 23
1770200587.0201 Rx ;27pose 98.7640 0.547 0.001 0.1214 -2.6921
1770200587.0202 Rx ;99vel 98.7650 0.032 0.160 0.5565 0.032 5
1770200587.0212 Txd ;27motv 0.70 1.38
1770200587.0256 Rx ;42pose 98.7690 0.548 0.001 0.1249 -2.6922
1770200587.0256 Rx ;11mca 0.144 0.137 16
1770200587.0267 Rx ;90livn 33 32 46 70 69 35 36 46 28
1770200587.0289 Rx ;17vel 98.7730 0.048 0.157 0.4718 0.048 4
1770200587.0290 Rx ;95gyro 0.496521 0.137329 -0.778137 98.773
1770200587.0290 Rx ;15acc 0.416260 -0.016602 0.876221 98.773
1770200587.0301 Txd ;19motv 0.60 1.40
1770200587.0302 Rx ;46ird 0.113 0.104 17065 18350 1
1770200587.0302 Rx ;33pose 98.7750 0.549 0.001 0.1261 -2.6921
1770200587.0356 Rx ;37mot 0.6 1.4 0.1 0.1 0
1770200587.0356 Rx ;36pose 98.7800 0.549 0.001 0.1295 -2.6921
1770200587.0368 Rx ;98vel 98.7810 0.051 0.156 0.4534 0.051 4
1770200587.0368 Rx ;79livn 33 32 46 70 71 36 36 45 33
1770200587.0373 Txd ;25motv 0.57 1.40
1770200587.0411 Rx ;31pose 98.7850 0.550 0.001 0.1318 -2.6923
1770200587.0412 Rx ;06gyro 1.625671 1.052856 -0.686584 98.785
1770200587.0413 Rx ;31acc 0.458496 -0.003418 1.017822 98.785
1770200587.0445 Rx ;03vel 98.7890 0.050 0.157 0.4612 0.050 4
1770200587.0456 Rx ;25pose 98.7900 0.550 0.002 0.1342 -2.6923
1770200587.0457 Txd ;33motv 0.57 1.39
1770200587.0468 Rx ;86livn 34 33 45 70 71 37 37 44 38
1770200587.0511 Rx ;33pose 98.7950 0.551 0.002 0.1353 -2.6923
1770200587.0522 Rx ;08vel 98.7970 0.057 0.152 0.4105 0.057 4
1770200587.0523 Rx ;42gyro -0.785217 -0.534058 0.106873 98.797
1770200587.0523 Rx ;89acc 0.425537 0.004639 0.870605 98.797
1770200587.0530 Txd ;22motv 0.51 1.43
1770200587.0545 Rx ;44ird 0.113 0.104 17046 18421 1
1770200587.0552 Txd ;57leds 14 0 30 0
1770200587.0556 Rx ;25pose 98.8000 0.551 0.002 0.1376 -2.6923
1770200587.0567 Rx ;80livn 33 33 44 71 71 36 37 44 43
1770200587.0589 Rx ;13mca 0.118 0.137 17
1770200587.0611 Rx ;06vel 98.8050 0.056 0.152 0.4169 0.056 4
1770200587.0611 Rx ;22pose 98.8050 0.552 0.002 0.1411 -2.6924
1770200587.0618 Txd ;22motv 0.51 1.43
1770200587.0623 Rx ;89liv 27 28 39 56 67 36 35 29 25
1770200587.0644 Rx ;65gyro -0.113831 -0.717163 -0.045715 98.809
1770200587.0645 Rx ;85acc 0.377441 0.006104 0.892578 98.809
1770200587.0656 Rx ;23pose 98.8100 0.552 0.002 0.1422 -2.6927
1770200587.0668 Rx ;85livn 34 32 44 70 71 37 38 43 48
1770200587.0679 Rx ;85mot 0.51 1.4 0.1 0.1 0
1770200587.0690 Rx ;06vel 98.8130 0.053 0.158 0.4566 0.053 4
1770200587.0702 Txd ;28motv 0.52 1.39
1770200587.0712 Rx ;41pose 98.8150 0.553 0.002 0.1469 -2.6928
1770200587.0766 Rx ;28pose 98.8200 0.553 0.002 0.1480 -2.6926
1770200587.0766 Rx ;13vel 98.8210 0.045 0.157 0.4879 0.045 4
1770200587.0767 Rx ;78gyro -0.510559 -0.289917 -0.045715 98.821
1770200587.0768 Rx ;64acc 0.441406 0.009033 0.926514 98.821
1770200587.0768 Rx ;84livn 34 33 44 70 71 37 39 44 53
1770200587.0775 Txd ;33motv 0.57 1.39
1770200587.0801 Rx ;49ird 0.113 0.104 17059 18332 1
1770200587.0812 Rx ;38pose 98.8250 0.554 0.002 0.1492 -2.6927
1770200587.0844 Rx ;22vel 98.8290 0.049 0.156 0.4648 0.049 4
1770200587.0853 Txd ;22motv 0.54 1.40
1770200587.0866 Rx ;31pose 98.8300 0.554 0.002 0.1515 -2.6928
1770200587.0867 Rx ;91livn 34 33 44 71 71 38 39 44 58
1770200587.0889 Rx ;31gyro -1.365051 0.747681 -0.198303 98.833
1770200587.0890 Rx ;37acc 0.425537 -0.018311 0.893799 98.833
1770200587.0911 Rx ;42pose 98.8350 0.555 0.002 0.1538 -2.6928
1770200587.0923 Rx ;12mca 0.147 0.135 16
1770200587.0923 Rx ;19vel 98.8370 0.058 0.158 0.4365 0.058 4
1770200587.0937 Txd ;31motv 0.47 1.38
1770200587.0966 Rx ;33pose 98.8400 0.555 0.002 0.1561 -2.6927
1770200587.0967 Rx ;85livn 34 33 45 70 70 37 39 44 63
1770200587.1010 Rx ;10vel 98.8450 0.059 0.152 0.4046 0.059 4
1770200587.1010 Rx ;45gyro -0.205383 0.228882 -0.289856 98.845
1770200587.1011 Rx ;21acc 0.414551 -0.030762 0.907471 98.845
1770200587.1012 Rx ;36pose 98.8450 0.556 0.002 0.1573 -2.6930
1770200587.1013 Rx ;90mot 0.47 1.4 0.1 0.1 0
1770200587.1021 Txd ;24motv 0.44 1.43
1770200587.1045 Rx ;49ird 0.113 0.105 17034 18176 1
1770200587.1056 Rx ;34pose 98.8500 0.556 0.002 0.1584 -2.6930
1770200587.1067 Rx ;91livn 34 34 45 70 70 37 39 44 68
1770200587.1089 Rx ;07vel 98.8530 0.063 0.148 0.3680 0.063 4
1770200587.1093 Txd ;23motv 0.40 1.46
1770200587.1111 Rx ;41pose 98.8550 0.557 0.003 0.1619 -2.6931
1770200587.1122 Rx ;75liv 27 35 45 53 59 37 35 30 25
1770200587.1123 Rx ;45gyro -0.907288 -0.320435 0.656189 98.857
1770200587.1124 Rx ;97acc 0.459717 0.014160 0.869629 98.857
1770200587.1167 Rx ;37pose 98.8600 0.558 0.003 0.1619 -2.6930
1770200587.1167 Rx ;05vel 98.8610 0.071 0.155 0.3665 0.071 4
1770200587.1168 Rx ;84livn 33 34 45 70 70 37 38 43 73
1770200587.1182 Txd ;19motv 0.32 1.41
1770200587.1211 Rx ;42pose 98.8650 0.558 0.003 0.1654 -2.6931
1770200587.1243 Rx ;14vel 98.8690 0.070 0.158 0.3836 0.070 4
1770200587.1244 Rx ;39gyro -0.541077 0.411987 -0.411926 98.869
1770200587.1245 Rx ;54acc 0.418945 -0.019287 0.893555 98.869
1770200587.1255 Txd ;24motv 0.30 1.39
1770200587.1256 Rx ;22mca 0.187 0.149 17
1770200587.1257 Rx ;41pose 98.8700 0.559 0.003 0.1665 -2.6931
1770200587.1268 Rx ;91livn 33 34 45 70 70 38 39 43 78
1770200587.1327 Rx ;45ird 0.112 0.105 17117 18270 1
1770200587.1328 Rx ;51pose 98.8750 0.559 0.003 0.1688 -2.6931
1770200587.1329 Rx ;15vel 98.8770 0.067 0.159 0.4005 0.067 4
1770200587.1338 Txd ;31motv 0.29 1.38
1770200587.1350 Rx ;90mot 0.29 1.4 0.1 0.1 0
1770200587.1362 Rx ;25pose 98.8800 0.560 0.003 0.1700 -2.6932
1770200587.1363 Rx ;85gyro 0.954285 0.320435 -0.564514 98.881
1770200587.1364 Rx ;12acc 0.431641 -0.002930 0.914307 98.881
1770200587.1375 Rx ;86livn 34 34 45 70 70 37 38 43 83
1770200587.1408 Rx ;09vel 98.8850 0.070 0.157 0.3771 0.070 4
1770200587.1410 Rx ;40pose 98.8850 0.561 0.003 0.1735 -2.6933
1770200587.1411 Txd ;27motv 0.24 1.39
1770200587.1464 Rx ;38pose 98.8900 0.561 0.003 0.1746 -2.6933
1770200587.1476 Rx ;91livn 34 34 45 70 70 37 38 43 88
1770200587.1487 Rx ;13vel 98.8930 0.070 0.157 0.3758 0.070 4
1770200587.1488 Rx ;22gyro 0.099792 -0.045776 0.289978 98.893
1770200587.1489 Rx ;44acc 0.422363 -0.012695 0.887695 98.893
1770200587.1500 Txd ;25motv 0.22 1.39
1770200587.1511 Rx ;48pose 98.8950 0.561 0.003 0.1769 -2.6933
1770200587.1554 Rx ;53ird 0.112 0.105 17168 18227 1
1770200587.1565 Rx ;34pose 98.9000 0.562 0.003 0.1793 -2.6934
1770200587.1565 Rx ;09vel 98.9010 0.065 0.154 0.3885 0.065 4
1770200587.1572 Txd ;19motv 0.23 1.41
1770200587.1577 Rx ;86livn 33 34 45 70 70 37 38 43 93
1770200587.1577 Rx ;10mca 0.135 0.127 16
1770200587.1610 Rx ;69gyro -0.083313 -0.198364 -0.045715 98.905
1770200587.1610 Rx ;28acc 0.407959 -0.003418 0.870605 98.905
1770200587.1611 Rx ;36pose 98.9050 0.562 0.003 0.1816 -2.6935
1770200587.1622 Rx ;66liv 24 27 43 56 63 37 32 30 25
1770200587.1644 Rx ;22vel 98.9090 0.058 0.149 0.3936 0.058 4
1770200587.1655 Txd ;26motv 0.26 1.45
1770200587.1666 Rx ;36pose 98.9100 0.563 0.004 0.1827 -2.6935
1770200587.1677 Rx ;91livn 33 33 45 70 70 37 38 44 98
1770200587.1678 Rx ;88mot 0.26 1.5 0.1 0.1 0
1770200587.1710 Rx ;41pose 98.9150 0.564 0.004 0.1862 -2.6935
1770200587.1732 Rx ;07vel 98.9170 0.057 0.151 0.4075 0.057 4
1770200587.1732 Rx ;78gyro -0.022278 0.106812 0.198425 98.917
1770200587.1733 Rx ;63acc 0.421631 0.009033 0.902344 98.917
1770200587.1744 Txd ;24motv 0.25 1.44
1770200587.1765 Rx ;41pose 98.9200 0.564 0.004 0.1874 -2.6936
1770200587.1777 Rx ;26livn 33 33 45 70 70 37 38 43 103
1770200587.1799 Rx ;52ird 0.111 0.105 17365 18246 1
1770200587.1810 Rx ;02vel 98.9250 0.053 0.155 0.4444 0.053 4
1770200587.1810 Rx ;45pose 98.9250 0.565 0.004 0.1908 -2.6936
1770200587.1816 Txd ;23motv 0.27 1.41
1770200587.1843 Rx ;32gyro 0.343933 0.656128 0.015320 98.929
1770200587.1843 Rx ;73acc 0.425537 0.004395 0.812012 98.929
1770200587.1865 Rx ;36pose 98.9300 0.565 0.004 0.1931 -2.6935
1770200587.1877 Rx ;33livn 34 34 45 70 70 38 37 43 108
1770200587.1888 Rx ;94vel 98.9330 0.050 0.156 0.4605 0.050 4
1770200587.1899 Txd ;24motv 0.28 1.41
1770200587.1910 Rx ;11mca 0.105 0.148 17
1770200587.1910 Rx ;52pose 98.9350 0.565 0.004 0.1978 -2.6935
1770200587.1964 Rx ;28pose 98.9400 0.566 0.004 0.2001 -2.6936
1770200587.1965 Rx ;95vel 98.9410 0.042 0.158 0.5044 0.042 4
1770200587.1965 Rx ;88gyro 0.160828 -0.228882 0.076355 98.941
1770200587.1966 Rx ;33acc 0.385986 -0.020752 0.880127 98.941
1770200587.1977 Txd ;27motv 0.33 1.39
1770200587.1978 Rx ;25livn 34 33 44 70 70 37 37 42 113
1770200587.2010 Rx ;85mot 0.33 1.4 0.1 0.1 0
1770200587.2010 Rx ;39pose 98.9450 0.566 0.004 0.2024 -2.6937
1770200587.2043 Rx ;16vel 98.9490 0.033 0.159 0.5478 0.033 4
1770200587.2049 Txd ;25motv 0.41 1.38
1770200587.2054 Rx ;58ird 0.109 0.104 17619 18334 1
1770200587.2065 Rx ;45pose 98.9500 0.567 0.004 0.2059 -2.6938
1770200587.2077 Rx ;38livn 34 33 44 69 70 37 37 42 118
1770200587.2088 Rx ;47gyro 0.343933 0.198364 0.076355 98.953
1770200587.2088 Rx ;25acc 0.420166 -0.013428 0.891357 98.953
1770200587.2110 Rx ;46pose 98.9550 0.567 0.004 0.2082 -2.6938
1770200587.2122 Rx ;63liv 29 31 42 52 63 36 30 26 25
1770200587.2122 Rx ;96vel 98.9570 0.030 0.155 0.5461 0.030 4
1770200587.2132 Txd ;22motv 0.44 1.41
1770200587.2165 Rx ;40pose 98.9600 0.568 0.005 0.2105 -2.6938
1770200587.2176 Rx ;26livn 34 33 44 70 70 37 37 42 123
1770200587.2209 Rx ;11vel 98.9650 0.035 0.150 0.4985 0.035 4
1770200587.2209 Rx ;50gyro 0.160828 0.228882 0.045837 98.965
1770200587.2210 Rx ;92acc 0.415771 0.024902 0.886475 98.965
1770200587.2211 Rx ;47pose 98.9650 0.568 0.005 0.2116 -2.6938
1770200587.2215 Txd ;23motv 0.42 1.44
1770200587.2243 Rx ;09mca 0.109 0.134 16
1770200587.2265 Rx ;47pose 98.9700 0.569 0.005 0.2128 -2.6938
1770200587.2276 Rx ;34livn 34 34 45 70 70 38 37 42 128
1770200587.2287 Rx ;07vel 98.9730 0.044 0.152 0.4692 0.044 4
1770200587.2293 Txd ;25motv 0.36 1.43
1770200587.2298 Rx ;53ird 0.108 0.104 17833 18314 1
1770200587.2310 Rx ;44pose 98.9750 0.569 0.005 0.2163 -2.6940
1770200587.2331 Rx ;78gyro -0.602112 -0.411987 -0.472961 98.977
1770200587.2332 Rx ;74acc 0.418213 0.028320 0.793213 98.977
1770200587.2333 Rx ;88mot 0.36 1.4 0.1 0.1 0
1770200587.2365 Rx ;37pose 98.9800 0.570 0.005 0.2186 -2.6940
1770200587.2366 Rx ;04vel 98.9810 0.050 0.154 0.4496 0.050 4
1770200587.2376 Txd ;20motv 0.32 1.42
1770200587.2377 Rx ;31livn 35 34 45 70 70 38 37 42 133
1770200587.2410 Rx ;31pose 98.9850 0.570 0.005 0.2220 -2.6940
1770200587.2453 Rx ;26vel 98.9890 0.049 0.156 0.4627 0.049 4
1770200587.2453 Rx ;03gyro -0.388489 -0.320435 -0.167786 98.989
1770200587.2454 Rx ;89acc 0.417480 0.005615 0.842529 98.989
1770200587.2465 Txd ;19motv 0.32 1.41
1770200587.2465 Rx ;33pose 98.9900 0.570 0.005 0.2244 -2.6940
1770200587.2477 Rx ;35livn 35 34 45 70 70 37 37 42 138
1770200587.2509 Rx ;45pose 98.9950 0.571 0.005 0.2267 -2.6941
1770200587.2531 Rx ;10vel 98.9970 0.042 0.159 0.5091 0.042 4
1770200587.2537 Txd ;30motv 0.37 1.38
1770200587.2552 Rx ;41ird 0.106 0.105 18104 18230 1
1770200587.2560 Txd ;64leds 14 0 55 0
1770200587.2564 Rx ;19pose 99.0000 0.571 0.005 0.2290 -2.6941
1770200587.2564 Rx ;07gyro -0.327454 -1.388550 0.015320 99.001
1770200587.2565 Rx ;17acc 0.403809 -0.000488 0.881592 99.001
1770200587.2576 Rx ;07mca 0.125 0.142 17
1770200587.2577 Rx ;32livn 35 34 45 70 70 38 37 42 143
1770200587.2609 Rx ;90vel 99.0050 0.044 0.156 0.4901 0.044 4
1770200587.2610 Rx ;25pose 99.0050 0.572 0.006 0.2313 -2.6944
1770200587.2615 Txd ;22motv 0.36 1.40
1770200587.2621 Rx ;81liv 27 29 45 56 62 37 34 28 25
1770200587.2653 Rx ;97hbt 99.0090 107 1033 15.62 4 8 9.0 0.45 0
1770200587.2665 Rx ;25pose 99.0100 0.572 0.006 0.2336 -2.6943
1770200587.2665 Rx ;88mot 0.36 1.4 0.1 0.1 0
1770200587.2677 Rx ;35livn 34 33 45 70 70 38 37 42 148
1770200587.2688 Rx ;96vel 99.0130 0.042 0.156 0.4957 0.042 4
1770200587.2688 Rx ;17gyro -0.174866 -0.473022 0.137390 99.013
1770200587.2689 Rx ;09acc 0.406250 -0.008057 0.905762 99.013
1770200587.2698 Txd ;23motv 0.37 1.40
1770200587.2711 Rx ;37pose 99.0150 0.573 0.006 0.2359 -2.6944
1770200587.2765 Rx ;31pose 99.0200 0.573 0.006 0.2394 -2.6943
1770200587.2766 Rx ;95vel 99.0210 0.044 0.155 0.4828 0.044 4
1770200587.2770 Txd ;23motv 0.36 1.41
1770200587.2777 Rx ;31livn 34 33 45 70 70 38 37 42 153
1770200587.2799 Rx ;54ird 0.105 0.105 18166 18191 1
1770200587.2810 Rx ;63gyro 0.466003 0.320435 -0.350891 99.025
1770200587.2810 Rx ;11acc 0.406738 -0.004395 0.920410 99.025
1770200587.2811 Rx ;37pose 99.0250 0.574 0.006 0.2429 -2.6944
1770200587.2844 Rx ;96vel 99.0290 0.042 0.148 0.4634 0.042 4
1770200587.2853 Txd ;30motv 0.38 1.46
1770200587.2865 Rx ;29pose 99.0300 0.574 0.006 0.2452 -2.6944
1770200587.2877 Rx ;36livn 34 33 45 70 70 38 37 42 158
1770200587.2898 Rx ;10mca 0.171 0.136 16
1770200587.2909 Rx ;46pose 99.0350 0.575 0.006 0.2498 -2.6945
1770200587.2931 Rx ;91vel 99.0370 0.035 0.152 0.5072 0.035 4
1770200587.2932 Rx ;38gyro 0.191345 -0.289917 -0.472961 99.037
1770200587.2933 Rx ;35acc 0.429199 -0.003174 0.874756 99.037
1770200587.2942 Txd ;25motv 0.44 1.44
1770200587.2965 Rx ;29pose 99.0400 0.575 0.006 0.2521 -2.6945
1770200587.2977 Rx ;33livn 34 34 45 70 70 38 37 42 163
1770200587.2999 Rx ;87mot 0.44 1.4 0.1 0.1 0
1770200587.3010 Rx ;84vel 99.0450 0.030 0.159 0.5600 0.030 4
1770200587.3011 Rx ;45pose 99.0450 0.575 0.006 0.2567 -2.6946
1770200587.3014 Txd ;33motv 0.48 1.39
1770200587.3043 Rx ;16gyro 0.099792 0.259399 -0.167786 99.049
1770200587.3044 Rx ;67acc 0.412842 0.007812 0.908203 99.049
1770200587.3055 Rx ;48ird 0.105 0.104 18210 18349 1
1770200587.3067 Rx ;40pose 99.0500 0.576 0.006 0.2591 -2.6947
1770200587.3078 Rx ;38livn 34 34 45 70 70 38 37 42 168
1770200587.3089 Rx ;03vel 99.0530 0.027 0.158 0.5707 0.027 4
1770200587.3098 Txd ;28motv 0.52 1.39
1770200587.3111 Rx ;47pose 99.0550 0.576 0.007 0.2637 -2.6947
1770200587.3122 Rx ;61liv 26 31 42 54 65 40 35 32 25
1770200587.3165 Rx ;39pose 99.0600 0.576 0.007 0.2660 -2.6947
1770200587.3166 Rx ;93vel 99.0610 0.021 0.156 0.5875 0.021 4
1770200587.3166 Rx ;81gyro 0.038757 -0.381470 0.045837 99.061
1770200587.3167 Rx ;87acc 0.408936 0.020996 0.854248 99.061
1770200587.3168 Rx ;34livn 34 33 45 70 70 38 37 43 173
1770200587.3175 Txd ;27motv 0.59 1.40
1770200587.3211 Rx ;47pose 99.0650 0.577 0.007 0.2706 -2.6948
1770200587.3232 Rx ;19mca 0.178 0.137 17
1770200587.3243 Rx ;09vel 99.0690 0.018 0.158 0.6057 0.018 4
1770200587.3247 Txd ;31motv 0.64 1.39
1770200587.3265 Rx ;48pose 99.0700 0.577 0.007 0.2729 -2.6948
1770200587.3277 Rx ;39livn 34 33 45 70 70 38 37 43 178
1770200587.3288 Rx ;49gyro 0.099792 -0.198364 -0.808655 99.073
1770200587.3289 Rx ;71acc 0.420410 0.020996 0.873535 99.073
1770200587.3301 Rx ;50ird 0.105 0.104 18154 18362 1
1770200587.3313 Rx ;53pose 99.0750 0.578 0.007 0.2764 -2.6948
1770200587.3325 Rx ;89mot 0.64 1.4 0.1 0.1 0
1770200587.3325 Rx ;11vel 99.0770 0.017 0.153 0.5896 0.017 4
1770200587.3335 Txd ;29motv 0.68 1.42
1770200587.3358 Rx ;55pose 99.0800 0.578 0.007 0.2787 -2.6949
1770200587.3370 Rx ;34livn 33 33 45 70 70 38 37 43 183
1770200587.3404 Rx ;99vel 99.0850 0.014 0.147 0.5781 0.014 4
1770200587.3405 Rx ;25gyro -0.174866 0.106812 -0.442444 99.085
1770200587.3406 Rx ;90acc 0.424072 0.009277 0.886963 99.085
1770200587.3413 Txd ;30motv 0.73 1.47
1770200587.3418 Rx ;52pose 99.0850 0.578 0.007 0.2833 -2.6949
1770200587.3461 Rx ;55pose 99.0900 0.579 0.007 0.2857 -2.6949
1770200587.3472 Rx ;39livn 33 33 45 70 70 38 37 43 188
1770200587.3484 Rx ;88vel 99.0930 0.013 0.154 0.6117 0.013 4
1770200587.3491 Txd ;30motv 0.77 1.43
1770200587.3516 Rx ;52pose 99.0950 0.579 0.007 0.2903 -2.6949
1770200587.3528 Rx ;85gyro -0.510559 -0.350952 -0.167786 99.097
1770200587.3529 Rx ;84acc 0.405762 0.002930 0.876709 99.097
1770200587.3551 Rx ;59ird 0.106 0.104 18072 18398 1
1770200587.3562 Rx ;10mca 0.230 0.149 16
1770200587.3563 Rx ;36pose 99.1000 0.579 0.007 0.2926 -2.6950
1770200587.3563 Rx ;73vel 99.1010 0.012 0.155 0.6221 0.012 4
1770200587.3575 Txd ;25motv 0.82 1.42
1770200587.3575 Rx ;36livn 34 33 45 70 70 38 37 43 193
1770200587.3617 Rx ;34pose 99.1050 0.580 0.008 0.2961 -2.6951
1770200587.3629 Rx ;60liv 22 30 43 56 63 36 33 32 25
1770200587.3651 Rx ;86vel 99.1090 0.011 0.154 0.6229 0.011 4
1770200587.3651 Rx ;11gyro -0.113831 -0.167847 0.015320 99.109
1770200587.3652 Rx ;23acc 0.407715 -0.011719 0.892822 99.109
1770200587.3653 Rx ;89mot 0.82 1.4 0.1 0.1 0
1770200587.3658 Txd ;30motv 0.86 1.43
1770200587.3664 Rx ;37pose 99.1100 0.580 0.008 0.2995 -2.6951
1770200587.3675 Rx ;41livn 34 33 45 70 70 38 37 43 198
1770200587.3707 Rx ;30pose 99.1150 0.581 0.008 0.3018 -2.6951
1770200587.3729 Rx ;88vel 99.1170 0.010 0.158 0.6446 0.010 4
1770200587.3735 Txd ;23motv 0.91 1.40
1770200587.3762 Rx ;24pose 99.1200 0.581 0.008 0.3042 -2.6952
1770200587.3762 Rx ;69gyro -0.571594 -0.015259 -0.137268 99.121
1770200587.3763 Rx ;76acc 0.414795 0.005615 0.893066 99.121
1770200587.3775 Rx ;28livn 34 33 45 70 70 38 37 43 203
1770200587.3796 Rx ;72ird 0.106 0.105 17996 18297 1
1770200587.3807 Rx ;97vel 99.1250 0.009 0.157 0.6423 0.009 4
1770200587.3808 Rx ;35pose 99.1250 0.582 0.008 0.3065 -2.6952
1770200587.3819 Txd ;27motv 0.95 1.40
1770200587.3862 Rx ;36pose 99.1300 0.582 0.008 0.3088 -2.6952
1770200587.3873 Rx ;31livn 33 33 44 70 70 38 37 43 208
1770200587.3884 Rx ;99vel 99.1330 0.037 0.156 0.5174 0.037 4
1770200587.3885 Rx ;95gyro 0.984802 0.747681 -0.259338 99.133
1770200587.3886 Rx ;57acc 0.400146 0.000244 0.956543 99.133
1770200587.3886 Rx ;05mca 0.240 0.133 17
1770200587.3891 Txd ;29motv 0.78 1.41
1770200587.3908 Rx ;46pose 99.1350 0.583 0.009 0.3099 -2.6953
1770200587.3962 Rx ;27pose 99.1400 0.583 0.009 0.3111 -2.6953
1770200587.3962 Rx ;96vel 99.1410 0.064 0.154 0.3905 0.064 4
1770200587.3969 Txd ;29motv 0.59 1.42
1770200587.3974 Rx ;28livn 33 33 45 70 70 38 37 43 213
1770200587.3985 Rx ;93mot 0.59 1.4 0.1 0.1 0
1770200587.4007 Rx ;53gyro 0.130310 0.473022 -0.411926 99.145
1770200587.4007 Rx ;31acc 0.453857 -0.003906 0.964355 99.145
1770200587.4008 Rx ;39pose 99.1450 0.584 0.009 0.3134 -2.6954
1770200587.4051 Rx ;14vel 99.1490 0.078 0.153 0.3257 0.078 4
1770200587.4052 Rx ;61ird 0.107 0.105 17930 18198 1
1770200587.4063 Txd ;26motv 0.46 1.43
1770200587.4063 Rx ;38pose 99.1500 0.584 0.009 0.3146 -2.6954
1770200587.4074 Rx ;33livn 33 33 45 70 70 38 37 43 218
1770200587.4117 Rx ;49pose 99.1550 0.585 0.009 0.3169 -2.6954
1770200587.4128 Rx ;77liv 19 28 41 53 62 39 34 29 25
1770200587.4129 Rx ;10vel 99.1570 0.078 0.155 0.3333 0.078 4
1770200587.4130 Rx ;31gyro -0.083313 0.289917 -0.595032 99.157
1770200587.4130 Rx ;54acc 0.374756 -0.035889 0.874756 99.157
1770200587.4135 Txd ;21motv 0.42 1.42
1770200587.4163 Rx ;39pose 99.1600 0.585 0.009 0.3180 -2.6955
1770200587.4174 Rx ;29livn 33 33 45 70 70 38 37 43 223
1770200587.4206 Rx ;18vel 99.1650 0.077 0.159 0.3574 0.077 4
1770200587.4213 Txd ;33motv 0.39 1.39
1770200587.4218 Rx ;33pose 99.1650 0.586 0.010 0.3203 -2.6955
1770200587.4218 Rx ;18mca 0.179 0.145 16
1770200587.4251 Rx ;29gyro 0.008240 -0.289917 -0.228821 99.169
1770200587.4251 Rx ;28acc 0.416016 -0.007568 0.853760 99.169
1770200587.4263 Rx ;35pose 99.1700 0.586 0.010 0.3227 -2.6955
1770200587.4274 Rx ;34livn 33 33 45 70 70 38 37 43 228
1770200587.4285 Rx ;21vel 99.1730 0.067 0.159 0.3994 0.067 4
1770200587.4296 Txd ;27motv 0.43 1.38
1770200587.4296 Rx ;59ird 0.107 0.104 17944 18327 1
1770200587.4318 Rx ;38pose 99.1750 0.587 0.010 0.3250 -2.6956
1770200587.4319 Rx ;86mot 0.43 1.4 0.1 0.1 0
1770200587.4361 Rx ;40pose 99.1800 0.587 0.010 0.3273 -2.6957
1770200587.4373 Rx ;13vel 99.1810 0.059 0.157 0.4257 0.059 4
1770200587.4373 Rx ;77gyro -0.388489 0.015259 0.015320 99.181
1770200587.4374 Rx ;80acc 0.420166 0.011963 0.876953 99.181
1770200587.4375 Rx ;29livn 33 33 45 70 70 38 37 42 233
1770200587.4385 Txd ;32motv 0.47 1.39
1770200587.4418 Rx ;48pose 99.1850 0.588 0.010 0.3284 -2.6957
1770200587.4450 Rx ;96vel 99.1890 0.060 0.155 0.4170 0.060 4
1770200587.4457 Txd ;23motv 0.45 1.41
1770200587.4461 Rx ;42pose 99.1900 0.589 0.010 0.3308 -2.6957
1770200587.4473 Rx ;34livn 33 33 45 70 70 38 37 42 238
1770200587.4484 Rx ;73gyro -0.419006 -0.045776 -0.350891 99.193
1770200587.4485 Rx ;76acc 0.413818 0.012451 0.881348 99.193
1770200587.4517 Rx ;44pose 99.1950 0.589 0.011 0.3331 -2.6957
1770200587.4529 Rx ;94vel 99.1970 0.061 0.151 0.3901 0.061 4
1770200587.4540 Txd ;23motv 0.42 1.44
1770200587.4551 Rx ;51ird 0.108 0.105 17804 18223 1
1770200587.4551 Rx ;02mca 0.110 0.134 17
1770200587.4562 Rx ;33pose 99.2000 0.589 0.011 0.3342 -2.6957
1770200587.4568 Txd ;62leds 14 0 80 0
1770200587.4574 Rx ;30livn 33 33 45 70 70 38 37 42 243
1770200587.4606 Rx ;14vel 99.2050 0.059 0.149 0.3936 0.059 4
1770200587.4607 Rx ;57gyro -0.235901 -0.320435 -0.503479 99.205
1770200587.4607 Rx ;65acc 0.408203 0.004883 0.893311 99.205
1770200587.4608 Rx ;40pose 99.2050 0.590 0.011 0.3377 -2.6959
1770200587.4618 Txd ;25motv 0.42 1.46
1770200587.4619 Rx ;76liv 29 33 45 57 65 36 31 26 25
1770200587.4641 Rx ;86mot 0.42 1.5 0.1 0.1 0
1770200587.4663 Rx ;39pose 99.2100 0.590 0.011 0.3389 -2.6959
1770200587.4674 Rx ;34livn 33 33 45 70 70 38 36 42 248
1770200587.4685 Rx ;04vel 99.2130 0.058 0.155 0.4229 0.058 4
1770200587.4690 Txd ;20motv 0.41 1.42
1770200587.4718 Rx ;26pose 99.2150 0.591 0.011 0.3423 -2.6960
1770200587.4729 Rx ;26gyro -0.937805 0.015259 -0.045715 99.217
1770200587.4730 Rx ;18acc 0.414551 -0.004639 0.874512 99.217
1770200587.4762 Rx ;25pose 99.2200 0.591 0.011 0.3435 -2.6960
1770200587.4763 Rx ;94vel 99.2210 0.062 0.158 0.4192 0.062 4
1770200587.4773 Txd ;31motv 0.37 1.39
1770200587.4774 Rx ;31livn 33 33 45 70 70 38 37 42 253
1770200587.4806 Rx ;63ird 0.108 0.105 17737 18239 1
1770200587.4818 Rx ;40pose 99.2250 0.592 0.012 0.3469 -2.6961
1770200587.4850 Rx ;01vel 99.2290 0.061 0.160 0.4298 0.061 4
1770200587.4851 Rx ;85gyro -0.815735 0.350952 0.106873 99.229
1770200587.4851 Rx ;97acc 0.424561 0.016846 0.885986 99.229
1770200587.4861 Txd ;28motv 0.35 1.38
1770200587.4863 Rx ;30pose 99.2300 0.592 0.012 0.3481 -2.6961
1770200587.4874 Rx ;36livn 33 33 45 70 70 38 37 42 258
1770200587.4885 Rx ;10mca 0.109 0.144 16
1770200587.4917 Rx ;35pose 99.2350 0.593 0.012 0.3516 -2.6961
1770200587.4929 Rx ;05vel 99.2370 0.057 0.158 0.4430 0.057 4
1770200587.4933 Txd ;31motv 0.37 1.39
1770200587.4961 Rx ;36pose 99.2400 0.593 0.012 0.3539 -2.6961
1770200587.4972 Rx ;74gyro -0.785217 -0.595093 -0.076233 99.241
1770200587.4973 Rx ;93acc 0.432617 0.005859 0.889648 99.241
1770200587.4974 Rx ;34livn 34 34 45 70 70 38 37 42 263
1770200587.4974 Rx ;89mot 0.37 1.4 0.1 0.1 0
1770200587.5007 Rx ;12vel 99.2450 0.047 0.157 0.4792 0.047 4
1770200587.5018 Rx ;38pose 99.2450 0.594 0.012 0.3562 -2.6961
1770200587.5022 Txd ;28motv 0.43 1.39
1770200587.5050 Rx ;62ird 0.108 0.105 17746 18193 1
1770200587.5061 Rx ;40pose 99.2500 0.594 0.012 0.3585 -2.6962
1770200587.5073 Rx ;41livn 34 34 45 71 71 38 37 42 268
1770200587.5084 Rx ;95vel 99.2530 0.044 0.155 0.4830 0.044 4
1770200587.5085 Rx ;63gyro -0.724182 -0.534058 -0.106750 99.253
1770200587.5085 Rx ;71acc 0.431641 0.004395 0.853516 99.253
1770200587.5094 Txd ;22motv 0.45 1.40
1770200587.5118 Rx ;50pose 99.2550 0.595 0.013 0.3597 -2.6962
1770200587.5129 Rx ;78liv 29 34 44 55 64 38 33 27 25
1770200587.5161 Rx ;40pose 99.2600 0.595 0.013 0.3608 -2.6963
1770200587.5173 Rx ;01vel 99.2610 0.052 0.147 0.4099 0.052 4
1770200587.5173 Rx ;37livn 34 34 45 71 71 38 37 42 273
1770200587.5178 Txd ;31motv 0.39 1.46
1770200587.5206 Rx ;98gyro -1.578674 -0.259399 -0.381409 99.265
1770200587.5206 Rx ;25acc 0.535400 -0.036377 0.975342 99.265
1770200587.5207 Rx ;15mca 0.149 0.135 17
1770200587.5218 Rx ;46pose 99.2650 0.596 0.013 0.3643 -2.6964
1770200587.5251 Rx ;99vel 99.2690 0.053 0.152 0.4290 0.053 4
1770200587.5262 Rx ;45pose 99.2700 0.596 0.013 0.3666 -2.6962
1770200587.5266 Txd ;26motv 0.37 1.43
1770200587.5273 Rx ;42livn 34 34 45 71 71 38 37 42 278
1770200587.5306 Rx ;50ird 0.108 0.105 17714 18240 1
1770200587.5307 Rx ;89mot 0.37 1.4 0.1 0.1 0
1770200587.5318 Rx ;41pose 99.2750 0.597 0.013 0.3701 -2.6962
1770200587.5329 Rx ;01vel 99.2770 0.050 0.159 0.4714 0.050 4
1770200587.5330 Rx ;45gyro 0.038757 -0.076294 -0.625549 99.277
1770200587.5331 Rx ;26acc 0.421631 -0.023926 0.906494 99.277
1770200587.5341 Txd ;32motv 0.39 1.38
1770200587.5363 Rx ;41pose 99.2800 0.597 0.014 0.3712 -2.6963
1770200587.5376 Rx ;36livn 33 34 45 71 70 38 37 42 283
1770200587.5410 Rx ;98vel 99.2850 0.051 0.157 0.4605 0.051 4
1770200587.5411 Rx ;53pose 99.2850 0.598 0.014 0.3735 -2.6964
1770200587.5414 Txd ;31motv 0.37 1.39
1770200587.5443 Rx ;38gyro 0.740662 -0.045776 -0.381409 99.289
1770200587.5444 Rx ;25acc 0.437012 -0.002686 0.936523 99.289
1770200587.5466 Rx ;52pose 99.2900 0.598 0.014 0.3747 -2.6964
1770200587.5478 Rx ;42livn 33 34 45 71 71 38 37 42 288
1770200587.5490 Rx ;98vel 99.2930 0.060 0.156 0.4148 0.060 4
1770200587.5503 Txd ;16motv 0.30 1.40
1770200587.5512 Rx ;55pose 99.2950 0.599 0.014 0.3770 -2.6965
1770200587.5544 Rx ;17mca 0.185 0.138 16
1770200587.5555 Rx ;54ird 0.108 0.104 17733 18352 1
1770200587.5567 Rx ;47pose 99.3000 0.599 0.014 0.3793 -2.6965
1770200587.5568 Rx ;01vel 99.3010 0.063 0.159 0.4169 0.063 4
1770200587.5568 Rx ;74gyro -0.266418 -0.198364 -0.137268 99.301
1770200587.5569 Rx ;73acc 0.420898 0.007324 0.809570 99.301
1770200587.5569 Rx ;37livn 33 34 45 70 71 38 37 42 293
1770200587.5575 Txd ;28motv 0.26 1.38
1770200587.5612 Rx ;31pose 99.3050 0.600 0.015 0.3816 -2.6964
1770200587.5624 Rx ;74liv 24 34 45 53 65 36 34 29 25
1770200587.5636 Rx ;87mot 0.26 1.4 0.1 0.1 0
1770200587.5647 Rx ;96vel 99.3090 0.061 0.155 0.4084 0.061 4
1770200587.5652 Txd ;21motv 0.26 1.40
1770200587.5659 Rx ;24pose 99.3100 0.600 0.015 0.3840 -2.6964
1770200587.5671 Rx ;43livn 34 34 45 70 71 38 37 42 298
1770200587.5692 Rx ;93gyro 0.099792 -0.534058 0.167908 99.313
1770200587.5693 Rx ;19acc 0.391846 -0.010742 0.901855 99.313
1770200587.5715 Rx ;34pose 99.3150 0.601 0.015 0.3851 -2.6966
1770200587.5727 Rx ;04vel 99.3170 0.060 0.149 0.3848 0.060 4
1770200587.5736 Txd ;24motv 0.24 1.45
1770200587.5760 Rx ;34pose 99.3200 0.601 0.015 0.3863 -2.6967
1770200587.5771 Rx ;30livn 35 23 48 80 73 28 30 55 2
1770200587.5804 Rx ;58ird 0.108 0.105 17720 18278 1
1770200587.5805 Rx ;04vel 99.3250 0.066 0.154 0.3832 0.066 4
1770200587.5805 Rx ;73gyro -0.541077 -0.228882 -0.015198 99.325
1770200587.5806 Rx ;21acc 0.421875 -0.017334 0.861084 99.325
1770200587.5808 Txd ;24motv 0.18 1.42
1770200587.5817 Rx ;47pose 99.3250 0.602 0.015 0.3897 -2.6967
1770200587.5860 Rx ;38pose 99.3300 0.602 0.016 0.3909 -2.6967
1770200587.5871 Rx ;14mca 0.147 0.145 17
1770200587.5872 Rx ;31livn 26 30 57 83 72 41 36 50 7
1770200587.5883 Rx ;07vel 99.3330 0.064 0.154 0.3948 0.064 4
1770200587.5896 Txd ;23motv 0.17 1.42
1770200587.5915 Rx ;44pose 99.3350 0.603 0.016 0.3944 -2.6968
1770200587.5927 Rx ;79gyro -0.266418 0.015259 0.137390 99.337
1770200587.5927 Rx ;20acc 0.418213 -0.003418 0.887451 99.337
1770200587.5960 Rx ;45pose 99.3400 0.603 0.016 0.3967 -2.6968
1770200587.5971 Rx ;87mot 0.17 1.4 0.1 0.1 0
1770200587.5972 Rx ;95vel 99.3410 0.055 0.154 0.4343 0.055 4
1770200587.5972 Rx ;68livn 31 31 52 75 71 40 38 50 12
1770200587.5979 Txd ;19motv 0.22 1.42
1770200587.6015 Rx ;47pose 99.3450 0.604 0.016 0.3990 -2.6968
1770200587.6048 Rx ;03vel 99.3490 0.052 0.159 0.4631 0.052 4
1770200587.6048 Rx ;09gyro 0.282898 -0.259399 0.320496 99.349
1770200587.6049 Rx ;20acc 0.426025 -0.002930 0.908447 99.349
1770200587.6050 Rx ;64ird 0.108 0.104 17728 18394 1
1770200587.6052 Txd ;25motv 0.23 1.38
1770200587.6061 Rx ;27pose 99.3500 0.604 0.016 0.4001 -2.6968
1770200587.6073 Rx ;88livn 33 32 50 75 69 41 37 48 17
1770200587.6115 Rx ;46pose 99.3550 0.605 0.017 0.4048 -2.6969
1770200587.6127 Rx ;71liv 28 30 47 57 62 39 31 32 25
1770200587.6127 Rx ;07vel 99.3570 0.050 0.158 0.4677 0.050 4
1770200587.6140 Txd ;27motv 0.24 1.39
1770200587.6160 Rx ;44pose 99.3600 0.605 0.017 0.4059 -2.6969
1770200587.6171 Rx ;66gyro -0.205383 0.106812 0.137390 99.361
1770200587.6172 Rx ;10acc 0.431641 -0.007080 0.909180 99.361
1770200587.6173 Rx ;79livn 36 33 48 73 70 40 35 45 22
1770200587.6205 Rx ;99mca 0.104 0.130 16
1770200587.6205 Rx ;09vel 99.3650 0.049 0.155 0.4613 0.049 4
1770200587.6213 Txd ;19motv 0.24 1.40
1770200587.6217 Rx ;48pose 99.3650 0.605 0.017 0.4094 -2.6969
1770200587.6259 Rx ;44pose 99.3700 0.606 0.017 0.4129 -2.6969
1770200587.6271 Rx ;96livn 36 34 47 72 69 39 34 43 27
1770200587.6293 Rx ;01vel 99.3730 0.044 0.152 0.4682 0.044 4
1770200587.6293 Rx ;89gyro 0.527039 0.167847 -0.228821 99.373
1770200587.6294 Rx ;67acc 0.411133 0.007568 0.908203 99.373
1770200587.6295 Rx ;85mot 0.24 1.4 0.1 0.1 0
1770200587.6296 Txd ;26motv 0.28 1.43
1770200587.6306 Rx ;50ird 0.108 0.104 17700 18372 1
1770200587.6317 Rx ;39pose 99.3750 0.606 0.017 0.4163 -2.6970
1770200587.6360 Rx ;41pose 99.3800 0.606 0.017 0.4187 -2.6970
1770200587.6371 Rx ;04vel 99.3810 0.037 0.150 0.4918 0.037 4
1770200587.6372 Rx ;82livn 35 34 46 71 70 39 35 43 32
1770200587.6384 Txd ;24motv 0.33 1.45
1770200587.6404 Rx ;90gyro -0.205383 -0.228882 -0.289856 99.385
1770200587.6405 Rx ;49acc 0.414795 -0.014893 0.884766 99.385
1770200587.6416 Rx ;40pose 99.3850 0.607 0.018 0.4233 -2.6970
1770200587.6449 Rx ;01vel 99.3890 0.032 0.153 0.5274 0.032 4
1770200587.6456 Txd ;27motv 0.38 1.43
1770200587.6460 Rx ;41pose 99.3900 0.607 0.018 0.4256 -2.6970
1770200587.6471 Rx ;95livn 35 34 47 71 69 38 35 43 37
1770200587.6514 Rx ;40pose 99.3950 0.608 0.018 0.4302 -2.6971
1770200587.6526 Rx ;13vel 99.3970 0.024 0.159 0.5882 0.024 4
1770200587.6526 Rx ;31gyro 0.252380 -0.076294 -0.198303 99.397
1770200587.6527 Rx ;39acc 0.411865 -0.004639 0.897217 99.397
1770200587.6528 Rx ;05mca 0.110 0.146 17
1770200587.6534 Txd ;30motv 0.45 1.39
1770200587.6549 Rx ;58ird 0.109 0.103 17609 18480 1
1770200587.6561 Rx ;32pose 99.4000 0.608 0.018 0.4325 -2.6971
1770200587.6572 Rx ;91livn 35 35 47 71 69 38 35 42 42
1770200587.6577 Txd ;09leds 14 0 105 0
1770200587.6604 Rx ;98vel 99.4050 0.021 0.158 0.5957 0.021 4
1770200587.6615 Rx ;40pose 99.4050 0.608 0.018 0.4372 -2.6972
1770200587.6617 Txd ;26motv 0.50 1.39
1770200587.6627 Rx ;65liv 27 33 44 52 62 36 31 26 25
1770200587.6627 Rx ;36mot 0.5 1.4 0.1 0.1 0
1770200587.6649 Rx ;19gyro -0.144348 -0.320435 0.106873 99.409
1770200587.6650 Rx ;83acc 0.415527 0.003418 0.876709 99.409
1770200587.6661 Rx ;41pose 99.4100 0.609 0.018 0.4395 -2.6971
1770200587.6672 Rx ;05livn 35 35 47 69 69 39 35 42 47
1770200587.6683 Rx ;07vel 99.4130 0.017 0.155 0.5968 0.017 4
1770200587.6689 Txd ;24motv 0.55 1.41
1770200587.6716 Rx ;41pose 99.4160 0.609 0.019 0.4441 -2.6972
1770200587.6769 Rx ;45pose 99.4210 0.609 0.019 0.4476 -2.6972
1770200587.6770 Rx ;86vel 99.4210 0.016 0.155 0.6050 0.016 4
1770200587.6770 Rx ;69gyro 0.069275 -0.076294 0.015320 99.421
1770200587.6771 Rx ;58acc 0.420166 0.002441 0.880615 99.421
1770200587.6772 Rx ;98livn 35 35 46 69 69 39 35 41 52
1770200587.6778 Txd ;28motv 0.59 1.41
1770200587.6804 Rx ;50ird 0.110 0.103 17531 18468 1
1770200587.6815 Rx ;48pose 99.4260 0.610 0.019 0.4499 -2.6973
1770200587.6848 Rx ;86vel 99.4290 0.014 0.153 0.6030 0.014 4
1770200587.6859 Rx ;04mca 0.141 0.133 16
1770200587.6861 Txd ;25motv 0.64 1.42
1770200587.6870 Rx ;35pose 99.4310 0.610 0.019 0.4545 -2.6972
1770200587.6871 Rx ;05livn 35 35 46 69 69 39 36 41 57
1770200587.6893 Rx ;87gyro -0.052795 0.045776 0.076355 99.433
1770200587.6893 Rx ;72acc 0.416016 0.006104 0.898438 99.433
1770200587.6915 Rx ;46pose 99.4360 0.610 0.019 0.4568 -2.6973
1770200587.6926 Rx ;94vel 99.4370 0.013 0.148 0.5902 0.013 4
1770200587.6934 Txd ;33motv 0.68 1.46
1770200587.6959 Rx ;94mot 0.68 1.5 0.1 0.1 0
1770200587.6970 Rx ;33pose 99.4410 0.611 0.019 0.4603 -2.6973
1770200587.6971 Rx ;96livn 34 35 46 68 69 39 35 40 62
1770200587.7003 Rx ;94vel 99.4450 0.012 0.154 0.6169 0.012 4
1770200587.7004 Rx ;79gyro 0.160828 0.015259 -0.381409 99.445
1770200587.7004 Rx ;90acc 0.412354 0.006836 0.877686 99.445
1770200587.7006 Txd ;26motv 0.73 1.43
1770200587.7016 Rx ;38pose 99.4460 0.611 0.020 0.4638 -2.6973
1770200587.7048 Rx ;52ird 0.110 0.103 17433 18487 1
1770200587.7070 Rx ;32pose 99.4510 0.612 0.020 0.4661 -2.6974
1770200587.7071 Rx ;99livn 34 34 46 68 69 38 35 40 67
1770200587.7093 Rx ;89vel 99.4530 0.010 0.157 0.6382 0.010 4
1770200587.7105 Txd ;28motv 0.78 1.40
1770200587.7114 Rx ;44pose 99.4560 0.612 0.020 0.4695 -2.6974
1770200587.7126 Rx ;64liv 25 30 42 51 63 39 33 27 25
1770200587.7127 Rx ;90gyro -0.174866 0.137329 0.137390 99.457
1770200587.7127 Rx ;09acc 0.407959 0.004395 0.885986 99.457
1770200587.7170 Rx ;37pose 99.4610 0.612 0.020 0.4718 -2.6975
1770200587.7171 Rx ;86vel 99.4610 0.010 0.158 0.6433 0.010 4
1770200587.7172 Rx ;98livn 34 35 46 68 69 38 36 41 72
1770200587.7177 Txd ;31motv 0.82 1.39
1770200587.7193 Rx ;15mca 0.185 0.144 17
1770200587.7225 Rx ;37pose 99.4660 0.613 0.020 0.4730 -2.6975
1770200587.7247 Rx ;38gyro -1.304016 -1.266479 0.198425 99.469
1770200587.7248 Rx ;77acc 0.394043 0.034180 0.780029 99.469
1770200587.7249 Rx ;91vel 99.4690 0.010 0.157 0.6413 0.010 4
1770200587.7255 Txd ;27motv 0.86 1.40
1770200587.7271 Rx ;39pose 99.4710 0.613 0.021 0.4753 -2.6975
1770200587.7272 Rx ;07livn 35 35 46 69 69 39 36 41 77
1770200587.7283 Rx ;93mot 0.86 1.4 0.1 0.1 0
1770200587.7305 Rx ;44ird 0.111 0.103 17271 18505 1
1770200587.7317 Rx ;49pose 99.4760 0.614 0.021 0.4765 -2.6976
1770200587.7328 Rx ;92vel 99.4770 0.040 0.157 0.5113 0.040 4
1770200587.7341 Txd ;26motv 0.67 1.40
1770200587.7372 Rx ;41gyro 0.069275 0.381470 0.442566 99.481
1770200587.7374 Rx ;97acc 0.384766 0.013916 0.793945 99.481
1770200587.7376 Rx ;53pose 99.4810 0.614 0.021 0.4799 -2.6977
1770200587.7378 Rx ;94livn 35 35 46 69 69 40 36 41 82
1770200587.7411 Rx ;93vel 99.4850 0.060 0.155 0.4114 0.060 4
1770200587.7422 Rx ;44pose 99.4860 0.615 0.021 0.4811 -2.6977
1770200587.7424 Txd ;21motv 0.52 1.41
1770200587.7475 Rx ;44pose 99.4910 0.615 0.022 0.4834 -2.6975
1770200587.7477 Rx ;01livn 35 35 46 68 69 40 37 42 87
1770200587.7488 Rx ;95gyro -0.510559 -1.174927 -0.289856 99.493
1770200587.7489 Rx ;65acc 0.431396 0.062012 0.820801 99.493
1770200587.7489 Rx ;02vel 99.4930 0.060 0.151 0.3965 0.060 4
1770200587.7497 Txd ;23motv 0.51 1.44
1770200587.7522 Rx ;55pose 99.4960 0.616 0.022 0.4857 -2.6975
1770200587.7523 Rx ;04mca 0.133 0.141 16
1770200587.7555 Rx ;48ird 0.112 0.103 17222 18467 1
1770200587.7576 Rx ;47pose 99.5010 0.616 0.022 0.4869 -2.6977
1770200587.7577 Rx ;97vel 99.5010 0.059 0.154 0.4141 0.059 4
1770200587.7578 Rx ;96livn 35 35 46 69 70 39 36 42 92
1770200587.7580 Txd ;20motv 0.50 1.42
1770200587.7610 Rx ;63gyro -1.334534 -1.846313 -0.320374 99.505
1770200587.7611 Rx ;74acc 0.443359 0.053711 0.841553 99.505
1770200587.7612 Rx ;36mot 0.5 1.4 0.1 0.1 0
1770200587.7623 Rx ;49pose 99.5060 0.617 0.023 0.4892 -2.6976
1770200587.7624 Rx ;72liv 29 32 44 55 63 39 35 30 25
1770200587.7656 Rx ;07hbt 99.5090 107 1033 15.64 4 8 9.0 0.47 0
1770200587.7657 Rx ;01vel 99.5090 0.063 0.158 0.4142 0.063 4
1770200587.7668 Txd ;30motv 0.45 1.39
1770200587.7668 Rx ;39pose 99.5110 0.617 0.023 0.4915 -2.6974
1770200587.7669 Rx ;03livn 35 35 46 69 70 39 37 42 97
1770200587.7722 Rx ;47pose 99.5160 0.618 0.023 0.4927 -2.6973
1770200587.7733 Rx ;90gyro -0.357971 -0.137329 -4.409729 99.517
1770200587.7734 Rx ;86acc 0.427734 0.047119 0.858154 99.517
1770200587.7735 Rx ;99vel 99.5170 0.063 0.157 0.4062 0.063 4
1770200587.7741 Txd ;20motv 0.43 1.40
1770200587.7767 Rx ;40pose 99.5210 0.618 0.023 0.4961 -2.6972
1770200587.7779 Rx ;29livn 35 34 46 70 70 39 37 42 102
1770200587.7800 Rx ;52ird 0.112 0.102 17192 18646 1
1770200587.7811 Rx ;05vel 99.5250 0.058 0.157 0.4303 0.058 4
1770200587.7818 Txd ;30motv 0.45 1.39
1770200587.7823 Rx ;48pose 99.5260 0.618 0.023 0.4973 -2.6972
1770200587.7845 Rx ;53gyro -0.907288 0.167847 -3.555237 99.529
1770200587.7845 Rx ;91acc 0.392090 0.001709 0.929688 99.529
1770200587.7857 Rx ;18mca 0.177 0.137 17
1770200587.7868 Rx ;53pose 99.5310 0.619 0.024 0.4996 -2.6974
1770200587.7879 Rx ;41livn 34 34 46 69 70 39 37 42 107
1770200587.7890 Rx ;16vel 99.5330 0.058 0.159 0.4376 0.058 4
1770200587.7901 Txd ;27motv 0.43 1.38
1770200587.7922 Rx ;37pose 99.5360 0.620 0.024 0.5008 -2.6976
1770200587.7944 Rx ;86mot 0.43 1.4 0.1 0.1 0
1770200587.7966 Rx ;27gyro -0.266418 -2.273560 1.052917 99.541
1770200587.7967 Rx ;31acc 0.365723 -0.041992 0.719482 99.541
1770200587.7968 Rx ;30pose 99.5410 0.620 0.024 0.5031 -2.6977
1770200587.7968 Rx ;10vel 99.5410 0.079 0.154 0.3254 0.079 4
1770200587.7969 Rx ;37livn 34 34 46 69 70 39 37 42 112
1770200587.7974 Txd ;22motv 0.26 1.41
1770200587.8023 Rx ;41pose 99.5460 0.621 0.025 0.5042 -2.6979
1770200587.8055 Rx ;56ird 0.112 0.103 17198 18562 1
1770200587.8056 Rx ;19vel 99.5490 0.083 0.149 0.2892 0.083 4
1770200587.8062 Txd ;28motv 0.19 1.45
1770200587.8067 Rx ;34pose 99.5510 0.621 0.025 0.5054 -2.6982
1770200587.8078 Rx ;41livn 34 34 46 69 70 39 37 41 117
1770200587.8090 Rx ;31gyro 0.191345 1.144409 1.113953 99.553
1770200587.8090 Rx ;84acc 0.429688 0.062500 0.870850 99.553
1770200587.8123 Rx ;44pose 99.5560 0.622 0.025 0.5077 -2.6981
1770200587.8123 Rx ;74liv 23 27 44 54 66 36 34 27 25
1770200587.8134 Rx ;90vel 99.5570 0.080 0.151 0.3103 0.080 4
1770200587.8145 Txd ;25motv 0.17 1.44
1770200587.8167 Rx ;34pose 99.5610 0.622 0.025 0.5100 -2.6979
1770200587.8178 Rx ;38livn 34 34 46 69 71 39 37 41 122
1770200587.8179 Rx ;16mca 0.159 0.145 16
1770200587.8211 Rx ;41gyro -1.609192 -1.266479 1.907410 99.565
1770200587.8212 Rx ;05acc 0.394287 0.036865 0.868408 99.565
1770200587.8213 Rx ;01vel 99.5650 0.073 0.154 0.3512 0.073 4
1770200587.8217 Txd ;25motv 0.19 1.42
1770200587.8224 Rx ;46pose 99.5660 0.623 0.026 0.5123 -2.6979
1770200587.8267 Rx ;43pose 99.5710 0.623 0.026 0.5158 -2.6981
1770200587.8278 Rx ;41livn 34 34 46 69 71 38 36 41 127
1770200587.8279 Rx ;89mot 0.19 1.4 0.1 0.1 0
1770200587.8290 Rx ;18vel 99.5730 0.065 0.156 0.3967 0.065 4
1770200587.8295 Txd ;18motv 0.22 1.41
1770200587.8301 Rx ;55ird 0.112 0.103 17178 18536 1
1770200587.8323 Rx ;42pose 99.5760 0.623 0.026 0.5170 -2.6981
1770200587.8324 Rx ;27gyro -0.022278 0.961304 -0.015198 99.577
1770200587.8325 Rx ;96acc 0.438477 0.037842 0.861084 99.577
1770200587.8368 Rx ;47pose 99.5810 0.624 0.026 0.5216 -2.6979
1770200587.8368 Rx ;11vel 99.5810 0.049 0.160 0.4835 0.049 4
1770200587.8369 Rx ;37livn 34 34 46 69 70 39 36 41 132
1770200587.8378 Txd ;24motv 0.31 1.38
1770200587.8422 Rx ;57pose 99.5860 0.624 0.027 0.5239 -2.6978
1770200587.8444 Rx ;57gyro -0.724182 0.167847 -0.289856 99.589
1770200587.8445 Rx ;42acc 0.433105 -0.021729 0.937988 99.589
1770200587.8457 Rx ;04vel 99.5890 0.042 0.158 0.5034 0.042 4
1770200587.8462 Txd ;30motv 0.36 1.39
1770200587.8468 Rx ;54pose 99.5910 0.625 0.027 0.5274 -2.6979
1770200587.8479 Rx ;43livn 34 34 46 69 70 39 37 41 137
1770200587.8511 Rx ;07mca 0.108 0.132 17
1770200587.8522 Rx ;61pose 99.5960 0.625 0.027 0.5285 -2.6979
1770200587.8533 Rx ;07vel 99.5970 0.034 0.157 0.5343 0.034 4
1770200587.8540 Txd ;28motv 0.43 1.39
1770200587.8555 Rx ;63ird 0.112 0.104 17197 18398 1
1770200587.8567 Rx ;28gyro -0.052795 0.015259 -0.625549 99.601
1770200587.8568 Rx ;31acc 0.420898 -0.010986 0.842529 99.601
1770200587.8568 Rx ;45pose 99.6010 0.626 0.027 0.5308 -2.6979
1770200587.8569 Rx ;38livn 34 34 46 69 70 39 36 41 142
1770200587.8585 Txd ;62leds 14 0 80 0
1770200587.8601 Rx ;86mot 0.43 1.4 0.1 0.1 0
1770200587.8612 Rx ;04vel 99.6050 0.036 0.155 0.5159 0.036 4
1770200587.8620 Txd ;19motv 0.42 1.40
1770200587.8624 Rx ;46pose 99.6060 0.626 0.028 0.5331 -2.6978
1770200587.8624 Rx ;68liv 29 32 42 51 61 39 32 28 25
1770200587.8667 Rx ;41pose 99.6110 0.626 0.028 0.5355 -2.6980
1770200587.8678 Rx ;44livn 34 34 46 69 70 39 37 41 147
1770200587.8690 Rx ;28gyro 0.099792 -0.381470 -0.320374 99.613
1770200587.8690 Rx ;21acc 0.424316 -0.011475 0.906982 99.613
1770200587.8691 Rx ;10vel 99.6130 0.047 0.148 0.4395 0.047 4
1770200587.8697 Txd ;27motv 0.35 1.46
1770200587.8723 Rx ;52pose 99.6160 0.627 0.028 0.5378 -2.6980
1770200587.8777 Rx ;36pose 99.6210 0.627 0.028 0.5401 -2.6981
1770200587.8778 Rx ;05vel 99.6210 0.046 0.151 0.4588 0.046 4
1770200587.8778 Rx ;41livn 34 34 46 69 70 39 37 42 152
1770200587.8781 Txd ;26motv 0.36 1.44
1770200587.8800 Rx ;55ird 0.114 0.104 16922 18366 1
1770200587.8811 Rx ;35gyro 0.069275 -0.595093 -0.045715 99.625
1770200587.8812 Rx ;45acc 0.417236 -0.015869 0.865967 99.625
1770200587.8823 Rx ;51pose 99.6260 0.628 0.029 0.5436 -2.6981
1770200587.8845 Rx ;14mca 0.109 0.148 16
1770200587.8856 Rx ;18vel 99.6290 0.048 0.160 0.4886 0.048 4
1770200587.8864 Txd ;27motv 0.34 1.38
1770200587.8867 Rx ;50pose 99.6310 0.628 0.029 0.5447 -2.6982
1770200587.8879 Rx ;44livn 34 33 46 69 70 38 37 42 157
1770200587.8922 Rx ;52pose 99.6360 0.629 0.029 0.5470 -2.6982
1770200587.8933 Rx ;33gyro 0.313416 -0.167847 -0.350891 99.637
1770200587.8934 Rx ;11acc 0.419678 0.010498 0.885986 99.637
1770200587.8934 Rx ;22vel 99.6370 0.045 0.159 0.4979 0.045 4
1770200587.8935 Rx ;86mot 0.34 1.4 0.1 0.1 0
1770200587.8942 Txd ;29motv 0.36 1.38
1770200587.8967 Rx ;45pose 99.6410 0.629 0.030 0.5493 -2.6982
1770200587.8978 Rx ;41livn 34 34 46 69 70 38 37 42 162
1770200587.9011 Rx ;05vel 99.6450 0.054 0.156 0.4444 0.054 4
1770200587.9022 Rx ;44pose 99.6460 0.629 0.030 0.5505 -2.6982
1770200587.9025 Txd ;24motv 0.29 1.40
1770200587.9044 Rx ;89gyro -0.449524 -0.228882 -0.137268 99.649
1770200587.9045 Rx ;45acc 0.414795 -0.000732 0.899658 99.649
1770200587.9056 Rx ;46ird 0.115 0.104 16710 18460 1
1770200587.9067 Rx ;32pose 99.6510 0.630 0.030 0.5540 -2.6983
1770200587.9078 Rx ;46livn 34 34 46 69 70 38 37 42 167
1770200587.9090 Rx ;03vel 99.6530 0.053 0.158 0.4551 0.053 4
1770200587.9097 Txd ;31motv 0.29 1.38
1770200587.9122 Rx ;42pose 99.6560 0.630 0.030 0.5563 -2.6983
1770200587.9123 Rx ;73liv 24 28 48 57 62 35 34 31 25
1770200587.9166 Rx ;80gyro -0.327454 -0.167847 -0.015198 99.661
1770200587.9166 Rx ;24acc 0.424072 -0.005371 0.899902 99.661
1770200587.9178 Rx ;07mca 0.109 0.131 17
1770200587.9178 Rx ;47pose 99.6610 0.631 0.031 0.5597 -2.6983
1770200587.9179 Rx ;91vel 99.6610 0.053 0.152 0.4313 0.053 4
1770200587.9179 Rx ;43livn 34 34 46 69 70 39 37 42 172
1770200587.9181 Txd ;25motv 0.28 1.42
1770200587.9223 Rx ;40pose 99.6660 0.631 0.031 0.5621 -2.6983
1770200587.9255 Rx ;11vel 99.6690 0.046 0.146 0.4371 0.046 4
1770200587.9266 Txd ;25motv 0.32 1.47
1770200587.9267 Rx ;89mot 0.28 1.4 0.1 0.1 0
1770200587.9278 Rx ;39pose 99.6710 0.631 0.031 0.5632 -2.6984
1770200587.9279 Rx ;44livn 34 33 46 69 70 38 36 41 177
1770200587.9290 Rx ;86gyro -0.663147 0.015259 0.045837 99.673
1770200587.9291 Rx ;25acc 0.431152 -0.007568 0.915283 99.673
1770200587.9308 Rx ;56ird 0.117 0.104 16485 18351 1
1770200587.9320 Rx ;50pose 99.6760 0.632 0.031 0.5655 -2.6984
1770200587.9331 Rx ;07vel 99.6770 0.043 0.153 0.4790 0.043 4
1770200587.9344 Txd ;24motv 0.35 1.43
1770200587.9375 Rx ;52pose 99.6810 0.632 0.032 0.5678 -2.6984
1770200587.9379 Rx ;41livn 34 33 46 69 70 39 36 41 182
1770200587.9412 Rx ;10gyro -0.693665 0.228882 0.167908 99.685
1770200587.9415 Rx ;34acc 0.415771 -0.016113 0.892578 99.685
1770200587.9416 Rx ;05vel 99.6850 0.051 0.155 0.4519 0.051 4
1770200587.9422 Txd ;26motv 0.29 1.42
1770200587.9427 Rx ;45pose 99.6860 0.633 0.032 0.5701 -2.6984
1770200587.9472 Rx ;46pose 99.6910 0.633 0.032 0.5725 -2.6983
1770200587.9472 Rx ;45livn 34 33 46 69 70 38 36 41 187
1770200587.9494 Rx ;02vel 99.6930 0.053 0.155 0.4432 0.053 4
1770200587.9506 Rx ;12mca 0.153 0.147 16
1770200587.9508 Txd ;24motv 0.27 1.42
1770200587.9528 Rx ;60pose 99.6960 0.634 0.032 0.5759 -2.6984
1770200587.9529 Rx ;38gyro -0.174866 0.015259 -0.045715 99.697
1770200587.9530 Rx ;43acc 0.421143 -0.021973 0.889893 99.697
1770200587.9551 Rx ;49ird 0.120 0.104 16117 18385 1
1770200587.9575 Rx ;42pose 99.7010 0.634 0.033 0.5771 -2.6984
1770200587.9576 Rx ;99vel 99.7010 0.052 0.159 0.4627 0.052 4
1770200587.9579 Rx ;35livn 34 33 46 70 70 39 37 41 192
1770200587.9583 Txd ;29motv 0.26 1.39
1770200587.9601 Rx ;87mot 0.26 1.4 0.1 0.1 0
1770200587.9622 Rx ;54pose 99.7060 0.635 0.033 0.5794 -2.6985
1770200587.9624 Rx ;71liv 29 30 44 56 66 40 34 27 25
1770200587.9647 Rx ;68gyro 0.008240 0.015259 -0.442444 99.709
1770200587.9648 Rx ;36acc 0.427490 -0.024414 0.890869 99.709
1770200587.9649 Rx ;04vel 99.7090 0.053 0.160 0.4638 0.053 4
1770200587.9656 Txd ;26motv 0.25 1.37
1770200587.9671 Rx ;46pose 99.7110 0.635 0.033 0.5817 -2.6985
1770200587.9672 Rx ;49livn 34 34 46 69 70 39 37 41 197
1770200587.9726 Rx ;55pose 99.7160 0.635 0.034 0.5829 -2.6985
1770200587.9738 Rx ;17vel 99.7170 0.059 0.156 0.4185 0.059 4
1770200587.9741 Txd ;23motv 0.19 1.40
1770200587.9771 Rx ;34gyro 0.191345 0.045776 0.137390 99.721
1770200587.9771 Rx ;28acc 0.413330 -0.019775 0.891846 99.721
1770200587.9772 Rx ;50pose 99.7210 0.636 0.034 0.5863 -2.6985
1770200587.9773 Rx ;29livn 35 34 46 70 70 39 37 41 202
1770200587.9805 Rx ;60ird 0.121 0.104 15979 18434 1
1770200587.9818 Rx ;97vel 99.7250 0.060 0.150 0.3919 0.060 4
1770200587.9820 Rx ;58pose 99.7260 0.636 0.034 0.5875 -2.6985
1770200587.9827 Txd ;25motv 0.17 1.44
1770200587.9831 Rx ;17mca 0.169 0.135 17
1770200587.9874 Rx ;60pose 99.7310 0.637 0.034 0.5898 -2.6985
1770200587.9875 Rx ;35livn 35 34 46 70 71 39 37 41 207
1770200587.9886 Rx ;37gyro 0.557556 -0.045776 -0.045715 99.733
1770200587.9888 Rx ;35acc 0.423828 -0.012939 0.906494 99.733
1770200587.9890 Rx ;08vel 99.7330 0.056 0.151 0.4099 0.056 4
1770200587.9897 Txd ;26motv 0.18 1.44
1770200587.9923 Rx ;54pose 99.7360 0.637 0.035 0.5921 -2.6986
1770200587.9924 Rx ;88mot 0.18 1.4 0.1 0.1 0
1770200587.9977 Rx ;54pose 99.7410 0.638 0.035 0.5933 -2.6986
1770200587.9979 Rx ;98vel 99.7410 0.055 0.153 0.4280 0.055 4
1770200587.9980 Rx ;31livn 35 34 46 70 71 39 37 41 212
1770200587.9989 Txd ;25motv 0.18 1.43
1770200588.0012 Rx ;83gyro 0.404968 0.320435 -0.564514 99.745
1770200588.0013 Rx ;26acc 0.422607 -0.008545 0.905518 99.745
1770200588.0024 Rx ;64pose 99.7460 0.638 0.035 0.5956 -2.6986
1770200588.0047 Rx ;43ird 0.123 0.103 15812 18502 1
1770200588.0048 Rx ;21vel 99.7490 0.055 0.158 0.4478 0.055 4
1770200588.0056 Txd ;21motv 0.17 1.40
1770200588.0069 Rx ;60pose 99.7510 0.638 0.036 0.5991 -2.6986
1770200588.0071 Rx ;36livn 35 34 47 70 70 39 37 41 217
1770200588.0126 Rx ;50pose 99.7560 0.639 0.036 0.6002 -2.6986
1770200588.0127 Rx ;75liv 28 33 48 56 62 38 35 30 25
1770200588.0128 Rx ;01gyro 0.374451 0.167847 -0.259338 99.757
1770200588.0128 Rx ;27acc 0.412842 -0.015381 0.913818 99.757
1770200588.0129 Rx ;11vel 99.7570 0.055 0.159 0.4513 0.055 4
1770200588.0142 Txd ;27motv 0.16 1.38
1770200588.0161 Rx ;15mca 0.146 0.139 16
1770200588.0174 Rx ;55pose 99.7610 0.639 0.036 0.6037 -2.6987
1770200588.0176 Rx ;31livn 34 34 47 70 70 39 37 41 222
1770200588.0208 Rx ;10vel 99.7650 0.051 0.159 0.4692 0.051 4
1770200588.0217 Txd ;29motv 0.18 1.38
1770200588.0220 Rx ;48pose 99.7660 0.640 0.036 0.6060 -2.6987
1770200588.0253 Rx ;92gyro 0.496521 -0.289917 0.351013 99.769
1770200588.0254 Rx ;37acc 0.402588 -0.020996 0.864014 99.769
1770200588.0255 Rx ;88mot 0.18 1.4 0.1 0.1 0
1770200588.0276 Rx ;54pose 99.7710 0.640 0.037 0.6095 -2.6988
1770200588.0278 Rx ;37livn 34 34 47 70 70 39 37 42 227
1770200588.0291 Rx ;08vel 99.7730 0.043 0.155 0.4846 0.043 4
1770200588.0303 Rx ;47ird 0.123 0.103 15731 18524 1
1770200588.0304 Txd ;19motv 0.23 1.41
1770200588.0325 Rx ;56pose 99.7760 0.640 0.037 0.6118 -2.6989
1770200588.0368 Rx ;33gyro 0.466003 0.198364 1.205505 99.781
1770200588.0369 Rx ;19acc 0.406250 -0.006592 0.905029 99.781
1770200588.0369 Rx ;44pose 99.7810 0.641 0.037 0.6153 -2.6990
1770200588.0370 Rx ;17vel 99.7810 0.039 0.151 0.4868 0.039 4
1770200588.0370 Rx ;34livn 35 34 47 70 70 39 37 42 232
1770200588.0376 Txd ;25motv 0.26 1.44
1770200588.0424 Rx ;53pose 99.7860 0.641 0.038 0.6164 -2.6991
1770200588.0457 Rx ;16vel 99.7890 0.038 0.150 0.4871 0.038 4
1770200588.0460 Txd ;28motv 0.28 1.45
1770200588.0468 Rx ;56pose 99.7910 0.642 0.038 0.6187 -2.6992
1770200588.0469 Rx ;39livn 35 34 47 70 70 39 37 42 237
1770200588.0491 Rx ;37gyro 1.412048 0.534058 2.426208 99.793
1770200588.0491 Rx ;23acc 0.402344 -0.046631 0.951904 99.793
1770200588.0492 Rx ;07mca 0.107 0.142 17
1770200588.0524 Rx ;49pose 99.7960 0.642 0.038 0.6210 -2.6993
1770200588.0536 Rx ;96vel 99.7970 0.040 0.155 0.5024 0.040 4
1770200588.0538 Txd ;24motv 0.27 1.42
1770200588.0547 Rx ;52ird 0.124 0.104 15673 18432 1
1770200588.0569 Rx ;47pose 99.8010 0.642 0.038 0.6245 -2.6996
1770200588.0570 Rx ;35livn 35 34 47 70 70 39 37 42 242
1770200588.0592 Rx ;88mot 0.27 1.4 0.1 0.1 0
1770200588.0593 Txd ;64leds 14 0 55 0
1770200588.0614 Rx ;02gyro 1.198425 -0.900269 4.653992 99.805
1770200588.0615 Rx ;46acc 0.390869 -0.015625 0.886963 99.805
1770200588.0615 Rx ;98vel 99.8050 0.040 0.158 0.5168 0.040 4
1770200588.0627 Txd ;31motv 0.28 1.39
1770200588.0627 Rx ;54pose 99.8060 0.643 0.039 0.6280 -2.6997
1770200588.0627 Rx ;74liv 27 29 43 55 63 36 34 33 25
1770200588.0670 Rx ;50pose 99.8110 0.643 0.039 0.6314 -2.6999
1770200588.0671 Rx ;40livn 35 34 47 70 70 39 37 42 247
1770200588.0693 Rx ;09vel 99.8130 0.038 0.162 0.5359 0.038 4
1770200588.0699 Txd ;21motv 0.30 1.36
1770200588.0725 Rx ;63pose 99.8160 0.643 0.039 0.6349 -2.6999
1770200588.0726 Rx ;78gyro 2.022400 -0.717163 4.562439 99.817
1770200588.0727 Rx ;67acc 0.416260 0.016602 0.860352 99.817
1770200588.0770 Rx ;33pose 99.8210 0.644 0.039 0.6384 -2.7000
1770200588.0771 Rx ;90vel 99.8210 0.033 0.157 0.5402 0.033 4
1770200588.0771 Rx ;34livn 34 34 47 70 70 38 37 42 252
1770200588.0777 Txd ;28motv 0.34 1.39
1770200588.0804 Rx ;59ird 0.123 0.103 15747 18484 1
1770200588.0826 Rx ;07mca 0.109 0.132 16
1770200588.0826 Rx ;55pose 99.8260 0.644 0.040 0.6419 -2.6999
1770200588.0849 Rx ;36gyro 2.205505 0.473022 3.646912 99.829
1770200588.0849 Rx ;78acc 0.430664 0.000977 0.875000 99.829
1770200588.0850 Rx ;16vel 99.8290 0.029 0.156 0.5509 0.029 4
1770200588.0855 Txd ;33motv 0.39 1.39
1770200588.0872 Rx ;48pose 99.8310 0.644 0.040 0.6453 -2.6998
1770200588.0873 Rx ;41livn 34 34 47 70 71 39 37 42 257
1770200588.0916 Rx ;91mot 0.39 1.4 0.1 0.1 0
1770200588.0927 Rx ;59pose 99.8360 0.645 0.040 0.6476 -2.6998
1770200588.0928 Rx ;96vel 99.8370 0.023 0.155 0.5720 0.023 4
1770200588.0939 Txd ;22motv 0.45 1.40
1770200588.0970 Rx ;06gyro 2.297058 -0.198364 3.952087 99.841
1770200588.0971 Rx ;29acc 0.415771 -0.023682 0.917725 99.841
1770200588.0972 Rx ;46pose 99.8410 0.645 0.040 0.6511 -2.6999
1770200588.0973 Rx ;38livn 35 34 47 70 71 39 37 42 262
1770200588.1015 Rx ;01vel 99.8450 0.020 0.148 0.5567 0.020 4
1770200588.1023 Txd ;23motv 0.50 1.45
1770200588.1026 Rx ;59pose 99.8460 0.645 0.040 0.6546 -2.6999
1770200588.1048 Rx ;51ird 0.124 0.102 15712 18637 1
1770200588.1070 Rx ;52pose 99.8510 0.645 0.041 0.6580 -2.6997
1770200588.1071 Rx ;43livn 35 34 47 70 71 39 37 42 267
1770200588.1092 Rx ;74gyro 2.693787 0.778198 3.341736 99.853
1770200588.1093 Rx ;80acc 0.420166 0.005371 0.872559 99.853
1770200588.1094 Rx ;96vel 99.8530 0.017 0.151 0.5801 0.017 4
1770200588.1101 Txd ;27motv 0.55 1.44
1770200588.1126 Rx ;56pose 99.8560 0.646 0.041 0.6615 -2.6996
1770200588.1127 Rx ;75liv 26 33 45 56 67 37 30 27 25
1770200588.1148 Rx ;08mca 0.123 0.145 17
1770200588.1170 Rx ;49pose 99.8610 0.646 0.041 0.6650 -2.6994
1770200588.1171 Rx ;01vel 99.8610 0.015 0.158 0.6235 0.015 4
1770200588.1171 Rx ;36livn 35 34 46 70 71 38 36 42 272
1770200588.1183 Txd ;35motv 0.59 1.39
1770200588.1214 Rx ;55gyro 2.419128 0.808716 2.700867 99.865
1770200588.1215 Rx ;87acc 0.432861 0.016113 0.892578 99.865
1770200588.1226 Rx ;58pose 99.8660 0.646 0.041 0.6673 -2.6993
1770200588.1248 Rx ;93mot 0.59 1.4 0.1 0.1 0
1770200588.1248 Rx ;06vel 99.8690 0.014 0.157 0.6235 0.014 4
1770200588.1256 Txd ;30motv 0.63 1.39
1770200588.1270 Rx ;55pose 99.8710 0.647 0.042 0.6719 -2.6991
1770200588.1271 Rx ;43livn 35 34 46 70 71 39 37 42 277
1770200588.1304 Rx ;57ird 0.124 0.101 15645 18864 1
1770200588.1326 Rx ;55pose 99.8760 0.647 0.042 0.6742 -2.6990
1770200588.1327 Rx ;68gyro 1.991882 2.029419 1.297058 99.877
1770200588.1328 Rx ;95acc 0.446533 0.035156 0.914795 99.877
1770200588.1329 Rx ;94vel 99.8770 0.012 0.157 0.6310 0.012 4
1770200588.1335 Txd ;35motv 0.68 1.39
1770200588.1372 Rx ;68pose 99.8810 0.647 0.042 0.6789 -2.6987
1770200588.1376 Rx ;39livn 35 34 46 70 71 39 37 42 282
1770200588.1409 Rx ;96vel 99.8850 0.011 0.160 0.6483 0.011 4
1770200588.1412 Txd ;29motv 0.73 1.37
1770200588.1421 Rx ;60pose 99.8860 0.648 0.042 0.6812 -2.6986
1770200588.1453 Rx ;44gyro 1.412048 1.632690 0.717224 99.889
1770200588.1454 Rx ;90acc 0.416504 0.015137 0.895508 99.889
1770200588.1476 Rx ;62pose 99.8910 0.648 0.043 0.6846 -2.6984
1770200588.1477 Rx ;43livn 34 34 46 70 71 39 37 42 287
1770200588.1478 Rx ;11mca 0.186 0.131 16
1770200588.1489 Rx ;91vel 99.8930 0.010 0.151 0.6139 0.010 4
1770200588.1495 Txd ;30motv 0.77 1.43
1770200588.1521 Rx ;63pose 99.8960 0.648 0.043 0.6870 -2.6983
1770200588.1554 Rx ;69ird 0.124 0.099 15636 19247 1
1770200588.1565 Rx ;39gyro 0.740662 3.005981 0.595154 99.901
1770200588.1566 Rx ;80acc 0.411865 0.026855 0.882080 99.901
1770200588.1577 Rx ;54pose 99.9010 0.649 0.043 0.6893 -2.6981
1770200588.1578 Rx ;83vel 99.9010 0.010 0.144 0.5842 0.010 4
1770200588.1578 Rx ;39livn 35 34 46 70 71 39 36 42 292
1770200588.1579 Rx ;93mot 0.77 1.4 0.1 0.1 0
1770200588.1585 Txd ;31motv 0.81 1.49
1770200588.1622 Rx ;63pose 99.9060 0.649 0.044 0.6916 -2.6979
1770200588.1623 Rx ;70liv 26 32 42 56 63 38 31 28 25
1770200588.1655 Rx ;98vel 99.9090 0.009 0.152 0.6203 0.009 4
1770200588.1669 Txd ;31motv 0.86 1.44
1770200588.1677 Rx ;52pose 99.9110 0.650 0.044 0.6927 -2.6978
1770200588.1677 Rx ;44livn 35 34 46 70 71 39 36 42 297
1770200588.1689 Rx ;49gyro 1.076355 3.707886 2.304138 99.913
1770200588.1689 Rx ;05acc 0.401855 -0.004150 0.921143 99.913
1770200588.1722 Rx ;52pose 99.9160 0.650 0.044 0.6950 -2.6977
1770200588.1733 Rx ;16vel 99.9170 0.038 0.157 0.5186 0.038 4
1770200588.1741 Txd ;28motv 0.68 1.41
1770200588.1776 Rx ;52pose 99.9210 0.650 0.045 0.6974 -2.6974
1770200588.1776 Rx ;30livn 31 31 52 74 77 36 33 48 1
1770200588.1798 Rx ;70ird 0.124 0.098 15682 19419 1
1770200588.1809 Rx ;56gyro 0.374451 7.919312 3.738464 99.925
1770200588.1810 Rx ;95acc 0.456787 0.020020 0.899658 99.925
1770200588.1811 Rx ;07mca 0.152 0.151 17
1770200588.1811 Rx ;22vel 99.9250 0.059 0.159 0.4357 0.059 4
1770200588.1813 Txd ;29motv 0.53 1.39
1770200588.1823 Rx ;67pose 99.9260 0.651 0.045 0.6997 -2.6969
1770200588.1876 Rx ;40pose 99.9310 0.651 0.045 0.7020 -2.6959
1770200588.1877 Rx ;38livn 36 33 46 70 74 36 29 43 6
1770200588.1899 Rx ;07vel 99.9330 0.065 0.163 0.4255 0.065 4
1770200588.1907 Txd ;28motv 0.47 1.35
1770200588.1910 Rx ;87mot 0.53 1.4 0.1 0.1 0
1770200588.1921 Rx ;40pose 99.9360 0.652 0.046 0.7031 -2.6950
1770200588.1932 Rx ;02gyro 1.137390 11.520386 2.395691 99.937
1770200588.1933 Rx ;33acc 0.457031 -0.014404 0.885498 99.937
1770200588.1976 Rx ;47pose 99.9410 0.652 0.046 0.7055 -2.6937
1770200588.1977 Rx ;12vel 99.9410 0.066 0.159 0.4074 0.066 4
1770200588.1978 Rx ;88livn 37 34 49 75 75 35 30 38 11
1770200588.1985 Txd ;27motv 0.44 1.37
1770200588.2020 Rx ;54pose 99.9460 0.652 0.046 0.7066 -2.6928
1770200588.2053 Rx ;93gyro 3.487244 9.719849 3.768982 99.949
1770200588.2053 Rx ;52acc 0.379150 -0.061279 0.798584 99.949
1770200588.2054 Rx ;73ird 0.123 0.096 15760 19698 1
1770200588.2055 Rx ;12vel 99.9490 0.072 0.154 0.3591 0.072 4
1770200588.2057 Txd ;24motv 0.37 1.41
1770200588.2077 Rx ;56pose 99.9510 0.653 0.047 0.7089 -2.6918
1770200588.2077 Rx ;93livn 37 36 49 77 75 34 33 41 16
1770200588.2120 Rx ;43pose 99.9560 0.653 0.047 0.7112 -2.6913
1770200588.2121 Rx ;77liv 29 32 46 58 67 37 33 30 25
1770200588.2132 Rx ;11vel 99.9570 0.068 0.150 0.3522 0.068 4
1770200588.2140 Txd ;27motv 0.37 1.44
1770200588.2143 Rx ;13mca 0.155 0.128 16
1770200588.2165 Rx ;79gyro 4.341736 10.025024 5.142273 99.961
1770200588.2165 Rx ;17acc 0.406006 -0.015625 0.951660 99.961
1770200588.2177 Rx ;46pose 99.9610 0.654 0.048 0.7124 -2.6906
1770200588.2177 Rx ;86livn 38 35 50 77 75 36 34 43 21
1770200588.2210 Rx ;13vel 99.9650 0.063 0.149 0.3752 0.063 4
1770200588.2218 Txd ;29motv 0.38 1.45
1770200588.2221 Rx ;50pose 99.9660 0.654 0.048 0.7147 -2.6900
1770200588.2232 Rx ;91mot 0.38 1.5 0.1 0.1 0
1770200588.2275 Rx ;64pose 99.9710 0.655 0.048 0.7159 -2.6887
1770200588.2276 Rx ;91livn 35 34 50 78 75 37 35 44 26
1770200588.2287 Rx ;07gyro 4.158630 14.755249 3.158630 99.973
1770200588.2288 Rx ;09acc 0.469727 0.065918 0.960449 99.973
1770200588.2299 Rx ;07vel 99.9730 0.074 0.152 0.3407 0.074 4
1770200588.2299 Rx ;75ird 0.123 0.096 15797 19816 1
1770200588.2313 Txd ;27motv 0.28 1.44
1770200588.2321 Rx ;62pose 99.9760 0.655 0.049 0.7170 -2.6877
1770200588.2375 Rx ;64pose 99.9810 0.656 0.049 0.7193 -2.6859
1770200588.2376 Rx ;25vel 99.9810 0.079 0.159 0.3481 0.079 4
1770200588.2376 Rx ;89livn 35 35 51 78 75 38 35 43 31
1770200588.2385 Txd ;24motv 0.21 1.39
1770200588.2408 Rx ;04gyro 2.663269 18.203735 1.144470 99.985
1770200588.2409 Rx ;98acc 0.421875 0.041748 0.939209 99.985
1770200588.2420 Rx ;61pose 99.9860 0.656 0.049 0.7205 -2.6848
1770200588.2453 Rx ;29vel 99.9890 0.079 0.159 0.3513 0.079 4
1770200588.2462 Txd ;28motv 0.17 1.38
1770200588.2474 Rx ;10mca 0.161 0.145 17
1770200588.2475 Rx ;45pose 99.9910 0.656 0.050 0.7228 -2.6830
1770200588.2476 Rx ;95livn 34 34 50 78 77 39 35 44 36
1770200588.2529 Rx ;50pose 99.9960 0.657 0.050 0.7240 -2.6817
1770200588.2529 Rx ;47gyro 1.473083 19.302368 -0.076233 99.997
1770200588.2530 Rx ;90acc 0.401855 0.064453 0.855225 99.997
1770200588.2531 Rx ;32vel 99.9970 0.078 0.158 0.3484 0.078 4
1770200588.2534 Txd ;26motv 0.14 1.39
1770200588.2553 Rx ;52ird 0.124 0.095 15681 20017 1
1770200588.2564 Rx ;84mot 0.14 1.4 0.1 0.1 0
1770200588.2575 Rx ;73pose 100.0010 0.657 0.051 0.7274 -2.6797
1770200588.2576 Rx ;93livn 34 34 50 78 78 39 36 44 41
1770200588.2601 Txd ;57leds 14 0 30 0
1770200588.2618 Rx ;48vel 100.0050 0.069 0.156 0.3788 0.069 4
1770200588.2619 Rx ;80pose 100.0060 0.657 0.051 0.7297 -2.6785
1770200588.2620 Rx ;65liv 26 28 48 60 72 40 33 31 25
1770200588.2628 Txd ;21motv 0.17 1.40
1770200588.2652 Rx ;75gyro 0.252380 17.532349 -2.792297 100.009
1770200588.2653 Rx ;09acc 0.402588 0.079346 0.801514 100.009
1770200588.2654 Rx ;58dname Robobot Arthur
1770200588.2654 Rx ;29hbt 100.0090 107 1033 15.64 4 8 9.0 0.43 0
1770200588.2676 Rx ;66pose 100.0110 0.658 0.051 0.7332 -2.6766
1770200588.2677 Rx ;07livn 35 33 49 78 79 39 35 44 46
1770200588.2698 Rx ;12vel 100.0130 0.055 0.151 0.4200 0.055 4
1770200588.2701 Txd ;23motv 0.25 1.43
1770200588.2720 Rx ;74pose 100.0160 0.658 0.051 0.7355 -2.6755
1770200588.2774 Rx ;02gyro -2.005920 13.656616 -4.196106 100.021
1770200588.2775 Rx ;97acc 0.341553 0.083008 0.709473 100.021
1770200588.2775 Rx ;65pose 100.0210 0.658 0.052 0.7390 -2.6741
1770200588.2776 Rx ;31vel 100.0210 0.047 0.147 0.4366 0.047 4
1770200588.2777 Rx ;03livn 35 33 49 78 79 39 36 43 51
1770200588.2789 Txd ;23motv 0.30 1.47
1770200588.2798 Rx ;67ird 0.126 0.093 15469 20469 1
1770200588.2799 Rx ;99mca 0.111 0.141 16
1770200588.2821 Rx ;67pose 100.0260 0.659 0.052 0.7413 -2.6732
1770200588.2853 Rx ;26vel 100.0290 0.034 0.153 0.5174 0.034 4
1770200588.2861 Txd ;20motv 0.40 1.43
1770200588.2875 Rx ;69pose 100.0310 0.659 0.052 0.7436 -2.6724
1770200588.2876 Rx ;91livn 35 33 50 78 79 40 36 43 56
1770200588.2887 Rx ;88gyro -2.311096 10.330200 -5.050598 100.033
1770200588.2888 Rx ;99acc 0.365234 0.082275 0.860107 100.033
1770200588.2899 Rx ;35mot 0.4 1.4 0.1 0.1 0
1770200588.2921 Rx ;76pose 100.0360 0.660 0.053 0.7459 -2.6719
1770200588.2932 Rx ;29vel 100.0370 0.033 0.157 0.5374 0.033 4
1770200588.2945 Txd ;19motv 0.42 1.40
1770200588.2975 Rx ;66pose 100.0420 0.660 0.053 0.7482 -2.6716
1770200588.2976 Rx ;91livn 36 34 50 78 79 41 37 43 61
1770200588.3008 Rx ;78gyro -4.691467 7.064819 -4.226624 100.045
1770200588.3009 Rx ;35acc 0.352539 0.054688 0.879883 100.045
1770200588.3009 Rx ;18vel 100.0460 0.042 0.159 0.5100 0.042 4
1770200588.3017 Txd ;30motv 0.36 1.39
1770200588.3021 Rx ;69pose 100.0470 0.661 0.054 0.7517 -2.6713
1770200588.3053 Rx ;62ird 0.128 0.088 15168 21470 1
1770200588.3075 Rx ;98livn 37 36 50 78 79 41 37 42 66
1770200588.3075 Rx ;67pose 100.0520 0.661 0.054 0.7529 -2.6712
1770200588.3097 Rx ;34vel 100.0540 0.045 0.157 0.4861 0.045 4
1770200588.3105 Txd ;20motv 0.34 1.40
1770200588.3119 Rx ;73liv 33 37 51 61 74 45 37 26 25
1770200588.3130 Rx ;69pose 100.0570 0.661 0.054 0.7563 -2.6711
1770200588.3131 Rx ;80gyro -6.308899 6.301880 -2.242981 100.057
1770200588.3132 Rx ;18acc 0.344482 0.020996 0.867432 100.057
1770200588.3132 Rx ;06mca 0.108 0.140 17
1770200588.3175 Rx ;34vel 100.0620 0.047 0.158 0.4830 0.047 4
1770200588.3175 Rx ;89livn 38 36 51 78 80 42 37 42 71
1770200588.3176 Rx ;71pose 100.0620 0.661 0.055 0.7587 -2.6710
1770200588.3178 Txd ;27motv 0.33 1.39
1770200588.3230 Rx ;64pose 100.0670 0.662 0.055 0.7610 -2.6710
1770200588.3230 Rx ;85mot 0.33 1.4 0.1 0.1 0
1770200588.3252 Rx ;54gyro -7.956848 5.996704 0.259460 100.069
1770200588.3253 Rx ;77acc 0.342773 -0.016846 0.873779 100.069
1770200588.3253 Rx ;38vel 100.0700 0.045 0.157 0.4867 0.045 4
1770200588.3267 Txd ;28motv 0.34 1.39
1770200588.3275 Rx ;95livn 38 36 51 79 80 42 37 42 76
1770200588.3276 Rx ;65pose 100.0720 0.662 0.055 0.7633 -2.6710
1770200588.3298 Rx ;64ird 0.129 0.088 15059 21490 1
1770200588.3331 Rx ;82pose 100.0770 0.663 0.056 0.7644 -2.6709
1770200588.3332 Rx ;46vel 100.0780 0.048 0.149 0.4383 0.048 4
1770200588.3340 Txd ;23motv 0.32 1.45
1770200588.3375 Rx ;26gyro -6.919250 6.423950 0.961365 100.081
1770200588.3378 Rx ;51acc 0.370605 -0.037354 0.932861 100.081
1770200588.3379 Rx ;94livn 38 37 52 79 80 42 38 42 81
1770200588.3380 Rx ;80pose 100.0820 0.663 0.056 0.7656 -2.6708
1770200588.3413 Rx ;22vel 100.0860 0.052 0.151 0.4305 0.052 4
1770200588.3419 Txd ;27motv 0.28 1.44
1770200588.3424 Rx ;75pose 100.0870 0.663 0.056 0.7702 -2.6706
1770200588.3467 Rx ;06mca 0.108 0.141 16
1770200588.3478 Rx ;93livn 38 38 52 80 80 41 39 43 86
1770200588.3479 Rx ;75pose 100.0920 0.664 0.057 0.7714 -2.6705
1770200588.3490 Rx ;61gyro -4.813538 5.142212 -0.472961 100.093
1770200588.3491 Rx ;54acc 0.404297 -0.050781 0.905029 100.093
1770200588.3491 Rx ;30vel 100.0940 0.053 0.157 0.4513 0.053 4
1770200588.3503 Txd ;22motv 0.27 1.40
1770200588.3524 Rx ;84pose 100.0970 0.664 0.057 0.7748 -2.6702
1770200588.3556 Rx ;51ird 0.130 0.088 15032 21476 1
1770200588.3557 Rx ;88mot 0.27 1.4 0.1 0.1 0
1770200588.3578 Rx ;33vel 100.1020 0.049 0.156 0.4670 0.049 4
1770200588.3579 Rx ;92livn 38 38 52 81 80 42 39 44 91
1770200588.3580 Rx ;67pose 100.1020 0.664 0.057 0.7772 -2.6701
1770200588.3587 Txd ;25motv 0.29 1.41
1770200588.3612 Rx ;39gyro -1.212463 2.120972 -3.372131 100.105
1770200588.3613 Rx ;63acc 0.386475 -0.067871 0.843262 100.105
1770200588.3625 Rx ;58liv 30 41 54 70 73 42 40 35 25
1770200588.3625 Rx ;72pose 100.1070 0.665 0.058 0.7806 -2.6701
1770200588.3658 Rx ;12vel 100.1100 0.042 0.158 0.5031 0.042 4
1770200588.3659 Txd ;28motv 0.34 1.39
1770200588.3679 Rx ;97livn 38 38 52 81 81 41 39 44 96
1770200588.3680 Rx ;73pose 100.1120 0.665 0.058 0.7818 -2.6703
1770200588.3723 Rx ;74pose 100.1170 0.666 0.059 0.7841 -2.6710
1770200588.3734 Rx ;64gyro 1.076355 -3.860474 -4.623352 100.117
1770200588.3735 Rx ;62acc 0.335693 -0.071289 0.809082 100.117
1770200588.3736 Rx ;26vel 100.1180 0.043 0.162 0.5166 0.043 4
1770200588.3748 Txd ;24motv 0.33 1.36
1770200588.3779 Rx ;36livn 39 38 52 82 81 42 39 44 101
1770200588.3779 Rx ;81pose 100.1220 0.666 0.059 0.7864 -2.6716
1770200588.3790 Rx ;10mca 0.137 0.133 17
1770200588.3802 Rx ;37ird 0.130 0.088 15010 21430 1
1770200588.3813 Rx ;40vel 100.1260 0.048 0.156 0.4727 0.048 4
1770200588.3820 Txd ;24motv 0.30 1.39
1770200588.3824 Rx ;95pose 100.1270 0.666 0.059 0.7887 -2.6729
1770200588.3856 Rx ;87gyro 2.968445 -9.994507 -3.311096 100.129
1770200588.3857 Rx ;62acc 0.324463 -0.059082 0.804688 100.129
1770200588.3879 Rx ;41livn 39 38 52 82 82 42 38 44 106
1770200588.3880 Rx ;72pose 100.1320 0.667 0.060 0.7910 -2.6739
1770200588.3891 Rx ;34mot 0.3 1.4 0.1 0.1 0
1770200588.3891 Rx ;23vel 100.1340 0.055 0.150 0.4163 0.055 4
1770200588.3903 Txd ;23motv 0.24 1.44
1770200588.3924 Rx ;82pose 100.1370 0.667 0.060 0.7933 -2.6757
1770200588.3967 Rx ;19gyro 2.266541 -14.663696 -0.747620 100.141
1770200588.3968 Rx ;66acc 0.335693 -0.027832 0.859863 100.141
1770200588.3979 Rx ;26vel 100.1420 0.055 0.154 0.4307 0.055 4
1770200588.3980 Rx ;38livn 39 38 52 83 82 41 38 45 111
1770200588.3980 Rx ;80pose 100.1420 0.667 0.060 0.7957 -2.6771
1770200588.3992 Txd ;19motv 0.23 1.41
1770200588.4034 Rx ;92pose 100.1470 0.668 0.061 0.7968 -2.6792
1770200588.4055 Rx ;42ird 0.130 0.089 15023 21322 1
1770200588.4056 Rx ;34vel 100.1500 0.056 0.156 0.4348 0.056 4
1770200588.4064 Txd ;16motv 0.21 1.40
1770200588.4078 Rx ;42livn 39 38 52 82 82 41 38 45 116
1770200588.4078 Rx ;81pose 100.1520 0.668 0.061 0.7991 -2.6807
1770200588.4090 Rx ;49gyro 0.710144 -16.403198 1.236023 100.153
1770200588.4091 Rx ;16acc 0.372314 0.014893 0.878662 100.153
1770200588.4123 Rx ;15mca 0.168 0.135 16
1770200588.4124 Rx ;76liv 34 36 50 67 79 39 30 32 25
1770200588.4135 Rx ;78pose 100.1570 0.669 0.062 0.8014 -2.6828
1770200588.4136 Rx ;32vel 100.1580 0.063 0.157 0.4080 0.063 4
1770200588.4148 Txd ;27motv 0.15 1.39
1770200588.4178 Rx ;40livn 39 39 52 82 82 42 38 45 121
1770200588.4179 Rx ;75pose 100.1620 0.669 0.062 0.8038 -2.6841
1770200588.4211 Rx ;39gyro -1.181946 -16.189575 1.815857 100.165
1770200588.4212 Rx ;27acc 0.401855 0.039795 0.935791 100.165
1770200588.4213 Rx ;17vel 100.1660 0.061 0.160 0.4310 0.061 4
1770200588.4214 Rx ;85mot 0.15 1.4 0.1 0.1 0
1770200588.4225 Txd ;24motv 0.14 1.37
1770200588.4235 Rx ;78pose 100.1670 0.669 0.062 0.8061 -2.6861
1770200588.4278 Rx ;39livn 40 39 53 82 83 42 38 45 126
1770200588.4279 Rx ;78pose 100.1720 0.670 0.063 0.8095 -2.6874
1770200588.4290 Rx ;36vel 100.1740 0.054 0.158 0.4517 0.054 4
1770200588.4297 Txd ;29motv 0.18 1.38
1770200588.4301 Rx ;69ird 0.130 0.088 14999 21428 1
1770200588.4334 Rx ;77pose 100.1770 0.670 0.063 0.8107 -2.6892
1770200588.4334 Rx ;13gyro -1.731262 -15.609741 1.113953 100.177
1770200588.4335 Rx ;20acc 0.411865 0.012207 0.887695 100.177
1770200588.4378 Rx ;34vel 100.1820 0.052 0.155 0.4478 0.052 4
1770200588.4379 Rx ;34livn 40 38 52 83 83 42 38 45 131
1770200588.4379 Rx ;70pose 100.1820 0.670 0.063 0.8119 -2.6904
1770200588.4381 Txd ;30motv 0.18 1.39
1770200588.4433 Rx ;75pose 100.1870 0.671 0.064 0.8153 -2.6922
1770200588.4455 Rx ;37gyro -1.548157 -16.555786 0.473083 100.189
1770200588.4456 Rx ;55acc 0.407715 -0.013184 0.880127 100.189
1770200588.4456 Rx ;06mca 0.144 0.131 17
1770200588.4457 Rx ;26vel 100.1900 0.054 0.152 0.4254 0.054 4
1770200588.4469 Txd ;22motv 0.16 1.42
1770200588.4479 Rx ;39livn 40 38 52 83 83 42 38 45 136
1770200588.4479 Rx ;77pose 100.1920 0.671 0.064 0.8165 -2.6934
1770200588.4533 Rx ;89pose 100.1970 0.671 0.065 0.8188 -2.6953
1770200588.4534 Rx ;36vel 100.1980 0.053 0.149 0.4144 0.053 4
1770200588.4542 Txd ;24motv 0.16 1.44
1770200588.4555 Rx ;86mot 0.16 1.4 0.1 0.1 0
1770200588.4556 Rx ;28ird 0.130 0.093 15010 20300 1
1770200588.4567 Rx ;73gyro -1.029358 -18.447876 -0.808655 100.201
1770200588.4568 Rx ;57acc 0.397461 -0.023193 0.872559 100.201
1770200588.4579 Rx ;34livn 40 38 52 82 83 42 38 45 141
1770200588.4580 Rx ;71pose 100.2020 0.672 0.065 0.8223 -2.6966
1770200588.4609 Txd ;11leds 14 0 5 0
1770200588.4612 Rx ;14vel 100.2060 0.050 0.152 0.4423 0.050 4
1770200588.4615 Txd ;24motv 0.17 1.43
1770200588.4623 Rx ;80liv 32 35 48 64 77 45 38 31 26
1770200588.4635 Rx ;83pose 100.2070 0.672 0.065 0.8246 -2.6986
1770200588.4677 Rx ;40livn 40 38 52 82 83 42 39 45 146
1770200588.4678 Rx ;89pose 100.2120 0.672 0.066 0.8269 -2.6999
1770200588.4689 Rx ;17gyro 5.653992 -4.135132 0.045837 100.213
1770200588.4690 Rx ;58acc 0.514404 -0.155029 1.896729 100.213
1770200588.4691 Rx ;31vel 100.2140 0.046 0.159 0.4910 0.046 4
1770200588.4703 Txd ;30motv 0.19 1.38
1770200588.4734 Rx ;66pose 100.2170 0.673 0.066 0.8292 -2.7010
1770200588.4777 Rx ;38vel 100.2220 0.044 0.159 0.4985 0.044 4
1770200588.4778 Rx ;36livn 40 39 52 82 82 42 39 45 151
1770200588.4778 Rx ;63pose 100.2220 0.673 0.066 0.8304 -2.7008
1770200588.4779 Rx ;05mca 0.113 0.144 16
1770200588.4786 Txd ;22motv 0.21 1.37
1770200588.4800 Rx ;54ird 0.130 0.096 15009 19721 1
1770200588.4812 Rx ;76gyro 6.905212 8.132935 0.167908 100.225
1770200588.4812 Rx ;31acc 0.500000 -0.045166 0.697021 100.225
1770200588.4834 Rx ;80pose 100.2270 0.673 0.067 0.8350 -2.6991
1770200588.4856 Rx ;26vel 100.2300 0.044 0.155 0.4843 0.044 4
1770200588.4859 Txd ;16motv 0.21 1.40
1770200588.4878 Rx ;47livn 39 39 52 81 82 42 39 44 156
1770200588.4879 Rx ;82mot 0.21 1.4 0.1 0.1 0
1770200588.4879 Rx ;80pose 100.2320 0.674 0.067 0.8361 -2.6974
1770200588.4932 Rx ;91pose 100.2370 0.674 0.067 0.8408 -2.6978
1770200588.4933 Rx ;28gyro 6.233826 -0.045776 0.747742 100.237
1770200588.4934 Rx ;50acc 0.403076 -0.000977 1.126465 100.237
1770200588.4935 Rx ;34vel 100.2380 0.044 0.155 0.4852 0.044 4
1770200588.4947 Txd ;16motv 0.21 1.40
1770200588.4978 Rx ;43livn 39 39 52 81 82 42 39 44 161
1770200588.4978 Rx ;78pose 100.2420 0.674 0.068 0.8431 -2.6981
1770200588.5011 Rx ;26vel 100.2460 0.041 0.152 0.4818 0.041 4
1770200588.5020 Txd ;20motv 0.23 1.42
1770200588.5032 Rx ;91pose 100.2470 0.674 0.068 0.8465 -2.6982
1770200588.5054 Rx ;79gyro 3.517761 0.808716 1.480164 100.249
1770200588.5055 Rx ;24acc 0.394775 0.025391 0.755615 100.249
1770200588.5056 Rx ;49ird 0.130 0.096 15000 19734 1
1770200588.5078 Rx ;48livn 39 39 52 81 82 42 39 44 166
1770200588.5078 Rx ;76pose 100.2520 0.675 0.068 0.8500 -2.6980
1770200588.5089 Rx ;40vel 100.2540 0.035 0.147 0.4895 0.035 4
1770200588.5097 Txd ;29motv 0.28 1.46
1770200588.5111 Rx ;09mca 0.109 0.142 17
1770200588.5122 Rx ;93liv 25 38 48 57 68 38 36 29 25
1770200588.5133 Rx ;90pose 100.2570 0.675 0.068 0.8535 -2.6981
1770200588.5176 Rx ;23gyro 2.358093 -0.350952 2.792419 100.261
1770200588.5177 Rx ;13acc 0.379639 0.025146 0.937500 100.261
1770200588.5178 Rx ;22vel 100.2620 0.030 0.152 0.5297 0.030 4
1770200588.5178 Rx ;42livn 38 39 51 81 82 42 39 44 171
1770200588.5179 Rx ;95pose 100.2620 0.675 0.069 0.8558 -2.6984
1770200588.5191 Txd ;22motv 0.33 1.43
1770200588.5211 Rx ;85mot 0.33 1.4 0.1 0.1 0
1770200588.5233 Rx ;96pose 100.2670 0.676 0.069 0.8604 -2.6987
1770200588.5255 Rx ;25vel 100.2700 0.025 0.155 0.5632 0.025 4
1770200588.5269 Txd ;26motv 0.39 1.41
1770200588.5277 Rx ;49livn 39 39 52 81 81 42 39 45 176
1770200588.5277 Rx ;97pose 100.2720 0.676 0.069 0.8627 -2.6987
1770200588.5289 Rx ;29gyro 0.923767 -0.534058 3.433289 100.273
1770200588.5290 Rx ;87acc 0.401123 0.030518 0.835205 100.273
1770200588.5301 Rx ;71ird 0.130 0.097 14966 19690 1
1770200588.5334 Rx ;97pose 100.2770 0.676 0.070 0.8674 -2.6988
1770200588.5335 Rx ;28vel 100.2780 0.020 0.155 0.5871 0.020 4
1770200588.5344 Txd ;23motv 0.45 1.41
1770200588.5379 Rx ;43livn 39 39 51 81 81 42 39 44 181
1770200588.5381 Rx ;99pose 100.2820 0.676 0.070 0.8697 -2.6989
1770200588.5415 Rx ;56gyro 0.069275 0.320435 3.006042 100.285
1770200588.5416 Rx ;13acc 0.423584 0.021729 0.980225 100.285
1770200588.5416 Rx ;43vel 100.2860 0.019 0.158 0.6057 0.019 4
1770200588.5428 Txd ;33motv 0.48 1.39
1770200588.5428 Rx ;90pose 100.2870 0.677 0.070 0.8743 -2.6991
1770200588.5439 Rx ;16mca 0.119 0.149 16
1770200588.5471 Rx ;48livn 39 39 51 81 81 42 39 44 186
1770200588.5482 Rx ;91pose 100.2920 0.677 0.070 0.8766 -2.6991
1770200588.5494 Rx ;26vel 100.2940 0.015 0.160 0.6317 0.015 4
1770200588.5506 Txd ;28motv 0.54 1.37
1770200588.5537 Rx ;24gyro -0.480042 0.595093 0.930847 100.297
1770200588.5537 Rx ;88pose 100.2970 0.677 0.071 0.8812 -2.6990
1770200588.5538 Rx ;23acc 0.418457 0.010498 0.846191 100.297
1770200588.5539 Rx ;88mot 0.54 1.4 0.1 0.1 0
1770200588.5550 Rx ;71ird 0.131 0.097 14881 19639 1
1770200588.5571 Rx ;19vel 100.3020 0.014 0.158 0.6252 0.014 4
1770200588.5572 Rx ;44livn 39 39 51 81 82 42 38 44 191
1770200588.5578 Txd ;33motv 0.58 1.38
1770200588.5583 Rx ;81pose 100.3020 0.677 0.071 0.8836 -2.6990
1770200588.5627 Rx ;60liv 29 30 46 61 71 40 32 33 25
1770200588.5627 Rx ;86pose 100.3070 0.677 0.071 0.8870 -2.6992
1770200588.5649 Rx ;74gyro 0.801697 -0.289917 -0.595032 100.309
1770200588.5650 Rx ;59acc 0.387451 -0.008545 0.886230 100.309
1770200588.5651 Rx ;16vel 100.3100 0.013 0.150 0.5963 0.013 4
1770200588.5662 Txd ;26motv 0.63 1.44
1770200588.5672 Rx ;48livn 38 38 51 81 82 42 38 45 196
1770200588.5684 Rx ;84pose 100.3120 0.678 0.072 0.8905 -2.6993
1770200588.5727 Rx ;89pose 100.3170 0.678 0.072 0.8940 -2.6994
1770200588.5738 Rx ;11vel 100.3180 0.011 0.151 0.6070 0.011 4
1770200588.5745 Txd ;31motv 0.68 1.44
1770200588.5770 Rx ;54gyro 1.167908 -0.625610 -0.564514 100.321
1770200588.5771 Rx ;47acc 0.414551 -0.006836 0.853516 100.321
1770200588.5772 Rx ;11mca 0.150 0.139 17
1770200588.5772 Rx ;34livn 38 38 51 80 82 42 38 45 201
1770200588.5783 Rx ;90pose 100.3220 0.678 0.072 0.8963 -2.6994
1770200588.5805 Rx ;73ird 0.131 0.097 14873 19685 1
1770200588.5817 Rx ;21vel 100.3260 0.011 0.154 0.6249 0.011 4
1770200588.5823 Txd ;24motv 0.72 1.42
1770200588.5828 Rx ;89pose 100.3270 0.678 0.073 0.9009 -2.6995
1770200588.5871 Rx ;88mot 0.72 1.4 0.1 0.1 0
1770200588.5872 Rx ;38livn 38 38 51 80 81 42 38 45 206
1770200588.5883 Rx ;84pose 100.3320 0.679 0.073 0.9032 -2.6997
1770200588.5894 Rx ;64gyro 1.198425 -0.411987 -0.015198 100.333
1770200588.5895 Rx ;18acc 0.389160 0.024414 0.879639 100.333
1770200588.5896 Rx ;25vel 100.3340 0.010 0.157 0.6397 0.010 4
1770200588.5907 Txd ;26motv 0.76 1.40
1770200588.5928 Rx ;01pose 100.3370 0.679 0.073 0.9078 -2.6998
1770200588.5971 Rx ;35vel 100.3420 0.009 0.159 0.6543 0.009 4
1770200588.5972 Rx ;34livn 38 38 51 80 81 42 38 45 211
1770200588.5980 Txd ;29motv 0.81 1.38
1770200588.5983 Rx ;66pose 100.3420 0.679 0.074 0.9090 -2.7000
1770200588.6015 Rx ;12gyro 0.404968 -0.473022 0.473083 100.345
1770200588.6016 Rx ;30acc 0.384766 0.020996 0.868164 100.345
1770200588.6027 Rx ;65pose 100.3470 0.680 0.074 0.9136 -2.7001
1770200588.6049 Rx ;74ird 0.131 0.096 14882 19867 1
1770200588.6060 Rx ;29vel 100.3500 0.009 0.162 0.6643 0.009 4
1770200588.6070 Txd ;30motv 0.85 1.35
1770200588.6072 Rx ;38livn 38 38 51 80 81 42 38 44 216
1770200588.6083 Rx ;65pose 100.3520 0.680 0.074 0.9148 -2.7002
1770200588.6105 Rx ;05mca 0.204 0.134 16
1770200588.6126 Rx ;65liv 30 31 47 56 70 40 35 29 25
1770200588.6127 Rx ;22gyro -0.449524 0.015259 0.930847 100.357
1770200588.6128 Rx ;21acc 0.423096 0.044434 0.880859 100.357
1770200588.6128 Rx ;70pose 100.3570 0.680 0.075 0.9182 -2.7003
1770200588.6140 Rx ;38vel 100.3580 0.008 0.155 0.6392 0.008 4
1770200588.6148 Txd ;22motv 0.90 1.40
1770200588.6172 Rx ;35livn 38 38 51 80 81 42 38 45 221
1770200588.6183 Rx ;70pose 100.3620 0.680 0.075 0.9194 -2.7004
1770200588.6205 Rx ;40mot 0.9 1.4 0.1 0.1 0
1770200588.6216 Rx ;32vel 100.3660 0.034 0.147 0.4921 0.034 4
1770200588.6226 Txd ;30motv 0.74 1.46
1770200588.6227 Rx ;73pose 100.3670 0.681 0.076 0.9206 -2.7006
1770200588.6249 Rx ;87gyro -0.968323 -0.747681 0.869812 100.369
1770200588.6250 Rx ;08acc 0.404541 0.017334 0.952148 100.369
1770200588.6272 Rx ;40livn 38 38 51 80 81 42 38 45 226
1770200588.6283 Rx ;76pose 100.3720 0.681 0.076 0.9229 -2.7008
1770200588.6294 Rx ;32vel 100.3740 0.052 0.148 0.4183 0.052 4
1770200588.6299 Txd ;27motv 0.62 1.46
1770200588.6305 Rx ;77ird 0.130 0.096 14974 19869 1
1770200588.6327 Rx ;79pose 100.3770 0.681 0.077 0.9252 -2.7009
1770200588.6370 Rx ;59gyro -2.433167 -0.625610 0.564636 100.381
1770200588.6371 Rx ;90acc 0.392334 0.020264 0.801025 100.381
1770200588.6372 Rx ;44vel 100.3820 0.069 0.153 0.3644 0.069 4
1770200588.6373 Rx ;34livn 38 38 51 80 81 41 38 44 231
1770200588.6382 Txd ;28motv 0.48 1.43
1770200588.6384 Rx ;77pose 100.3820 0.682 0.077 0.9263 -2.7008
1770200588.6437 Rx ;90pose 100.3870 0.682 0.078 0.9287 -2.7009
1770200588.6438 Rx ;04mca 0.141 0.150 17
1770200588.6460 Rx ;34vel 100.3900 0.065 0.158 0.4025 0.065 4
1770200588.6466 Txd ;25motv 0.48 1.40
1770200588.6471 Rx ;40livn 38 38 51 80 81 42 38 44 236
1770200588.6482 Rx ;80pose 100.3920 0.682 0.078 0.9298 -2.7010
1770200588.6493 Rx ;88gyro -0.785217 0.259399 -0.167786 100.393
1770200588.6494 Rx ;56acc 0.404541 -0.007812 0.893555 100.393
1770200588.6527 Rx ;91mot 0.48 1.4 0.1 0.1 0
1770200588.6527 Rx ;73pose 100.3970 0.683 0.078 0.9321 -2.7010
1770200588.6538 Rx ;26vel 100.3980 0.070 0.163 0.4021 0.070 4
1770200588.6544 Txd ;23motv 0.42 1.35
1770200588.6550 Rx ;71ird 0.131 0.096 14871 19857 1
1770200588.6571 Rx ;36livn 38 38 51 80 81 42 38 44 241
1770200588.6583 Rx ;64pose 100.4020 0.683 0.079 0.9333 -2.7010
1770200588.6615 Rx ;09gyro -0.785217 -0.411987 -0.411926 100.405
1770200588.6616 Rx ;71acc 0.414795 -0.016357 0.890869 100.405
1770200588.6616 Rx ;27vel 100.4060 0.071 0.159 0.3800 0.071 4
1770200588.6617 Txd ;57leds 14 0 30 0
1770200588.6628 Txd ;32motv 0.39 1.38
1770200588.6628 Rx ;72liv 29 34 47 61 71 38 35 30 25
1770200588.6628 Rx ;77pose 100.4070 0.684 0.079 0.9367 -2.7010
1770200588.6671 Rx ;40livn 38 38 51 80 81 41 38 44 246
1770200588.6683 Rx ;69pose 100.4120 0.684 0.080 0.9379 -2.7011
1770200588.6694 Rx ;22vel 100.4140 0.064 0.156 0.4002 0.064 4
1770200588.6701 Txd ;26motv 0.41 1.39
1770200588.6737 Rx ;97gyro -0.419006 -0.411987 -0.320374 100.417
1770200588.6738 Rx ;49acc 0.382568 -0.010010 0.864258 100.417
1770200588.6738 Rx ;62pose 100.4170 0.684 0.080 0.9402 -2.7012
1770200588.6760 Rx ;15mca 0.176 0.127 16
1770200588.6771 Rx ;23vel 100.4220 0.070 0.154 0.3634 0.070 4
1770200588.6772 Rx ;36livn 38 38 51 80 81 41 38 44 251
1770200588.6773 Txd ;22motv 0.35 1.41
1770200588.6783 Rx ;63pose 100.4220 0.684 0.081 0.9414 -2.7013
1770200588.6805 Rx ;71ird 0.132 0.095 14758 19907 1
1770200588.6837 Rx ;71pose 100.4270 0.685 0.081 0.9425 -2.7013
1770200588.6849 Rx ;99gyro -0.052795 -0.503540 -0.411926 100.429
1770200588.6849 Rx ;60acc 0.408936 -0.000977 0.910156 100.429
1770200588.6861 Rx ;31vel 100.4300 0.081 0.147 0.2890 0.081 4
1770200588.6861 Rx ;87mot 0.35 1.4 0.1 0.1 0
1770200588.6872 Rx ;40livn 38 38 50 80 81 41 38 44 256
1770200588.6873 Txd ;24motv 0.23 1.46
1770200588.6884 Rx ;74pose 100.4320 0.685 0.082 0.9448 -2.7014
1770200588.6937 Rx ;75pose 100.4370 0.686 0.082 0.9460 -2.7015
1770200588.6938 Rx ;32vel 100.4380 0.081 0.152 0.3076 0.081 4
1770200588.6945 Txd ;26motv 0.19 1.43
1770200588.6970 Rx ;20gyro -0.327454 0.259399 0.137390 100.441
1770200588.6971 Rx ;40acc 0.414307 -0.011230 0.893555 100.441
1770200588.6972 Rx ;45livn 39 38 50 79 81 41 38 44 261
1770200588.6983 Rx ;74pose 100.4420 0.686 0.082 0.9472 -2.7015
1770200588.7015 Rx ;30vel 100.4460 0.081 0.160 0.3418 0.081 4
1770200588.7029 Txd ;26motv 0.15 1.38
1770200588.7037 Rx ;78pose 100.4470 0.686 0.083 0.9506 -2.7015
1770200588.7049 Rx ;70ird 0.144 0.096 13705 19866 1
1770200588.7070 Rx ;49livn 38 38 50 79 81 41 38 44 266
1770200588.7082 Rx ;78pose 100.4520 0.686 0.083 0.9518 -2.7016
1770200588.7093 Rx ;25gyro -0.327454 0.289917 0.076355 100.453
1770200588.7094 Rx ;68acc 0.395264 -0.005615 0.894775 100.453
1770200588.7094 Rx ;15mca 0.136 0.148 17
1770200588.7095 Rx ;37vel 100.4540 0.074 0.159 0.3711 0.074 4
1770200588.7101 Txd ;28motv 0.17 1.38
1770200588.7127 Rx ;71liv 30 36 45 60 69 40 35 29 25
1770200588.7138 Rx ;85pose 100.4570 0.687 0.084 0.9553 -2.7017
1770200588.7171 Rx ;24vel 100.4620 0.060 0.157 0.4224 0.060 4
1770200588.7171 Rx ;45livn 38 38 50 79 81 41 38 44 271
1770200588.7179 Txd ;27motv 0.24 1.39
1770200588.7182 Rx ;86pose 100.4620 0.687 0.084 0.9576 -2.7017
1770200588.7194 Rx ;85mot 0.24 1.4 0.1 0.1 0
1770200588.7215 Rx ;15gyro -0.815735 -0.747681 -0.076233 100.465
1770200588.7216 Rx ;58acc 0.373535 -0.032715 0.844238 100.465
1770200588.7238 Rx ;83pose 100.4670 0.687 0.085 0.9610 -2.7019
1770200588.7260 Rx ;40vel 100.4700 0.048 0.158 0.4804 0.048 4
1770200588.7272 Rx ;50livn 38 38 50 79 81 41 38 44 276
1770200588.7276 Txd ;24motv 0.31 1.38
1770200588.7283 Rx ;83pose 100.4720 0.688 0.085 0.9622 -2.7019
1770200588.7306 Rx ;80ird 0.159 0.095 12548 19894 1
1770200588.7328 Rx ;60gyro 0.130310 0.595093 0.137390 100.477
1770200588.7329 Rx ;49acc 0.411377 -0.040039 0.910156 100.477
1770200588.7330 Rx ;86pose 100.4770 0.688 0.086 0.9645 -2.7020
1770200588.7332 Rx ;41vel 100.4780 0.046 0.153 0.4662 0.046 4
1770200588.7335 Txd ;20motv 0.33 1.41
1770200588.7375 Rx ;46livn 38 38 50 79 80 41 39 44 281
1770200588.7383 Rx ;87pose 100.4820 0.688 0.086 0.9668 -2.7020
1770200588.7416 Rx ;41vel 100.4860 0.048 0.145 0.4226 0.048 4
1770200588.7418 Rx ;04mca 0.105 0.133 16
1770200588.7425 Txd ;25motv 0.31 1.48
1770200588.7430 Rx ;88pose 100.4870 0.689 0.086 0.9680 -2.7021
1770200588.7452 Rx ;05gyro 0.313416 0.106812 -0.045715 100.489
1770200588.7453 Rx ;86acc 0.401855 -0.037598 0.938965 100.489
1770200588.7474 Rx ;50livn 38 38 50 79 80 41 38 44 286
1770200588.7486 Rx ;84pose 100.4920 0.689 0.087 0.9714 -2.7022
1770200588.7498 Rx ;33vel 100.4940 0.052 0.152 0.4348 0.052 4
1770200588.7503 Txd ;26motv 0.28 1.43
1770200588.7520 Rx ;89mot 0.28 1.4 0.1 0.1 0
1770200588.7532 Rx ;96pose 100.4970 0.689 0.087 0.9738 -2.7023
1770200588.7554 Rx ;74ird 0.174 0.097 11573 19676 1
1770200588.7575 Rx ;16gyro 0.923767 0.137329 -0.564514 100.501
1770200588.7576 Rx ;51acc 0.413818 -0.022461 0.910889 100.501
1770200588.7577 Rx ;24vel 100.5020 0.050 0.156 0.4619 0.050 4
1770200588.7578 Rx ;46livn 38 38 50 79 80 41 38 44 291
1770200588.7579 Rx ;85pose 100.5020 0.689 0.087 0.9749 -2.7023
1770200588.7587 Txd ;24motv 0.28 1.41
1770200588.7632 Rx ;73liv 26 35 48 55 65 41 36 31 25
1770200588.7633 Rx ;82pose 100.5070 0.690 0.088 0.9784 -2.7023
1770200588.7655 Rx ;33hbt 100.5090 107 1033 15.64 4 8 9.0 0.42 0
1770200588.7656 Rx ;40vel 100.5100 0.049 0.158 0.4744 0.049 4
1770200588.7660 Txd ;31motv 0.28 1.39
1770200588.7678 Rx ;52livn 38 38 50 79 80 41 39 44 296
1770200588.7678 Rx ;75pose 100.5120 0.690 0.088 0.9807 -2.7024
1770200588.7690 Rx ;13gyro 1.320496 0.808716 -0.228821 100.513
1770200588.7691 Rx ;55acc 0.392822 -0.014648 0.926514 100.513
1770200588.7733 Rx ;85pose 100.5170 0.690 0.089 0.9819 -2.7025
1770200588.7734 Rx ;35vel 100.5180 0.055 0.160 0.4582 0.055 4
1770200588.7743 Txd ;24motv 0.23 1.37
1770200588.7756 Rx ;09mca 0.106 0.145 17
1770200588.7778 Rx ;41livn 38 38 51 79 80 41 39 45 301
1770200588.7779 Rx ;78pose 100.5220 0.690 0.089 0.9842 -2.7026
1770200588.7801 Rx ;38ird 0.270 0.097 7999 19647 1
1770200588.7812 Rx ;19gyro 0.588074 -0.015259 0.045837 100.525
1770200588.7812 Rx ;73acc 0.398193 -0.019043 0.898682 100.525
1770200588.7813 Rx ;39vel 100.5260 0.055 0.159 0.4543 0.055 4
1770200588.7821 Txd ;23motv 0.22 1.37
1770200588.7835 Rx ;84pose 100.5270 0.691 0.090 0.9876 -2.7027
1770200588.7857 Rx ;83mot 0.22 1.4 0.1 0.1 0
1770200588.7879 Rx ;27livn 36 40 51 74 76 41 43 41 5
1770200588.7879 Rx ;86pose 100.5320 0.691 0.090 0.9899 -2.7028
1770200588.7890 Rx ;31vel 100.5340 0.054 0.155 0.4380 0.054 4
1770200588.7894 Txd ;17motv 0.22 1.40
1770200588.7933 Rx ;10gyro -0.022278 0.259399 0.015320 100.537
1770200588.7934 Rx ;51acc 0.408691 -0.001221 0.893066 100.537
1770200588.7935 Rx ;75pose 100.5370 0.691 0.091 0.9934 -2.7030
1770200588.7978 Rx ;40vel 100.5420 0.048 0.149 0.4372 0.048 4
1770200588.7979 Rx ;81livn 36 38 50 76 79 41 43 40 10
1770200588.7979 Rx ;75pose 100.5420 0.692 0.091 0.9946 -2.7030
1770200588.7989 Txd ;26motv 0.26 1.45
1770200588.8033 Rx ;86pose 100.5470 0.692 0.091 0.9969 -2.7031
1770200588.8055 Rx ;19gyro -0.083313 0.411987 0.045837 100.549
1770200588.8056 Rx ;65acc 0.407471 -0.002686 0.921875 100.549
1770200588.8056 Rx ;23ird 0.422 0.096 5648 19771 1
1770200588.8057 Rx ;28vel 100.5500 0.044 0.151 0.4628 0.044 4
1770200588.8061 Txd ;27motv 0.28 1.44
1770200588.8079 Rx ;97livn 35 37 48 73 78 40 38 38 15
1770200588.8080 Rx ;08mca 0.122 0.138 16
1770200588.8080 Rx ;77pose 100.5520 0.692 0.092 0.9980 -2.7032
1770200588.8134 Rx ;75liv 25 34 50 59 68 37 35 31 25
1770200588.8134 Rx ;62pose 100.5570 0.693 0.092 1.0004 -2.7032
1770200588.8135 Rx ;34vel 100.5580 0.051 0.155 0.4536 0.051 4
1770200588.8150 Txd ;19motv 0.23 1.41
1770200588.8167 Rx ;44gyro -0.083313 0.350952 -0.106750 100.561
1770200588.8168 Rx ;50acc 0.405518 -0.017090 0.894043 100.561
1770200588.8180 Rx ;86livn 34 36 50 76 78 36 36 43 20
1770200588.8180 Rx ;84mot 0.23 1.4 0.1 0.1 0
1770200588.8181 Rx ;65pose 100.5620 0.693 0.093 1.0027 -2.7033
1770200588.8213 Rx ;40vel 100.5660 0.053 0.159 0.4607 0.053 4
1770200588.8223 Txd ;23motv 0.21 1.38
1770200588.8235 Rx ;68pose 100.5670 0.693 0.093 1.0061 -2.7033
1770200588.8278 Rx ;94livn 36 35 50 77 78 36 36 44 25
1770200588.8279 Rx ;68pose 100.5720 0.693 0.093 1.0073 -2.7034
1770200588.8290 Rx ;96gyro 0.008240 0.106812 -0.015198 100.573
1770200588.8291 Rx ;46acc 0.404541 -0.023926 0.906006 100.573
1770200588.8292 Rx ;40vel 100.5740 0.053 0.161 0.4687 0.053 4
1770200588.8296 Txd ;20motv 0.20 1.36
1770200588.8303 Rx ;26ird 0.684 0.096 4056 19826 1
1770200588.8336 Rx ;75pose 100.5770 0.694 0.094 1.0108 -2.7035
1770200588.8378 Rx ;44vel 100.5820 0.053 0.158 0.4569 0.053 4
1770200588.8379 Rx ;88livn 36 35 50 77 78 36 35 43 30
1770200588.8380 Rx ;71pose 100.5820 0.694 0.094 1.0108 -2.7035
1770200588.8385 Txd ;30motv 0.19 1.38
1770200588.8412 Rx ;22gyro 0.527039 0.076294 -0.015198 100.585
1770200588.8413 Rx ;66acc 0.398438 -0.012451 0.894531 100.585
1770200588.8414 Rx ;11mca 0.165 0.133 17
1770200588.8435 Rx ;76pose 100.5870 0.694 0.095 1.0142 -2.7036
1770200588.8457 Rx ;35vel 100.5900 0.055 0.153 0.4265 0.055 4
1770200588.8469 Txd ;22motv 0.17 1.41
1770200588.8479 Rx ;95livn 38 36 51 77 77 36 35 42 35
1770200588.8480 Rx ;75pose 100.5920 0.694 0.095 1.0154 -2.7036
1770200588.8512 Rx ;87mot 0.17 1.4 0.1 0.1 0
1770200588.8534 Rx ;81gyro 0.649109 -0.137329 -0.167786 100.597
1770200588.8535 Rx ;31acc 0.407715 0.011963 0.896729 100.597
1770200588.8536 Rx ;91pose 100.5970 0.695 0.096 1.0189 -2.7037
1770200588.8536 Rx ;63vel 100.5980 0.058 0.149 0.3977 0.058 4
1770200588.8542 Txd ;21motv 0.13 1.44
1770200588.8558 Rx ;25ird 0.898 0.096 3443 19801 1
1770200588.8580 Rx ;93livn 38 37 51 77 77 37 35 42 40
1770200588.8581 Rx ;65pose 100.6020 0.695 0.096 1.0212 -2.7037
1770200588.8613 Rx ;26vel 100.6060 0.052 0.149 0.4232 0.052 4
1770200588.8625 Txd ;64leds 14 0 55 0
1770200588.8631 Txd ;25motv 0.16 1.45
1770200588.8635 Rx ;68liv 32 34 51 61 69 35 29 30 25
1770200588.8636 Rx ;78pose 100.6070 0.695 0.097 1.0235 -2.7039
1770200588.8647 Rx ;19gyro 0.923767 1.022339 -2.334534 100.609
1770200588.8648 Rx ;05acc 0.452148 0.010498 1.017334 100.609
1770200588.8680 Rx ;98livn 38 37 51 77 78 37 34 42 45
1770200588.8681 Rx ;79pose 100.6120 0.695 0.097 1.0258 -2.7039
1770200588.8692 Rx ;38vel 100.6140 0.048 0.154 0.4581 0.048 4
1770200588.8700 Txd ;25motv 0.19 1.42
1770200588.8735 Rx ;81pose 100.6170 0.696 0.098 1.0281 -2.7038
1770200588.8747 Rx ;08mca 0.151 0.154 16
1770200588.8768 Rx ;71gyro -2.158508 0.015259 -2.944885 100.621
1770200588.8769 Rx ;06acc 0.393311 0.036133 0.837891 100.621
1770200588.8780 Rx ;37vel 100.6220 0.046 0.157 0.4852 0.046 4
1770200588.8781 Rx ;92livn 37 36 51 77 77 37 35 42 50
1770200588.8782 Rx ;80pose 100.6220 0.696 0.098 1.0293 -2.7038
1770200588.8784 Txd ;15motv 0.20 1.40
1770200588.8804 Rx ;30ird 0.964 0.096 3308 19749 1
1770200588.8836 Rx ;83pose 100.6270 0.696 0.098 1.0327 -2.7038
1770200588.8837 Rx ;33mot 0.2 1.4 0.1 0.1 0
1770200588.8859 Rx ;46vel 100.6300 0.049 0.158 0.4747 0.049 4
1770200588.8868 Txd ;29motv 0.17 1.39
1770200588.8881 Rx ;97livn 36 36 51 77 77 38 35 42 55
1770200588.8881 Rx ;78pose 100.6320 0.696 0.099 1.0351 -2.7039
1770200588.8893 Rx ;62gyro -2.341614 0.869751 -5.264221 100.633
1770200588.8894 Rx ;14acc 0.426270 0.079834 0.851074 100.633
1770200588.8936 Rx ;89pose 100.6370 0.697 0.099 1.0385 -2.7037
1770200588.8937 Rx ;36vel 100.6380 0.052 0.157 0.4571 0.052 4
1770200588.8946 Txd ;27motv 0.15 1.39
1770200588.8980 Rx ;93livn 36 36 51 77 77 38 35 42 60
1770200588.8981 Rx ;71pose 100.6420 0.697 0.100 1.0397 -2.7037
1770200588.9013 Rx ;42gyro -3.989563 -0.198364 -8.438049 100.645
1770200588.9014 Rx ;26acc 0.424072 0.091797 0.829834 100.645
1770200588.9015 Rx ;46vel 100.6460 0.048 0.157 0.4734 0.048 4
1770200588.9018 Txd ;29motv 0.17 1.39
1770200588.9036 Rx ;67pose 100.6470 0.697 0.100 1.0443 -2.7036
1770200588.9048 Rx ;36ird 0.988 0.096 3263 19794 1
1770200588.9069 Rx ;04mca 0.131 0.133 17
1770200588.9081 Rx ;99livn 36 36 50 77 78 39 35 42 65
1770200588.9081 Rx ;66pose 100.6520 0.697 0.100 1.0455 -2.7036
1770200588.9092 Rx ;38vel 100.6540 0.042 0.156 0.4983 0.042 4
1770200588.9102 Txd ;16motv 0.21 1.40
1770200588.9135 Rx ;75liv 25 30 46 58 68 41 33 29 25
1770200588.9136 Rx ;34gyro -6.064758 0.808716 -11.672913 100.657
1770200588.9137 Rx ;14acc 0.432617 0.070801 0.881348 100.657
1770200588.9138 Rx ;77pose 100.6570 0.698 0.101 1.0478 -2.7035
1770200588.9170 Rx ;82mot 0.21 1.4 0.1 0.1 0
1770200588.9181 Rx ;48vel 100.6620 0.037 0.149 0.4858 0.037 4
1770200588.9182 Rx ;93livn 36 36 50 76 77 39 35 42 70
1770200588.9183 Rx ;60pose 100.6620 0.698 0.101 1.0512 -2.7033
1770200588.9185 Txd ;25motv 0.25 1.45
1770200588.9236 Rx ;68pose 100.6670 0.698 0.102 1.0524 -2.7032
1770200588.9258 Rx ;25gyro -5.912170 1.541138 -12.893616 100.669
1770200588.9259 Rx ;66acc 0.387451 -0.027344 0.859131 100.669
1770200588.9260 Rx ;26vel 100.6700 0.036 0.152 0.5016 0.036 4
1770200588.9272 Rx ;99livn 37 36 50 76 77 39 35 42 75
1770200588.9274 Txd ;25motv 0.27 1.43
1770200588.9283 Rx ;69pose 100.6720 0.698 0.102 1.0547 -2.7032
1770200588.9306 Rx ;15ird 1.004 0.098 3235 19468 1
1770200588.9338 Rx ;76pose 100.6770 0.699 0.103 1.0582 -2.7033
1770200588.9339 Rx ;46vel 100.6780 0.038 0.158 0.5252 0.038 4
1770200588.9342 Txd ;29motv 0.26 1.39
1770200588.9372 Rx ;69gyro -3.959045 1.480103 -8.743225 100.681
1770200588.9375 Rx ;65acc 0.362549 -0.113770 0.902588 100.681
1770200588.9377 Rx ;96livn 36 36 50 76 78 39 35 43 80
1770200588.9379 Rx ;69pose 100.6820 0.699 0.103 1.0605 -2.7034
1770200588.9401 Rx ;11mca 0.106 0.148 16
1770200588.9412 Rx ;43vel 100.6860 0.037 0.158 0.5234 0.037 4
1770200588.9415 Txd ;31motv 0.28 1.39
1770200588.9434 Rx ;78pose 100.6870 0.699 0.103 1.0651 -2.7037
1770200588.9476 Rx ;93livn 37 36 50 76 78 40 35 42 85
1770200588.9488 Rx ;82pose 100.6920 0.699 0.104 1.0674 -2.7039
1770200588.9489 Rx ;27gyro -1.609192 -0.045776 -3.066956 100.693
1770200588.9489 Rx ;55acc 0.350098 -0.110352 0.827148 100.693
1770200588.9501 Rx ;39vel 100.6940 0.037 0.157 0.5241 0.037 4
1770200588.9501 Rx ;89mot 0.28 1.4 0.1 0.1 0
1770200588.9515 Txd ;32motv 0.29 1.39
1770200588.9533 Rx ;74pose 100.6970 0.699 0.104 1.0721 -2.7042
1770200588.9555 Rx ;41ird 0.986 0.098 3268 19389 1
1770200588.9576 Rx ;18vel 100.7020 0.033 0.160 0.5541 0.033 4
1770200588.9577 Rx ;88livn 37 36 50 76 77 40 35 42 90
1770200588.9589 Txd ;25motv 0.33 1.37
1770200588.9588 Rx ;51pose 100.7020 0.700 0.104 1.0744 -2.7044
1770200588.9611 Rx ;39gyro 1.595154 -0.167847 1.174988 100.705
1770200588.9611 Rx ;70acc 0.396729 -0.068115 0.873535 100.705
1770200588.9633 Rx ;73liv 29 33 47 57 69 40 32 30 25
1770200588.9634 Rx ;60pose 100.7070 0.700 0.105 1.0790 -2.7046
1770200588.9656 Rx ;31vel 100.7100 0.029 0.153 0.5417 0.029 4
1770200588.9662 Txd ;24motv 0.37 1.41
1770200588.9677 Rx ;93livn 37 36 50 76 77 40 35 42 95
1770200588.9689 Rx ;52pose 100.7120 0.700 0.105 1.0813 -2.7046
1770200588.9732 Rx ;75gyro 2.480164 0.106812 1.968445 100.717
1770200588.9732 Rx ;02mca 0.112 0.132 17
1770200588.9733 Rx ;30acc 0.419678 0.003906 0.919189 100.717
1770200588.9734 Rx ;66pose 100.7170 0.700 0.105 1.0848 -2.7047
1770200588.9735 Rx ;34vel 100.7180 0.025 0.146 0.5283 0.025 4
1770200588.9746 Txd ;26motv 0.42 1.47
1770200588.9778 Rx ;38livn 37 36 49 76 77 40 35 43 100
1770200588.9789 Rx ;63pose 100.7230 0.700 0.106 1.0883 -2.7047
1770200588.9800 Rx ;02ird 0.942 0.104 3350 18451 1
1770200588.9811 Rx ;24vel 100.7260 0.020 0.152 0.5773 0.020 4
1770200588.9818 Txd ;28motv 0.48 1.43
1770200588.9833 Rx ;91mot 0.48 1.4 0.1 0.1 0
1770200588.9834 Rx ;68pose 100.7280 0.701 0.106 1.0917 -2.7048
1770200588.9856 Rx ;47gyro 1.991882 -0.228882 1.815857 100.729
1770200588.9856 Rx ;24acc 0.398682 0.013672 0.860840 100.729
1770200588.9878 Rx ;42livn 37 36 49 75 78 40 35 42 105
1770200588.9889 Rx ;66pose 100.7330 0.701 0.106 1.0963 -2.7049
1770200588.9901 Rx ;44vel 100.7340 0.018 0.155 0.5948 0.018 4
1770200588.9902 Txd ;21motv 0.52 1.41
1770200588.9933 Rx ;78pose 100.7380 0.701 0.107 1.0987 -2.7049
1770200588.9976 Rx ;35gyro 1.869812 -0.167847 2.334656 100.741
1770200588.9976 Rx ;03acc 0.395508 0.024170 0.856201 100.741
1770200588.9977 Rx ;28vel 100.7420 0.015 0.156 0.6127 0.015 4
1770200588.9978 Rx ;37livn 36 36 49 75 78 40 35 42 110
1770200588.9989 Rx ;49pose 100.7430 0.701 0.107 1.1033 -2.7050
1770200588.9991 Txd ;27motv 0.58 1.41
1770200589.0032 Rx ;59pose 100.7480 0.701 0.107 1.1056 -2.7050
1770200589.0054 Rx ;06ird 0.925 0.106 3385 18030 1
1770200589.0055 Rx ;19vel 100.7500 0.014 0.161 0.6404 0.014 4
1770200589.0064 Txd ;27motv 0.62 1.37
1770200589.0066 Rx ;08mca 0.133 0.145 16
1770200589.0077 Rx ;42livn 36 36 49 75 77 40 36 42 115
1770200589.0088 Rx ;51pose 100.7530 0.702 0.108 1.1102 -2.7052
1770200589.0089 Rx ;28gyro 1.198425 -0.076294 2.334656 100.753
1770200589.0089 Rx ;50acc 0.396729 0.044678 0.889893 100.753
1770200589.0132 Rx ;84liv 25 34 45 54 69 39 35 29 25
1770200589.0133 Rx ;61pose 100.7580 0.702 0.108 1.1125 -2.7052
1770200589.0134 Rx ;34vel 100.7580 0.013 0.158 0.6326 0.013 4
1770200589.0147 Txd ;32motv 0.66 1.38
1770200589.0166 Rx ;91mot 0.66 1.4 0.1 0.1 0
1770200589.0178 Rx ;37livn 36 36 49 74 77 40 36 42 120
1770200589.0189 Rx ;57pose 100.7630 0.702 0.108 1.1160 -2.7053
1770200589.0211 Rx ;63gyro -0.052795 -0.503540 2.334656 100.765
1770200589.0212 Rx ;15acc 0.396240 0.022705 0.852539 100.765
1770200589.0212 Rx ;25vel 100.7660 0.011 0.155 0.6262 0.011 4
1770200589.0219 Txd ;21motv 0.71 1.40
1770200589.0234 Rx ;71pose 100.7680 0.702 0.109 1.1195 -2.7053
1770200589.0277 Rx ;42livn 36 37 49 74 76 40 36 42 125
1770200589.0288 Rx ;66pose 100.7730 0.702 0.109 1.1229 -2.7054
1770200589.0300 Rx ;17vel 100.7740 0.011 0.151 0.6106 0.011 4
1770200589.0301 Rx ;23ird 0.924 0.107 3388 17846 1
1770200589.0303 Txd ;28motv 0.75 1.43
1770200589.0333 Rx ;60gyro -0.022278 -0.106812 2.517761 100.777
1770200589.0334 Rx ;22acc 0.401855 0.013672 0.881836 100.777
1770200589.0335 Rx ;68pose 100.7780 0.702 0.109 1.1253 -2.7054
1770200589.0378 Rx ;27vel 100.7820 0.010 0.147 0.5970 0.010 4
1770200589.0379 Rx ;40livn 36 37 49 74 76 40 37 43 130
1770200589.0390 Rx ;65pose 100.7830 0.703 0.110 1.1287 -2.7055
1770200589.0390 Rx ;17mca 0.194 0.137 17
1770200589.0392 Txd ;36motv 0.79 1.47
1770200589.0433 Rx ;57pose 100.7880 0.703 0.110 1.1310 -2.7055
1770200589.0455 Rx ;32gyro 0.221863 -0.595093 2.334656 100.789
1770200589.0456 Rx ;23acc 0.403564 0.005371 0.857178 100.789
1770200589.0457 Rx ;39vel 100.7900 0.009 0.151 0.6179 0.009 4
1770200589.0464 Txd ;30motv 0.84 1.45
1770200589.0478 Rx ;45livn 36 37 49 74 76 40 37 43 135
1770200589.0490 Rx ;63pose 100.7930 0.703 0.111 1.1345 -2.7056
1770200589.0490 Rx ;92mot 0.84 1.5 0.1 0.1 0
1770200589.0533 Rx ;74pose 100.7980 0.703 0.111 1.1368 -2.7057
1770200589.0534 Rx ;53vel 100.7980 0.009 0.158 0.6493 0.009 4
1770200589.0536 Txd ;29motv 0.88 1.40
1770200589.0556 Rx ;10ird 0.922 0.108 3391 17813 1
1770200589.0577 Rx ;76gyro -0.327454 -1.449585 1.815857 100.801
1770200589.0578 Rx ;66acc 0.373779 -0.009277 0.880127 100.801
1770200589.0579 Rx ;41livn 36 37 49 74 76 40 37 43 140
1770200589.0590 Rx ;58pose 100.8030 0.703 0.112 1.1391 -2.7057
1770200589.0612 Rx ;43vel 100.8060 0.018 0.158 0.6088 0.018 4
1770200589.0625 Txd ;34motv 0.85 1.39
1770200589.0633 Txd ;62leds 14 0 80 0
1770200589.0634 Rx ;81liv 30 38 48 55 62 39 39 34 25
1770200589.0635 Rx ;59pose 100.8080 0.704 0.112 1.1403 -2.7058
1770200589.0678 Rx ;47livn 36 37 49 74 76 40 37 44 145
1770200589.0689 Rx ;54pose 100.8130 0.704 0.113 1.1426 -2.7060
1770200589.0690 Rx ;72gyro 1.869812 0.381470 2.090515 100.813
1770200589.0690 Rx ;53acc 0.429443 -0.019043 1.028809 100.813
1770200589.0702 Rx ;45vel 100.8140 0.048 0.157 0.4736 0.048 4
1770200589.0709 Txd ;25motv 0.66 1.40
1770200589.0724 Rx ;10mca 0.166 0.141 16
1770200589.0735 Rx ;62pose 100.8180 0.704 0.113 1.1438 -2.7060
1770200589.0778 Rx ;34vel 100.8220 0.063 0.157 0.4075 0.063 4
1770200589.0779 Rx ;42livn 36 37 50 74 75 39 37 44 150
1770200589.0781 Txd ;22motv 0.54 1.40
1770200589.0790 Rx ;55pose 100.8230 0.704 0.114 1.1461 -2.7060
1770200589.0801 Rx ;23ird 0.925 0.107 3385 17938 1
1770200589.0812 Rx ;27gyro 1.320496 -0.900269 2.975525 100.825
1770200589.0813 Rx ;16acc 0.422363 0.007812 0.928955 100.825
1770200589.0825 Rx ;88mot 0.54 1.4 0.1 0.1 0
1770200589.0836 Rx ;63pose 100.8280 0.704 0.114 1.1472 -2.7061
1770200589.0858 Rx ;37vel 100.8300 0.068 0.153 0.3713 0.068 4
1770200589.0870 Txd ;27motv 0.48 1.42
1770200589.0880 Rx ;48livn 36 38 50 74 75 39 37 44 155
1770200589.0891 Rx ;68pose 100.8330 0.705 0.115 1.1495 -2.7063
1770200589.0934 Rx ;34gyro 0.160828 -0.167847 3.433289 100.837
1770200589.0935 Rx ;71acc 0.396240 -0.000977 0.897705 100.837
1770200589.0935 Rx ;40vel 100.8380 0.071 0.148 0.3347 0.071 4
1770200589.0936 Rx ;68pose 100.8380 0.705 0.115 1.1507 -2.7064
1770200589.0943 Txd ;26motv 0.43 1.46
1770200589.0979 Rx ;36livn 36 37 50 74 76 40 37 44 160
1770200589.0991 Rx ;68pose 100.8430 0.705 0.116 1.1519 -2.7064
1770200589.1013 Rx ;43vel 100.8460 0.075 0.152 0.3366 0.075 4
1770200589.1015 Txd ;27motv 0.37 1.44
1770200589.1045 Rx ;72pose 100.8480 0.705 0.116 1.1553 -2.7065
1770200589.1056 Rx ;44gyro 0.618591 -0.686646 3.646912 100.849
1770200589.1057 Rx ;07mca 0.152 0.151 17
1770200589.1058 Rx ;16ird 0.926 0.105 3382 18169 1
1770200589.1058 Rx ;16acc 0.399414 0.008301 0.870850 100.849
1770200589.1080 Rx ;49livn 36 37 50 74 76 39 37 44 165
1770200589.1091 Rx ;73pose 100.8530 0.706 0.117 1.1565 -2.7065
1770200589.1092 Rx ;55vel 100.8540 0.069 0.156 0.3792 0.069 4
1770200589.1098 Txd ;26motv 0.39 1.41
1770200589.1135 Rx ;66liv 27 32 51 61 65 36 34 33 25
1770200589.1136 Rx ;84pose 100.8580 0.706 0.117 1.1588 -2.7066
1770200589.1148 Rx ;91mot 0.39 1.4 0.1 0.1 0
1770200589.1169 Rx ;72gyro 0.984802 0.106812 2.731384 100.861
1770200589.1170 Rx ;98acc 0.414307 0.005127 0.910645 100.861
1770200589.1181 Rx ;39vel 100.8620 0.072 0.158 0.3751 0.072 4
1770200589.1182 Rx ;45livn 36 37 50 75 75 39 37 44 170
1770200589.1188 Txd ;20motv 0.34 1.40
1770200589.1193 Rx ;67pose 100.8630 0.706 0.118 1.1600 -2.7067
1770200589.1236 Rx ;77pose 100.8680 0.706 0.118 1.1623 -2.7067
1770200589.1258 Rx ;36vel 100.8700 0.081 0.158 0.3353 0.081 4
1770200589.1271 Txd ;19motv 0.24 1.40
1770200589.1280 Rx ;52livn 36 37 50 75 76 39 37 45 175
1770200589.1292 Rx ;77pose 100.8730 0.707 0.119 1.1634 -2.7067
1770200589.1293 Rx ;35gyro 0.862732 -0.534058 1.937927 100.873
1770200589.1293 Rx ;89acc 0.410400 0.003174 0.900635 100.873
1770200589.1305 Rx ;16ird 0.964 0.105 3308 18277 1
1770200589.1338 Rx ;48vel 100.8780 0.082 0.159 0.3354 0.082 4
1770200589.1339 Rx ;77pose 100.8780 0.707 0.120 1.1646 -2.7067
1770200589.1345 Txd ;30motv 0.19 1.38
1770200589.1373 Rx ;48livn 36 37 50 75 76 39 37 45 180
1770200589.1380 Rx ;04mca 0.160 0.132 16
1770200589.1391 Rx ;79pose 100.8830 0.707 0.120 1.1669 -2.7068
1770200589.1414 Rx ;26gyro 0.466003 -0.198364 1.358093 100.885
1770200589.1415 Rx ;04acc 0.415283 0.010010 0.906738 100.885
1770200589.1415 Rx ;48vel 100.8860 0.081 0.156 0.3288 0.081 4
1770200589.1423 Txd ;20motv 0.16 1.40
1770200589.1437 Rx ;78pose 100.8880 0.707 0.120 1.1681 -2.7068
1770200589.1480 Rx ;53livn 36 37 50 75 76 39 37 45 185
1770200589.1481 Rx ;86mot 0.16 1.4 0.1 0.1 0
1770200589.1492 Rx ;73pose 100.8930 0.707 0.121 1.1715 -2.7068
1770200589.1494 Rx ;42vel 100.8940 0.075 0.150 0.3274 0.075 4
1770200589.1506 Txd ;25motv 0.16 1.45
1770200589.1537 Rx ;69gyro -0.510559 -0.473022 0.167908 100.897
1770200589.1538 Rx ;42acc 0.407959 0.025879 0.824707 100.897
1770200589.1539 Rx ;82pose 100.8980 0.708 0.121 1.1727 -2.7068
1770200589.1550 Rx ;16ird 0.998 0.102 3246 18632 1
1770200589.1572 Rx ;25vel 100.9020 0.062 0.152 0.3912 0.062 4
1770200589.1574 Rx ;40livn 36 37 50 75 76 40 37 44 190
1770200589.1580 Txd ;22motv 0.23 1.44
1770200589.1596 Rx ;68pose 100.9030 0.708 0.122 1.1761 -2.7068
1770200589.1628 Rx ;77liv 28 31 47 62 73 43 37 29 25
1770200589.1640 Rx ;79pose 100.9080 0.708 0.122 1.1785 -2.7068
1770200589.1651 Rx ;19gyro -1.029358 -0.595093 -1.144348 100.909
1770200589.1652 Rx ;63acc 0.387451 -0.002441 0.841797 100.909
1770200589.1654 Rx ;25vel 100.9100 0.050 0.156 0.4608 0.050 4
1770200589.1664 Txd ;17motv 0.30 1.41
1770200589.1676 Rx ;46livn 36 37 50 75 76 40 38 44 195
1770200589.1688 Rx ;73pose 100.9130 0.708 0.123 1.1808 -2.7069
1770200589.1710 Rx ;14mca 0.109 0.147 17
1770200589.1742 Rx ;45vel 100.9180 0.045 0.158 0.4916 0.045 4
1770200589.1743 Rx ;74pose 100.9180 0.708 0.123 1.1831 -2.7069
1770200589.1748 Txd ;27motv 0.33 1.39
1770200589.1775 Rx ;83gyro -1.029358 0.686646 -0.533997 100.921
1770200589.1776 Rx ;37acc 0.406006 -0.024414 0.895020 100.921
1770200589.1777 Rx ;33livn 36 37 50 75 76 40 38 44 200
1770200589.1788 Rx ;74pose 100.9230 0.709 0.124 1.1842 -2.7069
1770200589.1800 Rx ;19ird 0.989 0.102 3262 18727 1
1770200589.1812 Rx ;85mot 0.33 1.4 0.1 0.1 0
1770200589.1812 Rx ;34vel 100.9260 0.051 0.159 0.4731 0.051 4
1770200589.1820 Txd ;30motv 0.28 1.38
1770200589.1845 Rx ;87pose 100.9280 0.709 0.124 1.1877 -2.7069
1770200589.1878 Rx ;38livn 36 37 50 75 76 40 38 44 205
1770200589.1889 Rx ;63pose 100.9330 0.709 0.125 1.1900 -2.7070
1770200589.1890 Rx ;13gyro -1.426086 0.503540 0.228943 100.933
1770200589.1891 Rx ;63acc 0.408447 -0.010254 0.886719 100.933
1770200589.1902 Rx ;28vel 100.9340 0.052 0.161 0.4731 0.052 4
1770200589.1905 Txd ;27motv 0.27 1.36
1770200589.1945 Rx ;73pose 100.9380 0.709 0.125 1.1923 -2.7070
1770200589.1978 Rx ;30vel 100.9420 0.052 0.154 0.4426 0.052 4
1770200589.1979 Rx ;43livn 37 37 49 75 76 40 38 44 210
1770200589.1983 Txd ;22motv 0.26 1.41
1770200589.1990 Rx ;76pose 100.9430 0.709 0.126 1.1947 -2.7070
1770200589.2013 Rx ;15gyro -0.419006 0.961304 0.228943 100.945
1770200589.2014 Rx ;68acc 0.406250 -0.044189 0.949951 100.945
1770200589.2037 Rx ;76pose 100.9480 0.710 0.126 1.1958 -2.7071
1770200589.2038 Rx ;01mca 0.105 0.130 16
1770200589.2050 Rx ;22ird 0.985 0.101 3270 18898 1
1770200589.2062 Rx ;36vel 100.9500 0.048 0.147 0.4322 0.048 4
1770200589.2066 Txd ;29motv 0.28 1.46
1770200589.2073 Rx ;47livn 37 36 49 75 76 40 38 44 215
1770200589.2095 Rx ;79pose 100.9530 0.710 0.127 1.1993 -2.7069
1770200589.2127 Rx ;69liv 32 32 44 58 64 38 35 30 25
1770200589.2129 Rx ;71gyro -0.052795 0.808716 -1.235901 100.957
1770200589.2130 Rx ;49acc 0.425537 -0.008301 0.900146 100.957
1770200589.2142 Rx ;39vel 100.9580 0.050 0.149 0.4293 0.050 4
1770200589.2143 Rx ;90mot 0.28 1.5 0.1 0.1 0
1770200589.2144 Rx ;66pose 100.9580 0.710 0.127 1.2004 -2.7067
1770200589.2155 Txd ;28motv 0.27 1.46
1770200589.2177 Rx ;43livn 37 36 49 75 76 40 38 44 220
1770200589.2189 Rx ;68pose 100.9630 0.710 0.128 1.2027 -2.7067
1770200589.2221 Rx ;40vel 100.9660 0.055 0.153 0.4272 0.055 4
1770200589.2227 Txd ;20motv 0.22 1.43
1770200589.2243 Rx ;70pose 100.9680 0.710 0.128 1.2051 -2.7067
1770200589.2255 Rx ;66gyro -0.510559 0.808716 -2.304016 100.969
1770200589.2256 Rx ;24acc 0.416260 0.012939 0.919922 100.969
1770200589.2277 Rx ;49livn 37 37 49 75 76 40 38 44 225
1770200589.2289 Rx ;73pose 100.9730 0.710 0.129 1.2085 -2.7066
1770200589.2300 Rx ;38vel 100.9740 0.054 0.158 0.4511 0.054 4
1770200589.2301 Rx ;28ird 0.998 0.101 3246 18879 1
1770200589.2315 Txd ;17motv 0.22 1.40
1770200589.2344 Rx ;74pose 100.9780 0.711 0.129 1.2108 -2.7065
1770200589.2377 Rx ;51gyro -1.304016 0.839233 -3.005920 100.981
1770200589.2377 Rx ;09mca 0.108 0.152 17
1770200589.2378 Rx ;10acc 0.419434 0.016113 0.919434 100.981
1770200589.2379 Rx ;39vel 100.9820 0.047 0.163 0.5044 0.047 4
1770200589.2379 Rx ;44livn 37 36 49 75 76 40 38 44 230
1770200589.2387 Txd ;26motv 0.26 1.36
1770200589.2391 Rx ;69pose 100.9830 0.711 0.129 1.2143 -2.7065
1770200589.2444 Rx ;70pose 100.9880 0.711 0.130 1.2166 -2.7064
1770200589.2456 Rx ;27vel 100.9900 0.040 0.158 0.5142 0.040 4
1770200589.2459 Txd ;25motv 0.31 1.39
1770200589.2467 Rx ;83mot 0.31 1.4 0.1 0.1 0
1770200589.2478 Rx ;48livn 37 36 49 75 76 40 37 44 235
1770200589.2489 Rx ;70pose 100.9930 0.711 0.130 1.2189 -2.7063
1770200589.2490 Rx ;96gyro -1.761780 1.296997 -3.524719 100.993
1770200589.2491 Rx ;13acc 0.416748 0.006104 0.922607 100.993
1770200589.2534 Rx ;48vel 100.9980 0.038 0.156 0.5125 0.038 4
1770200589.2545 Rx ;60pose 100.9980 0.711 0.131 1.2201 -2.7062
1770200589.2548 Txd ;19motv 0.33 1.40
1770200589.2557 Rx ;20ird 0.986 0.101 3267 18943 1
1770200589.2578 Rx ;44livn 37 36 49 75 76 40 37 44 240
1770200589.2590 Rx ;44pose 101.0030 0.712 0.132 1.2224 -2.7061
1770200589.2611 Rx ;68gyro -2.280579 1.419067 -3.738342 101.005
1770200589.2612 Rx ;40acc 0.412109 -0.004883 0.895020 101.005
1770200589.2613 Rx ;36vel 101.0060 0.049 0.154 0.4590 0.049 4
1770200589.2620 Txd ;22motv 0.26 1.41
1770200589.2635 Rx ;76liv 26 33 48 56 65 41 34 28 25
1770200589.2641 Txd ;09leds 14 0 105 0
1770200589.2646 Rx ;53pose 101.0080 0.712 0.132 1.2247 -2.7060
1770200589.2647 Rx ;32hbt 101.0090 107 1033 15.63 4 8 9.0 0.46 0
1770200589.2680 Rx ;49livn 37 36 49 75 75 40 38 44 245
1770200589.2691 Rx ;48pose 101.0130 0.712 0.132 1.2282 -2.7060
1770200589.2702 Rx ;27vel 101.0140 0.052 0.148 0.4168 0.052 4
1770200589.2703 Rx ;04mca 0.152 0.140 16
1770200589.2709 Txd ;24motv 0.23 1.46
1770200589.2735 Rx ;76gyro -2.372131 0.747681 -3.829895 101.017
1770200589.2736 Rx ;55acc 0.391357 -0.019287 0.904053 101.017
1770200589.2737 Rx ;57pose 101.0180 0.712 0.133 1.2294 -2.7060
1770200589.2780 Rx ;14vel 101.0220 0.054 0.151 0.4230 0.054 4
1770200589.2781 Rx ;46livn 37 37 49 75 75 40 38 44 250
1770200589.2792 Txd ;20motv 0.21 1.44
1770200589.2792 Rx ;50pose 101.0230 0.712 0.134 1.2317 -2.7060
1770200589.2803 Rx ;82mot 0.21 1.4 0.1 0.1 0
1770200589.2804 Rx ;12ird 0.956 0.102 3323 18728 1
1770200589.2847 Rx ;58pose 101.0280 0.712 0.134 1.2328 -2.7061
1770200589.2858 Rx ;74gyro -1.456604 0.595093 -3.280579 101.029
1770200589.2859 Rx ;38acc 0.392090 -0.033203 0.900391 101.029
1770200589.2859 Rx ;25vel 101.0300 0.055 0.161 0.4635 0.055 4
1770200589.2864 Txd ;29motv 0.19 1.37
1770200589.2881 Rx ;51livn 37 37 49 75 75 40 38 44 255
1770200589.2892 Rx ;56pose 101.0330 0.713 0.135 1.2363 -2.7062
1770200589.2935 Rx ;19vel 101.0380 0.061 0.161 0.4321 0.061 4
1770200589.2942 Txd ;23motv 0.13 1.37
1770200589.2947 Rx ;65pose 101.0380 0.713 0.135 1.2374 -2.7064
1770200589.2969 Rx ;93gyro -0.602112 -0.717163 -2.883850 101.041
1770200589.2969 Rx ;68acc 0.385498 -0.027344 0.893555 101.041
1770200589.2981 Rx ;47livn 37 37 49 75 75 40 38 44 260
1770200589.2992 Rx ;69pose 101.0430 0.713 0.135 1.2398 -2.7066
1770200589.3014 Rx ;40vel 101.0460 0.059 0.158 0.4305 0.059 4
1770200589.3025 Txd ;24motv 0.13 1.38
1770200589.3036 Rx ;13mca 0.162 0.138 17
1770200589.3047 Rx ;66pose 101.0480 0.713 0.136 1.2432 -2.7068
1770200589.3058 Rx ;11ird 0.926 0.103 3382 18580 1
1770200589.3080 Rx ;52livn 37 37 49 75 75 40 38 44 265
1770200589.3091 Rx ;60pose 101.0530 0.713 0.136 1.2455 -2.7070
1770200589.3092 Rx ;24gyro -0.174866 -0.076294 -2.792297 101.053
1770200589.3093 Rx ;43acc 0.394043 -0.019043 0.926025 101.053
1770200589.3094 Rx ;38vel 101.0540 0.054 0.159 0.4547 0.054 4
1770200589.3097 Txd ;25motv 0.15 1.37
1770200589.3137 Rx ;69liv 30 34 48 57 67 41 35 30 25
1770200589.3137 Rx ;85mot 0.15 1.4 0.1 0.1 0
1770200589.3138 Rx ;73pose 101.0580 0.713 0.137 1.2479 -2.7071
1770200589.3181 Rx ;33vel 101.0620 0.047 0.151 0.4529 0.047 4
1770200589.3182 Rx ;48livn 37 37 49 75 75 40 38 44 270
1770200589.3186 Txd ;18motv 0.20 1.43
1770200589.3193 Rx ;65pose 101.0630 0.714 0.137 1.2490 -2.7073
1770200589.3215 Rx ;46gyro 0.710144 -0.503540 -3.189026 101.065
1770200589.3215 Rx ;45acc 0.421143 -0.008301 0.897705 101.065
1770200589.3237 Rx ;67pose 101.0680 0.714 0.138 1.2513 -2.7073
1770200589.3259 Rx ;14vel 101.0700 0.050 0.144 0.4071 0.050 4
1770200589.3271 Txd ;29motv 0.17 1.48
1770200589.3281 Rx ;52livn 37 37 49 74 75 40 38 44 275
1770200589.3293 Rx ;69pose 101.0730 0.714 0.138 1.2536 -2.7074
1770200589.3304 Rx ;06ird 0.923 0.104 3390 18326 1
1770200589.3337 Rx ;21gyro 0.191345 0.656128 -2.029358 101.077
1770200589.3338 Rx ;46acc 0.405029 -0.000977 0.901611 101.077
1770200589.3339 Rx ;41vel 101.0780 0.049 0.151 0.4427 0.049 4
1770200589.3339 Rx ;72pose 101.0780 0.714 0.139 1.2560 -2.7074
1770200589.3343 Txd ;25motv 0.17 1.44
1770200589.3361 Rx ;09mca 0.147 0.150 16
1770200589.3373 Rx ;41livn 37 37 50 75 75 40 38 44 280
1770200589.3396 Rx ;75pose 101.0830 0.714 0.139 1.2594 -2.7074
1770200589.3418 Rx ;42vel 101.0860 0.048 0.155 0.4652 0.048 4
1770200589.3428 Txd ;24motv 0.18 1.42
1770200589.3440 Rx ;68pose 101.0880 0.714 0.140 1.2617 -2.7074
1770200589.3451 Rx ;77gyro -0.846252 1.266479 -1.327454 101.089
1770200589.3452 Rx ;37acc 0.396729 0.015625 0.896484 101.089
1770200589.3463 Rx ;88mot 0.18 1.4 0.1 0.1 0
1770200589.3474 Rx ;46livn 37 37 50 75 75 40 38 44 285
1770200589.3496 Rx ;62pose 101.0930 0.714 0.140 1.2652 -2.7073
1770200589.3497 Rx ;47vel 101.0940 0.045 0.157 0.4887 0.045 4
1770200589.3507 Txd ;23motv 0.19 1.40
1770200589.3540 Rx ;72pose 101.0980 0.715 0.140 1.2675 -2.7072
1770200589.3551 Rx ;10ird 0.923 0.106 3389 18023 1
1770200589.3573 Rx ;72gyro -1.761780 1.266479 -1.937805 101.101
1770200589.3574 Rx ;93acc 0.405518 0.040283 0.876221 101.101
1770200589.3575 Rx ;25vel 101.1020 0.038 0.160 0.5291 0.038 4
1770200589.3575 Rx ;50livn 37 37 49 75 75 40 38 44 290
1770200589.3579 Txd ;27motv 0.25 1.38
1770200589.3597 Rx ;64pose 101.1030 0.715 0.141 1.2698 -2.7071
1770200589.3630 Rx ;70liv 33 36 51 59 65 41 37 30 25
1770200589.3641 Rx ;55pose 101.1080 0.715 0.141 1.2721 -2.7070
1770200589.3652 Rx ;26vel 101.1100 0.034 0.159 0.5446 0.034 4
1770200589.3662 Txd ;31motv 0.29 1.38
1770200589.3674 Rx ;47livn 37 37 50 75 75 40 38 44 295
1770200589.3696 Rx ;66pose 101.1130 0.715 0.142 1.2745 -2.7069
1770200589.3697 Rx ;08mca 0.107 0.134 17
1770200589.3697 Rx ;63gyro -2.921448 1.449585 -3.372131 101.113
1770200589.3698 Rx ;16acc 0.417480 0.056641 0.884766 101.113
1770200589.3741 Rx ;38vel 101.1180 0.036 0.155 0.5189 0.036 4
1770200589.3742 Rx ;75pose 101.1180 0.715 0.142 1.2768 -2.7068
1770200589.3751 Txd ;24motv 0.28 1.41
1770200589.3774 Rx ;34livn 37 37 50 75 75 40 38 44 300
1770200589.3796 Rx ;89mot 0.28 1.4 0.1 0.1 0
1770200589.3797 Rx ;59pose 101.1230 0.715 0.143 1.2802 -2.7066
1770200589.3808 Rx ;19ird 0.909 0.108 3418 17826 1
1770200589.3809 Rx ;67gyro -3.318176 0.961304 -5.172668 101.125
1770200589.3810 Rx ;15acc 0.408936 0.037109 0.883057 101.125
1770200589.3821 Rx ;40vel 101.1260 0.038 0.149 0.4807 0.038 4
1770200589.3834 Txd ;28motv 0.28 1.45
1770200589.3843 Rx ;69pose 101.1280 0.715 0.143 1.2826 -2.7065
1770200589.3875 Rx ;38livn 30 33 46 63 78 43 39 46 4
1770200589.3897 Rx ;62pose 101.1330 0.716 0.143 1.2860 -2.7063
1770200589.3898 Rx ;27vel 101.1340 0.038 0.151 0.4910 0.038 4
1770200589.3906 Txd ;28motv 0.29 1.44
1770200589.3930 Rx ;79gyro -3.348694 0.411987 -6.851135 101.137
1770200589.3931 Rx ;49acc 0.415039 -0.000732 0.904785 101.137
1770200589.3942 Rx ;76pose 101.1380 0.716 0.144 1.2895 -2.7063
1770200589.3975 Rx ;34vel 101.1420 0.037 0.155 0.5159 0.037 4
1770200589.3975 Rx ;50livn 33 37 47 69 77 42 37 43 9
1770200589.3984 Txd ;18motv 0.30 1.42
1770200589.3997 Rx ;62pose 101.1430 0.716 0.144 1.2930 -2.7063
1770200589.4019 Rx ;07mca 0.110 0.149 16
1770200589.4041 Rx ;76pose 101.1480 0.716 0.145 1.2964 -2.7064
1770200589.4052 Rx ;13ird 0.923 0.109 3390 17554 1
1770200589.4053 Rx ;12gyro -3.196106 -0.473022 -7.858215 101.149
1770200589.4053 Rx ;69acc 0.389404 -0.016846 0.863770 101.149
1770200589.4054 Rx ;18vel 101.1500 0.031 0.158 0.5522 0.031 4
1770200589.4067 Txd ;30motv 0.36 1.39
1770200589.4076 Rx ;94livn 33 37 49 76 77 40 36 46 14
1770200589.4087 Rx ;81pose 101.1530 0.716 0.145 1.2999 -2.7065
1770200589.4120 Rx ;88mot 0.36 1.4 0.1 0.1 0
1770200589.4131 Rx ;74liv 22 35 52 62 67 39 36 34 25
1770200589.4142 Rx ;38vel 101.1580 0.028 0.160 0.5736 0.028 4
1770200589.4143 Rx ;68pose 101.1580 0.716 0.145 1.3034 -2.7066
1770200589.4150 Txd ;32motv 0.39 1.38
1770200589.4175 Rx ;03gyro -1.700745 -0.442505 -7.919250 101.161
1770200589.4176 Rx ;40acc 0.403564 -0.033203 0.940186 101.161
1770200589.4177 Rx ;90livn 30 37 53 80 77 40 37 49 19
1770200589.4188 Rx ;74pose 101.1630 0.716 0.146 1.3068 -2.7068
1770200589.4221 Rx ;36vel 101.1660 0.021 0.158 0.5967 0.021 4
1770200589.4228 Txd ;32motv 0.47 1.39
1770200589.4242 Rx ;70pose 101.1680 0.716 0.146 1.3103 -2.7069
1770200589.4275 Rx ;03livn 29 37 53 81 76 39 37 49 24
1770200589.4297 Rx ;68pose 101.1730 0.716 0.147 1.3138 -2.7071
1770200589.4298 Rx ;22gyro -1.395569 -0.106812 -6.484924 101.173
1770200589.4299 Rx ;71acc 0.386719 -0.031494 0.899170 101.173
1770200589.4299 Rx ;34vel 101.1740 0.019 0.153 0.5813 0.019 4
1770200589.4300 Rx ;11ird 0.894 0.110 3451 17492 1
1770200589.4311 Txd ;21motv 0.51 1.42
1770200589.4343 Rx ;70pose 101.1780 0.716 0.147 1.3161 -2.7072
1770200589.4354 Rx ;09mca 0.118 0.133 17
1770200589.4376 Rx ;29vel 101.1820 0.017 0.151 0.5824 0.017 4
1770200589.4376 Rx ;95livn 30 37 52 80 76 38 37 48 29
1770200589.4388 Rx ;69pose 101.1830 0.717 0.147 1.3207 -2.7073
1770200589.4389 Txd ;27motv 0.55 1.44
1770200589.4410 Rx ;06gyro -0.510559 -0.656128 -4.135071 101.185
1770200589.4410 Rx ;73acc 0.384766 -0.036865 0.891602 101.185
1770200589.4443 Rx ;73pose 101.1880 0.717 0.148 1.3230 -2.7075
1770200589.4454 Rx ;89mot 0.55 1.4 0.1 0.1 0
1770200589.4455 Rx ;38vel 101.1900 0.014 0.149 0.5869 0.014 4
1770200589.4461 Txd ;26motv 0.61 1.46
1770200589.4477 Rx ;89livn 30 37 51 80 76 38 36 48 34
1770200589.4488 Rx ;79pose 101.1930 0.717 0.148 1.3265 -2.7077
1770200589.4531 Rx ;52gyro 0.130310 -0.411987 -1.724182 101.197
1770200589.4532 Rx ;67acc 0.381836 -0.029053 0.892822 101.197
1770200589.4533 Rx ;31vel 101.1980 0.014 0.153 0.6066 0.014 4
1770200589.4544 Txd ;26motv 0.64 1.43
1770200589.4544 Rx ;76pose 101.1980 0.717 0.148 1.3300 -2.7079
1770200589.4555 Rx ;08ird 0.860 0.113 3528 17038 1
1770200589.4577 Rx ;98livn 29 35 50 80 77 37 35 48 39
1770200589.4588 Rx ;64pose 101.2030 0.717 0.149 1.3334 -2.7081
1770200589.4621 Rx ;20vel 101.2060 0.012 0.157 0.6326 0.012 4
1770200589.4632 Rx ;62liv 24 30 46 60 69 35 30 32 25
1770200589.4633 Txd ;29motv 0.69 1.41
1770200589.4643 Rx ;79pose 101.2080 0.717 0.149 1.3369 -2.7083
1770200589.4649 Txd ;62leds 14 0 80 0
1770200589.4655 Rx ;23gyro 0.588074 -0.961304 0.564636 101.209
1770200589.4655 Rx ;26acc 0.375977 0.000732 0.884766 101.209
1770200589.4677 Rx ;91livn 30 34 50 79 77 37 34 47 44
1770200589.4688 Rx ;11mca 0.164 0.153 16
1770200589.4689 Rx ;60pose 101.2130 0.717 0.150 1.3404 -2.7086
1770200589.4700 Rx ;15vel 101.2140 0.011 0.161 0.6545 0.011 4
1770200589.4705 Txd ;30motv 0.74 1.37
1770200589.4743 Rx ;73pose 101.2180 0.717 0.150 1.3438 -2.7087
1770200589.4776 Rx ;32gyro 0.038757 -1.632690 0.289978 101.221
1770200589.4776 Rx ;21acc 0.400879 0.026367 0.867188 101.221
1770200589.4777 Rx ;16vel 101.2220 0.010 0.159 0.6452 0.010 4
1770200589.4778 Rx ;07livn 31 35 49 79 76 38 34 47 49
1770200589.4779 Rx ;90mot 0.74 1.4 0.1 0.1 0
1770200589.4788 Txd ;35motv 0.78 1.38
1770200589.4790 Rx ;70pose 101.2230 0.717 0.150 1.3473 -2.7089
1770200589.4801 Rx ;16ird 0.894 0.115 3452 16771 1
1770200589.4844 Rx ;73pose 101.2280 0.717 0.151 1.3496 -2.7090
1770200589.4855 Rx ;31vel 101.2300 0.009 0.158 0.6462 0.009 4
1770200589.4866 Txd ;31motv 0.83 1.38
1770200589.4877 Rx ;05livn 32 35 49 78 76 38 35 48 54
1770200589.4888 Rx ;60pose 101.2330 0.717 0.151 1.3531 -2.7091
1770200589.4889 Rx ;14gyro -0.357971 -1.235962 -0.503479 101.233
1770200589.4890 Rx ;23acc 0.417969 0.029053 0.883545 101.234
1770200589.4933 Rx ;40vel 101.2380 0.009 0.157 0.6428 0.009 4
1770200589.4938 Txd ;36motv 0.87 1.39
1770200589.4944 Rx ;71pose 101.2380 0.718 0.152 1.3543 -2.7092
1770200589.4977 Rx ;11livn 32 35 49 78 77 38 35 48 59
1770200589.4998 Rx ;75pose 101.2430 0.718 0.152 1.3577 -2.7093
1770200589.5010 Rx ;15mca 0.194 0.135 17
1770200589.5010 Rx ;91gyro -1.212463 -2.365112 -0.595032 101.245
1770200589.5011 Rx ;21acc 0.379395 0.016113 0.764648 101.246
1770200589.5023 Rx ;31vel 101.2460 0.008 0.149 0.6115 0.008 4
1770200589.5032 Txd ;29motv 0.92 1.45
1770200589.5044 Rx ;85pose 101.2480 0.718 0.153 1.3589 -2.7094
1770200589.5056 Rx ;05ird 0.910 0.118 3416 16426 1
1770200589.5077 Rx ;06livn 33 35 48 78 77 38 35 47 64
1770200589.5089 Rx ;68pose 101.2530 0.718 0.153 1.3600 -2.7097
1770200589.5100 Rx ;31vel 101.2540 0.036 0.150 0.4961 0.036 4
1770200589.5104 Txd ;30motv 0.75 1.45
1770200589.5111 Rx ;92mot 0.75 1.5 0.1 0.1 0
1770200589.5132 Rx ;72liv 27 31 44 57 69 38 30 31 25
1770200589.5133 Rx ;04gyro -0.113831 -0.045776 -0.350891 101.257
1770200589.5134 Rx ;16acc 0.447754 0.007812 0.922607 101.258
1770200589.5145 Rx ;81pose 101.2580 0.718 0.154 1.3624 -2.7098
1770200589.5178 Rx ;30vel 101.2620 0.062 0.157 0.4146 0.062 4
1770200589.5179 Rx ;08livn 32 35 48 77 77 38 35 46 69
1770200589.5190 Rx ;78pose 101.2630 0.718 0.154 1.3635 -2.7097
1770200589.5193 Txd ;24motv 0.56 1.40
1770200589.5243 Rx ;82pose 101.2680 0.718 0.155 1.3670 -2.7096
1770200589.5255 Rx ;79gyro -0.663147 -1.022339 0.289978 101.269
1770200589.5256 Rx ;84acc 0.402100 0.005127 0.857422 101.270
1770200589.5256 Rx ;32vel 101.2700 0.071 0.157 0.3762 0.071 4
1770200589.5265 Txd ;24motv 0.47 1.40
1770200589.5278 Rx ;05livn 32 35 48 77 77 38 35 47 74
1770200589.5290 Rx ;82pose 101.2730 0.718 0.156 1.3681 -2.7097
1770200589.5302 Rx ;10ird 0.920 0.119 3395 16306 1
1770200589.5334 Rx ;43vel 101.2780 0.072 0.158 0.3726 0.072 4
1770200589.5343 Txd ;29motv 0.44 1.39
1770200589.5346 Rx ;92pose 101.2780 0.719 0.156 1.3693 -2.7098
1770200589.5347 Rx ;06mca 0.144 0.141 16
1770200589.5379 Rx ;23gyro -0.144348 -0.564575 -0.289856 101.281
1770200589.5382 Rx ;11acc 0.416748 0.019043 0.847412 101.282
1770200589.5383 Rx ;08livn 33 34 48 76 76 38 35 47 79
1770200589.5394 Rx ;85pose 101.2830 0.719 0.157 1.3716 -2.7098
1770200589.5416 Rx ;52vel 101.2860 0.075 0.162 0.3798 0.075 4
1770200589.5428 Txd ;28motv 0.38 1.35
1770200589.5438 Rx ;90mot 0.38 1.4 0.1 0.1 0
1770200589.5439 Rx ;95pose 101.2880 0.719 0.157 1.3739 -2.7098
1770200589.5482 Rx ;04livn 33 35 48 76 76 38 35 46 84
1770200589.5493 Rx ;88pose 101.2930 0.719 0.158 1.3762 -2.7098
1770200589.5494 Rx ;12gyro -0.541077 -0.259399 -0.320374 101.293
1770200589.5495 Rx ;46acc 0.438232 -0.001709 0.923340 101.294
1770200589.5495 Rx ;40vel 101.2940 0.072 0.154 0.3576 0.072 4
1770200589.5505 Txd ;24motv 0.37 1.41
1770200589.5538 Rx ;93pose 101.2980 0.719 0.158 1.3762 -2.7098
1770200589.5550 Rx ;19ird 0.922 0.119 3392 16289 1
1770200589.5582 Rx ;40vel 101.3020 0.067 0.145 0.3398 0.067 4
1770200589.5583 Rx ;09livn 33 35 48 76 76 38 35 46 89
1770200589.5589 Txd ;31motv 0.38 1.47
1770200589.5594 Rx ;83pose 101.3030 0.719 0.159 1.3774 -2.7097
1770200589.5616 Rx ;54gyro -0.419006 0.228882 -0.198303 101.305
1770200589.5616 Rx ;27acc 0.410156 -0.003906 0.902100 101.306
1770200589.5628 Rx ;72liv 30 35 44 56 67 38 35 31 25
1770200589.5639 Rx ;94pose 101.3080 0.719 0.159 1.3797 -2.7098
1770200589.5661 Rx ;30vel 101.3100 0.078 0.150 0.3119 0.078 4
1770200589.5672 Rx ;17mca 0.169 0.144 17
1770200589.5672 Txd ;27motv 0.27 1.45
1770200589.5683 Rx ;08livn 34 36 48 76 76 38 36 46 94
1770200589.5694 Rx ;76pose 101.3130 0.719 0.160 1.3809 -2.7098
1770200589.5737 Rx ;44gyro -0.480042 0.320435 -0.350891 101.317
1770200589.5738 Rx ;51acc 0.405029 -0.009033 0.906738 101.318
1770200589.5739 Rx ;32vel 101.3180 0.082 0.153 0.3066 0.082 4
1770200589.5740 Rx ;78pose 101.3180 0.719 0.161 1.3832 -2.7098
1770200589.5749 Txd ;18motv 0.20 1.43
1770200589.5772 Rx ;33mot 0.2 1.4 0.1 0.1 0
1770200589.5783 Rx ;09livn 34 36 47 75 76 38 35 45 99
1770200589.5795 Rx ;68pose 101.3230 0.720 0.161 1.3843 -2.7098
1770200589.5806 Rx ;05ird 0.921 0.119 3393 16212 1
1770200589.5817 Rx ;25vel 101.3260 0.081 0.155 0.3213 0.081 4
1770200589.5821 Txd ;23motv 0.17 1.42
1770200589.5839 Rx ;79pose 101.3280 0.720 0.162 1.3866 -2.7098
1770200589.5851 Rx ;49gyro -0.541077 0.442505 -0.106750 101.329
1770200589.5851 Rx ;39acc 0.413086 -0.020508 0.910645 101.330
1770200589.5873 Rx ;45livn 34 36 48 75 76 38 35 45 104
1770200589.5895 Rx ;72pose 101.3330 0.720 0.162 1.3890 -2.7098
1770200589.5896 Rx ;43vel 101.3340 0.077 0.161 0.3657 0.077 4
1770200589.5910 Txd ;26motv 0.16 1.37
1770200589.5939 Rx ;77pose 101.3380 0.720 0.163 1.3924 -2.7099
1770200589.5971 Rx ;18gyro -0.663147 0.167847 0.137390 101.341
1770200589.5972 Rx ;39acc 0.405762 -0.021240 0.860840 101.342
1770200589.5983 Rx ;31vel 101.3420 0.067 0.160 0.4054 0.067 4
1770200589.5984 Rx ;50livn 34 36 48 75 76 38 35 45 109
1770200589.5993 Txd ;21motv 0.20 1.37
1770200589.5995 Rx ;78pose 101.3430 0.720 0.163 1.3947 -2.7099
1770200589.6007 Rx ;08mca 0.122 0.138 16
1770200589.6039 Rx ;87pose 101.3480 0.720 0.164 1.3959 -2.7099
1770200589.6050 Rx ;24ird 0.873 0.119 3498 16237 1
1770200589.6061 Rx ;33vel 101.3500 0.054 0.157 0.4482 0.054 4
1770200589.6066 Txd ;30motv 0.27 1.39
1770200589.6083 Rx ;48livn 35 37 48 75 76 38 35 45 114
1770200589.6095 Rx ;82pose 101.3530 0.720 0.164 1.3994 -2.7099
1770200589.6095 Rx ;99gyro 0.221863 -0.045776 0.015320 101.353
1770200589.6096 Rx ;79acc 0.389648 -0.023682 0.878662 101.354
1770200589.6097 Rx ;88mot 0.27 1.4 0.1 0.1 0
1770200589.6129 Rx ;89liv 29 36 47 59 65 39 32 28 25
1770200589.6140 Rx ;40vel 101.3580 0.046 0.152 0.4637 0.046 4
1770200589.6141 Rx ;55pose 101.3580 0.720 0.165 1.4005 -2.7100
1770200589.6155 Txd ;21motv 0.32 1.43
1770200589.6174 Rx ;55livn 35 37 48 76 76 39 35 45 119
1770200589.6196 Rx ;50pose 101.3630 0.720 0.165 1.4040 -2.7100
1770200589.6218 Rx ;18gyro 0.008240 0.289917 -0.137268 101.365
1770200589.6218 Rx ;62acc 0.420898 -0.025635 0.922119 101.366
1770200589.6219 Rx ;30vel 101.3660 0.050 0.148 0.4255 0.050 4
1770200589.6227 Txd ;30motv 0.29 1.46
1770200589.6241 Rx ;58pose 101.3680 0.720 0.166 1.4051 -2.7100
1770200589.6273 Rx ;49livn 34 37 48 75 76 39 36 44 124
1770200589.6295 Rx ;60pose 101.3730 0.720 0.166 1.4075 -2.7100
1770200589.6296 Rx ;26vel 101.3740 0.052 0.151 0.4308 0.052 4
1770200589.6304 Txd ;26motv 0.27 1.44
1770200589.6307 Rx ;15ird 0.857 0.119 3536 16224 1
1770200589.6340 Rx ;11mca 0.105 0.148 17
1770200589.6340 Rx ;22gyro 0.038757 -0.381470 0.106873 101.377
1770200589.6341 Rx ;69acc 0.394775 -0.019043 0.922852 101.378
1770200589.6342 Rx ;72pose 101.3780 0.720 0.167 1.4098 -2.7101
1770200589.6374 Rx ;34vel 101.3820 0.053 0.159 0.4604 0.053 4
1770200589.6375 Rx ;54livn 34 37 48 75 76 39 36 44 129
1770200589.6388 Txd ;29motv 0.26 1.39
1770200589.6397 Rx ;57pose 101.3830 0.721 0.167 1.4121 -2.7102
1770200589.6429 Rx ;87mot 0.26 1.4 0.1 0.1 0
1770200589.6440 Rx ;71pose 101.3880 0.721 0.168 1.4156 -2.7102
1770200589.6452 Rx ;91gyro 0.435486 0.320435 0.289978 101.389
1770200589.6453 Rx ;49acc 0.411377 -0.016602 0.894043 101.390
1770200589.6453 Rx ;47vel 101.3900 0.049 0.161 0.4849 0.049 4
1770200589.6460 Txd ;29motv 0.28 1.37
1770200589.6475 Rx ;51livn 34 37 48 76 76 39 36 44 134
1770200589.6497 Rx ;69pose 101.3930 0.721 0.168 1.4167 -2.7102
1770200589.6540 Rx ;41vel 101.3980 0.051 0.159 0.4707 0.051 4
1770200589.6541 Rx ;72pose 101.3980 0.721 0.169 1.4190 -2.7103
1770200589.6544 Txd ;28motv 0.26 1.38
1770200589.6552 Rx ;14ird 0.856 0.120 3539 16184 1
1770200589.6574 Rx ;58gyro 0.496521 0.106812 0.045837 101.401
1770200589.6575 Rx ;38acc 0.404541 -0.003906 0.922363 101.402
1770200589.6575 Rx ;57livn 35 37 48 76 76 39 36 44 139
1770200589.6597 Rx ;55pose 101.4030 0.721 0.169 1.4213 -2.7103
1770200589.6619 Rx ;34vel 101.4060 0.055 0.157 0.4425 0.055 4
1770200589.6630 Rx ;79liv 27 33 45 59 71 39 33 27 25
1770200589.6632 Txd ;25motv 0.22 1.39
1770200589.6642 Rx ;58pose 101.4080 0.721 0.170 1.4236 -2.7104
1770200589.6657 Txd ;64leds 14 0 55 0
1770200589.6664 Rx ;04mca 0.105 0.133 16
1770200589.6675 Rx ;53livn 35 37 48 76 76 39 36 44 144
1770200589.6696 Rx ;53pose 101.4130 0.721 0.170 1.4271 -2.7104
1770200589.6697 Rx ;12gyro 0.160828 0.076294 -0.198303 101.413
1770200589.6698 Rx ;10acc 0.399658 0.000244 0.914551 101.414
1770200589.6699 Rx ;36vel 101.4140 0.057 0.151 0.4088 0.057 4
1770200589.6705 Txd ;26motv 0.19 1.43
1770200589.6741 Rx ;63pose 101.4180 0.721 0.171 1.4283 -2.7105
1770200589.6763 Rx ;89mot 0.19 1.4 0.1 0.1 0
1770200589.6774 Rx ;41vel 101.4220 0.049 0.147 0.4267 0.049 4
1770200589.6775 Rx ;56livn 35 37 47 75 76 39 36 44 149
1770200589.6782 Txd ;26motv 0.24 1.47
1770200589.6797 Rx ;56pose 101.4230 0.721 0.171 1.4306 -2.7106
1770200589.6808 Rx ;14ird 0.894 0.119 3451 16280 1
1770200589.6820 Rx ;66gyro -0.144348 -0.167847 0.106873 101.426
1770200589.6820 Rx ;95acc 0.407227 0.000000 0.895752 101.426
1770200589.6842 Rx ;67pose 101.4280 0.721 0.172 1.4329 -2.7106
1770200589.6854 Rx ;24vel 101.4300 0.046 0.152 0.4630 0.046 4
1770200589.6866 Txd ;25motv 0.26 1.44
1770200589.6875 Rx ;53livn 36 37 47 75 76 39 36 44 154
1770200589.6897 Rx ;59pose 101.4330 0.721 0.172 1.4352 -2.7106
1770200589.6930 Rx ;24gyro 0.282898 0.473022 -0.137268 101.438
1770200589.6930 Rx ;59acc 0.412354 -0.003174 0.888672 101.438
1770200589.6942 Rx ;40vel 101.4380 0.047 0.156 0.4731 0.047 4
1770200589.6943 Rx ;70pose 101.4380 0.721 0.173 1.4375 -2.7106
1770200589.6949 Txd ;21motv 0.25 1.41
1770200589.6975 Rx ;58livn 36 37 47 75 76 39 36 44 159
1770200589.6997 Rx ;09mca 0.135 0.152 17
1770200589.6997 Rx ;72pose 101.4440 0.721 0.173 1.4398 -2.7106
1770200589.7019 Rx ;43vel 101.4460 0.054 0.159 0.4547 0.054 4
1770200589.7026 Txd ;23motv 0.20 1.39
1770200589.7041 Rx ;69pose 101.4490 0.722 0.174 1.4433 -2.7106
1770200589.7052 Rx ;11ird 0.892 0.118 3456 16320 1
1770200589.7053 Rx ;12gyro 0.404968 0.350952 -0.076233 101.450
1770200589.7054 Rx ;32acc 0.413086 -0.010010 0.894043 101.450
1770200589.7076 Rx ;56livn 36 37 48 75 76 39 37 44 164
1770200589.7087 Rx ;33mot 0.2 1.4 0.1 0.1 0
1770200589.7098 Rx ;68pose 101.4540 0.722 0.174 1.4445 -2.7106
1770200589.7099 Rx ;41vel 101.4540 0.053 0.158 0.4558 0.053 4
1770200589.7110 Txd ;31motv 0.19 1.39
1770200589.7131 Rx ;70liv 32 36 44 57 69 43 41 30 25
1770200589.7143 Rx ;81pose 101.4590 0.722 0.175 1.4479 -2.7106
1770200589.7175 Rx ;06gyro 0.069275 0.320435 -0.076233 101.462
1770200589.7176 Rx ;60acc 0.413818 -0.006104 0.898682 101.462
1770200589.7177 Rx ;38vel 101.4620 0.052 0.158 0.4639 0.052 4
1770200589.7177 Rx ;53livn 36 37 48 75 76 40 37 44 169
1770200589.7182 Txd ;31motv 0.19 1.39
1770200589.7199 Rx ;71pose 101.4640 0.722 0.175 1.4491 -2.7106
1770200589.7242 Rx ;73pose 101.4690 0.722 0.176 1.4514 -2.7106
1770200589.7253 Rx ;33vel 101.4700 0.055 0.157 0.4432 0.055 4
1770200589.7260 Txd ;28motv 0.16 1.39
1770200589.7275 Rx ;48livn 36 37 47 75 76 40 37 44 174
1770200589.7298 Rx ;25gyro 0.374451 0.350952 -0.167786 101.474
1770200589.7299 Rx ;12acc 0.401367 0.002686 0.884521 101.474
1770200589.7300 Rx ;73pose 101.4740 0.722 0.177 1.4526 -2.7106
1770200589.7300 Rx ;14ird 0.857 0.118 3536 16431 1
1770200589.7322 Rx ;06mca 0.142 0.134 16
1770200589.7334 Rx ;56vel 101.4780 0.057 0.148 0.3939 0.057 4
1770200589.7345 Txd ;24motv 0.14 1.46
1770200589.7345 Rx ;77pose 101.4790 0.722 0.177 1.4560 -2.7107
1770200589.7378 Rx ;53livn 36 37 47 75 76 40 37 44 179
1770200589.7401 Rx ;79pose 101.4840 0.722 0.178 1.4583 -2.7107
1770200589.7412 Rx ;25gyro 0.374451 0.106812 -0.289856 101.486
1770200589.7413 Rx ;15acc 0.402832 0.008545 0.890625 101.486
1770200589.7414 Rx ;33vel 101.4860 0.055 0.151 0.4152 0.055 4
1770200589.7423 Txd ;22motv 0.14 1.44
1770200589.7425 Rx ;85mot 0.14 1.5 0.1 0.1 0
1770200589.7447 Rx ;84pose 101.4890 0.722 0.178 1.4618 -2.7108
1770200589.7480 Rx ;49livn 36 37 47 75 76 40 37 44 184
1770200589.7491 Rx ;76pose 101.4940 0.722 0.178 1.4641 -2.7108
1770200589.7503 Rx ;54vel 101.4940 0.048 0.157 0.4776 0.048 4
1770200589.7517 Txd ;22motv 0.18 1.40
1770200589.7536 Rx ;68gyro 0.404968 -0.137329 -0.106750 101.498
1770200589.7536 Rx ;18acc 0.393555 0.020508 0.884033 101.498
1770200589.7548 Rx ;87pose 101.4990 0.722 0.179 1.4664 -2.7108
1770200589.7549 Rx ;08ird 0.850 0.119 3552 16307 1
1770200589.7582 Rx ;22vel 101.5020 0.041 0.157 0.5056 0.041 4
1770200589.7583 Rx ;55livn 35 37 48 75 76 40 38 44 189
1770200589.7590 Txd ;18motv 0.23 1.40
1770200589.7605 Rx ;83pose 101.5040 0.722 0.179 1.4699 -2.7109
1770200589.7627 Rx ;66liv 23 34 45 57 64 40 36 31 25
1770200589.7649 Rx ;65pose 101.5090 0.722 0.180 1.4711 -2.7109
1770200589.7650 Rx ;35hbt 101.5090 107 1033 15.64 4 8 9.0 0.43 0
1770200589.7651 Rx ;07mca 0.106 0.143 17
1770200589.7651 Rx ;08gyro 0.588074 -0.106812 0.106873 101.510
1770200589.7652 Rx ;78acc 0.402344 0.020020 0.884033 101.510
1770200589.7664 Rx ;33vel 101.5100 0.038 0.159 0.5252 0.038 4
1770200589.7676 Rx ;50livn 35 37 48 75 76 40 37 44 194
1770200589.7679 Txd ;28motv 0.26 1.38
1770200589.7698 Rx ;60pose 101.5140 0.722 0.180 1.4745 -2.7110
1770200589.7741 Rx ;29vel 101.5180 0.040 0.161 0.5288 0.040 4
1770200589.7751 Txd ;25motv 0.25 1.36
1770200589.7752 Rx ;71pose 101.5190 0.722 0.181 1.4768 -2.7110
1770200589.7753 Rx ;87mot 0.26 1.4 0.1 0.1 0
1770200589.7775 Rx ;52gyro -0.113831 -0.076294 0.076355 101.522
1770200589.7776 Rx ;08acc 0.404785 0.024658 0.875000 101.522
1770200589.7777 Rx ;55livn 35 37 48 75 76 40 37 44 199
1770200589.7798 Rx ;64pose 101.5240 0.722 0.181 1.4792 -2.7110
1770200589.7799 Rx ;17ird 0.869 0.119 3508 16242 1
1770200589.7821 Rx ;35vel 101.5260 0.039 0.154 0.5025 0.039 4
1770200589.7824 Txd ;22motv 0.26 1.41
1770200589.7854 Rx ;72pose 101.5290 0.722 0.182 1.4838 -2.7111
1770200589.7876 Rx ;42livn 35 37 48 75 76 40 37 44 204
1770200589.7898 Rx ;61gyro 0.069275 0.076294 0.015320 101.534
1770200589.7899 Rx ;48acc 0.390137 -0.018066 0.904053 101.534
1770200589.7900 Rx ;45vel 101.5340 0.039 0.146 0.4639 0.039 4
1770200589.7901 Rx ;64pose 101.5340 0.722 0.182 1.4861 -2.7111
1770200589.7913 Txd ;29motv 0.27 1.47
1770200589.7954 Rx ;78pose 101.5390 0.722 0.182 1.4896 -2.7112
1770200589.7976 Rx ;34vel 101.5420 0.035 0.150 0.4993 0.035 4
1770200589.7977 Rx ;46livn 35 37 48 75 75 40 37 44 209
1770200589.7985 Txd ;22motv 0.31 1.45
1770200589.7988 Rx ;99mca 0.111 0.141 16
1770200589.8000 Rx ;71pose 101.5440 0.722 0.183 1.4919 -2.7112
1770200589.8011 Rx ;22gyro -0.296936 -0.198364 -0.228821 101.546
1770200589.8012 Rx ;52acc 0.423340 -0.017822 0.946533 101.546
1770200589.8055 Rx ;79pose 101.5490 0.723 0.183 1.4965 -2.7113
1770200589.8056 Rx ;22ird 0.897 0.118 3444 16338 1
1770200589.8057 Rx ;18vel 101.5500 0.031 0.152 0.5272 0.031 4
1770200589.8069 Txd ;25motv 0.35 1.44
1770200589.8079 Rx ;42livn 35 37 48 75 75 40 37 44 214
1770200589.8080 Rx ;87mot 0.35 1.4 0.1 0.1 0
1770200589.8102 Rx ;81pose 101.5540 0.723 0.184 1.4988 -2.7113
1770200589.8134 Rx ;71liv 28 35 51 58 64 36 33 30 25
1770200589.8135 Rx ;72gyro -0.205383 -0.289917 0.106873 101.558
1770200589.8136 Rx ;61acc 0.404541 -0.008545 0.885254 101.558
1770200589.8136 Rx ;35vel 101.5580 0.023 0.155 0.5735 0.023 4
1770200589.8141 Txd ;21motv 0.42 1.42
1770200589.8148 Rx ;70pose 101.5590 0.723 0.184 1.5034 -2.7114
1770200589.8180 Rx ;47livn 35 37 48 75 75 40 37 44 219
1770200589.8202 Rx ;72pose 101.5640 0.723 0.184 1.5058 -2.7114
1770200589.8214 Rx ;26vel 101.5660 0.021 0.163 0.6155 0.021 4
1770200589.8225 Txd ;28motv 0.46 1.36
1770200589.8247 Rx ;70pose 101.5690 0.723 0.185 1.5104 -2.7114
1770200589.8259 Rx ;16gyro 1.137390 0.381470 -0.259338 101.570
1770200589.8259 Rx ;16acc 0.391113 0.010498 0.878906 101.570
1770200589.8281 Rx ;43livn 35 37 48 75 75 40 37 44 224
1770200589.8303 Rx ;39vel 101.5740 0.017 0.158 0.6137 0.017 4
1770200589.8304 Rx ;72pose 101.5740 0.723 0.185 1.5127 -2.7115
1770200589.8305 Rx ;14ird 0.919 0.119 3397 16300 1
1770200589.8314 Txd ;28motv 0.52 1.39
1770200589.8316 Rx ;09mca 0.118 0.142 17
1770200589.8349 Rx ;79pose 101.5790 0.723 0.186 1.5173 -2.7115
1770200589.8371 Rx ;49gyro 0.130310 -0.228882 -0.198303 101.582
1770200589.8372 Rx ;10acc 0.417236 0.013428 0.892090 101.582
1770200589.8384 Rx ;29vel 101.5820 0.016 0.156 0.6105 0.016 4
1770200589.8385 Rx ;56livn 35 37 48 75 75 39 37 44 229
1770200589.8387 Txd ;24motv 0.56 1.40
1770200589.8396 Rx ;80pose 101.5840 0.723 0.186 1.5196 -2.7115
1770200589.8407 Rx ;90mot 0.56 1.4 0.1 0.1 0
1770200589.8450 Rx ;75pose 101.5890 0.723 0.186 1.5231 -2.7115
1770200589.8462 Rx ;21vel 101.5900 0.014 0.154 0.6104 0.014 4
1770200589.8473 Rx ;52livn 35 37 48 75 75 39 37 44 234
1770200589.8476 Txd ;21motv 0.61 1.41
1770200589.8495 Rx ;90gyro -0.602112 -0.350952 -0.320374 101.594
1770200589.8496 Rx ;29acc 0.402588 0.016357 0.847656 101.594
1770200589.8497 Rx ;80pose 101.5940 0.723 0.187 1.5266 -2.7115
1770200589.8540 Rx ;41vel 101.5980 0.013 0.149 0.5925 0.013 4
1770200589.8548 Txd ;29motv 0.65 1.45
1770200589.8551 Rx ;76pose 101.5990 0.723 0.187 1.5301 -2.7116
1770200589.8552 Rx ;12ird 0.914 0.118 3407 16393 1
1770200589.8574 Rx ;58livn 35 38 48 75 75 39 37 44 239
1770200589.8596 Rx ;68pose 101.6040 0.723 0.187 1.5324 -2.7116
1770200589.8618 Rx ;15gyro -0.296936 -0.198364 -0.106750 101.606
1770200589.8619 Rx ;13acc 0.390137 0.015137 0.864746 101.606
1770200589.8620 Rx ;24vel 101.6060 0.012 0.152 0.6088 0.012 4
1770200589.8626 Txd ;32motv 0.69 1.44
1770200589.8631 Rx ;73liv 27 35 45 53 67 36 30 26 25
1770200589.8643 Rx ;11mca 0.160 0.148 16
1770200589.8654 Rx ;76pose 101.6090 0.723 0.188 1.5370 -2.7117
1770200589.8665 Txd ;57leds 14 0 30 0
1770200589.8676 Rx ;53livn 35 38 48 75 75 39 37 43 244
1770200589.8698 Rx ;22vel 101.6140 0.011 0.160 0.6486 0.011 4
1770200589.8699 Rx ;77pose 101.6140 0.723 0.188 1.5393 -2.7117
1770200589.8709 Txd ;31motv 0.74 1.38
1770200589.8731 Rx ;54gyro -0.541077 -0.473022 0.106873 101.618
1770200589.8732 Rx ;28acc 0.403076 0.010986 0.883789 101.618
1770200589.8744 Rx ;90mot 0.74 1.4 0.1 0.1 0
1770200589.8755 Rx ;84pose 101.6190 0.723 0.189 1.5439 -2.7117
1770200589.8777 Rx ;20vel 101.6220 0.010 0.158 0.6426 0.010 4
1770200589.8778 Rx ;58livn 35 38 48 75 75 39 37 43 249
1770200589.8787 Txd ;36motv 0.78 1.39
1770200589.8800 Rx ;74pose 101.6240 0.723 0.189 1.5451 -2.7117
1770200589.8801 Rx ;11ird 0.917 0.118 3401 16386 1
1770200589.8854 Rx ;81pose 101.6290 0.723 0.190 1.5497 -2.7117
1770200589.8855 Rx ;12gyro -0.785217 -0.320435 -0.289856 101.630
1770200589.8856 Rx ;11acc 0.401367 0.003418 0.877197 101.630
1770200589.8857 Rx ;34vel 101.6300 0.009 0.157 0.6426 0.009 4
1770200589.8864 Txd ;32motv 0.83 1.39
1770200589.8879 Rx ;55livn 35 38 48 75 75 39 37 44 254
1770200589.8901 Rx ;64pose 101.6340 0.723 0.190 1.5520 -2.7117
1770200589.8944 Rx ;41vel 101.6380 0.009 0.159 0.6522 0.009 4
1770200589.8948 Txd ;35motv 0.87 1.38
1770200589.8955 Rx ;78pose 101.6390 0.723 0.191 1.5555 -2.7117
1770200589.8977 Rx ;05mca 0.203 0.134 17
1770200589.8978 Rx ;90gyro -0.602112 -0.228882 -0.320374 101.642
1770200589.8979 Rx ;77acc 0.400879 -0.004883 0.887695 101.642
1770200589.8979 Rx ;61livn 35 38 48 75 76 39 37 44 259
1770200589.9001 Rx ;78pose 101.6440 0.723 0.191 1.5567 -2.7118
1770200589.9023 Rx ;38vel 101.6460 0.008 0.152 0.6259 0.008 4
1770200589.9031 Txd ;26motv 0.92 1.42
1770200589.9056 Rx ;86pose 101.6490 0.723 0.192 1.5578 -2.7118
1770200589.9057 Rx ;07ird 0.917 0.118 3401 16436 1
1770200589.9068 Rx ;90mot 0.92 1.4 0.1 0.1 0
1770200589.9079 Rx ;48livn 35 38 48 74 76 40 37 44 264
1770200589.9091 Rx ;67gyro 0.038757 -1.083374 -0.198303 101.654
1770200589.9092 Rx ;64acc 0.431885 -0.017822 0.973145 101.654
1770200589.9103 Rx ;28vel 101.6540 0.031 0.144 0.4916 0.031 4
1770200589.9104 Rx ;77pose 101.6540 0.723 0.192 1.5590 -2.7119
1770200589.9109 Txd ;37motv 0.78 1.49
1770200589.9126 Rx ;66liv 26 34 46 57 70 43 33 30 25
1770200589.9148 Rx ;73pose 101.6590 0.723 0.193 1.5624 -2.7120
1770200589.9181 Rx ;28vel 101.6620 0.041 0.150 0.4738 0.041 4
1770200589.9181 Rx ;52livn 35 38 48 74 75 40 37 44 269
1770200589.9192 Txd ;28motv 0.72 1.46
1770200589.9204 Rx ;80pose 101.6640 0.723 0.193 1.5636 -2.7119
1770200589.9215 Rx ;92gyro -1.120911 -0.381470 -0.320374 101.666
1770200589.9216 Rx ;73acc 0.397461 -0.020752 0.867188 101.666
1770200589.9248 Rx ;85pose 101.6690 0.723 0.194 1.5671 -2.7119
1770200589.9260 Rx ;42vel 101.6700 0.059 0.155 0.4163 0.059 4
1770200589.9268 Txd ;29motv 0.59 1.42
1770200589.9287 Rx ;47livn 35 37 48 75 75 40 37 43 274
1770200589.9308 Rx ;83pose 101.6740 0.723 0.194 1.5682 -2.7119
1770200589.9309 Rx ;09mca 0.132 0.156 16
1770200589.9310 Rx ;03ird 0.913 0.118 3410 16409 1
1770200589.9332 Rx ;31gyro 0.038757 0.320435 -0.533997 101.678
1770200589.9333 Rx ;65acc 0.383057 -0.019531 0.932617 101.678
1770200589.9334 Rx ;54vel 101.6780 0.059 0.158 0.4317 0.059 4
1770200589.9343 Txd ;26motv 0.58 1.40
1770200589.9356 Rx ;78pose 101.6790 0.723 0.195 1.5705 -2.7121
1770200589.9378 Rx ;54livn 35 37 48 75 76 40 37 44 279
1770200589.9386 Qu 1 ;88!servo 1 0 1000
1770200589.9391 Tx ;88!servo 1 0 1000
1770200589.9402 Rx ;78confirm !servo 1 0 1000
1770200589.9402 Rx ;76pose 101.6840 0.723 0.195 1.5717 -2.7120
1770200589.9404 Rx ;92mot 0.58 1.4 0.1 0.1 0
1770200589.9404 Rx ;16# setvo t=101985, 0, ref=0, e=80000, value=-79000, vel=1000, dw=1000, v=993
1770200589.9416 Rx ;60vel 101.6860 0.069 0.160 0.3987 0.069 4
1770200589.9428 Txd ;17motv 0.15 0.21
1770200589.9428 Rx ;59# setvo t=101987, 0, ref=0, e=79000, value=-78000, vel=1000, dw=1000, v=1006
1770200589.9451 Rx ;55# setvo t=101989, 0, ref=0, e=78000, value=-77000, vel=1000, dw=1000, v=1020
1770200589.9452 Rx ;79pose 101.6890 0.723 0.196 1.5740 -2.7121
1770200589.9452 Rx ;93gyro -0.480042 -0.442505 -0.228821 101.690
1770200589.9453 Rx ;42acc 0.414062 -0.024414 0.918213 101.690
1770200589.9464 Rx ;50# setvo t=101991, 0, ref=0, e=77000, value=-76000, vel=1000, dw=1000, v=1033
1770200589.9477 Rx ;49livn 35 37 48 75 75 40 37 44 284
1770200589.9488 Rx ;54# setvo t=101993, 0, ref=0, e=76000, value=-75000, vel=1000, dw=1000, v=1046
1770200589.9501 Rx ;54vel 101.6940 0.075 0.159 0.3656 0.075 4
1770200589.9503 Rx ;79pose 101.6940 0.723 0.197 1.5752 -2.7121
1770200589.9503 Rx ;50# setvo t=101995, 0, ref=0, e=75000, value=-74000, vel=1000, dw=1000, v=1060
1770200589.9507 Txd ;14motv 0.02 0.04
1770200589.9525 Rx ;54# setvo t=101997, 0, ref=0, e=74000, value=-73000, vel=1000, dw=1000, v=1073
1770200589.9548 Rx ;58# setvo t=101999, 0, ref=0, e=73000, value=-72000, vel=1000, dw=1000, v=1086
1770200589.9550 Rx ;89pose 101.6990 0.723 0.197 1.5775 -2.7121
1770200589.9551 Rx ;16ird 0.925 0.118 3385 16390 1
1770200589.9563 Rx ;35# setvo t=102001, 0, ref=0, e=72000, value=-71000, vel=1000, dw=1000, v=1099
1770200589.9575 Rx ;05gyro -0.022278 -0.167847 -0.015198 101.702
1770200589.9575 Rx ;66acc 0.387207 -0.015137 0.898926 101.702
1770200589.9576 Rx ;26vel 101.7020 0.074 0.134 0.2612 0.074 4
1770200589.9577 Rx ;53livn 35 37 48 74 75 40 37 44 289
1770200589.9579 Txd ;63motv -0.05 0.05
1770200589.9588 Rx ;22# setvo t=102003, 0, ref=0, e=71000, value=-70000, vel=1000, dw=1000, v=1113
1770200589.9600 Rx ;77pose 101.7040 0.723 0.197 1.5775 -2.7122
1770200589.9602 Rx ;35# setvo t=102005, 0, ref=0, e=70000, value=-69000, vel=1000, dw=1000, v=1126
1770200589.9624 Rx ;48# setvo t=102007, 0, ref=0, e=69000, value=-68000, vel=1000, dw=1000, v=1139
1770200589.9636 Rx ;63liv 30 35 46 57 66 40 32 30 25
1770200589.9637 Rx ;03mca 0.100 0.082 17
1770200589.9648 Rx ;44# setvo t=102009, 0, ref=0, e=68000, value=-67000, vel=1000, dw=1000, v=1153
1770200589.9650 Rx ;85pose 101.7090 0.723 0.198 1.5786 -2.7122
1770200589.9661 Rx ;29vel 101.7100 0.069 0.111 0.1830 0.069 4
1770200589.9663 Rx ;39# setvo t=102011, 0, ref=0, e=67000, value=-66000, vel=1000, dw=1000, v=1166
1770200589.9670 Txd ;61motv -0.10 0.07
1770200589.9675 Rx ;49livn 35 38 48 74 75 40 37 43 294
1770200589.9686 Rx ;43# setvo t=102013, 0, ref=0, e=66000, value=-65000, vel=1000, dw=1000, v=1179
1770200589.9698 Rx ;77gyro -1.181946 1.937866 -0.228821 101.714
1770200589.9699 Rx ;65acc 0.545410 -0.125977 1.085693 101.714
1770200589.9700 Rx ;81pose 101.7140 0.723 0.198 1.5786 -2.7122
1770200589.9711 Rx ;39# setvo t=102015, 0, ref=0, e=65000, value=-64000, vel=1000, dw=1000, v=1193
1770200589.9723 Rx ;34# setvo t=102017, 0, ref=0, e=64000, value=-63000, vel=1000, dw=1000, v=1206
1770200589.9735 Rx ;28mot -0.1 0.07 0.1 0.1 0
1770200589.9736 Rx ;32vel 101.7180 0.061 0.087 0.1136 0.061 4
1770200589.9740 Txd ;60motv -0.12 0.13
1770200589.9748 Rx ;38# setvo t=102019, 0, ref=0, e=63000, value=-62000, vel=1000, dw=1000, v=1219
1770200589.9749 Rx ;88pose 101.7190 0.723 0.198 1.5809 -2.7119
1770200589.9771 Rx ;25# setvo t=102021, 0, ref=0, e=62000, value=-61000, vel=1000, dw=1000, v=1233
1770200589.9783 Rx ;54livn 35 37 48 74 75 40 37 44 299
1770200589.9784 Rx ;29# setvo t=102023, 0, ref=0, e=61000, value=-60000, vel=1000, dw=1000, v=1246
1770200589.9807 Rx ;73pose 101.7240 0.723 0.198 1.5833 -2.7120
1770200589.9807 Rx ;22ird 0.892 0.117 3456 16485 1
1770200589.9808 Rx ;42# setvo t=102025, 0, ref=0, e=60000, value=-59000, vel=1000, dw=1000, v=1259
1770200589.9820 Rx ;70gyro -1.914368 -2.151489 0.381531 101.726
1770200589.9821 Rx ;81acc 0.365479 -0.134766 1.039795 101.726
1770200589.9822 Rx ;27vel 101.7260 0.022 0.066 0.1924 0.022 4
1770200589.9823 Rx ;46# setvo t=102027, 0, ref=0, e=59000, value=-58000, vel=1000, dw=1000, v=1272
1770200589.9828 Txd ;20motv 0.11 0.19
1770200589.9846 Rx ;51# setvo t=102029, 0, ref=0, e=58000, value=-57000, vel=1000, dw=1000, v=1286
1770200589.9847 Rx ;84pose 101.7290 0.723 0.198 1.5844 -2.7124
1770200589.9869 Rx ;46# setvo t=102031, 0, ref=0, e=57000, value=-56000, vel=1000, dw=1000, v=1299
1770200589.9881 Rx ;45livn 29 34 39 76 71 32 29 49 3
1770200589.9882 Rx ;32# setvo t=102033, 0, ref=0, e=56000, value=-55000, vel=1000, dw=1000, v=1312
1770200589.9895 Rx ;30vel 101.7340 0.026 0.060 0.1485 0.026 4
1770200589.9901 Txd ;21motv 0.06 0.16
1770200589.9906 Rx ;78pose 101.7340 0.723 0.198 1.5844 -2.7122
1770200589.9907 Rx ;37# setvo t=102035, 0, ref=0, e=55000, value=-54000, vel=1000, dw=1000, v=1326
1770200589.9929 Rx ;41# setvo t=102037, 0, ref=0, e=54000, value=-53000, vel=1000, dw=1000, v=1339
1770200589.9931 Rx ;70gyro 0.435486 -0.900269 -0.595032 101.738
1770200589.9932 Rx ;67acc 0.410156 -0.102539 0.865967 101.738
1770200589.9944 Rx ;36# setvo t=102039, 0, ref=0, e=53000, value=-52000, vel=1000, dw=1000, v=1352
1770200589.9956 Rx ;82pose 101.7390 0.723 0.198 1.5844 -2.7121
1770200589.9968 Rx ;04mca 0.112 0.036 16
1770200589.9969 Rx ;32# setvo t=102041, 0, ref=0, e=52000, value=-51000, vel=1000, dw=1000, v=1366
1770200589.9980 Rx ;25vel 101.7420 0.024 0.053 0.1285 0.024 4
1770200589.9982 Rx ;37livn 33 33 45 72 71 38 34 47 8
1770200589.9983 Rx ;36# setvo t=102043, 0, ref=0, e=51000, value=-50000, vel=1000, dw=1000, v=1379
1770200589.9989 Txd ;18motv 0.04 0.15
1770200590.0005 Rx ;78pose 101.7440 0.723 0.198 1.5844 -2.7121
1770200590.0006 Rx ;40# setvo t=102045, 0, ref=0, e=50000, value=-49000, vel=1000, dw=1000, v=1392
1770200590.0029 Rx ;45# setvo t=102047, 0, ref=0, e=49000, value=-48000, vel=1000, dw=1000, v=1406
1770200590.0051 Rx ;49# setvo t=102049, 0, ref=0, e=48000, value=-47000, vel=1000, dw=1000, v=1419
1770200590.0052 Rx ;83pose 101.7490 0.723 0.198 1.5833 -2.7123
1770200590.0053 Rx ;16ird 0.864 0.118 3518 16408 1
1770200590.0053 Rx ;14gyro 1.228943 1.632690 -0.106750 101.750
1770200590.0054 Rx ;39acc 0.379150 -0.005127 1.053223 101.750
1770200590.0055 Rx ;26vel 101.7500 0.016 0.044 0.1195 0.016 4
1770200590.0061 Txd ;23motv 0.08 0.16
1770200590.0066 Rx ;33mot 0.04 0.15 0.1 0.1 0
1770200590.0067 Rx ;35# setvo t=102051, 0, ref=0, e=47000, value=-46000, vel=1000, dw=1000, v=1432
1770200590.0078 Rx ;86livn 36 36 46 67 72 41 39 41 13
1770200590.0089 Rx ;40# setvo t=102053, 0, ref=0, e=46000, value=-45000, vel=1000, dw=1000, v=1446
1770200590.0101 Rx ;79pose 101.7540 0.723 0.198 1.5833 -2.7123
1770200590.0102 Rx ;44# setvo t=102055, 0, ref=0, e=45000, value=-44000, vel=1000, dw=1000, v=1459
1770200590.0124 Rx ;39# setvo t=102057, 0, ref=0, e=44000, value=-43000, vel=1000, dw=1000, v=1472
1770200590.0136 Rx ;64liv 25 30 45 55 68 42 33 30 25
1770200590.0136 Rx ;31vel 101.7580 0.007 0.035 0.1219 0.007 4
1770200590.0144 Txd ;21motv 0.13 0.18
1770200590.0148 Rx ;43# setvo t=102059, 0, ref=0, e=43000, value=-42000, vel=1000, dw=1000, v=1485
1770200590.0149 Rx ;82pose 101.7590 0.723 0.198 1.5833 -2.7121
1770200590.0171 Rx ;39# setvo t=102061, 0, ref=0, e=42000, value=-41000, vel=1000, dw=1000, v=1499
1770200590.0172 Rx ;03gyro 0.130310 -0.717163 0.228943 101.762
1770200590.0173 Rx ;12acc 0.385010 0.005859 0.913086 101.762
1770200590.0184 Rx ;95livn 36 35 46 68 75 42 39 41 18
1770200590.0184 Rx ;25# setvo t=102063, 0, ref=0, e=41000, value=-40000, vel=1000, dw=1000, v=1512
1770200590.0207 Rx ;80pose 101.7640 0.723 0.198 1.5833 -2.7123
1770200590.0207 Rx ;38# setvo t=102065, 0, ref=0, e=40000, value=-39000, vel=1000, dw=1000, v=1525
1770200590.0219 Rx ;39vel 101.7660 0.007 0.027 0.0858 0.007 4
1770200590.0230 Rx ;52# setvo t=102067, 0, ref=0, e=39000, value=-38000, vel=1000, dw=1000, v=1539
1770200590.0233 Txd ;13motv 0.12 0.20
1770200590.0242 Rx ;47# setvo t=102069, 0, ref=0, e=38000, value=-37000, vel=1000, dw=1000, v=1552
1770200590.0254 Rx ;85pose 101.7690 0.723 0.198 1.5833 -2.7123
1770200590.0265 Rx ;42# setvo t=102071, 0, ref=0, e=37000, value=-36000, vel=1000, dw=1000, v=1565
1770200590.0277 Rx ;77livn 37 34 45 70 73 41 37 40 23
1770200590.0288 Rx ;47# setvo t=102073, 0, ref=0, e=36000, value=-35000, vel=1000, dw=1000, v=1579
1770200590.0289 Rx ;06mca 0.132 0.044 17
1770200590.0300 Rx ;19gyro 0.496521 0.717163 -0.045715 101.774
1770200590.0301 Rx ;30acc 0.391846 0.017334 0.882568 101.774
1770200590.0301 Rx ;31vel 101.7740 0.007 0.023 0.0675 0.007 4
1770200590.0302 Rx ;82pose 101.7740 0.723 0.198 1.5833 -2.7124
1770200590.0303 Rx ;42# setvo t=102075, 0, ref=0, e=35000, value=-34000, vel=1000, dw=1000, v=1592
1770200590.0304 Rx ;20ird 0.856 0.118 3537 16437 1
1770200590.0305 Txd ;12motv 0.11 0.20
1770200590.0325 Rx ;37# setvo t=102077, 0, ref=0, e=34000, value=-33000, vel=1000, dw=1000, v=1605
1770200590.0348 Rx ;42# setvo t=102079, 0, ref=0, e=33000, value=-32000, vel=1000, dw=1000, v=1619
1770200590.0349 Rx ;85pose 101.7790 0.723 0.198 1.5833 -2.7122
1770200590.0371 Rx ;28# setvo t=102081, 0, ref=0, e=32000, value=-31000, vel=1000, dw=1000, v=1632
1770200590.0382 Rx ;30vel 101.7820 0.007 0.019 0.0526 0.007 4
1770200590.0383 Rx ;84livn 37 35 46 71 72 40 37 41 28
1770200590.0384 Rx ;32# setvo t=102083, 0, ref=0, e=31000, value=-30000, vel=1000, dw=1000, v=1645
1770200590.0388 Txd ;11motv 0.10 0.20
1770200590.0395 Rx ;78mot 0.11 0.2 0.1 0.1 0
1770200590.0407 Rx ;81pose 101.7840 0.723 0.198 1.5833 -2.7122
1770200590.0407 Rx ;45# setvo t=102085, 0, ref=0, e=30000, value=-29000, vel=1000, dw=1000, v=1658
1770200590.0419 Rx ;76gyro -0.876770 0.717163 -0.228821 101.786
1770200590.0420 Rx ;69acc 0.378662 -0.005615 0.909424 101.786
1770200590.0431 Rx ;50# setvo t=102087, 0, ref=0, e=29000, value=-28000, vel=1000, dw=1000, v=1672
1770200590.0443 Rx ;54# setvo t=102089, 0, ref=0, e=28000, value=-27000, vel=1000, dw=1000, v=1685
1770200590.0455 Rx ;87pose 101.7890 0.723 0.198 1.5833 -2.7123
1770200590.0455 Rx ;24vel 101.7900 0.007 0.017 0.0424 0.007 4
1770200590.0465 Txd ;19motv 0.09 0.20
1770200590.0467 Rx ;49# setvo t=102091, 0, ref=0, e=27000, value=-26000, vel=1000, dw=1000, v=1698
1770200590.0478 Rx ;84livn 36 37 47 72 70 41 38 42 33
1770200590.0490 Rx ;36# setvo t=102093, 0, ref=0, e=26000, value=-25000, vel=1000, dw=1000, v=1712
1770200590.0501 Rx ;84pose 101.7940 0.723 0.198 1.5833 -2.7124
1770200590.0502 Rx ;40# setvo t=102095, 0, ref=0, e=25000, value=-24000, vel=1000, dw=1000, v=1725
1770200590.0524 Rx ;44# setvo t=102097, 0, ref=0, e=24000, value=-23000, vel=1000, dw=1000, v=1738
1770200590.0536 Rx ;80gyro 0.527039 -0.167847 -0.564514 101.798
1770200590.0537 Rx ;79acc 0.441895 -0.030029 0.869385 101.798
1770200590.0537 Rx ;30vel 101.7980 0.007 0.015 0.0334 0.007 4
1770200590.0548 Txd ;27motv 0.09 0.19
1770200590.0549 Rx ;40# setvo t=102099, 0, ref=0, e=23000, value=-22000, vel=1000, dw=1000, v=1752
1770200590.0550 Rx ;88pose 101.7990 0.723 0.198 1.5833 -2.7123
1770200590.0561 Rx ;20ird 0.876 0.118 3492 16426 1
1770200590.0562 Rx ;26# setvo t=102101, 0, ref=0, e=22000, value=-21000, vel=1000, dw=1000, v=1765
1770200590.0584 Rx ;90livn 36 37 47 71 70 41 39 43 38
1770200590.0584 Rx ;30# setvo t=102103, 0, ref=0, e=21000, value=-20000, vel=1000, dw=1000, v=1778
1770200590.0607 Rx ;75pose 101.8040 0.723 0.198 1.5833 -2.7123
1770200590.0608 Rx ;35# setvo t=102105, 0, ref=0, e=20000, value=-19000, vel=1000, dw=1000, v=1792
1770200590.0619 Rx ;19vel 101.8060 0.007 0.013 0.0272 0.007 4
1770200590.0620 Rx ;06mca 0.133 0.044 16
1770200590.0625 Txd ;26motv 0.08 0.19
1770200590.0631 Rx ;39# setvo t=102107, 0, ref=0, e=19000, value=-18000, vel=1000, dw=1000, v=1805
1770200590.0632 Rx ;70liv 28 36 45 58 61 40 35 31 25
1770200590.0643 Rx ;43# setvo t=102109, 0, ref=0, e=18000, value=-17000, vel=1000, dw=1000, v=1818
1770200590.0655 Rx ;81pose 101.8090 0.723 0.198 1.5833 -2.7124
1770200590.0656 Rx ;92gyro 0.130310 0.076294 -0.076233 101.810
1770200590.0656 Rx ;05acc 0.362549 0.001709 0.860352 101.810
1770200590.0667 Rx ;30# setvo t=102111, 0, ref=0, e=17000, value=-16000, vel=1000, dw=1000, v=1832
1770200590.0673 Txd ;11leds 14 0 5 0
1770200590.0679 Rx ;88livn 37 38 47 71 70 41 39 43 43
1770200590.0690 Rx ;34# setvo t=102113, 0, ref=0, e=16000, value=-15000, vel=1000, dw=1000, v=1845
1770200590.0702 Rx ;14vel 101.8140 0.007 0.012 0.0215 0.007 4
1770200590.0703 Rx ;77pose 101.8140 0.723 0.198 1.5833 -2.7124
1770200590.0704 Rx ;38# setvo t=102115, 0, ref=0, e=15000, value=-14000, vel=1000, dw=1000, v=1858
1770200590.0709 Txd ;24motv 0.07 0.18
1770200590.0726 Rx ;39mot 0.07 0.18 0.1 0.1 0
1770200590.0726 Rx ;33# setvo t=102117, 0, ref=0, e=14000, value=-13000, vel=1000, dw=1000, v=1871
1770200590.0749 Rx ;38# setvo t=102119, 0, ref=0, e=13000, value=-12000, vel=1000, dw=1000, v=1885
1770200590.0750 Rx ;82pose 101.8190 0.723 0.198 1.5833 -2.7124
1770200590.0761 Rx ;33# setvo t=102121, 0, ref=0, e=12000, value=-11000, vel=1000, dw=1000, v=1898
1770200590.0773 Rx ;65gyro -0.419006 -0.289917 0.106873 101.822
1770200590.0774 Rx ;10acc 0.417480 0.008545 0.891602 101.822
1770200590.0775 Rx ;20vel 101.8220 0.007 0.011 0.0178 0.007 4
1770200590.0776 Rx ;96livn 37 38 47 72 71 42 39 43 48
1770200590.0780 Txd ;23motv 0.06 0.18
1770200590.0787 Rx ;19# setvo t=102123, 0, ref=0, e=11000, value=-10000, vel=1000, dw=1000, v=1911
1770200590.0799 Rx ;78pose 101.8240 0.723 0.198 1.5833 -2.7124
1770200590.0810 Rx ;84# setvo t=102125, 0, ref=0, e=10000, value=-9000, vel=1000, dw=1000, v=1925
1770200590.0811 Rx ;04ird 0.913 0.117 3410 16474 1
1770200590.0822 Rx ;49# setvo t=102127, 0, ref=0, e=9000, value=-8000, vel=1000, dw=1000, v=1938
1770200590.0845 Rx ;44# setvo t=102129, 0, ref=0, e=8000, value=-7000, vel=1000, dw=1000, v=1951
1770200590.0856 Rx ;84pose 101.8290 0.723 0.198 1.5833 -2.7125
1770200590.0857 Rx ;07vel 101.8300 0.007 0.010 0.0131 0.007 4
1770200590.0869 Txd ;22motv 0.06 0.17
1770200590.0868 Rx ;40# setvo t=102131, 0, ref=0, e=7000, value=-6000, vel=1000, dw=1000, v=1965
1770200590.0880 Rx ;94livn 37 39 48 72 71 42 39 43 53
1770200590.0891 Rx ;44# setvo t=102133, 0, ref=0, e=6000, value=-5000, vel=1000, dw=1000, v=1978
1770200590.0892 Rx ;62gyro 0.527039 -0.015259 -0.137268 101.834
1770200590.0893 Rx ;57acc 0.408447 -0.003662 0.909180 101.834
1770200590.0904 Rx ;79pose 101.8340 0.723 0.198 1.5833 -2.7124
1770200590.0905 Rx ;39# setvo t=102135, 0, ref=0, e=5000, value=-4000, vel=1000, dw=1000, v=1991
1770200590.0927 Rx ;26# setvo t=102137, 0, ref=0, e=4000, value=-3000, vel=1000, dw=1000, v=2005
1770200590.0939 Rx ;19vel 101.8380 0.007 0.010 0.0108 0.007 4
1770200590.0950 Rx ;30# setvo t=102139, 0, ref=0, e=3000, value=-2000, vel=1000, dw=1000, v=2018
1770200590.0951 Rx ;84pose 101.8390 0.723 0.198 1.5833 -2.7124
1770200590.0952 Txd ;20motv 0.05 0.16
1770200590.0952 Rx ;06mca 0.132 0.044 17
1770200590.0963 Rx ;16# setvo t=102141, 0, ref=0, e=2000, value=-1000, vel=1000, dw=1000, v=2031
1770200590.0975 Rx ;98livn 36 39 48 72 71 42 39 43 58
1770200590.0986 Rx ;29# setvo t=102143, 0, ref=0, e=1000, value=0, vel=1000, dw=1000, v=2044
1770200590.0997 Rx ;80pose 101.8440 0.723 0.198 1.5833 -2.7124
1770200590.1019 Rx ;06gyro -0.052795 -0.473022 -0.015198 101.846
1770200590.1020 Rx ;21acc 0.362061 0.019775 0.879150 101.846
1770200590.1021 Rx ;21vel 101.8460 0.005 0.009 0.0170 0.005 4
1770200590.1024 Txd ;21motv 0.06 0.16
1770200590.1053 Rx ;36mot 0.06 0.16 0.1 0.1 0
1770200590.1054 Rx ;86pose 101.8490 0.723 0.198 1.5833 -2.7125
1770200590.1055 Rx ;96ird 0.913 0.117 3411 16502 1
1770200590.1076 Rx ;93livn 37 38 48 73 71 41 38 43 63
1770200590.1098 Rx ;24vel 101.8540 0.004 0.008 0.0186 0.004 4
1770200590.1099 Rx ;82pose 101.8540 0.723 0.198 1.5833 -2.7125
1770200590.1113 Txd ;21motv 0.06 0.16
1770200590.1131 Rx ;82liv 28 35 49 58 65 39 33 30 25
1770200590.1132 Rx ;99gyro -0.419006 -0.320435 -0.198303 101.858
1770200590.1133 Rx ;70acc 0.420898 -0.009521 0.894531 101.858
1770200590.1155 Rx ;87pose 101.8590 0.723 0.198 1.5833 -2.7125
1770200590.1176 Rx ;15vel 101.8620 0.004 0.008 0.0160 0.004 4
1770200590.1177 Rx ;01livn 36 38 49 73 72 41 38 44 68
1770200590.1185 Txd ;19motv 0.05 0.15
1770200590.1199 Rx ;84pose 101.8640 0.723 0.198 1.5833 -2.7126
1770200590.1253 Rx ;90pose 101.8690 0.723 0.198 1.5833 -2.7127
1770200590.1253 Rx ;08gyro 0.191345 -0.106812 0.106873 101.870
1770200590.1254 Rx ;47acc 0.412354 -0.000244 0.923828 101.870
1770200590.1255 Rx ;14vel 101.8700 0.004 0.007 0.0143 0.004 4
1770200590.1259 Txd ;19motv 0.05 0.15
1770200590.1277 Rx ;97livn 36 38 49 74 72 41 38 44 73
1770200590.1288 Rx ;03mca 0.131 0.043 16
1770200590.1299 Rx ;86pose 101.8740 0.723 0.198 1.5833 -2.7127
1770200590.1311 Rx ;17ird 0.909 0.117 3418 16474 1
1770200590.1343 Rx ;23vel 101.8780 0.004 0.007 0.0126 0.004 4
1770200590.1354 Txd ;17motv 0.04 0.14
1770200590.1355 Rx ;91pose 101.8790 0.723 0.198 1.5833 -2.7127
1770200590.1377 Rx ;15gyro -0.144348 -0.167847 -0.045715 101.882
1770200590.1379 Rx ;33acc 0.390869 0.001953 0.864990 101.882
1770200590.1379 Rx ;03livn 36 38 48 74 72 41 39 44 78
1770200590.1380 Rx ;32mot 0.04 0.14 0.1 0.1 0
1770200590.1402 Rx ;87pose 101.8840 0.723 0.198 1.5833 -2.7127
1770200590.1425 Rx ;15vel 101.8860 0.004 0.007 0.0110 0.004 4
1770200590.1432 Txd ;16motv 0.04 0.13
1770200590.1447 Rx ;92pose 101.8890 0.723 0.198 1.5833 -2.7127
1770200590.1480 Rx ;01livn 37 38 49 74 73 41 39 43 83
1770200590.1491 Rx ;02gyro -0.602112 -0.076294 -0.228821 101.894
1770200590.1492 Rx ;54acc 0.426514 -0.008301 0.907471 101.894
1770200590.1503 Rx ;12vel 101.8940 0.004 0.006 0.0100 0.004 4
1770200590.1505 Rx ;88pose 101.8940 0.723 0.198 1.5833 -2.7127
1770200590.1517 Txd ;15motv 0.03 0.13
1770200590.1548 Rx ;94pose 101.8990 0.723 0.198 1.5833 -2.7128
1770200590.1559 Rx ;11ird 0.862 0.116 3524 16626 1
1770200590.1581 Rx ;11vel 101.9020 0.004 0.006 0.0082 0.004 4
1770200590.1582 Rx ;06livn 37 38 49 74 73 41 39 43 88
1770200590.1589 Txd ;14motv 0.03 0.12
1770200590.1604 Rx ;81pose 101.9040 0.723 0.198 1.5833 -2.7128
1770200590.1615 Rx ;03mca 0.131 0.042 17
1770200590.1616 Rx ;09gyro 0.191345 -0.106812 0.076355 101.906
1770200590.1617 Rx ;61acc 0.416992 -0.011719 0.924316 101.906
1770200590.1628 Rx ;61liv 28 33 48 60 71 42 40 30 25
1770200590.1650 Rx ;87pose 101.9090 0.723 0.198 1.5833 -2.7129
1770200590.1662 Rx ;10vel 101.9100 0.004 0.006 0.0073 0.004 4
1770200590.1674 Txd ;14motv 0.03 0.12
1770200590.1685 Rx ;94livn 36 38 49 74 74 42 40 43 93
1770200590.1706 Rx ;82pose 101.9140 0.723 0.198 1.5833 -2.7128
1770200590.1707 Rx ;29mot 0.03 0.12 0.1 0.1 0
1770200590.1740 Rx ;40gyro 0.130310 -0.473022 -0.015198 101.918
1770200590.1740 Rx ;14acc 0.382324 0.014404 0.893555 101.918
1770200590.1741 Rx ;16vel 101.9180 0.004 0.006 0.0062 0.004 4
1770200590.1748 Txd ;12motv 0.02 0.11
1770200590.1752 Rx ;88pose 101.9190 0.723 0.198 1.5833 -2.7129
1770200590.1785 Rx ;99livn 36 38 49 74 73 42 40 44 98
1770200590.1807 Rx ;76pose 101.9240 0.723 0.198 1.5833 -2.7130
1770200590.1808 Rx ;30ird 0.887 0.116 3467 16659 1
1770200590.1819 Rx ;13vel 101.9260 0.004 0.005 0.0052 0.004 4
1770200590.1826 Txd ;12motv 0.02 0.11
1770200590.1852 Rx ;89pose 101.9290 0.723 0.198 1.5833 -2.7129
1770200590.1853 Rx ;03gyro -0.724182 -0.137329 -0.015198 101.930
1770200590.1853 Rx ;06acc 0.407959 0.012451 0.904053 101.930
1770200590.1875 Rx ;35livn 36 37 49 75 74 41 40 44 103
1770200590.1897 Rx ;14vel 101.9340 0.004 0.005 0.0045 0.004 4
1770200590.1898 Rx ;77pose 101.9340 0.723 0.198 1.5833 -2.7130
1770200590.1910 Txd ;10motv 0.01 0.10
1770200590.1941 Rx ;02mca 0.130 0.043 16
1770200590.1952 Rx ;82pose 101.9390 0.723 0.198 1.5833 -2.7130
1770200590.1974 Rx ;21gyro -0.357971 -0.259399 -0.106750 101.942
1770200590.1975 Rx ;42acc 0.402100 -0.000488 0.903809 101.942
1770200590.1975 Rx ;11vel 101.9420 0.004 0.005 0.0034 0.004 4
1770200590.1976 Rx ;39livn 36 37 49 74 73 41 40 45 108
1770200590.1983 Txd ;10motv 0.01 0.10
1770200590.1997 Rx ;78pose 101.9440 0.723 0.198 1.5833 -2.7130
1770200590.2040 Rx ;76mot 0.01 0.1 0.1 0.1 0
1770200590.2052 Rx ;91pose 101.9490 0.723 0.198 1.5833 -2.7129
1770200590.2052 Rx ;09ird 0.910 0.115 3416 16766 1
1770200590.2063 Rx ;13vel 101.9500 0.004 0.005 0.0028 0.004 4
1770200590.2066 Txd ;17motv 0.00 0.09
1770200590.2075 Rx ;35livn 36 37 49 74 73 41 40 45 113
1770200590.2096 Rx ;59gyro 0.252380 -0.228882 -0.106750 101.954
1770200590.2097 Rx ;63acc 0.364014 -0.006348 0.874268 101.954
1770200590.2098 Rx ;79pose 101.9540 0.723 0.198 1.5833 -2.7130
1770200590.2130 Rx ;86liv 28 31 48 59 66 39 35 35 25
1770200590.2142 Rx ;17vel 101.9580 0.003 0.005 0.0053 0.003 4
1770200590.2153 Rx ;84pose 101.9590 0.723 0.198 1.5833 -2.7130
1770200590.2155 Txd ;18motv 0.01 0.09
1770200590.2185 Rx ;50livn 36 37 49 75 74 41 39 45 118
1770200590.2207 Rx ;80pose 101.9640 0.723 0.198 1.5833 -2.7130
1770200590.2218 Rx ;31gyro -0.785217 0.228882 0.137390 101.966
1770200590.2219 Rx ;38acc 0.449463 0.014893 0.959229 101.966
1770200590.2220 Rx ;17vel 101.9660 0.003 0.004 0.0046 0.003 4
1770200590.2227 Txd ;17motv 0.00 0.09
1770200590.2252 Rx ;85pose 101.9690 0.723 0.198 1.5833 -2.7130
1770200590.2274 Rx ;99mca 0.110 0.042 17
1770200590.2275 Rx ;45livn 37 37 48 75 73 41 39 45 123
1770200590.2297 Rx ;12vel 101.9740 0.003 0.004 0.0042 0.003 4
1770200590.2297 Rx ;81pose 101.9740 0.723 0.198 1.5833 -2.7130
1770200590.2299 Txd ;62motv -0.00 0.09
1770200590.2309 Rx ;11ird 0.910 0.116 3417 16649 1
1770200590.2330 Rx ;27gyro 0.710144 0.259399 -0.045715 101.978
1770200590.2331 Rx ;91acc 0.399414 -0.027588 0.918945 101.978
1770200590.2353 Rx ;86pose 101.9790 0.723 0.198 1.5833 -2.7130
1770200590.2375 Rx ;34mot -0 0.09 0.1 0.1 0
1770200590.2375 Rx ;11vel 101.9820 0.003 0.004 0.0033 0.003 4
1770200590.2376 Rx ;49livn 37 36 48 75 73 41 39 45 128
1770200590.2388 Txd ;61motv -0.00 0.08
1770200590.2398 Rx ;83pose 101.9840 0.723 0.198 1.5833 -2.7131
1770200590.2451 Rx ;88pose 101.9890 0.723 0.198 1.5833 -2.7131
1770200590.2452 Rx ;46gyro 0.130310 -0.381470 -0.381409 101.990
1770200590.2453 Rx ;88acc 0.397949 -0.008789 0.947510 101.990
1770200590.2464 Rx ;15vel 101.9900 0.003 0.004 0.0029 0.003 4
1770200590.2471 Txd ;62motv -0.01 0.08
1770200590.2475 Rx ;44livn 37 36 48 75 73 41 39 44 133
1770200590.2508 Rx ;84pose 101.9940 0.723 0.198 1.5833 -2.7131
1770200590.2540 Rx ;18vel 101.9980 0.003 0.004 0.0024 0.003 4
1770200590.2544 Txd ;61motv -0.01 0.07
1770200590.2551 Rx ;89pose 101.9990 0.723 0.198 1.5833 -2.7131
1770200590.2552 Rx ;20ird 0.889 0.117 3463 16542 1
1770200590.2574 Rx ;94gyro 0.313416 0.350952 -0.228821 102.002
1770200590.2575 Rx ;94acc 0.393311 0.000244 0.891846 102.002
1770200590.2575 Rx ;50livn 37 36 48 75 74 41 39 44 138
1770200590.2608 Rx ;69pose 102.0040 0.723 0.198 1.5844 -2.7131
1770200590.2608 Rx ;07mca 0.073 0.042 16
1770200590.2619 Rx ;98vel 102.0060 0.003 0.004 0.0051 0.003 4
1770200590.2627 Txd ;61motv -0.01 0.07
1770200590.2631 Rx ;79liv 31 27 41 59 69 39 31 28 25
1770200590.2652 Rx ;29hbt 102.0090 107 1033 15.64 4 8 9.0 0.41 0
1770200590.2653 Rx ;75pose 102.0090 0.723 0.198 1.5844 -2.7132
1770200590.2675 Rx ;46livn 37 36 48 75 74 41 39 44 143
1770200590.2681 Txd ;57leds 14 0 30 0
1770200590.2697 Rx ;10gyro 0.252380 -0.198364 0.076355 102.014
1770200590.2698 Rx ;92acc 0.395264 0.000000 0.885254 102.014
1770200590.2698 Rx ;03vel 102.0140 0.002 0.004 0.0085 0.002 4
1770200590.2699 Rx ;76mot -0.01 0.07 0.1 0.1 0
1770200590.2700 Rx ;72pose 102.0140 0.723 0.198 1.5844 -2.7133
1770200590.2706 Txd ;60motv -0.01 0.06
1770200590.2753 Rx ;77pose 102.0190 0.723 0.198 1.5844 -2.7133
1770200590.2775 Rx ;05vel 102.0220 0.002 0.004 0.0079 0.002 4
1770200590.2776 Rx ;51livn 37 36 48 75 74 41 39 44 148
1770200590.2788 Txd ;60motv -0.01 0.06
1770200590.2808 Rx ;73pose 102.0240 0.723 0.198 1.5844 -2.7133
1770200590.2809 Rx ;20ird 0.856 0.116 3538 16618 1
1770200590.2820 Rx ;04gyro -0.480042 0.137329 0.106873 102.026
1770200590.2821 Rx ;46acc 0.411621 -0.010498 0.907715 102.026
1770200590.2853 Rx ;78pose 102.0290 0.723 0.198 1.5844 -2.7133
1770200590.2865 Rx ;01vel 102.0300 0.002 0.004 0.0076 0.002 4
1770200590.2872 Txd ;59motv -0.01 0.05
1770200590.2876 Rx ;47livn 37 36 48 75 74 41 39 44 153
1770200590.2908 Rx ;74pose 102.0340 0.723 0.198 1.5844 -2.7133
1770200590.2930 Rx ;98mca 0.101 0.041 17
1770200590.2931 Rx ;11gyro 0.008240 0.198364 -0.137268 102.038
1770200590.2932 Rx ;53acc 0.390381 -0.012451 0.887451 102.038
1770200590.2943 Rx ;03vel 102.0380 0.002 0.003 0.0071 0.002 4
1770200590.2949 Txd ;61motv -0.02 0.06
1770200590.2954 Rx ;80pose 102.0390 0.723 0.198 1.5844 -2.7134
1770200590.2976 Rx ;52livn 37 36 48 75 74 41 39 44 158
1770200590.3008 Rx ;76pose 102.0440 0.723 0.198 1.5844 -2.7134
1770200590.3020 Rx ;07vel 102.0460 0.002 0.003 0.0067 0.002 4
1770200590.3031 Rx ;76mot -0.02 0.06 0.1 0.1 0
1770200590.3033 Txd ;60motv -0.02 0.05
1770200590.3053 Rx ;82pose 102.0490 0.723 0.198 1.5844 -2.7135
1770200590.3053 Rx ;58gyro 0.557556 -0.076294 -0.320374 102.050
1770200590.3054 Rx ;40acc 0.401123 -0.013428 0.895264 102.050
1770200590.3055 Rx ;14ird 0.851 0.117 3550 16496 1
1770200590.3076 Rx ;49livn 37 36 48 75 75 41 39 44 163
1770200590.3098 Rx ;04vel 102.0540 0.002 0.003 0.0065 0.002 4
1770200590.3099 Rx ;78pose 102.0540 0.723 0.198 1.5844 -2.7135
1770200590.3106 Txd ;60motv -0.02 0.05
1770200590.3132 Rx ;77liv 28 33 47 59 71 39 34 30 25
1770200590.3153 Rx ;82pose 102.0590 0.723 0.198 1.5844 -2.7134
1770200590.3175 Rx ;58gyro -0.052795 0.076294 -0.076233 102.062
1770200590.3176 Rx ;54acc 0.399414 -0.004639 0.906250 102.062
1770200590.3177 Rx ;97vel 102.0620 0.002 0.003 0.0060 0.002 4
1770200590.3177 Rx ;53livn 37 36 48 75 75 41 38 44 168
1770200590.3189 Txd ;60motv -0.02 0.05
1770200590.3199 Rx ;79pose 102.0640 0.723 0.198 1.5844 -2.7135
1770200590.3254 Rx ;84pose 102.0690 0.723 0.198 1.5844 -2.7135
1770200590.3255 Rx ;04vel 102.0700 0.002 0.003 0.0058 0.002 4
1770200590.3262 Txd ;60motv -0.03 0.04
1770200590.3266 Rx ;97mca 0.102 0.040 16
1770200590.3279 Rx ;50livn 37 36 48 75 75 41 39 44 173
1770200590.3324 Rx ;61gyro -0.174866 -0.015259 0.137390 102.074
1770200590.3325 Rx ;77acc 0.399658 -0.004883 0.883057 102.074
1770200590.3326 Rx ;81pose 102.0740 0.723 0.198 1.5844 -2.7136
1770200590.3327 Rx ;19ird 0.856 0.117 3539 16525 1
1770200590.3338 Rx ;09vel 102.0780 0.002 0.003 0.0055 0.002 4
1770200590.3350 Rx ;86pose 102.0790 0.723 0.198 1.5844 -2.7136
1770200590.3353 Txd ;60motv -0.03 0.04
1770200590.3362 Rx ;75mot -0.03 0.04 0.1 0.1 0
1770200590.3384 Rx ;56livn 37 36 48 75 76 41 39 44 178
1770200590.3407 Rx ;82pose 102.0840 0.723 0.198 1.5844 -2.7136
1770200590.3418 Rx ;54gyro 0.008240 -0.045776 -0.198303 102.086
1770200590.3419 Rx ;63acc 0.408691 -0.006104 0.894287 102.086
1770200590.3420 Rx ;04vel 102.0860 0.002 0.003 0.0051 0.002 4
1770200590.3425 Txd ;60motv -0.03 0.04
1770200590.3452 Rx ;87pose 102.0890 0.723 0.198 1.5844 -2.7136
1770200590.3485 Rx ;50livn 37 36 48 75 75 41 38 44 183
1770200590.3496 Rx ;10vel 102.0940 0.002 0.003 0.0049 0.002 4
1770200590.3507 Rx ;83pose 102.0940 0.723 0.198 1.5844 -2.7136
1770200590.3511 Txd ;59motv -0.03 0.03
1770200590.3540 Qu 1 ;99!leds 16 0 64 0
1770200590.3540 Tx ;99!leds 16 0 64 0
1770200590.3540 Rx ;06gyro -0.083313 -0.167847 -0.320374 102.098
1770200590.3541 Rx ;07acc 0.404297 0.000000 0.899902 102.098
1770200590.3552 Rx ;89confirm !leds 16 0 64 0
1770200590.3553 Rx ;89pose 102.0990 0.723 0.198 1.5844 -2.7137
1770200590.3554 Rx ;14ird 0.844 0.117 3567 16504 1
1770200590.3586 Rx ;96vel 102.1020 0.002 0.003 0.0046 0.002 4
1770200590.3587 Rx ;56livn 37 36 48 75 75 41 39 44 188
1770200590.3594 Txd ;59motv -0.03 0.03
1770200590.3598 Rx ;01mca 0.103 0.041 17
1770200590.3598 Rx ;76pose 102.1040 0.723 0.198 1.5844 -2.7137
1770200590.3631 Rx ;84liv 28 35 45 55 68 44 35 29 25
1770200590.3652 Rx ;81pose 102.1090 0.723 0.198 1.5844 -2.7137
1770200590.3653 Rx ;62gyro 0.069275 -0.198364 -0.137268 102.110
1770200590.3654 Rx ;45acc 0.405762 -0.007080 0.887207 102.110
1770200590.3665 Rx ;93vel 102.1100 0.002 0.003 0.0044 0.002 4
1770200590.3672 Txd ;60motv -0.04 0.03
1770200590.3676 Rx ;51livn 37 36 48 75 75 41 38 44 193
1770200590.3688 Rx ;75mot -0.04 0.03 0.1 0.1 0
1770200590.3699 Rx ;77pose 102.1140 0.723 0.198 1.5844 -2.7137
1770200590.3742 Rx ;98vel 102.1180 0.002 0.003 0.0041 0.002 4
1770200590.3753 Rx ;83pose 102.1190 0.723 0.198 1.5844 -2.7138
1770200590.3756 Txd ;59motv -0.04 0.02
1770200590.3775 Rx ;14gyro -0.144348 0.198364 0.076355 102.122
1770200590.3776 Rx ;63acc 0.407227 -0.001953 0.895996 102.122
1770200590.3777 Rx ;57livn 37 36 48 75 75 41 39 44 198
1770200590.3799 Rx ;78pose 102.1240 0.723 0.198 1.5844 -2.7137
1770200590.3810 Rx ;18ird 0.856 0.117 3537 16544 1
1770200590.3821 Rx ;05vel 102.1260 0.002 0.003 0.0039 0.002 4
1770200590.3829 Txd ;59motv -0.04 0.02
1770200590.3853 Rx ;83pose 102.1290 0.723 0.198 1.5844 -2.7137
1770200590.3886 Rx ;45livn 37 37 48 74 75 42 39 44 203
1770200590.3897 Rx ;27gyro -0.388489 -0.015259 -0.289856 102.134
1770200590.3898 Rx ;42acc 0.404541 -0.002441 0.887451 102.134
1770200590.3899 Rx ;02vel 102.1340 0.002 0.003 0.0037 0.002 4
1770200590.3899 Rx ;79pose 102.1340 0.723 0.198 1.5844 -2.7137
1770200590.3901 Txd ;59motv -0.04 0.02
1770200590.3921 Rx ;98mca 0.103 0.040 16
1770200590.3953 Rx ;85pose 102.1390 0.723 0.198 1.5844 -2.7138
1770200590.3986 Rx ;97vel 102.1420 0.002 0.003 0.0034 0.002 4
1770200590.3987 Rx ;50livn 37 37 48 74 75 42 39 44 208
1770200590.4001 Txd ;59motv -0.05 0.01
1770200590.4008 Rx ;82pose 102.1450 0.723 0.198 1.5844 -2.7138
1770200590.4020 Rx ;12gyro -0.052795 -0.106812 -0.533997 102.146
1770200590.4020 Rx ;43acc 0.406494 -0.003662 0.901123 102.146
1770200590.4021 Rx ;74mot -0.05 0.01 0.1 0.1 0
1770200590.4053 Rx ;78pose 102.1500 0.723 0.198 1.5844 -2.7138
1770200590.4054 Rx ;22ird 0.852 0.117 3548 16496 1
1770200590.4065 Rx ;94vel 102.1500 0.002 0.003 0.0032 0.002 4
1770200590.4073 Txd ;59motv -0.05 0.01
1770200590.4076 Rx ;46livn 37 37 48 74 75 42 39 44 213
1770200590.4098 Rx ;83pose 102.1550 0.723 0.198 1.5844 -2.7138
1770200590.4131 Rx ;67liv 30 35 45 55 66 41 37 31 25
1770200590.4131 Rx ;60gyro 0.160828 -0.045776 -0.320374 102.158
1770200590.4132 Rx ;37acc 0.400391 -0.001221 0.894043 102.158
1770200590.4143 Rx ;99vel 102.1580 0.002 0.002 0.0030 0.002 4
1770200590.4145 Txd ;59motv -0.05 0.01
1770200590.4155 Rx ;80pose 102.1600 0.723 0.198 1.5844 -2.7139
1770200590.4176 Rx ;50livn 37 37 48 74 75 41 39 44 218
1770200590.4209 Rx ;85pose 102.1650 0.723 0.198 1.5844 -2.7139
1770200590.4220 Rx ;06vel 102.1660 0.002 0.002 0.0028 0.002 4
1770200590.4234 Txd ;59motv -0.05 0.01
1770200590.4252 Rx ;99mca 0.103 0.040 17
1770200590.4253 Rx ;80gyro 0.038757 0.045776 0.167908 102.170
1770200590.4254 Rx ;81pose 102.1700 0.723 0.198 1.5844 -2.7139
1770200590.4254 Rx ;09acc 0.398926 0.000000 0.878662 102.170
1770200590.4276 Rx ;46livn 37 37 48 74 75 41 39 44 223
1770200590.4298 Rx ;04vel 102.1740 0.002 0.002 0.0027 0.002 4
1770200590.4306 Txd ;59motv -0.05 0.01
1770200590.4309 Rx ;78pose 102.1750 0.723 0.198 1.5844 -2.7140
1770200590.4310 Rx ;14ird 0.852 0.118 3547 16407 1
1770200590.4353 Rx ;74mot -0.05 0.01 0.1 0.1 0
1770200590.4364 Rx ;74pose 102.1800 0.723 0.198 1.5844 -2.7140
1770200590.4375 Rx ;05gyro -0.113831 -0.289917 -0.045715 102.182
1770200590.4376 Rx ;19acc 0.399414 0.001221 0.889893 102.182
1770200590.4376 Rx ;99vel 102.1820 0.002 0.002 0.0024 0.002 4
1770200590.4377 Rx ;51livn 37 37 48 74 75 41 39 44 228
1770200590.4384 Txd ;60motv -0.06 0.01
1770200590.4409 Rx ;80pose 102.1850 0.723 0.198 1.5844 -2.7141
1770200590.4463 Rx ;97vel 102.1900 0.002 0.002 0.0023 0.002 4
1770200590.4464 Rx ;76pose 102.1900 0.723 0.198 1.5844 -2.7141
1770200590.4478 Txd ;21motv 0 0
1770200590.4486 Rx ;48livn 37 37 48 75 75 41 39 44 233
1770200590.4497 Rx ;09gyro -0.144348 -0.320435 -0.167786 102.194
1770200590.4498 Rx ;62acc 0.399902 -0.003174 0.890381 102.194
1770200590.4509 Rx ;81pose 102.1950 0.723 0.198 1.5844 -2.7141
1770200590.4541 Rx ;12vel 102.1980 0.001 0.002 0.0049 0.001 4
1770200590.4551 Txd ;21motv 0 0
1770200590.4563 Rx ;16ird 0.854 0.117 3542 16449 1
1770200590.4564 Rx ;69pose 102.2000 0.723 0.198 1.5844 -2.7142
1770200590.4586 Rx ;53livn 37 37 48 75 75 41 39 44 238
1770200590.4586 Rx ;09mca 0.077 0.030 17
1770200590.4608 Rx ;74pose 102.2050 0.723 0.198 1.5844 -2.7142
1770200590.4619 Rx ;58gyro -0.113831 0.167847 -0.137268 102.206
1770200590.4620 Rx ;44acc 0.405762 -0.001465 0.895020 102.206
1770200590.4621 Rx ;98vel 102.2060 0.000 0.002 0.0084 0.000 4
1770200590.4623 Txd ;21motv 0 0
1770200590.4632 Rx ;73liv 27 35 47 61 68 40 35 33 25
1770200590.4664 Rx ;70pose 102.2100 0.723 0.198 1.5844 -2.7142
1770200590.4686 Rx ;49livn 37 37 48 75 75 41 39 44 243
1770200590.4687 Rx ;36mot 0 0 0.1 0.1 0
1770200590.4689 Txd ;64leds 14 0 55 0
1770200590.4698 Rx ;96vel 102.2140 0.000 0.002 0.0092 0.000 4
1770200590.4709 Rx ;76pose 102.2150 0.723 0.198 1.5844 -2.7143
1770200590.4731 Rx ;63gyro -0.266418 -0.381470 0.198425 102.218
1770200590.4732 Rx ;65acc 0.407959 -0.003174 0.900879 102.218
1770200590.4764 Rx ;72pose 102.2200 0.723 0.198 1.5844 -2.7143
1770200590.4786 Rx ;95vel 102.2220 0.000 0.001 0.0057 0.000 4
1770200590.4787 Rx ;54livn 37 37 48 75 75 41 39 44 248
1770200590.4808 Rx ;12ird 0.865 0.118 3516 16405 1
1770200590.4809 Rx ;78pose 102.2250 0.723 0.198 1.5844 -2.7144
1770200590.4852 Rx ;69gyro 0.099792 -0.198364 -0.015198 102.230
1770200590.4853 Rx ;35acc 0.403320 -0.002930 0.887207 102.230
1770200590.4864 Rx ;82vel 102.2300 0.000 0.000 0.0010 0.000 4
1770200590.4865 Rx ;74pose 102.2300 0.723 0.198 1.5844 -2.7144
1770200590.4876 Rx ;50livn 37 37 48 75 75 41 39 44 253
1770200590.4908 Rx ;79pose 102.2350 0.723 0.198 1.5844 -2.7144
1770200590.4920 Rx ;90mca 0.000 0.000 16
1770200590.4941 Rx ;38vel 102.2380 0.000 0.000 -0.0003 0.000 4
1770200590.4963 Rx ;75pose 102.2400 0.723 0.198 1.5844 -2.7144
1770200590.4974 Rx ;89gyro -0.022278 -0.106812 -0.198303 102.242
1770200590.4975 Rx ;58acc 0.406494 -0.003662 0.899170 102.242
1770200590.4976 Rx ;55livn 37 37 48 75 75 41 39 44 258
1770200590.5008 Rx ;81pose 102.2450 0.723 0.198 1.5844 -2.7145
1770200590.5009 Rx ;36mot 0 0 0.1 0.1 0
1770200590.5020 Rx ;87vel 102.2460 -0.000 0.000 0.0008 -0.000 4
1770200590.5063 Rx ;17ird 0.905 0.117 3427 16478 1
1770200590.5063 Rx ;76pose 102.2500 0.723 0.198 1.5844 -2.7144
1770200590.5085 Rx ;49livn 36 37 48 75 75 41 38 44 263
1770200590.5096 Rx ;68gyro 0.038757 -0.076294 -0.350891 102.254
1770200590.5097 Rx ;64acc 0.405762 -0.007080 0.898926 102.254
1770200590.5098 Rx ;85vel 102.2540 -0.001 0.000 0.0041 -0.001 4
1770200590.5109 Rx ;82pose 102.2550 0.723 0.198 1.5844 -2.7145
1770200590.5131 Rx ;63liv 23 32 50 63 69 36 32 31 25
1770200590.5163 Rx ;78pose 102.2600 0.723 0.198 1.5844 -2.7145
1770200590.5185 Rx ;84vel 102.2620 -0.001 0.000 0.0041 -0.001 4
1770200590.5186 Rx ;54livn 36 37 48 75 75 41 38 44 268
1770200590.5207 Rx ;83pose 102.2650 0.723 0.198 1.5844 -2.7145
1770200590.5219 Rx ;37gyro -0.022278 -0.106812 0.015320 102.266
1770200590.5220 Rx ;26acc 0.409424 0.002686 0.890869 102.266
1770200590.5241 Rx ;91mca 0.000 0.000 17
1770200590.5263 Rx ;83vel 102.2700 -0.001 0.000 0.0041 -0.001 4
1770200590.5264 Rx ;79pose 102.2700 0.723 0.198 1.5844 -2.7145
1770200590.5286 Rx ;50livn 36 37 48 75 75 41 38 44 273
1770200590.5308 Rx ;09ird 0.917 0.117 3401 16448 1
1770200590.5309 Rx ;84pose 102.2750 0.723 0.198 1.5844 -2.7145
1770200590.5331 Rx ;24gyro -0.022278 0.198364 0.045837 102.278
1770200590.5333 Rx ;78acc 0.408691 -0.000488 0.898682 102.278
1770200590.5344 Rx ;91vel 102.2780 -0.001 0.000 0.0041 -0.001 4
1770200590.5345 Rx ;36mot 0 0 0.1 0.1 0
1770200590.5356 Rx ;80pose 102.2800 0.723 0.198 1.5844 -2.7145
1770200590.5379 Rx ;56livn 36 37 48 75 76 41 38 44 278
1770200590.5412 Rx ;84pose 102.2850 0.723 0.198 1.5844 -2.7144
1770200590.5424 Rx ;90vel 102.2860 -0.001 0.000 0.0041 -0.001 4
1770200590.5456 Rx ;22gyro 0.038757 0.228882 -0.228821 102.290
1770200590.5457 Rx ;18acc 0.408936 0.001709 0.889404 102.290
1770200590.5458 Rx ;80pose 102.2900 0.723 0.198 1.5844 -2.7144
1770200590.5480 Rx ;53livn 36 37 48 75 76 41 39 44 283
1770200590.5502 Rx ;89vel 102.2940 -0.001 0.000 0.0041 -0.001 4
1770200590.5514 Rx ;85pose 102.2950 0.723 0.198 1.5844 -2.7144
1770200590.5557 Rx ;16ird 0.926 0.117 3383 16509 1
1770200590.5558 Rx ;72pose 102.3000 0.723 0.198 1.5844 -2.7144
1770200590.5581 Rx ;90mca 0.000 0.000 16
1770200590.5582 Rx ;41gyro -0.022278 0.106812 -0.015198 102.302
1770200590.5583 Rx ;37acc 0.407227 -0.001221 0.881348 102.302
1770200590.5584 Rx ;79vel 102.3020 -0.001 0.000 0.0041 -0.001 4
1770200590.5586 Rx ;56livn 36 36 48 75 76 41 38 44 288
1770200590.5608 Rx ;76pose 102.3050 0.723 0.198 1.5844 -2.7143
1770200590.5630 Rx ;67liv 27 30 42 58 72 41 33 28 25
1770200590.5663 Rx ;78vel 102.3100 -0.001 0.000 0.0041 -0.001 4
1770200590.5663 Rx ;73pose 102.3100 0.723 0.198 1.5844 -2.7144
1770200590.5675 Rx ;36mot 0 0 0.1 0.1 0
1770200590.5686 Rx ;52livn 36 36 48 75 76 41 38 44 293
1770200590.5697 Rx ;43gyro -0.022278 0.015259 -0.106750 102.314
1770200590.5698 Rx ;12acc 0.405029 0.002441 0.895996 102.314
1770200590.5710 Rx ;78pose 102.3150 0.723 0.198 1.5844 -2.7144
1770200590.5743 Rx ;86vel 102.3180 -0.001 0.000 0.0041 -0.001 4
1770200590.5765 Rx ;74pose 102.3200 0.723 0.198 1.5844 -2.7144
1770200590.5776 Rx ;57livn 36 36 48 75 76 41 38 44 298
1770200590.5809 Rx ;05ird 0.918 0.117 3400 16480 1
1770200590.5810 Rx ;79pose 102.3250 0.723 0.198 1.5844 -2.7144
1770200590.5811 Rx ;22gyro -0.327454 0.167847 0.106873 102.326
1770200590.5812 Rx ;11acc 0.402344 0.000488 0.891846 102.326
1770200590.5823 Rx ;85vel 102.3260 -0.001 0.000 0.0041 -0.001 4
1770200590.5856 Rx ;75pose 102.3300 0.723 0.198 1.5844 -2.7144
1770200590.5878 Rx ;49livn 33 38 45 76 79 36 39 45 2
1770200590.5900 Rx ;84vel 102.3340 -0.001 0.000 0.0041 -0.001 4
1770200590.5901 Rx ;91mca 0.000 0.000 17
1770200590.5912 Rx ;80pose 102.3350 0.723 0.198 1.5844 -2.7144
1770200590.5934 Rx ;14gyro -0.022278 0.015259 0.198425 102.338
1770200590.5935 Rx ;26acc 0.403320 -0.004150 0.901611 102.338
1770200590.5957 Rx ;77pose 102.3400 0.723 0.198 1.5844 -2.7145
1770200590.5979 Rx ;83vel 102.3420 -0.001 0.000 0.0041 -0.001 4
1770200590.5980 Rx ;46livn 39 43 45 79 78 38 30 40 7
1770200590.6002 Rx ;36mot 0 0 0.1 0.1 0
1770200590.6013 Rx ;82pose 102.3450 0.723 0.198 1.5844 -2.7145
1770200590.6056 Rx ;98gyro -0.022278 -0.076294 -0.228821 102.350
1770200590.6057 Rx ;65acc 0.398926 -0.000732 0.891846 102.350
1770200590.6058 Rx ;18ird 0.919 0.118 3397 16404 1
1770200590.6058 Rx ;82vel 102.3500 -0.001 0.000 0.0041 -0.001 4
1770200590.6059 Rx ;78pose 102.3500 0.723 0.198 1.5844 -2.7145
1770200590.6081 Rx ;82livn 35 41 47 80 75 39 34 42 12
1770200590.6113 Rx ;83pose 102.3550 0.723 0.198 1.5844 -2.7145
1770200590.6135 Rx ;72liv 26 34 45 60 67 38 33 33 25
1770200590.6136 Rx ;90vel 102.3580 -0.001 0.000 0.0041 -0.001 4
1770200590.6158 Rx ;79pose 102.3600 0.723 0.198 1.5844 -2.7145
1770200590.6180 Rx ;61gyro 0.160828 -0.076294 -0.198303 102.362
1770200590.6181 Rx ;75acc 0.395996 -0.004883 0.892090 102.362
1770200590.6181 Rx ;04livn 35 39 46 78 76 39 35 43 17
1770200590.6214 Rx ;85pose 102.3650 0.723 0.198 1.5844 -2.7146
1770200590.6225 Rx ;89vel 102.3660 -0.001 0.000 0.0041 -0.001 4
1770200590.6237 Rx ;90mca 0.000 0.000 16
1770200590.6259 Rx ;81pose 102.3700 0.723 0.198 1.5844 -2.7146
1770200590.6281 Rx ;89livn 36 37 45 78 76 41 36 41 22
1770200590.6292 Rx ;56gyro -0.113831 0.137329 -0.137268 102.374
1770200590.6293 Rx ;46acc 0.403320 -0.007812 0.894531 102.374
1770200590.6304 Rx ;88vel 102.3740 -0.001 0.000 0.0041 -0.001 4
1770200590.6316 Rx ;09ird 0.920 0.117 3395 16532 1
1770200590.6317 Rx ;86pose 102.3750 0.723 0.198 1.5844 -2.7146
1770200590.6328 Rx ;36mot 0 0 0.1 0.1 0
1770200590.6361 Rx ;83pose 102.3800 0.723 0.198 1.5844 -2.7147
1770200590.6383 Rx ;87vel 102.3820 -0.001 0.000 0.0041 -0.001 4
1770200590.6383 Rx ;01livn 36 37 45 78 77 41 34 39 27
1770200590.6416 Rx ;88pose 102.3850 0.723 0.198 1.5844 -2.7147
1770200590.6417 Rx ;27gyro -0.052795 -0.167847 -0.259338 102.386
1770200590.6417 Rx ;63acc 0.400146 -0.003662 0.896973 102.386
1770200590.6460 Rx ;86vel 102.3900 -0.001 0.000 0.0041 -0.001 4
1770200590.6461 Rx ;85pose 102.3900 0.723 0.198 1.5844 -2.7148
1770200590.6484 Rx ;86livn 37 36 44 76 77 42 34 40 32
1770200590.6516 Rx ;90pose 102.3950 0.723 0.198 1.5844 -2.7148
1770200590.6538 Rx ;53gyro -0.144348 -0.137329 0.015320 102.398
1770200590.6539 Rx ;68acc 0.408203 -0.002930 0.889893 102.398
1770200590.6540 Rx ;94vel 102.3980 -0.001 0.000 0.0041 -0.001 4
1770200590.6562 Rx ;99ird 0.913 0.118 3411 16414 1
1770200590.6562 Rx ;77pose 102.4000 0.723 0.198 1.5844 -2.7148
1770200590.6563 Rx ;91mca 0.000 0.000 17
1770200590.6585 Rx ;92livn 37 35 44 77 77 42 35 40 37
1770200590.6617 Rx ;82pose 102.4050 0.723 0.198 1.5844 -2.7148
1770200590.6618 Rx ;84vel 102.4060 -0.001 0.000 0.0041 -0.001 4
1770200590.6629 Rx ;69liv 31 31 44 58 69 41 32 27 25
1770200590.6651 Rx ;25gyro 0.160828 0.045776 -0.289856 102.410
1770200590.6652 Rx ;38acc 0.407227 -0.002441 0.894043 102.410
1770200590.6663 Rx ;78pose 102.4100 0.723 0.198 1.5844 -2.7148
1770200590.6664 Rx ;36mot 0 0 0.1 0.1 0
1770200590.6685 Rx ;91livn 38 36 46 76 77 41 35 41 42
1770200590.6696 Rx ;83vel 102.4140 -0.001 0.000 0.0041 -0.001 4
1770200590.6698 Txd ;62leds 14 0 80 0
1770200590.6708 Rx ;83pose 102.4150 0.723 0.198 1.5844 -2.7148
1770200590.6761 Rx ;79pose 102.4200 0.723 0.198 1.5844 -2.7148
1770200590.6773 Rx ;97gyro -0.113831 -0.228882 -0.198303 102.422
1770200590.6773 Rx ;32acc 0.408203 -0.001221 0.892334 102.422
1770200590.6785 Rx ;82vel 102.4220 -0.001 0.000 0.0041 -0.001 4
1770200590.6785 Rx ;98livn 37 37 46 76 77 41 36 42 47
1770200590.6807 Rx ;26ird 0.895 0.117 3449 16493 1
1770200590.6808 Rx ;84pose 102.4250 0.723 0.198 1.5844 -2.7148
1770200590.6861 Rx ;81vel 102.4300 -0.001 0.000 0.0041 -0.001 4
1770200590.6862 Rx ;80pose 102.4300 0.723 0.198 1.5844 -2.7148
1770200590.6884 Rx ;92livn 37 37 46 75 76 42 36 41 52
1770200590.6895 Rx ;90mca 0.000 0.000 16
1770200590.6896 Rx ;65gyro -0.052795 -0.076294 0.106873 102.434
1770200590.6896 Rx ;21acc 0.409668 0.002686 0.890137 102.434
1770200590.6907 Rx ;85pose 102.4350 0.723 0.198 1.5844 -2.7148
1770200590.6940 Rx ;89vel 102.4380 -0.001 0.000 0.0041 -0.001 4
1770200590.6962 Rx ;81pose 102.4400 0.723 0.198 1.5844 -2.7148
1770200590.6984 Rx ;95livn 37 36 46 74 76 42 36 41 57
1770200590.6995 Rx ;36mot 0 0 0.1 0.1 0
1770200590.7016 Rx ;86pose 102.4450 0.723 0.198 1.5844 -2.7148
1770200590.7017 Rx ;06gyro -0.266418 -0.137329 -0.076233 102.446
1770200590.7018 Rx ;70acc 0.413818 -0.001465 0.889648 102.446
1770200590.7019 Rx ;88vel 102.4460 -0.001 0.000 0.0041 -0.001 4
1770200590.7062 Rx ;14ird 0.857 0.117 3535 16460 1
1770200590.7062 Rx ;81pose 102.4500 0.723 0.198 1.5844 -2.7147
1770200590.7084 Rx ;94livn 37 37 46 75 77 42 36 41 62
1770200590.7106 Rx ;87vel 102.4540 -0.001 0.000 0.0041 -0.001 4
1770200590.7117 Rx ;86pose 102.4550 0.723 0.198 1.5844 -2.7147
1770200590.7128 Rx ;79liv 25 33 44 57 69 43 34 29 25
1770200590.7140 Rx ;69gyro 0.008240 0.137329 0.167908 102.458
1770200590.7140 Rx ;63acc 0.414551 -0.007568 0.894043 102.458
1770200590.7162 Rx ;82pose 102.4600 0.723 0.198 1.5844 -2.7147
1770200590.7184 Rx ;86vel 102.4620 -0.001 0.000 0.0041 -0.001 4
1770200590.7185 Rx ;98livn 36 36 46 75 77 43 36 41 67
1770200590.7217 Rx ;86pose 102.4650 0.723 0.198 1.5844 -2.7146
1770200590.7229 Rx ;91mca 0.000 0.000 17
1770200590.7261 Rx ;64gyro -0.144348 0.045776 -0.137268 102.470
1770200590.7262 Rx ;66acc 0.411865 -0.008057 0.886475 102.470
1770200590.7263 Rx ;85vel 102.4700 -0.001 0.000 0.0041 -0.001 4
1770200590.7264 Rx ;82pose 102.4700 0.723 0.198 1.5844 -2.7146
1770200590.7287 Rx ;95livn 35 37 46 75 77 43 36 42 72
1770200590.7309 Rx ;22ird 0.891 0.117 3457 16476 1
1770200590.7310 Rx ;86pose 102.4750 0.723 0.198 1.5844 -2.7145
1770200590.7321 Rx ;36mot 0 0 0.1 0.1 0
1770200590.7343 Rx ;93vel 102.4780 -0.001 0.000 0.0041 -0.001 4
1770200590.7365 Rx ;82pose 102.4800 0.723 0.198 1.5844 -2.7145
1770200590.7376 Rx ;82gyro 0.069275 0.411987 0.045837 102.482
1770200590.7377 Rx ;61acc 0.412842 -0.010986 0.879150 102.482
1770200590.7379 Rx ;01livn 35 37 46 75 77 42 36 43 77
1770200590.7411 Rx ;87pose 102.4850 0.723 0.198 1.5844 -2.7145
1770200590.7423 Rx ;92vel 102.4860 -0.001 0.000 0.0041 -0.001 4
1770200590.7464 Qu 1 ;44!leds 16 0 30 30
1770200590.7466 Tx ;44!leds 16 0 30 30
1770200590.7466 Rx ;83pose 102.4900 0.723 0.198 1.5844 -2.7145
1770200590.7477 Rx ;34confirm !leds 16 0 30 30
1770200590.7478 Rx ;99livn 36 38 46 74 77 43 36 44 82
1770200590.7499 Rx ;17gyro -0.174866 -0.137329 -0.198303 102.494
1770200590.7500 Rx ;77acc 0.409180 -0.009277 0.896729 102.494
1770200590.7501 Rx ;91vel 102.4940 -0.001 0.000 0.0041 -0.001 4
1770200590.7512 Rx ;88pose 102.4950 0.723 0.198 1.5844 -2.7145
1770200590.7555 Rx ;90mca 0.000 0.000 16
1770200590.7556 Rx ;24ird 0.897 0.116 3444 16594 1
1770200590.7567 Rx ;75pose 102.5000 0.723 0.198 1.5844 -2.7145
1770200590.7578 Rx ;81vel 102.5020 -0.001 0.000 0.0041 -0.001 4
1770200590.7579 Rx ;03livn 36 37 46 74 77 42 36 44 87
1770200590.7611 Rx ;80pose 102.5050 0.723 0.198 1.5844 -2.7145
1770200590.7612 Rx ;55gyro -0.113831 0.167847 -0.076233 102.506
1770200590.7613 Rx ;95acc 0.400146 0.000244 0.889404 102.506
1770200590.7635 Rx ;83liv 28 38 46 55 68 41 36 35 25
1770200590.7646 Rx ;43hbt 102.5090 107 1033 15.66 4 8 8.9 0.31 0
1770200590.7657 Rx ;36mot 0 0 0.1 0.1 0
1770200590.7658 Rx ;82vel 102.5100 0.000 0.000 0.0000 0.000 4
1770200590.7659 Rx ;76pose 102.5100 0.723 0.198 1.5844 -2.7145
1770200590.7681 Rx ;02livn 36 38 47 74 77 42 37 44 92
1770200590.7713 Rx ;81pose 102.5150 0.723 0.198 1.5844 -2.7145
1770200590.7735 Rx ;27gyro -0.052795 0.198364 0.076355 102.518
1770200590.7736 Rx ;82acc 0.397949 -0.000244 0.889893 102.518
1770200590.7737 Rx ;90vel 102.5180 0.000 0.000 0.0000 0.000 4
1770200590.7759 Rx ;77pose 102.5200 0.723 0.198 1.5844 -2.7145
1770200590.7781 Rx ;07livn 36 38 47 74 77 42 37 44 97
1770200590.7813 Rx ;18ird 0.856 0.117 3538 16480 1
1770200590.7814 Rx ;82pose 102.5250 0.723 0.198 1.5844 -2.7145
1770200590.7825 Rx ;89vel 102.5260 0.000 0.000 0.0000 0.000 4
1770200590.7857 Rx ;16gyro 0.221863 0.289917 -0.045715 102.530
1770200590.7858 Rx ;33acc 0.396973 0.004639 0.896484 102.530
1770200590.7859 Rx ;79pose 102.5300 0.723 0.198 1.5844 -2.7146
1770200590.7880 Rx ;41livn 36 38 47 73 77 42 37 44 102
1770200590.7881 Rx ;91mca 0.000 0.000 17
1770200590.7903 Rx ;88vel 102.5340 0.000 0.000 0.0000 0.000 4
1770200590.7914 Rx ;84pose 102.5350 0.723 0.198 1.5844 -2.7146
1770200590.7968 Rx ;80pose 102.5400 0.723 0.198 1.5844 -2.7146
1770200590.7979 Rx ;96gyro -0.113831 -0.137329 -0.381409 102.542
1770200590.7980 Rx ;16acc 0.395020 0.000488 0.896484 102.542
1770200590.7980 Rx ;87vel 102.5420 0.000 0.000 0.0000 0.000 4
1770200590.7981 Rx ;46livn 36 37 47 74 77 42 37 44 107
1770200590.7982 Rx ;36mot 0 0 0.1 0.1 0
1770200590.8014 Rx ;86pose 102.5450 0.723 0.198 1.5844 -2.7147
1770200590.8057 Rx ;21ird 0.897 0.117 3445 16535 1
1770200590.8058 Rx ;86vel 102.5500 0.000 0.000 0.0000 0.000 4
1770200590.8058 Rx ;83pose 102.5500 0.723 0.198 1.5844 -2.7148
1770200590.8080 Rx ;41livn 36 38 47 74 76 41 37 44 112
1770200590.8091 Rx ;99gyro -0.083313 -0.137329 -0.015198 102.554
1770200590.8092 Rx ;32acc 0.397949 0.003906 0.887207 102.554
1770200590.8113 Rx ;88pose 102.5550 0.723 0.198 1.5844 -2.7148
1770200590.8135 Rx ;77liv 26 34 49 57 65 35 35 31 25
1770200590.8146 Rx ;94vel 102.5580 0.000 0.000 0.0000 0.000 4
1770200590.8158 Rx ;84pose 102.5600 0.723 0.198 1.5844 -2.7148
1770200590.8180 Rx ;47livn 35 38 48 74 76 41 37 45 117
1770200590.8212 Rx ;89pose 102.5650 0.723 0.198 1.5844 -2.7148
1770200590.8213 Rx ;90mca 0.000 0.000 16
1770200590.8213 Rx ;27gyro -0.144348 -0.045776 -0.289856 102.566
1770200590.8214 Rx ;34acc 0.397949 0.002441 0.888428 102.566
1770200590.8225 Rx ;93vel 102.5660 0.000 0.000 0.0000 0.000 4
1770200590.8268 Rx ;86pose 102.5700 0.723 0.198 1.5844 -2.7149
1770200590.8279 Rx ;43livn 35 38 48 74 76 41 37 45 122
1770200590.8301 Rx ;92vel 102.5740 0.000 0.000 0.0000 0.000 4
1770200590.8312 Rx ;12ird 0.910 0.117 3416 16488 1
1770200590.8313 Rx ;36mot 0 0 0.1 0.1 0
1770200590.8313 Rx ;91pose 102.5750 0.723 0.198 1.5844 -2.7149
1770200590.8335 Rx ;35gyro -0.052795 -0.167847 -0.167786 102.578
1770200590.8336 Rx ;81acc 0.398438 -0.005371 0.886475 102.578
1770200590.8358 Rx ;79pose 102.5800 0.723 0.198 1.5844 -2.7150
1770200590.8379 Rx ;91vel 102.5820 0.000 0.000 0.0000 0.000 4
1770200590.8380 Rx ;48livn 36 38 48 74 76 41 37 44 127
1770200590.8412 Rx ;84pose 102.5850 0.723 0.198 1.5844 -2.7150
1770200590.8455 Rx ;57gyro -0.113831 -0.411987 0.137390 102.590
1770200590.8456 Rx ;60acc 0.406250 -0.002686 0.897461 102.590
1770200590.8457 Rx ;90vel 102.5900 0.000 0.000 0.0000 0.000 4
1770200590.8468 Rx ;80pose 102.5900 0.723 0.198 1.5844 -2.7150
1770200590.8479 Rx ;45livn 36 38 48 74 76 41 38 44 132
1770200590.8512 Rx ;86pose 102.5950 0.723 0.198 1.5844 -2.7151
1770200590.8544 Rx ;98vel 102.5980 0.000 0.000 0.0000 0.000 4
1770200590.8545 Rx ;37mca -0.000 0.000 17
1770200590.8556 Rx ;05ird 0.916 0.117 3404 16532 1
1770200590.8567 Rx ;73pose 102.6000 0.723 0.198 1.5844 -2.7151
1770200590.8578 Rx ;85gyro -0.235901 -0.320435 -0.045715 102.602
1770200590.8579 Rx ;61acc 0.407715 -0.004639 0.895508 102.602
1770200590.8580 Rx ;49livn 35 37 47 75 76 41 38 45 137
1770200590.8612 Rx ;78pose 102.6050 0.723 0.198 1.5844 -2.7151
1770200590.8623 Rx ;88vel 102.6060 0.000 0.000 0.0000 0.000 4
1770200590.8635 Rx ;66liv 25 31 44 59 70 42 36 32 25
1770200590.8646 Rx ;36mot 0 0 0.1 0.1 0
1770200590.8668 Rx ;74pose 102.6100 0.723 0.198 1.5844 -2.7151
1770200590.8679 Rx ;44livn 35 37 47 74 76 41 38 45 142
1770200590.8701 Rx ;74gyro 0.038757 0.137329 0.076355 102.614
1770200590.8701 Rx ;65acc 0.411621 -0.004395 0.897949 102.614
1770200590.8702 Rx ;87vel 102.6140 0.000 0.000 0.0000 0.000 4
1770200590.8706 Txd ;09leds 14 0 105 0
1770200590.8713 Rx ;79pose 102.6150 0.723 0.198 1.5844 -2.7151
1770200590.8767 Rx ;75pose 102.6200 0.723 0.198 1.5844 -2.7151
1770200590.8778 Rx ;86vel 102.6220 0.000 0.000 0.0000 0.000 4
1770200590.8778 Rx ;50livn 35 37 47 75 76 41 38 45 147
1770200590.8811 Rx ;19ird 0.920 0.117 3396 16478 1
1770200590.8811 Rx ;80pose 102.6250 0.723 0.198 1.5844 -2.7151
1770200590.8812 Rx ;40gyro 0.130310 0.137329 0.015320 102.626
1770200590.8813 Rx ;45acc 0.411133 -0.011230 0.892578 102.626
1770200590.8866 Rx ;85vel 102.6300 0.000 0.000 0.0000 0.000 4
1770200590.8867 Rx ;75pose 102.6300 0.723 0.198 1.5844 -2.7150
1770200590.8878 Rx ;90mca 0.000 0.000 16
1770200590.8879 Rx ;47livn 35 37 48 75 76 41 38 45 152
1770200590.8911 Rx ;80pose 102.6350 0.723 0.198 1.5844 -2.7150
1770200590.8933 Rx ;64gyro -0.113831 0.015259 -0.167786 102.638
1770200590.8933 Rx ;56acc 0.406738 -0.001709 0.881104 102.638
1770200590.8945 Rx ;93vel 102.6380 0.000 0.000 0.0000 0.000 4
1770200590.8966 Rx ;76pose 102.6400 0.723 0.198 1.5844 -2.7150
1770200590.8967 Rx ;36mot 0 0 0.1 0.1 0
1770200590.8978 Rx ;51livn 35 37 47 75 76 41 38 45 157
1770200590.9010 Rx ;81pose 102.6450 0.723 0.198 1.5844 -2.7150
1770200590.9021 Rx ;92vel 102.6460 0.000 0.000 0.0000 0.000 4
1770200590.9054 Rx ;90gyro 0.130310 0.015259 -0.045715 102.650
1770200590.9054 Rx ;73acc 0.407959 -0.001709 0.892578 102.650
1770200590.9066 Rx ;03ird 0.911 0.117 3415 16443 1
1770200590.9066 Rx ;77pose 102.6500 0.723 0.198 1.5844 -2.7150
1770200590.9077 Rx ;47livn 35 37 47 75 76 41 38 45 162
1770200590.9099 Rx ;91vel 102.6540 0.000 0.000 0.0000 0.000 4
1770200590.9110 Rx ;82pose 102.6550 0.723 0.198 1.5844 -2.7150
1770200590.9132 Rx ;70liv 29 33 46 60 65 37 33 31 25
1770200590.9164 Rx ;86pose 102.6600 0.723 0.198 1.5844 -2.7149
1770200590.9176 Rx ;07gyro -0.083313 0.015259 0.106873 102.662
1770200590.9176 Rx ;14acc 0.408447 0.000000 0.895996 102.662
1770200590.9188 Rx ;90vel 102.6620 0.000 0.000 0.0000 0.000 4
1770200590.9188 Rx ;51livn 35 37 47 75 76 41 37 45 167
1770200590.9210 Rx ;91mca 0.000 0.000 17
1770200590.9210 Rx ;91pose 102.6650 0.723 0.198 1.5844 -2.7149
1770200590.9264 Rx ;89vel 102.6700 0.000 0.000 0.0000 0.000 4
1770200590.9265 Rx ;87pose 102.6700 0.723 0.198 1.5844 -2.7149
1770200590.9288 Rx ;48livn 36 37 47 75 76 41 37 45 172
1770200590.9299 Rx ;56gyro -0.022278 0.015259 -0.411926 102.674
1770200590.9300 Rx ;08acc 0.401123 0.000244 0.883789 102.674
1770200590.9301 Rx ;36mot 0 0 0.1 0.1 0
1770200590.9312 Rx ;08ird 0.922 0.117 3391 16452 1
1770200590.9313 Rx ;92pose 102.6750 0.723 0.198 1.5844 -2.7149
1770200590.9345 Rx ;97vel 102.6780 0.000 0.000 0.0000 0.000 4
1770200590.9368 Rx ;88pose 102.6800 0.723 0.198 1.5844 -2.7149
1770200590.9381 Rx ;53livn 36 37 47 76 76 41 37 44 177
1770200590.9413 Rx ;93pose 102.6850 0.723 0.198 1.5844 -2.7149
1770200590.9415 Rx ;38gyro 0.130310 -0.106812 -0.320374 102.686
1770200590.9415 Rx ;54acc 0.400146 -0.001465 0.892822 102.686
1770200590.9427 Rx ;96vel 102.6860 0.000 0.000 0.0000 0.000 4
1770200590.9438 Txd ;21motv 0 0
1770200590.9459 Rx ;89pose 102.6900 0.723 0.198 1.5844 -2.7149
1770200590.9481 Rx ;47livn 35 36 47 76 76 41 37 44 182
1770200590.9503 Rx ;95vel 102.6940 0.000 0.000 0.0000 0.000 4
1770200590.9511 Txd ;21motv 0 0
1770200590.9514 Rx ;94pose 102.6950 0.723 0.198 1.5844 -2.7149
1770200590.9536 Rx ;90mca 0.000 0.000 16
1770200590.9537 Rx ;36gyro 0.008240 0.289917 -0.167786 102.698
1770200590.9537 Rx ;67acc 0.398926 -0.001221 0.892334 102.698
1770200590.9559 Rx ;20ird 0.889 0.118 3461 16381 1
1770200590.9560 Rx ;82pose 102.7010 0.723 0.198 1.5844 -2.7149
1770200590.9582 Rx ;85vel 102.7020 0.000 0.000 0.0000 0.000 4
1770200590.9583 Rx ;52livn 35 36 47 76 76 41 37 44 187
1770200590.9589 Txd ;21motv 0 0
1770200590.9615 Rx ;79pose 102.7060 0.723 0.198 1.5844 -2.7150
1770200590.9637 Rx ;65liv 26 31 45 62 71 38 30 26 25
1770200590.9637 Rx ;36mot 0 0 0.1 0.1 0
1770200590.9659 Rx ;77gyro -0.266418 0.198364 -0.289856 102.710
1770200590.9660 Rx ;28acc 0.401611 -0.001221 0.892334 102.710
1770200590.9660 Rx ;84vel 102.7100 0.000 0.000 0.0000 0.000 4
1770200590.9661 Rx ;75pose 102.7110 0.723 0.198 1.5844 -2.7150
1770200590.9683 Rx ;49livn 35 37 47 76 76 41 37 44 192
1770200590.9715 Rx ;81pose 102.7160 0.723 0.198 1.5844 -2.7151
1770200590.9737 Rx ;92vel 102.7180 0.000 0.000 0.0000 0.000 4
1770200590.9770 Rx ;77pose 102.7210 0.723 0.198 1.5844 -2.7151
1770200590.9781 Rx ;98gyro -0.083313 -0.045776 -0.045715 102.722
1770200590.9781 Rx ;99acc 0.400146 0.001465 0.892822 102.722
1770200590.9782 Rx ;53livn 35 37 47 75 76 41 37 44 197
1770200590.9814 Rx ;19ird 0.861 0.117 3526 16479 1
1770200590.9815 Rx ;82pose 102.7260 0.723 0.198 1.5844 -2.7151
1770200590.9826 Rx ;91vel 102.7260 0.000 0.000 0.0000 0.000 4
1770200590.9869 Rx ;79pose 102.7310 0.723 0.198 1.5844 -2.7152
1770200590.9870 Rx ;91mca 0.000 0.000 17
1770200590.9881 Rx ;40livn 35 37 47 75 76 41 37 44 202
1770200590.9892 Rx ;59gyro -0.144348 0.045776 -0.320374 102.734
1770200590.9893 Rx ;78acc 0.399414 -0.003662 0.889893 102.734
1770200590.9904 Rx ;90vel 102.7340 0.000 0.000 0.0000 0.000 4
1770200590.9915 Rx ;84pose 102.7360 0.723 0.198 1.5844 -2.7152
1770200590.9958 Rx ;36mot 0 0 0.1 0.1 0
1770200590.9969 Rx ;80pose 102.7410 0.723 0.198 1.5844 -2.7152
1770200590.9981 Rx ;89vel 102.7420 0.000 0.000 0.0000 0.000 4
1770200590.9982 Rx ;45livn 35 37 47 75 76 41 37 44 207
1770200591.0014 Rx ;86pose 102.7460 0.723 0.198 1.5844 -2.7153
1770200591.0015 Rx ;56gyro 0.038757 -0.320435 -0.106750 102.746
1770200591.0015 Rx ;70acc 0.395996 -0.002930 0.891602 102.746
1770200591.0058 Rx ;30ird 0.899 0.117 3439 16449 1
1770200591.0059 Rx ;88vel 102.7500 0.000 0.000 0.0000 0.000 4
1770200591.0070 Rx ;82pose 102.7510 0.723 0.198 1.5844 -2.7153
1770200591.0081 Rx ;41livn 35 37 47 75 76 41 37 44 212
1770200591.0114 Rx ;87pose 102.7560 0.723 0.198 1.5844 -2.7153
1770200591.0136 Rx ;68liv 26 34 44 55 69 40 32 32 25
1770200591.0136 Rx ;12gyro -0.083313 -0.289917 -0.106750 102.758
1770200591.0137 Rx ;59acc 0.403809 -0.000732 0.892822 102.758
1770200591.0138 Rx ;96vel 102.7580 0.000 0.000 0.0000 0.000 4
1770200591.0170 Rx ;84pose 102.7610 0.723 0.198 1.5844 -2.7154
1770200591.0181 Rx ;46livn 35 37 47 75 76 41 37 44 217
1770200591.0193 Rx ;90mca 0.000 0.000 16
1770200591.0214 Rx ;89pose 102.7660 0.723 0.198 1.5844 -2.7154
1770200591.0225 Rx ;95vel 102.7660 0.000 0.000 0.0000 0.000 4
1770200591.0258 Rx ;15gyro -0.327454 -0.167847 -0.015198 102.770
1770200591.0259 Rx ;13acc 0.403076 0.001709 0.897461 102.770
1770200591.0270 Rx ;85pose 102.7710 0.723 0.198 1.5844 -2.7154
1770200591.0281 Rx ;43livn 35 37 47 75 77 41 37 44 222
1770200591.0292 Rx ;36mot 0 0 0.1 0.1 0
1770200591.0303 Rx ;94vel 102.7740 0.000 0.000 0.0000 0.000 4
1770200591.0315 Rx ;20ird 0.895 0.117 3449 16523 1
1770200591.0315 Rx ;90pose 102.7760 0.723 0.198 1.5844 -2.7154
1770200591.0369 Rx ;86pose 102.7810 0.723 0.198 1.5844 -2.7154
1770200591.0380 Rx ;82gyro -0.388489 -0.045776 0.137390 102.782
1770200591.0381 Rx ;64acc 0.405518 -0.000732 0.890869 102.782
1770200591.0382 Rx ;93vel 102.7820 0.000 0.000 0.0000 0.000 4
1770200591.0382 Rx ;48livn 35 37 47 75 77 41 37 44 227
1770200591.0414 Rx ;91pose 102.7860 0.723 0.198 1.5844 -2.7154
1770200591.0457 Rx ;92vel 102.7900 0.000 0.000 0.0000 0.000 4
1770200591.0469 Rx ;87pose 102.7910 0.723 0.198 1.5844 -2.7154
1770200591.0480 Rx ;43livn 35 37 47 75 76 41 37 44 232
1770200591.0502 Rx ;77gyro -0.052795 -0.045776 0.045837 102.794
1770200591.0502 Rx ;71acc 0.407959 -0.007080 0.890625 102.794
1770200591.0514 Rx ;92pose 102.7960 0.723 0.198 1.5844 -2.7154
1770200591.0525 Rx ;91mca 0.000 0.000 17
1770200591.0547 Rx ;01vel 102.7980 0.000 0.000 0.0000 0.000 4
1770200591.0559 Rx ;14ird 0.866 0.116 3515 16670 1
1770200591.0570 Rx ;79pose 102.8010 0.723 0.198 1.5844 -2.7154
1770200591.0582 Rx ;49livn 35 37 47 75 77 41 37 44 237
1770200591.0614 Rx ;84pose 102.8060 0.723 0.198 1.5844 -2.7154
1770200591.0616 Rx ;50gyro 0.191345 -0.106812 -0.045715 102.806
1770200591.0618 Rx ;54acc 0.409180 -0.004639 0.895020 102.806
1770200591.0621 Rx ;90vel 102.8060 0.000 0.000 0.0000 0.000 4
1770200591.0621 Rx ;36mot 0 0 0.1 0.1 0
1770200591.0632 Rx ;80liv 29 35 44 58 70 44 36 28 25
1770200591.0665 Rx ;79pose 102.8110 0.723 0.198 1.5844 -2.7153
1770200591.0687 Rx ;45livn 35 37 47 75 77 41 37 44 242
1770200591.0699 Rx ;89vel 102.8140 0.000 0.000 0.0000 0.000 4
1770200591.0714 Txd ;62leds 14 0 80 0
1770200591.0721 Rx ;84pose 102.8160 0.723 0.198 1.5844 -2.7153
1770200591.0732 Rx ;82gyro -0.022278 0.167847 -0.289856 102.818
1770200591.0733 Rx ;98acc 0.409424 0.000732 0.900146 102.818
1770200591.0766 Rx ;80pose 102.8210 0.723 0.198 1.5844 -2.7153
1770200591.0777 Rx ;88vel 102.8220 0.000 0.000 0.0000 0.000 4
1770200591.0778 Rx ;50livn 35 37 47 75 77 41 37 44 247
1770200591.0811 Rx ;15ird 0.854 0.117 3542 16556 1
1770200591.0812 Rx ;85pose 102.8260 0.723 0.198 1.5844 -2.7153
1770200591.0855 Rx ;90mca 0.000 0.000 16
1770200591.0856 Rx ;61gyro 0.252380 -0.015259 -0.167786 102.830
1770200591.0857 Rx ;15acc 0.405029 0.002686 0.897461 102.830
1770200591.0859 Rx ;87vel 102.8300 0.000 0.000 0.0000 0.000 4
1770200591.0870 Rx ;81pose 102.8310 0.723 0.198 1.5844 -2.7153
1770200591.0882 Rx ;45livn 35 37 47 75 76 41 37 44 252
1770200591.0915 Rx ;86pose 102.8360 0.723 0.198 1.5844 -2.7153
1770200591.0947 Rx ;95vel 102.8380 0.000 0.000 0.0000 0.000 4
1770200591.0948 Rx ;36mot 0 0 0.1 0.1 0
1770200591.0970 Rx ;81pose 102.8410 0.723 0.198 1.5844 -2.7152
1770200591.0981 Rx ;13gyro 0.130310 0.259399 -0.350891 102.842
1770200591.0982 Rx ;20acc 0.406006 0.000977 0.898438 102.842
1770200591.0983 Rx ;50livn 35 37 47 75 76 41 37 44 257
1770200591.1015 Rx ;86pose 102.8460 0.723 0.198 1.5844 -2.7152
1770200591.1027 Rx ;94vel 102.8460 0.000 0.000 0.0000 0.000 4
1770200591.1060 Rx ;18ird 0.864 0.117 3519 16509 1
1770200591.1071 Rx ;82pose 102.8510 0.723 0.198 1.5844 -2.7152
1770200591.1083 Rx ;46livn 35 37 47 75 76 41 37 44 262
1770200591.1094 Rx ;48gyro 0.008240 -0.137329 -0.106750 102.854
1770200591.1095 Rx ;78acc 0.399658 -0.002441 0.886475 102.854
1770200591.1107 Rx ;93vel 102.8540 0.000 0.000 0.0000 0.000 4
1770200591.1118 Rx ;87pose 102.8560 0.723 0.198 1.5844 -2.7152
1770200591.1130 Rx ;65liv 23 34 43 57 65 41 34 32 25
1770200591.1173 Rx ;84pose 102.8610 0.723 0.198 1.5844 -2.7153
1770200591.1184 Rx ;92vel 102.8620 0.000 0.000 0.0000 0.000 4
1770200591.1185 Rx ;51livn 35 37 47 75 76 41 37 44 267
1770200591.1186 Rx ;91mca 0.000 0.000 17
1770200591.1218 Rx ;74gyro 0.099792 -0.015259 -0.228821 102.866
1770200591.1219 Rx ;67acc 0.406982 -0.001709 0.892334 102.866
1770200591.1219 Rx ;89pose 102.8660 0.723 0.198 1.5844 -2.7153
1770200591.1264 Rx ;91vel 102.8700 0.000 0.000 0.0000 0.000 4
1770200591.1265 Rx ;85pose 102.8710 0.723 0.198 1.5844 -2.7153
1770200591.1287 Rx ;36mot 0 0 0.1 0.1 0
1770200591.1287 Rx ;47livn 35 37 47 75 76 41 37 44 272
1770200591.1327 Rx ;16ird 0.852 0.118 3548 16408 1
1770200591.1328 Rx ;90pose 102.8760 0.723 0.198 1.5844 -2.7153
1770200591.1339 Rx ;58gyro -0.235901 0.106812 -0.015198 102.878
1770200591.1340 Rx ;76acc 0.399902 -0.003418 0.889404 102.878
1770200591.1341 Rx ;99vel 102.8780 0.000 0.000 0.0000 0.000 4
1770200591.1373 Rx ;86pose 102.8810 0.723 0.198 1.5844 -2.7153
1770200591.1386 Rx ;52livn 35 37 47 75 76 41 37 44 277
1770200591.1419 Rx ;91pose 102.8860 0.723 0.198 1.5844 -2.7153
1770200591.1419 Rx ;98vel 102.8860 0.000 0.000 0.0000 0.000 4
1770200591.1462 Rx ;69gyro -0.052795 0.137329 -0.350891 102.890
1770200591.1463 Rx ;70acc 0.398438 -0.002930 0.889160 102.890
1770200591.1475 Rx ;88pose 102.8910 0.723 0.198 1.5844 -2.7154
1770200591.1486 Rx ;48livn 35 37 47 75 76 41 37 44 282
1770200591.1497 Rx ;97vel 102.8940 0.000 0.000 0.0000 0.000 4
1770200591.1519 Rx ;90mca 0.000 0.000 16
1770200591.1520 Rx ;93pose 102.8960 0.723 0.198 1.5844 -2.7154
1770200591.1563 Rx ;14ird 0.881 0.117 3480 16473 1
1770200591.1574 Rx ;80pose 102.9010 0.723 0.198 1.5844 -2.7154
1770200591.1575 Rx ;07gyro -0.052795 -0.015259 -0.137268 102.902
1770200591.1576 Rx ;34acc 0.400146 -0.001465 0.900146 102.902
1770200591.1587 Rx ;87vel 102.9020 0.000 0.000 0.0000 0.000 4
1770200591.1588 Rx ;53livn 35 37 47 75 76 41 37 44 287
1770200591.1610 Rx ;36mot 0 0 0.1 0.1 0
1770200591.1621 Rx ;86pose 102.9060 0.723 0.198 1.5844 -2.7155
1770200591.1632 Rx ;75liv 29 32 43 56 69 41 33 27 25
1770200591.1665 Rx ;86vel 102.9100 0.000 0.000 0.0000 0.000 4
1770200591.1676 Rx ;82pose 102.9110 0.723 0.198 1.5844 -2.7155
1770200591.1687 Rx ;49livn 35 37 47 75 76 41 37 44 292
1770200591.1699 Rx ;62gyro -0.205383 -0.076294 0.076355 102.914
1770200591.1699 Rx ;76acc 0.399658 -0.003662 0.889404 102.914
1770200591.1721 Rx ;87pose 102.9160 0.723 0.198 1.5844 -2.7155
1770200591.1743 Rx ;94vel 102.9180 0.000 0.000 0.0000 0.000 4
1770200591.1775 Rx ;84pose 102.9210 0.723 0.198 1.5844 -2.7156
1770200591.1786 Rx ;53livn 35 37 47 74 76 41 37 44 297
1770200591.1808 Rx ;06ird 0.907 0.117 3422 16461 1
1770200591.1819 Rx ;66gyro -0.144348 -0.045776 0.137390 102.926
1770200591.1820 Rx ;57acc 0.404053 -0.001465 0.891846 102.926
1770200591.1821 Rx ;89pose 102.9260 0.723 0.198 1.5844 -2.7156
1770200591.1822 Rx ;93vel 102.9260 0.000 0.000 0.0000 0.000 4
1770200591.1843 Rx ;91mca 0.000 0.000 17
1770200591.1876 Rx ;85pose 102.9310 0.723 0.198 1.5844 -2.7156
1770200591.1887 Rx ;41livn 31 34 52 79 78 46 43 48 1
1770200591.1898 Rx ;92vel 102.9340 0.000 0.000 0.0000 0.000 4
1770200591.1920 Rx ;90pose 102.9360 0.723 0.198 1.5844 -2.7156
1770200591.1942 Rx ;18gyro -0.205383 0.015259 0.045837 102.938
1770200591.1943 Rx ;50acc 0.410645 -0.001221 0.885254 102.938
1770200591.1943 Rx ;36mot 0 0 0.1 0.1 0
1770200591.1976 Rx ;86pose 102.9410 0.723 0.198 1.5844 -2.7156
1770200591.1987 Rx ;91vel 102.9420 0.000 0.000 0.0000 0.000 4
1770200591.1988 Rx ;30livn 30 40 54 69 72 44 44 42 6
1770200591.2020 Rx ;91pose 102.9460 0.723 0.198 1.5844 -2.7156
1770200591.2053 Rx ;03gyro -0.022278 -0.228882 -0.106750 102.950
1770200591.2053 Rx ;20acc 0.406494 0.000244 0.885498 102.950
1770200591.2065 Rx ;01ird 0.908 0.117 3420 16511 1
1770200591.2065 Rx ;90vel 102.9500 0.000 0.000 0.0000 0.000 4
1770200591.2076 Rx ;87pose 102.9510 0.723 0.198 1.5844 -2.7156
1770200591.2088 Rx ;72livn 33 42 52 74 73 43 43 42 11
1770200591.2120 Rx ;92pose 102.9560 0.723 0.198 1.5844 -2.7156
1770200591.2131 Rx ;82liv 26 36 48 56 66 40 36 29 25
1770200591.2143 Rx ;98vel 102.9580 0.000 0.000 0.0000 0.000 4
1770200591.2175 Rx ;88pose 102.9610 0.723 0.198 1.5844 -2.7156
1770200591.2176 Rx ;90mca 0.000 0.000 16
1770200591.2176 Rx ;06gyro -0.083313 -0.076294 -0.198303 102.962
1770200591.2177 Rx ;61acc 0.410156 -0.000977 0.889160 102.962
1770200591.2178 Rx ;76livn 33 40 51 74 74 42 40 38 16
1770200591.2221 Rx ;93pose 102.9660 0.723 0.198 1.5844 -2.7156
1770200591.2221 Rx ;97vel 102.9660 0.000 0.000 0.0000 0.000 4
1770200591.2275 Rx ;89pose 102.9710 0.723 0.198 1.5844 -2.7156
1770200591.2276 Rx ;36mot 0 0 0.1 0.1 0
1770200591.2287 Rx ;71livn 35 40 51 75 74 43 41 41 21
1770200591.2298 Rx ;71gyro 0.038757 -0.015259 -0.350891 102.974
1770200591.2299 Rx ;63acc 0.408691 -0.003174 0.894043 102.974
1770200591.2300 Rx ;96vel 102.9740 0.000 0.000 0.0000 0.000 4
1770200591.2311 Rx ;18ird 0.891 0.117 3458 16462 1
1770200591.2322 Rx ;94pose 102.9760 0.723 0.198 1.5844 -2.7156
1770200591.2376 Rx ;90pose 102.9810 0.723 0.198 1.5844 -2.7156
1770200591.2387 Rx ;95vel 102.9820 0.000 0.000 0.0000 0.000 4
1770200591.2388 Rx ;77livn 35 40 52 77 74 41 40 42 26
1770200591.2420 Rx ;10gyro 0.130310 0.045776 -0.045715 102.986
1770200591.2421 Rx ;74acc 0.411865 -0.002197 0.897461 102.986
1770200591.2421 Rx ;94pose 102.9860 0.723 0.198 1.5844 -2.7155
1770200591.2464 Rx ;94vel 102.9900 0.000 0.000 0.0000 0.000 4
1770200591.2476 Rx ;90pose 102.9910 0.723 0.198 1.5844 -2.7155
1770200591.2487 Rx ;83livn 34 39 52 78 74 42 40 43 31
1770200591.2509 Rx ;91mca 0.000 0.000 17
1770200591.2520 Rx ;95pose 102.9960 0.723 0.198 1.5844 -2.7155
1770200591.2542 Rx ;13gyro 0.130310 0.137329 -0.350891 102.998
1770200591.2543 Rx ;75acc 0.407715 -0.002197 0.885742 102.998
1770200591.2543 Rx ;03vel 102.9980 0.000 0.000 0.0000 0.000 4
1770200591.2565 Rx ;25ird 0.856 0.118 3538 16378 1
1770200591.2576 Rx ;73pose 103.0010 0.723 0.198 1.5844 -2.7155
1770200591.2588 Rx ;88livn 34 39 51 78 75 42 40 43 36
1770200591.2599 Rx ;36mot 0 0 0.1 0.1 0
1770200591.2621 Rx ;77pose 103.0060 0.723 0.198 1.5844 -2.7154
1770200591.2621 Rx ;83vel 103.0060 0.000 0.000 0.0000 0.000 4
1770200591.2633 Rx ;74liv 27 34 48 62 69 41 35 31 25
1770200591.2654 Rx ;58dname Robobot Arthur
1770200591.2655 Rx ;38hbt 103.0090 107 1033 15.65 4 8 8.9 0.31 0
1770200591.2656 Rx ;13gyro -0.296936 -0.015259 -0.167786 103.010
1770200591.2657 Rx ;42acc 0.402344 -0.000977 0.892090 103.010
1770200591.2668 Rx ;73pose 103.0110 0.723 0.198 1.5844 -2.7154
1770200591.2679 Rx ;86livn 34 39 51 78 76 42 40 44 41
1770200591.2701 Rx ;82vel 103.0140 0.000 0.000 0.0000 0.000 4
1770200591.2723 Txd ;64leds 14 0 55 0
1770200591.2723 Rx ;78pose 103.0160 0.723 0.198 1.5844 -2.7154
1770200591.2766 Rx ;74pose 103.0210 0.723 0.198 1.5844 -2.7154
1770200591.2778 Rx ;98gyro 0.008240 0.228882 -0.442444 103.022
1770200591.2779 Rx ;33acc 0.400146 -0.003662 0.895020 103.022
1770200591.2779 Rx ;81vel 103.0220 0.000 0.000 0.0000 0.000 4
1770200591.2780 Rx ;93livn 34 39 52 78 76 41 40 46 46
1770200591.2813 Rx ;16ird 0.897 0.117 3444 16522 1
1770200591.2824 Rx ;80pose 103.0260 0.723 0.198 1.5844 -2.7155
1770200591.2835 Rx ;36mca -0.000 0.000 16
1770200591.2867 Rx ;80vel 103.0300 0.000 0.000 0.0000 0.000 4
1770200591.2868 Rx ;76pose 103.0310 0.723 0.198 1.5844 -2.7155
1770200591.2879 Rx ;87livn 35 38 51 77 76 41 41 45 51
1770200591.2901 Rx ;12gyro -0.266418 0.350952 0.106873 103.034
1770200591.2902 Rx ;43acc 0.401611 -0.002441 0.888672 103.034
1770200591.2924 Rx ;81pose 103.0360 0.723 0.198 1.5844 -2.7155
1770200591.2935 Rx ;36mot 0 0 0.1 0.1 0
1770200591.2946 Rx ;88vel 103.0380 0.000 0.000 0.0000 0.000 4
1770200591.2968 Rx ;77pose 103.0410 0.723 0.198 1.5844 -2.7155
1770200591.2979 Rx ;92livn 34 38 51 77 76 41 41 46 56
1770200591.3022 Rx ;67gyro 0.160828 0.015259 0.045837 103.046
1770200591.3023 Rx ;11acc 0.397217 0.001465 0.892090 103.046
1770200591.3024 Rx ;83pose 103.0460 0.723 0.198 1.5844 -2.7156
1770200591.3024 Rx ;87vel 103.0460 0.000 0.000 0.0000 0.000 4
1770200591.3057 Rx ;07ird 0.916 0.117 3403 16454 1
1770200591.3068 Rx ;79pose 103.0510 0.723 0.198 1.5844 -2.7156
1770200591.3079 Rx ;85livn 34 38 51 76 76 41 40 45 61
1770200591.3101 Rx ;86vel 103.0540 0.000 0.000 0.0000 0.000 4
1770200591.3123 Rx ;84pose 103.0560 0.723 0.198 1.5844 -2.7156
1770200591.3134 Rx ;71liv 26 32 47 60 70 38 37 34 25
1770200591.3135 Rx ;09gyro -0.266418 -0.137329 -0.015198 103.058
1770200591.3136 Rx ;57acc 0.395264 -0.000244 0.889160 103.058
1770200591.3168 Rx ;91mca 0.000 0.000 17
1770200591.3169 Rx ;81pose 103.0610 0.723 0.198 1.5844 -2.7157
1770200591.3180 Rx ;85vel 103.0620 0.000 0.000 0.0000 0.000 4
1770200591.3181 Rx ;91livn 35 37 50 77 77 41 40 45 66
1770200591.3223 Rx ;86pose 103.0660 0.723 0.198 1.5844 -2.7157
1770200591.3256 Rx ;99gyro -0.022278 -0.076294 -0.198303 103.070
1770200591.3257 Rx ;63acc 0.398193 -0.003174 0.893555 103.070
1770200591.3258 Rx ;36mot 0 0 0.1 0.1 0
1770200591.3258 Rx ;84vel 103.0700 0.000 0.000 0.0000 0.000 4
1770200591.3270 Rx ;82pose 103.0710 0.723 0.198 1.5844 -2.7157
1770200591.3281 Rx ;87livn 33 37 50 78 77 41 40 46 71
1770200591.3311 Rx ;05ird 0.910 0.117 3416 16508 1
1770200591.3323 Rx ;88pose 103.0760 0.723 0.198 1.5844 -2.7158
1770200591.3345 Rx ;92vel 103.0780 0.000 0.000 0.0000 0.000 4
1770200591.3368 Rx ;84pose 103.0810 0.723 0.198 1.5844 -2.7158
1770200591.3381 Rx ;95gyro -0.113831 -0.015259 -0.137268 103.082
1770200591.3382 Rx ;55acc 0.403076 -0.004150 0.898926 103.082
1770200591.3383 Rx ;01livn 33 37 50 78 77 41 39 46 76
1770200591.3427 Rx ;90pose 103.0860 0.723 0.198 1.5844 -2.7159
1770200591.3428 Rx ;91vel 103.0860 0.000 0.000 0.0000 0.000 4
1770200591.3487 Rx ;86pose 103.0910 0.723 0.198 1.5844 -2.7159
1770200591.3488 Rx ;87livn 33 37 50 78 77 41 40 45 81
1770200591.3500 Rx ;90mca 0.000 0.000 16
1770200591.3501 Rx ;20gyro -0.052795 -0.259399 -0.045715 103.094
1770200591.3502 Rx ;60acc 0.401611 -0.000977 0.886475 103.094
1770200591.3503 Rx ;90vel 103.0940 0.000 0.000 0.0000 0.000 4
1770200591.3504 Qu 1 ;99!leds 16 0 64 0
1770200591.3514 Tx ;99!leds 16 0 64 0
1770200591.3525 Rx ;89confirm !leds 16 0 64 0
1770200591.3525 Rx ;91pose 103.0960 0.723 0.198 1.5844 -2.7159
1770200591.3558 Rx ;17ird 0.924 0.117 3388 16453 1
1770200591.3569 Rx ;70pose 103.1010 0.723 0.198 1.5844 -2.7160
1770200591.3581 Rx ;80vel 103.1020 0.000 0.000 0.0000 0.000 4
1770200591.3582 Rx ;10livn 34 37 49 78 77 41 39 45 86
1770200591.3593 Rx ;36mot 0 0 0.1 0.1 0
1770200591.3615 Rx ;72gyro -0.144348 -0.350952 0.289978 103.106
1770200591.3616 Rx ;43acc 0.401367 -0.004150 0.887207 103.106
1770200591.3616 Rx ;75pose 103.1060 0.723 0.198 1.5844 -2.7160
1770200591.3628 Rx ;64liv 26 31 43 60 70 39 31 28 25
1770200591.3660 Rx ;79vel 103.1100 0.000 0.000 0.0000 0.000 4
1770200591.3671 Rx ;71pose 103.1110 0.723 0.198 1.5844 -2.7160
1770200591.3683 Rx ;04livn 34 37 49 78 77 41 38 44 91
1770200591.3726 Rx ;76pose 103.1160 0.723 0.198 1.5844 -2.7160
1770200591.3737 Rx ;18gyro -0.052795 -0.289917 -0.015198 103.118
1770200591.3738 Rx ;45acc 0.406250 -0.003662 0.894043 103.118
1770200591.3738 Rx ;87vel 103.1180 0.000 0.000 0.0000 0.000 4
1770200591.3771 Rx ;73pose 103.1210 0.723 0.198 1.5844 -2.7161
1770200591.3782 Rx ;11livn 34 37 49 78 78 42 38 44 96
1770200591.3814 Rx ;18ird 0.923 0.117 3389 16445 1
1770200591.3826 Rx ;78pose 103.1260 0.723 0.198 1.5844 -2.7161
1770200591.3826 Rx ;86vel 103.1260 0.000 0.000 0.0000 0.000 4
1770200591.3827 Rx ;91mca 0.000 0.000 17
1770200591.3859 Rx ;44gyro 0.008240 -0.045776 -0.228821 103.130
1770200591.3860 Rx ;49acc 0.410400 -0.001953 0.893799 103.130
1770200591.3871 Rx ;74pose 103.1310 0.723 0.198 1.5844 -2.7161
1770200591.3882 Rx ;43livn 34 36 48 77 78 42 38 44 101
1770200591.3904 Rx ;85vel 103.1340 0.000 0.000 0.0000 0.000 4
1770200591.3926 Rx ;78pose 103.1360 0.723 0.198 1.5844 -2.7160
1770200591.3927 Rx ;36mot 0 0 0.1 0.1 0
1770200591.3969 Rx ;74pose 103.1410 0.723 0.198 1.5844 -2.7160
1770200591.3981 Rx ;58gyro 0.252380 -0.228882 -0.137268 103.142
1770200591.3982 Rx ;44acc 0.406006 -0.000488 0.894043 103.142
1770200591.3982 Rx ;84vel 103.1420 0.000 0.000 0.0000 0.000 4
1770200591.3983 Rx ;47livn 34 36 48 77 78 41 38 44 106
1770200591.4026 Rx ;79pose 103.1460 0.723 0.198 1.5844 -2.7160
1770200591.4058 Rx ;24ird 0.919 0.117 3397 16447 1
1770200591.4059 Rx ;83vel 103.1500 0.000 0.000 0.0000 0.000 4
1770200591.4070 Rx ;75pose 103.1510 0.723 0.198 1.5844 -2.7160
1770200591.4081 Rx ;45livn 35 37 48 77 78 41 38 44 111
1770200591.4093 Rx ;22gyro -0.144348 0.167847 0.076355 103.154
1770200591.4093 Rx ;55acc 0.406006 -0.001465 0.898438 103.154
1770200591.4126 Rx ;80pose 103.1560 0.723 0.198 1.5844 -2.7160
1770200591.4127 Rx ;67liv 29 32 43 59 71 42 33 31 25
1770200591.4138 Rx ;91vel 103.1580 0.000 0.000 0.0000 0.000 4
1770200591.4160 Rx ;90mca 0.000 0.000 16
1770200591.4171 Rx ;76pose 103.1610 0.723 0.198 1.5844 -2.7160
1770200591.4182 Rx ;50livn 35 37 48 77 78 41 38 44 116
1770200591.4214 Rx ;57gyro 0.008240 -0.045776 -0.137268 103.166
1770200591.4215 Rx ;58acc 0.403809 -0.000488 0.892090 103.166
1770200591.4226 Rx ;81pose 103.1660 0.723 0.198 1.5844 -2.7160
1770200591.4227 Rx ;90vel 103.1660 0.000 0.000 0.0000 0.000 4
1770200591.4249 Rx ;36mot 0 0 0.1 0.1 0
1770200591.4271 Rx ;77pose 103.1710 0.723 0.198 1.5844 -2.7160
1770200591.4282 Rx ;47livn 35 37 48 77 78 42 38 44 121
1770200591.4303 Rx ;89vel 103.1740 0.000 0.000 0.0000 0.000 4
1770200591.4315 Rx ;15ird 0.920 0.118 3395 16375 1
1770200591.4326 Rx ;82pose 103.1760 0.723 0.198 1.5844 -2.7160
1770200591.4337 Rx ;32gyro -0.388489 -0.045776 -0.137268 103.178
1770200591.4338 Rx ;19acc 0.403809 0.000488 0.892822 103.178
1770200591.4370 Rx ;78pose 103.1810 0.723 0.198 1.5844 -2.7160
1770200591.4382 Rx ;88vel 103.1820 0.000 0.000 0.0000 0.000 4
1770200591.4382 Rx ;52livn 35 37 48 77 78 42 38 44 126
1770200591.4425 Rx ;83pose 103.1860 0.723 0.198 1.5844 -2.7160
1770200591.4457 Rx ;54gyro 0.130310 0.076294 0.106873 103.190
1770200591.4458 Rx ;44acc 0.399902 -0.001221 0.891113 103.190
1770200591.4459 Rx ;87vel 103.1900 0.000 0.000 0.0000 0.000 4
1770200591.4466 Txd ;21motv 0 0
1770200591.4470 Rx ;79pose 103.1910 0.723 0.198 1.5844 -2.7160
1770200591.4481 Rx ;49livn 36 37 48 77 78 42 38 44 131
1770200591.4482 Rx ;91mca 0.000 0.000 17
1770200591.4525 Rx ;85pose 103.1960 0.723 0.198 1.5844 -2.7161
1770200591.4547 Rx ;95vel 103.1980 0.000 0.000 0.0000 0.000 4
1770200591.4558 Rx ;08ird 0.915 0.117 3406 16507 1
1770200591.4560 Txd ;21motv 0 0
1770200591.4569 Rx ;72pose 103.2010 0.723 0.198 1.5844 -2.7161
1770200591.4580 Rx ;08gyro 0.099792 -0.076294 0.015320 103.202
1770200591.4581 Rx ;03acc 0.401123 0.000488 0.888916 103.202
1770200591.4582 Rx ;36mot 0 0 0.1 0.1 0
1770200591.4582 Rx ;54livn 36 37 48 77 78 42 38 44 136
1770200591.4625 Rx ;77pose 103.2060 0.723 0.198 1.5844 -2.7161
1770200591.4626 Rx ;85vel 103.2060 0.000 0.000 0.0000 0.000 4
1770200591.4636 Txd ;21motv 0 0
1770200591.4637 Rx ;68liv 31 34 44 57 69 43 33 30 25
1770200591.4669 Rx ;73pose 103.2110 0.723 0.198 1.5844 -2.7161
1770200591.4680 Rx ;50livn 36 37 48 77 78 42 38 44 141
1770200591.4702 Rx ;89gyro -0.205383 -0.106812 -0.015198 103.214
1770200591.4702 Rx ;13acc 0.402588 0.000488 0.892822 103.214
1770200591.4703 Rx ;84vel 103.2140 0.000 0.000 0.0000 0.000 4
1770200591.4725 Rx ;78pose 103.2160 0.723 0.198 1.5844 -2.7161
1770200591.4732 Txd ;57leds 14 0 30 0
1770200591.4768 Rx ;74pose 103.2210 0.723 0.198 1.5844 -2.7161
1770200591.4779 Rx ;83vel 103.2220 0.000 0.000 0.0000 0.000 4
1770200591.4790 Rx ;55livn 36 36 48 77 78 42 38 44 147
1770200591.4812 Rx ;15ird 0.924 0.117 3388 16460 1
1770200591.4812 Rx ;90mca 0.000 0.000 16
1770200591.4813 Rx ;56gyro 0.008240 -0.167847 -0.381409 103.226
1770200591.4813 Rx ;29acc 0.400879 0.001953 0.893799 103.226
1770200591.4825 Rx ;80pose 103.2260 0.723 0.198 1.5844 -2.7162
1770200591.4868 Rx ;82vel 103.2300 0.000 0.000 0.0000 0.000 4
1770200591.4868 Rx ;76pose 103.2310 0.723 0.198 1.5844 -2.7162
1770200591.4890 Rx ;52livn 36 37 48 76 78 42 39 44 152
1770200591.4912 Rx ;36mot 0 0 0.1 0.1 0
1770200591.4923 Rx ;81pose 103.2360 0.723 0.198 1.5844 -2.7162
1770200591.4934 Rx ;65gyro -0.022278 -0.228882 0.045837 103.238
1770200591.4935 Rx ;01acc 0.397705 0.001221 0.900635 103.238
1770200591.4946 Rx ;90vel 103.2380 0.000 0.000 0.0000 0.000 4
1770200591.4968 Rx ;78pose 103.2410 0.723 0.198 1.5844 -2.7163
1770200591.4990 Rx ;57livn 36 37 48 76 78 42 39 44 157
1770200591.5022 Rx ;83pose 103.2460 0.723 0.198 1.5844 -2.7163
1770200591.5023 Rx ;91vel 103.2470 0.000 0.000 0.0000 0.000 5
1770200591.5055 Rx ;63gyro -0.357971 0.045776 -0.076233 103.250
1770200591.5056 Rx ;54acc 0.396484 -0.002930 0.891602 103.250
1770200591.5056 Rx ;06ird 0.916 0.117 3404 16542 1
1770200591.5068 Rx ;79pose 103.2510 0.723 0.198 1.5844 -2.7163
1770200591.5089 Rx ;53livn 36 37 48 76 78 42 39 44 162
1770200591.5101 Rx ;89vel 103.2550 0.000 0.000 0.0000 0.000 4
1770200591.5122 Rx ;85pose 103.2560 0.723 0.198 1.5844 -2.7164
1770200591.5134 Rx ;80liv 28 35 45 57 69 43 37 30 25
1770200591.5145 Rx ;91mca 0.000 0.000 17
1770200591.5177 Rx ;81pose 103.2610 0.723 0.198 1.5844 -2.7164
1770200591.5177 Rx ;07gyro 0.069275 -0.076294 0.015320 103.262
1770200591.5178 Rx ;56acc 0.400146 -0.005371 0.898926 103.262
1770200591.5189 Rx ;88vel 103.2630 0.000 0.000 0.0000 0.000 4
1770200591.5190 Rx ;56livn 36 37 47 76 78 42 38 44 167
1770200591.5222 Rx ;86pose 103.2660 0.723 0.198 1.5844 -2.7164
1770200591.5244 Rx ;36mot 0 0 0.1 0.1 0
1770200591.5265 Rx ;87vel 103.2710 0.000 0.000 0.0000 0.000 4
1770200591.5277 Rx ;82pose 103.2710 0.723 0.198 1.5844 -2.7164
1770200591.5288 Rx ;54livn 36 37 48 76 78 42 39 44 172
1770200591.5303 Rx ;26gyro 0.191345 -0.228882 0.167908 103.274
1770200591.5304 Rx ;61acc 0.409424 -0.003906 0.897217 103.274
1770200591.5316 Rx ;22ird 0.923 0.116 3389 16657 1
1770200591.5328 Rx ;87pose 103.2760 0.723 0.198 1.5844 -2.7164
1770200591.5350 Rx ;95vel 103.2790 0.000 0.000 0.0000 0.000 4
1770200591.5373 Rx ;83pose 103.2810 0.723 0.198 1.5844 -2.7164
1770200591.5386 Rx ;58livn 36 37 48 76 77 42 39 44 177
1770200591.5418 Rx ;71gyro 0.038757 -0.228882 -0.076233 103.286
1770200591.5419 Rx ;71acc 0.408691 -0.004639 0.893066 103.286
1770200591.5421 Rx ;88pose 103.2860 0.723 0.198 1.5844 -2.7164
1770200591.5423 Rx ;94vel 103.2870 0.000 0.000 0.0000 0.000 4
1770200591.5477 Rx ;84pose 103.2910 0.723 0.198 1.5844 -2.7164
1770200591.5478 Rx ;36mca -0.000 0.000 16
1770200591.5489 Rx ;53livn 36 37 48 76 77 42 38 44 182
1770200591.5500 Rx ;93vel 103.2950 0.000 0.000 0.0000 0.000 4
1770200591.5522 Rx ;89pose 103.2960 0.723 0.198 1.5844 -2.7164
1770200591.5534 Rx ;88gyro -0.174866 0.076294 -0.167786 103.298
1770200591.5535 Rx ;61acc 0.411865 -0.004150 0.881836 103.298
1770200591.5557 Rx ;14ird 0.871 0.116 3502 16597 1
1770200591.5569 Rx ;75pose 103.3010 0.723 0.198 1.5844 -2.7163
1770200591.5570 Rx ;36mot 0 0 0.1 0.1 0
1770200591.5582 Rx ;83vel 103.3030 0.000 0.000 0.0000 0.000 4
1770200591.5583 Rx ;58livn 36 37 48 76 77 42 38 44 187
1770200591.5627 Rx ;80pose 103.3060 0.723 0.198 1.5844 -2.7163
1770200591.5628 Rx ;71liv 26 35 48 60 68 41 35 31 25
1770200591.5660 Rx ;38gyro -0.266418 -0.015259 0.015320 103.310
1770200591.5661 Rx ;39acc 0.409424 -0.003418 0.891113 103.310
1770200591.5663 Rx ;82vel 103.3110 0.000 0.000 0.0000 0.000 4
1770200591.5674 Rx ;76pose 103.3110 0.723 0.198 1.5844 -2.7163
1770200591.5686 Rx ;55livn 35 37 48 76 78 42 39 44 192
1770200591.5719 Rx ;81pose 103.3160 0.723 0.198 1.5844 -2.7163
1770200591.5751 Rx ;90vel 103.3190 0.000 0.000 0.0000 0.000 4
1770200591.5773 Rx ;77pose 103.3210 0.723 0.198 1.5844 -2.7163
1770200591.5774 Rx ;97gyro -0.022278 -0.076294 -0.045715 103.322
1770200591.5775 Rx ;10acc 0.408936 0.000488 0.893311 103.322
1770200591.5786 Rx ;59livn 35 37 48 76 77 42 39 44 197
1770200591.5808 Rx ;91mca 0.000 0.000 17
1770200591.5809 Rx ;23ird 0.884 0.117 3474 16494 1
1770200591.5821 Rx ;82pose 103.3260 0.723 0.198 1.5844 -2.7163
1770200591.5833 Rx ;89vel 103.3270 0.000 0.000 0.0000 0.000 4
1770200591.5876 Rx ;78pose 103.3310 0.723 0.198 1.5844 -2.7163
1770200591.5887 Rx ;47livn 35 37 48 76 78 42 39 44 202
1770200591.5899 Rx ;67gyro 0.038757 -0.045776 -0.015198 103.334
1770200591.5899 Rx ;54acc 0.406738 -0.002441 0.893066 103.334
1770200591.5900 Rx ;36mot 0 0 0.1 0.1 0
1770200591.5911 Rx ;88vel 103.3350 0.000 0.000 0.0000 0.000 4
1770200591.5923 Rx ;83pose 103.3360 0.723 0.198 1.5844 -2.7163
1770200591.5977 Rx ;78pose 103.3410 0.723 0.198 1.5844 -2.7162
1770200591.5988 Rx ;52livn 35 37 48 76 78 42 39 44 207
1770200591.5989 Rx ;87vel 103.3430 0.000 0.000 0.0000 0.000 4
1770200591.6022 Rx ;75gyro -0.174866 0.167847 -0.228821 103.346
1770200591.6023 Rx ;57acc 0.402588 -0.005127 0.896240 103.346
1770200591.6024 Rx ;83pose 103.3460 0.723 0.198 1.5844 -2.7162
1770200591.6056 Rx ;10ird 0.910 0.118 3416 16377 1
1770200591.6068 Rx ;86vel 103.3510 0.000 0.000 0.0000 0.000 4
1770200591.6069 Rx ;79pose 103.3510 0.723 0.198 1.5844 -2.7162
1770200591.6082 Rx ;48livn 35 37 48 76 78 42 39 44 212
1770200591.6125 Rx ;84pose 103.3560 0.723 0.198 1.5844 -2.7162
1770200591.6136 Rx ;78liv 25 34 48 60 69 38 37 31 25
1770200591.6138 Rx ;90mca 0.000 0.000 16
1770200591.6138 Rx ;68gyro -0.022278 0.015259 -0.167786 103.358
1770200591.6140 Rx ;64acc 0.404297 -0.005127 0.895264 103.358
1770200591.6152 Rx ;94vel 103.3590 0.000 0.000 0.0000 0.000 4
1770200591.6174 Rx ;81pose 103.3610 0.723 0.198 1.5844 -2.7163
1770200591.6185 Rx ;53livn 35 37 48 77 77 42 39 44 217
1770200591.6218 Rx ;86pose 103.3660 0.723 0.198 1.5844 -2.7163
1770200591.6229 Rx ;93vel 103.3670 0.000 0.000 0.0000 0.000 4
1770200591.6230 Rx ;36mot 0 0 0.1 0.1 0
1770200591.6262 Rx ;21gyro -0.205383 0.167847 0.228943 103.370
1770200591.6263 Rx ;96acc 0.403076 0.000000 0.892578 103.370
1770200591.6275 Rx ;82pose 103.3710 0.723 0.198 1.5844 -2.7163
1770200591.6287 Rx ;49livn 35 37 48 77 77 42 39 44 222
1770200591.6309 Rx ;92vel 103.3750 0.000 0.000 0.0000 0.000 4
1770200591.6310 Rx ;11ird 0.906 0.117 3425 16473 1
1770200591.6321 Rx ;87pose 103.3760 0.723 0.198 1.5844 -2.7163
1770200591.6375 Rx ;83pose 103.3810 0.723 0.198 1.5844 -2.7163
1770200591.6376 Rx ;54gyro -0.083313 0.015259 -0.137268 103.382
1770200591.6376 Rx ;50acc 0.399658 0.000977 0.897949 103.382
1770200591.6388 Rx ;54livn 35 37 48 77 77 42 39 44 227
1770200591.6389 Rx ;91vel 103.3830 0.000 0.000 0.0000 0.000 4
1770200591.6422 Rx ;88pose 103.3860 0.723 0.198 1.5844 -2.7163
1770200591.6465 Rx ;91mca 0.000 0.000 17
1770200591.6466 Rx ;90vel 103.3910 0.000 0.000 0.0000 0.000 4
1770200591.6477 Rx ;84pose 103.3910 0.723 0.198 1.5844 -2.7163
1770200591.6488 Rx ;49livn 35 37 48 77 77 41 39 44 232
1770200591.6500 Rx ;11gyro -0.113831 -0.076294 -0.259338 103.394
1770200591.6501 Rx ;40acc 0.394775 0.002686 0.896484 103.394
1770200591.6523 Rx ;90pose 103.3960 0.723 0.198 1.5844 -2.7164
1770200591.6555 Rx ;98vel 103.3990 0.000 0.000 0.0000 0.000 4
1770200591.6557 Rx ;18ird 0.924 0.117 3387 16473 1
1770200591.6558 Rx ;36mot 0 0 0.1 0.1 0
1770200591.6569 Rx ;77pose 103.4010 0.723 0.198 1.5844 -2.7164
1770200591.6590 Rx ;53livn 35 37 48 77 77 41 38 44 237
1770200591.6613 Rx ;98gyro -0.144348 -0.106812 -0.137268 103.406
1770200591.6614 Rx ;57acc 0.400146 -0.000488 0.896484 103.406
1770200591.6626 Rx ;82pose 103.4060 0.723 0.198 1.5844 -2.7164
1770200591.6627 Rx ;88vel 103.4070 0.000 0.000 0.0000 0.000 4
1770200591.6628 Rx ;71liv 22 34 49 60 65 35 32 29 25
1770200591.6672 Rx ;79pose 103.4110 0.723 0.198 1.5844 -2.7165
1770200591.6683 Rx ;48livn 34 37 48 77 77 41 38 44 242
1770200591.6705 Rx ;87vel 103.4150 0.000 0.000 0.0000 0.000 4
1770200591.6727 Rx ;84pose 103.4160 0.723 0.198 1.5844 -2.7165
1770200591.6739 Rx ;93gyro -0.022278 -0.106812 -0.045715 103.418
1770200591.6740 Rx ;57acc 0.397461 -0.001221 0.899414 103.418
1770200591.6741 Txd ;11leds 14 0 5 0
1770200591.6772 Rx ;80pose 103.4210 0.723 0.198 1.5844 -2.7165
1770200591.6795 Rx ;53livn 34 37 48 77 77 41 38 44 247
1770200591.6796 Rx ;86vel 103.4230 0.000 0.000 0.0000 0.000 4
1770200591.6796 Rx ;90mca 0.000 0.000 16
1770200591.6807 Rx ;10ird 0.914 0.117 3408 16517 1
1770200591.6819 Rx ;86pose 103.4260 0.723 0.198 1.5844 -2.7166
1770200591.6862 Rx ;67gyro -0.052795 -0.198364 0.045837 103.430
1770200591.6863 Rx ;58acc 0.403809 -0.009521 0.888184 103.430
1770200591.6874 Rx ;85vel 103.4310 0.000 0.000 0.0000 0.000 4
1770200591.6875 Rx ;82pose 103.4310 0.723 0.198 1.5844 -2.7166
1770200591.6886 Rx ;48livn 34 37 48 76 77 41 38 44 252
1770200591.6897 Rx ;36mot 0 0 0.1 0.1 0
1770200591.6919 Rx ;88pose 103.4370 0.723 0.198 1.5844 -2.7166
1770200591.6951 Rx ;93vel 103.4390 0.000 0.000 0.0000 0.000 4
1770200591.6973 Rx ;84pose 103.4420 0.723 0.198 1.5844 -2.7166
1770200591.6974 Rx ;49gyro -0.022278 -0.167847 0.015320 103.442
1770200591.6975 Rx ;68acc 0.402588 -0.003174 0.889648 103.442
1770200591.6986 Rx ;55livn 35 37 48 77 77 41 38 44 257
1770200591.7029 Rx ;89pose 103.4470 0.723 0.198 1.5844 -2.7166
1770200591.7030 Rx ;92vel 103.4470 0.000 0.000 0.0000 0.000 4
1770200591.7063 Rx ;06ird 0.913 0.117 3409 16513 1
1770200591.7074 Rx ;85pose 103.4520 0.723 0.198 1.5844 -2.7166
1770200591.7085 Rx ;51livn 35 37 48 76 77 41 39 44 262
1770200591.7096 Rx ;05gyro -0.022278 -0.137329 -0.350891 103.454
1770200591.7097 Rx ;23acc 0.409668 0.002686 0.882324 103.454
1770200591.7108 Rx ;91vel 103.4550 0.000 0.000 0.0000 0.000 4
1770200591.7130 Rx ;90pose 103.4570 0.723 0.198 1.5844 -2.7166
1770200591.7131 Rx ;37mca -0.000 0.000 17
1770200591.7131 Rx ;68liv 26 30 43 58 66 40 37 32 25
1770200591.7174 Rx ;86pose 103.4620 0.723 0.198 1.5844 -2.7166
1770200591.7186 Rx ;56livn 35 37 48 76 77 41 39 44 267
1770200591.7186 Rx ;90vel 103.4630 0.000 0.000 0.0000 0.000 4
1770200591.7219 Rx ;50gyro 0.130310 -0.076294 -0.015198 103.466
1770200591.7220 Rx ;64acc 0.409424 -0.004639 0.890625 103.466
1770200591.7221 Rx ;36mot 0 0 0.1 0.1 0
1770200591.7221 Rx ;91pose 103.4670 0.723 0.198 1.5844 -2.7166
1770200591.7275 Rx ;89vel 103.4710 0.000 0.000 0.0000 0.000 4
1770200591.7276 Rx ;86pose 103.4720 0.723 0.198 1.5844 -2.7165
1770200591.7289 Rx ;52livn 35 37 48 76 77 41 39 44 272
1770200591.7311 Rx ;12ird 0.908 0.118 3421 16385 1
1770200591.7322 Rx ;91pose 103.4770 0.723 0.198 1.5844 -2.7165
1770200591.7334 Rx ;29gyro 0.221863 -0.198364 0.228943 103.478
1770200591.7335 Rx ;63acc 0.408691 -0.002197 0.895020 103.478
1770200591.7346 Rx ;97vel 103.4790 0.000 0.000 0.0000 0.000 4
1770200591.7379 Rx ;87pose 103.4820 0.723 0.198 1.5844 -2.7165
1770200591.7391 Rx ;58livn 35 37 48 77 77 41 39 44 277
1770200591.7423 Rx ;92pose 103.4870 0.723 0.198 1.5844 -2.7165
1770200591.7432 Qu 1 ;44!leds 16 0 30 30
1770200591.7435 Tx ;44!leds 16 0 30 30
1770200591.7435 Rx ;96vel 103.4870 0.000 0.000 0.0000 0.000 4
1770200591.7446 Rx ;34confirm !leds 16 0 30 30
1770200591.7457 Rx ;90mca 0.000 0.000 16
1770200591.7458 Rx ;94gyro -0.083313 -0.015259 -0.045715 103.490
1770200591.7459 Rx ;47acc 0.411133 -0.002197 0.892334 103.490
1770200591.7470 Rx ;88pose 103.4920 0.723 0.198 1.5844 -2.7165
1770200591.7492 Rx ;52livn 34 37 48 77 77 41 38 44 282
1770200591.7514 Rx ;95vel 103.4950 0.000 0.000 0.0000 0.000 4
1770200591.7525 Rx ;93pose 103.4970 0.723 0.198 1.5844 -2.7165
1770200591.7558 Rx ;36mot 0 0 0.1 0.1 0
1770200591.7558 Rx ;20ird 0.859 0.117 3530 16478 1
1770200591.7580 Rx ;79pose 103.5020 0.723 0.198 1.5844 -2.7164
1770200591.7581 Rx ;65gyro -0.144348 -0.198364 0.198425 103.502
1770200591.7581 Rx ;51acc 0.400635 -0.004395 0.893066 103.502
1770200591.7593 Rx ;58livn 34 37 49 77 77 41 38 44 287
1770200591.7593 Rx ;85vel 103.5030 0.000 0.000 0.0000 0.000 4
1770200591.7626 Rx ;84pose 103.5070 0.723 0.198 1.5844 -2.7164
1770200591.7637 Rx ;66liv 23 29 50 60 67 38 30 33 25
1770200591.7648 Rx ;44hbt 103.5090 107 1033 15.66 4 8 8.9 0.31 0
1770200591.7670 Rx ;84vel 103.5110 0.000 0.000 0.0000 0.000 4
1770200591.7671 Rx ;80pose 103.5120 0.723 0.198 1.5844 -2.7164
1770200591.7693 Rx ;53livn 34 36 49 77 77 41 38 44 292
1770200591.7694 Rx ;16gyro 0.038757 0.076294 -0.106750 103.514
1770200591.7694 Rx ;20acc 0.397705 0.001709 0.899170 103.514
1770200591.7727 Rx ;86pose 103.5170 0.723 0.198 1.5844 -2.7165
1770200591.7748 Rx ;92vel 103.5190 0.000 0.000 0.0000 0.000 4
1770200591.7780 Rx ;82pose 103.5220 0.723 0.198 1.5844 -2.7165
1770200591.7781 Rx ;91mca 0.000 0.000 17
1770200591.7793 Rx ;59livn 34 37 49 77 77 41 38 44 297
1770200591.7815 Rx ;21ird 0.896 0.118 3446 16426 1
1770200591.7815 Rx ;56gyro -0.205383 0.045776 -0.320374 103.526
1770200591.7816 Rx ;08acc 0.403809 0.000977 0.900146 103.526
1770200591.7827 Rx ;87pose 103.5270 0.723 0.198 1.5844 -2.7165
1770200591.7828 Rx ;91vel 103.5270 0.000 0.000 0.0000 0.000 4
1770200591.7881 Rx ;83pose 103.5320 0.723 0.198 1.5844 -2.7165
1770200591.7882 Rx ;36mot 0 0 0.1 0.1 0
1770200591.7893 Rx ;41livn 46 35 38 75 85 42 36 36 1
1770200591.7915 Rx ;90vel 103.5350 0.000 0.000 0.0000 0.000 4
1770200591.7926 Rx ;88pose 103.5370 0.723 0.198 1.5844 -2.7165
1770200591.7938 Rx ;77gyro 0.099792 -0.076294 -0.228821 103.538
1770200591.7938 Rx ;59acc 0.402832 -0.005371 0.897461 103.538
1770200591.7981 Rx ;85pose 103.5420 0.723 0.198 1.5844 -2.7166
1770200591.7993 Rx ;41livn 39 34 41 73 82 45 38 45 6
1770200591.7993 Rx ;89vel 103.5430 0.000 0.000 0.0000 0.000 4
1770200591.8026 Rx ;90pose 103.5470 0.723 0.198 1.5844 -2.7166
1770200591.8058 Rx ;60gyro 0.069275 -0.076294 -0.106750 103.550
1770200591.8059 Rx ;48acc 0.401123 -0.003174 0.896484 103.550
1770200591.8060 Rx ;10ird 0.910 0.117 3417 16476 1
1770200591.8071 Rx ;88vel 103.5510 0.000 0.000 0.0000 0.000 4
1770200591.8082 Rx ;86pose 103.5520 0.723 0.198 1.5844 -2.7166
1770200591.8093 Rx ;76livn 38 36 43 74 80 44 40 42 11
1770200591.8115 Rx ;90mca 0.000 0.000 16
1770200591.8126 Rx ;91pose 103.5570 0.723 0.198 1.5844 -2.7166
1770200591.8137 Rx ;73liv 27 31 42 58 71 42 37 29 25
1770200591.8149 Rx ;96vel 103.5590 0.000 0.000 0.0000 0.000 4
1770200591.8181 Rx ;48gyro -0.235901 -0.106812 0.137390 103.562
1770200591.8182 Rx ;08acc 0.400391 0.000244 0.888916 103.562
1770200591.8183 Rx ;87pose 103.5620 0.723 0.198 1.5844 -2.7166
1770200591.8194 Rx ;85livn 39 36 43 75 80 45 40 43 16
1770200591.8216 Rx ;36mot 0 0 0.1 0.1 0
1770200591.8227 Rx ;93pose 103.5670 0.723 0.198 1.5844 -2.7167
1770200591.8228 Rx ;95vel 103.5670 0.000 0.000 0.0000 0.000 4
1770200591.8281 Rx ;89pose 103.5720 0.723 0.198 1.5844 -2.7167
1770200591.8292 Rx ;84livn 39 35 42 75 80 44 38 42 21
1770200591.8293 Rx ;20gyro -0.266418 -0.167847 -0.015198 103.574
1770200591.8294 Rx ;50acc 0.406006 -0.003174 0.890625 103.574
1770200591.8316 Rx ;94vel 103.5750 0.000 0.000 0.0000 0.000 4
1770200591.8317 Rx ;16ird 0.867 0.118 3512 16438 1
1770200591.8328 Rx ;94pose 103.5770 0.723 0.198 1.5844 -2.7167
1770200591.8381 Rx ;90pose 103.5820 0.723 0.198 1.5844 -2.7167
1770200591.8393 Rx ;01livn 38 35 44 76 79 43 38 44 26
1770200591.8393 Rx ;93vel 103.5830 0.000 0.000 0.0000 0.000 4
1770200591.8415 Rx ;64gyro -0.144348 0.076294 -0.320374 103.586
1770200591.8416 Rx ;54acc 0.400391 -0.006104 0.897217 103.586
1770200591.8427 Rx ;95pose 103.5870 0.723 0.198 1.5844 -2.7167
1770200591.8449 Rx ;37mca -0.000 0.000 17
1770200591.8471 Rx ;92vel 103.5910 0.000 0.000 0.0000 0.000 4
1770200591.8482 Rx ;91pose 103.5920 0.723 0.198 1.5844 -2.7167
1770200591.8493 Rx ;99livn 38 35 45 77 79 42 37 47 31
1770200591.8526 Rx ;97pose 103.5970 0.723 0.198 1.5844 -2.7168
1770200591.8537 Rx ;12gyro -0.022278 0.045776 0.015320 103.598
1770200591.8538 Rx ;76acc 0.403809 -0.002197 0.898193 103.598
1770200591.8539 Rx ;36mot 0 0 0.1 0.1 0
1770200591.8550 Rx ;01vel 103.5990 0.000 0.000 0.0000 0.000 4
1770200591.8561 Rx ;26ird 0.886 0.117 3469 16482 1
1770200591.8583 Rx ;84pose 103.6020 0.723 0.198 1.5844 -2.7168
1770200591.8594 Rx ;03livn 37 35 46 76 78 41 37 48 36
1770200591.8627 Rx ;89pose 103.6070 0.723 0.198 1.5844 -2.7168
1770200591.8627 Rx ;90vel 103.6070 0.000 0.000 0.0000 0.000 4
1770200591.8628 Rx ;77liv 29 32 45 61 69 39 32 34 25
1770200591.8660 Rx ;47gyro 0.130310 -0.198364 -0.137268 103.610
1770200591.8661 Rx ;06acc 0.407715 0.000977 0.895020 103.610
1770200591.8683 Rx ;85pose 103.6120 0.723 0.198 1.5844 -2.7168
1770200591.8694 Rx ;01livn 39 36 45 77 79 42 36 46 41
1770200591.8716 Rx ;89vel 103.6150 0.000 0.000 0.0000 0.000 4
1770200591.8727 Rx ;89pose 103.6170 0.723 0.198 1.5844 -2.7167
1770200591.8749 Txd ;57leds 14 0 30 0
1770200591.8781 Rx ;90mca 0.000 0.000 16
1770200591.8782 Rx ;98gyro -0.083313 -0.045776 -0.045715 103.622
1770200591.8782 Rx ;81acc 0.404053 0.001221 0.900391 103.622
1770200591.8783 Rx ;86pose 103.6220 0.723 0.198 1.5844 -2.7168
1770200591.8794 Rx ;03livn 39 36 44 76 79 42 36 45 46
1770200591.8795 Rx ;88vel 103.6230 0.000 0.000 0.0000 0.000 4
1770200591.8817 Rx ;09ird 0.902 0.117 3434 16475 1
1770200591.8828 Rx ;90pose 103.6270 0.723 0.198 1.5844 -2.7167
1770200591.8871 Rx ;87vel 103.6310 0.000 0.000 0.0000 0.000 4
1770200591.8872 Rx ;36mot 0 0 0.1 0.1 0
1770200591.8883 Rx ;86pose 103.6320 0.723 0.198 1.5844 -2.7167
1770200591.8894 Rx ;01livn 39 36 44 76 79 43 37 45 51
1770200591.8895 Rx ;72gyro -0.205383 -0.167847 0.167908 103.634
1770200591.8895 Rx ;12acc 0.402344 0.004395 0.891357 103.634
1770200591.8928 Rx ;91pose 103.6370 0.723 0.198 1.5844 -2.7167
1770200591.8950 Rx ;95vel 103.6390 0.000 0.000 0.0000 0.000 4
1770200591.8982 Rx ;87pose 103.6420 0.723 0.198 1.5844 -2.7167
1770200591.8993 Rx ;04livn 39 36 45 76 78 42 36 45 56
1770200591.9015 Rx ;01gyro -0.113831 -0.045776 -0.106750 103.646
1770200591.9016 Rx ;25acc 0.407471 0.004883 0.895508 103.646
1770200591.9027 Rx ;92pose 103.6470 0.723 0.198 1.5844 -2.7167
1770200591.9028 Rx ;94vel 103.6470 0.000 0.000 0.0000 0.000 4
1770200591.9060 Rx ;15ird 0.921 0.118 3393 16385 1
1770200591.9082 Rx ;88pose 103.6520 0.723 0.198 1.5844 -2.7167
1770200591.9093 Rx ;89livn 40 36 45 75 78 42 36 44 61
1770200591.9105 Rx ;91mca 0.000 0.000 17
1770200591.9116 Rx ;93vel 103.6550 0.000 0.000 0.0000 0.000 4
1770200591.9127 Rx ;93pose 103.6570 0.723 0.198 1.5844 -2.7167
1770200591.9128 Rx ;63liv 33 35 42 53 70 43 33 27 25
1770200591.9139 Rx ;34gyro -0.296936 0.076294 0.137390 103.658
1770200591.9140 Rx ;34acc 0.407959 0.001953 0.897461 103.658
1770200591.9183 Rx ;88pose 103.6620 0.723 0.198 1.5844 -2.7166
1770200591.9194 Rx ;93livn 40 36 45 74 78 42 36 44 66
1770200591.9195 Rx ;92vel 103.6630 0.000 0.000 0.0000 0.000 4
1770200591.9206 Rx ;36mot 0 0 0.1 0.1 0
1770200591.9228 Rx ;93pose 103.6670 0.723 0.198 1.5844 -2.7166
1770200591.9260 Rx ;25gyro -0.052795 -0.045776 -0.167786 103.670
1770200591.9261 Rx ;61acc 0.404785 -0.000977 0.895020 103.670
1770200591.9272 Rx ;91vel 103.6710 0.000 0.000 0.0000 0.000 4
1770200591.9287 Rx ;89pose 103.6720 0.723 0.198 1.5844 -2.7166
1770200591.9288 Rx ;89livn 40 36 45 74 78 42 37 43 71
1770200591.9310 Rx ;06ird 0.917 0.117 3401 16508 1
1770200591.9332 Rx ;94pose 103.6770 0.723 0.198 1.5844 -2.7166
1770200591.9354 Rx ;99vel 103.6790 0.000 0.000 0.0000 0.000 4
1770200591.9376 Rx ;75gyro 0.069275 0.015259 0.106873 103.682
1770200591.9380 Rx ;78acc 0.401855 -0.005859 0.886719 103.682
1770200591.9381 Rx ;90pose 103.6820 0.723 0.198 1.5844 -2.7166
1770200591.9392 Rx ;96livn 40 37 46 74 78 42 37 43 76
1770200591.9435 Rx ;96pose 103.6870 0.723 0.198 1.5844 -2.7167
1770200591.9436 Rx ;98vel 103.6870 0.000 0.000 0.0000 0.000 4
1770200591.9437 Rx ;90mca 0.000 0.000 16
1770200591.9445 Txd ;21motv 0 0
1770200591.9479 Rx ;92pose 103.6920 0.723 0.198 1.5844 -2.7167
1770200591.9491 Rx ;93livn 40 37 46 74 77 42 38 44 81
1770200591.9502 Rx ;04gyro 0.130310 0.106812 -0.259338 103.694
1770200591.9503 Rx ;71acc 0.400635 -0.005859 0.899170 103.694
1770200591.9514 Rx ;97vel 103.6950 0.000 0.000 0.0000 0.000 4
1770200591.9523 Txd ;21motv 0 0
1770200591.9536 Rx ;97pose 103.6970 0.723 0.198 1.5844 -2.7167
1770200591.9537 Rx ;36mot 0 0 0.1 0.1 0
1770200591.9558 Rx ;14ird 0.921 0.117 3394 16456 1
1770200591.9580 Rx ;84pose 103.7020 0.723 0.198 1.5844 -2.7167
1770200591.9591 Rx ;96livn 40 37 46 73 77 43 37 43 86
1770200591.9592 Rx ;87vel 103.7030 0.000 0.000 0.0000 0.000 4
1770200591.9595 Txd ;21motv 0 0
1770200591.9614 Rx ;72gyro -0.174866 -0.076294 0.106873 103.706
1770200591.9615 Rx ;03acc 0.408203 0.001465 0.896240 103.706
1770200591.9637 Rx ;90pose 103.7070 0.723 0.198 1.5844 -2.7168
1770200591.9637 Rx ;75liv 31 34 47 55 66 41 36 29 25
1770200591.9670 Rx ;86vel 103.7110 0.000 0.000 0.0000 0.000 4
1770200591.9681 Rx ;86pose 103.7120 0.723 0.198 1.5844 -2.7168
1770200591.9692 Rx ;92livn 40 37 46 73 77 43 37 43 91
1770200591.9735 Rx ;91pose 103.7170 0.723 0.198 1.5844 -2.7168
1770200591.9736 Rx ;90gyro 0.069275 -0.167847 -0.289856 103.718
1770200591.9737 Rx ;46acc 0.402100 -0.000244 0.898438 103.718
1770200591.9748 Rx ;94vel 103.7190 0.000 0.000 0.0000 0.000 4
1770200591.9770 Rx ;91mca 0.000 0.000 17
1770200591.9781 Rx ;87pose 103.7220 0.723 0.198 1.5844 -2.7168
1770200591.9792 Rx ;06livn 39 37 46 73 77 43 37 43 96
1770200591.9814 Rx ;25ird 0.879 0.117 3484 16518 1
1770200591.9835 Rx ;92pose 103.7270 0.723 0.198 1.5844 -2.7168
1770200591.9836 Rx ;93vel 103.7270 0.000 0.000 0.0000 0.000 4
1770200591.9858 Rx ;60gyro -0.083313 0.198364 -0.137268 103.730
1770200591.9859 Rx ;24acc 0.399414 0.002686 0.895264 103.730
1770200591.9859 Rx ;36mot 0 0 0.1 0.1 0
1770200591.9881 Rx ;88pose 103.7320 0.723 0.198 1.5844 -2.7168
1770200591.9892 Rx ;41livn 39 37 46 73 77 43 37 43 101
1770200591.9914 Rx ;92vel 103.7350 0.000 0.000 0.0000 0.000 4
1770200591.9936 Rx ;93pose 103.7370 0.723 0.198 1.5844 -2.7168
1770200591.9979 Rx ;23gyro 0.099792 0.106812 -0.137268 103.742
1770200591.9980 Rx ;71acc 0.403809 -0.003418 0.899658 103.742
1770200591.9980 Rx ;89pose 103.7420 0.723 0.198 1.5844 -2.7168
1770200591.9992 Rx ;47livn 39 37 46 73 77 43 38 43 106
1770200591.9992 Rx ;91vel 103.7430 0.000 0.000 0.0000 0.000 4
1770200592.0036 Rx ;95pose 103.7470 0.723 0.198 1.5844 -2.7169
1770200592.0058 Rx ;19ird 0.860 0.117 3529 16468 1
1770200592.0069 Rx ;90vel 103.7510 0.000 0.000 0.0000 0.000 4
1770200592.0080 Rx ;90pose 103.7520 0.723 0.198 1.5844 -2.7168
1770200592.0091 Rx ;42livn 39 37 46 73 76 43 38 43 111
1770200592.0092 Rx ;90mca 0.000 0.000 16
1770200592.0103 Rx ;02gyro -0.083313 -0.045776 -0.106750 103.754
1770200592.0104 Rx ;63acc 0.405029 -0.002930 0.890869 103.754
1770200592.0136 Rx ;95pose 103.7570 0.723 0.198 1.5844 -2.7168
1770200592.0137 Rx ;75liv 27 36 44 56 66 43 37 30 25
1770200592.0148 Rx ;98vel 103.7590 0.000 0.000 0.0000 0.000 4
1770200592.0181 Rx ;91pose 103.7620 0.723 0.198 1.5844 -2.7168
1770200592.0192 Rx ;47livn 38 38 46 73 76 43 38 43 116
1770200592.0193 Rx ;36mot 0 0 0.1 0.1 0
1770200592.0214 Rx ;28gyro -0.083313 -0.167847 -0.289856 103.766
1770200592.0215 Rx ;62acc 0.403320 -0.002930 0.887939 103.766
1770200592.0226 Rx ;96pose 103.7670 0.723 0.198 1.5844 -2.7168
1770200592.0227 Rx ;97vel 103.7670 0.000 0.000 0.0000 0.000 4
1770200592.0280 Rx ;92pose 103.7720 0.723 0.198 1.5844 -2.7168
1770200592.0292 Rx ;42livn 38 37 46 73 76 43 38 43 121
1770200592.0314 Rx ;96vel 103.7750 0.000 0.000 0.0000 0.000 4
1770200592.0314 Rx ;10ird 0.862 0.118 3525 16442 1
1770200592.0336 Rx ;97pose 103.7770 0.723 0.198 1.5844 -2.7168
1770200592.0337 Rx ;63gyro -0.235901 -0.289917 0.015320 103.778
1770200592.0338 Rx ;64acc 0.409180 -0.002930 0.889404 103.778
1770200592.0380 Rx ;93pose 103.7820 0.723 0.198 1.5844 -2.7168
1770200592.0392 Rx ;50livn 38 38 46 73 76 43 39 44 126
1770200592.0392 Rx ;95vel 103.7830 0.000 0.000 0.0000 0.000 4
1770200592.0435 Rx ;91mca 0.000 0.000 17
1770200592.0436 Rx ;98pose 103.7870 0.723 0.198 1.5844 -2.7168
1770200592.0458 Rx ;95gyro -0.022278 -0.106812 -0.076233 103.790
1770200592.0458 Rx ;19acc 0.407715 0.002197 0.893066 103.790
1770200592.0470 Rx ;94vel 103.7910 0.000 0.000 0.0000 0.000 4
1770200592.0481 Rx ;94pose 103.7920 0.723 0.198 1.5844 -2.7168
1770200592.0492 Rx ;46livn 38 38 46 73 76 43 39 44 131
1770200592.0525 Rx ;36mot 0 0 0.1 0.1 0
1770200592.0536 Rx ;99pose 103.7970 0.723 0.198 1.5844 -2.7168
1770200592.0547 Rx ;03vel 103.7990 0.000 0.000 0.0000 0.000 4
1770200592.0558 Rx ;18ird 0.891 0.117 3458 16444 1
1770200592.0580 Rx ;83gyro -0.113831 -0.106812 -0.106750 103.802
1770200592.0581 Rx ;50acc 0.404297 -0.001221 0.895508 103.802
1770200592.0582 Rx ;86pose 103.8020 0.723 0.198 1.5844 -2.7168
1770200592.0593 Rx ;49livn 37 37 46 73 76 43 39 44 136
1770200592.0637 Rx ;91pose 103.8070 0.723 0.198 1.5844 -2.7168
1770200592.0637 Rx ;92vel 103.8070 0.000 0.000 0.0000 0.000 4
1770200592.0638 Rx ;77liv 25 34 45 56 66 38 35 33 25
1770200592.0681 Rx ;87pose 103.8120 0.723 0.198 1.5844 -2.7168
1770200592.0693 Rx ;43livn 37 37 46 73 76 42 38 44 141
1770200592.0704 Rx ;96gyro 0.130310 0.076294 -0.106750 103.814
1770200592.0705 Rx ;09acc 0.398926 0.002197 0.902100 103.814
1770200592.0716 Rx ;91vel 103.8150 0.000 0.000 0.0000 0.000 4
1770200592.0728 Rx ;92pose 103.8170 0.723 0.198 1.5844 -2.7168
1770200592.0757 Txd ;64leds 14 0 55 0
1770200592.0760 Rx ;90mca 0.000 0.000 16
1770200592.0782 Rx ;89pose 103.8220 0.723 0.198 1.5844 -2.7169
1770200592.0794 Rx ;50livn 37 37 46 73 76 42 39 45 146
1770200592.0794 Rx ;90vel 103.8230 0.000 0.000 0.0000 0.000 4
1770200592.0816 Rx ;02ird 0.912 0.118 3412 16362 1
1770200592.0817 Rx ;40gyro -0.113831 -0.015259 0.015320 103.826
1770200592.0818 Rx ;10acc 0.402832 0.003418 0.892822 103.826
1770200592.0829 Rx ;94pose 103.8270 0.723 0.198 1.5844 -2.7169
1770200592.0851 Rx ;36mot 0 0 0.1 0.1 0
1770200592.0873 Rx ;89vel 103.8310 0.000 0.000 0.0000 0.000 4
1770200592.0884 Rx ;90pose 103.8320 0.723 0.198 1.5844 -2.7169
1770200592.0896 Rx ;46livn 37 37 46 73 76 42 39 45 151
1770200592.0928 Rx ;95pose 103.8370 0.723 0.198 1.5844 -2.7169
1770200592.0940 Rx ;04gyro -0.022278 -0.015259 -0.045715 103.838
1770200592.0941 Rx ;62acc 0.404053 -0.001465 0.898193 103.838
1770200592.0953 Rx ;97vel 103.8390 0.000 0.000 0.0000 0.000 4
1770200592.0986 Rx ;91pose 103.8420 0.723 0.198 1.5844 -2.7169
1770200592.0987 Rx ;51livn 37 37 46 73 76 42 39 45 156
1770200592.1030 Rx ;96pose 103.8470 0.723 0.198 1.5844 -2.7169
1770200592.1031 Rx ;96vel 103.8470 0.000 0.000 0.0000 0.000 4
1770200592.1063 Rx ;77gyro 0.069275 -0.198364 -0.259338 103.850
1770200592.1064 Rx ;58acc 0.404541 -0.003418 0.888428 103.850
1770200592.1065 Rx ;15ird 0.865 0.117 3516 16490 1
1770200592.1087 Rx ;92pose 103.8520 0.723 0.198 1.5844 -2.7169
1770200592.1088 Rx ;91mca 0.000 0.000 17
1770200592.1088 Rx ;46livn 37 37 46 73 76 42 39 44 161
1770200592.1110 Rx ;95vel 103.8550 0.000 0.000 0.0000 0.000 4
1770200592.1132 Rx ;97pose 103.8570 0.723 0.198 1.5844 -2.7169
1770200592.1133 Rx ;60liv 24 30 41 56 66 40 36 31 25
1770200592.1176 Rx ;98gyro -0.022278 -0.106812 -0.015198 103.862
1770200592.1177 Rx ;63acc 0.405762 -0.007080 0.895508 103.862
1770200592.1178 Rx ;93pose 103.8620 0.723 0.198 1.5844 -2.7169
1770200592.1178 Rx ;36mot 0 0 0.1 0.1 0
1770200592.1189 Rx ;51livn 37 37 46 73 76 42 39 44 166
1770200592.1190 Rx ;94vel 103.8630 0.000 0.000 0.0000 0.000 4
1770200592.1233 Rx ;98pose 103.8670 0.723 0.198 1.5844 -2.7169
1770200592.1276 Rx ;93vel 103.8710 0.000 0.000 0.0000 0.000 4
1770200592.1277 Rx ;94pose 103.8720 0.723 0.198 1.5844 -2.7169
1770200592.1288 Rx ;47livn 37 37 46 73 76 42 39 44 171
1770200592.1300 Rx ;11gyro 0.008240 0.015259 -0.137268 103.874
1770200592.1301 Rx ;03acc 0.401123 0.001709 0.894043 103.874
1770200592.1312 Rx ;20ird 0.885 0.117 3471 16466 1
1770200592.1335 Rx ;99pose 103.8770 0.723 0.198 1.5844 -2.7169
1770200592.1357 Rx ;02vel 103.8790 0.000 0.000 0.0000 0.000 4
1770200592.1379 Rx ;95pose 103.8820 0.723 0.198 1.5844 -2.7169
1770200592.1392 Rx ;49livn 36 37 46 73 75 42 38 44 176
1770200592.1415 Rx ;72gyro 0.038757 -0.015259 -0.198303 103.886
1770200592.1416 Rx ;60acc 0.402100 -0.005615 0.896729 103.886
1770200592.1416 Rx ;90mca 0.000 0.000 16
1770200592.1438 Rx ;92pose 103.8870 0.723 0.198 1.5844 -2.7170
1770200592.1439 Rx ;01vel 103.8870 0.000 0.000 0.0000 0.000 4
1770200592.1456 Qu 1 ;99!leds 16 0 64 0
1770200592.1461 Tx ;99!leds 16 0 64 0
1770200592.1472 Rx ;89confirm !leds 16 0 64 0
1770200592.1483 Rx ;88pose 103.8920 0.723 0.198 1.5844 -2.7170
1770200592.1494 Rx ;45livn 36 37 46 73 75 41 39 44 181
1770200592.1516 Rx ;99vel 103.8950 0.000 0.000 0.0000 0.000 4
1770200592.1517 Rx ;36mot 0 0 0.1 0.1 0
1770200592.1528 Rx ;93pose 103.8970 0.723 0.198 1.5844 -2.7170
1770200592.1539 Rx ;65gyro -0.144348 0.106812 -0.198303 103.898
1770200592.1540 Rx ;14acc 0.405762 0.002441 0.891602 103.898
1770200592.1562 Rx ;17ird 0.909 0.117 3418 16555 1
1770200592.1584 Rx ;80pose 103.9020 0.723 0.198 1.5844 -2.7170
1770200592.1595 Rx ;50livn 36 37 46 73 75 41 39 44 186
1770200592.1596 Rx ;89vel 103.9030 0.000 0.000 0.0000 0.000 4
1770200592.1628 Rx ;71liv 23 34 47 55 63 36 35 33 25
1770200592.1629 Rx ;85pose 103.9070 0.723 0.198 1.5844 -2.7170
1770200592.1661 Rx ;97gyro 0.038757 -0.106812 0.015320 103.910
1770200592.1662 Rx ;01acc 0.405273 0.002197 0.900635 103.910
1770200592.1673 Rx ;88vel 103.9110 0.000 0.000 0.0000 0.000 4
1770200592.1685 Rx ;81pose 103.9120 0.723 0.198 1.5844 -2.7170
1770200592.1696 Rx ;45livn 36 37 46 73 75 41 38 44 191
1770200592.1729 Rx ;86pose 103.9170 0.723 0.198 1.5844 -2.7170
1770200592.1751 Rx ;91mca 0.000 0.000 17
1770200592.1751 Rx ;96vel 103.9190 0.000 0.000 0.0000 0.000 4
1770200592.1783 Rx ;10gyro -0.144348 -0.045776 -0.198303 103.922
1770200592.1784 Rx ;48acc 0.408203 -0.002441 0.885742 103.922
1770200592.1785 Rx ;82pose 103.9220 0.723 0.198 1.5844 -2.7170
1770200592.1796 Rx ;50livn 36 37 46 73 75 41 38 44 196
1770200592.1807 Rx ;12ird 0.905 0.117 3426 16528 1
1770200592.1829 Rx ;95vel 103.9270 0.000 0.000 0.0000 0.000 4
1770200592.1830 Rx ;87pose 103.9270 0.723 0.198 1.5844 -2.7170
1770200592.1841 Rx ;36mot 0 0 0.1 0.1 0
1770200592.1884 Rx ;83pose 103.9320 0.723 0.198 1.5844 -2.7170
1770200592.1895 Rx ;37livn 36 37 46 73 75 41 38 44 201
1770200592.1896 Rx ;02gyro -0.144348 0.015259 0.015320 103.934
1770200592.1897 Rx ;64acc 0.402344 -0.002686 0.895752 103.934
1770200592.1908 Rx ;94vel 103.9350 0.000 0.000 0.0000 0.000 4
1770200592.1930 Rx ;88pose 103.9370 0.723 0.198 1.5844 -2.7170
1770200592.1983 Rx ;84pose 103.9420 0.723 0.198 1.5844 -2.7170
1770200592.1995 Rx ;42livn 36 37 46 73 75 41 38 44 206
1770200592.1995 Rx ;93vel 103.9430 0.000 0.000 0.0000 0.000 4
1770200592.2017 Rx ;89gyro 0.099792 -0.289917 -0.015198 103.946
1770200592.2018 Rx ;09acc 0.405762 0.000000 0.894287 103.946
1770200592.2029 Rx ;89pose 103.9470 0.723 0.198 1.5844 -2.7170
1770200592.2062 Rx ;07ird 0.922 0.118 3391 16414 1
1770200592.2073 Rx ;92vel 103.9510 0.000 0.000 0.0000 0.000 4
1770200592.2084 Rx ;90mca 0.000 0.000 16
1770200592.2085 Rx ;85pose 103.9520 0.723 0.198 1.5844 -2.7170
1770200592.2096 Rx ;36livn 35 36 46 73 75 41 38 44 211
1770200592.2128 Rx ;79liv 25 28 44 57 67 37 31 27 25
1770200592.2129 Rx ;90pose 103.9570 0.723 0.198 1.5844 -2.7170
1770200592.2140 Rx ;68gyro -0.296936 0.106812 -0.106750 103.958
1770200592.2141 Rx ;64acc 0.406006 -0.005127 0.894287 103.958
1770200592.2152 Rx ;01vel 103.9590 0.000 0.000 0.0000 0.000 4
1770200592.2174 Rx ;36mot 0 0 0.1 0.1 0
1770200592.2185 Rx ;86pose 103.9620 0.723 0.198 1.5844 -2.7170
1770200592.2196 Rx ;41livn 35 36 46 73 75 41 38 44 216
1770200592.2229 Rx ;99vel 103.9670 0.000 0.000 0.0000 0.000 4
1770200592.2229 Rx ;91pose 103.9670 0.723 0.198 1.5844 -2.7170
1770200592.2262 Rx ;74gyro -0.205383 0.076294 -0.167786 103.970
1770200592.2263 Rx ;14acc 0.403320 0.001465 0.896973 103.970
1770200592.2285 Rx ;87pose 103.9720 0.723 0.198 1.5844 -2.7170
1770200592.2296 Rx ;37livn 35 36 46 73 75 41 38 44 221
1770200592.2318 Rx ;12ird 0.916 0.117 3403 16468 1
1770200592.2318 Rx ;98vel 103.9750 0.000 0.000 0.0000 0.000 4
1770200592.2330 Rx ;92pose 103.9770 0.723 0.198 1.5844 -2.7170
1770200592.2383 Rx ;71gyro -0.205383 0.015259 -0.167786 103.982
1770200592.2384 Rx ;60acc 0.402344 -0.001221 0.893799 103.982
1770200592.2385 Rx ;88pose 103.9820 0.723 0.198 1.5844 -2.7170
1770200592.2396 Rx ;42livn 35 36 46 73 75 41 38 44 226
1770200592.2397 Rx ;97vel 103.9830 0.000 0.000 0.0000 0.000 4
1770200592.2408 Rx ;91mca 0.000 0.000 17
1770200592.2430 Rx ;93pose 103.9870 0.723 0.198 1.5844 -2.7170
1770200592.2473 Rx ;96vel 103.9910 0.000 0.000 0.0000 0.000 4
1770200592.2484 Rx ;89pose 103.9920 0.723 0.198 1.5844 -2.7170
1770200592.2495 Rx ;38livn 35 36 46 73 75 41 38 44 231
1770200592.2496 Rx ;35gyro -0.052795 0.228882 0.076355 103.994
1770200592.2497 Rx ;60acc 0.404053 -0.003418 0.887451 103.994
1770200592.2508 Rx ;36mot 0 0 0.1 0.1 0
1770200592.2530 Rx ;94pose 103.9970 0.723 0.198 1.5844 -2.7170
1770200592.2551 Rx ;05vel 103.9990 0.000 0.000 0.0000 0.000 4
1770200592.2563 Rx ;08ird 0.916 0.118 3404 16390 1
1770200592.2585 Rx ;72pose 104.0020 0.723 0.198 1.5844 -2.7170
1770200592.2596 Rx ;43livn 35 36 46 73 75 41 38 44 236
1770200592.2618 Rx ;03gyro 0.008240 0.045776 -0.015198 104.006
1770200592.2618 Rx ;55acc 0.408447 -0.004150 0.894287 104.006
1770200592.2630 Rx ;66liv 27 28 44 61 71 40 37 31 25
1770200592.2630 Rx ;85vel 104.0070 0.000 0.000 0.0000 0.000 4
1770200592.2631 Rx ;77pose 104.0070 0.723 0.198 1.5844 -2.7170
1770200592.2653 Rx ;40hbt 104.0090 107 1033 15.66 4 8 8.9 0.31 0
1770200592.2685 Rx ;73pose 104.0120 0.723 0.198 1.5844 -2.7170
1770200592.2697 Rx ;39livn 35 36 46 73 75 41 38 44 241
1770200592.2708 Rx ;84vel 104.0150 0.000 0.000 0.0000 0.000 4
1770200592.2730 Rx ;78pose 104.0170 0.723 0.198 1.5844 -2.7170
1770200592.2741 Rx ;60gyro -0.205383 0.076294 -0.137268 104.018
1770200592.2742 Rx ;47acc 0.404053 -0.003174 0.900879 104.018
1770200592.2743 Rx ;90mca 0.000 0.000 16
1770200592.2765 Txd ;62leds 14 0 80 0
1770200592.2785 Rx ;74pose 104.0220 0.723 0.198 1.5844 -2.7170
1770200592.2797 Rx ;44livn 35 36 46 73 75 41 38 44 246
1770200592.2797 Rx ;83vel 104.0230 0.000 0.000 0.0000 0.000 4
1770200592.2809 Rx ;17ird 0.921 0.117 3393 16478 1
1770200592.2831 Rx ;79pose 104.0270 0.723 0.198 1.5844 -2.7170
1770200592.2842 Rx ;36mot 0 0 0.1 0.1 0
1770200592.2864 Rx ;53gyro 0.038757 -0.106812 -0.137268 104.030
1770200592.2864 Rx ;46acc 0.403809 -0.004639 0.891113 104.030
1770200592.2876 Rx ;82vel 104.0310 0.000 0.000 0.0000 0.000 4
1770200592.2887 Rx ;75pose 104.0320 0.723 0.198 1.5844 -2.7170
1770200592.2888 Rx ;40livn 35 36 46 73 75 41 38 44 251
1770200592.2931 Rx ;80pose 104.0370 0.723 0.198 1.5844 -2.7170
1770200592.2953 Rx ;90vel 104.0390 0.000 0.000 0.0000 0.000 4
1770200592.2975 Rx ;72gyro 0.038757 -0.198364 -0.259338 104.042
1770200592.2975 Rx ;43acc 0.401123 -0.001953 0.897217 104.042
1770200592.2987 Rx ;76pose 104.0420 0.723 0.198 1.5844 -2.7170
1770200592.2987 Rx ;48livn 36 36 46 74 76 41 38 44 256
1770200592.3030 Rx ;89vel 104.0470 0.000 0.000 0.0000 0.000 4
1770200592.3031 Rx ;81pose 104.0470 0.723 0.198 1.5844 -2.7170
1770200592.3063 Rx ;03ird 0.912 0.117 3412 16445 1
1770200592.3075 Rx ;91mca 0.000 0.000 17
1770200592.3086 Rx ;78pose 104.0520 0.723 0.198 1.5844 -2.7171
1770200592.3087 Rx ;43livn 36 36 46 73 76 41 38 44 261
1770200592.3098 Rx ;15gyro -0.052795 -0.228882 -0.137268 104.054
1770200592.3099 Rx ;25acc 0.402588 0.000488 0.890869 104.054
1770200592.3110 Rx ;88vel 104.0550 0.000 0.000 0.0000 0.000 4
1770200592.3132 Rx ;70liv 29 31 43 56 70 39 34 32 25
1770200592.3132 Rx ;83pose 104.0570 0.723 0.198 1.5844 -2.7171
1770200592.3175 Rx ;36mot 0 0 0.1 0.1 0
1770200592.3186 Rx ;80pose 104.0630 0.723 0.198 1.5844 -2.7171
1770200592.3187 Rx ;48livn 36 36 46 73 76 41 38 44 266
1770200592.3189 Rx ;87vel 104.0630 0.000 0.000 0.0000 0.000 4
1770200592.3221 Rx ;48gyro -0.174866 -0.106812 0.015320 104.066
1770200592.3222 Rx ;13acc 0.403809 0.000488 0.890137 104.066
1770200592.3233 Rx ;85pose 104.0680 0.723 0.198 1.5844 -2.7171
1770200592.3276 Rx ;86vel 104.0710 0.000 0.000 0.0000 0.000 4
1770200592.3287 Rx ;81pose 104.0730 0.723 0.198 1.5844 -2.7171
1770200592.3288 Rx ;45livn 36 36 46 74 76 41 38 44 271
1770200592.3310 Rx ;25ird 0.924 0.117 3387 16498 1
1770200592.3333 Rx ;86pose 104.0780 0.723 0.198 1.5844 -2.7171
1770200592.3344 Rx ;60gyro -0.113831 0.045776 -0.015198 104.078
1770200592.3345 Rx ;52acc 0.405273 -0.003662 0.893311 104.078
1770200592.3356 Rx ;94vel 104.0790 0.000 0.000 0.0000 0.000 4
1770200592.3390 Rx ;81pose 104.0830 0.723 0.198 1.5844 -2.7170
1770200592.3392 Rx ;49livn 36 36 46 73 76 41 38 44 276
1770200592.3403 Rx ;90mca 0.000 0.000 16
1770200592.3436 Rx ;93vel 104.0870 0.000 0.000 0.0000 0.000 4
1770200592.3436 Rx ;86pose 104.0880 0.723 0.198 1.5844 -2.7170
1770200592.3458 Rx ;70gyro 0.099792 -0.076294 -0.045715 104.090
1770200592.3459 Rx ;92acc 0.403076 0.000244 0.893311 104.090
1770200592.3481 Rx ;82pose 104.0930 0.723 0.198 1.5844 -2.7170
1770200592.3493 Rx ;45livn 36 36 46 73 76 41 38 44 281
1770200592.3504 Rx ;36mot 0 0 0.1 0.1 0
1770200592.3515 Rx ;92vel 104.0950 0.000 0.000 0.0000 0.000 4
1770200592.3537 Rx ;87pose 104.0980 0.723 0.198 1.5844 -2.7170
1770200592.3559 Rx ;01ird 0.914 0.117 3407 16500 1
1770200592.3581 Rx ;52gyro -0.022278 0.045776 -0.198303 104.102
1770200592.3582 Rx ;37acc 0.405273 -0.003174 0.895020 104.102
1770200592.3583 Rx ;74pose 104.1030 0.723 0.198 1.5844 -2.7170
1770200592.3594 Rx ;50livn 36 36 46 73 76 41 38 44 286
1770200592.3595 Rx ;82vel 104.1030 0.000 0.000 0.0000 0.000 4
1770200592.3628 Rx ;71liv 32 34 43 56 66 39 35 30 25
1770200592.3640 Rx ;79pose 104.1080 0.723 0.198 1.5844 -2.7170
1770200592.3673 Rx ;81vel 104.1110 0.000 0.000 0.0000 0.000 4
1770200592.3684 Rx ;75pose 104.1130 0.723 0.198 1.5844 -2.7170
1770200592.3695 Rx ;46livn 36 36 46 73 76 41 38 44 291
1770200592.3696 Rx ;75gyro 0.099792 -0.259399 -0.076233 104.114
1770200592.3697 Rx ;70acc 0.404541 -0.008789 0.888916 104.114
1770200592.3729 Rx ;91mca 0.000 0.000 17
1770200592.3730 Rx ;80pose 104.1180 0.723 0.198 1.5844 -2.7170
1770200592.3753 Rx ;89vel 104.1190 0.000 0.000 0.0000 0.000 4
1770200592.3786 Rx ;76pose 104.1230 0.723 0.198 1.5844 -2.7170
1770200592.3787 Rx ;52livn 36 36 46 73 76 41 39 44 296
1770200592.3809 Rx ;15ird 0.915 0.118 3406 16387 1
1770200592.3820 Rx ;17gyro -0.083313 0.045776 0.167908 104.126
1770200592.3821 Rx ;53acc 0.402344 -0.003662 0.897705 104.126
1770200592.3832 Rx ;36mot 0 0 0.1 0.1 0
1770200592.3833 Rx ;88vel 104.1270 0.000 0.000 0.0000 0.000 4
1770200592.3835 Rx ;81pose 104.1280 0.723 0.198 1.5844 -2.7170
1770200592.3888 Rx ;77pose 104.1330 0.723 0.198 1.5844 -2.7170
1770200592.3889 Rx ;39livn 36 36 46 73 76 41 39 44 301
1770200592.3911 Rx ;87vel 104.1350 0.000 0.000 0.0000 0.000 4
1770200592.3933 Rx ;82pose 104.1380 0.723 0.198 1.5844 -2.7170
1770200592.3934 Rx ;46gyro -0.083313 0.106812 -0.228821 104.138
1770200592.3935 Rx ;55acc 0.405762 -0.004150 0.893555 104.138
1770200592.3989 Rx ;78pose 104.1430 0.723 0.198 1.5844 -2.7170
1770200592.3990 Rx ;35livn 39 36 51 82 82 48 40 41 5
1770200592.3991 Rx ;86vel 104.1430 0.000 0.000 0.0000 0.000 4
1770200592.4034 Rx ;83pose 104.1480 0.723 0.198 1.5844 -2.7170
1770200592.4056 Rx ;30gyro 0.130310 -0.320435 -0.015198 104.150
1770200592.4057 Rx ;45acc 0.406250 -0.003174 0.891357 104.150
1770200592.4058 Rx ;90mca 0.000 0.000 16
1770200592.4058 Rx ;17ird 0.886 0.117 3468 16501 1
1770200592.4069 Rx ;85vel 104.1510 0.000 0.000 0.0000 0.000 4
1770200592.4081 Rx ;79pose 104.1530 0.723 0.198 1.5844 -2.7170
1770200592.4093 Rx ;94livn 37 36 49 78 81 45 39 42 10
1770200592.4136 Rx ;79liv 28 34 46 58 73 44 38 31 25
1770200592.4137 Rx ;84pose 104.1580 0.723 0.198 1.5844 -2.7170
1770200592.4148 Rx ;93vel 104.1590 0.000 0.000 0.0000 0.000 4
1770200592.4160 Rx ;36mot 0 0 0.1 0.1 0
1770200592.4182 Rx ;59gyro -0.144348 -0.137329 0.076355 104.162
1770200592.4183 Rx ;17acc 0.404297 0.001709 0.891846 104.162
1770200592.4183 Rx ;80pose 104.1630 0.723 0.198 1.5844 -2.7170
1770200592.4194 Rx ;80livn 35 40 48 76 80 46 41 40 15
1770200592.4238 Rx ;92vel 104.1670 0.000 0.000 0.0000 0.000 4
1770200592.4239 Rx ;85pose 104.1680 0.723 0.198 1.5844 -2.7170
1770200592.4281 Rx ;81pose 104.1730 0.723 0.198 1.5844 -2.7170
1770200592.4293 Rx ;89livn 31 39 48 76 79 46 41 41 20
1770200592.4304 Rx ;97gyro 0.008240 0.106812 -0.015198 104.174
1770200592.4305 Rx ;97acc 0.401611 0.000244 0.895264 104.174
1770200592.4316 Rx ;13ird 0.858 0.118 3533 16432 1
1770200592.4317 Rx ;92vel 104.1760 0.000 0.000 0.0000 0.000 4
1770200592.4339 Rx ;86pose 104.1780 0.723 0.198 1.5844 -2.7170
1770200592.4383 Rx ;82pose 104.1830 0.723 0.198 1.5844 -2.7170
1770200592.4394 Rx ;91mca 0.000 0.000 17
1770200592.4395 Rx ;93livn 33 41 49 77 79 46 41 43 25
1770200592.4396 Rx ;91vel 104.1840 0.000 0.000 0.0000 0.000 4
1770200592.4417 Rx ;24gyro -0.144348 -0.045776 -0.167786 104.186
1770200592.4418 Rx ;66acc 0.401855 -0.003418 0.894287 104.186
1770200592.4440 Rx ;87pose 104.1880 0.723 0.198 1.5844 -2.7170
1770200592.4473 Rx ;90vel 104.1920 0.000 0.000 0.0000 0.000 4
1770200592.4481 Txd ;21motv 0 0
1770200592.4484 Rx ;83pose 104.1930 0.723 0.198 1.5844 -2.7170
1770200592.4485 Rx ;36mot 0 0 0.1 0.1 0
1770200592.4496 Rx ;88livn 34 40 49 76 78 45 42 44 30
1770200592.4540 Rx ;88pose 104.1980 0.723 0.198 1.5844 -2.7170
1770200592.4541 Rx ;76gyro -0.052795 0.167847 -0.045715 104.198
1770200592.4541 Rx ;57acc 0.405273 -0.001221 0.894287 104.198
1770200592.4553 Rx ;80vel 104.2000 0.000 0.000 0.0000 0.000 4
1770200592.4564 Rx ;10ird 0.906 0.117 3425 16481 1
1770200592.4565 Txd ;21motv 0 0
1770200592.4586 Rx ;75pose 104.2030 0.723 0.198 1.5844 -2.7170
1770200592.4587 Rx ;91livn 34 40 48 75 77 45 42 45 35
1770200592.4630 Rx ;82liv 26 39 46 55 66 43 39 32 25
1770200592.4631 Rx ;88vel 104.2080 0.000 0.000 0.0000 0.000 4
1770200592.4638 Txd ;21motv 0 0
1770200592.4642 Rx ;80pose 104.2080 0.723 0.198 1.5844 -2.7170
1770200592.4664 Rx ;17gyro -0.144348 0.045776 0.167908 104.210
1770200592.4665 Rx ;01acc 0.403320 0.001465 0.896729 104.210
1770200592.4687 Rx ;76pose 104.2130 0.723 0.198 1.5844 -2.7170
1770200592.4688 Rx ;84livn 34 40 48 74 76 44 42 45 40
1770200592.4709 Rx ;87vel 104.2160 0.000 0.000 0.0000 0.000 4
1770200592.4721 Rx ;90mca 0.000 0.000 16
1770200592.4742 Rx ;81pose 104.2180 0.723 0.198 1.5844 -2.7170
1770200592.4773 Txd ;09leds 14 0 105 0
1770200592.4775 Rx ;22gyro 0.069275 0.167847 -0.198303 104.222
1770200592.4776 Rx ;14acc 0.404053 0.000488 0.887695 104.222
1770200592.4787 Rx ;77pose 104.2230 0.723 0.198 1.5844 -2.7170
1770200592.4788 Rx ;98livn 33 39 48 75 76 45 42 45 45
1770200592.4789 Rx ;86vel 104.2240 0.000 0.000 0.0000 0.000 4
1770200592.4811 Rx ;12ird 0.881 0.117 3480 16471 1
1770200592.4822 Rx ;36mot 0 0 0.1 0.1 0
1770200592.4844 Rx ;82pose 104.2280 0.723 0.198 1.5844 -2.7170
1770200592.4877 Rx ;85vel 104.2320 0.000 0.000 0.0000 0.000 4
1770200592.4888 Rx ;78pose 104.2330 0.723 0.198 1.5844 -2.7170
1770200592.4889 Rx ;92livn 34 39 48 75 76 44 41 44 50
1770200592.4900 Rx ;47gyro -0.113831 0.015259 -0.015198 104.234
1770200592.4901 Rx ;55acc 0.405518 -0.005371 0.891357 104.234
1770200592.4945 Rx ;83pose 104.2380 0.723 0.198 1.5844 -2.7170
1770200592.4956 Rx ;84vel 104.2400 0.000 0.000 0.0000 0.000 4
1770200592.4989 Rx ;79pose 104.2430 0.723 0.198 1.5844 -2.7170
1770200592.4990 Rx ;97livn 34 39 48 75 76 44 41 44 55
1770200592.5022 Rx ;95gyro -0.113831 -0.015259 -0.015198 104.246
1770200592.5023 Rx ;97acc 0.406250 0.000732 0.894043 104.246
1770200592.5035 Rx ;92vel 104.2480 0.000 0.000 0.0000 0.000 4
1770200592.5036 Rx ;84pose 104.2480 0.723 0.198 1.5844 -2.7170
1770200592.5048 Rx ;91mca 0.000 0.000 17
1770200592.5059 Rx ;16ird 0.862 0.117 3525 16476 1
1770200592.5092 Rx ;80pose 104.2530 0.723 0.198 1.5844 -2.7170
1770200592.5092 Rx ;83livn 33 39 50 74 75 43 41 45 60
1770200592.5114 Rx ;91vel 104.2560 0.000 0.000 0.0000 0.000 4
1770200592.5136 Rx ;72liv 24 33 49 57 65 41 35 32 25
1770200592.5137 Rx ;14gyro -0.052795 -0.198364 -0.106750 104.258
1770200592.5138 Rx ;58acc 0.412354 -0.001709 0.891357 104.258
1770200592.5139 Rx ;93pose 104.2580 0.723 0.198 1.5844 -2.7169
1770200592.5150 Rx ;36mot 0 0 0.1 0.1 0
1770200592.5193 Rx ;89pose 104.2630 0.723 0.198 1.5844 -2.7169
1770200592.5194 Rx ;97livn 33 39 49 74 75 44 41 45 65
1770200592.5194 Rx ;90vel 104.2640 0.000 0.000 0.0000 0.000 4
1770200592.5237 Rx ;94pose 104.2680 0.723 0.198 1.5844 -2.7169
1770200592.5259 Rx ;74gyro -0.144348 0.076294 -0.289856 104.270
1770200592.5260 Rx ;70acc 0.409424 -0.004395 0.889648 104.270
1770200592.5271 Rx ;89vel 104.2720 0.000 0.000 0.0000 0.000 4
1770200592.5294 Rx ;89pose 104.2730 0.723 0.198 1.5844 -2.7168
1770200592.5295 Rx ;94livn 34 39 49 74 75 44 41 45 70
1770200592.5317 Rx ;03ird 0.902 0.117 3434 16460 1
1770200592.5339 Rx ;94pose 104.2780 0.723 0.198 1.5844 -2.7168
1770200592.5351 Rx ;88vel 104.2800 0.000 0.000 0.0000 0.000 4
1770200592.5384 Rx ;10gyro -0.144348 -0.045776 -0.198303 104.282
1770200592.5385 Rx ;56acc 0.409912 -0.007080 0.890625 104.282
1770200592.5386 Rx ;90mca 0.000 0.000 16
1770200592.5387 Rx ;90pose 104.2830 0.723 0.198 1.5844 -2.7168
1770200592.5398 Rx ;99livn 34 39 49 74 75 44 41 45 75
1770200592.5430 Rx ;96vel 104.2880 0.000 0.000 0.0000 0.000 4
1770200592.5442 Rx ;95pose 104.2880 0.723 0.198 1.5844 -2.7168
1770200592.5482 Qu 1 ;44!leds 16 0 30 30
1770200592.5485 Tx ;44!leds 16 0 30 30
1770200592.5485 Rx ;36mot 0 0 0.1 0.1 0
1770200592.5486 Rx ;90pose 104.2930 0.723 0.198 1.5844 -2.7167
1770200592.5487 Rx ;34confirm !leds 16 0 30 30
1770200592.5497 Rx ;94livn 34 39 49 75 75 43 41 44 80
1770200592.5498 Rx ;39gyro 0.038757 0.259399 -0.137268 104.294
1770200592.5499 Rx ;64acc 0.406738 -0.003418 0.892822 104.294
1770200592.5510 Rx ;95vel 104.2960 0.000 0.000 0.0000 0.000 4
1770200592.5543 Rx ;95pose 104.2980 0.723 0.198 1.5844 -2.7167
1770200592.5564 Rx ;09ird 0.921 0.118 3393 16433 1
1770200592.5586 Rx ;82pose 104.3030 0.723 0.198 1.5844 -2.7167
1770200592.5598 Rx ;01livn 34 39 49 75 75 43 41 45 85
1770200592.5598 Rx ;85vel 104.3040 0.000 0.000 0.0000 0.000 4
1770200592.5621 Rx ;62gyro 0.038757 -0.137329 -0.411926 104.306
1770200592.5621 Rx ;55acc 0.399902 -0.002441 0.892334 104.306
1770200592.5633 Rx ;68liv 31 36 46 60 67 41 38 31 25
1770200592.5644 Rx ;87pose 104.3080 0.723 0.198 1.5844 -2.7167
1770200592.5676 Rx ;84vel 104.3120 0.000 0.000 0.0000 0.000 4
1770200592.5687 Rx ;83pose 104.3130 0.723 0.198 1.5844 -2.7167
1770200592.5688 Rx ;97livn 35 39 49 75 75 43 41 45 90
1770200592.5710 Rx ;91mca 0.000 0.000 17
1770200592.5742 Rx ;40gyro 0.038757 0.167847 -0.167786 104.318
1770200592.5743 Rx ;06acc 0.399170 0.000000 0.891846 104.318
1770200592.5744 Rx ;88pose 104.3180 0.723 0.198 1.5844 -2.7167
1770200592.5755 Rx ;83vel 104.3200 0.000 0.000 0.0000 0.000 4
1770200592.5788 Rx ;84pose 104.3230 0.723 0.198 1.5844 -2.7167
1770200592.5788 Rx ;93livn 35 40 49 75 75 42 41 45 95
1770200592.5810 Rx ;36mot 0 0 0.1 0.1 0
1770200592.5810 Rx ;26ird 0.919 0.116 3397 16675 1
1770200592.5832 Rx ;91vel 104.3280 0.000 0.000 0.0000 0.000 4
1770200592.5843 Rx ;89pose 104.3280 0.723 0.198 1.5844 -2.7167
1770200592.5855 Rx ;21gyro 0.008240 0.289917 -0.167786 104.330
1770200592.5855 Rx ;18acc 0.399170 0.001953 0.895752 104.330
1770200592.5888 Rx ;86pose 104.3330 0.723 0.198 1.5844 -2.7168
1770200592.5889 Rx ;23livn 34 40 50 76 75 42 41 47 100
1770200592.5910 Rx ;90vel 104.3360 0.000 0.000 0.0000 0.000 4
1770200592.5943 Rx ;91pose 104.3380 0.723 0.198 1.5844 -2.7168
1770200592.5975 Rx ;02gyro -0.144348 -0.045776 -0.106750 104.342
1770200592.5976 Rx ;15acc 0.402588 0.000488 0.890625 104.342
1770200592.5987 Rx ;87pose 104.3430 0.723 0.198 1.5844 -2.7168
1770200592.5988 Rx ;44livn 34 39 49 76 75 42 41 47 105
1770200592.5989 Rx ;89vel 104.3440 0.000 0.000 0.0000 0.000 4
1770200592.6042 Rx ;90mca 0.000 0.000 16
1770200592.6043 Rx ;92pose 104.3480 0.723 0.198 1.5844 -2.7168
1770200592.6064 Rx ;11ird 0.915 0.116 3406 16592 1
1770200592.6076 Rx ;88vel 104.3520 0.000 0.000 0.0000 0.000 4
1770200592.6087 Rx ;89pose 104.3530 0.723 0.198 1.5844 -2.7169
1770200592.6088 Rx ;32livn 34 39 50 76 75 42 41 47 110
1770200592.6099 Rx ;58gyro -0.235901 -0.015259 0.198425 104.354
1770200592.6100 Rx ;44acc 0.398682 0.005859 0.898438 104.354
1770200592.6132 Rx ;74liv 24 34 49 62 67 40 35 36 25
1770200592.6143 Rx ;36mot 0 0 0.1 0.1 0
1770200592.6144 Rx ;94pose 104.3580 0.723 0.198 1.5844 -2.7169
1770200592.6155 Rx ;87vel 104.3600 0.000 0.000 0.0000 0.000 4
1770200592.6188 Rx ;90pose 104.3630 0.723 0.198 1.5844 -2.7169
1770200592.6188 Rx ;44livn 34 39 49 76 75 42 40 47 115
1770200592.6221 Rx ;80gyro -0.296936 -0.076294 0.045837 104.366
1770200592.6222 Rx ;15acc 0.401367 0.002441 0.892578 104.366
1770200592.6233 Rx ;95vel 104.3680 0.000 0.000 0.0000 0.000 4
1770200592.6244 Rx ;95pose 104.3680 0.723 0.198 1.5844 -2.7169
1770200592.6287 Rx ;83pose 104.3730 0.723 0.198 1.5844 -2.7170
1770200592.6288 Rx ;41livn 34 39 49 76 75 43 40 47 120
1770200592.6309 Rx ;13ird 0.908 0.117 3421 16567 1
1770200592.6310 Rx ;94vel 104.3760 0.000 0.000 0.0000 0.000 4
1770200592.6342 Rx ;29gyro -0.266418 -0.137329 -0.289856 104.378
1770200592.6343 Rx ;75acc 0.399902 -0.005371 0.893555 104.378
1770200592.6344 Rx ;88pose 104.3780 0.723 0.198 1.5844 -2.7170
1770200592.6366 Rx ;91mca 0.000 0.000 17
1770200592.6387 Rx ;84pose 104.3830 0.723 0.198 1.5844 -2.7170
1770200592.6388 Rx ;45livn 34 39 49 76 75 42 40 47 125
1770200592.6399 Rx ;93vel 104.3840 0.000 0.000 0.0000 0.000 4
1770200592.6442 Rx ;89pose 104.3880 0.723 0.198 1.5844 -2.7170
1770200592.6464 Rx ;20gyro -0.266418 -0.289917 -0.015198 104.390
1770200592.6465 Rx ;77acc 0.394043 -0.005859 0.898682 104.390
1770200592.6466 Rx ;36mot 0 0 0.1 0.1 0
1770200592.6476 Rx ;92vel 104.3920 0.000 0.000 0.0000 0.000 4
1770200592.6488 Rx ;86pose 104.3930 0.723 0.198 1.5844 -2.7171
1770200592.6488 Rx ;43livn 34 39 49 76 76 42 41 47 130
1770200592.6542 Rx ;91pose 104.3980 0.723 0.198 1.5844 -2.7171
1770200592.6553 Rx ;82vel 104.4000 0.000 0.000 0.0000 0.000 4
1770200592.6565 Rx ;10ird 0.863 0.117 3521 16482 1
1770200592.6576 Rx ;07gyro -0.113831 0.076294 0.076355 104.402
1770200592.6576 Rx ;45acc 0.412109 -0.014160 0.895752 104.402
1770200592.6588 Rx ;78pose 104.4030 0.723 0.198 1.5844 -2.7171
1770200592.6588 Rx ;47livn 34 39 49 76 75 42 41 47 135
1770200592.6631 Rx ;79liv 26 33 47 58 67 41 38 33 25
1770200592.6632 Rx ;90vel 104.4080 0.000 0.000 0.0000 0.000 4
1770200592.6643 Rx ;83pose 104.4080 0.723 0.198 1.5844 -2.7171
1770200592.6697 Rx ;79pose 104.4130 0.723 0.198 1.5844 -2.7171
1770200592.6697 Rx ;34livn 34 38 50 76 75 42 41 47 140
1770200592.6698 Rx ;99gyro -0.235901 -0.045776 -0.076233 104.414
1770200592.6699 Rx ;51acc 0.413086 -0.009033 0.892822 104.414
1770200592.6699 Rx ;90mca 0.000 0.000 16
1770200592.6711 Rx ;89vel 104.4160 0.000 0.000 0.0000 0.000 4
1770200592.6743 Rx ;84pose 104.4180 0.723 0.198 1.5844 -2.7171
1770200592.6782 Txd ;62leds 14 0 80 0
1770200592.6797 Rx ;80pose 104.4230 0.723 0.198 1.5844 -2.7171
1770200592.6798 Rx ;39livn 34 38 50 76 75 42 41 47 145
1770200592.6798 Rx ;88vel 104.4240 0.000 0.000 0.0000 0.000 4
1770200592.6799 Rx ;36mot 0 0 0.1 0.1 0
1770200592.6810 Rx ;14ird 0.845 0.118 3564 16424 1
1770200592.6821 Rx ;30gyro 0.038757 -0.167847 0.106873 104.426
1770200592.6822 Rx ;71acc 0.409668 -0.007324 0.878418 104.426
1770200592.6844 Rx ;85pose 104.4280 0.723 0.198 1.5844 -2.7171
1770200592.6876 Rx ;87vel 104.4320 0.000 0.000 0.0000 0.000 4
1770200592.6887 Rx ;80pose 104.4330 0.723 0.198 1.5844 -2.7170
1770200592.6888 Rx ;34livn 34 38 50 76 75 42 40 47 150
1770200592.6942 Rx ;95gyro 0.099792 -0.198364 -0.289856 104.438
1770200592.6942 Rx ;55acc 0.409180 -0.005371 0.884521 104.438
1770200592.6943 Rx ;85pose 104.4380 0.723 0.198 1.5844 -2.7170
1770200592.6954 Rx ;86vel 104.4400 0.000 0.000 0.0000 0.000 4
1770200592.6987 Rx ;81pose 104.4430 0.723 0.198 1.5844 -2.7170
1770200592.6998 Rx ;38livn 34 38 50 76 75 42 40 46 155
1770200592.7030 Rx ;91mca 0.000 0.000 17
1770200592.7031 Rx ;94vel 104.4480 0.000 0.000 0.0000 0.000 4
1770200592.7042 Rx ;86pose 104.4480 0.723 0.198 1.5844 -2.7170
1770200592.7064 Rx ;10gyro 0.038757 0.015259 -0.106750 104.450
1770200592.7065 Rx ;03acc 0.415527 0.000977 0.901611 104.450
1770200592.7066 Rx ;22ird 0.849 0.117 3555 16465 1
1770200592.7087 Rx ;90pose 104.4530 0.723 0.198 1.5844 -2.7169
1770200592.7088 Rx ;34livn 34 38 50 76 75 42 40 46 160
1770200592.7110 Rx ;93vel 104.4560 0.000 0.000 0.0000 0.000 4
1770200592.7132 Rx ;36mot 0 0 0.1 0.1 0
1770200592.7132 Rx ;71liv 27 32 50 59 65 39 32 31 25
1770200592.7143 Rx ;95pose 104.4580 0.723 0.198 1.5844 -2.7169
1770200592.7176 Rx ;57gyro -0.022278 0.076294 -0.076233 104.462
1770200592.7176 Rx ;60acc 0.409912 -0.001709 0.893066 104.462
1770200592.7188 Rx ;90pose 104.4630 0.723 0.198 1.5844 -2.7168
1770200592.7199 Rx ;40livn 34 38 50 76 75 42 40 47 165
1770200592.7199 Rx ;92vel 104.4640 0.000 0.000 0.0000 0.000 4
1770200592.7242 Rx ;95pose 104.4680 0.723 0.198 1.5844 -2.7168
1770200592.7278 Rx ;91vel 104.4720 0.000 0.000 0.0000 0.000 4
1770200592.7290 Rx ;91pose 104.4730 0.723 0.198 1.5844 -2.7168
1770200592.7291 Rx ;36livn 34 38 50 76 75 42 40 47 170
1770200592.7308 Rx ;61gyro -0.052795 0.015259 -0.076233 104.474
1770200592.7311 Rx ;36acc 0.400879 0.002197 0.889893 104.474
1770200592.7313 Rx ;15ird 0.801 0.118 3678 16382 1
1770200592.7345 Rx ;96pose 104.4780 0.723 0.198 1.5844 -2.7168
1770200592.7357 Rx ;90vel 104.4800 0.000 0.000 0.0000 0.000 4
1770200592.7358 Rx ;90mca 0.000 0.000 16
1770200592.7390 Rx ;92pose 104.4830 0.723 0.198 1.5844 -2.7168
1770200592.7393 Rx ;40livn 34 38 50 76 75 42 40 46 175
1770200592.7425 Rx ;30gyro -0.052795 -0.167847 -0.259338 104.486
1770200592.7427 Rx ;28acc 0.400635 0.004883 0.890869 104.486
1770200592.7438 Rx ;98vel 104.4880 0.000 0.000 0.0000 0.000 4
1770200592.7440 Rx ;97pose 104.4880 0.723 0.198 1.5844 -2.7168
1770200592.7462 Rx ;36mot 0 0 0.1 0.1 0
1770200592.7495 Rx ;94pose 104.4930 0.723 0.198 1.5844 -2.7169
1770200592.7496 Rx ;36livn 34 38 50 76 75 42 40 46 180
1770200592.7518 Rx ;97vel 104.4960 0.000 0.000 0.0000 0.000 4
1770200592.7540 Rx ;80gyro -0.144348 -0.045776 0.167908 104.498
1770200592.7542 Rx ;29acc 0.397217 0.001953 0.893066 104.498
1770200592.7544 Rx ;99pose 104.4980 0.723 0.198 1.5844 -2.7169
1770200592.7566 Rx ;17ird 0.707 0.117 3971 16492 1
1770200592.7588 Rx ;86pose 104.5030 0.723 0.198 1.5844 -2.7169
1770200592.7589 Rx ;49livn 34 38 50 76 75 42 39 46 185
1770200592.7592 Rx ;87vel 104.5040 0.000 0.000 0.0000 0.000 4
1770200592.7636 Rx ;55liv 28 31 45 61 70 40 32 30 25
1770200592.7637 Rx ;91pose 104.5080 0.723 0.198 1.5844 -2.7169
1770200592.7651 Rx ;36hbt 104.5090 107 1033 15.66 4 8 9.0 0.30 0
1770200592.7662 Rx ;03gyro -0.266418 -0.137329 -0.015198 104.510
1770200592.7663 Rx ;10acc 0.397705 0.000732 0.902588 104.510
1770200592.7674 Rx ;86vel 104.5120 0.000 0.000 0.0000 0.000 4
1770200592.7687 Rx ;91mca 0.000 0.000 17
1770200592.7687 Rx ;79pose 104.5130 0.723 0.198 1.5844 -2.7170
1770200592.7690 Rx ;52livn 34 37 49 76 75 42 39 46 190
1770200592.7744 Rx ;84pose 104.5180 0.723 0.198 1.5844 -2.7170
1770200592.7757 Rx ;85vel 104.5200 0.000 0.000 0.0000 0.000 4
1770200592.7779 Rx ;15gyro -0.022278 -0.045776 -0.167786 104.522
1770200592.7780 Rx ;43acc 0.401611 -0.002930 0.891357 104.522
1770200592.7792 Rx ;36mot 0 0 0.1 0.1 0
1770200592.7793 Rx ;81pose 104.5230 0.723 0.198 1.5844 -2.7171
1770200592.7795 Rx ;58livn 34 37 49 76 76 42 39 46 195
1770200592.7817 Rx ;01ird 0.633 0.118 4260 16440 1
1770200592.7829 Rx ;93vel 104.5280 0.000 0.000 0.0000 0.000 4
1770200592.7841 Rx ;86pose 104.5280 0.723 0.198 1.5844 -2.7171
1770200592.7894 Rx ;82pose 104.5330 0.723 0.198 1.5844 -2.7171
1770200592.7896 Rx ;46livn 35 38 49 76 76 41 39 46 200
1770200592.7899 Rx ;70gyro 0.038757 -0.106812 -0.167786 104.534
1770200592.7900 Rx ;93acc 0.398438 -0.005859 0.899658 104.534
1770200592.7912 Rx ;92vel 104.5360 0.000 0.000 0.0000 0.000 4
1770200592.7945 Rx ;87pose 104.5380 0.723 0.198 1.5844 -2.7171
1770200592.7988 Rx ;84pose 104.5430 0.723 0.198 1.5844 -2.7172
1770200592.7989 Rx ;51livn 35 38 49 76 76 41 39 46 205
1770200592.7992 Rx ;91vel 104.5440 0.000 0.000 0.0000 0.000 4
1770200592.8025 Rx ;72gyro 0.099792 -0.137329 -0.076233 104.546
1770200592.8026 Rx ;71acc 0.399902 -0.003906 0.887207 104.546
1770200592.8026 Rx ;90mca 0.000 0.000 16
1770200592.8037 Rx ;89pose 104.5480 0.723 0.198 1.5844 -2.7172
1770200592.8060 Rx ;13ird 0.579 0.117 4522 16542 1
1770200592.8071 Rx ;90vel 104.5520 0.000 0.000 0.0000 0.000 4
1770200592.8093 Rx ;85pose 104.5530 0.723 0.198 1.5844 -2.7172
1770200592.8094 Rx ;47livn 35 38 49 76 76 41 39 46 210
1770200592.8116 Rx ;36mot 0 0 0.1 0.1 0
1770200592.8128 Rx ;67liv 31 35 45 59 71 37 30 32 25
1770200592.8139 Rx ;77gyro -0.266418 0.015259 -0.167786 104.558
1770200592.8140 Rx ;66acc 0.400635 -0.009766 0.894043 104.558
1770200592.8141 Rx ;90pose 104.5580 0.723 0.198 1.5844 -2.7172
1770200592.8152 Rx ;89vel 104.5600 0.000 0.000 0.0000 0.000 4
1770200592.8196 Rx ;87pose 104.5630 0.723 0.198 1.5844 -2.7173
1770200592.8197 Rx ;52livn 35 38 49 76 76 41 39 46 215
1770200592.8230 Rx ;97vel 104.5680 0.000 0.000 0.0000 0.000 4
1770200592.8242 Rx ;92pose 104.5680 0.723 0.198 1.5844 -2.7173
1770200592.8264 Rx ;45gyro 0.008240 -0.015259 -0.045715 104.570
1770200592.8265 Rx ;64acc 0.408203 -0.006836 0.898193 104.570
1770200592.8297 Rx ;88pose 104.5730 0.723 0.198 1.5844 -2.7173
1770200592.8298 Rx ;48livn 35 38 49 76 76 41 39 46 220
1770200592.8312 Rx ;10ird 0.553 0.117 4662 16542 1
1770200592.8313 Rx ;96vel 104.5760 0.000 0.000 0.0000 0.000 4
1770200592.8346 Rx ;93pose 104.5780 0.723 0.198 1.5844 -2.7173
1770200592.8346 Rx ;91mca 0.000 0.000 17
1770200592.8379 Rx ;02gyro -0.113831 -0.228882 -0.106750 104.582
1770200592.8379 Rx ;66acc 0.405273 -0.005371 0.890869 104.582
1770200592.8391 Rx ;89pose 104.5830 0.723 0.198 1.5844 -2.7173
1770200592.8392 Rx ;52livn 35 37 49 76 76 41 39 46 225
1770200592.8395 Rx ;95vel 104.5840 0.000 0.000 0.0000 0.000 4
1770200592.8438 Rx ;94pose 104.5880 0.723 0.198 1.5844 -2.7173
1770200592.8450 Rx ;36mot 0 0 0.1 0.1 0
1770200592.8473 Rx ;94vel 104.5920 0.000 0.000 0.0000 0.000 4
1770200592.8495 Rx ;90pose 104.5930 0.723 0.198 1.5844 -2.7173
1770200592.8497 Rx ;47livn 35 37 49 76 76 42 38 45 230
1770200592.8497 Rx ;79gyro 0.099792 -0.076294 -0.045715 104.594
1770200592.8498 Rx ;69acc 0.412598 -0.003174 0.889404 104.594
1770200592.8541 Rx ;95pose 104.5980 0.723 0.198 1.5844 -2.7173
1770200592.8554 Rx ;84vel 104.6000 0.000 0.000 0.0000 0.000 4
1770200592.8566 Rx ;15ird 0.537 0.118 4760 16419 1
1770200592.8589 Rx ;81pose 104.6030 0.723 0.198 1.5844 -2.7172
1770200592.8590 Rx ;52livn 35 37 48 76 76 42 39 45 235
1770200592.8622 Rx ;13gyro 0.252380 0.045776 -0.045715 104.606
1770200592.8623 Rx ;45acc 0.406006 -0.000244 0.891357 104.606
1770200592.8635 Rx ;68liv 28 32 40 57 72 43 34 26 25
1770200592.8636 Rx ;92vel 104.6080 0.000 0.000 0.0000 0.000 4
1770200592.8638 Rx ;86pose 104.6080 0.723 0.198 1.5844 -2.7172
1770200592.8681 Rx ;90mca 0.000 0.000 16
1770200592.8692 Rx ;82pose 104.6130 0.723 0.198 1.5844 -2.7172
1770200592.8693 Rx ;48livn 35 37 48 76 76 42 39 45 240
1770200592.8715 Rx ;91vel 104.6160 0.000 0.000 0.0000 0.000 4
1770200592.8737 Rx ;52gyro 0.008240 -0.045776 -0.106750 104.618
1770200592.8738 Rx ;23acc 0.408447 0.006592 0.894531 104.618
1770200592.8739 Rx ;87pose 104.6180 0.723 0.198 1.5844 -2.7172
1770200592.8783 Rx ;36mot 0 0 0.1 0.1 0
1770200592.8793 Txd ;64leds 14 0 55 0
1770200592.8794 Rx ;83pose 104.6230 0.723 0.198 1.5844 -2.7172
1770200592.8795 Rx ;53livn 35 37 48 76 76 42 39 45 245
1770200592.8795 Rx ;90vel 104.6240 0.000 0.000 0.0000 0.000 4
1770200592.8817 Rx ;17ird 0.537 0.117 4755 16481 1
1770200592.8839 Rx ;88pose 104.6280 0.723 0.198 1.5844 -2.7172
1770200592.8861 Rx ;95gyro -0.144348 -0.106812 -0.198303 104.630
1770200592.8862 Rx ;05acc 0.405518 0.009033 0.890381 104.630
1770200592.8873 Rx ;89vel 104.6320 0.000 0.000 0.0000 0.000 4
1770200592.8895 Rx ;84pose 104.6330 0.723 0.198 1.5844 -2.7172
1770200592.8896 Rx ;49livn 35 37 48 76 76 42 39 45 250
1770200592.8939 Rx ;89pose 104.6380 0.723 0.198 1.5844 -2.7172
1770200592.8951 Rx ;88vel 104.6400 0.000 0.000 0.0000 0.000 4
1770200592.8983 Rx ;16gyro -0.174866 -0.045776 -0.045715 104.642
1770200592.8984 Rx ;30acc 0.399170 0.005859 0.891357 104.642
1770200592.8995 Rx ;85pose 104.6430 0.723 0.198 1.5844 -2.7172
1770200592.8996 Rx ;54livn 35 37 48 76 76 42 39 45 255
1770200592.9007 Rx ;91mca 0.000 0.000 17
1770200592.9030 Rx ;96vel 104.6480 0.000 0.000 0.0000 0.000 4
1770200592.9041 Rx ;90pose 104.6480 0.723 0.198 1.5844 -2.7172
1770200592.9063 Rx ;18ird 0.527 0.118 4823 16378 1
1770200592.9096 Rx ;87pose 104.6530 0.723 0.198 1.5844 -2.7173
1770200592.9097 Rx ;51livn 36 37 48 76 76 42 39 45 260
1770200592.9097 Rx ;17gyro -0.327454 -0.167847 -0.228821 104.654
1770200592.9098 Rx ;68acc 0.402588 -0.003418 0.895752 104.654
1770200592.9109 Rx ;36mot 0 0 0.1 0.1 0
1770200592.9110 Rx ;95vel 104.6560 0.000 0.000 0.0000 0.000 4
1770200592.9132 Rx ;81liv 28 32 44 57 68 43 37 27 25
1770200592.9144 Rx ;92pose 104.6580 0.723 0.198 1.5844 -2.7173
1770200592.9197 Rx ;88pose 104.6630 0.723 0.198 1.5844 -2.7173
1770200592.9198 Rx ;55livn 35 37 48 76 76 42 39 45 265
1770200592.9199 Rx ;94vel 104.6640 0.000 0.000 0.0000 0.000 4
1770200592.9220 Rx ;06gyro -0.113831 -0.198364 -0.106750 104.666
1770200592.9221 Rx ;58acc 0.401367 -0.004395 0.895020 104.666
1770200592.9243 Rx ;94pose 104.6680 0.723 0.198 1.5844 -2.7174
1770200592.9276 Rx ;93vel 104.6720 0.000 0.000 0.0000 0.000 4
1770200592.9288 Rx ;90pose 104.6730 0.723 0.198 1.5844 -2.7174
1770200592.9289 Rx ;50livn 35 37 48 75 76 42 39 45 270
1770200592.9311 Rx ;17ird 0.513 0.117 4909 16477 1
1770200592.9344 Rx ;89gyro -0.174866 -0.228882 0.167908 104.678
1770200592.9345 Rx ;78acc 0.398193 -0.008301 0.894287 104.678
1770200592.9345 Rx ;90mca 0.000 0.000 16
1770200592.9346 Rx ;95pose 104.6780 0.723 0.198 1.5844 -2.7174
1770200592.9357 Rx ;92vel 104.6800 0.000 0.000 0.0000 0.000 4
1770200592.9390 Rx ;92pose 104.6830 0.723 0.198 1.5844 -2.7175
1770200592.9391 Rx ;55livn 35 37 48 75 76 42 39 45 275
1770200592.9414 Qu 1 ;99!leds 16 0 64 0
1770200592.9424 Tx ;99!leds 16 0 64 0
1770200592.9435 Rx ;89confirm !leds 16 0 64 0
1770200592.9435 Rx ;01vel 104.6880 0.000 0.000 0.0000 0.000 4
1770200592.9436 Rx ;36mot 0 0 0.1 0.1 0
1770200592.9445 Txd ;21motv 0 0
1770200592.9447 Rx ;97pose 104.6880 0.723 0.198 1.5844 -2.7175
1770200592.9459 Rx ;07gyro -0.083313 -0.045776 -0.015198 104.690
1770200592.9459 Rx ;04acc 0.398682 -0.008789 0.895996 104.690
1770200592.9492 Rx ;94pose 104.6930 0.723 0.198 1.5844 -2.7176
1770200592.9492 Rx ;51livn 35 37 48 75 76 42 39 45 280
1770200592.9515 Rx ;99vel 104.6960 0.000 0.000 0.0000 0.000 4
1770200592.9523 Txd ;21motv 0 0
1770200592.9547 Rx ;99pose 104.6980 0.723 0.198 1.5844 -2.7176
1770200592.9558 Rx ;10ird 0.494 0.117 5040 16457 1
1770200592.9580 Rx ;77gyro 0.038757 -0.289917 -0.137268 104.702
1770200592.9581 Rx ;44acc 0.401123 -0.007812 0.889160 104.702
1770200592.9592 Rx ;86pose 104.7030 0.723 0.198 1.5844 -2.7176
1770200592.9593 Rx ;56livn 36 37 48 75 76 42 39 44 285
1770200592.9594 Rx ;89vel 104.7040 0.000 0.000 0.0000 0.000 4
1770200592.9606 Txd ;21motv 0 0
1770200592.9637 Rx ;65liv 30 37 45 55 66 40 35 30 25
1770200592.9648 Rx ;91pose 104.7080 0.723 0.198 1.5844 -2.7176
1770200592.9670 Rx ;91mca 0.000 0.000 17
1770200592.9670 Rx ;88vel 104.7120 0.000 0.000 0.0000 0.000 4
1770200592.9692 Rx ;87pose 104.7130 0.723 0.198 1.5844 -2.7176
1770200592.9693 Rx ;52livn 36 37 48 75 76 42 39 44 290
1770200592.9704 Rx ;83gyro 0.099792 -0.259399 -0.228821 104.714
1770200592.9705 Rx ;63acc 0.407959 -0.004395 0.900391 104.714
1770200592.9748 Rx ;92pose 104.7180 0.723 0.198 1.5844 -2.7176
1770200592.9759 Rx ;87vel 104.7200 0.000 0.000 0.0000 0.000 4
1770200592.9770 Rx ;36mot 0 0 0.1 0.1 0
1770200592.9792 Rx ;88pose 104.7230 0.723 0.198 1.5844 -2.7176
1770200592.9793 Rx ;57livn 36 37 48 75 76 42 39 44 295
1770200592.9815 Rx ;11ird 0.481 0.117 5140 16497 1
1770200592.9815 Rx ;14gyro -0.022278 -0.167847 -0.015198 104.726
1770200592.9816 Rx ;67acc 0.405762 -0.003906 0.895752 104.726
1770200592.9838 Rx ;95vel 104.7280 0.000 0.000 0.0000 0.000 4
1770200592.9839 Rx ;93pose 104.7280 0.723 0.198 1.5844 -2.7176
1770200592.9892 Rx ;90pose 104.7330 0.723 0.198 1.5844 -2.7177
1770200592.9893 Rx ;44livn 36 37 48 75 76 42 39 44 300
1770200592.9915 Rx ;94vel 104.7360 0.000 0.000 0.0000 0.000 4
1770200592.9937 Rx ;76gyro 0.191345 0.015259 0.198425 104.738
1770200592.9938 Rx ;75acc 0.409912 -0.000488 0.898193 104.738
1770200592.9938 Rx ;95pose 104.7390 0.723 0.198 1.5844 -2.7176
1770200592.9992 Rx ;91pose 104.7440 0.723 0.198 1.5844 -2.7176
1770200592.9993 Rx ;40livn 34 44 52 78 76 31 35 39 4
1770200592.9993 Rx ;93vel 104.7440 0.000 0.000 0.0000 0.000 4
1770200593.0005 Rx ;90mca 0.000 0.000 16
1770200593.0047 Rx ;96pose 104.7490 0.723 0.198 1.5844 -2.7176
1770200593.0059 Rx ;90gyro -0.083313 -0.106812 -0.045715 104.750
1770200593.0059 Rx ;19acc 0.403809 0.000244 0.887939 104.750
1770200593.0060 Rx ;16ird 0.481 0.117 5136 16497 1
1770200593.0072 Rx ;92vel 104.7520 0.000 0.000 0.0000 0.000 4
1770200593.0093 Rx ;40livn 31 40 53 81 77 35 38 47 9
1770200593.0094 Rx ;92pose 104.7540 0.723 0.198 1.5844 -2.7176
1770200593.0105 Rx ;36mot 0 0 0.1 0.1 0
1770200593.0137 Rx ;84liv 25 37 47 57 66 37 38 32 25
1770200593.0149 Rx ;97pose 104.7590 0.723 0.198 1.5844 -2.7176
1770200593.0150 Rx ;91vel 104.7600 0.000 0.000 0.0000 0.000 4
1770200593.0182 Rx ;99gyro -0.083313 -0.350952 -0.045715 104.762
1770200593.0183 Rx ;24acc 0.405762 0.005371 0.890869 104.762
1770200593.0194 Rx ;83livn 29 41 53 81 73 36 40 48 14
1770200593.0195 Rx ;93pose 104.7640 0.723 0.198 1.5844 -2.7176
1770200593.0238 Rx ;99vel 104.7680 0.000 0.000 0.0000 0.000 4
1770200593.0249 Rx ;98pose 104.7690 0.723 0.198 1.5844 -2.7176
1770200593.0292 Rx ;01livn 27 39 51 79 74 37 40 48 19
1770200593.0293 Rx ;94pose 104.7740 0.723 0.198 1.5844 -2.7176
1770200593.0304 Rx ;13gyro -0.235901 -0.411987 -0.198303 104.774
1770200593.0305 Rx ;21acc 0.404541 0.000488 0.872559 104.774
1770200593.0316 Rx ;14ird 0.505 0.118 4965 16371 1
1770200593.0316 Rx ;98vel 104.7760 0.000 0.000 0.0000 0.000 4
1770200593.0328 Rx ;91mca 0.000 0.000 17
1770200593.0349 Rx ;99pose 104.7790 0.723 0.198 1.5844 -2.7176
1770200593.0392 Rx ;05livn 29 39 50 79 74 39 39 45 24
1770200593.0393 Rx ;97vel 104.7840 0.000 0.000 0.0000 0.000 4
1770200593.0394 Rx ;96pose 104.7840 0.723 0.198 1.5844 -2.7177
1770200593.0416 Rx ;22gyro 0.069275 0.106812 -0.015198 104.786
1770200593.0417 Rx ;06acc 0.413330 0.002930 0.924805 104.786
1770200593.0428 Rx ;36mot 0 0 0.1 0.1 0
1770200593.0450 Rx ;02pose 104.7890 0.723 0.198 1.5844 -2.7177
1770200593.0472 Rx ;96vel 104.7920 0.000 0.000 0.0000 0.000 4
1770200593.0493 Rx ;04livn 29 38 49 78 74 40 41 48 29
1770200593.0494 Rx ;96pose 104.7940 0.723 0.198 1.5844 -2.7176
1770200593.0537 Rx ;33gyro -0.113831 0.259399 0.106873 104.798
1770200593.0538 Rx ;28acc 0.414062 0.004883 0.897461 104.798
1770200593.0550 Rx ;01pose 104.7990 0.723 0.198 1.5844 -2.7175
1770200593.0550 Rx ;86vel 104.8000 0.000 0.000 0.0000 0.000 4
1770200593.0562 Rx ;08ird 0.525 0.117 4831 16516 1
1770200593.0594 Rx ;90livn 30 38 50 77 73 39 41 49 34
1770200593.0595 Rx ;88pose 104.8040 0.723 0.198 1.5844 -2.7176
1770200593.0637 Rx ;71liv 24 33 46 58 64 40 37 33 25
1770200593.0638 Rx ;94vel 104.8080 0.000 0.000 0.0000 0.000 4
1770200593.0649 Rx ;93pose 104.8090 0.723 0.198 1.5844 -2.7176
1770200593.0661 Rx ;57gyro -0.205383 0.076294 -0.198303 104.810
1770200593.0661 Rx ;70acc 0.398682 -0.002686 0.869141 104.810
1770200593.0662 Rx ;90mca 0.000 0.000 16
1770200593.0694 Rx ;05livn 31 38 49 77 74 39 41 48 39
1770200593.0695 Rx ;88pose 104.8140 0.723 0.198 1.5844 -2.7175
1770200593.0717 Rx ;93vel 104.8160 0.000 0.000 0.0000 0.000 4
1770200593.0749 Rx ;94pose 104.8190 0.723 0.198 1.5844 -2.7176
1770200593.0760 Rx ;36mot 0 0 0.1 0.1 0
1770200593.0782 Rx ;72gyro -0.205383 -0.259399 0.045837 104.822
1770200593.0783 Rx ;56acc 0.396729 -0.008057 0.910400 104.822
1770200593.0794 Rx ;98livn 31 37 49 77 74 39 41 47 44
1770200593.0795 Rx ;92vel 104.8240 0.000 0.000 0.0000 0.000 4
1770200593.0795 Rx ;90pose 104.8240 0.723 0.198 1.5844 -2.7176
1770200593.0801 Txd ;57leds 14 0 30 0
1770200593.0817 Rx ;10ird 0.550 0.117 4683 16461 1
1770200593.0849 Rx ;95pose 104.8290 0.723 0.198 1.5844 -2.7176
1770200593.0871 Rx ;91vel 104.8320 0.000 0.000 0.0000 0.000 4
1770200593.0893 Rx ;02livn 30 37 48 76 74 39 41 48 49
1770200593.0894 Rx ;91pose 104.8340 0.723 0.198 1.5844 -2.7176
1770200593.0905 Rx ;20gyro -0.357971 -0.656128 -0.015198 104.834
1770200593.0906 Rx ;71acc 0.408447 -0.009033 0.890869 104.834
1770200593.0949 Rx ;97pose 104.8390 0.723 0.198 1.5844 -2.7177
1770200593.0960 Rx ;90vel 104.8400 0.000 0.000 0.0000 0.000 4
1770200593.0993 Rx ;91mca 0.000 0.000 17
1770200593.0993 Rx ;01livn 30 38 49 76 74 39 41 49 54
1770200593.0994 Rx ;93pose 104.8440 0.723 0.198 1.5844 -2.7177
1770200593.1016 Rx ;63gyro -0.144348 0.015259 -0.015198 104.846
1770200593.1016 Rx ;54acc 0.407471 -0.010254 0.880371 104.846
1770200593.1038 Rx ;98vel 104.8480 0.000 0.000 0.0000 0.000 4
1770200593.1050 Rx ;98pose 104.8490 0.723 0.198 1.5844 -2.7177
1770200593.1061 Rx ;26ird 0.556 0.117 4648 16488 1
1770200593.1093 Rx ;36mot 0 0 0.1 0.1 0
1770200593.1094 Rx ;05livn 30 37 49 77 75 39 40 48 59
1770200593.1094 Rx ;94pose 104.8540 0.723 0.198 1.5844 -2.7177
1770200593.1116 Rx ;97vel 104.8560 0.000 0.000 0.0000 0.000 4
1770200593.1138 Rx ;75liv 23 34 47 59 70 39 35 32 25
1770200593.1139 Rx ;87gyro 0.160828 -0.076294 -0.289856 104.858
1770200593.1140 Rx ;76acc 0.404541 -0.006592 0.896729 104.858
1770200593.1140 Rx ;99pose 104.8590 0.723 0.198 1.5844 -2.7177
1770200593.1194 Rx ;92livn 31 37 49 76 75 40 40 48 64
1770200593.1195 Rx ;96vel 104.8640 0.000 0.000 0.0000 0.000 4
1770200593.1196 Rx ;95pose 104.8640 0.723 0.198 1.5844 -2.7177
1770200593.1249 Rx ;01pose 104.8690 0.723 0.198 1.5844 -2.7177
1770200593.1261 Rx ;55gyro 0.160828 -0.106812 -0.045715 104.870
1770200593.1262 Rx ;59acc 0.409424 -0.011475 0.896240 104.870
1770200593.1273 Rx ;95vel 104.8720 0.000 0.000 0.0000 0.000 4
1770200593.1296 Rx ;06livn 31 37 49 76 76 40 39 47 69
1770200593.1297 Rx ;96pose 104.8740 0.723 0.198 1.5844 -2.7177
1770200593.1310 Rx ;18ird 0.559 0.117 4628 16452 1
1770200593.1322 Rx ;90mca 0.000 0.000 16
1770200593.1355 Rx ;02pose 104.8790 0.723 0.198 1.5844 -2.7177
1770200593.1356 Rx ;94vel 104.8800 0.000 0.000 0.0000 0.000 4
1770200593.1378 Rx ;33gyro 0.069275 -0.228882 0.259460 104.882
1770200593.1380 Rx ;64acc 0.411377 -0.002930 0.895508 104.882
1770200593.1391 Rx ;03livn 31 37 49 77 76 40 39 47 74
1770200593.1403 Rx ;96pose 104.8840 0.723 0.198 1.5844 -2.7176
1770200593.1425 Rx ;36mot 0 0 0.1 0.1 0
1770200593.1436 Rx ;03vel 104.8880 0.000 0.000 0.0000 0.000 4
1770200593.1448 Rx ;02pose 104.8890 0.723 0.198 1.5844 -2.7176
1770200593.1491 Rx ;08livn 32 37 49 77 76 40 39 46 79
1770200593.1502 Rx ;97pose 104.8940 0.723 0.198 1.5844 -2.7176
1770200593.1504 Rx ;81gyro 0.099792 -0.228882 -0.106750 104.894
1770200593.1504 Rx ;70acc 0.412598 -0.000732 0.881836 104.894
1770200593.1516 Rx ;02vel 104.8960 0.000 0.000 0.0000 0.000 4
1770200593.1548 Rx ;02pose 104.8990 0.723 0.198 1.5844 -2.7175
1770200593.1559 Rx ;18ird 0.538 0.117 4749 16460 1
1770200593.1592 Rx ;05livn 32 37 49 77 77 40 39 46 84
1770200593.1593 Rx ;91vel 104.9040 0.000 0.000 0.0000 0.000 4
1770200593.1604 Rx ;87pose 104.9040 0.723 0.198 1.5844 -2.7174
1770200593.1626 Rx ;21gyro 0.191345 0.381470 -0.259338 104.906
1770200593.1627 Rx ;24acc 0.416748 0.004395 0.892334 104.906
1770200593.1638 Rx ;69liv 29 34 46 61 72 40 33 27 25
1770200593.1649 Rx ;91pose 104.9090 0.723 0.198 1.5844 -2.7173
1770200593.1650 Rx ;91mca 0.000 0.000 17
1770200593.1672 Rx ;90vel 104.9120 0.000 0.000 0.0000 0.000 4
1770200593.1693 Rx ;09livn 32 38 49 77 76 40 39 45 89
1770200593.1705 Rx ;87pose 104.9140 0.723 0.198 1.5844 -2.7173
1770200593.1737 Rx ;27gyro 0.160828 0.198364 -0.228821 104.918
1770200593.1738 Rx ;29acc 0.404785 0.003174 0.896484 104.918
1770200593.1749 Rx ;91pose 104.9190 0.723 0.198 1.5844 -2.7172
1770200593.1750 Rx ;36mot 0 0 0.1 0.1 0
1770200593.1751 Rx ;89vel 104.9200 0.000 0.000 0.0000 0.000 4
1770200593.1794 Rx ;05livn 32 38 49 77 76 40 39 45 94
1770200593.1805 Rx ;87pose 104.9240 0.723 0.198 1.5844 -2.7172
1770200593.1816 Rx ;21ird 0.527 0.117 4818 16477 1
1770200593.1838 Rx ;97vel 104.9280 0.000 0.000 0.0000 0.000 4
1770200593.1850 Rx ;92pose 104.9290 0.723 0.198 1.5844 -2.7172
1770200593.1861 Rx ;62gyro 0.160828 -0.076294 -0.045715 104.930
1770200593.1862 Rx ;23acc 0.398926 0.000732 0.881592 104.930
1770200593.1894 Rx ;01livn 32 38 49 76 76 40 40 45 99
1770200593.1906 Rx ;88pose 104.9340 0.723 0.198 1.5844 -2.7172
1770200593.1917 Rx ;96vel 104.9360 0.000 0.000 0.0000 0.000 4
1770200593.1949 Rx ;94pose 104.9390 0.723 0.198 1.5844 -2.7173
1770200593.1982 Rx ;94gyro -0.113831 -0.106812 -0.015198 104.942
1770200593.1983 Rx ;08acc 0.403320 0.003662 0.893555 104.942
1770200593.1983 Rx ;90mca 0.000 0.000 16
1770200593.1994 Rx ;35livn 32 37 49 76 76 40 40 45 104
1770200593.1995 Rx ;95vel 104.9440 0.000 0.000 0.0000 0.000 4
1770200593.1996 Rx ;90pose 104.9440 0.723 0.198 1.5844 -2.7173
1770200593.2049 Rx ;95pose 104.9490 0.723 0.198 1.5844 -2.7173
1770200593.2061 Rx ;13ird 0.513 0.118 4912 16379 1
1770200593.2072 Rx ;94vel 104.9520 0.000 0.000 0.0000 0.000 4
1770200593.2083 Rx ;36mot 0 0 0.1 0.1 0
1770200593.2094 Rx ;40livn 32 37 49 76 76 40 40 45 109
1770200593.2106 Rx ;91pose 104.9540 0.723 0.198 1.5844 -2.7173
1770200593.2106 Rx ;59gyro -0.144348 0.106812 -0.198303 104.954
1770200593.2107 Rx ;78acc 0.397949 -0.000732 0.891357 104.954
1770200593.2129 Rx ;80liv 23 33 45 55 66 38 37 29 25
1770200593.2151 Rx ;96pose 104.9590 0.723 0.198 1.5844 -2.7173
1770200593.2152 Rx ;93vel 104.9600 0.000 0.000 0.0000 0.000 4
1770200593.2195 Rx ;35livn 31 37 49 76 76 40 40 45 114
1770200593.2196 Rx ;92pose 104.9640 0.723 0.198 1.5844 -2.7173
1770200593.2217 Rx ;99gyro -0.235901 0.106812 0.015320 104.966
1770200593.2218 Rx ;67acc 0.391602 -0.003418 0.899414 104.966
1770200593.2240 Rx ;02vel 104.9680 0.000 0.000 0.0000 0.000 4
1770200593.2251 Rx ;97pose 104.9690 0.723 0.198 1.5844 -2.7173
1770200593.2294 Rx ;38livn 31 36 48 76 76 40 40 45 119
1770200593.2306 Rx ;94pose 104.9740 0.723 0.198 1.5844 -2.7174
1770200593.2306 Rx ;91mca 0.000 0.000 17
1770200593.2317 Rx ;09ird 0.508 0.117 4942 16504 1
1770200593.2318 Rx ;01vel 104.9760 0.000 0.000 0.0000 0.000 4
1770200593.2340 Rx ;91gyro -0.174866 -0.045776 0.167908 104.978
1770200593.2341 Rx ;89acc 0.395508 -0.005859 0.895264 104.978
1770200593.2352 Rx ;99pose 104.9790 0.723 0.198 1.5844 -2.7174
1770200593.2395 Rx ;42livn 31 36 48 76 76 40 39 45 124
1770200593.2396 Rx ;99vel 104.9840 0.000 0.000 0.0000 0.000 4
1770200593.2397 Rx ;96pose 104.9840 0.723 0.198 1.5844 -2.7175
1770200593.2408 Rx ;36mot 0 0 0.1 0.1 0
1770200593.2451 Rx ;02pose 104.9890 0.723 0.198 1.5844 -2.7175
1770200593.2462 Rx ;14gyro -0.052795 -0.076294 -0.106750 104.990
1770200593.2463 Rx ;60acc 0.403564 -0.004150 0.891846 104.990
1770200593.2475 Rx ;98vel 104.9920 0.000 0.000 0.0000 0.000 4
1770200593.2496 Rx ;46livn 30 36 48 76 76 40 39 45 129
1770200593.2497 Rx ;97pose 104.9940 0.723 0.198 1.5844 -2.7175
1770200593.2551 Rx ;03pose 104.9990 0.723 0.198 1.5844 -2.7175
1770200593.2552 Rx ;79vel 105.0000 0.000 0.000 0.0000 0.000 4
1770200593.2563 Rx ;25ird 0.518 0.117 4879 16456 1
1770200593.2585 Rx ;95gyro -0.327454 -0.015259 -0.381409 105.002
1770200593.2585 Rx ;45acc 0.406738 -0.003174 0.893311 105.002
1770200593.2597 Rx ;35livn 30 36 48 76 76 40 40 46 134
1770200593.2597 Rx ;80pose 105.0040 0.723 0.198 1.5844 -2.7175
1770200593.2630 Rx ;83liv 19 27 44 61 68 38 35 37 25
1770200593.2631 Rx ;87vel 105.0080 0.000 0.000 0.0000 0.000 4
1770200593.2642 Rx ;90mca 0.000 0.000 16
1770200593.2653 Rx ;40hbt 105.0090 107 1033 15.65 4 8 8.9 0.31 0
1770200593.2654 Rx ;85pose 105.0090 0.723 0.198 1.5844 -2.7175
1770200593.2697 Rx ;49livn 31 36 48 76 76 40 39 46 139
1770200593.2698 Rx ;82pose 105.0140 0.723 0.198 1.5844 -2.7176
1770200593.2698 Rx ;03gyro -0.052795 -0.045776 -0.320374 105.014
1770200593.2699 Rx ;59acc 0.401855 -0.007568 0.894531 105.014
1770200593.2710 Rx ;86vel 105.0160 0.000 0.000 0.0000 0.000 4
1770200593.2743 Rx ;36mot 0 0 0.1 0.1 0
1770200593.2754 Rx ;87pose 105.0190 0.723 0.198 1.5844 -2.7176
1770200593.2797 Rx ;43livn 31 36 47 76 76 40 39 45 144
1770200593.2798 Rx ;85vel 105.0240 0.000 0.000 0.0000 0.000 4
1770200593.2798 Rx ;83pose 105.0240 0.723 0.198 1.5844 -2.7176
1770200593.2809 Txd ;11leds 14 0 5 0
1770200593.2810 Rx ;13ird 0.525 0.117 4830 16558 1
1770200593.2821 Rx ;07gyro -0.235901 -0.289917 -0.076233 105.026
1770200593.2822 Rx ;55acc 0.404053 -0.006348 0.897461 105.026
1770200593.2854 Rx ;88pose 105.0290 0.723 0.198 1.5844 -2.7176
1770200593.2876 Rx ;84vel 105.0320 0.000 0.000 0.0000 0.000 4
1770200593.2898 Rx ;56livn 31 36 47 76 76 39 39 45 149
1770200593.2899 Rx ;84pose 105.0340 0.723 0.198 1.5844 -2.7176
1770200593.2942 Rx ;11gyro -0.083313 -0.289917 -0.198303 105.038
1770200593.2943 Rx ;62acc 0.408447 -0.004150 0.892578 105.038
1770200593.2954 Rx ;89pose 105.0390 0.723 0.198 1.5844 -2.7176
1770200593.2955 Rx ;83vel 105.0400 0.000 0.000 0.0000 0.000 4
1770200593.2966 Rx ;91mca 0.000 0.000 17
1770200593.2999 Rx ;52livn 31 36 47 75 76 39 39 46 154
1770200593.2999 Rx ;85pose 105.0440 0.723 0.198 1.5844 -2.7176
1770200593.3032 Rx ;91vel 105.0480 0.000 0.000 0.0000 0.000 4
1770200593.3054 Rx ;90pose 105.0490 0.723 0.198 1.5844 -2.7176
1770200593.3065 Rx ;43gyro 0.130310 -0.228882 -0.198303 105.050
1770200593.3066 Rx ;10acc 0.411133 0.001465 0.895996 105.050
1770200593.3067 Rx ;15ird 0.535 0.117 4773 16544 1
1770200593.3067 Rx ;36mot 0 0 0.1 0.1 0
1770200593.3099 Rx ;48livn 31 35 47 76 76 40 39 45 159
1770200593.3100 Rx ;85pose 105.0540 0.723 0.198 1.5844 -2.7175
1770200593.3111 Rx ;90vel 105.0560 0.000 0.000 0.0000 0.000 4
1770200593.3133 Rx ;67liv 30 30 40 55 69 39 33 26 25
1770200593.3155 Rx ;90pose 105.0590 0.723 0.198 1.5844 -2.7175
1770200593.3177 Rx ;17gyro 0.069275 0.015259 -0.137268 105.062
1770200593.3177 Rx ;14acc 0.412109 0.000488 0.892578 105.062
1770200593.3199 Rx ;45livn 32 36 47 75 76 40 39 45 164
1770200593.3200 Rx ;89vel 105.0640 0.000 0.000 0.0000 0.000 4
1770200593.3201 Rx ;85pose 105.0640 0.723 0.198 1.5844 -2.7174
1770200593.3254 Rx ;90pose 105.0690 0.723 0.198 1.5844 -2.7174
1770200593.3276 Rx ;88vel 105.0720 0.000 0.000 0.0000 0.000 4
1770200593.3290 Rx ;50livn 32 36 47 75 76 40 39 45 169
1770200593.3302 Rx ;33gyro -0.113831 -0.106812 0.015320 105.074
1770200593.3303 Rx ;54acc 0.410889 -0.000244 0.890137 105.074
1770200593.3304 Rx ;90mca 0.000 0.000 16
1770200593.3304 Rx ;85pose 105.0740 0.723 0.198 1.5844 -2.7173
1770200593.3327 Rx ;12ird 0.532 0.118 4787 16430 1
1770200593.3349 Rx ;90pose 105.0790 0.723 0.198 1.5844 -2.7173
1770200593.3360 Rx ;87vel 105.0800 0.000 0.000 0.0000 0.000 4
1770200593.3393 Rx ;46livn 32 36 47 75 76 40 39 45 174
1770200593.3405 Rx ;36mot 0 0 0.1 0.1 0
1770200593.3406 Rx ;86pose 105.0840 0.723 0.198 1.5844 -2.7173
1770200593.3418 Rx ;62gyro -0.205383 -0.076294 0.137390 105.086
1770200593.3419 Rx ;52acc 0.405518 -0.000244 0.894531 105.086
1770200593.3431 Rx ;95vel 105.0880 0.000 0.000 0.0000 0.000 4
1770200593.3441 Qu 1 ;44!leds 16 0 30 30
1770200593.3442 Tx ;44!leds 16 0 30 30
1770200593.3453 Rx ;34confirm !leds 16 0 30 30
1770200593.3453 Rx ;90pose 105.0890 0.723 0.198 1.5844 -2.7172
1770200593.3496 Rx ;51livn 32 36 47 75 76 40 39 45 179
1770200593.3497 Rx ;86pose 105.0940 0.723 0.198 1.5844 -2.7172
1770200593.3519 Rx ;94vel 105.0960 0.000 0.000 0.0000 0.000 4
1770200593.3541 Rx ;48gyro 0.008240 -0.015259 -0.106750 105.098
1770200593.3542 Rx ;86acc 0.399902 -0.001709 0.889893 105.098
1770200593.3553 Rx ;91pose 105.0990 0.723 0.198 1.5844 -2.7172
1770200593.3564 Rx ;14ird 0.531 0.117 4792 16474 1
1770200593.3596 Rx ;48livn 33 36 47 75 76 40 39 45 184
1770200593.3597 Rx ;84vel 105.1040 0.000 0.000 0.0000 0.000 4
1770200593.3598 Rx ;78pose 105.1040 0.723 0.198 1.5844 -2.7172
1770200593.3630 Rx ;91mca 0.000 0.000 17
1770200593.3631 Rx ;75liv 27 35 41 57 69 41 31 29 25
1770200593.3653 Rx ;83pose 105.1090 0.723 0.198 1.5844 -2.7172
1770200593.3664 Rx ;37gyro -0.235901 0.320435 -0.045715 105.110
1770200593.3665 Rx ;73acc 0.398682 -0.007568 0.895264 105.110
1770200593.3676 Rx ;83vel 105.1120 0.000 0.000 0.0000 0.000 4
1770200593.3698 Rx ;51livn 32 36 47 75 76 40 38 45 189
1770200593.3698 Rx ;79pose 105.1140 0.723 0.198 1.5844 -2.7172
1770200593.3731 Rx ;36mot 0 0 0.1 0.1 0
1770200593.3752 Rx ;84pose 105.1190 0.723 0.198 1.5844 -2.7172
1770200593.3753 Rx ;82vel 105.1200 0.000 0.000 0.0000 0.000 4
1770200593.3786 Rx ;16gyro 0.008240 0.076294 -0.289856 105.122
1770200593.3786 Rx ;55acc 0.399414 -0.003662 0.894043 105.122
1770200593.3798 Rx ;47livn 32 36 47 75 76 40 38 45 194
1770200593.3798 Rx ;81pose 105.1240 0.723 0.198 1.5844 -2.7173
1770200593.3820 Rx ;24ird 0.534 0.118 4777 16378 1
1770200593.3831 Rx ;90vel 105.1280 0.000 0.000 0.0000 0.000 4
1770200593.3853 Rx ;86pose 105.1290 0.723 0.198 1.5844 -2.7173
1770200593.3896 Rx ;53livn 32 36 47 76 76 40 39 44 199
1770200593.3897 Rx ;07gyro -0.052795 -0.137329 -0.015198 105.134
1770200593.3897 Rx ;54acc 0.396240 -0.002930 0.889404 105.134
1770200593.3898 Rx ;82pose 105.1340 0.723 0.198 1.5844 -2.7173
1770200593.3920 Rx ;89vel 105.1360 0.000 0.000 0.0000 0.000 4
1770200593.3952 Rx ;88pose 105.1390 0.723 0.198 1.5844 -2.7174
1770200593.3964 Rx ;36mca -0.000 0.000 16
1770200593.3996 Rx ;42livn 33 37 47 75 76 41 39 44 204
1770200593.3997 Rx ;88vel 105.1440 0.000 0.000 0.0000 0.000 4
1770200593.3997 Rx ;84pose 105.1440 0.723 0.198 1.5844 -2.7174
1770200593.4019 Rx ;33gyro -0.113831 -0.106812 0.015320 105.146
1770200593.4020 Rx ;78acc 0.398193 -0.004883 0.895752 105.146
1770200593.4052 Rx ;89pose 105.1490 0.723 0.198 1.5844 -2.7174
1770200593.4064 Rx ;36mot 0 0 0.1 0.1 0
1770200593.4064 Rx ;02ird 0.530 0.117 4800 16482 1
1770200593.4075 Rx ;87vel 105.1520 0.000 0.000 0.0000 0.000 4
1770200593.4097 Rx ;48livn 33 37 47 75 77 41 39 44 209
1770200593.4098 Rx ;85pose 105.1540 0.723 0.198 1.5844 -2.7174
1770200593.4130 Rx ;82liv 27 38 45 58 70 44 37 27 25
1770200593.4142 Rx ;74gyro -0.205383 -0.289917 0.045837 105.158
1770200593.4142 Rx ;69acc 0.397217 -0.001709 0.877930 105.158
1770200593.4154 Rx ;90pose 105.1590 0.723 0.198 1.5844 -2.7174
1770200593.4154 Rx ;86vel 105.1600 0.000 0.000 0.0000 0.000 4
1770200593.4197 Rx ;43livn 33 37 47 75 77 40 39 44 214
1770200593.4198 Rx ;87pose 105.1640 0.723 0.198 1.5844 -2.7175
1770200593.4241 Rx ;94vel 105.1680 0.000 0.000 0.0000 0.000 4
1770200593.4252 Rx ;93pose 105.1690 0.723 0.198 1.5844 -2.7176
1770200593.4264 Rx ;57gyro 0.313416 -0.076294 -0.137268 105.170
1770200593.4264 Rx ;58acc 0.408447 -0.000488 0.907471 105.170
1770200593.4297 Rx ;91mca 0.000 0.000 17
1770200593.4297 Rx ;48livn 33 36 47 75 77 41 39 44 219
1770200593.4298 Rx ;88pose 105.1740 0.723 0.198 1.5844 -2.7175
1770200593.4320 Rx ;19ird 0.553 0.117 4666 16466 1
1770200593.4320 Rx ;93vel 105.1760 0.000 0.000 0.0000 0.000 4
1770200593.4353 Rx ;93pose 105.1790 0.723 0.198 1.5844 -2.7175
1770200593.4386 Rx ;90gyro 0.099792 -0.259399 -0.259338 105.182
1770200593.4386 Rx ;62acc 0.412598 -0.001709 0.921387 105.182
1770200593.4387 Rx ;36mot 0 0 0.1 0.1 0
1770200593.4398 Rx ;45livn 33 37 47 75 77 41 39 44 224
1770200593.4399 Rx ;92vel 105.1840 0.000 0.000 0.0000 0.000 4
1770200593.4399 Rx ;89pose 105.1840 0.723 0.198 1.5844 -2.7175
1770200593.4453 Rx ;95pose 105.1890 0.723 0.198 1.5844 -2.7176
1770200593.4475 Rx ;91vel 105.1920 0.000 0.000 0.0000 0.000 4
1770200593.4477 Txd ;21motv 0 0
1770200593.4497 Rx ;48livn 33 37 47 75 77 40 38 44 229
1770200593.4497 Rx ;10gyro -0.113831 -0.198364 -0.350891 105.194
1770200593.4498 Rx ;46acc 0.402832 -0.001709 0.852051 105.194
1770200593.4499 Rx ;90pose 105.1940 0.723 0.198 1.5844 -2.7175
1770200593.4552 Rx ;95pose 105.1990 0.723 0.198 1.5844 -2.7175
1770200593.4553 Rx ;81vel 105.2000 0.000 0.000 0.0000 0.000 4
1770200593.4564 Rx ;25ird 0.556 0.117 4648 16496 1
1770200593.4566 Txd ;21motv 0 0
1770200593.4597 Rx ;44livn 32 37 47 75 77 41 38 44 234
1770200593.4597 Rx ;83pose 105.2040 0.723 0.198 1.5844 -2.7176
1770200593.4619 Rx ;06gyro 0.008240 0.106812 -0.167786 105.206
1770200593.4620 Rx ;90mca 0.000 0.000 16
1770200593.4621 Rx ;71acc 0.404053 0.001221 0.902100 105.206
1770200593.4632 Rx ;72liv 24 32 48 59 69 40 32 32 25
1770200593.4633 Rx ;89vel 105.2080 0.000 0.000 0.0000 0.000 4
1770200593.4637 Txd ;21motv 0 0
1770200593.4654 Rx ;87pose 105.2090 0.723 0.198 1.5844 -2.7175
1770200593.4697 Rx ;49livn 32 37 47 75 77 41 38 44 239
1770200593.4698 Rx ;83pose 105.2140 0.723 0.198 1.5844 -2.7175
1770200593.4720 Rx ;88vel 105.2160 0.000 0.000 0.0000 0.000 4
1770200593.4720 Rx ;36mot 0 0 0.1 0.1 0
1770200593.4742 Rx ;71gyro -0.235901 -0.259399 0.045837 105.218
1770200593.4743 Rx ;58acc 0.409668 -0.000244 0.913574 105.218
1770200593.4754 Rx ;88pose 105.2190 0.723 0.198 1.5844 -2.7175
1770200593.4797 Rx ;47livn 33 37 47 75 77 41 39 44 244
1770200593.4798 Rx ;87vel 105.2240 0.000 0.000 0.0000 0.000 4
1770200593.4798 Rx ;84pose 105.2240 0.723 0.198 1.5844 -2.7175
1770200593.4810 Rx ;13ird 0.556 0.117 4647 16512 1
1770200593.4828 Txd ;57leds 14 0 30 0
1770200593.4853 Rx ;87pose 105.2290 0.723 0.198 1.5844 -2.7173
1770200593.4864 Rx ;71gyro -0.357971 0.259399 -0.076233 105.230
1770200593.4865 Rx ;20acc 0.417969 0.000977 0.876221 105.230
1770200593.4876 Rx ;86vel 105.2320 0.000 0.000 0.0000 0.000 4
1770200593.4898 Rx ;52livn 33 37 47 75 77 41 39 44 249
1770200593.4898 Rx ;83pose 105.2340 0.723 0.198 1.5844 -2.7173
1770200593.4952 Rx ;91mca 0.000 0.000 17
1770200593.4952 Rx ;87pose 105.2390 0.723 0.198 1.5844 -2.7172
1770200593.4953 Rx ;85vel 105.2400 0.000 0.000 0.0000 0.000 4
1770200593.4985 Rx ;74gyro -0.144348 0.289917 -0.259338 105.242
1770200593.4986 Rx ;62acc 0.408936 -0.002441 0.898193 105.242
1770200593.4998 Rx ;48livn 33 37 47 75 77 41 39 44 254
1770200593.4998 Rx ;83pose 105.2440 0.723 0.198 1.5844 -2.7172
1770200593.5041 Rx ;93vel 105.2480 0.000 0.000 0.0000 0.000 4
1770200593.5052 Rx ;36mot 0 0 0.1 0.1 0
1770200593.5053 Rx ;87pose 105.2490 0.723 0.198 1.5844 -2.7171
1770200593.5064 Rx ;02ird 0.542 0.118 4730 16413 1
1770200593.5097 Rx ;53livn 33 37 47 75 77 41 39 44 259
1770200593.5098 Rx ;49gyro 0.008240 0.076294 0.015320 105.254
1770200593.5098 Rx ;67acc 0.409180 -0.006348 0.888428 105.254
1770200593.5099 Rx ;82pose 105.2540 0.723 0.198 1.5844 -2.7170
1770200593.5121 Rx ;92vel 105.2560 0.000 0.000 0.0000 0.000 4
1770200593.5132 Rx ;76liv 30 39 45 57 69 40 38 31 25
1770200593.5154 Rx ;87pose 105.2590 0.723 0.198 1.5844 -2.7170
1770200593.5197 Rx ;48livn 33 37 47 75 77 40 39 44 264
1770200593.5198 Rx ;91vel 105.2640 0.000 0.000 0.0000 0.000 4
1770200593.5198 Rx ;83pose 105.2640 0.723 0.198 1.5844 -2.7170
1770200593.5220 Rx ;26gyro 0.191345 0.595093 -0.137268 105.266
1770200593.5221 Rx ;30acc 0.406494 0.001465 0.887695 105.266
1770200593.5253 Rx ;96pose 105.2690 0.723 0.198 1.5844 -2.7169
1770200593.5275 Rx ;90vel 105.2720 0.000 0.000 0.0000 0.000 4
1770200593.5287 Rx ;90mca 0.000 0.000 16
1770200593.5298 Rx ;53livn 33 38 47 75 76 40 39 44 269
1770200593.5299 Rx ;92pose 105.2740 0.723 0.198 1.5844 -2.7169
1770200593.5321 Rx ;09ird 0.530 0.117 4800 16498 1
1770200593.5343 Rx ;57gyro -0.144348 0.503540 -0.228821 105.278
1770200593.5344 Rx ;18acc 0.405029 0.003418 0.914795 105.278
1770200593.5356 Rx ;97pose 105.2790 0.723 0.198 1.5844 -2.7169
1770200593.5357 Rx ;89vel 105.2800 0.000 0.000 0.0000 0.000 4
1770200593.5379 Rx ;36mot 0 0 0.1 0.1 0
1770200593.5392 Rx ;49livn 33 38 47 75 76 40 39 44 274
1770200593.5404 Rx ;93pose 105.2840 0.723 0.198 1.5844 -2.7169
1770200593.5436 Rx ;97vel 105.2880 0.000 0.000 0.0000 0.000 4
1770200593.5448 Rx ;98pose 105.2890 0.723 0.198 1.5844 -2.7169
1770200593.5459 Rx ;58gyro 0.130310 0.076294 0.076355 105.290
1770200593.5460 Rx ;75acc 0.395996 -0.000244 0.886475 105.290
1770200593.5492 Rx ;53livn 33 37 47 75 76 40 39 44 279
1770200593.5504 Rx ;94pose 105.2940 0.723 0.198 1.5844 -2.7169
1770200593.5516 Rx ;96vel 105.2960 0.000 0.000 0.0000 0.000 4
1770200593.5548 Rx ;91pose 105.2990 0.723 0.198 1.5844 -2.7170
1770200593.5570 Rx ;15ird 0.517 0.118 4885 16440 1
1770200593.5581 Rx ;75gyro 0.069275 0.228882 0.076355 105.302
1770200593.5582 Rx ;44acc 0.395020 -0.002930 0.883057 105.302
1770200593.5593 Rx ;49livn 33 37 47 75 76 40 39 44 284
1770200593.5594 Rx ;86vel 105.3040 0.000 0.000 0.0000 0.000 4
1770200593.5605 Rx ;78pose 105.3040 0.723 0.198 1.5844 -2.7170
1770200593.5616 Rx ;91mca 0.000 0.000 17
1770200593.5627 Rx ;82liv 24 36 49 59 64 35 38 32 25
1770200593.5649 Rx ;83pose 105.3090 0.723 0.198 1.5844 -2.7170
1770200593.5682 Rx ;85vel 105.3120 0.000 0.000 0.0000 0.000 4
1770200593.5693 Rx ;55livn 33 37 47 75 76 40 39 45 289
1770200593.5704 Rx ;29gyro 0.099792 0.228882 -0.198303 105.314
1770200593.5705 Rx ;77acc 0.399414 -0.004883 0.896729 105.314
1770200593.5706 Rx ;79pose 105.3140 0.723 0.198 1.5844 -2.7170
1770200593.5706 Rx ;36mot 0 0 0.1 0.1 0
1770200593.5749 Rx ;85pose 105.3190 0.723 0.198 1.5844 -2.7171
1770200593.5760 Rx ;84vel 105.3200 0.000 0.000 0.0000 0.000 4
1770200593.5793 Rx ;51livn 33 37 47 75 76 40 39 45 294
1770200593.5804 Rx ;81pose 105.3240 0.723 0.198 1.5844 -2.7171
1770200593.5815 Rx ;23ird 0.468 0.117 5238 16487 1
1770200593.5826 Rx ;06gyro -0.205383 -0.076294 -0.015198 105.326
1770200593.5827 Rx ;50acc 0.402344 -0.004639 0.905029 105.326
1770200593.5838 Rx ;92vel 105.3280 0.000 0.000 0.0000 0.000 4
1770200593.5850 Rx ;86pose 105.3290 0.723 0.198 1.5844 -2.7171
1770200593.5893 Rx ;56livn 33 37 47 75 76 40 39 45 299
1770200593.5904 Rx ;82pose 105.3340 0.723 0.198 1.5844 -2.7171
1770200593.5915 Rx ;91vel 105.3360 0.000 0.000 0.0000 0.000 4
1770200593.5937 Rx ;90mca 0.000 0.000 16
1770200593.5937 Rx ;28gyro -0.205383 -0.167847 -0.289856 105.338
1770200593.5938 Rx ;67acc 0.400635 -0.004395 0.896484 105.338
1770200593.5949 Rx ;88pose 105.3390 0.723 0.198 1.5844 -2.7172
1770200593.5992 Rx ;32livn 35 38 53 84 73 40 43 61 3
1770200593.5993 Rx ;90vel 105.3440 0.000 0.000 0.0000 0.000 4
1770200593.6004 Rx ;84pose 105.3440 0.723 0.198 1.5844 -2.7172
1770200593.6037 Rx ;36mot 0 0 0.1 0.1 0
1770200593.6058 Rx ;89pose 105.3490 0.723 0.198 1.5844 -2.7172
1770200593.6059 Rx ;47gyro 0.130310 -0.045776 -0.350891 105.350
1770200593.6060 Rx ;57acc 0.397705 -0.004150 0.887451 105.350
1770200593.6071 Rx ;12ird 0.449 0.117 5402 16448 1
1770200593.6072 Rx ;89vel 105.3520 0.000 0.000 0.0000 0.000 4
1770200593.6094 Rx ;37livn 32 41 53 82 72 42 47 58 8
1770200593.6105 Rx ;85pose 105.3540 0.723 0.198 1.5844 -2.7172
1770200593.6137 Rx ;71liv 24 34 46 61 67 41 36 35 25
1770200593.6149 Rx ;90pose 105.3590 0.723 0.198 1.5844 -2.7172
1770200593.6160 Rx ;88vel 105.3600 0.000 0.000 0.0000 0.000 4
1770200593.6182 Rx ;59gyro 0.069275 -0.350952 -0.106750 105.362
1770200593.6183 Rx ;29acc 0.399658 0.001465 0.887207 105.362
1770200593.6194 Rx ;71livn 31 40 50 77 71 41 44 54 13
1770200593.6205 Rx ;87pose 105.3640 0.723 0.198 1.5844 -2.7173
1770200593.6238 Rx ;96vel 105.3680 0.000 0.000 0.0000 0.000 4
1770200593.6249 Rx ;92pose 105.3690 0.723 0.198 1.5844 -2.7173
1770200593.6271 Rx ;37mca -0.000 0.000 17
1770200593.6293 Rx ;77livn 32 40 50 77 74 41 43 52 18
1770200593.6304 Rx ;67gyro -0.205383 -0.076294 0.228943 105.374
1770200593.6305 Rx ;33acc 0.413818 0.001953 0.895996 105.374
1770200593.6305 Rx ;87pose 105.3740 0.723 0.198 1.5844 -2.7172
1770200593.6317 Rx ;95vel 105.3760 0.000 0.000 0.0000 0.000 4
1770200593.6317 Rx ;15ird 0.433 0.117 5544 16469 1
1770200593.6350 Rx ;84pose 105.3800 0.723 0.198 1.5844 -2.7172
1770200593.6371 Rx ;36mot 0 0 0.1 0.1 0
1770200593.6393 Rx ;86livn 33 39 49 77 74 40 42 50 23
1770200593.6394 Rx ;94vel 105.3840 0.000 0.000 0.0000 0.000 4
1770200593.6405 Rx ;88pose 105.3850 0.723 0.198 1.5844 -2.7171
1770200593.6427 Rx ;55gyro -0.235901 0.106812 -0.198303 105.386
1770200593.6428 Rx ;62acc 0.415039 -0.001953 0.890625 105.386
1770200593.6449 Rx ;84pose 105.3900 0.723 0.198 1.5844 -2.7171
1770200593.6482 Rx ;93vel 105.3920 0.000 0.000 0.0000 0.000 4
1770200593.6493 Rx ;91livn 33 38 50 79 75 40 41 48 28
1770200593.6504 Rx ;88pose 105.3950 0.723 0.198 1.5844 -2.7170
1770200593.6537 Rx ;22gyro -0.113831 -0.137329 -0.289856 105.398
1770200593.6538 Rx ;74acc 0.411133 -0.002686 0.887939 105.398
1770200593.6560 Rx ;75pose 105.4000 0.723 0.198 1.5844 -2.7170
1770200593.6560 Rx ;83vel 105.4000 0.000 0.000 0.0000 0.000 4
1770200593.6571 Rx ;18ird 0.428 0.117 5590 16485 1
1770200593.6593 Rx ;99livn 33 37 49 77 75 40 39 48 33
1770200593.6605 Rx ;90mca 0.000 0.000 16
1770200593.6605 Rx ;88pose 105.4050 0.723 0.198 1.5844 -2.7169
1770200593.6637 Rx ;65liv 26 32 45 60 70 39 35 31 25
1770200593.6638 Rx ;91vel 105.4080 0.000 0.000 0.0000 0.000 4
1770200593.6660 Rx ;84pose 105.4100 0.723 0.198 1.5844 -2.7169
1770200593.6661 Rx ;12gyro -0.388489 -0.106812 -0.137268 105.410
1770200593.6661 Rx ;41acc 0.411621 -0.007812 0.890137 105.410
1770200593.6694 Rx ;10livn 35 38 49 79 76 40 39 47 38
1770200593.6705 Rx ;36mot 0 0 0.1 0.1 0
1770200593.6705 Rx ;89pose 105.4150 0.723 0.198 1.5844 -2.7169
1770200593.6717 Rx ;90vel 105.4160 0.000 0.000 0.0000 0.000 4
1770200593.6760 Rx ;85pose 105.4200 0.723 0.198 1.5844 -2.7169
1770200593.6782 Rx ;08gyro 0.160828 0.137329 -0.106750 105.422
1770200593.6782 Rx ;14acc 0.407715 0.000488 0.889160 105.422
1770200593.6794 Rx ;04livn 34 38 48 79 77 41 38 46 43
1770200593.6794 Rx ;89vel 105.4240 0.000 0.000 0.0000 0.000 4
1770200593.6806 Rx ;89pose 105.4250 0.723 0.198 1.5844 -2.7168
1770200593.6817 Rx ;22ird 0.429 0.118 5581 16379 1
1770200593.6836 Txd ;64leds 14 0 55 0
1770200593.6860 Rx ;85pose 105.4300 0.723 0.198 1.5844 -2.7168
1770200593.6882 Rx ;88vel 105.4320 0.000 0.000 0.0000 0.000 4
1770200593.6893 Rx ;08livn 34 38 48 79 76 41 38 46 48
1770200593.6904 Rx ;07gyro 0.008240 0.228882 -0.076233 105.434
1770200593.6905 Rx ;13acc 0.405762 0.002930 0.895264 105.434
1770200593.6906 Rx ;89pose 105.4350 0.723 0.198 1.5844 -2.7167
1770200593.6928 Rx ;91mca 0.000 0.000 17
1770200593.6960 Rx ;85pose 105.4400 0.723 0.198 1.5844 -2.7167
1770200593.6961 Rx ;87vel 105.4400 0.000 0.000 0.0000 0.000 4
1770200593.6993 Rx ;03livn 34 38 48 78 76 41 38 46 53
1770200593.7004 Rx ;90pose 105.4450 0.723 0.198 1.5844 -2.7167
1770200593.7026 Rx ;59gyro -0.113831 0.045776 -0.411926 105.446
1770200593.7027 Rx ;21acc 0.396973 0.003662 0.891113 105.446
1770200593.7028 Rx ;36mot 0 0 0.1 0.1 0
1770200593.7039 Rx ;95vel 105.4480 0.000 0.000 0.0000 0.000 4
1770200593.7050 Rx ;86pose 105.4500 0.723 0.198 1.5844 -2.7167
1770200593.7072 Rx ;24ird 0.438 0.117 5498 16519 1
1770200593.7093 Rx ;08livn 33 38 48 78 76 42 38 46 58
1770200593.7105 Rx ;92pose 105.4550 0.723 0.198 1.5844 -2.7168
1770200593.7116 Rx ;94vel 105.4560 0.000 0.000 0.0000 0.000 4
1770200593.7127 Rx ;77liv 25 36 46 60 69 42 34 29 25
1770200593.7138 Rx ;59gyro -0.235901 0.381470 -0.228821 105.458
1770200593.7139 Rx ;78acc 0.397705 -0.002197 0.891846 105.458
1770200593.7150 Rx ;88pose 105.4600 0.723 0.198 1.5844 -2.7168
1770200593.7194 Rx ;05livn 34 38 48 78 76 42 38 46 63
1770200593.7194 Rx ;93vel 105.4640 0.000 0.000 0.0000 0.000 4
1770200593.7205 Rx ;93pose 105.4650 0.723 0.198 1.5844 -2.7168
1770200593.7259 Rx ;89pose 105.4700 0.723 0.198 1.5844 -2.7168
1770200593.7260 Rx ;90mca 0.000 0.000 16
1770200593.7261 Rx ;65gyro -0.144348 0.167847 -0.076233 105.470
1770200593.7261 Rx ;65acc 0.395752 -0.000732 0.895752 105.470
1770200593.7273 Rx ;92vel 105.4720 0.000 0.000 0.0000 0.000 4
1770200593.7295 Rx ;11livn 34 38 48 78 76 42 39 46 68
1770200593.7306 Rx ;95pose 105.4750 0.723 0.198 1.5844 -2.7169
1770200593.7318 Rx ;18ird 0.450 0.117 5389 16484 1
1770200593.7351 Rx ;91pose 105.4800 0.723 0.198 1.5844 -2.7169
1770200593.7362 Rx ;91vel 105.4800 0.000 0.000 0.0000 0.000 4
1770200593.7363 Rx ;36mot 0 0 0.1 0.1 0
1770200593.7386 Rx ;73gyro 0.038757 -0.106812 -0.167786 105.482
1770200593.7387 Rx ;75acc 0.394287 -0.002441 0.896973 105.482
1770200593.7398 Rx ;04livn 32 38 48 79 76 41 38 46 73
1770200593.7409 Rx ;88pose 105.4850 0.723 0.198 1.5844 -2.7170
1770200593.7442 Rx ;99vel 105.4880 0.000 0.000 0.0000 0.000 4
1770200593.7453 Rx ;84pose 105.4900 0.723 0.198 1.5844 -2.7170
1770200593.7473 Qu 1 ;99!leds 16 0 64 0
1770200593.7475 Tx ;99!leds 16 0 64 0
1770200593.7486 Rx ;89confirm !leds 16 0 64 0
1770200593.7497 Rx ;10livn 32 38 49 79 76 41 38 46 78
1770200593.7497 Rx ;51gyro 0.099792 0.045776 -0.289856 105.494
1770200593.7498 Rx ;72acc 0.392822 -0.003662 0.888184 105.494
1770200593.7509 Rx ;90pose 105.4950 0.723 0.198 1.5844 -2.7171
1770200593.7521 Rx ;98vel 105.4960 0.000 0.000 0.0000 0.000 4
1770200593.7553 Rx ;77pose 105.5000 0.723 0.198 1.5844 -2.7171
1770200593.7575 Rx ;18ird 0.457 0.117 5328 16538 1
1770200593.7597 Rx ;91mca 0.000 0.000 17
1770200593.7597 Rx ;06livn 32 38 49 78 77 41 38 46 83
1770200593.7598 Rx ;88vel 105.5040 0.000 0.000 0.0000 0.000 4
1770200593.7609 Rx ;83pose 105.5050 0.723 0.198 1.5844 -2.7172
1770200593.7620 Rx ;69gyro 0.038757 -0.137329 -0.137268 105.506
1770200593.7621 Rx ;69acc 0.396240 -0.002930 0.893799 105.506
1770200593.7632 Rx ;73liv 22 33 47 62 69 38 35 31 25
1770200593.7654 Rx ;46hbt 105.5090 107 1033 15.66 4 8 8.9 0.31 0
1770200593.7655 Rx ;79pose 105.5100 0.723 0.198 1.5844 -2.7172
1770200593.7677 Rx ;87vel 105.5120 0.000 0.000 0.0000 0.000 4
1770200593.7688 Rx ;36mot 0 0 0.1 0.1 0
1770200593.7699 Rx ;10livn 32 38 49 78 76 41 38 46 88
1770200593.7710 Rx ;85pose 105.5150 0.723 0.198 1.5844 -2.7173
1770200593.7743 Rx ;72gyro 0.069275 -0.411987 -0.228821 105.518
1770200593.7744 Rx ;19acc 0.399414 0.001465 0.890381 105.518
1770200593.7755 Rx ;81pose 105.5200 0.723 0.198 1.5844 -2.7173
1770200593.7756 Rx ;86vel 105.5200 0.000 0.000 0.0000 0.000 4
1770200593.7799 Rx ;08livn 33 38 48 79 77 41 38 46 93
1770200593.7810 Rx ;87pose 105.5250 0.723 0.198 1.5844 -2.7174
1770200593.7821 Rx ;11ird 0.490 0.116 5075 16626 1
1770200593.7833 Rx ;94vel 105.5280 0.000 0.000 0.0000 0.000 4
1770200593.7854 Rx ;83pose 105.5300 0.723 0.198 1.5844 -2.7174
1770200593.7866 Rx ;48gyro -0.419006 -0.167847 0.015320 105.530
1770200593.7866 Rx ;54acc 0.404785 -0.000244 0.891357 105.530
1770200593.7899 Rx ;13livn 33 38 48 79 77 41 38 46 98
1770200593.7910 Rx ;88pose 105.5350 0.723 0.198 1.5844 -2.7174
1770200593.7922 Rx ;93vel 105.5360 0.000 0.000 0.0000 0.000 4
1770200593.7922 Rx ;90mca 0.000 0.000 16
1770200593.7954 Rx ;84pose 105.5400 0.723 0.198 1.5844 -2.7174
1770200593.7987 Rx ;08gyro -0.419006 -0.167847 -0.045715 105.542
1770200593.7988 Rx ;47acc 0.401611 -0.001953 0.894531 105.542
1770200593.7999 Rx ;47livn 33 38 48 78 77 41 38 46 103
1770200593.8000 Rx ;92vel 105.5440 0.000 0.000 0.0000 0.000 4
1770200593.8001 Rx ;89pose 105.5450 0.723 0.198 1.5844 -2.7174
1770200593.8022 Rx ;36mot 0 0 0.1 0.1 0
1770200593.8055 Rx ;85pose 105.5500 0.723 0.198 1.5844 -2.7174
1770200593.8066 Rx ;17ird 0.514 0.116 4906 16579 1
1770200593.8077 Rx ;91vel 105.5520 0.000 0.000 0.0000 0.000 4
1770200593.8099 Rx ;51livn 33 37 48 78 77 41 38 46 108
1770200593.8100 Rx ;06gyro -0.327454 -0.106812 -0.137268 105.554
1770200593.8100 Rx ;75acc 0.409668 -0.003662 0.897705 105.554
1770200593.8112 Rx ;90pose 105.5550 0.723 0.198 1.5844 -2.7174
1770200593.8133 Rx ;72liv 29 31 44 59 70 38 34 31 25
1770200593.8155 Rx ;90vel 105.5600 0.000 0.000 0.0000 0.000 4
1770200593.8156 Rx ;86pose 105.5600 0.723 0.198 1.5844 -2.7174
1770200593.8199 Rx ;47livn 34 37 48 78 77 40 38 46 113
1770200593.8210 Rx ;90pose 105.5650 0.723 0.198 1.5844 -2.7173
1770200593.8222 Rx ;01gyro -0.083313 -0.137329 -0.320374 105.566
1770200593.8222 Rx ;76acc 0.418945 -0.003174 0.888428 105.566
1770200593.8234 Rx ;98vel 105.5680 0.000 0.000 0.0000 0.000 4
1770200593.8256 Rx ;91mca 0.000 0.000 17
1770200593.8256 Rx ;86pose 105.5700 0.723 0.198 1.5844 -2.7173
1770200593.8299 Rx ;50livn 34 37 47 78 77 40 38 45 118
1770200593.8310 Rx ;90pose 105.5750 0.723 0.198 1.5844 -2.7172
1770200593.8322 Rx ;97vel 105.5760 0.000 0.000 0.0000 0.000 4
1770200593.8322 Rx ;06ird 0.525 0.117 4835 16510 1
1770200593.8344 Rx ;85gyro 0.099792 -0.228882 -0.228821 105.578
1770200593.8345 Rx ;15acc 0.416748 0.001221 0.896240 105.578
1770200593.8356 Rx ;36mot 0 0 0.1 0.1 0
1770200593.8356 Rx ;86pose 105.5800 0.723 0.198 1.5844 -2.7172
1770200593.8399 Rx ;45livn 33 37 47 78 77 40 38 45 123
1770200593.8400 Rx ;96vel 105.5840 0.000 0.000 0.0000 0.000 4
1770200593.8411 Rx ;90pose 105.5850 0.723 0.198 1.5844 -2.7171
1770200593.8465 Rx ;86pose 105.5900 0.723 0.198 1.5844 -2.7171
1770200593.8466 Rx ;73gyro 0.038757 -0.076294 -0.381409 105.590
1770200593.8467 Rx ;98acc 0.414062 0.000732 0.884033 105.590
1770200593.8478 Rx ;95vel 105.5920 0.000 0.000 0.0000 0.000 4
1770200593.8500 Rx ;49livn 33 37 48 77 76 40 38 45 128
1770200593.8511 Rx ;90pose 105.5950 0.723 0.198 1.5844 -2.7170
1770200593.8554 Rx ;85vel 105.6000 0.000 0.000 0.0000 0.000 4
1770200593.8565 Rx ;77pose 105.6000 0.723 0.198 1.5844 -2.7170
1770200593.8566 Rx ;20ird 0.551 0.118 4676 16377 1
1770200593.8579 Rx ;36mca -0.000 0.000 16
1770200593.8579 Rx ;91gyro 0.008240 0.106812 -0.076233 105.602
1770200593.8580 Rx ;58acc 0.409180 -0.002930 0.888672 105.602
1770200593.8591 Rx ;47livn 34 37 47 78 77 40 38 45 133
1770200593.8613 Rx ;82pose 105.6050 0.723 0.198 1.5844 -2.7170
1770200593.8635 Rx ;83liv 28 32 43 59 69 39 32 27 25
1770200593.8636 Rx ;93vel 105.6080 0.000 0.000 0.0000 0.000 4
1770200593.8658 Rx ;78pose 105.6100 0.723 0.198 1.5844 -2.7170
1770200593.8679 Rx ;36mot 0 0 0.1 0.1 0
1770200593.8691 Rx ;52livn 34 37 47 78 77 40 38 45 138
1770200593.8702 Rx ;19gyro 0.008240 0.167847 -0.259338 105.614
1770200593.8703 Rx ;03acc 0.405273 0.001953 0.891113 105.614
1770200593.8714 Rx ;83pose 105.6150 0.723 0.198 1.5844 -2.7170
1770200593.8715 Rx ;92vel 105.6160 0.000 0.000 0.0000 0.000 4
1770200593.8757 Rx ;87pose 105.6200 0.723 0.198 1.5844 -2.7169
1770200593.8800 Rx ;48livn 34 37 47 78 77 40 38 45 143
1770200593.8801 Rx ;91vel 105.6240 0.000 0.000 0.0000 0.000 4
1770200593.8812 Rx ;92pose 105.6250 0.723 0.198 1.5844 -2.7169
1770200593.8824 Rx ;16ird 0.555 0.117 4651 16485 1
1770200593.8824 Rx ;16gyro -0.174866 -0.045776 -0.106750 105.626
1770200593.8825 Rx ;16acc 0.403076 0.001221 0.895996 105.626
1770200593.8844 Txd ;62leds 14 0 80 0
1770200593.8857 Rx ;88pose 105.6300 0.723 0.198 1.5844 -2.7169
1770200593.8879 Rx ;90vel 105.6320 0.000 0.000 0.0000 0.000 4
1770200593.8901 Rx ;52livn 34 37 48 78 77 40 37 44 148
1770200593.8912 Rx ;85pose 105.6350 0.723 0.198 1.5844 -2.7170
1770200593.8913 Rx ;91mca 0.000 0.000 17
1770200593.8945 Rx ;71gyro -0.235901 0.198364 -0.137268 105.638
1770200593.8946 Rx ;83acc 0.399170 -0.005859 0.893555 105.638
1770200593.8957 Rx ;89vel 105.6400 0.000 0.000 0.0000 0.000 4
1770200593.8958 Rx ;81pose 105.6400 0.723 0.198 1.5844 -2.7170
1770200593.9001 Rx ;47livn 34 37 47 78 77 40 37 44 153
1770200593.9012 Rx ;87pose 105.6450 0.723 0.198 1.5844 -2.7171
1770200593.9013 Rx ;36mot 0 0 0.1 0.1 0
1770200593.9035 Rx ;97vel 105.6480 0.000 0.000 0.0000 0.000 4
1770200593.9056 Rx ;83pose 105.6500 0.723 0.198 1.5844 -2.7171
1770200593.9057 Rx ;64gyro 0.160828 0.320435 0.076355 105.650
1770200593.9058 Rx ;77acc 0.393555 -0.005371 0.899658 105.650
1770200593.9069 Rx ;16ird 0.555 0.116 4652 16584 1
1770200593.9091 Rx ;52livn 35 37 47 77 77 40 37 44 158
1770200593.9113 Rx ;88pose 105.6550 0.723 0.198 1.5844 -2.7171
1770200593.9114 Rx ;96vel 105.6560 0.000 0.000 0.0000 0.000 4
1770200593.9136 Rx ;77liv 30 34 45 59 67 38 32 27 25
1770200593.9158 Rx ;85pose 105.6600 0.723 0.198 1.5844 -2.7172
1770200593.9179 Rx ;55gyro -0.113831 -0.015259 0.259460 105.662
1770200593.9180 Rx ;70acc 0.398193 -0.000488 0.892090 105.662
1770200593.9191 Rx ;48livn 35 37 47 77 77 40 37 44 163
1770200593.9203 Rx ;95vel 105.6640 0.000 0.000 0.0000 0.000 4
1770200593.9214 Rx ;90pose 105.6650 0.723 0.198 1.5844 -2.7172
1770200593.9246 Rx ;90mca 0.000 0.000 16
1770200593.9258 Rx ;86pose 105.6700 0.723 0.198 1.5844 -2.7172
1770200593.9280 Rx ;94vel 105.6720 0.000 0.000 0.0000 0.000 4
1770200593.9292 Rx ;53livn 35 37 47 77 77 41 37 43 168
1770200593.9307 Rx ;13gyro -0.205383 -0.045776 -0.015198 105.674
1770200593.9308 Rx ;04acc 0.400391 0.000244 0.890625 105.674
1770200593.9311 Rx ;92pose 105.6750 0.723 0.198 1.5844 -2.7173
1770200593.9324 Rx ;23ird 0.558 0.116 4633 16688 1
1770200593.9337 Rx ;36mot 0 0 0.1 0.1 0
1770200593.9359 Rx ;93vel 105.6800 0.000 0.000 0.0000 0.000 4
1770200593.9361 Rx ;88pose 105.6800 0.723 0.198 1.5844 -2.7173
1770200593.9394 Rx ;50livn 35 37 47 77 77 41 38 43 173
1770200593.9406 Rx ;94pose 105.6850 0.723 0.198 1.5844 -2.7174
1770200593.9418 Rx ;35gyro -0.296936 -0.289917 -0.045715 105.686
1770200593.9420 Rx ;95acc 0.402100 0.001465 0.891113 105.686
1770200593.9433 Rx ;02vel 105.6880 0.000 0.000 0.0000 0.000 4
1770200593.9440 Txd ;21motv 0 0
1770200593.9466 Rx ;90pose 105.6900 0.723 0.198 1.5844 -2.7174
1770200593.9498 Rx ;57livn 35 38 48 77 77 41 38 43 178
1770200593.9510 Rx ;95pose 105.6950 0.723 0.198 1.5844 -2.7174
1770200593.9521 Rx ;01vel 105.6960 0.000 0.000 0.0000 0.000 4
1770200593.9529 Txd ;21motv 0 0
1770200593.9543 Rx ;83gyro -0.266418 -0.198364 0.259460 105.698
1770200593.9546 Rx ;63acc 0.400146 -0.005127 0.895508 105.698
1770200593.9557 Rx ;83pose 105.7000 0.723 0.198 1.5844 -2.7175
1770200593.9569 Rx ;22ird 0.557 0.116 4643 16579 1
1770200593.9570 Rx ;91mca 0.000 0.000 17
1770200593.9592 Rx ;53livn 35 38 48 77 77 41 38 43 183
1770200593.9603 Rx ;90vel 105.7040 0.000 0.000 0.0000 0.000 4
1770200593.9612 Txd ;21motv 0 0
1770200593.9615 Rx ;88pose 105.7050 0.723 0.198 1.5844 -2.7175
1770200593.9637 Rx ;87liv 27 40 48 59 68 44 36 29 25
1770200593.9659 Rx ;84pose 105.7100 0.723 0.198 1.5844 -2.7175
1770200593.9660 Rx ;14gyro -0.296936 -0.137329 -0.015198 105.710
1770200593.9660 Rx ;60acc 0.407227 -0.002686 0.887451 105.710
1770200593.9672 Rx ;36mot 0 0 0.1 0.1 0
1770200593.9673 Rx ;89vel 105.7120 0.000 0.000 0.0000 0.000 4
1770200593.9696 Rx ;58livn 35 38 48 77 77 41 38 43 188
1770200593.9707 Rx ;89pose 105.7150 0.723 0.198 1.5844 -2.7175
1770200593.9761 Rx ;88vel 105.7200 0.000 0.000 0.0000 0.000 4
1770200593.9762 Rx ;85pose 105.7200 0.723 0.198 1.5844 -2.7175
1770200593.9783 Rx ;08gyro -0.052795 -0.320435 -0.259338 105.722
1770200593.9784 Rx ;60acc 0.409424 -0.006592 0.890381 105.722
1770200593.9796 Rx ;54livn 35 38 48 77 77 41 38 43 193
1770200593.9807 Rx ;90pose 105.7250 0.723 0.198 1.5844 -2.7175
1770200593.9819 Rx ;07ird 0.560 0.118 4625 16415 1
1770200593.9841 Rx ;96vel 105.7280 0.000 0.000 0.0000 0.000 4
1770200593.9863 Rx ;85pose 105.7300 0.723 0.198 1.5844 -2.7174
1770200593.9896 Rx ;59livn 35 38 48 77 77 41 38 43 198
1770200593.9907 Rx ;36mca -0.000 0.000 16
1770200593.9908 Rx ;87gyro 0.099792 -0.259399 -0.015198 105.734
1770200593.9908 Rx ;65acc 0.411133 -0.001953 0.893799 105.734
1770200593.9909 Rx ;90pose 105.7350 0.723 0.198 1.5844 -2.7174
1770200593.9920 Rx ;95vel 105.7360 0.000 0.000 0.0000 0.000 4
1770200593.9965 Rx ;86pose 105.7400 0.723 0.198 1.5844 -2.7174
1770200593.9998 Rx ;46livn 35 38 48 77 77 41 38 43 203
1770200593.9999 Rx ;94vel 105.7440 0.000 0.000 0.0000 0.000 4
1770200594.0000 Rx ;36mot 0 0 0.1 0.1 0
1770200594.0011 Rx ;91pose 105.7450 0.723 0.198 1.5844 -2.7174
1770200594.0022 Rx ;36gyro 0.099792 0.045776 -0.228821 105.746
1770200594.0023 Rx ;07acc 0.409180 0.000732 0.891602 105.746
1770200594.0066 Rx ;86pose 105.7500 0.723 0.198 1.5844 -2.7173
1770200594.0067 Rx ;26ird 0.558 0.117 4635 16499 1
1770200594.0078 Rx ;93vel 105.7520 0.000 0.000 0.0000 0.000 4
1770200594.0100 Rx ;51livn 35 38 48 77 77 41 38 43 208
1770200594.0111 Rx ;91pose 105.7550 0.723 0.198 1.5844 -2.7173
1770200594.0133 Rx ;74liv 29 34 45 57 70 40 34 29 25
1770200594.0144 Rx ;18gyro -0.022278 -0.167847 -0.045715 105.758
1770200594.0145 Rx ;82acc 0.406494 -0.001709 0.889648 105.758
1770200594.0156 Rx ;92vel 105.7600 0.000 0.000 0.0000 0.000 4
1770200594.0157 Rx ;87pose 105.7600 0.723 0.198 1.5844 -2.7173
1770200594.0200 Rx ;47livn 35 38 48 77 77 41 38 43 213
1770200594.0211 Rx ;91pose 105.7650 0.723 0.198 1.5844 -2.7172
1770200594.0233 Rx ;91mca 0.000 0.000 17
1770200594.0233 Rx ;01vel 105.7680 0.000 0.000 0.0000 0.000 4
1770200594.0265 Rx ;87pose 105.7700 0.723 0.198 1.5844 -2.7172
1770200594.0266 Rx ;19gyro -0.144348 -0.045776 -0.259338 105.770
1770200594.0267 Rx ;73acc 0.406738 -0.002197 0.888184 105.770
1770200594.0299 Rx ;52livn 35 38 48 77 77 41 38 43 218
1770200594.0311 Rx ;92pose 105.7750 0.723 0.198 1.5844 -2.7172
1770200594.0322 Rx ;99vel 105.7760 0.000 0.000 0.0000 0.000 4
1770200594.0323 Rx ;23ird 0.557 0.118 4639 16393 1
1770200594.0334 Rx ;36mot 0 0 0.1 0.1 0
1770200594.0366 Rx ;88pose 105.7800 0.723 0.198 1.5844 -2.7172
1770200594.0388 Rx ;64gyro -0.052795 0.015259 -0.076233 105.782
1770200594.0389 Rx ;69acc 0.402832 -0.000977 0.893555 105.782
1770200594.0400 Rx ;48livn 35 38 48 77 77 41 38 43 223
1770200594.0401 Rx ;98vel 105.7840 0.000 0.000 0.0000 0.000 4
1770200594.0412 Rx ;93pose 105.7850 0.723 0.198 1.5844 -2.7172
1770200594.0465 Rx ;89pose 105.7900 0.723 0.198 1.5844 -2.7172
1770200594.0477 Rx ;97vel 105.7920 0.000 0.000 0.0000 0.000 4
1770200594.0498 Rx ;52livn 35 38 48 76 77 41 38 43 228
1770200594.0499 Rx ;28gyro -0.113831 0.198364 0.198425 105.794
1770200594.0500 Rx ;74acc 0.401367 -0.000977 0.893555 105.794
1770200594.0511 Rx ;94pose 105.7950 0.723 0.198 1.5844 -2.7172
1770200594.0554 Rx ;87vel 105.8000 0.000 0.000 0.0000 0.000 4
1770200594.0565 Rx ;81pose 105.8000 0.723 0.198 1.5844 -2.7172
1770200594.0566 Rx ;90mca 0.000 0.000 16
1770200594.0566 Rx ;19ird 0.559 0.117 4630 16478 1
1770200594.0599 Rx ;48livn 35 38 48 76 77 41 38 43 233
1770200594.0610 Rx ;86pose 105.8050 0.723 0.198 1.5844 -2.7172
1770200594.0621 Rx ;20gyro 0.069275 0.137329 -0.076233 105.806
1770200594.0622 Rx ;75acc 0.397217 -0.000732 0.889893 105.806
1770200594.0633 Rx ;73liv 25 35 46 57 65 42 37 30 25
1770200594.0634 Rx ;95vel 105.8080 0.000 0.000 0.0000 0.000 4
1770200594.0666 Rx ;36mot 0 0 0.1 0.1 0
1770200594.0667 Rx ;82pose 105.8100 0.723 0.198 1.5844 -2.7172
1770200594.0699 Rx ;52livn 35 38 48 76 76 41 38 43 238
1770200594.0710 Rx ;88pose 105.8150 0.723 0.198 1.5844 -2.7173
1770200594.0721 Rx ;94vel 105.8160 0.000 0.000 0.0000 0.000 4
1770200594.0743 Rx ;75gyro -0.205383 0.259399 -0.015198 105.818
1770200594.0744 Rx ;59acc 0.404541 -0.004150 0.896484 105.818
1770200594.0766 Rx ;84pose 105.8200 0.723 0.198 1.5844 -2.7173
1770200594.0798 Rx ;48livn 35 38 48 76 76 41 38 43 243
1770200594.0799 Rx ;93vel 105.8240 0.000 0.000 0.0000 0.000 4
1770200594.0810 Rx ;89pose 105.8250 0.723 0.198 1.5844 -2.7173
1770200594.0821 Rx ;24ird 0.569 0.118 4574 16438 1
1770200594.0852 Txd ;09leds 14 0 105 0
1770200594.0864 Rx ;85pose 105.8300 0.723 0.198 1.5844 -2.7173
1770200594.0865 Rx ;28gyro -0.052795 -0.045776 -0.289856 105.830
1770200594.0866 Rx ;99acc 0.403564 0.001221 0.892822 105.830
1770200594.0877 Rx ;92vel 105.8320 0.000 0.000 0.0000 0.000 4
1770200594.0888 Rx ;91mca 0.000 0.000 17
1770200594.0899 Rx ;52livn 34 38 48 76 76 41 38 43 248
1770200594.0910 Rx ;90pose 105.8350 0.723 0.198 1.5844 -2.7173
1770200594.0953 Rx ;91vel 105.8400 0.000 0.000 0.0000 0.000 4
1770200594.0965 Rx ;86pose 105.8400 0.723 0.198 1.5844 -2.7173
1770200594.0987 Rx ;58gyro -0.266418 -0.106812 0.137390 105.842
1770200594.0987 Rx ;74acc 0.397949 -0.000732 0.893066 105.842
1770200594.0988 Rx ;36mot 0 0 0.1 0.1 0
1770200594.0999 Rx ;50livn 35 38 48 77 76 41 38 43 253
1770200594.1011 Rx ;91pose 105.8450 0.723 0.198 1.5844 -2.7173
1770200594.1043 Rx ;99vel 105.8480 0.000 0.000 0.0000 0.000 4
1770200594.1065 Rx ;88pose 105.8500 0.723 0.198 1.5844 -2.7174
1770200594.1066 Rx ;17ird 0.584 0.117 4492 16481 1
1770200594.1098 Rx ;53livn 34 38 48 76 76 41 38 43 258
1770200594.1099 Rx ;03gyro -0.235901 -0.015259 -0.045715 105.854
1770200594.1100 Rx ;62acc 0.403564 -0.002197 0.890381 105.854
1770200594.1111 Rx ;93pose 105.8550 0.723 0.198 1.5844 -2.7174
1770200594.1122 Rx ;98vel 105.8560 0.000 0.000 0.0000 0.000 4
1770200594.1133 Rx ;79liv 23 34 48 58 67 38 35 31 25
1770200594.1166 Rx ;89pose 105.8600 0.723 0.198 1.5844 -2.7174
1770200594.1198 Rx ;50livn 35 38 48 76 76 41 38 43 263
1770200594.1199 Rx ;97vel 105.8640 0.000 0.000 0.0000 0.000 4
1770200594.1210 Rx ;94pose 105.8650 0.723 0.198 1.5844 -2.7174
1770200594.1221 Rx ;90mca 0.000 0.000 16
1770200594.1222 Rx ;61gyro -0.113831 0.015259 -0.350891 105.866
1770200594.1223 Rx ;72acc 0.406006 -0.004395 0.894775 105.866
1770200594.1266 Rx ;90pose 105.8700 0.723 0.198 1.5844 -2.7174
1770200594.1286 Rx ;96vel 105.8720 0.000 0.000 0.0000 0.000 4
1770200594.1298 Rx ;55livn 35 38 48 76 76 41 38 43 268
1770200594.1310 Rx ;95pose 105.8750 0.723 0.198 1.5844 -2.7174
1770200594.1321 Rx ;03ird 0.583 0.117 4500 16523 1
1770200594.1322 Rx ;36mot 0 0 0.1 0.1 0
1770200594.1350 Rx ;16gyro -0.113831 -0.198364 -0.228821 105.878
1770200594.1351 Rx ;37acc 0.409912 0.000488 0.894287 105.879
1770200594.1362 Rx ;95vel 105.8800 0.000 0.000 0.0000 0.000 4
1770200594.1363 Rx ;91pose 105.8800 0.723 0.198 1.5844 -2.7174
1770200594.1396 Rx ;51livn 35 38 48 76 76 41 38 43 273
1770200594.1399 Qu 1 ;44!leds 16 0 30 30
1770200594.1408 Tx ;44!leds 16 0 30 30
1770200594.1408 Rx ;96pose 105.8850 0.723 0.198 1.5844 -2.7174
1770200594.1420 Rx ;34confirm !leds 16 0 30 30
1770200594.1441 Rx ;04vel 105.8880 0.000 0.000 0.0000 0.000 4
1770200594.1463 Rx ;92pose 105.8900 0.723 0.198 1.5844 -2.7174
1770200594.1464 Rx ;69gyro -0.144348 0.045776 -0.228821 105.890
1770200594.1464 Rx ;80acc 0.403809 -0.000488 0.887695 105.891
1770200594.1496 Rx ;56livn 35 38 48 76 76 41 38 43 278
1770200594.1508 Rx ;97pose 105.8950 0.723 0.198 1.5844 -2.7174
1770200594.1519 Rx ;03vel 105.8960 0.000 0.000 0.0000 0.000 4
1770200594.1551 Rx ;91mca 0.000 0.000 17
1770200594.1562 Rx ;84pose 105.9000 0.723 0.198 1.5844 -2.7174
1770200594.1574 Rx ;30ird 0.589 0.118 4469 16385 1
1770200594.1585 Rx ;65gyro 0.008240 -0.045776 -0.167786 105.902
1770200594.1586 Rx ;55acc 0.405518 -0.005371 0.890381 105.903
1770200594.1597 Rx ;53livn 35 38 48 76 76 41 38 44 283
1770200594.1598 Rx ;92vel 105.9040 0.000 0.000 0.0000 0.000 4
1770200594.1609 Rx ;88pose 105.9050 0.723 0.198 1.5844 -2.7173
1770200594.1631 Rx ;70liv 31 34 45 57 69 42 35 30 25
1770200594.1653 Rx ;36mot 0 0 0.1 0.1 0
1770200594.1664 Rx ;84pose 105.9100 0.723 0.198 1.5844 -2.7173
1770200594.1675 Rx ;91vel 105.9120 0.000 0.000 0.0000 0.000 4
1770200594.1697 Rx ;58livn 35 38 48 76 76 41 38 44 288
1770200594.1708 Rx ;31gyro 0.099792 0.045776 -0.076233 105.914
1770200594.1709 Rx ;73acc 0.407227 -0.003662 0.887939 105.915
1770200594.1710 Rx ;89pose 105.9150 0.723 0.198 1.5844 -2.7173
1770200594.1763 Rx ;90vel 105.9200 0.000 0.000 0.0000 0.000 4
1770200594.1764 Rx ;85pose 105.9200 0.723 0.198 1.5844 -2.7173
1770200594.1796 Rx ;54livn 35 38 48 76 76 41 38 44 293
1770200594.1808 Rx ;89pose 105.9250 0.723 0.198 1.5844 -2.7172
1770200594.1819 Rx ;17ird 0.584 0.117 4494 16515 1
1770200594.1820 Rx ;32gyro 0.038757 0.198364 -0.045715 105.927
1770200594.1821 Rx ;60acc 0.405029 -0.001709 0.894531 105.927
1770200594.1843 Rx ;98vel 105.9280 0.000 0.000 0.0000 0.000 4
1770200594.1864 Rx ;85pose 105.9300 0.723 0.198 1.5844 -2.7172
1770200594.1886 Rx ;90mca 0.000 0.000 16
1770200594.1898 Rx ;58livn 34 38 48 76 76 41 38 44 298
1770200594.1909 Rx ;90pose 105.9350 0.723 0.198 1.5844 -2.7172
1770200594.1920 Rx ;97vel 105.9360 0.000 0.000 0.0000 0.000 4
1770200594.1942 Rx ;78gyro -0.113831 0.045776 -0.167786 105.939
1770200594.1943 Rx ;73acc 0.405518 -0.001465 0.894287 105.939
1770200594.1965 Rx ;86pose 105.9400 0.723 0.198 1.5844 -2.7172
1770200594.1976 Rx ;36mot 0 0 0.1 0.1 0
1770200594.1998 Rx ;37livn 35 48 45 74 73 38 34 41 2
1770200594.1998 Rx ;96vel 105.9440 0.000 0.000 0.0000 0.000 4
1770200594.2009 Rx ;91pose 105.9450 0.723 0.198 1.5844 -2.7172
1770200594.2063 Rx ;87pose 105.9500 0.723 0.198 1.5844 -2.7172
1770200594.2063 Rx ;55gyro -0.022278 0.015259 -0.076233 105.951
1770200594.2064 Rx ;51acc 0.406006 -0.003662 0.892090 105.951
1770200594.2075 Rx ;11ird 0.581 0.118 4509 16442 1
1770200594.2076 Rx ;95vel 105.9520 0.000 0.000 0.0000 0.000 4
1770200594.2098 Rx ;37livn 33 41 46 78 75 40 34 45 7
1770200594.2109 Rx ;92pose 105.9550 0.723 0.198 1.5844 -2.7172
1770200594.2131 Rx ;63liv 22 35 45 60 67 41 34 32 25
1770200594.2163 Rx ;94vel 105.9600 0.000 0.000 0.0000 0.000 4
1770200594.2164 Rx ;88pose 105.9600 0.723 0.198 1.5844 -2.7172
1770200594.2186 Rx ;71gyro -0.052795 0.228882 -0.320374 105.963
1770200594.2187 Rx ;50acc 0.400391 -0.003418 0.895020 105.963
1770200594.2198 Rx ;94livn 36 39 46 78 78 41 35 43 12
1770200594.2209 Rx ;91mca 0.000 0.000 17
1770200594.2210 Rx ;93pose 105.9650 0.723 0.198 1.5844 -2.7172
1770200594.2242 Rx ;03vel 105.9680 0.000 0.000 0.0000 0.000 4
1770200594.2264 Rx ;89pose 105.9700 0.723 0.198 1.5844 -2.7172
1770200594.2296 Rx ;88livn 36 36 44 76 78 40 35 40 17
1770200594.2307 Rx ;29gyro -0.083313 -0.167847 -0.167786 105.975
1770200594.2308 Rx ;65acc 0.402100 -0.000977 0.896484 105.975
1770200594.2309 Rx ;36mot 0 0 0.1 0.1 0
1770200594.2309 Rx ;94pose 105.9750 0.723 0.198 1.5844 -2.7172
1770200594.2321 Rx ;02vel 105.9760 0.000 0.000 0.0000 0.000 4
1770200594.2321 Rx ;25ird 0.587 0.117 4481 16488 1
1770200594.2364 Rx ;91pose 105.9800 0.723 0.198 1.5844 -2.7173
1770200594.2397 Rx ;85livn 35 37 45 74 77 41 35 42 22
1770200594.2398 Rx ;01vel 105.9840 0.000 0.000 0.0000 0.000 4
1770200594.2403 Qu 1 ;41!leds 16 0 0 0
1770200594.2404 Qu 2 ;42!servo 1 0 0
1770200594.2409 Tx ;41!leds 16 0 0 0
1770200594.2409 Rx ;96pose 105.9850 0.723 0.198 1.5844 -2.7173
1770200594.2420 Rx ;31confirm !leds 16 0 0 0
1770200594.2421 Tx ;42!servo 1 0 0
1770200594.2421 Rx ;47gyro -0.083313 -0.106812 0.015320 105.987
1770200594.2422 Rx ;66acc 0.400391 -0.007080 0.893555 105.987
1770200594.2423 Rx ;32confirm !servo 1 0 0
1770200594.2465 Rx ;92pose 105.9900 0.723 0.198 1.5844 -2.7173
1770200594.2477 Rx ;99vel 105.9920 0.000 0.000 0.0000 0.000 4
1770200594.2484 Txd ;21motv 0 0
1770200594.2498 Rx ;92livn 34 36 46 75 77 41 36 43 27
1770200594.2510 Rx ;97pose 105.9950 0.723 0.198 1.5844 -2.7173
1770200594.2542 Rx ;90mca 0.000 0.000 16
1770200594.2542 Rx ;03gyro 0.130310 0.106812 -0.106750 105.999
1770200594.2543 Rx ;56acc 0.402344 -0.003174 0.902344 105.999
1770200594.2554 Rx ;80vel 106.0000 0.000 0.000 0.0000 0.000 4
1770200594.2566 Rx ;75pose 106.0000 0.723 0.198 1.5844 -2.7173
1770200594.2567 Rx ;25ird 0.583 0.117 4498 16466 1
1770200594.2567 Txd ;21motv 0 0
1770200594.2599 Rx ;91livn 34 36 46 74 77 41 38 45 32
1770200594.2610 Rx ;80pose 106.0050 0.723 0.198 1.5844 -2.7173
1770200594.2632 Rx ;71liv 27 33 45 56 69 40 35 30 25
1770200594.2643 Rx ;88vel 106.0080 0.000 0.000 0.0000 0.000 4
1770200594.2644 Rx ;36mot 0 0 0.1 0.1 0
1770200594.2651 Txd ;21motv 0 0
1770200594.2655 Rx ;58dname Robobot Arthur
1770200594.2655 Rx ;33hbt 106.0090 107 1033 15.65 4 8 9.0 0.31 0
1770200594.2667 Rx ;76pose 106.0100 0.723 0.198 1.5844 -2.7173
1770200594.2668 Rx ;01gyro -0.052795 0.076294 0.015320 106.011
1770200594.2668 Rx ;34acc 0.401367 -0.004150 0.893311 106.011
1770200594.2701 Rx ;94livn 35 37 47 73 76 40 37 44 37
1770200594.2712 Rx ;82pose 106.0150 0.723 0.198 1.5844 -2.7174
1770200594.2723 Rx ;87vel 106.0160 0.000 0.000 0.0000 0.000 4
1770200594.2766 Rx ;78pose 106.0200 0.723 0.198 1.5844 -2.7174
1770200594.2788 Rx ;49gyro -0.052795 -0.473022 0.381531 106.023
1770200594.2789 Rx ;47acc 0.405762 -0.001465 0.891602 106.023
1770200594.2800 Rx ;96livn 35 38 48 73 76 41 39 45 42
1770200594.2801 Rx ;86vel 106.0240 0.000 0.000 0.0000 0.000 4
1770200594.2812 Rx ;83pose 106.0250 0.723 0.198 1.5844 -2.7174
1770200594.2824 Rx ;29ird 0.589 0.117 4469 16475 1
1770200594.2860 Txd ;62leds 14 0 80 0
1770200594.2867 Rx ;79pose 106.0300 0.723 0.198 1.5844 -2.7174
1770200594.2868 Rx ;91mca 0.000 0.000 17
1770200594.2879 Rx ;85vel 106.0320 0.000 0.000 0.0000 0.000 4
1770200594.2900 Rx ;98livn 34 38 48 72 75 41 38 46 47
1770200594.2912 Rx ;89gyro -0.235901 -0.320435 -0.045715 106.035
1770200594.2912 Rx ;59acc 0.405762 -0.001953 0.889404 106.035
1770200594.2913 Rx ;84pose 106.0350 0.723 0.198 1.5844 -2.7174
1770200594.2956 Rx ;84vel 106.0400 0.000 0.000 0.0000 0.000 4
1770200594.2968 Rx ;81pose 106.0410 0.723 0.198 1.5844 -2.7174
1770200594.2968 Rx ;36mot 0 0 0.1 0.1 0
1770200594.3000 Rx ;91livn 33 37 47 73 75 41 38 45 52
1770200594.3012 Rx ;86pose 106.0460 0.723 0.198 1.5844 -2.7174
1770200594.3034 Rx ;13gyro -0.205383 -0.045776 -0.472961 106.047
1770200594.3034 Rx ;58acc 0.406006 -0.003174 0.890869 106.047
1770200594.3035 Rx ;92vel 106.0480 0.000 0.000 0.0000 0.000 4
1770200594.3067 Rx ;82pose 106.0510 0.723 0.198 1.5844 -2.7174
1770200594.3068 Rx ;22ird 0.585 0.117 4487 16481 1
1770200594.3100 Rx ;95livn 32 37 48 73 76 40 37 45 57
1770200594.3112 Rx ;86pose 106.0560 0.723 0.198 1.5844 -2.7173
1770200594.3123 Rx ;91vel 106.0560 0.000 0.000 0.0000 0.000 4
1770200594.3127 Txd ;21motv 0 0
1770200594.3134 Rx ;73liv 22 33 45 56 68 39 34 31 25
1770200594.3145 Rx ;73gyro -0.357971 0.045776 -0.076233 106.059
1770200594.3146 Rx ;67acc 0.405762 -0.005615 0.895752 106.059
1770200594.3168 Rx ;82pose 106.0610 0.723 0.198 1.5844 -2.7173
1770200594.3200 Rx ;95livn 32 37 48 74 77 40 38 46 62
1770200594.3201 Rx ;90vel 106.0640 0.000 0.000 0.0000 0.000 4
1770200594.3202 Rx ;90mca 0.000 0.000 16
1770200594.3210 Txd ;21motv 0 0
1770200594.3213 Rx ;87pose 106.0660 0.723 0.198 1.5844 -2.7173
1770200594.3266 Rx ;83pose 106.0710 0.723 0.198 1.5844 -2.7173
1770200594.3267 Rx ;67gyro -0.205383 0.198364 -0.259338 106.071
1770200594.3268 Rx ;68acc 0.408691 -0.003418 0.888916 106.071
1770200594.3279 Rx ;89vel 106.0720 0.000 0.000 0.0000 0.000 4
1770200594.3289 Txd ;21motv 0 0
1770200594.3302 Rx ;96livn 31 36 48 74 77 40 37 45 67
1770200594.3302 Rx ;36mot 0 0 0.1 0.1 0
1770200594.3310 Qu 1 ;92!stop
1770200594.3311 Qu 2 ;39!leds 14 0 0 0
1770200594.3314 Tx ;92!stop
1770200594.3314 Rx ;88pose 106.0760 0.723 0.198 1.5844 -2.7173
1770200594.3325 Rx ;28ird 0.583 0.118 4499 16386 1
1770200594.3326 Rx ;61# stopping
1770200594.3327 Rx ;61# stopping
1770200594.3327 Rx ;82confirm !stop
1770200594.3327 Tx ;39!leds 14 0 0 0
1770200594.3352 Rx ;29confirm !leds 14 0 0 0
1770200594.3363 Rx ;88vel 106.0800 0.000 0.000 0.0000 0.000 4
1770200594.3364 Rx ;84pose 106.0810 0.723 0.198 1.5844 -2.7173
1770200594.3387 Rx ;25gyro 0.069275 0.045776 -0.015198 106.083
1770200594.3388 Rx ;68acc 0.406738 -0.004639 0.892822 106.083
1770200594.3399 Rx ;91livn 31 36 47 74 76 40 38 45 72
1770200594.3411 Rx ;89pose 106.0860 0.723 0.198 1.5844 -2.7173
1770200594.3415 Qu 1 ;40!leds 15 0 0 0
1770200594.3416 Qu 2 ;41!leds 16 0 0 0
1770200594.3423 Tx ;40!leds 15 0 0 0
1770200594.3433 Rx ;30confirm !leds 15 0 0 0
1770200594.3434 Tx ;41!leds 16 0 0 0
1770200594.3434 Rx ;96vel 106.0880 0.000 0.000 0.0000 0.000 4
1770200594.3445 Rx ;31confirm !leds 16 0 0 0
1770200594.3467 Rx ;85pose 106.0910 0.723 0.198 1.5844 -2.7173
1770200594.3499 Rx ;98livn 32 36 47 74 76 41 38 45 77
1770200594.3510 Rx ;23gyro 0.038757 -0.015259 0.106873 106.095
1770200594.3511 Rx ;76acc 0.404297 -0.001709 0.889648 106.095
1770200594.3512 Rx ;90pose 106.0960 0.723 0.198 1.5844 -2.7173
