% mqtt logfile, enabled=true
% broker=tcp://localhost:1883
% context=drive
% client id=tif_data
% system=robobot/ (top level ID)
% function=drive/ (next level name)
% 1 	Time (sec)
% 2 	Quality of service 0=max once, 1=at least once, 2=once, S=subscribe
% 3 	'Topic'
% 4 	Message / payload
1770200583.8318 0 'robobot/drive/T0/pose' 1770200583.8317 95.5750 0.000 0.000 0.0000 -2.6851
1770200583.8339 0 'robobot/drive/T0/mot' 1770200583.8339 0 0 0.1 0.1 0
1770200583.8361 0 'robobot/drive/T0/vel' 1770200583.8360 95.5800 0.000 0.000 0.0000 0.000 4
1770200583.8361 0 'robobot/drive/T0/gyro' 1770200583.8361 -2.890930 -0.534058 -3.738342 95.580
1770200583.8362 0 'robobot/drive/T0/acc' 1770200583.8361 0.424561 0.005371 0.891113 95.580
1770200583.8362 0 'robobot/drive/T0/livn' 1770200583.8362 31 28 39 65 60 41 32 38 238
1770200583.8363 0 'robobot/drive/T0/pose' 1770200583.8362 95.5800 0.000 0.000 0.0000 -2.6852
1770200583.8366 0 'robobot/drive/T0/mvel' 1770200583.8366 0.000 0.000
1770200583.8416 0 'robobot/drive/T0/pose' 1770200583.8415 95.5850 0.000 0.000 0.0000 -2.6853
1770200583.8437 0 'robobot/drive/T0/vel' 1770200583.8437 95.5880 0.000 0.000 0.0000 0.000 4
1770200583.8440 0 'robobot/drive/T0/mvel' 1770200583.8440 0.000 0.000
1770200583.8459 0 'robobot/drive/T0/livn' 1770200583.8458 31 28 39 66 61 40 32 38 243
1770200583.8470 0 'robobot/drive/T0/pose' 1770200583.8469 95.5900 0.000 0.000 0.0000 -2.6854
1770200583.8481 0 'robobot/drive/T0/gyro' 1770200583.8480 -3.653870 -0.259399 -2.395569 95.592
1770200583.8481 0 'robobot/drive/T0/acc' 1770200583.8481 0.407227 0.000977 0.878906 95.592
1770200583.8513 0 'robobot/drive/T0/pose' 1770200583.8512 95.5950 0.000 0.000 0.0000 -2.6856
1770200583.8513 0 'robobot/drive/T0/vel' 1770200583.8513 95.5960 0.000 0.000 0.0000 0.000 4
1770200583.8514 0 'robobot/drive/T0/mvel' 1770200583.8514 0.000 0.000
1770200583.8534 0 'robobot/drive/T0/ird' 1770200583.8534 1.500 0.150 2635 13200 1
1770200583.8556 0 'robobot/drive/T0/livn' 1770200583.8556 30 28 39 66 61 40 32 38 248
1770200583.8567 0 'robobot/drive/T0/pose' 1770200583.8567 95.6000 0.000 0.000 0.0000 -2.6857
1770200583.8578 0 'robobot/drive/T0/mca' 1770200583.8578 0.000 0.000 17
1770200583.8599 0 'robobot/drive/T0/vel' 1770200583.8599 95.6040 0.000 0.000 0.0000 0.000 4
1770200583.8600 0 'robobot/drive/T0/gyro' 1770200583.8600 -4.142151 -0.320435 -1.205383 95.604
1770200583.8600 0 'robobot/drive/T0/acc' 1770200583.8600 0.402588 -0.007812 0.882812 95.604
1770200583.8610 0 'robobot/drive/T0/mvel' 1770200583.8610 0.000 0.000
1770200583.8611 0 'robobot/drive/T0/pose' 1770200583.8611 95.6050 0.000 0.000 0.0000 -2.6859
1770200583.8622 0 'robobot/drive/T0/liv' 1770200583.8622 22 31 44 53 64 35 31 29 25
1770200583.8655 0 'robobot/drive/T0/livn' 1770200583.8654 30 28 39 66 61 40 32 38 253
1770200583.8666 0 'robobot/drive/T0/pose' 1770200583.8665 95.6100 0.000 0.000 0.0000 -2.6860
1770200583.8676 0 'robobot/drive/T0/mot' 1770200583.8676 0 0 0.1 0.1 0
1770200583.8677 0 'robobot/drive/T0/vel' 1770200583.8676 95.6120 0.000 0.000 0.0000 0.000 4
1770200583.8684 0 'robobot/drive/T0/mvel' 1770200583.8684 0.000 0.000
1770200583.8720 0 'robobot/drive/T0/pose' 1770200583.8719 95.6150 0.000 0.000 0.0000 -2.6861
1770200583.8720 0 'robobot/drive/T0/gyro' 1770200583.8720 -4.569397 -0.411987 0.259460 95.616
1770200583.8720 0 'robobot/drive/T0/acc' 1770200583.8720 0.423096 -0.010254 0.886963 95.616
1770200583.8753 0 'robobot/drive/T0/vel' 1770200583.8752 95.6200 0.000 0.000 0.0000 0.000 4
1770200583.8753 0 'robobot/drive/T0/livn' 1770200583.8753 30 28 40 66 61 40 32 38 258
1770200583.8758 0 'robobot/drive/T0/mvel' 1770200583.8758 0.000 0.000
1770200583.8764 0 'robobot/drive/T0/pose' 1770200583.8764 95.6200 0.000 0.000 0.0000 -2.6862
1770200583.8796 0 'robobot/drive/T0/ird' 1770200583.8796 1.500 0.151 2650 13141 1
1770200583.8818 0 'robobot/drive/T0/pose' 1770200583.8817 95.6250 0.000 0.000 0.0000 -2.6863
1770200583.8839 0 'robobot/drive/T0/vel' 1770200583.8839 95.6280 0.000 0.000 0.0000 0.000 4
1770200583.8840 0 'robobot/drive/T0/gyro' 1770200583.8839 -4.996643 -0.778198 0.320496 95.628
1770200583.8840 0 'robobot/drive/T0/acc' 1770200583.8840 0.433594 -0.001953 0.876221 95.628
1770200583.8843 0 'robobot/drive/T0/mvel' 1770200583.8843 0.000 0.000
1770200583.8861 0 'robobot/drive/T0/livn' 1770200583.8861 30 29 40 66 62 40 32 38 263
1770200583.8862 0 'robobot/drive/T0/pose' 1770200583.8861 95.6300 0.000 0.000 0.0000 -2.6863
1770200583.8904 0 'robobot/drive/T0/mca' 1770200583.8904 0.000 0.000 16
1770200583.8915 0 'robobot/drive/T0/pose' 1770200583.8915 95.6350 0.000 0.000 0.0000 -2.6865
1770200583.8916 0 'robobot/drive/T0/vel' 1770200583.8915 95.6360 0.000 0.000 0.0000 0.000 4
1770200583.8917 0 'robobot/drive/T0/mvel' 1770200583.8917 0.000 0.000
1770200583.8958 0 'robobot/drive/T0/gyro' 1770200583.8958 -3.226624 -0.961304 -1.144348 95.640
1770200583.8959 0 'robobot/drive/T0/acc' 1770200583.8958 0.422363 0.003906 0.901123 95.640
1770200583.8959 0 'robobot/drive/T0/livn' 1770200583.8959 30 28 40 66 62 40 32 38 268
1770200583.8961 0 'robobot/drive/T0/pose' 1770200583.8960 95.6400 0.000 0.000 0.0000 -2.6866
1770200583.8993 0 'robobot/drive/T0/vel' 1770200583.8992 95.6440 0.000 0.000 0.0000 0.000 4
1770200583.9003 0 'robobot/drive/T0/mvel' 1770200583.9002 0.000 0.000
1770200583.9004 0 'robobot/drive/T0/mot' 1770200583.9003 0 0 0.1 0.1 0
1770200583.9015 0 'robobot/drive/T0/pose' 1770200583.9014 95.6450 0.000 0.000 0.0000 -2.6868
1770200583.9047 0 'robobot/drive/T0/ird' 1770200583.9046 1.500 0.152 2616 13051 1
1770200583.9058 0 'robobot/drive/T0/livn' 1770200583.9057 30 28 40 66 62 40 32 38 273
1770200583.9069 0 'robobot/drive/T0/pose' 1770200583.9068 95.6500 0.000 0.000 0.0000 -2.6869
1770200583.9080 0 'robobot/drive/T0/vel' 1770200583.9079 95.6520 0.000 0.000 0.0000 0.000 4
1770200583.9080 0 'robobot/drive/T0/gyro' 1770200583.9080 -2.799377 -1.113892 -2.365051 95.652
1770200583.9081 0 'robobot/drive/T0/acc' 1770200583.9080 0.422852 0.012695 0.886719 95.652
1770200583.9087 0 'robobot/drive/T0/mvel' 1770200583.9087 0.000 0.000
1770200583.9113 0 'robobot/drive/T0/pose' 1770200583.9112 95.6550 0.000 0.000 0.0000 -2.6870
1770200583.9124 0 'robobot/drive/T0/liv' 1770200583.9123 21 26 42 57 69 37 25 29 25
1770200583.9156 0 'robobot/drive/T0/vel' 1770200583.9155 95.6600 0.000 0.000 0.0000 0.000 4
1770200583.9156 0 'robobot/drive/T0/livn' 1770200583.9156 30 28 40 66 63 40 32 38 278
1770200583.9161 0 'robobot/drive/T0/mvel' 1770200583.9161 0.000 0.000
1770200583.9167 0 'robobot/drive/T0/pose' 1770200583.9167 95.6600 0.000 0.000 0.0000 -2.6872
1770200583.9199 0 'robobot/drive/T0/gyro' 1770200583.9199 -2.280579 -0.961304 -5.233704 95.664
1770200583.9200 0 'robobot/drive/T0/acc' 1770200583.9200 0.412354 -0.000732 0.918457 95.664
1770200583.9211 0 'robobot/drive/T0/pose' 1770200583.9211 95.6650 0.000 0.000 0.0000 -2.6875
1770200583.9232 0 'robobot/drive/T0/mca' 1770200583.9232 0.000 0.000 17
1770200583.9233 0 'robobot/drive/T0/vel' 1770200583.9232 95.6680 0.000 0.000 0.0000 0.000 4
1770200583.9236 0 'robobot/drive/T0/mvel' 1770200583.9235 0.000 0.000
1770200583.9255 0 'robobot/drive/T0/livn' 1770200583.9254 30 28 40 67 63 40 32 38 283
1770200583.9266 0 'robobot/drive/T0/pose' 1770200583.9265 95.6700 0.000 0.000 0.0000 -2.6876
1770200583.9288 0 'robobot/drive/T0/ird' 1770200583.9287 1.404 0.151 2737 13113 1
1770200583.9319 0 'robobot/drive/T0/pose' 1770200583.9319 95.6750 0.000 0.000 0.0000 -2.6877
1770200583.9320 0 'robobot/drive/T0/vel' 1770200583.9319 95.6760 0.000 0.000 0.0000 0.000 4
1770200583.9320 0 'robobot/drive/T0/gyro' 1770200583.9320 -2.402649 -1.205444 -7.156311 95.676
1770200583.9321 0 'robobot/drive/T0/acc' 1770200583.9320 0.424316 0.001953 0.886475 95.676
1770200583.9322 0 'robobot/drive/T0/mvel' 1770200583.9321 0.000 0.000
1770200583.9332 0 'robobot/drive/T0/mot' 1770200583.9331 0 0 0.1 0.1 0
1770200583.9353 0 'robobot/drive/T0/livn' 1770200583.9353 30 28 40 67 63 40 32 38 288
1770200583.9364 0 'robobot/drive/T0/pose' 1770200583.9364 95.6800 0.000 0.000 0.0000 -2.6879
1770200583.9396 0 'robobot/drive/T0/vel' 1770200583.9396 95.6840 0.000 0.000 0.0000 0.000 4
1770200583.9406 0 'robobot/drive/T0/mvel' 1770200583.9406 0.000 0.000
1770200583.9418 0 'robobot/drive/T0/pose' 1770200583.9417 95.6850 0.000 0.000 0.0000 -2.6881
1770200583.9440 0 'robobot/drive/T0/gyro' 1770200583.9439 -2.494202 -1.266479 -8.285461 95.688
1770200583.9440 0 'robobot/drive/T0/acc' 1770200583.9440 0.417480 0.006104 0.887695 95.688
1770200583.9462 0 'robobot/drive/T0/livn' 1770200583.9461 30 28 40 67 63 40 32 38 293
1770200583.9462 0 'robobot/drive/T0/pose' 1770200583.9462 95.6900 0.000 0.000 0.0000 -2.6882
1770200583.9473 0 'robobot/drive/T0/vel' 1770200583.9473 95.6920 0.000 0.000 0.0000 0.000 4
1770200583.9481 0 'robobot/drive/T0/mvel' 1770200583.9480 0.000 0.000
1770200583.9516 0 'robobot/drive/T0/pose' 1770200583.9515 95.6950 0.000 0.000 0.0000 -2.6884
1770200583.9537 0 'robobot/drive/T0/ird' 1770200583.9537 1.409 0.152 2732 13051 1
1770200583.9559 0 'robobot/drive/T0/vel' 1770200583.9558 95.7000 0.000 0.000 0.0000 0.000 4
1770200583.9559 0 'robobot/drive/T0/gyro' 1770200583.9559 -2.158508 -1.022339 -8.590637 95.700
1770200583.9560 0 'robobot/drive/T0/acc' 1770200583.9559 0.415771 0.002441 0.878906 95.700
1770200583.9560 0 'robobot/drive/T0/livn' 1770200583.9560 30 28 40 66 64 40 32 38 298
1770200583.9560 0 'robobot/drive/T0/mca' 1770200583.9560 0.000 0.000 16
1770200583.9561 0 'robobot/drive/T0/pose' 1770200583.9560 95.7000 0.000 0.000 0.0000 -2.6886
1770200583.9565 0 'robobot/drive/T0/mvel' 1770200583.9565 0.000 0.000
1770200583.9614 0 'robobot/drive/T0/pose' 1770200583.9614 95.7050 0.000 0.000 0.0000 -2.6887
1770200583.9625 0 'robobot/drive/T0/liv' 1770200583.9625 26 24 40 51 69 39 28 23 25
1770200583.9636 0 'robobot/drive/T0/vel' 1770200583.9636 95.7080 0.000 0.000 0.0000 0.000 4
1770200583.9639 0 'robobot/drive/T0/mvel' 1770200583.9639 0.000 0.000
1770200583.9658 0 'robobot/drive/T0/livn' 1770200583.9657 22 22 41 74 87 49 31 43 2
1770200583.9668 0 'robobot/drive/T0/mot' 1770200583.9668 0 0 0.1 0.1 0
1770200583.9669 0 'robobot/drive/T0/pose' 1770200583.9668 95.7100 0.000 0.000 0.0000 -2.6888
1770200583.9680 0 'robobot/drive/T0/gyro' 1770200583.9680 -3.074036 -1.052856 -7.919250 95.712
1770200583.9680 0 'robobot/drive/T0/acc' 1770200583.9680 0.412598 -0.000977 0.883789 95.712
1770200583.9713 0 'robobot/drive/T0/pose' 1770200583.9712 95.7150 0.000 0.000 0.0000 -2.6891
1770200583.9713 0 'robobot/drive/T0/vel' 1770200583.9713 95.7160 0.000 0.000 0.0000 0.000 4
1770200583.9714 0 'robobot/drive/T0/mvel' 1770200583.9714 0.000 0.000
1770200583.9756 0 'robobot/drive/T0/livn' 1770200583.9755 24 27 42 68 78 42 34 36 7
1770200583.9767 0 'robobot/drive/T0/pose' 1770200583.9766 95.7200 0.000 0.000 0.0000 -2.6892
1770200583.9788 0 'robobot/drive/T0/ird' 1770200583.9788 1.500 0.151 2655 13120 1
1770200583.9799 0 'robobot/drive/T0/vel' 1770200583.9799 95.7240 0.000 0.000 0.0000 0.000 4
1770200583.9800 0 'robobot/drive/T0/gyro' 1770200583.9799 -3.714905 -1.235962 -6.729065 95.724
1770200583.9800 0 'robobot/drive/T0/acc' 1770200583.9800 0.403076 -0.009766 0.878418 95.724
1770200583.9810 0 'robobot/drive/T0/mvel' 1770200583.9809 0.000 0.000
1770200583.9811 0 'robobot/drive/T0/pose' 1770200583.9811 95.7250 0.000 0.000 0.0000 -2.6895
1770200583.9854 0 'robobot/drive/T0/livn' 1770200583.9853 24 27 39 64 75 41 33 38 12
1770200583.9865 0 'robobot/drive/T0/pose' 1770200583.9864 95.7300 0.000 0.000 0.0000 -2.6896
1770200583.9876 0 'robobot/drive/T0/vel' 1770200583.9876 95.7320 0.000 0.000 0.0000 0.000 4
1770200583.9884 0 'robobot/drive/T0/mvel' 1770200583.9883 0.000 0.000
1770200583.9897 0 'robobot/drive/T0/mca' 1770200583.9897 0.000 0.000 17
1770200583.9919 0 'robobot/drive/T0/pose' 1770200583.9918 95.7350 0.000 0.000 0.0000 -2.6899
1770200583.9919 0 'robobot/drive/T0/gyro' 1770200583.9919 -3.501282 -1.296997 -4.898010 95.736
1770200583.9920 0 'robobot/drive/T0/acc' 1770200583.9919 0.413330 -0.025635 0.894531 95.736
1770200583.9952 0 'robobot/drive/T0/vel' 1770200583.9952 95.7400 0.000 0.000 0.0000 0.000 4
1770200583.9958 0 'robobot/drive/T0/mvel' 1770200583.9957 0.000 0.000
1770200583.9963 0 'robobot/drive/T0/livn' 1770200583.9963 28 29 42 64 74 40 33 37 17
1770200583.9963 0 'robobot/drive/T0/pose' 1770200583.9963 95.7400 0.000 0.000 0.0000 -2.6900
1770200583.9995 0 'robobot/drive/T0/mot' 1770200583.9995 0 0 0.1 0.1 0
1770200584.0017 0 'robobot/drive/T0/pose' 1770200584.0017 95.7450 0.000 0.000 0.0000 -2.6902
1770200584.0039 0 'robobot/drive/T0/vel' 1770200584.0038 95.7480 0.000 0.000 0.0000 0.000 4
1770200584.0039 0 'robobot/drive/T0/gyro' 1770200584.0039 -2.829895 -0.717163 -3.372131 95.748
1770200584.0040 0 'robobot/drive/T0/acc' 1770200584.0039 0.420410 -0.027832 0.891357 95.748
1770200584.0040 0 'robobot/drive/T0/ird' 1770200584.0040 1.404 0.156 2737 12753 1
1770200584.0042 0 'robobot/drive/T0/mvel' 1770200584.0042 0.000 0.000
1770200584.0062 0 'robobot/drive/T0/livn' 1770200584.0061 26 27 41 64 74 40 32 39 22
1770200584.0062 0 'robobot/drive/T0/pose' 1770200584.0062 95.7500 0.000 0.000 0.0000 -2.6903
1770200584.0115 0 'robobot/drive/T0/pose' 1770200584.0115 95.7550 0.000 0.000 0.0000 -2.6904
1770200584.0116 0 'robobot/drive/T0/vel' 1770200584.0115 95.7560 0.000 0.000 0.0000 0.000 4
1770200584.0117 0 'robobot/drive/T0/mvel' 1770200584.0116 0.000 0.000
1770200584.0127 0 'robobot/drive/T0/liv' 1770200584.0126 20 25 39 50 67 39 29 27 25
1770200584.0159 0 'robobot/drive/T0/gyro' 1770200584.0158 -2.036438 -0.778198 -2.700745 95.760
1770200584.0159 0 'robobot/drive/T0/acc' 1770200584.0159 0.424805 -0.020020 0.895264 95.760
1770200584.0160 0 'robobot/drive/T0/livn' 1770200584.0159 26 27 41 65 75 40 31 39 27
1770200584.0160 0 'robobot/drive/T0/pose' 1770200584.0160 95.7600 0.000 0.000 0.0000 -2.6905
1770200584.0192 0 'robobot/drive/T0/vel' 1770200584.0192 95.7640 0.000 0.000 0.0000 0.000 4
1770200584.0201 0 'robobot/drive/T0/mvel' 1770200584.0201 0.000 0.000
1770200584.0214 0 'robobot/drive/T0/pose' 1770200584.0214 95.7650 0.000 0.000 0.0000 -2.6906
1770200584.0225 0 'robobot/drive/T0/mca' 1770200584.0225 0.000 0.000 16
1770200584.0257 0 'robobot/drive/T0/livn' 1770200584.0257 27 26 40 65 75 39 30 38 32
1770200584.0268 0 'robobot/drive/T0/pose' 1770200584.0268 95.7700 0.000 0.000 0.0000 -2.6906
1770200584.0279 0 'robobot/drive/T0/vel' 1770200584.0279 95.7720 0.000 0.000 0.0000 0.000 4
1770200584.0280 0 'robobot/drive/T0/gyro' 1770200584.0279 -1.334534 -0.503540 -2.212463 95.772
1770200584.0280 0 'robobot/drive/T0/acc' 1770200584.0280 0.429199 -0.018799 0.885498 95.772
1770200584.0286 0 'robobot/drive/T0/mvel' 1770200584.0286 0.000 0.000
1770200584.0291 0 'robobot/drive/T0/ird' 1770200584.0291 1.353 0.159 2784 12508 1
1770200584.0313 0 'robobot/drive/T0/pose' 1770200584.0312 95.7750 0.000 0.000 0.0000 -2.6907
1770200584.0324 0 'robobot/drive/T0/mot' 1770200584.0323 0 0 0.1 0.1 0
1770200584.0356 0 'robobot/drive/T0/vel' 1770200584.0355 95.7800 0.000 0.000 0.0000 0.000 4
1770200584.0356 0 'robobot/drive/T0/livn' 1770200584.0356 26 26 40 65 75 39 31 39 37
1770200584.0360 0 'robobot/drive/T0/mvel' 1770200584.0359 0.000 0.000
1770200584.0367 0 'robobot/drive/T0/pose' 1770200584.0366 95.7800 0.000 0.000 0.0000 -2.6907
1770200584.0399 0 'robobot/drive/T0/gyro' 1770200584.0399 -0.663147 -0.320435 -1.846252 95.784
1770200584.0400 0 'robobot/drive/T0/acc' 1770200584.0399 0.419434 -0.024658 0.891357 95.784
1770200584.0411 0 'robobot/drive/T0/pose' 1770200584.0410 95.7850 0.000 0.000 0.0000 -2.6908
1770200584.0433 0 'robobot/drive/T0/vel' 1770200584.0432 95.7880 0.000 0.000 0.0000 0.000 4
1770200584.0433 0 'robobot/drive/T0/mvel' 1770200584.0433 0.000 0.000
1770200584.0455 0 'robobot/drive/T0/livn' 1770200584.0454 24 26 40 64 75 39 32 40 42
1770200584.0466 0 'robobot/drive/T0/pose' 1770200584.0465 95.7900 0.000 0.000 0.0000 -2.6908
1770200584.0519 0 'robobot/drive/T0/pose' 1770200584.0518 95.7950 0.000 0.000 0.0000 -2.6909
1770200584.0519 0 'robobot/drive/T0/vel' 1770200584.0519 95.7960 0.000 0.000 0.0000 0.000 4
1770200584.0520 0 'robobot/drive/T0/gyro' 1770200584.0519 -0.174866 0.106812 -1.357971 95.796
1770200584.0520 0 'robobot/drive/T0/acc' 1770200584.0520 0.420898 -0.020020 0.886475 95.796
1770200584.0528 0 'robobot/drive/T0/mvel' 1770200584.0528 0.000 0.000
1770200584.0542 0 'robobot/drive/T0/ird' 1770200584.0541 1.233 0.160 2910 12447 1
1770200584.0553 0 'robobot/drive/T0/mca' 1770200584.0553 0.000 0.000 17
1770200584.0553 0 'robobot/drive/T0/livn' 1770200584.0553 25 26 41 64 75 39 31 40 47
1770200584.0565 0 'robobot/drive/T0/pose' 1770200584.0564 95.8000 0.000 0.000 0.0000 -2.6909
1770200584.0597 0 'robobot/drive/T0/vel' 1770200584.0597 95.8040 0.000 0.000 0.0000 0.000 4
1770200584.0602 0 'robobot/drive/T0/mvel' 1770200584.0602 0.000 0.000
1770200584.0619 0 'robobot/drive/T0/pose' 1770200584.0619 95.8050 0.000 0.000 0.0000 -2.6910
1770200584.0620 0 'robobot/drive/T0/liv' 1770200584.0619 20 24 37 48 67 37 28 27 25
1770200584.0641 0 'robobot/drive/T0/gyro' 1770200584.0641 0.191345 -0.015259 -0.289856 95.808
1770200584.0642 0 'robobot/drive/T0/acc' 1770200584.0642 0.419922 -0.018799 0.893311 95.808
1770200584.0654 0 'robobot/drive/T0/mot' 1770200584.0653 0 0 0.1 0.1 0
1770200584.0654 0 'robobot/drive/T0/livn' 1770200584.0654 26 27 40 64 75 39 32 39 52
1770200584.0666 0 'robobot/drive/T0/pose' 1770200584.0665 95.8100 0.000 0.000 0.0000 -2.6910
1770200584.0677 0 'robobot/drive/T0/vel' 1770200584.0676 95.8120 0.000 0.000 0.0000 0.000 4
1770200584.0686 0 'robobot/drive/T0/mvel' 1770200584.0686 0.000 0.000
1770200584.0720 0 'robobot/drive/T0/pose' 1770200584.0719 95.8150 0.000 0.000 0.0000 -2.6911
1770200584.0763 0 'robobot/drive/T0/vel' 1770200584.0762 95.8200 0.000 0.000 0.0000 0.000 4
1770200584.0763 0 'robobot/drive/T0/gyro' 1770200584.0763 0.099792 0.015259 0.167908 95.820
1770200584.0763 0 'robobot/drive/T0/acc' 1770200584.0763 0.410400 -0.015137 0.890869 95.820
1770200584.0764 0 'robobot/drive/T0/livn' 1770200584.0763 26 28 40 64 74 39 32 40 57
1770200584.0764 0 'robobot/drive/T0/pose' 1770200584.0764 95.8200 0.000 0.000 0.0000 -2.6912
1770200584.0771 0 'robobot/drive/T0/mvel' 1770200584.0770 0.000 0.000
1770200584.0796 0 'robobot/drive/T0/ird' 1770200584.0796 1.215 0.164 2931 12232 1
1770200584.0818 0 'robobot/drive/T0/pose' 1770200584.0817 95.8250 0.000 0.000 0.0000 -2.6913
1770200584.0839 0 'robobot/drive/T0/vel' 1770200584.0839 95.8280 0.000 0.000 0.0000 0.000 4
1770200584.0844 0 'robobot/drive/T0/mvel' 1770200584.0844 0.000 0.000
1770200584.0861 0 'robobot/drive/T0/livn' 1770200584.0861 26 27 40 64 73 38 32 40 62
1770200584.0862 0 'robobot/drive/T0/pose' 1770200584.0861 95.8300 0.000 0.000 0.0000 -2.6913
1770200584.0873 0 'robobot/drive/T0/gyro' 1770200584.0872 0.618591 -0.045776 0.564636 95.832
1770200584.0873 0 'robobot/drive/T0/acc' 1770200584.0873 0.419434 -0.013428 0.893555 95.832
1770200584.0884 0 'robobot/drive/T0/mca' 1770200584.0884 0.001 0.000 16
1770200584.0916 0 'robobot/drive/T0/pose' 1770200584.0916 95.8350 0.000 0.000 0.0000 -2.6914
1770200584.0916 0 'robobot/drive/T0/vel' 1770200584.0916 95.8360 0.000 0.000 0.0000 0.000 4
1770200584.0918 0 'robobot/drive/T0/mvel' 1770200584.0918 0.000 0.000
1770200584.0959 0 'robobot/drive/T0/livn' 1770200584.0959 26 27 40 64 73 37 32 40 67
1770200584.0970 0 'robobot/drive/T0/pose' 1770200584.0970 95.8400 0.000 0.000 0.0000 -2.6914
1770200584.0981 0 'robobot/drive/T0/mot' 1770200584.0981 0 0 0.1 0.1 0
1770200584.1002 0 'robobot/drive/T0/vel' 1770200584.1002 95.8440 0.000 0.000 0.0000 0.000 4
1770200584.1003 0 'robobot/drive/T0/mvel' 1770200584.1003 0.000 0.000
1770200584.1003 0 'robobot/drive/T0/gyro' 1770200584.1002 0.771179 0.167847 0.534119 95.844
1770200584.1004 0 'robobot/drive/T0/acc' 1770200584.1003 0.421875 0.000000 0.881836 95.844
1770200584.1015 0 'robobot/drive/T0/pose' 1770200584.1014 95.8450 0.000 0.000 0.0000 -2.6914
1770200584.1047 0 'robobot/drive/T0/ird' 1770200584.1046 1.203 0.164 2946 12191 1
1770200584.1058 0 'robobot/drive/T0/livn' 1770200584.1057 26 27 41 64 73 37 32 39 72
1770200584.1069 0 'robobot/drive/T0/pose' 1770200584.1068 95.8510 0.000 0.000 0.0000 -2.6915
1770200584.1080 0 'robobot/drive/T0/vel' 1770200584.1079 95.8520 0.000 0.000 0.0000 0.000 4
1770200584.1088 0 'robobot/drive/T0/mvel' 1770200584.1087 0.000 0.000
1770200584.1112 0 'robobot/drive/T0/pose' 1770200584.1111 95.8560 0.000 0.000 0.0000 -2.6915
1770200584.1112 0 'robobot/drive/T0/gyro' 1770200584.1112 0.466003 -0.076294 -0.198303 95.856
1770200584.1113 0 'robobot/drive/T0/acc' 1770200584.1112 0.414062 0.001221 0.875000 95.856
1770200584.1124 0 'robobot/drive/T0/liv' 1770200584.1123 21 27 40 51 62 33 32 28 25
1770200584.1156 0 'robobot/drive/T0/vel' 1770200584.1155 95.8600 0.000 0.000 0.0000 0.000 4
1770200584.1156 0 'robobot/drive/T0/livn' 1770200584.1156 26 28 41 64 73 37 32 40 77
1770200584.1161 0 'robobot/drive/T0/mvel' 1770200584.1161 0.000 0.000
1770200584.1167 0 'robobot/drive/T0/pose' 1770200584.1167 95.8610 0.000 0.000 0.0000 -2.6916
1770200584.1210 0 'robobot/drive/T0/mca' 1770200584.1209 0.001 0.000 17
1770200584.1221 0 'robobot/drive/T0/pose' 1770200584.1220 95.8660 0.000 0.000 0.0000 -2.6917
1770200584.1242 0 'robobot/drive/T0/vel' 1770200584.1242 95.8680 0.000 0.000 0.0000 0.000 4
1770200584.1243 0 'robobot/drive/T0/gyro' 1770200584.1242 0.404968 -0.228882 0.289978 95.868
1770200584.1243 0 'robobot/drive/T0/acc' 1770200584.1243 0.415039 -0.002441 0.884277 95.868
1770200584.1247 0 'robobot/drive/T0/mvel' 1770200584.1246 0.000 0.000
1770200584.1254 0 'robobot/drive/T0/livn' 1770200584.1254 26 27 40 65 74 37 31 39 82
1770200584.1265 0 'robobot/drive/T0/pose' 1770200584.1265 95.8710 0.000 0.000 0.0000 -2.6918
1770200584.1291 0 'robobot/drive/T0/ird' 1770200584.1290 1.281 0.165 2857 12135 1
1770200584.1313 0 'robobot/drive/T0/mot' 1770200584.1312 0 0 0.1 0.1 0
1770200584.1313 0 'robobot/drive/T0/vel' 1770200584.1313 95.8760 0.000 0.000 0.0000 0.000 4
1770200584.1314 0 'robobot/drive/T0/pose' 1770200584.1313 95.8760 0.000 0.000 0.0000 -2.6918
1770200584.1323 0 'robobot/drive/T0/mvel' 1770200584.1323 0.000 0.000
1770200584.1356 0 'robobot/drive/T0/gyro' 1770200584.1355 0.435486 -0.015259 0.534119 95.880
1770200584.1356 0 'robobot/drive/T0/acc' 1770200584.1356 0.419922 0.011230 0.885742 95.880
1770200584.1357 0 'robobot/drive/T0/livn' 1770200584.1356 26 27 40 65 74 37 31 39 87
1770200584.1368 0 'robobot/drive/T0/pose' 1770200584.1367 95.8810 0.000 0.000 0.0000 -2.6919
1770200584.1400 0 'robobot/drive/T0/vel' 1770200584.1400 95.8840 0.000 0.000 0.0000 0.000 4
1770200584.1407 0 'robobot/drive/T0/mvel' 1770200584.1407 0.000 0.000
1770200584.1422 0 'robobot/drive/T0/pose' 1770200584.1421 95.8860 0.000 0.000 0.0000 -2.6919
1770200584.1454 0 'robobot/drive/T0/livn' 1770200584.1453 26 27 40 65 74 37 31 39 92
1770200584.1465 0 'robobot/drive/T0/pose' 1770200584.1464 95.8910 0.000 0.000 0.0000 -2.6920
1770200584.1476 0 'robobot/drive/T0/vel' 1770200584.1475 95.8920 0.000 0.000 0.0000 0.000 4
1770200584.1476 0 'robobot/drive/T0/gyro' 1770200584.1476 -0.602112 -0.137329 0.534119 95.892
1770200584.1477 0 'robobot/drive/T0/acc' 1770200584.1476 0.420410 0.021729 0.880127 95.892
1770200584.1481 0 'robobot/drive/T0/mvel' 1770200584.1481 0.000 0.000
1770200584.1519 0 'robobot/drive/T0/pose' 1770200584.1519 95.8960 0.000 0.000 0.0000 -2.6920
1770200584.1541 0 'robobot/drive/T0/ird' 1770200584.1540 1.284 0.164 2854 12180 1
1770200584.1541 0 'robobot/drive/T0/mca' 1770200584.1541 0.000 0.000 16
1770200584.1552 0 'robobot/drive/T0/vel' 1770200584.1552 95.9000 0.000 0.000 0.0000 0.000 4
1770200584.1555 0 'robobot/drive/T0/mvel' 1770200584.1555 0.000 0.000
1770200584.1563 0 'robobot/drive/T0/livn' 1770200584.1563 26 27 40 66 74 37 31 39 97
1770200584.1564 0 'robobot/drive/T0/pose' 1770200584.1563 95.9010 0.000 0.000 0.0000 -2.6920
1770200584.1596 0 'robobot/drive/T0/gyro' 1770200584.1595 -0.724182 -0.106812 -0.442444 95.904
1770200584.1596 0 'robobot/drive/T0/acc' 1770200584.1596 0.426758 0.017822 0.892090 95.904
1770200584.1618 0 'robobot/drive/T0/pose' 1770200584.1617 95.9060 0.000 0.000 0.0000 -2.6920
1770200584.1629 0 'robobot/drive/T0/liv' 1770200584.1628 20 24 38 53 70 35 24 24 25
1770200584.1639 0 'robobot/drive/T0/vel' 1770200584.1639 95.9080 0.000 0.000 0.0000 0.000 4
1770200584.1640 0 'robobot/drive/T0/mot' 1770200584.1639 0 0 0.1 0.1 0
1770200584.1650 0 'robobot/drive/T0/mvel' 1770200584.1649 0.000 0.000
1770200584.1661 0 'robobot/drive/T0/livn' 1770200584.1661 26 27 40 65 74 37 31 39 102
1770200584.1672 0 'robobot/drive/T0/pose' 1770200584.1672 95.9110 0.000 0.000 0.0000 -2.6921
1770200584.1715 0 'robobot/drive/T0/vel' 1770200584.1714 95.9160 0.000 0.000 0.0000 0.000 4
1770200584.1716 0 'robobot/drive/T0/gyro' 1770200584.1715 -0.510559 0.106812 -0.564514 95.916
1770200584.1716 0 'robobot/drive/T0/acc' 1770200584.1716 0.417236 0.001953 0.884766 95.916
1770200584.1716 0 'robobot/drive/T0/pose' 1770200584.1716 95.9160 0.000 0.000 0.0000 -2.6921
1770200584.1723 0 'robobot/drive/T0/mvel' 1770200584.1723 0.000 0.000
1770200584.1759 0 'robobot/drive/T0/livn' 1770200584.1759 26 27 40 65 74 37 31 39 107
1770200584.1770 0 'robobot/drive/T0/pose' 1770200584.1770 95.9210 0.000 0.000 0.0000 -2.6922
1770200584.1792 0 'robobot/drive/T0/ird' 1770200584.1791 1.210 0.163 2937 12245 1
1770200584.1792 0 'robobot/drive/T0/vel' 1770200584.1792 95.9240 0.000 0.000 0.0000 0.000 4
1770200584.1797 0 'robobot/drive/T0/mvel' 1770200584.1797 0.000 0.000
1770200584.1814 0 'robobot/drive/T0/pose' 1770200584.1813 95.9260 0.000 0.000 0.0000 -2.6922
1770200584.1835 0 'robobot/drive/T0/gyro' 1770200584.1835 -0.602112 -0.076294 -0.289856 95.928
1770200584.1836 0 'robobot/drive/T0/acc' 1770200584.1835 0.415527 -0.005371 0.878906 95.928
1770200584.1857 0 'robobot/drive/T0/livn' 1770200584.1857 27 27 41 65 74 37 31 39 112
1770200584.1868 0 'robobot/drive/T0/pose' 1770200584.1868 95.9310 0.000 0.000 0.0000 -2.6923
1770200584.1869 0 'robobot/drive/T0/mca' 1770200584.1868 0.000 0.000 17
1770200584.1880 0 'robobot/drive/T0/vel' 1770200584.1879 95.9320 0.000 0.000 0.0000 0.000 4
1770200584.1882 0 'robobot/drive/T0/mvel' 1770200584.1881 0.000 0.000
1770200584.1922 0 'robobot/drive/T0/pose' 1770200584.1922 95.9360 0.000 0.000 0.0000 -2.6923
1770200584.1954 0 'robobot/drive/T0/vel' 1770200584.1954 95.9400 0.000 0.000 0.0000 0.000 4
1770200584.1955 0 'robobot/drive/T0/gyro' 1770200584.1954 -1.059875 -0.289917 0.045837 95.940
1770200584.1955 0 'robobot/drive/T0/acc' 1770200584.1955 0.419189 0.002197 0.886230 95.940
1770200584.1956 0 'robobot/drive/T0/mvel' 1770200584.1956 0.000 0.000
1770200584.1956 0 'robobot/drive/T0/livn' 1770200584.1955 27 27 41 65 74 37 31 39 117
1770200584.1967 0 'robobot/drive/T0/pose' 1770200584.1966 95.9410 0.000 0.000 0.0000 -2.6924
1770200584.1978 0 'robobot/drive/T0/mot' 1770200584.1977 0 0 0.1 0.1 0
1770200584.2020 0 'robobot/drive/T0/pose' 1770200584.2020 95.9460 0.000 0.000 0.0000 -2.6924
1770200584.2042 0 'robobot/drive/T0/vel' 1770200584.2041 95.9480 0.000 0.000 0.0000 0.000 4
1770200584.2042 0 'robobot/drive/T0/ird' 1770200584.2042 1.225 0.165 2920 12166 1
1770200584.2051 0 'robobot/drive/T0/mvel' 1770200584.2050 0.000 0.000
1770200584.2064 0 'robobot/drive/T0/livn' 1770200584.2063 27 27 41 65 74 37 32 39 122
1770200584.2064 0 'robobot/drive/T0/pose' 1770200584.2064 95.9510 0.000 0.000 0.0000 -2.6925
1770200584.2075 0 'robobot/drive/T0/gyro' 1770200584.2075 -0.571594 -0.076294 -0.167786 95.952
1770200584.2076 0 'robobot/drive/T0/acc' 1770200584.2075 0.424316 0.000488 0.889404 95.952
1770200584.2118 0 'robobot/drive/T0/vel' 1770200584.2118 95.9560 0.000 0.000 0.0000 0.000 4
1770200584.2119 0 'robobot/drive/T0/pose' 1770200584.2118 95.9560 0.000 0.000 0.0000 -2.6925
1770200584.2119 0 'robobot/drive/T0/liv' 1770200584.2119 21 25 42 51 65 36 31 29 25
1770200584.2124 0 'robobot/drive/T0/mvel' 1770200584.2124 0.000 0.000
1770200584.2162 0 'robobot/drive/T0/livn' 1770200584.2161 27 27 41 65 74 37 32 39 127
1770200584.2162 0 'robobot/drive/T0/pose' 1770200584.2162 95.9610 0.000 0.000 0.0000 -2.6925
1770200584.2194 0 'robobot/drive/T0/vel' 1770200584.2194 95.9640 0.000 0.000 0.0000 0.000 4
1770200584.2195 0 'robobot/drive/T0/gyro' 1770200584.2194 -0.937805 -0.350952 -0.595032 95.964
1770200584.2196 0 'robobot/drive/T0/acc' 1770200584.2195 0.424072 0.000244 0.887207 95.964
1770200584.2198 0 'robobot/drive/T0/mvel' 1770200584.2198 0.000 0.000
1770200584.2207 0 'robobot/drive/T0/mca' 1770200584.2206 0.000 0.000 16
1770200584.2218 0 'robobot/drive/T0/pose' 1770200584.2217 95.9660 0.000 0.000 0.0000 -2.6926
1770200584.2260 0 'robobot/drive/T0/livn' 1770200584.2260 27 27 41 65 74 37 32 39 132
1770200584.2271 0 'robobot/drive/T0/pose' 1770200584.2271 95.9710 0.000 0.000 0.0000 -2.6926
1770200584.2282 0 'robobot/drive/T0/vel' 1770200584.2282 95.9720 0.000 0.000 0.0000 0.000 4
1770200584.2293 0 'robobot/drive/T0/mvel' 1770200584.2293 0.000 0.000
1770200584.2293 0 'robobot/drive/T0/ird' 1770200584.2293 1.205 0.164 2943 12213 1
1770200584.2304 0 'robobot/drive/T0/mot' 1770200584.2303 0 0 0.1 0.1 0
1770200584.2315 0 'robobot/drive/T0/gyro' 1770200584.2314 -1.151428 -0.350952 -1.388489 95.976
1770200584.2315 0 'robobot/drive/T0/acc' 1770200584.2315 0.422607 -0.000977 0.878906 95.976
1770200584.2315 0 'robobot/drive/T0/pose' 1770200584.2315 95.9760 0.000 0.000 0.0000 -2.6926
1770200584.2358 0 'robobot/drive/T0/vel' 1770200584.2358 95.9800 0.000 0.000 0.0000 0.000 4
1770200584.2358 0 'robobot/drive/T0/livn' 1770200584.2358 27 27 41 65 74 37 32 39 137
1770200584.2367 0 'robobot/drive/T0/mvel' 1770200584.2367 0.000 0.000
1770200584.2369 0 'robobot/drive/T0/pose' 1770200584.2369 95.9810 0.000 0.000 0.0000 -2.6927
1770200584.2423 0 'robobot/drive/T0/pose' 1770200584.2422 95.9860 0.000 0.000 0.0000 -2.6927
1770200584.2434 0 'robobot/drive/T0/vel' 1770200584.2433 95.9880 0.000 0.000 0.0000 0.000 4
1770200584.2434 0 'robobot/drive/T0/gyro' 1770200584.2434 -0.876770 -0.381470 -2.395569 95.988
1770200584.2435 0 'robobot/drive/T0/acc' 1770200584.2434 0.425293 -0.003906 0.883057 95.988
1770200584.2441 0 'robobot/drive/T0/mvel' 1770200584.2441 0.000 0.000
1770200584.2456 0 'robobot/drive/T0/livn' 1770200584.2456 27 27 41 65 74 37 32 40 142
1770200584.2467 0 'robobot/drive/T0/pose' 1770200584.2467 95.9910 0.000 0.000 0.0000 -2.6928
1770200584.2520 0 'robobot/drive/T0/vel' 1770200584.2520 95.9960 0.000 0.000 0.0000 0.000 4
1770200584.2521 0 'robobot/drive/T0/pose' 1770200584.2520 95.9960 0.000 0.000 0.0000 -2.6928
1770200584.2525 0 'robobot/drive/T0/mvel' 1770200584.2525 0.000 0.000
1770200584.2532 0 'robobot/drive/T0/mca' 1770200584.2531 0.000 0.000 17
1770200584.2543 0 'robobot/drive/T0/ird' 1770200584.2542 1.194 0.163 2957 12281 1
1770200584.2554 0 'robobot/drive/T0/gyro' 1770200584.2553 -0.785217 -0.534058 -3.219543 96.000
1770200584.2554 0 'robobot/drive/T0/acc' 1770200584.2554 0.415283 0.004150 0.891113 96.000
1770200584.2555 0 'robobot/drive/T0/livn' 1770200584.2554 27 27 41 65 74 37 32 40 147
1770200584.2566 0 'robobot/drive/T0/pose' 1770200584.2565 96.0010 0.000 0.000 0.0000 -2.6929
1770200584.2598 0 'robobot/drive/T0/vel' 1770200584.2597 96.0040 0.000 0.000 0.0000 0.000 4
1770200584.2599 0 'robobot/drive/T0/mvel' 1770200584.2599 0.000 0.000
1770200584.2619 0 'robobot/drive/T0/pose' 1770200584.2619 96.0060 0.000 0.000 0.0000 -2.6930
1770200584.2620 0 'robobot/drive/T0/liv' 1770200584.2619 21 22 39 52 66 36 31 31 25
1770200584.2631 0 'robobot/drive/T0/mot' 1770200584.2630 0 0 0.1 0.1 0
1770200584.2652 0 'robobot/drive/T0/hbt' 1770200584.2651 96.0090 107 1033 15.66 4 8 9.0 0.34 0
1770200584.2663 0 'robobot/drive/T0/livn' 1770200584.2663 26 27 41 66 74 37 32 40 152
1770200584.2663 0 'robobot/drive/T0/pose' 1770200584.2663 96.0110 0.000 0.000 0.0000 -2.6931
1770200584.2674 0 'robobot/drive/T0/vel' 1770200584.2674 96.0120 0.000 0.000 0.0000 0.000 4
1770200584.2675 0 'robobot/drive/T0/gyro' 1770200584.2674 -0.754700 -0.473022 -3.402649 96.012
1770200584.2675 0 'robobot/drive/T0/acc' 1770200584.2675 0.418945 0.006104 0.884766 96.012
1770200584.2683 0 'robobot/drive/T0/mvel' 1770200584.2683 0.000 0.000
1770200584.2718 0 'robobot/drive/T0/pose' 1770200584.2717 96.0160 0.000 0.000 0.0000 -2.6931
1770200584.2761 0 'robobot/drive/T0/vel' 1770200584.2760 96.0200 0.000 0.000 0.0000 0.000 4
1770200584.2761 0 'robobot/drive/T0/livn' 1770200584.2761 26 27 41 65 74 37 32 40 157
1770200584.2767 0 'robobot/drive/T0/mvel' 1770200584.2766 0.000 0.000
1770200584.2772 0 'robobot/drive/T0/pose' 1770200584.2772 96.0210 0.000 0.000 0.0000 -2.6932
1770200584.2794 0 'robobot/drive/T0/ird' 1770200584.2793 1.207 0.161 2941 12382 1
1770200584.2794 0 'robobot/drive/T0/gyro' 1770200584.2794 -1.151428 -0.564575 -3.341614 96.024
1770200584.2794 0 'robobot/drive/T0/acc' 1770200584.2794 0.417725 0.005615 0.875732 96.024
1770200584.2816 0 'robobot/drive/T0/pose' 1770200584.2816 96.0260 0.000 0.000 0.0000 -2.6933
1770200584.2838 0 'robobot/drive/T0/vel' 1770200584.2837 96.0280 0.000 0.000 0.0000 0.000 4
1770200584.2840 0 'robobot/drive/T0/mvel' 1770200584.2840 0.000 0.000
1770200584.2859 0 'robobot/drive/T0/livn' 1770200584.2859 27 27 41 65 74 37 32 40 162
1770200584.2860 0 'robobot/drive/T0/mca' 1770200584.2859 0.000 0.000 16
1770200584.2871 0 'robobot/drive/T0/pose' 1770200584.2870 96.0310 0.000 0.000 0.0000 -2.6934
1770200584.2913 0 'robobot/drive/T0/vel' 1770200584.2913 96.0360 0.000 0.000 0.0000 0.000 4
1770200584.2914 0 'robobot/drive/T0/gyro' 1770200584.2913 -1.792297 -0.595093 -2.822815 96.036
1770200584.2914 0 'robobot/drive/T0/mvel' 1770200584.2914 0.000 0.000
1770200584.2914 0 'robobot/drive/T0/acc' 1770200584.2914 0.417236 0.007568 0.889648 96.036
1770200584.2915 0 'robobot/drive/T0/pose' 1770200584.2914 96.0360 0.000 0.000 0.0000 -2.6935
1770200584.2957 0 'robobot/drive/T0/livn' 1770200584.2957 27 27 40 65 74 37 32 40 167
1770200584.2968 0 'robobot/drive/T0/mot' 1770200584.2968 0 0 0.1 0.1 0
1770200584.2969 0 'robobot/drive/T0/pose' 1770200584.2968 96.0410 0.000 0.000 0.0000 -2.6936
1770200584.3001 0 'robobot/drive/T0/vel' 1770200584.3000 96.0440 0.000 0.000 0.0000 0.000 4
1770200584.3009 0 'robobot/drive/T0/mvel' 1770200584.3009 0.000 0.000
1770200584.3022 0 'robobot/drive/T0/pose' 1770200584.3022 96.0460 0.000 0.000 0.0000 -2.6937
1770200584.3033 0 'robobot/drive/T0/gyro' 1770200584.3033 -1.578674 -0.503540 -2.731262 96.048
1770200584.3034 0 'robobot/drive/T0/acc' 1770200584.3034 0.420166 0.002197 0.877197 96.048
1770200584.3045 0 'robobot/drive/T0/ird' 1770200584.3044 1.183 0.164 2971 12185 1
1770200584.3056 0 'robobot/drive/T0/livn' 1770200584.3055 26 27 40 65 74 38 32 40 172
1770200584.3078 0 'robobot/drive/T0/pose' 1770200584.3077 96.0510 0.000 0.000 0.0000 -2.6937
1770200584.3078 0 'robobot/drive/T0/vel' 1770200584.3078 96.0520 0.000 0.000 0.0000 0.000 4
1770200584.3083 0 'robobot/drive/T0/mvel' 1770200584.3083 0.000 0.000
1770200584.3121 0 'robobot/drive/T0/pose' 1770200584.3120 96.0560 0.000 0.000 0.0000 -2.6938
1770200584.3121 0 'robobot/drive/T0/liv' 1770200584.3121 20 24 34 49 67 38 26 26 25
1770200584.3154 0 'robobot/drive/T0/vel' 1770200584.3153 96.0600 0.000 0.000 0.0000 0.000 4
1770200584.3154 0 'robobot/drive/T0/gyro' 1770200584.3154 -1.548157 -0.656128 -2.426086 96.060
1770200584.3155 0 'robobot/drive/T0/acc' 1770200584.3154 0.416260 -0.001465 0.879883 96.060
1770200584.3155 0 'robobot/drive/T0/livn' 1770200584.3155 26 27 40 65 74 37 32 40 177
1770200584.3157 0 'robobot/drive/T0/mvel' 1770200584.3157 0.000 0.000
1770200584.3177 0 'robobot/drive/T0/pose' 1770200584.3176 96.0610 0.000 0.000 0.0000 -2.6939
1770200584.3198 0 'robobot/drive/T0/mca' 1770200584.3198 0.000 -0.000 17
1770200584.3220 0 'robobot/drive/T0/pose' 1770200584.3219 96.0660 0.000 0.000 0.0000 -2.6940
1770200584.3241 0 'robobot/drive/T0/vel' 1770200584.3241 96.0680 0.000 0.000 0.0000 0.000 4
1770200584.3242 0 'robobot/drive/T0/mvel' 1770200584.3241 0.000 0.000
1770200584.3263 0 'robobot/drive/T0/livn' 1770200584.3263 26 27 40 65 74 37 32 40 182
1770200584.3275 0 'robobot/drive/T0/pose' 1770200584.3274 96.0710 0.000 0.000 0.0000 -2.6940
1770200584.3275 0 'robobot/drive/T0/gyro' 1770200584.3275 -1.822815 -0.747681 -2.120911 96.072
1770200584.3276 0 'robobot/drive/T0/acc' 1770200584.3275 0.425537 0.000000 0.885010 96.072
1770200584.3298 0 'robobot/drive/T0/ird' 1770200584.3297 1.131 0.165 3039 12110 1
1770200584.3298 0 'robobot/drive/T0/mot' 1770200584.3298 0 0 0.1 0.1 0
1770200584.3320 0 'robobot/drive/T0/vel' 1770200584.3319 96.0760 0.000 0.000 0.0000 0.000 4
1770200584.3320 0 'robobot/drive/T0/pose' 1770200584.3320 96.0760 0.000 0.000 0.0000 -2.6941
1770200584.3329 0 'robobot/drive/T0/mvel' 1770200584.3329 0.000 0.000
1770200584.3363 0 'robobot/drive/T0/livn' 1770200584.3362 27 27 40 65 74 38 32 40 187
1770200584.3374 0 'robobot/drive/T0/pose' 1770200584.3373 96.0810 0.000 0.000 0.0000 -2.6942
1770200584.3396 0 'robobot/drive/T0/vel' 1770200584.3395 96.0840 0.000 0.000 0.0000 0.000 4
1770200584.3396 0 'robobot/drive/T0/gyro' 1770200584.3396 -1.334534 -0.350952 -2.181946 96.084
1770200584.3397 0 'robobot/drive/T0/acc' 1770200584.3396 0.424805 -0.003174 0.894531 96.084
1770200584.3403 0 'robobot/drive/T0/mvel' 1770200584.3403 0.000 0.000
1770200584.3419 0 'robobot/drive/T0/pose' 1770200584.3418 96.0860 0.000 0.000 0.0000 -2.6942
1770200584.3462 0 'robobot/drive/T0/livn' 1770200584.3461 27 27 40 65 74 38 32 40 192
1770200584.3473 0 'robobot/drive/T0/pose' 1770200584.3472 96.0910 0.000 0.000 0.0000 -2.6943
1770200584.3473 0 'robobot/drive/T0/vel' 1770200584.3473 96.0920 0.000 0.000 0.0000 0.000 4
1770200584.3477 0 'robobot/drive/T0/mvel' 1770200584.3477 0.000 0.000
1770200584.3516 0 'robobot/drive/T0/gyro' 1770200584.3516 -1.365051 -0.289917 -2.151428 96.096
1770200584.3517 0 'robobot/drive/T0/acc' 1770200584.3516 0.417725 -0.001709 0.881836 96.096
1770200584.3517 0 'robobot/drive/T0/pose' 1770200584.3517 96.0960 0.000 0.000 0.0000 -2.6943
1770200584.3528 0 'robobot/drive/master' 1770200584.3528 2026-02-04 11:23:03.813786
1770200584.3528 0 'robobot/drive/T0/mca' 1770200584.3528 0.000 0.000 16
1770200584.3539 0 'robobot/drive/T0/info' 1770200584.3539 # got confw: r1=0.074, r2=0.074, G=19, PPR=92, WB=0.23
1770200584.3540 0 'robobot/drive/T0/ird' 1770200584.3540 1.099 0.167 3084 12012 1
1770200584.3552 0 'robobot/drive/T0/conf' 1770200584.3551 0.0740 0.0740 19.000 92 0.2300 0.0020 0
1770200584.3552 0 'robobot/drive/T0/vel' 1770200584.3552 96.1000 0.000 0.000 0.0000 0.000 4
1770200584.3562 0 'robobot/drive/T0/mvel' 1770200584.3562 0.000 0.000
1770200584.3563 0 'robobot/drive/T0/livn' 1770200584.3563 27 27 40 65 74 38 31 39 197
1770200584.3574 0 'robobot/drive/T0/pose' 1770200584.3574 96.1010 0.000 0.000 0.0000 -2.6944
1770200584.3628 0 'robobot/drive/T0/pose' 1770200584.3627 96.1060 0.000 0.000 0.0000 -2.6945
1770200584.3628 0 'robobot/drive/T0/liv' 1770200584.3628 22 26 37 49 66 39 28 25 25
1770200584.3628 0 'robobot/drive/T0/mot' 1770200584.3628 0 0 0.1 0.1 0
1770200584.3639 0 'robobot/drive/T0/vel' 1770200584.3639 96.1080 0.000 0.000 0.0000 0.000 4
1770200584.3640 0 'robobot/drive/T0/gyro' 1770200584.3639 -1.517639 -0.808716 -2.853333 96.108
1770200584.3640 0 'robobot/drive/T0/acc' 1770200584.3640 0.416992 0.001465 0.890381 96.108
1770200584.3647 0 'robobot/drive/T0/mvel' 1770200584.3647 0.000 0.000
1770200584.3662 0 'robobot/drive/T0/livn' 1770200584.3661 27 27 40 65 74 38 31 39 202
1770200584.3673 0 'robobot/drive/T0/pose' 1770200584.3672 96.1110 0.000 0.000 0.0000 -2.6946
1770200584.3715 0 'robobot/drive/T0/vel' 1770200584.3715 96.1160 0.000 0.000 0.0000 0.000 4
1770200584.3721 0 'robobot/drive/T0/mvel' 1770200584.3720 0.000 0.000
1770200584.3726 0 'robobot/drive/T0/pose' 1770200584.3726 96.1160 0.000 0.000 0.0000 -2.6946
1770200584.3759 0 'robobot/drive/T0/gyro' 1770200584.3758 -1.456604 -0.564575 -2.822815 96.120
1770200584.3759 0 'robobot/drive/T0/acc' 1770200584.3759 0.419678 -0.003174 0.887451 96.120
1770200584.3759 0 'robobot/drive/T0/livn' 1770200584.3759 26 27 40 65 74 38 31 39 207
1770200584.3771 0 'robobot/drive/T0/pose' 1770200584.3770 96.1210 0.000 0.000 0.0000 -2.6947
1770200584.3792 0 'robobot/drive/T0/ird' 1770200584.3792 1.092 0.169 3094 11876 1
1770200584.3793 0 'robobot/drive/T0/vel' 1770200584.3792 96.1240 0.000 0.000 0.0000 0.000 4
1770200584.3794 0 'robobot/drive/T0/mvel' 1770200584.3794 0.000 0.000
1770200584.3825 0 'robobot/drive/T0/pose' 1770200584.3824 96.1260 0.000 0.000 0.0000 -2.6948
1770200584.3857 0 'robobot/drive/T0/mca' 1770200584.3856 0.000 0.000 17
1770200584.3857 0 'robobot/drive/T0/livn' 1770200584.3857 26 27 40 65 74 38 31 39 212
1770200584.3868 0 'robobot/drive/T0/pose' 1770200584.3868 96.1310 0.000 0.000 0.0000 -2.6949
1770200584.3879 0 'robobot/drive/T0/vel' 1770200584.3879 96.1320 0.000 0.000 0.0000 0.000 4
1770200584.3880 0 'robobot/drive/T0/gyro' 1770200584.3879 -1.670227 -0.473022 -2.883850 96.132
1770200584.3880 0 'robobot/drive/T0/acc' 1770200584.3880 0.417236 -0.005371 0.883789 96.132
1770200584.3889 0 'robobot/drive/T0/mvel' 1770200584.3889 0.000 0.000
1770200584.3923 0 'robobot/drive/T0/pose' 1770200584.3922 96.1360 0.000 0.000 0.0000 -2.6949
1770200584.3955 0 'robobot/drive/T0/mot' 1770200584.3955 0 0 0.1 0.1 0
1770200584.3955 0 'robobot/drive/T0/vel' 1770200584.3955 96.1400 0.000 0.000 0.0000 0.000 4
1770200584.3956 0 'robobot/drive/T0/livn' 1770200584.3955 26 27 40 65 74 38 31 39 217
1770200584.3963 0 'robobot/drive/T0/mvel' 1770200584.3963 0.000 0.000
1770200584.3977 0 'robobot/drive/T0/pose' 1770200584.3977 96.1410 0.000 0.000 0.0000 -2.6950
1770200584.3999 0 'robobot/drive/T0/gyro' 1770200584.3998 -1.731262 -0.747681 -2.883850 96.144
1770200584.3999 0 'robobot/drive/T0/acc' 1770200584.3999 0.420166 -0.003662 0.891846 96.144
1770200584.4021 0 'robobot/drive/T0/pose' 1770200584.4020 96.1460 0.000 0.000 0.0000 -2.6951
1770200584.4042 0 'robobot/drive/T0/vel' 1770200584.4042 96.1480 0.000 0.000 0.0000 0.000 4
1770200584.4043 0 'robobot/drive/T0/ird' 1770200584.4042 1.094 0.168 3092 11918 1
1770200584.4048 0 'robobot/drive/T0/mvel' 1770200584.4048 0.000 0.000
1770200584.4054 0 'robobot/drive/T0/livn' 1770200584.4053 26 27 40 65 74 38 31 39 222
1770200584.4075 0 'robobot/drive/T0/pose' 1770200584.4075 96.1510 0.000 0.000 0.0000 -2.6952
1770200584.4118 0 'robobot/drive/T0/vel' 1770200584.4117 96.1560 0.000 0.000 0.0000 0.000 4
1770200584.4118 0 'robobot/drive/T0/gyro' 1770200584.4118 -1.639709 -0.625610 -3.341614 96.156
1770200584.4119 0 'robobot/drive/T0/acc' 1770200584.4118 0.427246 0.000000 0.880615 96.156
1770200584.4119 0 'robobot/drive/T0/pose' 1770200584.4119 96.1560 0.000 0.000 0.0000 -2.6952
1770200584.4119 0 'robobot/drive/T0/liv' 1770200584.4119 20 23 39 47 64 36 29 25 25
1770200584.4121 0 'robobot/drive/T0/mvel' 1770200584.4121 0.000 0.000
1770200584.4162 0 'robobot/drive/T0/livn' 1770200584.4162 26 27 40 65 74 38 31 39 227
1770200584.4174 0 'robobot/drive/T0/pose' 1770200584.4173 96.1610 0.000 0.000 0.0000 -2.6953
1770200584.4185 0 'robobot/drive/T0/mca' 1770200584.4184 0.000 0.000 16
1770200584.4196 0 'robobot/drive/T0/vel' 1770200584.4195 96.1640 0.000 0.000 0.0000 0.000 4
1770200584.4206 0 'robobot/drive/T0/mvel' 1770200584.4206 0.000 0.000
1770200584.4218 0 'robobot/drive/T0/pose' 1770200584.4217 96.1660 0.000 0.000 0.0000 -2.6953
1770200584.4240 0 'robobot/drive/T0/gyro' 1770200584.4239 -1.578674 -0.320435 -3.433167 96.168
1770200584.4241 0 'robobot/drive/T0/acc' 1770200584.4240 0.418457 -0.004150 0.895996 96.168
1770200584.4262 0 'robobot/drive/T0/livn' 1770200584.4262 26 27 40 65 74 38 31 39 232
1770200584.4274 0 'robobot/drive/T0/pose' 1770200584.4273 96.1710 0.000 0.000 0.0000 -2.6954
1770200584.4274 0 'robobot/drive/T0/vel' 1770200584.4274 96.1720 0.000 0.000 0.0000 0.000 4
1770200584.4280 0 'robobot/drive/T0/mvel' 1770200584.4280 0.000 0.000
1770200584.4285 0 'robobot/drive/T0/mot' 1770200584.4285 0 0 0.1 0.1 0
1770200584.4296 0 'robobot/drive/T0/ird' 1770200584.4296 1.097 0.170 3087 11847 1
1770200584.4318 0 'robobot/drive/T0/pose' 1770200584.4318 96.1760 0.000 0.000 0.0000 -2.6954
1770200584.4361 0 'robobot/drive/T0/vel' 1770200584.4360 96.1800 0.000 0.000 0.0000 0.000 4
1770200584.4362 0 'robobot/drive/T0/gyro' 1770200584.4361 -1.212463 -0.534058 -3.585754 96.180
1770200584.4363 0 'robobot/drive/T0/acc' 1770200584.4362 0.418945 -0.006836 0.879883 96.180
1770200584.4363 0 'robobot/drive/T0/livn' 1770200584.4363 26 27 40 65 74 37 31 39 237
1770200584.4365 0 'robobot/drive/T0/mvel' 1770200584.4364 0.000 0.000
1770200584.4375 0 'robobot/drive/T0/pose' 1770200584.4374 96.1810 0.000 0.000 0.0000 -2.6955
1770200584.4428 0 'robobot/drive/T0/pose' 1770200584.4427 96.1860 0.000 0.000 0.0000 -2.6956
1770200584.4439 0 'robobot/drive/T0/vel' 1770200584.4439 96.1880 0.000 0.000 0.0000 0.000 4
1770200584.4449 0 'robobot/drive/T0/mvel' 1770200584.4449 0.000 0.000
1770200584.4461 0 'robobot/drive/T0/livn' 1770200584.4461 27 27 40 65 74 37 31 39 242
1770200584.4472 0 'robobot/drive/T0/pose' 1770200584.4472 96.1910 0.000 0.000 0.0000 -2.6957
1770200584.4473 0 'robobot/drive/T0/gyro' 1770200584.4473 -1.304016 -0.595093 -3.066956 96.192
1770200584.4474 0 'robobot/drive/T0/acc' 1770200584.4473 0.421631 -0.000244 0.887207 96.192
1770200584.4517 0 'robobot/drive/T0/mca' 1770200584.4516 0.000 0.000 17
1770200584.4517 0 'robobot/drive/T0/vel' 1770200584.4517 96.1960 0.000 0.000 0.0000 0.000 4
1770200584.4518 0 'robobot/drive/T0/pose' 1770200584.4517 96.1960 0.000 0.000 0.0000 -2.6957
1770200584.4524 0 'robobot/drive/T0/mvel' 1770200584.4523 0.000 0.000
1770200584.4540 0 'robobot/drive/T0/ird' 1770200584.4539 1.103 0.168 3078 11950 1
1770200584.4561 0 'robobot/drive/T0/livn' 1770200584.4561 27 27 40 65 74 38 31 39 247
1770200584.4573 0 'robobot/drive/T0/pose' 1770200584.4572 96.2010 0.000 0.000 0.0000 -2.6957
1770200584.4594 0 'robobot/drive/T0/vel' 1770200584.4594 96.2040 0.000 0.000 0.0000 0.000 4
1770200584.4595 0 'robobot/drive/T0/gyro' 1770200584.4595 -1.059875 -0.503540 -3.311096 96.204
1770200584.4596 0 'robobot/drive/T0/acc' 1770200584.4595 0.426270 0.001221 0.883545 96.204
1770200584.4598 0 'robobot/drive/T0/mvel' 1770200584.4597 0.000 0.000
1770200584.4617 0 'robobot/drive/T0/mot' 1770200584.4617 0 0 0.1 0.1 0
1770200584.4629 0 'robobot/drive/T0/pose' 1770200584.4628 96.2060 0.000 0.000 0.0000 -2.6958
1770200584.4629 0 'robobot/drive/T0/liv' 1770200584.4629 20 24 40 50 65 37 27 25 25
1770200584.4662 0 'robobot/drive/T0/livn' 1770200584.4661 26 27 40 65 74 38 31 39 252
1770200584.4673 0 'robobot/drive/T0/pose' 1770200584.4672 96.2110 0.000 0.000 0.0000 -2.6958
1770200584.4674 0 'robobot/drive/T0/vel' 1770200584.4673 96.2120 0.000 0.000 0.0000 0.000 4
1770200584.4682 0 'robobot/drive/T0/mvel' 1770200584.4682 0.000 0.000
1770200584.4717 0 'robobot/drive/T0/gyro' 1770200584.4716 -1.181946 -0.381470 -2.914368 96.216
1770200584.4717 0 'robobot/drive/T0/acc' 1770200584.4717 0.421875 -0.004150 0.888428 96.216
1770200584.4718 0 'robobot/drive/T0/pose' 1770200584.4717 96.2160 0.000 0.000 0.0000 -2.6959
1770200584.4761 0 'robobot/drive/T0/vel' 1770200584.4760 96.2200 0.000 0.000 0.0000 0.000 4
1770200584.4762 0 'robobot/drive/T0/livn' 1770200584.4761 26 27 40 65 74 38 31 39 257
1770200584.4767 0 'robobot/drive/T0/mvel' 1770200584.4766 0.000 0.000
1770200584.4773 0 'robobot/drive/T0/pose' 1770200584.4772 96.2210 0.000 0.000 0.0000 -2.6959
1770200584.4795 0 'robobot/drive/T0/ird' 1770200584.4794 1.090 0.169 3097 11909 1
1770200584.4827 0 'robobot/drive/T0/pose' 1770200584.4826 96.2260 0.000 0.000 0.0000 -2.6960
1770200584.4838 0 'robobot/drive/T0/vel' 1770200584.4838 96.2280 0.000 0.000 0.0000 0.000 4
1770200584.4839 0 'robobot/drive/T0/gyro' 1770200584.4838 -1.212463 -0.717163 -2.700745 96.228
1770200584.4840 0 'robobot/drive/T0/acc' 1770200584.4839 0.417480 -0.007080 0.885498 96.228
1770200584.4840 0 'robobot/drive/T0/mca' 1770200584.4840 0.000 0.000 16
1770200584.4840 0 'robobot/drive/T0/mvel' 1770200584.4840 0.000 0.000
1770200584.4862 0 'robobot/drive/T0/livn' 1770200584.4861 26 27 40 65 74 37 31 39 262
1770200584.4873 0 'robobot/drive/T0/pose' 1770200584.4873 96.2310 0.000 0.000 0.0000 -2.6961
1770200584.4916 0 'robobot/drive/T0/vel' 1770200584.4916 96.2360 0.000 0.000 0.0000 0.000 4
1770200584.4925 0 'robobot/drive/T0/mvel' 1770200584.4925 0.000 0.000
1770200584.4928 0 'robobot/drive/T0/pose' 1770200584.4927 96.2360 0.000 0.000 0.0000 -2.6961
1770200584.4939 0 'robobot/drive/T0/mot' 1770200584.4938 0 0 0.1 0.1 0
1770200584.4960 0 'robobot/drive/T0/gyro' 1770200584.4960 -1.304016 -0.442505 -1.907288 96.240
1770200584.4961 0 'robobot/drive/T0/acc' 1770200584.4960 0.420654 -0.008545 0.882568 96.240
1770200584.4962 0 'robobot/drive/T0/livn' 1770200584.4961 26 27 40 65 74 37 31 39 267
1770200584.4973 0 'robobot/drive/T0/pose' 1770200584.4973 96.2410 0.000 0.000 0.0000 -2.6961
1770200584.4995 0 'robobot/drive/T0/vel' 1770200584.4994 96.2440 0.000 0.000 0.0000 0.000 4
1770200584.4999 0 'robobot/drive/T0/mvel' 1770200584.4999 0.000 0.000
1770200584.5028 0 'robobot/drive/T0/pose' 1770200584.5027 96.2460 0.000 0.000 0.0000 -2.6962
1770200584.5039 0 'robobot/drive/T0/ird' 1770200584.5038 1.075 0.171 3120 11789 1
1770200584.5061 0 'robobot/drive/T0/livn' 1770200584.5060 26 27 40 65 74 37 31 39 272
1770200584.5072 0 'robobot/drive/T0/pose' 1770200584.5071 96.2510 0.000 0.000 0.0000 -2.6962
1770200584.5083 0 'robobot/drive/T0/vel' 1770200584.5082 96.2520 0.000 0.000 0.0000 0.000 4
1770200584.5084 0 'robobot/drive/T0/gyro' 1770200584.5083 -1.273499 -0.320435 -1.510559 96.252
1770200584.5084 0 'robobot/drive/T0/acc' 1770200584.5084 0.419189 -0.012207 0.892578 96.252
1770200584.5085 0 'robobot/drive/T0/mvel' 1770200584.5084 0.000 0.000
1770200584.5128 0 'robobot/drive/T0/pose' 1770200584.5127 96.2560 0.000 0.000 0.0000 -2.6963
1770200584.5128 0 'robobot/drive/T0/liv' 1770200584.5128 19 23 37 50 65 33 26 27 25
1770200584.5161 0 'robobot/drive/T0/vel' 1770200584.5160 96.2600 0.000 0.000 0.0000 0.000 4
1770200584.5161 0 'robobot/drive/T0/livn' 1770200584.5161 26 27 40 65 74 37 31 39 277
1770200584.5169 0 'robobot/drive/T0/mvel' 1770200584.5169 0.000 0.000
1770200584.5173 0 'robobot/drive/T0/pose' 1770200584.5172 96.2610 0.000 0.000 0.0000 -2.6963
1770200584.5173 0 'robobot/drive/T0/mca' 1770200584.5173 0.000 0.000 17
1770200584.5196 0 'robobot/drive/T0/gyro' 1770200584.5194 -0.998840 -0.076294 -1.174866 96.264
1770200584.5197 0 'robobot/drive/T0/acc' 1770200584.5196 0.419434 -0.006348 0.882812 96.264
1770200584.5219 0 'robobot/drive/T0/pose' 1770200584.5218 96.2660 0.000 0.000 0.0000 -2.6964
1770200584.5241 0 'robobot/drive/T0/vel' 1770200584.5240 96.2680 0.000 0.000 0.0000 0.000 4
1770200584.5243 0 'robobot/drive/T0/mvel' 1770200584.5243 0.000 0.000
1770200584.5263 0 'robobot/drive/T0/livn' 1770200584.5262 26 27 40 65 74 37 31 39 282
1770200584.5275 0 'robobot/drive/T0/pose' 1770200584.5274 96.2710 0.000 0.000 0.0000 -2.6964
1770200584.5275 0 'robobot/drive/T0/mot' 1770200584.5275 0 0 0.1 0.1 0
1770200584.5297 0 'robobot/drive/T0/ird' 1770200584.5296 1.007 0.171 3230 11738 1
1770200584.5320 0 'robobot/drive/T0/vel' 1770200584.5319 96.2760 0.000 0.000 0.0000 0.000 4
1770200584.5320 0 'robobot/drive/T0/gyro' 1770200584.5320 -0.663147 -0.320435 -1.388489 96.276
1770200584.5321 0 'robobot/drive/T0/acc' 1770200584.5320 0.425049 -0.001953 0.887207 96.276
1770200584.5322 0 'robobot/drive/T0/pose' 1770200584.5321 96.2760 0.000 0.000 0.0000 -2.6964
1770200584.5330 0 'robobot/drive/T0/mvel' 1770200584.5329 0.000 0.000
1770200584.5355 0 'robobot/drive/T0/livn' 1770200584.5354 26 26 40 65 74 37 31 39 287
1770200584.5377 0 'robobot/drive/T0/pose' 1770200584.5376 96.2810 0.000 0.000 0.0000 -2.6964
1770200584.5400 0 'robobot/drive/T0/vel' 1770200584.5398 96.2840 0.000 0.000 0.0000 0.000 4
1770200584.5405 0 'robobot/drive/T0/mvel' 1770200584.5404 0.000 0.000
1770200584.5422 0 'robobot/drive/T0/pose' 1770200584.5421 96.2860 0.000 0.000 0.0000 -2.6964
1770200584.5444 0 'robobot/drive/T0/gyro' 1770200584.5443 -0.907288 -0.442505 -1.693665 96.288
1770200584.5445 0 'robobot/drive/T0/acc' 1770200584.5444 0.425537 0.004639 0.879883 96.288
1770200584.5456 0 'robobot/drive/T0/livn' 1770200584.5455 26 26 40 65 74 37 31 39 292
1770200584.5478 0 'robobot/drive/T0/pose' 1770200584.5477 96.2910 0.000 0.000 0.0000 -2.6965
1770200584.5478 0 'robobot/drive/T0/vel' 1770200584.5478 96.2920 0.000 0.000 0.0000 0.000 4
1770200584.5479 0 'robobot/drive/T0/mvel' 1770200584.5479 0.000 0.000
1770200584.5500 0 'robobot/drive/T0/mca' 1770200584.5500 0.000 0.000 16
1770200584.5522 0 'robobot/drive/T0/pose' 1770200584.5521 96.2960 0.000 0.000 0.0000 -2.6965
1770200584.5544 0 'robobot/drive/T0/ird' 1770200584.5543 0.995 0.174 3251 11612 1
1770200584.5555 0 'robobot/drive/T0/vel' 1770200584.5554 96.3000 0.000 0.000 0.0000 0.000 4
1770200584.5556 0 'robobot/drive/T0/gyro' 1770200584.5555 -1.487122 -0.350952 -2.334534 96.300
1770200584.5556 0 'robobot/drive/T0/acc' 1770200584.5556 0.418701 0.004150 0.888672 96.300
1770200584.5557 0 'robobot/drive/T0/livn' 1770200584.5556 26 26 40 65 74 37 31 39 297
1770200584.5563 0 'robobot/drive/T0/mvel' 1770200584.5563 0.000 0.000
1770200584.5579 0 'robobot/drive/T0/pose' 1770200584.5578 96.3010 0.000 0.000 0.0000 -2.6966
1770200584.5601 0 'robobot/drive/T0/mot' 1770200584.5600 0 0 0.1 0.1 0
1770200584.5623 0 'robobot/drive/T0/liv' 1770200584.5622 18 20 35 51 69 38 28 28 25
1770200584.5623 0 'robobot/drive/T0/pose' 1770200584.5623 96.3060 0.000 0.000 0.0000 -2.6966
1770200584.5634 0 'robobot/drive/T0/vel' 1770200584.5634 96.3080 0.000 0.000 0.0000 0.000 4
1770200584.5637 0 'robobot/drive/T0/mvel' 1770200584.5637 0.000 0.000
1770200584.5656 0 'robobot/drive/T0/livn' 1770200584.5656 25 29 35 65 73 41 34 39 1
1770200584.5678 0 'robobot/drive/T0/pose' 1770200584.5677 96.3110 0.000 0.000 0.0000 -2.6967
1770200584.5679 0 'robobot/drive/T0/gyro' 1770200584.5678 -1.273499 -0.747681 -2.639709 96.312
1770200584.5680 0 'robobot/drive/T0/acc' 1770200584.5679 0.418457 0.007324 0.886230 96.312
1770200584.5723 0 'robobot/drive/T0/vel' 1770200584.5722 96.3160 0.000 0.000 0.0000 0.000 4
1770200584.5723 0 'robobot/drive/T0/pose' 1770200584.5723 96.3160 0.000 0.000 0.0000 -2.6967
1770200584.5733 0 'robobot/drive/T0/mvel' 1770200584.5732 0.000 0.000
1770200584.5756 0 'robobot/drive/T0/livn' 1770200584.5755 22 29 37 64 74 34 27 34 6
1770200584.5777 0 'robobot/drive/T0/pose' 1770200584.5777 96.3210 0.000 0.000 0.0000 -2.6968
1770200584.5789 0 'robobot/drive/T0/ird' 1770200584.5788 0.988 0.172 3264 11710 1
1770200584.5800 0 'robobot/drive/T0/vel' 1770200584.5799 96.3240 0.000 0.000 0.0000 0.000 4
1770200584.5801 0 'robobot/drive/T0/gyro' 1770200584.5800 -1.639709 -0.411987 -2.883850 96.324
1770200584.5801 0 'robobot/drive/T0/acc' 1770200584.5801 0.419678 0.002686 0.886475 96.324
1770200584.5807 0 'robobot/drive/T0/mvel' 1770200584.5806 0.000 0.000
1770200584.5823 0 'robobot/drive/T0/pose' 1770200584.5822 96.3260 0.000 0.000 0.0000 -2.6968
1770200584.5834 0 'robobot/drive/T0/mca' 1770200584.5834 0.000 0.000 17
1770200584.5856 0 'robobot/drive/T0/livn' 1770200584.5855 25 29 37 64 73 36 29 37 11
1770200584.5878 0 'robobot/drive/T0/pose' 1770200584.5877 96.3310 0.000 0.000 0.0000 -2.6969
1770200584.5879 0 'robobot/drive/T0/vel' 1770200584.5878 96.3320 0.000 0.000 0.0000 0.000 4
1770200584.5881 0 'robobot/drive/T0/mvel' 1770200584.5880 0.000 0.000
1770200584.5922 0 'robobot/drive/T0/gyro' 1770200584.5921 -1.304016 -0.320435 -3.127991 96.336
1770200584.5923 0 'robobot/drive/T0/acc' 1770200584.5922 0.419678 -0.002930 0.893066 96.336
1770200584.5924 0 'robobot/drive/T0/pose' 1770200584.5923 96.3360 0.000 0.000 0.0000 -2.6969
1770200584.5936 0 'robobot/drive/T0/mot' 1770200584.5935 0 0 0.1 0.1 0
1770200584.5958 0 'robobot/drive/T0/vel' 1770200584.5957 96.3400 0.000 0.000 0.0000 0.000 4
1770200584.5958 0 'robobot/drive/T0/livn' 1770200584.5958 24 30 38 61 71 37 30 40 16
1770200584.5967 0 'robobot/drive/T0/mvel' 1770200584.5967 0.000 0.000
1770200584.5970 0 'robobot/drive/T0/pose' 1770200584.5969 96.3410 0.000 0.000 0.0000 -2.6970
1770200584.6023 0 'robobot/drive/T0/pose' 1770200584.6022 96.3460 0.000 0.000 0.0000 -2.6971
1770200584.6035 0 'robobot/drive/T0/vel' 1770200584.6034 96.3480 0.000 0.000 0.0000 0.000 4
1770200584.6036 0 'robobot/drive/T0/gyro' 1770200584.6035 -1.456604 -0.595093 -2.975403 96.348
1770200584.6036 0 'robobot/drive/T0/acc' 1770200584.6036 0.424316 -0.009766 0.881104 96.348
1770200584.6041 0 'robobot/drive/T0/mvel' 1770200584.6041 0.000 0.000
1770200584.6048 0 'robobot/drive/T0/ird' 1770200584.6047 0.930 0.172 3375 11703 1
1770200584.6059 0 'robobot/drive/T0/livn' 1770200584.6058 24 29 36 60 71 37 30 39 21
1770200584.6072 0 'robobot/drive/T0/pose' 1770200584.6070 96.3510 0.000 0.000 0.0000 -2.6971
1770200584.6115 0 'robobot/drive/T0/vel' 1770200584.6114 96.3560 0.000 0.000 0.0000 0.000 4
1770200584.6115 0 'robobot/drive/T0/mvel' 1770200584.6115 0.000 0.000
1770200584.6127 0 'robobot/drive/T0/liv' 1770200584.6126 19 27 35 47 63 35 26 27 25
1770200584.6128 0 'robobot/drive/T0/pose' 1770200584.6127 96.3560 0.000 0.000 0.0000 -2.6971
1770200584.6128 0 'robobot/drive/T0/liw' 1770200584.6128 758 892 947 769 887 962 895 681
1770200584.6161 0 'robobot/drive/T0/gyro' 1770200584.6160 -0.754700 -0.350952 -2.487122 96.360
1770200584.6162 0 'robobot/drive/T0/acc' 1770200584.6161 0.423584 -0.017578 0.891113 96.360
1770200584.6163 0 'robobot/drive/T0/livn' 1770200584.6162 25 29 36 60 71 36 29 39 26
1770200584.6163 0 'robobot/drive/T0/mca' 1770200584.6163 0.000 0.000 16
1770200584.6174 0 'robobot/drive/T0/pose' 1770200584.6174 96.3610 0.000 0.000 0.0000 -2.6972
1770200584.6196 0 'robobot/drive/T0/vel' 1770200584.6196 96.3640 0.000 0.000 0.0000 0.000 4
1770200584.6201 0 'robobot/drive/T0/mvel' 1770200584.6200 0.000 0.000
1770200584.6229 0 'robobot/drive/T0/pose' 1770200584.6228 96.3660 0.000 0.000 0.0000 -2.6973
1770200584.6261 0 'robobot/drive/T0/livn' 1770200584.6261 25 28 36 59 70 36 30 40 31
1770200584.6262 0 'robobot/drive/T0/mot' 1770200584.6261 0 0 0.1 0.1 0
1770200584.6273 0 'robobot/drive/T0/pose' 1770200584.6272 96.3710 0.000 0.000 0.0000 -2.6973
1770200584.6274 0 'robobot/drive/T0/vel' 1770200584.6273 96.3720 0.000 0.000 0.0000 0.000 4
1770200584.6274 0 'robobot/drive/T0/gyro' 1770200584.6274 -0.449524 -0.381470 -1.480042 96.372
1770200584.6275 0 'robobot/drive/T0/mvel' 1770200584.6274 0.000 0.000
1770200584.6275 0 'robobot/drive/T0/acc' 1770200584.6274 0.429443 -0.019531 0.884033 96.372
1770200584.6297 0 'robobot/drive/T0/ird' 1770200584.6296 0.932 0.171 3370 11749 1
1770200584.6319 0 'robobot/drive/T0/pose' 1770200584.6318 96.3760 0.000 0.000 0.0000 -2.6973
1770200584.6363 0 'robobot/drive/T0/vel' 1770200584.6362 96.3800 0.000 0.000 0.0000 0.000 4
1770200584.6364 0 'robobot/drive/T0/livn' 1770200584.6363 24 26 38 62 71 35 29 40 36
1770200584.6365 0 'robobot/drive/T0/info' 1770200584.6364 # setvo t=96681, 0, ref=100, e=10000, value=300, vel=300, dw=300, v=2047
1770200584.6370 0 'robobot/drive/T0/mvel' 1770200584.6370 0.000 0.000
1770200584.6376 0 'robobot/drive/T0/pose' 1770200584.6376 96.3810 0.000 0.000 0.0000 -2.6973
1770200584.6388 0 'robobot/drive/T0/info' 1770200584.6387 # setvo t=96683, 0, ref=100, e=9700, value=600, vel=300, dw=300, v=2051
1770200584.6400 0 'robobot/drive/T0/gyro' 1770200584.6399 -0.541077 -0.259399 -0.930725 96.384
1770200584.6400 0 'robobot/drive/T0/acc' 1770200584.6400 0.419922 -0.010254 0.893799 96.384
1770200584.6412 0 'robobot/drive/T0/info' 1770200584.6411 # setvo t=96685, 0, ref=100, e=9400, value=900, vel=300, dw=300, v=2055
1770200584.6423 0 'robobot/drive/T0/pose' 1770200584.6422 96.3860 0.000 0.000 0.0000 -2.6973
1770200584.6424 0 'robobot/drive/T0/info' 1770200584.6423 # setvo t=96687, 0, ref=100, e=9100, value=1200, vel=300, dw=300, v=2059
1770200584.6435 0 'robobot/drive/T0/vel' 1770200584.6435 96.3880 0.000 0.000 0.0000 0.000 4
1770200584.6444 0 'robobot/drive/T0/mvel' 1770200584.6444 0.000 0.000
1770200584.6447 0 'robobot/drive/T0/info' 1770200584.6446 # setvo t=96689, 0, ref=100, e=8800, value=1500, vel=300, dw=300, v=2063
1770200584.6458 0 'robobot/drive/T0/livn' 1770200584.6458 24 26 36 62 70 35 29 41 41
1770200584.6470 0 'robobot/drive/T0/info' 1770200584.6469 # setvo t=96691, 0, ref=100, e=8500, value=1800, vel=300, dw=300, v=2067
1770200584.6471 0 'robobot/drive/T0/pose' 1770200584.6470 96.3910 0.000 0.000 0.0012 -2.6973
1770200584.6493 0 'robobot/drive/T0/info' 1770200584.6492 # setvo t=96693, 0, ref=100, e=8200, value=2100, vel=300, dw=300, v=2071
1770200584.6493 0 'robobot/drive/T0/mca' 1770200584.6493 0.115 0.119 17
1770200584.6505 0 'robobot/drive/T0/info' 1770200584.6504 # setvo t=96695, 0, ref=100, e=7900, value=2400, vel=300, dw=300, v=2075
1770200584.6516 0 'robobot/drive/T0/vel' 1770200584.6516 96.3960 0.000 0.000 0.0000 0.000 4
1770200584.6517 0 'robobot/drive/T0/gyro' 1770200584.6516 -1.181946 -0.320435 -0.656067 96.396
1770200584.6518 0 'robobot/drive/T0/acc' 1770200584.6517 0.411377 -0.014893 0.898438 96.396
1770200584.6518 0 'robobot/drive/T0/mvel' 1770200584.6518 0.000 0.000
1770200584.6529 0 'robobot/drive/T0/pose' 1770200584.6528 96.3960 0.000 0.000 0.0023 -2.6974
1770200584.6530 0 'robobot/drive/T0/info' 1770200584.6529 # setvo t=96697, 0, ref=100, e=7600, value=2700, vel=300, dw=300, v=2079
1770200584.6541 0 'robobot/drive/T0/ird' 1770200584.6541 0.913 0.173 3410 11644 1
1770200584.6553 0 'robobot/drive/T0/info' 1770200584.6552 # setvo t=96699, 0, ref=100, e=7300, value=3000, vel=300, dw=300, v=2083
1770200584.6564 0 'robobot/drive/T0/livn' 1770200584.6564 25 27 36 62 70 35 29 40 46
1770200584.6565 0 'robobot/drive/T0/info' 1770200584.6564 # setvo t=96701, 0, ref=100, e=7000, value=3300, vel=300, dw=300, v=2087
1770200584.6577 0 'robobot/drive/T0/pose' 1770200584.6576 96.4010 0.001 0.000 0.0035 -2.6975
1770200584.6588 0 'robobot/drive/T0/info' 1770200584.6587 # setvo t=96703, 0, ref=100, e=6700, value=3600, vel=300, dw=300, v=2091
1770200584.6589 0 'robobot/drive/T0/mot' 1770200584.6588 2.5 2.5 0.1 0.1 0
1770200584.6600 0 'robobot/drive/T0/vel' 1770200584.6599 96.4040 0.000 0.031 0.1369 0.000 4
1770200584.6603 0 'robobot/drive/T0/mvel' 1770200584.6603 0.000 0.031
1770200584.6612 0 'robobot/drive/T0/info' 1770200584.6611 # setvo t=96705, 0, ref=100, e=6400, value=3900, vel=300, dw=300, v=2095
1770200584.6623 0 'robobot/drive/T0/liv' 1770200584.6622 19 23 34 49 62 34 27 27 25
1770200584.6624 0 'robobot/drive/T0/pose' 1770200584.6623 96.4060 0.002 0.000 0.0023 -2.6975
1770200584.6625 0 'robobot/drive/T0/info' 1770200584.6624 # setvo t=96707, 0, ref=100, e=6100, value=4200, vel=300, dw=300, v=2099
1770200584.6636 0 'robobot/drive/T0/gyro' 1770200584.6635 -12.320862 -6.332397 -1.541077 96.408
1770200584.6637 0 'robobot/drive/T0/acc' 1770200584.6636 0.277344 0.180176 0.661133 96.408
1770200584.6648 0 'robobot/drive/T0/info' 1770200584.6647 # setvo t=96709, 0, ref=100, e=5800, value=4500, vel=300, dw=300, v=2103
1770200584.6660 0 'robobot/drive/T0/livn' 1770200584.6659 25 27 36 62 70 36 29 39 51
1770200584.6671 0 'robobot/drive/T0/info' 1770200584.6670 # setvo t=96711, 0, ref=100, e=5500, value=4800, vel=300, dw=300, v=2107
1770200584.6672 0 'robobot/drive/T0/pose' 1770200584.6671 96.4110 0.003 0.000 0.0012 -2.6978
1770200584.6683 0 'robobot/drive/T0/vel' 1770200584.6682 96.4120 0.146 0.132 -0.0629 0.146 4
1770200584.6684 0 'robobot/drive/T0/info' 1770200584.6683 # setvo t=96713, 0, ref=100, e=5200, value=5100, vel=300, dw=300, v=2111
1770200584.6688 0 'robobot/drive/T0/mvel' 1770200584.6687 0.146 0.132
1770200584.6706 0 'robobot/drive/T0/info' 1770200584.6705 # setvo t=96715, 0, ref=100, e=4900, value=5400, vel=300, dw=300, v=2115
1770200584.6728 0 'robobot/drive/T0/pose' 1770200584.6727 96.4160 0.003 0.000 0.0012 -2.6978
1770200584.6729 0 'robobot/drive/T0/info' 1770200584.6728 # setvo t=96717, 0, ref=100, e=4600, value=5700, vel=300, dw=300, v=2119
1770200584.6751 0 'robobot/drive/T0/info' 1770200584.6750 # setvo t=96719, 0, ref=100, e=4300, value=6000, vel=300, dw=300, v=2123
1770200584.6763 0 'robobot/drive/T0/vel' 1770200584.6762 96.4200 0.202 0.181 -0.0945 0.202 4
1770200584.6763 0 'robobot/drive/T0/gyro' 1770200584.6763 1.808777 0.991821 -3.738342 96.420
1770200584.6764 0 'robobot/drive/T0/acc' 1770200584.6763 0.474609 0.107666 0.797607 96.420
1770200584.6765 0 'robobot/drive/T0/livn' 1770200584.6764 26 26 36 63 71 35 29 39 56
1770200584.6766 0 'robobot/drive/T0/info' 1770200584.6765 # setvo t=96721, 0, ref=100, e=4000, value=6300, vel=300, dw=300, v=2127
1770200584.6773 0 'robobot/drive/T0/mvel' 1770200584.6772 0.202 0.181
1770200584.6777 0 'robobot/drive/T0/pose' 1770200584.6776 96.4210 0.004 0.000 0.0012 -2.6975
1770200584.6789 0 'robobot/drive/T0/info' 1770200584.6788 # setvo t=96723, 0, ref=100, e=3700, value=6600, vel=300, dw=300, v=2131
1770200584.6789 0 'robobot/drive/T0/ird' 1770200584.6789 0.911 0.175 3415 11533 1
1770200584.6812 0 'robobot/drive/T0/info' 1770200584.6811 # setvo t=96725, 0, ref=100, e=3400, value=6900, vel=300, dw=300, v=2135
1770200584.6823 0 'robobot/drive/T0/mca' 1770200584.6822 0.399 0.367 16
1770200584.6823 0 'robobot/drive/T0/pose' 1770200584.6823 96.4260 0.005 0.000 0.0012 -2.6970
1770200584.6824 0 'robobot/drive/T0/info' 1770200584.6823 # setvo t=96727, 0, ref=100, e=3100, value=7200, vel=300, dw=300, v=2139
1770200584.6836 0 'robobot/drive/T0/vel' 1770200584.6835 96.4280 0.193 0.199 0.0258 0.193 4
1770200584.6836 0 'robobot/drive/T0/mvel' 1770200584.6836 0.193 0.199
1770200584.6848 0 'robobot/drive/T0/info' 1770200584.6846 # setvo t=96729, 0, ref=100, e=2800, value=7500, vel=300, dw=300, v=2143
1770200584.6859 0 'robobot/drive/T0/livn' 1770200584.6858 26 26 36 63 72 36 29 39 61
1770200584.6870 0 'robobot/drive/T0/info' 1770200584.6869 # setvo t=96731, 0, ref=100, e=2500, value=7800, vel=300, dw=300, v=2147
1770200584.6871 0 'robobot/drive/T0/pose' 1770200584.6870 96.4310 0.007 0.000 0.0012 -2.6970
1770200584.6882 0 'robobot/drive/T0/gyro' 1770200584.6882 -0.388489 1.480103 -2.761780 96.432
1770200584.6883 0 'robobot/drive/T0/acc' 1770200584.6882 0.343994 -0.079102 0.959961 96.432
1770200584.6884 0 'robobot/drive/T0/info' 1770200584.6883 # setvo t=96733, 0, ref=100, e=2200, value=8100, vel=300, dw=300, v=2151
1770200584.6906 0 'robobot/drive/T0/info' 1770200584.6905 # setvo t=96735, 0, ref=100, e=1900, value=8400, vel=300, dw=300, v=2155
1770200584.6918 0 'robobot/drive/T0/vel' 1770200584.6917 96.4360 0.194 0.190 -0.0180 0.194 4
1770200584.6921 0 'robobot/drive/T0/mvel' 1770200584.6921 0.194 0.190
1770200584.6929 0 'robobot/drive/T0/mot' 1770200584.6928 1.7 1.7 0.1 0.1 0
1770200584.6930 0 'robobot/drive/T0/pose' 1770200584.6929 96.4360 0.007 0.000 -0.0000 -2.6970
1770200584.6931 0 'robobot/drive/T0/info' 1770200584.6930 # setvo t=96737, 0, ref=100, e=1600, value=8700, vel=300, dw=300, v=2159
1770200584.6953 0 'robobot/drive/T0/info' 1770200584.6952 # setvo t=96739, 0, ref=100, e=1300, value=9000, vel=300, dw=300, v=2163
1770200584.6964 0 'robobot/drive/T0/livn' 1770200584.6963 25 26 36 64 72 35 29 39 66
1770200584.6965 0 'robobot/drive/T0/info' 1770200584.6964 # setvo t=96741, 0, ref=100, e=1000, value=9300, vel=300, dw=300, v=2167
1770200584.6976 0 'robobot/drive/T0/pose' 1770200584.6976 96.4410 0.008 0.000 -0.0000 -2.6972
1770200584.6988 0 'robobot/drive/T0/info' 1770200584.6987 # setvo t=96743, 0, ref=100, e=700, value=9600, vel=300, dw=300, v=2171
1770200584.6999 0 'robobot/drive/T0/vel' 1770200584.6999 96.4440 0.191 0.183 -0.0355 0.191 4
1770200584.7000 0 'robobot/drive/T0/gyro' 1770200584.7000 -4.050598 -0.625610 -4.043518 96.444
1770200584.7001 0 'robobot/drive/T0/acc' 1770200584.7000 0.403809 0.018555 0.896240 96.444
1770200584.7006 0 'robobot/drive/T0/mvel' 1770200584.7006 0.191 0.183
1770200584.7013 0 'robobot/drive/T0/info' 1770200584.7011 # setvo t=96745, 0, ref=100, e=400, value=9900, vel=300, dw=300, v=2175
1770200584.7024 0 'robobot/drive/T0/pose' 1770200584.7023 96.4460 0.009 0.000 -0.0000 -2.6973
1770200584.7025 0 'robobot/drive/T0/info' 1770200584.7024 # setvo t=96747, 0, ref=100, e=100, value=10000, vel=300, dw=100, v=2177
1770200584.7047 0 'robobot/drive/T0/ird' 1770200584.7046 0.918 0.173 3399 11629 1
1770200584.7058 0 'robobot/drive/T0/livn' 1770200584.7057 25 26 36 64 72 35 29 38 71
1770200584.7069 0 'robobot/drive/T0/pose' 1770200584.7068 96.4510 0.010 0.000 -0.0000 -2.6974
1770200584.7080 0 'robobot/drive/T0/vel' 1770200584.7080 96.4520 0.189 0.175 -0.0635 0.189 4
1770200584.7091 0 'robobot/drive/T0/mvel' 1770200584.7091 0.189 0.175
1770200584.7124 0 'robobot/drive/T0/gyro' 1770200584.7123 -3.135071 -0.900269 -4.501282 96.456
1770200584.7124 0 'robobot/drive/T0/acc' 1770200584.7124 0.456299 -0.012695 0.906250 96.456
1770200584.7125 0 'robobot/drive/T0/liv' 1770200584.7124 19 22 37 53 71 35 25 24 25
1770200584.7126 0 'robobot/drive/T0/pose' 1770200584.7125 96.4560 0.011 0.000 -0.0000 -2.6974
1770200584.7158 0 'robobot/drive/T0/mca' 1770200584.7157 0.165 0.129 17
1770200584.7160 0 'robobot/drive/T0/vel' 1770200584.7158 96.4600 0.193 0.182 -0.0494 0.193 4
1770200584.7161 0 'robobot/drive/T0/livn' 1770200584.7160 25 26 36 63 73 36 28 37 76
1770200584.7165 0 'robobot/drive/T0/mvel' 1770200584.7165 0.193 0.182
1770200584.7172 0 'robobot/drive/T0/pose' 1770200584.7171 96.4610 0.012 0.000 -0.0000 -2.6973
1770200584.7226 0 'robobot/drive/T0/pose' 1770200584.7225 96.4660 0.013 0.000 -0.0000 -2.6975
1770200584.7237 0 'robobot/drive/T0/vel' 1770200584.7236 96.4680 0.197 0.196 -0.0043 0.197 4
1770200584.7238 0 'robobot/drive/T0/gyro' 1770200584.7237 -2.127991 -0.656128 -5.050598 96.468
1770200584.7239 0 'robobot/drive/T0/acc' 1770200584.7238 0.374023 -0.011230 0.824951 96.468
1770200584.7240 0 'robobot/drive/T0/mvel' 1770200584.7239 0.197 0.196
1770200584.7250 0 'robobot/drive/T0/mot' 1770200584.7250 2 2.1 0.1 0.1 0
1770200584.7262 0 'robobot/drive/T0/livn' 1770200584.7261 26 26 36 63 73 37 28 38 81
1770200584.7273 0 'robobot/drive/T0/pose' 1770200584.7272 96.4710 0.014 0.000 -0.0000 -2.6975
1770200584.7289 0 'robobot/drive/T0/ird' 1770200584.7288 0.911 0.174 3414 11560 1
1770200584.7328 0 'robobot/drive/T0/vel' 1770200584.7327 96.4760 0.204 0.201 -0.0129 0.204 4
1770200584.7329 0 'robobot/drive/T0/pose' 1770200584.7328 96.4760 0.015 0.000 -0.0000 -2.6976
1770200584.7335 0 'robobot/drive/T0/mvel' 1770200584.7335 0.204 0.201
1770200584.7361 0 'robobot/drive/T0/gyro' 1770200584.7360 -2.524719 -1.571655 -4.836975 96.480
1770200584.7362 0 'robobot/drive/T0/acc' 1770200584.7361 0.403564 -0.001953 0.914307 96.480
1770200584.7363 0 'robobot/drive/T0/livn' 1770200584.7362 26 26 36 63 73 36 28 37 86
1770200584.7375 0 'robobot/drive/T0/pose' 1770200584.7374 96.4810 0.016 0.000 -0.0000 -2.6979
1770200584.7397 0 'robobot/drive/T0/vel' 1770200584.7396 96.4840 0.210 0.210 0.0003 0.210 4
1770200584.7399 0 'robobot/drive/T0/mvel' 1770200584.7399 0.210 0.210
1770200584.7419 0 'robobot/drive/T0/pose' 1770200584.7418 96.4860 0.017 0.000 -0.0000 -2.6979
1770200584.7462 0 'robobot/drive/T0/livn' 1770200584.7461 25 26 36 63 73 36 28 38 91
1770200584.7473 0 'robobot/drive/T0/pose' 1770200584.7472 96.4910 0.018 0.000 -0.0000 -2.6980
1770200584.7474 0 'robobot/drive/T0/vel' 1770200584.7473 96.4920 0.211 0.214 0.0135 0.211 4
1770200584.7475 0 'robobot/drive/T0/gyro' 1770200584.7474 -2.463684 -1.266479 -4.684387 96.492
1770200584.7475 0 'robobot/drive/T0/acc' 1770200584.7475 0.404053 -0.000977 0.874756 96.492
1770200584.7484 0 'robobot/drive/T0/mvel' 1770200584.7484 0.211 0.214
1770200584.7487 0 'robobot/drive/T0/mca' 1770200584.7486 0.211 0.171 16
1770200584.7530 0 'robobot/drive/T0/pose' 1770200584.7529 96.4960 0.019 0.000 -0.0000 -2.6980
1770200584.7541 0 'robobot/drive/T0/ird' 1770200584.7540 0.923 0.174 3389 11607 1
1770200584.7563 0 'robobot/drive/T0/vel' 1770200584.7562 96.5000 0.216 0.219 0.0098 0.216 4
1770200584.7563 0 'robobot/drive/T0/livn' 1770200584.7563 25 25 36 64 73 36 29 38 96
1770200584.7569 0 'robobot/drive/T0/mvel' 1770200584.7568 0.216 0.219
1770200584.7575 0 'robobot/drive/T0/pose' 1770200584.7574 96.5010 0.020 0.000 -0.0000 -2.6982
1770200584.7586 0 'robobot/drive/T0/mot' 1770200584.7585 2.1 2.1 0.1 0.1 0
1770200584.7597 0 'robobot/drive/T0/gyro' 1770200584.7596 -2.707825 -1.174927 -3.860413 96.504
1770200584.7598 0 'robobot/drive/T0/acc' 1770200584.7597 0.410400 0.027100 0.887695 96.504
1770200584.7620 0 'robobot/drive/T0/liv' 1770200584.7619 20 24 33 48 67 39 29 26 25
1770200584.7620 0 'robobot/drive/T0/pose' 1770200584.7620 96.5060 0.021 0.000 0.0012 -2.6983
1770200584.7642 0 'robobot/drive/T0/vel' 1770200584.7642 96.5080 0.226 0.229 0.0118 0.226 4
1770200584.7643 0 'robobot/drive/T0/mvel' 1770200584.7642 0.226 0.229
1770200584.7654 0 'robobot/drive/T0/hbt' 1770200584.7653 96.5090 107 1033 15.63 4 8 9.0 0.55 0
1770200584.7665 0 'robobot/drive/T0/livn' 1770200584.7664 25 26 36 63 73 37 29 38 101
1770200584.7676 0 'robobot/drive/T0/pose' 1770200584.7675 96.5110 0.023 0.000 0.0012 -2.6983
1770200584.7719 0 'robobot/drive/T0/vel' 1770200584.7718 96.5160 0.224 0.231 0.0282 0.224 4
1770200584.7720 0 'robobot/drive/T0/gyro' 1770200584.7719 -2.127991 -1.632690 -3.555237 96.516
1770200584.7721 0 'robobot/drive/T0/acc' 1770200584.7720 0.391357 -0.017090 0.853271 96.516
1770200584.7722 0 'robobot/drive/T0/pose' 1770200584.7721 96.5160 0.024 0.000 -0.0000 -2.6984
1770200584.7727 0 'robobot/drive/T0/mvel' 1770200584.7727 0.224 0.231
1770200584.7765 0 'robobot/drive/T0/livn' 1770200584.7764 25 26 36 64 74 37 29 37 106
1770200584.7776 0 'robobot/drive/T0/pose' 1770200584.7775 96.5210 0.025 0.000 -0.0000 -2.6986
1770200584.7798 0 'robobot/drive/T0/ird' 1770200584.7797 0.894 0.176 3452 11481 1
1770200584.7799 0 'robobot/drive/T0/vel' 1770200584.7798 96.5240 0.223 0.228 0.0230 0.223 4
1770200584.7801 0 'robobot/drive/T0/mvel' 1770200584.7801 0.223 0.228
1770200584.7810 0 'robobot/drive/T0/mca' 1770200584.7809 0.227 0.167 17
1770200584.7821 0 'robobot/drive/T0/pose' 1770200584.7820 96.5260 0.026 0.000 0.0012 -2.6987
1770200584.7843 0 'robobot/drive/T0/gyro' 1770200584.7842 -4.294739 -1.266479 -3.402649 96.528
1770200584.7844 0 'robobot/drive/T0/acc' 1770200584.7843 0.437012 -0.020508 0.919189 96.528
1770200584.7855 0 'robobot/drive/T0/livn' 1770200584.7854 25 26 36 64 74 37 29 37 111
1770200584.7877 0 'robobot/drive/T0/pose' 1770200584.7876 96.5310 0.027 0.000 0.0012 -2.6987
1770200584.7878 0 'robobot/drive/T0/vel' 1770200584.7877 96.5320 0.223 0.225 0.0113 0.223 4
1770200584.7886 0 'robobot/drive/T0/mvel' 1770200584.7886 0.223 0.225
1770200584.7910 0 'robobot/drive/T0/mot' 1770200584.7909 2.1 2.2 0.1 0.1 0
1770200584.7921 0 'robobot/drive/T0/pose' 1770200584.7920 96.5360 0.028 0.000 -0.0000 -2.6986
1770200584.7964 0 'robobot/drive/T0/vel' 1770200584.7963 96.5400 0.229 0.229 0.0017 0.229 4
1770200584.7965 0 'robobot/drive/T0/gyro' 1770200584.7964 -1.914368 -1.266479 -3.860413 96.540
1770200584.7965 0 'robobot/drive/T0/acc' 1770200584.7965 0.424072 -0.047363 0.916016 96.540
1770200584.7966 0 'robobot/drive/T0/livn' 1770200584.7965 25 25 35 64 74 37 29 37 116
1770200584.7971 0 'robobot/drive/T0/mvel' 1770200584.7971 0.229 0.229
1770200584.7977 0 'robobot/drive/T0/pose' 1770200584.7976 96.5410 0.030 0.000 0.0012 -2.6985
1770200584.8020 0 'robobot/drive/T0/pose' 1770200584.8019 96.5460 0.031 0.000 -0.0000 -2.6985
1770200584.8042 0 'robobot/drive/T0/vel' 1770200584.8041 96.5480 0.235 0.238 0.0127 0.235 4
1770200584.8043 0 'robobot/drive/T0/ird' 1770200584.8042 0.864 0.176 3518 11470 1
1770200584.8045 0 'robobot/drive/T0/mvel' 1770200584.8045 0.235 0.238
1770200584.8064 0 'robobot/drive/T0/livn' 1770200584.8064 24 25 36 63 74 37 30 37 121
1770200584.8076 0 'robobot/drive/T0/pose' 1770200584.8075 96.5510 0.032 0.000 0.0012 -2.6986
1770200584.8076 0 'robobot/drive/T0/gyro' 1770200584.8076 -1.304016 -0.747681 -3.860413 96.552
1770200584.8077 0 'robobot/drive/T0/acc' 1770200584.8076 0.437988 -0.011475 0.945068 96.552
1770200584.8120 0 'robobot/drive/T0/vel' 1770200584.8119 96.5560 0.237 0.241 0.0189 0.237 4
1770200584.8121 0 'robobot/drive/T0/liv' 1770200584.8120 15 19 34 49 68 36 29 25 25
1770200584.8121 0 'robobot/drive/T0/pose' 1770200584.8121 96.5560 0.033 0.000 0.0012 -2.6986
1770200584.8130 0 'robobot/drive/T0/mvel' 1770200584.8129 0.237 0.241
1770200584.8143 0 'robobot/drive/T0/mca' 1770200584.8142 0.210 0.170 16
1770200584.8165 0 'robobot/drive/T0/livn' 1770200584.8164 24 25 36 63 74 37 30 37 126
1770200584.8176 0 'robobot/drive/T0/pose' 1770200584.8175 96.5610 0.034 0.000 0.0012 -2.6987
1770200584.8198 0 'robobot/drive/T0/vel' 1770200584.8197 96.5640 0.236 0.244 0.0313 0.236 4
1770200584.8199 0 'robobot/drive/T0/gyro' 1770200584.8198 -1.090393 -0.503540 -3.585754 96.564
1770200584.8199 0 'robobot/drive/T0/acc' 1770200584.8199 0.431885 -0.008545 0.904785 96.564
1770200584.8204 0 'robobot/drive/T0/mvel' 1770200584.8203 0.236 0.244
1770200584.8221 0 'robobot/drive/T0/pose' 1770200584.8220 96.5660 0.035 0.000 0.0012 -2.6987
1770200584.8243 0 'robobot/drive/T0/mot' 1770200584.8242 2.1 2.1 0.1 0.1 0
1770200584.8265 0 'robobot/drive/T0/livn' 1770200584.8264 24 25 35 63 74 37 30 37 131
1770200584.8276 0 'robobot/drive/T0/pose' 1770200584.8275 96.5710 0.037 0.000 0.0012 -2.6988
1770200584.8276 0 'robobot/drive/T0/vel' 1770200584.8276 96.5720 0.235 0.242 0.0302 0.235 4
1770200584.8278 0 'robobot/drive/T0/mvel' 1770200584.8277 0.235 0.242
1770200584.8298 0 'robobot/drive/T0/ird' 1770200584.8298 0.854 0.176 3542 11452 1
1770200584.8320 0 'robobot/drive/T0/gyro' 1770200584.8319 -1.242981 -0.717163 -3.372131 96.576
1770200584.8321 0 'robobot/drive/T0/acc' 1770200584.8320 0.416992 0.003418 0.840576 96.576
1770200584.8322 0 'robobot/drive/T0/pose' 1770200584.8321 96.5760 0.038 0.000 0.0012 -2.6988
1770200584.8329 0 'robobot/drive/master' 1770200584.8328 2026-02-04 11:23:03.813786
1770200584.8354 0 'robobot/drive/T0/vel' 1770200584.8353 96.5800 0.238 0.242 0.0169 0.238 4
1770200584.8355 0 'robobot/drive/T0/livn' 1770200584.8354 24 25 35 63 74 37 30 37 136
1770200584.8362 0 'robobot/drive/T0/mvel' 1770200584.8362 0.238 0.242
1770200584.8377 0 'robobot/drive/T0/pose' 1770200584.8376 96.5810 0.039 0.000 0.0012 -2.6989
1770200584.8430 0 'robobot/drive/T0/pose' 1770200584.8430 96.5860 0.040 0.000 0.0023 -2.6989
1770200584.8442 0 'robobot/drive/T0/vel' 1770200584.8441 96.5880 0.241 0.246 0.0213 0.241 4
1770200584.8442 0 'robobot/drive/T0/gyro' 1770200584.8442 -1.365051 -0.289917 -3.341614 96.588
1770200584.8443 0 'robobot/drive/T0/acc' 1770200584.8443 0.390137 -0.005859 0.896240 96.588
1770200584.8447 0 'robobot/drive/T0/mvel' 1770200584.8447 0.241 0.246
1770200584.8465 0 'robobot/drive/T0/livn' 1770200584.8464 25 24 35 63 74 37 30 37 141
1770200584.8476 0 'robobot/drive/T0/mca' 1770200584.8476 0.214 0.151 17
1770200584.8477 0 'robobot/drive/T0/pose' 1770200584.8476 96.5910 0.042 0.000 0.0012 -2.6990
1770200584.8520 0 'robobot/drive/T0/vel' 1770200584.8519 96.5960 0.240 0.245 0.0206 0.240 4
1770200584.8520 0 'robobot/drive/T0/pose' 1770200584.8520 96.5960 0.043 0.000 0.0023 -2.6989
1770200584.8521 0 'robobot/drive/T0/mvel' 1770200584.8521 0.240 0.245
1770200584.8542 0 'robobot/drive/T0/ird' 1770200584.8541 0.860 0.178 3528 11346 1
1770200584.8564 0 'robobot/drive/T0/gyro' 1770200584.8563 -1.426086 -0.350952 -4.074036 96.600
1770200584.8565 0 'robobot/drive/T0/acc' 1770200584.8564 0.430664 0.029541 0.884521 96.600
1770200584.8565 0 'robobot/drive/T0/livn' 1770200584.8565 25 24 35 63 73 37 30 37 146
1770200584.8576 0 'robobot/drive/T0/mot' 1770200584.8576 2.2 2.1 0.1 0.1 0
1770200584.8577 0 'robobot/drive/T0/pose' 1770200584.8576 96.6010 0.044 0.000 0.0012 -2.6990
1770200584.8599 0 'robobot/drive/T0/vel' 1770200584.8598 96.6040 0.243 0.247 0.0170 0.243 4
1770200584.8606 0 'robobot/drive/T0/mvel' 1770200584.8606 0.243 0.247
1770200584.8621 0 'robobot/drive/T0/liv' 1770200584.8621 21 18 30 48 62 38 26 26 25
1770200584.8622 0 'robobot/drive/T0/pose' 1770200584.8621 96.6060 0.045 0.000 0.0023 -2.6990
1770200584.8665 0 'robobot/drive/T0/livn' 1770200584.8664 25 24 35 63 73 37 29 37 151
1770200584.8676 0 'robobot/drive/T0/pose' 1770200584.8675 96.6110 0.046 0.000 0.0012 -2.6990
1770200584.8677 0 'robobot/drive/T0/vel' 1770200584.8676 96.6120 0.243 0.243 -0.0004 0.243 4
1770200584.8677 0 'robobot/drive/T0/gyro' 1770200584.8677 -2.036438 -1.144409 -3.951965 96.612
1770200584.8678 0 'robobot/drive/T0/acc' 1770200584.8677 0.409180 0.008057 0.887939 96.612
1770200584.8680 0 'robobot/drive/T0/mvel' 1770200584.8680 0.243 0.243
1770200584.8721 0 'robobot/drive/T0/pose' 1770200584.8720 96.6160 0.047 0.000 0.0012 -2.6991
1770200584.8764 0 'robobot/drive/T0/vel' 1770200584.8763 96.6200 0.249 0.245 -0.0196 0.249 4
1770200584.8765 0 'robobot/drive/T0/mvel' 1770200584.8764 0.249 0.245
1770200584.8765 0 'robobot/drive/T0/livn' 1770200584.8764 25 24 35 63 73 37 30 37 156
1770200584.8776 0 'robobot/drive/T0/pose' 1770200584.8775 96.6210 0.049 0.000 0.0023 -2.6991
1770200584.8798 0 'robobot/drive/T0/ird' 1770200584.8797 0.856 0.176 3537 11489 1
1770200584.8799 0 'robobot/drive/T0/gyro' 1770200584.8798 -2.311096 -0.808716 -4.470764 96.624
1770200584.8799 0 'robobot/drive/T0/acc' 1770200584.8799 0.420898 0.007812 0.883301 96.624
1770200584.8800 0 'robobot/drive/T0/mca' 1770200584.8799 0.210 0.149 16
1770200584.8822 0 'robobot/drive/T0/pose' 1770200584.8821 96.6260 0.050 0.000 0.0023 -2.6992
1770200584.8843 0 'robobot/drive/T0/vel' 1770200584.8843 96.6280 0.248 0.245 -0.0162 0.248 4
1770200584.8849 0 'robobot/drive/T0/mvel' 1770200584.8849 0.248 0.245
1770200584.8865 0 'robobot/drive/T0/livn' 1770200584.8864 25 24 35 63 73 37 29 37 161
1770200584.8877 0 'robobot/drive/T0/pose' 1770200584.8876 96.6310 0.051 0.000 0.0012 -2.6994
1770200584.8909 0 'robobot/drive/T0/mot' 1770200584.8908 2.1 2.1 0.1 0.1 0
1770200584.8920 0 'robobot/drive/T0/vel' 1770200584.8920 96.6360 0.247 0.247 -0.0000 0.247 4
1770200584.8921 0 'robobot/drive/T0/gyro' 1770200584.8920 -2.463684 -1.602173 -4.806458 96.636
1770200584.8922 0 'robobot/drive/T0/acc' 1770200584.8921 0.426514 0.022949 0.923340 96.636
1770200584.8922 0 'robobot/drive/T0/pose' 1770200584.8922 96.6360 0.052 0.000 0.0023 -2.6994
1770200584.8923 0 'robobot/drive/T0/mvel' 1770200584.8923 0.247 0.247
1770200584.8965 0 'robobot/drive/T0/livn' 1770200584.8965 24 24 34 62 73 37 29 37 166
1770200584.8977 0 'robobot/drive/T0/pose' 1770200584.8976 96.6410 0.054 0.000 0.0012 -2.6995
1770200584.8998 0 'robobot/drive/T0/vel' 1770200584.8998 96.6440 0.245 0.246 0.0083 0.245 4
1770200584.9008 0 'robobot/drive/T0/mvel' 1770200584.9008 0.245 0.246
1770200584.9021 0 'robobot/drive/T0/pose' 1770200584.9020 96.6460 0.055 0.000 0.0023 -2.6995
1770200584.9043 0 'robobot/drive/T0/gyro' 1770200584.9042 -3.074036 -1.235962 -5.416809 96.648
1770200584.9043 0 'robobot/drive/T0/acc' 1770200584.9043 0.447754 0.004395 0.902344 96.648
1770200584.9044 0 'robobot/drive/T0/ird' 1770200584.9043 0.817 0.178 3635 11342 1
1770200584.9055 0 'robobot/drive/T0/livn' 1770200584.9054 24 24 34 62 73 37 29 37 171
1770200584.9077 0 'robobot/drive/T0/pose' 1770200584.9076 96.6510 0.056 0.000 0.0023 -2.6996
1770200584.9078 0 'robobot/drive/T0/vel' 1770200584.9077 96.6520 0.246 0.249 0.0161 0.246 4
1770200584.9082 0 'robobot/drive/T0/mvel' 1770200584.9082 0.246 0.249
1770200584.9120 0 'robobot/drive/T0/liv' 1770200584.9120 17 18 30 43 64 38 23 23 25
1770200584.9121 0 'robobot/drive/T0/pose' 1770200584.9120 96.6560 0.057 0.000 0.0012 -2.6996
1770200584.9132 0 'robobot/drive/T0/mca' 1770200584.9132 0.211 0.155 17
1770200584.9165 0 'robobot/drive/T0/vel' 1770200584.9164 96.6600 0.251 0.252 0.0043 0.251 4
1770200584.9165 0 'robobot/drive/T0/gyro' 1770200584.9165 -2.616272 -1.266479 -5.538879 96.660
1770200584.9166 0 'robobot/drive/T0/acc' 1770200584.9165 0.379395 -0.013428 0.885254 96.660
1770200584.9167 0 'robobot/drive/T0/mvel' 1770200584.9166 0.251 0.252
1770200584.9167 0 'robobot/drive/T0/livn' 1770200584.9166 24 24 34 62 73 37 29 37 176
1770200584.9178 0 'robobot/drive/T0/pose' 1770200584.9178 96.6610 0.059 0.000 0.0012 -2.6998
1770200584.9221 0 'robobot/drive/T0/pose' 1770200584.9221 96.6660 0.060 0.000 0.0023 -2.6998
1770200584.9232 0 'robobot/drive/T0/mot' 1770200584.9232 2.1 2.1 0.1 0.1 0
1770200584.9244 0 'robobot/drive/T0/vel' 1770200584.9243 96.6680 0.247 0.252 0.0192 0.247 4
1770200584.9251 0 'robobot/drive/T0/mvel' 1770200584.9251 0.247 0.252
1770200584.9255 0 'robobot/drive/T0/livn' 1770200584.9255 24 24 34 62 73 37 29 37 181
1770200584.9277 0 'robobot/drive/T0/pose' 1770200584.9277 96.6710 0.061 0.000 0.0023 -2.6998
1770200584.9278 0 'robobot/drive/T0/gyro' 1770200584.9277 -2.005920 -1.235962 -5.111633 96.672
1770200584.9279 0 'robobot/drive/T0/acc' 1770200584.9278 0.438965 -0.014648 0.914551 96.672
1770200584.9292 0 'robobot/drive/T0/ird' 1770200584.9291 0.807 0.178 3662 11367 1
1770200584.9315 0 'robobot/drive/T0/vel' 1770200584.9314 96.6760 0.251 0.252 0.0044 0.251 4
1770200584.9317 0 'robobot/drive/T0/mvel' 1770200584.9316 0.251 0.252
1770200584.9327 0 'robobot/drive/T0/pose' 1770200584.9326 96.6760 0.062 0.000 0.0012 -2.7000
1770200584.9360 0 'robobot/drive/T0/livn' 1770200584.9359 24 24 34 62 73 37 29 37 186
1770200584.9372 0 'robobot/drive/T0/pose' 1770200584.9370 96.6810 0.064 0.000 0.0023 -2.7000
1770200584.9405 0 'robobot/drive/T0/vel' 1770200584.9404 96.6840 0.247 0.250 0.0109 0.247 4
1770200584.9406 0 'robobot/drive/T0/gyro' 1770200584.9405 -1.975403 -1.296997 -4.470764 96.684
1770200584.9407 0 'robobot/drive/T0/acc' 1770200584.9406 0.422607 -0.008057 0.887207 96.684
1770200584.9410 0 'robobot/drive/T0/mvel' 1770200584.9410 0.247 0.250
1770200584.9429 0 'robobot/drive/T0/pose' 1770200584.9428 96.6860 0.065 0.000 0.0023 -2.7001
1770200584.9461 0 'robobot/drive/T0/livn' 1770200584.9461 25 24 34 62 73 37 29 36 191
1770200584.9462 0 'robobot/drive/T0/mca' 1770200584.9462 0.214 0.148 16
1770200584.9474 0 'robobot/drive/T0/pose' 1770200584.9473 96.6910 0.066 0.000 0.0023 -2.7001
1770200584.9475 0 'robobot/drive/T0/vel' 1770200584.9474 96.6920 0.255 0.251 -0.0176 0.255 4
1770200584.9484 0 'robobot/drive/T0/mvel' 1770200584.9484 0.255 0.251
1770200584.9518 0 'robobot/drive/T0/gyro' 1770200584.9517 -2.066956 -1.388550 -3.921448 96.696
1770200584.9518 0 'robobot/drive/T0/acc' 1770200584.9518 0.437744 -0.019531 0.879639 96.696
1770200584.9530 0 'robobot/drive/T0/pose' 1770200584.9529 96.6960 0.067 0.000 0.0012 -2.7002
1770200584.9541 0 'robobot/drive/T0/ird' 1770200584.9540 0.794 0.179 3699 11327 1
1770200584.9563 0 'robobot/drive/T0/vel' 1770200584.9562 96.7000 0.257 0.250 -0.0313 0.257 4
1770200584.9563 0 'robobot/drive/T0/livn' 1770200584.9563 24 23 34 62 73 37 29 36 196
1770200584.9564 0 'robobot/drive/T0/mot' 1770200584.9563 2.1 2.1 0.1 0.1 0
1770200584.9569 0 'robobot/drive/T0/mvel' 1770200584.9569 0.257 0.250
1770200584.9575 0 'robobot/drive/T0/pose' 1770200584.9575 96.7010 0.069 0.000 0.0012 -2.7002
1770200584.9629 0 'robobot/drive/T0/liv' 1770200584.9628 21 21 31 46 63 34 23 22 25
1770200584.9629 0 'robobot/drive/T0/pose' 1770200584.9629 96.7060 0.070 0.000 0.0023 -2.7003
1770200584.9641 0 'robobot/drive/T0/vel' 1770200584.9640 96.7080 0.257 0.250 -0.0297 0.257 4
1770200584.9641 0 'robobot/drive/T0/gyro' 1770200584.9641 -1.944885 -0.839233 -3.463684 96.708
1770200584.9642 0 'robobot/drive/T0/acc' 1770200584.9642 0.423340 -0.011963 0.881836 96.708
1770200584.9643 0 'robobot/drive/T0/mvel' 1770200584.9643 0.257 0.250
1770200584.9664 0 'robobot/drive/T0/livn' 1770200584.9663 24 24 34 62 73 37 29 36 201
1770200584.9675 0 'robobot/drive/T0/pose' 1770200584.9675 96.7110 0.071 0.000 0.0012 -2.7003
1770200584.9718 0 'robobot/drive/T0/vel' 1770200584.9718 96.7160 0.253 0.250 -0.0111 0.253 4
1770200584.9728 0 'robobot/drive/T0/mvel' 1770200584.9727 0.253 0.250
1770200584.9730 0 'robobot/drive/T0/pose' 1770200584.9729 96.7170 0.073 0.000 0.0012 -2.7003
1770200584.9762 0 'robobot/drive/T0/gyro' 1770200584.9761 -2.066956 -1.174927 -2.792297 96.720
1770200584.9763 0 'robobot/drive/T0/acc' 1770200584.9762 0.433838 -0.014648 0.891846 96.720
1770200584.9763 0 'robobot/drive/T0/livn' 1770200584.9763 24 24 34 62 73 37 29 36 206
1770200584.9775 0 'robobot/drive/T0/pose' 1770200584.9774 96.7220 0.074 0.000 0.0012 -2.7004
1770200584.9796 0 'robobot/drive/T0/ird' 1770200584.9796 0.765 0.180 3783 11273 1
1770200584.9797 0 'robobot/drive/T0/mca' 1770200584.9796 0.201 0.155 17
1770200584.9797 0 'robobot/drive/T0/vel' 1770200584.9797 96.7240 0.252 0.252 0.0024 0.252 4
1770200584.9802 0 'robobot/drive/T0/mvel' 1770200584.9801 0.252 0.252
1770200584.9830 0 'robobot/drive/T0/pose' 1770200584.9829 96.7270 0.075 0.000 0.0012 -2.7004
1770200584.9862 0 'robobot/drive/T0/livn' 1770200584.9862 24 24 34 62 73 37 29 36 211
1770200584.9874 0 'robobot/drive/T0/pose' 1770200584.9873 96.7320 0.076 0.000 0.0012 -2.7004
1770200584.9885 0 'robobot/drive/T0/vel' 1770200584.9884 96.7320 0.253 0.253 -0.0010 0.253 4
1770200584.9886 0 'robobot/drive/T0/gyro' 1770200584.9885 -1.700745 -0.747681 -2.731262 96.732
1770200584.9887 0 'robobot/drive/T0/mvel' 1770200584.9886 0.253 0.253
1770200584.9887 0 'robobot/drive/T0/acc' 1770200584.9886 0.391602 -0.028076 0.843262 96.732
1770200584.9898 0 'robobot/drive/T0/mot' 1770200584.9897 2.1 2.1 0.1 0.1 0
1770200584.9930 0 'robobot/drive/T0/pose' 1770200584.9930 96.7370 0.078 0.000 0.0012 -2.7004
1770200584.9963 0 'robobot/drive/T0/vel' 1770200584.9962 96.7400 0.250 0.250 -0.0021 0.250 4
1770200584.9963 0 'robobot/drive/T0/livn' 1770200584.9963 25 24 34 62 73 37 29 36 216
1770200584.9971 0 'robobot/drive/T0/mvel' 1770200584.9971 0.250 0.250
1770200584.9975 0 'robobot/drive/T0/pose' 1770200584.9974 96.7420 0.079 0.000 0.0012 -2.7004
1770200584.9997 0 'robobot/drive/T0/gyro' 1770200584.9996 -0.693665 0.259399 -2.212463 96.744
1770200584.9997 0 'robobot/drive/T0/acc' 1770200584.9997 0.429688 -0.000244 0.931396 96.744
1770200585.0030 0 'robobot/drive/T0/pose' 1770200585.0029 96.7470 0.080 0.000 0.0012 -2.7003
1770200585.0041 0 'robobot/drive/T0/vel' 1770200585.0041 96.7480 0.252 0.249 -0.0115 0.252 4
1770200585.0042 0 'robobot/drive/T0/ird' 1770200585.0041 0.749 0.181 3833 11200 1
1770200585.0045 0 'robobot/drive/T0/mvel' 1770200585.0045 0.252 0.249
1770200585.0064 0 'robobot/drive/T0/livn' 1770200585.0063 25 24 34 62 73 37 29 36 221
1770200585.0075 0 'robobot/drive/T0/pose' 1770200585.0074 96.7520 0.082 0.000 0.0012 -2.7003
1770200585.0118 0 'robobot/drive/T0/vel' 1770200585.0117 96.7560 0.249 0.250 0.0048 0.249 4
1770200585.0119 0 'robobot/drive/T0/gyro' 1770200585.0118 -1.426086 -1.022339 -1.693665 96.756
1770200585.0120 0 'robobot/drive/T0/mvel' 1770200585.0119 0.249 0.250
1770200585.0120 0 'robobot/drive/T0/acc' 1770200585.0119 0.419434 -0.025635 0.874023 96.756
1770200585.0121 0 'robobot/drive/T0/liv' 1770200585.0120 21 24 33 49 65 39 29 22 25
1770200585.0121 0 'robobot/drive/T0/mca' 1770200585.0121 0.211 0.150 16
1770200585.0132 0 'robobot/drive/T0/pose' 1770200585.0132 96.7570 0.083 0.000 0.0012 -2.7003
1770200585.0165 0 'robobot/drive/T0/livn' 1770200585.0164 25 24 34 62 73 37 29 36 226
1770200585.0176 0 'robobot/drive/T0/pose' 1770200585.0175 96.7620 0.084 0.000 0.0023 -2.7004
1770200585.0198 0 'robobot/drive/T0/vel' 1770200585.0197 96.7640 0.254 0.252 -0.0060 0.254 4
1770200585.0204 0 'robobot/drive/T0/mvel' 1770200585.0204 0.254 0.252
1770200585.0219 0 'robobot/drive/T0/mot' 1770200585.0219 2.1 2.1 0.1 0.1 0
1770200585.0231 0 'robobot/drive/T0/pose' 1770200585.0230 96.7670 0.086 0.000 0.0012 -2.7004
1770200585.0242 0 'robobot/drive/T0/gyro' 1770200585.0241 -0.480042 -0.442505 -1.205383 96.768
1770200585.0243 0 'robobot/drive/T0/acc' 1770200585.0242 0.455078 -0.027100 0.866211 96.768
1770200585.0265 0 'robobot/drive/T0/livn' 1770200585.0264 25 24 34 62 72 37 29 36 231
1770200585.0276 0 'robobot/drive/T0/vel' 1770200585.0275 96.7720 0.251 0.252 0.0041 0.251 4
1770200585.0278 0 'robobot/drive/T0/mvel' 1770200585.0278 0.251 0.252
1770200585.0287 0 'robobot/drive/T0/pose' 1770200585.0286 96.7720 0.087 0.000 0.0012 -2.7003
1770200585.0298 0 'robobot/drive/T0/ird' 1770200585.0298 0.737 0.184 3869 11062 1
1770200585.0331 0 'robobot/drive/T0/pose' 1770200585.0330 96.7770 0.088 0.000 0.0012 -2.7003
1770200585.0363 0 'robobot/drive/T0/vel' 1770200585.0362 96.7800 0.252 0.251 -0.0030 0.252 4
1770200585.0364 0 'robobot/drive/T0/gyro' 1770200585.0363 0.252380 0.167847 -0.656067 96.780
1770200585.0365 0 'robobot/drive/T0/acc' 1770200585.0364 0.441895 -0.027344 0.912842 96.780
1770200585.0366 0 'robobot/drive/T0/livn' 1770200585.0365 25 24 34 62 72 37 29 36 236
1770200585.0374 0 'robobot/drive/T0/mvel' 1770200585.0373 0.252 0.251
1770200585.0387 0 'robobot/drive/T0/pose' 1770200585.0387 96.7820 0.089 0.000 0.0012 -2.7003
1770200585.0430 0 'robobot/drive/T0/pose' 1770200585.0430 96.7870 0.091 0.000 0.0012 -2.7002
1770200585.0442 0 'robobot/drive/T0/vel' 1770200585.0441 96.7880 0.251 0.251 -0.0020 0.251 4
1770200585.0448 0 'robobot/drive/T0/mvel' 1770200585.0447 0.251 0.251
1770200585.0453 0 'robobot/drive/T0/mca' 1770200585.0452 0.215 0.152 17
1770200585.0464 0 'robobot/drive/T0/livn' 1770200585.0463 25 24 34 62 72 37 29 36 241
1770200585.0475 0 'robobot/drive/T0/gyro' 1770200585.0475 -0.205383 0.076294 -0.076233 96.792
1770200585.0476 0 'robobot/drive/T0/acc' 1770200585.0475 0.433838 -0.012451 0.879639 96.792
1770200585.0487 0 'robobot/drive/T0/pose' 1770200585.0487 96.7920 0.092 0.000 0.0012 -2.7002
1770200585.0520 0 'robobot/drive/T0/vel' 1770200585.0519 96.7960 0.253 0.252 -0.0058 0.253 4
1770200585.0522 0 'robobot/drive/T0/mvel' 1770200585.0521 0.253 0.252
1770200585.0531 0 'robobot/drive/T0/pose' 1770200585.0530 96.7970 0.093 0.000 0.0012 -2.7001
1770200585.0542 0 'robobot/drive/T0/ird' 1770200585.0542 0.746 0.180 3841 11252 1
1770200585.0553 0 'robobot/drive/T0/mot' 1770200585.0553 2.1 2.1 0.1 0.1 0
1770200585.0564 0 'robobot/drive/T0/livn' 1770200585.0564 25 24 34 62 72 37 29 36 246
1770200585.0586 0 'robobot/drive/T0/pose' 1770200585.0586 96.8020 0.094 0.000 0.0012 -2.7001
1770200585.0598 0 'robobot/drive/T0/vel' 1770200585.0597 96.8040 0.258 0.254 -0.0157 0.258 4
1770200585.0599 0 'robobot/drive/T0/gyro' 1770200585.0598 0.313416 0.228882 -0.015198 96.804
1770200585.0599 0 'robobot/drive/T0/acc' 1770200585.0599 0.399902 0.008545 0.848389 96.804
1770200585.0607 0 'robobot/drive/T0/mvel' 1770200585.0606 0.258 0.254
1770200585.0621 0 'robobot/drive/T0/liv' 1770200585.0620 21 23 37 49 58 33 29 27 25
1770200585.0632 0 'robobot/drive/T0/pose' 1770200585.0632 96.8070 0.096 0.000 0.0012 -2.7001
1770200585.0665 0 'robobot/drive/T0/livn' 1770200585.0664 25 24 34 62 72 37 29 36 251
1770200585.0676 0 'robobot/drive/T0/vel' 1770200585.0675 96.8120 0.254 0.251 -0.0111 0.254 4
1770200585.0681 0 'robobot/drive/T0/mvel' 1770200585.0681 0.254 0.251
1770200585.0687 0 'robobot/drive/T0/pose' 1770200585.0686 96.8120 0.097 0.000 0.0012 -2.7000
1770200585.0720 0 'robobot/drive/T0/gyro' 1770200585.0719 0.404968 -0.015259 -0.350891 96.816
1770200585.0721 0 'robobot/drive/T0/acc' 1770200585.0720 0.439453 0.007080 0.914551 96.816
1770200585.0732 0 'robobot/drive/T0/pose' 1770200585.0731 96.8170 0.098 0.000 -0.0000 -2.7000
1770200585.0764 0 'robobot/drive/T0/vel' 1770200585.0764 96.8200 0.254 0.252 -0.0063 0.254 4
1770200585.0765 0 'robobot/drive/T0/livn' 1770200585.0764 25 24 34 62 72 37 29 36 256
1770200585.0766 0 'robobot/drive/T0/mvel' 1770200585.0765 0.254 0.252
1770200585.0787 0 'robobot/drive/T0/pose' 1770200585.0786 96.8220 0.099 0.000 -0.0000 -2.7000
1770200585.0787 0 'robobot/drive/T0/mca' 1770200585.0787 0.204 0.151 16
1770200585.0788 0 'robobot/drive/T0/ird' 1770200585.0787 0.740 0.181 3859 11194 1
1770200585.0831 0 'robobot/drive/T0/pose' 1770200585.0830 96.8270 0.101 0.000 0.0012 -2.7000
1770200585.0842 0 'robobot/drive/T0/vel' 1770200585.0842 96.8280 0.250 0.251 0.0011 0.250 4
1770200585.0843 0 'robobot/drive/T0/gyro' 1770200585.0842 -1.120911 -0.778198 -0.320374 96.828
1770200585.0844 0 'robobot/drive/T0/acc' 1770200585.0843 0.434570 0.004150 0.895996 96.828
1770200585.0850 0 'robobot/drive/T0/mvel' 1770200585.0850 0.250 0.251
1770200585.0866 0 'robobot/drive/T0/livn' 1770200585.0865 25 24 34 62 72 37 29 36 261
1770200585.0888 0 'robobot/drive/T0/pose' 1770200585.0887 96.8320 0.102 0.000 0.0012 -2.7000
1770200585.0888 0 'robobot/drive/T0/mot' 1770200585.0888 2.1 2.1 0.1 0.1 0
1770200585.0920 0 'robobot/drive/T0/vel' 1770200585.0920 96.8360 0.256 0.253 -0.0129 0.256 4
1770200585.0925 0 'robobot/drive/T0/mvel' 1770200585.0924 0.256 0.253
1770200585.0932 0 'robobot/drive/T0/pose' 1770200585.0931 96.8370 0.103 0.000 0.0012 -2.7000
1770200585.0964 0 'robobot/drive/T0/gyro' 1770200585.0963 -1.578674 -0.564575 -0.472961 96.840
1770200585.0965 0 'robobot/drive/T0/acc' 1770200585.0964 0.414551 0.019287 0.842529 96.840
1770200585.0965 0 'robobot/drive/T0/livn' 1770200585.0965 25 24 34 62 72 37 29 36 266
1770200585.0987 0 'robobot/drive/T0/pose' 1770200585.0987 96.8420 0.104 0.000 -0.0000 -2.7000
1770200585.0999 0 'robobot/drive/T0/vel' 1770200585.0998 96.8440 0.255 0.251 -0.0168 0.255 4
1770200585.1009 0 'robobot/drive/T0/mvel' 1770200585.1009 0.255 0.251
1770200585.1031 0 'robobot/drive/T0/pose' 1770200585.1030 96.8470 0.106 0.000 0.0012 -2.7000
1770200585.1043 0 'robobot/drive/T0/ird' 1770200585.1042 0.774 0.179 3757 11286 1
1770200585.1065 0 'robobot/drive/T0/livn' 1770200585.1064 25 24 34 62 72 37 29 37 271
1770200585.1076 0 'robobot/drive/T0/vel' 1770200585.1075 96.8520 0.255 0.250 -0.0228 0.255 4
1770200585.1077 0 'robobot/drive/T0/gyro' 1770200585.1076 -0.144348 0.350952 -1.113831 96.852
1770200585.1077 0 'robobot/drive/T0/acc' 1770200585.1077 0.438232 0.014648 0.880615 96.852
1770200585.1079 0 'robobot/drive/T0/pose' 1770200585.1078 96.8520 0.107 0.000 0.0012 -2.6999
1770200585.1083 0 'robobot/drive/T0/mvel' 1770200585.1083 0.255 0.250
1770200585.1112 0 'robobot/drive/T0/mca' 1770200585.1111 0.205 0.151 17
1770200585.1123 0 'robobot/drive/T0/liv' 1770200585.1122 18 18 31 49 66 35 22 29 25
1770200585.1135 0 'robobot/drive/T0/pose' 1770200585.1134 96.8570 0.108 0.000 -0.0000 -2.6999
1770200585.1157 0 'robobot/drive/T0/vel' 1770200585.1156 96.8600 0.251 0.251 0.0002 0.251 4
1770200585.1158 0 'robobot/drive/T0/mvel' 1770200585.1157 0.251 0.251
1770200585.1159 0 'robobot/drive/T0/livn' 1770200585.1157 25 24 34 62 72 37 29 37 276
1770200585.1181 0 'robobot/drive/T0/pose' 1770200585.1180 96.8620 0.109 0.000 -0.0000 -2.6999
1770200585.1203 0 'robobot/drive/T0/gyro' 1770200585.1203 -1.395569 -0.320435 -2.304016 96.864
1770200585.1204 0 'robobot/drive/T0/acc' 1770200585.1203 0.450928 0.011475 0.915527 96.864
1770200585.1216 0 'robobot/drive/T0/mot' 1770200585.1215 2 2.1 0.1 0.1 0
1770200585.1238 0 'robobot/drive/T0/pose' 1770200585.1237 96.8670 0.111 0.000 0.0012 -2.6998
1770200585.1238 0 'robobot/drive/T0/vel' 1770200585.1238 96.8680 0.252 0.253 0.0031 0.252 4
1770200585.1242 0 'robobot/drive/T0/mvel' 1770200585.1242 0.252 0.253
1770200585.1261 0 'robobot/drive/T0/livn' 1770200585.1260 25 23 34 62 72 37 29 37 281
1770200585.1283 0 'robobot/drive/T0/pose' 1770200585.1282 96.8720 0.112 0.000 0.0012 -2.6998
1770200585.1295 0 'robobot/drive/T0/ird' 1770200585.1294 0.806 0.180 3665 11224 1
1770200585.1317 0 'robobot/drive/T0/vel' 1770200585.1316 96.8760 0.255 0.255 0.0026 0.255 4
1770200585.1318 0 'robobot/drive/T0/gyro' 1770200585.1317 -2.341614 -1.205444 -3.250061 96.876
1770200585.1319 0 'robobot/drive/T0/acc' 1770200585.1318 0.429932 0.015869 0.850342 96.876
1770200585.1321 0 'robobot/drive/T0/mvel' 1770200585.1321 0.255 0.255
1770200585.1330 0 'robobot/drive/T0/pose' 1770200585.1329 96.8770 0.113 0.000 -0.0000 -2.6998
1770200585.1363 0 'robobot/drive/T0/livn' 1770200585.1362 25 23 34 62 72 37 29 36 286
1770200585.1386 0 'robobot/drive/T0/pose' 1770200585.1384 96.8820 0.114 0.000 -0.0000 -2.6997
1770200585.1397 0 'robobot/drive/T0/vel' 1770200585.1396 96.8840 0.251 0.251 0.0015 0.251 4
1770200585.1405 0 'robobot/drive/T0/mvel' 1770200585.1405 0.251 0.251
1770200585.1430 0 'robobot/drive/T0/pose' 1770200585.1429 96.8870 0.116 0.000 0.0012 -2.6998
1770200585.1441 0 'robobot/drive/T0/gyro' 1770200585.1440 -0.907288 -0.839233 -4.379211 96.888
1770200585.1442 0 'robobot/drive/T0/acc' 1770200585.1441 0.398438 0.012207 0.876465 96.888
1770200585.1443 0 'robobot/drive/T0/mca' 1770200585.1443 0.205 0.150 16
1770200585.1465 0 'robobot/drive/T0/livn' 1770200585.1464 25 23 34 62 72 37 29 36 291
1770200585.1476 0 'robobot/drive/T0/vel' 1770200585.1475 96.8920 0.251 0.251 -0.0010 0.251 4
1770200585.1480 0 'robobot/drive/T0/mvel' 1770200585.1479 0.251 0.251
1770200585.1487 0 'robobot/drive/T0/pose' 1770200585.1487 96.8920 0.117 0.000 -0.0000 -2.6998
1770200585.1530 0 'robobot/drive/T0/pose' 1770200585.1530 96.8970 0.118 0.000 -0.0000 -2.6998
1770200585.1542 0 'robobot/drive/T0/ird' 1770200585.1541 0.832 0.183 3598 11074 1
1770200585.1542 0 'robobot/drive/T0/mot' 1770200585.1542 2 2 0.1 0.1 0
1770200585.1564 0 'robobot/drive/T0/vel' 1770200585.1563 96.9000 0.248 0.251 0.0135 0.248 4
1770200585.1565 0 'robobot/drive/T0/gyro' 1770200585.1564 -1.517639 -1.358032 -5.081116 96.900
1770200585.1565 0 'robobot/drive/T0/acc' 1770200585.1565 0.437988 0.003662 0.924316 96.900
1770200585.1566 0 'robobot/drive/T0/livn' 1770200585.1565 25 23 34 62 72 37 29 36 296
1770200585.1566 0 'robobot/drive/T0/mvel' 1770200585.1566 0.248 0.251
1770200585.1588 0 'robobot/drive/T0/pose' 1770200585.1587 96.9020 0.119 0.000 -0.0000 -2.6999
1770200585.1620 0 'robobot/drive/T0/liv' 1770200585.1619 19 19 28 44 64 36 27 22 25
1770200585.1631 0 'robobot/drive/T0/pose' 1770200585.1631 96.9070 0.121 0.000 0.0012 -2.7000
1770200585.1643 0 'robobot/drive/T0/vel' 1770200585.1642 96.9080 0.255 0.254 -0.0040 0.255 4
1770200585.1650 0 'robobot/drive/T0/mvel' 1770200585.1650 0.255 0.254
1770200585.1664 0 'robobot/drive/T0/livn' 1770200585.1664 25 23 34 62 72 37 29 36 301
1770200585.1676 0 'robobot/drive/T0/gyro' 1770200585.1675 -2.860413 -1.480103 -5.386292 96.912
1770200585.1676 0 'robobot/drive/T0/acc' 1770200585.1676 0.443115 0.006348 0.835449 96.912
1770200585.1688 0 'robobot/drive/T0/pose' 1770200585.1687 96.9120 0.122 0.000 0.0012 -2.7000
1770200585.1720 0 'robobot/drive/T0/vel' 1770200585.1720 96.9160 0.254 0.251 -0.0106 0.254 4
1770200585.1725 0 'robobot/drive/T0/mvel' 1770200585.1724 0.254 0.251
1770200585.1731 0 'robobot/drive/T0/pose' 1770200585.1731 96.9170 0.123 0.000 -0.0000 -2.6999
1770200585.1764 0 'robobot/drive/T0/livn' 1770200585.1763 26 27 28 56 62 31 26 32 5
1770200585.1775 0 'robobot/drive/T0/mca' 1770200585.1774 0.202 0.150 17
1770200585.1786 0 'robobot/drive/T0/pose' 1770200585.1785 96.9220 0.124 0.000 0.0012 -2.7000
1770200585.1797 0 'robobot/drive/T0/ird' 1770200585.1797 0.851 0.182 3550 11151 1
1770200585.1798 0 'robobot/drive/T0/vel' 1770200585.1797 96.9240 0.253 0.250 -0.0144 0.253 4
1770200585.1799 0 'robobot/drive/T0/gyro' 1770200585.1798 -1.883850 -1.327515 -6.027161 96.924
1770200585.1799 0 'robobot/drive/T0/acc' 1770200585.1799 0.399414 0.024902 0.902832 96.924
1770200585.1800 0 'robobot/drive/T0/mvel' 1770200585.1799 0.253 0.250
1770200585.1832 0 'robobot/drive/T0/pose' 1770200585.1831 96.9270 0.126 0.000 -0.0000 -2.7001
1770200585.1864 0 'robobot/drive/T0/livn' 1770200585.1863 27 30 32 53 60 35 32 36 10
1770200585.1875 0 'robobot/drive/T0/mot' 1770200585.1875 2 2 0.1 0.1 0
1770200585.1876 0 'robobot/drive/T0/vel' 1770200585.1875 96.9320 0.249 0.249 -0.0017 0.249 4
1770200585.1884 0 'robobot/drive/T0/mvel' 1770200585.1884 0.249 0.249
1770200585.1887 0 'robobot/drive/T0/pose' 1770200585.1886 96.9320 0.127 0.000 -0.0000 -2.7001
1770200585.1919 0 'robobot/drive/T0/gyro' 1770200585.1919 -2.799377 -1.846313 -5.538879 96.936
1770200585.1920 0 'robobot/drive/T0/acc' 1770200585.1919 0.420898 0.028809 0.872314 96.936
1770200585.1931 0 'robobot/drive/T0/pose' 1770200585.1931 96.9370 0.128 0.000 -0.0000 -2.7003
1770200585.1964 0 'robobot/drive/T0/vel' 1770200585.1963 96.9400 0.251 0.251 0.0002 0.251 4
1770200585.1964 0 'robobot/drive/T0/livn' 1770200585.1964 25 29 34 57 61 37 32 35 15
1770200585.1968 0 'robobot/drive/T0/mvel' 1770200585.1968 0.251 0.251
1770200585.1986 0 'robobot/drive/T0/pose' 1770200585.1986 96.9420 0.129 0.000 0.0012 -2.7003
1770200585.2029 0 'robobot/drive/T0/pose' 1770200585.2028 96.9470 0.131 0.000 -0.0000 -2.7003
1770200585.2040 0 'robobot/drive/T0/vel' 1770200585.2040 96.9480 0.254 0.253 -0.0011 0.254 4
1770200585.2041 0 'robobot/drive/T0/gyro' 1770200585.2040 -4.599915 -1.663208 -6.088196 96.948
1770200585.2042 0 'robobot/drive/T0/acc' 1770200585.2041 0.408936 0.003418 0.848389 96.948
1770200585.2043 0 'robobot/drive/T0/ird' 1770200585.2042 0.863 0.184 3521 11016 1
1770200585.2043 0 'robobot/drive/T0/mvel' 1770200585.2042 0.254 0.253
1770200585.2064 0 'robobot/drive/T0/livn' 1770200585.2064 25 28 34 56 63 38 32 36 20
1770200585.2087 0 'robobot/drive/T0/pose' 1770200585.2086 96.9520 0.132 0.000 -0.0000 -2.7004
1770200585.2108 0 'robobot/drive/T0/mca' 1770200585.2108 0.198 0.153 16
1770200585.2120 0 'robobot/drive/T0/vel' 1770200585.2119 96.9560 0.251 0.251 0.0012 0.251 4
1770200585.2120 0 'robobot/drive/T0/liv' 1770200585.2120 21 25 32 45 59 37 29 26 25
1770200585.2128 0 'robobot/drive/T0/mvel' 1770200585.2128 0.251 0.251
1770200585.2131 0 'robobot/drive/T0/pose' 1770200585.2131 96.9570 0.133 0.000 0.0012 -2.7004
1770200585.2164 0 'robobot/drive/T0/gyro' 1770200585.2163 -3.226624 -1.785278 -6.851135 96.960
1770200585.2165 0 'robobot/drive/T0/acc' 1770200585.2164 0.377197 0.002441 0.803955 96.960
1770200585.2165 0 'robobot/drive/T0/livn' 1770200585.2165 26 27 33 57 65 38 31 35 25
1770200585.2187 0 'robobot/drive/T0/pose' 1770200585.2186 96.9620 0.134 0.000 0.0012 -2.7006
1770200585.2198 0 'robobot/drive/T0/vel' 1770200585.2198 96.9640 0.247 0.251 0.0158 0.247 4
1770200585.2199 0 'robobot/drive/T0/mot' 1770200585.2198 2 2 0.1 0.1 0
1770200585.2202 0 'robobot/drive/T0/mvel' 1770200585.2202 0.247 0.251
1770200585.2231 0 'robobot/drive/T0/pose' 1770200585.2230 96.9670 0.136 0.000 -0.0000 -2.7007
1770200585.2263 0 'robobot/drive/T0/livn' 1770200585.2262 26 25 33 60 66 37 32 37 30
1770200585.2285 0 'robobot/drive/T0/vel' 1770200585.2284 96.9720 0.242 0.251 0.0382 0.242 4
1770200585.2286 0 'robobot/drive/T0/gyro' 1770200585.2285 -2.616272 -1.907349 -7.339417 96.972
1770200585.2287 0 'robobot/drive/T0/acc' 1770200585.2286 0.421387 -0.010742 0.868408 96.972
1770200585.2287 0 'robobot/drive/T0/mvel' 1770200585.2286 0.242 0.251
1770200585.2287 0 'robobot/drive/T0/pose' 1770200585.2287 96.9720 0.137 0.000 0.0012 -2.7007
1770200585.2298 0 'robobot/drive/T0/ird' 1770200585.2298 0.964 0.184 3309 11032 1
1770200585.2331 0 'robobot/drive/T0/pose' 1770200585.2330 96.9770 0.138 0.000 0.0012 -2.7009
1770200585.2363 0 'robobot/drive/T0/vel' 1770200585.2363 96.9800 0.248 0.252 0.0172 0.248 4
1770200585.2364 0 'robobot/drive/T0/livn' 1770200585.2363 24 23 34 63 66 36 32 38 35
1770200585.2371 0 'robobot/drive/T0/mvel' 1770200585.2370 0.248 0.252
1770200585.2386 0 'robobot/drive/T0/pose' 1770200585.2385 96.9820 0.140 0.000 0.0012 -2.7010
1770200585.2397 0 'robobot/drive/T0/gyro' 1770200585.2396 -3.836975 -1.907349 -7.980286 96.984
1770200585.2398 0 'robobot/drive/T0/acc' 1770200585.2397 0.459961 0.003662 0.935059 96.984
1770200585.2430 0 'robobot/drive/T0/pose' 1770200585.2430 96.9870 0.141 0.000 0.0012 -2.7010
1770200585.2431 0 'robobot/drive/T0/mca' 1770200585.2430 0.208 0.146 17
1770200585.2442 0 'robobot/drive/T0/vel' 1770200585.2441 96.9880 0.251 0.251 -0.0015 0.251 4
1770200585.2444 0 'robobot/drive/T0/mvel' 1770200585.2444 0.251 0.251
1770200585.2464 0 'robobot/drive/T0/livn' 1770200585.2463 24 23 33 62 66 37 32 38 40
1770200585.2486 0 'robobot/drive/T0/pose' 1770200585.2485 96.9920 0.142 0.000 0.0012 -2.7012
1770200585.2518 0 'robobot/drive/T0/vel' 1770200585.2517 96.9960 0.251 0.250 -0.0033 0.251 4
1770200585.2518 0 'robobot/drive/T0/mvel' 1770200585.2518 0.251 0.250
1770200585.2519 0 'robobot/drive/T0/gyro' 1770200585.2518 -4.233704 -2.243042 -7.430969 96.996
1770200585.2519 0 'robobot/drive/T0/acc' 1770200585.2519 0.424561 -0.009277 0.861816 96.996
1770200585.2531 0 'robobot/drive/T0/pose' 1770200585.2530 96.9970 0.144 0.000 0.0012 -2.7012
1770200585.2531 0 'robobot/drive/T0/mot' 1770200585.2531 2 2 0.1 0.1 0
1770200585.2543 0 'robobot/drive/T0/ird' 1770200585.2542 0.985 0.187 3269 10903 1
1770200585.2564 0 'robobot/drive/T0/livn' 1770200585.2564 25 23 33 61 67 37 32 38 45
1770200585.2587 0 'robobot/drive/T0/pose' 1770200585.2586 97.0020 0.144 0.000 -0.0000 -2.7013
1770200585.2598 0 'robobot/drive/T0/vel' 1770200585.2597 97.0040 0.248 0.251 0.0102 0.248 4
1770200585.2602 0 'robobot/drive/T0/mvel' 1770200585.2602 0.248 0.251
1770200585.2620 0 'robobot/drive/T0/liv' 1770200585.2619 19 17 31 51 61 35 30 27 25
1770200585.2631 0 'robobot/drive/T0/pose' 1770200585.2631 97.0070 0.146 0.000 0.0012 -2.7015
1770200585.2643 0 'robobot/drive/T0/gyro' 1770200585.2642 -3.470764 -1.968384 -7.278381 97.008
1770200585.2644 0 'robobot/drive/T0/acc' 1770200585.2643 0.409424 -0.013184 0.853027 97.008
1770200585.2655 0 'robobot/drive/T0/hbt' 1770200585.2654 97.0090 107 1033 15.62 4 8 9.0 0.52 0
1770200585.2656 0 'robobot/drive/T0/dname' 1770200585.2655 Robobot Arthur
1770200585.2657 0 'robobot/drive/T0/livn' 1770200585.2656 25 23 33 61 67 36 33 38 50
1770200585.2678 0 'robobot/drive/T0/vel' 1770200585.2678 97.0120 0.250 0.252 0.0093 0.250 4
1770200585.2679 0 'robobot/drive/T0/pose' 1770200585.2678 97.0120 0.147 0.000 0.0012 -2.7015
1770200585.2687 0 'robobot/drive/T0/mvel' 1770200585.2687 0.250 0.252
1770200585.2733 0 'robobot/drive/T0/pose' 1770200585.2732 97.0170 0.149 0.000 0.0012 -2.7017
1770200585.2765 0 'robobot/drive/T0/vel' 1770200585.2764 97.0200 0.254 0.254 -0.0009 0.254 4
1770200585.2766 0 'robobot/drive/T0/gyro' 1770200585.2765 -2.677307 -1.388550 -6.515442 97.020
1770200585.2767 0 'robobot/drive/T0/acc' 1770200585.2766 0.426758 -0.030518 0.847656 97.020
1770200585.2767 0 'robobot/drive/T0/livn' 1770200585.2767 24 22 32 62 67 37 32 37 55
1770200585.2768 0 'robobot/drive/T0/mca' 1770200585.2767 0.203 0.153 16
1770200585.2771 0 'robobot/drive/T0/mvel' 1770200585.2771 0.254 0.254
1770200585.2779 0 'robobot/drive/T0/pose' 1770200585.2778 97.0220 0.149 0.000 0.0012 -2.7017
1770200585.2790 0 'robobot/drive/T0/ird' 1770200585.2790 0.992 0.186 3257 10932 1
1770200585.2833 0 'robobot/drive/T0/pose' 1770200585.2833 97.0270 0.151 0.000 0.0012 -2.7018
1770200585.2845 0 'robobot/drive/T0/vel' 1770200585.2844 97.0280 0.250 0.251 0.0022 0.250 4
1770200585.2845 0 'robobot/drive/T0/mvel' 1770200585.2845 0.250 0.251
1770200585.2866 0 'robobot/drive/T0/livn' 1770200585.2866 26 22 32 62 68 37 32 37 60
1770200585.2867 0 'robobot/drive/T0/mot' 1770200585.2866 2 2 0.1 0.1 0
1770200585.2878 0 'robobot/drive/T0/gyro' 1770200585.2877 -1.914368 -0.473022 -5.691467 97.032
1770200585.2879 0 'robobot/drive/T0/acc' 1770200585.2878 0.450928 -0.043701 0.908447 97.032
1770200585.2880 0 'robobot/drive/T0/pose' 1770200585.2879 97.0320 0.152 0.000 0.0012 -2.7018
1770200585.2923 0 'robobot/drive/T0/vel' 1770200585.2922 97.0360 0.251 0.250 -0.0008 0.251 4
1770200585.2930 0 'robobot/drive/T0/mvel' 1770200585.2929 0.251 0.250
1770200585.2934 0 'robobot/drive/T0/pose' 1770200585.2933 97.0370 0.153 0.000 0.0012 -2.7018
1770200585.2967 0 'robobot/drive/T0/livn' 1770200585.2966 25 22 32 62 68 37 32 37 65
1770200585.2988 0 'robobot/drive/T0/pose' 1770200585.2988 97.0420 0.154 0.000 0.0012 -2.7019
1770200585.3000 0 'robobot/drive/T0/vel' 1770200585.2999 97.0440 0.247 0.251 0.0174 0.247 4
1770200585.3000 0 'robobot/drive/T0/gyro' 1770200585.3000 -2.066956 -1.144409 -3.707825 97.044
1770200585.3001 0 'robobot/drive/T0/acc' 1770200585.3000 0.427979 -0.051758 0.895508 97.044
1770200585.3004 0 'robobot/drive/T0/mvel' 1770200585.3003 0.247 0.251
1770200585.3033 0 'robobot/drive/T0/pose' 1770200585.3033 97.0470 0.156 0.000 0.0012 -2.7019
1770200585.3045 0 'robobot/drive/T0/ird' 1770200585.3044 1.066 0.186 3133 10937 1
1770200585.3066 0 'robobot/drive/T0/livn' 1770200585.3066 25 21 32 62 68 36 31 36 70
1770200585.3078 0 'robobot/drive/T0/vel' 1770200585.3077 97.0520 0.252 0.254 0.0068 0.252 4
1770200585.3078 0 'robobot/drive/T0/mvel' 1770200585.3078 0.252 0.254
1770200585.3089 0 'robobot/drive/T0/pose' 1770200585.3088 97.0520 0.157 0.000 0.0012 -2.7020
1770200585.3089 0 'robobot/drive/T0/mca' 1770200585.3089 0.205 0.147 17
1770200585.3122 0 'robobot/drive/T0/gyro' 1770200585.3121 -0.846252 -0.625610 -1.327454 97.056
1770200585.3122 0 'robobot/drive/T0/acc' 1770200585.3122 0.426025 -0.038086 0.881592 97.056
1770200585.3123 0 'robobot/drive/T0/liv' 1770200585.3123 21 17 28 49 63 34 23 21 25
1770200585.3134 0 'robobot/drive/T0/pose' 1770200585.3134 97.0570 0.158 0.000 0.0012 -2.7020
1770200585.3156 0 'robobot/drive/T0/vel' 1770200585.3156 97.0600 0.251 0.251 0.0011 0.251 4
1770200585.3157 0 'robobot/drive/T0/livn' 1770200585.3156 26 21 32 62 68 37 31 35 75
1770200585.3164 0 'robobot/drive/T0/mvel' 1770200585.3163 0.251 0.251
1770200585.3189 0 'robobot/drive/T0/pose' 1770200585.3188 97.0620 0.159 0.000 0.0012 -2.7019
1770200585.3190 0 'robobot/drive/T0/mot' 1770200585.3189 2 2 0.1 0.1 0
1770200585.3232 0 'robobot/drive/T0/pose' 1770200585.3232 97.0670 0.161 0.000 0.0012 -2.7018
1770200585.3244 0 'robobot/drive/T0/vel' 1770200585.3243 97.0680 0.250 0.249 -0.0065 0.250 4
1770200585.3244 0 'robobot/drive/T0/gyro' 1770200585.3244 0.466003 -0.045776 0.564636 97.068
1770200585.3245 0 'robobot/drive/T0/acc' 1770200585.3244 0.425781 -0.023682 0.922852 97.068
1770200585.3249 0 'robobot/drive/T0/mvel' 1770200585.3248 0.250 0.249
1770200585.3256 0 'robobot/drive/T0/livn' 1770200585.3256 26 21 32 62 68 36 30 35 80
1770200585.3289 0 'robobot/drive/T0/pose' 1770200585.3288 97.0720 0.162 0.000 0.0012 -2.7018
1770200585.3290 0 'robobot/drive/T0/ird' 1770200585.3289 1.131 0.190 3039 10731 1
1770200585.3322 0 'robobot/drive/T0/vel' 1770200585.3321 97.0760 0.247 0.248 0.0066 0.247 4
1770200585.3326 0 'robobot/drive/T0/mvel' 1770200585.3325 0.247 0.248
1770200585.3335 0 'robobot/drive/T0/pose' 1770200585.3334 97.0770 0.163 0.000 0.0012 -2.7017
1770200585.3344 0 'robobot/drive/master' 1770200585.3344 2026-02-04 11:23:03.813786
1770200585.3357 0 'robobot/drive/T0/gyro' 1770200585.3356 1.015320 -0.015259 0.442566 97.080
1770200585.3358 0 'robobot/drive/T0/acc' 1770200585.3358 0.443115 0.017822 0.890869 97.080
1770200585.3359 0 'robobot/drive/T0/livn' 1770200585.3358 25 21 32 62 68 37 30 35 85
1770200585.3381 0 'robobot/drive/T0/pose' 1770200585.3380 97.0820 0.165 0.000 0.0012 -2.7016
1770200585.3403 0 'robobot/drive/T0/vel' 1770200585.3402 97.0840 0.250 0.251 0.0050 0.250 4
1770200585.3411 0 'robobot/drive/T0/mvel' 1770200585.3411 0.250 0.251
1770200585.3425 0 'robobot/drive/T0/mca' 1770200585.3424 0.212 0.150 16
1770200585.3436 0 'robobot/drive/T0/pose' 1770200585.3435 97.0870 0.166 0.000 0.0023 -2.7015
1770200585.3458 0 'robobot/drive/T0/livn' 1770200585.3457 25 21 32 63 67 37 30 34 90
1770200585.3480 0 'robobot/drive/T0/vel' 1770200585.3479 97.0920 0.254 0.252 -0.0088 0.254 4
1770200585.3480 0 'robobot/drive/T0/gyro' 1770200585.3480 0.527039 0.320435 -0.350891 97.092
1770200585.3481 0 'robobot/drive/T0/acc' 1770200585.3480 0.403564 0.005371 0.851318 97.092
1770200585.3482 0 'robobot/drive/T0/pose' 1770200585.3481 97.0920 0.167 0.000 0.0012 -2.7014
1770200585.3485 0 'robobot/drive/T0/mvel' 1770200585.3485 0.254 0.252
1770200585.3525 0 'robobot/drive/T0/mot' 1770200585.3524 2 2 0.1 0.1 0
1770200585.3536 0 'robobot/drive/T0/pose' 1770200585.3535 97.0970 0.169 0.000 0.0012 -2.7013
1770200585.3547 0 'robobot/drive/T0/ird' 1770200585.3546 1.196 0.190 2955 10754 1
1770200585.3558 0 'robobot/drive/T0/vel' 1770200585.3558 97.1000 0.252 0.250 -0.0074 0.252 4
1770200585.3559 0 'robobot/drive/T0/livn' 1770200585.3558 25 21 31 62 67 37 30 33 95
1770200585.3559 0 'robobot/drive/T0/mvel' 1770200585.3559 0.252 0.250
1770200585.3581 0 'robobot/drive/T0/pose' 1770200585.3580 97.1020 0.170 0.000 0.0012 -2.7012
1770200585.3603 0 'robobot/drive/T0/gyro' 1770200585.3602 0.496521 0.869751 -0.564514 97.104
1770200585.3603 0 'robobot/drive/T0/acc' 1770200585.3603 0.467285 0.005615 0.914551 97.104
1770200585.3625 0 'robobot/drive/T0/liv' 1770200585.3624 18 21 28 46 60 39 27 18 25
1770200585.3636 0 'robobot/drive/T0/pose' 1770200585.3636 97.1070 0.171 0.000 0.0012 -2.7011
1770200585.3637 0 'robobot/drive/T0/vel' 1770200585.3636 97.1080 0.252 0.250 -0.0074 0.252 4
1770200585.3644 0 'robobot/drive/T0/mvel' 1770200585.3644 0.252 0.250
1770200585.3659 0 'robobot/drive/T0/livn' 1770200585.3658 25 22 31 61 68 37 30 33 100
1770200585.3681 0 'robobot/drive/T0/pose' 1770200585.3680 97.1120 0.172 0.000 0.0012 -2.7010
1770200585.3723 0 'robobot/drive/T0/vel' 1770200585.3723 97.1160 0.247 0.251 0.0151 0.247 4
1770200585.3724 0 'robobot/drive/T0/gyro' 1770200585.3724 -0.571594 -0.106812 0.625671 97.116
1770200585.3725 0 'robobot/drive/T0/acc' 1770200585.3724 0.418945 -0.002930 0.869141 97.116
1770200585.3729 0 'robobot/drive/T0/mvel' 1770200585.3729 0.247 0.251
1770200585.3736 0 'robobot/drive/T0/pose' 1770200585.3735 97.1170 0.174 0.000 0.0012 -2.7010
1770200585.3758 0 'robobot/drive/T0/mca' 1770200585.3757 0.204 0.152 17
1770200585.3758 0 'robobot/drive/T0/livn' 1770200585.3758 26 22 31 61 67 37 30 33 105
1770200585.3780 0 'robobot/drive/T0/pose' 1770200585.3780 97.1220 0.174 0.000 0.0023 -2.7010
1770200585.3791 0 'robobot/drive/T0/ird' 1770200585.3791 1.284 0.192 2854 10655 1
1770200585.3803 0 'robobot/drive/T0/vel' 1770200585.3802 97.1240 0.253 0.253 -0.0010 0.253 4
1770200585.3803 0 'robobot/drive/T0/mvel' 1770200585.3803 0.253 0.253
1770200585.3835 0 'robobot/drive/T0/pose' 1770200585.3834 97.1270 0.176 0.000 0.0012 -2.7009
1770200585.3836 0 'robobot/drive/T0/gyro' 1770200585.3835 -0.419006 -0.350952 0.442566 97.128
1770200585.3837 0 'robobot/drive/T0/acc' 1770200585.3836 0.435791 -0.011475 0.853516 97.128
1770200585.3858 0 'robobot/drive/T0/mot' 1770200585.3858 2 2 0.1 0.1 0
1770200585.3859 0 'robobot/drive/T0/livn' 1770200585.3858 26 22 31 61 67 37 30 33 110
1770200585.3881 0 'robobot/drive/T0/vel' 1770200585.3880 97.1320 0.253 0.250 -0.0121 0.253 4
1770200585.3881 0 'robobot/drive/T0/pose' 1770200585.3881 97.1320 0.177 0.000 0.0012 -2.7009
1770200585.3888 0 'robobot/drive/T0/mvel' 1770200585.3888 0.253 0.250
1770200585.3935 0 'robobot/drive/T0/pose' 1770200585.3934 97.1370 0.179 0.000 0.0012 -2.7007
1770200585.3957 0 'robobot/drive/T0/vel' 1770200585.3956 97.1400 0.250 0.248 -0.0096 0.250 4
1770200585.3958 0 'robobot/drive/T0/gyro' 1770200585.3957 0.649109 0.259399 -0.564514 97.140
1770200585.3958 0 'robobot/drive/T0/acc' 1770200585.3958 0.460938 -0.006348 0.926270 97.140
1770200585.3959 0 'robobot/drive/T0/livn' 1770200585.3958 25 22 31 61 67 37 30 33 115
1770200585.3963 0 'robobot/drive/T0/mvel' 1770200585.3962 0.250 0.248
1770200585.3981 0 'robobot/drive/T0/pose' 1770200585.3980 97.1420 0.179 0.000 0.0012 -2.7007
1770200585.4034 0 'robobot/drive/T0/pose' 1770200585.4034 97.1470 0.181 0.000 0.0012 -2.7005
1770200585.4045 0 'robobot/drive/T0/vel' 1770200585.4045 97.1480 0.247 0.248 0.0028 0.247 4
1770200585.4046 0 'robobot/drive/T0/ird' 1770200585.4046 1.289 0.189 2849 10766 1
1770200585.4047 0 'robobot/drive/T0/mvel' 1770200585.4047 0.247 0.248
1770200585.4057 0 'robobot/drive/T0/livn' 1770200585.4057 25 22 32 60 67 37 30 33 120
1770200585.4079 0 'robobot/drive/T0/gyro' 1770200585.4079 0.954285 0.534058 -0.198303 97.152
1770200585.4080 0 'robobot/drive/T0/acc' 1770200585.4079 0.446777 -0.003418 0.908203 97.152
1770200585.4081 0 'robobot/drive/T0/pose' 1770200585.4080 97.1520 0.182 0.000 0.0012 -2.7005
1770200585.4081 0 'robobot/drive/T0/mca' 1770200585.4081 0.211 0.149 16
1770200585.4124 0 'robobot/drive/T0/vel' 1770200585.4123 97.1560 0.248 0.251 0.0155 0.248 4
1770200585.4124 0 'robobot/drive/T0/liv' 1770200585.4124 20 23 31 44 56 35 29 22 25
1770200585.4131 0 'robobot/drive/T0/mvel' 1770200585.4131 0.248 0.251
1770200585.4136 0 'robobot/drive/T0/pose' 1770200585.4135 97.1570 0.183 0.000 0.0012 -2.7004
1770200585.4158 0 'robobot/drive/T0/livn' 1770200585.4157 25 22 31 60 66 37 30 33 125
1770200585.4179 0 'robobot/drive/T0/mot' 1770200585.4179 2 2 0.1 0.1 0
1770200585.4180 0 'robobot/drive/T0/pose' 1770200585.4179 97.1620 0.184 0.000 0.0012 -2.7004
1770200585.4202 0 'robobot/drive/T0/vel' 1770200585.4201 97.1640 0.251 0.253 0.0081 0.251 4
1770200585.4202 0 'robobot/drive/T0/gyro' 1770200585.4202 -0.510559 -0.167847 -0.137268 97.164
1770200585.4203 0 'robobot/drive/T0/acc' 1770200585.4202 0.395996 -0.007812 0.834961 97.164
1770200585.4206 0 'robobot/drive/T0/mvel' 1770200585.4205 0.251 0.253
1770200585.4236 0 'robobot/drive/T0/pose' 1770200585.4235 97.1670 0.186 0.000 0.0012 -2.7003
1770200585.4257 0 'robobot/drive/T0/livn' 1770200585.4257 25 23 31 61 66 37 30 32 130
1770200585.4279 0 'robobot/drive/T0/vel' 1770200585.4278 97.1720 0.249 0.250 0.0040 0.249 4
1770200585.4280 0 'robobot/drive/T0/pose' 1770200585.4279 97.1720 0.187 0.000 0.0012 -2.7003
1770200585.4280 0 'robobot/drive/T0/mvel' 1770200585.4280 0.249 0.250
1770200585.4291 0 'robobot/drive/T0/ird' 1770200585.4290 1.226 0.189 2919 10767 1
1770200585.4323 0 'robobot/drive/T0/gyro' 1770200585.4323 1.930847 0.961304 0.228943 97.176
1770200585.4324 0 'robobot/drive/T0/acc' 1770200585.4323 0.510254 -0.022705 0.910889 97.176
1770200585.4335 0 'robobot/drive/T0/pose' 1770200585.4335 97.1770 0.188 0.000 0.0012 -2.7001
1770200585.4357 0 'robobot/drive/T0/vel' 1770200585.4357 97.1800 0.250 0.249 -0.0035 0.250 4
1770200585.4358 0 'robobot/drive/T0/livn' 1770200585.4357 24 22 31 60 65 37 29 32 135
1770200585.4364 0 'robobot/drive/T0/mvel' 1770200585.4364 0.250 0.249
1770200585.4380 0 'robobot/drive/T0/pose' 1770200585.4379 97.1820 0.190 0.000 0.0012 -2.7003
1770200585.4412 0 'robobot/drive/T0/mca' 1770200585.4412 0.219 0.155 17
1770200585.4434 0 'robobot/drive/T0/pose' 1770200585.4433 97.1870 0.191 0.000 0.0023 -2.7002
1770200585.4445 0 'robobot/drive/T0/vel' 1770200585.4444 97.1880 0.247 0.250 0.0111 0.247 4
1770200585.4446 0 'robobot/drive/T0/gyro' 1770200585.4445 -1.456604 -0.839233 0.503601 97.188
1770200585.4447 0 'robobot/drive/T0/acc' 1770200585.4446 0.440186 0.039307 0.892822 97.188
1770200585.4449 0 'robobot/drive/T0/mvel' 1770200585.4449 0.247 0.250
1770200585.4458 0 'robobot/drive/T0/livn' 1770200585.4457 24 22 31 61 65 37 29 32 140
1770200585.4480 0 'robobot/drive/T0/pose' 1770200585.4479 97.1920 0.192 0.000 0.0012 -2.7003
1770200585.4512 0 'robobot/drive/T0/mot' 1770200585.4511 2 2 0.1 0.1 0
1770200585.4523 0 'robobot/drive/T0/vel' 1770200585.4523 97.1960 0.254 0.253 -0.0035 0.254 4
1770200585.4533 0 'robobot/drive/T0/mvel' 1770200585.4533 0.254 0.253
1770200585.4535 0 'robobot/drive/T0/pose' 1770200585.4534 97.1970 0.194 0.000 0.0012 -2.7003
1770200585.4546 0 'robobot/drive/T0/ird' 1770200585.4545 1.196 0.189 2955 10764 1
1770200585.4557 0 'robobot/drive/T0/gyro' 1770200585.4556 -0.785217 1.083374 0.106873 97.200
1770200585.4558 0 'robobot/drive/T0/acc' 1770200585.4557 0.457520 -0.006348 0.895508 97.200
1770200585.4558 0 'robobot/drive/T0/livn' 1770200585.4558 24 22 31 61 65 37 29 32 145
1770200585.4580 0 'robobot/drive/T0/pose' 1770200585.4579 97.2020 0.195 0.000 0.0012 -2.7001
1770200585.4602 0 'robobot/drive/T0/vel' 1770200585.4601 97.2040 0.252 0.250 -0.0075 0.252 4
1770200585.4607 0 'robobot/drive/T0/mvel' 1770200585.4607 0.252 0.250
1770200585.4624 0 'robobot/drive/T0/liv' 1770200585.4623 11 18 29 48 54 36 20 20 25
1770200585.4635 0 'robobot/drive/T0/pose' 1770200585.4634 97.2070 0.196 0.000 0.0012 -2.7000
1770200585.4657 0 'robobot/drive/T0/livn' 1770200585.4656 24 22 31 61 66 37 29 32 150
1770200585.4678 0 'robobot/drive/T0/vel' 1770200585.4678 97.2120 0.253 0.249 -0.0185 0.253 4
1770200585.4679 0 'robobot/drive/T0/gyro' 1770200585.4679 0.252380 0.595093 -0.045715 97.212
1770200585.4680 0 'robobot/drive/T0/acc' 1770200585.4679 0.415039 -0.015869 0.846680 97.212
1770200585.4681 0 'robobot/drive/T0/pose' 1770200585.4680 97.2120 0.197 0.000 0.0012 -2.6999
1770200585.4681 0 'robobot/drive/T0/mvel' 1770200585.4681 0.253 0.249
1770200585.4734 0 'robobot/drive/T0/pose' 1770200585.4734 97.2170 0.199 0.000 0.0012 -2.6999
1770200585.4745 0 'robobot/drive/T0/mca' 1770200585.4745 0.212 0.148 16
1770200585.4757 0 'robobot/drive/T0/vel' 1770200585.4756 97.2200 0.251 0.248 -0.0134 0.251 4
1770200585.4757 0 'robobot/drive/T0/livn' 1770200585.4757 23 22 31 60 65 37 29 32 155
1770200585.4766 0 'robobot/drive/T0/mvel' 1770200585.4766 0.251 0.248
1770200585.4790 0 'robobot/drive/T0/pose' 1770200585.4789 97.2220 0.200 0.000 0.0012 -2.6998
1770200585.4790 0 'robobot/drive/T0/ird' 1770200585.4790 1.213 0.190 2934 10726 1
1770200585.4802 0 'robobot/drive/T0/gyro' 1770200585.4801 -0.541077 -0.473022 -0.472961 97.224
1770200585.4802 0 'robobot/drive/T0/acc' 1770200585.4802 0.452393 0.002930 0.880615 97.224
1770200585.4835 0 'robobot/drive/T0/pose' 1770200585.4834 97.2270 0.201 0.000 0.0012 -2.6997
1770200585.4835 0 'robobot/drive/T0/vel' 1770200585.4835 97.2280 0.251 0.251 -0.0032 0.251 4
1770200585.4840 0 'robobot/drive/T0/mvel' 1770200585.4840 0.251 0.251
1770200585.4846 0 'robobot/drive/T0/mot' 1770200585.4846 2 2 0.1 0.1 0
1770200585.4858 0 'robobot/drive/T0/livn' 1770200585.4857 23 22 31 60 65 37 29 33 160
1770200585.4880 0 'robobot/drive/T0/pose' 1770200585.4879 97.2320 0.202 0.000 0.0012 -2.6997
1770200585.4923 0 'robobot/drive/T0/vel' 1770200585.4922 97.2360 0.254 0.252 -0.0057 0.254 4
1770200585.4923 0 'robobot/drive/T0/gyro' 1770200585.4923 0.191345 0.045776 0.228943 97.236
1770200585.4924 0 'robobot/drive/T0/acc' 1770200585.4923 0.426270 -0.004395 0.920898 97.236
1770200585.4925 0 'robobot/drive/T0/mvel' 1770200585.4925 0.254 0.252
1770200585.4935 0 'robobot/drive/T0/pose' 1770200585.4935 97.2370 0.204 0.000 0.0012 -2.6997
1770200585.4957 0 'robobot/drive/T0/livn' 1770200585.4956 24 22 31 60 65 37 29 33 165
1770200585.4989 0 'robobot/drive/T0/pose' 1770200585.4989 97.2420 0.205 0.000 -0.0000 -2.6996
1770200585.5001 0 'robobot/drive/T0/vel' 1770200585.5000 97.2440 0.250 0.250 -0.0008 0.250 4
1770200585.5009 0 'robobot/drive/T0/mvel' 1770200585.5009 0.250 0.250
1770200585.5033 0 'robobot/drive/T0/pose' 1770200585.5032 97.2470 0.206 0.000 0.0012 -2.6995
1770200585.5044 0 'robobot/drive/T0/gyro' 1770200585.5044 0.252380 0.045776 0.076355 97.248
1770200585.5045 0 'robobot/drive/T0/acc' 1770200585.5044 0.460205 0.001709 0.896240 97.248
1770200585.5046 0 'robobot/drive/T0/ird' 1770200585.5045 1.197 0.193 2953 10591 1
1770200585.5057 0 'robobot/drive/T0/livn' 1770200585.5056 23 22 31 61 65 37 29 33 170
1770200585.5079 0 'robobot/drive/T0/mca' 1770200585.5078 0.206 0.153 17
1770200585.5079 0 'robobot/drive/T0/vel' 1770200585.5079 97.2520 0.251 0.250 -0.0060 0.251 4
1770200585.5080 0 'robobot/drive/T0/pose' 1770200585.5079 97.2520 0.207 0.000 0.0012 -2.6995
1770200585.5083 0 'robobot/drive/T0/mvel' 1770200585.5083 0.251 0.250
1770200585.5123 0 'robobot/drive/T0/liv' 1770200585.5122 19 22 30 49 55 37 26 26 25
1770200585.5134 0 'robobot/drive/T0/pose' 1770200585.5133 97.2570 0.209 0.000 -0.0000 -2.6994
1770200585.5167 0 'robobot/drive/T0/vel' 1770200585.5166 97.2600 0.248 0.250 0.0116 0.248 4
1770200585.5167 0 'robobot/drive/T0/gyro' 1770200585.5167 -0.022278 -0.228882 0.015320 97.260
1770200585.5168 0 'robobot/drive/T0/acc' 1770200585.5167 0.427246 -0.008057 0.877686 97.260
1770200585.5169 0 'robobot/drive/T0/livn' 1770200585.5168 24 22 31 61 65 37 29 33 175
1770200585.5169 0 'robobot/drive/T0/mot' 1770200585.5169 2 2 0.1 0.1 0
1770200585.5170 0 'robobot/drive/T0/mvel' 1770200585.5169 0.248 0.250
1770200585.5180 0 'robobot/drive/T0/pose' 1770200585.5180 97.2620 0.209 0.000 0.0012 -2.6994
1770200585.5234 0 'robobot/drive/T0/pose' 1770200585.5233 97.2670 0.211 0.000 0.0012 -2.6992
1770200585.5245 0 'robobot/drive/T0/vel' 1770200585.5245 97.2680 0.253 0.251 -0.0091 0.253 4
1770200585.5255 0 'robobot/drive/T0/mvel' 1770200585.5254 0.253 0.251
1770200585.5258 0 'robobot/drive/T0/livn' 1770200585.5257 24 22 31 61 65 37 29 33 180
1770200585.5280 0 'robobot/drive/T0/gyro' 1770200585.5279 -0.113831 -0.228882 -0.442444 97.272
1770200585.5281 0 'robobot/drive/T0/acc' 1770200585.5280 0.424805 -0.001465 0.895508 97.272
1770200585.5282 0 'robobot/drive/T0/pose' 1770200585.5281 97.2720 0.212 0.000 0.0012 -2.6992
1770200585.5293 0 'robobot/drive/T0/ird' 1770200585.5292 1.085 0.190 3105 10735 1
1770200585.5326 0 'robobot/drive/T0/vel' 1770200585.5325 97.2760 0.252 0.249 -0.0131 0.252 4
1770200585.5329 0 'robobot/drive/T0/mvel' 1770200585.5329 0.252 0.249
1770200585.5337 0 'robobot/drive/T0/pose' 1770200585.5337 97.2770 0.214 0.000 -0.0000 -2.6991
1770200585.5359 0 'robobot/drive/T0/livn' 1770200585.5358 24 22 31 61 65 37 28 33 185
1770200585.5383 0 'robobot/drive/T0/pose' 1770200585.5380 97.2820 0.215 0.000 0.0012 -2.6990
1770200585.5405 0 'robobot/drive/T0/vel' 1770200585.5404 97.2840 0.252 0.249 -0.0155 0.252 4
1770200585.5406 0 'robobot/drive/T0/gyro' 1770200585.5405 0.740662 -0.411987 -0.350891 97.284
1770200585.5406 0 'robobot/drive/T0/acc' 1770200585.5406 0.420898 0.029541 0.852539 97.284
1770200585.5407 0 'robobot/drive/T0/mca' 1770200585.5406 0.207 0.153 16
1770200585.5407 0 'robobot/drive/T0/mvel' 1770200585.5407 0.252 0.249
1770200585.5439 0 'robobot/drive/T0/pose' 1770200585.5439 97.2870 0.216 0.000 0.0012 -2.6989
1770200585.5461 0 'robobot/drive/T0/livn' 1770200585.5461 24 22 31 61 65 37 28 33 190
1770200585.5483 0 'robobot/drive/T0/vel' 1770200585.5483 97.2920 0.249 0.249 -0.0035 0.249 4
1770200585.5484 0 'robobot/drive/T0/pose' 1770200585.5483 97.2920 0.217 0.000 -0.0000 -2.6990
1770200585.5492 0 'robobot/drive/T0/mvel' 1770200585.5492 0.249 0.249
1770200585.5506 0 'robobot/drive/T0/mot' 1770200585.5505 2 2 0.1 0.1 0
1770200585.5517 0 'robobot/drive/T0/gyro' 1770200585.5516 -0.510559 -1.113892 -0.595032 97.296
1770200585.5518 0 'robobot/drive/T0/acc' 1770200585.5517 0.450195 0.019287 0.875000 97.296
1770200585.5540 0 'robobot/drive/T0/pose' 1770200585.5539 97.2970 0.219 0.000 0.0012 -2.6989
1770200585.5540 0 'robobot/drive/T0/ird' 1770200585.5540 0.977 0.190 3283 10712 1
1770200585.5562 0 'robobot/drive/T0/vel' 1770200585.5561 97.3000 0.250 0.252 0.0078 0.250 4
1770200585.5563 0 'robobot/drive/T0/livn' 1770200585.5562 24 22 31 61 65 37 28 33 195
1770200585.5566 0 'robobot/drive/T0/mvel' 1770200585.5565 0.250 0.252
1770200585.5585 0 'robobot/drive/T0/pose' 1770200585.5584 97.3020 0.220 0.000 0.0012 -2.6989
1770200585.5628 0 'robobot/drive/T0/liv' 1770200585.5627 20 20 28 44 59 35 21 23 25
1770200585.5639 0 'robobot/drive/T0/pose' 1770200585.5638 97.3070 0.221 0.000 -0.0000 -2.6988
1770200585.5640 0 'robobot/drive/T0/vel' 1770200585.5639 97.3080 0.255 0.253 -0.0100 0.255 4
1770200585.5640 0 'robobot/drive/T0/gyro' 1770200585.5640 0.008240 1.113892 0.228943 97.308
1770200585.5641 0 'robobot/drive/T0/acc' 1770200585.5640 0.398438 -0.042480 0.902344 97.308
1770200585.5650 0 'robobot/drive/T0/mvel' 1770200585.5650 0.255 0.253
1770200585.5663 0 'robobot/drive/T0/livn' 1770200585.5662 24 22 31 60 65 37 28 33 200
1770200585.5685 0 'robobot/drive/T0/pose' 1770200585.5684 97.3120 0.222 0.000 -0.0000 -2.6988
1770200585.5717 0 'robobot/drive/T0/vel' 1770200585.5716 97.3160 0.252 0.250 -0.0103 0.252 4
1770200585.5724 0 'robobot/drive/T0/mvel' 1770200585.5724 0.252 0.250
1770200585.5739 0 'robobot/drive/T0/mca' 1770200585.5738 0.201 0.150 17
1770200585.5739 0 'robobot/drive/T0/pose' 1770200585.5739 97.3170 0.224 0.000 0.0012 -2.6988
1770200585.5761 0 'robobot/drive/T0/gyro' 1770200585.5761 0.557556 0.228882 0.412048 97.320
1770200585.5762 0 'robobot/drive/T0/acc' 1770200585.5761 0.443848 0.000977 0.875488 97.320
1770200585.5763 0 'robobot/drive/T0/livn' 1770200585.5762 24 22 31 60 65 37 28 33 205
1770200585.5784 0 'robobot/drive/T0/pose' 1770200585.5784 97.3220 0.225 0.000 0.0012 -2.6987
1770200585.5796 0 'robobot/drive/T0/ird' 1770200585.5795 0.481 0.189 5137 10767 1
1770200585.5796 0 'robobot/drive/T0/vel' 1770200585.5796 97.3240 0.253 0.250 -0.0161 0.253 4
1770200585.5798 0 'robobot/drive/T0/mvel' 1770200585.5798 0.253 0.250
1770200585.5839 0 'robobot/drive/T0/mot' 1770200585.5839 2 2 0.1 0.1 0
1770200585.5840 0 'robobot/drive/T0/pose' 1770200585.5839 97.3270 0.226 0.000 -0.0000 -2.6987
1770200585.5861 0 'robobot/drive/T0/livn' 1770200585.5861 24 22 31 60 65 37 28 33 210
1770200585.5883 0 'robobot/drive/T0/vel' 1770200585.5883 97.3320 0.248 0.249 0.0040 0.248 4
1770200585.5884 0 'robobot/drive/T0/gyro' 1770200585.5883 -0.296936 -0.747681 0.106873 97.332
1770200585.5885 0 'robobot/drive/T0/acc' 1770200585.5884 0.422119 0.004395 0.852051 97.332
1770200585.5885 0 'robobot/drive/T0/pose' 1770200585.5885 97.3320 0.227 0.000 -0.0000 -2.6986
1770200585.5893 0 'robobot/drive/T0/mvel' 1770200585.5893 0.248 0.249
1770200585.5939 0 'robobot/drive/T0/pose' 1770200585.5938 97.3370 0.229 0.000 0.0012 -2.6985
1770200585.5961 0 'robobot/drive/T0/vel' 1770200585.5960 97.3400 0.254 0.252 -0.0077 0.254 4
1770200585.5961 0 'robobot/drive/T0/livn' 1770200585.5961 24 23 31 60 65 37 28 33 215
1770200585.5967 0 'robobot/drive/T0/mvel' 1770200585.5966 0.254 0.252
1770200585.5983 0 'robobot/drive/T0/pose' 1770200585.5982 97.3420 0.230 0.000 -0.0000 -2.6985
1770200585.6005 0 'robobot/drive/T0/gyro' 1770200585.6004 0.038757 0.198364 -0.167786 97.344
1770200585.6006 0 'robobot/drive/T0/acc' 1770200585.6005 0.451904 -0.011230 0.885986 97.344
1770200585.6038 0 'robobot/drive/T0/pose' 1770200585.6037 97.3470 0.231 0.000 -0.0000 -2.6984
1770200585.6039 0 'robobot/drive/T0/vel' 1770200585.6038 97.3480 0.254 0.250 -0.0173 0.254 4
1770200585.6039 0 'robobot/drive/T0/ird' 1770200585.6039 0.261 0.191 8211 10701 1
1770200585.6041 0 'robobot/drive/T0/mvel' 1770200585.6040 0.254 0.250
1770200585.6061 0 'robobot/drive/T0/livn' 1770200585.6060 24 22 31 60 66 37 28 33 220
1770200585.6061 0 'robobot/drive/T0/mca' 1770200585.6061 0.197 0.153 16
1770200585.6083 0 'robobot/drive/T0/pose' 1770200585.6083 97.3520 0.232 0.000 -0.0000 -2.6984
1770200585.6126 0 'robobot/drive/T0/vel' 1770200585.6125 97.3560 0.255 0.248 -0.0278 0.255 4
1770200585.6127 0 'robobot/drive/T0/gyro' 1770200585.6126 0.496521 -0.106812 0.167908 97.356
1770200585.6128 0 'robobot/drive/T0/acc' 1770200585.6127 0.419678 -0.005859 0.878662 97.356
1770200585.6128 0 'robobot/drive/T0/liv' 1770200585.6128 18 23 29 48 62 39 25 23 25
1770200585.6136 0 'robobot/drive/T0/mvel' 1770200585.6136 0.255 0.248
1770200585.6139 0 'robobot/drive/T0/pose' 1770200585.6139 97.3570 0.234 0.000 -0.0012 -2.6984
1770200585.6161 0 'robobot/drive/T0/livn' 1770200585.6161 24 23 31 61 66 37 28 33 225
1770200585.6162 0 'robobot/drive/T0/mot' 1770200585.6161 2 2 0.1 0.1 0
1770200585.6184 0 'robobot/drive/T0/pose' 1770200585.6183 97.3620 0.235 0.000 -0.0000 -2.6983
1770200585.6206 0 'robobot/drive/T0/vel' 1770200585.6205 97.3640 0.252 0.248 -0.0157 0.252 4
1770200585.6210 0 'robobot/drive/T0/mvel' 1770200585.6209 0.252 0.248
1770200585.6238 0 'robobot/drive/T0/pose' 1770200585.6237 97.3670 0.236 0.000 -0.0000 -2.6983
1770200585.6239 0 'robobot/drive/T0/gyro' 1770200585.6238 0.069275 -0.259399 -0.106750 97.368
1770200585.6239 0 'robobot/drive/T0/acc' 1770200585.6239 0.440186 0.011719 0.890381 97.368
1770200585.6261 0 'robobot/drive/T0/livn' 1770200585.6261 24 23 31 61 65 37 28 33 230
1770200585.6283 0 'robobot/drive/T0/vel' 1770200585.6282 97.3720 0.251 0.252 0.0023 0.251 4
1770200585.6284 0 'robobot/drive/T0/mvel' 1770200585.6283 0.251 0.252
1770200585.6284 0 'robobot/drive/T0/pose' 1770200585.6283 97.3720 0.237 0.000 -0.0000 -2.6983
1770200585.6295 0 'robobot/drive/T0/ird' 1770200585.6294 0.188 0.192 10809 10650 1
1770200585.6338 0 'robobot/drive/T0/pose' 1770200585.6337 97.3770 0.239 0.000 -0.0000 -2.6982
1770200585.6360 0 'robobot/drive/T0/vel' 1770200585.6359 97.3800 0.255 0.253 -0.0071 0.255 4
1770200585.6361 0 'robobot/drive/T0/gyro' 1770200585.6360 0.313416 0.411987 0.381531 97.380
1770200585.6361 0 'robobot/drive/T0/acc' 1770200585.6361 0.420410 -0.016113 0.873291 97.380
1770200585.6362 0 'robobot/drive/T0/livn' 1770200585.6361 24 23 31 60 65 37 28 33 235
1770200585.6368 0 'robobot/drive/T0/mvel' 1770200585.6368 0.255 0.253
1770200585.6384 0 'robobot/drive/T0/pose' 1770200585.6383 97.3820 0.240 0.000 -0.0000 -2.6982
1770200585.6395 0 'robobot/drive/T0/mca' 1770200585.6394 0.190 0.153 17
1770200585.6438 0 'robobot/drive/T0/pose' 1770200585.6437 97.3880 0.241 0.000 -0.0000 -2.6981
1770200585.6438 0 'robobot/drive/T0/vel' 1770200585.6438 97.3880 0.252 0.250 -0.0083 0.252 4
1770200585.6442 0 'robobot/drive/T0/mvel' 1770200585.6441 0.252 0.250
1770200585.6460 0 'robobot/drive/T0/livn' 1770200585.6460 24 23 31 60 65 37 28 33 240
1770200585.6482 0 'robobot/drive/T0/gyro' 1770200585.6482 1.167908 0.320435 0.351013 97.392
1770200585.6483 0 'robobot/drive/T0/acc' 1770200585.6482 0.460205 -0.020264 0.902344 97.392
1770200585.6484 0 'robobot/drive/T0/pose' 1770200585.6483 97.3930 0.243 0.000 -0.0012 -2.6980
1770200585.6495 0 'robobot/drive/T0/mot' 1770200585.6494 2 2 0.1 0.1 0
1770200585.6516 0 'robobot/drive/T0/vel' 1770200585.6516 97.3960 0.252 0.248 -0.0175 0.252 4
1770200585.6526 0 'robobot/drive/T0/mvel' 1770200585.6526 0.252 0.248
1770200585.6539 0 'robobot/drive/T0/pose' 1770200585.6538 97.3980 0.244 0.000 -0.0000 -2.6980
1770200585.6540 0 'robobot/drive/T0/ird' 1770200585.6539 0.137 0.191 14314 10701 1
1770200585.6561 0 'robobot/drive/T0/livn' 1770200585.6561 24 22 31 60 65 37 28 33 245
1770200585.6583 0 'robobot/drive/T0/pose' 1770200585.6583 97.4030 0.245 0.000 -0.0000 -2.6980
1770200585.6605 0 'robobot/drive/T0/vel' 1770200585.6604 97.4040 0.247 0.249 0.0080 0.247 4
1770200585.6605 0 'robobot/drive/T0/gyro' 1770200585.6605 0.435486 -0.503540 0.808777 97.404
1770200585.6606 0 'robobot/drive/T0/acc' 1770200585.6605 0.412842 -0.017334 0.828125 97.404
1770200585.6610 0 'robobot/drive/T0/mvel' 1770200585.6610 0.247 0.249
1770200585.6628 0 'robobot/drive/T0/liv' 1770200585.6627 17 20 30 47 56 35 26 26 25
1770200585.6639 0 'robobot/drive/T0/pose' 1770200585.6638 97.4080 0.246 0.000 -0.0012 -2.6980
1770200585.6661 0 'robobot/drive/T0/livn' 1770200585.6660 24 22 31 60 65 37 28 33 250
1770200585.6683 0 'robobot/drive/T0/vel' 1770200585.6682 97.4120 0.253 0.251 -0.0105 0.253 4
1770200585.6683 0 'robobot/drive/T0/pose' 1770200585.6683 97.4130 0.248 0.000 -0.0000 -2.6980
1770200585.6684 0 'robobot/drive/T0/mvel' 1770200585.6684 0.253 0.251
1770200585.6726 0 'robobot/drive/T0/gyro' 1770200585.6726 1.289978 0.595093 1.236023 97.416
1770200585.6727 0 'robobot/drive/T0/acc' 1770200585.6726 0.445557 -0.012939 0.909424 97.416
1770200585.6728 0 'robobot/drive/T0/mca' 1770200585.6727 0.189 0.154 16
1770200585.6739 0 'robobot/drive/T0/pose' 1770200585.6738 97.4180 0.249 0.000 -0.0000 -2.6979
1770200585.6761 0 'robobot/drive/T0/vel' 1770200585.6760 97.4200 0.253 0.251 -0.0109 0.253 4
1770200585.6761 0 'robobot/drive/T0/livn' 1770200585.6761 24 22 31 60 65 37 28 33 255
1770200585.6768 0 'robobot/drive/T0/mvel' 1770200585.6768 0.253 0.251
1770200585.6783 0 'robobot/drive/T0/pose' 1770200585.6783 97.4230 0.250 0.000 -0.0000 -2.6979
1770200585.6794 0 'robobot/drive/T0/ird' 1770200585.6794 0.105 0.193 18176 10593 1
1770200585.6827 0 'robobot/drive/T0/mot' 1770200585.6826 2 2 0.1 0.1 0
1770200585.6838 0 'robobot/drive/T0/pose' 1770200585.6837 97.4280 0.251 0.000 -0.0012 -2.6978
1770200585.6839 0 'robobot/drive/T0/vel' 1770200585.6838 97.4280 0.253 0.249 -0.0167 0.253 4
1770200585.6839 0 'robobot/drive/T0/gyro' 1770200585.6839 0.313416 -0.198364 1.541199 97.428
1770200585.6840 0 'robobot/drive/T0/acc' 1770200585.6839 0.441162 0.004395 0.905029 97.428
1770200585.6842 0 'robobot/drive/T0/mvel' 1770200585.6842 0.253 0.249
1770200585.6862 0 'robobot/drive/T0/livn' 1770200585.6861 24 22 31 61 65 37 28 33 260
1770200585.6884 0 'robobot/drive/T0/pose' 1770200585.6883 97.4330 0.253 0.000 -0.0000 -2.6978
1770200585.6927 0 'robobot/drive/T0/vel' 1770200585.6926 97.4360 0.249 0.248 -0.0075 0.249 4
1770200585.6937 0 'robobot/drive/T0/mvel' 1770200585.6937 0.249 0.248
1770200585.6938 0 'robobot/drive/T0/pose' 1770200585.6937 97.4380 0.254 0.000 -0.0000 -2.6977
1770200585.6960 0 'robobot/drive/T0/gyro' 1770200585.6959 -0.419006 -0.503540 1.083435 97.440
1770200585.6960 0 'robobot/drive/T0/acc' 1770200585.6960 0.431396 0.018066 0.862305 97.440
1770200585.6961 0 'robobot/drive/T0/livn' 1770200585.6960 24 22 31 61 65 37 28 33 265
1770200585.6993 0 'robobot/drive/T0/pose' 1770200585.6993 97.4430 0.255 0.000 -0.0012 -2.6977
1770200585.7005 0 'robobot/drive/T0/vel' 1770200585.7004 97.4440 0.250 0.250 0.0001 0.250 4
1770200585.7011 0 'robobot/drive/T0/mvel' 1770200585.7011 0.250 0.250
1770200585.7047 0 'robobot/drive/T0/pose' 1770200585.7047 97.4480 0.256 0.000 -0.0012 -2.6976
1770200585.7048 0 'robobot/drive/T0/ird' 1770200585.7047 0.084 0.190 22310 10716 1
1770200585.7059 0 'robobot/drive/T0/mca' 1770200585.7059 0.194 0.151 17
1770200585.7060 0 'robobot/drive/T0/livn' 1770200585.7059 24 22 30 61 65 37 28 33 270
1770200585.7081 0 'robobot/drive/T0/vel' 1770200585.7081 97.4520 0.253 0.253 0.0004 0.253 4
1770200585.7082 0 'robobot/drive/T0/gyro' 1770200585.7081 0.740662 0.747681 1.022400 97.452
1770200585.7083 0 'robobot/drive/T0/acc' 1770200585.7082 0.423340 -0.008545 0.854248 97.452
1770200585.7085 0 'robobot/drive/T0/mvel' 1770200585.7085 0.253 0.253
1770200585.7094 0 'robobot/drive/T0/pose' 1770200585.7093 97.4530 0.258 0.000 -0.0000 -2.6975
1770200585.7126 0 'robobot/drive/T0/liv' 1770200585.7126 21 18 24 46 55 38 21 18 25
1770200585.7138 0 'robobot/drive/T0/pose' 1770200585.7137 97.4580 0.259 0.000 -0.0000 -2.6975
1770200585.7149 0 'robobot/drive/T0/mot' 1770200585.7148 1.9 2 0.1 0.1 0
1770200585.7160 0 'robobot/drive/T0/vel' 1770200585.7159 97.4600 0.251 0.250 -0.0028 0.251 4
1770200585.7161 0 'robobot/drive/T0/livn' 1770200585.7160 24 22 30 61 65 37 28 33 275
1770200585.7169 0 'robobot/drive/T0/mvel' 1770200585.7169 0.251 0.250
1770200585.7193 0 'robobot/drive/T0/pose' 1770200585.7192 97.4630 0.260 0.000 -0.0012 -2.6973
1770200585.7204 0 'robobot/drive/T0/gyro' 1770200585.7204 0.588074 0.411987 0.930847 97.464
1770200585.7205 0 'robobot/drive/T0/acc' 1770200585.7204 0.462402 -0.009277 0.925293 97.464
1770200585.7237 0 'robobot/drive/T0/vel' 1770200585.7237 97.4680 0.252 0.250 -0.0050 0.252 4
1770200585.7238 0 'robobot/drive/T0/pose' 1770200585.7237 97.4680 0.261 0.000 -0.0012 -2.6973
1770200585.7243 0 'robobot/drive/T0/mvel' 1770200585.7243 0.252 0.250
1770200585.7260 0 'robobot/drive/T0/livn' 1770200585.7259 24 22 30 60 65 37 28 33 280
1770200585.7293 0 'robobot/drive/T0/pose' 1770200585.7292 97.4730 0.263 0.000 -0.0012 -2.6973
1770200585.7293 0 'robobot/drive/T0/ird' 1770200585.7293 0.075 0.192 24795 10660 1
1770200585.7326 0 'robobot/drive/T0/vel' 1770200585.7325 97.4760 0.248 0.249 0.0082 0.248 4
1770200585.7327 0 'robobot/drive/T0/gyro' 1770200585.7326 -0.266418 -0.411987 0.900330 97.476
1770200585.7328 0 'robobot/drive/T0/acc' 1770200585.7327 0.432129 -0.004150 0.843994 97.476
1770200585.7331 0 'robobot/drive/T0/mvel' 1770200585.7331 0.248 0.249
1770200585.7339 0 'robobot/drive/T0/pose' 1770200585.7339 97.4780 0.264 0.000 -0.0012 -2.6972
1770200585.7362 0 'robobot/drive/T0/livn' 1770200585.7361 24 22 30 60 65 37 28 33 285
1770200585.7384 0 'robobot/drive/T0/mca' 1770200585.7383 0.191 0.153 16
1770200585.7395 0 'robobot/drive/T0/pose' 1770200585.7394 97.4830 0.265 0.000 -0.0012 -2.6971
1770200585.7407 0 'robobot/drive/T0/vel' 1770200585.7406 97.4840 0.252 0.252 0.0013 0.252 4
1770200585.7408 0 'robobot/drive/T0/mvel' 1770200585.7408 0.252 0.252
1770200585.7439 0 'robobot/drive/T0/gyro' 1770200585.7438 1.320496 0.534058 1.052917 97.488
1770200585.7440 0 'robobot/drive/T0/acc' 1770200585.7439 0.441406 -0.018066 0.892090 97.488
1770200585.7440 0 'robobot/drive/T0/pose' 1770200585.7440 97.4880 0.266 0.000 -0.0000 -2.6971
1770200585.7462 0 'robobot/drive/T0/livn' 1770200585.7462 24 22 31 60 64 37 28 33 290
1770200585.7484 0 'robobot/drive/T0/vel' 1770200585.7483 97.4920 0.252 0.251 -0.0057 0.252 4
1770200585.7485 0 'robobot/drive/T0/mot' 1770200585.7484 1.9 2 0.1 0.1 0
1770200585.7493 0 'robobot/drive/T0/mvel' 1770200585.7493 0.252 0.251
1770200585.7496 0 'robobot/drive/T0/pose' 1770200585.7495 97.4930 0.268 0.000 -0.0012 -2.6970
1770200585.7539 0 'robobot/drive/T0/pose' 1770200585.7538 97.4980 0.269 0.000 -0.0012 -2.6970
1770200585.7539 0 'robobot/drive/T0/ird' 1770200585.7539 0.073 0.189 25688 10776 1
1770200585.7561 0 'robobot/drive/T0/vel' 1770200585.7561 97.5000 0.252 0.249 -0.0115 0.252 4
1770200585.7562 0 'robobot/drive/T0/gyro' 1770200585.7561 0.893250 0.076294 0.839294 97.500
1770200585.7563 0 'robobot/drive/T0/acc' 1770200585.7562 0.436523 -0.012939 0.904053 97.500
1770200585.7563 0 'robobot/drive/T0/livn' 1770200585.7563 24 22 31 60 64 37 28 33 295
1770200585.7567 0 'robobot/drive/T0/mvel' 1770200585.7567 0.252 0.249
1770200585.7596 0 'robobot/drive/T0/pose' 1770200585.7595 97.5030 0.270 0.000 -0.0012 -2.6970
1770200585.7628 0 'robobot/drive/T0/liv' 1770200585.7627 20 23 33 44 52 37 30 25 25
1770200585.7639 0 'robobot/drive/T0/vel' 1770200585.7638 97.5080 0.249 0.248 -0.0046 0.249 4
1770200585.7640 0 'robobot/drive/T0/pose' 1770200585.7639 97.5080 0.271 0.000 -0.0012 -2.6969
1770200585.7641 0 'robobot/drive/T0/mvel' 1770200585.7641 0.249 0.248
1770200585.7651 0 'robobot/drive/T0/hbt' 1770200585.7650 97.5090 107 1033 15.63 4 8 9.0 0.48 0
1770200585.7663 0 'robobot/drive/T0/livn' 1770200585.7662 24 22 31 60 64 37 28 33 300
1770200585.7684 0 'robobot/drive/T0/gyro' 1770200585.7684 0.466003 -0.411987 1.144470 97.512
1770200585.7685 0 'robobot/drive/T0/acc' 1770200585.7684 0.426758 0.003174 0.874756 97.512
1770200585.7696 0 'robobot/drive/T0/pose' 1770200585.7696 97.5130 0.273 0.000 -0.0012 -2.6969
1770200585.7718 0 'robobot/drive/T0/mca' 1770200585.7717 0.199 0.153 17
1770200585.7719 0 'robobot/drive/T0/vel' 1770200585.7718 97.5160 0.249 0.250 0.0040 0.249 4
1770200585.7726 0 'robobot/drive/T0/mvel' 1770200585.7726 0.249 0.250
1770200585.7741 0 'robobot/drive/T0/pose' 1770200585.7740 97.5180 0.274 0.000 -0.0012 -2.6969
1770200585.7762 0 'robobot/drive/T0/livn' 1770200585.7762 22 19 29 64 72 45 27 35 4
1770200585.7795 0 'robobot/drive/T0/pose' 1770200585.7794 97.5230 0.275 0.000 -0.0000 -2.6969
1770200585.7795 0 'robobot/drive/T0/ird' 1770200585.7795 0.072 0.189 25945 10768 1
1770200585.7807 0 'robobot/drive/T0/vel' 1770200585.7806 97.5240 0.252 0.253 0.0051 0.252 4
1770200585.7807 0 'robobot/drive/T0/gyro' 1770200585.7807 1.625671 0.564575 1.876892 97.524
1770200585.7808 0 'robobot/drive/T0/acc' 1770200585.7807 0.395996 -0.031250 0.872803 97.524
1770200585.7811 0 'robobot/drive/T0/mvel' 1770200585.7811 0.252 0.253
1770200585.7819 0 'robobot/drive/T0/mot' 1770200585.7819 2 2 0.1 0.1 0
1770200585.7841 0 'robobot/drive/T0/pose' 1770200585.7840 97.5280 0.276 0.000 -0.0012 -2.6969
1770200585.7863 0 'robobot/drive/T0/livn' 1770200585.7862 17 15 31 67 73 38 27 36 9
1770200585.7885 0 'robobot/drive/T0/vel' 1770200585.7884 97.5320 0.249 0.250 0.0035 0.249 4
1770200585.7895 0 'robobot/drive/T0/mvel' 1770200585.7895 0.249 0.250
1770200585.7896 0 'robobot/drive/T0/pose' 1770200585.7895 97.5330 0.278 0.000 -0.0012 -2.6968
1770200585.7918 0 'robobot/drive/T0/gyro' 1770200585.7917 1.137390 0.106812 2.395691 97.536
1770200585.7919 0 'robobot/drive/T0/acc' 1770200585.7918 0.463867 0.003906 0.920410 97.536
1770200585.7941 0 'robobot/drive/T0/pose' 1770200585.7940 97.5380 0.279 0.000 -0.0000 -2.6968
1770200585.7962 0 'robobot/drive/T0/vel' 1770200585.7962 97.5400 0.252 0.251 -0.0044 0.252 4
1770200585.7963 0 'robobot/drive/T0/livn' 1770200585.7962 21 17 31 65 69 37 26 36 14
1770200585.7969 0 'robobot/drive/T0/mvel' 1770200585.7969 0.252 0.251
1770200585.7995 0 'robobot/drive/T0/pose' 1770200585.7995 97.5430 0.280 0.000 -0.0012 -2.6967
1770200585.8038 0 'robobot/drive/T0/vel' 1770200585.8038 97.5480 0.247 0.250 0.0165 0.247 4
1770200585.8039 0 'robobot/drive/T0/gyro' 1770200585.8038 0.282898 -0.259399 2.548279 97.548
1770200585.8040 0 'robobot/drive/T0/acc' 1770200585.8039 0.411377 0.000977 0.830811 97.548
1770200585.8040 0 'robobot/drive/T0/pose' 1770200585.8040 97.5480 0.281 0.000 -0.0012 -2.6967
1770200585.8041 0 'robobot/drive/T0/ird' 1770200585.8040 0.072 0.192 26016 10635 1
1770200585.8041 0 'robobot/drive/T0/mca' 1770200585.8041 0.198 0.152 16
1770200585.8043 0 'robobot/drive/T0/mvel' 1770200585.8043 0.247 0.250
1770200585.8063 0 'robobot/drive/T0/livn' 1770200585.8062 22 19 30 64 67 38 26 36 19
1770200585.8095 0 'robobot/drive/T0/pose' 1770200585.8095 97.5530 0.283 0.000 -0.0000 -2.6966
1770200585.8117 0 'robobot/drive/T0/vel' 1770200585.8116 97.5560 0.252 0.252 -0.0003 0.252 4
1770200585.8127 0 'robobot/drive/T0/mvel' 1770200585.8127 0.252 0.252
1770200585.8128 0 'robobot/drive/T0/liv' 1770200585.8128 18 20 29 50 60 37 26 26 25
1770200585.8140 0 'robobot/drive/T0/pose' 1770200585.8139 97.5580 0.284 0.000 -0.0000 -2.6966
1770200585.8140 0 'robobot/drive/T0/mot' 1770200585.8140 1.9 2 0.1 0.1 0
1770200585.8162 0 'robobot/drive/T0/gyro' 1770200585.8161 2.052917 0.656128 2.487244 97.560
1770200585.8163 0 'robobot/drive/T0/acc' 1770200585.8162 0.460938 -0.028320 0.919434 97.560
1770200585.8163 0 'robobot/drive/T0/livn' 1770200585.8163 23 21 30 63 66 37 29 37 24
1770200585.8196 0 'robobot/drive/T0/pose' 1770200585.8195 97.5630 0.285 0.000 -0.0012 -2.6965
1770200585.8196 0 'robobot/drive/T0/vel' 1770200585.8196 97.5640 0.251 0.251 -0.0036 0.251 4
1770200585.8201 0 'robobot/drive/T0/mvel' 1770200585.8201 0.251 0.251
1770200585.8239 0 'robobot/drive/T0/pose' 1770200585.8239 97.5680 0.286 0.000 -0.0012 -2.6964
1770200585.8261 0 'robobot/drive/T0/livn' 1770200585.8261 22 20 28 61 66 38 29 37 29
1770200585.8283 0 'robobot/drive/T0/vel' 1770200585.8282 97.5720 0.252 0.249 -0.0163 0.252 4
1770200585.8284 0 'robobot/drive/T0/gyro' 1770200585.8283 0.984802 0.106812 3.402771 97.572
1770200585.8284 0 'robobot/drive/T0/acc' 1770200585.8284 0.429688 -0.025635 0.875732 97.572
1770200585.8286 0 'robobot/drive/T0/mvel' 1770200585.8286 0.252 0.249
1770200585.8296 0 'robobot/drive/T0/pose' 1770200585.8295 97.5730 0.288 0.000 -0.0000 -2.6964
1770200585.8296 0 'robobot/drive/T0/ird' 1770200585.8296 0.073 0.190 25640 10719 1
1770200585.8339 0 'robobot/drive/T0/pose' 1770200585.8338 97.5780 0.289 0.000 -0.0012 -2.6963
1770200585.8357 0 'robobot/drive/master' 1770200585.8355 2026-02-04 11:23:03.813786
1770200585.8361 0 'robobot/drive/T0/vel' 1770200585.8360 97.5800 0.249 0.249 -0.0037 0.249 4
1770200585.8362 0 'robobot/drive/T0/livn' 1770200585.8361 22 20 28 60 66 38 29 36 34
1770200585.8371 0 'robobot/drive/T0/mvel' 1770200585.8371 0.249 0.249
1770200585.8373 0 'robobot/drive/T0/mca' 1770200585.8372 0.199 0.151 17
1770200585.8395 0 'robobot/drive/T0/pose' 1770200585.8394 97.5830 0.290 0.000 -0.0012 -2.6963
1770200585.8406 0 'robobot/drive/T0/gyro' 1770200585.8405 1.747742 -0.015259 3.677429 97.584
1770200585.8407 0 'robobot/drive/T0/acc' 1770200585.8406 0.429932 0.006592 0.867676 97.584
1770200585.8439 0 'robobot/drive/T0/vel' 1770200585.8439 97.5880 0.249 0.251 0.0095 0.249 4
1770200585.8440 0 'robobot/drive/T0/pose' 1770200585.8439 97.5880 0.291 0.000 -0.0000 -2.6962
1770200585.8445 0 'robobot/drive/T0/mvel' 1770200585.8445 0.249 0.251
1770200585.8462 0 'robobot/drive/T0/livn' 1770200585.8461 22 21 30 60 66 37 29 35 39
1770200585.8473 0 'robobot/drive/T0/mot' 1770200585.8472 2 2 0.1 0.1 0
1770200585.8495 0 'robobot/drive/T0/pose' 1770200585.8494 97.5930 0.293 0.000 -0.0000 -2.6962
1770200585.8516 0 'robobot/drive/T0/vel' 1770200585.8516 97.5960 0.253 0.254 0.0036 0.253 4
1770200585.8517 0 'robobot/drive/T0/gyro' 1770200585.8517 3.090515 1.205444 4.318298 97.596
1770200585.8518 0 'robobot/drive/T0/acc' 1770200585.8517 0.420898 -0.035889 0.896729 97.596
1770200585.8519 0 'robobot/drive/T0/mvel' 1770200585.8519 0.253 0.254
1770200585.8540 0 'robobot/drive/T0/pose' 1770200585.8539 97.5980 0.294 0.000 -0.0012 -2.6961
1770200585.8540 0 'robobot/drive/T0/ird' 1770200585.8540 0.082 0.191 22815 10670 1
1770200585.8562 0 'robobot/drive/T0/livn' 1770200585.8562 23 21 30 61 66 36 29 34 44
1770200585.8595 0 'robobot/drive/T0/pose' 1770200585.8594 97.6030 0.295 0.000 -0.0012 -2.6960
1770200585.8606 0 'robobot/drive/T0/vel' 1770200585.8605 97.6040 0.250 0.251 0.0031 0.250 4
1770200585.8614 0 'robobot/drive/T0/mvel' 1770200585.8614 0.250 0.251
1770200585.8627 0 'robobot/drive/T0/liv' 1770200585.8627 17 18 27 46 58 36 27 20 25
1770200585.8639 0 'robobot/drive/T0/gyro' 1770200585.8638 2.937927 0.625610 4.928650 97.608
1770200585.8639 0 'robobot/drive/T0/acc' 1770200585.8639 0.436768 -0.026123 0.884033 97.608
1770200585.8640 0 'robobot/drive/T0/pose' 1770200585.8639 97.6080 0.296 0.000 -0.0000 -2.6960
1770200585.8662 0 'robobot/drive/T0/livn' 1770200585.8661 23 21 30 61 65 37 29 33 49
1770200585.8684 0 'robobot/drive/T0/vel' 1770200585.8683 97.6120 0.252 0.249 -0.0133 0.252 4
1770200585.8688 0 'robobot/drive/T0/mvel' 1770200585.8688 0.252 0.249
1770200585.8695 0 'robobot/drive/T0/pose' 1770200585.8694 97.6130 0.298 0.000 -0.0012 -2.6959
1770200585.8706 0 'robobot/drive/T0/mca' 1770200585.8706 0.196 0.148 16
1770200585.8738 0 'robobot/drive/T0/pose' 1770200585.8738 97.6180 0.299 0.000 -0.0012 -2.6959
1770200585.8760 0 'robobot/drive/T0/vel' 1770200585.8759 97.6200 0.247 0.250 0.0128 0.247 4
1770200585.8760 0 'robobot/drive/T0/gyro' 1770200585.8760 2.663269 0.198364 5.813660 97.620
1770200585.8761 0 'robobot/drive/T0/acc' 1770200585.8761 0.400146 -0.008057 0.848633 97.620
1770200585.8762 0 'robobot/drive/T0/livn' 1770200585.8761 23 21 30 61 66 38 29 33 54
1770200585.8762 0 'robobot/drive/T0/mvel' 1770200585.8762 0.247 0.250
1770200585.8794 0 'robobot/drive/T0/pose' 1770200585.8794 97.6230 0.300 0.000 -0.0000 -2.6958
1770200585.8795 0 'robobot/drive/T0/ird' 1770200585.8794 0.094 0.188 20088 10845 1
1770200585.8806 0 'robobot/drive/T0/mot' 1770200585.8805 2 2 0.1 0.1 0
1770200585.8838 0 'robobot/drive/T0/vel' 1770200585.8838 97.6280 0.251 0.251 0.0004 0.251 4
1770200585.8839 0 'robobot/drive/T0/pose' 1770200585.8838 97.6280 0.301 0.000 -0.0000 -2.6958
1770200585.8847 0 'robobot/drive/T0/mvel' 1770200585.8846 0.251 0.251
1770200585.8861 0 'robobot/drive/T0/livn' 1770200585.8860 24 22 30 61 66 38 28 33 59
1770200585.8883 0 'robobot/drive/T0/gyro' 1770200585.8882 4.128113 1.113892 6.027283 97.632
1770200585.8883 0 'robobot/drive/T0/acc' 1770200585.8883 0.418457 -0.014648 0.924316 97.632
1770200585.8895 0 'robobot/drive/T0/pose' 1770200585.8894 97.6330 0.303 0.000 -0.0012 -2.6957
1770200585.8918 0 'robobot/drive/T0/vel' 1770200585.8916 97.6360 0.251 0.250 -0.0036 0.251 4
1770200585.8921 0 'robobot/drive/T0/mvel' 1770200585.8921 0.251 0.250
1770200585.8940 0 'robobot/drive/T0/pose' 1770200585.8939 97.6380 0.304 0.000 -0.0012 -2.6957
1770200585.8961 0 'robobot/drive/T0/livn' 1770200585.8961 24 22 30 62 66 38 28 33 64
1770200585.8994 0 'robobot/drive/T0/pose' 1770200585.8993 97.6430 0.305 0.000 -0.0012 -2.6956
1770200585.9006 0 'robobot/drive/T0/vel' 1770200585.9005 97.6440 0.253 0.249 -0.0177 0.253 4
1770200585.9006 0 'robobot/drive/T0/gyro' 1770200585.9006 2.480164 0.167847 6.576599 97.644
1770200585.9007 0 'robobot/drive/T0/acc' 1770200585.9006 0.429443 -0.000244 0.875000 97.644
1770200585.9016 0 'robobot/drive/T0/mvel' 1770200585.9015 0.253 0.249
1770200585.9039 0 'robobot/drive/T0/mca' 1770200585.9039 0.195 0.153 17
1770200585.9040 0 'robobot/drive/T0/pose' 1770200585.9039 97.6480 0.306 0.000 -0.0012 -2.6955
1770200585.9041 0 'robobot/drive/T0/ird' 1770200585.9040 0.104 0.188 18377 10839 1
1770200585.9063 0 'robobot/drive/T0/livn' 1770200585.9062 24 22 31 62 65 38 28 34 69
1770200585.9084 0 'robobot/drive/T0/vel' 1770200585.9084 97.6520 0.249 0.248 -0.0048 0.249 4
1770200585.9090 0 'robobot/drive/T0/mvel' 1770200585.9090 0.249 0.248
1770200585.9096 0 'robobot/drive/T0/pose' 1770200585.9095 97.6530 0.308 0.000 -0.0012 -2.6954
1770200585.9118 0 'robobot/drive/T0/gyro' 1770200585.9117 2.815857 0.564575 6.729187 97.656
1770200585.9118 0 'robobot/drive/T0/acc' 1770200585.9118 0.425781 0.018311 0.848145 97.656
1770200585.9119 0 'robobot/drive/T0/liv' 1770200585.9118 20 24 32 49 56 37 24 25 25
1770200585.9130 0 'robobot/drive/T0/mot' 1770200585.9130 2 2 0.1 0.1 0
1770200585.9141 0 'robobot/drive/T0/pose' 1770200585.9141 97.6580 0.309 0.000 -0.0000 -2.6954
1770200585.9163 0 'robobot/drive/T0/vel' 1770200585.9162 97.6600 0.248 0.251 0.0121 0.248 4
1770200585.9164 0 'robobot/drive/T0/livn' 1770200585.9163 24 23 31 62 64 37 28 35 74
1770200585.9165 0 'robobot/drive/T0/mvel' 1770200585.9165 0.248 0.251
1770200585.9196 0 'robobot/drive/T0/pose' 1770200585.9195 97.6630 0.310 0.000 -0.0012 -2.6952
1770200585.9239 0 'robobot/drive/T0/vel' 1770200585.9238 97.6680 0.252 0.254 0.0099 0.252 4
1770200585.9240 0 'robobot/drive/T0/gyro' 1770200585.9239 3.578796 0.839233 5.081238 97.668
1770200585.9240 0 'robobot/drive/T0/acc' 1770200585.9240 0.450439 0.056641 0.920654 97.668
1770200585.9241 0 'robobot/drive/T0/pose' 1770200585.9240 97.6680 0.311 0.000 -0.0012 -2.6951
1770200585.9241 0 'robobot/drive/T0/mvel' 1770200585.9241 0.252 0.254
1770200585.9263 0 'robobot/drive/T0/livn' 1770200585.9262 24 23 31 61 64 37 29 35 79
1770200585.9296 0 'robobot/drive/T0/pose' 1770200585.9295 97.6730 0.313 0.000 -0.0000 -2.6948
1770200585.9296 0 'robobot/drive/T0/ird' 1770200585.9296 0.107 0.185 17915 10964 1
1770200585.9319 0 'robobot/drive/T0/vel' 1770200585.9318 97.6760 0.250 0.250 -0.0023 0.250 4
1770200585.9327 0 'robobot/drive/T0/mvel' 1770200585.9326 0.250 0.250
1770200585.9341 0 'robobot/drive/T0/pose' 1770200585.9340 97.6780 0.314 0.000 -0.0012 -2.6945
1770200585.9363 0 'robobot/drive/T0/gyro' 1770200585.9362 1.167908 0.503540 1.937927 97.680
1770200585.9364 0 'robobot/drive/T0/acc' 1770200585.9363 0.464111 0.016357 0.727783 97.680
1770200585.9365 0 'robobot/drive/T0/livn' 1770200585.9364 23 23 31 61 64 37 29 34 84
1770200585.9366 0 'robobot/drive/T0/mca' 1770200585.9365 0.194 0.145 16
1770200585.9399 0 'robobot/drive/T0/pose' 1770200585.9398 97.6830 0.315 0.000 -0.0012 -2.6939
1770200585.9400 0 'robobot/drive/T0/vel' 1770200585.9399 97.6840 0.252 0.249 -0.0106 0.252 4
1770200585.9402 0 'robobot/drive/T0/mvel' 1770200585.9401 0.252 0.249
1770200585.9443 0 'robobot/drive/T0/pose' 1770200585.9442 97.6880 0.316 0.000 -0.0012 -2.6938
1770200585.9465 0 'robobot/drive/T0/livn' 1770200585.9464 24 23 31 61 65 37 29 33 89
1770200585.9466 0 'robobot/drive/T0/mot' 1770200585.9465 1.9 2 0.1 0.1 0
1770200585.9477 0 'robobot/drive/T0/vel' 1770200585.9476 97.6920 0.247 0.251 0.0146 0.247 4
1770200585.9478 0 'robobot/drive/T0/gyro' 1770200585.9477 -0.327454 0.228882 -1.388489 97.692
1770200585.9479 0 'robobot/drive/T0/acc' 1770200585.9478 0.445068 0.070801 0.930420 97.692
1770200585.9486 0 'robobot/drive/T0/mvel' 1770200585.9486 0.247 0.251
1770200585.9490 0 'robobot/drive/T0/pose' 1770200585.9489 97.6930 0.318 0.000 -0.0000 -2.6936
1770200585.9544 0 'robobot/drive/T0/pose' 1770200585.9543 97.6980 0.319 0.000 -0.0012 -2.6935
1770200585.9545 0 'robobot/drive/T0/ird' 1770200585.9544 0.104 0.185 18442 11007 1
1770200585.9567 0 'robobot/drive/T0/vel' 1770200585.9566 97.7000 0.251 0.251 0.0027 0.251 4
1770200585.9568 0 'robobot/drive/T0/livn' 1770200585.9567 23 23 31 62 64 38 29 33 94
1770200585.9571 0 'robobot/drive/T0/mvel' 1770200585.9571 0.251 0.251
1770200585.9590 0 'robobot/drive/T0/pose' 1770200585.9589 97.7030 0.320 0.000 -0.0012 -2.6934
1770200585.9601 0 'robobot/drive/T0/gyro' 1770200585.9600 -0.907288 0.167847 -1.052795 97.704
1770200585.9603 0 'robobot/drive/T0/acc' 1770200585.9601 0.419434 -0.022705 0.930908 97.704
1770200585.9625 0 'robobot/drive/T0/liv' 1770200585.9624 17 24 29 48 57 39 30 22 25
1770200585.9647 0 'robobot/drive/T0/vel' 1770200585.9646 97.7080 0.252 0.251 -0.0059 0.252 4
1770200585.9648 0 'robobot/drive/T0/pose' 1770200585.9647 97.7080 0.321 0.000 -0.0000 -2.6934
1770200585.9656 0 'robobot/drive/T0/mvel' 1770200585.9655 0.252 0.251
1770200585.9659 0 'robobot/drive/T0/livn' 1770200585.9658 23 23 31 62 64 38 29 33 99
1770200585.9692 0 'robobot/drive/T0/pose' 1770200585.9691 97.7130 0.323 0.000 -0.0012 -2.6935
1770200585.9692 0 'robobot/drive/T0/mca' 1770200585.9692 0.191 0.151 17
1770200585.9725 0 'robobot/drive/T0/vel' 1770200585.9724 97.7160 0.251 0.248 -0.0148 0.251 4
1770200585.9726 0 'robobot/drive/T0/gyro' 1770200585.9725 -2.189026 -0.015259 0.289978 97.716
1770200585.9727 0 'robobot/drive/T0/acc' 1770200585.9726 0.412109 -0.034668 0.866211 97.716
1770200585.9730 0 'robobot/drive/T0/mvel' 1770200585.9730 0.251 0.248
1770200585.9748 0 'robobot/drive/T0/pose' 1770200585.9748 97.7180 0.324 0.000 -0.0012 -2.6936
1770200585.9760 0 'robobot/drive/T0/livn' 1770200585.9759 24 23 31 62 64 38 29 33 104
1770200585.9792 0 'robobot/drive/T0/pose' 1770200585.9791 97.7230 0.325 0.000 -0.0000 -2.6936
1770200585.9793 0 'robobot/drive/T0/ird' 1770200585.9792 0.098 0.187 19399 10866 1
1770200585.9793 0 'robobot/drive/T0/mot' 1770200585.9793 1.9 2 0.1 0.1 0
1770200585.9804 0 'robobot/drive/T0/vel' 1770200585.9804 97.7240 0.249 0.248 -0.0028 0.249 4
1770200585.9814 0 'robobot/drive/T0/mvel' 1770200585.9814 0.249 0.248
1770200585.9847 0 'robobot/drive/T0/gyro' 1770200585.9847 -0.632629 0.442505 1.602234 97.728
1770200585.9848 0 'robobot/drive/T0/acc' 1770200585.9847 0.414062 -0.019531 0.905518 97.728
1770200585.9849 0 'robobot/drive/T0/pose' 1770200585.9848 97.7280 0.326 0.000 -0.0000 -2.6936
1770200585.9860 0 'robobot/drive/T0/livn' 1770200585.9859 24 24 31 62 64 38 29 33 109
1770200585.9882 0 'robobot/drive/T0/vel' 1770200585.9881 97.7320 0.248 0.250 0.0096 0.248 4
1770200585.9889 0 'robobot/drive/T0/mvel' 1770200585.9888 0.248 0.250
1770200585.9893 0 'robobot/drive/T0/pose' 1770200585.9892 97.7330 0.328 0.000 -0.0012 -2.6936
1770200585.9947 0 'robobot/drive/T0/pose' 1770200585.9946 97.7380 0.329 0.000 -0.0012 -2.6935
1770200585.9958 0 'robobot/drive/T0/vel' 1770200585.9957 97.7400 0.252 0.253 0.0031 0.252 4
1770200585.9959 0 'robobot/drive/T0/gyro' 1770200585.9958 0.404968 0.534058 1.480164 97.740
1770200585.9960 0 'robobot/drive/T0/acc' 1770200585.9959 0.447510 -0.020020 0.916992 97.740
1770200585.9960 0 'robobot/drive/T0/livn' 1770200585.9960 24 23 31 62 64 38 28 33 114
1770200585.9963 0 'robobot/drive/T0/mvel' 1770200585.9963 0.252 0.253
1770200585.9993 0 'robobot/drive/T0/pose' 1770200585.9992 97.7430 0.330 0.000 -0.0000 -2.6934
1770200586.0025 0 'robobot/drive/T0/mca' 1770200586.0024 0.192 0.151 16
1770200586.0047 0 'robobot/drive/T0/vel' 1770200586.0046 97.7480 0.250 0.249 -0.0020 0.250 4
1770200586.0047 0 'robobot/drive/T0/mvel' 1770200586.0047 0.250 0.249
1770200586.0048 0 'robobot/drive/T0/pose' 1770200586.0047 97.7480 0.331 0.000 -0.0012 -2.6933
1770200586.0048 0 'robobot/drive/T0/ird' 1770200586.0048 0.103 0.184 18590 11043 1
1770200586.0060 0 'robobot/drive/T0/livn' 1770200586.0059 24 24 31 62 64 38 28 33 119
1770200586.0081 0 'robobot/drive/T0/gyro' 1770200586.0081 0.588074 0.686646 1.815857 97.752
1770200586.0082 0 'robobot/drive/T0/acc' 1770200586.0081 0.457031 -0.031738 0.890137 97.752
1770200586.0094 0 'robobot/drive/T0/pose' 1770200586.0093 97.7530 0.333 0.000 -0.0012 -2.6932
1770200586.0126 0 'robobot/drive/T0/vel' 1770200586.0125 97.7560 0.252 0.249 -0.0102 0.252 4
1770200586.0127 0 'robobot/drive/T0/liv' 1770200586.0126 22 25 32 47 55 36 23 20 25
1770200586.0127 0 'robobot/drive/T0/mot' 1770200586.0127 1.9 2 0.1 0.1 0
1770200586.0132 0 'robobot/drive/T0/mvel' 1770200586.0132 0.252 0.249
1770200586.0149 0 'robobot/drive/T0/pose' 1770200586.0148 97.7580 0.334 0.000 -0.0000 -2.6932
1770200586.0160 0 'robobot/drive/T0/livn' 1770200586.0160 24 24 31 62 64 38 28 33 124
1770200586.0193 0 'robobot/drive/T0/pose' 1770200586.0192 97.7630 0.335 0.000 -0.0012 -2.6932
1770200586.0204 0 'robobot/drive/T0/vel' 1770200586.0203 97.7640 0.246 0.250 0.0175 0.246 4
1770200586.0205 0 'robobot/drive/T0/gyro' 1770200586.0204 1.595154 0.381470 3.463806 97.764
1770200586.0205 0 'robobot/drive/T0/acc' 1770200586.0205 0.406494 -0.033691 0.843262 97.764
1770200586.0206 0 'robobot/drive/T0/mvel' 1770200586.0206 0.246 0.250
1770200586.0248 0 'robobot/drive/T0/pose' 1770200586.0247 97.7680 0.336 0.000 -0.0012 -2.6931
1770200586.0259 0 'robobot/drive/T0/livn' 1770200586.0259 24 24 31 62 63 38 28 32 129
1770200586.0281 0 'robobot/drive/T0/vel' 1770200586.0281 97.7720 0.251 0.251 0.0031 0.251 4
1770200586.0291 0 'robobot/drive/T0/mvel' 1770200586.0291 0.251 0.251
1770200586.0292 0 'robobot/drive/T0/pose' 1770200586.0292 97.7730 0.338 0.000 -0.0012 -2.6932
1770200586.0293 0 'robobot/drive/T0/ird' 1770200586.0293 0.106 0.185 18000 10987 1
1770200586.0325 0 'robobot/drive/T0/gyro' 1770200586.0325 2.510681 1.144409 5.813660 97.776
1770200586.0326 0 'robobot/drive/T0/acc' 1770200586.0325 0.447754 -0.035156 0.959717 97.776
1770200586.0348 0 'robobot/drive/T0/pose' 1770200586.0347 97.7780 0.339 0.000 -0.0012 -2.6932
1770200586.0359 0 'robobot/drive/T0/mca' 1770200586.0359 0.190 0.150 17
1770200586.0360 0 'robobot/drive/T0/vel' 1770200586.0359 97.7800 0.252 0.250 -0.0065 0.252 4
1770200586.0361 0 'robobot/drive/T0/livn' 1770200586.0360 25 24 31 62 64 38 29 32 134
1770200586.0365 0 'robobot/drive/T0/mvel' 1770200586.0365 0.252 0.250
1770200586.0393 0 'robobot/drive/T0/pose' 1770200586.0392 97.7830 0.340 0.000 -0.0012 -2.6930
1770200586.0447 0 'robobot/drive/T0/vel' 1770200586.0446 97.7880 0.252 0.247 -0.0229 0.252 4
1770200586.0448 0 'robobot/drive/T0/gyro' 1770200586.0447 1.778259 0.869751 7.949890 97.788
1770200586.0448 0 'robobot/drive/T0/acc' 1770200586.0448 0.431641 -0.018066 0.854248 97.788
1770200586.0449 0 'robobot/drive/T0/pose' 1770200586.0448 97.7880 0.341 0.000 -0.0012 -2.6929
1770200586.0449 0 'robobot/drive/T0/mot' 1770200586.0449 1.9 2 0.1 0.1 0
1770200586.0450 0 'robobot/drive/T0/mvel' 1770200586.0450 0.252 0.247
1770200586.0461 0 'robobot/drive/T0/livn' 1770200586.0460 25 24 31 61 63 38 29 32 139
1770200586.0493 0 'robobot/drive/T0/pose' 1770200586.0492 97.7930 0.343 0.000 -0.0012 -2.6927
1770200586.0525 0 'robobot/drive/T0/vel' 1770200586.0525 97.7960 0.249 0.248 -0.0050 0.249 4
1770200586.0534 0 'robobot/drive/T0/mvel' 1770200586.0534 0.249 0.248
1770200586.0547 0 'robobot/drive/T0/pose' 1770200586.0546 97.7980 0.344 0.000 -0.0012 -2.6926
1770200586.0548 0 'robobot/drive/T0/ird' 1770200586.0547 0.110 0.184 17531 11027 1
1770200586.0559 0 'robobot/drive/T0/gyro' 1770200586.0558 2.632751 1.907349 9.506287 97.800
1770200586.0560 0 'robobot/drive/T0/acc' 1770200586.0559 0.420654 -0.009766 0.863770 97.800
1770200586.0560 0 'robobot/drive/T0/livn' 1770200586.0560 25 24 31 61 63 38 29 32 144
1770200586.0593 0 'robobot/drive/T0/pose' 1770200586.0592 97.8030 0.345 0.000 -0.0012 -2.6924
1770200586.0604 0 'robobot/drive/T0/vel' 1770200586.0603 97.8040 0.249 0.250 0.0050 0.249 4
1770200586.0608 0 'robobot/drive/T0/mvel' 1770200586.0608 0.249 0.250
1770200586.0626 0 'robobot/drive/T0/liv' 1770200586.0625 23 20 29 44 55 39 29 20 25
1770200586.0648 0 'robobot/drive/T0/pose' 1770200586.0647 97.8080 0.346 0.000 -0.0012 -2.6923
1770200586.0659 0 'robobot/drive/T0/livn' 1770200586.0658 25 24 31 61 63 38 29 32 149
1770200586.0681 0 'robobot/drive/T0/vel' 1770200586.0680 97.8120 0.253 0.254 0.0044 0.253 4
1770200586.0682 0 'robobot/drive/T0/gyro' 1770200586.0681 4.189148 2.426147 11.093201 97.812
1770200586.0682 0 'robobot/drive/T0/acc' 1770200586.0682 0.428955 -0.018555 0.901611 97.812
1770200586.0683 0 'robobot/drive/T0/mvel' 1770200586.0682 0.253 0.254
1770200586.0683 0 'robobot/drive/T0/mca' 1770200586.0682 0.192 0.153 16
1770200586.0694 0 'robobot/drive/T0/pose' 1770200586.0693 97.8130 0.348 0.000 -0.0012 -2.6920
1770200586.0748 0 'robobot/drive/T0/pose' 1770200586.0747 97.8180 0.349 0.000 -0.0012 -2.6919
1770200586.0759 0 'robobot/drive/T0/vel' 1770200586.0758 97.8200 0.250 0.252 0.0066 0.250 4
1770200586.0759 0 'robobot/drive/T0/livn' 1770200586.0759 25 24 31 61 63 38 29 32 154
1770200586.0767 0 'robobot/drive/T0/mvel' 1770200586.0767 0.250 0.252
1770200586.0781 0 'robobot/drive/T0/mot' 1770200586.0781 1.9 2 0.1 0.1 0
1770200586.0792 0 'robobot/drive/T0/pose' 1770200586.0792 97.8230 0.350 0.000 -0.0012 -2.6917
1770200586.0793 0 'robobot/drive/T0/ird' 1770200586.0793 0.111 0.185 17356 10988 1
1770200586.0805 0 'robobot/drive/T0/gyro' 1770200586.0804 3.212585 1.388550 12.161316 97.824
1770200586.0805 0 'robobot/drive/T0/acc' 1770200586.0805 0.449463 -0.011230 0.905518 97.824
1770200586.0838 0 'robobot/drive/T0/vel' 1770200586.0837 97.8280 0.253 0.250 -0.0134 0.253 4
1770200586.0841 0 'robobot/drive/T0/mvel' 1770200586.0841 0.253 0.250
1770200586.0849 0 'robobot/drive/T0/pose' 1770200586.0848 97.8280 0.351 0.000 -0.0000 -2.6916
1770200586.0860 0 'robobot/drive/T0/livn' 1770200586.0860 24 23 32 62 63 38 29 32 159
1770200586.0893 0 'robobot/drive/T0/pose' 1770200586.0892 97.8330 0.353 0.000 -0.0012 -2.6913
1770200586.0925 0 'robobot/drive/T0/vel' 1770200586.0924 97.8360 0.246 0.250 0.0157 0.246 4
1770200586.0926 0 'robobot/drive/T0/gyro' 1770200586.0925 3.853455 1.632690 14.236511 97.836
1770200586.0926 0 'robobot/drive/T0/mvel' 1770200586.0926 0.246 0.250
1770200586.0927 0 'robobot/drive/T0/acc' 1770200586.0926 0.423584 -0.048828 0.822998 97.836
1770200586.0948 0 'robobot/drive/T0/pose' 1770200586.0948 97.8380 0.354 0.000 -0.0012 -2.6912
1770200586.0960 0 'robobot/drive/T0/livn' 1770200586.0959 24 23 32 62 63 38 29 33 164
1770200586.0992 0 'robobot/drive/T0/pose' 1770200586.0991 97.8430 0.355 0.000 -0.0000 -2.6909
1770200586.1003 0 'robobot/drive/T0/vel' 1770200586.1003 97.8440 0.250 0.251 0.0013 0.250 4
1770200586.1011 0 'robobot/drive/T0/mvel' 1770200586.1010 0.250 0.251
1770200586.1014 0 'robobot/drive/T0/mca' 1770200586.1014 0.191 0.146 17
1770200586.1047 0 'robobot/drive/T0/gyro' 1770200586.1046 5.867615 3.128052 15.029968 97.848
1770200586.1047 0 'robobot/drive/T0/acc' 1770200586.1047 0.463867 -0.048340 0.928467 97.848
1770200586.1048 0 'robobot/drive/T0/pose' 1770200586.1047 97.8480 0.356 0.000 -0.0012 -2.6908
1770200586.1049 0 'robobot/drive/T0/ird' 1770200586.1048 0.111 0.185 17358 11006 1
1770200586.1060 0 'robobot/drive/T0/livn' 1770200586.1059 24 23 32 62 63 37 29 32 169
1770200586.1082 0 'robobot/drive/T0/vel' 1770200586.1081 97.8520 0.251 0.249 -0.0088 0.251 4
1770200586.1085 0 'robobot/drive/T0/mvel' 1770200586.1085 0.251 0.249
1770200586.1093 0 'robobot/drive/T0/pose' 1770200586.1092 97.8530 0.358 0.000 -0.0012 -2.6905
1770200586.1115 0 'robobot/drive/T0/mot' 1770200586.1114 1.9 2 0.1 0.1 0
1770200586.1126 0 'robobot/drive/T0/liv' 1770200586.1125 15 19 38 54 57 34 27 24 25
1770200586.1148 0 'robobot/drive/T0/pose' 1770200586.1147 97.8580 0.359 0.000 -0.0012 -2.6902
1770200586.1159 0 'robobot/drive/T0/vel' 1770200586.1158 97.8600 0.251 0.248 -0.0162 0.251 4
1770200586.1160 0 'robobot/drive/T0/gyro' 1770200586.1159 5.135193 2.029419 15.152039 97.860
1770200586.1160 0 'robobot/drive/T0/acc' 1770200586.1160 0.419189 -0.043457 0.841553 97.860
1770200586.1161 0 'robobot/drive/T0/livn' 1770200586.1160 24 23 32 62 63 37 29 32 174
1770200586.1169 0 'robobot/drive/T0/mvel' 1770200586.1169 0.251 0.248
1770200586.1193 0 'robobot/drive/T0/pose' 1770200586.1193 97.8630 0.360 0.000 -0.0012 -2.6899
1770200586.1247 0 'robobot/drive/T0/vel' 1770200586.1246 97.8680 0.249 0.249 -0.0012 0.249 4
1770200586.1248 0 'robobot/drive/T0/pose' 1770200586.1247 97.8680 0.361 0.000 -0.0012 -2.6897
1770200586.1254 0 'robobot/drive/T0/mvel' 1770200586.1254 0.249 0.249
1770200586.1259 0 'robobot/drive/T0/livn' 1770200586.1259 25 23 32 62 64 37 29 32 179
1770200586.1282 0 'robobot/drive/T0/gyro' 1770200586.1281 7.362976 3.402710 15.976013 97.872
1770200586.1282 0 'robobot/drive/T0/acc' 1770200586.1282 0.445557 -0.057861 0.876953 97.872
1770200586.1294 0 'robobot/drive/T0/pose' 1770200586.1293 97.8730 0.363 0.000 -0.0012 -2.6894
1770200586.1295 0 'robobot/drive/T0/ird' 1770200586.1294 0.110 0.182 17438 11120 1
1770200586.1327 0 'robobot/drive/T0/vel' 1770200586.1326 97.8760 0.247 0.250 0.0102 0.247 4
1770200586.1330 0 'robobot/drive/T0/mvel' 1770200586.1330 0.247 0.250
1770200586.1350 0 'robobot/drive/T0/pose' 1770200586.1349 97.8780 0.364 0.000 -0.0012 -2.6892
1770200586.1350 0 'robobot/drive/T0/mca' 1770200586.1350 0.198 0.154 16
1770200586.1362 0 'robobot/drive/T0/livn' 1770200586.1361 25 23 32 62 64 37 29 32 184
1770200586.1395 0 'robobot/drive/T0/pose' 1770200586.1394 97.8830 0.365 0.000 -0.0012 -2.6889
1770200586.1407 0 'robobot/drive/T0/vel' 1770200586.1406 97.8840 0.251 0.252 0.0032 0.251 4
1770200586.1408 0 'robobot/drive/T0/gyro' 1770200586.1407 9.010925 3.036499 17.410339 97.884
1770200586.1409 0 'robobot/drive/T0/acc' 1770200586.1408 0.389893 -0.078369 0.897461 97.884
1770200586.1418 0 'robobot/drive/T0/mvel' 1770200586.1417 0.251 0.252
1770200586.1442 0 'robobot/drive/T0/mot' 1770200586.1440 1.9 2 0.1 0.1 0
1770200586.1444 0 'robobot/drive/T0/pose' 1770200586.1442 97.8880 0.366 0.000 -0.0012 -2.6888
1770200586.1466 0 'robobot/drive/T0/livn' 1770200586.1466 25 23 32 62 64 38 29 32 189
1770200586.1478 0 'robobot/drive/T0/vel' 1770200586.1477 97.8920 0.249 0.251 0.0075 0.249 4
1770200586.1482 0 'robobot/drive/T0/mvel' 1770200586.1482 0.249 0.251
1770200586.1500 0 'robobot/drive/T0/pose' 1770200586.1499 97.8930 0.368 0.000 -0.0000 -2.6885
1770200586.1522 0 'robobot/drive/T0/gyro' 1770200586.1521 9.377136 2.975464 19.912781 97.896
1770200586.1523 0 'robobot/drive/T0/acc' 1770200586.1522 0.423096 -0.047852 0.852783 97.896
1770200586.1546 0 'robobot/drive/T0/pose' 1770200586.1544 97.8980 0.369 0.000 -0.0012 -2.6883
1770200586.1546 0 'robobot/drive/T0/ird' 1770200586.1546 0.111 0.182 17384 11137 1
1770200586.1559 0 'robobot/drive/T0/vel' 1770200586.1557 97.9000 0.250 0.249 -0.0007 0.250 4
1770200586.1559 0 'robobot/drive/T0/mvel' 1770200586.1558 0.250 0.249
1770200586.1560 0 'robobot/drive/T0/livn' 1770200586.1559 25 23 32 62 64 38 29 32 194
1770200586.1592 0 'robobot/drive/T0/pose' 1770200586.1591 97.9030 0.370 0.000 -0.0012 -2.6881
1770200586.1625 0 'robobot/drive/T0/liv' 1770200586.1624 24 20 28 49 65 37 24 19 25
1770200586.1647 0 'robobot/drive/T0/vel' 1770200586.1646 97.9080 0.243 0.251 0.0316 0.243 4
1770200586.1648 0 'robobot/drive/T0/gyro' 1770200586.1647 9.712830 3.524780 20.584167 97.908
1770200586.1648 0 'robobot/drive/T0/acc' 1770200586.1648 0.426270 -0.023682 0.853516 97.908
1770200586.1649 0 'robobot/drive/T0/pose' 1770200586.1648 97.9080 0.371 0.000 -0.0000 -2.6878
1770200586.1656 0 'robobot/drive/T0/mvel' 1770200586.1654 0.243 0.251
1770200586.1662 0 'robobot/drive/T0/livn' 1770200586.1660 25 23 32 62 65 37 29 32 199
1770200586.1675 0 'robobot/drive/T0/mca' 1770200586.1673 0.200 0.146 17
1770200586.1697 0 'robobot/drive/T0/pose' 1770200586.1696 97.9130 0.373 0.000 -0.0012 -2.6875
1770200586.1719 0 'robobot/drive/T0/vel' 1770200586.1718 97.9160 0.249 0.251 0.0088 0.249 4
1770200586.1721 0 'robobot/drive/T0/mvel' 1770200586.1720 0.249 0.251
1770200586.1743 0 'robobot/drive/T0/pose' 1770200586.1740 97.9180 0.374 0.000 -0.0012 -2.6873
1770200586.1765 0 'robobot/drive/T0/gyro' 1770200586.1764 10.414734 2.426147 20.828308 97.920
1770200586.1766 0 'robobot/drive/T0/acc' 1770200586.1765 0.424316 0.001221 0.879150 97.920
1770200586.1766 0 'robobot/drive/T0/livn' 1770200586.1766 25 23 32 62 65 38 29 32 204
1770200586.1778 0 'robobot/drive/T0/mot' 1770200586.1777 2 2 0.1 0.1 0
1770200586.1800 0 'robobot/drive/T0/pose' 1770200586.1799 97.9230 0.375 0.000 -0.0000 -2.6870
1770200586.1801 0 'robobot/drive/T0/ird' 1770200586.1800 0.111 0.177 17348 11392 1
1770200586.1801 0 'robobot/drive/T0/vel' 1770200586.1801 97.9240 0.251 0.252 0.0023 0.251 4
1770200586.1806 0 'robobot/drive/T0/mvel' 1770200586.1806 0.251 0.252
1770200586.1844 0 'robobot/drive/T0/pose' 1770200586.1844 97.9280 0.376 0.000 -0.0012 -2.6868
1770200586.1866 0 'robobot/drive/T0/livn' 1770200586.1865 25 23 32 62 65 37 29 32 209
1770200586.1888 0 'robobot/drive/T0/vel' 1770200586.1887 97.9320 0.239 0.247 0.0378 0.239 4
1770200586.1889 0 'robobot/drive/T0/gyro' 1770200586.1888 9.224548 2.426147 20.309509 97.932
1770200586.1890 0 'robobot/drive/T0/acc' 1770200586.1889 0.404785 0.011963 0.873779 97.932
1770200586.1890 0 'robobot/drive/T0/pose' 1770200586.1890 97.9330 0.378 0.000 -0.0012 -2.6866
1770200586.1891 0 'robobot/drive/T0/mvel' 1770200586.1891 0.239 0.247
1770200586.1944 0 'robobot/drive/T0/pose' 1770200586.1943 97.9380 0.379 0.000 -0.0012 -2.6865
1770200586.1966 0 'robobot/drive/T0/vel' 1770200586.1965 97.9400 0.250 0.249 -0.0034 0.250 4
1770200586.1967 0 'robobot/drive/T0/livn' 1770200586.1966 25 23 32 62 65 37 29 32 214
1770200586.1976 0 'robobot/drive/T0/mvel' 1770200586.1976 0.250 0.249
1770200586.1999 0 'robobot/drive/T0/pose' 1770200586.1999 97.9430 0.380 0.000 -0.0012 -2.6863
1770200586.2000 0 'robobot/drive/T0/gyro' 1770200586.1999 10.506287 3.036499 19.149841 97.944
1770200586.2001 0 'robobot/drive/T0/acc' 1770200586.2000 0.420166 -0.020264 0.882080 97.944
1770200586.2001 0 'robobot/drive/T0/mca' 1770200586.2001 0.208 0.151 16
1770200586.2044 0 'robobot/drive/T0/vel' 1770200586.2044 97.9480 0.252 0.250 -0.0087 0.252 4
1770200586.2045 0 'robobot/drive/T0/pose' 1770200586.2044 97.9480 0.381 0.000 -0.0012 -2.6862
1770200586.2046 0 'robobot/drive/T0/ird' 1770200586.2045 0.110 0.173 17515 11656 1
1770200586.2051 0 'robobot/drive/T0/mvel' 1770200586.2050 0.252 0.250
1770200586.2068 0 'robobot/drive/T0/livn' 1770200586.2067 25 23 33 62 65 37 29 32 219
1770200586.2100 0 'robobot/drive/T0/pose' 1770200586.2099 97.9530 0.383 0.000 -0.0012 -2.6860
1770200586.2101 0 'robobot/drive/T0/mot' 1770200586.2100 2 2 0.1 0.1 0
1770200586.2122 0 'robobot/drive/T0/vel' 1770200586.2122 97.9560 0.256 0.252 -0.0184 0.256 4
1770200586.2123 0 'robobot/drive/T0/gyro' 1770200586.2122 10.170593 3.067017 18.234314 97.956
1770200586.2124 0 'robobot/drive/T0/acc' 1770200586.2123 0.421387 -0.002686 0.914551 97.956
1770200586.2125 0 'robobot/drive/T0/liv' 1770200586.2124 19 26 39 48 60 33 28 21 25
1770200586.2125 0 'robobot/drive/T0/mvel' 1770200586.2124 0.256 0.252
1770200586.2146 0 'robobot/drive/T0/pose' 1770200586.2146 97.9580 0.384 0.000 -0.0012 -2.6858
1770200586.2168 0 'robobot/drive/T0/livn' 1770200586.2168 25 24 33 62 65 37 29 32 224
1770200586.2201 0 'robobot/drive/T0/pose' 1770200586.2200 97.9630 0.385 0.000 -0.0012 -2.6856
1770200586.2201 0 'robobot/drive/T0/vel' 1770200586.2201 97.9640 0.253 0.252 -0.0050 0.253 4
1770200586.2209 0 'robobot/drive/T0/mvel' 1770200586.2209 0.253 0.252
1770200586.2244 0 'robobot/drive/T0/gyro' 1770200586.2244 9.926453 2.639771 18.997253 97.968
1770200586.2245 0 'robobot/drive/T0/acc' 1770200586.2244 0.424805 -0.009277 0.868896 97.968
1770200586.2246 0 'robobot/drive/T0/pose' 1770200586.2245 97.9680 0.386 0.000 -0.0012 -2.6854
1770200586.2267 0 'robobot/drive/T0/livn' 1770200586.2267 25 24 33 62 65 37 29 31 229
1770200586.2279 0 'robobot/drive/T0/vel' 1770200586.2278 97.9720 0.255 0.249 -0.0253 0.255 4
1770200586.2283 0 'robobot/drive/T0/mvel' 1770200586.2283 0.255 0.249
1770200586.2301 0 'robobot/drive/T0/pose' 1770200586.2300 97.9730 0.388 0.000 -0.0012 -2.6852
1770200586.2301 0 'robobot/drive/T0/ird' 1770200586.2301 0.107 0.169 17855 11908 1
1770200586.2333 0 'robobot/drive/T0/mca' 1770200586.2333 0.194 0.147 17
1770200586.2345 0 'robobot/drive/T0/pose' 1770200586.2344 97.9780 0.389 0.000 -0.0023 -2.6851
1770200586.2367 0 'robobot/drive/T0/vel' 1770200586.2366 97.9800 0.248 0.249 0.0041 0.248 4
1770200586.2368 0 'robobot/drive/T0/gyro' 1770200586.2367 10.018005 2.914429 20.156921 97.980
1770200586.2368 0 'robobot/drive/T0/mvel' 1770200586.2368 0.248 0.249
1770200586.2368 0 'robobot/drive/T0/acc' 1770200586.2368 0.425537 -0.019531 0.892090 97.980
1770200586.2369 0 'robobot/drive/T0/livn' 1770200586.2368 25 24 33 62 66 37 29 31 234
1770200586.2391 0 'robobot/drive/T0/pose' 1770200586.2390 97.9830 0.390 0.000 -0.0012 -2.6849
1770200586.2434 0 'robobot/drive/T0/mot' 1770200586.2433 2 2 0.1 0.1 0
1770200586.2445 0 'robobot/drive/T0/vel' 1770200586.2444 97.9880 0.251 0.251 0.0004 0.251 4
1770200586.2446 0 'robobot/drive/T0/pose' 1770200586.2445 97.9890 0.392 0.000 -0.0012 -2.6848
1770200586.2453 0 'robobot/drive/T0/mvel' 1770200586.2453 0.251 0.251
1770200586.2467 0 'robobot/drive/T0/livn' 1770200586.2467 26 24 33 62 66 37 29 32 239
1770200586.2479 0 'robobot/drive/T0/gyro' 1770200586.2478 9.926453 2.273560 22.903503 97.992
1770200586.2479 0 'robobot/drive/T0/acc' 1770200586.2479 0.413086 -0.046875 0.906494 97.992
1770200586.2501 0 'robobot/drive/T0/pose' 1770200586.2501 97.9940 0.393 0.000 -0.0012 -2.6847
1770200586.2523 0 'robobot/drive/T0/vel' 1770200586.2522 97.9960 0.251 0.252 0.0036 0.251 4
1770200586.2527 0 'robobot/drive/T0/mvel' 1770200586.2526 0.251 0.252
1770200586.2545 0 'robobot/drive/T0/pose' 1770200586.2544 97.9990 0.394 0.000 -0.0012 -2.6846
1770200586.2546 0 'robobot/drive/T0/ird' 1770200586.2545 0.106 0.158 18124 12598 1
1770200586.2568 0 'robobot/drive/T0/livn' 1770200586.2567 25 24 33 63 66 37 30 32 244
1770200586.2600 0 'robobot/drive/T0/pose' 1770200586.2599 98.0040 0.395 0.000 -0.0012 -2.6844
1770200586.2601 0 'robobot/drive/T0/vel' 1770200586.2600 98.0040 0.252 0.248 -0.0189 0.252 4
1770200586.2601 0 'robobot/drive/T0/mvel' 1770200586.2600 0.252 0.248
1770200586.2601 0 'robobot/drive/T0/gyro' 1770200586.2601 9.895935 2.456665 24.734558 98.004
1770200586.2602 0 'robobot/drive/T0/acc' 1770200586.2601 0.415283 -0.028320 0.837646 98.004
1770200586.2624 0 'robobot/drive/T0/liv' 1770200586.2623 18 20 39 55 71 35 33 25 25
1770200586.2646 0 'robobot/drive/T0/pose' 1770200586.2645 98.0090 0.397 0.000 -0.0023 -2.6842
1770200586.2657 0 'robobot/drive/T0/hbt' 1770200586.2656 98.0090 107 1033 15.62 4 8 9.0 0.49 0
1770200586.2668 0 'robobot/drive/T0/livn' 1770200586.2668 25 24 34 63 66 37 30 32 249
1770200586.2669 0 'robobot/drive/T0/mca' 1770200586.2668 0.196 0.152 16
1770200586.2680 0 'robobot/drive/T0/vel' 1770200586.2679 98.0120 0.249 0.249 -0.0028 0.249 4
1770200586.2685 0 'robobot/drive/T0/mvel' 1770200586.2685 0.249 0.249
1770200586.2702 0 'robobot/drive/T0/pose' 1770200586.2701 98.0140 0.398 0.000 -0.0012 -2.6841
1770200586.2724 0 'robobot/drive/T0/gyro' 1770200586.2723 11.879578 2.700806 26.046814 98.016
1770200586.2724 0 'robobot/drive/T0/acc' 1770200586.2724 0.414062 -0.058105 0.892822 98.016
1770200586.2746 0 'robobot/drive/T0/pose' 1770200586.2745 98.0190 0.399 0.000 -0.0012 -2.6839
1770200586.2768 0 'robobot/drive/T0/vel' 1770200586.2767 98.0200 0.248 0.251 0.0106 0.248 4
1770200586.2769 0 'robobot/drive/T0/livn' 1770200586.2768 25 24 34 63 66 37 30 32 254
1770200586.2769 0 'robobot/drive/T0/mot' 1770200586.2769 2 2 0.1 0.1 0
1770200586.2770 0 'robobot/drive/T0/mvel' 1770200586.2769 0.248 0.251
1770200586.2802 0 'robobot/drive/T0/pose' 1770200586.2801 98.0240 0.400 0.000 -0.0012 -2.6838
1770200586.2802 0 'robobot/drive/T0/ird' 1770200586.2802 0.104 0.154 18304 12891 1
1770200586.2845 0 'robobot/drive/T0/vel' 1770200586.2845 98.0280 0.252 0.253 0.0013 0.252 4
1770200586.2846 0 'robobot/drive/T0/gyro' 1770200586.2845 12.398376 2.975464 27.420105 98.028
1770200586.2847 0 'robobot/drive/T0/acc' 1770200586.2846 0.422119 -0.029053 0.927979 98.028
1770200586.2847 0 'robobot/drive/T0/pose' 1770200586.2847 98.0290 0.402 0.000 -0.0012 -2.6836
1770200586.2854 0 'robobot/drive/T0/mvel' 1770200586.2854 0.252 0.253
1770200586.2859 0 'robobot/drive/T0/livn' 1770200586.2858 25 24 34 63 67 37 30 32 259
1770200586.2902 0 'robobot/drive/T0/pose' 1770200586.2901 98.0340 0.403 0.000 -0.0012 -2.6834
1770200586.2924 0 'robobot/drive/T0/vel' 1770200586.2923 98.0360 0.250 0.251 0.0061 0.250 4
1770200586.2928 0 'robobot/drive/T0/mvel' 1770200586.2928 0.250 0.251
1770200586.2946 0 'robobot/drive/T0/pose' 1770200586.2945 98.0390 0.404 0.000 -0.0012 -2.6831
1770200586.2967 0 'robobot/drive/T0/gyro' 1770200586.2967 12.245789 2.609253 26.809753 98.040
1770200586.2968 0 'robobot/drive/T0/acc' 1770200586.2967 0.423340 -0.037598 0.842529 98.040
1770200586.2969 0 'robobot/drive/T0/livn' 1770200586.2968 25 24 34 64 67 37 30 32 264
1770200586.2990 0 'robobot/drive/T0/mca' 1770200586.2990 0.199 0.146 17
1770200586.3002 0 'robobot/drive/T0/pose' 1770200586.3001 98.0440 0.405 0.000 -0.0023 -2.6830
1770200586.3002 0 'robobot/drive/T0/vel' 1770200586.3002 98.0440 0.251 0.248 -0.0139 0.251 4
1770200586.3011 0 'robobot/drive/T0/mvel' 1770200586.3011 0.251 0.248
1770200586.3045 0 'robobot/drive/T0/pose' 1770200586.3045 98.0490 0.407 0.000 -0.0012 -2.6829
1770200586.3046 0 'robobot/drive/T0/ird' 1770200586.3045 0.104 0.145 18415 13608 1
1770200586.3068 0 'robobot/drive/T0/livn' 1770200586.3067 25 24 34 64 67 37 30 32 269
1770200586.3079 0 'robobot/drive/T0/vel' 1770200586.3078 98.0520 0.245 0.249 0.0180 0.245 4
1770200586.3080 0 'robobot/drive/T0/gyro' 1770200586.3079 14.809265 2.395630 26.077332 98.052
1770200586.3080 0 'robobot/drive/T0/acc' 1770200586.3080 0.429932 -0.000488 0.922852 98.052
1770200586.3085 0 'robobot/drive/T0/mvel' 1770200586.3085 0.245 0.249
1770200586.3091 0 'robobot/drive/T0/mot' 1770200586.3091 1.9 2 0.1 0.1 0
1770200586.3092 0 'robobot/drive/T0/pose' 1770200586.3091 98.0540 0.408 0.000 -0.0012 -2.6828
1770200586.3124 0 'robobot/drive/T0/liv' 1770200586.3124 26 27 39 53 67 35 29 23 25
1770200586.3146 0 'robobot/drive/T0/pose' 1770200586.3145 98.0590 0.409 0.000 -0.0012 -2.6827
1770200586.3168 0 'robobot/drive/T0/vel' 1770200586.3167 98.0600 0.251 0.251 -0.0004 0.251 4
1770200586.3169 0 'robobot/drive/T0/livn' 1770200586.3168 26 24 34 64 67 37 30 32 274
1770200586.3170 0 'robobot/drive/T0/mvel' 1770200586.3170 0.251 0.251
1770200586.3201 0 'robobot/drive/T0/pose' 1770200586.3200 98.0640 0.410 0.000 -0.0012 -2.6825
1770200586.3202 0 'robobot/drive/T0/gyro' 1770200586.3201 13.374939 2.120972 24.063171 98.064
1770200586.3203 0 'robobot/drive/T0/acc' 1770200586.3202 0.430420 0.028076 0.893066 98.064
1770200586.3245 0 'robobot/drive/T0/vel' 1770200586.3245 98.0680 0.252 0.253 0.0047 0.252 4
1770200586.3246 0 'robobot/drive/T0/pose' 1770200586.3246 98.0690 0.412 0.000 -0.0012 -2.6823
1770200586.3255 0 'robobot/drive/T0/mvel' 1770200586.3254 0.252 0.253
1770200586.3268 0 'robobot/drive/T0/livn' 1770200586.3267 26 24 34 64 67 37 30 32 279
1770200586.3301 0 'robobot/drive/T0/pose' 1770200586.3300 98.0740 0.413 0.000 -0.0012 -2.6821
1770200586.3302 0 'robobot/drive/T0/ird' 1770200586.3301 0.103 0.135 18474 14467 1
1770200586.3324 0 'robobot/drive/T0/vel' 1770200586.3323 98.0760 0.254 0.249 -0.0208 0.254 4
1770200586.3325 0 'robobot/drive/T0/gyro' 1770200586.3324 11.910095 2.029419 21.774353 98.076
1770200586.3325 0 'robobot/drive/T0/acc' 1770200586.3325 0.408936 0.057617 0.837402 98.076
1770200586.3326 0 'robobot/drive/T0/mca' 1770200586.3325 0.195 0.152 16
1770200586.3330 0 'robobot/drive/T0/mvel' 1770200586.3329 0.254 0.249
1770200586.3348 0 'robobot/drive/T0/pose' 1770200586.3347 98.0790 0.414 0.000 -0.0023 -2.6819
1770200586.3360 0 'robobot/drive/T0/livn' 1770200586.3359 26 25 34 64 67 37 30 32 284
1770200586.3368 0 'robobot/drive/master' 1770200586.3367 2026-02-04 11:23:03.813786
1770200586.3393 0 'robobot/drive/T0/pose' 1770200586.3392 98.0840 0.415 0.000 -0.0012 -2.6819
1770200586.3404 0 'robobot/drive/T0/vel' 1770200586.3404 98.0840 0.250 0.249 -0.0038 0.250 4
1770200586.3414 0 'robobot/drive/T0/mvel' 1770200586.3414 0.250 0.249
1770200586.3426 0 'robobot/drive/T0/mot' 1770200586.3425 1.9 2 0.1 0.1 0
1770200586.3448 0 'robobot/drive/T0/gyro' 1770200586.3447 11.421814 2.090454 20.889343 98.088
1770200586.3449 0 'robobot/drive/T0/acc' 1770200586.3448 0.379150 0.017090 0.837402 98.088
1770200586.3450 0 'robobot/drive/T0/pose' 1770200586.3449 98.0890 0.417 0.000 -0.0012 -2.6818
1770200586.3461 0 'robobot/drive/T0/livn' 1770200586.3460 26 24 35 64 67 37 30 33 289
1770200586.3483 0 'robobot/drive/T0/vel' 1770200586.3482 98.0920 0.247 0.249 0.0074 0.247 4
1770200586.3488 0 'robobot/drive/T0/mvel' 1770200586.3488 0.247 0.249
1770200586.3494 0 'robobot/drive/T0/pose' 1770200586.3494 98.0940 0.418 0.000 -0.0012 -2.6818
1770200586.3548 0 'robobot/drive/T0/pose' 1770200586.3547 98.0990 0.419 0.000 -0.0012 -2.6819
1770200586.3549 0 'robobot/drive/T0/ird' 1770200586.3548 0.102 0.127 18693 15358 1
1770200586.3560 0 'robobot/drive/T0/vel' 1770200586.3559 98.1000 0.251 0.251 -0.0005 0.251 4
1770200586.3561 0 'robobot/drive/T0/gyro' 1770200586.3560 8.980408 0.411987 20.187439 98.100
1770200586.3561 0 'robobot/drive/T0/acc' 1770200586.3561 0.408691 0.044922 0.864746 98.100
1770200586.3562 0 'robobot/drive/T0/livn' 1770200586.3561 26 25 35 64 67 37 30 33 294
1770200586.3563 0 'robobot/drive/T0/mvel' 1770200586.3562 0.251 0.251
1770200586.3595 0 'robobot/drive/T0/pose' 1770200586.3594 98.1040 0.420 0.000 -0.0012 -2.6819
1770200586.3627 0 'robobot/drive/T0/liv' 1770200586.3626 23 29 46 56 64 35 31 29 25
1770200586.3638 0 'robobot/drive/T0/vel' 1770200586.3638 98.1080 0.251 0.251 -0.0011 0.251 4
1770200586.3648 0 'robobot/drive/T0/mvel' 1770200586.3647 0.251 0.251
1770200586.3650 0 'robobot/drive/T0/pose' 1770200586.3649 98.1090 0.422 0.000 -0.0023 -2.6820
1770200586.3650 0 'robobot/drive/T0/mca' 1770200586.3650 0.193 0.152 17
1770200586.3661 0 'robobot/drive/T0/livn' 1770200586.3661 26 25 35 64 68 37 30 33 299
1770200586.3683 0 'robobot/drive/T0/gyro' 1770200586.3683 7.485046 0.778198 18.417419 98.112
1770200586.3684 0 'robobot/drive/T0/acc' 1770200586.3683 0.421875 0.055420 0.868164 98.112
1770200586.3695 0 'robobot/drive/T0/pose' 1770200586.3695 98.1140 0.423 0.000 -0.0023 -2.6820
1770200586.3728 0 'robobot/drive/T0/vel' 1770200586.3727 98.1160 0.252 0.249 -0.0165 0.252 4
1770200586.3733 0 'robobot/drive/T0/mvel' 1770200586.3732 0.252 0.249
1770200586.3750 0 'robobot/drive/T0/pose' 1770200586.3749 98.1190 0.424 0.000 -0.0012 -2.6820
1770200586.3750 0 'robobot/drive/T0/mot' 1770200586.3750 1.9 2 0.1 0.1 0
1770200586.3761 0 'robobot/drive/T0/livn' 1770200586.3761 58 41 52 70 75 48 35 29 3
1770200586.3794 0 'robobot/drive/T0/ird' 1770200586.3793 0.102 0.113 18775 17056 1
1770200586.3805 0 'robobot/drive/T0/pose' 1770200586.3804 98.1240 0.425 0.000 -0.0012 -2.6820
1770200586.3806 0 'robobot/drive/T0/vel' 1770200586.3805 98.1240 0.246 0.249 0.0115 0.246 4
1770200586.3807 0 'robobot/drive/T0/gyro' 1770200586.3806 7.424011 0.289917 16.799988 98.124
1770200586.3807 0 'robobot/drive/T0/acc' 1770200586.3807 0.448730 0.025146 0.846436 98.124
1770200586.3808 0 'robobot/drive/T0/mvel' 1770200586.3808 0.246 0.249
1770200586.3851 0 'robobot/drive/T0/pose' 1770200586.3850 98.1290 0.427 0.000 -0.0023 -2.6821
1770200586.3862 0 'robobot/drive/T0/livn' 1770200586.3861 49 41 48 64 67 43 36 33 8
1770200586.3884 0 'robobot/drive/T0/vel' 1770200586.3883 98.1320 0.251 0.250 -0.0041 0.251 4
1770200586.3893 0 'robobot/drive/T0/mvel' 1770200586.3893 0.251 0.250
1770200586.3906 0 'robobot/drive/T0/pose' 1770200586.3905 98.1340 0.428 0.000 -0.0012 -2.6821
1770200586.3928 0 'robobot/drive/T0/gyro' 1770200586.3927 7.027283 0.350952 13.748230 98.136
1770200586.3928 0 'robobot/drive/T0/acc' 1770200586.3928 0.428467 0.038086 0.908936 98.136
1770200586.3950 0 'robobot/drive/T0/pose' 1770200586.3949 98.1390 0.429 0.000 -0.0012 -2.6821
1770200586.3961 0 'robobot/drive/T0/vel' 1770200586.3961 98.1400 0.252 0.252 -0.0012 0.252 4
1770200586.3962 0 'robobot/drive/T0/livn' 1770200586.3962 45 41 51 68 70 44 42 35 13
1770200586.3967 0 'robobot/drive/T0/mvel' 1770200586.3967 0.252 0.252
1770200586.3984 0 'robobot/drive/T0/mca' 1770200586.3983 0.191 0.149 16
1770200586.4006 0 'robobot/drive/T0/pose' 1770200586.4005 98.1440 0.430 0.000 -0.0023 -2.6823
1770200586.4038 0 'robobot/drive/T0/vel' 1770200586.4037 98.1480 0.249 0.247 -0.0086 0.249 4
1770200586.4039 0 'robobot/drive/T0/gyro' 1770200586.4038 6.386414 0.259399 10.818542 98.148
1770200586.4040 0 'robobot/drive/T0/acc' 1770200586.4039 0.418945 0.070801 0.852051 98.148
1770200586.4041 0 'robobot/drive/T0/mvel' 1770200586.4041 0.249 0.247
1770200586.4051 0 'robobot/drive/T0/ird' 1770200586.4050 0.101 0.107 18892 17893 1
1770200586.4052 0 'robobot/drive/T0/pose' 1770200586.4051 98.1490 0.432 0.000 -0.0012 -2.6823
1770200586.4063 0 'robobot/drive/T0/livn' 1770200586.4062 41 40 49 67 69 43 39 36 18
1770200586.4085 0 'robobot/drive/T0/mot' 1770200586.4084 2 2 0.1 0.1 0
1770200586.4107 0 'robobot/drive/T0/pose' 1770200586.4106 98.1540 0.433 0.000 -0.0012 -2.6823
1770200586.4128 0 'robobot/drive/T0/vel' 1770200586.4128 98.1560 0.247 0.248 0.0035 0.247 4
1770200586.4129 0 'robobot/drive/T0/liv' 1770200586.4128 29 35 46 54 61 43 35 27 25
1770200586.4137 0 'robobot/drive/T0/mvel' 1770200586.4137 0.247 0.248
1770200586.4151 0 'robobot/drive/T0/pose' 1770200586.4150 98.1590 0.434 0.000 -0.0023 -2.6822
1770200586.4162 0 'robobot/drive/T0/gyro' 1770200586.4162 6.264343 0.503540 7.522644 98.160
1770200586.4163 0 'robobot/drive/T0/acc' 1770200586.4162 0.422363 0.047852 0.864258 98.160
1770200586.4164 0 'robobot/drive/T0/livn' 1770200586.4163 38 39 49 70 69 44 39 38 23
1770200586.4207 0 'robobot/drive/T0/pose' 1770200586.4206 98.1640 0.435 0.000 -0.0012 -2.6822
1770200586.4208 0 'robobot/drive/T0/vel' 1770200586.4207 98.1640 0.247 0.249 0.0100 0.247 4
1770200586.4211 0 'robobot/drive/T0/mvel' 1770200586.4211 0.247 0.249
1770200586.4251 0 'robobot/drive/T0/pose' 1770200586.4250 98.1690 0.437 0.000 -0.0012 -2.6823
1770200586.4262 0 'robobot/drive/T0/livn' 1770200586.4261 38 39 51 70 67 41 38 40 28
1770200586.4284 0 'robobot/drive/T0/vel' 1770200586.4283 98.1720 0.252 0.252 -0.0013 0.252 4
1770200586.4284 0 'robobot/drive/T0/gyro' 1770200586.4284 4.219666 0.839233 4.226746 98.172
1770200586.4285 0 'robobot/drive/T0/acc' 1770200586.4284 0.422119 0.056641 0.878662 98.172
1770200586.4286 0 'robobot/drive/T0/mvel' 1770200586.4286 0.252 0.252
1770200586.4296 0 'robobot/drive/T0/ird' 1770200586.4296 0.101 0.091 18846 20881 1
1770200586.4298 0 'robobot/drive/T0/pose' 1770200586.4297 98.1740 0.438 0.000 -0.0012 -2.6824
1770200586.4320 0 'robobot/drive/T0/mca' 1770200586.4319 0.196 0.154 17
1770200586.4353 0 'robobot/drive/T0/pose' 1770200586.4352 98.1790 0.439 0.000 -0.0023 -2.6825
1770200586.4364 0 'robobot/drive/T0/vel' 1770200586.4363 98.1800 0.251 0.252 0.0064 0.251 4
1770200586.4365 0 'robobot/drive/T0/livn' 1770200586.4364 36 37 50 72 68 41 39 42 33
1770200586.4371 0 'robobot/drive/T0/mvel' 1770200586.4371 0.251 0.252
1770200586.4408 0 'robobot/drive/T0/pose' 1770200586.4407 98.1840 0.440 0.000 -0.0012 -2.6826
1770200586.4408 0 'robobot/drive/T0/gyro' 1770200586.4408 2.998962 0.106812 1.724304 98.184
1770200586.4409 0 'robobot/drive/T0/acc' 1770200586.4408 0.387939 0.049805 0.862549 98.184
1770200586.4410 0 'robobot/drive/T0/mot' 1770200586.4409 1.9 2 0.1 0.1 0
1770200586.4443 0 'robobot/drive/T0/vel' 1770200586.4441 98.1880 0.252 0.249 -0.0127 0.252 4
1770200586.4446 0 'robobot/drive/T0/mvel' 1770200586.4445 0.252 0.249
1770200586.4454 0 'robobot/drive/T0/pose' 1770200586.4453 98.1890 0.442 0.000 -0.0012 -2.6827
1770200586.4465 0 'robobot/drive/T0/livn' 1770200586.4465 36 37 49 72 67 40 38 42 38
1770200586.4498 0 'robobot/drive/T0/pose' 1770200586.4497 98.1940 0.443 0.000 -0.0023 -2.6828
1770200586.4520 0 'robobot/drive/T0/vel' 1770200586.4519 98.1960 0.247 0.249 0.0090 0.247 4
1770200586.4521 0 'robobot/drive/T0/gyro' 1770200586.4520 2.358093 -0.198364 -0.991760 98.196
1770200586.4521 0 'robobot/drive/T0/acc' 1770200586.4521 0.442139 -0.002197 0.950928 98.196
1770200586.4531 0 'robobot/drive/T0/mvel' 1770200586.4530 0.247 0.249
1770200586.4543 0 'robobot/drive/T0/ird' 1770200586.4543 0.102 0.085 18785 22064 1
1770200586.4555 0 'robobot/drive/T0/pose' 1770200586.4554 98.1990 0.444 0.000 -0.0012 -2.6830
1770200586.4566 0 'robobot/drive/T0/livn' 1770200586.4566 37 37 49 72 67 40 39 42 43
1770200586.4599 0 'robobot/drive/T0/pose' 1770200586.4598 98.2040 0.445 0.000 -0.0012 -2.6831
1770200586.4600 0 'robobot/drive/T0/vel' 1770200586.4599 98.2040 0.251 0.251 0.0005 0.251 4
1770200586.4605 0 'robobot/drive/T0/mvel' 1770200586.4605 0.251 0.251
1770200586.4622 0 'robobot/drive/T0/liv' 1770200586.4621 28 34 49 59 60 36 35 33 25
1770200586.4643 0 'robobot/drive/T0/gyro' 1770200586.4643 -0.998840 -0.503540 -0.991760 98.208
1770200586.4644 0 'robobot/drive/T0/acc' 1770200586.4644 0.430908 0.019287 0.918457 98.208
1770200586.4645 0 'robobot/drive/T0/mca' 1770200586.4644 0.195 0.148 17
1770200586.4656 0 'robobot/drive/T0/pose' 1770200586.4655 98.2090 0.447 0.000 -0.0023 -2.6832
1770200586.4667 0 'robobot/drive/T0/livn' 1770200586.4667 37 37 49 73 67 40 38 43 48
1770200586.4678 0 'robobot/drive/T0/vel' 1770200586.4678 98.2120 0.252 0.252 -0.0017 0.252 4
1770200586.4680 0 'robobot/drive/T0/mvel' 1770200586.4680 0.252 0.252
1770200586.4700 0 'robobot/drive/T0/pose' 1770200586.4699 98.2140 0.448 0.000 -0.0023 -2.6833
1770200586.4743 0 'robobot/drive/T0/mot' 1770200586.4742 1.9 2 0.1 0.1 0
1770200586.4754 0 'robobot/drive/T0/pose' 1770200586.4754 98.2190 0.449 0.000 -0.0012 -2.6834
1770200586.4766 0 'robobot/drive/T0/vel' 1770200586.4765 98.2200 0.252 0.247 -0.0246 0.252 4
1770200586.4767 0 'robobot/drive/T0/gyro' 1770200586.4766 -2.158508 -0.076294 -1.205383 98.220
1770200586.4767 0 'robobot/drive/T0/acc' 1770200586.4767 0.403320 0.025879 0.850098 98.220
1770200586.4768 0 'robobot/drive/T0/livn' 1770200586.4767 37 37 48 72 67 40 39 44 53
1770200586.4776 0 'robobot/drive/T0/mvel' 1770200586.4776 0.252 0.247
1770200586.4800 0 'robobot/drive/T0/ird' 1770200586.4800 0.102 0.082 18711 22942 1
1770200586.4801 0 'robobot/drive/T0/pose' 1770200586.4800 98.2240 0.450 0.000 -0.0023 -2.6835
1770200586.4844 0 'robobot/drive/T0/vel' 1770200586.4843 98.2280 0.250 0.247 -0.0138 0.250 4
1770200586.4851 0 'robobot/drive/T0/mvel' 1770200586.4850 0.250 0.247
1770200586.4856 0 'robobot/drive/T0/pose' 1770200586.4855 98.2290 0.452 0.000 -0.0023 -2.6837
1770200586.4867 0 'robobot/drive/T0/livn' 1770200586.4867 38 38 48 71 67 40 39 44 58
1770200586.4879 0 'robobot/drive/T0/gyro' 1770200586.4878 -1.304016 0.167847 -1.785217 98.232
1770200586.4879 0 'robobot/drive/T0/acc' 1770200586.4879 0.433838 0.004639 0.903809 98.232
1770200586.4902 0 'robobot/drive/T0/pose' 1770200586.4901 98.2340 0.453 0.000 -0.0012 -2.6837
1770200586.4924 0 'robobot/drive/T0/vel' 1770200586.4923 98.2360 0.248 0.250 0.0054 0.248 4
1770200586.4926 0 'robobot/drive/T0/mvel' 1770200586.4925 0.248 0.250
1770200586.4957 0 'robobot/drive/T0/pose' 1770200586.4956 98.2390 0.454 0.000 -0.0023 -2.6838
1770200586.4968 0 'robobot/drive/T0/livn' 1770200586.4967 38 38 48 71 67 39 39 44 63
1770200586.4979 0 'robobot/drive/T0/mca' 1770200586.4978 0.192 0.156 16
1770200586.5001 0 'robobot/drive/T0/pose' 1770200586.5000 98.2440 0.455 0.000 -0.0023 -2.6839
1770200586.5002 0 'robobot/drive/T0/vel' 1770200586.5001 98.2440 0.252 0.250 -0.0067 0.252 4
1770200586.5002 0 'robobot/drive/T0/gyro' 1770200586.5002 -2.250061 -0.717163 -3.127991 98.244
1770200586.5003 0 'robobot/drive/T0/acc' 1770200586.5002 0.428467 -0.010742 0.906494 98.244
1770200586.5012 0 'robobot/drive/T0/mvel' 1770200586.5011 0.252 0.250
1770200586.5046 0 'robobot/drive/T0/ird' 1770200586.5045 0.103 0.082 18522 23024 1
1770200586.5058 0 'robobot/drive/T0/pose' 1770200586.5057 98.2490 0.457 0.000 -0.0023 -2.6840
1770200586.5069 0 'robobot/drive/T0/livn' 1770200586.5068 38 38 48 71 67 40 39 43 68
1770200586.5070 0 'robobot/drive/T0/mot' 1770200586.5069 1.9 2 0.1 0.1 0
1770200586.5081 0 'robobot/drive/T0/vel' 1770200586.5080 98.2520 0.251 0.253 0.0084 0.251 4
1770200586.5086 0 'robobot/drive/T0/mvel' 1770200586.5086 0.251 0.253
1770200586.5103 0 'robobot/drive/T0/pose' 1770200586.5102 98.2540 0.458 0.000 -0.0012 -2.6840
1770200586.5125 0 'robobot/drive/T0/gyro' 1770200586.5125 -2.433167 -0.839233 -3.951965 98.256
1770200586.5126 0 'robobot/drive/T0/acc' 1770200586.5125 0.403809 -0.003174 0.817627 98.256
1770200586.5127 0 'robobot/drive/T0/liv' 1770200586.5126 31 33 44 50 57 40 35 26 25
1770200586.5149 0 'robobot/drive/T0/pose' 1770200586.5148 98.2590 0.459 0.000 -0.0023 -2.6841
1770200586.5161 0 'robobot/drive/T0/vel' 1770200586.5160 98.2600 0.252 0.249 -0.0112 0.252 4
1770200586.5161 0 'robobot/drive/T0/livn' 1770200586.5161 38 38 48 70 66 40 39 41 73
1770200586.5171 0 'robobot/drive/T0/mvel' 1770200586.5170 0.252 0.249
1770200586.5205 0 'robobot/drive/T0/pose' 1770200586.5204 98.2640 0.460 -0.000 -0.0023 -2.6842
1770200586.5248 0 'robobot/drive/T0/vel' 1770200586.5247 98.2680 0.246 0.250 0.0137 0.246 4
1770200586.5248 0 'robobot/drive/T0/gyro' 1770200586.5248 0.282898 0.320435 -4.409729 98.268
1770200586.5249 0 'robobot/drive/T0/acc' 1770200586.5248 0.418945 -0.038818 0.927734 98.268
1770200586.5250 0 'robobot/drive/T0/pose' 1770200586.5249 98.2690 0.462 -0.000 -0.0012 -2.6843
1770200586.5255 0 'robobot/drive/T0/mvel' 1770200586.5255 0.246 0.250
1770200586.5261 0 'robobot/drive/T0/livn' 1770200586.5260 38 37 48 70 67 40 38 41 78
1770200586.5294 0 'robobot/drive/T0/ird' 1770200586.5293 0.104 0.081 18434 23051 1
1770200586.5306 0 'robobot/drive/T0/pose' 1770200586.5305 98.2740 0.463 -0.000 -0.0023 -2.6844
1770200586.5317 0 'robobot/drive/T0/mca' 1770200586.5317 0.196 0.147 17
1770200586.5329 0 'robobot/drive/T0/vel' 1770200586.5328 98.2760 0.250 0.250 0.0001 0.250 4
1770200586.5331 0 'robobot/drive/T0/mvel' 1770200586.5330 0.250 0.250
1770200586.5351 0 'robobot/drive/T0/pose' 1770200586.5350 98.2790 0.464 -0.000 -0.0023 -2.6844
1770200586.5363 0 'robobot/drive/T0/gyro' 1770200586.5362 -0.419006 -0.259399 -4.257141 98.280
1770200586.5364 0 'robobot/drive/T0/acc' 1770200586.5363 0.424072 -0.010986 0.882324 98.280
1770200586.5364 0 'robobot/drive/T0/livn' 1770200586.5364 38 37 48 71 67 40 38 41 83
1770200586.5409 0 'robobot/drive/T0/pose' 1770200586.5407 98.2840 0.465 -0.000 -0.0012 -2.6845
1770200586.5412 0 'robobot/drive/T0/vel' 1770200586.5409 98.2840 0.252 0.251 -0.0022 0.252 4
1770200586.5413 0 'robobot/drive/T0/mot' 1770200586.5412 1.9 2 0.1 0.1 0
1770200586.5415 0 'robobot/drive/T0/mvel' 1770200586.5415 0.252 0.251
1770200586.5456 0 'robobot/drive/T0/pose' 1770200586.5455 98.2890 0.467 -0.000 -0.0012 -2.6846
1770200586.5468 0 'robobot/drive/T0/livn' 1770200586.5467 39 37 48 71 67 40 38 42 88
1770200586.5479 0 'robobot/drive/T0/vel' 1770200586.5478 98.2920 0.249 0.248 -0.0037 0.249 4
1770200586.5480 0 'robobot/drive/T0/gyro' 1770200586.5479 -0.968323 -0.076294 -3.646790 98.292
1770200586.5481 0 'robobot/drive/T0/acc' 1770200586.5480 0.396973 -0.022461 0.864746 98.292
1770200586.5489 0 'robobot/drive/T0/mvel' 1770200586.5489 0.249 0.248
1770200586.5503 0 'robobot/drive/T0/pose' 1770200586.5502 98.2940 0.468 -0.000 -0.0023 -2.6847
1770200586.5546 0 'robobot/drive/T0/ird' 1770200586.5545 0.105 0.082 18281 22823 1
1770200586.5557 0 'robobot/drive/T0/pose' 1770200586.5557 98.2990 0.469 -0.000 -0.0023 -2.6848
1770200586.5558 0 'robobot/drive/T0/vel' 1770200586.5557 98.3000 0.251 0.248 -0.0152 0.251 4
1770200586.5563 0 'robobot/drive/T0/mvel' 1770200586.5563 0.251 0.248
1770200586.5569 0 'robobot/drive/T0/livn' 1770200586.5569 38 37 48 72 67 39 38 43 93
1770200586.5602 0 'robobot/drive/T0/pose' 1770200586.5601 98.3040 0.470 -0.000 -0.0012 -2.6849
1770200586.5603 0 'robobot/drive/T0/gyro' 1770200586.5602 0.527039 0.442505 -1.754700 98.304
1770200586.5603 0 'robobot/drive/T0/acc' 1770200586.5603 0.403809 -0.020264 0.877686 98.304
1770200586.5625 0 'robobot/drive/T0/liv' 1770200586.5624 30 34 48 59 61 36 33 34 25
1770200586.5647 0 'robobot/drive/T0/mca' 1770200586.5646 0.199 0.155 16
1770200586.5647 0 'robobot/drive/T0/vel' 1770200586.5647 98.3080 0.250 0.251 0.0057 0.250 4
1770200586.5648 0 'robobot/drive/T0/mvel' 1770200586.5647 0.250 0.251
1770200586.5648 0 'robobot/drive/T0/pose' 1770200586.5647 98.3090 0.472 -0.000 -0.0023 -2.6851
1770200586.5659 0 'robobot/drive/T0/livn' 1770200586.5659 38 38 49 72 67 39 38 43 98
1770200586.5702 0 'robobot/drive/T0/pose' 1770200586.5702 98.3140 0.473 -0.000 -0.0023 -2.6853
1770200586.5725 0 'robobot/drive/T0/vel' 1770200586.5724 98.3160 0.253 0.253 -0.0011 0.253 4
1770200586.5725 0 'robobot/drive/T0/gyro' 1770200586.5725 -0.663147 0.076294 -0.350891 98.316
1770200586.5726 0 'robobot/drive/T0/acc' 1770200586.5725 0.437500 -0.013916 0.962646 98.316
1770200586.5732 0 'robobot/drive/T0/mvel' 1770200586.5732 0.253 0.253
1770200586.5737 0 'robobot/drive/T0/mot' 1770200586.5737 1.9 2 0.1 0.1 0
1770200586.5748 0 'robobot/drive/T0/pose' 1770200586.5748 98.3190 0.474 -0.000 -0.0012 -2.6854
1770200586.5760 0 'robobot/drive/T0/livn' 1770200586.5759 38 38 49 71 67 39 39 43 103
1770200586.5803 0 'robobot/drive/T0/ird' 1770200586.5802 0.107 0.083 17878 22738 1
1770200586.5803 0 'robobot/drive/T0/pose' 1770200586.5803 98.3240 0.475 -0.000 -0.0012 -2.6856
1770200586.5804 0 'robobot/drive/T0/vel' 1770200586.5803 98.3240 0.251 0.252 0.0040 0.251 4
1770200586.5806 0 'robobot/drive/T0/mvel' 1770200586.5806 0.251 0.252
1770200586.5847 0 'robobot/drive/T0/gyro' 1770200586.5846 -2.066956 -0.625610 0.686707 98.328
1770200586.5848 0 'robobot/drive/T0/acc' 1770200586.5847 0.392822 -0.004883 0.813477 98.328
1770200586.5848 0 'robobot/drive/T0/pose' 1770200586.5848 98.3290 0.477 -0.000 -0.0023 -2.6857
1770200586.5860 0 'robobot/drive/T0/livn' 1770200586.5859 38 37 49 71 66 39 39 44 108
1770200586.5881 0 'robobot/drive/T0/vel' 1770200586.5881 98.3320 0.253 0.247 -0.0261 0.253 4
1770200586.5890 0 'robobot/drive/T0/mvel' 1770200586.5890 0.253 0.247
1770200586.5903 0 'robobot/drive/T0/pose' 1770200586.5903 98.3340 0.478 -0.000 -0.0023 -2.6858
1770200586.5957 0 'robobot/drive/T0/pose' 1770200586.5956 98.3390 0.479 -0.000 -0.0023 -2.6859
1770200586.5968 0 'robobot/drive/T0/vel' 1770200586.5968 98.3400 0.247 0.249 0.0078 0.247 4
1770200586.5969 0 'robobot/drive/T0/gyro' 1770200586.5968 0.099792 0.411987 -0.381409 98.340
1770200586.5970 0 'robobot/drive/T0/acc' 1770200586.5969 0.427490 -0.015869 0.895996 98.340
1770200586.5970 0 'robobot/drive/T0/livn' 1770200586.5970 38 37 49 72 67 39 38 43 113
1770200586.5971 0 'robobot/drive/T0/mca' 1770200586.5970 0.193 0.152 17
1770200586.5975 0 'robobot/drive/T0/mvel' 1770200586.5974 0.247 0.249
1770200586.6003 0 'robobot/drive/T0/pose' 1770200586.6002 98.3440 0.480 -0.000 -0.0023 -2.6860
1770200586.6046 0 'robobot/drive/T0/vel' 1770200586.6045 98.3480 0.250 0.251 0.0020 0.250 4
1770200586.6047 0 'robobot/drive/T0/ird' 1770200586.6046 0.110 0.084 17480 22518 1
1770200586.6049 0 'robobot/drive/T0/mvel' 1770200586.6048 0.250 0.251
1770200586.6058 0 'robobot/drive/T0/pose' 1770200586.6058 98.3490 0.482 -0.000 -0.0023 -2.6861
1770200586.6060 0 'robobot/drive/T0/livn' 1770200586.6059 38 37 48 72 67 39 38 43 118
1770200586.6061 0 'robobot/drive/T0/mot' 1770200586.6060 1.9 2 0.1 0.1 0
1770200586.6084 0 'robobot/drive/T0/gyro' 1770200586.6082 -0.449524 -0.259399 -1.174866 98.352
1770200586.6085 0 'robobot/drive/T0/acc' 1770200586.6084 0.439941 0.002197 0.912598 98.352
1770200586.6107 0 'robobot/drive/T0/pose' 1770200586.6106 98.3540 0.483 -0.000 -0.0023 -2.6862
1770200586.6129 0 'robobot/drive/T0/vel' 1770200586.6128 98.3560 0.251 0.254 0.0145 0.251 4
1770200586.6131 0 'robobot/drive/T0/liv' 1770200586.6130 30 30 45 56 61 38 34 28 25
1770200586.6134 0 'robobot/drive/T0/mvel' 1770200586.6134 0.251 0.254
1770200586.6153 0 'robobot/drive/T0/pose' 1770200586.6152 98.3590 0.484 -0.000 -0.0023 -2.6863
1770200586.6164 0 'robobot/drive/T0/livn' 1770200586.6163 38 37 48 72 67 39 38 43 123
1770200586.6207 0 'robobot/drive/T0/pose' 1770200586.6206 98.3640 0.485 -0.000 -0.0023 -2.6864
1770200586.6208 0 'robobot/drive/T0/vel' 1770200586.6207 98.3640 0.244 0.249 0.0212 0.244 4
1770200586.6208 0 'robobot/drive/T0/mvel' 1770200586.6208 0.244 0.249
1770200586.6210 0 'robobot/drive/T0/gyro' 1770200586.6208 -0.419006 -0.167847 -1.724182 98.364
1770200586.6211 0 'robobot/drive/T0/acc' 1770200586.6210 0.403809 -0.009033 0.902100 98.364
1770200586.6254 0 'robobot/drive/T0/pose' 1770200586.6253 98.3690 0.487 -0.000 -0.0012 -2.6865
1770200586.6265 0 'robobot/drive/T0/livn' 1770200586.6265 38 36 48 72 67 39 38 42 128
1770200586.6288 0 'robobot/drive/T0/vel' 1770200586.6287 98.3720 0.245 0.248 0.0152 0.245 4
1770200586.6293 0 'robobot/drive/T0/mvel' 1770200586.6293 0.245 0.248
1770200586.6299 0 'robobot/drive/T0/ird' 1770200586.6299 0.119 0.084 16258 22407 1
1770200586.6300 0 'robobot/drive/T0/mca' 1770200586.6299 0.205 0.148 16
1770200586.6300 0 'robobot/drive/T0/pose' 1770200586.6300 98.3740 0.488 -0.000 -0.0023 -2.6866
1770200586.6322 0 'robobot/drive/T0/gyro' 1770200586.6322 0.435486 0.686646 -2.517639 98.376
1770200586.6323 0 'robobot/drive/T0/acc' 1770200586.6322 0.393311 0.003906 0.883545 98.376
1770200586.6356 0 'robobot/drive/T0/pose' 1770200586.6355 98.3790 0.489 -0.000 -0.0023 -2.6867
1770200586.6367 0 'robobot/drive/T0/vel' 1770200586.6367 98.3800 0.245 0.248 0.0129 0.245 4
1770200586.6368 0 'robobot/drive/T0/livn' 1770200586.6368 38 37 48 72 67 39 38 42 133
1770200586.6368 0 'robobot/drive/T0/mvel' 1770200586.6367 0.245 0.248
1770200586.6390 0 'robobot/drive/T0/mot' 1770200586.6389 2 2 0.1 0.1 0
1770200586.6401 0 'robobot/drive/T0/pose' 1770200586.6400 98.3840 0.490 -0.000 -0.0012 -2.6868
1770200586.6444 0 'robobot/drive/T0/vel' 1770200586.6443 98.3880 0.251 0.253 0.0058 0.251 4
1770200586.6445 0 'robobot/drive/T0/gyro' 1770200586.6444 -0.785217 -0.320435 -2.120911 98.388
1770200586.6446 0 'robobot/drive/T0/acc' 1770200586.6445 0.425537 0.008301 0.907959 98.388
1770200586.6453 0 'robobot/drive/T0/mvel' 1770200586.6453 0.251 0.253
1770200586.6457 0 'robobot/drive/T0/pose' 1770200586.6456 98.3890 0.492 -0.000 -0.0012 -2.6870
1770200586.6468 0 'robobot/drive/T0/livn' 1770200586.6467 38 37 48 71 67 39 39 42 138
1770200586.6500 0 'robobot/drive/T0/pose' 1770200586.6500 98.3940 0.493 -0.000 -0.0012 -2.6870
1770200586.6522 0 'robobot/drive/T0/vel' 1770200586.6522 98.3960 0.250 0.254 0.0176 0.250 4
1770200586.6528 0 'robobot/drive/T0/mvel' 1770200586.6527 0.250 0.254
1770200586.6544 0 'robobot/drive/T0/ird' 1770200586.6543 0.127 0.083 15361 22585 1
1770200586.6555 0 'robobot/drive/T0/pose' 1770200586.6555 98.3990 0.494 -0.000 -0.0012 -2.6871
1770200586.6567 0 'robobot/drive/T0/gyro' 1770200586.6566 -2.097473 -0.747681 -3.402649 98.400
1770200586.6568 0 'robobot/drive/T0/acc' 1770200586.6567 0.413818 0.040527 0.833008 98.400
1770200586.6568 0 'robobot/drive/T0/livn' 1770200586.6568 38 37 48 71 67 39 38 42 143
1770200586.6601 0 'robobot/drive/T0/pose' 1770200586.6600 98.4040 0.495 -0.000 -0.0012 -2.6872
1770200586.6601 0 'robobot/drive/T0/vel' 1770200586.6601 98.4040 0.251 0.250 -0.0038 0.251 4
1770200586.6603 0 'robobot/drive/T0/mvel' 1770200586.6602 0.251 0.250
1770200586.6623 0 'robobot/drive/T0/liv' 1770200586.6622 29 34 43 53 58 38 34 26 25
1770200586.6634 0 'robobot/drive/T0/mca' 1770200586.6634 0.203 0.151 17
1770200586.6656 0 'robobot/drive/T0/pose' 1770200586.6655 98.4090 0.497 -0.000 -0.0023 -2.6873
1770200586.6667 0 'robobot/drive/T0/livn' 1770200586.6666 38 37 48 71 67 39 38 42 148
1770200586.6689 0 'robobot/drive/T0/vel' 1770200586.6688 98.4120 0.247 0.251 0.0182 0.247 4
1770200586.6690 0 'robobot/drive/T0/gyro' 1770200586.6689 -1.700745 -0.045776 -4.348694 98.412
1770200586.6690 0 'robobot/drive/T0/acc' 1770200586.6690 0.420410 0.038086 0.932861 98.412
1770200586.6698 0 'robobot/drive/T0/mvel' 1770200586.6698 0.247 0.251
1770200586.6702 0 'robobot/drive/T0/pose' 1770200586.6701 98.4140 0.498 -0.000 -0.0023 -2.6874
1770200586.6723 0 'robobot/drive/T0/mot' 1770200586.6723 2 2 0.1 0.1 0
1770200586.6756 0 'robobot/drive/T0/pose' 1770200586.6755 98.4190 0.499 -0.000 -0.0012 -2.6875
1770200586.6767 0 'robobot/drive/T0/vel' 1770200586.6766 98.4200 0.249 0.249 -0.0033 0.249 4
1770200586.6768 0 'robobot/drive/T0/livn' 1770200586.6767 38 37 48 71 67 39 38 42 153
1770200586.6773 0 'robobot/drive/T0/mvel' 1770200586.6772 0.249 0.249
1770200586.6800 0 'robobot/drive/T0/ird' 1770200586.6799 0.134 0.084 14594 22345 1
1770200586.6801 0 'robobot/drive/T0/pose' 1770200586.6800 98.4240 0.500 -0.000 -0.0012 -2.6876
1770200586.6801 0 'robobot/drive/T0/gyro' 1770200586.6801 -4.477844 -1.174927 -5.599915 98.424
1770200586.6802 0 'robobot/drive/T0/acc' 1770200586.6802 0.399414 0.020508 0.881836 98.424
1770200586.6845 0 'robobot/drive/T0/vel' 1770200586.6845 98.4280 0.251 0.251 -0.0003 0.251 4
1770200586.6847 0 'robobot/drive/T0/mvel' 1770200586.6846 0.251 0.251
1770200586.6857 0 'robobot/drive/T0/pose' 1770200586.6856 98.4290 0.502 -0.000 -0.0023 -2.6878
1770200586.6868 0 'robobot/drive/T0/livn' 1770200586.6867 38 37 48 71 67 39 38 42 158
1770200586.6900 0 'robobot/drive/T0/pose' 1770200586.6899 98.4340 0.503 -0.000 -0.0012 -2.6880
1770200586.6922 0 'robobot/drive/T0/vel' 1770200586.6921 98.4360 0.251 0.249 -0.0083 0.251 4
1770200586.6923 0 'robobot/drive/T0/gyro' 1770200586.6922 -3.775940 -0.381470 -6.698547 98.436
1770200586.6923 0 'robobot/drive/T0/acc' 1770200586.6923 0.437500 0.015625 0.848389 98.436
1770200586.6932 0 'robobot/drive/T0/mvel' 1770200586.6932 0.251 0.249
1770200586.6956 0 'robobot/drive/T0/pose' 1770200586.6955 98.4390 0.504 -0.000 -0.0012 -2.6881
1770200586.6956 0 'robobot/drive/T0/mca' 1770200586.6956 0.203 0.149 16
1770200586.6968 0 'robobot/drive/T0/livn' 1770200586.6967 38 37 48 72 67 39 38 42 163
1770200586.7000 0 'robobot/drive/T0/pose' 1770200586.6999 98.4440 0.505 -0.000 -0.0023 -2.6882
1770200586.7001 0 'robobot/drive/T0/vel' 1770200586.7000 98.4440 0.248 0.248 0.0034 0.248 4
1770200586.7006 0 'robobot/drive/T0/mvel' 1770200586.7006 0.248 0.248
1770200586.7044 0 'robobot/drive/T0/gyro' 1770200586.7043 -5.454407 0.656128 -7.858215 98.448
1770200586.7044 0 'robobot/drive/T0/acc' 1770200586.7044 0.455566 0.009277 0.969971 98.448
1770200586.7045 0 'robobot/drive/T0/ird' 1770200586.7044 0.136 0.084 14389 22302 1
1770200586.7056 0 'robobot/drive/T0/pose' 1770200586.7056 98.4490 0.507 -0.000 -0.0012 -2.6882
1770200586.7057 0 'robobot/drive/T0/mot' 1770200586.7056 2 2 0.1 0.1 0
1770200586.7068 0 'robobot/drive/T0/livn' 1770200586.7067 38 37 48 71 66 39 38 42 168
1770200586.7079 0 'robobot/drive/T0/vel' 1770200586.7079 98.4520 0.246 0.249 0.0139 0.246 4
1770200586.7081 0 'robobot/drive/T0/mvel' 1770200586.7080 0.246 0.249
1770200586.7101 0 'robobot/drive/T0/pose' 1770200586.7100 98.4540 0.508 -0.000 -0.0012 -2.6882
1770200586.7123 0 'robobot/drive/T0/liv' 1770200586.7122 28 32 45 58 60 35 33 30 25
1770200586.7155 0 'robobot/drive/T0/pose' 1770200586.7154 98.4590 0.509 -0.000 -0.0023 -2.6882
1770200586.7166 0 'robobot/drive/T0/vel' 1770200586.7166 98.4600 0.250 0.250 -0.0016 0.250 4
1770200586.7167 0 'robobot/drive/T0/gyro' 1770200586.7166 -5.118713 -1.632690 -8.071838 98.460
1770200586.7168 0 'robobot/drive/T0/acc' 1770200586.7167 0.393066 -0.018555 0.855713 98.460
1770200586.7169 0 'robobot/drive/T0/livn' 1770200586.7168 38 37 48 72 67 39 38 42 173
1770200586.7176 0 'robobot/drive/T0/mvel' 1770200586.7176 0.250 0.250
1770200586.7201 0 'robobot/drive/T0/pose' 1770200586.7200 98.4640 0.510 -0.000 -0.0012 -2.6884
1770200586.7244 0 'robobot/drive/T0/vel' 1770200586.7243 98.4680 0.249 0.250 0.0040 0.249 4
1770200586.7251 0 'robobot/drive/T0/mvel' 1770200586.7250 0.249 0.250
1770200586.7259 0 'robobot/drive/T0/pose' 1770200586.7258 98.4690 0.512 -0.000 -0.0012 -2.6888
1770200586.7260 0 'robobot/drive/T0/livn' 1770200586.7259 37 37 48 72 67 38 37 42 178
1770200586.7282 0 'robobot/drive/T0/gyro' 1770200586.7281 -3.501282 0.381470 -7.797180 98.472
1770200586.7282 0 'robobot/drive/T0/acc' 1770200586.7282 0.411621 -0.038818 0.858643 98.472
1770200586.7294 0 'robobot/drive/T0/mca' 1770200586.7293 0.202 0.153 17
1770200586.7294 0 'robobot/drive/T0/ird' 1770200586.7294 0.136 0.086 14454 21845 1
1770200586.7309 0 'robobot/drive/T0/pose' 1770200586.7308 98.4740 0.513 -0.000 -0.0023 -2.6888
1770200586.7321 0 'robobot/drive/T0/vel' 1770200586.7320 98.4760 0.251 0.247 -0.0175 0.251 4
1770200586.7323 0 'robobot/drive/T0/mvel' 1770200586.7322 0.251 0.247
1770200586.7356 0 'robobot/drive/T0/pose' 1770200586.7353 98.4790 0.514 -0.000 -0.0012 -2.6887
1770200586.7369 0 'robobot/drive/T0/livn' 1770200586.7367 37 37 48 72 67 38 37 42 183
1770200586.7373 0 'robobot/drive/T0/info' 1770200586.7369 # setvo t=98781, 0, ref=-800, e=-90000, value=9000, vel=1000, dw=-1000, v=2163
1770200586.7385 0 'robobot/drive/T0/mot' 1770200586.7384 2 2 0.1 0.1 0
1770200586.7386 0 'robobot/drive/T0/info' 1770200586.7385 # setvo t=98783, 0, ref=-800, e=-89000, value=8000, vel=1000, dw=-1000, v=2150
1770200586.7409 0 'robobot/drive/T0/pose' 1770200586.7407 98.4840 0.515 -0.000 -0.0012 -2.6888
1770200586.7410 0 'robobot/drive/T0/vel' 1770200586.7409 98.4840 0.248 0.249 0.0029 0.248 4
1770200586.7411 0 'robobot/drive/T0/gyro' 1770200586.7410 -2.189026 -0.320435 -6.668030 98.484
1770200586.7411 0 'robobot/drive/T0/acc' 1770200586.7411 0.461182 -0.040771 0.948975 98.484
1770200586.7412 0 'robobot/drive/T0/info' 1770200586.7411 # setvo t=98785, 0, ref=-800, e=-88000, value=7000, vel=1000, dw=-1000, v=2137
1770200586.7414 0 'robobot/drive/T0/mvel' 1770200586.7413 0.248 0.249
1770200586.7426 0 'robobot/drive/T0/info' 1770200586.7423 # setvo t=98787, 0, ref=-800, e=-87000, value=6000, vel=1000, dw=-1000, v=2123
1770200586.7449 0 'robobot/drive/T0/info' 1770200586.7447 # setvo t=98789, 0, ref=-800, e=-86000, value=5000, vel=1000, dw=-1000, v=2110
1770200586.7450 0 'robobot/drive/T0/pose' 1770200586.7449 98.4890 0.517 -0.000 -0.0023 -2.6890
1770200586.7463 0 'robobot/drive/T0/livn' 1770200586.7461 37 37 48 72 67 38 37 42 188
1770200586.7464 0 'robobot/drive/T0/info' 1770200586.7463 # setvo t=98791, 0, ref=-800, e=-85000, value=4000, vel=1000, dw=-1000, v=2097
1770200586.7487 0 'robobot/drive/T0/vel' 1770200586.7486 98.4920 0.250 0.251 0.0038 0.250 4
1770200586.7490 0 'robobot/drive/T0/info' 1770200586.7487 # setvo t=98793, 0, ref=-800, e=-84000, value=3000, vel=1000, dw=-1000, v=2083
1770200586.7490 0 'robobot/drive/T0/mvel' 1770200586.7490 0.250 0.251
1770200586.7503 0 'robobot/drive/T0/pose' 1770200586.7502 98.4940 0.518 -0.000 -0.0012 -2.6891
1770200586.7504 0 'robobot/drive/T0/info' 1770200586.7503 # setvo t=98795, 0, ref=-800, e=-83000, value=2000, vel=1000, dw=-1000, v=2070
1770200586.7528 0 'robobot/drive/T0/gyro' 1770200586.7525 -3.501282 -0.839233 -5.325256 98.496
1770200586.7529 0 'robobot/drive/T0/acc' 1770200586.7528 0.410400 -0.058838 0.859863 98.496
1770200586.7530 0 'robobot/drive/T0/info' 1770200586.7529 # setvo t=98797, 0, ref=-800, e=-82000, value=1000, vel=1000, dw=-1000, v=2057
1770200586.7554 0 'robobot/drive/T0/info' 1770200586.7551 # setvo t=98799, 0, ref=-800, e=-81000, value=0, vel=1000, dw=-1000, v=2044
1770200586.7554 0 'robobot/drive/T0/ird' 1770200586.7554 0.130 0.089 14979 21170 1
1770200586.7555 0 'robobot/drive/T0/pose' 1770200586.7555 98.4990 0.519 -0.000 -0.0012 -2.6892
1770200586.7568 0 'robobot/drive/T0/vel' 1770200586.7566 98.5000 0.220 0.239 0.0823 0.220 4
1770200586.7569 0 'robobot/drive/T0/livn' 1770200586.7568 37 37 48 72 67 38 38 42 193
1770200586.7570 0 'robobot/drive/T0/info' 1770200586.7569 # setvo t=98801, 0, ref=-800, e=-80000, value=-1000, vel=1000, dw=-1000, v=2031
1770200586.7577 0 'robobot/drive/T0/mvel' 1770200586.7576 0.220 0.239
1770200586.7593 0 'robobot/drive/T0/info' 1770200586.7591 # setvo t=98803, 0, ref=-800, e=-79000, value=-2000, vel=1000, dw=-1000, v=2018
1770200586.7604 0 'robobot/drive/T0/pose' 1770200586.7603 98.5040 0.520 -0.000 -0.0000 -2.6893
1770200586.7605 0 'robobot/drive/T0/info' 1770200586.7604 # setvo t=98805, 0, ref=-800, e=-78000, value=-3000, vel=1000, dw=-1000, v=2005
1770200586.7618 0 'robobot/drive/T0/mca' 1770200586.7616 0.150 0.097 16
1770200586.7630 0 'robobot/drive/T0/liv' 1770200586.7628 25 33 48 60 65 36 35 29 25
1770200586.7633 0 'robobot/drive/T0/info' 1770200586.7630 # setvo t=98807, 0, ref=-800, e=-77000, value=-4000, vel=1000, dw=-1000, v=1991
1770200586.7644 0 'robobot/drive/T0/vel' 1770200586.7643 98.5080 0.163 0.212 0.2150 0.163 4
1770200586.7645 0 'robobot/drive/T0/gyro' 1770200586.7644 2.297058 1.205444 -3.158508 98.508
1770200586.7645 0 'robobot/drive/T0/acc' 1770200586.7645 0.468018 -0.100830 0.988037 98.508
1770200586.7647 0 'robobot/drive/T0/info' 1770200586.7645 # setvo t=98809, 0, ref=-800, e=-76000, value=-5000, vel=1000, dw=-1000, v=1978
1770200586.7648 0 'robobot/drive/T0/hbt' 1770200586.7647 98.5090 107 1033 15.61 4 8 9.6 0.77 0
1770200586.7651 0 'robobot/drive/T0/pose' 1770200586.7650 98.5090 0.521 -0.000 0.0023 -2.6893
1770200586.7653 0 'robobot/drive/T0/mvel' 1770200586.7652 0.163 0.212
1770200586.7663 0 'robobot/drive/T0/info' 1770200586.7662 # setvo t=98811, 0, ref=-800, e=-75000, value=-6000, vel=1000, dw=-1000, v=1965
1770200586.7664 0 'robobot/drive/T0/livn' 1770200586.7663 37 37 48 72 67 38 38 42 199
1770200586.7686 0 'robobot/drive/T0/info' 1770200586.7685 # setvo t=98813, 0, ref=-800, e=-74000, value=-7000, vel=1000, dw=-1000, v=1951
1770200586.7708 0 'robobot/drive/T0/pose' 1770200586.7707 98.5140 0.521 -0.000 0.0046 -2.6895
1770200586.7710 0 'robobot/drive/T0/info' 1770200586.7708 # setvo t=98815, 0, ref=-800, e=-73000, value=-8000, vel=1000, dw=-1000, v=1938
1770200586.7710 0 'robobot/drive/T0/mot' 1770200586.7710 0.41 1.3 0.1 0.1 0
1770200586.7721 0 'robobot/drive/T0/vel' 1770200586.7721 98.5160 0.099 0.191 0.4005 0.099 4
1770200586.7723 0 'robobot/drive/T0/info' 1770200586.7722 # setvo t=98817, 0, ref=-800, e=-72000, value=-9000, vel=1000, dw=-1000, v=1925
1770200586.7728 0 'robobot/drive/T0/mvel' 1770200586.7727 0.099 0.191
1770200586.7745 0 'robobot/drive/T0/info' 1770200586.7744 # setvo t=98819, 0, ref=-800, e=-71000, value=-10000, vel=1000, dw=-1000, v=1911
1770200586.7757 0 'robobot/drive/T0/pose' 1770200586.7756 98.5190 0.522 -0.000 0.0058 -2.6895
1770200586.7768 0 'robobot/drive/T0/gyro' 1770200586.7767 -2.524719 0.381470 -1.296936 98.520
1770200586.7769 0 'robobot/drive/T0/acc' 1770200586.7768 0.484131 0.039795 0.927734 98.520
1770200586.7770 0 'robobot/drive/T0/info' 1770200586.7769 # setvo t=98821, 0, ref=-800, e=-70000, value=-11000, vel=1000, dw=-1000, v=1898
1770200586.7770 0 'robobot/drive/T0/livn' 1770200586.7770 37 37 48 72 67 39 38 42 204
1770200586.7782 0 'robobot/drive/T0/info' 1770200586.7781 # setvo t=98823, 0, ref=-800, e=-69000, value=-12000, vel=1000, dw=-1000, v=1885
1770200586.7794 0 'robobot/drive/T0/ird' 1770200586.7793 0.122 0.097 15877 19629 1
1770200586.7805 0 'robobot/drive/T0/pose' 1770200586.7804 98.5240 0.523 -0.000 0.0058 -2.6893
1770200586.7808 0 'robobot/drive/T0/vel' 1770200586.7805 98.5240 0.146 0.179 0.1463 0.146 4
1770200586.7809 0 'robobot/drive/T0/info' 1770200586.7808 # setvo t=98825, 0, ref=-800, e=-68000, value=-13000, vel=1000, dw=-1000, v=1871
1770200586.7816 0 'robobot/drive/T0/mvel' 1770200586.7816 0.146 0.179
1770200586.7831 0 'robobot/drive/T0/info' 1770200586.7830 # setvo t=98827, 0, ref=-800, e=-67000, value=-14000, vel=1000, dw=-1000, v=1858
1770200586.7843 0 'robobot/drive/T0/info' 1770200586.7842 # setvo t=98829, 0, ref=-800, e=-66000, value=-15000, vel=1000, dw=-1000, v=1845
1770200586.7855 0 'robobot/drive/T0/pose' 1770200586.7854 98.5290 0.524 -0.000 0.0081 -2.6898
1770200586.7867 0 'robobot/drive/T0/info' 1770200586.7865 # setvo t=98831, 0, ref=-800, e=-65000, value=-16000, vel=1000, dw=-1000, v=1832
1770200586.7867 0 'robobot/drive/T0/livn' 1770200586.7867 37 36 47 72 68 39 38 42 209
1770200586.7889 0 'robobot/drive/T0/vel' 1770200586.7888 98.5320 0.121 0.171 0.2168 0.121 4
1770200586.7890 0 'robobot/drive/T0/gyro' 1770200586.7889 -1.120911 -0.411987 2.487244 98.532
1770200586.7891 0 'robobot/drive/T0/acc' 1770200586.7890 0.402832 -0.037598 0.807129 98.532
1770200586.7892 0 'robobot/drive/T0/info' 1770200586.7891 # setvo t=98833, 0, ref=-800, e=-64000, value=-17000, vel=1000, dw=-1000, v=1818
1770200586.7900 0 'robobot/drive/T0/mvel' 1770200586.7900 0.121 0.171
1770200586.7903 0 'robobot/drive/T0/pose' 1770200586.7902 98.5340 0.524 -0.000 0.0093 -2.6899
1770200586.7905 0 'robobot/drive/T0/info' 1770200586.7903 # setvo t=98835, 0, ref=-800, e=-63000, value=-18000, vel=1000, dw=-1000, v=1805
1770200586.7927 0 'robobot/drive/T0/info' 1770200586.7926 # setvo t=98837, 0, ref=-800, e=-62000, value=-19000, vel=1000, dw=-1000, v=1792
1770200586.7950 0 'robobot/drive/T0/info' 1770200586.7948 # setvo t=98839, 0, ref=-800, e=-61000, value=-20000, vel=1000, dw=-1000, v=1778
1770200586.7950 0 'robobot/drive/T0/mca' 1770200586.7950 0.132 0.076 17
1770200586.7951 0 'robobot/drive/T0/pose' 1770200586.7950 98.5390 0.525 -0.000 0.0104 -2.6904
1770200586.7963 0 'robobot/drive/T0/vel' 1770200586.7962 98.5400 0.115 0.164 0.2121 0.115 4
1770200586.7964 0 'robobot/drive/T0/info' 1770200586.7963 # setvo t=98841, 0, ref=-800, e=-60000, value=-21000, vel=1000, dw=-1000, v=1765
1770200586.7966 0 'robobot/drive/T0/mvel' 1770200586.7965 0.115 0.164
1770200586.7975 0 'robobot/drive/T0/livn' 1770200586.7974 37 36 47 72 68 39 38 42 214
1770200586.7987 0 'robobot/drive/T0/info' 1770200586.7986 # setvo t=98843, 0, ref=-800, e=-59000, value=-22000, vel=1000, dw=-1000, v=1752
1770200586.8009 0 'robobot/drive/T0/pose' 1770200586.8008 98.5440 0.526 -0.000 0.0116 -2.6901
1770200586.8010 0 'robobot/drive/T0/gyro' 1770200586.8009 1.351013 -0.503540 1.510681 98.544
1770200586.8010 0 'robobot/drive/T0/acc' 1770200586.8010 0.449463 -0.042236 0.700684 98.544
1770200586.8011 0 'robobot/drive/T0/info' 1770200586.8010 # setvo t=98845, 0, ref=-800, e=-58000, value=-23000, vel=1000, dw=-1000, v=1738
1770200586.8023 0 'robobot/drive/T0/info' 1770200586.8022 # setvo t=98847, 0, ref=-800, e=-57000, value=-24000, vel=1000, dw=-1000, v=1725
1770200586.8045 0 'robobot/drive/T0/vel' 1770200586.8044 98.5480 0.104 0.162 0.2562 0.104 4
1770200586.8046 0 'robobot/drive/T0/mot' 1770200586.8045 0.38 1.5 0.1 0.1 0
1770200586.8047 0 'robobot/drive/T0/info' 1770200586.8046 # setvo t=98849, 0, ref=-800, e=-56000, value=-25000, vel=1000, dw=-1000, v=1712
1770200586.8048 0 'robobot/drive/T0/ird' 1770200586.8047 0.118 0.102 16436 18660 1
1770200586.8054 0 'robobot/drive/T0/mvel' 1770200586.8054 0.104 0.162
1770200586.8059 0 'robobot/drive/T0/pose' 1770200586.8058 98.5490 0.526 -0.000 0.0127 -2.6901
1770200586.8071 0 'robobot/drive/T0/info' 1770200586.8070 # setvo t=98851, 0, ref=-800, e=-55000, value=-26000, vel=1000, dw=-1000, v=1698
1770200586.8071 0 'robobot/drive/T0/livn' 1770200586.8071 37 36 47 71 68 39 38 42 219
1770200586.8083 0 'robobot/drive/T0/info' 1770200586.8082 # setvo t=98853, 0, ref=-800, e=-54000, value=-27000, vel=1000, dw=-1000, v=1685
1770200586.8105 0 'robobot/drive/T0/pose' 1770200586.8104 98.5540 0.527 -0.000 0.0150 -2.6902
1770200586.8106 0 'robobot/drive/T0/info' 1770200586.8105 # setvo t=98855, 0, ref=-800, e=-53000, value=-28000, vel=1000, dw=-1000, v=1672
1770200586.8128 0 'robobot/drive/T0/liv' 1770200586.8127 25 29 40 49 61 40 32 28 25
1770200586.8128 0 'robobot/drive/T0/vel' 1770200586.8128 98.5560 0.092 0.162 0.3064 0.092 4
1770200586.8129 0 'robobot/drive/T0/mvel' 1770200586.8129 0.092 0.162
1770200586.8129 0 'robobot/drive/T0/gyro' 1770200586.8128 2.785339 1.205444 1.327576 98.556
1770200586.8130 0 'robobot/drive/T0/acc' 1770200586.8129 0.434082 0.027344 0.879639 98.556
1770200586.8131 0 'robobot/drive/T0/info' 1770200586.8130 # setvo t=98857, 0, ref=-800, e=-52000, value=-29000, vel=1000, dw=-1000, v=1658
1770200586.8143 0 'robobot/drive/T0/info' 1770200586.8142 # setvo t=98859, 0, ref=-800, e=-51000, value=-30000, vel=1000, dw=-1000, v=1645
1770200586.8154 0 'robobot/drive/T0/pose' 1770200586.8153 98.5590 0.527 -0.000 0.0162 -2.6901
1770200586.8166 0 'robobot/drive/T0/info' 1770200586.8165 # setvo t=98861, 0, ref=-800, e=-50000, value=-31000, vel=1000, dw=-1000, v=1632
1770200586.8177 0 'robobot/drive/T0/livn' 1770200586.8176 36 36 47 71 68 39 38 42 224
1770200586.8189 0 'robobot/drive/T0/info' 1770200586.8188 # setvo t=98863, 0, ref=-800, e=-49000, value=-32000, vel=1000, dw=-1000, v=1619
1770200586.8200 0 'robobot/drive/T0/pose' 1770200586.8199 98.5640 0.528 -0.000 0.0185 -2.6902
1770200586.8201 0 'robobot/drive/T0/vel' 1770200586.8200 98.5640 0.086 0.160 0.3208 0.086 4
1770200586.8204 0 'robobot/drive/T0/mvel' 1770200586.8203 0.086 0.160
1770200586.8212 0 'robobot/drive/T0/info' 1770200586.8211 # setvo t=98865, 0, ref=-800, e=-48000, value=-33000, vel=1000, dw=-1000, v=1605
1770200586.8224 0 'robobot/drive/T0/info' 1770200586.8223 # setvo t=98867, 0, ref=-800, e=-47000, value=-34000, vel=1000, dw=-1000, v=1592
1770200586.8246 0 'robobot/drive/T0/gyro' 1770200586.8245 0.893250 -0.778198 1.602234 98.568
1770200586.8247 0 'robobot/drive/T0/acc' 1770200586.8246 0.420166 0.017822 0.805664 98.568
1770200586.8248 0 'robobot/drive/T0/info' 1770200586.8247 # setvo t=98869, 0, ref=-800, e=-46000, value=-35000, vel=1000, dw=-1000, v=1579
1770200586.8260 0 'robobot/drive/T0/pose' 1770200586.8259 98.5690 0.529 -0.000 0.0197 -2.6902
1770200586.8272 0 'robobot/drive/T0/info' 1770200586.8270 # setvo t=98871, 0, ref=-800, e=-45000, value=-36000, vel=1000, dw=-1000, v=1565
1770200586.8272 0 'robobot/drive/T0/livn' 1770200586.8272 36 36 47 71 68 39 38 42 229
1770200586.8284 0 'robobot/drive/T0/mca' 1770200586.8283 0.103 0.141 16
1770200586.8285 0 'robobot/drive/T0/vel' 1770200586.8284 98.5720 0.091 0.163 0.3137 0.091 4
1770200586.8287 0 'robobot/drive/T0/info' 1770200586.8285 # setvo t=98873, 0, ref=-800, e=-44000, value=-37000, vel=1000, dw=-1000, v=1552
1770200586.8289 0 'robobot/drive/T0/mvel' 1770200586.8289 0.091 0.163
1770200586.8299 0 'robobot/drive/T0/ird' 1770200586.8298 0.116 0.104 16698 18360 1
1770200586.8299 0 'robobot/drive/T0/pose' 1770200586.8299 98.5740 0.529 -0.000 0.0208 -2.6903
1770200586.8311 0 'robobot/drive/T0/info' 1770200586.8310 # setvo t=98875, 0, ref=-800, e=-43000, value=-38000, vel=1000, dw=-1000, v=1539
1770200586.8323 0 'robobot/drive/T0/info' 1770200586.8322 # setvo t=98877, 0, ref=-800, e=-42000, value=-39000, vel=1000, dw=-1000, v=1525
1770200586.8346 0 'robobot/drive/T0/info' 1770200586.8344 # setvo t=98879, 0, ref=-800, e=-41000, value=-40000, vel=1000, dw=-1000, v=1512
1770200586.8357 0 'robobot/drive/T0/pose' 1770200586.8356 98.5790 0.530 0.000 0.0243 -2.6904
1770200586.8369 0 'robobot/drive/T0/vel' 1770200586.8368 98.5800 0.087 0.166 0.3442 0.087 4
1770200586.8369 0 'robobot/drive/T0/gyro' 1770200586.8369 -0.144348 -0.381470 0.991882 98.580
1770200586.8370 0 'robobot/drive/T0/acc' 1770200586.8369 0.421387 0.031494 0.904541 98.580
1770200586.8371 0 'robobot/drive/T0/info' 1770200586.8370 # setvo t=98881, 0, ref=-800, e=-40000, value=-41000, vel=1000, dw=-1000, v=1499
1770200586.8372 0 'robobot/drive/T0/livn' 1770200586.8371 36 36 47 71 68 38 38 42 234
1770200586.8372 0 'robobot/drive/T0/mot' 1770200586.8372 0.32 1.5 0.1 0.1 0
1770200586.8375 0 'robobot/drive/T0/mvel' 1770200586.8375 0.087 0.166
1770200586.8384 0 'robobot/drive/T0/info' 1770200586.8383 # setvo t=98883, 0, ref=-800, e=-39000, value=-42000, vel=1000, dw=-1000, v=1485
1770200586.8385 0 'robobot/drive/master' 1770200586.8385 2026-02-04 11:23:03.813786
1770200586.8406 0 'robobot/drive/T0/pose' 1770200586.8405 98.5840 0.530 0.000 0.0254 -2.6903
1770200586.8407 0 'robobot/drive/T0/info' 1770200586.8406 # setvo t=98885, 0, ref=-800, e=-38000, value=-43000, vel=1000, dw=-1000, v=1472
1770200586.8429 0 'robobot/drive/T0/info' 1770200586.8428 # setvo t=98887, 0, ref=-800, e=-37000, value=-44000, vel=1000, dw=-1000, v=1459
1770200586.8441 0 'robobot/drive/T0/vel' 1770200586.8440 98.5880 0.080 0.163 0.3598 0.080 4
1770200586.8449 0 'robobot/drive/T0/mvel' 1770200586.8448 0.080 0.163
1770200586.8452 0 'robobot/drive/T0/info' 1770200586.8451 # setvo t=98889, 0, ref=-800, e=-36000, value=-45000, vel=1000, dw=-1000, v=1446
1770200586.8453 0 'robobot/drive/T0/pose' 1770200586.8452 98.5890 0.531 0.000 0.0278 -2.6904
1770200586.8465 0 'robobot/drive/T0/info' 1770200586.8464 # setvo t=98891, 0, ref=-800, e=-35000, value=-46000, vel=1000, dw=-1000, v=1432
1770200586.8476 0 'robobot/drive/T0/livn' 1770200586.8475 36 36 47 71 68 38 38 42 239
1770200586.8487 0 'robobot/drive/T0/gyro' 1770200586.8486 -0.876770 0.350952 1.541199 98.592
1770200586.8488 0 'robobot/drive/T0/acc' 1770200586.8487 0.460205 0.010254 0.894531 98.592
1770200586.8489 0 'robobot/drive/T0/info' 1770200586.8488 # setvo t=98893, 0, ref=-800, e=-34000, value=-47000, vel=1000, dw=-1000, v=1419
1770200586.8500 0 'robobot/drive/T0/pose' 1770200586.8499 98.5940 0.532 0.000 0.0289 -2.6904
1770200586.8512 0 'robobot/drive/T0/info' 1770200586.8511 # setvo t=98895, 0, ref=-800, e=-33000, value=-48000, vel=1000, dw=-1000, v=1406
1770200586.8523 0 'robobot/drive/T0/vel' 1770200586.8522 98.5960 0.076 0.161 0.3679 0.076 4
1770200586.8524 0 'robobot/drive/T0/info' 1770200586.8523 # setvo t=98897, 0, ref=-800, e=-32000, value=-49000, vel=1000, dw=-1000, v=1392
1770200586.8533 0 'robobot/drive/T0/mvel' 1770200586.8533 0.076 0.161
1770200586.8546 0 'robobot/drive/T0/info' 1770200586.8545 # setvo t=98899, 0, ref=-800, e=-31000, value=-50000, vel=1000, dw=-1000, v=1379
1770200586.8547 0 'robobot/drive/T0/ird' 1770200586.8546 0.114 0.104 16894 18378 1
1770200586.8558 0 'robobot/drive/T0/pose' 1770200586.8558 98.5990 0.532 0.000 0.0324 -2.6904
1770200586.8570 0 'robobot/drive/T0/info' 1770200586.8569 # setvo t=98901, 0, ref=-800, e=-30000, value=-51000, vel=1000, dw=-1000, v=1366
1770200586.8570 0 'robobot/drive/T0/livn' 1770200586.8570 36 36 47 71 68 38 38 42 244
1770200586.8592 0 'robobot/drive/T0/info' 1770200586.8591 # setvo t=98903, 0, ref=-800, e=-29000, value=-52000, vel=1000, dw=-1000, v=1352
1770200586.8603 0 'robobot/drive/T0/pose' 1770200586.8603 98.6040 0.533 0.000 0.0347 -2.6905
1770200586.8604 0 'robobot/drive/T0/vel' 1770200586.8603 98.6040 0.067 0.164 0.4198 0.067 4
1770200586.8605 0 'robobot/drive/T0/gyro' 1770200586.8604 -0.266418 -0.778198 0.747742 98.604
1770200586.8605 0 'robobot/drive/T0/acc' 1770200586.8605 0.412598 0.010498 0.909180 98.604
1770200586.8606 0 'robobot/drive/T0/info' 1770200586.8605 # setvo t=98905, 0, ref=-800, e=-28000, value=-53000, vel=1000, dw=-1000, v=1339
1770200586.8607 0 'robobot/drive/T0/mca' 1770200586.8606 0.145 0.132 17
1770200586.8607 0 'robobot/drive/T0/mvel' 1770200586.8607 0.067 0.164
1770200586.8629 0 'robobot/drive/T0/liv' 1770200586.8628 25 29 44 54 63 36 34 28 25
1770200586.8630 0 'robobot/drive/T0/info' 1770200586.8629 # setvo t=98907, 0, ref=-800, e=-27000, value=-54000, vel=1000, dw=-1000, v=1326
1770200586.8652 0 'robobot/drive/T0/info' 1770200586.8651 # setvo t=98909, 0, ref=-800, e=-26000, value=-55000, vel=1000, dw=-1000, v=1312
1770200586.8652 0 'robobot/drive/T0/pose' 1770200586.8652 98.6090 0.533 0.000 0.0370 -2.6905
1770200586.8664 0 'robobot/drive/T0/info' 1770200586.8663 # setvo t=98911, 0, ref=-800, e=-25000, value=-56000, vel=1000, dw=-1000, v=1299
1770200586.8675 0 'robobot/drive/T0/livn' 1770200586.8674 36 36 47 71 68 39 38 42 249
1770200586.8686 0 'robobot/drive/T0/vel' 1770200586.8685 98.6120 0.055 0.158 0.4479 0.055 4
1770200586.8687 0 'robobot/drive/T0/info' 1770200586.8686 # setvo t=98913, 0, ref=-800, e=-24000, value=-57000, vel=1000, dw=-1000, v=1286
1770200586.8691 0 'robobot/drive/T0/mvel' 1770200586.8691 0.055 0.158
1770200586.8709 0 'robobot/drive/T0/pose' 1770200586.8708 98.6140 0.534 0.000 0.0382 -2.6906
1770200586.8709 0 'robobot/drive/T0/mot' 1770200586.8709 0.4 1.4 0.1 0.1 0
1770200586.8710 0 'robobot/drive/T0/info' 1770200586.8709 # setvo t=98915, 0, ref=-800, e=-23000, value=-58000, vel=1000, dw=-1000, v=1272
1770200586.8722 0 'robobot/drive/T0/gyro' 1770200586.8721 -0.235901 0.808716 0.808777 98.616
1770200586.8722 0 'robobot/drive/T0/acc' 1770200586.8722 0.433838 -0.012939 0.910889 98.616
1770200586.8723 0 'robobot/drive/T0/info' 1770200586.8722 # setvo t=98917, 0, ref=-800, e=-22000, value=-59000, vel=1000, dw=-1000, v=1259
1770200586.8746 0 'robobot/drive/T0/info' 1770200586.8745 # setvo t=98919, 0, ref=-800, e=-21000, value=-60000, vel=1000, dw=-1000, v=1246
1770200586.8757 0 'robobot/drive/T0/pose' 1770200586.8756 98.6190 0.535 0.000 0.0405 -2.6906
1770200586.8768 0 'robobot/drive/T0/vel' 1770200586.8767 98.6200 0.058 0.152 0.4082 0.058 4
1770200586.8769 0 'robobot/drive/T0/info' 1770200586.8768 # setvo t=98921, 0, ref=-800, e=-20000, value=-61000, vel=1000, dw=-1000, v=1233
1770200586.8770 0 'robobot/drive/T0/livn' 1770200586.8769 36 36 47 71 68 39 38 42 254
1770200586.8776 0 'robobot/drive/T0/mvel' 1770200586.8776 0.058 0.152
1770200586.8792 0 'robobot/drive/T0/info' 1770200586.8791 # setvo t=98923, 0, ref=-800, e=-19000, value=-62000, vel=1000, dw=-1000, v=1219
1770200586.8803 0 'robobot/drive/T0/ird' 1770200586.8803 0.113 0.103 17007 18503 1
1770200586.8804 0 'robobot/drive/T0/pose' 1770200586.8803 98.6240 0.535 0.000 0.0416 -2.6906
1770200586.8805 0 'robobot/drive/T0/info' 1770200586.8804 # setvo t=98925, 0, ref=-800, e=-18000, value=-63000, vel=1000, dw=-1000, v=1206
1770200586.8827 0 'robobot/drive/T0/info' 1770200586.8826 # setvo t=98927, 0, ref=-800, e=-17000, value=-64000, vel=1000, dw=-1000, v=1193
1770200586.8849 0 'robobot/drive/T0/vel' 1770200586.8848 98.6280 0.069 0.158 0.3859 0.069 4
1770200586.8850 0 'robobot/drive/T0/gyro' 1770200586.8849 -0.602112 -0.381470 -0.167786 98.628
1770200586.8850 0 'robobot/drive/T0/acc' 1770200586.8850 0.404785 0.003906 0.891357 98.628
1770200586.8851 0 'robobot/drive/T0/info' 1770200586.8850 # setvo t=98929, 0, ref=-800, e=-16000, value=-65000, vel=1000, dw=-1000, v=1179
1770200586.8852 0 'robobot/drive/T0/pose' 1770200586.8851 98.6290 0.535 0.000 0.0439 -2.6908
1770200586.8852 0 'robobot/drive/T0/mvel' 1770200586.8852 0.069 0.158
1770200586.8864 0 'robobot/drive/T0/info' 1770200586.8863 # setvo t=98931, 0, ref=-800, e=-15000, value=-66000, vel=1000, dw=-1000, v=1166
1770200586.8875 0 'robobot/drive/T0/livn' 1770200586.8874 36 35 47 71 68 38 38 42 259
1770200586.8887 0 'robobot/drive/T0/info' 1770200586.8885 # setvo t=98933, 0, ref=-800, e=-14000, value=-67000, vel=1000, dw=-1000, v=1153
1770200586.8908 0 'robobot/drive/T0/pose' 1770200586.8908 98.6340 0.536 0.000 0.0463 -2.6907
1770200586.8909 0 'robobot/drive/T0/info' 1770200586.8908 # setvo t=98935, 0, ref=-800, e=-13000, value=-68000, vel=1000, dw=-1000, v=1139
1770200586.8921 0 'robobot/drive/T0/vel' 1770200586.8920 98.6360 0.075 0.158 0.3602 0.075 4
1770200586.8926 0 'robobot/drive/T0/mvel' 1770200586.8926 0.075 0.158
1770200586.8932 0 'robobot/drive/T0/info' 1770200586.8931 # setvo t=98937, 0, ref=-800, e=-12000, value=-69000, vel=1000, dw=-1000, v=1126
1770200586.8943 0 'robobot/drive/T0/mca' 1770200586.8943 0.175 0.144 16
1770200586.8944 0 'robobot/drive/T0/info' 1770200586.8943 # setvo t=98939, 0, ref=-800, e=-11000, value=-70000, vel=1000, dw=-1000, v=1113
1770200586.8956 0 'robobot/drive/T0/pose' 1770200586.8955 98.6390 0.537 0.000 0.0474 -2.6910
1770200586.8967 0 'robobot/drive/T0/gyro' 1770200586.8966 1.381531 1.480103 -0.350891 98.640
1770200586.8967 0 'robobot/drive/T0/acc' 1770200586.8967 0.430664 -0.020264 0.950928 98.640
1770200586.8969 0 'robobot/drive/T0/info' 1770200586.8968 # setvo t=98941, 0, ref=-800, e=-10000, value=-71000, vel=1000, dw=-1000, v=1099
1770200586.8969 0 'robobot/drive/T0/livn' 1770200586.8969 36 35 47 71 68 38 38 42 264
1770200586.8991 0 'robobot/drive/T0/info' 1770200586.8990 # setvo t=98943, 0, ref=-800, e=-9000, value=-72000, vel=1000, dw=-1000, v=1086
1770200586.9003 0 'robobot/drive/T0/pose' 1770200586.9002 98.6440 0.537 0.000 0.0497 -2.6909
1770200586.9003 0 'robobot/drive/T0/vel' 1770200586.9003 98.6440 0.074 0.159 0.3713 0.074 4
1770200586.9004 0 'robobot/drive/T0/info' 1770200586.9003 # setvo t=98945, 0, ref=-800, e=-8000, value=-73000, vel=1000, dw=-1000, v=1073
1770200586.9012 0 'robobot/drive/T0/mvel' 1770200586.9011 0.074 0.159
1770200586.9026 0 'robobot/drive/T0/info' 1770200586.9025 # setvo t=98947, 0, ref=-800, e=-7000, value=-74000, vel=1000, dw=-1000, v=1060
1770200586.9037 0 'robobot/drive/T0/mot' 1770200586.9037 0.17 1.4 0.1 0.1 0
1770200586.9049 0 'robobot/drive/T0/info' 1770200586.9048 # setvo t=98949, 0, ref=-800, e=-6000, value=-75000, vel=1000, dw=-1000, v=1046
1770200586.9050 0 'robobot/drive/T0/ird' 1770200586.9049 0.111 0.103 17339 18502 1
1770200586.9050 0 'robobot/drive/T0/pose' 1770200586.9050 98.6490 0.538 0.000 0.0520 -2.6909
1770200586.9072 0 'robobot/drive/T0/info' 1770200586.9071 # setvo t=98951, 0, ref=-800, e=-5000, value=-76000, vel=1000, dw=-1000, v=1033
1770200586.9073 0 'robobot/drive/T0/livn' 1770200586.9072 36 35 47 71 68 38 38 42 269
1770200586.9084 0 'robobot/drive/T0/vel' 1770200586.9084 98.6520 0.070 0.163 0.4018 0.070 4
1770200586.9085 0 'robobot/drive/T0/gyro' 1770200586.9084 0.099792 -0.411987 -0.472961 98.652
1770200586.9086 0 'robobot/drive/T0/info' 1770200586.9085 # setvo t=98953, 0, ref=-800, e=-4000, value=-77000, vel=1000, dw=-1000, v=1020
1770200586.9087 0 'robobot/drive/T0/mvel' 1770200586.9086 0.070 0.163
1770200586.9087 0 'robobot/drive/T0/acc' 1770200586.9086 0.461426 -0.018066 0.863525 98.653
1770200586.9109 0 'robobot/drive/T0/pose' 1770200586.9108 98.6540 0.538 0.000 0.0544 -2.6909
1770200586.9110 0 'robobot/drive/T0/info' 1770200586.9109 # setvo t=98955, 0, ref=-800, e=-3000, value=-78000, vel=1000, dw=-1000, v=1006
1770200586.9121 0 'robobot/drive/T0/liv' 1770200586.9121 24 28 43 57 63 37 33 29 25
1770200586.9122 0 'robobot/drive/T0/info' 1770200586.9121 # setvo t=98957, 0, ref=-800, e=-2000, value=-79000, vel=1000, dw=-1000, v=993
1770200586.9144 0 'robobot/drive/T0/info' 1770200586.9143 # setvo t=98959, 0, ref=-800, e=-1000, value=-80000, vel=1000, dw=-1000, v=980
1770200586.9156 0 'robobot/drive/T0/pose' 1770200586.9155 98.6590 0.539 0.000 0.0590 -2.6910
1770200586.9167 0 'robobot/drive/T0/vel' 1770200586.9166 98.6600 0.060 0.162 0.4405 0.060 4
1770200586.9167 0 'robobot/drive/T0/livn' 1770200586.9167 36 35 47 71 68 38 38 42 274
1770200586.9171 0 'robobot/drive/T0/mvel' 1770200586.9171 0.060 0.162
1770200586.9200 0 'robobot/drive/T0/pose' 1770200586.9199 98.6640 0.539 0.000 0.0613 -2.6910
1770200586.9200 0 'robobot/drive/T0/gyro' 1770200586.9200 1.198425 0.289917 -0.320374 98.664
1770200586.9212 0 'robobot/drive/T0/acc' 1770200586.9211 0.448730 0.009033 0.933350 98.665
1770200586.9244 0 'robobot/drive/T0/vel' 1770200586.9243 98.6680 0.050 0.158 0.4665 0.050 4
1770200586.9246 0 'robobot/drive/T0/mvel' 1770200586.9246 0.050 0.158
1770200586.9256 0 'robobot/drive/T0/pose' 1770200586.9255 98.6690 0.539 0.000 0.0648 -2.6910
1770200586.9277 0 'robobot/drive/T0/mca' 1770200586.9277 0.122 0.131 17
1770200586.9278 0 'robobot/drive/T0/livn' 1770200586.9277 36 35 47 71 68 38 37 42 279
1770200586.9300 0 'robobot/drive/T0/ird' 1770200586.9299 0.111 0.104 17324 18356 1
1770200586.9301 0 'robobot/drive/T0/pose' 1770200586.9300 98.6740 0.540 0.000 0.0682 -2.6910
1770200586.9323 0 'robobot/drive/T0/vel' 1770200586.9322 98.6760 0.040 0.154 0.4959 0.040 4
1770200586.9324 0 'robobot/drive/T0/gyro' 1770200586.9323 0.343933 -0.045776 0.137390 98.676
1770200586.9324 0 'robobot/drive/T0/acc' 1770200586.9324 0.396240 0.040283 0.837158 98.677
1770200586.9330 0 'robobot/drive/T0/mvel' 1770200586.9330 0.040 0.154
1770200586.9357 0 'robobot/drive/T0/pose' 1770200586.9356 98.6790 0.540 0.000 0.0717 -2.6911
1770200586.9368 0 'robobot/drive/T0/mot' 1770200586.9368 0.34 1.4 0.1 0.1 0
1770200586.9369 0 'robobot/drive/T0/livn' 1770200586.9368 36 35 47 71 68 38 37 42 284
1770200586.9402 0 'robobot/drive/T0/pose' 1770200586.9401 98.6840 0.540 0.000 0.0740 -2.6912
1770200586.9403 0 'robobot/drive/T0/vel' 1770200586.9402 98.6840 0.035 0.153 0.5149 0.035 4
1770200586.9405 0 'robobot/drive/T0/mvel' 1770200586.9404 0.035 0.153
1770200586.9446 0 'robobot/drive/T0/gyro' 1770200586.9445 0.557556 0.656128 -0.503479 98.688
1770200586.9447 0 'robobot/drive/T0/acc' 1770200586.9446 0.396240 0.014160 0.861816 98.689
1770200586.9458 0 'robobot/drive/T0/pose' 1770200586.9457 98.6890 0.541 0.001 0.0786 -2.6913
1770200586.9469 0 'robobot/drive/T0/livn' 1770200586.9468 36 35 47 71 68 38 37 42 289
1770200586.9480 0 'robobot/drive/T0/vel' 1770200586.9480 98.6920 0.025 0.156 0.5701 0.025 4
1770200586.9490 0 'robobot/drive/T0/mvel' 1770200586.9489 0.025 0.156
1770200586.9502 0 'robobot/drive/T0/pose' 1770200586.9501 98.6940 0.541 0.001 0.0810 -2.6913
1770200586.9545 0 'robobot/drive/T0/ird' 1770200586.9544 0.112 0.104 17242 18398 1
1770200586.9556 0 'robobot/drive/T0/pose' 1770200586.9556 98.6990 0.542 0.001 0.0856 -2.6914
1770200586.9568 0 'robobot/drive/T0/vel' 1770200586.9567 98.7000 0.022 0.160 0.5960 0.022 4
1770200586.9568 0 'robobot/drive/T0/gyro' 1770200586.9568 -0.480042 -0.564575 0.015320 98.701
1770200586.9569 0 'robobot/drive/T0/acc' 1770200586.9568 0.398682 0.011230 0.904541 98.701
1770200586.9570 0 'robobot/drive/T0/livn' 1770200586.9569 36 35 47 71 68 38 37 42 294
1770200586.9574 0 'robobot/drive/T0/mvel' 1770200586.9574 0.022 0.160
1770200586.9602 0 'robobot/drive/T0/mca' 1770200586.9602 0.121 0.147 16
1770200586.9603 0 'robobot/drive/T0/pose' 1770200586.9602 98.7040 0.542 0.001 0.0879 -2.6915
1770200586.9625 0 'robobot/drive/T0/liv' 1770200586.9624 28 37 44 53 64 37 33 25 25
1770200586.9646 0 'robobot/drive/T0/vel' 1770200586.9646 98.7080 0.018 0.160 0.6170 0.018 4
1770200586.9649 0 'robobot/drive/T0/mvel' 1770200586.9648 0.018 0.160
1770200586.9658 0 'robobot/drive/T0/pose' 1770200586.9657 98.7090 0.543 0.001 0.0925 -2.6915
1770200586.9669 0 'robobot/drive/T0/livn' 1770200586.9668 36 36 47 71 68 38 37 42 299
1770200586.9691 0 'robobot/drive/T0/gyro' 1770200586.9690 -0.632629 -0.320435 -0.228821 98.713
1770200586.9692 0 'robobot/drive/T0/acc' 1770200586.9691 0.449463 -0.001221 0.898682 98.713
1770200586.9692 0 'robobot/drive/T0/mot' 1770200586.9692 0.57 1.4 0.1 0.1 0
1770200586.9703 0 'robobot/drive/T0/pose' 1770200586.9703 98.7140 0.543 0.001 0.0948 -2.6915
1770200586.9725 0 'robobot/drive/T0/vel' 1770200586.9724 98.7160 0.017 0.158 0.6146 0.017 4
1770200586.9734 0 'robobot/drive/T0/mvel' 1770200586.9733 0.017 0.158
1770200586.9757 0 'robobot/drive/T0/pose' 1770200586.9757 98.7190 0.543 0.001 0.0995 -2.6917
1770200586.9769 0 'robobot/drive/T0/livn' 1770200586.9768 30 38 46 64 63 40 47 49 3
1770200586.9801 0 'robobot/drive/T0/ird' 1770200586.9800 0.112 0.105 17113 18265 1
1770200586.9802 0 'robobot/drive/T0/pose' 1770200586.9801 98.7240 0.544 0.001 0.1018 -2.6918
1770200586.9802 0 'robobot/drive/T0/vel' 1770200586.9802 98.7240 0.014 0.153 0.6040 0.014 4
1770200586.9803 0 'robobot/drive/T0/gyro' 1770200586.9802 -0.846252 -0.473022 0.045837 98.725
1770200586.9804 0 'robobot/drive/T0/acc' 1770200586.9803 0.396973 -0.011475 0.869873 98.725
1770200586.9808 0 'robobot/drive/T0/mvel' 1770200586.9808 0.014 0.153
1770200586.9857 0 'robobot/drive/T0/pose' 1770200586.9857 98.7290 0.544 0.001 0.1052 -2.6918
1770200586.9869 0 'robobot/drive/T0/livn' 1770200586.9868 24 33 48 62 66 33 39 53 8
1770200586.9880 0 'robobot/drive/T0/vel' 1770200586.9879 98.7320 0.013 0.152 0.6046 0.013 4
1770200586.9882 0 'robobot/drive/T0/mvel' 1770200586.9882 0.013 0.152
1770200586.9902 0 'robobot/drive/T0/pose' 1770200586.9901 98.7340 0.545 0.001 0.1076 -2.6918
1770200586.9924 0 'robobot/drive/T0/gyro' 1770200586.9923 -0.602112 -0.045776 -0.015198 98.737
1770200586.9925 0 'robobot/drive/T0/acc' 1770200586.9924 0.425781 -0.006348 0.868164 98.737
1770200586.9936 0 'robobot/drive/T0/mca' 1770200586.9935 0.167 0.137 17
1770200586.9957 0 'robobot/drive/T0/pose' 1770200586.9957 98.7390 0.545 0.001 0.1110 -2.6918
1770200586.9969 0 'robobot/drive/T0/vel' 1770200586.9968 98.7400 0.012 0.153 0.6125 0.012 4
1770200586.9969 0 'robobot/drive/T0/livn' 1770200586.9969 25 33 47 64 67 36 38 48 13
1770200586.9978 0 'robobot/drive/T0/mvel' 1770200586.9978 0.012 0.153
1770200587.0002 0 'robobot/drive/T0/pose' 1770200587.0001 98.7440 0.545 0.001 0.1122 -2.6920
1770200587.0023 0 'robobot/drive/T0/mot' 1770200587.0023 0.75 1.4 0.1 0.1 0
1770200587.0045 0 'robobot/drive/T0/vel' 1770200587.0044 98.7480 0.011 0.156 0.6319 0.011 4
1770200587.0046 0 'robobot/drive/T0/gyro' 1770200587.0045 0.221863 -0.167847 -0.076233 98.749
1770200587.0047 0 'robobot/drive/T0/acc' 1770200587.0046 0.425781 -0.015625 0.892334 98.749
1770200587.0047 0 'robobot/drive/T0/ird' 1770200587.0047 0.113 0.104 17074 18308 1
1770200587.0052 0 'robobot/drive/T0/mvel' 1770200587.0052 0.011 0.156
1770200587.0058 0 'robobot/drive/T0/pose' 1770200587.0058 98.7490 0.546 0.001 0.1156 -2.6920
1770200587.0070 0 'robobot/drive/T0/livn' 1770200587.0069 29 34 48 66 67 35 38 46 18
1770200587.0102 0 'robobot/drive/T0/pose' 1770200587.0101 98.7540 0.546 0.001 0.1168 -2.6920
1770200587.0124 0 'robobot/drive/T0/liv' 1770200587.0123 25 30 44 52 60 36 33 32 25
1770200587.0125 0 'robobot/drive/T0/vel' 1770200587.0124 98.7560 0.020 0.159 0.6057 0.020 4
1770200587.0127 0 'robobot/drive/T0/mvel' 1770200587.0126 0.020 0.159
1770200587.0157 0 'robobot/drive/T0/pose' 1770200587.0156 98.7590 0.547 0.001 0.1203 -2.6921
1770200587.0168 0 'robobot/drive/T0/gyro' 1770200587.0168 -0.388489 -0.106812 0.106873 98.761
1770200587.0169 0 'robobot/drive/T0/acc' 1770200587.0168 0.400391 0.013672 0.801514 98.761
1770200587.0170 0 'robobot/drive/T0/livn' 1770200587.0169 31 34 48 68 69 36 38 46 23
1770200587.0202 0 'robobot/drive/T0/pose' 1770200587.0201 98.7640 0.547 0.001 0.1214 -2.6921
1770200587.0203 0 'robobot/drive/T0/vel' 1770200587.0202 98.7650 0.032 0.160 0.5565 0.032 5
1770200587.0212 0 'robobot/drive/T0/mvel' 1770200587.0211 0.032 0.160
1770200587.0256 0 'robobot/drive/T0/pose' 1770200587.0256 98.7690 0.548 0.001 0.1249 -2.6922
1770200587.0257 0 'robobot/drive/T0/mca' 1770200587.0256 0.144 0.137 16
1770200587.0268 0 'robobot/drive/T0/livn' 1770200587.0267 33 32 46 70 69 35 36 46 28
1770200587.0290 0 'robobot/drive/T0/vel' 1770200587.0289 98.7730 0.048 0.157 0.4718 0.048 4
1770200587.0290 0 'robobot/drive/T0/gyro' 1770200587.0290 0.496521 0.137329 -0.778137 98.773
1770200587.0291 0 'robobot/drive/T0/acc' 1770200587.0290 0.416260 -0.016602 0.876221 98.773
1770200587.0296 0 'robobot/drive/T0/mvel' 1770200587.0296 0.048 0.157
1770200587.0302 0 'robobot/drive/T0/ird' 1770200587.0302 0.113 0.104 17065 18350 1
1770200587.0303 0 'robobot/drive/T0/pose' 1770200587.0302 98.7750 0.549 0.001 0.1261 -2.6921
1770200587.0356 0 'robobot/drive/T0/mot' 1770200587.0356 0.6 1.4 0.1 0.1 0
1770200587.0357 0 'robobot/drive/T0/pose' 1770200587.0356 98.7800 0.549 0.001 0.1295 -2.6921
1770200587.0368 0 'robobot/drive/T0/vel' 1770200587.0368 98.7810 0.051 0.156 0.4534 0.051 4
1770200587.0369 0 'robobot/drive/T0/livn' 1770200587.0368 33 32 46 70 71 36 36 45 33
1770200587.0371 0 'robobot/drive/T0/mvel' 1770200587.0370 0.051 0.156
1770200587.0412 0 'robobot/drive/T0/pose' 1770200587.0411 98.7850 0.550 0.001 0.1318 -2.6923
1770200587.0413 0 'robobot/drive/T0/gyro' 1770200587.0412 1.625671 1.052856 -0.686584 98.785
1770200587.0413 0 'robobot/drive/T0/acc' 1770200587.0413 0.458496 -0.003418 1.017822 98.785
1770200587.0446 0 'robobot/drive/T0/vel' 1770200587.0445 98.7890 0.050 0.157 0.4612 0.050 4
1770200587.0456 0 'robobot/drive/T0/mvel' 1770200587.0455 0.050 0.157
1770200587.0457 0 'robobot/drive/T0/pose' 1770200587.0456 98.7900 0.550 0.002 0.1342 -2.6923
1770200587.0468 0 'robobot/drive/T0/livn' 1770200587.0468 34 33 45 70 71 37 37 44 38
1770200587.0511 0 'robobot/drive/T0/pose' 1770200587.0511 98.7950 0.551 0.002 0.1353 -2.6923
1770200587.0522 0 'robobot/drive/T0/vel' 1770200587.0522 98.7970 0.057 0.152 0.4105 0.057 4
1770200587.0523 0 'robobot/drive/T0/gyro' 1770200587.0523 -0.785217 -0.534058 0.106873 98.797
1770200587.0524 0 'robobot/drive/T0/acc' 1770200587.0523 0.425537 0.004639 0.870605 98.797
1770200587.0530 0 'robobot/drive/T0/mvel' 1770200587.0529 0.057 0.152
1770200587.0546 0 'robobot/drive/T0/ird' 1770200587.0545 0.113 0.104 17046 18421 1
1770200587.0557 0 'robobot/drive/T0/pose' 1770200587.0556 98.8000 0.551 0.002 0.1376 -2.6923
1770200587.0568 0 'robobot/drive/T0/livn' 1770200587.0567 33 33 44 71 71 36 37 44 43
1770200587.0590 0 'robobot/drive/T0/mca' 1770200587.0589 0.118 0.137 17
1770200587.0611 0 'robobot/drive/T0/vel' 1770200587.0611 98.8050 0.056 0.152 0.4169 0.056 4
1770200587.0612 0 'robobot/drive/T0/pose' 1770200587.0611 98.8050 0.552 0.002 0.1411 -2.6924
1770200587.0615 0 'robobot/drive/T0/mvel' 1770200587.0615 0.056 0.152
1770200587.0623 0 'robobot/drive/T0/liv' 1770200587.0623 27 28 39 56 67 36 35 29 25
1770200587.0645 0 'robobot/drive/T0/gyro' 1770200587.0644 -0.113831 -0.717163 -0.045715 98.809
1770200587.0646 0 'robobot/drive/T0/acc' 1770200587.0645 0.377441 0.006104 0.892578 98.809
1770200587.0657 0 'robobot/drive/T0/pose' 1770200587.0656 98.8100 0.552 0.002 0.1422 -2.6927
1770200587.0668 0 'robobot/drive/T0/livn' 1770200587.0668 34 32 44 70 71 37 38 43 48
1770200587.0679 0 'robobot/drive/T0/mot' 1770200587.0679 0.51 1.4 0.1 0.1 0
1770200587.0691 0 'robobot/drive/T0/vel' 1770200587.0690 98.8130 0.053 0.158 0.4566 0.053 4
1770200587.0700 0 'robobot/drive/T0/mvel' 1770200587.0700 0.053 0.158
1770200587.0713 0 'robobot/drive/T0/pose' 1770200587.0712 98.8150 0.553 0.002 0.1469 -2.6928
1770200587.0766 0 'robobot/drive/T0/pose' 1770200587.0766 98.8200 0.553 0.002 0.1480 -2.6926
1770200587.0767 0 'robobot/drive/T0/vel' 1770200587.0766 98.8210 0.045 0.157 0.4879 0.045 4
1770200587.0768 0 'robobot/drive/T0/gyro' 1770200587.0767 -0.510559 -0.289917 -0.045715 98.821
1770200587.0768 0 'robobot/drive/T0/acc' 1770200587.0768 0.441406 0.009033 0.926514 98.821
1770200587.0769 0 'robobot/drive/T0/livn' 1770200587.0768 34 33 44 70 71 37 39 44 53
1770200587.0774 0 'robobot/drive/T0/mvel' 1770200587.0774 0.045 0.157
1770200587.0801 0 'robobot/drive/T0/ird' 1770200587.0801 0.113 0.104 17059 18332 1
1770200587.0813 0 'robobot/drive/T0/pose' 1770200587.0812 98.8250 0.554 0.002 0.1492 -2.6927
1770200587.0845 0 'robobot/drive/T0/vel' 1770200587.0844 98.8290 0.049 0.156 0.4648 0.049 4
1770200587.0849 0 'robobot/drive/T0/mvel' 1770200587.0848 0.049 0.156
1770200587.0867 0 'robobot/drive/T0/pose' 1770200587.0866 98.8300 0.554 0.002 0.1515 -2.6928
1770200587.0868 0 'robobot/drive/T0/livn' 1770200587.0867 34 33 44 71 71 38 39 44 58
1770200587.0889 0 'robobot/drive/T0/gyro' 1770200587.0889 -1.365051 0.747681 -0.198303 98.833
1770200587.0890 0 'robobot/drive/T0/acc' 1770200587.0890 0.425537 -0.018311 0.893799 98.833
1770200587.0912 0 'robobot/drive/T0/pose' 1770200587.0911 98.8350 0.555 0.002 0.1538 -2.6928
1770200587.0923 0 'robobot/drive/T0/mca' 1770200587.0923 0.147 0.135 16
1770200587.0924 0 'robobot/drive/T0/vel' 1770200587.0923 98.8370 0.058 0.158 0.4365 0.058 4
1770200587.0933 0 'robobot/drive/T0/mvel' 1770200587.0933 0.058 0.158
1770200587.0967 0 'robobot/drive/T0/pose' 1770200587.0966 98.8400 0.555 0.002 0.1561 -2.6927
1770200587.0967 0 'robobot/drive/T0/livn' 1770200587.0967 34 33 45 70 70 37 39 44 63
1770200587.1010 0 'robobot/drive/T0/vel' 1770200587.1010 98.8450 0.059 0.152 0.4046 0.059 4
1770200587.1011 0 'robobot/drive/T0/gyro' 1770200587.1010 -0.205383 0.228882 -0.289856 98.845
1770200587.1012 0 'robobot/drive/T0/acc' 1770200587.1011 0.414551 -0.030762 0.907471 98.845
1770200587.1013 0 'robobot/drive/T0/pose' 1770200587.1012 98.8450 0.556 0.002 0.1573 -2.6930
1770200587.1013 0 'robobot/drive/T0/mot' 1770200587.1013 0.47 1.4 0.1 0.1 0
1770200587.1018 0 'robobot/drive/T0/mvel' 1770200587.1018 0.059 0.152
1770200587.1046 0 'robobot/drive/T0/ird' 1770200587.1045 0.113 0.105 17034 18176 1
1770200587.1057 0 'robobot/drive/T0/pose' 1770200587.1056 98.8500 0.556 0.002 0.1584 -2.6930
1770200587.1068 0 'robobot/drive/T0/livn' 1770200587.1067 34 34 45 70 70 37 39 44 68
1770200587.1090 0 'robobot/drive/T0/vel' 1770200587.1089 98.8530 0.063 0.148 0.3680 0.063 4
1770200587.1092 0 'robobot/drive/T0/mvel' 1770200587.1092 0.063 0.148
1770200587.1112 0 'robobot/drive/T0/pose' 1770200587.1111 98.8550 0.557 0.003 0.1619 -2.6931
1770200587.1123 0 'robobot/drive/T0/liv' 1770200587.1122 27 35 45 53 59 37 35 30 25
1770200587.1124 0 'robobot/drive/T0/gyro' 1770200587.1123 -0.907288 -0.320435 0.656189 98.857
1770200587.1124 0 'robobot/drive/T0/acc' 1770200587.1124 0.459717 0.014160 0.869629 98.857
1770200587.1167 0 'robobot/drive/T0/pose' 1770200587.1167 98.8600 0.558 0.003 0.1619 -2.6930
1770200587.1168 0 'robobot/drive/T0/vel' 1770200587.1167 98.8610 0.071 0.155 0.3665 0.071 4
1770200587.1168 0 'robobot/drive/T0/livn' 1770200587.1168 33 34 45 70 70 37 38 43 73
1770200587.1177 0 'robobot/drive/T0/mvel' 1770200587.1177 0.071 0.155
1770200587.1211 0 'robobot/drive/T0/pose' 1770200587.1211 98.8650 0.558 0.003 0.1654 -2.6931
1770200587.1244 0 'robobot/drive/T0/vel' 1770200587.1243 98.8690 0.070 0.158 0.3836 0.070 4
1770200587.1244 0 'robobot/drive/T0/gyro' 1770200587.1244 -0.541077 0.411987 -0.411926 98.869
1770200587.1245 0 'robobot/drive/T0/acc' 1770200587.1245 0.418945 -0.019287 0.893555 98.869
1770200587.1251 0 'robobot/drive/T0/mvel' 1770200587.1251 0.070 0.158
1770200587.1257 0 'robobot/drive/T0/mca' 1770200587.1256 0.187 0.149 17
1770200587.1258 0 'robobot/drive/T0/pose' 1770200587.1257 98.8700 0.559 0.003 0.1665 -2.6931
1770200587.1269 0 'robobot/drive/T0/livn' 1770200587.1268 33 34 45 70 70 38 39 43 78
1770200587.1328 0 'robobot/drive/T0/ird' 1770200587.1327 0.112 0.105 17117 18270 1
1770200587.1329 0 'robobot/drive/T0/pose' 1770200587.1328 98.8750 0.559 0.003 0.1688 -2.6931
1770200587.1329 0 'robobot/drive/T0/vel' 1770200587.1329 98.8770 0.067 0.159 0.4005 0.067 4
1770200587.1336 0 'robobot/drive/T0/mvel' 1770200587.1336 0.067 0.159
1770200587.1351 0 'robobot/drive/T0/mot' 1770200587.1350 0.29 1.4 0.1 0.1 0
1770200587.1363 0 'robobot/drive/T0/pose' 1770200587.1362 98.8800 0.560 0.003 0.1700 -2.6932
1770200587.1364 0 'robobot/drive/T0/gyro' 1770200587.1363 0.954285 0.320435 -0.564514 98.881
1770200587.1364 0 'robobot/drive/T0/acc' 1770200587.1364 0.431641 -0.002930 0.914307 98.881
1770200587.1376 0 'robobot/drive/T0/livn' 1770200587.1375 34 34 45 70 70 37 38 43 83
1770200587.1410 0 'robobot/drive/T0/vel' 1770200587.1408 98.8850 0.070 0.157 0.3771 0.070 4
1770200587.1411 0 'robobot/drive/T0/pose' 1770200587.1410 98.8850 0.561 0.003 0.1735 -2.6933
1770200587.1412 0 'robobot/drive/T0/mvel' 1770200587.1411 0.070 0.157
1770200587.1465 0 'robobot/drive/T0/pose' 1770200587.1464 98.8900 0.561 0.003 0.1746 -2.6933
1770200587.1476 0 'robobot/drive/T0/livn' 1770200587.1476 34 34 45 70 70 37 38 43 88
1770200587.1488 0 'robobot/drive/T0/vel' 1770200587.1487 98.8930 0.070 0.157 0.3758 0.070 4
1770200587.1489 0 'robobot/drive/T0/gyro' 1770200587.1488 0.099792 -0.045776 0.289978 98.893
1770200587.1489 0 'robobot/drive/T0/acc' 1770200587.1489 0.422363 -0.012695 0.887695 98.893
1770200587.1496 0 'robobot/drive/T0/mvel' 1770200587.1496 0.070 0.157
1770200587.1511 0 'robobot/drive/T0/pose' 1770200587.1511 98.8950 0.561 0.003 0.1769 -2.6933
1770200587.1554 0 'robobot/drive/T0/ird' 1770200587.1554 0.112 0.105 17168 18227 1
1770200587.1565 0 'robobot/drive/T0/pose' 1770200587.1565 98.9000 0.562 0.003 0.1793 -2.6934
1770200587.1566 0 'robobot/drive/T0/vel' 1770200587.1565 98.9010 0.065 0.154 0.3885 0.065 4
1770200587.1570 0 'robobot/drive/T0/mvel' 1770200587.1570 0.065 0.154
1770200587.1577 0 'robobot/drive/T0/livn' 1770200587.1577 33 34 45 70 70 37 38 43 93
1770200587.1578 0 'robobot/drive/T0/mca' 1770200587.1577 0.135 0.127 16
1770200587.1610 0 'robobot/drive/T0/gyro' 1770200587.1610 -0.083313 -0.198364 -0.045715 98.905
1770200587.1611 0 'robobot/drive/T0/acc' 1770200587.1610 0.407959 -0.003418 0.870605 98.905
1770200587.1612 0 'robobot/drive/T0/pose' 1770200587.1611 98.9050 0.562 0.003 0.1816 -2.6935
1770200587.1623 0 'robobot/drive/T0/liv' 1770200587.1622 24 27 43 56 63 37 32 30 25
1770200587.1645 0 'robobot/drive/T0/vel' 1770200587.1644 98.9090 0.058 0.149 0.3936 0.058 4
1770200587.1654 0 'robobot/drive/T0/mvel' 1770200587.1654 0.058 0.149
1770200587.1667 0 'robobot/drive/T0/pose' 1770200587.1666 98.9100 0.563 0.004 0.1827 -2.6935
1770200587.1678 0 'robobot/drive/T0/livn' 1770200587.1677 33 33 45 70 70 37 38 44 98
1770200587.1678 0 'robobot/drive/T0/mot' 1770200587.1678 0.26 1.5 0.1 0.1 0
1770200587.1711 0 'robobot/drive/T0/pose' 1770200587.1710 98.9150 0.564 0.004 0.1862 -2.6935
1770200587.1732 0 'robobot/drive/T0/vel' 1770200587.1732 98.9170 0.057 0.151 0.4075 0.057 4
1770200587.1733 0 'robobot/drive/T0/gyro' 1770200587.1732 -0.022278 0.106812 0.198425 98.917
1770200587.1734 0 'robobot/drive/T0/acc' 1770200587.1733 0.421631 0.009033 0.902344 98.917
1770200587.1739 0 'robobot/drive/T0/mvel' 1770200587.1738 0.057 0.151
1770200587.1766 0 'robobot/drive/T0/pose' 1770200587.1765 98.9200 0.564 0.004 0.1874 -2.6936
1770200587.1777 0 'robobot/drive/T0/livn' 1770200587.1777 33 33 45 70 70 37 38 43 103
1770200587.1799 0 'robobot/drive/T0/ird' 1770200587.1799 0.111 0.105 17365 18246 1
1770200587.1810 0 'robobot/drive/T0/vel' 1770200587.1810 98.9250 0.053 0.155 0.4444 0.053 4
1770200587.1811 0 'robobot/drive/T0/pose' 1770200587.1810 98.9250 0.565 0.004 0.1908 -2.6936
1770200587.1813 0 'robobot/drive/T0/mvel' 1770200587.1813 0.053 0.155
1770200587.1843 0 'robobot/drive/T0/gyro' 1770200587.1843 0.343933 0.656128 0.015320 98.929
1770200587.1844 0 'robobot/drive/T0/acc' 1770200587.1843 0.425537 0.004395 0.812012 98.929
1770200587.1866 0 'robobot/drive/T0/pose' 1770200587.1865 98.9300 0.565 0.004 0.1931 -2.6935
1770200587.1877 0 'robobot/drive/T0/livn' 1770200587.1877 34 34 45 70 70 38 37 43 108
1770200587.1889 0 'robobot/drive/T0/vel' 1770200587.1888 98.9330 0.050 0.156 0.4605 0.050 4
1770200587.1898 0 'robobot/drive/T0/mvel' 1770200587.1897 0.050 0.156
1770200587.1910 0 'robobot/drive/T0/mca' 1770200587.1910 0.105 0.148 17
1770200587.1911 0 'robobot/drive/T0/pose' 1770200587.1910 98.9350 0.565 0.004 0.1978 -2.6935
1770200587.1965 0 'robobot/drive/T0/pose' 1770200587.1964 98.9400 0.566 0.004 0.2001 -2.6936
1770200587.1965 0 'robobot/drive/T0/vel' 1770200587.1965 98.9410 0.042 0.158 0.5044 0.042 4
1770200587.1966 0 'robobot/drive/T0/gyro' 1770200587.1965 0.160828 -0.228882 0.076355 98.941
1770200587.1967 0 'robobot/drive/T0/acc' 1770200587.1966 0.385986 -0.020752 0.880127 98.941
1770200587.1971 0 'robobot/drive/T0/mvel' 1770200587.1971 0.042 0.158
1770200587.1978 0 'robobot/drive/T0/livn' 1770200587.1978 34 33 44 70 70 37 37 42 113
1770200587.2010 0 'robobot/drive/T0/mot' 1770200587.2010 0.33 1.4 0.1 0.1 0
1770200587.2011 0 'robobot/drive/T0/pose' 1770200587.2010 98.9450 0.566 0.004 0.2024 -2.6937
1770200587.2043 0 'robobot/drive/T0/vel' 1770200587.2043 98.9490 0.033 0.159 0.5478 0.033 4
1770200587.2046 0 'robobot/drive/T0/mvel' 1770200587.2045 0.033 0.159
1770200587.2055 0 'robobot/drive/T0/ird' 1770200587.2054 0.109 0.104 17619 18334 1
1770200587.2066 0 'robobot/drive/T0/pose' 1770200587.2065 98.9500 0.567 0.004 0.2059 -2.6938
1770200587.2077 0 'robobot/drive/T0/livn' 1770200587.2077 34 33 44 69 70 37 37 42 118
1770200587.2088 0 'robobot/drive/T0/gyro' 1770200587.2088 0.343933 0.198364 0.076355 98.953
1770200587.2089 0 'robobot/drive/T0/acc' 1770200587.2088 0.420166 -0.013428 0.891357 98.953
1770200587.2111 0 'robobot/drive/T0/pose' 1770200587.2110 98.9550 0.567 0.004 0.2082 -2.6938
1770200587.2122 0 'robobot/drive/T0/liv' 1770200587.2122 29 31 42 52 63 36 30 26 25
1770200587.2123 0 'robobot/drive/T0/vel' 1770200587.2122 98.9570 0.030 0.155 0.5461 0.030 4
1770200587.2130 0 'robobot/drive/T0/mvel' 1770200587.2130 0.030 0.155
1770200587.2166 0 'robobot/drive/T0/pose' 1770200587.2165 98.9600 0.568 0.005 0.2105 -2.6938
1770200587.2177 0 'robobot/drive/T0/livn' 1770200587.2176 34 33 44 70 70 37 37 42 123
1770200587.2209 0 'robobot/drive/T0/vel' 1770200587.2209 98.9650 0.035 0.150 0.4985 0.035 4
1770200587.2210 0 'robobot/drive/T0/gyro' 1770200587.2209 0.160828 0.228882 0.045837 98.965
1770200587.2211 0 'robobot/drive/T0/acc' 1770200587.2210 0.415771 0.024902 0.886475 98.965
1770200587.2211 0 'robobot/drive/T0/pose' 1770200587.2211 98.9650 0.568 0.005 0.2116 -2.6938
1770200587.2216 0 'robobot/drive/T0/mvel' 1770200587.2215 0.035 0.150
1770200587.2244 0 'robobot/drive/T0/mca' 1770200587.2243 0.109 0.134 16
1770200587.2265 0 'robobot/drive/T0/pose' 1770200587.2265 98.9700 0.569 0.005 0.2128 -2.6938
1770200587.2277 0 'robobot/drive/T0/livn' 1770200587.2276 34 34 45 70 70 38 37 42 128
1770200587.2288 0 'robobot/drive/T0/vel' 1770200587.2287 98.9730 0.044 0.152 0.4692 0.044 4
1770200587.2291 0 'robobot/drive/T0/mvel' 1770200587.2290 0.044 0.152
1770200587.2299 0 'robobot/drive/T0/ird' 1770200587.2298 0.108 0.104 17833 18314 1
1770200587.2310 0 'robobot/drive/T0/pose' 1770200587.2310 98.9750 0.569 0.005 0.2163 -2.6940
1770200587.2332 0 'robobot/drive/T0/gyro' 1770200587.2331 -0.602112 -0.411987 -0.472961 98.977
1770200587.2333 0 'robobot/drive/T0/acc' 1770200587.2332 0.418213 0.028320 0.793213 98.977
1770200587.2333 0 'robobot/drive/T0/mot' 1770200587.2333 0.36 1.4 0.1 0.1 0
1770200587.2366 0 'robobot/drive/T0/pose' 1770200587.2365 98.9800 0.570 0.005 0.2186 -2.6940
1770200587.2366 0 'robobot/drive/T0/vel' 1770200587.2366 98.9810 0.050 0.154 0.4496 0.050 4
1770200587.2376 0 'robobot/drive/T0/mvel' 1770200587.2376 0.050 0.154
1770200587.2378 0 'robobot/drive/T0/livn' 1770200587.2377 35 34 45 70 70 38 37 42 133
1770200587.2410 0 'robobot/drive/T0/pose' 1770200587.2410 98.9850 0.570 0.005 0.2220 -2.6940
1770200587.2453 0 'robobot/drive/T0/vel' 1770200587.2453 98.9890 0.049 0.156 0.4627 0.049 4
1770200587.2454 0 'robobot/drive/T0/gyro' 1770200587.2453 -0.388489 -0.320435 -0.167786 98.989
1770200587.2455 0 'robobot/drive/T0/acc' 1770200587.2454 0.417480 0.005615 0.842529 98.989
1770200587.2460 0 'robobot/drive/T0/mvel' 1770200587.2460 0.049 0.156
1770200587.2466 0 'robobot/drive/T0/pose' 1770200587.2465 98.9900 0.570 0.005 0.2244 -2.6940
1770200587.2477 0 'robobot/drive/T0/livn' 1770200587.2477 35 34 45 70 70 37 37 42 138
1770200587.2510 0 'robobot/drive/T0/pose' 1770200587.2509 98.9950 0.571 0.005 0.2267 -2.6941
1770200587.2531 0 'robobot/drive/T0/vel' 1770200587.2531 98.9970 0.042 0.159 0.5091 0.042 4
1770200587.2534 0 'robobot/drive/T0/mvel' 1770200587.2534 0.042 0.159
1770200587.2553 0 'robobot/drive/T0/ird' 1770200587.2552 0.106 0.105 18104 18230 1
1770200587.2564 0 'robobot/drive/T0/pose' 1770200587.2564 99.0000 0.571 0.005 0.2290 -2.6941
1770200587.2565 0 'robobot/drive/T0/gyro' 1770200587.2564 -0.327454 -1.388550 0.015320 99.001
1770200587.2566 0 'robobot/drive/T0/acc' 1770200587.2565 0.403809 -0.000488 0.881592 99.001
1770200587.2577 0 'robobot/drive/T0/mca' 1770200587.2576 0.125 0.142 17
1770200587.2577 0 'robobot/drive/T0/livn' 1770200587.2577 35 34 45 70 70 38 37 42 143
1770200587.2610 0 'robobot/drive/T0/vel' 1770200587.2609 99.0050 0.044 0.156 0.4901 0.044 4
1770200587.2610 0 'robobot/drive/T0/mvel' 1770200587.2610 0.044 0.156
1770200587.2610 0 'robobot/drive/T0/pose' 1770200587.2610 99.0050 0.572 0.006 0.2313 -2.6944
1770200587.2622 0 'robobot/drive/T0/liv' 1770200587.2621 27 29 45 56 62 37 34 28 25
1770200587.2654 0 'robobot/drive/T0/hbt' 1770200587.2653 99.0090 107 1033 15.62 4 8 9.0 0.45 0
1770200587.2665 0 'robobot/drive/T0/pose' 1770200587.2665 99.0100 0.572 0.006 0.2336 -2.6943
1770200587.2666 0 'robobot/drive/T0/mot' 1770200587.2665 0.36 1.4 0.1 0.1 0
1770200587.2677 0 'robobot/drive/T0/livn' 1770200587.2677 34 33 45 70 70 38 37 42 148
1770200587.2688 0 'robobot/drive/T0/vel' 1770200587.2688 99.0130 0.042 0.156 0.4957 0.042 4
1770200587.2689 0 'robobot/drive/T0/gyro' 1770200587.2688 -0.174866 -0.473022 0.137390 99.013
1770200587.2690 0 'robobot/drive/T0/acc' 1770200587.2689 0.406250 -0.008057 0.905762 99.013
1770200587.2694 0 'robobot/drive/T0/mvel' 1770200587.2694 0.042 0.156
1770200587.2712 0 'robobot/drive/T0/pose' 1770200587.2711 99.0150 0.573 0.006 0.2359 -2.6944
1770200587.2765 0 'robobot/drive/T0/pose' 1770200587.2765 99.0200 0.573 0.006 0.2394 -2.6943
1770200587.2766 0 'robobot/drive/T0/vel' 1770200587.2766 99.0210 0.044 0.155 0.4828 0.044 4
1770200587.2769 0 'robobot/drive/T0/mvel' 1770200587.2768 0.044 0.155
1770200587.2777 0 'robobot/drive/T0/livn' 1770200587.2777 34 33 45 70 70 38 37 42 153
1770200587.2799 0 'robobot/drive/T0/ird' 1770200587.2799 0.105 0.105 18166 18191 1
1770200587.2810 0 'robobot/drive/T0/gyro' 1770200587.2810 0.466003 0.320435 -0.350891 99.025
1770200587.2811 0 'robobot/drive/T0/acc' 1770200587.2810 0.406738 -0.004395 0.920410 99.025
1770200587.2812 0 'robobot/drive/T0/pose' 1770200587.2811 99.0250 0.574 0.006 0.2429 -2.6944
1770200587.2844 0 'robobot/drive/T0/vel' 1770200587.2844 99.0290 0.042 0.148 0.4634 0.042 4
1770200587.2853 0 'robobot/drive/T0/mvel' 1770200587.2853 0.042 0.148
1770200587.2866 0 'robobot/drive/T0/pose' 1770200587.2865 99.0300 0.574 0.006 0.2452 -2.6944
1770200587.2877 0 'robobot/drive/T0/livn' 1770200587.2877 34 33 45 70 70 38 37 42 158
1770200587.2899 0 'robobot/drive/T0/mca' 1770200587.2898 0.171 0.136 16
1770200587.2910 0 'robobot/drive/T0/pose' 1770200587.2909 99.0350 0.575 0.006 0.2498 -2.6945
1770200587.2932 0 'robobot/drive/T0/vel' 1770200587.2931 99.0370 0.035 0.152 0.5072 0.035 4
1770200587.2933 0 'robobot/drive/T0/gyro' 1770200587.2932 0.191345 -0.289917 -0.472961 99.037
1770200587.2933 0 'robobot/drive/T0/acc' 1770200587.2933 0.429199 -0.003174 0.874756 99.037
1770200587.2938 0 'robobot/drive/T0/mvel' 1770200587.2938 0.035 0.152
1770200587.2966 0 'robobot/drive/T0/pose' 1770200587.2965 99.0400 0.575 0.006 0.2521 -2.6945
1770200587.2977 0 'robobot/drive/T0/livn' 1770200587.2977 34 34 45 70 70 38 37 42 163
1770200587.2999 0 'robobot/drive/T0/mot' 1770200587.2999 0.44 1.4 0.1 0.1 0
1770200587.3011 0 'robobot/drive/T0/vel' 1770200587.3010 99.0450 0.030 0.159 0.5600 0.030 4
1770200587.3011 0 'robobot/drive/T0/pose' 1770200587.3011 99.0450 0.575 0.006 0.2567 -2.6946
1770200587.3013 0 'robobot/drive/T0/mvel' 1770200587.3012 0.030 0.159
1770200587.3044 0 'robobot/drive/T0/gyro' 1770200587.3043 0.099792 0.259399 -0.167786 99.049
1770200587.3045 0 'robobot/drive/T0/acc' 1770200587.3044 0.412842 0.007812 0.908203 99.049
1770200587.3056 0 'robobot/drive/T0/ird' 1770200587.3055 0.105 0.104 18210 18349 1
1770200587.3067 0 'robobot/drive/T0/pose' 1770200587.3067 99.0500 0.576 0.006 0.2591 -2.6947
1770200587.3078 0 'robobot/drive/T0/livn' 1770200587.3078 34 34 45 70 70 38 37 42 168
1770200587.3090 0 'robobot/drive/T0/vel' 1770200587.3089 99.0530 0.027 0.158 0.5707 0.027 4
1770200587.3098 0 'robobot/drive/T0/mvel' 1770200587.3097 0.027 0.158
1770200587.3112 0 'robobot/drive/T0/pose' 1770200587.3111 99.0550 0.576 0.007 0.2637 -2.6947
1770200587.3123 0 'robobot/drive/T0/liv' 1770200587.3122 26 31 42 54 65 40 35 32 25
1770200587.3166 0 'robobot/drive/T0/pose' 1770200587.3165 99.0600 0.576 0.007 0.2660 -2.6947
1770200587.3166 0 'robobot/drive/T0/vel' 1770200587.3166 99.0610 0.021 0.156 0.5875 0.021 4
1770200587.3167 0 'robobot/drive/T0/gyro' 1770200587.3166 0.038757 -0.381470 0.045837 99.061
1770200587.3168 0 'robobot/drive/T0/acc' 1770200587.3167 0.408936 0.020996 0.854248 99.061
1770200587.3168 0 'robobot/drive/T0/livn' 1770200587.3168 34 33 45 70 70 38 37 43 173
1770200587.3172 0 'robobot/drive/T0/mvel' 1770200587.3172 0.021 0.156
1770200587.3211 0 'robobot/drive/T0/pose' 1770200587.3211 99.0650 0.577 0.007 0.2706 -2.6948
1770200587.3233 0 'robobot/drive/T0/mca' 1770200587.3232 0.178 0.137 17
1770200587.3244 0 'robobot/drive/T0/vel' 1770200587.3243 99.0690 0.018 0.158 0.6057 0.018 4
1770200587.3247 0 'robobot/drive/T0/mvel' 1770200587.3246 0.018 0.158
1770200587.3266 0 'robobot/drive/T0/pose' 1770200587.3265 99.0700 0.577 0.007 0.2729 -2.6948
1770200587.3278 0 'robobot/drive/T0/livn' 1770200587.3277 34 33 45 70 70 38 37 43 178
1770200587.3289 0 'robobot/drive/T0/gyro' 1770200587.3288 0.099792 -0.198364 -0.808655 99.073
1770200587.3290 0 'robobot/drive/T0/acc' 1770200587.3289 0.420410 0.020996 0.873535 99.073
1770200587.3302 0 'robobot/drive/T0/ird' 1770200587.3301 0.105 0.104 18154 18362 1
1770200587.3314 0 'robobot/drive/T0/pose' 1770200587.3313 99.0750 0.578 0.007 0.2764 -2.6948
1770200587.3325 0 'robobot/drive/T0/mot' 1770200587.3325 0.64 1.4 0.1 0.1 0
1770200587.3326 0 'robobot/drive/T0/vel' 1770200587.3325 99.0770 0.017 0.153 0.5896 0.017 4
1770200587.3333 0 'robobot/drive/T0/mvel' 1770200587.3333 0.017 0.153
1770200587.3359 0 'robobot/drive/T0/pose' 1770200587.3358 99.0800 0.578 0.007 0.2787 -2.6949
1770200587.3372 0 'robobot/drive/T0/livn' 1770200587.3370 33 33 45 70 70 38 37 43 183
1770200587.3405 0 'robobot/drive/T0/vel' 1770200587.3404 99.0850 0.014 0.147 0.5781 0.014 4
1770200587.3406 0 'robobot/drive/T0/gyro' 1770200587.3405 -0.174866 0.106812 -0.442444 99.085
1770200587.3407 0 'robobot/drive/T0/acc' 1770200587.3406 0.424072 0.009277 0.886963 99.085
1770200587.3411 0 'robobot/drive/T0/mvel' 1770200587.3411 0.014 0.147
1770200587.3418 0 'robobot/drive/T0/pose' 1770200587.3418 99.0850 0.578 0.007 0.2833 -2.6949
1770200587.3429 0 'robobot/drive/master' 1770200587.3429 2026-02-04 11:23:03.813786
1770200587.3462 0 'robobot/drive/T0/pose' 1770200587.3461 99.0900 0.579 0.007 0.2857 -2.6949
1770200587.3473 0 'robobot/drive/T0/livn' 1770200587.3472 33 33 45 70 70 38 37 43 188
1770200587.3485 0 'robobot/drive/T0/vel' 1770200587.3484 99.0930 0.013 0.154 0.6117 0.013 4
1770200587.3486 0 'robobot/drive/T0/mvel' 1770200587.3486 0.013 0.154
1770200587.3517 0 'robobot/drive/T0/pose' 1770200587.3516 99.0950 0.579 0.007 0.2903 -2.6949
1770200587.3529 0 'robobot/drive/T0/gyro' 1770200587.3528 -0.510559 -0.350952 -0.167786 99.097
1770200587.3530 0 'robobot/drive/T0/acc' 1770200587.3529 0.405762 0.002930 0.876709 99.097
1770200587.3551 0 'robobot/drive/T0/ird' 1770200587.3551 0.106 0.104 18072 18398 1
1770200587.3563 0 'robobot/drive/T0/mca' 1770200587.3562 0.230 0.149 16
1770200587.3563 0 'robobot/drive/T0/pose' 1770200587.3563 99.1000 0.579 0.007 0.2926 -2.6950
1770200587.3564 0 'robobot/drive/T0/vel' 1770200587.3563 99.1010 0.012 0.155 0.6221 0.012 4
1770200587.3572 0 'robobot/drive/T0/mvel' 1770200587.3572 0.012 0.155
1770200587.3575 0 'robobot/drive/T0/livn' 1770200587.3575 34 33 45 70 70 38 37 43 193
1770200587.3618 0 'robobot/drive/T0/pose' 1770200587.3617 99.1050 0.580 0.008 0.2961 -2.6951
1770200587.3629 0 'robobot/drive/T0/liv' 1770200587.3629 22 30 43 56 63 36 33 32 25
1770200587.3651 0 'robobot/drive/T0/vel' 1770200587.3651 99.1090 0.011 0.154 0.6229 0.011 4
1770200587.3652 0 'robobot/drive/T0/gyro' 1770200587.3651 -0.113831 -0.167847 0.015320 99.109
1770200587.3653 0 'robobot/drive/T0/acc' 1770200587.3652 0.407715 -0.011719 0.892822 99.109
1770200587.3653 0 'robobot/drive/T0/mot' 1770200587.3653 0.82 1.4 0.1 0.1 0
1770200587.3657 0 'robobot/drive/T0/mvel' 1770200587.3657 0.011 0.154
1770200587.3664 0 'robobot/drive/T0/pose' 1770200587.3664 99.1100 0.580 0.008 0.2995 -2.6951
1770200587.3676 0 'robobot/drive/T0/livn' 1770200587.3675 34 33 45 70 70 38 37 43 198
1770200587.3708 0 'robobot/drive/T0/pose' 1770200587.3707 99.1150 0.581 0.008 0.3018 -2.6951
1770200587.3730 0 'robobot/drive/T0/vel' 1770200587.3729 99.1170 0.010 0.158 0.6446 0.010 4
1770200587.3731 0 'robobot/drive/T0/mvel' 1770200587.3731 0.010 0.158
1770200587.3762 0 'robobot/drive/T0/pose' 1770200587.3762 99.1200 0.581 0.008 0.3042 -2.6952
1770200587.3763 0 'robobot/drive/T0/gyro' 1770200587.3762 -0.571594 -0.015259 -0.137268 99.121
1770200587.3764 0 'robobot/drive/T0/acc' 1770200587.3763 0.414795 0.005615 0.893066 99.121
1770200587.3775 0 'robobot/drive/T0/livn' 1770200587.3775 34 33 45 70 70 38 37 43 203
1770200587.3797 0 'robobot/drive/T0/ird' 1770200587.3796 0.106 0.105 17996 18297 1
1770200587.3808 0 'robobot/drive/T0/vel' 1770200587.3807 99.1250 0.009 0.157 0.6423 0.009 4
1770200587.3809 0 'robobot/drive/T0/pose' 1770200587.3808 99.1250 0.582 0.008 0.3065 -2.6952
1770200587.3816 0 'robobot/drive/T0/mvel' 1770200587.3816 0.009 0.157
1770200587.3862 0 'robobot/drive/T0/pose' 1770200587.3862 99.1300 0.582 0.008 0.3088 -2.6952
1770200587.3874 0 'robobot/drive/T0/livn' 1770200587.3873 33 33 44 70 70 38 37 43 208
1770200587.3885 0 'robobot/drive/T0/vel' 1770200587.3884 99.1330 0.037 0.156 0.5174 0.037 4
1770200587.3886 0 'robobot/drive/T0/gyro' 1770200587.3885 0.984802 0.747681 -0.259338 99.133
1770200587.3886 0 'robobot/drive/T0/acc' 1770200587.3886 0.400146 0.000244 0.956543 99.133
1770200587.3887 0 'robobot/drive/T0/mca' 1770200587.3886 0.240 0.133 17
1770200587.3890 0 'robobot/drive/T0/mvel' 1770200587.3890 0.037 0.156
1770200587.3909 0 'robobot/drive/T0/pose' 1770200587.3908 99.1350 0.583 0.009 0.3099 -2.6953
1770200587.3962 0 'robobot/drive/T0/pose' 1770200587.3962 99.1400 0.583 0.009 0.3111 -2.6953
1770200587.3963 0 'robobot/drive/T0/vel' 1770200587.3962 99.1410 0.064 0.154 0.3905 0.064 4
1770200587.3964 0 'robobot/drive/T0/mvel' 1770200587.3964 0.064 0.154
1770200587.3974 0 'robobot/drive/T0/livn' 1770200587.3974 33 33 45 70 70 38 37 43 213
1770200587.3985 0 'robobot/drive/T0/mot' 1770200587.3985 0.59 1.4 0.1 0.1 0
1770200587.4007 0 'robobot/drive/T0/gyro' 1770200587.4007 0.130310 0.473022 -0.411926 99.145
1770200587.4008 0 'robobot/drive/T0/acc' 1770200587.4007 0.453857 -0.003906 0.964355 99.145
1770200587.4009 0 'robobot/drive/T0/pose' 1770200587.4008 99.1450 0.584 0.009 0.3134 -2.6954
1770200587.4052 0 'robobot/drive/T0/vel' 1770200587.4051 99.1490 0.078 0.153 0.3257 0.078 4
1770200587.4052 0 'robobot/drive/T0/ird' 1770200587.4052 0.107 0.105 17930 18198 1
1770200587.4059 0 'robobot/drive/T0/mvel' 1770200587.4059 0.078 0.153
1770200587.4064 0 'robobot/drive/T0/pose' 1770200587.4063 99.1500 0.584 0.009 0.3146 -2.6954
1770200587.4075 0 'robobot/drive/T0/livn' 1770200587.4074 33 33 45 70 70 38 37 43 218
1770200587.4118 0 'robobot/drive/T0/pose' 1770200587.4117 99.1550 0.585 0.009 0.3169 -2.6954
1770200587.4129 0 'robobot/drive/T0/liv' 1770200587.4128 19 28 41 53 62 39 34 29 25
1770200587.4130 0 'robobot/drive/T0/vel' 1770200587.4129 99.1570 0.078 0.155 0.3333 0.078 4
1770200587.4130 0 'robobot/drive/T0/gyro' 1770200587.4130 -0.083313 0.289917 -0.595032 99.157
1770200587.4131 0 'robobot/drive/T0/acc' 1770200587.4130 0.374756 -0.035889 0.874756 99.157
1770200587.4134 0 'robobot/drive/T0/mvel' 1770200587.4133 0.078 0.155
1770200587.4163 0 'robobot/drive/T0/pose' 1770200587.4163 99.1600 0.585 0.009 0.3180 -2.6955
1770200587.4175 0 'robobot/drive/T0/livn' 1770200587.4174 33 33 45 70 70 38 37 43 223
1770200587.4207 0 'robobot/drive/T0/vel' 1770200587.4206 99.1650 0.077 0.159 0.3574 0.077 4
1770200587.4209 0 'robobot/drive/T0/mvel' 1770200587.4208 0.077 0.159
1770200587.4218 0 'robobot/drive/T0/pose' 1770200587.4218 99.1650 0.586 0.010 0.3203 -2.6955
1770200587.4219 0 'robobot/drive/T0/mca' 1770200587.4218 0.179 0.145 16
1770200587.4251 0 'robobot/drive/T0/gyro' 1770200587.4251 0.008240 -0.289917 -0.228821 99.169
1770200587.4252 0 'robobot/drive/T0/acc' 1770200587.4251 0.416016 -0.007568 0.853760 99.169
1770200587.4263 0 'robobot/drive/T0/pose' 1770200587.4263 99.1700 0.586 0.010 0.3227 -2.6955
1770200587.4274 0 'robobot/drive/T0/livn' 1770200587.4274 33 33 45 70 70 38 37 43 228
1770200587.4286 0 'robobot/drive/T0/vel' 1770200587.4285 99.1730 0.067 0.159 0.3994 0.067 4
1770200587.4295 0 'robobot/drive/T0/mvel' 1770200587.4295 0.067 0.159
1770200587.4297 0 'robobot/drive/T0/ird' 1770200587.4296 0.107 0.104 17944 18327 1
1770200587.4319 0 'robobot/drive/T0/pose' 1770200587.4318 99.1750 0.587 0.010 0.3250 -2.6956
1770200587.4319 0 'robobot/drive/T0/mot' 1770200587.4319 0.43 1.4 0.1 0.1 0
1770200587.4362 0 'robobot/drive/T0/pose' 1770200587.4361 99.1800 0.587 0.010 0.3273 -2.6957
1770200587.4373 0 'robobot/drive/T0/vel' 1770200587.4373 99.1810 0.059 0.157 0.4257 0.059 4
1770200587.4374 0 'robobot/drive/T0/gyro' 1770200587.4373 -0.388489 0.015259 0.015320 99.181
1770200587.4375 0 'robobot/drive/T0/acc' 1770200587.4374 0.420166 0.011963 0.876953 99.181
1770200587.4375 0 'robobot/drive/T0/livn' 1770200587.4375 33 33 45 70 70 38 37 42 233
1770200587.4380 0 'robobot/drive/T0/mvel' 1770200587.4380 0.059 0.157
1770200587.4418 0 'robobot/drive/T0/pose' 1770200587.4418 99.1850 0.588 0.010 0.3284 -2.6957
1770200587.4451 0 'robobot/drive/T0/vel' 1770200587.4450 99.1890 0.060 0.155 0.4170 0.060 4
1770200587.4454 0 'robobot/drive/T0/mvel' 1770200587.4454 0.060 0.155
1770200587.4462 0 'robobot/drive/T0/pose' 1770200587.4461 99.1900 0.589 0.010 0.3308 -2.6957
1770200587.4473 0 'robobot/drive/T0/livn' 1770200587.4473 33 33 45 70 70 38 37 42 238
1770200587.4485 0 'robobot/drive/T0/gyro' 1770200587.4484 -0.419006 -0.045776 -0.350891 99.193
1770200587.4486 0 'robobot/drive/T0/acc' 1770200587.4485 0.413818 0.012451 0.881348 99.193
1770200587.4518 0 'robobot/drive/T0/pose' 1770200587.4517 99.1950 0.589 0.011 0.3331 -2.6957
1770200587.4529 0 'robobot/drive/T0/vel' 1770200587.4529 99.1970 0.061 0.151 0.3901 0.061 4
1770200587.4539 0 'robobot/drive/T0/mvel' 1770200587.4539 0.061 0.151
1770200587.4551 0 'robobot/drive/T0/ird' 1770200587.4551 0.108 0.105 17804 18223 1
1770200587.4552 0 'robobot/drive/T0/mca' 1770200587.4551 0.110 0.134 17
1770200587.4563 0 'robobot/drive/T0/pose' 1770200587.4562 99.2000 0.589 0.011 0.3342 -2.6957
1770200587.4574 0 'robobot/drive/T0/livn' 1770200587.4574 33 33 45 70 70 38 37 42 243
1770200587.4607 0 'robobot/drive/T0/vel' 1770200587.4606 99.2050 0.059 0.149 0.3936 0.059 4
1770200587.4607 0 'robobot/drive/T0/gyro' 1770200587.4607 -0.235901 -0.320435 -0.503479 99.205
1770200587.4608 0 'robobot/drive/T0/acc' 1770200587.4607 0.408203 0.004883 0.893311 99.205
1770200587.4609 0 'robobot/drive/T0/pose' 1770200587.4608 99.2050 0.590 0.011 0.3377 -2.6959
1770200587.4613 0 'robobot/drive/T0/mvel' 1770200587.4613 0.059 0.149
1770200587.4620 0 'robobot/drive/T0/liv' 1770200587.4619 29 33 45 57 65 36 31 26 25
1770200587.4642 0 'robobot/drive/T0/mot' 1770200587.4641 0.42 1.5 0.1 0.1 0
1770200587.4664 0 'robobot/drive/T0/pose' 1770200587.4663 99.2100 0.590 0.011 0.3389 -2.6959
1770200587.4675 0 'robobot/drive/T0/livn' 1770200587.4674 33 33 45 70 70 38 36 42 248
1770200587.4686 0 'robobot/drive/T0/vel' 1770200587.4685 99.2130 0.058 0.155 0.4229 0.058 4
1770200587.4688 0 'robobot/drive/T0/mvel' 1770200587.4687 0.058 0.155
1770200587.4718 0 'robobot/drive/T0/pose' 1770200587.4718 99.2150 0.591 0.011 0.3423 -2.6960
1770200587.4730 0 'robobot/drive/T0/gyro' 1770200587.4729 -0.937805 0.015259 -0.045715 99.217
1770200587.4730 0 'robobot/drive/T0/acc' 1770200587.4730 0.414551 -0.004639 0.874512 99.217
1770200587.4763 0 'robobot/drive/T0/pose' 1770200587.4762 99.2200 0.591 0.011 0.3435 -2.6960
1770200587.4763 0 'robobot/drive/T0/vel' 1770200587.4763 99.2210 0.062 0.158 0.4192 0.062 4
1770200587.4773 0 'robobot/drive/T0/mvel' 1770200587.4772 0.062 0.158
1770200587.4775 0 'robobot/drive/T0/livn' 1770200587.4774 33 33 45 70 70 38 37 42 253
1770200587.4807 0 'robobot/drive/T0/ird' 1770200587.4806 0.108 0.105 17737 18239 1
1770200587.4818 0 'robobot/drive/T0/pose' 1770200587.4818 99.2250 0.592 0.012 0.3469 -2.6961
1770200587.4851 0 'robobot/drive/T0/vel' 1770200587.4850 99.2290 0.061 0.160 0.4298 0.061 4
1770200587.4851 0 'robobot/drive/T0/gyro' 1770200587.4851 -0.815735 0.350952 0.106873 99.229
1770200587.4852 0 'robobot/drive/T0/acc' 1770200587.4851 0.424561 0.016846 0.885986 99.229
1770200587.4857 0 'robobot/drive/T0/mvel' 1770200587.4857 0.061 0.160
1770200587.4863 0 'robobot/drive/T0/pose' 1770200587.4863 99.2300 0.592 0.012 0.3481 -2.6961
1770200587.4874 0 'robobot/drive/T0/livn' 1770200587.4874 33 33 45 70 70 38 37 42 258
1770200587.4886 0 'robobot/drive/T0/mca' 1770200587.4885 0.109 0.144 16
1770200587.4918 0 'robobot/drive/T0/pose' 1770200587.4917 99.2350 0.593 0.012 0.3516 -2.6961
1770200587.4929 0 'robobot/drive/T0/vel' 1770200587.4929 99.2370 0.057 0.158 0.4430 0.057 4
1770200587.4932 0 'robobot/drive/T0/mvel' 1770200587.4931 0.057 0.158
1770200587.4962 0 'robobot/drive/T0/pose' 1770200587.4961 99.2400 0.593 0.012 0.3539 -2.6961
1770200587.4973 0 'robobot/drive/T0/gyro' 1770200587.4972 -0.785217 -0.595093 -0.076233 99.241
1770200587.4974 0 'robobot/drive/T0/acc' 1770200587.4973 0.432617 0.005859 0.889648 99.241
1770200587.4974 0 'robobot/drive/T0/livn' 1770200587.4974 34 34 45 70 70 38 37 42 263
1770200587.4975 0 'robobot/drive/T0/mot' 1770200587.4974 0.37 1.4 0.1 0.1 0
1770200587.5007 0 'robobot/drive/T0/vel' 1770200587.5007 99.2450 0.047 0.157 0.4792 0.047 4
1770200587.5017 0 'robobot/drive/T0/mvel' 1770200587.5017 0.047 0.157
1770200587.5019 0 'robobot/drive/T0/pose' 1770200587.5018 99.2450 0.594 0.012 0.3562 -2.6961
1770200587.5051 0 'robobot/drive/T0/ird' 1770200587.5050 0.108 0.105 17746 18193 1
1770200587.5062 0 'robobot/drive/T0/pose' 1770200587.5061 99.2500 0.594 0.012 0.3585 -2.6962
1770200587.5073 0 'robobot/drive/T0/livn' 1770200587.5073 34 34 45 71 71 38 37 42 268
1770200587.5085 0 'robobot/drive/T0/vel' 1770200587.5084 99.2530 0.044 0.155 0.4830 0.044 4
1770200587.5085 0 'robobot/drive/T0/gyro' 1770200587.5085 -0.724182 -0.534058 -0.106750 99.253
1770200587.5086 0 'robobot/drive/T0/acc' 1770200587.5085 0.431641 0.004395 0.853516 99.253
1770200587.5092 0 'robobot/drive/T0/mvel' 1770200587.5091 0.044 0.155
1770200587.5118 0 'robobot/drive/T0/pose' 1770200587.5118 99.2550 0.595 0.013 0.3597 -2.6962
1770200587.5130 0 'robobot/drive/T0/liv' 1770200587.5129 29 34 44 55 64 38 33 27 25
1770200587.5162 0 'robobot/drive/T0/pose' 1770200587.5161 99.2600 0.595 0.013 0.3608 -2.6963
1770200587.5173 0 'robobot/drive/T0/vel' 1770200587.5173 99.2610 0.052 0.147 0.4099 0.052 4
1770200587.5174 0 'robobot/drive/T0/livn' 1770200587.5173 34 34 45 71 71 38 37 42 273
1770200587.5176 0 'robobot/drive/T0/mvel' 1770200587.5176 0.052 0.147
1770200587.5206 0 'robobot/drive/T0/gyro' 1770200587.5206 -1.578674 -0.259399 -0.381409 99.265
1770200587.5207 0 'robobot/drive/T0/acc' 1770200587.5206 0.535400 -0.036377 0.975342 99.265
1770200587.5208 0 'robobot/drive/T0/mca' 1770200587.5207 0.149 0.135 17
1770200587.5219 0 'robobot/drive/T0/pose' 1770200587.5218 99.2650 0.596 0.013 0.3643 -2.6964
1770200587.5251 0 'robobot/drive/T0/vel' 1770200587.5251 99.2690 0.053 0.152 0.4290 0.053 4
1770200587.5261 0 'robobot/drive/T0/mvel' 1770200587.5261 0.053 0.152
1770200587.5263 0 'robobot/drive/T0/pose' 1770200587.5262 99.2700 0.596 0.013 0.3666 -2.6962
1770200587.5274 0 'robobot/drive/T0/livn' 1770200587.5273 34 34 45 71 71 38 37 42 278
1770200587.5307 0 'robobot/drive/T0/ird' 1770200587.5306 0.108 0.105 17714 18240 1
1770200587.5307 0 'robobot/drive/T0/mot' 1770200587.5307 0.37 1.4 0.1 0.1 0
1770200587.5319 0 'robobot/drive/T0/pose' 1770200587.5318 99.2750 0.597 0.013 0.3701 -2.6962
1770200587.5330 0 'robobot/drive/T0/vel' 1770200587.5329 99.2770 0.050 0.159 0.4714 0.050 4
1770200587.5331 0 'robobot/drive/T0/gyro' 1770200587.5330 0.038757 -0.076294 -0.625549 99.277
1770200587.5332 0 'robobot/drive/T0/acc' 1770200587.5331 0.421631 -0.023926 0.906494 99.277
1770200587.5336 0 'robobot/drive/T0/mvel' 1770200587.5335 0.050 0.159
1770200587.5365 0 'robobot/drive/T0/pose' 1770200587.5363 99.2800 0.597 0.014 0.3712 -2.6963
1770200587.5378 0 'robobot/drive/T0/livn' 1770200587.5376 33 34 45 71 70 38 37 42 283
1770200587.5411 0 'robobot/drive/T0/vel' 1770200587.5410 99.2850 0.051 0.157 0.4605 0.051 4
1770200587.5412 0 'robobot/drive/T0/pose' 1770200587.5411 99.2850 0.598 0.014 0.3735 -2.6964
1770200587.5413 0 'robobot/drive/T0/mvel' 1770200587.5413 0.051 0.157
1770200587.5444 0 'robobot/drive/T0/gyro' 1770200587.5443 0.740662 -0.045776 -0.381409 99.289
1770200587.5445 0 'robobot/drive/T0/acc' 1770200587.5444 0.437012 -0.002686 0.936523 99.289
1770200587.5467 0 'robobot/drive/T0/pose' 1770200587.5466 99.2900 0.598 0.014 0.3747 -2.6964
1770200587.5479 0 'robobot/drive/T0/livn' 1770200587.5478 33 34 45 71 71 38 37 42 288
1770200587.5490 0 'robobot/drive/T0/vel' 1770200587.5490 99.2930 0.060 0.156 0.4148 0.060 4
1770200587.5499 0 'robobot/drive/T0/mvel' 1770200587.5499 0.060 0.156
1770200587.5512 0 'robobot/drive/T0/pose' 1770200587.5512 99.2950 0.599 0.014 0.3770 -2.6965
1770200587.5545 0 'robobot/drive/T0/mca' 1770200587.5544 0.185 0.138 16
1770200587.5556 0 'robobot/drive/T0/ird' 1770200587.5555 0.108 0.104 17733 18352 1
1770200587.5568 0 'robobot/drive/T0/pose' 1770200587.5567 99.3000 0.599 0.014 0.3793 -2.6965
1770200587.5568 0 'robobot/drive/T0/vel' 1770200587.5568 99.3010 0.063 0.159 0.4169 0.063 4
1770200587.5569 0 'robobot/drive/T0/gyro' 1770200587.5568 -0.266418 -0.198364 -0.137268 99.301
1770200587.5569 0 'robobot/drive/T0/acc' 1770200587.5569 0.420898 0.007324 0.809570 99.301
1770200587.5570 0 'robobot/drive/T0/livn' 1770200587.5569 33 34 45 70 71 38 37 42 293
1770200587.5574 0 'robobot/drive/T0/mvel' 1770200587.5573 0.063 0.159
1770200587.5614 0 'robobot/drive/T0/pose' 1770200587.5612 99.3050 0.600 0.015 0.3816 -2.6964
1770200587.5625 0 'robobot/drive/T0/liv' 1770200587.5624 24 34 45 53 65 36 34 29 25
1770200587.5637 0 'robobot/drive/T0/mot' 1770200587.5636 0.26 1.4 0.1 0.1 0
1770200587.5648 0 'robobot/drive/T0/vel' 1770200587.5647 99.3090 0.061 0.155 0.4084 0.061 4
1770200587.5648 0 'robobot/drive/T0/mvel' 1770200587.5648 0.061 0.155
1770200587.5660 0 'robobot/drive/T0/pose' 1770200587.5659 99.3100 0.600 0.015 0.3840 -2.6964
1770200587.5671 0 'robobot/drive/T0/livn' 1770200587.5671 34 34 45 70 71 38 37 42 298
1770200587.5693 0 'robobot/drive/T0/gyro' 1770200587.5692 0.099792 -0.534058 0.167908 99.313
1770200587.5694 0 'robobot/drive/T0/acc' 1770200587.5693 0.391846 -0.010742 0.901855 99.313
1770200587.5716 0 'robobot/drive/T0/pose' 1770200587.5715 99.3150 0.601 0.015 0.3851 -2.6966
1770200587.5728 0 'robobot/drive/T0/vel' 1770200587.5727 99.3170 0.060 0.149 0.3848 0.060 4
1770200587.5733 0 'robobot/drive/T0/mvel' 1770200587.5733 0.060 0.149
1770200587.5761 0 'robobot/drive/T0/pose' 1770200587.5760 99.3200 0.601 0.015 0.3863 -2.6967
1770200587.5772 0 'robobot/drive/T0/livn' 1770200587.5771 35 23 48 80 73 28 30 55 2
1770200587.5804 0 'robobot/drive/T0/ird' 1770200587.5804 0.108 0.105 17720 18278 1
1770200587.5805 0 'robobot/drive/T0/vel' 1770200587.5805 99.3250 0.066 0.154 0.3832 0.066 4
1770200587.5806 0 'robobot/drive/T0/gyro' 1770200587.5805 -0.541077 -0.228882 -0.015198 99.325
1770200587.5807 0 'robobot/drive/T0/acc' 1770200587.5806 0.421875 -0.017334 0.861084 99.325
1770200587.5807 0 'robobot/drive/T0/mvel' 1770200587.5807 0.066 0.154
1770200587.5818 0 'robobot/drive/T0/pose' 1770200587.5817 99.3250 0.602 0.015 0.3897 -2.6967
1770200587.5861 0 'robobot/drive/T0/pose' 1770200587.5860 99.3300 0.602 0.016 0.3909 -2.6967
1770200587.5872 0 'robobot/drive/T0/mca' 1770200587.5871 0.147 0.145 17
1770200587.5873 0 'robobot/drive/T0/livn' 1770200587.5872 26 30 57 83 72 41 36 50 7
1770200587.5884 0 'robobot/drive/T0/vel' 1770200587.5883 99.3330 0.064 0.154 0.3948 0.064 4
1770200587.5892 0 'robobot/drive/T0/mvel' 1770200587.5892 0.064 0.154
1770200587.5916 0 'robobot/drive/T0/pose' 1770200587.5915 99.3350 0.603 0.016 0.3944 -2.6968
1770200587.5927 0 'robobot/drive/T0/gyro' 1770200587.5927 -0.266418 0.015259 0.137390 99.337
1770200587.5928 0 'robobot/drive/T0/acc' 1770200587.5927 0.418213 -0.003418 0.887451 99.337
1770200587.5961 0 'robobot/drive/T0/pose' 1770200587.5960 99.3400 0.603 0.016 0.3967 -2.6968
1770200587.5972 0 'robobot/drive/T0/mot' 1770200587.5971 0.17 1.4 0.1 0.1 0
1770200587.5972 0 'robobot/drive/T0/vel' 1770200587.5972 99.3410 0.055 0.154 0.4343 0.055 4
1770200587.5973 0 'robobot/drive/T0/livn' 1770200587.5972 31 31 52 75 71 40 38 50 12
1770200587.5977 0 'robobot/drive/T0/mvel' 1770200587.5976 0.055 0.154
1770200587.6016 0 'robobot/drive/T0/pose' 1770200587.6015 99.3450 0.604 0.016 0.3990 -2.6968
1770200587.6048 0 'robobot/drive/T0/vel' 1770200587.6048 99.3490 0.052 0.159 0.4631 0.052 4
1770200587.6049 0 'robobot/drive/T0/gyro' 1770200587.6048 0.282898 -0.259399 0.320496 99.349
1770200587.6050 0 'robobot/drive/T0/acc' 1770200587.6049 0.426025 -0.002930 0.908447 99.349
1770200587.6050 0 'robobot/drive/T0/ird' 1770200587.6050 0.108 0.104 17728 18394 1
1770200587.6051 0 'robobot/drive/T0/mvel' 1770200587.6050 0.052 0.159
1770200587.6062 0 'robobot/drive/T0/pose' 1770200587.6061 99.3500 0.604 0.016 0.4001 -2.6968
1770200587.6073 0 'robobot/drive/T0/livn' 1770200587.6073 33 32 50 75 69 41 37 48 17
1770200587.6116 0 'robobot/drive/T0/pose' 1770200587.6115 99.3550 0.605 0.017 0.4048 -2.6969
1770200587.6127 0 'robobot/drive/T0/liv' 1770200587.6127 28 30 47 57 62 39 31 32 25
1770200587.6128 0 'robobot/drive/T0/vel' 1770200587.6127 99.3570 0.050 0.158 0.4677 0.050 4
1770200587.6136 0 'robobot/drive/T0/mvel' 1770200587.6136 0.050 0.158
1770200587.6160 0 'robobot/drive/T0/pose' 1770200587.6160 99.3600 0.605 0.017 0.4059 -2.6969
1770200587.6172 0 'robobot/drive/T0/gyro' 1770200587.6171 -0.205383 0.106812 0.137390 99.361
1770200587.6173 0 'robobot/drive/T0/acc' 1770200587.6172 0.431641 -0.007080 0.909180 99.361
1770200587.6173 0 'robobot/drive/T0/livn' 1770200587.6173 36 33 48 73 70 40 35 45 22
1770200587.6205 0 'robobot/drive/T0/mca' 1770200587.6205 0.104 0.130 16
1770200587.6206 0 'robobot/drive/T0/vel' 1770200587.6205 99.3650 0.049 0.155 0.4613 0.049 4
1770200587.6210 0 'robobot/drive/T0/mvel' 1770200587.6210 0.049 0.155
1770200587.6217 0 'robobot/drive/T0/pose' 1770200587.6217 99.3650 0.605 0.017 0.4094 -2.6969
1770200587.6260 0 'robobot/drive/T0/pose' 1770200587.6259 99.3700 0.606 0.017 0.4129 -2.6969
1770200587.6271 0 'robobot/drive/T0/livn' 1770200587.6271 36 34 47 72 69 39 34 43 27
1770200587.6293 0 'robobot/drive/T0/vel' 1770200587.6293 99.3730 0.044 0.152 0.4682 0.044 4
1770200587.6294 0 'robobot/drive/T0/gyro' 1770200587.6293 0.527039 0.167847 -0.228821 99.373
1770200587.6295 0 'robobot/drive/T0/acc' 1770200587.6294 0.411133 0.007568 0.908203 99.373
1770200587.6295 0 'robobot/drive/T0/mot' 1770200587.6295 0.24 1.4 0.1 0.1 0
1770200587.6296 0 'robobot/drive/T0/mvel' 1770200587.6295 0.044 0.152
1770200587.6307 0 'robobot/drive/T0/ird' 1770200587.6306 0.108 0.104 17700 18372 1
1770200587.6318 0 'robobot/drive/T0/pose' 1770200587.6317 99.3750 0.606 0.017 0.4163 -2.6970
1770200587.6361 0 'robobot/drive/T0/pose' 1770200587.6360 99.3800 0.606 0.017 0.4187 -2.6970
1770200587.6372 0 'robobot/drive/T0/vel' 1770200587.6371 99.3810 0.037 0.150 0.4918 0.037 4
1770200587.6373 0 'robobot/drive/T0/livn' 1770200587.6372 35 34 46 71 70 39 35 43 32
1770200587.6380 0 'robobot/drive/T0/mvel' 1770200587.6380 0.037 0.150
1770200587.6405 0 'robobot/drive/T0/gyro' 1770200587.6404 -0.205383 -0.228882 -0.289856 99.385
1770200587.6406 0 'robobot/drive/T0/acc' 1770200587.6405 0.414795 -0.014893 0.884766 99.385
1770200587.6417 0 'robobot/drive/T0/pose' 1770200587.6416 99.3850 0.607 0.018 0.4233 -2.6970
1770200587.6450 0 'robobot/drive/T0/vel' 1770200587.6449 99.3890 0.032 0.153 0.5274 0.032 4
1770200587.6454 0 'robobot/drive/T0/mvel' 1770200587.6454 0.032 0.153
1770200587.6461 0 'robobot/drive/T0/pose' 1770200587.6460 99.3900 0.607 0.018 0.4256 -2.6970
1770200587.6472 0 'robobot/drive/T0/livn' 1770200587.6471 35 34 47 71 69 38 35 43 37
1770200587.6515 0 'robobot/drive/T0/pose' 1770200587.6514 99.3950 0.608 0.018 0.4302 -2.6971
1770200587.6526 0 'robobot/drive/T0/vel' 1770200587.6526 99.3970 0.024 0.159 0.5882 0.024 4
1770200587.6527 0 'robobot/drive/T0/gyro' 1770200587.6526 0.252380 -0.076294 -0.198303 99.397
1770200587.6528 0 'robobot/drive/T0/acc' 1770200587.6527 0.411865 -0.004639 0.897217 99.397
1770200587.6528 0 'robobot/drive/T0/mca' 1770200587.6528 0.110 0.146 17
1770200587.6528 0 'robobot/drive/T0/mvel' 1770200587.6528 0.024 0.159
1770200587.6550 0 'robobot/drive/T0/ird' 1770200587.6549 0.109 0.103 17609 18480 1
1770200587.6561 0 'robobot/drive/T0/pose' 1770200587.6561 99.4000 0.608 0.018 0.4325 -2.6971
1770200587.6572 0 'robobot/drive/T0/livn' 1770200587.6572 35 35 47 71 69 38 35 42 42
1770200587.6605 0 'robobot/drive/T0/vel' 1770200587.6604 99.4050 0.021 0.158 0.5957 0.021 4
1770200587.6613 0 'robobot/drive/T0/mvel' 1770200587.6613 0.021 0.158
1770200587.6616 0 'robobot/drive/T0/pose' 1770200587.6615 99.4050 0.608 0.018 0.4372 -2.6972
1770200587.6627 0 'robobot/drive/T0/liv' 1770200587.6627 27 33 44 52 62 36 31 26 25
1770200587.6628 0 'robobot/drive/T0/mot' 1770200587.6627 0.5 1.4 0.1 0.1 0
1770200587.6650 0 'robobot/drive/T0/gyro' 1770200587.6649 -0.144348 -0.320435 0.106873 99.409
1770200587.6650 0 'robobot/drive/T0/acc' 1770200587.6650 0.415527 0.003418 0.876709 99.409
1770200587.6661 0 'robobot/drive/T0/pose' 1770200587.6661 99.4100 0.609 0.018 0.4395 -2.6971
1770200587.6673 0 'robobot/drive/T0/livn' 1770200587.6672 35 35 47 69 69 39 35 42 47
1770200587.6684 0 'robobot/drive/T0/vel' 1770200587.6683 99.4130 0.017 0.155 0.5968 0.017 4
1770200587.6687 0 'robobot/drive/T0/mvel' 1770200587.6687 0.017 0.155
1770200587.6716 0 'robobot/drive/T0/pose' 1770200587.6716 99.4160 0.609 0.019 0.4441 -2.6972
1770200587.6770 0 'robobot/drive/T0/pose' 1770200587.6769 99.4210 0.609 0.019 0.4476 -2.6972
1770200587.6770 0 'robobot/drive/T0/vel' 1770200587.6770 99.4210 0.016 0.155 0.6050 0.016 4
1770200587.6771 0 'robobot/drive/T0/gyro' 1770200587.6770 0.069275 -0.076294 0.015320 99.421
1770200587.6772 0 'robobot/drive/T0/acc' 1770200587.6771 0.420166 0.002441 0.880615 99.421
1770200587.6772 0 'robobot/drive/T0/livn' 1770200587.6772 35 35 46 69 69 39 35 41 52
1770200587.6773 0 'robobot/drive/T0/mvel' 1770200587.6772 0.016 0.155
1770200587.6805 0 'robobot/drive/T0/ird' 1770200587.6804 0.110 0.103 17531 18468 1
1770200587.6816 0 'robobot/drive/T0/pose' 1770200587.6815 99.4260 0.610 0.019 0.4499 -2.6973
1770200587.6848 0 'robobot/drive/T0/vel' 1770200587.6848 99.4290 0.014 0.153 0.6030 0.014 4
1770200587.6858 0 'robobot/drive/T0/mvel' 1770200587.6857 0.014 0.153
1770200587.6859 0 'robobot/drive/T0/mca' 1770200587.6859 0.141 0.133 16
1770200587.6871 0 'robobot/drive/T0/pose' 1770200587.6870 99.4310 0.610 0.019 0.4545 -2.6972
1770200587.6871 0 'robobot/drive/T0/livn' 1770200587.6871 35 35 46 69 69 39 36 41 57
1770200587.6893 0 'robobot/drive/T0/gyro' 1770200587.6893 -0.052795 0.045776 0.076355 99.433
1770200587.6894 0 'robobot/drive/T0/acc' 1770200587.6893 0.416016 0.006104 0.898438 99.433
1770200587.6916 0 'robobot/drive/T0/pose' 1770200587.6915 99.4360 0.610 0.019 0.4568 -2.6973
1770200587.6927 0 'robobot/drive/T0/vel' 1770200587.6926 99.4370 0.013 0.148 0.5902 0.013 4
1770200587.6932 0 'robobot/drive/T0/mvel' 1770200587.6932 0.013 0.148
1770200587.6959 0 'robobot/drive/T0/mot' 1770200587.6959 0.68 1.5 0.1 0.1 0
1770200587.6971 0 'robobot/drive/T0/pose' 1770200587.6970 99.4410 0.611 0.019 0.4603 -2.6973
1770200587.6971 0 'robobot/drive/T0/livn' 1770200587.6971 34 35 46 68 69 39 35 40 62
1770200587.7004 0 'robobot/drive/T0/vel' 1770200587.7003 99.4450 0.012 0.154 0.6169 0.012 4
1770200587.7004 0 'robobot/drive/T0/gyro' 1770200587.7004 0.160828 0.015259 -0.381409 99.445
1770200587.7005 0 'robobot/drive/T0/acc' 1770200587.7004 0.412354 0.006836 0.877686 99.445
1770200587.7006 0 'robobot/drive/T0/mvel' 1770200587.7006 0.012 0.154
1770200587.7017 0 'robobot/drive/T0/pose' 1770200587.7016 99.4460 0.611 0.020 0.4638 -2.6973
1770200587.7049 0 'robobot/drive/T0/ird' 1770200587.7048 0.110 0.103 17433 18487 1
1770200587.7071 0 'robobot/drive/T0/pose' 1770200587.7070 99.4510 0.612 0.020 0.4661 -2.6974
1770200587.7072 0 'robobot/drive/T0/livn' 1770200587.7071 34 34 46 68 69 38 35 40 67
1770200587.7093 0 'robobot/drive/T0/vel' 1770200587.7093 99.4530 0.010 0.157 0.6382 0.010 4
1770200587.7102 0 'robobot/drive/T0/mvel' 1770200587.7102 0.010 0.157
1770200587.7115 0 'robobot/drive/T0/pose' 1770200587.7114 99.4560 0.612 0.020 0.4695 -2.6974
1770200587.7127 0 'robobot/drive/T0/liv' 1770200587.7126 25 30 42 51 63 39 33 27 25
1770200587.7127 0 'robobot/drive/T0/gyro' 1770200587.7127 -0.174866 0.137329 0.137390 99.457
1770200587.7128 0 'robobot/drive/T0/acc' 1770200587.7127 0.407959 0.004395 0.885986 99.457
1770200587.7171 0 'robobot/drive/T0/pose' 1770200587.7170 99.4610 0.612 0.020 0.4718 -2.6975
1770200587.7172 0 'robobot/drive/T0/vel' 1770200587.7171 99.4610 0.010 0.158 0.6433 0.010 4
1770200587.7172 0 'robobot/drive/T0/livn' 1770200587.7172 34 35 46 68 69 38 36 41 72
1770200587.7176 0 'robobot/drive/T0/mvel' 1770200587.7176 0.010 0.158
1770200587.7194 0 'robobot/drive/T0/mca' 1770200587.7193 0.185 0.144 17
1770200587.7226 0 'robobot/drive/T0/pose' 1770200587.7225 99.4660 0.613 0.020 0.4730 -2.6975
1770200587.7248 0 'robobot/drive/T0/gyro' 1770200587.7247 -1.304016 -1.266479 0.198425 99.469
1770200587.7249 0 'robobot/drive/T0/acc' 1770200587.7248 0.394043 0.034180 0.780029 99.469
1770200587.7250 0 'robobot/drive/T0/vel' 1770200587.7249 99.4690 0.010 0.157 0.6413 0.010 4
1770200587.7251 0 'robobot/drive/T0/mvel' 1770200587.7250 0.010 0.157
1770200587.7272 0 'robobot/drive/T0/pose' 1770200587.7271 99.4710 0.613 0.021 0.4753 -2.6975
1770200587.7273 0 'robobot/drive/T0/livn' 1770200587.7272 35 35 46 69 69 39 36 41 77
1770200587.7284 0 'robobot/drive/T0/mot' 1770200587.7283 0.86 1.4 0.1 0.1 0
1770200587.7306 0 'robobot/drive/T0/ird' 1770200587.7305 0.111 0.103 17271 18505 1
1770200587.7318 0 'robobot/drive/T0/pose' 1770200587.7317 99.4760 0.614 0.021 0.4765 -2.6976
1770200587.7329 0 'robobot/drive/T0/vel' 1770200587.7328 99.4770 0.040 0.157 0.5113 0.040 4
1770200587.7337 0 'robobot/drive/T0/mvel' 1770200587.7336 0.040 0.157
1770200587.7374 0 'robobot/drive/T0/gyro' 1770200587.7372 0.069275 0.381470 0.442566 99.481
1770200587.7376 0 'robobot/drive/T0/acc' 1770200587.7374 0.384766 0.013916 0.793945 99.481
1770200587.7378 0 'robobot/drive/T0/pose' 1770200587.7376 99.4810 0.614 0.021 0.4799 -2.6977
1770200587.7379 0 'robobot/drive/T0/livn' 1770200587.7378 35 35 46 69 69 40 36 41 82
1770200587.7411 0 'robobot/drive/T0/vel' 1770200587.7411 99.4850 0.060 0.155 0.4114 0.060 4
1770200587.7421 0 'robobot/drive/T0/mvel' 1770200587.7421 0.060 0.155
1770200587.7423 0 'robobot/drive/T0/pose' 1770200587.7422 99.4860 0.615 0.021 0.4811 -2.6977
1770200587.7476 0 'robobot/drive/T0/pose' 1770200587.7475 99.4910 0.615 0.022 0.4834 -2.6975
1770200587.7477 0 'robobot/drive/T0/livn' 1770200587.7477 35 35 46 68 69 40 37 42 87
1770200587.7489 0 'robobot/drive/T0/gyro' 1770200587.7488 -0.510559 -1.174927 -0.289856 99.493
1770200587.7489 0 'robobot/drive/T0/acc' 1770200587.7489 0.431396 0.062012 0.820801 99.493
1770200587.7490 0 'robobot/drive/T0/vel' 1770200587.7489 99.4930 0.060 0.151 0.3965 0.060 4
1770200587.7495 0 'robobot/drive/T0/mvel' 1770200587.7495 0.060 0.151
1770200587.7523 0 'robobot/drive/T0/pose' 1770200587.7522 99.4960 0.616 0.022 0.4857 -2.6975
1770200587.7523 0 'robobot/drive/T0/mca' 1770200587.7523 0.133 0.141 16
1770200587.7555 0 'robobot/drive/T0/ird' 1770200587.7555 0.112 0.103 17222 18467 1
1770200587.7577 0 'robobot/drive/T0/pose' 1770200587.7576 99.5010 0.616 0.022 0.4869 -2.6977
1770200587.7578 0 'robobot/drive/T0/vel' 1770200587.7577 99.5010 0.059 0.154 0.4141 0.059 4
1770200587.7578 0 'robobot/drive/T0/livn' 1770200587.7578 35 35 46 69 70 39 36 42 92
1770200587.7580 0 'robobot/drive/T0/mvel' 1770200587.7580 0.059 0.154
1770200587.7611 0 'robobot/drive/T0/gyro' 1770200587.7610 -1.334534 -1.846313 -0.320374 99.505
1770200587.7612 0 'robobot/drive/T0/acc' 1770200587.7611 0.443359 0.053711 0.841553 99.505
1770200587.7612 0 'robobot/drive/T0/mot' 1770200587.7612 0.5 1.4 0.1 0.1 0
1770200587.7624 0 'robobot/drive/T0/pose' 1770200587.7623 99.5060 0.617 0.023 0.4892 -2.6976
1770200587.7624 0 'robobot/drive/T0/liv' 1770200587.7624 29 32 44 55 63 39 35 30 25
1770200587.7657 0 'robobot/drive/T0/hbt' 1770200587.7656 99.5090 107 1033 15.64 4 8 9.0 0.47 0
1770200587.7657 0 'robobot/drive/T0/vel' 1770200587.7657 99.5090 0.063 0.158 0.4142 0.063 4
1770200587.7665 0 'robobot/drive/T0/mvel' 1770200587.7665 0.063 0.158
1770200587.7669 0 'robobot/drive/T0/pose' 1770200587.7668 99.5110 0.617 0.023 0.4915 -2.6974
1770200587.7669 0 'robobot/drive/T0/livn' 1770200587.7669 35 35 46 69 70 39 37 42 97
1770200587.7723 0 'robobot/drive/T0/pose' 1770200587.7722 99.5160 0.618 0.023 0.4927 -2.6973
1770200587.7734 0 'robobot/drive/T0/gyro' 1770200587.7733 -0.357971 -0.137329 -4.409729 99.517
1770200587.7735 0 'robobot/drive/T0/acc' 1770200587.7734 0.427734 0.047119 0.858154 99.517
1770200587.7736 0 'robobot/drive/T0/vel' 1770200587.7735 99.5170 0.063 0.157 0.4062 0.063 4
1770200587.7739 0 'robobot/drive/T0/mvel' 1770200587.7739 0.063 0.157
1770200587.7768 0 'robobot/drive/T0/pose' 1770200587.7767 99.5210 0.618 0.023 0.4961 -2.6972
1770200587.7779 0 'robobot/drive/T0/livn' 1770200587.7779 35 34 46 70 70 39 37 42 102
1770200587.7801 0 'robobot/drive/T0/ird' 1770200587.7800 0.112 0.102 17192 18646 1
1770200587.7812 0 'robobot/drive/T0/vel' 1770200587.7811 99.5250 0.058 0.157 0.4303 0.058 4
1770200587.7813 0 'robobot/drive/T0/mvel' 1770200587.7813 0.058 0.157
1770200587.7823 0 'robobot/drive/T0/pose' 1770200587.7823 99.5260 0.618 0.023 0.4973 -2.6972
1770200587.7845 0 'robobot/drive/T0/gyro' 1770200587.7845 -0.907288 0.167847 -3.555237 99.529
1770200587.7846 0 'robobot/drive/T0/acc' 1770200587.7845 0.392090 0.001709 0.929688 99.529
1770200587.7857 0 'robobot/drive/T0/mca' 1770200587.7857 0.177 0.137 17
1770200587.7868 0 'robobot/drive/T0/pose' 1770200587.7868 99.5310 0.619 0.024 0.4996 -2.6974
1770200587.7879 0 'robobot/drive/T0/livn' 1770200587.7879 34 34 46 69 70 39 37 42 107
1770200587.7891 0 'robobot/drive/T0/vel' 1770200587.7890 99.5330 0.058 0.159 0.4376 0.058 4
1770200587.7899 0 'robobot/drive/T0/mvel' 1770200587.7899 0.058 0.159
1770200587.7923 0 'robobot/drive/T0/pose' 1770200587.7922 99.5360 0.620 0.024 0.5008 -2.6976
1770200587.7945 0 'robobot/drive/T0/mot' 1770200587.7944 0.43 1.4 0.1 0.1 0
1770200587.7967 0 'robobot/drive/T0/gyro' 1770200587.7966 -0.266418 -2.273560 1.052917 99.541
1770200587.7968 0 'robobot/drive/T0/acc' 1770200587.7967 0.365723 -0.041992 0.719482 99.541
1770200587.7968 0 'robobot/drive/T0/pose' 1770200587.7968 99.5410 0.620 0.024 0.5031 -2.6977
1770200587.7969 0 'robobot/drive/T0/vel' 1770200587.7968 99.5410 0.079 0.154 0.3254 0.079 4
1770200587.7970 0 'robobot/drive/T0/livn' 1770200587.7969 34 34 46 69 70 39 37 42 112
1770200587.7973 0 'robobot/drive/T0/mvel' 1770200587.7973 0.079 0.154
1770200587.8023 0 'robobot/drive/T0/pose' 1770200587.8023 99.5460 0.621 0.025 0.5042 -2.6979
1770200587.8056 0 'robobot/drive/T0/ird' 1770200587.8055 0.112 0.103 17198 18562 1
1770200587.8056 0 'robobot/drive/T0/vel' 1770200587.8056 99.5490 0.083 0.149 0.2892 0.083 4
1770200587.8058 0 'robobot/drive/T0/mvel' 1770200587.8057 0.083 0.149
1770200587.8068 0 'robobot/drive/T0/pose' 1770200587.8067 99.5510 0.621 0.025 0.5054 -2.6982
1770200587.8079 0 'robobot/drive/T0/livn' 1770200587.8078 34 34 46 69 70 39 37 41 117
1770200587.8090 0 'robobot/drive/T0/gyro' 1770200587.8090 0.191345 1.144409 1.113953 99.553
1770200587.8091 0 'robobot/drive/T0/acc' 1770200587.8090 0.429688 0.062500 0.870850 99.553
1770200587.8123 0 'robobot/drive/T0/pose' 1770200587.8123 99.5560 0.622 0.025 0.5077 -2.6981
1770200587.8124 0 'robobot/drive/T0/liv' 1770200587.8123 23 27 44 54 66 36 34 27 25
1770200587.8135 0 'robobot/drive/T0/vel' 1770200587.8134 99.5570 0.080 0.151 0.3103 0.080 4
1770200587.8142 0 'robobot/drive/T0/mvel' 1770200587.8142 0.080 0.151
1770200587.8168 0 'robobot/drive/T0/pose' 1770200587.8167 99.5610 0.622 0.025 0.5100 -2.6979
1770200587.8179 0 'robobot/drive/T0/livn' 1770200587.8178 34 34 46 69 71 39 37 41 122
1770200587.8179 0 'robobot/drive/T0/mca' 1770200587.8179 0.159 0.145 16
1770200587.8212 0 'robobot/drive/T0/gyro' 1770200587.8211 -1.609192 -1.266479 1.907410 99.565
1770200587.8213 0 'robobot/drive/T0/acc' 1770200587.8212 0.394287 0.036865 0.868408 99.565
1770200587.8213 0 'robobot/drive/T0/vel' 1770200587.8213 99.5650 0.073 0.154 0.3512 0.073 4
1770200587.8217 0 'robobot/drive/T0/mvel' 1770200587.8216 0.073 0.154
1770200587.8224 0 'robobot/drive/T0/pose' 1770200587.8224 99.5660 0.623 0.026 0.5123 -2.6979
1770200587.8267 0 'robobot/drive/T0/pose' 1770200587.8267 99.5710 0.623 0.026 0.5158 -2.6981
1770200587.8279 0 'robobot/drive/T0/livn' 1770200587.8278 34 34 46 69 71 38 36 41 127
1770200587.8279 0 'robobot/drive/T0/mot' 1770200587.8279 0.19 1.4 0.1 0.1 0
1770200587.8290 0 'robobot/drive/T0/vel' 1770200587.8290 99.5730 0.065 0.156 0.3967 0.065 4
1770200587.8291 0 'robobot/drive/T0/mvel' 1770200587.8290 0.065 0.156
1770200587.8302 0 'robobot/drive/T0/ird' 1770200587.8301 0.112 0.103 17178 18536 1
1770200587.8324 0 'robobot/drive/T0/pose' 1770200587.8323 99.5760 0.623 0.026 0.5170 -2.6981
1770200587.8325 0 'robobot/drive/T0/gyro' 1770200587.8324 -0.022278 0.961304 -0.015198 99.577
1770200587.8325 0 'robobot/drive/T0/acc' 1770200587.8325 0.438477 0.037842 0.861084 99.577
1770200587.8368 0 'robobot/drive/T0/pose' 1770200587.8368 99.5810 0.624 0.026 0.5216 -2.6979
1770200587.8369 0 'robobot/drive/T0/vel' 1770200587.8368 99.5810 0.049 0.160 0.4835 0.049 4
1770200587.8370 0 'robobot/drive/T0/livn' 1770200587.8369 34 34 46 69 70 39 36 41 132
1770200587.8376 0 'robobot/drive/T0/mvel' 1770200587.8376 0.049 0.160
1770200587.8423 0 'robobot/drive/T0/pose' 1770200587.8422 99.5860 0.624 0.027 0.5239 -2.6978
1770200587.8440 0 'robobot/drive/master' 1770200587.8440 2026-02-04 11:23:03.813786
1770200587.8445 0 'robobot/drive/T0/gyro' 1770200587.8444 -0.724182 0.167847 -0.289856 99.589
1770200587.8446 0 'robobot/drive/T0/acc' 1770200587.8445 0.433105 -0.021729 0.937988 99.589
1770200587.8457 0 'robobot/drive/T0/vel' 1770200587.8457 99.5890 0.042 0.158 0.5034 0.042 4
1770200587.8461 0 'robobot/drive/T0/mvel' 1770200587.8460 0.042 0.158
1770200587.8469 0 'robobot/drive/T0/pose' 1770200587.8468 99.5910 0.625 0.027 0.5274 -2.6979
1770200587.8480 0 'robobot/drive/T0/livn' 1770200587.8479 34 34 46 69 70 39 37 41 137
1770200587.8512 0 'robobot/drive/T0/mca' 1770200587.8511 0.108 0.132 17
1770200587.8523 0 'robobot/drive/T0/pose' 1770200587.8522 99.5960 0.625 0.027 0.5285 -2.6979
1770200587.8534 0 'robobot/drive/T0/vel' 1770200587.8533 99.5970 0.034 0.157 0.5343 0.034 4
1770200587.8535 0 'robobot/drive/T0/mvel' 1770200587.8535 0.034 0.157
1770200587.8556 0 'robobot/drive/T0/ird' 1770200587.8555 0.112 0.104 17197 18398 1
1770200587.8568 0 'robobot/drive/T0/gyro' 1770200587.8567 -0.052795 0.015259 -0.625549 99.601
1770200587.8568 0 'robobot/drive/T0/acc' 1770200587.8568 0.420898 -0.010986 0.842529 99.601
1770200587.8569 0 'robobot/drive/T0/pose' 1770200587.8568 99.6010 0.626 0.027 0.5308 -2.6979
1770200587.8570 0 'robobot/drive/T0/livn' 1770200587.8569 34 34 46 69 70 39 36 41 142
1770200587.8602 0 'robobot/drive/T0/mot' 1770200587.8601 0.43 1.4 0.1 0.1 0
1770200587.8613 0 'robobot/drive/T0/vel' 1770200587.8612 99.6050 0.036 0.155 0.5159 0.036 4
1770200587.8619 0 'robobot/drive/T0/mvel' 1770200587.8619 0.036 0.155
1770200587.8624 0 'robobot/drive/T0/pose' 1770200587.8624 99.6060 0.626 0.028 0.5331 -2.6978
1770200587.8625 0 'robobot/drive/T0/liv' 1770200587.8624 29 32 42 51 61 39 32 28 25
1770200587.8668 0 'robobot/drive/T0/pose' 1770200587.8667 99.6110 0.626 0.028 0.5355 -2.6980
1770200587.8679 0 'robobot/drive/T0/livn' 1770200587.8678 34 34 46 69 70 39 37 41 147
1770200587.8690 0 'robobot/drive/T0/gyro' 1770200587.8690 0.099792 -0.381470 -0.320374 99.613
1770200587.8691 0 'robobot/drive/T0/acc' 1770200587.8690 0.424316 -0.011475 0.906982 99.613
1770200587.8692 0 'robobot/drive/T0/vel' 1770200587.8691 99.6130 0.047 0.148 0.4395 0.047 4
1770200587.8693 0 'robobot/drive/T0/mvel' 1770200587.8693 0.047 0.148
1770200587.8724 0 'robobot/drive/T0/pose' 1770200587.8723 99.6160 0.627 0.028 0.5378 -2.6980
1770200587.8778 0 'robobot/drive/T0/pose' 1770200587.8777 99.6210 0.627 0.028 0.5401 -2.6981
1770200587.8778 0 'robobot/drive/T0/vel' 1770200587.8778 99.6210 0.046 0.151 0.4588 0.046 4
1770200587.8779 0 'robobot/drive/T0/livn' 1770200587.8778 34 34 46 69 70 39 37 42 152
1770200587.8779 0 'robobot/drive/T0/mvel' 1770200587.8779 0.046 0.151
1770200587.8801 0 'robobot/drive/T0/ird' 1770200587.8800 0.114 0.104 16922 18366 1
1770200587.8812 0 'robobot/drive/T0/gyro' 1770200587.8811 0.069275 -0.595093 -0.045715 99.625
1770200587.8813 0 'robobot/drive/T0/acc' 1770200587.8812 0.417236 -0.015869 0.865967 99.625
1770200587.8824 0 'robobot/drive/T0/pose' 1770200587.8823 99.6260 0.628 0.029 0.5436 -2.6981
1770200587.8845 0 'robobot/drive/T0/mca' 1770200587.8845 0.109 0.148 16
1770200587.8857 0 'robobot/drive/T0/vel' 1770200587.8856 99.6290 0.048 0.160 0.4886 0.048 4
1770200587.8863 0 'robobot/drive/T0/mvel' 1770200587.8863 0.048 0.160
1770200587.8868 0 'robobot/drive/T0/pose' 1770200587.8867 99.6310 0.628 0.029 0.5447 -2.6982
1770200587.8879 0 'robobot/drive/T0/livn' 1770200587.8879 34 33 46 69 70 38 37 42 157
1770200587.8922 0 'robobot/drive/T0/pose' 1770200587.8922 99.6360 0.629 0.029 0.5470 -2.6982
1770200587.8934 0 'robobot/drive/T0/gyro' 1770200587.8933 0.313416 -0.167847 -0.350891 99.637
1770200587.8934 0 'robobot/drive/T0/acc' 1770200587.8934 0.419678 0.010498 0.885986 99.637
1770200587.8935 0 'robobot/drive/T0/vel' 1770200587.8934 99.6370 0.045 0.159 0.4979 0.045 4
1770200587.8935 0 'robobot/drive/T0/mot' 1770200587.8935 0.34 1.4 0.1 0.1 0
1770200587.8937 0 'robobot/drive/T0/mvel' 1770200587.8937 0.045 0.159
1770200587.8968 0 'robobot/drive/T0/pose' 1770200587.8967 99.6410 0.629 0.030 0.5493 -2.6982
1770200587.8979 0 'robobot/drive/T0/livn' 1770200587.8978 34 34 46 69 70 38 37 42 162
1770200587.9012 0 'robobot/drive/T0/vel' 1770200587.9011 99.6450 0.054 0.156 0.4444 0.054 4
1770200587.9022 0 'robobot/drive/T0/mvel' 1770200587.9021 0.054 0.156
1770200587.9023 0 'robobot/drive/T0/pose' 1770200587.9022 99.6460 0.629 0.030 0.5505 -2.6982
1770200587.9045 0 'robobot/drive/T0/gyro' 1770200587.9044 -0.449524 -0.228882 -0.137268 99.649
1770200587.9045 0 'robobot/drive/T0/acc' 1770200587.9045 0.414795 -0.000732 0.899658 99.649
1770200587.9057 0 'robobot/drive/T0/ird' 1770200587.9056 0.115 0.104 16710 18460 1
1770200587.9068 0 'robobot/drive/T0/pose' 1770200587.9067 99.6510 0.630 0.030 0.5540 -2.6983
1770200587.9079 0 'robobot/drive/T0/livn' 1770200587.9078 34 34 46 69 70 38 37 42 167
1770200587.9090 0 'robobot/drive/T0/vel' 1770200587.9090 99.6530 0.053 0.158 0.4551 0.053 4
1770200587.9096 0 'robobot/drive/T0/mvel' 1770200587.9095 0.053 0.158
1770200587.9123 0 'robobot/drive/T0/pose' 1770200587.9122 99.6560 0.630 0.030 0.5563 -2.6983
1770200587.9123 0 'robobot/drive/T0/liv' 1770200587.9123 24 28 48 57 62 35 34 31 25
1770200587.9166 0 'robobot/drive/T0/gyro' 1770200587.9166 -0.327454 -0.167847 -0.015198 99.661
1770200587.9167 0 'robobot/drive/T0/acc' 1770200587.9166 0.424072 -0.005371 0.899902 99.661
1770200587.9178 0 'robobot/drive/T0/mca' 1770200587.9178 0.109 0.131 17
1770200587.9179 0 'robobot/drive/T0/pose' 1770200587.9178 99.6610 0.631 0.031 0.5597 -2.6983
1770200587.9179 0 'robobot/drive/T0/vel' 1770200587.9179 99.6610 0.053 0.152 0.4313 0.053 4
1770200587.9180 0 'robobot/drive/T0/mvel' 1770200587.9180 0.053 0.152
1770200587.9180 0 'robobot/drive/T0/livn' 1770200587.9179 34 34 46 69 70 39 37 42 172
1770200587.9223 0 'robobot/drive/T0/pose' 1770200587.9223 99.6660 0.631 0.031 0.5621 -2.6983
1770200587.9256 0 'robobot/drive/T0/vel' 1770200587.9255 99.6690 0.046 0.146 0.4371 0.046 4
1770200587.9265 0 'robobot/drive/T0/mvel' 1770200587.9265 0.046 0.146
1770200587.9267 0 'robobot/drive/T0/mot' 1770200587.9267 0.28 1.4 0.1 0.1 0
1770200587.9279 0 'robobot/drive/T0/pose' 1770200587.9278 99.6710 0.631 0.031 0.5632 -2.6984
1770200587.9279 0 'robobot/drive/T0/livn' 1770200587.9279 34 33 46 69 70 38 36 41 177
1770200587.9291 0 'robobot/drive/T0/gyro' 1770200587.9290 -0.663147 0.015259 0.045837 99.673
1770200587.9292 0 'robobot/drive/T0/acc' 1770200587.9291 0.431152 -0.007568 0.915283 99.673
1770200587.9309 0 'robobot/drive/T0/ird' 1770200587.9308 0.117 0.104 16485 18351 1
1770200587.9321 0 'robobot/drive/T0/pose' 1770200587.9320 99.6760 0.632 0.031 0.5655 -2.6984
1770200587.9332 0 'robobot/drive/T0/vel' 1770200587.9331 99.6770 0.043 0.153 0.4790 0.043 4
1770200587.9340 0 'robobot/drive/T0/mvel' 1770200587.9340 0.043 0.153
1770200587.9379 0 'robobot/drive/T0/pose' 1770200587.9375 99.6810 0.632 0.032 0.5678 -2.6984
1770200587.9381 0 'robobot/drive/T0/livn' 1770200587.9379 34 33 46 69 70 39 36 41 182
1770200587.9415 0 'robobot/drive/T0/gyro' 1770200587.9412 -0.693665 0.228882 0.167908 99.685
1770200587.9416 0 'robobot/drive/T0/acc' 1770200587.9415 0.415771 -0.016113 0.892578 99.685
1770200587.9416 0 'robobot/drive/T0/vel' 1770200587.9416 99.6850 0.051 0.155 0.4519 0.051 4
1770200587.9419 0 'robobot/drive/T0/mvel' 1770200587.9419 0.051 0.155
1770200587.9429 0 'robobot/drive/T0/pose' 1770200587.9427 99.6860 0.633 0.032 0.5701 -2.6984
1770200587.9472 0 'robobot/drive/T0/pose' 1770200587.9472 99.6910 0.633 0.032 0.5725 -2.6983
1770200587.9473 0 'robobot/drive/T0/livn' 1770200587.9472 34 33 46 69 70 38 36 41 187
1770200587.9495 0 'robobot/drive/T0/vel' 1770200587.9494 99.6930 0.053 0.155 0.4432 0.053 4
1770200587.9503 0 'robobot/drive/T0/mvel' 1770200587.9503 0.053 0.155
1770200587.9507 0 'robobot/drive/T0/mca' 1770200587.9506 0.153 0.147 16
1770200587.9529 0 'robobot/drive/T0/pose' 1770200587.9528 99.6960 0.634 0.032 0.5759 -2.6984
1770200587.9530 0 'robobot/drive/T0/gyro' 1770200587.9529 -0.174866 0.015259 -0.045715 99.697
1770200587.9530 0 'robobot/drive/T0/acc' 1770200587.9530 0.421143 -0.021973 0.889893 99.697
1770200587.9553 0 'robobot/drive/T0/ird' 1770200587.9551 0.120 0.104 16117 18385 1
1770200587.9576 0 'robobot/drive/T0/pose' 1770200587.9575 99.7010 0.634 0.033 0.5771 -2.6984
1770200587.9579 0 'robobot/drive/T0/vel' 1770200587.9576 99.7010 0.052 0.159 0.4627 0.052 4
1770200587.9579 0 'robobot/drive/T0/livn' 1770200587.9579 34 33 46 70 70 39 37 41 192
1770200587.9580 0 'robobot/drive/T0/mvel' 1770200587.9579 0.052 0.159
1770200587.9601 0 'robobot/drive/T0/mot' 1770200587.9601 0.26 1.4 0.1 0.1 0
1770200587.9624 0 'robobot/drive/T0/pose' 1770200587.9622 99.7060 0.635 0.033 0.5794 -2.6985
1770200587.9626 0 'robobot/drive/T0/liv' 1770200587.9624 29 30 44 56 66 40 34 27 25
1770200587.9648 0 'robobot/drive/T0/gyro' 1770200587.9647 0.008240 0.015259 -0.442444 99.709
1770200587.9649 0 'robobot/drive/T0/acc' 1770200587.9648 0.427490 -0.024414 0.890869 99.709
1770200587.9650 0 'robobot/drive/T0/vel' 1770200587.9649 99.7090 0.053 0.160 0.4638 0.053 4
1770200587.9654 0 'robobot/drive/T0/mvel' 1770200587.9653 0.053 0.160
1770200587.9672 0 'robobot/drive/T0/pose' 1770200587.9671 99.7110 0.635 0.033 0.5817 -2.6985
1770200587.9673 0 'robobot/drive/T0/livn' 1770200587.9672 34 34 46 69 70 39 37 41 197
1770200587.9727 0 'robobot/drive/T0/pose' 1770200587.9726 99.7160 0.635 0.034 0.5829 -2.6985
1770200587.9739 0 'robobot/drive/T0/vel' 1770200587.9738 99.7170 0.059 0.156 0.4185 0.059 4
1770200587.9740 0 'robobot/drive/T0/mvel' 1770200587.9739 0.059 0.156
1770200587.9771 0 'robobot/drive/T0/gyro' 1770200587.9771 0.191345 0.045776 0.137390 99.721
1770200587.9772 0 'robobot/drive/T0/acc' 1770200587.9771 0.413330 -0.019775 0.891846 99.721
1770200587.9773 0 'robobot/drive/T0/pose' 1770200587.9772 99.7210 0.636 0.034 0.5863 -2.6985
1770200587.9773 0 'robobot/drive/T0/livn' 1770200587.9773 35 34 46 70 70 39 37 41 202
1770200587.9807 0 'robobot/drive/T0/ird' 1770200587.9805 0.121 0.104 15979 18434 1
1770200587.9820 0 'robobot/drive/T0/vel' 1770200587.9818 99.7250 0.060 0.150 0.3919 0.060 4
1770200587.9821 0 'robobot/drive/T0/pose' 1770200587.9820 99.7260 0.636 0.034 0.5875 -2.6985
1770200587.9826 0 'robobot/drive/T0/mvel' 1770200587.9826 0.060 0.150
1770200587.9832 0 'robobot/drive/T0/mca' 1770200587.9831 0.169 0.135 17
1770200587.9875 0 'robobot/drive/T0/pose' 1770200587.9874 99.7310 0.637 0.034 0.5898 -2.6985
1770200587.9876 0 'robobot/drive/T0/livn' 1770200587.9875 35 34 46 70 71 39 37 41 207
1770200587.9888 0 'robobot/drive/T0/gyro' 1770200587.9886 0.557556 -0.045776 -0.045715 99.733
1770200587.9890 0 'robobot/drive/T0/acc' 1770200587.9888 0.423828 -0.012939 0.906494 99.733
1770200587.9891 0 'robobot/drive/T0/vel' 1770200587.9890 99.7330 0.056 0.151 0.4099 0.056 4
1770200587.9891 0 'robobot/drive/T0/mvel' 1770200587.9891 0.056 0.151
1770200587.9924 0 'robobot/drive/T0/pose' 1770200587.9923 99.7360 0.637 0.035 0.5921 -2.6986
1770200587.9924 0 'robobot/drive/T0/mot' 1770200587.9924 0.18 1.4 0.1 0.1 0
1770200587.9979 0 'robobot/drive/T0/pose' 1770200587.9977 99.7410 0.638 0.035 0.5933 -2.6986
1770200587.9980 0 'robobot/drive/T0/vel' 1770200587.9979 99.7410 0.055 0.153 0.4280 0.055 4
1770200587.9981 0 'robobot/drive/T0/livn' 1770200587.9980 35 34 46 70 71 39 37 41 212
1770200587.9986 0 'robobot/drive/T0/mvel' 1770200587.9986 0.055 0.153
1770200588.0013 0 'robobot/drive/T0/gyro' 1770200588.0012 0.404968 0.320435 -0.564514 99.745
1770200588.0014 0 'robobot/drive/T0/acc' 1770200588.0013 0.422607 -0.008545 0.905518 99.745
1770200588.0026 0 'robobot/drive/T0/pose' 1770200588.0024 99.7460 0.638 0.035 0.5956 -2.6986
1770200588.0048 0 'robobot/drive/T0/ird' 1770200588.0047 0.123 0.103 15812 18502 1
1770200588.0048 0 'robobot/drive/T0/vel' 1770200588.0048 99.7490 0.055 0.158 0.4478 0.055 4
1770200588.0051 0 'robobot/drive/T0/mvel' 1770200588.0051 0.055 0.158
1770200588.0071 0 'robobot/drive/T0/pose' 1770200588.0069 99.7510 0.638 0.036 0.5991 -2.6986
1770200588.0073 0 'robobot/drive/T0/livn' 1770200588.0071 35 34 47 70 70 39 37 41 217
1770200588.0127 0 'robobot/drive/T0/pose' 1770200588.0126 99.7560 0.639 0.036 0.6002 -2.6986
1770200588.0128 0 'robobot/drive/T0/liv' 1770200588.0127 28 33 48 56 62 38 35 30 25
1770200588.0128 0 'robobot/drive/T0/gyro' 1770200588.0128 0.374451 0.167847 -0.259338 99.757
1770200588.0129 0 'robobot/drive/T0/acc' 1770200588.0128 0.412842 -0.015381 0.913818 99.757
1770200588.0130 0 'robobot/drive/T0/vel' 1770200588.0129 99.7570 0.055 0.159 0.4513 0.055 4
1770200588.0138 0 'robobot/drive/T0/mvel' 1770200588.0137 0.055 0.159
1770200588.0163 0 'robobot/drive/T0/mca' 1770200588.0161 0.146 0.139 16
1770200588.0176 0 'robobot/drive/T0/pose' 1770200588.0174 99.7610 0.639 0.036 0.6037 -2.6987
1770200588.0177 0 'robobot/drive/T0/livn' 1770200588.0176 34 34 47 70 70 39 37 41 222
1770200588.0210 0 'robobot/drive/T0/vel' 1770200588.0208 99.7650 0.051 0.159 0.4692 0.051 4
1770200588.0213 0 'robobot/drive/T0/mvel' 1770200588.0213 0.051 0.159
1770200588.0221 0 'robobot/drive/T0/pose' 1770200588.0220 99.7660 0.640 0.036 0.6060 -2.6987
1770200588.0254 0 'robobot/drive/T0/gyro' 1770200588.0253 0.496521 -0.289917 0.351013 99.769
1770200588.0255 0 'robobot/drive/T0/acc' 1770200588.0254 0.402588 -0.020996 0.864014 99.769
1770200588.0255 0 'robobot/drive/T0/mot' 1770200588.0255 0.18 1.4 0.1 0.1 0
1770200588.0278 0 'robobot/drive/T0/pose' 1770200588.0276 99.7710 0.640 0.037 0.6095 -2.6988
1770200588.0281 0 'robobot/drive/T0/livn' 1770200588.0278 34 34 47 70 70 39 37 42 227
1770200588.0292 0 'robobot/drive/T0/vel' 1770200588.0291 99.7730 0.043 0.155 0.4846 0.043 4
1770200588.0299 0 'robobot/drive/T0/mvel' 1770200588.0298 0.043 0.155
1770200588.0303 0 'robobot/drive/T0/ird' 1770200588.0303 0.123 0.103 15731 18524 1
1770200588.0325 0 'robobot/drive/T0/pose' 1770200588.0325 99.7760 0.640 0.037 0.6118 -2.6989
1770200588.0369 0 'robobot/drive/T0/gyro' 1770200588.0368 0.466003 0.198364 1.205505 99.781
1770200588.0369 0 'robobot/drive/T0/acc' 1770200588.0369 0.406250 -0.006592 0.905029 99.781
1770200588.0370 0 'robobot/drive/T0/pose' 1770200588.0369 99.7810 0.641 0.037 0.6153 -2.6990
1770200588.0370 0 'robobot/drive/T0/vel' 1770200588.0370 99.7810 0.039 0.151 0.4868 0.039 4
1770200588.0371 0 'robobot/drive/T0/livn' 1770200588.0370 35 34 47 70 70 39 37 42 232
1770200588.0374 0 'robobot/drive/T0/mvel' 1770200588.0374 0.039 0.151
1770200588.0425 0 'robobot/drive/T0/pose' 1770200588.0424 99.7860 0.641 0.038 0.6164 -2.6991
1770200588.0457 0 'robobot/drive/T0/vel' 1770200588.0457 99.7890 0.038 0.150 0.4871 0.038 4
1770200588.0459 0 'robobot/drive/T0/mvel' 1770200588.0459 0.038 0.150
1770200588.0469 0 'robobot/drive/T0/pose' 1770200588.0468 99.7910 0.642 0.038 0.6187 -2.6992
1770200588.0469 0 'robobot/drive/T0/livn' 1770200588.0469 35 34 47 70 70 39 37 42 237
1770200588.0491 0 'robobot/drive/T0/gyro' 1770200588.0491 1.412048 0.534058 2.426208 99.793
1770200588.0492 0 'robobot/drive/T0/acc' 1770200588.0491 0.402344 -0.046631 0.951904 99.793
1770200588.0493 0 'robobot/drive/T0/mca' 1770200588.0492 0.107 0.142 17
1770200588.0525 0 'robobot/drive/T0/pose' 1770200588.0524 99.7960 0.642 0.038 0.6210 -2.6993
1770200588.0537 0 'robobot/drive/T0/vel' 1770200588.0536 99.7970 0.040 0.155 0.5024 0.040 4
1770200588.0537 0 'robobot/drive/T0/mvel' 1770200588.0537 0.040 0.155
1770200588.0548 0 'robobot/drive/T0/ird' 1770200588.0547 0.124 0.104 15673 18432 1
1770200588.0570 0 'robobot/drive/T0/pose' 1770200588.0569 99.8010 0.642 0.038 0.6245 -2.6996
1770200588.0571 0 'robobot/drive/T0/livn' 1770200588.0570 35 34 47 70 70 39 37 42 242
1770200588.0592 0 'robobot/drive/T0/mot' 1770200588.0592 0.27 1.4 0.1 0.1 0
1770200588.0615 0 'robobot/drive/T0/gyro' 1770200588.0614 1.198425 -0.900269 4.653992 99.805
1770200588.0615 0 'robobot/drive/T0/acc' 1770200588.0615 0.390869 -0.015625 0.886963 99.805
1770200588.0616 0 'robobot/drive/T0/vel' 1770200588.0615 99.8050 0.040 0.158 0.5168 0.040 4
1770200588.0622 0 'robobot/drive/T0/mvel' 1770200588.0622 0.040 0.158
1770200588.0627 0 'robobot/drive/T0/pose' 1770200588.0627 99.8060 0.643 0.039 0.6280 -2.6997
1770200588.0628 0 'robobot/drive/T0/liv' 1770200588.0627 27 29 43 55 63 36 34 33 25
1770200588.0671 0 'robobot/drive/T0/pose' 1770200588.0670 99.8110 0.643 0.039 0.6314 -2.6999
1770200588.0672 0 'robobot/drive/T0/livn' 1770200588.0671 35 34 47 70 70 39 37 42 247
1770200588.0694 0 'robobot/drive/T0/vel' 1770200588.0693 99.8130 0.038 0.162 0.5359 0.038 4
1770200588.0697 0 'robobot/drive/T0/mvel' 1770200588.0696 0.038 0.162
1770200588.0726 0 'robobot/drive/T0/pose' 1770200588.0725 99.8160 0.643 0.039 0.6349 -2.6999
1770200588.0727 0 'robobot/drive/T0/gyro' 1770200588.0726 2.022400 -0.717163 4.562439 99.817
1770200588.0728 0 'robobot/drive/T0/acc' 1770200588.0727 0.416260 0.016602 0.860352 99.817
1770200588.0771 0 'robobot/drive/T0/pose' 1770200588.0770 99.8210 0.644 0.039 0.6384 -2.7000
1770200588.0771 0 'robobot/drive/T0/vel' 1770200588.0771 99.8210 0.033 0.157 0.5402 0.033 4
1770200588.0772 0 'robobot/drive/T0/livn' 1770200588.0771 34 34 47 70 70 38 37 42 252
1770200588.0774 0 'robobot/drive/T0/mvel' 1770200588.0774 0.033 0.157
1770200588.0804 0 'robobot/drive/T0/ird' 1770200588.0804 0.123 0.103 15747 18484 1
1770200588.0826 0 'robobot/drive/T0/mca' 1770200588.0826 0.109 0.132 16
1770200588.0827 0 'robobot/drive/T0/pose' 1770200588.0826 99.8260 0.644 0.040 0.6419 -2.6999
1770200588.0849 0 'robobot/drive/T0/gyro' 1770200588.0849 2.205505 0.473022 3.646912 99.829
1770200588.0850 0 'robobot/drive/T0/acc' 1770200588.0849 0.430664 0.000977 0.875000 99.829
1770200588.0851 0 'robobot/drive/T0/vel' 1770200588.0850 99.8290 0.029 0.156 0.5509 0.029 4
1770200588.0853 0 'robobot/drive/T0/mvel' 1770200588.0852 0.029 0.156
1770200588.0873 0 'robobot/drive/T0/pose' 1770200588.0872 99.8310 0.644 0.040 0.6453 -2.6998
1770200588.0873 0 'robobot/drive/T0/livn' 1770200588.0873 34 34 47 70 71 39 37 42 257
1770200588.0916 0 'robobot/drive/T0/mot' 1770200588.0916 0.39 1.4 0.1 0.1 0
1770200588.0928 0 'robobot/drive/T0/pose' 1770200588.0927 99.8360 0.645 0.040 0.6476 -2.6998
1770200588.0928 0 'robobot/drive/T0/vel' 1770200588.0928 99.8370 0.023 0.155 0.5720 0.023 4
1770200588.0938 0 'robobot/drive/T0/mvel' 1770200588.0938 0.023 0.155
1770200588.0971 0 'robobot/drive/T0/gyro' 1770200588.0970 2.297058 -0.198364 3.952087 99.841
1770200588.0972 0 'robobot/drive/T0/acc' 1770200588.0971 0.415771 -0.023682 0.917725 99.841
1770200588.0972 0 'robobot/drive/T0/pose' 1770200588.0972 99.8410 0.645 0.040 0.6511 -2.6999
1770200588.0973 0 'robobot/drive/T0/livn' 1770200588.0973 35 34 47 70 71 39 37 42 262
1770200588.1016 0 'robobot/drive/T0/vel' 1770200588.1015 99.8450 0.020 0.148 0.5567 0.020 4
1770200588.1023 0 'robobot/drive/T0/mvel' 1770200588.1022 0.020 0.148
1770200588.1027 0 'robobot/drive/T0/pose' 1770200588.1026 99.8460 0.645 0.040 0.6546 -2.6999
1770200588.1049 0 'robobot/drive/T0/ird' 1770200588.1048 0.124 0.102 15712 18637 1
1770200588.1071 0 'robobot/drive/T0/pose' 1770200588.1070 99.8510 0.645 0.041 0.6580 -2.6997
1770200588.1071 0 'robobot/drive/T0/livn' 1770200588.1071 35 34 47 70 71 39 37 42 267
1770200588.1093 0 'robobot/drive/T0/gyro' 1770200588.1092 2.693787 0.778198 3.341736 99.853
1770200588.1094 0 'robobot/drive/T0/acc' 1770200588.1093 0.420166 0.005371 0.872559 99.853
1770200588.1094 0 'robobot/drive/T0/vel' 1770200588.1094 99.8530 0.017 0.151 0.5801 0.017 4
1770200588.1097 0 'robobot/drive/T0/mvel' 1770200588.1096 0.017 0.151
1770200588.1127 0 'robobot/drive/T0/pose' 1770200588.1126 99.8560 0.646 0.041 0.6615 -2.6996
1770200588.1127 0 'robobot/drive/T0/liv' 1770200588.1127 26 33 45 56 67 37 30 27 25
1770200588.1149 0 'robobot/drive/T0/mca' 1770200588.1148 0.123 0.145 17
1770200588.1171 0 'robobot/drive/T0/pose' 1770200588.1170 99.8610 0.646 0.041 0.6650 -2.6994
1770200588.1171 0 'robobot/drive/T0/vel' 1770200588.1171 99.8610 0.015 0.158 0.6235 0.015 4
1770200588.1172 0 'robobot/drive/T0/livn' 1770200588.1171 35 34 46 70 71 38 36 42 272
1770200588.1181 0 'robobot/drive/T0/mvel' 1770200588.1180 0.015 0.158
1770200588.1215 0 'robobot/drive/T0/gyro' 1770200588.1214 2.419128 0.808716 2.700867 99.865
1770200588.1215 0 'robobot/drive/T0/acc' 1770200588.1215 0.432861 0.016113 0.892578 99.865
1770200588.1227 0 'robobot/drive/T0/pose' 1770200588.1226 99.8660 0.646 0.041 0.6673 -2.6993
1770200588.1248 0 'robobot/drive/T0/mot' 1770200588.1248 0.59 1.4 0.1 0.1 0
1770200588.1249 0 'robobot/drive/T0/vel' 1770200588.1248 99.8690 0.014 0.157 0.6235 0.014 4
1770200588.1255 0 'robobot/drive/T0/mvel' 1770200588.1254 0.014 0.157
1770200588.1271 0 'robobot/drive/T0/pose' 1770200588.1270 99.8710 0.647 0.042 0.6719 -2.6991
1770200588.1271 0 'robobot/drive/T0/livn' 1770200588.1271 35 34 46 70 71 39 37 42 277
1770200588.1305 0 'robobot/drive/T0/ird' 1770200588.1304 0.124 0.101 15645 18864 1
1770200588.1327 0 'robobot/drive/T0/pose' 1770200588.1326 99.8760 0.647 0.042 0.6742 -2.6990
1770200588.1328 0 'robobot/drive/T0/gyro' 1770200588.1327 1.991882 2.029419 1.297058 99.877
1770200588.1329 0 'robobot/drive/T0/acc' 1770200588.1328 0.446533 0.035156 0.914795 99.877
1770200588.1329 0 'robobot/drive/T0/vel' 1770200588.1329 99.8770 0.012 0.157 0.6310 0.012 4
1770200588.1330 0 'robobot/drive/T0/mvel' 1770200588.1330 0.012 0.157
1770200588.1376 0 'robobot/drive/T0/pose' 1770200588.1372 99.8810 0.647 0.042 0.6789 -2.6987
1770200588.1378 0 'robobot/drive/T0/livn' 1770200588.1376 35 34 46 70 71 39 37 42 282
1770200588.1410 0 'robobot/drive/T0/vel' 1770200588.1409 99.8850 0.011 0.160 0.6483 0.011 4
1770200588.1411 0 'robobot/drive/T0/mvel' 1770200588.1410 0.011 0.160
1770200588.1422 0 'robobot/drive/T0/pose' 1770200588.1421 99.8860 0.648 0.042 0.6812 -2.6986
1770200588.1454 0 'robobot/drive/T0/gyro' 1770200588.1453 1.412048 1.632690 0.717224 99.889
1770200588.1455 0 'robobot/drive/T0/acc' 1770200588.1454 0.416504 0.015137 0.895508 99.889
1770200588.1477 0 'robobot/drive/T0/pose' 1770200588.1476 99.8910 0.648 0.043 0.6846 -2.6984
1770200588.1478 0 'robobot/drive/T0/livn' 1770200588.1477 34 34 46 70 71 39 37 42 287
1770200588.1478 0 'robobot/drive/T0/mca' 1770200588.1478 0.186 0.131 16
1770200588.1490 0 'robobot/drive/T0/vel' 1770200588.1489 99.8930 0.010 0.151 0.6139 0.010 4
1770200588.1495 0 'robobot/drive/T0/mvel' 1770200588.1495 0.010 0.151
1770200588.1522 0 'robobot/drive/T0/pose' 1770200588.1521 99.8960 0.648 0.043 0.6870 -2.6983
1770200588.1554 0 'robobot/drive/T0/ird' 1770200588.1554 0.124 0.099 15636 19247 1
1770200588.1566 0 'robobot/drive/T0/gyro' 1770200588.1565 0.740662 3.005981 0.595154 99.901
1770200588.1566 0 'robobot/drive/T0/acc' 1770200588.1566 0.411865 0.026855 0.882080 99.901
1770200588.1578 0 'robobot/drive/T0/pose' 1770200588.1577 99.9010 0.649 0.043 0.6893 -2.6981
1770200588.1578 0 'robobot/drive/T0/vel' 1770200588.1578 99.9010 0.010 0.144 0.5842 0.010 4
1770200588.1579 0 'robobot/drive/T0/livn' 1770200588.1578 35 34 46 70 71 39 36 42 292
1770200588.1580 0 'robobot/drive/T0/mot' 1770200588.1579 0.77 1.4 0.1 0.1 0
1770200588.1580 0 'robobot/drive/T0/mvel' 1770200588.1580 0.010 0.144
1770200588.1623 0 'robobot/drive/T0/pose' 1770200588.1622 99.9060 0.649 0.044 0.6916 -2.6979
1770200588.1623 0 'robobot/drive/T0/liv' 1770200588.1623 26 32 42 56 63 38 31 28 25
1770200588.1655 0 'robobot/drive/T0/vel' 1770200588.1655 99.9090 0.009 0.152 0.6203 0.009 4
1770200588.1664 0 'robobot/drive/T0/mvel' 1770200588.1664 0.009 0.152
1770200588.1677 0 'robobot/drive/T0/pose' 1770200588.1677 99.9110 0.650 0.044 0.6927 -2.6978
1770200588.1678 0 'robobot/drive/T0/livn' 1770200588.1677 35 34 46 70 71 39 36 42 297
1770200588.1689 0 'robobot/drive/T0/gyro' 1770200588.1689 1.076355 3.707886 2.304138 99.913
1770200588.1690 0 'robobot/drive/T0/acc' 1770200588.1689 0.401855 -0.004150 0.921143 99.913
1770200588.1722 0 'robobot/drive/T0/pose' 1770200588.1722 99.9160 0.650 0.044 0.6950 -2.6977
1770200588.1734 0 'robobot/drive/T0/vel' 1770200588.1733 99.9170 0.038 0.157 0.5186 0.038 4
1770200588.1738 0 'robobot/drive/T0/mvel' 1770200588.1738 0.038 0.157
1770200588.1776 0 'robobot/drive/T0/pose' 1770200588.1776 99.9210 0.650 0.045 0.6974 -2.6974
1770200588.1777 0 'robobot/drive/T0/livn' 1770200588.1776 31 31 52 74 77 36 33 48 1
1770200588.1799 0 'robobot/drive/T0/ird' 1770200588.1798 0.124 0.098 15682 19419 1
1770200588.1810 0 'robobot/drive/T0/gyro' 1770200588.1809 0.374451 7.919312 3.738464 99.925
1770200588.1811 0 'robobot/drive/T0/acc' 1770200588.1810 0.456787 0.020020 0.899658 99.925
1770200588.1811 0 'robobot/drive/T0/mca' 1770200588.1811 0.152 0.151 17
1770200588.1812 0 'robobot/drive/T0/vel' 1770200588.1811 99.9250 0.059 0.159 0.4357 0.059 4
1770200588.1812 0 'robobot/drive/T0/mvel' 1770200588.1812 0.059 0.159
1770200588.1823 0 'robobot/drive/T0/pose' 1770200588.1823 99.9260 0.651 0.045 0.6997 -2.6969
1770200588.1877 0 'robobot/drive/T0/pose' 1770200588.1876 99.9310 0.651 0.045 0.7020 -2.6959
1770200588.1877 0 'robobot/drive/T0/livn' 1770200588.1877 36 33 46 70 74 36 29 43 6
1770200588.1899 0 'robobot/drive/T0/vel' 1770200588.1899 99.9330 0.065 0.163 0.4255 0.065 4
1770200588.1907 0 'robobot/drive/T0/mvel' 1770200588.1907 0.065 0.163
1770200588.1910 0 'robobot/drive/T0/mot' 1770200588.1910 0.53 1.4 0.1 0.1 0
1770200588.1922 0 'robobot/drive/T0/pose' 1770200588.1921 99.9360 0.652 0.046 0.7031 -2.6950
1770200588.1933 0 'robobot/drive/T0/gyro' 1770200588.1932 1.137390 11.520386 2.395691 99.937
1770200588.1934 0 'robobot/drive/T0/acc' 1770200588.1933 0.457031 -0.014404 0.885498 99.937
1770200588.1977 0 'robobot/drive/T0/pose' 1770200588.1976 99.9410 0.652 0.046 0.7055 -2.6937
1770200588.1977 0 'robobot/drive/T0/vel' 1770200588.1977 99.9410 0.066 0.159 0.4074 0.066 4
1770200588.1978 0 'robobot/drive/T0/livn' 1770200588.1978 37 34 49 75 75 35 30 38 11
1770200588.1981 0 'robobot/drive/T0/mvel' 1770200588.1981 0.066 0.159
1770200588.2021 0 'robobot/drive/T0/pose' 1770200588.2020 99.9460 0.652 0.046 0.7066 -2.6928
1770200588.2053 0 'robobot/drive/T0/gyro' 1770200588.2053 3.487244 9.719849 3.768982 99.949
1770200588.2054 0 'robobot/drive/T0/acc' 1770200588.2053 0.379150 -0.061279 0.798584 99.949
1770200588.2055 0 'robobot/drive/T0/ird' 1770200588.2054 0.123 0.096 15760 19698 1
1770200588.2055 0 'robobot/drive/T0/vel' 1770200588.2055 99.9490 0.072 0.154 0.3591 0.072 4
1770200588.2056 0 'robobot/drive/T0/mvel' 1770200588.2055 0.072 0.154
1770200588.2077 0 'robobot/drive/T0/pose' 1770200588.2077 99.9510 0.653 0.047 0.7089 -2.6918
1770200588.2078 0 'robobot/drive/T0/livn' 1770200588.2077 37 36 49 77 75 34 33 41 16
1770200588.2121 0 'robobot/drive/T0/pose' 1770200588.2120 99.9560 0.653 0.047 0.7112 -2.6913
1770200588.2121 0 'robobot/drive/T0/liv' 1770200588.2121 29 32 46 58 67 37 33 30 25
1770200588.2133 0 'robobot/drive/T0/vel' 1770200588.2132 99.9570 0.068 0.150 0.3522 0.068 4
1770200588.2139 0 'robobot/drive/T0/mvel' 1770200588.2139 0.068 0.150
1770200588.2144 0 'robobot/drive/T0/mca' 1770200588.2143 0.155 0.128 16
1770200588.2165 0 'robobot/drive/T0/gyro' 1770200588.2165 4.341736 10.025024 5.142273 99.961
1770200588.2166 0 'robobot/drive/T0/acc' 1770200588.2165 0.406006 -0.015625 0.951660 99.961
1770200588.2177 0 'robobot/drive/T0/pose' 1770200588.2177 99.9610 0.654 0.048 0.7124 -2.6906
1770200588.2178 0 'robobot/drive/T0/livn' 1770200588.2177 38 35 50 77 75 36 34 43 21
1770200588.2210 0 'robobot/drive/T0/vel' 1770200588.2210 99.9650 0.063 0.149 0.3752 0.063 4
1770200588.2213 0 'robobot/drive/T0/mvel' 1770200588.2213 0.063 0.149
1770200588.2222 0 'robobot/drive/T0/pose' 1770200588.2221 99.9660 0.654 0.048 0.7147 -2.6900
1770200588.2233 0 'robobot/drive/T0/mot' 1770200588.2232 0.38 1.5 0.1 0.1 0
1770200588.2276 0 'robobot/drive/T0/pose' 1770200588.2275 99.9710 0.655 0.048 0.7159 -2.6887
1770200588.2276 0 'robobot/drive/T0/livn' 1770200588.2276 35 34 50 78 75 37 35 44 26
1770200588.2288 0 'robobot/drive/T0/gyro' 1770200588.2287 4.158630 14.755249 3.158630 99.973
1770200588.2288 0 'robobot/drive/T0/acc' 1770200588.2288 0.469727 0.065918 0.960449 99.973
1770200588.2299 0 'robobot/drive/T0/vel' 1770200588.2299 99.9730 0.074 0.152 0.3407 0.074 4
1770200588.2300 0 'robobot/drive/T0/ird' 1770200588.2299 0.123 0.096 15797 19816 1
1770200588.2310 0 'robobot/drive/T0/mvel' 1770200588.2309 0.074 0.152
1770200588.2322 0 'robobot/drive/T0/pose' 1770200588.2321 99.9760 0.655 0.049 0.7170 -2.6877
1770200588.2376 0 'robobot/drive/T0/pose' 1770200588.2375 99.9810 0.656 0.049 0.7193 -2.6859
1770200588.2376 0 'robobot/drive/T0/vel' 1770200588.2376 99.9810 0.079 0.159 0.3481 0.079 4
1770200588.2377 0 'robobot/drive/T0/livn' 1770200588.2376 35 35 51 78 75 38 35 43 31
1770200588.2383 0 'robobot/drive/T0/mvel' 1770200588.2383 0.079 0.159
1770200588.2409 0 'robobot/drive/T0/gyro' 1770200588.2408 2.663269 18.203735 1.144470 99.985
1770200588.2410 0 'robobot/drive/T0/acc' 1770200588.2409 0.421875 0.041748 0.939209 99.985
1770200588.2421 0 'robobot/drive/T0/pose' 1770200588.2420 99.9860 0.656 0.049 0.7205 -2.6848
1770200588.2453 0 'robobot/drive/T0/vel' 1770200588.2453 99.9890 0.079 0.159 0.3513 0.079 4
1770200588.2457 0 'robobot/drive/T0/mvel' 1770200588.2457 0.079 0.159
1770200588.2475 0 'robobot/drive/T0/mca' 1770200588.2474 0.161 0.145 17
1770200588.2476 0 'robobot/drive/T0/pose' 1770200588.2475 99.9910 0.656 0.050 0.7228 -2.6830
1770200588.2476 0 'robobot/drive/T0/livn' 1770200588.2476 34 34 50 78 77 39 35 44 36
1770200588.2529 0 'robobot/drive/T0/pose' 1770200588.2529 99.9960 0.657 0.050 0.7240 -2.6817
1770200588.2530 0 'robobot/drive/T0/gyro' 1770200588.2529 1.473083 19.302368 -0.076233 99.997
1770200588.2531 0 'robobot/drive/T0/acc' 1770200588.2530 0.401855 0.064453 0.855225 99.997
1770200588.2531 0 'robobot/drive/T0/vel' 1770200588.2531 99.9970 0.078 0.158 0.3484 0.078 4
1770200588.2532 0 'robobot/drive/T0/mvel' 1770200588.2532 0.078 0.158
1770200588.2553 0 'robobot/drive/T0/ird' 1770200588.2553 0.124 0.095 15681 20017 1
1770200588.2564 0 'robobot/drive/T0/mot' 1770200588.2564 0.14 1.4 0.1 0.1 0
1770200588.2576 0 'robobot/drive/T0/pose' 1770200588.2575 100.0010 0.657 0.051 0.7274 -2.6797
1770200588.2576 0 'robobot/drive/T0/livn' 1770200588.2576 34 34 50 78 78 39 36 44 41
1770200588.2619 0 'robobot/drive/T0/vel' 1770200588.2618 100.0050 0.069 0.156 0.3788 0.069 4
1770200588.2620 0 'robobot/drive/T0/pose' 1770200588.2619 100.0060 0.657 0.051 0.7297 -2.6785
1770200588.2620 0 'robobot/drive/T0/liv' 1770200588.2620 26 28 48 60 72 40 33 31 25
1770200588.2626 0 'robobot/drive/T0/mvel' 1770200588.2626 0.069 0.156
1770200588.2653 0 'robobot/drive/T0/gyro' 1770200588.2652 0.252380 17.532349 -2.792297 100.009
1770200588.2654 0 'robobot/drive/T0/acc' 1770200588.2653 0.402588 0.079346 0.801514 100.009
1770200588.2654 0 'robobot/drive/T0/dname' 1770200588.2654 Robobot Arthur
1770200588.2655 0 'robobot/drive/T0/hbt' 1770200588.2654 100.0090 107 1033 15.64 4 8 9.0 0.43 0
1770200588.2677 0 'robobot/drive/T0/pose' 1770200588.2676 100.0110 0.658 0.051 0.7332 -2.6766
1770200588.2677 0 'robobot/drive/T0/livn' 1770200588.2677 35 33 49 78 79 39 35 44 46
1770200588.2699 0 'robobot/drive/T0/vel' 1770200588.2698 100.0130 0.055 0.151 0.4200 0.055 4
1770200588.2700 0 'robobot/drive/T0/mvel' 1770200588.2700 0.055 0.151
1770200588.2721 0 'robobot/drive/T0/pose' 1770200588.2720 100.0160 0.658 0.051 0.7355 -2.6755
1770200588.2775 0 'robobot/drive/T0/gyro' 1770200588.2774 -2.005920 13.656616 -4.196106 100.021
1770200588.2775 0 'robobot/drive/T0/acc' 1770200588.2775 0.341553 0.083008 0.709473 100.021
1770200588.2776 0 'robobot/drive/T0/pose' 1770200588.2775 100.0210 0.658 0.052 0.7390 -2.6741
1770200588.2777 0 'robobot/drive/T0/vel' 1770200588.2776 100.0210 0.047 0.147 0.4366 0.047 4
1770200588.2777 0 'robobot/drive/T0/livn' 1770200588.2777 35 33 49 78 79 39 36 43 51
1770200588.2784 0 'robobot/drive/T0/mvel' 1770200588.2784 0.047 0.147
1770200588.2799 0 'robobot/drive/T0/ird' 1770200588.2798 0.126 0.093 15469 20469 1
1770200588.2800 0 'robobot/drive/T0/mca' 1770200588.2799 0.111 0.141 16
1770200588.2821 0 'robobot/drive/T0/pose' 1770200588.2821 100.0260 0.659 0.052 0.7413 -2.6732
1770200588.2854 0 'robobot/drive/T0/vel' 1770200588.2853 100.0290 0.034 0.153 0.5174 0.034 4
1770200588.2858 0 'robobot/drive/T0/mvel' 1770200588.2858 0.034 0.153
1770200588.2876 0 'robobot/drive/T0/pose' 1770200588.2875 100.0310 0.659 0.052 0.7436 -2.6724
1770200588.2876 0 'robobot/drive/T0/livn' 1770200588.2876 35 33 50 78 79 40 36 43 56
1770200588.2888 0 'robobot/drive/T0/gyro' 1770200588.2887 -2.311096 10.330200 -5.050598 100.033
1770200588.2888 0 'robobot/drive/T0/acc' 1770200588.2888 0.365234 0.082275 0.860107 100.033
1770200588.2899 0 'robobot/drive/T0/mot' 1770200588.2899 0.4 1.4 0.1 0.1 0
1770200588.2921 0 'robobot/drive/T0/pose' 1770200588.2921 100.0360 0.660 0.053 0.7459 -2.6719
1770200588.2933 0 'robobot/drive/T0/vel' 1770200588.2932 100.0370 0.033 0.157 0.5374 0.033 4
1770200588.2943 0 'robobot/drive/T0/mvel' 1770200588.2943 0.033 0.157
1770200588.2976 0 'robobot/drive/T0/pose' 1770200588.2975 100.0420 0.660 0.053 0.7482 -2.6716
1770200588.2976 0 'robobot/drive/T0/livn' 1770200588.2976 36 34 50 78 79 41 37 43 61
1770200588.3009 0 'robobot/drive/T0/gyro' 1770200588.3008 -4.691467 7.064819 -4.226624 100.045
1770200588.3009 0 'robobot/drive/T0/acc' 1770200588.3009 0.352539 0.054688 0.879883 100.045
1770200588.3010 0 'robobot/drive/T0/vel' 1770200588.3009 100.0460 0.042 0.159 0.5100 0.042 4
1770200588.3016 0 'robobot/drive/T0/mvel' 1770200588.3016 0.042 0.159
1770200588.3021 0 'robobot/drive/T0/pose' 1770200588.3021 100.0470 0.661 0.054 0.7517 -2.6713
1770200588.3054 0 'robobot/drive/T0/ird' 1770200588.3053 0.128 0.088 15168 21470 1
1770200588.3075 0 'robobot/drive/T0/livn' 1770200588.3075 37 36 50 78 79 41 37 42 66
1770200588.3076 0 'robobot/drive/T0/pose' 1770200588.3075 100.0520 0.661 0.054 0.7529 -2.6712
1770200588.3098 0 'robobot/drive/T0/vel' 1770200588.3097 100.0540 0.045 0.157 0.4861 0.045 4
1770200588.3101 0 'robobot/drive/T0/mvel' 1770200588.3101 0.045 0.157
1770200588.3120 0 'robobot/drive/T0/liv' 1770200588.3119 33 37 51 61 74 45 37 26 25
1770200588.3131 0 'robobot/drive/T0/pose' 1770200588.3130 100.0570 0.661 0.054 0.7563 -2.6711
1770200588.3132 0 'robobot/drive/T0/gyro' 1770200588.3131 -6.308899 6.301880 -2.242981 100.057
1770200588.3132 0 'robobot/drive/T0/acc' 1770200588.3132 0.344482 0.020996 0.867432 100.057
1770200588.3133 0 'robobot/drive/T0/mca' 1770200588.3132 0.108 0.140 17
1770200588.3175 0 'robobot/drive/T0/vel' 1770200588.3175 100.0620 0.047 0.158 0.4830 0.047 4
1770200588.3176 0 'robobot/drive/T0/livn' 1770200588.3175 38 36 51 78 80 42 37 42 71
1770200588.3177 0 'robobot/drive/T0/pose' 1770200588.3176 100.0620 0.661 0.055 0.7587 -2.6710
1770200588.3177 0 'robobot/drive/T0/mvel' 1770200588.3177 0.047 0.158
1770200588.3230 0 'robobot/drive/T0/pose' 1770200588.3230 100.0670 0.662 0.055 0.7610 -2.6710
1770200588.3231 0 'robobot/drive/T0/mot' 1770200588.3230 0.33 1.4 0.1 0.1 0
1770200588.3253 0 'robobot/drive/T0/gyro' 1770200588.3252 -7.956848 5.996704 0.259460 100.069
1770200588.3253 0 'robobot/drive/T0/acc' 1770200588.3253 0.342773 -0.016846 0.873779 100.069
1770200588.3254 0 'robobot/drive/T0/vel' 1770200588.3253 100.0700 0.045 0.157 0.4867 0.045 4
1770200588.3261 0 'robobot/drive/T0/mvel' 1770200588.3261 0.045 0.157
1770200588.3276 0 'robobot/drive/T0/livn' 1770200588.3275 38 36 51 79 80 42 37 42 76
1770200588.3277 0 'robobot/drive/T0/pose' 1770200588.3276 100.0720 0.662 0.055 0.7633 -2.6710
1770200588.3299 0 'robobot/drive/T0/ird' 1770200588.3298 0.129 0.088 15059 21490 1
1770200588.3332 0 'robobot/drive/T0/pose' 1770200588.3331 100.0770 0.663 0.056 0.7644 -2.6709
1770200588.3332 0 'robobot/drive/T0/vel' 1770200588.3332 100.0780 0.048 0.149 0.4383 0.048 4
1770200588.3339 0 'robobot/drive/T0/mvel' 1770200588.3337 0.048 0.149
1770200588.3378 0 'robobot/drive/T0/gyro' 1770200588.3375 -6.919250 6.423950 0.961365 100.081
1770200588.3379 0 'robobot/drive/T0/acc' 1770200588.3378 0.370605 -0.037354 0.932861 100.081
1770200588.3380 0 'robobot/drive/T0/livn' 1770200588.3379 38 37 52 79 80 42 38 42 81
1770200588.3381 0 'robobot/drive/T0/pose' 1770200588.3380 100.0820 0.663 0.056 0.7656 -2.6708
1770200588.3413 0 'robobot/drive/T0/vel' 1770200588.3413 100.0860 0.052 0.151 0.4305 0.052 4
1770200588.3414 0 'robobot/drive/T0/mvel' 1770200588.3413 0.052 0.151
1770200588.3425 0 'robobot/drive/T0/pose' 1770200588.3424 100.0870 0.663 0.056 0.7702 -2.6706
1770200588.3452 0 'robobot/drive/master' 1770200588.3452 2026-02-04 11:23:03.813786
1770200588.3467 0 'robobot/drive/T0/mca' 1770200588.3467 0.108 0.141 16
1770200588.3479 0 'robobot/drive/T0/livn' 1770200588.3478 38 38 52 80 80 41 39 43 86
1770200588.3479 0 'robobot/drive/T0/pose' 1770200588.3479 100.0920 0.664 0.057 0.7714 -2.6705
1770200588.3491 0 'robobot/drive/T0/gyro' 1770200588.3490 -4.813538 5.142212 -0.472961 100.093
1770200588.3491 0 'robobot/drive/T0/acc' 1770200588.3491 0.404297 -0.050781 0.905029 100.093
1770200588.3492 0 'robobot/drive/T0/vel' 1770200588.3491 100.0940 0.053 0.157 0.4513 0.053 4
1770200588.3499 0 'robobot/drive/T0/mvel' 1770200588.3499 0.053 0.157
1770200588.3525 0 'robobot/drive/T0/pose' 1770200588.3524 100.0970 0.664 0.057 0.7748 -2.6702
1770200588.3557 0 'robobot/drive/T0/ird' 1770200588.3556 0.130 0.088 15032 21476 1
1770200588.3557 0 'robobot/drive/T0/mot' 1770200588.3557 0.27 1.4 0.1 0.1 0
1770200588.3579 0 'robobot/drive/T0/vel' 1770200588.3578 100.1020 0.049 0.156 0.4670 0.049 4
1770200588.3580 0 'robobot/drive/T0/livn' 1770200588.3579 38 38 52 81 80 42 39 44 91
1770200588.3581 0 'robobot/drive/T0/pose' 1770200588.3580 100.1020 0.664 0.057 0.7772 -2.6701
1770200588.3584 0 'robobot/drive/T0/mvel' 1770200588.3584 0.049 0.156
1770200588.3613 0 'robobot/drive/T0/gyro' 1770200588.3612 -1.212463 2.120972 -3.372131 100.105
1770200588.3614 0 'robobot/drive/T0/acc' 1770200588.3613 0.386475 -0.067871 0.843262 100.105
1770200588.3625 0 'robobot/drive/T0/liv' 1770200588.3625 30 41 54 70 73 42 40 35 25
1770200588.3626 0 'robobot/drive/T0/pose' 1770200588.3625 100.1070 0.665 0.058 0.7806 -2.6701
1770200588.3658 0 'robobot/drive/T0/vel' 1770200588.3658 100.1100 0.042 0.158 0.5031 0.042 4
1770200588.3658 0 'robobot/drive/T0/mvel' 1770200588.3658 0.042 0.158
1770200588.3680 0 'robobot/drive/T0/livn' 1770200588.3679 38 38 52 81 81 41 39 44 96
1770200588.3681 0 'robobot/drive/T0/pose' 1770200588.3680 100.1120 0.665 0.058 0.7818 -2.6703
1770200588.3724 0 'robobot/drive/T0/pose' 1770200588.3723 100.1170 0.666 0.059 0.7841 -2.6710
1770200588.3735 0 'robobot/drive/T0/gyro' 1770200588.3734 1.076355 -3.860474 -4.623352 100.117
1770200588.3736 0 'robobot/drive/T0/acc' 1770200588.3735 0.335693 -0.071289 0.809082 100.117
1770200588.3736 0 'robobot/drive/T0/vel' 1770200588.3736 100.1180 0.043 0.162 0.5166 0.043 4
1770200588.3743 0 'robobot/drive/T0/mvel' 1770200588.3743 0.043 0.162
1770200588.3779 0 'robobot/drive/T0/livn' 1770200588.3779 39 38 52 82 81 42 39 44 101
1770200588.3780 0 'robobot/drive/T0/pose' 1770200588.3779 100.1220 0.666 0.059 0.7864 -2.6716
1770200588.3791 0 'robobot/drive/T0/mca' 1770200588.3790 0.137 0.133 17
1770200588.3802 0 'robobot/drive/T0/ird' 1770200588.3802 0.130 0.088 15010 21430 1
1770200588.3813 0 'robobot/drive/T0/vel' 1770200588.3813 100.1260 0.048 0.156 0.4727 0.048 4
1770200588.3818 0 'robobot/drive/T0/mvel' 1770200588.3817 0.048 0.156
1770200588.3825 0 'robobot/drive/T0/pose' 1770200588.3824 100.1270 0.666 0.059 0.7887 -2.6729
1770200588.3857 0 'robobot/drive/T0/gyro' 1770200588.3856 2.968445 -9.994507 -3.311096 100.129
1770200588.3858 0 'robobot/drive/T0/acc' 1770200588.3857 0.324463 -0.059082 0.804688 100.129
1770200588.3880 0 'robobot/drive/T0/livn' 1770200588.3879 39 38 52 82 82 42 38 44 106
1770200588.3880 0 'robobot/drive/T0/pose' 1770200588.3880 100.1320 0.667 0.060 0.7910 -2.6739
1770200588.3891 0 'robobot/drive/T0/mot' 1770200588.3891 0.3 1.4 0.1 0.1 0
1770200588.3892 0 'robobot/drive/T0/vel' 1770200588.3891 100.1340 0.055 0.150 0.4163 0.055 4
1770200588.3903 0 'robobot/drive/T0/mvel' 1770200588.3902 0.055 0.150
1770200588.3925 0 'robobot/drive/T0/pose' 1770200588.3924 100.1370 0.667 0.060 0.7933 -2.6757
1770200588.3968 0 'robobot/drive/T0/gyro' 1770200588.3967 2.266541 -14.663696 -0.747620 100.141
1770200588.3968 0 'robobot/drive/T0/acc' 1770200588.3968 0.335693 -0.027832 0.859863 100.141
1770200588.3980 0 'robobot/drive/T0/vel' 1770200588.3979 100.1420 0.055 0.154 0.4307 0.055 4
1770200588.3980 0 'robobot/drive/T0/livn' 1770200588.3980 39 38 52 83 82 41 38 45 111
1770200588.3981 0 'robobot/drive/T0/pose' 1770200588.3980 100.1420 0.667 0.060 0.7957 -2.6771
1770200588.3988 0 'robobot/drive/T0/mvel' 1770200588.3987 0.055 0.154
1770200588.4034 0 'robobot/drive/T0/pose' 1770200588.4034 100.1470 0.668 0.061 0.7968 -2.6792
1770200588.4056 0 'robobot/drive/T0/ird' 1770200588.4055 0.130 0.089 15023 21322 1
1770200588.4057 0 'robobot/drive/T0/vel' 1770200588.4056 100.1500 0.056 0.156 0.4348 0.056 4
1770200588.4062 0 'robobot/drive/T0/mvel' 1770200588.4062 0.056 0.156
1770200588.4078 0 'robobot/drive/T0/livn' 1770200588.4078 39 38 52 82 82 41 38 45 116
1770200588.4079 0 'robobot/drive/T0/pose' 1770200588.4078 100.1520 0.668 0.061 0.7991 -2.6807
1770200588.4091 0 'robobot/drive/T0/gyro' 1770200588.4090 0.710144 -16.403198 1.236023 100.153
1770200588.4091 0 'robobot/drive/T0/acc' 1770200588.4091 0.372314 0.014893 0.878662 100.153
1770200588.4124 0 'robobot/drive/T0/mca' 1770200588.4123 0.168 0.135 16
1770200588.4124 0 'robobot/drive/T0/liv' 1770200588.4124 34 36 50 67 79 39 30 32 25
1770200588.4135 0 'robobot/drive/T0/pose' 1770200588.4135 100.1570 0.669 0.062 0.8014 -2.6828
1770200588.4136 0 'robobot/drive/T0/vel' 1770200588.4136 100.1580 0.063 0.157 0.4080 0.063 4
1770200588.4147 0 'robobot/drive/T0/mvel' 1770200588.4146 0.063 0.157
1770200588.4179 0 'robobot/drive/T0/livn' 1770200588.4178 39 39 52 82 82 42 38 45 121
1770200588.4180 0 'robobot/drive/T0/pose' 1770200588.4179 100.1620 0.669 0.062 0.8038 -2.6841
1770200588.4212 0 'robobot/drive/T0/gyro' 1770200588.4211 -1.181946 -16.189575 1.815857 100.165
1770200588.4213 0 'robobot/drive/T0/acc' 1770200588.4212 0.401855 0.039795 0.935791 100.165
1770200588.4214 0 'robobot/drive/T0/vel' 1770200588.4213 100.1660 0.061 0.160 0.4310 0.061 4
1770200588.4214 0 'robobot/drive/T0/mot' 1770200588.4214 0.15 1.4 0.1 0.1 0
1770200588.4221 0 'robobot/drive/T0/mvel' 1770200588.4221 0.061 0.160
1770200588.4236 0 'robobot/drive/T0/pose' 1770200588.4235 100.1670 0.669 0.062 0.8061 -2.6861
1770200588.4279 0 'robobot/drive/T0/livn' 1770200588.4278 40 39 53 82 83 42 38 45 126
1770200588.4279 0 'robobot/drive/T0/pose' 1770200588.4279 100.1720 0.670 0.063 0.8095 -2.6874
1770200588.4291 0 'robobot/drive/T0/vel' 1770200588.4290 100.1740 0.054 0.158 0.4517 0.054 4
1770200588.4295 0 'robobot/drive/T0/mvel' 1770200588.4295 0.054 0.158
1770200588.4302 0 'robobot/drive/T0/ird' 1770200588.4301 0.130 0.088 14999 21428 1
1770200588.4334 0 'robobot/drive/T0/pose' 1770200588.4334 100.1770 0.670 0.063 0.8107 -2.6892
1770200588.4335 0 'robobot/drive/T0/gyro' 1770200588.4334 -1.731262 -15.609741 1.113953 100.177
1770200588.4336 0 'robobot/drive/T0/acc' 1770200588.4335 0.411865 0.012207 0.887695 100.177
1770200588.4379 0 'robobot/drive/T0/vel' 1770200588.4378 100.1820 0.052 0.155 0.4478 0.052 4
1770200588.4379 0 'robobot/drive/T0/livn' 1770200588.4379 40 38 52 83 83 42 38 45 131
1770200588.4380 0 'robobot/drive/T0/mvel' 1770200588.4380 0.052 0.155
1770200588.4380 0 'robobot/drive/T0/pose' 1770200588.4379 100.1820 0.670 0.063 0.8119 -2.6904
1770200588.4434 0 'robobot/drive/T0/pose' 1770200588.4433 100.1870 0.671 0.064 0.8153 -2.6922
1770200588.4456 0 'robobot/drive/T0/gyro' 1770200588.4455 -1.548157 -16.555786 0.473083 100.189
1770200588.4456 0 'robobot/drive/T0/acc' 1770200588.4456 0.407715 -0.013184 0.880127 100.189
1770200588.4457 0 'robobot/drive/T0/mca' 1770200588.4456 0.144 0.131 17
1770200588.4458 0 'robobot/drive/T0/vel' 1770200588.4457 100.1900 0.054 0.152 0.4254 0.054 4
1770200588.4465 0 'robobot/drive/T0/mvel' 1770200588.4465 0.054 0.152
1770200588.4479 0 'robobot/drive/T0/livn' 1770200588.4479 40 38 52 83 83 42 38 45 136
1770200588.4480 0 'robobot/drive/T0/pose' 1770200588.4479 100.1920 0.671 0.064 0.8165 -2.6934
1770200588.4534 0 'robobot/drive/T0/pose' 1770200588.4533 100.1970 0.671 0.065 0.8188 -2.6953
1770200588.4534 0 'robobot/drive/T0/vel' 1770200588.4534 100.1980 0.053 0.149 0.4144 0.053 4
1770200588.4539 0 'robobot/drive/T0/mvel' 1770200588.4539 0.053 0.149
1770200588.4556 0 'robobot/drive/T0/mot' 1770200588.4555 0.16 1.4 0.1 0.1 0
1770200588.4556 0 'robobot/drive/T0/ird' 1770200588.4556 0.130 0.093 15010 20300 1
1770200588.4568 0 'robobot/drive/T0/gyro' 1770200588.4567 -1.029358 -18.447876 -0.808655 100.201
1770200588.4568 0 'robobot/drive/T0/acc' 1770200588.4568 0.397461 -0.023193 0.872559 100.201
1770200588.4580 0 'robobot/drive/T0/livn' 1770200588.4579 40 38 52 82 83 42 38 45 141
1770200588.4580 0 'robobot/drive/T0/pose' 1770200588.4580 100.2020 0.672 0.065 0.8223 -2.6966
1770200588.4613 0 'robobot/drive/T0/vel' 1770200588.4612 100.2060 0.050 0.152 0.4423 0.050 4
1770200588.4613 0 'robobot/drive/T0/mvel' 1770200588.4613 0.050 0.152
1770200588.4624 0 'robobot/drive/T0/liv' 1770200588.4623 32 35 48 64 77 45 38 31 26
1770200588.4635 0 'robobot/drive/T0/pose' 1770200588.4635 100.2070 0.672 0.065 0.8246 -2.6986
1770200588.4678 0 'robobot/drive/T0/livn' 1770200588.4677 40 38 52 82 83 42 39 45 146
1770200588.4679 0 'robobot/drive/T0/pose' 1770200588.4678 100.2120 0.672 0.066 0.8269 -2.6999
1770200588.4690 0 'robobot/drive/T0/gyro' 1770200588.4689 5.653992 -4.135132 0.045837 100.213
1770200588.4691 0 'robobot/drive/T0/acc' 1770200588.4690 0.514404 -0.155029 1.896729 100.213
1770200588.4692 0 'robobot/drive/T0/vel' 1770200588.4691 100.2140 0.046 0.159 0.4910 0.046 4
1770200588.4698 0 'robobot/drive/T0/mvel' 1770200588.4698 0.046 0.159
1770200588.4735 0 'robobot/drive/T0/pose' 1770200588.4734 100.2170 0.673 0.066 0.8292 -2.7010
1770200588.4778 0 'robobot/drive/T0/vel' 1770200588.4777 100.2220 0.044 0.159 0.4985 0.044 4
1770200588.4778 0 'robobot/drive/T0/livn' 1770200588.4778 40 39 52 82 82 42 39 45 151
1770200588.4779 0 'robobot/drive/T0/pose' 1770200588.4778 100.2220 0.673 0.066 0.8304 -2.7008
1770200588.4779 0 'robobot/drive/T0/mca' 1770200588.4779 0.113 0.144 16
1770200588.4783 0 'robobot/drive/T0/mvel' 1770200588.4783 0.044 0.159
1770200588.4801 0 'robobot/drive/T0/ird' 1770200588.4800 0.130 0.096 15009 19721 1
1770200588.4812 0 'robobot/drive/T0/gyro' 1770200588.4812 6.905212 8.132935 0.167908 100.225
1770200588.4813 0 'robobot/drive/T0/acc' 1770200588.4812 0.500000 -0.045166 0.697021 100.225
1770200588.4835 0 'robobot/drive/T0/pose' 1770200588.4834 100.2270 0.673 0.067 0.8350 -2.6991
1770200588.4857 0 'robobot/drive/T0/vel' 1770200588.4856 100.2300 0.044 0.155 0.4843 0.044 4
1770200588.4858 0 'robobot/drive/T0/mvel' 1770200588.4857 0.044 0.155
1770200588.4879 0 'robobot/drive/T0/livn' 1770200588.4878 39 39 52 81 82 42 39 44 156
1770200588.4879 0 'robobot/drive/T0/mot' 1770200588.4879 0.21 1.4 0.1 0.1 0
1770200588.4880 0 'robobot/drive/T0/pose' 1770200588.4879 100.2320 0.674 0.067 0.8361 -2.6974
1770200588.4933 0 'robobot/drive/T0/pose' 1770200588.4932 100.2370 0.674 0.067 0.8408 -2.6978
1770200588.4934 0 'robobot/drive/T0/gyro' 1770200588.4933 6.233826 -0.045776 0.747742 100.237
1770200588.4935 0 'robobot/drive/T0/acc' 1770200588.4934 0.403076 -0.000977 1.126465 100.237
1770200588.4935 0 'robobot/drive/T0/vel' 1770200588.4935 100.2380 0.044 0.155 0.4852 0.044 4
1770200588.4942 0 'robobot/drive/T0/mvel' 1770200588.4942 0.044 0.155
1770200588.4978 0 'robobot/drive/T0/livn' 1770200588.4978 39 39 52 81 82 42 39 44 161
1770200588.4979 0 'robobot/drive/T0/pose' 1770200588.4978 100.2420 0.674 0.068 0.8431 -2.6981
1770200588.5011 0 'robobot/drive/T0/vel' 1770200588.5011 100.2460 0.041 0.152 0.4818 0.041 4
1770200588.5018 0 'robobot/drive/T0/mvel' 1770200588.5017 0.041 0.152
1770200588.5033 0 'robobot/drive/T0/pose' 1770200588.5032 100.2470 0.674 0.068 0.8465 -2.6982
1770200588.5055 0 'robobot/drive/T0/gyro' 1770200588.5054 3.517761 0.808716 1.480164 100.249
1770200588.5056 0 'robobot/drive/T0/acc' 1770200588.5055 0.394775 0.025391 0.755615 100.249
1770200588.5056 0 'robobot/drive/T0/ird' 1770200588.5056 0.130 0.096 15000 19734 1
1770200588.5078 0 'robobot/drive/T0/livn' 1770200588.5078 39 39 52 81 82 42 39 44 166
1770200588.5079 0 'robobot/drive/T0/pose' 1770200588.5078 100.2520 0.675 0.068 0.8500 -2.6980
1770200588.5090 0 'robobot/drive/T0/vel' 1770200588.5089 100.2540 0.035 0.147 0.4895 0.035 4
1770200588.5092 0 'robobot/drive/T0/mvel' 1770200588.5092 0.035 0.147
1770200588.5112 0 'robobot/drive/T0/mca' 1770200588.5111 0.109 0.142 17
1770200588.5123 0 'robobot/drive/T0/liv' 1770200588.5122 25 38 48 57 68 38 36 29 25
1770200588.5134 0 'robobot/drive/T0/pose' 1770200588.5133 100.2570 0.675 0.068 0.8535 -2.6981
1770200588.5177 0 'robobot/drive/T0/gyro' 1770200588.5176 2.358093 -0.350952 2.792419 100.261
1770200588.5178 0 'robobot/drive/T0/acc' 1770200588.5177 0.379639 0.025146 0.937500 100.261
1770200588.5178 0 'robobot/drive/T0/vel' 1770200588.5178 100.2620 0.030 0.152 0.5297 0.030 4
1770200588.5179 0 'robobot/drive/T0/livn' 1770200588.5178 38 39 51 81 82 42 39 44 171
1770200588.5180 0 'robobot/drive/T0/pose' 1770200588.5179 100.2620 0.675 0.069 0.8558 -2.6984
1770200588.5188 0 'robobot/drive/T0/mvel' 1770200588.5187 0.030 0.152
1770200588.5212 0 'robobot/drive/T0/mot' 1770200588.5211 0.33 1.4 0.1 0.1 0
1770200588.5234 0 'robobot/drive/T0/pose' 1770200588.5233 100.2670 0.676 0.069 0.8604 -2.6987
1770200588.5256 0 'robobot/drive/T0/vel' 1770200588.5255 100.2700 0.025 0.155 0.5632 0.025 4
1770200588.5265 0 'robobot/drive/T0/mvel' 1770200588.5264 0.025 0.155
1770200588.5277 0 'robobot/drive/T0/livn' 1770200588.5277 39 39 52 81 81 42 39 45 176
1770200588.5278 0 'robobot/drive/T0/pose' 1770200588.5277 100.2720 0.676 0.069 0.8627 -2.6987
1770200588.5290 0 'robobot/drive/T0/gyro' 1770200588.5289 0.923767 -0.534058 3.433289 100.273
1770200588.5290 0 'robobot/drive/T0/acc' 1770200588.5290 0.401123 0.030518 0.835205 100.273
1770200588.5302 0 'robobot/drive/T0/ird' 1770200588.5301 0.130 0.097 14966 19690 1
1770200588.5335 0 'robobot/drive/T0/pose' 1770200588.5334 100.2770 0.676 0.070 0.8674 -2.6988
1770200588.5336 0 'robobot/drive/T0/vel' 1770200588.5335 100.2780 0.020 0.155 0.5871 0.020 4
1770200588.5342 0 'robobot/drive/T0/mvel' 1770200588.5341 0.020 0.155
1770200588.5381 0 'robobot/drive/T0/livn' 1770200588.5379 39 39 51 81 81 42 39 44 181
1770200588.5383 0 'robobot/drive/T0/pose' 1770200588.5381 100.2820 0.676 0.070 0.8697 -2.6989
1770200588.5416 0 'robobot/drive/T0/gyro' 1770200588.5415 0.069275 0.320435 3.006042 100.285
1770200588.5416 0 'robobot/drive/T0/acc' 1770200588.5416 0.423584 0.021729 0.980225 100.285
1770200588.5417 0 'robobot/drive/T0/vel' 1770200588.5416 100.2860 0.019 0.158 0.6057 0.019 4
1770200588.5427 0 'robobot/drive/T0/mvel' 1770200588.5426 0.019 0.158
1770200588.5428 0 'robobot/drive/T0/pose' 1770200588.5428 100.2870 0.677 0.070 0.8743 -2.6991
1770200588.5439 0 'robobot/drive/T0/mca' 1770200588.5439 0.119 0.149 16
1770200588.5472 0 'robobot/drive/T0/livn' 1770200588.5471 39 39 51 81 81 42 39 44 186
1770200588.5483 0 'robobot/drive/T0/pose' 1770200588.5482 100.2920 0.677 0.070 0.8766 -2.6991
1770200588.5494 0 'robobot/drive/T0/vel' 1770200588.5494 100.2940 0.015 0.160 0.6317 0.015 4
1770200588.5501 0 'robobot/drive/T0/mvel' 1770200588.5500 0.015 0.160
1770200588.5537 0 'robobot/drive/T0/gyro' 1770200588.5537 -0.480042 0.595093 0.930847 100.297
1770200588.5538 0 'robobot/drive/T0/pose' 1770200588.5537 100.2970 0.677 0.071 0.8812 -2.6990
1770200588.5539 0 'robobot/drive/T0/acc' 1770200588.5538 0.418457 0.010498 0.846191 100.297
1770200588.5539 0 'robobot/drive/T0/mot' 1770200588.5539 0.54 1.4 0.1 0.1 0
1770200588.5550 0 'robobot/drive/T0/ird' 1770200588.5550 0.131 0.097 14881 19639 1
1770200588.5572 0 'robobot/drive/T0/vel' 1770200588.5571 100.3020 0.014 0.158 0.6252 0.014 4
1770200588.5573 0 'robobot/drive/T0/livn' 1770200588.5572 39 39 51 81 82 42 38 44 191
1770200588.5575 0 'robobot/drive/T0/mvel' 1770200588.5575 0.014 0.158
1770200588.5584 0 'robobot/drive/T0/pose' 1770200588.5583 100.3020 0.677 0.071 0.8836 -2.6990
1770200588.5627 0 'robobot/drive/T0/liv' 1770200588.5627 29 30 46 61 71 40 32 33 25
1770200588.5628 0 'robobot/drive/T0/pose' 1770200588.5627 100.3070 0.677 0.071 0.8870 -2.6992
1770200588.5650 0 'robobot/drive/T0/gyro' 1770200588.5649 0.801697 -0.289917 -0.595032 100.309
1770200588.5651 0 'robobot/drive/T0/acc' 1770200588.5650 0.387451 -0.008545 0.886230 100.309
1770200588.5651 0 'robobot/drive/T0/vel' 1770200588.5651 100.3100 0.013 0.150 0.5963 0.013 4
1770200588.5660 0 'robobot/drive/T0/mvel' 1770200588.5659 0.013 0.150
1770200588.5673 0 'robobot/drive/T0/livn' 1770200588.5672 38 38 51 81 82 42 38 45 196
1770200588.5684 0 'robobot/drive/T0/pose' 1770200588.5684 100.3120 0.678 0.072 0.8905 -2.6993
1770200588.5727 0 'robobot/drive/T0/pose' 1770200588.5727 100.3170 0.678 0.072 0.8940 -2.6994
1770200588.5739 0 'robobot/drive/T0/vel' 1770200588.5738 100.3180 0.011 0.151 0.6070 0.011 4
1770200588.5744 0 'robobot/drive/T0/mvel' 1770200588.5744 0.011 0.151
1770200588.5771 0 'robobot/drive/T0/gyro' 1770200588.5770 1.167908 -0.625610 -0.564514 100.321
1770200588.5772 0 'robobot/drive/T0/acc' 1770200588.5771 0.414551 -0.006836 0.853516 100.321
1770200588.5772 0 'robobot/drive/T0/mca' 1770200588.5772 0.150 0.139 17
1770200588.5773 0 'robobot/drive/T0/livn' 1770200588.5772 38 38 51 80 82 42 38 45 201
1770200588.5784 0 'robobot/drive/T0/pose' 1770200588.5783 100.3220 0.678 0.072 0.8963 -2.6994
1770200588.5806 0 'robobot/drive/T0/ird' 1770200588.5805 0.131 0.097 14873 19685 1
1770200588.5817 0 'robobot/drive/T0/vel' 1770200588.5817 100.3260 0.011 0.154 0.6249 0.011 4
1770200588.5818 0 'robobot/drive/T0/mvel' 1770200588.5818 0.011 0.154
1770200588.5829 0 'robobot/drive/T0/pose' 1770200588.5828 100.3270 0.678 0.073 0.9009 -2.6995
1770200588.5872 0 'robobot/drive/T0/mot' 1770200588.5871 0.72 1.4 0.1 0.1 0
1770200588.5872 0 'robobot/drive/T0/livn' 1770200588.5872 38 38 51 80 81 42 38 45 206
1770200588.5883 0 'robobot/drive/T0/pose' 1770200588.5883 100.3320 0.679 0.073 0.9032 -2.6997
1770200588.5895 0 'robobot/drive/T0/gyro' 1770200588.5894 1.198425 -0.411987 -0.015198 100.333
1770200588.5895 0 'robobot/drive/T0/acc' 1770200588.5895 0.389160 0.024414 0.879639 100.333
1770200588.5896 0 'robobot/drive/T0/vel' 1770200588.5896 100.3340 0.010 0.157 0.6397 0.010 4
1770200588.5903 0 'robobot/drive/T0/mvel' 1770200588.5903 0.010 0.157
1770200588.5929 0 'robobot/drive/T0/pose' 1770200588.5928 100.3370 0.679 0.073 0.9078 -2.6998
1770200588.5972 0 'robobot/drive/T0/vel' 1770200588.5971 100.3420 0.009 0.159 0.6543 0.009 4
1770200588.5972 0 'robobot/drive/T0/livn' 1770200588.5972 38 38 51 80 81 42 38 45 211
1770200588.5978 0 'robobot/drive/T0/mvel' 1770200588.5977 0.009 0.159
1770200588.5984 0 'robobot/drive/T0/pose' 1770200588.5983 100.3420 0.679 0.074 0.9090 -2.7000
1770200588.6016 0 'robobot/drive/T0/gyro' 1770200588.6015 0.404968 -0.473022 0.473083 100.345
1770200588.6017 0 'robobot/drive/T0/acc' 1770200588.6016 0.384766 0.020996 0.868164 100.345
1770200588.6028 0 'robobot/drive/T0/pose' 1770200588.6027 100.3470 0.680 0.074 0.9136 -2.7001
1770200588.6050 0 'robobot/drive/T0/ird' 1770200588.6049 0.131 0.096 14882 19867 1
1770200588.6061 0 'robobot/drive/T0/vel' 1770200588.6060 100.3500 0.009 0.162 0.6643 0.009 4
1770200588.6062 0 'robobot/drive/T0/mvel' 1770200588.6062 0.009 0.162
1770200588.6072 0 'robobot/drive/T0/livn' 1770200588.6072 38 38 51 80 81 42 38 44 216
1770200588.6084 0 'robobot/drive/T0/pose' 1770200588.6083 100.3520 0.680 0.074 0.9148 -2.7002
1770200588.6105 0 'robobot/drive/T0/mca' 1770200588.6105 0.204 0.134 16
1770200588.6127 0 'robobot/drive/T0/liv' 1770200588.6126 30 31 47 56 70 40 35 29 25
1770200588.6128 0 'robobot/drive/T0/gyro' 1770200588.6127 -0.449524 0.015259 0.930847 100.357
1770200588.6128 0 'robobot/drive/T0/acc' 1770200588.6128 0.423096 0.044434 0.880859 100.357
1770200588.6129 0 'robobot/drive/T0/pose' 1770200588.6128 100.3570 0.680 0.075 0.9182 -2.7003
1770200588.6140 0 'robobot/drive/T0/vel' 1770200588.6140 100.3580 0.008 0.155 0.6392 0.008 4
1770200588.6147 0 'robobot/drive/T0/mvel' 1770200588.6147 0.008 0.155
1770200588.6173 0 'robobot/drive/T0/livn' 1770200588.6172 38 38 51 80 81 42 38 45 221
1770200588.6184 0 'robobot/drive/T0/pose' 1770200588.6183 100.3620 0.680 0.075 0.9194 -2.7004
1770200588.6205 0 'robobot/drive/T0/mot' 1770200588.6205 0.9 1.4 0.1 0.1 0
1770200588.6217 0 'robobot/drive/T0/vel' 1770200588.6216 100.3660 0.034 0.147 0.4921 0.034 4
1770200588.6221 0 'robobot/drive/T0/mvel' 1770200588.6221 0.034 0.147
1770200588.6228 0 'robobot/drive/T0/pose' 1770200588.6227 100.3670 0.681 0.076 0.9206 -2.7006
1770200588.6250 0 'robobot/drive/T0/gyro' 1770200588.6249 -0.968323 -0.747681 0.869812 100.369
1770200588.6251 0 'robobot/drive/T0/acc' 1770200588.6250 0.404541 0.017334 0.952148 100.369
1770200588.6272 0 'robobot/drive/T0/livn' 1770200588.6272 38 38 51 80 81 42 38 45 226
1770200588.6284 0 'robobot/drive/T0/pose' 1770200588.6283 100.3720 0.681 0.076 0.9229 -2.7008
1770200588.6295 0 'robobot/drive/T0/vel' 1770200588.6294 100.3740 0.052 0.148 0.4183 0.052 4
1770200588.6295 0 'robobot/drive/T0/mvel' 1770200588.6295 0.052 0.148
1770200588.6306 0 'robobot/drive/T0/ird' 1770200588.6305 0.130 0.096 14974 19869 1
1770200588.6328 0 'robobot/drive/T0/pose' 1770200588.6327 100.3770 0.681 0.077 0.9252 -2.7009
1770200588.6371 0 'robobot/drive/T0/gyro' 1770200588.6370 -2.433167 -0.625610 0.564636 100.381
1770200588.6372 0 'robobot/drive/T0/acc' 1770200588.6371 0.392334 0.020264 0.801025 100.381
1770200588.6372 0 'robobot/drive/T0/vel' 1770200588.6372 100.3820 0.069 0.153 0.3644 0.069 4
1770200588.6373 0 'robobot/drive/T0/livn' 1770200588.6373 38 38 51 80 81 41 38 44 231
1770200588.6380 0 'robobot/drive/T0/mvel' 1770200588.6380 0.069 0.153
1770200588.6385 0 'robobot/drive/T0/pose' 1770200588.6384 100.3820 0.682 0.077 0.9263 -2.7008
1770200588.6438 0 'robobot/drive/T0/pose' 1770200588.6437 100.3870 0.682 0.078 0.9287 -2.7009
1770200588.6439 0 'robobot/drive/T0/mca' 1770200588.6438 0.141 0.150 17
1770200588.6460 0 'robobot/drive/T0/vel' 1770200588.6460 100.3900 0.065 0.158 0.4025 0.065 4
1770200588.6465 0 'robobot/drive/T0/mvel' 1770200588.6465 0.065 0.158
1770200588.6472 0 'robobot/drive/T0/livn' 1770200588.6471 38 38 51 80 81 42 38 44 236
1770200588.6483 0 'robobot/drive/T0/pose' 1770200588.6482 100.3920 0.682 0.078 0.9298 -2.7010
1770200588.6494 0 'robobot/drive/T0/gyro' 1770200588.6493 -0.785217 0.259399 -0.167786 100.393
1770200588.6495 0 'robobot/drive/T0/acc' 1770200588.6494 0.404541 -0.007812 0.893555 100.393
1770200588.6527 0 'robobot/drive/T0/mot' 1770200588.6527 0.48 1.4 0.1 0.1 0
1770200588.6528 0 'robobot/drive/T0/pose' 1770200588.6527 100.3970 0.683 0.078 0.9321 -2.7010
1770200588.6539 0 'robobot/drive/T0/vel' 1770200588.6538 100.3980 0.070 0.163 0.4021 0.070 4
1770200588.6539 0 'robobot/drive/T0/mvel' 1770200588.6539 0.070 0.163
1770200588.6550 0 'robobot/drive/T0/ird' 1770200588.6550 0.131 0.096 14871 19857 1
1770200588.6572 0 'robobot/drive/T0/livn' 1770200588.6571 38 38 51 80 81 42 38 44 241
1770200588.6583 0 'robobot/drive/T0/pose' 1770200588.6583 100.4020 0.683 0.079 0.9333 -2.7010
1770200588.6616 0 'robobot/drive/T0/gyro' 1770200588.6615 -0.785217 -0.411987 -0.411926 100.405
1770200588.6616 0 'robobot/drive/T0/acc' 1770200588.6616 0.414795 -0.016357 0.890869 100.405
1770200588.6617 0 'robobot/drive/T0/vel' 1770200588.6616 100.4060 0.071 0.159 0.3800 0.071 4
1770200588.6624 0 'robobot/drive/T0/mvel' 1770200588.6623 0.071 0.159
1770200588.6628 0 'robobot/drive/T0/liv' 1770200588.6628 29 34 47 61 71 38 35 30 25
1770200588.6629 0 'robobot/drive/T0/pose' 1770200588.6628 100.4070 0.684 0.079 0.9367 -2.7010
1770200588.6672 0 'robobot/drive/T0/livn' 1770200588.6671 38 38 51 80 81 41 38 44 246
1770200588.6683 0 'robobot/drive/T0/pose' 1770200588.6683 100.4120 0.684 0.080 0.9379 -2.7011
1770200588.6695 0 'robobot/drive/T0/vel' 1770200588.6694 100.4140 0.064 0.156 0.4002 0.064 4
1770200588.6698 0 'robobot/drive/T0/mvel' 1770200588.6698 0.064 0.156
1770200588.6738 0 'robobot/drive/T0/gyro' 1770200588.6737 -0.419006 -0.411987 -0.320374 100.417
1770200588.6738 0 'robobot/drive/T0/acc' 1770200588.6738 0.382568 -0.010010 0.864258 100.417
1770200588.6739 0 'robobot/drive/T0/pose' 1770200588.6738 100.4170 0.684 0.080 0.9402 -2.7012
1770200588.6761 0 'robobot/drive/T0/mca' 1770200588.6760 0.176 0.127 16
1770200588.6772 0 'robobot/drive/T0/vel' 1770200588.6771 100.4220 0.070 0.154 0.3634 0.070 4
1770200588.6772 0 'robobot/drive/T0/livn' 1770200588.6772 38 38 51 80 81 41 38 44 251
1770200588.6773 0 'robobot/drive/T0/mvel' 1770200588.6773 0.070 0.154
1770200588.6784 0 'robobot/drive/T0/pose' 1770200588.6783 100.4220 0.684 0.081 0.9414 -2.7013
1770200588.6806 0 'robobot/drive/T0/ird' 1770200588.6805 0.132 0.095 14758 19907 1
1770200588.6838 0 'robobot/drive/T0/pose' 1770200588.6837 100.4270 0.685 0.081 0.9425 -2.7013
1770200588.6849 0 'robobot/drive/T0/gyro' 1770200588.6849 -0.052795 -0.503540 -0.411926 100.429
1770200588.6850 0 'robobot/drive/T0/acc' 1770200588.6849 0.408936 -0.000977 0.910156 100.429
1770200588.6861 0 'robobot/drive/T0/vel' 1770200588.6861 100.4300 0.081 0.147 0.2890 0.081 4
1770200588.6862 0 'robobot/drive/T0/mot' 1770200588.6861 0.35 1.4 0.1 0.1 0
1770200588.6868 0 'robobot/drive/T0/mvel' 1770200588.6867 0.081 0.147
1770200588.6873 0 'robobot/drive/T0/livn' 1770200588.6872 38 38 50 80 81 41 38 44 256
1770200588.6885 0 'robobot/drive/T0/pose' 1770200588.6884 100.4320 0.685 0.082 0.9448 -2.7014
1770200588.6938 0 'robobot/drive/T0/pose' 1770200588.6937 100.4370 0.686 0.082 0.9460 -2.7015
1770200588.6939 0 'robobot/drive/T0/vel' 1770200588.6938 100.4380 0.081 0.152 0.3076 0.081 4
1770200588.6942 0 'robobot/drive/T0/mvel' 1770200588.6942 0.081 0.152
1770200588.6971 0 'robobot/drive/T0/gyro' 1770200588.6970 -0.327454 0.259399 0.137390 100.441
1770200588.6972 0 'robobot/drive/T0/acc' 1770200588.6971 0.414307 -0.011230 0.893555 100.441
1770200588.6972 0 'robobot/drive/T0/livn' 1770200588.6972 39 38 50 79 81 41 38 44 261
1770200588.6984 0 'robobot/drive/T0/pose' 1770200588.6983 100.4420 0.686 0.082 0.9472 -2.7015
1770200588.7016 0 'robobot/drive/T0/vel' 1770200588.7015 100.4460 0.081 0.160 0.3418 0.081 4
1770200588.7026 0 'robobot/drive/T0/mvel' 1770200588.7026 0.081 0.160
1770200588.7038 0 'robobot/drive/T0/pose' 1770200588.7037 100.4470 0.686 0.083 0.9506 -2.7015
1770200588.7049 0 'robobot/drive/T0/ird' 1770200588.7049 0.144 0.096 13705 19866 1
1770200588.7071 0 'robobot/drive/T0/livn' 1770200588.7070 38 38 50 79 81 41 38 44 266
1770200588.7082 0 'robobot/drive/T0/pose' 1770200588.7082 100.4520 0.686 0.083 0.9518 -2.7016
1770200588.7094 0 'robobot/drive/T0/gyro' 1770200588.7093 -0.327454 0.289917 0.076355 100.453
1770200588.7094 0 'robobot/drive/T0/acc' 1770200588.7094 0.395264 -0.005615 0.894775 100.453
1770200588.7095 0 'robobot/drive/T0/mca' 1770200588.7094 0.136 0.148 17
1770200588.7095 0 'robobot/drive/T0/vel' 1770200588.7095 100.4540 0.074 0.159 0.3711 0.074 4
1770200588.7100 0 'robobot/drive/T0/mvel' 1770200588.7100 0.074 0.159
1770200588.7128 0 'robobot/drive/T0/liv' 1770200588.7127 30 36 45 60 69 40 35 29 25
1770200588.7139 0 'robobot/drive/T0/pose' 1770200588.7138 100.4570 0.687 0.084 0.9553 -2.7017
1770200588.7171 0 'robobot/drive/T0/vel' 1770200588.7171 100.4620 0.060 0.157 0.4224 0.060 4
1770200588.7172 0 'robobot/drive/T0/livn' 1770200588.7171 38 38 50 79 81 41 38 44 271
1770200588.7174 0 'robobot/drive/T0/mvel' 1770200588.7174 0.060 0.157
1770200588.7183 0 'robobot/drive/T0/pose' 1770200588.7182 100.4620 0.687 0.084 0.9576 -2.7017
1770200588.7194 0 'robobot/drive/T0/mot' 1770200588.7194 0.24 1.4 0.1 0.1 0
1770200588.7216 0 'robobot/drive/T0/gyro' 1770200588.7215 -0.815735 -0.747681 -0.076233 100.465
1770200588.7217 0 'robobot/drive/T0/acc' 1770200588.7216 0.373535 -0.032715 0.844238 100.465
1770200588.7239 0 'robobot/drive/T0/pose' 1770200588.7238 100.4670 0.687 0.085 0.9610 -2.7019
1770200588.7261 0 'robobot/drive/T0/vel' 1770200588.7260 100.4700 0.048 0.158 0.4804 0.048 4
1770200588.7271 0 'robobot/drive/T0/mvel' 1770200588.7271 0.048 0.158
1770200588.7273 0 'robobot/drive/T0/livn' 1770200588.7272 38 38 50 79 81 41 38 44 276
1770200588.7285 0 'robobot/drive/T0/pose' 1770200588.7283 100.4720 0.688 0.085 0.9622 -2.7019
1770200588.7307 0 'robobot/drive/T0/ird' 1770200588.7306 0.159 0.095 12548 19894 1
1770200588.7329 0 'robobot/drive/T0/gyro' 1770200588.7328 0.130310 0.595093 0.137390 100.477
1770200588.7330 0 'robobot/drive/T0/acc' 1770200588.7329 0.411377 -0.040039 0.910156 100.477
1770200588.7331 0 'robobot/drive/T0/pose' 1770200588.7330 100.4770 0.688 0.086 0.9645 -2.7020
1770200588.7333 0 'robobot/drive/T0/vel' 1770200588.7332 100.4780 0.046 0.153 0.4662 0.046 4
1770200588.7336 0 'robobot/drive/T0/mvel' 1770200588.7335 0.046 0.153
1770200588.7383 0 'robobot/drive/T0/livn' 1770200588.7375 38 38 50 79 80 41 39 44 281
1770200588.7384 0 'robobot/drive/T0/pose' 1770200588.7383 100.4820 0.688 0.086 0.9668 -2.7020
1770200588.7418 0 'robobot/drive/T0/vel' 1770200588.7416 100.4860 0.048 0.145 0.4226 0.048 4
1770200588.7419 0 'robobot/drive/T0/mca' 1770200588.7418 0.105 0.133 16
1770200588.7425 0 'robobot/drive/T0/mvel' 1770200588.7424 0.048 0.145
1770200588.7431 0 'robobot/drive/T0/pose' 1770200588.7430 100.4870 0.689 0.086 0.9680 -2.7021
1770200588.7453 0 'robobot/drive/T0/gyro' 1770200588.7452 0.313416 0.106812 -0.045715 100.489
1770200588.7453 0 'robobot/drive/T0/acc' 1770200588.7453 0.401855 -0.037598 0.938965 100.489
1770200588.7476 0 'robobot/drive/T0/livn' 1770200588.7474 38 38 50 79 80 41 38 44 286
1770200588.7487 0 'robobot/drive/T0/pose' 1770200588.7486 100.4920 0.689 0.087 0.9714 -2.7022
1770200588.7499 0 'robobot/drive/T0/vel' 1770200588.7498 100.4940 0.052 0.152 0.4348 0.052 4
1770200588.7500 0 'robobot/drive/T0/mvel' 1770200588.7499 0.052 0.152
1770200588.7521 0 'robobot/drive/T0/mot' 1770200588.7520 0.28 1.4 0.1 0.1 0
1770200588.7533 0 'robobot/drive/T0/pose' 1770200588.7532 100.4970 0.689 0.087 0.9738 -2.7023
1770200588.7554 0 'robobot/drive/T0/ird' 1770200588.7554 0.174 0.097 11573 19676 1
1770200588.7576 0 'robobot/drive/T0/gyro' 1770200588.7575 0.923767 0.137329 -0.564514 100.501
1770200588.7577 0 'robobot/drive/T0/acc' 1770200588.7576 0.413818 -0.022461 0.910889 100.501
1770200588.7578 0 'robobot/drive/T0/vel' 1770200588.7577 100.5020 0.050 0.156 0.4619 0.050 4
1770200588.7579 0 'robobot/drive/T0/livn' 1770200588.7578 38 38 50 79 80 41 38 44 291
1770200588.7580 0 'robobot/drive/T0/pose' 1770200588.7579 100.5020 0.689 0.087 0.9749 -2.7023
1770200588.7584 0 'robobot/drive/T0/mvel' 1770200588.7584 0.050 0.156
1770200588.7633 0 'robobot/drive/T0/liv' 1770200588.7632 26 35 48 55 65 41 36 31 25
1770200588.7634 0 'robobot/drive/T0/pose' 1770200588.7633 100.5070 0.690 0.088 0.9784 -2.7023
1770200588.7656 0 'robobot/drive/T0/hbt' 1770200588.7655 100.5090 107 1033 15.64 4 8 9.0 0.42 0
1770200588.7657 0 'robobot/drive/T0/vel' 1770200588.7656 100.5100 0.049 0.158 0.4744 0.049 4
1770200588.7659 0 'robobot/drive/T0/mvel' 1770200588.7658 0.049 0.158
1770200588.7678 0 'robobot/drive/T0/livn' 1770200588.7678 38 38 50 79 80 41 39 44 296
1770200588.7679 0 'robobot/drive/T0/pose' 1770200588.7678 100.5120 0.690 0.088 0.9807 -2.7024
1770200588.7691 0 'robobot/drive/T0/gyro' 1770200588.7690 1.320496 0.808716 -0.228821 100.513
1770200588.7691 0 'robobot/drive/T0/acc' 1770200588.7691 0.392822 -0.014648 0.926514 100.513
1770200588.7734 0 'robobot/drive/T0/pose' 1770200588.7733 100.5170 0.690 0.089 0.9819 -2.7025
1770200588.7735 0 'robobot/drive/T0/vel' 1770200588.7734 100.5180 0.055 0.160 0.4582 0.055 4
1770200588.7743 0 'robobot/drive/T0/mvel' 1770200588.7743 0.055 0.160
1770200588.7757 0 'robobot/drive/T0/mca' 1770200588.7756 0.106 0.145 17
1770200588.7779 0 'robobot/drive/T0/livn' 1770200588.7778 38 38 51 79 80 41 39 45 301
1770200588.7779 0 'robobot/drive/T0/pose' 1770200588.7779 100.5220 0.690 0.089 0.9842 -2.7026
1770200588.7801 0 'robobot/drive/T0/ird' 1770200588.7801 0.270 0.097 7999 19647 1
1770200588.7812 0 'robobot/drive/T0/gyro' 1770200588.7812 0.588074 -0.015259 0.045837 100.525
1770200588.7813 0 'robobot/drive/T0/acc' 1770200588.7812 0.398193 -0.019043 0.898682 100.525
1770200588.7814 0 'robobot/drive/T0/vel' 1770200588.7813 100.5260 0.055 0.159 0.4543 0.055 4
1770200588.7817 0 'robobot/drive/T0/mvel' 1770200588.7817 0.055 0.159
1770200588.7836 0 'robobot/drive/T0/pose' 1770200588.7835 100.5270 0.691 0.090 0.9876 -2.7027
1770200588.7857 0 'robobot/drive/T0/mot' 1770200588.7857 0.22 1.4 0.1 0.1 0
1770200588.7879 0 'robobot/drive/T0/livn' 1770200588.7879 36 40 51 74 76 41 43 41 5
1770200588.7880 0 'robobot/drive/T0/pose' 1770200588.7879 100.5320 0.691 0.090 0.9899 -2.7028
1770200588.7891 0 'robobot/drive/T0/vel' 1770200588.7890 100.5340 0.054 0.155 0.4380 0.054 4
1770200588.7892 0 'robobot/drive/T0/mvel' 1770200588.7892 0.054 0.155
1770200588.7934 0 'robobot/drive/T0/gyro' 1770200588.7933 -0.022278 0.259399 0.015320 100.537
1770200588.7935 0 'robobot/drive/T0/acc' 1770200588.7934 0.408691 -0.001221 0.893066 100.537
1770200588.7936 0 'robobot/drive/T0/pose' 1770200588.7935 100.5370 0.691 0.091 0.9934 -2.7030
1770200588.7979 0 'robobot/drive/T0/vel' 1770200588.7978 100.5420 0.048 0.149 0.4372 0.048 4
1770200588.7979 0 'robobot/drive/T0/livn' 1770200588.7979 36 38 50 76 79 41 43 40 10
1770200588.7980 0 'robobot/drive/T0/pose' 1770200588.7979 100.5420 0.692 0.091 0.9946 -2.7030
1770200588.7987 0 'robobot/drive/T0/mvel' 1770200588.7987 0.048 0.149
1770200588.8034 0 'robobot/drive/T0/pose' 1770200588.8033 100.5470 0.692 0.091 0.9969 -2.7031
1770200588.8056 0 'robobot/drive/T0/gyro' 1770200588.8055 -0.083313 0.411987 0.045837 100.549
1770200588.8056 0 'robobot/drive/T0/acc' 1770200588.8056 0.407471 -0.002686 0.921875 100.549
1770200588.8057 0 'robobot/drive/T0/ird' 1770200588.8056 0.422 0.096 5648 19771 1
1770200588.8058 0 'robobot/drive/T0/vel' 1770200588.8057 100.5500 0.044 0.151 0.4628 0.044 4
1770200588.8061 0 'robobot/drive/T0/mvel' 1770200588.8061 0.044 0.151
1770200588.8080 0 'robobot/drive/T0/livn' 1770200588.8079 35 37 48 73 78 40 38 38 15
1770200588.8080 0 'robobot/drive/T0/mca' 1770200588.8080 0.122 0.138 16
1770200588.8081 0 'robobot/drive/T0/pose' 1770200588.8080 100.5520 0.692 0.092 0.9980 -2.7032
1770200588.8134 0 'robobot/drive/T0/liv' 1770200588.8134 25 34 50 59 68 37 35 31 25
1770200588.8135 0 'robobot/drive/T0/pose' 1770200588.8134 100.5570 0.693 0.092 1.0004 -2.7032
1770200588.8136 0 'robobot/drive/T0/vel' 1770200588.8135 100.5580 0.051 0.155 0.4536 0.051 4
1770200588.8146 0 'robobot/drive/T0/mvel' 1770200588.8146 0.051 0.155
1770200588.8168 0 'robobot/drive/T0/gyro' 1770200588.8167 -0.083313 0.350952 -0.106750 100.561
1770200588.8169 0 'robobot/drive/T0/acc' 1770200588.8168 0.405518 -0.017090 0.894043 100.561
1770200588.8180 0 'robobot/drive/T0/livn' 1770200588.8180 34 36 50 76 78 36 36 43 20
1770200588.8181 0 'robobot/drive/T0/mot' 1770200588.8180 0.23 1.4 0.1 0.1 0
1770200588.8181 0 'robobot/drive/T0/pose' 1770200588.8181 100.5620 0.693 0.093 1.0027 -2.7033
1770200588.8214 0 'robobot/drive/T0/vel' 1770200588.8213 100.5660 0.053 0.159 0.4607 0.053 4
1770200588.8221 0 'robobot/drive/T0/mvel' 1770200588.8220 0.053 0.159
1770200588.8236 0 'robobot/drive/T0/pose' 1770200588.8235 100.5670 0.693 0.093 1.0061 -2.7033
1770200588.8279 0 'robobot/drive/T0/livn' 1770200588.8278 36 35 50 77 78 36 36 44 25
1770200588.8280 0 'robobot/drive/T0/pose' 1770200588.8279 100.5720 0.693 0.093 1.0073 -2.7034
1770200588.8291 0 'robobot/drive/T0/gyro' 1770200588.8290 0.008240 0.106812 -0.015198 100.573
1770200588.8292 0 'robobot/drive/T0/acc' 1770200588.8291 0.404541 -0.023926 0.906006 100.573
1770200588.8293 0 'robobot/drive/T0/vel' 1770200588.8292 100.5740 0.053 0.161 0.4687 0.053 4
1770200588.8294 0 'robobot/drive/T0/mvel' 1770200588.8294 0.053 0.161
1770200588.8304 0 'robobot/drive/T0/ird' 1770200588.8303 0.684 0.096 4056 19826 1
1770200588.8336 0 'robobot/drive/T0/pose' 1770200588.8336 100.5770 0.694 0.094 1.0108 -2.7035
1770200588.8379 0 'robobot/drive/T0/vel' 1770200588.8378 100.5820 0.053 0.158 0.4569 0.053 4
1770200588.8380 0 'robobot/drive/T0/mvel' 1770200588.8379 0.053 0.158
1770200588.8380 0 'robobot/drive/T0/livn' 1770200588.8379 36 35 50 77 78 36 35 43 30
1770200588.8381 0 'robobot/drive/T0/pose' 1770200588.8380 100.5820 0.694 0.094 1.0108 -2.7035
1770200588.8413 0 'robobot/drive/T0/gyro' 1770200588.8412 0.527039 0.076294 -0.015198 100.585
1770200588.8414 0 'robobot/drive/T0/acc' 1770200588.8413 0.398438 -0.012451 0.894531 100.585
1770200588.8414 0 'robobot/drive/T0/mca' 1770200588.8414 0.165 0.133 17
1770200588.8436 0 'robobot/drive/T0/pose' 1770200588.8435 100.5870 0.694 0.095 1.0142 -2.7036
1770200588.8458 0 'robobot/drive/T0/vel' 1770200588.8457 100.5900 0.055 0.153 0.4265 0.055 4
1770200588.8462 0 'robobot/drive/master' 1770200588.8462 2026-02-04 11:23:03.813786
1770200588.8464 0 'robobot/drive/T0/mvel' 1770200588.8464 0.055 0.153
1770200588.8480 0 'robobot/drive/T0/livn' 1770200588.8479 38 36 51 77 77 36 35 42 35
1770200588.8481 0 'robobot/drive/T0/pose' 1770200588.8480 100.5920 0.694 0.095 1.0154 -2.7036
1770200588.8513 0 'robobot/drive/T0/mot' 1770200588.8512 0.17 1.4 0.1 0.1 0
1770200588.8535 0 'robobot/drive/T0/gyro' 1770200588.8534 0.649109 -0.137329 -0.167786 100.597
1770200588.8536 0 'robobot/drive/T0/acc' 1770200588.8535 0.407715 0.011963 0.896729 100.597
1770200588.8536 0 'robobot/drive/T0/pose' 1770200588.8536 100.5970 0.695 0.096 1.0189 -2.7037
1770200588.8537 0 'robobot/drive/T0/vel' 1770200588.8536 100.5980 0.058 0.149 0.3977 0.058 4
1770200588.8539 0 'robobot/drive/T0/mvel' 1770200588.8538 0.058 0.149
1770200588.8559 0 'robobot/drive/T0/ird' 1770200588.8558 0.898 0.096 3443 19801 1
1770200588.8581 0 'robobot/drive/T0/livn' 1770200588.8580 38 37 51 77 77 37 35 42 40
1770200588.8581 0 'robobot/drive/T0/pose' 1770200588.8581 100.6020 0.695 0.096 1.0212 -2.7037
1770200588.8614 0 'robobot/drive/T0/vel' 1770200588.8613 100.6060 0.052 0.149 0.4232 0.052 4
1770200588.8623 0 'robobot/drive/T0/mvel' 1770200588.8623 0.052 0.149
1770200588.8636 0 'robobot/drive/T0/liv' 1770200588.8635 32 34 51 61 69 35 29 30 25
1770200588.8637 0 'robobot/drive/T0/pose' 1770200588.8636 100.6070 0.695 0.097 1.0235 -2.7039
1770200588.8648 0 'robobot/drive/T0/gyro' 1770200588.8647 0.923767 1.022339 -2.334534 100.609
1770200588.8649 0 'robobot/drive/T0/acc' 1770200588.8648 0.452148 0.010498 1.017334 100.609
1770200588.8681 0 'robobot/drive/T0/livn' 1770200588.8680 38 37 51 77 78 37 34 42 45
1770200588.8682 0 'robobot/drive/T0/pose' 1770200588.8681 100.6120 0.695 0.097 1.0258 -2.7039
1770200588.8693 0 'robobot/drive/T0/vel' 1770200588.8692 100.6140 0.048 0.154 0.4581 0.048 4
1770200588.8698 0 'robobot/drive/T0/mvel' 1770200588.8697 0.048 0.154
1770200588.8736 0 'robobot/drive/T0/pose' 1770200588.8735 100.6170 0.696 0.098 1.0281 -2.7038
1770200588.8747 0 'robobot/drive/T0/mca' 1770200588.8747 0.151 0.154 16
1770200588.8769 0 'robobot/drive/T0/gyro' 1770200588.8768 -2.158508 0.015259 -2.944885 100.621
1770200588.8770 0 'robobot/drive/T0/acc' 1770200588.8769 0.393311 0.036133 0.837891 100.621
1770200588.8781 0 'robobot/drive/T0/vel' 1770200588.8780 100.6220 0.046 0.157 0.4852 0.046 4
1770200588.8782 0 'robobot/drive/T0/livn' 1770200588.8781 37 36 51 77 77 37 35 42 50
1770200588.8782 0 'robobot/drive/T0/mvel' 1770200588.8782 0.046 0.157
1770200588.8783 0 'robobot/drive/T0/pose' 1770200588.8782 100.6220 0.696 0.098 1.0293 -2.7038
1770200588.8804 0 'robobot/drive/T0/ird' 1770200588.8804 0.964 0.096 3308 19749 1
1770200588.8837 0 'robobot/drive/T0/pose' 1770200588.8836 100.6270 0.696 0.098 1.0327 -2.7038
1770200588.8838 0 'robobot/drive/T0/mot' 1770200588.8837 0.2 1.4 0.1 0.1 0
1770200588.8860 0 'robobot/drive/T0/vel' 1770200588.8859 100.6300 0.049 0.158 0.4747 0.049 4
1770200588.8867 0 'robobot/drive/T0/mvel' 1770200588.8867 0.049 0.158
1770200588.8881 0 'robobot/drive/T0/livn' 1770200588.8881 36 36 51 77 77 38 35 42 55
1770200588.8882 0 'robobot/drive/T0/pose' 1770200588.8881 100.6320 0.696 0.099 1.0351 -2.7039
1770200588.8894 0 'robobot/drive/T0/gyro' 1770200588.8893 -2.341614 0.869751 -5.264221 100.633
1770200588.8894 0 'robobot/drive/T0/acc' 1770200588.8894 0.426270 0.079834 0.851074 100.633
1770200588.8937 0 'robobot/drive/T0/pose' 1770200588.8936 100.6370 0.697 0.099 1.0385 -2.7037
1770200588.8938 0 'robobot/drive/T0/vel' 1770200588.8937 100.6380 0.052 0.157 0.4571 0.052 4
1770200588.8941 0 'robobot/drive/T0/mvel' 1770200588.8941 0.052 0.157
1770200588.8981 0 'robobot/drive/T0/livn' 1770200588.8980 36 36 51 77 77 38 35 42 60
1770200588.8981 0 'robobot/drive/T0/pose' 1770200588.8981 100.6420 0.697 0.100 1.0397 -2.7037
1770200588.9014 0 'robobot/drive/T0/gyro' 1770200588.9013 -3.989563 -0.198364 -8.438049 100.645
1770200588.9015 0 'robobot/drive/T0/acc' 1770200588.9014 0.424072 0.091797 0.829834 100.645
1770200588.9015 0 'robobot/drive/T0/vel' 1770200588.9015 100.6460 0.048 0.157 0.4734 0.048 4
1770200588.9016 0 'robobot/drive/T0/mvel' 1770200588.9015 0.048 0.157
1770200588.9037 0 'robobot/drive/T0/pose' 1770200588.9036 100.6470 0.697 0.100 1.0443 -2.7036
1770200588.9048 0 'robobot/drive/T0/ird' 1770200588.9048 0.988 0.096 3263 19794 1
1770200588.9070 0 'robobot/drive/T0/mca' 1770200588.9069 0.131 0.133 17
1770200588.9081 0 'robobot/drive/T0/livn' 1770200588.9081 36 36 50 77 78 39 35 42 65
1770200588.9082 0 'robobot/drive/T0/pose' 1770200588.9081 100.6520 0.697 0.100 1.0455 -2.7036
1770200588.9093 0 'robobot/drive/T0/vel' 1770200588.9092 100.6540 0.042 0.156 0.4983 0.042 4
1770200588.9100 0 'robobot/drive/T0/mvel' 1770200588.9100 0.042 0.156
1770200588.9136 0 'robobot/drive/T0/liv' 1770200588.9135 25 30 46 58 68 41 33 29 25
1770200588.9137 0 'robobot/drive/T0/gyro' 1770200588.9136 -6.064758 0.808716 -11.672913 100.657
1770200588.9138 0 'robobot/drive/T0/acc' 1770200588.9137 0.432617 0.070801 0.881348 100.657
1770200588.9138 0 'robobot/drive/T0/pose' 1770200588.9138 100.6570 0.698 0.101 1.0478 -2.7035
1770200588.9171 0 'robobot/drive/T0/mot' 1770200588.9170 0.21 1.4 0.1 0.1 0
1770200588.9182 0 'robobot/drive/T0/vel' 1770200588.9181 100.6620 0.037 0.149 0.4858 0.037 4
1770200588.9183 0 'robobot/drive/T0/livn' 1770200588.9182 36 36 50 76 77 39 35 42 70
1770200588.9183 0 'robobot/drive/T0/pose' 1770200588.9183 100.6620 0.698 0.101 1.0512 -2.7033
1770200588.9185 0 'robobot/drive/T0/mvel' 1770200588.9185 0.037 0.149
1770200588.9237 0 'robobot/drive/T0/pose' 1770200588.9236 100.6670 0.698 0.102 1.0524 -2.7032
1770200588.9259 0 'robobot/drive/T0/gyro' 1770200588.9258 -5.912170 1.541138 -12.893616 100.669
1770200588.9260 0 'robobot/drive/T0/acc' 1770200588.9259 0.387451 -0.027344 0.859131 100.669
1770200588.9261 0 'robobot/drive/T0/vel' 1770200588.9260 100.6700 0.036 0.152 0.5016 0.036 4
1770200588.9271 0 'robobot/drive/T0/mvel' 1770200588.9271 0.036 0.152
1770200588.9272 0 'robobot/drive/T0/livn' 1770200588.9272 37 36 50 76 77 39 35 42 75
1770200588.9285 0 'robobot/drive/T0/pose' 1770200588.9283 100.6720 0.698 0.102 1.0547 -2.7032
1770200588.9307 0 'robobot/drive/T0/ird' 1770200588.9306 1.004 0.098 3235 19468 1
1770200588.9339 0 'robobot/drive/T0/pose' 1770200588.9338 100.6770 0.699 0.103 1.0582 -2.7033
1770200588.9340 0 'robobot/drive/T0/vel' 1770200588.9339 100.6780 0.038 0.158 0.5252 0.038 4
1770200588.9341 0 'robobot/drive/T0/mvel' 1770200588.9341 0.038 0.158
1770200588.9375 0 'robobot/drive/T0/gyro' 1770200588.9372 -3.959045 1.480103 -8.743225 100.681
1770200588.9377 0 'robobot/drive/T0/acc' 1770200588.9375 0.362549 -0.113770 0.902588 100.681
1770200588.9379 0 'robobot/drive/T0/livn' 1770200588.9377 36 36 50 76 78 39 35 43 80
1770200588.9379 0 'robobot/drive/T0/pose' 1770200588.9379 100.6820 0.699 0.103 1.0605 -2.7034
1770200588.9401 0 'robobot/drive/T0/mca' 1770200588.9401 0.106 0.148 16
1770200588.9413 0 'robobot/drive/T0/vel' 1770200588.9412 100.6860 0.037 0.158 0.5234 0.037 4
1770200588.9415 0 'robobot/drive/T0/mvel' 1770200588.9415 0.037 0.158
1770200588.9434 0 'robobot/drive/T0/pose' 1770200588.9434 100.6870 0.699 0.103 1.0651 -2.7037
1770200588.9477 0 'robobot/drive/T0/livn' 1770200588.9476 37 36 50 76 78 40 35 42 85
1770200588.9488 0 'robobot/drive/T0/pose' 1770200588.9488 100.6920 0.699 0.104 1.0674 -2.7039
1770200588.9489 0 'robobot/drive/T0/gyro' 1770200588.9489 -1.609192 -0.045776 -3.066956 100.693
1770200588.9490 0 'robobot/drive/T0/acc' 1770200588.9489 0.350098 -0.110352 0.827148 100.693
1770200588.9501 0 'robobot/drive/T0/vel' 1770200588.9501 100.6940 0.037 0.157 0.5241 0.037 4
1770200588.9502 0 'robobot/drive/T0/mot' 1770200588.9501 0.28 1.4 0.1 0.1 0
1770200588.9511 0 'robobot/drive/T0/mvel' 1770200588.9510 0.037 0.157
1770200588.9534 0 'robobot/drive/T0/pose' 1770200588.9533 100.6970 0.699 0.104 1.0721 -2.7042
1770200588.9556 0 'robobot/drive/T0/ird' 1770200588.9555 0.986 0.098 3268 19389 1
1770200588.9577 0 'robobot/drive/T0/vel' 1770200588.9576 100.7020 0.033 0.160 0.5541 0.033 4
1770200588.9578 0 'robobot/drive/T0/livn' 1770200588.9577 37 36 50 76 77 40 35 42 90
1770200588.9585 0 'robobot/drive/T0/mvel' 1770200588.9584 0.033 0.160
1770200588.9589 0 'robobot/drive/T0/pose' 1770200588.9588 100.7020 0.700 0.104 1.0744 -2.7044
1770200588.9611 0 'robobot/drive/T0/gyro' 1770200588.9611 1.595154 -0.167847 1.174988 100.705
1770200588.9612 0 'robobot/drive/T0/acc' 1770200588.9611 0.396729 -0.068115 0.873535 100.705
1770200588.9634 0 'robobot/drive/T0/liv' 1770200588.9633 29 33 47 57 69 40 32 30 25
1770200588.9634 0 'robobot/drive/T0/pose' 1770200588.9634 100.7070 0.700 0.105 1.0790 -2.7046
1770200588.9656 0 'robobot/drive/T0/vel' 1770200588.9656 100.7100 0.029 0.153 0.5417 0.029 4
1770200588.9659 0 'robobot/drive/T0/mvel' 1770200588.9659 0.029 0.153
1770200588.9678 0 'robobot/drive/T0/livn' 1770200588.9677 37 36 50 76 77 40 35 42 95
1770200588.9689 0 'robobot/drive/T0/pose' 1770200588.9689 100.7120 0.700 0.105 1.0813 -2.7046
1770200588.9732 0 'robobot/drive/T0/gyro' 1770200588.9732 2.480164 0.106812 1.968445 100.717
1770200588.9733 0 'robobot/drive/T0/mca' 1770200588.9732 0.112 0.132 17
1770200588.9734 0 'robobot/drive/T0/acc' 1770200588.9733 0.419678 0.003906 0.919189 100.717
1770200588.9735 0 'robobot/drive/T0/pose' 1770200588.9734 100.7170 0.700 0.105 1.0848 -2.7047
1770200588.9735 0 'robobot/drive/T0/vel' 1770200588.9735 100.7180 0.025 0.146 0.5283 0.025 4
1770200588.9743 0 'robobot/drive/T0/mvel' 1770200588.9743 0.025 0.146
1770200588.9778 0 'robobot/drive/T0/livn' 1770200588.9778 37 36 49 76 77 40 35 43 100
1770200588.9790 0 'robobot/drive/T0/pose' 1770200588.9789 100.7230 0.700 0.106 1.0883 -2.7047
1770200588.9801 0 'robobot/drive/T0/ird' 1770200588.9800 0.942 0.104 3350 18451 1
1770200588.9812 0 'robobot/drive/T0/vel' 1770200588.9811 100.7260 0.020 0.152 0.5773 0.020 4
1770200588.9817 0 'robobot/drive/T0/mvel' 1770200588.9817 0.020 0.152
1770200588.9834 0 'robobot/drive/T0/mot' 1770200588.9833 0.48 1.4 0.1 0.1 0
1770200588.9834 0 'robobot/drive/T0/pose' 1770200588.9834 100.7280 0.701 0.106 1.0917 -2.7048
1770200588.9856 0 'robobot/drive/T0/gyro' 1770200588.9856 1.991882 -0.228882 1.815857 100.729
1770200588.9857 0 'robobot/drive/T0/acc' 1770200588.9856 0.398682 0.013672 0.860840 100.729
1770200588.9879 0 'robobot/drive/T0/livn' 1770200588.9878 37 36 49 75 78 40 35 42 105
1770200588.9890 0 'robobot/drive/T0/pose' 1770200588.9889 100.7330 0.701 0.106 1.0963 -2.7049
1770200588.9901 0 'robobot/drive/T0/vel' 1770200588.9901 100.7340 0.018 0.155 0.5948 0.018 4
1770200588.9902 0 'robobot/drive/T0/mvel' 1770200588.9902 0.018 0.155
1770200588.9934 0 'robobot/drive/T0/pose' 1770200588.9933 100.7380 0.701 0.107 1.0987 -2.7049
1770200588.9976 0 'robobot/drive/T0/gyro' 1770200588.9976 1.869812 -0.167847 2.334656 100.741
1770200588.9977 0 'robobot/drive/T0/acc' 1770200588.9976 0.395508 0.024170 0.856201 100.741
1770200588.9978 0 'robobot/drive/T0/vel' 1770200588.9977 100.7420 0.015 0.156 0.6127 0.015 4
1770200588.9978 0 'robobot/drive/T0/livn' 1770200588.9978 36 36 49 75 78 40 35 42 110
1770200588.9987 0 'robobot/drive/T0/mvel' 1770200588.9987 0.015 0.156
1770200588.9990 0 'robobot/drive/T0/pose' 1770200588.9989 100.7430 0.701 0.107 1.1033 -2.7050
1770200589.0033 0 'robobot/drive/T0/pose' 1770200589.0032 100.7480 0.701 0.107 1.1056 -2.7050
1770200589.0055 0 'robobot/drive/T0/ird' 1770200589.0054 0.925 0.106 3385 18030 1
1770200589.0055 0 'robobot/drive/T0/vel' 1770200589.0055 100.7500 0.014 0.161 0.6404 0.014 4
1770200589.0060 0 'robobot/drive/T0/mvel' 1770200589.0060 0.014 0.161
1770200589.0066 0 'robobot/drive/T0/mca' 1770200589.0066 0.133 0.145 16
1770200589.0078 0 'robobot/drive/T0/livn' 1770200589.0077 36 36 49 75 77 40 36 42 115
1770200589.0089 0 'robobot/drive/T0/pose' 1770200589.0088 100.7530 0.702 0.108 1.1102 -2.7052
1770200589.0089 0 'robobot/drive/T0/gyro' 1770200589.0089 1.198425 -0.076294 2.334656 100.753
1770200589.0090 0 'robobot/drive/T0/acc' 1770200589.0089 0.396729 0.044678 0.889893 100.753
1770200589.0133 0 'robobot/drive/T0/liv' 1770200589.0132 25 34 45 54 69 39 35 29 25
1770200589.0134 0 'robobot/drive/T0/pose' 1770200589.0133 100.7580 0.702 0.108 1.1125 -2.7052
1770200589.0135 0 'robobot/drive/T0/vel' 1770200589.0134 100.7580 0.013 0.158 0.6326 0.013 4
1770200589.0144 0 'robobot/drive/T0/mvel' 1770200589.0144 0.013 0.158
1770200589.0167 0 'robobot/drive/T0/mot' 1770200589.0166 0.66 1.4 0.1 0.1 0
1770200589.0178 0 'robobot/drive/T0/livn' 1770200589.0178 36 36 49 74 77 40 36 42 120
1770200589.0190 0 'robobot/drive/T0/pose' 1770200589.0189 100.7630 0.702 0.108 1.1160 -2.7053
1770200589.0212 0 'robobot/drive/T0/gyro' 1770200589.0211 -0.052795 -0.503540 2.334656 100.765
1770200589.0212 0 'robobot/drive/T0/acc' 1770200589.0212 0.396240 0.022705 0.852539 100.765
1770200589.0213 0 'robobot/drive/T0/vel' 1770200589.0212 100.7660 0.011 0.155 0.6262 0.011 4
1770200589.0218 0 'robobot/drive/T0/mvel' 1770200589.0218 0.011 0.155
1770200589.0235 0 'robobot/drive/T0/pose' 1770200589.0234 100.7680 0.702 0.109 1.1195 -2.7053
1770200589.0278 0 'robobot/drive/T0/livn' 1770200589.0277 36 37 49 74 76 40 36 42 125
1770200589.0289 0 'robobot/drive/T0/pose' 1770200589.0288 100.7730 0.702 0.109 1.1229 -2.7054
1770200589.0301 0 'robobot/drive/T0/vel' 1770200589.0300 100.7740 0.011 0.151 0.6106 0.011 4
1770200589.0301 0 'robobot/drive/T0/ird' 1770200589.0301 0.924 0.107 3388 17846 1
1770200589.0302 0 'robobot/drive/T0/mvel' 1770200589.0302 0.011 0.151
1770200589.0334 0 'robobot/drive/T0/gyro' 1770200589.0333 -0.022278 -0.106812 2.517761 100.777
1770200589.0335 0 'robobot/drive/T0/acc' 1770200589.0334 0.401855 0.013672 0.881836 100.777
1770200589.0336 0 'robobot/drive/T0/pose' 1770200589.0335 100.7780 0.702 0.109 1.1253 -2.7054
1770200589.0379 0 'robobot/drive/T0/vel' 1770200589.0378 100.7820 0.010 0.147 0.5970 0.010 4
1770200589.0379 0 'robobot/drive/T0/livn' 1770200589.0379 36 37 49 74 76 40 37 43 130
1770200589.0387 0 'robobot/drive/T0/mvel' 1770200589.0387 0.010 0.147
1770200589.0390 0 'robobot/drive/T0/pose' 1770200589.0390 100.7830 0.703 0.110 1.1287 -2.7055
1770200589.0391 0 'robobot/drive/T0/mca' 1770200589.0390 0.194 0.137 17
1770200589.0434 0 'robobot/drive/T0/pose' 1770200589.0433 100.7880 0.703 0.110 1.1310 -2.7055
1770200589.0456 0 'robobot/drive/T0/gyro' 1770200589.0455 0.221863 -0.595093 2.334656 100.789
1770200589.0456 0 'robobot/drive/T0/acc' 1770200589.0456 0.403564 0.005371 0.857178 100.789
1770200589.0457 0 'robobot/drive/T0/vel' 1770200589.0457 100.7900 0.009 0.151 0.6179 0.009 4
1770200589.0462 0 'robobot/drive/T0/mvel' 1770200589.0462 0.009 0.151
1770200589.0479 0 'robobot/drive/T0/livn' 1770200589.0478 36 37 49 74 76 40 37 43 135
1770200589.0490 0 'robobot/drive/T0/pose' 1770200589.0490 100.7930 0.703 0.111 1.1345 -2.7056
1770200589.0491 0 'robobot/drive/T0/mot' 1770200589.0490 0.84 1.5 0.1 0.1 0
1770200589.0534 0 'robobot/drive/T0/pose' 1770200589.0533 100.7980 0.703 0.111 1.1368 -2.7057
1770200589.0535 0 'robobot/drive/T0/vel' 1770200589.0534 100.7980 0.009 0.158 0.6493 0.009 4
1770200589.0536 0 'robobot/drive/T0/mvel' 1770200589.0536 0.009 0.158
1770200589.0556 0 'robobot/drive/T0/ird' 1770200589.0556 0.922 0.108 3391 17813 1
1770200589.0578 0 'robobot/drive/T0/gyro' 1770200589.0577 -0.327454 -1.449585 1.815857 100.801
1770200589.0579 0 'robobot/drive/T0/acc' 1770200589.0578 0.373779 -0.009277 0.880127 100.801
1770200589.0579 0 'robobot/drive/T0/livn' 1770200589.0579 36 37 49 74 76 40 37 43 140
1770200589.0591 0 'robobot/drive/T0/pose' 1770200589.0590 100.8030 0.703 0.112 1.1391 -2.7057
1770200589.0613 0 'robobot/drive/T0/vel' 1770200589.0612 100.8060 0.018 0.158 0.6088 0.018 4
1770200589.0621 0 'robobot/drive/T0/mvel' 1770200589.0621 0.018 0.158
1770200589.0635 0 'robobot/drive/T0/liv' 1770200589.0634 30 38 48 55 62 39 39 34 25
1770200589.0635 0 'robobot/drive/T0/pose' 1770200589.0635 100.8080 0.704 0.112 1.1403 -2.7058
1770200589.0678 0 'robobot/drive/T0/livn' 1770200589.0678 36 37 49 74 76 40 37 44 145
1770200589.0690 0 'robobot/drive/T0/pose' 1770200589.0689 100.8130 0.704 0.113 1.1426 -2.7060
1770200589.0690 0 'robobot/drive/T0/gyro' 1770200589.0690 1.869812 0.381470 2.090515 100.813
1770200589.0691 0 'robobot/drive/T0/acc' 1770200589.0690 0.429443 -0.019043 1.028809 100.813
1770200589.0703 0 'robobot/drive/T0/vel' 1770200589.0702 100.8140 0.048 0.157 0.4736 0.048 4
1770200589.0706 0 'robobot/drive/T0/mvel' 1770200589.0705 0.048 0.157
1770200589.0724 0 'robobot/drive/T0/mca' 1770200589.0724 0.166 0.141 16
1770200589.0736 0 'robobot/drive/T0/pose' 1770200589.0735 100.8180 0.704 0.113 1.1438 -2.7060
1770200589.0779 0 'robobot/drive/T0/vel' 1770200589.0778 100.8220 0.063 0.157 0.4075 0.063 4
1770200589.0779 0 'robobot/drive/T0/livn' 1770200589.0779 36 37 50 74 75 39 37 44 150
1770200589.0781 0 'robobot/drive/T0/mvel' 1770200589.0780 0.063 0.157
1770200589.0791 0 'robobot/drive/T0/pose' 1770200589.0790 100.8230 0.704 0.114 1.1461 -2.7060
1770200589.0802 0 'robobot/drive/T0/ird' 1770200589.0801 0.925 0.107 3385 17938 1
1770200589.0813 0 'robobot/drive/T0/gyro' 1770200589.0812 1.320496 -0.900269 2.975525 100.825
1770200589.0814 0 'robobot/drive/T0/acc' 1770200589.0813 0.422363 0.007812 0.928955 100.825
1770200589.0825 0 'robobot/drive/T0/mot' 1770200589.0825 0.54 1.4 0.1 0.1 0
1770200589.0837 0 'robobot/drive/T0/pose' 1770200589.0836 100.8280 0.704 0.114 1.1472 -2.7061
1770200589.0858 0 'robobot/drive/T0/vel' 1770200589.0858 100.8300 0.068 0.153 0.3713 0.068 4
1770200589.0865 0 'robobot/drive/T0/mvel' 1770200589.0865 0.068 0.153
1770200589.0880 0 'robobot/drive/T0/livn' 1770200589.0880 36 38 50 74 75 39 37 44 155
1770200589.0892 0 'robobot/drive/T0/pose' 1770200589.0891 100.8330 0.705 0.115 1.1495 -2.7063
1770200589.0935 0 'robobot/drive/T0/gyro' 1770200589.0934 0.160828 -0.167847 3.433289 100.837
1770200589.0935 0 'robobot/drive/T0/acc' 1770200589.0935 0.396240 -0.000977 0.897705 100.837
1770200589.0936 0 'robobot/drive/T0/vel' 1770200589.0935 100.8380 0.071 0.148 0.3347 0.071 4
1770200589.0937 0 'robobot/drive/T0/pose' 1770200589.0936 100.8380 0.705 0.115 1.1507 -2.7064
1770200589.0940 0 'robobot/drive/T0/mvel' 1770200589.0939 0.071 0.148
1770200589.0980 0 'robobot/drive/T0/livn' 1770200589.0979 36 37 50 74 76 40 37 44 160
1770200589.0991 0 'robobot/drive/T0/pose' 1770200589.0991 100.8430 0.705 0.116 1.1519 -2.7064
1770200589.1013 0 'robobot/drive/T0/vel' 1770200589.1013 100.8460 0.075 0.152 0.3366 0.075 4
1770200589.1014 0 'robobot/drive/T0/mvel' 1770200589.1013 0.075 0.152
1770200589.1046 0 'robobot/drive/T0/pose' 1770200589.1045 100.8480 0.705 0.116 1.1553 -2.7065
1770200589.1057 0 'robobot/drive/T0/gyro' 1770200589.1056 0.618591 -0.686646 3.646912 100.849
1770200589.1058 0 'robobot/drive/T0/mca' 1770200589.1057 0.152 0.151 17
1770200589.1058 0 'robobot/drive/T0/ird' 1770200589.1058 0.926 0.105 3382 18169 1
1770200589.1059 0 'robobot/drive/T0/acc' 1770200589.1058 0.399414 0.008301 0.870850 100.849
1770200589.1081 0 'robobot/drive/T0/livn' 1770200589.1080 36 37 50 74 76 39 37 44 165
1770200589.1092 0 'robobot/drive/T0/pose' 1770200589.1091 100.8530 0.706 0.117 1.1565 -2.7065
1770200589.1093 0 'robobot/drive/T0/vel' 1770200589.1092 100.8540 0.069 0.156 0.3792 0.069 4
1770200589.1098 0 'robobot/drive/T0/mvel' 1770200589.1098 0.069 0.156
1770200589.1136 0 'robobot/drive/T0/liv' 1770200589.1135 27 32 51 61 65 36 34 33 25
1770200589.1137 0 'robobot/drive/T0/pose' 1770200589.1136 100.8580 0.706 0.117 1.1588 -2.7066
1770200589.1148 0 'robobot/drive/T0/mot' 1770200589.1148 0.39 1.4 0.1 0.1 0
1770200589.1170 0 'robobot/drive/T0/gyro' 1770200589.1169 0.984802 0.106812 2.731384 100.861
1770200589.1171 0 'robobot/drive/T0/acc' 1770200589.1170 0.414307 0.005127 0.910645 100.861
1770200589.1182 0 'robobot/drive/T0/vel' 1770200589.1181 100.8620 0.072 0.158 0.3751 0.072 4
1770200589.1183 0 'robobot/drive/T0/livn' 1770200589.1182 36 37 50 75 75 39 37 44 170
1770200589.1183 0 'robobot/drive/T0/mvel' 1770200589.1183 0.072 0.158
1770200589.1194 0 'robobot/drive/T0/pose' 1770200589.1193 100.8630 0.706 0.118 1.1600 -2.7067
1770200589.1237 0 'robobot/drive/T0/pose' 1770200589.1236 100.8680 0.706 0.118 1.1623 -2.7067
1770200589.1259 0 'robobot/drive/T0/vel' 1770200589.1258 100.8700 0.081 0.158 0.3353 0.081 4
1770200589.1269 0 'robobot/drive/T0/mvel' 1770200589.1269 0.081 0.158
1770200589.1281 0 'robobot/drive/T0/livn' 1770200589.1280 36 37 50 75 76 39 37 45 175
1770200589.1293 0 'robobot/drive/T0/pose' 1770200589.1292 100.8730 0.707 0.119 1.1634 -2.7067
1770200589.1293 0 'robobot/drive/T0/gyro' 1770200589.1293 0.862732 -0.534058 1.937927 100.873
1770200589.1294 0 'robobot/drive/T0/acc' 1770200589.1293 0.410400 0.003174 0.900635 100.873
1770200589.1306 0 'robobot/drive/T0/ird' 1770200589.1305 0.964 0.105 3308 18277 1
1770200589.1339 0 'robobot/drive/T0/vel' 1770200589.1338 100.8780 0.082 0.159 0.3354 0.082 4
1770200589.1341 0 'robobot/drive/T0/pose' 1770200589.1339 100.8780 0.707 0.120 1.1646 -2.7067
1770200589.1343 0 'robobot/drive/T0/mvel' 1770200589.1343 0.082 0.159
1770200589.1380 0 'robobot/drive/T0/livn' 1770200589.1373 36 37 50 75 76 39 37 45 180
1770200589.1381 0 'robobot/drive/T0/mca' 1770200589.1380 0.160 0.132 16
1770200589.1392 0 'robobot/drive/T0/pose' 1770200589.1391 100.8830 0.707 0.120 1.1669 -2.7068
1770200589.1415 0 'robobot/drive/T0/gyro' 1770200589.1414 0.466003 -0.198364 1.358093 100.885
1770200589.1415 0 'robobot/drive/T0/acc' 1770200589.1415 0.415283 0.010010 0.906738 100.885
1770200589.1416 0 'robobot/drive/T0/vel' 1770200589.1415 100.8860 0.081 0.156 0.3288 0.081 4
1770200589.1418 0 'robobot/drive/T0/mvel' 1770200589.1417 0.081 0.156
1770200589.1438 0 'robobot/drive/T0/pose' 1770200589.1437 100.8880 0.707 0.120 1.1681 -2.7068
1770200589.1481 0 'robobot/drive/T0/livn' 1770200589.1480 36 37 50 75 76 39 37 45 185
1770200589.1482 0 'robobot/drive/T0/mot' 1770200589.1481 0.16 1.4 0.1 0.1 0
1770200589.1494 0 'robobot/drive/T0/pose' 1770200589.1492 100.8930 0.707 0.121 1.1715 -2.7068
1770200589.1495 0 'robobot/drive/T0/vel' 1770200589.1494 100.8940 0.075 0.150 0.3274 0.075 4
1770200589.1502 0 'robobot/drive/T0/mvel' 1770200589.1502 0.075 0.150
1770200589.1538 0 'robobot/drive/T0/gyro' 1770200589.1537 -0.510559 -0.473022 0.167908 100.897
1770200589.1539 0 'robobot/drive/T0/acc' 1770200589.1538 0.407959 0.025879 0.824707 100.897
1770200589.1539 0 'robobot/drive/T0/pose' 1770200589.1539 100.8980 0.708 0.121 1.1727 -2.7068
1770200589.1551 0 'robobot/drive/T0/ird' 1770200589.1550 0.998 0.102 3246 18632 1
1770200589.1573 0 'robobot/drive/T0/vel' 1770200589.1572 100.9020 0.062 0.152 0.3912 0.062 4
1770200589.1575 0 'robobot/drive/T0/livn' 1770200589.1574 36 37 50 75 76 40 37 44 190
1770200589.1577 0 'robobot/drive/T0/mvel' 1770200589.1576 0.062 0.152
1770200589.1597 0 'robobot/drive/T0/pose' 1770200589.1596 100.9030 0.708 0.122 1.1761 -2.7068
1770200589.1629 0 'robobot/drive/T0/liv' 1770200589.1628 28 31 47 62 73 43 37 29 25
1770200589.1641 0 'robobot/drive/T0/pose' 1770200589.1640 100.9080 0.708 0.122 1.1785 -2.7068
1770200589.1652 0 'robobot/drive/T0/gyro' 1770200589.1651 -1.029358 -0.595093 -1.144348 100.909
1770200589.1653 0 'robobot/drive/T0/acc' 1770200589.1652 0.387451 -0.002441 0.841797 100.909
1770200589.1655 0 'robobot/drive/T0/vel' 1770200589.1654 100.9100 0.050 0.156 0.4608 0.050 4
1770200589.1661 0 'robobot/drive/T0/mvel' 1770200589.1661 0.050 0.156
1770200589.1677 0 'robobot/drive/T0/livn' 1770200589.1676 36 37 50 75 76 40 38 44 195
1770200589.1688 0 'robobot/drive/T0/pose' 1770200589.1688 100.9130 0.708 0.123 1.1808 -2.7069
1770200589.1710 0 'robobot/drive/T0/mca' 1770200589.1710 0.109 0.147 17
1770200589.1743 0 'robobot/drive/T0/vel' 1770200589.1742 100.9180 0.045 0.158 0.4916 0.045 4
1770200589.1744 0 'robobot/drive/T0/pose' 1770200589.1743 100.9180 0.708 0.123 1.1831 -2.7069
1770200589.1746 0 'robobot/drive/T0/mvel' 1770200589.1746 0.045 0.158
1770200589.1776 0 'robobot/drive/T0/gyro' 1770200589.1775 -1.029358 0.686646 -0.533997 100.921
1770200589.1777 0 'robobot/drive/T0/acc' 1770200589.1776 0.406006 -0.024414 0.895020 100.921
1770200589.1777 0 'robobot/drive/T0/livn' 1770200589.1777 36 37 50 75 76 40 38 44 200
1770200589.1789 0 'robobot/drive/T0/pose' 1770200589.1788 100.9230 0.709 0.124 1.1842 -2.7069
1770200589.1801 0 'robobot/drive/T0/ird' 1770200589.1800 0.989 0.102 3262 18727 1
1770200589.1812 0 'robobot/drive/T0/mot' 1770200589.1812 0.33 1.4 0.1 0.1 0
1770200589.1813 0 'robobot/drive/T0/vel' 1770200589.1812 100.9260 0.051 0.159 0.4731 0.051 4
1770200589.1820 0 'robobot/drive/T0/mvel' 1770200589.1820 0.051 0.159
1770200589.1846 0 'robobot/drive/T0/pose' 1770200589.1845 100.9280 0.709 0.124 1.1877 -2.7069
1770200589.1878 0 'robobot/drive/T0/livn' 1770200589.1878 36 37 50 75 76 40 38 44 205
1770200589.1890 0 'robobot/drive/T0/pose' 1770200589.1889 100.9330 0.709 0.125 1.1900 -2.7070
1770200589.1891 0 'robobot/drive/T0/gyro' 1770200589.1890 -1.426086 0.503540 0.228943 100.933
1770200589.1891 0 'robobot/drive/T0/acc' 1770200589.1891 0.408447 -0.010254 0.886719 100.933
1770200589.1903 0 'robobot/drive/T0/vel' 1770200589.1902 100.9340 0.052 0.161 0.4731 0.052 4
1770200589.1904 0 'robobot/drive/T0/mvel' 1770200589.1904 0.052 0.161
1770200589.1946 0 'robobot/drive/T0/pose' 1770200589.1945 100.9380 0.709 0.125 1.1923 -2.7070
1770200589.1979 0 'robobot/drive/T0/vel' 1770200589.1978 100.9420 0.052 0.154 0.4426 0.052 4
1770200589.1980 0 'robobot/drive/T0/livn' 1770200589.1979 37 37 49 75 76 40 38 44 210
1770200589.1980 0 'robobot/drive/T0/mvel' 1770200589.1980 0.052 0.154
1770200589.1992 0 'robobot/drive/T0/pose' 1770200589.1990 100.9430 0.709 0.126 1.1947 -2.7070
1770200589.2014 0 'robobot/drive/T0/gyro' 1770200589.2013 -0.419006 0.961304 0.228943 100.945
1770200589.2015 0 'robobot/drive/T0/acc' 1770200589.2014 0.406250 -0.044189 0.949951 100.945
1770200589.2038 0 'robobot/drive/T0/pose' 1770200589.2037 100.9480 0.710 0.126 1.1958 -2.7071
1770200589.2039 0 'robobot/drive/T0/mca' 1770200589.2038 0.105 0.130 16
1770200589.2051 0 'robobot/drive/T0/ird' 1770200589.2050 0.985 0.101 3270 18898 1
1770200589.2062 0 'robobot/drive/T0/vel' 1770200589.2062 100.9500 0.048 0.147 0.4322 0.048 4
1770200589.2065 0 'robobot/drive/T0/mvel' 1770200589.2064 0.048 0.147
1770200589.2074 0 'robobot/drive/T0/livn' 1770200589.2073 37 36 49 75 76 40 38 44 215
1770200589.2096 0 'robobot/drive/T0/pose' 1770200589.2095 100.9530 0.710 0.127 1.1993 -2.7069
1770200589.2129 0 'robobot/drive/T0/liv' 1770200589.2127 32 32 44 58 64 38 35 30 25
1770200589.2130 0 'robobot/drive/T0/gyro' 1770200589.2129 -0.052795 0.808716 -1.235901 100.957
1770200589.2131 0 'robobot/drive/T0/acc' 1770200589.2130 0.425537 -0.008301 0.900146 100.957
1770200589.2143 0 'robobot/drive/T0/vel' 1770200589.2142 100.9580 0.050 0.149 0.4293 0.050 4
1770200589.2144 0 'robobot/drive/T0/mot' 1770200589.2143 0.28 1.5 0.1 0.1 0
1770200589.2145 0 'robobot/drive/T0/pose' 1770200589.2144 100.9580 0.710 0.127 1.2004 -2.7067
1770200589.2150 0 'robobot/drive/T0/mvel' 1770200589.2149 0.050 0.149
1770200589.2178 0 'robobot/drive/T0/livn' 1770200589.2177 37 36 49 75 76 40 38 44 220
1770200589.2189 0 'robobot/drive/T0/pose' 1770200589.2189 100.9630 0.710 0.128 1.2027 -2.7067
1770200589.2222 0 'robobot/drive/T0/vel' 1770200589.2221 100.9660 0.055 0.153 0.4272 0.055 4
1770200589.2224 0 'robobot/drive/T0/mvel' 1770200589.2224 0.055 0.153
1770200589.2244 0 'robobot/drive/T0/pose' 1770200589.2243 100.9680 0.710 0.128 1.2051 -2.7067
1770200589.2255 0 'robobot/drive/T0/gyro' 1770200589.2255 -0.510559 0.808716 -2.304016 100.969
1770200589.2256 0 'robobot/drive/T0/acc' 1770200589.2256 0.416260 0.012939 0.919922 100.969
1770200589.2278 0 'robobot/drive/T0/livn' 1770200589.2277 37 37 49 75 76 40 38 44 225
1770200589.2290 0 'robobot/drive/T0/pose' 1770200589.2289 100.9730 0.710 0.129 1.2085 -2.7066
1770200589.2301 0 'robobot/drive/T0/vel' 1770200589.2300 100.9740 0.054 0.158 0.4511 0.054 4
1770200589.2302 0 'robobot/drive/T0/ird' 1770200589.2301 0.998 0.101 3246 18879 1
1770200589.2311 0 'robobot/drive/T0/mvel' 1770200589.2310 0.054 0.158
1770200589.2345 0 'robobot/drive/T0/pose' 1770200589.2344 100.9780 0.711 0.129 1.2108 -2.7065
1770200589.2377 0 'robobot/drive/T0/gyro' 1770200589.2377 -1.304016 0.839233 -3.005920 100.981
1770200589.2378 0 'robobot/drive/T0/mca' 1770200589.2377 0.108 0.152 17
1770200589.2379 0 'robobot/drive/T0/acc' 1770200589.2378 0.419434 0.016113 0.919434 100.981
1770200589.2379 0 'robobot/drive/T0/vel' 1770200589.2379 100.9820 0.047 0.163 0.5044 0.047 4
1770200589.2380 0 'robobot/drive/T0/livn' 1770200589.2379 37 36 49 75 76 40 38 44 230
1770200589.2385 0 'robobot/drive/T0/mvel' 1770200589.2385 0.047 0.163
1770200589.2391 0 'robobot/drive/T0/pose' 1770200589.2391 100.9830 0.711 0.129 1.2143 -2.7065
1770200589.2445 0 'robobot/drive/T0/pose' 1770200589.2444 100.9880 0.711 0.130 1.2166 -2.7064
1770200589.2456 0 'robobot/drive/T0/vel' 1770200589.2456 100.9900 0.040 0.158 0.5142 0.040 4
1770200589.2459 0 'robobot/drive/T0/mvel' 1770200589.2459 0.040 0.158
1770200589.2467 0 'robobot/drive/T0/mot' 1770200589.2467 0.31 1.4 0.1 0.1 0
1770200589.2479 0 'robobot/drive/T0/livn' 1770200589.2478 37 36 49 75 76 40 37 44 235
1770200589.2490 0 'robobot/drive/T0/pose' 1770200589.2489 100.9930 0.711 0.130 1.2189 -2.7063
1770200589.2491 0 'robobot/drive/T0/gyro' 1770200589.2490 -1.761780 1.296997 -3.524719 100.993
1770200589.2491 0 'robobot/drive/T0/acc' 1770200589.2491 0.416748 0.006104 0.922607 100.993
1770200589.2535 0 'robobot/drive/T0/vel' 1770200589.2534 100.9980 0.038 0.156 0.5125 0.038 4
1770200589.2545 0 'robobot/drive/T0/mvel' 1770200589.2544 0.038 0.156
1770200589.2546 0 'robobot/drive/T0/pose' 1770200589.2545 100.9980 0.711 0.131 1.2201 -2.7062
1770200589.2557 0 'robobot/drive/T0/ird' 1770200589.2557 0.986 0.101 3267 18943 1
1770200589.2579 0 'robobot/drive/T0/livn' 1770200589.2578 37 36 49 75 76 40 37 44 240
1770200589.2590 0 'robobot/drive/T0/pose' 1770200589.2590 101.0030 0.712 0.132 1.2224 -2.7061
1770200589.2612 0 'robobot/drive/T0/gyro' 1770200589.2611 -2.280579 1.419067 -3.738342 101.005
1770200589.2613 0 'robobot/drive/T0/acc' 1770200589.2612 0.412109 -0.004883 0.895020 101.005
1770200589.2614 0 'robobot/drive/T0/vel' 1770200589.2613 101.0060 0.049 0.154 0.4590 0.049 4
1770200589.2619 0 'robobot/drive/T0/mvel' 1770200589.2619 0.049 0.154
1770200589.2636 0 'robobot/drive/T0/liv' 1770200589.2635 26 33 48 56 65 41 34 28 25
1770200589.2647 0 'robobot/drive/T0/pose' 1770200589.2646 101.0080 0.712 0.132 1.2247 -2.7060
1770200589.2648 0 'robobot/drive/T0/hbt' 1770200589.2647 101.0090 107 1033 15.63 4 8 9.0 0.46 0
1770200589.2680 0 'robobot/drive/T0/livn' 1770200589.2680 37 36 49 75 75 40 38 44 245
1770200589.2691 0 'robobot/drive/T0/pose' 1770200589.2691 101.0130 0.712 0.132 1.2282 -2.7060
1770200589.2703 0 'robobot/drive/T0/vel' 1770200589.2702 101.0140 0.052 0.148 0.4168 0.052 4
1770200589.2703 0 'robobot/drive/T0/mca' 1770200589.2703 0.152 0.140 16
1770200589.2704 0 'robobot/drive/T0/mvel' 1770200589.2704 0.052 0.148
1770200589.2736 0 'robobot/drive/T0/gyro' 1770200589.2735 -2.372131 0.747681 -3.829895 101.017
1770200589.2737 0 'robobot/drive/T0/acc' 1770200589.2736 0.391357 -0.019287 0.904053 101.017
1770200589.2738 0 'robobot/drive/T0/pose' 1770200589.2737 101.0180 0.712 0.133 1.2294 -2.7060
1770200589.2781 0 'robobot/drive/T0/vel' 1770200589.2780 101.0220 0.054 0.151 0.4230 0.054 4
1770200589.2781 0 'robobot/drive/T0/livn' 1770200589.2781 37 37 49 75 75 40 38 44 250
1770200589.2790 0 'robobot/drive/T0/mvel' 1770200589.2790 0.054 0.151
1770200589.2793 0 'robobot/drive/T0/pose' 1770200589.2792 101.0230 0.712 0.134 1.2317 -2.7060
1770200589.2804 0 'robobot/drive/T0/mot' 1770200589.2803 0.21 1.4 0.1 0.1 0
1770200589.2804 0 'robobot/drive/T0/ird' 1770200589.2804 0.956 0.102 3323 18728 1
1770200589.2847 0 'robobot/drive/T0/pose' 1770200589.2847 101.0280 0.712 0.134 1.2328 -2.7061
1770200589.2859 0 'robobot/drive/T0/gyro' 1770200589.2858 -1.456604 0.595093 -3.280579 101.029
1770200589.2859 0 'robobot/drive/T0/acc' 1770200589.2859 0.392090 -0.033203 0.900391 101.029
1770200589.2860 0 'robobot/drive/T0/vel' 1770200589.2859 101.0300 0.055 0.161 0.4635 0.055 4
1770200589.2864 0 'robobot/drive/T0/mvel' 1770200589.2864 0.055 0.161
1770200589.2882 0 'robobot/drive/T0/livn' 1770200589.2881 37 37 49 75 75 40 38 44 255
1770200589.2893 0 'robobot/drive/T0/pose' 1770200589.2892 101.0330 0.713 0.135 1.2363 -2.7062
1770200589.2936 0 'robobot/drive/T0/vel' 1770200589.2935 101.0380 0.061 0.161 0.4321 0.061 4
1770200589.2938 0 'robobot/drive/T0/mvel' 1770200589.2938 0.061 0.161
1770200589.2947 0 'robobot/drive/T0/pose' 1770200589.2947 101.0380 0.713 0.135 1.2374 -2.7064
1770200589.2969 0 'robobot/drive/T0/gyro' 1770200589.2969 -0.602112 -0.717163 -2.883850 101.041
1770200589.2970 0 'robobot/drive/T0/acc' 1770200589.2969 0.385498 -0.027344 0.893555 101.041
1770200589.2981 0 'robobot/drive/T0/livn' 1770200589.2981 37 37 49 75 75 40 38 44 260
1770200589.2993 0 'robobot/drive/T0/pose' 1770200589.2992 101.0430 0.713 0.135 1.2398 -2.7066
1770200589.3014 0 'robobot/drive/T0/vel' 1770200589.3014 101.0460 0.059 0.158 0.4305 0.059 4
1770200589.3023 0 'robobot/drive/T0/mvel' 1770200589.3023 0.059 0.158
1770200589.3036 0 'robobot/drive/T0/mca' 1770200589.3036 0.162 0.138 17
1770200589.3047 0 'robobot/drive/T0/pose' 1770200589.3047 101.0480 0.713 0.136 1.2432 -2.7068
1770200589.3059 0 'robobot/drive/T0/ird' 1770200589.3058 0.926 0.103 3382 18580 1
1770200589.3080 0 'robobot/drive/T0/livn' 1770200589.3080 37 37 49 75 75 40 38 44 265
1770200589.3092 0 'robobot/drive/T0/pose' 1770200589.3091 101.0530 0.713 0.136 1.2455 -2.7070
1770200589.3093 0 'robobot/drive/T0/gyro' 1770200589.3092 -0.174866 -0.076294 -2.792297 101.053
1770200589.3094 0 'robobot/drive/T0/acc' 1770200589.3093 0.394043 -0.019043 0.926025 101.053
1770200589.3094 0 'robobot/drive/T0/vel' 1770200589.3094 101.0540 0.054 0.159 0.4547 0.054 4
1770200589.3097 0 'robobot/drive/T0/mvel' 1770200589.3097 0.054 0.159
1770200589.3137 0 'robobot/drive/T0/liv' 1770200589.3137 30 34 48 57 67 41 35 30 25
1770200589.3138 0 'robobot/drive/T0/mot' 1770200589.3137 0.15 1.4 0.1 0.1 0
1770200589.3138 0 'robobot/drive/T0/pose' 1770200589.3138 101.0580 0.713 0.137 1.2479 -2.7071
1770200589.3182 0 'robobot/drive/T0/vel' 1770200589.3181 101.0620 0.047 0.151 0.4529 0.047 4
1770200589.3182 0 'robobot/drive/T0/livn' 1770200589.3182 37 37 49 75 75 40 38 44 270
1770200589.3182 0 'robobot/drive/T0/mvel' 1770200589.3182 0.047 0.151
1770200589.3194 0 'robobot/drive/T0/pose' 1770200589.3193 101.0630 0.714 0.137 1.2490 -2.7073
1770200589.3215 0 'robobot/drive/T0/gyro' 1770200589.3215 0.710144 -0.503540 -3.189026 101.065
1770200589.3216 0 'robobot/drive/T0/acc' 1770200589.3215 0.421143 -0.008301 0.897705 101.065
1770200589.3238 0 'robobot/drive/T0/pose' 1770200589.3237 101.0680 0.714 0.138 1.2513 -2.7073
1770200589.3260 0 'robobot/drive/T0/vel' 1770200589.3259 101.0700 0.050 0.144 0.4071 0.050 4
1770200589.3267 0 'robobot/drive/T0/mvel' 1770200589.3267 0.050 0.144
1770200589.3282 0 'robobot/drive/T0/livn' 1770200589.3281 37 37 49 74 75 40 38 44 275
1770200589.3294 0 'robobot/drive/T0/pose' 1770200589.3293 101.0730 0.714 0.138 1.2536 -2.7074
1770200589.3305 0 'robobot/drive/T0/ird' 1770200589.3304 0.923 0.104 3390 18326 1
1770200589.3338 0 'robobot/drive/T0/gyro' 1770200589.3337 0.191345 0.656128 -2.029358 101.077
1770200589.3339 0 'robobot/drive/T0/acc' 1770200589.3338 0.405029 -0.000977 0.901611 101.077
1770200589.3339 0 'robobot/drive/T0/vel' 1770200589.3339 101.0780 0.049 0.151 0.4427 0.049 4
1770200589.3340 0 'robobot/drive/T0/pose' 1770200589.3339 101.0780 0.714 0.139 1.2560 -2.7074
1770200589.3343 0 'robobot/drive/T0/mvel' 1770200589.3343 0.049 0.151
1770200589.3362 0 'robobot/drive/T0/mca' 1770200589.3361 0.147 0.150 16
1770200589.3374 0 'robobot/drive/T0/livn' 1770200589.3373 37 37 50 75 75 40 38 44 280
1770200589.3397 0 'robobot/drive/T0/pose' 1770200589.3396 101.0830 0.714 0.139 1.2594 -2.7074
1770200589.3418 0 'robobot/drive/T0/vel' 1770200589.3418 101.0860 0.048 0.155 0.4652 0.048 4
1770200589.3428 0 'robobot/drive/T0/mvel' 1770200589.3427 0.048 0.155
1770200589.3440 0 'robobot/drive/T0/pose' 1770200589.3440 101.0880 0.714 0.140 1.2617 -2.7074
1770200589.3452 0 'robobot/drive/T0/gyro' 1770200589.3451 -0.846252 1.266479 -1.327454 101.089
1770200589.3452 0 'robobot/drive/T0/acc' 1770200589.3452 0.396729 0.015625 0.896484 101.089
1770200589.3463 0 'robobot/drive/T0/mot' 1770200589.3463 0.18 1.4 0.1 0.1 0
1770200589.3473 0 'robobot/drive/master' 1770200589.3472 2026-02-04 11:23:03.813786
1770200589.3475 0 'robobot/drive/T0/livn' 1770200589.3474 37 37 50 75 75 40 38 44 285
1770200589.3497 0 'robobot/drive/T0/pose' 1770200589.3496 101.0930 0.714 0.140 1.2652 -2.7073
1770200589.3497 0 'robobot/drive/T0/vel' 1770200589.3497 101.0940 0.045 0.157 0.4887 0.045 4
1770200589.3502 0 'robobot/drive/T0/mvel' 1770200589.3501 0.045 0.157
1770200589.3540 0 'robobot/drive/T0/pose' 1770200589.3540 101.0980 0.715 0.140 1.2675 -2.7072
1770200589.3552 0 'robobot/drive/T0/ird' 1770200589.3551 0.923 0.106 3389 18023 1
1770200589.3574 0 'robobot/drive/T0/gyro' 1770200589.3573 -1.761780 1.266479 -1.937805 101.101
1770200589.3575 0 'robobot/drive/T0/acc' 1770200589.3574 0.405518 0.040283 0.876221 101.101
1770200589.3575 0 'robobot/drive/T0/vel' 1770200589.3575 101.1020 0.038 0.160 0.5291 0.038 4
1770200589.3576 0 'robobot/drive/T0/livn' 1770200589.3575 37 37 49 75 75 40 38 44 290
1770200589.3576 0 'robobot/drive/T0/mvel' 1770200589.3576 0.038 0.160
1770200589.3598 0 'robobot/drive/T0/pose' 1770200589.3597 101.1030 0.715 0.141 1.2698 -2.7071
1770200589.3630 0 'robobot/drive/T0/liv' 1770200589.3630 33 36 51 59 65 41 37 30 25
1770200589.3642 0 'robobot/drive/T0/pose' 1770200589.3641 101.1080 0.715 0.141 1.2721 -2.7070
1770200589.3653 0 'robobot/drive/T0/vel' 1770200589.3652 101.1100 0.034 0.159 0.5446 0.034 4
1770200589.3661 0 'robobot/drive/T0/mvel' 1770200589.3660 0.034 0.159
1770200589.3675 0 'robobot/drive/T0/livn' 1770200589.3674 37 37 50 75 75 40 38 44 295
1770200589.3697 0 'robobot/drive/T0/pose' 1770200589.3696 101.1130 0.715 0.142 1.2745 -2.7069
1770200589.3697 0 'robobot/drive/T0/mca' 1770200589.3697 0.107 0.134 17
1770200589.3698 0 'robobot/drive/T0/gyro' 1770200589.3697 -2.921448 1.449585 -3.372131 101.113
1770200589.3699 0 'robobot/drive/T0/acc' 1770200589.3698 0.417480 0.056641 0.884766 101.113
1770200589.3742 0 'robobot/drive/T0/vel' 1770200589.3741 101.1180 0.036 0.155 0.5189 0.036 4
1770200589.3742 0 'robobot/drive/T0/pose' 1770200589.3742 101.1180 0.715 0.142 1.2768 -2.7068
1770200589.3745 0 'robobot/drive/T0/mvel' 1770200589.3745 0.036 0.155
1770200589.3775 0 'robobot/drive/T0/livn' 1770200589.3774 37 37 50 75 75 40 38 44 300
1770200589.3797 0 'robobot/drive/T0/mot' 1770200589.3796 0.28 1.4 0.1 0.1 0
1770200589.3797 0 'robobot/drive/T0/pose' 1770200589.3797 101.1230 0.715 0.143 1.2802 -2.7066
1770200589.3809 0 'robobot/drive/T0/ird' 1770200589.3808 0.909 0.108 3418 17826 1
1770200589.3810 0 'robobot/drive/T0/gyro' 1770200589.3809 -3.318176 0.961304 -5.172668 101.125
1770200589.3810 0 'robobot/drive/T0/acc' 1770200589.3810 0.408936 0.037109 0.883057 101.125
1770200589.3822 0 'robobot/drive/T0/vel' 1770200589.3821 101.1260 0.038 0.149 0.4807 0.038 4
1770200589.3830 0 'robobot/drive/T0/mvel' 1770200589.3830 0.038 0.149
1770200589.3843 0 'robobot/drive/T0/pose' 1770200589.3843 101.1280 0.715 0.143 1.2826 -2.7065
1770200589.3876 0 'robobot/drive/T0/livn' 1770200589.3875 30 33 46 63 78 43 39 46 4
1770200589.3898 0 'robobot/drive/T0/pose' 1770200589.3897 101.1330 0.716 0.143 1.2860 -2.7063
1770200589.3898 0 'robobot/drive/T0/vel' 1770200589.3898 101.1340 0.038 0.151 0.4910 0.038 4
1770200589.3904 0 'robobot/drive/T0/mvel' 1770200589.3904 0.038 0.151
1770200589.3931 0 'robobot/drive/T0/gyro' 1770200589.3930 -3.348694 0.411987 -6.851135 101.137
1770200589.3932 0 'robobot/drive/T0/acc' 1770200589.3931 0.415039 -0.000732 0.904785 101.137
1770200589.3943 0 'robobot/drive/T0/pose' 1770200589.3942 101.1380 0.716 0.144 1.2895 -2.7063
1770200589.3975 0 'robobot/drive/T0/vel' 1770200589.3975 101.1420 0.037 0.155 0.5159 0.037 4
1770200589.3976 0 'robobot/drive/T0/livn' 1770200589.3975 33 37 47 69 77 42 37 43 9
1770200589.3978 0 'robobot/drive/T0/mvel' 1770200589.3978 0.037 0.155
1770200589.3998 0 'robobot/drive/T0/pose' 1770200589.3997 101.1430 0.716 0.144 1.2930 -2.7063
1770200589.4019 0 'robobot/drive/T0/mca' 1770200589.4019 0.110 0.149 16
1770200589.4041 0 'robobot/drive/T0/pose' 1770200589.4041 101.1480 0.716 0.145 1.2964 -2.7064
1770200589.4053 0 'robobot/drive/T0/ird' 1770200589.4052 0.923 0.109 3390 17554 1
1770200589.4053 0 'robobot/drive/T0/gyro' 1770200589.4053 -3.196106 -0.473022 -7.858215 101.149
1770200589.4054 0 'robobot/drive/T0/acc' 1770200589.4053 0.389404 -0.016846 0.863770 101.149
1770200589.4055 0 'robobot/drive/T0/vel' 1770200589.4054 101.1500 0.031 0.158 0.5522 0.031 4
1770200589.4064 0 'robobot/drive/T0/mvel' 1770200589.4064 0.031 0.158
1770200589.4077 0 'robobot/drive/T0/livn' 1770200589.4076 33 37 49 76 77 40 36 46 14
1770200589.4088 0 'robobot/drive/T0/pose' 1770200589.4087 101.1530 0.716 0.145 1.2999 -2.7065
1770200589.4120 0 'robobot/drive/T0/mot' 1770200589.4120 0.36 1.4 0.1 0.1 0
1770200589.4131 0 'robobot/drive/T0/liv' 1770200589.4131 22 35 52 62 67 39 36 34 25
1770200589.4143 0 'robobot/drive/T0/vel' 1770200589.4142 101.1580 0.028 0.160 0.5736 0.028 4
1770200589.4143 0 'robobot/drive/T0/pose' 1770200589.4143 101.1580 0.716 0.145 1.3034 -2.7066
1770200589.4149 0 'robobot/drive/T0/mvel' 1770200589.4149 0.028 0.160
1770200589.4176 0 'robobot/drive/T0/gyro' 1770200589.4175 -1.700745 -0.442505 -7.919250 101.161
1770200589.4177 0 'robobot/drive/T0/acc' 1770200589.4176 0.403564 -0.033203 0.940186 101.161
1770200589.4178 0 'robobot/drive/T0/livn' 1770200589.4177 30 37 53 80 77 40 37 49 19
1770200589.4189 0 'robobot/drive/T0/pose' 1770200589.4188 101.1630 0.716 0.146 1.3068 -2.7068
1770200589.4221 0 'robobot/drive/T0/vel' 1770200589.4221 101.1660 0.021 0.158 0.5967 0.021 4
1770200589.4224 0 'robobot/drive/T0/mvel' 1770200589.4224 0.021 0.158
1770200589.4243 0 'robobot/drive/T0/pose' 1770200589.4242 101.1680 0.716 0.146 1.3103 -2.7069
1770200589.4276 0 'robobot/drive/T0/livn' 1770200589.4275 29 37 53 81 76 39 37 49 24
1770200589.4298 0 'robobot/drive/T0/pose' 1770200589.4297 101.1730 0.716 0.147 1.3138 -2.7071
1770200589.4299 0 'robobot/drive/T0/gyro' 1770200589.4298 -1.395569 -0.106812 -6.484924 101.173
1770200589.4299 0 'robobot/drive/T0/acc' 1770200589.4299 0.386719 -0.031494 0.899170 101.173
1770200589.4300 0 'robobot/drive/T0/vel' 1770200589.4299 101.1740 0.019 0.153 0.5813 0.019 4
1770200589.4301 0 'robobot/drive/T0/ird' 1770200589.4300 0.894 0.110 3451 17492 1
1770200589.4310 0 'robobot/drive/T0/mvel' 1770200589.4310 0.019 0.153
1770200589.4344 0 'robobot/drive/T0/pose' 1770200589.4343 101.1780 0.716 0.147 1.3161 -2.7072
1770200589.4355 0 'robobot/drive/T0/mca' 1770200589.4354 0.118 0.133 17
1770200589.4376 0 'robobot/drive/T0/vel' 1770200589.4376 101.1820 0.017 0.151 0.5824 0.017 4
1770200589.4377 0 'robobot/drive/T0/livn' 1770200589.4376 30 37 52 80 76 38 37 48 29
1770200589.4385 0 'robobot/drive/T0/mvel' 1770200589.4384 0.017 0.151
1770200589.4388 0 'robobot/drive/T0/pose' 1770200589.4388 101.1830 0.717 0.147 1.3207 -2.7073
1770200589.4410 0 'robobot/drive/T0/gyro' 1770200589.4410 -0.510559 -0.656128 -4.135071 101.185
1770200589.4411 0 'robobot/drive/T0/acc' 1770200589.4410 0.384766 -0.036865 0.891602 101.185
1770200589.4444 0 'robobot/drive/T0/pose' 1770200589.4443 101.1880 0.717 0.148 1.3230 -2.7075
1770200589.4455 0 'robobot/drive/T0/mot' 1770200589.4454 0.55 1.4 0.1 0.1 0
1770200589.4456 0 'robobot/drive/T0/vel' 1770200589.4455 101.1900 0.014 0.149 0.5869 0.014 4
1770200589.4459 0 'robobot/drive/T0/mvel' 1770200589.4459 0.014 0.149
1770200589.4477 0 'robobot/drive/T0/livn' 1770200589.4477 30 37 51 80 76 38 36 48 34
1770200589.4489 0 'robobot/drive/T0/pose' 1770200589.4488 101.1930 0.717 0.148 1.3265 -2.7077
1770200589.4532 0 'robobot/drive/T0/gyro' 1770200589.4531 0.130310 -0.411987 -1.724182 101.197
1770200589.4533 0 'robobot/drive/T0/acc' 1770200589.4532 0.381836 -0.029053 0.892822 101.197
1770200589.4533 0 'robobot/drive/T0/vel' 1770200589.4533 101.1980 0.014 0.153 0.6066 0.014 4
1770200589.4544 0 'robobot/drive/T0/mvel' 1770200589.4544 0.014 0.153
1770200589.4545 0 'robobot/drive/T0/pose' 1770200589.4544 101.1980 0.717 0.148 1.3300 -2.7079
1770200589.4556 0 'robobot/drive/T0/ird' 1770200589.4555 0.860 0.113 3528 17038 1
1770200589.4578 0 'robobot/drive/T0/livn' 1770200589.4577 29 35 50 80 77 37 35 48 39
1770200589.4589 0 'robobot/drive/T0/pose' 1770200589.4588 101.2030 0.717 0.149 1.3334 -2.7081
1770200589.4622 0 'robobot/drive/T0/vel' 1770200589.4621 101.2060 0.012 0.157 0.6326 0.012 4
1770200589.4629 0 'robobot/drive/T0/mvel' 1770200589.4628 0.012 0.157
1770200589.4633 0 'robobot/drive/T0/liv' 1770200589.4632 24 30 46 60 69 35 30 32 25
1770200589.4644 0 'robobot/drive/T0/pose' 1770200589.4643 101.2080 0.717 0.149 1.3369 -2.7083
1770200589.4655 0 'robobot/drive/T0/gyro' 1770200589.4655 0.588074 -0.961304 0.564636 101.209
1770200589.4656 0 'robobot/drive/T0/acc' 1770200589.4655 0.375977 0.000732 0.884766 101.209
1770200589.4678 0 'robobot/drive/T0/livn' 1770200589.4677 30 34 50 79 77 37 34 47 44
1770200589.4689 0 'robobot/drive/T0/mca' 1770200589.4688 0.164 0.153 16
1770200589.4690 0 'robobot/drive/T0/pose' 1770200589.4689 101.2130 0.717 0.150 1.3404 -2.7086
1770200589.4701 0 'robobot/drive/T0/vel' 1770200589.4700 101.2140 0.011 0.161 0.6545 0.011 4
1770200589.4702 0 'robobot/drive/T0/mvel' 1770200589.4702 0.011 0.161
1770200589.4744 0 'robobot/drive/T0/pose' 1770200589.4743 101.2180 0.717 0.150 1.3438 -2.7087
1770200589.4776 0 'robobot/drive/T0/gyro' 1770200589.4776 0.038757 -1.632690 0.289978 101.221
1770200589.4777 0 'robobot/drive/T0/acc' 1770200589.4776 0.400879 0.026367 0.867188 101.221
1770200589.4778 0 'robobot/drive/T0/vel' 1770200589.4777 101.2220 0.010 0.159 0.6452 0.010 4
1770200589.4778 0 'robobot/drive/T0/livn' 1770200589.4778 31 35 49 79 76 38 34 47 49
1770200589.4779 0 'robobot/drive/T0/mot' 1770200589.4779 0.74 1.4 0.1 0.1 0
1770200589.4787 0 'robobot/drive/T0/mvel' 1770200589.4787 0.010 0.159
1770200589.4790 0 'robobot/drive/T0/pose' 1770200589.4790 101.2230 0.717 0.150 1.3473 -2.7089
1770200589.4802 0 'robobot/drive/T0/ird' 1770200589.4801 0.894 0.115 3452 16771 1
1770200589.4845 0 'robobot/drive/T0/pose' 1770200589.4844 101.2280 0.717 0.151 1.3496 -2.7090
1770200589.4856 0 'robobot/drive/T0/vel' 1770200589.4855 101.2300 0.009 0.158 0.6462 0.009 4
1770200589.4861 0 'robobot/drive/T0/mvel' 1770200589.4861 0.009 0.158
1770200589.4878 0 'robobot/drive/T0/livn' 1770200589.4877 32 35 49 78 76 38 35 48 54
1770200589.4889 0 'robobot/drive/T0/pose' 1770200589.4888 101.2330 0.717 0.151 1.3531 -2.7091
1770200589.4890 0 'robobot/drive/T0/gyro' 1770200589.4889 -0.357971 -1.235962 -0.503479 101.233
1770200589.4891 0 'robobot/drive/T0/acc' 1770200589.4890 0.417969 0.029053 0.883545 101.234
1770200589.4933 0 'robobot/drive/T0/vel' 1770200589.4933 101.2380 0.009 0.157 0.6428 0.009 4
1770200589.4935 0 'robobot/drive/T0/mvel' 1770200589.4935 0.009 0.157
1770200589.4945 0 'robobot/drive/T0/pose' 1770200589.4944 101.2380 0.718 0.152 1.3543 -2.7092
1770200589.4977 0 'robobot/drive/T0/livn' 1770200589.4977 32 35 49 78 77 38 35 48 59
1770200589.4999 0 'robobot/drive/T0/pose' 1770200589.4998 101.2430 0.718 0.152 1.3577 -2.7093
1770200589.5010 0 'robobot/drive/T0/mca' 1770200589.5010 0.194 0.135 17
1770200589.5011 0 'robobot/drive/T0/gyro' 1770200589.5010 -1.212463 -2.365112 -0.595032 101.245
1770200589.5012 0 'robobot/drive/T0/acc' 1770200589.5011 0.379395 0.016113 0.764648 101.246
1770200589.5023 0 'robobot/drive/T0/vel' 1770200589.5023 101.2460 0.008 0.149 0.6115 0.008 4
1770200589.5030 0 'robobot/drive/T0/mvel' 1770200589.5030 0.008 0.149
1770200589.5045 0 'robobot/drive/T0/pose' 1770200589.5044 101.2480 0.718 0.153 1.3589 -2.7094
1770200589.5056 0 'robobot/drive/T0/ird' 1770200589.5056 0.910 0.118 3416 16426 1
1770200589.5078 0 'robobot/drive/T0/livn' 1770200589.5077 33 35 48 78 77 38 35 47 64
1770200589.5089 0 'robobot/drive/T0/pose' 1770200589.5089 101.2530 0.718 0.153 1.3600 -2.7097
1770200589.5101 0 'robobot/drive/T0/vel' 1770200589.5100 101.2540 0.036 0.150 0.4961 0.036 4
1770200589.5104 0 'robobot/drive/T0/mvel' 1770200589.5103 0.036 0.150
1770200589.5112 0 'robobot/drive/T0/mot' 1770200589.5111 0.75 1.5 0.1 0.1 0
1770200589.5133 0 'robobot/drive/T0/liv' 1770200589.5132 27 31 44 57 69 38 30 31 25
1770200589.5134 0 'robobot/drive/T0/gyro' 1770200589.5133 -0.113831 -0.045776 -0.350891 101.257
1770200589.5135 0 'robobot/drive/T0/acc' 1770200589.5134 0.447754 0.007812 0.922607 101.258
1770200589.5146 0 'robobot/drive/T0/pose' 1770200589.5145 101.2580 0.718 0.154 1.3624 -2.7098
1770200589.5179 0 'robobot/drive/T0/vel' 1770200589.5178 101.2620 0.062 0.157 0.4146 0.062 4
1770200589.5179 0 'robobot/drive/T0/livn' 1770200589.5179 32 35 48 77 77 38 35 46 69
1770200589.5188 0 'robobot/drive/T0/mvel' 1770200589.5188 0.062 0.157
1770200589.5191 0 'robobot/drive/T0/pose' 1770200589.5190 101.2630 0.718 0.154 1.3635 -2.7097
1770200589.5244 0 'robobot/drive/T0/pose' 1770200589.5243 101.2680 0.718 0.155 1.3670 -2.7096
1770200589.5256 0 'robobot/drive/T0/gyro' 1770200589.5255 -0.663147 -1.022339 0.289978 101.269
1770200589.5256 0 'robobot/drive/T0/acc' 1770200589.5256 0.402100 0.005127 0.857422 101.270
1770200589.5257 0 'robobot/drive/T0/vel' 1770200589.5256 101.2700 0.071 0.157 0.3762 0.071 4
1770200589.5264 0 'robobot/drive/T0/mvel' 1770200589.5264 0.071 0.157
1770200589.5279 0 'robobot/drive/T0/livn' 1770200589.5278 32 35 48 77 77 38 35 47 74
1770200589.5291 0 'robobot/drive/T0/pose' 1770200589.5290 101.2730 0.718 0.156 1.3681 -2.7097
1770200589.5303 0 'robobot/drive/T0/ird' 1770200589.5302 0.920 0.119 3395 16306 1
1770200589.5335 0 'robobot/drive/T0/vel' 1770200589.5334 101.2780 0.072 0.158 0.3726 0.072 4
1770200589.5338 0 'robobot/drive/T0/mvel' 1770200589.5338 0.072 0.158
1770200589.5347 0 'robobot/drive/T0/pose' 1770200589.5346 101.2780 0.719 0.156 1.3693 -2.7098
1770200589.5347 0 'robobot/drive/T0/mca' 1770200589.5347 0.144 0.141 16
1770200589.5382 0 'robobot/drive/T0/gyro' 1770200589.5379 -0.144348 -0.564575 -0.289856 101.281
1770200589.5383 0 'robobot/drive/T0/acc' 1770200589.5382 0.416748 0.019043 0.847412 101.282
1770200589.5384 0 'robobot/drive/T0/livn' 1770200589.5383 33 34 48 76 76 38 35 47 79
1770200589.5395 0 'robobot/drive/T0/pose' 1770200589.5394 101.2830 0.719 0.157 1.3716 -2.7098
1770200589.5417 0 'robobot/drive/T0/vel' 1770200589.5416 101.2860 0.075 0.162 0.3798 0.075 4
1770200589.5426 0 'robobot/drive/T0/mvel' 1770200589.5426 0.075 0.162
1770200589.5439 0 'robobot/drive/T0/mot' 1770200589.5438 0.38 1.4 0.1 0.1 0
1770200589.5440 0 'robobot/drive/T0/pose' 1770200589.5439 101.2880 0.719 0.157 1.3739 -2.7098
1770200589.5482 0 'robobot/drive/T0/livn' 1770200589.5482 33 35 48 76 76 38 35 46 84
1770200589.5494 0 'robobot/drive/T0/pose' 1770200589.5493 101.2930 0.719 0.158 1.3762 -2.7098
1770200589.5495 0 'robobot/drive/T0/gyro' 1770200589.5494 -0.541077 -0.259399 -0.320374 101.293
1770200589.5495 0 'robobot/drive/T0/acc' 1770200589.5495 0.438232 -0.001709 0.923340 101.294
1770200589.5496 0 'robobot/drive/T0/vel' 1770200589.5495 101.2940 0.072 0.154 0.3576 0.072 4
1770200589.5500 0 'robobot/drive/T0/mvel' 1770200589.5500 0.072 0.154
1770200589.5539 0 'robobot/drive/T0/pose' 1770200589.5538 101.2980 0.719 0.158 1.3762 -2.7098
1770200589.5550 0 'robobot/drive/T0/ird' 1770200589.5550 0.922 0.119 3392 16289 1
1770200589.5583 0 'robobot/drive/T0/vel' 1770200589.5582 101.3020 0.067 0.145 0.3398 0.067 4
1770200589.5583 0 'robobot/drive/T0/livn' 1770200589.5583 33 35 48 76 76 38 35 46 89
1770200589.5585 0 'robobot/drive/T0/mvel' 1770200589.5585 0.067 0.145
1770200589.5595 0 'robobot/drive/T0/pose' 1770200589.5594 101.3030 0.719 0.159 1.3774 -2.7097
1770200589.5616 0 'robobot/drive/T0/gyro' 1770200589.5616 -0.419006 0.228882 -0.198303 101.305
1770200589.5617 0 'robobot/drive/T0/acc' 1770200589.5616 0.410156 -0.003906 0.902100 101.306
1770200589.5628 0 'robobot/drive/T0/liv' 1770200589.5628 30 35 44 56 67 38 35 31 25
1770200589.5640 0 'robobot/drive/T0/pose' 1770200589.5639 101.3080 0.719 0.159 1.3797 -2.7098
1770200589.5661 0 'robobot/drive/T0/vel' 1770200589.5661 101.3100 0.078 0.150 0.3119 0.078 4
1770200589.5671 0 'robobot/drive/T0/mvel' 1770200589.5670 0.078 0.150
1770200589.5673 0 'robobot/drive/T0/mca' 1770200589.5672 0.169 0.144 17
1770200589.5684 0 'robobot/drive/T0/livn' 1770200589.5683 34 36 48 76 76 38 36 46 94
1770200589.5695 0 'robobot/drive/T0/pose' 1770200589.5694 101.3130 0.719 0.160 1.3809 -2.7098
1770200589.5738 0 'robobot/drive/T0/gyro' 1770200589.5737 -0.480042 0.320435 -0.350891 101.317
1770200589.5739 0 'robobot/drive/T0/acc' 1770200589.5738 0.405029 -0.009033 0.906738 101.318
1770200589.5740 0 'robobot/drive/T0/vel' 1770200589.5739 101.3180 0.082 0.153 0.3066 0.082 4
1770200589.5741 0 'robobot/drive/T0/pose' 1770200589.5740 101.3180 0.719 0.161 1.3832 -2.7098
1770200589.5745 0 'robobot/drive/T0/mvel' 1770200589.5745 0.082 0.153
1770200589.5773 0 'robobot/drive/T0/mot' 1770200589.5772 0.2 1.4 0.1 0.1 0
1770200589.5784 0 'robobot/drive/T0/livn' 1770200589.5783 34 36 47 75 76 38 35 45 99
1770200589.5795 0 'robobot/drive/T0/pose' 1770200589.5795 101.3230 0.720 0.161 1.3843 -2.7098
1770200589.5807 0 'robobot/drive/T0/ird' 1770200589.5806 0.921 0.119 3393 16212 1
1770200589.5818 0 'robobot/drive/T0/vel' 1770200589.5817 101.3260 0.081 0.155 0.3213 0.081 4
1770200589.5820 0 'robobot/drive/T0/mvel' 1770200589.5819 0.081 0.155
1770200589.5840 0 'robobot/drive/T0/pose' 1770200589.5839 101.3280 0.720 0.162 1.3866 -2.7098
1770200589.5851 0 'robobot/drive/T0/gyro' 1770200589.5851 -0.541077 0.442505 -0.106750 101.329
1770200589.5852 0 'robobot/drive/T0/acc' 1770200589.5851 0.413086 -0.020508 0.910645 101.330
1770200589.5874 0 'robobot/drive/T0/livn' 1770200589.5873 34 36 48 75 76 38 35 45 104
1770200589.5896 0 'robobot/drive/T0/pose' 1770200589.5895 101.3330 0.720 0.162 1.3890 -2.7098
1770200589.5897 0 'robobot/drive/T0/vel' 1770200589.5896 101.3340 0.077 0.161 0.3657 0.077 4
1770200589.5905 0 'robobot/drive/T0/mvel' 1770200589.5905 0.077 0.161
1770200589.5940 0 'robobot/drive/T0/pose' 1770200589.5939 101.3380 0.720 0.163 1.3924 -2.7099
1770200589.5972 0 'robobot/drive/T0/gyro' 1770200589.5971 -0.663147 0.167847 0.137390 101.341
1770200589.5973 0 'robobot/drive/T0/acc' 1770200589.5972 0.405762 -0.021240 0.860840 101.342
1770200589.5984 0 'robobot/drive/T0/vel' 1770200589.5983 101.3420 0.067 0.160 0.4054 0.067 4
1770200589.5985 0 'robobot/drive/T0/livn' 1770200589.5984 34 36 48 75 76 38 35 45 109
1770200589.5990 0 'robobot/drive/T0/mvel' 1770200589.5990 0.067 0.160
1770200589.5996 0 'robobot/drive/T0/pose' 1770200589.5995 101.3430 0.720 0.163 1.3947 -2.7099
1770200589.6007 0 'robobot/drive/T0/mca' 1770200589.6007 0.122 0.138 16
1770200589.6040 0 'robobot/drive/T0/pose' 1770200589.6039 101.3480 0.720 0.164 1.3959 -2.7099
1770200589.6051 0 'robobot/drive/T0/ird' 1770200589.6050 0.873 0.119 3498 16237 1
1770200589.6062 0 'robobot/drive/T0/vel' 1770200589.6061 101.3500 0.054 0.157 0.4482 0.054 4
1770200589.6064 0 'robobot/drive/T0/mvel' 1770200589.6064 0.054 0.157
1770200589.6084 0 'robobot/drive/T0/livn' 1770200589.6083 35 37 48 75 76 38 35 45 114
1770200589.6095 0 'robobot/drive/T0/pose' 1770200589.6095 101.3530 0.720 0.164 1.3994 -2.7099
1770200589.6096 0 'robobot/drive/T0/gyro' 1770200589.6095 0.221863 -0.045776 0.015320 101.353
1770200589.6097 0 'robobot/drive/T0/acc' 1770200589.6096 0.389648 -0.023682 0.878662 101.354
1770200589.6098 0 'robobot/drive/T0/mot' 1770200589.6097 0.27 1.4 0.1 0.1 0
1770200589.6130 0 'robobot/drive/T0/liv' 1770200589.6129 29 36 47 59 65 39 32 28 25
1770200589.6141 0 'robobot/drive/T0/vel' 1770200589.6140 101.3580 0.046 0.152 0.4637 0.046 4
1770200589.6142 0 'robobot/drive/T0/pose' 1770200589.6141 101.3580 0.720 0.165 1.4005 -2.7100
1770200589.6150 0 'robobot/drive/T0/mvel' 1770200589.6150 0.046 0.152
1770200589.6174 0 'robobot/drive/T0/livn' 1770200589.6174 35 37 48 76 76 39 35 45 119
1770200589.6196 0 'robobot/drive/T0/pose' 1770200589.6196 101.3630 0.720 0.165 1.4040 -2.7100
1770200589.6218 0 'robobot/drive/T0/gyro' 1770200589.6218 0.008240 0.289917 -0.137268 101.365
1770200589.6219 0 'robobot/drive/T0/acc' 1770200589.6218 0.420898 -0.025635 0.922119 101.366
1770200589.6220 0 'robobot/drive/T0/vel' 1770200589.6219 101.3660 0.050 0.148 0.4255 0.050 4
1770200589.6225 0 'robobot/drive/T0/mvel' 1770200589.6224 0.050 0.148
1770200589.6242 0 'robobot/drive/T0/pose' 1770200589.6241 101.3680 0.720 0.166 1.4051 -2.7100
1770200589.6274 0 'robobot/drive/T0/livn' 1770200589.6273 34 37 48 75 76 39 36 44 124
1770200589.6296 0 'robobot/drive/T0/pose' 1770200589.6295 101.3730 0.720 0.166 1.4075 -2.7100
1770200589.6297 0 'robobot/drive/T0/vel' 1770200589.6296 101.3740 0.052 0.151 0.4308 0.052 4
1770200589.6299 0 'robobot/drive/T0/mvel' 1770200589.6299 0.052 0.151
1770200589.6308 0 'robobot/drive/T0/ird' 1770200589.6307 0.857 0.119 3536 16224 1
1770200589.6340 0 'robobot/drive/T0/mca' 1770200589.6340 0.105 0.148 17
1770200589.6341 0 'robobot/drive/T0/gyro' 1770200589.6340 0.038757 -0.381470 0.106873 101.377
1770200589.6342 0 'robobot/drive/T0/acc' 1770200589.6341 0.394775 -0.019043 0.922852 101.378
1770200589.6342 0 'robobot/drive/T0/pose' 1770200589.6342 101.3780 0.720 0.167 1.4098 -2.7101
1770200589.6375 0 'robobot/drive/T0/vel' 1770200589.6374 101.3820 0.053 0.159 0.4604 0.053 4
1770200589.6375 0 'robobot/drive/T0/livn' 1770200589.6375 34 37 48 75 76 39 36 44 129
1770200589.6384 0 'robobot/drive/T0/mvel' 1770200589.6384 0.053 0.159
1770200589.6397 0 'robobot/drive/T0/pose' 1770200589.6397 101.3830 0.721 0.167 1.4121 -2.7102
1770200589.6430 0 'robobot/drive/T0/mot' 1770200589.6429 0.26 1.4 0.1 0.1 0
1770200589.6441 0 'robobot/drive/T0/pose' 1770200589.6440 101.3880 0.721 0.168 1.4156 -2.7102
1770200589.6452 0 'robobot/drive/T0/gyro' 1770200589.6452 0.435486 0.320435 0.289978 101.389
1770200589.6453 0 'robobot/drive/T0/acc' 1770200589.6453 0.411377 -0.016602 0.894043 101.390
1770200589.6454 0 'robobot/drive/T0/vel' 1770200589.6453 101.3900 0.049 0.161 0.4849 0.049 4
1770200589.6459 0 'robobot/drive/T0/mvel' 1770200589.6458 0.049 0.161
1770200589.6476 0 'robobot/drive/T0/livn' 1770200589.6475 34 37 48 76 76 39 36 44 134
1770200589.6498 0 'robobot/drive/T0/pose' 1770200589.6497 101.3930 0.721 0.168 1.4167 -2.7102
1770200589.6541 0 'robobot/drive/T0/vel' 1770200589.6540 101.3980 0.051 0.159 0.4707 0.051 4
1770200589.6542 0 'robobot/drive/T0/pose' 1770200589.6541 101.3980 0.721 0.169 1.4190 -2.7103
1770200589.6544 0 'robobot/drive/T0/mvel' 1770200589.6543 0.051 0.159
1770200589.6553 0 'robobot/drive/T0/ird' 1770200589.6552 0.856 0.120 3539 16184 1
1770200589.6575 0 'robobot/drive/T0/gyro' 1770200589.6574 0.496521 0.106812 0.045837 101.401
1770200589.6575 0 'robobot/drive/T0/acc' 1770200589.6575 0.404541 -0.003906 0.922363 101.402
1770200589.6576 0 'robobot/drive/T0/livn' 1770200589.6575 35 37 48 76 76 39 36 44 139
1770200589.6598 0 'robobot/drive/T0/pose' 1770200589.6597 101.4030 0.721 0.169 1.4213 -2.7103
1770200589.6620 0 'robobot/drive/T0/vel' 1770200589.6619 101.4060 0.055 0.157 0.4425 0.055 4
1770200589.6629 0 'robobot/drive/T0/mvel' 1770200589.6629 0.055 0.157
1770200589.6631 0 'robobot/drive/T0/liv' 1770200589.6630 27 33 45 59 71 39 33 27 25
1770200589.6642 0 'robobot/drive/T0/pose' 1770200589.6642 101.4080 0.721 0.170 1.4236 -2.7104
1770200589.6664 0 'robobot/drive/T0/mca' 1770200589.6664 0.105 0.133 16
1770200589.6675 0 'robobot/drive/T0/livn' 1770200589.6675 35 37 48 76 76 39 36 44 144
1770200589.6697 0 'robobot/drive/T0/pose' 1770200589.6696 101.4130 0.721 0.170 1.4271 -2.7104
1770200589.6698 0 'robobot/drive/T0/gyro' 1770200589.6697 0.160828 0.076294 -0.198303 101.413
1770200589.6699 0 'robobot/drive/T0/acc' 1770200589.6698 0.399658 0.000244 0.914551 101.414
1770200589.6699 0 'robobot/drive/T0/vel' 1770200589.6699 101.4140 0.057 0.151 0.4088 0.057 4
1770200589.6704 0 'robobot/drive/T0/mvel' 1770200589.6704 0.057 0.151
1770200589.6742 0 'robobot/drive/T0/pose' 1770200589.6741 101.4180 0.721 0.171 1.4283 -2.7105
1770200589.6764 0 'robobot/drive/T0/mot' 1770200589.6763 0.19 1.4 0.1 0.1 0
1770200589.6775 0 'robobot/drive/T0/vel' 1770200589.6774 101.4220 0.049 0.147 0.4267 0.049 4
1770200589.6776 0 'robobot/drive/T0/livn' 1770200589.6775 35 37 47 75 76 39 36 44 149
1770200589.6778 0 'robobot/drive/T0/mvel' 1770200589.6778 0.049 0.147
1770200589.6798 0 'robobot/drive/T0/pose' 1770200589.6797 101.4230 0.721 0.171 1.4306 -2.7106
1770200589.6809 0 'robobot/drive/T0/ird' 1770200589.6808 0.894 0.119 3451 16280 1
1770200589.6820 0 'robobot/drive/T0/gyro' 1770200589.6820 -0.144348 -0.167847 0.106873 101.426
1770200589.6821 0 'robobot/drive/T0/acc' 1770200589.6820 0.407227 0.000000 0.895752 101.426
1770200589.6843 0 'robobot/drive/T0/pose' 1770200589.6842 101.4280 0.721 0.172 1.4329 -2.7106
1770200589.6854 0 'robobot/drive/T0/vel' 1770200589.6854 101.4300 0.046 0.152 0.4630 0.046 4
1770200589.6863 0 'robobot/drive/T0/mvel' 1770200589.6863 0.046 0.152
1770200589.6876 0 'robobot/drive/T0/livn' 1770200589.6875 36 37 47 75 76 39 36 44 154
1770200589.6898 0 'robobot/drive/T0/pose' 1770200589.6897 101.4330 0.721 0.172 1.4352 -2.7106
1770200589.6930 0 'robobot/drive/T0/gyro' 1770200589.6930 0.282898 0.473022 -0.137268 101.438
1770200589.6931 0 'robobot/drive/T0/acc' 1770200589.6930 0.412354 -0.003174 0.888672 101.438
1770200589.6943 0 'robobot/drive/T0/vel' 1770200589.6942 101.4380 0.047 0.156 0.4731 0.047 4
1770200589.6943 0 'robobot/drive/T0/pose' 1770200589.6943 101.4380 0.721 0.173 1.4375 -2.7106
1770200589.6948 0 'robobot/drive/T0/mvel' 1770200589.6948 0.047 0.156
1770200589.6976 0 'robobot/drive/T0/livn' 1770200589.6975 36 37 47 75 76 39 36 44 159
1770200589.6997 0 'robobot/drive/T0/mca' 1770200589.6997 0.135 0.152 17
1770200589.6998 0 'robobot/drive/T0/pose' 1770200589.6997 101.4440 0.721 0.173 1.4398 -2.7106
1770200589.7020 0 'robobot/drive/T0/vel' 1770200589.7019 101.4460 0.054 0.159 0.4547 0.054 4
1770200589.7023 0 'robobot/drive/T0/mvel' 1770200589.7023 0.054 0.159
1770200589.7042 0 'robobot/drive/T0/pose' 1770200589.7041 101.4490 0.722 0.174 1.4433 -2.7106
1770200589.7053 0 'robobot/drive/T0/ird' 1770200589.7052 0.892 0.118 3456 16320 1
1770200589.7054 0 'robobot/drive/T0/gyro' 1770200589.7053 0.404968 0.350952 -0.076233 101.450
1770200589.7055 0 'robobot/drive/T0/acc' 1770200589.7054 0.413086 -0.010010 0.894043 101.450
1770200589.7077 0 'robobot/drive/T0/livn' 1770200589.7076 36 37 48 75 76 39 37 44 164
1770200589.7088 0 'robobot/drive/T0/mot' 1770200589.7087 0.2 1.4 0.1 0.1 0
1770200589.7099 0 'robobot/drive/T0/pose' 1770200589.7098 101.4540 0.722 0.174 1.4445 -2.7106
1770200589.7100 0 'robobot/drive/T0/vel' 1770200589.7099 101.4540 0.053 0.158 0.4558 0.053 4
1770200589.7107 0 'robobot/drive/T0/mvel' 1770200589.7107 0.053 0.158
1770200589.7132 0 'robobot/drive/T0/liv' 1770200589.7131 32 36 44 57 69 43 41 30 25
1770200589.7143 0 'robobot/drive/T0/pose' 1770200589.7143 101.4590 0.722 0.175 1.4479 -2.7106
1770200589.7176 0 'robobot/drive/T0/gyro' 1770200589.7175 0.069275 0.320435 -0.076233 101.462
1770200589.7176 0 'robobot/drive/T0/acc' 1770200589.7176 0.413818 -0.006104 0.898682 101.462
1770200589.7177 0 'robobot/drive/T0/vel' 1770200589.7177 101.4620 0.052 0.158 0.4639 0.052 4
1770200589.7178 0 'robobot/drive/T0/livn' 1770200589.7177 36 37 48 75 76 40 37 44 169
1770200589.7181 0 'robobot/drive/T0/mvel' 1770200589.7181 0.052 0.158
1770200589.7200 0 'robobot/drive/T0/pose' 1770200589.7199 101.4640 0.722 0.175 1.4491 -2.7106
1770200589.7243 0 'robobot/drive/T0/pose' 1770200589.7242 101.4690 0.722 0.176 1.4514 -2.7106
1770200589.7254 0 'robobot/drive/T0/vel' 1770200589.7253 101.4700 0.055 0.157 0.4432 0.055 4
1770200589.7255 0 'robobot/drive/T0/mvel' 1770200589.7255 0.055 0.157
1770200589.7276 0 'robobot/drive/T0/livn' 1770200589.7275 36 37 47 75 76 40 37 44 174
1770200589.7299 0 'robobot/drive/T0/gyro' 1770200589.7298 0.374451 0.350952 -0.167786 101.474
1770200589.7300 0 'robobot/drive/T0/acc' 1770200589.7299 0.401367 0.002686 0.884521 101.474
1770200589.7300 0 'robobot/drive/T0/pose' 1770200589.7300 101.4740 0.722 0.177 1.4526 -2.7106
1770200589.7301 0 'robobot/drive/T0/ird' 1770200589.7300 0.857 0.118 3536 16431 1
1770200589.7323 0 'robobot/drive/T0/mca' 1770200589.7322 0.142 0.134 16
1770200589.7334 0 'robobot/drive/T0/vel' 1770200589.7334 101.4780 0.057 0.148 0.3939 0.057 4
1770200589.7344 0 'robobot/drive/T0/mvel' 1770200589.7343 0.057 0.148
1770200589.7346 0 'robobot/drive/T0/pose' 1770200589.7345 101.4790 0.722 0.177 1.4560 -2.7107
1770200589.7379 0 'robobot/drive/T0/livn' 1770200589.7378 36 37 47 75 76 40 37 44 179
1770200589.7401 0 'robobot/drive/T0/pose' 1770200589.7401 101.4840 0.722 0.178 1.4583 -2.7107
1770200589.7413 0 'robobot/drive/T0/gyro' 1770200589.7412 0.374451 0.106812 -0.289856 101.486
1770200589.7414 0 'robobot/drive/T0/acc' 1770200589.7413 0.402832 0.008545 0.890625 101.486
1770200589.7414 0 'robobot/drive/T0/vel' 1770200589.7414 101.4860 0.055 0.151 0.4152 0.055 4
1770200589.7418 0 'robobot/drive/T0/mvel' 1770200589.7418 0.055 0.151
1770200589.7426 0 'robobot/drive/T0/mot' 1770200589.7425 0.14 1.5 0.1 0.1 0
1770200589.7448 0 'robobot/drive/T0/pose' 1770200589.7447 101.4890 0.722 0.178 1.4618 -2.7108
1770200589.7481 0 'robobot/drive/T0/livn' 1770200589.7480 36 37 47 75 76 40 37 44 184
1770200589.7492 0 'robobot/drive/T0/pose' 1770200589.7491 101.4940 0.722 0.178 1.4641 -2.7108
1770200589.7504 0 'robobot/drive/T0/vel' 1770200589.7503 101.4940 0.048 0.157 0.4776 0.048 4
1770200589.7514 0 'robobot/drive/T0/mvel' 1770200589.7513 0.048 0.157
1770200589.7536 0 'robobot/drive/T0/gyro' 1770200589.7536 0.404968 -0.137329 -0.106750 101.498
1770200589.7537 0 'robobot/drive/T0/acc' 1770200589.7536 0.393555 0.020508 0.884033 101.498
1770200589.7549 0 'robobot/drive/T0/pose' 1770200589.7548 101.4990 0.722 0.179 1.4664 -2.7108
1770200589.7551 0 'robobot/drive/T0/ird' 1770200589.7549 0.850 0.119 3552 16307 1
1770200589.7583 0 'robobot/drive/T0/vel' 1770200589.7582 101.5020 0.041 0.157 0.5056 0.041 4
1770200589.7584 0 'robobot/drive/T0/livn' 1770200589.7583 35 37 48 75 76 40 38 44 189
1770200589.7588 0 'robobot/drive/T0/mvel' 1770200589.7588 0.041 0.157
1770200589.7606 0 'robobot/drive/T0/pose' 1770200589.7605 101.5040 0.722 0.179 1.4699 -2.7109
1770200589.7628 0 'robobot/drive/T0/liv' 1770200589.7627 23 34 45 57 64 40 36 31 25
1770200589.7650 0 'robobot/drive/T0/pose' 1770200589.7649 101.5090 0.722 0.180 1.4711 -2.7109
1770200589.7651 0 'robobot/drive/T0/hbt' 1770200589.7650 101.5090 107 1033 15.64 4 8 9.0 0.43 0
1770200589.7651 0 'robobot/drive/T0/mca' 1770200589.7651 0.106 0.143 17
1770200589.7652 0 'robobot/drive/T0/gyro' 1770200589.7651 0.588074 -0.106812 0.106873 101.510
1770200589.7653 0 'robobot/drive/T0/acc' 1770200589.7652 0.402344 0.020020 0.884033 101.510
1770200589.7664 0 'robobot/drive/T0/vel' 1770200589.7664 101.5100 0.038 0.159 0.5252 0.038 4
1770200589.7675 0 'robobot/drive/T0/mvel' 1770200589.7674 0.038 0.159
1770200589.7676 0 'robobot/drive/T0/livn' 1770200589.7676 35 37 48 75 76 40 37 44 194
1770200589.7698 0 'robobot/drive/T0/pose' 1770200589.7698 101.5140 0.722 0.180 1.4745 -2.7110
1770200589.7742 0 'robobot/drive/T0/vel' 1770200589.7741 101.5180 0.040 0.161 0.5288 0.040 4
1770200589.7749 0 'robobot/drive/T0/mvel' 1770200589.7749 0.040 0.161
1770200589.7753 0 'robobot/drive/T0/pose' 1770200589.7752 101.5190 0.722 0.181 1.4768 -2.7110
1770200589.7754 0 'robobot/drive/T0/mot' 1770200589.7753 0.26 1.4 0.1 0.1 0
1770200589.7776 0 'robobot/drive/T0/gyro' 1770200589.7775 -0.113831 -0.076294 0.076355 101.522
1770200589.7777 0 'robobot/drive/T0/acc' 1770200589.7776 0.404785 0.024658 0.875000 101.522
1770200589.7777 0 'robobot/drive/T0/livn' 1770200589.7777 35 37 48 75 76 40 37 44 199
1770200589.7799 0 'robobot/drive/T0/pose' 1770200589.7798 101.5240 0.722 0.181 1.4792 -2.7110
1770200589.7800 0 'robobot/drive/T0/ird' 1770200589.7799 0.869 0.119 3508 16242 1
1770200589.7822 0 'robobot/drive/T0/vel' 1770200589.7821 101.5260 0.039 0.154 0.5025 0.039 4
1770200589.7823 0 'robobot/drive/T0/mvel' 1770200589.7822 0.039 0.154
1770200589.7855 0 'robobot/drive/T0/pose' 1770200589.7854 101.5290 0.722 0.182 1.4838 -2.7111
1770200589.7877 0 'robobot/drive/T0/livn' 1770200589.7876 35 37 48 75 76 40 37 44 204
1770200589.7899 0 'robobot/drive/T0/gyro' 1770200589.7898 0.069275 0.076294 0.015320 101.534
1770200589.7900 0 'robobot/drive/T0/acc' 1770200589.7899 0.390137 -0.018066 0.904053 101.534
1770200589.7901 0 'robobot/drive/T0/vel' 1770200589.7900 101.5340 0.039 0.146 0.4639 0.039 4
1770200589.7901 0 'robobot/drive/T0/pose' 1770200589.7901 101.5340 0.722 0.182 1.4861 -2.7111
1770200589.7907 0 'robobot/drive/T0/mvel' 1770200589.7907 0.039 0.146
1770200589.7955 0 'robobot/drive/T0/pose' 1770200589.7954 101.5390 0.722 0.182 1.4896 -2.7112
1770200589.7977 0 'robobot/drive/T0/vel' 1770200589.7976 101.5420 0.035 0.150 0.4993 0.035 4
1770200589.7978 0 'robobot/drive/T0/livn' 1770200589.7977 35 37 48 75 75 40 37 44 209
1770200589.7981 0 'robobot/drive/T0/mvel' 1770200589.7981 0.035 0.150
1770200589.7989 0 'robobot/drive/T0/mca' 1770200589.7988 0.111 0.141 16
1770200589.8001 0 'robobot/drive/T0/pose' 1770200589.8000 101.5440 0.722 0.183 1.4919 -2.7112
1770200589.8012 0 'robobot/drive/T0/gyro' 1770200589.8011 -0.296936 -0.198364 -0.228821 101.546
1770200589.8013 0 'robobot/drive/T0/acc' 1770200589.8012 0.423340 -0.017822 0.946533 101.546
1770200589.8056 0 'robobot/drive/T0/pose' 1770200589.8055 101.5490 0.723 0.183 1.4965 -2.7113
1770200589.8057 0 'robobot/drive/T0/ird' 1770200589.8056 0.897 0.118 3444 16338 1
1770200589.8058 0 'robobot/drive/T0/vel' 1770200589.8057 101.5500 0.031 0.152 0.5272 0.031 4
1770200589.8066 0 'robobot/drive/T0/mvel' 1770200589.8066 0.031 0.152
1770200589.8080 0 'robobot/drive/T0/livn' 1770200589.8079 35 37 48 75 75 40 37 44 214
1770200589.8080 0 'robobot/drive/T0/mot' 1770200589.8080 0.35 1.4 0.1 0.1 0
1770200589.8102 0 'robobot/drive/T0/pose' 1770200589.8102 101.5540 0.723 0.184 1.4988 -2.7113
1770200589.8135 0 'robobot/drive/T0/liv' 1770200589.8134 28 35 51 58 64 36 33 30 25
1770200589.8136 0 'robobot/drive/T0/gyro' 1770200589.8135 -0.205383 -0.289917 0.106873 101.558
1770200589.8136 0 'robobot/drive/T0/acc' 1770200589.8136 0.404541 -0.008545 0.885254 101.558
1770200589.8137 0 'robobot/drive/T0/vel' 1770200589.8136 101.5580 0.023 0.155 0.5735 0.023 4
1770200589.8140 0 'robobot/drive/T0/mvel' 1770200589.8140 0.023 0.155
1770200589.8149 0 'robobot/drive/T0/pose' 1770200589.8148 101.5590 0.723 0.184 1.5034 -2.7114
1770200589.8181 0 'robobot/drive/T0/livn' 1770200589.8180 35 37 48 75 75 40 37 44 219
1770200589.8203 0 'robobot/drive/T0/pose' 1770200589.8202 101.5640 0.723 0.184 1.5058 -2.7114
1770200589.8215 0 'robobot/drive/T0/vel' 1770200589.8214 101.5660 0.021 0.163 0.6155 0.021 4
1770200589.8225 0 'robobot/drive/T0/mvel' 1770200589.8225 0.021 0.163
1770200589.8248 0 'robobot/drive/T0/pose' 1770200589.8247 101.5690 0.723 0.185 1.5104 -2.7114
1770200589.8259 0 'robobot/drive/T0/gyro' 1770200589.8259 1.137390 0.381470 -0.259338 101.570
1770200589.8260 0 'robobot/drive/T0/acc' 1770200589.8259 0.391113 0.010498 0.878906 101.570
1770200589.8282 0 'robobot/drive/T0/livn' 1770200589.8281 35 37 48 75 75 40 37 44 224
1770200589.8304 0 'robobot/drive/T0/vel' 1770200589.8303 101.5740 0.017 0.158 0.6137 0.017 4
1770200589.8305 0 'robobot/drive/T0/pose' 1770200589.8304 101.5740 0.723 0.185 1.5127 -2.7115
1770200589.8306 0 'robobot/drive/T0/ird' 1770200589.8305 0.919 0.119 3397 16300 1
1770200589.8310 0 'robobot/drive/T0/mvel' 1770200589.8309 0.017 0.158
1770200589.8317 0 'robobot/drive/T0/mca' 1770200589.8316 0.118 0.142 17
1770200589.8350 0 'robobot/drive/T0/pose' 1770200589.8349 101.5790 0.723 0.186 1.5173 -2.7115
1770200589.8372 0 'robobot/drive/T0/gyro' 1770200589.8371 0.130310 -0.228882 -0.198303 101.582
1770200589.8373 0 'robobot/drive/T0/acc' 1770200589.8372 0.417236 0.013428 0.892090 101.582
1770200589.8385 0 'robobot/drive/T0/vel' 1770200589.8384 101.5820 0.016 0.156 0.6105 0.016 4
1770200589.8385 0 'robobot/drive/T0/livn' 1770200589.8385 35 37 48 75 75 39 37 44 229
1770200589.8386 0 'robobot/drive/T0/mvel' 1770200589.8386 0.016 0.156
1770200589.8397 0 'robobot/drive/T0/pose' 1770200589.8396 101.5840 0.723 0.186 1.5196 -2.7115
1770200589.8408 0 'robobot/drive/T0/mot' 1770200589.8407 0.56 1.4 0.1 0.1 0
1770200589.8451 0 'robobot/drive/T0/pose' 1770200589.8450 101.5890 0.723 0.186 1.5231 -2.7115
1770200589.8463 0 'robobot/drive/T0/vel' 1770200589.8462 101.5900 0.014 0.154 0.6104 0.014 4
1770200589.8471 0 'robobot/drive/T0/mvel' 1770200589.8471 0.014 0.154
1770200589.8474 0 'robobot/drive/T0/livn' 1770200589.8473 35 37 48 75 75 39 37 44 234
1770200589.8484 0 'robobot/drive/master' 1770200589.8483 2026-02-04 11:23:03.813786
1770200589.8496 0 'robobot/drive/T0/gyro' 1770200589.8495 -0.602112 -0.350952 -0.320374 101.594
1770200589.8497 0 'robobot/drive/T0/acc' 1770200589.8496 0.402588 0.016357 0.847656 101.594
1770200589.8498 0 'robobot/drive/T0/pose' 1770200589.8497 101.5940 0.723 0.187 1.5266 -2.7115
1770200589.8541 0 'robobot/drive/T0/vel' 1770200589.8540 101.5980 0.013 0.149 0.5925 0.013 4
1770200589.8547 0 'robobot/drive/T0/mvel' 1770200589.8547 0.013 0.149
1770200589.8552 0 'robobot/drive/T0/pose' 1770200589.8551 101.5990 0.723 0.187 1.5301 -2.7116
1770200589.8553 0 'robobot/drive/T0/ird' 1770200589.8552 0.914 0.118 3407 16393 1
1770200589.8575 0 'robobot/drive/T0/livn' 1770200589.8574 35 38 48 75 75 39 37 44 239
1770200589.8597 0 'robobot/drive/T0/pose' 1770200589.8596 101.6040 0.723 0.187 1.5324 -2.7116
1770200589.8619 0 'robobot/drive/T0/gyro' 1770200589.8618 -0.296936 -0.198364 -0.106750 101.606
1770200589.8620 0 'robobot/drive/T0/acc' 1770200589.8619 0.390137 0.015137 0.864746 101.606
1770200589.8620 0 'robobot/drive/T0/vel' 1770200589.8620 101.6060 0.012 0.152 0.6088 0.012 4
1770200589.8623 0 'robobot/drive/T0/mvel' 1770200589.8623 0.012 0.152
1770200589.8632 0 'robobot/drive/T0/liv' 1770200589.8631 27 35 45 53 67 36 30 26 25
1770200589.8643 0 'robobot/drive/T0/mca' 1770200589.8643 0.160 0.148 16
1770200589.8655 0 'robobot/drive/T0/pose' 1770200589.8654 101.6090 0.723 0.188 1.5370 -2.7117
1770200589.8677 0 'robobot/drive/T0/livn' 1770200589.8676 35 38 48 75 75 39 37 43 244
1770200589.8699 0 'robobot/drive/T0/vel' 1770200589.8698 101.6140 0.011 0.160 0.6486 0.011 4
1770200589.8700 0 'robobot/drive/T0/pose' 1770200589.8699 101.6140 0.723 0.188 1.5393 -2.7117
1770200589.8708 0 'robobot/drive/T0/mvel' 1770200589.8708 0.011 0.160
1770200589.8732 0 'robobot/drive/T0/gyro' 1770200589.8731 -0.541077 -0.473022 0.106873 101.618
1770200589.8733 0 'robobot/drive/T0/acc' 1770200589.8732 0.403076 0.010986 0.883789 101.618
1770200589.8744 0 'robobot/drive/T0/mot' 1770200589.8744 0.74 1.4 0.1 0.1 0
1770200589.8756 0 'robobot/drive/T0/pose' 1770200589.8755 101.6190 0.723 0.189 1.5439 -2.7117
1770200589.8778 0 'robobot/drive/T0/vel' 1770200589.8777 101.6220 0.010 0.158 0.6426 0.010 4
1770200589.8779 0 'robobot/drive/T0/livn' 1770200589.8778 35 38 48 75 75 39 37 43 249
1770200589.8783 0 'robobot/drive/T0/mvel' 1770200589.8782 0.010 0.158
1770200589.8801 0 'robobot/drive/T0/pose' 1770200589.8800 101.6240 0.723 0.189 1.5451 -2.7117
1770200589.8802 0 'robobot/drive/T0/ird' 1770200589.8801 0.917 0.118 3401 16386 1
1770200589.8855 0 'robobot/drive/T0/pose' 1770200589.8854 101.6290 0.723 0.190 1.5497 -2.7117
1770200589.8856 0 'robobot/drive/T0/gyro' 1770200589.8855 -0.785217 -0.320435 -0.289856 101.630
1770200589.8857 0 'robobot/drive/T0/acc' 1770200589.8856 0.401367 0.003418 0.877197 101.630
1770200589.8857 0 'robobot/drive/T0/vel' 1770200589.8857 101.6300 0.009 0.157 0.6426 0.009 4
1770200589.8860 0 'robobot/drive/T0/mvel' 1770200589.8860 0.009 0.157
1770200589.8879 0 'robobot/drive/T0/livn' 1770200589.8879 35 38 48 75 75 39 37 44 254
1770200589.8901 0 'robobot/drive/T0/pose' 1770200589.8901 101.6340 0.723 0.190 1.5520 -2.7117
1770200589.8945 0 'robobot/drive/T0/vel' 1770200589.8944 101.6380 0.009 0.159 0.6522 0.009 4
1770200589.8946 0 'robobot/drive/T0/mvel' 1770200589.8946 0.009 0.159
1770200589.8956 0 'robobot/drive/T0/pose' 1770200589.8955 101.6390 0.723 0.191 1.5555 -2.7117
1770200589.8978 0 'robobot/drive/T0/mca' 1770200589.8977 0.203 0.134 17
1770200589.8979 0 'robobot/drive/T0/gyro' 1770200589.8978 -0.602112 -0.228882 -0.320374 101.642
1770200589.8979 0 'robobot/drive/T0/acc' 1770200589.8979 0.400879 -0.004883 0.887695 101.642
1770200589.8980 0 'robobot/drive/T0/livn' 1770200589.8979 35 38 48 75 76 39 37 44 259
1770200589.9002 0 'robobot/drive/T0/pose' 1770200589.9001 101.6440 0.723 0.191 1.5567 -2.7118
1770200589.9024 0 'robobot/drive/T0/vel' 1770200589.9023 101.6460 0.008 0.152 0.6259 0.008 4
1770200589.9030 0 'robobot/drive/T0/mvel' 1770200589.9030 0.008 0.152
1770200589.9057 0 'robobot/drive/T0/pose' 1770200589.9056 101.6490 0.723 0.192 1.5578 -2.7118
1770200589.9058 0 'robobot/drive/T0/ird' 1770200589.9057 0.917 0.118 3401 16436 1
1770200589.9069 0 'robobot/drive/T0/mot' 1770200589.9068 0.92 1.4 0.1 0.1 0
1770200589.9080 0 'robobot/drive/T0/livn' 1770200589.9079 35 38 48 74 76 40 37 44 264
1770200589.9092 0 'robobot/drive/T0/gyro' 1770200589.9091 0.038757 -1.083374 -0.198303 101.654
1770200589.9092 0 'robobot/drive/T0/acc' 1770200589.9092 0.431885 -0.017822 0.973145 101.654
1770200589.9104 0 'robobot/drive/T0/vel' 1770200589.9103 101.6540 0.031 0.144 0.4916 0.031 4
1770200589.9105 0 'robobot/drive/T0/pose' 1770200589.9104 101.6540 0.723 0.192 1.5590 -2.7119
1770200589.9105 0 'robobot/drive/T0/mvel' 1770200589.9105 0.031 0.144
1770200589.9127 0 'robobot/drive/T0/liv' 1770200589.9126 26 34 46 57 70 43 33 30 25
1770200589.9149 0 'robobot/drive/T0/pose' 1770200589.9148 101.6590 0.723 0.193 1.5624 -2.7120
1770200589.9181 0 'robobot/drive/T0/vel' 1770200589.9181 101.6620 0.041 0.150 0.4738 0.041 4
1770200589.9182 0 'robobot/drive/T0/livn' 1770200589.9181 35 38 48 74 75 40 37 44 269
1770200589.9190 0 'robobot/drive/T0/mvel' 1770200589.9189 0.041 0.150
1770200589.9204 0 'robobot/drive/T0/pose' 1770200589.9204 101.6640 0.723 0.193 1.5636 -2.7119
1770200589.9216 0 'robobot/drive/T0/gyro' 1770200589.9215 -1.120911 -0.381470 -0.320374 101.666
1770200589.9217 0 'robobot/drive/T0/acc' 1770200589.9216 0.397461 -0.020752 0.867188 101.666
1770200589.9249 0 'robobot/drive/T0/pose' 1770200589.9248 101.6690 0.723 0.194 1.5671 -2.7119
1770200589.9261 0 'robobot/drive/T0/vel' 1770200589.9260 101.6700 0.059 0.155 0.4163 0.059 4
1770200589.9264 0 'robobot/drive/T0/mvel' 1770200589.9264 0.059 0.155
1770200589.9287 0 'robobot/drive/T0/livn' 1770200589.9287 35 37 48 75 75 40 37 43 274
1770200589.9309 0 'robobot/drive/T0/pose' 1770200589.9308 101.6740 0.723 0.194 1.5682 -2.7119
1770200589.9310 0 'robobot/drive/T0/mca' 1770200589.9309 0.132 0.156 16
1770200589.9310 0 'robobot/drive/T0/ird' 1770200589.9310 0.913 0.118 3410 16409 1
1770200589.9333 0 'robobot/drive/T0/gyro' 1770200589.9332 0.038757 0.320435 -0.533997 101.678
1770200589.9334 0 'robobot/drive/T0/acc' 1770200589.9333 0.383057 -0.019531 0.932617 101.678
1770200589.9334 0 'robobot/drive/T0/vel' 1770200589.9334 101.6780 0.059 0.158 0.4317 0.059 4
1770200589.9340 0 'robobot/drive/T0/mvel' 1770200589.9340 0.059 0.158
1770200589.9357 0 'robobot/drive/T0/pose' 1770200589.9356 101.6790 0.723 0.195 1.5705 -2.7121
1770200589.9380 0 'robobot/drive/T0/livn' 1770200589.9378 35 37 48 75 76 40 37 44 279
1770200589.9404 0 'robobot/drive/T0/pose' 1770200589.9402 101.6840 0.723 0.195 1.5717 -2.7120
1770200589.9404 0 'robobot/drive/T0/mot' 1770200589.9404 0.58 1.4 0.1 0.1 0
1770200589.9405 0 'robobot/drive/T0/info' 1770200589.9404 # setvo t=101985, 0, ref=0, e=80000, value=-79000, vel=1000, dw=1000, v=993
1770200589.9417 0 'robobot/drive/T0/vel' 1770200589.9416 101.6860 0.069 0.160 0.3987 0.069 4
1770200589.9427 0 'robobot/drive/T0/mvel' 1770200589.9427 0.069 0.160
1770200589.9429 0 'robobot/drive/T0/info' 1770200589.9428 # setvo t=101987, 0, ref=0, e=79000, value=-78000, vel=1000, dw=1000, v=1006
1770200589.9452 0 'robobot/drive/T0/info' 1770200589.9451 # setvo t=101989, 0, ref=0, e=78000, value=-77000, vel=1000, dw=1000, v=1020
1770200589.9452 0 'robobot/drive/T0/pose' 1770200589.9452 101.6890 0.723 0.196 1.5740 -2.7121
1770200589.9453 0 'robobot/drive/T0/gyro' 1770200589.9452 -0.480042 -0.442505 -0.228821 101.690
1770200589.9454 0 'robobot/drive/T0/acc' 1770200589.9453 0.414062 -0.024414 0.918213 101.690
1770200589.9466 0 'robobot/drive/T0/info' 1770200589.9464 # setvo t=101991, 0, ref=0, e=77000, value=-76000, vel=1000, dw=1000, v=1033
1770200589.9478 0 'robobot/drive/T0/livn' 1770200589.9477 35 37 48 75 75 40 37 44 284
1770200589.9490 0 'robobot/drive/T0/info' 1770200589.9488 # setvo t=101993, 0, ref=0, e=76000, value=-75000, vel=1000, dw=1000, v=1046
1770200589.9502 0 'robobot/drive/T0/vel' 1770200589.9501 101.6940 0.075 0.159 0.3656 0.075 4
1770200589.9502 0 'robobot/drive/T0/mvel' 1770200589.9502 0.075 0.159
1770200589.9503 0 'robobot/drive/T0/pose' 1770200589.9503 101.6940 0.723 0.197 1.5752 -2.7121
1770200589.9504 0 'robobot/drive/T0/info' 1770200589.9503 # setvo t=101995, 0, ref=0, e=75000, value=-74000, vel=1000, dw=1000, v=1060
1770200589.9527 0 'robobot/drive/T0/info' 1770200589.9525 # setvo t=101997, 0, ref=0, e=74000, value=-73000, vel=1000, dw=1000, v=1073
1770200589.9550 0 'robobot/drive/T0/info' 1770200589.9548 # setvo t=101999, 0, ref=0, e=73000, value=-72000, vel=1000, dw=1000, v=1086
1770200589.9551 0 'robobot/drive/T0/pose' 1770200589.9550 101.6990 0.723 0.197 1.5775 -2.7121
1770200589.9552 0 'robobot/drive/T0/ird' 1770200589.9551 0.925 0.118 3385 16390 1
1770200589.9564 0 'robobot/drive/T0/info' 1770200589.9563 # setvo t=102001, 0, ref=0, e=72000, value=-71000, vel=1000, dw=1000, v=1099
1770200589.9575 0 'robobot/drive/T0/gyro' 1770200589.9575 -0.022278 -0.167847 -0.015198 101.702
1770200589.9576 0 'robobot/drive/T0/acc' 1770200589.9575 0.387207 -0.015137 0.898926 101.702
1770200589.9577 0 'robobot/drive/T0/vel' 1770200589.9576 101.7020 0.074 0.134 0.2612 0.074 4
1770200589.9578 0 'robobot/drive/T0/livn' 1770200589.9577 35 37 48 74 75 40 37 44 289
1770200589.9579 0 'robobot/drive/T0/mvel' 1770200589.9578 0.074 0.134
1770200589.9590 0 'robobot/drive/T0/info' 1770200589.9588 # setvo t=102003, 0, ref=0, e=71000, value=-70000, vel=1000, dw=1000, v=1113
1770200589.9602 0 'robobot/drive/T0/pose' 1770200589.9600 101.7040 0.723 0.197 1.5775 -2.7122
1770200589.9603 0 'robobot/drive/T0/info' 1770200589.9602 # setvo t=102005, 0, ref=0, e=70000, value=-69000, vel=1000, dw=1000, v=1126
1770200589.9626 0 'robobot/drive/T0/info' 1770200589.9624 # setvo t=102007, 0, ref=0, e=69000, value=-68000, vel=1000, dw=1000, v=1139
1770200589.9637 0 'robobot/drive/T0/liv' 1770200589.9636 30 35 46 57 66 40 32 30 25
1770200589.9637 0 'robobot/drive/T0/mca' 1770200589.9637 0.100 0.082 17
1770200589.9650 0 'robobot/drive/T0/info' 1770200589.9648 # setvo t=102009, 0, ref=0, e=68000, value=-67000, vel=1000, dw=1000, v=1153
1770200589.9651 0 'robobot/drive/T0/pose' 1770200589.9650 101.7090 0.723 0.198 1.5786 -2.7122
1770200589.9662 0 'robobot/drive/T0/vel' 1770200589.9661 101.7100 0.069 0.111 0.1830 0.069 4
1770200589.9664 0 'robobot/drive/T0/info' 1770200589.9663 # setvo t=102011, 0, ref=0, e=67000, value=-66000, vel=1000, dw=1000, v=1166
1770200589.9665 0 'robobot/drive/T0/mvel' 1770200589.9665 0.069 0.111
1770200589.9675 0 'robobot/drive/T0/livn' 1770200589.9675 35 38 48 74 75 40 37 43 294
1770200589.9687 0 'robobot/drive/T0/info' 1770200589.9686 # setvo t=102013, 0, ref=0, e=66000, value=-65000, vel=1000, dw=1000, v=1179
1770200589.9699 0 'robobot/drive/T0/gyro' 1770200589.9698 -1.181946 1.937866 -0.228821 101.714
1770200589.9700 0 'robobot/drive/T0/acc' 1770200589.9699 0.545410 -0.125977 1.085693 101.714
1770200589.9700 0 'robobot/drive/T0/pose' 1770200589.9700 101.7140 0.723 0.198 1.5786 -2.7122
1770200589.9712 0 'robobot/drive/T0/info' 1770200589.9711 # setvo t=102015, 0, ref=0, e=65000, value=-64000, vel=1000, dw=1000, v=1193
1770200589.9725 0 'robobot/drive/T0/info' 1770200589.9723 # setvo t=102017, 0, ref=0, e=64000, value=-63000, vel=1000, dw=1000, v=1206
1770200589.9736 0 'robobot/drive/T0/mot' 1770200589.9735 -0.1 0.07 0.1 0.1 0
1770200589.9737 0 'robobot/drive/T0/vel' 1770200589.9736 101.7180 0.061 0.087 0.1136 0.061 4
1770200589.9740 0 'robobot/drive/T0/mvel' 1770200589.9739 0.061 0.087
1770200589.9749 0 'robobot/drive/T0/info' 1770200589.9748 # setvo t=102019, 0, ref=0, e=63000, value=-62000, vel=1000, dw=1000, v=1219
1770200589.9750 0 'robobot/drive/T0/pose' 1770200589.9749 101.7190 0.723 0.198 1.5809 -2.7119
1770200589.9772 0 'robobot/drive/T0/info' 1770200589.9771 # setvo t=102021, 0, ref=0, e=62000, value=-61000, vel=1000, dw=1000, v=1233
1770200589.9784 0 'robobot/drive/T0/livn' 1770200589.9783 35 37 48 74 75 40 37 44 299
1770200589.9785 0 'robobot/drive/T0/info' 1770200589.9784 # setvo t=102023, 0, ref=0, e=61000, value=-60000, vel=1000, dw=1000, v=1246
1770200589.9807 0 'robobot/drive/T0/pose' 1770200589.9807 101.7240 0.723 0.198 1.5833 -2.7120
1770200589.9808 0 'robobot/drive/T0/ird' 1770200589.9807 0.892 0.117 3456 16485 1
1770200589.9809 0 'robobot/drive/T0/info' 1770200589.9808 # setvo t=102025, 0, ref=0, e=60000, value=-59000, vel=1000, dw=1000, v=1259
1770200589.9821 0 'robobot/drive/T0/gyro' 1770200589.9820 -1.914368 -2.151489 0.381531 101.726
1770200589.9822 0 'robobot/drive/T0/acc' 1770200589.9821 0.365479 -0.134766 1.039795 101.726
1770200589.9823 0 'robobot/drive/T0/vel' 1770200589.9822 101.7260 0.022 0.066 0.1924 0.022 4
1770200589.9825 0 'robobot/drive/T0/info' 1770200589.9823 # setvo t=102027, 0, ref=0, e=59000, value=-58000, vel=1000, dw=1000, v=1272
1770200589.9825 0 'robobot/drive/T0/mvel' 1770200589.9825 0.022 0.066
1770200589.9847 0 'robobot/drive/T0/info' 1770200589.9846 # setvo t=102029, 0, ref=0, e=58000, value=-57000, vel=1000, dw=1000, v=1286
1770200589.9848 0 'robobot/drive/T0/pose' 1770200589.9847 101.7290 0.723 0.198 1.5844 -2.7124
1770200589.9870 0 'robobot/drive/T0/info' 1770200589.9869 # setvo t=102031, 0, ref=0, e=57000, value=-56000, vel=1000, dw=1000, v=1299
1770200589.9882 0 'robobot/drive/T0/livn' 1770200589.9881 29 34 39 76 71 32 29 49 3
1770200589.9884 0 'robobot/drive/T0/info' 1770200589.9882 # setvo t=102033, 0, ref=0, e=56000, value=-55000, vel=1000, dw=1000, v=1312
1770200589.9895 0 'robobot/drive/T0/vel' 1770200589.9895 101.7340 0.026 0.060 0.1485 0.026 4
1770200589.9900 0 'robobot/drive/T0/mvel' 1770200589.9899 0.026 0.060
1770200589.9907 0 'robobot/drive/T0/pose' 1770200589.9906 101.7340 0.723 0.198 1.5844 -2.7122
1770200589.9908 0 'robobot/drive/T0/info' 1770200589.9907 # setvo t=102035, 0, ref=0, e=55000, value=-54000, vel=1000, dw=1000, v=1326
1770200589.9931 0 'robobot/drive/T0/info' 1770200589.9929 # setvo t=102037, 0, ref=0, e=54000, value=-53000, vel=1000, dw=1000, v=1339
1770200589.9932 0 'robobot/drive/T0/gyro' 1770200589.9931 0.435486 -0.900269 -0.595032 101.738
1770200589.9933 0 'robobot/drive/T0/acc' 1770200589.9932 0.410156 -0.102539 0.865967 101.738
1770200589.9946 0 'robobot/drive/T0/info' 1770200589.9944 # setvo t=102039, 0, ref=0, e=53000, value=-52000, vel=1000, dw=1000, v=1352
1770200589.9958 0 'robobot/drive/T0/pose' 1770200589.9956 101.7390 0.723 0.198 1.5844 -2.7121
1770200589.9969 0 'robobot/drive/T0/mca' 1770200589.9968 0.112 0.036 16
1770200589.9970 0 'robobot/drive/T0/info' 1770200589.9969 # setvo t=102041, 0, ref=0, e=52000, value=-51000, vel=1000, dw=1000, v=1366
1770200589.9981 0 'robobot/drive/T0/vel' 1770200589.9980 101.7420 0.024 0.053 0.1285 0.024 4
1770200589.9983 0 'robobot/drive/T0/livn' 1770200589.9982 33 33 45 72 71 38 34 47 8
1770200589.9984 0 'robobot/drive/T0/info' 1770200589.9983 # setvo t=102043, 0, ref=0, e=51000, value=-50000, vel=1000, dw=1000, v=1379
1770200589.9985 0 'robobot/drive/T0/mvel' 1770200589.9984 0.024 0.053
1770200590.0006 0 'robobot/drive/T0/pose' 1770200590.0005 101.7440 0.723 0.198 1.5844 -2.7121
1770200590.0008 0 'robobot/drive/T0/info' 1770200590.0006 # setvo t=102045, 0, ref=0, e=50000, value=-49000, vel=1000, dw=1000, v=1392
1770200590.0030 0 'robobot/drive/T0/info' 1770200590.0029 # setvo t=102047, 0, ref=0, e=49000, value=-48000, vel=1000, dw=1000, v=1406
1770200590.0052 0 'robobot/drive/T0/info' 1770200590.0051 # setvo t=102049, 0, ref=0, e=48000, value=-47000, vel=1000, dw=1000, v=1419
1770200590.0053 0 'robobot/drive/T0/pose' 1770200590.0052 101.7490 0.723 0.198 1.5833 -2.7123
1770200590.0053 0 'robobot/drive/T0/ird' 1770200590.0053 0.864 0.118 3518 16408 1
1770200590.0054 0 'robobot/drive/T0/gyro' 1770200590.0053 1.228943 1.632690 -0.106750 101.750
1770200590.0055 0 'robobot/drive/T0/acc' 1770200590.0054 0.379150 -0.005127 1.053223 101.750
1770200590.0055 0 'robobot/drive/T0/vel' 1770200590.0055 101.7500 0.016 0.044 0.1195 0.016 4
1770200590.0058 0 'robobot/drive/T0/mvel' 1770200590.0058 0.016 0.044
1770200590.0067 0 'robobot/drive/T0/mot' 1770200590.0066 0.04 0.15 0.1 0.1 0
1770200590.0068 0 'robobot/drive/T0/info' 1770200590.0067 # setvo t=102051, 0, ref=0, e=47000, value=-46000, vel=1000, dw=1000, v=1432
1770200590.0079 0 'robobot/drive/T0/livn' 1770200590.0078 36 36 46 67 72 41 39 41 13
1770200590.0091 0 'robobot/drive/T0/info' 1770200590.0089 # setvo t=102053, 0, ref=0, e=46000, value=-45000, vel=1000, dw=1000, v=1446
1770200590.0102 0 'robobot/drive/T0/pose' 1770200590.0101 101.7540 0.723 0.198 1.5833 -2.7123
1770200590.0103 0 'robobot/drive/T0/info' 1770200590.0102 # setvo t=102055, 0, ref=0, e=45000, value=-44000, vel=1000, dw=1000, v=1459
1770200590.0125 0 'robobot/drive/T0/info' 1770200590.0124 # setvo t=102057, 0, ref=0, e=44000, value=-43000, vel=1000, dw=1000, v=1472
1770200590.0136 0 'robobot/drive/T0/liv' 1770200590.0136 25 30 45 55 68 42 33 30 25
1770200590.0137 0 'robobot/drive/T0/vel' 1770200590.0136 101.7580 0.007 0.035 0.1219 0.007 4
1770200590.0143 0 'robobot/drive/T0/mvel' 1770200590.0143 0.007 0.035
1770200590.0149 0 'robobot/drive/T0/info' 1770200590.0148 # setvo t=102059, 0, ref=0, e=43000, value=-42000, vel=1000, dw=1000, v=1485
1770200590.0149 0 'robobot/drive/T0/pose' 1770200590.0149 101.7590 0.723 0.198 1.5833 -2.7121
1770200590.0172 0 'robobot/drive/T0/info' 1770200590.0171 # setvo t=102061, 0, ref=0, e=42000, value=-41000, vel=1000, dw=1000, v=1499
1770200590.0173 0 'robobot/drive/T0/gyro' 1770200590.0172 0.130310 -0.717163 0.228943 101.762
1770200590.0173 0 'robobot/drive/T0/acc' 1770200590.0173 0.385010 0.005859 0.913086 101.762
1770200590.0184 0 'robobot/drive/T0/livn' 1770200590.0184 36 35 46 68 75 42 39 41 18
1770200590.0185 0 'robobot/drive/T0/info' 1770200590.0184 # setvo t=102063, 0, ref=0, e=41000, value=-40000, vel=1000, dw=1000, v=1512
1770200590.0207 0 'robobot/drive/T0/pose' 1770200590.0207 101.7640 0.723 0.198 1.5833 -2.7123
1770200590.0208 0 'robobot/drive/T0/info' 1770200590.0207 # setvo t=102065, 0, ref=0, e=40000, value=-39000, vel=1000, dw=1000, v=1525
1770200590.0220 0 'robobot/drive/T0/vel' 1770200590.0219 101.7660 0.007 0.027 0.0858 0.007 4
1770200590.0228 0 'robobot/drive/T0/mvel' 1770200590.0228 0.007 0.027
1770200590.0231 0 'robobot/drive/T0/info' 1770200590.0230 # setvo t=102067, 0, ref=0, e=39000, value=-38000, vel=1000, dw=1000, v=1539
1770200590.0243 0 'robobot/drive/T0/info' 1770200590.0242 # setvo t=102069, 0, ref=0, e=38000, value=-37000, vel=1000, dw=1000, v=1552
1770200590.0254 0 'robobot/drive/T0/pose' 1770200590.0254 101.7690 0.723 0.198 1.5833 -2.7123
1770200590.0266 0 'robobot/drive/T0/info' 1770200590.0265 # setvo t=102071, 0, ref=0, e=37000, value=-36000, vel=1000, dw=1000, v=1565
1770200590.0277 0 'robobot/drive/T0/livn' 1770200590.0277 37 34 45 70 73 41 37 40 23
1770200590.0289 0 'robobot/drive/T0/info' 1770200590.0288 # setvo t=102073, 0, ref=0, e=36000, value=-35000, vel=1000, dw=1000, v=1579
1770200590.0289 0 'robobot/drive/T0/mca' 1770200590.0289 0.132 0.044 17
1770200590.0301 0 'robobot/drive/T0/gyro' 1770200590.0300 0.496521 0.717163 -0.045715 101.774
1770200590.0301 0 'robobot/drive/T0/acc' 1770200590.0301 0.391846 0.017334 0.882568 101.774
1770200590.0302 0 'robobot/drive/T0/vel' 1770200590.0301 101.7740 0.007 0.023 0.0675 0.007 4
1770200590.0302 0 'robobot/drive/T0/mvel' 1770200590.0302 0.007 0.023
1770200590.0303 0 'robobot/drive/T0/pose' 1770200590.0302 101.7740 0.723 0.198 1.5833 -2.7124
1770200590.0304 0 'robobot/drive/T0/info' 1770200590.0303 # setvo t=102075, 0, ref=0, e=35000, value=-34000, vel=1000, dw=1000, v=1592
1770200590.0304 0 'robobot/drive/T0/ird' 1770200590.0304 0.856 0.118 3537 16437 1
1770200590.0326 0 'robobot/drive/T0/info' 1770200590.0325 # setvo t=102077, 0, ref=0, e=34000, value=-33000, vel=1000, dw=1000, v=1605
1770200590.0349 0 'robobot/drive/T0/info' 1770200590.0348 # setvo t=102079, 0, ref=0, e=33000, value=-32000, vel=1000, dw=1000, v=1619
1770200590.0350 0 'robobot/drive/T0/pose' 1770200590.0349 101.7790 0.723 0.198 1.5833 -2.7122
1770200590.0372 0 'robobot/drive/T0/info' 1770200590.0371 # setvo t=102081, 0, ref=0, e=32000, value=-31000, vel=1000, dw=1000, v=1632
1770200590.0383 0 'robobot/drive/T0/vel' 1770200590.0382 101.7820 0.007 0.019 0.0526 0.007 4
1770200590.0384 0 'robobot/drive/T0/livn' 1770200590.0383 37 35 46 71 72 40 37 41 28
1770200590.0385 0 'robobot/drive/T0/info' 1770200590.0384 # setvo t=102083, 0, ref=0, e=31000, value=-30000, vel=1000, dw=1000, v=1645
1770200590.0387 0 'robobot/drive/T0/mvel' 1770200590.0387 0.007 0.019
1770200590.0396 0 'robobot/drive/T0/mot' 1770200590.0395 0.11 0.2 0.1 0.1 0
1770200590.0407 0 'robobot/drive/T0/pose' 1770200590.0407 101.7840 0.723 0.198 1.5833 -2.7122
1770200590.0408 0 'robobot/drive/T0/info' 1770200590.0407 # setvo t=102085, 0, ref=0, e=30000, value=-29000, vel=1000, dw=1000, v=1658
1770200590.0420 0 'robobot/drive/T0/gyro' 1770200590.0419 -0.876770 0.717163 -0.228821 101.786
1770200590.0420 0 'robobot/drive/T0/acc' 1770200590.0420 0.378662 -0.005615 0.909424 101.786
1770200590.0432 0 'robobot/drive/T0/info' 1770200590.0431 # setvo t=102087, 0, ref=0, e=29000, value=-28000, vel=1000, dw=1000, v=1672
1770200590.0444 0 'robobot/drive/T0/info' 1770200590.0443 # setvo t=102089, 0, ref=0, e=28000, value=-27000, vel=1000, dw=1000, v=1685
1770200590.0455 0 'robobot/drive/T0/pose' 1770200590.0455 101.7890 0.723 0.198 1.5833 -2.7123
1770200590.0456 0 'robobot/drive/T0/vel' 1770200590.0455 101.7900 0.007 0.017 0.0424 0.007 4
1770200590.0462 0 'robobot/drive/T0/mvel' 1770200590.0461 0.007 0.017
1770200590.0468 0 'robobot/drive/T0/info' 1770200590.0467 # setvo t=102091, 0, ref=0, e=27000, value=-26000, vel=1000, dw=1000, v=1698
1770200590.0479 0 'robobot/drive/T0/livn' 1770200590.0478 36 37 47 72 70 41 38 42 33
1770200590.0491 0 'robobot/drive/T0/info' 1770200590.0490 # setvo t=102093, 0, ref=0, e=26000, value=-25000, vel=1000, dw=1000, v=1712
1770200590.0502 0 'robobot/drive/T0/pose' 1770200590.0501 101.7940 0.723 0.198 1.5833 -2.7124
1770200590.0503 0 'robobot/drive/T0/info' 1770200590.0502 # setvo t=102095, 0, ref=0, e=25000, value=-24000, vel=1000, dw=1000, v=1725
1770200590.0525 0 'robobot/drive/T0/info' 1770200590.0524 # setvo t=102097, 0, ref=0, e=24000, value=-23000, vel=1000, dw=1000, v=1738
1770200590.0537 0 'robobot/drive/T0/gyro' 1770200590.0536 0.527039 -0.167847 -0.564514 101.798
1770200590.0537 0 'robobot/drive/T0/acc' 1770200590.0537 0.441895 -0.030029 0.869385 101.798
1770200590.0538 0 'robobot/drive/T0/vel' 1770200590.0537 101.7980 0.007 0.015 0.0334 0.007 4
1770200590.0547 0 'robobot/drive/T0/mvel' 1770200590.0546 0.007 0.015
1770200590.0550 0 'robobot/drive/T0/info' 1770200590.0549 # setvo t=102099, 0, ref=0, e=23000, value=-22000, vel=1000, dw=1000, v=1752
1770200590.0550 0 'robobot/drive/T0/pose' 1770200590.0550 101.7990 0.723 0.198 1.5833 -2.7123
1770200590.0562 0 'robobot/drive/T0/ird' 1770200590.0561 0.876 0.118 3492 16426 1
1770200590.0563 0 'robobot/drive/T0/info' 1770200590.0562 # setvo t=102101, 0, ref=0, e=22000, value=-21000, vel=1000, dw=1000, v=1765
1770200590.0584 0 'robobot/drive/T0/livn' 1770200590.0584 36 37 47 71 70 41 39 43 38
1770200590.0586 0 'robobot/drive/T0/info' 1770200590.0584 # setvo t=102103, 0, ref=0, e=21000, value=-20000, vel=1000, dw=1000, v=1778
1770200590.0607 0 'robobot/drive/T0/pose' 1770200590.0607 101.8040 0.723 0.198 1.5833 -2.7123
1770200590.0609 0 'robobot/drive/T0/info' 1770200590.0608 # setvo t=102105, 0, ref=0, e=20000, value=-19000, vel=1000, dw=1000, v=1792
1770200590.0620 0 'robobot/drive/T0/vel' 1770200590.0619 101.8060 0.007 0.013 0.0272 0.007 4
1770200590.0620 0 'robobot/drive/T0/mca' 1770200590.0620 0.133 0.044 16
1770200590.0621 0 'robobot/drive/T0/mvel' 1770200590.0621 0.007 0.013
1770200590.0632 0 'robobot/drive/T0/info' 1770200590.0631 # setvo t=102107, 0, ref=0, e=19000, value=-18000, vel=1000, dw=1000, v=1805
1770200590.0633 0 'robobot/drive/T0/liv' 1770200590.0632 28 36 45 58 61 40 35 31 25
1770200590.0644 0 'robobot/drive/T0/info' 1770200590.0643 # setvo t=102109, 0, ref=0, e=18000, value=-17000, vel=1000, dw=1000, v=1818
1770200590.0656 0 'robobot/drive/T0/pose' 1770200590.0655 101.8090 0.723 0.198 1.5833 -2.7124
1770200590.0656 0 'robobot/drive/T0/gyro' 1770200590.0656 0.130310 0.076294 -0.076233 101.810
1770200590.0657 0 'robobot/drive/T0/acc' 1770200590.0656 0.362549 0.001709 0.860352 101.810
1770200590.0669 0 'robobot/drive/T0/info' 1770200590.0667 # setvo t=102111, 0, ref=0, e=17000, value=-16000, vel=1000, dw=1000, v=1832
1770200590.0680 0 'robobot/drive/T0/livn' 1770200590.0679 37 38 47 71 70 41 39 43 43
1770200590.0692 0 'robobot/drive/T0/info' 1770200590.0690 # setvo t=102113, 0, ref=0, e=16000, value=-15000, vel=1000, dw=1000, v=1845
1770200590.0703 0 'robobot/drive/T0/vel' 1770200590.0702 101.8140 0.007 0.012 0.0215 0.007 4
1770200590.0704 0 'robobot/drive/T0/pose' 1770200590.0703 101.8140 0.723 0.198 1.5833 -2.7124
1770200590.0705 0 'robobot/drive/T0/info' 1770200590.0704 # setvo t=102115, 0, ref=0, e=15000, value=-14000, vel=1000, dw=1000, v=1858
1770200590.0706 0 'robobot/drive/T0/mvel' 1770200590.0705 0.007 0.012
1770200590.0726 0 'robobot/drive/T0/mot' 1770200590.0726 0.07 0.18 0.1 0.1 0
1770200590.0727 0 'robobot/drive/T0/info' 1770200590.0726 # setvo t=102117, 0, ref=0, e=14000, value=-13000, vel=1000, dw=1000, v=1871
1770200590.0750 0 'robobot/drive/T0/info' 1770200590.0749 # setvo t=102119, 0, ref=0, e=13000, value=-12000, vel=1000, dw=1000, v=1885
1770200590.0751 0 'robobot/drive/T0/pose' 1770200590.0750 101.8190 0.723 0.198 1.5833 -2.7124
1770200590.0762 0 'robobot/drive/T0/info' 1770200590.0761 # setvo t=102121, 0, ref=0, e=12000, value=-11000, vel=1000, dw=1000, v=1898
1770200590.0774 0 'robobot/drive/T0/gyro' 1770200590.0773 -0.419006 -0.289917 0.106873 101.822
1770200590.0774 0 'robobot/drive/T0/acc' 1770200590.0774 0.417480 0.008545 0.891602 101.822
1770200590.0776 0 'robobot/drive/T0/vel' 1770200590.0775 101.8220 0.007 0.011 0.0178 0.007 4
1770200590.0776 0 'robobot/drive/T0/livn' 1770200590.0776 37 38 47 72 71 42 39 43 48
1770200590.0780 0 'robobot/drive/T0/mvel' 1770200590.0780 0.007 0.011
1770200590.0788 0 'robobot/drive/T0/info' 1770200590.0787 # setvo t=102123, 0, ref=0, e=11000, value=-10000, vel=1000, dw=1000, v=1911
1770200590.0799 0 'robobot/drive/T0/pose' 1770200590.0799 101.8240 0.723 0.198 1.5833 -2.7124
1770200590.0811 0 'robobot/drive/T0/info' 1770200590.0810 # setvo t=102125, 0, ref=0, e=10000, value=-9000, vel=1000, dw=1000, v=1925
1770200590.0812 0 'robobot/drive/T0/ird' 1770200590.0811 0.913 0.117 3410 16474 1
1770200590.0823 0 'robobot/drive/T0/info' 1770200590.0822 # setvo t=102127, 0, ref=0, e=9000, value=-8000, vel=1000, dw=1000, v=1938
1770200590.0846 0 'robobot/drive/T0/info' 1770200590.0845 # setvo t=102129, 0, ref=0, e=8000, value=-7000, vel=1000, dw=1000, v=1951
1770200590.0857 0 'robobot/drive/T0/pose' 1770200590.0856 101.8290 0.723 0.198 1.5833 -2.7125
1770200590.0858 0 'robobot/drive/T0/vel' 1770200590.0857 101.8300 0.007 0.010 0.0131 0.007 4
1770200590.0865 0 'robobot/drive/T0/mvel' 1770200590.0865 0.007 0.010
1770200590.0869 0 'robobot/drive/T0/info' 1770200590.0868 # setvo t=102131, 0, ref=0, e=7000, value=-6000, vel=1000, dw=1000, v=1965
1770200590.0880 0 'robobot/drive/T0/livn' 1770200590.0880 37 39 48 72 71 42 39 43 53
1770200590.0892 0 'robobot/drive/T0/info' 1770200590.0891 # setvo t=102133, 0, ref=0, e=6000, value=-5000, vel=1000, dw=1000, v=1978
1770200590.0893 0 'robobot/drive/T0/gyro' 1770200590.0892 0.527039 -0.015259 -0.137268 101.834
1770200590.0894 0 'robobot/drive/T0/acc' 1770200590.0893 0.408447 -0.003662 0.909180 101.834
1770200590.0905 0 'robobot/drive/T0/pose' 1770200590.0904 101.8340 0.723 0.198 1.5833 -2.7124
1770200590.0906 0 'robobot/drive/T0/info' 1770200590.0905 # setvo t=102135, 0, ref=0, e=5000, value=-4000, vel=1000, dw=1000, v=1991
1770200590.0928 0 'robobot/drive/T0/info' 1770200590.0927 # setvo t=102137, 0, ref=0, e=4000, value=-3000, vel=1000, dw=1000, v=2005
1770200590.0940 0 'robobot/drive/T0/vel' 1770200590.0939 101.8380 0.007 0.010 0.0108 0.007 4
1770200590.0950 0 'robobot/drive/T0/mvel' 1770200590.0950 0.007 0.010
1770200590.0951 0 'robobot/drive/T0/info' 1770200590.0950 # setvo t=102139, 0, ref=0, e=3000, value=-2000, vel=1000, dw=1000, v=2018
1770200590.0952 0 'robobot/drive/T0/pose' 1770200590.0951 101.8390 0.723 0.198 1.5833 -2.7124
1770200590.0952 0 'robobot/drive/T0/mca' 1770200590.0952 0.132 0.044 17
1770200590.0964 0 'robobot/drive/T0/info' 1770200590.0963 # setvo t=102141, 0, ref=0, e=2000, value=-1000, vel=1000, dw=1000, v=2031
1770200590.0975 0 'robobot/drive/T0/livn' 1770200590.0975 36 39 48 72 71 42 39 43 58
1770200590.0987 0 'robobot/drive/T0/info' 1770200590.0986 # setvo t=102143, 0, ref=0, e=1000, value=0, vel=1000, dw=1000, v=2044
1770200590.0998 0 'robobot/drive/T0/pose' 1770200590.0997 101.8440 0.723 0.198 1.5833 -2.7124
1770200590.1020 0 'robobot/drive/T0/gyro' 1770200590.1019 -0.052795 -0.473022 -0.015198 101.846
1770200590.1021 0 'robobot/drive/T0/acc' 1770200590.1020 0.362061 0.019775 0.879150 101.846
1770200590.1022 0 'robobot/drive/T0/vel' 1770200590.1021 101.8460 0.005 0.009 0.0170 0.005 4
1770200590.1024 0 'robobot/drive/T0/mvel' 1770200590.1024 0.005 0.009
1770200590.1054 0 'robobot/drive/T0/mot' 1770200590.1053 0.06 0.16 0.1 0.1 0
1770200590.1054 0 'robobot/drive/T0/pose' 1770200590.1054 101.8490 0.723 0.198 1.5833 -2.7125
1770200590.1055 0 'robobot/drive/T0/ird' 1770200590.1055 0.913 0.117 3411 16502 1
1770200590.1077 0 'robobot/drive/T0/livn' 1770200590.1076 37 38 48 73 71 41 38 43 63
1770200590.1099 0 'robobot/drive/T0/vel' 1770200590.1098 101.8540 0.004 0.008 0.0186 0.004 4
1770200590.1100 0 'robobot/drive/T0/pose' 1770200590.1099 101.8540 0.723 0.198 1.5833 -2.7125
1770200590.1109 0 'robobot/drive/T0/mvel' 1770200590.1109 0.004 0.008
1770200590.1132 0 'robobot/drive/T0/liv' 1770200590.1131 28 35 49 58 65 39 33 30 25
1770200590.1133 0 'robobot/drive/T0/gyro' 1770200590.1132 -0.419006 -0.320435 -0.198303 101.858
1770200590.1133 0 'robobot/drive/T0/acc' 1770200590.1133 0.420898 -0.009521 0.894531 101.858
1770200590.1155 0 'robobot/drive/T0/pose' 1770200590.1155 101.8590 0.723 0.198 1.5833 -2.7125
1770200590.1177 0 'robobot/drive/T0/vel' 1770200590.1176 101.8620 0.004 0.008 0.0160 0.004 4
1770200590.1178 0 'robobot/drive/T0/livn' 1770200590.1177 36 38 49 73 72 41 38 44 68
1770200590.1184 0 'robobot/drive/T0/mvel' 1770200590.1183 0.004 0.008
1770200590.1200 0 'robobot/drive/T0/pose' 1770200590.1199 101.8640 0.723 0.198 1.5833 -2.7126
1770200590.1253 0 'robobot/drive/T0/pose' 1770200590.1253 101.8690 0.723 0.198 1.5833 -2.7127
1770200590.1254 0 'robobot/drive/T0/gyro' 1770200590.1253 0.191345 -0.106812 0.106873 101.870
1770200590.1255 0 'robobot/drive/T0/acc' 1770200590.1254 0.412354 -0.000244 0.923828 101.870
1770200590.1256 0 'robobot/drive/T0/vel' 1770200590.1255 101.8700 0.004 0.007 0.0143 0.004 4
1770200590.1257 0 'robobot/drive/T0/mvel' 1770200590.1257 0.004 0.007
1770200590.1278 0 'robobot/drive/T0/livn' 1770200590.1277 36 38 49 74 72 41 38 44 73
1770200590.1289 0 'robobot/drive/T0/mca' 1770200590.1288 0.131 0.043 16
1770200590.1300 0 'robobot/drive/T0/pose' 1770200590.1299 101.8740 0.723 0.198 1.5833 -2.7127
1770200590.1312 0 'robobot/drive/T0/ird' 1770200590.1311 0.909 0.117 3418 16474 1
1770200590.1344 0 'robobot/drive/T0/vel' 1770200590.1343 101.8780 0.004 0.007 0.0126 0.004 4
1770200590.1354 0 'robobot/drive/T0/mvel' 1770200590.1353 0.004 0.007
1770200590.1356 0 'robobot/drive/T0/pose' 1770200590.1355 101.8790 0.723 0.198 1.5833 -2.7127
1770200590.1379 0 'robobot/drive/T0/gyro' 1770200590.1377 -0.144348 -0.167847 -0.045715 101.882
1770200590.1379 0 'robobot/drive/T0/acc' 1770200590.1379 0.390869 0.001953 0.864990 101.882
1770200590.1380 0 'robobot/drive/T0/livn' 1770200590.1379 36 38 48 74 72 41 39 44 78
1770200590.1381 0 'robobot/drive/T0/mot' 1770200590.1380 0.04 0.14 0.1 0.1 0
1770200590.1403 0 'robobot/drive/T0/pose' 1770200590.1402 101.8840 0.723 0.198 1.5833 -2.7127
1770200590.1426 0 'robobot/drive/T0/vel' 1770200590.1425 101.8860 0.004 0.007 0.0110 0.004 4
1770200590.1428 0 'robobot/drive/T0/mvel' 1770200590.1428 0.004 0.007
1770200590.1448 0 'robobot/drive/T0/pose' 1770200590.1447 101.8890 0.723 0.198 1.5833 -2.7127
1770200590.1480 0 'robobot/drive/T0/livn' 1770200590.1480 37 38 49 74 73 41 39 43 83
1770200590.1492 0 'robobot/drive/T0/gyro' 1770200590.1491 -0.602112 -0.076294 -0.228821 101.894
1770200590.1493 0 'robobot/drive/T0/acc' 1770200590.1492 0.426514 -0.008301 0.907471 101.894
1770200590.1505 0 'robobot/drive/T0/vel' 1770200590.1503 101.8940 0.004 0.006 0.0100 0.004 4
1770200590.1505 0 'robobot/drive/T0/pose' 1770200590.1505 101.8940 0.723 0.198 1.5833 -2.7127
1770200590.1514 0 'robobot/drive/T0/mvel' 1770200590.1513 0.004 0.006
1770200590.1549 0 'robobot/drive/T0/pose' 1770200590.1548 101.8990 0.723 0.198 1.5833 -2.7128
1770200590.1560 0 'robobot/drive/T0/ird' 1770200590.1559 0.862 0.116 3524 16626 1
1770200590.1582 0 'robobot/drive/T0/vel' 1770200590.1581 101.9020 0.004 0.006 0.0082 0.004 4
1770200590.1582 0 'robobot/drive/T0/livn' 1770200590.1582 37 38 49 74 73 41 39 43 88
1770200590.1588 0 'robobot/drive/T0/mvel' 1770200590.1588 0.004 0.006
1770200590.1604 0 'robobot/drive/T0/pose' 1770200590.1604 101.9040 0.723 0.198 1.5833 -2.7128
1770200590.1616 0 'robobot/drive/T0/mca' 1770200590.1615 0.131 0.042 17
1770200590.1617 0 'robobot/drive/T0/gyro' 1770200590.1616 0.191345 -0.106812 0.076355 101.906
1770200590.1617 0 'robobot/drive/T0/acc' 1770200590.1617 0.416992 -0.011719 0.924316 101.906
1770200590.1629 0 'robobot/drive/T0/liv' 1770200590.1628 28 33 48 60 71 42 40 30 25
1770200590.1652 0 'robobot/drive/T0/pose' 1770200590.1650 101.9090 0.723 0.198 1.5833 -2.7129
1770200590.1663 0 'robobot/drive/T0/vel' 1770200590.1662 101.9100 0.004 0.006 0.0073 0.004 4
1770200590.1673 0 'robobot/drive/T0/mvel' 1770200590.1673 0.004 0.006
1770200590.1685 0 'robobot/drive/T0/livn' 1770200590.1685 36 38 49 74 74 42 40 43 93
1770200590.1707 0 'robobot/drive/T0/pose' 1770200590.1706 101.9140 0.723 0.198 1.5833 -2.7128
1770200590.1708 0 'robobot/drive/T0/mot' 1770200590.1707 0.03 0.12 0.1 0.1 0
1770200590.1740 0 'robobot/drive/T0/gyro' 1770200590.1740 0.130310 -0.473022 -0.015198 101.918
1770200590.1741 0 'robobot/drive/T0/acc' 1770200590.1740 0.382324 0.014404 0.893555 101.918
1770200590.1742 0 'robobot/drive/T0/vel' 1770200590.1741 101.9180 0.004 0.006 0.0062 0.004 4
1770200590.1748 0 'robobot/drive/T0/mvel' 1770200590.1747 0.004 0.006
1770200590.1753 0 'robobot/drive/T0/pose' 1770200590.1752 101.9190 0.723 0.198 1.5833 -2.7129
1770200590.1786 0 'robobot/drive/T0/livn' 1770200590.1785 36 38 49 74 73 42 40 44 98
1770200590.1808 0 'robobot/drive/T0/pose' 1770200590.1807 101.9240 0.723 0.198 1.5833 -2.7130
1770200590.1808 0 'robobot/drive/T0/ird' 1770200590.1808 0.887 0.116 3467 16659 1
1770200590.1820 0 'robobot/drive/T0/vel' 1770200590.1819 101.9260 0.004 0.005 0.0052 0.004 4
1770200590.1822 0 'robobot/drive/T0/mvel' 1770200590.1822 0.004 0.005
1770200590.1852 0 'robobot/drive/T0/pose' 1770200590.1852 101.9290 0.723 0.198 1.5833 -2.7129
1770200590.1853 0 'robobot/drive/T0/gyro' 1770200590.1853 -0.724182 -0.137329 -0.015198 101.930
1770200590.1854 0 'robobot/drive/T0/acc' 1770200590.1853 0.407959 0.012451 0.904053 101.930
1770200590.1876 0 'robobot/drive/T0/livn' 1770200590.1875 36 37 49 75 74 41 40 44 103
1770200590.1898 0 'robobot/drive/T0/vel' 1770200590.1897 101.9340 0.004 0.005 0.0045 0.004 4
1770200590.1898 0 'robobot/drive/T0/pose' 1770200590.1898 101.9340 0.723 0.198 1.5833 -2.7130
1770200590.1907 0 'robobot/drive/T0/mvel' 1770200590.1907 0.004 0.005
1770200590.1941 0 'robobot/drive/T0/mca' 1770200590.1941 0.130 0.043 16
1770200590.1953 0 'robobot/drive/T0/pose' 1770200590.1952 101.9390 0.723 0.198 1.5833 -2.7130
1770200590.1975 0 'robobot/drive/T0/gyro' 1770200590.1974 -0.357971 -0.259399 -0.106750 101.942
1770200590.1975 0 'robobot/drive/T0/acc' 1770200590.1975 0.402100 -0.000488 0.903809 101.942
1770200590.1976 0 'robobot/drive/T0/vel' 1770200590.1975 101.9420 0.004 0.005 0.0034 0.004 4
1770200590.1977 0 'robobot/drive/T0/livn' 1770200590.1976 36 37 49 74 73 41 40 45 108
1770200590.1981 0 'robobot/drive/T0/mvel' 1770200590.1981 0.004 0.005
1770200590.1998 0 'robobot/drive/T0/pose' 1770200590.1997 101.9440 0.723 0.198 1.5833 -2.7130
1770200590.2041 0 'robobot/drive/T0/mot' 1770200590.2040 0.01 0.1 0.1 0.1 0
1770200590.2052 0 'robobot/drive/T0/pose' 1770200590.2052 101.9490 0.723 0.198 1.5833 -2.7129
1770200590.2053 0 'robobot/drive/T0/ird' 1770200590.2052 0.910 0.115 3416 16766 1
1770200590.2064 0 'robobot/drive/T0/vel' 1770200590.2063 101.9500 0.004 0.005 0.0028 0.004 4
1770200590.2066 0 'robobot/drive/T0/mvel' 1770200590.2066 0.004 0.005
1770200590.2075 0 'robobot/drive/T0/livn' 1770200590.2075 36 37 49 74 73 41 40 45 113
1770200590.2097 0 'robobot/drive/T0/gyro' 1770200590.2096 0.252380 -0.228882 -0.106750 101.954
1770200590.2098 0 'robobot/drive/T0/acc' 1770200590.2097 0.364014 -0.006348 0.874268 101.954
1770200590.2099 0 'robobot/drive/T0/pose' 1770200590.2098 101.9540 0.723 0.198 1.5833 -2.7130
1770200590.2131 0 'robobot/drive/T0/liv' 1770200590.2130 28 31 48 59 66 39 35 35 25
1770200590.2142 0 'robobot/drive/T0/vel' 1770200590.2142 101.9580 0.003 0.005 0.0053 0.003 4
1770200590.2151 0 'robobot/drive/T0/mvel' 1770200590.2150 0.003 0.005
1770200590.2153 0 'robobot/drive/T0/pose' 1770200590.2153 101.9590 0.723 0.198 1.5833 -2.7130
1770200590.2186 0 'robobot/drive/T0/livn' 1770200590.2185 36 37 49 75 74 41 39 45 118
1770200590.2208 0 'robobot/drive/T0/pose' 1770200590.2207 101.9640 0.723 0.198 1.5833 -2.7130
1770200590.2219 0 'robobot/drive/T0/gyro' 1770200590.2218 -0.785217 0.228882 0.137390 101.966
1770200590.2220 0 'robobot/drive/T0/acc' 1770200590.2219 0.449463 0.014893 0.959229 101.966
1770200590.2221 0 'robobot/drive/T0/vel' 1770200590.2220 101.9660 0.003 0.004 0.0046 0.003 4
1770200590.2225 0 'robobot/drive/T0/mvel' 1770200590.2225 0.003 0.004
1770200590.2253 0 'robobot/drive/T0/pose' 1770200590.2252 101.9690 0.723 0.198 1.5833 -2.7130
1770200590.2275 0 'robobot/drive/T0/mca' 1770200590.2274 0.110 0.042 17
1770200590.2275 0 'robobot/drive/T0/livn' 1770200590.2275 37 37 48 75 73 41 39 45 123
1770200590.2297 0 'robobot/drive/T0/vel' 1770200590.2297 101.9740 0.003 0.004 0.0042 0.003 4
1770200590.2298 0 'robobot/drive/T0/pose' 1770200590.2297 101.9740 0.723 0.198 1.5833 -2.7130
1770200590.2299 0 'robobot/drive/T0/mvel' 1770200590.2299 0.003 0.004
1770200590.2309 0 'robobot/drive/T0/ird' 1770200590.2309 0.910 0.116 3417 16649 1
1770200590.2331 0 'robobot/drive/T0/gyro' 1770200590.2330 0.710144 0.259399 -0.045715 101.978
1770200590.2332 0 'robobot/drive/T0/acc' 1770200590.2331 0.399414 -0.027588 0.918945 101.978
1770200590.2354 0 'robobot/drive/T0/pose' 1770200590.2353 101.9790 0.723 0.198 1.5833 -2.7130
1770200590.2375 0 'robobot/drive/T0/mot' 1770200590.2375 -0 0.09 0.1 0.1 0
1770200590.2376 0 'robobot/drive/T0/vel' 1770200590.2375 101.9820 0.003 0.004 0.0033 0.003 4
1770200590.2377 0 'robobot/drive/T0/livn' 1770200590.2376 37 36 48 75 73 41 39 45 128
1770200590.2384 0 'robobot/drive/T0/mvel' 1770200590.2383 0.003 0.004
1770200590.2398 0 'robobot/drive/T0/pose' 1770200590.2398 101.9840 0.723 0.198 1.5833 -2.7131
1770200590.2452 0 'robobot/drive/T0/pose' 1770200590.2451 101.9890 0.723 0.198 1.5833 -2.7131
1770200590.2453 0 'robobot/drive/T0/gyro' 1770200590.2452 0.130310 -0.381470 -0.381409 101.990
1770200590.2453 0 'robobot/drive/T0/acc' 1770200590.2453 0.397949 -0.008789 0.947510 101.990
1770200590.2465 0 'robobot/drive/T0/vel' 1770200590.2464 101.9900 0.003 0.004 0.0029 0.003 4
1770200590.2468 0 'robobot/drive/T0/mvel' 1770200590.2468 0.003 0.004
1770200590.2476 0 'robobot/drive/T0/livn' 1770200590.2475 37 36 48 75 73 41 39 44 133
1770200590.2508 0 'robobot/drive/T0/pose' 1770200590.2508 101.9940 0.723 0.198 1.5833 -2.7131
1770200590.2541 0 'robobot/drive/T0/vel' 1770200590.2540 101.9980 0.003 0.004 0.0024 0.003 4
1770200590.2542 0 'robobot/drive/T0/mvel' 1770200590.2542 0.003 0.004
1770200590.2552 0 'robobot/drive/T0/pose' 1770200590.2551 101.9990 0.723 0.198 1.5833 -2.7131
1770200590.2553 0 'robobot/drive/T0/ird' 1770200590.2552 0.889 0.117 3463 16542 1
1770200590.2575 0 'robobot/drive/T0/gyro' 1770200590.2574 0.313416 0.350952 -0.228821 102.002
1770200590.2575 0 'robobot/drive/T0/acc' 1770200590.2575 0.393311 0.000244 0.891846 102.002
1770200590.2576 0 'robobot/drive/T0/livn' 1770200590.2575 37 36 48 75 74 41 39 44 138
1770200590.2608 0 'robobot/drive/T0/pose' 1770200590.2608 102.0040 0.723 0.198 1.5844 -2.7131
1770200590.2609 0 'robobot/drive/T0/mca' 1770200590.2608 0.073 0.042 16
1770200590.2620 0 'robobot/drive/T0/vel' 1770200590.2619 102.0060 0.003 0.004 0.0051 0.003 4
1770200590.2627 0 'robobot/drive/T0/mvel' 1770200590.2627 0.003 0.004
1770200590.2631 0 'robobot/drive/T0/liv' 1770200590.2631 31 27 41 59 69 39 31 28 25
1770200590.2653 0 'robobot/drive/T0/hbt' 1770200590.2652 102.0090 107 1033 15.64 4 8 9.0 0.41 0
1770200590.2654 0 'robobot/drive/T0/pose' 1770200590.2653 102.0090 0.723 0.198 1.5844 -2.7132
1770200590.2676 0 'robobot/drive/T0/livn' 1770200590.2675 37 36 48 75 74 41 39 44 143
1770200590.2698 0 'robobot/drive/T0/gyro' 1770200590.2697 0.252380 -0.198364 0.076355 102.014
1770200590.2698 0 'robobot/drive/T0/acc' 1770200590.2698 0.395264 0.000000 0.885254 102.014
1770200590.2699 0 'robobot/drive/T0/vel' 1770200590.2698 102.0140 0.002 0.004 0.0085 0.002 4
1770200590.2700 0 'robobot/drive/T0/mot' 1770200590.2699 -0.01 0.07 0.1 0.1 0
1770200590.2700 0 'robobot/drive/T0/pose' 1770200590.2700 102.0140 0.723 0.198 1.5844 -2.7133
1770200590.2701 0 'robobot/drive/T0/mvel' 1770200590.2701 0.002 0.004
1770200590.2754 0 'robobot/drive/T0/pose' 1770200590.2753 102.0190 0.723 0.198 1.5844 -2.7133
1770200590.2776 0 'robobot/drive/T0/vel' 1770200590.2775 102.0220 0.002 0.004 0.0079 0.002 4
1770200590.2777 0 'robobot/drive/T0/livn' 1770200590.2776 37 36 48 75 74 41 39 44 148
1770200590.2786 0 'robobot/drive/T0/mvel' 1770200590.2785 0.002 0.004
1770200590.2809 0 'robobot/drive/T0/pose' 1770200590.2808 102.0240 0.723 0.198 1.5844 -2.7133
1770200590.2810 0 'robobot/drive/T0/ird' 1770200590.2809 0.856 0.116 3538 16618 1
1770200590.2821 0 'robobot/drive/T0/gyro' 1770200590.2820 -0.480042 0.137329 0.106873 102.026
1770200590.2822 0 'robobot/drive/T0/acc' 1770200590.2821 0.411621 -0.010498 0.907715 102.026
1770200590.2854 0 'robobot/drive/T0/pose' 1770200590.2853 102.0290 0.723 0.198 1.5844 -2.7133
1770200590.2865 0 'robobot/drive/T0/vel' 1770200590.2865 102.0300 0.002 0.004 0.0076 0.002 4
1770200590.2870 0 'robobot/drive/T0/mvel' 1770200590.2870 0.002 0.004
1770200590.2877 0 'robobot/drive/T0/livn' 1770200590.2876 37 36 48 75 74 41 39 44 153
1770200590.2909 0 'robobot/drive/T0/pose' 1770200590.2908 102.0340 0.723 0.198 1.5844 -2.7133
1770200590.2931 0 'robobot/drive/T0/mca' 1770200590.2930 0.101 0.041 17
1770200590.2932 0 'robobot/drive/T0/gyro' 1770200590.2931 0.008240 0.198364 -0.137268 102.038
1770200590.2932 0 'robobot/drive/T0/acc' 1770200590.2932 0.390381 -0.012451 0.887451 102.038
1770200590.2944 0 'robobot/drive/T0/vel' 1770200590.2943 102.0380 0.002 0.003 0.0071 0.002 4
1770200590.2944 0 'robobot/drive/T0/mvel' 1770200590.2944 0.002 0.003
1770200590.2955 0 'robobot/drive/T0/pose' 1770200590.2954 102.0390 0.723 0.198 1.5844 -2.7134
1770200590.2977 0 'robobot/drive/T0/livn' 1770200590.2976 37 36 48 75 74 41 39 44 158
1770200590.3009 0 'robobot/drive/T0/pose' 1770200590.3008 102.0440 0.723 0.198 1.5844 -2.7134
1770200590.3020 0 'robobot/drive/T0/vel' 1770200590.3020 102.0460 0.002 0.003 0.0067 0.002 4
1770200590.3029 0 'robobot/drive/T0/mvel' 1770200590.3029 0.002 0.003
1770200590.3032 0 'robobot/drive/T0/mot' 1770200590.3031 -0.02 0.06 0.1 0.1 0
1770200590.3053 0 'robobot/drive/T0/pose' 1770200590.3053 102.0490 0.723 0.198 1.5844 -2.7135
1770200590.3054 0 'robobot/drive/T0/gyro' 1770200590.3053 0.557556 -0.076294 -0.320374 102.050
1770200590.3055 0 'robobot/drive/T0/acc' 1770200590.3054 0.401123 -0.013428 0.895264 102.050
1770200590.3055 0 'robobot/drive/T0/ird' 1770200590.3055 0.851 0.117 3550 16496 1
1770200590.3077 0 'robobot/drive/T0/livn' 1770200590.3076 37 36 48 75 75 41 39 44 163
1770200590.3099 0 'robobot/drive/T0/vel' 1770200590.3098 102.0540 0.002 0.003 0.0065 0.002 4
1770200590.3100 0 'robobot/drive/T0/pose' 1770200590.3099 102.0540 0.723 0.198 1.5844 -2.7135
1770200590.3103 0 'robobot/drive/T0/mvel' 1770200590.3103 0.002 0.003
1770200590.3132 0 'robobot/drive/T0/liv' 1770200590.3132 28 33 47 59 71 39 34 30 25
1770200590.3154 0 'robobot/drive/T0/pose' 1770200590.3153 102.0590 0.723 0.198 1.5844 -2.7134
1770200590.3176 0 'robobot/drive/T0/gyro' 1770200590.3175 -0.052795 0.076294 -0.076233 102.062
1770200590.3177 0 'robobot/drive/T0/acc' 1770200590.3176 0.399414 -0.004639 0.906250 102.062
1770200590.3177 0 'robobot/drive/T0/vel' 1770200590.3177 102.0620 0.002 0.003 0.0060 0.002 4
1770200590.3178 0 'robobot/drive/T0/livn' 1770200590.3177 37 36 48 75 75 41 38 44 168
1770200590.3188 0 'robobot/drive/T0/mvel' 1770200590.3188 0.002 0.003
1770200590.3200 0 'robobot/drive/T0/pose' 1770200590.3199 102.0640 0.723 0.198 1.5844 -2.7135
1770200590.3255 0 'robobot/drive/T0/pose' 1770200590.3254 102.0690 0.723 0.198 1.5844 -2.7135
1770200590.3256 0 'robobot/drive/T0/vel' 1770200590.3255 102.0700 0.002 0.003 0.0058 0.002 4
1770200590.3262 0 'robobot/drive/T0/mvel' 1770200590.3262 0.002 0.003
1770200590.3267 0 'robobot/drive/T0/mca' 1770200590.3266 0.102 0.040 16
1770200590.3280 0 'robobot/drive/T0/livn' 1770200590.3279 37 36 48 75 75 41 39 44 173
1770200590.3325 0 'robobot/drive/T0/gyro' 1770200590.3324 -0.174866 -0.015259 0.137390 102.074
1770200590.3326 0 'robobot/drive/T0/acc' 1770200590.3325 0.399658 -0.004883 0.883057 102.074
1770200590.3327 0 'robobot/drive/T0/pose' 1770200590.3326 102.0740 0.723 0.198 1.5844 -2.7136
1770200590.3328 0 'robobot/drive/T0/ird' 1770200590.3327 0.856 0.117 3539 16525 1
1770200590.3339 0 'robobot/drive/T0/vel' 1770200590.3338 102.0780 0.002 0.003 0.0055 0.002 4
1770200590.3347 0 'robobot/drive/T0/mvel' 1770200590.3347 0.002 0.003
1770200590.3351 0 'robobot/drive/T0/pose' 1770200590.3350 102.0790 0.723 0.198 1.5844 -2.7136
1770200590.3362 0 'robobot/drive/T0/mot' 1770200590.3362 -0.03 0.04 0.1 0.1 0
1770200590.3385 0 'robobot/drive/T0/livn' 1770200590.3384 37 36 48 75 76 41 39 44 178
1770200590.3408 0 'robobot/drive/T0/pose' 1770200590.3407 102.0840 0.723 0.198 1.5844 -2.7136
1770200590.3419 0 'robobot/drive/T0/gyro' 1770200590.3418 0.008240 -0.045776 -0.198303 102.086
1770200590.3420 0 'robobot/drive/T0/acc' 1770200590.3419 0.408691 -0.006104 0.894287 102.086
1770200590.3421 0 'robobot/drive/T0/vel' 1770200590.3420 102.0860 0.002 0.003 0.0051 0.002 4
1770200590.3422 0 'robobot/drive/T0/mvel' 1770200590.3421 0.002 0.003
1770200590.3453 0 'robobot/drive/T0/pose' 1770200590.3452 102.0890 0.723 0.198 1.5844 -2.7136
1770200590.3485 0 'robobot/drive/T0/livn' 1770200590.3485 37 36 48 75 75 41 38 44 183
1770200590.3497 0 'robobot/drive/T0/vel' 1770200590.3496 102.0940 0.002 0.003 0.0049 0.002 4
1770200590.3501 0 'robobot/drive/master' 1770200590.3500 2026-02-04 11:23:03.813786
1770200590.3507 0 'robobot/drive/T0/mvel' 1770200590.3506 0.002 0.003
1770200590.3508 0 'robobot/drive/T0/pose' 1770200590.3507 102.0940 0.723 0.198 1.5844 -2.7136
1770200590.3541 0 'robobot/drive/T0/gyro' 1770200590.3540 -0.083313 -0.167847 -0.320374 102.098
1770200590.3542 0 'robobot/drive/T0/acc' 1770200590.3541 0.404297 0.000000 0.899902 102.098
1770200590.3554 0 'robobot/drive/T0/pose' 1770200590.3553 102.0990 0.723 0.198 1.5844 -2.7137
1770200590.3554 0 'robobot/drive/T0/ird' 1770200590.3554 0.844 0.117 3567 16504 1
1770200590.3587 0 'robobot/drive/T0/vel' 1770200590.3586 102.1020 0.002 0.003 0.0046 0.002 4
1770200590.3587 0 'robobot/drive/T0/livn' 1770200590.3587 37 36 48 75 75 41 39 44 188
1770200590.3592 0 'robobot/drive/T0/mvel' 1770200590.3592 0.002 0.003
1770200590.3598 0 'robobot/drive/T0/mca' 1770200590.3598 0.103 0.041 17
1770200590.3599 0 'robobot/drive/T0/pose' 1770200590.3598 102.1040 0.723 0.198 1.5844 -2.7137
1770200590.3631 0 'robobot/drive/T0/liv' 1770200590.3631 28 35 45 55 68 44 35 29 25
1770200590.3653 0 'robobot/drive/T0/pose' 1770200590.3652 102.1090 0.723 0.198 1.5844 -2.7137
1770200590.3654 0 'robobot/drive/T0/gyro' 1770200590.3653 0.069275 -0.198364 -0.137268 102.110
1770200590.3655 0 'robobot/drive/T0/acc' 1770200590.3654 0.405762 -0.007080 0.887207 102.110
1770200590.3666 0 'robobot/drive/T0/vel' 1770200590.3665 102.1100 0.002 0.003 0.0044 0.002 4
1770200590.3667 0 'robobot/drive/T0/mvel' 1770200590.3666 0.002 0.003
1770200590.3677 0 'robobot/drive/T0/livn' 1770200590.3676 37 36 48 75 75 41 38 44 193
1770200590.3688 0 'robobot/drive/T0/mot' 1770200590.3688 -0.04 0.03 0.1 0.1 0
1770200590.3700 0 'robobot/drive/T0/pose' 1770200590.3699 102.1140 0.723 0.198 1.5844 -2.7137
1770200590.3742 0 'robobot/drive/T0/vel' 1770200590.3742 102.1180 0.002 0.003 0.0041 0.002 4
1770200590.3752 0 'robobot/drive/T0/mvel' 1770200590.3751 0.002 0.003
1770200590.3754 0 'robobot/drive/T0/pose' 1770200590.3753 102.1190 0.723 0.198 1.5844 -2.7138
1770200590.3776 0 'robobot/drive/T0/gyro' 1770200590.3775 -0.144348 0.198364 0.076355 102.122
1770200590.3777 0 'robobot/drive/T0/acc' 1770200590.3776 0.407227 -0.001953 0.895996 102.122
1770200590.3777 0 'robobot/drive/T0/livn' 1770200590.3777 37 36 48 75 75 41 39 44 198
1770200590.3799 0 'robobot/drive/T0/pose' 1770200590.3799 102.1240 0.723 0.198 1.5844 -2.7137
1770200590.3811 0 'robobot/drive/T0/ird' 1770200590.3810 0.856 0.117 3537 16544 1
1770200590.3822 0 'robobot/drive/T0/vel' 1770200590.3821 102.1260 0.002 0.003 0.0039 0.002 4
1770200590.3826 0 'robobot/drive/T0/mvel' 1770200590.3826 0.002 0.003
1770200590.3854 0 'robobot/drive/T0/pose' 1770200590.3853 102.1290 0.723 0.198 1.5844 -2.7137
1770200590.3887 0 'robobot/drive/T0/livn' 1770200590.3886 37 37 48 74 75 42 39 44 203
1770200590.3898 0 'robobot/drive/T0/gyro' 1770200590.3897 -0.388489 -0.015259 -0.289856 102.134
1770200590.3899 0 'robobot/drive/T0/acc' 1770200590.3898 0.404541 -0.002441 0.887451 102.134
1770200590.3899 0 'robobot/drive/T0/vel' 1770200590.3899 102.1340 0.002 0.003 0.0037 0.002 4
1770200590.3900 0 'robobot/drive/T0/pose' 1770200590.3899 102.1340 0.723 0.198 1.5844 -2.7137
1770200590.3901 0 'robobot/drive/T0/mvel' 1770200590.3900 0.002 0.003
1770200590.3922 0 'robobot/drive/T0/mca' 1770200590.3921 0.103 0.040 16
1770200590.3954 0 'robobot/drive/T0/pose' 1770200590.3953 102.1390 0.723 0.198 1.5844 -2.7138
1770200590.3987 0 'robobot/drive/T0/vel' 1770200590.3986 102.1420 0.002 0.003 0.0034 0.002 4
1770200590.3987 0 'robobot/drive/T0/livn' 1770200590.3987 37 37 48 74 75 42 39 44 208
1770200590.3996 0 'robobot/drive/T0/mvel' 1770200590.3996 0.002 0.003
1770200590.4009 0 'robobot/drive/T0/pose' 1770200590.4008 102.1450 0.723 0.198 1.5844 -2.7138
1770200590.4020 0 'robobot/drive/T0/gyro' 1770200590.4020 -0.052795 -0.106812 -0.533997 102.146
1770200590.4021 0 'robobot/drive/T0/acc' 1770200590.4020 0.406494 -0.003662 0.901123 102.146
1770200590.4022 0 'robobot/drive/T0/mot' 1770200590.4021 -0.05 0.01 0.1 0.1 0
1770200590.4054 0 'robobot/drive/T0/pose' 1770200590.4053 102.1500 0.723 0.198 1.5844 -2.7138
1770200590.4055 0 'robobot/drive/T0/ird' 1770200590.4054 0.852 0.117 3548 16496 1
1770200590.4066 0 'robobot/drive/T0/vel' 1770200590.4065 102.1500 0.002 0.003 0.0032 0.002 4
1770200590.4070 0 'robobot/drive/T0/mvel' 1770200590.4070 0.002 0.003
1770200590.4077 0 'robobot/drive/T0/livn' 1770200590.4076 37 37 48 74 75 42 39 44 213
1770200590.4099 0 'robobot/drive/T0/pose' 1770200590.4098 102.1550 0.723 0.198 1.5844 -2.7138
1770200590.4131 0 'robobot/drive/T0/liv' 1770200590.4131 30 35 45 55 66 41 37 31 25
1770200590.4132 0 'robobot/drive/T0/gyro' 1770200590.4131 0.160828 -0.045776 -0.320374 102.158
1770200590.4133 0 'robobot/drive/T0/acc' 1770200590.4132 0.400391 -0.001221 0.894043 102.158
1770200590.4144 0 'robobot/drive/T0/vel' 1770200590.4143 102.1580 0.002 0.002 0.0030 0.002 4
1770200590.4145 0 'robobot/drive/T0/mvel' 1770200590.4144 0.002 0.002
1770200590.4155 0 'robobot/drive/T0/pose' 1770200590.4155 102.1600 0.723 0.198 1.5844 -2.7139
1770200590.4177 0 'robobot/drive/T0/livn' 1770200590.4176 37 37 48 74 75 41 39 44 218
1770200590.4209 0 'robobot/drive/T0/pose' 1770200590.4209 102.1650 0.723 0.198 1.5844 -2.7139
1770200590.4221 0 'robobot/drive/T0/vel' 1770200590.4220 102.1660 0.002 0.002 0.0028 0.002 4
1770200590.4230 0 'robobot/drive/T0/mvel' 1770200590.4229 0.002 0.002
1770200590.4253 0 'robobot/drive/T0/mca' 1770200590.4252 0.103 0.040 17
1770200590.4254 0 'robobot/drive/T0/gyro' 1770200590.4253 0.038757 0.045776 0.167908 102.170
1770200590.4254 0 'robobot/drive/T0/pose' 1770200590.4254 102.1700 0.723 0.198 1.5844 -2.7139
1770200590.4255 0 'robobot/drive/T0/acc' 1770200590.4254 0.398926 0.000000 0.878662 102.170
1770200590.4277 0 'robobot/drive/T0/livn' 1770200590.4276 37 37 48 74 75 41 39 44 223
1770200590.4298 0 'robobot/drive/T0/vel' 1770200590.4298 102.1740 0.002 0.002 0.0027 0.002 4
1770200590.4304 0 'robobot/drive/T0/mvel' 1770200590.4304 0.002 0.002
1770200590.4310 0 'robobot/drive/T0/pose' 1770200590.4309 102.1750 0.723 0.198 1.5844 -2.7140
1770200590.4310 0 'robobot/drive/T0/ird' 1770200590.4310 0.852 0.118 3547 16407 1
1770200590.4353 0 'robobot/drive/T0/mot' 1770200590.4353 -0.05 0.01 0.1 0.1 0
1770200590.4364 0 'robobot/drive/T0/pose' 1770200590.4364 102.1800 0.723 0.198 1.5844 -2.7140
1770200590.4376 0 'robobot/drive/T0/gyro' 1770200590.4375 -0.113831 -0.289917 -0.045715 102.182
1770200590.4376 0 'robobot/drive/T0/acc' 1770200590.4376 0.399414 0.001221 0.889893 102.182
1770200590.4377 0 'robobot/drive/T0/vel' 1770200590.4376 102.1820 0.002 0.002 0.0024 0.002 4
1770200590.4378 0 'robobot/drive/T0/livn' 1770200590.4377 37 37 48 74 75 41 39 44 228
1770200590.4378 0 'robobot/drive/T0/mvel' 1770200590.4378 0.002 0.002
1770200590.4410 0 'robobot/drive/T0/pose' 1770200590.4409 102.1850 0.723 0.198 1.5844 -2.7141
1770200590.4464 0 'robobot/drive/T0/vel' 1770200590.4463 102.1900 0.002 0.002 0.0023 0.002 4
1770200590.4464 0 'robobot/drive/T0/pose' 1770200590.4464 102.1900 0.723 0.198 1.5844 -2.7141
1770200590.4474 0 'robobot/drive/T0/mvel' 1770200590.4473 0.002 0.002
1770200590.4486 0 'robobot/drive/T0/livn' 1770200590.4486 37 37 48 75 75 41 39 44 233
1770200590.4498 0 'robobot/drive/T0/gyro' 1770200590.4497 -0.144348 -0.320435 -0.167786 102.194
1770200590.4498 0 'robobot/drive/T0/acc' 1770200590.4498 0.399902 -0.003174 0.890381 102.194
1770200590.4510 0 'robobot/drive/T0/pose' 1770200590.4509 102.1950 0.723 0.198 1.5844 -2.7141
1770200590.4542 0 'robobot/drive/T0/vel' 1770200590.4541 102.1980 0.001 0.002 0.0049 0.001 4
1770200590.4548 0 'robobot/drive/T0/mvel' 1770200590.4548 0.001 0.002
1770200590.4564 0 'robobot/drive/T0/ird' 1770200590.4563 0.854 0.117 3542 16449 1
1770200590.4565 0 'robobot/drive/T0/pose' 1770200590.4564 102.2000 0.723 0.198 1.5844 -2.7142
1770200590.4586 0 'robobot/drive/T0/livn' 1770200590.4586 37 37 48 75 75 41 39 44 238
1770200590.4587 0 'robobot/drive/T0/mca' 1770200590.4586 0.077 0.030 17
1770200590.4609 0 'robobot/drive/T0/pose' 1770200590.4608 102.2050 0.723 0.198 1.5844 -2.7142
1770200590.4620 0 'robobot/drive/T0/gyro' 1770200590.4619 -0.113831 0.167847 -0.137268 102.206
1770200590.4621 0 'robobot/drive/T0/acc' 1770200590.4620 0.405762 -0.001465 0.895020 102.206
1770200590.4621 0 'robobot/drive/T0/vel' 1770200590.4621 102.2060 0.000 0.002 0.0084 0.000 4
1770200590.4622 0 'robobot/drive/T0/mvel' 1770200590.4622 0.000 0.002
1770200590.4632 0 'robobot/drive/T0/liv' 1770200590.4632 27 35 47 61 68 40 35 33 25
1770200590.4665 0 'robobot/drive/T0/pose' 1770200590.4664 102.2100 0.723 0.198 1.5844 -2.7142
1770200590.4687 0 'robobot/drive/T0/livn' 1770200590.4686 37 37 48 75 75 41 39 44 243
1770200590.4687 0 'robobot/drive/T0/mot' 1770200590.4687 0 0 0.1 0.1 0
1770200590.4699 0 'robobot/drive/T0/vel' 1770200590.4698 102.2140 0.000 0.002 0.0092 0.000 4
1770200590.4707 0 'robobot/drive/T0/mvel' 1770200590.4707 0.000 0.002
1770200590.4710 0 'robobot/drive/T0/pose' 1770200590.4709 102.2150 0.723 0.198 1.5844 -2.7143
1770200590.4732 0 'robobot/drive/T0/gyro' 1770200590.4731 -0.266418 -0.381470 0.198425 102.218
1770200590.4732 0 'robobot/drive/T0/acc' 1770200590.4732 0.407959 -0.003174 0.900879 102.218
1770200590.4765 0 'robobot/drive/T0/pose' 1770200590.4764 102.2200 0.723 0.198 1.5844 -2.7143
1770200590.4787 0 'robobot/drive/T0/vel' 1770200590.4786 102.2220 0.000 0.001 0.0057 0.000 4
1770200590.4787 0 'robobot/drive/T0/livn' 1770200590.4787 37 37 48 75 75 41 39 44 248
1770200590.4792 0 'robobot/drive/T0/mvel' 1770200590.4792 0.000 0.001
1770200590.4809 0 'robobot/drive/T0/ird' 1770200590.4808 0.865 0.118 3516 16405 1
1770200590.4810 0 'robobot/drive/T0/pose' 1770200590.4809 102.2250 0.723 0.198 1.5844 -2.7144
1770200590.4853 0 'robobot/drive/T0/gyro' 1770200590.4852 0.099792 -0.198364 -0.015198 102.230
1770200590.4853 0 'robobot/drive/T0/acc' 1770200590.4853 0.403320 -0.002930 0.887207 102.230
1770200590.4865 0 'robobot/drive/T0/vel' 1770200590.4864 102.2300 0.000 0.000 0.0010 0.000 4
1770200590.4865 0 'robobot/drive/T0/pose' 1770200590.4865 102.2300 0.723 0.198 1.5844 -2.7144
1770200590.4866 0 'robobot/drive/T0/mvel' 1770200590.4866 0.000 0.000
1770200590.4877 0 'robobot/drive/T0/livn' 1770200590.4876 37 37 48 75 75 41 39 44 253
1770200590.4909 0 'robobot/drive/T0/pose' 1770200590.4908 102.2350 0.723 0.198 1.5844 -2.7144
1770200590.4920 0 'robobot/drive/T0/mca' 1770200590.4920 0.000 0.000 16
1770200590.4942 0 'robobot/drive/T0/vel' 1770200590.4941 102.2380 0.000 0.000 -0.0003 0.000 4
1770200590.4951 0 'robobot/drive/T0/mvel' 1770200590.4951 0.000 0.000
1770200590.4964 0 'robobot/drive/T0/pose' 1770200590.4963 102.2400 0.723 0.198 1.5844 -2.7144
1770200590.4975 0 'robobot/drive/T0/gyro' 1770200590.4974 -0.022278 -0.106812 -0.198303 102.242
1770200590.4976 0 'robobot/drive/T0/acc' 1770200590.4975 0.406494 -0.003662 0.899170 102.242
1770200590.4976 0 'robobot/drive/T0/livn' 1770200590.4976 37 37 48 75 75 41 39 44 258
1770200590.5009 0 'robobot/drive/T0/pose' 1770200590.5008 102.2450 0.723 0.198 1.5844 -2.7145
1770200590.5009 0 'robobot/drive/T0/mot' 1770200590.5009 0 0 0.1 0.1 0
1770200590.5021 0 'robobot/drive/T0/vel' 1770200590.5020 102.2460 -0.000 0.000 0.0008 -0.000 4
1770200590.5026 0 'robobot/drive/T0/mvel' 1770200590.5025 -0.000 0.000
1770200590.5063 0 'robobot/drive/T0/ird' 1770200590.5063 0.905 0.117 3427 16478 1
1770200590.5064 0 'robobot/drive/T0/pose' 1770200590.5063 102.2500 0.723 0.198 1.5844 -2.7144
1770200590.5086 0 'robobot/drive/T0/livn' 1770200590.5085 36 37 48 75 75 41 38 44 263
1770200590.5097 0 'robobot/drive/T0/gyro' 1770200590.5096 0.038757 -0.076294 -0.350891 102.254
1770200590.5098 0 'robobot/drive/T0/acc' 1770200590.5097 0.405762 -0.007080 0.898926 102.254
1770200590.5099 0 'robobot/drive/T0/vel' 1770200590.5098 102.2540 -0.001 0.000 0.0041 -0.001 4
1770200590.5100 0 'robobot/drive/T0/mvel' 1770200590.5100 -0.001 0.000
1770200590.5110 0 'robobot/drive/T0/pose' 1770200590.5109 102.2550 0.723 0.198 1.5844 -2.7145
1770200590.5132 0 'robobot/drive/T0/liv' 1770200590.5131 23 32 50 63 69 36 32 31 25
1770200590.5164 0 'robobot/drive/T0/pose' 1770200590.5163 102.2600 0.723 0.198 1.5844 -2.7145
1770200590.5186 0 'robobot/drive/T0/vel' 1770200590.5185 102.2620 -0.001 0.000 0.0041 -0.001 4
1770200590.5186 0 'robobot/drive/T0/livn' 1770200590.5186 36 37 48 75 75 41 38 44 268
1770200590.5196 0 'robobot/drive/T0/mvel' 1770200590.5195 -0.001 0.000
1770200590.5208 0 'robobot/drive/T0/pose' 1770200590.5207 102.2650 0.723 0.198 1.5844 -2.7145
1770200590.5220 0 'robobot/drive/T0/gyro' 1770200590.5219 -0.022278 -0.106812 0.015320 102.266
1770200590.5220 0 'robobot/drive/T0/acc' 1770200590.5220 0.409424 0.002686 0.890869 102.266
1770200590.5242 0 'robobot/drive/T0/mca' 1770200590.5241 0.000 0.000 17
1770200590.5264 0 'robobot/drive/T0/vel' 1770200590.5263 102.2700 -0.001 0.000 0.0041 -0.001 4
1770200590.5265 0 'robobot/drive/T0/pose' 1770200590.5264 102.2700 0.723 0.198 1.5844 -2.7145
1770200590.5270 0 'robobot/drive/T0/mvel' 1770200590.5270 -0.001 0.000
1770200590.5287 0 'robobot/drive/T0/livn' 1770200590.5286 36 37 48 75 75 41 38 44 273
1770200590.5309 0 'robobot/drive/T0/ird' 1770200590.5308 0.917 0.117 3401 16448 1
1770200590.5310 0 'robobot/drive/T0/pose' 1770200590.5309 102.2750 0.723 0.198 1.5844 -2.7145
1770200590.5333 0 'robobot/drive/T0/gyro' 1770200590.5331 -0.022278 0.198364 0.045837 102.278
1770200590.5334 0 'robobot/drive/T0/acc' 1770200590.5333 0.408691 -0.000488 0.898682 102.278
1770200590.5345 0 'robobot/drive/T0/vel' 1770200590.5344 102.2780 -0.001 0.000 0.0041 -0.001 4
1770200590.5346 0 'robobot/drive/T0/mot' 1770200590.5345 0 0 0.1 0.1 0
1770200590.5355 0 'robobot/drive/T0/mvel' 1770200590.5355 -0.001 0.000
1770200590.5357 0 'robobot/drive/T0/pose' 1770200590.5356 102.2800 0.723 0.198 1.5844 -2.7145
1770200590.5380 0 'robobot/drive/T0/livn' 1770200590.5379 36 37 48 75 76 41 38 44 278
1770200590.5413 0 'robobot/drive/T0/pose' 1770200590.5412 102.2850 0.723 0.198 1.5844 -2.7144
1770200590.5424 0 'robobot/drive/T0/vel' 1770200590.5424 102.2860 -0.001 0.000 0.0041 -0.001 4
1770200590.5430 0 'robobot/drive/T0/mvel' 1770200590.5429 -0.001 0.000
1770200590.5457 0 'robobot/drive/T0/gyro' 1770200590.5456 0.038757 0.228882 -0.228821 102.290
1770200590.5458 0 'robobot/drive/T0/acc' 1770200590.5457 0.408936 0.001709 0.889404 102.290
1770200590.5458 0 'robobot/drive/T0/pose' 1770200590.5458 102.2900 0.723 0.198 1.5844 -2.7144
1770200590.5481 0 'robobot/drive/T0/livn' 1770200590.5480 36 37 48 75 76 41 39 44 283
1770200590.5503 0 'robobot/drive/T0/vel' 1770200590.5502 102.2940 -0.001 0.000 0.0041 -0.001 4
1770200590.5504 0 'robobot/drive/T0/mvel' 1770200590.5504 -0.001 0.000
1770200590.5515 0 'robobot/drive/T0/pose' 1770200590.5514 102.2950 0.723 0.198 1.5844 -2.7144
1770200590.5558 0 'robobot/drive/T0/ird' 1770200590.5557 0.926 0.117 3383 16509 1
1770200590.5560 0 'robobot/drive/T0/pose' 1770200590.5558 102.3000 0.723 0.198 1.5844 -2.7144
1770200590.5582 0 'robobot/drive/T0/mca' 1770200590.5581 0.000 0.000 16
1770200590.5583 0 'robobot/drive/T0/gyro' 1770200590.5582 -0.022278 0.106812 -0.015198 102.302
1770200590.5584 0 'robobot/drive/T0/acc' 1770200590.5583 0.407227 -0.001221 0.881348 102.302
1770200590.5586 0 'robobot/drive/T0/vel' 1770200590.5584 102.3020 -0.001 0.000 0.0041 -0.001 4
1770200590.5587 0 'robobot/drive/T0/livn' 1770200590.5586 36 36 48 75 76 41 38 44 288
1770200590.5588 0 'robobot/drive/T0/mvel' 1770200590.5588 -0.001 0.000
1770200590.5609 0 'robobot/drive/T0/pose' 1770200590.5608 102.3050 0.723 0.198 1.5844 -2.7143
1770200590.5631 0 'robobot/drive/T0/liv' 1770200590.5630 27 30 42 58 72 41 33 28 25
1770200590.5663 0 'robobot/drive/T0/vel' 1770200590.5663 102.3100 -0.001 0.000 0.0041 -0.001 4
1770200590.5664 0 'robobot/drive/T0/pose' 1770200590.5663 102.3100 0.723 0.198 1.5844 -2.7144
1770200590.5673 0 'robobot/drive/T0/mvel' 1770200590.5672 -0.001 0.000
1770200590.5675 0 'robobot/drive/T0/mot' 1770200590.5675 0 0 0.1 0.1 0
1770200590.5687 0 'robobot/drive/T0/livn' 1770200590.5686 36 36 48 75 76 41 38 44 293
1770200590.5698 0 'robobot/drive/T0/gyro' 1770200590.5697 -0.022278 0.015259 -0.106750 102.314
1770200590.5699 0 'robobot/drive/T0/acc' 1770200590.5698 0.405029 0.002441 0.895996 102.314
1770200590.5711 0 'robobot/drive/T0/pose' 1770200590.5710 102.3150 0.723 0.198 1.5844 -2.7144
1770200590.5744 0 'robobot/drive/T0/vel' 1770200590.5743 102.3180 -0.001 0.000 0.0041 -0.001 4
1770200590.5747 0 'robobot/drive/T0/mvel' 1770200590.5746 -0.001 0.000
1770200590.5766 0 'robobot/drive/T0/pose' 1770200590.5765 102.3200 0.723 0.198 1.5844 -2.7144
1770200590.5777 0 'robobot/drive/T0/livn' 1770200590.5776 36 36 48 75 76 41 38 44 298
1770200590.5810 0 'robobot/drive/T0/ird' 1770200590.5809 0.918 0.117 3400 16480 1
1770200590.5811 0 'robobot/drive/T0/pose' 1770200590.5810 102.3250 0.723 0.198 1.5844 -2.7144
1770200590.5812 0 'robobot/drive/T0/gyro' 1770200590.5811 -0.327454 0.167847 0.106873 102.326
1770200590.5812 0 'robobot/drive/T0/acc' 1770200590.5812 0.402344 0.000488 0.891846 102.326
1770200590.5824 0 'robobot/drive/T0/vel' 1770200590.5823 102.3260 -0.001 0.000 0.0041 -0.001 4
1770200590.5831 0 'robobot/drive/T0/mvel' 1770200590.5831 -0.001 0.000
1770200590.5857 0 'robobot/drive/T0/pose' 1770200590.5856 102.3300 0.723 0.198 1.5844 -2.7144
1770200590.5879 0 'robobot/drive/T0/livn' 1770200590.5878 33 38 45 76 79 36 39 45 2
1770200590.5901 0 'robobot/drive/T0/vel' 1770200590.5900 102.3340 -0.001 0.000 0.0041 -0.001 4
1770200590.5901 0 'robobot/drive/T0/mca' 1770200590.5901 0.000 0.000 17
1770200590.5905 0 'robobot/drive/T0/mvel' 1770200590.5905 -0.001 0.000
1770200590.5913 0 'robobot/drive/T0/pose' 1770200590.5912 102.3350 0.723 0.198 1.5844 -2.7144
1770200590.5935 0 'robobot/drive/T0/gyro' 1770200590.5934 -0.022278 0.015259 0.198425 102.338
1770200590.5936 0 'robobot/drive/T0/acc' 1770200590.5935 0.403320 -0.004150 0.901611 102.338
1770200590.5958 0 'robobot/drive/T0/pose' 1770200590.5957 102.3400 0.723 0.198 1.5844 -2.7145
1770200590.5980 0 'robobot/drive/T0/vel' 1770200590.5979 102.3420 -0.001 0.000 0.0041 -0.001 4
1770200590.5981 0 'robobot/drive/T0/livn' 1770200590.5980 39 43 45 79 78 38 30 40 7
1770200590.5990 0 'robobot/drive/T0/mvel' 1770200590.5990 -0.001 0.000
1770200590.6002 0 'robobot/drive/T0/mot' 1770200590.6002 0 0 0.1 0.1 0
1770200590.6014 0 'robobot/drive/T0/pose' 1770200590.6013 102.3450 0.723 0.198 1.5844 -2.7145
1770200590.6057 0 'robobot/drive/T0/gyro' 1770200590.6056 -0.022278 -0.076294 -0.228821 102.350
1770200590.6058 0 'robobot/drive/T0/acc' 1770200590.6057 0.398926 -0.000732 0.891846 102.350
1770200590.6058 0 'robobot/drive/T0/ird' 1770200590.6058 0.919 0.118 3397 16404 1
1770200590.6059 0 'robobot/drive/T0/vel' 1770200590.6058 102.3500 -0.001 0.000 0.0041 -0.001 4
1770200590.6059 0 'robobot/drive/T0/pose' 1770200590.6059 102.3500 0.723 0.198 1.5844 -2.7145
1770200590.6064 0 'robobot/drive/T0/mvel' 1770200590.6064 -0.001 0.000
1770200590.6082 0 'robobot/drive/T0/livn' 1770200590.6081 35 41 47 80 75 39 34 42 12
1770200590.6114 0 'robobot/drive/T0/pose' 1770200590.6113 102.3550 0.723 0.198 1.5844 -2.7145
1770200590.6136 0 'robobot/drive/T0/liv' 1770200590.6135 26 34 45 60 67 38 33 33 25
1770200590.6137 0 'robobot/drive/T0/vel' 1770200590.6136 102.3580 -0.001 0.000 0.0041 -0.001 4
1770200590.6138 0 'robobot/drive/T0/mvel' 1770200590.6138 -0.001 0.000
1770200590.6159 0 'robobot/drive/T0/pose' 1770200590.6158 102.3600 0.723 0.198 1.5844 -2.7145
1770200590.6181 0 'robobot/drive/T0/gyro' 1770200590.6180 0.160828 -0.076294 -0.198303 102.362
1770200590.6181 0 'robobot/drive/T0/acc' 1770200590.6181 0.395996 -0.004883 0.892090 102.362
1770200590.6182 0 'robobot/drive/T0/livn' 1770200590.6181 35 39 46 78 76 39 35 43 17
1770200590.6215 0 'robobot/drive/T0/pose' 1770200590.6214 102.3650 0.723 0.198 1.5844 -2.7146
1770200590.6226 0 'robobot/drive/T0/vel' 1770200590.6225 102.3660 -0.001 0.000 0.0041 -0.001 4
1770200590.6233 0 'robobot/drive/T0/mvel' 1770200590.6233 -0.001 0.000
1770200590.6237 0 'robobot/drive/T0/mca' 1770200590.6237 0.000 0.000 16
1770200590.6259 0 'robobot/drive/T0/pose' 1770200590.6259 102.3700 0.723 0.198 1.5844 -2.7146
1770200590.6281 0 'robobot/drive/T0/livn' 1770200590.6281 36 37 45 78 76 41 36 41 22
1770200590.6293 0 'robobot/drive/T0/gyro' 1770200590.6292 -0.113831 0.137329 -0.137268 102.374
1770200590.6293 0 'robobot/drive/T0/acc' 1770200590.6293 0.403320 -0.007812 0.894531 102.374
1770200590.6305 0 'robobot/drive/T0/vel' 1770200590.6304 102.3740 -0.001 0.000 0.0041 -0.001 4
1770200590.6307 0 'robobot/drive/T0/mvel' 1770200590.6307 -0.001 0.000
1770200590.6317 0 'robobot/drive/T0/ird' 1770200590.6316 0.920 0.117 3395 16532 1
1770200590.6317 0 'robobot/drive/T0/pose' 1770200590.6317 102.3750 0.723 0.198 1.5844 -2.7146
1770200590.6329 0 'robobot/drive/T0/mot' 1770200590.6328 0 0 0.1 0.1 0
1770200590.6361 0 'robobot/drive/T0/pose' 1770200590.6361 102.3800 0.723 0.198 1.5844 -2.7147
1770200590.6383 0 'robobot/drive/T0/vel' 1770200590.6383 102.3820 -0.001 0.000 0.0041 -0.001 4
1770200590.6384 0 'robobot/drive/T0/livn' 1770200590.6383 36 37 45 78 77 41 34 39 27
1770200590.6392 0 'robobot/drive/T0/mvel' 1770200590.6392 -0.001 0.000
1770200590.6417 0 'robobot/drive/T0/pose' 1770200590.6416 102.3850 0.723 0.198 1.5844 -2.7147
1770200590.6417 0 'robobot/drive/T0/gyro' 1770200590.6417 -0.052795 -0.167847 -0.259338 102.386
1770200590.6418 0 'robobot/drive/T0/acc' 1770200590.6417 0.400146 -0.003662 0.896973 102.386
1770200590.6461 0 'robobot/drive/T0/vel' 1770200590.6460 102.3900 -0.001 0.000 0.0041 -0.001 4
1770200590.6463 0 'robobot/drive/T0/pose' 1770200590.6461 102.3900 0.723 0.198 1.5844 -2.7148
1770200590.6466 0 'robobot/drive/T0/mvel' 1770200590.6466 -0.001 0.000
1770200590.6485 0 'robobot/drive/T0/livn' 1770200590.6484 37 36 44 76 77 42 34 40 32
1770200590.6517 0 'robobot/drive/T0/pose' 1770200590.6516 102.3950 0.723 0.198 1.5844 -2.7148
1770200590.6539 0 'robobot/drive/T0/gyro' 1770200590.6538 -0.144348 -0.137329 0.015320 102.398
1770200590.6540 0 'robobot/drive/T0/acc' 1770200590.6539 0.408203 -0.002930 0.889893 102.398
1770200590.6540 0 'robobot/drive/T0/vel' 1770200590.6540 102.3980 -0.001 0.000 0.0041 -0.001 4
1770200590.6551 0 'robobot/drive/T0/mvel' 1770200590.6551 -0.001 0.000
1770200590.6562 0 'robobot/drive/T0/ird' 1770200590.6562 0.913 0.118 3411 16414 1
1770200590.6563 0 'robobot/drive/T0/pose' 1770200590.6562 102.4000 0.723 0.198 1.5844 -2.7148
1770200590.6563 0 'robobot/drive/T0/mca' 1770200590.6563 0.000 0.000 17
1770200590.6585 0 'robobot/drive/T0/livn' 1770200590.6585 37 35 44 77 77 42 35 40 37
1770200590.6618 0 'robobot/drive/T0/pose' 1770200590.6617 102.4050 0.723 0.198 1.5844 -2.7148
1770200590.6618 0 'robobot/drive/T0/vel' 1770200590.6618 102.4060 -0.001 0.000 0.0041 -0.001 4
1770200590.6625 0 'robobot/drive/T0/mvel' 1770200590.6625 -0.001 0.000
1770200590.6630 0 'robobot/drive/T0/liv' 1770200590.6629 31 31 44 58 69 41 32 27 25
1770200590.6652 0 'robobot/drive/T0/gyro' 1770200590.6651 0.160828 0.045776 -0.289856 102.410
1770200590.6652 0 'robobot/drive/T0/acc' 1770200590.6652 0.407227 -0.002441 0.894043 102.410
1770200590.6664 0 'robobot/drive/T0/pose' 1770200590.6663 102.4100 0.723 0.198 1.5844 -2.7148
1770200590.6664 0 'robobot/drive/T0/mot' 1770200590.6664 0 0 0.1 0.1 0
1770200590.6686 0 'robobot/drive/T0/livn' 1770200590.6685 38 36 46 76 77 41 35 41 42
1770200590.6697 0 'robobot/drive/T0/vel' 1770200590.6696 102.4140 -0.001 0.000 0.0041 -0.001 4
1770200590.6699 0 'robobot/drive/T0/mvel' 1770200590.6699 -0.001 0.000
1770200590.6708 0 'robobot/drive/T0/pose' 1770200590.6708 102.4150 0.723 0.198 1.5844 -2.7148
1770200590.6762 0 'robobot/drive/T0/pose' 1770200590.6761 102.4200 0.723 0.198 1.5844 -2.7148
1770200590.6773 0 'robobot/drive/T0/gyro' 1770200590.6773 -0.113831 -0.228882 -0.198303 102.422
1770200590.6774 0 'robobot/drive/T0/acc' 1770200590.6773 0.408203 -0.001221 0.892334 102.422
1770200590.6785 0 'robobot/drive/T0/vel' 1770200590.6785 102.4220 -0.001 0.000 0.0041 -0.001 4
1770200590.6786 0 'robobot/drive/T0/livn' 1770200590.6785 37 37 46 76 77 41 36 42 47
1770200590.6795 0 'robobot/drive/T0/mvel' 1770200590.6794 -0.001 0.000
1770200590.6808 0 'robobot/drive/T0/ird' 1770200590.6807 0.895 0.117 3449 16493 1
1770200590.6809 0 'robobot/drive/T0/pose' 1770200590.6808 102.4250 0.723 0.198 1.5844 -2.7148
1770200590.6862 0 'robobot/drive/T0/vel' 1770200590.6861 102.4300 -0.001 0.000 0.0041 -0.001 4
1770200590.6863 0 'robobot/drive/T0/pose' 1770200590.6862 102.4300 0.723 0.198 1.5844 -2.7148
1770200590.6869 0 'robobot/drive/T0/mvel' 1770200590.6869 -0.001 0.000
1770200590.6884 0 'robobot/drive/T0/livn' 1770200590.6884 37 37 46 75 76 42 36 41 52
1770200590.6896 0 'robobot/drive/T0/mca' 1770200590.6895 0.000 0.000 16
1770200590.6896 0 'robobot/drive/T0/gyro' 1770200590.6896 -0.052795 -0.076294 0.106873 102.434
1770200590.6897 0 'robobot/drive/T0/acc' 1770200590.6896 0.409668 0.002686 0.890137 102.434
1770200590.6908 0 'robobot/drive/T0/pose' 1770200590.6907 102.4350 0.723 0.198 1.5844 -2.7148
1770200590.6941 0 'robobot/drive/T0/vel' 1770200590.6940 102.4380 -0.001 0.000 0.0041 -0.001 4
1770200590.6943 0 'robobot/drive/T0/mvel' 1770200590.6943 -0.001 0.000
1770200590.6962 0 'robobot/drive/T0/pose' 1770200590.6962 102.4400 0.723 0.198 1.5844 -2.7148
1770200590.6984 0 'robobot/drive/T0/livn' 1770200590.6984 37 36 46 74 76 42 36 41 57
1770200590.6995 0 'robobot/drive/T0/mot' 1770200590.6995 0 0 0.1 0.1 0
1770200590.7017 0 'robobot/drive/T0/pose' 1770200590.7016 102.4450 0.723 0.198 1.5844 -2.7148
1770200590.7018 0 'robobot/drive/T0/gyro' 1770200590.7017 -0.266418 -0.137329 -0.076233 102.446
1770200590.7019 0 'robobot/drive/T0/acc' 1770200590.7018 0.413818 -0.001465 0.889648 102.446
1770200590.7019 0 'robobot/drive/T0/vel' 1770200590.7019 102.4460 -0.001 0.000 0.0041 -0.001 4
1770200590.7028 0 'robobot/drive/T0/mvel' 1770200590.7028 -0.001 0.000
1770200590.7062 0 'robobot/drive/T0/ird' 1770200590.7062 0.857 0.117 3535 16460 1
1770200590.7063 0 'robobot/drive/T0/pose' 1770200590.7062 102.4500 0.723 0.198 1.5844 -2.7147
1770200590.7085 0 'robobot/drive/T0/livn' 1770200590.7084 37 37 46 75 77 42 36 41 62
1770200590.7107 0 'robobot/drive/T0/vel' 1770200590.7106 102.4540 -0.001 0.000 0.0041 -0.001 4
1770200590.7113 0 'robobot/drive/T0/mvel' 1770200590.7113 -0.001 0.000
1770200590.7118 0 'robobot/drive/T0/pose' 1770200590.7117 102.4550 0.723 0.198 1.5844 -2.7147
1770200590.7129 0 'robobot/drive/T0/liv' 1770200590.7128 25 33 44 57 69 43 34 29 25
1770200590.7140 0 'robobot/drive/T0/gyro' 1770200590.7140 0.008240 0.137329 0.167908 102.458
1770200590.7141 0 'robobot/drive/T0/acc' 1770200590.7140 0.414551 -0.007568 0.894043 102.458
1770200590.7163 0 'robobot/drive/T0/pose' 1770200590.7162 102.4600 0.723 0.198 1.5844 -2.7147
1770200590.7185 0 'robobot/drive/T0/vel' 1770200590.7184 102.4620 -0.001 0.000 0.0041 -0.001 4
1770200590.7185 0 'robobot/drive/T0/livn' 1770200590.7185 36 36 46 75 77 43 36 41 67
1770200590.7187 0 'robobot/drive/T0/mvel' 1770200590.7187 -0.001 0.000
1770200590.7218 0 'robobot/drive/T0/pose' 1770200590.7217 102.4650 0.723 0.198 1.5844 -2.7146
1770200590.7229 0 'robobot/drive/T0/mca' 1770200590.7229 0.000 0.000 17
1770200590.7262 0 'robobot/drive/T0/gyro' 1770200590.7261 -0.144348 0.045776 -0.137268 102.470
1770200590.7263 0 'robobot/drive/T0/acc' 1770200590.7262 0.411865 -0.008057 0.886475 102.470
1770200590.7263 0 'robobot/drive/T0/vel' 1770200590.7263 102.4700 -0.001 0.000 0.0041 -0.001 4
1770200590.7264 0 'robobot/drive/T0/pose' 1770200590.7264 102.4700 0.723 0.198 1.5844 -2.7146
1770200590.7272 0 'robobot/drive/T0/mvel' 1770200590.7272 -0.001 0.000
1770200590.7288 0 'robobot/drive/T0/livn' 1770200590.7287 35 37 46 75 77 43 36 42 72
1770200590.7310 0 'robobot/drive/T0/ird' 1770200590.7309 0.891 0.117 3457 16476 1
1770200590.7311 0 'robobot/drive/T0/pose' 1770200590.7310 102.4750 0.723 0.198 1.5844 -2.7145
1770200590.7322 0 'robobot/drive/T0/mot' 1770200590.7321 0 0 0.1 0.1 0
1770200590.7344 0 'robobot/drive/T0/vel' 1770200590.7343 102.4780 -0.001 0.000 0.0041 -0.001 4
1770200590.7347 0 'robobot/drive/T0/mvel' 1770200590.7346 -0.001 0.000
1770200590.7366 0 'robobot/drive/T0/pose' 1770200590.7365 102.4800 0.723 0.198 1.5844 -2.7145
1770200590.7377 0 'robobot/drive/T0/gyro' 1770200590.7376 0.069275 0.411987 0.045837 102.482
1770200590.7379 0 'robobot/drive/T0/acc' 1770200590.7377 0.412842 -0.010986 0.879150 102.482
1770200590.7379 0 'robobot/drive/T0/livn' 1770200590.7379 35 37 46 75 77 42 36 43 77
1770200590.7412 0 'robobot/drive/T0/pose' 1770200590.7411 102.4850 0.723 0.198 1.5844 -2.7145
1770200590.7423 0 'robobot/drive/T0/vel' 1770200590.7423 102.4860 -0.001 0.000 0.0041 -0.001 4
1770200590.7432 0 'robobot/drive/T0/mvel' 1770200590.7431 -0.001 0.000
1770200590.7467 0 'robobot/drive/T0/pose' 1770200590.7466 102.4900 0.723 0.198 1.5844 -2.7145
1770200590.7478 0 'robobot/drive/T0/livn' 1770200590.7478 36 38 46 74 77 43 36 44 82
1770200590.7500 0 'robobot/drive/T0/gyro' 1770200590.7499 -0.174866 -0.137329 -0.198303 102.494
1770200590.7501 0 'robobot/drive/T0/acc' 1770200590.7500 0.409180 -0.009277 0.896729 102.494
1770200590.7502 0 'robobot/drive/T0/vel' 1770200590.7501 102.4940 -0.001 0.000 0.0041 -0.001 4
1770200590.7506 0 'robobot/drive/T0/mvel' 1770200590.7506 -0.001 0.000
1770200590.7513 0 'robobot/drive/T0/pose' 1770200590.7512 102.4950 0.723 0.198 1.5844 -2.7145
1770200590.7556 0 'robobot/drive/T0/mca' 1770200590.7555 0.000 0.000 16
1770200590.7557 0 'robobot/drive/T0/ird' 1770200590.7556 0.897 0.116 3444 16594 1
1770200590.7568 0 'robobot/drive/T0/pose' 1770200590.7567 102.5000 0.723 0.198 1.5844 -2.7145
1770200590.7579 0 'robobot/drive/T0/vel' 1770200590.7578 102.5020 -0.001 0.000 0.0041 -0.001 4
1770200590.7580 0 'robobot/drive/T0/livn' 1770200590.7579 36 37 46 74 77 42 36 44 87
1770200590.7580 0 'robobot/drive/T0/mvel' 1770200590.7580 -0.001 0.000
1770200590.7612 0 'robobot/drive/T0/pose' 1770200590.7611 102.5050 0.723 0.198 1.5844 -2.7145
1770200590.7613 0 'robobot/drive/T0/gyro' 1770200590.7612 -0.113831 0.167847 -0.076233 102.506
1770200590.7614 0 'robobot/drive/T0/acc' 1770200590.7613 0.400146 0.000244 0.889404 102.506
1770200590.7635 0 'robobot/drive/T0/liv' 1770200590.7635 28 38 46 55 68 41 36 35 25
1770200590.7647 0 'robobot/drive/T0/hbt' 1770200590.7646 102.5090 107 1033 15.66 4 8 8.9 0.31 0
1770200590.7658 0 'robobot/drive/T0/mot' 1770200590.7657 0 0 0.1 0.1 0
1770200590.7659 0 'robobot/drive/T0/vel' 1770200590.7658 102.5100 0.000 0.000 0.0000 0.000 4
1770200590.7660 0 'robobot/drive/T0/pose' 1770200590.7659 102.5100 0.723 0.198 1.5844 -2.7145
1770200590.7665 0 'robobot/drive/T0/mvel' 1770200590.7665 0.000 0.000
1770200590.7681 0 'robobot/drive/T0/livn' 1770200590.7681 36 38 47 74 77 42 37 44 92
1770200590.7714 0 'robobot/drive/T0/pose' 1770200590.7713 102.5150 0.723 0.198 1.5844 -2.7145
1770200590.7736 0 'robobot/drive/T0/gyro' 1770200590.7735 -0.052795 0.198364 0.076355 102.518
1770200590.7737 0 'robobot/drive/T0/acc' 1770200590.7736 0.397949 -0.000244 0.889893 102.518
1770200590.7737 0 'robobot/drive/T0/vel' 1770200590.7737 102.5180 0.000 0.000 0.0000 0.000 4
1770200590.7739 0 'robobot/drive/T0/mvel' 1770200590.7739 0.000 0.000
1770200590.7759 0 'robobot/drive/T0/pose' 1770200590.7759 102.5200 0.723 0.198 1.5844 -2.7145
1770200590.7781 0 'robobot/drive/T0/livn' 1770200590.7781 36 38 47 74 77 42 37 44 97
1770200590.7814 0 'robobot/drive/T0/ird' 1770200590.7813 0.856 0.117 3538 16480 1
1770200590.7814 0 'robobot/drive/T0/pose' 1770200590.7814 102.5250 0.723 0.198 1.5844 -2.7145
1770200590.7825 0 'robobot/drive/T0/vel' 1770200590.7825 102.5260 0.000 0.000 0.0000 0.000 4
1770200590.7835 0 'robobot/drive/T0/mvel' 1770200590.7835 0.000 0.000
1770200590.7858 0 'robobot/drive/T0/gyro' 1770200590.7857 0.221863 0.289917 -0.045715 102.530
1770200590.7859 0 'robobot/drive/T0/acc' 1770200590.7858 0.396973 0.004639 0.896484 102.530
1770200590.7859 0 'robobot/drive/T0/pose' 1770200590.7859 102.5300 0.723 0.198 1.5844 -2.7146
1770200590.7881 0 'robobot/drive/T0/livn' 1770200590.7880 36 38 47 73 77 42 37 44 102
1770200590.7882 0 'robobot/drive/T0/mca' 1770200590.7881 0.000 0.000 17
1770200590.7903 0 'robobot/drive/T0/vel' 1770200590.7903 102.5340 0.000 0.000 0.0000 0.000 4
1770200590.7909 0 'robobot/drive/T0/mvel' 1770200590.7909 0.000 0.000
1770200590.7915 0 'robobot/drive/T0/pose' 1770200590.7914 102.5350 0.723 0.198 1.5844 -2.7146
1770200590.7968 0 'robobot/drive/T0/pose' 1770200590.7968 102.5400 0.723 0.198 1.5844 -2.7146
1770200590.7980 0 'robobot/drive/T0/gyro' 1770200590.7979 -0.113831 -0.137329 -0.381409 102.542
1770200590.7980 0 'robobot/drive/T0/acc' 1770200590.7980 0.395020 0.000488 0.896484 102.542
1770200590.7981 0 'robobot/drive/T0/vel' 1770200590.7980 102.5420 0.000 0.000 0.0000 0.000 4
1770200590.7982 0 'robobot/drive/T0/livn' 1770200590.7981 36 37 47 74 77 42 37 44 107
1770200590.7982 0 'robobot/drive/T0/mot' 1770200590.7982 0 0 0.1 0.1 0
1770200590.7983 0 'robobot/drive/T0/mvel' 1770200590.7983 0.000 0.000
1770200590.8015 0 'robobot/drive/T0/pose' 1770200590.8014 102.5450 0.723 0.198 1.5844 -2.7147
1770200590.8058 0 'robobot/drive/T0/ird' 1770200590.8057 0.897 0.117 3445 16535 1
1770200590.8058 0 'robobot/drive/T0/vel' 1770200590.8058 102.5500 0.000 0.000 0.0000 0.000 4
1770200590.8059 0 'robobot/drive/T0/pose' 1770200590.8058 102.5500 0.723 0.198 1.5844 -2.7148
1770200590.8068 0 'robobot/drive/T0/mvel' 1770200590.8068 0.000 0.000
1770200590.8081 0 'robobot/drive/T0/livn' 1770200590.8080 36 38 47 74 76 41 37 44 112
1770200590.8092 0 'robobot/drive/T0/gyro' 1770200590.8091 -0.083313 -0.137329 -0.015198 102.554
1770200590.8093 0 'robobot/drive/T0/acc' 1770200590.8092 0.397949 0.003906 0.887207 102.554
1770200590.8114 0 'robobot/drive/T0/pose' 1770200590.8113 102.5550 0.723 0.198 1.5844 -2.7148
1770200590.8136 0 'robobot/drive/T0/liv' 1770200590.8135 26 34 49 57 65 35 35 31 25
1770200590.8147 0 'robobot/drive/T0/vel' 1770200590.8146 102.5580 0.000 0.000 0.0000 0.000 4
1770200590.8153 0 'robobot/drive/T0/mvel' 1770200590.8153 0.000 0.000
1770200590.8158 0 'robobot/drive/T0/pose' 1770200590.8158 102.5600 0.723 0.198 1.5844 -2.7148
1770200590.8180 0 'robobot/drive/T0/livn' 1770200590.8180 35 38 48 74 76 41 37 45 117
1770200590.8213 0 'robobot/drive/T0/pose' 1770200590.8212 102.5650 0.723 0.198 1.5844 -2.7148
1770200590.8213 0 'robobot/drive/T0/mca' 1770200590.8213 0.000 0.000 16
1770200590.8214 0 'robobot/drive/T0/gyro' 1770200590.8213 -0.144348 -0.045776 -0.289856 102.566
1770200590.8214 0 'robobot/drive/T0/acc' 1770200590.8214 0.397949 0.002441 0.888428 102.566
1770200590.8226 0 'robobot/drive/T0/vel' 1770200590.8225 102.5660 0.000 0.000 0.0000 0.000 4
1770200590.8227 0 'robobot/drive/T0/mvel' 1770200590.8227 0.000 0.000
1770200590.8269 0 'robobot/drive/T0/pose' 1770200590.8268 102.5700 0.723 0.198 1.5844 -2.7149
1770200590.8280 0 'robobot/drive/T0/livn' 1770200590.8279 35 38 48 74 76 41 37 45 122
1770200590.8302 0 'robobot/drive/T0/vel' 1770200590.8301 102.5740 0.000 0.000 0.0000 0.000 4
1770200590.8312 0 'robobot/drive/T0/mvel' 1770200590.8312 0.000 0.000
1770200590.8313 0 'robobot/drive/T0/ird' 1770200590.8312 0.910 0.117 3416 16488 1
1770200590.8313 0 'robobot/drive/T0/mot' 1770200590.8313 0 0 0.1 0.1 0
1770200590.8314 0 'robobot/drive/T0/pose' 1770200590.8313 102.5750 0.723 0.198 1.5844 -2.7149
1770200590.8336 0 'robobot/drive/T0/gyro' 1770200590.8335 -0.052795 -0.167847 -0.167786 102.578
1770200590.8336 0 'robobot/drive/T0/acc' 1770200590.8336 0.398438 -0.005371 0.886475 102.578
1770200590.8358 0 'robobot/drive/T0/pose' 1770200590.8358 102.5800 0.723 0.198 1.5844 -2.7150
1770200590.8380 0 'robobot/drive/T0/vel' 1770200590.8379 102.5820 0.000 0.000 0.0000 0.000 4
1770200590.8381 0 'robobot/drive/T0/livn' 1770200590.8380 36 38 48 74 76 41 37 44 127
1770200590.8387 0 'robobot/drive/T0/mvel' 1770200590.8386 0.000 0.000
1770200590.8413 0 'robobot/drive/T0/pose' 1770200590.8412 102.5850 0.723 0.198 1.5844 -2.7150
1770200590.8456 0 'robobot/drive/T0/gyro' 1770200590.8455 -0.113831 -0.411987 0.137390 102.590
1770200590.8457 0 'robobot/drive/T0/acc' 1770200590.8456 0.406250 -0.002686 0.897461 102.590
1770200590.8457 0 'robobot/drive/T0/vel' 1770200590.8457 102.5900 0.000 0.000 0.0000 0.000 4
1770200590.8461 0 'robobot/drive/T0/mvel' 1770200590.8461 0.000 0.000
1770200590.8469 0 'robobot/drive/T0/pose' 1770200590.8468 102.5900 0.723 0.198 1.5844 -2.7150
1770200590.8480 0 'robobot/drive/T0/livn' 1770200590.8479 36 38 48 74 76 41 38 44 132
1770200590.8512 0 'robobot/drive/master' 1770200590.8511 2026-02-04 11:23:03.813786
1770200590.8513 0 'robobot/drive/T0/pose' 1770200590.8512 102.5950 0.723 0.198 1.5844 -2.7151
1770200590.8545 0 'robobot/drive/T0/vel' 1770200590.8544 102.5980 0.000 0.000 0.0000 0.000 4
1770200590.8545 0 'robobot/drive/T0/mca' 1770200590.8545 -0.000 0.000 17
1770200590.8546 0 'robobot/drive/T0/mvel' 1770200590.8546 0.000 0.000
1770200590.8557 0 'robobot/drive/T0/ird' 1770200590.8556 0.916 0.117 3404 16532 1
1770200590.8568 0 'robobot/drive/T0/pose' 1770200590.8567 102.6000 0.723 0.198 1.5844 -2.7151
1770200590.8579 0 'robobot/drive/T0/gyro' 1770200590.8578 -0.235901 -0.320435 -0.045715 102.602
1770200590.8580 0 'robobot/drive/T0/acc' 1770200590.8579 0.407715 -0.004639 0.895508 102.602
1770200590.8580 0 'robobot/drive/T0/livn' 1770200590.8580 35 37 47 75 76 41 38 45 137
1770200590.8613 0 'robobot/drive/T0/pose' 1770200590.8612 102.6050 0.723 0.198 1.5844 -2.7151
1770200590.8624 0 'robobot/drive/T0/vel' 1770200590.8623 102.6060 0.000 0.000 0.0000 0.000 4
1770200590.8630 0 'robobot/drive/T0/mvel' 1770200590.8630 0.000 0.000
1770200590.8635 0 'robobot/drive/T0/liv' 1770200590.8635 25 31 44 59 70 42 36 32 25
1770200590.8646 0 'robobot/drive/T0/mot' 1770200590.8646 0 0 0.1 0.1 0
1770200590.8668 0 'robobot/drive/T0/pose' 1770200590.8668 102.6100 0.723 0.198 1.5844 -2.7151
1770200590.8679 0 'robobot/drive/T0/livn' 1770200590.8679 35 37 47 74 76 41 38 45 142
1770200590.8701 0 'robobot/drive/T0/gyro' 1770200590.8701 0.038757 0.137329 0.076355 102.614
1770200590.8702 0 'robobot/drive/T0/acc' 1770200590.8701 0.411621 -0.004395 0.897949 102.614
1770200590.8702 0 'robobot/drive/T0/vel' 1770200590.8702 102.6140 0.000 0.000 0.0000 0.000 4
1770200590.8704 0 'robobot/drive/T0/mvel' 1770200590.8704 0.000 0.000
1770200590.8714 0 'robobot/drive/T0/pose' 1770200590.8713 102.6150 0.723 0.198 1.5844 -2.7151
1770200590.8767 0 'robobot/drive/T0/pose' 1770200590.8767 102.6200 0.723 0.198 1.5844 -2.7151
1770200590.8778 0 'robobot/drive/T0/vel' 1770200590.8778 102.6220 0.000 0.000 0.0000 0.000 4
1770200590.8779 0 'robobot/drive/T0/livn' 1770200590.8778 35 37 47 75 76 41 38 45 147
1770200590.8788 0 'robobot/drive/T0/mvel' 1770200590.8788 0.000 0.000
1770200590.8811 0 'robobot/drive/T0/ird' 1770200590.8811 0.920 0.117 3396 16478 1
1770200590.8812 0 'robobot/drive/T0/pose' 1770200590.8811 102.6250 0.723 0.198 1.5844 -2.7151
1770200590.8813 0 'robobot/drive/T0/gyro' 1770200590.8812 0.130310 0.137329 0.015320 102.626
1770200590.8813 0 'robobot/drive/T0/acc' 1770200590.8813 0.411133 -0.011230 0.892578 102.626
1770200590.8867 0 'robobot/drive/T0/vel' 1770200590.8866 102.6300 0.000 0.000 0.0000 0.000 4
1770200590.8868 0 'robobot/drive/T0/pose' 1770200590.8867 102.6300 0.723 0.198 1.5844 -2.7150
1770200590.8872 0 'robobot/drive/T0/mvel' 1770200590.8872 0.000 0.000
1770200590.8879 0 'robobot/drive/T0/mca' 1770200590.8878 0.000 0.000 16
1770200590.8879 0 'robobot/drive/T0/livn' 1770200590.8879 35 37 48 75 76 41 38 45 152
1770200590.8911 0 'robobot/drive/T0/pose' 1770200590.8911 102.6350 0.723 0.198 1.5844 -2.7150
1770200590.8933 0 'robobot/drive/T0/gyro' 1770200590.8933 -0.113831 0.015259 -0.167786 102.638
1770200590.8934 0 'robobot/drive/T0/acc' 1770200590.8933 0.406738 -0.001709 0.881104 102.638
1770200590.8945 0 'robobot/drive/T0/vel' 1770200590.8945 102.6380 0.000 0.000 0.0000 0.000 4
1770200590.8946 0 'robobot/drive/T0/mvel' 1770200590.8946 0.000 0.000
1770200590.8967 0 'robobot/drive/T0/pose' 1770200590.8966 102.6400 0.723 0.198 1.5844 -2.7150
1770200590.8968 0 'robobot/drive/T0/mot' 1770200590.8967 0 0 0.1 0.1 0
1770200590.8978 0 'robobot/drive/T0/livn' 1770200590.8978 35 37 47 75 76 41 38 45 157
1770200590.9011 0 'robobot/drive/T0/pose' 1770200590.9010 102.6450 0.723 0.198 1.5844 -2.7150
1770200590.9022 0 'robobot/drive/T0/vel' 1770200590.9021 102.6460 0.000 0.000 0.0000 0.000 4
1770200590.9031 0 'robobot/drive/T0/mvel' 1770200590.9030 0.000 0.000
1770200590.9054 0 'robobot/drive/T0/gyro' 1770200590.9054 0.130310 0.015259 -0.045715 102.650
1770200590.9055 0 'robobot/drive/T0/acc' 1770200590.9054 0.407959 -0.001709 0.892578 102.650
1770200590.9066 0 'robobot/drive/T0/ird' 1770200590.9066 0.911 0.117 3415 16443 1
1770200590.9067 0 'robobot/drive/T0/pose' 1770200590.9066 102.6500 0.723 0.198 1.5844 -2.7150
1770200590.9078 0 'robobot/drive/T0/livn' 1770200590.9077 35 37 47 75 76 41 38 45 162
1770200590.9100 0 'robobot/drive/T0/vel' 1770200590.9099 102.6540 0.000 0.000 0.0000 0.000 4
1770200590.9105 0 'robobot/drive/T0/mvel' 1770200590.9105 0.000 0.000
1770200590.9111 0 'robobot/drive/T0/pose' 1770200590.9110 102.6550 0.723 0.198 1.5844 -2.7150
1770200590.9133 0 'robobot/drive/T0/liv' 1770200590.9132 29 33 46 60 65 37 33 31 25
1770200590.9165 0 'robobot/drive/T0/pose' 1770200590.9164 102.6600 0.723 0.198 1.5844 -2.7149
1770200590.9176 0 'robobot/drive/T0/gyro' 1770200590.9176 -0.083313 0.015259 0.106873 102.662
1770200590.9177 0 'robobot/drive/T0/acc' 1770200590.9176 0.408447 0.000000 0.895996 102.662
1770200590.9188 0 'robobot/drive/T0/vel' 1770200590.9188 102.6620 0.000 0.000 0.0000 0.000 4
1770200590.9189 0 'robobot/drive/T0/livn' 1770200590.9188 35 37 47 75 76 41 37 45 167
1770200590.9190 0 'robobot/drive/T0/mvel' 1770200590.9189 0.000 0.000
1770200590.9210 0 'robobot/drive/T0/mca' 1770200590.9210 0.000 0.000 17
1770200590.9211 0 'robobot/drive/T0/pose' 1770200590.9210 102.6650 0.723 0.198 1.5844 -2.7149
1770200590.9265 0 'robobot/drive/T0/vel' 1770200590.9264 102.6700 0.000 0.000 0.0000 0.000 4
1770200590.9265 0 'robobot/drive/T0/pose' 1770200590.9265 102.6700 0.723 0.198 1.5844 -2.7149
1770200590.9275 0 'robobot/drive/T0/mvel' 1770200590.9274 0.000 0.000
1770200590.9289 0 'robobot/drive/T0/livn' 1770200590.9288 36 37 47 75 76 41 37 45 172
1770200590.9300 0 'robobot/drive/T0/gyro' 1770200590.9299 -0.022278 0.015259 -0.411926 102.674
1770200590.9301 0 'robobot/drive/T0/acc' 1770200590.9300 0.401123 0.000244 0.883789 102.674
1770200590.9302 0 'robobot/drive/T0/mot' 1770200590.9301 0 0 0.1 0.1 0
1770200590.9313 0 'robobot/drive/T0/ird' 1770200590.9312 0.922 0.117 3391 16452 1
1770200590.9314 0 'robobot/drive/T0/pose' 1770200590.9313 102.6750 0.723 0.198 1.5844 -2.7149
1770200590.9346 0 'robobot/drive/T0/vel' 1770200590.9345 102.6780 0.000 0.000 0.0000 0.000 4
1770200590.9349 0 'robobot/drive/T0/mvel' 1770200590.9349 0.000 0.000
1770200590.9370 0 'robobot/drive/T0/pose' 1770200590.9368 102.6800 0.723 0.198 1.5844 -2.7149
1770200590.9382 0 'robobot/drive/T0/livn' 1770200590.9381 36 37 47 76 76 41 37 44 177
1770200590.9414 0 'robobot/drive/T0/pose' 1770200590.9413 102.6850 0.723 0.198 1.5844 -2.7149
1770200590.9415 0 'robobot/drive/T0/gyro' 1770200590.9415 0.130310 -0.106812 -0.320374 102.686
1770200590.9416 0 'robobot/drive/T0/acc' 1770200590.9415 0.400146 -0.001465 0.892822 102.686
1770200590.9427 0 'robobot/drive/T0/vel' 1770200590.9427 102.6860 0.000 0.000 0.0000 0.000 4
1770200590.9435 0 'robobot/drive/T0/mvel' 1770200590.9434 0.000 0.000
1770200590.9460 0 'robobot/drive/T0/pose' 1770200590.9459 102.6900 0.723 0.198 1.5844 -2.7149
1770200590.9482 0 'robobot/drive/T0/livn' 1770200590.9481 35 36 47 76 76 41 37 44 182
1770200590.9504 0 'robobot/drive/T0/vel' 1770200590.9503 102.6940 0.000 0.000 0.0000 0.000 4
1770200590.9509 0 'robobot/drive/T0/mvel' 1770200590.9509 0.000 0.000
1770200590.9515 0 'robobot/drive/T0/pose' 1770200590.9514 102.6950 0.723 0.198 1.5844 -2.7149
1770200590.9536 0 'robobot/drive/T0/mca' 1770200590.9536 0.000 0.000 16
1770200590.9537 0 'robobot/drive/T0/gyro' 1770200590.9537 0.008240 0.289917 -0.167786 102.698
1770200590.9538 0 'robobot/drive/T0/acc' 1770200590.9537 0.398926 -0.001221 0.892334 102.698
1770200590.9560 0 'robobot/drive/T0/ird' 1770200590.9559 0.889 0.118 3461 16381 1
1770200590.9560 0 'robobot/drive/T0/pose' 1770200590.9560 102.7010 0.723 0.198 1.5844 -2.7149
1770200590.9583 0 'robobot/drive/T0/vel' 1770200590.9582 102.7020 0.000 0.000 0.0000 0.000 4
1770200590.9583 0 'robobot/drive/T0/livn' 1770200590.9583 35 36 47 76 76 41 37 44 187
1770200590.9585 0 'robobot/drive/T0/mvel' 1770200590.9584 0.000 0.000
1770200590.9616 0 'robobot/drive/T0/pose' 1770200590.9615 102.7060 0.723 0.198 1.5844 -2.7150
1770200590.9637 0 'robobot/drive/T0/liv' 1770200590.9637 26 31 45 62 71 38 30 26 25
1770200590.9638 0 'robobot/drive/T0/mot' 1770200590.9637 0 0 0.1 0.1 0
1770200590.9660 0 'robobot/drive/T0/gyro' 1770200590.9659 -0.266418 0.198364 -0.289856 102.710
1770200590.9660 0 'robobot/drive/T0/acc' 1770200590.9660 0.401611 -0.001221 0.892334 102.710
1770200590.9661 0 'robobot/drive/T0/vel' 1770200590.9660 102.7100 0.000 0.000 0.0000 0.000 4
1770200590.9662 0 'robobot/drive/T0/pose' 1770200590.9661 102.7110 0.723 0.198 1.5844 -2.7150
1770200590.9671 0 'robobot/drive/T0/mvel' 1770200590.9671 0.000 0.000
1770200590.9684 0 'robobot/drive/T0/livn' 1770200590.9683 35 37 47 76 76 41 37 44 192
1770200590.9716 0 'robobot/drive/T0/pose' 1770200590.9715 102.7160 0.723 0.198 1.5844 -2.7151
1770200590.9738 0 'robobot/drive/T0/vel' 1770200590.9737 102.7180 0.000 0.000 0.0000 0.000 4
1770200590.9745 0 'robobot/drive/T0/mvel' 1770200590.9745 0.000 0.000
1770200590.9770 0 'robobot/drive/T0/pose' 1770200590.9770 102.7210 0.723 0.198 1.5844 -2.7151
1770200590.9781 0 'robobot/drive/T0/gyro' 1770200590.9781 -0.083313 -0.045776 -0.045715 102.722
1770200590.9782 0 'robobot/drive/T0/acc' 1770200590.9781 0.400146 0.001465 0.892822 102.722
1770200590.9783 0 'robobot/drive/T0/livn' 1770200590.9782 35 37 47 75 76 41 37 44 197
1770200590.9815 0 'robobot/drive/T0/ird' 1770200590.9814 0.861 0.117 3526 16479 1
1770200590.9816 0 'robobot/drive/T0/pose' 1770200590.9815 102.7260 0.723 0.198 1.5844 -2.7151
1770200590.9827 0 'robobot/drive/T0/vel' 1770200590.9826 102.7260 0.000 0.000 0.0000 0.000 4
1770200590.9830 0 'robobot/drive/T0/mvel' 1770200590.9830 0.000 0.000
1770200590.9870 0 'robobot/drive/T0/pose' 1770200590.9869 102.7310 0.723 0.198 1.5844 -2.7152
1770200590.9870 0 'robobot/drive/T0/mca' 1770200590.9870 0.000 0.000 17
1770200590.9882 0 'robobot/drive/T0/livn' 1770200590.9881 35 37 47 75 76 41 37 44 202
1770200590.9893 0 'robobot/drive/T0/gyro' 1770200590.9892 -0.144348 0.045776 -0.320374 102.734
1770200590.9894 0 'robobot/drive/T0/acc' 1770200590.9893 0.399414 -0.003662 0.889893 102.734
1770200590.9905 0 'robobot/drive/T0/vel' 1770200590.9904 102.7340 0.000 0.000 0.0000 0.000 4
1770200590.9905 0 'robobot/drive/T0/mvel' 1770200590.9905 0.000 0.000
1770200590.9916 0 'robobot/drive/T0/pose' 1770200590.9915 102.7360 0.723 0.198 1.5844 -2.7152
1770200590.9959 0 'robobot/drive/T0/mot' 1770200590.9958 0 0 0.1 0.1 0
1770200590.9970 0 'robobot/drive/T0/pose' 1770200590.9969 102.7410 0.723 0.198 1.5844 -2.7152
1770200590.9981 0 'robobot/drive/T0/vel' 1770200590.9981 102.7420 0.000 0.000 0.0000 0.000 4
1770200590.9982 0 'robobot/drive/T0/livn' 1770200590.9982 35 37 47 75 76 41 37 44 207
1770200590.9990 0 'robobot/drive/T0/mvel' 1770200590.9990 0.000 0.000
1770200591.0015 0 'robobot/drive/T0/pose' 1770200591.0014 102.7460 0.723 0.198 1.5844 -2.7153
1770200591.0015 0 'robobot/drive/T0/gyro' 1770200591.0015 0.038757 -0.320435 -0.106750 102.746
1770200591.0016 0 'robobot/drive/T0/acc' 1770200591.0015 0.395996 -0.002930 0.891602 102.746
1770200591.0059 0 'robobot/drive/T0/ird' 1770200591.0058 0.899 0.117 3439 16449 1
1770200591.0060 0 'robobot/drive/T0/vel' 1770200591.0059 102.7500 0.000 0.000 0.0000 0.000 4
1770200591.0065 0 'robobot/drive/T0/mvel' 1770200591.0064 0.000 0.000
1770200591.0071 0 'robobot/drive/T0/pose' 1770200591.0070 102.7510 0.723 0.198 1.5844 -2.7153
1770200591.0082 0 'robobot/drive/T0/livn' 1770200591.0081 35 37 47 75 76 41 37 44 212
1770200591.0114 0 'robobot/drive/T0/pose' 1770200591.0114 102.7560 0.723 0.198 1.5844 -2.7153
1770200591.0136 0 'robobot/drive/T0/liv' 1770200591.0136 26 34 44 55 69 40 32 32 25
1770200591.0137 0 'robobot/drive/T0/gyro' 1770200591.0136 -0.083313 -0.289917 -0.106750 102.758
1770200591.0138 0 'robobot/drive/T0/acc' 1770200591.0137 0.403809 -0.000732 0.892822 102.758
1770200591.0138 0 'robobot/drive/T0/vel' 1770200591.0138 102.7580 0.000 0.000 0.0000 0.000 4
1770200591.0140 0 'robobot/drive/T0/mvel' 1770200591.0139 0.000 0.000
1770200591.0171 0 'robobot/drive/T0/pose' 1770200591.0170 102.7610 0.723 0.198 1.5844 -2.7154
1770200591.0182 0 'robobot/drive/T0/livn' 1770200591.0181 35 37 47 75 76 41 37 44 217
1770200591.0193 0 'robobot/drive/T0/mca' 1770200591.0193 0.000 0.000 16
1770200591.0215 0 'robobot/drive/T0/pose' 1770200591.0214 102.7660 0.723 0.198 1.5844 -2.7154
1770200591.0226 0 'robobot/drive/T0/vel' 1770200591.0225 102.7660 0.000 0.000 0.0000 0.000 4
1770200591.0235 0 'robobot/drive/T0/mvel' 1770200591.0235 0.000 0.000
1770200591.0259 0 'robobot/drive/T0/gyro' 1770200591.0258 -0.327454 -0.167847 -0.015198 102.770
1770200591.0259 0 'robobot/drive/T0/acc' 1770200591.0259 0.403076 0.001709 0.897461 102.770
1770200591.0271 0 'robobot/drive/T0/pose' 1770200591.0270 102.7710 0.723 0.198 1.5844 -2.7154
1770200591.0282 0 'robobot/drive/T0/livn' 1770200591.0281 35 37 47 75 77 41 37 44 222
1770200591.0293 0 'robobot/drive/T0/mot' 1770200591.0292 0 0 0.1 0.1 0
1770200591.0304 0 'robobot/drive/T0/vel' 1770200591.0303 102.7740 0.000 0.000 0.0000 0.000 4
1770200591.0310 0 'robobot/drive/T0/mvel' 1770200591.0309 0.000 0.000
1770200591.0315 0 'robobot/drive/T0/ird' 1770200591.0315 0.895 0.117 3449 16523 1
1770200591.0316 0 'robobot/drive/T0/pose' 1770200591.0315 102.7760 0.723 0.198 1.5844 -2.7154
1770200591.0369 0 'robobot/drive/T0/pose' 1770200591.0369 102.7810 0.723 0.198 1.5844 -2.7154
1770200591.0381 0 'robobot/drive/T0/gyro' 1770200591.0380 -0.388489 -0.045776 0.137390 102.782
1770200591.0381 0 'robobot/drive/T0/acc' 1770200591.0381 0.405518 -0.000732 0.890869 102.782
1770200591.0382 0 'robobot/drive/T0/vel' 1770200591.0382 102.7820 0.000 0.000 0.0000 0.000 4
1770200591.0383 0 'robobot/drive/T0/livn' 1770200591.0382 35 37 47 75 77 41 37 44 227
1770200591.0384 0 'robobot/drive/T0/mvel' 1770200591.0384 0.000 0.000
1770200591.0415 0 'robobot/drive/T0/pose' 1770200591.0414 102.7860 0.723 0.198 1.5844 -2.7154
1770200591.0458 0 'robobot/drive/T0/vel' 1770200591.0457 102.7900 0.000 0.000 0.0000 0.000 4
1770200591.0460 0 'robobot/drive/T0/mvel' 1770200591.0459 0.000 0.000
1770200591.0469 0 'robobot/drive/T0/pose' 1770200591.0469 102.7910 0.723 0.198 1.5844 -2.7154
1770200591.0481 0 'robobot/drive/T0/livn' 1770200591.0480 35 37 47 75 76 41 37 44 232
1770200591.0502 0 'robobot/drive/T0/gyro' 1770200591.0502 -0.052795 -0.045776 0.045837 102.794
1770200591.0503 0 'robobot/drive/T0/acc' 1770200591.0502 0.407959 -0.007080 0.890625 102.794
1770200591.0514 0 'robobot/drive/T0/pose' 1770200591.0514 102.7960 0.723 0.198 1.5844 -2.7154
1770200591.0526 0 'robobot/drive/T0/mca' 1770200591.0525 0.000 0.000 17
1770200591.0548 0 'robobot/drive/T0/vel' 1770200591.0547 102.7980 0.000 0.000 0.0000 0.000 4
1770200591.0555 0 'robobot/drive/T0/mvel' 1770200591.0555 0.000 0.000
1770200591.0560 0 'robobot/drive/T0/ird' 1770200591.0559 0.866 0.116 3515 16670 1
1770200591.0571 0 'robobot/drive/T0/pose' 1770200591.0570 102.8010 0.723 0.198 1.5844 -2.7154
1770200591.0583 0 'robobot/drive/T0/livn' 1770200591.0582 35 37 47 75 77 41 37 44 237
1770200591.0616 0 'robobot/drive/T0/pose' 1770200591.0614 102.8060 0.723 0.198 1.5844 -2.7154
1770200591.0618 0 'robobot/drive/T0/gyro' 1770200591.0616 0.191345 -0.106812 -0.045715 102.806
1770200591.0621 0 'robobot/drive/T0/acc' 1770200591.0618 0.409180 -0.004639 0.895020 102.806
1770200591.0621 0 'robobot/drive/T0/vel' 1770200591.0621 102.8060 0.000 0.000 0.0000 0.000 4
1770200591.0622 0 'robobot/drive/T0/mot' 1770200591.0621 0 0 0.1 0.1 0
1770200591.0629 0 'robobot/drive/T0/mvel' 1770200591.0629 0.000 0.000
1770200591.0633 0 'robobot/drive/T0/liv' 1770200591.0632 29 35 44 58 70 44 36 28 25
1770200591.0666 0 'robobot/drive/T0/pose' 1770200591.0665 102.8110 0.723 0.198 1.5844 -2.7153
1770200591.0688 0 'robobot/drive/T0/livn' 1770200591.0687 35 37 47 75 77 41 37 44 242
1770200591.0700 0 'robobot/drive/T0/vel' 1770200591.0699 102.8140 0.000 0.000 0.0000 0.000 4
1770200591.0703 0 'robobot/drive/T0/mvel' 1770200591.0703 0.000 0.000
1770200591.0722 0 'robobot/drive/T0/pose' 1770200591.0721 102.8160 0.723 0.198 1.5844 -2.7153
1770200591.0733 0 'robobot/drive/T0/gyro' 1770200591.0732 -0.022278 0.167847 -0.289856 102.818
1770200591.0734 0 'robobot/drive/T0/acc' 1770200591.0733 0.409424 0.000732 0.900146 102.818
1770200591.0767 0 'robobot/drive/T0/pose' 1770200591.0766 102.8210 0.723 0.198 1.5844 -2.7153
1770200591.0778 0 'robobot/drive/T0/vel' 1770200591.0777 102.8220 0.000 0.000 0.0000 0.000 4
1770200591.0779 0 'robobot/drive/T0/mvel' 1770200591.0778 0.000 0.000
1770200591.0779 0 'robobot/drive/T0/livn' 1770200591.0778 35 37 47 75 77 41 37 44 247
1770200591.0812 0 'robobot/drive/T0/ird' 1770200591.0811 0.854 0.117 3542 16556 1
1770200591.0813 0 'robobot/drive/T0/pose' 1770200591.0812 102.8260 0.723 0.198 1.5844 -2.7153
1770200591.0856 0 'robobot/drive/T0/mca' 1770200591.0855 0.000 0.000 16
1770200591.0857 0 'robobot/drive/T0/gyro' 1770200591.0856 0.252380 -0.015259 -0.167786 102.830
1770200591.0859 0 'robobot/drive/T0/acc' 1770200591.0857 0.405029 0.002686 0.897461 102.830
1770200591.0860 0 'robobot/drive/T0/vel' 1770200591.0859 102.8300 0.000 0.000 0.0000 0.000 4
1770200591.0863 0 'robobot/drive/T0/mvel' 1770200591.0863 0.000 0.000
1770200591.0871 0 'robobot/drive/T0/pose' 1770200591.0870 102.8310 0.723 0.198 1.5844 -2.7153
1770200591.0883 0 'robobot/drive/T0/livn' 1770200591.0882 35 37 47 75 76 41 37 44 252
1770200591.0916 0 'robobot/drive/T0/pose' 1770200591.0915 102.8360 0.723 0.198 1.5844 -2.7153
1770200591.0948 0 'robobot/drive/T0/vel' 1770200591.0947 102.8380 0.000 0.000 0.0000 0.000 4
1770200591.0949 0 'robobot/drive/T0/mot' 1770200591.0948 0 0 0.1 0.1 0
1770200591.0949 0 'robobot/drive/T0/mvel' 1770200591.0949 0.000 0.000
1770200591.0971 0 'robobot/drive/T0/pose' 1770200591.0970 102.8410 0.723 0.198 1.5844 -2.7152
1770200591.0982 0 'robobot/drive/T0/gyro' 1770200591.0981 0.130310 0.259399 -0.350891 102.842
1770200591.0983 0 'robobot/drive/T0/acc' 1770200591.0982 0.406006 0.000977 0.898438 102.842
1770200591.0983 0 'robobot/drive/T0/livn' 1770200591.0983 35 37 47 75 76 41 37 44 257
1770200591.1017 0 'robobot/drive/T0/pose' 1770200591.1015 102.8460 0.723 0.198 1.5844 -2.7152
1770200591.1028 0 'robobot/drive/T0/vel' 1770200591.1027 102.8460 0.000 0.000 0.0000 0.000 4
1770200591.1034 0 'robobot/drive/T0/mvel' 1770200591.1034 0.000 0.000
1770200591.1061 0 'robobot/drive/T0/ird' 1770200591.1060 0.864 0.117 3519 16509 1
1770200591.1072 0 'robobot/drive/T0/pose' 1770200591.1071 102.8510 0.723 0.198 1.5844 -2.7152
1770200591.1084 0 'robobot/drive/T0/livn' 1770200591.1083 35 37 47 75 76 41 37 44 262
1770200591.1095 0 'robobot/drive/T0/gyro' 1770200591.1094 0.008240 -0.137329 -0.106750 102.854
1770200591.1096 0 'robobot/drive/T0/acc' 1770200591.1095 0.399658 -0.002441 0.886475 102.854
1770200591.1108 0 'robobot/drive/T0/vel' 1770200591.1107 102.8540 0.000 0.000 0.0000 0.000 4
1770200591.1109 0 'robobot/drive/T0/mvel' 1770200591.1108 0.000 0.000
1770200591.1119 0 'robobot/drive/T0/pose' 1770200591.1118 102.8560 0.723 0.198 1.5844 -2.7152
1770200591.1131 0 'robobot/drive/T0/liv' 1770200591.1130 23 34 43 57 65 41 34 32 25
1770200591.1174 0 'robobot/drive/T0/pose' 1770200591.1173 102.8610 0.723 0.198 1.5844 -2.7153
1770200591.1185 0 'robobot/drive/T0/vel' 1770200591.1184 102.8620 0.000 0.000 0.0000 0.000 4
1770200591.1186 0 'robobot/drive/T0/livn' 1770200591.1185 35 37 47 75 76 41 37 44 267
1770200591.1186 0 'robobot/drive/T0/mca' 1770200591.1186 0.000 0.000 17
1770200591.1194 0 'robobot/drive/T0/mvel' 1770200591.1193 0.000 0.000
1770200591.1219 0 'robobot/drive/T0/gyro' 1770200591.1218 0.099792 -0.015259 -0.228821 102.866
1770200591.1219 0 'robobot/drive/T0/acc' 1770200591.1219 0.406982 -0.001709 0.892334 102.866
1770200591.1220 0 'robobot/drive/T0/pose' 1770200591.1219 102.8660 0.723 0.198 1.5844 -2.7153
1770200591.1265 0 'robobot/drive/T0/vel' 1770200591.1264 102.8700 0.000 0.000 0.0000 0.000 4
1770200591.1267 0 'robobot/drive/T0/pose' 1770200591.1265 102.8710 0.723 0.198 1.5844 -2.7153
1770200591.1268 0 'robobot/drive/T0/mvel' 1770200591.1268 0.000 0.000
1770200591.1287 0 'robobot/drive/T0/mot' 1770200591.1287 0 0 0.1 0.1 0
1770200591.1288 0 'robobot/drive/T0/livn' 1770200591.1287 35 37 47 75 76 41 37 44 272
1770200591.1328 0 'robobot/drive/T0/ird' 1770200591.1327 0.852 0.118 3548 16408 1
1770200591.1328 0 'robobot/drive/T0/pose' 1770200591.1328 102.8760 0.723 0.198 1.5844 -2.7153
1770200591.1340 0 'robobot/drive/T0/gyro' 1770200591.1339 -0.235901 0.106812 -0.015198 102.878
1770200591.1341 0 'robobot/drive/T0/acc' 1770200591.1340 0.399902 -0.003418 0.889404 102.878
1770200591.1341 0 'robobot/drive/T0/vel' 1770200591.1341 102.8780 0.000 0.000 0.0000 0.000 4
1770200591.1343 0 'robobot/drive/T0/mvel' 1770200591.1343 0.000 0.000
1770200591.1375 0 'robobot/drive/T0/pose' 1770200591.1373 102.8810 0.723 0.198 1.5844 -2.7153
1770200591.1387 0 'robobot/drive/T0/livn' 1770200591.1386 35 37 47 75 76 41 37 44 277
1770200591.1419 0 'robobot/drive/T0/pose' 1770200591.1419 102.8860 0.723 0.198 1.5844 -2.7153
1770200591.1420 0 'robobot/drive/T0/vel' 1770200591.1419 102.8860 0.000 0.000 0.0000 0.000 4
1770200591.1428 0 'robobot/drive/T0/mvel' 1770200591.1428 0.000 0.000
1770200591.1463 0 'robobot/drive/T0/gyro' 1770200591.1462 -0.052795 0.137329 -0.350891 102.890
1770200591.1464 0 'robobot/drive/T0/acc' 1770200591.1463 0.398438 -0.002930 0.889160 102.890
1770200591.1475 0 'robobot/drive/T0/pose' 1770200591.1475 102.8910 0.723 0.198 1.5844 -2.7154
1770200591.1487 0 'robobot/drive/T0/livn' 1770200591.1486 35 37 47 75 76 41 37 44 282
1770200591.1498 0 'robobot/drive/T0/vel' 1770200591.1497 102.8940 0.000 0.000 0.0000 0.000 4
1770200591.1502 0 'robobot/drive/T0/mvel' 1770200591.1502 0.000 0.000
1770200591.1520 0 'robobot/drive/T0/mca' 1770200591.1519 0.000 0.000 16
1770200591.1521 0 'robobot/drive/T0/pose' 1770200591.1520 102.8960 0.723 0.198 1.5844 -2.7154
1770200591.1564 0 'robobot/drive/T0/ird' 1770200591.1563 0.881 0.117 3480 16473 1
1770200591.1575 0 'robobot/drive/T0/pose' 1770200591.1574 102.9010 0.723 0.198 1.5844 -2.7154
1770200591.1576 0 'robobot/drive/T0/gyro' 1770200591.1575 -0.052795 -0.015259 -0.137268 102.902
1770200591.1577 0 'robobot/drive/T0/acc' 1770200591.1576 0.400146 -0.001465 0.900146 102.902
1770200591.1588 0 'robobot/drive/T0/vel' 1770200591.1587 102.9020 0.000 0.000 0.0000 0.000 4
1770200591.1589 0 'robobot/drive/T0/livn' 1770200591.1588 35 37 47 75 76 41 37 44 287
1770200591.1589 0 'robobot/drive/T0/mvel' 1770200591.1589 0.000 0.000
1770200591.1610 0 'robobot/drive/T0/mot' 1770200591.1610 0 0 0.1 0.1 0
1770200591.1622 0 'robobot/drive/T0/pose' 1770200591.1621 102.9060 0.723 0.198 1.5844 -2.7155
1770200591.1633 0 'robobot/drive/T0/liv' 1770200591.1632 29 32 43 56 69 41 33 27 25
1770200591.1665 0 'robobot/drive/T0/vel' 1770200591.1665 102.9100 0.000 0.000 0.0000 0.000 4
1770200591.1673 0 'robobot/drive/T0/mvel' 1770200591.1673 0.000 0.000
1770200591.1677 0 'robobot/drive/T0/pose' 1770200591.1676 102.9110 0.723 0.198 1.5844 -2.7155
1770200591.1688 0 'robobot/drive/T0/livn' 1770200591.1687 35 37 47 75 76 41 37 44 292
1770200591.1699 0 'robobot/drive/T0/gyro' 1770200591.1699 -0.205383 -0.076294 0.076355 102.914
1770200591.1700 0 'robobot/drive/T0/acc' 1770200591.1699 0.399658 -0.003662 0.889404 102.914
1770200591.1722 0 'robobot/drive/T0/pose' 1770200591.1721 102.9160 0.723 0.198 1.5844 -2.7155
1770200591.1744 0 'robobot/drive/T0/vel' 1770200591.1743 102.9180 0.000 0.000 0.0000 0.000 4
1770200591.1747 0 'robobot/drive/T0/mvel' 1770200591.1747 0.000 0.000
1770200591.1776 0 'robobot/drive/T0/pose' 1770200591.1775 102.9210 0.723 0.198 1.5844 -2.7156
1770200591.1787 0 'robobot/drive/T0/livn' 1770200591.1786 35 37 47 74 76 41 37 44 297
1770200591.1809 0 'robobot/drive/T0/ird' 1770200591.1808 0.907 0.117 3422 16461 1
1770200591.1820 0 'robobot/drive/T0/gyro' 1770200591.1819 -0.144348 -0.045776 0.137390 102.926
1770200591.1821 0 'robobot/drive/T0/acc' 1770200591.1820 0.404053 -0.001465 0.891846 102.926
1770200591.1822 0 'robobot/drive/T0/pose' 1770200591.1821 102.9260 0.723 0.198 1.5844 -2.7156
1770200591.1822 0 'robobot/drive/T0/vel' 1770200591.1822 102.9260 0.000 0.000 0.0000 0.000 4
1770200591.1833 0 'robobot/drive/T0/mvel' 1770200591.1832 0.000 0.000
1770200591.1844 0 'robobot/drive/T0/mca' 1770200591.1843 0.000 0.000 17
1770200591.1876 0 'robobot/drive/T0/pose' 1770200591.1876 102.9310 0.723 0.198 1.5844 -2.7156
1770200591.1888 0 'robobot/drive/T0/livn' 1770200591.1887 31 34 52 79 78 46 43 48 1
1770200591.1899 0 'robobot/drive/T0/vel' 1770200591.1898 102.9340 0.000 0.000 0.0000 0.000 4
1770200591.1907 0 'robobot/drive/T0/mvel' 1770200591.1907 0.000 0.000
1770200591.1921 0 'robobot/drive/T0/pose' 1770200591.1920 102.9360 0.723 0.198 1.5844 -2.7156
1770200591.1943 0 'robobot/drive/T0/gyro' 1770200591.1942 -0.205383 0.015259 0.045837 102.938
1770200591.1943 0 'robobot/drive/T0/acc' 1770200591.1943 0.410645 -0.001221 0.885254 102.938
1770200591.1944 0 'robobot/drive/T0/mot' 1770200591.1943 0 0 0.1 0.1 0
1770200591.1976 0 'robobot/drive/T0/pose' 1770200591.1976 102.9410 0.723 0.198 1.5844 -2.7156
1770200591.1988 0 'robobot/drive/T0/vel' 1770200591.1987 102.9420 0.000 0.000 0.0000 0.000 4
1770200591.1988 0 'robobot/drive/T0/livn' 1770200591.1988 30 40 54 69 72 44 44 42 6
1770200591.1992 0 'robobot/drive/T0/mvel' 1770200591.1992 0.000 0.000
1770200591.2021 0 'robobot/drive/T0/pose' 1770200591.2020 102.9460 0.723 0.198 1.5844 -2.7156
1770200591.2053 0 'robobot/drive/T0/gyro' 1770200591.2053 -0.022278 -0.228882 -0.106750 102.950
1770200591.2054 0 'robobot/drive/T0/acc' 1770200591.2053 0.406494 0.000244 0.885498 102.950
1770200591.2065 0 'robobot/drive/T0/ird' 1770200591.2065 0.908 0.117 3420 16511 1
1770200591.2066 0 'robobot/drive/T0/vel' 1770200591.2065 102.9500 0.000 0.000 0.0000 0.000 4
1770200591.2067 0 'robobot/drive/T0/mvel' 1770200591.2067 0.000 0.000
1770200591.2077 0 'robobot/drive/T0/pose' 1770200591.2076 102.9510 0.723 0.198 1.5844 -2.7156
1770200591.2088 0 'robobot/drive/T0/livn' 1770200591.2088 33 42 52 74 73 43 43 42 11
1770200591.2121 0 'robobot/drive/T0/pose' 1770200591.2120 102.9560 0.723 0.198 1.5844 -2.7156
1770200591.2132 0 'robobot/drive/T0/liv' 1770200591.2131 26 36 48 56 66 40 36 29 25
1770200591.2143 0 'robobot/drive/T0/vel' 1770200591.2143 102.9580 0.000 0.000 0.0000 0.000 4
1770200591.2152 0 'robobot/drive/T0/mvel' 1770200591.2152 0.000 0.000
1770200591.2176 0 'robobot/drive/T0/pose' 1770200591.2175 102.9610 0.723 0.198 1.5844 -2.7156
1770200591.2176 0 'robobot/drive/T0/mca' 1770200591.2176 0.000 0.000 16
1770200591.2177 0 'robobot/drive/T0/gyro' 1770200591.2176 -0.083313 -0.076294 -0.198303 102.962
1770200591.2178 0 'robobot/drive/T0/acc' 1770200591.2177 0.410156 -0.000977 0.889160 102.962
1770200591.2178 0 'robobot/drive/T0/livn' 1770200591.2178 33 40 51 74 74 42 40 38 16
1770200591.2221 0 'robobot/drive/T0/pose' 1770200591.2221 102.9660 0.723 0.198 1.5844 -2.7156
1770200591.2222 0 'robobot/drive/T0/vel' 1770200591.2221 102.9660 0.000 0.000 0.0000 0.000 4
1770200591.2227 0 'robobot/drive/T0/mvel' 1770200591.2226 0.000 0.000
1770200591.2276 0 'robobot/drive/T0/pose' 1770200591.2275 102.9710 0.723 0.198 1.5844 -2.7156
1770200591.2276 0 'robobot/drive/T0/mot' 1770200591.2276 0 0 0.1 0.1 0
1770200591.2287 0 'robobot/drive/T0/livn' 1770200591.2287 35 40 51 75 74 43 41 41 21
1770200591.2299 0 'robobot/drive/T0/gyro' 1770200591.2298 0.038757 -0.015259 -0.350891 102.974
1770200591.2300 0 'robobot/drive/T0/acc' 1770200591.2299 0.408691 -0.003174 0.894043 102.974
1770200591.2300 0 'robobot/drive/T0/vel' 1770200591.2300 102.9740 0.000 0.000 0.0000 0.000 4
1770200591.2301 0 'robobot/drive/T0/mvel' 1770200591.2301 0.000 0.000
1770200591.2311 0 'robobot/drive/T0/ird' 1770200591.2311 0.891 0.117 3458 16462 1
1770200591.2323 0 'robobot/drive/T0/pose' 1770200591.2322 102.9760 0.723 0.198 1.5844 -2.7156
1770200591.2376 0 'robobot/drive/T0/pose' 1770200591.2376 102.9810 0.723 0.198 1.5844 -2.7156
1770200591.2388 0 'robobot/drive/T0/vel' 1770200591.2387 102.9820 0.000 0.000 0.0000 0.000 4
1770200591.2388 0 'robobot/drive/T0/livn' 1770200591.2388 35 40 52 77 74 41 40 42 26
1770200591.2397 0 'robobot/drive/T0/mvel' 1770200591.2397 0.000 0.000
1770200591.2421 0 'robobot/drive/T0/gyro' 1770200591.2420 0.130310 0.045776 -0.045715 102.986
1770200591.2421 0 'robobot/drive/T0/acc' 1770200591.2421 0.411865 -0.002197 0.897461 102.986
1770200591.2422 0 'robobot/drive/T0/pose' 1770200591.2421 102.9860 0.723 0.198 1.5844 -2.7155
1770200591.2465 0 'robobot/drive/T0/vel' 1770200591.2464 102.9900 0.000 0.000 0.0000 0.000 4
1770200591.2472 0 'robobot/drive/T0/mvel' 1770200591.2471 0.000 0.000
1770200591.2476 0 'robobot/drive/T0/pose' 1770200591.2476 102.9910 0.723 0.198 1.5844 -2.7155
1770200591.2488 0 'robobot/drive/T0/livn' 1770200591.2487 34 39 52 78 74 42 40 43 31
1770200591.2510 0 'robobot/drive/T0/mca' 1770200591.2509 0.000 0.000 17
1770200591.2521 0 'robobot/drive/T0/pose' 1770200591.2520 102.9960 0.723 0.198 1.5844 -2.7155
1770200591.2543 0 'robobot/drive/T0/gyro' 1770200591.2542 0.130310 0.137329 -0.350891 102.998
1770200591.2543 0 'robobot/drive/T0/acc' 1770200591.2543 0.407715 -0.002197 0.885742 102.998
1770200591.2544 0 'robobot/drive/T0/vel' 1770200591.2543 102.9980 0.000 0.000 0.0000 0.000 4
1770200591.2546 0 'robobot/drive/T0/mvel' 1770200591.2546 0.000 0.000
1770200591.2566 0 'robobot/drive/T0/ird' 1770200591.2565 0.856 0.118 3538 16378 1
1770200591.2577 0 'robobot/drive/T0/pose' 1770200591.2576 103.0010 0.723 0.198 1.5844 -2.7155
1770200591.2588 0 'robobot/drive/T0/livn' 1770200591.2588 34 39 51 78 75 42 40 43 36
1770200591.2599 0 'robobot/drive/T0/mot' 1770200591.2599 0 0 0.1 0.1 0
1770200591.2621 0 'robobot/drive/T0/pose' 1770200591.2621 103.0060 0.723 0.198 1.5844 -2.7154
1770200591.2622 0 'robobot/drive/T0/vel' 1770200591.2621 103.0060 0.000 0.000 0.0000 0.000 4
1770200591.2632 0 'robobot/drive/T0/mvel' 1770200591.2631 0.000 0.000
1770200591.2633 0 'robobot/drive/T0/liv' 1770200591.2633 27 34 48 62 69 41 35 31 25
1770200591.2655 0 'robobot/drive/T0/dname' 1770200591.2654 Robobot Arthur
1770200591.2656 0 'robobot/drive/T0/hbt' 1770200591.2655 103.0090 107 1033 15.65 4 8 8.9 0.31 0
1770200591.2657 0 'robobot/drive/T0/gyro' 1770200591.2656 -0.296936 -0.015259 -0.167786 103.010
1770200591.2657 0 'robobot/drive/T0/acc' 1770200591.2657 0.402344 -0.000977 0.892090 103.010
1770200591.2669 0 'robobot/drive/T0/pose' 1770200591.2668 103.0110 0.723 0.198 1.5844 -2.7154
1770200591.2680 0 'robobot/drive/T0/livn' 1770200591.2679 34 39 51 78 76 42 40 44 41
1770200591.2702 0 'robobot/drive/T0/vel' 1770200591.2701 103.0140 0.000 0.000 0.0000 0.000 4
1770200591.2706 0 'robobot/drive/T0/mvel' 1770200591.2706 0.000 0.000
1770200591.2724 0 'robobot/drive/T0/pose' 1770200591.2723 103.0160 0.723 0.198 1.5844 -2.7154
1770200591.2767 0 'robobot/drive/T0/pose' 1770200591.2766 103.0210 0.723 0.198 1.5844 -2.7154
1770200591.2778 0 'robobot/drive/T0/gyro' 1770200591.2778 0.008240 0.228882 -0.442444 103.022
1770200591.2779 0 'robobot/drive/T0/acc' 1770200591.2779 0.400146 -0.003662 0.895020 103.022
1770200591.2780 0 'robobot/drive/T0/vel' 1770200591.2779 103.0220 0.000 0.000 0.0000 0.000 4
1770200591.2781 0 'robobot/drive/T0/livn' 1770200591.2780 34 39 52 78 76 41 40 46 46
1770200591.2781 0 'robobot/drive/T0/mvel' 1770200591.2781 0.000 0.000
1770200591.2813 0 'robobot/drive/T0/ird' 1770200591.2813 0.897 0.117 3444 16522 1
1770200591.2825 0 'robobot/drive/T0/pose' 1770200591.2824 103.0260 0.723 0.198 1.5844 -2.7155
1770200591.2836 0 'robobot/drive/T0/mca' 1770200591.2835 -0.000 0.000 16
1770200591.2868 0 'robobot/drive/T0/vel' 1770200591.2867 103.0300 0.000 0.000 0.0000 0.000 4
1770200591.2869 0 'robobot/drive/T0/pose' 1770200591.2868 103.0310 0.723 0.198 1.5844 -2.7155
1770200591.2876 0 'robobot/drive/T0/mvel' 1770200591.2876 0.000 0.000
1770200591.2880 0 'robobot/drive/T0/livn' 1770200591.2879 35 38 51 77 76 41 41 45 51
1770200591.2902 0 'robobot/drive/T0/gyro' 1770200591.2901 -0.266418 0.350952 0.106873 103.034
1770200591.2902 0 'robobot/drive/T0/acc' 1770200591.2902 0.401611 -0.002441 0.888672 103.034
1770200591.2924 0 'robobot/drive/T0/pose' 1770200591.2924 103.0360 0.723 0.198 1.5844 -2.7155
1770200591.2936 0 'robobot/drive/T0/mot' 1770200591.2935 0 0 0.1 0.1 0
1770200591.2947 0 'robobot/drive/T0/vel' 1770200591.2946 103.0380 0.000 0.000 0.0000 0.000 4
1770200591.2950 0 'robobot/drive/T0/mvel' 1770200591.2950 0.000 0.000
1770200591.2969 0 'robobot/drive/T0/pose' 1770200591.2968 103.0410 0.723 0.198 1.5844 -2.7155
1770200591.2980 0 'robobot/drive/T0/livn' 1770200591.2979 34 38 51 77 76 41 41 46 56
1770200591.3023 0 'robobot/drive/T0/gyro' 1770200591.3022 0.160828 0.015259 0.045837 103.046
1770200591.3024 0 'robobot/drive/T0/acc' 1770200591.3023 0.397217 0.001465 0.892090 103.046
1770200591.3024 0 'robobot/drive/T0/pose' 1770200591.3024 103.0460 0.723 0.198 1.5844 -2.7156
1770200591.3025 0 'robobot/drive/T0/vel' 1770200591.3024 103.0460 0.000 0.000 0.0000 0.000 4
1770200591.3025 0 'robobot/drive/T0/mvel' 1770200591.3025 0.000 0.000
1770200591.3057 0 'robobot/drive/T0/ird' 1770200591.3057 0.916 0.117 3403 16454 1
1770200591.3069 0 'robobot/drive/T0/pose' 1770200591.3068 103.0510 0.723 0.198 1.5844 -2.7156
1770200591.3080 0 'robobot/drive/T0/livn' 1770200591.3079 34 38 51 76 76 41 40 45 61
1770200591.3102 0 'robobot/drive/T0/vel' 1770200591.3101 103.0540 0.000 0.000 0.0000 0.000 4
1770200591.3110 0 'robobot/drive/T0/mvel' 1770200591.3110 0.000 0.000
1770200591.3124 0 'robobot/drive/T0/pose' 1770200591.3123 103.0560 0.723 0.198 1.5844 -2.7156
1770200591.3135 0 'robobot/drive/T0/liv' 1770200591.3134 26 32 47 60 70 38 37 34 25
1770200591.3136 0 'robobot/drive/T0/gyro' 1770200591.3135 -0.266418 -0.137329 -0.015198 103.058
1770200591.3136 0 'robobot/drive/T0/acc' 1770200591.3136 0.395264 -0.000244 0.889160 103.058
1770200591.3169 0 'robobot/drive/T0/mca' 1770200591.3168 0.000 0.000 17
1770200591.3169 0 'robobot/drive/T0/pose' 1770200591.3169 103.0610 0.723 0.198 1.5844 -2.7157
1770200591.3181 0 'robobot/drive/T0/vel' 1770200591.3180 103.0620 0.000 0.000 0.0000 0.000 4
1770200591.3181 0 'robobot/drive/T0/livn' 1770200591.3181 35 37 50 77 77 41 40 45 66
1770200591.3184 0 'robobot/drive/T0/mvel' 1770200591.3184 0.000 0.000
1770200591.3224 0 'robobot/drive/T0/pose' 1770200591.3223 103.0660 0.723 0.198 1.5844 -2.7157
1770200591.3257 0 'robobot/drive/T0/gyro' 1770200591.3256 -0.022278 -0.076294 -0.198303 103.070
1770200591.3258 0 'robobot/drive/T0/acc' 1770200591.3257 0.398193 -0.003174 0.893555 103.070
1770200591.3258 0 'robobot/drive/T0/mot' 1770200591.3258 0 0 0.1 0.1 0
1770200591.3259 0 'robobot/drive/T0/vel' 1770200591.3258 103.0700 0.000 0.000 0.0000 0.000 4
1770200591.3261 0 'robobot/drive/T0/mvel' 1770200591.3260 0.000 0.000
1770200591.3270 0 'robobot/drive/T0/pose' 1770200591.3270 103.0710 0.723 0.198 1.5844 -2.7157
1770200591.3282 0 'robobot/drive/T0/livn' 1770200591.3281 33 37 50 78 77 41 40 46 71
1770200591.3312 0 'robobot/drive/T0/ird' 1770200591.3311 0.910 0.117 3416 16508 1
1770200591.3324 0 'robobot/drive/T0/pose' 1770200591.3323 103.0760 0.723 0.198 1.5844 -2.7158
1770200591.3346 0 'robobot/drive/T0/vel' 1770200591.3345 103.0780 0.000 0.000 0.0000 0.000 4
1770200591.3356 0 'robobot/drive/T0/mvel' 1770200591.3356 0.000 0.000
1770200591.3369 0 'robobot/drive/T0/pose' 1770200591.3368 103.0810 0.723 0.198 1.5844 -2.7158
1770200591.3382 0 'robobot/drive/T0/gyro' 1770200591.3381 -0.113831 -0.015259 -0.137268 103.082
1770200591.3383 0 'robobot/drive/T0/acc' 1770200591.3382 0.403076 -0.004150 0.898926 103.082
1770200591.3384 0 'robobot/drive/T0/livn' 1770200591.3383 33 37 50 78 77 41 39 46 76
1770200591.3428 0 'robobot/drive/T0/pose' 1770200591.3427 103.0860 0.723 0.198 1.5844 -2.7159
1770200591.3429 0 'robobot/drive/T0/vel' 1770200591.3428 103.0860 0.000 0.000 0.0000 0.000 4
1770200591.3432 0 'robobot/drive/T0/mvel' 1770200591.3431 0.000 0.000
1770200591.3488 0 'robobot/drive/T0/pose' 1770200591.3487 103.0910 0.723 0.198 1.5844 -2.7159
1770200591.3488 0 'robobot/drive/T0/livn' 1770200591.3488 33 37 50 78 77 41 40 45 81
1770200591.3501 0 'robobot/drive/T0/mca' 1770200591.3500 0.000 0.000 16
1770200591.3502 0 'robobot/drive/T0/gyro' 1770200591.3501 -0.052795 -0.259399 -0.045715 103.094
1770200591.3503 0 'robobot/drive/T0/acc' 1770200591.3502 0.401611 -0.000977 0.886475 103.094
1770200591.3503 0 'robobot/drive/T0/vel' 1770200591.3503 103.0940 0.000 0.000 0.0000 0.000 4
1770200591.3511 0 'robobot/drive/T0/mvel' 1770200591.3511 0.000 0.000
1770200591.3523 0 'robobot/drive/master' 1770200591.3522 2026-02-04 11:23:03.813786
1770200591.3526 0 'robobot/drive/T0/pose' 1770200591.3525 103.0960 0.723 0.198 1.5844 -2.7159
1770200591.3559 0 'robobot/drive/T0/ird' 1770200591.3558 0.924 0.117 3388 16453 1
1770200591.3570 0 'robobot/drive/T0/pose' 1770200591.3569 103.1010 0.723 0.198 1.5844 -2.7160
1770200591.3582 0 'robobot/drive/T0/vel' 1770200591.3581 103.1020 0.000 0.000 0.0000 0.000 4
1770200591.3582 0 'robobot/drive/T0/livn' 1770200591.3582 34 37 49 78 77 41 39 45 86
1770200591.3586 0 'robobot/drive/T0/mvel' 1770200591.3585 0.000 0.000
1770200591.3593 0 'robobot/drive/T0/mot' 1770200591.3593 0 0 0.1 0.1 0
1770200591.3616 0 'robobot/drive/T0/gyro' 1770200591.3615 -0.144348 -0.350952 0.289978 103.106
1770200591.3616 0 'robobot/drive/T0/acc' 1770200591.3616 0.401367 -0.004150 0.887207 103.106
1770200591.3617 0 'robobot/drive/T0/pose' 1770200591.3616 103.1060 0.723 0.198 1.5844 -2.7160
1770200591.3628 0 'robobot/drive/T0/liv' 1770200591.3628 26 31 43 60 70 39 31 28 25
1770200591.3661 0 'robobot/drive/T0/vel' 1770200591.3660 103.1100 0.000 0.000 0.0000 0.000 4
1770200591.3671 0 'robobot/drive/T0/mvel' 1770200591.3671 0.000 0.000
1770200591.3672 0 'robobot/drive/T0/pose' 1770200591.3671 103.1110 0.723 0.198 1.5844 -2.7160
1770200591.3683 0 'robobot/drive/T0/livn' 1770200591.3683 34 37 49 78 77 41 38 44 91
1770200591.3726 0 'robobot/drive/T0/pose' 1770200591.3726 103.1160 0.723 0.198 1.5844 -2.7160
1770200591.3738 0 'robobot/drive/T0/gyro' 1770200591.3737 -0.052795 -0.289917 -0.015198 103.118
1770200591.3738 0 'robobot/drive/T0/acc' 1770200591.3738 0.406250 -0.003662 0.894043 103.118
1770200591.3739 0 'robobot/drive/T0/vel' 1770200591.3738 103.1180 0.000 0.000 0.0000 0.000 4
1770200591.3744 0 'robobot/drive/T0/mvel' 1770200591.3744 0.000 0.000
1770200591.3771 0 'robobot/drive/T0/pose' 1770200591.3771 103.1210 0.723 0.198 1.5844 -2.7161
1770200591.3783 0 'robobot/drive/T0/livn' 1770200591.3782 34 37 49 78 78 42 38 44 96
1770200591.3815 0 'robobot/drive/T0/ird' 1770200591.3814 0.923 0.117 3389 16445 1
1770200591.3826 0 'robobot/drive/T0/pose' 1770200591.3826 103.1260 0.723 0.198 1.5844 -2.7161
1770200591.3827 0 'robobot/drive/T0/vel' 1770200591.3826 103.1260 0.000 0.000 0.0000 0.000 4
1770200591.3827 0 'robobot/drive/T0/mca' 1770200591.3827 0.000 0.000 17
1770200591.3829 0 'robobot/drive/T0/mvel' 1770200591.3829 0.000 0.000
1770200591.3860 0 'robobot/drive/T0/gyro' 1770200591.3859 0.008240 -0.045776 -0.228821 103.130
1770200591.3860 0 'robobot/drive/T0/acc' 1770200591.3860 0.410400 -0.001953 0.893799 103.130
1770200591.3872 0 'robobot/drive/T0/pose' 1770200591.3871 103.1310 0.723 0.198 1.5844 -2.7161
1770200591.3883 0 'robobot/drive/T0/livn' 1770200591.3882 34 36 48 77 78 42 38 44 101
1770200591.3905 0 'robobot/drive/T0/vel' 1770200591.3904 103.1340 0.000 0.000 0.0000 0.000 4
1770200591.3913 0 'robobot/drive/T0/mvel' 1770200591.3913 0.000 0.000
1770200591.3927 0 'robobot/drive/T0/pose' 1770200591.3926 103.1360 0.723 0.198 1.5844 -2.7160
1770200591.3927 0 'robobot/drive/T0/mot' 1770200591.3927 0 0 0.1 0.1 0
1770200591.3970 0 'robobot/drive/T0/pose' 1770200591.3969 103.1410 0.723 0.198 1.5844 -2.7160
1770200591.3982 0 'robobot/drive/T0/gyro' 1770200591.3981 0.252380 -0.228882 -0.137268 103.142
1770200591.3982 0 'robobot/drive/T0/acc' 1770200591.3982 0.406006 -0.000488 0.894043 103.142
1770200591.3983 0 'robobot/drive/T0/vel' 1770200591.3982 103.1420 0.000 0.000 0.0000 0.000 4
1770200591.3984 0 'robobot/drive/T0/livn' 1770200591.3983 34 36 48 77 78 41 38 44 106
1770200591.3987 0 'robobot/drive/T0/mvel' 1770200591.3987 0.000 0.000
1770200591.4027 0 'robobot/drive/T0/pose' 1770200591.4026 103.1460 0.723 0.198 1.5844 -2.7160
1770200591.4059 0 'robobot/drive/T0/ird' 1770200591.4058 0.919 0.117 3397 16447 1
1770200591.4060 0 'robobot/drive/T0/vel' 1770200591.4059 103.1500 0.000 0.000 0.0000 0.000 4
1770200591.4061 0 'robobot/drive/T0/mvel' 1770200591.4061 0.000 0.000
1770200591.4071 0 'robobot/drive/T0/pose' 1770200591.4070 103.1510 0.723 0.198 1.5844 -2.7160
1770200591.4082 0 'robobot/drive/T0/livn' 1770200591.4081 35 37 48 77 78 41 38 44 111
1770200591.4093 0 'robobot/drive/T0/gyro' 1770200591.4093 -0.144348 0.167847 0.076355 103.154
1770200591.4094 0 'robobot/drive/T0/acc' 1770200591.4093 0.406006 -0.001465 0.898438 103.154
1770200591.4127 0 'robobot/drive/T0/pose' 1770200591.4126 103.1560 0.723 0.198 1.5844 -2.7160
1770200591.4127 0 'robobot/drive/T0/liv' 1770200591.4127 29 32 43 59 71 42 33 31 25
1770200591.4138 0 'robobot/drive/T0/vel' 1770200591.4138 103.1580 0.000 0.000 0.0000 0.000 4
1770200591.4146 0 'robobot/drive/T0/mvel' 1770200591.4145 0.000 0.000
1770200591.4160 0 'robobot/drive/T0/mca' 1770200591.4160 0.000 0.000 16
1770200591.4171 0 'robobot/drive/T0/pose' 1770200591.4171 103.1610 0.723 0.198 1.5844 -2.7160
1770200591.4183 0 'robobot/drive/T0/livn' 1770200591.4182 35 37 48 77 78 41 38 44 116
1770200591.4215 0 'robobot/drive/T0/gyro' 1770200591.4214 0.008240 -0.045776 -0.137268 103.166
1770200591.4216 0 'robobot/drive/T0/acc' 1770200591.4215 0.403809 -0.000488 0.892090 103.166
1770200591.4227 0 'robobot/drive/T0/pose' 1770200591.4226 103.1660 0.723 0.198 1.5844 -2.7160
1770200591.4228 0 'robobot/drive/T0/vel' 1770200591.4227 103.1660 0.000 0.000 0.0000 0.000 4
1770200591.4230 0 'robobot/drive/T0/mvel' 1770200591.4230 0.000 0.000
1770200591.4250 0 'robobot/drive/T0/mot' 1770200591.4249 0 0 0.1 0.1 0
1770200591.4271 0 'robobot/drive/T0/pose' 1770200591.4271 103.1710 0.723 0.198 1.5844 -2.7160
1770200591.4282 0 'robobot/drive/T0/livn' 1770200591.4282 35 37 48 77 78 42 38 44 121
1770200591.4304 0 'robobot/drive/T0/vel' 1770200591.4303 103.1740 0.000 0.000 0.0000 0.000 4
1770200591.4314 0 'robobot/drive/T0/mvel' 1770200591.4314 0.000 0.000
1770200591.4315 0 'robobot/drive/T0/ird' 1770200591.4315 0.920 0.118 3395 16375 1
1770200591.4327 0 'robobot/drive/T0/pose' 1770200591.4326 103.1760 0.723 0.198 1.5844 -2.7160
1770200591.4338 0 'robobot/drive/T0/gyro' 1770200591.4337 -0.388489 -0.045776 -0.137268 103.178
1770200591.4339 0 'robobot/drive/T0/acc' 1770200591.4338 0.403809 0.000488 0.892822 103.178
1770200591.4371 0 'robobot/drive/T0/pose' 1770200591.4370 103.1810 0.723 0.198 1.5844 -2.7160
1770200591.4382 0 'robobot/drive/T0/vel' 1770200591.4382 103.1820 0.000 0.000 0.0000 0.000 4
1770200591.4383 0 'robobot/drive/T0/livn' 1770200591.4382 35 37 48 77 78 42 38 44 126
1770200591.4388 0 'robobot/drive/T0/mvel' 1770200591.4388 0.000 0.000
1770200591.4426 0 'robobot/drive/T0/pose' 1770200591.4425 103.1860 0.723 0.198 1.5844 -2.7160
1770200591.4458 0 'robobot/drive/T0/gyro' 1770200591.4457 0.130310 0.076294 0.106873 103.190
1770200591.4459 0 'robobot/drive/T0/acc' 1770200591.4458 0.399902 -0.001221 0.891113 103.190
1770200591.4460 0 'robobot/drive/T0/vel' 1770200591.4459 103.1900 0.000 0.000 0.0000 0.000 4
1770200591.4462 0 'robobot/drive/T0/mvel' 1770200591.4461 0.000 0.000
1770200591.4471 0 'robobot/drive/T0/pose' 1770200591.4470 103.1910 0.723 0.198 1.5844 -2.7160
1770200591.4482 0 'robobot/drive/T0/livn' 1770200591.4481 36 37 48 77 78 42 38 44 131
1770200591.4483 0 'robobot/drive/T0/mca' 1770200591.4482 0.000 0.000 17
1770200591.4526 0 'robobot/drive/T0/pose' 1770200591.4525 103.1960 0.723 0.198 1.5844 -2.7161
1770200591.4547 0 'robobot/drive/T0/vel' 1770200591.4547 103.1980 0.000 0.000 0.0000 0.000 4
1770200591.4557 0 'robobot/drive/T0/mvel' 1770200591.4556 0.000 0.000
1770200591.4559 0 'robobot/drive/T0/ird' 1770200591.4558 0.915 0.117 3406 16507 1
1770200591.4570 0 'robobot/drive/T0/pose' 1770200591.4569 103.2010 0.723 0.198 1.5844 -2.7161
1770200591.4581 0 'robobot/drive/T0/gyro' 1770200591.4580 0.099792 -0.076294 0.015320 103.202
1770200591.4582 0 'robobot/drive/T0/acc' 1770200591.4581 0.401123 0.000488 0.888916 103.202
1770200591.4582 0 'robobot/drive/T0/mot' 1770200591.4582 0 0 0.1 0.1 0
1770200591.4583 0 'robobot/drive/T0/livn' 1770200591.4582 36 37 48 77 78 42 38 44 136
1770200591.4626 0 'robobot/drive/T0/pose' 1770200591.4625 103.2060 0.723 0.198 1.5844 -2.7161
1770200591.4626 0 'robobot/drive/T0/vel' 1770200591.4626 103.2060 0.000 0.000 0.0000 0.000 4
1770200591.4631 0 'robobot/drive/T0/mvel' 1770200591.4630 0.000 0.000
1770200591.4637 0 'robobot/drive/T0/liv' 1770200591.4637 31 34 44 57 69 43 33 30 25
1770200591.4670 0 'robobot/drive/T0/pose' 1770200591.4669 103.2110 0.723 0.198 1.5844 -2.7161
1770200591.4681 0 'robobot/drive/T0/livn' 1770200591.4680 36 37 48 77 78 42 38 44 141
1770200591.4702 0 'robobot/drive/T0/gyro' 1770200591.4702 -0.205383 -0.106812 -0.015198 103.214
1770200591.4703 0 'robobot/drive/T0/acc' 1770200591.4702 0.402588 0.000488 0.892822 103.214
1770200591.4704 0 'robobot/drive/T0/vel' 1770200591.4703 103.2140 0.000 0.000 0.0000 0.000 4
1770200591.4705 0 'robobot/drive/T0/mvel' 1770200591.4704 0.000 0.000
1770200591.4725 0 'robobot/drive/T0/pose' 1770200591.4725 103.2160 0.723 0.198 1.5844 -2.7161
1770200591.4768 0 'robobot/drive/T0/pose' 1770200591.4768 103.2210 0.723 0.198 1.5844 -2.7161
1770200591.4780 0 'robobot/drive/T0/vel' 1770200591.4779 103.2220 0.000 0.000 0.0000 0.000 4
1770200591.4789 0 'robobot/drive/T0/mvel' 1770200591.4789 0.000 0.000
1770200591.4791 0 'robobot/drive/T0/livn' 1770200591.4790 36 36 48 77 78 42 38 44 147
1770200591.4812 0 'robobot/drive/T0/ird' 1770200591.4812 0.924 0.117 3388 16460 1
1770200591.4813 0 'robobot/drive/T0/mca' 1770200591.4812 0.000 0.000 16
1770200591.4813 0 'robobot/drive/T0/gyro' 1770200591.4813 0.008240 -0.167847 -0.381409 103.226
1770200591.4814 0 'robobot/drive/T0/acc' 1770200591.4813 0.400879 0.001953 0.893799 103.226
1770200591.4825 0 'robobot/drive/T0/pose' 1770200591.4825 103.2260 0.723 0.198 1.5844 -2.7162
1770200591.4868 0 'robobot/drive/T0/vel' 1770200591.4868 103.2300 0.000 0.000 0.0000 0.000 4
1770200591.4869 0 'robobot/drive/T0/pose' 1770200591.4868 103.2310 0.723 0.198 1.5844 -2.7162
1770200591.4873 0 'robobot/drive/T0/mvel' 1770200591.4873 0.000 0.000
1770200591.4891 0 'robobot/drive/T0/livn' 1770200591.4890 36 37 48 76 78 42 39 44 152
1770200591.4912 0 'robobot/drive/T0/mot' 1770200591.4912 0 0 0.1 0.1 0
1770200591.4923 0 'robobot/drive/T0/pose' 1770200591.4923 103.2360 0.723 0.198 1.5844 -2.7162
1770200591.4935 0 'robobot/drive/T0/gyro' 1770200591.4934 -0.022278 -0.228882 0.045837 103.238
1770200591.4935 0 'robobot/drive/T0/acc' 1770200591.4935 0.397705 0.001221 0.900635 103.238
1770200591.4947 0 'robobot/drive/T0/vel' 1770200591.4946 103.2380 0.000 0.000 0.0000 0.000 4
1770200591.4947 0 'robobot/drive/T0/mvel' 1770200591.4947 0.000 0.000
1770200591.4968 0 'robobot/drive/T0/pose' 1770200591.4968 103.2410 0.723 0.198 1.5844 -2.7163
1770200591.4990 0 'robobot/drive/T0/livn' 1770200591.4990 36 37 48 76 78 42 39 44 157
1770200591.5023 0 'robobot/drive/T0/pose' 1770200591.5022 103.2460 0.723 0.198 1.5844 -2.7163
1770200591.5023 0 'robobot/drive/T0/vel' 1770200591.5023 103.2470 0.000 0.000 0.0000 0.000 5
1770200591.5032 0 'robobot/drive/T0/mvel' 1770200591.5032 0.000 0.000
1770200591.5056 0 'robobot/drive/T0/gyro' 1770200591.5055 -0.357971 0.045776 -0.076233 103.250
1770200591.5056 0 'robobot/drive/T0/acc' 1770200591.5056 0.396484 -0.002930 0.891602 103.250
1770200591.5057 0 'robobot/drive/T0/ird' 1770200591.5056 0.916 0.117 3404 16542 1
1770200591.5068 0 'robobot/drive/T0/pose' 1770200591.5068 103.2510 0.723 0.198 1.5844 -2.7163
1770200591.5090 0 'robobot/drive/T0/livn' 1770200591.5089 36 37 48 76 78 42 39 44 162
1770200591.5101 0 'robobot/drive/T0/vel' 1770200591.5101 103.2550 0.000 0.000 0.0000 0.000 4
1770200591.5106 0 'robobot/drive/T0/mvel' 1770200591.5106 0.000 0.000
1770200591.5123 0 'robobot/drive/T0/pose' 1770200591.5122 103.2560 0.723 0.198 1.5844 -2.7164
1770200591.5134 0 'robobot/drive/T0/liv' 1770200591.5134 28 35 45 57 69 43 37 30 25
1770200591.5145 0 'robobot/drive/T0/mca' 1770200591.5145 0.000 0.000 17
1770200591.5177 0 'robobot/drive/T0/pose' 1770200591.5177 103.2610 0.723 0.198 1.5844 -2.7164
1770200591.5178 0 'robobot/drive/T0/gyro' 1770200591.5177 0.069275 -0.076294 0.015320 103.262
1770200591.5179 0 'robobot/drive/T0/acc' 1770200591.5178 0.400146 -0.005371 0.898926 103.262
1770200591.5190 0 'robobot/drive/T0/vel' 1770200591.5189 103.2630 0.000 0.000 0.0000 0.000 4
1770200591.5190 0 'robobot/drive/T0/livn' 1770200591.5190 36 37 47 76 78 42 38 44 167
1770200591.5191 0 'robobot/drive/T0/mvel' 1770200591.5190 0.000 0.000
1770200591.5223 0 'robobot/drive/T0/pose' 1770200591.5222 103.2660 0.723 0.198 1.5844 -2.7164
1770200591.5244 0 'robobot/drive/T0/mot' 1770200591.5244 0 0 0.1 0.1 0
1770200591.5266 0 'robobot/drive/T0/vel' 1770200591.5265 103.2710 0.000 0.000 0.0000 0.000 4
1770200591.5275 0 'robobot/drive/T0/mvel' 1770200591.5275 0.000 0.000
1770200591.5277 0 'robobot/drive/T0/pose' 1770200591.5277 103.2710 0.723 0.198 1.5844 -2.7164
1770200591.5289 0 'robobot/drive/T0/livn' 1770200591.5288 36 37 48 76 78 42 39 44 172
1770200591.5304 0 'robobot/drive/T0/gyro' 1770200591.5303 0.191345 -0.228882 0.167908 103.274
1770200591.5305 0 'robobot/drive/T0/acc' 1770200591.5304 0.409424 -0.003906 0.897217 103.274
1770200591.5317 0 'robobot/drive/T0/ird' 1770200591.5316 0.923 0.116 3389 16657 1
1770200591.5329 0 'robobot/drive/T0/pose' 1770200591.5328 103.2760 0.723 0.198 1.5844 -2.7164
1770200591.5351 0 'robobot/drive/T0/vel' 1770200591.5350 103.2790 0.000 0.000 0.0000 0.000 4
1770200591.5360 0 'robobot/drive/T0/mvel' 1770200591.5360 0.000 0.000
1770200591.5375 0 'robobot/drive/T0/pose' 1770200591.5373 103.2810 0.723 0.198 1.5844 -2.7164
1770200591.5387 0 'robobot/drive/T0/livn' 1770200591.5386 36 37 48 76 77 42 39 44 177
1770200591.5419 0 'robobot/drive/T0/gyro' 1770200591.5418 0.038757 -0.228882 -0.076233 103.286
1770200591.5421 0 'robobot/drive/T0/acc' 1770200591.5419 0.408691 -0.004639 0.893066 103.286
1770200591.5423 0 'robobot/drive/T0/pose' 1770200591.5421 103.2860 0.723 0.198 1.5844 -2.7164
1770200591.5424 0 'robobot/drive/T0/vel' 1770200591.5423 103.2870 0.000 0.000 0.0000 0.000 4
1770200591.5424 0 'robobot/drive/T0/mvel' 1770200591.5424 0.000 0.000
1770200591.5478 0 'robobot/drive/T0/pose' 1770200591.5477 103.2910 0.723 0.198 1.5844 -2.7164
1770200591.5478 0 'robobot/drive/T0/mca' 1770200591.5478 -0.000 0.000 16
1770200591.5490 0 'robobot/drive/T0/livn' 1770200591.5489 36 37 48 76 77 42 38 44 182
1770200591.5501 0 'robobot/drive/T0/vel' 1770200591.5500 103.2950 0.000 0.000 0.0000 0.000 4
1770200591.5509 0 'robobot/drive/T0/mvel' 1770200591.5508 0.000 0.000
1770200591.5523 0 'robobot/drive/T0/pose' 1770200591.5522 103.2960 0.723 0.198 1.5844 -2.7164
1770200591.5535 0 'robobot/drive/T0/gyro' 1770200591.5534 -0.174866 0.076294 -0.167786 103.298
1770200591.5535 0 'robobot/drive/T0/acc' 1770200591.5535 0.411865 -0.004150 0.881836 103.298
1770200591.5558 0 'robobot/drive/T0/ird' 1770200591.5557 0.871 0.116 3502 16597 1
1770200591.5570 0 'robobot/drive/T0/pose' 1770200591.5569 103.3010 0.723 0.198 1.5844 -2.7163
1770200591.5571 0 'robobot/drive/T0/mot' 1770200591.5570 0 0 0.1 0.1 0
1770200591.5583 0 'robobot/drive/T0/vel' 1770200591.5582 103.3030 0.000 0.000 0.0000 0.000 4
1770200591.5583 0 'robobot/drive/T0/mvel' 1770200591.5583 0.000 0.000
1770200591.5584 0 'robobot/drive/T0/livn' 1770200591.5583 36 37 48 76 77 42 38 44 187
1770200591.5628 0 'robobot/drive/T0/pose' 1770200591.5627 103.3060 0.723 0.198 1.5844 -2.7163
1770200591.5628 0 'robobot/drive/T0/liv' 1770200591.5628 26 35 48 60 68 41 35 31 25
1770200591.5661 0 'robobot/drive/T0/gyro' 1770200591.5660 -0.266418 -0.015259 0.015320 103.310
1770200591.5663 0 'robobot/drive/T0/acc' 1770200591.5661 0.409424 -0.003418 0.891113 103.310
1770200591.5664 0 'robobot/drive/T0/vel' 1770200591.5663 103.3110 0.000 0.000 0.0000 0.000 4
1770200591.5668 0 'robobot/drive/T0/mvel' 1770200591.5668 0.000 0.000
1770200591.5675 0 'robobot/drive/T0/pose' 1770200591.5674 103.3110 0.723 0.198 1.5844 -2.7163
1770200591.5687 0 'robobot/drive/T0/livn' 1770200591.5686 35 37 48 76 78 42 39 44 192
1770200591.5719 0 'robobot/drive/T0/pose' 1770200591.5719 103.3160 0.723 0.198 1.5844 -2.7163
1770200591.5752 0 'robobot/drive/T0/vel' 1770200591.5751 103.3190 0.000 0.000 0.0000 0.000 4
1770200591.5752 0 'robobot/drive/T0/mvel' 1770200591.5752 0.000 0.000
1770200591.5774 0 'robobot/drive/T0/pose' 1770200591.5773 103.3210 0.723 0.198 1.5844 -2.7163
1770200591.5775 0 'robobot/drive/T0/gyro' 1770200591.5774 -0.022278 -0.076294 -0.045715 103.322
1770200591.5775 0 'robobot/drive/T0/acc' 1770200591.5775 0.408936 0.000488 0.893311 103.322
1770200591.5787 0 'robobot/drive/T0/livn' 1770200591.5786 35 37 48 76 77 42 39 44 197
1770200591.5809 0 'robobot/drive/T0/mca' 1770200591.5808 0.000 0.000 17
1770200591.5810 0 'robobot/drive/T0/ird' 1770200591.5809 0.884 0.117 3474 16494 1
1770200591.5822 0 'robobot/drive/T0/pose' 1770200591.5821 103.3260 0.723 0.198 1.5844 -2.7163
1770200591.5833 0 'robobot/drive/T0/vel' 1770200591.5833 103.3270 0.000 0.000 0.0000 0.000 4
1770200591.5837 0 'robobot/drive/T0/mvel' 1770200591.5837 0.000 0.000
1770200591.5877 0 'robobot/drive/T0/pose' 1770200591.5876 103.3310 0.723 0.198 1.5844 -2.7163
1770200591.5888 0 'robobot/drive/T0/livn' 1770200591.5887 35 37 48 76 78 42 39 44 202
1770200591.5899 0 'robobot/drive/T0/gyro' 1770200591.5899 0.038757 -0.045776 -0.015198 103.334
1770200591.5900 0 'robobot/drive/T0/acc' 1770200591.5899 0.406738 -0.002441 0.893066 103.334
1770200591.5901 0 'robobot/drive/T0/mot' 1770200591.5900 0 0 0.1 0.1 0
1770200591.5912 0 'robobot/drive/T0/vel' 1770200591.5911 103.3350 0.000 0.000 0.0000 0.000 4
1770200591.5922 0 'robobot/drive/T0/mvel' 1770200591.5921 0.000 0.000
1770200591.5924 0 'robobot/drive/T0/pose' 1770200591.5923 103.3360 0.723 0.198 1.5844 -2.7163
1770200591.5978 0 'robobot/drive/T0/pose' 1770200591.5977 103.3410 0.723 0.198 1.5844 -2.7162
1770200591.5989 0 'robobot/drive/T0/livn' 1770200591.5988 35 37 48 76 78 42 39 44 207
1770200591.5991 0 'robobot/drive/T0/vel' 1770200591.5989 103.3430 0.000 0.000 0.0000 0.000 4
1770200591.5996 0 'robobot/drive/T0/mvel' 1770200591.5995 0.000 0.000
1770200591.6023 0 'robobot/drive/T0/gyro' 1770200591.6022 -0.174866 0.167847 -0.228821 103.346
1770200591.6024 0 'robobot/drive/T0/acc' 1770200591.6023 0.402588 -0.005127 0.896240 103.346
1770200591.6025 0 'robobot/drive/T0/pose' 1770200591.6024 103.3460 0.723 0.198 1.5844 -2.7162
1770200591.6057 0 'robobot/drive/T0/ird' 1770200591.6056 0.910 0.118 3416 16377 1
1770200591.6069 0 'robobot/drive/T0/vel' 1770200591.6068 103.3510 0.000 0.000 0.0000 0.000 4
1770200591.6070 0 'robobot/drive/T0/mvel' 1770200591.6070 0.000 0.000
1770200591.6071 0 'robobot/drive/T0/pose' 1770200591.6069 103.3510 0.723 0.198 1.5844 -2.7162
1770200591.6082 0 'robobot/drive/T0/livn' 1770200591.6082 35 37 48 76 78 42 39 44 212
1770200591.6125 0 'robobot/drive/T0/pose' 1770200591.6125 103.3560 0.723 0.198 1.5844 -2.7162
1770200591.6137 0 'robobot/drive/T0/liv' 1770200591.6136 25 34 48 60 69 38 37 31 25
1770200591.6138 0 'robobot/drive/T0/mca' 1770200591.6138 0.000 0.000 16
1770200591.6140 0 'robobot/drive/T0/gyro' 1770200591.6138 -0.022278 0.015259 -0.167786 103.358
1770200591.6141 0 'robobot/drive/T0/acc' 1770200591.6140 0.404297 -0.005127 0.895264 103.358
1770200591.6153 0 'robobot/drive/T0/vel' 1770200591.6152 103.3590 0.000 0.000 0.0000 0.000 4
1770200591.6154 0 'robobot/drive/T0/mvel' 1770200591.6154 0.000 0.000
1770200591.6175 0 'robobot/drive/T0/pose' 1770200591.6174 103.3610 0.723 0.198 1.5844 -2.7163
1770200591.6186 0 'robobot/drive/T0/livn' 1770200591.6185 35 37 48 77 77 42 39 44 217
1770200591.6219 0 'robobot/drive/T0/pose' 1770200591.6218 103.3660 0.723 0.198 1.5844 -2.7163
1770200591.6230 0 'robobot/drive/T0/vel' 1770200591.6229 103.3670 0.000 0.000 0.0000 0.000 4
1770200591.6231 0 'robobot/drive/T0/mot' 1770200591.6230 0 0 0.1 0.1 0
1770200591.6239 0 'robobot/drive/T0/mvel' 1770200591.6239 0.000 0.000
1770200591.6263 0 'robobot/drive/T0/gyro' 1770200591.6262 -0.205383 0.167847 0.228943 103.370
1770200591.6264 0 'robobot/drive/T0/acc' 1770200591.6263 0.403076 0.000000 0.892578 103.370
1770200591.6276 0 'robobot/drive/T0/pose' 1770200591.6275 103.3710 0.723 0.198 1.5844 -2.7163
1770200591.6288 0 'robobot/drive/T0/livn' 1770200591.6287 35 37 48 77 77 42 39 44 222
1770200591.6310 0 'robobot/drive/T0/vel' 1770200591.6309 103.3750 0.000 0.000 0.0000 0.000 4
1770200591.6310 0 'robobot/drive/T0/ird' 1770200591.6310 0.906 0.117 3425 16473 1
1770200591.6313 0 'robobot/drive/T0/mvel' 1770200591.6313 0.000 0.000
1770200591.6322 0 'robobot/drive/T0/pose' 1770200591.6321 103.3760 0.723 0.198 1.5844 -2.7163
1770200591.6376 0 'robobot/drive/T0/pose' 1770200591.6375 103.3810 0.723 0.198 1.5844 -2.7163
1770200591.6376 0 'robobot/drive/T0/gyro' 1770200591.6376 -0.083313 0.015259 -0.137268 103.382
1770200591.6377 0 'robobot/drive/T0/acc' 1770200591.6376 0.399658 0.000977 0.897949 103.382
1770200591.6389 0 'robobot/drive/T0/livn' 1770200591.6388 35 37 48 77 77 42 39 44 227
1770200591.6390 0 'robobot/drive/T0/vel' 1770200591.6389 103.3830 0.000 0.000 0.0000 0.000 4
1770200591.6397 0 'robobot/drive/T0/mvel' 1770200591.6397 0.000 0.000
1770200591.6423 0 'robobot/drive/T0/pose' 1770200591.6422 103.3860 0.723 0.198 1.5844 -2.7163
1770200591.6466 0 'robobot/drive/T0/mca' 1770200591.6465 0.000 0.000 17
1770200591.6466 0 'robobot/drive/T0/vel' 1770200591.6466 103.3910 0.000 0.000 0.0000 0.000 4
1770200591.6472 0 'robobot/drive/T0/mvel' 1770200591.6471 0.000 0.000
1770200591.6478 0 'robobot/drive/T0/pose' 1770200591.6477 103.3910 0.723 0.198 1.5844 -2.7163
1770200591.6489 0 'robobot/drive/T0/livn' 1770200591.6488 35 37 48 77 77 41 39 44 232
1770200591.6501 0 'robobot/drive/T0/gyro' 1770200591.6500 -0.113831 -0.076294 -0.259338 103.394
1770200591.6501 0 'robobot/drive/T0/acc' 1770200591.6501 0.394775 0.002686 0.896484 103.394
1770200591.6524 0 'robobot/drive/T0/pose' 1770200591.6523 103.3960 0.723 0.198 1.5844 -2.7164
1770200591.6556 0 'robobot/drive/T0/vel' 1770200591.6555 103.3990 0.000 0.000 0.0000 0.000 4
1770200591.6558 0 'robobot/drive/T0/ird' 1770200591.6557 0.924 0.117 3387 16473 1
1770200591.6558 0 'robobot/drive/T0/mot' 1770200591.6558 0 0 0.1 0.1 0
1770200591.6567 0 'robobot/drive/T0/mvel' 1770200591.6566 0.000 0.000
1770200591.6570 0 'robobot/drive/T0/pose' 1770200591.6569 103.4010 0.723 0.198 1.5844 -2.7164
1770200591.6591 0 'robobot/drive/T0/livn' 1770200591.6590 35 37 48 77 77 41 38 44 237
1770200591.6614 0 'robobot/drive/T0/gyro' 1770200591.6613 -0.144348 -0.106812 -0.137268 103.406
1770200591.6615 0 'robobot/drive/T0/acc' 1770200591.6614 0.400146 -0.000488 0.896484 103.406
1770200591.6627 0 'robobot/drive/T0/pose' 1770200591.6626 103.4060 0.723 0.198 1.5844 -2.7164
1770200591.6628 0 'robobot/drive/T0/vel' 1770200591.6627 103.4070 0.000 0.000 0.0000 0.000 4
1770200591.6629 0 'robobot/drive/T0/liv' 1770200591.6628 22 34 49 60 65 35 32 29 25
1770200591.6630 0 'robobot/drive/T0/mvel' 1770200591.6630 0.000 0.000
1770200591.6673 0 'robobot/drive/T0/pose' 1770200591.6672 103.4110 0.723 0.198 1.5844 -2.7165
1770200591.6684 0 'robobot/drive/T0/livn' 1770200591.6683 34 37 48 77 77 41 38 44 242
1770200591.6706 0 'robobot/drive/T0/vel' 1770200591.6705 103.4150 0.000 0.000 0.0000 0.000 4
1770200591.6715 0 'robobot/drive/T0/mvel' 1770200591.6715 0.000 0.000
1770200591.6728 0 'robobot/drive/T0/pose' 1770200591.6727 103.4160 0.723 0.198 1.5844 -2.7165
1770200591.6740 0 'robobot/drive/T0/gyro' 1770200591.6739 -0.022278 -0.106812 -0.045715 103.418
1770200591.6741 0 'robobot/drive/T0/acc' 1770200591.6740 0.397461 -0.001221 0.899414 103.418
1770200591.6774 0 'robobot/drive/T0/pose' 1770200591.6772 103.4210 0.723 0.198 1.5844 -2.7165
1770200591.6796 0 'robobot/drive/T0/livn' 1770200591.6795 34 37 48 77 77 41 38 44 247
1770200591.6796 0 'robobot/drive/T0/vel' 1770200591.6796 103.4230 0.000 0.000 0.0000 0.000 4
1770200591.6797 0 'robobot/drive/T0/mca' 1770200591.6796 0.000 0.000 16
1770200591.6800 0 'robobot/drive/T0/mvel' 1770200591.6800 0.000 0.000
1770200591.6808 0 'robobot/drive/T0/ird' 1770200591.6807 0.914 0.117 3408 16517 1
1770200591.6820 0 'robobot/drive/T0/pose' 1770200591.6819 103.4260 0.723 0.198 1.5844 -2.7166
1770200591.6863 0 'robobot/drive/T0/gyro' 1770200591.6862 -0.052795 -0.198364 0.045837 103.430
1770200591.6863 0 'robobot/drive/T0/acc' 1770200591.6863 0.403809 -0.009521 0.888184 103.430
1770200591.6875 0 'robobot/drive/T0/vel' 1770200591.6874 103.4310 0.000 0.000 0.0000 0.000 4
1770200591.6876 0 'robobot/drive/T0/pose' 1770200591.6875 103.4310 0.723 0.198 1.5844 -2.7166
1770200591.6885 0 'robobot/drive/T0/mvel' 1770200591.6884 0.000 0.000
1770200591.6887 0 'robobot/drive/T0/livn' 1770200591.6886 34 37 48 76 77 41 38 44 252
1770200591.6898 0 'robobot/drive/T0/mot' 1770200591.6897 0 0 0.1 0.1 0
1770200591.6920 0 'robobot/drive/T0/pose' 1770200591.6919 103.4370 0.723 0.198 1.5844 -2.7166
1770200591.6952 0 'robobot/drive/T0/vel' 1770200591.6951 103.4390 0.000 0.000 0.0000 0.000 4
1770200591.6959 0 'robobot/drive/T0/mvel' 1770200591.6958 0.000 0.000
1770200591.6974 0 'robobot/drive/T0/pose' 1770200591.6973 103.4420 0.723 0.198 1.5844 -2.7166
1770200591.6975 0 'robobot/drive/T0/gyro' 1770200591.6974 -0.022278 -0.167847 0.015320 103.442
1770200591.6976 0 'robobot/drive/T0/acc' 1770200591.6975 0.402588 -0.003174 0.889648 103.442
1770200591.6987 0 'robobot/drive/T0/livn' 1770200591.6986 35 37 48 77 77 41 38 44 257
1770200591.7030 0 'robobot/drive/T0/pose' 1770200591.7029 103.4470 0.723 0.198 1.5844 -2.7166
1770200591.7031 0 'robobot/drive/T0/vel' 1770200591.7030 103.4470 0.000 0.000 0.0000 0.000 4
1770200591.7033 0 'robobot/drive/T0/mvel' 1770200591.7033 0.000 0.000
1770200591.7063 0 'robobot/drive/T0/ird' 1770200591.7063 0.913 0.117 3409 16513 1
1770200591.7074 0 'robobot/drive/T0/pose' 1770200591.7074 103.4520 0.723 0.198 1.5844 -2.7166
1770200591.7086 0 'robobot/drive/T0/livn' 1770200591.7085 35 37 48 76 77 41 39 44 262
1770200591.7097 0 'robobot/drive/T0/gyro' 1770200591.7096 -0.022278 -0.137329 -0.350891 103.454
1770200591.7098 0 'robobot/drive/T0/acc' 1770200591.7097 0.409668 0.002686 0.882324 103.454
1770200591.7109 0 'robobot/drive/T0/vel' 1770200591.7108 103.4550 0.000 0.000 0.0000 0.000 4
1770200591.7117 0 'robobot/drive/T0/mvel' 1770200591.7117 0.000 0.000
1770200591.7131 0 'robobot/drive/T0/pose' 1770200591.7130 103.4570 0.723 0.198 1.5844 -2.7166
1770200591.7131 0 'robobot/drive/T0/mca' 1770200591.7131 -0.000 0.000 17
1770200591.7132 0 'robobot/drive/T0/liv' 1770200591.7131 26 30 43 58 66 40 37 32 25
1770200591.7175 0 'robobot/drive/T0/pose' 1770200591.7174 103.4620 0.723 0.198 1.5844 -2.7166
1770200591.7186 0 'robobot/drive/T0/livn' 1770200591.7186 35 37 48 76 77 41 39 44 267
1770200591.7187 0 'robobot/drive/T0/vel' 1770200591.7186 103.4630 0.000 0.000 0.0000 0.000 4
1770200591.7192 0 'robobot/drive/T0/mvel' 1770200591.7191 0.000 0.000
1770200591.7220 0 'robobot/drive/T0/gyro' 1770200591.7219 0.130310 -0.076294 -0.015198 103.466
1770200591.7221 0 'robobot/drive/T0/acc' 1770200591.7220 0.409424 -0.004639 0.890625 103.466
1770200591.7221 0 'robobot/drive/T0/mot' 1770200591.7221 0 0 0.1 0.1 0
1770200591.7222 0 'robobot/drive/T0/pose' 1770200591.7221 103.4670 0.723 0.198 1.5844 -2.7166
1770200591.7276 0 'robobot/drive/T0/vel' 1770200591.7275 103.4710 0.000 0.000 0.0000 0.000 4
1770200591.7276 0 'robobot/drive/T0/mvel' 1770200591.7276 0.000 0.000
1770200591.7277 0 'robobot/drive/T0/pose' 1770200591.7276 103.4720 0.723 0.198 1.5844 -2.7165
1770200591.7289 0 'robobot/drive/T0/livn' 1770200591.7289 35 37 48 76 77 41 39 44 272
1770200591.7311 0 'robobot/drive/T0/ird' 1770200591.7311 0.908 0.118 3421 16385 1
1770200591.7323 0 'robobot/drive/T0/pose' 1770200591.7322 103.4770 0.723 0.198 1.5844 -2.7165
1770200591.7335 0 'robobot/drive/T0/gyro' 1770200591.7334 0.221863 -0.198364 0.228943 103.478
1770200591.7335 0 'robobot/drive/T0/acc' 1770200591.7335 0.408691 -0.002197 0.895020 103.478
1770200591.7347 0 'robobot/drive/T0/vel' 1770200591.7346 103.4790 0.000 0.000 0.0000 0.000 4
1770200591.7351 0 'robobot/drive/T0/mvel' 1770200591.7350 0.000 0.000
1770200591.7380 0 'robobot/drive/T0/pose' 1770200591.7379 103.4820 0.723 0.198 1.5844 -2.7165
1770200591.7391 0 'robobot/drive/T0/livn' 1770200591.7391 35 37 48 77 77 41 39 44 277
1770200591.7424 0 'robobot/drive/T0/pose' 1770200591.7423 103.4870 0.723 0.198 1.5844 -2.7165
1770200591.7436 0 'robobot/drive/T0/vel' 1770200591.7435 103.4870 0.000 0.000 0.0000 0.000 4
1770200591.7446 0 'robobot/drive/T0/mvel' 1770200591.7446 0.000 0.000
1770200591.7458 0 'robobot/drive/T0/mca' 1770200591.7457 0.000 0.000 16
1770200591.7459 0 'robobot/drive/T0/gyro' 1770200591.7458 -0.083313 -0.015259 -0.045715 103.490
1770200591.7459 0 'robobot/drive/T0/acc' 1770200591.7459 0.411133 -0.002197 0.892334 103.490
1770200591.7471 0 'robobot/drive/T0/pose' 1770200591.7470 103.4920 0.723 0.198 1.5844 -2.7165
1770200591.7493 0 'robobot/drive/T0/livn' 1770200591.7492 34 37 48 77 77 41 38 44 282
1770200591.7515 0 'robobot/drive/T0/vel' 1770200591.7514 103.4950 0.000 0.000 0.0000 0.000 4
1770200591.7520 0 'robobot/drive/T0/mvel' 1770200591.7520 0.000 0.000
1770200591.7526 0 'robobot/drive/T0/pose' 1770200591.7525 103.4970 0.723 0.198 1.5844 -2.7165
1770200591.7558 0 'robobot/drive/T0/mot' 1770200591.7558 0 0 0.1 0.1 0
1770200591.7559 0 'robobot/drive/T0/ird' 1770200591.7558 0.859 0.117 3530 16478 1
1770200591.7581 0 'robobot/drive/T0/pose' 1770200591.7580 103.5020 0.723 0.198 1.5844 -2.7164
1770200591.7581 0 'robobot/drive/T0/gyro' 1770200591.7581 -0.144348 -0.198364 0.198425 103.502
1770200591.7582 0 'robobot/drive/T0/acc' 1770200591.7581 0.400635 -0.004395 0.893066 103.502
1770200591.7593 0 'robobot/drive/T0/livn' 1770200591.7593 34 37 49 77 77 41 38 44 287
1770200591.7594 0 'robobot/drive/T0/vel' 1770200591.7593 103.5030 0.000 0.000 0.0000 0.000 4
1770200591.7594 0 'robobot/drive/T0/mvel' 1770200591.7594 0.000 0.000
1770200591.7627 0 'robobot/drive/T0/pose' 1770200591.7626 103.5070 0.723 0.198 1.5844 -2.7164
1770200591.7638 0 'robobot/drive/T0/liv' 1770200591.7637 23 29 50 60 67 38 30 33 25
1770200591.7649 0 'robobot/drive/T0/hbt' 1770200591.7648 103.5090 107 1033 15.66 4 8 8.9 0.31 0
1770200591.7671 0 'robobot/drive/T0/vel' 1770200591.7670 103.5110 0.000 0.000 0.0000 0.000 4
1770200591.7672 0 'robobot/drive/T0/pose' 1770200591.7671 103.5120 0.723 0.198 1.5844 -2.7164
1770200591.7679 0 'robobot/drive/T0/mvel' 1770200591.7679 0.000 0.000
1770200591.7694 0 'robobot/drive/T0/livn' 1770200591.7693 34 36 49 77 77 41 38 44 292
1770200591.7694 0 'robobot/drive/T0/gyro' 1770200591.7694 0.038757 0.076294 -0.106750 103.514
1770200591.7695 0 'robobot/drive/T0/acc' 1770200591.7694 0.397705 0.001709 0.899170 103.514
1770200591.7727 0 'robobot/drive/T0/pose' 1770200591.7727 103.5170 0.723 0.198 1.5844 -2.7165
1770200591.7749 0 'robobot/drive/T0/vel' 1770200591.7748 103.5190 0.000 0.000 0.0000 0.000 4
1770200591.7753 0 'robobot/drive/T0/mvel' 1770200591.7753 0.000 0.000
1770200591.7781 0 'robobot/drive/T0/pose' 1770200591.7780 103.5220 0.723 0.198 1.5844 -2.7165
1770200591.7782 0 'robobot/drive/T0/mca' 1770200591.7781 0.000 0.000 17
1770200591.7793 0 'robobot/drive/T0/livn' 1770200591.7793 34 37 49 77 77 41 38 44 297
1770200591.7815 0 'robobot/drive/T0/ird' 1770200591.7815 0.896 0.118 3446 16426 1
1770200591.7816 0 'robobot/drive/T0/gyro' 1770200591.7815 -0.205383 0.045776 -0.320374 103.526
1770200591.7817 0 'robobot/drive/T0/acc' 1770200591.7816 0.403809 0.000977 0.900146 103.526
1770200591.7828 0 'robobot/drive/T0/pose' 1770200591.7827 103.5270 0.723 0.198 1.5844 -2.7165
1770200591.7829 0 'robobot/drive/T0/vel' 1770200591.7828 103.5270 0.000 0.000 0.0000 0.000 4
1770200591.7838 0 'robobot/drive/T0/mvel' 1770200591.7838 0.000 0.000
1770200591.7882 0 'robobot/drive/T0/pose' 1770200591.7881 103.5320 0.723 0.198 1.5844 -2.7165
1770200591.7883 0 'robobot/drive/T0/mot' 1770200591.7882 0 0 0.1 0.1 0
1770200591.7894 0 'robobot/drive/T0/livn' 1770200591.7893 46 35 38 75 85 42 36 36 1
1770200591.7916 0 'robobot/drive/T0/vel' 1770200591.7915 103.5350 0.000 0.000 0.0000 0.000 4
1770200591.7923 0 'robobot/drive/T0/mvel' 1770200591.7922 0.000 0.000
1770200591.7927 0 'robobot/drive/T0/pose' 1770200591.7926 103.5370 0.723 0.198 1.5844 -2.7165
1770200591.7938 0 'robobot/drive/T0/gyro' 1770200591.7938 0.099792 -0.076294 -0.228821 103.538
1770200591.7939 0 'robobot/drive/T0/acc' 1770200591.7938 0.402832 -0.005371 0.897461 103.538
1770200591.7982 0 'robobot/drive/T0/pose' 1770200591.7981 103.5420 0.723 0.198 1.5844 -2.7166
1770200591.7993 0 'robobot/drive/T0/livn' 1770200591.7993 39 34 41 73 82 45 38 45 6
1770200591.7994 0 'robobot/drive/T0/vel' 1770200591.7993 103.5430 0.000 0.000 0.0000 0.000 4
1770200591.7997 0 'robobot/drive/T0/mvel' 1770200591.7996 0.000 0.000
1770200591.8026 0 'robobot/drive/T0/pose' 1770200591.8026 103.5470 0.723 0.198 1.5844 -2.7166
1770200591.8059 0 'robobot/drive/T0/gyro' 1770200591.8058 0.069275 -0.076294 -0.106750 103.550
1770200591.8060 0 'robobot/drive/T0/acc' 1770200591.8059 0.401123 -0.003174 0.896484 103.550
1770200591.8060 0 'robobot/drive/T0/ird' 1770200591.8060 0.910 0.117 3417 16476 1
1770200591.8071 0 'robobot/drive/T0/vel' 1770200591.8071 103.5510 0.000 0.000 0.0000 0.000 4
1770200591.8082 0 'robobot/drive/T0/mvel' 1770200591.8082 0.000 0.000
1770200591.8083 0 'robobot/drive/T0/pose' 1770200591.8082 103.5520 0.723 0.198 1.5844 -2.7166
1770200591.8094 0 'robobot/drive/T0/livn' 1770200591.8093 38 36 43 74 80 44 40 42 11
1770200591.8115 0 'robobot/drive/T0/mca' 1770200591.8115 0.000 0.000 16
1770200591.8127 0 'robobot/drive/T0/pose' 1770200591.8126 103.5570 0.723 0.198 1.5844 -2.7166
1770200591.8138 0 'robobot/drive/T0/liv' 1770200591.8137 27 31 42 58 71 42 37 29 25
1770200591.8150 0 'robobot/drive/T0/vel' 1770200591.8149 103.5590 0.000 0.000 0.0000 0.000 4
1770200591.8156 0 'robobot/drive/T0/mvel' 1770200591.8156 0.000 0.000
1770200591.8182 0 'robobot/drive/T0/gyro' 1770200591.8181 -0.235901 -0.106812 0.137390 103.562
1770200591.8183 0 'robobot/drive/T0/acc' 1770200591.8182 0.400391 0.000244 0.888916 103.562
1770200591.8183 0 'robobot/drive/T0/pose' 1770200591.8183 103.5620 0.723 0.198 1.5844 -2.7166
1770200591.8195 0 'robobot/drive/T0/livn' 1770200591.8194 39 36 43 75 80 45 40 43 16
1770200591.8216 0 'robobot/drive/T0/mot' 1770200591.8216 0 0 0.1 0.1 0
1770200591.8228 0 'robobot/drive/T0/pose' 1770200591.8227 103.5670 0.723 0.198 1.5844 -2.7167
1770200591.8228 0 'robobot/drive/T0/vel' 1770200591.8228 103.5670 0.000 0.000 0.0000 0.000 4
1770200591.8231 0 'robobot/drive/T0/mvel' 1770200591.8230 0.000 0.000
1770200591.8282 0 'robobot/drive/T0/pose' 1770200591.8281 103.5720 0.723 0.198 1.5844 -2.7167
1770200591.8293 0 'robobot/drive/T0/livn' 1770200591.8292 39 35 42 75 80 44 38 42 21
1770200591.8294 0 'robobot/drive/T0/gyro' 1770200591.8293 -0.266418 -0.167847 -0.015198 103.574
1770200591.8295 0 'robobot/drive/T0/acc' 1770200591.8294 0.406006 -0.003174 0.890625 103.574
1770200591.8317 0 'robobot/drive/T0/vel' 1770200591.8316 103.5750 0.000 0.000 0.0000 0.000 4
1770200591.8317 0 'robobot/drive/T0/ird' 1770200591.8317 0.867 0.118 3512 16438 1
1770200591.8326 0 'robobot/drive/T0/mvel' 1770200591.8326 0.000 0.000
1770200591.8329 0 'robobot/drive/T0/pose' 1770200591.8328 103.5770 0.723 0.198 1.5844 -2.7167
1770200591.8382 0 'robobot/drive/T0/pose' 1770200591.8381 103.5820 0.723 0.198 1.5844 -2.7167
1770200591.8393 0 'robobot/drive/T0/livn' 1770200591.8393 38 35 44 76 79 43 38 44 26
1770200591.8394 0 'robobot/drive/T0/vel' 1770200591.8393 103.5830 0.000 0.000 0.0000 0.000 4
1770200591.8400 0 'robobot/drive/T0/mvel' 1770200591.8400 0.000 0.000
1770200591.8416 0 'robobot/drive/T0/gyro' 1770200591.8415 -0.144348 0.076294 -0.320374 103.586
1770200591.8417 0 'robobot/drive/T0/acc' 1770200591.8416 0.400391 -0.006104 0.897217 103.586
1770200591.8428 0 'robobot/drive/T0/pose' 1770200591.8427 103.5870 0.723 0.198 1.5844 -2.7167
1770200591.8450 0 'robobot/drive/T0/mca' 1770200591.8449 -0.000 0.000 17
1770200591.8472 0 'robobot/drive/T0/vel' 1770200591.8471 103.5910 0.000 0.000 0.0000 0.000 4
1770200591.8475 0 'robobot/drive/T0/mvel' 1770200591.8474 0.000 0.000
1770200591.8483 0 'robobot/drive/T0/pose' 1770200591.8482 103.5920 0.723 0.198 1.5844 -2.7167
1770200591.8494 0 'robobot/drive/T0/livn' 1770200591.8493 38 35 45 77 79 42 37 47 31
1770200591.8527 0 'robobot/drive/T0/pose' 1770200591.8526 103.5970 0.723 0.198 1.5844 -2.7168
1770200591.8534 0 'robobot/drive/master' 1770200591.8533 2026-02-04 11:23:03.813786
1770200591.8538 0 'robobot/drive/T0/gyro' 1770200591.8537 -0.022278 0.045776 0.015320 103.598
1770200591.8539 0 'robobot/drive/T0/acc' 1770200591.8538 0.403809 -0.002197 0.898193 103.598
1770200591.8539 0 'robobot/drive/T0/mot' 1770200591.8539 0 0 0.1 0.1 0
1770200591.8551 0 'robobot/drive/T0/vel' 1770200591.8550 103.5990 0.000 0.000 0.0000 0.000 4
1770200591.8559 0 'robobot/drive/T0/mvel' 1770200591.8559 0.000 0.000
1770200591.8562 0 'robobot/drive/T0/ird' 1770200591.8561 0.886 0.117 3469 16482 1
1770200591.8584 0 'robobot/drive/T0/pose' 1770200591.8583 103.6020 0.723 0.198 1.5844 -2.7168
1770200591.8595 0 'robobot/drive/T0/livn' 1770200591.8594 37 35 46 76 78 41 37 48 36
1770200591.8627 0 'robobot/drive/T0/pose' 1770200591.8627 103.6070 0.723 0.198 1.5844 -2.7168
1770200591.8628 0 'robobot/drive/T0/vel' 1770200591.8627 103.6070 0.000 0.000 0.0000 0.000 4
1770200591.8629 0 'robobot/drive/T0/liv' 1770200591.8628 29 32 45 61 69 39 32 34 25
1770200591.8633 0 'robobot/drive/T0/mvel' 1770200591.8633 0.000 0.000
1770200591.8661 0 'robobot/drive/T0/gyro' 1770200591.8660 0.130310 -0.198364 -0.137268 103.610
1770200591.8662 0 'robobot/drive/T0/acc' 1770200591.8661 0.407715 0.000977 0.895020 103.610
1770200591.8684 0 'robobot/drive/T0/pose' 1770200591.8683 103.6120 0.723 0.198 1.5844 -2.7168
1770200591.8695 0 'robobot/drive/T0/livn' 1770200591.8694 39 36 45 77 79 42 36 46 41
1770200591.8717 0 'robobot/drive/T0/vel' 1770200591.8716 103.6150 0.000 0.000 0.0000 0.000 4
1770200591.8718 0 'robobot/drive/T0/mvel' 1770200591.8717 0.000 0.000
1770200591.8728 0 'robobot/drive/T0/pose' 1770200591.8727 103.6170 0.723 0.198 1.5844 -2.7167
1770200591.8781 0 'robobot/drive/T0/mca' 1770200591.8781 0.000 0.000 16
1770200591.8782 0 'robobot/drive/T0/gyro' 1770200591.8782 -0.083313 -0.045776 -0.045715 103.622
1770200591.8783 0 'robobot/drive/T0/acc' 1770200591.8782 0.404053 0.001221 0.900391 103.622
1770200591.8784 0 'robobot/drive/T0/pose' 1770200591.8783 103.6220 0.723 0.198 1.5844 -2.7168
1770200591.8795 0 'robobot/drive/T0/livn' 1770200591.8794 39 36 44 76 79 42 36 45 46
1770200591.8796 0 'robobot/drive/T0/vel' 1770200591.8795 103.6230 0.000 0.000 0.0000 0.000 4
1770200591.8802 0 'robobot/drive/T0/mvel' 1770200591.8802 0.000 0.000
1770200591.8817 0 'robobot/drive/T0/ird' 1770200591.8817 0.902 0.117 3434 16475 1
1770200591.8829 0 'robobot/drive/T0/pose' 1770200591.8828 103.6270 0.723 0.198 1.5844 -2.7167
1770200591.8871 0 'robobot/drive/T0/vel' 1770200591.8871 103.6310 0.000 0.000 0.0000 0.000 4
1770200591.8872 0 'robobot/drive/T0/mot' 1770200591.8872 0 0 0.1 0.1 0
1770200591.8876 0 'robobot/drive/T0/mvel' 1770200591.8876 0.000 0.000
1770200591.8883 0 'robobot/drive/T0/pose' 1770200591.8883 103.6320 0.723 0.198 1.5844 -2.7167
1770200591.8895 0 'robobot/drive/T0/livn' 1770200591.8894 39 36 44 76 79 43 37 45 51
1770200591.8895 0 'robobot/drive/T0/gyro' 1770200591.8895 -0.205383 -0.167847 0.167908 103.634
1770200591.8896 0 'robobot/drive/T0/acc' 1770200591.8895 0.402344 0.004395 0.891357 103.634
1770200591.8928 0 'robobot/drive/T0/pose' 1770200591.8928 103.6370 0.723 0.198 1.5844 -2.7167
1770200591.8950 0 'robobot/drive/T0/vel' 1770200591.8950 103.6390 0.000 0.000 0.0000 0.000 4
1770200591.8960 0 'robobot/drive/T0/mvel' 1770200591.8960 0.000 0.000
1770200591.8983 0 'robobot/drive/T0/pose' 1770200591.8982 103.6420 0.723 0.198 1.5844 -2.7167
1770200591.8994 0 'robobot/drive/T0/livn' 1770200591.8993 39 36 45 76 78 42 36 45 56
1770200591.9016 0 'robobot/drive/T0/gyro' 1770200591.9015 -0.113831 -0.045776 -0.106750 103.646
1770200591.9017 0 'robobot/drive/T0/acc' 1770200591.9016 0.407471 0.004883 0.895508 103.646
1770200591.9028 0 'robobot/drive/T0/pose' 1770200591.9027 103.6470 0.723 0.198 1.5844 -2.7167
1770200591.9029 0 'robobot/drive/T0/vel' 1770200591.9028 103.6470 0.000 0.000 0.0000 0.000 4
1770200591.9034 0 'robobot/drive/T0/mvel' 1770200591.9034 0.000 0.000
1770200591.9061 0 'robobot/drive/T0/ird' 1770200591.9060 0.921 0.118 3393 16385 1
1770200591.9083 0 'robobot/drive/T0/pose' 1770200591.9082 103.6520 0.723 0.198 1.5844 -2.7167
1770200591.9094 0 'robobot/drive/T0/livn' 1770200591.9093 40 36 45 75 78 42 36 44 61
1770200591.9105 0 'robobot/drive/T0/mca' 1770200591.9105 0.000 0.000 17
1770200591.9116 0 'robobot/drive/T0/vel' 1770200591.9116 103.6550 0.000 0.000 0.0000 0.000 4
1770200591.9119 0 'robobot/drive/T0/mvel' 1770200591.9119 0.000 0.000
1770200591.9128 0 'robobot/drive/T0/pose' 1770200591.9127 103.6570 0.723 0.198 1.5844 -2.7167
1770200591.9128 0 'robobot/drive/T0/liv' 1770200591.9128 33 35 42 53 70 43 33 27 25
1770200591.9140 0 'robobot/drive/T0/gyro' 1770200591.9139 -0.296936 0.076294 0.137390 103.658
1770200591.9140 0 'robobot/drive/T0/acc' 1770200591.9140 0.407959 0.001953 0.897461 103.658
1770200591.9183 0 'robobot/drive/T0/pose' 1770200591.9183 103.6620 0.723 0.198 1.5844 -2.7166
1770200591.9195 0 'robobot/drive/T0/livn' 1770200591.9194 40 36 45 74 78 42 36 44 66
1770200591.9195 0 'robobot/drive/T0/vel' 1770200591.9195 103.6630 0.000 0.000 0.0000 0.000 4
1770200591.9204 0 'robobot/drive/T0/mvel' 1770200591.9204 0.000 0.000
1770200591.9206 0 'robobot/drive/T0/mot' 1770200591.9206 0 0 0.1 0.1 0
1770200591.9228 0 'robobot/drive/T0/pose' 1770200591.9228 103.6670 0.723 0.198 1.5844 -2.7166
1770200591.9261 0 'robobot/drive/T0/gyro' 1770200591.9260 -0.052795 -0.045776 -0.167786 103.670
1770200591.9262 0 'robobot/drive/T0/acc' 1770200591.9261 0.404785 -0.000977 0.895020 103.670
1770200591.9273 0 'robobot/drive/T0/vel' 1770200591.9272 103.6710 0.000 0.000 0.0000 0.000 4
1770200591.9279 0 'robobot/drive/T0/mvel' 1770200591.9279 0.000 0.000
1770200591.9288 0 'robobot/drive/T0/pose' 1770200591.9287 103.6720 0.723 0.198 1.5844 -2.7166
1770200591.9288 0 'robobot/drive/T0/livn' 1770200591.9288 40 36 45 74 78 42 37 43 71
1770200591.9310 0 'robobot/drive/T0/ird' 1770200591.9310 0.917 0.117 3401 16508 1
1770200591.9333 0 'robobot/drive/T0/pose' 1770200591.9332 103.6770 0.723 0.198 1.5844 -2.7166
1770200591.9355 0 'robobot/drive/T0/vel' 1770200591.9354 103.6790 0.000 0.000 0.0000 0.000 4
1770200591.9358 0 'robobot/drive/T0/mvel' 1770200591.9358 0.000 0.000
1770200591.9380 0 'robobot/drive/T0/gyro' 1770200591.9376 0.069275 0.015259 0.106873 103.682
1770200591.9381 0 'robobot/drive/T0/acc' 1770200591.9380 0.401855 -0.005859 0.886719 103.682
1770200591.9381 0 'robobot/drive/T0/pose' 1770200591.9381 103.6820 0.723 0.198 1.5844 -2.7166
1770200591.9393 0 'robobot/drive/T0/livn' 1770200591.9392 40 37 46 74 78 42 37 43 76
1770200591.9436 0 'robobot/drive/T0/pose' 1770200591.9435 103.6870 0.723 0.198 1.5844 -2.7167
1770200591.9437 0 'robobot/drive/T0/vel' 1770200591.9436 103.6870 0.000 0.000 0.0000 0.000 4
1770200591.9437 0 'robobot/drive/T0/mca' 1770200591.9437 0.000 0.000 16
1770200591.9445 0 'robobot/drive/T0/mvel' 1770200591.9445 0.000 0.000
1770200591.9480 0 'robobot/drive/T0/pose' 1770200591.9479 103.6920 0.723 0.198 1.5844 -2.7167
1770200591.9491 0 'robobot/drive/T0/livn' 1770200591.9491 40 37 46 74 77 42 38 44 81
1770200591.9503 0 'robobot/drive/T0/gyro' 1770200591.9502 0.130310 0.106812 -0.259338 103.694
1770200591.9503 0 'robobot/drive/T0/acc' 1770200591.9503 0.400635 -0.005859 0.899170 103.694
1770200591.9515 0 'robobot/drive/T0/vel' 1770200591.9514 103.6950 0.000 0.000 0.0000 0.000 4
1770200591.9520 0 'robobot/drive/T0/mvel' 1770200591.9519 0.000 0.000
1770200591.9537 0 'robobot/drive/T0/pose' 1770200591.9536 103.6970 0.723 0.198 1.5844 -2.7167
1770200591.9537 0 'robobot/drive/T0/mot' 1770200591.9537 0 0 0.1 0.1 0
1770200591.9559 0 'robobot/drive/T0/ird' 1770200591.9558 0.921 0.117 3394 16456 1
1770200591.9581 0 'robobot/drive/T0/pose' 1770200591.9580 103.7020 0.723 0.198 1.5844 -2.7167
1770200591.9592 0 'robobot/drive/T0/livn' 1770200591.9591 40 37 46 73 77 43 37 43 86
1770200591.9593 0 'robobot/drive/T0/vel' 1770200591.9592 103.7030 0.000 0.000 0.0000 0.000 4
1770200591.9594 0 'robobot/drive/T0/mvel' 1770200591.9594 0.000 0.000
1770200591.9615 0 'robobot/drive/T0/gyro' 1770200591.9614 -0.174866 -0.076294 0.106873 103.706
1770200591.9615 0 'robobot/drive/T0/acc' 1770200591.9615 0.408203 0.001465 0.896240 103.706
1770200591.9637 0 'robobot/drive/T0/pose' 1770200591.9637 103.7070 0.723 0.198 1.5844 -2.7168
1770200591.9638 0 'robobot/drive/T0/liv' 1770200591.9637 31 34 47 55 66 41 36 29 25
1770200591.9670 0 'robobot/drive/T0/vel' 1770200591.9670 103.7110 0.000 0.000 0.0000 0.000 4
1770200591.9679 0 'robobot/drive/T0/mvel' 1770200591.9679 0.000 0.000
1770200591.9682 0 'robobot/drive/T0/pose' 1770200591.9681 103.7120 0.723 0.198 1.5844 -2.7168
1770200591.9693 0 'robobot/drive/T0/livn' 1770200591.9692 40 37 46 73 77 43 37 43 91
1770200591.9736 0 'robobot/drive/T0/pose' 1770200591.9735 103.7170 0.723 0.198 1.5844 -2.7168
1770200591.9737 0 'robobot/drive/T0/gyro' 1770200591.9736 0.069275 -0.167847 -0.289856 103.718
1770200591.9737 0 'robobot/drive/T0/acc' 1770200591.9737 0.402100 -0.000244 0.898438 103.718
1770200591.9748 0 'robobot/drive/T0/vel' 1770200591.9748 103.7190 0.000 0.000 0.0000 0.000 4
1770200591.9753 0 'robobot/drive/T0/mvel' 1770200591.9753 0.000 0.000
1770200591.9770 0 'robobot/drive/T0/mca' 1770200591.9770 0.000 0.000 17
1770200591.9781 0 'robobot/drive/T0/pose' 1770200591.9781 103.7220 0.723 0.198 1.5844 -2.7168
1770200591.9793 0 'robobot/drive/T0/livn' 1770200591.9792 39 37 46 73 77 43 37 43 96
1770200591.9814 0 'robobot/drive/T0/ird' 1770200591.9814 0.879 0.117 3484 16518 1
1770200591.9836 0 'robobot/drive/T0/pose' 1770200591.9835 103.7270 0.723 0.198 1.5844 -2.7168
1770200591.9837 0 'robobot/drive/T0/vel' 1770200591.9836 103.7270 0.000 0.000 0.0000 0.000 4
1770200591.9838 0 'robobot/drive/T0/mvel' 1770200591.9837 0.000 0.000
1770200591.9859 0 'robobot/drive/T0/gyro' 1770200591.9858 -0.083313 0.198364 -0.137268 103.730
1770200591.9859 0 'robobot/drive/T0/acc' 1770200591.9859 0.399414 0.002686 0.895264 103.730
1770200591.9860 0 'robobot/drive/T0/mot' 1770200591.9859 0 0 0.1 0.1 0
1770200591.9882 0 'robobot/drive/T0/pose' 1770200591.9881 103.7320 0.723 0.198 1.5844 -2.7168
1770200591.9893 0 'robobot/drive/T0/livn' 1770200591.9892 39 37 46 73 77 43 37 43 101
1770200591.9915 0 'robobot/drive/T0/vel' 1770200591.9914 103.7350 0.000 0.000 0.0000 0.000 4
1770200591.9923 0 'robobot/drive/T0/mvel' 1770200591.9923 0.000 0.000
1770200591.9937 0 'robobot/drive/T0/pose' 1770200591.9936 103.7370 0.723 0.198 1.5844 -2.7168
1770200591.9980 0 'robobot/drive/T0/gyro' 1770200591.9979 0.099792 0.106812 -0.137268 103.742
1770200591.9980 0 'robobot/drive/T0/acc' 1770200591.9980 0.403809 -0.003418 0.899658 103.742
1770200591.9981 0 'robobot/drive/T0/pose' 1770200591.9980 103.7420 0.723 0.198 1.5844 -2.7168
1770200591.9992 0 'robobot/drive/T0/livn' 1770200591.9992 39 37 46 73 77 43 38 43 106
1770200591.9993 0 'robobot/drive/T0/vel' 1770200591.9992 103.7430 0.000 0.000 0.0000 0.000 4
1770200591.9997 0 'robobot/drive/T0/mvel' 1770200591.9997 0.000 0.000
1770200592.0036 0 'robobot/drive/T0/pose' 1770200592.0036 103.7470 0.723 0.198 1.5844 -2.7169
1770200592.0058 0 'robobot/drive/T0/ird' 1770200592.0058 0.860 0.117 3529 16468 1
1770200592.0069 0 'robobot/drive/T0/vel' 1770200592.0069 103.7510 0.000 0.000 0.0000 0.000 4
1770200592.0071 0 'robobot/drive/T0/mvel' 1770200592.0071 0.000 0.000
1770200592.0081 0 'robobot/drive/T0/pose' 1770200592.0080 103.7520 0.723 0.198 1.5844 -2.7168
1770200592.0092 0 'robobot/drive/T0/livn' 1770200592.0091 39 37 46 73 76 43 38 43 111
1770200592.0093 0 'robobot/drive/T0/mca' 1770200592.0092 0.000 0.000 16
1770200592.0104 0 'robobot/drive/T0/gyro' 1770200592.0103 -0.083313 -0.045776 -0.106750 103.754
1770200592.0105 0 'robobot/drive/T0/acc' 1770200592.0104 0.405029 -0.002930 0.890869 103.754
1770200592.0137 0 'robobot/drive/T0/pose' 1770200592.0136 103.7570 0.723 0.198 1.5844 -2.7168
1770200592.0138 0 'robobot/drive/T0/liv' 1770200592.0137 27 36 44 56 66 43 37 30 25
1770200592.0149 0 'robobot/drive/T0/vel' 1770200592.0148 103.7590 0.000 0.000 0.0000 0.000 4
1770200592.0156 0 'robobot/drive/T0/mvel' 1770200592.0156 0.000 0.000
1770200592.0181 0 'robobot/drive/T0/pose' 1770200592.0181 103.7620 0.723 0.198 1.5844 -2.7168
1770200592.0193 0 'robobot/drive/T0/livn' 1770200592.0192 38 38 46 73 76 43 38 43 116
1770200592.0193 0 'robobot/drive/T0/mot' 1770200592.0193 0 0 0.1 0.1 0
1770200592.0215 0 'robobot/drive/T0/gyro' 1770200592.0214 -0.083313 -0.167847 -0.289856 103.766
1770200592.0216 0 'robobot/drive/T0/acc' 1770200592.0215 0.403320 -0.002930 0.887939 103.766
1770200592.0227 0 'robobot/drive/T0/pose' 1770200592.0226 103.7670 0.723 0.198 1.5844 -2.7168
1770200592.0228 0 'robobot/drive/T0/vel' 1770200592.0227 103.7670 0.000 0.000 0.0000 0.000 4
1770200592.0230 0 'robobot/drive/T0/mvel' 1770200592.0230 0.000 0.000
1770200592.0281 0 'robobot/drive/T0/pose' 1770200592.0280 103.7720 0.723 0.198 1.5844 -2.7168
1770200592.0292 0 'robobot/drive/T0/livn' 1770200592.0292 38 37 46 73 76 43 38 43 121
1770200592.0314 0 'robobot/drive/T0/vel' 1770200592.0314 103.7750 0.000 0.000 0.0000 0.000 4
1770200592.0315 0 'robobot/drive/T0/ird' 1770200592.0314 0.862 0.118 3525 16442 1
1770200592.0315 0 'robobot/drive/T0/mvel' 1770200592.0315 0.000 0.000
1770200592.0337 0 'robobot/drive/T0/pose' 1770200592.0336 103.7770 0.723 0.198 1.5844 -2.7168
1770200592.0338 0 'robobot/drive/T0/gyro' 1770200592.0337 -0.235901 -0.289917 0.015320 103.778
1770200592.0338 0 'robobot/drive/T0/acc' 1770200592.0338 0.409180 -0.002930 0.889404 103.778
1770200592.0381 0 'robobot/drive/T0/pose' 1770200592.0380 103.7820 0.723 0.198 1.5844 -2.7168
1770200592.0392 0 'robobot/drive/T0/livn' 1770200592.0392 38 38 46 73 76 43 39 44 126
1770200592.0393 0 'robobot/drive/T0/vel' 1770200592.0392 103.7830 0.000 0.000 0.0000 0.000 4
1770200592.0400 0 'robobot/drive/T0/mvel' 1770200592.0399 0.000 0.000
1770200592.0436 0 'robobot/drive/T0/mca' 1770200592.0435 0.000 0.000 17
1770200592.0436 0 'robobot/drive/T0/pose' 1770200592.0436 103.7870 0.723 0.198 1.5844 -2.7168
1770200592.0458 0 'robobot/drive/T0/gyro' 1770200592.0458 -0.022278 -0.106812 -0.076233 103.790
1770200592.0459 0 'robobot/drive/T0/acc' 1770200592.0458 0.407715 0.002197 0.893066 103.790
1770200592.0470 0 'robobot/drive/T0/vel' 1770200592.0470 103.7910 0.000 0.000 0.0000 0.000 4
1770200592.0474 0 'robobot/drive/T0/mvel' 1770200592.0473 0.000 0.000
1770200592.0482 0 'robobot/drive/T0/pose' 1770200592.0481 103.7920 0.723 0.198 1.5844 -2.7168
1770200592.0493 0 'robobot/drive/T0/livn' 1770200592.0492 38 38 46 73 76 43 39 44 131
1770200592.0525 0 'robobot/drive/T0/mot' 1770200592.0525 0 0 0.1 0.1 0
1770200592.0536 0 'robobot/drive/T0/pose' 1770200592.0536 103.7970 0.723 0.198 1.5844 -2.7168
1770200592.0548 0 'robobot/drive/T0/vel' 1770200592.0547 103.7990 0.000 0.000 0.0000 0.000 4
1770200592.0548 0 'robobot/drive/T0/mvel' 1770200592.0548 0.000 0.000
1770200592.0559 0 'robobot/drive/T0/ird' 1770200592.0558 0.891 0.117 3458 16444 1
1770200592.0581 0 'robobot/drive/T0/gyro' 1770200592.0580 -0.113831 -0.106812 -0.106750 103.802
1770200592.0582 0 'robobot/drive/T0/acc' 1770200592.0581 0.404297 -0.001221 0.895508 103.802
1770200592.0583 0 'robobot/drive/T0/pose' 1770200592.0582 103.8020 0.723 0.198 1.5844 -2.7168
1770200592.0594 0 'robobot/drive/T0/livn' 1770200592.0593 37 37 46 73 76 43 39 44 136
1770200592.0637 0 'robobot/drive/T0/pose' 1770200592.0637 103.8070 0.723 0.198 1.5844 -2.7168
1770200592.0638 0 'robobot/drive/T0/vel' 1770200592.0637 103.8070 0.000 0.000 0.0000 0.000 4
1770200592.0639 0 'robobot/drive/T0/liv' 1770200592.0638 25 34 45 56 66 38 35 33 25
1770200592.0643 0 'robobot/drive/T0/mvel' 1770200592.0643 0.000 0.000
1770200592.0682 0 'robobot/drive/T0/pose' 1770200592.0681 103.8120 0.723 0.198 1.5844 -2.7168
1770200592.0693 0 'robobot/drive/T0/livn' 1770200592.0693 37 37 46 73 76 42 38 44 141
1770200592.0705 0 'robobot/drive/T0/gyro' 1770200592.0704 0.130310 0.076294 -0.106750 103.814
1770200592.0706 0 'robobot/drive/T0/acc' 1770200592.0705 0.398926 0.002197 0.902100 103.814
1770200592.0717 0 'robobot/drive/T0/vel' 1770200592.0716 103.8150 0.000 0.000 0.0000 0.000 4
1770200592.0718 0 'robobot/drive/T0/mvel' 1770200592.0718 0.000 0.000
1770200592.0729 0 'robobot/drive/T0/pose' 1770200592.0728 103.8170 0.723 0.198 1.5844 -2.7168
1770200592.0761 0 'robobot/drive/T0/mca' 1770200592.0760 0.000 0.000 16
1770200592.0783 0 'robobot/drive/T0/pose' 1770200592.0782 103.8220 0.723 0.198 1.5844 -2.7169
1770200592.0794 0 'robobot/drive/T0/livn' 1770200592.0794 37 37 46 73 76 42 39 45 146
1770200592.0795 0 'robobot/drive/T0/vel' 1770200592.0794 103.8230 0.000 0.000 0.0000 0.000 4
1770200592.0803 0 'robobot/drive/T0/mvel' 1770200592.0803 0.000 0.000
1770200592.0817 0 'robobot/drive/T0/ird' 1770200592.0816 0.912 0.118 3412 16362 1
1770200592.0818 0 'robobot/drive/T0/gyro' 1770200592.0817 -0.113831 -0.015259 0.015320 103.826
1770200592.0818 0 'robobot/drive/T0/acc' 1770200592.0818 0.402832 0.003418 0.892822 103.826
1770200592.0830 0 'robobot/drive/T0/pose' 1770200592.0829 103.8270 0.723 0.198 1.5844 -2.7169
1770200592.0852 0 'robobot/drive/T0/mot' 1770200592.0851 0 0 0.1 0.1 0
1770200592.0874 0 'robobot/drive/T0/vel' 1770200592.0873 103.8310 0.000 0.000 0.0000 0.000 4
1770200592.0877 0 'robobot/drive/T0/mvel' 1770200592.0877 0.000 0.000
1770200592.0885 0 'robobot/drive/T0/pose' 1770200592.0884 103.8320 0.723 0.198 1.5844 -2.7169
1770200592.0897 0 'robobot/drive/T0/livn' 1770200592.0896 37 37 46 73 76 42 39 45 151
1770200592.0929 0 'robobot/drive/T0/pose' 1770200592.0928 103.8370 0.723 0.198 1.5844 -2.7169
1770200592.0941 0 'robobot/drive/T0/gyro' 1770200592.0940 -0.022278 -0.015259 -0.045715 103.838
1770200592.0943 0 'robobot/drive/T0/acc' 1770200592.0941 0.404053 -0.001465 0.898193 103.838
1770200592.0954 0 'robobot/drive/T0/vel' 1770200592.0953 103.8390 0.000 0.000 0.0000 0.000 4
1770200592.0962 0 'robobot/drive/T0/mvel' 1770200592.0962 0.000 0.000
1770200592.0987 0 'robobot/drive/T0/pose' 1770200592.0986 103.8420 0.723 0.198 1.5844 -2.7169
1770200592.0987 0 'robobot/drive/T0/livn' 1770200592.0987 37 37 46 73 76 42 39 45 156
1770200592.1031 0 'robobot/drive/T0/pose' 1770200592.1030 103.8470 0.723 0.198 1.5844 -2.7169
1770200592.1031 0 'robobot/drive/T0/vel' 1770200592.1031 103.8470 0.000 0.000 0.0000 0.000 4
1770200592.1037 0 'robobot/drive/T0/mvel' 1770200592.1036 0.000 0.000
1770200592.1064 0 'robobot/drive/T0/gyro' 1770200592.1063 0.069275 -0.198364 -0.259338 103.850
1770200592.1065 0 'robobot/drive/T0/acc' 1770200592.1064 0.404541 -0.003418 0.888428 103.850
1770200592.1065 0 'robobot/drive/T0/ird' 1770200592.1065 0.865 0.117 3516 16490 1
1770200592.1088 0 'robobot/drive/T0/pose' 1770200592.1087 103.8520 0.723 0.198 1.5844 -2.7169
1770200592.1088 0 'robobot/drive/T0/mca' 1770200592.1088 0.000 0.000 17
1770200592.1089 0 'robobot/drive/T0/livn' 1770200592.1088 37 37 46 73 76 42 39 44 161
1770200592.1111 0 'robobot/drive/T0/vel' 1770200592.1110 103.8550 0.000 0.000 0.0000 0.000 4
1770200592.1112 0 'robobot/drive/T0/mvel' 1770200592.1112 0.000 0.000
1770200592.1133 0 'robobot/drive/T0/pose' 1770200592.1132 103.8570 0.723 0.198 1.5844 -2.7169
1770200592.1134 0 'robobot/drive/T0/liv' 1770200592.1133 24 30 41 56 66 40 36 31 25
1770200592.1177 0 'robobot/drive/T0/gyro' 1770200592.1176 -0.022278 -0.106812 -0.015198 103.862
1770200592.1178 0 'robobot/drive/T0/acc' 1770200592.1177 0.405762 -0.007080 0.895508 103.862
1770200592.1178 0 'robobot/drive/T0/pose' 1770200592.1178 103.8620 0.723 0.198 1.5844 -2.7169
1770200592.1179 0 'robobot/drive/T0/mot' 1770200592.1178 0 0 0.1 0.1 0
1770200592.1190 0 'robobot/drive/T0/livn' 1770200592.1189 37 37 46 73 76 42 39 44 166
1770200592.1191 0 'robobot/drive/T0/vel' 1770200592.1190 103.8630 0.000 0.000 0.0000 0.000 4
1770200592.1200 0 'robobot/drive/T0/mvel' 1770200592.1200 0.000 0.000
1770200592.1234 0 'robobot/drive/T0/pose' 1770200592.1233 103.8670 0.723 0.198 1.5844 -2.7169
1770200592.1277 0 'robobot/drive/T0/vel' 1770200592.1276 103.8710 0.000 0.000 0.0000 0.000 4
1770200592.1278 0 'robobot/drive/T0/pose' 1770200592.1277 103.8720 0.723 0.198 1.5844 -2.7169
1770200592.1285 0 'robobot/drive/T0/mvel' 1770200592.1285 0.000 0.000
1770200592.1289 0 'robobot/drive/T0/livn' 1770200592.1288 37 37 46 73 76 42 39 44 171
1770200592.1301 0 'robobot/drive/T0/gyro' 1770200592.1300 0.008240 0.015259 -0.137268 103.874
1770200592.1301 0 'robobot/drive/T0/acc' 1770200592.1301 0.401123 0.001709 0.894043 103.874
1770200592.1313 0 'robobot/drive/T0/ird' 1770200592.1312 0.885 0.117 3471 16466 1
1770200592.1336 0 'robobot/drive/T0/pose' 1770200592.1335 103.8770 0.723 0.198 1.5844 -2.7169
1770200592.1358 0 'robobot/drive/T0/vel' 1770200592.1357 103.8790 0.000 0.000 0.0000 0.000 4
1770200592.1360 0 'robobot/drive/T0/mvel' 1770200592.1359 0.000 0.000
1770200592.1381 0 'robobot/drive/T0/pose' 1770200592.1379 103.8820 0.723 0.198 1.5844 -2.7169
1770200592.1393 0 'robobot/drive/T0/livn' 1770200592.1392 36 37 46 73 75 42 38 44 176
1770200592.1416 0 'robobot/drive/T0/gyro' 1770200592.1415 0.038757 -0.015259 -0.198303 103.886
1770200592.1416 0 'robobot/drive/T0/acc' 1770200592.1416 0.402100 -0.005615 0.896729 103.886
1770200592.1417 0 'robobot/drive/T0/mca' 1770200592.1416 0.000 0.000 16
1770200592.1439 0 'robobot/drive/T0/pose' 1770200592.1438 103.8870 0.723 0.198 1.5844 -2.7170
1770200592.1440 0 'robobot/drive/T0/vel' 1770200592.1439 103.8870 0.000 0.000 0.0000 0.000 4
1770200592.1445 0 'robobot/drive/T0/mvel' 1770200592.1445 0.000 0.000
1770200592.1484 0 'robobot/drive/T0/pose' 1770200592.1483 103.8920 0.723 0.198 1.5844 -2.7170
1770200592.1495 0 'robobot/drive/T0/livn' 1770200592.1494 36 37 46 73 75 41 39 44 181
1770200592.1517 0 'robobot/drive/T0/vel' 1770200592.1516 103.8950 0.000 0.000 0.0000 0.000 4
1770200592.1518 0 'robobot/drive/T0/mot' 1770200592.1517 0 0 0.1 0.1 0
1770200592.1519 0 'robobot/drive/T0/mvel' 1770200592.1519 0.000 0.000
1770200592.1529 0 'robobot/drive/T0/pose' 1770200592.1528 103.8970 0.723 0.198 1.5844 -2.7170
1770200592.1540 0 'robobot/drive/T0/gyro' 1770200592.1539 -0.144348 0.106812 -0.198303 103.898
1770200592.1541 0 'robobot/drive/T0/acc' 1770200592.1540 0.405762 0.002441 0.891602 103.898
1770200592.1563 0 'robobot/drive/T0/ird' 1770200592.1562 0.909 0.117 3418 16555 1
1770200592.1585 0 'robobot/drive/T0/pose' 1770200592.1584 103.9020 0.723 0.198 1.5844 -2.7170
1770200592.1596 0 'robobot/drive/T0/livn' 1770200592.1595 36 37 46 73 75 41 39 44 186
1770200592.1597 0 'robobot/drive/T0/vel' 1770200592.1596 103.9030 0.000 0.000 0.0000 0.000 4
1770200592.1604 0 'robobot/drive/T0/mvel' 1770200592.1604 0.000 0.000
1770200592.1629 0 'robobot/drive/T0/liv' 1770200592.1628 23 34 47 55 63 36 35 33 25
1770200592.1630 0 'robobot/drive/T0/pose' 1770200592.1629 103.9070 0.723 0.198 1.5844 -2.7170
1770200592.1662 0 'robobot/drive/T0/gyro' 1770200592.1661 0.038757 -0.106812 0.015320 103.910
1770200592.1663 0 'robobot/drive/T0/acc' 1770200592.1662 0.405273 0.002197 0.900635 103.910
1770200592.1674 0 'robobot/drive/T0/vel' 1770200592.1673 103.9110 0.000 0.000 0.0000 0.000 4
1770200592.1678 0 'robobot/drive/T0/mvel' 1770200592.1677 0.000 0.000
1770200592.1685 0 'robobot/drive/T0/pose' 1770200592.1685 103.9120 0.723 0.198 1.5844 -2.7170
1770200592.1697 0 'robobot/drive/T0/livn' 1770200592.1696 36 37 46 73 75 41 38 44 191
1770200592.1729 0 'robobot/drive/T0/pose' 1770200592.1729 103.9170 0.723 0.198 1.5844 -2.7170
1770200592.1751 0 'robobot/drive/T0/mca' 1770200592.1751 0.000 0.000 17
1770200592.1752 0 'robobot/drive/T0/vel' 1770200592.1751 103.9190 0.000 0.000 0.0000 0.000 4
1770200592.1762 0 'robobot/drive/T0/mvel' 1770200592.1762 0.000 0.000
1770200592.1784 0 'robobot/drive/T0/gyro' 1770200592.1783 -0.144348 -0.045776 -0.198303 103.922
1770200592.1785 0 'robobot/drive/T0/acc' 1770200592.1784 0.408203 -0.002441 0.885742 103.922
1770200592.1786 0 'robobot/drive/T0/pose' 1770200592.1785 103.9220 0.723 0.198 1.5844 -2.7170
1770200592.1797 0 'robobot/drive/T0/livn' 1770200592.1796 36 37 46 73 75 41 38 44 196
1770200592.1808 0 'robobot/drive/T0/ird' 1770200592.1807 0.905 0.117 3426 16528 1
1770200592.1830 0 'robobot/drive/T0/vel' 1770200592.1829 103.9270 0.000 0.000 0.0000 0.000 4
1770200592.1831 0 'robobot/drive/T0/pose' 1770200592.1830 103.9270 0.723 0.198 1.5844 -2.7170
1770200592.1836 0 'robobot/drive/T0/mvel' 1770200592.1836 0.000 0.000
1770200592.1842 0 'robobot/drive/T0/mot' 1770200592.1841 0 0 0.1 0.1 0
1770200592.1885 0 'robobot/drive/T0/pose' 1770200592.1884 103.9320 0.723 0.198 1.5844 -2.7170
1770200592.1896 0 'robobot/drive/T0/livn' 1770200592.1895 36 37 46 73 75 41 38 44 201
1770200592.1897 0 'robobot/drive/T0/gyro' 1770200592.1896 -0.144348 0.015259 0.015320 103.934
1770200592.1897 0 'robobot/drive/T0/acc' 1770200592.1897 0.402344 -0.002686 0.895752 103.934
1770200592.1908 0 'robobot/drive/T0/vel' 1770200592.1908 103.9350 0.000 0.000 0.0000 0.000 4
1770200592.1910 0 'robobot/drive/T0/mvel' 1770200592.1910 0.000 0.000
1770200592.1930 0 'robobot/drive/T0/pose' 1770200592.1930 103.9370 0.723 0.198 1.5844 -2.7170
1770200592.1984 0 'robobot/drive/T0/pose' 1770200592.1983 103.9420 0.723 0.198 1.5844 -2.7170
1770200592.1995 0 'robobot/drive/T0/livn' 1770200592.1995 36 37 46 73 75 41 38 44 206
1770200592.1996 0 'robobot/drive/T0/vel' 1770200592.1995 103.9430 0.000 0.000 0.0000 0.000 4
1770200592.2005 0 'robobot/drive/T0/mvel' 1770200592.2005 0.000 0.000
1770200592.2018 0 'robobot/drive/T0/gyro' 1770200592.2017 0.099792 -0.289917 -0.015198 103.946
1770200592.2019 0 'robobot/drive/T0/acc' 1770200592.2018 0.405762 0.000000 0.894287 103.946
1770200592.2030 0 'robobot/drive/T0/pose' 1770200592.2029 103.9470 0.723 0.198 1.5844 -2.7170
1770200592.2062 0 'robobot/drive/T0/ird' 1770200592.2062 0.922 0.118 3391 16414 1
1770200592.2074 0 'robobot/drive/T0/vel' 1770200592.2073 103.9510 0.000 0.000 0.0000 0.000 4
1770200592.2079 0 'robobot/drive/T0/mvel' 1770200592.2079 0.000 0.000
1770200592.2085 0 'robobot/drive/T0/mca' 1770200592.2084 0.000 0.000 16
1770200592.2085 0 'robobot/drive/T0/pose' 1770200592.2085 103.9520 0.723 0.198 1.5844 -2.7170
1770200592.2097 0 'robobot/drive/T0/livn' 1770200592.2096 35 36 46 73 75 41 38 44 211
1770200592.2129 0 'robobot/drive/T0/liv' 1770200592.2128 25 28 44 57 67 37 31 27 25
1770200592.2130 0 'robobot/drive/T0/pose' 1770200592.2129 103.9570 0.723 0.198 1.5844 -2.7170
1770200592.2141 0 'robobot/drive/T0/gyro' 1770200592.2140 -0.296936 0.106812 -0.106750 103.958
1770200592.2142 0 'robobot/drive/T0/acc' 1770200592.2141 0.406006 -0.005127 0.894287 103.958
1770200592.2153 0 'robobot/drive/T0/vel' 1770200592.2152 103.9590 0.000 0.000 0.0000 0.000 4
1770200592.2153 0 'robobot/drive/T0/mvel' 1770200592.2153 0.000 0.000
1770200592.2175 0 'robobot/drive/T0/mot' 1770200592.2174 0 0 0.1 0.1 0
1770200592.2186 0 'robobot/drive/T0/pose' 1770200592.2185 103.9620 0.723 0.198 1.5844 -2.7170
1770200592.2197 0 'robobot/drive/T0/livn' 1770200592.2196 35 36 46 73 75 41 38 44 216
1770200592.2229 0 'robobot/drive/T0/vel' 1770200592.2229 103.9670 0.000 0.000 0.0000 0.000 4
1770200592.2230 0 'robobot/drive/T0/pose' 1770200592.2229 103.9670 0.723 0.198 1.5844 -2.7170
1770200592.2238 0 'robobot/drive/T0/mvel' 1770200592.2237 0.000 0.000
1770200592.2263 0 'robobot/drive/T0/gyro' 1770200592.2262 -0.205383 0.076294 -0.167786 103.970
1770200592.2264 0 'robobot/drive/T0/acc' 1770200592.2263 0.403320 0.001465 0.896973 103.970
1770200592.2285 0 'robobot/drive/T0/pose' 1770200592.2285 103.9720 0.723 0.198 1.5844 -2.7170
1770200592.2297 0 'robobot/drive/T0/livn' 1770200592.2296 35 36 46 73 75 41 38 44 221
1770200592.2318 0 'robobot/drive/T0/ird' 1770200592.2318 0.916 0.117 3403 16468 1
1770200592.2319 0 'robobot/drive/T0/vel' 1770200592.2318 103.9750 0.000 0.000 0.0000 0.000 4
1770200592.2322 0 'robobot/drive/T0/mvel' 1770200592.2322 0.000 0.000
1770200592.2330 0 'robobot/drive/T0/pose' 1770200592.2330 103.9770 0.723 0.198 1.5844 -2.7170
1770200592.2384 0 'robobot/drive/T0/gyro' 1770200592.2383 -0.205383 0.015259 -0.167786 103.982
1770200592.2385 0 'robobot/drive/T0/acc' 1770200592.2384 0.402344 -0.001221 0.893799 103.982
1770200592.2385 0 'robobot/drive/T0/pose' 1770200592.2385 103.9820 0.723 0.198 1.5844 -2.7170
1770200592.2397 0 'robobot/drive/T0/livn' 1770200592.2396 35 36 46 73 75 41 38 44 226
1770200592.2397 0 'robobot/drive/T0/vel' 1770200592.2397 103.9830 0.000 0.000 0.0000 0.000 4
1770200592.2407 0 'robobot/drive/T0/mvel' 1770200592.2407 0.000 0.000
1770200592.2408 0 'robobot/drive/T0/mca' 1770200592.2408 0.000 0.000 17
1770200592.2430 0 'robobot/drive/T0/pose' 1770200592.2430 103.9870 0.723 0.198 1.5844 -2.7170
1770200592.2473 0 'robobot/drive/T0/vel' 1770200592.2473 103.9910 0.000 0.000 0.0000 0.000 4
1770200592.2481 0 'robobot/drive/T0/mvel' 1770200592.2481 0.000 0.000
1770200592.2485 0 'robobot/drive/T0/pose' 1770200592.2484 103.9920 0.723 0.198 1.5844 -2.7170
1770200592.2496 0 'robobot/drive/T0/livn' 1770200592.2495 35 36 46 73 75 41 38 44 231
1770200592.2497 0 'robobot/drive/T0/gyro' 1770200592.2496 -0.052795 0.228882 0.076355 103.994
1770200592.2497 0 'robobot/drive/T0/acc' 1770200592.2497 0.404053 -0.003418 0.887451 103.994
1770200592.2508 0 'robobot/drive/T0/mot' 1770200592.2508 0 0 0.1 0.1 0
1770200592.2530 0 'robobot/drive/T0/pose' 1770200592.2530 103.9970 0.723 0.198 1.5844 -2.7170
1770200592.2552 0 'robobot/drive/T0/vel' 1770200592.2551 103.9990 0.000 0.000 0.0000 0.000 4
1770200592.2555 0 'robobot/drive/T0/mvel' 1770200592.2555 0.000 0.000
1770200592.2563 0 'robobot/drive/T0/ird' 1770200592.2563 0.916 0.118 3404 16390 1
1770200592.2585 0 'robobot/drive/T0/pose' 1770200592.2585 104.0020 0.723 0.198 1.5844 -2.7170
1770200592.2597 0 'robobot/drive/T0/livn' 1770200592.2596 35 36 46 73 75 41 38 44 236
1770200592.2618 0 'robobot/drive/T0/gyro' 1770200592.2618 0.008240 0.045776 -0.015198 104.006
1770200592.2619 0 'robobot/drive/T0/acc' 1770200592.2618 0.408447 -0.004150 0.894287 104.006
1770200592.2630 0 'robobot/drive/T0/liv' 1770200592.2630 27 28 44 61 71 40 37 31 25
1770200592.2631 0 'robobot/drive/T0/vel' 1770200592.2630 104.0070 0.000 0.000 0.0000 0.000 4
1770200592.2632 0 'robobot/drive/T0/pose' 1770200592.2631 104.0070 0.723 0.198 1.5844 -2.7170
1770200592.2639 0 'robobot/drive/T0/mvel' 1770200592.2639 0.000 0.000
1770200592.2654 0 'robobot/drive/T0/hbt' 1770200592.2653 104.0090 107 1033 15.66 4 8 8.9 0.31 0
1770200592.2686 0 'robobot/drive/T0/pose' 1770200592.2685 104.0120 0.723 0.198 1.5844 -2.7170
1770200592.2697 0 'robobot/drive/T0/livn' 1770200592.2697 35 36 46 73 75 41 38 44 241
1770200592.2708 0 'robobot/drive/T0/vel' 1770200592.2708 104.0150 0.000 0.000 0.0000 0.000 4
1770200592.2713 0 'robobot/drive/T0/mvel' 1770200592.2713 0.000 0.000
1770200592.2730 0 'robobot/drive/T0/pose' 1770200592.2730 104.0170 0.723 0.198 1.5844 -2.7170
1770200592.2742 0 'robobot/drive/T0/gyro' 1770200592.2741 -0.205383 0.076294 -0.137268 104.018
1770200592.2743 0 'robobot/drive/T0/acc' 1770200592.2742 0.404053 -0.003174 0.900879 104.018
1770200592.2743 0 'robobot/drive/T0/mca' 1770200592.2743 0.000 0.000 16
1770200592.2786 0 'robobot/drive/T0/pose' 1770200592.2785 104.0220 0.723 0.198 1.5844 -2.7170
1770200592.2797 0 'robobot/drive/T0/livn' 1770200592.2797 35 36 46 73 75 41 38 44 246
1770200592.2798 0 'robobot/drive/T0/vel' 1770200592.2797 104.0230 0.000 0.000 0.0000 0.000 4
1770200592.2809 0 'robobot/drive/T0/mvel' 1770200592.2808 0.000 0.000
1770200592.2809 0 'robobot/drive/T0/ird' 1770200592.2809 0.921 0.117 3393 16478 1
1770200592.2831 0 'robobot/drive/T0/pose' 1770200592.2831 104.0270 0.723 0.198 1.5844 -2.7170
1770200592.2842 0 'robobot/drive/T0/mot' 1770200592.2842 0 0 0.1 0.1 0
1770200592.2864 0 'robobot/drive/T0/gyro' 1770200592.2864 0.038757 -0.106812 -0.137268 104.030
1770200592.2865 0 'robobot/drive/T0/acc' 1770200592.2864 0.403809 -0.004639 0.891113 104.030
1770200592.2876 0 'robobot/drive/T0/vel' 1770200592.2876 104.0310 0.000 0.000 0.0000 0.000 4
1770200592.2882 0 'robobot/drive/T0/mvel' 1770200592.2882 0.000 0.000
1770200592.2888 0 'robobot/drive/T0/pose' 1770200592.2887 104.0320 0.723 0.198 1.5844 -2.7170
1770200592.2888 0 'robobot/drive/T0/livn' 1770200592.2888 35 36 46 73 75 41 38 44 251
1770200592.2931 0 'robobot/drive/T0/pose' 1770200592.2931 104.0370 0.723 0.198 1.5844 -2.7170
1770200592.2953 0 'robobot/drive/T0/vel' 1770200592.2953 104.0390 0.000 0.000 0.0000 0.000 4
1770200592.2956 0 'robobot/drive/T0/mvel' 1770200592.2956 0.000 0.000
1770200592.2975 0 'robobot/drive/T0/gyro' 1770200592.2975 0.038757 -0.198364 -0.259338 104.042
1770200592.2976 0 'robobot/drive/T0/acc' 1770200592.2975 0.401123 -0.001953 0.897217 104.042
1770200592.2987 0 'robobot/drive/T0/pose' 1770200592.2987 104.0420 0.723 0.198 1.5844 -2.7170
1770200592.2988 0 'robobot/drive/T0/livn' 1770200592.2987 36 36 46 74 76 41 38 44 256
1770200592.3031 0 'robobot/drive/T0/vel' 1770200592.3030 104.0470 0.000 0.000 0.0000 0.000 4
1770200592.3032 0 'robobot/drive/T0/pose' 1770200592.3031 104.0470 0.723 0.198 1.5844 -2.7170
1770200592.3040 0 'robobot/drive/T0/mvel' 1770200592.3040 0.000 0.000
1770200592.3064 0 'robobot/drive/T0/ird' 1770200592.3063 0.912 0.117 3412 16445 1
1770200592.3075 0 'robobot/drive/T0/mca' 1770200592.3075 0.000 0.000 17
1770200592.3087 0 'robobot/drive/T0/pose' 1770200592.3086 104.0520 0.723 0.198 1.5844 -2.7171
1770200592.3087 0 'robobot/drive/T0/livn' 1770200592.3087 36 36 46 73 76 41 38 44 261
1770200592.3099 0 'robobot/drive/T0/gyro' 1770200592.3098 -0.052795 -0.228882 -0.137268 104.054
1770200592.3099 0 'robobot/drive/T0/acc' 1770200592.3099 0.402588 0.000488 0.890869 104.054
1770200592.3110 0 'robobot/drive/T0/vel' 1770200592.3110 104.0550 0.000 0.000 0.0000 0.000 4
1770200592.3114 0 'robobot/drive/T0/mvel' 1770200592.3114 0.000 0.000
1770200592.3132 0 'robobot/drive/T0/liv' 1770200592.3132 29 31 43 56 70 39 34 32 25
1770200592.3133 0 'robobot/drive/T0/pose' 1770200592.3132 104.0570 0.723 0.198 1.5844 -2.7171
1770200592.3176 0 'robobot/drive/T0/mot' 1770200592.3175 0 0 0.1 0.1 0
1770200592.3187 0 'robobot/drive/T0/pose' 1770200592.3186 104.0630 0.723 0.198 1.5844 -2.7171
1770200592.3188 0 'robobot/drive/T0/livn' 1770200592.3187 36 36 46 73 76 41 38 44 266
1770200592.3189 0 'robobot/drive/T0/vel' 1770200592.3189 104.0630 0.000 0.000 0.0000 0.000 4
1770200592.3198 0 'robobot/drive/T0/mvel' 1770200592.3198 0.000 0.000
1770200592.3222 0 'robobot/drive/T0/gyro' 1770200592.3221 -0.174866 -0.106812 0.015320 104.066
1770200592.3222 0 'robobot/drive/T0/acc' 1770200592.3222 0.403809 0.000488 0.890137 104.066
1770200592.3234 0 'robobot/drive/T0/pose' 1770200592.3233 104.0680 0.723 0.198 1.5844 -2.7171
1770200592.3277 0 'robobot/drive/T0/vel' 1770200592.3276 104.0710 0.000 0.000 0.0000 0.000 4
1770200592.3283 0 'robobot/drive/T0/mvel' 1770200592.3283 0.000 0.000
1770200592.3288 0 'robobot/drive/T0/pose' 1770200592.3287 104.0730 0.723 0.198 1.5844 -2.7171
1770200592.3289 0 'robobot/drive/T0/livn' 1770200592.3288 36 36 46 74 76 41 38 44 271
1770200592.3311 0 'robobot/drive/T0/ird' 1770200592.3310 0.924 0.117 3387 16498 1
1770200592.3334 0 'robobot/drive/T0/pose' 1770200592.3333 104.0780 0.723 0.198 1.5844 -2.7171
1770200592.3345 0 'robobot/drive/T0/gyro' 1770200592.3344 -0.113831 0.045776 -0.015198 104.078
1770200592.3346 0 'robobot/drive/T0/acc' 1770200592.3345 0.405273 -0.003662 0.893311 104.078
1770200592.3358 0 'robobot/drive/T0/vel' 1770200592.3356 104.0790 0.000 0.000 0.0000 0.000 4
1770200592.3359 0 'robobot/drive/T0/mvel' 1770200592.3358 0.000 0.000
1770200592.3392 0 'robobot/drive/T0/pose' 1770200592.3390 104.0830 0.723 0.198 1.5844 -2.7170
1770200592.3392 0 'robobot/drive/T0/livn' 1770200592.3392 36 36 46 73 76 41 38 44 276
1770200592.3404 0 'robobot/drive/T0/mca' 1770200592.3403 0.000 0.000 16
1770200592.3436 0 'robobot/drive/T0/vel' 1770200592.3436 104.0870 0.000 0.000 0.0000 0.000 4
1770200592.3437 0 'robobot/drive/T0/pose' 1770200592.3436 104.0880 0.723 0.198 1.5844 -2.7170
1770200592.3443 0 'robobot/drive/T0/mvel' 1770200592.3443 0.000 0.000
1770200592.3459 0 'robobot/drive/T0/gyro' 1770200592.3458 0.099792 -0.076294 -0.045715 104.090
1770200592.3460 0 'robobot/drive/T0/acc' 1770200592.3459 0.403076 0.000244 0.893311 104.090
1770200592.3482 0 'robobot/drive/T0/pose' 1770200592.3481 104.0930 0.723 0.198 1.5844 -2.7170
1770200592.3494 0 'robobot/drive/T0/livn' 1770200592.3493 36 36 46 73 76 41 38 44 281
1770200592.3505 0 'robobot/drive/T0/mot' 1770200592.3504 0 0 0.1 0.1 0
1770200592.3516 0 'robobot/drive/T0/vel' 1770200592.3515 104.0950 0.000 0.000 0.0000 0.000 4
1770200592.3518 0 'robobot/drive/T0/mvel' 1770200592.3517 0.000 0.000
1770200592.3538 0 'robobot/drive/T0/pose' 1770200592.3537 104.0980 0.723 0.198 1.5844 -2.7170
1770200592.3546 0 'robobot/drive/master' 1770200592.3546 2026-02-04 11:23:03.813786
1770200592.3560 0 'robobot/drive/T0/ird' 1770200592.3559 0.914 0.117 3407 16500 1
1770200592.3582 0 'robobot/drive/T0/gyro' 1770200592.3581 -0.022278 0.045776 -0.198303 104.102
1770200592.3583 0 'robobot/drive/T0/acc' 1770200592.3582 0.405273 -0.003174 0.895020 104.102
1770200592.3583 0 'robobot/drive/T0/pose' 1770200592.3583 104.1030 0.723 0.198 1.5844 -2.7170
1770200592.3595 0 'robobot/drive/T0/livn' 1770200592.3594 36 36 46 73 76 41 38 44 286
1770200592.3596 0 'robobot/drive/T0/vel' 1770200592.3595 104.1030 0.000 0.000 0.0000 0.000 4
1770200592.3603 0 'robobot/drive/T0/mvel' 1770200592.3602 0.000 0.000
1770200592.3629 0 'robobot/drive/T0/liv' 1770200592.3628 32 34 43 56 66 39 35 30 25
1770200592.3641 0 'robobot/drive/T0/pose' 1770200592.3640 104.1080 0.723 0.198 1.5844 -2.7170
1770200592.3673 0 'robobot/drive/T0/vel' 1770200592.3673 104.1110 0.000 0.000 0.0000 0.000 4
1770200592.3676 0 'robobot/drive/T0/mvel' 1770200592.3676 0.000 0.000
1770200592.3685 0 'robobot/drive/T0/pose' 1770200592.3684 104.1130 0.723 0.198 1.5844 -2.7170
1770200592.3696 0 'robobot/drive/T0/livn' 1770200592.3695 36 36 46 73 76 41 38 44 291
1770200592.3697 0 'robobot/drive/T0/gyro' 1770200592.3696 0.099792 -0.259399 -0.076233 104.114
1770200592.3698 0 'robobot/drive/T0/acc' 1770200592.3697 0.404541 -0.008789 0.888916 104.114
1770200592.3730 0 'robobot/drive/T0/mca' 1770200592.3729 0.000 0.000 17
1770200592.3732 0 'robobot/drive/T0/pose' 1770200592.3730 104.1180 0.723 0.198 1.5844 -2.7170
1770200592.3754 0 'robobot/drive/T0/vel' 1770200592.3753 104.1190 0.000 0.000 0.0000 0.000 4
1770200592.3762 0 'robobot/drive/T0/mvel' 1770200592.3762 0.000 0.000
1770200592.3787 0 'robobot/drive/T0/pose' 1770200592.3786 104.1230 0.723 0.198 1.5844 -2.7170
1770200592.3788 0 'robobot/drive/T0/livn' 1770200592.3787 36 36 46 73 76 41 39 44 296
1770200592.3810 0 'robobot/drive/T0/ird' 1770200592.3809 0.915 0.118 3406 16387 1
1770200592.3821 0 'robobot/drive/T0/gyro' 1770200592.3820 -0.083313 0.045776 0.167908 104.126
1770200592.3822 0 'robobot/drive/T0/acc' 1770200592.3821 0.402344 -0.003662 0.897705 104.126
1770200592.3833 0 'robobot/drive/T0/mot' 1770200592.3832 0 0 0.1 0.1 0
1770200592.3835 0 'robobot/drive/T0/vel' 1770200592.3833 104.1270 0.000 0.000 0.0000 0.000 4
1770200592.3835 0 'robobot/drive/T0/pose' 1770200592.3835 104.1280 0.723 0.198 1.5844 -2.7170
1770200592.3837 0 'robobot/drive/T0/mvel' 1770200592.3836 0.000 0.000
1770200592.3889 0 'robobot/drive/T0/pose' 1770200592.3888 104.1330 0.723 0.198 1.5844 -2.7170
1770200592.3890 0 'robobot/drive/T0/livn' 1770200592.3889 36 36 46 73 76 41 39 44 301
1770200592.3911 0 'robobot/drive/T0/vel' 1770200592.3911 104.1350 0.000 0.000 0.0000 0.000 4
1770200592.3922 0 'robobot/drive/T0/mvel' 1770200592.3921 0.000 0.000
1770200592.3934 0 'robobot/drive/T0/pose' 1770200592.3933 104.1380 0.723 0.198 1.5844 -2.7170
1770200592.3935 0 'robobot/drive/T0/gyro' 1770200592.3934 -0.083313 0.106812 -0.228821 104.138
1770200592.3936 0 'robobot/drive/T0/acc' 1770200592.3935 0.405762 -0.004150 0.893555 104.138
1770200592.3990 0 'robobot/drive/T0/pose' 1770200592.3989 104.1430 0.723 0.198 1.5844 -2.7170
1770200592.3991 0 'robobot/drive/T0/livn' 1770200592.3990 39 36 51 82 82 48 40 41 5
1770200592.3992 0 'robobot/drive/T0/vel' 1770200592.3991 104.1430 0.000 0.000 0.0000 0.000 4
1770200592.3996 0 'robobot/drive/T0/mvel' 1770200592.3996 0.000 0.000
1770200592.4035 0 'robobot/drive/T0/pose' 1770200592.4034 104.1480 0.723 0.198 1.5844 -2.7170
1770200592.4057 0 'robobot/drive/T0/gyro' 1770200592.4056 0.130310 -0.320435 -0.015198 104.150
1770200592.4058 0 'robobot/drive/T0/acc' 1770200592.4057 0.406250 -0.003174 0.891357 104.150
1770200592.4058 0 'robobot/drive/T0/mca' 1770200592.4058 0.000 0.000 16
1770200592.4059 0 'robobot/drive/T0/ird' 1770200592.4058 0.886 0.117 3468 16501 1
1770200592.4071 0 'robobot/drive/T0/vel' 1770200592.4069 104.1510 0.000 0.000 0.0000 0.000 4
1770200592.4072 0 'robobot/drive/T0/mvel' 1770200592.4072 0.000 0.000
1770200592.4082 0 'robobot/drive/T0/pose' 1770200592.4081 104.1530 0.723 0.198 1.5844 -2.7170
1770200592.4094 0 'robobot/drive/T0/livn' 1770200592.4093 37 36 49 78 81 45 39 42 10
1770200592.4137 0 'robobot/drive/T0/liv' 1770200592.4136 28 34 46 58 73 44 38 31 25
1770200592.4137 0 'robobot/drive/T0/pose' 1770200592.4137 104.1580 0.723 0.198 1.5844 -2.7170
1770200592.4149 0 'robobot/drive/T0/vel' 1770200592.4148 104.1590 0.000 0.000 0.0000 0.000 4
1770200592.4158 0 'robobot/drive/T0/mvel' 1770200592.4158 0.000 0.000
1770200592.4160 0 'robobot/drive/T0/mot' 1770200592.4160 0 0 0.1 0.1 0
1770200592.4182 0 'robobot/drive/T0/gyro' 1770200592.4182 -0.144348 -0.137329 0.076355 104.162
1770200592.4183 0 'robobot/drive/T0/acc' 1770200592.4183 0.404297 0.001709 0.891846 104.162
1770200592.4184 0 'robobot/drive/T0/pose' 1770200592.4183 104.1630 0.723 0.198 1.5844 -2.7170
1770200592.4196 0 'robobot/drive/T0/livn' 1770200592.4194 35 40 48 76 80 46 41 40 15
1770200592.4239 0 'robobot/drive/T0/vel' 1770200592.4238 104.1670 0.000 0.000 0.0000 0.000 4
1770200592.4239 0 'robobot/drive/T0/pose' 1770200592.4239 104.1680 0.723 0.198 1.5844 -2.7170
1770200592.4243 0 'robobot/drive/T0/mvel' 1770200592.4243 0.000 0.000
1770200592.4282 0 'robobot/drive/T0/pose' 1770200592.4281 104.1730 0.723 0.198 1.5844 -2.7170
1770200592.4294 0 'robobot/drive/T0/livn' 1770200592.4293 31 39 48 76 79 46 41 41 20
1770200592.4305 0 'robobot/drive/T0/gyro' 1770200592.4304 0.008240 0.106812 -0.015198 104.174
1770200592.4306 0 'robobot/drive/T0/acc' 1770200592.4305 0.401611 0.000244 0.895264 104.174
1770200592.4317 0 'robobot/drive/T0/ird' 1770200592.4316 0.858 0.118 3533 16432 1
1770200592.4318 0 'robobot/drive/T0/vel' 1770200592.4317 104.1760 0.000 0.000 0.0000 0.000 4
1770200592.4328 0 'robobot/drive/T0/mvel' 1770200592.4328 0.000 0.000
1770200592.4340 0 'robobot/drive/T0/pose' 1770200592.4339 104.1780 0.723 0.198 1.5844 -2.7170
1770200592.4384 0 'robobot/drive/T0/pose' 1770200592.4383 104.1830 0.723 0.198 1.5844 -2.7170
1770200592.4395 0 'robobot/drive/T0/mca' 1770200592.4394 0.000 0.000 17
1770200592.4396 0 'robobot/drive/T0/livn' 1770200592.4395 33 41 49 77 79 46 41 43 25
1770200592.4396 0 'robobot/drive/T0/vel' 1770200592.4396 104.1840 0.000 0.000 0.0000 0.000 4
1770200592.4403 0 'robobot/drive/T0/mvel' 1770200592.4402 0.000 0.000
1770200592.4418 0 'robobot/drive/T0/gyro' 1770200592.4417 -0.144348 -0.045776 -0.167786 104.186
1770200592.4419 0 'robobot/drive/T0/acc' 1770200592.4418 0.401855 -0.003418 0.894287 104.186
1770200592.4441 0 'robobot/drive/T0/pose' 1770200592.4440 104.1880 0.723 0.198 1.5844 -2.7170
1770200592.4474 0 'robobot/drive/T0/vel' 1770200592.4473 104.1920 0.000 0.000 0.0000 0.000 4
1770200592.4477 0 'robobot/drive/T0/mvel' 1770200592.4477 0.000 0.000
1770200592.4485 0 'robobot/drive/T0/pose' 1770200592.4484 104.1930 0.723 0.198 1.5844 -2.7170
1770200592.4486 0 'robobot/drive/T0/mot' 1770200592.4485 0 0 0.1 0.1 0
1770200592.4497 0 'robobot/drive/T0/livn' 1770200592.4496 34 40 49 76 78 45 42 44 30
1770200592.4541 0 'robobot/drive/T0/pose' 1770200592.4540 104.1980 0.723 0.198 1.5844 -2.7170
1770200592.4541 0 'robobot/drive/T0/gyro' 1770200592.4541 -0.052795 0.167847 -0.045715 104.198
1770200592.4542 0 'robobot/drive/T0/acc' 1770200592.4541 0.405273 -0.001221 0.894287 104.198
1770200592.4554 0 'robobot/drive/T0/vel' 1770200592.4553 104.2000 0.000 0.000 0.0000 0.000 4
1770200592.4562 0 'robobot/drive/T0/mvel' 1770200592.4562 0.000 0.000
1770200592.4565 0 'robobot/drive/T0/ird' 1770200592.4564 0.906 0.117 3425 16481 1
1770200592.4587 0 'robobot/drive/T0/pose' 1770200592.4586 104.2030 0.723 0.198 1.5844 -2.7170
1770200592.4588 0 'robobot/drive/T0/livn' 1770200592.4587 34 40 48 75 77 45 42 45 35
1770200592.4631 0 'robobot/drive/T0/liv' 1770200592.4630 26 39 46 55 66 43 39 32 25
1770200592.4631 0 'robobot/drive/T0/vel' 1770200592.4631 104.2080 0.000 0.000 0.0000 0.000 4
1770200592.4637 0 'robobot/drive/T0/mvel' 1770200592.4636 0.000 0.000
1770200592.4643 0 'robobot/drive/T0/pose' 1770200592.4642 104.2080 0.723 0.198 1.5844 -2.7170
1770200592.4665 0 'robobot/drive/T0/gyro' 1770200592.4664 -0.144348 0.045776 0.167908 104.210
1770200592.4666 0 'robobot/drive/T0/acc' 1770200592.4665 0.403320 0.001465 0.896729 104.210
1770200592.4688 0 'robobot/drive/T0/pose' 1770200592.4687 104.2130 0.723 0.198 1.5844 -2.7170
1770200592.4688 0 'robobot/drive/T0/livn' 1770200592.4688 34 40 48 74 76 44 42 45 40
1770200592.4710 0 'robobot/drive/T0/vel' 1770200592.4709 104.2160 0.000 0.000 0.0000 0.000 4
1770200592.4712 0 'robobot/drive/T0/mvel' 1770200592.4711 0.000 0.000
1770200592.4721 0 'robobot/drive/T0/mca' 1770200592.4721 0.000 0.000 16
1770200592.4743 0 'robobot/drive/T0/pose' 1770200592.4742 104.2180 0.723 0.198 1.5844 -2.7170
1770200592.4776 0 'robobot/drive/T0/gyro' 1770200592.4775 0.069275 0.167847 -0.198303 104.222
1770200592.4776 0 'robobot/drive/T0/acc' 1770200592.4776 0.404053 0.000488 0.887695 104.222
1770200592.4788 0 'robobot/drive/T0/pose' 1770200592.4787 104.2230 0.723 0.198 1.5844 -2.7170
1770200592.4789 0 'robobot/drive/T0/livn' 1770200592.4788 33 39 48 75 76 45 42 45 45
1770200592.4790 0 'robobot/drive/T0/vel' 1770200592.4789 104.2240 0.000 0.000 0.0000 0.000 4
1770200592.4797 0 'robobot/drive/T0/mvel' 1770200592.4796 0.000 0.000
1770200592.4812 0 'robobot/drive/T0/ird' 1770200592.4811 0.881 0.117 3480 16471 1
1770200592.4823 0 'robobot/drive/T0/mot' 1770200592.4822 0 0 0.1 0.1 0
1770200592.4845 0 'robobot/drive/T0/pose' 1770200592.4844 104.2280 0.723 0.198 1.5844 -2.7170
1770200592.4877 0 'robobot/drive/T0/vel' 1770200592.4877 104.2320 0.000 0.000 0.0000 0.000 4
1770200592.4881 0 'robobot/drive/T0/mvel' 1770200592.4881 0.000 0.000
1770200592.4889 0 'robobot/drive/T0/pose' 1770200592.4888 104.2330 0.723 0.198 1.5844 -2.7170
1770200592.4890 0 'robobot/drive/T0/livn' 1770200592.4889 34 39 48 75 76 44 41 44 50
1770200592.4901 0 'robobot/drive/T0/gyro' 1770200592.4900 -0.113831 0.015259 -0.015198 104.234
1770200592.4903 0 'robobot/drive/T0/acc' 1770200592.4901 0.405518 -0.005371 0.891357 104.234
1770200592.4946 0 'robobot/drive/T0/pose' 1770200592.4945 104.2380 0.723 0.198 1.5844 -2.7170
1770200592.4958 0 'robobot/drive/T0/vel' 1770200592.4956 104.2400 0.000 0.000 0.0000 0.000 4
1770200592.4966 0 'robobot/drive/T0/mvel' 1770200592.4966 0.000 0.000
1770200592.4990 0 'robobot/drive/T0/pose' 1770200592.4989 104.2430 0.723 0.198 1.5844 -2.7170
1770200592.4991 0 'robobot/drive/T0/livn' 1770200592.4990 34 39 48 75 76 44 41 44 55
1770200592.5023 0 'robobot/drive/T0/gyro' 1770200592.5022 -0.113831 -0.015259 -0.015198 104.246
1770200592.5024 0 'robobot/drive/T0/acc' 1770200592.5023 0.406250 0.000732 0.894043 104.246
1770200592.5036 0 'robobot/drive/T0/vel' 1770200592.5035 104.2480 0.000 0.000 0.0000 0.000 4
1770200592.5037 0 'robobot/drive/T0/pose' 1770200592.5036 104.2480 0.723 0.198 1.5844 -2.7170
1770200592.5040 0 'robobot/drive/T0/mvel' 1770200592.5040 0.000 0.000
1770200592.5048 0 'robobot/drive/T0/mca' 1770200592.5048 0.000 0.000 17
1770200592.5060 0 'robobot/drive/T0/ird' 1770200592.5059 0.862 0.117 3525 16476 1
1770200592.5092 0 'robobot/drive/T0/pose' 1770200592.5092 104.2530 0.723 0.198 1.5844 -2.7170
1770200592.5093 0 'robobot/drive/T0/livn' 1770200592.5092 33 39 50 74 75 43 41 45 60
1770200592.5115 0 'robobot/drive/T0/vel' 1770200592.5114 104.2560 0.000 0.000 0.0000 0.000 4
1770200592.5125 0 'robobot/drive/T0/mvel' 1770200592.5125 0.000 0.000
1770200592.5137 0 'robobot/drive/T0/liv' 1770200592.5136 24 33 49 57 65 41 35 32 25
1770200592.5138 0 'robobot/drive/T0/gyro' 1770200592.5137 -0.052795 -0.198364 -0.106750 104.258
1770200592.5139 0 'robobot/drive/T0/acc' 1770200592.5138 0.412354 -0.001709 0.891357 104.258
1770200592.5139 0 'robobot/drive/T0/pose' 1770200592.5139 104.2580 0.723 0.198 1.5844 -2.7169
1770200592.5151 0 'robobot/drive/T0/mot' 1770200592.5150 0 0 0.1 0.1 0
1770200592.5194 0 'robobot/drive/T0/pose' 1770200592.5193 104.2630 0.723 0.198 1.5844 -2.7169
1770200592.5194 0 'robobot/drive/T0/livn' 1770200592.5194 33 39 49 74 75 44 41 45 65
1770200592.5195 0 'robobot/drive/T0/vel' 1770200592.5194 104.2640 0.000 0.000 0.0000 0.000 4
1770200592.5200 0 'robobot/drive/T0/mvel' 1770200592.5199 0.000 0.000
1770200592.5238 0 'robobot/drive/T0/pose' 1770200592.5237 104.2680 0.723 0.198 1.5844 -2.7169
1770200592.5260 0 'robobot/drive/T0/gyro' 1770200592.5259 -0.144348 0.076294 -0.289856 104.270
1770200592.5261 0 'robobot/drive/T0/acc' 1770200592.5260 0.409424 -0.004395 0.889648 104.270
1770200592.5272 0 'robobot/drive/T0/vel' 1770200592.5271 104.2720 0.000 0.000 0.0000 0.000 4
1770200592.5274 0 'robobot/drive/T0/mvel' 1770200592.5274 0.000 0.000
1770200592.5295 0 'robobot/drive/T0/pose' 1770200592.5294 104.2730 0.723 0.198 1.5844 -2.7168
1770200592.5296 0 'robobot/drive/T0/livn' 1770200592.5295 34 39 49 74 75 44 41 45 70
1770200592.5318 0 'robobot/drive/T0/ird' 1770200592.5317 0.902 0.117 3434 16460 1
1770200592.5340 0 'robobot/drive/T0/pose' 1770200592.5339 104.2780 0.723 0.198 1.5844 -2.7168
1770200592.5352 0 'robobot/drive/T0/vel' 1770200592.5351 104.2800 0.000 0.000 0.0000 0.000 4
1770200592.5360 0 'robobot/drive/T0/mvel' 1770200592.5359 0.000 0.000
1770200592.5385 0 'robobot/drive/T0/gyro' 1770200592.5384 -0.144348 -0.045776 -0.198303 104.282
1770200592.5386 0 'robobot/drive/T0/acc' 1770200592.5385 0.409912 -0.007080 0.890625 104.282
1770200592.5387 0 'robobot/drive/T0/mca' 1770200592.5386 0.000 0.000 16
1770200592.5387 0 'robobot/drive/T0/pose' 1770200592.5387 104.2830 0.723 0.198 1.5844 -2.7168
1770200592.5399 0 'robobot/drive/T0/livn' 1770200592.5398 34 39 49 74 75 44 41 45 75
1770200592.5431 0 'robobot/drive/T0/vel' 1770200592.5430 104.2880 0.000 0.000 0.0000 0.000 4
1770200592.5434 0 'robobot/drive/T0/mvel' 1770200592.5434 0.000 0.000
1770200592.5442 0 'robobot/drive/T0/pose' 1770200592.5442 104.2880 0.723 0.198 1.5844 -2.7168
1770200592.5486 0 'robobot/drive/T0/mot' 1770200592.5485 0 0 0.1 0.1 0
1770200592.5486 0 'robobot/drive/T0/pose' 1770200592.5486 104.2930 0.723 0.198 1.5844 -2.7167
1770200592.5498 0 'robobot/drive/T0/livn' 1770200592.5497 34 39 49 75 75 43 41 44 80
1770200592.5499 0 'robobot/drive/T0/gyro' 1770200592.5498 0.038757 0.259399 -0.137268 104.294
1770200592.5500 0 'robobot/drive/T0/acc' 1770200592.5499 0.406738 -0.003418 0.892822 104.294
1770200592.5511 0 'robobot/drive/T0/vel' 1770200592.5510 104.2960 0.000 0.000 0.0000 0.000 4
1770200592.5513 0 'robobot/drive/T0/mvel' 1770200592.5513 0.000 0.000
1770200592.5543 0 'robobot/drive/T0/pose' 1770200592.5543 104.2980 0.723 0.198 1.5844 -2.7167
1770200592.5565 0 'robobot/drive/T0/ird' 1770200592.5564 0.921 0.118 3393 16433 1
1770200592.5587 0 'robobot/drive/T0/pose' 1770200592.5586 104.3030 0.723 0.198 1.5844 -2.7167
1770200592.5598 0 'robobot/drive/T0/livn' 1770200592.5598 34 39 49 75 75 43 41 45 85
1770200592.5599 0 'robobot/drive/T0/vel' 1770200592.5598 104.3040 0.000 0.000 0.0000 0.000 4
1770200592.5609 0 'robobot/drive/T0/mvel' 1770200592.5608 0.000 0.000
1770200592.5621 0 'robobot/drive/T0/gyro' 1770200592.5621 0.038757 -0.137329 -0.411926 104.306
1770200592.5622 0 'robobot/drive/T0/acc' 1770200592.5621 0.399902 -0.002441 0.892334 104.306
1770200592.5633 0 'robobot/drive/T0/liv' 1770200592.5633 31 36 46 60 67 41 38 31 25
1770200592.5644 0 'robobot/drive/T0/pose' 1770200592.5644 104.3080 0.723 0.198 1.5844 -2.7167
1770200592.5677 0 'robobot/drive/T0/vel' 1770200592.5676 104.3120 0.000 0.000 0.0000 0.000 4
1770200592.5683 0 'robobot/drive/T0/mvel' 1770200592.5683 0.000 0.000
1770200592.5688 0 'robobot/drive/T0/pose' 1770200592.5687 104.3130 0.723 0.198 1.5844 -2.7167
1770200592.5689 0 'robobot/drive/T0/livn' 1770200592.5688 35 39 49 75 75 43 41 45 90
1770200592.5710 0 'robobot/drive/T0/mca' 1770200592.5710 0.000 0.000 17
1770200592.5743 0 'robobot/drive/T0/gyro' 1770200592.5742 0.038757 0.167847 -0.167786 104.318
1770200592.5744 0 'robobot/drive/T0/acc' 1770200592.5743 0.399170 0.000000 0.891846 104.318
1770200592.5744 0 'robobot/drive/T0/pose' 1770200592.5744 104.3180 0.723 0.198 1.5844 -2.7167
1770200592.5756 0 'robobot/drive/T0/vel' 1770200592.5755 104.3200 0.000 0.000 0.0000 0.000 4
1770200592.5758 0 'robobot/drive/T0/mvel' 1770200592.5757 0.000 0.000
1770200592.5788 0 'robobot/drive/T0/pose' 1770200592.5788 104.3230 0.723 0.198 1.5844 -2.7167
1770200592.5789 0 'robobot/drive/T0/livn' 1770200592.5788 35 40 49 75 75 42 41 45 95
1770200592.5810 0 'robobot/drive/T0/mot' 1770200592.5810 0 0 0.1 0.1 0
1770200592.5811 0 'robobot/drive/T0/ird' 1770200592.5810 0.919 0.116 3397 16675 1
1770200592.5833 0 'robobot/drive/T0/vel' 1770200592.5832 104.3280 0.000 0.000 0.0000 0.000 4
1770200592.5834 0 'robobot/drive/T0/mvel' 1770200592.5834 0.000 0.000
1770200592.5844 0 'robobot/drive/T0/pose' 1770200592.5843 104.3280 0.723 0.198 1.5844 -2.7167
1770200592.5855 0 'robobot/drive/T0/gyro' 1770200592.5855 0.008240 0.289917 -0.167786 104.330
1770200592.5856 0 'robobot/drive/T0/acc' 1770200592.5855 0.399170 0.001953 0.895752 104.330
1770200592.5889 0 'robobot/drive/T0/pose' 1770200592.5888 104.3330 0.723 0.198 1.5844 -2.7168
1770200592.5889 0 'robobot/drive/T0/livn' 1770200592.5889 34 40 50 76 75 42 41 47 100
1770200592.5911 0 'robobot/drive/T0/vel' 1770200592.5910 104.3360 0.000 0.000 0.0000 0.000 4
1770200592.5919 0 'robobot/drive/T0/mvel' 1770200592.5919 0.000 0.000
1770200592.5943 0 'robobot/drive/T0/pose' 1770200592.5943 104.3380 0.723 0.198 1.5844 -2.7168
1770200592.5976 0 'robobot/drive/T0/gyro' 1770200592.5975 -0.144348 -0.045776 -0.106750 104.342
1770200592.5977 0 'robobot/drive/T0/acc' 1770200592.5976 0.402588 0.000488 0.890625 104.342
1770200592.5988 0 'robobot/drive/T0/pose' 1770200592.5987 104.3430 0.723 0.198 1.5844 -2.7168
1770200592.5989 0 'robobot/drive/T0/livn' 1770200592.5988 34 39 49 76 75 42 41 47 105
1770200592.5989 0 'robobot/drive/T0/vel' 1770200592.5989 104.3440 0.000 0.000 0.0000 0.000 4
1770200592.5994 0 'robobot/drive/T0/mvel' 1770200592.5993 0.000 0.000
1770200592.6043 0 'robobot/drive/T0/mca' 1770200592.6042 0.000 0.000 16
1770200592.6043 0 'robobot/drive/T0/pose' 1770200592.6043 104.3480 0.723 0.198 1.5844 -2.7168
1770200592.6065 0 'robobot/drive/T0/ird' 1770200592.6064 0.915 0.116 3406 16592 1
1770200592.6076 0 'robobot/drive/T0/vel' 1770200592.6076 104.3520 0.000 0.000 0.0000 0.000 4
1770200592.6079 0 'robobot/drive/T0/mvel' 1770200592.6078 0.000 0.000
1770200592.6088 0 'robobot/drive/T0/pose' 1770200592.6087 104.3530 0.723 0.198 1.5844 -2.7169
1770200592.6088 0 'robobot/drive/T0/livn' 1770200592.6088 34 39 50 76 75 42 41 47 110
1770200592.6100 0 'robobot/drive/T0/gyro' 1770200592.6099 -0.235901 -0.015259 0.198425 104.354
1770200592.6100 0 'robobot/drive/T0/acc' 1770200592.6100 0.398682 0.005859 0.898438 104.354
1770200592.6133 0 'robobot/drive/T0/liv' 1770200592.6132 24 34 49 62 67 40 35 36 25
1770200592.6144 0 'robobot/drive/T0/mot' 1770200592.6143 0 0 0.1 0.1 0
1770200592.6144 0 'robobot/drive/T0/pose' 1770200592.6144 104.3580 0.723 0.198 1.5844 -2.7169
1770200592.6156 0 'robobot/drive/T0/vel' 1770200592.6155 104.3600 0.000 0.000 0.0000 0.000 4
1770200592.6164 0 'robobot/drive/T0/mvel' 1770200592.6163 0.000 0.000
1770200592.6188 0 'robobot/drive/T0/pose' 1770200592.6188 104.3630 0.723 0.198 1.5844 -2.7169
1770200592.6189 0 'robobot/drive/T0/livn' 1770200592.6188 34 39 49 76 75 42 40 47 115
1770200592.6221 0 'robobot/drive/T0/gyro' 1770200592.6221 -0.296936 -0.076294 0.045837 104.366
1770200592.6222 0 'robobot/drive/T0/acc' 1770200592.6222 0.401367 0.002441 0.892578 104.366
1770200592.6233 0 'robobot/drive/T0/vel' 1770200592.6233 104.3680 0.000 0.000 0.0000 0.000 4
1770200592.6238 0 'robobot/drive/T0/mvel' 1770200592.6238 0.000 0.000
1770200592.6245 0 'robobot/drive/T0/pose' 1770200592.6244 104.3680 0.723 0.198 1.5844 -2.7169
1770200592.6288 0 'robobot/drive/T0/pose' 1770200592.6287 104.3730 0.723 0.198 1.5844 -2.7170
1770200592.6288 0 'robobot/drive/T0/livn' 1770200592.6288 34 39 49 76 75 43 40 47 120
1770200592.6310 0 'robobot/drive/T0/ird' 1770200592.6309 0.908 0.117 3421 16567 1
1770200592.6311 0 'robobot/drive/T0/vel' 1770200592.6310 104.3760 0.000 0.000 0.0000 0.000 4
1770200592.6312 0 'robobot/drive/T0/mvel' 1770200592.6312 0.000 0.000
1770200592.6343 0 'robobot/drive/T0/gyro' 1770200592.6342 -0.266418 -0.137329 -0.289856 104.378
1770200592.6344 0 'robobot/drive/T0/acc' 1770200592.6343 0.399902 -0.005371 0.893555 104.378
1770200592.6345 0 'robobot/drive/T0/pose' 1770200592.6344 104.3780 0.723 0.198 1.5844 -2.7170
1770200592.6366 0 'robobot/drive/T0/mca' 1770200592.6366 0.000 0.000 17
1770200592.6388 0 'robobot/drive/T0/pose' 1770200592.6387 104.3830 0.723 0.198 1.5844 -2.7170
1770200592.6389 0 'robobot/drive/T0/livn' 1770200592.6388 34 39 49 76 75 42 40 47 125
1770200592.6400 0 'robobot/drive/T0/vel' 1770200592.6399 104.3840 0.000 0.000 0.0000 0.000 4
1770200592.6409 0 'robobot/drive/T0/mvel' 1770200592.6408 0.000 0.000
1770200592.6443 0 'robobot/drive/T0/pose' 1770200592.6442 104.3880 0.723 0.198 1.5844 -2.7170
1770200592.6465 0 'robobot/drive/T0/gyro' 1770200592.6464 -0.266418 -0.289917 -0.015198 104.390
1770200592.6466 0 'robobot/drive/T0/acc' 1770200592.6465 0.394043 -0.005859 0.898682 104.390
1770200592.6466 0 'robobot/drive/T0/mot' 1770200592.6466 0 0 0.1 0.1 0
1770200592.6477 0 'robobot/drive/T0/vel' 1770200592.6476 104.3920 0.000 0.000 0.0000 0.000 4
1770200592.6483 0 'robobot/drive/T0/mvel' 1770200592.6483 0.000 0.000
1770200592.6488 0 'robobot/drive/T0/pose' 1770200592.6488 104.3930 0.723 0.198 1.5844 -2.7171
1770200592.6489 0 'robobot/drive/T0/livn' 1770200592.6488 34 39 49 76 76 42 41 47 130
1770200592.6543 0 'robobot/drive/T0/pose' 1770200592.6542 104.3980 0.723 0.198 1.5844 -2.7171
1770200592.6554 0 'robobot/drive/T0/vel' 1770200592.6553 104.4000 0.000 0.000 0.0000 0.000 4
1770200592.6557 0 'robobot/drive/T0/mvel' 1770200592.6557 0.000 0.000
1770200592.6565 0 'robobot/drive/T0/ird' 1770200592.6565 0.863 0.117 3521 16482 1
1770200592.6576 0 'robobot/drive/T0/gyro' 1770200592.6576 -0.113831 0.076294 0.076355 104.402
1770200592.6577 0 'robobot/drive/T0/acc' 1770200592.6576 0.412109 -0.014160 0.895752 104.402
1770200592.6588 0 'robobot/drive/T0/pose' 1770200592.6588 104.4030 0.723 0.198 1.5844 -2.7171
1770200592.6589 0 'robobot/drive/T0/livn' 1770200592.6588 34 39 49 76 75 42 41 47 135
1770200592.6632 0 'robobot/drive/T0/liv' 1770200592.6631 26 33 47 58 67 41 38 33 25
1770200592.6633 0 'robobot/drive/T0/vel' 1770200592.6632 104.4080 0.000 0.000 0.0000 0.000 4
1770200592.6634 0 'robobot/drive/T0/mvel' 1770200592.6634 0.000 0.000
1770200592.6644 0 'robobot/drive/T0/pose' 1770200592.6643 104.4080 0.723 0.198 1.5844 -2.7171
1770200592.6697 0 'robobot/drive/T0/pose' 1770200592.6697 104.4130 0.723 0.198 1.5844 -2.7171
1770200592.6698 0 'robobot/drive/T0/livn' 1770200592.6697 34 38 50 76 75 42 41 47 140
1770200592.6699 0 'robobot/drive/T0/gyro' 1770200592.6698 -0.235901 -0.045776 -0.076233 104.414
1770200592.6699 0 'robobot/drive/T0/acc' 1770200592.6699 0.413086 -0.009033 0.892822 104.414
1770200592.6700 0 'robobot/drive/T0/mca' 1770200592.6699 0.000 0.000 16
1770200592.6712 0 'robobot/drive/T0/vel' 1770200592.6711 104.4160 0.000 0.000 0.0000 0.000 4
1770200592.6719 0 'robobot/drive/T0/mvel' 1770200592.6718 0.000 0.000
1770200592.6744 0 'robobot/drive/T0/pose' 1770200592.6743 104.4180 0.723 0.198 1.5844 -2.7171
1770200592.6798 0 'robobot/drive/T0/pose' 1770200592.6797 104.4230 0.723 0.198 1.5844 -2.7171
1770200592.6798 0 'robobot/drive/T0/livn' 1770200592.6798 34 38 50 76 75 42 41 47 145
1770200592.6799 0 'robobot/drive/T0/vel' 1770200592.6798 104.4240 0.000 0.000 0.0000 0.000 4
1770200592.6799 0 'robobot/drive/T0/mot' 1770200592.6799 0 0 0.1 0.1 0
1770200592.6804 0 'robobot/drive/T0/mvel' 1770200592.6803 0.000 0.000
1770200592.6810 0 'robobot/drive/T0/ird' 1770200592.6810 0.845 0.118 3564 16424 1
1770200592.6822 0 'robobot/drive/T0/gyro' 1770200592.6821 0.038757 -0.167847 0.106873 104.426
1770200592.6823 0 'robobot/drive/T0/acc' 1770200592.6822 0.409668 -0.007324 0.878418 104.426
1770200592.6845 0 'robobot/drive/T0/pose' 1770200592.6844 104.4280 0.723 0.198 1.5844 -2.7171
1770200592.6877 0 'robobot/drive/T0/vel' 1770200592.6876 104.4320 0.000 0.000 0.0000 0.000 4
1770200592.6878 0 'robobot/drive/T0/mvel' 1770200592.6878 0.000 0.000
1770200592.6888 0 'robobot/drive/T0/pose' 1770200592.6887 104.4330 0.723 0.198 1.5844 -2.7170
1770200592.6889 0 'robobot/drive/T0/livn' 1770200592.6888 34 38 50 76 75 42 40 47 150
1770200592.6942 0 'robobot/drive/T0/gyro' 1770200592.6942 0.099792 -0.198364 -0.289856 104.438
1770200592.6943 0 'robobot/drive/T0/acc' 1770200592.6942 0.409180 -0.005371 0.884521 104.438
1770200592.6944 0 'robobot/drive/T0/pose' 1770200592.6943 104.4380 0.723 0.198 1.5844 -2.7170
1770200592.6955 0 'robobot/drive/T0/vel' 1770200592.6954 104.4400 0.000 0.000 0.0000 0.000 4
1770200592.6965 0 'robobot/drive/T0/mvel' 1770200592.6964 0.000 0.000
1770200592.6988 0 'robobot/drive/T0/pose' 1770200592.6987 104.4430 0.723 0.198 1.5844 -2.7170
1770200592.6999 0 'robobot/drive/T0/livn' 1770200592.6998 34 38 50 76 75 42 40 46 155
1770200592.7031 0 'robobot/drive/T0/mca' 1770200592.7030 0.000 0.000 17
1770200592.7032 0 'robobot/drive/T0/vel' 1770200592.7031 104.4480 0.000 0.000 0.0000 0.000 4
1770200592.7039 0 'robobot/drive/T0/mvel' 1770200592.7039 0.000 0.000
1770200592.7043 0 'robobot/drive/T0/pose' 1770200592.7042 104.4480 0.723 0.198 1.5844 -2.7170
1770200592.7065 0 'robobot/drive/T0/gyro' 1770200592.7064 0.038757 0.015259 -0.106750 104.450
1770200592.7066 0 'robobot/drive/T0/acc' 1770200592.7065 0.415527 0.000977 0.901611 104.450
1770200592.7066 0 'robobot/drive/T0/ird' 1770200592.7066 0.849 0.117 3555 16465 1
1770200592.7088 0 'robobot/drive/T0/pose' 1770200592.7087 104.4530 0.723 0.198 1.5844 -2.7169
1770200592.7089 0 'robobot/drive/T0/livn' 1770200592.7088 34 38 50 76 75 42 40 46 160
1770200592.7110 0 'robobot/drive/T0/vel' 1770200592.7110 104.4560 0.000 0.000 0.0000 0.000 4
1770200592.7113 0 'robobot/drive/T0/mvel' 1770200592.7113 0.000 0.000
1770200592.7132 0 'robobot/drive/T0/mot' 1770200592.7132 0 0 0.1 0.1 0
1770200592.7133 0 'robobot/drive/T0/liv' 1770200592.7132 27 32 50 59 65 39 32 31 25
1770200592.7144 0 'robobot/drive/T0/pose' 1770200592.7143 104.4580 0.723 0.198 1.5844 -2.7169
1770200592.7176 0 'robobot/drive/T0/gyro' 1770200592.7176 -0.022278 0.076294 -0.076233 104.462
1770200592.7177 0 'robobot/drive/T0/acc' 1770200592.7176 0.409912 -0.001709 0.893066 104.462
1770200592.7188 0 'robobot/drive/T0/pose' 1770200592.7188 104.4630 0.723 0.198 1.5844 -2.7168
1770200592.7199 0 'robobot/drive/T0/livn' 1770200592.7199 34 38 50 76 75 42 40 47 165
1770200592.7200 0 'robobot/drive/T0/vel' 1770200592.7199 104.4640 0.000 0.000 0.0000 0.000 4
1770200592.7209 0 'robobot/drive/T0/mvel' 1770200592.7208 0.000 0.000
1770200592.7243 0 'robobot/drive/T0/pose' 1770200592.7242 104.4680 0.723 0.198 1.5844 -2.7168
1770200592.7279 0 'robobot/drive/T0/vel' 1770200592.7278 104.4720 0.000 0.000 0.0000 0.000 4
1770200592.7286 0 'robobot/drive/T0/mvel' 1770200592.7285 0.000 0.000
1770200592.7291 0 'robobot/drive/T0/pose' 1770200592.7290 104.4730 0.723 0.198 1.5844 -2.7168
1770200592.7292 0 'robobot/drive/T0/livn' 1770200592.7291 34 38 50 76 75 42 40 47 170
1770200592.7311 0 'robobot/drive/T0/gyro' 1770200592.7308 -0.052795 0.015259 -0.076233 104.474
1770200592.7313 0 'robobot/drive/T0/acc' 1770200592.7311 0.400879 0.002197 0.889893 104.474
1770200592.7314 0 'robobot/drive/T0/ird' 1770200592.7313 0.801 0.118 3678 16382 1
1770200592.7346 0 'robobot/drive/T0/pose' 1770200592.7345 104.4780 0.723 0.198 1.5844 -2.7168
1770200592.7358 0 'robobot/drive/T0/vel' 1770200592.7357 104.4800 0.000 0.000 0.0000 0.000 4
1770200592.7359 0 'robobot/drive/T0/mca' 1770200592.7358 0.000 0.000 16
1770200592.7360 0 'robobot/drive/T0/mvel' 1770200592.7360 0.000 0.000
1770200592.7393 0 'robobot/drive/T0/pose' 1770200592.7390 104.4830 0.723 0.198 1.5844 -2.7168
1770200592.7394 0 'robobot/drive/T0/livn' 1770200592.7393 34 38 50 76 75 42 40 46 175
1770200592.7427 0 'robobot/drive/T0/gyro' 1770200592.7425 -0.052795 -0.167847 -0.259338 104.486
1770200592.7427 0 'robobot/drive/T0/acc' 1770200592.7427 0.400635 0.004883 0.890869 104.486
1770200592.7440 0 'robobot/drive/T0/vel' 1770200592.7438 104.4880 0.000 0.000 0.0000 0.000 4
1770200592.7441 0 'robobot/drive/T0/pose' 1770200592.7440 104.4880 0.723 0.198 1.5844 -2.7168
1770200592.7445 0 'robobot/drive/T0/mvel' 1770200592.7445 0.000 0.000
1770200592.7463 0 'robobot/drive/T0/mot' 1770200592.7462 0 0 0.1 0.1 0
1770200592.7496 0 'robobot/drive/T0/pose' 1770200592.7495 104.4930 0.723 0.198 1.5844 -2.7169
1770200592.7496 0 'robobot/drive/T0/livn' 1770200592.7496 34 38 50 76 75 42 40 46 180
1770200592.7519 0 'robobot/drive/T0/vel' 1770200592.7518 104.4960 0.000 0.000 0.0000 0.000 4
1770200592.7519 0 'robobot/drive/T0/mvel' 1770200592.7519 0.000 0.000
1770200592.7542 0 'robobot/drive/T0/gyro' 1770200592.7540 -0.144348 -0.045776 0.167908 104.498
1770200592.7544 0 'robobot/drive/T0/acc' 1770200592.7542 0.397217 0.001953 0.893066 104.498
1770200592.7545 0 'robobot/drive/T0/pose' 1770200592.7544 104.4980 0.723 0.198 1.5844 -2.7169
1770200592.7567 0 'robobot/drive/T0/ird' 1770200592.7566 0.707 0.117 3971 16492 1
1770200592.7589 0 'robobot/drive/T0/pose' 1770200592.7588 104.5030 0.723 0.198 1.5844 -2.7169
1770200592.7590 0 'robobot/drive/T0/livn' 1770200592.7589 34 38 50 76 75 42 39 46 185
1770200592.7593 0 'robobot/drive/T0/vel' 1770200592.7592 104.5040 0.000 0.000 0.0000 0.000 4
1770200592.7604 0 'robobot/drive/T0/mvel' 1770200592.7603 0.000 0.000
1770200592.7637 0 'robobot/drive/T0/liv' 1770200592.7636 28 31 45 61 70 40 32 30 25
1770200592.7640 0 'robobot/drive/T0/pose' 1770200592.7637 104.5080 0.723 0.198 1.5844 -2.7169
1770200592.7651 0 'robobot/drive/T0/hbt' 1770200592.7651 104.5090 107 1033 15.66 4 8 9.0 0.30 0
1770200592.7663 0 'robobot/drive/T0/gyro' 1770200592.7662 -0.266418 -0.137329 -0.015198 104.510
1770200592.7664 0 'robobot/drive/T0/acc' 1770200592.7663 0.397705 0.000732 0.902588 104.510
1770200592.7676 0 'robobot/drive/T0/vel' 1770200592.7674 104.5120 0.000 0.000 0.0000 0.000 4
1770200592.7678 0 'robobot/drive/T0/mvel' 1770200592.7677 0.000 0.000
1770200592.7687 0 'robobot/drive/T0/mca' 1770200592.7687 0.000 0.000 17
1770200592.7690 0 'robobot/drive/T0/pose' 1770200592.7687 104.5130 0.723 0.198 1.5844 -2.7170
1770200592.7691 0 'robobot/drive/T0/livn' 1770200592.7690 34 37 49 76 75 42 39 46 190
1770200592.7746 0 'robobot/drive/T0/pose' 1770200592.7744 104.5180 0.723 0.198 1.5844 -2.7170
1770200592.7758 0 'robobot/drive/T0/vel' 1770200592.7757 104.5200 0.000 0.000 0.0000 0.000 4
1770200592.7762 0 'robobot/drive/T0/mvel' 1770200592.7762 0.000 0.000
1770200592.7780 0 'robobot/drive/T0/gyro' 1770200592.7779 -0.022278 -0.045776 -0.167786 104.522
1770200592.7781 0 'robobot/drive/T0/acc' 1770200592.7780 0.401611 -0.002930 0.891357 104.522
1770200592.7793 0 'robobot/drive/T0/mot' 1770200592.7792 0 0 0.1 0.1 0
1770200592.7795 0 'robobot/drive/T0/pose' 1770200592.7793 104.5230 0.723 0.198 1.5844 -2.7171
1770200592.7796 0 'robobot/drive/T0/livn' 1770200592.7795 34 37 49 76 76 42 39 46 195
1770200592.7818 0 'robobot/drive/T0/ird' 1770200592.7817 0.633 0.118 4260 16440 1
1770200592.7830 0 'robobot/drive/T0/vel' 1770200592.7829 104.5280 0.000 0.000 0.0000 0.000 4
1770200592.7836 0 'robobot/drive/T0/mvel' 1770200592.7835 0.000 0.000
1770200592.7841 0 'robobot/drive/T0/pose' 1770200592.7841 104.5280 0.723 0.198 1.5844 -2.7171
1770200592.7896 0 'robobot/drive/T0/pose' 1770200592.7894 104.5330 0.723 0.198 1.5844 -2.7171
1770200592.7899 0 'robobot/drive/T0/livn' 1770200592.7896 35 38 49 76 76 41 39 46 200
1770200592.7900 0 'robobot/drive/T0/gyro' 1770200592.7899 0.038757 -0.106812 -0.167786 104.534
1770200592.7901 0 'robobot/drive/T0/acc' 1770200592.7900 0.398438 -0.005859 0.899658 104.534
1770200592.7913 0 'robobot/drive/T0/vel' 1770200592.7912 104.5360 0.000 0.000 0.0000 0.000 4
1770200592.7920 0 'robobot/drive/T0/mvel' 1770200592.7920 0.000 0.000
1770200592.7946 0 'robobot/drive/T0/pose' 1770200592.7945 104.5380 0.723 0.198 1.5844 -2.7171
1770200592.7989 0 'robobot/drive/T0/pose' 1770200592.7988 104.5430 0.723 0.198 1.5844 -2.7172
1770200592.7990 0 'robobot/drive/T0/livn' 1770200592.7989 35 38 49 76 76 41 39 46 205
1770200592.7993 0 'robobot/drive/T0/vel' 1770200592.7992 104.5440 0.000 0.000 0.0000 0.000 4
1770200592.7994 0 'robobot/drive/T0/mvel' 1770200592.7994 0.000 0.000
1770200592.8026 0 'robobot/drive/T0/gyro' 1770200592.8025 0.099792 -0.137329 -0.076233 104.546
1770200592.8026 0 'robobot/drive/T0/acc' 1770200592.8026 0.399902 -0.003906 0.887207 104.546
1770200592.8027 0 'robobot/drive/T0/mca' 1770200592.8026 0.000 0.000 16
1770200592.8039 0 'robobot/drive/T0/pose' 1770200592.8037 104.5480 0.723 0.198 1.5844 -2.7172
1770200592.8061 0 'robobot/drive/T0/ird' 1770200592.8060 0.579 0.117 4522 16542 1
1770200592.8072 0 'robobot/drive/T0/vel' 1770200592.8071 104.5520 0.000 0.000 0.0000 0.000 4
1770200592.8078 0 'robobot/drive/T0/mvel' 1770200592.8078 0.000 0.000
1770200592.8094 0 'robobot/drive/T0/pose' 1770200592.8093 104.5530 0.723 0.198 1.5844 -2.7172
1770200592.8095 0 'robobot/drive/T0/livn' 1770200592.8094 35 38 49 76 76 41 39 46 210
1770200592.8117 0 'robobot/drive/T0/mot' 1770200592.8116 0 0 0.1 0.1 0
1770200592.8128 0 'robobot/drive/T0/liv' 1770200592.8128 31 35 45 59 71 37 30 32 25
1770200592.8140 0 'robobot/drive/T0/gyro' 1770200592.8139 -0.266418 0.015259 -0.167786 104.558
1770200592.8141 0 'robobot/drive/T0/acc' 1770200592.8140 0.400635 -0.009766 0.894043 104.558
1770200592.8141 0 'robobot/drive/T0/pose' 1770200592.8141 104.5580 0.723 0.198 1.5844 -2.7172
1770200592.8154 0 'robobot/drive/T0/vel' 1770200592.8152 104.5600 0.000 0.000 0.0000 0.000 4
1770200592.8162 0 'robobot/drive/T0/mvel' 1770200592.8162 0.000 0.000
1770200592.8197 0 'robobot/drive/T0/pose' 1770200592.8196 104.5630 0.723 0.198 1.5844 -2.7173
1770200592.8198 0 'robobot/drive/T0/livn' 1770200592.8197 35 38 49 76 76 41 39 46 215
1770200592.8231 0 'robobot/drive/T0/vel' 1770200592.8230 104.5680 0.000 0.000 0.0000 0.000 4
1770200592.8236 0 'robobot/drive/T0/mvel' 1770200592.8236 0.000 0.000
1770200592.8242 0 'robobot/drive/T0/pose' 1770200592.8242 104.5680 0.723 0.198 1.5844 -2.7173
1770200592.8265 0 'robobot/drive/T0/gyro' 1770200592.8264 0.008240 -0.015259 -0.045715 104.570
1770200592.8265 0 'robobot/drive/T0/acc' 1770200592.8265 0.408203 -0.006836 0.898193 104.570
1770200592.8298 0 'robobot/drive/T0/pose' 1770200592.8297 104.5730 0.723 0.198 1.5844 -2.7173
1770200592.8301 0 'robobot/drive/T0/livn' 1770200592.8298 35 38 49 76 76 41 39 46 220
1770200592.8313 0 'robobot/drive/T0/ird' 1770200592.8312 0.553 0.117 4662 16542 1
1770200592.8313 0 'robobot/drive/T0/vel' 1770200592.8313 104.5760 0.000 0.000 0.0000 0.000 4
1770200592.8320 0 'robobot/drive/T0/mvel' 1770200592.8320 0.000 0.000
1770200592.8346 0 'robobot/drive/T0/pose' 1770200592.8346 104.5780 0.723 0.198 1.5844 -2.7173
1770200592.8347 0 'robobot/drive/T0/mca' 1770200592.8346 0.000 0.000 17
1770200592.8379 0 'robobot/drive/T0/gyro' 1770200592.8379 -0.113831 -0.228882 -0.106750 104.582
1770200592.8380 0 'robobot/drive/T0/acc' 1770200592.8379 0.405273 -0.005371 0.890869 104.582
1770200592.8392 0 'robobot/drive/T0/pose' 1770200592.8391 104.5830 0.723 0.198 1.5844 -2.7173
1770200592.8395 0 'robobot/drive/T0/livn' 1770200592.8392 35 37 49 76 76 41 39 46 225
1770200592.8396 0 'robobot/drive/T0/vel' 1770200592.8395 104.5840 0.000 0.000 0.0000 0.000 4
1770200592.8405 0 'robobot/drive/T0/mvel' 1770200592.8404 0.000 0.000
1770200592.8439 0 'robobot/drive/T0/pose' 1770200592.8438 104.5880 0.723 0.198 1.5844 -2.7173
1770200592.8451 0 'robobot/drive/T0/mot' 1770200592.8450 0 0 0.1 0.1 0
1770200592.8474 0 'robobot/drive/T0/vel' 1770200592.8473 104.5920 0.000 0.000 0.0000 0.000 4
1770200592.8482 0 'robobot/drive/T0/mvel' 1770200592.8481 0.000 0.000
1770200592.8497 0 'robobot/drive/T0/pose' 1770200592.8495 104.5930 0.723 0.198 1.5844 -2.7173
1770200592.8497 0 'robobot/drive/T0/livn' 1770200592.8497 35 37 49 76 76 42 38 45 230
1770200592.8498 0 'robobot/drive/T0/gyro' 1770200592.8497 0.099792 -0.076294 -0.045715 104.594
1770200592.8499 0 'robobot/drive/T0/acc' 1770200592.8498 0.412598 -0.003174 0.889404 104.594
1770200592.8544 0 'robobot/drive/T0/pose' 1770200592.8541 104.5980 0.723 0.198 1.5844 -2.7173
1770200592.8556 0 'robobot/drive/T0/vel' 1770200592.8554 104.6000 0.000 0.000 0.0000 0.000 4
1770200592.8557 0 'robobot/drive/master' 1770200592.8556 2026-02-04 11:23:03.813786
1770200592.8557 0 'robobot/drive/T0/mvel' 1770200592.8556 0.000 0.000
1770200592.8568 0 'robobot/drive/T0/ird' 1770200592.8566 0.537 0.118 4760 16419 1
1770200592.8590 0 'robobot/drive/T0/pose' 1770200592.8589 104.6030 0.723 0.198 1.5844 -2.7172
1770200592.8590 0 'robobot/drive/T0/livn' 1770200592.8590 35 37 48 76 76 42 39 45 235
1770200592.8623 0 'robobot/drive/T0/gyro' 1770200592.8622 0.252380 0.045776 -0.045715 104.606
1770200592.8624 0 'robobot/drive/T0/acc' 1770200592.8623 0.406006 -0.000244 0.891357 104.606
1770200592.8636 0 'robobot/drive/T0/liv' 1770200592.8635 28 32 40 57 72 43 34 26 25
1770200592.8638 0 'robobot/drive/T0/vel' 1770200592.8636 104.6080 0.000 0.000 0.0000 0.000 4
1770200592.8639 0 'robobot/drive/T0/pose' 1770200592.8638 104.6080 0.723 0.198 1.5844 -2.7172
1770200592.8642 0 'robobot/drive/T0/mvel' 1770200592.8641 0.000 0.000
1770200592.8682 0 'robobot/drive/T0/mca' 1770200592.8681 0.000 0.000 16
1770200592.8693 0 'robobot/drive/T0/pose' 1770200592.8692 104.6130 0.723 0.198 1.5844 -2.7172
1770200592.8694 0 'robobot/drive/T0/livn' 1770200592.8693 35 37 48 76 76 42 39 45 240
1770200592.8716 0 'robobot/drive/T0/vel' 1770200592.8715 104.6160 0.000 0.000 0.0000 0.000 4
1770200592.8716 0 'robobot/drive/T0/mvel' 1770200592.8715 0.000 0.000
1770200592.8738 0 'robobot/drive/T0/gyro' 1770200592.8737 0.008240 -0.045776 -0.106750 104.618
1770200592.8739 0 'robobot/drive/T0/acc' 1770200592.8738 0.408447 0.006592 0.894531 104.618
1770200592.8740 0 'robobot/drive/T0/pose' 1770200592.8739 104.6180 0.723 0.198 1.5844 -2.7172
1770200592.8783 0 'robobot/drive/T0/mot' 1770200592.8783 0 0 0.1 0.1 0
1770200592.8795 0 'robobot/drive/T0/pose' 1770200592.8794 104.6230 0.723 0.198 1.5844 -2.7172
1770200592.8795 0 'robobot/drive/T0/livn' 1770200592.8795 35 37 48 76 76 42 39 45 245
1770200592.8796 0 'robobot/drive/T0/vel' 1770200592.8795 104.6240 0.000 0.000 0.0000 0.000 4
1770200592.8800 0 'robobot/drive/T0/mvel' 1770200592.8800 0.000 0.000
1770200592.8818 0 'robobot/drive/T0/ird' 1770200592.8817 0.537 0.117 4755 16481 1
1770200592.8840 0 'robobot/drive/T0/pose' 1770200592.8839 104.6280 0.723 0.198 1.5844 -2.7172
1770200592.8862 0 'robobot/drive/T0/gyro' 1770200592.8861 -0.144348 -0.106812 -0.198303 104.630
1770200592.8862 0 'robobot/drive/T0/acc' 1770200592.8862 0.405518 0.009033 0.890381 104.630
1770200592.8874 0 'robobot/drive/T0/vel' 1770200592.8873 104.6320 0.000 0.000 0.0000 0.000 4
1770200592.8874 0 'robobot/drive/T0/mvel' 1770200592.8874 0.000 0.000
1770200592.8896 0 'robobot/drive/T0/pose' 1770200592.8895 104.6330 0.723 0.198 1.5844 -2.7172
1770200592.8897 0 'robobot/drive/T0/livn' 1770200592.8896 35 37 48 76 76 42 39 45 250
1770200592.8940 0 'robobot/drive/T0/pose' 1770200592.8939 104.6380 0.723 0.198 1.5844 -2.7172
1770200592.8951 0 'robobot/drive/T0/vel' 1770200592.8951 104.6400 0.000 0.000 0.0000 0.000 4
1770200592.8958 0 'robobot/drive/T0/mvel' 1770200592.8958 0.000 0.000
1770200592.8984 0 'robobot/drive/T0/gyro' 1770200592.8983 -0.174866 -0.045776 -0.045715 104.642
1770200592.8985 0 'robobot/drive/T0/acc' 1770200592.8984 0.399170 0.005859 0.891357 104.642
1770200592.8996 0 'robobot/drive/T0/pose' 1770200592.8995 104.6430 0.723 0.198 1.5844 -2.7172
1770200592.8997 0 'robobot/drive/T0/livn' 1770200592.8996 35 37 48 76 76 42 39 45 255
1770200592.9008 0 'robobot/drive/T0/mca' 1770200592.9007 0.000 0.000 17
1770200592.9031 0 'robobot/drive/T0/vel' 1770200592.9030 104.6480 0.000 0.000 0.0000 0.000 4
1770200592.9032 0 'robobot/drive/T0/mvel' 1770200592.9032 0.000 0.000
1770200592.9042 0 'robobot/drive/T0/pose' 1770200592.9041 104.6480 0.723 0.198 1.5844 -2.7172
1770200592.9064 0 'robobot/drive/T0/ird' 1770200592.9063 0.527 0.118 4823 16378 1
1770200592.9097 0 'robobot/drive/T0/pose' 1770200592.9096 104.6530 0.723 0.198 1.5844 -2.7173
1770200592.9097 0 'robobot/drive/T0/livn' 1770200592.9097 36 37 48 76 76 42 39 45 260
1770200592.9098 0 'robobot/drive/T0/gyro' 1770200592.9097 -0.327454 -0.167847 -0.228821 104.654
1770200592.9098 0 'robobot/drive/T0/acc' 1770200592.9098 0.402588 -0.003418 0.895752 104.654
1770200592.9110 0 'robobot/drive/T0/mot' 1770200592.9109 0 0 0.1 0.1 0
1770200592.9111 0 'robobot/drive/T0/vel' 1770200592.9110 104.6560 0.000 0.000 0.0000 0.000 4
1770200592.9117 0 'robobot/drive/T0/mvel' 1770200592.9117 0.000 0.000
1770200592.9133 0 'robobot/drive/T0/liv' 1770200592.9132 28 32 44 57 68 43 37 27 25
1770200592.9144 0 'robobot/drive/T0/pose' 1770200592.9144 104.6580 0.723 0.198 1.5844 -2.7173
1770200592.9198 0 'robobot/drive/T0/pose' 1770200592.9197 104.6630 0.723 0.198 1.5844 -2.7173
1770200592.9199 0 'robobot/drive/T0/livn' 1770200592.9198 35 37 48 76 76 42 39 45 265
1770200592.9199 0 'robobot/drive/T0/vel' 1770200592.9199 104.6640 0.000 0.000 0.0000 0.000 4
1770200592.9201 0 'robobot/drive/T0/mvel' 1770200592.9201 0.000 0.000
1770200592.9221 0 'robobot/drive/T0/gyro' 1770200592.9220 -0.113831 -0.198364 -0.106750 104.666
1770200592.9222 0 'robobot/drive/T0/acc' 1770200592.9221 0.401367 -0.004395 0.895020 104.666
1770200592.9244 0 'robobot/drive/T0/pose' 1770200592.9243 104.6680 0.723 0.198 1.5844 -2.7174
1770200592.9277 0 'robobot/drive/T0/vel' 1770200592.9276 104.6720 0.000 0.000 0.0000 0.000 4
1770200592.9286 0 'robobot/drive/T0/mvel' 1770200592.9286 0.000 0.000
1770200592.9289 0 'robobot/drive/T0/pose' 1770200592.9288 104.6730 0.723 0.198 1.5844 -2.7174
1770200592.9290 0 'robobot/drive/T0/livn' 1770200592.9289 35 37 48 75 76 42 39 45 270
1770200592.9312 0 'robobot/drive/T0/ird' 1770200592.9311 0.513 0.117 4909 16477 1
1770200592.9345 0 'robobot/drive/T0/gyro' 1770200592.9344 -0.174866 -0.228882 0.167908 104.678
1770200592.9345 0 'robobot/drive/T0/acc' 1770200592.9345 0.398193 -0.008301 0.894287 104.678
1770200592.9346 0 'robobot/drive/T0/mca' 1770200592.9345 0.000 0.000 16
1770200592.9347 0 'robobot/drive/T0/pose' 1770200592.9346 104.6780 0.723 0.198 1.5844 -2.7174
1770200592.9358 0 'robobot/drive/T0/vel' 1770200592.9357 104.6800 0.000 0.000 0.0000 0.000 4
1770200592.9360 0 'robobot/drive/T0/mvel' 1770200592.9360 0.000 0.000
1770200592.9391 0 'robobot/drive/T0/pose' 1770200592.9390 104.6830 0.723 0.198 1.5844 -2.7175
1770200592.9392 0 'robobot/drive/T0/livn' 1770200592.9391 35 37 48 75 76 42 39 45 275
1770200592.9436 0 'robobot/drive/T0/vel' 1770200592.9435 104.6880 0.000 0.000 0.0000 0.000 4
1770200592.9437 0 'robobot/drive/T0/mot' 1770200592.9436 0 0 0.1 0.1 0
1770200592.9445 0 'robobot/drive/T0/mvel' 1770200592.9445 0.000 0.000
1770200592.9448 0 'robobot/drive/T0/pose' 1770200592.9447 104.6880 0.723 0.198 1.5844 -2.7175
1770200592.9459 0 'robobot/drive/T0/gyro' 1770200592.9459 -0.083313 -0.045776 -0.015198 104.690
1770200592.9460 0 'robobot/drive/T0/acc' 1770200592.9459 0.398682 -0.008789 0.895996 104.690
1770200592.9492 0 'robobot/drive/T0/pose' 1770200592.9492 104.6930 0.723 0.198 1.5844 -2.7176
1770200592.9493 0 'robobot/drive/T0/livn' 1770200592.9492 35 37 48 75 76 42 39 45 280
1770200592.9515 0 'robobot/drive/T0/vel' 1770200592.9515 104.6960 0.000 0.000 0.0000 0.000 4
1770200592.9519 0 'robobot/drive/T0/mvel' 1770200592.9519 0.000 0.000
1770200592.9548 0 'robobot/drive/T0/pose' 1770200592.9547 104.6980 0.723 0.198 1.5844 -2.7176
1770200592.9559 0 'robobot/drive/T0/ird' 1770200592.9558 0.494 0.117 5040 16457 1
1770200592.9581 0 'robobot/drive/T0/gyro' 1770200592.9580 0.038757 -0.289917 -0.137268 104.702
1770200592.9582 0 'robobot/drive/T0/acc' 1770200592.9581 0.401123 -0.007812 0.889160 104.702
1770200592.9593 0 'robobot/drive/T0/pose' 1770200592.9592 104.7030 0.723 0.198 1.5844 -2.7176
1770200592.9594 0 'robobot/drive/T0/livn' 1770200592.9593 36 37 48 75 76 42 39 44 285
1770200592.9594 0 'robobot/drive/T0/vel' 1770200592.9594 104.7040 0.000 0.000 0.0000 0.000 4
1770200592.9604 0 'robobot/drive/T0/mvel' 1770200592.9603 0.000 0.000
1770200592.9637 0 'robobot/drive/T0/liv' 1770200592.9637 30 37 45 55 66 40 35 30 25
1770200592.9649 0 'robobot/drive/T0/pose' 1770200592.9648 104.7080 0.723 0.198 1.5844 -2.7176
1770200592.9670 0 'robobot/drive/T0/mca' 1770200592.9670 0.000 0.000 17
1770200592.9671 0 'robobot/drive/T0/vel' 1770200592.9670 104.7120 0.000 0.000 0.0000 0.000 4
1770200592.9678 0 'robobot/drive/T0/mvel' 1770200592.9677 0.000 0.000
1770200592.9693 0 'robobot/drive/T0/pose' 1770200592.9692 104.7130 0.723 0.198 1.5844 -2.7176
1770200592.9694 0 'robobot/drive/T0/livn' 1770200592.9693 36 37 48 75 76 42 39 44 290
1770200592.9705 0 'robobot/drive/T0/gyro' 1770200592.9704 0.099792 -0.259399 -0.228821 104.714
1770200592.9706 0 'robobot/drive/T0/acc' 1770200592.9705 0.407959 -0.004395 0.900391 104.714
1770200592.9749 0 'robobot/drive/T0/pose' 1770200592.9748 104.7180 0.723 0.198 1.5844 -2.7176
1770200592.9760 0 'robobot/drive/T0/vel' 1770200592.9759 104.7200 0.000 0.000 0.0000 0.000 4
1770200592.9762 0 'robobot/drive/T0/mvel' 1770200592.9762 0.000 0.000
1770200592.9771 0 'robobot/drive/T0/mot' 1770200592.9770 0 0 0.1 0.1 0
1770200592.9793 0 'robobot/drive/T0/pose' 1770200592.9792 104.7230 0.723 0.198 1.5844 -2.7176
1770200592.9793 0 'robobot/drive/T0/livn' 1770200592.9793 36 37 48 75 76 42 39 44 295
1770200592.9815 0 'robobot/drive/T0/ird' 1770200592.9815 0.481 0.117 5140 16497 1
1770200592.9816 0 'robobot/drive/T0/gyro' 1770200592.9815 -0.022278 -0.167847 -0.015198 104.726
1770200592.9817 0 'robobot/drive/T0/acc' 1770200592.9816 0.405762 -0.003906 0.895752 104.726
1770200592.9839 0 'robobot/drive/T0/vel' 1770200592.9838 104.7280 0.000 0.000 0.0000 0.000 4
1770200592.9840 0 'robobot/drive/T0/pose' 1770200592.9839 104.7280 0.723 0.198 1.5844 -2.7176
1770200592.9847 0 'robobot/drive/T0/mvel' 1770200592.9846 0.000 0.000
1770200592.9893 0 'robobot/drive/T0/pose' 1770200592.9892 104.7330 0.723 0.198 1.5844 -2.7177
1770200592.9894 0 'robobot/drive/T0/livn' 1770200592.9893 36 37 48 75 76 42 39 44 300
1770200592.9916 0 'robobot/drive/T0/vel' 1770200592.9915 104.7360 0.000 0.000 0.0000 0.000 4
1770200592.9920 0 'robobot/drive/T0/mvel' 1770200592.9920 0.000 0.000
1770200592.9938 0 'robobot/drive/T0/gyro' 1770200592.9937 0.191345 0.015259 0.198425 104.738
1770200592.9938 0 'robobot/drive/T0/acc' 1770200592.9938 0.409912 -0.000488 0.898193 104.738
1770200592.9939 0 'robobot/drive/T0/pose' 1770200592.9938 104.7390 0.723 0.198 1.5844 -2.7176
1770200592.9993 0 'robobot/drive/T0/pose' 1770200592.9992 104.7440 0.723 0.198 1.5844 -2.7176
1770200592.9993 0 'robobot/drive/T0/livn' 1770200592.9993 34 44 52 78 76 31 35 39 4
1770200592.9994 0 'robobot/drive/T0/vel' 1770200592.9993 104.7440 0.000 0.000 0.0000 0.000 4
1770200592.9995 0 'robobot/drive/T0/mvel' 1770200592.9994 0.000 0.000
1770200593.0005 0 'robobot/drive/T0/mca' 1770200593.0005 0.000 0.000 16
1770200593.0048 0 'robobot/drive/T0/pose' 1770200593.0047 104.7490 0.723 0.198 1.5844 -2.7176
1770200593.0059 0 'robobot/drive/T0/gyro' 1770200593.0059 -0.083313 -0.106812 -0.045715 104.750
1770200593.0060 0 'robobot/drive/T0/acc' 1770200593.0059 0.403809 0.000244 0.887939 104.750
1770200593.0061 0 'robobot/drive/T0/ird' 1770200593.0060 0.481 0.117 5136 16497 1
1770200593.0072 0 'robobot/drive/T0/vel' 1770200593.0072 104.7520 0.000 0.000 0.0000 0.000 4
1770200593.0079 0 'robobot/drive/T0/mvel' 1770200593.0078 0.000 0.000
1770200593.0094 0 'robobot/drive/T0/livn' 1770200593.0093 31 40 53 81 77 35 38 47 9
1770200593.0095 0 'robobot/drive/T0/pose' 1770200593.0094 104.7540 0.723 0.198 1.5844 -2.7176
1770200593.0106 0 'robobot/drive/T0/mot' 1770200593.0105 0 0 0.1 0.1 0
1770200593.0138 0 'robobot/drive/T0/liv' 1770200593.0137 25 37 47 57 66 37 38 32 25
1770200593.0149 0 'robobot/drive/T0/pose' 1770200593.0149 104.7590 0.723 0.198 1.5844 -2.7176
1770200593.0150 0 'robobot/drive/T0/vel' 1770200593.0150 104.7600 0.000 0.000 0.0000 0.000 4
1770200593.0152 0 'robobot/drive/T0/mvel' 1770200593.0152 0.000 0.000
1770200593.0183 0 'robobot/drive/T0/gyro' 1770200593.0182 -0.083313 -0.350952 -0.045715 104.762
1770200593.0183 0 'robobot/drive/T0/acc' 1770200593.0183 0.405762 0.005371 0.890869 104.762
1770200593.0195 0 'robobot/drive/T0/livn' 1770200593.0194 29 41 53 81 73 36 40 48 14
1770200593.0195 0 'robobot/drive/T0/pose' 1770200593.0195 104.7640 0.723 0.198 1.5844 -2.7176
1770200593.0238 0 'robobot/drive/T0/vel' 1770200593.0238 104.7680 0.000 0.000 0.0000 0.000 4
1770200593.0247 0 'robobot/drive/T0/mvel' 1770200593.0247 0.000 0.000
1770200593.0250 0 'robobot/drive/T0/pose' 1770200593.0249 104.7690 0.723 0.198 1.5844 -2.7176
1770200593.0293 0 'robobot/drive/T0/livn' 1770200593.0292 27 39 51 79 74 37 40 48 19
1770200593.0293 0 'robobot/drive/T0/pose' 1770200593.0293 104.7740 0.723 0.198 1.5844 -2.7176
1770200593.0305 0 'robobot/drive/T0/gyro' 1770200593.0304 -0.235901 -0.411987 -0.198303 104.774
1770200593.0305 0 'robobot/drive/T0/acc' 1770200593.0305 0.404541 0.000488 0.872559 104.774
1770200593.0316 0 'robobot/drive/T0/ird' 1770200593.0316 0.505 0.118 4965 16371 1
1770200593.0317 0 'robobot/drive/T0/vel' 1770200593.0316 104.7760 0.000 0.000 0.0000 0.000 4
1770200593.0321 0 'robobot/drive/T0/mvel' 1770200593.0321 0.000 0.000
1770200593.0328 0 'robobot/drive/T0/mca' 1770200593.0328 0.000 0.000 17
1770200593.0350 0 'robobot/drive/T0/pose' 1770200593.0349 104.7790 0.723 0.198 1.5844 -2.7176
1770200593.0393 0 'robobot/drive/T0/livn' 1770200593.0392 29 39 50 79 74 39 39 45 24
1770200593.0394 0 'robobot/drive/T0/vel' 1770200593.0393 104.7840 0.000 0.000 0.0000 0.000 4
1770200593.0395 0 'robobot/drive/T0/mvel' 1770200593.0394 0.000 0.000
1770200593.0395 0 'robobot/drive/T0/pose' 1770200593.0394 104.7840 0.723 0.198 1.5844 -2.7177
1770200593.0417 0 'robobot/drive/T0/gyro' 1770200593.0416 0.069275 0.106812 -0.015198 104.786
1770200593.0418 0 'robobot/drive/T0/acc' 1770200593.0417 0.413330 0.002930 0.924805 104.786
1770200593.0429 0 'robobot/drive/T0/mot' 1770200593.0428 0 0 0.1 0.1 0
1770200593.0451 0 'robobot/drive/T0/pose' 1770200593.0450 104.7890 0.723 0.198 1.5844 -2.7177
1770200593.0472 0 'robobot/drive/T0/vel' 1770200593.0472 104.7920 0.000 0.000 0.0000 0.000 4
1770200593.0479 0 'robobot/drive/T0/mvel' 1770200593.0479 0.000 0.000
1770200593.0494 0 'robobot/drive/T0/livn' 1770200593.0493 29 38 49 78 74 40 41 48 29
1770200593.0495 0 'robobot/drive/T0/pose' 1770200593.0494 104.7940 0.723 0.198 1.5844 -2.7176
1770200593.0538 0 'robobot/drive/T0/gyro' 1770200593.0537 -0.113831 0.259399 0.106873 104.798
1770200593.0539 0 'robobot/drive/T0/acc' 1770200593.0538 0.414062 0.004883 0.897461 104.798
1770200593.0550 0 'robobot/drive/T0/pose' 1770200593.0550 104.7990 0.723 0.198 1.5844 -2.7175
1770200593.0551 0 'robobot/drive/T0/vel' 1770200593.0550 104.8000 0.000 0.000 0.0000 0.000 4
1770200593.0553 0 'robobot/drive/T0/mvel' 1770200593.0553 0.000 0.000
1770200593.0562 0 'robobot/drive/T0/ird' 1770200593.0562 0.525 0.117 4831 16516 1
1770200593.0595 0 'robobot/drive/T0/livn' 1770200593.0594 30 38 50 77 73 39 41 49 34
1770200593.0595 0 'robobot/drive/T0/pose' 1770200593.0595 104.8040 0.723 0.198 1.5844 -2.7176
1770200593.0638 0 'robobot/drive/T0/liv' 1770200593.0637 24 33 46 58 64 40 37 33 25
1770200593.0638 0 'robobot/drive/T0/vel' 1770200593.0638 104.8080 0.000 0.000 0.0000 0.000 4
1770200593.0648 0 'robobot/drive/T0/mvel' 1770200593.0648 0.000 0.000
1770200593.0650 0 'robobot/drive/T0/pose' 1770200593.0649 104.8090 0.723 0.198 1.5844 -2.7176
1770200593.0661 0 'robobot/drive/T0/gyro' 1770200593.0661 -0.205383 0.076294 -0.198303 104.810
1770200593.0662 0 'robobot/drive/T0/acc' 1770200593.0661 0.398682 -0.002686 0.869141 104.810
1770200593.0663 0 'robobot/drive/T0/mca' 1770200593.0662 0.000 0.000 16
1770200593.0695 0 'robobot/drive/T0/livn' 1770200593.0694 31 38 49 77 74 39 41 48 39
1770200593.0696 0 'robobot/drive/T0/pose' 1770200593.0695 104.8140 0.723 0.198 1.5844 -2.7175
1770200593.0717 0 'robobot/drive/T0/vel' 1770200593.0717 104.8160 0.000 0.000 0.0000 0.000 4
1770200593.0722 0 'robobot/drive/T0/mvel' 1770200593.0722 0.000 0.000
1770200593.0750 0 'robobot/drive/T0/pose' 1770200593.0749 104.8190 0.723 0.198 1.5844 -2.7176
1770200593.0761 0 'robobot/drive/T0/mot' 1770200593.0760 0 0 0.1 0.1 0
1770200593.0783 0 'robobot/drive/T0/gyro' 1770200593.0782 -0.205383 -0.259399 0.045837 104.822
1770200593.0784 0 'robobot/drive/T0/acc' 1770200593.0783 0.396729 -0.008057 0.910400 104.822
1770200593.0795 0 'robobot/drive/T0/livn' 1770200593.0794 31 37 49 77 74 39 41 47 44
1770200593.0795 0 'robobot/drive/T0/vel' 1770200593.0795 104.8240 0.000 0.000 0.0000 0.000 4
1770200593.0796 0 'robobot/drive/T0/mvel' 1770200593.0796 0.000 0.000
1770200593.0796 0 'robobot/drive/T0/pose' 1770200593.0795 104.8240 0.723 0.198 1.5844 -2.7176
1770200593.0818 0 'robobot/drive/T0/ird' 1770200593.0817 0.550 0.117 4683 16461 1
1770200593.0850 0 'robobot/drive/T0/pose' 1770200593.0849 104.8290 0.723 0.198 1.5844 -2.7176
1770200593.0872 0 'robobot/drive/T0/vel' 1770200593.0871 104.8320 0.000 0.000 0.0000 0.000 4
1770200593.0880 0 'robobot/drive/T0/mvel' 1770200593.0880 0.000 0.000
1770200593.0894 0 'robobot/drive/T0/livn' 1770200593.0893 30 37 48 76 74 39 41 48 49
1770200593.0895 0 'robobot/drive/T0/pose' 1770200593.0894 104.8340 0.723 0.198 1.5844 -2.7176
1770200593.0906 0 'robobot/drive/T0/gyro' 1770200593.0905 -0.357971 -0.656128 -0.015198 104.834
1770200593.0907 0 'robobot/drive/T0/acc' 1770200593.0906 0.408447 -0.009033 0.890869 104.834
1770200593.0950 0 'robobot/drive/T0/pose' 1770200593.0949 104.8390 0.723 0.198 1.5844 -2.7177
1770200593.0961 0 'robobot/drive/T0/vel' 1770200593.0960 104.8400 0.000 0.000 0.0000 0.000 4
1770200593.0964 0 'robobot/drive/T0/mvel' 1770200593.0964 0.000 0.000
1770200593.0993 0 'robobot/drive/T0/mca' 1770200593.0993 0.000 0.000 17
1770200593.0994 0 'robobot/drive/T0/livn' 1770200593.0993 30 38 49 76 74 39 41 49 54
1770200593.0995 0 'robobot/drive/T0/pose' 1770200593.0994 104.8440 0.723 0.198 1.5844 -2.7177
1770200593.1016 0 'robobot/drive/T0/gyro' 1770200593.1016 -0.144348 0.015259 -0.015198 104.846
1770200593.1017 0 'robobot/drive/T0/acc' 1770200593.1016 0.407471 -0.010254 0.880371 104.846
1770200593.1039 0 'robobot/drive/T0/vel' 1770200593.1038 104.8480 0.000 0.000 0.0000 0.000 4
1770200593.1049 0 'robobot/drive/T0/mvel' 1770200593.1049 0.000 0.000
1770200593.1050 0 'robobot/drive/T0/pose' 1770200593.1050 104.8490 0.723 0.198 1.5844 -2.7177
1770200593.1062 0 'robobot/drive/T0/ird' 1770200593.1061 0.556 0.117 4648 16488 1
1770200593.1094 0 'robobot/drive/T0/mot' 1770200593.1093 0 0 0.1 0.1 0
1770200593.1094 0 'robobot/drive/T0/livn' 1770200593.1094 30 37 49 77 75 39 40 48 59
1770200593.1095 0 'robobot/drive/T0/pose' 1770200593.1094 104.8540 0.723 0.198 1.5844 -2.7177
1770200593.1117 0 'robobot/drive/T0/vel' 1770200593.1116 104.8560 0.000 0.000 0.0000 0.000 4
1770200593.1123 0 'robobot/drive/T0/mvel' 1770200593.1123 0.000 0.000
1770200593.1139 0 'robobot/drive/T0/liv' 1770200593.1138 23 34 47 59 70 39 35 32 25
1770200593.1140 0 'robobot/drive/T0/gyro' 1770200593.1139 0.160828 -0.076294 -0.289856 104.858
1770200593.1140 0 'robobot/drive/T0/acc' 1770200593.1140 0.404541 -0.006592 0.896729 104.858
1770200593.1141 0 'robobot/drive/T0/pose' 1770200593.1140 104.8590 0.723 0.198 1.5844 -2.7177
1770200593.1195 0 'robobot/drive/T0/livn' 1770200593.1194 31 37 49 76 75 40 40 48 64
1770200593.1196 0 'robobot/drive/T0/vel' 1770200593.1195 104.8640 0.000 0.000 0.0000 0.000 4
1770200593.1196 0 'robobot/drive/T0/pose' 1770200593.1196 104.8640 0.723 0.198 1.5844 -2.7177
1770200593.1197 0 'robobot/drive/T0/mvel' 1770200593.1196 0.000 0.000
1770200593.1250 0 'robobot/drive/T0/pose' 1770200593.1249 104.8690 0.723 0.198 1.5844 -2.7177
1770200593.1262 0 'robobot/drive/T0/gyro' 1770200593.1261 0.160828 -0.106812 -0.045715 104.870
1770200593.1262 0 'robobot/drive/T0/acc' 1770200593.1262 0.409424 -0.011475 0.896240 104.870
1770200593.1274 0 'robobot/drive/T0/vel' 1770200593.1273 104.8720 0.000 0.000 0.0000 0.000 4
1770200593.1281 0 'robobot/drive/T0/mvel' 1770200593.1281 0.000 0.000
1770200593.1296 0 'robobot/drive/T0/livn' 1770200593.1296 31 37 49 76 76 40 39 47 69
1770200593.1297 0 'robobot/drive/T0/pose' 1770200593.1297 104.8740 0.723 0.198 1.5844 -2.7177
1770200593.1311 0 'robobot/drive/T0/ird' 1770200593.1310 0.559 0.117 4628 16452 1
1770200593.1323 0 'robobot/drive/T0/mca' 1770200593.1322 0.000 0.000 16
1770200593.1356 0 'robobot/drive/T0/pose' 1770200593.1355 104.8790 0.723 0.198 1.5844 -2.7177
1770200593.1357 0 'robobot/drive/T0/vel' 1770200593.1356 104.8800 0.000 0.000 0.0000 0.000 4
1770200593.1367 0 'robobot/drive/T0/mvel' 1770200593.1367 0.000 0.000
1770200593.1380 0 'robobot/drive/T0/gyro' 1770200593.1378 0.069275 -0.228882 0.259460 104.882
1770200593.1381 0 'robobot/drive/T0/acc' 1770200593.1380 0.411377 -0.002930 0.895508 104.882
1770200593.1392 0 'robobot/drive/T0/livn' 1770200593.1391 31 37 49 77 76 40 39 47 74
1770200593.1404 0 'robobot/drive/T0/pose' 1770200593.1403 104.8840 0.723 0.198 1.5844 -2.7176
1770200593.1426 0 'robobot/drive/T0/mot' 1770200593.1425 0 0 0.1 0.1 0
1770200593.1437 0 'robobot/drive/T0/vel' 1770200593.1436 104.8880 0.000 0.000 0.0000 0.000 4
1770200593.1441 0 'robobot/drive/T0/mvel' 1770200593.1441 0.000 0.000
1770200593.1449 0 'robobot/drive/T0/pose' 1770200593.1448 104.8890 0.723 0.198 1.5844 -2.7176
1770200593.1492 0 'robobot/drive/T0/livn' 1770200593.1491 32 37 49 77 76 40 39 46 79
1770200593.1504 0 'robobot/drive/T0/pose' 1770200593.1502 104.8940 0.723 0.198 1.5844 -2.7176
1770200593.1504 0 'robobot/drive/T0/gyro' 1770200593.1504 0.099792 -0.228882 -0.106750 104.894
1770200593.1505 0 'robobot/drive/T0/acc' 1770200593.1504 0.412598 -0.000732 0.881836 104.894
1770200593.1516 0 'robobot/drive/T0/vel' 1770200593.1516 104.8960 0.000 0.000 0.0000 0.000 4
1770200593.1526 0 'robobot/drive/T0/mvel' 1770200593.1526 0.000 0.000
1770200593.1549 0 'robobot/drive/T0/pose' 1770200593.1548 104.8990 0.723 0.198 1.5844 -2.7175
1770200593.1560 0 'robobot/drive/T0/ird' 1770200593.1559 0.538 0.117 4749 16460 1
1770200593.1593 0 'robobot/drive/T0/livn' 1770200593.1592 32 37 49 77 77 40 39 46 84
1770200593.1593 0 'robobot/drive/T0/vel' 1770200593.1593 104.9040 0.000 0.000 0.0000 0.000 4
1770200593.1600 0 'robobot/drive/T0/mvel' 1770200593.1600 0.000 0.000
1770200593.1605 0 'robobot/drive/T0/pose' 1770200593.1604 104.9040 0.723 0.198 1.5844 -2.7174
1770200593.1627 0 'robobot/drive/T0/gyro' 1770200593.1626 0.191345 0.381470 -0.259338 104.906
1770200593.1627 0 'robobot/drive/T0/acc' 1770200593.1627 0.416748 0.004395 0.892334 104.906
1770200593.1639 0 'robobot/drive/T0/liv' 1770200593.1638 29 34 46 61 72 40 33 27 25
1770200593.1650 0 'robobot/drive/T0/pose' 1770200593.1649 104.9090 0.723 0.198 1.5844 -2.7173
1770200593.1650 0 'robobot/drive/T0/mca' 1770200593.1650 0.000 0.000 17
1770200593.1672 0 'robobot/drive/T0/vel' 1770200593.1672 104.9120 0.000 0.000 0.0000 0.000 4
1770200593.1673 0 'robobot/drive/T0/mvel' 1770200593.1673 0.000 0.000
1770200593.1694 0 'robobot/drive/T0/livn' 1770200593.1693 32 38 49 77 76 40 39 45 89
1770200593.1705 0 'robobot/drive/T0/pose' 1770200593.1705 104.9140 0.723 0.198 1.5844 -2.7173
1770200593.1738 0 'robobot/drive/T0/gyro' 1770200593.1737 0.160828 0.198364 -0.228821 104.918
1770200593.1739 0 'robobot/drive/T0/acc' 1770200593.1738 0.404785 0.003174 0.896484 104.918
1770200593.1750 0 'robobot/drive/T0/pose' 1770200593.1749 104.9190 0.723 0.198 1.5844 -2.7172
1770200593.1751 0 'robobot/drive/T0/mot' 1770200593.1750 0 0 0.1 0.1 0
1770200593.1752 0 'robobot/drive/T0/vel' 1770200593.1751 104.9200 0.000 0.000 0.0000 0.000 4
1770200593.1758 0 'robobot/drive/T0/mvel' 1770200593.1757 0.000 0.000
1770200593.1795 0 'robobot/drive/T0/livn' 1770200593.1794 32 38 49 77 76 40 39 45 94
1770200593.1806 0 'robobot/drive/T0/pose' 1770200593.1805 104.9240 0.723 0.198 1.5844 -2.7172
1770200593.1817 0 'robobot/drive/T0/ird' 1770200593.1816 0.527 0.117 4818 16477 1
1770200593.1839 0 'robobot/drive/T0/vel' 1770200593.1838 104.9280 0.000 0.000 0.0000 0.000 4
1770200593.1842 0 'robobot/drive/T0/mvel' 1770200593.1842 0.000 0.000
1770200593.1850 0 'robobot/drive/T0/pose' 1770200593.1850 104.9290 0.723 0.198 1.5844 -2.7172
1770200593.1862 0 'robobot/drive/T0/gyro' 1770200593.1861 0.160828 -0.076294 -0.045715 104.930
1770200593.1863 0 'robobot/drive/T0/acc' 1770200593.1862 0.398926 0.000732 0.881592 104.930
1770200593.1895 0 'robobot/drive/T0/livn' 1770200593.1894 32 38 49 76 76 40 40 45 99
1770200593.1906 0 'robobot/drive/T0/pose' 1770200593.1906 104.9340 0.723 0.198 1.5844 -2.7172
1770200593.1918 0 'robobot/drive/T0/vel' 1770200593.1917 104.9360 0.000 0.000 0.0000 0.000 4
1770200593.1926 0 'robobot/drive/T0/mvel' 1770200593.1926 0.000 0.000
1770200593.1950 0 'robobot/drive/T0/pose' 1770200593.1949 104.9390 0.723 0.198 1.5844 -2.7173
1770200593.1983 0 'robobot/drive/T0/gyro' 1770200593.1982 -0.113831 -0.106812 -0.015198 104.942
1770200593.1983 0 'robobot/drive/T0/acc' 1770200593.1983 0.403320 0.003662 0.893555 104.942
1770200593.1984 0 'robobot/drive/T0/mca' 1770200593.1983 0.000 0.000 16
1770200593.1995 0 'robobot/drive/T0/livn' 1770200593.1994 32 37 49 76 76 40 40 45 104
1770200593.1996 0 'robobot/drive/T0/vel' 1770200593.1995 104.9440 0.000 0.000 0.0000 0.000 4
1770200593.1997 0 'robobot/drive/T0/pose' 1770200593.1996 104.9440 0.723 0.198 1.5844 -2.7173
1770200593.2000 0 'robobot/drive/T0/mvel' 1770200593.2000 0.000 0.000
1770200593.2050 0 'robobot/drive/T0/pose' 1770200593.2049 104.9490 0.723 0.198 1.5844 -2.7173
1770200593.2062 0 'robobot/drive/T0/ird' 1770200593.2061 0.513 0.118 4912 16379 1
1770200593.2073 0 'robobot/drive/T0/vel' 1770200593.2072 104.9520 0.000 0.000 0.0000 0.000 4
1770200593.2074 0 'robobot/drive/T0/mvel' 1770200593.2074 0.000 0.000
1770200593.2084 0 'robobot/drive/T0/mot' 1770200593.2083 0 0 0.1 0.1 0
1770200593.2095 0 'robobot/drive/T0/livn' 1770200593.2094 32 37 49 76 76 40 40 45 109
1770200593.2106 0 'robobot/drive/T0/pose' 1770200593.2106 104.9540 0.723 0.198 1.5844 -2.7173
1770200593.2107 0 'robobot/drive/T0/gyro' 1770200593.2106 -0.144348 0.106812 -0.198303 104.954
1770200593.2108 0 'robobot/drive/T0/acc' 1770200593.2107 0.397949 -0.000732 0.891357 104.954
1770200593.2130 0 'robobot/drive/T0/liv' 1770200593.2129 23 33 45 55 66 38 37 29 25
1770200593.2152 0 'robobot/drive/T0/pose' 1770200593.2151 104.9590 0.723 0.198 1.5844 -2.7173
1770200593.2152 0 'robobot/drive/T0/vel' 1770200593.2152 104.9600 0.000 0.000 0.0000 0.000 4
1770200593.2158 0 'robobot/drive/T0/mvel' 1770200593.2158 0.000 0.000
1770200593.2195 0 'robobot/drive/T0/livn' 1770200593.2195 31 37 49 76 76 40 40 45 114
1770200593.2196 0 'robobot/drive/T0/pose' 1770200593.2196 104.9640 0.723 0.198 1.5844 -2.7173
1770200593.2218 0 'robobot/drive/T0/gyro' 1770200593.2217 -0.235901 0.106812 0.015320 104.966
1770200593.2219 0 'robobot/drive/T0/acc' 1770200593.2218 0.391602 -0.003418 0.899414 104.966
1770200593.2241 0 'robobot/drive/T0/vel' 1770200593.2240 104.9680 0.000 0.000 0.0000 0.000 4
1770200593.2242 0 'robobot/drive/T0/mvel' 1770200593.2242 0.000 0.000
1770200593.2252 0 'robobot/drive/T0/pose' 1770200593.2251 104.9690 0.723 0.198 1.5844 -2.7173
1770200593.2295 0 'robobot/drive/T0/livn' 1770200593.2294 31 36 48 76 76 40 40 45 119
1770200593.2306 0 'robobot/drive/T0/pose' 1770200593.2306 104.9740 0.723 0.198 1.5844 -2.7174
1770200593.2307 0 'robobot/drive/T0/mca' 1770200593.2306 0.000 0.000 17
1770200593.2318 0 'robobot/drive/T0/ird' 1770200593.2317 0.508 0.117 4942 16504 1
1770200593.2319 0 'robobot/drive/T0/vel' 1770200593.2318 104.9760 0.000 0.000 0.0000 0.000 4
1770200593.2327 0 'robobot/drive/T0/mvel' 1770200593.2326 0.000 0.000
1770200593.2341 0 'robobot/drive/T0/gyro' 1770200593.2340 -0.174866 -0.045776 0.167908 104.978
1770200593.2342 0 'robobot/drive/T0/acc' 1770200593.2341 0.395508 -0.005859 0.895264 104.978
1770200593.2353 0 'robobot/drive/T0/pose' 1770200593.2352 104.9790 0.723 0.198 1.5844 -2.7174
1770200593.2396 0 'robobot/drive/T0/livn' 1770200593.2395 31 36 48 76 76 40 39 45 124
1770200593.2397 0 'robobot/drive/T0/vel' 1770200593.2396 104.9840 0.000 0.000 0.0000 0.000 4
1770200593.2398 0 'robobot/drive/T0/pose' 1770200593.2397 104.9840 0.723 0.198 1.5844 -2.7175
1770200593.2401 0 'robobot/drive/T0/mvel' 1770200593.2400 0.000 0.000
1770200593.2409 0 'robobot/drive/T0/mot' 1770200593.2408 0 0 0.1 0.1 0
1770200593.2452 0 'robobot/drive/T0/pose' 1770200593.2451 104.9890 0.723 0.198 1.5844 -2.7175
1770200593.2463 0 'robobot/drive/T0/gyro' 1770200593.2462 -0.052795 -0.076294 -0.106750 104.990
1770200593.2464 0 'robobot/drive/T0/acc' 1770200593.2463 0.403564 -0.004150 0.891846 104.990
1770200593.2475 0 'robobot/drive/T0/vel' 1770200593.2475 104.9920 0.000 0.000 0.0000 0.000 4
1770200593.2485 0 'robobot/drive/T0/mvel' 1770200593.2485 0.000 0.000
1770200593.2497 0 'robobot/drive/T0/livn' 1770200593.2496 30 36 48 76 76 40 39 45 129
1770200593.2498 0 'robobot/drive/T0/pose' 1770200593.2497 104.9940 0.723 0.198 1.5844 -2.7175
1770200593.2552 0 'robobot/drive/T0/pose' 1770200593.2551 104.9990 0.723 0.198 1.5844 -2.7175
1770200593.2552 0 'robobot/drive/T0/vel' 1770200593.2552 105.0000 0.000 0.000 0.0000 0.000 4
1770200593.2559 0 'robobot/drive/T0/mvel' 1770200593.2559 0.000 0.000
1770200593.2563 0 'robobot/drive/T0/ird' 1770200593.2563 0.518 0.117 4879 16456 1
1770200593.2585 0 'robobot/drive/T0/gyro' 1770200593.2585 -0.327454 -0.015259 -0.381409 105.002
1770200593.2586 0 'robobot/drive/T0/acc' 1770200593.2585 0.406738 -0.003174 0.893311 105.002
1770200593.2597 0 'robobot/drive/T0/livn' 1770200593.2597 30 36 48 76 76 40 40 46 134
1770200593.2598 0 'robobot/drive/T0/pose' 1770200593.2597 105.0040 0.723 0.198 1.5844 -2.7175
1770200593.2631 0 'robobot/drive/T0/liv' 1770200593.2630 19 27 44 61 68 38 35 37 25
1770200593.2631 0 'robobot/drive/T0/vel' 1770200593.2631 105.0080 0.000 0.000 0.0000 0.000 4
1770200593.2632 0 'robobot/drive/T0/mvel' 1770200593.2632 0.000 0.000
1770200593.2642 0 'robobot/drive/T0/mca' 1770200593.2642 0.000 0.000 16
1770200593.2654 0 'robobot/drive/T0/hbt' 1770200593.2653 105.0090 107 1033 15.65 4 8 8.9 0.31 0
1770200593.2655 0 'robobot/drive/T0/pose' 1770200593.2654 105.0090 0.723 0.198 1.5844 -2.7175
1770200593.2698 0 'robobot/drive/T0/livn' 1770200593.2697 31 36 48 76 76 40 39 46 139
1770200593.2698 0 'robobot/drive/T0/pose' 1770200593.2698 105.0140 0.723 0.198 1.5844 -2.7176
1770200593.2699 0 'robobot/drive/T0/gyro' 1770200593.2698 -0.052795 -0.045776 -0.320374 105.014
1770200593.2700 0 'robobot/drive/T0/acc' 1770200593.2699 0.401855 -0.007568 0.894531 105.014
1770200593.2711 0 'robobot/drive/T0/vel' 1770200593.2710 105.0160 0.000 0.000 0.0000 0.000 4
1770200593.2717 0 'robobot/drive/T0/mvel' 1770200593.2717 0.000 0.000
1770200593.2743 0 'robobot/drive/T0/mot' 1770200593.2743 0 0 0.1 0.1 0
1770200593.2755 0 'robobot/drive/T0/pose' 1770200593.2754 105.0190 0.723 0.198 1.5844 -2.7176
1770200593.2798 0 'robobot/drive/T0/livn' 1770200593.2797 31 36 47 76 76 40 39 45 144
1770200593.2798 0 'robobot/drive/T0/vel' 1770200593.2798 105.0240 0.000 0.000 0.0000 0.000 4
1770200593.2799 0 'robobot/drive/T0/pose' 1770200593.2798 105.0240 0.723 0.198 1.5844 -2.7176
1770200593.2801 0 'robobot/drive/T0/mvel' 1770200593.2801 0.000 0.000
1770200593.2810 0 'robobot/drive/T0/ird' 1770200593.2810 0.525 0.117 4830 16558 1
1770200593.2822 0 'robobot/drive/T0/gyro' 1770200593.2821 -0.235901 -0.289917 -0.076233 105.026
1770200593.2822 0 'robobot/drive/T0/acc' 1770200593.2822 0.404053 -0.006348 0.897461 105.026
1770200593.2855 0 'robobot/drive/T0/pose' 1770200593.2854 105.0290 0.723 0.198 1.5844 -2.7176
1770200593.2877 0 'robobot/drive/T0/vel' 1770200593.2876 105.0320 0.000 0.000 0.0000 0.000 4
1770200593.2885 0 'robobot/drive/T0/mvel' 1770200593.2885 0.000 0.000
1770200593.2899 0 'robobot/drive/T0/livn' 1770200593.2898 31 36 47 76 76 39 39 45 149
1770200593.2900 0 'robobot/drive/T0/pose' 1770200593.2899 105.0340 0.723 0.198 1.5844 -2.7176
1770200593.2943 0 'robobot/drive/T0/gyro' 1770200593.2942 -0.083313 -0.289917 -0.198303 105.038
1770200593.2944 0 'robobot/drive/T0/acc' 1770200593.2943 0.408447 -0.004150 0.892578 105.038
1770200593.2955 0 'robobot/drive/T0/pose' 1770200593.2954 105.0390 0.723 0.198 1.5844 -2.7176
1770200593.2956 0 'robobot/drive/T0/vel' 1770200593.2955 105.0400 0.000 0.000 0.0000 0.000 4
1770200593.2959 0 'robobot/drive/T0/mvel' 1770200593.2959 0.000 0.000
1770200593.2967 0 'robobot/drive/T0/mca' 1770200593.2966 0.000 0.000 17
1770200593.2999 0 'robobot/drive/T0/livn' 1770200593.2999 31 36 47 75 76 39 39 46 154
1770200593.3000 0 'robobot/drive/T0/pose' 1770200593.2999 105.0440 0.723 0.198 1.5844 -2.7176
1770200593.3033 0 'robobot/drive/T0/vel' 1770200593.3032 105.0480 0.000 0.000 0.0000 0.000 4
1770200593.3033 0 'robobot/drive/T0/mvel' 1770200593.3033 0.000 0.000
1770200593.3054 0 'robobot/drive/T0/pose' 1770200593.3054 105.0490 0.723 0.198 1.5844 -2.7176
1770200593.3066 0 'robobot/drive/T0/gyro' 1770200593.3065 0.130310 -0.228882 -0.198303 105.050
1770200593.3067 0 'robobot/drive/T0/acc' 1770200593.3066 0.411133 0.001465 0.895996 105.050
1770200593.3067 0 'robobot/drive/T0/ird' 1770200593.3067 0.535 0.117 4773 16544 1
1770200593.3068 0 'robobot/drive/T0/mot' 1770200593.3067 0 0 0.1 0.1 0
1770200593.3100 0 'robobot/drive/T0/livn' 1770200593.3099 31 35 47 76 76 40 39 45 159
1770200593.3101 0 'robobot/drive/T0/pose' 1770200593.3100 105.0540 0.723 0.198 1.5844 -2.7175
1770200593.3112 0 'robobot/drive/T0/vel' 1770200593.3111 105.0560 0.000 0.000 0.0000 0.000 4
1770200593.3118 0 'robobot/drive/T0/mvel' 1770200593.3117 0.000 0.000
1770200593.3134 0 'robobot/drive/T0/liv' 1770200593.3133 30 30 40 55 69 39 33 26 25
1770200593.3156 0 'robobot/drive/T0/pose' 1770200593.3155 105.0590 0.723 0.198 1.5844 -2.7175
1770200593.3177 0 'robobot/drive/T0/gyro' 1770200593.3177 0.069275 0.015259 -0.137268 105.062
1770200593.3178 0 'robobot/drive/T0/acc' 1770200593.3177 0.412109 0.000488 0.892578 105.062
1770200593.3200 0 'robobot/drive/T0/livn' 1770200593.3199 32 36 47 75 76 40 39 45 164
1770200593.3201 0 'robobot/drive/T0/vel' 1770200593.3200 105.0640 0.000 0.000 0.0000 0.000 4
1770200593.3201 0 'robobot/drive/T0/pose' 1770200593.3201 105.0640 0.723 0.198 1.5844 -2.7174
1770200593.3202 0 'robobot/drive/T0/mvel' 1770200593.3201 0.000 0.000
1770200593.3255 0 'robobot/drive/T0/pose' 1770200593.3254 105.0690 0.723 0.198 1.5844 -2.7174
1770200593.3277 0 'robobot/drive/T0/vel' 1770200593.3276 105.0720 0.000 0.000 0.0000 0.000 4
1770200593.3277 0 'robobot/drive/T0/mvel' 1770200593.3277 0.000 0.000
1770200593.3291 0 'robobot/drive/T0/livn' 1770200593.3290 32 36 47 75 76 40 39 45 169
1770200593.3303 0 'robobot/drive/T0/gyro' 1770200593.3302 -0.113831 -0.106812 0.015320 105.074
1770200593.3304 0 'robobot/drive/T0/acc' 1770200593.3303 0.410889 -0.000244 0.890137 105.074
1770200593.3304 0 'robobot/drive/T0/mca' 1770200593.3304 0.000 0.000 16
1770200593.3305 0 'robobot/drive/T0/pose' 1770200593.3304 105.0740 0.723 0.198 1.5844 -2.7173
1770200593.3327 0 'robobot/drive/T0/ird' 1770200593.3327 0.532 0.118 4787 16430 1
1770200593.3350 0 'robobot/drive/T0/pose' 1770200593.3349 105.0790 0.723 0.198 1.5844 -2.7173
1770200593.3361 0 'robobot/drive/T0/vel' 1770200593.3360 105.0800 0.000 0.000 0.0000 0.000 4
1770200593.3369 0 'robobot/drive/T0/mvel' 1770200593.3368 0.000 0.000
1770200593.3394 0 'robobot/drive/T0/livn' 1770200593.3393 32 36 47 75 76 40 39 45 174
1770200593.3406 0 'robobot/drive/T0/mot' 1770200593.3405 0 0 0.1 0.1 0
1770200593.3407 0 'robobot/drive/T0/pose' 1770200593.3406 105.0840 0.723 0.198 1.5844 -2.7173
1770200593.3419 0 'robobot/drive/T0/gyro' 1770200593.3418 -0.205383 -0.076294 0.137390 105.086
1770200593.3420 0 'robobot/drive/T0/acc' 1770200593.3419 0.405518 -0.000244 0.894531 105.086
1770200593.3431 0 'robobot/drive/T0/vel' 1770200593.3431 105.0880 0.000 0.000 0.0000 0.000 4
1770200593.3432 0 'robobot/drive/T0/mvel' 1770200593.3432 0.000 0.000
1770200593.3454 0 'robobot/drive/T0/pose' 1770200593.3453 105.0890 0.723 0.198 1.5844 -2.7172
1770200593.3497 0 'robobot/drive/T0/livn' 1770200593.3496 32 36 47 75 76 40 39 45 179
1770200593.3498 0 'robobot/drive/T0/pose' 1770200593.3497 105.0940 0.723 0.198 1.5844 -2.7172
1770200593.3520 0 'robobot/drive/T0/vel' 1770200593.3519 105.0960 0.000 0.000 0.0000 0.000 4
1770200593.3527 0 'robobot/drive/T0/mvel' 1770200593.3527 0.000 0.000
1770200593.3542 0 'robobot/drive/T0/gyro' 1770200593.3541 0.008240 -0.015259 -0.106750 105.098
1770200593.3542 0 'robobot/drive/T0/acc' 1770200593.3542 0.399902 -0.001709 0.889893 105.098
1770200593.3554 0 'robobot/drive/T0/pose' 1770200593.3553 105.0990 0.723 0.198 1.5844 -2.7172
1770200593.3565 0 'robobot/drive/T0/ird' 1770200593.3564 0.531 0.117 4792 16474 1
1770200593.3567 0 'robobot/drive/master' 1770200593.3567 2026-02-04 11:23:03.813786
1770200593.3597 0 'robobot/drive/T0/livn' 1770200593.3596 33 36 47 75 76 40 39 45 184
1770200593.3598 0 'robobot/drive/T0/vel' 1770200593.3597 105.1040 0.000 0.000 0.0000 0.000 4
1770200593.3599 0 'robobot/drive/T0/pose' 1770200593.3598 105.1040 0.723 0.198 1.5844 -2.7172
1770200593.3601 0 'robobot/drive/T0/mvel' 1770200593.3601 0.000 0.000
1770200593.3631 0 'robobot/drive/T0/mca' 1770200593.3630 0.000 0.000 17
1770200593.3631 0 'robobot/drive/T0/liv' 1770200593.3631 27 35 41 57 69 41 31 29 25
1770200593.3653 0 'robobot/drive/T0/pose' 1770200593.3653 105.1090 0.723 0.198 1.5844 -2.7172
1770200593.3665 0 'robobot/drive/T0/gyro' 1770200593.3664 -0.235901 0.320435 -0.045715 105.110
1770200593.3665 0 'robobot/drive/T0/acc' 1770200593.3665 0.398682 -0.007568 0.895264 105.110
1770200593.3677 0 'robobot/drive/T0/vel' 1770200593.3676 105.1120 0.000 0.000 0.0000 0.000 4
1770200593.3686 0 'robobot/drive/T0/mvel' 1770200593.3685 0.000 0.000
1770200593.3698 0 'robobot/drive/T0/livn' 1770200593.3698 32 36 47 75 76 40 38 45 189
1770200593.3699 0 'robobot/drive/T0/pose' 1770200593.3698 105.1140 0.723 0.198 1.5844 -2.7172
1770200593.3731 0 'robobot/drive/T0/mot' 1770200593.3731 0 0 0.1 0.1 0
1770200593.3753 0 'robobot/drive/T0/pose' 1770200593.3752 105.1190 0.723 0.198 1.5844 -2.7172
1770200593.3754 0 'robobot/drive/T0/vel' 1770200593.3753 105.1200 0.000 0.000 0.0000 0.000 4
1770200593.3759 0 'robobot/drive/T0/mvel' 1770200593.3759 0.000 0.000
1770200593.3786 0 'robobot/drive/T0/gyro' 1770200593.3786 0.008240 0.076294 -0.289856 105.122
1770200593.3787 0 'robobot/drive/T0/acc' 1770200593.3786 0.399414 -0.003662 0.894043 105.122
1770200593.3798 0 'robobot/drive/T0/livn' 1770200593.3798 32 36 47 75 76 40 38 45 194
1770200593.3799 0 'robobot/drive/T0/pose' 1770200593.3798 105.1240 0.723 0.198 1.5844 -2.7173
1770200593.3821 0 'robobot/drive/T0/ird' 1770200593.3820 0.534 0.118 4777 16378 1
1770200593.3832 0 'robobot/drive/T0/vel' 1770200593.3831 105.1280 0.000 0.000 0.0000 0.000 4
1770200593.3833 0 'robobot/drive/T0/mvel' 1770200593.3833 0.000 0.000
1770200593.3854 0 'robobot/drive/T0/pose' 1770200593.3853 105.1290 0.723 0.198 1.5844 -2.7173
1770200593.3897 0 'robobot/drive/T0/livn' 1770200593.3896 32 36 47 76 76 40 39 44 199
1770200593.3897 0 'robobot/drive/T0/gyro' 1770200593.3897 -0.052795 -0.137329 -0.015198 105.134
1770200593.3898 0 'robobot/drive/T0/acc' 1770200593.3897 0.396240 -0.002930 0.889404 105.134
1770200593.3899 0 'robobot/drive/T0/pose' 1770200593.3898 105.1340 0.723 0.198 1.5844 -2.7173
1770200593.3921 0 'robobot/drive/T0/vel' 1770200593.3920 105.1360 0.000 0.000 0.0000 0.000 4
1770200593.3928 0 'robobot/drive/T0/mvel' 1770200593.3927 0.000 0.000
1770200593.3953 0 'robobot/drive/T0/pose' 1770200593.3952 105.1390 0.723 0.198 1.5844 -2.7174
1770200593.3964 0 'robobot/drive/T0/mca' 1770200593.3964 -0.000 0.000 16
1770200593.3997 0 'robobot/drive/T0/livn' 1770200593.3996 33 37 47 75 76 41 39 44 204
1770200593.3997 0 'robobot/drive/T0/vel' 1770200593.3997 105.1440 0.000 0.000 0.0000 0.000 4
1770200593.3998 0 'robobot/drive/T0/pose' 1770200593.3997 105.1440 0.723 0.198 1.5844 -2.7174
1770200593.4002 0 'robobot/drive/T0/mvel' 1770200593.4001 0.000 0.000
1770200593.4020 0 'robobot/drive/T0/gyro' 1770200593.4019 -0.113831 -0.106812 0.015320 105.146
1770200593.4021 0 'robobot/drive/T0/acc' 1770200593.4020 0.398193 -0.004883 0.895752 105.146
1770200593.4053 0 'robobot/drive/T0/pose' 1770200593.4052 105.1490 0.723 0.198 1.5844 -2.7174
1770200593.4064 0 'robobot/drive/T0/mot' 1770200593.4064 0 0 0.1 0.1 0
1770200593.4065 0 'robobot/drive/T0/ird' 1770200593.4064 0.530 0.117 4800 16482 1
1770200593.4076 0 'robobot/drive/T0/vel' 1770200593.4075 105.1520 0.000 0.000 0.0000 0.000 4
1770200593.4086 0 'robobot/drive/T0/mvel' 1770200593.4086 0.000 0.000
1770200593.4098 0 'robobot/drive/T0/livn' 1770200593.4097 33 37 47 75 77 41 39 44 209
1770200593.4099 0 'robobot/drive/T0/pose' 1770200593.4098 105.1540 0.723 0.198 1.5844 -2.7174
1770200593.4131 0 'robobot/drive/T0/liv' 1770200593.4130 27 38 45 58 70 44 37 27 25
1770200593.4142 0 'robobot/drive/T0/gyro' 1770200593.4142 -0.205383 -0.289917 0.045837 105.158
1770200593.4143 0 'robobot/drive/T0/acc' 1770200593.4142 0.397217 -0.001709 0.877930 105.158
1770200593.4154 0 'robobot/drive/T0/pose' 1770200593.4154 105.1590 0.723 0.198 1.5844 -2.7174
1770200593.4155 0 'robobot/drive/T0/vel' 1770200593.4154 105.1600 0.000 0.000 0.0000 0.000 4
1770200593.4160 0 'robobot/drive/T0/mvel' 1770200593.4160 0.000 0.000
1770200593.4198 0 'robobot/drive/T0/livn' 1770200593.4197 33 37 47 75 77 40 39 44 214
1770200593.4199 0 'robobot/drive/T0/pose' 1770200593.4198 105.1640 0.723 0.198 1.5844 -2.7175
1770200593.4242 0 'robobot/drive/T0/vel' 1770200593.4241 105.1680 0.000 0.000 0.0000 0.000 4
1770200593.4245 0 'robobot/drive/T0/mvel' 1770200593.4244 0.000 0.000
1770200593.4253 0 'robobot/drive/T0/pose' 1770200593.4252 105.1690 0.723 0.198 1.5844 -2.7176
1770200593.4264 0 'robobot/drive/T0/gyro' 1770200593.4264 0.313416 -0.076294 -0.137268 105.170
1770200593.4265 0 'robobot/drive/T0/acc' 1770200593.4264 0.408447 -0.000488 0.907471 105.170
1770200593.4297 0 'robobot/drive/T0/mca' 1770200593.4297 0.000 0.000 17
1770200593.4298 0 'robobot/drive/T0/livn' 1770200593.4297 33 36 47 75 77 41 39 44 219
1770200593.4298 0 'robobot/drive/T0/pose' 1770200593.4298 105.1740 0.723 0.198 1.5844 -2.7175
1770200593.4320 0 'robobot/drive/T0/ird' 1770200593.4320 0.553 0.117 4666 16466 1
1770200593.4321 0 'robobot/drive/T0/vel' 1770200593.4320 105.1760 0.000 0.000 0.0000 0.000 4
1770200593.4329 0 'robobot/drive/T0/mvel' 1770200593.4329 0.000 0.000
1770200593.4354 0 'robobot/drive/T0/pose' 1770200593.4353 105.1790 0.723 0.198 1.5844 -2.7175
1770200593.4386 0 'robobot/drive/T0/gyro' 1770200593.4386 0.099792 -0.259399 -0.259338 105.182
1770200593.4387 0 'robobot/drive/T0/acc' 1770200593.4386 0.412598 -0.001709 0.921387 105.182
1770200593.4387 0 'robobot/drive/T0/mot' 1770200593.4387 0 0 0.1 0.1 0
1770200593.4399 0 'robobot/drive/T0/livn' 1770200593.4398 33 37 47 75 77 41 39 44 224
1770200593.4399 0 'robobot/drive/T0/vel' 1770200593.4399 105.1840 0.000 0.000 0.0000 0.000 4
1770200593.4400 0 'robobot/drive/T0/pose' 1770200593.4399 105.1840 0.723 0.198 1.5844 -2.7175
1770200593.4403 0 'robobot/drive/T0/mvel' 1770200593.4402 0.000 0.000
1770200593.4454 0 'robobot/drive/T0/pose' 1770200593.4453 105.1890 0.723 0.198 1.5844 -2.7176
1770200593.4475 0 'robobot/drive/T0/vel' 1770200593.4475 105.1920 0.000 0.000 0.0000 0.000 4
1770200593.4476 0 'robobot/drive/T0/mvel' 1770200593.4476 0.000 0.000
1770200593.4497 0 'robobot/drive/T0/livn' 1770200593.4497 33 37 47 75 77 40 38 44 229
1770200593.4498 0 'robobot/drive/T0/gyro' 1770200593.4497 -0.113831 -0.198364 -0.350891 105.194
1770200593.4499 0 'robobot/drive/T0/acc' 1770200593.4498 0.402832 -0.001709 0.852051 105.194
1770200593.4499 0 'robobot/drive/T0/pose' 1770200593.4499 105.1940 0.723 0.198 1.5844 -2.7175
1770200593.4553 0 'robobot/drive/T0/pose' 1770200593.4552 105.1990 0.723 0.198 1.5844 -2.7175
1770200593.4554 0 'robobot/drive/T0/vel' 1770200593.4553 105.2000 0.000 0.000 0.0000 0.000 4
1770200593.4561 0 'robobot/drive/T0/mvel' 1770200593.4560 0.000 0.000
1770200593.4565 0 'robobot/drive/T0/ird' 1770200593.4564 0.556 0.117 4648 16496 1
1770200593.4597 0 'robobot/drive/T0/livn' 1770200593.4597 32 37 47 75 77 41 38 44 234
1770200593.4598 0 'robobot/drive/T0/pose' 1770200593.4597 105.2040 0.723 0.198 1.5844 -2.7176
1770200593.4620 0 'robobot/drive/T0/gyro' 1770200593.4619 0.008240 0.106812 -0.167786 105.206
1770200593.4621 0 'robobot/drive/T0/mca' 1770200593.4620 0.000 0.000 16
1770200593.4621 0 'robobot/drive/T0/acc' 1770200593.4621 0.404053 0.001221 0.902100 105.206
1770200593.4633 0 'robobot/drive/T0/liv' 1770200593.4632 24 32 48 59 69 40 32 32 25
1770200593.4633 0 'robobot/drive/T0/vel' 1770200593.4633 105.2080 0.000 0.000 0.0000 0.000 4
1770200593.4635 0 'robobot/drive/T0/mvel' 1770200593.4634 0.000 0.000
1770200593.4655 0 'robobot/drive/T0/pose' 1770200593.4654 105.2090 0.723 0.198 1.5844 -2.7175
1770200593.4698 0 'robobot/drive/T0/livn' 1770200593.4697 32 37 47 75 77 41 38 44 239
1770200593.4699 0 'robobot/drive/T0/pose' 1770200593.4698 105.2140 0.723 0.198 1.5844 -2.7175
1770200593.4720 0 'robobot/drive/T0/vel' 1770200593.4720 105.2160 0.000 0.000 0.0000 0.000 4
1770200593.4721 0 'robobot/drive/T0/mot' 1770200593.4720 0 0 0.1 0.1 0
1770200593.4730 0 'robobot/drive/T0/mvel' 1770200593.4729 0.000 0.000
1770200593.4743 0 'robobot/drive/T0/gyro' 1770200593.4742 -0.235901 -0.259399 0.045837 105.218
1770200593.4743 0 'robobot/drive/T0/acc' 1770200593.4743 0.409668 -0.000244 0.913574 105.218
1770200593.4755 0 'robobot/drive/T0/pose' 1770200593.4754 105.2190 0.723 0.198 1.5844 -2.7175
1770200593.4798 0 'robobot/drive/T0/livn' 1770200593.4797 33 37 47 75 77 41 39 44 244
1770200593.4798 0 'robobot/drive/T0/vel' 1770200593.4798 105.2240 0.000 0.000 0.0000 0.000 4
1770200593.4799 0 'robobot/drive/T0/pose' 1770200593.4798 105.2240 0.723 0.198 1.5844 -2.7175
1770200593.4803 0 'robobot/drive/T0/mvel' 1770200593.4803 0.000 0.000
1770200593.4810 0 'robobot/drive/T0/ird' 1770200593.4810 0.556 0.117 4647 16512 1
1770200593.4853 0 'robobot/drive/T0/pose' 1770200593.4853 105.2290 0.723 0.198 1.5844 -2.7173
1770200593.4865 0 'robobot/drive/T0/gyro' 1770200593.4864 -0.357971 0.259399 -0.076233 105.230
1770200593.4865 0 'robobot/drive/T0/acc' 1770200593.4865 0.417969 0.000977 0.876221 105.230
1770200593.4877 0 'robobot/drive/T0/vel' 1770200593.4876 105.2320 0.000 0.000 0.0000 0.000 4
1770200593.4877 0 'robobot/drive/T0/mvel' 1770200593.4877 0.000 0.000
1770200593.4898 0 'robobot/drive/T0/livn' 1770200593.4898 33 37 47 75 77 41 39 44 249
1770200593.4899 0 'robobot/drive/T0/pose' 1770200593.4898 105.2340 0.723 0.198 1.5844 -2.7173
1770200593.4952 0 'robobot/drive/T0/mca' 1770200593.4952 0.000 0.000 17
1770200593.4953 0 'robobot/drive/T0/pose' 1770200593.4952 105.2390 0.723 0.198 1.5844 -2.7172
1770200593.4954 0 'robobot/drive/T0/vel' 1770200593.4953 105.2400 0.000 0.000 0.0000 0.000 4
1770200593.4962 0 'robobot/drive/T0/mvel' 1770200593.4961 0.000 0.000
1770200593.4986 0 'robobot/drive/T0/gyro' 1770200593.4985 -0.144348 0.289917 -0.259338 105.242
1770200593.4987 0 'robobot/drive/T0/acc' 1770200593.4986 0.408936 -0.002441 0.898193 105.242
1770200593.4998 0 'robobot/drive/T0/livn' 1770200593.4998 33 37 47 75 77 41 39 44 254
1770200593.4999 0 'robobot/drive/T0/pose' 1770200593.4998 105.2440 0.723 0.198 1.5844 -2.7172
1770200593.5042 0 'robobot/drive/T0/vel' 1770200593.5041 105.2480 0.000 0.000 0.0000 0.000 4
1770200593.5046 0 'robobot/drive/T0/mvel' 1770200593.5046 0.000 0.000
1770200593.5053 0 'robobot/drive/T0/mot' 1770200593.5052 0 0 0.1 0.1 0
1770200593.5054 0 'robobot/drive/T0/pose' 1770200593.5053 105.2490 0.723 0.198 1.5844 -2.7171
1770200593.5065 0 'robobot/drive/T0/ird' 1770200593.5064 0.542 0.118 4730 16413 1
1770200593.5097 0 'robobot/drive/T0/livn' 1770200593.5097 33 37 47 75 77 41 39 44 259
1770200593.5098 0 'robobot/drive/T0/gyro' 1770200593.5098 0.008240 0.076294 0.015320 105.254
1770200593.5099 0 'robobot/drive/T0/acc' 1770200593.5098 0.409180 -0.006348 0.888428 105.254
1770200593.5100 0 'robobot/drive/T0/pose' 1770200593.5099 105.2540 0.723 0.198 1.5844 -2.7170
1770200593.5122 0 'robobot/drive/T0/vel' 1770200593.5121 105.2560 0.000 0.000 0.0000 0.000 4
1770200593.5131 0 'robobot/drive/T0/mvel' 1770200593.5130 0.000 0.000
1770200593.5133 0 'robobot/drive/T0/liv' 1770200593.5132 30 39 45 57 69 40 38 31 25
1770200593.5155 0 'robobot/drive/T0/pose' 1770200593.5154 105.2590 0.723 0.198 1.5844 -2.7170
1770200593.5197 0 'robobot/drive/T0/livn' 1770200593.5197 33 37 47 75 77 40 39 44 264
1770200593.5198 0 'robobot/drive/T0/vel' 1770200593.5198 105.2640 0.000 0.000 0.0000 0.000 4
1770200593.5199 0 'robobot/drive/T0/pose' 1770200593.5198 105.2640 0.723 0.198 1.5844 -2.7170
1770200593.5205 0 'robobot/drive/T0/mvel' 1770200593.5204 0.000 0.000
1770200593.5221 0 'robobot/drive/T0/gyro' 1770200593.5220 0.191345 0.595093 -0.137268 105.266
1770200593.5222 0 'robobot/drive/T0/acc' 1770200593.5221 0.406494 0.001465 0.887695 105.266
1770200593.5254 0 'robobot/drive/T0/pose' 1770200593.5253 105.2690 0.723 0.198 1.5844 -2.7169
1770200593.5276 0 'robobot/drive/T0/vel' 1770200593.5275 105.2720 0.000 0.000 0.0000 0.000 4
1770200593.5279 0 'robobot/drive/T0/mvel' 1770200593.5279 0.000 0.000
1770200593.5287 0 'robobot/drive/T0/mca' 1770200593.5287 0.000 0.000 16
1770200593.5299 0 'robobot/drive/T0/livn' 1770200593.5298 33 38 47 75 76 40 39 44 269
1770200593.5300 0 'robobot/drive/T0/pose' 1770200593.5299 105.2740 0.723 0.198 1.5844 -2.7169
1770200593.5322 0 'robobot/drive/T0/ird' 1770200593.5321 0.530 0.117 4800 16498 1
1770200593.5344 0 'robobot/drive/T0/gyro' 1770200593.5343 -0.144348 0.503540 -0.228821 105.278
1770200593.5345 0 'robobot/drive/T0/acc' 1770200593.5344 0.405029 0.003418 0.914795 105.278
1770200593.5357 0 'robobot/drive/T0/pose' 1770200593.5356 105.2790 0.723 0.198 1.5844 -2.7169
1770200593.5357 0 'robobot/drive/T0/vel' 1770200593.5357 105.2800 0.000 0.000 0.0000 0.000 4
1770200593.5366 0 'robobot/drive/T0/mvel' 1770200593.5365 0.000 0.000
1770200593.5381 0 'robobot/drive/T0/mot' 1770200593.5379 0 0 0.1 0.1 0
1770200593.5393 0 'robobot/drive/T0/livn' 1770200593.5392 33 38 47 75 76 40 39 44 274
1770200593.5404 0 'robobot/drive/T0/pose' 1770200593.5404 105.2840 0.723 0.198 1.5844 -2.7169
1770200593.5437 0 'robobot/drive/T0/vel' 1770200593.5436 105.2880 0.000 0.000 0.0000 0.000 4
1770200593.5440 0 'robobot/drive/T0/mvel' 1770200593.5440 0.000 0.000
1770200593.5448 0 'robobot/drive/T0/pose' 1770200593.5448 105.2890 0.723 0.198 1.5844 -2.7169
1770200593.5460 0 'robobot/drive/T0/gyro' 1770200593.5459 0.130310 0.076294 0.076355 105.290
1770200593.5461 0 'robobot/drive/T0/acc' 1770200593.5460 0.395996 -0.000244 0.886475 105.290
1770200593.5494 0 'robobot/drive/T0/livn' 1770200593.5492 33 37 47 75 76 40 39 44 279
1770200593.5505 0 'robobot/drive/T0/pose' 1770200593.5504 105.2940 0.723 0.198 1.5844 -2.7169
1770200593.5516 0 'robobot/drive/T0/vel' 1770200593.5516 105.2960 0.000 0.000 0.0000 0.000 4
1770200593.5527 0 'robobot/drive/T0/mvel' 1770200593.5526 0.000 0.000
1770200593.5549 0 'robobot/drive/T0/pose' 1770200593.5548 105.2990 0.723 0.198 1.5844 -2.7170
1770200593.5570 0 'robobot/drive/T0/ird' 1770200593.5570 0.517 0.118 4885 16440 1
1770200593.5582 0 'robobot/drive/T0/gyro' 1770200593.5581 0.069275 0.228882 0.076355 105.302
1770200593.5582 0 'robobot/drive/T0/acc' 1770200593.5582 0.395020 -0.002930 0.883057 105.302
1770200593.5594 0 'robobot/drive/T0/livn' 1770200593.5593 33 37 47 75 76 40 39 44 284
1770200593.5594 0 'robobot/drive/T0/vel' 1770200593.5594 105.3040 0.000 0.000 0.0000 0.000 4
1770200593.5602 0 'robobot/drive/T0/mvel' 1770200593.5601 0.000 0.000
1770200593.5606 0 'robobot/drive/T0/pose' 1770200593.5605 105.3040 0.723 0.198 1.5844 -2.7170
1770200593.5617 0 'robobot/drive/T0/mca' 1770200593.5616 0.000 0.000 17
1770200593.5628 0 'robobot/drive/T0/liv' 1770200593.5627 24 36 49 59 64 35 38 32 25
1770200593.5650 0 'robobot/drive/T0/pose' 1770200593.5649 105.3090 0.723 0.198 1.5844 -2.7170
1770200593.5682 0 'robobot/drive/T0/vel' 1770200593.5682 105.3120 0.000 0.000 0.0000 0.000 4
1770200593.5687 0 'robobot/drive/T0/mvel' 1770200593.5686 0.000 0.000
1770200593.5694 0 'robobot/drive/T0/livn' 1770200593.5693 33 37 47 75 76 40 39 45 289
1770200593.5705 0 'robobot/drive/T0/gyro' 1770200593.5704 0.099792 0.228882 -0.198303 105.314
1770200593.5706 0 'robobot/drive/T0/acc' 1770200593.5705 0.399414 -0.004883 0.896729 105.314
1770200593.5706 0 'robobot/drive/T0/pose' 1770200593.5706 105.3140 0.723 0.198 1.5844 -2.7170
1770200593.5707 0 'robobot/drive/T0/mot' 1770200593.5706 0 0 0.1 0.1 0
1770200593.5750 0 'robobot/drive/T0/pose' 1770200593.5749 105.3190 0.723 0.198 1.5844 -2.7171
1770200593.5761 0 'robobot/drive/T0/vel' 1770200593.5760 105.3200 0.000 0.000 0.0000 0.000 4
1770200593.5762 0 'robobot/drive/T0/mvel' 1770200593.5761 0.000 0.000
1770200593.5793 0 'robobot/drive/T0/livn' 1770200593.5793 33 37 47 75 76 40 39 45 294
1770200593.5805 0 'robobot/drive/T0/pose' 1770200593.5804 105.3240 0.723 0.198 1.5844 -2.7171
1770200593.5816 0 'robobot/drive/T0/ird' 1770200593.5815 0.468 0.117 5238 16487 1
1770200593.5827 0 'robobot/drive/T0/gyro' 1770200593.5826 -0.205383 -0.076294 -0.015198 105.326
1770200593.5828 0 'robobot/drive/T0/acc' 1770200593.5827 0.402344 -0.004639 0.905029 105.326
1770200593.5839 0 'robobot/drive/T0/vel' 1770200593.5838 105.3280 0.000 0.000 0.0000 0.000 4
1770200593.5847 0 'robobot/drive/T0/mvel' 1770200593.5847 0.000 0.000
1770200593.5850 0 'robobot/drive/T0/pose' 1770200593.5850 105.3290 0.723 0.198 1.5844 -2.7171
1770200593.5893 0 'robobot/drive/T0/livn' 1770200593.5893 33 37 47 75 76 40 39 45 299
1770200593.5904 0 'robobot/drive/T0/pose' 1770200593.5904 105.3340 0.723 0.198 1.5844 -2.7171
1770200593.5916 0 'robobot/drive/T0/vel' 1770200593.5915 105.3360 0.000 0.000 0.0000 0.000 4
1770200593.5921 0 'robobot/drive/T0/mvel' 1770200593.5921 0.000 0.000
1770200593.5937 0 'robobot/drive/T0/mca' 1770200593.5937 0.000 0.000 16
1770200593.5938 0 'robobot/drive/T0/gyro' 1770200593.5937 -0.205383 -0.167847 -0.289856 105.338
1770200593.5939 0 'robobot/drive/T0/acc' 1770200593.5938 0.400635 -0.004395 0.896484 105.338
1770200593.5950 0 'robobot/drive/T0/pose' 1770200593.5949 105.3390 0.723 0.198 1.5844 -2.7172
1770200593.5993 0 'robobot/drive/T0/livn' 1770200593.5992 35 38 53 84 73 40 43 61 3
1770200593.5994 0 'robobot/drive/T0/vel' 1770200593.5993 105.3440 0.000 0.000 0.0000 0.000 4
1770200593.5995 0 'robobot/drive/T0/mvel' 1770200593.5995 0.000 0.000
1770200593.6005 0 'robobot/drive/T0/pose' 1770200593.6004 105.3440 0.723 0.198 1.5844 -2.7172
1770200593.6037 0 'robobot/drive/T0/mot' 1770200593.6037 0 0 0.1 0.1 0
1770200593.6059 0 'robobot/drive/T0/pose' 1770200593.6058 105.3490 0.723 0.198 1.5844 -2.7172
1770200593.6060 0 'robobot/drive/T0/gyro' 1770200593.6059 0.130310 -0.045776 -0.350891 105.350
1770200593.6061 0 'robobot/drive/T0/acc' 1770200593.6060 0.397705 -0.004150 0.887451 105.350
1770200593.6072 0 'robobot/drive/T0/ird' 1770200593.6071 0.449 0.117 5402 16448 1
1770200593.6072 0 'robobot/drive/T0/vel' 1770200593.6072 105.3520 0.000 0.000 0.0000 0.000 4
1770200593.6081 0 'robobot/drive/T0/mvel' 1770200593.6081 0.000 0.000
1770200593.6094 0 'robobot/drive/T0/livn' 1770200593.6094 32 41 53 82 72 42 47 58 8
1770200593.6106 0 'robobot/drive/T0/pose' 1770200593.6105 105.3540 0.723 0.198 1.5844 -2.7172
1770200593.6138 0 'robobot/drive/T0/liv' 1770200593.6137 24 34 46 61 67 41 36 35 25
1770200593.6149 0 'robobot/drive/T0/pose' 1770200593.6149 105.3590 0.723 0.198 1.5844 -2.7172
1770200593.6161 0 'robobot/drive/T0/vel' 1770200593.6160 105.3600 0.000 0.000 0.0000 0.000 4
1770200593.6166 0 'robobot/drive/T0/mvel' 1770200593.6166 0.000 0.000
1770200593.6183 0 'robobot/drive/T0/gyro' 1770200593.6182 0.069275 -0.350952 -0.106750 105.362
1770200593.6183 0 'robobot/drive/T0/acc' 1770200593.6183 0.399658 0.001465 0.887207 105.362
1770200593.6194 0 'robobot/drive/T0/livn' 1770200593.6194 31 40 50 77 71 41 44 54 13
1770200593.6206 0 'robobot/drive/T0/pose' 1770200593.6205 105.3640 0.723 0.198 1.5844 -2.7173
1770200593.6238 0 'robobot/drive/T0/vel' 1770200593.6238 105.3680 0.000 0.000 0.0000 0.000 4
1770200593.6240 0 'robobot/drive/T0/mvel' 1770200593.6240 0.000 0.000
1770200593.6250 0 'robobot/drive/T0/pose' 1770200593.6249 105.3690 0.723 0.198 1.5844 -2.7173
1770200593.6272 0 'robobot/drive/T0/mca' 1770200593.6271 -0.000 0.000 17
1770200593.6293 0 'robobot/drive/T0/livn' 1770200593.6293 32 40 50 77 74 41 43 52 18
1770200593.6305 0 'robobot/drive/T0/gyro' 1770200593.6304 -0.205383 -0.076294 0.228943 105.374
1770200593.6305 0 'robobot/drive/T0/acc' 1770200593.6305 0.413818 0.001953 0.895996 105.374
1770200593.6306 0 'robobot/drive/T0/pose' 1770200593.6305 105.3740 0.723 0.198 1.5844 -2.7172
1770200593.6317 0 'robobot/drive/T0/vel' 1770200593.6317 105.3760 0.000 0.000 0.0000 0.000 4
1770200593.6318 0 'robobot/drive/T0/ird' 1770200593.6317 0.433 0.117 5544 16469 1
1770200593.6325 0 'robobot/drive/T0/mvel' 1770200593.6325 0.000 0.000
1770200593.6350 0 'robobot/drive/T0/pose' 1770200593.6350 105.3800 0.723 0.198 1.5844 -2.7172
1770200593.6372 0 'robobot/drive/T0/mot' 1770200593.6371 0 0 0.1 0.1 0
1770200593.6394 0 'robobot/drive/T0/livn' 1770200593.6393 33 39 49 77 74 40 42 50 23
1770200593.6394 0 'robobot/drive/T0/vel' 1770200593.6394 105.3840 0.000 0.000 0.0000 0.000 4
1770200593.6400 0 'robobot/drive/T0/mvel' 1770200593.6399 0.000 0.000
1770200593.6406 0 'robobot/drive/T0/pose' 1770200593.6405 105.3850 0.723 0.198 1.5844 -2.7171
1770200593.6428 0 'robobot/drive/T0/gyro' 1770200593.6427 -0.235901 0.106812 -0.198303 105.386
1770200593.6428 0 'robobot/drive/T0/acc' 1770200593.6428 0.415039 -0.001953 0.890625 105.386
1770200593.6450 0 'robobot/drive/T0/pose' 1770200593.6449 105.3900 0.723 0.198 1.5844 -2.7171
1770200593.6483 0 'robobot/drive/T0/vel' 1770200593.6482 105.3920 0.000 0.000 0.0000 0.000 4
1770200593.6484 0 'robobot/drive/T0/mvel' 1770200593.6484 0.000 0.000
1770200593.6494 0 'robobot/drive/T0/livn' 1770200593.6493 33 38 50 79 75 40 41 48 28
1770200593.6505 0 'robobot/drive/T0/pose' 1770200593.6504 105.3950 0.723 0.198 1.5844 -2.7170
1770200593.6538 0 'robobot/drive/T0/gyro' 1770200593.6537 -0.113831 -0.137329 -0.289856 105.398
1770200593.6538 0 'robobot/drive/T0/acc' 1770200593.6538 0.411133 -0.002686 0.887939 105.398
1770200593.6560 0 'robobot/drive/T0/pose' 1770200593.6560 105.4000 0.723 0.198 1.5844 -2.7170
1770200593.6561 0 'robobot/drive/T0/vel' 1770200593.6560 105.4000 0.000 0.000 0.0000 0.000 4
1770200593.6569 0 'robobot/drive/T0/mvel' 1770200593.6569 0.000 0.000
1770200593.6572 0 'robobot/drive/T0/ird' 1770200593.6571 0.428 0.117 5590 16485 1
1770200593.6594 0 'robobot/drive/T0/livn' 1770200593.6593 33 37 49 77 75 40 39 48 33
1770200593.6605 0 'robobot/drive/T0/mca' 1770200593.6605 0.000 0.000 16
1770200593.6606 0 'robobot/drive/T0/pose' 1770200593.6605 105.4050 0.723 0.198 1.5844 -2.7169
1770200593.6638 0 'robobot/drive/T0/liv' 1770200593.6637 26 32 45 60 70 39 35 31 25
1770200593.6639 0 'robobot/drive/T0/vel' 1770200593.6638 105.4080 0.000 0.000 0.0000 0.000 4
1770200593.6643 0 'robobot/drive/T0/mvel' 1770200593.6643 0.000 0.000
1770200593.6661 0 'robobot/drive/T0/pose' 1770200593.6660 105.4100 0.723 0.198 1.5844 -2.7169
1770200593.6661 0 'robobot/drive/T0/gyro' 1770200593.6661 -0.388489 -0.106812 -0.137268 105.410
1770200593.6662 0 'robobot/drive/T0/acc' 1770200593.6661 0.411621 -0.007812 0.890137 105.410
1770200593.6694 0 'robobot/drive/T0/livn' 1770200593.6694 35 38 49 79 76 40 39 47 38
1770200593.6705 0 'robobot/drive/T0/mot' 1770200593.6705 0 0 0.1 0.1 0
1770200593.6706 0 'robobot/drive/T0/pose' 1770200593.6705 105.4150 0.723 0.198 1.5844 -2.7169
1770200593.6717 0 'robobot/drive/T0/vel' 1770200593.6717 105.4160 0.000 0.000 0.0000 0.000 4
1770200593.6728 0 'robobot/drive/T0/mvel' 1770200593.6727 0.000 0.000
1770200593.6760 0 'robobot/drive/T0/pose' 1770200593.6760 105.4200 0.723 0.198 1.5844 -2.7169
1770200593.6782 0 'robobot/drive/T0/gyro' 1770200593.6782 0.160828 0.137329 -0.106750 105.422
1770200593.6783 0 'robobot/drive/T0/acc' 1770200593.6782 0.407715 0.000488 0.889160 105.422
1770200593.6794 0 'robobot/drive/T0/livn' 1770200593.6794 34 38 48 79 77 41 38 46 43
1770200593.6795 0 'robobot/drive/T0/vel' 1770200593.6794 105.4240 0.000 0.000 0.0000 0.000 4
1770200593.6802 0 'robobot/drive/T0/mvel' 1770200593.6802 0.000 0.000
1770200593.6807 0 'robobot/drive/T0/pose' 1770200593.6806 105.4250 0.723 0.198 1.5844 -2.7168
1770200593.6818 0 'robobot/drive/T0/ird' 1770200593.6817 0.429 0.118 5581 16379 1
1770200593.6861 0 'robobot/drive/T0/pose' 1770200593.6860 105.4300 0.723 0.198 1.5844 -2.7168
1770200593.6883 0 'robobot/drive/T0/vel' 1770200593.6882 105.4320 0.000 0.000 0.0000 0.000 4
1770200593.6887 0 'robobot/drive/T0/mvel' 1770200593.6887 0.000 0.000
1770200593.6894 0 'robobot/drive/T0/livn' 1770200593.6893 34 38 48 79 76 41 38 46 48
1770200593.6905 0 'robobot/drive/T0/gyro' 1770200593.6904 0.008240 0.228882 -0.076233 105.434
1770200593.6906 0 'robobot/drive/T0/acc' 1770200593.6905 0.405762 0.002930 0.895264 105.434
1770200593.6907 0 'robobot/drive/T0/pose' 1770200593.6906 105.4350 0.723 0.198 1.5844 -2.7167
1770200593.6928 0 'robobot/drive/T0/mca' 1770200593.6928 0.000 0.000 17
1770200593.6960 0 'robobot/drive/T0/pose' 1770200593.6960 105.4400 0.723 0.198 1.5844 -2.7167
1770200593.6961 0 'robobot/drive/T0/vel' 1770200593.6961 105.4400 0.000 0.000 0.0000 0.000 4
1770200593.6961 0 'robobot/drive/T0/mvel' 1770200593.6961 0.000 0.000
1770200593.6994 0 'robobot/drive/T0/livn' 1770200593.6993 34 38 48 78 76 41 38 46 53
1770200593.7005 0 'robobot/drive/T0/pose' 1770200593.7004 105.4450 0.723 0.198 1.5844 -2.7167
1770200593.7027 0 'robobot/drive/T0/gyro' 1770200593.7026 -0.113831 0.045776 -0.411926 105.446
1770200593.7028 0 'robobot/drive/T0/acc' 1770200593.7027 0.396973 0.003662 0.891113 105.446
1770200593.7028 0 'robobot/drive/T0/mot' 1770200593.7028 0 0 0.1 0.1 0
1770200593.7039 0 'robobot/drive/T0/vel' 1770200593.7039 105.4480 0.000 0.000 0.0000 0.000 4
1770200593.7046 0 'robobot/drive/T0/mvel' 1770200593.7046 0.000 0.000
1770200593.7051 0 'robobot/drive/T0/pose' 1770200593.7050 105.4500 0.723 0.198 1.5844 -2.7167
1770200593.7072 0 'robobot/drive/T0/ird' 1770200593.7072 0.438 0.117 5498 16519 1
1770200593.7094 0 'robobot/drive/T0/livn' 1770200593.7093 33 38 48 78 76 42 38 46 58
1770200593.7105 0 'robobot/drive/T0/pose' 1770200593.7105 105.4550 0.723 0.198 1.5844 -2.7168
1770200593.7117 0 'robobot/drive/T0/vel' 1770200593.7116 105.4560 0.000 0.000 0.0000 0.000 4
1770200593.7120 0 'robobot/drive/T0/mvel' 1770200593.7120 0.000 0.000
1770200593.7128 0 'robobot/drive/T0/liv' 1770200593.7127 25 36 46 60 69 42 34 29 25
1770200593.7139 0 'robobot/drive/T0/gyro' 1770200593.7138 -0.235901 0.381470 -0.228821 105.458
1770200593.7140 0 'robobot/drive/T0/acc' 1770200593.7139 0.397705 -0.002197 0.891846 105.458
1770200593.7151 0 'robobot/drive/T0/pose' 1770200593.7150 105.4600 0.723 0.198 1.5844 -2.7168
1770200593.7194 0 'robobot/drive/T0/livn' 1770200593.7194 34 38 48 78 76 42 38 46 63
1770200593.7195 0 'robobot/drive/T0/vel' 1770200593.7194 105.4640 0.000 0.000 0.0000 0.000 4
1770200593.7204 0 'robobot/drive/T0/mvel' 1770200593.7204 0.000 0.000
1770200593.7207 0 'robobot/drive/T0/pose' 1770200593.7205 105.4650 0.723 0.198 1.5844 -2.7168
1770200593.7260 0 'robobot/drive/T0/pose' 1770200593.7259 105.4700 0.723 0.198 1.5844 -2.7168
1770200593.7261 0 'robobot/drive/T0/mca' 1770200593.7260 0.000 0.000 16
1770200593.7261 0 'robobot/drive/T0/gyro' 1770200593.7261 -0.144348 0.167847 -0.076233 105.470
1770200593.7262 0 'robobot/drive/T0/acc' 1770200593.7261 0.395752 -0.000732 0.895752 105.470
1770200593.7273 0 'robobot/drive/T0/vel' 1770200593.7273 105.4720 0.000 0.000 0.0000 0.000 4
1770200593.7278 0 'robobot/drive/T0/mvel' 1770200593.7278 0.000 0.000
1770200593.7296 0 'robobot/drive/T0/livn' 1770200593.7295 34 38 48 78 76 42 39 46 68
1770200593.7307 0 'robobot/drive/T0/pose' 1770200593.7306 105.4750 0.723 0.198 1.5844 -2.7169
1770200593.7318 0 'robobot/drive/T0/ird' 1770200593.7318 0.450 0.117 5389 16484 1
1770200593.7352 0 'robobot/drive/T0/pose' 1770200593.7351 105.4800 0.723 0.198 1.5844 -2.7169
1770200593.7363 0 'robobot/drive/T0/vel' 1770200593.7362 105.4800 0.000 0.000 0.0000 0.000 4
1770200593.7364 0 'robobot/drive/T0/mot' 1770200593.7363 0 0 0.1 0.1 0
1770200593.7364 0 'robobot/drive/T0/mvel' 1770200593.7364 0.000 0.000
1770200593.7387 0 'robobot/drive/T0/gyro' 1770200593.7386 0.038757 -0.106812 -0.167786 105.482
1770200593.7387 0 'robobot/drive/T0/acc' 1770200593.7387 0.394287 -0.002441 0.896973 105.482
1770200593.7399 0 'robobot/drive/T0/livn' 1770200593.7398 32 38 48 79 76 41 38 46 73
1770200593.7410 0 'robobot/drive/T0/pose' 1770200593.7409 105.4850 0.723 0.198 1.5844 -2.7170
1770200593.7442 0 'robobot/drive/T0/vel' 1770200593.7442 105.4880 0.000 0.000 0.0000 0.000 4
1770200593.7449 0 'robobot/drive/T0/mvel' 1770200593.7449 0.000 0.000
1770200593.7454 0 'robobot/drive/T0/pose' 1770200593.7453 105.4900 0.723 0.198 1.5844 -2.7170
1770200593.7497 0 'robobot/drive/T0/livn' 1770200593.7497 32 38 49 79 76 41 38 46 78
1770200593.7498 0 'robobot/drive/T0/gyro' 1770200593.7497 0.099792 0.045776 -0.289856 105.494
1770200593.7499 0 'robobot/drive/T0/acc' 1770200593.7498 0.392822 -0.003662 0.888184 105.494
1770200593.7510 0 'robobot/drive/T0/pose' 1770200593.7509 105.4950 0.723 0.198 1.5844 -2.7171
1770200593.7521 0 'robobot/drive/T0/vel' 1770200593.7521 105.4960 0.000 0.000 0.0000 0.000 4
1770200593.7523 0 'robobot/drive/T0/mvel' 1770200593.7523 0.000 0.000
1770200593.7554 0 'robobot/drive/T0/pose' 1770200593.7553 105.5000 0.723 0.198 1.5844 -2.7171
1770200593.7575 0 'robobot/drive/T0/ird' 1770200593.7575 0.457 0.117 5328 16538 1
1770200593.7597 0 'robobot/drive/T0/mca' 1770200593.7597 0.000 0.000 17
1770200593.7598 0 'robobot/drive/T0/livn' 1770200593.7597 32 38 49 78 77 41 38 46 83
1770200593.7598 0 'robobot/drive/T0/vel' 1770200593.7598 105.5040 0.000 0.000 0.0000 0.000 4
1770200593.7608 0 'robobot/drive/T0/mvel' 1770200593.7607 0.000 0.000
1770200593.7610 0 'robobot/drive/T0/pose' 1770200593.7609 105.5050 0.723 0.198 1.5844 -2.7172
1770200593.7621 0 'robobot/drive/T0/gyro' 1770200593.7620 0.038757 -0.137329 -0.137268 105.506
1770200593.7622 0 'robobot/drive/T0/acc' 1770200593.7621 0.396240 -0.002930 0.893799 105.506
1770200593.7633 0 'robobot/drive/T0/liv' 1770200593.7632 22 33 47 62 69 38 35 31 25
1770200593.7655 0 'robobot/drive/T0/hbt' 1770200593.7654 105.5090 107 1033 15.66 4 8 8.9 0.31 0
1770200593.7656 0 'robobot/drive/T0/pose' 1770200593.7655 105.5100 0.723 0.198 1.5844 -2.7172
1770200593.7678 0 'robobot/drive/T0/vel' 1770200593.7677 105.5120 0.000 0.000 0.0000 0.000 4
1770200593.7682 0 'robobot/drive/T0/mvel' 1770200593.7682 0.000 0.000
1770200593.7689 0 'robobot/drive/T0/mot' 1770200593.7688 0 0 0.1 0.1 0
1770200593.7700 0 'robobot/drive/T0/livn' 1770200593.7699 32 38 49 78 76 41 38 46 88
1770200593.7711 0 'robobot/drive/T0/pose' 1770200593.7710 105.5150 0.723 0.198 1.5844 -2.7173
1770200593.7744 0 'robobot/drive/T0/gyro' 1770200593.7743 0.069275 -0.411987 -0.228821 105.518
1770200593.7744 0 'robobot/drive/T0/acc' 1770200593.7744 0.399414 0.001465 0.890381 105.518
1770200593.7756 0 'robobot/drive/T0/pose' 1770200593.7755 105.5200 0.723 0.198 1.5844 -2.7173
1770200593.7756 0 'robobot/drive/T0/vel' 1770200593.7756 105.5200 0.000 0.000 0.0000 0.000 4
1770200593.7767 0 'robobot/drive/T0/mvel' 1770200593.7767 0.000 0.000
1770200593.7799 0 'robobot/drive/T0/livn' 1770200593.7799 33 38 48 79 77 41 38 46 93
1770200593.7811 0 'robobot/drive/T0/pose' 1770200593.7810 105.5250 0.723 0.198 1.5844 -2.7174
1770200593.7822 0 'robobot/drive/T0/ird' 1770200593.7821 0.490 0.116 5075 16626 1
1770200593.7833 0 'robobot/drive/T0/vel' 1770200593.7833 105.5280 0.000 0.000 0.0000 0.000 4
1770200593.7841 0 'robobot/drive/T0/mvel' 1770200593.7841 0.000 0.000
1770200593.7855 0 'robobot/drive/T0/pose' 1770200593.7854 105.5300 0.723 0.198 1.5844 -2.7174
1770200593.7866 0 'robobot/drive/T0/gyro' 1770200593.7866 -0.419006 -0.167847 0.015320 105.530
1770200593.7867 0 'robobot/drive/T0/acc' 1770200593.7866 0.404785 -0.000244 0.891357 105.530
1770200593.7900 0 'robobot/drive/T0/livn' 1770200593.7899 33 38 48 79 77 41 38 46 98
1770200593.7911 0 'robobot/drive/T0/pose' 1770200593.7910 105.5350 0.723 0.198 1.5844 -2.7174
1770200593.7922 0 'robobot/drive/T0/vel' 1770200593.7922 105.5360 0.000 0.000 0.0000 0.000 4
1770200593.7923 0 'robobot/drive/T0/mca' 1770200593.7922 0.000 0.000 16
1770200593.7926 0 'robobot/drive/T0/mvel' 1770200593.7926 0.000 0.000
1770200593.7955 0 'robobot/drive/T0/pose' 1770200593.7954 105.5400 0.723 0.198 1.5844 -2.7174
1770200593.7988 0 'robobot/drive/T0/gyro' 1770200593.7987 -0.419006 -0.167847 -0.045715 105.542
1770200593.7989 0 'robobot/drive/T0/acc' 1770200593.7988 0.401611 -0.001953 0.894531 105.542
1770200593.8000 0 'robobot/drive/T0/livn' 1770200593.7999 33 38 48 78 77 41 38 46 103
1770200593.8000 0 'robobot/drive/T0/vel' 1770200593.8000 105.5440 0.000 0.000 0.0000 0.000 4
1770200593.8001 0 'robobot/drive/T0/pose' 1770200593.8001 105.5450 0.723 0.198 1.5844 -2.7174
1770200593.8011 0 'robobot/drive/T0/mvel' 1770200593.8011 0.000 0.000
1770200593.8023 0 'robobot/drive/T0/mot' 1770200593.8022 0 0 0.1 0.1 0
1770200593.8055 0 'robobot/drive/T0/pose' 1770200593.8055 105.5500 0.723 0.198 1.5844 -2.7174
1770200593.8067 0 'robobot/drive/T0/ird' 1770200593.8066 0.514 0.116 4906 16579 1
1770200593.8078 0 'robobot/drive/T0/vel' 1770200593.8077 105.5520 0.000 0.000 0.0000 0.000 4
1770200593.8085 0 'robobot/drive/T0/mvel' 1770200593.8085 0.000 0.000
1770200593.8100 0 'robobot/drive/T0/livn' 1770200593.8099 33 37 48 78 77 41 38 46 108
1770200593.8100 0 'robobot/drive/T0/gyro' 1770200593.8100 -0.327454 -0.106812 -0.137268 105.554
1770200593.8101 0 'robobot/drive/T0/acc' 1770200593.8100 0.409668 -0.003662 0.897705 105.554
1770200593.8112 0 'robobot/drive/T0/pose' 1770200593.8112 105.5550 0.723 0.198 1.5844 -2.7174
1770200593.8134 0 'robobot/drive/T0/liv' 1770200593.8133 29 31 44 59 70 38 34 31 25
1770200593.8156 0 'robobot/drive/T0/vel' 1770200593.8155 105.5600 0.000 0.000 0.0000 0.000 4
1770200593.8157 0 'robobot/drive/T0/pose' 1770200593.8156 105.5600 0.723 0.198 1.5844 -2.7174
1770200593.8159 0 'robobot/drive/T0/mvel' 1770200593.8159 0.000 0.000
1770200593.8200 0 'robobot/drive/T0/livn' 1770200593.8199 34 37 48 78 77 40 38 46 113
1770200593.8211 0 'robobot/drive/T0/pose' 1770200593.8210 105.5650 0.723 0.198 1.5844 -2.7173
1770200593.8222 0 'robobot/drive/T0/gyro' 1770200593.8222 -0.083313 -0.137329 -0.320374 105.566
1770200593.8223 0 'robobot/drive/T0/acc' 1770200593.8222 0.418945 -0.003174 0.888428 105.566
1770200593.8234 0 'robobot/drive/T0/vel' 1770200593.8234 105.5680 0.000 0.000 0.0000 0.000 4
1770200593.8244 0 'robobot/drive/T0/mvel' 1770200593.8244 0.000 0.000
1770200593.8256 0 'robobot/drive/T0/mca' 1770200593.8256 0.000 0.000 17
1770200593.8257 0 'robobot/drive/T0/pose' 1770200593.8256 105.5700 0.723 0.198 1.5844 -2.7173
1770200593.8300 0 'robobot/drive/T0/livn' 1770200593.8299 34 37 47 78 77 40 38 45 118
1770200593.8311 0 'robobot/drive/T0/pose' 1770200593.8310 105.5750 0.723 0.198 1.5844 -2.7172
1770200593.8322 0 'robobot/drive/T0/vel' 1770200593.8322 105.5760 0.000 0.000 0.0000 0.000 4
1770200593.8323 0 'robobot/drive/T0/ird' 1770200593.8322 0.525 0.117 4835 16510 1
1770200593.8329 0 'robobot/drive/T0/mvel' 1770200593.8329 0.000 0.000
1770200593.8345 0 'robobot/drive/T0/gyro' 1770200593.8344 0.099792 -0.228882 -0.228821 105.578
1770200593.8345 0 'robobot/drive/T0/acc' 1770200593.8345 0.416748 0.001221 0.896240 105.578
1770200593.8356 0 'robobot/drive/T0/mot' 1770200593.8356 0 0 0.1 0.1 0
1770200593.8357 0 'robobot/drive/T0/pose' 1770200593.8356 105.5800 0.723 0.198 1.5844 -2.7172
1770200593.8400 0 'robobot/drive/T0/livn' 1770200593.8399 33 37 47 78 77 40 38 45 123
1770200593.8401 0 'robobot/drive/T0/vel' 1770200593.8400 105.5840 0.000 0.000 0.0000 0.000 4
1770200593.8403 0 'robobot/drive/T0/mvel' 1770200593.8403 0.000 0.000
1770200593.8412 0 'robobot/drive/T0/pose' 1770200593.8411 105.5850 0.723 0.198 1.5844 -2.7171
1770200593.8466 0 'robobot/drive/T0/pose' 1770200593.8465 105.5900 0.723 0.198 1.5844 -2.7171
1770200593.8467 0 'robobot/drive/T0/gyro' 1770200593.8466 0.038757 -0.076294 -0.381409 105.590
1770200593.8467 0 'robobot/drive/T0/acc' 1770200593.8467 0.414062 0.000732 0.884033 105.590
1770200593.8479 0 'robobot/drive/T0/vel' 1770200593.8478 105.5920 0.000 0.000 0.0000 0.000 4
1770200593.8488 0 'robobot/drive/T0/mvel' 1770200593.8487 0.000 0.000
1770200593.8501 0 'robobot/drive/T0/livn' 1770200593.8500 33 37 48 77 76 40 38 45 128
1770200593.8512 0 'robobot/drive/T0/pose' 1770200593.8511 105.5950 0.723 0.198 1.5844 -2.7170
1770200593.8555 0 'robobot/drive/T0/vel' 1770200593.8554 105.6000 0.000 0.000 0.0000 0.000 4
1770200593.8562 0 'robobot/drive/T0/mvel' 1770200593.8562 0.000 0.000
1770200593.8566 0 'robobot/drive/T0/pose' 1770200593.8565 105.6000 0.723 0.198 1.5844 -2.7170
1770200593.8567 0 'robobot/drive/T0/ird' 1770200593.8566 0.551 0.118 4676 16377 1
1770200593.8579 0 'robobot/drive/T0/mca' 1770200593.8579 -0.000 0.000 16
1770200593.8580 0 'robobot/drive/T0/gyro' 1770200593.8579 0.008240 0.106812 -0.076233 105.602
1770200593.8581 0 'robobot/drive/T0/acc' 1770200593.8580 0.409180 -0.002930 0.888672 105.602
1770200593.8582 0 'robobot/drive/master' 1770200593.8582 2026-02-04 11:23:03.813786
1770200593.8592 0 'robobot/drive/T0/livn' 1770200593.8591 34 37 47 78 77 40 38 45 133
1770200593.8614 0 'robobot/drive/T0/pose' 1770200593.8613 105.6050 0.723 0.198 1.5844 -2.7170
1770200593.8636 0 'robobot/drive/T0/liv' 1770200593.8635 28 32 43 59 69 39 32 27 25
1770200593.8636 0 'robobot/drive/T0/vel' 1770200593.8636 105.6080 0.000 0.000 0.0000 0.000 4
1770200593.8647 0 'robobot/drive/T0/mvel' 1770200593.8646 0.000 0.000
1770200593.8658 0 'robobot/drive/T0/pose' 1770200593.8658 105.6100 0.723 0.198 1.5844 -2.7170
1770200593.8680 0 'robobot/drive/T0/mot' 1770200593.8679 0 0 0.1 0.1 0
1770200593.8691 0 'robobot/drive/T0/livn' 1770200593.8691 34 37 47 78 77 40 38 45 138
1770200593.8702 0 'robobot/drive/T0/gyro' 1770200593.8702 0.008240 0.167847 -0.259338 105.614
1770200593.8703 0 'robobot/drive/T0/acc' 1770200593.8703 0.405273 0.001953 0.891113 105.614
1770200593.8714 0 'robobot/drive/T0/pose' 1770200593.8714 105.6150 0.723 0.198 1.5844 -2.7170
1770200593.8715 0 'robobot/drive/T0/vel' 1770200593.8715 105.6160 0.000 0.000 0.0000 0.000 4
1770200593.8721 0 'robobot/drive/T0/mvel' 1770200593.8720 0.000 0.000
1770200593.8758 0 'robobot/drive/T0/pose' 1770200593.8757 105.6200 0.723 0.198 1.5844 -2.7169
1770200593.8801 0 'robobot/drive/T0/livn' 1770200593.8800 34 37 47 78 77 40 38 45 143
1770200593.8802 0 'robobot/drive/T0/vel' 1770200593.8801 105.6240 0.000 0.000 0.0000 0.000 4
1770200593.8805 0 'robobot/drive/T0/mvel' 1770200593.8805 0.000 0.000
1770200593.8813 0 'robobot/drive/T0/pose' 1770200593.8812 105.6250 0.723 0.198 1.5844 -2.7169
1770200593.8824 0 'robobot/drive/T0/ird' 1770200593.8824 0.555 0.117 4651 16485 1
1770200593.8825 0 'robobot/drive/T0/gyro' 1770200593.8824 -0.174866 -0.045776 -0.106750 105.626
1770200593.8826 0 'robobot/drive/T0/acc' 1770200593.8825 0.403076 0.001221 0.895996 105.626
1770200593.8858 0 'robobot/drive/T0/pose' 1770200593.8857 105.6300 0.723 0.198 1.5844 -2.7169
1770200593.8880 0 'robobot/drive/T0/vel' 1770200593.8879 105.6320 0.000 0.000 0.0000 0.000 4
1770200593.8890 0 'robobot/drive/T0/mvel' 1770200593.8890 0.000 0.000
1770200593.8902 0 'robobot/drive/T0/livn' 1770200593.8901 34 37 48 78 77 40 37 44 148
1770200593.8913 0 'robobot/drive/T0/pose' 1770200593.8912 105.6350 0.723 0.198 1.5844 -2.7170
1770200593.8913 0 'robobot/drive/T0/mca' 1770200593.8913 0.000 0.000 17
1770200593.8946 0 'robobot/drive/T0/gyro' 1770200593.8945 -0.235901 0.198364 -0.137268 105.638
1770200593.8947 0 'robobot/drive/T0/acc' 1770200593.8946 0.399170 -0.005859 0.893555 105.638
1770200593.8958 0 'robobot/drive/T0/vel' 1770200593.8957 105.6400 0.000 0.000 0.0000 0.000 4
1770200593.8958 0 'robobot/drive/T0/pose' 1770200593.8958 105.6400 0.723 0.198 1.5844 -2.7170
1770200593.8964 0 'robobot/drive/T0/mvel' 1770200593.8964 0.000 0.000
1770200593.9001 0 'robobot/drive/T0/livn' 1770200593.9001 34 37 47 78 77 40 37 44 153
1770200593.9013 0 'robobot/drive/T0/pose' 1770200593.9012 105.6450 0.723 0.198 1.5844 -2.7171
1770200593.9014 0 'robobot/drive/T0/mot' 1770200593.9013 0 0 0.1 0.1 0
1770200593.9035 0 'robobot/drive/T0/vel' 1770200593.9035 105.6480 0.000 0.000 0.0000 0.000 4
1770200593.9038 0 'robobot/drive/T0/mvel' 1770200593.9038 0.000 0.000
1770200593.9057 0 'robobot/drive/T0/pose' 1770200593.9056 105.6500 0.723 0.198 1.5844 -2.7171
1770200593.9058 0 'robobot/drive/T0/gyro' 1770200593.9057 0.160828 0.320435 0.076355 105.650
1770200593.9059 0 'robobot/drive/T0/acc' 1770200593.9058 0.393555 -0.005371 0.899658 105.650
1770200593.9070 0 'robobot/drive/T0/ird' 1770200593.9069 0.555 0.116 4652 16584 1
1770200593.9092 0 'robobot/drive/T0/livn' 1770200593.9091 35 37 47 77 77 40 37 44 158
1770200593.9114 0 'robobot/drive/T0/pose' 1770200593.9113 105.6550 0.723 0.198 1.5844 -2.7171
1770200593.9115 0 'robobot/drive/T0/vel' 1770200593.9114 105.6560 0.000 0.000 0.0000 0.000 4
1770200593.9123 0 'robobot/drive/T0/mvel' 1770200593.9123 0.000 0.000
1770200593.9136 0 'robobot/drive/T0/liv' 1770200593.9136 30 34 45 59 67 38 32 27 25
1770200593.9158 0 'robobot/drive/T0/pose' 1770200593.9158 105.6600 0.723 0.198 1.5844 -2.7172
1770200593.9180 0 'robobot/drive/T0/gyro' 1770200593.9179 -0.113831 -0.015259 0.259460 105.662
1770200593.9181 0 'robobot/drive/T0/acc' 1770200593.9180 0.398193 -0.000488 0.892090 105.662
1770200593.9192 0 'robobot/drive/T0/livn' 1770200593.9191 35 37 47 77 77 40 37 44 163
1770200593.9203 0 'robobot/drive/T0/vel' 1770200593.9203 105.6640 0.000 0.000 0.0000 0.000 4
1770200593.9208 0 'robobot/drive/T0/mvel' 1770200593.9207 0.000 0.000
1770200593.9215 0 'robobot/drive/T0/pose' 1770200593.9214 105.6650 0.723 0.198 1.5844 -2.7172
1770200593.9247 0 'robobot/drive/T0/mca' 1770200593.9246 0.000 0.000 16
1770200593.9259 0 'robobot/drive/T0/pose' 1770200593.9258 105.6700 0.723 0.198 1.5844 -2.7172
1770200593.9281 0 'robobot/drive/T0/vel' 1770200593.9280 105.6720 0.000 0.000 0.0000 0.000 4
1770200593.9282 0 'robobot/drive/T0/mvel' 1770200593.9282 0.000 0.000
1770200593.9296 0 'robobot/drive/T0/livn' 1770200593.9292 35 37 47 77 77 41 37 43 168
1770200593.9308 0 'robobot/drive/T0/gyro' 1770200593.9307 -0.205383 -0.045776 -0.015198 105.674
1770200593.9309 0 'robobot/drive/T0/acc' 1770200593.9308 0.400391 0.000244 0.890625 105.674
1770200593.9313 0 'robobot/drive/T0/pose' 1770200593.9311 105.6750 0.723 0.198 1.5844 -2.7173
1770200593.9326 0 'robobot/drive/T0/ird' 1770200593.9324 0.558 0.116 4633 16688 1
1770200593.9338 0 'robobot/drive/T0/mot' 1770200593.9337 0 0 0.1 0.1 0
1770200593.9361 0 'robobot/drive/T0/vel' 1770200593.9359 105.6800 0.000 0.000 0.0000 0.000 4
1770200593.9361 0 'robobot/drive/T0/pose' 1770200593.9361 105.6800 0.723 0.198 1.5844 -2.7173
1770200593.9363 0 'robobot/drive/T0/mvel' 1770200593.9362 0.000 0.000
1770200593.9396 0 'robobot/drive/T0/livn' 1770200593.9394 35 37 47 77 77 41 38 43 173
1770200593.9407 0 'robobot/drive/T0/pose' 1770200593.9406 105.6850 0.723 0.198 1.5844 -2.7174
1770200593.9420 0 'robobot/drive/T0/gyro' 1770200593.9418 -0.296936 -0.289917 -0.045715 105.686
1770200593.9422 0 'robobot/drive/T0/acc' 1770200593.9420 0.402100 0.001465 0.891113 105.686
1770200593.9434 0 'robobot/drive/T0/vel' 1770200593.9433 105.6880 0.000 0.000 0.0000 0.000 4
1770200593.9438 0 'robobot/drive/T0/mvel' 1770200593.9438 0.000 0.000
1770200593.9467 0 'robobot/drive/T0/pose' 1770200593.9466 105.6900 0.723 0.198 1.5844 -2.7174
1770200593.9499 0 'robobot/drive/T0/livn' 1770200593.9498 35 38 48 77 77 41 38 43 178
1770200593.9511 0 'robobot/drive/T0/pose' 1770200593.9510 105.6950 0.723 0.198 1.5844 -2.7174
1770200593.9522 0 'robobot/drive/T0/vel' 1770200593.9521 105.6960 0.000 0.000 0.0000 0.000 4
1770200593.9524 0 'robobot/drive/T0/mvel' 1770200593.9524 0.000 0.000
1770200593.9546 0 'robobot/drive/T0/gyro' 1770200593.9543 -0.266418 -0.198364 0.259460 105.698
1770200593.9547 0 'robobot/drive/T0/acc' 1770200593.9546 0.400146 -0.005127 0.895508 105.698
1770200593.9559 0 'robobot/drive/T0/pose' 1770200593.9557 105.7000 0.723 0.198 1.5844 -2.7175
1770200593.9570 0 'robobot/drive/T0/ird' 1770200593.9569 0.557 0.116 4643 16579 1
1770200593.9571 0 'robobot/drive/T0/mca' 1770200593.9570 0.000 0.000 17
1770200593.9593 0 'robobot/drive/T0/livn' 1770200593.9592 35 38 48 77 77 41 38 43 183
1770200593.9604 0 'robobot/drive/T0/vel' 1770200593.9603 105.7040 0.000 0.000 0.0000 0.000 4
1770200593.9611 0 'robobot/drive/T0/mvel' 1770200593.9610 0.000 0.000
1770200593.9616 0 'robobot/drive/T0/pose' 1770200593.9615 105.7050 0.723 0.198 1.5844 -2.7175
1770200593.9638 0 'robobot/drive/T0/liv' 1770200593.9637 27 40 48 59 68 44 36 29 25
1770200593.9660 0 'robobot/drive/T0/pose' 1770200593.9659 105.7100 0.723 0.198 1.5844 -2.7175
1770200593.9660 0 'robobot/drive/T0/gyro' 1770200593.9660 -0.296936 -0.137329 -0.015198 105.710
1770200593.9661 0 'robobot/drive/T0/acc' 1770200593.9660 0.407227 -0.002686 0.887451 105.710
1770200593.9673 0 'robobot/drive/T0/mot' 1770200593.9672 0 0 0.1 0.1 0
1770200593.9674 0 'robobot/drive/T0/vel' 1770200593.9673 105.7120 0.000 0.000 0.0000 0.000 4
1770200593.9675 0 'robobot/drive/T0/mvel' 1770200593.9675 0.000 0.000
1770200593.9696 0 'robobot/drive/T0/livn' 1770200593.9696 35 38 48 77 77 41 38 43 188
1770200593.9708 0 'robobot/drive/T0/pose' 1770200593.9707 105.7150 0.723 0.198 1.5844 -2.7175
1770200593.9762 0 'robobot/drive/T0/vel' 1770200593.9761 105.7200 0.000 0.000 0.0000 0.000 4
1770200593.9762 0 'robobot/drive/T0/pose' 1770200593.9762 105.7200 0.723 0.198 1.5844 -2.7175
1770200593.9771 0 'robobot/drive/T0/mvel' 1770200593.9770 0.000 0.000
1770200593.9784 0 'robobot/drive/T0/gyro' 1770200593.9783 -0.052795 -0.320435 -0.259338 105.722
1770200593.9785 0 'robobot/drive/T0/acc' 1770200593.9784 0.409424 -0.006592 0.890381 105.722
1770200593.9797 0 'robobot/drive/T0/livn' 1770200593.9796 35 38 48 77 77 41 38 43 193
1770200593.9808 0 'robobot/drive/T0/pose' 1770200593.9807 105.7250 0.723 0.198 1.5844 -2.7175
1770200593.9820 0 'robobot/drive/T0/ird' 1770200593.9819 0.560 0.118 4625 16415 1
1770200593.9842 0 'robobot/drive/T0/vel' 1770200593.9841 105.7280 0.000 0.000 0.0000 0.000 4
1770200593.9846 0 'robobot/drive/T0/mvel' 1770200593.9845 0.000 0.000
1770200593.9864 0 'robobot/drive/T0/pose' 1770200593.9863 105.7300 0.723 0.198 1.5844 -2.7174
1770200593.9896 0 'robobot/drive/T0/livn' 1770200593.9896 35 38 48 77 77 41 38 43 198
1770200593.9908 0 'robobot/drive/T0/mca' 1770200593.9907 -0.000 0.000 16
1770200593.9908 0 'robobot/drive/T0/gyro' 1770200593.9908 0.099792 -0.259399 -0.015198 105.734
1770200593.9909 0 'robobot/drive/T0/acc' 1770200593.9908 0.411133 -0.001953 0.893799 105.734
1770200593.9910 0 'robobot/drive/T0/pose' 1770200593.9909 105.7350 0.723 0.198 1.5844 -2.7174
1770200593.9923 0 'robobot/drive/T0/vel' 1770200593.9920 105.7360 0.000 0.000 0.0000 0.000 4
1770200593.9923 0 'robobot/drive/T0/mvel' 1770200593.9921 0.000 0.000
1770200593.9966 0 'robobot/drive/T0/pose' 1770200593.9965 105.7400 0.723 0.198 1.5844 -2.7174
1770200593.9999 0 'robobot/drive/T0/livn' 1770200593.9998 35 38 48 77 77 41 38 43 203
1770200593.9999 0 'robobot/drive/T0/vel' 1770200593.9999 105.7440 0.000 0.000 0.0000 0.000 4
1770200594.0000 0 'robobot/drive/T0/mot' 1770200594.0000 0 0 0.1 0.1 0
1770200594.0009 0 'robobot/drive/T0/mvel' 1770200594.0008 0.000 0.000
1770200594.0011 0 'robobot/drive/T0/pose' 1770200594.0011 105.7450 0.723 0.198 1.5844 -2.7174
1770200594.0023 0 'robobot/drive/T0/gyro' 1770200594.0022 0.099792 0.045776 -0.228821 105.746
1770200594.0023 0 'robobot/drive/T0/acc' 1770200594.0023 0.409180 0.000732 0.891602 105.746
1770200594.0067 0 'robobot/drive/T0/pose' 1770200594.0066 105.7500 0.723 0.198 1.5844 -2.7173
1770200594.0067 0 'robobot/drive/T0/ird' 1770200594.0067 0.558 0.117 4635 16499 1
1770200594.0078 0 'robobot/drive/T0/vel' 1770200594.0078 105.7520 0.000 0.000 0.0000 0.000 4
1770200594.0084 0 'robobot/drive/T0/mvel' 1770200594.0083 0.000 0.000
1770200594.0100 0 'robobot/drive/T0/livn' 1770200594.0100 35 38 48 77 77 41 38 43 208
1770200594.0111 0 'robobot/drive/T0/pose' 1770200594.0111 105.7550 0.723 0.198 1.5844 -2.7173
1770200594.0133 0 'robobot/drive/T0/liv' 1770200594.0133 29 34 45 57 70 40 34 29 25
1770200594.0145 0 'robobot/drive/T0/gyro' 1770200594.0144 -0.022278 -0.167847 -0.045715 105.758
1770200594.0145 0 'robobot/drive/T0/acc' 1770200594.0145 0.406494 -0.001709 0.889648 105.758
1770200594.0157 0 'robobot/drive/T0/vel' 1770200594.0156 105.7600 0.000 0.000 0.0000 0.000 4
1770200594.0157 0 'robobot/drive/T0/pose' 1770200594.0157 105.7600 0.723 0.198 1.5844 -2.7173
1770200594.0159 0 'robobot/drive/T0/mvel' 1770200594.0159 0.000 0.000
1770200594.0200 0 'robobot/drive/T0/livn' 1770200594.0200 35 38 48 77 77 41 38 43 213
1770200594.0211 0 'robobot/drive/T0/pose' 1770200594.0211 105.7650 0.723 0.198 1.5844 -2.7172
1770200594.0233 0 'robobot/drive/T0/mca' 1770200594.0233 0.000 0.000 17
1770200594.0234 0 'robobot/drive/T0/vel' 1770200594.0233 105.7680 0.000 0.000 0.0000 0.000 4
1770200594.0236 0 'robobot/drive/T0/mvel' 1770200594.0235 0.000 0.000
1770200594.0266 0 'robobot/drive/T0/pose' 1770200594.0265 105.7700 0.723 0.198 1.5844 -2.7172
1770200594.0267 0 'robobot/drive/T0/gyro' 1770200594.0266 -0.144348 -0.045776 -0.259338 105.770
1770200594.0268 0 'robobot/drive/T0/acc' 1770200594.0267 0.406738 -0.002197 0.888184 105.770
1770200594.0300 0 'robobot/drive/T0/livn' 1770200594.0299 35 38 48 77 77 41 38 43 218
1770200594.0311 0 'robobot/drive/T0/pose' 1770200594.0311 105.7750 0.723 0.198 1.5844 -2.7172
1770200594.0322 0 'robobot/drive/T0/vel' 1770200594.0322 105.7760 0.000 0.000 0.0000 0.000 4
1770200594.0323 0 'robobot/drive/T0/ird' 1770200594.0323 0.557 0.118 4639 16393 1
1770200594.0331 0 'robobot/drive/T0/mvel' 1770200594.0331 0.000 0.000
1770200594.0334 0 'robobot/drive/T0/mot' 1770200594.0334 0 0 0.1 0.1 0
1770200594.0367 0 'robobot/drive/T0/pose' 1770200594.0366 105.7800 0.723 0.198 1.5844 -2.7172
1770200594.0389 0 'robobot/drive/T0/gyro' 1770200594.0388 -0.052795 0.015259 -0.076233 105.782
1770200594.0389 0 'robobot/drive/T0/acc' 1770200594.0389 0.402832 -0.000977 0.893555 105.782
1770200594.0401 0 'robobot/drive/T0/livn' 1770200594.0400 35 38 48 77 77 41 38 43 223
1770200594.0401 0 'robobot/drive/T0/vel' 1770200594.0401 105.7840 0.000 0.000 0.0000 0.000 4
1770200594.0405 0 'robobot/drive/T0/mvel' 1770200594.0405 0.000 0.000
1770200594.0412 0 'robobot/drive/T0/pose' 1770200594.0412 105.7850 0.723 0.198 1.5844 -2.7172
1770200594.0466 0 'robobot/drive/T0/pose' 1770200594.0465 105.7900 0.723 0.198 1.5844 -2.7172
1770200594.0477 0 'robobot/drive/T0/vel' 1770200594.0477 105.7920 0.000 0.000 0.0000 0.000 4
1770200594.0479 0 'robobot/drive/T0/mvel' 1770200594.0479 0.000 0.000
1770200594.0499 0 'robobot/drive/T0/livn' 1770200594.0498 35 38 48 76 77 41 38 43 228
1770200594.0500 0 'robobot/drive/T0/gyro' 1770200594.0499 -0.113831 0.198364 0.198425 105.794
1770200594.0500 0 'robobot/drive/T0/acc' 1770200594.0500 0.401367 -0.000977 0.893555 105.794
1770200594.0512 0 'robobot/drive/T0/pose' 1770200594.0511 105.7950 0.723 0.198 1.5844 -2.7172
1770200594.0555 0 'robobot/drive/T0/vel' 1770200594.0554 105.8000 0.000 0.000 0.0000 0.000 4
1770200594.0564 0 'robobot/drive/T0/mvel' 1770200594.0564 0.000 0.000
1770200594.0566 0 'robobot/drive/T0/pose' 1770200594.0565 105.8000 0.723 0.198 1.5844 -2.7172
1770200594.0566 0 'robobot/drive/T0/mca' 1770200594.0566 0.000 0.000 16
1770200594.0567 0 'robobot/drive/T0/ird' 1770200594.0566 0.559 0.117 4630 16478 1
1770200594.0599 0 'robobot/drive/T0/livn' 1770200594.0599 35 38 48 76 77 41 38 43 233
1770200594.0611 0 'robobot/drive/T0/pose' 1770200594.0610 105.8050 0.723 0.198 1.5844 -2.7172
1770200594.0622 0 'robobot/drive/T0/gyro' 1770200594.0621 0.069275 0.137329 -0.076233 105.806
1770200594.0623 0 'robobot/drive/T0/acc' 1770200594.0622 0.397217 -0.000732 0.889893 105.806
1770200594.0634 0 'robobot/drive/T0/liv' 1770200594.0633 25 35 46 57 65 42 37 30 25
1770200594.0634 0 'robobot/drive/T0/vel' 1770200594.0634 105.8080 0.000 0.000 0.0000 0.000 4
1770200594.0638 0 'robobot/drive/T0/mvel' 1770200594.0638 0.000 0.000
1770200594.0667 0 'robobot/drive/T0/mot' 1770200594.0666 0 0 0.1 0.1 0
1770200594.0667 0 'robobot/drive/T0/pose' 1770200594.0667 105.8100 0.723 0.198 1.5844 -2.7172
1770200594.0700 0 'robobot/drive/T0/livn' 1770200594.0699 35 38 48 76 76 41 38 43 238
1770200594.0711 0 'robobot/drive/T0/pose' 1770200594.0710 105.8150 0.723 0.198 1.5844 -2.7173
1770200594.0722 0 'robobot/drive/T0/vel' 1770200594.0721 105.8160 0.000 0.000 0.0000 0.000 4
1770200594.0723 0 'robobot/drive/T0/mvel' 1770200594.0723 0.000 0.000
1770200594.0744 0 'robobot/drive/T0/gyro' 1770200594.0743 -0.205383 0.259399 -0.015198 105.818
1770200594.0745 0 'robobot/drive/T0/acc' 1770200594.0744 0.404541 -0.004150 0.896484 105.818
1770200594.0767 0 'robobot/drive/T0/pose' 1770200594.0766 105.8200 0.723 0.198 1.5844 -2.7173
1770200594.0799 0 'robobot/drive/T0/livn' 1770200594.0798 35 38 48 76 76 41 38 43 243
1770200594.0800 0 'robobot/drive/T0/vel' 1770200594.0799 105.8240 0.000 0.000 0.0000 0.000 4
1770200594.0808 0 'robobot/drive/T0/mvel' 1770200594.0808 0.000 0.000
1770200594.0811 0 'robobot/drive/T0/pose' 1770200594.0810 105.8250 0.723 0.198 1.5844 -2.7173
1770200594.0822 0 'robobot/drive/T0/ird' 1770200594.0821 0.569 0.118 4574 16438 1
1770200594.0865 0 'robobot/drive/T0/pose' 1770200594.0864 105.8300 0.723 0.198 1.5844 -2.7173
1770200594.0866 0 'robobot/drive/T0/gyro' 1770200594.0865 -0.052795 -0.045776 -0.289856 105.830
1770200594.0866 0 'robobot/drive/T0/acc' 1770200594.0866 0.403564 0.001221 0.892822 105.830
1770200594.0878 0 'robobot/drive/T0/vel' 1770200594.0877 105.8320 0.000 0.000 0.0000 0.000 4
1770200594.0882 0 'robobot/drive/T0/mvel' 1770200594.0882 0.000 0.000
1770200594.0889 0 'robobot/drive/T0/mca' 1770200594.0888 0.000 0.000 17
1770200594.0900 0 'robobot/drive/T0/livn' 1770200594.0899 34 38 48 76 76 41 38 43 248
1770200594.0911 0 'robobot/drive/T0/pose' 1770200594.0910 105.8350 0.723 0.198 1.5844 -2.7173
1770200594.0954 0 'robobot/drive/T0/vel' 1770200594.0953 105.8400 0.000 0.000 0.0000 0.000 4
1770200594.0956 0 'robobot/drive/T0/mvel' 1770200594.0956 0.000 0.000
1770200594.0965 0 'robobot/drive/T0/pose' 1770200594.0965 105.8400 0.723 0.198 1.5844 -2.7173
1770200594.0987 0 'robobot/drive/T0/gyro' 1770200594.0987 -0.266418 -0.106812 0.137390 105.842
1770200594.0988 0 'robobot/drive/T0/acc' 1770200594.0987 0.397949 -0.000732 0.893066 105.842
1770200594.0988 0 'robobot/drive/T0/mot' 1770200594.0988 0 0 0.1 0.1 0
1770200594.0999 0 'robobot/drive/T0/livn' 1770200594.0999 35 38 48 77 76 41 38 43 253
1770200594.1012 0 'robobot/drive/T0/pose' 1770200594.1011 105.8450 0.723 0.198 1.5844 -2.7173
1770200594.1044 0 'robobot/drive/T0/vel' 1770200594.1043 105.8480 0.000 0.000 0.0000 0.000 4
1770200594.1052 0 'robobot/drive/T0/mvel' 1770200594.1051 0.000 0.000
1770200594.1066 0 'robobot/drive/T0/pose' 1770200594.1065 105.8500 0.723 0.198 1.5844 -2.7174
1770200594.1067 0 'robobot/drive/T0/ird' 1770200594.1066 0.584 0.117 4492 16481 1
1770200594.1099 0 'robobot/drive/T0/livn' 1770200594.1098 34 38 48 76 76 41 38 43 258
1770200594.1100 0 'robobot/drive/T0/gyro' 1770200594.1099 -0.235901 -0.015259 -0.045715 105.854
1770200594.1100 0 'robobot/drive/T0/acc' 1770200594.1100 0.403564 -0.002197 0.890381 105.854
1770200594.1112 0 'robobot/drive/T0/pose' 1770200594.1111 105.8550 0.723 0.198 1.5844 -2.7174
1770200594.1123 0 'robobot/drive/T0/vel' 1770200594.1122 105.8560 0.000 0.000 0.0000 0.000 4
1770200594.1126 0 'robobot/drive/T0/mvel' 1770200594.1125 0.000 0.000
1770200594.1134 0 'robobot/drive/T0/liv' 1770200594.1133 23 34 48 58 67 38 35 31 25
1770200594.1166 0 'robobot/drive/T0/pose' 1770200594.1166 105.8600 0.723 0.198 1.5844 -2.7174
1770200594.1199 0 'robobot/drive/T0/livn' 1770200594.1198 35 38 48 76 76 41 38 43 263
1770200594.1199 0 'robobot/drive/T0/vel' 1770200594.1199 105.8640 0.000 0.000 0.0000 0.000 4
1770200594.1200 0 'robobot/drive/T0/mvel' 1770200594.1200 0.000 0.000
1770200594.1211 0 'robobot/drive/T0/pose' 1770200594.1210 105.8650 0.723 0.198 1.5844 -2.7174
1770200594.1222 0 'robobot/drive/T0/mca' 1770200594.1221 0.000 0.000 16
1770200594.1223 0 'robobot/drive/T0/gyro' 1770200594.1222 -0.113831 0.015259 -0.350891 105.866
1770200594.1223 0 'robobot/drive/T0/acc' 1770200594.1223 0.406006 -0.004395 0.894775 105.866
1770200594.1267 0 'robobot/drive/T0/pose' 1770200594.1266 105.8700 0.723 0.198 1.5844 -2.7174
1770200594.1287 0 'robobot/drive/T0/vel' 1770200594.1286 105.8720 0.000 0.000 0.0000 0.000 4
1770200594.1288 0 'robobot/drive/T0/mvel' 1770200594.1288 0.000 0.000
1770200594.1299 0 'robobot/drive/T0/livn' 1770200594.1298 35 38 48 76 76 41 38 43 268
1770200594.1310 0 'robobot/drive/T0/pose' 1770200594.1310 105.8750 0.723 0.198 1.5844 -2.7174
1770200594.1322 0 'robobot/drive/T0/ird' 1770200594.1321 0.583 0.117 4500 16523 1
1770200594.1322 0 'robobot/drive/T0/mot' 1770200594.1322 0 0 0.1 0.1 0
1770200594.1351 0 'robobot/drive/T0/gyro' 1770200594.1350 -0.113831 -0.198364 -0.228821 105.878
1770200594.1352 0 'robobot/drive/T0/acc' 1770200594.1351 0.409912 0.000488 0.894287 105.879
1770200594.1363 0 'robobot/drive/T0/vel' 1770200594.1362 105.8800 0.000 0.000 0.0000 0.000 4
1770200594.1364 0 'robobot/drive/T0/pose' 1770200594.1363 105.8800 0.723 0.198 1.5844 -2.7174
1770200594.1372 0 'robobot/drive/T0/mvel' 1770200594.1371 0.000 0.000
1770200594.1397 0 'robobot/drive/T0/livn' 1770200594.1396 35 38 48 76 76 41 38 43 273
1770200594.1409 0 'robobot/drive/T0/pose' 1770200594.1408 105.8850 0.723 0.198 1.5844 -2.7174
1770200594.1442 0 'robobot/drive/T0/vel' 1770200594.1441 105.8880 0.000 0.000 0.0000 0.000 4
1770200594.1446 0 'robobot/drive/T0/mvel' 1770200594.1446 0.000 0.000
1770200594.1464 0 'robobot/drive/T0/pose' 1770200594.1463 105.8900 0.723 0.198 1.5844 -2.7174
1770200594.1464 0 'robobot/drive/T0/gyro' 1770200594.1464 -0.144348 0.045776 -0.228821 105.890
1770200594.1465 0 'robobot/drive/T0/acc' 1770200594.1464 0.403809 -0.000488 0.887695 105.891
1770200594.1497 0 'robobot/drive/T0/livn' 1770200594.1496 35 38 48 76 76 41 38 43 278
1770200594.1508 0 'robobot/drive/T0/pose' 1770200594.1508 105.8950 0.723 0.198 1.5844 -2.7174
1770200594.1520 0 'robobot/drive/T0/vel' 1770200594.1519 105.8960 0.000 0.000 0.0000 0.000 4
1770200594.1520 0 'robobot/drive/T0/mvel' 1770200594.1520 0.000 0.000
1770200594.1552 0 'robobot/drive/T0/mca' 1770200594.1551 0.000 0.000 17
1770200594.1563 0 'robobot/drive/T0/pose' 1770200594.1562 105.9000 0.723 0.198 1.5844 -2.7174
1770200594.1574 0 'robobot/drive/T0/ird' 1770200594.1574 0.589 0.118 4469 16385 1
1770200594.1586 0 'robobot/drive/T0/gyro' 1770200594.1585 0.008240 -0.045776 -0.167786 105.902
1770200594.1587 0 'robobot/drive/T0/acc' 1770200594.1586 0.405518 -0.005371 0.890381 105.903
1770200594.1598 0 'robobot/drive/T0/livn' 1770200594.1597 35 38 48 76 76 41 38 44 283
1770200594.1598 0 'robobot/drive/T0/vel' 1770200594.1598 105.9040 0.000 0.000 0.0000 0.000 4
1770200594.1604 0 'robobot/drive/T0/mvel' 1770200594.1604 0.000 0.000
1770200594.1610 0 'robobot/drive/T0/pose' 1770200594.1609 105.9050 0.723 0.198 1.5844 -2.7173
1770200594.1632 0 'robobot/drive/T0/liv' 1770200594.1631 31 34 45 57 69 42 35 30 25
1770200594.1653 0 'robobot/drive/T0/mot' 1770200594.1653 0 0 0.1 0.1 0
1770200594.1664 0 'robobot/drive/T0/pose' 1770200594.1664 105.9100 0.723 0.198 1.5844 -2.7173
1770200594.1676 0 'robobot/drive/T0/vel' 1770200594.1675 105.9120 0.000 0.000 0.0000 0.000 4
1770200594.1678 0 'robobot/drive/T0/mvel' 1770200594.1677 0.000 0.000
1770200594.1698 0 'robobot/drive/T0/livn' 1770200594.1697 35 38 48 76 76 41 38 44 288
1770200594.1709 0 'robobot/drive/T0/gyro' 1770200594.1708 0.099792 0.045776 -0.076233 105.914
1770200594.1710 0 'robobot/drive/T0/acc' 1770200594.1709 0.407227 -0.003662 0.887939 105.915
1770200594.1710 0 'robobot/drive/T0/pose' 1770200594.1710 105.9150 0.723 0.198 1.5844 -2.7173
1770200594.1764 0 'robobot/drive/T0/vel' 1770200594.1763 105.9200 0.000 0.000 0.0000 0.000 4
1770200594.1765 0 'robobot/drive/T0/pose' 1770200594.1764 105.9200 0.723 0.198 1.5844 -2.7173
1770200594.1774 0 'robobot/drive/T0/mvel' 1770200594.1773 0.000 0.000
1770200594.1797 0 'robobot/drive/T0/livn' 1770200594.1796 35 38 48 76 76 41 38 44 293
1770200594.1809 0 'robobot/drive/T0/pose' 1770200594.1808 105.9250 0.723 0.198 1.5844 -2.7172
1770200594.1820 0 'robobot/drive/T0/ird' 1770200594.1819 0.584 0.117 4494 16515 1
1770200594.1821 0 'robobot/drive/T0/gyro' 1770200594.1820 0.038757 0.198364 -0.045715 105.927
1770200594.1821 0 'robobot/drive/T0/acc' 1770200594.1821 0.405029 -0.001709 0.894531 105.927
1770200594.1843 0 'robobot/drive/T0/vel' 1770200594.1843 105.9280 0.000 0.000 0.0000 0.000 4
1770200594.1848 0 'robobot/drive/T0/mvel' 1770200594.1848 0.000 0.000
1770200594.1865 0 'robobot/drive/T0/pose' 1770200594.1864 105.9300 0.723 0.198 1.5844 -2.7172
1770200594.1887 0 'robobot/drive/T0/mca' 1770200594.1886 0.000 0.000 16
1770200594.1898 0 'robobot/drive/T0/livn' 1770200594.1898 34 38 48 76 76 41 38 44 298
1770200594.1909 0 'robobot/drive/T0/pose' 1770200594.1909 105.9350 0.723 0.198 1.5844 -2.7172
1770200594.1921 0 'robobot/drive/T0/vel' 1770200594.1920 105.9360 0.000 0.000 0.0000 0.000 4
1770200594.1926 0 'robobot/drive/T0/mvel' 1770200594.1926 0.000 0.000
1770200594.1943 0 'robobot/drive/T0/gyro' 1770200594.1942 -0.113831 0.045776 -0.167786 105.939
1770200594.1944 0 'robobot/drive/T0/acc' 1770200594.1943 0.405518 -0.001465 0.894287 105.939
1770200594.1966 0 'robobot/drive/T0/pose' 1770200594.1965 105.9400 0.723 0.198 1.5844 -2.7172
1770200594.1976 0 'robobot/drive/T0/mot' 1770200594.1976 0 0 0.1 0.1 0
1770200594.1998 0 'robobot/drive/T0/livn' 1770200594.1998 35 48 45 74 73 38 34 41 2
1770200594.1999 0 'robobot/drive/T0/vel' 1770200594.1998 105.9440 0.000 0.000 0.0000 0.000 4
1770200594.2001 0 'robobot/drive/T0/mvel' 1770200594.2000 0.000 0.000
1770200594.2010 0 'robobot/drive/T0/pose' 1770200594.2009 105.9450 0.723 0.198 1.5844 -2.7172
1770200594.2063 0 'robobot/drive/T0/pose' 1770200594.2063 105.9500 0.723 0.198 1.5844 -2.7172
1770200594.2064 0 'robobot/drive/T0/gyro' 1770200594.2063 -0.022278 0.015259 -0.076233 105.951
1770200594.2065 0 'robobot/drive/T0/acc' 1770200594.2064 0.406006 -0.003662 0.892090 105.951
1770200594.2076 0 'robobot/drive/T0/ird' 1770200594.2075 0.581 0.118 4509 16442 1
1770200594.2077 0 'robobot/drive/T0/vel' 1770200594.2076 105.9520 0.000 0.000 0.0000 0.000 4
1770200594.2087 0 'robobot/drive/T0/mvel' 1770200594.2086 0.000 0.000
1770200594.2099 0 'robobot/drive/T0/livn' 1770200594.2098 33 41 46 78 75 40 34 45 7
1770200594.2110 0 'robobot/drive/T0/pose' 1770200594.2109 105.9550 0.723 0.198 1.5844 -2.7172
1770200594.2132 0 'robobot/drive/T0/liv' 1770200594.2131 22 35 45 60 67 41 34 32 25
1770200594.2164 0 'robobot/drive/T0/vel' 1770200594.2163 105.9600 0.000 0.000 0.0000 0.000 4
1770200594.2165 0 'robobot/drive/T0/pose' 1770200594.2164 105.9600 0.723 0.198 1.5844 -2.7172
1770200594.2172 0 'robobot/drive/T0/mvel' 1770200594.2171 0.000 0.000
1770200594.2187 0 'robobot/drive/T0/gyro' 1770200594.2186 -0.052795 0.228882 -0.320374 105.963
1770200594.2187 0 'robobot/drive/T0/acc' 1770200594.2187 0.400391 -0.003418 0.895020 105.963
1770200594.2199 0 'robobot/drive/T0/livn' 1770200594.2198 36 39 46 78 78 41 35 43 12
1770200594.2210 0 'robobot/drive/T0/mca' 1770200594.2209 0.000 0.000 17
1770200594.2210 0 'robobot/drive/T0/pose' 1770200594.2210 105.9650 0.723 0.198 1.5844 -2.7172
1770200594.2243 0 'robobot/drive/T0/vel' 1770200594.2242 105.9680 0.000 0.000 0.0000 0.000 4
1770200594.2246 0 'robobot/drive/T0/mvel' 1770200594.2246 0.000 0.000
1770200594.2265 0 'robobot/drive/T0/pose' 1770200594.2264 105.9700 0.723 0.198 1.5844 -2.7172
1770200594.2297 0 'robobot/drive/T0/livn' 1770200594.2296 36 36 44 76 78 40 35 40 17
1770200594.2308 0 'robobot/drive/T0/gyro' 1770200594.2307 -0.083313 -0.167847 -0.167786 105.975
1770200594.2309 0 'robobot/drive/T0/acc' 1770200594.2308 0.402100 -0.000977 0.896484 105.975
1770200594.2309 0 'robobot/drive/T0/mot' 1770200594.2309 0 0 0.1 0.1 0
1770200594.2310 0 'robobot/drive/T0/pose' 1770200594.2309 105.9750 0.723 0.198 1.5844 -2.7172
1770200594.2321 0 'robobot/drive/T0/vel' 1770200594.2321 105.9760 0.000 0.000 0.0000 0.000 4
1770200594.2322 0 'robobot/drive/T0/ird' 1770200594.2321 0.587 0.117 4481 16488 1
1770200594.2332 0 'robobot/drive/T0/mvel' 1770200594.2331 0.000 0.000
1770200594.2365 0 'robobot/drive/T0/pose' 1770200594.2364 105.9800 0.723 0.198 1.5844 -2.7173
1770200594.2398 0 'robobot/drive/T0/livn' 1770200594.2397 35 37 45 74 77 41 35 42 22
1770200594.2398 0 'robobot/drive/T0/vel' 1770200594.2398 105.9840 0.000 0.000 0.0000 0.000 4
1770200594.2406 0 'robobot/drive/T0/mvel' 1770200594.2406 0.000 0.000
1770200594.2410 0 'robobot/drive/T0/pose' 1770200594.2409 105.9850 0.723 0.198 1.5844 -2.7173
1770200594.2422 0 'robobot/drive/T0/gyro' 1770200594.2421 -0.083313 -0.106812 0.015320 105.987
1770200594.2423 0 'robobot/drive/T0/acc' 1770200594.2422 0.400391 -0.007080 0.893555 105.987
1770200594.2466 0 'robobot/drive/T0/pose' 1770200594.2465 105.9900 0.723 0.198 1.5844 -2.7173
1770200594.2477 0 'robobot/drive/T0/vel' 1770200594.2477 105.9920 0.000 0.000 0.0000 0.000 4
1770200594.2480 0 'robobot/drive/T0/mvel' 1770200594.2480 0.000 0.000
1770200594.2499 0 'robobot/drive/T0/livn' 1770200594.2498 34 36 46 75 77 41 36 43 27
1770200594.2510 0 'robobot/drive/T0/pose' 1770200594.2510 105.9950 0.723 0.198 1.5844 -2.7173
1770200594.2542 0 'robobot/drive/T0/mca' 1770200594.2542 0.000 0.000 16
1770200594.2543 0 'robobot/drive/T0/gyro' 1770200594.2542 0.130310 0.106812 -0.106750 105.999
1770200594.2544 0 'robobot/drive/T0/acc' 1770200594.2543 0.402344 -0.003174 0.902344 105.999
1770200594.2555 0 'robobot/drive/T0/vel' 1770200594.2554 106.0000 0.000 0.000 0.0000 0.000 4
1770200594.2565 0 'robobot/drive/T0/mvel' 1770200594.2565 0.000 0.000
1770200594.2567 0 'robobot/drive/T0/pose' 1770200594.2566 106.0000 0.723 0.198 1.5844 -2.7173
1770200594.2567 0 'robobot/drive/T0/ird' 1770200594.2567 0.583 0.117 4498 16466 1
1770200594.2599 0 'robobot/drive/T0/livn' 1770200594.2599 34 36 46 74 77 41 38 45 32
1770200594.2611 0 'robobot/drive/T0/pose' 1770200594.2610 106.0050 0.723 0.198 1.5844 -2.7173
1770200594.2633 0 'robobot/drive/T0/liv' 1770200594.2632 27 33 45 56 69 40 35 30 25
1770200594.2644 0 'robobot/drive/T0/vel' 1770200594.2643 106.0080 0.000 0.000 0.0000 0.000 4
1770200594.2644 0 'robobot/drive/T0/mot' 1770200594.2644 0 0 0.1 0.1 0
1770200594.2650 0 'robobot/drive/T0/mvel' 1770200594.2650 0.000 0.000
1770200594.2655 0 'robobot/drive/T0/dname' 1770200594.2655 Robobot Arthur
1770200594.2656 0 'robobot/drive/T0/hbt' 1770200594.2655 106.0090 107 1033 15.65 4 8 9.0 0.31 0
1770200594.2668 0 'robobot/drive/T0/pose' 1770200594.2667 106.0100 0.723 0.198 1.5844 -2.7173
1770200594.2668 0 'robobot/drive/T0/gyro' 1770200594.2668 -0.052795 0.076294 0.015320 106.011
1770200594.2669 0 'robobot/drive/T0/acc' 1770200594.2668 0.401367 -0.004150 0.893311 106.011
1770200594.2701 0 'robobot/drive/T0/livn' 1770200594.2701 35 37 47 73 76 40 37 44 37
1770200594.2713 0 'robobot/drive/T0/pose' 1770200594.2712 106.0150 0.723 0.198 1.5844 -2.7174
1770200594.2724 0 'robobot/drive/T0/vel' 1770200594.2723 106.0160 0.000 0.000 0.0000 0.000 4
1770200594.2725 0 'robobot/drive/T0/mvel' 1770200594.2725 0.000 0.000
1770200594.2767 0 'robobot/drive/T0/pose' 1770200594.2766 106.0200 0.723 0.198 1.5844 -2.7174
1770200594.2789 0 'robobot/drive/T0/gyro' 1770200594.2788 -0.052795 -0.473022 0.381531 106.023
1770200594.2790 0 'robobot/drive/T0/acc' 1770200594.2789 0.405762 -0.001465 0.891602 106.023
1770200594.2801 0 'robobot/drive/T0/livn' 1770200594.2800 35 38 48 73 76 41 39 45 42
1770200594.2801 0 'robobot/drive/T0/vel' 1770200594.2801 106.0240 0.000 0.000 0.0000 0.000 4
1770200594.2802 0 'robobot/drive/T0/mvel' 1770200594.2802 0.000 0.000
1770200594.2813 0 'robobot/drive/T0/pose' 1770200594.2812 106.0250 0.723 0.198 1.5844 -2.7174
1770200594.2824 0 'robobot/drive/T0/ird' 1770200594.2824 0.589 0.117 4469 16475 1
1770200594.2867 0 'robobot/drive/T0/pose' 1770200594.2867 106.0300 0.723 0.198 1.5844 -2.7174
1770200594.2868 0 'robobot/drive/T0/mca' 1770200594.2868 0.000 0.000 17
1770200594.2879 0 'robobot/drive/T0/vel' 1770200594.2879 106.0320 0.000 0.000 0.0000 0.000 4
1770200594.2887 0 'robobot/drive/T0/mvel' 1770200594.2887 0.000 0.000
1770200594.2901 0 'robobot/drive/T0/livn' 1770200594.2900 34 38 48 72 75 41 38 46 47
1770200594.2912 0 'robobot/drive/T0/gyro' 1770200594.2912 -0.235901 -0.320435 -0.045715 106.035
1770200594.2913 0 'robobot/drive/T0/acc' 1770200594.2912 0.405762 -0.001953 0.889404 106.035
1770200594.2914 0 'robobot/drive/T0/pose' 1770200594.2913 106.0350 0.723 0.198 1.5844 -2.7174
1770200594.2957 0 'robobot/drive/T0/vel' 1770200594.2956 106.0400 0.000 0.000 0.0000 0.000 4
1770200594.2962 0 'robobot/drive/T0/mvel' 1770200594.2961 0.000 0.000
1770200594.2968 0 'robobot/drive/T0/pose' 1770200594.2968 106.0410 0.723 0.198 1.5844 -2.7174
1770200594.2969 0 'robobot/drive/T0/mot' 1770200594.2968 0 0 0.1 0.1 0
1770200594.3001 0 'robobot/drive/T0/livn' 1770200594.3000 33 37 47 73 75 41 38 45 52
1770200594.3012 0 'robobot/drive/T0/pose' 1770200594.3012 106.0460 0.723 0.198 1.5844 -2.7174
1770200594.3034 0 'robobot/drive/T0/gyro' 1770200594.3034 -0.205383 -0.045776 -0.472961 106.047
1770200594.3035 0 'robobot/drive/T0/acc' 1770200594.3034 0.406006 -0.003174 0.890869 106.047
1770200594.3036 0 'robobot/drive/T0/vel' 1770200594.3035 106.0480 0.000 0.000 0.0000 0.000 4
1770200594.3037 0 'robobot/drive/T0/mvel' 1770200594.3037 0.000 0.000
1770200594.3068 0 'robobot/drive/T0/pose' 1770200594.3067 106.0510 0.723 0.198 1.5844 -2.7174
1770200594.3069 0 'robobot/drive/T0/ird' 1770200594.3068 0.585 0.117 4487 16481 1
1770200594.3101 0 'robobot/drive/T0/livn' 1770200594.3100 32 37 48 73 76 40 37 45 57
1770200594.3112 0 'robobot/drive/T0/pose' 1770200594.3112 106.0560 0.723 0.198 1.5844 -2.7173
1770200594.3124 0 'robobot/drive/T0/vel' 1770200594.3123 106.0560 0.000 0.000 0.0000 0.000 4
1770200594.3124 0 'robobot/drive/T0/mvel' 1770200594.3124 0.000 0.000
1770200594.3135 0 'robobot/drive/T0/liv' 1770200594.3134 22 33 45 56 68 39 34 31 25
1770200594.3146 0 'robobot/drive/T0/gyro' 1770200594.3145 -0.357971 0.045776 -0.076233 106.059
1770200594.3147 0 'robobot/drive/T0/acc' 1770200594.3146 0.405762 -0.005615 0.895752 106.059
1770200594.3169 0 'robobot/drive/T0/pose' 1770200594.3168 106.0610 0.723 0.198 1.5844 -2.7173
1770200594.3201 0 'robobot/drive/T0/livn' 1770200594.3200 32 37 48 74 77 40 38 46 62
1770200594.3202 0 'robobot/drive/T0/vel' 1770200594.3201 106.0640 0.000 0.000 0.0000 0.000 4
1770200594.3202 0 'robobot/drive/T0/mca' 1770200594.3202 0.000 0.000 16
1770200594.3210 0 'robobot/drive/T0/mvel' 1770200594.3209 0.000 0.000
1770200594.3214 0 'robobot/drive/T0/pose' 1770200594.3213 106.0660 0.723 0.198 1.5844 -2.7173
1770200594.3267 0 'robobot/drive/T0/pose' 1770200594.3266 106.0710 0.723 0.198 1.5844 -2.7173
1770200594.3268 0 'robobot/drive/T0/gyro' 1770200594.3267 -0.205383 0.198364 -0.259338 106.071
1770200594.3269 0 'robobot/drive/T0/acc' 1770200594.3268 0.408691 -0.003418 0.888916 106.071
1770200594.3280 0 'robobot/drive/T0/vel' 1770200594.3279 106.0720 0.000 0.000 0.0000 0.000 4
1770200594.3285 0 'robobot/drive/T0/mvel' 1770200594.3285 0.000 0.000
1770200594.3302 0 'robobot/drive/T0/livn' 1770200594.3302 31 36 48 74 77 40 37 45 67
1770200594.3303 0 'robobot/drive/T0/mot' 1770200594.3302 0 0 0.1 0.1 0
1770200594.3315 0 'robobot/drive/T0/pose' 1770200594.3314 106.0760 0.723 0.198 1.5844 -2.7173
1770200594.3326 0 'robobot/drive/T0/ird' 1770200594.3325 0.583 0.118 4499 16386 1
1770200594.3327 0 'robobot/drive/T0/info' 1770200594.3326 # stopping
1770200594.3327 0 'robobot/drive/T0/info' 1770200594.3327 # stopping
1770200594.3364 0 'robobot/drive/T0/vel' 1770200594.3363 106.0800 0.000 0.000 0.0000 0.000 4
1770200594.3365 0 'robobot/drive/T0/pose' 1770200594.3364 106.0810 0.723 0.198 1.5844 -2.7173
1770200594.3366 0 'robobot/drive/T0/mvel' 1770200594.3366 0.000 0.000
1770200594.3388 0 'robobot/drive/T0/gyro' 1770200594.3387 0.069275 0.045776 -0.015198 106.083
1770200594.3389 0 'robobot/drive/T0/acc' 1770200594.3388 0.406738 -0.004639 0.892822 106.083
1770200594.3400 0 'robobot/drive/T0/livn' 1770200594.3399 31 36 47 74 76 40 38 45 72
1770200594.3412 0 'robobot/drive/T0/pose' 1770200594.3411 106.0860 0.723 0.198 1.5844 -2.7173
1770200594.3435 0 'robobot/drive/T0/vel' 1770200594.3434 106.0880 0.000 0.000 0.0000 0.000 4
1770200594.3440 0 'robobot/drive/T0/mvel' 1770200594.3440 0.000 0.000
1770200594.3468 0 'robobot/drive/T0/pose' 1770200594.3467 106.0910 0.723 0.198 1.5844 -2.7173
1770200594.3500 0 'robobot/drive/T0/livn' 1770200594.3499 32 36 47 74 76 41 38 45 77
1770200594.3511 0 'robobot/drive/T0/gyro' 1770200594.3510 0.038757 -0.015259 0.106873 106.095
1770200594.3512 0 'robobot/drive/T0/acc' 1770200594.3511 0.404297 -0.001709 0.889648 106.095
1770200594.3513 0 'robobot/drive/T0/pose' 1770200594.3512 106.0960 0.723 0.198 1.5844 -2.7173
1770200659.8401 Failed (-1) to connect to to MQTT server at 2026-02-04 11:24:19.840
