% Gyro logfile (IMU1)
% 1 	Time (sec)
% 2-4 	Gyro (x,y,z)
% Gyro offset 0 0 0
1770391807.0061 0.0388 -0.0763 -0.0762
1770391807.0182 0.1303 -0.0763 0.2595
1770391807.0304 0.1303 -0.0763 -0.1678
1770391807.0420 0.0998 0.1373 -0.2593
1770391807.0542 0.0388 0.1373 0.1984
1770391807.0667 -0.0528 0.0458 0.0458
1770391807.0782 -0.2359 0.1678 -0.0457
1770391807.0906 0.1608 -0.1984 -0.2593
1770391807.1027 -0.1749 0.0458 -0.1067
1770391807.1149 -0.1749 -0.0763 0.1069
1770391807.1268 0.0388 -0.1984 -0.1983
1770391807.1389 0.0082 0.1373 0.2289
1770391807.1508 -0.0833 -0.1678 -0.0762
1770391807.1629 -0.0528 0.0153 -0.1983
1770391807.1749 -0.1138 -0.0153 0.3510
1770391807.1869 0.1303 0.2289 -0.2899
1770391807.1991 0.0998 -0.0153 -0.1373
1770391807.2111 0.0998 0.0458 -0.1983
1770391807.2232 -0.0223 0.0458 0.1069
1770391807.2352 0.0082 -0.0458 0.0153
1770391807.2472 0.0082 0.1984 -0.0762
1770391807.2592 -0.0833 -0.1373 -0.0457
1770391807.2712 0.0998 0.1678 -0.2899
1770391807.2833 -0.1138 -0.0153 0.0458
1770391807.2953 -0.0833 0.1373 -0.0152
1770391807.3073 0.0388 -0.0458 -0.0152
1770391807.3193 0.0693 0.0153 -0.0762
1770391807.3313 0.0082 0.1373 0.2289
1770391807.3433 -0.0223 -0.0458 -0.1678
1770391807.3553 -0.0528 0.1678 0.1069
1770391807.3673 0.0693 -0.0458 -0.1067
1770391807.3796 -0.1443 -0.0458 0.0153
1770391807.3917 0.0693 0.1984 0.1374
1770391807.4028 0.1303 0.1068 0.1069
1770391807.4148 -0.0528 -0.0763 -0.0457
1770391807.4267 -0.3885 -0.0763 -0.1983
1770391807.4397 -0.0833 -0.0763 0.1984
1770391807.4507 0.0693 -0.0458 0.0153
1770391807.4637 -0.0833 -0.0763 -0.3204
1770391807.4747 -0.0528 -0.0458 -0.1067
1770391807.4867 0.2219 0.1984 -0.0457
1770391807.4987 -0.0223 -0.0763 0.2595
1770391807.5108 -0.0223 0.2594 0.0764
1770391807.5231 0.0082 0.1373 -0.1067
1770391807.5351 -0.1138 0.0458 0.1374
1770391807.5474 -0.0833 -0.1678 -0.1373
1770391807.5592 -0.1443 -0.1678 -0.1678
1770391807.5716 0.1303 0.0763 0.1069
1770391807.5830 -0.2664 -0.1984 -0.0152
1770391807.5952 0.0693 0.1068 -0.1067
1770391807.6072 -0.2359 -0.0763 0.4120
1770391807.6194 0.0693 0.0153 0.1679
1770391807.6314 -0.0833 -0.1068 -0.0762
1770391807.6437 0.0693 0.3204 0.0458
1770391807.6556 0.1303 -0.1068 -0.0152
1770391807.6677 -0.0528 -0.0458 0.1984
1770391807.6787 0.1303 -0.0458 -0.1678
1770391807.6908 -0.1138 -0.1678 -0.1067
1770391807.7028 -0.1749 -0.2289 0.0153
1770391807.7149 -0.1749 0.0458 -0.0457
1770391807.7268 0.2219 -0.0458 -0.1983
1770391807.7389 -0.1443 -0.0763 -0.0457
1770391807.7509 0.0082 -0.1678 0.1679
1770391807.7630 0.0082 0.0458 0.0458
1770391807.7750 -0.2054 0.1068 -0.2593
1770391807.7871 -0.2054 0.0763 -0.0152
1770391807.7991 -0.0833 0.1373 -0.2288
1770391807.8111 -0.1138 0.0458 -0.1983
1770391807.8233 -0.2359 0.0458 -0.2593
1770391807.8358 0.0388 -0.0763 -0.1678
1770391807.8470 -0.3885 -0.0153 -0.2288
1770391807.8593 -0.0833 -0.0153 -0.2899
1770391807.8714 -0.0833 0.0458 0.0458
1770391807.8838 -0.2054 0.0153 0.0764
1770391807.8958 -0.4190 -4.5319 -4.8980
1770391807.9078 -2.1585 -5.4474 -3.5552
1770391807.9198 -1.0904 6.3019 5.6306
1770391807.9318 2.5107 2.3651 0.2595
1770391807.9430 -3.3182 -1.9684 10.3913
1770391807.9550 4.1891 0.0763 8.7433
1770391807.9670 0.4965 -0.1678 11.6730
1770391807.9791 2.5107 4.2267 11.1848
1770391807.9912 -0.8768 3.0365 10.0251
1770391808.0033 1.8698 0.4730 9.2621
1770391808.0153 2.1140 6.6376 8.5297
1770391808.0272 -7.2855 3.6774 7.1870
1770391808.0392 2.3276 4.8370 3.2197
1770391808.0513 -2.3111 0.9308 1.2971
1770391808.0635 -6.3699 3.1891 -0.3509
1770391808.0755 3.2736 2.8534 -1.9683
1770391808.0874 3.9145 4.8065 -4.5318
1770391808.0995 -1.6397 3.1281 -4.0130
1770391808.1115 3.6703 -1.7242 -7.8277
1770391808.1237 0.6186 -0.3815 -9.6588
1770391808.1356 -4.2947 0.5341 -11.3372
1770391808.1476 0.0388 1.0834 -11.2457
1770391808.1596 -6.6141 -1.2054 -13.3209
1770391808.1718 -0.7242 -1.3580 -15.7623
1770391808.1841 -2.0364 4.6539 -15.7012
1770391808.1951 -0.9988 0.3204 -16.0674
1770391808.2070 2.3276 -1.3886 -18.9666
1770391808.2191 -3.2877 5.4779 -16.8609
1770391808.2310 3.2126 -0.7172 -17.1966
1770391808.2431 -1.7313 -10.7880 -15.7317
1770391808.2551 -2.7078 8.7433 -17.0745
1770391808.2672 2.2971 0.1068 -13.4734
1770391808.2792 -4.4473 -5.3558 -14.7247
1770391808.2912 -2.3111 3.9520 -11.0931
1770391808.3032 4.1891 0.8392 -13.2293
1770391808.3155 -2.5858 -4.3488 -10.3607
1770391808.3275 -1.7923 1.6327 -8.7432
1770391808.3398 2.7548 -0.4730 -9.5367
1770391808.3520 -1.0904 -3.1586 -6.5765
1770391808.3630 -0.2359 1.2970 -6.6985
1770391808.3752 -2.2195 -4.8065 -4.5928
1770391808.3873 5.3183 0.3815 -3.1585
1770391808.3994 -2.4942 4.1046 -3.3111
1770391808.4113 -4.1727 -0.9613 -3.9825
1770391808.4232 4.8605 -5.0812 -1.1749
1770391808.4353 -4.8441 -1.2970 0.6562
1770391808.4473 0.5270 2.5482 -1.8463
1770391808.4593 -4.2032 -1.7242 -0.1373
1770391808.4714 0.3745 -2.3346 0.4426
1770391808.4834 -3.1961 -0.8698 -1.2359
1770391808.4955 -2.6163 -1.8463 -2.0294
1770391808.5075 0.8017 -5.0507 1.3276
1770391808.5196 1.2595 2.1515 0.4120
1770391808.5316 -3.2571 -1.6632 -0.0152
1770391808.5436 2.9684 -8.2550 3.0671
1770391808.5556 -0.8463 1.3580 4.6540
1770391808.5676 0.9238 -0.4425 2.4262
1770391808.5796 -0.6631 -9.6283 3.9826
1770391808.5917 -0.6631 0.8392 2.8535
1770391808.6037 4.5859 12.3444 1.5717
1770391808.6157 0.3134 -3.5858 1.4802
1770391808.6277 1.0764 -3.7689 1.5412
1770391808.6398 -0.4495 4.2267 6.2409
1770391808.6517 3.1516 -5.1117 4.1657
1770391808.6636 -4.3863 -1.2970 3.8605
1770391808.6758 1.4120 6.2408 2.2126
1770391808.6877 -1.4261 -2.3041 1.2055
1770391808.6998 2.2055 -8.2855 2.6703
1770391808.7118 -3.8065 -6.6681 5.6000
1770391808.7239 1.2900 6.7902 3.6774
1770391808.7360 -5.3018 0.9918 3.7690
1770391808.7481 1.0458 -2.6398 -0.1678
1770391808.7591 -0.1749 2.7313 -1.2969
1770391808.7712 1.1679 -2.6703 0.7783
1770391808.7832 3.0295 -6.8817 -0.0457
1770391808.7961 -0.1138 9.0179 2.5483
1770391808.8081 0.4660 1.8158 3.8911
1770391808.8192 -8.5672 -7.6752 2.8229
1770391808.8312 -5.2408 6.1493 3.0671
1770391808.8434 -2.7383 0.9918 6.0578
1770391808.8555 -2.7994 -8.1635 6.3325
1770391808.8678 2.1445 0.2899 4.5014
1770391808.8798 0.8017 0.2899 4.8371
1770391808.8921 3.4872 -0.0763 1.5717
1770391808.9041 0.0998 -5.2032 2.6703
1770391808.9152 0.2219 0.8087 2.0295
1770391808.9271 3.1516 -3.4943 0.5646
1770391808.9392 -1.3956 -2.2125 1.5717
1770391808.9512 -0.1138 -0.2289 3.0060
1770391808.9633 1.4426 -5.6305 1.9074
1770391808.9753 3.3347 3.0975 4.9592
1770391808.9876 -0.4495 2.2125 5.2338
1770391809.0000 4.3417 5.9662 2.0905
1770391809.0113 -0.7852 2.4567 1.7243
1770391809.0239 1.4426 6.2103 0.7477
1770391809.0361 -4.1116 0.1373 2.7619
1770391809.0472 2.2360 -1.9684 1.0224
1770391809.0593 -4.7830 -0.0763 1.5107
1770391809.0714 0.6186 -1.3580 2.4567
1770391809.0834 -1.4261 -1.0834 4.1047
1770391809.0955 1.1679 3.0670 1.6633
1770391809.1075 0.5881 4.5013 0.4731
1770391809.1196 -1.3345 1.1749 0.8698
1770391809.1317 3.0905 -6.6071 0.8698
1770391809.1437 0.0693 -1.9379 0.8698
1770391809.1558 1.4731 7.2479 1.1750
1770391809.1680 -0.4800 -4.5319 5.9052
1770391809.1792 -0.2969 -7.6752 3.9826
1770391809.1916 4.3417 7.7362 1.2971
1770391809.2036 -2.4637 -1.8158 0.1679
1770391809.2158 3.8229 -4.9896 1.4191
1770391809.2278 -1.5787 7.3090 2.5483
1770391809.2399 3.3652 -6.5765 0.9308
1770391809.2519 -1.7313 7.1564 2.4567
1770391809.2639 -0.1749 8.2550 -0.5340
1770391809.2761 3.2736 -12.7716 0.3510
1770391809.2881 0.5270 1.8158 5.1118
1770391809.3002 -5.5154 1.6022 7.3395
1770391809.3122 -0.2664 1.3580 1.9074
1770391809.3233 -2.2806 -5.5389 -2.3956
1770391809.3357 -0.7242 3.5248 -2.5482
1770391809.3478 9.2856 4.0741 -1.4800
1770391809.3599 -3.5623 -6.9733 1.7853
1770391809.3712 2.9379 -2.6703 -1.3580
1770391809.3842 5.6235 5.0812 -0.6561
1770391809.3956 0.7101 6.9733 -0.5035
1770391809.4075 0.2829 -2.0294 2.2431
1770391809.4197 -2.1280 -4.4098 3.3723
1770391809.4317 -0.0833 3.4027 2.2126
1770391809.4439 -3.9285 -0.0763 2.3347
1770391809.4560 -2.6163 -3.9520 3.3723
1770391809.4681 1.9003 1.1749 2.7619
1770391809.4801 1.7783 0.7782 2.4262
1770391809.4913 -3.6234 -4.1962 0.8088
1770391809.5033 1.6562 -5.9967 -1.4190
1770391809.5155 -1.5787 3.7079 1.8769
1770391809.5275 -0.0833 7.1564 5.4780
1770391809.5396 -1.7618 0.2899 4.0131
1770391809.5516 -2.7078 -0.0153 0.6257
1770391809.5638 -0.6631 0.9613 0.6867
1770391809.5758 -1.4261 5.9357 0.2900
1770391809.5874 4.5248 -5.3253 2.9145
1770391809.5996 -2.3721 -4.0131 5.6000
1770391809.6116 9.5602 0.8698 1.7853
1770391809.6238 -2.0670 3.5858 1.9684
1770391809.6361 5.8371 4.2267 -0.5340
1770391809.6481 2.4191 -5.4779 -0.5950
1770391809.6601 -2.0975 -0.5035 1.2665
1770391809.6722 -0.8157 4.1656 -3.2806
1770391809.6842 -2.1890 1.9073 -3.9825
1770391809.6952 0.9543 1.6022 0.5646
1770391809.7083 -2.0670 3.9825 1.2665
1770391809.7193 -0.1749 -5.2338 0.9003
1770391809.7314 -0.0833 -0.3815 -0.0762
1770391809.7435 -2.2806 8.4076 -1.0528
1770391809.7556 1.6867 -2.8839 -0.4730
1770391809.7678 -2.9520 -0.2899 1.2971
1770391809.7806 -0.0223 2.2430 0.9614
1770391809.7919 1.5952 -3.4943 2.0295
1770391809.8039 -0.2359 -7.3395 5.0507
1770391809.8159 -0.1138 -4.1351 6.6987
1770391809.8280 1.9003 8.1329 0.9614
1770391809.8400 2.2665 -1.2970 -1.5716
1770391809.8521 -4.2032 -3.8910 -1.7852
1770391809.8642 4.0060 0.3815 -5.4473
1770391809.8763 -2.8909 -3.4943 -1.5411
1770391809.8875 -2.0975 6.2103 1.5412
1770391809.8999 1.0764 3.3417 2.3347
1770391809.9122 -1.7923 -2.3041 3.8911
1770391809.9235 -1.5787 1.5717 2.9450
1770391809.9360 -0.4495 -0.2289 1.4191
1770391809.9482 0.2219 -6.8817 -1.6021
1770391809.9601 -0.8768 0.6866 -2.9144
1770391809.9723 1.2900 12.8937 -0.0762
1770391809.9844 1.4120 -5.5389 3.0671
1770391809.9956 1.4120 -4.4708 1.1445
1770391810.0076 4.0671 5.4169 -2.5482
1770391810.0197 -0.6326 0.9308 0.9308
1770391810.0316 -3.4708 -3.6163 1.2360
1770391810.0437 -0.2054 -3.0365 0.5952
1770391810.0558 -3.5318 0.6256 1.2971
1770391810.0678 0.4355 4.1046 -1.7547
1770391810.0799 -1.7923 3.5858 -0.8392
1770391810.0920 0.9848 -6.7291 -0.7171
1770391810.1039 -1.3040 -2.2430 1.6022
1770391810.1160 1.3815 4.7150 -0.8392
1770391810.1280 -0.4190 2.1515 -0.6866
1770391810.1401 -3.7149 0.1068 0.8698
1770391810.1521 5.7761 5.3558 -0.9002
1770391810.1641 -0.2664 -6.6071 -0.5035
1770391810.1762 1.0764 -11.6425 -0.1373
1770391810.1878 3.5178 8.0414 1.8159
1770391810.1998 -2.7689 7.6141 2.3041
1770391810.2119 -0.9988 -5.9967 0.1679
1770391810.2239 -3.3487 -5.2338 -2.5787
1770391810.2360 -0.6326 5.7220 -4.1351
1770391810.2481 -4.7220 0.3510 -0.1983
1770391810.2601 -2.1890 1.4191 0.7172
1770391810.2722 -0.0833 2.4261 3.6469
1770391810.2843 -0.9378 3.1586 4.1352
1770391810.2964 -0.6631 -5.2948 -0.6866
1770391810.3084 1.6257 2.7618 -2.6702
1770391810.3204 1.1069 3.4332 -2.6702
1770391810.3324 0.4355 3.9520 -0.3509
1770391810.3444 1.5646 2.8839 -0.2593
1770391810.3564 -0.3885 -6.4240 -1.6326
1770391810.3674 -2.5247 -5.0812 -5.5084
1770391810.3794 -0.8768 -1.2360 -7.0037
1770391810.3922 -1.2735 6.2714 -0.8392
1770391810.4039 -1.5176 3.9825 2.7619
1770391810.4163 0.9848 1.4191 0.3205
1770391810.4276 1.8393 -2.0294 1.3276
1770391810.4398 -1.8228 -3.3417 -0.9918
1770391810.4520 1.5036 3.8300 -6.0577
1770391810.4640 -4.2947 5.0812 -2.7618
1770391810.4760 1.3815 -0.8087 1.4191
1770391810.4882 -5.3323 2.2430 2.2736
1770391810.5003 0.1303 0.9308 0.9003
1770391810.5118 1.6257 1.6022 -1.3885
1770391810.5241 0.5270 -4.9286 -2.8228
1770391810.5362 -0.3275 -3.3722 -2.4871
1770391810.5474 2.6938 -0.1373 -2.4871
1770391810.5596 0.9848 2.1820 0.9919
1770391810.5719 -1.9754 -0.8698 -0.6255
1770391810.5840 -0.9073 -4.9286 0.0764
1770391810.5964 1.6562 3.4943 -3.0670
1770391810.6074 0.0693 1.8768 -2.6397
1770391810.6195 1.0764 -5.6305 -2.1819
1770391810.6314 -2.2195 0.0153 -1.6326
1770391810.6435 -2.2806 1.4191 -1.2664
1770391810.6555 -3.3792 3.0975 -2.5482
1770391810.6677 2.5107 -6.7291 -1.8157
1770391810.6797 -4.5999 2.4261 1.2971
1770391810.6918 1.4731 10.0861 -2.3345
1770391810.7039 0.1913 -5.8746 -2.1819
1770391810.7160 1.3510 -5.9357 -0.0457
1770391810.7280 -1.0904 8.4686 -1.9988
1770391810.7400 1.0458 -1.1444 -1.0833
1770391810.7521 -2.4942 -1.6632 1.2971
1770391810.7642 -1.7618 -0.7172 -2.3040
1770391810.7763 -2.1890 -2.4261 -1.7547
1770391810.7881 0.5576 1.8158 -0.3509
1770391810.8001 -1.2125 -0.3510 -1.1138
1770391810.8121 1.5341 4.2267 0.4120
1770391810.8242 2.7853 1.3275 -1.2054
1770391810.8363 -2.6773 -3.7689 -0.9307
1770391810.8484 1.9614 2.0294 -3.8909
1770391810.8604 -3.1046 1.8158 -3.4942
1770391810.8724 -2.3416 2.3041 0.1984
1770391810.8844 -3.0130 -2.6093 0.8088
1770391810.8965 -2.3721 -4.0741 0.8698
1770391810.9075 -0.7852 3.7994 -2.7923
1770391810.9195 1.0458 -4.2267 -2.2735
1770391810.9315 -1.7618 -1.8768 -3.6468
1770391810.9436 5.1657 -0.1068 -2.0294
1770391810.9557 -1.7618 -6.8512 -0.7781
1770391810.9677 2.2665 0.8698 -2.8228
1770391810.9797 -0.5106 1.1139 -4.4097
1770391810.9921 -1.3040 -8.1635 -1.3275
1770391811.0042 0.3745 1.4496 -0.3204
1770391811.0163 -2.4637 -0.2594 -0.0457
1770391811.0284 1.7783 -4.5013 2.2126
1770391811.0404 -4.6915 -4.9286 0.2289
1770391811.0524 4.0060 5.1422 -4.2877
1770391811.0644 -1.1209 2.3956 -1.6937
1770391811.0766 0.8017 -3.2501 0.9614
1770391811.0876 3.8535 7.5836 0.3510
1770391811.0999 -2.2195 -2.2430 0.5341
1770391811.1119 2.6938 -8.1024 -0.0762
1770391811.1243 -4.7220 10.2692 0.1679
1770391811.1356 3.0295 -0.8698 -3.6163
1770391811.1482 -6.2479 -2.8534 -0.9918
1770391811.1603 2.7548 1.5717 -0.3509
1770391811.1716 -1.4261 -7.4310 0.0458
1770391811.1838 -0.5411 5.6000 2.3957
1770391811.1965 5.8981 -0.7782 4.1047
1770391811.2076 -4.9051 -6.0883 0.6257
1770391811.2199 2.9684 5.1117 -5.4168
1770391811.2322 -5.1492 2.8839 -1.6021
1770391811.2446 0.3439 -6.6986 0.3510
1770391811.2557 -4.1727 2.5787 1.1750
1770391811.2680 4.0976 -0.4120 -0.1983
1770391811.2802 1.3815 -1.8463 -0.9918
1770391811.2925 -1.0599 4.0741 0.3205
1770391811.3037 0.6491 0.2899 -4.0435
1770391811.3161 1.5036 0.9613 0.0764
1770391811.3282 3.1516 -1.2970 1.9379
1770391811.3405 -3.0740 -3.9215 2.0905
1770391811.3518 1.7783 -0.6866 0.9003
1770391811.3643 4.2502 -0.8392 -2.3040
1770391811.3762 -2.7078 4.1046 -2.5482
1770391811.3886 3.4262 -4.6234 -2.3651
1770391811.3999 -0.8463 0.2594 -0.5950
1770391811.4122 2.7853 -0.5341 1.5412
1770391811.4236 -1.5176 1.1139 1.2971
1770391811.4358 2.2665 5.1422 -1.2359
1770391811.4479 -1.7313 -3.7689 -0.7171
1770391811.4602 -1.5482 5.1422 -0.2593
1770391811.4724 -1.2430 5.3864 -1.0223
1770391811.4846 -2.9214 -2.2736 2.2736
1770391811.4959 -6.0953 4.0741 2.0600
1770391811.5082 -0.2054 7.3395 -1.3885
1770391811.5196 -1.5482 -8.7128 -0.2593
1770391811.5318 0.1913 0.2289 0.5646
1770391811.5442 3.3347 -1.2970 -2.1209
1770391811.5565 -1.1514 0.5035 -2.6092
1770391811.5680 2.6938 4.4098 -1.0528
1770391811.5804 -0.9073 -5.2948 -1.3885
1770391811.5926 -0.8157 -2.8839 -2.3651
1770391811.6038 -2.3416 0.9003 -3.3416
1770391811.6162 0.4965 0.8392 -0.5035
1770391811.6285 -2.9214 2.4567 1.0834
1770391811.6397 -0.0223 1.6632 3.3417
1770391811.6519 -0.1443 1.2970 0.8698
1770391811.6642 -3.5623 -1.0834 -2.2125
1770391811.6766 0.8627 0.7782 -2.4566
1770391811.6876 0.1303 -1.0834 -0.9612
1770391811.7000 0.1303 1.9684 2.0905
1770391811.7118 -0.7242 -1.5717 2.3041
1770391811.7242 0.5881 0.8087 0.5646
1770391811.7364 -0.2969 5.6610 -1.2359
1770391811.7477 -1.8533 -1.7853 -0.5035
1770391811.7598 -0.5411 -3.5248 -0.2288
1770391811.7721 -2.5858 -2.8534 -0.7476
1770391811.7844 1.1069 1.8158 -1.8157
1770391811.7959 -3.9590 0.5035 0.5952
1770391811.8083 3.3041 -5.1422 -0.0457
1770391811.8197 -0.9378 2.8534 -0.2288
1770391811.8318 2.7243 -1.7853 -0.6561
1770391811.8442 -1.3956 -8.5602 0.6257
1770391811.8563 -0.2969 1.2360 -3.1585
1770391811.8686 1.5952 6.2103 -2.5176
1770391811.8797 -2.4942 -3.2501 0.7172
1770391811.8924 2.2665 -1.4801 -1.3275
1770391811.9048 2.4802 4.2877 -1.1443
1770391811.9160 -0.0223 -6.6986 -0.5645
1770391811.9281 -1.1819 -5.6915 -1.3885
1770391811.9408 -0.4495 8.1024 -3.2806
1770391811.9521 1.1984 -1.8768 1.0529
1770391811.9640 -4.1422 -2.5482 3.2502
1770391811.9758 1.5036 0.0153 -0.1983
1770391811.9879 -5.5154 -5.3253 -1.6326
1770391812.0031 2.6938 3.5248 -1.4190
1770391812.0127 -3.3487 0.2899 -2.5787
1770391812.0241 1.5341 -7.0038 -2.0294
1770391812.0365 -1.2125 -0.7782 0.1679
1770391812.0481 2.7853 1.5717 0.2900
1770391812.0605 1.4426 -1.5106 -0.1678
1770391812.0725 -1.7007 7.9498 2.2126
1770391812.0845 3.9755 3.3417 0.2289
1770391812.0967 -1.1819 3.4332 2.6093
1770391812.1087 0.3439 1.9073 2.9145
1770391812.1198 1.6562 -3.7994 -0.0457
1770391812.1318 -2.0975 4.2877 -3.0364
1770391812.1449 1.5952 -0.5646 -4.2571
1770391812.1561 -0.1443 -0.8392 -1.8463
1770391812.1682 0.3439 -2.0905 -0.6561
1770391812.1804 1.8393 2.9755 0.4120
1770391812.1925 -0.7547 2.0905 -0.7171
1770391812.2045 2.0224 -4.6844 -1.5411
1770391812.2158 -0.3275 -3.3722 -0.8697
1770391812.2280 -1.5787 0.1373 -1.3275
1770391812.2402 -3.4097 -1.1749 0.1679
1770391812.2525 0.6186 -4.9896 -0.2593
1770391812.2647 -3.1046 0.5951 -0.7476
1770391812.2760 -0.7242 -0.1678 -1.8157
1770391812.2880 1.7477 0.5646 -3.3721
1770391812.3001 1.0153 -0.5035 -1.1749
1770391812.3120 -0.6631 2.5482 3.7690
1770391812.3242 0.4660 1.8768 3.7690
1770391812.3362 3.0600 -3.4027 0.9614
1770391812.3483 -0.8768 -0.9308 -0.7171
1770391812.3603 -2.0059 1.6022 -1.6326
1770391812.3724 -2.2195 0.8698 -0.9002
1770391812.3840 -1.8533 -1.0529 -1.4800
1770391812.3966 -1.2430 -0.8087 -4.3487
1770391812.4086 0.4355 2.4261 -1.0528
1770391812.4207 -0.7242 2.1210 4.1962
1770391812.4326 -0.6326 -2.7924 0.9003
1770391812.4446 0.5881 -3.4332 -0.6255
1770391812.4567 -2.1280 -1.3275 -2.1209
1770391812.4688 -0.3580 -0.5951 -3.8299
1770391812.4808 -0.7852 0.8087 -3.6163
1770391812.4919 0.1913 -1.5717 -1.6021
1770391812.5039 2.3581 6.4240 2.2736
1770391812.5161 -0.2969 -1.0834 4.8981
1770391812.5280 0.3745 -2.8534 2.6703
1770391812.5402 -2.5858 3.2501 0.2900
1770391812.5521 -0.4495 0.4425 -1.3885
1770391812.5642 1.3205 -7.4615 0.0458
1770391812.5763 0.0082 -2.1820 -0.8087
1770391812.5886 -1.7313 11.4594 0.3815
1770391812.6007 2.6938 -6.0272 0.4731
1770391812.6126 -0.9378 -8.8043 -0.8392
1770391812.6247 1.8698 5.8136 -3.1585
1770391812.6368 -2.6163 7.3090 -0.0457
1770391812.6487 -0.6326 -9.1095 0.1374
1770391812.6608 -1.1209 -0.2289 -1.0223
1770391812.6730 3.4567 -2.0905 -0.1373
1770391812.6849 0.4050 1.8463 1.7853
1770391812.6970 3.4567 2.1515 -2.9449
1770391812.7090 1.7172 -4.9896 -0.8697
1770391812.7211 -0.1138 6.0577 -2.2125
1770391812.7331 -1.7007 1.4496 -3.1585
1770391812.7450 -1.2735 -3.9215 -1.0528
1770391812.7561 -3.3182 -3.7384 -0.3204
1770391812.7681 -2.3721 3.7689 0.8088
1770391812.7803 1.3510 -0.9003 1.2971
1770391812.7924 -0.0833 -5.3864 -0.5035
1770391812.8045 1.5646 4.8065 -6.0882
1770391812.8166 2.9684 -3.0975 -6.2713
1770391812.8286 0.7712 -0.0458 -2.2735
1770391812.8408 1.4731 -5.6000 4.6540
1770391812.8528 1.5341 -3.0975 3.4028
1770391812.8648 -2.2806 6.0577 -2.1819
1770391812.8769 4.3112 -3.4332 -3.2195
1770391812.8887 -3.8675 -7.8888 -3.7689
1770391812.9009 -0.4190 1.9684 -1.2359
1770391812.9128 -0.5106 7.7057 8.5602
1770391812.9250 -1.4566 4.9896 6.5156
1770391812.9370 3.3957 -6.1188 2.0600
1770391812.9492 -4.0201 -4.8065 -0.0762
1770391812.9602 7.7597 1.6937 -3.0670
1770391812.9723 -0.1138 18.8446 -1.4800
1770391812.9846 15.2670 21.4996 -9.9639
1770391812.9962 -7.8958 -13.1683 9.8420
1770391813.0083 -0.4800 0.2899 -8.3160
1770391813.0205 6.6000 -1.1749 -20.4925
1770391813.0324 -4.5084 -6.2408 -5.6304
1770391813.0444 -0.7547 -6.3629 -3.5858
1770391813.0567 -0.8157 2.4872 -1.3275
1770391813.0688 0.0998 -1.2665 4.8676
1770391813.0807 -0.6631 -3.1281 4.1047
1770391813.0929 1.2900 1.1139 2.6398
1770391813.1047 0.9238 1.7853 -0.8392
1770391813.1169 -0.2359 -1.1444 -1.7852
1770391813.1288 -1.2125 -0.5341 -1.4800
1770391813.1408 -0.5411 1.2665 0.9614
1770391813.1528 -1.6092 -0.8087 3.0060
1770391813.1650 0.3134 -1.9989 3.3723
1770391813.1771 0.2524 1.9989 -0.9307
1770391813.1882 0.3745 -0.1068 -4.6539
1770391813.2002 -0.2664 0.8698 -3.7994
1770391813.2122 -0.8463 -0.6561 -0.6866
1770391813.2243 -0.5106 0.7172 2.2736
1770391813.2364 -0.0833 0.7172 1.7853
1770391813.2486 0.2524 -1.0529 0.6257
1770391813.2607 0.5881 0.2899 1.3581
1770391813.2727 -0.2664 1.7242 1.1140
1770391813.2848 0.1303 -1.8463 0.4426
1770391813.2968 -0.9073 0.6256 -0.6255
1770391813.3088 -0.0528 0.5341 -1.1138
1770391813.3208 0.1303 -0.7172 -0.7781
1770391813.3330 0.1303 0.8698 0.1069
1770391813.3450 0.3745 -0.8392 0.1679
1770391813.3562 -0.1749 0.4425 -0.1983
1770391813.3684 -0.2969 0.2594 -0.9307
1770391813.3805 -0.4190 -0.2594 -0.3509
1770391813.3930 -0.1138 0.4120 0.4426
1770391813.4052 0.0998 -0.5341 0.2900
1770391813.4166 0.2829 0.4120 0.0458
1770391813.4288 0.2219 0.3815 -0.3509
1770391813.4408 -0.1749 -0.0458 -0.0762
1770391813.4531 -0.4190 -0.0763 0.5341
1770391813.4642 -0.0833 -0.2899 0.2289
1770391813.4763 -0.0223 0.1984 -0.1373
1770391813.4883 0.2524 0.1984 -0.2593
1770391813.5003 0.2829 -0.2594 -0.2288
1770391813.5123 -0.0528 0.0763 0.2900
1770391813.5244 -0.2359 -0.0763 -0.1678
1770391813.5363 -0.2969 0.1068 -0.2899
1770391813.5483 -0.0223 0.3204 -0.1373
1770391813.5603 0.1608 -0.3510 0.0764
1770391813.5724 -0.0223 -0.0458 -0.0152
1770391813.5847 0.0693 0.1068 0.2595
1770391813.5969 0.0693 0.0153 0.0458
1770391813.6090 -0.2664 0.1068 0.3815
1770391813.6211 -0.1749 -0.1373 0.1069
1770391813.6330 0.0082 -0.0153 0.0153
1770391813.6451 0.0998 0.0458 -0.1373
1770391813.6572 0.3439 -0.1373 0.0153
1770391813.6683 -0.1138 -0.1373 -0.1678
1770391813.6813 -0.3275 -0.0153 0.0764
1770391813.6924 -0.3275 -0.1373 -0.0762
1770391813.7046 0.0082 0.0458 -0.2593
1770391813.7170 -0.0833 -0.0458 -0.1373
1770391813.7290 0.0998 -0.0153 -0.0152
1770391813.7410 -0.2359 0.0458 0.1069
1770391813.7530 -0.3275 0.3815 -0.0457
1770391813.7651 -0.2664 0.2594 -0.1678
1770391813.7771 -0.1749 0.2289 0.1374
1770391813.7891 0.0082 -0.1068 -0.2288
1770391813.8012 0.0082 0.2289 0.0458
1770391813.8124 0.0998 0.1678 -0.3814
1770391813.8246 -0.1749 0.0763 -0.2593
1770391813.8367 -0.2054 0.1373 0.0153
1770391813.8489 -0.0223 -0.1068 0.2595
1770391813.8610 -0.1749 0.0153 0.1069
1770391813.8731 -0.1749 0.0153 0.0153
1770391813.8852 0.3439 0.1373 0.1984
1770391813.8972 -0.2359 0.0458 -0.1678
1770391813.9086 -0.1749 -0.0458 0.1679
1770391813.9207 -0.2054 0.1068 -0.0152
1770391813.9328 -0.2664 -0.0763 -0.1983
1770391813.9448 0.0082 0.1678 0.0458
1770391813.9568 -0.2969 0.1068 -0.1678
1770391813.9689 0.0693 0.0153 -0.1373
1770391813.9809 0.0693 0.1373 0.1069
1770391813.9932 -0.0223 0.0153 0.1069
1770391814.0046 -0.1443 -0.1068 -0.1067
1770391828.2648 -0.1749 -0.0458 -0.4119
1770391828.2769 -0.1138 -0.1068 -0.0457
1770391828.2890 -0.1749 0.1373 0.1984
1770391828.3011 -0.2054 0.1984 0.0458
1770391828.3132 -0.1749 0.1678 -0.1373
1770391828.3253 -0.0528 -0.0458 0.3510
1770391828.3374 -0.0223 -0.0458 -0.1678
1770391828.3488 -0.0223 -0.2899 -0.2593
1770391828.3608 -0.0528 -0.1984 -0.0457
1770391828.3734 0.0693 -0.1068 -0.1067
1770391828.3857 -0.1138 0.1678 -0.2288
1770391828.3970 -0.0528 -0.0153 -0.1067
1770391828.4094 -0.0833 0.1678 -0.2288
1770391828.4208 -0.0833 0.0458 0.0153
1770391828.4334 0.2219 -0.2899 -0.1067
1770391828.4456 -0.0528 -0.3204 -0.1067
1770391828.4569 0.1303 -0.0458 0.3205
1770391828.4690 -0.0833 -0.0153 -0.2593
1770391828.4810 0.1303 0.1984 -0.0762
1770391828.4931 0.0388 0.2594 -0.1678
1770391828.5051 -0.1138 0.2289 0.1069
1770391828.5175 0.0693 -0.0153 -0.0762
1770391828.5296 -0.2359 -0.0458 0.0153
1770391828.5417 -0.2664 0.0153 -0.1678
1770391828.5531 0.1913 -0.1068 -0.0762
1770391828.5652 -0.1138 -0.0153 0.1679
1770391828.5777 -0.1443 0.1373 0.0764
1770391828.5892 -0.0528 -0.1678 -0.0152
1770391828.6014 0.0388 0.1068 0.1984
1770391828.6136 0.0998 -0.0458 -0.2899
1770391828.6257 0.0388 0.0458 0.2595
1770391828.6369 -0.0833 0.0763 -0.1067
1770391828.6494 2.5412 -1.1444 -1.7852
1770391828.6616 -2.1280 -10.2692 10.6660
1770391828.6738 2.8769 5.2948 15.0910
1770391828.6857 0.8932 3.0060 5.3864
1770391828.6977 1.4731 -7.2479 13.4431
1770391828.7097 1.3205 6.1188 17.9597
1770391828.7208 3.1821 -1.5411 17.5019
1770391828.7329 -1.3040 -0.1373 21.2861
1770391828.7449 1.9003 1.9379 23.7885
1770391828.7570 3.6093 -2.6398 28.6103
1770391828.7692 0.8932 0.9918 32.0283
1770391828.7814 1.6257 -0.6561 33.2490
1770391828.7936 3.4567 -8.1329 35.1105
1770391828.8048 0.7407 4.4098 36.2092
1770391828.8168 3.8840 7.0343 38.5285
1770391828.8290 3.2431 -6.1798 38.5285
1770391828.8411 5.0436 -1.6327 41.2446
1770391828.8533 4.2807 -0.8698 39.8102
1770391828.8655 3.2126 -3.1281 41.3972
1770391828.8777 1.1069 12.2833 38.6811
1770391828.8898 4.0671 -3.6163 38.7116
1770391828.9008 2.6022 -4.5929 38.5895
1770391828.9128 4.0976 3.6163 36.4228
1770391828.9248 2.9074 1.0834 36.5754
1770391828.9369 -1.0294 3.4332 35.7209
1770391828.9489 2.1140 -1.9989 34.7443
1770391828.9610 -0.9988 -1.6937 35.7819
1770391828.9731 0.6491 6.3324 34.5612
1770391828.9855 1.2289 0.1373 35.1411
1770391828.9977 -0.2664 -0.7172 35.9650
1770391829.0088 -1.0599 5.5084 30.8686
1770391829.0209 -0.6326 -3.7384 32.5776
1770391829.0331 1.5952 -0.5646 33.5847
1770391829.0452 1.5036 -0.3815 38.2844
1770391829.0574 1.3205 -1.9989 37.3994
1770391829.0694 4.6469 -0.2289 35.0800
1770391829.0814 1.9919 8.5297 35.8735
1770391829.0934 1.1069 -2.5177 36.5449
1770391829.1055 2.4496 -4.1046 37.9487
1770391829.1175 0.8017 4.0131 37.7350
1770391829.1297 1.7172 -1.9684 35.8430
1770391829.1417 1.6562 -4.2572 36.3007
1770391829.1538 2.7853 -1.6937 38.7726
1770391829.1659 1.7783 -5.6000 38.9863
1770391829.1771 3.1516 5.7220 39.3525
1770391829.1896 7.2104 0.5646 42.2211
1770391829.2018 -2.0364 -2.6703 40.8784
1770391829.2138 1.9308 0.9308 42.1906
1770391829.2259 5.7150 -0.2289 42.3432
1770391829.2379 -3.5013 -1.2970 40.7258
1770391829.2499 1.2900 -1.6632 39.8713
1770391829.2619 -1.6092 9.5062 38.7116
1770391829.2732 0.4050 -9.0179 41.9465
1770391829.2852 -3.5623 -0.1373 40.3901
1770391829.2972 -1.8533 16.7389 39.0473
1770391829.3091 2.1140 -5.5695 42.8925
1770391829.3213 1.0764 -9.2621 44.6320
1770391829.3333 4.7690 13.8702 40.6647
1770391829.3454 2.8464 -4.6844 41.1530
1770391829.3573 4.2807 1.0223 38.2538
1770391829.3693 3.7619 1.6632 35.7514
1770391829.3815 1.6257 -6.3019 39.3220
1770391829.3938 1.1069 4.5319 40.3596
1770391829.4059 3.0600 3.1891 41.2446
1770391829.4169 3.9755 -5.2338 40.7258
1770391829.4289 -1.9144 2.7313 37.1857
1770391829.4410 3.5483 -5.7831 38.9557
1770391829.4530 2.6328 4.2572 37.7961
1770391829.4651 3.3347 4.0741 41.3972
1770391829.4770 0.6491 -2.3041 38.5590
1770391829.4891 3.4262 -4.2267 38.1318
1770391829.5012 2.5107 -2.5787 39.5356
1770391829.5131 6.9357 3.8910 38.3149
1770391829.5252 -2.0364 -4.4403 40.7868
1770391829.5372 4.2197 1.0834 40.6342
1770391829.5492 1.7477 3.3112 39.1694
1770391829.5613 3.9755 -3.4637 41.3666
1770391829.5735 0.0693 -2.0294 41.5192
1770391829.5860 4.7690 2.6703 38.2844
1770391829.5970 -1.6702 -3.4943 38.1928
1770391829.6090 6.0507 1.1749 36.3312
1770391829.6211 -0.8157 3.3112 38.8947
1770391829.6331 1.6257 -1.8768 39.9933
1770391829.6451 6.8442 -8.1024 43.3808
1770391829.6572 -0.5411 13.7482 38.3759
1770391829.6692 4.0976 1.1749 39.6271
1770391829.6814 1.5036 -10.5438 40.7868
1770391829.6934 4.5554 4.3793 43.1977
1770391829.7054 -2.2195 7.6141 36.7280
1770391829.7174 5.7455 -5.6305 41.0615
1770391829.7300 -4.8135 0.9918 39.4440
1770391829.7419 5.7455 2.8229 35.9650
1770391829.7532 -1.3345 -5.9967 42.0685
1770391829.7654 4.2502 0.7477 42.4653
1770391829.7776 1.4731 -5.2032 39.9018
1770391829.7899 4.4028 3.6469 38.8337
1770391829.8011 0.0082 -2.1515 36.6364
1770391829.8131 5.1352 -1.4191 38.4675
1770391829.8253 2.0834 2.5177 39.7492
1770391829.8373 -1.4566 -0.6866 38.2844
1770391829.8495 -0.1443 -3.7994 38.8947
1770391829.8614 1.3205 3.1281 37.6130
1770391829.8735 -0.4495 2.1210 40.9699
1770391829.8857 1.7783 -4.3793 42.4042
1770391829.8978 1.9614 6.5155 39.0778
1770391829.9097 1.4731 -0.5951 39.1999
1770391829.9219 2.3581 -3.9825 38.8642
1770391829.9331 2.3581 4.2877 37.0331
1770391829.9452 5.0131 0.4730 40.0239
1770391829.9573 -3.3182 -4.8676 41.6413
1770391829.9694 -0.6937 4.8981 38.3149
1770391829.9815 -4.5084 -3.7079 39.9323
1770391829.9938 0.2524 4.4708 40.4206
1770391830.0058 4.1586 3.7689 37.6435
1770391830.0179 0.0388 -5.3558 39.5051
1770391830.0298 2.1445 -4.7150 42.8010
1770391830.0419 12.1237 1.8158 39.6271
1770391830.0540 1.9919 -0.5951 39.8713
1770391830.0661 -0.0223 -8.5602 39.5661
1770391830.0771 2.4191 0.5646 34.6528
1770391830.0893 -0.1749 0.9918 37.7961
1770391830.1013 0.3745 -0.2899 37.3688
1770391830.1134 2.9990 -2.2125 36.8500
1770391830.1255 -0.7852 -1.7242 39.6882
1770391830.1378 0.9848 2.4872 37.0942
1770391830.1498 -1.3956 -1.1444 37.5214
1770391830.1619 3.2431 -0.9003 38.1623
1770391830.1740 0.9238 3.6163 38.9863
1770391830.1853 2.1140 2.4261 40.0849
1770391830.1981 3.4872 -9.9335 40.3901
1770391830.2101 2.4191 -1.0834 38.1623
1770391830.2212 3.0600 2.1210 40.1154
1770391830.2333 2.3276 3.9520 37.7350
1770391830.2452 -2.7689 4.4708 38.7726
1770391830.2574 2.9074 -5.6000 42.6484
1770391830.2693 0.8322 6.1188 40.5732
1770391830.2815 1.7783 -0.2899 38.5895
1770391830.2936 0.5881 -6.1798 38.0097
1770391830.3056 3.3041 0.9003 35.0190
1770391830.3176 3.2431 -7.2174 38.0707
1770391830.3297 2.7548 1.8768 40.0544
1770391830.3417 0.1303 4.1962 37.2773
1770391830.3539 -0.2969 4.2877 36.6059
1770391830.3660 2.8464 2.0599 34.8359
1770391830.3781 -1.5787 2.0294 35.0190
1770391830.3892 2.8464 2.2736 38.4370
1770391830.4013 0.5576 -4.2877 39.8713
1770391830.4134 3.3347 5.7526 38.2233
1770391830.4254 -1.0294 -3.5248 39.4745
1770391830.4374 0.9848 -7.8278 40.5732
1770391830.4496 2.6022 10.5743 37.5519
1770391830.4617 -0.9378 -1.3886 38.2538
1770391830.4733 3.8840 -8.1940 41.1530
1770391830.4855 -0.1138 1.9684 36.9111
1770391830.4979 3.5788 3.4637 34.5612
1770391830.5092 0.8932 -3.1281 37.9182
1770391830.5221 -1.8228 0.1984 38.5285
1770391830.5332 -1.6397 -1.9379 39.9018
1770391830.5453 1.4120 -2.7924 41.3666
1770391830.5575 0.0693 5.4779 36.3923
1770391830.5695 4.7690 -6.3324 38.9557
1770391830.5822 0.8627 -4.8370 38.9557
1770391830.5934 4.1281 7.3700 35.3852
1770391830.6055 2.2360 -1.8158 40.4511
1770391830.6179 0.6186 4.7760 37.8876
1770391830.6300 -0.6326 2.2430 37.1247
1770391830.6412 3.0295 -1.3886 40.8478
1770391830.6533 2.9379 0.2594 38.6811
1770391830.6657 2.2971 0.5035 38.0402
1770391830.6779 5.6845 4.8981 35.7819
1770391830.6895 1.5036 -2.5177 39.6577
1770391830.7016 4.7079 -3.3112 40.9394
1770391830.7138 -0.9378 8.3771 39.9933
1770391830.7261 3.1516 0.1373 38.8642
1770391830.7380 0.2829 -1.6632 39.0473
1770391830.7499 6.1423 4.7150 35.9955
1770391830.7619 3.4872 2.2736 38.6811
1770391830.7741 3.0905 0.5341 40.0544
1770391830.7859 3.7009 1.6632 40.4816
1770391830.7980 3.6093 4.7760 36.4838
1770391830.8101 0.6796 0.6256 38.7116
1770391830.8212 4.4028 -1.9073 38.8337
1770391830.8335 0.0693 -3.0365 40.8478
1770391830.8455 5.6235 0.7782 39.4135
1770391830.8579 0.0082 1.3275 34.7748
1770391830.8699 3.6703 -0.4425 35.1716
1770391830.8822 0.9543 1.4496 36.2397
1770391830.8935 1.2289 2.2125 37.6435
1770391830.9059 2.8159 -3.4332 41.0309
1770391830.9182 1.4731 4.6539 36.8806
1770391830.9302 5.1352 -3.3722 39.5661
1770391830.9415 0.3134 -0.2594 42.2516
1770391830.9539 5.6845 4.7150 36.9721
1770391830.9660 -0.7852 0.3815 38.3454
1770391830.9775 3.3652 -9.0485 39.7797
1770391830.9898 -1.6092 16.1591 33.8288
1770391831.0021 3.7619 8.8654 36.8806
1770391831.0142 2.0834 -11.4594 38.6506
1770391831.0253 2.2665 8.7128 33.2184
1770391831.0373 2.3276 6.3629 36.0261
1770391831.0494 -0.8768 -10.2081 38.7116
1770391831.0614 1.0764 7.5226 38.3454
1770391831.0736 0.0998 -1.1444 41.0004
1770391831.0857 0.4050 -2.5482 44.2658
1770391831.0978 -0.5716 4.8981 38.4980
1770391831.1098 0.9543 0.7172 36.8195
1770391831.1220 0.4965 5.2032 36.7890
1770391831.1341 0.5270 -2.2736 37.5214
1770391831.1462 -0.1443 -7.7362 43.4113
1770391831.1572 0.8932 0.1068 42.0991
1770391831.1693 5.1352 0.9918 36.4533
1770391831.1815 2.4802 -1.8158 36.7890
1770391831.1937 5.5930 0.3510 34.6223
1770391831.2057 1.4120 2.7313 36.2092
1770391831.2178 3.4567 -1.6937 40.6647
1770391831.2301 1.3205 -1.8158 40.3290
1770391831.2421 -0.2664 3.8300 39.8102
1770391831.2542 0.0082 -5.8441 38.7116
1770391831.2662 4.4028 0.9003 37.7961
1770391831.2783 5.1962 2.8839 36.0871
1770391831.2893 4.9216 -3.1281 38.9557
1770391831.3015 2.1750 8.8043 33.3100
1770391831.3137 1.9614 -0.8392 39.1083
1770391831.3258 -0.8768 -1.0223 41.4277
1770391831.3379 1.2900 8.7738 37.6740
1770391831.3500 -2.2501 -3.4332 39.4440
1770391831.3620 0.5576 -3.5248 39.1083
1770391831.3741 -0.4190 3.7994 38.8947
1770391831.3863 1.2900 4.6539 37.7045
1770391831.3984 2.0224 -2.5482 37.8571
1770391831.4094 2.4496 -2.3041 40.7563
1770391831.4215 -3.8980 4.9591 39.5356
1770391831.4336 2.3276 -2.2125 38.8337
1770391831.4456 0.9848 -3.1281 39.9018
1770391831.4577 2.1445 0.2899 37.9792
1770391831.4699 3.9755 -1.3580 39.3830
1770391831.4820 -0.1138 1.6937 36.1481
1770391831.4941 1.6562 -5.1727 37.0637
1770391831.5063 0.0693 4.4098 37.9487
1770391831.5183 3.7619 2.5482 36.6974
1770391831.5304 0.5576 -3.8300 37.2773
1770391831.5424 2.2360 0.1373 37.5214
1770391831.5536 1.5341 2.1515 35.5073
1770391831.5656 2.3886 2.4567 37.8876
1770391831.5778 0.0082 2.0905 36.3923
1770391831.5899 2.3581 -1.1444 36.6059
1770391831.6018 1.5952 -6.8817 37.3688
1770391831.6142 0.6491 2.3651 36.1176
1770391831.6256 -1.6702 -1.3580 38.5285
1770391831.6378 1.5952 -1.0834 39.9628
1770391831.6504 1.3510 4.8676 36.0261
1770391831.6619 2.6328 -7.1564 37.7045
1770391831.6745 -0.3885 -1.0834 35.3852
1770391831.6856 2.9379 9.8724 34.6223
1770391831.6982 0.0082 -3.6163 37.3383
1770391831.7104 3.7619 -10.8795 40.4816
1770391831.7226 -1.5482 6.3324 35.9955
1770391831.7341 1.1374 2.6398 34.5307
1770391831.7463 1.3815 1.6327 37.0331
1770391831.7576 2.6938 4.8676 36.0871
1770391831.7697 1.6562 1.7548 37.0942
1770391831.7823 4.8605 1.3580 37.1247
1770391831.7937 -1.1819 -5.2643 35.7209
1770391831.8061 1.7477 2.9144 37.3078
1770391831.8181 0.3745 1.9684 39.7492
1770391831.8302 0.0388 -5.2948 38.6201
1770391831.8419 -1.3345 -1.6632 38.4980
1770391831.8540 1.1374 0.5646 36.0261
1770391831.8664 1.4731 2.1210 34.5612
1770391831.8783 2.0834 -3.9215 37.5214
1770391831.8904 1.7477 -2.1515 35.7514
1770391831.9024 0.2829 0.9003 35.9650
1770391831.9136 5.0742 1.1749 35.6904
1770391831.9259 1.1679 0.8698 38.2538
1770391831.9379 4.3723 0.9003 40.1154
1770391831.9501 -0.2054 -2.7924 40.2680
1770391831.9622 0.6186 1.2054 39.1083
1770391831.9744 2.0224 -7.5836 36.7585
1770391831.9865 -1.6092 7.3395 34.1950
1770391831.9975 2.7243 2.5177 36.6974
1770391832.0098 0.9543 -7.9803 38.3759
1770391832.0221 3.0905 6.4545 36.3312
1770391832.0342 0.2524 0.1984 34.8054
1770391832.0462 6.9357 -4.5319 37.5519
1770391832.0583 2.2360 8.4381 37.4299
1770391832.0705 0.4050 -2.2125 38.0707
1770391832.0816 3.2126 -6.5155 39.3525
1770391832.0939 -0.9988 7.1259 39.9323
1770391832.1062 1.0764 1.6327 35.4462
1770391832.1181 1.5036 -7.3090 36.4838
1770391832.1299 0.1608 5.6610 36.9416
1770391832.1424 -1.3040 -1.0834 38.3149
1770391832.1536 0.9848 -7.2174 37.7961
1770391832.1656 2.1140 3.7079 36.3923
1770391832.1778 3.0295 1.9989 34.4086
1770391832.1901 4.5859 -4.6844 36.0566
1770391832.2023 -1.0599 2.7008 35.3547
1770391832.2144 1.3815 -1.6022 36.7280
1770391832.2265 1.5952 -7.0343 35.1716
1770391832.2375 -1.8228 1.9989 37.1857
1770391832.2497 -0.4495 -1.9379 38.6506
1770391832.2618 -2.2501 -8.9264 39.7797
1770391832.2740 0.2219 0.7172 40.6037
1770391832.2860 -0.5716 9.4452 34.2560
1770391832.2981 -2.2501 5.6000 33.5541
1770391832.3102 0.5270 0.2594 33.8898
1770391832.3223 0.8932 -2.2736 37.5519
1770391832.3345 4.0366 4.2267 38.7726
1770391832.3467 -1.3040 0.1678 38.0402
1770391832.3579 4.8911 -7.2784 37.7045
1770391832.3702 2.5107 4.0436 39.1083
1770391832.3824 -0.2969 11.1237 37.1247
1770391832.3948 3.5483 -9.0179 37.6740
1770391832.4059 -2.7078 1.6327 35.7819
1770391832.4182 1.8698 4.0741 39.0473
1770391832.4305 2.2665 -2.5787 39.3220
1770391832.4426 2.9379 3.5553 40.1459
1770391832.4539 1.9614 1.0834 39.2609
1770391832.4673 5.8066 1.8463 37.8876
1770391832.4784 1.5952 -3.7689 37.0331
1770391832.4908 1.4120 -2.9144 37.1857
1770391832.5030 1.5646 -0.3510 35.9040
1770391832.5153 0.6796 -4.8981 37.3078
1770391832.5267 1.7477 -3.4027 37.7656
1770391832.5385 0.8322 0.5341 40.1459
1770391832.5512 5.5930 4.7760 37.6740
1770391832.5625 2.2360 -2.5482 37.4299
1770391832.5750 2.7548 0.1068 35.1411
1770391832.5866 0.3134 -2.8229 38.2233
1770391832.5983 -1.7007 -6.2408 39.6271
1770391832.6113 1.0458 11.9781 36.4533
1770391832.6223 1.9614 -5.4779 39.1694
1770391832.6351 -0.0223 -0.1984 37.9792
1770391832.6472 4.3112 7.0038 34.8359
1770391832.6591 -0.8463 -12.3749 37.3688
1770391832.6711 5.2878 7.7667 36.8500
1770391832.6832 0.1913 6.9733 37.1247
1770391832.6953 3.5788 -8.6517 38.3149
1770391832.7074 -1.5482 -0.2899 40.0849
1770391832.7193 1.8088 6.1188 37.1857
1770391832.7305 -0.1138 -1.5717 35.7209
1770391832.7424 1.3205 4.7150 34.2866
1770391832.7546 3.7009 1.1749 36.8500
1770391832.7666 0.2219 -3.1281 38.3759
1770391832.7786 5.2267 1.3275 39.3525
1770391832.7907 -0.3885 -3.2806 39.1999
1770391832.8032 3.9450 -0.8392 38.3149
1770391832.8155 2.7243 0.9003 36.9111
1770391832.8266 1.1374 -0.1984 36.7890
1770391832.8386 3.9145 11.4594 31.8452
1770391832.8508 2.5107 -4.9896 35.1411
1770391832.8628 -1.7618 1.7548 35.2326
1770391832.8751 0.0693 6.5765 38.0707
1770391832.8872 2.9074 -7.8888 40.6953
1770391832.8993 -0.1749 7.3090 41.1835
1770391832.9114 5.1047 -1.2665 39.0778
1770391832.9234 -0.3580 0.1678 36.3312
1770391832.9345 2.9379 5.0201 34.8359
1770391832.9477 -1.1209 -0.4120 36.5754
1770391832.9591 1.5036 -5.9357 38.8947
1770391832.9714 2.5412 2.5177 37.9182
1770391832.9834 1.6257 -0.5035 38.2538
1770391832.9948 5.5930 -8.5907 40.1765
1770391833.0068 2.2665 12.7106 36.2702
1770391833.0190 3.8229 -4.0436 38.4370
1770391833.0312 1.2595 -6.2714 38.3454
1770391833.0433 2.9074 3.8605 35.7514
1770391833.0547 1.7172 -5.9662 37.3688
1770391833.0669 -0.4495 5.6000 36.6974
1770391833.0790 -2.7994 -3.7079 38.1928
1770391833.0911 4.5554 -7.7057 36.6669
1770391833.1025 1.1374 6.4545 36.3312
1770391833.1147 3.4567 -2.3041 40.0544
1770391833.1272 -0.8768 10.5438 36.6974
1770391833.1392 4.3112 -4.2877 38.5590
1770391833.1515 2.4496 -8.3160 38.6506
1770391833.1626 -0.8157 14.6332 33.7372
1770391833.1747 4.6469 -7.7972 37.2162
1770391833.1873 -1.1514 -5.8441 37.2162
1770391833.1990 4.0060 4.8370 37.1247
1770391833.2111 0.0388 3.4332 39.8713
1770391833.2232 1.9919 2.2125 40.9699
1770391833.2356 0.0388 0.6561 39.3525
1770391833.2476 3.6093 -6.6071 37.0026
1770391833.2586 1.0153 0.0763 37.2162
1770391833.2707 0.2829 1.5717 38.6811
1770391833.2829 0.9848 -8.1940 37.9182
1770391833.2950 2.8159 1.0529 37.9792
1770391833.3072 0.7101 9.1095 37.3078
1770391833.3194 -2.5247 -8.1940 39.2304
1770391833.3307 4.3112 -2.3041 38.4980
1770391833.3427 -3.7454 -3.2806 42.7399
1770391833.3549 2.0224 6.3629 36.8500
1770391833.3671 -0.4800 -5.6610 38.7421
1770391833.3798 1.8698 -16.8304 41.1225
1770391833.3909 -1.0599 26.1078 34.0119
1770391833.4032 1.1374 -4.2877 39.8102
1770391833.4154 1.7477 -5.5389 37.2773
1770391833.4275 3.9450 9.3536 34.1645
1770391833.4394 3.3041 -2.5482 42.0075
1770391833.4516 2.4496 1.9989 42.6789
1770391833.4626 0.3745 -0.4730 41.9465
1770391833.4749 2.7243 -7.7057 41.3972
1770391833.4870 2.6633 7.9193 39.2609
1770391833.4991 0.2219 -5.2338 40.8173
1770391833.5112 4.1281 1.3275 39.1999
1770391833.5233 0.8627 -3.1891 38.6506
1770391833.5352 3.8535 -4.8370 38.6506
1770391833.5473 0.8627 7.2479 39.4440
1770391833.5594 0.1608 1.1749 41.5192
1770391833.5716 2.2665 -4.0741 38.0402
1770391833.5827 0.2524 -6.4240 40.2985
1770391833.5950 0.7407 10.9711 36.4533
1770391833.6070 2.2055 1.3275 36.2092
1770391833.6192 1.6867 -9.1095 36.1176
1770391833.6314 3.1210 7.9498 37.2162
1770391833.6434 2.3886 1.2970 41.5803
1770391833.6556 3.3652 -7.0953 40.6953
1770391833.6677 1.5952 4.0131 36.0261
1770391833.6787 5.9897 -0.3204 39.7492
1770391833.6909 -2.0364 0.9613 40.3290
1770391833.7029 4.9521 0.7477 40.2375
1770391833.7152 0.9238 -4.6234 40.4511
1770391833.7273 0.6491 7.3395 36.8806
1770391833.7394 2.2055 1.0223 34.6223
1770391833.7516 0.2524 -3.1891 36.2702
1770391833.7637 -0.2969 5.8746 38.7421
1770391833.7747 -0.9378 -0.8698 41.3361
1770391833.7871 0.5270 -8.8348 42.1906
1770391833.7994 1.6562 4.9896 42.4042
1770391833.8116 2.6633 11.3068 38.5285
1770391833.8227 1.6257 -2.9755 37.5214
1770391833.8348 1.9003 1.3275 37.7350
1770391833.8471 2.2360 1.3275 37.7961
1770391833.8594 0.3134 -5.1117 39.5966
1770391833.8715 -0.5716 2.1515 38.8642
1770391833.8837 2.5717 -5.1117 38.0707
1770391833.8957 3.7314 -4.8981 38.8947
1770391833.9070 2.9684 6.0577 35.1411
1770391833.9191 3.0295 -5.6305 36.7890
1770391833.9314 3.3041 -4.7150 37.1247
1770391833.9434 -0.8157 -3.0060 39.1694
1770391833.9555 2.5717 3.8300 36.6669
1770391833.9678 -2.6163 -0.6866 39.0168
1770391833.9791 2.0224 1.8158 40.2680
1770391833.9910 2.0224 3.5858 39.7187
1770391834.0031 5.5014 -4.1046 39.2609
1770391834.0153 3.4567 2.8534 37.7961
1770391834.0274 6.1728 -0.4120 35.6904
1770391834.0394 0.3134 2.5482 36.8195
1770391834.0515 1.1374 -0.4425 39.1389
1770391834.0635 -0.6937 -3.7384 41.5803
1770391834.0757 -1.4871 7.3700 38.7421
1770391834.0877 2.9074 -2.5177 39.1083
1770391834.0998 1.2595 1.0223 38.3759
1770391834.1118 0.4050 2.0905 37.5519
1770391834.1229 3.7314 -2.8229 38.7726
1770391834.1349 3.5178 -1.1444 40.9089
1770391834.1470 1.8393 -1.5106 39.9933
1770391834.1592 2.2665 -0.4425 37.8266
1770391834.1713 1.5036 5.8136 36.3923
1770391834.1833 2.3886 -4.6234 39.3220
1770391834.1949 2.5107 -1.2054 40.8173
1770391834.2072 2.7243 3.2501 39.6271
1770391834.2194 0.4965 -6.9427 38.9863
1770391834.2313 3.7009 -1.2970 39.1389
1770391834.2435 2.7243 9.4757 36.8195
1770391834.2556 4.6164 -1.3580 36.9416
1770391834.2679 -0.7547 -5.7831 38.0707
1770391834.2789 4.2197 5.7526 38.2233
1770391834.2910 0.4355 4.1046 37.4909
1770391834.3031 3.6093 -1.2970 38.9863
1770391834.3153 1.8088 -0.1678 39.8102
1770391834.3274 2.4191 2.8534 38.0097
1770391834.3394 0.4050 -3.9215 36.1481
1770391834.3514 0.9543 -2.3041 37.1857
1770391834.3637 3.7314 3.6774 37.5519
1770391834.3759 -2.1280 -2.5482 39.8408
1770391834.3874 3.2126 -5.3558 40.7258
1770391834.3997 0.2219 1.2360 39.2304
1770391834.4120 4.8605 -6.3934 36.7890
1770391834.4230 -1.5482 5.8441 36.9111
1770391834.4352 4.3112 6.8207 34.3476
1770391834.4473 1.8088 -7.3395 38.1318
1770391834.4594 -0.7547 6.8817 39.1083
1770391834.4715 1.0153 -4.3793 38.3149
1770391834.4830 1.1984 -0.5341 38.8947
1770391834.4952 0.0082 7.3700 39.4135
1770391834.5074 -0.3580 0.8698 35.7514
1770391834.5195 -0.5716 -0.4730 36.9111
1770391834.5316 1.5646 -3.8605 39.0473
1770391834.5437 2.5717 -9.4147 40.5427
1770391834.5552 2.7548 -4.5624 41.5192
1770391834.5670 -1.7923 4.1656 38.7116
1770391834.5795 3.7924 -2.4872 35.5073
1770391834.5915 -4.0506 0.5341 35.8124
1770391834.6037 0.6491 2.9449 33.4626
1770391834.6151 0.9848 -4.1656 37.9182
1770391834.6279 1.1069 -1.5106 39.2914
1770391834.6400 0.8017 -0.0763 38.1623
1770391834.6512 5.0742 -4.1962 37.0942
1770391834.6634 -2.4026 1.4801 35.8124
1770391834.6759 -0.1443 -1.6937 38.1013
1770391834.6880 -0.3580 -4.0436 41.2446
1770391834.7000 -1.8228 0.0153 40.4511
1770391834.7110 3.3957 1.9379 36.1176
1770391834.7231 -0.1443 -7.0343 37.9182
1770391834.7352 0.3439 4.7455 35.8430
1770391834.7472 2.0834 -1.8768 40.7563
1770391834.7595 -1.7923 0.5341 39.6577
1770391834.7716 3.4262 0.2594 36.9721
1770391834.7840 0.4355 -1.2054 38.2538
1770391834.7962 2.3581 5.8746 34.7748
1770391834.8072 -0.3275 -8.4991 38.8642
1770391834.8193 5.6540 -7.4921 40.5732
1770391834.8313 -0.6631 -9.9640 44.8762
1770391834.8434 5.3793 1.9684 44.1132
1770391834.8554 1.7172 17.5629 33.7372
1770391834.8675 6.5085 -7.8888 35.7209
1770391834.8796 0.0388 -4.9896 36.3923
1770391834.8916 1.1374 21.4691 32.9438
1770391834.9036 4.7385 -8.1024 35.0190
1770391834.9158 -2.2501 -17.1356 37.1247
1770391834.9278 -3.6539 26.5350 35.3242
1770391834.9400 0.8932 -5.6915 38.4980
1770391834.9520 0.4355 -7.5836 38.6811
1770391834.9642 3.7924 13.9618 35.2021
1770391834.9754 1.3205 -9.2316 37.6435
1770391834.9876 -0.2664 3.3722 36.4228
1770391834.9997 3.2431 1.6022 40.6342
1770391835.0118 -0.2359 5.3558 38.7116
1770391835.0239 3.3347 -2.6093 37.3078
1770391835.0359 -0.8768 -4.7455 36.6669
1770391835.0479 3.3652 6.3019 34.8664
1770391835.0599 0.4355 -0.1678 37.9792
1770391835.0719 1.9003 -4.4098 40.7868
1770391835.0840 0.5881 1.0834 40.5427
1770391835.0960 3.6398 -1.2665 39.9933
1770391835.1081 4.0060 6.3629 37.6740
1770391835.1191 -0.9988 -1.7242 35.9650
1770391835.1312 1.5952 -9.2010 39.2609
1770391835.1433 -0.5411 16.3116 38.8947
1770391835.1554 4.4333 -5.0507 41.3666
1770391835.1675 2.5717 -4.1351 39.1389
1770391835.1798 2.4802 12.1307 36.2702
1770391835.1918 3.9145 -5.2948 36.5143
1770391835.2040 2.3276 1.4191 35.1411
1770391835.2161 4.1891 4.7760 35.8430
1770391835.2272 2.8464 -8.5602 37.2773
1770391835.2393 -3.1351 0.7172 37.8266
1770391835.2514 4.3112 4.8676 36.6059
1770391835.2634 -0.5106 -2.2736 38.1318
1770391835.2756 1.7783 -0.7477 38.2844
1770391835.2875 -3.8065 14.2365 24.4294
1770391835.2997 8.0954 8.6212 11.9172
1770391835.3117 -5.4849 -12.1918 31.1127
1770391835.3239 -1.7923 4.3182 18.2343
1770391835.3359 2.9684 -0.8087 -1.0528
1770391835.3480 4.6469 -9.5978 -0.3814
1770391835.3600 -4.2032 -0.6866 1.9074
1770391835.3721 0.8627 3.7689 -2.7007
1770391835.3843 -1.2125 -7.4615 -0.9307
1770391835.3954 -0.4495 2.8839 -2.5787
1770391835.4074 0.1608 -0.4120 -4.1656
1770391835.4196 1.2595 -0.2594 -6.0272
1770391835.4316 -0.9683 1.2360 -7.3699
1770391835.4436 0.1608 -3.2501 -5.2337
1770391835.4557 0.5881 1.8768 -0.0457
1770391835.4678 -0.1443 0.1678 3.8605
1770391835.4800 -1.3651 -0.5341 0.8698
1770391835.4920 1.1984 -0.6866 -1.5716
1770391835.5040 0.3134 1.9989 -1.9073
1770391835.5162 0.5270 -0.7172 -1.6326
1770391835.5282 0.0388 -0.4730 -1.6021
1770391835.5393 0.0998 1.2054 0.2289
1770391835.5513 -0.3275 -0.3815 2.7924
1770391835.5633 -0.3580 -0.3204 3.6774
1770391835.5756 -0.1443 0.4425 3.5859
1770391835.5883 0.2829 0.1068 1.5107
1770391835.5993 0.1303 0.1373 -0.6866
1770391835.6123 0.4050 -0.0153 -0.5035
1770391835.6234 0.2219 0.6561 1.3581
1770391835.6355 -0.4190 0.0153 2.8840
1770391835.6475 -0.5106 -0.2594 4.0436
1770391835.6597 -0.6631 1.0529 3.5554
1770391835.6762 0.7712 0.3815 -0.0762
1770391835.6839 -0.4190 -1.4801 -1.9073
1770391835.6960 0.0693 -0.2594 -0.5035
1770391835.7080 0.1303 -0.1068 -0.6561
1770391835.7201 -0.3275 -0.1068 -2.3040
1770391835.7321 -0.3885 -0.0763 -2.1819
1770391835.7441 -0.0528 -0.2289 -1.4190
1770391835.7563 -0.0223 0.1068 0.2289
1770391835.7675 0.4965 -0.0458 0.5952
1770391835.7799 0.0082 -0.1984 0.1984
1770391835.7919 0.0998 -0.0763 -0.8697
1770391835.8042 -0.0528 0.1373 -0.8087
1770391835.8154 -0.1138 0.0153 -0.5035
1770391835.8276 0.2524 0.0153 0.5646
1770391835.8397 0.0693 0.0763 1.2055
1770391835.8518 0.1913 -0.1068 0.7783
1770391835.8638 -0.0528 -0.0763 0.4731
1770391835.8755 0.0082 0.0763 -0.1373
1770391835.8875 -0.0223 -0.1678 0.3815
1770391835.8995 0.0082 0.0153 1.0529
1770391835.9115 -0.0833 -0.0153 1.3581
1770391835.9237 0.0693 0.1373 1.3276
1770391835.9359 0.4050 0.4425 0.3510
1770391835.9479 0.1303 -0.2899 -1.3275
1770391835.9599 0.1913 -0.5035 -0.1983
1770391835.9721 0.0082 0.6866 1.4802
1770391835.9842 -0.0833 -0.5035 1.8159
1770391835.9955 -0.0223 0.2594 1.1140
1770391836.0075 -0.4800 0.3204 0.1374
1770391836.0197 0.1913 0.1373 -0.5340
1770391836.0318 0.0082 0.5341 -0.2593
1770391836.0437 -0.1749 -0.3204 0.3510
1770391836.0559 -0.1443 -0.1373 0.2595
1770391836.0680 -0.0833 -0.0153 -0.5035
1770391836.0801 -0.2359 -0.1068 -0.7171
1770391836.0922 -0.1749 -0.1678 -0.2288
1770391836.1043 0.0998 0.1068 0.5646
1770391836.1165 0.0388 -0.0458 0.1984
1770391836.1275 0.0388 -0.1068 0.1069
1770391836.1396 -0.0223 0.1678 -0.0152
1770391836.1515 -0.3580 0.1678 0.0764
1770391836.1635 -0.1749 0.0458 -0.1373
1770391836.1756 -0.0833 -0.1373 -0.3204
1770391836.1879 0.0693 -0.1373 0.1374
1770391836.1999 0.0388 0.1678 0.1984
1770391836.2121 0.0693 -0.0458 0.0153
1770391836.2242 -0.1138 0.3510 0.2595
1770391836.2363 0.0082 0.1373 0.1374
1770391836.2483 -0.0223 0.1678 0.2289
1770391836.2605 0.1608 0.0153 -0.2899
1770391836.2725 0.0998 -0.0458 0.0458
1770391836.2846 -0.1443 -0.0763 0.1984
1770391836.2957 -0.1138 0.1068 -0.2593
1770391836.3082 -0.3275 -0.0763 0.0458
1770391836.3204 -0.0528 -0.1373 0.0764
1770391836.3325 0.0082 0.0763 -0.2288
1770391836.3444 -0.1749 0.1068 0.1984
1770391836.3566 0.0998 -0.0458 0.1374
1770391836.3687 0.0998 0.0763 -0.1373
1770391836.3800 -0.1138 0.1984 0.1984
1770391836.3920 -0.0528 -0.1068 -0.2593
1770391836.4042 -0.0833 0.1373 -0.1373
1770391836.4163 -0.2664 0.1068 0.1679
1770391836.4285 0.0693 -0.3204 -0.1067
1770391836.4405 -0.2054 0.0153 0.1984
1770391836.4526 -0.1443 0.1068 -0.2288
1770391836.4646 -0.2359 -0.0458 0.1374
1770391836.4758 -0.2359 -0.0458 0.1069
1770391836.4879 0.0082 0.1373 0.1069
1770391836.5000 0.0693 0.2289 -0.2288
1770391836.5120 0.0998 -0.1068 0.0458
1770391836.5242 -0.1443 -0.1068 0.0764
1770391836.5363 -0.1749 0.0458 0.3205
1770391836.5484 0.0693 0.1068 -0.0457
1770391836.5607 0.2219 0.0458 -0.1983
1770391836.5719 -0.1749 -0.0458 0.1374
1770392020.4322 -0.1749 -0.0458 -0.1067
1770392020.4434 0.0693 0.0153 0.1374
1770392020.4553 -0.0223 -0.0763 -0.2288
1770392020.4675 0.0998 -0.1373 -0.0457
1770392020.4795 -0.0528 0.0763 -0.0457
1770392020.4917 -0.1749 0.0153 -0.1678
1770392020.5037 0.0388 0.2594 0.0153
1770392020.5157 0.0693 0.1678 -0.0457
1770392020.5278 -0.0528 -0.0153 0.0153
1770392020.5399 -0.0833 -0.1984 -0.0762
1770392020.5511 -0.2664 0.1984 -0.0457
1770392020.5631 -0.1138 -0.1373 -0.1983
1770392020.5753 -0.2054 -0.1068 -0.0762
1770392020.5872 0.0693 0.1984 -0.0457
1770392020.5996 0.0998 -0.0153 -0.1678
1770392020.6116 -0.0528 -0.1373 -0.1067
1770392020.6239 -0.0223 0.3815 0.1374
1770392020.6351 -0.1443 -0.1984 -0.1373
1770392020.6471 -0.2054 -0.1068 0.0764
1770392020.6591 -0.1443 0.1678 0.3815
1770392020.6710 0.1913 0.4120 0.1069
1770392020.6840 0.0693 0.2289 -0.0762
1770392020.6956 0.1913 0.1984 -0.2899
1770392020.7073 -0.0223 0.0153 -0.0457
1770392020.7192 0.0998 0.1068 0.0764
1770392020.7318 0.0082 0.0458 -0.1678
1770392020.7433 -0.0528 0.0763 0.1374
1770392020.7560 -0.2969 0.0458 0.0153
1770392020.7670 0.1303 -0.0153 -0.0152
1770392020.7791 -0.1138 -0.2899 0.3205
1770392020.7911 -0.0528 0.0458 0.1069
1770392020.8032 0.1303 0.1068 0.1679
1770392020.8150 -0.2054 -0.0153 0.0764
1770392020.8272 -0.1138 0.0153 -0.0152
1770392020.8392 -0.3275 -0.0458 -0.1067
1770392020.8512 -0.0223 -0.1068 -0.1067
1770392020.8633 -0.1443 0.1068 0.2289
1770392020.8753 0.0388 0.1678 0.0458
1770392020.8873 0.1303 -0.0153 -0.0762
1770392020.8995 -0.1443 0.0763 0.2289
1770392020.9115 0.0082 -0.0458 -0.2593
1770392020.9235 -0.2664 -0.0763 0.1069
1770392020.9356 0.0082 -0.0763 -0.1373
1770392020.9477 -0.2054 0.1068 -0.0457
1770392020.9596 0.0693 0.1068 0.0458
1770392020.9716 -0.0528 0.0458 -0.0457
1770392020.9841 -0.0528 0.1068 -0.0152
1770392020.9952 -0.0833 0.1678 0.0153
1770392021.0072 -0.0833 0.0458 0.2900
1770392021.0193 -0.1443 0.1373 0.2289
1770392021.0312 -0.1749 0.1984 -0.1678
1770392021.0433 0.0998 0.0458 0.0458
1770392021.0553 0.0082 0.1068 0.0458
1770392021.0674 -0.4190 -0.1068 0.0764
1770392021.0796 0.0388 0.0153 -0.0762
1770392021.0916 0.1913 0.0153 -0.1983
1770392021.1035 -0.1443 0.1068 -0.1373
1770392021.1155 -0.0528 -0.3204 -0.1067
1770392021.1276 0.0998 -0.1373 -0.4730
1770392021.1396 0.0388 0.0153 -0.1373
1770392021.1516 -0.0223 -0.1068 -0.1678
1770392021.1636 -0.3580 0.3815 -0.1678
1770392021.1757 0.1608 -0.0153 -0.2593
1770392021.1882 -0.0223 0.0153 0.2289
1770392021.1993 -0.2054 0.0458 -0.1067
1770392021.2112 0.0082 0.0153 -0.2593
1770392021.2234 -0.0833 0.1068 0.0153
1770392021.2356 -0.0528 -0.0763 -0.1067
1770392021.2476 -0.0223 -0.0153 -0.0762
1770392021.2596 0.0082 0.2594 -0.0457
1770392021.2717 -0.0528 -0.0153 0.1679
1770392021.2836 -0.2054 0.0153 -0.1067
1770392021.2956 -0.2054 0.0763 -0.0762
1770392021.3076 -0.0528 -0.1373 -0.0457
1770392021.3196 -0.0223 0.2289 0.1679
1770392021.3316 -0.0223 -0.0763 -0.2593
1770392021.3436 -0.1749 -0.1984 -0.3509
1770392021.3557 0.0388 0.1984 -0.0762
1770392021.3678 -0.0528 -0.0458 -0.1373
1770392021.3801 -0.2359 0.0763 -0.2593
1770392021.3921 0.0082 -0.0153 -0.0152
1770392021.4041 -0.3275 0.0458 0.0153
1770392021.4160 0.0693 -0.0458 -0.0457
1770392021.4281 0.0388 0.1984 0.0458
1770392021.4402 -0.1138 -0.1068 0.0764
1770392021.4522 -0.0528 0.1373 0.1374
1770392021.4641 -0.1138 -0.0763 0.1679
1770392021.4753 -0.2054 0.0763 -0.1067
1770392021.4873 -0.0833 -0.0458 0.1374
1770392021.4993 -0.0223 -0.0763 -0.1678
1770392021.5116 0.1913 -0.1984 -0.1678
1770392021.5237 -0.1138 0.2594 -0.1678
1770392021.5358 -0.1443 -0.1373 -0.1983
1770392021.5479 -0.1443 0.2289 -0.2288
1770392021.5598 0.2219 0.1068 -0.0762
1770392021.5718 -0.1138 0.0153 0.1374
1770392021.5838 -0.1138 0.0458 -0.0457
1770392021.5962 -0.1443 0.0153 -0.3814
1770392021.6072 0.0388 0.1373 -0.1678
1770392021.6193 0.0693 0.2899 0.0764
1770392021.6315 0.0388 -0.1068 -0.2288
1770392021.6435 -0.0833 0.0153 -0.0457
1770392021.6556 0.0082 0.2899 -0.1067
1770392021.6679 -0.0528 0.1068 0.0153
1770392021.6800 -0.1443 -0.1373 -0.1678
1770392021.6921 0.0082 0.0458 0.0764
1770392021.7042 0.1913 0.0153 0.2595
1770392021.7153 -0.0528 0.1984 -0.1678
1770392021.7277 0.0693 -0.0763 -0.0762
1770392021.7398 -0.0528 0.1373 -0.0152
1770392021.7518 -0.0223 0.1373 0.0153
1770392021.7638 -0.1138 0.0458 -0.0152
1770392021.7758 0.0998 0.0763 -0.0762
1770392021.7880 0.0082 0.0763 0.1069
1770392021.7999 -0.0528 -0.0458 -0.0152
1770392021.8121 0.0082 -0.1984 -0.0762
1770392021.8242 -0.1443 0.1373 0.0458
1770392021.8353 -0.2969 0.0153 -0.1373
1770392021.8483 -0.0223 -0.0458 0.2289
1770392021.8594 0.0388 0.0763 0.0458
1770392021.8713 -0.1749 -0.1984 -0.0457
1770392021.8843 -0.0833 0.0458 0.2289
1770392021.8953 -0.1749 0.0153 -0.0762
1770392021.9074 -0.4495 0.0458 0.1069
1770392021.9199 0.0082 0.0458 -0.0762
1770392021.9319 -0.1138 0.1068 0.0764
1770392021.9439 0.0388 -0.0458 0.1069
1770392021.9560 0.0082 -0.0153 -0.0152
1770392021.9679 -0.1749 0.1068 -0.0152
1770392021.9802 0.0082 -0.0458 -0.1678
1770392021.9915 0.1608 -0.0153 -0.1067
1770392022.0035 -0.2359 0.1068 -0.0762
1770392022.0155 -0.3885 -0.1068 0.0153
1770392022.0276 -0.1749 0.3204 -0.0762
1770392022.0396 -0.0528 -0.1984 -0.0152
1770392022.0518 -0.0833 -0.1678 -0.0152
1770392022.0637 -0.1138 -0.0763 -0.1067
1770392022.0757 -0.1138 -0.0153 0.1069
1770392022.0877 0.0082 0.0153 0.0764
1770392022.0998 0.1913 -0.1068 0.1069
1770392022.1117 -0.1443 -0.0153 -0.1678
1770392022.1236 0.0388 -0.0458 -0.1067
1770392022.1356 -0.0833 0.0153 -0.0152
1770392022.1477 -0.4190 0.1678 -0.0152
1770392022.1597 0.1608 -0.0153 -0.2899
1770392022.1717 -0.1749 0.0458 0.0458
1770392022.1834 0.0998 -0.2289 0.2289
1770392022.1958 -0.2359 0.2289 0.1069
1770392022.2077 0.0388 0.2594 -0.0152
1770392022.2198 -0.1138 -0.0153 0.0153
1770392022.2317 -0.1443 0.1068 0.1069
1770392022.2438 0.0693 0.0458 -0.1983
1770392022.2558 0.0082 -0.0153 -0.3204
1770392022.2679 -0.1443 0.0763 -0.1983
1770392022.2799 -0.0528 -0.0763 0.1374
1770392022.2920 -0.1749 0.0458 -0.0457
1770392022.3039 -0.0528 -0.0763 -0.1373
1770392022.3159 0.0998 0.0458 0.1069
1770392022.3281 0.1303 -0.0458 -0.2288
1770392022.3401 0.0998 0.1373 -0.0457
1770392022.3522 -0.0528 -0.1068 -0.1067
1770392022.3643 -0.0528 0.0458 -0.0152
1770392022.3764 -0.1749 0.0763 -0.1373
1770392022.3874 -0.2054 -0.1373 -0.2288
1770392022.3995 -0.1443 -0.0458 -0.2899
1770392022.4117 -0.0223 0.1068 0.1374
1770392022.4238 -0.3580 -0.0153 -0.0762
1770392022.4360 0.0998 -0.0458 0.1679
1770392022.4481 0.0082 0.1068 -0.0457
1770392022.4601 0.1303 -0.1678 -0.0762
1770392022.4721 -0.1138 0.1678 0.1679
1770392022.4842 -0.1443 0.1068 0.0153
1770392022.4963 -0.2054 0.1984 0.1069
1770392022.5083 0.0693 -0.0458 0.1984
1770392022.5203 0.0388 0.0153 0.1069
1770392022.5324 0.0693 -0.0763 -0.0152
1770392022.5444 0.2829 -0.0763 0.1679
1770392022.5564 0.0693 0.2899 -0.1678
1770392022.5684 -0.1749 0.0458 -0.0762
1770392022.5814 -0.1749 -0.0153 0.0764
1770392022.5927 0.0693 -0.0153 0.0458
1770392022.6046 0.0693 -0.0153 -0.0762
1770392022.6167 -0.0223 -0.1373 0.1374
1770392022.6288 -0.0833 -0.0763 0.2289
1770392022.6407 -0.1749 -0.1984 -0.1373
1770392022.6527 -0.2664 0.2594 0.0764
1770392022.6646 -0.0223 0.1373 -0.0762
1770392022.6767 -0.1749 0.1068 0.0764
1770392022.6887 0.0998 -0.2594 0.0153
1770392022.7007 -0.1138 0.0153 0.0764
1770392022.7127 -0.2359 -0.0458 0.1679
1770392022.7248 0.0082 -0.0763 -0.1373
1770392022.7369 -0.2664 -0.1373 -0.2288
1770392022.7488 -0.0833 0.0458 0.0764
1770392022.7609 0.0082 0.1068 -0.0152
1770392022.7732 0.0693 -0.1068 -0.0457
1770392022.7846 0.1303 0.1373 -0.1067
1770392022.7972 -0.3275 0.1068 -0.0762
1770392022.8083 0.0082 0.1984 -0.1373
1770392022.8203 0.0082 -0.0458 -0.0762
1770392022.8323 -0.0223 0.0153 -0.0762
1770392022.8443 -0.0223 -0.1373 -0.1373
1770392022.8563 0.2829 0.0153 -0.1067
1770392022.8683 0.1913 -0.0153 -0.2288
1770392022.8803 0.0998 -0.0153 -0.2593
1770392022.8924 0.0082 0.0153 -0.1373
1770392022.9045 -0.1443 -0.0153 -0.1067
1770392022.9165 -0.0833 0.0763 -0.1678
1770392022.9286 -0.4800 0.1068 0.0764
1770392022.9405 -0.0528 0.0153 -0.0457
1770392022.9524 -0.0223 0.0458 -0.1373
1770392022.9644 -0.2054 0.1068 -0.0762
1770392022.9765 -0.1749 0.0153 0.0153
1770392022.9889 -0.0223 -0.0763 0.0458
1770392023.0008 -0.1138 -0.1068 0.1679
1770392023.0128 -0.1749 -0.0458 -0.0762
1770392023.0249 0.0693 0.1068 -0.0457
1770392023.0370 -0.0833 0.0763 -0.0457
1770392023.0490 -0.0528 0.1068 -0.1678
1770392023.0612 -0.1443 -0.0763 -0.0457
1770392023.0722 -0.1443 0.0153 -0.0152
1770392023.0843 -0.0528 0.1984 -0.0457
1770392023.0963 -0.1749 0.0458 -0.0457
1770392023.1085 -0.1138 0.0458 0.2289
1770392023.1205 -0.1138 -0.1373 -0.1067
1770392023.1326 -0.0528 -0.0763 0.0153
1770392023.1445 -0.1749 0.2594 0.1374
1770392023.1566 -0.2664 0.2289 -0.1373
1770392023.1686 -0.2359 -0.0458 0.0153
1770392023.1810 -0.0833 0.1068 -0.1373
1770392023.1932 0.0082 0.0763 -0.1678
1770392023.2043 -0.0833 0.1068 -0.0152
1770392023.2172 -0.1443 -0.1068 -0.0457
1770392023.2292 -0.1138 0.1373 -0.5035
1770392023.2412 -0.1749 0.0153 0.0458
1770392023.2532 -0.1443 0.0153 0.2289
1770392023.2651 -0.1138 0.1068 -0.0762
1770392023.2771 0.0388 0.0458 -0.1373
1770392023.2891 -0.0528 0.0763 -0.2288
1770392023.3012 0.0388 -0.2899 0.0458
1770392023.3131 -0.1749 0.0763 -0.0457
1770392023.3251 0.0388 -0.0763 -0.1983
1770392023.3371 0.0998 -0.0458 -0.2593
1770392023.3493 -0.0833 -0.0458 -0.1373
1770392023.3606 0.0388 0.0458 -0.1678
1770392023.3727 -0.1443 0.0458 -0.1983
1770392023.3848 -0.1443 0.2594 0.1374
1770392023.3970 -0.0833 -0.0763 -0.2288
1770392023.4090 0.0693 0.1373 0.2289
1770392023.4210 -0.1138 -0.0458 0.2289
1770392023.4331 0.0388 0.2594 0.1984
1770392023.4451 -0.2969 0.1373 -0.1983
1770392023.4572 -0.1138 -0.1373 -0.0457
1770392023.4693 -0.2969 -0.0153 0.0764
1770392023.4813 -0.1749 0.2899 0.0764
1770392023.4924 -0.0223 0.1068 0.0764
1770392023.5044 -0.0223 0.1068 -0.1067
1770392023.5165 0.0082 -0.0458 0.3510
1770392023.5285 0.0082 0.1068 -0.3204
1770392023.5405 -0.0528 -0.0458 0.0764
1770392023.5525 0.0388 0.0458 0.2289
1770392023.5646 -0.1138 0.1068 -0.0457
1770392023.5766 -0.1749 0.2594 0.0764
1770392023.5886 -0.1443 -0.0153 0.0764
1770392023.6006 -0.0833 -0.0458 -0.0457
1770392023.6127 0.0998 -0.0458 0.1984
1770392023.6246 -0.1443 -0.0458 -0.0762
1770392023.6367 0.0998 0.1984 -0.1983
1770392023.6488 -0.1443 0.0763 0.1069
1770392023.6608 -0.0833 0.0153 -0.0762
1770392023.6728 -0.2054 0.2289 0.0764
1770392023.6849 -0.0528 0.1068 0.1984
1770392023.6969 0.0082 -0.1068 -0.1373
1770392023.7089 -0.0833 0.2594 -0.0457
1770392023.7209 -0.0528 0.0458 -0.1373
1770392023.7330 0.1608 -0.1373 -0.2288
1770392023.7449 0.0693 -0.0153 -0.0762
1770392023.7569 0.0693 0.1678 -0.2593
1770392023.7689 -0.4495 0.1068 0.0458
1770392023.7821 0.0082 0.1678 -0.0762
1770392023.7931 -0.2969 0.0153 -0.0152
1770392023.8051 -0.2664 0.3510 0.1069
1770392023.8171 0.3134 0.0153 -0.0762
1770392023.8292 0.0388 -0.1678 0.0458
1770392023.8411 -0.0528 -0.1068 -0.1067
1770392023.8524 0.0388 -0.0153 0.1984
1770392023.8654 -0.0528 -0.1068 0.0764
1770392023.8764 0.0693 -0.1068 -0.0762
1770392023.8885 -0.1443 -0.1678 0.1069
1770392023.9006 -0.2359 0.0153 -0.0762
1770392023.9127 -0.1749 -0.0763 -0.1983
1770392023.9247 0.0082 0.1068 0.1374
1770392023.9367 -0.1749 0.1678 -0.0152
1770392023.9489 0.1913 0.1068 0.0458
1770392023.9609 -0.1138 -0.1068 -0.0152
1770392023.9730 -0.2359 0.1373 0.0153
1770392023.9853 -0.3580 0.1678 -0.1373
1770392023.9973 -0.2054 0.1068 -0.1067
1770392024.0094 -0.1443 0.0763 0.1374
1770392024.0214 -0.0528 0.0153 0.1069
1770392024.0334 -0.0528 0.0153 0.1069
1770392024.0445 0.1303 -0.1068 -0.0152
1770392024.0574 -0.1443 0.0458 0.0153
1770392024.0686 0.0388 0.1678 0.1374
1770392024.0805 0.1303 0.0458 0.0153
1770392024.0926 -0.0833 -0.1068 0.1984
1770392024.1045 0.0388 -0.1068 -0.1983
1770392024.1165 -0.2054 0.0153 0.1374
1770392024.1286 -0.0223 0.0153 -0.0457
1770392024.1406 -0.1443 0.0458 -0.1373
1770392024.1526 -0.1749 -0.0153 0.1069
1770392024.1646 -0.2664 -0.0153 0.2289
1770392024.1766 0.0693 -0.0763 0.1069
1770392024.1891 -0.0833 0.1678 0.1069
1770392024.2014 -0.0528 0.0458 -0.1678
1770392024.2128 -0.2054 -0.1373 -0.0457
1770392024.2252 0.0082 -0.0763 -0.1373
1770392024.2365 0.0388 -0.0763 0.0458
1770392024.2491 -0.2359 -0.1068 -0.1678
1770392024.2613 -0.0833 0.0458 -0.0457
1770392024.2734 0.0998 0.0458 -0.1067
1770392024.2854 0.0082 0.1373 -0.1678
1770392024.2965 0.0082 -0.3204 -0.0762
1770392024.3087 0.0998 -0.2594 0.1069
1770392024.3209 -0.0528 -0.1984 0.1374
1770392024.3332 -0.0528 0.2594 -0.0762
1770392024.3452 -0.2054 -0.0458 -0.0457
1770392024.3574 0.0693 -0.0153 -0.1678
1770392024.3695 0.0388 0.1373 0.1069
1770392024.3817 -0.0223 -0.0763 -0.1067
1770392024.3929 -0.1138 0.1678 -0.1373
1770392024.4050 -0.2359 0.0153 -0.1373
1770392024.4170 -0.2054 -0.0763 -0.2593
1770392024.4291 0.0693 -0.0153 0.1069
1770392024.4410 0.0082 -0.0458 0.0458
1770392024.4530 0.0388 -0.1068 -0.3204
1770392024.4650 -0.0223 0.0153 -0.1373
1770392024.4770 0.0693 0.2289 -0.1373
1770392024.4892 0.0388 0.1373 -0.0152
1770392024.5014 -0.1749 0.0153 -0.1678
1770392024.5134 -0.2969 -0.0153 -0.1373
1770392024.5248 0.0693 -0.0153 0.0458
1770392024.5369 -0.1138 0.1678 -0.1373
1770392024.5493 0.1913 -0.0763 -0.0457
1770392024.5607 -0.1443 0.1068 0.0458
1770392024.5731 -0.1138 -0.0153 -0.0457
1770392024.5848 0.1608 0.3510 0.0458
1770392024.5972 0.0388 -0.1373 -0.2899
1770392024.6088 0.0082 -0.0153 -0.0762
1770392024.6212 -0.1138 -0.0458 -0.0457
1770392024.6334 -0.0528 -0.1678 0.0764
1770392024.6447 0.0082 -0.0763 -0.1067
1770392024.6568 -0.1138 0.1678 0.2595
1770392024.6692 -0.0833 0.0763 -0.0152
1770392024.6814 -0.0223 0.0763 0.1984
1770392024.6926 -0.1138 -0.0153 -0.1067
1770392024.7049 0.0082 0.0153 -0.1983
1770392024.7169 0.0388 -0.0153 -0.0152
1770392024.7296 -0.0223 0.0153 0.0153
1770392024.7407 -0.2054 -0.1068 -0.0762
1770392024.7529 -0.1138 0.0458 0.1374
1770392024.7651 -0.2359 0.0458 -0.1067
1770392024.7773 0.0082 -0.1678 0.1984
1770392024.7887 -0.2664 -0.0153 0.1069
1770392024.8013 0.0082 0.1068 -0.4119
1770392024.8136 -0.3885 -0.1068 -0.1373
1770392024.8251 0.0082 0.2289 -0.1067
1770392024.8369 0.1913 -0.0763 -0.1678
1770392024.8496 0.0082 -0.0458 0.1374
1770392024.8614 -0.0833 -0.1068 -0.0152
1770392024.8728 -0.2359 0.0763 -0.1983
1770392024.8852 -0.0223 0.0458 0.0458
1770392024.8966 -0.1749 0.1068 -0.2899
1770392024.9090 -0.1443 0.2594 -0.1373
1770392024.9211 0.0998 0.0153 -0.1373
1770392024.9333 0.0693 0.1373 -0.1067
1770392024.9455 0.0998 -0.0458 -0.0457
1770392024.9576 -0.1443 -0.0153 -0.0152
1770392024.9687 0.0388 0.0153 -0.0457
1770392024.9809 -0.2664 0.0458 -0.0457
1770392024.9934 -0.1138 -0.0458 -0.0457
1770392025.0055 -0.1749 -0.3204 -0.1678
1770392025.0176 0.0388 0.1068 -0.0762
1770392025.0288 -0.1443 -0.1678 -0.1067
1770392025.0409 -0.0833 0.0458 0.1679
1770392025.0530 -0.0833 0.1068 -0.1983
1770392025.0649 -0.1443 -0.1984 0.1679
1770392025.0770 0.0998 -0.1678 -0.0457
1770392025.0891 -0.0833 -0.0458 -0.2288
1770392025.1011 -0.0223 -0.0458 0.0153
1770392025.1136 -0.1138 0.0153 0.0153
1770392025.1247 0.0388 -0.2594 -0.0152
1770392025.1368 -0.1138 0.1068 -0.0152
1770392025.1490 -0.2054 -0.0153 -0.0457
1770392025.1612 0.0388 0.1373 -0.1373
1770392025.1743 -0.0223 0.1678 -0.1373
1770392025.1855 0.1303 0.1068 0.2900
1770392025.1976 -0.2054 0.0153 0.0153
1770392025.2096 -0.1138 -0.0153 -0.0762
1770392025.2217 -0.1749 0.0153 0.1374
1770392025.2327 0.0388 0.1373 0.2289
1770392025.2447 -0.2359 0.1678 0.0764
1770392025.2577 -0.2359 0.1678 -0.2593
1770392025.2687 -0.0833 -0.0458 -0.1983
1770392025.2807 -0.0833 0.1373 -0.2288
1770392025.2927 0.0693 -0.3204 0.0458
1770392025.3048 0.1608 0.1068 -0.1983
1770392025.3168 0.0998 0.1068 -0.1373
1770392025.3288 0.0388 -0.0153 -0.1067
1770392025.3408 -0.1749 0.1984 0.1984
1770392025.3528 -0.4190 0.0153 -0.0762
1770392025.3650 -0.1443 0.0153 0.0458
1770392025.3770 -0.1138 -0.0153 0.2289
1770392025.3892 -0.2664 -0.1984 -0.1067
1770392025.4013 -0.2054 0.0153 -0.0762
1770392025.4134 0.0082 0.1678 0.0764
1770392025.4255 -0.1443 0.1373 -0.2593
1770392025.4375 -0.0528 0.1678 0.0458
1770392025.4495 -0.2054 -0.0763 -0.1678
1770392025.4615 -0.1443 -0.0153 0.0458
1770392025.4735 0.2219 0.1068 -0.1067
1770392025.4857 -0.3275 -0.1678 -0.0457
1770392025.4977 -0.1443 0.0458 -0.1067
1770392025.5097 -0.1443 0.1068 0.1679
1770392025.5208 -0.1138 0.0763 -0.1373
1770392025.5328 -0.1443 -0.1068 -0.2593
1770392025.5448 0.1608 0.0153 0.0153
1770392025.5577 -0.1443 0.0763 -0.0152
1770392025.5698 -0.0833 -0.1678 -0.1067
1770392025.5809 0.0693 0.1373 0.1984
1770392025.5929 0.1303 0.1984 -0.0457
1770392025.6049 0.0388 0.2289 -0.0152
1770392025.6168 0.2219 0.1068 -0.2288
1770392025.6290 -0.1749 -0.0153 0.1069
1770392025.6409 -0.0528 -0.0458 -0.1373
1770392025.6530 -0.1138 0.1373 0.1374
1770392025.6650 0.2524 -0.0458 -0.1983
1770392025.6770 -0.3580 -0.0458 -0.1067
1770392025.6890 -0.1749 0.1373 0.0458
1770392025.7011 -0.0528 0.2289 0.1069
1770392025.7133 0.0388 -0.0153 -0.0152
1770392025.7259 -0.0223 -0.1984 0.1679
1770392025.7369 -0.0528 0.1068 -0.2288
1770392025.7495 -0.2664 -0.0458 -0.0152
1770392025.7617 0.0693 -0.0153 0.2900
1770392025.7738 0.1303 0.0458 -0.2593
1770392025.7853 -0.0833 -0.1068 -0.0152
1770392025.7977 -0.2359 0.0458 -0.0457
1770392025.8098 0.2219 -0.1678 -0.2288
1770392025.8213 -0.0833 -0.1678 0.0764
1770392025.8333 -0.0223 -0.0153 -0.1983
1770392025.8454 -0.2969 0.0763 0.0458
1770392025.8574 0.0998 0.0153 -0.0152
1770392025.8697 -0.1443 0.0153 0.1679
1770392025.8818 -0.2359 0.1678 0.1374
1770392025.8939 0.0693 -0.1678 0.0764
1770392025.9058 0.0082 -0.0153 -0.1373
1770392025.9169 0.0388 0.0458 0.1984
1770392025.9291 -0.0833 0.0153 0.1679
1770392025.9411 -0.3275 0.0153 0.1679
1770392025.9530 0.0998 -0.0153 0.1374
1770392025.9650 0.0388 -0.0153 -0.1678
1770392025.9772 0.0998 -0.0458 0.0153
1770392025.9895 -0.1443 -0.0153 -0.1373
1770392026.0015 -0.2359 -0.0763 0.1374
1770392026.0134 0.0082 0.1068 -0.0152
1770392026.0254 0.0388 -0.2594 -0.1678
1770392026.0376 -0.0223 0.0458 -0.0152
1770392026.0497 0.0388 -0.1678 -0.0152
1770392026.0617 -0.2969 0.1373 -0.2899
1770392026.0737 -0.0833 -0.1678 -0.1678
1770392026.0858 -0.0528 0.0763 -0.1067
1770392026.0978 0.1608 -0.1678 0.1374
1770392026.1098 -0.0833 0.2289 0.2900
1770392026.1219 -0.2054 0.1678 -0.1678
1770392026.1338 -0.1138 0.1678 -0.2593
1770392026.1459 -0.0528 0.0458 0.1984
1770392026.1569 -0.1443 0.1984 -0.0762
1770392026.1689 0.1913 0.1678 0.2289
1770392026.1815 -0.1443 -0.0458 0.1069
1770392026.1938 0.0082 0.1373 -0.1067
1770392026.2059 0.1303 0.0153 0.1374
1770392026.2178 -0.0528 -0.0458 0.2595
1770392026.2289 -0.1443 0.0458 0.0153
1770392026.2409 -0.0833 0.1678 0.1984
1770392026.2529 -0.4495 0.1068 -0.1983
1770392026.2658 0.2524 -0.1678 -0.0457
1770392026.2779 0.1303 0.2899 -0.1373
1770392026.2889 -0.2664 0.1373 0.0764
1770392026.3010 -0.1138 -0.3204 -0.0457
1770392026.3129 -0.1138 0.2594 0.1069
1770392026.3253 -0.2359 -0.0763 -0.1983
1770392026.3373 0.0998 -0.0458 -0.0457
1770392026.3493 -0.1138 0.1373 0.0458
1770392026.3613 -0.0528 0.1068 0.0153
1770392026.3733 -0.1138 -0.0153 0.0764
1770392026.3857 0.1608 0.0153 -0.1983
1770392026.3977 -0.1443 0.0153 -0.0457
1770392026.4097 -0.1749 0.1678 0.1679
1770392026.4219 0.1608 0.1984 0.1374
1770392026.4339 0.1303 0.1068 0.0153
1770392026.4450 -0.0833 -0.0153 -0.2288
1770392026.4570 -0.0528 0.0153 -0.0457
1770392026.4690 -0.0833 -0.0153 0.1069
1770392026.4811 -0.0528 0.1068 0.0153
1770392026.4932 -0.2359 -0.0458 0.0764
1770392026.5051 -0.0528 0.0458 -0.1373
1770392026.5171 -0.1443 -0.1068 -0.1983
1770392026.5292 -0.0833 -0.0763 -0.0152
1770392026.5412 -0.3275 -0.2289 -0.0762
1770392026.5532 -0.1138 0.2594 0.1984
1770392026.5651 0.0693 -0.1373 0.1069
1770392026.5772 0.0693 -0.0458 0.0153
1770392026.5895 -0.1749 -0.2899 -0.0152
1770392026.6014 0.0082 0.1678 -0.0457
1770392026.6135 -0.2054 0.0763 0.0764
1770392026.6255 -0.1443 0.1068 -0.1373
1770392026.6376 -0.2054 0.0763 0.0153
1770392026.6497 -0.0223 -0.1068 -0.5035
1770392026.6616 -0.0528 0.1373 0.0764
1770392026.6736 -0.0223 0.2899 0.0458
1770392026.6856 0.1608 0.1984 0.1069
1770392026.6976 -0.2664 0.1373 -0.1067
1770392026.7097 -0.0223 0.1068 -0.1373
1770392026.7216 -0.1443 -0.0153 0.2900
1770392026.7338 0.1303 0.0153 0.1069
1770392026.7458 0.0693 0.1984 -0.2593
1770392026.7579 0.0693 0.1984 -0.0152
1770392026.7699 -0.0833 0.0153 0.0153
1770392026.7812 -0.2054 -0.1984 -0.3509
1770392026.7933 0.0082 -0.0153 -0.0457
1770392026.8053 0.1303 0.0763 -0.0152
1770392026.8173 -0.1443 0.1068 -0.1678
1770392026.8295 -0.0833 0.2289 0.0458
1770392026.8414 0.0693 0.2594 -0.2899
1770392026.8535 -0.0528 0.0153 -0.4424
1770392026.8655 -0.1443 0.0458 -0.1067
1770392026.8777 -0.0223 0.1984 -0.1373
1770392026.8897 -0.0833 0.2594 -0.0457
1770392026.9020 -0.0223 0.0153 -0.2593
1770392026.9132 0.0693 0.2289 -0.2593
1770392026.9255 0.0998 0.0763 0.1374
1770392026.9380 -0.1749 0.0153 -0.0152
1770392026.9494 0.1913 0.2594 -0.1983
1770392026.9614 -0.0833 0.1984 -0.1678
1770392026.9735 -0.1138 -0.0153 -0.1067
1770392026.9858 0.0388 -0.1678 -0.1678
1770392026.9980 0.1303 0.0153 -0.1067
1770392027.0100 0.0082 0.0763 0.1984
1770392027.0220 0.0998 0.1984 0.0153
1770392027.0340 -0.2054 -0.2899 -0.1373
1770392027.0460 -0.2054 -0.2289 -0.0152
1770392027.0579 -0.2054 -0.1068 -0.1678
1770392027.0699 -0.0528 -0.1678 -0.1373
1770392027.0819 -0.0223 0.1068 0.1374
1770392027.0939 -0.1749 -0.1068 0.2595
1770392027.1058 0.0998 0.1373 0.1374
1770392027.1178 0.2219 -0.0458 0.1374
1770392027.1298 -0.1443 0.1373 0.1069
1770392027.1417 -0.1443 -0.1678 -0.0762
1770392027.1538 -0.0833 -0.1373 -0.2288
1770392027.1657 -0.1443 0.1678 -0.0152
1770392027.1781 0.0388 0.0153 -0.0152
1770392027.1894 -0.0528 0.0458 -0.2288
1770392027.2015 0.0693 -0.0458 0.1069
1770392027.2135 -0.0833 -0.0458 0.1374
1770392027.2254 -0.0528 0.0458 0.1069
1770392027.2375 -0.0223 -0.0458 0.0458
1770392027.2495 0.0082 -0.0458 -0.2593
1770392027.2615 -0.0528 0.1984 -0.0457
1770392027.2737 0.1303 0.1373 -0.1373
1770392027.2857 -0.0528 -0.0458 -0.0152
1770392027.2976 -0.2359 -0.0153 0.1069
1770392027.3098 0.1608 -0.1984 -0.4730
1770392027.3219 -0.1443 -0.1373 -0.0457
1770392027.3345 -0.0528 0.0153 -0.1983
1770392027.3455 -0.0833 -0.0763 -0.1067
1770392027.3579 0.0082 -0.0763 0.0458
1770392027.3700 -0.0223 0.0763 -0.3509
1770392027.3812 -0.1138 0.1984 -0.1067
1770392027.3934 -0.0833 0.1373 -0.1067
1770392027.4057 -0.2664 0.0763 0.0764
1770392027.4178 -0.2664 -0.0153 0.0153
1770392027.4292 -0.4800 -0.0763 -0.0152
1770392027.4414 -0.0833 0.0153 -0.0152
1770392027.4536 -0.1749 0.2289 -0.4730
1770392027.4656 -0.0223 0.2289 0.0458
1770392027.4776 -0.1443 0.0458 -0.1373
1770392027.4898 -0.1138 0.0763 -0.1983
1770392027.5019 -0.1749 -0.0153 -0.0762
1770392027.5139 -0.3275 -0.0458 -0.0152
1770392027.5259 0.0693 0.0153 -0.0152
1770392027.5379 0.0693 0.1068 -0.1983
1770392027.5501 -0.2054 -0.0763 -0.2899
1770392027.5621 -0.2969 0.1984 -0.1678
1770392027.5742 -0.1138 0.1678 -0.0152
1770392027.5853 -0.0528 0.0153 -0.1983
1770392027.5975 0.0693 0.0153 -0.0152
1770392027.6095 -0.0528 0.1984 0.0764
1770392027.6212 0.2829 -0.0153 0.1069
1770392027.6333 -0.1138 -0.2594 -0.2593
1770392027.6453 -0.0833 -0.0153 -0.4424
1770392027.6572 0.0082 0.0153 -0.0152
1770392027.6693 0.1303 -0.0153 -0.1067
1770392027.6813 0.0693 0.1373 0.0153
1770392027.6937 0.0388 0.1678 0.0458
1770392027.7057 -0.0833 0.0153 0.1984
1770392027.7178 0.1303 0.1373 -0.0762
1770392027.7302 -0.2359 0.0763 0.0153
1770392027.7412 0.0693 -0.1678 0.2289
1770392027.7533 0.2524 -0.1068 -0.1373
1770392027.7655 -0.1443 0.1678 -0.1983
1770392027.7779 -0.2664 -0.0458 0.0458
1770392027.7902 0.0082 0.0763 0.0764
1770392027.8014 -0.3885 -0.0763 -0.2899
1770392027.8135 0.2829 -0.0153 0.0764
1770392027.8256 -0.0528 -0.0153 0.0153
1770392027.8376 -0.2359 -0.0153 0.0764
1770392027.8498 -0.1443 0.1373 0.0153
1770392027.8618 -0.0223 0.0763 -0.1983
1770392027.8739 -0.0833 0.0458 -0.3509
1770392027.8859 -0.1749 0.0153 -0.0152
1770392027.8978 -0.0528 0.0153 0.0458
1770392027.9099 0.0693 0.2594 -0.2593
1770392027.9221 -0.1443 0.1068 0.1984
1770392027.9341 -0.1138 -0.0153 0.1069
1770392027.9460 -0.1138 -0.1678 -0.4424
1770392027.9580 -0.1138 0.0458 0.0764
1770392027.9702 -0.1138 -0.0153 -0.1678
1770392027.9823 0.0998 0.0458 -0.3509
1770392027.9935 -0.1138 -0.0153 -0.1983
1770392028.0055 0.0693 -0.0153 0.2289
1770392028.0174 -0.3275 0.0458 -0.0152
1770392028.0296 0.0693 0.2289 -0.2288
1770392028.0416 -0.1138 0.2594 -0.5035
1770392028.0538 -0.2664 -0.1678 0.0764
1770392028.0659 0.0082 0.0763 -0.4730
1770392028.0780 -0.0833 -0.0763 0.0153
1770392028.0900 -0.2664 -0.1678 -0.2593
1770392028.1021 -0.0833 0.0153 -0.0152
1770392028.1140 0.0388 -0.0763 0.1069
1770392028.1260 -0.1138 0.0458 -0.0152
1770392028.1380 0.1913 0.1068 0.4120
1770392028.1501 0.1608 0.2594 0.0458
1770392028.1620 -0.1138 0.0153 0.3205
1770392028.1741 -0.0223 -0.2289 -0.2288
1770392028.1855 -0.0528 0.2289 0.0458
1770392028.1975 0.1303 0.1984 -0.0762
1770392028.2095 -0.2359 0.0458 -0.2593
1770392028.2215 -0.2969 0.0763 0.1984
1770392028.2335 -0.2054 -0.1373 0.0153
1770392028.2454 -0.1749 0.2289 0.2289
1770392028.2574 0.0693 0.2289 -0.2899
1770392028.2697 -0.2359 0.1678 0.1679
1770392028.2816 -0.0833 0.1068 -0.0152
1770392028.2936 -0.1443 0.0763 0.1069
1770392028.3057 -0.1138 0.1678 -0.0457
1770392028.3176 -0.0528 0.0153 -0.1983
1770392028.3297 -0.1443 -0.0153 -0.1983
1770392028.3417 -0.2054 0.1373 0.1374
1770392028.3539 -0.2359 0.0153 -0.0152
1770392028.3660 0.0082 0.3510 0.0764
1770392028.3781 0.0693 0.0763 -0.2288
1770392028.3896 -0.1138 0.2594 0.1984
1770392028.4016 -0.2969 0.1068 -0.1067
1770392028.4137 -0.0223 -0.0763 0.3510
1770392028.4256 0.0998 0.0458 -0.0457
1770392028.4378 -0.2969 -0.1678 -0.1373
1770392028.4500 -0.2664 -0.0153 -0.3509
1770392028.4624 0.0998 0.1678 0.1984
1770392028.4745 0.1303 0.1678 -0.1373
1770392028.4866 -0.0528 -0.0763 -0.2899
1770392028.4976 -0.0528 -0.1373 -0.1067
1770392028.5097 -0.1138 0.0458 -0.1678
1770392028.5217 -0.0528 -0.0458 -0.0152
1770392028.5339 0.1303 0.1678 -0.1373
1770392028.5460 -0.2969 -0.0763 0.0153
1770392028.5581 0.0388 -0.1678 -0.0152
1770392028.5702 -0.2054 -0.0458 0.0153
1770392028.5823 -0.1443 0.1068 0.0153
1770392028.5944 -0.1749 0.0153 0.2595
1770392028.6065 0.0082 -0.1984 -0.1067
1770392028.6185 0.0388 -0.0763 0.1069
1770392028.6306 -0.0833 -0.1068 0.1679
1770392028.6424 -0.2359 -0.1373 -0.1983
1770392028.6543 -0.1138 0.0458 0.0458
1770392028.6663 -0.1138 0.2289 -0.1983
1770392028.6784 -0.0528 -0.1678 -0.2288
1770392028.6905 -0.0833 0.1984 -0.0152
1770392028.7026 -0.0223 0.0458 0.0458
1770392028.7145 0.0082 0.2289 -0.0152
1770392028.7265 -0.2969 -0.0153 -0.1373
1770392028.7384 -0.1138 -0.1678 -0.2593
1770392028.7505 -0.1749 -0.0763 0.1984
1770392028.7624 -0.0528 0.0153 -0.0457
1770392028.7745 -0.1443 -0.1068 -0.1067
1770392028.7869 -0.0528 0.1984 -0.1983
1770392028.7989 -0.1443 -0.1373 0.0458
1770392028.8108 0.0693 0.1068 -0.0152
1770392028.8228 -0.0223 0.0153 -0.1678
1770392028.8349 -0.0528 -0.0458 0.0764
1770392028.8469 -0.1749 0.0458 0.0458
1770392028.8588 -0.0833 0.1678 0.1984
1770392028.8709 -0.1443 -0.1373 -0.2288
1770392028.8829 -0.2969 -0.0153 -0.1373
1770392028.8949 0.1303 -0.0458 0.0764
1770392028.9068 -0.2359 0.1373 -0.3509
1770392028.9189 -0.2054 0.1373 -0.0457
1770392028.9310 -0.1138 0.0153 -0.2288
1770392028.9430 -0.1138 -0.0153 0.0153
1770392028.9550 0.0998 0.0763 0.1679
1770392028.9671 0.0082 -0.1068 -0.0152
1770392028.9786 -0.2054 0.0763 -0.2288
1770392028.9911 -0.1443 0.4120 -0.2288
1770392029.0023 0.0693 -0.0153 -0.0152
1770392029.0144 0.0998 0.0458 -0.0152
1770392029.0264 -0.1443 0.0458 -0.1983
1770392029.0384 -0.0833 -0.0153 0.1374
1770392029.0506 -0.2359 -0.0153 -0.0762
1770392029.0626 0.0693 -0.0763 -0.1067
1770392029.0746 -0.0528 -0.1068 0.0153
1770392029.0867 -0.1443 0.0458 -0.0762
1770392029.0986 -0.1443 0.0763 0.0458
1770392029.1107 -0.1443 0.1678 0.0458
1770392029.1226 -0.2664 0.4120 -0.0457
1770392029.1346 0.3439 0.1373 0.0458
1770392029.1466 0.1608 0.2289 -0.0762
1770392029.1586 -0.0833 0.0153 0.1374
1770392029.1706 0.1303 -0.0763 -0.1678
1770392029.1827 0.1303 -0.1068 -0.4424
1770392029.1947 -0.2359 -0.0458 -0.0762
1770392029.2067 -0.1138 -0.2594 -0.3204
1770392029.2186 -0.1138 0.0153 -0.1067
1770392029.2307 -0.1749 0.0153 0.1374
1770392029.2427 0.0388 0.1984 0.0458
1770392029.2547 0.2524 0.0153 0.0764
1770392029.2666 -0.0223 0.0153 0.0764
1770392029.2787 -0.0528 0.2289 0.0153
1770392029.2907 -0.1138 0.1984 -0.1373
1770392029.3028 -0.0528 -0.1678 0.0764
1770392029.3147 0.2829 -0.1068 0.1374
1770392029.3267 0.0388 -0.2289 -0.1067
1770392029.3387 -0.1749 0.1984 -0.1067
1770392029.3508 0.0388 -0.1068 0.0458
1770392029.3628 -0.0223 0.1678 -0.2288
1770392029.3748 0.0693 -0.1373 -0.0457
1770392029.3871 0.0388 -0.0458 0.3205
1770392029.3992 -0.2969 0.0763 -0.1678
1770392029.4103 -0.0223 0.0458 0.1679
1770392029.4224 0.0082 0.0763 -0.2593
1770392029.4344 0.1303 -0.0763 0.1679
1770392029.4468 -0.2359 0.1984 -0.0457
1770392029.4588 -0.2359 0.2289 0.1069
1770392029.4711 0.0693 0.1068 0.1069
1770392029.4831 -0.1138 -0.0763 0.0458
1770392029.4953 0.0693 -0.1984 -0.1067
1770392029.5072 0.1303 -0.1373 -0.1678
1770392029.5193 -0.1138 0.0458 -0.1067
1770392029.5303 0.1913 -0.2899 -0.0457
1770392029.5427 -0.1138 0.2899 0.1374
1770392029.5547 -0.2359 0.0763 -0.2593
1770392029.5667 -0.2054 -0.0458 -0.2899
1770392029.5789 -0.0833 -0.0458 0.0153
1770392029.5912 0.0998 0.2899 0.1069
1770392029.6024 0.0388 0.1068 0.0764
1770392029.6151 -0.1138 -0.0153 -0.1678
1770392029.6273 0.0998 0.0458 0.3205
1770392029.6390 0.1913 0.1373 -0.2288
1770392029.6504 0.1303 -0.0763 0.3205
1770392029.6625 -0.1749 0.2289 -0.2593
1770392029.6744 -0.1443 0.0458 -0.1678
1770392029.6865 0.0998 0.0153 0.0153
1770392029.6985 0.0998 -0.0458 0.1984
1770392029.7105 0.0998 0.0458 -0.3204
1770392029.7226 0.0693 -0.0153 -0.2288
1770392029.7346 -0.2969 0.1373 -0.0457
1770392029.7466 -0.1443 -0.1678 0.2289
1770392029.7586 0.1913 0.1068 -0.1983
1770392029.7706 -0.0223 -0.1984 0.0153
1770392029.7830 0.0998 0.0458 -0.0457
1770392029.7950 0.0693 0.1678 -0.3814
1770392029.8072 -0.1138 -0.1984 -0.0152
1770392029.8193 -0.0833 -0.3204 -0.1067
1770392029.8304 0.0998 -0.1373 -0.0152
1770392029.8427 -0.1749 0.1068 -0.1373
1770392029.8554 -0.1138 0.1068 -0.1983
1770392029.8674 -0.1749 0.2289 -0.0152
1770392029.8785 0.0082 0.0763 -0.2288
1770392029.8905 -0.3885 -0.0153 0.3510
1770392029.9030 -0.1138 -0.1068 0.2289
1770392029.9152 0.1913 0.1678 0.1374
1770392029.9268 0.0693 0.2899 -0.1373
1770392029.9391 -0.0833 0.0763 -0.1678
1770392029.9506 0.0693 0.1984 0.0458
1770392029.9628 -0.0528 -0.1678 0.1069
1770392029.9752 -0.0833 0.0458 0.0458
1770392029.9869 -0.1443 -0.2289 0.2289
1770392029.9992 -0.3275 0.1068 0.0458
1770392030.0113 0.0998 0.0763 -0.0152
1770392030.0227 -0.0223 0.1068 -0.0152
1770392030.0350 -0.2664 0.1678 0.0458
1770392030.0467 -0.0223 -0.0458 0.1374
1770392030.0588 0.0082 0.1984 0.0458
1770392030.0711 -0.1443 0.0458 -0.0457
1770392030.0834 -0.1749 0.1984 -0.1373
1770392030.0946 -0.0528 0.0153 -0.0762
1770392030.1069 0.0388 0.1068 -0.1067
1770392030.1192 -0.1749 -0.1068 -0.0762
1770392030.1313 0.0082 -0.1984 -0.2593
1770392030.1427 -0.2054 0.0153 -0.4730
1770392030.1549 -0.1138 0.1678 0.1069
1770392030.1672 -0.2054 0.0153 -0.1067
1770392030.1788 -0.0528 0.0458 -0.1678
1770392030.1913 -0.0223 -0.4730 -0.0457
1770392030.2030 -0.1749 0.3204 -0.3204
1770392030.2153 -0.2664 0.0458 -0.0457
1770392030.2267 -0.1443 0.0153 0.2595
1770392030.2390 -0.0833 0.0763 0.0458
1770392030.2512 -0.2359 0.0763 0.0458
1770392030.2634 0.0388 -0.0458 0.0764
1770392030.2747 0.1913 0.0763 -0.1983
1770392030.2871 0.0388 0.1373 0.2289
1770392030.2994 -0.1138 0.0763 -0.0762
1770392030.3114 0.1303 -0.1068 0.0458
1770392030.3227 0.0388 -0.0153 -0.2593
1770392030.3350 -0.1749 -0.1068 -0.2899
1770392030.3473 -0.0833 0.0763 0.0153
1770392030.3594 -0.1749 0.0153 0.1374
1770392030.3715 -0.1749 -0.1984 0.0153
1770392030.3834 -0.2054 -0.2289 0.0458
1770392030.3946 -0.0833 -0.1373 0.0153
1770392030.4068 0.0693 0.0153 0.0458
1770392030.4191 -0.1443 0.1984 0.1984
1770392030.4314 -0.0833 -0.1984 0.0153
1770392030.4426 -0.1749 0.1373 -0.2593
1770392030.4548 -0.0833 0.1984 0.1374
1770392030.4670 -0.0223 0.1068 -0.1983
1770392030.4793 -0.0223 0.0458 -0.1373
1770392030.4921 -0.0833 0.2289 0.3205
1770392030.5025 -0.0223 -0.0458 0.0458
1770392030.5146 -0.0223 -0.0763 0.0764
1770392030.5274 -0.0223 0.0458 0.0458
1770392030.5386 0.0693 0.0153 -0.0152
1770392030.5508 0.0388 -0.0153 -0.0762
1770392030.5631 -0.1138 0.2289 -0.0762
1770392030.5749 -0.1138 -0.1373 0.1374
1770392030.5874 -0.2054 -0.0763 -0.0457
1770392030.5989 0.0082 0.0153 0.1374
1770392030.6111 -0.0223 -0.2289 0.1374
1770392030.6225 -0.1443 0.0153 -0.1067
1770392030.6346 -0.0223 -0.1068 -0.1983
1770392030.6469 -0.2969 0.0153 0.0153
1770392030.6590 -0.0833 0.1068 -0.0457
1770392030.6713 -0.2969 0.1068 -0.1067
1770392030.6825 0.0998 0.1373 -0.0152
1770392030.6948 -0.1138 -0.1373 -0.1067
1770392030.7065 -0.2054 -0.1984 -0.3204
1770392030.7190 -0.1443 0.1984 -0.1373
1770392030.7307 -0.0528 -0.1984 -0.0152
1770392030.7431 -0.1138 0.0153 0.2595
1770392030.7552 -0.1443 -0.1373 -0.0457
1770392030.7671 0.0388 -0.1373 -0.1373
1770392030.7796 -0.3580 0.0763 -0.1678
1770392030.7913 -0.1138 0.1068 0.0153
1770392030.8027 -0.0833 0.1068 -0.1983
1770392030.8152 0.0388 -0.1373 -0.2288
1770392030.8266 0.0388 -0.0458 0.0153
1770392030.8392 0.0388 -0.0153 0.1984
1770392030.8513 -0.3275 -0.1373 -0.2899
1770392030.8627 -0.2054 0.2289 -0.2899
1770392030.8750 -0.0528 0.0153 0.0458
1770392030.8871 -0.2969 0.0458 -0.0457
1770392030.8994 -0.0528 0.2289 -0.1983
1770392030.9116 0.0388 0.1068 -0.2899
1770392030.9229 0.1608 -0.0763 -0.0152
1770392030.9352 -0.0223 0.0458 -0.0457
1770392030.9475 -0.0528 0.0763 0.0153
1770392030.9592 -0.0223 0.0458 0.1679
1770392030.9714 0.1913 0.0458 -0.0457
1770392030.9831 -0.2054 -0.1678 0.0153
1770392030.9954 -0.1443 0.0458 -0.2899
1770392031.0067 -0.1443 -0.0458 -0.0762
1770392031.0192 -0.0833 -0.0153 0.0153
1770392031.0316 -0.0528 -0.0153 -0.0762
1770392031.0431 0.0998 -0.2594 0.1069
1770392031.0555 0.0998 -0.1373 0.1069
1770392031.0676 -0.0528 -0.0153 -0.1067
1770392031.0791 -0.1443 0.1068 0.0764
1770392031.0913 -0.2359 0.2899 -0.1067
1770392031.1027 0.0693 0.0153 0.1984
1770392031.1147 -0.0223 0.0763 -0.0457
1770392031.1270 -0.1138 0.1373 -0.2899
1770392031.1392 -0.1138 -0.0153 -0.0152
1770392031.1513 -0.2359 0.1678 0.0458
1770392031.1634 0.1913 -0.0153 -0.2593
1770392031.1753 0.0998 0.1373 -0.1983
1770392031.1875 -0.0223 -0.0153 -0.1067
1770392031.1989 -0.2054 0.1068 -0.0457
1770392031.2110 -0.1443 -0.2594 -0.1067
1770392031.2233 0.0693 -0.0153 -0.3509
1770392031.2356 -0.1138 -0.1678 -0.0762
1770392031.2468 -0.2359 0.0153 -0.0152
1770392031.2590 -0.0833 0.1984 0.1679
1770392031.2715 0.0082 0.1373 -0.0152
1770392031.2832 -0.3275 0.1068 0.1984
1770392031.2950 -0.0223 0.0458 0.0153
1770392031.3071 -0.0833 -0.0458 0.1679
1770392031.3193 -0.0223 0.0153 -0.2593
1770392031.3314 0.1303 -0.0763 0.0458
1770392031.3426 -0.3580 -0.1678 -0.0762
1770392031.3548 -0.1443 0.0763 0.1374
1770392031.3670 -0.2054 0.0763 0.0153
1770392031.3793 -0.1138 0.0153 -0.0152
1770392031.3915 -0.1138 0.1373 -0.1983
1770392031.4027 -0.1138 0.1068 -0.0457
1770392031.4149 -0.0223 -0.0458 0.1984
1770392031.4272 -0.0833 -0.0153 -0.0457
1770392031.4395 -0.1138 0.0763 0.0153
1770392031.4517 -0.0223 -0.2289 -0.2288
1770392031.4629 -0.1138 0.1373 0.1069
1770392031.4751 -0.0833 -0.2594 0.1679
1770392031.4874 0.0693 -0.0763 -0.0152
1770392031.4996 0.0998 0.0458 0.0153
1770392031.5107 -0.0833 0.1678 -0.3204
1770392031.5229 -0.2664 0.0763 0.0458
1770392031.5353 -0.2664 0.1068 -0.1983
1770392031.5475 0.1608 0.4425 0.1679
1770392031.5597 -0.1443 0.1373 0.0764
1770392031.5709 -0.1138 0.0153 -0.1373
1770392031.5832 -0.1749 0.2289 0.0458
1770392031.5955 -0.1138 -0.2289 0.0153
1770392031.6076 -0.0528 0.0153 0.3815
1770392031.6187 0.0082 -0.0763 -0.0457
1770392031.6309 -0.0528 0.1068 0.1374
1770392031.6430 0.0388 0.1678 -0.1373
1770392031.6554 -0.1138 0.2594 -0.1373
1770392031.6674 -0.4190 0.1678 0.2595
1770392031.6798 0.0693 -0.1068 0.1069
1770392031.6907 -0.0528 0.0458 -0.1067
1770392031.7030 -0.1443 0.1984 0.1984
1770392031.7151 -0.1138 -0.1068 0.1679
1770392031.7274 -0.1443 0.0458 -0.1373
1770392031.7390 -0.0833 0.0153 0.2289
1770392031.7512 -0.0528 -0.1678 -0.1067
1770392031.7633 0.0998 0.0763 -0.3204
1770392031.7755 -0.1749 0.1984 -0.0457
1770392031.7871 -0.2359 0.2289 -0.1067
1770392031.7990 0.0388 -0.0763 0.1069
1770392031.8113 -0.0223 -0.0763 0.0764
1770392031.8234 -0.1138 -0.1984 -0.2288
1770392031.8351 -0.0833 0.1678 -0.0152
1770392031.8475 0.0388 -0.0763 0.2900
1770392031.8588 -0.1749 -0.0153 0.1069
1770392031.8717 -0.1749 -0.0153 0.0764
1770392031.8830 -0.1138 0.2289 -0.1983
1770392031.8953 0.1608 0.0458 0.1984
1770392031.9075 -0.1443 0.1068 -0.2288
1770392031.9188 0.0388 -0.1068 -0.0762
1770392031.9311 0.0693 -0.0153 -0.0762
1770392031.9434 -0.0528 0.2289 0.1374
1770392031.9551 -0.0223 0.2289 0.3510
1770392031.9677 -0.0833 0.0763 0.0764
1770392031.9793 -0.3275 0.0763 -0.0152
1770392031.9909 0.0998 -0.0763 -0.1373
1770392032.0032 0.0388 0.0153 -0.0457
1770392032.0154 0.1608 -0.3204 -0.0457
1770392032.0276 -0.4495 0.1068 0.0764
1770392032.0397 -0.0833 0.0763 0.0764
1770392032.0512 0.2829 -0.1373 -0.3814
1770392032.0637 -0.2359 0.1068 0.1374
1770392032.0751 -0.0223 0.1373 -0.1983
1770392032.0875 -0.0223 -0.1678 0.1069
1770392032.0996 -0.0833 0.1068 0.1679
1770392032.1108 0.0693 0.2594 0.0764
1770392032.1231 -0.2359 0.0153 0.0153
1770392032.1354 0.1303 0.0763 -0.2593
1770392032.1476 -0.0223 0.1373 -0.2593
1770392032.1588 0.0082 0.1068 0.1374
1770392032.1715 -0.3580 -0.0153 -0.0762
1770392032.1834 0.0082 0.0153 -0.1983
1770392032.1948 0.0693 0.3510 -0.1983
1770392032.2070 -0.1443 0.1068 -0.0152
1770392032.2191 0.1608 -0.1984 -0.1067
1770392032.2316 -0.2664 -0.2289 -0.1373
1770392032.2438 -0.1749 -0.0153 -0.1067
1770392032.2551 -0.0528 0.1373 -0.0762
1770392032.2672 -0.1138 -0.0763 -0.1678
1770392032.2797 0.1913 0.1068 -0.1067
1770392032.2912 -0.0528 -0.0458 -0.0457
1770392032.3031 -0.0223 0.0763 -0.1373
1770392032.3154 0.1303 -0.0763 -0.4119
1770392032.3268 -0.0528 -0.0153 -0.2288
1770392032.3392 -0.2969 -0.1068 -0.0152
1770392032.3514 -0.0528 -0.1068 0.0458
1770392032.3637 0.0082 0.0763 -0.1678
1770392032.3753 -0.1138 0.0763 0.0764
1770392032.3877 -0.0528 0.0763 0.0458
1770392032.3990 -0.2054 -0.0763 -0.1373
1770392032.4114 -0.1443 0.0153 -0.1373
1770392032.4234 -0.2359 0.1678 0.1984
1770392032.4359 0.1913 0.0153 -0.0152
1770392032.4478 -0.2054 0.2594 -0.1067
1770392032.4591 -0.2664 -0.1984 -0.1373
1770392032.4715 -0.1749 0.0763 -0.2593
1770392032.4838 0.0998 -0.0763 -0.0152
1770392032.4950 -0.0223 0.0763 0.2595
1770392032.5070 -0.1138 0.0763 -0.0762
1770392032.5192 -0.1443 0.1373 -0.1983
1770392032.5315 -0.0528 0.0763 -0.0762
1770392032.5437 -0.1138 -0.2289 -0.0457
1770392032.5559 -0.1443 0.2899 0.1679
1770392032.5669 -0.0528 0.0153 0.0153
1770392032.5797 -0.2054 0.0763 -0.0457
1770392032.5910 -0.1138 -0.2594 -0.3814
1770392032.6034 -0.0223 0.0458 0.1679
1770392032.6156 0.0388 0.1373 0.0153
1770392032.6279 -0.0528 0.0458 -0.2593
1770392032.6390 -0.0833 0.2289 -0.1678
1770392032.6514 -0.2359 0.1373 -0.0152
1770392032.6629 -0.2359 -0.1068 0.1679
1770392032.6752 -0.1443 -0.0763 -0.0152
1770392032.6878 -0.0223 -0.1373 0.1069
1770392032.6993 -0.0833 0.0763 -0.1067
1770392032.7111 -0.1749 -0.0153 0.1069
1770392032.7236 -0.0528 0.0458 -0.1678
1770392032.7350 -0.1138 0.0763 -0.0152
1770392032.7475 0.0998 0.1678 -0.1373
1770392032.7599 -0.1749 0.0458 -0.0457
1770392032.7713 -0.2054 0.0458 0.1374
1770392032.7837 0.0082 -0.2289 -0.1678
1770392032.7950 0.0082 0.0458 -0.2593
1770392032.8072 -0.2664 0.0153 -0.1067
1770392032.8192 -0.0528 -0.3510 -0.0457
1770392032.8317 -0.1443 0.0458 -0.0762
1770392032.8439 -0.1443 0.0153 -0.2593
1770392032.8551 -0.1749 -0.0458 -0.1067
1770392032.8672 0.1608 0.1984 0.1374
1770392032.8794 -0.1749 0.0763 -0.2899
1770392032.8915 0.0998 0.0763 -0.2288
1770392032.9038 -0.0833 -0.0153 -0.0762
1770392032.9159 -0.0528 0.0153 -0.2288
1770392032.9272 -0.1138 0.1678 -0.0152
1770392032.9394 0.0998 0.0763 -0.0762
1770392032.9516 -0.3580 0.0458 0.0764
1770392032.9638 -0.1138 0.0458 -0.0457
1770392032.9750 -0.0223 0.0153 -0.0457
1770392032.9879 0.0082 0.3815 -0.1983
1770392032.9991 -0.0833 -0.1068 -0.1678
1770392033.0113 -0.3275 0.0153 0.1374
1770392033.0237 0.0693 -0.0153 -0.0457
1770392033.0357 -0.1749 -0.2594 -0.1983
1770392033.0470 -0.1138 -0.1068 -0.0152
1770392033.0590 0.1303 -0.0763 0.1679
1770392033.0713 0.0082 -0.0458 0.0153
1770392033.0837 -0.0223 0.1068 0.3510
1770392033.0952 -0.1749 0.2289 -0.2899
1770392033.1076 -0.1749 0.0763 -0.1067
1770392033.1200 0.1303 0.1068 -0.3509
1770392033.1314 0.1608 0.0153 -0.0457
1770392033.1439 -0.0223 -0.1373 0.0458
1770392033.1552 -0.3275 0.0458 0.1679
1770392033.1675 0.0998 0.0153 0.1679
1770392033.1795 -0.1138 0.0153 0.0764
1770392033.1910 0.0388 0.0458 -0.0152
1770392033.2034 -0.1138 0.0153 -0.4424
1770392033.2155 -0.0833 0.1068 -0.2899
1770392033.2277 0.0388 -0.2289 -0.0152
1770392033.2398 -0.1443 0.2289 0.0764
1770392033.2519 0.0998 0.1678 -0.2593
1770392033.2631 -0.0833 -0.0153 0.1984
1770392033.2753 -0.0223 0.0458 -0.0457
1770392033.2875 -0.1138 -0.0763 0.0764
1770392033.2996 -0.0223 0.0458 0.1069
1770392033.3118 -0.0833 0.0153 0.1374
1770392033.3230 -0.1138 0.0153 -0.1678
1770392033.3353 0.0082 -0.0153 -0.1983
1770392033.3474 -0.1138 -0.0153 -0.1983
1770392033.3597 -0.1443 -0.0763 -0.0762
1770392033.3718 -0.1138 0.1373 -0.1983
1770392033.3833 0.0082 0.1373 0.1984
1770392033.3955 0.1608 -0.0458 0.1374
1770392033.4077 -0.1443 0.1678 0.2595
1770392033.4198 0.2219 -0.0458 -0.0457
1770392033.4321 -0.0223 -0.0153 -0.1373
1770392033.4433 0.1608 0.0458 -0.0152
1770392033.4555 -0.0223 -0.1373 -0.0152
1770392033.4677 0.0082 -0.0763 -0.1983
1770392033.4798 -0.0528 -0.0458 0.4731
1770392033.4920 0.0082 -0.0153 -0.0457
1770392033.5032 0.0693 -0.1068 0.1069
1770392033.5153 -0.3275 0.1068 0.0764
1770392033.5276 -0.1749 0.0458 0.1984
1770392033.5397 -0.3275 -0.0458 0.0153
1770392033.5519 -0.1749 -0.1373 -0.0762
1770392033.5641 0.0388 0.1373 0.1069
1770392033.5753 -0.0223 0.1068 -0.1373
1770392033.5877 0.0998 -0.0763 -0.2288
1770392033.6001 -0.2054 0.3204 0.1984
1770392033.6114 0.1303 0.0458 -0.0152
1770392033.6237 0.1608 0.1373 0.2900
1770392033.6359 -0.2054 -0.1373 -0.0762
1770392033.6472 0.2219 0.0763 0.1374
1770392033.6593 -0.1749 0.1984 -0.0457
1770392033.6715 0.0693 -0.0458 0.2289
1770392033.6839 0.0082 -0.0458 0.1984
1770392033.6952 0.0082 -0.0153 -0.0457
1770392033.7075 -0.1443 0.1068 -0.0457
1770392033.7196 -0.0833 -0.1373 0.0153
1770392033.7319 -0.2054 0.0458 0.0153
1770392033.7441 -0.0528 -0.0153 -0.1678
1770392033.7552 -0.1749 -0.0153 -0.1373
1770392033.7675 -0.1138 -0.0458 0.1984
1770392033.7792 0.0693 0.1068 -0.1678
1770392033.7917 -0.0223 0.0458 -0.1373
1770392033.8041 -0.1138 -0.0458 -0.0457
1770392033.8153 0.2524 -0.0458 0.1069
1770392033.8276 -0.1443 -0.0458 0.0458
1770392033.8399 -0.1443 0.0153 -0.0152
1770392033.8521 -0.0833 -0.1373 -0.1067
1770392033.8636 -0.1443 -0.0763 0.3205
1770392033.8757 0.0388 0.2899 0.0458
1770392033.8880 -0.1138 0.1068 0.1374
1770392033.9002 -0.0223 -0.0763 0.1069
1770392033.9113 -0.2054 0.0153 0.0153
1770392033.9236 0.1608 0.0153 -0.0152
1770392033.9361 0.0388 0.0763 0.0458
1770392033.9475 0.0388 -0.0153 0.1679
1770392033.9592 -0.2054 0.0763 0.0153
1770392033.9715 0.1913 -0.0153 0.2900
1770392033.9842 -0.0833 -0.1373 -0.0457
1770392033.9956 -0.0223 0.1373 0.1679
1770392034.0075 -0.0223 -0.0763 -0.0762
1770392034.0201 -0.0528 0.1678 0.0458
1770392034.0318 -0.1138 -0.0458 -0.1373
1770392034.0442 -0.0833 0.0763 0.0458
1770392034.0554 -0.2969 0.1068 -0.1983
1770392034.0676 -0.1749 0.0763 0.0764
1770392034.0799 -0.3275 -0.0763 0.0458
1770392034.0921 0.1303 -0.0763 -0.0457
1770392034.1036 0.2219 -0.1068 -0.3204
1770392034.1156 0.0082 0.0458 0.0458
1770392034.1279 -0.0223 -0.1984 0.1069
1770392034.1401 -0.0833 0.1068 -0.0457
1770392034.1513 -0.0528 -0.1678 -0.1373
1770392034.1636 -0.0528 0.1678 -0.0152
1770392034.1752 -0.2054 -0.0153 0.1984
1770392034.1879 -0.0528 0.0153 0.0764
1770392034.1994 0.1303 0.3815 0.2289
1770392034.2116 -0.2359 0.0458 0.1374
1770392034.2242 0.1608 0.1068 0.0458
1770392034.2354 0.0998 0.0763 0.0764
1770392034.2477 0.0082 -0.0763 0.1374
1770392034.2599 -0.0833 0.0763 0.0764
1770392034.2721 0.0082 0.0763 0.0458
1770392034.2834 -0.2969 -0.0153 -0.0152
1770392034.2957 -0.1749 0.3204 -0.1067
1770392034.3078 -0.1443 -0.0153 0.1374
1770392034.3200 -0.2969 -0.0763 0.0458
1770392034.3322 -0.0528 0.1373 0.0458
1770392034.3434 0.0693 0.0458 -0.0762
1770392034.3555 0.1303 -0.0153 0.1069
1770392034.3681 -0.3885 0.1678 -0.1067
1770392034.3792 0.0082 -0.0153 0.1984
1770392034.3915 0.0388 -0.0458 0.1679
1770392034.4038 -0.0223 0.1068 0.0458
1770392034.4159 0.2219 0.0763 0.2595
1770392034.4283 -0.2359 -0.0763 -0.0762
1770392034.4395 -0.0833 0.2899 -0.1373
1770392034.4517 -0.2664 -0.1373 -0.2593
1770392034.4643 -0.0223 -0.0763 -0.0457
1770392034.4754 0.0388 0.0153 0.0458
1770392034.4878 0.0082 0.1068 0.1984
1770392034.5000 -0.0528 -0.1068 0.0153
1770392034.5121 -0.1138 -0.1068 -0.0457
1770392034.5238 -0.2664 -0.0458 0.1984
1770392034.5358 -0.0833 -0.1068 0.1374
1770392034.5482 -0.2664 -0.0153 -0.1678
1770392034.5594 -0.0223 -0.0458 -0.4730
1770392034.5716 -0.2359 -0.1678 -0.0152
1770392034.5844 -0.0223 0.1373 0.0458
1770392034.5956 -0.0223 -0.0153 -0.1983
1770392034.6079 -0.2359 0.0763 0.0458
1770392034.6202 0.0082 0.1068 -0.0762
1770392034.6317 -0.1138 0.1678 0.1984
1770392034.6442 -0.0528 -0.0458 -0.2288
1770392034.6556 -0.3275 0.2289 0.1374
1770392034.6678 -0.0833 0.1984 0.1679
1770392034.6801 -0.1138 0.1373 0.0764
1770392034.6922 -0.0223 0.1373 0.1374
1770392034.7046 -0.2664 -0.1068 0.0458
1770392034.7167 0.0693 0.0153 0.1374
1770392034.7280 -0.1749 0.1068 0.1069
1770392034.7403 0.0082 -0.0763 -0.0762
1770392034.7526 -0.1749 0.1068 0.1374
1770392034.7642 0.0693 0.1984 0.1069
1770392034.7767 0.0998 0.0763 -0.1373
1770392034.7881 0.0082 0.0153 -0.2288
1770392034.8003 -0.0528 -0.0153 -0.0457
1770392034.8128 -0.0528 -0.0153 -0.1678
1770392034.8241 -0.0833 0.1373 -0.2593
1770392034.8363 -0.0223 0.0153 -0.1373
1770392034.8486 -0.1749 0.0153 0.1069
1770392034.8607 -0.2969 0.1068 -0.0762
1770392034.8730 0.0693 0.2289 -0.1983
1770392034.8843 0.0388 0.2899 0.0458
1770392034.8965 -0.1749 -0.0458 0.0458
1770392034.9087 -0.2359 -0.1373 0.0764
1770392034.9210 -0.2969 -0.0458 -0.0457
1770392034.9322 -0.0833 0.1068 -0.2899
1770392034.9445 -0.0528 -0.0153 -0.1678
1770392034.9568 0.0998 0.0458 -0.1983
1770392034.9690 0.0693 0.2289 -0.1373
1770392034.9805 -0.1138 -0.0153 -0.1067
1770392034.9930 -0.1138 -0.1068 0.1374
1770392035.0050 0.1303 0.2594 0.2595
1770392035.0162 0.0082 0.0458 0.3815
1770392035.0285 0.0388 -0.1373 0.1069
1770392035.0409 -0.1138 0.1678 -0.2288
1770392035.0523 -0.1443 0.0458 -0.1373
1770392035.0649 0.0388 -0.1373 0.0153
1770392035.0771 -0.1138 -0.2289 -0.0762
1770392035.0885 0.0388 0.0458 -0.0762
1770392035.1008 0.2219 -0.0153 -0.0152
1770392035.1131 -0.1138 -0.0458 -0.0152
1770392035.1245 -0.1138 0.1678 -0.3509
1770392035.1367 -0.0528 0.0153 -0.0762
1770392035.1489 -0.3275 -0.1068 -0.3814
1770392035.1602 -0.4495 -0.1068 -0.0762
1770392035.1729 -0.2359 0.1984 -0.2899
1770392035.1846 -0.0833 -0.1068 -0.1067
1770392035.1970 -0.1749 -0.0153 0.1984
1770392035.2083 0.0388 -0.0153 0.0764
1770392035.2208 -0.0833 -0.0763 0.0764
1770392035.2322 0.0082 0.0153 0.0153
1770392035.2445 -0.2359 -0.2289 -0.1678
1770392035.2566 -0.0528 0.1373 -0.2899
1770392035.2686 0.0082 -0.0153 -0.1067
1770392035.2810 -0.0223 0.4730 -0.0762
1770392035.2930 0.0082 0.3510 -0.1067
1770392035.3043 0.0998 0.1373 -0.0152
1770392035.3165 0.0693 -0.2594 -0.1678
1770392035.3288 -0.0833 0.1068 0.1374
1770392035.3410 -0.0528 0.1068 -0.0152
1770392035.3532 -0.4190 0.0763 -0.1373
1770392035.3643 0.2829 0.0458 -0.1983
1770392035.3765 0.0388 0.0153 0.1374
1770392035.3889 -0.1749 0.0763 -0.1067
1770392035.4003 -0.1138 0.1984 -0.0457
1770392035.4124 -0.3580 0.1068 0.1374
1770392035.4248 -0.0833 -0.0763 0.0153
1770392035.4371 -0.1749 -0.1678 0.0153
1770392035.4484 -0.1138 -0.1373 0.0153
1770392035.4606 0.0082 0.0458 0.0153
1770392035.4728 -0.0528 -0.1373 -0.0152
1770392035.4842 0.0388 -0.1984 0.0764
1770392035.4964 -0.0833 0.0458 0.1069
1770392035.5085 -0.1443 0.0458 0.1069
1770392035.5209 0.0693 0.0153 -0.0152
1770392035.5331 -0.0528 -0.0763 -0.2288
1770392035.5444 -0.1138 -0.1373 0.1069
1770392035.5565 0.0082 -0.1068 -0.0152
1770392035.5687 -0.1443 0.3815 -0.0152
1770392035.5805 -0.2969 -0.0763 -0.1983
1770392035.5928 -0.1138 -0.0153 0.0153
1770392035.6051 0.1608 0.1678 -0.1373
1770392035.6162 -0.0833 -0.0458 -0.3814
1770392035.6284 -0.0223 -0.1678 0.1679
1770392035.6407 -0.0528 0.1678 0.0153
1770392035.6529 -0.1443 -0.1068 -0.1983
1770392035.6652 -0.2969 -0.0153 0.1069
1770392035.6763 -0.1138 -0.0153 -0.0152
1770392035.6887 0.1913 -0.0153 0.0764
1770392035.7010 0.0998 -0.1068 -0.2593
1770392035.7125 0.0693 -0.0458 -0.1373
1770392035.7252 -0.2969 -0.0153 0.0764
1770392035.7365 -0.2054 0.0153 -0.1067
1770392035.7488 -0.2664 0.0763 0.0458
1770392035.7603 -0.0833 0.3815 0.0153
1770392035.7724 -0.0833 0.0763 0.0764
1770392035.7848 -0.0833 0.0153 -0.2593
1770392035.7970 0.0693 -0.0458 -0.0762
1770392035.8091 -0.3580 -0.1068 -0.1678
1770392035.8205 -0.2664 0.0763 -0.1067
1770392035.8327 -0.0833 0.1678 -0.0762
1770392035.8449 -0.0223 -0.1373 -0.0762
1770392035.8571 0.0388 -0.1068 -0.1067
1770392035.8692 -0.2359 0.1068 -0.1983
1770392035.8805 0.0082 -0.2289 0.0458
1770392035.8926 -0.1749 -0.0763 -0.0152
1770392035.9049 -0.0528 -0.0763 0.1069
1770392035.9171 0.1608 -0.0763 -0.2593
1770392035.9284 -0.1749 0.0763 -0.2593
1770392035.9406 0.0388 -0.0763 -0.3204
1770392035.9529 -0.2054 -0.0458 0.2289
1770392035.9653 -0.0528 -0.1373 0.3205
1770392035.9764 -0.1749 0.1068 0.1679
1770392035.9883 -0.0528 0.1984 0.1679
1770392036.0006 -0.0223 0.1068 0.0764
1770392036.0128 -0.0833 -0.1068 -0.1067
1770392036.0253 -0.1749 -0.0153 -0.0152
1770392036.0364 -0.0528 -0.0153 0.0764
1770392036.0488 -0.0833 0.1678 -0.0457
1770392036.0611 -0.0833 0.0763 0.0764
1770392036.0733 -0.2969 0.0458 -0.1678
1770392036.0843 -0.1138 0.0763 -0.0762
1770392036.0967 -0.0833 -0.2594 -0.1373
1770392036.1088 0.1913 0.1678 0.0458
1770392036.1211 0.1303 -0.0763 0.0764
1770392036.1332 -0.1138 -0.1984 -0.3204
1770392036.1443 -0.1443 0.0458 -0.0152
1770392036.1566 -0.0223 -0.0458 -0.0152
1770392036.1688 0.0998 -0.2289 -0.0152
1770392036.1818 -0.2054 0.0458 0.1374
1770392036.1931 0.0388 0.0153 -0.1373
1770392036.2053 0.0693 0.1068 0.0153
1770392036.2166 -0.1138 0.1373 -0.0152
1770392036.2288 -0.0528 -0.0763 -0.0762
1770392036.2411 -0.1443 0.1984 -0.2288
1770392036.2533 -0.2969 0.0458 -0.0762
1770392036.2646 -0.1749 0.0763 0.1069
1770392036.2770 -0.1138 0.0458 -0.0152
1770392036.2893 -0.1138 0.1678 0.2289
1770392036.3005 0.0082 0.0458 -0.0152
1770392036.3127 -0.0528 -0.0153 -0.1678
1770392036.3249 0.0998 0.0763 0.1984
1770392036.3373 -0.0528 -0.0153 -0.1373
1770392036.3484 -0.1138 -0.0458 -0.0762
1770392036.3606 0.0388 -0.1068 -0.2593
1770392036.3728 -0.0223 -0.1373 -0.1067
1770392036.3849 -0.0833 -0.0153 0.0153
1770392036.3974 -0.2664 -0.0763 -0.1678
1770392036.4086 -0.1138 -0.1373 -0.0762
1770392036.4208 -0.1443 -0.0458 -0.1067
1770392036.4331 -0.0528 0.0458 0.1679
1770392036.4452 0.0082 -0.1068 0.1374
1770392036.4564 -0.3580 -0.0458 0.1069
1770392036.4685 -0.0223 -0.0153 0.1984
1770392036.4810 0.0082 0.0153 -0.0152
1770392036.4933 -0.0223 -0.1678 0.1679
1770392036.5045 0.0082 -0.0763 -0.0457
1770392036.5167 -0.0223 -0.0153 -0.0457
1770392036.5290 -0.0833 0.0153 -0.2899
1770392036.5412 -0.0223 -0.1068 -0.2288
1770392036.5534 -0.2664 -0.0153 0.0153
1770392036.5645 0.0388 -0.0153 -0.0762
1770392036.5769 -0.1138 0.1678 -0.0762
1770392036.5886 -0.2664 0.0153 0.2900
1770392036.6013 -0.0528 -0.1373 0.1069
1770392036.6134 0.0693 0.1068 -0.0152
1770392036.6245 0.0693 -0.2289 -0.1067
1770392036.6367 0.1608 -0.1068 0.3510
1770392036.6489 0.0388 0.0153 0.1984
1770392036.6610 -0.1749 0.0458 0.0764
1770392036.6732 0.1303 -0.0458 -0.1678
1770392036.6854 -0.0833 0.1068 -0.1983
1770392036.6966 -0.1138 -0.0763 -0.3204
1770392036.7087 -0.0833 -0.1678 0.1069
1770392036.7210 -0.1749 -0.3204 -0.0457
1770392036.7333 -0.2054 0.1068 -0.1983
1770392036.7445 -0.2664 0.0153 0.0153
1770392036.7568 -0.1749 0.0153 -0.2593
1770392036.7690 0.0693 0.0153 0.1374
1770392036.7821 -0.0223 -0.0458 0.2289
1770392036.7932 -0.2969 -0.3510 0.1069
1770392036.8055 -0.0223 0.1373 -0.2899
1770392036.8167 -0.1138 -0.0458 -0.1067
1770392036.8289 -0.0223 0.1678 -0.0457
1770392036.8406 -0.2054 0.0458 -0.0457
1770392036.8528 0.2829 -0.0153 0.0153
1770392036.8650 0.0388 -0.1678 -0.1678
1770392036.8773 -0.2054 0.0458 0.2289
1770392036.8886 -0.0528 -0.0458 -0.1983
1770392036.9008 -0.0528 -0.0763 -0.0152
1770392036.9134 -0.0528 0.1984 0.1069
1770392036.9245 0.0388 -0.1068 0.0764
1770392036.9370 -0.0223 0.0153 -0.1678
1770392036.9493 0.0082 -0.0153 0.1069
1770392036.9607 -0.0528 -0.2899 0.0458
1770392036.9731 -0.2054 -0.0153 0.1069
1770392036.9848 -0.0223 0.0763 0.0458
1770392036.9974 0.1303 0.3204 -0.3509
1770392037.0088 0.1303 0.0153 0.1069
1770392037.0213 -0.2359 0.0458 0.0764
1770392037.0335 -0.4495 0.1984 0.1069
1770392037.0446 -0.0528 -0.0763 -0.0152
1770392037.0571 0.0388 0.0458 0.2595
1770392037.0693 -0.0528 -0.1984 -0.0457
1770392037.0807 -0.0528 0.0763 0.2900
1770392037.0928 -0.0833 0.1068 -0.1983
1770392037.1052 0.1913 0.0153 -0.1373
1770392037.1166 -0.0223 -0.1373 -0.1678
1770392037.1296 -0.0528 -0.1068 -0.1373
1770392037.1406 -0.1749 0.1068 0.0764
1770392037.1529 0.1608 0.1678 -0.1373
1770392037.1652 -0.2664 0.1373 -0.2593
1770392037.1775 0.0388 0.0458 -0.0152
1770392037.1888 0.0082 -0.1678 0.2595
1770392037.2013 0.1303 0.0763 0.0458
1770392037.2136 0.0693 0.3204 -0.1983
1770392037.2247 -0.2054 0.1373 -0.2288
1770392037.2370 -0.1138 0.1678 0.1984
1770392037.2494 -0.1138 0.0763 0.1679
1770392037.2616 -0.1749 0.1373 0.1069
1770392037.2732 -0.2969 0.0458 -0.0457
1770392037.2856 0.0998 0.1068 0.1679
1770392037.2970 0.1303 -0.1373 0.1679
1770392037.3093 -0.1138 -0.1373 -0.0762
1770392037.3215 -0.3275 -0.0763 -0.1678
1770392037.3329 0.0693 -0.0458 -0.1678
1770392037.3446 -0.1443 0.0763 -0.2899
1770392037.3568 -0.2969 0.0763 0.0458
1770392037.3690 -0.1443 0.1068 0.0458
1770392037.3812 -0.0223 0.1678 -0.3204
1770392037.3935 -0.0223 -0.1068 -0.3814
1770392037.4047 0.0082 -0.0763 0.1374
1770392037.4171 0.0388 0.1678 -0.1067
1770392037.4293 -0.0833 0.1068 -0.1373
1770392037.4416 0.0388 -0.0763 0.3205
1770392037.4527 -0.0223 0.1984 -0.0762
1770392037.4651 -0.1138 0.1068 -0.1678
1770392037.4774 -0.1138 0.0153 0.0764
1770392037.4886 -0.2969 0.1068 -0.1373
1770392037.5008 -0.0528 -0.1984 -0.1983
1770392037.5131 -0.2054 0.0153 -0.2899
1770392037.5253 0.0693 0.2594 0.0764
1770392037.5376 0.2829 -0.0763 0.1374
1770392037.5488 -0.1749 -0.0763 -0.2288
1770392037.5610 -0.1749 0.1373 0.0153
1770392037.5733 -0.1749 -0.1984 -0.1678
1770392037.5848 -0.1138 -0.0763 0.1679
1770392037.5970 -0.1138 -0.0153 0.0153
1770392037.6094 -0.2054 0.1373 0.0153
1770392037.6214 0.0693 0.0763 0.1374
1770392037.6331 -0.0833 -0.0763 0.0764
1770392037.6453 -0.1749 0.1678 0.0458
1770392037.6567 -0.0528 -0.0153 -0.0762
1770392037.6691 -0.0528 0.2594 -0.1983
1770392037.6814 -0.2359 0.0458 -0.3204
1770392037.6936 0.0082 0.3510 0.2900
1770392037.7049 -0.1749 -0.0763 -0.0152
1770392037.7172 -0.1443 0.0153 0.2289
1770392037.7289 -0.0223 0.0153 -0.2288
1770392037.7410 0.1608 -0.1678 -0.0152
1770392037.7533 0.0693 -0.0458 0.1069
1770392037.7655 -0.3580 0.3204 -0.2288
1770392037.7768 -0.2969 0.0153 -0.1373
1770392037.7893 -0.1138 0.3204 -0.1373
1770392037.8008 0.0693 0.1373 -0.1678
1770392037.8132 -0.3580 0.1068 -0.3814
1770392037.8258 -0.1138 -0.0763 0.0458
1770392037.8371 -0.0223 -0.1373 -0.0152
1770392037.8497 -0.1749 0.1984 -0.3204
1770392037.8608 -0.2054 -0.0763 -0.1678
1770392037.8730 -0.0223 -0.0458 -0.1678
1770392037.8852 -0.2054 0.0153 0.0153
1770392037.8975 -0.0528 -0.0458 -0.1067
1770392037.9098 0.0693 -0.0763 -0.0762
1770392037.9208 -0.2359 0.0458 -0.1983
1770392037.9332 -0.0833 0.0763 0.1374
1770392037.9456 0.2524 -0.0153 0.1374
1770392037.9568 0.0082 -0.0153 0.2900
1770392037.9691 -0.1749 0.1373 0.2595
1770392037.9808 0.0082 0.1984 -0.1373
1770392037.9933 -0.1749 -0.0763 0.2289
1770392038.0056 -0.1138 -0.1678 0.0458
1770392038.0178 0.0082 0.1068 -0.1067
1770392038.0294 0.0998 0.0458 0.0458
1770392038.0416 0.0388 0.0458 -0.2288
1770392038.0528 -0.1749 0.1678 0.1374
1770392038.0651 -0.0528 -0.1068 0.0153
1770392038.0774 -0.0528 -0.0763 -0.0457
1770392038.0887 0.0388 0.0458 0.1374
1770392038.1010 -0.0528 0.1678 -0.1678
1770392038.1132 -0.1443 -0.0153 0.0153
1770392038.1255 0.1913 -0.1068 0.1679
1770392038.1368 -0.2359 0.0458 0.0458
1770392038.1490 -0.0528 0.1373 0.0153
1770392038.1615 -0.0833 -0.0153 -0.2899
1770392038.1728 -0.1138 -0.0458 0.1069
1770392038.1856 -0.0528 -0.0763 -0.0457
1770392038.1969 -0.1749 0.0763 0.0458
1770392038.2092 -0.2359 0.1984 -0.0762
1770392038.2213 -0.3580 -0.0153 0.1069
1770392038.2337 0.1303 0.0763 -0.1983
1770392038.2448 -0.0223 -0.0763 -0.1678
1770392038.2571 0.0693 -0.2289 -0.3204
1770392038.2693 -0.1443 -0.0763 -0.2899
1770392038.2816 0.1303 0.0458 0.0764
1770392038.2928 -0.2969 -0.0153 -0.1678
1770392038.3053 0.0082 0.1984 0.3510
1770392038.3174 -0.1749 0.1373 0.0458
1770392038.3298 -0.1138 0.1373 0.0764
1770392038.3409 -0.1749 0.0458 -0.0152
1770392038.3532 -0.0528 -0.0458 0.0764
1770392038.3654 -0.0833 0.0153 -0.0152
1770392038.3771 0.0082 -0.1068 -0.1373
1770392038.3896 -0.1749 0.0153 0.0458
1770392038.4010 -0.0528 0.1678 0.1984
1770392038.4131 -0.0528 0.0763 0.2595
1770392038.4255 0.0388 0.1678 -0.2593
1770392038.4377 -0.2664 -0.1068 -0.0762
1770392038.4491 -0.1749 0.2594 -0.0762
1770392038.4612 -0.2359 0.1068 -0.4424
1770392038.4735 0.2219 0.0458 -0.0762
1770392038.4850 -0.1443 0.1068 -0.0152
1770392038.4972 -0.0223 0.0458 0.1984
1770392038.5098 0.1303 -0.0153 0.1069
1770392038.5210 -0.0223 0.0458 -0.2899
1770392038.5333 -0.2054 0.1678 -0.1678
1770392038.5456 -0.2664 -0.2289 0.0153
1770392038.5578 -0.2054 -0.0458 -0.2899
1770392038.5690 -0.2969 0.0458 0.1374
1770392038.5816 0.0693 -0.2289 -0.3204
1770392038.5932 -0.1749 -0.0153 -0.1983
1770392038.6056 0.0998 0.0763 -0.0152
1770392038.6179 0.1913 -0.0153 0.2900
1770392038.6292 -0.1749 -0.0153 -0.1373
1770392038.6418 -0.0223 -0.0458 0.2289
1770392038.6534 0.0388 -0.0458 -0.3509
1770392038.6657 0.0082 0.0763 0.0764
1770392038.6779 -0.1443 0.2289 -0.0152
1770392038.6893 0.0082 0.0153 0.0764
1770392038.7016 -0.1749 0.1373 -0.0762
1770392038.7139 -0.0833 0.0153 0.0153
1770392038.7252 -0.1749 -0.1068 -0.0457
1770392038.7374 0.1608 0.2289 -0.2593
1770392038.7496 -0.2054 -0.0153 -0.1067
1770392038.7617 -0.0223 -0.0763 -0.0457
1770392038.7738 -0.1443 -0.0153 0.1679
1770392038.7855 -0.0833 0.0763 -0.3204
1770392038.7979 -0.0833 0.0153 -0.1067
1770392038.8091 -0.2969 -0.1068 0.0153
1770392038.8212 0.0082 0.0458 0.0764
1770392038.8335 0.1913 0.1984 -0.0762
1770392038.8457 -0.0223 -0.0153 0.0458
1770392038.8571 0.1303 -0.0458 -0.0457
1770392038.8694 -0.0528 0.1068 0.0458
1770392038.8819 0.0693 -0.1068 -0.1678
1770392038.8932 -0.1749 0.0763 -0.1983
1770392038.9058 -0.0528 -0.1984 0.1679
1770392038.9179 0.1303 -0.0763 0.0153
1770392038.9291 0.1913 -0.0763 0.2289
1770392038.9412 0.1303 0.0763 0.0153
1770392038.9536 -0.0528 -0.1678 0.0153
1770392038.9659 -0.0833 0.0153 -0.0762
1770392038.9772 -0.0528 -0.0458 -0.0152
1770392038.9898 0.0693 -0.0458 0.0458
1770392039.0017 -0.0528 -0.0153 -0.1678
1770392039.0129 0.0388 0.1373 -0.1373
1770392039.0253 -0.0833 -0.0763 0.2900
1770392039.0374 -0.0528 -0.0153 -0.1067
1770392039.0497 -0.1443 -0.0763 0.1069
1770392039.0619 0.0082 -0.2289 -0.1373
1770392039.0730 -0.0528 -0.1678 -0.2288
1770392039.0853 -0.2664 -0.3204 0.1374
1770392039.0975 -0.1443 0.1068 0.1069
1770392039.1096 0.0082 0.2289 -0.0152
1770392039.1218 -0.1138 0.0763 -0.1067
1770392039.1330 0.0082 0.0763 -0.1067
1770392039.1453 -0.0833 -0.2289 -0.2288
1770392039.1574 -0.0528 0.0763 0.1984
1770392039.1695 -0.1138 0.3510 -0.2288
1770392039.1817 -0.0833 0.0763 0.1069
1770392039.1939 -0.2969 0.0153 -0.3509
1770392039.2052 0.1303 -0.0153 -0.0457
1770392039.2176 -0.1443 0.1984 0.0153
1770392039.2290 -0.2054 0.0763 -0.1678
1770392039.2413 -0.0528 -0.2289 -0.1373
1770392039.2534 -0.0223 0.2899 0.0458
1770392039.2658 0.0998 -0.0458 -0.1678
1770392039.2775 -0.0833 0.0763 0.0153
1770392039.2899 -0.0833 -0.0458 -0.2899
1770392039.3010 -0.1443 0.1068 -0.1373
1770392039.3147 -0.2054 -0.1678 -0.3204
1770392039.3250 -0.0223 0.2594 -0.0152
1770392039.3377 -0.1749 -0.0458 0.1984
1770392039.3492 -0.0833 0.0153 0.1374
1770392039.3619 -0.0528 0.2289 -0.1067
1770392039.3735 -0.1138 0.2289 0.0153
1770392039.3857 0.0693 -0.0153 -0.0762
1770392039.3970 -0.0223 0.0153 0.1069
1770392039.4091 -0.0528 0.1678 -0.2593
1770392039.4211 -0.1749 -0.1984 -0.1067
1770392039.4331 -0.1749 0.1373 0.1679
1770392039.4453 -0.0223 0.2594 -0.0457
1770392039.4574 0.1608 -0.1068 -0.3204
1770392039.4694 -0.1443 -0.1678 0.2900
1770392039.4818 -0.0528 0.1068 -0.1678
1770392039.4937 -0.0528 0.0153 0.0458
1770392039.5050 0.1913 -0.0763 -0.1983
1770392039.5181 -0.1443 0.0458 0.0764
1770392039.5291 -0.1138 0.1373 -0.1678
1770392039.5420 0.0693 0.1068 0.2289
1770392039.5541 -0.0223 -0.2289 0.1069
1770392039.5651 -0.0833 -0.0458 -0.0152
1770392039.5775 -0.1138 -0.2289 0.0458
1770392039.5891 -0.0223 -0.0458 -0.0457
1770392039.6013 -0.0223 -0.0763 -0.0457
1770392039.6133 -0.1749 -0.1984 -0.1067
1770392039.6255 -0.2664 0.1373 -0.1373
1770392039.6375 0.0998 -0.1373 -0.1983
1770392039.6502 -0.0223 -0.1068 -0.1678
1770392039.6612 -0.0833 0.1068 0.1069
1770392039.6733 -0.0833 -0.1068 -0.1373
1770392039.6854 -0.3275 -0.0458 0.0153
1770392039.6974 -0.0528 0.0153 -0.0457
1770392039.7099 -0.0528 0.1068 -0.2899
1770392039.7220 0.0082 -0.0153 -0.0457
1770392039.7331 -0.1749 0.1678 -0.2288
1770392039.7453 0.0693 -0.0458 0.1069
1770392039.7574 -0.0223 0.1068 -0.0152
1770392039.7695 0.0693 -0.1678 -0.0762
1770392039.7819 -0.0833 -0.0153 0.1069
1770392039.7940 0.0693 -0.1373 -0.1983
1770392039.8061 -0.1749 0.2289 -0.0457
1770392039.8181 -0.1443 -0.2289 0.1984
1770392039.8300 -0.1138 0.1068 0.0458
1770392039.8411 0.0693 -0.0153 -0.1983
1770392039.8531 0.0388 0.1068 0.2289
1770392039.8652 -0.0223 -0.0763 0.1374
1770392039.8771 -0.1138 -0.0763 -0.0152
1770392039.8892 0.0388 -0.1068 -0.0762
1770392039.9033 0.1608 -0.1984 -0.0152
1770392039.9138 0.0388 -0.1068 -0.1678
1770392039.9259 -0.1749 0.0458 0.1679
1770392039.9380 -0.1443 -0.0153 -0.2288
1770392039.9492 -0.0223 -0.1678 -0.0457
1770392039.9615 -0.1749 0.0153 -0.1983
1770392039.9737 -0.0223 0.2899 -0.0762
1770392039.9854 0.0082 0.2899 0.1679
1770392039.9974 -0.1443 0.1068 -0.1373
1770392040.0094 -0.1749 -0.1373 -0.1983
1770392040.0215 0.0388 0.0153 -0.2593
1770392040.0336 0.1303 0.1068 -0.2593
1770392040.0455 0.0082 -0.1678 -0.2899
1770392040.0576 0.0693 -0.0153 0.0764
1770392040.0697 0.1303 -0.0763 -0.0152
1770392040.0821 0.0388 -0.0763 -0.2288
1770392040.0940 0.2219 -0.0458 0.0764
1770392040.1060 -0.2054 -0.0153 0.0764
1770392040.1172 0.0388 0.1068 -0.2899
1770392040.1293 -0.1138 -0.0458 0.0458
1770392040.1413 -0.1138 0.1068 -0.1067
1770392040.1533 -0.1749 0.0763 -0.3204
1770392040.1653 -0.1749 -0.1373 -0.2288
1770392040.1774 -0.1138 -0.1678 -0.1067
1770392040.1896 -0.1443 -0.0153 0.0153
1770392040.2019 -0.0528 -0.3204 0.1069
1770392040.2141 -0.2054 0.2899 -0.2288
1770392040.2253 -0.1749 0.0153 0.0764
1770392040.2374 -0.1749 0.1678 0.0764
1770392040.2494 0.1913 0.0458 0.1374
1770392040.2613 -0.1443 -0.0458 -0.0457
1770392040.2733 -0.1138 -0.1068 -0.1067
1770392040.2854 -0.1749 0.1678 -0.0152
1770392040.2975 -0.0833 -0.0458 -0.0152
1770392040.3094 0.0388 -0.1068 -0.0457
1770392040.3214 -0.0223 0.0458 0.0764
1770392040.3335 0.0082 0.1373 -0.1373
1770392040.3455 -0.2054 -0.0763 -0.2288
1770392040.3576 0.2829 0.1068 -0.0762
1770392040.3696 -0.2054 0.3204 0.0458
1770392040.3819 -0.0528 0.1068 0.2900
1770392040.3938 -0.0223 -0.0458 0.1069
1770392040.4059 -0.0528 0.1678 -0.2899
1770392040.4179 -0.2054 0.1373 -0.1067
1770392040.4299 -0.1138 0.0458 -0.1067
1770392040.4420 -0.0833 0.0153 -0.1373
1770392040.4532 -0.0528 0.1068 0.0153
1770392040.4653 -0.0223 -0.1678 -0.2288
1770392040.4773 0.0082 -0.1678 0.0153
1770392040.4894 -0.1749 -0.0153 0.0153
1770392040.5014 0.2524 0.0458 -0.0457
1770392040.5134 0.0693 0.0153 0.0153
1770392040.5253 0.0693 0.0763 -0.1983
1770392040.5374 -0.0223 0.0458 -0.1067
1770392040.5495 -0.0833 -0.0153 0.1984
1770392040.5615 -0.1443 0.0153 -0.2593
1770392040.5735 -0.1138 -0.0458 0.1984
1770392040.5857 -0.0528 -0.0458 -0.0152
1770392040.5978 0.0388 -0.0763 0.2595
1770392040.6098 -0.1443 -0.1373 -0.2899
1770392040.6218 0.1608 -0.0458 0.1069
1770392040.6339 0.0082 0.2289 -0.1373
1770392040.6459 0.0693 0.0153 -0.0457
1770392040.6579 -0.1138 0.1373 -0.0152
1770392040.6698 -0.0833 0.1678 -0.0152
1770392040.6819 -0.0223 -0.1068 0.1374
1770392040.6939 0.0998 -0.1678 -0.0152
1770392040.7061 0.0693 0.0458 0.2900
1770392040.7184 -0.0833 0.2289 0.1069
1770392040.7298 -0.0223 0.0153 -0.1678
1770392040.7418 -0.0833 0.1373 -0.2593
1770392040.7537 -0.0223 -0.2289 -0.0457
1770392040.7657 -0.1138 0.1678 -0.0152
1770392040.7784 -0.0528 0.1068 -0.1678
1770392040.7905 0.0693 0.0458 -0.1373
1770392040.8017 -0.0528 0.0153 -0.1983
1770392040.8137 -0.1138 -0.0458 -0.2288
1770392040.8257 -0.0528 0.0458 -0.1983
1770392040.8378 -0.1138 -0.1373 -0.3509
1770392040.8498 -0.1443 -0.0763 -0.0152
1770392040.8618 0.0388 0.0763 0.0458
1770392040.8738 -0.0833 0.0153 -0.1983
1770392040.8857 -0.2359 -0.1068 0.0458
1770392040.8978 -0.2359 -0.0458 0.2900
1770392040.9098 -0.2359 -0.1984 -0.0457
1770392040.9217 -0.1138 -0.2594 -0.0762
1770392040.9338 0.0388 -0.0458 0.1069
1770392040.9458 -0.0528 -0.1068 -0.0457
1770392040.9578 -0.0223 0.1068 -0.3204
1770392040.9698 0.0998 -0.3815 -0.2288
1770392040.9823 -0.0528 0.2594 -0.2288
1770392040.9935 -0.3885 0.2594 0.0764
1770392041.0056 -0.0528 0.0763 0.1374
1770392041.0176 -0.0223 0.0458 0.2289
1770392041.0296 0.0998 0.1373 -0.0762
1770392041.0416 0.0998 -0.0153 0.0458
1770392041.0536 -0.0528 -0.0458 0.1374
1770392041.0667 -0.0833 0.2594 0.0458
1770392041.0789 -0.1443 0.0458 0.1984
1770392041.0899 -0.1749 0.2899 -0.1067
1770392041.1029 0.1608 0.0458 -0.1983
1770392041.1141 -0.0833 0.1373 0.0153
1770392041.1262 -0.2359 0.3204 -0.1373
1770392041.1384 -0.1138 0.1068 0.1984
1770392041.1504 -0.0833 0.0458 -0.1067
1770392041.1625 0.0998 0.0763 -0.0457
1770392041.1748 0.0082 -0.2899 -0.1373
1770392041.1861 -0.0223 -0.1068 0.0764
1770392041.1981 -0.0833 0.1678 -0.0457
1770392041.2100 0.0998 0.0153 0.3205
1770392041.2230 -0.1749 0.1068 0.1984
1770392041.2340 0.0693 0.0458 -0.1373
1770392041.2470 0.0388 0.0153 0.2289
1770392041.2581 -0.0833 0.0153 -0.0457
1770392041.2701 -0.2359 -0.0763 -0.1067
1770392041.2823 -0.0528 0.0153 -0.1983
1770392041.2943 -0.3275 0.4425 -0.0152
1770392041.3069 -0.2664 -0.0458 -0.1373
1770392041.3190 0.2524 -0.1678 0.0458
1770392041.3303 0.0998 0.0458 -0.2288
1770392041.3426 0.1913 0.0458 -0.0762
1770392041.3547 -0.2054 0.2289 0.1374
1770392041.3667 -0.0833 -0.0458 -0.3509
1770392041.3789 -0.0528 -0.1068 -0.0152
1770392041.3910 -0.1443 -0.0763 0.0764
1770392041.4023 -0.1138 0.0763 -0.1373
1770392041.4144 0.1303 0.0458 -0.1373
1770392041.4266 0.0693 -0.0763 -0.2899
1770392041.4389 -0.0223 0.0153 0.0153
1770392041.4500 0.1608 0.0153 -0.0152
1770392041.4630 -0.1138 0.0458 0.2900
1770392041.4741 -0.0833 0.1068 -0.2288
1770392041.4863 0.1913 0.1678 0.1679
1770392041.4983 -0.0833 -0.2899 -0.1067
1770392041.5102 0.1303 -0.2289 -0.1373
1770392041.5221 0.0082 0.0763 -0.0152
1770392041.5342 -0.1138 0.2289 -0.1373
1770392041.5462 -0.0528 -0.1984 -0.1067
1770392041.5581 -0.1443 0.0153 0.0764
1770392041.5701 -0.0528 0.1678 -0.3204
1770392041.5824 -0.0223 0.1068 0.0458
1770392041.5944 -0.1749 -0.0458 -0.2593
1770392041.6064 -0.0833 -0.1068 0.1679
1770392041.6184 -0.0833 0.1373 -0.4730
1770392041.6304 0.0082 0.0458 0.1374
1770392041.6424 -0.1749 -0.1068 -0.0152
1770392041.6545 -0.0528 -0.1984 0.0458
1770392041.6665 -0.0223 -0.0153 0.1069
1770392041.6785 -0.1443 -0.0458 -0.0762
1770392041.6906 -0.0528 -0.0763 -0.1373
1770392041.7026 -0.0833 0.1068 0.0764
1770392041.7146 -0.1749 0.0153 -0.0457
1770392041.7267 -0.0833 0.1068 -0.4424
1770392041.7389 -0.1443 0.1984 0.2595
1770392041.7508 -0.2359 0.1068 -0.0457
1770392041.7629 -0.2054 -0.0153 0.0153
1770392041.7751 -0.1138 -0.0153 -0.2288
1770392041.7865 -0.1749 0.0153 0.1069
1770392041.7985 0.0082 0.1373 -0.1067
1770392041.8104 -0.1749 0.1984 -0.0762
1770392041.8223 -0.2664 0.0763 -0.0152
1770392041.8344 0.0388 0.0763 -0.0457
1770392041.8463 -0.2054 -0.0458 -0.0457
1770392041.8585 0.0082 -0.2289 0.0153
1770392041.8704 0.1913 0.0153 -0.1678
1770392041.8824 -0.3580 0.0153 -0.0457
1770392041.8945 -0.0833 -0.1373 0.1679
1770392041.9069 -0.0528 0.0763 -0.0457
1770392041.9191 0.1303 -0.0153 0.1984
1770392041.9302 -0.0833 0.1984 -0.0457
1770392041.9432 -0.2054 0.2594 -0.1373
1770392041.9542 0.1608 0.0458 0.1374
1770392041.9662 0.0388 0.1068 0.0458
1770392041.9784 0.0082 -0.0153 -0.4424
1770392041.9905 -0.1749 0.1373 0.1069
1770392042.0026 -0.0223 -0.0153 -0.1678
1770392042.0146 -0.1443 0.0458 -0.2288
1770392042.0266 -0.1138 0.0153 -0.1067
1770392042.0385 -0.2969 0.0458 -0.0152
1770392042.0508 -0.1443 0.1678 -0.1067
1770392042.0628 -0.3275 0.0153 0.0764
1770392042.0748 -0.0833 -0.1068 -0.2899
1770392042.0869 -0.0833 0.1678 -0.0457
1770392042.0990 -0.1138 -0.0763 -0.1678
1770392042.1109 -0.1443 0.2289 0.0153
1770392042.1229 -0.2359 0.1678 0.3815
1770392042.1351 0.0998 0.0153 -0.1373
1770392042.1471 -0.0528 0.1068 -0.0457
1770392042.1591 -0.1749 -0.0153 -0.1067
1770392042.1711 0.0082 0.1068 -0.1678
1770392042.1827 -0.0223 -0.0458 -0.0457
1770392042.1947 0.0388 -0.0153 -0.3509
1770392042.2067 0.1303 -0.0763 0.2289
1770392042.2187 0.1913 0.0458 -0.1373
1770392042.2308 0.0082 0.2899 -0.1678
1770392042.2427 -0.1138 0.0763 0.0458
1770392042.2549 0.0082 0.0153 -0.0457
1770392042.2669 -0.0833 0.0763 -0.1067
1770392042.2788 0.0082 0.0458 -0.0152
1770392042.2909 -0.2054 0.0458 -0.1983
1770392042.3028 0.0998 0.0763 -0.2288
1770392042.3149 -0.1443 -0.0763 -0.2593
1770392042.3269 0.0082 0.1373 0.1374
1770392042.3390 0.1303 0.1068 0.1069
1770392042.3510 0.1608 -0.1984 -0.0762
1770392042.3630 0.0693 -0.0458 0.1069
1770392042.3751 -0.1749 0.0153 -0.2288
1770392042.3872 0.1303 0.0153 -0.1983
1770392042.3991 0.0998 0.1678 0.0153
1770392042.4111 0.1303 0.1984 0.0458
1770392042.4231 -0.2054 -0.1373 -0.1983
1770392042.4342 0.1303 -0.0763 0.0458
1770392042.4473 0.0388 0.0458 0.0153
1770392042.4583 -0.0528 -0.3510 -0.4119
1770392042.4713 -0.0528 0.0763 0.3510
1770392042.4824 0.1913 0.1068 0.1679
1770392042.4944 -0.2054 0.0153 0.0458
1770392042.5065 -0.0833 -0.1373 -0.1067
1770392042.5183 -0.0223 -0.0763 0.0764
1770392042.5305 -0.0223 0.1373 0.0458
1770392042.5423 0.0693 0.1373 -0.1373
1770392042.5544 -0.1138 0.1373 -0.1678
1770392042.5664 -0.2969 0.0458 -0.0762
1770392042.5785 -0.0223 0.0153 -0.1067
1770392042.5905 0.0693 -0.1373 -0.2288
1770392042.6025 -0.2054 -0.1068 0.3510
1770392042.6145 -0.1138 -0.2594 -0.2899
1770392042.6265 -0.1749 -0.0458 0.4120
1770392042.6384 0.0388 0.1373 0.0153
1770392042.6506 0.0082 -0.0763 -0.1678
1770392042.6625 -0.1138 -0.0153 -0.2593
1770392042.6745 -0.1443 0.0153 -0.0457
1770392042.6865 -0.2969 -0.0763 -0.0457
1770392042.6985 -0.2359 -0.0763 -0.1678
1770392042.7105 -0.0528 -0.1678 -0.0457
1770392042.7226 0.1913 0.1373 -0.0152
1770392042.7348 -0.2359 0.1068 -0.2593
1770392042.7468 -0.0833 -0.0153 -0.0762
1770392042.7591 0.0082 0.0763 0.1679
1770392042.7712 0.0693 -0.0153 0.0153
1770392042.7831 -0.2359 0.1068 -0.0457
1770392042.7953 -0.3580 -0.1373 -0.0762
1770392042.8073 -0.0833 0.1373 -0.0457
1770392042.8194 -0.0833 -0.0763 -0.0762
1770392042.8305 0.0082 0.0763 -0.0762
1770392042.8426 -0.2359 0.1373 0.1984
1770392042.8549 -0.0528 -0.0458 0.2289
1770392042.8670 -0.0528 -0.0458 0.1679
1770392042.8790 -0.1443 0.0153 0.1984
1770392042.8910 -0.2664 -0.0763 -0.1067
1770392042.9030 -0.0833 0.2289 0.1069
1770392042.9150 -0.0833 0.0153 -0.1678
1770392042.9271 0.0082 0.1068 -0.1067
1770392042.9391 -0.1138 0.1373 -0.0762
1770392042.9512 -0.1138 -0.2289 0.0153
1770392042.9633 -0.0528 -0.1373 -0.1373
1770392042.9753 0.0388 -0.0153 0.0458
1770392042.9870 -0.1443 0.0153 -0.1067
1770392042.9990 -0.3275 -0.0763 -0.4119
1770392043.0110 0.0693 -0.0458 0.0764
1770392043.0230 -0.1138 0.1373 -0.1678
1770392043.0351 -0.0528 0.0153 0.0764
1770392043.0471 -0.2054 0.1984 -0.4424
1770392043.0592 0.0388 0.1678 0.1984
1770392043.0713 -0.0528 -0.0763 -0.2593
1770392043.0824 -0.2359 0.1068 -0.3814
1770392043.0945 0.0998 -0.1068 -0.2288
1770392043.1066 -0.0528 -0.0763 -0.0762
1770392043.1185 -0.1138 0.1373 -0.1678
1770392043.1307 -0.1138 0.1984 0.1984
1770392043.1426 0.1913 -0.1373 -0.1678
1770392043.1548 -0.2054 0.0458 0.2289
1770392043.1668 -0.0833 0.0458 0.0458
1770392043.1791 -0.0833 0.0763 0.0153
1770392043.1912 -0.2359 -0.0458 0.1374
1770392043.2035 -0.1749 -0.0458 0.0153
1770392043.2146 0.0998 -0.1068 -0.1373
1770392043.2268 -0.1138 0.0763 0.0764
1770392043.2388 0.0082 -0.1068 0.1679
1770392043.2509 0.0693 0.2899 -0.1067
1770392043.2628 0.0082 0.1373 0.0153
1770392043.2751 -0.2969 0.0458 -0.1373
1770392043.2872 0.0998 0.2594 0.0458
1770392043.2992 -0.0528 0.0153 -0.1373
1770392043.3112 -0.1749 -0.0153 -0.2899
1770392043.3232 -0.2359 0.0763 0.1679
1770392043.3354 -0.0528 0.0763 0.1679
1770392043.3475 -0.0223 0.1068 0.0764
1770392043.3594 0.2829 0.2594 0.2595
1770392043.3705 -0.0833 -0.1068 -0.0152
1770392043.3827 -0.0833 -0.0458 -0.0152
1770392043.3947 0.1303 -0.2594 -0.0152
1770392043.4067 -0.0833 -0.0458 -0.0152
1770392043.4187 0.0388 0.1373 -0.0762
1770392043.4310 -0.1443 0.0458 -0.1983
1770392043.4430 0.1608 0.0458 -0.3814
1770392043.4551 0.0388 0.0458 -0.0457
1770392043.4675 0.0388 0.0153 0.1069
1770392043.4788 -0.0223 0.0763 0.1374
1770392043.4907 -0.1443 0.0153 -0.2288
1770392043.5032 0.1303 -0.1984 -0.0457
1770392043.5153 0.0693 -0.1373 -0.2593
1770392043.5265 -0.0833 0.0458 0.0764
1770392043.5386 -0.2054 -0.1373 0.1374
1770392043.5508 0.1608 -0.0458 0.0153
1770392043.5627 -0.0528 -0.0153 0.0458
1770392043.5747 0.0998 -0.0458 -0.1678
1770392043.5871 0.1913 -0.0763 -0.0152
1770392043.5991 -0.1749 0.2899 -0.2288
1770392043.6112 -0.0528 0.2289 -0.0762
1770392043.6232 -0.2664 0.1068 0.0153
1770392043.6353 0.0082 -0.2289 -0.1067
1770392043.6473 0.1303 -0.0458 -0.1983
1770392043.6593 -0.2054 0.1068 -0.2288
1770392043.6713 -0.1443 0.0153 -0.0762
1770392043.6827 -0.1443 0.0153 0.0764
1770392043.6946 -0.0833 0.1068 -0.1373
1770392043.7068 -0.0223 -0.0763 -0.0152
1770392043.7188 -0.1138 -0.1373 0.1069
1770392043.7309 -0.1138 -0.0458 -0.2593
1770392043.7430 0.0998 -0.0153 -0.1067
1770392043.7552 -0.1749 -0.0458 -0.0152
1770392043.7673 0.0998 -0.0458 0.1679
1770392043.7789 -0.0223 0.0153 -0.2593
1770392043.7908 -0.1443 0.1678 -0.2288
1770392043.8030 -0.2359 0.3815 -0.2288
1770392043.8151 -0.2054 -0.0153 -0.0457
1770392043.8273 0.0693 -0.2899 -0.0152
1770392043.8393 0.1303 0.2289 -0.1067
1770392043.8513 -0.3275 0.1678 -0.0762
1770392043.8632 -0.0833 -0.0763 -0.0762
1770392043.8753 -0.0223 0.0153 -0.0152
1770392043.8873 -0.0528 -0.1068 -0.1373
1770392043.8993 0.1303 0.1373 0.0153
1770392043.9112 -0.1443 0.1678 -0.0457
1770392043.9232 -0.1749 -0.0763 -0.0152
1770392043.9353 0.0082 0.0458 -0.2593
1770392043.9474 -0.1749 -0.1373 -0.2288
1770392043.9593 -0.0223 -0.0153 -0.1373
1770392043.9714 -0.1749 -0.0458 -0.0762
1770392043.9835 0.0998 0.0763 -0.1373
1770392043.9956 0.1608 -0.2899 -0.1983
1770392044.0068 -0.1443 0.0153 0.0153
1770392044.0188 -0.1138 0.1984 -0.2288
1770392044.0308 0.0082 0.0763 -0.0762
1770392044.0429 -0.2054 -0.3815 -0.1373
1770392044.0548 -0.1443 0.0458 -0.1983
1770392044.0670 -0.2054 0.1373 -0.1067
1770392044.0790 0.0693 0.0153 -0.1678
1770392044.0910 0.0388 -0.1678 -0.2288
1770392044.1031 0.0693 0.0458 0.1984
1770392044.1151 0.0998 -0.0763 -0.1373
1770392044.1272 -0.1443 0.1678 0.1679
1770392044.1393 -0.0223 0.0763 0.0458
1770392044.1512 -0.2054 0.0458 -0.0457
1770392044.1634 0.1303 0.1984 -0.2288
1770392044.1754 -0.1749 -0.1373 0.1069
1770392044.1874 0.0998 -0.0153 -0.0152
1770392044.1995 0.0693 0.3510 0.0153
1770392044.2115 -0.1138 -0.1678 -0.1067
1770392044.2235 -0.0528 0.1678 -0.1373
1770392044.2355 0.0082 -0.0458 -0.3204
1770392044.2476 0.0388 -0.0153 -0.1067
1770392044.2596 -0.0528 0.1678 -0.1373
1770392044.2715 0.0998 -0.1984 -0.0152
1770392044.2837 -0.0528 -0.0763 -0.0152
1770392044.2956 -0.1138 -0.0153 0.1374
1770392044.3067 0.0388 0.0763 0.1679
1770392044.3196 -0.1443 0.0763 0.0764
1770392044.3307 0.0388 -0.0458 -0.0762
1770392044.3427 0.0388 -0.1068 -0.1067
1770392044.3547 -0.1138 0.1373 -0.2288
1770392044.3667 0.0388 0.1068 0.0458
1770392044.3793 0.0388 0.0458 -0.0457
1770392044.3914 0.1913 -0.0763 -0.0457
1770392044.4034 0.0082 -0.0458 0.1374
1770392044.4154 0.1303 0.0763 -0.0457
1770392044.4266 -0.2054 -0.1373 -0.0152
1770392044.4389 -0.0528 0.0153 -0.1373
1770392044.4514 -0.1749 0.1678 -0.0152
1770392044.4629 -0.0833 0.1373 0.0764
1770392044.4752 -0.0833 0.0153 -0.1678
1770392044.4876 -0.0528 0.3510 0.2289
1770392044.4989 0.0998 0.0153 -0.1983
1770392044.5111 -0.0223 -0.0153 -0.2593
1770392044.5233 0.0082 -0.3815 0.1374
1770392044.5355 -0.1443 -0.0763 -0.2899
1770392044.5468 0.0082 0.0763 0.0458
1770392044.5590 0.1303 0.0458 0.0458
1770392044.5712 -0.2054 0.2289 -0.2899
1770392044.5837 0.0998 -0.0153 0.0458
1770392044.5950 -0.0528 -0.1068 -0.0457
1770392044.6073 -0.1138 -0.1678 -0.0762
1770392044.6196 0.2829 0.0763 0.1374
1770392044.6308 0.0388 -0.2594 0.1069
1770392044.6431 -0.1138 0.2594 -0.1678
1770392044.6553 0.2219 -0.0153 -0.0457
1770392044.6677 -0.3885 0.0458 -0.3204
1770392044.6792 -0.4495 0.1068 0.0458
1770392044.6913 -0.0223 0.1068 -0.1373
1770392044.7036 -0.1138 -0.0458 0.2289
1770392044.7157 0.2524 0.1678 0.1374
1770392044.7271 -0.0223 -0.1068 -0.1373
1770392044.7395 -0.2054 -0.0458 0.0458
1770392044.7517 -0.0223 -0.0153 0.1069
1770392044.7630 0.1608 -0.0458 0.0153
1770392044.7753 0.0998 0.0763 0.1069
1770392044.7877 0.0693 0.0763 -0.3509
1770392044.7989 -0.2054 -0.1984 0.0764
1770392044.8110 -0.0528 -0.0763 -0.2899
1770392044.8232 0.0693 -0.0763 -0.0152
1770392044.8356 -0.1749 0.0458 0.0458
1770392044.8468 -0.1443 0.0458 -0.0152
1770392044.8598 0.1608 0.0153 0.2595
1770392044.8709 -0.2969 0.1373 0.2289
1770392044.8833 -0.1443 0.0153 0.0764
1770392044.8954 -0.1443 -0.1068 0.0153
1770392044.9069 0.1608 0.1678 -0.0152
1770392044.9189 0.0693 -0.1984 -0.2288
1770392044.9311 -0.1138 -0.1373 -0.1373
1770392044.9433 -0.0833 0.0458 0.0153
1770392044.9556 -0.0528 0.0458 0.1069
1770392044.9669 0.0388 0.1068 0.0458
1770392044.9797 -0.2054 0.0763 -0.1373
1770392044.9909 -0.0833 0.0458 0.2289
1770392045.0032 -0.1443 -0.2289 -0.0152
1770392045.0153 -0.1138 -0.0763 -0.4119
1770392045.0277 0.0998 0.0153 -0.1983
1770392045.0390 0.0998 -0.1068 0.0153
1770392045.0512 -0.1749 -0.0458 -0.0152
1770392045.0633 -0.2664 0.0458 0.2595
1770392045.0755 0.0693 -0.1373 -0.0152
1770392045.0877 -0.2054 0.0458 -0.1067
1770392045.0990 -0.2054 -0.1068 -0.1067
1770392045.1110 0.0388 -0.0458 0.0458
1770392045.1232 0.0693 0.1068 -0.0762
1770392045.1355 -0.0223 0.1373 0.2595
1770392045.1477 0.0388 -0.0763 -0.1678
1770392045.1590 -0.0833 0.2594 -0.0457
1770392045.1712 -0.1138 -0.0763 0.0458
1770392045.1837 -0.2359 0.1678 0.0458
1770392045.1949 0.0693 0.0763 0.1984
1770392045.2071 -0.1749 -0.0153 0.0458
1770392045.2194 -0.0528 0.0153 0.0153
1770392045.2317 -0.1138 -0.0458 -0.0152
1770392045.2439 -0.3275 -0.1068 -0.0762
1770392045.2551 -0.3275 0.0458 0.1679
1770392045.2674 -0.0223 0.0458 0.0458
1770392045.2797 0.0998 -0.0763 0.0153
1770392045.2919 -0.2359 0.1678 0.1679
1770392045.3030 0.1303 0.0458 -0.0152
1770392045.3152 -0.2054 -0.1068 -0.0457
1770392045.3274 -0.1443 0.0458 0.1374
1770392045.3398 -0.0528 0.0153 0.0153
1770392045.3509 -0.1138 0.1984 -0.0457
1770392045.3632 0.0082 0.0458 -0.0152
1770392045.3756 0.0082 0.1678 -0.0152
1770392045.3875 -0.2664 0.0153 -0.0762
1770392045.3991 -0.0833 -0.0153 0.0764
1770392045.4116 -0.2359 0.1678 0.1374
1770392045.4237 0.0082 0.0763 -0.1678
1770392045.4352 0.1303 -0.2594 -0.1373
1770392045.4475 -0.1138 -0.0458 0.1374
1770392045.4599 -0.1749 0.2899 0.0458
1770392045.4720 -0.1138 0.0458 -0.2899
1770392045.4833 0.2219 -0.1068 -0.0762
1770392045.4955 -0.0223 -0.0763 0.0764
1770392045.5081 -0.0223 -0.1068 0.0458
1770392045.5195 -0.0528 0.1373 0.1069
1770392045.5319 -0.0833 -0.0153 0.0764
1770392045.5431 -0.1443 0.1373 0.2289
1770392045.5558 0.0082 -0.1678 0.0153
1770392045.5675 -0.0528 0.1678 0.0153
1770392045.5822 0.2524 0.0458 -0.0457
1770392045.5917 0.0998 -0.1373 -0.0152
1770392045.6032 -0.1138 -0.0153 0.1069
1770392045.6156 0.0693 -0.1373 -0.0152
1770392045.6272 0.0082 -0.0763 0.0764
1770392045.6398 0.0388 -0.1068 0.1679
1770392045.6514 0.0998 0.1068 -0.0762
1770392045.6631 -0.1749 0.2594 0.0764
1770392045.6757 0.0388 0.1068 0.0764
1770392045.6871 0.1913 0.0458 0.0458
1770392045.6995 -0.0223 0.3204 0.1679
1770392045.7118 -0.0528 -0.2289 -0.0457
1770392045.7238 -0.1443 0.1068 -0.2288
1770392045.7355 -0.2664 0.2594 0.1069
1770392045.7479 -0.0223 -0.0458 -0.0152
1770392045.7592 0.0082 0.0153 -0.0762
1770392045.7715 -0.2054 0.2899 -0.1067
1770392045.7839 -0.1138 -0.0763 -0.1983
1770392045.7951 -0.2359 -0.1373 0.0458
1770392045.8073 -0.0223 0.0458 -0.2288
1770392045.8194 -0.1443 0.0458 -0.0762
1770392045.8319 0.0082 0.0458 0.3510
1770392045.8439 -0.1138 0.1373 -0.1983
1770392045.8551 -0.0833 -0.0763 -0.3509
1770392045.8674 0.0082 0.0153 0.1679
1770392045.8797 -0.0833 0.0458 0.0764
1770392045.8918 0.0998 -0.0153 -0.1983
1770392045.9040 -0.1138 0.0458 -0.0762
1770392045.9151 0.1303 -0.0763 -0.2593
1770392045.9270 -0.1138 -0.1984 -0.1983
1770392045.9391 0.0082 0.2899 0.1069
1770392045.9514 -0.1749 -0.0458 -0.0457
1770392045.9636 0.0998 -0.0458 0.1069
1770392045.9758 -0.2054 0.0763 -0.1678
1770392045.9874 0.0082 -0.1068 -0.1373
1770392045.9992 -0.0833 -0.0153 -0.0457
1770392046.0114 -0.0833 -0.1068 0.0153
1770392046.0236 0.0693 -0.0458 -0.1983
1770392046.0359 -0.1443 -0.1068 0.2900
1770392046.0470 -0.1138 0.0458 0.0764
1770392046.0592 -0.1443 0.0153 0.1984
1770392046.0714 0.0388 0.0458 0.0764
1770392046.0835 -0.0833 -0.0153 0.1984
1770392046.0958 0.0388 0.0458 -0.0152
1770392046.1080 -0.0833 0.2289 0.3205
1770392046.1193 -0.1443 0.1678 -0.0762
1770392046.1314 0.0082 -0.0153 0.0153
1770392046.1436 0.0082 0.1068 0.0153
1770392046.1558 -0.2969 -0.0458 -0.0457
1770392046.1680 0.1608 -0.1373 -0.0152
1770392046.1794 -0.0528 0.1984 -0.0457
1770392046.1918 -0.0528 -0.0153 -0.2593
1770392046.2040 -0.1749 -0.0763 0.0153
1770392046.2152 -0.0833 0.0458 0.0764
1770392046.2277 -0.1138 -0.1373 -0.0152
1770392046.2399 0.0998 0.2289 0.0764
1770392046.2512 -0.2359 -0.1678 -0.2288
1770392046.2633 0.0388 -0.0458 -0.1983
1770392046.2756 -0.0833 0.1068 -0.2593
1770392046.2880 -0.1443 0.2289 0.0153
1770392046.2992 0.0998 -0.0458 -0.2593
1770392046.3115 -0.2054 -0.1984 -0.1373
1770392046.3241 0.1913 0.0458 0.1679
1770392046.3354 0.1303 -0.0763 -0.0457
1770392046.3476 0.0998 0.0458 -0.3509
1770392046.3600 -0.1749 -0.0763 0.1679
1770392046.3712 0.0388 0.1373 -0.2593
1770392046.3836 -0.0528 0.0153 -0.0762
1770392046.3951 0.1303 0.0458 -0.1983
1770392046.4075 -0.0223 -0.0763 -0.3509
1770392046.4196 -0.1443 0.0153 0.1069
1770392046.4319 -0.1749 -0.0153 -0.2899
1770392046.4439 -0.0223 -0.0763 0.2595
1770392046.4554 0.0082 -0.1678 0.0458
1770392046.4676 0.1303 0.0763 -0.1373
1770392046.4799 -0.0833 -0.0153 -0.1678
1770392046.4912 -0.1138 -0.1068 -0.2288
1770392046.5035 0.0693 -0.0458 -0.1067
1770392046.5157 -0.0833 -0.0458 0.1069
1770392046.5280 -0.0528 -0.2594 -0.0762
1770392046.5391 0.1913 0.0763 -0.0152
1770392046.5515 -0.0528 0.1068 0.2595
1770392046.5637 -0.1443 -0.1678 -0.3509
1770392046.5752 0.0082 -0.0763 -0.3509
1770392046.5878 0.0388 -0.0458 -0.1678
1770392046.6001 -0.1443 0.2289 0.0458
1770392046.6113 -0.1138 -0.0458 -0.1373
1770392046.6235 -0.0528 0.0763 -0.1373
1770392046.6357 0.1608 -0.0458 0.0458
1770392046.6478 -0.2054 -0.0153 -0.0457
1770392046.6599 0.0693 -0.1678 0.2289
1770392046.6711 -0.1443 0.0458 -0.1373
1770392046.6833 -0.0223 -0.0458 -0.1373
1770392046.6954 0.0693 0.1678 0.0458
1770392046.7076 0.1303 0.2289 -0.0762
1770392046.7197 0.0082 -0.1678 -0.1373
1770392046.7312 -0.0528 -0.0763 -0.1373
1770392046.7437 -0.1749 -0.1678 0.1374
1770392046.7560 -0.2054 -0.0153 0.0764
1770392046.7681 0.0693 0.1678 0.0764
1770392046.7794 -0.0528 -0.0763 0.1069
1770392046.7917 0.1303 0.1678 0.1069
1770392046.8041 -0.0528 -0.0153 -0.0457
1770392046.8154 -0.2359 0.0153 -0.1373
1770392046.8277 0.1303 0.3204 0.1984
1770392046.8401 -0.0223 0.0458 -0.0457
1770392046.8513 -0.0528 -0.0153 -0.0457
1770392046.8635 -0.0528 0.1068 -0.0457
1770392046.8757 0.1303 0.0153 -0.0457
1770392046.8880 0.2219 0.1373 -0.1373
1770392046.8994 0.1303 0.1678 -0.1678
1770392046.9128 -0.0528 0.1068 0.3205
1770392046.9249 0.0082 0.0763 -0.1678
1770392046.9362 -0.0833 -0.1678 -0.1067
1770392046.9483 0.0082 0.0763 -0.0457
1770392046.9606 -0.0223 0.1984 -0.0152
1770392046.9719 0.0693 -0.1678 -0.0457
1770392046.9845 -0.0833 0.0458 -0.1373
1770392046.9970 -0.1443 0.1984 -0.0762
1770392047.0082 0.1913 0.1678 -0.0457
1770392047.0203 -0.0223 0.0458 -0.0457
1770392047.0327 0.0693 0.0763 0.2289
1770392047.0447 -0.2054 0.0763 -0.0152
1770392047.0570 -0.0528 -0.0458 -0.1983
1770392047.0682 -0.1749 -0.1068 -0.1373
1770392047.0805 0.2219 -0.0763 -0.1373
1770392047.0927 0.0082 0.1068 -0.1678
1770392047.1049 -0.3885 0.0458 -0.1373
1770392047.1170 0.0998 -0.0153 0.0764
1770392047.1283 0.1608 -0.0763 -0.2288
1770392047.1407 0.1303 0.0763 -0.0152
1770392047.1520 0.0082 -0.0153 -0.0457
1770392047.1641 -0.3580 0.0458 -0.1373
1770392047.1764 -0.0833 -0.0763 0.1374
1770392047.1881 -0.0833 0.1373 -0.3204
1770392047.2003 -0.0833 -0.1373 -0.0762
1770392047.2125 -0.1749 -0.0153 0.0458
1770392047.2246 -0.1443 -0.0763 0.0153
1770392047.2369 0.0998 0.1678 0.0458
1770392047.2485 -0.2359 0.0763 -0.0762
1770392047.2607 0.0998 -0.0153 -0.0457
1770392047.2730 -0.0833 0.0458 0.1984
1770392047.2844 0.0388 -0.2594 -0.1373
1770392047.2966 -0.0833 -0.1068 -0.0457
1770392047.3083 0.0388 0.1373 0.1679
1770392047.3206 -0.0223 0.1373 -0.1678
1770392047.3321 -0.2054 -0.2899 0.0153
1770392047.3444 -0.3580 0.3204 -0.1373
1770392047.3566 0.0082 0.0153 -0.1067
1770392047.3690 -0.0528 0.1373 0.0153
1770392047.3803 -0.0528 -0.0153 -0.1983
1770392047.3926 -0.1749 -0.0153 0.1069
1770392047.4048 0.0998 0.1984 -0.1373
1770392047.4160 -0.1443 0.0458 -0.0457
1770392047.4285 0.0082 0.0458 -0.3204
1770392047.4407 -0.2054 -0.1984 -0.0457
1770392047.4522 -0.1749 -0.0153 -0.0457
1770392047.4644 -0.1443 0.2289 0.2289
1770392047.4767 -0.1443 -0.0763 0.1984
1770392047.4881 -0.1443 0.0458 -0.1983
1770392047.5003 -0.0223 0.1373 -0.2288
1770392047.5126 -0.0528 0.1068 -0.1067
1770392047.5246 -0.1138 0.1068 -0.3204
1770392047.5369 0.0388 0.1678 -0.1983
1770392047.5481 0.0388 -0.1068 -0.0457
1770392047.5603 0.2829 0.0458 -0.2593
1770392047.5726 -0.0528 0.1373 -0.2593
1770392047.5850 -0.1138 0.2289 0.0764
1770392047.5964 -0.0833 -0.0153 -0.1983
1770392047.6091 0.1303 -0.1068 -0.0762
1770392047.6204 -0.0223 0.0153 0.1374
1770392047.6331 0.0082 -0.1373 0.0764
1770392047.6442 -0.0528 0.0763 -0.1373
1770392047.6570 -0.0223 0.0458 -0.0762
1770392047.6686 0.0082 0.0763 -0.2899
1770392047.6811 -0.1138 0.0153 -0.0152
1770392047.6922 -0.2054 0.2289 -0.0762
1770392047.7043 -0.0528 0.0763 0.0153
1770392047.7163 -0.2359 -0.0763 -0.2593
1770392047.7287 -0.2359 -0.0458 0.2289
1770392047.7409 -0.1749 -0.1678 -0.0152
1770392047.7531 -0.2969 -0.1373 0.1069
1770392047.7641 -0.0223 -0.0153 0.1984
1770392047.7763 -0.3885 -0.1678 0.0764
1770392047.7887 0.2219 -0.0153 0.1374
1770392047.8009 -0.1138 0.1678 -0.0152
1770392047.8122 0.0998 -0.0763 -0.3814
1770392047.8247 0.1913 -0.1068 0.1984
1770392047.8369 -0.0223 0.1068 -0.0762
1770392047.8483 -0.0528 -0.1373 0.0458
1770392047.8606 -0.1443 0.0763 0.0458
1770392047.8725 -0.0833 -0.0763 -0.0152
1770392047.8851 0.0082 0.1984 -0.1067
1770392047.8964 -0.1749 0.1068 -0.1678
1770392047.9085 -0.2054 -0.1373 0.1679
1770392047.9211 0.0082 0.0763 -0.1067
1770392047.9325 -0.2054 -0.1068 -0.1678
1770392047.9449 0.1913 0.1373 -0.1678
1770392047.9572 -0.1443 -0.0458 -0.2288
1770392047.9686 0.0388 -0.2289 0.0458
1770392047.9802 -0.1443 -0.0153 -0.1678
1770392047.9929 -0.0528 0.0458 -0.1373
1770392048.0051 0.0388 -0.0153 -0.1373
1770392048.0167 -0.1443 -0.0153 -0.0152
1770392048.0292 -0.1138 -0.1068 -0.1983
1770392048.0407 0.1913 -0.1068 0.1984
1770392048.0531 -0.3885 0.0763 0.1374
1770392048.0642 -0.1443 -0.1068 -0.1067
1770392048.0765 -0.0833 0.2289 0.0153
1770392048.0889 0.0693 -0.0458 -0.1373
1770392048.1012 -0.0223 0.2899 0.0458
1770392048.1124 0.0388 -0.0153 0.0764
1770392048.1246 -0.0833 0.0153 0.0764
1770392048.1371 -0.0223 0.0153 0.0458
1770392048.1482 0.0693 0.0458 -0.0457
1770392048.1604 -0.2969 0.0153 0.0764
1770392048.1726 -0.0223 0.0153 0.1374
1770392048.1850 -0.1443 0.0153 -0.1678
1770392048.1971 -0.1138 0.0153 0.1374
1770392048.2084 -0.0833 0.0153 -0.0762
1770392048.2205 -0.1138 -0.0153 -0.1373
1770392048.2328 -0.2054 0.0458 0.1069
1770392048.2450 -0.1749 -0.1678 -0.1067
1770392048.2572 0.1303 0.1068 0.0764
1770392048.2684 -0.2664 0.1984 -0.3509
1770392048.2806 0.0082 0.0153 -0.1983
1770392048.2928 -0.0223 0.0458 0.0153
1770392048.3051 -0.0223 0.0458 -0.1983
1770392048.3168 -0.1749 -0.0153 -0.1678
1770392048.3284 -0.1749 0.1373 0.0458
1770392048.3411 0.0388 -0.1373 0.0153
1770392048.3526 0.0082 0.1373 0.0458
1770392048.3644 0.3745 -0.0763 -0.0152
1770392048.3763 0.0388 -0.1678 0.0764
1770392048.3890 0.1913 -0.2899 -0.0762
1770392048.4002 -0.1749 0.0458 -0.2593
1770392048.4127 -0.0528 0.1678 -0.2288
1770392048.4251 0.0998 -0.1068 -0.4730
1770392048.4363 -0.1138 -0.0458 0.1679
1770392048.4486 0.1608 0.1984 -0.3204
1770392048.4608 0.0082 0.1373 0.0153
1770392048.4729 0.0998 0.3510 0.1984
1770392048.4842 -0.0223 0.0763 0.1984
1770392048.4963 0.1303 0.1678 0.2900
1770392048.5087 0.0082 0.1678 -0.0762
1770392048.5209 -0.0833 -0.0763 0.0764
1770392048.5332 0.0388 0.0153 0.0458
1770392048.5443 -0.1138 -0.0458 0.2595
1770392048.5565 -0.2054 0.0458 -0.0152
1770392048.5689 -0.3275 -0.1678 0.0153
1770392048.5827 0.0998 0.0763 -0.0152
1770392048.5923 -0.2664 -0.1678 -0.0762
1770392048.6048 0.0693 -0.0458 0.0764
1770392048.6163 -0.0833 0.1984 -0.2288
1770392055.2067 -0.3275 -0.0458 -0.2288
1770392055.2188 -0.0833 0.1984 0.1374
1770392055.2307 -0.2054 0.0763 -0.1373
1770392055.2427 0.2219 -0.1373 0.0458
1770392055.2550 -0.1443 0.0153 0.1374
1770392055.2669 -0.0528 0.1678 -0.1983
1770392055.2789 0.0082 0.1678 0.0153
1770392055.2910 0.0388 0.1678 0.1374
1770392055.3030 -0.0528 0.1373 -0.0152
1770392055.3150 -0.2359 -0.2594 -0.2288
1770392055.3270 -0.0833 0.1373 0.3510
1770392055.3382 -0.1138 0.0153 0.0764
1770392055.3503 -0.0528 0.1373 0.1374
1770392055.3623 -0.0223 0.0458 0.0153
1770392055.3750 -0.2054 0.1373 -0.0152
1770392055.3865 -0.0223 -0.0458 -0.3204
1770392055.3985 -0.0528 -0.1984 -0.0457
1770392055.4105 -0.2054 0.0763 0.1679
1770392055.4225 0.0998 0.0153 0.4426
1770392055.4346 -0.1443 0.1678 0.1679
1770392055.4465 -0.0833 0.1373 -0.0152
1770392055.4592 -0.1749 -0.1373 0.0764
1770392055.4711 0.0082 0.1068 -0.1373
1770392055.4823 -0.0528 0.0763 -0.1067
1770392055.4945 0.0693 -0.1984 0.1069
1770392055.5066 0.0388 -0.0458 0.1679
1770392055.5188 0.0082 -0.1068 -0.0457
1770392055.5309 -0.2359 0.0458 -0.2288
1770392055.5429 -0.1443 0.0153 -0.0152
1770392055.5552 0.0998 0.2899 -0.1067
1770392055.5672 0.0082 0.0458 0.0458
1770392055.5783 0.0082 0.1373 0.1069
1770392055.5908 -0.0223 0.2899 0.1374
1770392055.6032 0.1913 -0.1678 -0.0762
1770392055.6152 0.0082 -0.1373 -0.1067
1770392055.6263 0.0693 -0.1068 0.0153
1770392055.6384 0.0082 -0.8392 0.0458
1770392055.6505 4.5859 -2.0905 -0.1373
1770392055.6626 1.2900 -3.4637 10.1777
1770392055.6747 -4.1727 7.5226 1.4496
1770392055.6868 1.7783 -10.1471 9.7504
1770392055.6989 -2.4026 0.9613 9.7504
1770392055.7110 3.4872 -0.6866 15.0910
1770392055.7224 1.1069 3.6163 14.9384
1770392055.7347 1.4426 2.6703 16.7695
1770392055.7466 -1.4261 2.1210 16.9831
1770392055.7586 1.0458 -4.1656 14.2975
1770392055.7706 1.2595 4.0436 11.9782
1770392055.7829 0.2829 4.6539 12.6801
1770392055.7950 3.3041 -0.1678 10.1472
1770392055.8069 1.8088 6.8512 7.5226
1770392055.8191 3.6093 -2.3346 6.4850
1770392055.8304 -0.3885 -1.2665 8.9570
1770392055.8425 1.4120 9.5062 10.4218
1770392055.8548 0.3439 -2.3651 9.5978
1770392055.8673 -2.5552 0.1984 6.9123
1770392055.8785 -0.1443 1.7853 3.4638
1770392055.8907 -0.9378 2.8229 2.4872
1770392055.9028 -1.4261 -1.4801 2.0295
1770392055.9150 1.9614 -2.7618 -2.4871
1770392055.9269 2.3581 -5.2948 -0.6561
1770392055.9390 2.0529 5.7831 -0.4424
1770392055.9510 -1.3651 7.3395 -0.3509
1770392055.9630 7.1188 1.8463 -2.3040
1770392055.9750 -0.1138 -2.9449 -2.3345
1770392055.9863 0.8627 -0.6561 1.6328
1770392055.9993 -0.2359 6.3629 0.6867
1770392056.0104 0.1303 -2.7924 -0.7476
1770392056.0224 -2.2501 -2.7313 -2.2430
1770392056.0346 1.7172 2.5482 -2.0904
1770392056.0466 0.6491 -0.5951 -2.1209
1770392056.0588 -3.0130 -0.0153 -3.6163
1770392056.0708 0.4050 3.4027 0.0458
1770392056.0829 -2.7994 4.8981 -2.3040
1770392056.0951 2.9074 -4.2572 -3.3111
1770392056.1074 -2.9825 -2.2736 -2.3956
1770392056.1186 3.6398 1.7548 -1.6631
1770392056.1309 2.0529 3.7079 1.2055
1770392056.1432 1.3510 -4.0741 -1.6937
1770392056.1544 1.5341 -3.4637 -0.9002
1770392056.1667 3.8229 13.0157 -3.2195
1770392056.1789 -0.1138 4.3182 -0.0457
1770392056.1912 -0.0528 -6.2408 -0.5950
1770392056.2032 0.2829 2.2125 -4.7454
1770392056.2152 1.5952 -5.5695 -4.4097
1770392056.2273 -5.1492 -3.6469 -0.2288
1770392056.2393 0.4660 5.1422 -4.8065
1770392056.2513 -1.7007 -7.6752 -1.2664
1770392056.2634 -0.3580 -4.3182 0.2289
1770392056.2744 -1.0294 0.9308 -3.0670
1770392056.2864 -3.9285 -1.3275 -0.2288
1770392056.2984 -0.5106 6.1493 -6.2713
1770392056.3105 -1.5482 3.0975 -2.1819
1770392056.3226 -3.5318 -4.2572 -1.1443
1770392056.3346 -2.4332 4.1046 -4.0435
1770392056.3467 -0.0223 0.9003 -3.0059
1770392056.3588 -2.7994 2.1515 -1.7547
1770392056.3708 -1.0599 -0.3204 -1.3580
1770392056.3830 -2.1585 -0.9308 -0.6255
1770392056.3952 3.7619 -2.7618 -0.9612
1770392056.4072 -0.7852 -4.8676 -4.8370
1770392056.4191 2.8464 3.5248 -5.0201
1770392056.4307 -3.1961 4.5624 -5.4778
1770392056.4428 2.1140 2.0905 -0.4730
1770392056.4549 -2.6163 -6.6681 0.4426
1770392056.4669 -4.5694 0.5341 -3.0670
1770392056.4788 1.1374 -1.5717 -3.7078
1770392056.4911 -5.3323 -1.1139 -1.5716
1770392056.5032 0.2219 3.9520 -1.8768
1770392056.5152 0.0082 -3.6774 -0.3509
1770392056.5273 -1.9754 1.8768 -1.4800
1770392056.5385 -0.0223 1.1444 -2.3040
1770392056.5505 -2.1585 -3.8300 -2.4871
1770392056.5625 2.1750 1.7853 -3.0670
1770392056.5745 -3.8675 -0.6561 -1.9988
1770392056.5868 1.8698 3.9825 -0.1373
1770392056.5987 -4.3863 -0.9308 1.1445
1770392056.6108 2.3276 -1.3580 -0.9918
1770392056.6228 -5.1797 1.5411 0.5952
1770392056.6349 2.7853 -6.1798 -2.3651
1770392056.6468 -3.4097 1.1749 -1.8768
1770392056.6589 -1.1514 -0.2289 -4.7454
1770392056.6710 0.4660 -6.4545 -4.7759
1770392056.6831 0.1913 6.5765 -2.2430
1770392056.6957 0.4660 3.4027 -0.1983
1770392056.7070 -0.0833 -6.9122 1.8769
1770392056.7189 2.1445 6.7596 -0.5950
1770392056.7312 -1.4261 -2.2736 -2.3956
1770392056.7434 4.2502 -6.6681 -5.2337
1770392056.7544 -2.9825 9.5062 -3.4026
1770392056.7665 2.9379 -2.4567 -0.3204
1770392056.7786 -2.8909 -1.7242 0.0153
1770392056.7911 3.2736 8.5907 -1.9378
1770392056.8031 -4.2947 -4.3488 -2.0294
1770392056.8150 -0.2664 4.6234 -1.2664
1770392056.8272 1.4120 -0.4730 -4.8370
1770392056.8395 0.9238 -8.8959 -4.0435
1770392056.8506 -0.2359 -5.0507 -2.9449
1770392056.8629 -0.0528 6.1493 -3.0364
1770392056.8750 -0.6326 2.5787 -0.8697
1770392056.8873 1.0153 -14.1754 -0.4730
1770392056.8992 -1.9449 5.5084 -0.9918
1770392056.9112 0.1913 1.3886 -0.1373
1770392056.9235 -0.7547 -10.9711 -2.7923
1770392056.9348 -0.2359 9.5673 -4.5623
1770392056.9471 -0.8768 -3.8300 -2.5176
1770392056.9592 1.0153 -5.7526 -0.0457
1770392056.9713 -1.8533 6.3019 -1.3275
1770392056.9827 1.7172 -5.7526 -3.2501
1770392056.9955 -2.9520 2.2125 -1.9683
1770392057.0067 2.4802 2.2736 0.3205
1770392057.0189 -0.8768 -9.4452 1.2665
1770392057.0310 3.7314 8.0414 -0.4730
1770392057.0431 -3.9896 3.7384 -5.2947
1770392057.0551 -0.3885 -8.9874 -2.7618
1770392057.0671 -1.4871 6.0272 -1.2054
1770392057.0790 2.9684 1.0834 -2.7007
1770392057.0912 -1.0599 -12.3444 -1.0833
1770392057.1033 0.3745 -0.1068 -1.6326
1770392057.1153 0.9848 4.7150 -3.2501
1770392057.1277 -1.7923 1.6937 -3.4637
1770392057.1388 -0.5716 3.6774 -2.8839
1770392057.1507 1.4426 -8.4076 -4.2571
1770392057.1629 -2.4332 1.4496 -1.1749
1770392057.1748 -2.4637 2.9449 -0.0762
1770392057.1875 -0.9073 -5.2643 -1.7852
1770392057.1995 -2.9825 9.0179 -1.6326
1770392057.2106 -0.8157 3.7079 1.4802
1770392057.2227 -1.3345 -4.3182 2.6398
1770392057.2348 5.4709 0.2594 1.9379
1770392057.2468 -2.3721 -0.0153 -2.3956
1770392057.2588 3.1516 -4.5013 -3.8299
1770392057.2708 -0.2969 -0.9613 -4.8675
1770392057.2832 -0.9073 6.7596 -0.7171
1770392057.2952 -2.9520 -7.7057 1.7853
1770392057.3073 -4.4168 -2.0905 -0.9612
1770392057.3193 0.4355 8.8654 0.5036
1770392057.3316 -0.1749 -6.5460 -1.8768
1770392057.3426 -3.3182 1.3275 -2.4871
1770392057.3549 1.4120 1.5106 -1.4800
1770392057.3671 4.2807 -2.9755 -0.7476
1770392057.3795 -4.4473 6.5460 -1.8463
1770392057.3906 0.0998 -0.1678 -3.0059
1770392057.4027 1.9919 -1.7242 0.0458
1770392057.4146 -1.4566 4.1962 -1.2359
1770392057.4267 -0.0528 -2.0294 -0.0762
1770392057.4387 1.6257 -0.2899 -3.0670
1770392057.4508 0.2219 -1.3886 -4.9896
1770392057.4629 2.2055 -5.2643 -5.2337
1770392057.4749 2.2360 4.8370 -3.2806
1770392057.4871 -1.1819 3.0060 2.2126
1770392057.4994 0.2219 -6.0272 1.2360
1770392057.5115 -1.2430 -4.9591 -0.6255
1770392057.5236 3.1210 6.5460 -4.1656
1770392057.5347 -2.9825 -5.2643 -3.9825
1770392057.5471 2.3581 -3.7994 -0.9307
1770392057.5592 0.1913 6.8817 1.2665
1770392057.5712 -0.8463 -4.1351 -0.6255
1770392057.5836 2.6938 0.6866 0.6257
1770392057.5946 -0.9378 -4.9591 -1.4800
1770392057.6068 1.7783 -4.3488 -4.8065
1770392057.6188 1.2900 13.1073 1.2055
1770392057.6309 1.5036 -2.0599 4.4709
1770392057.6426 0.4355 0.4730 1.2055
1770392057.6546 2.1445 9.8724 0.1069
1770392057.6667 0.6186 -5.1117 0.1069
1770392057.6787 -0.8463 -1.9684 -0.1373
1770392057.6907 4.3723 2.8839 -3.1585
1770392057.7028 -3.1046 -6.4240 -0.1373
1770392057.7149 3.0600 0.9308 1.2360
1770392057.7268 -2.7994 -1.0834 1.9074
1770392057.7390 -0.2664 -3.7079 -1.2969
1770392057.7510 3.2126 5.1422 -4.6844
1770392057.7631 -1.3956 1.1139 0.9003
1770392057.7750 0.8627 -1.1749 3.1281
1770392057.7869 -2.8909 5.2032 4.5319
1770392057.7992 2.6328 0.2289 5.5085
1770392057.8116 1.2900 -2.8534 4.8066
1770392057.8228 -1.3651 2.2736 3.1586
1770392057.8351 1.8393 4.6234 -1.0833
1770392057.8471 -1.2125 0.5035 -0.1067
1770392057.8594 3.2126 -3.3722 -2.2430
1770392057.8714 -3.6539 4.1656 0.3205
1770392057.8828 2.9990 8.8348 -0.1067
1770392057.8949 -0.2664 -5.6915 -1.0223
1770392057.9073 1.6562 -5.5389 -0.4730
1770392057.9196 1.8393 6.3324 -1.7547
1770392057.9307 1.9614 0.6256 -0.0152
1770392057.9428 1.0764 -5.9357 -0.1678
1770392057.9548 -0.9683 1.9073 2.2736
1770392057.9667 2.9990 0.4730 -1.9988
1770392057.9792 -1.7923 -4.6234 -1.1749
1770392057.9915 0.1913 -1.5717 2.4567
1770392058.0035 -4.3863 10.8185 1.3581
1770392058.0157 0.1913 5.4474 -3.3111
1770392058.0277 -6.0342 -3.1891 -1.7852
1770392058.0389 -0.6631 4.1962 0.8698
1770392058.0510 -3.5623 1.1139 2.5483
1770392058.0633 -0.5106 -4.1962 2.5483
1770392058.0755 -3.1046 3.6774 -0.1983
1770392058.0876 -1.6702 0.4120 -3.2195
1770392058.0990 2.7853 1.9684 -3.9214
1770392058.1110 -1.8533 -2.5787 -1.2359
1770392058.1232 1.8698 -0.3204 0.7172
1770392058.1354 2.3886 1.0529 0.5952
1770392058.1474 -2.0670 -5.6610 1.9379
1770392058.1596 -1.1819 5.1117 -1.7242
1770392058.1716 0.4355 3.0975 -3.9214
1770392058.1830 -2.8604 -7.7057 -3.4026
1770392058.1950 -4.1116 3.2501 -2.3040
1770392058.2070 -0.4495 0.6256 -0.9918
1770392058.2190 -0.8463 -2.7924 0.9614
1770392058.2311 -1.0294 8.0719 3.9216
1770392058.2432 -0.8768 -1.5106 2.8535
1770392058.2552 0.4965 -4.0436 2.1821
1770392058.2674 1.5341 6.1188 -1.5716
1770392058.2794 -1.6092 -4.6539 -1.6021
1770392058.2915 1.5341 3.7079 -2.1209
1770392058.3035 -1.2430 -2.7008 -1.1749
1770392058.3155 0.4355 -6.4545 0.9919
1770392058.3275 -5.5460 16.0675 -1.0223
1770392058.3398 -1.1819 -0.1373 0.0764
1770392058.3517 -0.9378 -5.9967 -0.6255
1770392058.3628 -2.2806 2.4872 0.1984
1770392058.3749 1.6257 -8.6823 -0.2899
1770392058.3872 0.8627 1.5717 -1.2969
1770392058.3995 0.5576 -0.7172 -0.2593
1770392058.4117 -2.0364 -8.9874 -1.2969
1770392058.4229 0.3134 5.0201 -1.9073
1770392058.4351 0.4965 6.4240 4.4099
1770392058.4470 -0.2969 1.7242 8.9265
1770392058.4591 2.2055 -2.7313 5.5085
1770392058.4710 2.3276 -1.7242 1.0834
1770392058.4833 4.3723 -3.3112 -1.4800
1770392058.4954 -1.1209 8.1329 -2.7007
1770392058.5075 2.6938 -1.4496 -3.7994
1770392058.5195 -4.7220 -2.9144 0.5036
1770392058.5316 1.0458 7.1869 3.4638
1770392058.5438 -3.8370 -4.8676 2.7619
1770392058.5549 -0.1138 -3.7689 0.5341
1770392058.5668 -2.5552 0.6256 -3.3111
1770392058.5789 2.4496 -2.1210 -4.5623
1770392058.5910 0.8932 -2.6703 -3.3111
1770392058.6031 1.5646 8.2855 -1.3580
1770392058.6151 0.6186 4.5624 3.9216
1770392058.6271 -0.1749 -1.1749 4.2573
1770392058.6392 -2.7078 5.5389 2.6703
1770392058.6511 -1.0904 0.2289 -0.5950
1770392058.6632 -3.6234 -3.9215 -2.3345
1770392058.6753 -1.7923 1.4801 -2.6702
1770392058.6874 -0.5716 -4.8065 -0.9918
1770392058.6994 -3.1351 3.7689 0.5952
1770392058.7114 2.2665 2.3651 0.9919
1770392058.7235 -0.7852 -4.7760 2.7314
1770392058.7356 -1.4566 3.2196 4.7455
1770392058.7477 -1.2125 -0.9613 1.2971
1770392058.7598 0.4660 -6.2714 -1.4800
1770392058.7719 -2.8909 1.3886 -1.2969
1770392058.7836 1.5646 0.8392 -1.5716
1770392058.7958 -0.4800 -2.1820 0.5952
1770392058.8077 5.3793 -0.0763 0.8393
1770392058.8197 -1.4871 0.9003 0.6867
1770392058.8318 1.7172 -1.2665 -2.5787
1770392058.8439 -2.0059 2.3651 -1.6631
1770392058.8550 1.1374 0.0153 0.2289
1770392058.8669 0.5576 -1.5106 2.6093
1770392058.8790 0.1303 2.7313 2.0295
1770392058.8911 0.0082 -1.7242 -1.4495
1770392058.9031 -1.6092 8.3160 -3.2195
1770392058.9152 0.1608 -2.1210 -4.3182
1770392058.9272 -3.2266 -9.0179 -1.6021
1770392058.9395 -0.5411 10.3302 3.7079
1770392058.9514 -2.3111 -8.7128 4.1352
1770392058.9636 1.6562 3.9825 -0.0152
1770392058.9758 -0.7852 9.8114 -2.9754
1770392058.9874 2.2055 -12.9242 -3.8909
1770392058.9995 -0.8463 3.1586 -1.1443
1770392059.0116 -0.2969 3.3722 0.0458
1770392059.0237 -3.2571 -5.3864 2.3957
1770392059.0352 -1.8533 3.1891 3.5248
1770392059.0471 -0.2664 -4.4708 1.1750
1770392059.0592 -1.3345 2.3346 2.3041
1770392059.0712 3.3652 4.7150 1.9074
1770392059.0833 -0.2664 -9.4147 2.6703
1770392059.0959 0.9848 5.0201 0.1984
1770392059.1070 -2.7689 4.5624 -1.8768
1770392059.1190 0.3439 -9.2926 -3.2195
1770392059.1311 -3.8065 8.5297 0.0153
1770392059.1431 -1.9144 0.2594 2.3652
1770392059.1553 -1.6397 -6.8817 0.9919
1770392059.1673 1.9308 5.8746 0.8698
1770392059.1798 -1.0294 -3.0060 0.3510
1770392059.1918 2.8769 -4.8065 -0.5950
1770392059.2039 1.7172 4.3793 3.3417
1770392059.2159 1.9003 -5.0201 2.3041
1770392059.2279 0.2524 4.5624 -1.6937
1770392059.2390 0.1913 4.2877 -2.4871
1770392059.2510 -1.3345 4.3182 0.7172
1770392059.2631 0.5576 2.2125 2.0905
1770392059.2752 -0.9378 -1.9989 2.7314
1770392059.2872 -0.5411 -4.2267 -0.1983
1770392059.2994 0.4050 -0.9918 -3.7994
1770392059.3116 -3.1351 -1.0529 -2.9144
1770392059.3237 4.2502 3.4332 0.2595
1770392059.3351 -2.0975 -0.5646 3.9826
1770392059.3473 5.2573 -1.3886 3.6164
1770392059.3597 -3.0435 -0.5341 2.8840
1770392059.3710 2.2665 -7.4005 0.0764
1770392059.3839 0.8322 0.4730 -1.5716
1770392059.3954 0.0388 9.1095 -3.7383
1770392059.4078 1.6867 -11.6425 -2.4261
1770392059.4194 0.5270 2.3651 0.1069
1770392059.4313 3.3041 10.3607 3.7079
1770392059.4436 -1.8533 -13.3514 4.9286
1770392059.4559 2.7548 3.2501 1.0834
1770392059.4670 -1.3040 6.6071 -1.0223
1770392059.4793 1.9003 -5.3864 0.8393
1770392059.4917 -0.9988 4.1046 -1.2054
1770392059.5039 2.4496 -0.9918 -3.8604
1770392059.5150 0.5576 2.3651 -1.2664
1770392059.5272 1.9919 6.0883 2.5178
1770392059.5395 2.3276 -7.6141 3.0366
1770392059.5517 0.4660 3.2501 -1.2054
1770392059.5640 1.2289 3.2196 -4.6539
1770392059.5753 -0.5411 -8.8348 -2.3040
1770392059.5879 -0.9683 1.3886 -0.9918
1770392059.5994 2.1445 -0.6561 -5.0506
1770392059.6120 -0.6021 -1.3275 -4.2877
1770392059.6231 4.8300 9.3231 1.4496
1770392059.6355 1.7783 -7.6141 0.4426
1770392059.6477 2.2971 0.5341 0.9308
1770392059.6600 1.0764 7.5836 1.4191
1770392059.6711 -0.9073 -6.6376 -1.0223
1770392059.6837 -2.2501 8.8348 -0.3509
1770392059.6951 -0.6631 6.9122 -5.3863
1770392059.7074 0.4965 -10.1471 -2.6397
1770392059.7195 -0.2664 -5.4169 1.0224
1770392059.7318 2.5412 1.2360 1.9684
1770392059.7431 0.0998 2.8839 2.2126
1770392059.7554 -1.9449 -2.9449 0.3205
1770392059.7674 -4.2032 1.6022 -1.5716
1770392059.7792 -2.5247 5.3864 -0.5950
1770392059.7917 -0.7547 0.1984 4.5319
1770392059.8041 -0.3885 3.3722 4.2573
1770392059.8157 -3.9285 0.5951 0.3815
1770392059.8279 -2.1890 1.0223 -1.2054
1770392059.8393 2.8464 1.0223 -0.7171
1770392059.8516 -0.2664 0.7172 1.1750
1770392059.8638 -1.3345 -2.9755 0.2900
1770392059.8752 3.4262 -1.9379 -0.2899
1770392059.8879 -1.7618 6.8512 -2.3651
1770392059.8991 -1.0599 -2.7008 -3.8299
1770392059.9114 -1.0294 -4.6234 -2.5176
1770392059.9238 -0.0528 2.5177 0.5646
1770392059.9359 -1.7007 -1.9073 2.7924
1770392059.9473 -2.2195 -0.5341 0.0764
1770392059.9597 -3.4708 4.2572 -0.5645
1770392059.9721 -4.5694 -0.7477 1.3581
1770392059.9836 -3.5623 -4.5624 3.0060
1770392059.9963 1.0764 4.7455 0.0458
1770392060.0081 -5.4239 -6.1188 -0.2288
1770392060.0193 9.6213 -9.4452 -6.6985
1770392060.0316 -4.6915 -1.6632 -7.4005
1770392060.0438 10.6589 6.2103 0.8088
1770392060.0560 3.1210 1.0223 8.9875
1770392060.0681 3.3347 -1.8463 6.0578
1770392060.0802 -2.0059 6.9733 2.0905
1770392060.0924 -1.7007 -2.5787 -0.6866
1770392060.1040 2.0834 -3.4332 0.9614
1770392060.1162 -2.2806 7.1564 1.2360
1770392060.1284 3.2126 -4.3488 -2.5482
1770392060.1408 -1.5482 -2.2736 -2.3956
1770392060.1521 1.5036 -0.6256 -2.3651
1770392060.1645 0.3134 1.6327 -0.8087
1770392060.1758 2.1750 -1.4496 -0.2593
1770392060.1884 4.3723 -0.0763 2.7314
1770392060.2005 5.5319 4.1351 1.6328
1770392060.2119 8.9194 7.4005 -2.3651
1770392060.2241 12.0016 5.6610 -6.6070
1770392060.2366 5.3183 0.5035 -4.9896
1770392060.2487 4.5248 -0.1984 -2.5482
1770392060.2599 -8.8113 -5.4169 1.9379
1770392060.2722 -0.0223 -0.2594 6.1188
1770392060.2846 -10.7645 -6.1798 7.1564
1770392060.2959 0.0082 2.5787 2.1210
1770392060.3082 -3.3487 0.5951 0.1679
1770392060.3204 -1.5787 -2.5482 -1.9683
1770392060.3318 -0.8463 -1.6327 -1.9988
1770392060.3444 -0.6021 -3.2806 3.6774
1770392060.3568 -4.2642 -1.6632 6.2714
1770392060.3679 -3.2266 -2.8839 3.7995
1770392060.3803 -0.0223 -0.4120 1.7243
1770392060.3928 -2.4637 0.0458 -0.9918
1770392060.4043 1.0764 -1.3275 -2.8228
1770392060.4165 0.7101 -1.1444 -0.8392
1770392060.4287 0.8627 -2.1210 1.0834
1770392060.4406 -1.4261 4.3793 1.6328
1770392060.4528 -2.3416 -2.2125 1.2665
1770392060.4640 -1.9144 2.1210 0.5341
1770392060.4764 -2.1280 3.8300 -1.5106
1770392060.4888 -2.0364 -1.5411 -2.4566
1770392060.5000 -1.6702 -1.4801 -1.0528
1770392060.5122 -2.5858 6.2408 2.5788
1770392060.5245 -2.0670 -2.7924 3.6164
1770392060.5368 -1.3040 -14.6332 3.3112
1770392060.5480 1.2595 -3.1891 -1.6631
1770392060.5602 3.9755 4.7455 -2.1514
1770392060.5726 0.6491 3.1891 1.0529
1770392060.5840 3.0600 -12.2833 -0.8697
1770392060.5964 1.9003 -1.8768 -1.5716
1770392060.6086 0.8322 1.9684 -5.3253
1770392060.6208 -0.2359 -14.8468 -1.1749
1770392060.6321 -3.6539 9.4147 2.9145
1770392060.6445 -1.1209 3.9825 1.0224
1770392060.6571 -5.6375 -7.4921 3.8300
1770392060.6686 2.7243 7.6447 5.3864
1770392060.6808 -3.8065 -7.1869 -0.7781
1770392060.6921 0.5576 2.4567 -3.4026
1770392060.7044 3.6398 9.7504 -4.6844
1770392060.7169 1.4731 7.9803 -21.2249
1770392060.7281 12.4289 2.1210 -22.1404
1770392060.7408 -8.8724 -7.0038 -6.1492
1770392060.7520 -3.8065 -0.2594 -21.9268
1770392060.7644 8.0649 -3.3417 -29.4647
1770392060.7766 -7.8653 -4.7455 -9.4451
1770392060.7880 -1.4261 -7.0343 -5.7830
1770392060.8001 0.0388 0.5646 -5.7830
1770392060.8125 0.3745 -1.6937 -1.1443
1770392060.8246 1.5341 -1.0834 0.3815
1770392060.8370 1.0458 4.1656 1.5412
1770392060.8480 -0.3275 -0.3815 3.3723
1770392060.8602 0.1608 -1.0834 2.3957
1770392060.8724 -1.7618 2.5787 1.0529
1770392060.8847 -0.3275 -0.0458 1.2360
1770392060.8968 -0.9378 0.4120 0.7477
1770392060.9080 0.5881 -0.0458 0.5036
1770392060.9201 0.5270 0.5341 0.7477
1770392060.9325 1.1984 0.0763 0.2289
1770392060.9447 -0.6326 -0.1984 -0.3509
1770392060.9570 -0.3580 0.4425 -0.6561
1770392060.9683 -0.7852 0.7172 -0.5645
1770392060.9800 -0.4800 -0.5951 -0.3509
1770392060.9925 0.2524 -1.9379 -0.1678
1770392061.0042 0.5576 1.0529 -0.9002
1770392061.0164 0.4965 -0.3510 -1.8157
1770392061.0289 -0.4190 -1.5717 -2.1514
1770392061.0402 -0.1138 1.8158 -0.0762
1770392061.0526 -1.1209 -0.3510 4.1962
1770392061.0649 -0.0528 -1.4801 4.4709
1770392061.0761 -0.2969 0.4730 0.2595
1770392061.0884 0.9238 -0.1068 -2.7313
1770392061.1006 0.4355 0.0458 -2.6397
1770392061.1128 0.0388 -0.1373 -1.0223
1770392061.1250 -0.3275 -0.8087 0.2595
1770392061.1363 -0.3885 1.2360 -0.1067
1770392061.1486 -0.3885 -0.1068 0.1679
1770392061.1609 0.0693 -0.5341 0.1679
1770392061.1721 0.2829 0.5951 0.3510
1770392061.1843 0.2829 -0.6561 -0.3509
1770392061.1960 0.0388 -0.0458 -0.8697
1770392061.2086 0.0082 -0.1984 -0.7781
1770392061.2209 -0.2359 -0.1373 -0.1983
1770392061.2322 -0.2969 0.2594 -0.1067
1770392061.2445 -0.1749 -0.3815 1.4802
1770392061.2567 0.0388 -0.2289 1.1750
1770392061.2683 0.0082 0.7477 -0.0152
1770392061.2806 0.2219 -0.5951 -0.7781
1770392061.2929 0.0082 -0.1984 -0.3814
1770392061.3044 -0.2054 0.0763 -0.4424
1770392061.3166 0.0082 -0.4120 -0.6561
1770392061.3288 0.1303 0.2289 -0.7171
1770392061.3401 0.0388 0.1984 -0.4424
1770392061.3524 -0.0833 0.0153 -0.0152
1770392061.3647 -0.0223 0.0153 0.6562
1770392061.3764 -0.1443 -0.1068 0.5341
1770392061.3890 -0.2664 0.2289 0.4426
1770392061.4005 -0.1443 0.0763 0.1679
1770392091.0376 -0.2054 0.0153 -0.0762
1770392091.0489 -0.0223 -0.1373 0.1069
1770392091.0609 0.0388 0.0763 -0.2288
1770392091.0730 0.1608 0.2899 -0.1067
1770392091.0850 -0.0833 0.0153 -0.1678
1770392091.0971 -0.2054 -0.1068 0.0458
1770392091.1091 0.0082 -0.3204 0.0458
1770392091.1212 -0.2664 0.0153 -0.5035
1770392091.1332 -0.2054 0.1068 -0.3509
1770392091.1454 -0.1749 -0.1068 0.0764
1770392091.1574 -0.0528 0.0763 0.1069
1770392091.1694 -0.2664 0.0763 -0.1983
1770392091.1814 -0.3275 -0.0458 0.2595
1770392091.1935 -0.1443 -0.0763 -0.0152
1770392091.2056 0.1608 -0.1373 0.0153
1770392091.2166 -0.0833 -0.0458 0.2289
1770392091.2287 0.0998 0.1984 0.1984
1770392091.2409 -0.2359 -0.1984 0.1069
1770392091.2529 -0.0833 -0.0763 -0.3204
1770392091.2651 -0.0223 0.2899 -0.1983
1770392091.2771 0.0388 -0.1678 -0.0457
1770392091.2892 0.0082 -0.0458 -0.0152
1770392091.3012 0.0388 0.0153 0.1069
1770392091.3132 -0.0223 0.1373 -0.1067
1770392091.3252 -0.0528 0.0458 -0.0457
1770392091.3373 0.0998 -0.0458 -0.1983
1770392091.3493 0.0388 -0.1678 -0.1067
1770392091.3612 -0.0528 0.1678 0.0764
1770392091.3735 -0.0223 0.1984 -0.0457
1770392091.3847 0.1303 -0.2289 0.0458
1770392091.3968 -0.1138 -0.0458 0.0764
1770392091.4089 -0.0528 -0.1984 -0.1067
1770392091.4210 0.1608 0.0763 -0.2899
1770392091.4334 -0.1749 -0.0153 -0.0152
1770392091.4455 0.0388 0.1068 -0.0762
1770392091.4576 -0.0833 0.1373 -0.4119
1770392091.4696 -0.1443 0.1068 -0.0457
1770392091.4816 -0.0833 -0.1068 -0.1678
1770392091.4927 -0.0528 -0.0153 0.0764
1770392091.5058 -0.2359 0.0763 0.0458
1770392091.5168 -0.0223 0.0763 0.1679
1770392091.5289 -0.1443 -0.0153 0.1984
1770392091.5412 0.0388 -0.0763 0.1374
1770392091.5532 -0.2359 -0.0458 0.0764
1770392091.5652 -0.0833 0.1678 0.3815
1770392091.5786 -0.1443 0.1373 -0.1373
1770392091.5887 -0.2664 -0.0763 0.0153
1770392091.6010 0.0998 0.1068 0.2595
1770392091.6133 -0.1749 0.0763 0.0764
1770392091.6255 0.0998 -0.1678 0.0153
1770392091.6376 -0.0528 0.2594 0.0153
1770392091.6497 -0.1138 -0.1068 -0.1067
1770392091.6607 -0.0528 -0.1373 0.0458
1770392091.6728 -0.2359 -0.0153 -0.1373
1770392091.6847 -0.1749 -0.1678 -0.1373
1770392091.6968 0.1913 -0.0153 -0.0457
1770392091.7088 0.0082 -0.2594 0.1374
1770392091.7208 0.0388 0.1373 -0.0762
1770392091.7328 0.0693 0.1373 0.0458
1770392091.7448 -0.2054 0.1068 -0.0762
1770392091.7567 -0.1138 0.0153 0.0153
1770392091.7688 0.0082 -0.0458 0.1679
1770392091.7813 -0.1749 0.0763 0.1069
1770392091.7936 -0.1443 -0.2594 0.0458
1770392091.8056 -0.0223 0.1984 -0.0457
1770392091.8176 -0.0223 0.1068 0.0153
1770392091.8296 -0.0528 -0.0153 -0.1678
1770392091.8417 0.0388 0.1068 -0.4119
1770392091.8537 -0.0833 0.2594 0.2289
1770392091.8658 -0.0223 -0.0763 -0.0152
1770392091.8778 -0.1443 0.1068 0.0764
1770392091.8889 0.0388 -0.0458 -0.0457
1770392091.9008 -0.3275 0.1373 0.2289
1770392091.9129 -0.1443 -0.1068 0.0764
1770392091.9249 -0.0223 0.0458 -0.2593
1770392091.9370 -0.1443 -0.0763 0.2900
1770392091.9490 -0.0833 0.1373 -0.0152
1770392091.9610 -0.1443 -0.0458 0.0153
1770392091.9731 -0.0528 -0.1678 0.0153
1770392091.9856 0.0082 -0.0153 0.1069
1770392091.9978 -0.1443 -0.1678 0.2289
1770392092.0101 -0.0528 0.2289 -0.0152
1770392092.0213 -0.0223 -0.0153 -0.0457
1770392092.0335 -0.2969 0.1068 0.0458
1770392092.0455 -0.0833 0.0153 -0.0457
1770392092.0575 0.0693 -0.2594 -0.1678
1770392092.0695 -0.1138 0.0763 -0.2288
1770392092.0815 0.0082 -0.0153 -0.0152
1770392092.0936 0.0082 0.0763 -0.2593
1770392092.1056 -0.2359 -0.0458 0.2900
1770392092.1176 0.0693 0.1068 -0.1983
1770392092.1297 -0.3580 -0.0153 0.1069
1770392092.1418 -0.0528 0.1068 0.2595
1770392092.1534 -0.0223 0.0153 -0.2288
1770392092.1656 0.0693 0.0458 -0.0152
1770392092.1772 -0.0528 -0.0153 -0.1067
1770392092.1901 -0.0528 -0.0458 0.3815
1770392092.2021 0.0693 -0.0763 -0.1067
1770392092.2134 -0.1443 0.0458 -0.3204
1770392092.2255 -0.0833 0.0763 -0.1678
1770392092.2375 -0.0528 -0.1373 0.1374
1770392092.2495 0.0998 -0.1373 0.0153
1770392092.2615 -0.0833 0.0153 -0.0762
1770392092.2736 -0.2359 0.0153 0.0764
1770392092.2856 0.0388 0.0153 0.1374
1770392092.2977 -0.2054 -0.1984 -0.1067
1770392092.3096 -0.3275 -0.1068 0.0458
1770392092.3216 0.0388 -0.1373 0.0458
1770392092.3337 0.0998 -0.1068 -0.1373
1770392092.3457 -0.0528 0.0763 0.1984
1770392092.3577 -0.0528 -0.0763 0.0153
1770392092.3699 0.0998 -0.1068 -0.1678
1770392092.3818 -0.0528 0.0763 0.2289
1770392092.3942 -0.0528 0.0153 -0.1067
1770392092.4051 -0.2054 -0.0458 0.0764
1770392092.4182 -0.1749 0.1373 -0.0762
1770392092.4301 0.1608 -0.1373 -0.1983
1770392092.4422 -0.0528 0.0153 -0.1373
1770392092.4531 -0.1749 -0.0153 -0.2593
1770392092.4652 -0.0528 -0.0763 -0.0152
1770392092.4781 -0.2054 0.1373 0.2289
1770392092.4892 0.0082 0.0153 -0.3204
1770392092.5012 -0.0528 0.3815 0.0153
1770392092.5132 0.0082 -0.0153 0.0764
1770392092.5264 -0.0223 -0.1068 -0.1983
1770392092.5384 -0.0223 0.1373 -0.0762
1770392092.5504 -0.0528 -0.2289 0.0764
1770392092.5624 -0.0223 0.0153 -0.0762
1770392092.5745 -0.0833 -0.1373 -0.2288
1770392092.5857 0.0998 -0.1678 -0.0762
1770392092.5976 0.0693 0.0153 0.3205
1770392092.6097 0.0082 0.0763 -0.0457
1770392092.6217 0.0082 0.1678 -0.1983
1770392092.6338 -0.0223 -0.0153 -0.0152
1770392092.6457 -0.1138 0.0153 -0.0457
1770392092.6577 -0.3275 0.1678 0.1374
1770392092.6698 -0.0223 0.0153 -0.2899
1770392092.6818 -0.1138 0.0153 -0.0762
1770392092.6938 0.0082 -0.1068 0.1679
1770392092.7058 0.1303 0.1373 -0.1067
1770392092.7178 -0.1443 0.0458 -0.0762
1770392092.7298 0.1303 -0.2289 0.1069
1770392092.7418 0.1913 -0.2289 0.2289
1770392092.7539 -0.2969 -0.0763 0.0458
1770392092.7659 -0.1443 -0.1373 -0.0152
1770392092.7780 -0.0528 -0.1678 0.0764
1770392092.7901 0.0082 -0.0763 -0.0152
1770392092.8021 -0.1749 -0.1068 -0.1678
1770392092.8141 -0.1443 0.0763 0.0153
1770392092.8261 -0.0528 -0.1984 -0.1373
1770392092.8381 -0.1749 -0.0153 0.0153
1770392092.8502 -0.1443 -0.0153 0.1069
1770392092.8621 -0.2054 -0.0763 0.0153
1770392092.8741 0.0082 -0.0763 -0.2288
1770392092.8862 -0.0528 -0.1373 -0.2899
1770392092.8982 -0.1443 0.0763 -0.2899
1770392092.9102 -0.0833 0.1678 0.2289
1770392092.9222 -0.2054 0.0458 -0.2288
1770392092.9343 0.0388 0.0458 0.0153
1770392092.9463 -0.0528 0.0458 0.0153
1770392092.9582 -0.3275 0.0153 -0.0457
1770392092.9703 0.0693 -0.1068 0.0458
1770392092.9825 -0.1138 0.1373 0.0458
1770392092.9937 -0.4190 -0.1068 -0.0457
1770392093.0058 -0.0528 0.0153 -0.1373
1770392093.0179 -0.2359 -0.1373 0.0153
1770392093.0300 -0.1138 -0.1068 0.0458
1770392093.0421 -0.0528 -0.0153 -0.2288
1770392093.0544 0.0388 -0.0153 -0.1678
1770392093.0666 0.0998 0.2289 -0.0152
1770392093.0776 -0.2054 0.1678 0.1679
1770392093.0899 -0.1749 0.1984 0.1984
1770392093.1021 -0.1749 0.0763 -0.0457
1770392093.1142 0.0082 -0.1068 0.1374
1770392093.1262 -0.3580 0.2289 -0.1983
1770392093.1382 -0.0223 0.0458 -0.0762
1770392093.1502 -0.0528 -0.0763 -0.0457
1770392093.1622 0.0082 0.2289 -0.0762
1770392093.1747 -0.2054 0.1373 0.3205
1770392093.1861 -0.1749 -0.0458 0.1679
1770392093.1983 0.0693 0.1984 -0.0152
1770392093.2103 -0.2054 -0.0458 -0.0457
1770392093.2223 -0.0528 0.0763 0.1984
1770392093.2347 -0.1443 0.0458 0.1374
1770392093.2456 -0.0223 0.0153 0.1069
1770392093.2577 0.0082 -0.0458 0.0153
1770392093.2697 -0.3885 -0.0763 -0.0152
1770392093.2817 -0.2664 -0.0458 -0.3204
1770392093.2939 -0.0528 0.1984 -0.0152
1770392093.3061 0.0388 0.0153 0.0764
1770392093.3181 -0.1138 -0.0458 -0.1067
1770392093.3303 0.0693 -0.0458 0.1984
1770392093.3423 0.0388 0.0458 0.0153
1770392093.3543 -0.0833 0.0763 0.0153
1770392093.3664 0.0998 -0.1068 -0.0762
1770392093.3789 -0.0833 -0.1373 -0.3509
1770392093.3905 -0.2359 0.1068 -0.2899
1770392093.4021 0.1608 0.1068 -0.0152
1770392093.4142 -0.2664 -0.0153 -0.0762
1770392093.4264 -0.2054 0.1373 0.1679
1770392093.4384 -0.2054 0.1068 0.0153
1770392093.4505 0.0998 0.0153 -0.1373
1770392093.4625 0.0998 -0.1068 -0.1067
1770392093.4745 -0.1443 -0.0458 -0.0762
1770392093.4865 0.2524 -0.3204 0.1679
1770392093.4986 0.0998 0.2289 0.0458
1770392093.5106 -0.2969 0.0153 -0.0152
1770392093.5227 0.1913 0.1068 -0.1983
1770392093.5345 -0.0833 -0.0763 -0.1373
1770392093.5466 -0.2359 -0.1373 -0.2899
1770392093.5586 -0.0833 0.0763 0.0764
1770392093.5706 -0.0223 -0.1068 0.1069
1770392093.5827 -0.1443 0.0763 -0.0762
1770392093.5948 -0.0528 -0.1678 -0.1067
1770392093.6068 -0.2359 0.2289 -0.3204
1770392093.6178 -0.1749 0.0458 0.0764
1770392093.6299 -0.4495 -0.1373 -0.0762
1770392093.6419 0.0388 -0.1373 -0.2899
1770392093.6538 -0.1443 0.2594 0.2900
1770392093.6659 -0.0528 0.0763 -0.0457
1770392093.6778 -0.0223 0.1678 0.1374
1770392093.6898 -0.0528 -0.0763 -0.3204
1770392093.7028 -0.1138 0.1068 -0.1678
1770392093.7148 0.0082 -0.0458 -0.1678
1770392093.7259 -0.0833 0.0153 0.0153
1770392093.7379 -0.0223 -0.0153 -0.0152
1770392093.7498 -0.1749 0.0763 -0.2593
1770392093.7628 -0.1749 -0.0763 0.0153
1770392093.7749 -0.2664 -0.0458 -0.2288
1770392093.7861 -0.2664 0.0153 -0.0152
1770392093.7980 -0.0528 0.0763 0.2900
1770392093.8101 -0.0833 0.1068 0.1984
1770392093.8222 -0.2054 -0.1984 -0.0762
1770392093.8342 0.0998 0.3510 0.2289
1770392093.8462 0.1303 -0.0153 -0.1067
1770392093.8584 -0.0528 0.0153 -0.1678
1770392093.8705 0.0388 -0.1068 -0.1983
1770392093.8824 -0.0223 0.1678 -0.2288
1770392093.8944 0.0388 0.0153 -0.2899
1770392093.9068 0.0082 -0.0763 -0.0152
1770392093.9178 -0.0223 0.1984 0.1374
1770392093.9308 -0.1443 -0.0458 -0.0152
1770392093.9428 0.2524 0.0153 -0.1678
1770392093.9548 0.0998 0.0458 -0.1983
1770392093.9658 -0.2054 0.0763 -0.0457
1770392093.9779 -0.0223 -0.0153 -0.0152
1770392093.9902 -0.0528 0.2594 0.1679
1770392094.0024 0.0998 -0.0153 -0.0152
1770392094.0144 -0.2664 -0.1373 -0.0762
1770392094.0265 -0.0833 0.0763 -0.0457
1770392094.0385 0.1913 0.0763 0.1679
1770392094.0505 0.0082 -0.0153 -0.0457
1770392094.0625 -0.0528 0.0763 0.1069
1770392094.0745 0.2524 -0.0763 0.1374
1770392094.0866 -0.2054 0.2899 -0.2288
1770392094.0988 -0.0223 0.3204 0.0764
1770392094.1108 -0.1443 0.1678 -0.1067
1770392094.1228 -0.2359 0.0153 0.0764
1770392094.1348 0.1303 -0.0763 -0.1678
1770392094.1469 -0.1138 -0.0763 -0.1067
1770392094.1588 0.1303 -0.0458 0.1374
1770392094.1709 0.0082 0.0458 -0.1373
1770392094.1824 -0.3580 -0.1678 -0.2593
1770392094.1946 -0.0528 -0.0458 -0.0762
1770392094.2068 -0.2664 -0.0153 -0.0762
1770392094.2190 -0.1138 0.2594 -0.0457
1770392094.2300 -0.0528 -0.1678 -0.1067
1770392094.2424 -0.3580 0.0763 -0.1373
1770392094.2545 0.3745 -0.2289 -0.0152
1770392094.2669 0.0388 0.0153 0.1374
1770392094.2789 0.0998 -0.0458 0.2289
1770392094.2901 0.0693 0.0763 -0.1067
1770392094.3024 0.0082 0.1068 -0.1067
1770392094.3146 0.1303 -0.0763 0.2289
1770392094.3267 -0.2054 0.0458 -0.3814
1770392094.3389 -0.2664 0.0153 0.1679
1770392094.3499 0.0998 0.1068 0.1679
1770392094.3622 -0.0528 -0.1068 -0.1678
1770392094.3744 -0.1138 0.1984 -0.0457
1770392094.3860 -0.0833 0.0153 -0.1373
1770392094.3981 0.0082 0.0763 0.0153
1770392094.4101 -0.1443 0.1678 0.0153
1770392094.4221 0.0388 -0.1984 0.1069
1770392094.4340 -0.1749 -0.3204 -0.0152
1770392094.4460 0.0998 -0.1984 -0.1067
1770392094.4581 -0.0833 -0.1678 0.0458
1770392094.4702 -0.1749 -0.2899 0.1374
1770392094.4823 0.0082 0.1678 -0.0152
1770392094.4944 0.0693 -0.0458 -0.1067
1770392094.5065 -0.3580 0.0153 0.1069
1770392094.5185 -0.0833 -0.0458 0.1984
1770392094.5305 -0.0528 -0.0153 0.0458
1770392094.5426 -0.1138 0.1373 -0.2288
1770392094.5547 -0.1138 0.0153 0.0458
1770392094.5668 0.0082 0.1984 -0.1678
1770392094.5791 -0.1443 0.0763 -0.1983
1770392094.5901 -0.0833 0.1984 0.1679
1770392094.6022 -0.2054 0.2594 -0.0152
1770392094.6141 -0.2664 -0.0153 -0.1067
1770392094.6262 -0.1138 0.0458 0.0458
1770392094.6382 -0.0223 0.0458 0.1069
1770392094.6503 -0.1749 -0.0763 0.0458
1770392094.6623 0.0693 0.0153 0.2900
1770392094.6743 -0.0833 -0.1068 0.1374
1770392094.6866 0.0693 0.2289 -0.0152
1770392094.6986 0.0082 -0.1678 0.0764
1770392094.7105 0.0388 0.0153 0.0458
1770392094.7226 0.0082 0.2899 -0.1067
1770392094.7346 -0.0528 -0.0153 0.1374
1770392094.7467 -0.2664 -0.0153 0.0764
1770392094.7586 -0.2664 0.0763 0.1069
1770392094.7707 -0.2359 0.1068 -0.0152
1770392094.7825 -0.0528 0.0153 -0.0762
1770392094.7946 -0.1138 0.0458 -0.2593
1770392094.8066 -0.1749 0.1068 0.0153
1770392094.8185 0.0082 -0.1068 0.0764
1770392094.8305 -0.1138 -0.0153 0.1984
1770392094.8426 -0.2054 0.0153 0.1374
1770392094.8544 -0.4190 0.0763 -0.1067
1770392094.8666 0.0082 -0.0763 0.0153
1770392094.8785 0.0998 -0.1678 -0.1983
1770392094.8905 -0.1749 -0.1373 0.0458
1770392094.9025 0.0388 0.0458 -0.2288
1770392094.9144 -0.0833 0.0153 -0.1983
1770392094.9265 -0.0833 -0.1068 -0.0762
1770392094.9384 0.0388 0.0458 -0.0762
1770392094.9504 -0.1749 0.0153 -0.1678
1770392094.9624 -0.0223 -0.1984 -0.1678
1770392094.9747 0.0082 -0.0153 0.1984
1770392094.9870 -0.1443 0.1068 0.1374
1770392094.9990 0.0082 0.0153 -0.2288
1770392095.0110 -0.2054 0.0153 -0.0457
1770392095.0230 -0.1138 -0.1984 -0.0762
1770392095.0350 -0.2359 0.0458 -0.0762
1770392095.0471 -0.1138 0.0458 0.0458
1770392095.0592 0.0998 0.1068 0.2289
1770392095.0703 -0.1138 0.0763 -0.0457
1770392095.0825 -0.1749 -0.0763 0.0153
1770392095.0946 -0.0223 0.0763 0.0764
1770392095.1069 -0.2359 0.0763 -0.1678
1770392095.1183 0.0082 -0.0763 -0.1067
1770392095.1311 -0.1749 0.0458 -0.1678
1770392095.1432 0.0693 0.1068 -0.1067
1770392095.1548 0.0693 0.0763 0.1069
1770392095.1664 0.0388 -0.1984 0.1069
1770392095.1784 -0.0833 0.1373 0.0764
1770392095.1908 -0.0528 -0.0763 -0.1067
1770392095.2022 -0.1443 0.0153 0.1374
1770392095.2142 -0.1138 0.0458 0.0458
1770392095.2263 0.1913 0.0153 -0.1373
1770392095.2384 -0.0223 -0.0458 -0.3509
1770392095.2504 0.0082 0.1373 0.0764
1770392095.2624 -0.0223 0.1373 -0.1373
1770392095.2744 -0.1749 0.1373 -0.1067
1770392095.2864 -0.0833 -0.1068 -0.1067
1770392095.2985 0.0693 0.1373 0.1374
1770392095.3106 -0.1138 -0.0763 -0.2288
1770392095.3226 -0.1749 0.1068 0.3510
1770392095.3346 0.0082 -0.0153 -0.2593
1770392095.3469 -0.0223 -0.1373 -0.0762
1770392095.3589 -0.1138 0.2289 -0.0762
1770392095.3710 -0.1443 0.0458 -0.1373
1770392095.3832 -0.1138 0.1373 0.0458
1770392095.3953 0.0693 -0.1068 0.1069
1770392095.4062 -0.1443 -0.0458 -0.1678
1770392095.4193 -0.1138 0.0763 0.1069
1770392095.4312 -0.0223 -0.1068 -0.3204
1770392095.4423 -0.1749 -0.0458 -0.2288
1770392095.4543 0.1303 0.0458 -0.2288
1770392095.4666 0.2219 0.3510 0.1069
1770392095.4785 0.0693 0.1068 -0.1067
1770392095.4906 -0.2054 0.1984 -0.0152
1770392095.5026 -0.2359 -0.0153 -0.1678
1770392095.5146 -0.0223 0.1373 0.1374
1770392095.5266 -0.0528 -0.1678 0.0458
1770392095.5387 -0.2054 -0.1984 0.1679
1770392095.5506 -0.2054 -0.1373 -0.0152
1770392095.5627 -0.0833 0.2289 -0.2288
1770392095.5747 -0.3275 0.3510 -0.1067
1770392095.5869 0.0693 -0.2289 0.0764
1770392095.5989 0.0082 -0.0458 -0.0457
1770392095.6108 -0.3580 0.1068 0.0458
1770392095.6228 -0.0528 0.0763 -0.2288
1770392095.6349 -0.0833 -0.1678 0.1679
1770392095.6468 0.0998 0.1373 0.0458
1770392095.6590 -0.0833 -0.1068 0.0458
1770392095.6709 0.0082 0.1373 -0.1983
1770392095.6830 -0.0833 0.1068 -0.0152
1770392095.6950 0.1608 -0.0153 -0.0152
1770392095.7071 -0.3275 -0.0153 -0.2288
1770392095.7191 -0.0528 -0.0458 -0.1373
1770392095.7311 0.2219 -0.0153 -0.1678
1770392095.7432 0.0082 0.1984 0.0458
1770392095.7548 -0.2054 0.1984 -0.2288
1770392095.7669 -0.3580 -0.1984 0.1069
1770392095.7792 0.1913 0.0458 0.0764
1770392095.7905 -0.1749 0.1068 -0.0152
1770392095.8028 -0.2969 0.1068 -0.0152
1770392095.8150 0.0998 0.1373 0.0458
1770392095.8274 0.0082 -0.0458 0.2595
1770392095.8386 0.0998 -0.0153 0.0458
1770392095.8513 0.2829 -0.1678 -0.1983
1770392095.8625 -0.2054 -0.0458 0.0764
1770392095.8748 0.0388 0.1068 -0.0152
1770392095.8869 -0.0528 0.0763 0.1984
1770392095.8991 0.1303 0.1373 -0.0152
1770392095.9111 -0.1749 -0.0153 -0.0457
1770392095.9232 0.0693 -0.0153 -0.1067
1770392095.9353 -0.2664 -0.1678 -0.1983
1770392095.9473 -0.3885 0.1373 -0.2288
1770392095.9593 -0.0833 0.1068 -0.0457
1770392095.9713 0.0693 -0.0458 -0.1678
1770392095.9828 0.0082 0.1984 -0.1678
1770392095.9944 -0.0833 -0.0153 -0.0152
1770392096.0069 0.0082 -0.0458 -0.2288
1770392096.0192 0.0082 0.0763 0.0458
1770392096.0311 -0.1138 0.1984 0.1069
1770392096.0431 -0.0528 0.1984 -0.1678
1770392096.0551 -0.2664 -0.0153 0.0153
1770392096.0671 0.0693 -0.0458 0.2595
1770392096.0792 -0.0833 0.1373 0.1374
1770392096.0913 -0.0833 -0.1373 -0.2288
1770392096.1032 -0.0833 -0.1984 -0.0457
1770392096.1153 -0.3275 0.2594 0.0458
1770392096.1266 0.0998 -0.1068 -0.1678
1770392096.1389 0.0388 -0.0763 0.0764
1770392096.1510 0.1303 -0.0763 0.0764
1770392096.1630 -0.0528 0.0458 -0.1373
1770392096.1751 -0.2359 -0.0153 -0.3509
1770392096.1865 -0.1443 0.0763 0.1374
1770392096.1986 -0.1749 -0.0458 -0.0457
1770392096.2106 0.0388 0.0458 -0.1067
1770392096.2227 -0.1749 0.1373 0.0153
1770392096.2348 0.0998 -0.1068 -0.0457
1770392096.2470 -0.1138 -0.0763 -0.0762
1770392096.2591 -0.1138 -0.0458 -0.0762
1770392096.2711 -0.1749 0.2289 -0.1373
1770392096.2832 -0.0833 0.1373 -0.2288
1770392096.2953 -0.0833 0.0153 0.2289
1770392096.3074 -0.0223 0.0153 -0.0457
1770392096.3184 -0.1443 -0.0763 -0.0152
1770392096.3316 -0.0833 -0.0763 -0.1678
1770392096.3426 -0.0833 0.1068 0.1374
1770392096.3548 0.0082 -0.0153 -0.1983
1770392096.3669 -0.3580 0.4425 0.0458
1770392096.3791 0.0998 0.0458 0.0153
1770392096.3914 -0.0528 -0.0153 -0.5035
1770392096.4033 -0.0833 0.0763 -0.0762
1770392096.4154 -0.2054 -0.0153 0.0458
1770392096.4275 -0.0833 0.1678 -0.1983
1770392096.4394 -0.1443 0.0153 -0.1067
1770392096.4515 -0.1138 -0.1678 -0.2288
1770392096.4634 -0.0528 -0.0458 0.0153
1770392096.4755 -0.0833 -0.2289 -0.0152
1770392096.4875 -0.0833 -0.0153 0.0764
1770392096.4995 0.0998 0.0458 -0.1373
1770392096.5105 -0.1138 -0.1678 0.0153
1770392096.5236 -0.0833 -0.0153 -0.2593
1770392096.5346 -0.2359 0.0763 0.1679
1770392096.5466 0.0388 -0.1068 -0.1983
1770392096.5586 0.2219 -0.0153 -0.0457
1770392096.5706 0.0082 0.2899 0.1374
1770392096.5830 0.0082 0.0153 0.1984
1770392096.5951 0.0082 0.0458 -0.0457
1770392096.6071 0.1913 -0.0153 -0.3204
1770392096.6192 0.0388 -0.1068 -0.0762
1770392096.6311 -0.1138 -0.0153 -0.1983
1770392096.6432 -0.1138 0.1678 0.0458
1770392096.6552 0.0998 -0.1068 -0.0762
1770392096.6672 0.2219 -0.1068 0.0764
1770392096.6791 0.0082 -0.0153 -0.2288
1770392096.6912 0.0693 -0.1984 0.0764
1770392096.7031 -0.0223 -0.0763 -0.0152
1770392096.7152 -0.2969 -0.1068 -0.0457
1770392096.7272 -0.0833 0.1373 0.1374
1770392096.7392 0.0998 -0.0458 0.0153
1770392096.7512 0.1303 0.0153 0.0153
1770392096.7633 -0.0223 0.1068 0.1374
1770392096.7754 -0.0528 0.1373 0.1984
1770392096.7867 -0.1443 0.1068 0.2289
1770392096.7987 0.0998 0.0458 0.1984
1770392096.8108 -0.0223 -0.0458 -0.2899
1770392096.8227 -0.2054 0.0763 0.0764
1770392096.8348 -0.1138 0.0458 -0.1373
1770392096.8468 -0.1749 0.1373 -0.1983
1770392096.8588 -0.1138 0.0458 -0.0762
1770392096.8709 -0.0528 0.0763 -0.2899
1770392096.8829 -0.0833 0.1373 -0.0457
1770392096.8950 -0.1138 0.1068 0.0458
1770392096.9071 -0.0528 0.1373 0.0764
1770392096.9190 0.0388 -0.1678 0.1069
1770392096.9311 0.0388 0.0458 -0.1983
1770392096.9431 0.0693 0.0458 0.1069
1770392096.9551 -0.1443 -0.0763 0.2289
1770392096.9672 -0.1138 -0.0763 -0.0152
1770392096.9796 -0.1749 0.0458 0.0764
1770392096.9909 -0.0223 -0.0458 -0.1067
1770392097.0029 -0.0223 0.1373 0.1679
1770392097.0151 -0.0528 0.1373 -0.0762
1770392097.0272 0.0693 -0.0153 -0.3204
1770392097.0392 -0.1138 0.2899 0.0153
1770392097.0513 -0.0833 0.2594 -0.1678
1770392097.0632 -0.2969 -0.1984 -0.0457
1770392097.0753 0.0388 0.1678 -0.1373
1770392097.0874 -0.1443 0.0763 0.1374
1770392097.0994 0.0693 -0.0458 -0.0762
1770392097.1114 -0.0833 0.1068 -0.1373
1770392097.1235 -0.0223 0.0153 -0.1067
1770392097.1355 -0.1443 0.1068 0.0458
1770392097.1468 0.0082 0.0763 -0.2288
1770392097.1587 -0.1749 -0.0763 -0.1067
1770392097.1709 -0.2054 0.0153 -0.0762
1770392097.1829 -0.1138 0.1068 0.0153
1770392097.1952 -0.0528 0.0763 0.0458
1770392097.2073 -0.0223 0.2594 -0.0457
1770392097.2197 -0.2054 -0.0153 0.1374
1770392097.2309 -0.0528 -0.0458 0.2595
1770392097.2430 -0.1138 0.4120 -0.3204
1770392097.2551 -0.1138 0.1068 -0.0457
1770392097.2670 -0.0528 0.1678 -0.0152
1770392097.2790 0.2524 -0.1068 -0.0152
1770392097.2912 -0.1749 0.0458 0.2289
1770392097.3033 -0.2359 -0.1373 -0.4119
1770392097.3153 0.0388 0.0763 -0.2288
1770392097.3273 0.0998 0.1068 -0.0457
1770392097.3393 0.0388 0.0763 -0.0152
1770392097.3514 -0.0223 0.1068 -0.0152
1770392097.3633 -0.2664 -0.1678 -0.0762
1770392097.3759 -0.2359 0.1984 -0.0762
1770392097.3870 -0.2359 0.1068 -0.3204
1770392097.3994 -0.1443 -0.2594 -0.3509
1770392097.4114 -0.2969 0.1984 -0.0152
1770392097.4234 -0.2054 0.0763 -0.3204
1770392097.4355 -0.0223 0.1373 0.0458
1770392097.4475 -0.0223 -0.0458 -0.1373
1770392097.4595 0.0082 0.1373 -0.0152
1770392097.4716 0.0998 -0.0763 0.1984
1770392097.4837 0.1608 -0.2899 0.0153
1770392097.4958 -0.0528 0.0458 0.1069
1770392097.5068 -0.2664 -0.0763 0.0458
1770392097.5189 -0.0833 0.0458 0.0764
1770392097.5309 -0.0833 0.1068 -0.1373
1770392097.5428 -0.1749 -0.1068 -0.0152
1770392097.5547 0.0082 0.0458 0.1679
1770392097.5669 -0.0223 0.0458 -0.2288
1770392097.5789 -0.0223 0.0458 -0.1678
1770392097.5911 0.1303 -0.2594 -0.1067
1770392097.6030 0.0082 -0.1068 0.0458
1770392097.6150 -0.2359 0.0153 -0.0457
1770392097.6270 -0.0223 0.0153 0.0458
1770392097.6390 -0.0528 0.0153 -0.0152
1770392097.6511 -0.2359 0.0153 -0.1678
1770392097.6630 -0.0223 -0.1068 -0.2288
1770392097.6750 -0.0223 0.1678 -0.1067
1770392097.6871 -0.2969 -0.0153 0.0458
1770392097.6990 0.0388 -0.1373 0.1679
1770392097.7110 -0.1138 0.2899 -0.1373
1770392097.7231 0.0693 -0.1984 0.1374
1770392097.7352 -0.0528 -0.0763 0.0764
1770392097.7472 0.0388 -0.0458 0.0764
1770392097.7592 -0.3885 0.2899 0.1984
1770392097.7714 -0.0833 -0.0458 -0.2899
1770392097.7838 -0.0833 0.1068 -0.1678
1770392097.7960 -0.1138 0.3204 0.0458
1770392097.8082 0.0998 0.0153 0.0458
1770392097.8197 -0.2359 -0.0153 0.2595
1770392097.8318 -0.0833 0.0458 -0.2288
1770392097.8438 0.1608 -0.0153 -0.1067
1770392097.8558 0.0693 -0.1068 0.0458
1770392097.8680 -0.0223 0.1068 0.1374
1770392097.8800 -0.1443 0.0763 0.0458
1770392097.8919 -0.0528 -0.1678 0.2289
1770392097.9040 0.4050 -0.1068 -0.1983
1770392097.9159 -0.1138 -0.0763 0.2595
1770392097.9280 -0.0833 0.0153 0.0764
1770392097.9399 -0.0223 0.0153 0.0153
1770392097.9520 0.0082 0.0153 -0.0762
1770392097.9640 -0.1138 -0.0153 -0.0152
1770392097.9763 -0.1749 -0.4120 -0.1067
1770392097.9879 0.2829 -0.1373 -0.1067
1770392098.0002 -0.3275 0.0763 -0.1373
1770392098.0123 -0.0528 0.0458 0.1374
1770392098.0244 -0.0528 -0.1984 0.1374
1770392098.0366 -0.3580 0.0458 -0.1067
1770392098.0477 -0.0223 0.0458 0.1679
1770392098.0597 -0.2054 -0.0763 -0.1983
1770392098.0718 -0.1443 0.0458 0.0153
1770392098.0837 -0.3580 0.1068 -0.1983
1770392098.0959 -0.1138 0.0153 -0.0457
1770392098.1079 -0.0223 -0.2594 -0.1983
1770392098.1200 -0.1138 0.1373 0.1069
1770392098.1320 -0.1138 -0.1068 0.0458
1770392098.1442 -0.0528 0.1373 -0.1983
1770392098.1562 0.0388 -0.1373 0.0764
1770392098.1684 -0.1443 0.2289 0.1069
1770392098.1805 -0.2054 -0.0153 0.1069
1770392098.1916 0.0693 0.1068 0.1374
1770392098.2038 -0.1138 -0.0153 0.0458
1770392098.2158 -0.2969 -0.0153 -0.0762
1770392098.2279 0.0388 0.1068 0.1374
1770392098.2400 0.0082 0.1068 0.1069
1770392098.2523 0.0082 0.1068 0.0764
1770392098.2644 0.0082 0.0458 0.1069
1770392098.2764 0.0082 0.0153 0.0458
1770392098.2885 -0.0223 -0.1984 -0.0152
1770392098.3005 -0.1443 -0.1373 -0.1373
1770392098.3116 -0.2969 -0.0153 0.0153
1770392098.3246 -0.0223 -0.1068 0.3205
1770392098.3366 -0.2359 0.0458 -0.0152
1770392098.3476 0.0082 -0.0153 0.0153
1770392098.3606 0.1608 0.0458 -0.2593
1770392098.3717 0.1608 0.1373 -0.0457
1770392098.3842 0.0998 0.1984 -0.0152
1770392098.3962 -0.0528 0.1984 0.1984
1770392098.4082 -0.0833 0.1678 -0.1373
1770392098.4202 -0.0833 0.1984 -0.0457
1770392098.4323 0.0388 0.0458 0.0153
1770392098.4443 -0.0833 -0.1068 -0.0457
1770392098.4562 0.3134 0.0763 -0.0457
1770392098.4683 -0.0223 0.1068 -0.5035
1770392098.4803 0.1608 -0.0458 -0.2899
1770392098.4923 0.0998 0.1373 0.0764
1770392098.5043 0.0388 -0.2289 0.0764
1770392098.5164 0.0998 0.0763 -0.1983
1770392098.5285 -0.1138 0.1068 -0.1067
1770392098.5406 -0.2359 -0.0153 -0.0152
1770392098.5526 -0.1443 -0.1678 0.3205
1770392098.5645 -0.1443 0.0458 0.1374
1770392098.5765 -0.2054 -0.0458 0.0458
1770392098.5886 0.0693 0.0458 -0.0457
1770392098.5997 -0.0833 0.0153 -0.1067
1770392098.6127 0.0082 -0.0763 -0.3204
1770392098.6247 0.0693 0.2289 0.0458
1770392098.6366 -0.0833 0.1678 0.1069
1770392098.6477 -0.0833 0.0763 -0.0762
1770392098.6607 -0.0833 0.1373 -0.0152
1770392098.6718 -0.0833 0.2289 -0.1067
1770392098.6838 -0.2664 0.1068 -0.0762
1770392098.6959 0.0998 -0.1373 -0.2288
1770392098.7080 -0.3885 0.0458 0.1069
1770392098.7201 -0.1443 0.0153 -0.1678
1770392098.7322 -0.1749 -0.1373 -0.1678
1770392098.7443 -0.0223 0.0458 0.0764
1770392098.7563 -0.1138 -0.0153 0.1069
1770392098.7685 -0.2359 0.0153 -0.1373
1770392098.7806 -0.2054 0.1678 -0.1678
1770392098.7928 0.1303 0.2594 -0.1067
1770392098.8038 -0.0528 -0.1678 -0.2899
1770392098.8158 -0.1138 -0.1373 -0.1067
1770392098.8280 -0.0833 0.0458 0.1679
1770392098.8401 -0.1443 -0.0153 -0.0457
1770392098.8522 0.0388 0.1984 -0.1373
1770392098.8643 -0.2664 0.1068 0.1984
1770392098.8763 -0.0223 -0.0153 -0.0152
1770392098.8884 -0.1138 -0.0458 -0.0152
1770392098.9003 0.0082 0.0153 0.0764
1770392098.9123 0.2524 -0.1068 0.0458
1770392098.9243 0.0388 0.1068 -0.1373
1770392098.9363 -0.3580 -0.0153 0.3205
1770392098.9483 -0.2969 0.2289 -0.1678
1770392098.9602 -0.0833 0.0458 0.0458
1770392098.9722 -0.0833 0.1984 0.1374
1770392098.9843 -0.0223 -0.0458 0.0153
1770392098.9963 -0.1138 -0.0153 -0.1067
1770392099.0083 -0.0833 -0.0458 0.1984
1770392099.0203 0.0388 -0.0763 -0.0152
1770392099.0322 -0.1749 0.1678 0.0764
1770392099.0443 -0.2054 -0.1068 -0.1067
1770392099.0562 -0.0833 -0.0153 0.1069
1770392099.0683 -0.0223 -0.2289 -0.2288
1770392099.0802 -0.0528 0.0763 -0.1067
1770392099.0921 -0.0528 -0.1373 0.0153
1770392099.1042 -0.0833 0.1373 -0.0152
1770392099.1161 0.1303 0.1678 0.1679
1770392099.1282 -0.3275 -0.1984 -0.0762
1770392099.1402 -0.0223 -0.1373 0.0764
1770392099.1522 0.0082 -0.1068 0.0153
1770392099.1642 -0.2359 -0.1373 -0.4424
1770392099.1767 0.0082 -0.1678 -0.0457
1770392099.1878 -0.0833 0.1373 0.0764
1770392099.1998 -0.2664 -0.0763 0.1984
1770392099.2118 -0.1138 0.1678 -0.1678
1770392099.2240 -0.0528 -0.0763 -0.0152
1770392099.2359 -0.1443 -0.0153 0.1374
1770392099.2482 -0.0528 0.1068 -0.0152
1770392099.2603 -0.1443 0.1068 0.0458
1770392099.2725 -0.3275 0.0153 -0.1373
1770392099.2847 -0.0833 -0.1373 0.0458
1770392099.2968 -0.2664 -0.0763 0.0458
1770392099.3089 0.1303 -0.0763 0.1069
1770392099.3199 -0.1443 -0.1068 -0.0152
1770392099.3329 -0.1443 -0.1068 -0.0762
1770392099.3449 0.0693 0.1068 -0.0762
1770392099.3569 0.0082 0.0153 -0.1373
1770392099.3680 0.0998 -0.1068 -0.2593
1770392099.3807 0.0082 -0.0458 0.3510
1770392099.3928 -0.3885 0.1373 -0.1067
1770392099.4048 0.1608 -0.0153 0.2595
1770392099.4167 0.0693 -0.1984 0.3205
1770392099.4288 0.0082 0.0153 -0.0762
1770392099.4407 -0.0223 0.1068 -0.2593
1770392099.4527 -0.0223 -0.0763 0.1679
1770392099.4648 -0.1749 0.1984 0.1069
1770392099.4769 0.1608 0.0458 -0.0457
1770392099.4881 0.0388 0.2289 -0.0457
1770392099.5002 -0.2969 0.1373 -0.2288
1770392099.5122 -0.0833 0.0153 -0.0457
1770392099.5243 -0.1138 -0.0763 -0.3204
1770392099.5363 0.0082 -0.0153 -0.0457
1770392099.5483 0.1303 -0.0763 -0.0152
1770392099.5602 0.0693 0.1373 -0.1983
1770392099.5723 -0.0833 -0.0458 -0.5035
1770392099.5848 -0.2359 0.0458 -0.1983
1770392099.5968 -0.2664 0.0458 -0.0152
1770392099.6088 0.0998 0.0763 -0.1373
1770392099.6207 -0.0528 -0.2594 0.1374
1770392099.6327 0.0082 -0.0153 0.0458
1770392099.6447 -0.1749 0.1678 0.2289
1770392099.6567 -0.1749 -0.0458 0.0153
1770392099.6687 -0.0528 0.0458 -0.1983
1770392099.6807 -0.2664 -0.0763 0.0458
1770392099.6926 -0.1443 0.1678 -0.1373
1770392099.7047 -0.1749 0.1678 0.1679
1770392099.7167 0.0693 -0.0763 -0.0152
1770392099.7287 0.1303 0.0153 0.0458
1770392099.7407 -0.2664 -0.0458 -0.2288
1770392099.7528 -0.1443 -0.0458 -0.1678
1770392099.7649 -0.2054 0.1678 -0.2593
1770392099.7770 -0.1443 -0.0763 -0.1678
1770392099.7883 -0.0223 0.2289 -0.1067
1770392099.8005 -0.1138 0.1678 0.0764
1770392099.8125 0.0693 0.1678 -0.1373
1770392099.8245 -0.2664 0.1678 0.0764
1770392099.8365 -0.2664 0.1984 0.1069
1770392099.8486 0.0082 -0.0763 -0.1373
1770392099.8607 -0.1749 0.0763 0.0153
1770392099.8727 0.0082 -0.1373 -0.1983
1770392099.8848 -0.1749 -0.0153 -0.0762
1770392099.8968 -0.2054 -0.1373 0.2289
1770392099.9088 0.0693 0.1984 -0.3814
1770392099.9208 -0.0833 -0.0153 -0.3204
1770392099.9328 -0.0528 0.2594 -0.1983
1770392099.9449 0.1303 0.0458 0.0458
1770392099.9569 -0.1138 0.1373 0.2289
1770392099.9690 -0.0528 0.1678 -0.1678
1770392099.9803 -0.0528 0.1068 -0.1067
1770392099.9925 0.0082 -0.0458 -0.1373
1770392100.0045 0.0693 0.0153 -0.0457
1770392100.0165 0.1913 -0.1678 -0.1373
1770392100.0286 -0.0528 -0.0458 -0.4119
1770392100.0407 -0.0528 0.1984 0.1679
1770392100.0528 0.0998 -0.1373 0.0764
1770392100.0648 0.0082 0.0763 0.1374
1770392100.0769 0.0082 0.1678 -0.2288
1770392100.0890 -0.0528 -0.1984 0.0458
1770392100.1002 -0.0223 -0.1068 0.0764
1770392100.1122 -0.0223 -0.1068 0.1679
1770392100.1243 0.0998 0.0763 0.0458
1770392100.1363 -0.3580 -0.0763 0.0458
1770392100.1483 0.0388 0.0153 -0.0762
1770392100.1604 -0.0833 -0.0763 0.0764
1770392100.1725 0.0693 -0.1678 -0.0152
1770392100.1846 -0.0528 0.1068 0.1984
1770392100.1967 -0.1138 -0.0458 -0.2593
1770392100.2089 0.1608 -0.1373 -0.1373
1770392100.2205 -0.1138 0.1068 -0.1067
1770392100.2328 -0.0833 0.1068 0.0153
1770392100.2444 -0.5106 -0.0458 0.0764
1770392100.2566 0.1303 -0.0458 0.1069
1770392100.2689 -0.0833 0.1068 -0.1373
1770392100.2801 -0.2054 -0.3204 0.4120
1770392100.2923 -0.0223 -0.0458 -0.0152
1770392100.3046 -0.0528 0.0458 -0.0152
1770392100.3167 -0.2664 -0.1984 -0.0457
1770392100.3290 -0.0223 0.0458 -0.0762
1770392100.3403 -0.2359 0.1373 -0.1067
1770392100.3525 0.0082 -0.0763 -0.2593
1770392100.3652 0.0082 -0.1373 -0.1373
1770392100.3769 -0.0223 -0.0153 0.1069
1770392100.3883 -0.1443 0.0763 -0.1067
1770392100.4011 -0.0223 -0.0153 -0.1373
1770392100.4122 0.0082 -0.2899 0.1069
1770392100.4245 0.0082 0.2899 0.1679
1770392100.4369 -0.2054 -0.0458 -0.1373
1770392100.4483 -0.1138 -0.0458 -0.1067
1770392100.4607 -0.0223 -0.0153 0.0153
1770392100.4731 0.0082 0.1068 -0.0762
1770392100.4843 0.0388 -0.1068 -0.0762
1770392100.4970 -0.1749 -0.2289 0.1374
1770392100.5082 0.1608 -0.1678 -0.2288
1770392100.5209 -0.2359 -0.0153 -0.0762
1770392100.5327 -0.0223 0.0458 -0.1067
1770392100.5441 0.0693 0.0763 0.0153
1770392100.5565 -0.1749 -0.0153 -0.0152
1770392100.5690 0.1608 -0.1068 0.0764
1770392100.5811 0.0388 0.0763 0.1984
1770392100.5924 -0.0833 0.0153 -0.0762
1770392100.6046 -0.0833 0.0153 -0.0152
1770392100.6168 -0.0528 0.1678 0.0153
1770392100.6292 0.1303 0.2594 0.1069
1770392100.6405 -0.1138 -0.0763 0.1984
1770392100.6529 0.2829 0.1373 0.0153
1770392100.6652 -0.0528 0.1984 -0.0152
1770392100.6763 -0.2969 -0.0458 -0.1067
1770392100.6888 -0.1443 0.0763 0.0764
1770392100.7011 -0.0223 -0.1373 -0.1983
1770392100.7123 0.0082 -0.0153 -0.1373
1770392100.7245 -0.1749 0.0763 -0.0457
1770392100.7368 -0.0528 -0.0153 0.1069
1770392100.7490 -0.0528 0.1678 0.0764
1770392100.7602 -0.1138 0.0763 -0.4119
1770392100.7723 0.0998 0.0458 -0.1067
1770392100.7848 0.0082 -0.0153 -0.1373
1770392100.7963 0.1608 -0.1678 0.0764
1770392100.8087 -0.0528 -0.0458 0.0764
1770392100.8211 -0.0528 0.1373 0.0153
1770392100.8324 -0.0528 -0.0763 -0.0457
1770392100.8449 -0.0528 0.0763 0.0458
1770392100.8563 0.0388 -0.1373 0.1069
1770392100.8685 -0.0528 -0.1373 -0.1373
1770392100.8807 -0.2054 0.1984 0.1984
1770392100.8930 0.0998 0.1373 -0.1373
1770392100.9052 -0.2054 0.0458 0.1069
1770392100.9164 -0.0833 -0.0763 -0.0152
1770392100.9287 -0.1443 0.1068 -0.1373
1770392100.9410 0.0388 0.1984 0.0458
1770392100.9532 0.0082 0.1678 0.1679
1770392100.9642 0.0693 -0.1373 0.0153
1770392100.9766 -0.1443 -0.0458 0.1679
1770392100.9890 -0.1443 0.0153 0.2595
1770392101.0010 -0.0528 0.0458 0.0153
1770392101.0125 -0.0223 0.2289 0.1374
1770392101.0249 -0.0528 -0.1678 0.1069
1770392101.0364 -0.1749 0.1678 -0.0152
1770392101.0487 0.0082 0.0153 -0.1983
1770392101.0609 0.0388 0.1068 0.1984
1770392101.0732 -0.0833 0.2289 0.0153
1770392101.0843 0.0082 -0.1068 -0.0457
1770392101.0965 -0.2359 0.1373 0.0764
1770392101.1087 -0.0528 0.0763 -0.1373
1770392101.1211 0.0693 0.0458 0.0458
1770392101.1323 -0.2664 0.0763 0.2595
1770392101.1446 -0.1138 0.3204 0.0458
1770392101.1568 -0.2969 -0.1373 -0.1678
1770392101.1691 -0.0528 0.1373 0.0458
1770392101.1806 -0.0833 0.1373 -0.0762
1770392101.1929 0.1608 -0.0153 0.2289
1770392101.2044 0.0082 -0.0763 -0.0762
1770392101.2168 -0.2054 -0.1373 -0.0152
1770392101.2291 -0.0528 0.0763 -0.0457
1770392101.2405 -0.0528 0.0763 -0.0152
1770392101.2528 -0.1443 0.1068 0.0458
1770392101.2653 -0.2969 0.1373 -0.0152
1770392101.2764 0.0693 -0.0458 0.0153
1770392101.2888 -0.0223 -0.0458 0.1374
1770392101.3009 -0.2969 -0.2289 0.1984
1770392101.3124 -0.0528 0.2289 -0.0152
1770392101.3251 -0.3275 0.2289 0.0458
1770392101.3368 -0.3275 0.0153 -0.1067
1770392101.3493 -0.0528 0.0153 0.0764
1770392101.3606 -0.0223 -0.0153 0.1679
1770392101.3730 0.1303 0.1678 0.1069
1770392101.3843 -0.2969 -0.0458 -0.1067
1770392101.3967 0.0693 0.0153 0.1984
1770392101.4089 0.0082 0.0153 0.1984
1770392101.4212 -0.0528 0.0458 -0.0457
1770392101.4326 -0.1138 0.0763 0.0764
1770392101.4449 0.0388 0.1068 -0.0457
1770392101.4572 0.0082 0.0763 -0.1983
1770392101.4684 -0.0223 -0.1373 -0.1983
1770392101.4804 -0.1138 0.1068 0.0458
1770392101.4928 0.3439 -0.1678 0.0764
1770392101.5053 0.3439 -0.9308 -0.0762
1770392101.5164 -0.0528 0.5646 -0.6561
1770392101.5287 0.2219 -1.4496 -1.2664
1770392101.5408 -0.2054 0.4120 -0.1678
1770392101.5531 0.0388 0.6561 0.7783
1770392101.5652 -0.0528 0.3815 -0.6561
1770392101.5767 -0.0528 0.5646 -0.4424
1770392101.5892 -0.4800 -0.2899 0.4731
1770392101.6004 0.2524 -0.0763 1.3581
1770392101.6126 0.0082 -0.6256 -0.1983
1770392101.6248 -0.0833 0.3510 -1.1443
1770392101.6372 -0.0528 -0.4120 -0.2593
1770392101.6484 -0.0528 0.0153 0.1069
1770392101.6605 0.0082 0.1678 -0.0762
1770392101.6728 -0.2054 0.4120 -0.4424
1770392101.6850 -0.3580 0.3204 0.1374
1770392101.6974 -0.0223 -0.7477 0.5952
1770392101.7087 -0.2359 0.3510 1.9990
1770392101.7210 0.0082 0.1373 1.2055
1770392101.7334 -0.0833 -0.3510 0.7172
1770392101.7446 -0.2054 -0.3815 -0.2593
1770392101.7567 -0.1749 -0.1068 -1.5411
1770392101.7690 0.1913 0.0153 -1.9988
1770392101.7804 0.0388 -0.5951 -0.3509
1770392101.7925 -0.1138 0.0153 0.9308
1770392101.8047 0.0388 0.1678 -0.4119
1770392101.8174 -0.0833 0.8698 -0.7171
1770392101.8287 -0.1749 -0.1373 1.0834
1770392101.8409 -0.2664 -1.0223 1.8464
1770392101.8532 0.0693 0.0458 1.1140
1770392101.8654 0.1608 -0.3510 -1.2359
1770392101.8765 0.1608 0.2594 -1.7242
1770392101.8889 0.0388 -0.3815 -1.0528
1770392101.9013 -0.0528 -0.8392 0.4426
1770392101.9125 0.1913 -0.0763 0.5952
1770392101.9246 0.4660 0.6866 -0.8087
1770392101.9368 0.3745 0.9613 -0.9918
1770392101.9491 -0.4190 0.5035 0.0764
1770392101.9604 0.2219 -0.1068 0.1069
1770392101.9727 0.1608 -0.1678 -0.4424
1770392101.9852 0.4050 -0.2289 -0.5035
1770392101.9964 0.7407 -0.3510 0.0153
1770392102.0088 0.0388 1.0223 0.9308
1770392102.0213 -0.3275 1.6937 1.4802
1770392102.0326 -0.5411 1.8158 0.8698
1770392102.0448 -0.5106 2.0599 0.7477
1770392102.0570 0.7407 3.7689 0.2900
1770392102.0693 2.1140 5.2338 0.8698
1770392102.0804 0.1303 8.5907 5.0507
1770392102.0926 -0.6631 12.7716 9.3537
1770392102.1050 -0.0833 15.2740 13.9008
1770392102.1170 0.1913 15.3046 16.8915
1770392102.1294 0.6186 17.2577 18.2038
1770392102.1405 -0.3580 18.9056 20.1569
1770392102.1527 -1.0904 17.0135 22.5068
1770392102.1648 -0.1749 13.2599 22.5983
1770392102.1772 1.7172 7.4005 22.0490
1770392102.1886 5.0742 1.7548 20.1569
1770392102.2008 5.5930 -2.6398 19.1498
1770392102.2130 7.6987 -5.1422 16.3727
1770392102.2252 9.2551 -9.8724 13.7482
1770392102.2373 10.0485 -15.3351 10.0861
1770392102.2490 11.6660 -16.5558 5.3864
1770392102.2607 13.4360 -16.7694 0.4426
1770392102.2733 14.9619 -16.1285 -3.5858
1770392102.2848 16.6403 -15.6403 -6.9122
1770392102.2968 16.9455 -15.5487 -9.6893
1770392102.3094 16.1520 -15.9454 -11.3677
1770392102.3208 15.0839 -16.8915 -13.5345
1770392102.3331 12.9172 -17.3798 -14.6026
1770392102.3451 8.2175 -16.5253 -15.7012
1770392102.3565 3.3041 -14.7247 -17.1356
1770392102.3694 -0.8157 -13.0463 -19.1802
1770392102.3814 -4.9051 -11.7645 -21.6522
1770392102.3933 -8.4451 -11.0321 -23.0560
1770392102.4047 -11.6800 -10.6049 -24.3682
1770392102.4167 -14.1824 -9.9945 -24.9786
1770392102.4290 -15.6168 -9.0485 -26.2298
1770392102.4412 -16.2576 -7.1259 -27.1148
1770392102.4536 -16.6849 -6.3934 -28.1524
1770392102.4647 -16.9290 -6.1798 -28.7933
1770392102.4768 -15.9219 -6.5765 -29.0374
1770392102.4893 -14.7623 -6.3019 -29.5867
1770392102.5014 -13.7247 -5.9967 -29.4341
1770392102.5126 -12.6871 -5.9052 -29.6478
1770392102.5249 -11.9241 -5.7526 -29.3121
1770392102.5368 -11.6800 -4.8065 -29.0374
1770392102.5492 -11.8631 -3.0975 -29.5257
1770392102.5615 -10.3983 -1.6327 -30.3802
1770392102.5732 -8.7198 -0.6561 -31.3262
1770392102.5850 -6.5530 -1.0834 -32.2112
1770392102.5971 -5.1187 -2.5787 -33.0047
1770392102.6094 -5.1187 -4.3182 -33.4625
1770392102.6206 -5.2408 -5.8441 -33.5235
1770392102.6328 -5.7596 -6.3019 -33.5845
1770392102.6453 -6.7972 -6.7596 -33.5845
1770392102.6575 -7.8653 -7.6141 -33.5235
1770392102.6689 -8.9944 -8.2550 -33.9507
1770392102.6815 -9.3301 -8.0719 -34.6526
1770392102.6926 -9.7574 -6.7902 -35.3546
1770392102.7049 -11.0696 -5.9662 -36.2701
1770392102.7175 -12.8397 -5.0507 -37.2161
1770392102.7289 -14.1519 -4.4098 -39.1082
1770392102.7413 -14.4266 -3.2501 -41.3665
1770392102.7537 -14.3045 -1.3580 -44.9066
1770392102.7649 -14.8843 -0.6256 -47.9583
1770392102.7791 -15.8914 -0.7782 -51.4068
1770392102.7887 -15.0980 -0.8087 -56.5643
1770392102.8010 -13.6331 0.0153 -62.6068
1770392102.8131 -12.6566 0.1984 -68.8629
1770392102.8254 -13.0228 -0.1068 -74.7222
1770392102.8376 -14.5486 -1.2970 -79.3304
1770392102.8490 -15.9219 -2.8839 -83.3892
1770392102.8610 -16.7459 -4.4098 -86.8987
1770392102.8733 -17.2952 -4.4708 -90.4998
1770392102.8856 -18.4854 -4.2267 -92.7276
1770392102.8968 -19.7366 -3.7689 -94.7112
1770392102.9090 -21.7508 -3.0975 -96.3897
1770392102.9214 -24.3448 -2.3346 -97.4578
1770392102.9336 -27.3355 -1.7853 -99.0142
1770392102.9449 -30.4483 -1.2665 -100.2349
1770392102.9571 -34.2630 -0.9918 -101.3030
1770392102.9697 -38.0777 -0.8698 -101.3946
1770392102.9815 -41.5262 0.2289 -99.9908
1770392102.9928 -44.7610 2.2125 -98.7701
1770392103.0051 -46.6226 4.5013 -97.2442
1770392103.0174 -48.1485 6.8817 -95.2300
1770392103.0288 -49.0335 8.7433 -93.9788
1770392103.0410 -50.4984 10.0555 -91.5069
1770392103.0532 -50.8646 10.3607 -89.2791
1770392103.0656 -49.1861 10.3607 -86.0443
1770392103.0770 -47.1414 11.0016 -82.5958
1770392103.0895 -46.0428 10.8795 -78.4149
1770392103.1007 -45.4935 9.8724 -74.1424
1770392103.1133 -43.2962 7.4005 -69.3511
1770392103.1256 -37.3453 2.8229 -65.9026
1770392103.1367 56.8320 -10.8795 -63.4307
1770392103.1491 41.4816 -13.3820 -50.3997
1770392103.1614 31.4413 -7.2479 -39.1082
1770392103.1736 24.9716 6.3629 -29.7393
1770392103.1857 23.5678 -0.3204 -20.0042
1770392103.1969 18.6850 2.3956 -10.6658
1770392103.2093 8.6142 2.7618 -3.3416
1770392103.2214 -1.5482 -0.9918 4.2573
1770392103.2337 -8.0789 -2.4872 11.3984
1770392103.2449 -11.8326 -0.6561 16.4338
1770392103.2571 -13.3279 -4.1962 22.2626
1770392103.2694 -15.3726 -7.3090 29.5258
1770392103.2816 -17.0511 -8.6823 36.4228
1770392103.2929 -17.0816 -14.9689 42.3127
1770392103.3052 -14.5181 -18.4784 47.2565
1770392103.3174 -8.4756 -19.1193 50.0947
1770392103.3288 -1.6397 -20.1874 51.5900
1770392103.3410 3.8535 -19.8822 53.5432
1770392103.3533 7.7597 -18.5089 54.9470
1770392103.3655 11.1472 -15.0909 56.2897
1770392103.3768 16.8845 -13.7177 56.7780
1770392103.3898 19.9362 -12.2223 57.8766
1770392103.4013 22.8049 -14.2059 59.3415
1770392103.4136 25.1242 -15.5792 59.9824
1770392103.4251 28.5422 -15.5182 60.2265
1770392103.4373 32.0517 -15.2130 60.5622
1770392103.4488 33.9743 -14.3585 62.1491
1770392103.4609 34.8288 -13.6871 65.1398
1770392103.4731 34.9203 -10.8185 67.5202
1770392103.4854 34.4626 -6.3934 69.3818
1770392103.4976 34.3405 -2.3041 70.3278
1770392103.5098 33.5471 0.4425 71.4265
1770392103.5209 33.4250 2.3041 71.2739
1770392103.5333 32.7841 2.0905 72.1894
1770392103.5460 32.5400 2.2430 73.0134
1770392103.5571 33.1808 -0.1984 72.4335
1770392103.5695 31.9296 -1.5411 72.8303
1770392103.5819 31.1362 0.3510 73.2270
1770392103.5939 28.9084 5.0507 74.4477
1770392103.6050 27.7182 9.1400 75.7294
1770392103.6178 26.9858 11.9476 78.4760
1770392103.6294 26.2228 12.7411 80.2155
1770392103.6417 24.8495 12.5275 81.5278
1770392103.6538 23.4763 12.0392 80.6733
1770392103.6651 22.5912 11.4899 79.5746
1770392103.6773 21.9504 13.6871 79.3000
1770392103.6898 19.4174 17.7155 75.8515
1770392103.7020 17.4948 23.9410 74.9055
1770392103.7140 16.6098 25.8331 72.7692
1770392103.7253 15.5417 25.7721 71.2433
1770392103.7377 14.4125 30.6549 69.7175
1770392103.7491 14.0158 29.4342 68.6494
1770392103.7615 14.1379 31.1737 66.4521
1770392103.7737 22.8659 24.3683 54.7028
1770392103.7853 34.7678 7.8888 35.3242
1770392103.7979 27.5656 4.8370 25.2228
1770392103.8098 18.5934 1.9073 22.7509
1770392103.8212 12.7646 9.7809 21.2861
1770392103.8335 10.1706 10.7574 17.4409
1770392103.8457 8.2480 9.5062 10.7880
1770392103.8579 7.7597 9.7198 0.5952
1770392103.8691 9.4382 7.2479 -8.0413
1770392103.8814 5.3793 4.3793 -9.2620
1770392103.8936 2.6633 0.5646 -9.3231
1770392103.9060 6.6306 1.3886 -7.4005
1770392103.9170 -2.6468 2.7924 -4.6234
1770392103.9294 -0.6326 1.9684 -2.3040
1770392103.9417 -2.7078 0.3510 -1.6937
1770392103.9540 -2.4942 -0.5341 -4.2266
1770392103.9651 0.5270 1.2970 -7.9498
1770392103.9780 -1.0904 0.9613 -9.2925
1770392103.9896 2.0834 -1.3886 -7.0037
1770392104.0019 -0.9378 -2.1820 1.6938
1770392104.0140 -0.2969 1.8158 5.6000
1770392104.0256 -0.3885 1.5717 5.0812
1770392104.0370 0.1913 0.4730 -0.3814
1770392104.0494 0.9543 0.4425 -3.2195
1770392104.0616 0.1303 0.2594 -2.1514
1770392104.0739 -0.6937 -0.0153 1.4802
1770392104.0851 -0.5106 0.3510 1.9990
1770392104.0973 -0.2054 0.3510 -0.3509
1770392104.1095 -0.0528 0.6561 -1.4495
1770392104.1218 0.2219 0.3510 -0.6561
1770392104.1340 -0.1749 -0.5035 0.5341
1770392104.1453 0.1913 -0.9003 0.9003
1770392104.1574 -0.5106 1.6022 0.9614
1770392104.1699 0.2829 -0.7477 0.3205
1770392104.1831 -0.1749 0.5951 -0.9612
1770392104.1937 0.0082 -0.0763 -1.2969
1770392104.2059 -0.4190 0.4730 -0.6561
1770392104.2181 0.2524 -0.0763 0.0153
1770392104.2292 -0.5716 -0.8698 0.1374
1770392104.2415 0.2829 0.9613 -0.3509
1770392104.2537 -0.0833 -0.1678 0.2595
1770392104.2660 0.1913 -0.0763 0.0764
1770392104.2771 -0.4190 -0.3510 -0.0152
1770392104.2894 -0.0223 0.1373 0.4426
1770392104.3018 -0.0833 -0.1068 -0.0152
1770392104.3140 -0.0223 -0.1984 -0.0457
1770392104.3261 -0.1138 0.3510 -0.2288
1770392104.3374 0.2524 -0.1984 0.1069
1770392104.3495 -0.3885 -0.2899 0.1984
1770392104.3618 0.0082 0.0153 -0.1678
1770392104.3740 -0.1749 -0.0458 -0.4119
1770392104.3860 -0.0833 0.1373 -0.2593
1770392104.3972 0.0082 -0.0763 -0.0762
1770392104.4097 0.0388 0.3204 0.2900
1770392104.4219 0.0082 -0.2289 0.0458
1770392104.4331 0.0693 0.1678 0.0153
1770392104.4452 0.0082 0.2899 -0.1373
1770392104.4574 -0.0528 0.1068 0.1069
1770392104.4698 0.0082 0.0763 -0.1067
1770392104.4820 0.0388 0.0153 -0.0762
1770392104.4931 -0.2664 0.0153 -0.1678
1770392104.5054 0.1303 -0.0153 -0.2288
1770392104.5176 -0.0528 -0.3204 0.2595
1770392104.5298 -0.0833 -0.0458 -0.1678
1770392104.5411 0.2524 -0.2289 -0.5645
1770392104.5534 -0.3580 0.1678 -0.2593
1770392104.5655 0.1913 0.0153 -0.0152
1770392104.5779 -0.0528 0.1068 0.0153
1770392104.5891 -0.2664 -0.1068 0.1374
1770392104.6016 0.0998 -0.0763 0.2289
1770392104.6139 -0.2054 0.0458 -0.1678
1770392104.6252 -0.3580 -0.0153 0.0153
1770392104.6375 0.0693 0.1678 0.2900
1770392104.6498 0.1608 0.0763 0.0458
1770392104.6619 -0.0223 0.2289 -0.1067
1770392104.6741 0.2219 0.0458 -0.1373
1770392104.6853 0.0693 0.0763 0.0458
1770392104.6976 0.0998 -0.0153 0.0153
1770392104.7098 -0.0833 -0.0763 0.1069
1770392104.7221 0.1913 0.1678 -0.1067
1770392104.7332 -0.0223 0.0458 0.1374
1770392104.7455 0.0998 0.1068 0.0458
1770392104.7576 -0.1749 0.0763 -0.1678
1770392104.7692 -0.0833 0.0458 -0.2288
1770392104.7812 -0.1443 -0.1984 -0.0762
1770392104.7939 -0.2054 -0.3510 0.1679
1770392104.8054 0.0388 -0.0458 -0.0152
1770392104.8179 0.1913 0.0763 -0.1373
1770392104.8301 -0.0833 -0.1373 -0.2288
1770392104.8413 0.1913 -0.0153 -0.1067
1770392104.8535 0.0082 -0.0458 0.0153
1770392104.8658 0.0388 0.2289 0.0458
1770392104.8780 -0.0528 0.1984 -0.1067
1770392104.8894 -0.0833 0.1678 -0.0762
1770392104.9019 0.0693 0.1678 -0.1983
1770392104.9133 -0.0833 0.0458 0.0153
1770392104.9256 0.0693 0.0458 0.0153
1770392104.9381 -0.0833 -0.1678 0.0153
1770392104.9504 -0.2054 0.0153 -0.0762
1770392104.9617 -0.1443 -0.2899 0.1374
1770392104.9741 0.0082 0.0153 -0.2593
1770392104.9858 -0.1443 0.1068 -0.1678
1770392104.9982 0.0998 0.2289 0.0764
1770392105.0097 -0.0223 -0.0153 0.2900
1770392105.0220 -0.0833 0.1068 -0.1067
1770392105.0337 -0.3275 -0.0763 0.0153
1770392105.0459 0.0082 0.1678 -0.1373
1770392105.0581 0.0388 -0.2289 -0.0762
1770392105.0703 -0.0528 0.2594 0.1984
1770392105.0815 -0.0833 0.0153 -0.1678
1770392105.0937 -0.1443 -0.0153 0.1679
1770392105.1058 -0.3275 -0.1068 -0.0762
1770392105.1180 0.1913 -0.0153 0.1984
1770392105.1303 0.0998 -0.2289 -0.3814
1770392105.1425 -0.0528 0.2594 0.0153
1770392105.1540 -0.0223 0.1373 -0.3814
1770392105.1661 -0.2359 0.1984 0.1069
1770392105.1781 -0.4190 0.1984 0.1374
1770392105.1896 -0.0223 -0.0458 0.0458
1770392105.2022 -0.2359 0.1068 0.0764
1770392105.2145 -0.0223 -0.0763 0.0764
1770392105.2257 0.0082 -0.1068 -0.1678
1770392105.2380 -0.2969 0.2594 0.1984
1770392105.2496 0.0388 -0.0153 0.1069
1770392105.2618 -0.1138 -0.1678 0.0764
1770392105.2745 0.0693 0.0763 -0.1373
1770392105.2856 -0.1749 0.0763 -0.3814
1770392105.2981 0.0082 -0.1984 -0.1373
1770392105.3105 -0.0833 -0.1678 -0.1678
1770392105.3217 -0.1138 -0.1678 0.0458
1770392105.3341 0.0388 0.0153 0.1679
1770392105.3464 -0.0223 0.3815 0.1069
1770392105.3576 -0.2054 0.0458 -0.2593
1770392105.3701 -0.1138 0.0153 -0.1373
1770392105.3825 0.1303 -0.0153 -0.1373
1770392105.3939 -0.2054 0.1373 -0.0457
1770392105.4060 0.0082 0.0763 -0.1373
1770392105.4182 -0.2054 -0.2594 -0.1678
1770392105.4305 -0.0223 0.3510 0.0153
1770392105.4416 -0.2359 0.0763 -0.0152
1770392105.4538 -0.0833 0.1984 -0.0762
1770392105.4659 -0.2969 -0.0153 0.1069
1770392105.4783 -0.2969 -0.0153 -0.1067
1770392105.4898 -0.1138 0.0763 0.1679
1770392105.5019 -0.1138 -0.0458 -0.1678
1770392105.5136 -0.0833 0.0763 0.1069
1770392105.5258 -0.0223 0.2899 0.0153
1770392105.5382 -0.0833 0.0763 -0.2288
1770392105.5503 -0.0833 -0.0763 -0.1373
1770392105.5623 0.0693 0.1068 -0.1373
1770392105.5745 -0.2054 0.0458 -0.3814
1770392105.5859 0.0388 0.1068 -0.0762
1770392105.5981 -0.1443 0.0763 -0.2288
1770392105.6111 -0.1138 -0.0153 -0.1067
1770392105.6225 0.0082 -0.0763 -0.0762
1770392105.6339 0.0082 -0.1678 -0.1373
1770392105.6463 -0.3885 0.0153 0.2289
1770392105.6578 -0.0223 -0.0458 0.1679
1770392105.6701 -0.2054 0.0153 0.0458
1770392105.6822 -0.1138 0.0763 0.0153
1770392105.6946 -0.1443 0.1068 0.1374
1770392105.7063 -0.2359 0.1373 -0.1067
1770392105.7186 0.0388 0.0458 0.0153
1770392105.7301 -0.1138 -0.0763 -0.0762
1770392105.7425 0.0082 0.0458 -0.1373
1770392105.7540 -0.0833 -0.1373 -0.2288
1770392105.7660 -0.2054 0.0153 -0.0152
1770392105.7778 0.0082 0.0153 -0.1373
1770392105.7905 -0.0833 -0.0458 0.1984
1770392105.8017 -0.1749 -0.0153 0.0764
1770392105.8140 -0.1138 -0.1984 0.1984
1770392105.8266 -0.1138 0.1678 -0.0457
1770392105.8380 -0.1443 0.1678 -0.1067
1770392105.8505 -0.1138 -0.0458 -0.0457
1770392105.8626 -0.2054 0.0153 -0.0762
1770392105.8741 0.0693 0.0458 0.0764
1770392105.8863 -0.1138 0.0458 -0.1983
1770392105.8986 -0.1443 0.2289 0.1984
1770392105.9097 0.0998 -0.0153 -0.1373
1770392105.9221 -0.1138 -0.0458 -0.0762
1770392105.9343 0.0082 -0.1068 -0.1373
1770392105.9466 -0.0528 -0.1678 0.0153
1770392105.9577 -0.2664 -0.0153 -0.0457
1770392105.9700 -0.1138 0.1373 0.0458
1770392105.9826 0.2524 0.0458 -0.1983
1770392105.9941 -0.0528 0.0458 0.1679
1770392106.0068 -0.1749 -0.0458 0.0458
1770392106.0177 -0.1443 0.2594 0.1374
1770392106.0299 0.0388 0.1373 -0.0762
1770392106.0422 -0.1749 0.0458 0.0458
1770392106.0545 -0.0528 -0.0458 0.0153
1770392106.0666 0.1303 -0.0763 -0.0762
1770392106.0778 0.1303 0.1068 -0.0152
1770392106.0902 -0.2359 0.0153 0.0458
1770392106.1023 -0.2054 0.1678 0.0458
1770392106.1145 -0.0833 -0.1678 -0.1067
1770392106.1258 -0.0528 0.2899 0.0764
1770392106.1381 -0.0528 0.0763 -0.2593
1770392106.1504 -0.0528 0.1068 -0.2899
1770392106.1626 -0.2054 0.0763 -0.1983
1770392106.1738 -0.1443 0.1373 -0.0152
1770392106.1859 -0.2054 -0.0153 -0.1678
1770392106.1987 -0.0528 0.1984 -0.0152
1770392106.2105 -0.2664 -0.1373 -0.0457
1770392106.2219 -0.2359 -0.0763 -0.0457
1770392106.2347 -0.2969 -0.0153 -0.0457
1770392106.2463 0.0082 -0.0458 -0.3204
1770392106.2580 -0.3885 0.1068 -0.1678
1770392106.2705 -0.1749 0.0458 -0.0457
1770392106.2829 -0.1138 0.2289 0.0153
1770392106.2941 -0.2664 0.0763 0.0458
1770392106.3065 0.0998 -0.1373 -0.0762
1770392106.3188 -0.0833 -0.0153 0.2900
1770392106.3300 -0.1443 0.3204 -0.2899
1770392106.3421 0.1303 -0.0458 -0.1373
1770392106.3544 0.1913 -0.0763 0.2289
1770392106.3665 0.0082 0.0763 -0.0762
1770392106.3780 0.1913 0.1373 0.1984
1770392106.3906 0.1303 0.0153 0.1984
1770392106.4018 0.1913 -0.0153 -0.0457
1770392106.4140 0.0082 -0.0153 -0.1067
1770392106.4272 -0.1138 -0.0458 -0.1983
1770392106.4385 0.0693 -0.1678 -0.2288
1770392106.4502 -0.0223 -0.0153 0.0153
1770392106.4626 -0.0223 -0.2594 -0.0457
1770392106.4740 0.0693 0.2594 -0.1067
1770392106.4864 0.0388 -0.0153 0.0458
1770392106.4987 -0.2664 0.2289 -0.0457
1770392106.5099 0.2524 0.0458 -0.0457
1770392106.5223 -0.1443 0.0153 0.1069
1770392106.5346 -0.0833 0.0763 -0.2593
1770392106.5459 0.1913 -0.0458 0.1679
1770392106.5579 -0.0833 0.0458 -0.0762
1770392106.5704 -0.1443 0.0153 -0.1373
1770392106.5826 0.0082 -0.0153 0.0458
1770392106.5945 0.0388 0.0458 0.0458
1770392106.6066 0.1303 0.0458 0.2289
1770392106.6189 -0.1138 -0.0458 0.1069
1770392106.6303 0.0388 -0.0153 -0.1678
1770392106.6425 -0.0833 0.1068 -0.0152
1770392106.6548 -0.1138 -0.1373 -0.1678
1770392106.6659 -0.2664 0.0458 0.1984
1770392106.6780 -0.0833 -0.0458 0.2289
1770392106.6903 -0.1749 -0.0153 0.1069
1770392106.7025 0.0388 0.0153 -0.0152
1770392106.7148 -0.2054 -0.1373 0.1374
1770392106.7259 -0.0528 -0.1678 -0.0457
1770392106.7381 -0.0223 0.0153 0.0458
1770392106.7503 -0.1138 0.0153 -0.0457
1770392106.7626 -0.0833 -0.1068 -0.2288
1770392106.7748 0.0693 -0.2289 -0.1067
1770392106.7864 -0.0833 0.1984 0.1374
1770392106.7987 -0.3885 0.0763 -0.1373
1770392106.8100 -0.1443 0.0153 0.1069
1770392106.8224 0.0998 0.1068 -0.1678
1770392106.8340 -0.1443 0.0153 0.0764
1770392106.8464 0.0082 0.0763 -0.1373
1770392106.8587 0.0998 0.0763 -0.0457
1770392106.8710 -0.3275 -0.1373 0.1679
1770392106.8822 0.0998 -0.2594 -0.2288
1770392106.8945 -0.0528 0.2289 0.1069
1770392106.9068 -0.1443 0.1068 -0.3509
1770392106.9190 -0.0528 0.0153 -0.0762
1770392106.9303 0.1303 0.0763 -0.2593
1770392106.9425 0.0998 -0.0763 -0.2288
1770392106.9548 0.0388 -0.1373 0.0764
1770392106.9670 0.0998 -0.0153 0.0153
1770392106.9783 -0.4190 -0.1068 -0.1373
1770392106.9908 -0.0528 0.1068 -0.0762
1770392107.0020 -0.1749 -0.0763 -0.1373
1770392107.0142 -0.2054 -0.1373 -0.1373
1770392107.0266 0.0082 -0.0153 -0.0457
1770392107.0387 -0.0833 0.1373 -0.1983
1770392107.0505 -0.3580 0.2594 0.0153
1770392107.0623 -0.0528 0.1068 0.0458
1770392107.0748 -0.2359 0.1678 -0.1067
1770392107.0861 -0.2359 0.1373 -0.0457
1770392107.0985 -0.2664 0.1984 0.0153
1770392107.1107 0.3439 0.2594 0.0458
1770392107.1220 -0.1443 -0.0153 0.0458
1770392107.1342 0.0693 0.0153 0.0764
1770392107.1464 -0.1443 0.1984 0.0458
1770392107.1585 -0.2359 0.0458 -0.0152
1770392107.1708 0.0998 -0.0458 -0.1373
1770392107.1823 -0.0223 0.0458 -0.1067
1770392107.1946 -0.0833 0.2899 0.0458
1770392107.2069 -0.0528 -0.1373 -0.0457
1770392107.2180 -0.1138 0.1068 -0.0457
1770392107.2302 -0.0833 0.0153 -0.1983
1770392107.2426 -0.2054 0.2899 0.0764
1770392107.2547 -0.0528 -0.0458 -0.4424
1770392107.2670 -0.2054 0.2899 -0.1373
1770392107.2781 -0.0833 -0.0153 0.0764
1770392107.2904 -0.2054 -0.1068 -0.0457
1770392107.3026 -0.1749 -0.0763 -0.1983
1770392107.3148 -0.1138 0.0458 -0.0152
1770392107.3260 -0.0528 0.1068 -0.0152
1770392107.3382 -0.2359 -0.0458 0.0458
1770392107.3504 -0.2664 -0.2289 -0.1067
1770392107.3626 -0.0833 0.0763 -0.1067
1770392107.3748 -0.2359 0.1678 -0.2593
1770392107.3862 -0.0223 -0.0153 -0.3204
1770392107.3984 0.1303 0.1068 -0.2899
1770392107.4107 0.0082 0.0153 -0.0457
1770392107.4229 -0.2664 0.2289 0.0153
1770392107.4340 0.1303 0.0458 -0.1983
1770392107.4464 0.0998 -0.0153 0.0458
1770392107.4587 0.0693 -0.2899 -0.0457
1770392107.4701 -0.0223 -0.1068 -0.1067
1770392107.4823 -0.1138 0.2289 0.0153
1770392107.4946 -0.1138 0.1373 -0.1373
1770392107.5070 -0.1443 -0.0458 -0.0152
1770392107.5180 -0.0528 -0.0763 0.0764
1770392107.5309 0.1913 0.0153 -0.1983
1770392107.5425 0.1303 0.0458 0.2900
1770392107.5542 -0.2054 0.0153 -0.0152
1770392107.5667 -0.2664 0.3204 -0.2288
1770392107.5789 0.0693 0.1068 0.1984
1770392107.5910 -0.0833 0.0458 -0.1373
1770392107.6026 0.0998 0.1373 -0.1983
1770392107.6149 -0.1443 -0.0153 0.0153
1770392107.6262 -0.1749 0.0458 0.0458
1770392107.6384 -0.1749 -0.0763 -0.1678
1770392107.6506 -0.3580 0.0153 -0.0152
1770392107.6626 0.0388 0.1373 -0.0457
1770392107.6747 -0.2664 0.0458 -0.1678
1770392107.6869 0.0388 0.1373 -0.0152
1770392107.6990 -0.2664 -0.1373 0.2289
1770392107.7110 -0.2664 -0.0458 -0.1373
1770392107.7223 -0.3275 0.0153 -0.1067
1770392107.7345 -0.2969 0.0458 -0.0762
1770392107.7470 -0.0833 -0.1068 -0.0762
1770392107.7583 -0.0528 -0.0763 -0.0152
1770392107.7707 0.0388 0.1068 -0.1067
1770392107.7823 0.0388 -0.1373 -0.0457
1770392107.7944 -0.1443 0.0458 0.0458
1770392107.8069 0.1303 0.1373 -0.0762
1770392107.8182 0.0388 0.0153 0.1069
1770392107.8304 -0.3580 0.1678 0.0458
1770392107.8428 -0.0223 -0.1373 0.1984
1770392107.8549 -0.0223 0.0763 -0.0152
1770392107.8661 -0.1138 0.1678 0.1679
1770392107.8783 -0.1443 0.1984 -0.0762
1770392107.8905 -0.2359 -0.1373 0.1679
1770392107.9028 -0.0223 0.0153 0.1069
1770392107.9141 -0.0528 -0.0153 -0.1067
1770392107.9264 0.1608 0.0763 -0.2288
1770392107.9391 0.0082 0.0763 0.1374
1770392107.9503 -0.0223 0.0458 -0.0457
1770392107.9627 -0.0528 -0.1678 -0.2288
1770392107.9750 -0.1443 0.0458 -0.1678
1770392107.9869 0.1303 0.1068 0.1679
1770392107.9983 -0.0528 0.0153 0.0764
1770392108.0105 -0.1749 0.1373 -0.0152
1770392108.0228 -0.2054 -0.0153 0.1984
1770392108.0350 0.0388 0.1068 -0.1373
1770392108.0465 -0.2359 -0.0458 0.3205
1770392108.0587 -0.1443 -0.0763 -0.0762
1770392108.0709 -0.0528 0.1678 0.1984
1770392108.0832 -0.1443 -0.0153 -0.1983
1770392108.0942 -0.0223 0.1068 0.1679
1770392108.1066 0.0388 0.1373 -0.1373
1770392108.1188 -0.1138 -0.0153 0.1069
1770392108.1312 -0.1443 0.5035 0.1679
1770392108.1424 -0.2359 0.1678 -0.0762
1770392108.1549 0.0082 -0.0763 -0.1067
1770392108.1671 -0.1138 0.0763 0.0458
1770392108.1787 -0.1138 -0.0458 -0.0762
1770392108.1912 0.0082 0.1373 -0.1373
1770392108.2025 -0.3275 -0.1373 -0.1983
1770392108.2146 0.0998 -0.1068 0.1679
1770392108.2269 0.1303 -0.1678 0.1984
1770392108.2392 -0.0833 -0.0763 0.1679
1770392108.2505 0.0388 -0.0153 -0.1678
1770392108.2628 -0.0833 0.0458 -0.0152
1770392108.2750 -0.1749 -0.1068 -0.0762
1770392108.2862 -0.1443 -0.2289 -0.2288
1770392108.2985 -0.0223 0.0763 -0.1678
1770392108.3106 0.0082 0.0153 -0.0457
1770392108.3230 -0.2664 -0.1373 -0.1373
1770392108.3352 -0.1138 0.0153 -0.3204
1770392108.3464 -0.2359 -0.0458 0.1984
1770392108.3586 -0.0528 0.0458 0.2595
1770392108.3711 -0.0833 0.0458 0.2595
1770392108.3826 -0.3580 -0.0458 -0.0457
1770392108.3951 -0.2054 -0.1068 -0.1983
1770392108.4064 0.1303 0.0458 -0.1373
1770392108.4189 -0.1749 0.2594 0.1069
1770392108.4310 -0.0833 0.0763 0.2900
1770392108.4424 -0.1443 0.0153 -0.2899
1770392108.4546 -0.1443 -0.1068 -0.0457
1770392108.4668 0.0388 0.1678 -0.2899
1770392108.4791 -0.0833 -0.0153 -0.1373
1770392108.4903 -0.1749 0.2594 -0.1067
1770392108.5027 -0.2969 0.0763 0.1984
1770392108.5149 -0.2359 -0.1068 -0.1678
1770392108.5271 -0.0528 0.0763 0.1679
1770392108.5393 0.0388 -0.1678 -0.0457
1770392108.5507 -0.0223 -0.0458 0.0153
1770392108.5631 0.0693 -0.0153 -0.4119
1770392108.5753 -0.0528 -0.0458 -0.0762
1770392108.5867 0.3439 -0.0458 0.2289
1770392108.5992 -0.2359 -0.1068 0.0458
1770392108.6108 -0.1443 0.0153 -0.0457
1770392108.6232 -0.1138 -0.1068 -0.0152
1770392108.6347 0.1913 0.1373 0.2289
1770392108.6470 -0.2359 0.1678 -0.1678
1770392108.6592 -0.0528 -0.2594 0.0764
1770392108.6713 -0.2054 0.1984 0.0153
1770392108.6826 -0.1138 0.0763 0.0764
1770392108.6948 -0.1443 0.1068 -0.0152
1770392108.7071 0.1303 0.1984 -0.0762
1770392108.7192 -0.0223 -0.1678 -0.1678
1770392108.7305 0.1303 -0.1373 0.1374
1770392108.7429 0.0693 -0.0153 -0.0762
1770392108.7551 0.0082 0.0153 -0.0457
1770392108.7673 0.1303 0.0763 -0.0457
1770392108.7786 -0.0833 -0.0153 -0.1373
1770392108.7910 -0.1749 -0.1984 -0.1678
1770392108.8033 -0.0223 0.1678 -0.3814
1770392108.8143 -0.1443 -0.0458 -0.1678
1770392108.8266 0.0388 0.1068 0.0458
1770392108.8391 -0.2359 -0.1678 0.0764
1770392108.8513 0.0082 -0.2289 0.1374
1770392108.8625 0.0388 0.1373 -0.0457
1770392108.8747 0.0388 0.2594 0.1069
1770392108.8868 -0.1443 -0.0458 -0.1373
1770392108.8993 -0.0833 0.0458 0.1069
1770392108.9104 -0.0833 -0.0153 -0.2288
1770392108.9228 0.0082 0.0153 -0.2899
1770392108.9350 -0.1443 0.0763 -0.0152
1770392108.9463 -0.2054 -0.0153 0.0458
1770392108.9585 0.1913 0.1068 -0.1067
1770392108.9706 0.0082 -0.0153 -0.0762
1770392108.9829 -0.0223 0.1984 -0.1373
1770392108.9954 0.1913 0.0458 -0.0762
1770392109.0065 -0.1749 0.0153 -0.0762
1770392109.0189 0.0998 0.0763 0.0764
1770392109.0312 -0.2664 -0.0458 -0.1067
1770392109.0424 -0.0223 0.0153 -0.1373
1770392109.0548 0.0388 -0.0763 -0.2899
1770392109.0670 -0.1443 0.1373 0.5952
1770392109.0793 0.0693 0.0458 -0.0457
1770392109.0906 0.0388 0.0458 -0.1373
1770392109.1030 -0.0223 0.1068 -0.1678
1770392109.1143 -0.1749 0.1068 -0.0152
1770392109.1266 0.0082 0.0153 -0.1373
1770392109.1389 -0.2359 -0.0458 0.0764
1770392109.1511 -0.2054 0.2899 -0.2593
1770392109.1634 -0.0223 0.1984 -0.0762
1770392109.1747 -0.0223 0.0763 -0.0762
1770392109.1871 -0.2054 -0.0763 0.0458
1770392109.1986 -0.0833 -0.1984 0.0458
1770392109.2111 -0.0528 -0.1678 0.1984
1770392109.2226 -0.2054 -0.0763 -0.2288
1770392109.2350 0.1303 0.1678 0.0153
1770392109.2473 0.0082 0.1068 0.1679
1770392109.2585 -0.0223 0.1678 -0.0457
1770392109.2706 0.0388 -0.1068 0.0153
1770392109.2829 -0.1138 0.1678 0.0458
1770392109.2953 -0.1749 0.0153 -0.1373
1770392109.3067 -0.1443 0.0458 -0.4730
1770392109.3190 -0.1749 -0.1068 -0.1983
1770392109.3312 0.1913 -0.1373 -0.1983
1770392109.3426 0.0998 0.1678 0.0458
1770392109.3549 0.1608 0.2594 -0.2899
1770392109.3670 -0.0833 -0.0763 0.1069
1770392109.3794 -0.0833 0.1068 -0.0152
1770392109.3911 0.2219 0.1068 -0.0762
1770392109.4035 0.0082 -0.0763 -0.0762
1770392109.4146 -0.2359 0.0763 0.0458
1770392109.4268 0.0693 0.1068 -0.0152
1770392109.4392 -0.0833 -0.0458 0.1374
1770392109.4507 -0.1443 0.1373 0.0458
1770392109.4629 -0.0833 -0.0153 -0.1373
1770392109.4746 -0.1443 -0.0458 -0.0457
1770392109.4871 0.0998 -0.0153 0.1679
1770392109.4994 0.0693 0.2899 -0.2899
1770392109.5105 0.3134 -0.0763 0.0764
1770392109.5229 -0.0833 0.2594 0.0764
1770392109.5352 -0.1749 0.0763 -0.0762
1770392109.5468 -0.1443 -0.2594 -0.0457
1770392109.5587 -0.2054 0.0153 -0.1983
1770392109.5709 -0.0223 0.1068 -0.1373
1770392109.5832 -0.0528 0.1678 -0.2899
1770392109.5951 0.0998 -0.1984 -0.1067
1770392109.6074 -0.2969 0.0763 -0.1678
1770392109.6191 -0.1443 0.1373 -0.0457
1770392109.6311 -0.1749 -0.1068 -0.0152
1770392109.6431 0.0388 -0.0153 0.1069
1770392109.6551 -0.1749 0.0763 -0.1067
1770392109.6667 -0.2359 0.1068 -0.1983
1770392109.6793 -0.0833 -0.1373 0.0458
1770392109.6907 -0.0833 0.1678 0.1069
1770392109.7033 0.0082 -0.1984 0.0153
1770392109.7155 0.0388 -0.0763 0.2595
1770392109.7265 -0.1749 -0.1068 -0.1373
1770392109.7387 -0.0223 0.0458 0.0764
1770392109.7508 -0.0833 0.0458 0.4426
1770392109.7629 -0.0223 -0.0763 -0.3814
1770392109.7750 0.0998 0.0458 0.1069
1770392109.7870 0.1913 -0.0763 -0.0762
1770392109.7991 -0.0528 0.0763 -0.3509
1770392109.8112 0.1303 -0.0763 0.0764
1770392109.8233 -0.1749 0.0458 0.0458
1770392109.8346 -0.2969 0.0153 -0.1983
1770392109.8470 -0.0223 -0.0153 0.3205
1770392109.8592 -0.2664 0.1984 -0.1983
1770392109.8707 -0.0528 -0.0153 -0.0762
1770392109.8834 0.0388 0.0153 -0.0152
1770392109.8946 0.1913 0.1068 0.0764
1770392109.9069 -0.0223 0.0763 -0.2899
1770392109.9190 0.0693 0.2289 0.0458
1770392109.9313 0.0388 -0.0153 -0.0457
1770392109.9435 -0.1749 0.0458 0.2900
1770392109.9549 -0.1443 0.0763 0.0153
1770392109.9671 -0.0223 0.1678 0.1069
1770392109.9794 -0.1749 0.0153 -0.0457
1770392109.9912 0.0082 0.1373 0.0764
1770392110.0035 -0.1138 -0.0153 -0.0762
1770392110.0147 -0.0833 -0.0153 -0.2593
1770392110.0269 -0.4190 0.1068 0.1679
1770392110.0390 -0.1749 -0.0763 0.0458
1770392110.0514 -0.0223 -0.0458 0.1069
1770392110.0635 0.0388 0.0458 -0.0457
1770392110.0747 -0.3275 0.1373 0.1374
1770392110.0868 -0.0528 -0.1678 -0.0457
1770392110.0992 -0.2664 -0.1373 -0.1373
1770392110.1116 0.0082 0.0153 -0.1373
1770392110.1229 -0.1138 -0.0458 -0.1373
1770392110.1353 -0.1138 -0.0153 0.3815
1770392110.1476 -0.0833 0.0458 0.0764
1770392110.1586 0.0388 0.1678 0.0458
1770392110.1709 -0.2054 0.0763 -0.0457
1770392110.1832 -0.3275 0.0153 0.0458
1770392110.1956 -0.2054 -0.1373 -0.0762
1770392110.2066 -0.2359 0.0153 -0.1067
1770392110.2188 -0.0833 -0.0458 -0.1067
1770392110.2310 0.0693 -0.1068 -0.1983
1770392110.2435 -0.2054 0.1373 -0.2593
1770392110.2547 0.0388 0.2594 0.0153
1770392110.2669 -0.0223 -0.1068 0.0458
1770392110.2791 -0.1138 -0.0458 -0.1067
1770392110.2911 0.0693 -0.0153 -0.0457
1770392110.3034 -0.2359 0.1068 -0.0152
1770392110.3155 0.0082 -0.1068 0.1374
1770392110.3266 -0.0528 0.0153 -0.1983
1770392110.3388 -0.1443 0.1678 0.3815
1770392110.3512 -0.1443 0.0458 0.1984
1770392110.3629 0.2219 -0.0153 0.1069
1770392110.3752 -0.0223 -0.0458 -0.0762
1770392110.3868 0.0693 -0.1373 0.0764
1770392110.3995 0.1913 -0.0763 -0.0152
1770392110.4109 -0.0223 -0.1678 0.0153
1770392110.4234 -0.1138 0.0763 -0.0457
1770392110.4347 0.1303 -0.0153 -0.2593
1770392110.4471 -0.2054 -0.0153 0.1374
1770392110.4594 0.0693 0.0458 0.0764
1770392110.4716 0.1608 0.0153 -0.1373
1770392110.4829 0.0082 -0.0458 -0.1983
1770392110.4951 -0.0833 0.1373 0.0153
1770392110.5074 -0.0833 -0.0153 0.1069
1770392110.5194 0.2219 -0.0153 -0.0762
1770392110.5307 -0.0223 0.0763 -0.0762
1770392110.5429 -0.1749 0.0458 -0.0152
1770392110.5552 -0.0223 0.0763 -0.2593
1770392110.5668 -0.0528 0.1373 -0.1067
1770392110.5791 0.0388 -0.0153 -0.1983
1770392110.5907 -0.0833 -0.2594 -0.2288
1770392110.6028 -0.1138 0.0458 0.1374
1770392110.6148 -0.0223 0.0458 0.0764
1770392110.6269 -0.0833 0.1678 -0.2288
1770392110.6390 -0.0528 0.1373 0.0153
1770392110.6510 0.1303 0.0458 -0.0762
1770392110.6641 -0.0528 0.1984 -0.1678
1770392110.6758 0.0082 0.0153 0.1679
1770392110.6879 0.0693 0.1984 -0.2899
1770392110.6999 -0.2359 0.1984 -0.0152
1770392110.7119 -0.1749 0.2594 -0.2899
1770392110.7240 0.0082 -0.2899 0.1679
1770392110.7361 -0.1138 -0.0763 -0.3509
1770392110.7482 -0.0833 0.0763 0.2900
1770392110.7601 0.1913 0.1373 -0.2288
1770392110.7723 -0.0528 -0.1373 -0.1373
1770392110.7834 -0.0528 0.1984 -0.1983
1770392110.7957 0.1303 0.1678 -0.2593
1770392110.8077 -0.0528 0.2289 -0.1067
1770392110.8197 0.1303 -0.0458 -0.1067
1770392110.8318 0.0388 0.3510 0.1984
1770392110.8438 -0.0223 -0.1373 -0.1067
1770392110.8559 -0.2359 -0.0153 -0.1373
1770392110.8679 0.0693 0.0153 0.0458
1770392110.8800 -0.0528 -0.3204 -0.1067
1770392110.8914 0.1303 0.0763 -0.1678
1770392110.9036 -0.1138 -0.1068 -0.0762
1770392110.9156 -0.1138 0.2594 0.0764
1770392110.9276 0.0388 0.1678 -0.0762
1770392110.9396 -0.3275 0.1984 -0.2899
1770392110.9517 -0.0833 -0.0458 0.1069
1770392110.9638 0.0693 0.0153 0.1984
1770392110.9759 -0.2359 -0.0458 -0.0762
1770392110.9884 -0.2054 0.0458 0.2900
1770392111.0006 -0.1443 0.0763 -0.0457
1770392111.0122 -0.1443 0.0153 0.0458
1770392111.0244 -0.0223 -0.0458 -0.1678
1770392111.0356 -0.0223 -0.2289 0.1374
1770392111.0478 -0.0223 -0.0153 -0.0152
1770392111.0599 -0.1138 0.0763 -0.1678
1770392111.0722 -0.2054 0.0458 -0.0762
1770392111.0844 0.1303 -0.0763 -0.1373
1770392111.0964 0.1303 -0.0153 -0.0152
1770392111.1075 0.0082 -0.3204 0.0153
1770392111.1195 0.0082 -0.0458 -0.1067
1770392111.1318 0.0388 0.2594 -0.2288
1770392111.1439 -0.1443 0.1068 -0.0457
1770392111.1560 0.2524 0.0458 -0.3509
1770392111.1681 -0.0833 -0.1068 0.0458
1770392111.1803 0.1303 -0.2594 -0.1983
1770392111.1925 0.0998 -0.1984 0.0153
1770392111.2036 -0.2969 -0.0458 -0.2288
1770392111.2156 -0.1443 -0.0153 0.1374
1770392111.2277 -0.1138 -0.0458 0.0153
1770392111.2399 0.0388 0.0458 0.3815
1770392111.2524 -0.1138 0.0458 0.1984
1770392111.2645 -0.1749 0.0153 -0.2288
1770392111.2756 0.0082 -0.0763 0.0458
1770392111.2878 -0.0833 -0.1068 -0.1983
1770392111.3000 -0.1443 -0.1068 0.1679
1770392111.3122 0.0388 -0.0153 -0.1678
1770392111.3244 0.0388 0.1678 0.1374
1770392111.3365 -0.1138 -0.0763 -0.0762
1770392111.3484 0.0693 -0.1984 -0.2899
1770392111.3598 -0.1443 0.0458 0.0764
1770392111.3720 0.1608 -0.0153 -0.0762
1770392111.3840 -0.2359 -0.0458 0.1069
1770392111.3961 -0.2664 0.0763 -0.2288
1770392111.4081 -0.1138 0.0763 -0.1678
1770392111.4202 0.0998 -0.0763 0.2289
1770392111.4322 -0.3885 -0.0153 0.0153
1770392111.4442 -0.1749 -0.0763 -0.0152
1770392111.4562 -0.1749 0.0153 -0.0762
1770392111.4683 -0.0223 -0.1068 -0.2288
1770392111.4804 -0.1138 0.0153 0.1069
1770392111.4925 -0.2054 0.0153 0.0153
1770392111.5045 -0.0833 0.1373 -0.1373
1770392111.5157 -0.0223 0.0763 -0.1373
1770392111.5278 -0.0833 0.1373 -0.1983
1770392111.5399 -0.1749 -0.0458 -0.0152
1770392135.5105 0.1303 -0.0153 -0.1373
1770392135.5225 0.0998 -0.0763 -0.1983
1770392135.5345 -0.1138 0.1373 0.0458
1770392135.5466 -0.2054 0.1373 -0.1373
1770392135.5591 0.0388 0.0763 0.0153
1770392135.5715 0.2524 -0.0458 0.1069
1770392135.5828 0.0388 -0.1068 -0.1067
1770392135.5949 -0.1138 0.0458 -0.0457
1770392135.6071 -0.1443 -0.0763 -0.1067
1770392135.6190 -0.3580 0.3204 0.0153
1770392135.6312 -0.2054 0.1984 -0.0152
1770392135.6432 -0.1443 -0.0763 0.0458
1770392135.6552 0.0998 0.1068 -0.2899
1770392135.6672 -0.0223 0.2899 0.1679
1770392135.6792 -0.0223 -0.0763 -0.0457
1770392135.6913 -0.2359 -0.0153 0.0764
1770392135.7033 -0.2969 0.0763 -0.0152
1770392135.7153 0.0998 0.1984 -0.3814
1770392135.7274 -0.0833 0.0763 -0.1678
1770392135.7395 -0.0833 -0.0153 -0.1067
1770392135.7515 -0.1443 -0.0458 -0.0762
1770392135.7627 0.0082 0.0153 -0.2288
1770392135.7751 -0.2664 -0.1678 -0.1067
1770392135.7866 0.0082 0.0153 0.0764
1770392135.7990 -0.2664 0.0763 -0.3204
1770392135.8113 0.3745 -0.1068 -0.1678
1770392135.8235 -0.1443 0.1373 0.0764
1770392135.8345 -0.0223 0.1373 0.0764
1770392135.8468 -0.0528 0.4120 0.1374
1770392135.8588 0.0388 0.1068 0.0153
1770392135.8709 0.0388 0.0763 -0.1678
1770392135.8832 -0.1138 0.0153 0.1069
1770392135.8953 -0.2969 -0.0458 0.2289
1770392135.9074 -0.1138 0.0153 -0.2899
1770392135.9194 -0.0223 -0.0458 0.0153
1770392135.9314 -0.2054 -0.1678 0.2289
1770392135.9435 -0.0223 0.1678 -0.0762
1770392135.9555 -0.0528 0.1373 -0.1678
1770392135.9675 -0.0833 0.0153 0.0764
1770392135.9797 -0.1749 0.0458 -0.2899
1770392135.9912 0.0388 -0.1068 -0.0762
1770392136.0032 0.1913 -0.2594 -0.1373
1770392136.0154 -0.0833 0.0763 0.1374
1770392136.0276 -0.1443 0.1068 -0.0152
1770392136.0398 0.0388 -0.0763 0.0764
1770392136.0519 -0.3580 0.0458 -0.0457
1770392136.0641 0.1608 -0.0458 -0.1678
1770392136.0762 -0.0528 -0.0153 -0.1373
1770392136.0874 -0.0528 0.1373 0.2595
1770392136.0993 0.0693 -0.0763 -0.0762
1770392136.1114 -0.0833 0.1068 -0.1067
1770392136.1234 -0.0223 -0.0458 -0.0152
1770392136.1356 0.0693 0.1678 -0.1983
1770392136.1478 0.0998 0.1373 0.1984
1770392136.1600 -0.0223 0.0763 0.0458
1770392136.1720 0.0388 -0.2289 -0.1983
1770392136.1833 -0.1138 0.0458 0.0153
1770392136.1953 -0.0528 -0.1373 -0.2593
1770392136.2074 -0.0223 -0.0763 -0.1373
1770392136.2193 -0.1443 -0.1678 -0.2288
1770392136.2314 0.1303 0.0763 0.0458
1770392136.2434 -0.1138 -0.2594 0.1984
1770392136.2554 -0.0223 0.1678 0.0153
1770392136.2674 -0.0833 0.0763 -0.1067
1770392136.2793 0.2524 0.0458 -0.0457
1770392136.2914 -0.0528 0.1984 -0.0152
1770392136.3034 0.0388 0.3204 -0.1067
1770392136.3155 0.0998 0.0763 -0.0457
1770392136.3283 0.0082 0.1373 -0.2593
1770392136.3393 -0.2969 0.1068 0.0764
1770392136.3515 0.0082 0.1984 0.2289
1770392136.3634 -0.2054 -0.0458 0.1069
1770392136.3755 0.1608 0.1068 -0.0762
1770392136.3877 -0.0833 -0.0153 -0.0762
1770392136.3997 0.0998 -0.1068 0.2595
1770392136.4123 0.0998 -0.0763 -0.1067
1770392136.4234 0.0082 0.0458 0.3205
1770392136.4355 -0.1749 0.0458 -0.1983
1770392136.4478 -0.1138 -0.0153 0.1984
1770392136.4602 0.0082 0.1068 -0.0762
1770392136.4713 0.1303 -0.0153 -0.1067
1770392136.4835 0.0693 -0.1373 -0.1067
1770392136.4954 0.2524 -0.0458 -0.2899
1770392136.5074 -0.1749 -0.0763 -0.1373
1770392136.5195 -0.1138 0.0153 -0.1067
1770392136.5315 -0.0833 0.3204 -0.1983
1770392136.5436 -0.0833 -0.1678 -0.0457
1770392136.5557 0.0082 -0.1678 -0.1678
1770392136.5676 0.1913 -0.0763 -0.1678
1770392136.5796 -0.1749 -0.1068 -0.0152
1770392136.5918 -0.1749 -0.0153 0.1069
1770392136.6039 0.0082 0.0153 0.0764
1770392136.6159 0.0388 0.3510 0.0153
1770392136.6279 -0.1138 0.1373 -0.1678
1770392136.6399 -0.2359 0.1678 -0.2288
1770392136.6519 0.0693 0.1984 0.1374
1770392136.6640 -0.1443 0.0153 -0.0457
1770392136.6758 0.0998 0.0153 0.0458
1770392136.6880 -0.1443 0.0458 -0.0457
1770392136.7000 -0.0223 -0.0458 0.0458
1770392136.7120 -0.1443 0.0763 -0.3204
1770392136.7240 -0.2969 0.0458 -0.2899
1770392136.7360 0.1608 0.1373 -0.0457
1770392136.7481 -0.0833 0.1068 -0.1983
1770392136.7600 -0.3580 0.3815 0.1069
1770392136.7720 0.0082 -0.0458 0.0458
1770392136.7841 -0.3580 0.1678 -0.1678
1770392136.7961 -0.2664 0.2289 -0.3204
1770392136.8082 0.0082 -0.1068 0.0153
1770392136.8201 0.2219 0.0153 -0.0762
1770392136.8321 -0.0833 0.0458 -0.0762
1770392136.8441 -0.0223 0.1984 0.1679
1770392136.8563 -0.1443 0.0458 0.0153
1770392136.8682 -0.2359 -0.0153 -0.3204
1770392136.8802 0.0693 0.0458 -0.1983
1770392136.8914 0.1913 0.0763 -0.1373
1770392136.9036 -0.0833 -0.1373 0.1069
1770392136.9156 -0.0833 0.0763 -0.1983
1770392136.9277 -0.2054 -0.1373 0.0458
1770392136.9398 -0.2664 0.1373 -0.1067
1770392136.9518 0.0388 0.1678 0.1374
1770392136.9639 -0.0528 -0.1678 -0.2593
1770392136.9763 -0.1138 -0.0458 0.2900
1770392136.9878 0.0693 0.1678 -0.0457
1770392136.9999 -0.1749 0.0153 0.2595
1770392137.0119 0.0998 0.2594 -0.0152
1770392137.0240 -0.3275 -0.2899 -0.1678
1770392137.0361 -0.1749 0.1373 -0.3509
1770392137.0481 0.0693 -0.0458 -0.2288
1770392137.0601 0.0388 0.3204 -0.0152
1770392137.0721 -0.0528 0.0153 0.0764
1770392137.0842 0.1608 -0.1068 0.0153
1770392137.0963 -0.0833 0.1373 -0.0457
1770392137.1083 -0.0223 0.0458 -0.2899
1770392137.1202 -0.2664 -0.0763 -0.1067
1770392137.1323 -0.2664 -0.3510 -0.0457
1770392137.1444 -0.1138 -0.1373 0.1374
1770392137.1564 0.2829 -0.1373 0.0153
1770392137.1684 0.0082 0.1678 -0.0762
1770392137.1805 -0.1443 0.0763 -0.0457
1770392137.1919 -0.0223 0.0458 -0.2899
1770392137.2039 -0.0528 0.2594 -0.2288
1770392137.2159 -0.1443 -0.1373 -0.1067
1770392137.2279 -0.1138 0.2289 0.0153
1770392137.2399 0.0388 0.1068 -0.0457
1770392137.2519 -0.0833 0.0458 0.0764
1770392137.2640 -0.1749 -0.1068 0.2900
1770392137.2760 -0.1749 0.0153 -0.0762
1770392137.2882 0.3134 0.0153 -0.0457
1770392137.3002 0.2219 -0.1678 0.0153
1770392137.3115 0.0082 0.1678 -0.1373
1770392137.3238 -0.0833 0.1068 -0.1067
1770392137.3362 -0.1138 0.1373 0.0764
1770392137.3483 -0.1138 0.1068 0.1374
1770392137.3594 -0.0528 0.2289 -0.2288
1770392137.3717 -0.0223 0.0763 0.0153
1770392137.3838 -0.0528 0.2289 -0.0762
1770392137.3957 0.0998 -0.2594 0.1374
1770392137.4079 -0.1749 0.1984 0.0458
1770392137.4199 -0.1138 -0.0153 -0.0152
1770392137.4319 0.0693 0.0458 -0.0457
1770392137.4439 -0.0528 0.0153 0.1069
1770392137.4559 -0.1138 -0.0458 -0.1373
1770392137.4679 0.0998 -0.0458 0.0153
1770392137.4801 0.0388 0.1373 -0.1067
1770392137.4915 -0.1443 0.1678 -0.0762
1770392137.5036 0.0082 -0.1678 -0.1067
1770392137.5157 0.0998 -0.1373 -0.1067
1770392137.5278 -0.2054 0.0458 -0.2288
1770392137.5398 -0.1749 0.1373 -0.1678
1770392137.5519 -0.0223 -0.0763 0.0153
1770392137.5642 0.0388 0.1068 0.0458
1770392137.5765 0.0082 0.2289 -0.1067
1770392137.5877 0.0998 0.0153 -0.0152
1770392137.5997 -0.0223 -0.0763 0.0458
1770392137.6120 0.0388 0.0763 0.0458
1770392137.6241 -0.2969 0.1984 -0.0457
1770392137.6362 -0.0528 -0.1984 -0.0457
1770392137.6483 -0.2054 -0.0458 -0.3509
1770392137.6597 -0.1138 -0.1068 -0.1373
1770392137.6718 -0.0833 -0.0458 0.0458
1770392137.6839 -0.0528 0.0458 0.1679
1770392137.6959 -0.0223 0.1373 -0.0457
1770392137.7079 0.1608 -0.0153 -0.0457
1770392137.7199 -0.1443 0.2289 0.2289
1770392137.7318 0.1303 -0.0458 0.0153
1770392137.7439 0.0998 0.2289 -0.0762
1770392137.7560 -0.1138 -0.1373 0.1679
1770392137.7679 0.0693 0.0153 -0.0457
1770392137.7804 0.0082 0.1068 -0.2288
1770392137.7926 -0.2969 -0.0458 -0.1373
1770392137.8037 0.1913 -0.0153 -0.0457
1770392137.8158 -0.0223 0.1984 -0.1983
1770392137.8277 0.0082 0.1373 -0.0762
1770392137.8398 -0.1443 0.0763 -0.2288
1770392137.8517 0.0693 0.0458 -0.0152
1770392137.8638 -0.0833 0.1678 0.4731
1770392137.8758 -0.1138 0.1068 -0.2288
1770392137.8879 0.1608 -0.1678 0.0153
1770392137.8999 -0.0223 -0.1068 -0.1678
1770392137.9119 0.0693 0.0153 -0.1678
1770392137.9239 -0.2359 0.1984 0.3205
1770392137.9361 0.0998 -0.1068 -0.1373
1770392137.9480 -0.1749 -0.1373 -0.0152
1770392137.9600 0.1303 -0.1373 0.1069
1770392137.9719 -0.2359 -0.1373 -0.1067
1770392137.9844 -0.1138 -0.3204 0.1069
1770392137.9964 -0.0223 -0.1068 0.0458
1770392138.0084 -0.2969 -0.0153 0.0458
1770392138.0204 0.0998 0.2289 0.0458
1770392138.0325 0.0693 -0.0458 0.0153
1770392138.0436 -0.0528 0.1373 0.0764
1770392138.0556 0.0998 0.1068 0.0153
1770392138.0676 -0.1138 0.1068 -0.2593
1770392138.0796 -0.0223 0.1678 -0.1678
1770392138.0916 0.0388 0.0763 -0.1373
1770392138.1038 0.0082 0.1678 -0.1678
1770392138.1158 0.0998 -0.0153 0.1374
1770392138.1277 -0.1138 0.4425 -0.2288
1770392138.1399 -0.0223 0.0763 -0.1067
1770392138.1519 0.2219 -0.0458 -0.1983
1770392138.1639 0.0388 -0.0153 0.0153
1770392138.1759 -0.1443 -0.0153 -0.1983
1770392138.1883 0.1608 0.0763 -0.2288
1770392138.2005 -0.1443 -0.1068 0.0153
1770392138.2124 -0.0833 0.0458 -0.1067
1770392138.2245 -0.0528 -0.0763 0.1679
1770392138.2366 -0.0223 -0.1373 0.2289
1770392138.2486 0.1608 0.1373 -0.1067
1770392138.2606 -0.1443 0.1678 0.3205
1770392138.2725 -0.3885 0.0458 0.2595
1770392138.2846 -0.2359 -0.1373 0.1984
1770392138.2966 -0.1443 0.0458 0.0153
1770392138.3086 0.0388 -0.1068 -0.1373
1770392138.3196 -0.2969 -0.0458 -0.0762
1770392138.3316 -0.0528 0.1984 0.1374
1770392138.3437 -0.0833 0.0458 -0.0152
1770392138.3559 -0.0528 -0.0458 0.0458
1770392138.3681 0.0693 0.0458 0.2900
1770392138.3806 0.0693 0.1373 0.1069
1770392138.3916 0.0998 0.0763 -0.3509
1770392138.4047 -0.0528 -0.0763 -0.1373
1770392138.4157 -0.0833 0.0458 0.0458
1770392138.4286 -0.0528 -0.0458 -0.1067
1770392138.4398 -0.0528 0.1678 -0.0457
1770392138.4519 0.0998 -0.0458 0.0458
1770392138.4641 0.1913 -0.1373 0.1069
1770392138.4765 -0.0833 -0.1984 0.1069
1770392138.4879 0.0082 0.0763 -0.1678
1770392138.5000 -0.0528 0.1984 -0.1983
1770392138.5118 0.0693 -0.0458 0.0153
1770392138.5239 0.0693 -0.0458 0.0764
1770392138.5361 -0.1443 0.2289 0.1679
1770392138.5481 0.0082 0.1068 -0.0762
1770392138.5601 0.0082 -0.0153 0.2595
1770392138.5722 -0.1138 0.1373 0.2289
1770392138.5846 0.1608 0.0458 -0.0457
1770392138.5967 -0.0528 0.0458 -0.1067
1770392138.6087 -0.3275 -0.0763 0.0458
1770392138.6207 -0.0223 0.1678 -0.1067
1770392138.6317 -0.2969 -0.0153 0.2289
1770392138.6438 -0.4190 0.0458 0.0764
1770392138.6558 -0.2664 -0.2899 -0.3509
1770392138.6678 -0.0223 -0.0458 0.1069
1770392138.6799 -0.2664 0.0458 0.0458
1770392138.6918 -0.0223 0.0458 0.0458
1770392138.7038 0.0388 -0.0153 -0.3814
1770392138.7160 0.0082 0.3815 -0.1678
1770392138.7280 -0.1138 -0.2289 -0.1067
1770392138.7401 -0.0833 0.0153 -0.1373
1770392138.7521 -0.1749 0.1984 -0.1373
1770392138.7641 -0.2054 -0.0763 -0.1067
1770392138.7767 -0.0833 -0.1678 0.2289
1770392138.7879 -0.0223 -0.0458 -0.1067
1770392138.8000 -0.1443 0.1678 -0.0457
1770392138.8121 -0.1443 -0.1373 -0.1067
1770392138.8242 -0.0223 0.2289 0.1679
1770392138.8363 0.0388 0.0763 -0.0457
1770392138.8483 -0.0528 -0.1984 0.1069
1770392138.8604 -0.1443 0.1984 -0.0457
1770392138.8727 -0.0833 -0.0763 -0.0457
1770392138.8840 0.0693 -0.0458 0.5036
1770392138.8962 -0.1138 -0.0763 0.2289
1770392138.9082 0.1608 -0.0153 0.0153
1770392138.9202 -0.0223 -0.0153 -0.4424
1770392138.9320 -0.1138 0.0458 0.0153
1770392138.9441 -0.1443 -0.0153 -0.1983
1770392138.9561 -0.1749 0.0458 -0.1983
1770392138.9681 -0.2664 0.1373 -0.0762
1770392138.9805 0.0693 0.0458 -0.3204
1770392138.9926 -0.2969 0.0763 -0.1373
1770392139.0046 -0.0223 0.1373 0.1374
1770392139.0167 0.0693 -0.0153 -0.1678
1770392139.0287 -0.0528 0.0458 -0.0152
1770392139.0398 0.0388 0.0763 -0.1678
1770392139.0519 -0.0223 0.0153 -0.1067
1770392139.0644 0.1303 -0.0763 -0.1067
1770392139.0765 0.1913 0.0153 0.0153
1770392139.0886 -0.2359 -0.1984 0.1679
1770392139.1006 -0.2969 -0.0458 0.1374
1770392139.1128 0.0998 0.0153 0.1069
1770392139.1248 -0.0223 -0.2289 0.1984
1770392139.1358 0.0998 -0.0153 -0.1678
1770392139.1478 -0.2054 0.0458 0.0458
1770392139.1598 -0.0833 -0.1373 -0.2593
1770392139.1728 -0.1749 -0.0153 -0.0457
1770392139.1839 -0.1443 0.0763 -0.3509
1770392139.1960 0.0082 -0.1373 0.1069
1770392139.2083 -0.1749 -0.0153 -0.0457
1770392139.2203 -0.0833 0.2899 -0.0152
1770392139.2326 -0.0528 -0.1678 0.1679
1770392139.2447 -0.1443 -0.1068 0.1374
1770392139.2568 0.0082 -0.2594 -0.1678
1770392139.2687 -0.1443 -0.1068 0.0458
1770392139.2806 -0.2359 0.0458 -0.3204
1770392139.2927 -0.2969 0.0153 -0.0457
1770392139.3046 -0.0833 -0.0458 0.0458
1770392139.3167 -0.1749 0.0763 0.1374
1770392139.3287 0.0693 -0.1373 0.0458
1770392139.3407 -0.1749 -0.0153 -0.2288
1770392139.3526 0.0998 -0.2289 -0.0152
1770392139.3646 -0.1443 0.1373 -0.0762
1770392139.3761 0.1608 0.0763 -0.1678
1770392139.3883 0.2219 0.0153 -0.2288
1770392139.4003 -0.1443 -0.0458 -0.2899
1770392139.4123 -0.1138 0.1068 -0.0762
1770392139.4244 0.0082 0.0153 -0.3509
1770392139.4364 -0.1443 -0.1373 -0.0152
1770392139.4483 -0.1138 -0.0153 -0.1067
1770392139.4603 0.1303 0.3510 0.1984
1770392139.4723 0.0388 -0.1373 0.2595
1770392139.4844 0.0998 -0.0763 -0.0762
1770392139.4964 -0.0833 -0.0763 -0.0762
1770392139.5085 -0.2969 0.1373 0.1374
1770392139.5205 0.0388 -0.0458 0.1374
1770392139.5324 0.0082 0.1678 -0.1067
1770392139.5445 0.0693 -0.0458 0.0458
1770392139.5566 0.0388 -0.2594 -0.2593
1770392139.5686 -0.0223 0.0153 -0.0762
1770392139.5807 -0.2664 -0.0458 -0.4119
1770392139.5929 -0.0223 0.0153 0.1374
1770392139.6049 -0.1443 0.0458 0.1069
1770392139.6159 0.1303 0.1678 -0.3204
1770392139.6289 -0.0528 -0.0458 0.0458
1770392139.6399 -0.3580 -0.1373 -0.2288
1770392139.6519 0.1303 0.1984 0.0458
1770392139.6640 -0.1443 0.0153 -0.0762
1770392139.6759 0.0082 0.2594 0.0153
1770392139.6881 -0.2054 -0.4120 -0.0152
1770392139.7001 -0.1443 0.1984 0.0153
1770392139.7121 -0.2664 -0.1678 0.3815
1770392139.7240 -0.0833 0.0763 -0.1067
1770392139.7362 0.0388 0.0153 -0.0762
1770392139.7481 0.0693 0.1068 -0.0762
1770392139.7601 -0.1443 -0.0458 -0.0762
1770392139.7722 -0.1138 0.1068 0.1679
1770392139.7846 -0.0223 0.1678 0.1984
1770392139.7966 -0.3275 0.0153 0.2289
1770392139.8087 0.0388 -0.0763 -0.3509
1770392139.8206 -0.1749 0.1373 0.2900
1770392139.8327 0.1913 0.2899 -0.0457
1770392139.8447 -0.0833 -0.0763 0.2900
1770392139.8567 0.0998 -0.1373 -0.3814
1770392139.8687 -0.1443 0.1068 -0.1373
1770392139.8807 0.0082 0.0458 -0.0762
1770392139.8927 -0.0528 -0.0763 0.0458
1770392139.9048 -0.1749 0.1678 0.0458
1770392139.9167 -0.2664 0.0153 0.0458
1770392139.9288 -0.0223 0.1373 -0.0762
1770392139.9408 -0.1443 -0.1373 -0.1373
1770392139.9520 0.1608 0.2289 0.1374
1770392139.9641 -0.0528 -0.0458 -0.1373
1770392139.9761 0.1303 0.0458 0.0458
1770392139.9886 -0.1443 -0.1678 0.1679
1770392140.0007 -0.2664 -0.0153 -0.0152
1770392140.0129 -0.0833 0.0763 0.0764
1770392140.0241 -0.0223 0.0763 0.1069
1770392140.0362 -0.5716 0.1373 0.1069
1770392140.0484 -0.3275 -0.1984 -0.2288
1770392140.0603 -0.0833 -0.0458 -0.1067
1770392140.0724 -0.1443 0.1068 0.2289
1770392140.0845 -0.2054 0.0153 0.0458
1770392140.0966 -0.3275 -0.0458 0.0458
1770392140.1087 0.0082 -0.0153 0.1679
1770392140.1207 0.1303 -0.1678 -0.0762
1770392140.1327 -0.1749 0.1068 -0.0457
1770392140.1448 0.0998 -0.1373 -0.1983
1770392140.1568 -0.2359 0.0763 -0.0152
1770392140.1689 0.0693 0.0153 0.2289
1770392140.1809 0.0693 0.1068 -0.1983
1770392140.1930 -0.1443 0.2899 -0.0152
1770392140.2050 -0.2054 0.1068 0.1984
1770392140.2161 -0.1138 -0.1373 0.1069
1770392140.2281 0.2829 -0.5341 0.0458
1770392140.2401 -0.1138 0.1373 0.1374
1770392140.2521 -0.1443 -0.4425 0.6562
1770392140.2642 -0.0528 -0.9308 0.3510
1770392140.2761 -0.2359 0.1068 -0.3204
1770392140.2885 0.0693 0.2899 -0.1983
1770392140.3006 -0.3580 -0.0153 0.5341
1770392140.3129 -0.1749 0.1678 0.1069
1770392140.3251 -0.3580 -0.2594 -0.4424
1770392140.3362 0.0693 -0.7782 0.0153
1770392140.3482 -0.1749 -0.5341 0.3815
1770392140.3602 0.4050 -0.0458 0.5646
1770392140.3722 -0.0528 0.9613 2.2736
1770392140.3845 -0.0528 0.8087 3.5554
1770392140.3964 -0.2969 -0.5646 1.9990
1770392140.4085 -0.4495 -1.5106 -0.5035
1770392140.4204 -0.3580 -0.3204 -2.8839
1770392140.4324 0.1303 0.5646 -5.0201
1770392140.4446 -0.0223 0.4730 -6.1187
1770392140.4569 -1.1209 -2.8229 -3.7689
1770392140.4691 0.4355 -1.6632 3.7995
1770392140.4803 -0.4190 2.2430 10.2387
1770392140.4927 -0.6326 -1.6937 4.1657
1770392140.5051 0.2829 0.6256 -0.0457
1770392140.5163 0.0082 -4.1046 -1.8463
1770392140.5289 1.4426 -1.7242 -1.0833
1770392140.5401 0.1608 -0.9613 -0.0762
1770392140.5526 1.4120 -1.5717 -1.2054
1770392140.5641 0.1913 0.6256 -0.0762
1770392140.5766 -0.3580 1.0223 0.9003
1770392140.5888 -0.6326 1.7242 1.9074
1770392140.6002 -0.8768 1.8768 1.9990
1770392140.6124 -0.2664 0.2289 0.0458
1770392140.6248 -0.7242 -0.1678 -1.2969
1770392140.6369 -0.0528 -0.8698 0.5646
1770392140.6491 0.3439 -1.9379 1.1750
1770392140.6603 0.8627 -0.7172 -0.0457
1770392140.6724 0.5270 0.3204 0.7477
1770392140.6847 -0.0528 1.6632 4.2573
1770392140.6969 0.2219 1.7853 7.9804
1770392140.7092 -0.5411 0.3510 11.0322
1770392140.7202 -0.1749 -1.8463 5.2949
1770392140.7324 -0.2054 0.8698 -5.0506
1770392140.7450 0.0998 5.6305 -9.2315
1770392140.7562 -0.4190 -1.7853 3.4028
1770392140.7685 3.3957 2.3651 0.9614
1770392140.7807 2.1140 4.7455 5.6916
1770392140.7927 -0.8463 2.7924 9.5063
1770392140.8051 -1.9144 2.7008 15.5793
1770392140.8165 1.1679 7.6141 14.2670
1770392140.8292 2.2665 1.5106 14.2060
1770392140.8406 2.6938 4.3793 17.7155
1770392140.8528 4.2502 -0.7172 15.0910
1770392140.8652 0.3134 -1.3580 17.2883
1770392140.8764 6.9052 -0.6561 15.0300
1770392140.8888 1.5036 -6.1188 15.2131
1770392140.9008 3.8229 -8.6517 13.8398
1770392140.9131 6.4169 -1.9989 11.7036
1770392140.9242 4.2502 -0.0763 11.9477
1770392140.9365 4.3723 -4.2267 13.5956
1770392140.9488 1.9919 -4.2572 17.3798
1770392140.9611 3.1516 -0.9613 14.2670
1770392140.9723 5.5014 -0.4730 17.4714
1770392140.9850 0.2219 6.2408 19.1193
1770392140.9962 1.8088 4.6539 17.1357
1770392141.0085 4.0366 0.9308 14.9079
1770392141.0207 4.0671 5.5084 9.5673
1770392141.0329 2.2360 3.3722 9.2011
1770392141.0443 1.1984 5.1422 8.3466
1770392141.0567 -0.6326 6.8512 11.6120
1770392141.0690 -1.4261 6.2408 8.9265
1770392141.0813 0.1608 4.6234 8.9570
1770392141.0924 -4.9966 -2.4261 15.6708
1770392141.1048 -0.0833 2.3346 7.0038
1770392141.1169 -2.9214 0.9003 12.8632
1770392141.1287 -0.5106 0.2594 9.9641
1770392141.1404 -1.8533 -2.0905 3.8911
1770392141.1529 -0.0223 -2.4872 5.5390
1770392141.1643 -0.4800 3.7994 10.7270
1770392141.1768 -1.4261 0.4120 13.5651
1770392141.1884 1.9919 0.0153 2.3652
1770392141.2008 -1.0294 1.7853 -1.6021
1770392141.2131 0.6796 1.4801 -3.4942
1770392141.2244 -0.3885 -1.3580 -1.7852
1770392141.2367 -0.4495 0.7172 -1.0833
1770392141.2485 -0.0833 0.3510 0.9308
1770392141.2609 0.1608 -0.0763 1.8464
1770392141.2731 0.4355 0.3815 1.2665
1770392141.2843 0.0082 -0.4425 0.5036
1770392141.2965 0.0082 0.1984 -1.7852
1770392141.3087 -0.5411 -0.4425 -1.3885
1770392141.3203 -0.2054 -0.2594 -0.9307
1770392141.3326 0.4355 -1.2665 2.8840
1770392141.3443 0.3439 -1.9684 4.2573
1770392141.3565 0.3439 -0.5951 0.5036
1770392141.3686 -0.4800 0.6561 -2.4871
1770392141.3809 -0.0223 -0.0458 -1.1138
1770392141.3932 -0.6021 0.9613 1.5107
1770392141.4045 0.1608 -0.5341 0.5646
1770392141.4167 -0.1443 -0.4730 -0.9307
1770392141.4289 0.0998 -0.1373 -0.8392
1770392141.4414 -0.3885 0.1068 1.3276
1770392141.4524 -0.2664 1.0529 0.5036
1770392141.4648 -0.2359 -0.2289 -0.4119
1770392141.4771 -0.0528 0.5341 -0.6561
1770392141.4885 -0.0223 -0.4120 0.8698
1770392141.5008 0.4355 0.0153 0.0764
1770392141.5127 0.2524 0.0763 -1.0223
1770392141.5254 -0.0833 0.3815 -0.5035
1770392141.5371 -0.3275 0.4120 0.4731
1770392141.5484 -0.2664 0.2289 0.4426
1770392141.5606 -0.0223 -0.2289 -0.5035
1770392141.5728 0.1608 -0.4425 -0.1373
1770392141.5844 0.1913 -0.4425 0.2289
1770392141.5965 -0.2664 0.0153 0.1984
1770392141.6087 0.1303 0.1678 -0.3204
1770392141.6208 0.0388 0.2289 -0.4119
1770392141.6332 0.1303 0.2899 -0.0152
1770392141.6446 0.1303 -0.1068 0.2289
1770392141.6569 -0.0833 -0.1373 -0.1678
1770392141.6691 -0.1749 -0.2289 0.0458
1770392141.6814 -0.1138 -0.0763 -0.0762
1770392141.6926 -0.2054 0.0458 0.3815
1770392141.7050 0.0082 0.0763 -0.1678
1770392141.7173 0.1608 -0.1984 -0.4119
1770392141.7286 -0.1749 0.0458 -0.0762
1770392141.7412 0.0082 0.1068 0.2289
1770392141.7524 -0.1138 0.1984 0.0153
1770392141.7648 -0.1749 0.1068 -0.0457
1770392141.7770 0.0693 0.4120 0.0764
1770392141.7894 0.0693 0.1373 0.2289
1770392141.8006 -0.1749 0.3510 0.2595
1770392141.8128 -0.2664 -0.3510 -0.0457
1770392141.8251 -0.1138 -0.5035 0.2289
1770392141.8374 -0.0528 0.0763 -0.1373
1770392141.8485 -0.0223 0.1678 0.0458
1770392141.8607 -0.2054 0.1373 -0.2288
1770392141.8729 -0.0223 -0.4425 -0.3204
1770392141.8853 -0.2359 -0.9918 -0.0457
1770392141.8965 -0.1138 -0.6561 0.1374
1770392141.9087 0.0998 -0.1373 -0.1067
1770392141.9209 0.1913 0.0763 -0.3204
1770392141.9332 -0.2359 -0.5951 0.0764
1770392141.9445 -0.1443 -0.9308 0.5036
1770392141.9567 -0.4800 -1.4191 0.2595
1770392141.9688 0.0082 -0.8392 0.0458
1770392141.9811 -0.2359 0.2899 0.3205
1770392141.9926 0.3134 0.7477 0.1374
1770392142.0049 0.0388 0.3510 -0.3509
1770392142.0171 -0.2664 -0.8087 -0.3814
1770392142.0293 -0.6021 -2.8839 0.7477
1770392142.0407 -0.2359 -1.9989 0.4120
1770392142.0529 0.0388 -0.5035 0.2595
1770392142.0653 0.4050 1.0223 0.7783
1770392142.0764 0.6491 0.9308 1.0834
1770392142.0889 0.0693 1.5106 -0.2593
1770392142.1011 -0.5716 3.0060 -1.1138
1770392142.1134 -0.1749 1.3886 0.3510
1770392142.1246 0.0388 0.7782 0.8393
1770392142.1370 0.0082 -1.5717 -0.3509
1770392142.1491 0.6491 -2.8229 -0.9307
1770392142.1605 -0.0223 -2.3041 -0.6561
1770392142.1737 0.0998 0.0763 -0.1983
1770392142.1853 -0.5106 1.4801 -0.0152
1770392142.1975 -0.4495 -0.0763 2.7009
1770392142.2087 -0.6631 0.1984 3.2197
1770392142.2209 -0.9073 0.4425 2.7314
1770392142.2332 -0.6937 -0.3510 4.6235
1770392142.2456 -0.5411 0.2594 8.1635
1770392142.2568 -0.4190 -0.0153 9.6284
1770392142.2689 -0.9378 -1.1749 3.8911
1770392142.2813 0.0693 1.3275 -3.9520
1770392142.2935 -0.2664 1.4191 -10.7879
1770392142.3048 -0.8157 -2.3651 -12.6800
1770392142.3170 -1.0294 -6.2714 -0.0152
1770392142.3293 -0.7852 6.4545 7.7363
1770392142.3408 -1.4566 3.3417 5.7526
1770392142.3531 2.1140 -4.6539 6.6376
1770392142.3655 -1.7007 6.9122 19.5466
1770392142.3767 1.1984 5.5389 10.6049
1770392142.3890 -0.7547 1.9379 10.5744
1770392142.4013 0.9238 -5.3253 15.7319
1770392142.4135 -0.3580 -0.4425 12.6801
1770392142.4248 0.5881 7.4615 -2.1209
1770392142.4371 1.1069 3.1586 -2.6092
1770392142.4493 -1.0904 -5.6915 7.2785
1770392142.4616 -0.7242 3.0365 -0.0762
1770392142.4729 0.3439 5.6610 0.6867
1770392142.4852 0.5576 -5.2032 10.7880
1770392142.4976 0.6186 0.5341 7.9194
1770392142.5087 -0.1138 6.9122 4.9897
1770392142.5210 -1.0599 1.0223 5.3254
1770392142.5332 3.0295 1.5106 1.2971
1770392142.5456 -2.2806 2.5482 -4.9285
1770392142.5572 0.9848 -2.3346 -7.8277
1770392142.5694 -0.8768 -1.3580 -7.9803
1770392142.5807 0.8932 1.9379 -4.9590
1770392142.5931 -0.0833 -1.5411 0.0458
1770392142.6054 1.0153 -1.5106 3.3723
1770392142.6177 -0.3885 2.1820 4.6540
1770392142.6291 -0.4495 2.1210 3.5248
1770392142.6410 -0.5411 -1.4496 0.1069
1770392142.6533 -0.1749 -2.7008 1.5717
1770392142.6656 -0.4800 2.4261 1.9074
1770392142.6767 -0.2054 -1.1444 0.5341
1770392142.6891 0.9238 -1.3580 -1.6937
1770392142.7012 -0.5716 0.6561 -1.9988
1770392142.7134 0.2524 -0.7172 -3.4332
1770392142.7255 -0.2359 -1.4496 -2.0599
1770392142.7368 -0.1138 1.0223 -1.0528
1770392142.7489 -0.0833 0.1678 1.2971
1770392142.7612 -0.0223 -0.4120 2.4262
1770392142.7733 0.1913 0.8698 3.3723
1770392142.7851 -0.1443 0.1678 2.7314
1770392142.7976 0.0998 -0.4120 0.8698
1770392142.8088 0.0082 0.0153 -0.9002
1770392142.8210 0.0082 0.1373 -1.7242
1770392142.8333 -0.3275 -1.2360 -0.6255
1770392142.8456 -0.1138 -0.2899 1.7853
1770392142.8569 0.0693 1.3275 3.0976
1770392142.8691 0.4660 0.2594 0.4731
1770392142.8813 -0.3275 0.4120 -1.3580
1770392142.8937 -0.2054 -0.0458 -1.9073
1770392142.9050 -0.2054 -0.4120 -1.6021
1770392142.9172 0.1913 0.5035 -0.4730
1770392142.9296 -0.1138 -0.0763 0.8393
1770392142.9409 -0.1749 -0.2289 1.2971
1770392142.9534 0.1913 0.1984 0.4426
1770392142.9657 -0.3275 -0.0153 -0.6866
1770392142.9770 -0.0528 0.1373 -0.9918
1770392142.9895 -0.3275 0.1678 -0.5645
1770392143.0009 -0.0223 -0.2899 -0.1067
1770392143.0131 0.0082 -0.1678 0.3205
1770392143.0255 -0.1749 0.4120 -0.1067
1770392143.0368 -0.0528 -0.3204 -0.1678
1770392143.0490 -0.1749 0.1068 -0.2593
1770392143.0613 -0.0833 0.3204 0.0458
1770392143.0735 0.0082 -0.1373 0.1984
1770392143.0858 0.0082 0.1373 0.6562
1770392143.0970 0.0998 0.1678 -0.0152
1770392143.1093 0.1303 -0.2289 -0.0152
1770392143.1216 0.0693 0.0153 0.1069
1770392143.1338 0.0388 -0.0458 0.0153
1770392143.1451 0.0082 0.0458 -0.1067
1770392143.1574 -0.1138 0.0153 -0.2288
1770392143.1696 -0.0528 -0.0153 -0.3814
1770392143.1818 -0.0223 0.1678 -0.0457
1770392143.1934 0.0388 0.1068 0.3510
1770392143.2057 0.2524 0.0153 0.0153
1770392143.2171 -0.2054 0.1373 0.0153
1770392143.2294 -0.0833 -0.0763 0.1679
1770392143.2411 -0.3275 0.1678 0.1679
1770392143.2534 0.0388 -0.0153 0.1984
1770392143.2657 0.0998 -0.0458 0.0764
1770392143.2769 0.0998 0.0153 -0.1067
1770392143.2893 0.0082 0.2289 -0.2288
1770392143.3015 0.0998 -0.0458 0.0153
1770392143.3136 -0.1749 0.0458 0.1069
1770392143.3258 -0.2054 -0.0153 -0.5035
1770392143.3371 -0.1443 -0.1068 -0.1373
1770392143.3492 -0.1138 -0.0153 -0.0457
1770392143.3615 0.0693 -0.0458 -0.2899
1770392143.3737 -0.1749 -0.0763 0.0153
1770392143.3853 0.0388 -0.0153 0.1679
1770392143.3977 -0.1749 0.0763 0.1374
1770392143.4091 0.0693 -0.0763 -0.0457
1770392143.4212 -0.0833 -0.0153 -0.2288
1770392143.4335 -0.1749 0.0458 -0.1373
1770392143.4458 -0.1138 -0.1678 -0.0152
1770392143.4572 -0.0223 0.0458 0.2289
1770392143.4693 -0.0223 0.1068 0.0458
1770392143.4816 -0.0833 -0.0763 0.0153
1770392143.4935 -0.0528 -0.0458 0.1374
1770392143.5052 -0.2359 -0.1373 0.0153
1770392143.5175 0.0082 -0.0763 -0.0762
1770392143.5298 -0.0528 0.3204 -0.0152
1770392143.5411 -0.0528 0.1068 -0.1067
1770392143.5536 0.0998 0.0763 -0.1678
1770392143.5659 0.0388 -0.1373 0.0153
1770392143.5772 -0.1749 0.0763 0.0764
1770392143.5895 -0.2054 0.0763 0.0764
1770392143.6017 -0.1749 -0.0458 0.0764
1770392143.6130 -0.1138 0.2289 -0.1373
1770392143.6252 -0.0833 -0.1373 0.2289
1770392143.6376 -0.0528 0.1068 -0.2288
1770392143.6501 -0.2969 0.0458 0.0458
1770392143.6612 -0.1138 -0.0458 -0.0152
1770392143.6733 -0.0528 -0.1068 -0.0762
1770392143.6854 -0.0833 0.1984 -0.0152
1770392143.6975 0.0998 -0.0763 0.1984
1770392143.7095 -0.2359 0.1373 -0.0762
1770392143.7217 0.2219 0.0458 0.0458
1770392143.7338 -0.3580 0.0153 0.0153
1770392143.7459 -0.1138 0.0458 -0.0762
1770392143.7571 -0.2054 0.0153 -0.0152
1770392143.7691 -0.2359 0.1373 -0.1067
1770392143.7816 -0.0528 -0.0153 -0.1678
1770392143.7939 0.2219 0.2289 0.1679
1770392143.8050 -0.0223 0.0458 -0.1983
1770392143.8171 -0.2054 0.1678 -0.0457
1770392143.8291 -0.1138 -0.0153 -0.1067
1770392143.8412 -0.3885 -0.1068 -0.0762
1770392143.8532 0.1913 0.0153 0.0764
1770392143.8653 -0.1443 0.1984 0.1069
1770392143.8773 -0.0833 -0.1068 -0.1067
1770392143.8895 0.0082 0.1678 0.1069
1770392143.9014 0.0388 0.0458 -0.0152
1770392143.9135 0.0693 0.0458 -0.1067
1770392143.9255 -0.1138 -0.0458 -0.1067
1770392143.9378 0.0388 0.1678 0.0153
1770392143.9497 0.0998 0.1068 -0.0457
1770392143.9618 -0.3580 0.0153 0.0153
1770392143.9740 -0.0528 -0.0763 -0.1067
1770392143.9853 0.0388 0.1984 0.0458
1770392143.9976 0.0388 -0.0153 -0.2899
1770392144.0096 -0.0528 0.0153 -0.1067
1770392144.0216 -0.0528 0.1373 0.1679
1770392144.0337 0.0693 -0.1068 -0.1678
1770392144.0459 0.1303 0.1373 -0.1983
1770392144.0580 -0.1749 -0.2289 -0.0762
1770392144.0692 0.0082 -0.0763 -0.1067
1770392144.0813 -0.0528 -0.2899 -0.3204
1770392144.0937 -0.0223 0.0763 0.2289
1770392144.1058 -0.2359 -0.1678 -0.1373
1770392144.1179 -0.0833 0.0458 -0.1678
1770392144.1299 0.0388 0.1068 0.0458
1770392144.1421 -0.0223 -0.1068 0.1984
1770392144.1542 -0.3885 -0.1373 -0.0152
1770392144.1654 0.2829 -0.1068 -0.1373
1770392144.1773 -0.0223 0.0153 0.0153
1770392144.1895 0.0388 0.3815 -0.0457
1770392144.2014 -0.1443 0.1678 -0.0152
1770392144.2137 -0.4800 0.1068 -0.1678
1770392144.2256 -0.1443 -0.0458 0.0153
1770392144.2378 -0.1749 -0.0763 0.0153
1770392144.2497 -0.0528 -0.1373 -0.0152
1770392144.2619 0.0693 0.0153 -0.1678
1770392144.2740 -0.1443 -0.0153 0.1984
1770392144.2861 -0.3275 -0.0458 -0.0152
1770392144.2982 0.0388 0.2899 0.1374
1770392144.3093 -0.1443 0.1373 -0.2899
1770392144.3214 -0.0223 0.1068 0.1679
1770392144.3334 0.0998 0.1984 -0.1373
1770392144.3455 -0.0528 -0.0763 0.0458
1770392144.3577 -0.0223 -0.0153 0.0764
1770392144.3697 -0.1749 0.1373 0.0458
1770392144.3814 -0.0223 -0.2594 0.0458
1770392144.3936 -0.2359 0.2899 0.0458
1770392144.4058 -0.0528 0.0153 -0.0457
1770392144.4178 -0.2054 0.2289 -0.2593
1770392144.4298 -0.1138 -0.1984 0.1374
1770392144.4419 -0.2664 0.1678 0.0153
1770392144.4540 0.0082 0.1068 0.1679
1770392144.4661 -0.0528 -0.1068 -0.1983
1770392144.4782 0.0082 -0.0763 -0.1067
1770392144.4893 -0.1443 0.2289 0.0153
1770392144.5019 -0.1749 -0.1373 0.0153
1770392144.5133 -0.0528 -0.2289 0.0153
1770392144.5254 -0.1443 -0.0763 -0.0762
1770392144.5375 -0.2664 -0.0763 -0.3509
1770392144.5495 0.0388 -0.1984 -0.1983
1770392144.5616 -0.0833 0.2289 0.1984
1770392144.5737 0.0388 0.0153 -0.0457
1770392144.5860 -0.2359 0.1984 -0.2899
1770392144.5982 -0.2664 0.1068 -0.0762
1770392144.6104 0.1913 0.0458 -0.1678
1770392144.6216 -0.0528 -0.0153 -0.3814
1770392144.6337 -0.2054 0.0153 0.0153
1770392144.6463 -0.1749 -0.0763 -0.3509
1770392144.6583 -0.0833 -0.0458 -0.0457
1770392144.6694 -0.1138 -0.1984 -0.0457
1770392144.6825 -0.1138 -0.0458 -0.1678
1770392144.6943 0.0388 0.1068 0.1069
1770392144.7062 -0.0223 -0.1678 -0.0762
1770392144.7178 -0.0223 -0.0153 0.0458
1770392144.7300 -0.0528 0.0458 0.1069
1770392144.7422 -0.1749 -0.0153 -0.0152
1770392144.7533 -0.0833 0.0763 -0.3204
1770392144.7655 -0.1443 0.1068 0.0153
1770392144.7784 0.0388 0.1678 0.0153
1770392144.7901 -0.0223 0.1373 0.1679
1770392144.8021 -0.1749 -0.1373 0.1374
1770392144.8133 -0.1749 0.1068 -0.0762
1770392144.8255 -0.0528 0.0763 0.1069
1770392144.8376 0.0998 -0.1373 0.0153
1770392144.8494 -0.2664 -0.0458 -0.0152
1770392144.8619 -0.0833 0.1678 0.2289
1770392144.8740 0.0693 -0.2594 -0.0762
1770392144.8861 -0.0223 -0.2289 0.0153
1770392144.8982 -0.1138 0.1373 -0.0152
1770392144.9103 -0.1443 -0.0458 0.0764
1770392144.9223 0.0082 -0.2594 0.0764
1770392144.9344 0.0082 -0.1068 -0.0762
1770392144.9465 0.0388 0.0763 -0.2288
1770392144.9576 -0.0528 0.1373 -0.0762
1770392144.9697 0.0388 -0.0458 -0.1067
1770392144.9824 -0.0528 0.0763 0.3205
1770392144.9937 0.0082 -0.0763 -0.0762
1770392145.0058 -0.2664 -0.1373 -0.1678
1770392145.0180 -0.0528 0.1678 -0.0762
1770392145.0301 -0.0833 0.1984 -0.2288
1770392145.0423 -0.2359 0.1984 -0.2899
1770392145.0535 -0.0833 -0.0763 0.0458
1770392145.0656 0.0082 0.1373 -0.2288
1770392145.0777 -0.0528 0.0153 -0.1067
1770392145.0900 -0.0833 -0.1984 -0.0457
1770392145.1021 -0.0833 -0.1984 0.0458
1770392145.1143 0.0388 0.0153 -0.0152
1770392145.1259 0.2219 0.0763 0.3510
1770392145.1377 0.0693 0.0763 -0.1067
1770392145.1498 -0.2054 0.1373 0.3815
1770392145.1619 -0.0528 -0.0458 -0.2288
1770392145.1742 0.0082 -0.1068 -0.0152
1770392145.1854 0.0388 -0.0763 -0.1678
1770392145.1977 -0.0223 0.0458 -0.1373
1770392145.2099 -0.1138 0.1373 0.1069
1770392145.2220 -0.1443 -0.2289 0.1069
1770392145.2342 0.0693 -0.0458 -0.0152
1770392145.2457 -0.0833 0.0153 0.2289
1770392145.2577 -0.1443 0.2594 -0.0152
1770392145.2700 0.0388 0.1373 0.1374
1770392145.2822 -0.2969 -0.0153 0.0153
1770392145.2934 -0.0833 -0.1373 -0.1983
1770392145.3057 -0.0223 0.0458 -0.2593
1770392145.3179 -0.1138 -0.1678 -0.3204
1770392145.3300 -0.0223 0.0153 -0.1373
1770392145.3421 -0.1443 0.0763 -0.3814
1770392145.3540 -0.0528 -0.1984 -0.0762
1770392145.3662 -0.0223 0.0458 0.1069
1770392145.3782 -0.2359 0.1068 -0.2288
1770392145.3903 -0.0223 -0.0763 -0.1067
1770392145.4022 0.0388 0.0458 -0.3204
1770392145.4134 0.1303 -0.2289 0.1069
1770392145.4254 -0.1443 0.0458 0.0153
1770392145.4375 -0.2054 -0.0153 0.1374
1770392145.4495 0.0388 -0.2289 0.0153
1770392145.4615 -0.1749 -0.0153 0.1679
1770392145.4737 0.2829 0.2594 0.1069
1770392145.4859 -0.0528 0.3204 0.1984
1770392145.4979 -0.2969 -0.0763 -0.1983
1770392145.5102 -0.2359 -0.1678 -0.1983
1770392145.5217 -0.2359 0.2899 -0.1678
1770392145.5343 -0.0223 -0.2594 -0.1678
1770392145.5465 -0.0833 0.2594 0.1374
1770392145.5575 0.0693 -0.0763 0.1679
1770392145.5697 0.1608 -0.1678 -0.0762
1770392145.5817 -0.2969 0.0458 -0.0762
1770392145.5945 -0.0223 0.0458 -0.0762
1770392145.6056 -0.1138 -0.1984 0.1069
1770392145.6177 -0.2359 -0.0458 -0.0762
1770392145.6300 -0.0833 0.0458 0.2289
1770392145.6421 -0.2054 -0.0458 -0.0152
1770392145.6542 -0.1443 0.0763 -0.4730
1770392145.6659 -0.1443 -0.1678 -0.1067
1770392145.6780 0.0998 -0.0763 -0.0152
1770392145.6904 -0.2054 -0.1373 -0.1373
1770392145.7016 -0.1749 -0.0153 -0.0762
1770392145.7137 0.0388 0.1678 -0.1373
1770392145.7258 0.2524 -0.1068 0.1679
1770392145.7379 -0.1443 -0.0153 -0.2288
1770392145.7502 -0.1138 0.0153 0.0153
1770392145.7622 -0.2359 -0.1068 -0.3509
1770392145.7738 0.0082 0.0458 -0.1373
1770392145.7856 -0.1443 0.1373 0.1069
1770392145.7979 0.0388 -0.0153 0.1374
1770392145.8099 -0.0528 -0.0153 -0.0457
1770392145.8221 -0.1443 -0.1068 -0.1678
1770392145.8344 -0.2664 0.0458 -0.0762
1770392145.8456 -0.0528 -0.1373 -0.1373
1770392145.8577 0.0082 -0.1678 -0.0762
1770392145.8698 -0.0223 -0.1068 0.2289
1770392145.8819 0.0082 0.2289 -0.0762
1770392145.8941 -0.1138 0.1373 -0.2288
1770392145.9062 0.0082 0.0458 -0.3814
1770392145.9182 -0.1443 0.0153 0.0458
1770392145.9303 -0.0528 0.1678 -0.2288
1770392145.9424 -0.0833 0.1068 -0.1983
1770392145.9543 -0.1749 -0.0153 0.2595
1770392145.9657 -0.2359 0.0763 -0.1067
1770392145.9782 -0.1749 0.0458 -0.1983
1770392145.9901 0.0388 0.0153 -0.3509
1770392146.0024 0.0388 -0.0458 -0.4119
1770392146.0146 0.1303 -0.1068 -0.0762
1770392146.0256 -0.0528 0.1678 -0.3814
1770392146.0379 -0.0528 -0.0153 -0.0457
1770392146.0503 -0.2664 -0.0458 -0.1373
1770392146.0623 0.0082 -0.0763 0.0458
1770392146.0743 -0.1138 0.2594 -0.2899
1770392146.0866 -0.1138 0.0763 0.1679
1770392146.0985 0.1303 -0.1373 -0.0457
1770392146.1099 0.2219 -0.1984 0.3205
1770392146.1220 0.0082 0.2594 0.1984
1770392146.1336 -0.1138 -0.2289 0.1984
1770392146.1458 0.0082 0.1984 0.0458
1770392146.1579 -0.2664 0.1373 -0.0762
1770392146.1699 -0.0833 -0.1068 0.0153
1770392146.1820 -0.1443 0.0763 0.0458
1770392146.1941 -0.0223 0.1068 0.2900
1770392146.2064 0.0082 -0.0763 -0.0457
1770392146.2184 -0.0833 -0.0153 -0.0762
1770392146.2305 -0.0528 -0.1068 0.0153
1770392146.2425 -0.1749 0.0763 -0.0762
1770392146.2545 -0.1749 0.0763 0.0764
1770392146.2666 0.1303 -0.0458 0.1374
1770392146.2786 0.0693 0.0763 -0.2899
1770392146.2897 -0.0833 -0.0153 0.2289
1770392146.3017 -0.0833 -0.0153 -0.0152
1770392146.3136 -0.0833 -0.0458 -0.1373
1770392146.3257 0.1303 0.1373 0.0153
1770392146.3379 0.0082 -0.1068 -0.0152
1770392146.3500 -0.0223 -0.1678 -0.0457
1770392146.3620 -0.0833 0.0763 0.0764
1770392146.3740 -0.1138 0.2289 0.2289
1770392146.3862 0.1608 0.0458 0.2289
1770392146.3983 -0.0528 -0.1678 -0.0457
1770392146.4104 -0.0223 0.0763 -0.2899
1770392146.4224 -0.2969 0.0153 -0.0457
1770392146.4345 -0.1443 0.1373 0.0458
1770392146.4466 0.0998 -0.0458 -0.1983
1770392146.4586 0.1913 0.0763 -0.1678
1770392146.4701 0.1913 -0.0763 -0.0152
1770392146.4820 -0.1443 0.1068 0.0764
1770392146.4943 -0.2664 0.1068 -0.0457
1770392146.5064 -0.0833 0.2289 0.0153
1770392146.5186 -0.3580 0.1678 -0.1067
1770392146.5301 -0.3275 0.0763 -0.0457
1770392146.5426 0.0693 -0.1373 -0.2288
1770392146.5547 -0.0833 -0.0153 -0.2899
1770392146.5663 -0.0223 0.0153 -0.3204
1770392146.5783 -0.1138 -0.0763 0.2289
1770392146.5905 -0.0528 0.1373 0.0458
1770392146.6024 0.0082 -0.0153 -0.2593
1770392146.6145 -0.0833 0.0458 -0.0762
1770392146.6267 -0.0833 0.1068 0.0764
1770392146.6377 -0.0528 -0.1373 0.2289
1770392146.6498 0.0388 -0.0153 -0.0457
1770392146.6618 -0.0833 -0.0458 0.0458
1770392146.6738 -0.2054 -0.1068 -0.1983
1770392146.6860 0.2829 -0.1373 0.2595
1770392146.6981 -0.3580 -0.0763 -0.0457
1770392146.7103 -0.3275 -0.0153 0.1374
1770392146.7223 0.0082 -0.1678 0.0153
1770392146.7345 -0.0528 -0.1068 -0.0152
1770392146.7472 -0.0528 -0.0458 -0.1373
1770392146.7585 0.1303 -0.1984 0.0764
1770392146.7700 0.0388 0.1984 -0.2288
1770392146.7818 -0.0528 0.1984 -0.0457
1770392146.7947 -0.0528 -0.0763 0.1374
1770392146.8065 0.0082 0.1373 0.1984
1770392146.8185 0.0693 -0.2289 -0.2899
1770392146.8306 -0.0528 -0.0458 -0.0762
1770392146.8426 -0.0223 -0.2289 0.0153
1770392146.8539 -0.0833 0.0153 -0.1067
1770392146.8662 0.0693 -0.1068 0.0458
1770392146.8782 -0.0223 -0.0153 -0.1373
1770392146.8903 -0.0528 -0.0458 0.0153
1770392146.9024 0.0998 0.2594 -0.1373
1770392146.9145 0.0388 -0.1373 -0.0762
1770392146.9266 -0.0833 0.0458 0.0764
1770392146.9386 0.0082 0.0458 -0.0762
1770392146.9507 -0.1443 -0.0153 -0.1983
1770392146.9619 0.1303 -0.1068 0.0764
1770392146.9739 -0.1749 -0.0458 0.1374
1770392146.9863 -0.1138 -0.0458 -0.0152
1770392146.9984 -0.2054 -0.0763 -0.0762
1770392147.0105 0.0693 -0.1678 0.1679
1770392147.0225 0.0082 -0.0458 0.0458
1770392147.0344 -0.0528 0.0458 0.2900
1770392147.0467 -0.1443 -0.1068 -0.0457
1770392147.0587 -0.2664 -0.0458 -0.0152
1770392147.0708 0.0998 0.1068 -0.1678
1770392147.0829 -0.1138 -0.0458 0.0458
1770392147.0939 -0.1443 -0.1373 0.0153
1770392147.1060 -0.0528 -0.0763 -0.0762
1770392147.1182 0.0082 0.2289 0.1069
1770392147.1303 -0.1138 0.0458 -0.0457
1770392147.1424 0.1303 0.0153 -0.2288
1770392147.1544 0.1608 0.1678 -0.1067
1770392147.1666 -0.2359 -0.0458 0.1374
1770392147.1780 0.1608 -0.1068 0.0458
1770392147.1905 -0.1138 -0.3815 -0.2593
1770392147.2024 -0.1443 0.0458 -0.1678
1770392147.2144 -0.0528 0.1373 -0.0152
1770392147.2264 -0.0528 -0.0458 0.1984
1770392147.2384 0.1303 -0.0763 -0.0457
1770392147.2503 -0.0223 -0.1373 -0.1373
1770392147.2624 0.0388 0.0458 0.2289
1770392147.2743 -0.0833 0.0153 -0.2593
1770392147.2865 -0.0528 0.0153 0.0153
1770392147.2985 -0.2359 0.1373 0.0153
1770392147.3105 -0.1138 -0.0153 -0.1678
1770392147.3220 -0.2664 -0.2289 0.0764
1770392147.3342 0.1303 0.2899 -0.0762
1770392147.3466 0.0082 0.0763 -0.1067
1770392147.3587 -0.1749 0.0153 0.1069
1770392147.3700 -0.0833 0.2594 0.1069
1770392147.3829 -0.0528 0.1678 -0.1373
1770392147.3940 -0.1138 0.1984 -0.1983
1770392147.4062 -0.1749 -0.0458 0.1679
1770392147.4183 0.0082 0.1068 -0.0152
1770392147.4303 0.0693 -0.0458 -0.1067
1770392147.4425 -0.0223 -0.0763 -0.3814
1770392147.4545 0.0082 0.1373 0.0153
1770392147.4667 0.0693 0.2899 -0.0152
1770392147.4788 -0.0223 -0.1373 0.0764
1770392147.4900 -0.0528 -0.0153 0.1069
1770392147.5020 -0.1443 0.0763 0.3510
1770392147.5140 0.2219 0.0153 -0.0762
1770392147.5261 0.0693 -0.0458 0.0153
1770392147.5382 -0.0528 0.0458 0.1374
1770392147.5503 0.0082 -0.1068 -0.1983
1770392147.5628 0.0998 -0.0763 -0.1678
1770392147.5742 -0.0833 0.1678 -0.1678
1770392147.5860 -0.2054 0.1373 -0.1067
1770392147.5981 -0.2664 -0.1373 0.1374
1770392147.6101 0.1913 0.1373 -0.2288
1770392147.6223 0.0388 0.2289 -0.2593
1770392147.6342 -0.0528 -0.1373 -0.1373
1770392147.6467 -0.1138 0.0458 -0.0152
1770392147.6586 -0.0528 -0.0763 -0.0762
1770392147.6702 0.0998 0.0763 -0.1983
1770392147.6822 0.0998 0.1984 -0.1067
1770392147.6943 -0.0833 0.0763 0.0153
1770392147.7065 -0.2054 0.1678 0.0764
1770392147.7185 -0.1138 0.1678 -0.1983
1770392147.7305 -0.0223 0.1068 -0.0152
1770392147.7427 -0.2664 0.0153 -0.1983
1770392147.7547 0.0693 0.0458 -0.1373
1770392147.7669 -0.0528 0.0153 -0.1373
1770392147.7789 -0.0528 -0.0153 -0.0762
1770392147.7902 0.0998 0.1678 0.0153
1770392147.8022 -0.1443 0.1068 -0.0762
1770392147.8143 0.2219 -0.0153 0.1984
1770392147.8264 0.0082 0.0763 -0.1067
1770392147.8386 0.0693 0.0153 -0.1067
1770392147.8505 0.0693 0.0458 -0.0457
1770392147.8626 -0.2664 0.1373 -0.0457
1770392147.8747 -0.2969 -0.1068 0.1374
1770392147.8870 0.1913 0.1373 -0.0152
1770392147.8989 0.0082 0.0458 0.0458
1770392147.9110 0.0388 0.1678 0.2900
1770392147.9220 -0.0528 -0.3204 -0.1373
1770392147.9350 0.0693 0.1373 0.5341
1770392147.9462 -0.1138 -0.0763 0.0153
1770392147.9583 -0.0833 0.1984 -0.0457
1770392147.9704 -0.2664 0.1373 0.0458
1770392147.9827 -0.0833 0.1373 -0.3204
1770392147.9950 0.0998 -0.1678 0.1984
1770392148.0061 -0.1138 -0.0763 -0.1067
1770392148.0182 -0.0528 -0.1068 0.1069
1770392148.0302 -0.2054 -0.1373 -0.1373
1770392148.0424 -0.1138 0.0153 0.0153
1770392148.0545 -0.2054 0.0458 0.2595
1770392148.0666 -0.0223 0.0153 -0.2288
1770392148.0787 -0.2969 0.0763 0.1374
1770392148.0908 -0.0528 0.1068 -0.0152
1770392148.1030 0.0082 -0.0458 -0.1373
1770392148.1150 0.0998 -0.1068 0.1069
1770392148.1270 -0.0528 -0.1984 0.1374
1770392148.1381 0.0693 0.0153 0.0153
1770392148.1502 0.0388 0.0153 0.1679
1770392148.1623 0.1913 0.1984 -0.1067
1770392148.1744 -0.0223 0.2289 -0.0457
1770392148.1866 -0.2054 0.0763 -0.0457
1770392148.1987 -0.0833 -0.0458 -0.2899
1770392148.2107 0.0082 0.0458 -0.0762
1770392148.2227 -0.1749 -0.0153 -0.2593
1770392148.2347 -0.0833 0.0153 0.0458
1770392148.2469 -0.2054 -0.1068 -0.0457
1770392148.2589 -0.2054 0.0763 -0.2288
1770392148.2709 -0.1443 0.0153 -0.3509
1770392148.2830 0.0082 0.0763 0.0458
1770392148.2950 -0.0223 0.1678 0.0153
1770392148.3071 0.1608 -0.2289 0.0458
1770392148.3182 -0.1138 0.1678 -0.2593
1770392148.3301 -0.0223 -0.1068 0.1679
1770392148.3422 -0.3885 0.0458 -0.1373
1770392148.3542 -0.1138 -0.0763 -0.1373
1770392148.3663 -0.0223 0.1068 0.1679
1770392148.3784 -0.0528 -0.1068 0.1679
1770392148.3906 0.1303 -0.1678 -0.3509
1770392148.4026 0.0388 0.1984 -0.0152
1770392148.4146 -0.0528 0.5341 -0.4424
1770392148.4266 -0.0223 0.0458 -0.1983
1770392148.4389 -0.1138 0.0458 -0.1373
1770392148.4508 -0.0528 0.1068 -0.1678
1770392148.4630 -0.2054 0.0763 -0.1373
1770392148.4741 -0.0223 0.0763 -0.0152
1770392148.4865 -0.2054 -0.2289 0.0153
1770392148.4985 0.0082 -0.0763 -0.1983
1770392148.5106 0.0998 0.1068 -0.1678
1770392148.5227 -0.3580 0.1068 0.0458
1770392148.5347 -0.1749 0.0153 0.1069
1770392148.5469 -0.1443 -0.0458 -0.0762
1770392148.5590 -0.1138 -0.0153 -0.2593
1770392148.5711 -0.0223 0.1678 0.2595
1770392148.5826 -0.0833 0.1678 -0.1678
1770392148.5945 0.1303 0.0458 -0.0457
1770392148.6068 -0.3580 -0.1373 -0.0762
1770392148.6189 -0.0528 0.0153 0.0153
1770392148.6302 0.0998 0.4120 -0.1067
1770392148.6426 0.1913 -0.0153 -0.1983
1770392148.6549 -0.0223 0.1068 0.0153
1770392148.6662 -0.0833 0.2289 0.0764
1770392148.6788 -0.2054 0.0153 0.1374
1770392148.6910 0.0693 0.1068 0.1069
1770392148.7027 -0.2054 0.1068 -0.1067
1770392148.7150 0.1913 -0.0153 -0.1678
1770392148.7262 -0.2054 0.0153 -0.0762
1770392148.7385 -0.1443 0.0153 -0.2593
1770392148.7507 -0.0833 -0.0763 -0.1373
1770392148.7628 -0.2054 -0.1068 -0.0762
1770392148.7748 -0.1443 0.0458 -0.0762
1770392148.7872 -0.2054 -0.1984 0.1374
1770392148.7983 -0.1138 -0.0763 0.0153
1770392148.8111 -0.0223 -0.0458 0.0458
1770392148.8224 -0.0528 0.0763 -0.4119
1770392148.8347 0.0388 0.0153 0.2595
1770392148.8463 0.0388 0.1678 0.2595
1770392148.8585 -0.1749 0.1068 -0.2593
1770392148.8707 -0.0833 0.0763 0.0153
1770392148.8828 -0.1138 0.0153 -0.1678
1770392148.8949 0.1608 -0.0153 0.1069
1770392148.9069 0.0388 0.0153 -0.0762
1770392148.9182 -0.3580 -0.3204 -0.1373
1770392148.9302 -0.0528 0.1984 0.0458
1770392148.9426 0.1608 0.1678 -0.1678
1770392148.9546 -0.2969 -0.0153 -0.1067
1770392148.9667 0.1303 0.0458 -0.2288
1770392148.9789 -0.0223 -0.0763 0.0153
1770392148.9903 -0.1443 -0.0763 0.0153
1770392149.0024 0.0082 0.1373 -0.2288
1770392149.0145 -0.0833 0.1068 -0.1373
1770392149.0267 -0.0528 0.1068 0.1984
1770392149.0389 -0.1749 0.0153 0.0153
1770392149.0509 0.0082 -0.0763 0.0153
1770392149.0630 -0.0833 0.3204 0.0458
1770392149.0750 0.0082 0.1068 0.1374
1770392149.0872 -0.2359 0.1373 0.2900
1770392149.0983 -0.1138 0.0153 -0.0762
1770392149.1105 0.0082 -0.1068 0.1069
1770392149.1226 0.0082 0.2289 -0.1678
1770392149.1346 0.1303 -0.0458 0.0764
1770392149.1468 0.0388 -0.1373 -0.1678
1770392149.1590 0.0082 0.0763 0.1069
1770392149.1710 -0.1138 0.1678 0.1069
1770392149.1833 -0.1138 0.0763 0.0764
1770392149.1944 -0.1138 -0.0153 -0.1067
1770392149.2065 -0.1443 0.0763 -0.0152
1770392149.2186 -0.1443 0.0458 -0.1678
1770392149.2307 0.0082 0.0458 -0.0457
1770392149.2428 -0.2664 0.0458 -0.0457
1770392149.2549 -0.2054 -0.0153 -0.2593
1770392149.2670 0.0998 0.0763 -0.2593
1770392149.2792 -0.0833 -0.1678 -0.1373
1770392149.2903 -0.0528 0.0153 -0.1678
1770392149.3025 -0.1443 0.1373 -0.0457
1770392149.3145 0.1913 0.2594 -0.1067
1770392149.3266 -0.1749 0.1678 0.0458
1770392149.3388 0.0998 0.0763 0.0458
1770392149.3508 -0.0833 -0.0763 -0.0762
1770392149.3631 -0.2054 -0.1373 -0.2288
1770392149.3744 0.1608 0.1068 0.0153
1770392149.3868 -0.2054 0.0458 0.0764
1770392149.3993 -0.1749 -0.1068 0.0458
1770392149.4106 -0.0528 -0.0458 -0.0152
1770392149.4227 -0.1138 0.0153 -0.0152
1770392149.4346 -0.1138 0.1373 0.1679
1770392149.4468 0.0082 -0.0458 -0.2288
1770392149.4589 0.0388 -0.1068 -0.0457
1770392149.4709 -0.0833 -0.1068 0.2289
1770392149.4829 -0.0223 0.0458 -0.2288
1770392149.4951 -0.0833 -0.1678 -0.0152
1770392149.5072 -0.0833 0.0458 -0.3509
1770392149.5186 -0.1443 -0.1678 -0.1983
1770392149.5307 -0.0223 0.0153 0.1679
1770392149.5431 -0.1443 -0.0763 0.7477
1770392149.5550 -0.0223 0.3204 0.4731
1770392149.5672 0.0693 -0.2289 0.0764
1770392149.5785 -0.2054 0.0763 -0.3509
1770392149.5908 0.1608 0.2899 -0.3814
1770392149.6027 -0.2054 -0.0458 0.2595
1770392149.6148 -0.0528 0.1373 -0.0457
1770392149.6268 0.0082 0.3510 -0.5340
1770392149.6391 0.1303 -0.3815 -0.7781
1770392149.6511 -0.2054 -0.1068 -0.4730
1770392149.6632 0.2219 0.2289 -0.3204
1770392149.6753 -0.0528 -0.5646 -0.3204
1770392149.6865 0.0998 -0.0458 -0.5950
1770392149.6985 -0.1443 0.0763 -0.1983
1770392149.7106 1.4120 0.4120 -0.6866
1770392149.7227 0.3134 -0.2899 -1.8768
1770392149.7350 0.0693 -0.6256 -2.9144
1770392149.7472 0.2524 -0.5035 -3.4637
1770392149.7584 0.0388 0.0763 -2.3345
1770392149.7705 -0.1443 0.4730 -0.9918
1770392149.7829 -0.2664 0.2289 -0.0152
1770392149.7951 -0.1443 -0.5951 0.2900
1770392149.8072 0.2524 -0.8698 -0.3204
1770392149.8193 0.2219 -0.2899 -0.5035
1770392149.8312 0.1303 -0.1984 -0.5645
1770392149.8433 0.3134 0.3204 -0.5340
1770392149.8544 0.1303 0.3815 -0.9002
1770392149.8664 0.1608 0.0458 -0.5950
1770392149.8794 -0.1443 -0.6256 0.0458
1770392149.8915 0.1913 -0.3815 0.3205
1770392149.9035 -0.1443 -0.7172 -0.1373
1770392149.9156 0.4050 -0.7172 -0.9307
1770392149.9276 0.1303 0.4120 -1.1443
1770392149.9387 0.3745 -0.4120 -0.6255
1770392149.9508 0.0693 -1.0223 -1.0833
1770392149.9627 0.1303 0.5951 -2.4871
1770392149.9761 0.0693 -0.5951 -2.1819
1770392149.9874 -0.2664 0.2594 -1.6937
1770392149.9996 -0.0833 0.3510 -2.0599
1770392150.0119 -0.1138 -0.1984 -2.1209
1770392150.0241 -0.3275 0.2289 -1.2969
1770392150.0361 0.1303 -0.1068 -0.1983
1770392150.0474 -0.1138 -0.5951 0.5646
1770392150.0595 0.2219 -0.8698 -0.7476
1770392150.0717 0.3134 -0.5646 -1.3275
1770392150.0838 0.0693 0.1068 -1.1443
1770392150.0951 -0.0223 -0.6561 -0.2899
1770392150.1072 -0.2969 -0.3204 0.1374
1770392150.1194 -0.0528 -0.5951 -0.4730
1770392150.1314 -0.1443 -0.3815 -0.6561
1770392150.1435 -0.1443 -0.1373 -0.1678
1770392150.1556 0.0082 -0.3510 0.0458
1770392150.1677 0.4660 -0.5035 -0.3204
1770392150.1796 -0.1443 -0.6561 -0.8697
1770392150.1918 0.5576 -0.7477 -1.0833
1770392150.2038 -0.2664 -0.2594 -1.4495
1770392150.2160 -0.6631 -0.0153 -1.5716
1770392150.2281 0.0082 -0.3815 -1.8463
1770392150.2392 0.0388 0.2289 -1.6937
1770392150.2511 0.2219 -0.6866 -2.0599
1770392150.2632 -0.2359 0.1068 -2.3345
1770392150.2753 0.0082 0.4120 -1.6326
1770392150.2875 -0.0528 0.3204 -0.1373
1770392150.2996 -0.3580 -0.2289 0.4426
1770392150.3118 0.0082 -0.5035 0.4426
1770392150.3238 -0.3580 0.1984 0.4731
1770392150.3359 -0.3275 0.2899 0.4426
1770392150.3480 -0.0833 0.8087 0.3815
1770392150.3601 0.0388 1.2360 0.5646
1770392150.3722 -0.1443 0.4425 -0.0762
1770392150.3841 0.2829 -0.2594 -1.6937
1770392150.3962 0.1913 0.2289 -0.4424
1770392150.4082 -0.0223 -0.0763 1.7243
1770392150.4193 -0.6937 0.1373 1.1445
1770392150.4313 -0.5716 -0.7172 -0.7171
1770392150.4435 -0.0528 -0.3815 -1.0833
1770392150.4555 -0.0528 -0.1068 0.5036
1770392150.4676 0.4965 0.1373 0.9919
1770392150.4797 -0.1749 0.9613 0.5646
1770392150.4919 -0.6326 0.5951 -0.4424
1770392150.5039 -0.7242 0.6866 0.0764
1770392150.5159 -0.7852 0.0153 0.4731
1770392150.5280 0.1608 0.5646 1.1750
1770392150.5393 -0.0223 1.0223 2.0295
1770392150.5520 -1.3040 0.2289 3.7385
1770392150.5640 -1.2125 0.8698 3.9521
1770392150.5762 -0.6631 1.6632 3.3112
1770392150.5873 -0.1138 0.1678 3.1281
1770392150.5997 0.8322 1.3580 3.2197
1770392150.6117 -0.7242 2.3651 3.5859
1770392150.6237 -0.0833 -1.1749 3.2502
1770392150.6357 0.6796 4.6234 1.4191
1770392150.6477 -0.0833 -1.8463 0.9919
1770392150.6599 0.2829 1.3580 -0.0762
1770392150.6713 -0.5411 0.0153 0.0458
1770392150.6834 0.6796 0.4425 0.0153
1770392150.6957 -0.3580 0.3204 -0.3814
1770392150.7077 0.2219 -0.2594 -1.2664
1770392150.7199 -0.3275 -1.1139 -0.8087
1770392150.7319 0.2829 0.6866 -0.3509
1770392150.7441 -0.1138 -0.5951 1.2055
1770392150.7562 0.1303 0.4120 0.2900
1770392150.7675 -0.1749 0.0153 -0.2288
1770392150.7798 0.0388 -0.4730 -0.8087
1770392150.7920 -0.3580 -0.0153 -0.1373
1770392150.8039 -0.2664 0.4425 0.4426
1770392150.8160 -0.2054 0.0458 0.2900
1770392150.8281 -0.1443 0.2899 -0.4730
1770392150.8394 0.0082 0.0763 -0.0457
1770392150.8513 -0.3275 -0.0763 -0.0152
1770392150.8634 0.2829 -0.0763 0.0153
1770392150.8758 -0.1443 -0.0763 -0.1067
1770392150.8882 -0.1443 0.2289 -0.5340
1770392150.9003 -0.2664 -0.1068 0.0458
1770392150.9114 0.0998 0.1678 0.1679
1770392150.9236 -0.0528 0.1984 -0.0457
1770392150.9358 0.2219 0.0153 -0.2593
1770392150.9481 -0.0528 -0.1068 0.0153
1770392150.9603 -0.0528 0.1984 0.4120
1770392150.9715 0.0082 -0.2594 -0.1373
1770392150.9837 0.0388 0.0763 -0.4119
1770392150.9959 -0.1749 -0.0153 0.0764
1770392151.0080 0.0693 0.1068 0.1069
1770392151.0202 -0.3275 -0.0458 0.1679
1770392151.0322 -0.0528 0.0763 -0.3509
1770392151.0443 -0.2359 0.0763 0.0764
1770392151.0562 0.1913 0.0458 -0.1067
1770392151.0683 0.0388 0.2289 -0.3204
1770392151.0805 0.0082 -0.0153 -0.0762
1770392151.0919 -0.0833 -0.2289 0.2900
1770392151.1040 -0.1138 -0.0458 0.0458
1770392151.1161 -0.5106 -0.0153 0.0764
1770392151.1277 -0.3275 0.1373 -0.1373
1770392151.1399 0.0082 -0.0763 -0.0762
1770392151.1520 -0.1138 0.1068 0.0458
1770392151.1640 -0.0528 -0.0763 -0.1067
1770392151.1780 -0.1443 -0.0763 0.1374
1770392151.1874 -0.1749 -0.0763 -0.2593
1770392151.2004 -0.0223 -0.0153 -0.1067
1770392151.2120 -0.1138 0.0763 -0.2593
1770392151.2241 -0.0528 -0.2594 0.0764
1770392151.2362 -0.1443 -0.0763 0.0153
1770392151.2475 -0.1443 -0.0153 -0.1067
1770392151.2602 -0.2664 -0.1068 -0.0152
1770392151.2724 0.0082 -0.1068 -0.1373
1770392151.2844 -0.0833 -0.1678 -0.0152
1770392151.2955 0.0998 -0.1373 0.1984
1770392151.3079 -0.1138 -0.0458 -0.2288
1770392151.3202 -0.1138 0.0763 -0.0152
1770392151.3315 0.0388 -0.1678 -0.3509
1770392151.3445 -0.0223 -0.0458 -0.2593
1770392151.3556 -0.2359 0.1984 0.1069
1770392151.3681 -0.1749 0.0153 -0.0762
1770392151.3795 -0.1443 0.0153 0.0153
1770392151.3917 -0.0833 0.1678 -0.0457
1770392151.4036 0.0082 -0.0153 0.1679
1770392151.4157 -0.1138 0.2289 0.0458
1770392151.4277 -0.0833 0.1068 0.1374
1770392151.4399 0.2219 0.0153 0.0458
1770392151.4519 0.2524 0.1373 0.1069
1770392151.4638 0.0693 -0.3815 -0.0457
1770392151.4759 0.0082 -0.1678 0.1374
1770392151.4881 -0.1138 -0.1068 -0.1373
1770392151.5000 -0.0528 -0.0153 0.0153
1770392151.5120 -0.4190 -0.1678 0.3205
1770392151.5240 0.0388 -0.1984 0.9003
1770392151.5362 -0.2969 0.0153 1.0529
1770392151.5482 -0.0833 -0.3510 0.5952
1770392151.5601 0.1303 -0.2594 0.0153
1770392151.5721 -0.1138 -0.4120 -0.0762
1770392151.5844 -0.0833 0.1068 -0.1067
1770392151.6010 0.0082 0.2594 0.1679
1770392151.6077 -0.1138 0.1373 -0.1983
1770392151.6197 -0.1138 -0.3510 -1.0223
1770392151.6318 0.1303 -0.2899 -0.9002
1770392151.6437 0.0693 0.1373 0.0764
1770392151.6558 0.0082 -0.1068 0.5646
1770392151.6678 0.0388 -0.5341 0.1069
1770392151.6798 0.0693 0.3204 -0.4424
1770392151.6920 0.0082 -0.3510 -0.5645
1770392151.7041 0.1913 -0.2289 -0.5340
1770392151.7163 -0.3275 0.0763 -0.5340
1770392151.7284 -0.2664 -0.5646 -0.6255
1770392151.7396 -0.0528 -0.0763 -0.4424
1770392151.7518 0.0082 -0.0153 -0.1678
1770392151.7638 -0.0223 -0.4425 0.5036
1770392151.7761 0.0388 -0.1984 -0.0762
1770392151.7884 -0.1443 -0.6866 -0.0762
1770392151.7997 -0.1138 -0.1373 0.2595
1770392151.8118 0.0082 -0.0763 0.4426
1770392151.8239 -0.3885 0.1984 0.6562
1770392151.8360 -0.0833 0.1068 0.1069
1770392151.8483 0.0998 0.1068 -0.0762
1770392151.8602 0.1608 -0.5035 -0.1983
1770392151.8723 0.0388 -0.2899 -0.0762
1770392151.8842 -0.1138 -0.2899 -0.0762
1770392151.8963 -0.1443 -0.0458 0.1069
1770392151.9082 -0.1443 -0.0763 -0.4730
1770392151.9202 -0.0833 -0.1678 -0.1067
1770392151.9322 0.0388 -0.1068 0.0153
1770392151.9443 -0.2359 -0.7477 -0.2899
1770392151.9563 0.0388 -0.6561 -0.3509
1770392151.9684 -0.1138 -0.2594 -0.8697
1770392151.9805 -0.1443 -0.1984 0.1374
1770392151.9917 0.1303 0.0153 0.3510
1770392152.0036 0.1303 0.4120 -0.1373
1770392152.0157 -0.1138 0.1678 -0.1678
1770392152.0278 -0.2054 0.2289 -0.1983
1770392152.0398 0.0388 0.0153 -0.0457
1770392152.0519 -0.0528 0.0458 -0.1678
1770392152.0639 -0.0223 0.1068 -0.1678
1770392152.0759 -0.0833 -0.0153 -0.2288
1770392152.0880 -0.0833 -0.2594 0.0458
1770392152.0999 -0.0833 0.2899 0.1374
1770392152.1121 -0.0528 -0.2289 -0.0152
1770392152.1241 -0.0833 0.4120 0.0153
1770392152.1363 -0.0223 0.3510 -0.3204
1770392152.1483 -0.0833 0.1984 -0.0457
1770392152.1603 0.0998 0.4120 -0.0152
1770392152.1725 -0.0223 0.3815 0.1984
1770392152.1837 0.0388 0.2594 0.2595
1770392152.1960 -0.0833 0.4730 0.6562
1770392152.2082 -0.0833 0.1678 0.3510
1770392152.2202 0.2524 0.4425 -0.0457
1770392152.2324 0.0082 0.3510 -0.0762
1770392152.2445 0.0388 0.1678 -0.3509
1770392152.2565 -0.0528 0.5951 0.1679
1770392152.2686 -0.3580 0.2899 0.0764
1770392152.2798 -0.1138 0.1678 0.2289
1770392152.2919 -0.0528 0.1373 -0.1373
1770392152.3041 -0.0223 0.1678 -0.1067
1770392152.3162 -0.0223 0.1373 0.2595
1770392152.3286 -0.1443 -0.0153 -0.0762
1770392152.3401 0.0693 0.0153 -0.1373
1770392152.3521 -0.2054 0.1373 -0.3509
1770392152.3644 0.0388 0.1068 0.0153
1770392152.3761 -0.0528 -0.1068 -0.0762
1770392152.3885 0.0693 -0.1984 0.1069
1770392152.4000 -0.1749 0.1678 -0.0457
1770392152.4126 -0.0833 -0.1068 0.0764
1770392152.4237 -0.1749 -0.1373 0.0153
1770392152.4360 -0.2054 0.0763 -0.1678
1770392152.4486 -0.2664 0.3204 -0.2899
1770392152.4606 -0.1749 -0.1984 -0.1983
1770392152.4726 -0.1138 0.0763 -0.2288
1770392152.4838 0.0388 -0.1373 0.1374
1770392152.4961 -0.0833 -0.1068 0.1984
1770392152.5086 -0.1138 0.2899 0.1984
1770392152.5207 -0.0833 0.0763 -0.2593
1770392152.5319 -0.1443 -0.2899 -0.1067
1770392152.5441 0.0693 0.2899 0.0153
1770392152.5563 -0.0833 0.0153 0.0764
1770392152.5688 0.0998 0.0763 -0.1678
1770392152.5805 -0.0833 0.1373 0.1374
1770392152.5922 -0.2054 0.1373 0.2289
1770392152.6042 -0.0833 0.1984 -0.4730
1770392152.6163 -0.0528 0.1373 0.1374
1770392152.6284 -0.0223 0.1068 0.1984
1770392152.6407 0.3134 0.1068 0.1069
1770392152.6518 -0.1443 -0.1373 -0.1067
1770392152.6639 -0.0223 -0.0763 -0.1678
1770392152.6759 -0.1138 -0.0763 -0.1983
1770392152.6884 0.0388 -0.0458 -0.1678
1770392152.7003 -0.0528 0.0153 0.1374
1770392152.7125 -0.0528 -0.1373 0.1069
1770392152.7246 -0.0223 0.2289 0.0458
1770392152.7358 0.0388 0.1678 -0.2899
1770392152.7481 -0.0528 0.1984 -0.0152
1770392152.7602 0.0693 0.1068 -0.0762
1770392152.7724 -0.0528 0.0458 -0.1067
1770392152.7839 -0.1443 0.0763 0.1679
1770392152.7961 0.1608 -0.2594 -0.3509
1770392152.8085 0.0082 0.0153 -0.1067
1770392152.8208 0.0388 -0.2899 0.1069
1770392152.8319 -0.0833 0.0763 -0.0762
1770392152.8446 0.0693 -0.2289 0.1069
1770392152.8561 -0.0223 -0.1678 0.2289
1770392152.8683 0.0998 0.1068 0.2900
1770392152.8804 -0.1749 -0.1068 -0.1983
1770392152.8920 0.3439 -0.0458 -0.2899
1770392152.9040 -0.0223 -0.3510 0.2289
1770392152.9161 0.5576 -0.4425 0.6562
1770392152.9284 -0.4495 -0.0153 0.3205
1770392152.9406 0.2219 -0.2289 -0.0762
1770392152.9520 -0.0223 -0.1678 -0.2593
1770392152.9643 0.1913 0.1373 -0.1678
1770392152.9767 0.0082 -0.1678 -0.0152
1770392152.9907 -0.1138 -0.2594 -0.2288
1770392153.0005 0.0998 -0.1373 -0.3509
1770392153.0128 -0.0833 -0.2594 -0.3509
1770392153.0238 0.0998 0.0763 -0.1373
1770392153.0359 0.0388 -0.2289 0.1679
1770392153.0484 0.1913 -0.3510 0.2289
1770392153.0605 0.0998 -0.0153 0.2595
1770392153.0720 -0.0223 -0.2289 -0.1067
1770392153.0843 0.2219 -0.3510 -0.1373
1770392153.0967 -0.0833 -0.4730 -0.0152
1770392153.1082 -0.2664 0.1678 -0.3814
1770392153.1205 -0.0833 -0.2594 -0.1983
1770392153.1325 -0.0223 0.2899 -0.3509
1770392153.1440 -0.1138 0.0763 0.0153
1770392153.1561 -0.1138 -0.4120 0.3815
1770392153.1685 0.0388 -0.2899 -0.1983
1770392153.1805 0.0082 -0.0153 0.0458
1770392153.1919 -0.0833 -0.2289 -0.0152
1770392153.2040 -0.1749 -0.0763 -0.5340
1770392153.2162 0.0998 0.1068 -0.1983
1770392153.2286 -0.1443 0.2899 -0.2593
1770392153.2399 -0.0833 -0.1678 0.0153
1770392153.2521 0.1303 -0.0763 -0.1983
1770392153.2644 -0.0528 -0.1373 0.1679
1770392153.2764 -0.0528 -0.3204 0.1679
1770392153.2879 0.0082 0.1373 -0.0457
1770392153.3000 0.2219 0.1678 0.1069
1770392153.3121 -0.0528 -0.0458 -0.4119
1770392153.3242 -0.1749 0.1678 -0.3814
1770392153.3365 -0.3580 0.4120 -0.1678
1770392153.3489 0.0082 -0.1068 -0.1678
1770392153.3600 -0.0528 -0.0153 0.1069
1770392153.3725 -0.1749 0.4120 0.3510
1770392153.3848 -0.1749 0.2594 0.6867
1770392153.3962 0.0388 0.2899 0.0764
1770392153.4088 -0.0223 0.2594 -0.2899
1770392153.4200 0.1913 0.0763 -0.0152
1770392153.4323 -0.0223 0.3510 -0.1983
1770392153.4441 0.1303 0.1984 -0.1678
1770392153.4567 0.0082 0.3204 -0.0152
1770392153.4687 -0.2664 0.2899 0.6257
1770392153.4803 -0.0528 0.1984 0.9614
1770392153.4928 -0.2969 -0.2289 1.2360
1770392153.5048 0.1913 -0.0153 1.7548
1770392153.5162 -0.0833 0.2899 0.8088
1770392153.5280 0.1913 0.5035 -0.1678
1770392153.5408 -0.0223 0.1068 -0.8697
1770392153.5525 -0.0223 0.4425 -1.2969
1770392153.5665 -0.1443 0.0153 -1.2969
1770392153.5762 -0.2054 0.2899 -0.5950
1770392153.5881 0.2219 0.0763 -0.0152
1770392153.6007 0.1608 0.0763 0.3205
1770392153.6127 -0.0223 -0.1373 0.4731
1770392153.6247 -0.2664 -0.4120 0.1679
1770392153.6367 0.0388 0.0763 0.2595
1770392153.6480 -0.0223 0.1068 0.5341
1770392153.6601 0.0693 0.1678 -0.1373
1770392153.6723 -0.0223 0.1373 -0.3814
1770392153.6844 -0.0833 0.1984 -0.1067
1770392153.6965 -0.1443 0.0763 0.1069
1770392153.7085 -0.0223 0.4730 0.1984
1770392153.7205 -0.1749 0.5951 -0.2899
1770392153.7324 -0.0833 0.4730 -0.0762
1770392153.7445 0.0082 -0.1373 -0.5340
1770392153.7564 -0.0528 -0.0763 -0.9307
1770392153.7687 -0.0528 -0.0153 -0.5340
1770392153.7808 -0.1443 1.8158 0.4426
1770392153.7920 -0.0528 -1.6327 0.2289
1770392153.8041 -0.1749 0.1068 -0.0152
1770392153.8163 0.1608 0.5341 -0.6255
1770392153.8285 -0.1138 -0.7172 -0.2288
1770392153.8407 0.2829 0.0763 0.1679
1770392153.8528 0.0388 0.0458 0.3815
1770392153.8641 0.1608 0.4425 -0.3204
1770392153.8762 0.0082 -0.1373 -0.5950
1770392153.8889 -0.3580 -0.2594 -0.1678
1770392153.9010 -0.0528 0.4120 0.2289
1770392153.9123 -0.0528 -0.4425 0.0153
1770392153.9249 -0.0833 -0.1068 -0.2288
1770392153.9367 0.0082 0.6256 0.1069
1770392153.9482 -0.2664 -0.1984 0.2289
1770392153.9605 -0.3275 -0.1678 -0.0152
1770392153.9726 -0.0833 0.2594 -0.0762
1770392153.9842 0.0388 0.0153 0.1069
1770392153.9962 -0.0833 -0.1373 0.2900
1770392154.0088 0.1303 -0.1373 0.1679
1770392154.0205 -0.0223 -0.0763 -0.1067
1770392154.0327 -0.0833 -0.3815 -0.0152
1770392154.0451 -0.2054 -0.1068 0.0458
1770392154.0562 -0.2664 0.0763 0.0764
1770392154.0685 0.1608 -0.2594 -0.0762
1770392154.0807 -0.3275 -0.1068 0.2595
1770392154.0929 0.2219 0.1678 0.0458
1770392154.1042 0.0082 -0.1373 0.0153
1770392154.1166 -0.2969 0.0763 -0.0457
1770392154.1288 0.0082 -0.0763 -0.5340
1770392154.1401 -0.1749 -0.1373 0.0458
1770392154.1522 -0.0833 -0.0153 -0.1067
1770392154.1646 0.0388 0.0458 -0.0457
1770392154.1762 0.1913 -0.0458 -0.1373
1770392154.1889 -0.2359 -0.1373 0.2595
1770392154.2005 -0.2054 -0.0153 0.0764
1770392154.2130 -0.3580 0.2289 -0.0457
1770392154.2242 -0.0528 0.0458 -0.3509
1770392154.2364 -0.1443 0.1984 0.1069
1770392154.2487 -0.2969 0.1984 0.1679
1770392154.2608 -0.0528 -0.1373 -0.1373
1770392154.2731 -0.1138 0.1678 -0.3204
1770392154.2842 0.1608 -0.0763 -0.1373
1770392154.2966 -0.0223 0.1373 -0.0152
1770392154.3088 -0.1443 -0.0458 0.3815
1770392154.3203 -0.2359 0.1068 -0.4119
1770392154.3323 -0.1749 0.1678 -0.0152
1770392154.3449 -0.0223 0.1678 -0.1373
1770392154.3570 -0.3580 -0.0763 0.0764
1770392154.3682 -0.1749 0.1068 -0.0762
1770392154.3806 0.1608 0.0458 -0.0457
1770392154.3921 -0.1138 -0.0153 -0.0762
1770392154.4043 -0.0223 -0.0458 -0.0457
1770392154.4169 -0.0833 -0.1678 -0.2288
1770392154.4281 -0.1138 -0.0763 0.1069
1770392154.4406 -0.1443 -0.0153 -0.0762
1770392154.4528 -0.1443 0.1373 -0.3204
1770392154.4641 -0.1443 0.0153 0.1984
1770392154.4763 0.0998 0.1984 0.0458
1770392154.4889 -0.1749 -0.0458 -0.0457
1770392154.5010 0.1913 0.0458 -0.0152
1770392154.5122 0.0082 0.1678 0.0153
1770392154.5244 -0.0833 0.0458 0.0458
1770392154.5366 -0.0528 -0.0458 -0.1373
1770392154.5489 0.0388 0.0458 0.0458
1770392154.5601 -0.1138 -0.1373 0.0153
1770392154.5726 -0.2359 -0.2289 0.1069
1770392154.5851 0.0998 -0.2899 0.0458
1770392154.5969 0.1913 -0.0763 -0.1067
1770392154.6083 -0.0833 0.1373 -0.1983
1770392154.6208 -0.1443 -0.1068 -0.1678
1770392154.6331 0.1608 0.0763 -0.0457
1770392154.6444 0.0388 -0.0458 -0.0457
1770392154.6567 -0.1138 0.0763 -0.3509
1770392154.6689 -0.1443 0.0153 0.0458
1770392154.6811 0.1608 0.3510 0.1069
1770392154.6926 -0.0833 0.1373 -0.1678
1770392154.7051 -0.2054 0.0458 0.0153
1770392154.7166 -0.0223 0.0458 -0.1373
1770392154.7289 0.0693 0.0153 0.1374
1770392154.7402 -0.2664 0.1373 -0.1983
1770392154.7525 0.1303 -0.0458 0.1069
1770392154.7650 0.0082 0.1678 -0.2593
1770392154.7767 -0.1749 -0.0153 -0.2288
1770392154.7891 -0.3580 0.1068 -0.1373
1770392154.8006 -0.3275 -0.0153 0.0458
1770392154.8130 -0.0223 -0.0153 -0.0762
1770392154.8246 0.0082 -0.1373 0.0764
1770392154.8373 0.1608 0.2289 0.1069
1770392154.8486 0.0082 0.0458 -0.1067
1770392154.8609 0.0693 -0.0458 -0.0457
1770392154.8729 -0.1138 0.0763 -0.1678
1770392154.8851 -0.1749 -0.0458 -0.0457
1770392154.8966 0.1913 -0.0763 -0.1983
1770392154.9091 -0.0833 -0.0458 -0.2288
1770392154.9206 0.1303 -0.2899 0.2289
1770392154.9329 -0.1749 -0.0153 0.1069
1770392154.9445 0.0388 0.0153 -0.0457
1770392154.9570 0.1303 -0.1068 0.0153
1770392154.9684 0.0693 -0.1068 -0.2288
1770392154.9805 -0.2054 0.0458 -0.0457
1770392154.9925 -0.2054 0.1068 -0.0457
1770392155.0050 -0.2359 -0.1068 0.1374
1770392155.0168 0.0388 -0.1984 -0.1373
1770392155.0285 -0.2054 -0.0763 0.1374
1770392155.0403 -0.0223 -0.1373 -0.1678
1770392155.0532 -0.0833 0.0153 -0.0152
1770392155.0648 0.0388 -0.1068 0.2595
1770392155.0767 -0.1749 0.0458 -0.0457
1770392155.0889 -0.0528 -0.0153 -0.1983
1770392155.1009 -0.1443 -0.1068 -0.4424
1770392155.1130 -0.2969 0.1068 -0.1983
1770392155.1250 -0.0528 0.0763 0.2595
1770392155.1371 -0.0833 -0.1068 -0.0762
1770392155.1493 0.0693 -0.1068 -0.0457
1770392155.1612 -0.0833 -0.2899 -0.0152
1770392155.1733 0.1303 0.0458 -0.0762
1770392155.1844 0.2219 -0.3510 -0.1678
1770392155.1965 0.0388 -0.9613 -0.0457
1770392155.2085 -0.2969 -0.3204 0.1984
1770392155.2206 0.0693 -0.3815 2.1821
1770392155.2327 -0.4495 -0.9308 3.5554
1770392155.2449 0.3439 0.8087 2.6398
1770392155.2570 -0.2969 -0.5341 0.5341
1770392155.2693 0.3745 0.7172 -0.4119
1770392155.2803 -0.1443 0.6256 -0.0152
1770392155.2923 -0.1138 1.1749 0.0458
1770392155.3045 -0.1138 0.1373 -1.3275
1770392155.3165 -0.3885 -0.2289 -2.1209
1770392155.3285 -0.2054 1.1139 -1.4190
1770392155.3405 -0.0833 0.4425 -0.5340
1770392155.3525 0.0998 -0.1373 -0.6561
1770392155.3646 -0.5411 -0.7172 -1.0528
1770392155.3766 -0.1138 -0.1984 -0.9612
1770392155.3890 -0.5411 0.2899 0.3205
1770392155.4012 -0.2054 0.2289 0.6562
1770392155.4134 0.0998 0.0763 1.3886
1770392155.4244 -0.2054 0.1678 1.5107
1770392155.4365 -0.0528 -0.5341 1.2971
1770392155.4486 0.1303 -0.8392 0.7783
1770392155.4606 0.2524 -0.1068 0.7477
1770392155.4726 -0.0833 -0.4425 2.3347
1770392155.4847 0.0388 -0.5951 1.8769
1770392155.4968 0.1303 0.9918 -0.8392
1770392155.5088 -0.1443 0.7172 -1.3885
1770392155.5208 0.0388 -0.6561 -0.7171
1770392155.5328 -0.4495 -0.3815 -0.1373
1770392155.5446 -0.1443 0.2899 0.5646
1770392155.5569 0.0082 0.1373 1.3581
1770392155.5691 0.1608 0.0763 1.6938
1770392155.5804 -0.8463 -0.4730 1.4496
1770392155.5929 -0.1138 -0.1984 1.3276
1770392155.6050 -0.1749 -0.3204 0.8698
1770392155.6170 -0.2664 -0.2899 0.8088
1770392155.6290 -0.3885 -0.2289 0.4731
1770392155.6412 -0.0223 -0.1984 0.8393
1770392155.6532 0.0082 0.1678 1.2055
1770392155.6652 -0.3580 -0.5035 0.9003
1770392155.6771 -0.2664 -0.1678 1.6022
1770392155.6895 -0.2054 -0.1984 2.2126
1770392155.7016 0.0998 0.0763 2.5483
1770392155.7126 0.0388 -0.1984 3.2197
1770392155.7247 0.5576 0.0153 4.6540
1770392155.7367 -0.0833 -0.5951 6.0273
1770392155.7488 -0.1443 -0.3510 7.9499
1770392155.7609 -1.1514 -0.0458 9.4453
1770392155.7730 0.3134 1.7548 7.3701
1770392155.7852 0.2829 -1.1749 3.5248
1770392155.7973 0.6796 1.1749 0.0458
1770392155.8093 0.0693 0.0458 -1.6937
1770392155.8213 -0.2359 -1.9684 -1.5411
1770392155.8333 -0.5106 -0.9308 -1.1443
1770392155.8454 -0.7547 -0.4120 0.3510
1770392155.8575 0.0693 -0.6866 1.1445
1770392155.8695 -0.1443 0.3510 0.9919
1770392155.8816 0.0388 -0.0458 0.8088
1770392155.8936 -0.0223 -0.4730 1.3581
1770392155.9046 -0.5106 -0.4425 0.9003
1770392155.9177 -0.5411 -0.6256 -0.0762
1770392155.9287 -0.4495 -0.0153 0.2289
1770392155.9408 -0.2664 0.2594 1.2665
1770392155.9528 -0.4495 0.2594 1.2665
1770392155.9651 -0.0223 -0.1984 0.5341
1770392155.9773 -0.3885 -0.6256 0.0458
1770392155.9888 -0.6937 -0.7172 1.4496
1770392156.0013 -0.2664 -0.9003 2.8840
1770392156.0136 -0.2359 -0.0763 3.8911
1770392156.0257 -0.0223 -0.4120 4.8371
1770392156.0375 -0.4190 -0.4425 5.2338
1770392156.0488 -0.5716 -1.1749 6.4545
1770392156.0608 -0.4800 -1.9989 8.9875
1770392156.0728 -0.1749 -1.9073 12.7106
1770392156.0848 0.5576 -1.0529 16.1591
1770392156.0969 1.9919 -0.2899 19.6381
1770392156.1088 3.3041 0.9003 23.0256
1770392156.1209 2.9990 1.7242 25.0092
1770392156.1328 -1.5482 0.2594 24.2768
1770392156.1451 -1.2430 -3.8605 25.3754
1770392156.1571 -2.4637 -2.0599 28.8849
1770392156.1691 -3.2877 -2.2736 32.7912
1770392156.1813 -2.0670 -3.7689 35.4462
1770392156.1935 -0.6631 -0.8392 37.2773
1770392156.2054 -1.0904 -2.6093 40.0239
1770392156.2175 -0.6326 -1.4801 42.2516
1770392156.2295 -0.5411 -1.1139 45.1203
1770392156.2408 -1.3040 -2.7618 49.1791
1770392156.2527 -0.3885 2.8534 50.0641
1770392156.2652 -0.6021 -1.6632 51.1323
1770392156.2772 -1.2735 -0.4120 54.4892
1770392156.2893 0.2524 -1.9379 56.2592
1770392156.3014 1.6867 -5.9662 62.6069
1770392156.3134 1.6257 -1.7548 66.6047
1770392156.3255 0.4050 -4.6539 71.1823
1770392156.3370 -1.5176 -2.7008 69.6870
1770392156.3489 -5.2408 0.0153 65.5060
1770392156.3609 -8.3231 -4.4098 61.1725
1770392156.3728 -6.2479 -5.0812 64.9567
1770392156.3860 -7.0413 -12.2223 70.7856
1770392156.3971 -6.7972 -10.6964 74.1120
1770392156.4101 -4.4168 -9.1095 76.1872
1770392156.4211 -0.8157 -11.7950 82.6264
1770392156.4331 1.2289 -9.9335 91.7512
1770392156.4451 2.9990 -8.1635 91.7206
1770392156.4571 0.9238 0.4120 86.4716
1770392156.4691 -3.0130 4.0741 85.0373
1770392156.4813 2.1140 -8.7738 90.7136
1770392156.4938 2.6633 -9.7198 93.8874
1770392156.5059 -2.0670 -13.9313 92.8498
1770392156.5181 -4.1116 -8.7433 87.5397
1770392156.5301 -2.5247 -9.9030 91.7817
1770392156.5412 -0.5106 -15.3046 97.2748
1770392156.5531 2.0529 -7.4005 97.3969
1770392156.5652 -0.7547 -16.0065 104.1413
1770392156.5773 4.8911 -1.9684 106.4911
1770392156.5896 5.2267 -9.2316 111.1603
1770392156.6016 3.2431 -2.3041 112.4726
1770392156.6137 1.8088 -11.0931 114.7614
1770392156.6257 2.0224 -9.3231 109.8786
1770392156.6378 0.0388 -11.8561 116.3788
1770392156.6498 2.3276 -17.0746 117.3859
1770392156.6618 3.9450 -11.0016 117.4164
1770392156.6739 4.7690 -3.4637 114.0900
1770392156.6858 1.8088 -12.8632 114.9140
1770392156.6979 8.0344 -1.9073 116.3788
1770392156.7098 7.6376 -8.5297 113.8764
1770392156.7218 7.0578 -3.7689 115.0971
1770392156.7338 7.5156 -9.7198 110.0312
1770392156.7459 8.5837 -6.6681 111.2519
1770392156.7579 9.1025 -5.1727 105.3315
1770392156.7699 5.5624 -6.3324 105.3620
1770392156.7818 8.8583 -12.0392 105.8808
1770392156.7939 9.0720 -1.5411 98.8923
1770392156.8058 7.1494 -3.1891 99.1364
1770392156.8172 10.2927 -7.4310 96.2678
1770392156.8294 10.6894 -0.6256 88.6078
1770392156.8416 7.7292 3.5553 85.3120
1770392156.8535 11.7270 -10.4828 85.6476
1770392156.8655 12.5510 -17.5018 84.0607
1770392156.8778 10.9335 2.4261 78.7812
1770392156.8899 10.0790 4.8065 70.6025
1770392156.9012 12.3068 4.2267 65.2009
1770392156.9135 11.5134 1.7242 67.7033
1770392156.9256 11.5134 4.3793 63.9191
1770392156.9379 10.1401 2.5482 64.7736
1770392156.9503 11.3608 3.4637 60.2570
1770392156.9613 8.3090 -4.5929 61.0200
1770392156.9736 8.6752 -4.9591 59.5246
1770392156.9858 10.4453 1.3580 55.9846
1770392156.9979 10.4147 -0.7172 53.4211
1770392157.0098 11.1777 7.4310 47.8974
1770392157.0219 12.5510 8.0414 43.4418
1770392157.0340 13.7106 9.2926 39.8102
1770392157.0461 15.9995 10.5133 36.8195
1770392157.0583 18.1357 10.7574 33.4321
1770392157.0693 19.8752 11.0626 32.3945
1770392157.0823 22.5607 11.5814 30.2582
1770392157.0934 25.2158 14.1449 27.3591
1770392157.1056 27.9929 11.1847 25.8027
1770392157.1179 32.8146 12.2833 26.1994
1770392157.1301 11.5134 8.9874 26.3215
1770392157.1421 -7.1024 1.0223 21.9269
1770392157.1542 6.9357 -3.1586 19.6076
1770392157.1662 0.7712 1.1444 19.4245
1770392157.1774 -2.6773 3.7079 17.3493
1770392157.1895 1.0153 0.8698 1.5107
1770392157.2017 -0.8463 -5.6610 -5.7220
1770392157.2138 2.5412 3.2806 -10.2081
1770392157.2259 -2.1890 0.0153 -8.1024
1770392157.2378 -0.4800 -1.7853 -5.4168
1770392157.2498 0.7407 1.6327 -3.6163
1770392157.2618 -0.6631 0.4120 -2.1514
1770392157.2738 -0.4495 -1.0834 -1.6631
1770392157.2857 -0.5716 -0.6256 -1.9073
1770392157.2979 1.0153 0.6561 -2.7007
1770392157.3098 -0.4495 -0.0458 -4.3487
1770392157.3218 -0.0528 -0.6256 -5.8746
1770392157.3339 0.4660 -0.2289 -6.8511
1770392157.3460 0.4965 -0.0763 -7.4310
1770392157.3581 0.2829 -0.8392 -5.7220
1770392157.3703 -0.0528 1.5411 -5.9356
1770392157.3818 0.2219 -1.0223 -5.3863
1770392157.3942 0.1303 0.5035 -5.3863
1770392157.4063 0.1608 -0.0458 -5.5084
1770392157.4179 0.6491 -1.3580 -3.8909
1770392157.4300 -0.5716 1.1444 0.6562
1770392157.4415 -0.1138 0.1068 2.9450
1770392157.4534 0.0998 0.5341 0.8393
1770392157.4656 0.5270 0.0763 -1.0528
1770392157.4776 0.0693 -0.4425 -1.4800
1770392157.4897 -0.3580 0.3815 -1.1749
1770392157.5017 -0.3275 -0.5341 -1.2664
1770392157.5139 -0.2969 -0.1678 -0.3814
1770392157.5258 -0.3885 0.0763 0.6562
1770392157.5380 0.1303 0.1984 1.0834
1770392157.5500 0.0082 0.1068 0.2289
1770392157.5620 0.2219 0.1373 -0.5340
1770392157.5740 -0.2054 -0.1068 -0.4119
1770392157.5853 -0.1443 -0.1068 0.2289
1770392157.5975 -0.2359 -0.2289 0.3205
1770392157.6101 -0.2664 -0.0763 0.0458
1770392157.6221 0.0082 0.2594 -0.3814
1770392157.6341 0.1303 0.0153 -0.2593
1770392157.6463 -0.1443 0.1068 0.4120
1770392157.6574 0.0693 0.0153 0.0153
1770392157.6693 -0.0223 -0.0153 0.0153
1770392157.6814 -0.1138 -0.1984 -0.2288
1770392157.6935 0.0998 0.0153 -0.1678
1770392157.7054 0.0693 0.0153 0.1984
1770392157.7175 0.0998 0.0763 0.2289
1770392157.7295 0.0082 0.2594 0.1984
1770392157.7417 -0.1138 -0.0153 -0.1067
1770392157.7539 0.0388 -0.0458 -0.1983
1770392157.7663 -0.0528 0.0763 0.1069
1770392157.7780 0.0388 -0.0763 -0.1373
1770392157.7903 -0.1443 -0.0458 -0.0152
1770392157.8014 -0.2054 -0.0458 0.1679
1770392157.8135 -0.1749 0.0763 0.0458
1770392157.8255 -0.1443 -0.1984 0.1984
1770392157.8376 0.0693 0.0458 0.0153
1770392157.8496 -0.1443 -0.0153 0.0764
1770392157.8616 -0.2054 -0.1068 0.1374
1770392157.8736 -0.1138 -0.2289 0.0458
1770392157.8856 -0.0223 -0.1068 -0.2899
1770392157.8978 -0.2664 0.1068 -0.1373
1770392157.9103 0.0082 0.0763 -0.0457
1770392157.9215 0.1303 0.1068 0.1374
1770392157.9335 0.0082 0.1678 0.0764
1770392157.9456 -0.0833 0.0458 0.0764
1770392157.9585 -0.1138 0.2594 -0.0762
1770392157.9695 -0.0223 0.0763 -0.1983
1770392157.9817 0.0388 -0.0153 -0.1373
1770392157.9939 -0.0528 -0.0458 -0.4119
1770392158.0058 -0.0528 -0.0153 0.0458
1770392158.0179 -0.0833 -0.1373 0.1069
1770392158.0298 -0.2359 0.0763 -0.0152
1770392158.0419 -0.2664 0.0763 0.1069
1770392158.0539 -0.0223 0.1678 -0.0457
1770392158.0660 0.0388 -0.0153 0.0764
1770392158.0780 0.1303 -0.0458 -0.1983
1770392158.0902 0.0082 0.0153 -0.1678
1770392158.1022 0.0998 0.0153 -0.1678
1770392158.1145 -0.1138 0.2594 -0.1678
1770392158.1265 0.0388 0.0458 0.0764
1770392158.1377 -0.0833 0.0458 -0.1373
1770392158.1500 -0.0528 -0.1373 0.0458
1770392158.1622 -0.1443 0.0763 -0.0457
1770392158.1735 0.0693 0.0458 -0.2593
1770392158.1857 -0.1443 0.2289 -0.2899
1770392158.1977 -0.0528 0.1373 -0.1983
1770392158.2098 0.1303 -0.1984 -0.0457
1770392158.2219 0.0998 -0.1984 -0.2288
1770392158.2339 -0.2969 0.0763 0.0458
1770392158.2459 0.0388 0.0458 0.1374
1770392158.2579 0.0082 0.0763 -0.0152
1770392158.2702 -0.2359 0.1678 -0.0152
1770392158.2824 -0.1138 0.1068 0.1069
1770392158.2944 -0.1749 0.0458 0.2289
1770392158.3059 0.0082 0.1678 0.1679
1770392158.3179 -0.3275 0.0153 0.0153
1770392158.3300 -0.1138 0.0153 0.1069
1770392158.3420 0.0693 0.2899 0.1679
1770392158.3540 -0.0833 -0.0153 -0.3509
1770392158.3660 0.0693 0.1068 -0.1067
1770392158.3782 -0.1749 -0.0763 -0.0457
1770392158.3895 -0.1443 0.0153 0.1374
1770392158.4017 -0.1443 0.1068 0.0153
1770392158.4138 -0.0833 0.0153 -0.0457
1770392158.4258 0.0082 0.1068 -0.2593
1770392158.4380 -0.2359 0.2289 -0.2593
1770392158.4502 -0.2054 0.0458 -0.1678
1770392158.4622 0.0693 0.0153 -0.1983
1770392158.4744 -0.2359 -0.0458 -0.0762
1770392158.4864 0.0693 0.0458 -0.0457
1770392158.4986 -0.0833 0.2899 0.2289
1770392158.5096 0.0693 -0.1373 -0.0152
1770392158.5218 0.0693 -0.2289 -0.0762
1770392158.5338 0.0388 -0.0458 -0.0457
1770392158.5461 0.0388 0.1373 -0.1373
1770392158.5580 -0.2969 -0.0153 -0.0457
1770392158.5702 0.0388 0.0153 -0.1678
1770392158.5823 -0.0833 0.1068 -0.1678
1770392158.5945 -0.1138 -0.0458 0.0153
1770392158.6064 0.1913 0.0153 -0.1678
1770392158.6184 0.0388 0.2289 0.1374
1770392158.6304 -0.0223 -0.0763 0.0764
1770392158.6425 -0.1443 0.1068 -0.1373
1770392158.6545 0.1913 0.0153 -0.1373
1770392158.6665 0.0693 0.0458 -0.0152
1770392158.6784 0.0998 0.1984 0.1679
1770392158.6905 0.0388 0.1678 0.0153
1770392158.7026 -0.0833 0.0763 -0.0152
1770392158.7137 0.0082 -0.0763 -0.1983
1770392158.7256 -0.2054 0.1678 0.1679
1770392158.7379 0.1608 -0.0153 0.2289
1770392158.7499 -0.0528 0.2899 0.0764
1770392158.7620 -0.2359 0.2594 0.0153
1770392158.7741 -0.0833 0.0153 0.0764
1770392158.7863 -0.2664 0.0153 0.1374
1770392158.7984 -0.0528 -0.0153 0.0153
1770392158.8105 0.0388 0.0153 -0.1678
1770392158.8216 -0.1443 0.2289 0.1679
1770392158.8338 -0.1443 0.0153 -0.1678
1770392158.8462 -0.2054 0.2289 -0.1067
1770392158.8584 -0.1749 0.0153 0.0458
1770392158.8706 -0.0223 -0.0153 0.0458
1770392158.8816 -0.1749 0.0458 -0.1678
1770392158.8937 0.0998 -0.1678 -0.0457
1770392158.9057 0.0388 0.1678 -0.1373
1770392158.9176 -0.0528 0.0153 0.0764
1770392158.9297 -0.0223 -0.1068 0.1374
1770392158.9418 0.0693 -0.0153 -0.1067
1770392158.9538 -0.0833 0.0458 0.0153
1770392158.9660 -0.2054 -0.1068 -0.0762
1770392158.9785 -0.0223 0.3510 -0.0457
1770392158.9897 -0.1749 0.1068 0.0458
1770392159.0017 -0.1749 0.1678 -0.0762
1770392159.0137 0.0082 -0.0153 -0.0152
1770392159.0257 -0.0833 -0.0153 0.0764
1770392159.0377 -0.1749 -0.0458 -0.1373
1770392159.0499 -0.1443 0.0458 0.0764
1770392159.0620 -0.0833 0.0153 0.4120
1770392159.0741 -0.2054 0.2594 -0.1678
1770392159.0860 -0.2664 0.0458 -0.0762
1770392159.0981 -0.0528 -0.0458 -0.0762
1770392159.1102 -0.1443 0.3510 -0.3509
1770392159.1224 -0.1749 0.1678 -0.3204
1770392159.1337 0.0082 0.0763 -0.0762
1770392159.1461 -0.2664 0.0763 -0.3204
1770392159.1584 -0.2359 -0.0458 -0.2288
1770392159.1697 -0.0223 0.1068 -0.0152
1770392159.1818 -0.1749 -0.1373 0.1374
1770392159.1939 0.0693 0.0153 0.2289
1770392159.2060 -0.0223 -0.0458 0.0153
1770392159.2180 0.1913 0.0458 -0.1678
1770392159.2300 0.0082 0.0153 -0.3509
1770392159.2422 -0.2969 0.0153 -0.1373
1770392159.2541 0.0082 -0.0153 0.1374
1770392159.2662 -0.0223 -0.0458 -0.1373
1770392159.2781 -0.0833 0.2594 -0.2593
1770392159.2902 -0.0833 0.1068 -0.1373
1770392159.3022 -0.1443 -0.1373 0.0764
1770392159.3142 0.0082 -0.2594 -0.1067
1770392159.3262 -0.2969 0.0458 -0.2593
1770392159.3383 -0.3580 0.1068 -0.0762
1770392159.3503 0.0388 -0.1068 -0.1067
1770392159.3623 0.0082 0.0153 0.0458
1770392159.3751 -0.3580 0.1984 -0.1067
1770392159.3863 -0.1749 0.1984 0.2595
1770392159.3984 0.0388 0.0153 -0.1067
1770392159.4104 -0.0833 0.0763 0.0764
1770392159.4225 0.0388 0.1678 -0.0762
1770392159.4339 0.0082 -0.1678 0.2289
1770392159.4462 0.0693 -0.1373 0.1374
1770392159.4584 -0.0833 -0.0153 0.1069
1770392159.4706 -0.1749 -0.2289 0.0458
1770392159.4828 -0.0223 0.2594 -0.0457
1770392159.4941 -0.0833 -0.0153 0.1069
1770392159.5064 -0.0833 -0.1373 0.1679
1770392159.5185 -0.0833 0.0763 -0.1983
1770392159.5307 -0.0528 -0.1068 0.1984
1770392159.5419 -0.2054 -0.1373 0.0764
1770392159.5540 -0.0223 -0.0763 -0.2899
1770392159.5660 -0.1749 0.0763 0.0458
1770392159.5781 -0.1138 0.0153 -0.3204
1770392159.5904 -0.0833 0.0763 -0.0457
1770392159.6025 -0.2359 0.0458 0.1374
1770392159.6145 -0.1138 0.2289 -0.1067
1770392159.6267 -0.2054 0.0458 0.0764
1770392159.6386 -0.0223 -0.1068 -0.1373
1770392159.6507 0.0082 0.0153 0.1069
1770392159.6627 0.0998 0.0153 -0.2899
1770392159.6747 -0.2359 -0.0153 0.0153
1770392159.6867 -0.2969 -0.0763 0.0458
1770392159.6988 0.0693 0.0458 -0.0152
1770392159.7099 -0.2054 -0.0153 0.0458
1770392159.7220 -0.1443 -0.2289 -0.0152
1770392159.7340 -0.2359 -0.0763 -0.3204
1770392159.7461 0.0388 -0.1678 0.0458
1770392159.7580 -0.0223 0.1068 0.0458
1770392159.7701 -0.1443 -0.2594 -0.0457
1770392159.7823 -0.2359 -0.1068 0.0458
1770392159.7944 0.1608 0.0763 -0.1067
1770392159.8064 -0.1443 -0.0153 -0.1067
1770392159.8185 -0.1138 0.0153 -0.1983
1770392159.8303 -0.0528 0.1984 0.0764
1770392159.8425 0.0998 0.1068 0.0764
1770392159.8544 -0.1443 -0.1678 0.1069
1770392159.8664 -0.0528 0.1984 -0.0762
1770392159.8785 0.0388 0.1373 -0.0457
1770392159.8906 -0.0528 -0.1373 -0.0152
1770392159.9026 -0.1138 0.0153 0.1069
1770392159.9146 0.0082 -0.1678 0.1374
1770392159.9266 0.2524 -0.0763 0.0764
1770392159.9387 -0.1138 -0.0458 0.0153
1770392159.9506 -0.0833 0.0458 0.0458
1770392159.9627 -0.4800 0.2289 -0.1678
1770392159.9747 0.1303 0.1373 0.0153
1770392159.9860 0.0693 0.0153 -0.0457
1770392159.9980 0.1608 -0.2289 0.1069
1770392160.0100 0.0998 -0.0153 -0.0457
1770392160.0222 0.0082 -0.1373 -0.1678
1770392160.0342 -0.2359 -0.1068 -0.0152
1770392160.0463 -0.2359 0.0458 0.4731
1770392160.0586 0.0388 -0.1068 -0.2288
1770392160.0708 0.0998 -0.1678 0.2289
1770392160.0821 0.1303 -0.1373 0.2595
1770392160.0944 -0.0223 0.2594 -0.1678
1770392160.1066 -0.0223 -0.2594 -0.1678
1770392160.1189 0.0082 0.0458 0.0764
1770392160.1300 0.1608 0.2289 0.0458
1770392160.1423 -0.1138 0.1678 -0.1067
1770392160.1546 0.0998 0.2289 0.0458
1770392160.1670 0.0998 -0.0458 -0.0457
1770392160.1781 -0.1443 0.1068 0.0153
1770392160.1904 -0.0833 -0.1678 0.1374
1770392160.2028 -0.3580 0.1373 -0.1373
1770392160.2139 -0.2664 -0.0458 0.1374
1770392160.2262 -0.2054 0.2594 0.0458
1770392160.2384 -0.0223 -0.0153 -0.2288
1770392160.2506 -0.0833 0.1984 0.0458
1770392160.2628 0.0082 -0.0763 0.3510
1770392160.2746 0.1608 -0.0458 -0.0152
1770392160.2869 -0.2664 0.1984 -0.2899
1770392160.2982 0.0693 -0.1373 0.1374
1770392160.3102 -0.5411 -0.0153 -0.1678
1770392160.3226 -0.0528 -0.1373 -0.2288
1770392160.3347 -0.1749 0.0763 -0.0152
1770392160.3461 0.1913 -0.0458 -0.0457
1770392160.3582 -0.0528 -0.1984 0.2289
1770392160.3704 -0.1138 -0.0153 -0.0457
1770392160.3822 -0.4800 0.0153 0.0458
1770392160.3945 -0.2054 0.1068 -0.1678
1770392160.4067 -0.0833 0.0763 -0.0457
1770392160.4190 -0.1443 0.0153 -0.1983
1770392160.4301 0.1608 0.0458 0.0458
1770392160.4426 -0.0223 0.0153 -0.3204
1770392160.4547 0.2829 0.0458 -0.0152
1770392160.4669 0.0998 0.0458 0.0458
1770392160.4780 -0.0833 -0.0153 0.0153
1770392160.4903 0.0998 -0.1984 0.0764
1770392160.5025 0.1303 0.0153 -0.0152
1770392160.5147 -0.2664 0.0153 0.1374
1770392160.5268 0.0388 0.0153 -0.2288
1770392160.5381 -0.1749 -0.0153 0.0153
1770392160.5501 -0.0833 -0.0763 0.2900
1770392160.5625 0.0082 0.0153 -0.0457
1770392160.5747 0.0693 -0.0458 -0.0152
1770392160.5863 -0.1749 0.0458 0.0764
1770392160.5987 -0.1138 0.1984 0.0458
1770392160.6102 -0.1749 0.0153 0.0764
1770392160.6221 0.0082 -0.2289 0.0458
1770392160.6346 -0.0528 0.2289 0.0458
1770392160.6466 -0.1443 0.0763 -0.1373
1770392160.6588 0.0082 -0.0153 0.0764
1770392160.6702 -0.2359 0.1068 -0.2288
1770392160.6825 -0.2359 -0.0153 -0.1678
1770392160.6948 -0.0528 0.0153 0.1069
1770392160.7061 0.1913 -0.1068 -0.0152
1770392160.7183 -0.2359 0.0458 0.4426
1770392160.7306 -0.2359 0.1068 0.1679
1770392160.7423 -0.1749 -0.0153 0.1374
1770392160.7546 -0.0223 0.0763 -0.1373
1770392160.7670 0.1303 0.2594 0.0153
1770392160.7783 0.0693 -0.0458 -0.2899
1770392160.7911 -0.0528 0.1373 -0.1678
1770392160.8025 -0.0528 0.1984 0.0458
1770392160.8147 0.3745 0.1678 -0.0152
1770392160.8271 0.1608 -0.0458 -0.0762
1770392160.8383 -0.0528 0.0153 0.2289
1770392160.8506 -0.1138 0.3815 0.1374
1770392160.8630 -0.0528 -0.1068 -0.0152
1770392160.8743 -0.1749 0.1678 -0.1678
1770392160.8865 -0.1443 0.1068 -0.1678
1770392160.8988 0.0388 -0.1373 0.0153
1770392160.9109 0.0693 -0.0153 -0.3204
1770392160.9225 -0.0528 -0.1984 -0.0457
1770392160.9346 0.0082 0.0458 0.2595
1770392160.9471 0.0082 0.1068 0.2289
1770392160.9582 -0.2664 0.1068 0.1679
1770392160.9704 -0.0833 -0.1678 -0.2288
1770392160.9828 -0.2054 0.1678 -0.0457
1770392160.9949 -0.0223 -0.1984 0.0153
1770392161.0072 -0.1443 -0.0763 -0.0762
1770392161.0183 0.0693 -0.0458 0.0153
1770392161.0304 -0.0223 -0.0458 0.0458
1770392161.0423 -0.2054 -0.0458 0.0458
1770392161.0545 -0.1749 -0.0458 -0.0152
1770392161.0670 -0.2054 -0.1068 -0.0457
1770392161.0782 -0.1443 -0.0763 0.0153
1770392161.0906 -0.2664 -0.0458 -0.1373
1770392161.1028 -0.3580 0.0763 0.0153
1770392161.1151 -0.0528 -0.0763 -0.1678
1770392161.1263 -0.0528 0.0458 -0.1373
1770392161.1390 0.0082 0.0153 0.0458
1770392161.1512 0.0693 -0.1068 0.0764
1770392161.1625 0.0693 -0.1984 0.0153
1770392161.1748 -0.1138 -0.0458 -0.0457
1770392161.1865 0.0388 0.1678 -0.0762
1770392161.1985 -0.0528 -0.0153 -0.1678
1770392161.2112 0.0693 0.0153 -0.1373
1770392161.2226 0.0693 0.0458 0.1374
1770392161.2351 -0.1749 -0.2289 -0.1067
1770392161.2466 -0.1443 0.1984 -0.0457
1770392161.2591 -0.0528 -0.0763 0.2289
1770392161.2706 -0.2359 0.1678 -0.1678
1770392161.2829 -0.0223 -0.0458 0.0764
1770392161.2950 0.0082 -0.0153 -0.2899
1770392161.3072 -0.0223 0.1373 -0.1373
1770392161.3187 0.1608 0.0153 0.0764
1770392161.3304 -0.3580 0.2594 0.1374
1770392161.3428 0.0082 -0.0153 0.1679
1770392161.3549 -0.0833 -0.1373 0.1679
1770392161.3670 0.1913 0.1984 0.0153
1770392161.3793 0.1608 -0.0458 -0.2899
1770392161.3905 0.1303 -0.0458 -0.1983
1770392161.4029 0.1303 0.0153 -0.1983
1770392161.4151 0.2219 -0.1678 0.1679
1770392161.4262 -0.1443 0.0153 -0.1067
1770392161.4385 -0.3885 -0.0153 0.0458
1770392161.4506 -0.0528 -0.0153 0.0458
1770392161.4628 -0.0833 -0.0763 -0.0457
1770392161.4751 -0.0223 0.1373 -0.0457
1770392161.4862 -0.1443 -0.0153 -0.2288
1770392161.4986 0.0388 0.0458 -0.2593
1770392161.5107 -0.2664 0.0153 0.0458
1770392161.5231 -0.0833 0.2899 0.0153
1770392161.5342 -0.0833 0.0763 -0.2593
1770392161.5465 -0.0223 -0.1068 -0.0762
1770392161.5588 -0.1138 0.0458 0.0458
1770392161.5711 -0.2359 0.5035 0.1069
1770392161.5826 -0.1443 -0.0763 -0.0457
1770392161.5950 0.0998 -0.1984 -0.1373
1770392161.6072 0.0388 0.1068 -0.0457
1770392161.6185 -0.1138 0.1373 0.1069
1770392161.6306 0.1608 0.0458 0.3205
1770392161.6432 0.1608 0.0763 -0.2288
1770392161.6543 0.0998 0.1373 0.0764
1770392161.6666 0.0388 0.0458 -0.1373
1770392161.6788 -0.2664 0.1068 -0.1067
1770392161.6912 -0.1138 -0.0458 -0.1067
1770392161.7027 0.0693 -0.0153 -0.2288
1770392161.7150 -0.0833 -0.0763 -0.1067
1770392161.7271 -0.1138 -0.1068 -0.2288
1770392161.7385 -0.0833 0.0153 0.1679
1770392161.7507 -0.1443 0.1068 -0.2899
1770392161.7630 0.1913 -0.0153 -0.0152
1770392161.7756 -0.0528 0.2594 -0.3204
1770392161.7870 0.0998 0.1678 -0.0762
1770392161.7984 -0.1138 -0.0763 -0.2899
1770392161.8108 -0.1138 0.1068 -0.4730
1770392161.8232 0.0693 -0.1373 -0.2593
1770392161.8343 -0.1749 -0.0458 0.1984
1770392161.8466 -0.1749 -0.0458 0.0458
1770392161.8589 0.0998 -0.0458 0.1069
1770392161.8711 0.0388 -0.1373 0.0764
1770392161.8825 -0.1138 0.1068 -0.3509
1770392161.8947 0.0693 0.0763 -0.1067
1770392161.9069 0.0388 0.1678 -0.2288
1770392161.9192 -0.1749 0.0153 -0.2593
1770392161.9305 0.0998 -0.0763 0.1069
1770392161.9430 -0.3885 0.1068 0.1374
1770392161.9553 0.0388 0.4120 0.1374
1770392161.9665 -0.1443 -0.0763 0.1069
1770392161.9790 0.0082 -0.1373 0.1069
1770392161.9906 0.0388 -0.1678 -0.1678
1770392162.0029 -0.2054 -0.2289 -0.2593
1770392162.0154 -0.0833 0.0763 -0.0762
1770392162.0276 -0.1138 -0.1068 0.1679
1770392162.0399 -0.1443 0.1068 0.1069
1770392162.0511 -0.2359 -0.1678 0.1069
1770392162.0637 -0.0223 0.1984 0.1069
1770392162.0760 -0.1138 -0.0763 0.0764
1770392162.0872 0.0082 -0.0763 -0.1373
1770392162.0996 -0.0528 0.2289 -0.1373
1770392162.1118 -0.1138 0.0458 0.0153
1770392162.1232 -0.1138 0.2899 -0.0457
1770392162.1354 -0.0528 0.0153 0.0764
1770392162.1479 -0.1138 0.2289 0.0153
1770392162.1595 -0.0528 -0.0763 0.0458
1770392162.1713 -0.0833 0.1373 0.3205
1770392162.1842 0.0693 -0.0458 0.2595
1770392162.1958 -0.0223 -0.0458 0.1069
1770392162.2079 0.0082 -0.1678 -0.0457
1770392162.2199 0.0998 0.0153 -0.0457
1770392162.2312 -0.0223 0.0458 0.1679
1770392162.2439 -0.0528 0.0153 -0.1678
1770392162.2551 -0.2359 0.3204 0.1374
1770392162.2674 -0.1749 0.1068 0.3815
1770392162.2796 -0.0528 -0.0763 0.1374
1770392162.2918 -0.0528 0.0763 0.1069
1770392162.3041 -0.0223 0.0458 -0.1983
1770392162.3154 -0.1443 0.1373 0.0458
1770392162.3275 0.0693 -0.2289 -0.0152
1770392162.3391 0.0998 0.3204 -0.2288
1770392162.3513 0.1303 -0.1068 0.1374
1770392162.3638 -0.1443 -0.0153 0.1679
1770392162.3760 -0.0528 -0.0153 0.0153
1770392162.3882 -0.2664 -0.2594 0.0458
1770392162.3995 -0.4190 0.1984 -0.0762
1770392162.4116 -0.0528 -0.1373 0.1984
1770392162.4240 -0.0223 0.1678 -0.1067
1770392162.4352 0.1303 0.1984 -0.0152
1770392162.4475 -0.1749 -0.2289 -0.1678
1770392162.4600 0.1303 0.0458 0.1069
1770392162.4712 -0.2664 0.1678 0.1679
1770392162.4838 -0.2359 -0.0153 -0.0152
1770392162.4960 -0.0833 0.3204 -0.0762
1770392162.5082 -0.0528 0.0153 -0.1373
1770392162.5193 0.0998 0.0153 -0.1067
1770392162.5315 -0.1138 0.1373 -0.1373
1770392162.5438 -0.2054 0.1068 0.0764
1770392162.5553 0.0082 0.0458 -0.1983
1770392162.5675 -0.2359 0.1068 0.1069
1770392162.5793 0.0693 -0.2289 0.2900
1770392162.5918 -0.0528 -0.0458 -0.1067
1770392162.6041 -0.4190 -0.0763 -0.0457
1770392162.6153 -0.2054 0.0458 -0.0152
1770392162.6275 0.1303 0.1068 0.2289
1770392162.6398 -0.1749 -0.1068 -0.1373
1770392162.6520 -0.0528 -0.0153 -0.0762
1770392162.6643 -0.0223 -0.2289 -0.0457
1770392162.6754 -0.0833 0.1984 0.1984
1770392162.6874 -0.0528 0.2289 -0.0457
1770392162.6999 -0.0223 -0.0763 -0.1373
1770392162.7121 0.0693 0.0153 -0.1067
1770392162.7244 0.0082 0.1678 -0.1067
1770392162.7354 -0.1749 0.1373 0.1069
1770392162.7478 -0.1443 -0.0458 0.1679
1770392162.7600 -0.1443 0.1678 -0.1067
1770392162.7723 0.0388 0.0153 0.0764
1770392162.7836 -0.1138 -0.0458 -0.0152
1770392162.7959 0.0693 -0.0153 -0.2288
1770392162.8082 0.0082 -0.1068 0.0153
1770392162.8194 -0.0833 -0.0458 -0.1678
1770392162.8316 0.0082 0.0763 0.3510
1770392162.8440 -0.1749 0.0458 0.0458
1770392162.8561 -0.0223 0.1068 0.1984
1770392162.8683 -0.0223 -0.0153 -0.0762
1770392162.8795 -0.0223 -0.1373 -0.3509
1770392162.8919 0.1913 -0.0763 0.1679
1770392162.9042 -0.2359 -0.1678 0.1374
1770392162.9154 -0.1138 0.0153 0.0764
1770392162.9277 -0.1138 0.1678 0.0458
1770392162.9401 -0.0528 0.2594 -0.1373
1770392162.9522 -0.1138 0.0763 0.0153
1770392162.9644 -0.0833 -0.0763 0.0153
1770392162.9756 -0.2359 0.0153 -0.1067
1770392162.9882 -0.1138 0.1068 0.0458
1770392162.9995 -0.0833 0.1373 0.2289
1770392163.0121 0.0388 0.1678 -0.1373
1770392163.0243 -0.0833 0.0153 0.0458
1770392163.0355 0.1608 0.1678 -0.3509
1770392163.0477 -0.0223 0.1984 0.2900
1770392163.0601 -0.1443 0.1678 -0.2288
1770392163.0715 -0.1138 -0.0153 0.0764
1770392163.0836 0.0388 0.1068 -0.1373
1770392163.0959 0.0082 0.1068 0.1984
1770392163.1081 -0.0528 0.0458 0.0458
1770392163.1194 -0.3885 -0.2594 -0.2593
1770392163.1316 0.0998 0.1984 0.1374
1770392163.1438 0.1608 0.1373 0.2595
1770392163.1561 0.0693 0.1373 -0.2288
1770392163.1682 0.2829 -0.0763 -0.1373
1770392163.1797 0.1303 -0.0763 -0.3509
1770392163.1926 -0.0223 0.0458 -0.0152
1770392163.2043 0.0082 0.1373 0.0458
1770392163.2157 -0.1443 -0.1068 -0.2593
1770392163.2280 -0.0223 0.0763 -0.0457
1770392163.2404 -0.1443 -0.0153 0.0458
1770392163.2527 0.0693 0.0458 -0.0457
1770392163.2642 -0.1138 0.1678 -0.3204
1770392163.2760 -0.0833 0.0153 0.1374
1770392163.2875 -0.1443 0.2594 -0.1373
1770392163.2997 -0.1138 0.0458 -0.0457
1770392163.3125 -0.1749 0.0458 0.1374
1770392163.3243 -0.2054 0.1373 0.0764
1770392163.3354 -0.3580 0.0458 -0.0152
1770392163.3477 -0.2664 -0.0458 -0.0457
1770392163.3599 0.0693 -0.0153 -0.4424
1770392163.3722 0.1608 -0.0153 -0.2593
1770392163.3840 0.1913 0.2594 0.0764
1770392163.3963 -0.2054 -0.1068 0.0458
1770392163.4084 0.0388 0.0153 0.0458
1770392163.4196 0.0388 -0.0763 -0.3509
1770392163.4317 -0.0833 -0.1068 -0.0457
1770392163.4438 -0.0528 0.1373 0.0458
1770392163.4559 0.0998 -0.0153 -0.1067
1770392163.4682 0.0388 -0.1678 -0.1067
1770392163.4804 -0.2664 0.2899 -0.4119
1770392163.4920 -0.2969 0.0458 0.0458
1770392163.5041 -0.1138 -0.0763 -0.1983
1770392163.5164 0.0693 -0.0763 -0.4119
1770392163.5275 -0.0223 0.0458 -0.2899
1770392163.5398 0.0388 -0.0458 -0.1983
1770392163.5521 -0.3885 0.0458 0.0764
1770392163.5643 -0.0528 0.0458 -0.1678
1770392163.5773 0.0388 -0.2899 -0.1067
1770392163.5878 0.1913 0.0458 -0.1067
1770392163.6001 0.0998 -0.1373 0.0153
1770392163.6123 -0.1138 0.0763 -0.2899
1770392163.6242 -0.2054 0.0153 -0.0762
1770392163.6355 0.0693 0.0458 -0.0457
1770392163.6480 0.0388 0.1068 0.0153
1770392163.6603 0.0082 0.0763 -0.1067
1770392163.6725 0.1608 0.0763 -0.1373
1770392163.6838 -0.0833 0.0153 -0.0457
1770392163.6962 -0.0223 -0.0153 0.0153
1770392163.7082 0.1303 0.0763 -0.1067
1770392163.7195 -0.3275 0.3510 0.1679
1770392163.7319 0.0082 -0.1068 -0.2899
1770392163.7442 -0.1749 0.1068 0.0764
1770392163.7556 0.0388 -0.1373 -0.1373
1770392163.7679 0.0388 0.1984 -0.0762
1770392163.7796 -0.2664 0.0153 0.1069
1770392163.7920 -0.1138 -0.0153 -0.0457
1770392163.8044 -0.2054 0.1068 -0.1678
1770392163.8157 -0.0528 0.1984 -0.1067
1770392163.8278 -0.2359 -0.0153 -0.1373
1770392163.8400 0.0082 0.0153 -0.1373
1770392163.8524 -0.1749 -0.0763 -0.1678
1770392163.8645 0.0388 0.0458 -0.1067
1770392163.8756 -0.2054 -0.0763 -0.0457
1770392163.8878 -0.1443 0.0153 -0.0762
1770392163.9000 0.0693 0.1068 -0.0762
1770392163.9123 -0.0223 0.0763 0.1679
1770392163.9245 0.1913 0.3204 -0.1678
1770392163.9366 0.0388 0.1984 -0.2593
1770392163.9479 -0.1443 -0.0763 0.0764
1770392163.9600 0.0082 -0.1373 -0.0457
1770392163.9724 0.0998 -0.0458 -0.1373
1770392163.9838 0.0388 -0.0458 0.3510
1770392163.9962 0.0082 0.3510 0.1069
1770392164.0084 -0.2664 0.0763 0.1679
1770392164.0197 0.1303 0.0153 -0.1678
1770392164.0320 -0.0528 -0.0763 0.1069
1770392164.0442 -0.1138 -0.0458 0.1374
1770392164.0566 -0.2359 -0.0458 -0.2899
1770392164.0678 0.1608 -0.0458 -0.4119
1770392164.0800 -0.1749 -0.1984 0.1374
1770392164.0925 -0.1749 -0.2289 -0.2288
1770392164.1045 -0.3275 0.0458 0.1069
1770392164.1157 -0.0223 0.1068 -0.1678
1770392164.1279 0.1303 -0.0763 -0.4119
1770392164.1401 0.1608 -0.0763 -0.2899
1770392164.1524 -0.2969 -0.0153 0.1069
1770392164.1646 0.0693 -0.0458 0.0764
1770392164.1758 -0.2359 0.2289 0.2289
1770392164.1881 0.0388 -0.0153 -0.1373
1770392164.2003 -0.0223 0.0763 0.1069
1770392164.2119 -0.1443 -0.1373 0.0458
1770392164.2243 -0.3275 0.1678 -0.0152
1770392164.2366 -0.1749 -0.0458 -0.0152
1770392164.2479 0.0693 0.0458 -0.1983
1770392164.2600 -0.2054 -0.1373 0.0153
1770392164.2723 -0.1138 0.1678 -0.1373
1770392164.2845 -0.2359 0.0153 -0.0457
1770392164.2957 -0.0223 0.1068 -0.0152
1770392164.3079 -0.2969 -0.1068 -0.1678
1770392164.3200 -0.0223 -0.0763 0.2595
1770392164.3323 0.0998 0.2289 0.0458
1770392164.3446 -0.2359 -0.0153 -0.0457
1770392164.3559 0.1303 0.0763 0.2900
1770392164.3680 -0.2054 -0.1678 -0.1983
1770392164.3802 0.0693 0.0153 -0.1983
1770392164.3925 -0.0223 0.1984 -0.0762
1770392164.4038 -0.1138 0.0763 -0.2288
1770392164.4161 -0.1443 0.0458 -0.2899
1770392164.4283 0.0082 -0.0458 -0.0762
1770392164.4406 0.0082 -0.2594 -0.1983
1770392164.4519 0.0388 0.1068 0.1374
1770392164.4640 -0.0833 -0.1373 -0.0152
1770392164.4763 -0.0833 0.0458 -0.1067
1770392164.4885 -0.0528 -0.1068 -0.1067
1770392164.5007 -0.0528 -0.1678 -0.0152
1770392164.5119 -0.0223 0.0763 -0.1373
1770392164.5242 -0.1443 0.2289 -0.0762
1770392164.5364 -0.1749 -0.0458 -0.0457
1770392164.5486 0.1608 -0.1984 0.1069
1770392164.5597 -0.2969 0.1373 0.1679
1770392164.5721 -0.1749 0.1678 0.1679
1770392164.5844 0.0998 0.1678 0.0764
1770392164.5959 -0.1749 -0.0153 -0.2288
1770392164.6080 -0.1138 -0.0458 0.1679
1770392164.6202 -0.0528 -0.1373 -0.0457
1770392164.6325 0.0082 0.1373 -0.0457
1770392164.6438 -0.0223 -0.1373 -0.1678
1770392164.6561 -0.3275 -0.0458 0.3815
1770392164.6683 -0.0223 -0.0458 -0.1067
1770392164.6804 -0.0528 -0.1984 -0.1373
1770392164.6919 0.0082 0.2594 0.0153
1770392164.7039 -0.1138 0.2899 0.1679
1770392164.7161 -0.2054 0.1068 0.4120
1770392164.7284 0.0082 -0.0763 -0.0762
1770392164.7407 -0.0528 0.0153 -0.2593
1770392164.7519 0.0388 0.0153 -0.0762
1770392164.7640 -0.2054 0.0153 -0.1373
1770392164.7761 -0.2054 -0.0153 -0.0457
1770392164.7886 -0.2359 -0.1984 -0.1678
1770392164.8008 -0.0833 0.0763 -0.0152
1770392164.8120 0.0388 0.0153 -0.1067
1770392164.8242 -0.1443 0.0153 -0.2288
1770392164.8364 -0.1138 0.0153 -0.0152
1770392164.8486 0.0388 0.1068 0.1679
1770392164.8600 0.0082 0.1068 -0.1067
1770392164.8723 0.0693 0.3204 0.0153
1770392164.8845 0.0082 0.1068 -0.2899
1770392164.8967 -0.0833 -0.2289 -0.1373
1770392164.9080 0.1303 0.0763 -0.1373
1770392164.9202 -0.0528 -0.2594 -0.0457
1770392164.9324 -0.1443 0.2899 0.1984
1770392164.9447 0.0082 -0.0763 0.0764
1770392164.9558 -0.1443 -0.0153 0.1374
1770392164.9681 -0.1443 -0.0458 -0.0152
1770392164.9803 0.1608 -0.0458 -0.1983
1770392164.9929 0.0693 -0.1984 -0.0457
1770392165.0040 0.0082 0.1984 -0.0457
1770392165.0162 -0.0833 -0.1373 0.1069
1770392165.0286 -0.0833 -0.0153 -0.1373
1770392165.0398 -0.2969 0.1373 0.0764
1770392165.0524 0.1608 0.1068 -0.0152
1770392165.0646 0.1608 -0.1373 0.0458
1770392165.0759 0.0082 -0.0458 -0.2288
1770392165.0881 -0.0833 0.1068 0.0153
1770392165.1005 -0.0528 0.1373 0.1679
1770392165.1128 0.0388 0.0153 0.0458
1770392165.1241 -0.1749 -0.2289 -0.0152
1770392165.1363 0.2829 0.0763 -0.3814
1770392165.1487 -0.1138 0.0153 -0.1678
1770392165.1608 -0.0528 0.0153 -0.0457
1770392165.1722 0.0388 0.0153 -0.1067
1770392165.1845 0.1608 -0.1373 0.1679
1770392165.1968 -0.1749 0.1068 0.1069
1770392165.2080 -0.4190 -0.1068 -0.0457
1770392165.2204 -0.1749 -0.1373 -0.2593
1770392165.2328 0.1303 0.0763 -0.0457
1770392177.7035 0.2524 0.2899 -0.0457
1770392177.7155 -0.0223 0.0153 -0.2288
1770392177.7283 0.1608 0.1373 -0.2288
1770392177.7404 0.1608 -0.0153 -0.0457
1770392177.7518 -0.0528 -0.1678 0.1679
1770392177.7639 -0.4190 0.0153 -0.0762
1770392177.7756 -0.0833 -0.0153 0.0764
1770392177.7877 -0.2054 -0.0458 -0.3814
1770392177.7997 -0.3275 0.0153 0.0458
1770392177.8117 -0.1138 0.1068 -0.0762
1770392177.8238 0.0998 -0.0153 -0.2288
1770392177.8357 0.1303 -0.2289 -0.1373
1770392177.8478 -0.2969 0.1984 0.2595
1770392177.8597 0.0693 0.1678 -0.3204
1770392177.8718 -0.1749 -0.0763 0.0458
1770392177.8838 -0.1138 -0.0153 -0.1067
1770392177.8961 0.0693 0.1373 0.0458
1770392177.9080 0.0693 0.0458 -0.1373
1770392177.9200 -0.1443 -0.1068 0.0458
1770392177.9320 -0.2969 0.0458 0.0764
1770392177.9441 -0.0833 -0.1373 -0.2593
1770392177.9560 -0.2359 0.1373 0.1984
1770392177.9681 -0.1749 0.1068 -0.0152
1770392177.9802 -0.0833 -0.1068 0.1679
1770392177.9924 0.0082 0.0763 0.0153
1770392178.0045 0.0082 0.1068 -0.0152
1770392178.0165 -0.0833 -0.0763 -0.0152
1770392178.0278 -0.1138 -0.1984 0.1374
1770392178.0399 0.0388 -0.1068 -0.0762
1770392178.0520 -0.1443 0.1984 0.3205
1770392178.0640 -0.1443 0.0458 -0.0457
1770392178.0760 -0.1138 -0.0153 -0.1678
1770392178.0882 -0.0223 0.1373 0.2595
1770392178.1002 0.0693 0.1678 0.2289
1770392178.1123 -0.1443 0.0153 0.1069
1770392178.1242 -0.1138 0.0458 -0.0152
1770392178.1362 -0.1138 -0.2289 0.0458
1770392178.1483 0.1608 -0.1373 -0.3509
1770392178.1606 -0.1138 -0.1984 -0.0457
1770392178.1717 -0.1443 0.2289 -0.0762
1770392178.1838 -0.0833 -0.1068 -0.1678
1770392178.1959 -0.0223 0.0458 0.0764
1770392178.2081 -0.1138 -0.0153 -0.1678
1770392178.2202 -0.0528 -0.0458 -0.2593
1770392178.2322 -0.3885 0.0458 -0.1678
1770392178.2443 -0.2054 -0.1068 -0.1983
1770392178.2563 -0.0528 -0.0153 -0.0457
1770392178.2684 -0.0223 0.1068 0.1679
1770392178.2804 -0.1138 -0.1678 -0.1678
1770392178.2924 -0.0833 0.1068 -0.2593
1770392178.3044 0.0082 0.1068 0.0764
1770392178.3164 -0.0833 0.0458 0.1069
1770392178.3286 -0.2054 -0.0458 -0.0152
1770392178.3406 -0.0833 -0.0763 0.0764
1770392178.3517 -0.0223 0.1373 0.0458
1770392178.3637 0.0082 -0.1068 -0.1067
1770392178.3762 0.1913 -0.1678 -0.1678
1770392178.3883 -0.0528 0.1068 0.2900
1770392178.4004 -0.1749 0.0763 -0.0457
1770392178.4124 -0.0833 0.1373 -0.1373
1770392178.4244 -0.0528 -0.1373 0.4426
1770392178.4363 -0.2054 -0.0458 -0.0762
1770392178.4486 -0.1443 0.1678 0.0764
1770392178.4605 0.1608 0.1373 0.0458
1770392178.4726 -0.0223 -0.0153 0.0764
1770392178.4846 -0.1443 0.1068 0.2289
1770392178.4958 -0.1443 0.1373 0.1069
1770392178.5079 0.0082 0.1373 -0.0152
1770392178.5200 0.1303 -0.1068 0.2289
1770392178.5320 -0.2969 0.1373 -0.0762
1770392178.5441 -0.0833 -0.0153 0.3815
1770392178.5561 0.0082 0.1068 -0.1983
1770392178.5682 -0.0833 -0.2594 -0.1983
1770392178.5805 0.0388 0.2289 0.0458
1770392178.5927 0.0388 0.0763 -0.2899
1770392178.6046 -0.2054 -0.0458 0.1984
1770392178.6166 -0.0528 -0.0763 0.0153
1770392178.6277 -0.2054 0.0458 -0.0762
1770392178.6398 -0.0223 0.4120 -0.1067
1770392178.6517 0.0388 0.0153 0.3510
1770392178.6638 0.0082 -0.0153 -0.0762
1770392178.6759 0.0082 0.1373 -0.0457
1770392178.6880 -0.0528 0.1678 -0.2288
1770392178.7005 0.1913 -0.0763 0.1374
1770392178.7125 0.0388 -0.0763 -0.2899
1770392178.7245 0.0998 -0.0458 -0.0152
1770392178.7365 0.0388 -0.0458 -0.1067
1770392178.7487 -0.2054 0.0153 -0.0152
1770392178.7607 -0.1443 -0.0763 0.1984
1770392178.7728 -0.1138 0.0458 -0.1678
1770392178.7848 -0.1749 -0.1678 0.2289
1770392178.7959 0.0388 0.1373 -0.1983
1770392178.8083 -0.0833 -0.1373 -0.2288
1770392178.8204 -0.3580 -0.0458 0.1679
1770392178.8324 -0.0223 -0.0153 -0.1983
1770392178.8444 -0.0528 0.2594 0.1069
1770392178.8564 -0.1443 0.0153 0.1069
1770392178.8687 0.1303 0.4120 0.0764
1770392178.8798 0.0693 -0.0763 0.0764
1770392178.8920 0.1303 0.1068 -0.1067
1770392194.6786 -0.0528 -0.1068 -0.0152
1770392194.6909 0.1608 -0.1678 0.0764
1770392194.7019 -0.2664 -0.0153 -0.1678
1770392194.7142 0.1608 0.0153 0.1679
1770392194.7264 0.0082 0.0763 -0.0152
1770392194.7384 0.0998 0.1373 -0.0457
1770392194.7505 -0.0223 -0.2289 -0.1067
1770392194.7625 -0.0223 -0.1068 -0.0457
1770392194.7745 -0.1443 0.0153 0.1679
1770392194.7866 -0.0528 0.1984 -0.0152
1770392194.7986 -0.0223 0.1678 0.2595
1770392194.8106 -0.0528 0.1678 -0.1983
1770392194.8226 -0.3275 -0.0153 -0.1983
1770392194.8346 0.0388 0.1678 -0.1678
1770392194.8466 0.0998 -0.0458 -0.1983
1770392194.8587 -0.0833 -0.1373 0.0764
1770392194.8706 -0.1749 0.1068 -0.0152
1770392194.8827 0.0693 0.0763 0.0458
1770392194.8947 -0.1443 -0.1068 0.1984
1770392194.9068 -0.1443 -0.1068 0.0458
1770392194.9192 -0.0833 0.1373 0.0153
1770392194.9310 -0.1138 -0.1373 0.0458
1770392194.9425 0.0082 0.1984 -0.0457
1770392194.9547 -0.0528 0.1984 -0.2288
1770392194.9668 -0.3275 0.3204 -0.2288
1770392194.9789 -0.0223 -0.1068 0.0764
1770392194.9910 -0.2664 0.0458 0.0764
1770392195.0030 0.0388 0.2899 -0.1983
1770392195.0150 -0.0833 -0.1068 -0.2899
1770392195.0261 0.0998 0.0763 -0.1678
1770392195.0383 -0.0833 0.0153 0.0153
1770392195.0506 -0.1138 0.1068 -0.0457
1770392195.0626 0.1303 0.1068 0.0153
1770392195.0747 0.0082 0.1984 -0.0152
1770392195.0868 0.0082 0.0458 -0.1067
1770392195.0988 0.1303 0.1373 0.1069
1770392195.1108 -0.0833 -0.0153 -0.2899
1770392195.1228 -0.2664 -0.2289 0.0153
1770392195.1347 0.0082 0.1068 -0.1983
1770392195.1469 0.0082 0.0458 -0.0152
1770392195.1589 -0.1443 -0.0458 -0.1983
1770392195.1709 -0.0833 -0.2594 -0.1983
1770392195.1822 0.0082 0.2289 -0.0152
1770392195.1944 -0.2054 0.0458 -0.1067
1770392195.2066 -0.3275 0.2594 -0.1678
1770392195.2186 -0.0528 0.1984 0.0458
1770392195.2307 -0.3580 0.0153 -0.0152
1770392195.2428 -0.1443 -0.0458 -0.0152
1770392195.2548 -0.0223 -0.1678 -0.0457
1770392195.2668 0.0082 -0.1068 -0.0762
1770392195.2787 0.1303 0.0153 -0.0762
1770392195.2908 0.0388 -0.0153 -0.0762
1770392195.3028 0.0082 0.0458 -0.0762
1770392195.3149 0.0693 0.1373 0.1069
1770392195.3269 -0.1749 0.1373 0.0153
1770392195.3389 -0.1749 -0.1984 0.2289
1770392195.3500 0.0998 -0.0153 0.1374
1770392195.3621 -0.2054 0.1068 0.1679
1770392195.3753 -0.2359 0.1373 -0.1373
1770392195.3864 -0.2054 0.0458 -0.1067
1770392195.3984 -0.2664 -0.0153 -0.2593
1770392195.4105 -0.0833 0.1984 0.0458
1770392195.4224 -0.0223 -0.0153 -0.1678
1770392195.4345 -0.0833 -0.1068 -0.1373
1770392195.4466 -0.1443 0.0458 0.1374
1770392195.4586 0.0388 -0.0458 -0.0762
1770392195.4705 -0.1443 0.1373 0.0764
1770392195.4827 -0.1138 0.1984 -0.3204
1770392195.4947 0.0998 -0.0153 -0.0457
1770392195.5068 0.0082 -0.0763 -0.3509
1770392195.5188 -0.0833 0.1068 0.1374
1770392195.5309 -0.0223 0.1373 -0.0762
1770392195.5429 0.0388 -0.0458 -0.1373
1770392195.5550 0.0693 0.1373 0.2289
1770392195.5670 -0.2969 -0.1373 -0.1373
1770392195.5791 -0.1138 0.1984 0.0458
1770392195.5911 0.1303 0.0763 -0.1678
1770392195.6022 -0.2359 -0.0458 -0.3204
1770392195.6143 -0.2664 0.1373 -0.0457
1770392195.6265 -0.1443 -0.0458 -0.0457
1770392195.6386 0.0693 0.0763 -0.0762
1770392195.6508 -0.1443 0.0458 0.0458
1770392195.6629 -0.1749 0.0763 -0.0152
1770392195.6750 0.0082 -0.0458 0.1679
1770392195.6871 -0.0223 -0.1068 -0.2899
1770392195.6991 -0.0528 0.2289 0.1069
1770392195.7111 -0.1138 0.1373 -0.0457
1770392195.7233 -0.2359 0.0153 -0.0152
1770392195.7355 0.2219 0.0458 0.1984
1770392195.7476 0.1608 -0.1068 0.0458
1770392195.7596 -0.0223 0.1984 -0.1678
1770392195.7716 -0.1443 -0.0458 -0.2288
1770392195.7834 0.0693 0.0458 -0.0457
1770392195.7956 0.1303 0.1068 -0.1678
1770392195.8077 0.0693 0.0458 -0.0152
1770392195.8197 0.0082 -0.0763 -0.1678
1770392195.8317 -0.2969 -0.1068 -0.1983
1770392195.8437 -0.1443 0.1068 0.0764
1770392195.8558 0.0082 -0.0763 -0.2899
1770392195.8668 -0.2054 -0.0458 0.0153
1770392195.8788 0.0998 -0.0763 0.1679
1770392195.8908 -0.0833 0.0153 0.1374
1770392195.9029 0.1608 -0.1068 -0.4730
1770392195.9150 0.0388 0.1373 -0.3814
1770392195.9270 -0.3580 -0.0458 -0.1373
1770392195.9389 -0.0833 -0.0763 -0.0152
1770392195.9510 0.0998 0.0153 0.1374
1770392195.9630 0.0998 0.0763 -0.1678
1770392195.9751 -0.0528 0.3204 -0.0457
1770392195.9873 -0.1749 0.2899 -0.0762
1770392195.9993 0.0693 0.0458 -0.0457
1770392196.0113 -0.1138 0.1678 0.1984
1770392196.0232 0.0388 -0.0153 0.1374
1770392196.0352 -0.2664 -0.0458 -0.1678
1770392196.0473 0.0388 0.1068 -0.1067
1770392196.0593 -0.0223 0.2289 -0.1067
1770392196.0714 -0.1138 0.1373 -0.1067
1770392196.0835 -0.1138 0.0153 0.1069
1770392196.0955 -0.0833 0.0153 -0.0457
1770392196.1076 -0.3580 -0.0763 0.0458
1770392196.1195 -0.0528 0.0153 0.0764
1770392196.1316 0.0998 0.1068 0.1679
1770392196.1436 -0.2054 -0.0458 0.0153
1770392196.1557 0.1303 -0.2289 0.1679
1770392196.1676 -0.0833 0.1984 0.1069
1770392196.1791 -0.1443 0.1068 -0.0457
1770392196.1911 0.1303 -0.1068 0.0764
1770392196.2031 -0.2054 0.0458 -0.1067
1770392196.2152 -0.1443 0.1068 -0.1983
1770392196.2272 0.0082 -0.1678 -0.0762
1770392196.2392 -0.2054 0.1373 0.1679
1770392196.2513 0.0082 0.1068 -0.2593
1770392196.2635 -0.0223 0.0458 0.0153
1770392196.2757 0.0388 -0.0153 -0.3204
1770392196.2878 0.0388 0.0153 -0.1373
1770392196.2990 -0.1138 0.2594 0.3815
1770392196.3110 0.1303 -0.2289 0.0764
1770392196.3231 -0.0223 -0.0458 -0.3814
1770392196.3351 -0.2969 -0.2289 -0.1678
1770392196.3472 -0.0528 0.0458 -0.2593
1770392196.3591 0.0693 0.1373 -0.2288
1770392196.3712 0.1303 0.0763 -0.1373
1770392196.3833 0.0388 0.1678 -0.0152
1770392196.3954 -0.0833 -0.0153 -0.0457
1770392196.4075 0.0388 -0.0458 0.0764
1770392196.4195 0.0693 -0.1373 -0.0457
1770392196.4314 -0.0223 0.1984 -0.1373
1770392196.4435 -0.1443 0.0153 -0.0152
1770392196.4557 -0.1749 -0.1678 0.0764
1770392196.4678 -0.2969 -0.0458 -0.0457
1770392196.4798 -0.0223 -0.1068 -0.0457
1770392196.4919 -0.2664 -0.0763 0.2289
1770392196.5039 -0.0223 -0.0763 -0.1983
1770392196.5159 0.0998 0.0763 0.1069
1770392196.5270 -0.1443 -0.1373 -0.3204
1770392196.5390 0.0388 0.2289 -0.1373
1770392196.5510 0.0693 -0.1373 -0.1983
1770392196.5630 0.0388 0.0153 0.0153
1770392196.5753 -0.0528 0.0458 0.1679
1770392196.5875 0.0082 -0.0763 -0.0152
1770392196.5996 -0.1749 0.1678 -0.2593
1770392196.6115 -0.1138 0.0458 -0.1373
1770392196.6236 0.1303 -0.0763 0.0458
1770392196.6356 -0.2359 -0.0153 -0.2288
1770392196.6479 -0.1443 -0.0153 0.1984
1770392196.6600 -0.1138 0.1678 -0.0152
1770392196.6720 -0.0528 0.0153 -0.1067
1770392196.6840 -0.1138 -0.0763 0.1679
1770392196.6961 -0.0833 0.2289 -0.0152
1770392196.7081 0.1608 -0.0458 0.2289
1770392196.7191 0.1303 -0.2289 -0.1678
1770392196.7313 0.0998 0.0153 -0.0762
1770392196.7434 0.0388 0.1373 0.0153
1770392196.7554 -0.2969 -0.0153 -0.1678
1770392196.7673 0.0388 -0.1678 -0.3509
1770392196.7795 -0.4190 0.0153 0.0458
1770392196.7916 -0.0833 -0.2594 0.0153
1770392196.8037 -0.1749 -0.0458 -0.0152
1770392196.8156 0.1303 -0.2289 -0.0152
1770392196.8276 0.0388 0.1068 -0.0762
1770392196.8397 0.0693 0.1068 0.0153
1770392196.8518 0.0693 -0.2899 -0.1067
1770392196.8638 -0.0528 -0.0458 0.0153
1770392196.8758 -0.2054 0.3510 -0.2288
1770392196.8878 -0.0528 -0.1068 -0.2593
1770392196.8991 -0.0528 -0.0458 0.0458
1770392196.9121 0.0998 0.1373 0.0458
1770392196.9231 0.0998 -0.0763 0.0153
1770392196.9351 -0.0528 0.2289 -0.0457
1770392196.9472 -0.1443 0.2289 0.0458
1770392196.9592 0.0082 -0.0153 -0.1678
1770392196.9711 -0.1443 0.0763 0.1069
1770392196.9833 -0.1138 -0.1678 0.0153
1770392196.9956 0.0082 0.0458 0.3205
1770392197.0076 0.2219 0.0763 -0.0457
1770392197.0197 -0.0528 -0.0458 -0.1373
1770392197.0317 -0.2359 0.0763 -0.3814
1770392197.0437 0.0082 -0.0458 -0.1678
1770392197.0559 -0.1138 0.1373 0.0764
1770392197.0678 -0.0223 0.1068 -0.0457
1770392197.0798 0.0998 -0.0153 -0.1067
1770392197.0917 -0.1138 0.0458 0.0153
1770392197.1039 -0.1749 0.0763 -0.1067
1770392197.1161 0.2219 0.1068 -0.1067
1770392197.1281 -0.0528 0.2289 -0.0457
1770392197.1401 -0.1138 -0.0153 -0.1067
1770392197.1511 0.0998 0.1984 -0.1373
1770392197.1632 -0.1443 0.1068 0.0458
1770392197.1753 -0.1138 0.0458 -0.0762
1770392197.1873 -0.0223 -0.0458 -0.0457
1770392197.1995 0.0082 -0.0763 0.1679
1770392197.2115 -0.3275 -0.0153 -0.1373
1770392197.2235 -0.3275 -0.2289 -0.3204
1770392197.2356 -0.0833 -0.1068 0.1069
1770392197.2476 -0.0223 0.1984 -0.0152
1770392197.2596 0.1303 -0.1068 -0.2288
1770392197.2716 -0.2359 -0.0458 0.0764
1770392197.2837 -0.1749 0.2899 -0.0152
1770392197.2958 0.1303 -0.0153 0.1069
1770392197.3078 0.0998 0.1678 0.0153
1770392197.3198 -0.1138 -0.1068 0.1069
1770392197.3318 -0.0833 -0.1984 0.0764
1770392197.3439 0.1913 -0.0153 -0.2288
1770392197.3559 -0.0528 -0.0458 -0.0457
1770392197.3679 -0.0833 0.0763 0.0764
1770392197.3802 -0.0528 -0.0458 -0.1373
1770392197.3912 -0.2054 0.1068 0.2289
1770392197.4032 -0.1443 0.0153 -0.1373
1770392197.4152 0.0082 0.2289 -0.1373
1770392197.4272 -0.2664 0.0153 0.2900
1770392197.4402 -0.1138 0.2289 -0.4730
1770392197.4512 -0.1443 0.1068 0.0153
1770392197.4633 -0.1749 0.0153 0.0458
1770392197.4753 -0.1138 -0.1373 -0.1983
1770392197.6223 -0.3580 -0.0458 -0.0762
1770392197.6228 -0.1443 0.1373 -0.1678
1770392197.6231 -0.1749 0.0153 -0.0762
1770392197.6235 -0.0833 -0.0763 -0.1373
1770392197.6239 0.0693 -0.1678 -0.1983
1770392197.6243 0.0388 -0.0458 0.0153
1770392197.6247 -0.2054 0.0458 -0.1373
1770392197.6251 -0.0833 0.0153 -0.0457
1770392197.6254 0.0998 0.0458 0.2900
1770392197.6259 -0.2359 0.0763 0.0153
1770392197.6262 0.0388 -0.0763 -0.1373
1770392197.6266 -0.1138 0.0763 -0.1067
1770392197.6322 -0.0223 -0.2289 -0.1373
1770392197.6442 0.0388 0.1068 -0.1678
1770392197.6552 -0.2664 0.0458 -0.2899
1770392197.6672 -0.1443 -0.1068 -0.0457
1770392197.6793 -0.0528 0.0153 0.0153
1770392197.6913 -0.0528 0.0458 -0.0457
1770392197.7042 0.0388 0.0153 0.0764
1770392197.7153 -0.0528 -0.0153 -0.1678
1770392197.7273 -0.0223 0.0153 0.1374
1770392197.7394 -0.1749 0.0153 -0.0152
1770392197.7514 -0.1138 -0.1373 0.0458
1770392197.7634 -0.0833 0.1678 -0.1983
1770392197.7756 -0.4495 0.2899 -0.0152
1770392197.7876 -0.0528 -0.1068 0.1679
1770392197.7997 -0.0528 0.0763 0.1374
1770392197.8117 -0.1749 -0.0458 0.0764
1770392197.8236 -0.0223 -0.1678 0.2900
1770392197.8357 -0.0528 -0.1373 -0.1983
1770392197.8477 -0.1138 -0.0153 0.0764
1770392197.8598 -0.0528 -0.0763 -0.1067
1770392197.8717 -0.1749 0.1373 0.1374
1770392197.8838 0.0388 0.0153 0.1374
1770392197.8959 0.1303 0.0458 -0.2288
1770392197.9080 -0.0223 -0.1068 -0.0457
1770392197.9199 -0.0528 -0.0153 -0.1983
1770392197.9319 0.1303 0.0153 -0.0152
1770392197.9439 -0.0528 0.1984 -0.0457
1770392197.9561 -0.2969 -0.0458 0.0764
1770392197.9679 -0.0223 -0.0458 -0.1373
1770392197.9801 0.0998 0.1678 0.0458
1770392197.9922 0.0388 0.3204 0.0458
1770392198.0042 -0.2054 0.0153 0.0458
1770392198.0162 0.1303 0.1373 -0.2899
1770392198.0283 -0.1138 0.1068 0.0153
1770392198.0403 0.0082 -0.1984 -0.0762
1770392198.0524 -0.0833 -0.0458 0.0153
1770392198.0643 0.0082 0.0153 0.3205
1770392198.0755 0.0082 -0.2899 -0.1067
1770392198.0874 -0.0223 -0.0763 -0.0457
1770392198.0995 -0.0528 0.1678 -0.0152
1770392198.1114 -0.0528 0.1373 -0.0762
1770392198.1235 -0.0833 -0.0153 -0.1373
1770392198.1355 -0.1138 -0.0458 0.2289
1770392198.1475 -0.4190 -0.0763 -0.1678
1770392198.1596 -0.2359 0.1373 0.0153
1770392198.1717 0.0082 0.2289 0.0458
1770392198.1841 -0.0528 0.0763 0.0153
1770392198.1963 0.1913 0.1678 0.0153
1770392198.2077 -0.0223 -0.0153 -0.0762
1770392198.2199 -0.0528 -0.0458 -0.1678
1770392198.2321 -0.2359 0.1678 -0.1067
1770392198.2435 -0.2054 0.0458 0.1069
1770392198.2559 -0.0833 0.0458 -0.1678
1770392198.2682 -0.1138 -0.1068 -0.1067
1770392198.2802 -0.0833 0.0153 -0.1067
1770392198.2919 -0.0528 0.1068 -0.0457
1770392198.3040 0.1303 -0.0458 -0.1373
1770392198.3154 -0.0833 -0.1984 0.0458
1770392198.3279 -0.1138 -0.0153 -0.1678
1770392198.3403 -0.1138 0.0763 0.1374
1770392198.3516 0.1303 0.0763 -0.1067
1770392198.3640 -0.0833 0.0153 0.0458
1770392198.3764 0.0388 0.0458 -0.2593
1770392198.3874 -0.0528 -0.1373 0.0458
1770392198.3994 -0.0528 0.1373 -0.2593
1770392198.4115 -0.0528 -0.2289 -0.1067
1770392198.4235 -0.0528 0.0458 -0.0762
1770392198.4356 0.1913 -0.2594 -0.1373
1770392198.4476 -0.1138 -0.1068 -0.0457
1770392198.4597 -0.2969 -0.0763 0.0458
1770392198.4717 -0.1749 -0.1068 -0.3509
1770392198.4838 -0.0223 -0.0458 -0.0762
1770392198.4959 -0.1138 -0.1984 -0.0762
1770392198.5079 0.2524 -0.0763 -0.1373
1770392198.5199 -0.2969 -0.0763 -0.2593
1770392198.5319 -0.1749 -0.1678 -0.1983
1770392198.5435 -0.1749 0.1373 0.1374
1770392198.5558 0.0388 0.0153 -0.0457
1770392198.5680 -0.2359 -0.0458 0.2595
1770392198.5801 -0.1138 0.1984 -0.1983
1770392198.5922 0.0998 -0.1678 -0.0152
1770392198.6043 -0.0223 -0.0763 -0.1067
1770392198.6164 0.0998 0.0763 -0.4119
1770392198.6284 0.0082 0.2289 -0.1983
1770392198.6403 -0.1138 0.0458 0.1679
1770392198.6524 0.0693 -0.0458 -0.3509
1770392198.6644 0.1913 0.1678 0.0153
1770392198.6765 0.0388 0.1068 0.1679
1770392198.6884 0.0998 0.1068 -0.3204
1770392198.6996 -0.2054 -0.1373 0.2595
1770392198.7118 -0.1443 0.1068 -0.1678
1770392198.7240 -0.4190 -0.0763 0.2900
1770392198.7364 0.0388 0.1068 0.0458
1770392198.7476 -0.0528 -0.1068 -0.0152
1770392198.7597 -0.1749 0.1068 -0.2288
1770392198.7720 -0.1749 -0.2899 -0.0762
1770392198.7843 -0.0833 0.1984 -0.0762
1770392198.7957 0.0082 0.1678 0.0764
1770392198.8079 0.0998 -0.0153 0.1679
1770392198.8201 -0.2969 -0.2289 0.0153
1770392198.8324 0.0693 0.0458 0.1374
1770392198.8436 0.0082 -0.1068 0.1069
1770392198.8560 -0.0833 -0.0458 -0.1373
1770392198.8682 -0.1443 0.1068 -0.1983
1770392198.8805 -0.0833 -0.0458 -0.0152
1770392198.8919 0.0998 0.0458 -0.0457
1770392198.9041 -0.1443 0.3815 -0.1067
1770392198.9165 -0.1749 0.0458 -0.2288
1770392198.9276 0.0693 0.0153 -0.0152
1770392198.9398 -0.2359 -0.1984 0.2595
1770392198.9522 -0.1749 0.2594 -0.1373
1770392198.9645 0.0082 0.0763 -0.0152
1770392198.9760 -0.0528 0.1068 -0.2899
1770392198.9884 -0.1749 -0.0458 -0.1373
1770392198.9996 -0.0223 -0.0153 -0.2288
1770392199.0120 0.0082 -0.0153 0.0153
1770392199.0240 0.0082 -0.0458 -0.0457
1770392199.0364 -0.0223 0.0458 0.1069
1770392199.0476 0.0388 -0.1984 0.1069
1770392199.0599 -0.0528 0.0458 -0.2288
1770392199.0721 -0.2359 -0.2899 0.0458
1770392199.0845 -0.0223 0.0153 0.0764
1770392199.0957 -0.0223 -0.1373 0.1679
1770392199.1081 -0.0223 0.1373 0.0458
1770392199.1203 -0.1443 -0.1373 0.0764
1770392199.1316 -0.1443 0.0763 0.1374
1770392199.1438 0.0388 0.0458 -0.1983
1770392199.1563 -0.2359 -0.1984 0.0764
1770392199.1675 0.0998 -0.0153 -0.2593
1770392199.1802 0.0082 0.2289 0.0153
1770392199.1925 -0.1138 0.0153 0.1374
1770392199.2037 -0.0833 0.0153 -0.0457
1770392199.2161 -0.1443 -0.0153 0.0153
1770392199.2277 0.1303 0.0153 0.0458
1770392199.2401 0.0388 0.0458 -0.0152
1770392199.2524 -0.1749 -0.0153 0.0458
1770392199.2646 -0.0833 -0.0153 -0.2288
1770392199.2759 0.1303 -0.0763 0.1374
1770392199.2880 -0.0223 -0.0458 -0.1067
1770392199.3002 0.1303 -0.2594 -0.1983
1770392199.3124 -0.1443 0.0763 -0.0457
1770392199.3245 0.1303 -0.1068 -0.4119
1770392199.3357 -0.0223 -0.3204 -0.3509
1770392199.3479 -0.2664 0.0153 0.2900
1770392199.3601 0.1608 -0.1068 0.0153
1770392199.3724 -0.0833 -0.0458 -0.1373
1770392199.3839 -0.2054 0.2289 0.1679
1770392199.3960 -0.0528 0.0763 -0.1678
1770392199.4084 -0.0528 0.0458 -0.0457
1770392199.4207 -0.4190 0.1068 0.1069
1770392199.4320 0.1608 0.0763 -0.3204
1770392199.4444 -0.0833 -0.1678 -0.2288
1770392199.4557 -0.1138 0.2289 0.0458
1770392199.4679 -0.0223 0.3815 0.0764
1770392199.4801 -0.0223 -0.0458 -0.0152
1770392199.4925 -0.2054 0.0763 -0.0457
1770392199.5047 -0.1443 -0.2289 -0.3204
1770392199.5160 -0.0223 0.0458 0.1374
1770392199.5283 0.0693 0.0763 -0.1678
1770392199.5398 0.0693 -0.1068 -0.0457
1770392199.5527 -0.1138 -0.0153 -0.2593
1770392199.5639 -0.1443 0.0153 0.1679
1770392199.5763 -0.1138 0.0458 0.2289
1770392199.5886 0.0388 -0.0763 -0.1678
1770392199.5999 -0.1443 0.2289 -0.0457
1770392199.6123 -0.3275 -0.1068 -0.0762
1770392199.6245 -0.0528 0.1068 0.1374
1770392199.6361 -0.0223 0.1984 -0.2899
1770392199.6487 -0.1138 -0.0763 -0.0762
1770392199.6600 -0.1138 -0.0153 0.3510
1770392199.6723 -0.2054 -0.1068 -0.0762
1770392199.6847 -0.1138 -0.1068 -0.1983
1770392199.6960 0.0998 0.1373 -0.1373
1770392199.7084 -0.0223 0.0153 -0.0762
1770392199.7205 -0.0528 -0.0763 0.0764
1770392199.7319 0.0693 0.0763 -0.0457
1770392199.7442 -0.3275 0.0763 0.1374
1770392199.7566 0.0082 -0.1068 -0.0457
1770392199.7678 0.2219 0.0458 0.1679
1770392199.7802 0.1303 -0.0763 -0.1678
1770392199.7925 -0.0528 0.1678 -0.1067
1770392199.8038 0.0693 0.1068 0.0153
1770392199.8161 0.0388 0.1373 -0.0152
1770392199.8284 -0.1443 0.0763 0.1984
1770392199.8406 -0.2054 0.0458 -0.0762
1770392199.8517 -0.1443 -0.0763 -0.2593
1770392199.8639 -0.4800 -0.0763 -0.1678
1770392199.8763 -0.0833 0.0458 -0.1067
1770392199.8885 0.0388 0.0458 0.1374
1770392199.9007 -0.0528 0.0153 -0.2593
1770392199.9120 0.0388 0.1373 0.0153
1770392199.9243 -0.1443 0.0763 0.1069
1770392199.9365 -0.2969 0.0763 0.0764
1770392199.9488 -0.0528 0.2594 0.1069
1770392199.9599 -0.1749 -0.0458 0.0764
1770392199.9720 -0.1749 0.0458 -0.1373
1770392199.9846 0.1913 0.0153 -0.0457
1770392199.9960 -0.1138 -0.0153 -0.0762
1770392200.0083 -0.0223 -0.2594 0.0153
1770392200.0204 -0.0528 -0.0458 -0.0457
1770392200.0325 -0.0528 -0.1373 0.1069
1770392200.0449 -0.0223 0.0458 -0.0152
1770392200.0561 -0.1138 -0.1373 -0.0762
1770392200.0684 -0.0223 0.0458 -0.3204
1770392200.0806 -0.1749 0.0458 0.2289
1770392200.0920 -0.2054 -0.1373 0.0153
1770392200.1043 0.0082 -0.0458 0.2289
1770392200.1165 -0.2359 0.0153 -0.0457
1770392200.1288 0.0693 -0.0458 0.0458
1770392200.1399 -0.1749 -0.1373 0.0458
1770392200.1521 -0.0833 0.1678 -0.0762
1770392200.1645 -0.0528 0.0458 0.2595
1770392200.1769 -0.2664 0.2289 -0.1373
1770392200.1882 0.0082 -0.1373 -0.2899
1770392200.2004 -0.0833 0.2594 -0.1373
1770392200.2126 -0.3275 0.1068 -0.0152
1770392200.2248 -0.0528 -0.0763 -0.0457
1770392200.2364 -0.0528 0.0458 -0.1983
1770392200.2479 0.0082 -0.0153 0.0764
1770392200.2604 -0.2359 -0.0458 0.1069
1770392200.2725 -0.0528 0.0458 -0.1678
1770392200.2847 0.0388 -0.0153 -0.1678
1770392200.2960 -0.0833 0.0763 -0.1067
1770392200.3083 -0.0833 -0.1373 -0.1678
1770392200.3204 -0.1138 0.0458 0.0458
1770392200.3328 0.2219 0.1373 -0.0457
1770392200.3440 -0.2664 0.0153 -0.1678
1770392200.3563 0.1913 0.0458 0.2289
1770392200.3689 0.0082 -0.1373 0.1069
1770392200.3802 -0.0833 0.1373 -0.1373
1770392200.3927 -0.1138 0.1984 0.0458
1770392200.4042 -0.0223 -0.1068 -0.1983
1770392200.4165 0.0998 0.0153 0.1069
1770392200.4284 -0.2054 -0.1373 -0.1067
1770392200.4407 -0.2359 0.2899 0.0764
1770392200.4520 0.0693 0.0153 0.0458
1770392200.4641 -0.1443 0.0458 -0.2899
1770392200.4765 -0.1138 0.0458 -0.2899
1770392200.4888 -0.0223 -0.3815 -0.1678
1770392200.5000 -0.0223 0.1068 -0.2288
1770392200.5120 0.0693 0.1068 -0.1067
1770392200.5242 -0.1749 0.0763 -0.2288
1770392200.5364 -0.0833 0.0153 -0.0762
1770392200.5486 0.0693 -0.1068 -0.1373
1770392200.5607 -0.0223 -0.0153 -0.2899
1770392200.5720 -0.1138 0.1068 0.3205
1770392200.5839 -0.2054 -0.1068 -0.1678
1770392200.5962 -0.1749 0.1984 -0.3814
1770392200.6082 -0.2359 -0.1373 0.3205
1770392200.6204 -0.0528 -0.1068 -0.1678
1770392200.6326 0.0693 0.0153 -0.1067
1770392200.6441 -0.1749 -0.0763 0.1984
1770392200.6567 0.0082 0.1373 -0.0762
1770392200.6690 0.0082 -0.0153 -0.1067
1770392200.6802 -0.2664 -0.0763 0.1069
1770392200.6924 0.0082 0.1068 -0.1067
1770392200.7048 -0.1138 0.0763 0.1374
1770392200.7162 -0.0833 -0.1068 0.0458
1770392200.7286 0.0082 0.0153 0.0153
1770392200.7400 -0.2359 0.1678 0.2289
1770392200.7524 0.1913 -0.1678 -0.0762
1770392200.7649 0.1608 -0.2594 0.1374
1770392200.7762 -0.1443 0.1984 0.0153
1770392200.7885 -0.0833 -0.3204 0.1374
1770392200.8008 -0.1138 -0.0153 -0.1373
1770392200.8122 -0.1138 0.1373 0.4731
1770392200.8247 0.0998 -0.0153 -0.0152
1770392200.8360 -0.0833 -0.0458 0.0153
1770392200.8483 0.1608 -0.0458 -0.1373
1770392200.8607 0.0693 -0.1678 -0.0457
1770392200.8728 -0.1443 0.1984 -0.1678
1770392200.8841 0.0998 0.2594 -0.3204
1770392200.8964 0.0082 -0.0763 -0.1678
1770392200.9087 0.0388 -0.1984 0.1374
1770392200.9209 -0.0833 0.1068 -0.1373
1770392200.9321 -0.1138 -0.0153 -0.1678
1770392200.9444 -0.1138 0.1068 0.1679
1770392200.9566 -0.2054 0.2594 0.0764
1770392200.9687 -0.2054 0.1373 -0.0457
1770392200.9808 -0.0833 -0.2594 -0.0762
1770392200.9925 0.0693 0.0153 -0.2899
1770392201.0050 -0.2969 0.1984 0.0153
1770392201.0162 0.0693 -0.0458 0.0458
1770392201.0285 -0.2054 -0.2289 -0.2288
1770392201.0407 -0.1749 0.2899 -0.1983
1770392201.0529 -0.2054 0.1068 0.0153
1770392201.0641 -0.0528 0.0458 0.0153
1770392201.0764 0.1303 -0.0153 -0.0762
1770392201.0884 -0.0223 0.0458 -0.1067
1770392201.1008 -0.2054 0.0763 0.1374
1770392201.1130 0.2524 -0.1068 0.1374
1770392201.1243 -0.1138 0.0458 0.0153
1770392201.1365 -0.1443 0.0153 0.0458
1770392201.1488 -0.3275 -0.0763 0.0764
1770392201.1601 0.0388 0.1678 -0.0762
1770392201.1722 -0.0223 -0.1678 -0.0457
1770392201.1846 -0.2054 0.0763 0.0764
1770392201.1970 -0.2359 -0.0763 -0.0457
1770392201.2081 0.0693 0.1068 0.1679
1770392201.2204 -0.1443 -0.0153 -0.1373
1770392201.2326 -0.0223 -0.0763 0.0764
1770392201.2449 -0.2359 -0.0153 0.0458
1770392201.2561 -0.0833 0.2899 0.1374
1770392201.2683 0.0082 0.1984 -0.3814
1770392201.2806 -0.1443 0.1373 0.0458
1770392201.2928 -0.1138 -0.0763 -0.0152
1770392201.3041 -0.0528 0.1678 0.1984
1770392201.3164 -0.3580 -0.0153 0.1984
1770392201.3286 0.0388 -0.1373 0.1069
1770392201.3409 0.0693 -0.0458 -0.2593
1770392201.3530 -0.1138 -0.0153 -0.2288
1770392201.3643 0.0998 -0.0763 -0.0457
1770392201.3766 -0.1443 0.0458 0.0764
1770392201.3891 -0.0833 0.1373 0.0458
1770392201.4004 -0.2969 0.0153 -0.1067
1770392201.4130 0.0388 -0.1373 -0.0152
1770392201.4245 0.1303 -0.1373 -0.2899
1770392201.4368 0.0082 0.1068 0.1679
1770392201.4490 -0.2969 -0.0458 0.3815
1770392201.4613 0.0082 -0.0458 0.2289
1770392201.4724 -0.0528 -0.0458 -0.1983
1770392201.4847 -0.2664 -0.0763 0.0764
1770392201.4973 -0.0223 0.2594 -0.1983
1770392201.5085 -0.3885 -0.0458 -0.1067
1770392201.5208 -0.1443 -0.0458 -0.3509
1770392201.5330 -0.0223 0.1068 0.0764
1770392201.5453 -0.0528 0.1678 -0.0762
1770392201.5565 -0.2359 -0.0763 -0.0152
1770392201.5686 -0.1443 0.1068 0.0764
1770392201.5811 -0.0528 0.0763 0.1374
1770392201.5925 -0.1138 0.0458 -0.0762
1770392201.6051 -0.0528 -0.0458 -0.0152
1770392201.6164 -0.1138 0.1984 0.1374
1770392201.6289 -0.2054 0.0763 -0.0457
1770392201.6413 0.1608 0.2289 0.0764
1770392201.6525 0.0693 0.2289 0.1679
1770392201.6647 -0.2664 -0.0153 -0.0762
1770392201.6773 0.0388 0.2594 0.0764
1770392201.6889 -0.1138 0.0153 -0.0457
1770392201.7013 0.0082 0.0153 -0.0762
1770392201.7124 0.0082 0.1678 -0.1067
1770392201.7246 0.0693 -0.0763 0.0153
1770392201.7371 0.1303 0.0458 -0.0762
1770392201.7484 -0.2054 -0.0763 -0.1373
1770392201.7607 -0.1138 0.0153 -0.2593
1770392201.7731 -0.2054 -0.0458 0.1374
1770392201.7849 -0.2054 -0.1068 -0.0457
1770392201.7964 0.0693 0.1678 0.0458
1770392201.8086 -0.0223 0.1373 -0.0152
1770392201.8208 0.1913 -0.1068 -0.0762
1770392201.8330 0.0388 -0.0153 -0.0152
1770392201.8452 0.1608 -0.0458 0.2595
1770392201.8566 0.0082 -0.3815 -0.1067
1770392201.8687 0.0388 -0.1068 0.0764
1770392201.8810 -0.0528 -0.0153 -0.1678
1770392201.8932 -0.1749 0.1984 0.0458
1770392201.9043 -0.0833 0.0153 -0.2593
1770392201.9167 0.1303 0.0458 -0.2593
1770392201.9288 -0.1749 0.0763 -0.0457
1770392201.9411 -0.0223 -0.1068 0.1984
1770392201.9532 -0.1749 0.0763 -0.2593
1770392201.9644 0.0998 -0.2289 -0.0457
1770392201.9771 -0.0223 -0.0153 -0.2899
1770392201.9884 -0.0528 0.1068 -0.1678
1770392202.0007 -0.1749 0.1373 0.1374
1770392202.0129 -0.0528 0.0458 0.0764
1770392202.0250 -0.0223 0.0763 0.0764
1770392202.0364 -0.1138 -0.1678 0.0764
1770392202.0485 -0.0223 0.0458 0.1374
1770392202.0608 -0.0528 0.2899 -0.1678
1770392202.0729 -0.1443 0.0153 0.0153
1770392202.0851 -0.0528 0.1068 -0.0457
1770392202.0964 -0.0528 0.0153 -0.1373
1770392202.1087 -0.2969 -0.0763 0.0153
1770392202.1209 -0.0528 -0.0153 -0.1067
1770392202.1327 0.1303 0.1373 -0.0457
1770392202.1451 -0.1749 -0.0458 -0.1678
1770392202.1565 -0.2969 0.0153 -0.2899
1770392202.1687 0.0388 0.0153 -0.1373
1770392202.1809 -0.1443 -0.1678 -0.1678
1770392202.1932 -0.1443 0.2289 -0.1373
1770392202.2054 -0.3275 0.1068 0.1069
1770392202.2166 0.0388 0.0153 -0.0152
1770392202.2289 0.0388 0.1984 0.0458
1770392202.2412 -0.1443 0.1068 -0.1678
1770392202.2524 -0.1443 0.1678 0.0153
1770392202.2656 -0.1443 0.0153 -0.1983
1770392202.2769 -0.0223 -0.1373 -0.1983
1770392202.2891 -0.1443 -0.0763 0.1984
1770392202.3015 -0.0223 -0.2289 -0.1373
1770392202.3138 0.0693 -0.0458 -0.0762
1770392202.3252 0.0082 -0.0763 -0.0152
1770392202.3375 0.0082 0.1373 -0.0762
1770392202.3498 -0.0528 0.0153 0.1069
1770392202.3610 0.0082 0.1373 0.1069
1770392202.3732 -0.0528 0.2289 0.1984
1770392202.3858 0.0082 0.2594 0.0458
1770392202.3977 0.0693 0.1373 0.0153
1770392202.4089 0.1303 0.1373 -0.1678
1770392202.4211 0.1608 0.1068 0.0764
1770392202.4333 0.0082 -0.1373 0.1374
1770392202.4449 -0.2359 0.0153 0.0764
1770392202.4574 -0.0223 0.0458 0.1679
1770392202.4691 -0.1749 -0.0458 0.0458
1770392202.4814 0.0693 -0.0153 0.0458
1770392202.4929 0.0082 0.0153 -0.0457
1770392202.5057 -0.0833 0.0153 -0.0457
1770392202.5172 0.0082 -0.1678 0.0458
1770392202.5293 -0.3275 0.1984 -0.0152
1770392202.5414 0.0388 -0.0763 -0.1373
1770392202.5536 -0.0528 0.0458 0.1984
1770392202.5657 0.0388 -0.1373 -0.1373
1770392202.5769 0.0998 0.0458 0.1374
1770392202.5890 0.0998 0.0153 -0.1678
1770392202.6011 -0.0833 -0.0153 0.0764
1770392202.6134 -0.1443 -0.1068 -0.0152
1770392202.6256 -0.0223 0.1373 0.1679
1770392202.6371 -0.0833 -0.1068 -0.0152
1770392202.6496 0.0082 0.0763 0.2289
1770392202.6611 0.0082 0.0458 -0.1678
1770392202.6733 -0.1443 -0.1373 0.0458
1770392202.6849 0.0082 0.0763 0.1069
1770392202.6974 0.0082 0.2899 -0.0762
1770392202.7097 0.0388 -0.1678 -0.1067
1770392202.7218 0.1608 0.1068 0.1374
1770392202.7334 -0.1749 0.0458 -0.1067
1770392202.7449 -0.1749 0.0458 -0.0152
1770392202.7573 0.1303 -0.3204 0.0153
1770392202.7694 0.1913 0.0153 0.0458
1770392202.7809 -0.1138 0.1068 -0.0152
1770392202.7934 -0.0833 0.0153 0.0458
1770392202.8057 -0.2664 0.0763 0.1984
1770392202.8170 0.1303 -0.1984 0.2289
1770392202.8292 -0.1138 -0.1068 0.0458
1770392202.8414 -0.2969 0.1373 -0.2899
1770392202.8537 0.1913 -0.1984 -0.0152
1770392202.8658 0.0693 -0.0458 0.0458
1770392202.8770 0.0693 0.0763 0.1374
1770392202.8891 0.0388 0.0458 -0.1373
1770392202.9014 -0.1749 0.0153 0.1984
1770392202.9136 -0.1138 -0.1984 -0.0152
1770392202.9258 -0.3885 0.1678 -0.0152
1770392202.9370 -0.3580 0.1068 -0.0152
1770392202.9494 0.2219 -0.1068 -0.0762
1770392202.9615 -0.1138 -0.0153 -0.3204
1770392202.9744 -0.1443 0.0763 -0.1373
1770392202.9858 0.0082 0.1068 -0.1678
1770392202.9973 -0.1443 0.2594 -0.1678
1770392203.0095 -0.3275 0.0153 -0.1373
1770392203.0216 -0.0833 0.0458 0.0153
1770392203.0339 -0.0223 -0.0458 0.1069
1770392203.0451 -0.0223 -0.0458 0.1984
1770392203.0574 0.0388 -0.1373 -0.1373
1770392203.0696 0.0998 0.0763 0.0458
1770392203.0818 -0.0833 0.0458 -0.1067
1770392203.0931 -0.0223 0.1678 -0.1067
1770392203.1053 -0.0528 0.0458 0.0153
1770392203.1177 0.0082 0.0153 -0.0457
1770392203.1299 -0.1443 -0.1984 0.0153
1770392203.1412 0.2829 0.0458 -0.1067
1770392203.1534 -0.2054 -0.0458 -0.0762
1770392203.1664 0.0693 -0.0763 0.0153
1770392203.1779 0.0388 0.1068 -0.1373
1770392203.1892 -0.0528 -0.0763 -0.1678
1770392203.2019 -0.2664 -0.0763 -0.1067
1770392203.2134 -0.0223 0.1068 -0.3204
1770392203.2256 0.1303 -0.0153 -0.1983
1770392203.2380 -0.2359 0.1068 0.0458
1770392203.2490 -0.1138 0.2594 0.1679
1770392203.2613 -0.0223 0.0153 0.1679
1770392203.2737 0.1303 -0.2289 -0.1373
1770392203.2860 0.0998 -0.0153 -0.0152
1770392203.2972 -0.1138 -0.1068 -0.1983
1770392203.3095 -0.1138 -0.0458 0.1069
1770392203.3216 -0.0833 0.0153 0.0764
1770392203.3339 0.0388 0.3510 -0.2899
1770392203.3450 -0.2054 0.0458 0.0458
1770392203.3575 -0.1443 0.1068 -0.1983
1770392203.3699 -0.0223 0.0763 -0.0762
1770392203.3816 -0.3275 0.1373 -0.1678
1770392203.3940 -0.1749 0.0458 0.0153
1770392203.4052 0.0693 0.1068 -0.2899
1770392203.4174 -0.2664 0.2899 -0.1983
1770392203.4297 0.0693 -0.1373 -0.0457
1770392203.4418 0.0082 -0.0153 0.0764
1770392203.4531 -0.0223 0.0458 -0.0762
1770392203.4652 -0.2054 -0.0458 0.1984
1770392203.4776 -0.2054 0.1373 -0.2593
1770392203.4898 -0.1749 0.0763 -0.0457
1770392203.5010 -0.1749 0.0153 -0.1373
1770392203.5132 -0.2664 0.0458 0.1679
1770392203.5254 -0.1138 -0.1984 -0.2899
1770392203.5378 -0.2359 -0.0153 -0.3509
1770392203.5500 -0.2664 0.3815 0.1984
1770392203.5612 0.2219 -0.0763 -0.1373
1770392203.5735 -0.1138 -0.0153 0.1679
1770392203.5858 0.2219 -0.1068 -0.2899
1770392203.5981 -0.0528 -0.0458 0.1984
1770392203.6093 0.0082 0.1678 -0.1983
1770392203.6215 0.0998 0.0153 -0.0152
1770392203.6338 -0.0223 -0.0153 -0.1678
1770392203.6461 -0.1749 -0.2594 0.0458
1770392203.6573 0.0082 -0.1678 -0.3814
1770392203.6696 -0.1749 0.0763 -0.1983
1770392203.6818 -0.0528 0.1373 0.2289
1770392203.6931 -0.1138 0.1068 0.0153
1770392203.7053 -0.1443 0.2594 0.3205
1770392203.7176 -0.0223 -0.0458 -0.0762
1770392203.7298 -0.0223 -0.0153 -0.0762
1770392203.7411 -0.2359 0.1068 -0.0457
1770392203.7534 -0.2969 0.1373 -0.2288
1770392203.7656 -0.0223 -0.1984 -0.0762
1770392203.7779 -0.0528 -0.0458 0.1374
1770392203.7892 -0.2664 0.0763 -0.1678
1770392203.8014 -0.1749 0.1678 -0.0457
1770392203.8136 -0.0223 -0.0458 0.3205
1770392203.8258 -0.1138 0.0153 -0.0762
1770392203.8381 -0.0833 -0.1373 -0.2593
1770392203.8494 0.1913 0.0763 0.0458
1770392203.8616 -0.1138 0.1373 0.0458
1770392203.8738 0.2524 0.0153 0.0458
1770392203.8861 -0.1749 -0.3204 -0.0152
1770392203.8973 -0.1443 -0.0153 0.0764
1770392203.9098 0.1303 -0.0458 -0.1983
1770392203.9220 -0.0833 0.1068 0.0764
1770392203.9333 -0.1138 -0.0458 -0.1067
1770392203.9455 -0.1749 -0.0458 0.0153
1770392203.9579 -0.3580 -0.1678 0.0458
1770392203.9701 -0.1138 0.0153 -0.0152
1770392203.9814 0.0082 0.1068 0.1374
1770392203.9940 0.0693 -0.2289 -0.2288
1770392204.0052 0.1608 0.1068 -0.0762
1770392204.0174 -0.1138 -0.0458 0.2595
1770392204.0298 -0.1749 0.0763 0.1374
1770392204.0419 -0.0528 0.0763 0.1679
1770392204.0533 0.0388 0.1678 0.1069
1770392204.0654 -0.0528 0.0458 -0.2899
1770392204.0777 -0.1138 -0.0763 -0.1678
1770392204.0900 -0.1138 0.1068 -0.1983
1770392204.1012 0.0998 -0.1068 -0.0762
1770392204.1135 -0.2664 -0.1373 0.0458
1770392204.1257 -0.2359 0.1068 0.0153
1770392204.1380 -0.0223 -0.0763 -0.0762
1770392204.1493 -0.2664 0.1984 -0.0762
1770392204.1616 -0.2664 0.0153 -0.0457
1770392204.1746 -0.0528 -0.0458 -0.1983
1770392204.1858 -0.2359 0.1068 0.0458
1770392204.1982 -0.2969 0.1678 -0.2288
1770392204.2094 -0.1443 0.0763 -0.0457
1770392204.2213 -0.0223 -0.1068 -0.1373
1770392204.2336 0.0998 0.0153 0.1984
1770392204.2459 0.0693 -0.1984 0.1679
1770392204.2581 -0.2359 0.1068 0.0458
1770392204.2698 -0.2054 -0.0153 -0.1067
1770392204.2821 0.0388 -0.1678 -0.0457
1770392204.2937 -0.0223 0.0153 -0.0457
1770392204.3060 0.2219 0.0153 -0.2899
1770392204.3183 -0.1138 -0.0153 -0.1983
1770392204.3296 -0.0833 0.0458 0.0764
1770392204.3418 0.1303 -0.0153 0.0764
1770392204.3541 -0.0223 -0.0153 0.1069
1770392204.3663 -0.2664 -0.0153 0.0153
1770392204.3781 0.1913 0.0458 -0.2288
1770392204.3899 0.0388 -0.1678 0.0153
1770392204.4015 0.0693 -0.1678 -0.1983
1770392204.4140 -0.2359 -0.0458 0.1679
1770392204.4256 -0.0223 -0.1984 -0.3814
1770392204.4383 0.0388 0.0153 -0.2593
1770392204.4495 0.1608 -0.1068 -0.2288
1770392204.4618 -0.1749 0.1068 0.0764
1770392204.4734 0.0082 0.1984 -0.1373
1770392204.4859 -0.0528 0.2594 0.1984
1770392204.4983 -0.3580 -0.0458 0.1679
1770392204.5096 -0.0833 0.1984 -0.2593
1770392204.5219 -0.2359 0.1678 0.0458
1770392204.5336 -0.0223 -0.1068 -0.1067
1770392204.5456 0.0998 0.0763 -0.0762
1770392204.5574 -0.1138 0.0763 -0.1983
1770392204.5703 -0.1443 0.0763 0.1069
1770392204.5818 -0.0528 -0.0153 -0.1067
1770392204.5933 0.0082 -0.0763 0.0153
1770392204.6056 0.0082 -0.0458 -0.2593
1770392204.6177 0.0693 0.1068 -0.0762
1770392204.6297 -0.1443 -0.0763 0.1679
1770392204.6416 0.0388 -0.0153 -0.1983
1770392204.6536 0.0082 0.1068 0.1374
1770392204.6657 -0.0833 0.0153 -0.0152
1770392204.6780 -0.0833 0.0153 -0.1678
1770392204.6900 -0.0223 -0.2899 -0.1067
1770392204.7020 0.1303 0.2594 -0.3204
1770392204.7141 -0.1138 0.1984 -0.0457
1770392204.7262 -0.0528 -0.0458 0.0764
1770392204.7382 -0.1443 0.1678 -0.1373
1770392204.7503 -0.2054 -0.1068 -0.1983
1770392204.7623 -0.0528 -0.3510 -0.1678
1770392204.7736 -0.0833 0.0763 -0.1067
1770392204.7857 0.0998 0.1373 -0.0762
1770392204.7980 -0.2054 -0.0458 -0.0152
1770392204.8101 0.0388 0.1678 -0.3509
1770392204.8222 -0.1443 -0.0153 -0.2593
1770392204.8343 -0.3580 -0.0763 0.0764
1770392204.8464 -0.2054 0.1068 -0.2288
1770392204.8585 0.1913 -0.1068 0.0153
1770392204.8695 -0.1138 0.0763 0.0458
1770392204.8815 -0.1138 0.0153 0.1069
1770392204.8935 -0.0528 -0.3815 0.0153
1770392204.9055 0.0693 0.1068 -0.0152
1770392204.9175 0.0693 0.1373 0.2595
1770392204.9295 -0.1443 -0.1984 0.1679
1770392204.9415 0.0693 0.0763 -0.0762
1770392204.9535 -0.1443 0.2289 -0.0762
1770392204.9655 -0.2054 0.0763 -0.0152
1770392204.9776 -0.1138 -0.2289 -0.1067
1770392204.9898 0.0388 -0.0458 -0.0762
1770392205.0017 -0.0223 -0.1068 -0.0762
1770392205.0142 -0.1138 -0.0153 -0.0457
1770392205.0262 -0.0833 -0.0763 -0.0152
1770392205.0384 -0.0223 0.1068 -0.3204
1770392205.0504 0.0693 0.0458 -0.0152
1770392205.0624 0.0693 0.0763 0.4120
1770392205.0744 -0.2054 -0.1678 0.2289
1770392205.0854 -0.1138 0.1678 -0.2288
1770392205.0985 -0.0223 -0.0153 0.1069
1770392205.1095 0.0693 0.1984 -0.0457
1770392205.1217 -0.1749 0.0458 -0.0152
1770392205.1337 -0.1138 -0.1068 0.0153
1770392205.1457 0.0388 0.1984 -0.1067
1770392205.1578 0.0693 -0.0763 0.0458
1770392205.1697 -0.0223 -0.0458 0.1679
1770392205.1819 -0.2969 0.1068 -0.0762
1770392205.1939 -0.0528 0.0153 -0.2899
1770392205.2061 -0.1443 -0.0458 0.0458
1770392205.2181 0.0388 -0.0763 -0.2899
1770392205.2301 -0.1749 0.2289 -0.1373
1770392205.2422 -0.0223 -0.2594 -0.0762
1770392205.2543 0.0693 -0.0763 0.3205
1770392205.2663 0.2219 0.1678 -0.1067
1770392205.2784 -0.0528 0.0153 -0.3509
1770392205.2903 -0.0833 0.2289 -0.0762
1770392205.3025 0.0388 0.1068 0.1069
1770392205.3144 -0.2359 0.1984 -0.0762
1770392205.3264 -0.0528 0.1373 -0.1373
1770392205.3385 -0.1443 -0.1984 -0.2593
1770392205.3495 -0.1138 0.1984 0.0458
1770392205.3625 -0.0528 0.0458 0.0458
1770392205.3736 -0.0528 -0.1068 -0.0152
1770392205.3860 -0.1749 -0.0153 0.0764
1770392205.3977 -0.2359 0.0153 -0.0762
1770392205.4101 -0.1749 0.2289 -0.2899
1770392205.4224 -0.2359 0.1068 -0.0457
1770392205.4336 -0.2359 -0.1373 -0.1983
1770392205.4461 -0.3275 0.0458 0.0764
1770392205.4582 -0.2054 0.1373 -0.2899
1770392205.4702 -0.0528 -0.0153 0.0458
1770392205.4823 -0.0223 -0.0458 -0.2899
1770392205.4943 0.0693 -0.0458 0.1069
1770392205.5064 0.0693 -0.1068 0.0764
1770392205.5185 -0.0223 -0.0153 -0.1373
1770392205.5305 0.0998 -0.0153 0.0153
1770392205.5426 -0.1138 0.0763 0.1069
1770392205.5546 0.1303 0.0763 0.0764
1770392205.5666 -0.0528 0.1373 0.1679
1770392205.5776 0.0693 0.0153 0.1374
1770392205.5899 -0.0223 -0.0763 0.1679
1770392205.6019 0.1913 0.0458 -0.0152
1770392205.6139 0.0388 0.1068 0.0153
1770392205.6259 -0.0528 0.0458 -0.1678
1770392205.6380 -0.1138 -0.2594 -0.1067
1770392205.6500 -0.0833 0.1678 0.0764
1770392205.6621 -0.0833 0.1068 -0.0762
1770392205.6741 -0.0528 0.1068 -0.1067
1770392205.6862 -0.1443 0.0153 -0.0152
1770392205.6983 -0.0223 -0.0153 -0.1983
1770392205.7103 -0.1443 0.1373 -0.2288
1770392205.7223 -0.0833 0.0458 0.1374
1770392205.7343 -0.1749 -0.0458 0.0153
1770392205.7463 0.0388 0.0153 -0.0457
1770392205.7585 -0.0528 -0.1068 -0.1067
1770392205.7704 0.0388 -0.0763 -0.0152
1770392205.7824 0.0998 0.0458 -0.1373
1770392205.7939 0.0082 0.1373 -0.1067
1770392205.8062 -0.1443 0.0153 0.1069
1770392205.8183 -0.0528 0.1984 -0.1678
1770392205.8303 -0.0528 -0.1068 -0.1067
1770392205.8424 -0.0528 0.0763 -0.0152
1770392205.8544 -0.0223 -0.2594 -0.0152
1770392205.8664 -0.2664 0.0153 0.1679
1770392205.8786 -0.1749 -0.0153 -0.1678
1770392205.8905 -0.1749 -0.1068 0.0458
1770392205.9026 0.0693 -0.1068 -0.2899
1770392205.9145 -0.2359 0.2289 -0.2899
1770392205.9256 -0.0223 -0.1068 0.1069
1770392205.9377 -0.0833 0.1373 0.0153
1770392205.9498 0.1303 0.0763 0.1374
1770392205.9619 0.0693 -0.0763 -0.0762
1770392205.9742 0.2524 -0.0763 -0.2288
1770392205.9857 0.1913 -0.1678 -0.1678
1770392205.9980 0.1608 -0.1068 -0.0152
1770392206.0100 -0.2664 0.1984 -0.1067
1770392206.0220 -0.1749 0.1984 -0.0762
1770392206.0341 0.0388 0.0458 0.0764
1770392206.0461 0.1913 0.0763 -0.1067
1770392206.0583 -0.1138 0.1678 -0.0152
1770392206.0704 -0.0528 -0.0153 0.1374
1770392206.0825 0.1913 -0.1068 0.1679
1770392206.0946 -0.0528 -0.1068 0.2289
1770392206.1066 0.0693 -0.2594 -0.2288
1770392206.1177 0.0998 -0.0763 -0.0152
1770392206.1307 -0.1443 0.0458 0.1069
1770392206.1427 -0.2054 0.1678 0.0153
1770392206.1547 0.0388 0.1068 -0.0152
1770392206.1658 -0.1138 -0.0458 0.1069
1770392206.1781 -0.1443 0.2289 -0.0762
1770392206.1902 -0.0528 -0.0763 -0.1373
1770392206.2024 0.2524 0.0153 -0.1373
1770392206.2137 -0.1749 -0.1068 -0.1373
1770392206.2259 -0.1138 0.0763 0.2289
1770392206.2384 -0.1749 0.1373 0.0458
1770392206.2505 0.0082 0.1984 0.0153
1770392206.2626 0.0082 0.1373 0.0764
1770392206.2747 -0.0223 -0.0458 -0.3204
1770392206.2867 -0.0223 0.0763 0.2900
1770392206.2988 -0.0223 -0.0153 -0.3204
1770392206.3098 -0.2664 0.0153 -0.0152
1770392206.3218 -0.3580 0.0458 -0.0457
1770392206.3339 -0.0223 -0.1373 0.0458
1770392206.3459 -0.2969 0.0153 -0.1373
1770392206.3584 0.0388 -0.1984 0.1374
1770392206.3703 -0.2054 0.0153 0.1069
1770392206.3825 -0.0528 0.0153 0.0458
1770392206.3947 -0.0223 0.1678 -0.3204
1770392206.4058 -0.0528 0.3510 -0.0152
1770392206.4178 0.0388 0.1678 0.1069
1770392206.4298 -0.1138 -0.0458 -0.1678
1770392206.4418 -0.0833 -0.2289 0.0458
1770392206.4538 -0.2054 0.0153 0.2289
1770392206.4667 0.0388 0.0763 -0.1678
1770392206.4778 0.1608 0.0458 -0.2593
1770392206.4898 -0.2664 -0.0458 -0.1983
1770392206.5019 -0.2359 0.0153 0.1069
1770392206.5140 -0.1138 -0.0153 0.0458
1770392206.5260 -0.0223 0.1068 -0.1373
1770392206.5381 -0.2359 -0.1068 -0.0152
1770392206.5501 -0.1443 -0.1678 0.0153
1770392206.5621 -0.0223 0.0763 -0.1983
1770392206.5742 -0.0223 0.0763 0.0153
1770392206.5863 0.0693 0.1373 -0.0762
1770392206.5986 0.0388 -0.0458 0.1374
1770392206.6104 -0.1138 0.2289 -0.0762
1770392206.6228 0.0693 -0.1984 -0.1983
1770392206.6344 -0.1138 -0.0153 -0.2899
1770392206.6467 -0.1138 0.1678 -0.0762
1770392206.6579 0.1303 -0.0153 -0.2899
1770392206.6699 -0.0528 0.0153 -0.1373
1770392206.6819 -0.0223 -0.0763 -0.0457
1770392206.6940 -0.2054 0.0763 -0.1067
1770392206.7060 -0.0223 -0.0458 -0.1373
1770392206.7180 -0.2054 -0.1068 -0.1373
1770392206.7300 0.0693 0.0153 0.1069
1770392206.7421 -0.0223 0.1068 -0.0152
1770392206.7541 0.0082 -0.0458 -0.0457
1770392206.7660 -0.4495 -0.2899 -0.0762
1770392206.7785 -0.2664 0.1678 0.0764
1770392206.7907 -0.0223 0.1373 0.0764
1770392206.8018 -0.1443 0.1068 0.1679
1770392206.8142 0.0693 0.0763 0.0764
1770392206.8262 -0.3275 0.1678 0.1679
1770392206.8385 0.0388 0.0763 -0.0762
1770392206.8505 0.1303 -0.0153 -0.2288
1770392206.8626 0.0388 -0.1373 -0.1067
1770392206.8743 -0.1443 0.2594 -0.0762
1770392206.8869 0.1303 0.0458 0.2595
1770392206.8980 0.0693 -0.1984 0.0153
1770392206.9100 -0.1749 0.1068 0.1069
1770392206.9220 0.0082 -0.1068 0.1069
1770392206.9341 -0.3275 0.1068 0.1374
1770392206.9459 -0.0528 -0.0763 -0.1983
1770392206.9580 -0.1749 -0.0153 0.0153
1770392206.9700 -0.0528 0.1678 0.0153
1770392206.9821 0.0998 -0.2594 -0.0762
1770392206.9942 -0.1138 -0.0763 0.2595
1770392207.0062 -0.1443 0.4120 0.2900
1770392207.0183 -0.1138 0.2289 -0.0457
1770392207.0303 -0.2664 0.1373 0.1679
1770392207.0422 -0.1138 -0.1068 0.1374
1770392207.0543 -0.1138 0.1984 -0.0762
1770392207.0662 -0.1443 0.0458 -0.0457
1770392207.0783 0.0998 0.0763 -0.0457
1770392207.0903 0.0693 0.0763 -0.1983
1770392207.1023 0.0082 -0.1984 0.0458
1770392207.1143 0.0388 -0.1678 -0.1983
1770392207.1263 -0.2054 -0.1678 0.0458
1770392207.1384 0.2829 -0.1678 -0.1067
1770392207.1503 -0.2969 -0.0763 -0.1373
1770392207.1623 -0.2054 -0.1678 -0.1678
1770392207.1744 -0.0528 0.1068 -0.0762
1770392207.1866 0.1303 0.1373 -0.0152
1770392207.1989 -0.1138 -0.1678 -0.1067
1770392207.2108 -0.0223 -0.0458 -0.1678
1770392207.2228 0.0693 0.1068 -0.0457
1770392207.2348 0.0388 0.0458 0.0458
1770392207.2469 -0.0223 -0.0153 0.1069
1770392207.2580 0.0693 0.0458 0.1069
1770392207.2701 0.0693 0.1373 0.0153
1770392207.2820 -0.1138 -0.0153 -0.1678
1770392207.2942 -0.1443 0.1068 -0.1373
1770392207.3062 -0.2664 0.0458 -0.2288
1770392207.3183 0.1608 -0.0458 0.1679
1770392207.3303 -0.0223 0.1068 -0.0457
1770392207.3423 -0.2054 0.1373 0.1984
1770392207.3544 -0.1138 -0.1068 -0.2593
1770392207.3665 -0.1138 0.0458 0.1679
1770392207.3789 0.0082 -0.0763 0.2595
1770392207.3901 0.0998 -0.0763 -0.1373
1770392207.4021 -0.0223 0.0153 0.1069
1770392207.4142 -0.0528 0.0763 0.0458
1770392207.4261 -0.1749 0.0763 0.0153
1770392207.4382 -0.1443 0.1068 0.3510
1770392207.4502 -0.0223 -0.0458 0.1069
1770392207.4623 -0.2359 0.1068 0.0764
1770392207.4742 -0.1138 0.0763 0.0153
1770392207.4863 -0.2359 0.1068 -0.0762
1770392207.4984 -0.0528 -0.0458 -0.3509
1770392207.5104 0.0082 0.0153 -0.0762
1770392207.5224 -0.1443 0.1678 -0.0762
1770392207.5345 0.1913 -0.2289 -0.0457
1770392207.5466 -0.0528 0.0458 -0.1067
1770392207.5588 0.0388 0.1678 -0.1067
1770392207.5708 -0.0223 -0.0763 0.0458
1770392207.5821 0.0082 0.0458 -0.2288
1770392207.5942 0.0388 0.0153 0.1984
1770392207.6062 -0.3275 0.1678 0.0764
1770392207.6183 -0.2054 0.1068 -0.0152
1770392207.6303 -0.1749 0.0153 0.1069
1770392207.6432 -0.0528 -0.0763 -0.4424
1770392207.6553 -0.1749 -0.1068 -0.1983
1770392207.6672 -0.0833 0.0458 0.0153
1770392207.6795 -0.0223 0.0458 -0.2899
1770392207.6914 -0.0528 0.0153 0.0153
1770392207.7034 -0.1138 0.1678 0.0458
1770392207.7154 -0.2054 0.1373 -0.0152
1770392207.7274 0.0693 -0.0153 0.1069
1770392207.7395 -0.1749 -0.1678 0.1679
1770392207.7515 -0.0528 0.0458 0.0458
1770392207.7635 -0.0528 -0.1068 -0.2288
1770392207.7756 0.0998 -0.0763 -0.1373
1770392207.7877 0.0388 0.1068 0.2289
1770392207.7999 -0.2054 -0.1678 0.0458
1770392207.8108 0.0693 -0.1068 0.0153
1770392207.8237 -0.0223 -0.2289 -0.1678
1770392207.8357 0.0082 0.2289 0.2900
1770392207.8478 -0.0833 -0.0153 0.0458
1770392207.8599 -0.3580 0.1068 0.1069
1770392207.8718 -0.1443 -0.0458 -0.0762
1770392207.8838 0.1608 -0.0763 -0.0762
1770392207.8958 -0.1138 -0.0458 -0.0152
1770392207.9078 -0.0223 -0.1373 -0.0152
1770392207.9199 -0.1749 -0.1068 0.0458
1770392207.9308 0.0388 0.1068 -0.2593
1770392207.9429 0.0082 -0.1068 -0.1067
1770392207.9549 0.0388 -0.3510 0.0153
1770392207.9669 0.1608 0.0458 0.0153
1770392207.9791 0.0082 -0.1984 -0.0152
1770392207.9912 0.0998 0.0153 0.1984
1770392208.0031 -0.0833 -0.1068 -0.2899
1770392208.0153 -0.0833 -0.0153 -0.1373
1770392208.0272 -0.0223 -0.0458 0.0458
1770392208.0393 -0.2054 0.0763 0.0764
1770392208.0515 -0.0528 -0.0153 0.2289
1770392208.0635 0.0082 0.0458 0.1374
1770392208.0755 -0.0528 0.2289 -0.1067
1770392208.0876 0.0998 -0.0153 -0.1983
1770392208.0996 -0.2969 -0.1984 0.0764
1770392208.1117 0.0388 -0.0153 0.1069
1770392208.1236 -0.0528 0.0153 -0.0762
1770392208.1357 0.0082 -0.0153 0.1374
1770392208.1476 -0.1138 -0.1068 -0.1678
1770392208.1597 -0.0833 -0.1678 -0.1373
1770392208.1717 -0.2054 -0.0458 -0.0152
1770392208.1840 0.0388 -0.1068 0.2289
1770392208.1952 0.0082 0.1068 0.1069
1770392208.2078 -0.2054 0.1068 -0.0457
1770392208.2190 0.1913 0.1068 -0.0457
1770392208.2311 -0.1443 0.0763 0.0153
1770392208.2431 0.0998 -0.0458 0.0764
1770392208.2552 -0.2359 0.0458 -0.3814
1770392208.2671 -0.0528 0.0458 -0.1373
1770392208.2790 0.0693 0.0458 -0.0457
1770392208.2911 -0.1138 0.1068 -0.0152
1770392208.3035 -0.2664 -0.0763 0.0458
1770392208.3159 -0.0223 -0.1984 -0.0457
1770392208.3269 -0.0528 -0.2289 -0.2593
1770392208.3390 -0.0528 0.0763 -0.2288
1770392208.3511 0.2219 -0.0763 -0.2288
1770392208.3630 0.0693 -0.1068 -0.0762
1770392208.3758 0.0998 -0.0763 -0.0762
1770392208.3872 -0.1749 0.0763 -0.1067
1770392208.3993 -0.0528 0.0763 0.1984
1770392208.4114 0.1608 -0.0153 -0.0762
1770392208.4234 -0.1138 0.0763 -0.1983
1770392208.4353 -0.1443 0.1678 -0.2593
1770392208.4474 -0.1138 -0.1984 -0.0457
1770392208.4594 -0.0223 -0.1068 -0.0152
1770392208.4715 -0.0833 0.0763 -0.1067
1770392208.4835 0.0693 -0.0153 -0.0762
1770392208.4956 -0.2359 0.0763 0.1984
1770392208.5077 -0.1443 -0.0153 0.0153
1770392208.5197 -0.0223 0.1068 -0.0152
1770392208.5317 -0.1749 0.1068 0.0764
1770392208.5437 -0.1443 0.2594 -0.1373
1770392208.5559 -0.0223 -0.0763 -0.2288
1770392208.5678 -0.0223 0.0153 0.0153
1770392208.5800 -0.0833 0.1068 -0.0762
1770392208.5911 -0.1749 0.3815 -0.0457
1770392208.6032 -0.0833 -0.0153 -0.1067
1770392208.6152 -0.0833 0.0763 0.0458
1770392208.6271 -0.0223 -0.1068 0.0458
1770392208.6391 -0.0833 0.0458 -0.2288
1770392208.6511 -0.2359 0.0458 -0.1983
1770392208.6633 -0.1749 -0.0153 0.1679
1770392208.6756 -0.0528 0.2289 0.0764
1770392208.6878 -0.0833 0.0153 0.0153
1770392208.6999 -0.1443 0.1984 -0.1983
1770392208.7114 0.1913 -0.0763 0.1679
1770392208.7234 -0.0528 0.1068 -0.1067
1770392208.7355 0.0388 -0.0763 -0.1678
1770392208.7475 -0.0528 0.1068 0.0153
1770392208.7599 -0.2054 0.2289 -0.1373
1770392208.7711 -0.0833 -0.0763 0.1069
1770392208.7830 -0.3275 0.1373 -0.1067
1770392208.7951 0.0082 0.0458 -0.2593
1770392208.8071 0.1303 -0.0763 -0.0457
1770392208.8201 -0.2664 0.0763 -0.0152
1770392208.8311 -0.1138 0.0458 0.1069
1770392208.8431 0.0388 0.1984 0.0458
1770392208.8552 -0.0833 -0.0458 -0.0152
1770392208.8671 -0.1138 0.1678 -0.2288
1770392208.8791 -0.1443 -0.1678 0.1374
1770392208.8915 -0.0528 -0.0763 -0.1067
1770392208.9035 -0.1749 0.2289 -0.1373
1770392208.9155 -0.0223 -0.0763 0.1984
1770392208.9274 -0.0833 -0.1068 -0.0457
1770392208.9394 -0.1749 -0.1678 -0.3814
1770392208.9517 -0.1443 0.1373 -0.1067
1770392208.9637 -0.1443 -0.1984 0.0764
1770392208.9758 -0.0528 0.1984 0.1679
1770392208.9873 0.0082 -0.3510 0.1374
1770392208.9995 -0.0528 -0.0763 -0.0152
1770392209.0116 0.0998 -0.0153 0.0764
1770392209.0236 -0.0833 -0.0763 -0.0152
1770392209.0356 -0.2054 0.0153 -0.1373
1770392209.0477 -0.1443 -0.0153 0.0764
1770392209.0597 0.0693 0.0153 -0.0457
1770392209.0719 0.0693 0.2289 -0.0762
1770392209.0839 -0.0528 0.1984 -0.2288
1770392209.0959 -0.0528 0.0153 0.1984
1770392209.1079 -0.2054 -0.0153 0.1984
1770392209.1198 -0.1138 0.1984 -0.0152
1770392209.1319 -0.2054 -0.1068 0.0153
1770392209.1438 0.1608 -0.0153 0.0458
1770392209.1558 -0.1138 -0.0458 -0.0762
1770392209.1678 -0.0528 0.1984 -0.2288
1770392209.1800 -0.2664 0.0153 0.1374
1770392209.1921 -0.1138 0.0458 0.0153
1770392209.2041 -0.1443 0.1068 0.0764
1770392209.2153 0.0998 -0.0153 0.1984
1770392209.2273 0.1608 0.0763 0.1679
1770392209.2393 -0.0833 -0.1068 -0.1983
1770392209.2514 0.1303 0.0153 -0.1983
1770392209.2634 0.0693 0.0763 0.0764
1770392209.2754 -0.2359 0.0763 0.1984
1770392209.2877 0.0693 -0.0458 -0.0152
1770392209.2997 -0.0223 0.2289 -0.0762
1770392209.3122 -0.0528 0.0458 -0.0762
1770392209.3241 -0.0833 0.1373 -0.2288
1770392209.3351 0.0998 0.0763 -0.1983
1770392209.3471 0.0388 0.1373 0.0764
1770392209.3592 0.1608 -0.1678 -0.0762
1770392209.3713 -0.1443 0.1373 -0.0152
1770392209.3835 0.2219 0.0153 0.1374
1770392209.3955 0.2219 0.1373 -0.2288
1770392209.4075 -0.0833 -0.0763 -0.0152
1770392209.4194 -0.0528 -0.0763 -0.1067
1770392209.4316 -0.2054 0.1678 -0.0152
1770392209.4436 0.0082 -0.0458 0.0458
1770392209.4556 -0.1138 -0.0763 0.0764
1770392209.4676 -0.2664 0.1068 0.1679
1770392209.4795 -0.0528 0.0763 -0.0457
1770392209.4916 -0.1749 -0.0763 0.0153
1770392209.5036 -0.0223 -0.0153 -0.0152
1770392209.5156 -0.2969 -0.1373 -0.1067
1770392209.5276 0.0082 0.1984 -0.2288
1770392209.5396 0.0693 0.0763 -0.1067
1770392209.5519 -0.1749 0.0458 -0.0152
1770392209.5638 0.0693 0.0763 -0.0762
1770392209.5758 -0.0833 0.0763 0.1374
1770392209.5880 -0.0528 -0.3815 -0.0457
1770392209.6000 -0.2969 -0.0153 -0.1983
1770392209.6121 -0.0833 -0.0153 -0.0152
1770392209.6243 -0.2664 0.1678 -0.1067
1770392209.6355 -0.0223 0.0153 -0.4424
1770392209.6478 0.0082 -0.0153 -0.0152
1770392209.6600 -0.0528 -0.0458 -0.1373
1770392209.6714 -0.1443 0.1678 -0.3814
1770392209.6839 -0.2054 -0.0153 -0.1678
1770392209.6953 -0.2664 0.1068 -0.2899
1770392209.7076 0.0693 -0.1984 -0.1067
1770392209.7198 0.0693 0.0153 -0.0457
1770392209.7323 -0.2664 -0.0153 -0.1373
1770392209.7437 0.0388 0.1373 -0.0152
1770392209.7560 -0.0833 -0.1984 0.0764
1770392209.7674 -0.1138 0.2289 -0.0152
1770392209.7799 -0.1138 -0.0763 -0.1373
1770392209.7914 -0.0528 0.1373 0.1374
1770392209.8037 -0.2054 0.0458 -0.2288
1770392209.8158 -0.0833 0.0153 0.0153
1770392209.8281 0.0082 -0.2594 0.0458
1770392209.8394 -0.2054 0.0458 -0.1067
1770392209.8516 -0.1138 0.0763 -0.1067
1770392209.8639 0.0082 -0.0763 -0.0457
1770392209.8761 -0.0223 0.1984 -0.3509
1770392209.8874 -0.2054 -0.0763 0.1984
1770392209.8996 0.0693 -0.1678 -0.2593
1770392209.9121 0.0082 -0.0153 -0.0457
1770392209.9234 -0.1749 0.1068 0.0458
1770392209.9359 0.0998 -0.1984 -0.1373
1770392209.9474 -0.0223 0.0153 -0.1373
1770392209.9597 -0.0223 -0.0763 -0.1067
1770392209.9722 -0.0833 -0.1068 -0.1678
1770392209.9839 0.1913 -0.0763 0.3205
1770392209.9961 0.0388 0.0458 -0.2288
1770392210.0074 0.0388 -0.0153 0.2289
1770392210.0195 0.0082 0.1068 0.0153
1770392210.0318 0.2829 0.1068 0.4426
1770392210.0443 -0.0833 0.0153 -0.1678
1770392210.0555 -0.1138 0.1068 -0.2899
1770392210.0676 -0.1443 -0.0458 -0.1983
1770392210.0799 0.0082 0.1373 -0.1067
1770392210.0922 0.0082 -0.1984 -0.1983
1770392210.1035 -0.1443 0.1678 -0.0762
1770392210.1156 0.0998 0.0153 -0.2288
1770392210.1279 -0.1443 0.0153 0.2289
1770392210.1401 0.1608 0.0763 0.1069
1770392210.1515 0.0082 0.0153 -0.0457
1770392210.1638 -0.0528 -0.2594 0.0153
1770392210.1763 0.1303 0.1373 0.2595
1770392210.1876 -0.1749 -0.1068 0.1679
1770392210.1999 -0.0223 0.1373 0.0153
1770392210.2123 -0.0528 0.1373 -0.0457
1770392210.2235 0.1608 0.0763 0.3205
1770392210.2357 -0.0528 -0.1068 -0.1678
1770392210.2480 0.0388 0.2289 0.0153
1770392210.2603 -0.0528 0.1984 -0.1678
1770392210.2716 0.1913 0.2289 -0.0762
1770392210.2838 0.0388 -0.0153 -0.1373
1770392210.2962 -0.3275 0.0763 -0.1983
1770392210.3074 -0.2054 -0.0458 -0.2899
1770392210.3197 -0.0833 0.0458 -0.1373
1770392210.3319 -0.0528 0.1984 0.0458
1770392210.3444 0.3134 -0.0763 -0.0152
1770392210.3556 -0.1749 -0.1373 -0.1373
1770392210.3680 -0.0528 0.1068 0.2595
1770392210.3804 0.0388 0.1068 -0.2593
1770392210.3918 -0.0528 0.0153 -0.0457
1770392210.4040 0.1303 0.1068 -0.0457
1770392210.4162 0.0388 -0.0153 -0.0152
1770392210.4275 0.1303 -0.0153 -0.1067
1770392210.4400 -0.0528 0.1373 -0.0457
1770392210.4523 -0.2359 0.1984 0.0764
1770392210.4637 -0.1749 -0.0763 -0.2899
1770392210.4759 -0.1749 -0.0153 -0.1373
1770392210.4874 -0.0528 0.0458 -0.1067
1770392210.4996 -0.1443 0.0763 0.2900
1770392210.5120 -0.1749 -0.0153 -0.1067
1770392210.5242 -0.1138 0.1984 0.1984
1770392210.5355 0.0388 0.0458 -0.1067
1770392210.5477 -0.0223 0.0458 -0.1373
1770392210.5600 0.0998 0.1678 -0.2593
1770392210.5723 0.0998 0.0153 0.0153
1770392210.5839 0.1608 0.0153 0.0458
1770392210.5954 -0.1443 -0.2289 -0.1678
1770392210.6079 0.0082 0.2289 0.1679
1770392210.6202 -0.0528 -0.0763 -0.3204
1770392210.6318 -0.0833 -0.0153 -0.2288
1770392210.6441 -0.2359 -0.0763 -0.1983
1770392210.6556 0.0388 -0.1068 -0.0762
1770392210.6677 -0.0528 0.0153 0.0458
1770392210.6800 -0.2359 0.0763 0.0764
1770392210.6923 -0.2054 0.0153 -0.2288
1770392210.7035 -0.2664 -0.0458 0.0458
1770392210.7160 -0.2359 0.1678 -0.0457
1770392210.7275 -0.2359 0.0458 -0.1678
1770392210.7400 -0.0833 0.2594 -0.1373
1770392210.7516 0.0388 0.0153 0.0153
1770392210.7641 -0.0833 -0.1678 -0.1373
1770392210.7795 0.1608 -0.0458 0.1069
1770392210.7880 -0.1443 0.1068 -0.1067
1770392210.8000 0.0998 0.1984 -0.0152
1770392210.8115 0.0998 -0.2289 0.0458
1770392210.8242 0.0693 0.0153 0.1374
1770392210.8356 -0.0223 0.0763 0.1679
1770392210.8481 -0.0833 -0.1068 -0.3204
1770392210.8603 -0.2969 -0.0153 -0.1983
1770392210.8716 0.0693 0.0458 0.0458
1770392210.8838 0.1303 0.0763 -0.1067
1770392210.8960 0.0998 0.0458 -0.0762
1770392210.9082 -0.0223 0.1068 -0.1067
1770392210.9203 -0.1749 0.2594 -0.1678
1770392210.9323 0.0082 -0.0458 -0.0152
1770392210.9441 -0.1138 0.0458 -0.1067
1770392210.9561 -0.1749 0.1678 -0.1067
1770392210.9681 -0.2664 -0.0153 0.0764
1770392210.9797 -0.4190 0.1984 -0.0457
1770392210.9918 -0.1138 0.1068 -0.1983
1770392211.0038 0.0388 -0.0153 -0.3814
1770392211.0158 -0.1443 0.2289 0.0458
1770392211.0278 -0.1749 0.0763 -0.1678
1770392211.0399 0.0693 -0.2289 -0.0457
1770392211.0519 -0.2054 0.0153 0.0153
1770392211.0641 -0.2664 -0.0763 -0.1373
1770392211.0760 -0.2359 0.0153 -0.0457
1770392211.0881 -0.0833 -0.1068 -0.1373
1770392211.1002 -0.2054 -0.0153 0.0458
1770392211.1123 -0.2359 -0.1984 0.1984
1770392211.1243 -0.2054 0.3204 -0.0762
1770392211.1364 0.0082 0.0458 -0.0457
1770392211.1486 -0.0223 0.0458 0.1984
1770392211.1597 -0.0528 -0.0763 -0.0457
1770392211.1723 -0.4190 -0.0458 0.0458
1770392211.1836 0.1303 -0.0153 0.1069
1770392211.1959 -0.2054 0.1984 -0.0152
1770392211.2081 -0.1138 0.0458 -0.1373
1770392211.2203 0.0082 0.1373 0.0153
1770392211.2319 0.0693 -0.2289 0.0764
1770392211.2440 0.0082 0.1068 -0.1067
1770392211.2561 -0.1138 0.1373 0.0458
1770392211.2683 0.0998 0.0153 -0.0762
1770392211.2805 0.0693 0.0763 0.0458
1770392211.2925 -0.1443 -0.1068 -0.1067
1770392211.3044 -0.3275 0.1984 0.1374
1770392211.3165 0.0082 -0.0763 -0.0457
1770392211.3285 0.0388 0.2289 0.0764
1770392211.3405 0.0388 0.1068 -0.1067
1770392211.3516 -0.0223 -0.1678 0.0153
1770392211.3636 0.1303 0.0153 0.0458
1770392211.3758 0.0693 -0.1068 0.1679
1770392211.3881 0.0693 0.0153 0.2289
1770392211.4003 0.0388 -0.1678 0.1679
1770392211.4123 -0.0528 0.2594 0.0458
1770392211.4244 -0.2359 -0.2594 -0.2288
1770392211.4364 0.0082 -0.0153 -0.0457
1770392211.4484 -0.0833 -0.0153 0.0458
1770392211.4604 0.2219 0.0458 -0.0457
1770392211.4725 -0.0833 0.0763 -0.0762
1770392211.4836 -0.1749 -0.2594 0.0458
1770392211.4957 -0.0528 0.0458 0.1679
1770392211.5077 -0.1138 0.2289 0.0764
1770392211.5197 0.0082 -0.0763 -0.2593
1770392211.5318 0.0082 0.0763 -0.0152
1770392211.5439 -0.1443 0.1373 0.0153
1770392211.5560 0.1303 0.3204 -0.1678
1770392211.5679 -0.0223 0.0458 0.3205
1770392211.5805 0.1303 0.1068 0.0458
1770392211.5917 -0.0528 0.0153 -0.0152
1770392211.6046 -0.0833 -0.1068 -0.1983
1770392211.6156 -0.1749 0.0458 0.1069
1770392211.6286 -0.1749 0.0153 0.1069
1770392211.6397 0.0693 -0.0763 0.0153
1770392211.6517 0.0082 -0.0458 -0.0152
1770392211.6637 -0.1749 0.0153 -0.0457
1770392211.6758 0.0998 -0.0153 0.1679
1770392211.6879 -0.0223 -0.0153 -0.1067
1770392211.7000 0.0082 -0.0763 0.0764
1770392211.7121 -0.0223 -0.1373 -0.0152
1770392211.7241 -0.2359 -0.0458 -0.2593
1770392211.7361 -0.1443 0.2594 -0.0457
1770392211.7482 -0.2054 0.1678 -0.0152
1770392211.7604 -0.1138 0.0763 0.0153
1770392211.7726 -0.1443 -0.1678 -0.1678
1770392211.7840 -0.3275 0.0153 0.0153
1770392211.7961 0.0998 -0.2289 0.1069
1770392211.8085 -0.0833 0.1678 -0.0457
1770392211.8206 -0.1443 0.1984 -0.0457
1770392211.8316 -0.2054 0.2289 0.1069
1770392211.8448 -0.1443 0.1068 0.0764
1770392211.8560 0.0388 0.1984 0.0764
1770392211.8679 -0.2054 -0.0763 -0.2593
1770392211.8800 0.0998 -0.1068 0.2900
1770392211.8921 -0.0528 0.0153 -0.2899
1770392211.9041 0.0082 -0.0763 -0.1067
1770392211.9161 -0.1443 0.1984 -0.3204
1770392211.9281 0.0693 0.0458 -0.0152
1770392211.9401 -0.1749 -0.0458 -0.0457
1770392211.9522 -0.1443 -0.3204 -0.1983
1770392211.9642 -0.1138 0.1068 -0.0762
1770392211.9764 0.0388 -0.0763 0.0764
1770392211.9886 0.0388 0.1068 -0.1983
1770392212.0006 -0.0528 0.0763 0.1679
1770392212.0127 0.0693 0.1373 0.0458
1770392212.0247 -0.0223 -0.1373 0.0458
1770392212.0367 -0.1443 0.1678 -0.0457
1770392212.0477 -0.1749 0.0153 -0.1373
1770392212.0598 -0.1443 0.2289 -0.2288
1770392212.0720 -0.2969 0.0153 -0.3509
1770392212.0841 -0.0223 -0.1068 -0.1067
1770392212.0962 -0.0833 0.1068 0.0458
1770392212.1082 -0.1749 0.2289 0.0764
1770392212.1202 -0.2054 0.0458 -0.0762
1770392212.1324 -0.2664 0.0153 -0.1373
1770392212.1444 0.0998 -0.1678 0.1069
1770392212.1565 -0.1443 -0.0458 0.3510
1770392212.1686 -0.1138 -0.0763 0.1069
1770392212.1798 0.0388 -0.1984 -0.1678
1770392212.1921 -0.1443 -0.0458 0.1374
1770392212.2040 -0.1138 -0.2594 0.1374
1770392212.2161 0.0082 0.1678 -0.1983
1770392212.2280 0.0693 -0.0763 -0.1678
1770392212.2401 0.0388 -0.0153 -0.4119
1770392212.2523 0.0388 0.1373 0.1984
1770392212.2646 -0.0528 -0.0458 -0.2899
1770392212.2767 0.0388 0.0763 -0.0457
1770392212.2887 -0.3275 0.1373 0.1679
1770392212.3008 0.0082 -0.0763 -0.0762
1770392212.3119 -0.0223 -0.0153 0.1984
1770392212.3239 0.2829 0.0153 0.0153
1770392212.3360 -0.2359 -0.3204 -0.1373
1770392212.3481 -0.0833 0.0763 -0.2288
1770392212.3602 -0.1443 0.0458 -0.1373
1770392212.3723 -0.2664 -0.0458 -0.0762
1770392212.3838 0.1303 -0.1678 0.0764
1770392212.3958 -0.0833 -0.0763 0.1984
1770392212.4078 -0.3580 0.1373 0.1069
1770392212.4208 -0.0833 0.1678 0.1374
1770392212.4319 -0.3885 0.0153 -0.0152
1770392212.4438 0.0388 -0.1678 -0.1373
1770392212.4568 -0.1138 -0.0458 -0.0457
1770392212.4687 -0.0528 -0.2289 0.0458
1770392212.4808 0.0998 -0.0153 -0.0762
1770392212.4921 -0.1749 -0.1068 -0.0457
1770392212.5041 -0.2664 0.1373 -0.1067
1770392212.5162 0.1913 -0.1068 -0.2288
1770392212.5282 -0.0833 -0.0153 -0.1067
1770392212.5405 -0.0223 -0.1678 -0.1983
1770392212.5519 -0.2054 0.1373 -0.0762
1770392212.5639 -0.0833 0.1678 0.1069
1770392212.5760 -0.0528 0.1678 -0.2593
1770392212.5880 -0.2664 0.1984 0.0764
1770392212.6000 0.0693 0.0458 -0.0762
1770392212.6121 0.0998 0.1373 0.1984
1770392212.6241 -0.1138 -0.1373 -0.0457
1770392212.6362 -0.1138 -0.0763 -0.1067
1770392212.6482 -0.1443 0.0763 0.0153
1770392212.6601 -0.1443 0.1068 0.0153
1770392212.6722 0.0693 0.0458 -0.1067
1770392212.6843 -0.0223 -0.0763 -0.1983
1770392212.6965 0.0693 -0.0153 -0.0457
1770392212.7085 -0.2359 0.0153 -0.0762
1770392212.7206 -0.1749 0.1068 0.0458
1770392212.7327 -0.1749 -0.0458 0.0153
1770392212.7448 -0.2054 0.1984 0.0458
1770392212.7568 -0.1138 0.0458 0.0764
1770392212.7688 -0.2359 -0.1373 -0.1373
1770392212.7801 -0.0223 0.2289 -0.0152
1770392212.7930 0.0693 0.0153 0.0764
1770392212.8046 -0.2359 -0.1678 0.0153
1770392212.8167 -0.0223 0.0153 -0.3814
1770392212.8283 0.0693 0.1984 0.1984
1770392212.8408 0.0388 -0.1068 -0.0762
1770392212.8519 0.0082 0.0763 -0.0457
1770392212.8640 -0.0223 0.3815 0.0764
1770392212.8761 -0.1749 -0.0153 -0.0457
1770392212.8881 0.0693 0.0763 0.0458
1770392212.9001 -0.0528 0.1678 -0.0762
1770392212.9123 -0.3580 0.1373 -0.0457
1770392212.9242 0.1303 -0.0763 0.1679
1770392212.9363 0.0693 -0.0458 -0.1678
1770392212.9483 0.0388 -0.0458 0.1374
1770392212.9603 -0.0223 -0.0153 -0.1373
1770392212.9724 0.0998 -0.1068 0.0153
1770392212.9841 -0.0223 0.0458 -0.1067
1770392212.9962 -0.2054 -0.0763 0.0764
1770392213.0083 -0.2359 0.0763 0.0153
1770392213.0202 -0.0833 -0.0763 -0.1067
1770392213.0321 -0.1443 -0.1373 -0.0457
1770392213.0441 -0.0223 -0.1984 0.1374
1770392213.0561 0.0388 0.0763 -0.1067
1770392213.0681 -0.0833 -0.0458 -0.2899
1770392213.0801 0.0998 0.1068 0.0458
1770392213.0923 -0.0833 -0.0153 -0.1983
1770392213.1042 0.0082 0.1068 0.1069
1770392213.1162 -0.2359 0.1984 -0.0152
1770392213.1282 0.1303 0.0763 0.2289
1770392213.1402 -0.0528 0.2899 -0.0457
1770392213.1522 0.1608 -0.0763 -0.1983
1770392213.1642 -0.2969 -0.2594 -0.3814
1770392213.1765 0.0388 0.0153 -0.0762
1770392213.1889 -0.3275 0.2899 -0.0762
1770392213.2005 0.2219 -0.0153 -0.0457
1770392213.2126 -0.2054 -0.0458 -0.1067
1770392213.2246 0.1303 -0.0153 0.1679
1770392213.2367 0.0693 0.1068 -0.1983
1770392213.2487 -0.0528 -0.0763 -0.0152
1770392213.2608 -0.2054 0.1373 0.1069
1770392213.2729 -0.0223 -0.0153 -0.0762
1770392213.2850 -0.2054 -0.0153 0.0153
1770392213.2971 -0.1749 -0.1068 -0.1678
1770392213.3092 -0.1443 -0.1373 0.1984
1770392213.3210 0.0082 0.0153 -0.1067
1770392213.3331 -0.2664 0.0458 -0.1678
1770392213.3452 0.1608 -0.0458 0.1984
1770392213.3562 -0.1443 -0.1068 -0.1983
1770392213.3693 -0.1443 -0.1678 -0.0152
1770392213.3806 -0.2054 -0.1373 -0.1678
1770392213.3927 0.1608 0.0763 -0.4730
1770392213.4047 0.0998 -0.0763 -0.0457
1770392213.4167 0.0388 0.1678 -0.1373
1770392213.4288 -0.3580 -0.0458 -0.2288
1770392213.4407 0.0693 -0.1984 -0.1983
1770392213.4529 -0.0528 0.1678 -0.0457
1770392213.4649 -0.0223 0.1373 0.0153
1770392213.4769 -0.0833 -0.1678 0.3510
1770392213.4890 -0.3275 0.1678 0.1679
1770392213.5010 -0.1138 -0.1373 -0.1067
1770392213.5131 -0.1749 0.0458 -0.0152
1770392213.5252 -0.1443 0.1373 0.1374
1770392213.5362 -0.2359 -0.0458 -0.1678
1770392213.5483 -0.1749 0.1373 -0.1678
1770392213.5607 -0.0833 -0.0153 -0.0762
1770392213.5730 -0.1138 0.1678 -0.1373
1770392213.5845 0.0693 -0.0458 -0.0457
1770392213.5967 0.0693 0.1984 -0.0152
1770392213.6088 -0.1138 -0.1984 -0.2899
1770392213.6209 -0.0223 0.0458 -0.0457
1770392213.6331 -0.0223 -0.0458 0.0764
1770392213.6450 0.1608 0.1068 0.0764
1770392213.6572 -0.0528 -0.0458 -0.0457
1770392213.6683 -0.0833 -0.1984 0.0153
1770392213.6805 -0.2969 0.0763 0.0153
1770392213.6928 -0.2054 -0.0458 -0.0152
1770392213.7047 0.0998 0.3510 -0.2593
1770392213.7168 -0.0223 -0.1984 0.3205
1770392213.7288 -0.2054 -0.1373 -0.1373
1770392213.7409 0.0388 -0.0458 -0.0762
1770392213.7530 -0.1749 0.1068 -0.2593
1770392213.7650 -0.0528 0.1068 0.1984
1770392213.7771 0.1608 0.0153 -0.1067
1770392213.7893 0.1608 0.1373 -0.1983
1770392213.8013 0.1303 0.1678 0.0458
1770392213.8124 0.0082 -0.1068 -0.1373
1770392213.8243 0.1913 0.0458 -0.1067
1770392213.8364 0.0082 -0.0458 0.1374
1770392213.8488 -0.0833 0.1373 -0.0152
1770392213.8610 -0.0528 -0.0153 0.0153
1770392213.8731 -0.0223 0.1678 -0.2899
1770392213.8853 -0.0223 0.1373 -0.0762
1770392213.8973 -0.0223 -0.1984 -0.1373
1770392213.9083 0.1608 -0.0153 0.1374
1770392213.9213 -0.1138 0.0153 -0.1678
1770392213.9324 -0.1749 -0.0763 -0.0457
1770392213.9444 0.0998 -0.0763 -0.0457
1770392213.9565 -0.0223 -0.1678 -0.1678
1770392213.9684 0.0082 0.0458 -0.1373
1770392213.9806 -0.0833 0.0763 0.0458
1770392213.9927 0.0082 0.1678 -0.2593
1770392214.0048 -0.0223 0.1984 -0.1678
1770392214.0168 -0.0833 0.0763 0.0458
1770392214.0288 -0.2054 0.1678 -0.1067
1770392214.0407 -0.1138 0.1068 -0.1373
1770392214.0528 0.0082 -0.1068 -0.0152
1770392214.0648 -0.2664 0.0458 0.0153
1770392214.0768 -0.1443 -0.1678 -0.1067
1770392214.0888 -0.3580 0.2899 -0.0457
1770392214.1007 0.0082 0.0153 0.0458
1770392214.1128 -0.4190 0.0153 -0.2288
1770392214.1248 -0.1443 0.0153 0.0764
1770392214.1368 -0.2054 0.0458 0.0153
1770392214.1488 -0.0223 0.1678 -0.0457
1770392214.1607 0.0693 0.1678 0.1069
1770392214.1728 -0.0833 -0.0153 -0.0152
1770392214.1851 -0.2359 -0.0153 -0.1373
1770392214.1965 -0.2664 0.0763 0.0153
1770392214.2085 -0.2359 0.1984 -0.2288
1770392214.2210 -0.1749 -0.0458 0.0458
1770392214.2330 0.1303 0.0458 0.0458
1770392214.2451 -0.1443 0.0763 0.1984
1770392214.2570 -0.2969 0.0153 -0.0457
1770392214.2690 -0.2054 0.0763 0.1069
1770392214.2810 -0.2969 0.1984 0.0764
1770392214.2931 -0.2054 0.0153 -0.2593
1770392214.3050 0.0082 -0.0458 -0.0152
1770392214.3171 -0.2054 0.2289 -0.0152
1770392214.3291 -0.2054 -0.0763 0.0764
1770392214.3410 -0.1749 0.0458 0.2595
1770392214.3531 -0.1138 -0.0458 0.0764
1770392214.3651 -0.2359 0.1068 -0.1373
1770392214.3771 -0.2359 0.1068 -0.0762
1770392214.3894 0.0082 0.1984 -0.0457
1770392214.4004 -0.0223 -0.0153 -0.0762
1770392214.4129 -0.0833 -0.1068 -0.1678
1770392214.4250 0.0388 0.1373 0.0458
1770392214.4371 -0.0528 -0.0763 -0.1983
1770392214.4493 -0.3275 0.1373 -0.0152
1770392214.4613 0.0388 -0.0763 -0.0152
1770392214.4732 -0.0528 -0.1984 -0.0152
1770392214.4853 -0.0223 0.1373 0.1984
1770392214.4973 -0.0528 -0.0153 0.1374
1770392214.5093 -0.0223 0.0458 -0.0457
1770392214.5213 -0.0528 -0.1068 0.1069
1770392214.5333 -0.1443 -0.1068 0.0764
1770392214.5453 -0.0528 -0.0458 0.1069
1770392214.5573 -0.1749 -0.2289 -0.1373
1770392214.5692 -0.3580 0.1068 0.0153
1770392214.5809 -0.1138 0.0153 0.2900
1770392214.5932 -0.2054 -0.0763 -0.0152
1770392214.6052 -0.0223 -0.0763 -0.1678
1770392214.6172 0.0082 -0.0153 -0.2899
1770392214.6293 -0.2054 0.1373 -0.0762
1770392214.6413 0.0388 0.1373 -0.0152
1770392214.6535 -0.1138 0.0763 0.0153
1770392214.6647 -0.2664 0.1068 -0.1373
1770392214.6767 0.0693 -0.0153 -0.0457
1770392214.6888 -0.2664 0.1984 0.0458
1770392214.7009 -0.0223 -0.0763 -0.1373
1770392214.7133 0.0693 -0.0763 0.0764
1770392214.7251 -0.0833 0.0458 0.1374
1770392214.7371 0.0388 0.2289 -0.0457
1770392214.7492 -0.1443 -0.0458 -0.1373
1770392214.7613 -0.2359 0.0153 0.0153
1770392214.7737 -0.3580 -0.1373 -0.0152
1770392214.7849 0.1303 -0.2289 -0.1373
1770392214.7970 0.1608 0.0458 -0.0152
1770392214.8090 -0.0833 0.0763 0.0458
1770392214.8209 -0.0528 0.2594 0.1374
1770392214.8329 -0.0528 0.0153 -0.1067
1770392214.8453 0.0082 -0.0153 0.1069
1770392214.8575 -0.2054 0.1068 -0.2899
1770392214.8697 -0.0223 0.1678 -0.1373
1770392214.8809 -0.1443 -0.0153 -0.1678
1770392214.8932 -0.2054 0.1678 0.1069
1770392214.9052 -0.1443 0.1373 -0.0152
1770392214.9172 0.0082 -0.2594 0.0458
1770392214.9292 -0.0833 0.0153 -0.3509
1770392214.9413 -0.0223 -0.1068 0.1374
1770392214.9532 -0.0223 -0.1373 -0.3204
1770392214.9653 -0.1749 -0.0153 0.1069
1770392214.9773 -0.3580 -0.0153 -0.1373
1770392214.9894 0.0082 0.1373 -0.0457
1770392215.0014 0.0082 0.0153 0.1374
1770392215.0135 0.0693 0.1678 0.0458
1770392215.0255 -0.1749 -0.1068 0.1069
1770392215.0375 0.2219 -0.0153 0.1069
1770392215.0494 -0.0528 0.1678 0.2900
1770392215.0615 0.0693 -0.0763 0.1069
1770392215.0735 -0.1138 -0.0153 0.0764
1770392215.0856 0.0693 0.1068 -0.1678
1770392215.0975 -0.0528 0.0153 0.0764
1770392215.1095 -0.2054 0.1068 -0.1678
1770392215.1215 0.0693 0.1373 0.4120
1770392215.1335 -0.1138 -0.1373 0.2900
1770392215.1456 -0.2359 -0.1984 0.1069
1770392215.1576 0.0998 -0.0153 0.0153
1770392215.1695 -0.1443 -0.1068 -0.1067
1770392215.1817 0.1608 -0.1068 0.1984
1770392215.1938 0.0693 -0.3204 -0.0152
1770392215.2058 -0.0528 -0.0458 -0.1678
1770392215.2177 -0.0528 -0.1984 0.0153
1770392215.2297 0.0082 0.0153 -0.1373
1770392215.2417 0.0693 -0.1984 -0.0457
1770392215.2537 -0.4190 0.2289 0.1069
1770392215.2657 -0.1749 0.1678 -0.0152
1770392215.2777 0.0693 -0.0458 -0.0762
1770392215.2896 -0.2664 0.2899 -0.1678
1770392215.3017 -0.1138 0.1068 0.1984
1770392215.3137 0.1608 -0.1678 -0.1373
1770392215.3258 0.2219 -0.1068 -0.0762
1770392215.3378 0.0082 -0.1678 -0.0152
1770392215.3498 -0.0223 0.0763 -0.1373
1770392215.3618 -0.1138 -0.0458 0.0764
1770392215.3729 -0.0528 0.0763 -0.0457
1770392215.3852 -0.0528 -0.1373 -0.1678
1770392215.3973 0.0998 -0.0153 0.1984
1770392215.4098 -0.2664 -0.0458 -0.2593
1770392215.4208 -0.2664 -0.0153 0.0153
1770392215.4329 -0.0528 -0.1068 -0.1678
1770392215.4450 -0.3275 -0.1068 -0.3204
1770392215.4569 -0.0528 -0.1678 0.0153
1770392215.4689 0.1913 -0.3510 -0.0762
1770392215.4809 -0.1138 0.2594 -0.0152
1770392215.4931 -0.0223 0.1068 0.0458
1770392215.5050 -0.0833 0.2899 -0.5035
1770392215.5171 -0.0223 -0.3204 -0.2288
1770392215.5289 0.0693 -0.0153 0.0764
1770392215.5410 -0.1138 0.1678 0.0458
1770392215.5530 -0.1138 -0.1068 0.1069
1770392215.5650 -0.0833 0.1678 -0.1067
1770392215.5774 0.0693 -0.1068 -0.1678
1770392215.5896 -0.0833 0.0153 -0.0152
1770392215.6017 -0.1443 -0.0763 -0.2593
1770392215.6137 -0.1443 0.1678 -0.1983
1770392215.6257 0.1608 -0.1678 0.0458
1770392215.6377 0.2219 0.0458 0.1069
1770392215.6496 -0.0833 -0.0153 -0.1373
1770392215.6617 0.0082 0.0153 -0.0762
1770392215.6738 0.2829 -0.0458 -0.1067
1770392215.6858 -0.1138 -0.0763 -0.5340
1770392215.6979 0.0693 0.0458 -0.0457
1770392215.7089 -0.0528 -0.0153 0.0458
1770392215.7213 -0.0223 0.0153 -0.2899
1770392215.7337 -0.1443 -0.0153 -0.1983
1770392215.7456 0.0082 0.0153 -0.3204
1770392215.7577 -0.0833 -0.1984 0.0153
1770392215.7696 0.0388 0.3204 0.0764
1770392215.7819 -0.2054 0.3510 -0.1983
1770392215.7939 -0.0528 -0.0153 0.2289
1770392215.8059 -0.1749 -0.0763 0.0458
1770392215.8169 0.1303 0.1068 0.0153
1770392215.8291 0.0693 -0.0763 -0.1067
1770392215.8415 -0.1443 0.1373 -0.0457
1770392215.8530 0.1608 0.2594 0.1069
1770392215.8654 -0.2359 0.1068 -0.1067
1770392215.8778 0.0082 -0.1984 -0.0152
1770392215.8899 -0.0528 0.0458 -0.1067
1770392215.9012 -0.1138 -0.0458 0.0153
1770392215.9134 -0.0833 -0.1678 0.0764
1770392215.9256 -0.4190 0.1984 -0.1067
1770392215.9378 -0.0223 0.1068 -0.0152
1770392215.9491 0.0388 -0.1373 -0.3204
1770392215.9613 -0.0528 0.1373 -0.1678
1770392215.9736 -0.1443 -0.2899 -0.0457
1770392215.9852 -0.1138 -0.2594 -0.2593
1770392215.9975 0.1913 -0.1373 0.0764
1770392216.0097 -0.2664 0.0458 0.3815
1770392216.0219 0.0693 -0.0763 -0.1067
1770392216.0330 -0.0528 -0.0763 0.0458
1770392216.0453 -0.0833 -0.1068 0.0458
1770392216.0575 -0.0833 -0.2289 0.2595
1770392216.0691 -0.1138 0.2289 0.1374
1770392216.0815 -0.1138 0.2594 -0.0152
1770392216.0938 -0.3275 0.0763 0.1069
1770392216.1059 -0.2054 0.0458 -0.0457
1770392216.1171 0.0693 0.1068 0.0764
1770392216.1293 0.0693 0.0153 0.2595
1770392216.1417 -0.1443 0.1984 0.0458
1770392216.1533 -0.0528 -0.1678 -0.0762
1770392216.1659 -0.1138 -0.0458 -0.1067
1770392216.1782 -0.0223 0.0763 -0.1678
1770392216.1895 -0.0528 0.1068 0.0764
1770392216.2011 -0.2359 -0.0153 0.0153
1770392216.2130 0.1303 -0.0153 -0.2899
1770392216.2254 -0.2359 0.0153 -0.1678
1770392216.2378 0.0082 0.1984 -0.0762
1770392216.2499 -0.1443 -0.0153 -0.0457
1770392216.2612 -0.2054 0.0458 -0.0152
1770392216.2734 0.1303 -0.0763 -0.0152
1770392216.2856 0.0082 -0.1068 -0.1067
1770392216.2978 -0.0833 -0.1373 -0.0762
1770392216.3100 -0.1443 -0.1678 0.1374
1770392216.3211 -0.0528 0.1068 0.0458
1770392216.3335 -0.0528 0.0458 -0.0152
1770392216.3458 -0.0223 -0.2594 -0.1373
1770392216.3570 -0.2054 -0.2594 -0.0152
1770392216.3694 -0.0223 0.2289 -0.0152
1770392216.3811 -0.0223 0.2594 -0.1373
1770392216.3937 -0.0223 -0.0458 0.1984
1770392216.4060 -0.0223 0.0153 -0.0762
1770392216.4174 -0.0528 -0.1678 -0.0762
1770392216.4298 0.0693 0.0763 0.0764
1770392216.4412 -0.0528 -0.0763 -0.0762
1770392216.4538 0.0388 -0.1373 -0.3509
1770392216.4651 0.0082 0.0458 0.0458
1770392216.4778 -0.3275 0.0153 -0.0457
1770392216.4894 -0.1138 -0.0153 -0.1373
1770392216.5017 -0.1138 0.1068 -0.0457
1770392216.5131 0.0082 0.1678 -0.1067
1770392216.5253 -0.1749 -0.0458 0.1679
1770392216.5375 0.0082 0.0458 0.0458
1770392216.5498 -0.0833 0.0763 0.1679
1770392216.5620 -0.1138 0.0153 0.0764
1770392216.5732 -0.0223 -0.2899 0.0153
1770392216.5852 -0.1749 0.1678 -0.0152
1770392216.5980 0.0388 -0.1984 0.2289
1770392216.6092 -0.2054 -0.0153 -0.1373
1770392216.6213 -0.0833 0.0153 -0.0762
1770392216.6337 -0.0223 0.0153 -0.2593
1770392216.6460 -0.0833 0.1068 -0.0762
1770392216.6572 -0.1749 -0.1068 0.0458
1770392216.6694 -0.2054 -0.1068 0.2289
1770392216.6818 -0.1443 -0.0153 -0.0152
1770392216.6932 -0.0833 0.1068 0.2289
1770392216.7053 -0.0528 0.2289 -0.0762
1770392216.7176 0.0388 0.0763 0.1984
1770392216.7298 -0.1443 -0.0763 0.1069
1770392216.7411 -0.2359 0.1678 -0.1373
1770392216.7534 -0.1138 -0.1373 -0.0457
1770392216.7656 0.0082 -0.1068 -0.0152
1770392216.7779 -0.2054 -0.0153 0.2289
1770392216.7892 -0.1443 0.0153 -0.0152
1770392216.8013 -0.3580 0.2289 0.2595
1770392216.8138 -0.0528 -0.0153 -0.1067
1770392216.8259 0.0082 0.2289 -0.0457
1770392216.8374 -0.1749 0.0458 -0.1678
1770392216.8496 0.0998 0.2289 -0.1067
1770392216.8619 -0.0833 -0.0458 -0.1678
1770392216.8731 0.0388 0.0763 -0.1067
1770392216.8854 0.0693 0.1068 -0.0457
1770392216.8981 -0.0223 -0.1373 0.0458
1770392216.9095 0.0082 -0.1373 0.1374
1770392216.9221 -0.1443 -0.0153 -0.1678
1770392216.9338 -0.1443 -0.1068 -0.0152
1770392216.9461 0.0082 0.1373 -0.0762
1770392216.9576 -0.3885 0.0458 -0.1373
1770392216.9697 -0.1749 -0.1068 -0.1373
1770392216.9811 0.0082 0.1373 -0.1067
1770392216.9936 -0.0528 0.0458 0.0153
1770392217.0058 0.0998 -0.0763 0.1069
1770392217.0172 -0.0833 -0.1068 0.1069
1770392217.0292 -0.2664 -0.0763 0.2289
1770392217.0413 -0.0528 -0.1984 -0.1373
1770392217.0533 -0.0528 0.0763 0.1679
1770392217.0653 -0.0833 0.0153 0.1069
1770392217.0773 0.1913 -0.1678 -0.1067
1770392217.0893 -0.0528 0.1373 0.0153
1770392217.1013 0.1608 0.1678 -0.1678
1770392217.1133 0.0693 -0.0153 0.0764
1770392217.1253 -0.1138 0.0153 0.0458
1770392217.1373 -0.2664 0.0153 -0.2288
1770392217.1493 0.0693 -0.0153 -0.0762
1770392217.1613 -0.2359 0.1984 -0.0457
1770392217.1742 -0.0223 0.1068 0.0458
1770392217.1854 -0.0223 0.0153 0.2289
1770392217.1977 -0.1138 0.0763 -0.0152
1770392217.2098 0.0082 0.1373 -0.0152
1770392217.2217 0.1608 0.1678 -0.3509
1770392217.2338 0.0082 -0.0458 -0.1678
1770392217.2458 0.0388 0.1373 0.0153
1770392217.2578 0.0998 0.0763 0.1374
1770392217.2698 -0.0528 -0.0458 0.0764
1770392217.2817 -0.1749 0.1984 -0.1067
1770392217.2938 -0.1749 -0.0153 0.1374
1770392217.3059 -0.0223 -0.0763 -0.1983
1770392217.3180 -0.1443 -0.0153 -0.1373
1770392217.3299 -0.0223 -0.3510 -0.0152
1770392217.3419 -0.1138 0.1678 -0.2288
1770392217.3541 -0.0833 0.2289 -0.1678
1770392217.3661 0.0388 0.0763 0.1984
1770392217.3782 -0.0528 0.1068 0.0153
1770392217.3893 -0.2359 0.1984 -0.0457
1770392217.4013 -0.0223 0.1678 0.1374
1770392217.4135 -0.1443 -0.1068 -0.0152
1770392217.4255 0.0388 0.1984 -0.2288
1770392217.4374 -0.0528 0.1678 -0.0762
1770392217.4495 0.1303 -0.1068 -0.2288
1770392217.4615 -0.2359 -0.0763 -0.0762
1770392217.4736 -0.1443 0.0763 -0.0152
1770392217.4857 -0.1138 -0.2289 -0.1067
1770392217.4976 0.0998 0.0458 0.0764
1770392217.5097 0.0693 -0.0763 0.1374
1770392217.5216 -0.1443 -0.1984 0.1374
1770392217.5338 -0.1443 0.0458 0.0153
1770392217.5459 -0.0528 0.0458 0.1374
1770392217.5580 -0.0528 -0.0458 -0.0152
1770392217.5700 -0.0223 -0.0153 0.2595
1770392217.5813 -0.1138 0.2289 -0.0152
1770392217.5936 -0.1443 -0.1068 0.1374
1770392217.6056 -0.0833 0.1984 0.1374
1770392217.6176 -0.0833 -0.1068 -0.1067
1770392217.6297 -0.1443 0.1373 0.2289
1770392217.6417 -0.1138 0.1984 -0.0457
1770392217.6538 -0.1138 -0.0458 -0.2899
1770392217.6657 -0.0833 0.1068 0.3205
1770392217.6776 0.0082 -0.1373 -0.0152
1770392217.6897 -0.1138 0.0458 0.0153
1770392217.7017 0.0082 0.1068 -0.0762
1770392217.7137 -0.0833 0.1068 0.0764
1770392217.7257 -0.1138 -0.0458 -0.1373
1770392217.7377 -0.1749 0.1984 -0.0457
1770392217.7499 -0.2969 0.0763 0.1679
1770392217.7618 -0.0528 0.1678 -0.1983
1770392217.7742 -0.1749 -0.0763 -0.2899
1770392217.7856 0.0998 -0.1068 0.0764
1770392217.7978 0.1913 -0.0153 0.0764
1770392217.8102 -0.5106 -0.0153 -0.2288
1770392217.8221 -0.1749 0.0458 -0.0762
1770392217.8342 -0.0528 0.2899 -0.0762
1770392217.8463 0.0693 0.1068 0.0153
1770392217.8584 0.1303 -0.1678 0.0153
1770392217.8694 -0.0223 -0.0153 -0.0762
1770392217.8824 0.1303 -0.0153 -0.3814
1770392217.8934 -0.1443 -0.0153 0.0458
1770392217.9054 0.0082 -0.1678 -0.0457
1770392217.9174 -0.1138 0.1068 0.1069
1770392217.9295 -0.1138 0.1984 -0.1067
1770392217.9415 0.0693 0.0458 -0.1067
1770392217.9536 -0.1443 -0.2289 -0.0152
1770392217.9657 0.0998 0.1678 -0.0762
1770392217.9777 -0.1138 0.0458 0.0153
1770392217.9900 -0.1749 0.0763 -0.1067
1770392218.0020 -0.2664 -0.1068 -0.0762
1770392218.0141 0.0082 0.0763 -0.0457
1770392218.0261 -0.1138 -0.1373 -0.3509
1770392218.0381 0.0693 -0.0458 -0.2288
1770392218.0502 0.1608 0.4120 0.0153
1770392218.0622 0.2219 -0.0153 -0.0457
1770392218.0742 0.2524 -0.1678 -0.2899
1770392218.0863 0.0998 0.1373 -0.2288
1770392218.0982 -0.1443 -0.1373 -0.1678
1770392218.1103 -0.0833 0.0153 0.1069
1770392218.1222 -0.2664 -0.3204 -0.3814
1770392218.1343 -0.0528 0.1373 0.1069
1770392218.1463 -0.2664 -0.0458 -0.2593
1770392218.1583 -0.0833 0.1373 -0.0152
1770392218.1706 0.0082 -0.0153 0.0153
1770392218.1818 -0.2054 -0.0153 -0.0762
1770392218.1936 -0.2969 0.3510 -0.2899
1770392218.2060 -0.2054 0.1678 0.0458
1770392218.2183 0.2219 0.0458 -0.1678
1770392218.2294 -0.0223 0.0763 0.0764
1770392218.2417 -0.0223 0.0458 -0.0762
1770392218.2538 -0.2969 0.0458 0.1679
1770392218.2661 -0.2054 0.2899 -0.0762
1770392218.2781 -0.1749 -0.1068 -0.2288
1770392218.2903 -0.2664 0.1984 -0.0762
1770392218.3023 0.0388 0.0153 -0.0152
1770392218.3143 0.1303 -0.0458 0.0153
1770392218.3254 -0.1443 -0.1984 -0.1983
1770392218.3384 -0.1443 -0.2594 0.2900
1770392218.3495 -0.1443 -0.0458 -0.1373
1770392218.3615 0.1608 -0.1678 0.0153
1770392218.3736 -0.1443 0.2289 -0.2593
1770392218.3859 0.1303 -0.0763 -0.1067
1770392218.3981 -0.0223 -0.1373 -0.1678
1770392218.4102 0.1913 0.1678 0.0153
1770392218.4223 -0.0833 -0.1373 -0.0152
1770392218.4344 -0.1443 0.0458 -0.0762
1770392218.4455 -0.2359 -0.2594 -0.1983
1770392218.4575 -0.1138 -0.1984 0.0458
1770392218.4696 0.0998 -0.1068 -0.1067
1770392218.4816 -0.1749 0.0458 0.1069
1770392218.4940 -0.1443 -0.1068 -0.0152
1770392218.5060 -0.1749 -0.0458 -0.2899
1770392218.5181 -0.2969 0.0153 0.0764
1770392218.5301 -0.1443 0.0153 -0.0152
1770392218.5422 0.0082 0.0458 0.0458
1770392218.5541 -0.0223 0.1068 -0.1373
1770392218.5662 -0.4190 0.1678 -0.0457
1770392218.5784 0.0388 -0.1678 -0.0457
1770392218.5895 0.0693 0.1373 0.0153
1770392218.6016 0.0082 0.2289 -0.0152
1770392218.6139 0.0693 0.2289 0.2289
1770392218.6260 -0.2359 0.0458 -0.1067
1770392218.6382 -0.0223 -0.1984 -0.0457
1770392218.6502 -0.2054 -0.1373 0.1984
1770392218.6624 -0.0528 -0.0458 0.1984
1770392218.6735 -0.2664 0.1068 0.0153
1770392218.6857 -0.2359 0.1678 0.1374
1770392218.6977 -0.1138 0.2289 0.1069
1770392218.7098 -0.0528 0.0763 0.0764
1770392218.7219 -0.1443 -0.1068 0.1984
1770392218.7340 -0.1138 -0.0763 -0.0152
1770392218.7461 0.0388 -0.0458 0.0764
1770392218.7582 -0.2969 -0.1068 -0.1373
1770392218.7702 -0.1443 0.1984 0.0153
1770392218.7818 -0.1138 0.0153 -0.0762
1770392218.7940 0.0082 -0.0153 -0.0762
1770392218.8061 -0.0223 0.0458 -0.0457
1770392218.8182 -0.2664 -0.0153 0.3815
1770392218.8303 0.0388 0.1678 -0.2288
1770392218.8424 0.0998 0.3510 -0.2288
1770392218.8545 -0.1443 -0.1068 -0.1678
1770392218.8665 -0.3275 0.1373 -0.2899
1770392218.8785 -0.0833 0.0458 -0.2288
1770392218.8906 -0.0223 0.1068 0.1679
1770392218.9016 -0.1749 -0.0458 0.2289
1770392218.9136 -0.2359 0.1678 0.0764
1770392218.9256 -0.0223 -0.2289 -0.1678
1770392218.9376 -0.0528 -0.1984 0.1069
1770392218.9497 -0.0833 -0.1678 0.1069
1770392218.9617 0.1608 0.2899 0.1679
1770392218.9738 -0.3885 0.1984 -0.1373
1770392218.9862 -0.0223 0.0153 -0.0152
1770392218.9984 0.0082 0.0153 -0.1067
1770392219.0098 -0.0528 -0.0458 -0.2288
1770392219.0221 -0.0528 0.2594 0.0764
1770392219.0342 -0.0223 -0.0458 -0.1678
1770392219.0462 -0.1749 0.0153 -0.2899
1770392219.0582 -0.2054 0.3204 0.2595
1770392219.0702 -0.1443 0.1678 0.0458
1770392219.0822 0.0693 -0.0763 -0.0762
1770392219.0942 0.0998 -0.0458 -0.2593
1770392219.1062 -0.0223 -0.0763 -0.0762
1770392219.1182 0.0082 -0.0458 -0.1678
1770392219.1301 -0.0833 0.1068 0.2900
1770392219.1423 -0.1749 -0.0458 0.1069
1770392219.1543 -0.1138 0.0763 -0.3509
1770392219.1664 -0.3885 -0.0458 -0.1373
1770392219.1776 -0.1138 -0.0153 0.0458
1770392219.1897 -0.0833 0.2289 -0.1373
1770392219.2017 0.0388 0.2289 -0.0152
1770392219.2140 -0.2664 -0.1984 -0.2288
1770392219.2259 -0.2054 0.1373 0.0153
1770392219.2379 -0.2054 0.2899 0.1679
1770392219.2499 0.0388 0.1068 -0.0152
1770392219.2621 -0.2664 0.1678 -0.0457
1770392219.2741 -0.2359 -0.3815 0.1374
1770392219.2862 0.0388 0.0763 0.0764
1770392219.2982 0.0998 0.0458 -0.1373
1770392219.3102 -0.2664 -0.3510 -0.0152
1770392219.3222 0.0082 -0.1984 0.1069
1770392219.3343 -0.0528 0.0763 -0.1373
1770392219.3463 -0.2054 -0.0153 -0.0762
1770392219.3584 -0.3885 -0.0153 0.0458
1770392219.3703 0.1913 -0.0763 0.0764
1770392219.3818 0.0388 -0.1068 -0.1983
1770392219.3938 -0.1749 0.0153 -0.3204
1770392219.4058 -0.0833 -0.0763 0.0458
1770392219.4178 -0.1443 -0.0153 -0.1373
1770392219.4298 -0.1138 -0.0153 0.1984
1770392219.4419 -0.0528 0.0763 0.1069
1770392219.4540 -0.0833 0.0153 -0.1983
1770392219.4659 0.0082 -0.1068 0.1374
1770392219.4779 -0.0833 0.0153 0.0153
1770392219.4900 -0.0528 0.1373 -0.0762
1770392219.5021 -0.0528 0.0763 0.2595
1770392219.5142 -0.2969 -0.0153 -0.1983
1770392219.5261 0.1608 -0.0763 -0.0762
1770392219.5383 -0.2359 0.1373 -0.2288
1770392219.5504 -0.1749 -0.2289 -0.1678
1770392219.5617 0.0388 0.0763 0.0764
1770392219.5752 -0.1138 -0.0458 -0.0457
1770392219.5863 -0.2664 0.2594 -0.1067
1770392219.5985 0.0082 -0.2899 -0.0762
1770392219.6107 0.0082 -0.1984 0.0764
1770392219.6217 -0.1749 -0.1068 -0.0762
1770392219.6337 0.0388 0.1068 -0.1678
1770392219.6457 -0.0223 -0.1373 -0.0762
1770392219.6587 -0.1749 0.1678 -0.1983
1770392219.6707 0.0693 0.1068 0.0153
1770392219.6827 -0.1443 0.1373 0.0458
1770392219.6939 -0.2359 -0.1068 -0.1373
1770392219.7059 -0.1749 -0.1068 -0.0152
1770392219.7182 -0.0223 -0.1373 0.1984
1770392219.7305 0.0388 0.2289 0.1069
1770392219.7427 0.0693 -0.0458 -0.0457
1770392219.7546 0.0388 0.0458 0.0764
1770392219.7667 -0.0833 -0.0458 -0.0457
1770392219.7778 -0.0833 0.1678 -0.1373
1770392219.7898 -0.2359 -0.0458 -0.0762
1770392219.8019 -0.1138 0.1373 0.2900
1770392219.8138 -0.0833 -0.0153 -0.0152
1770392219.8258 -0.1749 0.0153 0.1679
1770392219.8379 -0.1749 0.3204 -0.3204
1770392219.8499 -0.2359 0.0458 -0.1983
1770392219.8619 0.0082 0.0458 0.0458
1770392219.8739 -0.0528 -0.1984 -0.0152
1770392219.8860 -0.1138 0.0458 -0.2593
1770392219.8980 -0.0223 -0.0153 -0.1373
1770392219.9100 0.0388 -0.3204 0.2595
1770392219.9220 -0.0833 0.1678 0.0458
1770392219.9341 -0.1138 0.1373 -0.0152
1770392219.9461 0.0082 -0.0153 0.0764
1770392219.9583 0.0998 -0.0763 0.0153
1770392219.9702 -0.0528 0.1678 -0.1373
1770392219.9825 0.1303 0.1678 0.2289
1770392219.9938 0.0388 0.2899 0.1374
1770392220.0058 0.0082 0.2899 0.1069
1770392220.0178 -0.2664 -0.1678 0.1374
1770392220.0298 -0.0528 0.0458 0.1984
1770392220.0419 -0.1443 -0.1373 0.2289
1770392220.0539 0.0998 -0.2594 0.2289
1770392220.0662 -0.0528 -0.0458 0.1374
1770392220.0784 0.0998 0.1373 -0.2593
1770392220.0904 -0.0833 -0.0153 -0.1067
1770392220.1025 -0.1749 0.1678 0.1069
1770392220.1146 -0.0223 -0.0153 -0.0457
1770392220.1266 0.0082 0.2594 -0.0457
1770392220.1386 -0.2054 0.0153 -0.0762
1770392220.1506 -0.3580 0.0153 -0.2899
1770392220.1626 -0.1749 -0.0153 0.1679
1770392220.1751 -0.3275 0.0458 -0.2288
1770392220.1863 0.0998 0.2594 0.0153
1770392220.1986 -0.2664 -0.2899 -0.1678
1770392220.2099 -0.1443 0.1678 0.1069
1770392220.2223 -0.2359 0.1373 -0.1067
1770392220.2347 0.0388 0.0153 -0.0457
1770392220.2468 -0.1749 0.0763 -0.1067
1770392220.2581 -0.0223 -0.1068 0.0153
1770392220.2704 -0.0223 -0.0763 -0.0457
1770392220.2824 -0.2054 0.1984 -0.1373
1770392220.2945 -0.0528 0.0153 -0.2288
1770392220.3066 0.0388 0.0763 0.0458
1770392220.3187 -0.0528 -0.0458 0.0458
1770392220.3307 -0.1749 0.1373 0.1984
1770392220.3428 0.0082 0.0458 0.1984
1770392220.3547 -0.2054 0.0458 0.1984
1770392220.3668 -0.2054 0.0153 -0.0762
1770392220.3779 0.0082 -0.0763 -0.0152
1770392220.3901 -0.2359 0.0458 0.2595
1770392220.4020 -0.1138 0.0458 0.1984
1770392220.4141 0.0082 0.0153 0.0153
1770392220.4260 -0.2664 -0.0153 0.0153
1770392220.4381 -0.0528 0.0763 0.0153
1770392220.4501 -0.0528 -0.0458 -0.2288
1770392220.4622 0.0388 0.0458 0.1984
1770392220.4747 0.0693 -0.0458 -0.1067
1770392220.4869 -0.2664 0.0763 0.0458
1770392220.4989 -0.3580 -0.0458 0.0764
1770392220.5099 -0.2664 0.0763 0.1069
1770392220.5228 -0.0833 -0.0153 0.1069
1770392220.5339 -0.0223 -0.1068 -0.0457
1770392220.5469 0.0693 -0.1068 -0.2899
1770392220.5579 -0.1749 0.1678 -0.0762
1770392220.5709 0.1303 0.0458 -0.1373
1770392220.5820 -0.1443 0.1068 -0.0152
1770392220.5941 0.0693 -0.1984 0.0458
1770392220.6061 0.0693 0.0153 -0.0762
1770392220.6191 0.0998 -0.0153 0.1984
1770392220.6311 -0.0833 0.1068 -0.0457
1770392220.6431 -0.0528 -0.1678 -0.0152
1770392220.6552 -0.1749 0.0458 -0.0457
1770392220.6671 0.0693 -0.1984 -0.0457
1770392220.6791 -0.0223 0.1068 0.0153
1770392220.6911 -0.2054 0.1068 0.1984
1770392220.7031 -0.0528 0.0458 0.2900
1770392220.7152 -0.2359 0.2899 -0.0762
1770392220.7272 0.0388 0.1068 -0.0152
1770392220.7393 -0.0528 -0.0458 0.0764
1770392220.7513 -0.1138 0.1068 -0.1983
1770392220.7633 -0.3580 0.0458 -0.0762
1770392220.7755 -0.0833 0.0458 -0.1373
1770392220.7869 0.0693 -0.1373 -0.1678
1770392220.7991 0.0388 0.0458 -0.2593
1770392220.8111 0.0998 0.0763 0.2900
1770392220.8232 0.2524 -0.0153 -0.0762
1770392220.8352 -0.2054 0.1373 -0.1983
1770392220.8472 -0.2054 -0.1373 -0.0762
1770392220.8592 -0.0223 -0.2594 0.2595
1770392220.8712 -0.0223 0.2289 -0.0762
1770392220.8832 -0.0833 0.0763 0.1374
1770392220.8953 -0.0833 0.2289 -0.0762
1770392220.9072 -0.0833 0.1373 -0.0457
1770392220.9193 0.0693 0.1984 -0.3204
1770392220.9312 -0.1749 0.0153 -0.0762
1770392220.9432 -0.2054 -0.0763 -0.0762
1770392220.9553 -0.0833 0.2289 -0.0457
1770392220.9673 -0.0833 -0.1678 -0.1983
1770392220.9792 -0.0833 -0.1678 0.0764
1770392220.9914 -0.1138 -0.0763 0.1374
1770392221.0033 -0.1138 -0.1068 -0.1067
1770392221.0154 -0.2054 0.1068 0.1679
1770392221.0277 -0.0833 0.0458 0.2289
1770392221.0391 -0.2969 0.1373 -0.1373
1770392221.0514 -0.1749 0.0458 -0.0152
1770392221.0627 0.1303 -0.1068 -0.1678
1770392221.0751 -0.1138 0.0763 0.0153
1770392221.0873 -0.0528 -0.0153 -0.0762
1770392221.0996 -0.2054 0.0458 0.0458
1770392221.1117 0.0388 -0.1984 0.0764
1770392221.1237 -0.0833 -0.1068 -0.2899
1770392221.1351 -0.2054 -0.0153 0.0153
1770392221.1472 -0.1138 0.2289 -0.1678
1770392221.1593 -0.0223 -0.1678 -0.0762
1770392221.1713 0.1913 -0.0153 -0.1678
1770392221.1829 -0.2664 0.0153 -0.1678
1770392221.1951 -0.0833 -0.1373 -0.0152
1770392221.2071 -0.0223 0.0763 -0.0457
1770392221.2192 0.0388 0.0763 0.2900
1770392221.2312 -0.1749 0.0763 -0.2899
1770392221.2433 -0.0528 0.0458 0.0153
1770392221.2556 0.1303 -0.1068 -0.3509
1770392221.2677 -0.2359 0.1068 -0.0152
1770392221.2798 0.0693 -0.0763 0.1069
1770392221.2918 0.2219 -0.1068 0.1069
1770392221.3038 0.0998 -0.0458 -0.2288
1770392221.3149 -0.0223 -0.0763 -0.2288
1770392221.3269 0.0693 -0.1068 -0.2899
1770392221.3389 0.0082 -0.0153 -0.1678
1770392221.3511 0.1913 -0.2289 0.1374
1770392221.3630 0.1608 0.1068 -0.2899
1770392221.3751 -0.1443 0.0763 0.1069
1770392221.3872 -0.0833 0.0763 -0.0457
1770392221.3994 -0.1749 0.0458 0.1069
1770392221.4115 0.0082 -0.1068 0.1069
1770392221.4235 -0.0833 -0.0458 0.0458
1770392221.4355 -0.0223 -0.1068 0.0458
1770392221.4476 -0.2054 -0.1373 -0.0152
1770392221.4596 -0.0528 0.0153 -0.1373
1770392221.4715 0.0082 0.0153 0.0458
1770392221.4835 -0.1749 0.0458 -0.1983
1770392221.4957 -0.2359 0.1373 0.0458
1770392221.5077 -0.0223 0.0458 -0.0457
1770392221.5189 -0.0833 -0.1373 0.1374
1770392221.5309 -0.2054 -0.0763 0.0458
1770392221.5432 -0.1443 -0.1373 -0.1678
1770392221.5554 -0.1443 0.2289 -0.1678
1770392221.5675 -0.0833 0.1068 -0.1983
1770392221.5800 0.0082 -0.0153 -0.0762
1770392221.5917 -0.1443 0.1678 -0.1067
1770392221.6030 -0.0223 -0.2289 -0.0762
1770392221.6154 -0.3885 0.1678 0.0764
1770392221.6277 -0.0223 -0.0153 -0.0152
1770392221.6390 0.0082 0.1373 0.3510
1770392221.6511 0.1608 -0.0153 -0.1678
1770392221.6633 -0.2664 -0.0763 -0.1067
1770392221.6754 -0.0833 0.2289 -0.2288
1770392221.6875 -0.3275 0.1678 0.1069
1770392221.6995 0.0082 -0.1678 0.0764
1770392221.7108 -0.0223 -0.0763 -0.0457
1770392221.7228 -0.1138 0.0458 0.1069
1770392221.7349 0.0082 0.1068 -0.0152
1770392221.7469 -0.1443 -0.1068 -0.0457
1770392221.7590 -0.1138 0.0153 -0.0762
1770392221.7710 -0.2359 -0.1068 -0.0152
1770392221.7833 -0.1138 -0.0458 0.0764
1770392221.7955 -0.0833 -0.0153 -0.1678
1770392221.8075 0.0693 -0.0763 -0.0152
1770392221.8195 -0.1138 -0.1678 0.0764
1770392221.8316 -0.3275 0.0153 -0.1983
1770392221.8436 -0.1749 0.0763 -0.1678
1770392221.8558 -0.1138 -0.1678 0.0153
1770392221.8678 -0.2969 0.1984 -0.0152
1770392221.8788 -0.1749 -0.2594 0.1374
1770392221.8909 -0.1749 0.0458 0.0458
1770392221.9029 0.0082 0.0153 -0.1373
1770392221.9150 -0.1443 -0.1373 -0.1373
1770392221.9270 0.0082 0.0153 -0.1373
1770392221.9390 -0.0833 -0.0153 0.0458
1770392221.9511 -0.0833 0.1678 0.1679
1770392221.9631 0.1913 -0.0458 0.1679
1770392221.9754 -0.0833 0.0763 0.0153
1770392221.9875 0.0998 0.0153 0.2900
1770392221.9995 -0.1138 -0.1373 0.1374
1770392222.0115 0.0388 0.0763 -0.0762
1770392222.0236 -0.1443 0.1678 0.1069
1770392222.0350 0.0388 0.1984 0.0764
1770392222.0473 0.0388 0.0763 -0.1067
1770392222.0595 0.0082 0.0153 -0.1373
1770392222.0718 -0.0223 -0.0153 0.1374
1770392222.0831 -0.1138 0.2899 -0.1373
1770392222.0955 0.0388 0.1068 0.0458
1770392222.1078 0.0082 -0.2899 -0.0762
1770392222.1189 -0.0833 -0.0458 0.0153
1770392222.1311 -0.0833 -0.0763 0.1374
1770392222.1435 0.0693 0.0763 0.2595
1770392222.1560 -0.1443 -0.0153 -0.1983
1770392222.1671 -0.1749 0.2594 0.0153
1770392222.1794 0.0388 -0.2289 0.1069
1770392222.1918 0.0082 -0.0153 -0.0152
1770392222.2032 -0.0528 0.0153 -0.0457
1770392222.2157 0.0082 -0.1068 -0.0152
1770392222.2279 0.2524 0.0763 0.1374
1770392222.2392 0.0082 0.1068 -0.0457
1770392222.2517 -0.1443 -0.0458 0.1984
1770392222.2639 -0.2359 0.0763 -0.1067
1770392222.2751 -0.3580 -0.0153 0.1374
1770392222.2874 0.0998 0.0153 0.1984
1770392222.2996 -0.2969 0.1678 -0.0762
1770392222.3119 -0.2359 0.0153 0.0153
1770392222.3230 0.0082 0.1068 0.1679
1770392222.3355 -0.2359 0.0458 -0.0457
1770392222.3474 0.1608 0.0153 0.1069
1770392222.3597 0.0082 0.1068 0.0153
1770392222.3709 0.0998 0.0153 -0.1373
1770392222.3833 -0.2054 -0.1068 -0.0762
1770392222.3957 0.0082 -0.0153 0.0153
1770392222.4079 -0.1443 0.0153 0.0458
1770392222.4192 -0.1443 -0.2289 0.0458
1770392222.4319 -0.1749 0.0458 -0.1983
1770392222.4431 0.0388 -0.0763 -0.0762
1770392222.4554 -0.1443 -0.1068 0.0458
1770392222.4676 -0.0528 -0.1068 -0.2593
1770392222.4798 -0.0223 0.0458 -0.1983
1770392222.4910 -0.1749 -0.1984 0.1069
1770392222.5033 0.0693 -0.1678 -0.1373
1770392222.5155 0.0693 -0.0763 0.0458
1770392222.5269 0.0693 -0.0763 0.1069
1770392222.5391 0.0388 0.1984 -0.0762
1770392222.5515 -0.0833 -0.1373 -0.0457
1770392222.5637 0.0693 0.0763 -0.0762
1770392222.5760 -0.0528 0.0763 0.1984
1770392222.5873 -0.1138 -0.1373 0.0764
1770392222.5996 -0.1138 0.0153 0.1984
1770392222.6119 0.0082 0.1984 -0.1067
1770392222.6232 -0.0223 0.0153 -0.1373
1770392222.6355 0.0082 -0.0153 0.0153
1770392222.6478 -0.0833 -0.0458 -0.0152
1770392222.6599 -0.1443 -0.0458 0.1984
1770392222.6712 0.0388 -0.0458 -0.1067
1770392222.6834 -0.0833 0.0458 -0.0762
1770392222.6957 -0.2054 -0.1678 -0.1983
1770392222.7079 -0.0833 0.0153 0.0458
1770392222.7192 0.0693 -0.0763 -0.0152
1770392222.7315 -0.2664 -0.1068 -0.1373
1770392222.7438 -0.1749 0.0763 -0.0457
1770392222.7560 -0.0223 -0.1068 -0.1067
1770392222.7673 -0.2054 -0.0153 -0.0457
1770392222.7798 0.0082 0.0458 0.1679
1770392222.7912 -0.1138 0.0763 -0.1067
1770392222.8034 -0.0833 0.1373 -0.0152
1770392222.8158 -0.1443 0.1373 -0.1678
1770392222.8280 -0.1749 0.1068 -0.1067
1770392222.8392 0.1303 -0.1068 -0.0457
1770392222.8515 0.0388 0.0458 -0.1373
1770392222.8638 -0.0833 -0.0458 0.1374
1770392222.8761 -0.1138 0.2289 0.0153
1770392222.8874 -0.0528 -0.1068 -0.2288
1770392222.8996 -0.2664 0.0153 0.0764
1770392222.9112 0.0082 -0.1373 -0.1983
1770392222.9233 -0.0833 0.1373 -0.1983
1770392222.9356 -0.1443 -0.0153 -0.1983
1770392222.9479 0.0693 0.1373 -0.2288
1770392222.9591 -0.1138 -0.1373 0.0153
1770392222.9714 0.1303 -0.1984 -0.1678
1770392222.9839 -0.1749 -0.0458 -0.1983
1770392222.9955 -0.2969 0.2899 -0.0762
1770392223.0077 -0.1138 -0.1678 -0.0152
1770392223.0199 -0.0833 -0.1068 0.1679
1770392223.0311 0.1913 0.1068 -0.0152
1770392223.0434 -0.1138 -0.1068 0.0764
1770392223.0557 -0.2359 0.0763 0.1374
1770392223.0680 0.0388 0.1678 -0.0762
1770392223.0793 0.0082 -0.1068 0.1069
1770392223.0918 -0.2054 0.0763 -0.0457
1770392223.1034 -0.0833 0.0458 0.1984
1770392223.1158 -0.1138 -0.2289 -0.0152
1770392223.1273 0.0082 0.1373 0.0764
1770392223.1395 -0.0528 -0.0763 -0.0762
1770392223.1519 -0.1443 -0.1068 0.1069
1770392223.1641 -0.2969 0.2594 -0.0152
1770392223.1755 0.0082 0.1068 -0.1067
1770392223.1878 -0.1749 -0.0153 -0.1983
1770392223.1993 0.0082 -0.3510 0.1069
1770392223.2115 -0.2054 -0.1678 -0.0152
1770392223.2236 0.1608 0.0458 0.1984
1770392223.2359 -0.1749 -0.0763 0.0458
1770392223.2472 -0.0833 0.0458 -0.1678
1770392223.2593 -0.1443 -0.1068 -0.0152
1770392223.2715 0.0693 0.1678 0.1679
1770392223.2837 -0.1749 -0.0458 -0.1067
1770392223.2960 -0.1749 -0.0153 0.1984
1770392223.3071 0.0998 0.0153 0.2289
1770392223.3194 -0.2664 0.3510 0.1069
1770392223.3313 0.0388 0.0763 -0.0457
1770392223.3437 -0.0528 0.1984 -0.0457
1770392223.3560 -0.2054 0.1068 0.2595
1770392223.3672 -0.0528 0.1373 0.1984
1770392223.3797 -0.1749 -0.0458 0.1069
1770392223.3921 -0.1138 -0.1068 -0.2288
1770392223.4034 -0.0833 0.1068 0.1374
1770392223.4157 -0.2054 0.1373 -0.0457
1770392223.4280 0.2524 0.3815 0.0458
1770392223.4396 0.0082 -0.0763 -0.0762
1770392223.4518 -0.1749 0.1984 0.1679
1770392223.4633 -0.1138 0.1373 -0.1678
1770392223.4757 -0.1443 0.1373 0.2900
1770392223.4873 -0.1443 0.0458 0.1679
1770392223.4995 0.0388 0.1984 0.0764
1770392223.5118 -0.1749 -0.0458 -0.1067
1770392223.5242 -0.0833 0.0763 -0.1067
