% IR distance logfile
% 1 	Time (sec)
% 2-3 	Distance sensor 1 and 2 (meter)
% 4-5 	Raw AD value for sensor 1 and 2
% 6 	Sensor power on (1=on)
1770391807.0138 1.126 1.5 0 0 0
1770391807.0395 0.777 1.5 0 0 0
1770391807.0645 0.686 1.5 0 0 0
1770391807.0895 0.694 1.5 0 0 0
1770391807.1138 0.899 1.5 0 0 0
1770391807.1389 1.12 1.5 0 0 0
1770391807.1640 1.184 1.5 0 0 0
1770391807.1892 1.096 1.5 0 0 0
1770391807.2145 0.862 1.5 0 0 0
1770391807.2396 0.721 1.5 0 0 0
1770391807.2637 0.717 1.5 0 0 0
1770391807.2888 0.854 1.5 0 0 0
1770391807.3139 1.105 1.5 0 0 0
1770391807.3389 1.055 1.5 0 0 0
1770391807.3641 1.027 1.5 0 0 0
1770391807.3896 0.888 1.5 0 0 0
1770391807.4137 0.773 1.5 0 0 0
1770391807.4397 0.699 1.5 0 0 0
1770391807.4639 0.749 1.5 0 0 0
1770391807.4890 0.878 1.5 0 0 0
1770391807.5143 0.97 1.5 0 0 0
1770391807.5395 1.191 1.5 0 0 0
1770391807.5638 1.022 1.5 0 0 0
1770391807.5896 0.829 1.5 0 0 0
1770391807.6140 0.815 1.5 0 0 0
1770391807.6392 0.776 1.5 0 0 0
1770391807.6645 0.66 1.5 0 0 0
1770391807.6897 0.766 1.5 0 0 0
1770391807.7138 0.874 1.5 0 0 0
1770391807.7388 1.109 1.5 0 0 0
1770391807.7642 1.071 1.5 0 0 0
1770391807.7894 0.96 1.5 0 0 0
1770391807.8146 0.713 1.5 0 0 0
1770391807.8393 0.609 1.5 0 0 0
1770391807.8638 0.557 1.5 0 0 0
1770391807.8893 0.819 1.5 0 0 0
1770391807.9145 0.976 1.5 0 0 0
1770391807.9396 1.033 1.5 0 0 0
1770391807.9638 0.89 1.5 0 0 0
1770391807.9891 0.826 1.5 0 0 0
1770391808.0142 0.736 1.5 0 0 0
1770391808.0391 0.675 1.5 0 0 0
1770391808.0647 0.639 1.5 0 0 0
1770391808.0897 1 1.5 0 0 0
1770391808.1139 1.155 1.5 0 0 0
1770391808.1390 1.111 1.5 0 0 0
1770391808.1642 0.914 1.5 0 0 0
1770391808.1896 0.801 1.5 0 0 0
1770391808.2147 0.748 1.5 0 0 0
1770391808.2388 0.723 1.5 0 0 0
1770391808.2640 0.799 1.5 0 0 0
1770391808.2891 1.101 1.5 0 0 0
1770391808.3144 1.279 1.5 0 0 0
1770391808.3398 1.347 1.5 0 0 0
1770391808.3644 1.013 1.5 0 0 0
1770391808.3896 0.846 1.5 0 0 0
1770391808.4146 0.739 1.5 0 0 0
1770391808.4397 0.72 1.5 0 0 0
1770391808.4639 0.78 1.5 0 0 0
1770391808.4890 0.837 1.5 0 0 0
1770391808.5142 1.034 1.5 0 0 0
1770391808.5393 1.042 1.5 0 0 0
1770391808.5644 0.936 1.5 0 0 0
1770391808.5894 0.853 1.5 0 0 0
1770391808.6146 0.83 1.5 0 0 0
1770391808.6397 0.709 1.5 0 0 0
1770391808.6649 0.864 1.5 0 0 0
1770391808.6889 1.064 1.5 0 0 0
1770391808.7142 1.022 1.5 0 0 0
1770391808.7393 0.944 1.5 0 0 0
1770391808.7646 0.834 1.5 0 0 0
1770391808.7893 0.76 1.5 0 0 0
1770391808.8148 0.789 1.5 0 0 0
1770391808.8390 0.897 1.5 0 0 0
1770391808.8644 0.992 1.5 0 0 0
1770391808.8898 1.061 1.5 0 0 0
1770391808.9140 1.215 1.5 0 0 0
1770391808.9391 0.842 1.5 0 0 0
1770391808.9644 0.726 1.5 0 0 0
1770391808.9898 0.601 1.5 0 0 0
1770391809.0139 0.712 1.5 0 0 0
1770391809.0394 0.872 1.5 0 0 0
1770391809.0639 0.968 1.5 0 0 0
1770391809.0890 0.969 1.5 0 0 0
1770391809.1142 0.884 1.5 0 0 0
1770391809.1393 0.747 1.5 0 0 0
1770391809.1647 0.68 1.5 0 0 0
1770391809.1892 0.644 1.5 0 0 0
1770391809.2146 0.984 1.5 0 0 0
1770391809.2398 1.462 1.5 0 0 0
1770391809.2640 1.5 1.5 0 0 0
1770391809.2893 1.5 1.5 0 0 0
1770391809.3146 1.5 1.5 0 0 0
1770391809.3390 0.948 1.5 0 0 0
1770391809.3646 0.738 1.5 0 0 0
1770391809.3899 0.598 1.5 0 0 0
1770391809.4142 0.558 1.5 0 0 0
1770391809.4394 0.567 1.5 0 0 0
1770391809.4649 0.581 1.5 0 0 0
1770391809.4890 0.67 1.5 0 0 0
1770391809.5144 0.67 1.5 0 0 0
1770391809.5396 0.539 1.5 0 0 0
1770391809.5639 0.403 1.5 0 0 0
1770391809.5898 0.348 1.5 0 0 0
1770391809.6141 0.324 1.5 0 0 0
1770391809.6393 0.326 1.5 0 0 0
1770391809.6646 0.332 1.5 0 0 0
1770391809.6898 0.385 1.5 0 0 0
1770391809.7139 0.376 1.5 0 0 0
1770391809.7391 0.327 1.5 0 0 0
1770391809.7645 0.351 1.5 0 0 0
1770391809.7896 0.38 1.5 0 0 0
1770391809.8149 0.436 1.5 0 0 0
1770391809.8389 0.573 1.5 0 0 0
1770391809.8644 0.661 1.5 0 0 0
1770391809.8900 0.622 1.5 0 0 0
1770391809.9147 0.552 1.5 0 0 0
1770391809.9394 0.513 1.5 0 0 0
1770391809.9646 0.533 1.5 0 0 0
1770391809.9890 0.565 1.5 0 0 0
1770391810.0143 0.59 1.5 0 0 0
1770391810.0392 0.741 1.5 0 0 0
1770391810.0646 0.873 1.5 0 0 0
1770391810.0898 0.91 1.5 0 0 0
1770391810.1149 0.837 1.5 0 0 0
1770391810.1400 0.779 1.5 0 0 0
1770391810.1643 0.772 1.5 0 0 0
1770391810.1900 0.746 1.5 0 0 0
1770391810.2142 0.727 1.5 0 0 0
1770391810.2393 1.133 1.5 0 0 0
1770391810.2647 1.156 1.5 0 0 0
1770391810.2899 1.091 1.5 0 0 0
1770391810.3150 1.044 1.5 0 0 0
1770391810.3401 0.932 1.5 0 0 0
1770391810.3652 0.755 1.5 0 0 0
1770391810.3900 0.645 1.5 0 0 0
1770391810.4152 0.696 1.5 0 0 0
1770391810.4399 0.947 1.5 0 0 0
1770391810.4652 1.055 1.5 0 0 0
1770391810.4905 1.024 1.5 0 0 0
1770391810.5153 0.83 1.5 0 0 0
1770391810.5397 0.782 1.5 0 0 0
1770391810.5653 0.763 1.5 0 0 0
1770391810.5906 0.943 1.5 0 0 0
1770391810.6151 1.101 1.5 0 0 0
1770391810.6402 1.229 1.5 0 0 0
1770391810.6655 1.027 1.5 0 0 0
1770391810.6897 0.959 1.5 0 0 0
1770391810.7149 0.837 1.5 0 0 0
1770391810.7401 0.738 1.5 0 0 0
1770391810.7654 0.745 1.5 0 0 0
1770391810.7904 1.036 1.5 0 0 0
1770391810.8156 1.288 1.5 0 0 0
1770391810.8407 1.332 1.5 0 0 0
1770391810.8649 0.994 1.5 0 0 0
1770391810.8900 0.833 1.5 0 0 0
1770391810.9152 0.747 1.5 0 0 0
1770391810.9403 0.666 1.5 0 0 0
1770391810.9655 0.707 1.5 0 0 0
1770391810.9899 0.783 1.5 0 0 0
1770391811.0152 1.07 1.5 0 0 0
1770391811.0404 1.235 1.5 0 0 0
1770391811.0657 0.99 1.5 0 0 0
1770391811.0899 0.875 1.5 0 0 0
1770391811.1156 0.773 1.5 0 0 0
1770391811.1401 0.615 1.5 0 0 0
1770391811.1649 0.703 1.5 0 0 0
1770391811.1898 0.808 1.5 0 0 0
1770391811.2155 1.044 1.5 0 0 0
1770391811.2401 1.051 1.5 0 0 0
1770391811.2648 0.997 1.5 0 0 0
1770391811.2904 0.88 1.5 0 0 0
1770391811.3150 0.811 1.5 0 0 0
1770391811.3406 0.709 1.5 0 0 0
1770391811.3648 0.845 1.5 0 0 0
1770391811.3899 0.995 1.5 0 0 0
1770391811.4148 1.159 1.5 0 0 0
1770391811.4403 1.21 1.5 0 0 0
1770391811.4648 1.132 1.5 0 0 0
1770391811.4904 0.864 1.5 0 0 0
1770391811.5151 0.727 1.5 0 0 0
1770391811.5398 0.653 1.5 0 0 0
1770391811.5656 1.114 1.5 0 0 0
1770391811.5904 1.411 1.5 0 0 0
1770391811.6150 1.445 1.5 0 0 0
1770391811.6398 1.008 1.5 0 0 0
1770391811.6655 0.89 1.5 0 0 0
1770391811.6901 0.873 1.5 0 0 0
1770391811.7154 0.88 1.5 0 0 0
1770391811.7400 0.879 1.5 0 0 0
1770391811.7655 1.114 1.5 0 0 0
1770391811.7902 1.5 1.5 0 0 0
1770391811.8151 1.5 1.5 0 0 0
1770391811.8397 1.5 1.5 0 0 0
1770391811.8653 1.5 1.5 0 0 0
1770391811.8902 1.5 1.5 0 0 0
1770391811.9149 1.5 1.5 0 0 0
1770391811.9409 1.5 1.5 0 0 0
1770391811.9653 1.5 1.5 0 0 0
1770391811.9904 0.959 1.5 0 0 0
1770391812.0153 0.672 1.5 0 0 0
1770391812.0403 0.439 1.5 0 0 0
1770391812.0650 0.399 1.5 0 0 0
1770391812.0902 0.382 1.5 0 0 0
1770391812.1155 0.414 1.5 0 0 0
1770391812.1406 0.481 1.5 0 0 0
1770391812.1650 0.577 1.5 0 0 0
1770391812.1903 0.672 1.5 0 0 0
1770391812.2157 0.633 1.5 0 0 0
1770391812.2402 0.536 1.5 0 0 0
1770391812.2651 0.466 1.5 0 0 0
1770391812.2903 0.449 1.5 0 0 0
1770391812.3156 0.485 1.5 0 0 0
1770391812.3407 0.563 1.5 0 0 0
1770391812.3649 0.646 1.5 0 0 0
1770391812.3901 0.627 1.428 0 0 0
1770391812.4153 0.577 1.224 0 0 0
1770391812.4403 0.506 1.457 0 0 0
1770391812.4656 0.501 1.495 0 0 0
1770391812.4908 0.513 1.226 0 0 0
1770391812.5150 0.55 1.397 0 0 0
1770391812.5401 0.742 1.493 0 0 0
1770391812.5655 0.925 1.318 0 0 0
1770391812.5909 1.162 1.202 0 0 0
1770391812.6150 1.232 1.352 0 0 0
1770391812.6401 1.285 1.466 0 0 0
1770391812.6654 1.092 1.361 0 0 0
1770391812.6905 1.396 1.36 0 0 0
1770391812.7157 1.5 1.288 0 0 0
1770391812.7407 1.5 1.382 0 0 0
1770391812.7649 1.5 1.408 0 0 0
1770391812.7903 1.5 1.37 0 0 0
1770391812.8155 0.995 1.42 0 0 0
1770391812.8407 0.764 1.344 0 0 0
1770391812.8650 0.612 1.5 0 0 0
1770391812.8900 0.511 1.5 0 0 0
1770391812.9153 0.462 0.999 0 0 0
1770391812.9404 0.457 0.36 0 0 0
1770391812.9659 0.461 0.121 0 0 0
1770391812.9906 0.471 0.088 0 0 0
1770391813.0161 0.442 0.074 0 0 0
1770391813.0412 0.425 0.071 0 0 0
1770391813.0655 0.408 0.071 0 0 0
1770391813.0907 0.433 0.154 0 0 0
1770391813.1158 0.473 0.279 0 0 0
1770391813.1408 0.536 0.826 0 0 0
1770391813.1652 0.55 1.5 0 0 0
1770391813.1904 0.527 1.5 0 0 0
1770391813.2156 0.489 1.5 0 0 0
1770391813.2409 0.445 1.5 0 0 0
1770391813.2651 0.425 1.5 0 0 0
1770391813.2903 0.494 1.5 0 0 0
1770391813.3154 0.534 1.5 0 0 0
1770391813.3407 0.564 1.5 0 0 0
1770391813.3651 0.546 1.5 0 0 0
1770391813.3908 0.501 1.5 0 0 0
1770391813.4154 0.435 1.5 0 0 0
1770391813.4408 0.424 1.5 0 0 0
1770391813.4654 0.439 1.5 0 0 0
1770391813.4906 0.508 1.5 0 0 0
1770391813.5157 0.566 1.5 0 0 0
1770391813.5407 0.574 1.5 0 0 0
1770391813.5659 0.499 1.5 0 0 0
1770391813.5914 0.457 1.5 0 0 0
1770391813.6156 0.443 1.5 0 0 0
1770391813.6407 0.415 1.5 0 0 0
1770391813.6661 0.425 1.5 0 0 0
1770391813.6912 0.443 1.5 0 0 0
1770391813.7159 0.498 1.5 0 0 0
1770391813.7410 0.524 1.5 0 0 0
1770391813.7663 0.492 1.5 0 0 0
1770391813.7913 0.463 1.5 0 0 0
1770391813.8159 0.437 1.5 0 0 0
1770391813.8412 0.412 1.5 0 0 0
1770391813.8656 0.448 1.5 0 0 0
1770391813.8908 0.477 1.5 0 0 0
1770391813.9164 0.584 1.5 0 0 0
1770391813.9415 0.558 1.5 0 0 0
1770391813.9656 0.518 1.5 0 0 0
1770391813.9909 0.444 1.5 0 0 0
1770391828.2713 0.428 1.5 0 0 0
1770391828.2956 0.469 1.5 0 0 0
1770391828.3210 0.521 1.5 0 0 0
1770391828.3455 0.549 1.5 0 0 0
1770391828.3708 0.548 1.5 0 0 0
1770391828.3959 0.499 1.5 0 0 0
1770391828.4207 0.464 1.5 0 0 0
1770391828.4457 0.439 1.5 0 0 0
1770391828.4712 0.436 1.5 0 0 0
1770391828.4964 0.492 1.5 0 0 0
1770391828.5209 0.543 1.5 0 0 0
1770391828.5464 0.568 1.5 0 0 0
1770391828.5707 0.523 1.5 0 0 0
1770391828.5959 0.488 1.5 0 0 0
1770391828.6212 0.449 1.5 0 0 0
1770391828.6461 0.43 1.5 0 0 0
1770391828.6705 0.398 1.5 0 0 0
1770391828.6954 0.483 1.5 0 0 0
1770391828.7207 0.557 1.5 0 0 0
1770391828.7461 0.6 1.5 0 0 0
1770391828.7704 0.532 1.5 0 0 0
1770391828.7961 0.479 1.5 0 0 0
1770391828.8213 0.438 1.5 0 0 0
1770391828.8456 0.476 1.5 0 0 0
1770391828.8710 0.539 1.5 0 0 0
1770391828.8964 0.74 1.5 0 0 0
1770391828.9215 0.831 1.5 0 0 0
1770391828.9457 0.83 1.5 0 0 0
1770391828.9709 0.817 1.5 0 0 0
1770391828.9955 0.936 1.5 0 0 0
1770391829.0209 1.5 1.5 0 0 0
1770391829.0464 1.082 1.5 0 0 0
1770391829.0706 0.804 1.5 0 0 0
1770391829.0957 0.511 1.5 0 0 0
1770391829.1209 0.491 1.5 0 0 0
1770391829.1462 0.486 1.5 0 0 0
1770391829.1713 0.429 1.5 0 0 0
1770391829.1962 0.367 1.5 0 0 0
1770391829.2204 0.316 1.5 0 0 0
1770391829.2456 0.338 1.5 0 0 0
1770391829.2710 0.402 1.5 0 0 0
1770391829.2961 0.543 1.5 0 0 0
1770391829.3212 0.806 1.5 0 0 0
1770391829.3455 1.044 1.5 0 0 0
1770391829.3705 1.171 1.5 0 0 0
1770391829.3961 0.96 1.5 0 0 0
1770391829.4213 0.798 1.5 0 0 0
1770391829.4465 0.746 1.5 0 0 0
1770391829.4705 0.932 1.5 0 0 0
1770391829.4958 1.215 1.5 0 0 0
1770391829.5208 1.285 1.5 0 0 0
1770391829.5459 1.285 1.5 0 0 0
1770391829.5713 1.292 1.5 0 0 0
1770391829.5959 1.357 1.5 0 0 0
1770391829.6210 1.226 1.5 0 0 0
1770391829.6462 0.805 1.5 0 0 0
1770391829.6715 1.5 1.5 0 0 0
1770391829.6957 1.5 1.5 0 0 0
1770391829.7209 1.5 1.5 0 0 0
1770391829.7465 1.5 1.5 0 0 0
1770391829.7710 1.353 1.5 0 0 0
1770391829.7956 1.011 1.5 0 0 0
1770391829.8208 0.797 1.5 0 0 0
1770391829.8462 0.67 1.5 0 0 0
1770391829.8713 0.73 1.5 0 0 0
1770391829.8956 0.769 1.5 0 0 0
1770391829.9207 0.818 1.5 0 0 0
1770391829.9464 0.732 1.5 0 0 0
1770391829.9706 0.702 1.5 0 0 0
1770391829.9961 0.703 1.5 0 0 0
1770391830.0212 0.72 1.5 0 0 0
1770391830.0464 0.713 1.5 0 0 0
1770391830.0716 1.009 1.5 0 0 0
1770391830.0959 1.117 1.5 0 0 0
1770391830.1211 1.032 1.5 0 0 0
1770391830.1465 0.904 1.5 0 0 0
1770391830.1707 0.793 1.5 0 0 0
1770391830.1959 0.714 1.5 0 0 0
1770391830.2211 0.636 1.5 0 0 0
1770391830.2465 0.65 1.5 0 0 0
1770391830.2706 1.023 1.5 0 0 0
1770391830.2958 1.343 1.5 0 0 0
1770391830.3209 1.5 1.5 0 0 0
1770391830.3463 1.054 1.5 0 0 0
1770391830.3715 0.895 1.5 0 0 0
1770391830.3959 0.783 1.5 0 0 0
1770391830.4210 0.74 1.5 0 0 0
1770391830.4463 0.849 1.5 0 0 0
1770391830.4710 1.021 1.5 0 0 0
1770391830.4967 1.2 1.5 0 0 0
1770391830.5220 1.084 1.5 0 0 0
1770391830.5465 0.799 1.5 0 0 0
1770391830.5707 0.714 1.5 0 0 0
1770391830.5968 0.695 1.5 0 0 0
1770391830.6213 0.678 1.5 0 0 0
1770391830.6466 0.819 1.5 0 0 0
1770391830.6722 0.974 1.5 0 0 0
1770391830.6971 0.889 1.5 0 0 0
1770391830.7217 0.763 1.5 0 0 0
1770391830.7466 0.625 1.5 0 0 0
1770391830.7718 0.575 1.5 0 0 0
1770391830.7969 0.573 1.5 0 0 0
1770391830.8213 0.612 1.5 0 0 0
1770391830.8468 0.732 1.5 0 0 0
1770391830.8722 0.808 1.5 0 0 0
1770391830.8968 0.979 1.5 0 0 0
1770391830.9215 0.804 1.5 0 0 0
1770391830.9471 0.715 1.5 0 0 0
1770391830.9718 0.711 1.5 0 0 0
1770391830.9966 0.719 1.5 0 0 0
1770391831.0218 0.714 1.5 0 0 0
1770391831.0471 0.938 1.5 0 0 0
1770391831.0713 1.034 1.5 0 0 0
1770391831.0966 0.954 1.5 0 0 0
1770391831.1221 0.845 1.5 0 0 0
1770391831.1464 0.749 1.5 0 0 0
1770391831.1716 0.67 1.5 0 0 0
1770391831.1970 0.64 1.5 0 0 0
1770391831.2222 0.636 1.5 0 0 0
1770391831.2466 0.901 1.5 0 0 0
1770391831.2717 0.969 1.5 0 0 0
1770391831.2971 0.972 1.5 0 0 0
1770391831.3214 0.646 1.5 0 0 0
1770391831.3467 0.637 1.5 0 0 0
1770391831.3719 0.654 1.5 0 0 0
1770391831.3972 0.727 1.5 0 0 0
1770391831.4214 0.833 1.5 0 0 0
1770391831.4468 1.098 1.5 0 0 0
1770391831.4721 0.954 1.5 0 0 0
1770391831.4964 0.835 1.5 0 0 0
1770391831.5217 0.761 1.5 0 0 0
1770391831.5469 0.678 1.5 0 0 0
1770391831.5722 0.648 1.5 0 0 0
1770391831.5973 0.727 1.5 0 0 0
1770391831.6220 0.854 1.5 0 0 0
1770391831.6469 0.996 1.5 0 0 0
1770391831.6720 1.005 1.5 0 0 0
1770391831.6971 0.924 1.5 0 0 0
1770391831.7226 0.753 1.5 0 0 0
1770391831.7465 0.68 0.506 0 0 0
1770391831.7720 0.651 0.44 0 0 0
1770391831.7970 0.727 0.433 0 0 0
1770391831.8214 0.911 0.791 0 0 0
1770391831.8474 1.056 1.5 0 0 0
1770391831.8718 1.131 1.5 0 0 0
1770391831.8970 0.93 1.5 0 0 0
1770391831.9215 0.816 1.5 0 0 0
1770391831.9467 0.708 1.5 0 0 0
1770391831.9721 0.757 1.5 0 0 0
1770391831.9964 0.835 1.5 0 0 0
1770391832.0220 1.193 1.5 0 0 0
1770391832.0464 1.5 1.5 0 0 0
1770391832.0717 1.5 1.5 0 0 0
1770391832.0973 0.958 1.5 0 0 0
1770391832.1214 0.762 1.5 0 0 0
1770391832.1469 0.671 1.5 0 0 0
1770391832.1723 0.763 1.5 0 0 0
1770391832.1968 0.89 1.5 0 0 0
1770391832.2220 1.137 1.5 0 0 0
1770391832.2474 1.098 1.5 0 0 0
1770391832.2717 0.998 1.5 0 0 0
1770391832.2969 0.784 1.5 0 0 0
1770391832.3222 0.747 1.5 0 0 0
1770391832.3468 0.717 1.5 0 0 0
1770391832.3714 0.958 1.5 0 0 0
1770391832.3970 1.264 1.5 0 0 0
1770391832.4215 1.5 1.5 0 0 0
1770391832.4472 1.5 1.5 0 0 0
1770391832.4717 1.456 1.5 0 0 0
1770391832.4974 0.956 1.5 0 0 0
1770391832.5220 0.767 1.5 0 0 0
1770391832.5466 0.665 1.5 0 0 0
1770391832.5716 0.701 1.5 0 0 0
1770391832.5982 0.792 1.5 0 0 0
1770391832.6223 0.9 1.5 0 0 0
1770391832.6474 0.843 1.5 0 0 0
1770391832.6723 0.777 1.5 0 0 0
1770391832.6964 0.582 1.5 0 0 0
1770391832.7216 0.575 1.5 0 0 0
1770391832.7469 0.569 1.5 0 0 0
1770391832.7721 0.612 1.5 0 0 0
1770391832.7976 0.766 1.5 0 0 0
1770391832.8221 0.928 1.5 0 0 0
1770391832.8474 1.029 1.5 0 0 0
1770391832.8717 0.93 1.5 0 0 0
1770391832.8970 0.814 1.5 0 0 0
1770391832.9223 0.684 1.5 0 0 0
1770391832.9478 0.709 1.5 0 0 0
1770391832.9715 0.818 1.5 0 0 0
1770391832.9970 1.032 1.323 0 0 0
1770391833.0223 1.205 1.17 0 0 0
1770391833.0468 1.321 1.5 0 0 0
1770391833.0724 1.022 1.5 0 0 0
1770391833.0967 0.805 1.163 0 0 0
1770391833.1215 0.688 1.118 0 0 0
1770391833.1470 0.715 1.014 0 0 0
1770391833.1725 0.783 1.012 0 0 0
1770391833.1968 1.215 1.046 0 0 0
1770391833.2221 1.382 1.213 0 0 0
1770391833.2475 1.204 1.5 0 0 0
1770391833.2718 0.984 1.5 0 0 0
1770391833.2973 0.912 1.5 0 0 0
1770391833.3218 0.833 1.5 0 0 0
1770391833.3472 0.748 1.5 0 0 0
1770391833.3720 0.69 1.5 0 0 0
1770391833.3966 0.812 1.5 0 0 0
1770391833.4220 1.019 1.5 0 0 0
1770391833.4472 1.153 1.5 0 0 0
1770391833.4726 0.975 1.5 0 0 0
1770391833.4968 0.82 1.5 0 0 0
1770391833.5222 0.711 1.5 0 0 0
1770391833.5474 0.683 1.5 0 0 0
1770391833.5717 0.799 1.5 0 0 0
1770391833.5972 1.16 1.5 0 0 0
1770391833.6226 1.32 1.5 0 0 0
1770391833.6468 1.344 1.5 0 0 0
1770391833.6721 0.897 1.5 0 0 0
1770391833.6974 0.749 1.5 0 0 0
1770391833.7218 0.65 1.5 0 0 0
1770391833.7472 0.839 1.5 0 0 0
1770391833.7725 0.996 1.5 0 0 0
1770391833.7972 1.081 1.5 0 0 0
1770391833.8226 1.224 1.5 0 0 0
1770391833.8473 1.067 1.5 0 0 0
1770391833.8727 0.839 1.5 0 0 0
1770391833.8970 0.727 1.5 0 0 0
1770391833.9226 0.808 1.5 0 0 0
1770391833.9479 1.5 1.5 0 0 0
1770391833.9722 1.5 1.5 0 0 0
1770391833.9976 1.5 1.5 0 0 0
1770391834.0230 0.675 1.5 0 0 0
1770391834.0481 0.516 1.5 0 0 0
1770391834.0723 0.436 1.5 0 0 0
1770391834.0976 0.52 1.5 0 0 0
1770391834.1228 0.608 1.5 0 0 0
1770391834.1481 0.711 1.5 0 0 0
1770391834.1725 0.727 1.5 0 0 0
1770391834.1972 0.744 1.5 0 0 0
1770391834.2226 0.847 1.5 0 0 0
1770391834.2479 0.704 1.5 0 0 0
1770391834.2723 0.649 1.5 0 0 0
1770391834.2976 0.754 1.5 0 0 0
1770391834.3230 0.896 1.5 0 0 0
1770391834.3482 0.982 1.5 0 0 0
1770391834.3725 0.952 1.5 0 0 0
1770391834.3975 0.968 1.5 0 0 0
1770391834.4230 0.941 1.5 0 0 0
1770391834.4474 0.706 1.262 0 0 0
1770391834.4727 0.661 0.585 0 0 0
1770391834.4975 0.743 0.633 0 0 0
1770391834.5229 0.932 1.203 0 0 0
1770391834.5482 1.056 1.374 0 0 0
1770391834.5726 0.928 1.216 0 0 0
1770391834.5981 0.896 1.5 0 0 0
1770391834.6223 0.896 1.5 0 0 0
1770391834.6479 0.606 1.5 0 0 0
1770391834.6726 0.529 1.5 0 0 0
1770391834.6978 0.48 1.5 0 0 0
1770391834.7230 0.52 1.5 0 0 0
1770391834.7476 0.618 1.5 0 0 0
1770391834.7728 0.87 1.5 0 0 0
1770391834.7974 0.738 1.5 0 0 0
1770391834.8226 0.581 1.5 0 0 0
1770391834.8478 0.423 1.5 0 0 0
1770391834.8730 0.362 1.5 0 0 0
1770391834.8982 0.341 1.5 0 0 0
1770391834.9235 0.335 1.5 0 0 0
1770391834.9478 0.391 1.5 0 0 0
1770391834.9731 0.48 1.5 0 0 0
1770391834.9976 0.533 1.5 0 0 0
1770391835.0228 0.548 1.5 0 0 0
1770391835.0480 0.521 1.5 0 0 0
1770391835.0731 0.639 1.5 0 0 0
1770391835.0983 0.704 1.5 0 0 0
1770391835.1224 0.781 1.5 0 0 0
1770391835.1478 0.955 1.5 0 0 0
1770391835.1731 1.054 1.5 0 0 0
1770391835.1986 0.996 1.5 0 0 0
1770391835.2228 0.866 1.5 0 0 0
1770391835.2480 0.8 1.5 0 0 0
1770391835.2733 0.81 1.5 0 0 0
1770391835.2985 0.777 1.5 0 0 0
1770391835.3227 0.696 1.5 0 0 0
1770391835.3481 0.795 1.5 0 0 0
1770391835.3733 0.851 1.5 0 0 0
1770391835.3976 0.812 1.5 0 0 0
1770391835.4229 0.663 1.5 0 0 0
1770391835.4480 0.6 1.5 0 0 0
1770391835.4733 0.691 1.5 0 0 0
1770391835.4985 0.734 1.5 0 0 0
1770391835.5226 0.754 1.5 0 0 0
1770391835.5480 0.905 1.5 0 0 0
1770391835.5734 0.888 1.5 0 0 0
1770391835.5991 0.844 1.5 0 0 0
1770391835.6233 0.611 1.5 0 0 0
1770391835.6487 0.622 1.5 0 0 0
1770391835.6763 0.679 1.5 0 0 0
1770391835.6982 0.766 1.5 0 0 0
1770391835.7234 0.823 1.5 0 0 0
1770391835.7486 0.902 1.5 0 0 0
1770391835.7730 0.842 1.5 0 0 0
1770391835.7986 0.751 1.5 0 0 0
1770391835.8231 0.621 1.5 0 0 0
1770391835.8484 0.66 1.5 0 0 0
1770391835.8731 0.738 1.5 0 0 0
1770391835.8983 0.762 1.5 0 0 0
1770391835.9236 0.833 1.5 0 0 0
1770391835.9490 0.924 1.5 0 0 0
1770391835.9732 0.805 1.5 0 0 0
1770391835.9988 0.732 1.5 0 0 0
1770391836.0241 0.625 1.5 0 0 0
1770391836.0482 0.682 1.5 0 0 0
1770391836.0734 0.696 1.5 0 0 0
1770391836.0988 0.679 1.5 0 0 0
1770391836.1241 0.797 1.5 0 0 0
1770391836.1483 0.9 1.5 0 0 0
1770391836.1734 0.856 1.5 0 0 0
1770391836.1988 0.742 1.5 0 0 0
1770391836.2242 0.666 1.5 0 0 0
1770391836.2484 0.668 1.5 0 0 0
1770391836.2737 0.697 1.5 0 0 0
1770391836.2992 0.708 1.5 0 0 0
1770391836.3236 0.835 1.5 0 0 0
1770391836.3489 0.929 1.5 0 0 0
1770391836.3743 0.929 1.5 0 0 0
1770391836.3987 0.684 1.5 0 0 0
1770391836.4240 0.57 1.5 0 0 0
1770391836.4493 0.685 1.5 0 0 0
1770391836.4735 0.747 1.5 0 0 0
1770391836.4988 0.794 1.5 0 0 0
1770391836.5241 0.904 1.5 0 0 0
1770391836.5485 0.856 1.5 0 0 0
1770391836.5742 0.756 1.5 0 0 0
1770392020.4411 0.632 1.5 0 0 0
1770392020.4653 0.623 1.5 0 0 0
1770392020.4906 0.75 1.5 0 0 0
1770392020.5157 0.788 1.5 0 0 0
1770392020.5410 0.784 1.5 0 0 0
1770392020.5653 0.832 1.5 0 0 0
1770392020.5905 0.888 1.5 0 0 0
1770392020.6161 0.877 1.5 0 0 0
1770392020.6406 0.729 1.5 0 0 0
1770392020.6656 0.656 1.5 0 0 0
1770392020.6908 0.608 1.5 0 0 0
1770392020.7156 0.637 1.5 0 0 0
1770392020.7405 0.654 1.5 0 0 0
1770392020.7658 0.738 1.5 0 0 0
1770392020.7911 0.813 1.5 0 0 0
1770392020.8161 0.925 1.5 0 0 0
1770392020.8404 0.788 1.5 0 0 0
1770392020.8655 0.708 1.5 0 0 0
1770392020.8908 0.579 1.5 0 0 0
1770392020.9159 0.632 1.5 0 0 0
1770392020.9411 0.699 1.5 0 0 0
1770392020.9662 0.701 1.5 0 0 0
1770392020.9909 0.703 1.5 0 0 0
1770392021.0159 0.675 1.5 0 0 0
1770392021.0411 0.864 1.5 0 0 0
1770392021.0663 0.86 1.5 0 0 0
1770392021.0905 0.783 1.5 0 0 0
1770392021.1156 0.685 1.5 0 0 0
1770392021.1407 0.659 1.5 0 0 0
1770392021.1658 0.674 1.5 0 0 0
1770392021.1906 0.695 1.5 0 0 0
1770392021.2158 0.736 1.5 0 0 0
1770392021.2412 0.873 1.5 0 0 0
1770392021.2662 0.952 1.5 0 0 0
1770392021.2913 0.94 1.5 0 0 0
1770392021.3163 0.675 1.5 0 0 0
1770392021.3404 0.636 1.5 0 0 0
1770392021.3656 0.625 1.5 0 0 0
1770392021.3910 0.754 1.5 0 0 0
1770392021.4161 0.787 1.5 0 0 0
1770392021.4413 0.781 1.5 0 0 0
1770392021.4664 0.832 1.5 0 0 0
1770392021.4907 0.889 1.5 0 0 0
1770392021.5161 0.876 1.5 0 0 0
1770392021.5413 0.706 1.5 0 0 0
1770392021.5665 0.625 1.5 0 0 0
1770392021.5907 0.623 1.5 0 0 0
1770392021.6159 0.635 1.5 0 0 0
1770392021.6413 0.624 1.5 0 0 0
1770392021.6657 0.755 1.5 0 0 0
1770392021.6910 0.841 1.5 0 0 0
1770392021.7155 0.933 1.5 0 0 0
1770392021.7410 0.759 1.5 0 0 0
1770392021.7660 0.683 1.5 0 0 0
1770392021.7913 0.598 1.5 0 0 0
1770392021.8156 0.663 1.5 0 0 0
1770392021.8408 0.741 1.5 0 0 0
1770392021.8659 0.748 1.5 0 0 0
1770392021.8910 0.775 1.5 0 0 0
1770392021.9156 0.757 1.5 0 0 0
1770392021.9407 0.9 1.5 0 0 0
1770392021.9658 0.833 1.5 0 0 0
1770392021.9915 0.741 1.5 0 0 0
1770392022.0156 0.7 1.5 0 0 0
1770392022.0408 0.697 1.5 0 0 0
1770392022.0660 0.722 1.5 0 0 0
1770392022.0911 0.744 1.5 0 0 0
1770392022.1160 0.801 1.5 0 0 0
1770392022.1411 0.89 1.5 0 0 0
1770392022.1662 0.953 1.5 0 0 0
1770392022.1913 0.943 1.5 0 0 0
1770392022.2165 0.662 1.5 0 0 0
1770392022.2416 0.634 1.5 0 0 0
1770392022.2657 0.623 1.5 0 0 0
1770392022.2909 0.783 1.5 0 0 0
1770392022.3171 0.859 1.5 0 0 0
1770392022.3413 0.888 1.5 0 0 0
1770392022.3665 0.929 1.5 0 0 0
1770392022.3919 0.931 1.5 0 0 0
1770392022.4161 0.798 1.5 0 0 0
1770392022.4415 0.674 1.5 0 0 0
1770392022.4667 0.62 1.5 0 0 0
1770392022.4920 0.621 1.5 0 0 0
1770392022.5170 0.659 1.5 0 0 0
1770392022.5411 0.661 1.5 0 0 0
1770392022.5662 0.783 1.5 0 0 0
1770392022.5915 0.845 1.5 0 0 0
1770392022.6167 0.927 1.5 0 0 0
1770392022.6419 0.725 1.5 0 0 0
1770392022.6669 0.637 1.5 0 0 0
1770392022.6921 0.569 1.5 0 0 0
1770392022.7171 0.655 1.5 0 0 0
1770392022.7414 0.744 1.5 0 0 0
1770392022.7665 0.785 1.5 0 0 0
1770392022.7915 0.8 1.5 0 0 0
1770392022.8170 0.763 1.5 0 0 0
1770392022.8411 0.905 1.5 0 0 0
1770392022.8661 0.81 1.5 0 0 0
1770392022.8913 0.704 1.5 0 0 0
1770392022.9165 0.658 1.5 0 0 0
1770392022.9417 0.661 1.5 0 0 0
1770392022.9667 0.708 1.5 0 0 0
1770392022.9911 0.765 1.5 0 0 0
1770392023.0162 0.853 1.5 0 0 0
1770392023.0415 0.96 1.5 0 0 0
1770392023.0667 0.986 1.5 0 0 0
1770392023.0920 0.952 1.5 0 0 0
1770392023.1162 0.637 1.5 0 0 0
1770392023.1414 0.633 1.5 0 0 0
1770392023.1663 0.656 1.5 0 0 0
1770392023.1921 0.804 1.5 0 0 0
1770392023.2162 0.841 1.5 0 0 0
1770392023.2413 0.836 1.5 0 0 0
1770392023.2673 0.902 1.5 0 0 0
1770392023.2914 0.926 1.5 0 0 0
1770392023.3164 0.795 1.5 0 0 0
1770392023.3416 0.673 1.5 0 0 0
1770392023.3672 0.624 1.5 0 0 0
1770392023.3914 0.65 1.5 0 0 0
1770392023.4166 0.658 1.5 0 0 0
1770392023.4418 0.629 1.5 0 0 0
1770392023.4670 0.803 1.5 0 0 0
1770392023.4913 0.881 1.5 0 0 0
1770392023.5164 0.938 1.5 0 0 0
1770392023.5416 0.7 1.5 0 0 0
1770392023.5667 0.621 1.5 0 0 0
1770392023.5919 0.586 1.5 0 0 0
1770392023.6170 0.667 1.5 0 0 0
1770392023.6422 0.745 1.5 0 0 0
1770392023.6663 0.787 1.5 0 0 0
1770392023.6915 0.828 1.5 0 0 0
1770392023.7165 0.81 1.5 0 0 0
1770392023.7416 0.829 1.5 0 0 0
1770392023.7667 0.718 1.5 0 0 0
1770392023.7920 0.625 1.5 0 0 0
1770392023.8171 0.687 1.5 0 0 0
1770392023.8423 0.712 1.5 0 0 0
1770392023.8666 0.725 1.5 0 0 0
1770392023.8918 0.744 1.5 0 0 0
1770392023.9171 0.8 1.5 0 0 0
1770392023.9423 0.891 1.5 0 0 0
1770392023.9664 0.874 1.5 0 0 0
1770392023.9919 0.824 1.5 0 0 0
1770392024.0170 0.619 1.5 0 0 0
1770392024.0423 0.658 1.5 0 0 0
1770392024.0663 0.721 1.5 0 0 0
1770392024.0914 0.837 1.5 0 0 0
1770392024.1164 0.873 1.5 0 0 0
1770392024.1417 0.894 1.5 0 0 0
1770392024.1668 0.927 1.5 0 0 0
1770392024.1914 0.915 1.5 0 0 0
1770392024.2172 0.758 1.5 0 0 0
1770392024.2422 0.655 1.5 0 0 0
1770392024.2668 0.622 1.5 0 0 0
1770392024.2922 0.677 1.5 0 0 0
1770392024.3165 0.698 1.5 0 0 0
1770392024.3420 0.673 1.5 0 0 0
1770392024.3673 0.827 1.5 0 0 0
1770392024.3918 0.887 1.5 0 0 0
1770392024.4169 0.938 1.5 0 0 0
1770392024.4421 0.654 1.5 0 0 0
1770392024.4672 0.581 1.5 0 0 0
1770392024.4916 0.575 1.5 0 0 0
1770392024.5170 0.644 1.5 0 0 0
1770392024.5415 0.71 1.5 0 0 0
1770392024.5664 0.776 1.5 0 0 0
1770392024.5917 0.823 1.5 0 0 0
1770392024.6165 0.811 1.5 0 0 0
1770392024.6423 0.789 1.5 0 0 0
1770392024.6669 0.682 1.5 0 0 0
1770392024.6915 0.595 1.5 0 0 0
1770392024.7169 0.7 1.5 0 0 0
1770392024.7419 0.737 1.5 0 0 0
1770392024.7663 0.731 1.5 0 0 0
1770392024.7921 0.776 1.5 0 0 0
1770392024.8171 0.845 1.5 0 0 0
1770392024.8416 0.907 1.5 0 0 0
1770392024.8672 0.843 1.5 0 0 0
1770392024.8923 0.78 1.5 0 0 0
1770392024.9167 0.61 1.5 0 0 0
1770392024.9422 0.64 1.5 0 0 0
1770392024.9665 0.687 1.5 0 0 0
1770392024.9922 0.783 1.5 0 0 0
1770392025.0165 0.852 1.5 0 0 0
1770392025.0420 0.94 1.5 0 0 0
1770392025.0672 0.862 1.5 0 0 0
1770392025.0914 0.8 1.5 0 0 0
1770392025.1170 0.641 1.5 0 0 0
1770392025.1423 0.625 1.5 0 0 0
1770392025.1667 0.636 1.5 0 0 0
1770392025.1921 0.681 1.5 0 0 0
1770392025.2173 0.699 1.5 0 0 0
1770392025.2425 0.672 1.5 0 0 0
1770392025.2676 0.867 1.5 0 0 0
1770392025.2916 0.875 1.5 0 0 0
1770392025.3167 0.834 1.5 0 0 0
1770392025.3419 0.644 1.5 0 0 0
1770392025.3672 0.608 1.5 0 0 0
1770392025.3926 0.629 1.5 0 0 0
1770392025.4168 0.673 1.5 0 0 0
1770392025.4419 0.746 1.5 0 0 0
1770392025.4670 0.866 1.5 0 0 0
1770392025.4923 0.875 1.5 0 0 0
1770392025.5175 0.823 1.5 0 0 0
1770392025.5426 0.675 1.5 0 0 0
1770392025.5676 0.647 1.5 0 0 0
1770392025.5929 0.627 1.5 0 0 0
1770392025.6179 0.784 1.5 0 0 0
1770392025.6431 0.822 1.5 0 0 0
1770392025.6672 0.792 1.5 0 0 0
1770392025.6924 0.838 1.5 0 0 0
1770392025.7180 0.899 1.5 0 0 0
1770392025.7428 0.934 1.5 0 0 0
1770392025.7672 0.751 1.5 0 0 0
1770392025.7922 0.655 1.5 0 0 0
1770392025.8179 0.606 1.5 0 0 0
1770392025.8422 0.658 1.5 0 0 0
1770392025.8675 0.69 1.5 0 0 0
1770392025.8928 0.792 1.5 0 0 0
1770392025.9180 0.854 1.5 0 0 0
1770392025.9422 0.94 1.5 0 0 0
1770392025.9673 0.829 1.5 0 0 0
1770392025.9928 0.733 1.5 0 0 0
1770392026.0177 0.608 1.5 0 0 0
1770392026.0422 0.628 1.5 0 0 0
1770392026.0672 0.67 1.5 0 0 0
1770392026.0925 0.694 1.5 0 0 0
1770392026.1174 0.721 1.5 0 0 0
1770392026.1426 0.71 1.5 0 0 0
1770392026.1678 0.883 1.5 0 0 0
1770392026.1927 0.882 1.5 0 0 0
1770392026.2179 0.834 1.5 0 0 0
1770392026.2430 0.644 1.5 0 0 0
1770392026.2681 0.621 1.5 0 0 0
1770392026.2923 0.665 1.5 0 0 0
1770392026.3176 0.693 1.5 0 0 0
1770392026.3428 0.752 1.5 0 0 0
1770392026.3679 0.87 1.5 0 0 0
1770392026.3923 0.875 1.5 0 0 0
1770392026.4174 0.827 1.5 0 0 0
1770392026.4428 0.648 1.5 0 0 0
1770392026.4679 0.616 1.5 0 0 0
1770392026.4932 0.595 1.5 0 0 0
1770392026.5171 0.767 1.5 0 0 0
1770392026.5423 0.812 1.5 0 0 0
1770392026.5673 0.786 1.5 0 0 0
1770392026.5928 0.837 1.5 0 0 0
1770392026.6179 0.888 1.5 0 0 0
1770392026.6431 0.883 1.5 0 0 0
1770392026.6682 0.71 1.5 0 0 0
1770392026.6922 0.625 1.5 0 0 0
1770392026.7173 0.601 1.5 0 0 0
1770392026.7426 0.654 1.5 0 0 0
1770392026.7677 0.687 1.5 0 0 0
1770392026.7922 0.793 1.5 0 0 0
1770392026.8174 0.872 1.5 0 0 0
1770392026.8425 1.009 1.5 0 0 0
1770392026.8679 0.814 1.5 0 0 0
1770392026.8930 0.705 1.5 0 0 0
1770392026.9178 0.6 1.5 0 0 0
1770392026.9428 0.647 1.5 0 0 0
1770392026.9680 0.702 1.5 0 0 0
1770392026.9926 0.702 1.5 0 0 0
1770392027.0176 0.724 1.5 0 0 0
1770392027.0427 0.71 1.5 0 0 0
1770392027.0677 0.885 1.5 0 0 0
1770392027.0928 0.827 1.5 0 0 0
1770392027.1179 0.743 1.5 0 0 0
1770392027.1430 0.624 1.5 0 0 0
1770392027.1679 0.623 1.5 0 0 0
1770392027.1927 0.698 1.5 0 0 0
1770392027.2179 0.734 1.5 0 0 0
1770392027.2430 0.797 1.5 0 0 0
1770392027.2682 0.888 1.5 0 0 0
1770392027.2923 0.922 1.5 0 0 0
1770392027.3176 0.877 1.5 0 0 0
1770392027.3432 0.627 1.5 0 0 0
1770392027.3678 0.613 1.5 0 0 0
1770392027.3923 0.619 1.5 0 0 0
1770392027.4179 0.781 1.5 0 0 0
1770392027.4426 0.818 1.5 0 0 0
1770392027.4679 0.789 1.5 0 0 0
1770392027.4932 0.839 1.5 0 0 0
1770392027.5183 0.878 1.5 0 0 0
1770392027.5425 0.831 1.5 0 0 0
1770392027.5676 0.672 1.5 0 0 0
1770392027.5932 0.598 1.5 0 0 0
1770392027.6178 0.617 1.5 0 0 0
1770392027.6431 0.671 1.5 0 0 0
1770392027.6681 0.693 1.5 0 0 0
1770392027.6933 0.834 1.5 0 0 0
1770392027.7179 0.913 1.5 0 0 0
1770392027.7423 1.018 1.5 0 0 0
1770392027.7677 0.779 1.5 0 0 0
1770392027.7925 0.677 1.5 0 0 0
1770392027.8178 0.596 1.5 0 0 0
1770392027.8432 0.65 1.5 0 0 0
1770392027.8683 0.702 1.5 0 0 0
1770392027.8925 0.704 1.5 0 0 0
1770392027.9175 0.748 1.5 0 0 0
1770392027.9428 0.751 1.5 0 0 0
1770392027.9679 0.853 1.5 0 0 0
1770392027.9923 0.735 1.5 0 0 0
1770392028.0175 0.63 1.5 0 0 0
1770392028.0427 0.633 1.5 0 0 0
1770392028.0682 0.658 1.5 0 0 0
1770392028.0934 0.709 1.5 0 0 0
1770392028.1173 0.739 1.5 0 0 0
1770392028.1424 0.796 1.5 0 0 0
1770392028.1675 0.891 1.5 0 0 0
1770392028.1931 0.879 1.5 0 0 0
1770392028.2181 0.827 1.5 0 0 0
1770392028.2432 0.598 1.5 0 0 0
1770392028.2685 0.635 1.5 0 0 0
1770392028.2925 0.683 1.5 0 0 0
1770392028.3177 0.787 1.5 0 0 0
1770392028.3429 0.833 1.5 0 0 0
1770392028.3681 0.887 1.5 0 0 0
1770392028.3929 0.926 1.5 0 0 0
1770392028.4180 0.88 1.5 0 0 0
1770392028.4433 0.719 1.5 0 0 0
1770392028.4679 0.618 1.5 0 0 0
1770392028.4932 0.59 1.5 0 0 0
1770392028.5184 0.644 1.5 0 0 0
1770392028.5427 0.692 1.5 0 0 0
1770392028.5679 0.703 1.5 0 0 0
1770392028.5931 0.878 1.5 0 0 0
1770392028.6184 0.933 1.5 0 0 0
1770392028.6435 0.959 1.5 0 0 0
1770392028.6686 0.666 1.5 0 0 0
1770392028.6928 0.603 1.5 0 0 0
1770392028.7178 0.58 1.5 0 0 0
1770392028.7429 0.664 1.5 0 0 0
1770392028.7679 0.746 1.5 0 0 0
1770392028.7935 0.748 1.5 0 0 0
1770392028.8184 0.834 1.5 0 0 0
1770392028.8436 0.855 1.5 0 0 0
1770392028.8686 0.795 1.5 0 0 0
1770392028.8938 0.681 1.5 0 0 0
1770392028.9189 0.591 1.5 0 0 0
1770392028.9430 0.621 1.5 0 0 0
1770392028.9682 0.658 1.5 0 0 0
1770392028.9934 0.704 1.5 0 0 0
1770392029.0188 0.742 1.5 0 0 0
1770392029.0439 0.797 1.5 0 0 0
1770392029.0680 0.896 1.5 0 0 0
1770392029.0933 0.814 1.5 0 0 0
1770392029.1182 0.727 1.5 0 0 0
1770392029.1433 0.603 1.5 0 0 0
1770392029.1684 0.661 1.5 0 0 0
1770392029.1936 0.722 1.5 0 0 0
1770392029.2186 0.845 1.5 0 0 0
1770392029.2438 0.897 1.5 0 0 0
1770392029.2688 0.956 1.5 0 0 0
1770392029.2941 0.913 1.5 0 0 0
1770392029.3191 0.829 1.5 0 0 0
1770392029.3432 0.674 1.5 0 0 0
1770392029.3683 0.621 1.5 0 0 0
1770392029.3937 0.614 1.5 0 0 0
1770392029.4190 0.68 1.5 0 0 0
1770392029.4434 0.737 1.5 0 0 0
1770392029.4688 0.748 1.5 0 0 0
1770392029.4931 0.901 1.5 0 0 0
1770392029.5181 0.941 1.5 0 0 0
1770392029.5438 0.959 1.5 0 0 0
1770392029.5689 0.643 1.5 0 0 0
1770392029.5935 0.598 1.5 0 0 0
1770392029.6185 0.624 1.5 0 0 0
1770392029.6437 0.693 1.5 0 0 0
1770392029.6689 0.763 1.5 0 0 0
1770392029.6941 0.788 1.5 0 0 0
1770392029.7182 0.798 1.5 0 0 0
1770392029.7433 0.76 1.5 0 0 0
1770392029.7684 0.733 1.5 0 0 0
1770392029.7939 0.657 1.5 0 0 0
1770392029.8182 0.586 1.5 0 0 0
1770392029.8439 0.673 1.5 0 0 0
1770392029.8685 0.713 1.5 0 0 0
1770392029.8941 0.723 1.5 0 0 0
1770392029.9189 0.808 1.5 0 0 0
1770392029.9440 0.887 1.5 0 0 0
1770392029.9685 0.924 1.5 0 0 0
1770392029.9937 0.756 1.5 0 0 0
1770392030.0182 0.654 1.5 0 0 0
1770392030.0432 0.589 1.5 0 0 0
1770392030.0688 0.66 1.5 0 0 0
1770392030.0935 0.723 1.5 0 0 0
1770392030.1191 0.805 1.5 0 0 0
1770392030.1438 0.864 1.5 0 0 0
1770392030.1683 0.946 1.5 0 0 0
1770392030.1939 0.865 1.5 0 0 0
1770392030.2187 0.767 1.5 0 0 0
1770392030.2435 0.615 1.5 0 0 0
1770392030.2691 0.613 1.5 0 0 0
1770392030.2939 0.635 1.5 0 0 0
1770392030.3182 0.685 1.5 0 0 0
1770392030.3439 0.741 1.5 0 0 0
1770392030.3683 0.746 1.5 0 0 0
1770392030.3935 0.905 1.5 0 0 0
1770392030.4190 0.912 1.5 0 0 0
1770392030.4438 0.894 1.5 0 0 0
1770392030.4692 0.634 1.5 0 0 0
1770392030.4936 0.596 1.5 0 0 0
1770392030.5192 0.626 1.5 0 0 0
1770392030.5432 0.673 1.5 0 0 0
1770392030.5687 0.74 1.5 0 0 0
1770392030.5933 0.822 1.5 0 0 0
1770392030.6190 0.821 1.5 0 0 0
1770392030.6436 0.771 1.5 0 0 0
1770392030.6690 0.665 1.5 0 0 0
1770392030.6936 0.631 1.5 0 0 0
1770392030.7189 0.601 1.5 0 0 0
1770392030.7432 0.707 1.5 0 0 0
1770392030.7683 0.74 1.5 0 0 0
1770392030.7938 0.731 1.5 0 0 0
1770392030.8187 0.815 1.5 0 0 0
1770392030.8437 0.908 1.5 0 0 0
1770392030.8683 0.99 1.5 0 0 0
1770392030.8939 0.749 1.5 0 0 0
1770392030.9185 0.63 1.5 0 0 0
1770392030.9433 0.605 1.5 0 0 0
1770392030.9692 0.66 1.5 0 0 0
1770392030.9933 0.691 1.5 0 0 0
1770392031.0191 0.79 1.5 0 0 0
1770392031.0432 0.853 1.5 0 0 0
1770392031.0688 0.941 1.5 0 0 0
1770392031.0939 0.794 1.5 0 0 0
1770392031.1183 0.703 1.5 0 0 0
1770392031.1437 0.602 1.5 0 0 0
1770392031.1685 0.632 1.5 0 0 0
1770392031.1934 0.667 1.5 0 0 0
1770392031.2188 0.665 1.5 0 0 0
1770392031.2435 0.746 1.5 0 0 0
1770392031.2692 0.788 1.5 0 0 0
1770392031.2939 0.922 1.5 0 0 0
1770392031.3193 0.863 1.5 0 0 0
1770392031.3438 0.792 1.5 0 0 0
1770392031.3692 0.634 1.5 0 0 0
1770392031.3939 0.602 1.5 0 0 0
1770392031.4183 0.605 1.5 0 0 0
1770392031.4440 0.66 1.5 0 0 0
1770392031.4685 0.735 1.5 0 0 0
1770392031.4941 0.818 1.5 0 0 0
1770392031.5185 0.85 1.5 0 0 0
1770392031.5443 0.818 1.5 0 0 0
1770392031.5687 0.649 1.5 0 0 0
1770392031.5934 0.631 1.5 0 0 0
1770392031.6187 0.626 1.5 0 0 0
1770392031.6442 0.693 1.5 0 0 0
1770392031.6686 0.732 1.5 0 0 0
1770392031.6943 0.76 1.5 0 0 0
1770392031.7187 0.869 1.5 0 0 0
1770392031.7436 0.938 1.5 0 0 0
1770392031.7690 0.885 1.5 0 0 0
1770392031.7943 0.721 1.5 0 0 0
1770392031.8187 0.657 1.5 0 0 0
1770392031.8441 0.633 1.5 0 0 0
1770392031.8695 0.678 1.5 0 0 0
1770392031.8941 0.696 1.5 0 0 0
1770392031.9187 0.832 1.5 0 0 0
1770392031.9446 0.9 1.5 0 0 0
1770392031.9689 0.955 1.5 0 0 0
1770392031.9944 0.755 1.5 0 0 0
1770392032.0187 0.668 1.5 0 0 0
1770392032.0444 0.572 1.5 0 0 0
1770392032.0695 0.635 1.5 0 0 0
1770392032.0942 0.703 1.5 0 0 0
1770392032.1196 0.703 1.5 0 0 0
1770392032.1442 0.807 1.5 0 0 0
1770392032.1692 0.844 1.5 0 0 0
1770392032.1947 0.941 1.5 0 0 0
1770392032.2192 0.791 1.5 0 0 0
1770392032.2449 0.661 1.5 0 0 0
1770392032.2694 0.624 1.5 0 0 0
1770392032.2941 0.621 1.5 0 0 0
1770392032.3199 0.634 1.5 0 0 0
1770392032.3449 0.68 1.5 0 0 0
1770392032.3693 0.748 1.5 0 0 0
1770392032.3945 0.881 1.5 0 0 0
1770392032.4195 0.88 1.5 0 0 0
1770392032.4449 0.813 1.5 0 0 0
1770392032.4692 0.6 1.5 0 0 0
1770392032.4949 0.636 1.5 0 0 0
1770392032.5193 0.687 1.5 0 0 0
1770392032.5448 0.722 1.5 0 0 0
1770392032.5691 0.753 1.5 0 0 0
1770392032.5944 0.813 1.5 0 0 0
1770392032.6200 0.942 1.5 0 0 0
1770392032.6447 0.94 1.5 0 0 0
1770392032.6696 0.764 1.5 0 0 0
1770392032.6949 0.671 1.5 0 0 0
1770392032.7191 0.647 1.5 0 0 0
1770392032.7442 0.662 1.5 0 0 0
1770392032.7700 0.699 1.5 0 0 0
1770392032.7949 0.703 1.5 0 0 0
1770392032.8194 0.881 1.5 0 0 0
1770392032.8450 0.935 1.5 0 0 0
1770392032.8694 0.962 1.5 0 0 0
1770392032.8950 0.693 1.5 0 0 0
1770392032.9194 0.627 1.5 0 0 0
1770392032.9450 0.586 1.5 0 0 0
1770392032.9694 0.642 1.5 0 0 0
1770392032.9947 0.711 1.5 0 0 0
1770392033.0192 0.738 1.5 0 0 0
1770392033.0447 0.859 1.5 0 0 0
1770392033.0700 0.913 1.5 0 0 0
1770392033.0951 0.858 1.5 0 0 0
1770392033.1201 0.706 1.5 0 0 0
1770392033.1451 0.596 1.5 0 0 0
1770392033.1697 0.623 1.5 0 0 0
1770392033.1946 0.636 1.5 0 0 0
1770392033.2200 0.637 1.5 0 0 0
1770392033.2443 0.735 1.5 0 0 0
1770392033.2697 0.825 1.5 0 0 0
1770392033.2942 0.905 1.5 0 0 0
1770392033.3197 0.822 1.5 0 0 0
1770392033.3441 0.729 1.5 0 0 0
1770392033.3696 0.584 1.5 0 0 0
1770392033.3943 0.631 1.5 0 0 0
1770392033.4198 0.683 1.5 0 0 0
1770392033.4444 0.752 1.5 0 0 0
1770392033.4698 0.82 1.5 0 0 0
1770392033.4943 0.934 1.5 0 0 0
1770392033.5198 0.946 1.5 0 0 0
1770392033.5443 0.865 1.5 0 0 0
1770392033.5697 0.68 1.5 0 0 0
1770392033.5945 0.664 1.5 0 0 0
1770392033.6192 0.677 1.5 0 0 0
1770392033.6448 0.7 1.5 0 0 0
1770392033.6693 0.747 1.5 0 0 0
1770392033.6950 0.75 1.5 0 0 0
1770392033.7197 0.904 1.5 0 0 0
1770392033.7442 0.941 1.5 0 0 0
1770392033.7697 0.964 1.5 0 0 0
1770392033.7952 0.645 1.5 0 0 0
1770392033.8198 0.599 1.5 0 0 0
1770392033.8445 0.626 1.5 0 0 0
1770392033.8701 0.67 1.5 0 0 0
1770392033.8947 0.737 1.5 0 0 0
1770392033.9202 0.821 1.5 0 0 0
1770392033.9452 0.923 1.5 0 0 0
1770392033.9693 0.93 1.5 0 0 0
1770392033.9943 0.772 1.5 0 0 0
1770392034.0200 0.665 1.5 0 0 0
1770392034.0443 0.586 1.5 0 0 0
1770392034.0698 0.671 1.5 0 0 0
1770392034.0946 0.683 1.5 0 0 0
1770392034.1202 0.652 1.5 0 0 0
1770392034.1447 0.743 1.5 0 0 0
1770392034.1693 0.83 1.5 0 0 0
1770392034.1950 0.906 1.5 0 0 0
1770392034.2196 0.787 1.5 0 0 0
1770392034.2443 0.692 1.5 0 0 0
1770392034.2699 0.597 1.5 0 0 0
1770392034.2945 0.645 1.5 0 0 0
1770392034.3200 0.686 1.5 0 0 0
1770392034.3445 0.753 1.5 0 0 0
1770392034.3692 0.821 1.5 0 0 0
1770392034.3948 0.932 1.5 0 0 0
1770392034.4194 0.826 1.5 0 0 0
1770392034.4451 0.733 1.5 0 0 0
1770392034.4698 0.609 1.5 0 0 0
1770392034.4945 0.653 1.5 0 0 0
1770392034.5201 0.702 1.5 0 0 0
1770392034.5449 0.705 1.5 0 0 0
1770392034.5694 0.747 1.5 0 0 0
1770392034.5945 0.749 1.5 0 0 0
1770392034.6201 0.902 1.5 0 0 0
1770392034.6443 0.882 1.5 0 0 0
1770392034.6701 0.841 1.5 0 0 0
1770392034.6945 0.622 1.5 0 0 0
1770392034.7202 0.592 1.5 0 0 0
1770392034.7449 0.623 1.5 0 0 0
1770392034.7698 0.67 1.5 0 0 0
1770392034.7948 0.737 1.5 0 0 0
1770392034.8196 0.823 1.5 0 0 0
1770392034.8452 0.886 1.5 0 0 0
1770392034.8697 0.871 1.5 0 0 0
1770392034.8942 0.686 1.5 0 0 0
1770392034.9198 0.649 1.5 0 0 0
1770392034.9446 0.63 1.5 0 0 0
1770392034.9702 0.692 1.5 0 0 0
1770392034.9943 0.702 1.5 0 0 0
1770392035.0196 0.69 1.5 0 0 0
1770392035.0445 0.761 1.5 0 0 0
1770392035.0694 0.839 1.5 0 0 0
1770392035.0952 0.912 1.5 0 0 0
1770392035.1200 0.73 1.5 0 0 0
1770392035.1446 0.628 1.5 0 0 0
1770392035.1696 0.603 1.5 0 0 0
1770392035.1947 0.675 1.5 0 0 0
1770392035.2197 0.729 1.5 0 0 0
1770392035.2445 0.808 1.5 0 0 0
1770392035.2698 0.867 1.5 0 0 0
1770392035.2953 0.945 1.5 0 0 0
1770392035.3200 0.821 1.5 0 0 0
1770392035.3455 0.733 1.5 0 0 0
1770392035.3699 0.604 1.5 0 0 0
1770392035.3948 0.674 1.5 0 0 0
1770392035.4203 0.74 1.5 0 0 0
1770392035.4460 0.713 1.5 0 0 0
1770392035.4706 0.809 1.5 0 0 0
1770392035.4953 0.845 1.5 0 0 0
1770392035.5208 1.003 1.5 0 0 0
1770392035.5455 0.879 1.5 0 0 0
1770392035.5710 0.75 1.5 0 0 0
1770392035.5953 0.626 1.5 0 0 0
1770392035.6207 0.612 1.5 0 0 0
1770392035.6452 0.629 1.5 0 0 0
1770392035.6708 0.677 1.5 0 0 0
1770392035.6956 0.746 1.5 0 0 0
1770392035.7205 0.876 1.5 0 0 0
1770392035.7456 0.881 1.5 0 0 0
1770392035.7702 0.818 1.5 0 0 0
1770392035.7959 0.675 1.5 0 0 0
1770392035.8205 0.646 1.5 0 0 0
1770392035.8450 0.629 1.5 0 0 0
1770392035.8704 0.697 1.5 0 0 0
1770392035.8951 0.702 1.5 0 0 0
1770392035.9206 0.691 1.5 0 0 0
1770392035.9453 0.827 1.5 0 0 0
1770392035.9708 0.922 1.5 0 0 0
1770392035.9951 0.882 1.5 0 0 0
1770392036.0207 0.721 1.5 0 0 0
1770392036.0454 0.656 1.5 0 0 0
1770392036.0710 0.63 1.5 0 0 0
1770392036.0955 0.678 1.5 0 0 0
1770392036.1210 0.698 1.5 0 0 0
1770392036.1455 0.833 1.5 0 0 0
1770392036.1710 0.895 1.5 0 0 0
1770392036.1955 0.952 1.5 0 0 0
1770392036.2211 0.755 1.5 0 0 0
1770392036.2456 0.686 1.5 0 0 0
1770392036.2703 0.619 1.5 0 0 0
1770392036.2961 0.708 1.5 0 0 0
1770392036.3205 0.791 1.5 0 0 0
1770392036.3452 0.761 1.5 0 0 0
1770392036.3706 0.837 1.5 0 0 0
1770392036.3952 0.853 1.5 0 0 0
1770392036.4208 0.946 1.5 0 0 0
1770392036.4454 0.796 1.5 0 0 0
1770392036.4708 0.665 1.5 0 0 0
1770392036.4957 0.623 1.5 0 0 0
1770392036.5213 0.622 1.5 0 0 0
1770392036.5458 0.632 1.5 0 0 0
1770392036.5712 0.676 1.5 0 0 0
1770392036.5955 0.754 1.5 0 0 0
1770392036.6212 0.933 1.5 0 0 0
1770392036.6456 0.839 1.5 0 0 0
1770392036.6710 0.733 1.5 0 0 0
1770392036.6955 0.587 1.5 0 0 0
1770392036.7210 0.63 1.5 0 0 0
1770392036.7457 0.683 1.5 0 0 0
1770392036.7712 0.716 1.5 0 0 0
1770392036.7956 0.705 1.5 0 0 0
1770392036.8210 0.69 1.5 0 0 0
1770392036.8456 0.827 1.5 0 0 0
1770392036.8706 0.883 1.5 0 0 0
1770392036.8953 0.792 1.5 0 0 0
1770392036.9212 0.689 1.5 0 0 0
1770392036.9460 0.651 1.5 0 0 0
1770392036.9708 0.663 1.5 0 0 0
1770392036.9962 0.699 1.5 0 0 0
1770392037.0212 0.702 1.5 0 0 0
1770392037.0458 0.834 1.5 0 0 0
1770392037.0705 0.899 1.5 0 0 0
1770392037.0962 0.95 1.5 0 0 0
1770392037.1213 0.691 1.5 0 0 0
1770392037.1463 0.644 1.5 0 0 0
1770392037.1709 0.635 1.5 0 0 0
1770392037.1957 0.728 1.5 0 0 0
1770392037.2213 0.803 1.5 0 0 0
1770392037.2460 0.804 1.5 0 0 0
1770392037.2707 0.901 1.5 0 0 0
1770392037.2957 0.929 1.5 0 0 0
1770392037.3214 0.907 1.5 0 0 0
1770392037.3468 0.709 1.5 0 0 0
1770392037.3712 0.6 1.5 0 0 0
1770392037.3970 0.624 1.5 0 0 0
1770392037.4215 0.625 1.5 0 0 0
1770392037.4461 0.611 1.5 0 0 0
1770392037.4717 0.692 1.5 0 0 0
1770392037.4964 0.797 1.5 0 0 0
1770392037.5219 0.891 1.5 0 0 0
1770392037.5465 0.738 1.5 0 0 0
1770392037.5710 0.651 1.5 0 0 0
1770392037.5970 0.565 1.5 0 0 0
1770392037.6216 0.627 1.5 0 0 0
1770392037.6467 0.684 1.5 0 0 0
1770392037.6714 0.723 1.5 0 0 0
1770392037.6970 0.74 1.5 0 0 0
1770392037.7219 0.772 1.5 0 0 0
1770392037.7467 0.84 1.5 0 0 0
1770392037.7711 0.81 1.5 0 0 0
1770392037.7962 0.666 1.5 0 0 0
1770392037.8210 0.686 1.5 0 0 0
1770392037.8463 0.708 1.5 0 0 0
1770392037.8718 0.676 1.5 0 0 0
1770392037.8963 0.734 1.5 0 0 0
1770392037.9220 0.745 1.5 0 0 0
1770392037.9467 0.909 1.5 0 0 0
1770392037.9713 0.942 1.5 0 0 0
1770392037.9967 0.957 1.5 0 0 0
1770392038.0212 0.644 1.5 0 0 0
1770392038.0461 0.64 1.5 0 0 0
1770392038.0717 0.728 1.5 0 0 0
1770392038.0964 0.779 1.5 0 0 0
1770392038.1210 0.819 1.5 0 0 0
1770392038.1468 0.81 1.5 0 0 0
1770392038.1715 0.901 1.5 0 0 0
1770392038.1968 0.924 1.5 0 0 0
1770392038.2214 0.813 1.5 0 0 0
1770392038.2470 0.672 1.5 0 0 0
1770392038.2715 0.591 1.5 0 0 0
1770392038.2963 0.623 1.5 0 0 0
1770392038.3220 0.636 1.5 0 0 0
1770392038.3465 0.639 1.5 0 0 0
1770392038.3720 0.735 1.5 0 0 0
1770392038.3965 0.842 1.5 0 0 0
1770392038.4221 0.904 1.5 0 0 0
1770392038.4467 0.714 1.5 0 0 0
1770392038.4713 0.625 1.5 0 0 0
1770392038.4970 0.581 1.5 0 0 0
1770392038.5212 0.64 1.5 0 0 0
1770392038.5467 0.689 1.5 0 0 0
1770392038.5712 0.752 1.5 0 0 0
1770392038.5967 0.762 1.5 0 0 0
1770392038.6213 0.778 1.5 0 0 0
1770392038.6466 0.804 1.5 0 0 0
1770392038.6713 0.755 1.5 0 0 0
1770392038.6971 0.609 1.5 0 0 0
1770392038.7218 0.656 1.5 0 0 0
1770392038.7462 0.706 1.5 0 0 0
1770392038.7716 0.704 1.5 0 0 0
1770392038.7967 0.751 1.5 0 0 0
1770392038.8213 0.748 1.5 0 0 0
1770392038.8469 0.912 1.5 0 0 0
1770392038.8716 0.887 1.5 0 0 0
1770392038.8969 0.837 1.5 0 0 0
1770392038.9213 0.625 1.5 0 0 0
1770392038.9470 0.622 1.5 0 0 0
1770392038.9715 0.694 1.5 0 0 0
1770392038.9971 0.758 1.5 0 0 0
1770392039.0218 0.824 1.5 0 0 0
1770392039.0464 0.854 1.5 0 0 0
1770392039.0718 0.933 1.5 0 0 0
1770392039.0964 0.924 1.5 0 0 0
1770392039.1219 0.737 1.5 0 0 0
1770392039.1464 0.655 1.5 0 0 0
1770392039.1718 0.609 1.5 0 0 0
1770392039.1964 0.684 1.5 0 0 0
1770392039.2221 0.684 1.5 0 0 0
1770392039.2469 0.651 1.5 0 0 0
1770392039.2718 0.769 1.5 0 0 0
1770392039.2965 0.887 1.5 0 0 0
1770392039.3215 0.924 1.5 0 0 0
1770392039.3470 0.667 1.5 0 0 0
1770392039.3713 0.576 1.5 0 0 0
1770392039.3969 0.611 1.5 0 0 0
1770392039.4212 0.668 1.5 0 0 0
1770392039.4464 0.695 1.5 0 0 0
1770392039.4716 0.79 1.5 0 0 0
1770392039.4972 0.814 1.5 0 0 0
1770392039.5215 0.832 1.5 0 0 0
1770392039.5465 0.752 1.5 0 0 0
1770392039.5717 0.705 1.5 0 0 0
1770392039.5969 0.623 1.5 0 0 0
1770392039.6222 0.709 1.5 0 0 0
1770392039.6463 0.779 1.5 0 0 0
1770392039.6722 0.722 1.5 0 0 0
1770392039.6963 0.783 1.5 0 0 0
1770392039.7221 0.795 1.5 0 0 0
1770392039.7464 0.876 1.5 0 0 0
1770392039.7718 0.805 1.5 0 0 0
1770392039.7963 0.734 1.5 0 0 0
1770392039.8214 0.621 1.5 0 0 0
1770392039.8466 0.634 1.5 0 0 0
1770392039.8717 0.697 1.5 0 0 0
1770392039.8968 0.767 1.5 0 0 0
1770392039.9216 0.839 1.5 0 0 0
1770392039.9470 0.904 1.5 0 0 0
1770392039.9716 0.887 1.5 0 0 0
1770392039.9963 0.817 1.5 0 0 0
1770392040.0215 0.626 1.5 0 0 0
1770392040.0467 0.635 1.5 0 0 0
1770392040.0719 0.655 1.5 0 0 0
1770392040.0963 0.71 1.5 0 0 0
1770392040.1216 0.704 1.5 0 0 0
1770392040.1468 0.692 1.5 0 0 0
1770392040.1719 0.827 1.5 0 0 0
1770392040.1963 0.907 1.5 0 0 0
1770392040.2220 0.831 1.5 0 0 0
1770392040.2472 0.641 1.5 0 0 0
1770392040.2722 0.584 1.5 0 0 0
1770392040.2974 0.64 1.5 0 0 0
1770392040.3215 0.695 1.5 0 0 0
1770392040.3467 0.7 1.5 0 0 0
1770392040.3718 0.843 1.5 0 0 0
1770392040.3972 0.821 1.5 0 0 0
1770392040.4223 0.784 1.5 0 0 0
1770392040.4466 0.654 1.5 0 0 0
1770392040.4718 0.626 1.5 0 0 0
1770392040.4970 0.606 1.5 0 0 0
1770392040.5221 0.711 1.5 0 0 0
1770392040.5473 0.784 1.5 0 0 0
1770392040.5724 0.758 1.5 0 0 0
1770392040.5967 0.867 1.5 0 0 0
1770392040.6219 0.921 1.5 0 0 0
1770392040.6471 0.964 1.5 0 0 0
1770392040.6721 0.751 1.5 0 0 0
1770392040.6973 0.632 1.5 0 0 0
1770392040.7230 0.634 1.5 0 0 0
1770392040.7473 0.667 1.5 0 0 0
1770392040.7724 0.71 1.5 0 0 0
1770392040.7974 0.766 1.5 0 0 0
1770392040.8224 0.852 1.5 0 0 0
1770392040.8476 0.904 1.5 0 0 0
1770392040.8726 0.804 1.5 0 0 0
1770392040.8977 0.727 1.5 0 0 0
1770392040.9229 0.581 1.5 0 0 0
1770392040.9480 0.63 1.5 0 0 0
1770392040.9720 0.684 1.5 0 0 0
1770392040.9980 0.717 1.5 0 0 0
1770392041.0231 0.72 1.5 0 0 0
1770392041.0471 0.729 1.5 0 0 0
1770392041.0722 0.857 1.5 0 0 0
1770392041.0976 0.874 1.5 0 0 0
1770392041.1227 0.747 1.5 0 0 0
1770392041.1472 0.651 1.5 0 0 0
1770392041.1726 0.632 1.5 0 0 0
1770392041.1981 0.682 1.5 0 0 0
1770392041.2231 0.721 1.5 0 0 0
1770392041.2482 0.708 1.5 0 0 0
1770392041.2723 0.89 1.5 0 0 0
1770392041.2976 0.881 1.5 0 0 0
1770392041.3223 0.842 1.5 0 0 0
1770392041.3482 0.645 1.5 0 0 0
1770392041.3723 0.63 1.5 0 0 0
1770392041.3978 0.663 1.5 0 0 0
1770392041.4221 0.741 1.5 0 0 0
1770392041.4476 0.806 1.5 0 0 0
1770392041.4729 0.803 1.5 0 0 0
1770392041.4981 0.896 1.5 0 0 0
1770392041.5222 0.923 1.5 0 0 0
1770392041.5473 0.859 1.5 0 0 0
1770392041.5722 0.69 1.5 0 0 0
1770392041.5977 0.596 1.5 0 0 0
1770392041.6227 0.624 1.5 0 0 0
1770392041.6479 0.663 1.5 0 0 0
1770392041.6730 0.71 1.5 0 0 0
1770392041.6972 0.837 1.5 0 0 0
1770392041.7223 0.944 1.5 0 0 0
1770392041.7476 0.933 1.5 0 0 0
1770392041.7727 0.715 1.5 0 0 0
1770392041.7974 0.624 1.5 0 0 0
1770392041.8224 0.581 1.5 0 0 0
1770392041.8474 0.64 1.5 0 0 0
1770392041.8725 0.684 1.5 0 0 0
1770392041.8979 0.75 1.5 0 0 0
1770392041.9224 0.765 1.5 0 0 0
1770392041.9476 0.776 1.5 0 0 0
1770392041.9728 0.838 1.5 0 0 0
1770392041.9972 0.795 1.5 0 0 0
1770392042.0222 0.637 1.5 0 0 0
1770392042.0475 0.625 1.5 0 0 0
1770392042.0725 0.646 1.5 0 0 0
1770392042.0978 0.687 1.5 0 0 0
1770392042.1229 0.745 1.5 0 0 0
1770392042.1472 0.749 1.5 0 0 0
1770392042.1722 0.909 1.5 0 0 0
1770392042.1980 0.886 1.5 0 0 0
1770392042.2231 0.838 1.5 0 0 0
1770392042.2473 0.621 1.5 0 0 0
1770392042.2723 0.623 1.5 0 0 0
1770392042.2974 0.693 1.5 0 0 0
1770392042.3226 0.757 1.5 0 0 0
1770392042.3477 0.817 1.5 0 0 0
1770392042.3728 0.803 1.5 0 0 0
1770392042.3980 0.953 1.5 0 0 0
1770392042.4232 0.982 1.5 0 0 0
1770392042.4484 0.773 1.5 0 0 0
1770392042.4724 0.656 1.5 0 0 0
1770392042.4978 0.585 1.5 0 0 0
1770392042.5227 0.707 1.5 0 0 0
1770392042.5479 0.737 1.5 0 0 0
1770392042.5729 0.73 1.5 0 0 0
1770392042.5982 0.855 1.5 0 0 0
1770392042.6232 0.949 1.5 0 0 0
1770392042.6483 0.939 1.5 0 0 0
1770392042.6733 0.695 1.5 0 0 0
1770392042.6984 0.6 1.5 0 0 0
1770392042.7238 0.575 1.5 0 0 0
1770392042.7490 0.646 1.5 0 0 0
1770392042.7735 0.685 1.5 0 0 0
1770392042.7986 0.756 1.5 0 0 0
1770392042.8238 0.764 1.5 0 0 0
1770392042.8483 0.776 1.5 0 0 0
1770392042.8735 0.805 1.5 0 0 0
1770392042.8986 0.731 1.5 0 0 0
1770392042.9238 0.606 1.5 0 0 0
1770392042.9490 0.611 1.5 0 0 0
1770392042.9731 0.642 1.5 0 0 0
1770392042.9989 0.689 1.5 0 0 0
1770392043.0230 0.746 1.5 0 0 0
1770392043.0482 0.757 1.5 0 0 0
1770392043.0736 0.91 1.5 0 0 0
1770392043.0989 0.821 1.5 0 0 0
1770392043.1230 0.744 1.5 0 0 0
1770392043.1482 0.596 1.5 0 0 0
1770392043.1734 0.616 1.5 0 0 0
1770392043.1989 0.694 1.5 0 0 0
1770392043.2234 0.756 1.5 0 0 0
1770392043.2487 0.832 1.5 0 0 0
1770392043.2739 0.853 1.5 0 0 0
1770392043.2980 0.935 1.5 0 0 0
1770392043.3233 0.921 1.5 0 0 0
1770392043.3486 0.687 1.5 0 0 0
1770392043.3738 0.65 1.5 0 0 0
1770392043.3980 0.629 1.5 0 0 0
1770392043.4233 0.696 1.5 0 0 0
1770392043.4485 0.716 1.5 0 0 0
1770392043.4732 0.726 1.5 0 0 0
1770392043.4985 0.893 1.5 0 0 0
1770392043.5231 0.996 1.5 0 0 0
1770392043.5485 0.954 1.5 0 0 0
1770392043.5736 0.692 1.5 0 0 0
1770392043.5980 0.61 1.5 0 0 0
1770392043.6232 0.62 1.5 0 0 0
1770392043.6484 0.699 1.5 0 0 0
1770392043.6736 0.734 1.5 0 0 0
1770392043.6980 0.77 1.5 0 0 0
1770392043.7233 0.79 1.5 0 0 0
1770392043.7487 0.822 1.5 0 0 0
1770392043.7739 0.751 1.5 0 0 0
1770392043.7986 0.697 1.5 0 0 0
1770392043.8239 0.625 1.5 0 0 0
1770392043.8480 0.67 1.5 0 0 0
1770392043.8730 0.707 1.5 0 0 0
1770392043.8981 0.702 1.5 0 0 0
1770392043.9233 0.774 1.5 0 0 0
1770392043.9485 0.801 1.5 0 0 0
1770392043.9736 0.927 1.5 0 0 0
1770392043.9981 0.792 1.5 0 0 0
1770392044.0232 0.704 1.5 0 0 0
1770392044.0484 0.609 1.5 0 0 0
1770392044.0735 0.635 1.5 0 0 0
1770392044.0987 0.7 1.5 0 0 0
1770392044.1239 0.761 1.5 0 0 0
1770392044.1480 0.849 1.5 0 0 0
1770392044.1732 0.898 1.5 0 0 0
1770392044.1983 0.843 1.5 0 0 0
1770392044.2235 0.771 1.5 0 0 0
1770392044.2487 0.634 1.5 0 0 0
1770392044.2738 0.627 1.5 0 0 0
1770392044.2989 0.625 1.5 0 0 0
1770392044.3240 0.694 1.5 0 0 0
1770392044.3482 0.734 1.5 0 0 0
1770392044.3733 0.766 1.5 0 0 0
1770392044.3991 0.875 1.5 0 0 0
1770392044.4232 0.934 1.5 0 0 0
1770392044.4491 0.884 1.5 0 0 0
1770392044.4740 0.654 1.5 0 0 0
1770392044.4988 0.582 1.5 0 0 0
1770392044.5234 0.612 1.5 0 0 0
1770392044.5490 0.698 1.5 0 0 0
1770392044.5736 0.735 1.5 0 0 0
1770392044.5985 0.811 1.5 0 0 0
1770392044.6231 0.819 1.5 0 0 0
1770392044.6487 0.827 1.5 0 0 0
1770392044.6733 0.724 1.5 0 0 0
1770392044.6991 0.685 1.5 0 0 0
1770392044.7237 0.646 1.5 0 0 0
1770392044.7485 0.678 1.5 0 0 0
1770392044.7731 0.714 1.5 0 0 0
1770392044.7988 0.706 1.5 0 0 0
1770392044.8233 0.806 1.5 0 0 0
1770392044.8491 0.857 1.5 0 0 0
1770392044.8732 0.946 1.5 0 0 0
1770392044.8990 0.774 1.5 0 0 0
1770392044.9234 0.664 1.5 0 0 0
1770392044.9490 0.644 1.5 0 0 0
1770392044.9736 0.672 1.5 0 0 0
1770392044.9987 0.71 1.5 0 0 0
1770392045.0232 0.765 1.5 0 0 0
1770392045.0490 0.866 1.5 0 0 0
1770392045.0733 0.967 1.5 0 0 0
1770392045.0988 0.87 1.5 0 0 0
1770392045.1233 0.775 1.5 0 0 0
1770392045.1489 0.588 1.5 0 0 0
1770392045.1736 0.633 1.5 0 0 0
1770392045.1984 0.687 1.5 0 0 0
1770392045.2238 0.688 1.5 0 0 0
1770392045.2485 0.734 1.5 0 0 0
1770392045.2741 0.807 1.5 0 0 0
1770392045.2986 0.894 1.5 0 0 0
1770392045.3241 0.908 1.5 0 0 0
1770392045.3487 0.79 1.5 0 0 0
1770392045.3734 0.628 1.5 0 0 0
1770392045.3991 0.585 1.5 0 0 0
1770392045.4239 0.641 1.5 0 0 0
1770392045.4487 0.695 1.5 0 0 0
1770392045.4742 0.7 1.5 0 0 0
1770392045.4990 0.885 1.5 0 0 0
1770392045.5241 0.875 1.5 0 0 0
1770392045.5492 0.843 1.5 0 0 0
1770392045.5743 0.686 1.5 0 0 0
1770392045.5985 0.676 1.5 0 0 0
1770392045.6244 0.676 1.5 0 0 0
1770392045.6488 0.692 1.5 0 0 0
1770392045.6743 0.731 1.5 0 0 0
1770392045.6993 0.744 1.5 0 0 0
1770392045.7238 0.837 1.5 0 0 0
1770392045.7490 0.859 1.5 0 0 0
1770392045.7738 0.884 1.5 0 0 0
1770392045.7985 0.726 1.5 0 0 0
1770392045.8240 0.624 1.5 0 0 0
1770392045.8485 0.612 1.5 0 0 0
1770392045.8741 0.667 1.5 0 0 0
1770392045.8985 0.743 1.5 0 0 0
1770392045.9247 0.823 1.5 0 0 0
1770392045.9492 0.897 1.5 0 0 0
1770392045.9746 0.924 1.5 0 0 0
1770392045.9991 0.778 1.5 0 0 0
1770392046.0247 0.68 1.5 0 0 0
1770392046.0492 0.596 1.5 0 0 0
1770392046.0747 0.651 1.5 0 0 0
1770392046.0992 0.689 1.5 0 0 0
1770392046.1244 0.724 1.5 0 0 0
1770392046.1492 0.781 1.5 0 0 0
1770392046.1747 0.87 1.5 0 0 0
1770392046.1996 0.923 1.5 0 0 0
1770392046.2243 0.854 1.5 0 0 0
1770392046.2499 0.712 1.5 0 0 0
1770392046.2744 0.613 1.5 0 0 0
1770392046.2991 0.594 1.5 0 0 0
1770392046.3242 0.615 1.5 0 0 0
1770392046.3499 0.678 1.5 0 0 0
1770392046.3746 0.702 1.5 0 0 0
1770392046.3997 0.883 1.5 0 0 0
1770392046.4241 0.871 1.5 0 0 0
1770392046.4498 0.844 1.5 0 0 0
1770392046.4743 0.637 1.5 0 0 0
1770392046.5000 0.619 1.5 0 0 0
1770392046.5246 0.629 1.5 0 0 0
1770392046.5492 0.672 1.5 0 0 0
1770392046.5750 0.722 1.5 0 0 0
1770392046.6000 0.737 1.5 0 0 0
1770392046.6246 0.913 1.5 0 0 0
1770392046.6500 0.977 1.5 0 0 0
1770392046.6744 0.82 1.5 0 0 0
1770392046.6999 0.694 1.5 0 0 0
1770392046.7242 0.617 1.5 0 0 0
1770392046.7494 0.662 1.5 0 0 0
1770392046.7748 0.695 1.5 0 0 0
1770392046.7996 0.717 1.5 0 0 0
1770392046.8243 0.809 1.5 0 0 0
1770392046.8490 0.896 1.5 0 0 0
1770392046.8745 0.921 1.5 0 0 0
1770392046.8994 0.745 1.5 0 0 0
1770392046.9250 0.642 1.5 0 0 0
1770392046.9495 0.567 1.5 0 0 0
1770392046.9742 0.634 1.5 0 0 0
1770392046.9994 0.684 1.5 0 0 0
1770392047.0249 0.72 1.5 0 0 0
1770392047.0494 0.778 1.5 0 0 0
1770392047.0748 0.87 1.5 0 0 0
1770392047.0994 0.877 1.5 0 0 0
1770392047.1249 0.8 1.5 0 0 0
1770392047.1498 0.667 1.5 0 0 0
1770392047.1742 0.619 1.5 0 0 0
1770392047.1992 0.615 1.5 0 0 0
1770392047.2247 0.621 1.5 0 0 0
1770392047.2496 0.701 1.5 0 0 0
1770392047.2742 0.748 1.5 0 0 0
1770392047.2992 0.903 1.5 0 0 0
1770392047.3241 0.876 1.5 0 0 0
1770392047.3491 0.843 1.5 0 0 0
1770392047.3746 0.636 1.5 0 0 0
1770392047.3994 0.644 1.5 0 0 0
1770392047.4250 0.699 1.5 0 0 0
1770392047.4499 0.703 1.5 0 0 0
1770392047.4746 0.747 1.5 0 0 0
1770392047.4991 0.784 1.5 0 0 0
1770392047.5247 0.898 1.5 0 0 0
1770392047.5493 0.916 1.5 0 0 0
1770392047.5749 0.768 1.5 0 0 0
1770392047.6000 0.688 1.5 0 0 0
1770392047.6251 0.64 1.5 0 0 0
1770392047.6501 0.699 1.5 0 0 0
1770392047.6743 0.737 1.5 0 0 0
1770392047.6999 0.766 1.5 0 0 0
1770392047.7241 0.872 1.5 0 0 0
1770392047.7498 0.953 1.5 0 0 0
1770392047.7741 0.939 1.5 0 0 0
1770392047.7998 0.721 1.5 0 0 0
1770392047.8246 0.622 1.5 0 0 0
1770392047.8494 0.582 1.5 0 0 0
1770392047.8747 0.648 1.5 0 0 0
1770392047.8993 0.687 1.5 0 0 0
1770392047.9246 0.756 1.5 0 0 0
1770392047.9496 0.835 1.5 0 0 0
1770392047.9743 0.939 1.5 0 0 0
1770392047.9996 0.9 1.5 0 0 0
1770392048.0247 0.772 1.5 0 0 0
1770392048.0498 0.613 1.5 0 0 0
1770392048.0743 0.596 1.5 0 0 0
1770392048.1000 0.606 1.5 0 0 0
1770392048.1245 0.618 1.5 0 0 0
1770392048.1494 0.7 1.5 0 0 0
1770392048.1749 0.743 1.5 0 0 0
1770392048.1996 0.904 1.5 0 0 0
1770392048.2250 0.817 1.5 0 0 0
1770392048.2496 0.747 1.5 0 0 0
1770392048.2750 0.598 1.5 0 0 0
1770392048.2996 0.619 1.5 0 0 0
1770392048.3249 0.692 1.5 0 0 0
1770392048.3494 0.702 1.5 0 0 0
1770392048.3741 0.743 1.5 0 0 0
1770392048.4001 0.785 1.5 0 0 0
1770392048.4250 0.903 1.5 0 0 0
1770392048.4497 0.913 1.5 0 0 0
1770392048.4752 0.688 1.5 0 0 0
1770392048.4998 0.691 1.5 0 0 0
1770392048.5243 0.706 1.5 0 0 0
1770392048.5500 0.722 1.5 0 0 0
1770392048.5746 0.743 1.5 0 0 0
1770392048.5992 0.771 1.5 0 0 0
1770392055.2025 0.618 1.5 0 0 0
1770392055.2274 0.682 1.5 0 0 0
1770392055.2527 0.747 1.5 0 0 0
1770392055.2778 0.815 1.5 0 0 0
1770392055.3019 0.862 1.5 0 0 0
1770392055.3270 0.818 1.5 0 0 0
1770392055.3525 0.731 1.5 0 0 0
1770392055.3778 0.679 1.5 0 0 0
1770392055.4029 0.637 1.5 0 0 0
1770392055.4269 0.726 1.5 0 0 0
1770392055.4527 0.79 1.5 0 0 0
1770392055.4777 0.781 1.5 0 0 0
1770392055.5022 0.824 1.5 0 0 0
1770392055.5275 0.88 1.5 0 0 0
1770392055.5529 0.923 1.5 0 0 0
1770392055.5781 0.833 1.5 0 0 0
1770392055.6021 0.666 1.5 0 0 0
1770392055.6274 0.64 1.5 0 0 0
1770392055.6527 0.655 1.5 0 0 0
1770392055.6770 0.688 1.5 0 0 0
1770392055.7022 0.775 1.5 0 0 0
1770392055.7269 0.798 1.5 0 0 0
1770392055.7521 0.874 1.5 0 0 0
1770392055.7773 0.768 1.5 0 0 0
1770392055.8026 0.699 1.5 0 0 0
1770392055.8270 0.508 1.5 0 0 0
1770392055.8526 0.485 1.5 0 0 0
1770392055.8773 0.491 1.5 0 0 0
1770392055.9028 0.487 1.5 0 0 0
1770392055.9270 0.498 1.5 0 0 0
1770392055.9521 0.488 1.5 0 0 0
1770392055.9773 0.539 1.5 0 0 0
1770392056.0028 0.552 1.5 0 0 0
1770392056.0279 0.534 1.5 0 0 0
1770392056.0522 0.447 1.5 0 0 0
1770392056.0774 0.403 1.5 0 0 0
1770392056.1030 0.496 1.5 0 0 0
1770392056.1275 0.543 1.5 0 0 0
1770392056.1521 0.565 1.5 0 0 0
1770392056.1777 0.625 1.5 0 0 0
1770392056.2021 0.646 1.5 0 0 0
1770392056.2273 0.604 1.5 0 0 0
1770392056.2525 0.555 1.5 0 0 0
1770392056.2777 0.531 1.5 0 0 0
1770392056.3028 0.538 1.5 0 0 0
1770392056.3280 0.575 1.5 0 0 0
1770392056.3522 0.589 1.5 0 0 0
1770392056.3774 0.626 1.5 0 0 0
1770392056.4028 0.65 1.5 0 0 0
1770392056.4280 0.676 1.5 0 0 0
1770392056.4527 0.674 1.5 0 0 0
1770392056.4777 0.616 1.5 0 0 0
1770392056.5021 0.518 1.5 0 0 0
1770392056.5274 0.528 1.5 0 0 0
1770392056.5527 0.559 1.5 0 0 0
1770392056.5779 0.603 1.5 0 0 0
1770392056.6021 0.678 1.5 0 0 0
1770392056.6272 0.697 1.5 0 0 0
1770392056.6525 0.842 1.5 0 0 0
1770392056.6776 0.735 1.5 0 0 0
1770392056.7024 0.657 1.5 0 0 0
1770392056.7277 0.576 1.5 0 0 0
1770392056.7522 0.647 1.5 0 0 0
1770392056.7775 0.762 1.5 0 0 0
1770392056.8030 0.964 1.5 0 0 0
1770392056.8272 1.237 1.5 0 0 0
1770392056.8529 1.5 1.5 0 0 0
1770392056.8774 1.5 1.5 0 0 0
1770392056.9026 1.114 1.5 0 0 0
1770392056.9279 0.442 1.5 0 0 0
1770392056.9527 0.285 1.5 0 0 0
1770392056.9781 0.237 1.5 0 0 0
1770392057.0023 0.213 1.5 0 0 0
1770392057.0276 0.225 1.5 0 0 0
1770392057.0530 0.249 1.5 0 0 0
1770392057.0779 0.308 1.5 0 0 0
1770392057.1022 0.325 1.5 0 0 0
1770392057.1277 0.299 1.5 0 0 0
1770392057.1530 0.281 1.5 0 0 0
1770392057.1776 0.283 1.5 0 0 0
1770392057.2029 0.363 1.5 0 0 0
1770392057.2271 0.471 1.5 0 0 0
1770392057.2523 0.558 1.5 0 0 0
1770392057.2775 0.616 1.5 0 0 0
1770392057.3029 0.745 1.5 0 0 0
1770392057.3271 0.899 1.5 0 0 0
1770392057.3527 0.841 1.5 0 0 0
1770392057.3774 0.724 1.5 0 0 0
1770392057.4027 0.575 1.5 0 0 0
1770392057.4278 0.628 1.5 0 0 0
1770392057.4531 0.665 1.5 0 0 0
1770392057.4783 0.664 1.5 0 0 0
1770392057.5028 0.758 1.5 0 0 0
1770392057.5280 0.797 1.5 0 0 0
1770392057.5526 0.828 1.5 0 0 0
1770392057.5780 0.691 1.5 0 0 0
1770392057.6025 0.622 1.5 0 0 0
1770392057.6276 0.61 1.5 0 0 0
1770392057.6524 0.683 1.5 0 0 0
1770392057.6776 0.784 1.5 0 0 0
1770392057.7027 0.729 1.5 0 0 0
1770392057.7280 0.688 1.5 0 0 0
1770392057.7532 0.616 1.5 0 0 0
1770392057.7788 0.611 1.5 0 0 0
1770392057.8039 0.582 1.5 0 0 0
1770392057.8284 0.494 1.5 0 0 0
1770392057.8539 0.491 1.5 0 0 0
1770392057.8782 0.491 1.5 0 0 0
1770392057.9029 0.568 1.5 0 0 0
1770392057.9285 0.608 1.5 0 0 0
1770392057.9537 0.63 1.5 0 0 0
1770392057.9781 0.742 1.5 0 0 0
1770392058.0036 0.776 1.5 0 0 0
1770392058.0288 0.723 1.5 0 0 0
1770392058.0533 0.587 1.5 0 0 0
1770392058.0788 0.567 1.5 0 0 0
1770392058.1034 0.634 1.5 0 0 0
1770392058.1287 0.745 1.5 0 0 0
1770392058.1530 0.788 1.5 0 0 0
1770392058.1785 0.923 1.5 0 0 0
1770392058.2038 1.173 1.5 0 0 0
1770392058.2289 1.5 1.5 0 0 0
1770392058.2531 1.018 1.5 0 0 0
1770392058.2783 0.871 1.5 0 0 0
1770392058.3036 0.787 1.5 0 0 0
1770392058.3287 0.797 1.5 0 0 0
1770392058.3529 0.826 1.5 0 0 0
1770392058.3784 0.807 1.5 0 0 0
1770392058.4030 1.186 1.5 0 0 0
1770392058.4284 1.407 1.5 0 0 0
1770392058.4537 1.238 1.5 0 0 0
1770392058.4788 0.789 1.5 0 0 0
1770392058.5031 0.642 1.5 0 0 0
1770392058.5283 0.637 1.5 0 0 0
1770392058.5537 0.658 1.5 0 0 0
1770392058.5788 0.675 1.5 0 0 0
1770392058.6032 0.719 1.5 0 0 0
1770392058.6283 0.801 1.5 0 0 0
1770392058.6534 0.843 1.5 0 0 0
1770392058.6786 0.777 1.5 0 0 0
1770392058.7038 0.716 1.5 0 0 0
1770392058.7289 0.65 1.5 0 0 0
1770392058.7533 0.705 1.5 0 0 0
1770392058.7791 0.746 1.5 0 0 0
1770392058.8034 0.731 1.5 0 0 0
1770392058.8285 0.769 1.5 0 0 0
1770392058.8538 0.814 1.5 0 0 0
1770392058.8789 1.005 1.5 0 0 0
1770392058.9032 0.954 1.5 0 0 0
1770392058.9283 0.757 1.5 0 0 0
1770392058.9536 0.628 1.5 0 0 0
1770392058.9781 0.624 1.5 0 0 0
1770392059.0029 0.711 1.5 0 0 0
1770392059.0284 0.788 1.5 0 0 0
1770392059.0537 0.81 1.5 0 0 0
1770392059.0788 0.931 1.5 0 0 0
1770392059.1037 0.851 1.5 0 0 0
1770392059.1288 0.793 1.5 0 0 0
1770392059.1530 0.648 1.5 0 0 0
1770392059.1783 0.631 1.5 0 0 0
1770392059.2039 0.633 1.5 0 0 0
1770392059.2280 0.733 1.5 0 0 0
1770392059.2533 0.778 1.5 0 0 0
1770392059.2784 0.721 1.5 0 0 0
1770392059.3038 0.93 1.5 0 0 0
1770392059.3283 1.023 1.5 0 0 0
1770392059.3530 0.891 1.5 0 0 0
1770392059.3789 0.644 1.5 0 0 0
1770392059.4034 0.549 1.5 0 0 0
1770392059.4280 0.608 1.5 0 0 0
1770392059.4536 0.68 1.5 0 0 0
1770392059.4781 0.747 1.5 0 0 0
1770392059.5038 0.9 1.5 0 0 0
1770392059.5283 0.943 1.5 0 0 0
1770392059.5529 0.837 1.5 0 0 0
1770392059.5787 0.77 1.5 0 0 0
1770392059.6030 0.716 1.5 0 0 0
1770392059.6287 0.649 1.5 0 0 0
1770392059.6534 0.708 1.5 0 0 0
1770392059.6790 0.745 1.5 0 0 0
1770392059.7039 0.77 1.5 0 0 0
1770392059.7284 0.85 1.5 0 0 0
1770392059.7541 0.938 1.5 0 0 0
1770392059.7789 1.06 1.5 0 0 0
1770392059.8040 0.967 1.5 0 0 0
1770392059.8280 0.761 1.5 0 0 0
1770392059.8539 0.703 1.5 0 0 0
1770392059.8785 0.728 1.5 0 0 0
1770392059.9037 0.821 1.5 0 0 0
1770392059.9288 0.919 1.5 0 0 0
1770392059.9531 0.932 1.5 0 0 0
1770392059.9788 1.032 1.5 0 0 0
1770392060.0037 0.958 1.5 0 0 0
1770392060.0283 0.909 1.5 0 0 0
1770392060.0538 0.768 1.5 0 0 0
1770392060.0791 0.802 1.5 0 0 0
1770392060.1040 0.854 1.5 0 0 0
1770392060.1285 0.953 1.5 0 0 0
1770392060.1533 1.008 1.5 0 0 0
1770392060.1791 0.947 1.5 0 0 0
1770392060.2041 1.024 1.5 0 0 0
1770392060.2287 0.997 1.5 0 0 0
1770392060.2534 0.881 1.5 0 0 0
1770392060.2789 0.701 1.5 0 0 0
1770392060.3037 0.622 1.5 0 0 0
1770392060.3284 0.692 1.5 0 0 0
1770392060.3534 0.757 1.5 0 0 0
1770392060.3790 0.809 1.5 0 0 0
1770392060.4032 0.981 1.5 0 0 0
1770392060.4288 1.092 1.5 0 0 0
1770392060.4541 1.025 1.5 0 0 0
1770392060.4786 0.792 1.5 0 0 0
1770392060.5035 0.691 1.5 0 0 0
1770392060.5290 0.644 1.5 0 0 0
1770392060.5536 0.765 1.5 0 0 0
1770392060.5784 0.837 1.5 0 0 0
1770392060.6043 0.84 1.5 0 0 0
1770392060.6287 0.918 1.5 0 0 0
1770392060.6536 1.025 1.5 0 0 0
1770392060.6787 1.029 1.5 0 0 0
1770392060.7033 0.796 1.5 0 0 0
1770392060.7292 0.615 1.5 0 0 0
1770392060.7543 0.644 1.5 0 0 0
1770392060.7790 0.689 1.5 0 0 0
1770392060.8037 0.734 1.5 0 0 0
1770392060.8292 0.831 1.5 0 0 0
1770392060.8537 0.873 1.5 0 0 0
1770392060.8791 0.947 1.5 0 0 0
1770392060.9036 0.948 1.5 0 0 0
1770392060.9291 0.959 1.5 0 0 0
1770392060.9537 0.674 1.5 0 0 0
1770392060.9786 0.685 1.5 0 0 0
1770392061.0041 0.746 1.5 0 0 0
1770392061.0290 0.749 1.5 0 0 0
1770392061.0538 0.824 1.5 0 0 0
1770392061.0794 0.896 1.5 0 0 0
1770392061.1041 0.963 1.5 0 0 0
1770392061.1296 0.902 1.5 0 0 0
1770392061.1542 0.726 1.5 0 0 0
1770392061.1794 0.648 1.5 0 0 0
1770392061.2041 0.609 1.5 0 0 0
1770392061.2289 0.662 1.5 0 0 0
1770392061.2545 0.758 1.5 0 0 0
1770392061.2794 0.85 1.5 0 0 0
1770392061.3044 0.958 1.5 0 0 0
1770392061.3289 0.985 1.5 0 0 0
1770392061.3546 0.889 1.5 0 0 0
1770392061.3789 0.718 1.5 0 0 0
1770392061.4041 0.699 1.5 0 0 0
1770392091.0398 1.387 0.44 0 0 0
1770392091.0654 1.5 0.44 0 0 0
1770392091.0904 1.411 0.438 0 0 0
1770392091.1147 1.149 0.429 0 0 0
1770392091.1399 0.977 0.441 0 0 0
1770392091.1650 0.92 0.443 0 0 0
1770392091.1902 0.864 0.433 0 0 0
1770392091.2154 0.824 0.437 0 0 0
1770392091.2397 1.041 0.428 0 0 0
1770392091.2651 1.169 0.422 0 0 0
1770392091.2903 1.25 0.411 0 0 0
1770392091.3154 1.466 0.423 0 0 0
1770392091.3405 1.456 0.428 0 0 0
1770392091.3656 1.11 0.418 0 0 0
1770392091.3902 0.802 0.426 0 0 0
1770392091.4155 0.724 0.426 0 0 0
1770392091.4399 0.826 0.422 0 0 0
1770392091.4653 0.982 0.414 0 0 0
1770392091.4905 1.071 0.451 0 0 0
1770392091.5156 1.147 0.456 0 0 0
1770392091.5401 1.247 0.42 0 0 0
1770392091.5652 1.407 0.436 0 0 0
1770392091.5899 1.305 0.45 0 0 0
1770392091.6155 1.15 0.444 0 0 0
1770392091.6398 0.877 0.434 0 0 0
1770392091.6651 1 0.458 0 0 0
1770392091.6902 1.129 0.45 0 0 0
1770392091.7153 1.185 0.42 0 0 0
1770392091.7404 1.274 0.436 0 0 0
1770392091.7655 1.229 0.436 0 0 0
1770392091.7902 1.5 0.423 0 0 0
1770392091.8153 1.38 0.419 0 0 0
1770392091.8405 1.199 0.433 0 0 0
1770392091.8657 0.969 0.442 0 0 0
1770392091.8900 0.969 0.429 0 0 0
1770392091.9151 1.022 0.446 0 0 0
1770392091.9402 1.325 0.443 0 0 0
1770392091.9654 1.5 0.435 0 0 0
1770392091.9900 1.5 0.435 0 0 0
1770392092.0148 1.5 0.439 0 0 0
1770392092.0400 1.188 0.44 0 0 0
1770392092.0651 0.735 0.425 0 0 0
1770392092.0903 0.742 0.438 0 0 0
1770392092.1154 0.79 0.441 0 0 0
1770392092.1407 1.029 0.433 0 0 0
1770392092.1656 1.202 0.442 0 0 0
1770392092.1902 1.378 0.457 0 0 0
1770392092.2156 1.5 0.445 0 0 0
1770392092.2407 1.371 0.419 0 0 0
1770392092.2648 0.963 0.448 0 0 0
1770392092.2901 0.872 0.452 0 0 0
1770392092.3152 0.826 0.419 0 0 0
1770392092.3403 0.773 0.428 0 0 0
1770392092.3654 0.895 0.425 0 0 0
1770392092.3898 0.977 0.417 0 0 0
1770392092.4149 1.193 0.403 0 0 0
1770392092.4400 1.198 0.431 0 0 0
1770392092.4651 1.195 0.438 0 0 0
1770392092.4903 0.909 0.421 0 0 0
1770392092.5155 0.847 0.435 0 0 0
1770392092.5406 0.779 0.438 0 0 0
1770392092.5658 1.002 0.441 0 0 0
1770392092.5900 1.218 0.436 0 0 0
1770392092.6152 1.316 0.444 0 0 0
1770392092.6403 1.5 0.446 0 0 0
1770392092.6654 1.5 0.434 0 0 0
1770392092.6905 1.419 0.443 0 0 0
1770392092.7156 1.06 0.442 0 0 0
1770392092.7407 0.87 0.437 0 0 0
1770392092.7648 0.835 0.426 0 0 0
1770392092.7902 0.979 0.441 0 0 0
1770392092.8152 1.264 0.445 0 0 0
1770392092.8403 1.362 0.427 0 0 0
1770392092.8654 1.439 0.45 0 0 0
1770392092.8906 1.383 0.456 0 0 0
1770392092.9157 1.214 0.442 0 0 0
1770392092.9398 1.036 0.436 0 0 0
1770392092.9648 0.881 0.457 0 0 0
1770392092.9904 0.97 0.452 0 0 0
1770392093.0157 1.072 0.421 0 0 0
1770392093.0399 1.32 0.425 0 0 0
1770392093.0655 1.341 0.421 0 0 0
1770392093.0899 1.296 0.417 0 0 0
1770392093.1154 1.345 0.42 0 0 0
1770392093.1404 1.32 0.424 0 0 0
1770392093.1655 1.084 0.425 0 0 0
1770392093.1905 0.763 0.414 0 0 0
1770392093.2158 0.683 0.428 0 0 0
1770392093.2401 0.816 0.426 0 0 0
1770392093.2653 0.869 0.455 0 0 0
1770392093.2906 0.864 0.456 0 0 0
1770392093.3149 1.5 0.431 0 0 0
1770392093.3401 1.5 0.439 0 0 0
1770392093.3653 1.5 0.437 0 0 0
1770392093.3906 0.883 0.446 0 0 0
1770392093.4154 0.748 0.446 0 0 0
1770392093.4407 0.692 0.447 0 0 0
1770392093.4658 0.829 0.452 0 0 0
1770392093.4910 0.956 0.445 0 0 0
1770392093.5150 1.06 0.441 0 0 0
1770392093.5401 1.4 0.428 0 0 0
1770392093.5652 1.5 0.441 0 0 0
1770392093.5905 1.365 0.443 0 0 0
1770392093.6155 1.065 0.429 0 0 0
1770392093.6407 0.929 0.446 0 0 0
1770392093.6657 0.9 0.454 0 0 0
1770392093.6909 0.947 0.447 0 0 0
1770392093.7160 1.024 0.431 0 0 0
1770392093.7401 1.152 0.422 0 0 0
1770392093.7662 1.411 0.417 0 0 0
1770392093.7915 1.5 0.411 0 0 0
1770392093.8157 1.083 0.428 0 0 0
1770392093.8408 0.864 0.423 0 0 0
1770392093.8661 0.793 0.452 0 0 0
1770392093.8912 0.862 0.455 0 0 0
1770392093.9156 0.916 0.432 0 0 0
1770392093.9407 1.088 0.447 0 0 0
1770392093.9658 1.188 0.458 0 0 0
1770392093.9914 1.26 0.453 0 0 0
1770392094.0156 1.483 0.432 0 0 0
1770392094.0407 1.454 0.454 0 0 0
1770392094.0658 1.103 0.453 0 0 0
1770392094.0911 0.876 0.422 0 0 0
1770392094.1163 0.811 0.435 0 0 0
1770392094.1414 0.853 0.436 0 0 0
1770392094.1665 1.01 0.425 0 0 0
1770392094.1914 1.076 0.414 0 0 0
1770392094.2157 1.5 0.436 0 0 0
1770392094.2412 1.378 0.442 0 0 0
1770392094.2657 1.215 0.433 0 0 0
1770392094.2914 0.915 0.444 0 0 0
1770392094.3158 0.81 0.441 0 0 0
1770392094.3412 0.739 0.436 0 0 0
1770392094.3667 0.939 0.425 0 0 0
1770392094.3916 1.156 0.433 0 0 0
1770392094.4167 1.432 0.44 0 0 0
1770392094.4416 1.5 0.419 0 0 0
1770392094.4659 1.358 0.427 0 0 0
1770392094.4912 1.145 0.426 0 0 0
1770392094.5164 0.945 0.419 0 0 0
1770392094.5415 0.855 0.412 0 0 0
1770392094.5667 0.722 0.453 0 0 0
1770392094.5913 0.839 0.453 0 0 0
1770392094.6163 1.127 0.42 0 0 0
1770392094.6415 1.202 0.438 0 0 0
1770392094.6667 1.383 0.449 0 0 0
1770392094.6910 1.5 0.43 0 0 0
1770392094.7161 1.237 0.426 0 0 0
1770392094.7412 1.017 0.454 0 0 0
1770392094.7664 0.738 0.438 0 0 0
1770392094.7913 0.812 0.408 0 0 0
1770392094.8163 0.899 0.431 0 0 0
1770392094.8413 0.954 0.437 0 0 0
1770392094.8664 0.997 0.424 0 0 0
1770392094.8916 1.044 0.425 0 0 0
1770392094.9166 1.374 0.433 0 0 0
1770392094.9417 1.378 0.433 0 0 0
1770392094.9668 1.021 0.415 0 0 0
1770392094.9914 0.857 0.438 0 0 0
1770392095.0165 0.818 0.441 0 0 0
1770392095.0416 0.9 0.435 0 0 0
1770392095.0668 1.047 0.441 0 0 0
1770392095.0913 1.088 0.441 0 0 0
1770392095.1159 1.36 0.44 0 0 0
1770392095.1418 1.342 0.425 0 0 0
1770392095.1664 1.301 0.438 0 0 0
1770392095.1909 0.883 0.444 0 0 0
1770392095.2165 0.841 0.432 0 0 0
1770392095.2416 0.864 0.447 0 0 0
1770392095.2667 1.008 0.456 0 0 0
1770392095.2909 1.134 0.451 0 0 0
1770392095.3161 1.194 0.431 0 0 0
1770392095.3412 1.495 0.456 0 0 0
1770392095.3666 1.47 0.451 0 0 0
1770392095.3909 1.169 0.419 0 0 0
1770392095.4159 0.949 0.442 0 0 0
1770392095.4410 0.843 0.451 0 0 0
1770392095.4665 0.725 0.435 0 0 0
1770392095.4917 0.835 0.415 0 0 0
1770392095.5168 1.041 0.426 0 0 0
1770392095.5419 1.252 0.427 0 0 0
1770392095.5670 1.404 0.416 0 0 0
1770392095.5913 1.374 0.437 0 0 0
1770392095.6163 0.873 0.44 0 0 0
1770392095.6414 0.722 0.445 0 0 0
1770392095.6666 0.72 0.441 0 0 0
1770392095.6917 0.905 0.441 0 0 0
1770392095.7169 1.043 0.451 0 0 0
1770392095.7410 0.929 0.442 0 0 0
1770392095.7669 1.119 0.45 0 0 0
1770392095.7916 1.5 0.443 0 0 0
1770392095.8173 1.324 0.447 0 0 0
1770392095.8418 1.222 0.444 0 0 0
1770392095.8670 1.067 0.432 0 0 0
1770392095.8925 0.814 0.438 0 0 0
1770392095.9167 0.773 0.426 0 0 0
1770392095.9419 0.84 0.439 0 0 0
1770392095.9670 1.009 0.438 0 0 0
1770392095.9919 1.141 0.428 0 0 0
1770392096.0169 1.5 0.435 0 0 0
1770392096.0420 1.5 0.444 0 0 0
1770392096.0672 1.5 0.439 0 0 0
1770392096.0924 0.895 0.418 0 0 0
1770392096.1166 0.83 0.415 0 0 0
1770392096.1421 0.817 0.411 0 0 0
1770392096.1675 0.933 0.412 0 0 0
1770392096.1919 1.114 0.424 0 0 0
1770392096.2172 1.277 0.422 0 0 0
1770392096.2425 1.423 0.42 0 0 0
1770392096.2668 1.325 0.414 0 0 0
1770392096.2920 1.051 0.426 0 0 0
1770392096.3173 0.909 0.429 0 0 0
1770392096.3425 0.838 0.459 0 0 0
1770392096.3669 0.871 0.457 0 0 0
1770392096.3925 0.915 0.432 0 0 0
1770392096.4166 0.949 0.451 0 0 0
1770392096.4416 1.201 0.454 0 0 0
1770392096.4669 1.5 0.437 0 0 0
1770392096.4919 1.5 0.442 0 0 0
1770392096.5171 1.03 0.455 0 0 0
1770392096.5422 0.828 0.453 0 0 0
1770392096.5673 0.822 0.433 0 0 0
1770392096.5917 0.93 0.443 0 0 0
1770392096.6169 0.991 0.442 0 0 0
1770392096.6421 1.305 0.447 0 0 0
1770392096.6672 1.395 0.451 0 0 0
1770392096.6923 1.448 0.442 0 0 0
1770392096.7174 1.416 0.435 0 0 0
1770392096.7425 1.255 0.424 0 0 0
1770392096.7667 1.001 0.433 0 0 0
1770392096.7922 0.921 0.429 0 0 0
1770392096.8173 0.868 0.419 0 0 0
1770392096.8424 0.778 0.423 0 0 0
1770392096.8676 1.125 0.425 0 0 0
1770392096.8917 1.416 0.427 0 0 0
1770392096.9169 1.461 0.413 0 0 0
1770392096.9420 1.344 0.416 0 0 0
1770392096.9671 1.315 0.413 0 0 0
1770392096.9920 0.913 0.408 0 0 0
1770392097.0173 0.854 0.437 0 0 0
1770392097.0425 0.828 0.452 0 0 0
1770392097.0676 1.11 0.441 0 0 0
1770392097.0918 1.311 0.418 0 0 0
1770392097.1169 1.236 0.451 0 0 0
1770392097.1421 1.385 0.451 0 0 0
1770392097.1675 1.343 0.421 0 0 0
1770392097.1919 1.22 0.443 0 0 0
1770392097.2174 0.905 0.449 0 0 0
1770392097.2419 0.755 0.428 0 0 0
1770392097.2670 0.846 0.415 0 0 0
1770392097.2923 0.973 0.436 0 0 0
1770392097.3175 1.093 0.438 0 0 0
1770392097.3426 1.27 0.419 0 0 0
1770392097.3668 1.483 0.437 0 0 0
1770392097.3918 1.5 0.44 0 0 0
1770392097.4170 1.169 0.436 0 0 0
1770392097.4421 0.933 0.429 0 0 0
1770392097.4672 0.77 0.437 0 0 0
1770392097.4926 0.849 0.447 0 0 0
1770392097.5167 0.908 0.43 0 0 0
1770392097.5417 0.96 0.442 0 0 0
1770392097.5668 1.419 0.442 0 0 0
1770392097.5922 1.5 0.433 0 0 0
1770392097.6172 1.5 0.431 0 0 0
1770392097.6423 1.162 0.443 0 0 0
1770392097.6675 0.836 0.443 0 0 0
1770392097.6926 0.787 0.418 0 0 0
1770392097.7176 0.782 0.442 0 0 0
1770392097.7418 0.799 0.452 0 0 0
1770392097.7670 1.074 0.435 0 0 0
1770392097.7927 1.313 0.444 0 0 0
1770392097.8175 1.5 0.459 0 0 0
1770392097.8427 1.5 0.442 0 0 0
1770392097.8669 1.493 0.419 0 0 0
1770392097.8920 0.89 0.437 0 0 0
1770392097.9171 0.893 0.439 0 0 0
1770392097.9422 0.997 0.411 0 0 0
1770392097.9675 0.966 0.418 0 0 0
1770392097.9924 1.107 0.433 0 0 0
1770392098.0169 1.398 0.428 0 0 0
1770392098.0421 1.5 0.413 0 0 0
1770392098.0674 1.5 0.436 0 0 0
1770392098.0926 1.373 0.444 0 0 0
1770392098.1168 0.987 0.448 0 0 0
1770392098.1420 0.808 0.455 0 0 0
1770392098.1673 0.822 0.443 0 0 0
1770392098.1927 0.877 0.446 0 0 0
1770392098.2170 0.935 0.44 0 0 0
1770392098.2424 1.292 0.445 0 0 0
1770392098.2668 1.5 0.448 0 0 0
1770392098.2918 1.5 0.429 0 0 0
1770392098.3171 1.134 0.438 0 0 0
1770392098.3422 0.85 0.441 0 0 0
1770392098.3673 0.753 0.442 0 0 0
1770392098.3920 0.916 0.429 0 0 0
1770392098.4170 1.052 0.457 0 0 0
1770392098.4422 1.14 0.456 0 0 0
1770392098.4672 1.153 0.431 0 0 0
1770392098.4924 1.166 0.451 0 0 0
1770392098.5177 1.307 0.452 0 0 0
1770392098.5418 1.184 0.431 0 0 0
1770392098.5669 0.931 0.416 0 0 0
1770392098.5921 0.948 0.425 0 0 0
1770392098.6171 0.899 0.428 0 0 0
1770392098.6422 0.789 0.417 0 0 0
1770392098.6674 0.884 0.429 0 0 0
1770392098.6927 0.95 0.425 0 0 0
1770392098.7179 1.297 0.419 0 0 0
1770392098.7422 1.392 0.418 0 0 0
1770392098.7674 1.444 0.422 0 0 0
1770392098.7928 0.934 0.442 0 0 0
1770392098.8171 0.851 0.451 0 0 0
1770392098.8424 0.826 0.446 0 0 0
1770392098.8676 1.064 0.43 0 0 0
1770392098.8928 1.184 0.443 0 0 0
1770392098.9178 1.122 0.447 0 0 0
1770392098.9429 1.456 0.445 0 0 0
1770392098.9678 1.451 0.453 0 0 0
1770392098.9921 1.247 0.441 0 0 0
1770392099.0171 0.967 0.446 0 0 0
1770392099.0421 0.856 0.437 0 0 0
1770392099.0682 0.883 0.427 0 0 0
1770392099.0933 1.053 0.438 0 0 0
1770392099.1184 1.326 0.442 0 0 0
1770392099.1434 1.489 0.445 0 0 0
1770392099.1676 1.5 0.43 0 0 0
1770392099.1932 1.5 0.453 0 0 0
1770392099.2185 1.166 0.454 0 0 0
1770392099.2426 0.902 0.423 0 0 0
1770392099.2681 0.761 0.423 0 0 0
1770392099.2935 0.813 0.409 0 0 0
1770392099.3177 0.873 0.411 0 0 0
1770392099.3427 0.998 0.411 0 0 0
1770392099.3680 1.341 0.422 0 0 0
1770392099.3928 1.5 0.434 0 0 0
1770392099.4179 1.359 0.457 0 0 0
1770392099.4429 1.197 0.448 0 0 0
1770392099.4682 0.988 0.42 0 0 0
1770392099.4926 0.768 0.447 0 0 0
1770392099.5178 0.748 0.454 0 0 0
1770392099.5428 0.829 0.434 0 0 0
1770392099.5678 1.009 0.448 0 0 0
1770392099.5935 1.117 0.455 0 0 0
1770392099.6185 1.5 0.441 0 0 0
1770392099.6435 1.448 0.42 0 0 0
1770392099.6676 1.34 0.437 0 0 0
1770392099.6927 1.041 0.44 0 0 0
1770392099.7179 0.867 0.433 0 0 0
1770392099.7430 0.75 0.441 0 0 0
1770392099.7683 1.081 0.44 0 0 0
1770392099.7927 1.284 0.433 0 0 0
1770392099.8180 1.241 0.424 0 0 0
1770392099.8431 1.5 0.441 0 0 0
1770392099.8683 1.5 0.446 0 0 0
1770392099.8925 1.121 0.434 0 0 0
1770392099.9176 0.912 0.434 0 0 0
1770392099.9427 0.845 0.428 0 0 0
1770392099.9679 0.879 0.433 0 0 0
1770392099.9936 0.944 0.426 0 0 0
1770392100.0176 1.024 0.431 0 0 0
1770392100.0429 1.474 0.428 0 0 0
1770392100.0682 1.5 0.413 0 0 0
1770392100.0926 1.5 0.437 0 0 0
1770392100.1177 1.09 0.451 0 0 0
1770392100.1429 0.885 0.446 0 0 0
1770392100.1682 0.754 0.43 0 0 0
1770392100.1934 0.844 0.456 0 0 0
1770392100.2182 0.92 0.459 0 0 0
1770392100.2432 0.956 0.436 0 0 0
1770392100.2678 1.281 0.455 0 0 0
1770392100.2935 1.5 0.458 0 0 0
1770392100.3179 1.495 0.432 0 0 0
1770392100.3426 1.111 0.42 0 0 0
1770392100.3687 0.779 0.436 0 0 0
1770392100.3929 0.769 0.439 0 0 0
1770392100.4179 0.767 0.419 0 0 0
1770392100.4427 0.76 0.439 0 0 0
1770392100.4685 0.837 0.443 0 0 0
1770392100.4936 0.878 0.428 0 0 0
1770392100.5185 1.089 0.422 0 0 0
1770392100.5429 1.188 0.436 0 0 0
1770392100.5678 1.27 0.445 0 0 0
1770392100.5936 1.174 0.427 0 0 0
1770392100.6180 1.004 0.441 0 0 0
1770392100.6426 0.861 0.443 0 0 0
1770392100.6685 0.866 0.435 0 0 0
1770392100.6934 0.924 0.437 0 0 0
1770392100.7179 0.997 0.445 0 0 0
1770392100.7435 1.5 0.449 0 0 0
1770392100.7679 1.5 0.43 0 0 0
1770392100.7929 1.209 0.451 0 0 0
1770392100.8187 0.944 0.456 0 0 0
1770392100.8427 0.854 0.434 0 0 0
1770392100.8684 0.937 0.451 0 0 0
1770392100.8931 0.992 0.46 0 0 0
1770392100.9187 1.034 0.45 0 0 0
1770392100.9432 1.239 0.435 0 0 0
1770392100.9687 1.5 0.457 0 0 0
1770392100.9930 1.5 0.457 0 0 0
1770392101.0183 1.02 0.425 0 0 0
1770392101.0431 0.837 0.43 0 0 0
1770392101.0686 0.746 0.426 0 0 0
1770392101.0931 0.913 0.422 0 0 0
1770392101.1179 1.076 0.412 0 0 0
1770392101.1434 1.226 0.426 0 0 0
1770392101.1679 1.5 0.435 0 0 0
1770392101.1931 1.5 0.443 0 0 0
1770392101.2179 1.348 0.454 0 0 0
1770392101.2428 1.114 0.447 0 0 0
1770392101.2686 0.916 0.449 0 0 0
1770392101.2940 0.862 0.443 0 0 0
1770392101.3182 0.831 0.447 0 0 0
1770392101.3436 0.819 0.452 0 0 0
1770392101.3685 1.044 0.439 0 0 0
1770392101.3934 1.229 0.447 0 0 0
1770392101.4179 1.5 0.444 0 0 0
1770392101.4438 1.5 0.441 0 0 0
1770392101.4683 1.5 0.433 0 0 0
1770392101.4929 0.894 0.445 0 0 0
1770392101.5187 0.783 0.448 0 0 0
1770392101.5432 0.731 0.432 0 0 0
1770392101.5686 0.958 0.441 0 0 0
1770392101.5928 1.126 0.438 0 0 0
1770392101.6182 1.196 0.425 0 0 0
1770392101.6428 1.5 0.422 0 0 0
1770392101.6683 1.5 0.427 0 0 0
1770392101.6929 1.192 0.431 0 0 0
1770392101.7188 0.8 0.418 0 0 0
1770392101.7435 0.674 0.43 0 0 0
1770392101.7679 0.745 0.427 0 0 0
1770392101.7937 0.883 0.42 0 0 0
1770392101.8186 1.074 0.424 0 0 0
1770392101.8432 1.37 0.425 0 0 0
1770392101.8687 1.5 0.448 0 0 0
1770392101.8935 1.412 0.458 0 0 0
1770392101.9181 0.895 0.445 0 0 0
1770392101.9436 0.755 0.433 0 0 0
1770392101.9682 0.727 0.458 0 0 0
1770392101.9932 0.899 0.455 0 0 0
1770392102.0180 1.047 0.436 0 0 0
1770392102.0436 0.994 0.463 0 0 0
1770392102.0681 1.151 0.462 0 0 0
1770392102.0938 1.375 0.446 0 0 0
1770392102.1183 1.274 0.434 0 0 0
1770392102.1439 1.254 0.44 0 0 0
1770392102.1682 1.143 0.453 0 0 0
1770392102.1931 1.015 0.445 0 0 0
1770392102.2185 0.978 0.456 0 0 0
1770392102.2431 0.949 0.448 0 0 0
1770392102.2687 1.121 0.451 0 0 0
1770392102.2935 1.238 0.45 0 0 0
1770392102.3185 1.397 0.447 0 0 0
1770392102.3439 1.326 0.45 0 0 0
1770392102.3692 1.32 0.43 0 0 0
1770392102.3934 0.73 0.441 0 0 0
1770392102.4191 0.682 0.441 0 0 0
1770392102.4435 0.674 0.444 0 0 0
1770392102.4693 0.794 0.458 0 0 0
1770392102.4937 0.916 0.463 0 0 0
1770392102.5194 0.982 0.487 0 0 0
1770392102.5437 1.113 0.487 0 0 0
1770392102.5688 1.001 0.57 0 0 0
1770392102.5938 0.751 0.609 0 0 0
1770392102.6194 0.652 0.597 0 0 0
1770392102.6442 0.615 0.662 0 0 0
1770392102.6689 0.585 0.714 0 0 0
1770392102.6938 0.563 0.731 0 0 0
1770392102.7188 0.553 0.715 0 0 0
1770392102.7437 0.559 1.289 0 0 0
1770392102.7687 0.941 1.5 0 0 0
1770392102.7943 1.5 1.5 0 0 0
1770392102.8188 1.5 1.5 0 0 0
1770392102.8444 1.5 1.5 0 0 0
1770392102.8690 1.374 1.5 0 0 0
1770392102.8945 1.5 1.411 0 0 0
1770392102.9192 1.5 1.124 0 0 0
1770392102.9437 1.5 1.221 0 0 0
1770392102.9696 1.5 1.482 0 0 0
1770392102.9940 1.5 1.453 0 0 0
1770392103.0187 1.5 1.306 0 0 0
1770392103.0443 1.5 1.5 0 0 0
1770392103.0693 1.5 1.5 0 0 0
1770392103.0940 1.313 1.5 0 0 0
1770392103.1191 1.5 1.5 0 0 0
1770392103.1446 1.5 1.5 0 0 0
1770392103.1692 1.5 1.5 0 0 0
1770392103.1937 1.5 1.5 0 0 0
1770392103.2193 1.5 1.5 0 0 0
1770392103.2438 1.5 1.5 0 0 0
1770392103.2693 1.5 1.5 0 0 0
1770392103.2940 1.5 1.5 0 0 0
1770392103.3187 1.5 1.5 0 0 0
1770392103.3444 1.5 1.5 0 0 0
1770392103.3689 1.5 1.5 0 0 0
1770392103.3944 1.5 1.5 0 0 0
1770392103.4194 1.5 1.5 0 0 0
1770392103.4442 1.5 1.5 0 0 0
1770392103.4687 1.5 1.5 0 0 0
1770392103.4942 1.069 1.5 0 0 0
1770392103.5187 0.692 1.5 0 0 0
1770392103.5436 0.684 1.5 0 0 0
1770392103.5693 1.5 1.5 0 0 0
1770392103.5940 1.5 1.5 0 0 0
1770392103.6192 1.5 1.5 0 0 0
1770392103.6439 1.5 1.5 0 0 0
1770392103.6695 1.5 1.5 0 0 0
1770392103.6942 1.5 1.5 0 0 0
1770392103.7187 1.5 1.453 0 0 0
1770392103.7436 1.427 1.5 0 0 0
1770392103.7693 1.051 1.5 0 0 0
1770392103.7943 0.94 1.322 0 0 0
1770392103.8189 0.928 1.5 0 0 0
1770392103.8445 1.28 1.5 0 0 0
1770392103.8690 1.386 1.5 0 0 0
1770392103.8936 1.455 1.422 0 0 0
1770392103.9194 1.115 1.185 0 0 0
1770392103.9440 0.829 1.327 0 0 0
1770392103.9687 0.642 1.355 0 0 0
1770392103.9942 0.688 1.34 0 0 0
1770392104.0188 0.702 1.28 0 0 0
1770392104.0437 0.673 1.422 0 0 0
1770392104.0694 0.822 1.352 0 0 0
1770392104.0939 0.926 1.105 0 0 0
1770392104.1196 1.028 1.204 0 0 0
1770392104.1441 0.955 1.226 0 0 0
1770392104.1688 0.916 1.118 0 0 0
1770392104.1937 0.537 1.02 0 0 0
1770392104.2193 0.573 1.273 0 0 0
1770392104.2437 0.674 1.316 0 0 0
1770392104.2694 0.763 1.105 0 0 0
1770392104.2939 0.877 1.209 0 0 0
1770392104.3197 0.967 1.233 0 0 0
1770392104.3441 1.047 1.5 0 0 0
1770392104.3696 0.984 1.5 0 0 0
1770392104.3939 0.871 1.332 0 0 0
1770392104.4186 0.751 1.432 0 0 0
1770392104.4441 0.706 1.382 0 0 0
1770392104.4687 0.754 1.321 0 0 0
1770392104.4943 0.788 1.24 0 0 0
1770392104.5188 0.817 1.5 0 0 0
1770392104.5444 1.005 1.5 0 0 0
1770392104.5690 1.092 1.352 0 0 0
1770392104.5937 1.031 1.341 0 0 0
1770392104.6197 0.7 1.258 0 0 0
1770392104.6442 0.616 1.289 0 0 0
1770392104.6697 0.63 1.226 0 0 0
1770392104.6942 0.731 1.264 0 0 0
1770392104.7188 0.783 1.371 0 0 0
1770392104.7443 0.743 1.5 0 0 0
1770392104.7691 0.887 1.356 0 0 0
1770392104.7940 1.079 1.086 0 0 0
1770392104.8191 0.751 1.215 0 0 0
1770392104.8446 0.628 1.237 0 0 0
1770392104.8692 0.542 1.11 0 0 0
1770392104.8940 0.581 1.16 0 0 0
1770392104.9191 0.604 1.204 0 0 0
1770392104.9439 0.619 1.256 0 0 0
1770392104.9695 0.734 1.191 0 0 0
1770392104.9938 0.847 1.252 0 0 0
1770392105.0197 1.135 1.283 0 0 0
1770392105.0437 1.058 1.411 0 0 0
1770392105.0691 1.002 1.5 0 0 0
1770392105.0938 0.594 1.428 0 0 0
1770392105.1191 0.66 1.5 0 0 0
1770392105.1437 0.81 1.5 0 0 0
1770392105.1695 0.854 1.274 0 0 0
1770392105.1944 0.959 1.194 0 0 0
1770392105.2191 1.062 1.196 0 0 0
1770392105.2438 1.151 1.274 0 0 0
1770392105.2696 1.039 1.248 0 0 0
1770392105.2947 0.839 1.316 0 0 0
1770392105.3193 0.699 1.258 0 0 0
1770392105.3442 0.67 1.277 0 0 0
1770392105.3699 0.777 1.238 0 0 0
1770392105.3939 0.781 1.154 0 0 0
1770392105.4194 0.773 1.267 0 0 0
1770392105.4449 0.93 1.228 0 0 0
1770392105.4693 1.033 1.172 0 0 0
1770392105.4942 1.015 1.129 0 0 0
1770392105.5191 0.71 1.177 0 0 0
1770392105.5448 0.616 1.208 0 0 0
1770392105.5690 0.581 1.045 0 0 0
1770392105.5948 0.697 1.186 0 0 0
1770392105.6202 0.78 1.211 0 0 0
1770392105.6452 0.776 1.5 0 0 0
1770392105.6700 1.011 1.5 0 0 0
1770392105.6947 1.29 1.451 0 0 0
1770392105.7198 1.245 1.5 0 0 0
1770392105.7449 0.916 1.5 0 0 0
1770392105.7695 0.678 1.5 0 0 0
1770392105.7950 0.65 1.408 0 0 0
1770392105.8198 0.639 1.5 0 0 0
1770392105.8448 0.628 1.5 0 0 0
1770392105.8695 0.743 1.229 0 0 0
1770392105.8952 0.829 1.291 0 0 0
1770392105.9197 0.996 1.254 0 0 0
1770392105.9455 0.982 1.188 0 0 0
1770392105.9699 0.937 1.114 0 0 0
1770392105.9953 0.637 1.196 0 0 0
1770392106.0199 0.673 1.306 0 0 0
1770392106.0445 0.734 1.245 0 0 0
1770392106.0700 0.689 1.207 0 0 0
1770392106.0946 0.748 1.143 0 0 0
1770392106.1202 0.831 1.235 0 0 0
1770392106.1449 1.034 1.245 0 0 0
1770392106.1704 1.083 1.172 0 0 0
1770392106.1952 1.08 1.191 0 0 0
1770392106.2197 0.874 1.128 0 0 0
1770392106.2452 0.793 1.097 0 0 0
1770392106.2703 0.666 1.024 0 0 0
1770392106.2952 0.68 1.177 0 0 0
1770392106.3199 0.71 1.35 0 0 0
1770392106.3455 0.815 1.5 0 0 0
1770392106.3702 0.935 1.5 0 0 0
1770392106.3951 0.986 1.298 0 0 0
1770392106.4196 0.85 1.5 0 0 0
1770392106.4445 0.697 1.5 0 0 0
1770392106.4704 0.561 1.356 0 0 0
1770392106.4954 0.637 1.421 0 0 0
1770392106.5199 0.686 1.5 0 0 0
1770392106.5448 0.649 1.272 0 0 0
1770392106.5703 0.699 1.054 0 0 0
1770392106.5946 0.752 1.212 0 0 0
1770392106.6203 0.831 1.246 0 0 0
1770392106.6448 0.889 1.106 0 0 0
1770392106.6703 0.869 1.154 0 0 0
1770392106.6948 0.61 1.206 0 0 0
1770392106.7203 0.59 1.403 0 0 0
1770392106.7449 0.646 1.36 0 0 0
1770392106.7704 0.788 1.303 0 0 0
1770392106.7954 0.886 1.281 0 0 0
1770392106.8201 1.082 1.35 0 0 0
1770392106.8453 1.08 1.408 0 0 0
1770392106.8699 1.024 1.277 0 0 0
1770392106.8946 0.702 1.348 0 0 0
1770392106.9202 0.678 1.263 0 0 0
1770392106.9448 0.671 1.283 0 0 0
1770392106.9704 0.672 1.273 0 0 0
1770392106.9954 0.708 1.234 0 0 0
1770392107.0199 0.74 1.474 0 0 0
1770392107.0449 0.922 1.5 0 0 0
1770392107.0702 1.119 1.371 0 0 0
1770392107.0951 1.5 1.274 0 0 0
1770392107.1197 0.903 1.5 0 0 0
1770392107.1452 0.724 1.462 0 0 0
1770392107.1697 0.559 1.107 0 0 0
1770392107.1948 0.612 1.205 0 0 0
1770392107.2203 0.687 1.222 0 0 0
1770392107.2449 0.803 1.12 0 0 0
1770392107.2703 0.933 1.053 0 0 0
1770392107.2949 0.987 1.159 0 0 0
1770392107.3204 0.889 1.215 0 0 0
1770392107.3450 0.76 1.065 0 0 0
1770392107.3704 0.64 1.184 0 0 0
1770392107.3952 0.676 1.226 0 0 0
1770392107.4206 0.733 1.5 0 0 0
1770392107.4451 0.797 1.5 0 0 0
1770392107.4700 0.839 1.347 0 0 0
1770392107.4947 0.877 1.5 0 0 0
1770392107.5202 0.867 1.5 0 0 0
1770392107.5448 0.988 1.364 0 0 0
1770392107.5701 1.073 1.213 0 0 0
1770392107.5947 0.748 1.359 0 0 0
1770392107.6206 0.66 1.407 0 0 0
1770392107.6450 0.64 1.3 0 0 0
1770392107.6703 0.749 1.257 0 0 0
1770392107.6957 0.813 1.145 0 0 0
1770392107.7199 0.876 1.234 0 0 0
1770392107.7447 0.919 1.227 0 0 0
1770392107.7706 0.956 1.251 0 0 0
1770392107.7956 0.885 1.369 0 0 0
1770392107.8204 0.739 1.351 0 0 0
1770392107.8449 0.63 1.233 0 0 0
1770392107.8704 0.631 1.059 0 0 0
1770392107.8950 0.663 1.306 0 0 0
1770392107.9197 0.695 1.355 0 0 0
1770392107.9449 0.854 1.127 0 0 0
1770392107.9704 0.949 1.248 0 0 0
1770392107.9949 1.026 1.32 0 0 0
1770392108.0204 0.796 1.167 0 0 0
1770392108.0451 0.714 1.039 0 0 0
1770392108.0698 0.647 1.193 0 0 0
1770392108.0954 0.699 1.306 0 0 0
1770392108.1199 0.744 1.373 0 0 0
1770392108.1449 0.791 1.378 0 0 0
1770392108.1704 0.825 1.255 0 0 0
1770392108.1947 0.809 1.5 0 0 0
1770392108.2202 0.923 1.5 0 0 0
1770392108.2450 0.886 1.376 0 0 0
1770392108.2705 0.808 1.441 0 0 0
1770392108.2951 0.693 1.5 0 0 0
1770392108.3206 0.664 0.697 0 0 0
1770392108.3453 0.673 0.463 0 0 0
1770392108.3699 0.762 0.22 0 0 0
1770392108.3952 0.851 0.178 0 0 0
1770392108.4200 0.966 0.173 0 0 0
1770392108.4457 1.041 0.215 0 0 0
1770392108.4701 1.024 0.436 0 0 0
1770392108.4949 0.634 0.814 0 0 0
1770392108.5204 0.615 1.289 0 0 0
1770392108.5451 0.719 1.132 0 0 0
1770392108.5697 0.76 1.082 0 0 0
1770392108.5948 0.795 1.165 0 0 0
1770392108.6197 0.917 1.157 0 0 0
1770392108.6459 0.988 1.038 0 0 0
1770392108.6714 1.02 1.201 0 0 0
1770392108.6960 0.804 1.233 0 0 0
1770392108.7205 0.699 1.289 0 0 0
1770392108.7462 0.617 1.342 0 0 0
1770392108.7708 0.748 1.364 0 0 0
1770392108.7956 0.743 1.5 0 0 0
1770392108.8210 0.687 1.5 0 0 0
1770392108.8458 0.901 1.402 0 0 0
1770392108.8713 1.007 1.254 0 0 0
1770392108.8959 1.051 0.938 0 0 0
1770392108.9215 0.95 0.658 0 0 0
1770392108.9462 0.849 0.409 0 0 0
1770392108.9707 0.649 0.623 0 0 0
1770392108.9954 0.653 1.055 0 0 0
1770392109.0212 0.667 1.14 0 0 0
1770392109.0458 0.804 1.134 0 0 0
1770392109.0705 0.844 1.211 0 0 0
1770392109.0962 0.811 1.344 0 0 0
1770392109.1209 1.027 1.221 0 0 0
1770392109.1457 0.935 1.246 0 0 0
1770392109.1712 0.78 1.228 0 0 0
1770392109.1962 0.704 1.254 0 0 0
1770392109.2213 0.71 1.259 0 0 0
1770392109.2462 0.753 1.178 0 0 0
1770392109.2707 0.759 1.263 0 0 0
1770392109.2965 0.793 1.234 0 0 0
1770392109.3212 1.056 1.191 0 0 0
1770392109.3460 1.237 1.122 0 0 0
1770392109.3705 1.217 1.18 0 0 0
1770392109.3957 0.756 1.448 0 0 0
1770392109.4212 0.592 1.5 0 0 0
1770392109.4460 0.495 1.5 0 0 0
1770392109.4709 0.654 1.33 0 0 0
1770392109.4960 0.77 1.5 0 0 0
1770392109.5206 0.771 1.5 0 0 0
1770392109.5464 0.792 1.365 0 0 0
1770392109.5709 0.839 1.467 0 0 0
1770392109.5963 1.027 1.5 0 0 0
1770392109.6213 0.861 1.225 0 0 0
1770392109.6465 0.707 1.025 0 0 0
1770392109.6714 0.694 1.192 0 0 0
1770392109.6963 0.738 1.227 0 0 0
1770392109.7210 0.788 1.087 0 0 0
1770392109.7464 0.907 1.168 0 0 0
1770392109.7706 0.992 1.201 0 0 0
1770392109.7959 1.119 1.135 0 0 0
1770392109.8211 0.976 1.036 0 0 0
1770392109.8459 0.868 1.217 0 0 0
1770392109.8708 0.679 1.271 0 0 0
1770392109.8958 0.793 1.216 0 0 0
1770392109.9212 0.898 1.286 0 0 0
1770392109.9458 0.932 1.238 0 0 0
1770392109.9707 0.873 1.289 0 0 0
1770392109.9958 0.777 1.243 0 0 0
1770392110.0213 1.137 1.28 0 0 0
1770392110.0458 1.202 1.317 0 0 0
1770392110.0713 1.099 1.255 0 0 0
1770392110.0959 0.651 1.407 0 0 0
1770392110.1206 0.585 1.356 0 0 0
1770392110.1464 0.649 1.313 0 0 0
1770392110.1708 0.628 1.274 0 0 0
1770392110.1957 0.626 1.368 0 0 0
1770392110.2211 0.817 1.403 0 0 0
1770392110.2458 1.01 1.274 0 0 0
1770392110.2714 1.072 1.5 0 0 0
1770392110.2957 0.857 1.5 0 0 0
1770392110.3210 0.736 1.204 0 0 0
1770392110.3466 0.658 1.099 0 0 0
1770392110.3710 0.715 1.156 0 0 0
1770392110.3960 0.764 1.165 0 0 0
1770392110.4211 0.767 1.033 0 0 0
1770392110.4459 0.759 1.166 0 0 0
1770392110.4716 0.782 1.194 0 0 0
1770392110.4962 0.885 1.233 0 0 0
1770392110.5206 0.885 1.242 0 0 0
1770392110.5462 0.824 1.235 0 0 0
1770392110.5714 0.726 1.486 0 0 0
1770392110.5962 0.744 1.5 0 0 0
1770392110.6214 0.792 1.354 0 0 0
1770392110.6467 0.754 1.239 0 0 0
1770392110.6713 0.828 1.467 0 0 0
1770392110.6967 1.131 1.415 0 0 0
1770392110.7207 1.159 1.101 0 0 0
1770392110.7460 1.066 1.193 0 0 0
1770392110.7712 0.778 1.21 0 0 0
1770392110.7958 0.632 1.255 0 0 0
1770392110.8209 0.563 1.229 0 0 0
1770392110.8461 0.728 1.241 0 0 0
1770392110.8713 0.776 1.394 0 0 0
1770392110.8959 0.757 1.347 0 0 0
1770392110.9210 1.056 1.171 0 0 0
1770392110.9462 1.215 1.027 0 0 0
1770392110.9714 1.277 1.171 0 0 0
1770392110.9963 0.755 1.196 0 0 0
1770392111.0212 0.642 1.077 0 0 0
1770392111.0465 0.584 1.178 0 0 0
1770392111.0711 0.627 1.206 0 0 0
1770392111.0965 0.685 1.101 0 0 0
1770392111.1207 1.004 1.015 0 0 0
1770392111.1462 1.105 1.284 0 0 0
1770392111.1715 1.034 1.482 0 0 0
1770392111.1960 0.807 1.491 0 0 0
1770392111.2212 0.729 1.5 0 0 0
1770392111.2468 0.697 1.404 0 0 0
1770392111.2712 0.762 1.5 0 0 0
1770392111.2967 0.794 1.5 0 0 0
1770392111.3211 0.736 1.5 0 0 0
1770392111.3461 0.689 1.5 0 0 0
1770392111.3709 0.702 1.5 0 0 0
1770392111.3962 0.966 1.398 0 0 0
1770392111.4213 1.017 1.24 0 0 0
1770392111.4465 0.957 1.235 0 0 0
1770392111.4717 0.553 1.253 0 0 0
1770392111.4970 0.599 1.146 0 0 0
1770392111.5212 0.747 1.219 0 0 0
1770392135.5290 0.883 1.5 0 0 0
1770392135.5544 0.827 1.5 0 0 0
1770392135.5794 0.641 1.5 0 0 0
1770392135.6037 0.591 1.5 0 0 0
1770392135.6289 0.55 1.5 0 0 0
1770392135.6541 0.72 1.5 0 0 0
1770392135.6793 0.754 1.5 0 0 0
1770392135.7044 0.719 1.5 0 0 0
1770392135.7296 0.968 1.5 0 0 0
1770392135.7548 0.948 1.5 0 0 0
1770392135.7797 0.775 1.5 0 0 0
1770392135.8047 0.6 1.5 0 0 0
1770392135.8301 0.545 1.5 0 0 0
1770392135.8545 0.523 1.5 0 0 0
1770392135.8799 0.61 1.5 0 0 0
1770392135.9052 0.681 1.5 0 0 0
1770392135.9303 0.772 1.5 0 0 0
1770392135.9544 0.894 1.5 0 0 0
1770392135.9797 0.975 1.5 0 0 0
1770392136.0043 0.98 1.5 0 0 0
1770392136.0298 0.787 1.5 0 0 0
1770392136.0553 0.626 1.5 0 0 0
1770392136.0796 0.584 1.5 0 0 0
1770392136.1049 0.62 1.5 0 0 0
1770392136.1301 0.792 1.5 0 0 0
1770392136.1545 0.849 1.5 0 0 0
1770392136.1798 0.871 1.5 0 0 0
1770392136.2052 0.82 1.5 0 0 0
1770392136.2302 0.833 1.5 0 0 0
1770392136.2543 0.811 1.5 0 0 0
1770392136.2794 0.615 1.5 0 0 0
1770392136.3045 0.648 1.5 0 0 0
1770392136.3295 0.811 1.5 0 0 0
1770392136.3547 0.728 1.5 0 0 0
1770392136.3799 0.697 1.5 0 0 0
1770392136.4055 0.683 1.5 0 0 0
1770392136.4299 0.845 1.5 0 0 0
1770392136.4548 0.98 1.5 0 0 0
1770392136.4800 0.939 1.5 0 0 0
1770392136.5052 0.697 1.5 0 0 0
1770392136.5304 0.551 1.5 0 0 0
1770392136.5546 0.724 1.5 0 0 0
1770392136.5797 0.777 1.5 0 0 0
1770392136.6050 0.762 1.5 0 0 0
1770392136.6301 0.845 1.5 0 0 0
1770392136.6552 0.876 1.5 0 0 0
1770392136.6803 0.889 1.5 0 0 0
1770392136.7044 0.841 1.5 0 0 0
1770392136.7295 0.767 1.5 0 0 0
1770392136.7546 0.564 1.5 0 0 0
1770392136.7797 0.562 1.5 0 0 0
1770392136.8049 0.564 1.5 0 0 0
1770392136.8299 0.61 1.5 0 0 0
1770392136.8552 0.694 1.5 0 0 0
1770392136.8802 0.767 1.5 0 0 0
1770392136.9047 0.946 1.5 0 0 0
1770392136.9298 0.824 1.5 0 0 0
1770392136.9551 0.657 1.5 0 0 0
1770392136.9799 0.576 1.5 0 0 0
1770392137.0054 0.579 1.5 0 0 0
1770392137.0295 0.645 1.5 0 0 0
1770392137.0547 0.669 1.5 0 0 0
1770392137.0798 0.681 1.5 0 0 0
1770392137.1050 0.765 1.5 0 0 0
1770392137.1301 0.904 1.5 0 0 0
1770392137.1553 0.974 1.5 0 0 0
1770392137.1804 0.836 1.5 0 0 0
1770392137.2050 0.676 1.5 0 0 0
1770392137.2301 0.558 1.5 0 0 0
1770392137.2552 0.594 1.5 0 0 0
1770392137.2794 0.653 1.5 0 0 0
1770392137.3050 0.698 1.5 0 0 0
1770392137.3303 0.788 1.5 0 0 0
1770392137.3550 0.862 1.5 0 0 0
1770392137.3802 0.912 1.5 0 0 0
1770392137.4045 0.752 1.5 0 0 0
1770392137.4297 0.623 1.5 0 0 0
1770392137.4548 0.593 1.5 0 0 0
1770392137.4801 0.656 1.5 0 0 0
1770392137.5048 0.77 1.5 0 0 0
1770392137.5300 0.743 1.5 0 0 0
1770392137.5553 0.799 1.5 0 0 0
1770392137.5799 0.973 1.5 0 0 0
1770392137.6055 0.963 1.5 0 0 0
1770392137.6295 0.944 1.5 0 0 0
1770392137.6553 0.836 1.5 0 0 0
1770392137.6795 0.662 1.5 0 0 0
1770392137.7047 0.568 1.5 0 0 0
1770392137.7297 0.646 1.5 0 0 0
1770392137.7549 0.685 1.5 0 0 0
1770392137.7802 0.704 1.5 0 0 0
1770392137.8048 0.721 1.5 0 0 0
1770392137.8299 0.755 1.5 0 0 0
1770392137.8551 0.808 1.5 0 0 0
1770392137.8802 0.666 1.5 0 0 0
1770392137.9054 0.615 1.5 0 0 0
1770392137.9295 0.554 1.5 0 0 0
1770392137.9546 0.634 1.5 0 0 0
1770392137.9799 0.685 1.5 0 0 0
1770392138.0052 0.597 1.5 0 0 0
1770392138.0303 0.659 1.5 0 0 0
1770392138.0545 0.724 1.5 0 0 0
1770392138.0795 0.89 1.5 0 0 0
1770392138.1049 0.768 1.5 0 0 0
1770392138.1299 0.617 1.5 0 0 0
1770392138.1552 0.565 1.5 0 0 0
1770392138.1804 0.603 1.5 0 0 0
1770392138.2049 0.707 1.5 0 0 0
1770392138.2300 0.775 1.5 0 0 0
1770392138.2552 0.809 1.5 0 0 0
1770392138.2802 0.848 1.5 0 0 0
1770392138.3053 0.857 1.5 0 0 0
1770392138.3295 0.814 1.5 0 0 0
1770392138.3548 0.638 1.5 0 0 0
1770392138.3795 0.625 1.5 0 0 0
1770392138.4048 0.67 1.5 0 0 0
1770392138.4298 0.672 1.5 0 0 0
1770392138.4553 0.732 1.5 0 0 0
1770392138.4800 0.837 1.5 0 0 0
1770392138.5056 0.991 1.5 0 0 0
1770392138.5306 1.067 1.5 0 0 0
1770392138.5547 0.964 1.5 0 0 0
1770392138.5803 0.744 1.5 0 0 0
1770392138.6054 0.625 1.5 0 0 0
1770392138.6306 0.613 1.5 0 0 0
1770392138.6547 0.653 1.5 0 0 0
1770392138.6798 0.694 1.5 0 0 0
1770392138.7050 0.821 1.5 0 0 0
1770392138.7302 0.931 1.5 0 0 0
1770392138.7554 1.021 0.96 0 0 0
1770392138.7802 0.965 0.552 0 0 0
1770392138.8055 0.809 0.323 0 0 0
1770392138.8298 0.57 0.273 0 0 0
1770392138.8550 0.568 0.246 0 0 0
1770392138.8807 0.57 0.255 0 0 0
1770392138.9049 0.644 0.287 0 0 0
1770392138.9298 0.69 0.279 0 0 0
1770392138.9550 0.702 0.262 0 0 0
1770392138.9804 1.026 0.281 0 0 0
1770392139.0047 0.901 0.287 0 0 0
1770392139.0298 0.735 0.273 0 0 0
1770392139.0563 0.572 0.283 0 0 0
1770392139.0809 0.575 0.294 0 0 0
1770392139.1062 0.64 0.296 0 0 0
1770392139.1303 0.741 0.293 0 0 0
1770392139.1554 0.796 0.299 0 0 0
1770392139.1805 0.806 0.299 0 0 0
1770392139.2060 0.932 0.295 0 0 0
1770392139.2302 0.985 0.3 0 0 0
1770392139.2556 0.88 0.299 0 0 0
1770392139.2807 0.727 0.301 0 0 0
1770392139.3057 0.634 0.298 0 0 0
1770392139.3309 0.629 0.299 0 0 0
1770392139.3559 0.697 0.303 0 0 0
1770392139.3806 0.773 0.301 0 0 0
1770392139.4058 0.873 0.3 0 0 0
1770392139.4309 0.951 0.294 0 0 0
1770392139.4560 0.995 0.298 0 0 0
1770392139.4810 0.884 0.298 0 0 0
1770392139.5063 0.78 0.301 0 0 0
1770392139.5313 0.604 0.303 0 0 0
1770392139.5554 0.629 0.293 0 0 0
1770392139.5808 0.692 0.31 0 0 0
1770392139.6060 0.685 0.322 0 0 0
1770392139.6310 0.736 0.305 0 0 0
1770392139.6563 0.801 0.301 0 0 0
1770392139.6804 1.013 0.323 0 0 0
1770392139.7056 1.055 0.317 0 0 0
1770392139.7306 0.814 0.297 0 0 0
1770392139.7557 0.621 0.316 0 0 0
1770392139.7812 0.544 0.323 0 0 0
1770392139.8054 0.611 0.302 0 0 0
1770392139.8305 0.628 0.299 0 0 0
1770392139.8556 0.625 0.298 0 0 0
1770392139.8808 0.828 0.3 0 0 0
1770392139.9059 0.87 0.293 0 0 0
1770392139.9310 0.839 0.3 0 0 0
1770392139.9553 0.684 0.299 0 0 0
1770392139.9807 0.656 0.307 0 0 0
1770392140.0063 0.63 0.308 0 0 0
1770392140.0307 0.711 0.295 0 0 0
1770392140.0559 0.747 0.297 0 0 0
1770392140.0812 0.76 0.296 0 0 0
1770392140.1054 0.894 0.295 0 0 0
1770392140.1305 0.974 0.295 0 0 0
1770392140.1557 1.119 0.3 0 0 0
1770392140.1810 0.773 0.304 0 0 0
1770392140.2061 0.574 0.307 0 0 0
1770392140.2313 0.531 0.304 0 0 0
1770392140.2553 0.574 0.295 0 0 0
1770392140.2806 0.64 0.31 0 0 0
1770392140.3062 0.839 0.313 0 0 0
1770392140.3306 0.98 0.295 0 0 0
1770392140.3558 1.006 0.304 0 0 0
1770392140.3810 0.96 0.312 0 0 0
1770392140.4062 0.888 0.3 0 0 0
1770392140.4313 0.67 0.288 0 0 0
1770392140.4557 0.63 0.293 0 0 0
1770392140.4804 0.638 0.291 0 0 0
1770392140.5062 0.721 0.281 0 0 0
1770392140.5311 0.787 0.288 0 0 0
1770392140.5560 0.804 0.29 0 0 0
1770392140.5812 0.919 0.283 0 0 0
1770392140.6058 1.076 0.278 0 0 0
1770392140.6313 1.168 0.295 0 0 0
1770392140.6558 0.703 0.303 0 0 0
1770392140.6813 0.558 0.302 0 0 0
1770392140.7058 0.595 0.305 0 0 0
1770392140.7312 0.613 0.301 0 0 0
1770392140.7562 0.625 0.308 0 0 0
1770392140.7808 0.719 0.308 0 0 0
1770392140.8063 0.805 0.303 0 0 0
1770392140.8303 0.866 0.312 0 0 0
1770392140.8562 0.788 0.314 0 0 0
1770392140.8809 0.724 0.337 0 0 0
1770392140.9055 0.596 0.347 0 0 0
1770392140.9309 0.621 0.359 0 0 0
1770392140.9556 0.631 0.37 0 0 0
1770392140.9813 0.666 0.393 0 0 0
1770392141.0062 0.699 0.401 0 0 0
1770392141.0306 0.705 0.389 0 0 0
1770392141.0555 0.836 0.447 0 0 0
1770392141.0813 0.781 0.47 0 0 0
1770392141.1059 0.707 0.453 0 0 0
1770392141.1312 0.607 0.479 0 0 0
1770392141.1554 0.621 0.539 0 0 0
1770392141.1814 0.649 0.543 0 0 0
1770392141.2054 0.723 0.52 0 0 0
1770392141.2310 0.768 0.537 0 0 0
1770392141.2554 0.84 0.536 0 0 0
1770392141.2809 0.913 0.507 0 0 0
1770392141.3055 0.931 0.521 0 0 0
1770392141.3304 0.778 0.526 0 0 0
1770392141.3564 0.609 0.568 0 0 0
1770392141.3809 0.53 0.578 0 0 0
1770392141.4056 0.59 0.536 0 0 0
1770392141.4312 0.669 0.534 0 0 0
1770392141.4558 0.734 0.61 0 0 0
1770392141.4806 0.855 0.608 0 0 0
1770392141.5054 0.906 0.554 0 0 0
1770392141.5312 0.83 0.577 0 0 0
1770392141.5562 0.692 0.585 0 0 0
1770392141.5808 0.618 0.536 0 0 0
1770392141.6064 0.613 0.53 0 0 0
1770392141.6310 0.618 0.51 0 0 0
1770392141.6557 0.63 0.523 0 0 0
1770392141.6815 0.632 0.533 0 0 0
1770392141.7062 0.639 0.549 0 0 0
1770392141.7311 0.635 0.542 0 0 0
1770392141.7558 0.835 0.567 0 0 0
1770392141.7805 0.935 0.551 0 0 0
1770392141.8063 0.833 0.502 0 0 0
1770392141.8307 0.629 0.535 0 0 0
1770392141.8562 0.548 0.553 0 0 0
1770392141.8808 0.571 0.515 0 0 0
1770392141.9054 0.64 0.504 0 0 0
1770392141.9310 0.69 0.549 0 0 0
1770392141.9555 0.869 0.564 0 0 0
1770392141.9812 0.913 0.543 0 0 0
1770392142.0060 0.896 0.555 0 0 0
1770392142.0305 0.727 0.541 0 0 0
1770392142.0563 0.673 0.584 0 0 0
1770392142.0810 0.611 0.593 0 0 0
1770392142.1058 0.734 0.571 0 0 0
1770392142.1313 0.777 0.606 0 0 0
1770392142.1560 0.729 0.612 0 0 0
1770392142.1807 0.813 0.551 0 0 0
1770392142.2064 0.854 0.523 0 0 0
1770392142.2309 0.889 0.538 0 0 0
1770392142.2567 0.857 0.539 0 0 0
1770392142.2813 0.843 0.521 0 0 0
1770392142.3060 0.609 0.541 0 0 0
1770392142.3317 0.614 0.535 0 0 0
1770392142.3566 0.649 0.542 0 0 0
1770392142.3812 0.722 0.531 0 0 0
1770392142.4069 0.78 0.511 0 0 0
1770392142.4314 0.841 0.544 0 0 0
1770392142.4573 0.926 0.558 0 0 0
1770392142.4818 0.897 0.562 0 0 0
1770392142.5066 0.698 0.543 0 0 0
1770392142.5321 0.631 0.543 0 0 0
1770392142.5571 0.614 0.534 0 0 0
1770392142.5818 0.684 0.5 0 0 0
1770392142.6068 0.666 0.532 0 0 0
1770392142.6315 0.614 0.548 0 0 0
1770392142.6568 0.755 0.591 0 0 0
1770392142.6814 0.878 0.606 0 0 0
1770392142.7069 0.913 0.562 0 0 0
1770392142.7321 0.681 0.574 0 0 0
1770392142.7567 0.581 0.613 0 0 0
1770392142.7814 0.498 0.59 0 0 0
1770392142.8065 0.568 0.549 0 0 0
1770392142.8321 0.649 0.58 0 0 0
1770392142.8568 0.766 0.582 0 0 0
1770392142.8814 0.837 0.511 0 0 0
1770392142.9062 0.874 0.523 0 0 0
1770392142.9319 0.822 0.546 0 0 0
1770392142.9569 0.749 0.542 0 0 0
1770392142.9816 0.623 0.512 0 0 0
1770392143.0065 0.686 0.55 0 0 0
1770392143.0321 0.718 0.561 0 0 0
1770392143.0568 0.755 0.548 0 0 0
1770392143.0814 0.799 0.575 0 0 0
1770392143.1071 0.813 0.585 0 0 0
1770392143.1317 0.988 0.595 0 0 0
1770392143.1563 0.962 0.582 0 0 0
1770392143.1819 0.914 0.591 0 0 0
1770392143.2069 0.666 0.607 0 0 0
1770392143.2318 0.601 0.624 0 0 0
1770392143.2568 0.555 0.64 0 0 0
1770392143.2816 0.68 0.63 0 0 0
1770392143.3071 0.741 0.644 0 0 0
1770392143.3315 0.753 0.632 0 0 0
1770392143.3571 0.906 0.691 0 0 0
1770392143.3818 0.977 0.691 0 0 0
1770392143.4069 0.922 0.638 0 0 0
1770392143.4323 0.719 0.654 0 0 0
1770392143.4570 0.64 0.656 0 0 0
1770392143.4817 0.608 0.65 0 0 0
1770392143.5064 0.621 0.632 0 0 0
1770392143.5320 0.625 0.66 0 0 0
1770392143.5570 0.626 0.633 0 0 0
1770392143.5818 0.696 0.553 0 0 0
1770392143.6074 0.805 0.624 0 0 0
1770392143.6319 0.768 0.675 0 0 0
1770392143.6569 0.705 0.672 0 0 0
1770392143.6821 0.585 0.685 0 0 0
1770392143.7073 0.583 0.79 0 0 0
1770392143.7317 0.602 0.853 0 0 0
1770392143.7570 0.621 0.849 0 0 0
1770392143.7818 0.683 0.877 0 0 0
1770392143.8072 0.738 0.857 0 0 0
1770392143.8324 0.909 0.528 0 0 0
1770392143.8566 0.874 0.435 0 0 0
1770392143.8818 0.706 0.339 0 0 0
1770392143.9070 0.567 0.357 0 0 0
1770392143.9321 0.521 0.383 0 0 0
1770392143.9575 0.56 0.418 0 0 0
1770392143.9819 0.707 0.429 0 0 0
1770392144.0075 0.843 0.817 0 0 0
1770392144.0326 0.924 1.328 0 0 0
1770392144.0569 0.95 1.5 0 0 0
1770392144.0826 0.954 1.5 0 0 0
1770392144.1070 0.88 1.5 0 0 0
1770392144.1323 0.741 1.5 0 0 0
1770392144.1567 0.597 1.5 0 0 0
1770392144.1818 0.603 1.5 0 0 0
1770392144.2072 0.598 1.5 0 0 0
1770392144.2322 0.597 1.5 0 0 0
1770392144.2575 0.75 1.5 0 0 0
1770392144.2828 0.852 1.5 0 0 0
1770392144.3082 0.997 1.5 0 0 0
1770392144.3323 0.982 1.5 0 0 0
1770392144.3576 0.972 1.5 0 0 0
1770392144.3827 0.638 1.5 0 0 0
1770392144.4080 0.593 1.5 0 0 0
1770392144.4331 0.571 1.5 0 0 0
1770392144.4573 0.663 1.5 0 0 0
1770392144.4826 0.747 1.5 0 0 0
1770392144.5078 0.828 1.5 0 0 0
1770392144.5330 1.017 1.5 0 0 0
1770392144.5573 0.98 1.5 0 0 0
1770392144.5825 0.748 1.5 0 0 0
1770392144.6082 0.625 1.5 0 0 0
1770392144.6326 0.592 1.5 0 0 0
1770392144.6584 0.619 1.5 0 0 0
1770392144.6827 0.63 1.5 0 0 0
1770392144.7076 0.628 1.5 0 0 0
1770392144.7334 0.74 1.5 0 0 0
1770392144.7578 0.806 1.5 0 0 0
1770392144.7825 0.799 1.5 0 0 0
1770392144.8078 0.727 1.5 0 0 0
1770392144.8332 0.658 1.5 0 0 0
1770392144.8575 0.576 1.5 0 0 0
1770392144.8829 0.641 1.5 0 0 0
1770392144.9081 0.708 1.5 0 0 0
1770392144.9333 0.713 1.5 0 0 0
1770392144.9577 0.763 1.5 0 0 0
1770392144.9836 0.806 1.5 0 0 0
1770392145.0091 0.998 1.5 0 0 0
1770392145.0335 0.867 1.5 0 0 0
1770392145.0591 0.71 1.5 0 0 0
1770392145.0835 0.725 1.5 0 0 0
1770392145.1099 0.719 1.5 0 0 0
1770392145.1332 0.717 1.5 0 0 0
1770392145.1587 0.78 1.5 0 0 0
1770392145.1832 0.849 1.5 0 0 0
1770392145.2088 0.987 1.5 0 0 0
1770392145.2342 0.932 1.5 0 0 0
1770392145.2590 0.905 1.5 0 0 0
1770392145.2834 0.646 1.5 0 0 0
1770392145.3090 0.594 1.5 0 0 0
1770392145.3333 0.551 1.5 0 0 0
1770392145.3585 0.659 1.5 0 0 0
1770392145.3837 0.688 1.5 0 0 0
1770392145.4090 0.672 1.5 0 0 0
1770392145.4341 0.841 1.5 0 0 0
1770392145.4593 0.91 1.5 0 0 0
1770392145.4837 0.899 1.5 0 0 0
1770392145.5091 0.679 1.5 0 0 0
1770392145.5343 0.609 1.5 0 0 0
1770392145.5588 0.619 1.5 0 0 0
1770392145.5851 0.654 1.5 0 0 0
1770392145.6089 0.665 1.5 0 0 0
1770392145.6344 0.698 1.5 0 0 0
1770392145.6592 0.773 1.5 0 0 0
1770392145.6838 0.834 1.5 0 0 0
1770392145.7093 0.804 1.5 0 0 0
1770392145.7335 0.699 1.5 0 0 0
1770392145.7590 0.587 1.5 0 0 0
1770392145.7843 0.605 1.5 0 0 0
1770392145.8088 0.648 1.5 0 0 0
1770392145.8343 0.763 1.5 0 0 0
1770392145.8589 0.726 1.5 0 0 0
1770392145.8842 0.688 1.5 0 0 0
1770392145.9095 0.947 1.5 0 0 0
1770392145.9336 0.982 1.5 0 0 0
1770392145.9590 0.886 1.5 0 0 0
1770392145.9841 0.679 1.5 0 0 0
1770392146.0091 0.618 1.5 0 0 0
1770392146.0344 0.608 1.5 0 0 0
1770392146.0590 0.673 1.5 0 0 0
1770392146.0843 0.715 1.5 0 0 0
1770392146.1087 0.718 1.5 0 0 0
1770392146.1337 1.042 1.5 0 0 0
1770392146.1590 1.35 1.5 0 0 0
1770392146.1842 0.906 1.5 0 0 0
1770392146.2096 0.742 1.5 0 0 0
1770392146.2337 0.651 1.5 0 0 0
1770392146.2590 0.596 1.5 0 0 0
1770392146.2840 0.601 1.5 0 0 0
1770392146.3093 0.62 1.5 0 0 0
1770392146.3345 0.744 1.5 0 0 0
1770392146.3588 0.841 1.5 0 0 0
1770392146.3839 0.922 1.5 0 0 0
1770392146.4092 0.899 1.5 0 0 0
1770392146.4344 0.846 1.5 0 0 0
1770392146.4587 0.59 1.5 0 0 0
1770392146.4844 0.55 1.5 0 0 0
1770392146.5097 0.524 1.5 0 0 0
1770392146.5347 0.678 1.5 0 0 0
1770392146.5597 0.765 1.5 0 0 0
1770392146.5838 0.791 1.5 0 0 0
1770392146.6090 0.86 1.5 0 0 0
1770392146.6343 0.878 1.5 0 0 0
1770392146.6596 0.889 1.5 0 0 0
1770392146.6837 0.662 1.5 0 0 0
1770392146.7092 0.619 1.5 0 0 0
1770392146.7344 0.653 1.5 0 0 0
1770392146.7597 0.716 1.5 0 0 0
1770392146.7842 0.746 1.5 0 0 0
1770392146.8097 0.751 1.5 0 0 0
1770392146.8338 0.874 1.5 0 0 0
1770392146.8595 0.968 1.5 0 0 0
1770392146.8837 0.796 1.5 0 0 0
1770392146.9090 0.674 1.5 0 0 0
1770392146.9342 0.604 1.5 0 0 0
1770392146.9596 0.669 1.5 0 0 0
1770392146.9851 0.743 1.5 0 0 0
1770392147.0093 0.839 1.5 0 0 0
1770392147.0345 0.796 1.5 0 0 0
1770392147.0599 0.793 1.5 0 0 0
1770392147.0851 0.886 1.5 0 0 0
1770392147.1093 0.883 1.5 0 0 0
1770392147.1347 0.822 1.5 0 0 0
1770392147.1601 0.611 1.5 0 0 0
1770392147.1844 0.578 1.5 0 0 0
1770392147.2101 0.593 1.5 0 0 0
1770392147.2350 0.757 1.5 0 0 0
1770392147.2591 0.866 1.5 0 0 0
1770392147.2842 0.877 1.5 0 0 0
1770392147.3094 0.96 1.5 0 0 0
1770392147.3343 0.981 1.5 0 0 0
1770392147.3599 0.722 1.5 0 0 0
1770392147.3851 0.621 1.5 0 0 0
1770392147.4095 0.556 1.5 0 0 0
1770392147.4347 0.669 1.5 0 0 0
1770392147.4601 0.726 1.5 0 0 0
1770392147.4844 0.748 1.5 0 0 0
1770392147.5097 0.768 1.5 0 0 0
1770392147.5348 0.836 1.5 0 0 0
1770392147.5594 0.99 1.5 0 0 0
1770392147.5847 0.843 1.5 0 0 0
1770392147.6101 0.731 1.5 0 0 0
1770392147.6344 0.56 1.5 0 0 0
1770392147.6618 0.614 1.5 0 0 0
1770392147.6844 0.652 1.5 0 0 0
1770392147.7097 0.73 1.5 0 0 0
1770392147.7349 0.836 1.5 0 0 0
1770392147.7592 0.904 1.5 0 0 0
1770392147.7846 0.857 1.5 0 0 0
1770392147.8099 0.774 1.5 0 0 0
1770392147.8351 0.708 1.5 0 0 0
1770392147.8594 0.629 1.5 0 0 0
1770392147.8846 0.658 1.5 0 0 0
1770392147.9099 0.801 1.5 0 0 0
1770392147.9351 0.766 1.5 0 0 0
1770392147.9594 0.734 1.5 0 0 0
1770392147.9850 0.745 1.5 0 0 0
1770392148.0093 0.85 1.5 0 0 0
1770392148.0346 0.904 0.487 0 0 0
1770392148.0600 0.961 0.416 0 0 0
1770392148.0853 0.744 0.418 0 0 0
1770392148.1096 0.567 0.404 0 0 0
1770392148.1347 0.649 0.389 0 0 0
1770392148.1600 0.738 0.505 0 0 0
1770392148.1843 0.79 0.53 0 0 0
1770392148.2096 0.872 0.394 0 0 0
1770392148.2348 0.938 0.376 0 0 0
1770392148.2601 0.928 0.362 0 0 0
1770392148.2852 0.832 0.354 0 0 0
1770392148.3094 0.731 0.347 0 0 0
1770392148.3345 0.642 0.349 0 0 0
1770392148.3597 0.672 0.351 0 0 0
1770392148.3850 0.734 0.341 0 0 0
1770392148.4102 0.666 0.342 0 0 0
1770392148.4343 0.754 0.339 0 0 0
1770392148.4597 1.084 0.354 0 0 0
1770392148.4853 1.188 0.357 0 0 0
1770392148.5095 1.051 0.346 0 0 0
1770392148.5348 0.672 0.345 0 0 0
1770392148.5601 0.608 0.338 0 0 0
1770392148.5848 0.573 0.338 0 0 0
1770392148.6101 0.676 0.336 0 0 0
1770392148.6345 0.747 0.347 0 0 0
1770392148.6596 0.791 0.351 0 0 0
1770392148.6844 0.783 0.359 0 0 0
1770392148.7095 0.876 0.358 0 0 0
1770392148.7350 1.074 0.343 0 0 0
1770392148.7595 0.685 0.359 0 0 0
1770392148.7848 0.612 0.364 0 0 0
1770392148.8100 0.596 0.354 0 0 0
1770392148.8347 0.685 0.354 0 0 0
1770392148.8597 0.734 0.363 0 0 0
1770392148.8850 0.718 0.358 0 0 0
1770392148.9094 0.798 0.342 0 0 0
1770392148.9346 0.841 0.345 0 0 0
1770392148.9602 0.888 0.339 0 0 0
1770392148.9848 0.716 0.334 0 0 0
1770392149.0101 0.564 0.334 0 0 0
1770392149.0344 0.673 0.335 0 0 0
1770392149.0597 0.767 0.346 0 0 0
1770392149.0849 0.797 0.344 0 0 0
1770392149.1094 0.773 0.336 0 0 0
1770392149.1347 0.79 0.33 0 0 0
1770392149.1601 0.945 0.351 0 0 0
1770392149.1844 0.843 0.35 0 0 0
1770392149.2098 0.734 0.334 0 0 0
1770392149.2350 0.643 0.351 0 0 0
1770392149.2594 0.609 0.356 0 0 0
1770392149.2847 0.605 0.347 0 0 0
1770392149.3102 0.6 0.342 0 0 0
1770392149.3353 0.669 0.345 0 0 0
1770392149.3597 0.812 0.347 0 0 0
1770392149.3846 0.977 0.339 0 0 0
1770392149.4095 1.003 0.341 0 0 0
1770392149.4347 0.767 0.339 0 0 0
1770392149.4600 0.63 0.348 0 0 0
1770392149.4852 0.56 0.348 0 0 0
1770392149.5097 0.648 0.342 0 0 0
1770392149.5352 0.761 0.345 0 0 0
1770392149.5595 0.883 0.338 0 0 0
1770392149.5851 0.806 0.338 0 0 0
1770392149.6094 0.864 0.335 0 0 0
1770392149.6345 0.994 0.338 0 0 0
1770392149.6600 0.793 0.342 0 0 0
1770392149.6853 0.697 0.34 0 0 0
1770392149.7095 0.55 0.349 0 0 0
1770392149.7349 0.594 0.349 0 0 0
1770392149.7595 0.622 0.364 0 0 0
1770392149.7852 0.657 0.367 0 0 0
1770392149.8094 0.762 0.356 0 0 0
1770392149.8346 0.831 0.365 0 0 0
1770392149.8598 0.994 0.375 0 0 0
1770392149.8849 0.827 0.365 0 0 0
1770392149.9102 0.651 0.351 0 0 0
1770392149.9353 0.591 0.366 0 0 0
1770392149.9595 0.627 0.369 0 0 0
1770392149.9851 0.714 0.347 0 0 0
1770392150.0097 0.751 0.35 0 0 0
1770392150.0350 0.769 0.347 0 0 0
1770392150.0596 0.839 0.351 0 0 0
1770392150.0850 0.913 0.346 0 0 0
1770392150.1095 0.923 0.349 0 0 0
1770392150.1347 0.783 0.35 0 0 0
1770392150.1600 0.647 0.339 0 0 0
1770392150.1852 0.576 0.338 0 0 0
1770392150.2094 0.535 0.33 0 0 0
1770392150.2347 0.567 0.323 0 0 0
1770392150.2599 0.642 0.316 0 0 0
1770392150.2852 0.869 0.333 0 0 0
1770392150.3096 1.015 0.338 0 0 0
1770392150.3348 0.894 0.329 0 0 0
1770392150.3602 0.772 0.333 0 0 0
1770392150.3853 0.685 0.334 0 0 0
1770392150.4105 0.656 0.332 0 0 0
1770392150.4357 0.639 0.337 0 0 0
1770392150.4600 0.632 0.369 0 0 0
1770392150.4852 0.611 0.359 0 0 0
1770392150.5105 0.66 0.336 0 0 0
1770392150.5347 0.74 0.364 0 0 0
1770392150.5598 0.855 0.376 0 0 0
1770392150.5851 0.849 0.351 0 0 0
1770392150.6106 0.706 0.351 0 0 0
1770392150.6356 0.588 0.373 0 0 0
1770392150.6600 0.55 0.368 0 0 0
1770392150.6847 0.697 0.351 0 0 0
1770392150.7101 0.725 0.361 0 0 0
1770392150.7353 0.71 0.359 0 0 0
1770392150.7598 0.835 0.354 0 0 0
1770392150.7854 0.874 0.359 0 0 0
1770392150.8106 0.89 0.367 0 0 0
1770392150.8348 0.666 0.381 0 0 0
1770392150.8602 0.627 0.38 0 0 0
1770392150.8848 0.597 0.36 0 0 0
1770392150.9103 0.623 0.351 0 0 0
1770392150.9347 0.655 0.347 0 0 0
1770392150.9603 0.759 0.349 0 0 0
1770392150.9849 0.956 0.339 0 0 0
1770392151.0102 1.056 0.344 0 0 0
1770392151.0355 1.147 0.34 0 0 0
1770392151.0606 0.787 0.348 0 0 0
1770392151.0851 0.596 0.346 0 0 0
1770392151.1097 0.538 0.332 0 0 0
1770392151.1354 0.575 0.343 0 0 0
1770392151.1597 0.638 0.343 0 0 0
1770392151.1849 0.686 0.329 0 0 0
1770392151.2098 0.743 0.319 0 0 0
1770392151.2351 0.874 0.34 0 0 0
1770392151.2602 0.945 0.34 0 0 0
1770392151.2856 0.889 0.317 0 0 0
1770392151.3105 0.644 0.319 0 0 0
1770392151.3353 0.633 0.315 0 0 0
1770392151.3601 0.668 0.306 0 0 0
1770392151.3851 0.673 0.299 0 0 0
1770392151.4102 0.711 0.31 0 0 0
1770392151.4354 0.75 0.315 0 0 0
1770392151.4605 0.821 0.304 0 0 0
1770392151.4848 0.898 0.312 0 0 0
1770392151.5098 0.92 0.315 0 0 0
1770392151.5361 0.669 0.326 0 0 0
1770392151.5602 0.579 0.328 0 0 0
1770392151.6005 0.653 0.32 0 0 0
1770392151.6110 0.73 0.322 0 0 0
1770392151.6360 0.79 0.316 0 0 0
1770392151.6602 0.86 0.317 0 0 0
1770392151.6853 0.915 0.314 0 0 0
1770392151.7108 0.953 0.318 0 0 0
1770392151.7351 0.889 0.319 0 0 0
1770392151.7605 0.833 0.318 0 0 0
1770392151.7860 0.698 0.321 0 0 0
1770392151.8106 0.624 0.317 0 0 0
1770392151.8359 0.604 0.318 0 0 0
1770392151.8604 0.681 0.315 0 0 0
1770392151.8853 0.852 0.312 0 0 0
1770392151.9104 0.961 0.314 0 0 0
1770392151.9354 1.203 0.313 0 0 0
1770392151.9608 0.928 0.308 0 0 0
1770392151.9861 0.734 0.299 0 0 0
1770392152.0102 0.545 0.301 0 0 0
1770392152.0353 0.547 0.3 0 0 0
1770392152.0606 0.577 0.295 0 0 0
1770392152.0857 0.663 0.297 0 0 0
1770392152.1110 0.701 0.297 0 0 0
1770392152.1362 0.706 0.3 0 0 0
1770392152.1604 0.945 0.296 0 0 0
1770392152.1858 1.087 0.304 0 0 0
1770392152.2104 0.843 0.309 0 0 0
1770392152.2356 0.655 0.323 0 0 0
1770392152.2610 0.578 0.326 0 0 0
1770392152.2853 0.615 0.317 0 0 0
1770392152.3108 0.647 0.327 0 0 0
1770392152.3354 0.663 0.327 0 0 0
1770392152.3610 0.75 0.32 0 0 0
1770392152.3871 0.831 0.321 0 0 0
1770392152.4103 0.894 0.324 0 0 0
1770392152.4359 0.737 0.323 0 0 0
1770392152.4607 0.648 0.316 0 0 0
1770392152.4862 0.622 0.317 0 0 0
1770392152.5108 0.638 0.316 0 0 0
1770392152.5362 0.665 0.317 0 0 0
1770392152.5609 0.674 0.317 0 0 0
1770392152.5853 0.726 0.315 0 0 0
1770392152.6108 0.793 0.33 0 0 0
1770392152.6361 0.835 0.334 0 0 0
1770392152.6606 0.831 0.319 0 0 0
1770392152.6859 0.732 0.309 0 0 0
1770392152.7103 0.734 0.3 0 0 0
1770392152.7357 0.725 0.309 0 0 0
1770392152.7603 0.762 0.313 0 0 0
1770392152.7861 0.763 0.31 0 0 0
1770392152.8106 0.759 0.301 0 0 0
1770392152.8353 0.856 0.333 0 0 0
1770392152.8608 0.855 0.338 0 0 0
1770392152.8862 0.837 0.315 0 0 0
1770392152.9107 0.678 0.329 0 0 0
1770392152.9361 0.629 0.342 0 0 0
1770392152.9609 0.579 0.323 0 0 0
1770392152.9859 0.662 0.308 0 0 0
1770392153.0105 0.697 0.336 0 0 0
1770392153.0359 0.708 0.34 0 0 0
1770392153.0608 0.8 0.317 0 0 0
1770392153.0855 0.857 0.318 0 0 0
1770392153.1104 0.936 0.315 0 0 0
1770392153.1359 0.744 0.312 0 0 0
1770392153.1606 0.64 0.306 0 0 0
1770392153.1862 0.523 0.312 0 0 0
1770392153.2107 0.583 0.316 0 0 0
1770392153.2362 0.702 0.308 0 0 0
1770392153.2610 0.719 0.321 0 0 0
1770392153.2855 0.744 0.326 0 0 0
1770392153.3110 0.785 0.329 0 0 0
1770392153.3353 0.974 0.327 0 0 0
1770392153.3612 0.985 0.32 0 0 0
1770392153.3859 0.62 0.325 0 0 0
1770392153.4110 0.562 0.324 0 0 0
1770392153.4358 0.552 0.326 0 0 0
1770392153.4604 0.604 0.323 0 0 0
1770392153.4863 0.657 0.326 0 0 0
1770392153.5106 0.696 0.332 0 0 0
1770392153.5359 0.799 0.342 0 0 0
1770392153.5606 0.866 0.342 0 0 0
1770392153.5855 0.859 0.33 0 0 0
1770392153.6105 0.674 0.343 0 0 0
1770392153.6356 0.593 0.346 0 0 0
1770392153.6612 0.584 0.327 0 0 0
1770392153.6856 0.726 0.333 0 0 0
1770392153.7107 0.877 0.348 0 0 0
1770392153.7357 0.756 0.332 0 0 0
1770392153.7610 0.816 0.314 0 0 0
1770392153.7853 0.92 0.325 0 0 0
1770392153.8108 0.927 0.328 0 0 0
1770392153.8362 0.869 0.316 0 0 0
1770392153.8607 0.741 0.32 0 0 0
1770392153.8854 0.633 0.328 0 0 0
1770392153.9112 0.594 0.326 0 0 0
1770392153.9355 0.624 0.318 0 0 0
1770392153.9605 0.697 0.332 0 0 0
1770392153.9864 0.762 0.341 0 0 0
1770392154.0110 0.954 0.348 0 0 0
1770392154.0360 0.852 0.348 0 0 0
1770392154.0607 0.759 0.342 0 0 0
1770392154.0863 0.688 0.352 0 0 0
1770392154.1110 0.636 0.351 0 0 0
1770392154.1355 0.559 0.347 0 0 0
1770392154.1613 0.633 0.344 0 0 0
1770392154.1854 0.652 0.347 0 0 0
1770392154.2108 0.635 0.35 0 0 0
1770392154.2363 0.904 0.34 0 0 0
1770392154.2609 1.095 0.338 0 0 0
1770392154.2854 1.002 0.331 0 0 0
1770392154.3111 0.715 0.333 0 0 0
1770392154.3357 0.587 0.325 0 0 0
1770392154.3605 0.571 0.307 0 0 0
1770392154.3864 0.616 0.299 0 0 0
1770392154.4114 0.652 0.288 0 0 0
1770392154.4360 0.756 0.232 0 0 0
1770392154.4607 0.813 0.206 0 0 0
1770392154.4856 0.804 0.155 0 0 0
1770392154.5111 0.83 0.141 0 0 0
1770392154.5365 0.749 0.132 0 0 0
1770392154.5612 0.592 0.131 0 0 0
1770392154.5864 0.621 0.131 0 0 0
1770392154.6106 0.673 0.13 0 0 0
1770392154.6365 0.675 0.129 0 0 0
1770392154.6611 0.737 0.125 0 0 0
1770392154.6858 0.793 0.146 0 0 0
1770392154.7111 0.888 0.18 0 0 0
1770392154.7357 0.954 0.243 0 0 0
1770392154.7606 0.936 0.292 0 0 0
1770392154.7856 0.615 0.318 0 0 0
1770392154.8118 0.565 0.328 0 0 0
1770392154.8370 0.673 0.321 0 0 0
1770392154.8612 0.821 0.323 0 0 0
1770392154.8864 0.917 0.318 0 0 0
1770392154.9115 0.948 0.319 0 0 0
1770392154.9364 0.888 0.317 0 0 0
1770392154.9616 0.843 0.318 0 0 0
1770392154.9866 0.738 0.322 0 0 0
1770392155.0119 0.696 0.316 0 0 0
1770392155.0364 0.639 0.313 0 0 0
1770392155.0612 0.599 0.308 0 0 0
1770392155.0867 0.584 0.305 0 0 0
1770392155.1118 0.592 0.304 0 0 0
1770392155.1370 0.663 0.309 0 0 0
1770392155.1613 0.728 0.309 0 0 0
1770392155.1866 0.839 0.301 0 0 0
1770392155.2118 0.753 0.307 0 0 0
1770392155.2370 0.703 0.307 0 0 0
1770392155.2615 0.594 0.298 0 0 0
1770392155.2868 0.656 0.301 0 0 0
1770392155.3111 0.724 0.311 0 0 0
1770392155.3361 0.727 0.309 0 0 0
1770392155.3613 0.728 0.296 0 0 0
1770392155.3867 0.714 0.31 0 0 0
1770392155.4112 0.946 0.315 0 0 0
1770392155.4364 0.975 0.306 0 0 0
1770392155.4617 0.779 0.31 0 0 0
1770392155.4869 0.711 0.314 0 0 0
1770392155.5121 0.691 0.309 0 0 0
1770392155.5364 0.621 0.3 0 0 0
1770392155.5615 0.715 0.301 0 0 0
1770392155.5871 0.819 0.302 0 0 0
1770392155.6116 0.856 0.302 0 0 0
1770392155.6367 0.991 0.303 0 0 0
1770392155.6619 1.155 0.301 0 0 0
1770392155.6872 0.942 0.305 0 0 0
1770392155.7115 0.769 0.3 0 0 0
1770392155.7366 0.648 0.297 0 0 0
1770392155.7620 0.697 0.292 0 0 0
1770392155.7863 0.755 0.278 0 0 0
1770392155.8116 0.762 0.279 0 0 0
1770392155.8366 0.815 0.276 0 0 0
1770392155.8619 0.865 0.275 0 0 0
1770392155.8870 0.965 0.271 0 0 0
1770392155.9112 0.939 0.276 0 0 0
1770392155.9364 0.834 0.276 0 0 0
1770392155.9619 0.607 0.271 0 0 0
1770392155.9863 0.561 0.285 0 0 0
1770392156.0114 0.593 0.295 0 0 0
1770392156.0364 0.641 0.28 0 0 0
1770392156.0619 0.693 0.272 0 0 0
1770392156.0870 0.785 0.287 0 0 0
1770392156.1121 0.87 0.285 0 0 0
1770392156.1372 0.936 0.269 0 0 0
1770392156.1615 0.629 0.275 0 0 0
1770392156.1869 0.558 0.275 0 0 0
1770392156.2121 0.502 0.258 0 0 0
1770392156.2363 0.664 0.25 0 0 0
1770392156.2614 0.724 0.256 0 0 0
1770392156.2871 0.717 0.261 0 0 0
1770392156.3112 1.045 0.257 0 0 0
1770392156.3369 1.346 0.26 0 0 0
1770392156.3620 1.5 0.258 0 0 0
1770392156.3872 1.5 0.207 0 0 0
1770392156.4113 1.5 0.186 0 0 0
1770392156.4364 1.5 0.164 0 0 0
1770392156.4615 1.5 0.18 0 0 0
1770392156.4871 1.265 0.203 0 0 0
1770392156.5115 0.602 0.455 0 0 0
1770392156.5367 0.557 0.974 0 0 0
1770392156.5619 0.581 1.5 0 0 0
1770392156.5863 0.548 1.5 0 0 0
1770392156.6115 0.575 1.5 0 0 0
1770392156.6367 0.709 1.5 0 0 0
1770392156.6618 1.152 1.5 0 0 0
1770392156.6870 1.5 1.5 0 0 0
1770392156.7121 1.5 1.5 0 0 0
1770392156.7371 1.5 1.5 0 0 0
1770392156.7623 1.5 1.5 0 0 0
1770392156.7863 0.947 1.5 0 0 0
1770392156.8115 0.519 1.5 0 0 0
1770392156.8372 0.387 1.5 0 0 0
1770392156.8623 0.332 1.5 0 0 0
1770392156.8867 0.307 1.5 0 0 0
1770392156.9122 0.291 1.5 0 0 0
1770392156.9368 0.273 1.5 0 0 0
1770392156.9614 0.275 1.5 0 0 0
1770392156.9870 0.309 1.5 0 0 0
1770392157.0121 0.409 1.5 0 0 0
1770392157.0373 0.514 1.5 0 0 0
1770392157.0616 0.953 1.5 0 0 0
1770392157.0867 1.282 1.5 0 0 0
1770392157.1115 1.341 1.5 0 0 0
1770392157.1368 0.556 1.5 0 0 0
1770392157.1619 0.4 1.5 0 0 0
1770392157.1874 0.336 1.5 0 0 0
1770392157.2117 0.299 1.5 0 0 0
1770392157.2367 0.288 1.5 0 0 0
1770392157.2619 0.285 1.5 0 0 0
1770392157.2870 0.289 1.5 0 0 0
1770392157.3120 0.293 1.5 0 0 0
1770392157.3373 0.29 1.5 0 0 0
1770392157.3616 0.297 1.5 0 0 0
1770392157.3874 0.298 1.5 0 0 0
1770392157.4121 0.305 1.5 0 0 0
1770392157.4368 0.314 1.5 0 0 0
1770392157.4623 0.32 1.5 0 0 0
1770392157.4875 0.33 1.5 0 0 0
1770392157.5116 0.33 1.5 0 0 0
1770392157.5368 0.327 1.5 0 0 0
1770392157.5620 0.32 1.5 0 0 0
1770392157.5875 0.319 1.5 0 0 0
1770392157.6123 0.315 1.5 0 0 0
1770392157.6374 0.315 1.5 0 0 0
1770392157.6617 0.315 1.5 0 0 0
1770392157.6870 0.314 1.5 0 0 0
1770392157.7121 0.32 1.5 0 0 0
1770392157.7372 0.321 1.5 0 0 0
1770392157.7619 0.32 1.5 0 0 0
1770392157.7870 0.315 1.5 0 0 0
1770392157.8123 0.312 1.5 0 0 0
1770392157.8375 0.308 1.5 0 0 0
1770392157.8616 0.309 1.5 0 0 0
1770392157.8868 0.302 1.5 0 0 0
1770392157.9134 0.303 1.5 0 0 0
1770392157.9369 0.307 1.5 0 0 0
1770392157.9619 0.306 1.5 0 0 0
1770392157.9873 0.302 1.5 0 0 0
1770392158.0124 0.293 1.5 0 0 0
1770392158.0375 0.289 1.5 0 0 0
1770392158.0626 0.281 1.5 0 0 0
1770392158.0879 0.277 1.5 0 0 0
1770392158.1122 0.276 1.5 0 0 0
1770392158.1377 0.279 1.5 0 0 0
1770392158.1623 0.282 1.5 0 0 0
1770392158.1879 0.282 1.5 0 0 0
1770392158.2131 0.284 1.5 0 0 0
1770392158.2371 0.271 1.5 0 0 0
1770392158.2624 0.269 1.5 0 0 0
1770392158.2878 0.264 1.5 0 0 0
1770392158.3125 0.269 1.5 0 0 0
1770392158.3377 0.27 1.5 0 0 0
1770392158.3627 0.269 1.5 0 0 0
1770392158.3872 0.289 1.5 0 0 0
1770392158.4126 0.295 1.5 0 0 0
1770392158.4380 0.294 1.5 0 0 0
1770392158.4623 0.283 1.5 0 0 0
1770392158.4877 0.278 1.5 0 0 0
1770392158.5130 0.271 1.5 0 0 0
1770392158.5372 0.271 1.5 0 0 0
1770392158.5625 0.269 1.5 0 0 0
1770392158.5879 0.278 1.5 0 0 0
1770392158.6130 0.285 1.5 0 0 0
1770392158.6381 0.288 1.5 0 0 0
1770392158.6621 0.287 1.5 0 0 0
1770392158.6872 0.282 1.5 0 0 0
1770392158.7126 0.279 1.5 0 0 0
1770392158.7378 0.276 1.5 0 0 0
1770392158.7631 0.278 1.5 0 0 0
1770392158.7875 0.276 1.5 0 0 0
1770392158.8127 0.275 1.5 0 0 0
1770392158.8382 0.276 1.5 0 0 0
1770392158.8629 0.274 1.5 0 0 0
1770392158.8882 0.277 1.5 0 0 0
1770392158.9123 0.274 1.5 0 0 0
1770392158.9374 0.277 1.5 0 0 0
1770392158.9627 0.276 1.5 0 0 0
1770392158.9875 0.276 1.5 0 0 0
1770392159.0126 0.276 1.5 0 0 0
1770392159.0377 0.277 1.5 0 0 0
1770392159.0631 0.276 1.5 0 0 0
1770392159.0882 0.275 1.5 0 0 0
1770392159.1125 0.276 1.5 0 0 0
1770392159.1372 0.274 1.5 0 0 0
1770392159.1630 0.277 1.5 0 0 0
1770392159.1874 0.274 1.5 0 0 0
1770392159.2126 0.272 1.5 0 0 0
1770392159.2378 0.27 1.5 0 0 0
1770392159.2629 0.269 1.5 0 0 0
1770392159.2880 0.274 1.5 0 0 0
1770392159.3131 0.276 1.5 0 0 0
1770392159.3383 0.276 1.5 0 0 0
1770392159.3623 0.272 1.5 0 0 0
1770392159.3875 0.272 1.5 0 0 0
1770392159.4126 0.269 1.5 0 0 0
1770392159.4373 0.271 1.5 0 0 0
1770392159.4629 0.269 1.5 0 0 0
1770392159.4875 0.269 1.5 0 0 0
1770392159.5131 0.27 1.5 0 0 0
1770392159.5375 0.268 1.5 0 0 0
1770392159.5628 0.269 1.5 0 0 0
1770392159.5882 0.27 1.5 0 0 0
1770392159.6123 0.271 1.5 0 0 0
1770392159.6375 0.269 1.5 0 0 0
1770392159.6627 0.271 1.5 0 0 0
1770392159.6879 0.269 1.5 0 0 0
1770392159.7122 0.269 1.5 0 0 0
1770392159.7373 0.27 1.5 0 0 0
1770392159.7625 0.268 1.5 0 0 0
1770392159.7878 0.27 1.5 0 0 0
1770392159.8130 0.268 1.5 0 0 0
1770392159.8381 0.271 1.5 0 0 0
1770392159.8631 0.268 1.5 0 0 0
1770392159.8873 0.266 1.5 0 0 0
1770392159.9124 0.264 1.5 0 0 0
1770392159.9376 0.265 1.5 0 0 0
1770392159.9628 0.264 1.5 0 0 0
1770392159.9882 0.263 1.5 0 0 0
1770392160.0124 0.264 1.5 0 0 0
1770392160.0375 0.262 1.5 0 0 0
1770392160.0630 0.265 1.5 0 0 0
1770392160.0877 0.263 1.5 0 0 0
1770392160.1123 0.265 1.5 0 0 0
1770392160.1379 0.264 1.5 0 0 0
1770392160.1626 0.263 1.5 0 0 0
1770392160.1872 0.268 1.5 0 0 0
1770392160.2128 0.27 1.5 0 0 0
1770392160.2373 0.27 1.5 0 0 0
1770392160.2629 0.266 1.5 0 0 0
1770392160.2881 0.266 1.5 0 0 0
1770392160.3127 0.263 1.5 0 0 0
1770392160.3382 0.262 1.5 0 0 0
1770392160.3628 0.258 1.5 0 0 0
1770392160.3878 0.262 1.5 0 0 0
1770392160.4123 0.264 1.5 0 0 0
1770392160.4380 0.262 1.5 0 0 0
1770392160.4625 0.264 1.5 0 0 0
1770392160.4881 0.264 1.5 0 0 0
1770392160.5125 0.265 1.5 0 0 0
1770392160.5380 0.261 1.5 0 0 0
1770392160.5626 0.26 1.5 0 0 0
1770392160.5876 0.257 1.5 0 0 0
1770392160.6127 0.261 1.5 0 0 0
1770392160.6381 0.263 1.5 0 0 0
1770392160.6626 0.262 1.5 0 0 0
1770392160.6882 0.265 1.5 0 0 0
1770392160.7129 0.263 1.5 0 0 0
1770392160.7376 0.261 1.5 0 0 0
1770392160.7626 0.259 1.5 0 0 0
1770392160.7877 0.259 1.5 0 0 0
1770392160.8125 0.258 1.5 0 0 0
1770392160.8383 0.26 1.5 0 0 0
1770392160.8631 0.258 1.5 0 0 0
1770392160.8877 0.26 1.5 0 0 0
1770392160.9124 0.263 1.5 0 0 0
1770392160.9381 0.262 1.5 0 0 0
1770392160.9628 0.262 1.5 0 0 0
1770392160.9881 0.258 1.5 0 0 0
1770392161.0128 0.259 1.5 0 0 0
1770392161.0374 0.258 1.5 0 0 0
1770392161.0625 0.258 1.5 0 0 0
1770392161.0883 0.263 1.5 0 0 0
1770392161.1129 0.264 1.5 0 0 0
1770392161.1378 0.265 1.5 0 0 0
1770392161.1626 0.26 1.5 0 0 0
1770392161.1882 0.26 1.5 0 0 0
1770392161.2131 0.257 1.5 0 0 0
1770392161.2376 0.259 1.5 0 0 0
1770392161.2626 0.257 1.5 0 0 0
1770392161.2874 0.258 1.5 0 0 0
1770392161.3132 0.261 1.5 0 0 0
1770392161.3384 0.262 1.5 0 0 0
1770392161.3637 0.264 1.5 0 0 0
1770392161.3884 0.264 1.5 0 0 0
1770392161.4140 0.265 1.5 0 0 0
1770392161.4385 0.26 1.5 0 0 0
1770392161.4639 0.26 1.5 0 0 0
1770392161.4886 0.257 1.5 0 0 0
1770392161.5132 0.261 1.5 0 0 0
1770392161.5388 0.263 1.5 0 0 0
1770392161.5634 0.262 1.5 0 0 0
1770392161.5884 0.267 1.5 0 0 0
1770392161.6140 0.267 1.5 0 0 0
1770392161.6387 0.262 1.5 0 0 0
1770392161.6632 0.259 1.5 0 0 0
1770392161.6889 0.26 1.5 0 0 0
1770392161.7138 0.258 1.5 0 0 0
1770392161.7384 0.26 1.5 0 0 0
1770392161.7631 0.258 1.5 0 0 0
1770392161.7883 0.26 1.5 0 0 0
1770392161.8132 0.264 1.5 0 0 0
1770392161.8388 0.262 1.5 0 0 0
1770392161.8634 0.262 1.5 0 0 0
1770392161.8881 0.258 1.5 0 0 0
1770392161.9138 0.259 1.5 0 0 0
1770392161.9385 0.258 1.5 0 0 0
1770392161.9633 0.257 1.5 0 0 0
1770392161.9884 0.262 1.5 0 0 0
1770392162.0132 0.265 1.5 0 0 0
1770392162.0388 0.264 1.5 0 0 0
1770392162.0638 0.26 1.5 0 0 0
1770392162.0885 0.26 1.5 0 0 0
1770392162.1132 0.257 1.5 0 0 0
1770392162.1389 0.259 1.5 0 0 0
1770392162.1643 0.257 1.5 0 0 0
1770392162.1891 0.258 1.5 0 0 0
1770392162.2140 0.258 1.5 0 0 0
1770392162.2393 0.257 1.5 0 0 0
1770392162.2641 0.263 1.5 0 0 0
1770392162.2885 0.264 1.5 0 0 0
1770392162.3142 0.265 1.5 0 0 0
1770392162.3390 0.26 1.5 0 0 0
1770392162.3638 0.26 1.5 0 0 0
1770392162.3884 0.257 1.5 0 0 0
1770392162.4140 0.261 1.5 0 0 0
1770392162.4386 0.263 1.5 0 0 0
1770392162.4635 0.267 1.5 0 0 0
1770392162.4883 0.277 1.5 0 0 0
1770392162.5139 0.28 1.5 0 0 0
1770392162.5383 0.284 1.5 0 0 0
1770392162.5643 0.284 1.5 0 0 0
1770392162.5885 0.285 1.5 0 0 0
1770392162.6142 0.289 1.5 0 0 0
1770392162.6387 0.301 1.5 0 0 0
1770392162.6642 0.318 1.5 0 0 0
1770392162.6887 0.274 1.5 0 0 0
1770392162.7134 0.258 1.5 0 0 0
1770392162.7389 0.28 1.5 0 0 0
1770392162.7634 0.306 1.5 0 0 0
1770392162.7893 0.316 1.5 0 0 0
1770392162.8139 0.33 1.5 0 0 0
1770392162.8385 0.341 1.5 0 0 0
1770392162.8640 0.352 1.5 0 0 0
1770392162.8885 0.394 1.5 0 0 0
1770392162.9143 0.432 1.5 0 0 0
1770392162.9389 0.46 1.5 0 0 0
1770392162.9644 0.441 1.5 0 0 0
1770392162.9894 0.439 1.5 0 0 0
1770392163.0143 0.433 1.5 0 0 0
1770392163.0389 0.421 1.5 0 0 0
1770392163.0646 0.407 1.5 0 0 0
1770392163.0893 0.378 1.5 0 0 0
1770392163.1138 0.393 1.5 0 0 0
1770392163.1394 0.41 1.5 0 0 0
1770392163.1638 0.483 1.5 0 0 0
1770392163.1890 0.523 1.5 0 0 0
1770392163.2145 0.541 1.5 0 0 0
1770392163.2392 0.504 1.5 0 0 0
1770392163.2643 0.488 1.5 0 0 0
1770392163.2888 0.443 1.5 0 0 0
1770392163.3153 0.414 1.5 0 0 0
1770392163.3399 0.411 1.5 0 0 0
1770392163.3644 0.497 1.5 0 0 0
1770392163.3897 0.549 1.5 0 0 0
1770392163.4140 0.558 1.5 0 0 0
1770392163.4394 0.574 1.5 0 0 0
1770392163.4648 0.529 1.5 0 0 0
1770392163.4895 0.487 1.5 0 0 0
1770392163.5141 0.448 1.5 0 0 0
1770392163.5397 0.433 1.5 0 0 0
1770392163.5644 0.409 1.5 0 0 0
1770392163.5900 0.442 1.5 0 0 0
1770392163.6146 0.471 1.5 0 0 0
1770392163.6399 0.52 1.5 0 0 0
1770392163.6648 0.528 1.5 0 0 0
1770392163.6894 0.517 1.5 0 0 0
1770392163.7150 0.435 1.5 0 0 0
1770392163.7398 0.406 1.5 0 0 0
1770392163.7645 0.397 1.5 0 0 0
1770392163.7897 0.375 1.5 0 0 0
1770392163.8145 0.389 1.5 0 0 0
1770392163.8399 0.41 1.5 0 0 0
1770392163.8645 0.389 1.5 0 0 0
1770392163.8900 0.378 1.5 0 0 0
1770392163.9145 0.358 1.5 0 0 0
1770392163.9400 0.325 1.5 0 0 0
1770392163.9646 0.305 1.5 0 0 0
1770392163.9895 0.261 1.5 0 0 0
1770392164.0142 0.263 1.5 0 0 0
1770392164.0397 0.272 1.5 0 0 0
1770392164.0644 0.346 1.5 0 0 0
1770392164.0900 0.532 1.5 0 0 0
1770392164.1145 0.967 1.5 0 0 0
1770392164.1401 1.155 1.5 0 0 0
1770392164.1647 1.114 1.5 0 0 0
1770392164.1893 0.855 1.5 0 0 0
1770392164.2151 0.811 1.5 0 0 0
1770392164.2399 0.747 1.5 0 0 0
1770392164.2645 0.666 1.5 0 0 0
1770392164.2901 0.707 1.5 0 0 0
1770392164.3146 0.742 1.5 0 0 0
1770392164.3392 0.897 1.5 0 0 0
1770392164.3647 0.985 1.5 0 0 0
1770392164.3901 1.038 1.5 0 0 0
1770392164.4149 0.868 1.5 0 0 0
1770392164.4395 0.808 1.5 0 0 0
1770392164.4651 0.729 1.5 0 0 0
1770392164.4897 0.672 1.5 0 0 0
1770392164.5143 0.674 1.5 0 0 0
1770392164.5398 0.858 1.5 0 0 0
1770392164.5643 1.066 1.5 0 0 0
1770392164.5891 1.188 1.5 0 0 0
1770392164.6147 1.179 1.5 0 0 0
1770392164.6392 1.058 1.5 0 0 0
1770392164.6649 1 1.5 0 0 0
1770392164.6894 0.711 1.5 0 0 0
1770392164.7150 0.63 1.5 0 0 0
1770392164.7396 0.559 1.5 0 0 0
1770392164.7651 0.775 1.5 0 0 0
1770392164.7898 0.98 1.5 0 0 0
1770392164.8142 1.068 1.5 0 0 0
1770392164.8397 1.213 1.5 0 0 0
1770392164.8644 1.22 1.5 0 0 0
1770392164.8901 0.862 1.5 0 0 0
1770392164.9147 0.681 1.5 0 0 0
1770392164.9392 0.6 1.5 0 0 0
1770392164.9647 0.673 1.5 0 0 0
1770392164.9895 0.791 1.5 0 0 0
1770392165.0151 0.901 1.5 0 0 0
1770392165.0397 1.033 1.5 0 0 0
1770392165.0647 1.053 1.5 0 0 0
1770392165.0893 0.903 1.5 0 0 0
1770392165.1151 0.864 1.5 0 0 0
1770392165.1398 0.804 1.5 0 0 0
1770392165.1644 0.718 1.5 0 0 0
1770392165.1902 0.687 1.5 0 0 0
1770392165.2147 0.677 1.5 0 0 0
1770392177.7188 0.626 1.5 0 0 0
1770392177.7437 0.654 1.5 0 0 0
1770392177.7688 0.841 1.5 0 0 0
1770392177.7932 0.974 1.5 0 0 0
1770392177.8183 1.038 1.5 0 0 0
1770392177.8434 1.321 1.5 0 0 0
1770392177.8684 0.967 1.5 0 0 0
1770392177.8937 0.777 1.5 0 0 0
1770392177.9189 0.635 1.5 0 0 0
1770392177.9440 0.662 1.5 0 0 0
1770392177.9681 0.693 1.5 0 0 0
1770392177.9935 1 1.5 0 0 0
1770392178.0188 1.183 1.5 0 0 0
1770392178.0432 1.22 1.5 0 0 0
1770392178.0684 1.131 1.5 0 0 0
1770392178.0937 0.932 1.5 0 0 0
1770392178.1188 0.676 1.5 0 0 0
1770392178.1439 0.635 1.5 0 0 0
1770392178.1683 0.641 1.5 0 0 0
1770392178.1937 0.662 1.5 0 0 0
1770392178.2190 0.768 1.5 0 0 0
1770392178.2432 0.893 1.5 0 0 0
1770392178.2685 0.981 1.5 0 0 0
1770392178.2935 1.072 1.5 0 0 0
1770392178.3187 1.103 1.5 0 0 0
1770392178.3439 1.027 1.5 0 0 0
1770392178.3682 0.885 1.5 0 0 0
1770392178.3939 0.692 1.5 0 0 0
1770392178.4189 0.692 1.5 0 0 0
1770392178.4441 0.741 1.5 0 0 0
1770392178.4682 0.936 1.5 0 0 0
1770392178.4935 1.1 1.5 0 0 0
1770392178.5188 1.208 1.5 0 0 0
1770392178.5441 1.063 1.5 0 0 0
1770392178.5682 0.922 1.5 0 0 0
1770392178.5938 0.748 1.5 0 0 0
1770392178.6189 0.633 1.5 0 0 0
1770392178.6441 0.609 1.5 0 0 0
1770392178.6684 0.661 1.5 0 0 0
1770392178.6938 0.808 1.5 0 0 0
1770392178.7191 0.914 1.5 0 0 0
1770392178.7432 1.016 1.5 0 0 0
1770392178.7684 1.036 1.5 0 0 0
1770392178.7937 1.054 1.5 0 0 0
1770392178.8182 0.862 1.5 0 0 0
1770392178.8433 0.734 1.5 0 0 0
1770392178.8687 0.625 1.5 0 0 0
1770392194.6986 0.667 1.5 0 0 0
1770392194.7241 0.579 1.5 0 0 0
1770392194.7483 0.681 1.5 0 0 0
1770392194.7733 0.802 1.5 0 0 0
1770392194.7986 0.902 1.5 0 0 0
1770392194.8237 1.149 1.5 0 0 0
1770392194.8489 0.996 1.5 0 0 0
1770392194.8739 0.779 1.5 0 0 0
1770392194.8990 0.762 1.5 0 0 0
1770392194.9239 0.751 1.5 0 0 0
1770392194.9481 0.683 1.5 0 0 0
1770392194.9734 0.801 1.5 0 0 0
1770392194.9986 0.875 1.5 0 0 0
1770392195.0238 1.13 1.5 0 0 0
1770392195.0484 1.233 1.5 0 0 0
1770392195.0736 1.223 1.5 0 0 0
1770392195.0989 0.974 1.5 0 0 0
1770392195.1239 0.883 1.5 0 0 0
1770392195.1491 0.852 1.5 0 0 0
1770392195.1731 0.636 1.5 0 0 0
1770392195.1988 0.693 1.5 0 0 0
1770392195.2241 0.849 1.5 0 0 0
1770392195.2483 0.973 1.5 0 0 0
1770392195.2733 1.039 1.5 0 0 0
1770392195.2985 1.096 1.5 0 0 0
1770392195.3236 0.839 1.5 0 0 0
1770392195.3488 0.71 1.5 0 0 0
1770392195.3751 0.758 1.5 0 0 0
1770392195.3984 0.739 1.5 0 0 0
1770392195.4235 0.734 1.5 0 0 0
1770392195.4488 0.879 1.5 0 0 0
1770392195.4738 1.028 1.5 0 0 0
1770392195.4991 1.187 1.5 0 0 0
1770392195.5233 1.225 1.5 0 0 0
1770392195.5485 1.086 1.5 0 0 0
1770392195.5735 0.819 1.5 0 0 0
1770392195.5989 0.792 1.5 0 0 0
1770392195.6241 0.743 1.5 0 0 0
1770392195.6486 0.616 1.5 0 0 0
1770392195.6738 0.7 1.5 0 0 0
1770392195.6992 0.825 1.5 0 0 0
1770392195.7234 1.039 1.5 0 0 0
1770392195.7487 1.005 1.5 0 0 0
1770392195.7746 0.914 1.5 0 0 0
1770392195.7989 0.794 1.5 0 0 0
1770392195.8240 0.731 1.5 0 0 0
1770392195.8493 0.62 1.5 0 0 0
1770392195.8733 0.66 1.5 0 0 0
1770392195.8986 0.706 1.5 0 0 0
1770392195.9236 0.874 1.5 0 0 0
1770392195.9488 1.026 1.5 0 0 0
1770392195.9739 1.088 1.5 0 0 0
1770392195.9993 1.063 1.5 0 0 0
1770392196.0243 0.891 1.5 0 0 0
1770392196.0484 0.762 1.5 0 0 0
1770392196.0737 0.72 1.5 0 0 0
1770392196.0988 0.7 1.5 0 0 0
1770392196.1240 0.639 1.5 0 0 0
1770392196.1492 0.815 1.5 0 0 0
1770392196.1746 0.944 1.5 0 0 0
1770392196.1988 1.142 1.5 0 0 0
1770392196.2239 1.12 1.5 0 0 0
1770392196.2491 1.006 1.5 0 0 0
1770392196.2746 0.79 1.5 0 0 0
1770392196.2989 0.737 1.5 0 0 0
1770392196.3243 0.73 1.5 0 0 0
1770392196.3493 0.625 1.5 0 0 0
1770392196.3746 0.7 1.5 0 0 0
1770392196.3998 0.858 1.5 0 0 0
1770392196.4239 0.922 1.5 0 0 0
1770392196.4491 0.952 1.5 0 0 0
1770392196.4744 0.944 1.5 0 0 0
1770392196.4996 0.719 1.5 0 0 0
1770392196.5248 0.632 1.5 0 0 0
1770392196.5488 0.7 1.5 0 0 0
1770392196.5752 0.668 1.5 0 0 0
1770392196.5995 0.645 1.5 0 0 0
1770392196.6247 0.883 1.5 0 0 0
1770392196.6491 1.039 1.5 0 0 0
1770392196.6744 1.099 1.5 0 0 0
1770392196.6994 0.982 1.5 0 0 0
1770392196.7247 0.933 1.5 0 0 0
1770392196.7489 0.827 1.5 0 0 0
1770392196.7740 0.764 1.5 0 0 0
1770392196.7993 0.697 1.5 0 0 0
1770392196.8244 0.632 1.5 0 0 0
1770392196.8496 0.755 1.5 0 0 0
1770392196.8747 0.89 1.5 0 0 0
1770392196.8990 1.144 1.5 0 0 0
1770392196.9243 1.056 1.5 0 0 0
1770392196.9494 0.921 1.5 0 0 0
1770392196.9745 0.667 1.5 0 0 0
1770392196.9989 0.625 1.5 0 0 0
1770392197.0242 0.597 1.5 0 0 0
1770392197.0492 0.654 1.5 0 0 0
1770392197.0744 0.698 1.5 0 0 0
1770392197.0994 0.87 1.5 0 0 0
1770392197.1249 1.076 1.5 0 0 0
1770392197.1490 1.185 1.5 0 0 0
1770392197.1742 1.087 1.5 0 0 0
1770392197.1994 0.87 1.5 0 0 0
1770392197.2247 0.762 1.5 0 0 0
1770392197.2498 0.691 1.5 0 0 0
1770392197.2750 0.737 1.5 0 0 0
1770392197.2991 0.785 1.5 0 0 0
1770392197.3243 0.864 1.5 0 0 0
1770392197.3494 0.936 1.5 0 0 0
1770392197.3747 1.068 1.5 0 0 0
1770392197.3999 0.887 1.5 0 0 0
1770392197.4250 0.784 1.5 0 0 0
1770392197.4491 0.742 1.5 0 0 0
1770392197.4742 0.664 1.5 0 0 0
1770392197.6228 0.623 1.5 0 0 0
1770392197.6236 0.656 1.5 0 0 0
1770392197.6244 0.794 1.5 0 0 0
1770392197.6252 0.943 1.5 0 0 0
1770392197.6259 1.07 1.5 0 0 0
1770392197.6268 1.101 1.5 0 0 0
1770392197.6498 1.033 1.5 0 0 0
1770392197.6749 0.805 1.5 0 0 0
1770392197.7000 0.691 1.5 0 0 0
1770392197.7241 0.655 1.5 0 0 0
1770392197.7492 0.702 1.5 0 0 0
1770392197.7744 0.755 1.5 0 0 0
1770392197.7997 0.895 1.5 0 0 0
1770392197.8248 0.913 1.5 0 0 0
1770392197.8500 0.889 1.5 0 0 0
1770392197.8751 0.833 1.5 0 0 0
1770392197.8992 0.776 1.5 0 0 0
1770392197.9254 0.691 1.5 0 0 0
1770392197.9506 0.618 1.5 0 0 0
1770392197.9757 0.604 1.5 0 0 0
1770392197.9999 0.662 1.5 0 0 0
1770392198.0250 0.746 1.5 0 0 0
1770392198.0502 0.823 1.5 0 0 0
1770392198.0754 1.044 1.5 0 0 0
1770392198.1006 0.982 1.5 0 0 0
1770392198.1257 0.913 1.5 0 0 0
1770392198.1498 0.752 1.5 0 0 0
1770392198.1754 0.65 1.5 0 0 0
1770392198.2008 0.564 1.5 0 0 0
1770392198.2256 0.664 1.5 0 0 0
1770392198.2503 0.737 1.5 0 0 0
1770392198.2760 0.839 1.5 0 0 0
1770392198.3008 1.303 1.5 0 0 0
1770392198.3257 1.5 1.5 0 0 0
1770392198.3505 1.246 1.5 0 0 0
1770392198.3753 0.852 1.5 0 0 0
1770392198.4006 0.726 1.5 0 0 0
1770392198.4258 0.62 1.5 0 0 0
1770392198.4510 0.693 1.5 0 0 0
1770392198.4750 0.772 1.5 0 0 0
1770392198.5003 0.942 1.5 0 0 0
1770392198.5254 1.119 1.5 0 0 0
1770392198.5503 1.295 1.5 0 0 0
1770392198.5758 1.03 1.5 0 0 0
1770392198.6010 0.863 1.5 0 0 0
1770392198.6251 0.724 1.5 0 0 0
1770392198.6503 0.577 1.5 0 0 0
1770392198.6754 0.531 1.5 0 0 0
1770392198.7008 0.596 1.5 0 0 0
1770392198.7253 0.722 1.5 0 0 0
1770392198.7509 0.824 1.5 0 0 0
1770392198.7755 1.173 1.5 0 0 0
1770392198.8013 1.203 1.5 0 0 0
1770392198.8258 1.063 1.5 0 0 0
1770392198.8505 0.714 1.5 0 0 0
1770392198.8761 0.648 1.5 0 0 0
1770392198.9008 0.677 1.5 0 0 0
1770392198.9254 0.725 1.5 0 0 0
1770392198.9511 0.804 1.5 0 0 0
1770392198.9759 0.958 1.5 0 0 0
1770392199.0008 0.926 1.5 0 0 0
1770392199.0263 0.895 1.5 0 0 0
1770392199.0510 0.787 1.5 0 0 0
1770392199.0755 0.721 1.5 0 0 0
1770392199.1014 0.643 1.5 0 0 0
1770392199.1260 0.623 1.5 0 0 0
1770392199.1506 0.616 1.5 0 0 0
1770392199.1756 0.633 1.5 0 0 0
1770392199.2014 0.799 1.5 0 0 0
1770392199.2264 0.945 1.5 0 0 0
1770392199.2512 1.091 1.5 0 0 0
1770392199.2758 1.018 1.5 0 0 0
1770392199.3013 0.963 1.5 0 0 0
1770392199.3257 0.762 1.5 0 0 0
1770392199.3512 0.678 1.5 0 0 0
1770392199.3760 0.612 1.5 0 0 0
1770392199.4005 0.722 1.5 0 0 0
1770392199.4263 0.844 1.5 0 0 0
1770392199.4512 1.039 1.5 0 0 0
1770392199.4757 1.195 1.5 0 0 0
1770392199.5014 1.196 1.5 0 0 0
1770392199.5260 1.089 1.5 0 0 0
1770392199.5514 0.834 1.5 0 0 0
1770392199.5762 0.753 1.5 0 0 0
1770392199.6010 0.651 1.5 0 0 0
1770392199.6258 0.688 1.5 0 0 0
1770392199.6510 0.702 1.5 0 0 0
1770392199.6757 0.871 1.5 0 0 0
1770392199.7005 0.94 1.5 0 0 0
1770392199.7264 0.939 1.5 0 0 0
1770392199.7510 0.831 1.5 0 0 0
1770392199.7757 0.771 1.5 0 0 0
1770392199.8014 0.739 1.5 0 0 0
1770392199.8261 0.595 1.5 0 0 0
1770392199.8506 0.568 1.5 0 0 0
1770392199.8762 0.636 1.5 0 0 0
1770392199.9008 0.712 1.5 0 0 0
1770392199.9255 0.745 1.5 0 0 0
1770392199.9509 0.933 1.5 0 0 0
1770392199.9766 0.987 1.5 0 0 0
1770392200.0005 0.944 1.5 0 0 0
1770392200.0260 0.835 1.5 0 0 0
1770392200.0516 0.702 1.5 0 0 0
1770392200.0763 0.609 1.5 0 0 0
1770392200.1010 0.773 1.5 0 0 0
1770392200.1265 0.944 1.5 0 0 0
1770392200.1510 1.078 1.5 0 0 0
1770392200.1768 1.17 1.5 0 0 0
1770392200.2016 1.214 1.5 0 0 0
1770392200.2262 0.941 1.5 0 0 0
1770392200.2512 0.796 1.5 0 0 0
1770392200.2759 0.696 1.5 0 0 0
1770392200.3016 0.659 1.5 0 0 0
1770392200.3261 0.653 1.5 0 0 0
1770392200.3518 0.675 1.5 0 0 0
1770392200.3768 0.902 1.5 0 0 0
1770392200.4017 1.068 1.5 0 0 0
1770392200.4261 1.05 1.5 0 0 0
1770392200.4508 0.934 1.5 0 0 0
1770392200.4764 0.898 1.5 0 0 0
1770392200.5011 0.745 1.5 0 0 0
1770392200.5264 0.674 1.5 0 0 0
1770392200.5518 0.613 1.5 0 0 0
1770392200.5759 0.724 1.5 0 0 0
1770392200.6016 0.844 1.5 0 0 0
1770392200.6260 0.974 1.5 0 0 0
1770392200.6511 1.098 1.5 0 0 0
1770392200.6768 1.067 1.5 0 0 0
1770392200.7014 0.933 1.5 0 0 0
1770392200.7263 0.787 1.5 0 0 0
1770392200.7512 0.709 1.5 0 0 0
1770392200.7761 0.575 1.5 0 0 0
1770392200.8009 0.679 1.5 0 0 0
1770392200.8259 0.764 1.5 0 0 0
1770392200.8517 0.952 1.5 0 0 0
1770392200.8763 1.061 1.5 0 0 0
1770392200.9010 1.103 1.5 0 0 0
1770392200.9266 1.02 1.5 0 0 0
1770392200.9511 0.859 1.5 0 0 0
1770392200.9760 0.727 1.5 0 0 0
1770392201.0015 0.687 1.5 0 0 0
1770392201.0262 0.719 1.5 0 0 0
1770392201.0518 0.826 1.5 0 0 0
1770392201.0763 0.876 1.5 0 0 0
1770392201.1009 0.903 1.5 0 0 0
1770392201.1266 1.217 1.5 0 0 0
1770392201.1511 1.089 1.5 0 0 0
1770392201.1768 0.913 1.5 0 0 0
1770392201.2014 0.779 1.5 0 0 0
1770392201.2261 0.663 1.5 0 0 0
1770392201.2516 0.577 1.5 0 0 0
1770392201.2762 0.7 1.5 0 0 0
1770392201.3018 0.831 1.5 0 0 0
1770392201.3264 0.908 1.5 0 0 0
1770392201.3519 0.98 1.5 0 0 0
1770392201.3766 1.009 1.5 0 0 0
1770392201.4016 0.849 1.5 0 0 0
1770392201.4268 0.737 1.5 0 0 0
1770392201.4513 0.646 1.5 0 0 0
1770392201.4769 0.677 1.5 0 0 0
1770392201.5018 0.695 1.5 0 0 0
1770392201.5265 0.719 1.5 0 0 0
1770392201.5509 0.86 1.5 0 0 0
1770392201.5766 1.036 1.5 0 0 0
1770392201.6015 1.302 1.5 0 0 0
1770392201.6265 1.023 1.5 0 0 0
1770392201.6514 0.863 1.5 0 0 0
1770392201.6761 0.648 1.5 0 0 0
1770392201.7013 0.604 1.5 0 0 0
1770392201.7269 0.573 1.5 0 0 0
1770392201.7518 0.821 1.5 0 0 0
1770392201.7766 0.947 1.5 0 0 0
1770392201.8019 1.009 1.5 0 0 0
1770392201.8264 0.938 1.5 0 0 0
1770392201.8511 0.909 1.5 0 0 0
1770392201.8766 0.894 1.5 0 0 0
1770392201.9010 0.74 1.5 0 0 0
1770392201.9266 0.682 1.5 0 0 0
1770392201.9510 0.589 1.5 0 0 0
1770392201.9760 0.72 1.5 0 0 0
1770392202.0018 0.832 1.5 0 0 0
1770392202.0262 0.923 1.5 0 0 0
1770392202.0518 0.954 1.5 0 0 0
1770392202.0764 0.948 1.5 0 0 0
1770392202.1010 0.917 1.5 0 0 0
1770392202.1266 0.837 1.5 0 0 0
1770392202.1520 0.754 1.5 0 0 0
1770392202.1796 0.757 1.5 0 0 0
1770392202.2011 0.806 1.5 0 0 0
1770392202.2266 0.85 1.5 0 0 0
1770392202.2512 1.009 1.5 0 0 0
1770392202.2769 1.102 1.5 0 0 0
1770392202.3015 1.199 1.5 0 0 0
1770392202.3265 0.969 1.5 0 0 0
1770392202.3520 0.796 1.5 0 0 0
1770392202.3769 0.685 1.5 0 0 0
1770392202.4011 0.62 1.5 0 0 0
1770392202.4267 0.59 1.5 0 0 0
1770392202.4518 0.719 1.5 0 0 0
1770392202.4770 0.854 1.5 0 0 0
1770392202.5014 0.979 1.5 0 0 0
1770392202.5271 1.016 1.5 0 0 0
1770392202.5514 0.999 1.5 0 0 0
1770392202.5769 0.848 1.5 0 0 0
1770392202.6012 0.78 1.5 0 0 0
1770392202.6269 0.723 1.5 0 0 0
1770392202.6520 0.7 1.5 0 0 0
1770392202.6770 0.736 1.5 0 0 0
1770392202.7020 0.802 1.5 0 0 0
1770392202.7268 0.9 1.5 0 0 0
1770392202.7517 1.087 1.5 0 0 0
1770392202.7765 1.317 1.5 0 0 0
1770392202.8013 1.055 1.5 0 0 0
1770392202.8270 0.885 1.5 0 0 0
1770392202.8514 0.677 1.5 0 0 0
1770392202.8769 0.565 1.5 0 0 0
1770392202.9015 0.517 1.5 0 0 0
1770392202.9269 0.755 1.5 0 0 0
1770392202.9516 0.873 1.5 0 0 0
1770392202.9766 0.921 1.5 0 0 0
1770392203.0017 0.955 1.5 0 0 0
1770392203.0272 0.933 1.5 0 0 0
1770392203.0517 0.907 1.5 0 0 0
1770392203.0763 0.732 1.5 0 0 0
1770392203.1019 0.691 1.5 0 0 0
1770392203.1265 0.637 1.5 0 0 0
1770392203.1521 0.8 1.5 0 0 0
1770392203.1766 0.937 1.5 0 0 0
1770392203.2020 1.143 1.5 0 0 0
1770392203.2267 1.188 1.5 0 0 0
1770392203.2512 1.132 1.5 0 0 0
1770392203.2771 0.908 1.5 0 0 0
1770392203.3017 0.737 1.5 0 0 0
1770392203.3272 0.64 1.5 0 0 0
1770392203.3518 0.63 1.5 0 0 0
1770392203.3770 0.724 1.5 0 0 0
1770392203.4018 0.864 1.5 0 0 0
1770392203.4273 1.033 1.5 0 0 0
1770392203.4519 1.117 1.5 0 0 0
1770392203.4774 1.122 1.5 0 0 0
1770392203.5021 0.884 1.5 0 0 0
1770392203.5276 0.749 1.5 0 0 0
1770392203.5523 0.773 1.5 0 0 0
1770392203.5768 0.68 1.5 0 0 0
1770392203.6026 0.629 1.5 0 0 0
1770392203.6271 0.714 1.5 0 0 0
1770392203.6518 0.822 1.5 0 0 0
1770392203.6773 0.911 1.5 0 0 0
1770392203.7020 1.261 1.5 0 0 0
1770392203.7275 1.264 1.5 0 0 0
1770392203.7522 0.894 1.5 0 0 0
1770392203.7777 0.789 1.5 0 0 0
1770392203.8025 0.729 1.5 0 0 0
1770392203.8269 0.702 1.5 0 0 0
1770392203.8527 0.79 1.5 0 0 0
1770392203.8771 0.912 1.5 0 0 0
1770392203.9019 0.95 1.5 0 0 0
1770392203.9276 1.006 1.5 0 0 0
1770392203.9523 1.031 1.5 0 0 0
1770392203.9768 0.914 1.5 0 0 0
1770392204.0018 0.856 1.5 0 0 0
1770392204.0273 0.737 1.5 0 0 0
1770392204.0521 0.621 1.5 0 0 0
1770392204.0776 0.585 1.5 0 0 0
1770392204.1023 0.746 1.5 0 0 0
1770392204.1279 0.935 1.5 0 0 0
1770392204.1526 1.065 1.5 0 0 0
1770392204.1778 1.215 1.5 0 0 0
1770392204.2026 1.017 1.5 0 0 0
1770392204.2268 0.822 1.5 0 0 0
1770392204.2526 0.676 1.5 0 0 0
1770392204.2776 0.687 1.5 0 0 0
1770392204.3026 0.731 1.5 0 0 0
1770392204.3273 0.878 1.5 0 0 0
1770392204.3519 0.946 1.5 0 0 0
1770392204.3779 1.078 1.5 0 0 0
1770392204.4026 1.033 1.5 0 0 0
1770392204.4278 0.965 1.5 0 0 0
1770392204.4528 0.865 1.5 0 0 0
1770392204.4779 0.731 1.5 0 0 0
1770392204.5029 0.663 1.5 0 0 0
1770392204.5277 0.612 1.5 0 0 0
1770392204.5526 0.699 1.5 0 0 0
1770392204.5771 0.86 1.5 0 0 0
1770392204.6021 0.982 1.5 0 0 0
1770392204.6274 1.051 1.5 0 0 0
1770392204.6525 1.1 1.5 0 0 0
1770392204.6777 0.9 1.5 0 0 0
1770392204.7021 0.787 1.5 0 0 0
1770392204.7273 0.785 1.5 0 0 0
1770392204.7525 0.664 1.5 0 0 0
1770392204.7779 0.597 1.5 0 0 0
1770392204.8024 0.731 1.5 0 0 0
1770392204.8277 0.88 1.5 0 0 0
1770392204.8520 0.983 1.5 0 0 0
1770392204.8772 1.075 1.5 0 0 0
1770392204.9022 1.063 1.5 0 0 0
1770392204.9272 0.907 1.5 0 0 0
1770392204.9524 0.769 1.5 0 0 0
1770392204.9775 0.702 1.5 0 0 0
1770392205.0028 0.761 1.5 0 0 0
1770392205.0274 0.851 1.5 0 0 0
1770392205.0526 0.93 1.5 0 0 0
1770392205.0777 1.081 1.5 0 0 0
1770392205.1029 1.146 1.5 0 0 0
1770392205.1272 1.142 1.5 0 0 0
1770392205.1524 1.049 1.5 0 0 0
1770392205.1774 0.954 1.5 0 0 0
1770392205.2027 0.793 1.5 0 0 0
1770392205.2279 0.606 1.5 0 0 0
1770392205.2521 0.564 1.5 0 0 0
1770392205.2772 0.743 1.5 0 0 0
1770392205.3025 0.928 1.5 0 0 0
1770392205.3275 1.081 1.5 0 0 0
1770392205.3527 1.215 1.5 0 0 0
1770392205.3770 1.017 1.5 0 0 0
1770392205.4023 0.87 1.5 0 0 0
1770392205.4279 0.715 1.5 0 0 0
1770392205.4528 0.726 1.5 0 0 0
1770392205.4779 0.743 1.5 0 0 0
1770392205.5021 0.964 1.5 0 0 0
1770392205.5272 1.07 1.5 0 0 0
1770392205.5524 1.047 1.5 0 0 0
1770392205.5775 1 1.5 0 0 0
1770392205.6030 0.957 1.5 0 0 0
1770392205.6270 1.034 1.5 0 0 0
1770392205.6522 0.894 1.5 0 0 0
1770392205.6774 0.808 1.5 0 0 0
1770392205.7027 0.601 1.5 0 0 0
1770392205.7278 0.7 1.5 0 0 0
1770392205.7520 0.9 1.5 0 0 0
1770392205.7777 1.004 1.5 0 0 0
1770392205.8029 0.974 1.5 0 0 0
1770392205.8270 0.844 1.5 0 0 0
1770392205.8522 0.835 1.5 0 0 0
1770392205.8774 0.788 1.5 0 0 0
1770392205.9026 0.624 1.5 0 0 0
1770392205.9278 0.599 1.5 0 0 0
1770392205.9521 0.607 1.5 0 0 0
1770392205.9775 0.913 1.5 0 0 0
1770392206.0023 1.174 1.5 0 0 0
1770392206.0275 1.325 1.5 0 0 0
1770392206.0527 1.371 1.5 0 0 0
1770392206.0781 1.169 1.5 0 0 0
1770392206.1023 0.872 1.5 0 0 0
1770392206.1275 0.714 1.5 0 0 0
1770392206.1525 0.65 1.5 0 0 0
1770392206.1780 0.642 1.5 0 0 0
1770392206.2025 0.755 1.5 0 0 0
1770392206.2273 0.855 1.5 0 0 0
1770392206.2527 1.052 1.5 0 0 0
1770392206.2780 1.235 1.5 0 0 0
1770392206.3032 1.377 1.5 0 0 0
1770392206.3273 1.038 1.5 0 0 0
1770392206.3527 0.88 1.5 0 0 0
1770392206.3781 0.743 1.5 0 0 0
1770392206.4024 0.629 1.5 0 0 0
1770392206.4276 0.631 1.5 0 0 0
1770392206.4527 0.808 1.5 0 0 0
1770392206.4778 0.942 1.5 0 0 0
1770392206.5030 1.038 1.5 0 0 0
1770392206.5282 1.119 1.5 0 0 0
1770392206.5524 0.878 1.5 0 0 0
1770392206.5776 0.765 1.5 0 0 0
1770392206.6034 0.688 1.5 0 0 0
1770392206.6286 0.67 1.5 0 0 0
1770392206.6533 0.633 1.5 0 0 0
1770392206.6786 0.826 1.5 0 0 0
1770392206.7028 0.92 1.5 0 0 0
1770392206.7278 0.939 1.5 0 0 0
1770392206.7530 1.127 1.5 0 0 0
1770392206.7784 1.143 1.5 0 0 0
1770392206.8030 0.802 1.5 0 0 0
1770392206.8284 0.718 1.5 0 0 0
1770392206.8528 0.694 1.5 0 0 0
1770392206.8792 0.64 1.5 0 0 0
1770392206.9035 0.716 1.5 0 0 0
1770392206.9286 0.777 1.5 0 0 0
1770392206.9536 1.063 1.5 0 0 0
1770392206.9788 1.141 1.5 0 0 0
1770392207.0030 1.045 1.5 0 0 0
1770392207.0280 0.907 1.5 0 0 0
1770392207.0532 0.811 1.5 0 0 0
1770392207.0783 0.717 1.5 0 0 0
1770392207.1035 0.735 1.5 0 0 0
1770392207.1285 0.77 1.5 0 0 0
1770392207.1536 0.844 1.5 0 0 0
1770392207.1789 0.91 1.5 0 0 0
1770392207.2033 0.936 1.5 0 0 0
1770392207.2283 0.939 1.5 0 0 0
1770392207.2535 0.909 1.5 0 0 0
1770392207.2787 0.831 1.5 0 0 0
1770392207.3030 0.795 1.5 0 0 0
1770392207.3280 0.734 1.5 0 0 0
1770392207.3533 0.638 1.5 0 0 0
1770392207.3787 0.775 1.5 0 0 0
1770392207.4032 0.927 1.5 0 0 0
1770392207.4283 0.999 1.5 0 0 0
1770392207.4535 1.078 1.5 0 0 0
1770392207.4785 1.127 1.5 0 0 0
1770392207.5028 0.789 1.5 0 0 0
1770392207.5279 0.694 1.5 0 0 0
1770392207.5532 0.613 1.5 0 0 0
1770392207.5787 0.688 1.5 0 0 0
1770392207.6028 0.735 1.5 0 0 0
1770392207.6280 0.802 1.5 0 0 0
1770392207.6531 0.855 1.5 0 0 0
1770392207.6783 0.913 1.5 0 0 0
1770392207.7035 1.163 1.5 0 0 0
1770392207.7285 0.899 1.5 0 0 0
1770392207.7537 0.764 1.5 0 0 0
1770392207.7778 0.689 1.5 0 0 0
1770392207.8031 0.654 1.5 0 0 0
1770392207.8281 0.607 1.5 0 0 0
1770392207.8533 0.783 1.5 0 0 0
1770392207.8784 0.87 1.5 0 0 0
1770392207.9035 0.923 1.5 0 0 0
1770392207.9286 0.954 1.5 0 0 0
1770392207.9538 0.943 1.5 0 0 0
1770392207.9778 0.905 1.5 0 0 0
1770392208.0032 0.758 1.5 0 0 0
1770392208.0283 0.707 1.5 0 0 0
1770392208.0537 0.64 1.5 0 0 0
1770392208.0788 0.766 1.5 0 0 0
1770392208.1039 0.886 1.5 0 0 0
1770392208.1281 1.058 1.5 0 0 0
1770392208.1531 1.088 1.5 0 0 0
1770392208.1784 1.034 1.5 0 0 0
1770392208.2031 0.781 1.5 0 0 0
1770392208.2288 0.702 1.5 0 0 0
1770392208.2529 0.689 1.5 0 0 0
1770392208.2779 0.702 1.5 0 0 0
1770392208.3035 0.758 1.5 0 0 0
1770392208.3281 0.986 1.5 0 0 0
1770392208.3533 1.114 1.5 0 0 0
1770392208.3781 1.121 1.5 0 0 0
1770392208.4037 1.122 1.5 0 0 0
1770392208.4288 1.039 1.5 0 0 0
1770392208.4529 0.898 1.5 0 0 0
1770392208.4780 0.785 1.5 0 0 0
1770392208.5034 0.709 1.5 0 0 0
1770392208.5284 0.659 1.5 0 0 0
1770392208.5535 0.744 1.5 0 0 0
1770392208.5788 0.827 1.5 0 0 0
1770392208.6031 0.972 1.5 0 0 0
1770392208.6282 1.058 1.5 0 0 0
1770392208.6533 1.128 1.5 0 0 0
1770392208.6789 0.785 1.5 0 0 0
1770392208.7035 0.7 1.5 0 0 0
1770392208.7289 0.644 1.5 0 0 0
1770392208.7530 0.643 1.5 0 0 0
1770392208.7785 0.677 1.5 0 0 0
1770392208.8039 0.782 1.5 0 0 0
1770392208.8288 1.164 1.5 0 0 0
1770392208.8540 1.38 1.5 0 0 0
1770392208.8790 1.05 1.5 0 0 0
1770392208.9035 0.82 1.5 0 0 0
1770392208.9285 0.751 1.5 0 0 0
1770392208.9539 0.715 1.5 0 0 0
1770392208.9781 0.686 1.5 0 0 0
1770392209.0039 0.636 1.5 0 0 0
1770392209.0280 0.839 1.5 0 0 0
1770392209.0532 1.043 1.5 0 0 0
1770392209.0785 1.275 1.5 0 0 0
1770392209.1036 1.136 1.5 0 0 0
1770392209.1285 1.026 1.5 0 0 0
1770392209.1536 0.872 1.5 0 0 0
1770392209.1788 0.768 1.5 0 0 0
1770392209.2030 0.72 1.5 0 0 0
1770392209.2284 0.598 1.5 0 0 0
1770392209.2535 0.739 1.5 0 0 0
1770392209.2787 0.869 1.5 0 0 0
1770392209.3032 0.925 1.5 0 0 0
1770392209.3286 1.015 1.5 0 0 0
1770392209.3537 1.083 1.5 0 0 0
1770392209.3790 0.79 1.5 0 0 0
1770392209.4031 0.691 1.5 0 0 0
1770392209.4282 0.653 1.5 0 0 0
1770392209.4534 0.581 1.5 0 0 0
1770392209.4784 0.626 1.5 0 0 0
1770392209.5036 0.913 1.5 0 0 0
1770392209.5288 1.133 1.5 0 0 0
1770392209.5541 1.216 1.5 0 0 0
1770392209.5791 1.059 1.5 0 0 0
1770392209.6033 0.886 1.5 0 0 0
1770392209.6288 0.745 1.5 0 0 0
1770392209.6533 0.674 1.5 0 0 0
1770392209.6782 0.631 1.5 0 0 0
1770392209.7032 0.616 1.5 0 0 0
1770392209.7289 0.732 1.5 0 0 0
1770392209.7538 0.879 1.5 0 0 0
1770392209.7788 1.221 1.5 0 0 0
1770392209.8036 1.188 1.5 0 0 0
1770392209.8282 1.1 1.5 0 0 0
1770392209.8539 0.785 1.5 0 0 0
1770392209.8794 0.678 1.5 0 0 0
1770392209.9043 0.613 1.5 0 0 0
1770392209.9291 0.591 1.5 0 0 0
1770392209.9542 0.675 1.5 0 0 0
1770392209.9792 0.866 1.5 0 0 0
1770392210.0040 1.102 1.5 0 0 0
1770392210.0295 1.298 1.5 0 0 0
1770392210.0543 1.386 1.5 0 0 0
1770392210.0787 0.973 1.5 0 0 0
1770392210.1046 0.852 1.5 0 0 0
1770392210.1290 0.705 1.5 0 0 0
1770392210.1539 0.634 1.5 0 0 0
1770392210.1796 0.579 1.5 0 0 0
1770392210.2046 0.967 1.5 0 0 0
1770392210.2290 1.083 1.5 0 0 0
1770392210.2537 1.041 1.5 0 0 0
1770392210.2793 1.124 1.5 0 0 0
1770392210.3041 1.082 1.5 0 0 0
1770392210.3296 0.935 1.5 0 0 0
1770392210.3545 0.752 1.5 0 0 0
1770392210.3793 0.703 1.5 0 0 0
1770392210.4041 0.673 1.5 0 0 0
1770392210.4297 0.822 1.5 0 0 0
1770392210.4546 0.902 1.5 0 0 0
1770392210.4792 1.004 1.5 0 0 0
1770392210.5043 1.127 1.5 0 0 0
1770392210.5298 1.201 1.5 0 0 0
1770392210.5545 0.881 1.5 0 0 0
1770392210.5792 0.74 1.5 0 0 0
1770392210.6045 0.663 1.5 0 0 0
1770392210.6292 0.619 1.5 0 0 0
1770392210.6544 0.655 1.5 0 0 0
1770392210.6788 0.8 1.5 0 0 0
1770392210.7047 0.906 1.5 0 0 0
1770392210.7288 0.962 1.5 0 0 0
1770392210.7540 1.141 1.5 0 0 0
1770392210.7797 0.956 1.5 0 0 0
1770392210.8041 0.797 1.5 0 0 0
1770392210.8289 0.628 1.5 0 0 0
1770392210.8538 0.607 1.5 0 0 0
1770392210.8793 0.633 1.5 0 0 0
1770392210.9039 0.808 1.5 0 0 0
1770392210.9291 0.957 1.5 0 0 0
1770392210.9539 1.007 1.5 0 0 0
1770392210.9797 1.016 1.5 0 0 0
1770392211.0039 1.014 1.5 0 0 0
1770392211.0289 0.848 1.5 0 0 0
1770392211.0541 0.729 1.5 0 0 0
1770392211.0793 0.644 1.5 0 0 0
1770392211.1047 0.811 1.5 0 0 0
1770392211.1298 0.863 1.5 0 0 0
1770392211.1542 0.885 1.5 0 0 0
1770392211.1791 1.042 1.5 0 0 0
1770392211.2048 1.121 1.5 0 0 0
1770392211.2295 1.057 1.5 0 0 0
1770392211.2539 0.935 1.5 0 0 0
1770392211.2793 0.834 1.5 0 0 0
1770392211.3046 0.642 1.5 0 0 0
1770392211.3297 0.618 1.5 0 0 0
1770392211.3549 0.598 1.5 0 0 0
1770392211.3792 0.798 1.5 0 0 0
1770392211.4048 0.978 1.5 0 0 0
1770392211.4298 1.166 1.5 0 0 0
1770392211.4539 1.099 1.5 0 0 0
1770392211.4791 0.979 1.5 0 0 0
1770392211.5045 0.864 1.5 0 0 0
1770392211.5296 0.721 1.5 0 0 0
1770392211.5549 0.7 1.5 0 0 0
1770392211.5794 0.672 1.5 0 0 0
1770392211.6047 0.687 1.5 0 0 0
1770392211.6298 0.698 1.5 0 0 0
1770392211.6550 0.92 1.5 0 0 0
1770392211.6790 1.059 1.5 0 0 0
1770392211.7044 1.096 1.5 0 0 0
1770392211.7296 0.728 1.5 0 0 0
1770392211.7549 0.66 1.5 0 0 0
1770392211.7793 0.644 1.5 0 0 0
1770392211.8041 0.614 1.5 0 0 0
1770392211.8293 0.694 1.5 0 0 0
1770392211.8548 0.897 1.5 0 0 0
1770392211.8799 1.057 1.5 0 0 0
1770392211.9052 1.142 1.5 0 0 0
1770392211.9292 1.214 1.5 0 0 0
1770392211.9544 1.033 1.5 0 0 0
1770392211.9796 0.9 1.5 0 0 0
1770392212.0050 0.854 1.5 0 0 0
1770392212.0301 0.764 1.5 0 0 0
1770392212.0543 0.704 1.5 0 0 0
1770392212.0796 0.814 1.5 0 0 0
1770392212.1049 0.975 1.5 0 0 0
1770392212.1301 1.162 1.5 0 0 0
1770392212.1543 1.013 1.5 0 0 0
1770392212.1797 0.891 1.5 0 0 0
1770392212.2051 0.673 1.5 0 0 0
1770392212.2302 0.632 1.5 0 0 0
1770392212.2546 0.608 1.5 0 0 0
1770392212.2799 0.666 1.5 0 0 0
1770392212.3042 0.836 1.5 0 0 0
1770392212.3294 1.042 1.5 0 0 0
1770392212.3548 1.05 1.5 0 0 0
1770392212.3793 1.132 1.5 0 0 0
1770392212.4045 1.234 1.5 0 0 0
1770392212.4295 0.919 1.5 0 0 0
1770392212.4546 0.765 1.5 0 0 0
1770392212.4796 0.605 1.5 0 0 0
1770392212.5052 0.54 1.5 0 0 0
1770392212.5295 0.528 1.5 0 0 0
1770392212.5551 0.843 1.5 0 0 0
1770392212.5802 1.175 1.5 0 0 0
1770392212.6045 1.474 1.5 0 0 0
1770392212.6296 1.076 1.5 0 0 0
1770392212.6547 0.845 1.5 0 0 0
1770392212.6798 0.724 1.5 0 0 0
1770392212.7052 0.681 1.5 0 0 0
1770392212.7294 0.674 1.5 0 0 0
1770392212.7546 0.633 1.5 0 0 0
1770392212.7800 0.718 1.5 0 0 0
1770392212.8049 0.787 1.5 0 0 0
1770392212.8305 0.952 1.5 0 0 0
1770392212.8551 1.028 1.5 0 0 0
1770392212.8804 1.015 1.5 0 0 0
1770392212.9057 0.749 1.5 0 0 0
1770392212.9297 0.697 1.5 0 0 0
1770392212.9549 0.69 1.5 0 0 0
1770392212.9807 0.645 1.5 0 0 0
1770392213.0049 0.732 1.5 0 0 0
1770392213.0299 0.864 1.5 0 0 0
1770392213.0550 1.038 1.5 0 0 0
1770392213.0800 1.095 1.5 0 0 0
1770392213.1053 1.038 1.5 0 0 0
1770392213.1304 0.921 1.5 0 0 0
1770392213.1555 0.823 1.5 0 0 0
1770392213.1799 0.756 1.5 0 0 0
1770392213.2058 0.664 1.5 0 0 0
1770392213.2302 0.623 1.5 0 0 0
1770392213.2554 0.867 1.5 0 0 0
1770392213.2806 1.037 1.5 0 0 0
1770392213.3048 1.109 1.5 0 0 0
1770392213.3298 1.191 1.5 0 0 0
1770392213.3551 0.997 1.5 0 0 0
1770392213.3805 0.694 1.5 0 0 0
1770392213.4048 0.68 1.5 0 0 0
1770392213.4299 0.673 1.5 0 0 0
1770392213.4551 0.718 1.5 0 0 0
1770392213.4802 0.899 1.5 0 0 0
1770392213.5056 1.143 1.5 0 0 0
1770392213.5307 1.234 1.5 0 0 0
1770392213.5553 1.164 1.5 0 0 0
1770392213.5799 1.074 1.5 0 0 0
1770392213.6055 0.872 1.5 0 0 0
1770392213.6297 0.743 1.5 0 0 0
1770392213.6550 0.575 1.5 0 0 0
1770392213.6804 0.633 1.5 0 0 0
1770392213.7048 0.712 1.5 0 0 0
1770392213.7300 0.992 1.5 0 0 0
1770392213.7552 1.054 1.5 0 0 0
1770392213.7805 1.034 1.5 0 0 0
1770392213.8058 0.927 1.5 0 0 0
1770392213.8308 0.824 1.5 0 0 0
1770392213.8555 0.746 1.5 0 0 0
1770392213.8807 0.655 1.5 0 0 0
1770392213.9050 0.636 1.5 0 0 0
1770392213.9302 0.601 1.5 0 0 0
1770392213.9554 0.765 1.5 0 0 0
1770392213.9805 0.879 1.5 0 0 0
1770392214.0048 1.054 1.5 0 0 0
1770392214.0299 1.187 1.5 0 0 0
1770392214.0550 1.144 1.5 0 0 0
1770392214.0800 0.769 1.5 0 0 0
1770392214.1051 0.698 1.5 0 0 0
1770392214.1303 0.689 1.5 0 0 0
1770392214.1554 0.641 1.5 0 0 0
1770392214.1807 0.765 1.5 0 0 0
1770392214.2053 1.001 1.5 0 0 0
1770392214.2308 1.054 1.5 0 0 0
1770392214.2549 1.072 1.5 0 0 0
1770392214.2799 1.105 1.5 0 0 0
1770392214.3051 0.894 1.5 0 0 0
1770392214.3303 0.774 1.5 0 0 0
1770392214.3553 0.673 1.5 0 0 0
1770392214.3805 0.627 1.5 0 0 0
1770392214.4053 0.613 1.5 0 0 0
1770392214.4305 0.861 1.5 0 0 0
1770392214.4558 1.174 1.5 0 0 0
1770392214.4809 1.451 1.5 0 0 0
1770392214.5050 1.142 1.5 0 0 0
1770392214.5300 0.937 1.5 0 0 0
1770392214.5551 0.717 1.5 0 0 0
1770392214.5809 0.694 1.5 0 0 0
1770392214.6053 0.667 1.5 0 0 0
1770392214.6304 0.649 1.5 0 0 0
1770392214.6557 0.774 1.5 0 0 0
1770392214.6800 0.899 1.5 0 0 0
1770392214.7055 0.889 1.5 0 0 0
1770392214.7306 0.975 1.5 0 0 0
1770392214.7549 1.092 1.5 0 0 0
1770392214.7805 0.797 1.5 0 0 0
1770392214.8057 0.748 1.5 0 0 0
1770392214.8307 0.715 1.5 0 0 0
1770392214.8553 0.605 1.5 0 0 0
1770392214.8808 0.601 1.5 0 0 0
1770392214.9053 0.798 1.5 0 0 0
1770392214.9304 1.009 1.5 0 0 0
1770392214.9555 1.149 1.5 0 0 0
1770392214.9807 0.948 1.5 0 0 0
1770392215.0049 0.868 1.5 0 0 0
1770392215.0299 0.838 1.5 0 0 0
1770392215.0550 0.672 1.5 0 0 0
1770392215.0801 0.68 1.5 0 0 0
1770392215.1052 0.698 1.5 0 0 0
1770392215.1303 0.91 1.5 0 0 0
1770392215.1555 1.022 1.5 0 0 0
1770392215.1806 1.1 1.5 0 0 0
1770392215.2058 1.286 1.5 0 0 0
1770392215.2308 1.268 1.5 0 0 0
1770392215.2559 0.863 1.5 0 0 0
1770392215.2799 0.771 1.5 0 0 0
1770392215.3051 0.739 1.5 0 0 0
1770392215.3302 0.653 1.5 0 0 0
1770392215.3554 0.734 1.5 0 0 0
1770392215.3808 0.823 1.5 0 0 0
1770392215.4050 1.025 1.5 0 0 0
1770392215.4307 1.108 1.5 0 0 0
1770392215.4559 1.117 1.5 0 0 0
1770392215.4809 0.896 1.5 0 0 0
1770392215.5051 0.774 1.5 0 0 0
1770392215.5301 0.71 1.5 0 0 0
1770392215.5552 0.685 1.5 0 0 0
1770392215.5809 0.691 1.5 0 0 0
1770392215.6062 0.704 1.5 0 0 0
1770392215.6312 0.903 1.5 0 0 0
1770392215.6552 1.124 1.5 0 0 0
1770392215.6804 1.057 1.5 0 0 0
1770392215.7057 0.919 1.5 0 0 0
1770392215.7304 0.747 1.5 0 0 0
1770392215.7555 0.655 1.5 0 0 0
1770392215.7808 0.618 1.5 0 0 0
1770392215.8060 0.635 1.5 0 0 0
1770392215.8304 0.814 1.5 0 0 0
1770392215.8552 0.986 1.5 0 0 0
1770392215.8810 1.025 1.5 0 0 0
1770392215.9057 1.132 1.5 0 0 0
1770392215.9312 1.231 1.5 0 0 0
1770392215.9558 0.897 1.5 0 0 0
1770392215.9806 0.853 1.5 0 0 0
1770392216.0053 0.813 1.5 0 0 0
1770392216.0307 0.669 1.5 0 0 0
1770392216.0553 0.685 1.5 0 0 0
1770392216.0802 0.877 1.5 0 0 0
1770392216.1060 1.027 1.5 0 0 0
1770392216.1305 1.149 1.5 0 0 0
1770392216.1556 1.236 1.5 0 0 0
1770392216.1805 0.897 1.5 0 0 0
1770392216.2059 0.766 1.5 0 0 0
1770392216.2311 0.654 1.5 0 0 0
1770392216.2556 0.667 1.5 0 0 0
1770392216.2811 0.665 1.5 0 0 0
1770392216.3055 0.813 1.5 0 0 0
1770392216.3312 0.938 1.5 0 0 0
1770392216.3558 1.074 1.5 0 0 0
1770392216.3810 1.131 1.5 0 0 0
1770392216.4062 1.106 1.5 0 0 0
1770392216.4310 1.004 1.5 0 0 0
1770392216.4560 0.763 1.5 0 0 0
1770392216.4811 0.664 1.5 0 0 0
1770392216.5064 0.588 1.5 0 0 0
1770392216.5309 0.702 1.5 0 0 0
1770392216.5565 0.81 1.5 0 0 0
1770392216.5817 0.969 1.5 0 0 0
1770392216.6059 1.09 1.5 0 0 0
1770392216.6313 1.201 1.5 0 0 0
1770392216.6560 0.953 1.5 0 0 0
1770392216.6817 0.808 1.5 0 0 0
1770392216.7065 0.717 1.5 0 0 0
1770392216.7310 0.71 1.5 0 0 0
1770392216.7557 0.725 1.5 0 0 0
1770392216.7812 0.716 1.5 0 0 0
1770392216.8060 0.851 1.5 0 0 0
1770392216.8307 0.976 1.5 0 0 0
1770392216.8563 1.157 1.5 0 0 0
1770392216.8809 1.032 1.5 0 0 0
1770392216.9062 0.856 1.5 0 0 0
1770392216.9314 0.765 1.5 0 0 0
1770392216.9564 0.717 1.5 0 0 0
1770392216.9810 0.695 1.5 0 0 0
1770392217.0059 0.791 1.5 0 0 0
1770392217.0314 0.9 1.5 0 0 0
1770392217.0565 0.996 1.5 0 0 0
1770392217.0816 1.074 1.5 0 0 0
1770392217.1057 1.12 1.5 0 0 0
1770392217.1307 1.038 1.5 0 0 0
1770392217.1560 0.952 1.5 0 0 0
1770392217.1809 0.833 1.5 0 0 0
1770392217.2065 0.698 1.5 0 0 0
1770392217.2315 0.751 1.5 0 0 0
1770392217.2567 0.954 1.5 0 0 0
1770392217.2816 1.13 1.5 0 0 0
1770392217.3060 1.261 1.5 0 0 0
1770392217.3311 1.267 1.5 0 0 0
1770392217.3563 0.977 1.5 0 0 0
1770392217.3815 0.85 1.5 0 0 0
1770392217.4058 0.707 1.5 0 0 0
1770392217.4310 0.736 1.5 0 0 0
1770392217.4560 0.744 1.5 0 0 0
1770392217.4812 0.899 1.5 0 0 0
1770392217.5064 0.991 1.5 0 0 0
1770392217.5315 1.094 1.5 0 0 0
1770392217.5559 1.211 1.5 0 0 0
1770392217.5812 1.114 1.5 0 0 0
1770392217.6067 0.892 1.5 0 0 0
1770392217.6308 0.71 1.5 0 0 0
1770392217.6559 0.657 1.5 0 0 0
1770392217.6809 0.605 1.5 0 0 0
1770392217.7061 0.72 1.5 0 0 0
1770392217.7312 0.823 1.5 0 0 0
1770392217.7564 1.188 1.5 0 0 0
1770392217.7809 1.181 1.5 0 0 0
1770392217.8066 1.06 1.5 0 0 0
1770392217.8309 1.002 1.5 0 0 0
1770392217.8562 0.845 1.5 0 0 0
1770392217.8813 0.653 1.5 0 0 0
1770392217.9065 0.611 1.5 0 0 0
1770392217.9317 0.647 1.5 0 0 0
1770392217.9559 0.785 1.5 0 0 0
1770392217.9812 0.898 1.5 0 0 0
1770392218.0064 0.927 1.5 0 0 0
1770392218.0316 1.142 1.5 0 0 0
1770392218.0568 0.99 1.5 0 0 0
1770392218.0808 0.801 1.5 0 0 0
1770392218.1059 0.723 1.5 0 0 0
1770392218.1310 0.672 1.5 0 0 0
1770392218.1562 0.649 1.5 0 0 0
1770392218.1817 0.8 1.5 0 0 0
1770392218.2061 0.952 1.5 0 0 0
1770392218.2316 1.079 1.5 0 0 0
1770392218.2562 1.182 1.5 0 0 0
1770392218.2814 1.212 1.5 0 0 0
1770392218.3067 1.001 1.5 0 0 0
1770392218.3309 0.853 1.5 0 0 0
1770392218.3561 0.739 1.5 0 0 0
1770392218.3815 0.622 1.5 0 0 0
1770392218.4069 0.665 1.5 0 0 0
1770392218.4311 0.824 1.5 0 0 0
1770392218.4564 0.95 1.5 0 0 0
1770392218.4815 1.042 1.5 0 0 0
1770392218.5061 1.042 1.5 0 0 0
1770392218.5313 0.816 1.5 0 0 0
1770392218.5564 0.746 1.5 0 0 0
1770392218.5818 0.684 1.5 0 0 0
1770392218.6062 0.709 1.5 0 0 0
1770392218.6315 0.704 1.5 0 0 0
1770392218.6569 0.931 1.5 0 0 0
1770392218.6812 0.975 1.5 0 0 0
1770392218.7065 0.965 1.5 0 0 0
1770392218.7318 1.333 1.5 0 0 0
1770392218.7560 1.406 1.5 0 0 0
1770392218.7818 1.122 1.5 0 0 0
1770392218.8062 0.8 1.5 0 0 0
1770392218.8315 0.706 1.5 0 0 0
1770392218.8567 0.64 1.5 0 0 0
1770392218.8818 0.733 1.5 0 0 0
1770392218.9061 0.783 1.5 0 0 0
1770392218.9310 1.034 1.5 0 0 0
1770392218.9563 0.998 1.5 0 0 0
1770392218.9817 0.897 1.5 0 0 0
1770392219.0064 0.778 1.5 0 0 0
1770392219.0319 0.787 1.5 0 0 0
1770392219.0560 0.862 1.5 0 0 0
1770392219.0811 0.656 1.5 0 0 0
1770392219.1062 0.639 1.5 0 0 0
1770392219.1313 0.793 1.5 0 0 0
1770392219.1565 0.908 1.5 0 0 0
1770392219.1821 0.938 1.5 0 0 0
1770392219.2062 0.999 1.5 0 0 0
1770392219.2314 0.964 1.5 0 0 0
1770392219.2567 0.885 1.5 0 0 0
1770392219.2818 0.774 1.5 0 0 0
1770392219.3070 0.752 1.5 0 0 0
1770392219.3320 0.773 1.5 0 0 0
1770392219.3562 0.838 1.5 0 0 0
1770392219.3817 0.905 1.5 0 0 0
1770392219.4070 0.931 1.5 0 0 0
1770392219.4321 1.095 1.5 0 0 0
1770392219.4562 1.147 1.5 0 0 0
1770392219.4812 0.928 1.5 0 0 0
1770392219.5065 0.726 1.5 0 0 0
1770392219.5317 0.622 1.5 0 0 0
1770392219.5562 0.591 1.5 0 0 0
1770392219.5820 0.643 1.5 0 0 0
1770392219.6063 0.738 1.5 0 0 0
1770392219.6316 0.869 1.5 0 0 0
1770392219.6566 1.042 1.5 0 0 0
1770392219.6816 1.188 1.5 0 0 0
1770392219.7071 0.881 1.5 0 0 0
1770392219.7317 0.778 1.5 0 0 0
1770392219.7569 0.653 1.5 0 0 0
1770392219.7822 0.671 1.5 0 0 0
1770392219.8074 0.671 1.5 0 0 0
1770392219.8324 0.785 1.5 0 0 0
1770392219.8576 0.836 1.5 0 0 0
1770392219.8826 0.868 1.5 0 0 0
1770392219.9068 0.99 1.5 0 0 0
1770392219.9319 0.996 1.5 0 0 0
1770392219.9572 0.911 1.5 0 0 0
1770392219.9825 0.803 1.5 0 0 0
1770392220.0070 0.715 1.5 0 0 0
1770392220.0320 0.576 1.5 0 0 0
1770392220.0572 0.721 1.5 0 0 0
1770392220.0827 0.826 1.5 0 0 0
1770392220.1069 0.986 1.5 0 0 0
1770392220.1321 1.03 1.5 0 0 0
1770392220.1572 1.021 1.5 0 0 0
1770392220.1818 0.934 1.5 0 0 0
1770392220.2076 0.78 1.5 0 0 0
1770392220.2323 0.674 1.5 0 0 0
1770392220.2568 0.665 1.5 0 0 0
1770392220.2823 0.726 1.5 0 0 0
1770392220.3078 0.824 1.5 0 0 0
1770392220.3318 1.013 1.5 0 0 0
1770392220.3570 1.097 1.5 0 0 0
1770392220.3823 1.112 1.5 0 0 0
1770392220.4075 0.996 1.5 0 0 0
1770392220.4325 0.896 1.5 0 0 0
1770392220.4567 0.772 1.5 0 0 0
1770392220.4824 0.681 1.5 0 0 0
1770392220.5076 0.626 1.5 0 0 0
1770392220.5327 0.766 1.5 0 0 0
1770392220.5568 0.964 1.5 0 0 0
1770392220.5819 1.138 1.5 0 0 0
1770392220.6072 1.432 1.5 0 0 0
1770392220.6322 1.375 1.5 0 0 0
1770392220.6573 0.899 1.5 0 0 0
1770392220.6823 0.766 1.5 0 0 0
1770392220.7075 0.688 1.5 0 0 0
1770392220.7327 0.585 1.5 0 0 0
1770392220.7569 0.624 1.5 0 0 0
1770392220.7826 0.697 1.5 0 0 0
1770392220.8068 0.86 1.5 0 0 0
1770392220.8319 1.156 1.5 0 0 0
1770392220.8570 1.5 1.5 0 0 0
1770392220.8821 1.154 1.5 0 0 0
1770392220.9072 0.895 1.5 0 0 0
1770392220.9324 0.678 1.5 0 0 0
1770392220.9575 0.725 1.5 0 0 0
1770392220.9826 0.749 1.5 0 0 0
1770392221.0078 0.913 1.5 0 0 0
1770392221.0323 1.062 1.5 0 0 0
1770392221.0570 1.199 1.5 0 0 0
1770392221.0818 1.168 1.5 0 0 0
1770392221.1073 1.009 1.5 0 0 0
1770392221.1318 0.865 1.5 0 0 0
1770392221.1571 0.75 1.5 0 0 0
1770392221.1818 0.701 1.5 0 0 0
1770392221.2071 0.614 1.5 0 0 0
1770392221.2323 0.752 1.5 0 0 0
1770392221.2578 0.862 1.5 0 0 0
1770392221.2819 1.055 1.5 0 0 0
1770392221.3072 1.242 1.5 0 0 0
1770392221.3324 1.343 1.5 0 0 0
1770392221.3577 0.935 1.5 0 0 0
1770392221.3818 0.787 1.5 0 0 0
1770392221.4071 0.709 1.5 0 0 0
1770392221.4322 0.678 1.5 0 0 0
1770392221.4574 0.746 1.5 0 0 0
1770392221.4824 0.824 1.5 0 0 0
1770392221.5078 1.021 1.5 0 0 0
1770392221.5322 1.1 1.5 0 0 0
1770392221.5577 1.117 1.5 0 0 0
1770392221.5825 1.042 1.5 0 0 0
1770392221.6075 0.966 1.5 0 0 0
1770392221.6323 0.748 1.5 0 0 0
1770392221.6568 0.625 1.5 0 0 0
1770392221.6819 0.571 1.5 0 0 0
1770392221.7073 0.712 1.5 0 0 0
1770392221.7326 0.886 1.5 0 0 0
1770392221.7569 1.045 1.5 0 0 0
1770392221.7822 0.999 1.5 0 0 0
1770392221.8076 0.934 1.5 0 0 0
1770392221.8327 0.837 1.5 0 0 0
1770392221.8569 0.71 1.5 0 0 0
1770392221.8821 0.644 1.5 0 0 0
1770392221.9073 0.595 1.5 0 0 0
1770392221.9325 0.657 1.5 0 0 0
1770392221.9577 0.742 1.5 0 0 0
1770392221.9820 0.971 1.5 0 0 0
1770392222.0072 1.155 1.5 0 0 0
1770392222.0326 1.216 1.5 0 0 0
1770392222.0573 0.923 1.5 0 0 0
1770392222.0828 0.814 1.5 0 0 0
1770392222.1077 0.697 1.5 0 0 0
1770392222.1323 0.625 1.5 0 0 0
1770392222.1572 0.611 1.5 0 0 0
1770392222.1829 0.84 1.5 0 0 0
1770392222.2077 0.924 1.5 0 0 0
1770392222.2324 0.956 1.5 0 0 0
1770392222.2574 1.088 1.5 0 0 0
1770392222.2829 1.03 1.5 0 0 0
1770392222.3076 0.918 1.5 0 0 0
1770392222.3330 0.794 1.5 0 0 0
1770392222.3575 0.735 1.5 0 0 0
1770392222.3822 0.646 1.5 0 0 0
1770392222.4080 0.755 1.5 0 0 0
1770392222.4331 0.839 1.5 0 0 0
1770392222.4576 0.99 1.5 0 0 0
1770392222.4821 1.033 1.5 0 0 0
1770392222.5077 1.038 1.5 0 0 0
1770392222.5325 0.875 1.5 0 0 0
1770392222.5572 0.792 1.5 0 0 0
1770392222.5829 0.743 1.5 0 0 0
1770392222.6075 0.568 1.5 0 0 0
1770392222.6322 0.592 1.5 0 0 0
1770392222.6578 0.641 1.5 0 0 0
1770392222.6823 0.798 1.5 0 0 0
1770392222.7080 0.901 1.5 0 0 0
1770392222.7326 1.062 1.5 0 0 0
1770392222.7573 1.074 1.5 0 0 0
1770392222.7822 0.995 1.5 0 0 0
1770392222.8079 0.748 1.5 0 0 0
1770392222.8326 0.634 1.5 0 0 0
1770392222.8572 0.592 1.5 0 0 0
1770392222.8828 0.763 1.5 0 0 0
1770392222.9076 0.89 1.5 0 0 0
1770392222.9322 0.924 1.5 0 0 0
1770392222.9580 0.902 1.5 0 0 0
1770392222.9826 0.892 1.5 0 0 0
1770392223.0078 0.875 1.5 0 0 0
1770392223.0333 0.783 1.5 0 0 0
1770392223.0579 0.732 1.5 0 0 0
1770392223.0827 0.73 1.5 0 0 0
1770392223.1081 0.722 1.5 0 0 0
1770392223.1328 0.729 1.5 0 0 0
1770392223.1586 0.868 1.5 0 0 0
1770392223.1833 1.012 1.5 0 0 0
1770392223.2081 1.089 1.5 0 0 0
1770392223.2335 1.122 1.5 0 0 0
1770392223.2582 0.953 1.5 0 0 0
1770392223.2836 0.717 1.5 0 0 0
1770392223.3083 0.605 1.5 0 0 0
1770392223.3336 0.582 1.5 0 0 0
1770392223.3583 0.654 1.5 0 0 0
1770392223.3831 0.771 1.5 0 0 0
1770392223.4080 0.862 1.5 0 0 0
1770392223.4331 0.994 1.5 0 0 0
1770392223.4577 0.919 1.5 0 0 0
1770392223.4836 0.843 1.5 0 0 0
1770392223.5084 0.713 1.5 0 0 0
1770392223.5333 0.662 1.5 0 0 0
