% Edge
% 1 	Time (sec)
% 2-10 	sensor notmalized value (0..1000), sensor 0 is left, 0 is no reflection, 1000 is calibrated white
1770391807.002 77 73 73 74 65 63 69 78
1770391807.012 85 70 63 71 65 69 73 71
1770391807.022 83 72 66 72 61 64 64 64
1770391807.033 72 70 69 82 67 61 67 83
1770391807.042 75 67 66 69 62 64 66 76
1770391807.052 82 75 67 67 63 66 66 79
1770391807.062 81 70 71 78 68 64 71 81
1770391807.072 86 66 65 66 62 66 74 81
1770391807.082 74 70 69 68 59 65 70 67
1770391807.092 72 68 69 72 60 67 67 72
1770391807.102 89 73 69 73 65 68 65 81
1770391807.112 95 64 56 65 68 66 67 67
1770391807.122 92 83 70 62 56 70 76 69
1770391807.132 81 77 71 65 66 66 69 75
1770391807.142 71 67 66 69 64 71 74 77
1770391807.152 89 74 64 91 77 65 56 67
1770391807.162 76 67 60 74 67 73 68 67
1770391807.172 75 67 66 68 67 63 68 68
1770391807.182 82 68 69 69 64 69 66 70
1770391807.192 89 66 58 75 73 66 63 67
1770391807.202 83 65 57 67 66 61 60 59
1770391807.212 79 73 71 76 67 68 67 69
1770391807.223 79 70 68 68 62 65 62 69
1770391807.233 80 78 71 69 69 66 67 74
1770391807.242 84 71 63 74 67 65 63 72
1770391807.252 74 76 71 69 70 67 73 80
1770391807.262 78 74 71 73 64 66 71 75
1770391807.272 79 69 70 72 64 63 63 69
1770391807.282 87 77 64 76 75 73 68 65
1770391807.293 71 74 66 69 57 66 72 78
1770391807.302 82 74 70 69 68 68 71 75
1770391807.312 87 80 70 62 61 61 69 78
1770391807.322 78 70 70 73 70 72 73 73
1770391807.332 77 71 66 73 63 71 70 59
1770391807.342 76 71 72 72 66 71 72 66
1770391807.353 81 73 70 72 65 69 71 69
1770391807.362 81 75 72 72 65 68 71 68
1770391807.372 70 64 70 84 70 69 58 61
1770391807.383 82 73 71 75 64 67 64 72
1770391807.393 79 72 69 68 68 65 73 68
1770391807.402 90 71 69 65 63 63 75 71
1770391807.413 69 60 69 78 71 66 68 91
1770391807.423 74 65 60 74 71 56 51 66
1770391807.433 67 67 68 70 64 66 66 69
1770391807.443 79 67 67 76 70 66 62 67
1770391807.453 70 73 62 69 58 62 70 83
1770391807.463 78 69 71 82 78 62 56 58
1770391807.473 74 72 65 68 67 71 69 64
1770391807.483 73 72 76 76 69 67 67 81
1770391807.493 75 75 70 69 64 64 68 77
1770391807.503 79 84 72 76 69 68 58 73
1770391807.513 81 72 64 76 64 67 69 67
1770391807.523 71 67 68 68 58 69 75 78
1770391807.532 75 78 70 63 66 67 71 76
1770391807.542 77 71 68 72 65 67 73 81
1770391807.553 91 69 64 76 62 67 61 72
1770391807.563 86 72 65 65 62 63 68 67
1770391807.572 89 73 70 76 66 69 75 73
1770391807.582 82 74 66 70 68 68 61 67
1770391807.593 77 68 70 81 77 65 55 73
1770391807.602 80 75 72 82 68 71 64 58
1770391807.612 81 69 60 71 62 64 65 72
1770391807.622 78 68 68 71 64 61 65 69
1770391807.632 65 60 66 80 70 65 65 74
1770391807.643 75 66 68 77 73 68 69 71
1770391807.653 70 65 69 76 68 63 70 71
1770391807.663 77 69 70 76 73 69 66 75
1770391807.673 73 75 69 69 64 65 69 71
1770391807.683 65 65 68 79 68 60 70 68
1770391807.693 79 67 74 89 73 60 65 65
1770391807.702 75 72 69 77 71 68 63 71
1770391807.713 91 81 66 74 61 65 73 77
1770391807.723 80 73 78 74 55 60 72 83
1770391807.733 81 74 73 72 65 67 77 83
1770391807.743 76 68 64 62 55 63 71 78
1770391807.753 86 76 76 78 73 72 73 68
1770391807.763 78 71 66 71 68 69 77 72
1770391807.772 76 66 68 74 69 66 64 75
1770391807.783 91 75 64 67 66 77 67 73
1770391807.793 81 77 70 77 67 70 74 71
1770391807.803 83 75 75 81 65 67 67 72
1770391807.813 74 59 65 82 61 61 59 67
1770391807.823 79 67 63 79 80 78 68 71
1770391807.833 81 74 70 76 65 65 66 70
1770391807.843 79 71 71 81 66 72 67 73
1770391807.853 77 69 73 84 68 60 57 71
1770391807.863 79 56 66 84 74 61 64 78
1770391807.873 66 69 67 75 72 65 75 68
1770391807.883 65 69 74 70 66 65 67 77
1770391807.893 74 65 72 79 69 62 71 75
1770391807.903 60 60 73 74 55 53 57 84
1770391807.913 84 74 68 76 68 67 64 77
1770391807.923 69 73 64 68 65 71 64 76
1770391807.933 74 76 66 77 62 75 61 80
1770391807.943 84 76 68 66 64 65 63 81
1770391807.953 80 76 68 78 66 66 68 74
1770391807.963 87 72 65 68 65 66 67 65
1770391807.973 83 82 72 78 75 68 71 57
1770391807.983 100 88 72 85 68 68 71 62
1770391807.993 70 73 61 58 69 65 65 76
1770391808.003 82 79 66 59 71 71 76 63
1770391808.013 82 74 69 63 69 71 73 70
1770391808.022 74 74 66 81 80 77 77 84
1770391808.033 54 66 61 80 73 66 66 83
1770391808.043 64 66 69 90 90 74 64 82
1770391808.053 68 77 76 71 72 68 70 75
1770391808.063 64 73 75 77 66 66 85 89
1770391808.073 77 69 74 88 72 70 75 96
1770391808.083 67 72 75 97 75 67 68 86
1770391808.093 83 78 74 96 77 71 72 65
1770391808.103 100 88 74 84 84 69 75 70
1770391808.113 101 88 72 82 83 74 82 78
1770391808.123 92 78 78 86 77 67 69 76
1770391808.133 92 71 66 79 75 68 78 80
1770391808.143 80 68 67 82 80 78 71 75
1770391808.153 75 67 68 71 78 80 81 86
1770391808.163 94 78 67 68 72 71 74 80
1770391808.173 91 78 68 71 82 71 69 82
1770391808.184 100 84 72 75 71 76 70 93
1770391808.194 117 81 72 68 77 65 62 86
1770391808.203 125 96 78 77 80 78 72 92
1770391808.213 137 89 69 74 78 69 74 118
1770391808.223 141 91 74 66 75 84 74 128
1770391808.233 129 99 70 74 72 67 62 122
1770391808.243 108 80 65 81 82 69 70 122
1770391808.253 94 76 78 91 80 53 61 117
1770391808.263 87 61 63 77 77 64 65 99
1770391808.273 78 70 71 82 80 79 80 86
1770391808.283 72 64 78 89 84 71 71 89
1770391808.293 68 70 67 101 92 72 73 91
1770391808.303 69 59 82 104 89 68 67 75
1770391808.313 74 68 82 88 80 71 72 84
1770391808.323 78 83 81 62 63 69 76 78
1770391808.333 72 74 74 69 73 70 77 80
1770391808.343 76 80 69 77 71 67 78 86
1770391808.353 58 73 74 74 71 66 77 83
1770391808.363 80 82 79 81 81 78 85 82
1770391808.373 70 76 69 66 70 70 89 95
1770391808.383 75 78 71 72 69 74 83 81
1770391808.393 81 72 68 66 63 57 76 79
1770391808.403 77 79 74 73 77 78 73 71
1770391808.413 88 80 74 75 79 77 67 66
1770391808.423 85 71 75 86 100 92 76 70
1770391808.433 91 68 76 99 101 89 60 69
1770391808.444 88 57 72 94 99 90 73 79
1770391808.453 90 77 86 98 105 83 66 72
1770391808.463 82 70 79 99 92 82 71 85
1770391808.473 81 77 83 99 96 79 76 80
1770391808.483 88 62 61 82 78 62 56 77
1770391808.493 92 73 80 72 83 71 84 86
1770391808.503 87 72 73 68 71 70 79 77
1770391808.513 83 72 66 73 82 77 76 66
1770391808.524 85 74 64 75 82 65 65 71
1770391808.533 77 64 64 74 81 74 75 79
1770391808.543 83 70 61 76 78 73 69 74
1770391808.553 76 63 59 69 72 70 67 73
1770391808.563 74 70 66 79 80 68 71 71
1770391808.573 71 61 61 71 73 66 67 62
1770391808.584 73 71 67 76 72 69 67 62
1770391808.594 56 65 64 70 70 61 63 62
1770391808.603 66 66 68 69 75 70 71 77
1770391808.613 79 65 70 79 72 60 58 75
1770391808.623 65 64 66 74 65 72 70 81
1770391808.633 78 76 71 74 71 65 67 74
1770391808.643 74 69 66 69 69 65 67 64
1770391808.653 82 74 76 89 73 58 60 76
1770391808.663 73 72 72 75 64 55 62 72
1770391808.673 81 70 79 82 72 64 65 69
1770391808.683 75 68 85 82 79 67 66 54
1770391808.693 77 80 97 96 95 91 85 96
1770391808.703 93 92 116 141 125 109 96 119
1770391808.714 122 132 161 191 156 140 151 171
1770391808.724 167 180 230 252 194 175 228 287
1770391808.733 256 281 330 328 243 238 345 459
1770391808.743 412 432 494 444 365 377 513 653
1770391808.753 620 636 677 608 566 608 712 810
1770391808.763 817 823 847 809 804 833 879 923
1770391808.773 951 950 961 959 956 949 960 967
1770391808.783 996 1005 1015 1006 997 968 982 1002
1770391808.793 1001 993 1001 1014 993 970 963 990
1770391808.803 1027 1006 1016 1021 1006 988 987 1005
1770391808.813 1019 1013 1021 1011 1012 992 982 1002
1770391808.823 1018 998 1006 1006 986 981 969 981
1770391808.833 1013 1000 996 975 952 944 936 949
1770391808.843 1018 994 976 945 929 937 915 901
1770391808.853 1010 978 944 898 899 898 864 829
1770391808.863 934 908 845 810 836 841 758 684
1770391808.873 828 791 729 731 764 753 623 507
1770391808.883 685 624 567 606 637 602 452 315
1770391808.893 481 447 404 455 446 381 280 199
1770391808.904 310 276 253 257 221 191 139 120
1770391808.914 168 145 131 119 109 100 83 83
1770391808.923 100 84 79 76 82 71 52 50
1770391808.933 77 82 73 61 62 71 62 54
1770391808.943 80 89 82 63 54 69 71 74
1770391808.953 76 82 71 61 57 75 67 77
1770391808.963 74 75 69 73 64 66 61 78
1770391808.973 79 86 73 76 59 64 50 58
1770391808.984 78 77 79 77 64 67 68 61
1770391808.993 82 77 85 82 60 58 61 55
1770391809.003 74 77 90 88 65 67 65 68
1770391809.013 77 76 108 99 65 67 64 64
1770391809.023 72 63 101 93 63 69 67 59
1770391809.033 69 80 112 106 73 69 65 71
1770391809.043 64 82 101 102 75 77 73 66
1770391809.053 77 77 102 89 72 79 73 85
1770391809.063 68 76 88 95 58 76 59 70
1770391809.073 64 77 91 86 81 77 74 90
1770391809.083 76 70 82 74 71 72 69 80
1770391809.093 79 77 84 78 77 71 77 79
1770391809.103 100 65 75 90 87 77 70 78
1770391809.114 85 74 78 75 83 84 75 86
1770391809.124 97 81 83 82 92 93 68 77
1770391809.133 86 80 86 71 87 95 67 83
1770391809.143 75 87 95 95 101 97 64 82
1770391809.153 91 112 94 68 80 78 69 65
1770391809.163 81 102 93 77 77 81 72 70
1770391809.173 77 88 90 77 75 74 67 65
1770391809.184 68 74 83 78 79 66 68 68
1770391809.193 61 63 76 87 82 55 42 61
1770391809.203 61 65 76 80 79 65 58 61
1770391809.213 73 64 70 71 71 68 62 67
1770391809.223 69 65 62 70 71 62 66 72
1770391809.233 55 58 71 90 76 58 58 76
1770391809.243 62 56 63 82 69 67 64 74
1770391809.254 65 65 70 82 71 67 65 61
1770391809.263 79 66 76 81 68 65 65 61
1770391809.273 67 63 74 74 70 57 62 85
1770391809.283 77 65 68 74 68 66 63 69
1770391809.293 67 71 81 82 74 67 65 72
1770391809.303 66 68 95 93 79 75 66 69
1770391809.313 68 78 105 109 80 70 60 74
1770391809.323 74 74 97 127 72 81 75 41
1770391809.333 76 65 91 92 71 62 62 55
1770391809.343 66 77 88 80 70 66 63 54
1770391809.353 67 67 80 70 64 58 61 55
1770391809.363 65 62 64 71 74 54 61 73
1770391809.373 75 63 67 78 68 56 56 69
1770391809.384 75 63 63 66 64 56 56 60
1770391809.393 88 70 71 65 68 67 67 69
1770391809.404 81 69 67 66 57 56 67 80
1770391809.414 78 61 79 78 64 55 65 74
1770391809.424 85 67 75 79 72 62 60 63
1770391809.434 74 63 76 82 79 76 63 73
1770391809.444 85 73 70 65 76 70 58 63
1770391809.453 78 76 78 75 70 60 63 88
1770391809.463 78 76 73 73 69 59 59 76
1770391809.473 69 65 70 71 66 58 69 73
1770391809.483 70 66 67 78 73 69 69 73
1770391809.493 79 69 72 83 72 70 67 79
1770391809.503 73 66 70 94 81 63 63 74
1770391809.513 75 65 66 80 71 68 69 66
1770391809.524 69 68 73 89 78 64 70 68
1770391809.534 72 69 77 98 79 67 65 68
1770391809.544 74 56 79 116 101 70 63 66
1770391809.553 76 76 86 116 103 76 74 57
1770391809.563 74 73 76 117 103 68 71 71
1770391809.573 75 69 81 117 103 62 66 67
1770391809.584 65 67 81 108 93 59 66 80
1770391809.594 71 62 73 85 91 68 71 77
1770391809.604 75 64 65 71 69 64 56 64
1770391809.614 72 66 70 76 66 67 67 72
1770391809.623 69 73 68 69 71 59 73 89
1770391809.633 65 61 64 69 79 66 61 81
1770391809.643 74 66 67 74 88 79 68 74
1770391809.653 79 63 65 76 107 91 73 69
1770391809.663 72 68 71 75 107 93 75 74
1770391809.673 68 69 64 80 96 87 66 82
1770391809.684 69 69 70 81 82 90 67 84
1770391809.694 75 65 70 69 71 72 69 83
1770391809.703 98 76 67 68 80 80 78 85
1770391809.713 81 78 71 69 73 69 72 78
1770391809.723 60 60 70 78 70 73 74 94
1770391809.733 80 81 85 79 69 73 82 90
1770391809.743 86 76 80 78 79 76 84 99
1770391809.753 70 76 87 88 76 71 100 106
1770391809.763 77 74 85 86 77 65 104 121
1770391809.774 93 90 93 92 87 84 113 118
1770391809.786 65 77 77 79 67 74 103 117
1770391809.794 83 75 72 80 72 72 95 101
1770391809.804 87 73 73 80 77 66 72 81
1770391809.813 75 71 74 69 74 73 72 79
1770391809.823 73 79 77 73 72 75 75 84
1770391809.833 73 83 76 70 70 67 70 80
1770391809.843 78 85 78 69 64 67 67 84
1770391809.854 83 71 69 66 70 61 52 63
1770391809.864 85 70 75 64 64 53 55 63
1770391809.874 73 73 69 66 57 57 62 67
1770391809.884 66 60 62 64 60 60 65 71
1770391809.893 79 62 69 74 75 66 60 61
1770391809.904 71 62 63 71 86 78 73 78
1770391809.913 74 68 65 74 66 66 69 75
1770391809.923 77 69 70 72 68 62 66 67
1770391809.933 84 78 68 72 82 72 76 81
1770391809.943 96 74 65 66 67 72 67 69
1770391809.953 107 79 67 73 69 70 74 81
1770391809.963 116 83 62 65 75 72 66 73
1770391809.973 137 83 64 67 74 78 71 79
1770391809.984 177 97 69 70 76 63 64 59
1770391809.993 159 89 81 78 73 69 67 74
1770391810.004 143 88 68 81 70 67 65 68
1770391810.014 108 79 64 63 72 68 63 63
1770391810.024 106 72 67 73 70 74 68 65
1770391810.033 86 74 60 72 83 85 71 59
1770391810.043 82 77 71 71 73 71 69 67
1770391810.053 75 75 68 75 63 65 60 63
1770391810.063 68 61 71 77 72 70 72 74
1770391810.074 81 64 63 68 75 73 72 60
1770391810.084 74 70 65 70 72 68 76 74
1770391810.094 79 74 73 74 62 69 74 81
1770391810.103 66 70 67 76 67 62 73 86
1770391810.113 76 66 71 80 75 63 64 73
1770391810.123 69 65 57 59 71 79 72 71
1770391810.133 66 65 63 68 70 64 74 77
1770391810.143 67 79 81 76 64 61 73 81
1770391810.154 54 65 84 80 68 66 82 85
1770391810.164 64 73 71 76 77 79 78 79
1770391810.174 58 71 70 78 71 69 80 83
1770391810.183 70 73 76 67 69 72 74 70
1770391810.194 69 69 70 68 60 68 67 80
1770391810.204 76 82 74 81 72 69 66 74
1770391810.214 84 76 66 71 71 70 72 71
1770391810.224 68 65 72 75 66 69 72 78
1770391810.233 76 69 67 71 68 68 69 71
1770391810.243 73 73 76 77 78 65 67 71
1770391810.253 75 71 67 71 72 69 66 69
1770391810.263 67 62 73 81 68 65 68 70
1770391810.273 79 60 72 74 77 71 64 60
1770391810.284 73 59 58 69 68 71 68 65
1770391810.294 81 62 63 76 76 74 52 57
1770391810.304 82 68 61 65 72 71 66 73
1770391810.313 65 66 67 73 73 64 68 87
1770391810.323 75 70 68 64 67 54 63 62
1770391810.333 80 67 72 77 78 75 68 69
1770391810.344 75 70 75 76 77 72 64 64
1770391810.354 69 74 75 78 76 71 78 81
1770391810.364 70 73 73 76 72 67 73 76
1770391810.374 69 66 64 68 68 75 76 72
1770391810.384 70 63 65 73 70 80 77 70
1770391810.394 74 66 68 71 67 81 78 69
1770391810.404 64 66 69 73 70 85 87 80
1770391810.414 63 64 59 67 73 82 76 76
1770391810.424 68 63 53 68 81 78 68 69
1770391810.434 76 67 54 67 79 75 67 63
1770391810.444 66 65 64 69 67 72 76 64
1770391810.454 81 71 57 60 67 64 67 66
1770391810.464 70 66 65 65 71 63 67 85
1770391810.473 71 68 61 68 81 77 70 57
1770391810.483 70 63 58 62 73 66 60 59
1770391810.493 73 66 70 71 81 73 71 68
1770391810.503 79 72 64 70 79 69 69 68
1770391810.514 95 69 58 62 80 82 68 66
1770391810.524 85 71 62 54 81 78 69 68
1770391810.534 76 63 72 77 78 76 71 80
1770391810.544 75 72 72 80 73 66 66 66
1770391810.554 70 63 66 66 73 70 68 66
1770391810.564 80 75 60 64 74 73 68 63
1770391810.574 74 66 63 74 66 62 63 70
1770391810.584 68 62 58 73 70 69 73 81
1770391810.594 78 68 70 75 71 65 61 75
1770391810.604 70 51 65 78 85 71 67 73
1770391810.614 82 75 76 68 61 59 67 82
1770391810.623 66 73 73 73 64 68 79 90
1770391810.633 69 72 75 78 66 63 73 91
1770391810.643 72 69 63 69 62 63 72 82
1770391810.654 74 67 64 67 74 71 67 76
1770391810.664 75 76 74 70 65 75 80 79
1770391810.674 69 75 73 65 67 67 71 77
1770391810.684 82 74 66 73 64 64 68 76
1770391810.694 77 71 76 85 65 70 67 76
1770391810.704 101 80 79 79 69 70 67 68
1770391810.713 90 72 72 68 73 70 70 69
1770391810.723 93 74 77 72 78 79 73 71
1770391810.734 93 73 71 74 68 70 62 82
1770391810.744 92 75 73 78 83 73 55 70
1770391810.754 85 71 69 69 65 72 64 68
1770391810.764 86 67 69 68 74 67 73 78
1770391810.774 90 64 65 64 72 68 70 64
1770391810.785 86 77 65 73 69 65 65 69
1770391810.793 103 82 65 66 71 71 73 75
1770391810.804 107 76 64 65 73 70 70 71
1770391810.814 117 81 69 82 81 66 72 76
1770391810.824 92 76 69 78 78 70 60 70
1770391810.834 103 66 70 77 77 69 67 71
1770391810.844 90 66 76 86 77 60 69 72
1770391810.853 65 64 74 90 90 71 74 83
1770391810.863 65 63 73 92 96 74 61 72
1770391810.873 80 61 65 98 111 79 59 69
1770391810.884 80 64 73 105 123 82 70 75
1770391810.894 64 64 70 105 118 76 71 81
1770391810.904 78 78 73 109 117 84 67 73
1770391810.914 87 64 60 99 121 88 66 62
1770391810.924 75 70 66 93 105 90 77 75
1770391810.933 75 79 78 74 89 88 77 67
1770391810.943 79 73 76 76 91 88 76 75
1770391810.954 78 70 72 74 88 71 71 71
1770391810.964 75 76 63 70 79 75 69 74
1770391810.974 94 82 79 75 86 77 77 73
1770391810.985 81 78 76 78 77 77 76 81
1770391810.994 89 76 81 84 74 73 70 74
1770391811.004 116 77 89 84 83 76 66 66
1770391811.014 137 88 97 96 82 73 65 75
1770391811.024 152 107 114 92 73 64 55 65
1770391811.033 169 113 122 93 80 67 61 71
1770391811.043 159 110 120 94 75 66 59 67
1770391811.054 130 100 109 94 70 62 60 74
1770391811.064 112 92 95 92 70 62 61 64
1770391811.074 84 70 83 85 70 66 62 67
1770391811.084 96 67 83 87 68 68 64 73
1770391811.094 112 71 76 84 66 56 57 56
1770391811.104 102 78 102 87 75 69 72 80
1770391811.114 95 84 109 86 62 63 68 71
1770391811.124 86 85 121 94 73 69 64 66
1770391811.134 80 86 131 97 68 70 58 68
1770391811.143 68 87 138 100 70 67 69 79
1770391811.153 65 103 151 112 64 59 63 71
1770391811.163 66 99 147 104 70 63 65 70
1770391811.173 68 93 133 99 73 64 64 71
1770391811.183 92 94 94 72 68 66 62 57
1770391811.194 78 95 101 72 68 65 72 79
1770391811.204 83 79 87 75 69 63 68 79
1770391811.214 66 75 79 79 64 64 66 78
1770391811.224 91 72 69 75 86 71 59 59
1770391811.234 81 77 61 59 71 64 65 65
1770391811.244 111 90 73 73 65 62 65 66
1770391811.254 92 94 71 74 67 60 62 69
1770391811.264 94 106 78 77 78 60 62 72
1770391811.274 86 93 75 73 82 71 56 44
1770391811.283 80 92 82 77 75 64 60 73
1770391811.293 81 69 71 68 67 61 65 72
1770391811.303 62 68 73 70 61 62 64 80
1770391811.313 84 69 66 84 71 62 56 57
1770391811.323 65 62 65 80 79 64 64 65
1770391811.333 74 69 68 71 66 64 60 72
1770391811.344 83 70 70 63 61 60 62 71
1770391811.354 64 75 72 76 70 61 58 80
1770391811.364 79 74 62 64 58 55 57 73
1770391811.374 76 79 71 70 71 66 64 63
1770391811.384 76 81 69 75 65 61 59 61
1770391811.394 66 73 62 67 69 67 65 71
1770391811.404 70 65 51 47 58 67 60 73
1770391811.414 71 66 68 62 65 66 63 71
1770391811.424 60 61 62 67 60 59 59 73
1770391811.434 55 62 66 65 65 57 61 66
1770391811.444 69 65 65 78 73 71 58 72
1770391811.454 64 63 62 62 59 69 62 61
1770391811.464 59 62 70 74 63 67 65 66
1770391811.473 64 68 71 70 70 61 63 63
1770391811.484 66 59 68 68 71 65 62 61
1770391811.494 86 65 63 57 67 54 52 53
1770391811.503 66 60 70 77 66 55 56 61
1770391811.513 77 74 72 74 71 67 69 67
1770391811.524 67 58 62 63 73 58 62 61
1770391811.534 81 68 55 63 76 67 49 56
1770391811.544 76 73 64 64 68 65 58 68
1770391811.554 73 63 61 65 76 69 67 75
1770391811.564 65 72 71 67 70 67 67 67
1770391811.573 69 64 64 68 81 70 62 66
1770391811.584 68 72 61 72 71 66 67 69
1770391811.593 64 65 72 70 64 59 67 63
1770391811.603 71 66 74 68 65 72 67 59
1770391811.613 64 69 70 76 62 64 65 73
1770391811.624 73 79 59 63 66 80 61 51
1770391811.634 72 67 66 70 65 64 57 48
1770391811.644 53 58 62 68 60 72 69 75
1770391811.654 58 69 70 66 65 66 70 67
1770391811.664 65 68 63 68 71 75 66 59
1770391811.674 72 64 66 66 65 70 66 59
1770391811.684 66 67 71 68 61 59 64 74
1770391811.694 73 72 74 76 69 66 65 60
1770391811.705 65 69 70 75 67 60 69 69
1770391811.714 70 73 72 66 70 70 69 60
1770391811.724 74 75 71 62 57 65 62 64
1770391811.734 71 69 67 64 63 65 63 66
1770391811.744 73 74 62 70 75 65 61 57
1770391811.754 83 63 62 73 76 67 59 62
1770391811.764 93 83 67 78 80 83 67 44
1770391811.774 74 70 67 75 75 66 63 65
1770391811.784 64 65 66 78 81 73 66 68
1770391811.794 51 61 65 82 78 68 57 63
1770391811.804 69 65 59 59 78 79 67 64
1770391811.814 74 70 66 73 66 65 63 58
1770391811.824 60 53 72 75 72 71 64 73
1770391811.834 68 64 79 73 68 61 63 67
1770391811.844 68 59 63 58 73 72 54 44
1770391811.854 76 78 74 69 70 69 55 54
1770391811.864 62 65 70 69 72 60 60 65
1770391811.874 69 68 73 70 63 65 66 72
1770391811.884 75 64 63 55 68 69 58 56
1770391811.894 67 69 65 61 68 71 56 55
1770391811.904 65 68 64 67 70 70 62 64
1770391811.914 63 66 67 70 66 63 59 65
1770391811.924 65 66 72 63 70 63 58 74
1770391811.934 65 62 54 56 62 63 58 62
1770391811.944 65 66 67 66 67 67 63 58
1770391811.954 77 61 66 55 57 62 57 75
1770391811.965 67 65 65 61 64 61 61 68
1770391811.974 70 61 59 71 61 64 46 45
1770391811.984 54 63 71 68 63 60 61 78
1770391811.995 62 60 50 57 60 60 56 59
1770391812.004 66 69 62 68 64 64 62 70
1770391812.014 70 62 67 67 74 69 61 66
1770391812.024 70 61 61 61 69 62 65 69
1770391812.034 77 63 64 62 67 59 59 60
1770391812.044 69 71 58 62 70 65 59 58
1770391812.054 72 63 57 70 70 66 56 59
1770391812.064 93 73 58 61 79 62 45 38
1770391812.074 72 71 71 82 89 70 56 48
1770391812.084 70 60 65 78 81 63 51 46
1770391812.094 65 61 59 74 80 65 51 53
1770391812.104 79 63 72 80 84 65 45 48
1770391812.114 69 61 63 64 81 61 57 53
1770391812.124 76 69 73 76 71 54 50 54
1770391812.135 58 62 74 84 61 54 52 51
1770391812.145 56 68 82 96 75 64 56 56
1770391812.155 75 70 80 89 61 63 52 43
1770391812.164 66 75 90 101 62 58 54 56
1770391812.174 61 67 88 95 59 56 56 55
1770391812.184 63 69 83 98 61 52 52 74
1770391812.194 78 74 82 85 71 56 49 46
1770391812.204 72 71 77 74 64 62 65 67
1770391812.214 63 71 75 75 55 53 56 79
1770391812.224 77 67 69 62 52 55 61 69
1770391812.234 55 66 78 60 64 69 74 66
1770391812.244 77 69 63 61 70 71 63 63
1770391812.254 73 70 66 67 68 68 67 75
1770391812.264 74 70 62 69 68 69 69 58
1770391812.274 65 69 61 55 56 71 67 69
1770391812.284 88 75 61 50 69 67 64 53
1770391812.294 73 71 70 67 65 69 65 73
1770391812.305 73 60 66 72 71 69 62 68
1770391812.315 80 67 62 59 64 72 57 50
1770391812.325 79 65 60 65 71 79 65 52
1770391812.335 72 55 61 62 67 66 66 64
1770391812.345 74 58 64 65 67 64 59 65
1770391812.354 71 62 62 80 75 68 53 56
1770391812.364 64 54 54 71 70 60 65 61
1770391812.374 62 61 58 55 68 64 60 67
1770391812.385 66 65 58 55 69 72 62 67
1770391812.395 63 59 71 69 66 64 62 68
1770391812.405 67 54 65 74 66 53 58 66
1770391812.415 58 62 61 76 77 58 63 72
1770391812.425 63 70 66 52 64 68 65 71
1770391812.435 68 65 62 56 64 66 75 96
1770391812.444 68 65 76 77 58 63 76 95
1770391812.455 62 61 69 71 68 61 74 101
1770391812.465 70 64 58 54 67 73 73 83
1770391812.475 62 58 55 62 59 66 63 77
1770391812.485 77 64 59 69 70 65 69 76
1770391812.495 74 71 63 55 61 65 68 63
1770391812.505 77 69 68 64 72 75 71 57
1770391812.514 64 78 70 61 64 77 70 66
1770391812.524 55 62 62 65 75 80 62 65
1770391812.535 72 71 62 61 79 83 64 54
1770391812.545 77 70 67 62 90 102 67 67
1770391812.555 77 79 76 60 98 113 77 65
1770391812.565 73 66 58 52 85 98 59 59
1770391812.575 75 68 57 62 89 95 68 65
1770391812.585 82 64 59 66 75 83 65 60
1770391812.595 80 74 67 68 67 75 66 58
1770391812.605 74 71 66 67 54 59 61 71
1770391812.615 75 65 59 73 67 72 63 63
1770391812.624 65 67 63 62 65 68 57 58
1770391812.635 74 80 70 61 63 71 68 57
1770391812.645 76 83 69 59 62 69 67 60
1770391812.655 70 85 70 61 70 67 68 65
1770391812.665 64 88 86 76 73 61 64 58
1770391812.675 52 88 89 68 60 66 62 60
1770391812.685 70 81 74 60 59 64 71 56
1770391812.694 67 85 87 65 56 52 53 59
1770391812.705 65 71 80 73 64 55 67 77
1770391812.715 68 66 67 68 60 57 63 63
1770391812.725 64 60 70 63 51 55 64 74
1770391812.735 58 64 69 67 73 70 62 49
1770391812.745 57 57 61 67 66 61 62 57
1770391812.755 75 62 70 82 62 65 62 64
1770391812.764 74 60 62 74 59 61 56 58
1770391812.775 78 70 68 69 67 71 70 60
1770391812.784 70 64 69 69 65 64 68 61
1770391812.794 71 63 65 67 59 69 66 67
1770391812.805 72 69 62 72 71 67 69 60
1770391812.815 77 65 54 64 65 65 67 51
1770391812.825 64 72 68 68 71 73 67 52
1770391812.835 77 62 57 64 63 64 60 66
1770391812.845 77 59 58 64 65 62 58 64
1770391812.855 73 62 59 60 57 64 64 51
1770391812.865 74 69 64 59 62 69 71 58
1770391812.875 73 60 63 66 62 70 69 64
1770391812.885 69 62 55 64 62 68 64 63
1770391812.895 74 64 68 71 69 68 58 61
1770391812.905 80 69 60 57 56 70 71 60
1770391812.915 67 78 75 76 79 74 68 66
1770391812.925 53 57 62 66 77 71 63 57
1770391812.935 61 58 69 77 79 74 68 67
1770391812.945 73 70 68 61 76 75 61 54
1770391812.955 77 76 83 66 78 82 65 65
1770391812.965 70 76 65 72 72 79 69 57
1770391812.975 63 57 66 59 74 77 70 79
1770391812.985 70 70 75 73 72 75 62 66
1770391812.995 67 60 62 59 71 74 74 62
1770391813.005 78 60 66 66 66 72 66 74
1770391813.015 65 61 65 65 64 55 61 66
1770391813.024 63 62 70 80 73 70 69 73
1770391813.035 73 62 63 69 70 68 57 41
1770391813.045 70 69 65 67 66 71 66 61
1770391813.055 69 68 69 73 70 65 65 62
1770391813.065 60 58 62 67 66 64 63 68
1770391813.075 62 60 62 61 67 68 58 56
1770391813.085 73 67 60 51 55 68 70 61
1770391813.095 68 54 65 68 64 65 66 74
1770391813.105 75 68 72 52 68 58 73 76
1770391813.115 62 62 65 72 67 61 64 66
1770391813.125 67 74 63 62 68 68 63 51
1770391813.135 51 72 69 63 55 59 59 64
1770391813.145 68 65 68 62 69 74 69 59
1770391813.155 56 52 61 65 72 73 68 67
1770391813.165 60 72 70 72 73 64 67 65
1770391813.174 59 65 66 61 60 55 63 69
1770391813.185 61 54 59 69 72 72 69 68
1770391813.195 67 57 61 66 65 67 54 56
1770391813.205 61 66 66 70 70 64 62 65
1770391813.215 65 67 70 63 64 65 66 72
1770391813.225 41 53 66 63 70 61 63 71
1770391813.235 58 59 68 73 78 66 49 60
1770391813.245 65 60 73 75 71 67 54 61
1770391813.255 62 67 77 75 68 62 64 75
1770391813.265 56 73 73 65 44 53 62 66
1770391813.275 60 60 67 72 75 67 63 68
1770391813.285 59 61 61 69 59 56 68 63
1770391813.295 57 61 64 72 59 65 65 67
1770391813.305 63 72 73 79 63 68 73 82
1770391813.315 59 59 67 63 57 66 72 70
1770391813.325 60 65 67 56 61 59 61 67
1770391813.335 61 61 63 67 69 70 68 67
1770391813.345 58 68 67 71 67 71 70 68
1770391813.355 73 69 63 61 68 64 62 56
1770391813.365 64 66 70 72 80 72 64 58
1770391813.376 65 61 69 65 64 66 65 62
1770391813.386 66 70 71 67 63 63 62 68
1770391813.395 60 64 73 73 69 66 61 62
1770391813.405 58 53 65 76 70 67 68 65
1770391813.415 67 56 63 71 66 58 65 62
1770391813.425 67 60 60 66 66 56 63 58
1770391813.435 55 59 66 69 68 73 68 67
1770391813.445 48 54 62 72 62 51 57 65
1770391813.455 67 64 64 69 67 61 58 64
1770391813.465 63 57 65 66 61 61 54 57
1770391813.475 60 59 62 62 64 63 73 75
1770391813.485 51 78 75 68 54 55 62 72
1770391813.495 69 70 72 69 68 66 70 67
1770391813.505 69 67 66 64 68 64 72 66
1770391813.515 73 67 65 67 64 65 60 64
1770391813.525 65 61 78 78 54 69 76 78
1770391813.535 50 49 56 67 61 70 62 64
1770391813.545 66 58 59 69 68 69 65 71
1770391813.556 74 61 66 69 70 64 69 56
1770391813.565 68 58 66 65 69 63 69 68
1770391813.575 66 58 65 75 66 56 54 51
1770391813.585 62 56 68 67 68 69 62 58
1770391813.595 69 65 63 71 70 69 66 72
1770391813.605 62 55 64 76 65 58 56 59
1770391813.615 69 55 59 85 72 56 52 63
1770391813.625 70 57 54 70 63 60 65 65
1770391813.635 69 56 63 67 67 68 56 55
1770391813.645 69 55 59 67 69 65 64 69
1770391813.656 63 65 69 78 71 66 60 79
1770391813.666 59 59 58 61 63 61 64 66
1770391813.675 62 54 58 68 65 60 63 64
1770391813.685 65 57 63 70 71 62 62 61
1770391813.695 61 60 61 65 59 57 70 69
1770391813.705 68 64 70 74 65 60 66 71
1770391813.715 71 63 65 71 71 63 58 62
1770391813.725 63 60 63 66 64 62 62 61
1770391813.735 67 67 65 60 68 66 63 56
1770391813.745 65 64 68 71 70 70 68 70
1770391813.755 74 56 59 67 73 59 57 69
1770391813.765 61 58 61 66 66 67 69 58
1770391813.776 63 59 60 70 75 67 63 60
1770391813.785 61 54 52 66 64 71 67 74
1770391813.795 69 56 53 63 73 70 62 56
1770391813.805 70 60 56 62 66 67 67 66
1770391813.815 69 65 67 63 65 67 62 70
1770391813.825 69 58 63 62 66 67 56 65
1770391813.835 69 57 62 72 71 67 56 64
1770391813.845 74 58 53 66 80 67 60 56
1770391813.855 66 66 64 72 66 71 67 65
1770391813.865 63 58 72 73 69 57 56 62
1770391813.875 56 56 65 73 70 59 59 66
1770391813.885 69 60 56 66 77 70 56 57
1770391813.896 66 57 56 62 64 60 69 69
1770391813.905 68 70 64 72 66 69 65 69
1770391813.915 62 66 63 72 58 56 59 70
1770391813.926 75 56 58 77 74 58 57 59
1770391813.936 58 57 59 66 62 55 62 57
1770391813.946 61 64 61 64 68 70 67 66
1770391813.955 71 69 62 69 66 58 65 67
1770391813.965 63 63 62 69 72 64 54 64
1770391813.975 78 65 62 61 71 70 64 67
1770391813.985 66 67 63 65 67 62 64 65
1770391813.995 72 69 64 66 73 69 67 66
1770391814.005 78 63 59 71 68 66 58 58
1770391828.261 0 0 0 0 0 0 0 0
1770391828.271 0 0 0 0 0 0 0 0
1770391828.281 0 0 0 0 0 0 0 0
1770391828.291 0 0 0 0 0 0 0 0
1770391828.301 0 0 0 0 0 0 0 0
1770391828.310 0 0 0 0 0 0 0 0
1770391828.321 0 0 0 0 0 0 0 0
1770391828.330 0 0 0 0 0 0 0 0
1770391828.341 0 0 0 0 0 0 0 0
1770391828.351 0 0 0 0 0 0 0 0
1770391828.360 0 0 0 0 0 0 0 0
1770391828.370 0 0 0 0 0 0 0 0
1770391828.381 0 0 0 0 0 0 0 0
1770391828.391 0 0 0 0 0 0 0 0
1770391828.401 0 0 0 0 0 0 0 0
1770391828.411 0 0 0 0 0 0 0 0
1770391828.421 0 0 0 0 0 0 0 0
1770391828.431 0 0 0 0 0 0 0 0
1770391828.441 0 0 0 0 0 0 0 0
1770391828.451 0 0 0 0 0 0 0 0
1770391828.461 0 0 0 0 0 0 0 0
1770391828.471 0 0 0 0 0 0 0 0
1770391828.481 0 0 0 0 0 0 0 0
1770391828.490 0 0 0 0 0 0 0 0
1770391828.501 0 0 0 0 0 0 0 0
1770391828.511 0 0 0 0 0 0 0 0
1770391828.520 0 0 0 0 0 0 0 0
1770391828.531 0 0 0 0 0 0 0 0
1770391828.541 0 0 0 0 0 0 0 0
1770391828.551 0 0 0 0 0 0 0 0
1770391828.561 0 0 0 0 0 0 0 0
1770391828.571 0 0 0 0 0 0 0 0
1770391828.581 0 0 0 0 0 0 0 0
1770391828.591 72 65 68 70 67 60 60 57
1770391828.601 67 72 72 63 62 61 73 69
1770391828.611 65 60 64 71 70 59 63 62
1770391828.621 65 60 65 75 66 66 58 55
1770391828.631 62 63 62 81 75 66 65 60
1770391828.641 56 52 64 67 75 68 67 59
1770391828.651 72 56 67 71 74 73 66 67
1770391828.661 74 56 63 70 64 65 67 65
1770391828.671 64 59 65 73 70 65 63 68
1770391828.681 61 47 53 66 72 58 59 62
1770391828.691 51 53 64 78 70 55 56 53
1770391828.701 55 66 71 72 67 60 60 62
1770391828.711 58 62 66 56 62 61 69 76
1770391828.722 67 66 74 71 65 61 60 64
1770391828.731 69 67 69 70 64 69 62 55
1770391828.741 71 67 68 69 66 68 62 77
1770391828.751 72 62 63 76 66 65 59 69
1770391828.761 77 68 68 78 72 72 71 68
1770391828.771 88 67 66 61 63 66 77 69
1770391828.781 85 62 58 74 59 56 72 78
1770391828.791 92 63 66 73 67 63 72 71
1770391828.801 103 71 57 69 68 64 62 66
1770391828.811 110 76 58 71 65 61 56 61
1770391828.821 84 71 63 65 58 58 61 70
1770391828.831 64 64 67 72 70 64 59 70
1770391828.841 68 74 80 62 68 56 54 64
1770391828.851 67 76 81 74 70 62 63 65
1770391828.861 62 70 74 67 62 62 60 68
1770391828.871 50 53 69 83 75 62 60 66
1770391828.881 73 73 72 69 66 60 64 61
1770391828.891 64 62 70 78 72 64 66 78
1770391828.901 73 67 75 87 70 62 65 69
1770391828.911 46 53 81 97 73 55 60 88
1770391828.921 64 59 72 91 78 77 63 72
1770391828.931 74 64 61 73 72 76 66 73
1770391828.941 70 63 61 76 81 75 68 66
1770391828.951 79 65 62 84 82 74 63 76
1770391828.961 66 60 64 75 86 80 64 69
1770391828.972 76 67 61 75 87 82 66 60
1770391828.981 68 71 73 78 81 80 63 61
1770391828.991 60 63 73 86 85 80 71 58
1770391829.001 67 55 63 72 70 72 64 65
1770391829.011 66 69 79 88 84 76 74 66
1770391829.021 66 56 62 73 73 77 74 65
1770391829.031 65 61 59 68 67 81 80 66
1770391829.041 68 69 61 60 62 79 77 54
1770391829.051 70 67 67 79 67 70 80 68
1770391829.061 71 66 60 62 61 61 59 62
1770391829.071 81 64 60 65 66 66 61 66
1770391829.081 76 68 64 83 81 71 64 66
1770391829.091 71 53 65 91 79 64 59 74
1770391829.101 86 70 61 74 66 70 71 74
1770391829.112 66 68 58 76 78 74 71 68
1770391829.122 52 64 66 86 86 80 71 77
1770391829.131 70 67 62 87 91 74 70 69
1770391829.141 65 80 63 90 92 80 75 65
1770391829.151 87 88 63 76 76 90 79 60
1770391829.161 78 86 61 62 68 79 80 72
1770391829.171 81 93 71 67 68 71 65 66
1770391829.181 80 65 43 63 84 79 66 59
1770391829.191 79 78 58 64 75 84 67 70
1770391829.201 59 78 60 67 74 80 64 64
1770391829.211 73 71 65 73 82 81 67 68
1770391829.221 86 54 57 78 87 67 54 57
1770391829.231 78 60 53 70 88 74 61 61
1770391829.241 61 53 57 70 86 69 56 58
1770391829.251 53 44 49 75 90 74 65 72
1770391829.262 65 55 59 74 85 76 60 60
1770391829.272 74 60 58 80 88 79 62 49
1770391829.281 62 62 64 76 77 73 61 63
1770391829.291 52 51 61 73 88 67 53 54
1770391829.301 62 63 71 87 85 71 58 67
1770391829.311 58 62 76 78 78 66 54 64
1770391829.321 64 61 78 80 68 60 65 78
1770391829.331 66 60 85 88 73 61 53 64
1770391829.342 60 60 81 84 80 68 63 74
1770391829.351 80 71 84 86 70 59 58 71
1770391829.361 77 64 74 82 88 66 56 62
1770391829.371 72 67 81 104 94 77 62 67
1770391829.381 60 64 69 83 100 84 65 71
1770391829.391 62 61 65 83 113 99 60 77
1770391829.401 67 63 57 74 110 101 50 59
1770391829.411 69 63 62 67 96 99 75 68
1770391829.421 74 67 68 68 83 81 67 60
1770391829.431 64 63 62 69 71 71 67 62
1770391829.442 78 66 53 69 77 71 59 43
1770391829.451 75 58 52 60 66 60 61 52
1770391829.461 83 69 67 74 66 70 58 59
1770391829.471 70 61 58 76 65 65 59 56
1770391829.481 75 68 68 73 66 63 59 58
1770391829.491 91 77 64 60 65 55 58 49
1770391829.501 58 57 70 74 75 60 64 69
1770391829.512 57 61 65 78 67 52 52 58
1770391829.521 65 63 63 81 64 57 56 66
1770391829.531 72 66 64 72 61 65 64 50
1770391829.541 58 72 73 69 46 49 61 63
1770391829.551 57 60 73 72 59 53 59 61
1770391829.561 59 58 67 69 56 55 60 65
1770391829.571 69 61 66 62 64 61 64 60
1770391829.581 66 66 60 44 47 59 62 70
1770391829.591 58 67 69 69 54 65 66 73
1770391829.601 74 60 63 67 55 57 61 67
1770391829.611 59 65 61 73 55 58 61 65
1770391829.621 68 64 61 66 67 63 63 44
1770391829.632 66 58 54 62 59 58 64 56
1770391829.641 76 70 70 63 57 58 56 58
1770391829.651 65 59 68 70 55 49 58 62
1770391829.661 72 63 73 78 62 60 63 67
1770391829.671 64 54 60 65 60 63 58 49
1770391829.681 63 60 64 70 61 59 55 57
1770391829.691 61 53 68 72 63 62 58 56
1770391829.702 65 59 69 69 57 57 54 58
1770391829.711 74 57 69 76 61 56 55 57
1770391829.722 52 56 76 81 58 60 63 68
1770391829.731 64 58 75 80 57 59 59 59
1770391829.742 67 63 82 76 55 59 66 59
1770391829.752 63 72 81 69 65 72 70 61
1770391829.762 52 66 74 59 46 55 67 66
1770391829.772 82 70 76 69 63 55 62 66
1770391829.782 61 71 80 78 53 45 49 54
1770391829.792 62 59 64 60 59 64 59 64
1770391829.802 70 75 76 64 54 62 58 61
1770391829.812 74 69 76 72 57 56 53 52
1770391829.821 76 69 75 76 60 56 62 59
1770391829.831 75 65 73 65 58 57 48 56
1770391829.841 82 70 77 68 58 61 61 50
1770391829.851 68 67 69 65 57 63 58 68
1770391829.861 66 67 63 69 53 54 50 66
1770391829.871 68 69 75 78 57 50 52 64
1770391829.881 60 59 76 79 64 57 60 53
1770391829.891 55 60 65 74 48 54 54 55
1770391829.902 60 53 57 77 70 48 59 62
1770391829.911 68 57 64 89 79 60 55 65
1770391829.922 69 58 72 85 63 46 49 66
1770391829.932 70 63 75 93 73 62 60 52
1770391829.941 67 61 78 109 80 56 45 46
1770391829.951 58 59 91 126 94 56 50 55
1770391829.961 67 64 85 120 83 53 56 51
1770391829.971 70 64 84 120 93 67 70 58
1770391829.981 74 60 76 120 98 53 58 56
1770391829.991 70 60 81 118 93 50 59 71
1770391830.001 73 73 88 121 95 55 59 68
1770391830.011 82 80 85 113 97 63 67 72
1770391830.022 87 95 88 122 103 67 69 58
1770391830.032 112 108 94 107 97 56 61 51
1770391830.042 121 130 100 104 88 60 58 53
1770391830.051 135 163 104 86 67 60 55 53
1770391830.061 141 194 130 80 60 64 65 63
1770391830.071 135 209 139 86 59 56 62 55
1770391830.081 134 194 129 56 53 62 66 53
1770391830.091 121 173 127 84 65 54 61 63
1770391830.101 98 132 109 85 58 59 60 62
1770391830.112 65 103 93 84 59 57 61 69
1770391830.122 75 67 65 73 52 59 60 60
1770391830.132 64 56 57 67 62 62 64 59
1770391830.142 62 54 58 76 67 55 61 63
1770391830.152 54 63 64 81 55 57 57 76
1770391830.162 54 59 67 84 64 54 40 51
1770391830.171 62 65 59 74 61 64 57 71
1770391830.181 66 69 62 74 69 58 55 65
1770391830.191 62 69 60 71 63 59 67 71
1770391830.201 54 63 73 79 56 55 64 80
1770391830.211 62 62 59 71 55 54 58 60
1770391830.221 70 61 67 67 63 65 73 69
1770391830.232 70 67 62 56 57 61 64 66
1770391830.242 63 59 65 68 51 50 63 81
1770391830.251 76 62 65 63 58 58 62 63
1770391830.261 68 65 66 69 61 61 60 66
1770391830.271 78 65 68 74 62 64 62 61
1770391830.281 72 65 66 64 57 61 64 74
1770391830.291 72 71 65 70 63 63 73 67
1770391830.302 65 64 63 71 71 64 61 69
1770391830.312 74 67 59 75 77 66 62 72
1770391830.322 68 59 61 68 70 67 59 61
1770391830.332 48 50 62 70 76 66 64 64
1770391830.341 70 65 67 66 73 61 64 60
1770391830.351 54 55 63 75 70 59 64 80
1770391830.361 62 60 67 69 69 64 62 81
1770391830.371 60 61 71 52 71 59 50 63
1770391830.381 63 56 59 78 73 57 53 65
1770391830.391 65 65 62 67 61 58 60 67
1770391830.401 62 62 68 62 71 66 63 70
1770391830.412 53 65 74 67 66 67 71 65
1770391830.422 54 57 70 70 69 63 67 90
1770391830.432 51 59 65 65 67 69 65 70
1770391830.441 46 56 60 71 69 75 71 68
1770391830.451 66 66 69 73 73 75 75 80
1770391830.461 61 58 63 67 65 69 69 81
1770391830.472 66 56 61 70 75 74 65 68
1770391830.482 59 58 59 61 65 68 65 65
1770391830.492 69 57 51 57 64 73 73 68
1770391830.502 74 63 65 65 66 68 69 63
1770391830.511 66 51 57 69 77 73 60 69
1770391830.522 72 61 64 70 71 70 63 68
1770391830.532 59 53 59 65 61 64 58 64
1770391830.542 80 62 65 66 71 70 61 69
1770391830.552 66 51 59 81 79 71 59 64
1770391830.561 75 60 62 68 67 61 65 65
1770391830.572 64 58 64 66 62 52 65 61
1770391830.582 46 54 66 68 71 74 73 75
1770391830.592 61 56 63 66 76 63 66 72
1770391830.602 61 59 65 74 77 74 69 72
1770391830.612 74 62 64 69 68 71 76 73
1770391830.622 66 60 66 72 64 59 71 83
1770391830.632 72 68 72 67 65 63 71 86
1770391830.642 74 67 66 76 81 67 74 80
1770391830.652 80 69 68 66 73 72 76 78
1770391830.662 85 69 59 63 72 67 71 76
1770391830.672 79 72 71 71 72 67 75 87
1770391830.682 70 74 68 61 61 68 66 76
1770391830.691 77 68 59 72 74 67 69 78
1770391830.701 70 71 70 86 89 75 67 78
1770391830.711 51 61 64 77 79 80 75 75
1770391830.721 76 74 67 66 75 71 70 73
1770391830.731 69 69 57 66 82 63 58 58
1770391830.741 69 78 70 70 75 71 62 64
1770391830.752 65 71 66 70 69 58 58 67
1770391830.762 77 75 70 78 78 65 62 76
1770391830.771 90 60 64 70 80 74 55 59
1770391830.782 78 63 56 62 76 77 66 64
1770391830.791 65 69 68 65 73 62 70 64
1770391830.801 59 66 74 80 78 76 70 80
1770391830.812 68 66 68 81 84 78 67 72
1770391830.822 76 60 57 63 79 81 63 64
1770391830.832 61 58 69 74 78 76 72 74
1770391830.842 56 54 65 67 64 66 58 67
1770391830.852 74 65 66 76 67 66 64 66
1770391830.862 78 65 70 69 66 66 51 51
1770391830.872 80 64 60 63 73 72 69 66
1770391830.882 68 65 60 61 64 61 60 45
1770391830.892 76 60 59 66 66 61 63 66
1770391830.901 95 63 63 72 71 66 68 66
1770391830.911 91 63 61 67 63 62 67 64
1770391830.921 72 64 62 65 69 64 67 54
1770391830.931 62 65 61 59 66 62 62 57
1770391830.941 58 72 67 65 74 65 61 69
1770391830.951 75 76 68 70 76 73 61 57
1770391830.961 60 63 71 81 75 77 68 51
1770391830.971 63 65 72 64 76 69 55 51
1770391830.982 55 62 71 75 89 72 63 57
1770391830.992 58 64 76 81 111 86 65 62
1770391831.002 67 68 76 81 113 97 67 86
1770391831.012 58 68 81 84 105 89 67 70
1770391831.022 55 59 70 76 91 71 63 75
1770391831.031 55 64 72 81 82 69 60 74
1770391831.041 70 69 56 75 75 79 67 60
1770391831.051 68 70 69 69 68 67 70 81
1770391831.061 67 68 67 68 61 61 63 73
1770391831.072 61 70 68 63 54 53 68 74
1770391831.082 77 64 66 62 64 61 61 59
1770391831.092 65 63 58 50 64 66 72 73
1770391831.102 74 65 62 64 65 61 70 81
1770391831.112 72 66 53 56 59 56 62 70
1770391831.122 73 71 60 61 71 69 68 77
1770391831.131 65 63 53 53 63 61 60 64
1770391831.141 72 60 64 62 65 63 56 68
1770391831.151 67 64 63 64 63 61 56 69
1770391831.161 62 65 56 60 65 65 66 70
1770391831.171 71 64 57 62 53 61 72 59
1770391831.181 56 61 66 58 59 61 76 78
1770391831.192 66 50 65 63 67 66 81 85
1770391831.202 63 55 65 67 67 61 85 93
1770391831.212 65 67 61 53 69 73 90 87
1770391831.222 60 58 60 56 54 61 84 93
1770391831.232 51 60 62 63 64 67 78 86
1770391831.242 55 59 65 68 58 59 59 63
1770391831.252 58 56 63 68 67 68 70 69
1770391831.261 79 68 67 55 58 62 72 64
1770391831.271 75 68 69 66 62 65 66 63
1770391831.282 68 64 68 73 69 63 67 75
1770391831.292 64 60 64 62 63 67 68 73
1770391831.302 79 68 69 65 62 68 68 64
1770391831.312 72 65 66 63 56 63 61 58
1770391831.322 60 61 62 65 63 59 58 52
1770391831.332 68 64 62 53 59 65 63 48
1770391831.343 65 67 63 66 66 66 68 58
1770391831.353 63 70 77 66 58 66 65 56
1770391831.363 47 59 65 62 62 68 62 62
1770391831.373 62 56 69 60 66 64 61 69
1770391831.383 61 62 67 58 60 62 58 68
1770391831.392 57 73 72 59 57 64 60 59
1770391831.402 58 59 71 74 69 57 48 66
1770391831.412 62 62 69 68 66 54 61 74
1770391831.422 64 55 55 62 65 50 56 59
1770391831.432 61 64 63 57 64 62 80 77
1770391831.443 48 53 57 62 49 54 69 75
1770391831.453 60 59 54 59 71 68 68 82
1770391831.463 58 68 57 57 61 56 63 72
1770391831.473 60 57 60 64 68 69 65 66
1770391831.483 60 61 61 65 62 61 68 76
1770391831.493 70 59 49 56 56 61 57 63
1770391831.503 75 59 61 70 65 65 65 72
1770391831.512 65 59 60 66 57 63 57 71
1770391831.522 65 65 66 65 64 64 64 76
1770391831.532 70 54 68 66 58 52 53 60
1770391831.542 71 58 51 56 67 65 66 75
1770391831.553 75 64 66 69 63 61 66 72
1770391831.563 67 60 63 70 61 61 65 78
1770391831.573 60 52 62 82 54 44 67 86
1770391831.583 67 57 61 64 56 51 58 64
1770391831.593 69 59 64 75 61 59 62 61
1770391831.603 65 57 62 65 60 63 70 71
1770391831.613 52 61 71 65 52 59 76 76
1770391831.623 60 64 76 69 56 54 69 69
1770391831.633 54 59 75 73 56 53 65 73
1770391831.642 62 62 62 64 63 60 66 71
1770391831.652 59 58 65 61 55 62 70 76
1770391831.663 63 61 75 64 53 64 72 71
1770391831.673 56 58 66 60 56 69 78 82
1770391831.683 60 62 67 67 57 56 70 89
1770391831.692 69 59 64 63 53 56 79 99
1770391831.702 63 69 70 60 52 54 85 119
1770391831.712 64 59 69 55 50 53 77 107
1770391831.722 66 66 63 55 59 62 80 90
1770391831.732 77 71 63 61 59 58 73 79
1770391831.742 55 69 64 73 59 54 65 77
1770391831.753 67 59 69 73 65 59 63 74
1770391831.764 72 70 64 61 61 65 69 65
1770391831.773 76 68 69 54 61 71 74 64
1770391831.782 82 70 68 56 67 72 77 66
1770391831.793 71 62 68 74 69 69 81 90
1770391831.802 92 77 69 54 66 74 71 75
1770391831.812 81 79 72 69 65 70 68 65
1770391831.822 75 88 70 62 56 63 69 78
1770391831.833 61 80 69 73 53 47 57 81
1770391831.843 75 74 68 73 68 56 54 58
1770391831.852 80 82 71 71 65 56 63 61
1770391831.862 78 84 73 63 58 55 58 67
1770391831.872 81 96 77 63 49 47 56 58
1770391831.882 76 84 68 74 67 44 53 61
1770391831.893 78 88 70 67 50 48 58 68
1770391831.903 86 85 82 69 54 43 63 67
1770391831.913 87 91 86 66 54 63 66 66
1770391831.923 70 82 75 60 55 46 53 60
1770391831.933 71 89 73 68 56 59 53 54
1770391831.943 69 84 68 60 45 51 59 64
1770391831.953 71 74 69 62 55 56 61 69
1770391831.963 77 71 59 65 53 57 56 60
1770391831.973 77 65 59 61 62 59 56 58
1770391831.983 79 70 60 65 64 55 59 61
1770391831.993 73 68 66 60 55 57 59 61
1770391832.003 74 68 62 68 66 61 57 58
1770391832.013 72 65 59 58 54 58 60 55
1770391832.023 79 64 63 63 55 58 57 51
1770391832.033 70 65 63 55 45 58 61 57
1770391832.042 70 67 63 59 50 64 62 66
1770391832.052 88 70 62 61 56 53 54 69
1770391832.062 88 63 51 67 66 67 57 56
1770391832.072 68 65 65 65 61 55 45 48
1770391832.082 65 65 55 59 51 58 61 59
1770391832.092 73 65 65 65 49 51 58 56
1770391832.102 77 66 60 61 60 56 61 66
1770391832.112 79 68 63 64 59 58 63 71
1770391832.123 67 65 64 64 53 57 56 59
1770391832.133 60 70 64 56 58 64 61 57
1770391832.143 69 65 62 50 55 63 61 58
1770391832.153 79 73 59 55 54 63 65 64
1770391832.163 82 76 66 60 51 65 66 80
1770391832.173 70 58 51 57 61 60 63 69
1770391832.183 77 70 59 59 53 57 59 64
1770391832.193 96 75 50 45 59 67 52 60
1770391832.203 95 79 59 54 74 76 71 76
1770391832.213 75 64 59 55 62 57 60 71
1770391832.223 83 73 69 67 59 59 55 62
1770391832.233 80 71 63 57 59 58 55 52
1770391832.243 83 73 59 62 56 61 65 65
1770391832.253 73 70 68 68 62 60 65 69
1770391832.262 70 66 68 74 64 64 66 81
1770391832.272 72 74 71 71 62 61 61 64
1770391832.282 68 68 58 59 59 60 62 71
1770391832.293 77 73 65 67 67 70 67 70
1770391832.303 78 68 66 65 68 67 71 90
1770391832.313 79 81 67 68 68 69 72 67
1770391832.323 73 71 70 61 63 65 68 63
1770391832.333 72 71 64 71 75 74 77 85
1770391832.343 90 68 68 66 71 69 71 66
1770391832.353 90 65 68 75 74 76 79 74
1770391832.363 84 78 71 73 71 72 76 73
1770391832.373 80 73 59 58 67 83 82 76
1770391832.383 78 72 63 66 69 67 65 63
1770391832.393 90 66 62 63 68 76 69 70
1770391832.403 85 74 66 66 68 75 79 81
1770391832.413 89 75 58 54 58 73 76 59
1770391832.422 79 75 65 60 61 78 72 71
1770391832.432 81 65 71 69 58 72 69 65
1770391832.442 77 64 68 66 66 65 68 58
1770391832.452 85 77 71 70 76 70 69 72
1770391832.462 71 74 69 58 61 58 69 83
1770391832.472 71 69 70 69 60 59 61 62
1770391832.482 75 71 67 67 65 57 59 57
1770391832.493 75 76 68 72 61 67 61 80
1770391832.503 79 88 77 62 57 60 78 96
1770391832.513 88 79 70 63 64 67 72 75
1770391832.523 79 79 69 66 54 62 57 66
1770391832.533 75 74 65 63 56 61 67 68
1770391832.543 81 87 77 63 59 62 77 60
1770391832.553 72 82 72 69 66 67 74 79
1770391832.563 73 79 68 72 61 68 67 63
1770391832.572 88 78 66 62 58 65 56 71
1770391832.583 84 91 76 69 68 72 71 71
1770391832.593 87 89 77 63 54 56 69 69
1770391832.603 87 88 90 78 74 66 64 76
1770391832.613 82 86 77 74 75 65 64 56
1770391832.623 76 79 76 76 67 69 61 58
1770391832.632 82 79 79 67 56 58 53 49
1770391832.642 62 73 81 81 64 61 56 77
1770391832.653 83 80 82 84 68 63 57 74
1770391832.663 74 67 67 70 69 66 61 54
1770391832.673 79 75 77 79 78 67 65 54
1770391832.683 75 69 72 76 65 69 71 65
1770391832.693 81 76 72 65 64 72 71 66
1770391832.703 85 77 83 82 71 72 63 64
1770391832.712 68 73 73 69 70 74 73 71
1770391832.722 66 89 76 73 65 65 69 68
1770391832.733 57 65 71 73 67 66 65 62
1770391832.743 78 78 81 75 69 64 75 77
1770391832.753 83 75 78 70 60 64 76 87
1770391832.763 70 74 70 76 66 62 74 84
1770391832.773 62 63 60 78 64 59 65 89
1770391832.783 69 72 62 67 67 71 72 83
1770391832.793 82 74 68 57 55 61 73 82
1770391832.803 74 81 80 75 65 73 71 91
1770391832.813 61 65 89 83 66 55 62 92
1770391832.823 57 58 74 66 60 56 58 72
1770391832.833 75 71 78 67 62 69 71 60
1770391832.843 74 70 71 68 73 68 73 61
1770391832.853 59 66 85 82 74 64 71 91
1770391832.863 75 58 77 81 72 71 66 80
1770391832.872 72 60 70 69 78 69 70 71
1770391832.882 66 67 72 65 70 68 60 59
1770391832.893 74 63 74 69 68 66 69 68
1770391832.903 73 60 80 86 74 61 68 81
1770391832.913 66 63 82 84 66 58 62 75
1770391832.923 71 69 89 84 68 61 68 73
1770391832.933 59 63 89 87 67 58 67 78
1770391832.943 67 62 84 88 71 56 65 91
1770391832.953 79 84 90 78 67 64 68 84
1770391832.963 69 73 88 83 65 66 68 86
1770391832.973 70 75 79 74 57 61 66 70
1770391832.983 74 79 83 79 67 64 66 68
1770391832.993 79 83 81 94 75 63 62 62
1770391833.003 70 80 83 86 66 67 64 81
1770391833.013 91 95 87 77 65 64 68 82
1770391833.023 85 84 85 77 69 66 66 54
1770391833.033 84 73 73 81 74 65 57 62
1770391833.043 102 73 65 60 62 66 57 64
1770391833.053 91 70 73 75 74 77 73 73
1770391833.063 79 68 66 61 62 71 75 74
1770391833.073 68 71 66 73 70 71 69 65
1770391833.083 92 63 58 69 76 69 57 50
1770391833.093 72 63 66 71 76 70 66 73
1770391833.103 76 73 66 73 72 69 69 83
1770391833.113 78 65 64 64 73 69 65 65
1770391833.123 63 60 62 73 79 73 65 57
1770391833.133 68 60 50 56 71 65 66 54
1770391833.143 68 64 64 67 72 68 66 65
1770391833.153 75 68 63 76 71 69 65 78
1770391833.163 77 71 61 67 75 70 65 71
1770391833.173 79 62 58 58 66 67 55 54
1770391833.183 65 59 66 69 66 62 70 74
1770391833.193 67 65 67 69 62 62 63 78
1770391833.203 74 69 70 78 67 66 67 88
1770391833.213 78 71 65 65 75 79 68 72
1770391833.223 77 69 67 56 58 67 73 80
1770391833.233 72 67 60 60 61 67 71 75
1770391833.243 80 75 67 57 66 69 67 77
1770391833.253 81 68 50 60 80 81 67 78
1770391833.263 75 68 55 60 75 79 65 71
1770391833.272 74 64 55 62 72 70 61 71
1770391833.283 85 71 62 64 68 75 70 74
1770391833.293 77 68 61 67 65 70 70 82
1770391833.303 79 64 67 71 72 73 74 81
1770391833.313 72 59 61 63 55 61 71 74
1770391833.323 76 67 63 59 56 66 76 73
1770391833.333 74 63 67 58 46 62 79 72
1770391833.343 66 63 67 70 55 61 78 84
1770391833.353 82 82 67 67 58 67 71 86
1770391833.363 75 56 66 64 70 60 61 69
1770391833.373 77 61 68 83 68 66 63 73
1770391833.383 62 65 65 62 66 60 64 71
1770391833.393 62 73 66 61 61 70 75 83
1770391833.403 72 69 67 74 73 62 68 87
1770391833.413 65 61 69 74 75 62 72 88
1770391833.423 77 64 59 48 59 62 66 72
1770391833.433 68 76 59 51 65 77 84 81
1770391833.443 66 70 67 69 73 77 88 93
1770391833.453 70 60 60 63 68 73 82 99
1770391833.463 71 62 67 61 70 64 79 84
1770391833.473 63 61 74 61 64 75 85 80
1770391833.483 61 60 69 56 57 73 89 81
1770391833.493 76 75 67 64 71 67 70 65
1770391833.503 70 65 70 76 71 77 77 86
1770391833.513 72 65 67 71 75 72 73 76
1770391833.523 63 76 76 60 66 71 80 78
1770391833.533 70 76 77 78 81 71 72 64
1770391833.543 72 60 64 68 76 79 75 80
1770391833.553 73 71 73 80 85 79 75 86
1770391833.563 72 76 74 89 82 71 81 83
1770391833.573 69 72 76 84 80 70 79 78
1770391833.583 77 70 70 74 69 68 65 71
1770391833.593 79 71 74 73 64 65 74 71
1770391833.603 82 79 79 75 68 68 79 79
1770391833.613 61 86 74 64 65 64 73 79
1770391833.623 93 77 86 86 71 64 69 70
1770391833.633 84 81 76 78 75 72 69 61
1770391833.643 87 84 80 75 72 75 69 71
1770391833.653 82 77 81 78 72 65 68 72
1770391833.663 53 77 73 79 79 74 79 83
1770391833.673 64 72 74 76 71 70 71 70
1770391833.683 74 72 75 63 69 80 83 68
1770391833.693 75 73 73 71 79 93 89 74
1770391833.703 63 83 86 69 67 92 105 97
1770391833.713 82 84 82 71 73 86 86 73
1770391833.723 71 79 78 76 82 81 76 72
1770391833.733 73 88 79 76 83 78 67 71
1770391833.743 83 88 83 71 71 65 71 71
1770391833.753 93 89 95 94 89 78 81 71
1770391833.763 81 85 85 79 80 73 69 65
1770391833.773 78 80 81 80 83 71 65 73
1770391833.783 85 78 78 88 90 71 67 68
1770391833.793 61 68 69 90 93 67 70 85
1770391833.803 81 78 76 88 86 72 67 78
1770391833.813 68 74 73 81 83 73 67 70
1770391833.823 74 68 72 84 90 74 70 56
1770391833.833 64 72 73 72 74 61 67 79
1770391833.843 77 68 67 82 74 75 56 69
1770391833.853 95 69 72 75 77 72 62 68
1770391833.863 77 68 66 67 74 74 68 76
1770391833.873 89 70 79 79 66 65 64 80
1770391833.883 56 48 69 82 81 75 67 83
1770391833.893 74 70 69 74 77 75 74 81
1770391833.903 77 68 71 69 73 71 74 81
1770391833.913 83 72 73 66 63 66 77 88
1770391833.923 58 58 72 69 65 57 61 83
1770391833.933 60 61 66 67 70 64 72 75
1770391833.943 69 64 66 67 67 66 68 74
1770391833.953 78 71 60 64 72 80 76 81
1770391833.963 89 71 69 63 59 64 67 72
1770391833.973 78 67 66 66 63 75 62 65
1770391833.983 80 68 64 63 70 64 64 60
1770391833.993 88 65 63 66 70 65 60 53
1770391834.003 89 78 72 76 77 75 60 68
1770391834.013 74 66 72 82 77 70 66 74
1770391834.023 93 76 72 71 75 74 66 70
1770391834.033 79 71 69 71 64 62 59 67
1770391834.043 60 62 74 76 76 66 73 73
1770391834.053 71 64 70 69 60 65 70 84
1770391834.063 72 50 57 66 76 69 70 74
1770391834.073 68 59 65 75 77 69 77 63
1770391834.083 69 60 69 73 75 65 61 73
1770391834.093 66 58 74 90 73 71 61 86
1770391834.103 64 49 69 88 78 58 55 65
1770391834.114 64 60 70 74 74 70 73 67
1770391834.124 77 72 74 73 60 67 64 69
1770391834.133 68 63 71 74 74 73 69 66
1770391834.143 64 56 58 79 77 61 59 70
1770391834.153 72 65 65 72 77 66 74 75
1770391834.163 83 68 64 72 78 70 71 63
1770391834.173 68 60 60 60 65 69 67 72
1770391834.183 70 58 68 72 68 63 64 67
1770391834.193 72 59 66 63 68 61 58 65
1770391834.203 68 63 65 69 70 61 66 80
1770391834.213 79 63 64 62 66 66 63 64
1770391834.223 68 59 66 66 71 76 67 70
1770391834.233 88 62 58 75 81 70 49 49
1770391834.243 62 63 68 71 76 69 66 67
1770391834.253 62 70 68 74 75 71 67 72
1770391834.263 48 59 64 66 79 69 70 70
1770391834.273 66 61 60 78 84 71 61 66
1770391834.283 65 65 64 70 74 62 58 62
1770391834.293 47 56 70 73 73 64 67 77
1770391834.303 63 61 68 69 77 66 67 75
1770391834.314 62 61 65 70 71 66 67 71
1770391834.324 70 60 65 75 78 64 56 61
1770391834.333 70 66 61 70 66 64 71 64
1770391834.343 73 72 67 76 72 66 70 70
1770391834.353 68 71 69 75 66 64 67 76
1770391834.363 73 72 71 81 77 67 61 69
1770391834.373 77 64 65 71 77 70 65 56
1770391834.384 68 68 68 75 68 71 75 71
1770391834.393 72 61 68 73 69 68 69 65
1770391834.403 76 66 73 71 78 68 70 76
1770391834.413 88 68 65 62 82 70 68 54
1770391834.423 73 64 65 67 77 75 70 69
1770391834.434 72 70 65 70 65 73 68 65
1770391834.444 65 65 66 68 75 66 66 61
1770391834.453 58 77 65 60 81 82 71 60
1770391834.463 64 64 63 61 66 66 65 69
1770391834.473 62 60 69 68 71 68 71 69
1770391834.483 68 66 67 69 68 67 65 63
1770391834.494 63 65 59 61 70 74 69 64
1770391834.504 74 81 72 57 62 77 73 68
1770391834.514 72 71 69 71 64 63 70 77
1770391834.524 63 61 64 71 72 68 68 77
1770391834.533 69 60 71 69 74 63 59 62
1770391834.543 76 68 66 54 58 72 74 54
1770391834.553 73 67 77 66 54 62 67 79
1770391834.563 68 65 70 64 63 67 72 72
1770391834.573 73 73 80 77 69 62 61 69
1770391834.583 69 73 76 62 63 74 69 67
1770391834.593 78 76 76 68 63 75 71 73
1770391834.603 75 76 82 73 65 68 69 71
1770391834.613 74 75 86 76 65 72 79 78
1770391834.623 72 70 67 67 59 76 87 78
1770391834.633 83 77 78 76 67 82 85 78
1770391834.643 74 74 76 80 69 80 84 78
1770391834.653 75 75 69 73 71 80 91 91
1770391834.663 83 73 71 66 68 69 90 86
1770391834.673 76 79 76 73 75 67 80 87
1770391834.683 72 78 74 63 69 69 77 84
1770391834.693 74 76 67 64 66 68 74 72
1770391834.703 75 73 72 73 77 74 67 70
1770391834.713 77 69 78 73 71 72 78 79
1770391834.723 68 81 80 65 72 72 80 75
1770391834.734 72 70 79 67 71 65 65 90
1770391834.743 61 61 71 76 73 74 75 90
1770391834.754 66 56 72 72 73 68 68 99
1770391834.763 64 68 77 55 62 70 86 103
1770391834.773 56 65 76 79 71 69 75 111
1770391834.784 54 55 67 78 60 60 70 118
1770391834.793 60 61 77 80 63 65 75 116
1770391834.804 70 66 74 73 72 72 73 106
1770391834.813 63 68 72 68 71 63 67 87
1770391834.823 75 77 76 64 66 65 69 76
1770391834.833 69 72 71 79 67 66 70 86
1770391834.843 71 73 66 69 65 67 68 80
1770391834.853 65 78 75 67 62 60 79 76
1770391834.864 80 74 68 70 67 72 66 62
1770391834.874 80 79 68 52 57 68 76 69
1770391834.884 88 73 67 64 64 64 76 68
1770391834.893 83 74 70 60 57 70 76 78
1770391834.903 56 69 76 70 68 69 73 76
1770391834.913 76 73 74 62 68 66 64 63
1770391834.923 68 73 73 63 71 68 66 71
1770391834.933 67 65 74 68 71 69 72 76
1770391834.943 52 64 83 63 61 64 68 85
1770391834.953 74 72 74 78 75 61 67 74
1770391834.964 66 61 66 71 68 63 64 71
1770391834.974 72 68 68 72 64 58 60 59
1770391834.984 72 73 64 57 58 62 63 71
1770391834.994 61 69 71 67 59 61 74 89
1770391835.004 64 63 69 72 60 64 68 85
1770391835.014 67 64 63 62 62 72 64 79
1770391835.024 65 64 64 55 65 78 74 84
1770391835.033 56 60 66 61 64 67 75 80
1770391835.043 68 67 74 62 60 66 67 68
1770391835.053 59 71 70 64 71 77 75 78
1770391835.063 67 71 73 67 66 76 75 77
1770391835.074 66 59 65 70 68 62 60 74
1770391835.084 83 68 76 70 73 70 69 77
1770391835.093 65 66 59 51 63 69 71 76
1770391835.103 71 70 63 61 71 69 77 76
1770391835.113 66 65 70 70 64 65 70 77
1770391835.123 71 48 52 67 69 67 57 64
1770391835.133 67 63 64 65 66 67 71 67
1770391835.143 62 60 55 65 64 65 69 71
1770391835.154 67 67 66 65 66 68 69 82
1770391835.164 65 49 66 72 70 58 57 76
1770391835.174 76 58 58 72 65 62 65 71
1770391835.184 70 60 57 65 66 65 66 76
1770391835.194 69 60 60 65 68 62 70 82
1770391835.204 67 72 74 73 71 63 66 78
1770391835.213 67 60 65 81 91 85 67 77
1770391835.223 70 78 68 70 70 74 69 74
1770391835.233 60 61 67 68 71 70 68 73
1770391835.243 80 74 73 67 76 72 75 73
1770391835.253 71 64 62 72 80 67 67 77
1770391835.263 72 69 71 84 82 80 82 76
1770391835.273 67 72 78 76 79 83 71 73
1770391835.284 71 69 77 83 85 93 82 75
1770391835.294 75 81 77 77 90 89 79 71
1770391835.304 75 77 81 84 90 98 91 82
1770391835.314 77 76 84 82 88 89 95 79
1770391835.324 70 65 76 78 84 90 89 81
1770391835.333 72 71 78 84 93 98 92 71
1770391835.343 68 64 70 73 101 106 81 76
1770391835.353 75 57 72 80 95 93 87 86
1770391835.363 81 65 72 72 85 80 81 67
1770391835.373 56 64 76 85 84 85 86 74
1770391835.384 65 65 76 84 91 88 81 81
1770391835.394 80 72 71 74 88 94 86 74
1770391835.404 70 73 80 92 87 94 82 76
1770391835.414 69 66 78 78 80 89 85 83
1770391835.424 62 69 79 87 94 87 85 78
1770391835.433 70 63 58 84 96 89 77 71
1770391835.443 73 72 73 87 102 92 91 84
1770391835.453 74 74 76 90 88 96 87 76
1770391835.463 70 77 74 80 91 91 88 76
1770391835.473 85 68 65 80 89 100 77 66
1770391835.483 64 64 71 80 93 95 87 78
1770391835.494 67 78 82 85 89 95 82 74
1770391835.504 73 75 77 79 89 95 94 85
1770391835.513 69 80 78 86 88 96 82 69
1770391835.523 82 83 73 66 90 94 85 69
1770391835.533 80 77 73 91 88 100 91 71
1770391835.543 78 79 65 82 87 103 89 71
1770391835.553 72 69 73 89 89 102 91 91
1770391835.563 87 76 76 75 95 100 86 53
1770391835.573 81 65 74 76 89 94 89 66
1770391835.584 69 67 73 78 84 88 87 82
1770391835.594 65 71 79 88 87 95 86 88
1770391835.603 77 75 74 81 102 99 88 78
1770391835.613 77 61 68 85 90 91 75 75
1770391835.623 79 76 75 81 82 94 86 81
1770391835.634 72 70 75 73 82 88 82 74
1770391835.644 68 71 68 78 89 95 86 78
1770391835.654 67 78 76 74 81 98 81 72
1770391835.664 73 77 85 77 86 90 82 85
1770391835.676 81 82 78 79 87 92 81 80
1770391835.684 74 78 79 78 83 89 81 76
1770391835.693 86 87 81 81 86 96 89 68
1770391835.703 69 84 80 71 82 93 86 91
1770391835.713 67 74 76 79 88 90 89 81
1770391835.723 65 74 73 73 85 88 90 74
1770391835.734 57 77 65 72 96 101 92 79
1770391835.744 74 80 74 69 77 86 95 65
1770391835.754 72 69 78 83 85 91 89 77
1770391835.764 77 70 80 92 91 87 78 62
1770391835.774 70 60 72 75 92 90 80 67
1770391835.784 80 80 80 82 87 95 84 71
1770391835.794 71 67 77 89 85 83 88 68
1770391835.804 70 74 82 99 90 89 88 71
1770391835.814 71 69 80 84 91 90 87 74
1770391835.824 70 71 84 83 90 95 87 78
1770391835.834 63 71 84 84 78 77 78 84
1770391835.844 79 75 79 87 93 92 88 79
1770391835.855 74 77 81 80 86 93 84 81
1770391835.865 63 71 76 79 86 90 88 91
1770391835.874 61 80 84 79 73 87 82 74
1770391835.884 71 69 76 86 85 92 88 76
1770391835.895 79 75 74 80 91 92 84 71
1770391835.905 79 77 77 74 87 96 91 79
1770391835.914 73 76 82 75 83 97 102 81
1770391835.924 73 71 80 80 86 86 83 78
1770391835.934 72 70 78 91 96 95 86 76
1770391835.944 75 71 76 88 100 92 83 61
1770391835.954 71 66 71 73 86 99 96 90
1770391835.964 74 73 77 79 95 96 90 69
1770391835.974 67 62 73 83 88 91 77 69
1770391835.984 69 71 79 90 91 85 84 80
1770391835.994 72 73 72 86 85 87 78 71
1770391836.004 76 80 78 91 83 87 74 79
1770391836.015 68 67 81 87 89 90 84 79
1770391836.025 66 72 76 85 87 88 81 80
1770391836.035 73 71 81 91 97 83 80 71
1770391836.044 64 68 83 85 90 86 80 77
1770391836.054 62 64 76 88 85 80 83 80
1770391836.064 71 74 74 81 85 87 79 69
1770391836.074 74 82 88 82 82 87 86 74
1770391836.084 75 72 76 79 84 83 80 88
1770391836.094 70 66 78 92 90 86 82 83
1770391836.104 70 74 77 81 88 86 80 75
1770391836.115 63 75 76 78 83 87 81 76
1770391836.125 77 82 81 79 78 88 84 73
1770391836.135 73 75 77 86 92 87 85 93
1770391836.145 79 63 76 84 93 90 77 78
1770391836.154 75 68 69 78 87 91 82 84
1770391836.164 73 80 78 78 89 96 91 78
1770391836.174 72 72 68 75 85 94 81 78
1770391836.184 83 63 70 87 90 88 71 69
1770391836.194 75 70 78 85 89 88 83 70
1770391836.204 64 65 72 82 95 96 85 78
1770391836.214 77 72 74 73 91 90 79 65
1770391836.224 73 75 72 81 94 87 75 67
1770391836.235 76 75 68 80 94 93 81 69
1770391836.245 60 68 80 77 81 85 76 71
1770391836.255 75 78 74 88 87 92 82 77
1770391836.264 70 66 74 83 95 92 79 74
1770391836.274 76 70 70 77 89 90 79 66
1770391836.284 73 76 81 81 71 85 82 73
1770391836.294 68 72 80 81 87 92 89 88
1770391836.305 72 74 77 82 93 87 75 80
1770391836.314 69 68 74 85 94 94 80 73
1770391836.324 79 75 68 79 89 96 82 73
1770391836.334 60 73 82 79 82 86 89 79
1770391836.344 74 75 77 76 87 90 85 77
1770391836.355 67 73 73 82 92 95 82 80
1770391836.365 76 72 67 75 93 99 81 72
1770391836.375 85 83 79 77 87 90 80 77
1770391836.384 76 80 75 83 91 96 86 76
1770391836.395 66 74 70 78 85 90 84 76
1770391836.405 78 75 67 69 89 91 79 61
1770391836.415 80 80 82 95 99 97 71 61
1770391836.425 73 63 71 84 94 97 82 72
1770391836.435 77 72 74 82 91 93 83 72
1770391836.445 77 68 59 73 89 97 82 69
1770391836.454 74 80 75 84 90 96 90 74
1770391836.464 66 71 78 93 99 88 77 74
1770391836.474 75 72 81 91 90 90 82 76
1770391836.484 73 75 77 83 94 84 80 76
1770391836.494 76 77 69 76 82 97 87 67
1770391836.504 87 83 88 88 91 87 81 79
1770391836.515 70 76 79 78 84 92 84 82
1770391836.525 80 75 78 79 87 92 89 78
1770391836.535 68 79 83 79 86 99 90 71
1770391836.545 75 88 84 82 86 94 99 84
1770391836.555 78 84 81 78 87 92 91 90
1770391836.565 71 71 71 76 88 91 85 79
1770392020.436 0 0 0 0 0 0 0 0
1770392020.446 0 0 0 0 0 0 0 0
1770392020.456 0 0 0 0 0 0 0 0
1770392020.467 0 0 0 0 0 0 0 0
1770392020.477 0 0 0 0 0 0 0 0
1770392020.487 0 0 0 0 0 0 0 0
1770392020.497 0 0 0 0 0 0 0 0
1770392020.507 0 0 0 0 0 0 0 0
1770392020.516 0 0 0 0 0 0 0 0
1770392020.526 0 0 0 0 0 0 0 0
1770392020.536 0 0 0 0 0 0 0 0
1770392020.546 0 0 0 0 0 0 0 0
1770392020.556 0 0 0 0 0 0 0 0
1770392020.567 0 0 0 0 0 0 0 0
1770392020.577 0 0 0 0 0 0 0 0
1770392020.587 58 75 85 74 63 81 96 83
1770392020.597 72 80 81 82 82 90 86 78
1770392020.606 80 83 77 84 87 91 90 86
1770392020.617 69 70 68 76 89 98 95 85
1770392020.627 78 79 80 71 91 93 86 72
1770392020.637 75 74 76 81 83 85 80 75
1770392020.647 82 71 81 82 85 93 89 75
1770392020.656 71 63 71 75 90 94 84 81
1770392020.666 74 76 79 85 94 94 91 78
1770392020.676 78 76 71 71 98 96 92 69
1770392020.687 58 75 75 72 85 92 92 66
1770392020.696 63 70 80 86 89 93 86 81
1770392020.707 71 63 78 84 94 97 92 83
1770392020.716 72 73 72 85 89 90 83 74
1770392020.727 68 68 78 92 91 91 88 94
1770392020.739 75 75 77 79 90 95 88 80
1770392020.747 75 68 75 79 85 83 82 76
1770392020.757 79 71 74 88 90 92 88 76
1770392020.767 71 67 71 79 93 95 79 77
1770392020.776 81 72 68 85 103 101 91 81
1770392020.786 71 77 77 87 89 87 86 71
1770392020.796 69 71 77 86 91 93 94 84
1770392020.807 75 77 81 90 91 91 92 72
1770392020.817 62 77 74 75 78 86 98 81
1770392020.827 72 79 79 84 84 89 95 88
1770392020.836 64 68 71 80 82 82 77 74
1770392020.846 66 73 83 81 87 92 87 84
1770392020.856 69 75 85 93 85 82 89 89
1770392020.866 65 69 73 86 94 85 81 75
1770392020.877 70 79 86 80 82 94 86 84
1770392020.887 65 76 80 80 86 91 90 84
1770392020.897 66 69 76 82 89 92 88 94
1770392020.907 70 64 69 80 91 92 83 76
1770392020.917 67 78 86 89 95 99 101 91
1770392020.926 70 71 76 80 82 92 93 87
1770392020.936 76 76 77 85 80 84 84 72
1770392020.947 73 87 88 81 81 86 81 70
1770392020.957 69 78 87 89 84 98 98 82
1770392020.967 86 84 79 82 86 90 86 81
1770392020.977 75 72 77 83 88 89 87 78
1770392020.987 77 77 81 86 87 93 94 80
1770392020.997 76 67 80 84 97 85 82 82
1770392021.007 85 69 74 77 87 93 93 87
1770392021.017 77 67 71 77 84 90 89 81
1770392021.026 73 71 73 74 85 96 95 84
1770392021.036 87 76 76 74 93 93 85 75
1770392021.047 75 74 70 71 89 105 92 73
1770392021.057 77 78 79 75 88 92 86 79
1770392021.067 78 72 69 71 84 92 88 76
1770392021.077 79 78 76 77 95 97 92 79
1770392021.087 55 69 75 72 75 83 89 84
1770392021.097 69 73 76 87 91 96 88 88
1770392021.106 85 80 79 78 92 94 85 81
1770392021.116 68 65 69 82 98 99 92 80
1770392021.127 72 70 78 89 92 89 87 80
1770392021.137 63 52 67 83 96 85 82 69
1770392021.147 70 75 82 83 86 93 87 75
1770392021.157 71 68 78 80 85 90 80 74
1770392021.167 74 68 76 83 87 93 92 81
1770392021.177 75 67 68 82 95 93 86 64
1770392021.187 61 75 74 77 86 91 84 78
1770392021.197 74 69 77 88 95 88 79 80
1770392021.206 64 64 77 84 90 92 93 81
1770392021.216 74 77 80 82 86 95 96 80
1770392021.226 66 77 75 79 83 87 84 78
1770392021.236 65 70 74 86 85 88 94 77
1770392021.247 65 68 79 79 82 85 83 77
1770392021.257 71 72 76 80 91 86 86 85
1770392021.267 59 78 84 84 98 83 87 86
1770392021.277 65 71 79 86 90 82 86 97
1770392021.286 65 72 82 82 87 85 80 76
1770392021.296 72 75 79 82 91 92 95 83
1770392021.307 81 84 80 84 91 91 84 77
1770392021.317 79 83 80 67 84 91 87 76
1770392021.327 64 78 83 84 89 88 90 90
1770392021.337 67 72 71 79 82 85 85 73
1770392021.347 75 77 75 82 84 95 93 80
1770392021.356 71 87 90 82 80 90 103 87
1770392021.366 76 74 74 64 76 88 100 91
1770392021.376 78 83 80 76 81 88 90 79
1770392021.386 70 72 72 74 91 91 92 73
1770392021.397 70 77 73 87 93 91 92 81
1770392021.407 76 64 65 75 91 85 95 79
1770392021.417 82 85 76 79 87 90 90 87
1770392021.427 77 76 76 79 90 90 91 77
1770392021.436 73 68 72 76 84 86 93 70
1770392021.446 88 84 76 76 95 104 90 58
1770392021.457 78 75 69 80 89 94 86 84
1770392021.467 67 68 73 78 91 88 90 82
1770392021.477 79 65 72 79 86 89 90 81
1770392021.487 71 72 77 75 85 90 95 81
1770392021.497 76 72 70 79 92 90 85 71
1770392021.506 83 80 81 91 91 96 90 73
1770392021.517 76 69 77 83 90 90 89 70
1770392021.527 70 66 72 78 87 90 86 81
1770392021.537 72 74 79 85 93 93 82 73
1770392021.546 68 62 69 84 96 90 88 80
1770392021.557 67 75 78 84 90 93 90 80
1770392021.567 72 73 75 83 94 91 85 79
1770392021.577 70 67 70 84 100 93 82 74
1770392021.587 75 73 73 74 83 83 76 64
1770392021.597 67 68 78 80 85 90 86 69
1770392021.607 82 78 80 86 88 93 89 74
1770392021.617 64 69 79 88 93 83 83 83
1770392021.627 66 71 89 87 84 80 89 78
1770392021.637 61 70 74 85 90 84 88 71
1770392021.646 71 64 72 81 87 93 93 74
1770392021.657 71 78 83 85 87 85 86 78
1770392021.666 64 66 74 91 94 91 88 89
1770392021.677 69 64 66 84 90 84 81 75
1770392021.687 63 66 72 76 80 85 87 83
1770392021.697 75 79 78 80 88 93 89 83
1770392021.707 67 69 74 85 83 86 85 84
1770392021.717 81 85 76 73 78 90 98 75
1770392021.727 89 75 74 79 82 87 86 77
1770392021.737 72 74 77 80 81 88 84 80
1770392021.747 73 75 79 81 85 90 90 76
1770392021.757 70 84 83 82 87 92 98 86
1770392021.767 58 70 80 89 84 85 90 93
1770392021.777 72 70 79 84 88 91 86 80
1770392021.786 76 82 77 80 88 94 91 86
1770392021.797 72 68 73 75 85 91 96 97
1770392021.807 71 67 77 93 89 94 94 88
1770392021.817 69 77 71 74 79 93 92 81
1770392021.827 69 71 69 70 90 100 87 77
1770392021.837 70 80 73 79 86 89 84 70
1770392021.847 75 76 72 74 89 87 91 82
1770392021.857 73 76 74 67 84 99 93 72
1770392021.867 82 73 79 84 91 92 90 82
1770392021.877 72 76 76 85 91 100 95 78
1770392021.887 65 76 73 79 90 95 91 80
1770392021.897 55 73 82 84 87 89 95 88
1770392021.907 72 74 80 85 93 90 92 87
1770392021.917 74 68 76 88 91 91 90 82
1770392021.927 74 69 76 88 85 91 88 77
1770392021.937 71 66 70 85 88 82 83 74
1770392021.947 87 73 68 87 99 92 81 78
1770392021.957 74 67 69 83 91 92 80 76
1770392021.966 77 73 73 87 94 97 90 82
1770392021.976 74 73 72 82 91 90 85 80
1770392021.987 70 73 62 70 91 110 92 66
1770392021.997 72 73 78 74 86 85 86 76
1770392022.006 69 67 77 81 92 88 86 81
1770392022.017 70 67 73 79 91 93 87 77
1770392022.027 63 73 78 83 92 91 90 82
1770392022.037 62 64 82 88 77 83 80 87
1770392022.047 66 70 78 82 83 80 80 74
1770392022.057 65 73 77 88 96 95 83 80
1770392022.067 70 77 80 89 94 83 89 80
1770392022.077 64 60 68 89 100 96 81 74
1770392022.087 73 71 81 88 82 86 82 80
1770392022.097 71 71 82 89 84 89 90 86
1770392022.107 69 67 79 87 93 92 93 84
1770392022.117 73 65 78 84 86 95 93 85
1770392022.128 70 76 78 85 90 97 93 76
1770392022.137 73 76 77 82 87 83 91 78
1770392022.147 69 72 74 78 82 87 87 83
1770392022.157 71 80 86 88 89 86 89 83
1770392022.167 63 72 79 84 89 85 92 82
1770392022.177 80 82 76 80 90 94 94 79
1770392022.186 75 74 76 86 91 90 89 74
1770392022.196 77 79 80 85 87 95 99 86
1770392022.207 78 74 76 86 95 88 88 80
1770392022.217 83 82 75 88 100 99 82 65
1770392022.227 73 74 74 78 88 95 88 74
1770392022.237 65 70 69 80 80 98 88 73
1770392022.247 75 77 76 74 87 93 89 74
1770392022.257 74 77 76 78 95 99 96 70
1770392022.267 73 73 77 81 90 98 92 77
1770392022.277 79 67 69 81 86 89 85 83
1770392022.287 78 71 71 80 94 99 89 71
1770392022.297 67 78 81 85 85 91 91 85
1770392022.307 73 68 85 92 94 88 93 88
1770392022.317 75 74 81 91 99 91 87 73
1770392022.328 69 66 67 78 98 93 92 81
1770392022.338 65 72 77 80 87 90 88 85
1770392022.347 70 64 67 77 101 95 88 71
1770392022.357 74 69 72 84 92 92 92 77
1770392022.367 75 63 70 82 89 84 84 79
1770392022.377 67 70 72 91 97 96 93 80
1770392022.387 81 73 72 78 85 91 90 76
1770392022.397 75 71 73 80 89 97 94 83
1770392022.407 72 68 76 93 97 91 90 84
1770392022.417 59 67 74 86 96 93 95 81
1770392022.427 60 68 82 88 87 89 87 83
1770392022.437 62 69 84 85 81 83 80 76
1770392022.447 66 71 86 95 95 91 89 83
1770392022.458 62 73 69 90 83 88 84 84
1770392022.467 69 71 78 83 87 88 89 73
1770392022.477 74 76 81 87 89 86 82 72
1770392022.487 72 69 65 72 89 86 86 83
1770392022.497 69 73 74 82 88 83 81 75
1770392022.507 70 70 73 90 93 91 96 88
1770392022.517 82 78 78 87 92 93 86 72
1770392022.527 74 84 80 70 83 93 90 63
1770392022.537 68 73 80 84 93 94 99 84
1770392022.547 63 73 75 82 84 92 93 83
1770392022.557 75 69 72 76 88 96 94 80
1770392022.567 80 69 82 79 80 94 88 82
1770392022.577 63 59 77 76 81 82 87 81
1770392022.587 74 78 84 88 80 82 83 69
1770392022.597 74 76 79 83 83 93 87 81
1770392022.607 73 72 75 88 91 91 88 76
1770392022.617 89 79 65 76 95 95 87 60
1770392022.627 77 76 80 79 86 99 103 88
1770392022.637 73 75 74 80 82 88 95 74
1770392022.647 69 72 77 80 91 87 90 70
1770392022.657 81 77 77 75 96 110 103 74
1770392022.667 68 78 77 66 82 99 105 103
1770392022.677 75 77 82 88 91 90 88 85
1770392022.687 70 68 72 81 90 88 90 79
1770392022.697 74 71 72 74 92 98 98 94
1770392022.707 69 72 77 82 81 87 84 68
1770392022.717 73 71 74 81 93 96 86 72
1770392022.727 69 70 78 88 94 94 85 73
1770392022.737 62 68 72 82 86 90 86 75
1770392022.747 72 71 76 88 94 93 79 74
1770392022.757 83 71 64 76 93 95 87 87
1770392022.767 79 79 73 75 85 89 88 85
1770392022.777 74 69 77 89 85 90 88 80
1770392022.787 66 63 74 87 85 90 87 80
1770392022.797 75 75 75 71 81 88 85 64
1770392022.807 73 72 79 80 86 92 95 79
1770392022.817 76 73 77 85 91 92 92 79
1770392022.827 66 68 70 83 84 87 89 76
1770392022.837 65 70 83 93 90 84 85 79
1770392022.847 59 62 70 92 92 86 81 78
1770392022.857 73 69 74 85 92 90 88 83
1770392022.867 77 82 82 85 89 88 87 76
1770392022.877 67 69 78 81 89 91 93 92
1770392022.887 67 70 71 75 97 88 81 68
1770392022.898 68 73 76 84 89 88 87 81
1770392022.907 76 70 81 88 95 91 89 85
1770392022.917 68 74 77 88 85 90 87 83
1770392022.927 65 82 87 81 82 87 91 83
1770392022.937 58 66 77 75 77 84 88 81
1770392022.948 71 69 74 87 91 91 95 80
1770392022.957 74 78 78 79 90 88 87 81
1770392022.967 65 75 80 78 92 98 103 86
1770392022.977 65 71 76 91 95 82 77 81
1770392022.987 63 71 72 82 84 83 85 67
1770392022.997 78 80 79 86 83 98 99 74
1770392023.007 73 70 73 75 78 91 93 83
1770392023.017 71 76 77 80 90 96 94 74
1770392023.027 81 79 81 72 80 85 87 77
1770392023.038 70 72 75 81 92 92 87 81
1770392023.047 78 80 77 81 88 94 92 76
1770392023.058 78 77 74 82 91 96 93 83
1770392023.067 78 78 85 89 89 88 97 83
1770392023.077 69 71 79 90 89 90 85 72
1770392023.087 81 75 75 85 91 93 92 71
1770392023.097 74 75 69 74 84 91 91 80
1770392023.107 75 68 73 86 89 90 92 87
1770392023.117 79 68 66 86 89 89 84 78
1770392023.127 81 68 71 83 96 93 86 70
1770392023.138 82 68 76 80 89 90 84 70
1770392023.147 68 72 77 78 89 90 90 81
1770392023.157 88 79 72 70 101 106 95 66
1770392023.167 67 72 74 75 91 88 81 84
1770392023.177 78 75 73 86 92 92 87 72
1770392023.187 70 71 75 83 85 86 82 67
1770392023.197 65 73 78 83 86 100 96 78
1770392023.207 65 68 84 93 90 90 95 90
1770392023.217 70 67 76 85 94 89 88 79
1770392023.228 70 72 75 82 91 87 84 79
1770392023.237 60 67 71 79 84 89 85 79
1770392023.247 73 71 71 89 98 84 84 74
1770392023.257 73 66 75 80 87 84 88 79
1770392023.267 75 73 77 86 86 88 90 79
1770392023.277 74 81 79 84 91 89 84 75
1770392023.288 67 69 72 75 99 100 92 74
1770392023.297 74 79 78 78 87 85 89 81
1770392023.307 68 75 78 79 89 95 82 91
1770392023.317 75 77 77 85 86 89 82 83
1770392023.327 69 71 80 83 83 85 91 91
1770392023.337 73 72 71 75 81 86 90 74
1770392023.347 77 74 82 79 78 86 93 87
1770392023.357 77 71 73 81 89 91 94 88
1770392023.367 82 83 81 86 89 89 87 88
1770392023.377 75 78 80 84 83 89 91 81
1770392023.387 76 78 80 78 89 84 73 69
1770392023.398 74 73 79 74 87 89 81 76
1770392023.407 78 85 79 79 89 93 103 96
1770392023.417 78 71 78 75 83 85 87 74
1770392023.427 89 77 72 87 98 103 88 73
1770392023.437 73 79 73 73 84 91 88 79
1770392023.447 74 76 70 82 86 91 90 84
1770392023.457 76 79 81 83 87 87 88 81
1770392023.468 69 76 81 83 90 92 93 79
1770392023.478 72 73 85 92 80 85 90 86
1770392023.488 73 69 71 80 90 87 89 72
1770392023.497 80 71 75 81 92 103 102 81
1770392023.507 77 72 72 84 88 91 90 83
1770392023.517 80 63 72 88 100 94 82 83
1770392023.527 77 70 79 86 89 89 83 69
1770392023.537 73 68 69 69 83 93 87 83
1770392023.547 74 74 80 80 87 92 88 79
1770392023.558 78 72 74 84 96 101 91 74
1770392023.567 77 73 72 77 102 102 91 77
1770392023.578 77 72 74 81 94 93 82 68
1770392023.587 70 71 75 83 98 93 77 71
1770392023.597 67 69 77 81 87 89 89 81
1770392023.607 57 74 81 76 82 92 97 93
1770392023.618 70 73 80 88 94 88 88 76
1770392023.628 75 67 72 85 90 95 88 80
1770392023.637 71 71 77 77 88 93 88 72
1770392023.647 75 70 77 77 91 89 90 77
1770392023.657 62 64 79 99 100 94 93 88
1770392023.667 67 67 74 85 89 84 85 77
1770392023.677 72 72 78 81 90 91 87 78
1770392023.688 77 69 78 77 88 89 82 71
1770392023.698 72 77 66 75 94 92 80 80
1770392023.707 83 82 83 84 87 87 84 86
1770392023.717 67 66 72 79 93 90 84 83
1770392023.727 74 75 74 90 90 89 89 83
1770392023.737 67 79 88 89 83 80 92 78
1770392023.748 61 69 82 92 82 84 94 98
1770392023.758 62 65 74 81 94 88 92 86
1770392023.767 69 71 75 82 86 93 87 82
1770392023.777 72 78 76 85 88 89 87 80
1770392023.787 68 62 69 80 89 86 72 82
1770392023.797 83 77 85 92 94 88 86 74
1770392023.807 76 72 80 88 91 92 90 80
1770392023.818 75 74 75 76 87 90 94 80
1770392023.828 79 80 79 74 84 87 85 76
1770392023.837 72 85 88 82 85 97 104 79
1770392023.848 72 79 80 79 93 91 82 79
1770392023.857 73 75 74 84 94 94 85 80
1770392023.867 77 75 80 80 94 99 98 90
1770392023.877 65 71 83 90 79 88 95 91
1770392023.887 74 69 72 75 81 86 84 67
1770392023.897 78 74 72 79 85 91 83 72
1770392023.908 73 72 70 81 98 95 94 81
1770392023.918 78 76 78 79 88 83 78 78
1770392023.928 81 88 87 86 87 94 85 84
1770392023.937 77 75 80 82 89 87 88 81
1770392023.947 72 74 75 82 89 92 87 81
1770392023.957 79 76 78 87 100 93 88 68
1770392023.967 77 74 77 74 94 98 98 65
1770392023.977 80 78 83 83 89 91 99 77
1770392023.987 75 75 78 76 84 91 84 81
1770392023.997 74 66 76 85 96 100 92 76
1770392024.008 74 73 78 76 83 93 95 81
1770392024.018 71 78 83 92 87 91 87 88
1770392024.028 74 74 76 82 91 97 95 80
1770392024.037 70 65 68 84 85 85 84 80
1770392024.047 83 76 76 86 89 94 82 73
1770392024.057 79 58 64 81 98 96 82 82
1770392024.067 76 71 71 73 89 97 89 89
1770392024.077 72 73 74 80 87 85 83 76
1770392024.088 59 70 76 86 93 93 90 78
1770392024.098 79 74 73 77 91 97 94 68
1770392024.107 73 74 76 81 85 93 92 79
1770392024.117 74 77 74 86 91 97 89 76
1770392024.127 71 72 74 76 85 83 86 76
1770392024.138 74 71 81 84 91 90 84 80
1770392024.148 58 58 73 93 87 81 93 97
1770392024.158 70 67 70 74 88 95 98 94
1770392024.168 72 74 78 80 85 87 89 79
1770392024.178 69 76 76 82 90 91 85 88
1770392024.188 77 71 71 86 94 86 73 81
1770392024.198 69 76 77 76 86 86 79 84
1770392024.208 78 80 85 87 87 101 96 86
1770392024.218 74 76 74 80 81 86 86 89
1770392024.227 75 73 81 80 85 90 86 79
1770392024.237 75 77 76 71 76 83 81 74
1770392024.248 77 71 77 80 87 97 90 79
1770392024.258 77 78 77 74 79 90 87 79
1770392024.268 73 75 80 79 85 92 91 84
1770392024.277 73 78 80 82 81 84 84 78
1770392024.287 64 68 79 84 82 83 88 81
1770392024.297 73 74 76 80 89 99 97 81
1770392024.307 65 69 73 77 82 95 97 83
1770392024.317 77 80 81 79 89 91 90 84
1770392024.327 86 72 71 61 92 94 82 76
1770392024.337 69 69 70 78 91 92 88 79
1770392024.347 79 80 75 73 91 91 94 76
1770392024.358 82 76 79 82 91 94 86 83
1770392024.368 79 77 76 82 84 94 99 74
1770392024.378 65 77 78 82 85 90 92 88
1770392024.388 70 75 82 89 95 93 92 73
1770392024.398 72 76 77 85 90 92 90 74
1770392024.408 71 78 84 91 89 91 90 94
1770392024.418 63 67 81 88 89 85 86 89
1770392024.428 72 69 77 89 92 91 92 82
1770392024.437 77 68 74 75 86 91 81 75
1770392024.448 72 66 73 81 93 92 85 74
1770392024.458 82 71 68 78 112 98 88 82
1770392024.468 77 71 70 75 93 88 84 79
1770392024.478 77 71 72 79 93 95 92 86
1770392024.489 69 68 69 81 90 88 85 76
1770392024.498 74 72 77 82 99 100 87 73
1770392024.509 75 73 76 79 85 92 85 79
1770392024.519 67 70 84 85 83 85 82 82
1770392024.528 75 75 76 83 88 89 84 79
1770392024.539 63 62 68 75 87 86 81 77
1770392024.549 73 75 78 81 85 87 90 82
1770392024.558 56 62 75 81 82 85 84 93
1770392024.568 70 75 79 89 88 89 86 81
1770392024.578 78 82 85 78 86 85 84 76
1770392024.588 73 73 73 82 86 84 77 78
1770392024.598 80 76 70 73 92 90 78 71
1770392024.608 70 80 76 80 86 91 87 88
1770392024.618 70 72 76 79 88 92 91 89
1770392024.629 72 75 75 86 84 84 88 86
1770392024.639 82 84 77 78 92 98 88 69
1770392024.649 63 80 87 82 87 95 93 82
1770392024.659 68 71 82 84 88 91 98 91
1770392024.669 71 79 85 83 83 85 88 74
1770392024.679 76 73 80 82 92 87 92 80
1770392024.689 67 61 79 75 82 78 79 77
1770392024.698 75 74 75 75 88 89 86 75
1770392024.709 73 80 85 87 91 97 93 92
1770392024.719 77 74 74 82 85 92 90 86
1770392024.728 91 74 73 76 95 93 85 76
1770392024.738 79 75 73 75 86 87 84 73
1770392024.748 76 70 72 79 89 97 95 85
1770392024.758 82 75 83 88 91 94 89 79
1770392024.768 70 65 69 79 97 104 95 76
1770392024.778 74 84 85 76 87 93 96 74
1770392024.788 71 73 70 71 86 86 83 71
1770392024.799 79 73 70 78 90 94 90 70
1770392024.809 67 69 74 80 94 91 84 79
1770392024.818 73 75 84 87 90 85 90 81
1770392024.828 77 76 81 82 98 90 74 64
1770392024.839 76 72 69 74 92 92 84 76
1770392024.848 74 76 78 79 83 90 91 81
1770392024.859 69 75 70 80 91 93 91 87
1770392024.868 74 73 64 84 98 96 89 91
1770392024.878 62 61 68 84 92 95 88 85
1770392024.889 64 73 79 89 86 90 86 76
1770392024.899 63 69 74 82 82 82 84 74
1770392024.908 77 71 73 73 88 95 90 77
1770392024.918 72 71 73 86 91 89 81 74
1770392024.928 69 67 82 85 94 93 88 76
1770392024.939 74 79 84 82 85 83 82 72
1770392024.948 70 75 77 88 80 88 88 87
1770392024.958 64 61 82 95 90 88 88 91
1770392024.968 73 69 79 83 84 89 88 86
1770392024.978 71 69 79 88 87 89 89 81
1770392024.989 68 73 79 76 85 82 82 73
1770392024.999 75 65 72 79 86 88 83 94
1770392025.008 79 80 85 77 92 87 85 86
1770392025.018 72 70 75 82 87 90 92 80
1770392025.028 77 82 75 79 87 89 94 81
1770392025.038 78 75 74 73 93 93 81 73
1770392025.048 76 88 77 70 87 99 93 73
1770392025.058 72 76 76 75 81 87 89 86
1770392025.069 75 78 79 85 87 92 91 76
1770392025.079 72 75 72 88 94 96 93 76
1770392025.089 68 79 75 65 71 86 100 96
1770392025.098 77 76 81 84 86 86 87 79
1770392025.109 69 78 84 82 94 92 86 83
1770392025.119 73 70 77 82 91 92 94 88
1770392025.129 80 76 70 70 85 86 90 74
1770392025.139 75 76 73 79 82 89 95 80
1770392025.149 76 69 76 77 82 91 88 82
1770392025.158 75 74 80 84 91 94 94 91
1770392025.168 77 74 75 87 100 96 90 75
1770392025.178 80 67 67 69 95 99 96 78
1770392025.188 80 71 74 79 89 88 94 77
1770392025.198 68 69 76 80 91 91 84 77
1770392025.208 75 68 76 88 98 98 90 84
1770392025.218 77 71 74 76 87 95 89 68
1770392025.229 67 78 74 87 96 94 98 82
1770392025.239 75 75 78 82 88 88 88 73
1770392025.249 67 69 77 78 86 86 78 82
1770392025.258 78 78 76 89 92 94 86 81
1770392025.268 64 56 72 95 104 85 82 82
1770392025.278 74 73 70 84 98 91 95 85
1770392025.289 69 73 75 79 92 90 90 79
1770392025.299 60 64 75 89 95 92 86 78
1770392025.309 77 74 74 81 94 90 79 70
1770392025.318 80 83 77 71 83 100 88 79
1770392025.328 76 76 73 81 86 89 89 81
1770392025.338 63 63 74 79 82 85 84 83
1770392025.348 73 75 81 94 94 90 84 78
1770392025.359 52 68 92 98 85 90 96 98
1770392025.369 72 74 82 82 87 88 88 89
1770392025.379 73 78 78 83 83 85 91 85
1770392025.389 60 71 81 84 93 87 84 77
1770392025.399 64 69 81 84 88 86 84 80
1770392025.408 63 71 74 84 92 88 86 89
1770392025.419 72 77 77 83 86 87 82 72
1770392025.428 68 72 81 78 81 86 87 85
1770392025.438 69 75 82 86 89 85 90 76
1770392025.448 73 67 74 85 89 88 90 70
1770392025.459 80 76 76 81 92 91 93 82
1770392025.469 73 79 80 75 88 92 92 84
1770392025.479 70 78 77 86 94 91 92 79
1770392025.489 68 78 77 76 89 95 96 75
1770392025.498 69 71 75 82 82 85 91 88
1770392025.508 79 73 73 74 88 98 90 87
1770392025.518 74 76 78 67 85 93 93 83
1770392025.528 75 77 79 87 82 87 87 82
1770392025.539 73 65 76 72 84 83 74 69
1770392025.549 77 77 74 82 96 97 91 87
1770392025.558 80 77 73 82 87 94 94 78
1770392025.568 71 69 74 83 84 90 88 80
1770392025.578 82 79 78 76 87 97 94 82
1770392025.588 66 70 72 72 80 93 92 81
1770392025.599 78 66 75 79 101 98 91 72
1770392025.609 74 74 73 76 89 95 91 86
1770392025.619 78 74 69 80 88 87 91 76
1770392025.628 72 70 78 88 87 87 89 78
1770392025.638 57 55 70 85 99 95 84 78
1770392025.648 73 68 75 81 95 91 85 67
1770392025.659 74 69 75 80 92 92 84 81
1770392025.669 84 77 77 86 99 96 81 66
1770392025.679 72 69 66 73 95 85 77 64
1770392025.688 75 74 75 83 95 91 79 76
1770392025.698 75 73 77 86 85 86 78 77
1770392025.708 76 67 74 94 93 97 91 79
1770392025.719 80 81 78 78 88 96 96 79
1770392025.729 70 68 72 84 95 88 94 83
1770392025.739 73 69 77 81 93 86 85 75
1770392025.749 68 67 76 76 86 88 84 78
1770392025.759 76 75 82 82 89 95 87 76
1770392025.769 61 67 88 88 80 75 84 88
1770392025.779 73 73 80 87 87 87 92 85
1770392025.788 70 75 85 81 87 78 82 66
1770392025.798 63 71 80 81 84 90 95 88
1770392025.808 82 74 76 89 93 87 83 74
1770392025.819 74 73 76 78 88 94 93 82
1770392025.829 66 71 80 86 92 88 90 81
1770392025.838 65 67 74 79 84 84 81 81
1770392025.848 81 82 77 75 91 96 91 77
1770392025.858 70 72 82 69 72 87 89 88
1770392025.869 72 70 76 73 89 86 91 80
1770392025.879 74 79 86 79 83 87 90 82
1770392025.889 71 70 71 79 88 91 87 76
1770392025.899 72 63 76 89 79 82 90 91
1770392025.909 75 71 77 78 84 87 88 80
1770392025.919 74 78 80 81 86 92 101 81
1770392025.929 69 79 82 81 86 92 88 73
1770392025.938 79 76 71 85 94 94 87 69
1770392025.948 77 74 65 74 93 99 84 69
1770392025.959 73 65 75 80 91 95 90 84
1770392025.969 79 83 72 79 84 89 85 76
1770392025.979 81 69 75 79 89 91 90 88
1770392025.989 72 81 80 75 83 93 93 71
1770392025.999 82 75 70 68 82 88 86 79
1770392026.009 83 78 76 89 95 98 96 84
1770392026.018 72 75 80 85 86 94 86 76
1770392026.028 77 74 82 79 83 91 86 88
1770392026.038 68 68 71 77 87 91 83 65
1770392026.048 70 64 61 77 94 93 89 74
1770392026.059 72 71 73 86 90 94 90 83
1770392026.069 68 63 71 84 94 97 92 78
1770392026.079 73 66 66 79 92 90 89 74
1770392026.089 75 69 65 72 82 82 78 60
1770392026.099 77 74 79 84 98 94 88 81
1770392026.108 75 71 77 81 90 86 84 79
1770392026.119 72 77 76 75 85 90 97 79
1770392026.129 70 84 84 83 80 85 86 79
1770392026.139 66 74 78 86 95 91 93 79
1770392026.149 73 75 74 77 84 86 85 84
1770392026.159 69 76 77 86 85 91 90 78
1770392026.168 60 59 78 97 89 88 84 93
1770392026.179 75 64 66 74 85 83 84 79
1770392026.189 71 69 68 79 90 87 90 75
1770392026.199 71 76 74 82 87 87 89 76
1770392026.209 72 76 76 80 89 89 83 84
1770392026.219 76 76 76 80 83 89 82 70
1770392026.228 67 71 78 84 88 91 93 86
1770392026.238 75 72 76 88 88 91 93 73
1770392026.249 76 72 79 83 79 85 85 73
1770392026.259 67 79 92 82 80 92 108 91
1770392026.269 74 75 76 87 80 87 91 80
1770392026.279 71 69 74 77 88 90 96 82
1770392026.288 75 73 74 71 84 97 91 79
1770392026.298 64 71 81 81 85 82 94 96
1770392026.309 73 80 83 84 80 87 88 90
1770392026.318 76 76 75 84 90 93 87 76
1770392026.329 71 74 75 88 87 89 91 81
1770392026.339 78 75 78 75 88 90 88 69
1770392026.349 74 72 71 83 93 96 96 84
1770392026.359 82 77 77 86 98 95 92 77
1770392026.368 67 72 76 84 95 90 87 81
1770392026.379 84 80 81 84 91 96 103 81
1770392026.389 75 74 69 68 84 98 96 81
1770392026.398 63 68 75 75 75 94 90 75
1770392026.409 75 71 72 79 84 92 90 84
1770392026.419 77 71 73 84 95 92 91 81
1770392026.429 85 76 73 77 85 91 91 72
1770392026.439 81 68 73 88 92 83 82 80
1770392026.449 77 72 71 84 102 95 93 77
1770392026.459 72 74 74 75 90 90 88 80
1770392026.469 77 72 77 85 93 91 88 66
1770392026.478 80 73 69 67 91 104 82 78
1770392026.488 67 76 70 66 80 95 91 70
1770392026.499 68 72 74 82 86 91 91 75
1770392026.509 69 71 67 78 96 99 94 87
1770392026.519 73 71 71 80 89 95 86 72
1770392026.529 64 78 82 76 79 79 86 86
1770392026.539 69 75 75 82 89 92 82 82
1770392026.548 69 69 68 82 89 90 86 80
1770392026.559 82 80 80 88 98 96 88 79
1770392026.569 74 67 77 86 98 88 84 88
1770392026.579 77 62 74 89 98 88 82 74
1770392026.589 70 76 76 80 82 83 82 74
1770392026.599 59 61 77 88 89 94 87 91
1770392026.609 73 76 77 78 93 91 84 84
1770392026.619 75 77 72 79 101 96 82 76
1770392026.628 68 71 75 77 90 91 85 75
1770392026.638 69 76 83 79 82 87 80 80
1770392026.649 77 71 83 86 92 90 86 79
1770392026.659 67 73 78 91 94 91 91 84
1770392026.669 68 74 80 81 85 90 96 87
1770392026.679 90 89 79 75 84 85 86 74
1770392026.688 60 71 75 87 93 89 82 79
1770392026.698 68 78 78 84 93 89 81 78
1770392026.709 59 59 72 88 91 91 88 97
1770392026.719 86 82 79 87 93 101 99 89
1770392026.729 69 74 74 81 82 87 89 89
1770392026.739 66 71 73 78 90 91 87 81
1770392026.749 79 75 78 74 85 90 82 76
1770392026.759 78 81 76 77 82 100 94 84
1770392026.768 78 78 78 84 92 87 87 79
1770392026.778 72 76 78 79 91 92 92 83
1770392026.789 72 72 73 80 90 91 91 79
1770392026.798 63 71 86 88 83 83 90 85
1770392026.809 73 75 87 90 98 97 99 81
1770392026.819 72 77 78 76 85 92 90 86
1770392026.829 71 70 75 72 87 88 87 83
1770392026.839 83 77 75 80 92 92 84 81
1770392026.849 73 59 62 77 102 103 97 79
1770392026.859 77 78 75 82 90 95 96 79
1770392026.869 70 69 72 77 88 91 83 77
1770392026.878 83 78 79 82 87 98 95 82
1770392026.889 69 72 66 80 84 101 94 63
1770392026.899 86 74 75 78 90 93 94 81
1770392026.909 79 77 75 79 90 92 91 81
1770392026.918 72 70 69 77 91 96 92 80
1770392026.929 72 75 78 79 83 89 95 80
1770392026.939 74 65 62 75 89 98 96 82
1770392026.949 77 69 76 76 89 93 90 69
1770392026.959 79 67 73 74 87 93 86 80
1770392026.969 70 70 78 80 90 88 87 88
1770392026.979 65 60 72 79 84 80 82 77
1770392026.989 78 69 70 85 93 89 86 74
1770392026.999 77 72 80 86 91 90 79 67
1770392027.008 69 63 71 81 97 94 86 64
1770392027.019 87 78 82 87 92 91 83 71
1770392027.029 64 79 73 71 92 92 88 74
1770392027.039 68 67 73 77 89 93 87 75
1770392027.049 65 63 69 74 87 89 86 71
1770392027.059 78 70 76 88 97 96 88 72
1770392027.069 64 71 80 86 86 74 89 87
1770392027.079 70 69 74 75 89 87 86 86
1770392027.089 77 78 77 81 89 82 86 78
1770392027.099 72 79 78 79 88 93 94 83
1770392027.109 73 75 82 89 92 86 82 86
1770392027.119 68 70 67 77 89 89 82 81
1770392027.129 71 70 82 85 91 93 85 88
1770392027.139 62 68 80 81 79 80 85 80
1770392027.149 68 77 80 79 87 91 94 82
1770392027.159 68 80 82 74 82 95 94 70
1770392027.169 69 67 73 68 82 82 94 87
1770392027.179 71 75 79 81 90 91 95 82
1770392027.189 72 75 73 76 87 98 91 74
1770392027.199 72 74 79 86 86 92 98 90
1770392027.209 76 78 79 72 79 91 91 94
1770392027.219 76 85 76 80 81 88 95 83
1770392027.229 70 73 76 85 88 89 87 75
1770392027.239 74 77 76 79 84 94 87 79
1770392027.249 76 70 74 81 92 98 90 83
1770392027.259 77 70 68 71 81 97 93 89
1770392027.269 72 76 80 83 88 89 88 75
1770392027.279 70 70 67 75 90 89 89 76
1770392027.289 73 66 69 79 95 94 85 83
1770392027.299 68 68 70 68 91 101 79 63
1770392027.309 81 77 80 81 93 99 95 78
1770392027.319 74 69 77 82 88 87 84 77
1770392027.329 73 69 77 85 85 88 82 81
1770392027.340 70 73 85 82 88 88 84 74
1770392027.349 72 63 71 74 91 96 89 85
1770392027.359 72 72 81 88 91 93 86 79
1770392027.368 72 67 72 76 90 95 92 79
1770392027.379 71 66 71 88 95 97 87 77
1770392027.389 72 63 66 83 90 94 80 54
1770392027.399 72 73 73 78 83 87 87 77
1770392027.409 75 75 80 79 87 97 88 83
1770392027.419 68 73 74 79 87 86 82 81
1770392027.429 69 80 75 79 93 95 83 73
1770392027.439 62 68 76 81 86 85 87 78
1770392027.449 73 71 78 84 93 97 96 89
1770392027.459 78 78 82 78 85 93 92 87
1770392027.469 56 64 89 90 89 95 99 94
1770392027.478 58 58 70 82 78 79 77 88
1770392027.489 68 68 70 74 82 92 88 86
1770392027.499 69 73 72 79 82 92 90 79
1770392027.509 63 70 77 78 84 86 79 92
1770392027.519 79 71 76 91 96 87 78 76
1770392027.529 76 66 79 81 85 88 86 84
1770392027.539 73 73 75 74 87 90 86 69
1770392027.550 73 80 77 85 86 89 83 78
1770392027.559 73 82 79 85 90 91 92 99
1770392027.569 70 73 75 74 82 92 91 79
1770392027.579 69 72 77 79 85 88 89 81
1770392027.589 72 76 74 88 90 97 94 76
1770392027.599 70 70 76 72 80 86 91 85
1770392027.609 68 69 83 83 79 88 92 92
1770392027.620 77 69 78 76 89 90 94 82
1770392027.630 75 75 78 86 93 92 87 77
1770392027.639 73 75 76 78 84 91 90 65
1770392027.649 75 71 78 88 95 94 85 78
1770392027.659 82 74 71 79 95 91 84 72
1770392027.669 64 67 81 82 91 88 86 83
1770392027.679 70 74 74 79 100 97 94 72
1770392027.689 71 67 67 73 84 95 84 78
1770392027.699 73 74 72 68 82 96 89 72
1770392027.709 76 73 77 80 87 89 89 82
1770392027.720 68 67 71 85 95 92 88 80
1770392027.729 76 71 73 83 92 87 83 71
1770392027.740 73 71 70 84 82 85 86 83
1770392027.750 74 67 78 78 89 87 83 79
1770392027.760 72 70 71 80 90 86 82 81
1770392027.770 68 71 76 93 93 91 85 77
1770392027.779 68 64 72 85 92 94 84 83
1770392027.789 70 58 64 78 101 92 79 66
1770392027.799 72 69 69 76 91 88 89 75
1770392027.809 73 69 74 87 88 92 82 81
1770392027.820 76 73 75 80 83 88 80 70
1770392027.830 77 69 69 72 85 96 88 70
1770392027.839 69 66 72 69 81 91 89 77
1770392027.849 69 76 78 79 85 84 91 83
1770392027.859 76 76 76 86 90 89 94 88
1770392027.869 71 71 77 85 91 89 88 77
1770392027.879 64 63 75 81 85 85 96 90
1770392027.889 71 80 87 81 83 83 84 85
1770392027.900 69 72 78 85 91 92 86 83
1770392027.909 72 72 78 86 93 86 86 84
1770392027.919 65 69 77 88 82 83 81 92
1770392027.929 85 73 79 84 96 94 78 81
1770392027.939 79 79 79 74 79 84 86 81
1770392027.949 72 76 82 80 88 91 92 81
1770392027.959 79 76 85 78 85 90 85 81
1770392027.970 72 88 80 79 78 97 99 72
1770392027.980 77 86 83 83 88 95 93 83
1770392027.989 66 77 73 84 85 86 96 77
1770392028.000 68 76 76 82 89 90 92 91
1770392028.009 71 68 78 90 91 91 100 95
1770392028.019 72 66 76 88 96 94 105 93
1770392028.029 72 75 72 73 89 89 95 88
1770392028.039 73 72 72 75 86 82 88 80
1770392028.049 76 87 78 74 79 82 81 79
1770392028.059 78 68 70 78 104 100 87 82
1770392028.069 77 80 75 86 93 91 93 75
1770392028.080 71 78 75 81 86 89 89 77
1770392028.090 74 74 74 80 83 94 91 84
1770392028.099 73 76 81 72 93 91 95 81
1770392028.109 73 79 77 78 91 105 103 83
1770392028.119 75 76 72 78 86 88 89 75
1770392028.129 70 74 79 75 81 94 87 88
1770392028.140 67 68 73 80 91 86 86 72
1770392028.150 66 68 73 78 98 93 98 88
1770392028.159 72 82 82 84 90 100 93 86
1770392028.169 74 69 63 65 84 89 85 72
1770392028.180 83 75 74 77 87 99 96 88
1770392028.189 72 67 74 76 93 87 83 69
1770392028.199 87 72 74 85 99 95 87 72
1770392028.209 80 77 82 83 93 94 87 80
1770392028.219 74 69 76 76 93 95 94 77
1770392028.230 75 77 75 82 87 87 89 76
1770392028.240 68 70 70 74 88 91 90 73
1770392028.249 69 71 73 80 91 91 88 83
1770392028.259 74 72 74 81 87 87 87 75
1770392028.269 77 71 80 78 85 91 86 83
1770392028.279 66 74 80 83 85 89 91 83
1770392028.289 57 60 73 83 87 88 91 88
1770392028.300 70 71 79 84 90 86 86 81
1770392028.310 66 66 77 83 91 89 89 91
1770392028.319 76 71 77 74 88 91 91 82
1770392028.329 70 64 73 88 98 86 81 67
1770392028.339 67 72 78 79 97 94 89 81
1770392028.349 65 71 78 76 83 80 85 80
1770392028.359 83 79 74 81 90 97 90 84
1770392028.369 81 77 72 78 88 97 90 75
1770392028.379 66 77 75 80 82 88 92 84
1770392028.389 68 73 83 85 85 84 89 78
1770392028.399 74 71 76 77 88 88 94 81
1770392028.409 76 75 75 88 93 92 95 81
1770392028.420 69 81 78 79 81 88 90 84
1770392028.430 72 76 75 85 91 91 92 79
1770392028.440 73 71 75 82 86 87 87 76
1770392028.449 77 75 73 84 82 92 92 75
1770392028.460 72 76 76 83 88 95 90 84
1770392028.470 75 67 66 77 88 91 92 79
1770392028.480 78 81 84 85 87 95 93 76
1770392028.490 69 70 73 74 88 90 87 84
1770392028.499 68 71 74 86 92 94 93 83
1770392028.509 87 84 69 71 90 93 90 68
1770392028.519 81 79 83 87 83 95 95 78
1770392028.529 73 74 74 89 85 92 87 72
1770392028.539 75 74 78 81 85 93 80 78
1770392028.549 72 69 77 86 89 92 96 83
1770392028.560 67 72 74 89 95 94 101 96
1770392028.570 67 66 71 74 87 94 95 84
1770392028.580 75 72 73 79 82 93 87 70
1770392028.589 73 65 72 83 92 92 89 80
1770392028.600 84 59 59 81 98 89 77 74
1770392028.609 70 73 78 76 98 99 90 87
1770392028.619 75 74 75 75 96 93 86 75
1770392028.630 68 66 75 78 92 90 86 77
1770392028.640 82 78 74 81 93 95 88 64
1770392028.650 62 61 65 79 91 104 102 90
1770392028.660 77 69 72 86 88 92 85 80
1770392028.670 77 64 74 81 82 89 84 70
1770392028.680 60 67 79 93 82 93 92 82
1770392028.690 54 50 66 88 90 89 86 84
1770392028.700 69 64 75 80 87 95 87 76
1770392028.710 74 73 78 80 87 89 86 76
1770392028.721 66 69 76 77 87 93 89 83
1770392028.730 70 67 78 102 93 84 79 70
1770392028.740 62 64 77 87 90 89 87 74
1770392028.750 74 77 73 77 90 100 90 82
1770392028.760 73 82 79 75 80 85 81 81
1770392028.770 56 75 79 91 87 91 94 89
1770392028.780 59 68 70 75 81 95 94 92
1770392028.790 65 71 74 73 80 95 97 83
1770392028.801 64 71 78 78 84 94 93 77
1770392028.810 61 67 72 78 82 91 94 84
1770392028.820 69 79 89 80 82 83 90 77
1770392028.830 70 68 75 91 89 92 86 79
1770392028.840 77 74 72 84 85 93 90 79
1770392028.850 80 83 79 76 83 94 93 88
1770392028.861 68 79 83 86 94 94 94 88
1770392028.870 88 79 70 82 93 96 89 66
1770392028.880 70 71 78 82 89 91 88 81
1770392028.890 74 79 77 81 92 99 96 80
1770392028.900 67 69 70 74 85 91 96 88
1770392028.910 77 81 76 74 82 97 98 75
1770392028.921 74 75 76 83 83 91 91 78
1770392028.930 69 71 73 77 83 92 96 87
1770392028.940 82 77 73 77 91 92 89 68
1770392028.950 68 82 82 88 91 97 98 78
1770392028.960 72 63 76 94 89 88 90 86
1770392028.970 74 60 67 82 86 85 89 88
1770392028.981 74 74 73 82 97 94 100 78
1770392028.991 63 70 73 78 92 93 86 80
1770392029.000 70 75 70 87 97 92 83 78
1770392029.011 74 70 74 87 94 95 92 75
1770392029.021 78 64 68 82 93 102 94 81
1770392029.030 74 68 77 82 86 92 90 70
1770392029.040 73 72 77 80 89 92 88 76
1770392029.050 77 73 75 83 87 93 93 75
1770392029.060 70 71 71 78 84 82 85 74
1770392029.070 73 76 79 89 87 91 87 80
1770392029.080 67 67 72 88 92 94 87 78
1770392029.091 67 75 78 89 93 91 88 82
1770392029.100 80 75 83 97 88 86 81 76
1770392029.110 67 67 79 87 95 96 89 81
1770392029.120 64 68 77 81 89 91 85 79
1770392029.130 65 72 76 88 98 93 87 75
1770392029.141 78 72 66 81 91 91 85 74
1770392029.151 72 71 80 76 86 88 92 90
1770392029.160 76 73 85 86 91 92 86 86
1770392029.170 76 74 78 85 89 92 86 81
1770392029.180 80 78 76 80 87 95 94 71
1770392029.190 63 77 76 81 78 85 82 79
1770392029.200 68 76 80 92 90 91 94 83
1770392029.211 67 71 77 89 85 89 87 76
1770392029.220 64 67 77 82 86 85 87 83
1770392029.230 71 64 78 93 88 92 86 79
1770392029.240 78 72 73 76 81 87 91 77
1770392029.250 73 75 81 84 89 93 89 78
1770392029.261 78 76 83 83 89 84 91 82
1770392029.271 81 72 65 83 105 103 88 83
1770392029.281 79 81 70 77 94 92 85 69
1770392029.290 72 78 77 78 87 93 91 81
1770392029.300 70 73 81 85 90 91 94 80
1770392029.310 75 73 79 88 90 100 98 82
1770392029.321 73 70 75 86 91 98 97 75
1770392029.331 74 72 71 73 85 96 92 74
1770392029.341 74 71 73 78 89 91 88 74
1770392029.350 75 71 78 91 91 90 84 80
1770392029.360 65 70 65 75 91 96 94 91
1770392029.370 70 70 78 87 89 90 86 76
1770392029.380 63 70 68 83 87 88 89 74
1770392029.390 78 78 76 84 94 92 94 71
1770392029.400 68 65 70 91 90 85 86 75
1770392029.410 77 73 69 92 95 99 98 69
1770392029.421 80 81 77 84 93 93 87 81
1770392029.431 79 77 70 82 98 94 97 80
1770392029.441 79 79 78 73 89 94 85 74
1770392029.451 72 73 71 84 90 99 94 70
1770392029.461 68 78 83 94 92 95 84 73
1770392029.471 67 66 75 76 86 90 83 75
1770392029.480 70 75 80 82 83 87 83 72
1770392029.490 65 65 74 84 88 79 88 84
1770392029.500 69 62 73 97 96 88 87 88
1770392029.510 68 72 76 91 92 86 86 80
1770392029.520 60 61 74 82 94 100 92 84
1770392029.530 75 74 84 83 87 89 84 81
1770392029.541 70 67 75 84 93 96 78 68
1770392029.550 77 75 79 87 89 96 88 80
1770392029.561 62 72 78 84 85 86 84 91
1770392029.571 68 71 72 82 85 91 87 83
1770392029.581 80 80 77 71 80 93 100 82
1770392029.591 64 75 79 72 81 87 91 82
1770392029.601 74 70 79 87 85 87 84 76
1770392029.610 73 66 75 89 89 91 84 81
1770392029.620 75 75 77 80 85 88 84 84
1770392029.631 60 65 84 88 78 83 85 85
1770392029.641 67 77 79 84 86 86 95 89
1770392029.650 67 73 85 93 87 90 87 79
1770392029.661 79 78 76 86 93 97 99 91
1770392029.671 77 78 74 81 91 90 88 79
1770392029.681 77 75 66 75 87 90 88 80
1770392029.690 95 86 81 84 89 89 87 75
1770392029.700 75 70 79 85 95 97 95 78
1770392029.710 75 77 78 92 93 98 93 77
1770392029.720 79 82 73 61 85 96 93 66
1770392029.731 70 84 85 84 90 100 101 86
1770392029.741 73 76 82 89 88 89 87 77
1770392029.751 75 74 79 85 96 96 93 81
1770392029.760 77 76 83 88 91 93 97 68
1770392029.770 63 62 71 83 93 100 95 84
1770392029.781 72 66 71 76 89 96 91 86
1770392029.790 70 68 73 75 86 94 90 82
1770392029.800 69 70 76 79 86 90 92 76
1770392029.810 83 65 63 79 90 94 77 69
1770392029.820 86 86 79 87 98 103 88 74
1770392029.830 68 71 76 86 87 83 86 71
1770392029.840 70 64 73 82 90 82 90 78
1770392029.850 75 81 78 75 87 99 86 79
1770392029.860 69 75 74 77 80 91 95 79
1770392029.870 70 74 76 83 84 91 87 76
1770392029.880 71 70 77 81 90 94 84 71
1770392029.890 70 68 77 84 97 99 88 80
1770392029.900 66 63 81 87 86 80 86 98
1770392029.910 71 72 81 86 92 91 87 85
1770392029.921 78 72 75 80 88 89 88 83
1770392029.931 73 67 70 81 86 86 84 87
1770392029.941 73 71 75 91 97 87 76 71
1770392029.950 65 66 71 77 93 86 90 88
1770392029.960 71 76 83 88 94 93 96 84
1770392029.970 70 75 82 84 80 79 83 71
1770392029.981 67 64 70 80 83 83 86 85
1770392029.991 71 73 73 76 80 86 91 86
1770392030.001 74 83 79 77 81 92 90 87
1770392030.011 76 80 82 81 90 94 88 86
1770392030.021 69 74 74 86 80 84 85 89
1770392030.030 77 80 88 91 85 83 86 80
1770392030.041 63 67 81 87 81 81 79 86
1770392030.051 73 72 73 80 87 90 91 87
1770392030.061 73 84 81 82 82 92 87 86
1770392030.071 67 79 78 79 93 93 90 86
1770392030.081 79 69 68 81 100 87 81 82
1770392030.091 84 73 73 75 85 89 85 74
1770392030.101 78 78 79 84 88 94 91 85
1770392030.111 71 76 74 73 84 93 92 86
1770392030.121 79 84 77 76 83 90 90 75
1770392030.131 65 78 74 68 80 92 91 75
1770392030.141 63 71 72 74 91 94 91 79
1770392030.150 79 76 76 83 90 89 92 81
1770392030.160 78 72 72 78 93 95 100 87
1770392030.170 62 60 81 87 82 87 89 89
1770392030.181 74 70 75 84 89 88 87 75
1770392030.191 75 73 79 82 88 91 90 77
1770392030.200 67 72 73 77 87 93 88 78
1770392030.210 81 76 75 80 97 100 91 83
1770392030.220 76 73 74 78 92 91 82 70
1770392030.231 74 68 69 78 89 94 89 80
1770392030.241 83 74 67 72 85 96 88 68
1770392030.251 79 75 78 77 88 93 90 81
1770392030.261 76 76 77 78 84 96 93 75
1770392030.271 76 73 77 72 88 86 81 69
1770392030.280 75 73 74 81 94 93 87 78
1770392030.291 73 71 73 84 92 94 89 81
1770392030.301 75 77 79 82 87 88 89 77
1770392030.311 67 69 78 88 90 80 81 75
1770392030.321 71 74 81 90 101 94 84 70
1770392030.331 71 73 78 84 93 85 78 67
1770392030.340 71 71 78 78 86 90 88 67
1770392030.350 77 70 71 85 93 92 84 76
1770392030.361 64 67 65 80 88 79 82 84
1770392030.371 71 75 80 88 96 88 83 78
1770392030.381 70 66 73 81 91 86 88 83
1770392030.391 73 68 74 72 82 94 93 75
1770392030.401 72 73 80 79 82 91 94 71
1770392030.411 69 66 75 86 89 89 90 79
1770392030.421 75 75 81 79 91 92 88 78
1770392030.431 69 66 76 74 87 85 86 86
1770392030.441 71 73 84 82 81 82 87 92
1770392030.451 65 69 72 81 85 96 96 93
1770392030.461 72 72 77 87 90 93 90 88
1770392030.471 77 76 76 84 85 82 85 78
1770392030.481 78 74 75 75 91 88 85 77
1770392030.492 76 72 69 62 85 86 72 72
1770392030.501 72 74 74 79 87 90 91 76
1770392030.511 72 74 82 89 91 92 96 79
1770392030.521 76 75 80 85 93 94 90 80
1770392030.530 69 84 86 80 90 103 91 84
1770392030.540 73 81 79 78 83 87 87 80
1770392030.550 72 81 76 84 86 92 86 83
1770392030.560 82 82 81 87 91 96 90 81
1770392030.570 82 72 68 65 85 99 93 77
1770392030.580 71 73 81 80 75 83 89 77
1770392030.591 67 78 77 76 80 86 84 76
1770392030.601 75 75 81 86 91 96 96 73
1770392030.611 72 67 74 86 87 93 89 81
1770392030.621 81 69 69 84 96 97 88 85
1770392030.631 81 77 69 77 94 90 88 69
1770392030.641 75 75 73 76 94 95 94 76
1770392030.651 78 73 75 78 89 88 92 78
1770392030.661 74 68 73 79 94 99 97 81
1770392030.671 73 81 80 75 83 95 89 74
1770392030.681 68 69 72 75 86 91 82 80
1770392030.691 72 72 78 80 92 98 90 81
1770392030.701 71 67 73 78 82 86 76 82
1770392030.712 60 62 81 95 94 89 86 90
1770392030.721 77 72 82 90 95 86 77 66
1770392030.730 77 63 73 80 89 90 93 79
1770392030.740 75 75 77 84 83 80 87 77
1770392030.750 72 72 71 88 93 92 88 80
1770392030.761 80 73 68 86 94 97 91 75
1770392030.771 73 68 74 78 88 88 89 78
1770392030.780 74 76 77 78 86 92 92 84
1770392030.791 70 73 74 85 82 86 83 82
1770392030.801 71 75 75 73 75 95 96 91
1770392030.810 73 76 85 87 91 88 96 81
1770392030.820 77 71 75 81 86 89 92 83
1770392030.831 73 78 77 85 86 88 89 81
1770392030.841 72 76 81 89 89 83 87 81
1770392030.851 68 74 83 85 93 90 84 84
1770392030.861 63 73 78 84 92 92 86 84
1770392030.871 76 74 82 78 88 95 96 86
1770392030.881 73 73 79 79 86 86 91 76
1770392030.891 77 76 70 73 81 91 88 80
1770392030.901 78 89 84 83 87 86 82 71
1770392030.911 75 78 73 79 90 93 88 79
1770392030.920 75 80 76 86 91 91 84 82
1770392030.930 82 83 77 78 82 89 87 73
1770392030.940 69 79 82 81 89 88 101 82
1770392030.951 82 79 76 84 87 89 93 84
1770392030.961 79 74 76 81 90 93 98 88
1770392030.971 73 74 78 81 90 95 91 75
1770392030.980 68 60 65 81 84 87 91 89
1770392030.991 83 78 81 78 91 90 89 81
1770392031.001 73 70 74 75 89 91 91 81
1770392031.011 74 70 74 85 91 94 94 82
1770392031.021 89 75 72 80 95 94 85 69
1770392031.031 83 79 74 72 92 101 95 69
1770392031.040 70 69 72 83 85 87 89 76
1770392031.051 71 66 73 89 86 88 84 71
1770392031.061 77 73 77 83 96 95 86 84
1770392031.071 61 79 75 62 84 92 107 95
1770392031.081 69 74 82 84 86 84 88 77
1770392031.091 67 72 76 77 87 88 86 75
1770392031.101 68 75 74 86 97 97 86 81
1770392031.111 77 68 71 82 88 85 86 82
1770392031.121 70 71 80 87 92 86 82 74
1770392031.131 75 76 83 86 90 85 87 74
1770392031.141 62 63 74 85 89 88 86 74
1770392031.151 72 73 81 90 94 98 88 79
1770392031.161 69 59 67 78 96 94 82 78
1770392031.170 83 78 79 84 92 90 86 86
1770392031.180 76 77 76 85 90 85 80 81
1770392031.191 66 73 78 82 95 96 89 91
1770392031.201 70 71 77 74 80 84 83 78
1770392031.211 65 75 85 84 82 86 97 83
1770392031.221 70 70 78 88 89 90 87 74
1770392031.231 63 67 73 82 81 80 89 78
1770392031.241 64 76 89 87 83 84 85 80
1770392031.251 70 67 74 91 96 86 89 83
1770392031.261 77 75 77 92 96 91 92 76
1770392031.271 75 81 88 82 85 90 90 80
1770392031.281 70 76 77 84 87 93 93 89
1770392031.291 68 72 68 73 93 91 84 83
1770392031.301 72 73 68 74 86 92 79 82
1770392031.311 82 81 81 81 88 96 97 86
1770392031.321 74 74 78 74 82 86 94 84
1770392031.331 74 76 79 79 87 89 86 81
1770392031.341 66 77 86 73 75 87 94 82
1770392031.351 65 71 80 85 89 96 90 77
1770392031.361 84 82 79 75 85 94 89 81
1770392031.371 69 77 74 84 86 95 95 87
1770392031.381 75 74 78 89 89 90 88 84
1770392031.391 76 68 67 86 94 95 88 79
1770392031.401 78 80 76 84 92 95 89 76
1770392031.411 67 71 68 75 86 97 93 89
1770392031.421 69 71 76 80 89 92 93 81
1770392031.430 75 75 70 77 98 95 88 70
1770392031.441 68 67 72 75 94 94 92 81
1770392031.451 73 75 73 73 83 95 90 76
1770392031.461 76 73 77 84 94 100 98 87
1770392031.470 77 73 78 82 91 99 98 78
1770392031.481 60 71 80 69 84 91 82 75
1770392031.490 75 75 76 71 95 94 92 81
1770392031.501 69 64 66 82 93 93 90 73
1770392031.510 78 68 75 85 96 95 92 78
1770392031.521 73 67 72 77 88 90 88 86
1770392031.530 70 60 63 84 93 95 95 84
1770392031.540 78 69 74 83 87 87 78 70
1770392031.551 73 71 77 83 85 89 91 83
1770392031.560 77 71 77 82 94 96 81 79
1770392031.570 63 77 78 72 84 91 81 75
1770392031.581 67 68 77 84 92 86 84 82
1770392031.591 66 64 71 79 87 90 85 76
1770392031.601 66 65 82 87 92 93 86 83
1770392031.611 70 81 85 82 78 85 96 77
1770392031.620 54 63 82 84 86 88 88 85
1770392031.631 67 71 79 82 86 89 87 80
1770392031.640 68 67 73 80 81 81 87 88
1770392031.650 73 72 75 86 89 85 84 84
1770392031.660 78 71 73 77 89 77 82 87
1770392031.670 70 68 74 80 89 90 91 81
1770392031.680 72 73 81 78 78 82 87 79
1770392031.690 70 75 79 81 89 88 90 74
1770392031.700 81 84 70 65 88 88 93 75
1770392031.711 73 77 79 76 96 92 91 85
1770392031.720 75 81 77 78 90 87 95 83
1770392031.731 70 69 73 76 85 87 85 74
1770392031.741 71 78 79 76 85 97 100 78
1770392031.751 69 75 75 75 83 88 88 77
1770392031.761 78 73 73 82 89 90 96 83
1770392031.771 78 78 78 77 88 88 94 79
1770392031.781 65 69 77 80 98 98 90 76
1770392031.790 79 70 70 71 89 90 88 77
1770392031.801 76 72 76 78 91 90 88 76
1770392031.811 77 80 80 83 89 96 98 85
1770392031.821 73 81 83 85 87 90 91 84
1770392031.831 82 80 75 87 99 96 85 76
1770392031.841 67 81 74 74 82 88 86 64
1770392031.851 68 74 71 80 96 95 97 74
1770392031.861 74 72 73 83 90 91 92 84
1770392031.871 69 64 71 79 93 95 87 81
1770392031.881 69 79 84 79 74 96 86 81
1770392031.891 69 63 69 77 85 86 90 68
1770392031.900 77 71 76 80 97 100 96 80
1770392031.910 67 69 77 87 92 87 82 82
1770392031.921 65 68 76 91 87 81 85 90
1770392031.931 72 67 64 82 89 85 79 72
1770392031.941 77 68 65 84 87 94 88 82
1770392031.951 73 75 73 80 82 89 88 84
1770392031.961 67 72 76 82 88 92 87 89
1770392031.971 70 77 73 72 90 101 88 76
1770392031.981 72 65 65 66 75 82 84 71
1770392031.991 74 72 71 80 83 90 87 77
1770392032.001 70 70 79 81 82 84 84 81
1770392032.010 63 76 80 86 81 88 92 86
1770392032.020 73 75 82 84 86 84 83 82
1770392032.031 64 67 78 80 91 91 85 79
1770392032.041 73 79 84 84 80 90 87 85
1770392032.051 73 74 78 79 79 89 88 81
1770392032.061 67 69 77 84 88 85 86 88
1770392032.071 67 67 71 69 80 82 82 84
1770392032.080 78 74 76 81 91 92 92 82
1770392032.091 73 72 81 78 84 90 86 86
1770392032.101 71 69 76 78 84 87 93 85
1770392032.110 85 81 72 82 85 87 78 68
1770392032.121 71 72 72 81 90 89 88 77
1770392032.131 75 76 76 75 86 90 91 77
1770392032.140 75 72 72 72 82 88 87 72
1770392032.151 65 83 78 80 91 96 93 88
1770392032.161 59 69 74 87 98 103 101 86
1770392032.171 73 74 81 85 97 97 95 79
1770392032.181 73 72 76 81 93 94 92 79
1770392032.191 79 68 72 78 88 93 87 82
1770392032.201 74 69 62 75 86 88 82 74
1770392032.211 65 63 69 88 95 92 90 78
1770392032.221 69 71 73 86 91 91 87 80
1770392032.231 80 76 71 71 85 87 85 66
1770392032.241 86 82 74 70 94 102 82 60
1770392032.251 73 80 76 84 88 91 88 69
1770392032.261 72 76 79 81 87 93 88 78
1770392032.271 77 77 77 86 94 95 87 74
1770392032.280 73 75 70 75 85 101 94 87
1770392032.291 61 71 80 81 83 86 87 93
1770392032.301 69 65 74 84 88 91 90 80
1770392032.310 73 69 69 89 94 94 93 83
1770392032.321 75 71 72 82 91 89 80 78
1770392032.331 80 67 70 85 96 89 89 86
1770392032.341 74 73 71 80 90 88 86 78
1770392032.351 67 67 72 74 81 90 88 78
1770392032.361 80 73 85 88 96 88 82 72
1770392032.371 69 67 78 80 90 92 86 78
1770392032.381 76 70 68 77 98 95 88 79
1770392032.391 76 72 74 78 80 85 92 80
1770392032.401 70 67 80 85 96 98 90 96
1770392032.411 73 69 80 79 91 86 87 86
1770392032.421 69 76 84 82 84 88 94 86
1770392032.431 71 72 79 82 88 89 84 82
1770392032.441 66 73 77 86 81 81 87 81
1770392032.451 73 74 82 80 86 81 83 81
1770392032.461 74 69 74 91 90 89 93 91
1770392032.471 82 69 67 82 94 94 84 79
1770392032.481 82 79 84 78 85 87 90 84
1770392032.491 64 76 77 81 88 88 91 89
1770392032.501 67 70 76 74 84 86 92 82
1770392032.511 73 75 69 72 84 98 99 67
1770392032.521 79 76 76 81 94 100 96 80
1770392032.531 69 77 75 75 81 90 93 88
1770392032.541 78 78 82 82 86 88 90 82
1770392032.551 69 73 83 77 78 89 95 82
1770392032.561 65 72 83 85 78 88 94 90
1770392032.571 73 83 82 78 85 90 92 79
1770392032.581 73 76 77 86 90 95 96 86
1770392032.591 72 72 75 85 91 88 92 80
1770392032.601 78 64 72 93 93 86 86 81
1770392032.611 81 75 74 83 97 107 94 76
1770392032.621 73 69 69 72 87 92 93 83
1770392032.631 77 74 77 78 88 92 94 73
1770392032.641 81 80 67 78 89 94 86 73
1770392032.651 71 69 70 79 96 95 87 77
1770392032.661 79 72 70 81 94 95 92 72
1770392032.671 76 74 75 83 93 95 91 88
1770392032.681 78 74 71 76 89 95 89 76
1770392032.691 66 70 76 76 85 94 94 78
1770392032.701 70 78 83 96 96 99 86 74
1770392032.711 70 66 71 78 97 91 88 79
1770392032.721 79 71 74 75 94 92 92 78
1770392032.731 74 75 82 84 86 88 86 86
1770392032.741 77 65 74 87 94 89 82 83
1770392032.751 73 69 73 84 88 93 88 71
1770392032.761 72 72 76 82 93 96 89 80
1770392032.771 69 69 76 90 99 94 88 85
1770392032.781 76 72 70 77 97 99 85 72
1770392032.791 69 72 76 85 90 91 86 75
1770392032.801 75 69 77 83 88 85 88 76
1770392032.811 73 68 74 84 89 88 87 88
1770392032.821 75 78 79 78 80 91 89 79
1770392032.831 54 67 76 88 80 82 103 103
1770392032.841 69 74 78 80 83 87 85 86
1770392032.851 63 67 68 81 94 87 89 80
1770392032.861 71 78 77 84 91 92 96 92
1770392032.871 67 65 79 87 84 85 86 83
1770392032.881 75 69 75 86 90 88 88 79
1770392032.891 80 72 79 77 79 86 91 79
1770392032.901 73 73 79 83 86 90 85 81
1770392032.911 78 79 79 83 95 93 83 71
1770392032.921 74 78 69 66 88 95 92 77
1770392032.931 70 71 77 85 92 90 90 77
1770392032.941 65 67 75 76 88 88 92 83
1770392032.951 83 78 78 83 91 102 100 81
1770392032.961 72 68 71 73 82 93 98 79
1770392032.971 70 68 74 77 85 92 92 81
1770392032.981 73 84 83 69 81 86 88 73
1770392032.991 75 76 78 79 86 88 90 84
1770392033.001 75 79 80 81 87 92 88 78
1770392033.011 69 64 71 81 87 85 83 92
1770392033.021 84 81 81 85 86 101 97 96
1770392033.031 79 69 72 78 89 96 92 77
1770392033.041 78 75 71 86 94 96 92 76
1770392033.051 89 77 68 75 87 89 86 69
1770392033.061 75 78 76 73 86 96 97 84
1770392033.071 80 76 79 84 89 96 90 76
1770392033.081 72 66 67 81 90 90 87 81
1770392033.091 80 80 81 71 84 95 91 75
1770392033.101 65 67 74 72 84 79 82 73
1770392033.111 74 80 81 88 104 96 93 80
1770392033.121 65 72 73 81 87 93 87 79
1770392033.131 74 70 74 85 90 94 94 79
1770392033.141 72 63 79 100 92 86 77 76
1770392033.152 68 62 70 88 95 93 82 80
1770392033.162 76 72 73 86 92 99 97 82
1770392033.171 62 68 74 87 92 97 89 77
1770392033.181 75 72 72 86 95 93 87 77
1770392033.191 73 70 69 79 88 95 85 68
1770392033.201 73 72 72 80 91 86 89 77
1770392033.211 70 73 79 78 80 87 91 85
1770392033.221 74 72 80 89 87 92 96 86
1770392033.231 73 81 84 86 83 82 91 82
1770392033.242 66 68 74 80 92 91 89 87
1770392033.252 78 77 86 85 79 89 92 87
1770392033.261 73 66 75 80 83 90 90 76
1770392033.272 68 69 81 91 93 91 94 102
1770392033.282 55 67 81 85 89 81 80 72
1770392033.292 74 74 76 78 85 87 90 87
1770392033.301 73 76 76 72 82 87 87 83
1770392033.312 62 68 76 74 85 90 95 84
1770392033.321 84 78 78 85 86 88 84 72
1770392033.331 74 72 71 80 87 91 90 78
1770392033.341 76 76 79 84 91 93 95 81
1770392033.352 77 76 74 79 82 92 99 83
1770392033.361 70 83 81 80 90 96 98 80
1770392033.372 55 65 75 67 73 88 88 83
1770392033.382 69 69 76 77 85 93 94 76
1770392033.392 73 73 71 74 88 93 95 72
1770392033.402 68 71 78 75 86 93 94 87
1770392033.412 67 66 81 84 85 83 80 96
1770392033.422 72 73 79 81 93 95 85 85
1770392033.432 72 69 76 85 90 92 84 72
1770392033.442 79 76 70 79 86 87 85 75
1770392033.452 83 76 75 93 97 98 87 69
1770392033.462 76 76 72 73 88 98 91 78
1770392033.472 69 72 80 82 89 96 92 78
1770392033.482 70 76 80 82 95 97 84 71
1770392033.492 71 69 68 77 93 93 93 83
1770392033.502 74 82 84 75 75 87 83 82
1770392033.512 73 68 70 76 86 89 88 82
1770392033.522 72 65 70 77 91 96 100 89
1770392033.532 77 68 77 76 91 88 87 74
1770392033.542 75 73 81 84 88 80 87 79
1770392033.552 72 69 76 81 90 88 79 74
1770392033.561 65 69 78 75 84 91 89 86
1770392033.571 82 75 81 93 92 92 78 74
1770392033.582 72 65 75 84 93 93 92 76
1770392033.592 73 66 72 92 90 85 89 75
1770392033.601 72 70 73 79 89 89 94 81
1770392033.611 63 69 84 91 93 93 94 85
1770392033.621 69 70 76 79 87 86 84 73
1770392033.631 76 71 71 69 88 92 85 71
1770392033.641 71 74 76 68 79 93 92 83
1770392033.651 65 66 77 75 84 86 84 83
1770392033.661 74 74 83 88 90 89 86 83
1770392033.671 67 73 80 82 89 90 90 85
1770392033.681 65 68 88 89 87 85 82 88
1770392033.691 77 78 79 74 76 83 84 83
1770392033.702 63 75 77 88 92 89 90 86
1770392033.712 64 72 80 82 79 83 87 80
1770392033.722 77 69 71 86 91 93 84 80
1770392033.732 78 76 72 75 92 99 91 71
1770392033.741 75 76 76 84 89 91 95 80
1770392033.752 66 81 78 84 89 85 85 82
1770392033.762 73 73 75 83 90 91 84 71
1770392033.772 80 78 77 64 84 94 96 76
1770392033.781 76 78 77 68 87 85 90 85
1770392033.791 74 76 74 82 93 95 96 83
1770392033.801 74 77 75 73 85 89 90 78
1770392033.812 67 75 86 88 89 81 82 98
1770392033.822 76 77 79 88 94 101 88 82
1770392033.832 77 81 73 71 90 97 94 89
1770392033.842 81 81 75 76 86 91 92 79
1770392033.852 68 69 71 80 90 86 88 80
1770392033.862 72 68 75 80 99 94 86 81
1770392033.872 83 75 75 79 88 91 92 77
1770392033.882 74 69 73 82 93 97 93 81
1770392033.892 73 79 79 82 92 90 86 77
1770392033.902 75 79 76 70 89 90 83 73
1770392033.912 78 80 79 84 100 96 92 73
1770392033.922 77 71 72 78 94 96 91 78
1770392033.932 71 69 77 84 87 90 90 71
1770392033.942 68 73 80 79 91 95 100 86
1770392033.952 57 62 77 95 94 91 93 82
1770392033.962 72 67 69 79 94 92 87 74
1770392033.972 72 73 74 86 89 90 90 83
1770392033.982 72 72 76 83 88 90 79 74
1770392033.993 71 60 72 79 96 87 82 82
1770392034.002 82 80 77 88 90 86 82 74
1770392034.012 68 69 74 83 89 91 93 85
1770392034.022 72 76 80 88 88 90 90 83
1770392034.033 75 76 74 79 88 95 91 84
1770392034.043 58 72 83 76 76 92 101 84
1770392034.053 72 83 81 88 94 88 83 77
1770392034.063 65 75 80 82 88 90 84 86
1770392034.072 69 67 77 82 91 88 89 81
1770392034.082 61 69 80 79 75 85 93 105
1770392034.092 66 75 83 82 87 89 88 81
1770392034.102 65 74 82 81 85 88 87 79
1770392034.112 67 75 77 84 88 90 83 96
1770392034.122 83 79 80 81 90 85 79 86
1770392034.132 68 73 80 91 88 88 90 86
1770392034.142 73 73 80 84 86 85 96 79
1770392034.152 68 69 75 78 87 95 98 87
1770392034.162 81 78 80 84 94 91 88 81
1770392034.172 74 73 72 76 91 96 88 70
1770392034.183 73 79 75 84 93 97 93 81
1770392034.192 79 83 78 76 83 86 90 76
1770392034.202 75 74 77 80 91 88 91 85
1770392034.212 77 78 75 78 92 94 93 79
1770392034.223 69 77 80 95 87 89 97 82
1770392034.233 77 78 81 88 91 87 90 79
1770392034.243 71 71 77 87 90 86 91 83
1770392034.252 77 78 82 84 92 99 88 74
1770392034.263 78 68 66 87 90 93 90 82
1770392034.272 78 71 73 87 95 97 86 84
1770392034.282 80 79 68 79 84 89 84 72
1770392034.292 72 64 67 80 89 97 90 79
1770392034.302 86 73 69 72 93 96 91 76
1770392034.312 80 71 79 70 84 93 95 70
1770392034.322 83 80 84 87 93 91 89 69
1770392034.332 66 69 79 85 91 89 86 76
1770392034.343 77 81 75 81 92 93 87 73
1770392034.352 72 75 83 85 87 92 96 79
1770392034.362 72 72 78 88 101 109 100 87
1770392034.373 74 69 78 76 89 93 89 81
1770392034.382 66 66 72 80 89 93 92 87
1770392034.392 76 68 76 88 90 89 86 74
1770392034.402 73 59 69 86 96 93 81 73
1770392034.412 75 74 81 93 103 95 93 85
1770392034.422 66 71 74 83 88 90 93 80
1770392034.432 66 69 75 91 94 94 91 78
1770392034.442 75 76 80 77 88 91 83 68
1770392034.452 64 65 76 82 95 95 95 88
1770392034.463 74 75 77 79 89 91 94 81
1770392034.473 68 69 77 85 89 89 93 89
1770392034.483 76 77 81 83 89 88 91 86
1770392034.493 65 72 79 77 76 77 81 86
1770392034.502 71 74 74 80 89 90 94 83
1770392034.513 70 67 76 81 82 87 95 84
1770392034.522 64 68 77 83 87 90 92 79
1770392034.533 67 75 84 88 82 86 79 74
1770392034.542 66 71 79 81 93 99 93 75
1770392034.552 75 82 76 79 89 88 87 77
1770392034.562 70 80 79 76 88 89 84 83
1770392034.572 81 88 78 81 89 92 96 87
1770392034.583 70 75 72 66 76 91 100 87
1770392034.593 77 75 81 84 96 100 85 76
1770392034.603 77 72 80 81 91 86 82 71
1770392034.612 64 70 77 79 90 94 94 88
1770392034.622 63 73 87 87 82 85 89 93
1770392034.632 73 73 80 82 87 84 84 79
1770392034.643 80 76 75 76 86 89 92 75
1770392034.653 74 70 69 71 86 93 89 74
1770392034.663 82 77 78 80 98 98 86 87
1770392034.672 79 68 69 83 87 93 82 75
1770392034.683 75 73 74 85 87 92 92 83
1770392034.693 80 74 78 81 93 90 84 69
1770392034.703 67 67 62 74 96 92 89 81
1770392034.713 76 85 77 65 79 94 89 71
1770392034.722 67 71 81 78 88 91 93 73
1770392034.732 71 68 80 84 91 96 88 74
1770392034.742 72 68 69 82 93 88 81 66
1770392034.752 69 69 74 90 90 94 96 80
1770392034.763 72 73 77 86 91 89 90 75
1770392034.773 72 74 78 87 86 91 89 76
1770392034.782 76 76 77 82 94 93 83 76
1770392034.792 70 65 71 84 91 88 84 77
1770392034.802 68 73 77 81 87 90 78 78
1770392034.812 73 71 79 90 89 97 88 88
1770392034.822 66 70 79 88 93 93 89 91
1770392034.833 63 69 76 75 91 87 87 72
1770392034.842 77 70 79 84 95 94 86 73
1770392034.852 75 76 83 75 81 83 90 71
1770392034.862 66 63 78 74 80 85 87 85
1770392034.873 77 76 81 91 89 88 87 86
1770392034.883 67 66 78 81 88 85 90 83
1770392034.893 64 63 80 94 89 81 94 91
1770392034.903 71 73 86 71 79 88 86 86
1770392034.913 65 74 82 88 93 98 94 95
1770392034.923 72 70 78 81 86 84 80 80
1770392034.933 73 69 77 90 92 85 78 69
1770392034.943 80 71 69 82 96 93 85 67
1770392034.952 71 77 77 81 86 86 88 82
1770392034.963 73 79 81 84 94 94 83 79
1770392034.972 74 76 80 81 96 93 86 80
1770392034.982 73 83 82 71 85 98 92 67
1770392034.993 73 80 85 76 84 91 86 74
1770392035.002 75 74 87 81 92 89 92 85
1770392035.012 74 73 78 85 86 91 87 86
1770392035.022 67 81 80 80 79 89 95 86
1770392035.033 80 77 83 86 87 93 92 91
1770392035.043 79 75 77 70 85 92 91 97
1770392035.053 78 79 77 74 84 87 90 81
1770392035.062 77 73 76 85 87 91 93 76
1770392035.072 72 78 74 86 96 93 85 75
1770392035.082 87 84 69 71 87 86 77 66
1770392035.092 78 77 78 80 88 92 90 78
1770392035.103 72 73 76 79 90 90 86 80
1770392035.113 71 69 78 83 94 91 92 84
1770392035.123 77 75 79 76 94 96 100 59
1770392035.133 66 73 71 74 82 93 88 76
1770392035.143 73 72 72 84 91 90 88 77
1770392035.152 78 75 74 82 85 87 86 79
1770392035.162 60 71 80 88 89 85 93 94
1770392035.173 80 70 78 81 94 90 80 70
1770392035.182 75 75 76 79 91 95 87 79
1770392035.192 81 73 72 79 94 90 81 73
1770392035.202 64 68 70 88 95 85 80 88
1770392035.212 82 73 71 81 105 100 88 76
1770392035.223 69 65 71 86 91 92 87 81
1770392035.233 70 69 72 86 86 88 86 73
1770392035.243 69 72 74 83 86 89 83 76
1770392035.253 69 72 75 86 86 97 102 70
1770392035.263 72 76 79 81 87 86 84 78
1770392035.273 66 68 71 78 93 93 90 77
1770392035.283 72 73 73 73 87 93 88 81
1770392035.293 66 76 79 74 81 80 84 95
1770392035.303 70 69 82 94 97 86 79 82
1770392035.313 73 69 77 80 95 88 91 79
1770392035.323 78 71 77 94 99 90 92 75
1770392035.333 76 84 81 81 85 86 86 75
1770392035.343 73 73 77 96 100 92 81 73
1770392035.353 74 75 76 85 83 91 84 77
1770392035.363 63 66 74 82 86 91 94 89
1770392035.373 75 73 73 83 88 88 89 77
1770392035.383 73 73 75 78 81 83 88 74
1770392035.393 80 84 79 78 80 87 90 85
1770392035.402 74 76 84 82 78 84 84 79
1770392035.413 74 75 79 82 87 88 91 78
1770392035.423 77 81 80 78 81 85 90 78
1770392035.432 64 78 85 80 84 83 87 81
1770392035.442 74 78 82 89 91 90 90 83
1770392035.452 64 75 79 83 86 88 90 75
1770392035.462 83 77 79 87 90 100 96 68
1770392035.472 70 68 75 88 96 98 90 75
1770392035.482 87 71 67 72 92 95 93 84
1770392035.492 87 78 77 75 86 85 90 81
1770392035.503 78 70 76 86 94 95 87 83
1770392035.513 80 72 74 84 88 95 89 75
1770392035.523 74 73 69 79 86 94 94 74
1770392035.533 79 75 78 82 92 93 98 83
1770392035.543 67 70 75 76 87 86 90 79
1770392035.553 71 74 75 85 92 92 88 76
1770392035.563 69 70 82 86 89 91 90 82
1770392035.573 58 61 75 95 98 99 91 80
1770392035.582 76 71 78 82 90 96 91 81
1770392035.592 64 62 75 85 93 96 92 86
1770392035.602 72 76 74 83 89 87 84 81
1770392035.612 76 61 57 73 90 92 75 71
1770392035.622 79 73 70 89 94 91 87 78
1770392035.633 67 71 79 78 83 86 80 75
1770392035.642 70 70 80 85 90 96 91 81
1770392035.653 78 82 76 81 93 93 83 64
1770392035.662 62 71 73 88 96 97 89 79
1770392035.673 74 75 79 80 91 94 86 83
1770392035.683 68 74 78 79 87 89 90 82
1770392035.693 66 73 78 82 87 90 84 84
1770392035.703 62 75 78 79 79 84 86 95
1770392035.712 72 80 81 82 90 93 94 81
1770392035.722 66 74 81 72 82 85 92 83
1770392035.733 72 71 76 81 86 89 90 83
1770392035.743 77 77 77 91 84 83 82 80
1770392035.753 69 73 75 85 95 95 99 88
1770392035.763 83 78 74 78 89 95 90 76
1770392035.773 74 74 75 81 92 95 90 77
1770392035.783 77 77 73 83 92 96 98 83
1770392035.792 66 79 77 68 81 97 103 78
1770392035.802 71 78 78 83 87 85 89 72
1770392035.812 65 73 74 78 89 84 92 72
1770392035.822 70 69 73 77 93 88 97 86
1770392035.832 76 74 76 80 84 82 91 86
1770392035.842 67 69 71 86 89 86 84 85
1770392035.852 78 73 76 86 90 87 82 74
1770392035.862 73 69 67 72 89 87 86 77
1770392035.872 82 74 80 82 88 97 93 88
1770392035.882 78 75 65 75 90 90 82 65
1770392035.892 79 79 74 89 93 93 91 79
1770392035.902 72 71 73 86 95 93 88 69
1770392035.912 66 66 67 79 93 93 94 86
1770392035.922 77 77 74 73 85 100 92 69
1770392035.932 71 79 81 70 85 91 96 82
1770392035.942 68 73 79 85 90 90 86 71
1770392035.953 74 71 76 86 91 87 80 64
1770392035.963 72 71 81 86 99 92 90 74
1770392035.973 71 78 86 89 80 82 85 84
1770392035.983 70 67 75 86 89 93 87 78
1770392035.992 73 73 76 88 95 93 86 75
1770392036.002 68 65 68 85 94 93 91 77
1770392036.012 72 72 73 80 89 90 91 91
1770392036.023 74 76 71 79 97 91 87 76
1770392036.033 71 64 80 89 86 98 89 74
1770392036.043 66 63 73 82 88 86 83 69
1770392036.053 70 67 76 89 96 88 83 78
1770392036.063 74 77 84 82 92 91 86 74
1770392036.073 62 70 74 84 84 86 89 84
1770392036.083 71 74 78 85 89 83 87 79
1770392036.093 63 67 82 86 90 90 88 84
1770392036.103 73 73 77 91 89 85 92 83
1770392036.113 80 65 69 83 94 81 84 86
1770392036.123 72 80 82 84 88 89 93 84
1770392036.133 70 66 74 81 89 83 87 83
1770392036.143 68 68 79 81 91 90 90 80
1770392036.153 79 73 67 81 100 100 80 61
1770392036.163 64 69 74 78 82 91 98 84
1770392036.173 75 77 83 90 85 89 92 81
1770392036.183 70 71 78 79 82 87 91 81
1770392036.193 69 76 73 74 85 93 99 78
1770392036.203 69 73 73 70 80 89 95 81
1770392036.213 71 75 74 83 84 93 96 86
1770392036.223 67 74 70 74 76 90 96 81
1770392036.233 65 71 75 74 84 89 94 88
1770392036.243 70 70 89 95 87 82 81 80
1770392036.253 72 73 74 73 77 93 91 87
1770392036.263 78 82 76 82 83 94 91 82
1770392036.273 73 74 73 79 92 87 86 81
1770392036.282 73 70 72 79 87 88 78 73
1770392036.292 84 73 72 75 86 86 82 66
1770392036.302 78 79 78 74 87 93 92 75
1770392036.312 73 75 70 81 94 98 98 81
1770392036.322 70 71 74 80 94 90 88 82
1770392036.332 79 84 75 69 79 87 82 69
1770392036.342 67 78 74 78 92 95 91 80
1770392036.353 78 75 84 87 92 93 89 65
1770392036.362 80 76 71 82 85 90 85 71
1770392036.373 60 65 76 89 89 91 92 86
1770392036.383 64 58 63 77 82 81 77 72
1770392036.392 70 71 73 79 93 95 90 83
1770392036.403 76 77 77 81 92 96 85 77
1770392036.413 63 70 75 88 93 93 90 78
1770392036.423 82 72 69 84 100 90 77 63
1770392036.433 65 65 75 79 98 93 90 71
1770392036.443 71 67 72 82 96 100 90 76
1770392036.453 67 72 74 80 88 93 91 80
1770392036.463 59 71 80 86 92 98 100 79
1770392036.473 54 67 76 82 82 87 86 76
1770392036.483 70 67 69 81 87 85 86 78
1770392036.493 77 73 80 89 91 92 90 77
1770392036.503 70 71 74 88 85 92 97 89
1770392036.513 69 74 88 91 86 83 87 92
1770392036.523 67 69 81 82 81 83 87 82
1770392036.533 64 74 78 87 91 93 89 87
1770392036.543 73 67 71 71 88 88 90 78
1770392036.553 72 76 74 81 94 93 85 75
1770392036.563 75 69 72 82 89 86 90 86
1770392036.573 62 61 74 76 86 89 96 90
1770392036.583 69 78 76 81 86 84 90 84
1770392036.593 63 72 75 72 83 82 95 83
1770392036.603 78 76 77 79 86 88 84 75
1770392036.613 78 82 83 75 76 85 82 86
1770392036.623 74 76 79 77 87 88 90 83
1770392036.633 79 74 70 82 87 91 91 70
1770392036.643 70 75 74 74 87 101 100 90
1770392036.653 74 72 80 85 88 86 87 85
1770392036.663 70 74 78 78 84 95 92 92
1770392036.673 79 69 73 86 98 101 93 72
1770392036.683 69 74 76 86 90 94 86 74
1770392036.693 75 70 67 96 99 95 86 66
1770392036.703 91 73 70 79 87 86 88 73
1770392036.713 71 72 77 83 91 93 87 83
1770392036.723 80 72 74 88 87 90 82 66
1770392036.733 72 72 74 84 90 91 92 73
1770392036.743 74 80 84 75 89 92 94 79
1770392036.753 67 73 76 78 86 89 91 76
1770392036.763 68 71 76 93 99 98 88 72
1770392036.773 74 74 67 83 90 96 84 79
1770392036.783 69 56 70 90 97 86 86 91
1770392036.793 78 72 75 85 84 95 81 77
1770392036.803 61 60 74 87 99 96 85 70
1770392036.813 74 71 74 87 90 90 88 80
1770392036.823 82 61 70 79 88 91 86 72
1770392036.833 80 73 72 84 106 99 86 57
1770392036.843 70 70 73 78 91 90 94 83
1770392036.852 73 76 76 89 95 89 88 79
1770392036.863 74 80 77 94 91 89 86 76
1770392036.872 67 70 75 87 90 94 93 83
1770392036.883 70 66 73 78 86 93 90 79
1770392036.893 69 71 76 75 93 91 86 83
1770392036.903 69 72 75 87 90 89 90 86
1770392036.913 68 69 71 86 88 82 90 81
1770392036.923 74 69 77 93 104 85 89 83
1770392036.933 74 72 76 76 87 85 86 84
1770392036.943 69 72 78 85 88 88 92 76
1770392036.953 74 73 80 88 82 81 84 82
1770392036.963 82 75 74 81 95 93 86 87
1770392036.973 73 78 76 73 89 87 89 74
1770392036.983 69 74 73 75 83 90 84 80
1770392036.992 75 78 79 79 89 98 99 93
1770392037.003 73 80 79 73 80 91 97 85
1770392037.013 61 72 82 84 89 91 95 83
1770392037.023 68 69 76 76 90 88 89 73
1770392037.033 68 72 71 83 86 94 89 80
1770392037.043 80 78 81 87 86 85 84 84
1770392037.053 69 66 73 94 94 81 78 86
1770392037.063 84 76 77 85 90 92 96 93
1770392037.072 70 73 76 76 83 88 89 79
1770392037.083 73 78 80 89 87 95 93 78
1770392037.092 73 72 71 77 92 90 92 72
1770392037.102 80 72 75 78 93 104 96 81
1770392037.113 80 72 77 81 90 93 93 76
1770392037.122 67 65 68 78 94 98 95 79
1770392037.133 77 76 76 67 87 97 98 82
1770392037.142 74 83 81 71 77 88 89 80
1770392037.153 72 74 81 75 87 91 88 81
1770392037.163 85 70 72 76 92 95 94 75
1770392037.175 81 73 78 78 99 100 101 82
1770392037.183 79 76 78 78 87 88 85 81
1770392037.193 69 68 73 74 89 90 84 85
1770392037.203 77 75 81 81 92 100 86 79
1770392037.213 75 68 68 81 90 98 90 79
1770392037.223 73 80 75 81 91 94 85 72
1770392037.233 75 68 66 71 90 89 88 74
1770392037.243 76 76 77 92 97 94 95 80
1770392037.253 78 66 76 83 85 89 79 71
1770392037.263 77 69 80 90 98 100 92 76
1770392037.273 75 79 82 77 96 96 88 71
1770392037.283 62 78 80 69 85 93 88 79
1770392037.293 75 75 81 84 92 90 86 79
1770392037.303 63 69 73 89 92 90 92 75
1770392037.313 70 72 73 81 92 95 100 89
1770392037.323 67 63 79 76 87 89 82 83
1770392037.333 63 73 86 90 92 88 76 73
1770392037.343 67 70 80 81 84 89 87 85
1770392037.353 68 74 75 86 88 90 90 85
1770392037.363 76 69 74 88 94 93 82 74
1770392037.373 64 65 68 82 89 96 97 80
1770392037.383 64 78 79 76 82 85 84 77
1770392037.393 64 74 78 88 91 93 91 76
1770392037.403 72 75 81 90 96 99 93 85
1770392037.413 82 82 76 68 77 90 90 76
1770392037.423 73 74 80 85 84 90 93 90
1770392037.433 73 71 74 73 84 91 90 75
1770392037.443 72 71 72 78 85 89 96 79
1770392037.453 70 72 81 86 82 83 93 90
1770392037.463 73 65 67 74 88 94 101 85
1770392037.474 77 72 74 79 89 91 89 78
1770392037.483 69 77 74 72 81 85 81 83
1770392037.493 70 73 74 77 92 88 87 76
1770392037.503 78 68 72 81 92 93 86 73
1770392037.513 79 75 78 79 92 93 91 86
1770392037.523 75 73 72 73 87 92 89 75
1770392037.533 68 70 78 77 83 88 85 82
1770392037.543 86 75 77 95 101 97 87 71
1770392037.553 67 73 72 67 87 100 98 76
1770392037.563 80 78 80 82 89 92 93 83
1770392037.573 77 70 72 72 85 93 91 69
1770392037.583 74 75 79 86 89 97 88 87
1770392037.593 67 60 81 86 84 85 82 79
1770392037.603 80 72 74 82 89 83 83 71
1770392037.613 72 70 74 80 92 95 79 78
1770392037.623 67 71 75 84 88 91 86 82
1770392037.633 84 72 74 94 100 91 79 62
1770392037.643 70 67 69 78 93 96 92 72
1770392037.653 69 72 71 82 90 91 88 69
1770392037.663 73 71 78 82 90 88 89 80
1770392037.673 61 66 80 85 92 93 91 86
1770392037.683 67 76 83 74 81 80 88 77
1770392037.693 62 72 75 81 87 87 88 76
1770392037.703 78 82 79 92 93 88 85 83
1770392037.714 68 69 71 74 85 88 81 86
1770392037.723 71 76 85 87 79 76 90 88
1770392037.733 65 67 75 80 83 84 81 79
1770392037.743 64 73 80 91 91 92 85 80
1770392037.753 69 71 76 87 88 91 89 76
1770392037.763 62 72 79 87 97 95 88 94
1770392037.773 72 68 73 83 89 89 92 85
1770392037.783 65 68 70 74 85 91 88 80
1770392037.794 70 70 72 79 83 92 92 76
1770392037.803 66 71 79 73 79 87 91 93
1770392037.813 75 77 80 76 86 90 97 89
1770392037.823 74 82 79 73 77 87 85 85
1770392037.833 70 78 80 84 87 90 95 91
1770392037.843 74 76 75 79 89 88 87 69
1770392037.853 72 76 77 75 84 92 94 77
1770392037.863 61 80 89 81 83 88 99 94
1770392037.873 59 63 74 70 83 94 92 80
1770392037.883 74 73 77 87 89 87 84 71
1770392037.893 69 73 71 74 87 90 84 75
1770392037.903 77 68 74 86 87 84 85 89
1770392037.913 86 76 67 76 92 94 87 69
1770392037.923 71 72 71 79 87 90 91 79
1770392037.933 79 71 71 82 92 92 88 78
1770392037.943 73 66 67 78 93 96 93 74
1770392037.953 88 82 69 74 88 99 92 63
1770392037.963 72 72 76 88 84 85 86 76
1770392037.973 75 77 70 87 93 89 92 77
1770392037.983 67 71 74 84 89 91 80 72
1770392037.993 68 76 80 83 93 88 92 81
1770392038.003 73 62 69 82 90 86 88 76
1770392038.013 75 71 74 84 89 95 95 94
1770392038.023 72 75 78 84 87 92 90 86
1770392038.033 64 67 73 81 88 86 79 76
1770392038.043 76 70 67 80 96 88 71 73
1770392038.053 72 77 77 81 89 86 87 87
1770392038.063 76 74 78 81 93 95 93 91
1770392038.073 72 70 80 84 90 93 85 82
1770392038.083 61 67 76 84 92 95 89 70
1770392038.093 73 69 72 75 85 88 86 71
1770392038.103 76 74 81 85 87 94 87 81
1770392038.113 72 74 81 84 89 92 88 86
1770392038.123 62 68 77 79 86 83 87 85
1770392038.133 65 65 81 86 82 80 91 80
1770392038.143 74 75 74 74 82 87 91 83
1770392038.153 68 72 75 81 91 89 95 83
1770392038.163 76 76 82 82 87 88 90 91
1770392038.174 67 72 77 94 92 85 79 83
1770392038.183 73 67 74 77 96 98 87 74
1770392038.193 72 74 78 81 85 91 90 77
1770392038.203 77 77 83 87 85 92 101 85
1770392038.213 72 70 78 72 83 96 94 90
1770392038.223 71 80 74 73 84 96 90 78
1770392038.233 72 80 79 75 82 93 91 80
1770392038.243 70 75 76 78 93 97 94 81
1770392038.253 87 82 80 74 85 94 90 81
1770392038.263 65 77 84 84 81 88 99 95
1770392038.273 69 72 83 90 92 89 89 74
1770392038.283 76 75 72 75 87 89 88 67
1770392038.294 75 74 76 83 90 96 100 83
1770392038.304 74 76 72 76 84 97 93 92
1770392038.314 79 64 66 78 94 93 90 75
1770392038.323 76 78 77 75 91 90 77 71
1770392038.333 66 69 71 79 88 89 90 79
1770392038.343 81 74 74 81 86 86 92 72
1770392038.353 82 70 69 81 92 92 90 63
1770392038.363 76 72 71 84 91 91 88 75
1770392038.373 79 73 72 80 91 89 81 70
1770392038.384 72 69 73 84 98 95 91 67
1770392038.393 80 68 73 77 89 97 94 81
1770392038.403 75 77 81 85 87 94 92 79
1770392038.413 87 78 81 97 99 97 87 78
1770392038.423 73 70 73 85 98 98 94 79
1770392038.433 76 73 76 86 89 91 84 73
1770392038.443 68 74 78 81 91 93 88 74
1770392038.453 76 67 75 93 98 91 83 87
1770392038.463 64 70 75 77 101 96 85 79
1770392038.473 75 72 81 87 93 87 86 74
1770392038.483 76 72 76 81 93 91 84 69
1770392038.493 67 73 77 67 85 95 94 79
1770392038.504 79 83 84 88 91 91 89 81
1770392038.513 66 72 81 85 91 98 95 80
1770392038.523 69 75 80 82 86 97 90 80
1770392038.533 65 71 83 86 84 83 88 88
1770392038.543 67 73 85 90 91 86 85 90
1770392038.553 69 76 75 78 83 87 89 93
1770392038.563 70 78 81 82 89 91 92 84
1770392038.573 75 73 80 86 91 87 91 90
1770392038.584 75 67 70 76 92 94 91 80
1770392038.593 81 78 82 79 86 89 93 81
1770392038.603 68 77 82 80 88 87 95 93
1770392038.613 70 76 76 79 95 90 88 80
1770392038.623 78 82 68 68 85 97 93 70
1770392038.634 73 80 81 83 84 97 102 82
1770392038.644 70 69 78 75 83 86 89 77
1770392038.653 72 68 72 76 87 89 87 80
1770392038.663 78 73 80 77 87 95 88 90
1770392038.673 68 70 70 70 82 96 104 86
1770392038.683 86 72 69 74 90 89 94 80
1770392038.693 71 72 73 76 87 84 93 78
1770392038.703 74 72 80 85 89 89 92 85
1770392038.714 78 76 72 77 83 85 86 69
1770392038.723 74 73 79 95 101 92 89 74
1770392038.734 72 72 73 71 88 88 84 81
1770392038.743 68 71 76 79 97 102 92 79
1770392038.754 70 71 82 94 98 91 87 76
1770392038.763 74 71 67 70 92 98 91 85
1770392038.773 72 79 80 83 84 94 92 73
1770392038.784 69 67 72 78 84 92 92 80
1770392038.793 77 70 74 82 90 89 90 73
1770392038.803 74 75 75 77 78 83 86 88
1770392038.813 68 70 74 86 92 89 90 86
1770392038.823 71 68 72 80 87 96 88 83
1770392038.833 69 66 74 84 95 92 86 74
1770392038.843 77 72 82 96 95 86 80 77
1770392038.853 77 58 61 78 93 96 81 88
1770392038.863 66 71 76 80 92 89 89 81
1770392038.873 72 61 70 80 83 88 86 80
1770392038.884 65 69 74 75 86 90 95 86
1770392038.893 71 75 70 70 90 93 94 69
1770392038.904 69 78 80 85 90 90 93 81
1770392038.914 72 73 80 85 90 89 81 74
1770392038.924 71 73 77 85 88 88 98 91
1770392038.934 66 78 86 86 85 87 94 83
1770392038.944 60 65 85 99 90 85 93 84
1770392038.954 71 74 78 91 86 95 95 89
1770392038.964 69 67 67 79 89 93 90 77
1770392038.974 64 75 78 85 91 89 92 85
1770392038.984 65 62 74 85 86 81 81 75
1770392038.994 69 69 77 78 86 90 89 86
1770392039.005 72 78 85 86 93 94 90 85
1770392039.014 73 78 75 73 88 99 96 95
1770392039.025 73 78 79 80 91 91 95 88
1770392039.034 68 71 69 77 89 92 83 64
1770392039.044 75 86 85 82 91 96 93 84
1770392039.054 77 76 69 75 92 90 89 73
1770392039.064 82 80 78 81 89 95 96 81
1770392039.074 65 76 77 75 74 86 93 76
1770392039.084 67 70 73 80 85 84 88 80
1770392039.094 72 72 77 84 88 86 87 78
1770392039.104 74 70 68 77 89 92 88 89
1770392039.114 76 74 77 86 94 91 91 76
1770392039.124 79 74 61 70 91 86 83 68
1770392039.134 70 67 76 73 91 96 91 93
1770392039.145 81 73 78 78 92 87 82 73
1770392039.155 77 78 77 73 89 90 89 79
1770392039.165 82 82 74 77 98 102 82 55
1770392039.174 66 70 71 78 95 97 99 77
1770392039.185 75 73 76 88 94 89 82 75
1770392039.195 69 69 73 82 88 88 86 73
1770392039.205 68 71 76 85 87 89 87 75
1770392039.214 66 63 71 74 85 90 86 87
1770392039.224 69 70 76 79 86 91 89 80
1770392039.234 78 71 74 80 86 88 83 70
1770392039.244 77 65 75 79 89 92 85 80
1770392039.254 83 73 73 97 107 97 71 61
1770392039.264 78 76 70 82 94 91 85 74
1770392039.275 75 72 80 83 89 89 85 88
1770392039.284 71 70 78 84 88 87 82 79
1770392039.294 65 70 72 84 97 102 98 82
1770392039.304 83 74 78 83 87 85 79 76
1770392039.314 72 67 74 76 83 94 92 86
1770392039.324 79 73 78 86 91 89 90 80
1770392039.335 70 68 72 81 91 86 85 72
1770392039.344 75 80 77 84 90 89 88 78
1770392039.355 69 72 74 88 91 94 90 83
1770392039.364 68 72 79 81 90 97 92 91
1770392039.374 73 69 80 84 89 84 84 74
1770392039.384 55 63 78 92 92 90 97 89
1770392039.394 74 68 74 91 94 89 85 72
1770392039.404 73 80 79 86 89 92 96 82
1770392039.414 65 73 80 83 87 98 91 81
1770392039.424 67 69 77 79 79 85 88 88
1770392039.434 78 78 71 69 87 98 89 63
1770392039.445 70 71 77 76 84 90 86 76
1770392039.455 74 67 76 85 84 91 88 73
1770392039.465 73 71 81 79 84 86 87 76
1770392039.475 76 81 80 80 93 97 93 86
1770392039.485 68 69 73 76 80 94 88 78
1770392039.494 70 75 68 77 87 87 83 78
1770392039.504 78 79 78 84 88 90 98 93
1770392039.514 73 71 76 73 78 89 98 97
1770392039.524 68 59 75 96 92 83 82 79
1770392039.534 80 74 72 80 86 91 88 76
1770392039.545 75 73 75 73 88 96 94 83
1770392039.555 84 83 83 81 87 87 85 83
1770392039.565 82 76 79 80 97 102 86 69
1770392039.575 82 72 75 78 87 92 87 72
1770392039.584 81 66 68 80 87 87 92 75
1770392039.594 80 74 74 78 90 92 94 78
1770392039.604 73 72 69 73 81 91 85 84
1770392039.614 74 73 78 73 85 89 89 83
1770392039.624 85 81 78 75 98 91 84 74
1770392039.635 74 71 69 76 97 93 93 78
1770392039.645 81 69 69 81 89 96 88 76
1770392039.654 76 71 79 88 87 90 89 73
1770392039.664 72 63 69 90 93 85 87 80
1770392039.674 69 72 74 80 91 85 84 68
1770392039.685 75 74 75 91 97 91 85 71
1770392039.695 77 75 78 86 93 90 89 79
1770392039.705 87 80 77 84 98 101 89 71
1770392039.714 74 73 79 89 93 89 80 74
1770392039.725 62 69 78 92 92 93 92 91
1770392039.735 73 72 75 87 90 90 96 75
1770392039.745 72 79 81 89 84 90 95 81
1770392039.755 67 69 88 91 94 93 93 94
1770392039.765 73 63 74 84 92 90 88 78
1770392039.775 75 69 77 87 85 88 89 75
1770392039.785 77 72 79 77 83 83 91 83
1770392039.795 67 59 77 87 91 79 84 85
1770392039.805 76 83 82 96 101 96 89 80
1770392039.814 67 71 80 88 90 90 87 83
1770392039.824 74 72 78 80 90 90 88 88
1770392039.834 80 74 72 81 92 90 79 59
1770392039.844 69 80 80 75 89 101 102 96
1770392039.855 68 65 81 78 89 88 93 92
1770392039.865 67 69 81 85 85 88 88 81
1770392039.874 69 66 72 87 86 93 98 86
1770392039.884 68 81 78 71 83 90 101 85
1770392039.894 80 83 80 90 86 89 88 79
1770392039.904 75 80 78 85 91 92 94 89
1770392039.914 72 78 78 84 88 93 92 83
1770392039.924 82 83 72 73 85 90 90 73
1770392039.934 72 65 81 85 89 91 99 91
1770392039.944 75 76 77 76 80 90 91 86
1770392039.954 74 77 79 83 86 88 86 80
1770392039.964 74 71 71 88 94 93 86 70
1770392039.974 77 71 66 82 97 97 92 69
1770392039.985 78 77 75 78 90 97 89 76
1770392039.995 72 71 75 79 87 91 88 74
1770392040.005 78 76 80 84 87 93 84 81
1770392040.014 79 73 71 74 85 92 90 68
1770392040.024 72 74 83 85 90 100 98 79
1770392040.034 73 74 74 78 83 87 90 73
1770392040.044 70 68 70 77 84 88 90 76
1770392040.055 71 68 78 90 97 95 91 78
1770392040.065 60 62 74 99 94 84 81 85
1770392040.075 77 65 72 86 93 91 84 74
1770392040.085 75 67 73 75 91 90 81 71
1770392040.095 78 70 78 86 95 95 92 92
1770392040.104 78 60 67 84 97 85 84 73
1770392040.114 87 75 67 79 94 99 94 79
1770392040.124 73 78 76 81 85 93 86 74
1770392040.134 70 72 78 81 88 96 87 77
1770392040.144 75 72 78 88 95 92 86 71
1770392040.155 69 74 77 73 86 87 92 83
1770392040.165 74 75 77 80 85 89 92 82
1770392040.175 72 74 74 83 89 89 87 74
1770392040.185 62 73 81 87 87 87 84 86
1770392040.195 69 73 80 77 78 75 89 93
1770392040.205 70 71 80 77 88 87 90 86
1770392040.215 75 77 84 88 87 86 84 78
1770392040.225 66 67 71 77 83 88 88 87
1770392040.235 73 77 85 85 82 85 86 76
1770392040.244 76 73 78 87 91 92 82 77
1770392040.254 72 77 84 89 91 94 95 96
1770392040.264 75 75 81 80 89 84 92 81
1770392040.275 65 75 81 80 94 93 99 87
1770392040.285 83 80 73 73 87 98 90 80
1770392040.295 69 73 75 76 82 95 95 82
1770392040.305 74 72 80 75 87 90 89 87
1770392040.314 73 76 75 75 84 96 91 77
1770392040.324 74 77 80 86 89 95 94 84
1770392040.334 74 65 70 88 84 79 84 83
1770392040.345 69 79 83 86 88 98 94 89
1770392040.355 78 69 74 82 87 94 86 71
1770392040.365 70 69 74 82 85 91 88 74
1770392040.375 79 72 71 82 96 91 86 67
1770392040.385 70 72 59 64 91 102 103 94
1770392040.395 74 72 76 74 89 95 85 80
1770392040.404 70 68 77 76 91 91 89 82
1770392040.414 69 68 73 82 88 94 99 81
1770392040.425 67 80 74 78 75 95 96 79
1770392040.435 71 73 78 78 86 92 84 75
1770392040.445 65 70 75 81 91 91 82 77
1770392040.455 69 71 74 82 90 95 90 78
1770392040.465 65 71 82 98 101 80 75 73
1770392040.475 64 68 78 84 90 85 82 75
1770392040.485 73 68 74 79 91 89 85 85
1770392040.494 74 67 74 77 87 88 81 79
1770392040.504 77 65 76 85 93 92 81 76
1770392040.515 82 65 72 78 91 88 75 74
1770392040.525 68 73 82 87 87 94 88 89
1770392040.535 74 73 79 86 86 88 88 77
1770392040.545 67 66 79 84 89 86 87 80
1770392040.555 78 80 84 86 89 89 88 86
1770392040.564 70 74 75 76 83 83 90 86
1770392040.574 74 73 74 75 88 88 87 82
1770392040.585 77 75 81 87 85 83 86 78
1770392040.595 67 71 83 89 90 89 92 87
1770392040.605 67 60 76 91 92 82 80 78
1770392040.615 75 75 78 86 89 87 91 79
1770392040.625 73 78 82 86 86 96 91 82
1770392040.635 66 72 74 74 78 90 94 83
1770392040.644 77 81 79 81 97 97 88 70
1770392040.654 71 76 72 72 86 100 90 82
1770392040.665 66 68 77 79 87 93 89 85
1770392040.675 74 78 84 82 82 85 88 86
1770392040.685 74 71 79 84 89 94 100 85
1770392040.695 68 77 80 80 81 88 92 86
1770392040.704 76 71 75 74 82 90 90 85
1770392040.715 77 74 77 79 89 99 96 88
1770392040.725 71 71 71 80 84 92 92 81
1770392040.735 73 67 73 83 87 82 82 77
1770392040.745 69 71 68 66 94 97 88 78
1770392040.754 73 73 72 78 93 97 95 84
1770392040.764 87 80 80 80 83 90 90 70
1770392040.774 78 78 76 83 95 98 80 72
1770392040.785 80 76 72 75 90 95 82 68
1770392040.795 70 68 74 76 88 92 84 75
1770392040.805 73 76 83 96 96 93 89 78
1770392040.814 69 69 70 79 89 90 88 79
1770392040.825 65 69 79 91 90 92 94 86
1770392040.835 60 76 90 85 84 85 86 81
1770392040.845 68 69 75 80 93 93 88 81
1770392040.855 76 70 70 79 91 90 85 76
1770392040.865 66 75 76 80 85 87 96 95
1770392040.874 71 73 72 82 86 82 87 82
1770392040.884 70 68 67 71 84 84 81 83
1770392040.895 78 76 76 90 90 91 87 84
1770392040.905 78 75 76 81 86 85 85 82
1770392040.915 79 76 76 78 88 93 82 71
1770392040.925 73 79 76 79 81 93 95 76
1770392040.934 58 67 71 82 89 91 90 81
1770392040.944 75 75 74 79 94 92 83 75
1770392040.955 67 72 77 89 92 93 91 77
1770392040.965 63 79 85 80 83 92 97 82
1770392040.975 64 66 78 84 82 88 94 90
1770392040.984 72 70 84 88 90 91 91 79
1770392040.994 74 74 78 80 87 90 86 79
1770392041.005 78 73 77 79 92 92 92 87
1770392041.015 70 61 68 75 81 84 91 82
1770392041.025 67 72 77 78 85 93 91 88
1770392041.035 71 73 80 81 91 96 91 77
1770392041.044 69 74 77 85 96 91 88 71
1770392041.054 82 92 79 76 96 100 97 78
1770392041.065 62 71 79 76 85 86 97 90
1770392041.075 66 68 73 82 90 87 92 81
1770392041.085 67 71 76 87 90 91 84 84
1770392041.095 76 78 74 74 84 98 98 81
1770392041.105 80 82 77 73 82 85 86 81
1770392041.115 75 75 73 85 92 93 94 80
1770392041.125 79 71 73 78 88 93 93 83
1770392041.135 71 69 67 77 89 90 76 63
1770392041.144 77 80 77 88 87 88 90 88
1770392041.154 81 79 72 78 88 90 94 82
1770392041.164 75 80 75 81 92 89 84 81
1770392041.174 77 75 74 75 88 99 91 82
1770392041.184 73 64 72 74 101 95 89 85
1770392041.194 91 77 72 74 93 102 93 74
1770392041.204 77 75 75 76 91 93 91 75
1770392041.215 67 66 70 82 89 89 92 81
1770392041.225 68 62 67 74 85 88 89 68
1770392041.235 72 80 77 71 76 85 86 64
1770392041.244 71 73 74 83 86 91 82 72
1770392041.254 71 73 73 95 97 93 93 81
1770392041.265 73 77 84 85 87 85 89 87
1770392041.275 60 63 75 88 91 88 82 87
1770392041.285 75 63 74 91 92 93 85 80
1770392041.295 71 63 75 79 83 86 81 72
1770392041.304 71 71 77 83 90 92 87 76
1770392041.315 61 64 77 87 93 90 83 78
1770392041.325 74 71 71 82 97 92 86 68
1770392041.335 74 76 79 90 91 86 82 75
1770392041.344 71 72 78 80 90 91 87 78
1770392041.354 75 74 87 89 89 87 87 75
1770392041.365 70 80 85 82 85 88 93 83
1770392041.375 73 78 82 81 85 93 93 85
1770392041.385 77 80 81 84 86 87 92 78
1770392041.395 67 73 74 82 85 85 98 95
1770392041.405 72 73 76 80 84 80 84 100
1770392041.415 72 77 70 75 85 83 88 91
1770392041.425 75 80 84 75 79 84 92 83
1770392041.435 72 76 77 77 86 97 98 84
1770392041.445 75 86 80 84 87 91 89 74
1770392041.455 75 79 76 81 79 86 82 79
1770392041.465 82 93 83 76 85 88 89 95
1770392041.475 70 75 74 79 85 94 90 88
1770392041.485 68 73 84 79 85 95 95 76
1770392041.495 74 79 82 76 85 93 90 74
1770392041.504 65 78 80 69 83 91 103 86
1770392041.515 79 79 71 82 93 93 89 86
1770392041.525 69 74 66 75 88 92 89 83
1770392041.535 73 72 73 81 93 93 86 77
1770392041.545 71 68 75 79 78 83 87 84
1770392041.554 72 70 77 82 90 92 98 85
1770392041.565 81 62 75 73 87 92 91 69
1770392041.575 77 73 79 81 95 93 94 85
1770392041.585 74 77 75 82 89 92 89 69
1770392041.595 79 72 68 71 97 105 92 80
1770392041.605 76 72 72 77 90 90 93 84
1770392041.615 71 71 74 79 92 92 86 81
1770392041.624 68 69 71 79 91 91 90 77
1770392041.634 78 81 70 65 81 97 98 66
1770392041.645 70 82 75 82 91 93 96 82
1770392041.655 70 74 74 82 89 88 88 74
1770392041.665 75 70 74 74 86 91 88 78
1770392041.675 77 70 80 89 94 93 88 76
1770392041.685 64 63 76 85 88 89 89 82
1770392041.695 75 76 83 85 86 92 86 86
1770392041.704 70 71 80 81 85 90 87 79
1770392041.715 65 67 68 86 93 98 94 81
1770392041.725 71 68 72 81 91 89 83 73
1770392041.735 74 70 75 94 92 89 87 75
1770392041.745 71 72 74 86 88 85 88 77
1770392041.755 67 68 73 75 86 88 90 77
1770392041.765 75 73 75 89 97 98 87 76
1770392041.775 72 81 75 64 85 100 91 75
1770392041.785 67 65 77 81 88 93 92 69
1770392041.795 72 72 81 83 84 88 84 73
1770392041.805 68 67 79 94 89 96 91 82
1770392041.814 73 78 80 82 81 86 90 93
1770392041.825 58 64 76 87 89 90 85 82
1770392041.835 70 77 74 82 85 88 92 72
1770392041.845 69 72 77 80 82 87 90 86
1770392041.855 73 75 83 92 91 88 87 81
1770392041.865 82 74 60 72 97 103 85 68
1770392041.874 73 72 71 74 87 92 90 88
1770392041.885 76 82 85 82 84 86 87 83
1770392041.895 70 84 81 88 91 90 93 93
1770392041.905 76 80 81 78 85 96 98 81
1770392041.915 64 73 80 82 88 91 89 79
1770392041.925 76 74 77 74 87 95 87 81
1770392041.935 70 73 75 73 80 87 94 80
1770392041.945 73 77 78 76 84 85 89 88
1770392041.955 69 60 65 85 92 87 80 78
1770392041.965 70 71 68 75 87 98 86 80
1770392041.975 86 75 72 78 86 90 85 78
1770392041.985 75 74 72 79 93 97 94 83
1770392041.995 92 76 74 83 98 92 83 62
1770392042.004 74 68 72 83 86 86 87 69
1770392042.015 79 80 80 80 94 91 85 71
1770392042.025 71 68 68 71 92 93 93 80
1770392042.035 70 69 75 82 92 91 88 80
1770392042.045 63 75 79 71 77 93 91 73
1770392042.055 66 71 76 85 88 92 87 82
1770392042.065 75 72 76 74 86 93 90 77
1770392042.074 69 70 72 79 86 91 85 75
1770392042.085 67 72 83 86 84 85 90 86
1770392042.095 67 65 69 84 94 83 74 76
1770392042.105 76 69 73 89 91 90 83 72
1770392042.115 72 68 72 85 90 91 86 81
1770392042.125 70 74 72 75 94 91 94 81
1770392042.135 81 72 73 79 92 86 81 71
1770392042.144 63 56 76 86 92 90 88 89
1770392042.154 68 70 77 80 92 89 80 82
1770392042.165 71 73 76 78 87 91 86 87
1770392042.175 78 84 83 79 80 97 107 86
1770392042.185 58 68 74 74 71 85 90 85
1770392042.195 71 74 78 88 91 88 90 76
1770392042.205 70 78 76 85 85 89 87 72
1770392042.215 70 74 81 82 85 91 95 87
1770392042.225 68 67 74 85 82 77 86 86
1770392042.235 70 78 77 85 90 91 92 81
1770392042.245 75 74 80 84 91 89 89 77
1770392042.255 73 73 79 79 90 97 89 77
1770392042.265 80 80 74 81 91 100 95 76
1770392042.275 73 73 76 66 83 90 98 83
1770392042.285 77 82 77 81 88 89 89 79
1770392042.295 72 75 81 86 84 87 92 79
1770392042.305 69 73 70 70 84 94 98 81
1770392042.315 74 84 81 69 84 88 89 75
1770392042.325 80 78 82 82 83 81 89 76
1770392042.335 72 75 78 83 89 89 89 84
1770392042.345 73 71 83 82 89 88 90 73
1770392042.355 75 74 79 84 85 95 88 77
1770392042.365 62 60 67 79 83 89 93 88
1770392042.375 70 70 75 79 85 91 88 87
1770392042.385 69 74 76 80 86 93 84 79
1770392042.395 74 73 73 86 92 98 85 83
1770392042.405 88 80 71 70 89 95 75 59
1770392042.415 73 71 72 74 86 91 84 76
1770392042.425 64 71 73 76 94 97 92 84
1770392042.435 67 63 69 76 94 94 84 81
1770392042.445 75 78 81 78 86 94 94 76
1770392042.455 77 72 84 76 85 89 95 78
1770392042.465 80 69 77 80 92 99 93 88
1770392042.475 68 72 76 77 84 87 78 85
1770392042.485 63 68 77 88 87 90 95 86
1770392042.495 74 58 69 85 89 79 76 74
1770392042.505 71 61 74 74 88 91 82 70
1770392042.515 69 71 76 79 87 93 86 79
1770392042.525 69 72 75 78 83 94 88 83
1770392042.535 80 73 68 73 98 101 85 61
1770392042.545 74 79 79 83 86 86 79 75
1770392042.555 76 77 78 86 88 95 87 76
1770392042.565 83 79 80 82 85 94 84 81
1770392042.575 70 75 83 76 81 94 92 88
1770392042.585 73 80 81 76 86 90 99 85
1770392042.595 70 68 74 82 87 78 81 77
1770392042.605 80 76 81 73 84 90 93 82
1770392042.615 75 74 74 73 80 87 89 83
1770392042.625 68 72 75 81 87 86 95 92
1770392042.635 72 77 84 93 90 88 84 74
1770392042.645 73 73 77 83 86 90 88 86
1770392042.655 80 69 80 80 92 91 91 80
1770392042.665 73 69 73 84 94 94 90 75
1770392042.675 71 73 71 72 86 94 94 72
1770392042.685 76 80 81 85 89 95 91 71
1770392042.695 79 76 76 84 93 98 95 84
1770392042.705 76 81 76 77 87 92 89 83
1770392042.715 65 85 82 75 82 96 105 90
1770392042.725 67 79 91 93 83 82 83 79
1770392042.735 78 72 68 82 87 92 91 81
1770392042.745 73 74 72 82 91 97 92 88
1770392042.755 78 75 70 77 88 90 91 89
1770392042.765 79 73 72 85 95 94 93 80
1770392042.775 70 71 71 74 87 93 91 79
1770392042.785 74 79 77 76 89 97 88 85
1770392042.795 71 74 75 83 89 95 89 79
1770392042.805 75 69 65 64 92 99 82 74
1770392042.815 68 78 77 79 91 94 90 74
1770392042.825 71 65 69 81 88 93 88 78
1770392042.835 65 70 76 89 92 92 91 75
1770392042.845 79 76 72 69 86 95 92 78
1770392042.856 67 77 83 82 82 90 90 88
1770392042.865 75 72 76 82 91 86 84 71
1770392042.875 72 72 74 79 86 91 89 85
1770392042.885 77 76 78 88 96 95 78 72
1770392042.895 65 61 70 87 96 90 88 84
1770392042.905 66 73 81 91 92 90 85 81
1770392042.915 66 63 75 84 91 88 88 81
1770392042.925 70 73 76 88 94 89 87 83
1770392042.935 65 65 67 80 84 86 78 72
1770392042.945 78 80 72 81 87 93 83 73
1770392042.955 84 81 84 88 91 85 83 79
1770392042.965 61 74 79 74 85 91 85 81
1770392042.975 68 75 84 85 91 88 91 71
1770392042.985 73 77 80 70 94 96 96 75
1770392042.995 63 70 83 84 90 90 92 90
1770392043.005 70 73 78 77 82 90 87 80
1770392043.015 67 73 78 84 87 89 85 98
1770392043.025 66 69 75 84 89 83 82 86
1770392043.035 77 71 77 88 95 92 88 90
1770392043.046 80 77 81 86 93 86 94 81
1770392043.055 75 73 76 73 80 91 94 83
1770392043.065 74 82 84 83 87 91 87 81
1770392043.075 75 76 74 83 92 100 87 59
1770392043.085 72 83 76 77 90 99 93 83
1770392043.095 71 76 76 78 81 92 91 71
1770392043.105 73 80 76 76 85 97 92 82
1770392043.115 61 72 79 82 88 92 94 77
1770392043.125 60 70 80 87 82 85 94 82
1770392043.136 77 79 81 89 97 101 96 71
1770392043.146 80 80 74 78 81 89 94 84
1770392043.155 80 80 78 86 88 91 91 88
1770392043.165 69 65 73 89 96 86 82 86
1770392043.175 70 63 72 81 95 98 93 89
1770392043.185 78 65 66 75 91 95 87 73
1770392043.195 73 72 74 82 94 95 90 69
1770392043.207 76 73 78 79 94 88 81 69
1770392043.215 69 62 67 76 87 88 85 72
1770392043.225 81 74 78 89 95 90 86 69
1770392043.235 69 73 66 80 96 90 87 73
1770392043.245 76 73 77 81 86 89 85 85
1770392043.255 70 77 76 83 87 86 88 78
1770392043.266 64 68 77 91 99 104 98 89
1770392043.275 70 61 70 79 88 90 77 81
1770392043.286 75 75 83 83 86 93 84 84
1770392043.295 76 71 83 89 90 89 87 87
1770392043.305 58 55 75 90 89 86 82 80
1770392043.315 76 70 81 92 93 92 90 85
1770392043.325 61 67 78 84 90 90 89 83
1770392043.335 70 71 76 82 91 95 90 84
1770392043.345 83 85 73 74 91 92 85 70
1770392043.355 61 68 80 94 98 101 94 88
1770392043.366 68 71 81 79 84 84 82 80
1770392043.376 63 70 77 86 92 87 86 78
1770392043.386 69 76 85 88 84 88 94 76
1770392043.395 61 71 78 76 70 83 97 100
1770392043.405 78 73 80 80 89 91 87 86
1770392043.415 71 72 78 81 89 82 84 81
1770392043.425 68 72 78 74 91 86 89 71
1770392043.435 75 74 79 83 87 77 84 76
1770392043.445 75 76 77 83 93 84 88 85
1770392043.456 80 73 75 87 92 88 90 78
1770392043.466 73 73 81 87 85 88 85 74
1770392043.475 82 81 71 76 88 103 91 68
1770392043.487 72 70 69 67 83 102 89 65
1770392043.496 68 72 74 71 89 90 93 78
1770392043.505 76 79 77 76 87 89 89 81
1770392043.515 66 71 73 86 96 97 89 85
1770392043.526 76 76 74 80 90 95 94 74
1770392043.536 80 75 74 79 91 98 96 80
1770392043.546 68 73 77 81 90 92 92 76
1770392043.556 67 79 74 87 88 87 90 77
1770392043.566 69 76 81 87 96 96 89 78
1770392043.576 79 65 61 75 91 87 79 91
1770392043.587 70 74 73 75 85 90 95 81
1770392043.596 72 75 80 83 91 93 92 84
1770392043.606 69 68 73 95 93 93 92 83
1770392043.616 82 74 68 71 88 93 79 64
1770392043.626 67 69 78 84 93 94 92 81
1770392043.636 76 75 77 85 92 94 85 70
1770392043.646 63 68 77 85 89 85 85 78
1770392043.656 68 65 78 90 94 87 85 84
1770392043.667 47 49 70 87 90 88 87 86
1770392043.676 73 68 72 75 89 92 86 84
1770392043.687 69 67 72 79 86 88 90 77
1770392043.696 63 65 79 85 89 93 91 83
1770392043.706 68 62 69 95 103 83 72 75
1770392043.716 65 63 77 86 95 81 83 80
1770392043.726 67 67 76 82 89 87 91 86
1770392043.736 68 67 73 86 85 83 92 82
1770392043.746 77 72 75 89 93 90 89 69
1770392043.756 66 73 75 76 82 89 90 79
1770392043.766 65 73 72 75 85 93 95 88
1770392043.777 80 84 76 75 81 86 91 73
1770392043.786 69 68 79 87 90 92 101 88
1770392043.796 66 75 82 87 79 88 85 86
1770392043.806 64 68 77 82 84 92 88 89
1770392043.816 80 71 74 78 87 90 90 70
1770392043.826 75 73 71 73 80 86 83 79
1770392043.836 69 75 78 88 91 93 93 79
1770392043.847 80 73 76 89 86 87 84 70
1770392043.856 80 71 74 84 91 92 87 75
1770392043.866 76 81 77 79 86 89 81 80
1770392043.876 73 75 78 86 87 92 90 80
1770392043.886 81 72 64 77 91 97 85 62
1770392043.897 70 69 70 78 84 92 94 81
1770392043.906 81 82 77 81 91 97 92 75
1770392043.916 73 76 74 74 81 94 90 75
1770392043.926 66 72 76 76 87 92 93 72
1770392043.936 69 65 72 78 83 82 86 71
1770392043.946 70 64 71 89 92 96 94 79
1770392043.957 79 73 71 81 87 87 88 70
1770392043.967 74 62 68 88 93 89 89 73
1770392043.976 84 67 71 86 100 96 78 63
1770392043.987 78 76 74 79 85 91 90 75
1770392043.996 77 77 74 91 93 95 89 80
1770392044.006 77 78 76 78 87 93 84 79
1770392044.016 76 74 75 85 98 102 88 66
1770392044.026 65 75 80 73 85 94 87 76
1770392044.036 66 65 77 88 94 92 85 74
1770392044.046 69 67 75 84 90 91 88 86
1770392044.057 70 61 70 76 88 86 88 83
1770392044.066 69 65 84 91 84 81 92 79
1770392044.076 65 62 76 84 85 80 88 83
1770392044.086 77 72 80 86 95 91 84 76
1770392044.096 77 73 76 84 89 85 84 66
1770392044.106 67 63 75 92 96 88 87 87
1770392044.116 73 68 74 80 87 90 95 80
1770392044.127 66 68 74 81 86 90 91 84
1770392044.137 67 73 80 87 90 86 88 78
1770392044.146 74 72 77 79 83 85 84 88
1770392044.156 80 76 77 81 92 93 90 79
1770392044.166 74 73 78 79 84 87 90 87
1770392044.176 63 69 77 75 85 90 90 87
1770392044.186 68 65 79 91 94 83 86 75
1770392044.197 66 71 76 76 93 92 97 75
1770392044.207 74 77 85 84 83 84 92 81
1770392044.217 77 76 77 77 83 91 86 87
1770392044.226 74 83 84 80 88 90 97 92
1770392044.236 69 75 80 82 83 82 83 90
1770392044.246 84 71 77 85 84 86 80 71
1770392044.256 82 73 77 78 89 91 91 78
1770392044.267 68 73 76 80 86 93 94 92
1770392044.277 78 80 83 83 83 95 91 85
1770392044.286 79 79 79 75 94 93 85 76
1770392044.296 85 82 77 76 85 98 92 78
1770392044.306 84 77 79 77 85 90 85 76
1770392044.316 72 78 84 87 91 93 90 79
1770392044.327 69 73 78 84 88 90 93 78
1770392044.337 63 74 82 89 82 90 94 94
1770392044.347 73 67 76 79 90 93 92 81
1770392044.356 75 69 72 75 91 95 89 83
1770392044.366 81 77 73 71 87 90 85 75
1770392044.376 75 71 75 81 95 87 82 91
1770392044.387 74 63 74 83 101 94 87 84
1770392044.396 84 65 70 81 94 95 84 65
1770392044.406 74 69 75 83 96 95 92 72
1770392044.416 74 75 78 84 95 92 84 78
1770392044.426 74 76 80 82 93 90 82 79
1770392044.436 80 75 83 85 93 86 83 80
1770392044.446 71 67 68 86 97 97 87 76
1770392044.456 65 70 76 87 90 89 88 80
1770392044.466 75 71 82 88 89 94 88 80
1770392044.476 68 70 81 94 91 97 88 81
1770392044.486 75 73 80 85 89 93 83 79
1770392044.496 75 75 75 87 91 88 83 75
1770392044.506 74 71 76 82 86 90 88 80
1770392044.516 69 60 72 88 91 79 81 87
1770392044.526 80 76 82 97 93 85 85 79
1770392044.536 67 63 74 90 89 90 89 81
1770392044.546 75 73 74 81 91 89 80 73
1770392044.556 84 77 74 82 82 92 85 66
1770392044.566 76 75 74 78 87 102 90 91
1770392044.577 77 78 83 82 88 85 82 84
1770392044.587 71 75 77 82 86 93 81 84
1770392044.597 74 75 72 82 93 93 90 82
1770392044.607 54 77 87 74 76 86 99 92
1770392044.617 68 75 81 81 87 89 94 69
1770392044.626 73 75 71 79 81 90 89 78
1770392044.636 69 74 76 84 89 92 91 83
1770392044.646 74 82 85 89 90 81 89 83
1770392044.656 81 71 81 97 96 94 88 90
1770392044.666 75 71 78 81 86 90 87 89
1770392044.676 69 67 74 82 89 85 89 83
1770392044.686 76 71 76 81 97 100 93 74
1770392044.696 67 67 71 71 91 93 98 81
1770392044.706 78 82 69 67 77 90 91 94
1770392044.716 78 73 74 73 86 89 84 76
1770392044.727 65 65 72 82 91 88 90 78
1770392044.737 79 74 69 76 83 90 88 61
1770392044.747 80 86 87 80 81 96 93 79
1770392044.756 78 76 78 80 91 92 93 69
1770392044.767 77 72 76 85 89 93 91 78
1770392044.776 75 74 72 81 94 99 88 86
1770392044.786 65 64 74 93 95 92 80 75
1770392044.796 73 71 77 91 99 95 92 77
1770392044.806 71 76 73 78 89 90 91 70
1770392044.816 61 63 75 85 93 88 89 77
1770392044.826 72 68 77 82 94 91 84 70
1770392044.836 76 82 77 74 91 95 96 83
1770392044.846 76 83 80 79 94 91 89 73
1770392044.857 63 69 74 84 89 94 93 87
1770392044.867 71 72 78 97 95 90 88 80
1770392044.876 63 67 89 88 87 87 92 93
1770392044.886 72 67 77 85 92 96 89 81
1770392044.896 70 70 76 80 89 93 85 82
1770392044.906 68 65 83 83 92 96 93 79
1770392044.916 75 72 76 84 93 86 81 87
1770392044.926 73 64 67 75 90 91 84 81
1770392044.936 74 68 81 85 88 89 92 82
1770392044.946 70 71 76 79 75 81 89 88
1770392044.956 77 80 86 90 92 89 86 74
1770392044.966 66 86 78 69 86 89 92 73
1770392044.977 64 69 80 87 87 95 87 91
1770392044.986 78 76 76 77 83 87 87 79
1770392044.996 70 76 76 78 90 91 93 94
1770392045.006 67 75 79 85 82 92 106 88
1770392045.016 62 70 73 81 89 85 89 91
1770392045.026 68 72 74 81 89 91 87 86
1770392045.036 67 69 72 69 83 92 93 88
1770392045.046 74 74 81 82 93 92 85 81
1770392045.056 78 73 75 77 87 85 81 83
1770392045.066 77 75 79 75 87 90 88 77
1770392045.076 79 79 77 74 85 90 89 81
1770392045.086 75 78 77 77 90 92 95 78
1770392045.096 78 73 74 81 94 94 92 85
1770392045.106 60 73 72 73 82 94 92 90
1770392045.116 74 75 74 88 96 97 88 73
1770392045.126 73 70 70 78 89 97 86 79
1770392045.136 71 72 72 78 86 92 91 89
1770392045.146 68 70 81 76 86 82 87 88
1770392045.156 74 75 79 90 97 95 92 81
1770392045.166 74 77 73 79 91 90 89 75
1770392045.177 75 66 71 76 87 88 91 85
1770392045.187 86 72 75 76 96 90 85 75
1770392045.197 79 81 72 73 94 97 86 87
1770392045.207 79 75 77 88 100 96 86 72
1770392045.217 73 73 72 78 94 90 91 77
1770392045.227 72 68 77 80 96 93 99 89
1770392045.237 73 79 81 82 84 89 95 90
1770392045.247 68 74 81 87 94 93 88 81
1770392045.257 72 72 79 87 88 91 87 75
1770392045.267 68 61 70 82 88 89 85 73
1770392045.277 67 74 81 88 92 84 84 91
1770392045.287 65 70 77 82 87 77 80 83
1770392045.297 73 70 77 86 92 87 90 77
1770392045.307 74 69 77 82 87 82 84 75
1770392045.317 64 68 73 88 91 93 89 80
1770392045.327 74 74 74 84 89 93 90 80
1770392045.337 71 74 81 81 84 88 91 86
1770392045.347 73 75 80 89 89 96 91 85
1770392045.356 73 74 75 80 83 82 83 77
1770392045.366 86 80 79 80 91 90 88 74
1770392045.376 68 74 75 72 75 83 90 70
1770392045.387 69 69 77 82 84 85 87 79
1770392045.396 70 73 80 82 84 79 83 71
1770392045.407 67 71 83 86 93 91 94 87
1770392045.417 69 66 84 91 86 79 84 83
1770392045.427 70 69 76 78 83 82 81 79
1770392045.437 72 80 75 83 92 94 95 91
1770392045.447 64 74 77 80 80 86 92 81
1770392045.457 80 75 73 80 94 95 85 69
1770392045.467 84 85 72 74 86 92 90 74
1770392045.477 72 74 75 83 87 86 93 84
1770392045.486 78 76 78 77 85 90 87 82
1770392045.496 73 72 73 80 91 91 92 80
1770392045.506 70 89 82 72 84 88 94 77
1770392045.517 75 69 73 74 84 82 86 71
1770392045.527 77 71 75 92 100 94 92 77
1770392045.537 72 72 72 68 84 88 84 81
1770392045.546 75 73 82 85 90 81 84 91
1770392045.556 73 63 72 83 94 87 85 73
1770392045.567 72 71 70 70 88 94 86 82
1770392045.576 74 73 74 83 87 92 89 74
1770392045.587 70 70 76 86 98 90 86 78
1770392045.597 77 70 68 85 101 93 82 73
1770392045.606 75 67 68 82 94 95 88 75
1770392045.616 83 73 78 85 94 95 95 71
1770392045.626 73 71 72 78 83 92 95 82
1770392045.637 76 75 77 81 91 95 90 78
1770392045.646 81 81 82 90 96 88 88 80
1770392045.657 70 71 74 80 87 91 85 72
1770392045.666 71 71 76 84 87 91 86 81
1770392045.676 67 71 74 79 92 91 88 84
1770392045.687 65 73 79 88 89 84 91 87
1770392045.697 65 68 73 83 89 83 84 78
1770392045.707 75 71 77 84 92 91 84 77
1770392045.717 74 77 81 83 86 87 86 76
1770392045.727 69 69 66 80 86 88 87 83
1770392045.736 74 69 69 76 90 85 80 59
1770392045.746 75 78 84 83 91 93 92 87
1770392045.756 73 76 81 85 92 90 90 85
1770392045.767 70 73 80 85 89 93 90 76
1770392045.777 58 82 85 81 81 95 103 86
1770392045.787 63 69 79 77 86 85 88 87
1770392045.797 70 76 78 75 86 90 90 88
1770392045.807 71 72 76 77 90 90 94 92
1770392045.817 70 70 75 81 79 86 91 97
1770392045.827 82 81 78 87 82 83 86 79
1770392045.837 72 75 74 80 85 91 90 85
1770392045.847 73 72 76 79 82 93 92 87
1770392045.857 83 75 69 81 92 98 91 74
1770392045.867 89 87 72 80 90 94 87 68
1770392045.877 77 80 73 69 77 86 85 84
1770392045.887 72 70 76 80 91 92 91 84
1770392045.897 77 74 76 79 93 88 80 72
1770392045.907 66 75 74 76 85 98 96 83
1770392045.916 86 81 73 69 82 94 88 86
1770392045.926 79 82 76 75 85 91 85 82
1770392045.937 72 80 81 82 91 86 87 77
1770392045.946 76 68 68 82 96 93 81 73
1770392045.957 74 76 79 84 92 90 88 76
1770392045.967 76 74 75 84 91 92 89 67
1770392045.977 72 75 73 77 87 87 84 75
1770392045.987 77 76 75 83 94 88 84 74
1770392045.996 81 63 67 92 96 88 86 84
1770392046.007 84 79 80 90 99 93 85 74
1770392046.017 73 63 70 78 92 88 84 72
1770392046.027 60 68 82 85 92 89 83 85
1770392046.037 68 67 77 79 88 89 86 76
1770392046.047 67 71 85 87 84 86 92 88
1770392046.057 74 73 81 90 91 93 93 78
1770392046.066 71 71 78 82 84 90 89 87
1770392046.077 77 72 84 89 88 85 87 75
1770392046.087 72 70 75 80 84 83 86 89
1770392046.096 72 69 76 87 96 93 88 85
1770392046.106 69 76 78 83 92 92 92 87
1770392046.117 63 70 81 78 96 93 93 90
1770392046.126 63 74 77 82 87 89 90 81
1770392046.137 78 78 69 68 88 93 91 76
1770392046.147 75 73 86 94 91 96 92 82
1770392046.157 69 75 75 72 82 91 93 83
1770392046.166 73 81 83 77 83 88 85 86
1770392046.177 70 81 78 74 79 88 90 85
1770392046.187 74 83 87 82 89 93 94 100
1770392046.197 80 74 75 78 88 88 90 81
1770392046.207 77 79 82 82 92 95 97 88
1770392046.217 68 73 84 87 93 89 91 89
1770392046.227 69 72 82 76 81 88 96 87
1770392046.237 73 71 78 81 88 88 87 82
1770392046.246 72 73 71 74 88 94 92 78
1770392046.256 76 83 82 81 84 89 93 81
1770392046.266 84 82 81 74 79 88 80 68
1770392046.276 77 73 72 70 90 95 91 88
1770392046.286 78 74 68 75 86 94 87 66
1770392046.296 72 76 77 79 86 90 91 83
1770392046.307 76 78 81 90 91 96 91 80
1770392046.317 62 73 76 78 83 95 93 85
1770392046.327 71 71 74 81 91 88 85 77
1770392046.337 71 69 76 77 88 94 93 85
1770392046.347 75 70 80 77 89 92 91 77
1770392046.356 81 79 76 81 89 90 84 83
1770392046.366 80 69 73 83 90 88 90 83
1770392046.376 74 70 74 79 86 95 85 73
1770392046.387 74 67 73 72 87 91 91 76
1770392046.397 74 76 76 87 102 101 91 72
1770392046.407 79 86 72 68 82 96 94 64
1770392046.417 75 76 80 89 94 93 89 83
1770392046.427 73 65 69 81 93 95 85 83
1770392046.437 71 58 70 84 90 90 93 82
1770392046.447 76 73 76 72 76 86 94 88
1770392046.457 61 74 89 94 89 90 94 96
1770392046.467 72 68 77 88 91 87 84 75
1770392046.477 64 62 73 80 91 86 82 74
1770392046.486 72 74 76 95 97 88 87 74
1770392046.496 71 66 73 78 93 83 84 82
1770392046.506 73 70 81 84 98 101 94 86
1770392046.516 72 72 82 82 93 86 85 76
1770392046.526 67 66 78 87 91 95 98 82
1770392046.536 72 73 74 79 94 95 86 71
1770392046.546 75 85 81 80 85 86 87 86
1770392046.557 72 74 80 81 91 102 96 89
1770392046.567 73 75 71 75 79 88 93 90
1770392046.577 76 76 77 88 89 93 93 80
1770392046.587 65 74 79 72 68 84 102 98
1770392046.596 65 69 75 76 91 88 95 88
1770392046.606 76 79 82 79 82 86 92 79
1770392046.617 70 84 83 92 93 90 92 82
1770392046.626 75 70 69 88 91 80 88 79
1770392046.636 77 71 68 76 91 95 95 86
1770392046.647 73 81 80 80 91 97 101 91
1770392046.657 73 78 79 68 79 94 94 84
1770392046.667 71 69 72 85 98 97 90 80
1770392046.677 70 80 72 65 85 91 89 75
1770392046.687 67 68 72 65 86 95 95 82
1770392046.697 82 77 74 78 85 94 88 78
1770392046.707 74 76 78 88 90 89 87 80
1770392046.717 69 70 80 91 82 87 90 86
1770392046.727 66 61 62 76 82 90 89 79
1770392046.737 75 81 76 81 95 97 89 75
1770392046.747 79 75 72 81 90 96 92 87
1770392046.757 76 69 78 92 99 98 90 86
1770392046.767 90 69 68 85 94 91 78 66
1770392046.777 73 71 69 79 87 94 91 81
1770392046.787 78 75 72 78 90 93 90 75
1770392046.797 74 70 72 85 87 93 90 70
1770392046.807 75 81 76 80 93 96 90 65
1770392046.817 79 76 73 76 85 95 86 76
1770392046.827 76 79 79 74 91 91 82 76
1770392046.836 78 77 72 83 92 88 83 72
1770392046.846 73 74 77 82 90 91 84 79
1770392046.856 67 71 81 93 91 90 87 80
1770392046.866 54 58 77 78 94 94 89 80
1770392046.876 76 71 75 76 90 85 84 70
1770392046.886 68 71 76 85 91 85 84 71
1770392046.897 69 63 76 89 98 84 89 90
1770392046.907 74 61 74 66 104 87 82 73
1770392046.917 76 74 80 84 91 91 89 76
1770392046.927 74 72 77 76 84 89 86 75
1770392046.937 72 70 77 82 88 93 92 83
1770392046.947 74 81 82 76 76 85 79 73
1770392046.957 67 69 85 92 90 91 88 76
1770392046.967 68 71 83 87 93 92 91 80
1770392046.977 76 73 72 79 90 91 91 84
1770392046.987 62 69 87 95 86 89 98 107
1770392046.997 58 57 69 82 81 80 88 88
1770392047.007 72 73 73 84 89 88 88 79
1770392047.017 72 78 75 82 92 90 87 80
1770392047.027 66 76 76 77 81 86 88 89
1770392047.037 81 77 76 82 88 90 82 65
1770392047.047 72 73 79 85 91 95 82 87
1770392047.057 75 74 79 80 92 91 85 85
1770392047.067 75 79 77 70 83 88 87 79
1770392047.077 77 81 76 67 86 98 91 70
1770392047.087 73 79 80 78 82 93 95 81
1770392047.097 77 71 74 82 86 90 94 74
1770392047.107 75 80 78 80 88 90 86 86
1770392047.117 65 79 72 67 78 93 91 88
1770392047.127 72 79 79 76 80 86 91 81
1770392047.137 79 80 78 75 82 88 93 82
1770392047.147 77 71 77 88 90 93 90 80
1770392047.157 78 70 68 78 94 90 86 70
1770392047.167 80 77 75 81 90 93 88 78
1770392047.177 82 74 70 85 91 90 86 70
1770392047.187 67 67 74 76 87 92 88 75
1770392047.197 83 71 81 82 97 98 95 79
1770392047.207 69 71 68 84 96 100 91 76
1770392047.217 79 76 76 65 79 88 86 63
1770392047.227 75 77 69 75 80 85 88 70
1770392047.237 69 78 80 83 91 94 90 76
1770392047.247 76 68 75 84 89 92 80 67
1770392047.257 67 72 81 79 89 92 90 86
1770392047.267 62 73 76 90 93 92 85 80
1770392047.277 73 71 76 80 89 88 85 76
1770392047.287 74 72 71 88 95 93 87 84
1770392047.297 72 64 70 90 94 90 88 85
1770392047.307 79 68 63 88 99 90 89 80
1770392047.317 75 71 74 84 93 97 90 81
1770392047.327 57 71 79 80 85 89 87 86
1770392047.337 71 73 74 78 85 82 83 79
1770392047.347 74 73 69 74 87 92 84 65
1770392047.357 80 78 78 93 93 91 78 67
1770392047.367 70 71 69 84 83 85 90 84
1770392047.377 72 71 72 89 94 92 88 72
1770392047.387 72 74 80 90 87 81 85 81
1770392047.397 60 72 89 88 88 87 91 96
1770392047.407 69 76 80 83 94 89 91 80
1770392047.417 65 74 84 85 90 91 91 88
1770392047.427 72 70 75 85 88 83 83 75
1770392047.437 62 71 78 85 84 82 83 86
1770392047.447 70 67 72 81 91 92 90 82
1770392047.457 74 73 73 77 85 94 95 88
1770392047.467 71 75 74 84 88 90 92 80
1770392047.476 70 77 82 81 84 89 92 74
1770392047.487 74 82 76 78 89 95 94 76
1770392047.497 83 82 70 80 85 91 89 81
1770392047.507 77 76 71 76 86 89 95 85
1770392047.517 77 78 74 79 95 92 95 90
1770392047.527 64 70 80 70 78 85 95 87
1770392047.537 70 71 78 79 87 90 84 83
1770392047.548 74 72 73 75 83 93 92 85
1770392047.557 68 70 73 80 92 93 93 86
1770392047.567 78 74 78 74 88 87 87 74
1770392047.577 81 62 68 82 90 90 83 76
1770392047.587 71 65 68 70 92 99 89 81
1770392047.597 66 67 73 77 87 88 88 77
1770392047.607 70 75 80 84 92 96 94 81
1770392047.617 79 84 75 66 83 92 89 69
1770392047.627 75 83 78 81 94 94 94 84
1770392047.637 73 72 72 79 95 92 92 82
1770392047.647 74 70 68 75 92 96 98 96
1770392047.657 78 72 75 86 84 91 88 73
1770392047.667 63 64 86 96 96 88 87 88
1770392047.677 68 71 78 86 96 92 84 72
1770392047.687 73 66 72 84 89 91 84 74
1770392047.697 75 71 78 86 94 93 89 66
1770392047.707 68 67 72 89 97 87 89 78
1770392047.717 63 69 72 87 98 91 88 78
1770392047.727 69 72 73 82 91 86 86 72
1770392047.737 64 60 71 79 94 91 90 76
1770392047.747 67 73 76 82 86 86 92 76
1770392047.757 68 77 81 80 92 96 98 95
1770392047.767 76 74 80 78 90 94 92 85
1770392047.777 67 65 76 81 86 91 79 71
1770392047.787 78 74 75 87 90 87 82 71
1770392047.797 67 77 74 72 78 92 96 85
1770392047.807 63 71 80 88 90 86 91 86
1770392047.817 75 77 87 89 93 87 88 79
1770392047.828 59 64 78 86 84 94 86 81
1770392047.837 63 67 77 84 89 89 87 85
1770392047.847 74 68 71 76 94 96 80 67
1770392047.857 72 76 82 85 96 92 92 88
1770392047.867 70 67 77 84 85 85 86 81
1770392047.877 71 72 73 77 85 93 84 82
1770392047.887 72 83 77 74 82 95 92 75
1770392047.897 70 71 76 78 83 93 105 91
1770392047.907 70 74 81 80 88 84 91 83
1770392047.917 59 70 76 84 87 92 87 89
1770392047.928 73 80 79 82 85 90 96 84
1770392047.937 67 73 73 82 78 81 90 86
1770392047.947 77 79 82 79 85 89 94 88
1770392047.957 76 72 82 75 79 93 97 96
1770392047.967 81 69 75 78 87 87 90 80
1770392047.977 75 71 66 73 94 92 76 66
1770392047.987 72 72 66 66 83 94 92 80
1770392047.997 81 75 74 74 91 96 89 83
1770392048.007 75 73 76 82 92 93 91 81
1770392048.018 75 78 78 80 93 96 93 87
1770392048.028 76 76 68 72 85 88 77 71
1770392048.037 71 75 77 76 93 92 88 69
1770392048.047 69 69 74 83 91 88 90 77
1770392048.057 73 73 78 79 92 87 86 85
1770392048.067 82 78 73 85 91 87 90 80
1770392048.077 63 67 65 78 91 89 97 86
1770392048.087 77 73 73 81 88 86 90 70
1770392048.097 74 68 70 81 91 90 89 80
1770392048.108 69 71 78 95 102 90 90 98
1770392048.118 80 67 64 79 92 88 79 64
1770392048.127 79 73 72 87 97 91 90 73
1770392048.137 76 74 80 89 94 91 92 83
1770392048.148 74 73 73 76 88 89 88 78
1770392048.157 83 82 77 82 94 94 87 71
1770392048.168 65 68 76 86 93 93 94 74
1770392048.178 68 73 75 83 92 91 90 76
1770392048.187 68 70 71 83 90 88 84 81
1770392048.197 65 64 83 90 92 92 88 89
1770392048.207 57 64 79 94 90 74 75 81
1770392048.218 68 66 78 85 95 89 88 73
1770392048.227 71 73 78 86 93 88 88 82
1770392048.237 63 65 75 77 79 85 85 81
1770392048.247 77 72 74 87 97 88 80 70
1770392048.257 73 74 77 81 92 94 82 88
1770392048.268 68 72 80 82 89 92 92 86
1770392048.278 69 72 73 66 78 86 83 85
1770392048.288 70 76 76 73 88 98 89 82
1770392048.298 68 71 74 74 77 86 90 91
1770392048.307 75 75 78 81 91 88 91 85
1770392048.318 73 74 75 86 89 90 91 79
1770392048.328 68 75 69 75 83 87 96 85
1770392048.337 71 80 84 74 80 83 88 88
1770392048.348 67 77 74 77 84 89 93 81
1770392048.357 75 78 77 76 87 92 87 83
1770392048.368 84 74 74 74 87 90 90 70
1770392048.378 79 75 75 79 89 92 89 76
1770392048.389 65 67 64 74 95 91 81 77
1770392048.399 73 73 74 77 88 96 88 88
1770392048.408 83 75 79 85 96 99 81 69
1770392048.418 74 71 67 75 91 92 89 76
1770392048.428 72 81 74 65 80 91 92 66
1770392048.438 70 76 77 75 87 88 94 77
1770392048.448 80 74 77 78 88 91 90 83
1770392048.458 79 66 76 78 87 91 87 69
1770392048.468 76 71 81 81 93 95 96 80
1770392048.478 64 61 73 88 87 84 78 79
1770392048.488 73 69 73 80 83 93 87 79
1770392048.498 74 76 75 90 95 93 84 78
1770392048.508 69 67 74 81 94 97 90 82
1770392048.518 79 66 69 80 101 99 68 61
1770392048.528 72 65 68 73 88 92 81 73
1770392048.538 61 64 73 86 98 93 92 85
1770392048.548 74 71 74 86 92 90 77 68
1770392048.558 79 76 77 86 88 96 95 74
1770392048.568 66 78 79 80 81 88 89 77
1770392048.579 65 71 74 81 85 90 93 90
1770392048.589 70 76 82 85 92 93 80 88
1770392048.599 70 69 80 88 87 94 89 89
1770392048.608 68 69 76 96 86 91 95 94
1770392048.618 74 76 78 82 93 92 90 83
1770392055.201 0 0 0 0 0 0 0 0
1770392055.211 0 0 0 0 0 0 0 0
1770392055.221 0 0 0 0 0 0 0 0
1770392055.230 0 0 0 0 0 0 0 0
1770392055.240 0 0 0 0 0 0 0 0
1770392055.250 0 0 0 0 0 0 0 0
1770392055.260 0 0 0 0 0 0 0 0
1770392055.271 0 0 0 0 0 0 0 0
1770392055.281 0 0 0 0 0 0 0 0
1770392055.291 0 0 0 0 0 0 0 0
1770392055.300 0 0 0 0 0 0 0 0
1770392055.310 0 0 0 0 0 0 0 0
1770392055.320 0 0 0 0 0 0 0 0
1770392055.331 0 0 0 0 0 0 0 0
1770392055.341 0 0 0 0 0 0 0 0
1770392055.351 0 0 0 0 0 0 0 0
1770392055.361 0 0 0 0 0 0 0 0
1770392055.371 0 0 0 0 0 0 0 0
1770392055.381 0 0 0 0 0 0 0 0
1770392055.390 0 0 0 0 0 0 0 0
1770392055.400 0 0 0 0 0 0 0 0
1770392055.410 0 0 0 0 0 0 0 0
1770392055.421 0 0 0 0 0 0 0 0
1770392055.431 0 0 0 0 0 0 0 0
1770392055.441 0 0 0 0 0 0 0 0
1770392055.451 0 0 0 0 0 0 0 0
1770392055.461 0 0 0 0 0 0 0 0
1770392055.471 0 0 0 0 0 0 0 0
1770392055.481 0 0 0 0 0 0 0 0
1770392055.491 0 0 0 0 0 0 0 0
1770392055.501 0 0 0 0 0 0 0 0
1770392055.511 0 0 0 0 0 0 0 0
1770392055.521 0 0 0 0 0 0 0 0
1770392055.530 0 0 0 0 0 0 0 0
1770392055.540 0 0 0 0 0 0 0 0
1770392055.550 0 0 0 0 0 0 0 0
1770392055.560 0 0 0 0 0 0 0 0
1770392055.571 0 0 0 0 0 0 0 0
1770392055.580 0 0 0 0 0 0 0 0
1770392055.590 51 54 58 64 64 65 72 62
1770392055.600 78 75 70 74 84 90 86 74
1770392055.610 79 75 79 80 91 97 92 83
1770392055.620 81 76 77 87 86 89 89 82
1770392055.630 68 61 70 89 87 87 87 80
1770392055.640 79 68 76 84 91 97 84 73
1770392055.651 77 66 75 72 86 98 85 76
1770392055.661 81 72 74 86 102 86 85 81
1770392055.671 86 63 64 75 91 89 84 85
1770392055.681 62 68 73 82 92 91 87 66
1770392055.691 77 65 72 69 97 95 91 58
1770392055.701 64 64 73 69 96 92 93 86
1770392055.711 73 82 79 71 80 90 92 62
1770392055.721 67 71 74 81 95 86 87 95
1770392055.731 64 67 72 85 87 75 72 73
1770392055.741 67 72 71 75 94 82 77 88
1770392055.751 79 77 83 94 90 86 82 102
1770392055.760 75 65 85 90 87 79 79 91
1770392055.770 73 81 87 85 91 86 92 83
1770392055.780 56 76 71 89 81 87 77 77
1770392055.791 76 75 69 81 89 86 78 76
1770392055.801 75 67 70 99 96 94 70 72
1770392055.811 72 70 66 74 88 81 78 81
1770392055.821 68 78 77 82 88 80 82 79
1770392055.831 68 55 76 78 80 66 69 76
1770392055.841 77 70 83 87 85 84 83 84
1770392055.851 76 67 68 81 88 83 73 74
1770392055.861 75 79 70 84 85 84 78 77
1770392055.870 72 82 77 70 84 87 77 79
1770392055.881 60 76 74 77 81 78 80 82
1770392055.890 80 73 73 80 73 77 75 84
1770392055.900 67 67 70 82 78 84 87 98
1770392055.911 67 72 67 72 73 79 82 89
1770392055.921 82 66 64 74 74 76 76 77
1770392055.931 71 74 72 92 78 73 67 84
1770392055.941 83 64 66 78 73 75 62 61
1770392055.951 83 75 71 82 74 75 75 81
1770392055.960 81 72 72 72 77 75 70 72
1770392055.971 72 69 66 58 75 75 81 75
1770392055.980 85 72 66 73 75 75 76 66
1770392055.990 72 69 57 73 80 69 84 83
1770392056.001 85 68 61 72 85 80 81 80
1770392056.011 76 70 66 67 72 77 68 71
1770392056.021 65 68 77 83 79 79 84 90
1770392056.031 68 58 78 76 73 64 61 70
1770392056.041 76 73 81 72 78 76 70 74
1770392056.051 85 80 88 79 85 74 70 80
1770392056.061 75 93 94 68 68 73 71 72
1770392056.070 91 95 96 71 74 76 62 70
1770392056.080 78 108 111 74 67 68 68 64
1770392056.090 71 95 115 81 78 81 78 82
1770392056.100 65 92 109 83 70 63 67 78
1770392056.110 71 88 105 81 71 80 89 72
1770392056.120 67 82 100 66 59 68 78 86
1770392056.131 64 66 82 75 65 67 76 88
1770392056.141 65 72 81 80 68 67 66 81
1770392056.151 68 65 71 76 81 79 77 84
1770392056.161 76 73 73 80 71 70 71 88
1770392056.171 96 72 67 67 67 71 68 74
1770392056.181 84 72 70 77 77 67 70 76
1770392056.191 90 64 57 76 78 67 73 72
1770392056.201 78 67 65 82 71 78 74 81
1770392056.210 84 77 62 66 73 74 68 67
1770392056.221 80 63 59 59 60 67 70 65
1770392056.231 78 74 65 62 74 69 68 71
1770392056.241 67 59 55 61 75 74 73 73
1770392056.251 69 63 66 65 78 73 74 75
1770392056.261 68 66 59 59 68 63 69 74
1770392056.271 77 69 65 66 77 76 72 65
1770392056.281 68 68 59 58 73 66 70 62
1770392056.290 65 58 65 73 72 69 72 75
1770392056.301 72 57 60 77 77 66 58 54
1770392056.311 80 69 64 65 65 76 68 59
1770392056.321 70 65 67 67 69 71 73 66
1770392056.331 71 60 64 70 71 72 68 70
1770392056.341 74 60 53 69 89 79 71 65
1770392056.351 92 72 57 57 71 71 62 58
1770392056.361 74 67 72 61 69 72 69 73
1770392056.370 73 71 65 65 68 67 61 76
1770392056.381 63 63 62 64 69 68 64 73
1770392056.390 66 69 78 77 74 66 68 70
1770392056.401 72 64 59 73 74 71 68 77
1770392056.411 76 72 71 86 76 68 67 77
1770392056.421 82 72 74 76 66 63 64 66
1770392056.431 62 62 71 85 75 69 68 85
1770392056.441 67 63 67 78 78 71 68 68
1770392056.451 75 72 73 71 68 77 77 81
1770392056.461 64 68 69 72 70 71 75 72
1770392056.471 61 70 70 70 68 71 74 76
1770392056.481 65 64 71 81 68 69 70 68
1770392056.491 72 69 69 71 72 71 63 70
1770392056.501 71 64 61 72 81 70 69 69
1770392056.510 65 76 70 81 67 59 61 60
1770392056.520 66 74 70 72 66 63 68 80
1770392056.530 54 71 73 78 67 69 69 74
1770392056.540 60 62 65 71 70 74 73 74
1770392056.551 71 69 74 75 78 75 78 78
1770392056.561 62 70 69 76 68 62 77 85
1770392056.571 59 58 62 74 64 58 68 71
1770392056.581 62 65 65 68 56 57 74 73
1770392056.591 68 65 68 69 69 69 76 80
1770392056.601 67 66 64 68 63 69 74 78
1770392056.610 83 69 49 60 71 85 74 69
1770392056.621 92 72 62 63 69 70 73 80
1770392056.631 66 63 63 70 67 67 71 78
1770392056.641 69 64 58 69 75 76 67 71
1770392056.651 64 68 68 66 62 78 72 82
1770392056.661 59 67 67 67 64 70 74 84
1770392056.671 70 57 61 70 69 68 71 76
1770392056.681 57 57 59 73 74 66 68 84
1770392056.690 74 66 61 63 76 70 61 69
1770392056.701 73 65 71 68 76 62 62 78
1770392056.711 78 69 69 65 70 70 67 71
1770392056.721 59 64 66 58 62 62 64 67
1770392056.731 68 68 69 74 73 69 69 71
1770392056.741 70 61 66 79 80 76 70 70
1770392056.751 69 78 71 73 72 71 72 71
1770392056.761 65 70 70 75 64 76 73 74
1770392056.770 59 65 69 76 67 75 72 74
1770392056.781 65 64 65 70 69 70 65 68
1770392056.791 65 63 59 56 72 69 74 61
1770392056.801 64 66 62 63 69 66 69 79
1770392056.811 71 63 61 66 65 60 67 76
1770392056.821 67 61 67 73 66 63 67 71
1770392056.831 69 61 63 67 60 62 65 69
1770392056.841 66 56 58 71 64 66 73 81
1770392056.851 82 78 70 75 68 72 75 82
1770392056.861 65 66 68 67 65 67 71 81
1770392056.871 78 65 62 71 62 67 66 79
1770392056.881 72 63 58 57 67 71 68 71
1770392056.891 82 84 65 58 66 69 70 69
1770392056.901 79 65 68 67 60 59 74 82
1770392056.911 79 68 73 72 68 71 75 73
1770392056.921 81 72 75 68 61 67 70 66
1770392056.931 63 66 70 54 56 69 80 71
1770392056.941 71 68 57 65 59 67 78 80
1770392056.951 73 70 63 73 68 64 76 83
1770392056.961 74 71 73 67 65 67 75 78
1770392056.971 67 59 65 82 70 61 67 88
1770392056.981 68 69 71 74 75 77 72 75
1770392056.991 58 68 62 60 61 70 73 81
1770392057.001 65 66 70 69 69 73 74 85
1770392057.011 74 70 68 70 80 72 64 67
1770392057.021 69 60 61 61 78 81 79 67
1770392057.031 72 63 63 68 69 71 70 77
1770392057.041 74 57 59 59 72 70 69 74
1770392057.051 88 67 65 72 85 76 67 77
1770392057.061 67 69 70 64 71 70 71 82
1770392057.071 78 64 67 67 80 73 62 68
1770392057.081 65 62 64 64 71 70 61 64
1770392057.091 74 65 62 76 79 73 71 77
1770392057.101 73 70 63 68 72 70 65 61
1770392057.111 56 58 59 80 75 69 71 88
1770392057.121 72 65 66 73 71 72 61 74
1770392057.131 73 58 54 62 67 70 64 67
1770392057.141 75 69 61 77 71 72 68 83
1770392057.151 72 66 54 64 71 79 59 82
1770392057.161 70 72 61 72 83 71 71 79
1770392057.171 82 68 67 72 75 67 65 71
1770392057.181 67 60 64 75 69 69 69 74
1770392057.191 70 73 72 70 61 63 71 77
1770392057.201 46 67 73 72 66 67 73 94
1770392057.211 76 70 74 76 72 66 69 75
1770392057.221 82 78 69 69 66 55 57 68
1770392057.231 75 82 73 65 74 66 67 69
1770392057.241 85 84 71 74 71 65 53 72
1770392057.251 103 104 80 74 75 66 66 76
1770392057.261 112 123 90 80 73 65 62 68
1770392057.272 107 106 80 68 74 68 61 70
1770392057.281 102 114 77 62 66 69 57 56
1770392057.291 88 114 79 57 54 67 62 67
1770392057.301 85 98 78 70 65 67 73 87
1770392057.311 75 77 65 65 67 71 63 79
1770392057.321 78 82 71 75 75 80 70 78
1770392057.331 63 80 84 73 58 57 62 82
1770392057.341 74 83 72 68 64 70 72 83
1770392057.351 105 105 76 68 67 73 67 68
1770392057.361 98 99 72 72 69 81 71 75
1770392057.371 97 108 79 77 82 80 71 91
1770392057.382 79 121 91 54 63 73 68 91
1770392057.391 91 131 106 69 71 89 80 97
1770392057.401 89 136 120 71 68 89 78 98
1770392057.411 91 144 127 72 82 86 77 103
1770392057.421 94 144 129 65 75 86 79 96
1770392057.431 79 133 114 59 72 85 92 121
1770392057.442 89 112 95 69 64 70 84 105
1770392057.452 86 84 77 67 72 74 101 123
1770392057.461 88 77 73 68 77 77 105 110
1770392057.471 84 63 67 74 76 71 99 101
1770392057.481 85 68 72 82 99 97 92 95
1770392057.491 103 82 71 67 94 103 88 93
1770392057.501 119 98 74 69 87 96 85 94
1770392057.511 122 102 78 77 94 86 62 72
1770392057.521 117 100 72 62 80 83 62 56
1770392057.531 105 100 71 65 66 72 68 66
1770392057.541 106 91 68 75 68 63 66 70
1770392057.551 102 89 78 82 83 78 67 64
1770392057.561 87 82 62 58 69 72 61 55
1770392057.571 76 73 70 73 75 79 70 76
1770392057.581 72 69 74 74 70 68 68 67
1770392057.591 64 58 67 69 67 70 71 82
1770392057.601 60 68 94 74 58 66 75 86
1770392057.611 56 63 84 77 67 71 73 79
1770392057.622 70 69 84 81 75 71 72 79
1770392057.632 60 69 86 85 67 67 68 78
1770392057.641 67 76 107 100 74 61 72 94
1770392057.651 75 81 110 106 63 63 61 77
1770392057.661 67 79 113 109 72 72 70 82
1770392057.672 63 82 117 99 67 69 62 71
1770392057.682 55 80 102 92 65 64 72 77
1770392057.691 74 93 101 88 67 69 72 70
1770392057.701 73 79 97 82 70 66 77 82
1770392057.711 65 90 86 84 71 67 74 77
1770392057.721 65 83 82 66 58 60 65 67
1770392057.731 64 92 80 69 67 68 67 77
1770392057.742 56 73 80 62 52 53 67 85
1770392057.752 77 76 74 74 74 71 71 80
1770392057.762 79 78 67 71 78 70 70 64
1770392057.771 79 69 65 60 58 64 71 81
1770392057.782 85 62 56 63 66 60 59 69
1770392057.791 78 67 65 68 67 64 63 68
1770392057.801 78 69 64 62 67 67 73 74
1770392057.811 82 62 60 66 60 63 62 68
1770392057.821 89 71 62 71 69 82 66 64
1770392057.832 71 71 70 65 61 65 74 66
1770392057.842 82 70 70 76 71 68 69 71
1770392057.852 94 75 70 81 77 73 68 69
1770392057.862 96 68 68 72 75 74 74 83
1770392057.872 70 65 75 84 65 65 65 73
1770392057.882 66 65 74 79 71 69 65 68
1770392057.892 71 62 75 86 75 73 73 71
1770392057.902 86 69 68 74 77 74 62 69
1770392057.912 85 69 70 84 85 67 57 62
1770392057.921 83 67 69 66 81 75 67 61
1770392057.931 65 65 69 66 76 69 67 80
1770392057.942 78 74 69 76 73 74 55 61
1770392057.952 73 70 64 80 83 82 70 70
1770392057.962 73 75 67 71 85 78 66 67
1770392057.972 74 73 74 66 68 73 63 70
1770392057.982 74 70 67 68 72 69 62 79
1770392057.992 70 69 65 67 73 72 64 67
1770392058.002 75 70 67 62 70 66 67 70
1770392058.012 74 74 72 73 68 72 73 74
1770392058.022 67 72 66 68 74 68 72 76
1770392058.032 69 70 68 74 83 69 67 64
1770392058.042 74 65 64 75 82 74 68 78
1770392058.052 78 69 67 77 91 77 64 72
1770392058.062 67 78 63 65 68 70 72 62
1770392058.072 67 75 70 76 73 67 70 77
1770392058.082 62 63 70 76 72 68 68 70
1770392058.092 75 74 72 75 69 74 74 63
1770392058.102 73 79 85 71 69 72 72 77
1770392058.112 74 70 75 75 72 71 75 78
1770392058.122 75 72 68 79 59 68 66 81
1770392058.132 75 69 67 70 65 60 64 82
1770392058.142 60 66 79 86 60 55 60 82
1770392058.152 88 79 76 64 59 61 66 68
1770392058.161 72 74 76 64 62 66 71 74
1770392058.172 77 71 71 69 62 66 69 68
1770392058.182 70 64 67 67 64 60 56 70
1770392058.192 83 67 68 70 69 74 67 64
1770392058.202 79 76 64 64 69 80 77 69
1770392058.212 81 78 71 74 73 77 74 67
1770392058.222 69 74 67 66 75 66 65 63
1770392058.232 84 90 70 64 71 81 66 64
1770392058.242 83 79 74 73 69 69 65 56
1770392058.251 85 67 79 78 68 68 70 69
1770392058.261 85 75 72 75 77 70 65 62
1770392058.272 70 74 79 73 71 67 72 79
1770392058.282 63 72 68 75 81 74 65 66
1770392058.292 76 70 65 73 76 75 73 76
1770392058.302 87 74 77 79 81 77 80 72
1770392058.312 77 76 70 71 71 73 80 75
1770392058.322 84 68 73 87 80 72 69 74
1770392058.332 79 66 64 73 70 66 71 69
1770392058.342 85 72 66 80 75 71 76 75
1770392058.352 89 78 74 84 84 82 73 76
1770392058.362 73 67 70 74 68 71 64 84
1770392058.372 81 78 80 78 76 75 76 78
1770392058.382 63 63 72 82 78 64 64 81
1770392058.391 70 67 70 85 77 69 75 83
1770392058.402 81 78 77 77 69 71 77 84
1770392058.412 66 79 90 81 59 64 82 98
1770392058.422 73 75 77 72 71 63 72 90
1770392058.432 71 67 71 72 66 70 71 82
1770392058.442 72 67 69 66 72 73 76 86
1770392058.452 70 64 70 81 67 61 68 99
1770392058.462 76 69 67 80 74 70 81 77
1770392058.472 76 71 69 69 63 66 75 74
1770392058.482 63 65 69 77 72 72 71 88
1770392058.492 66 77 70 67 69 70 78 76
1770392058.501 92 79 55 61 79 78 78 72
1770392058.512 77 69 67 71 75 72 76 81
1770392058.522 70 60 63 68 54 61 68 79
1770392058.532 69 54 58 63 70 66 73 71
1770392058.542 64 63 65 61 71 71 81 85
1770392058.552 69 66 60 64 71 68 78 82
1770392058.562 75 68 74 67 65 74 73 75
1770392058.572 65 63 64 64 66 74 75 72
1770392058.582 83 73 66 67 64 68 76 84
1770392058.592 74 66 64 68 70 69 69 66
1770392058.602 78 72 70 83 74 77 78 75
1770392058.612 77 68 68 68 65 71 73 79
1770392058.622 71 71 68 70 69 73 75 68
1770392058.632 82 64 58 63 67 70 68 59
1770392058.642 82 69 62 66 76 81 76 64
1770392058.652 85 75 70 72 75 78 76 81
1770392058.662 69 69 67 79 75 76 70 70
1770392058.673 75 66 69 74 69 77 69 74
1770392058.683 73 70 72 64 60 69 78 68
1770392058.692 85 76 68 70 80 78 71 66
1770392058.702 85 68 66 82 75 74 70 70
1770392058.712 74 65 67 78 69 73 63 66
1770392058.722 71 63 61 80 82 65 60 68
1770392058.732 59 56 57 72 81 81 76 83
1770392058.742 72 65 62 72 71 65 64 79
1770392058.752 75 63 67 68 78 75 65 76
1770392058.762 76 67 60 68 80 77 65 66
1770392058.773 79 68 53 55 73 74 65 66
1770392058.782 78 73 70 80 79 71 52 59
1770392058.792 71 67 71 68 66 59 62 68
1770392058.802 72 66 71 69 64 63 66 78
1770392058.812 69 74 75 70 68 62 60 64
1770392058.822 63 55 59 73 78 81 81 71
1770392058.832 70 69 60 70 72 71 73 68
1770392058.842 65 64 65 75 73 69 62 73
1770392058.852 76 68 71 82 73 62 55 84
1770392058.862 76 62 63 69 70 55 59 90
1770392058.872 71 71 62 65 62 67 69 73
1770392058.882 72 63 64 68 65 67 70 68
1770392058.892 64 62 63 64 66 64 69 82
1770392058.903 78 64 71 80 75 69 69 73
1770392058.912 71 59 59 79 76 73 70 82
1770392058.922 74 70 70 80 67 62 61 66
1770392058.932 74 70 73 66 63 64 66 62
1770392058.942 53 73 72 79 76 68 80 76
1770392058.952 72 74 70 68 57 64 77 87
1770392058.962 83 75 74 72 64 67 69 69
1770392058.972 61 73 75 71 68 63 64 61
1770392058.982 79 71 74 69 58 57 73 67
1770392058.992 75 73 76 71 61 54 69 74
1770392059.002 83 62 67 76 75 68 66 65
1770392059.012 81 65 68 77 76 68 65 66
1770392059.022 81 74 68 71 64 65 68 65
1770392059.032 67 69 70 80 79 75 70 66
1770392059.042 79 74 61 68 65 78 63 50
1770392059.052 77 70 69 77 73 69 68 71
1770392059.062 75 63 66 76 72 70 58 69
1770392059.072 66 56 62 70 73 73 69 75
1770392059.082 76 72 71 61 62 72 73 64
1770392059.092 57 63 63 68 66 66 69 66
1770392059.102 73 67 61 79 75 70 73 77
1770392059.112 77 78 69 69 71 67 66 62
1770392059.122 76 75 69 70 75 68 69 76
1770392059.132 74 58 60 78 80 61 58 64
1770392059.143 78 66 61 81 73 68 63 72
1770392059.152 80 76 64 75 80 71 52 66
1770392059.162 70 62 60 63 72 67 69 63
1770392059.172 81 66 65 68 79 71 61 60
1770392059.183 77 66 66 72 71 74 67 59
1770392059.193 64 63 72 81 74 73 63 63
1770392059.202 76 64 73 78 69 64 57 59
1770392059.212 75 66 72 76 76 75 68 64
1770392059.222 78 78 70 69 61 66 66 63
1770392059.232 61 61 67 72 62 59 63 76
1770392059.242 69 65 81 81 74 73 62 61
1770392059.252 69 61 77 78 72 78 67 78
1770392059.263 66 60 76 89 75 66 66 74
1770392059.272 70 60 55 68 72 67 60 65
1770392059.282 55 62 74 75 67 69 70 80
1770392059.292 67 64 68 77 71 53 53 71
1770392059.302 64 68 65 79 73 64 56 68
1770392059.312 79 78 64 62 56 65 61 55
1770392059.322 77 68 62 66 56 56 58 75
1770392059.332 70 66 74 76 64 55 57 69
1770392059.342 66 66 63 68 68 52 59 60
1770392059.352 72 59 71 60 62 57 68 79
1770392059.363 75 66 75 74 58 47 52 67
1770392059.373 61 67 62 67 60 59 64 81
1770392059.382 72 72 67 71 59 63 66 72
1770392059.393 66 69 57 71 62 64 64 90
1770392059.403 86 65 76 75 73 68 59 82
1770392059.412 68 69 74 72 65 61 65 79
1770392059.423 83 72 77 84 66 64 67 76
1770392059.432 76 81 78 76 68 60 60 63
1770392059.442 81 78 65 68 70 75 63 54
1770392059.452 86 76 62 66 65 75 69 69
1770392059.462 82 73 63 69 74 70 73 74
1770392059.472 76 73 68 61 76 69 68 69
1770392059.482 84 80 72 63 66 66 73 62
1770392059.492 77 73 72 55 71 74 66 68
1770392059.502 64 72 65 54 62 73 66 63
1770392059.512 72 77 66 63 68 68 67 65
1770392059.522 82 84 69 64 69 62 64 60
1770392059.532 73 66 63 72 79 66 64 70
1770392059.543 82 67 65 67 90 72 69 59
1770392059.552 89 76 72 66 81 71 74 69
1770392059.562 82 69 67 67 77 75 78 70
1770392059.572 68 67 63 67 73 75 67 77
1770392059.582 81 69 62 62 70 76 69 59
1770392059.592 74 63 66 72 68 71 69 71
1770392059.602 81 64 68 76 81 84 78 83
1770392059.613 74 59 69 75 76 73 65 77
1770392059.623 73 66 75 81 71 66 80 78
1770392059.633 74 69 77 88 80 66 73 77
1770392059.643 90 69 72 84 80 69 69 79
1770392059.652 78 73 75 96 85 73 68 86
1770392059.662 67 71 79 87 81 62 63 78
1770392059.672 73 69 66 86 83 67 70 81
1770392059.682 72 68 71 74 76 66 67 79
1770392059.692 65 60 66 78 77 73 68 79
1770392059.702 70 73 70 79 70 70 71 69
1770392059.713 73 67 64 66 77 82 69 56
1770392059.722 71 73 69 69 75 71 76 68
1770392059.733 59 58 64 67 74 62 63 64
1770392059.743 72 65 61 66 72 74 68 66
1770392059.752 71 68 72 67 72 75 78 75
1770392059.763 59 59 67 63 64 81 84 88
1770392059.773 67 62 71 69 67 69 72 69
1770392059.782 75 66 67 69 68 70 69 69
1770392059.792 75 69 65 71 58 64 66 64
1770392059.802 73 64 67 68 69 65 72 77
1770392059.812 72 63 68 64 72 67 75 78
1770392059.822 57 61 63 57 63 60 68 69
1770392059.832 62 61 61 70 78 71 76 64
1770392059.842 60 60 60 75 72 70 76 55
1770392059.852 74 59 65 72 65 70 76 82
1770392059.862 80 79 76 75 68 73 68 72
1770392059.872 64 64 67 64 68 71 66 69
1770392059.883 61 66 64 64 79 74 67 71
1770392059.892 65 81 66 51 70 75 73 68
1770392059.902 68 73 71 72 80 74 71 80
1770392059.912 73 62 67 70 72 72 64 75
1770392059.922 72 56 57 62 61 70 72 67
1770392059.932 77 61 63 71 65 66 69 65
1770392059.942 72 54 64 85 73 66 66 76
1770392059.953 77 71 76 81 72 69 71 76
1770392059.963 66 65 74 84 60 58 67 73
1770392059.973 71 65 82 89 65 61 63 77
1770392059.982 83 76 77 76 69 74 61 50
1770392059.992 69 76 86 89 82 85 71 74
1770392060.002 63 60 65 75 75 75 71 82
1770392060.012 56 61 63 63 74 81 84 77
1770392060.022 68 62 69 67 76 94 106 81
1770392060.032 44 54 60 73 78 93 120 97
1770392060.042 65 68 71 73 89 108 121 93
1770392060.052 67 67 81 78 95 119 124 99
1770392060.062 66 68 81 75 107 123 119 93
1770392060.072 68 70 82 82 106 114 102 94
1770392060.082 67 91 98 92 105 107 99 95
1770392060.092 65 99 120 101 91 105 96 86
1770392060.102 57 96 128 119 90 106 105 92
1770392060.112 69 108 146 122 102 109 105 86
1770392060.122 73 113 149 111 103 120 103 88
1770392060.133 59 120 162 128 98 106 100 94
1770392060.143 68 120 171 125 71 93 92 93
1770392060.153 66 119 160 138 81 85 88 96
1770392060.163 82 121 146 124 74 81 86 87
1770392060.172 70 105 141 118 85 72 74 92
1770392060.182 73 105 133 121 80 70 69 87
1770392060.192 72 93 132 128 83 63 66 91
1770392060.202 79 99 135 155 106 74 72 93
1770392060.213 83 91 115 150 116 80 67 88
1770392060.223 66 92 120 152 121 81 71 88
1770392060.233 81 97 121 155 120 83 78 91
1770392060.243 66 85 114 156 135 87 73 100
1770392060.253 84 92 101 139 134 91 79 81
1770392060.263 68 84 96 129 136 92 77 93
1770392060.273 75 86 99 139 136 103 83 95
1770392060.283 61 75 96 130 143 105 81 87
1770392060.292 79 88 106 136 140 114 87 82
1770392060.302 73 86 104 142 130 106 83 93
1770392060.312 77 82 93 127 138 125 86 88
1770392060.322 85 89 101 122 128 110 85 80
1770392060.333 69 88 96 121 135 116 91 90
1770392060.343 65 78 94 121 135 109 90 88
1770392060.353 76 81 90 111 130 115 96 83
1770392060.363 73 86 88 108 124 122 109 91
1770392060.373 79 74 86 103 114 118 101 76
1770392060.382 72 82 86 101 124 122 108 79
1770392060.392 77 77 83 101 120 122 105 99
1770392060.403 65 80 87 98 118 121 116 112
1770392060.413 75 85 92 97 106 114 111 87
1770392060.423 76 79 90 103 106 111 116 99
1770392060.432 66 74 87 106 118 107 111 107
1770392060.442 64 70 81 104 120 105 96 109
1770392060.452 75 78 79 99 121 102 103 117
1770392060.462 65 69 72 98 112 101 98 105
1770392060.472 66 73 73 99 103 100 102 121
1770392060.483 63 65 71 106 101 87 96 116
1770392060.493 66 71 67 93 104 98 105 120
1770392060.503 67 76 74 86 96 95 100 111
1770392060.513 72 70 73 80 90 93 110 116
1770392060.523 80 63 69 72 89 96 97 103
1770392060.532 63 66 74 75 80 86 90 103
1770392060.543 75 66 73 80 84 86 97 108
1770392060.552 64 68 72 84 84 83 98 107
1770392060.562 73 64 83 86 85 85 92 106
1770392060.572 58 67 93 88 70 67 79 101
1770392060.582 59 64 75 85 79 71 77 87
1770392060.593 75 73 72 84 78 67 73 89
1770392060.603 91 61 67 78 72 72 76 87
1770392060.613 79 56 69 76 79 67 65 86
1770392060.623 82 64 71 72 72 64 64 85
1770392060.633 68 71 75 73 73 69 66 83
1770392060.643 78 69 66 72 68 69 66 73
1770392060.653 83 70 73 72 75 75 73 78
1770392060.662 75 69 72 73 68 74 76 72
1770392060.673 62 65 64 68 68 68 72 80
1770392060.683 68 69 75 69 69 66 71 76
1770392060.693 67 70 77 65 67 59 62 66
1770392060.703 73 77 85 79 71 67 76 91
1770392060.713 76 104 96 90 59 60 66 81
1770392060.723 79 70 62 67 65 62 65 73
1770392060.733 72 79 64 62 53 65 69 71
1770392060.743 83 80 68 70 62 74 77 73
1770392060.753 76 66 67 72 68 72 65 76
1770392060.763 48 67 67 69 61 73 67 69
1770392060.773 69 76 73 74 64 80 77 84
1770392060.783 71 72 67 63 66 70 68 73
1770392060.793 84 80 54 56 78 74 61 58
1770392060.803 79 78 69 66 64 74 68 79
1770392060.812 69 76 62 59 63 69 77 76
1770392060.823 70 70 65 66 66 64 65 69
1770392060.832 75 74 67 60 58 72 70 68
1770392060.843 68 81 72 72 65 64 66 62
1770392060.852 91 80 64 59 63 67 74 74
1770392060.862 79 80 71 67 68 72 77 70
1770392060.873 65 72 62 66 67 65 59 58
1770392060.883 65 65 63 84 77 62 58 56
1770392060.893 77 77 65 70 73 64 63 58
1770392060.903 71 71 59 70 75 72 71 71
1770392060.912 73 69 67 80 69 72 61 73
1770392060.923 84 65 55 72 78 72 69 58
1770392060.932 87 73 57 66 72 71 65 59
1770392060.943 86 76 65 67 75 67 60 60
1770392060.953 88 79 70 71 66 71 63 73
1770392060.962 83 75 68 71 71 62 63 64
1770392060.972 74 78 71 65 65 71 68 66
1770392060.983 80 82 65 61 72 79 61 61
1770392060.992 71 73 69 60 64 72 64 74
1770392061.002 79 73 69 71 69 65 65 67
1770392061.013 74 78 65 67 65 64 61 69
1770392061.023 72 63 66 83 72 71 53 69
1770392061.033 72 72 67 83 72 69 58 50
1770392061.042 68 81 66 71 70 77 56 74
1770392061.052 75 73 63 78 71 71 67 75
1770392061.062 70 65 55 67 71 67 57 67
1770392061.072 76 79 77 81 77 59 57 56
1770392061.082 73 69 63 63 67 66 63 70
1770392061.092 79 73 63 62 65 72 70 74
1770392061.102 80 80 69 67 62 68 75 65
1770392061.112 65 86 74 68 66 72 71 69
1770392061.122 77 72 69 78 72 71 62 61
1770392061.133 80 72 70 73 69 71 71 69
1770392061.143 75 69 65 63 66 67 67 58
1770392061.153 69 72 66 73 69 62 73 91
1770392061.163 82 78 71 78 62 70 67 74
1770392061.173 76 69 59 62 60 65 68 65
1770392061.183 68 71 65 63 64 64 65 68
1770392061.193 88 76 62 61 75 71 61 60
1770392061.202 87 76 61 69 78 83 78 84
1770392061.213 75 67 59 65 71 72 72 71
1770392061.223 77 71 68 72 62 66 70 69
1770392061.233 84 82 76 77 71 75 75 67
1770392061.243 73 76 70 74 60 68 76 74
1770392061.253 75 72 71 71 66 64 71 86
1770392061.263 76 72 66 68 69 62 64 72
1770392061.272 74 69 65 69 70 74 63 67
1770392061.282 76 72 68 70 60 60 63 74
1770392061.293 76 66 64 68 68 72 66 77
1770392061.303 79 69 74 70 70 72 65 72
1770392061.313 73 67 66 59 59 66 63 56
1770392061.323 75 72 68 77 75 75 72 61
1770392061.333 73 68 59 61 71 73 73 69
1770392061.343 74 75 65 67 71 66 69 76
1770392061.353 77 76 70 73 69 62 58 67
1770392061.363 67 62 65 72 69 69 70 64
1770392061.373 78 68 58 65 71 66 64 53
1770392061.383 73 74 73 65 63 62 69 72
1770392061.393 68 68 65 75 71 69 69 74
1770392061.402 73 67 65 72 64 67 67 74
1770392091.044 0 0 0 0 0 0 0 0
1770392091.054 0 0 0 0 0 0 0 0
1770392091.064 0 0 0 0 0 0 0 0
1770392091.074 0 0 0 0 0 0 0 0
1770392091.084 0 0 0 0 0 0 0 0
1770392091.094 0 0 0 0 0 0 0 0
1770392091.104 0 0 0 0 0 0 0 0
1770392091.114 0 0 0 0 0 0 0 0
1770392091.124 0 0 0 0 0 0 0 0
1770392091.134 0 0 0 0 0 0 0 0
1770392091.144 0 0 0 0 0 0 0 0
1770392091.154 0 0 0 0 0 0 0 0
1770392091.165 0 0 0 0 0 0 0 0
1770392091.174 0 0 0 0 0 0 0 0
1770392091.184 0 0 0 0 0 0 0 0
1770392091.194 0 0 0 0 0 0 0 0
1770392091.204 0 0 0 0 0 0 0 0
1770392091.214 0 0 0 0 0 0 0 0
1770392091.224 0 0 0 0 0 0 0 0
1770392091.234 0 0 0 0 0 0 0 0
1770392091.244 0 0 0 0 0 0 0 0
1770392091.255 0 0 0 0 0 0 0 0
1770392091.264 0 0 0 0 0 0 0 0
1770392091.274 0 0 0 0 0 0 0 0
1770392091.284 0 0 0 0 0 0 0 0
1770392091.294 0 0 0 0 0 0 0 0
1770392091.304 0 0 0 0 0 0 0 0
1770392091.314 0 0 0 0 0 0 0 0
1770392091.325 0 0 0 0 0 0 0 0
1770392091.335 0 0 0 0 0 0 0 0
1770392091.344 0 0 0 0 0 0 0 0
1770392091.354 0 0 0 0 0 0 0 0
1770392091.364 0 0 0 0 0 0 0 0
1770392091.374 0 0 0 0 0 0 0 0
1770392091.384 0 0 0 0 0 0 0 0
1770392091.394 0 0 0 0 0 0 0 0
1770392091.404 0 0 0 0 0 0 0 0
1770392091.414 0 0 0 0 0 0 0 0
1770392091.424 0 0 0 0 0 0 0 0
1770392091.434 0 0 0 0 0 0 0 0
1770392091.444 0 0 0 0 0 0 0 0
1770392091.454 0 0 0 0 0 0 0 0
1770392091.465 0 0 0 0 0 0 0 0
1770392091.475 0 0 0 0 0 0 0 0
1770392091.485 0 0 0 0 0 0 0 0
1770392091.494 0 0 0 0 0 0 0 0
1770392091.504 0 0 0 0 0 0 0 0
1770392091.514 0 0 0 0 0 0 0 0
1770392091.524 0 0 0 0 0 0 0 0
1770392091.534 0 0 0 0 0 0 0 0
1770392091.544 0 0 0 0 0 0 0 0
1770392091.554 0 0 0 0 0 0 0 0
1770392091.565 0 0 0 0 0 0 0 0
1770392091.575 0 0 0 0 0 0 0 0
1770392091.584 68 59 71 76 68 66 54 64
1770392091.594 60 66 69 68 64 57 62 67
1770392091.604 59 62 67 74 72 65 65 75
1770392091.614 58 61 64 75 77 59 59 67
1770392091.624 55 63 57 63 60 59 69 69
1770392091.634 64 63 61 66 62 58 62 68
1770392091.644 59 59 58 60 59 61 68 64
1770392091.654 59 60 62 70 69 66 66 70
1770392091.665 67 68 58 58 65 67 65 54
1770392091.674 61 61 66 66 65 61 64 65
1770392091.684 58 60 63 73 67 61 69 66
1770392091.694 58 53 64 69 65 60 65 69
1770392091.704 60 64 72 65 60 59 71 65
1770392091.714 56 57 62 59 62 62 67 67
1770392091.725 65 65 63 63 69 66 62 69
1770392091.734 59 71 60 68 71 64 61 61
1770392091.744 58 51 59 72 75 63 62 76
1770392091.754 69 54 52 65 63 57 56 57
1770392091.764 55 59 61 61 73 67 69 76
1770392091.774 59 66 68 77 69 65 65 63
1770392091.784 55 60 65 76 64 62 59 69
1770392091.794 71 77 68 62 72 70 67 63
1770392091.804 61 65 65 70 72 65 65 55
1770392091.814 62 61 63 62 71 69 66 60
1770392091.825 57 60 60 67 70 63 61 62
1770392091.835 49 56 66 74 72 66 70 71
1770392091.844 65 56 65 67 67 56 58 78
1770392091.854 69 58 65 61 64 58 56 66
1770392091.864 59 61 68 70 67 67 65 63
1770392091.874 54 55 60 68 68 64 56 66
1770392091.884 58 56 61 79 76 67 47 55
1770392091.894 55 53 58 72 71 64 56 59
1770392091.905 57 57 59 72 79 68 64 68
1770392091.915 60 63 62 66 63 56 61 55
1770392091.924 54 53 65 67 76 71 70 62
1770392091.934 66 67 66 61 72 66 65 66
1770392091.944 59 59 57 60 64 64 64 69
1770392091.954 59 64 66 71 68 63 61 70
1770392091.964 59 60 66 69 65 54 58 69
1770392091.974 60 66 71 71 65 54 60 69
1770392091.984 72 68 71 67 69 56 51 51
1770392091.994 62 64 65 66 67 68 64 69
1770392092.004 67 67 70 72 67 59 65 66
1770392092.014 62 51 56 74 72 59 62 70
1770392092.024 74 54 60 72 77 64 58 64
1770392092.034 64 54 63 69 70 65 62 61
1770392092.044 60 62 64 69 70 66 70 80
1770392092.055 61 62 58 69 72 59 61 63
1770392092.065 53 65 52 55 65 66 63 64
1770392092.075 65 64 70 82 76 61 58 60
1770392092.084 67 62 69 67 65 64 60 62
1770392092.094 59 58 71 74 69 61 68 67
1770392092.104 55 59 68 74 65 55 66 76
1770392092.115 57 57 73 84 70 64 61 80
1770392092.125 60 69 73 75 72 61 66 67
1770392092.135 49 58 67 71 69 62 65 70
1770392092.145 59 63 68 71 67 59 62 70
1770392092.154 59 61 62 67 73 57 48 66
1770392092.164 63 67 69 72 67 59 64 68
1770392092.174 56 61 60 55 57 54 65 78
1770392092.184 59 64 70 71 70 58 65 66
1770392092.194 60 68 70 71 58 59 69 75
1770392092.204 48 57 66 80 74 66 59 77
1770392092.214 56 58 69 63 60 60 59 59
1770392092.225 52 61 66 66 63 57 60 72
1770392092.235 55 62 68 71 73 63 67 72
1770392092.245 55 59 66 74 58 51 58 74
1770392092.255 61 60 65 66 69 63 63 68
1770392092.264 60 62 65 64 59 57 64 66
1770392092.274 64 61 61 62 65 59 62 67
1770392092.284 63 65 73 76 64 52 57 59
1770392092.294 62 66 63 60 70 69 65 71
1770392092.305 62 68 75 66 62 60 61 66
1770392092.315 59 65 65 62 64 56 58 56
1770392092.324 67 67 66 72 70 65 63 74
1770392092.334 54 63 75 65 63 64 80 70
1770392092.344 64 70 70 68 66 67 63 75
1770392092.354 62 72 66 64 68 65 59 68
1770392092.364 54 60 66 64 62 64 67 69
1770392092.377 62 65 75 77 61 56 67 74
1770392092.385 63 56 60 74 72 61 58 58
1770392092.395 64 64 69 74 75 62 63 71
1770392092.405 68 64 62 67 66 62 64 57
1770392092.414 66 70 68 69 64 58 64 79
1770392092.424 66 65 56 68 72 64 60 52
1770392092.434 64 70 68 67 66 68 63 67
1770392092.444 65 70 66 70 68 69 67 72
1770392092.455 56 68 64 64 57 66 71 81
1770392092.465 63 73 75 64 57 63 63 66
1770392092.474 49 66 66 56 56 63 66 70
1770392092.484 56 56 58 59 66 67 61 69
1770392092.494 60 73 73 59 62 64 65 70
1770392092.504 61 70 70 65 69 60 67 71
1770392092.514 56 61 65 78 72 55 57 61
1770392092.525 64 56 65 70 64 57 52 64
1770392092.535 65 69 63 70 80 67 65 68
1770392092.545 58 62 65 59 64 64 68 71
1770392092.554 59 63 66 68 67 64 65 68
1770392092.564 62 67 61 52 66 61 59 71
1770392092.574 57 60 60 63 71 71 63 74
1770392092.584 64 62 62 64 62 60 65 63
1770392092.594 55 63 66 64 67 66 67 74
1770392092.605 54 67 69 58 55 63 65 62
1770392092.615 59 59 61 63 61 59 57 61
1770392092.624 63 67 64 74 74 68 65 74
1770392092.634 59 71 63 64 66 66 71 79
1770392092.644 59 63 71 71 63 56 65 77
1770392092.654 59 57 64 72 68 56 48 62
1770392092.665 64 66 62 61 68 65 64 72
1770392092.675 73 60 60 64 62 58 58 58
1770392092.685 61 64 65 68 69 61 57 62
1770392092.694 68 68 64 57 73 69 61 52
1770392092.704 68 62 58 59 59 53 58 56
1770392092.714 61 58 65 74 72 62 67 65
1770392092.725 59 61 62 66 69 63 63 61
1770392092.735 52 58 66 71 63 55 61 76
1770392092.745 57 65 76 81 66 60 61 75
1770392092.755 55 60 59 72 75 70 66 68
1770392092.764 56 65 59 66 70 66 59 58
1770392092.774 59 53 56 65 65 61 58 68
1770392092.784 50 49 64 84 83 60 53 61
1770392092.794 58 60 63 73 67 62 57 66
1770392092.805 60 64 63 74 72 67 67 63
1770392092.815 59 69 71 70 66 64 56 70
1770392092.825 54 63 69 68 71 68 62 66
1770392092.834 69 66 66 75 74 65 62 69
1770392092.844 65 53 61 67 70 61 61 73
1770392092.854 59 60 63 67 71 66 64 68
1770392092.865 64 60 62 69 69 67 66 65
1770392092.875 51 57 67 70 62 55 69 76
1770392092.885 61 62 66 67 65 56 54 61
1770392092.894 65 58 66 73 72 62 66 74
1770392092.904 66 64 68 70 68 62 65 71
1770392092.914 56 55 66 73 63 49 59 81
1770392092.925 65 60 65 71 71 62 54 61
1770392092.935 58 61 73 73 73 61 60 73
1770392092.945 59 67 69 75 70 62 62 76
1770392092.955 61 61 71 69 64 57 62 66
1770392092.964 63 65 62 67 75 72 65 65
1770392092.974 58 64 69 79 73 58 54 66
1770392092.984 57 61 67 72 66 59 54 69
1770392092.994 59 62 69 77 68 64 64 72
1770392093.004 54 62 69 75 67 51 57 80
1770392093.014 55 64 81 84 70 51 56 68
1770392093.025 58 59 65 75 66 59 57 64
1770392093.035 49 63 63 65 63 65 63 66
1770392093.045 65 66 74 79 69 64 58 72
1770392093.055 69 58 62 83 77 62 53 57
1770392093.065 69 64 65 72 66 57 57 66
1770392093.075 54 52 62 65 65 59 60 73
1770392093.085 63 60 69 72 67 66 74 81
1770392093.094 70 68 65 61 61 60 63 66
1770392093.105 59 63 69 81 66 66 63 68
1770392093.115 62 62 71 67 69 57 58 63
1770392093.125 65 60 62 67 63 56 58 65
1770392093.134 61 58 67 74 66 60 59 69
1770392093.144 63 60 73 75 63 56 65 72
1770392093.154 52 61 71 76 66 62 65 66
1770392093.165 47 55 59 84 72 60 66 66
1770392093.174 54 65 70 72 64 65 72 76
1770392093.184 62 58 76 79 62 53 64 73
1770392093.195 60 53 61 72 72 68 66 71
1770392093.204 68 67 74 74 64 57 58 63
1770392093.214 61 63 58 62 55 64 69 71
1770392093.224 52 60 69 71 61 58 62 68
1770392093.234 47 66 65 70 64 66 69 61
1770392093.244 57 76 78 75 74 67 72 76
1770392093.255 57 58 63 72 67 59 61 69
1770392093.265 59 65 62 64 68 65 70 70
1770392093.275 59 56 68 69 63 62 69 80
1770392093.285 48 47 66 73 71 55 69 86
1770392093.295 54 59 66 70 70 64 63 70
1770392093.304 55 60 56 54 65 60 68 72
1770392093.314 58 64 69 68 67 59 59 75
1770392093.324 67 62 61 67 68 53 49 57
1770392093.334 54 60 65 80 73 69 72 73
1770392093.344 73 65 62 64 66 59 63 63
1770392093.355 60 66 65 70 68 61 62 66
1770392093.365 61 69 68 64 71 68 66 58
1770392093.375 49 58 60 54 58 58 73 79
1770392093.384 66 66 63 72 68 64 60 61
1770392093.395 61 63 64 64 67 61 64 71
1770392093.405 50 58 65 64 64 65 67 77
1770392093.415 59 62 71 68 63 56 56 70
1770392093.425 56 63 69 66 71 62 57 65
1770392093.435 60 65 65 69 68 61 65 67
1770392093.445 68 59 55 69 66 62 61 69
1770392093.454 71 67 63 74 71 65 65 63
1770392093.464 69 63 57 69 73 62 59 64
1770392093.474 60 64 64 74 73 64 61 57
1770392093.485 62 56 60 66 69 64 62 59
1770392093.495 60 57 61 71 72 69 68 72
1770392093.505 58 69 67 57 58 68 66 56
1770392093.515 50 56 64 81 70 64 65 59
1770392093.524 57 54 63 74 74 58 57 59
1770392093.534 59 54 55 71 68 54 61 59
1770392093.545 59 59 62 80 73 59 69 70
1770392093.555 58 49 62 72 75 55 63 65
1770392093.565 62 60 63 72 76 64 65 61
1770392093.575 58 63 68 74 73 64 64 55
1770392093.585 61 64 59 66 67 65 71 75
1770392093.594 66 67 54 60 71 67 64 59
1770392093.605 65 60 60 72 71 70 62 75
1770392093.615 58 58 61 74 73 61 63 67
1770392093.625 63 58 55 65 65 60 59 50
1770392093.635 69 65 66 70 67 69 72 68
1770392093.645 58 54 66 62 61 59 59 71
1770392093.654 55 52 61 71 70 62 66 66
1770392093.665 71 64 60 74 72 69 60 53
1770392093.675 56 58 57 65 67 64 64 68
1770392093.685 51 53 65 79 71 50 51 71
1770392093.695 52 53 67 68 71 51 56 69
1770392093.705 61 56 63 68 72 62 63 69
1770392093.714 56 55 60 64 68 60 60 62
1770392093.724 46 64 63 68 71 70 62 65
1770392093.735 71 72 68 69 67 62 62 61
1770392093.745 57 61 56 64 65 63 65 68
1770392093.755 58 58 60 74 75 67 62 59
1770392093.765 61 58 59 63 62 58 58 66
1770392093.775 55 63 74 77 62 54 61 67
1770392093.784 58 64 66 74 68 53 57 61
1770392093.794 60 59 58 77 74 70 63 66
1770392093.805 63 59 62 66 65 59 58 54
1770392093.815 63 55 69 75 69 59 63 73
1770392093.825 69 64 61 79 73 59 57 66
1770392093.835 62 65 64 66 72 53 48 66
1770392093.845 64 65 67 74 71 66 54 72
1770392093.855 60 63 63 66 61 61 60 64
1770392093.865 63 72 69 54 65 71 72 66
1770392093.874 61 71 69 77 70 59 56 54
1770392093.884 54 59 67 65 73 63 65 78
1770392093.895 60 61 64 68 71 61 66 71
1770392093.905 52 68 76 74 58 59 63 70
1770392093.915 55 55 74 81 64 57 63 85
1770392093.925 49 54 69 74 73 56 59 71
1770392093.935 63 62 68 67 71 59 59 64
1770392093.945 63 63 69 67 65 59 59 72
1770392093.954 59 59 52 67 73 55 58 66
1770392093.965 56 63 66 67 72 61 61 62
1770392093.975 54 54 67 73 66 62 63 72
1770392093.984 63 56 69 71 69 61 61 65
1770392093.994 67 59 69 65 68 70 61 65
1770392094.005 61 59 70 67 67 62 64 73
1770392094.015 59 66 66 74 59 57 59 65
1770392094.025 54 60 68 68 67 61 61 62
1770392094.035 57 62 64 70 67 60 61 68
1770392094.045 61 60 65 57 57 56 64 80
1770392094.054 67 67 68 70 65 58 62 76
1770392094.065 54 61 66 68 66 56 60 68
1770392094.075 56 63 65 71 63 58 63 69
1770392094.085 61 67 73 74 58 54 57 73
1770392094.095 52 64 67 69 68 63 67 81
1770392094.105 56 67 73 66 68 66 64 77
1770392094.115 50 57 63 63 61 59 65 69
1770392094.125 65 63 66 71 69 66 67 66
1770392094.134 62 66 59 55 64 70 83 69
1770392094.145 58 66 70 75 67 69 71 75
1770392094.155 53 63 66 65 63 59 65 69
1770392094.165 57 60 59 65 65 61 61 65
1770392094.175 63 68 72 72 62 57 63 75
1770392094.185 59 66 68 86 71 60 60 75
1770392094.195 60 60 64 69 69 64 64 69
1770392094.205 55 67 67 68 69 61 62 67
1770392094.215 69 65 63 71 65 68 62 65
1770392094.225 67 63 51 58 74 69 65 55
1770392094.235 67 69 66 60 68 65 70 71
1770392094.245 67 67 66 65 67 63 65 66
1770392094.255 60 60 66 59 72 67 65 73
1770392094.265 66 73 66 46 58 68 66 65
1770392094.275 50 65 75 71 67 64 68 73
1770392094.285 58 65 70 71 71 65 61 67
1770392094.295 67 65 68 63 65 58 69 79
1770392094.305 59 64 69 67 68 69 70 73
1770392094.315 47 56 63 54 56 59 66 72
1770392094.325 57 63 67 61 60 59 60 74
1770392094.335 61 62 68 68 70 65 62 70
1770392094.346 63 60 62 62 69 69 70 75
1770392094.355 65 68 65 73 70 60 66 53
1770392094.366 60 56 59 71 72 68 60 70
1770392094.375 64 64 65 63 68 64 61 65
1770392094.385 63 61 59 56 63 60 55 54
1770392094.395 63 64 69 70 74 72 67 67
1770392094.405 62 64 64 53 67 65 74 71
1770392094.416 59 67 62 58 69 64 64 69
1770392094.426 56 62 65 67 70 59 57 59
1770392094.436 54 60 66 57 72 63 67 71
1770392094.445 62 60 63 65 70 61 62 73
1770392094.455 65 58 58 63 71 57 60 65
1770392094.465 55 61 64 69 68 57 61 67
1770392094.475 68 65 62 61 61 58 54 64
1770392094.485 72 73 69 67 75 72 62 71
1770392094.496 73 73 60 54 59 65 65 56
1770392094.506 65 63 63 63 66 58 58 66
1770392094.516 62 59 62 71 71 64 61 61
1770392094.526 56 56 61 60 72 70 68 64
1770392094.536 60 68 73 66 58 57 72 74
1770392094.545 57 54 62 69 64 58 64 65
1770392094.555 60 67 67 73 72 71 63 72
1770392094.566 59 61 64 59 65 61 56 64
1770392094.576 70 63 64 77 74 60 64 66
1770392094.585 62 63 67 87 75 54 51 61
1770392094.596 58 60 64 74 73 62 60 63
1770392094.606 60 65 61 76 78 69 62 61
1770392094.616 60 59 59 76 73 59 65 59
1770392094.626 61 61 63 76 76 69 67 57
1770392094.636 60 67 61 68 66 59 58 64
1770392094.645 49 54 60 73 71 65 61 74
1770392094.655 65 58 60 72 67 57 61 59
1770392094.666 60 64 62 65 64 59 62 62
1770392094.675 62 70 73 77 70 56 52 69
1770392094.686 45 55 67 78 74 60 61 71
1770392094.696 63 63 65 76 75 69 65 63
1770392094.706 62 64 66 66 66 57 62 66
1770392094.716 61 56 62 78 71 53 62 77
1770392094.725 62 60 61 67 72 64 64 64
1770392094.735 53 56 70 74 67 63 59 70
1770392094.746 63 66 66 71 73 63 67 66
1770392094.756 59 65 55 59 64 69 66 69
1770392094.766 65 69 68 57 66 65 60 55
1770392094.775 59 61 68 66 65 57 59 67
1770392094.785 63 63 67 67 71 62 64 74
1770392094.795 59 61 70 68 69 64 62 68
1770392094.806 51 58 63 68 63 57 67 72
1770392094.816 66 61 66 75 61 56 61 75
1770392094.826 55 61 61 69 60 58 64 70
1770392094.836 56 63 72 72 64 60 58 64
1770392094.845 61 59 67 78 72 59 59 76
1770392094.856 75 68 61 66 69 64 61 65
1770392094.866 57 63 68 71 72 60 52 61
1770392094.876 56 59 63 68 67 61 62 67
1770392094.886 67 68 71 75 73 61 57 59
1770392094.895 71 66 64 63 68 69 69 68
1770392094.905 60 64 69 76 67 61 65 68
1770392094.916 53 61 63 68 61 56 61 62
1770392094.926 51 61 66 75 72 65 65 65
1770392094.936 59 64 67 66 73 62 58 69
1770392094.946 54 64 71 74 65 58 57 75
1770392094.955 66 67 68 75 68 62 60 67
1770392094.966 53 55 59 70 65 52 60 80
1770392094.975 58 63 72 74 69 55 66 69
1770392094.985 62 56 60 66 66 60 69 69
1770392094.995 72 73 68 72 72 68 67 71
1770392095.006 64 61 69 69 62 57 57 61
1770392095.016 49 63 73 69 70 65 65 73
1770392095.026 61 64 62 68 71 65 69 66
1770392095.036 54 76 77 69 65 69 73 76
1770392095.046 63 66 70 73 68 70 75 79
1770392095.055 51 60 64 64 61 60 74 75
1770392095.066 56 67 62 69 70 68 71 64
1770392095.075 54 56 66 67 59 59 65 84
1770392095.085 57 60 67 72 72 66 64 70
1770392095.096 62 66 66 74 65 60 60 68
1770392095.106 54 65 68 76 68 59 67 82
1770392095.115 63 71 68 70 68 66 59 62
1770392095.126 66 69 61 54 71 69 59 61
1770392095.136 56 64 64 71 85 67 71 69
1770392095.146 59 58 70 73 70 56 66 72
1770392095.156 54 60 61 74 72 62 66 54
1770392095.166 60 66 62 58 61 58 77 74
1770392095.176 41 55 62 66 62 62 74 79
1770392095.186 62 59 64 60 70 66 64 73
1770392095.196 72 66 65 66 70 62 68 64
1770392095.206 66 66 74 69 64 56 64 78
1770392095.216 56 61 62 60 62 61 60 56
1770392095.226 67 65 73 69 75 70 71 68
1770392095.236 56 60 61 61 56 61 62 67
1770392095.246 61 67 65 68 67 69 74 75
1770392095.255 64 70 69 71 72 62 57 58
1770392095.266 65 66 57 60 67 70 77 92
1770392095.276 70 68 63 73 66 60 61 71
1770392095.286 57 63 69 68 71 64 70 69
1770392095.296 54 58 65 71 74 69 71 71
1770392095.306 63 73 62 57 64 64 65 67
1770392095.316 62 63 66 63 67 64 68 66
1770392095.325 59 62 64 70 71 63 64 66
1770392095.336 53 56 62 71 67 65 63 63
1770392095.346 67 63 70 73 75 71 67 71
1770392095.356 58 49 54 65 71 65 69 76
1770392095.366 59 54 61 65 70 59 62 70
1770392095.377 56 60 61 67 72 64 60 64
1770392095.386 59 58 64 66 76 62 63 62
1770392095.396 79 66 57 60 70 70 63 58
1770392095.406 74 70 61 70 78 71 70 66
1770392095.415 63 68 63 68 73 62 62 65
1770392095.426 55 57 66 69 66 57 54 65
1770392095.436 53 59 67 79 62 66 58 63
1770392095.446 54 60 62 70 73 67 66 66
1770392095.456 62 63 65 71 71 65 63 72
1770392095.466 54 63 61 66 71 60 58 65
1770392095.476 46 56 62 73 73 64 58 79
1770392095.486 56 48 54 71 71 58 49 59
1770392095.496 61 58 58 67 67 64 62 62
1770392095.506 60 60 63 72 65 63 62 71
1770392095.516 55 55 59 67 67 54 57 66
1770392095.526 63 59 61 72 75 62 52 58
1770392095.536 64 59 62 66 65 62 61 66
1770392095.546 58 55 61 69 68 58 65 61
1770392095.556 59 55 68 80 72 58 63 64
1770392095.565 51 52 63 66 68 64 66 66
1770392095.576 57 63 70 65 64 54 60 66
1770392095.586 63 60 64 72 72 63 62 67
1770392095.596 60 63 72 76 71 66 65 66
1770392095.606 59 60 63 71 66 60 63 61
1770392095.616 63 60 69 80 72 55 50 71
1770392095.626 61 54 60 76 75 60 59 59
1770392095.636 64 62 64 72 71 62 58 67
1770392095.646 66 69 72 75 77 59 60 71
1770392095.656 52 54 62 78 78 69 69 60
1770392095.666 55 67 61 63 63 64 68 65
1770392095.676 66 62 64 65 64 63 64 69
1770392095.686 62 58 66 72 71 62 67 77
1770392095.696 55 53 61 64 74 61 58 74
1770392095.705 50 60 73 70 59 53 61 85
1770392095.716 61 50 65 73 70 58 58 57
1770392095.726 57 60 62 66 66 60 62 65
1770392095.736 63 63 72 76 70 57 58 64
1770392095.746 59 60 68 71 75 61 58 77
1770392095.755 67 56 61 62 76 63 60 64
1770392095.766 59 60 61 58 68 65 68 69
1770392095.776 49 61 70 70 68 64 69 83
1770392095.786 55 59 63 70 62 58 70 67
1770392095.796 59 65 66 73 63 68 70 65
1770392095.806 55 63 69 66 72 62 60 61
1770392095.816 54 66 69 61 61 59 66 67
1770392095.826 59 66 66 69 62 59 67 64
1770392095.836 53 64 67 70 60 59 60 68
1770392095.846 59 61 71 83 70 58 63 74
1770392095.855 70 68 70 66 63 57 65 53
1770392095.866 60 69 68 65 68 60 64 71
1770392095.875 59 63 68 64 66 63 63 69
1770392095.886 59 62 62 69 65 53 57 71
1770392095.896 73 69 62 57 70 61 56 55
1770392095.906 58 65 68 68 63 62 63 64
1770392095.916 58 63 71 75 68 60 66 59
1770392095.926 62 62 72 73 66 59 64 69
1770392095.936 54 62 75 61 56 59 74 74
1770392095.946 62 59 70 69 67 63 65 74
1770392095.956 57 64 68 70 67 61 60 68
1770392095.966 58 63 66 63 68 64 61 66
1770392095.976 59 57 68 73 64 50 53 69
1770392095.986 74 64 70 71 70 64 60 68
1770392095.996 63 65 65 55 63 65 68 76
1770392096.006 66 61 66 65 69 70 70 73
1770392096.016 65 72 70 59 63 65 61 63
1770392096.026 66 79 62 56 67 62 60 58
1770392096.036 67 65 65 62 64 60 61 61
1770392096.046 59 60 62 67 70 60 69 63
1770392096.056 71 60 67 67 68 68 68 68
1770392096.066 50 62 68 75 59 59 61 59
1770392096.075 49 55 68 81 76 69 73 72
1770392096.086 63 67 64 67 66 62 62 61
1770392096.096 66 62 69 66 66 64 69 80
1770392096.106 63 62 66 72 73 56 55 66
1770392096.116 59 47 50 62 76 64 60 67
1770392096.126 58 56 65 74 73 64 69 69
1770392096.136 59 63 60 62 66 63 63 62
1770392096.146 66 65 65 68 71 69 70 69
1770392096.156 68 55 57 63 73 59 54 56
1770392096.166 64 65 65 65 72 69 57 53
1770392096.176 65 63 70 72 75 65 58 58
1770392096.186 59 54 62 56 74 64 67 70
1770392096.196 55 63 63 67 70 67 67 74
1770392096.206 57 70 71 67 61 66 69 74
1770392096.216 52 65 69 71 71 62 59 62
1770392096.227 67 66 62 66 63 62 58 58
1770392096.237 66 69 68 66 64 66 58 71
1770392096.246 68 62 64 73 67 62 58 79
1770392096.256 61 56 58 65 69 66 56 67
1770392096.266 67 61 71 79 74 69 55 56
1770392096.276 63 55 58 70 68 60 63 67
1770392096.286 63 60 71 76 71 64 63 66
1770392096.296 60 64 66 55 68 65 70 67
1770392096.306 52 55 63 68 77 67 70 74
1770392096.316 61 65 67 60 64 55 58 64
1770392096.326 64 60 68 68 72 62 66 66
1770392096.336 56 62 71 72 64 63 67 81
1770392096.346 48 49 64 69 64 60 66 79
1770392096.356 65 63 69 76 75 62 57 58
1770392096.366 62 63 65 68 65 61 62 64
1770392096.376 63 62 64 79 76 63 59 67
1770392096.387 68 58 63 71 85 60 56 50
1770392096.396 62 56 61 72 74 66 61 62
1770392096.406 65 66 68 74 70 61 60 68
1770392096.416 49 65 64 67 69 61 59 68
1770392096.426 51 61 68 75 79 72 68 61
1770392096.436 55 54 63 78 69 53 56 52
1770392096.446 60 61 71 79 68 66 61 66
1770392096.456 54 60 68 75 62 57 57 65
1770392096.466 51 58 65 70 61 60 63 68
1770392096.476 56 67 76 80 79 53 64 67
1770392096.486 50 49 63 74 72 66 59 63
1770392096.496 64 68 67 71 70 65 63 70
1770392096.506 51 57 59 67 69 66 66 63
1770392096.516 59 63 66 78 74 62 53 79
1770392096.526 60 63 57 60 67 57 53 62
1770392096.536 59 60 62 60 65 65 65 65
1770392096.546 64 69 72 75 70 57 60 68
1770392096.556 48 62 62 69 67 62 62 76
1770392096.566 59 73 66 65 53 56 60 58
1770392096.576 50 58 66 73 63 62 57 62
1770392096.586 66 66 72 66 71 63 65 65
1770392096.596 67 63 67 65 66 59 65 63
1770392096.607 52 57 76 74 72 62 73 86
1770392096.616 47 43 54 64 67 58 57 69
1770392096.626 53 52 55 61 69 63 66 57
1770392096.636 64 58 65 68 70 62 65 64
1770392096.646 58 59 64 68 67 56 59 75
1770392096.656 71 71 58 67 72 71 65 63
1770392096.667 57 65 70 69 65 60 59 63
1770392096.677 57 64 65 72 68 58 58 64
1770392096.686 57 67 68 71 66 53 62 66
1770392096.696 55 64 72 69 72 65 73 69
1770392096.706 55 58 69 67 62 56 60 68
1770392096.716 60 58 64 63 71 61 60 66
1770392096.727 49 66 67 70 65 65 67 73
1770392096.737 51 58 64 64 58 56 62 70
1770392096.746 56 60 69 85 67 52 56 63
1770392096.756 66 65 65 67 67 58 58 62
1770392096.766 51 58 61 63 68 70 67 71
1770392096.776 59 64 68 63 66 63 67 67
1770392096.786 56 57 69 72 75 59 61 62
1770392096.796 65 65 72 64 68 68 66 67
1770392096.806 60 57 67 75 68 65 61 64
1770392096.816 51 64 67 72 61 63 69 76
1770392096.827 52 60 63 67 59 63 63 69
1770392096.836 61 67 69 67 65 62 70 77
1770392096.846 58 61 63 68 71 66 62 71
1770392096.856 56 63 65 60 61 65 66 72
1770392096.866 57 65 66 69 63 56 60 69
1770392096.876 49 58 73 78 64 49 62 66
1770392096.886 65 57 65 75 71 59 55 63
1770392096.897 66 63 64 65 66 61 65 72
1770392096.907 58 65 69 66 72 61 67 62
1770392096.916 59 62 62 60 63 61 67 62
1770392096.926 68 71 61 55 63 72 63 54
1770392096.936 65 69 64 67 65 67 66 74
1770392096.946 60 61 60 52 61 63 67 77
1770392096.956 65 66 66 62 65 61 61 63
1770392096.967 53 70 73 67 56 52 70 72
1770392096.977 49 53 69 75 66 60 64 65
1770392096.986 57 64 61 68 73 70 61 55
1770392096.996 63 63 64 71 71 65 69 75
1770392097.006 66 67 67 65 69 62 64 76
1770392097.016 42 54 57 62 61 59 60 72
1770392097.027 65 67 72 79 84 71 70 63
1770392097.037 61 65 62 60 64 69 65 70
1770392097.046 65 70 68 70 67 64 65 70
1770392097.056 54 69 62 61 56 58 56 59
1770392097.066 52 56 59 59 72 66 68 64
1770392097.076 64 65 63 72 62 58 62 66
1770392097.086 55 64 65 74 70 66 67 73
1770392097.096 58 64 64 65 66 65 71 72
1770392097.107 49 63 75 69 64 54 65 70
1770392097.116 66 58 63 64 73 67 59 60
1770392097.126 64 63 60 61 66 68 62 64
1770392097.136 56 62 62 70 70 64 64 69
1770392097.146 72 63 63 75 80 65 59 63
1770392097.156 69 66 55 55 77 70 67 74
1770392097.166 61 65 58 58 66 61 70 65
1770392097.177 62 65 62 63 65 57 61 64
1770392097.186 71 67 64 70 71 74 69 58
1770392097.196 45 63 68 65 61 57 62 64
1770392097.206 60 64 67 73 71 68 62 68
1770392097.216 65 59 58 69 67 64 63 65
1770392097.226 64 57 56 62 67 73 63 63
1770392097.236 51 62 69 75 66 56 56 82
1770392097.246 50 48 59 75 80 63 62 77
1770392097.256 62 58 62 68 67 67 57 58
1770392097.267 57 54 57 62 68 62 60 63
1770392097.276 62 63 66 73 75 64 60 61
1770392097.286 62 61 59 61 66 62 58 56
1770392097.296 64 62 63 73 71 65 66 67
1770392097.306 59 60 66 70 69 60 61 53
1770392097.316 53 55 62 72 69 57 61 65
1770392097.326 59 70 73 80 69 64 67 66
1770392097.337 58 65 69 81 70 64 57 69
1770392097.347 64 62 65 72 72 67 64 72
1770392097.356 66 54 58 54 68 59 56 61
1770392097.366 58 62 65 72 65 57 54 61
1770392097.377 49 65 71 82 79 52 48 63
1770392097.387 58 54 65 69 70 59 64 59
1770392097.396 53 63 74 80 73 62 64 69
1770392097.407 58 60 65 77 66 64 60 71
1770392097.416 68 64 66 60 70 61 59 54
1770392097.426 61 64 61 63 64 64 58 60
1770392097.436 56 60 71 81 70 64 65 72
1770392097.446 63 68 70 70 67 60 60 70
1770392097.456 50 64 65 73 70 61 67 79
1770392097.467 48 58 72 73 54 49 63 59
1770392097.477 47 57 63 70 59 53 63 68
1770392097.487 65 64 71 76 69 62 66 68
1770392097.497 54 56 65 69 71 67 70 72
1770392097.506 57 58 63 69 72 57 60 70
1770392097.516 62 58 67 69 71 51 50 61
1770392097.526 52 61 73 73 65 58 62 72
1770392097.536 62 64 67 77 70 63 68 66
1770392097.547 57 62 69 71 73 69 62 76
1770392097.557 65 77 73 56 60 65 65 64
1770392097.566 53 62 61 66 60 59 58 71
1770392097.576 55 59 58 66 72 64 57 59
1770392097.586 59 67 72 66 62 56 63 71
1770392097.596 53 68 74 65 66 60 70 85
1770392097.606 54 68 72 75 72 58 62 64
1770392097.617 52 60 68 77 73 58 60 73
1770392097.627 64 63 65 68 64 59 63 66
1770392097.636 58 61 63 59 64 59 62 63
1770392097.646 62 62 69 82 71 58 66 73
1770392097.656 56 66 70 72 68 61 59 72
1770392097.666 54 62 70 72 67 65 57 70
1770392097.677 58 57 65 68 64 61 60 64
1770392097.687 59 54 54 65 69 69 65 66
1770392097.696 70 75 67 60 54 58 56 70
1770392097.706 64 66 63 66 67 65 62 73
1770392097.716 63 66 63 67 67 68 64 63
1770392097.726 74 64 69 59 54 57 65 74
1770392097.736 46 61 73 81 61 55 63 76
1770392097.747 55 62 68 64 58 58 66 76
1770392097.757 62 66 60 67 67 67 62 72
1770392097.766 60 66 66 71 68 64 67 60
1770392097.777 63 61 55 61 71 62 58 69
1770392097.787 66 68 68 60 67 61 55 67
1770392097.797 65 62 63 64 73 66 64 67
1770392097.807 59 60 60 67 71 65 64 66
1770392097.816 70 68 64 61 62 61 62 61
1770392097.826 62 78 76 67 66 65 71 76
1770392097.837 62 65 68 67 65 60 65 69
1770392097.847 65 57 65 61 62 63 66 75
1770392097.857 68 69 70 62 71 69 66 66
1770392097.866 54 61 62 66 61 54 60 74
1770392097.876 57 58 65 69 69 61 56 66
1770392097.886 60 61 60 64 68 62 63 65
1770392097.896 56 59 63 65 74 69 63 67
1770392097.907 70 65 61 65 71 70 62 59
1770392097.917 58 61 58 62 67 63 61 57
1770392097.926 60 63 63 66 65 63 62 66
1770392097.936 58 57 59 62 63 59 56 68
1770392097.946 68 63 64 69 74 69 68 71
1770392097.956 57 58 61 60 66 64 63 70
1770392097.967 54 63 72 60 61 66 67 75
1770392097.976 62 62 65 64 65 60 65 64
1770392097.986 60 58 58 65 72 61 62 67
1770392097.996 74 69 63 63 64 65 61 69
1770392098.006 62 55 66 70 67 58 61 73
1770392098.016 59 63 66 66 63 57 62 67
1770392098.026 65 57 63 63 68 60 57 62
1770392098.036 71 71 69 69 76 71 62 60
1770392098.046 67 59 58 72 80 70 70 62
1770392098.056 64 69 67 59 69 73 70 71
1770392098.067 59 66 68 79 70 59 64 65
1770392098.077 65 63 59 63 71 64 71 67
1770392098.087 68 65 60 66 66 63 64 64
1770392098.097 52 67 72 62 60 58 67 78
1770392098.106 60 59 65 71 73 60 61 61
1770392098.116 58 55 60 70 68 59 58 58
1770392098.126 62 61 63 78 73 65 63 67
1770392098.136 68 61 64 76 72 58 49 66
1770392098.146 69 68 64 61 70 63 67 70
1770392098.157 65 64 68 77 70 54 58 58
1770392098.167 56 54 63 74 64 63 61 63
1770392098.177 56 60 65 71 67 66 64 64
1770392098.187 64 68 65 66 64 67 61 70
1770392098.197 53 64 73 73 74 64 60 72
1770392098.207 58 58 62 68 71 58 58 64
1770392098.216 58 62 67 76 72 61 57 61
1770392098.226 61 62 69 74 71 58 57 67
1770392098.236 49 63 65 66 68 62 67 76
1770392098.246 60 65 71 80 69 60 61 73
1770392098.256 52 58 65 72 68 64 67 68
1770392098.266 57 62 70 79 70 59 62 62
1770392098.276 60 63 62 66 72 65 58 70
1770392098.287 56 70 70 74 68 65 67 75
1770392098.297 66 62 66 74 68 60 58 74
1770392098.307 55 60 65 73 68 54 59 67
1770392098.317 60 74 66 63 65 60 62 50
1770392098.326 45 59 69 60 51 48 64 85
1770392098.336 55 64 70 76 66 56 60 64
1770392098.346 59 62 67 72 66 60 64 69
1770392098.357 56 57 69 70 71 61 66 83
1770392098.367 56 55 70 81 65 46 54 70
1770392098.376 58 67 73 69 65 58 59 75
1770392098.387 60 67 69 67 66 60 62 71
1770392098.397 52 64 66 67 69 59 62 76
1770392098.407 65 69 64 69 73 66 60 60
1770392098.416 52 57 57 57 62 61 63 68
1770392098.426 58 69 72 68 69 67 63 77
1770392098.436 59 62 65 62 62 61 62 68
1770392098.447 64 62 64 68 72 63 71 75
1770392098.457 54 65 72 64 58 54 63 76
1770392098.467 51 62 67 67 64 64 65 65
1770392098.477 56 67 71 71 72 67 63 67
1770392098.486 53 65 64 72 65 55 61 68
1770392098.496 64 62 63 84 76 64 67 77
1770392098.507 52 55 58 62 64 60 65 75
1770392098.516 56 60 65 68 67 55 64 65
1770392098.527 65 69 68 67 65 56 61 64
1770392098.537 62 62 66 69 64 64 65 69
1770392098.547 68 69 64 65 66 68 63 59
1770392098.557 64 67 67 68 62 59 57 59
1770392098.566 58 67 72 69 69 62 67 80
1770392098.576 65 62 68 61 69 60 66 71
1770392098.587 57 69 69 63 63 67 72 69
1770392098.597 49 50 65 65 70 61 66 69
1770392098.607 48 59 59 68 65 60 62 79
1770392098.617 55 67 72 75 68 63 66 76
1770392098.626 57 62 57 53 61 64 71 80
1770392098.636 71 64 54 72 75 63 56 64
1770392098.646 66 67 66 62 62 60 67 67
1770392098.657 67 67 69 69 64 65 73 75
1770392098.667 63 57 62 66 63 60 66 57
1770392098.677 67 72 70 63 67 65 63 62
1770392098.687 58 62 69 72 69 60 66 71
1770392098.697 59 65 65 66 64 65 66 74
1770392098.706 62 60 67 67 71 62 64 67
1770392098.716 66 63 60 57 63 66 65 84
1770392098.726 64 61 58 76 73 59 53 76
1770392098.736 72 76 67 61 61 56 54 68
1770392098.746 59 64 63 64 71 67 69 78
1770392098.757 68 63 63 61 64 60 66 64
1770392098.767 67 65 53 58 68 61 64 59
1770392098.777 74 73 58 57 68 69 71 65
1770392098.787 69 64 63 61 62 69 68 68
1770392098.797 69 64 65 72 69 70 63 66
1770392098.807 63 65 59 67 73 67 64 74
1770392098.817 59 61 57 56 64 67 67 71
1770392098.826 76 66 59 51 60 60 66 72
1770392098.836 64 62 65 63 63 58 58 65
1770392098.846 62 66 69 70 68 61 58 64
1770392098.856 58 60 62 57 66 62 62 57
1770392098.867 69 63 67 62 69 69 59 53
1770392098.877 64 66 68 71 69 68 69 66
1770392098.887 60 67 64 71 73 66 70 70
1770392098.897 62 67 65 74 76 66 66 61
1770392098.906 62 72 57 57 71 72 65 57
1770392098.916 66 72 71 75 75 69 61 68
1770392098.927 52 56 59 73 72 64 60 67
1770392098.937 59 67 64 80 67 60 62 70
1770392098.947 58 56 64 71 63 62 61 65
1770392098.957 59 59 65 67 79 71 65 68
1770392098.966 53 60 65 63 65 59 60 69
1770392098.977 53 56 63 63 62 59 68 72
1770392098.987 62 57 68 74 73 64 61 62
1770392098.997 66 61 57 79 83 70 56 51
1770392099.007 68 68 65 73 70 64 64 64
1770392099.017 61 58 61 62 64 61 60 59
1770392099.026 56 52 68 69 69 69 64 69
1770392099.036 73 61 59 70 64 65 63 55
1770392099.047 60 69 76 71 63 56 66 71
1770392099.057 59 65 65 63 65 58 61 60
1770392099.067 52 61 66 69 64 61 58 63
1770392099.077 64 59 68 72 66 58 61 73
1770392099.086 48 54 66 73 66 65 65 83
1770392099.096 58 66 70 77 74 66 68 73
1770392099.107 61 65 66 76 62 56 61 66
1770392099.117 51 59 64 67 65 58 60 69
1770392099.127 62 60 67 68 66 59 57 70
1770392099.136 64 58 63 68 71 62 66 69
1770392099.146 59 63 66 66 65 66 62 72
1770392099.156 53 57 61 68 66 56 53 67
1770392099.167 64 63 72 74 76 62 54 62
1770392099.176 59 62 61 61 74 63 67 63
1770392099.186 55 58 61 60 66 60 63 69
1770392099.197 64 68 74 72 71 60 64 69
1770392099.207 58 54 63 69 70 63 69 81
1770392099.217 59 57 67 71 60 53 60 71
1770392099.227 53 54 64 69 63 52 54 76
1770392099.237 53 60 61 66 67 66 68 75
1770392099.247 55 63 68 65 68 54 64 75
1770392099.257 63 65 69 74 70 59 61 61
1770392099.267 58 74 62 59 69 66 60 58
1770392099.277 58 67 64 66 64 68 70 81
1770392099.286 58 67 71 76 64 59 59 57
1770392099.296 53 63 72 75 72 64 66 79
1770392099.306 57 68 71 71 66 62 69 74
1770392099.317 54 58 69 74 64 50 62 64
1770392099.327 54 65 69 65 58 62 65 74
1770392099.337 57 60 61 66 59 57 62 71
1770392099.347 58 60 66 71 75 63 64 79
1770392099.357 66 61 62 71 78 64 58 62
1770392099.366 58 63 61 60 61 61 73 67
1770392099.377 58 66 69 77 69 64 55 59
1770392099.387 53 63 63 74 66 58 62 66
1770392099.397 68 74 66 68 64 69 70 76
1770392099.407 64 64 63 63 61 57 70 53
1770392099.416 70 69 65 67 60 64 70 71
1770392099.427 59 64 64 63 61 58 66 68
1770392099.437 57 62 63 73 67 60 67 67
1770392099.447 67 63 66 70 64 59 70 79
1770392099.457 61 64 60 66 64 59 72 76
1770392099.467 62 69 62 75 69 61 63 68
1770392099.477 64 66 64 65 62 60 64 72
1770392099.487 59 63 64 76 71 54 62 81
1770392099.496 72 63 54 65 71 64 63 63
1770392099.506 59 65 63 70 69 58 65 68
1770392099.516 61 66 68 63 67 57 63 64
1770392099.527 57 61 62 67 62 60 72 74
1770392099.537 66 72 67 52 68 73 69 66
1770392099.547 57 66 69 62 67 70 76 74
1770392099.557 64 65 64 75 68 63 66 70
1770392099.566 60 64 64 65 65 51 65 57
1770392099.577 69 67 70 73 62 60 71 74
1770392099.587 54 61 68 62 62 57 55 70
1770392099.596 69 71 66 68 70 66 62 72
1770392099.607 60 66 61 73 68 69 66 67
1770392099.617 63 66 65 74 69 58 57 69
1770392099.627 74 64 66 73 85 61 54 56
1770392099.637 66 60 62 62 73 61 62 71
1770392099.646 60 62 67 71 71 63 68 77
1770392099.656 64 66 65 78 73 54 67 71
1770392099.667 54 67 58 63 69 67 70 55
1770392099.677 65 65 61 63 55 58 72 66
1770392099.687 60 62 66 66 63 59 62 60
1770392099.697 66 66 66 68 72 68 68 75
1770392099.706 59 51 63 67 72 65 60 75
1770392099.716 57 59 62 68 66 61 61 66
1770392099.727 66 67 62 61 62 63 65 69
1770392099.737 61 62 67 55 65 65 71 72
1770392099.747 58 59 68 67 70 65 67 66
1770392099.757 65 52 57 65 73 65 65 66
1770392099.767 67 56 58 68 75 72 60 56
1770392099.777 65 60 63 63 64 62 63 57
1770392099.787 52 57 64 73 70 61 65 63
1770392099.797 63 58 63 69 74 68 59 58
1770392099.807 73 75 65 60 65 65 67 60
1770392099.817 68 67 65 66 68 61 64 58
1770392099.827 60 61 63 58 70 68 67 70
1770392099.837 59 64 66 72 75 64 56 65
1770392099.847 54 52 68 68 62 60 63 69
1770392099.858 62 57 62 74 69 62 60 70
1770392099.868 67 65 61 59 60 59 60 62
1770392099.878 56 60 65 67 70 63 65 71
1770392099.888 65 57 58 66 74 61 60 59
1770392099.898 73 68 60 64 77 72 65 57
1770392099.907 66 64 66 72 75 64 63 65
1770392099.917 55 56 63 69 68 61 62 67
1770392099.928 63 56 63 71 73 60 61 60
1770392099.938 57 60 72 66 62 66 66 66
1770392099.948 58 62 73 76 70 66 62 74
1770392099.958 64 60 60 68 67 60 53 61
1770392099.967 48 57 72 70 67 62 60 66
1770392099.978 63 55 67 68 68 59 64 64
1770392099.988 54 53 66 70 67 57 62 74
1770392099.998 64 64 66 76 76 58 60 65
1770392100.007 62 62 66 70 67 59 67 77
1770392100.017 59 65 60 71 70 64 60 61
1770392100.028 57 53 58 67 64 62 64 61
1770392100.038 68 62 63 68 74 65 60 72
1770392100.048 60 67 66 69 68 60 57 71
1770392100.058 48 56 73 74 72 62 65 75
1770392100.068 62 68 69 63 68 60 57 63
1770392100.078 50 70 63 60 65 58 63 70
1770392100.087 52 65 71 90 74 69 70 77
1770392100.097 56 63 65 71 65 55 60 68
1770392100.107 64 64 72 70 69 59 61 63
1770392100.117 62 63 68 80 68 51 56 57
1770392100.128 54 56 59 77 86 69 65 66
1770392100.138 63 66 66 66 65 60 65 71
1770392100.148 57 64 69 69 64 62 59 72
1770392100.158 62 63 66 73 72 65 66 63
1770392100.168 50 69 61 56 60 66 65 64
1770392100.177 56 62 64 66 68 60 63 74
1770392100.187 65 58 61 71 69 59 63 74
1770392100.197 63 64 63 71 63 62 71 78
1770392100.207 62 61 72 81 71 51 65 76
1770392100.218 51 49 58 73 69 65 67 74
1770392100.228 62 68 74 74 68 63 60 62
1770392100.237 56 61 67 70 64 55 63 76
1770392100.247 58 64 76 77 69 62 60 85
1770392100.257 57 51 54 68 68 54 50 65
1770392100.267 63 61 62 75 67 58 62 66
1770392100.277 57 64 64 69 62 60 65 64
1770392100.287 54 65 69 73 66 64 65 76
1770392100.297 74 69 73 71 61 61 66 64
1770392100.307 58 62 67 70 68 62 62 62
1770392100.317 55 64 65 71 69 63 60 66
1770392100.327 56 65 65 62 62 58 55 60
1770392100.337 59 62 71 71 72 60 63 71
1770392100.348 57 55 70 68 74 60 63 72
1770392100.358 62 64 66 72 71 56 60 66
1770392100.368 63 65 69 71 70 62 62 66
1770392100.378 50 55 68 63 61 57 59 67
1770392100.388 58 62 70 75 75 64 55 68
1770392100.397 64 61 53 58 61 66 68 64
1770392100.407 60 63 60 71 65 62 63 71
1770392100.417 69 69 69 59 64 55 63 64
1770392100.427 57 63 70 69 68 66 72 70
1770392100.438 45 63 68 61 52 61 66 74
1770392100.448 61 70 62 63 61 62 62 68
1770392100.458 66 69 66 65 64 70 68 75
1770392100.468 57 60 62 64 57 56 60 64
1770392100.477 56 54 63 79 61 52 50 85
1770392100.487 62 57 54 68 72 61 60 75
1770392100.498 55 61 60 66 67 66 71 80
1770392100.508 70 73 67 67 62 62 63 64
1770392100.518 54 59 57 68 71 67 60 65
1770392100.528 67 67 64 56 69 67 55 49
1770392100.538 68 66 64 65 66 57 60 59
1770392100.548 65 69 70 68 66 69 71 61
1770392100.557 60 60 64 53 57 66 73 67
1770392100.567 58 65 68 59 60 67 70 72
1770392100.578 60 55 64 69 71 62 68 59
1770392100.588 56 56 60 64 69 66 65 66
1770392100.598 60 64 63 65 67 61 60 65
1770392100.608 65 63 64 67 71 61 61 74
1770392100.618 55 60 64 71 65 55 57 60
1770392100.628 60 60 56 64 65 56 60 50
1770392100.638 67 63 65 71 76 72 73 67
1770392100.648 61 55 61 70 68 63 59 64
1770392100.658 58 55 59 75 69 59 56 61
1770392100.668 70 62 58 72 77 66 53 53
1770392100.678 58 54 54 68 69 60 67 70
1770392100.688 65 56 55 62 71 60 58 56
1770392100.697 59 58 61 67 65 61 65 65
1770392100.707 49 61 66 81 64 60 65 65
1770392100.718 65 62 62 73 67 55 58 56
1770392100.727 56 58 66 75 72 64 62 62
1770392100.737 64 61 64 70 65 63 65 66
1770392100.747 58 53 68 82 69 55 56 80
1770392100.757 63 48 60 78 87 71 57 53
1770392100.768 60 55 66 65 78 70 64 67
1770392100.779 54 58 63 70 63 62 65 66
1770392100.788 54 60 64 66 72 73 64 68
1770392100.798 62 63 62 65 65 71 67 62
1770392100.808 60 58 58 64 68 64 55 58
1770392100.818 60 56 62 73 75 60 59 62
1770392100.827 53 60 65 71 72 61 59 63
1770392100.838 49 64 65 72 57 48 69 74
1770392100.848 64 65 76 84 73 59 56 69
1770392100.858 60 57 65 71 66 66 66 62
1770392100.868 58 61 68 71 64 60 59 69
1770392100.878 65 67 62 78 62 56 58 68
1770392100.888 46 56 60 72 66 65 62 76
1770392100.898 56 61 65 69 68 61 60 71
1770392100.908 61 60 65 66 66 62 56 67
1770392100.918 59 65 67 69 64 61 65 62
1770392100.928 55 59 68 63 60 50 61 71
1770392100.938 74 71 68 66 74 66 69 67
1770392100.947 65 66 67 68 70 62 62 59
1770392100.957 62 61 69 73 70 63 61 65
1770392100.968 58 61 70 75 63 61 59 63
1770392100.977 55 66 72 70 60 61 66 83
1770392100.987 62 63 70 85 72 61 61 76
1770392100.998 52 55 62 66 70 61 65 69
1770392101.007 58 74 71 65 68 65 74 76
1770392101.018 58 62 66 67 65 60 53 72
1770392101.028 68 60 66 67 71 72 72 78
1770392101.038 61 66 76 73 64 58 59 69
1770392101.048 63 56 59 62 66 60 62 66
1770392101.058 62 71 69 69 65 58 61 59
1770392101.068 60 71 76 71 67 69 71 58
1770392101.078 57 60 72 76 74 68 71 72
1770392101.088 63 59 63 65 67 67 73 69
1770392101.098 59 66 74 72 71 64 73 73
1770392101.108 61 59 64 72 67 52 59 86
1770392101.117 56 53 62 72 76 61 60 65
1770392101.127 65 63 72 75 73 60 60 73
1770392101.138 61 65 66 63 65 66 64 70
1770392101.147 57 65 68 76 71 62 63 67
1770392101.158 59 57 57 61 65 64 60 61
1770392101.168 50 65 70 66 69 67 69 67
1770392101.178 56 60 63 63 67 62 64 72
1770392101.188 62 67 69 76 72 62 69 82
1770392101.197 59 69 69 63 66 67 65 71
1770392101.208 55 64 64 63 64 62 66 67
1770392101.218 59 64 69 64 62 63 63 68
1770392101.227 58 61 58 59 65 65 63 72
1770392101.238 61 62 65 68 68 65 60 69
1770392101.248 68 64 66 60 62 56 62 75
1770392101.258 60 59 64 76 76 61 68 83
1770392101.268 67 68 61 72 61 55 63 64
1770392101.278 56 67 63 67 68 68 73 68
1770392101.288 66 69 65 66 68 64 63 71
1770392101.298 63 67 57 53 64 70 73 73
1770392101.308 62 63 65 63 73 66 63 61
1770392101.318 56 58 61 58 68 64 57 63
1770392101.328 65 63 63 63 68 63 62 70
1770392101.337 61 75 74 62 55 55 61 69
1770392101.348 62 64 68 72 71 60 63 73
1770392101.358 69 68 67 61 68 58 58 67
1770392101.368 59 62 64 64 68 62 58 57
1770392101.378 65 66 63 66 75 68 62 76
1770392101.388 60 58 59 66 73 63 62 74
1770392101.397 67 66 69 67 70 70 65 69
1770392101.408 61 60 65 61 67 65 65 65
1770392101.418 52 62 62 65 71 74 67 70
1770392101.428 70 65 49 52 64 71 62 50
1770392101.438 55 54 57 70 71 65 65 67
1770392101.448 58 64 71 73 69 60 67 64
1770392101.458 63 64 58 61 62 60 61 54
1770392101.468 65 72 68 65 55 58 70 68
1770392101.478 54 64 66 67 62 56 69 62
1770392101.488 63 64 63 74 70 67 69 70
1770392101.498 61 62 69 72 71 60 61 57
1770392101.508 61 60 56 58 65 59 62 70
1770392101.518 56 58 55 64 61 60 60 61
1770392101.528 61 60 60 67 66 65 61 69
1770392101.538 62 58 63 67 69 62 62 61
1770392101.548 72 67 59 67 69 59 62 65
1770392101.558 72 61 61 66 72 67 63 66
1770392101.568 64 72 63 55 61 61 55 59
1770392101.579 59 62 62 67 63 59 63 68
1770392101.588 71 66 68 68 78 70 66 68
1770392101.598 59 57 58 63 75 68 73 72
1770392101.608 49 61 80 72 67 59 57 66
1770392101.618 55 57 61 68 63 55 63 59
1770392101.628 59 58 61 65 72 64 68 69
1770392101.638 65 58 65 65 66 62 62 61
1770392101.648 63 62 61 72 71 58 54 73
1770392101.658 70 67 62 74 74 63 53 70
1770392101.668 48 52 61 65 66 59 58 66
1770392101.678 60 61 62 73 72 67 59 63
1770392101.688 62 63 70 71 73 62 65 58
1770392101.698 60 77 76 63 64 67 71 58
1770392101.708 55 65 71 73 69 59 57 63
1770392101.718 51 53 66 69 74 66 60 65
1770392101.727 60 58 63 64 66 64 54 58
1770392101.737 52 60 68 67 66 63 73 81
1770392101.747 55 58 67 76 72 61 61 71
1770392101.758 59 61 67 75 65 49 54 53
1770392101.767 61 60 65 74 78 62 54 64
1770392101.778 60 60 66 69 75 62 59 70
1770392101.787 63 53 62 65 66 66 67 71
1770392101.798 62 61 67 88 75 58 58 59
1770392101.808 53 52 61 73 73 64 61 69
1770392101.818 62 63 66 66 68 62 67 65
1770392101.828 64 60 63 60 68 58 64 66
1770392101.838 55 65 73 77 71 61 53 73
1770392101.848 50 56 69 74 65 56 56 69
1770392101.858 59 64 71 76 73 63 66 68
1770392101.868 62 66 65 77 69 60 62 70
1770392101.878 43 56 66 74 64 53 61 84
1770392101.888 67 70 79 84 73 54 59 68
1770392101.899 48 60 68 72 69 60 62 68
1770392101.908 54 64 67 72 67 61 61 71
1770392101.918 62 64 63 68 62 59 53 57
1770392101.928 57 62 65 69 69 69 70 75
1770392101.938 56 58 68 70 72 61 62 76
1770392101.949 56 59 63 60 69 63 67 69
1770392101.958 59 60 64 61 67 64 65 69
1770392101.968 49 60 71 73 57 51 63 81
1770392101.978 55 61 77 76 67 59 59 68
1770392101.988 53 60 65 71 66 60 57 66
1770392101.998 58 62 61 67 66 59 62 61
1770392102.008 62 65 72 73 68 47 55 74
1770392102.018 56 54 67 74 80 71 67 71
1770392102.028 61 57 61 67 67 57 56 61
1770392102.038 56 57 67 65 69 59 58 65
1770392102.048 66 68 69 72 68 64 67 67
1770392102.058 56 68 60 54 56 57 63 68
1770392102.068 60 62 63 73 66 62 59 68
1770392102.078 59 61 68 70 66 65 62 71
1770392102.088 60 66 65 67 66 65 64 70
1770392102.098 56 61 74 72 58 58 75 79
1770392102.108 51 56 71 79 73 67 70 83
1770392102.118 62 62 66 69 72 63 61 58
1770392102.128 59 60 66 64 66 62 61 72
1770392102.138 58 66 69 70 64 63 67 80
1770392102.148 60 61 63 68 70 62 61 81
1770392102.158 63 67 72 70 68 62 64 71
1770392102.168 66 65 68 69 64 54 55 63
1770392102.178 63 64 57 54 63 62 72 70
1770392102.188 69 75 68 60 66 71 73 61
1770392102.198 49 68 74 69 60 52 64 74
1770392102.208 55 61 68 72 70 59 61 64
1770392102.218 58 62 63 67 65 64 65 59
1770392102.228 53 70 67 67 65 65 75 80
1770392102.238 48 50 67 76 73 56 65 82
1770392102.248 49 56 55 62 62 64 66 77
1770392102.258 53 54 61 68 66 61 64 67
1770392102.268 48 60 60 43 56 59 61 60
1770392102.279 68 67 60 55 67 58 57 51
1770392102.288 59 67 58 42 53 60 61 60
1770392102.298 47 61 57 53 56 53 60 73
1770392102.308 56 57 47 51 54 57 57 56
1770392102.318 49 54 55 62 55 58 60 61
1770392102.328 39 54 57 52 45 48 58 67
1770392102.339 40 41 42 50 44 52 61 63
1770392102.348 61 54 45 52 50 55 50 47
1770392102.358 40 44 40 49 45 55 54 57
1770392102.368 45 43 40 51 49 46 43 57
1770392102.379 44 46 42 39 38 42 42 51
1770392102.388 47 43 42 45 44 50 50 54
1770392102.398 55 47 38 38 45 48 50 41
1770392102.409 48 49 40 49 50 49 48 41
1770392102.419 48 44 39 43 44 48 46 37
1770392102.428 43 43 37 50 41 45 44 50
1770392102.439 45 47 43 45 49 44 47 43
1770392102.449 51 41 36 38 40 41 49 41
1770392102.458 43 40 33 39 39 44 47 40
1770392102.469 38 42 38 42 29 31 44 40
1770392102.478 36 32 30 36 41 39 38 46
1770392102.488 48 41 36 36 40 38 34 42
1770392102.498 46 37 30 36 33 33 39 43
1770392102.508 45 34 39 48 39 35 31 24
1770392102.518 41 32 36 38 36 34 31 29
1770392102.528 41 41 30 39 42 38 32 31
1770392102.539 36 30 27 34 37 32 37 33
1770392102.549 40 32 22 34 39 43 35 25
1770392102.559 36 39 29 32 35 36 35 31
1770392102.568 25 23 28 45 35 36 32 30
1770392102.579 33 33 32 35 34 34 29 33
1770392102.588 37 34 29 30 29 28 34 29
1770392102.598 31 35 36 50 33 23 28 43
1770392102.608 35 23 32 46 37 27 23 27
1770392102.618 32 29 31 43 37 29 26 32
1770392102.628 33 30 32 40 33 35 26 23
1770392102.638 40 26 26 43 39 35 27 33
1770392102.648 43 33 25 34 35 34 25 39
1770392102.658 37 26 23 40 39 28 35 31
1770392102.668 31 25 29 43 32 29 28 28
1770392102.678 25 25 24 37 35 33 30 19
1770392102.688 30 31 23 29 30 34 30 28
1770392102.698 34 21 22 33 29 24 22 14
1770392102.708 32 23 25 35 34 26 24 23
1770392102.718 34 30 27 41 37 32 20 19
1770392102.728 38 27 23 30 30 26 27 23
1770392102.739 42 33 37 50 31 24 32 32
1770392102.748 34 27 31 41 31 30 29 32
1770392102.758 34 27 25 42 35 29 28 22
1770392102.768 27 24 25 32 33 29 23 21
1770392102.779 44 33 25 44 41 26 23 37
1770392102.788 35 34 23 37 34 24 27 36
1770392102.798 31 31 30 38 31 31 30 35
1770392102.808 41 34 31 51 39 33 23 28
1770392102.818 35 38 30 35 26 30 31 25
1770392102.828 34 36 35 48 29 24 30 39
1770392102.838 42 35 34 37 35 30 24 27
1770392102.848 32 26 34 49 37 29 31 29
1770392102.858 36 32 33 41 34 30 31 41
1770392102.868 28 19 23 54 47 24 26 34
1770392102.879 29 27 32 49 40 33 32 32
1770392102.889 25 25 29 39 32 25 23 30
1770392102.899 41 28 38 45 36 28 26 35
1770392102.909 37 35 27 37 35 30 31 23
1770392102.919 37 33 30 35 37 33 30 25
1770392102.929 41 35 40 50 36 25 24 33
1770392102.938 33 28 35 50 43 30 39 40
1770392102.948 38 34 29 38 37 34 37 31
1770392102.958 34 44 40 33 26 34 39 26
1770392102.968 24 26 36 39 29 23 22 29
1770392102.979 27 28 30 40 29 17 28 27
1770392102.988 36 39 37 44 32 26 26 27
1770392102.998 40 34 40 43 27 21 30 44
1770392103.008 29 32 33 43 28 23 29 41
1770392103.018 35 41 47 46 21 24 23 29
1770392103.028 36 40 37 38 29 25 27 30
1770392103.038 40 46 39 42 33 32 30 38
1770392103.048 55 51 46 37 33 34 25 31
1770392103.058 37 41 46 48 42 32 39 37
1770392103.069 33 40 35 38 32 24 23 29
1770392103.078 43 45 38 46 36 31 28 30
1770392103.088 55 54 40 40 35 38 32 32
1770392103.098 43 44 43 41 26 27 38 54
1770392103.108 50 49 43 47 32 30 29 33
1770392103.119 50 40 37 41 33 32 32 23
1770392103.128 51 47 41 48 31 28 32 28
1770392103.138 46 47 51 55 34 20 26 32
1770392103.148 47 50 41 43 36 34 32 41
1770392103.159 50 40 40 43 35 34 31 35
1770392103.169 48 44 33 40 35 33 27 21
1770392103.178 56 46 39 54 47 35 28 22
1770392103.189 52 44 31 35 33 34 38 46
1770392103.199 56 51 41 42 30 32 37 34
1770392103.209 49 45 35 34 31 28 31 30
1770392103.219 48 43 32 40 37 39 36 29
1770392103.229 48 50 40 28 20 31 33 27
1770392103.239 46 44 43 46 34 37 39 37
1770392103.249 50 44 44 53 41 39 27 33
1770392103.259 49 41 39 45 34 30 23 29
1770392103.269 46 44 44 47 30 27 33 31
1770392103.279 43 43 38 37 29 30 30 39
1770392103.288 46 37 37 42 40 37 30 32
1770392103.298 52 43 38 47 36 37 29 31
1770392103.308 46 43 34 35 37 35 31 39
1770392103.318 51 47 37 37 29 27 21 19
1770392103.328 45 45 42 44 32 30 28 30
1770392103.338 48 43 41 44 37 36 31 27
1770392103.348 55 41 34 40 37 36 30 21
1770392103.358 62 43 35 42 39 36 30 27
1770392103.368 41 43 32 29 24 34 29 7
1770392103.379 42 40 31 43 34 32 25 23
1770392103.388 41 39 36 48 37 24 23 22
1770392103.398 45 36 29 35 37 35 37 34
1770392103.409 34 47 46 33 25 26 29 23
1770392103.419 39 33 33 33 25 26 25 17
1770392103.428 44 44 33 35 34 34 30 24
1770392103.438 54 35 30 40 34 30 25 25
1770392103.448 49 35 32 46 42 23 21 29
1770392103.458 47 30 27 36 39 29 25 20
1770392103.468 43 34 25 30 26 25 28 16
1770392103.478 44 39 29 51 39 31 25 16
1770392103.488 46 34 27 41 39 37 33 20
1770392103.498 47 40 29 23 29 37 25 23
1770392103.508 43 29 24 31 34 28 19 18
1770392103.518 38 42 38 39 35 32 24 26
1770392103.528 42 42 34 42 34 24 27 22
1770392103.539 44 41 36 41 30 32 29 34
1770392103.549 46 43 40 47 38 30 23 25
1770392103.558 40 43 34 40 36 34 31 29
1770392103.569 45 37 38 44 38 31 28 19
1770392103.578 33 39 36 42 41 30 32 35
1770392103.589 42 31 32 53 42 33 31 35
1770392103.598 45 39 34 45 35 37 30 31
1770392103.608 36 37 36 47 36 37 34 37
1770392103.619 36 36 36 38 32 28 29 20
1770392103.629 46 39 38 39 38 29 27 28
1770392103.639 52 52 43 48 44 44 30 26
1770392103.648 42 47 39 44 29 29 35 37
1770392103.658 51 46 40 54 45 38 37 27
1770392103.669 44 43 42 48 40 38 31 31
1770392103.678 37 48 47 55 38 40 43 48
1770392103.688 50 49 42 55 45 43 42 40
1770392103.698 46 45 48 54 50 48 42 44
1770392103.709 50 49 49 55 47 43 43 38
1770392103.718 48 40 47 54 48 34 31 39
1770392103.728 68 49 42 52 48 44 45 42
1770392103.738 51 54 48 56 46 43 53 45
1770392103.749 56 56 56 58 57 52 58 59
1770392103.759 58 55 56 65 60 54 47 49
1770392103.769 53 56 57 58 48 66 56 48
1770392103.778 59 69 69 67 52 56 57 59
1770392103.788 58 60 63 68 57 57 59 67
1770392103.799 67 62 61 66 60 61 65 68
1770392103.808 52 54 62 79 60 48 57 71
1770392103.818 60 62 64 71 62 61 63 56
1770392103.829 56 58 61 66 60 60 54 61
1770392103.839 60 65 61 67 69 65 59 63
1770392103.849 64 63 77 81 75 61 50 56
1770392103.859 76 62 61 58 72 69 60 54
1770392103.869 67 69 72 69 65 60 54 61
1770392103.879 60 64 65 63 67 61 61 64
1770392103.889 63 65 72 74 71 65 67 79
1770392103.899 72 71 71 63 68 73 70 70
1770392103.909 71 68 70 77 79 73 74 83
1770392103.919 71 65 65 63 63 66 67 73
1770392103.929 62 68 71 62 66 64 65 76
1770392103.939 72 68 75 76 69 65 65 71
1770392103.949 69 62 62 61 60 64 72 81
1770392103.958 68 74 72 68 68 68 67 74
1770392103.968 67 72 74 66 59 64 60 73
1770392103.979 59 64 68 73 73 64 65 77
1770392103.988 75 71 61 68 77 69 65 65
1770392103.998 60 71 62 64 69 74 73 73
1770392104.008 61 63 66 69 64 74 68 75
1770392104.018 60 67 71 62 59 66 63 72
1770392104.029 70 69 67 67 67 65 66 80
1770392104.039 66 72 74 61 65 67 72 88
1770392104.049 63 64 72 65 64 70 69 77
1770392104.059 71 71 75 70 63 67 61 74
1770392104.069 59 64 68 69 67 66 68 80
1770392104.079 78 68 63 71 67 61 55 59
1770392104.089 71 71 57 57 70 70 65 69
1770392104.099 78 74 71 73 70 74 73 87
1770392104.109 68 65 65 62 63 65 71 88
1770392104.119 66 70 64 66 69 70 67 54
1770392104.129 62 72 73 49 57 66 72 59
1770392104.138 65 62 62 65 67 70 72 75
1770392104.148 77 69 71 69 64 63 70 67
1770392104.158 69 67 66 74 68 71 64 74
1770392104.168 67 64 70 75 64 63 69 76
1770392104.178 74 66 62 59 59 63 63 73
1770392104.189 74 72 74 72 72 71 71 81
1770392104.199 67 65 68 62 65 67 68 76
1770392104.209 76 69 66 65 67 73 72 70
1770392104.219 78 60 65 65 69 66 66 64
1770392104.229 75 64 61 56 59 70 76 76
1770392104.239 75 75 73 66 67 67 64 74
1770392104.249 67 65 67 65 77 72 64 70
1770392104.259 73 67 70 60 68 67 71 81
1770392104.269 63 68 68 55 59 68 77 71
1770392104.279 79 68 75 68 75 70 74 67
1770392104.289 75 68 69 75 74 70 65 74
1770392104.299 68 65 71 77 77 64 70 75
1770392104.309 70 58 72 74 72 64 65 68
1770392104.319 58 60 64 62 70 60 63 64
1770392104.329 75 68 62 68 64 68 66 71
1770392104.338 65 64 66 65 69 68 64 76
1770392104.349 72 65 63 57 82 77 68 66
1770392104.359 75 64 53 53 60 72 67 65
1770392104.368 74 65 64 63 68 75 72 70
1770392104.379 72 70 65 68 73 71 62 64
1770392104.389 62 63 60 62 68 67 66 76
1770392104.399 66 68 78 73 65 61 67 71
1770392104.408 75 67 68 59 68 71 69 70
1770392104.418 68 67 70 67 69 70 63 71
1770392104.428 64 61 65 71 68 64 63 73
1770392104.438 65 57 66 81 79 71 54 79
1770392104.448 81 69 62 72 78 72 63 59
1770392104.458 74 67 63 67 65 66 71 73
1770392104.468 63 68 68 75 69 63 63 72
1770392104.478 67 60 65 67 72 70 62 65
1770392104.488 75 71 68 73 76 74 66 62
1770392104.498 73 67 66 68 71 64 69 74
1770392104.508 73 66 68 69 75 68 65 74
1770392104.518 73 69 72 77 75 68 63 77
1770392104.528 73 58 63 68 76 67 71 71
1770392104.538 73 68 63 61 65 70 67 67
1770392104.548 73 66 61 59 70 66 67 69
1770392104.558 72 65 77 80 71 70 63 79
1770392104.568 60 65 68 65 70 65 64 76
1770392104.579 64 65 65 74 78 64 57 66
1770392104.589 66 69 70 66 80 68 62 66
1770392104.599 69 70 69 70 69 68 61 74
1770392104.609 71 66 69 84 74 70 64 73
1770392104.619 67 60 63 72 71 75 71 61
1770392104.629 66 67 72 79 63 70 69 77
1770392104.638 68 67 73 72 73 66 66 71
1770392104.648 57 53 66 78 78 70 74 77
1770392104.658 74 57 66 73 65 68 58 70
1770392104.669 63 53 67 82 72 64 57 76
1770392104.678 67 62 65 71 75 66 52 66
1770392104.688 59 64 66 65 64 67 66 78
1770392104.698 74 70 70 73 78 67 67 74
1770392104.708 75 71 62 67 73 75 63 66
1770392104.718 66 67 62 66 66 77 66 67
1770392104.728 59 62 68 75 68 62 70 69
1770392104.738 61 60 67 75 74 70 64 81
1770392104.748 69 67 67 67 72 69 67 68
1770392104.758 62 64 77 73 62 63 73 80
1770392104.769 70 70 74 71 69 67 64 77
1770392104.778 58 58 74 67 62 58 56 74
1770392104.789 75 75 73 76 73 63 59 68
1770392104.798 64 60 70 79 75 64 64 72
1770392104.808 60 60 66 78 73 67 63 78
1770392104.819 69 67 73 76 70 61 65 75
1770392104.829 66 62 65 69 69 62 66 73
1770392104.839 78 68 67 76 75 63 62 76
1770392104.849 71 68 69 65 65 66 67 72
1770392104.859 72 75 68 67 64 66 67 75
1770392104.869 58 65 67 72 62 65 57 72
1770392104.879 69 64 68 69 71 70 70 74
1770392104.889 73 71 75 69 67 62 66 70
1770392104.899 61 59 69 74 70 61 59 77
1770392104.908 72 65 76 71 70 64 65 72
1770392104.919 62 65 68 70 65 69 68 75
1770392104.929 67 63 69 72 71 68 71 79
1770392104.939 85 64 56 72 78 66 58 70
1770392104.949 74 66 68 74 71 66 61 79
1770392104.959 68 62 72 72 71 59 65 71
1770392104.969 68 66 68 64 71 67 68 79
1770392104.978 65 69 78 72 68 68 71 73
1770392104.989 54 69 71 66 62 68 76 88
1770392104.999 69 65 71 73 68 67 66 76
1770392105.009 64 63 69 73 65 62 67 74
1770392105.019 65 67 72 72 71 68 66 78
1770392105.029 75 57 61 69 73 66 61 72
1770392105.039 66 62 71 70 72 66 75 85
1770392105.049 67 60 65 71 59 60 67 76
1770392105.059 65 68 70 62 61 64 65 78
1770392105.069 72 68 71 61 73 71 59 56
1770392105.079 64 63 66 60 62 66 69 77
1770392105.089 68 67 70 69 70 68 69 79
1770392105.100 67 69 67 70 71 64 60 74
1770392105.110 69 68 74 76 76 65 69 69
1770392105.120 78 76 74 53 55 60 60 64
1770392105.130 59 70 73 62 67 68 67 80
1770392105.140 69 69 73 66 65 66 71 75
1770392105.149 65 67 68 67 62 64 71 81
1770392105.159 69 64 72 74 72 62 57 69
1770392105.169 64 62 61 61 64 66 67 82
1770392105.180 64 68 68 75 71 67 66 73
1770392105.189 67 64 70 72 70 65 67 71
1770392105.200 70 69 71 70 71 68 69 67
1770392105.210 71 74 68 58 60 66 74 76
1770392105.220 68 69 64 66 70 68 70 65
1770392105.230 66 65 66 69 74 68 66 67
1770392105.240 65 64 66 72 62 61 64 71
1770392105.249 77 70 75 76 69 66 58 75
1770392105.259 69 64 68 67 67 68 68 81
1770392105.269 65 69 72 66 65 64 72 73
1770392105.280 70 73 69 64 64 64 67 73
1770392105.290 66 68 71 67 74 79 76 79
1770392105.300 85 80 61 57 67 64 61 53
1770392105.310 69 73 68 63 63 62 60 72
1770392105.320 66 70 73 70 66 64 71 81
1770392105.330 66 70 71 67 69 66 68 71
1770392105.339 65 73 75 72 68 69 69 83
1770392105.349 63 66 72 72 66 67 71 74
1770392105.359 71 70 69 68 65 70 73 83
1770392105.370 78 73 74 71 68 64 60 71
1770392105.380 67 69 64 62 67 72 69 86
1770392105.390 71 67 67 78 70 67 66 70
1770392105.400 78 68 66 60 58 65 65 77
1770392105.410 75 67 70 73 64 72 65 84
1770392105.420 68 60 62 62 68 62 54 59
1770392105.430 72 67 73 69 67 66 59 62
1770392105.440 72 70 77 63 61 68 71 64
1770392105.450 68 69 74 59 64 73 64 69
1770392105.460 70 67 70 65 70 69 67 77
1770392105.470 70 61 70 61 70 72 73 69
1770392105.480 63 61 66 75 72 62 65 66
1770392105.489 82 71 63 61 61 62 65 68
1770392105.499 68 67 70 68 70 68 72 78
1770392105.510 72 64 64 60 69 68 61 64
1770392105.520 73 63 54 68 72 69 64 57
1770392105.530 81 71 67 64 76 77 74 54
1770392105.540 68 62 63 59 70 74 80 77
1770392105.550 68 67 73 79 77 75 72 70
1770392105.560 67 63 65 74 72 69 73 68
1770392105.570 60 61 65 66 62 73 73 74
1770392105.580 71 74 70 64 71 73 70 65
1770392105.590 78 66 66 71 68 68 62 70
1770392105.600 77 67 65 73 67 66 60 62
1770392105.611 79 53 61 66 76 63 56 64
1770392105.620 81 64 62 64 79 77 71 66
1770392105.630 67 65 70 69 69 70 63 71
1770392105.639 70 71 66 74 74 70 66 82
1770392105.649 75 73 66 71 74 73 63 60
1770392105.660 75 69 68 58 73 76 70 70
1770392105.670 76 74 79 71 71 71 67 66
1770392105.680 62 59 63 70 73 70 69 79
1770392105.690 66 63 68 74 74 69 71 74
1770392105.700 75 66 63 64 72 69 63 72
1770392105.709 66 64 75 76 77 73 72 75
1770392105.719 70 67 72 69 70 64 71 72
1770392105.730 67 69 71 64 69 66 72 78
1770392105.740 72 69 69 71 72 71 67 78
1770392105.750 72 61 62 68 80 85 59 73
1770392105.760 70 66 71 69 74 73 65 69
1770392105.769 61 67 66 64 69 65 61 66
1770392105.780 59 63 64 67 71 74 68 75
1770392105.790 76 71 60 57 64 70 71 65
1770392105.800 62 71 73 61 63 61 74 90
1770392105.810 70 66 70 71 73 65 64 66
1770392105.819 66 57 63 64 66 66 61 63
1770392105.830 70 68 73 73 74 70 72 83
1770392105.840 72 58 59 72 70 59 62 69
1770392105.850 76 65 67 75 73 68 64 73
1770392105.860 72 72 76 72 68 61 62 68
1770392105.870 62 59 68 73 76 73 69 65
1770392105.880 78 69 63 56 73 69 68 68
1770392105.889 67 78 68 58 64 68 75 74
1770392105.899 69 63 65 68 70 68 70 74
1770392105.909 64 60 65 75 73 59 58 73
1770392105.919 71 71 68 78 78 67 71 62
1770392105.929 54 71 73 75 66 63 77 70
1770392105.939 72 67 68 73 66 66 68 74
1770392105.950 72 67 71 75 71 70 62 75
1770392105.960 64 60 63 72 74 69 67 73
1770392105.969 72 62 60 73 68 61 60 68
1770392105.980 65 56 62 61 63 68 61 64
1770392105.989 63 67 73 77 68 65 70 82
1770392106.000 62 66 72 65 69 62 59 78
1770392106.010 73 70 75 67 73 69 64 76
1770392106.020 70 70 70 60 65 70 55 62
1770392106.029 66 65 66 73 71 69 69 78
1770392106.040 69 68 71 73 66 66 65 70
1770392106.050 64 65 66 67 70 69 66 73
1770392106.060 76 76 77 71 64 64 70 78
1770392106.070 67 58 64 70 69 61 61 68
1770392106.080 67 71 78 75 75 68 64 76
1770392106.090 66 66 67 66 63 65 63 80
1770392106.100 61 64 72 72 68 68 60 78
1770392106.110 77 72 65 63 71 76 67 72
1770392106.120 59 60 65 54 50 62 61 72
1770392106.130 72 65 80 78 69 66 63 67
1770392106.140 65 68 73 77 77 74 67 79
1770392106.150 62 65 77 75 66 66 74 79
1770392106.160 57 55 73 68 59 61 67 78
1770392106.170 63 63 76 68 67 62 63 72
1770392106.180 66 64 69 70 71 65 67 75
1770392106.190 66 68 67 68 66 69 61 82
1770392106.200 67 62 65 66 80 67 56 65
1770392106.210 64 57 57 61 63 66 61 76
1770392106.219 70 74 74 71 65 70 63 71
1770392106.230 72 67 70 73 64 67 60 69
1770392106.240 74 74 73 74 71 75 64 66
1770392106.250 70 74 75 60 61 68 73 81
1770392106.260 61 61 79 67 67 64 67 77
1770392106.270 62 62 69 71 62 59 54 67
1770392106.280 63 64 65 73 64 67 71 91
1770392106.290 73 72 70 69 63 65 75 83
1770392106.299 60 63 66 68 66 70 72 80
1770392106.309 71 67 70 76 70 68 65 72
1770392106.320 67 68 71 75 67 63 61 63
1770392106.329 69 67 70 69 64 66 66 71
1770392106.339 74 67 66 54 59 68 64 73
1770392106.349 66 73 71 65 69 69 67 76
1770392106.360 70 68 73 70 73 69 72 74
1770392106.370 68 65 68 70 75 70 68 71
1770392106.381 74 78 82 71 58 69 78 73
1770392106.390 70 74 77 70 67 66 73 76
1770392106.400 63 64 68 71 69 73 73 77
1770392106.410 74 70 73 68 71 70 66 67
1770392106.421 67 58 63 67 68 69 69 80
1770392106.430 75 66 66 74 66 67 54 61
1770392106.440 69 66 70 61 68 69 61 75
1770392106.450 64 71 73 70 69 69 71 86
1770392106.460 68 61 66 63 67 67 67 66
1770392106.470 76 78 64 56 69 81 74 67
1770392106.480 75 76 68 67 69 65 69 74
1770392106.489 71 70 73 64 68 63 74 84
1770392106.500 70 63 69 70 69 66 67 75
1770392106.509 66 65 66 68 66 65 71 89
1770392106.520 65 62 64 79 72 64 63 79
1770392106.530 71 69 73 68 61 61 63 71
1770392106.540 71 70 69 69 72 71 64 79
1770392106.550 74 62 68 68 71 67 61 66
1770392106.560 74 70 60 67 75 74 66 62
1770392106.570 68 74 73 70 72 70 74 67
1770392106.580 66 70 71 63 64 64 71 74
1770392106.590 78 66 69 76 77 70 69 64
1770392106.600 73 71 66 63 69 70 65 67
1770392106.610 64 71 68 61 65 68 70 73
1770392106.620 76 76 66 65 68 65 64 62
1770392106.630 64 60 60 69 71 68 69 69
1770392106.640 74 70 61 67 66 67 69 71
1770392106.650 56 63 64 64 67 71 68 86
1770392106.660 77 71 68 62 75 76 70 66
1770392106.670 73 76 69 68 70 68 65 69
1770392106.680 79 72 67 66 73 75 69 68
1770392106.690 78 67 68 61 74 72 67 61
1770392106.700 75 71 68 66 74 73 79 65
1770392106.710 68 65 66 66 68 68 63 63
1770392106.720 70 58 69 68 71 70 66 70
1770392106.730 70 64 69 73 67 70 65 65
1770392106.740 67 64 74 69 57 62 73 78
1770392106.750 83 77 78 73 74 76 68 74
1770392106.760 74 63 69 66 71 65 66 72
1770392106.770 71 65 71 61 71 66 65 66
1770392106.780 71 70 72 68 76 68 57 66
1770392106.790 78 58 63 68 76 75 61 69
1770392106.801 71 68 68 69 69 69 64 72
1770392106.810 70 65 65 66 72 70 65 74
1770392106.820 68 68 69 65 72 65 68 63
1770392106.830 76 71 71 55 71 74 69 57
1770392106.840 70 65 71 67 75 71 70 74
1770392106.851 69 65 63 66 73 66 65 69
1770392106.860 66 60 66 69 72 63 66 71
1770392106.871 72 69 74 80 70 65 66 72
1770392106.880 71 65 62 65 74 68 68 65
1770392106.890 69 69 76 67 73 64 68 73
1770392106.900 67 61 71 68 67 64 65 71
1770392106.910 70 59 67 76 75 69 66 75
1770392106.920 74 57 61 75 72 69 56 61
1770392106.930 75 64 59 71 73 72 62 71
1770392106.940 71 65 69 76 68 67 57 70
1770392106.950 58 62 70 73 64 66 61 73
1770392106.960 79 68 70 75 71 74 62 59
1770392106.970 64 67 75 69 61 65 71 71
1770392106.980 68 67 72 78 70 67 61 79
1770392106.990 69 66 66 76 75 64 64 71
1770392107.000 63 55 63 74 79 70 69 74
1770392107.010 68 54 66 75 68 61 58 80
1770392107.020 67 65 68 68 68 66 61 74
1770392107.031 66 62 68 72 73 70 65 76
1770392107.040 64 62 64 70 69 64 64 69
1770392107.050 70 70 66 77 78 71 61 54
1770392107.060 79 74 66 62 71 73 68 62
1770392107.070 75 66 66 65 70 66 67 71
1770392107.080 69 63 75 74 71 64 66 69
1770392107.090 62 63 72 76 74 73 63 82
1770392107.100 56 59 78 64 67 63 77 84
1770392107.110 62 66 71 70 71 67 63 78
1770392107.120 65 70 72 72 67 67 69 76
1770392107.130 58 64 72 66 65 59 61 78
1770392107.140 68 58 73 84 81 66 66 86
1770392107.150 71 66 67 73 72 61 61 70
1770392107.160 59 62 70 74 69 64 66 71
1770392107.170 67 73 77 75 67 61 56 66
1770392107.180 61 65 73 70 69 71 67 82
1770392107.190 70 71 72 71 70 66 59 69
1770392107.200 68 71 73 65 63 63 65 69
1770392107.210 64 68 75 76 71 65 68 76
1770392107.220 63 59 69 77 62 53 63 70
1770392107.230 67 71 78 74 66 64 64 67
1770392107.240 65 67 72 70 70 62 64 69
1770392107.250 54 57 65 67 62 69 75 75
1770392107.260 70 65 76 75 68 70 65 76
1770392107.270 64 60 65 62 63 65 66 68
1770392107.280 73 65 61 69 71 68 59 64
1770392107.290 74 73 69 59 57 60 59 76
1770392107.300 68 67 70 72 67 72 67 83
1770392107.310 70 66 70 68 66 65 71 83
1770392107.320 61 67 72 63 64 60 69 69
1770392107.330 68 70 78 78 71 70 71 74
1770392107.340 67 63 71 81 71 69 69 83
1770392107.350 66 68 74 80 72 64 62 74
1770392107.360 59 63 73 73 67 62 69 72
1770392107.370 66 54 67 79 75 62 55 64
1770392107.380 86 73 68 67 61 56 58 61
1770392107.390 65 64 69 77 71 65 71 76
1770392107.400 73 62 66 71 71 70 69 73
1770392107.410 70 68 70 63 74 71 65 61
1770392107.420 81 73 69 62 63 75 69 62
1770392107.430 59 63 71 58 64 66 61 74
1770392107.440 71 73 72 66 69 73 62 77
1770392107.451 65 64 66 65 64 63 60 78
1770392107.461 54 58 64 69 65 70 75 82
1770392107.470 73 71 72 67 58 64 64 69
1770392107.481 67 67 73 69 63 64 66 75
1770392107.490 69 66 74 72 68 70 69 76
1770392107.500 71 67 72 66 68 71 62 73
1770392107.510 79 79 72 79 69 65 63 78
1770392107.520 76 74 68 60 58 61 69 77
1770392107.531 69 62 70 72 67 70 70 76
1770392107.540 72 70 70 74 71 71 67 82
1770392107.550 66 71 59 57 68 75 73 81
1770392107.561 72 73 69 67 67 73 71 77
1770392107.570 64 66 66 67 62 67 64 70
1770392107.580 65 66 70 69 66 74 70 83
1770392107.591 72 73 70 71 72 72 69 74
1770392107.600 67 62 57 75 69 71 65 79
1770392107.610 77 77 70 66 64 68 69 64
1770392107.620 70 71 68 66 65 64 70 78
1770392107.630 75 68 72 72 69 72 66 66
1770392107.640 80 63 64 64 71 83 70 71
1770392107.650 68 67 66 63 67 73 77 71
1770392107.660 66 66 63 58 62 69 70 67
1770392107.670 69 60 67 70 70 64 67 62
1770392107.680 71 69 66 69 62 58 64 67
1770392107.690 59 67 88 76 60 67 68 86
1770392107.701 76 73 75 72 72 75 67 76
1770392107.711 66 65 69 65 70 70 59 77
1770392107.721 78 62 65 67 76 72 68 66
1770392107.731 73 63 63 70 80 74 59 70
1770392107.741 70 63 64 68 72 70 68 79
1770392107.750 75 67 65 73 72 64 67 66
1770392107.760 61 63 65 69 79 72 69 74
1770392107.770 70 73 66 63 72 69 65 61
1770392107.781 70 72 68 72 71 67 70 71
1770392107.790 70 77 80 77 72 76 71 71
1770392107.801 69 62 70 67 69 69 61 78
1770392107.810 71 74 69 73 74 71 69 74
1770392107.820 69 67 75 73 68 59 65 68
1770392107.830 66 62 68 66 69 68 65 68
1770392107.840 69 62 74 73 73 76 67 79
1770392107.850 71 61 63 63 73 74 67 68
1770392107.860 75 63 63 66 74 72 61 63
1770392107.870 78 63 54 52 68 70 61 63
1770392107.880 81 77 74 76 82 71 65 55
1770392107.890 65 64 61 75 73 64 58 65
1770392107.900 69 66 70 69 75 70 67 71
1770392107.910 64 69 79 76 64 65 70 62
1770392107.920 67 56 73 77 75 74 71 72
1770392107.931 67 62 68 76 71 64 61 73
1770392107.940 63 59 65 74 69 71 64 74
1770392107.950 73 61 67 74 77 70 62 75
1770392107.960 80 54 60 69 68 64 50 60
1770392107.970 71 62 68 70 62 63 67 73
1770392107.980 70 62 65 73 67 69 63 67
1770392107.990 68 65 69 68 68 63 67 77
1770392108.000 81 71 69 62 70 72 70 63
1770392108.010 68 68 64 64 61 64 64 66
1770392108.020 74 63 68 67 73 68 63 68
1770392108.030 70 56 65 60 65 67 60 67
1770392108.040 68 64 73 81 78 71 72 77
1770392108.051 66 54 75 73 69 63 52 61
1770392108.060 64 65 74 71 71 64 65 81
1770392108.071 74 72 70 68 64 69 61 74
1770392108.080 62 66 63 64 65 66 58 79
1770392108.090 73 65 72 87 78 67 59 59
1770392108.101 76 70 64 65 74 75 69 66
1770392108.111 73 71 75 74 69 68 63 72
1770392108.121 71 69 71 69 67 59 55 71
1770392108.131 59 56 63 73 73 71 74 73
1770392108.141 52 69 72 67 63 61 66 79
1770392108.150 74 67 73 71 65 63 61 75
1770392108.160 68 68 73 69 71 69 66 79
1770392108.170 65 67 68 69 63 57 59 65
1770392108.181 71 59 72 80 78 61 56 61
1770392108.191 68 62 68 67 71 62 66 75
1770392108.201 68 70 71 70 69 65 69 75
1770392108.211 67 64 77 70 68 62 62 69
1770392108.221 60 60 73 65 72 72 64 69
1770392108.231 79 72 63 61 62 71 73 68
1770392108.241 65 67 67 73 65 71 65 75
1770392108.250 70 76 70 69 67 68 61 83
1770392108.260 64 67 67 69 63 60 58 81
1770392108.270 64 61 73 71 58 60 66 80
1770392108.280 64 54 70 76 72 64 64 71
1770392108.290 62 65 72 66 66 66 70 81
1770392108.300 72 71 69 69 68 63 63 72
1770392108.310 63 61 66 74 70 67 67 74
1770392108.320 75 63 57 68 70 72 62 68
1770392108.330 72 67 67 59 63 69 64 75
1770392108.340 62 62 74 79 72 68 77 83
1770392108.350 68 64 65 68 61 59 62 78
1770392108.361 72 66 68 63 68 68 67 71
1770392108.371 68 68 70 70 72 68 70 61
1770392108.381 64 64 68 62 65 65 75 75
1770392108.390 72 74 73 68 65 64 61 76
1770392108.401 70 67 70 65 62 67 69 69
1770392108.411 67 69 61 69 71 62 61 69
1770392108.421 75 78 70 66 61 62 60 64
1770392108.431 70 68 70 76 69 66 62 80
1770392108.441 68 68 68 71 68 67 67 76
1770392108.451 74 70 58 67 71 69 57 73
1770392108.461 77 71 64 67 67 72 73 79
1770392108.471 73 64 70 69 64 67 72 73
1770392108.481 67 67 74 69 66 67 67 66
1770392108.491 74 72 69 67 65 69 69 73
1770392108.501 61 63 71 78 64 67 72 75
1770392108.511 76 75 78 72 67 64 57 60
1770392108.520 64 72 72 72 65 69 71 76
1770392108.530 69 67 76 74 72 70 71 73
1770392108.540 69 66 68 75 75 67 60 65
1770392108.550 76 65 66 70 75 76 76 75
1770392108.560 69 66 68 56 65 64 66 74
1770392108.570 63 60 66 69 68 65 68 70
1770392108.581 74 65 72 65 69 66 68 71
1770392108.591 73 78 72 60 66 73 77 80
1770392108.601 75 70 67 64 72 69 64 69
1770392108.610 69 72 70 66 66 70 62 77
1770392108.620 66 63 67 67 69 67 69 78
1770392108.631 67 56 63 68 66 66 68 74
1770392108.641 75 67 69 77 68 74 70 75
1770392108.651 73 70 73 64 65 69 68 76
1770392108.661 64 67 68 59 65 70 64 74
1770392108.671 65 64 66 69 67 62 56 59
1770392108.681 70 58 55 68 73 76 67 65
1770392108.691 79 70 66 68 75 74 70 76
1770392108.701 74 62 65 68 68 66 70 77
1770392108.711 70 62 64 68 69 70 62 66
1770392108.721 79 66 58 64 72 69 60 52
1770392108.730 65 73 70 71 67 70 76 73
1770392108.740 69 59 68 67 69 74 63 75
1770392108.750 67 63 67 67 69 72 71 72
1770392108.760 75 65 71 76 78 72 65 72
1770392108.770 71 60 66 70 68 59 60 71
1770392108.780 83 78 73 72 68 63 68 68
1770392108.791 75 69 64 64 64 66 63 68
1770392108.801 70 67 75 75 71 71 63 79
1770392108.811 79 67 63 65 77 72 63 59
1770392108.821 74 74 73 68 73 72 68 73
1770392108.831 73 65 69 68 73 70 61 63
1770392108.841 69 68 70 71 69 71 63 70
1770392108.851 72 72 68 72 74 75 69 70
1770392108.861 61 67 76 76 66 69 74 77
1770392108.871 66 62 70 71 74 69 63 68
1770392108.881 66 67 74 73 73 67 61 70
1770392108.891 65 63 65 76 72 71 71 82
1770392108.901 71 58 61 74 72 59 63 71
1770392108.911 81 63 66 67 72 70 68 71
1770392108.921 75 65 68 71 76 64 55 56
1770392108.931 65 62 66 81 67 61 58 71
1770392108.940 72 70 76 78 79 76 62 65
1770392108.950 77 72 63 69 70 71 53 72
1770392108.960 71 67 68 76 75 71 62 71
1770392108.970 74 74 71 67 73 70 62 76
1770392108.980 68 63 72 78 73 74 68 74
1770392108.990 72 69 69 70 71 69 65 79
1770392109.001 64 54 66 75 67 60 67 77
1770392109.011 74 67 73 62 68 64 69 77
1770392109.021 65 61 69 66 68 58 62 80
1770392109.031 70 67 70 73 71 70 66 83
1770392109.041 79 62 65 71 82 68 54 64
1770392109.051 65 60 66 62 75 78 69 74
1770392109.061 67 72 76 72 66 62 68 73
1770392109.071 56 60 69 70 63 65 67 75
1770392109.081 66 72 78 63 65 70 73 76
1770392109.090 55 64 71 61 68 70 70 82
1770392109.100 68 71 74 66 76 71 74 78
1770392109.110 66 71 70 77 62 64 59 75
1770392109.121 65 62 65 69 65 67 66 79
1770392109.131 70 59 69 84 67 53 55 69
1770392109.141 65 64 69 75 69 66 66 70
1770392109.151 68 73 74 74 68 65 67 75
1770392109.161 63 69 68 67 64 65 65 77
1770392109.171 73 69 67 68 84 72 62 65
1770392109.181 69 73 66 62 67 71 64 60
1770392109.191 66 74 69 69 74 67 65 70
1770392109.201 77 63 66 71 73 66 64 66
1770392109.211 71 63 66 69 70 69 77 86
1770392109.221 67 69 77 63 48 55 68 68
1770392109.231 70 63 62 61 63 71 73 80
1770392109.241 71 71 70 68 74 68 69 76
1770392109.250 67 67 68 70 65 65 61 74
1770392109.261 63 67 73 77 70 59 61 82
1770392109.271 68 58 63 66 67 64 65 69
1770392109.281 65 68 76 69 69 74 68 76
1770392109.291 68 68 74 74 63 67 64 66
1770392109.301 67 60 63 72 70 67 74 76
1770392109.312 73 72 64 59 66 70 69 69
1770392109.322 68 73 67 68 62 65 67 67
1770392109.332 68 72 70 71 70 71 69 69
1770392109.341 74 69 71 63 61 62 63 73
1770392109.351 63 62 69 73 66 66 77 91
1770392109.361 81 63 59 66 66 65 64 60
1770392109.371 71 71 66 69 68 70 65 73
1770392109.381 70 70 68 69 68 70 70 79
1770392109.392 65 69 69 65 66 75 74 75
1770392109.402 74 77 62 58 71 73 65 55
1770392109.412 72 66 66 60 69 69 69 67
1770392109.422 62 64 63 64 68 70 65 74
1770392109.432 74 72 73 62 65 64 70 68
1770392109.441 67 77 71 64 63 69 71 84
1770392109.451 72 71 71 78 67 62 66 70
1770392109.461 67 64 60 64 68 69 69 65
1770392109.472 66 70 65 68 70 77 71 69
1770392109.482 70 69 67 65 67 66 64 73
1770392109.491 85 68 62 61 85 76 62 66
1770392109.501 77 70 66 66 69 70 62 73
1770392109.511 75 67 62 65 68 70 70 77
1770392109.521 78 69 64 59 67 67 66 65
1770392109.531 72 71 67 55 69 83 71 70
1770392109.541 75 72 73 71 68 64 72 77
1770392109.551 74 65 63 70 68 60 65 64
1770392109.561 74 71 68 71 78 71 70 67
1770392109.572 67 60 66 72 68 64 61 67
1770392109.582 62 56 67 73 71 69 69 76
1770392109.591 74 67 72 79 77 69 63 57
1770392109.601 75 71 64 60 78 74 72 72
1770392109.612 73 72 67 68 72 68 65 73
1770392109.621 72 63 63 76 76 65 57 69
1770392109.631 68 76 74 65 71 71 68 80
1770392109.641 72 60 61 67 70 68 72 66
1770392109.651 76 70 65 72 78 79 72 75
1770392109.661 69 64 69 65 73 69 67 64
1770392109.672 58 70 73 66 58 60 71 68
1770392109.681 75 72 73 71 74 75 69 74
1770392109.691 67 60 62 68 71 76 73 84
1770392109.702 67 67 64 71 71 74 69 77
1770392109.712 66 64 62 75 76 65 58 74
1770392109.722 67 55 62 77 82 68 56 64
1770392109.732 75 69 68 74 73 67 66 69
1770392109.742 70 67 68 70 66 68 68 69
1770392109.751 68 66 69 67 72 77 69 70
1770392109.761 67 71 70 50 66 77 72 73
1770392109.771 77 79 80 75 77 68 55 65
1770392109.782 69 63 61 65 69 70 66 72
1770392109.792 69 61 69 76 71 73 67 72
1770392109.802 65 64 71 72 65 66 70 72
1770392109.812 68 62 76 75 71 69 61 79
1770392109.822 71 68 70 74 73 67 59 65
1770392109.832 70 69 68 76 73 67 59 73
1770392109.842 67 63 74 80 72 69 62 78
1770392109.851 70 59 68 80 71 64 57 70
1770392109.861 79 74 67 65 68 71 63 69
1770392109.871 69 65 67 61 68 69 62 67
1770392109.882 72 69 69 71 66 64 67 77
1770392109.892 81 72 72 80 76 61 60 63
1770392109.902 68 73 69 71 69 74 75 82
1770392109.912 63 68 70 69 64 65 67 75
1770392109.922 65 64 72 65 64 66 63 74
1770392109.932 68 67 75 72 69 74 72 86
1770392109.942 60 59 77 74 66 53 58 78
1770392109.951 72 67 67 74 73 65 59 66
1770392109.961 73 66 68 67 66 65 63 69
1770392109.972 65 63 68 61 62 65 61 76
1770392109.981 75 69 69 73 74 71 54 61
1770392109.992 65 59 65 73 73 82 71 75
1770392110.002 75 66 67 69 69 70 58 72
1770392110.012 69 65 69 76 67 67 61 70
1770392110.022 59 59 74 77 75 72 73 78
1770392110.032 51 60 75 76 62 59 65 81
1770392110.042 62 60 66 68 67 69 66 74
1770392110.052 71 69 70 67 71 74 64 74
1770392110.062 63 65 66 60 62 64 71 76
1770392110.072 71 66 72 74 81 61 54 57
1770392110.082 67 66 65 74 86 67 60 72
1770392110.091 66 64 70 80 74 65 63 74
1770392110.102 70 67 70 71 66 63 66 75
1770392110.111 59 67 73 69 77 74 69 78
1770392110.121 72 71 66 56 62 64 66 64
1770392110.131 65 64 66 68 67 63 63 71
1770392110.142 72 72 70 73 74 70 65 69
1770392110.152 62 60 62 66 66 62 66 79
1770392110.161 68 65 70 67 67 69 61 69
1770392110.172 65 61 77 74 65 59 62 68
1770392110.182 65 67 67 71 70 68 65 72
1770392110.192 81 82 73 66 60 66 69 74
1770392110.202 66 68 77 76 72 66 75 76
1770392110.212 82 66 67 68 68 60 61 61
1770392110.222 76 73 68 62 64 59 60 60
1770392110.232 75 76 73 73 67 67 70 81
1770392110.242 65 67 74 64 61 63 63 89
1770392110.252 67 74 74 57 59 66 71 77
1770392110.262 59 71 74 69 52 52 61 68
1770392110.272 60 67 70 66 66 69 66 72
1770392110.282 77 74 73 73 63 60 66 73
1770392110.292 72 70 73 72 66 72 68 86
1770392110.302 75 65 72 77 79 69 55 75
1770392110.312 69 66 67 64 68 68 56 73
1770392110.322 71 70 69 67 74 72 71 69
1770392110.332 69 68 68 71 66 68 69 74
1770392110.342 78 70 71 59 70 75 75 73
1770392110.352 69 71 76 58 67 72 77 73
1770392110.361 68 76 66 58 64 72 72 75
1770392110.372 75 71 73 61 66 65 66 73
1770392110.381 72 72 72 73 68 66 68 82
1770392110.392 57 67 82 77 71 59 65 86
1770392110.401 75 66 68 62 69 65 59 59
1770392110.412 75 69 71 74 65 71 76 77
1770392110.422 69 63 66 63 65 67 67 69
1770392110.432 59 60 61 71 72 73 67 76
1770392110.442 65 62 65 71 66 65 71 79
1770392110.451 69 64 66 65 67 70 69 80
1770392110.461 69 67 69 67 72 70 66 66
1770392110.471 75 67 62 60 64 69 68 63
1770392110.481 62 72 70 66 66 67 65 69
1770392110.491 74 68 66 61 67 68 69 71
1770392110.501 72 68 63 69 69 74 71 66
1770392110.511 72 73 69 72 71 74 74 70
1770392110.521 73 63 62 65 65 65 59 69
1770392110.531 67 62 56 76 79 70 57 64
1770392110.541 67 61 69 69 78 71 66 68
1770392110.551 65 65 67 64 69 70 73 70
1770392110.561 77 70 68 72 66 64 67 59
1770392110.572 73 73 75 72 63 74 72 65
1770392110.581 64 71 69 68 61 70 56 63
1770392110.591 72 72 69 64 64 67 68 74
1770392110.602 75 69 72 72 80 75 69 66
1770392110.612 67 66 73 80 70 66 67 76
1770392110.622 67 61 73 86 80 66 63 79
1770392110.632 77 66 64 70 73 66 66 74
1770392110.642 69 61 66 74 77 72 68 74
1770392110.652 77 69 70 71 69 65 66 69
1770392110.662 79 68 67 76 77 75 63 65
1770392110.672 77 70 70 78 66 68 59 65
1770392110.682 70 65 64 66 66 66 62 74
1770392110.692 77 71 72 71 73 76 70 70
1770392110.702 65 70 69 63 65 69 67 77
1770392110.712 68 60 63 75 72 70 72 79
1770392110.721 66 64 69 71 68 65 59 66
1770392110.731 64 57 67 75 73 68 68 80
1770392110.742 69 66 67 79 72 66 72 78
1770392110.752 60 52 61 72 74 69 68 82
1770392110.762 63 64 67 79 67 70 62 78
1770392110.772 67 53 63 66 71 63 54 71
1770392110.782 68 61 62 65 69 63 62 74
1770392110.792 58 60 72 86 78 67 73 83
1770392110.802 67 64 68 73 73 69 65 74
1770392110.812 73 70 78 81 71 61 65 70
1770392110.822 67 58 69 74 67 68 60 72
1770392110.831 63 67 74 74 70 71 66 74
1770392110.842 65 76 73 70 64 72 72 67
1770392110.852 60 58 72 83 77 72 69 76
1770392110.862 65 55 65 76 68 61 56 72
1770392110.872 65 72 67 74 68 71 64 65
1770392110.882 63 62 69 74 71 65 64 73
1770392110.892 70 54 61 70 70 61 60 83
1770392110.902 73 65 74 75 68 64 65 77
1770392110.912 69 67 68 74 71 66 64 72
1770392110.922 72 75 67 76 71 71 63 72
1770392110.932 69 76 78 60 68 71 61 59
1770392110.941 57 64 74 76 73 73 68 83
1770392110.951 72 71 71 66 65 62 59 68
1770392110.962 64 66 69 69 67 68 68 73
1770392110.972 63 65 75 71 67 69 74 79
1770392110.982 55 52 66 72 63 58 66 91
1770392110.991 72 67 76 75 74 66 65 78
1770392111.001 68 62 70 72 68 69 67 84
1770392111.012 67 67 65 67 67 73 75 86
1770392111.022 72 64 67 79 70 67 58 69
1770392111.032 52 65 77 73 75 74 69 71
1770392111.042 62 65 69 68 71 68 63 72
1770392111.052 66 63 66 63 71 70 68 71
1770392111.062 63 72 68 72 67 71 73 72
1770392111.072 56 60 65 70 68 74 68 72
1770392111.082 70 61 65 70 68 69 66 72
1770392111.092 72 64 66 70 67 62 68 70
1770392111.102 68 63 65 72 69 67 69 80
1770392111.111 57 69 79 80 69 64 65 74
1770392111.122 58 63 72 70 72 64 69 75
1770392111.131 65 71 73 67 76 71 69 69
1770392111.142 78 68 66 57 64 67 63 71
1770392111.152 68 66 71 75 76 69 68 81
1770392111.162 66 72 64 65 59 63 67 78
1770392111.172 64 62 66 66 68 66 68 72
1770392111.182 72 61 61 65 72 74 67 71
1770392111.192 62 60 65 65 67 69 63 76
1770392111.202 55 64 74 69 52 59 67 82
1770392111.212 62 59 67 65 65 66 70 72
1770392111.222 70 66 60 66 64 73 68 74
1770392111.232 74 75 67 65 75 71 69 71
1770392111.242 68 71 75 84 77 73 74 89
1770392111.252 67 67 65 70 64 70 61 68
1770392111.262 69 67 72 66 66 73 67 62
1770392111.272 72 68 67 71 72 80 66 62
1770392111.282 72 68 66 62 66 74 68 75
1770392111.292 76 76 69 57 69 76 77 59
1770392111.302 69 67 66 60 65 72 67 72
1770392111.312 68 65 68 69 70 75 73 73
1770392111.322 86 68 67 61 59 69 66 62
1770392111.332 70 70 69 72 70 69 71 80
1770392111.342 68 67 67 66 62 65 63 73
1770392111.352 70 66 66 71 72 71 72 73
1770392111.362 71 73 70 67 75 79 74 71
1770392111.372 71 64 64 63 65 65 65 68
1770392111.381 78 58 63 67 68 70 63 61
1770392111.392 81 65 63 62 70 72 64 73
1770392111.402 71 58 61 68 73 75 62 74
1770392111.412 72 68 66 67 65 68 63 62
1770392111.422 69 69 65 56 66 65 65 67
1770392111.432 61 69 72 67 61 66 72 72
1770392111.442 71 62 63 70 68 64 54 64
1770392111.451 76 73 71 65 80 72 69 64
1770392111.462 75 72 65 63 71 71 68 74
1770392111.472 67 57 58 80 79 68 62 80
1770392111.482 71 64 62 75 74 62 63 77
1770392111.492 70 66 65 67 76 73 74 80
1770392111.502 86 71 72 70 72 72 71 70
1770392111.512 75 70 68 71 74 72 68 66
1770392111.522 65 74 72 62 64 66 73 68
1770392111.532 75 68 68 67 71 64 65 69
1770392111.542 72 70 65 73 80 74 69 71
1770392135.511 0 0 0 0 0 0 0 0
1770392135.521 0 0 0 0 0 0 0 0
1770392135.532 0 0 0 0 0 0 0 0
1770392135.542 0 0 0 0 0 0 0 0
1770392135.552 0 0 0 0 0 0 0 0
1770392135.561 0 0 0 0 0 0 0 0
1770392135.571 0 0 0 0 0 0 0 0
1770392135.581 0 0 0 0 0 0 0 0
1770392135.591 0 0 0 0 0 0 0 0
1770392135.601 0 0 0 0 0 0 0 0
1770392135.611 0 0 0 0 0 0 0 0
1770392135.621 0 0 0 0 0 0 0 0
1770392135.632 0 0 0 0 0 0 0 0
1770392135.642 0 0 0 0 0 0 0 0
1770392135.651 0 0 0 0 0 0 0 0
1770392135.661 0 0 0 0 0 0 0 0
1770392135.671 0 0 0 0 0 0 0 0
1770392135.681 0 0 0 0 0 0 0 0
1770392135.691 0 0 0 0 0 0 0 0
1770392135.702 0 0 0 0 0 0 0 0
1770392135.712 0 0 0 0 0 0 0 0
1770392135.722 0 0 0 0 0 0 0 0
1770392135.731 0 0 0 0 0 0 0 0
1770392135.741 0 0 0 0 0 0 0 0
1770392135.751 0 0 0 0 0 0 0 0
1770392135.761 0 0 0 0 0 0 0 0
1770392135.771 0 0 0 0 0 0 0 0
1770392135.782 62 35 26 14 28 27 26 46
1770392135.791 56 60 46 46 54 50 49 48
1770392135.802 74 64 66 74 75 59 54 56
1770392135.812 61 67 69 72 63 53 53 62
1770392135.822 62 67 67 63 59 56 52 64
1770392135.832 75 80 85 72 59 54 67 65
1770392135.842 59 63 72 84 74 65 56 69
1770392135.852 66 69 69 72 69 63 55 63
1770392135.862 63 67 69 65 71 66 56 59
1770392135.872 66 68 72 67 68 68 66 69
1770392135.882 67 66 63 66 68 60 53 70
1770392135.892 70 71 62 66 65 64 61 68
1770392135.902 68 69 69 66 62 58 61 65
1770392135.911 57 63 68 66 67 57 64 74
1770392135.921 77 78 78 59 60 66 52 52
1770392135.931 52 63 70 61 59 62 58 68
1770392135.942 67 68 68 69 66 62 58 60
1770392135.952 69 70 69 61 59 64 55 62
1770392135.962 64 71 74 72 61 57 65 79
1770392135.971 59 58 70 84 61 53 60 79
1770392135.982 70 65 66 74 67 61 59 72
1770392135.992 73 72 72 65 67 64 59 63
1770392136.002 69 62 68 67 63 63 64 69
1770392136.012 70 75 68 58 71 68 55 54
1770392136.022 65 73 68 65 66 65 58 60
1770392136.032 68 67 67 66 63 63 59 62
1770392136.042 74 71 74 66 56 65 54 64
1770392136.051 61 71 75 67 63 65 65 70
1770392136.061 43 60 71 68 62 53 61 69
1770392136.071 64 61 65 65 64 60 54 68
1770392136.081 76 70 71 67 66 69 61 67
1770392136.091 72 72 65 58 62 64 64 68
1770392136.101 73 64 65 64 65 58 50 64
1770392136.112 70 64 66 59 60 60 58 64
1770392136.122 72 73 67 63 67 65 63 69
1770392136.132 77 75 70 60 63 65 59 62
1770392136.142 68 76 66 71 64 64 61 56
1770392136.152 71 73 70 66 64 61 63 64
1770392136.162 69 67 72 61 62 59 59 62
1770392136.172 71 72 68 65 65 72 71 64
1770392136.182 67 70 70 65 60 66 66 70
1770392136.192 67 71 70 67 69 61 55 59
1770392136.202 66 68 69 68 68 59 50 62
1770392136.211 70 70 62 63 66 64 60 69
1770392136.221 74 69 65 53 64 61 56 62
1770392136.232 72 68 69 70 74 70 65 66
1770392136.242 77 71 66 65 66 71 61 65
1770392136.252 71 67 63 60 58 58 54 55
1770392136.262 71 72 64 59 69 73 65 54
1770392136.271 67 65 59 59 62 63 68 62
1770392136.281 69 64 68 65 58 59 69 71
1770392136.292 59 67 70 70 62 58 48 61
1770392136.302 65 72 63 64 64 65 61 66
1770392136.312 78 70 64 60 64 68 60 55
1770392136.322 72 66 66 65 67 64 63 63
1770392136.331 83 67 63 64 73 63 54 58
1770392136.341 69 62 67 70 63 60 53 61
1770392136.352 74 71 76 68 67 64 65 59
1770392136.362 63 66 63 61 62 63 61 68
1770392136.372 66 68 72 54 55 61 64 65
1770392136.382 65 74 87 92 79 64 50 64
1770392136.392 69 73 71 73 71 67 59 66
1770392136.401 70 73 69 64 69 60 58 57
1770392136.412 69 64 65 66 66 57 52 57
1770392136.422 57 53 67 70 68 63 57 68
1770392136.432 75 64 68 71 67 63 53 52
1770392136.442 69 67 70 69 65 63 61 64
1770392136.452 68 73 67 65 68 63 54 54
1770392136.462 65 68 70 67 69 62 54 59
1770392136.472 72 77 72 70 68 62 57 51
1770392136.482 57 65 61 67 68 54 56 67
1770392136.492 67 73 71 66 70 64 68 64
1770392136.502 75 69 73 66 67 64 65 65
1770392136.511 61 66 82 77 57 56 60 66
1770392136.521 66 70 77 72 68 59 47 61
1770392136.532 63 66 70 62 71 68 59 56
1770392136.542 68 67 69 66 75 62 57 57
1770392136.552 65 68 59 59 66 54 50 66
1770392136.562 77 69 70 62 67 68 58 58
1770392136.572 65 61 65 70 68 59 57 53
1770392136.582 60 62 64 77 74 69 62 65
1770392136.591 67 69 65 69 66 66 62 69
1770392136.601 60 72 74 62 55 59 71 81
1770392136.612 71 65 72 74 66 57 63 61
1770392136.622 60 66 69 63 67 59 59 69
1770392136.632 66 73 69 71 65 62 58 65
1770392136.642 65 64 70 76 66 55 53 74
1770392136.652 70 57 63 78 76 65 55 61
1770392136.661 68 67 72 70 67 60 51 53
1770392136.672 61 63 69 62 66 60 55 67
1770392136.682 71 76 72 66 67 67 58 54
1770392136.692 71 68 69 60 63 74 73 68
1770392136.702 73 71 74 67 66 60 67 69
1770392136.712 60 66 70 61 61 61 64 74
1770392136.721 78 71 70 69 66 66 64 64
1770392136.731 73 72 66 66 64 64 69 73
1770392136.742 64 69 73 72 68 62 65 71
1770392136.752 77 71 72 65 59 60 58 64
1770392136.762 65 66 68 71 60 62 62 61
1770392136.772 74 74 70 61 59 60 58 61
1770392136.782 80 69 71 73 69 66 61 64
1770392136.791 72 80 72 74 64 64 65 79
1770392136.801 74 73 66 60 61 57 61 69
1770392136.812 70 71 69 67 58 65 58 69
1770392136.822 66 75 77 59 58 71 65 66
1770392136.832 55 64 70 73 63 64 65 76
1770392136.842 72 69 74 69 59 63 60 68
1770392136.851 65 69 65 66 69 65 63 70
1770392136.861 70 73 69 69 73 63 58 69
1770392136.872 78 69 64 67 69 60 46 52
1770392136.882 60 72 75 72 70 65 63 78
1770392136.892 67 65 72 62 65 66 67 74
1770392136.902 67 69 73 59 65 65 65 68
1770392136.912 70 75 72 69 67 68 59 54
1770392136.922 58 71 68 65 57 61 69 76
1770392136.932 64 74 70 66 68 64 59 77
1770392136.942 69 70 70 53 55 62 62 70
1770392136.951 67 69 63 66 66 62 69 78
1770392136.961 67 68 75 73 57 50 53 69
1770392136.971 65 74 78 73 64 63 62 64
1770392136.982 70 67 70 63 65 65 55 58
1770392136.992 69 66 66 65 61 63 62 64
1770392137.002 85 69 65 61 74 71 59 54
1770392137.011 69 63 63 56 61 64 61 69
1770392137.021 70 69 67 64 67 65 60 66
1770392137.031 66 67 66 66 66 65 58 63
1770392137.042 69 63 66 62 65 66 65 61
1770392137.052 74 72 67 70 58 59 61 61
1770392137.062 62 64 62 71 67 60 59 62
1770392137.072 72 63 61 72 63 65 61 60
1770392137.082 70 65 63 65 61 58 57 61
1770392137.091 75 67 72 72 71 68 73 74
1770392137.101 74 62 55 53 65 66 60 61
1770392137.112 64 66 66 59 66 66 58 64
1770392137.122 66 69 61 68 69 66 57 55
1770392137.132 69 69 64 62 66 66 60 62
1770392137.142 69 76 65 56 59 64 62 50
1770392137.152 65 71 72 69 63 60 58 63
1770392137.161 65 69 69 68 66 60 58 53
1770392137.172 69 66 66 60 68 63 56 54
1770392137.182 77 68 69 68 75 64 55 64
1770392137.191 71 61 64 60 67 56 50 60
1770392137.202 66 65 65 63 65 63 56 59
1770392137.212 66 66 67 68 74 65 52 57
1770392137.222 68 59 55 58 71 65 62 67
1770392137.232 75 72 66 56 61 72 74 59
1770392137.242 63 64 66 68 66 60 59 67
1770392137.251 61 62 65 73 75 63 61 59
1770392137.261 67 62 63 68 65 59 52 53
1770392137.272 68 63 72 78 70 61 63 68
1770392137.282 67 64 69 73 64 51 52 65
1770392137.292 58 59 70 73 62 63 63 83
1770392137.302 70 72 73 79 72 64 63 64
1770392137.312 56 65 61 73 69 65 55 52
1770392137.322 62 61 62 70 69 57 54 52
1770392137.332 75 70 67 65 64 62 61 59
1770392137.342 61 61 66 70 68 65 61 62
1770392137.352 71 60 62 67 64 64 53 55
1770392137.362 66 65 68 63 65 62 62 62
1770392137.372 60 62 68 74 61 56 66 66
1770392137.382 63 60 67 74 63 60 67 76
1770392137.392 72 69 70 76 71 61 61 66
1770392137.402 68 65 62 66 65 64 58 69
1770392137.412 68 62 60 68 72 60 50 66
1770392137.422 70 67 63 67 63 55 56 58
1770392137.432 67 71 78 74 70 64 58 77
1770392137.442 62 71 73 68 66 58 57 65
1770392137.452 68 69 70 67 64 62 63 71
1770392137.462 59 75 71 75 57 55 58 60
1770392137.472 68 67 73 68 60 62 64 66
1770392137.482 70 71 79 68 65 65 62 66
1770392137.492 68 73 73 64 61 61 58 73
1770392137.502 65 58 65 75 74 57 53 62
1770392137.512 72 68 70 79 65 57 47 47
1770392137.522 60 66 73 66 62 67 63 66
1770392137.532 69 65 73 66 71 69 61 70
1770392137.542 73 65 63 62 71 72 58 63
1770392137.552 74 83 70 68 65 68 72 63
1770392137.562 60 61 63 67 63 57 58 61
1770392137.572 68 64 69 65 65 64 59 59
1770392137.582 58 70 72 69 57 59 57 69
1770392137.592 50 68 61 59 54 63 69 78
1770392137.601 68 76 69 63 61 57 64 73
1770392137.612 65 69 70 65 65 62 56 60
1770392137.621 64 71 70 70 62 65 66 69
1770392137.632 63 72 70 71 62 62 58 70
1770392137.642 81 75 73 74 61 63 57 69
1770392137.651 73 68 70 64 60 65 69 82
1770392137.661 67 67 65 64 63 62 65 63
1770392137.671 62 65 67 66 67 64 60 66
1770392137.682 64 72 68 50 55 73 69 66
1770392137.692 65 71 68 69 68 66 63 71
1770392137.702 70 70 73 59 67 62 54 61
1770392137.712 66 68 75 71 69 66 69 64
1770392137.722 75 68 65 65 62 60 57 57
1770392137.731 67 61 64 73 68 66 62 69
1770392137.742 69 69 70 61 69 68 58 60
1770392137.752 65 62 65 59 62 60 68 70
1770392137.762 69 67 68 68 70 59 57 47
1770392137.772 73 71 55 58 72 79 64 51
1770392137.782 72 76 69 59 71 72 71 66
1770392137.792 74 77 68 50 64 65 60 60
1770392137.802 67 71 70 68 64 55 62 61
1770392137.812 74 76 73 70 59 60 63 62
1770392137.822 64 70 67 63 69 62 61 74
1770392137.832 74 71 74 69 73 69 66 66
1770392137.842 76 71 67 61 61 62 59 69
1770392137.852 70 66 70 75 73 69 63 59
1770392137.862 71 69 64 62 69 71 55 54
1770392137.872 63 64 69 62 71 66 58 63
1770392137.882 76 73 68 68 65 65 58 62
1770392137.892 73 71 65 71 74 68 56 73
1770392137.902 79 79 66 63 65 64 67 68
1770392137.911 69 76 68 71 68 62 67 56
1770392137.922 79 80 73 71 64 73 66 66
1770392137.932 73 69 69 64 69 68 60 61
1770392137.942 77 71 73 64 68 66 63 67
1770392137.952 70 66 70 69 66 60 57 54
1770392137.962 73 68 62 66 67 67 60 60
1770392137.972 69 62 68 68 69 66 63 65
1770392137.982 64 61 61 67 74 67 62 71
1770392137.992 69 65 65 68 72 71 57 64
1770392138.003 70 67 68 60 55 67 62 55
1770392138.012 74 73 76 61 68 69 68 68
1770392138.022 67 65 63 65 62 60 51 52
1770392138.032 69 69 67 73 68 69 57 71
1770392138.042 63 66 73 78 68 58 51 65
1770392138.052 65 63 64 69 73 69 66 77
1770392138.062 64 66 67 63 64 64 59 59
1770392138.072 62 58 62 66 68 66 64 70
1770392138.082 67 65 62 71 70 63 62 67
1770392138.092 82 73 62 53 64 64 56 52
1770392138.102 66 67 67 67 61 62 58 60
1770392138.112 76 68 67 73 56 59 54 49
1770392138.122 70 68 68 72 70 63 65 61
1770392138.132 70 70 72 76 68 62 60 71
1770392138.142 60 50 63 69 62 56 55 71
1770392138.153 73 68 72 73 68 63 59 66
1770392138.162 71 66 65 64 68 59 51 59
1770392138.172 70 64 69 68 70 65 59 68
1770392138.182 81 70 61 68 73 61 54 52
1770392138.192 70 69 71 72 66 64 59 70
1770392138.202 70 65 66 68 70 62 54 55
1770392138.212 60 67 62 62 64 68 57 61
1770392138.222 68 68 70 71 71 61 58 55
1770392138.232 64 64 73 72 55 56 71 71
1770392138.242 64 61 69 77 64 67 65 68
1770392138.253 67 62 68 68 64 58 48 57
1770392138.262 60 61 68 74 73 65 58 64
1770392138.272 79 67 66 74 76 62 58 64
1770392138.282 71 72 70 69 68 65 62 67
1770392138.292 72 69 72 69 68 69 64 68
1770392138.302 63 62 67 78 64 52 53 66
1770392138.312 71 71 74 73 66 64 57 52
1770392138.322 63 67 75 57 53 63 64 64
1770392138.332 72 70 67 59 61 62 65 68
1770392138.342 64 72 76 72 60 61 59 68
1770392138.352 58 63 78 78 66 61 69 85
1770392138.362 68 59 67 71 64 53 60 72
1770392138.372 70 69 64 65 62 63 61 68
1770392138.382 64 72 73 67 64 67 61 71
1770392138.392 69 70 66 67 62 59 55 71
1770392138.402 77 73 67 62 67 67 58 50
1770392138.412 73 74 68 59 59 66 65 56
1770392138.422 64 71 64 64 65 64 62 76
1770392138.432 70 76 75 64 62 61 54 68
1770392138.443 63 70 71 69 66 63 66 77
1770392138.453 63 70 73 71 57 57 66 71
1770392138.463 67 65 65 56 53 57 55 63
1770392138.472 65 70 75 73 63 61 69 70
1770392138.482 66 63 71 65 58 60 63 73
1770392138.492 70 60 67 67 69 56 61 68
1770392138.502 72 61 71 62 72 67 65 50
1770392138.513 62 69 71 62 53 53 62 66
1770392138.522 72 73 65 65 61 64 56 64
1770392138.532 72 69 66 71 66 61 63 78
1770392138.542 70 74 67 62 68 62 67 60
1770392138.552 72 76 76 61 61 59 56 53
1770392138.562 66 78 74 70 63 64 63 69
1770392138.572 75 73 68 63 62 57 62 65
1770392138.582 68 67 70 66 64 60 67 70
1770392138.592 78 68 63 69 70 64 63 73
1770392138.602 65 67 58 52 54 57 64 66
1770392138.613 68 73 69 66 61 60 58 63
1770392138.623 68 66 64 59 60 61 65 66
1770392138.632 75 68 71 55 69 80 56 56
1770392138.642 85 84 67 62 59 62 62 65
1770392138.652 70 71 69 68 66 65 60 66
1770392138.662 68 71 66 65 61 58 60 56
1770392138.672 62 71 69 72 61 62 63 67
1770392138.683 72 67 72 68 64 59 65 71
1770392138.692 74 68 65 59 66 64 66 65
1770392138.702 64 64 61 66 72 61 56 57
1770392138.712 67 66 62 73 65 58 59 59
1770392138.722 79 65 53 61 72 70 56 53
1770392138.732 78 76 66 62 64 66 60 64
1770392138.742 75 73 67 65 64 62 65 64
1770392138.753 68 71 66 71 64 68 61 65
1770392138.763 74 69 62 55 64 60 53 53
1770392138.773 66 64 69 63 66 67 65 68
1770392138.782 75 75 76 62 67 64 65 66
1770392138.792 74 67 70 66 66 65 62 61
1770392138.803 71 66 67 70 68 61 60 63
1770392138.813 56 62 63 67 72 60 63 71
1770392138.823 74 69 66 71 72 68 58 62
1770392138.833 71 72 63 66 63 62 58 60
1770392138.842 74 62 69 60 66 62 59 66
1770392138.852 73 71 65 67 72 65 52 52
1770392138.862 60 71 72 67 66 67 61 61
1770392138.872 67 63 66 65 64 63 64 61
1770392138.882 69 62 62 68 68 62 58 69
1770392138.892 74 71 70 74 74 65 58 57
1770392138.902 58 58 73 83 72 60 60 76
1770392138.912 70 70 74 72 67 61 61 63
1770392138.922 71 64 59 67 66 64 63 61
1770392138.933 72 71 69 77 64 59 63 72
1770392138.943 76 71 63 62 66 68 48 56
1770392138.952 78 77 65 64 66 74 55 60
1770392138.962 71 65 66 71 66 65 57 54
1770392138.972 64 68 66 61 61 66 61 63
1770392138.982 72 68 74 74 64 62 62 55
1770392138.992 58 59 78 82 62 55 66 74
1770392139.002 69 67 71 73 67 61 59 64
1770392139.012 72 67 64 70 67 66 54 70
1770392139.023 63 67 69 68 72 65 64 68
1770392139.033 70 65 66 71 75 63 59 69
1770392139.043 73 60 68 64 70 70 56 59
1770392139.053 77 67 74 76 77 70 63 63
1770392139.063 54 66 66 72 64 51 57 65
1770392139.073 68 68 71 69 72 61 57 55
1770392139.083 71 63 70 64 65 66 66 56
1770392139.093 59 69 69 70 69 63 56 59
1770392139.102 70 69 65 69 65 61 57 68
1770392139.112 62 61 66 73 72 64 59 60
1770392139.122 68 71 73 70 64 59 55 62
1770392139.132 62 65 66 68 69 56 58 75
1770392139.142 68 64 70 72 65 58 64 74
1770392139.153 61 59 64 66 60 55 46 64
1770392139.163 64 65 70 67 67 62 56 63
1770392139.172 78 72 69 68 71 62 52 60
1770392139.182 73 70 74 79 66 67 65 78
1770392139.192 71 77 76 71 62 58 58 64
1770392139.202 67 67 72 64 66 62 63 67
1770392139.212 61 66 74 74 69 62 67 71
1770392139.222 51 58 66 72 60 45 57 66
1770392139.232 68 73 73 69 64 65 61 73
1770392139.242 65 70 69 66 63 62 54 69
1770392139.253 67 69 67 66 57 54 60 75
1770392139.263 69 76 64 68 69 61 42 54
1770392139.273 73 75 67 63 67 59 61 64
1770392139.282 68 67 72 75 70 62 61 64
1770392139.292 70 65 65 66 63 62 59 64
1770392139.302 68 67 76 69 64 66 68 71
1770392139.313 51 59 69 69 59 61 59 68
1770392139.323 66 72 76 65 59 65 67 65
1770392139.333 71 72 72 73 64 58 61 69
1770392139.342 70 68 68 70 64 57 57 68
1770392139.352 70 64 71 84 67 58 57 67
1770392139.362 63 63 69 61 64 61 63 64
1770392139.372 66 73 71 66 66 63 60 61
1770392139.382 69 73 76 65 60 61 57 60
1770392139.392 62 69 72 61 69 64 60 74
1770392139.402 67 70 66 62 68 66 61 57
1770392139.412 66 72 74 64 64 65 63 60
1770392139.423 68 78 74 70 70 66 61 69
1770392139.433 63 73 63 61 62 57 64 71
1770392139.442 66 70 80 65 67 60 59 66
1770392139.452 66 58 59 66 69 60 63 71
1770392139.462 65 59 63 64 66 65 65 66
1770392139.473 70 74 66 61 59 62 60 65
1770392139.483 56 65 71 67 69 66 66 74
1770392139.493 74 73 62 66 63 61 52 45
1770392139.502 68 66 61 68 65 63 58 64
1770392139.513 75 69 73 69 69 58 63 67
1770392139.522 67 66 67 58 54 56 63 68
1770392139.532 58 75 78 67 55 60 65 69
1770392139.543 61 66 71 70 62 64 57 60
1770392139.553 67 68 76 67 63 67 60 61
1770392139.563 70 72 68 65 65 62 59 56
1770392139.573 59 64 63 70 72 57 56 62
1770392139.583 81 65 66 78 78 57 45 48
1770392139.593 75 67 64 58 63 55 59 65
1770392139.602 70 71 74 69 66 63 63 62
1770392139.612 69 69 66 62 61 57 56 54
1770392139.623 77 68 63 61 61 67 68 52
1770392139.633 80 76 72 71 66 66 64 54
1770392139.643 69 71 64 59 64 68 65 62
1770392139.653 70 76 68 60 67 62 64 63
1770392139.662 60 67 68 69 67 64 67 70
1770392139.672 64 63 66 68 69 64 58 72
1770392139.682 77 71 61 53 56 62 66 68
1770392139.692 77 76 70 62 70 71 65 63
1770392139.703 71 65 66 56 68 67 63 61
1770392139.713 68 66 65 64 60 58 57 57
1770392139.722 86 74 66 69 74 73 63 50
1770392139.732 76 73 67 58 63 71 63 72
1770392139.742 81 67 66 67 65 67 63 69
1770392139.752 73 64 62 70 66 68 64 68
1770392139.763 58 65 75 62 66 67 63 76
1770392139.773 69 67 63 67 70 69 61 70
1770392139.783 72 64 63 74 68 67 62 69
1770392139.793 69 68 70 70 75 68 58 60
1770392139.803 68 55 60 74 71 58 51 62
1770392139.813 78 73 63 62 74 78 64 55
1770392139.822 68 66 61 66 64 67 69 64
1770392139.832 69 68 66 65 68 65 62 59
1770392139.842 70 76 65 64 65 66 60 58
1770392139.853 61 71 66 64 67 72 67 75
1770392139.863 73 67 61 72 66 62 54 49
1770392139.873 72 73 67 73 66 62 61 68
1770392139.883 76 72 70 68 68 62 62 61
1770392139.892 61 59 66 76 73 51 52 81
1770392139.903 78 70 69 79 77 61 54 54
1770392139.913 66 61 62 67 71 64 54 67
1770392139.923 72 69 72 65 68 64 57 66
1770392139.933 74 69 72 67 69 58 49 58
1770392139.943 58 62 68 68 66 61 59 63
1770392139.953 70 68 73 65 68 62 49 59
1770392139.963 68 65 65 58 61 64 60 62
1770392139.972 71 64 62 68 62 60 59 56
1770392139.983 68 64 66 65 59 54 53 62
1770392139.993 74 66 81 79 67 68 60 62
1770392140.003 71 68 70 68 66 67 61 64
1770392140.013 73 76 68 63 61 64 60 65
1770392140.023 71 71 84 74 70 57 60 67
1770392140.032 66 59 72 75 70 56 58 69
1770392140.044 65 64 69 71 73 63 61 66
1770392140.053 71 70 67 66 61 63 61 65
1770392140.063 64 70 70 66 63 62 58 73
1770392140.073 69 67 64 52 57 67 58 60
1770392140.083 71 73 84 80 68 70 59 71
1770392140.093 66 68 70 69 64 62 59 56
1770392140.103 64 66 68 64 67 66 60 70
1770392140.114 65 71 77 75 66 56 52 64
1770392140.124 62 57 63 78 73 60 55 76
1770392140.133 69 68 67 73 66 67 63 66
1770392140.143 70 71 69 64 60 63 60 69
1770392140.153 57 76 71 72 62 68 67 78
1770392140.163 72 69 64 59 63 70 59 61
1770392140.173 67 73 65 64 66 63 66 72
1770392140.183 75 69 70 65 65 65 63 73
1770392140.194 68 65 74 62 55 54 63 76
1770392140.203 65 67 74 75 61 55 65 71
1770392140.213 55 62 75 77 66 58 57 76
1770392140.223 69 65 67 71 65 67 54 68
1770392140.233 79 73 73 72 59 61 60 61
1770392140.243 64 68 73 76 70 68 67 70
1770392140.253 64 65 72 76 66 60 51 65
1770392140.264 65 67 69 62 68 61 61 63
1770392140.273 69 67 65 69 63 59 58 59
1770392140.284 65 61 64 61 60 61 63 76
1770392140.294 70 71 69 63 65 61 59 67
1770392140.303 64 70 73 75 65 57 63 66
1770392140.314 64 62 68 72 65 58 56 61
1770392140.323 74 72 75 66 61 59 61 65
1770392140.333 69 66 73 68 61 61 70 71
1770392140.343 66 68 75 74 59 58 58 59
1770392140.353 55 58 62 67 67 60 51 63
1770392140.363 69 74 68 65 65 73 68 64
1770392140.373 71 65 66 63 55 55 63 64
1770392140.383 68 72 71 67 69 67 63 56
1770392140.393 72 75 67 53 58 65 63 55
1770392140.404 67 70 73 71 75 65 66 69
1770392140.414 75 74 67 62 62 64 58 57
1770392140.423 66 69 70 67 66 64 65 69
1770392140.433 64 66 74 72 64 57 68 69
1770392140.443 57 59 67 84 66 58 63 72
1770392140.453 73 74 70 71 73 68 67 68
1770392140.463 64 65 62 62 61 59 61 63
1770392140.473 70 70 71 73 66 63 53 59
1770392140.483 91 77 67 62 69 68 63 55
1770392140.494 75 68 58 59 69 65 66 67
1770392140.503 76 72 67 62 66 63 61 59
1770392140.514 72 64 63 65 63 60 55 55
1770392140.524 73 77 73 68 65 73 67 51
1770392140.533 66 65 66 71 70 65 53 55
1770392140.543 71 62 65 69 65 68 62 61
1770392140.553 71 64 61 63 66 61 64 59
1770392140.564 67 67 66 62 62 68 65 66
1770392140.574 67 65 66 70 70 57 61 62
1770392140.583 75 66 61 60 66 71 63 60
1770392140.593 68 70 66 63 65 65 65 59
1770392140.603 72 66 62 60 66 60 59 61
1770392140.613 76 68 71 63 78 66 61 48
1770392140.623 67 66 63 50 60 75 61 56
1770392140.633 72 68 71 68 67 69 64 67
1770392140.643 71 69 70 64 66 62 61 60
1770392140.653 69 66 59 60 65 67 71 72
1770392140.663 64 61 77 81 64 56 55 61
1770392140.673 65 66 64 66 70 58 57 59
1770392140.683 64 63 62 69 68 64 62 69
1770392140.693 70 64 63 62 65 69 61 51
1770392140.703 72 65 60 65 69 70 56 54
1770392140.713 86 69 55 47 64 67 63 57
1770392140.723 76 65 68 64 62 64 61 65
1770392140.733 77 69 69 68 69 69 57 53
1770392140.743 73 69 68 64 63 64 69 63
1770392140.753 67 69 69 70 59 59 60 68
1770392140.764 67 61 62 66 67 61 61 61
1770392140.774 60 61 67 67 74 67 66 69
1770392140.783 77 69 70 74 67 69 55 61
1770392140.793 64 55 64 81 70 63 59 74
1770392140.803 68 64 60 66 71 67 60 74
1770392140.814 63 58 63 58 64 62 59 62
1770392140.823 73 62 66 65 77 69 65 62
1770392140.833 64 61 65 69 69 66 66 74
1770392140.844 65 65 65 69 66 68 65 67
1770392140.854 66 68 70 67 70 66 54 63
1770392140.864 62 60 68 69 66 69 61 62
1770392140.874 59 58 67 73 69 67 65 65
1770392140.884 54 58 66 76 71 66 66 76
1770392140.894 58 57 57 71 75 58 58 77
1770392140.904 62 55 57 67 67 58 51 62
1770392140.914 50 54 55 61 68 60 62 61
1770392140.924 55 57 60 63 68 55 59 71
1770392140.934 66 60 56 56 75 75 62 61
1770392140.944 60 56 61 75 83 63 54 51
1770392140.953 53 52 57 72 77 66 56 65
1770392140.963 58 61 57 62 63 63 60 66
1770392140.973 53 54 58 71 62 54 60 64
1770392140.983 58 53 62 74 73 58 58 73
1770392140.994 53 52 56 62 61 61 54 62
1770392141.004 60 55 55 60 59 62 58 63
1770392141.014 64 56 52 63 64 54 61 56
1770392141.024 76 55 49 60 75 59 51 59
1770392141.034 94 75 72 81 69 62 59 66
1770392141.044 143 91 61 70 71 61 68 64
1770392141.054 239 142 90 76 70 64 66 63
1770392141.063 356 231 139 84 62 63 68 54
1770392141.073 477 348 214 118 75 71 83 82
1770392141.083 616 460 295 178 96 71 74 69
1770392141.093 725 571 385 265 128 88 94 73
1770392141.103 799 657 466 347 172 110 103 83
1770392141.113 845 715 532 427 231 125 111 89
1770392141.123 902 785 614 506 309 181 157 96
1770392141.133 927 828 666 571 374 241 202 103
1770392141.143 939 856 706 613 434 293 235 101
1770392141.154 953 878 735 627 462 323 246 100
1770392141.164 942 880 740 637 493 351 266 115
1770392141.173 961 896 754 666 506 367 274 106
1770392141.183 977 908 770 692 529 379 282 117
1770392141.194 967 907 767 673 515 371 274 111
1770392141.204 952 888 764 669 502 355 268 125
1770392141.214 960 893 754 662 496 343 252 100
1770392141.224 958 884 747 657 490 341 250 103
1770392141.234 955 889 739 644 478 332 253 120
1770392141.244 963 893 742 645 472 314 233 101
1770392141.254 951 897 736 640 471 319 235 103
1770392141.264 948 881 726 628 451 299 215 96
1770392141.274 944 880 717 625 447 298 212 94
1770392141.284 950 887 731 632 467 309 235 110
1770392141.294 924 870 724 630 447 292 232 110
1770392141.304 941 871 727 642 460 317 221 102
1770392141.314 935 871 720 633 465 310 217 87
1770392141.323 948 878 731 636 472 330 242 100
1770392141.334 971 897 749 654 495 344 251 114
1770392141.344 958 884 740 659 510 353 260 110
1770392141.354 963 891 747 663 513 361 262 108
1770392141.364 956 893 748 655 494 355 260 111
1770392141.374 961 897 760 675 513 366 260 106
1770392141.384 964 900 759 660 507 365 281 114
1770392141.394 961 892 751 664 505 360 261 106
1770392141.404 970 893 755 668 509 366 263 100
1770392141.414 949 887 751 656 496 357 254 104
1770392141.424 962 897 759 671 510 351 254 106
1770392141.433 970 895 757 674 521 363 264 106
1770392141.443 956 893 756 675 510 367 258 103
1770392141.453 969 900 752 665 512 357 259 103
1770392141.463 956 893 749 664 497 360 246 108
1770392141.473 963 898 755 666 506 364 264 106
1770392141.484 954 904 756 669 511 366 260 111
1770392141.494 953 900 746 673 515 361 261 102
1770392141.504 952 891 742 663 502 362 257 108
1770392141.514 948 893 745 663 500 350 256 101
1770392141.524 947 893 748 668 505 353 256 109
1770392141.533 953 892 744 666 512 366 268 113
1770392141.544 965 900 749 664 506 359 259 102
1770392141.554 956 899 752 667 504 357 258 109
1770392141.564 951 886 733 656 512 359 245 86
1770392141.574 946 884 744 666 507 363 254 103
1770392141.584 965 903 754 666 516 369 263 110
1770392141.594 949 893 746 659 506 365 262 105
1770392141.604 952 891 750 665 505 365 263 108
1770392141.614 937 879 746 660 494 346 247 101
1770392141.624 950 889 741 666 514 354 249 97
1770392141.634 959 902 746 665 513 359 256 103
1770392141.644 954 888 737 660 499 353 255 99
1770392141.654 955 877 742 675 507 355 242 103
1770392141.663 954 875 730 645 492 343 230 86
1770392141.673 951 889 746 664 507 351 247 98
1770392141.683 955 895 746 664 509 356 258 110
1770392141.693 949 896 743 660 505 361 257 102
1770392141.703 950 889 745 657 505 354 246 94
1770392141.714 934 873 728 658 503 351 244 95
1770392141.724 945 891 745 667 502 350 251 95
1770392141.734 958 894 740 658 504 353 257 101
1770392141.744 951 888 749 658 502 347 250 96
1770392141.753 952 881 744 665 500 344 234 84
1770392141.763 940 884 733 657 502 349 241 96
1770392141.773 954 883 736 666 504 357 240 96
1770392141.783 958 891 747 666 508 347 248 109
1770392141.793 956 890 740 660 506 353 237 85
1770392141.803 949 882 737 658 498 349 251 106
1770392141.813 933 880 734 650 491 346 237 102
1770392141.823 952 883 731 651 500 344 240 87
1770392141.834 942 885 749 669 502 351 255 121
1770392141.844 947 884 743 670 509 350 238 98
1770392141.854 944 888 739 658 503 349 244 105
1770392141.864 945 882 734 659 499 349 242 91
1770392141.874 942 886 735 658 499 348 246 105
1770392141.884 961 904 734 660 511 354 244 91
1770392141.894 944 885 733 663 497 346 249 103
1770392141.904 936 881 735 667 503 347 251 103
1770392141.914 926 876 732 658 500 342 242 96
1770392141.924 933 884 744 660 497 346 258 108
1770392141.934 940 893 748 671 500 349 258 110
1770392141.944 934 885 734 656 500 345 248 106
1770392141.954 945 888 740 666 508 350 250 110
1770392141.964 922 878 741 662 494 338 241 105
1770392141.974 935 874 739 672 510 349 250 98
1770392141.984 961 892 751 678 514 362 255 108
1770392141.993 941 880 745 679 516 365 259 109
1770392142.003 949 898 751 669 512 361 258 107
1770392142.013 930 880 739 655 510 356 248 91
1770392142.023 938 890 750 666 510 361 256 108
1770392142.033 944 889 744 678 511 359 258 105
1770392142.044 941 887 744 673 513 365 256 107
1770392142.054 935 878 746 663 509 362 261 110
1770392142.064 928 885 748 663 510 360 263 108
1770392142.074 939 891 756 685 531 377 272 113
1770392142.084 954 892 754 685 533 386 283 110
1770392142.094 954 910 758 673 523 383 278 113
1770392142.104 945 897 756 682 528 372 263 112
1770392142.114 961 902 754 672 524 373 262 101
1770392142.124 955 900 755 680 521 373 265 108
1770392142.134 969 910 761 682 530 378 278 115
1770392142.143 952 900 754 680 524 378 273 114
1770392142.153 933 901 760 667 523 378 285 128
1770392142.163 939 896 760 683 527 377 272 97
1770392142.173 946 893 763 685 537 396 287 100
1770392142.183 959 906 778 695 552 408 304 119
1770392142.194 953 906 778 695 551 399 297 112
1770392142.204 948 903 772 700 568 423 316 123
1770392142.214 948 902 775 694 560 412 302 101
1770392142.224 960 913 784 704 568 426 318 119
1770392142.234 967 924 798 715 577 434 326 123
1770392142.244 972 927 802 709 572 440 333 128
1770392142.254 966 930 809 736 596 451 326 114
1770392142.264 961 922 811 731 604 464 340 119
1770392142.274 973 936 831 752 626 495 367 128
1770392142.284 986 947 858 771 651 515 393 153
1770392142.294 977 950 859 782 676 550 421 153
1770392142.304 985 955 863 786 693 590 446 149
1770392142.313 977 952 868 791 709 615 475 152
1770392142.323 984 962 885 816 732 650 511 172
1770392142.334 997 966 898 824 759 689 548 194
1770392142.344 1007 982 918 854 801 742 597 219
1770392142.354 1012 993 940 871 818 787 634 246
1770392142.364 992 979 934 867 829 801 659 257
1770392142.374 1011 1001 960 898 845 826 705 295
1770392142.384 1025 1010 983 933 871 861 753 350
1770392142.394 1035 1018 990 946 897 886 799 386
1770392142.404 1033 1024 987 943 900 893 829 426
1770392142.414 1008 1003 979 938 893 895 832 447
1770392142.424 1028 1017 989 948 909 913 851 483
1770392142.433 1043 1026 1005 980 937 937 901 549
1770392142.443 1045 1025 1016 986 944 943 922 578
1770392142.453 1017 1023 1004 977 935 949 934 615
1770392142.463 1020 1026 1007 977 920 929 935 624
1770392142.474 1021 1024 1016 1002 949 953 961 685
1770392142.484 1035 1031 1024 1011 974 974 982 738
1770392142.494 1027 1022 1010 1002 970 971 984 728
1770392142.504 1025 1027 1013 1008 962 971 981 743
1770392142.514 1014 1004 995 1012 973 957 953 725
1770392142.524 1038 1025 1015 1018 978 968 975 748
1770392142.534 1037 1034 1027 1021 992 983 1005 760
1770392142.544 1030 1017 1007 1011 976 980 995 751
1770392142.554 1034 1033 1014 1011 972 982 982 737
1770392142.563 1017 1014 1008 1000 950 963 974 723
1770392142.574 1029 1017 1017 1009 975 970 985 729
1770392142.584 1043 1024 1017 1014 974 974 982 715
1770392142.594 1037 1029 1015 1003 972 966 978 709
1770392142.604 1035 1024 1020 1011 966 955 960 687
1770392142.614 1033 1016 1012 994 949 946 948 661
1770392142.624 1040 1030 1012 1010 965 954 945 642
1770392142.633 1047 1032 1022 1014 963 966 961 647
1770392142.644 1041 1028 1020 1004 951 953 948 635
1770392142.654 1046 1034 1016 985 946 952 942 614
1770392142.664 1022 1012 1004 978 942 934 936 607
1770392142.674 1045 1021 1009 986 942 938 932 602
1770392142.684 1046 1029 1023 999 954 954 948 617
1770392142.694 1033 1026 1022 990 947 944 941 610
1770392142.704 1021 1013 1014 989 943 937 925 612
1770392142.714 1028 1015 1012 994 945 937 924 601
1770392142.724 1031 1020 1014 1000 946 953 941 623
1770392142.734 1051 1029 1019 996 961 958 954 639
1770392142.744 1049 1027 1009 979 954 949 943 631
1770392142.754 1037 1016 1015 999 958 952 951 641
1770392142.764 1022 1014 1007 988 939 942 939 625
1770392142.774 1032 1018 1015 990 948 953 953 649
1770392142.783 1037 1032 1029 1007 953 952 970 688
1770392142.794 1032 1021 1021 996 949 949 956 665
1770392142.804 1038 1021 1016 1013 962 953 958 676
1770392142.814 1021 1015 1012 1001 953 946 959 666
1770392142.824 1030 1016 1011 1010 972 960 966 691
1770392142.834 1048 1028 1020 1020 977 965 974 702
1770392142.844 1027 1023 1018 1013 974 965 974 696
1770392142.854 1041 1027 1015 1003 971 964 967 699
1770392142.864 1017 1009 1007 992 958 952 958 686
1770392142.874 1021 1034 1020 1009 970 969 976 686
1770392142.884 1021 1023 1028 1011 961 967 977 716
1770392142.894 1029 1025 1028 1011 960 961 972 706
1770392142.904 1034 1022 1028 1013 962 955 966 692
1770392142.913 1022 1012 1010 1002 952 953 960 678
1770392142.924 1037 1029 1023 1010 953 951 959 679
1770392142.934 1027 1022 1028 1018 974 970 979 709
1770392142.944 1030 1026 1013 1010 973 965 973 696
1770392142.954 1040 1025 1015 1005 961 962 971 689
1770392142.964 1017 1010 1006 998 958 949 958 670
1770392142.974 1040 1028 1015 1005 959 962 974 693
1770392142.983 1040 1025 1018 1011 963 970 985 711
1770392142.994 1037 1025 1028 1021 973 963 972 699
1770392143.004 1034 1026 1021 997 959 961 978 701
1770392143.014 1017 1023 1019 996 939 941 951 677
1770392143.024 1027 1023 1019 1009 961 956 962 692
1770392143.034 1039 1028 1029 1017 974 969 990 709
1770392143.044 1030 1022 1014 998 966 960 975 697
1770392143.054 1032 1019 1019 1013 977 956 964 698
1770392143.064 1032 1020 1010 999 953 948 957 675
1770392143.074 1028 1023 1016 1005 956 957 972 702
1770392143.084 1038 1027 1023 1013 972 970 987 706
1770392143.094 1037 1033 1013 1001 969 972 977 698
1770392143.104 1022 1031 1021 996 958 960 978 694
1770392143.113 1025 1023 1014 990 946 946 955 684
1770392143.123 1033 1019 1015 1005 959 964 964 694
1770392143.133 1042 1035 1025 1011 972 969 980 710
1770392143.143 1026 1025 1023 1008 968 962 979 714
1770392143.154 1032 1021 1014 1008 964 963 976 701
1770392143.164 1022 1011 1008 981 950 952 959 685
1770392143.174 1033 1026 1020 999 967 970 970 687
1770392143.184 1036 1031 1021 999 975 975 987 711
1770392143.194 1023 1016 1017 1005 967 965 973 709
1770392143.204 1048 1030 1024 1005 962 960 972 697
1770392143.214 1028 1022 1012 1001 950 958 957 678
1770392143.224 1035 1024 1018 1006 963 957 971 689
1770392143.234 1032 1030 1019 1009 970 964 978 713
1770392143.244 1038 1027 1023 1010 968 968 976 696
1770392143.254 1033 1028 1024 1010 963 959 967 691
1770392143.264 1021 1016 1017 1006 965 955 963 680
1770392143.274 1027 1026 1017 1011 964 958 967 693
1770392143.284 1037 1026 1014 1012 978 979 983 710
1770392143.294 1051 1031 1016 998 959 961 971 685
1770392143.304 1024 1021 1016 1000 969 965 971 693
1770392143.314 1020 1016 1013 1004 952 953 953 679
1770392143.324 1030 1022 1011 1001 954 963 971 683
1770392143.334 1036 1037 1028 1012 971 977 982 696
1770392143.344 1030 1023 1020 1006 968 962 973 694
1770392143.354 1038 1024 1025 1008 972 964 971 707
1770392143.364 1019 1020 1016 1005 962 950 954 686
1770392143.374 1029 1010 1015 1016 970 958 969 695
1770392143.384 1045 1028 1017 1009 972 962 979 711
1770392143.394 1029 1021 1015 1010 966 968 971 701
1770392143.404 1029 1021 1016 1010 972 965 976 692
1770392143.414 1030 1013 1001 986 952 956 952 660
1770392143.424 1035 1031 1016 1006 970 965 972 690
1770392143.434 1034 1027 1019 1008 967 963 976 700
1770392143.444 1026 1018 1020 1009 969 960 970 692
1770392143.454 1033 1031 1024 1022 970 960 972 694
1770392143.464 1016 1003 997 995 958 953 963 688
1770392143.475 1030 1023 1018 1001 962 955 966 695
1770392143.484 1038 1028 1025 1017 970 964 978 701
1770392143.494 1026 1025 1019 1018 972 966 976 696
1770392143.504 1036 1020 1014 1013 968 962 964 691
1770392143.514 1027 1017 1015 1006 960 959 955 670
1770392143.524 1036 1024 1020 1015 965 963 963 687
1770392143.534 1034 1029 1024 1014 971 970 971 711
1770392143.544 1030 1027 1023 1016 976 972 963 698
1770392143.554 1015 1028 1013 1012 963 959 974 701
1770392143.564 1020 1020 1011 1003 953 957 955 685
1770392143.574 1031 1026 1017 1011 965 956 962 688
1770392143.585 1038 1025 1020 1014 976 969 978 706
1770392143.594 1026 1014 1017 1021 972 961 965 692
1770392143.604 1020 1016 1011 1018 972 964 972 696
1770392143.614 1020 1014 1019 1003 955 950 958 686
1770392143.624 1031 1012 1015 1007 961 951 969 703
1770392143.634 1036 1028 1021 1026 978 967 974 702
1770392143.644 1021 1032 1027 1004 960 963 980 696
1770392143.654 1035 1024 1017 1008 967 966 976 704
1770392143.664 1020 1016 1015 1001 956 951 956 681
1770392143.674 1014 1018 1018 1016 968 957 965 698
1770392143.684 1036 1027 1022 1029 973 963 966 706
1770392143.694 1028 1012 1013 1014 971 964 968 692
1770392143.704 1019 1026 1027 1017 967 959 973 705
1770392143.714 1015 1011 1011 1004 951 951 954 685
1770392143.724 1031 1019 1024 1017 967 965 968 697
1770392143.734 1042 1038 1019 1007 973 975 983 707
1770392143.744 1026 1024 1014 1003 964 962 983 707
1770392143.754 1024 1022 1023 1017 967 953 971 693
1770392143.764 1011 1010 1018 1004 959 954 955 685
1770392143.774 1025 1027 1025 1005 966 956 973 707
1770392143.785 1032 1023 1019 1007 972 960 973 702
1770392143.795 1022 1029 1022 1011 968 962 982 705
1770392143.804 1023 1022 1016 1004 957 958 972 700
1770392143.814 1014 1009 1002 988 951 952 958 678
1770392143.824 1027 1019 1003 1010 972 957 968 695
1770392143.834 1029 1027 1017 1004 971 966 985 713
1770392143.844 1032 1029 1026 1010 963 961 969 688
1770392143.854 1027 1022 1017 1007 964 967 971 696
1770392143.864 1016 1014 1016 997 958 956 961 675
1770392143.874 1034 1022 1020 998 953 954 976 696
1770392143.885 1038 1040 1017 1005 965 968 991 719
1770392143.894 1032 1023 1016 1004 968 962 976 699
1770392143.904 1036 1026 1015 1000 967 959 978 702
1770392143.914 1037 1010 1008 999 970 951 952 671
1770392143.924 1032 1026 1010 983 956 956 973 706
1770392143.934 1034 1028 1027 1010 974 966 984 708
1770392143.944 1035 1026 1018 1000 966 965 974 698
1770392143.954 1041 1026 1014 1007 969 970 975 686
1770392143.965 1023 1020 1005 978 950 951 961 676
1770392143.974 1033 1024 1016 1006 962 968 976 694
1770392143.984 1044 1030 1023 1016 970 970 984 708
1770392143.994 1029 1022 1023 1009 967 965 972 700
1770392144.004 1022 1024 1021 1016 965 953 964 694
1770392144.015 1020 1012 1003 995 959 953 961 683
1770392144.024 1040 1023 1017 1005 965 963 970 687
1770392144.034 1040 1028 1022 1016 970 967 972 698
1770392144.044 1024 1021 1012 1009 977 970 971 705
1770392144.054 1046 1027 1014 1008 961 958 967 691
1770392144.064 1022 1020 1006 994 963 954 960 673
1770392144.074 1034 1019 1019 1003 972 961 973 689
1770392144.084 1032 1030 1026 1013 969 970 979 715
1770392144.094 1024 1030 1023 1013 966 968 970 694
1770392144.104 1031 1027 1016 1008 972 968 967 686
1770392144.114 1022 1016 1004 1007 957 950 956 679
1770392144.124 1033 1021 1016 1008 967 961 975 697
1770392144.134 1027 1028 1025 1020 977 970 985 709
1770392144.144 1030 1016 1010 993 964 967 964 692
1770392144.154 1033 1023 1015 1004 960 962 972 701
1770392144.164 1023 1019 1011 1011 964 956 962 680
1770392144.175 1019 1017 1016 1001 959 949 965 696
1770392144.185 1030 1031 1025 1010 971 972 987 697
1770392144.195 1027 1027 1024 1008 966 965 968 698
1770392144.204 1028 1022 1020 1013 969 971 976 699
1770392144.214 1022 1022 1011 995 952 954 955 675
1770392144.224 1027 1015 1025 1010 965 960 967 704
1770392144.234 1028 1016 1016 1036 985 962 980 706
1770392144.244 1027 1017 1014 1008 967 961 973 702
1770392144.254 1025 1025 1020 1012 966 966 969 697
1770392144.264 1016 1014 1008 1000 951 947 957 692
1770392144.275 1032 1015 1009 1002 966 969 968 686
1770392144.285 1039 1030 1025 1009 969 963 977 697
1770392144.294 1032 1026 1020 1006 968 963 976 691
1770392144.304 1038 1033 1022 1003 970 963 974 696
1770392144.314 1014 1021 1015 994 949 953 956 680
1770392144.324 1013 1026 1027 1013 964 953 972 701
1770392144.334 1027 1029 1022 1015 964 964 977 718
1770392144.344 1033 1027 1018 1009 964 969 973 708
1770392144.354 1036 1028 1015 1004 960 960 972 708
1770392144.364 1019 1015 1009 993 959 951 953 683
1770392144.374 1029 1028 1023 1002 960 957 968 693
1770392144.384 1036 1026 1021 1015 975 970 978 707
1770392144.394 1043 1024 1022 1000 970 964 977 708
1770392144.404 1034 1027 1013 994 966 961 975 708
1770392144.414 1022 1023 1013 994 951 952 962 680
1770392144.424 1028 1017 1017 1002 966 960 974 694
1770392144.434 1041 1032 1025 1015 973 972 989 708
1770392144.444 1039 1029 1009 1008 970 959 974 695
1770392144.455 1015 1020 1016 1014 960 948 977 710
1770392144.464 1030 1017 1014 1004 954 952 959 684
1770392144.474 1030 1022 1012 991 965 962 967 695
1770392144.484 1041 1032 1026 1014 970 973 984 700
1770392144.494 1041 1031 1013 998 960 960 973 684
1770392144.504 1038 1037 1025 1009 969 971 978 688
1770392144.514 1024 1014 1005 992 958 954 960 680
1770392144.524 1027 1025 1015 1009 970 974 971 702
1770392144.535 1030 1024 1016 1018 978 976 980 697
1770392144.545 1014 1012 1008 1013 967 967 979 698
1770392144.555 1029 1023 1022 1014 973 967 989 703
1770392144.564 1018 1016 1009 1001 955 948 962 687
1770392144.575 1032 1018 1013 1007 965 965 975 700
1770392144.584 1050 1029 1013 1008 977 973 974 699
1770392144.594 1043 1031 1013 999 968 972 978 698
1770392144.605 1032 1026 1017 1016 969 960 965 696
1770392144.615 1014 1013 1009 995 958 950 957 684
1770392144.624 1033 1017 1017 1013 967 962 966 692
1770392144.635 1037 1031 1021 1019 973 974 989 722
1770392144.645 1031 1024 1030 1018 970 960 972 696
1770392144.655 1034 1024 1022 1011 961 959 971 688
1770392144.665 1021 1013 1014 1011 961 954 959 683
1770392144.675 1013 1010 1011 1006 965 961 967 689
1770392144.684 1038 1024 1028 1020 979 972 982 704
1770392144.694 1039 1027 1025 1002 968 962 967 691
1770392144.704 1026 1013 1017 1004 966 957 971 703
1770392144.714 1029 1018 1017 1008 966 949 969 680
1770392144.725 1032 1022 1014 998 967 960 983 690
1770392144.734 1024 1028 1033 1022 971 976 989 709
1770392144.744 1020 1026 1029 1010 970 958 969 695
1770392144.754 1017 1028 1021 1013 969 964 976 709
1770392144.764 1006 1016 1015 1004 947 945 959 685
1770392144.775 1022 1013 1016 1013 966 956 972 705
1770392144.784 1036 1030 1026 1014 975 969 990 716
1770392144.794 1027 1021 1020 1007 959 962 974 703
1770392144.804 1034 1030 1025 1012 958 963 975 701
1770392144.814 1022 1021 1007 995 956 963 958 674
1770392144.824 1030 1022 1017 1004 965 967 973 703
1770392144.834 1042 1024 1031 1015 968 972 976 713
1770392144.844 1027 1026 1027 1015 971 965 977 705
1770392144.854 1034 1027 1021 1005 965 963 973 696
1770392144.865 1011 1013 1013 1014 950 940 956 681
1770392144.875 1035 1028 1023 1020 962 964 978 696
1770392144.885 1035 1025 1021 1008 969 964 982 712
1770392144.895 1033 1026 1022 1006 967 962 969 700
1770392144.904 1036 1027 1011 1009 974 965 963 701
1770392144.914 1023 1017 1012 999 957 958 969 691
1770392144.924 1036 1031 1027 1008 960 957 973 695
1770392144.934 1040 1034 1022 1015 972 969 989 711
1770392144.944 1038 1030 1019 1006 963 966 974 696
1770392144.954 1020 1024 1008 1003 960 960 970 694
1770392144.964 1024 1027 1023 995 956 961 960 679
1770392144.974 1026 1023 1014 1000 957 967 974 700
1770392144.984 1035 1022 1021 1018 969 971 983 704
1770392144.994 1035 1026 1024 1003 968 965 968 697
1770392145.004 1035 1017 1014 1012 969 969 981 708
1770392145.014 1026 1017 1014 1000 956 951 958 683
1770392145.024 1027 1022 1017 1011 961 960 970 697
1770392145.034 1036 1031 1021 1021 973 970 980 706
1770392145.044 1035 1033 1016 997 956 963 972 688
1770392145.054 1038 1031 1016 1004 966 966 975 698
1770392145.064 1024 1017 1007 996 957 954 962 686
1770392145.074 1024 1017 1016 1009 966 961 974 693
1770392145.084 1032 1033 1029 1031 968 966 977 708
1770392145.094 1027 1017 1009 1015 975 967 982 711
1770392145.104 1043 1025 1019 1010 971 962 972 691
1770392145.114 1022 1017 1007 998 954 949 954 677
1770392145.124 1029 1022 1016 1002 972 958 973 701
1770392145.134 1043 1021 1010 1005 973 964 975 696
1770392145.144 1046 1030 1017 1013 970 967 969 698
1770392145.154 1035 1024 1013 1005 968 963 968 691
1770392145.164 1018 1018 1010 998 955 952 955 684
1770392145.175 1027 1028 1022 1013 965 960 974 693
1770392145.185 1024 1020 1020 1016 977 963 984 709
1770392145.194 1027 1024 1018 1013 967 960 973 695
1770392145.204 1033 1026 1018 1010 963 958 968 696
1770392145.214 1020 1008 1014 1003 952 951 956 700
1770392145.225 1031 1015 1007 1001 962 954 965 698
1770392145.234 1037 1034 1023 1031 971 966 979 712
1770392145.244 1044 1028 1018 1017 966 959 966 688
1770392145.254 1023 1022 1017 1018 970 958 976 702
1770392145.264 1022 1021 1018 1011 957 946 953 672
1770392145.274 1033 1024 1016 1000 960 954 961 687
1770392145.284 1034 1034 1025 1014 971 969 977 711
1770392145.294 1028 1021 1023 1009 968 961 972 697
1770392145.304 1019 1025 1025 1011 971 961 969 704
1770392145.314 1005 1008 1017 997 951 948 954 692
1770392145.324 1022 1019 1014 1003 964 960 968 699
1770392145.334 1039 1024 1019 1010 975 970 983 707
1770392145.345 1022 1023 1016 1010 965 960 982 696
1770392145.355 1041 1028 1020 1011 965 961 967 685
1770392145.365 1021 1021 1008 997 949 950 964 686
1770392145.374 1029 1020 1021 1010 967 961 977 702
1770392145.384 1048 1032 1025 1001 966 967 981 707
1770392145.394 1026 1027 1025 1013 966 964 981 706
1770392145.404 1015 1018 1025 1023 957 952 975 696
1770392145.414 1013 1014 1010 1001 952 952 960 683
1770392145.425 1025 1023 1014 1002 963 965 973 695
1770392145.435 1039 1031 1025 1005 970 969 984 714
1770392145.445 1037 1023 1015 1007 970 959 969 700
1770392145.454 1039 1021 1008 995 962 956 963 692
1770392145.464 1032 1023 1011 996 953 952 953 675
1770392145.474 1040 1026 1021 998 956 961 971 685
1770392145.484 1037 1029 1024 1011 974 975 985 705
1770392145.494 1023 1033 1023 1003 956 962 982 705
1770392145.504 1023 1022 1017 998 960 965 980 698
1770392145.514 1030 1019 1010 1005 959 958 959 679
1770392145.525 1031 1027 1013 999 959 964 977 697
1770392145.535 1024 1025 1015 1014 974 967 985 716
1770392145.545 1039 1033 1021 1007 959 960 968 698
1770392145.555 1033 1028 1017 1019 971 965 973 695
1770392145.565 1022 1019 1013 1009 964 960 959 676
1770392145.575 1032 1027 1018 1005 968 958 967 691
1770392145.585 1042 1038 1030 1011 977 979 981 698
1770392145.594 1032 1024 1019 1006 965 963 974 701
1770392145.604 1032 1026 1018 1013 971 966 976 701
1770392145.614 1030 1015 1006 990 959 951 962 677
1770392145.624 1019 1019 1016 1000 962 964 976 701
1770392145.634 1036 1022 1022 1020 968 963 971 708
1770392145.644 1032 1015 1013 1010 974 965 979 706
1770392145.655 1037 1025 1019 1009 968 964 976 691
1770392145.664 1025 1011 1006 993 954 958 954 677
1770392145.674 1042 1026 1019 1008 972 967 964 664
1770392145.684 1031 1028 1028 1012 973 967 975 695
1770392145.695 1029 1026 1020 1017 971 969 971 694
1770392145.704 1033 1024 1020 1009 963 966 969 692
1770392145.714 1025 1012 1010 992 959 962 962 690
1770392145.724 1018 1016 1023 1015 963 952 968 702
1770392145.734 1039 1017 1021 1014 975 969 981 714
1770392145.744 1033 1017 1015 1011 966 964 973 703
1770392145.754 1035 1015 1008 1008 963 958 970 694
1770392145.764 1025 1016 1005 1001 963 954 946 672
1770392145.774 1035 1021 1019 1014 961 952 962 691
1770392145.785 1032 1021 1023 1017 975 970 978 705
1770392145.794 1029 1021 1024 1022 968 962 966 696
1770392145.804 1028 1020 1017 1011 963 970 978 696
1770392145.815 1023 1020 1011 1001 954 952 967 688
1770392145.825 1028 1025 1019 1005 969 957 970 699
1770392145.835 1037 1031 1023 1023 976 966 981 716
1770392145.845 1021 1017 1013 1007 967 955 968 700
1770392145.855 1032 1015 1016 1010 967 960 967 694
1770392145.865 1040 1026 1021 1008 952 945 962 689
1770392145.875 1024 1019 1019 1004 966 962 973 699
1770392145.885 1033 1030 1029 1025 972 964 981 708
1770392145.895 1043 1023 1016 1013 975 964 974 692
1770392145.906 1028 1029 1019 991 959 960 978 692
1770392145.916 1020 1020 1015 1000 954 955 964 693
1770392145.926 1031 1030 1023 1018 967 960 975 709
1770392145.935 1044 1031 1027 1018 966 969 980 710
1770392145.945 1031 1019 1026 1013 958 959 969 711
1770392145.955 1032 1023 1023 1016 957 960 963 700
1770392145.965 1026 1019 1021 1001 956 955 963 692
1770392145.976 1032 1030 1020 1016 962 960 970 692
1770392145.985 1036 1032 1022 1021 976 982 986 712
1770392145.995 1030 1032 1025 1015 968 969 974 703
1770392146.005 1031 1024 1020 1002 953 950 966 694
1770392146.015 1022 1024 1022 1012 962 957 965 693
1770392146.025 1030 1028 1018 1014 965 961 978 703
1770392146.035 1035 1032 1030 1022 971 968 993 723
1770392146.047 1037 1035 1017 1013 970 962 979 701
1770392146.055 1036 1023 1013 1001 958 955 968 693
1770392146.065 1020 1013 1012 1007 966 955 965 678
1770392146.075 1032 1017 1011 1005 971 966 967 688
1770392146.085 1043 1031 1019 1010 977 976 981 712
1770392146.095 1038 1027 1018 1004 966 959 970 692
1770392146.105 1032 1027 1010 1000 954 961 972 693
1770392146.115 1031 1020 1009 998 958 959 961 681
1770392146.125 1035 1028 1022 1008 961 964 971 689
1770392146.136 1044 1030 1024 1013 978 970 991 707
1770392146.145 1037 1026 1011 1002 959 967 971 697
1770392146.155 1030 1019 1015 1001 966 961 967 690
1770392146.165 1026 1019 1015 1000 960 959 962 691
1770392146.175 1037 1020 1015 1014 979 963 970 692
1770392146.185 1045 1027 1017 1021 986 968 983 703
1770392146.195 1040 1025 1020 1011 967 964 971 700
1770392146.205 1032 1021 1015 1007 960 954 962 690
1770392146.215 1023 1021 1003 989 950 953 966 684
1770392146.226 1033 1030 1011 999 968 967 977 695
1770392146.236 1040 1024 1015 1009 976 971 977 705
1770392146.245 1030 1023 1018 1016 968 964 974 695
1770392146.255 1027 1027 1022 1011 958 958 961 695
1770392146.265 1017 1009 1010 1011 963 958 962 695
1770392146.275 1037 1028 1021 1017 967 963 972 687
1770392146.285 1034 1038 1027 1024 975 974 976 716
1770392146.295 1021 1031 1023 1019 963 962 972 712
1770392146.306 1040 1017 1008 1001 969 964 957 682
1770392146.316 1034 1026 1012 998 963 953 957 680
1770392146.325 1027 1028 1015 1004 966 962 968 696
1770392146.335 1033 1028 1023 1015 972 968 979 708
1770392146.345 1031 1025 1026 1009 962 956 975 692
1770392146.355 1014 1013 1025 1025 965 964 980 699
1770392146.365 1028 1023 1015 1004 963 963 968 683
1770392146.375 1025 1024 1020 1006 964 961 972 701
1770392146.386 1028 1029 1031 1018 972 969 989 720
1770392146.396 1027 1017 1016 1016 970 954 967 701
1770392146.406 1028 1017 1015 1011 960 955 959 697
1770392146.415 1028 1018 1015 1005 960 957 961 693
1770392146.425 1026 1022 1019 1003 958 959 971 701
1770392146.435 1040 1031 1026 1021 970 965 976 698
1770392146.445 1041 1041 1027 1019 968 963 976 706
1770392146.455 1035 1026 1015 1008 959 960 966 696
1770392146.465 1029 1024 1012 1013 958 956 966 684
1770392146.475 1018 1025 1023 1019 970 964 977 704
1770392146.485 1029 1026 1027 1015 968 965 977 704
1770392146.495 1033 1015 1010 1009 962 961 976 705
1770392146.506 1026 1023 1014 1015 957 957 970 692
1770392146.516 1034 1025 1015 990 952 954 971 699
1770392146.525 1044 1032 1015 1013 968 959 965 692
1770392146.535 1028 1041 1029 1019 972 975 992 709
1770392146.545 1022 1026 1028 1016 969 964 979 710
1770392146.555 1040 1019 1015 1002 952 953 964 693
1770392146.566 1030 1024 1018 1009 957 961 972 693
1770392146.576 1025 1018 1017 1015 954 956 974 707
1770392146.586 1032 1026 1028 1019 973 967 985 714
1770392146.595 1032 1027 1021 1015 965 964 968 691
1770392146.605 1032 1021 1014 994 959 963 973 707
1770392146.615 1037 1023 1014 1006 963 958 960 682
1770392146.625 1027 1024 1009 1006 965 962 970 691
1770392146.635 1036 1033 1021 1016 970 970 984 711
1770392146.645 1045 1028 1019 1004 960 958 967 696
1770392146.656 1027 1026 1018 1009 962 961 973 700
1770392146.666 1025 1028 1017 1001 950 955 980 700
1770392146.676 1029 1024 1019 1007 960 964 970 689
1770392146.685 1038 1030 1020 1012 985 977 987 710
1770392146.695 1034 1026 1014 1002 967 963 976 702
1770392146.705 1039 1017 1014 1005 962 958 962 687
1770392146.715 1034 1016 1007 998 957 952 962 681
1770392146.725 1029 1024 1018 1017 969 956 970 696
1770392146.735 1048 1033 1018 1020 970 968 977 696
1770392146.747 1037 1027 1017 1011 970 969 980 698
1770392146.756 1037 1027 1012 997 965 959 968 673
1770392146.765 1019 1027 1015 1008 956 957 971 692
1770392146.775 1032 1028 1022 1018 968 965 968 691
1770392146.786 1046 1025 1023 1010 973 972 981 713
1770392146.795 1029 1020 1016 1015 965 961 976 699
1770392146.805 1016 1009 1012 1008 964 951 969 693
1770392146.816 1034 1014 1015 1009 968 956 963 688
1770392146.826 1032 1026 1018 1013 966 962 971 692
1770392146.836 1035 1026 1024 1014 972 969 982 704
1770392146.846 1046 1024 1009 1010 979 966 966 683
1770392146.856 1042 1027 1009 995 956 949 958 690
1770392146.866 1022 1023 1011 1007 965 953 963 687
1770392146.876 1037 1021 1012 1006 962 955 966 691
1770392146.886 1043 1031 1029 1019 973 972 986 714
1770392146.895 1034 1020 1021 1010 963 963 975 707
1770392146.905 1027 1016 1016 1001 962 957 958 696
1770392146.915 1026 1026 1018 1007 961 954 961 686
1770392146.925 1025 1023 1017 1007 967 961 971 692
1770392146.935 1029 1023 1019 1019 978 970 976 698
1770392146.946 1035 1023 1016 1013 963 955 967 705
1770392146.956 1022 1026 1017 1012 966 960 967 698
1770392146.966 1025 1016 1015 1010 961 953 968 683
1770392146.976 1018 1021 1017 1007 964 965 976 700
1770392146.986 1044 1039 1032 1010 966 974 985 719
1770392146.996 1035 1028 1019 1003 965 959 976 708
1770392147.006 1029 1021 1017 1005 963 957 968 699
1770392147.016 1010 1022 1017 1001 953 953 961 698
1770392147.025 1036 1034 1012 1007 970 960 975 709
1770392147.035 1036 1025 1029 1012 968 961 981 709
1770392147.045 1033 1020 1018 1009 961 960 974 697
1770392147.055 1033 1022 1015 1005 953 954 958 689
1770392147.066 1031 1025 1014 1001 963 959 965 693
1770392147.076 1040 1035 1017 991 951 962 977 691
1770392147.086 1046 1028 1021 1015 969 969 982 711
1770392147.096 1026 1028 1020 1009 967 969 978 692
1770392147.105 1026 1022 1016 1009 962 958 965 692
1770392147.116 1033 1023 1022 1008 959 955 967 699
1770392147.126 1035 1017 1019 1012 959 961 967 695
1770392147.135 1035 1028 1021 1004 973 976 984 712
1770392147.145 1040 1030 1018 996 964 968 970 689
1770392147.155 1025 1020 1011 1005 966 961 963 691
1770392147.165 1038 1031 1013 990 951 963 959 681
1770392147.175 1036 1031 1016 995 959 960 963 692
1770392147.185 1042 1034 1029 1013 977 969 980 709
1770392147.195 1034 1021 1019 1007 977 970 977 692
1770392147.205 1029 1026 1021 1004 954 955 973 690
1770392147.215 1029 1014 1019 1003 957 956 968 684
1770392147.226 1027 1019 1014 1004 968 970 981 699
1770392147.236 1037 1038 1024 1024 974 970 982 708
1770392147.246 1025 1021 1019 1018 974 959 970 703
1770392147.255 1034 1011 1004 1006 964 958 960 691
1770392147.265 1042 1020 1012 993 960 958 960 680
1770392147.275 1043 1030 1016 1018 968 968 971 700
1770392147.286 1036 1027 1019 1016 969 965 979 708
1770392147.296 1032 1028 1019 1001 964 969 972 690
1770392147.306 1027 1018 1014 1015 971 957 962 689
1770392147.316 1016 1008 1010 1002 972 958 960 690
1770392147.326 1031 1018 1011 1007 958 961 970 702
1770392147.335 1034 1025 1018 1011 968 969 981 707
1770392147.346 1031 1023 1020 1028 969 962 961 706
1770392147.355 1025 1017 1020 1008 960 955 951 683
1770392147.365 1025 1021 1019 1000 959 958 962 694
1770392147.378 1030 1024 1017 999 960 953 971 692
1770392147.386 1034 1022 1020 1015 975 966 986 714
1770392147.396 1039 1023 1014 1005 963 960 972 690
1770392147.406 1026 1021 1013 996 955 961 966 689
1770392147.416 1030 1024 1021 1006 959 959 964 693
1770392147.426 1030 1026 1022 1001 956 955 971 694
1770392147.436 1014 1028 1034 1032 973 965 979 717
1770392147.445 1032 1025 1021 1005 962 957 965 703
1770392147.455 1027 1027 1023 1011 963 960 968 699
1770392147.465 1023 1024 1014 1002 966 958 971 686
1770392147.475 1030 1018 1005 1003 962 957 970 691
1770392147.485 1045 1039 1024 1025 975 969 981 703
1770392147.496 1034 1019 1017 1014 970 961 973 697
1770392147.506 1021 1020 1015 1006 964 959 966 698
1770392147.516 1032 1029 1020 998 958 955 968 691
1770392147.526 1016 1032 1030 1006 962 956 977 696
1770392147.536 1031 1030 1026 1015 975 971 978 712
1770392147.545 1031 1024 1018 1016 962 967 968 694
1770392147.556 1036 1024 1017 1005 967 960 974 689
1770392147.566 1021 1018 1015 1001 950 953 967 691
1770392147.577 1034 1027 1023 1012 958 960 963 688
1770392147.585 1036 1028 1019 1014 971 969 978 706
1770392147.596 1026 1027 1015 1011 967 968 972 695
1770392147.605 1040 1025 1013 995 954 955 964 683
1770392147.615 1037 1026 1017 1008 963 963 968 689
1770392147.626 1039 1032 1020 1011 961 961 978 697
1770392147.635 1038 1027 1026 1017 971 967 981 714
1770392147.646 1037 1028 1022 1009 967 968 977 697
1770392147.656 1032 1025 1011 993 953 962 974 694
1770392147.665 1025 1026 1014 1007 950 950 965 699
1770392147.675 1027 1023 1016 1009 960 958 966 699
1770392147.685 1028 1026 1014 1014 973 972 983 710
1770392147.696 1037 1027 1019 1007 965 960 970 693
1770392147.706 1035 1020 1005 998 970 964 969 686
1770392147.716 1034 1018 1015 1003 959 964 971 696
1770392147.726 1038 1022 1014 1001 961 963 964 693
1770392147.736 1048 1039 1027 1023 973 970 985 707
1770392147.746 1037 1028 1020 1010 962 961 972 707
1770392147.755 1027 1021 1020 1004 954 959 968 705
1770392147.765 1035 1021 1018 1009 959 957 959 686
1770392147.775 1027 1012 1013 1005 969 964 976 694
1770392147.785 1045 1026 1021 1010 971 968 982 710
1770392147.795 1040 1019 1009 1009 974 961 959 683
1770392147.806 1027 1017 1016 1010 963 962 968 685
1770392147.816 1031 1023 1013 1001 960 958 957 682
1770392147.826 1031 1026 1014 1011 968 965 972 699
1770392147.836 1040 1030 1024 1010 972 977 980 708
1770392147.846 1021 1019 1020 1004 960 968 975 703
1770392147.856 1039 1026 1018 1019 972 955 962 682
1770392147.865 1028 1016 1009 1008 967 960 970 685
1770392147.875 1029 1023 1021 1009 963 961 965 692
1770392147.885 1019 1020 1021 1024 981 958 975 705
1770392147.895 1020 1016 1020 1017 981 966 977 695
1770392147.906 1025 1019 1012 1003 960 959 959 686
1770392147.916 1031 1022 1012 1008 965 959 971 693
1770392147.926 1039 1022 1018 1012 970 967 970 686
1770392147.936 1038 1034 1026 1019 985 974 987 710
1770392147.946 1032 1027 1023 1023 974 963 975 698
1770392147.956 1022 1019 1016 1005 959 955 968 694
1770392147.966 1030 1018 1015 1008 962 960 966 700
1770392147.976 1025 1022 1024 1010 958 960 977 706
1770392147.986 1030 1028 1033 1021 970 967 981 714
1770392147.996 1024 1023 1023 1010 965 953 968 699
1770392148.006 1017 1026 1022 1003 966 948 965 691
1770392148.016 1030 1019 1010 1007 972 953 969 699
1770392148.025 1023 1021 1012 1003 968 960 970 705
1770392148.035 1036 1031 1027 1020 967 971 976 714
1770392148.046 1019 1018 1017 1013 964 962 971 702
1770392148.056 1020 1023 1013 1016 962 956 972 698
1770392148.066 1018 1027 1021 998 953 957 976 691
1770392148.076 1025 1025 1022 1008 963 962 979 701
1770392148.086 1035 1029 1026 1017 968 976 981 705
1770392148.096 1022 1019 1019 1007 967 959 971 702
1770392148.106 1023 1018 1015 1019 968 953 968 700
1770392148.116 1019 1006 1007 1005 964 950 962 693
1770392148.125 1029 1019 1021 1004 961 967 975 689
1770392148.135 1035 1028 1030 1018 959 966 979 700
1770392148.146 1025 1022 1019 1006 965 962 976 701
1770392148.156 1039 1030 1013 996 956 962 973 683
1770392148.166 1027 1028 1021 995 958 956 967 688
1770392148.176 1033 1027 1021 1011 971 954 976 700
1770392148.186 1030 1023 1023 1012 968 963 978 717
1770392148.196 1037 1030 1019 1013 968 967 983 699
1770392148.206 1015 1020 1020 1003 965 965 970 700
1770392148.216 1024 1019 1016 1003 961 958 970 688
1770392148.226 1040 1034 1024 1007 959 956 964 694
1770392148.235 1040 1029 1018 1016 972 967 981 715
1770392148.245 1039 1021 1017 1004 971 963 981 705
1770392148.256 1040 1025 1012 993 957 957 963 688
1770392148.266 1032 1027 1015 1010 958 967 976 690
1770392148.276 1027 1026 1016 1010 965 960 975 699
1770392148.286 1036 1034 1031 1017 975 976 992 709
1770392148.296 1013 1021 1023 997 958 959 975 702
1770392148.306 1014 1017 1012 991 959 965 978 695
1770392148.315 1035 1025 1013 994 950 957 968 685
1770392148.326 1028 1018 1010 1005 964 967 968 700
1770392148.336 1034 1020 1024 1014 977 958 973 709
1770392148.346 1026 1023 1016 1006 959 960 968 692
1770392148.356 1026 1024 1013 1006 964 963 973 692
1770392148.366 1028 1024 1013 1007 961 954 960 693
1770392148.376 1035 1027 1018 1016 967 961 967 697
1770392148.386 1029 1036 1020 1010 970 968 984 707
1770392148.396 1028 1032 1019 1002 966 964 979 698
1770392148.405 1029 1024 1013 1000 960 961 967 686
1770392148.416 1037 1021 1012 998 958 958 965 688
1770392148.426 1026 1017 1019 1020 969 957 969 703
1770392148.436 1037 1028 1027 1018 970 963 975 702
1770392148.446 1023 1019 1018 1011 966 968 981 706
1770392148.456 1031 1023 1015 1005 958 959 964 688
1770392148.466 1040 1025 1017 998 968 961 967 686
1770392148.476 1046 1029 1019 1008 973 965 978 695
1770392148.486 1036 1034 1020 1004 978 976 981 709
1770392148.496 1035 1024 1022 1005 966 968 973 693
1770392148.506 1025 1020 1015 1004 962 962 965 689
1770392148.516 1025 1017 1009 998 970 961 976 691
1770392148.525 1030 1016 1012 1007 958 956 965 678
1770392148.536 1036 1030 1028 1016 973 967 978 708
1770392148.546 1039 1029 1024 1010 967 963 967 692
1770392148.556 1027 1017 1014 1002 963 961 962 691
1770392148.566 1043 1022 1011 1002 968 964 958 681
1770392148.576 1035 1027 1022 1009 966 956 968 681
1770392148.585 1040 1032 1027 1028 974 972 973 703
1770392148.597 1036 1020 1021 1013 972 957 962 693
1770392148.606 1026 1017 1015 1003 964 961 975 693
1770392148.616 1030 1018 1014 994 958 955 962 677
1770392148.626 1022 1016 1018 1004 968 962 968 701
1770392148.637 1024 1029 1025 1015 975 971 986 711
1770392148.646 1027 1018 1014 1008 969 959 972 703
1770392148.656 1034 1019 1009 1012 970 952 951 677
1770392148.666 1034 1019 1016 1001 966 956 966 690
1770392148.676 1030 1032 1018 1004 970 965 973 700
1770392148.686 1040 1028 1023 1022 978 967 974 711
1770392148.696 1032 1022 1013 996 969 967 978 696
1770392148.706 1028 1028 1024 1002 964 964 972 693
1770392148.716 1032 1021 1013 1002 958 961 967 696
1770392148.726 1027 1022 1016 1016 964 961 974 707
1770392148.736 1029 1030 1024 1019 966 964 980 710
1770392148.746 1025 1022 1024 1024 966 953 970 695
1770392148.756 1034 1021 1015 1013 958 954 970 687
1770392148.766 1017 1020 1015 1007 956 959 966 700
1770392148.776 1035 1019 1020 1013 967 960 969 696
1770392148.786 1026 1022 1023 1020 974 971 973 703
1770392148.796 1037 1022 1013 1005 964 961 972 699
1770392148.806 1039 1019 1009 994 952 951 965 691
1770392148.816 1013 1022 1020 1008 962 960 965 703
1770392148.826 1030 1026 1016 1015 962 951 964 699
1770392148.836 1026 1029 1023 1016 958 965 985 707
1770392148.846 1032 1022 1022 1014 969 959 968 693
1770392148.856 1020 1017 1012 993 957 956 973 701
1770392148.866 1026 1027 1029 1007 961 955 957 691
1770392148.876 1031 1023 1016 1007 962 955 960 697
1770392148.886 1042 1023 1016 1016 978 978 976 705
1770392148.896 1034 1031 1016 1005 964 973 973 699
1770392148.906 1020 1021 1017 1013 969 962 976 705
1770392148.916 1028 1021 1020 1001 956 962 968 686
1770392148.926 1033 1037 1016 998 965 959 976 693
1770392148.936 1050 1036 1022 1012 978 975 987 715
1770392148.946 1032 1026 1016 1001 965 963 977 707
1770392148.956 1033 1029 1021 1006 965 957 963 688
1770392148.966 1026 1023 1022 1005 954 952 966 699
1770392148.976 1032 1016 1016 1017 972 957 974 697
1770392148.987 1036 1032 1027 1017 975 970 989 695
1770392148.996 1027 1028 1019 1012 966 967 982 699
1770392149.006 1037 1029 1016 1002 963 960 973 691
1770392149.016 1040 1023 1007 1000 962 964 967 679
1770392149.026 1032 1030 1016 1011 969 966 976 693
1770392149.036 1030 1028 1019 1011 971 971 987 709
1770392149.046 1039 1021 1021 1013 966 964 973 698
1770392149.056 1028 1031 1020 996 951 954 967 681
1770392149.066 1027 1022 1009 996 963 967 964 693
1770392149.076 1048 1032 1019 1011 964 960 962 690
1770392149.086 1035 1030 1021 1021 972 971 973 704
1770392149.096 1039 1032 1017 1017 967 962 976 696
1770392149.106 1024 1020 1012 1007 961 953 962 700
1770392149.116 1043 1029 1018 1005 963 960 960 679
1770392149.126 1030 1024 1011 995 964 963 975 693
1770392149.136 1026 1025 1018 1012 976 968 989 711
1770392149.146 1033 1029 1020 1004 978 966 973 685
1770392149.156 1026 1024 1020 997 968 970 975 696
1770392149.166 1043 1026 1013 1002 961 957 968 678
1770392149.176 1032 1021 1018 1003 960 963 970 695
1770392149.186 1028 1016 1022 1015 976 966 979 713
1770392149.196 1024 1010 1017 1005 962 954 967 703
1770392149.206 1032 1023 1021 1012 974 966 968 693
1770392149.216 1036 1017 1016 1004 968 958 962 696
1770392149.226 1026 1012 1016 1003 970 967 968 703
1770392149.236 1033 1026 1021 1018 973 959 967 698
1770392149.246 1024 1022 1009 1015 975 969 967 684
1770392149.256 1027 1026 1010 1007 965 959 962 685
1770392149.267 1027 1019 1012 1000 959 961 968 689
1770392149.277 1036 1019 1017 1009 966 962 976 704
1770392149.287 1015 1018 1024 1009 962 961 986 715
1770392149.296 1030 1019 1013 1008 967 961 975 707
1770392149.306 1025 1018 1015 1009 967 955 964 685
1770392149.316 1030 1017 1012 1002 963 960 972 686
1770392149.326 1041 1027 1019 1028 973 950 957 691
1770392149.336 1035 1024 1024 1018 978 970 982 704
1770392149.346 1030 1019 1016 1010 970 966 978 696
1770392149.356 1031 1015 1010 1007 965 955 960 691
1770392149.366 1024 1018 1017 1016 970 962 968 692
1770392149.376 1037 1022 1019 1005 974 957 969 693
1770392149.386 1034 1022 1017 1010 976 965 982 707
1770392149.397 1039 1023 1017 1010 980 962 970 696
1770392149.406 1034 1022 1019 1012 966 961 970 692
1770392149.416 1030 1027 1026 1020 963 954 966 689
1770392149.427 1019 1016 1018 1005 965 956 976 700
1770392149.437 1037 1016 1019 1020 974 973 978 711
1770392149.446 1031 1023 1017 1009 967 964 971 693
1770392149.456 1024 1024 1021 1017 962 960 966 697
1770392149.466 1039 1027 1013 1002 964 958 956 670
1770392149.476 1035 1019 1014 1006 959 956 969 697
1770392149.486 1038 1029 1027 1028 983 972 988 703
1770392149.496 1032 1025 1017 1008 957 961 972 713
1770392149.506 1030 1021 1018 1007 965 963 970 698
1770392149.516 1021 1022 1020 1015 955 948 963 688
1770392149.526 1035 1018 1021 1020 969 966 971 701
1770392149.536 1048 1033 1023 1010 970 965 977 706
1770392149.546 1033 1023 1021 1007 965 966 976 709
1770392149.556 1035 1023 1015 1013 970 962 962 691
1770392149.566 1019 1009 1009 997 962 951 959 691
1770392149.576 1026 1027 1016 1014 967 959 971 706
1770392149.586 1035 1025 1023 1016 960 970 975 715
1770392149.596 1039 1023 1022 1006 958 968 981 704
1770392149.607 1022 1034 1021 1007 961 957 972 695
1770392149.617 1020 1023 1013 999 965 957 974 698
1770392149.626 1037 1030 1021 1005 964 960 973 701
1770392149.636 1035 1030 1022 1013 970 971 982 718
1770392149.646 1022 1026 1027 1027 967 961 975 705
1770392149.656 1019 1023 1016 1000 950 954 967 701
1770392149.666 1030 1028 1025 1010 963 961 976 703
1770392149.676 1031 1025 1022 1003 964 963 970 699
1770392149.686 1022 1024 1021 1009 971 964 985 713
1770392149.696 1031 1028 1021 1005 956 966 966 690
1770392149.707 1030 1018 1019 1002 958 962 964 699
1770392149.716 1035 1023 1020 1008 958 960 969 691
1770392149.727 1029 1027 1019 997 955 962 973 697
1770392149.736 1013 1027 1034 1013 966 965 982 702
1770392149.747 1025 1025 1021 1015 964 966 973 695
1770392149.756 1024 1019 1017 1007 959 960 962 691
1770392149.766 1034 1021 1013 1007 955 961 964 682
1770392149.776 1031 1019 1015 1001 960 961 966 684
1770392149.786 1035 1021 1012 995 959 965 969 686
1770392149.796 1024 1016 1011 994 959 961 967 686
1770392149.807 1031 1022 1014 1003 952 961 961 677
1770392149.817 1042 1028 1017 1001 949 953 962 679
1770392149.826 1024 1031 1024 999 957 954 978 684
1770392149.836 1021 1022 1021 1012 972 961 970 691
1770392149.846 1026 1014 1012 1004 963 957 964 678
1770392149.856 1024 1028 1021 999 954 958 968 681
1770392149.866 1027 1019 1013 1003 957 949 966 689
1770392149.876 1030 1013 1013 1014 960 960 962 673
1770392149.887 1032 1021 1021 1006 970 966 969 687
1770392149.897 1027 1019 1012 1004 962 960 973 692
1770392149.906 1033 1027 1014 995 954 954 953 680
1770392149.916 1019 1023 1007 982 948 962 966 668
1770392149.926 1037 1026 1018 1005 962 960 954 671
1770392149.936 1031 1017 1005 1003 964 964 970 689
1770392149.946 1030 1017 1011 1002 958 965 972 677
1770392149.956 1023 1019 1005 984 940 956 959 680
1770392149.967 1023 1009 1008 992 951 954 951 671
1770392149.976 1026 1021 1009 994 957 956 948 673
1770392149.986 1026 1018 1006 994 964 958 969 692
1770392149.997 1033 1022 1007 992 949 950 961 669
1770392150.007 1029 1015 998 980 951 948 957 655
1770392150.016 1022 1017 1008 993 956 955 960 658
1770392150.027 1029 1016 1010 995 950 951 946 650
1770392150.036 1037 1024 1018 1009 959 964 962 673
1770392150.046 1031 1027 1016 1005 954 956 955 661
1770392150.057 1010 1015 1012 1001 946 947 952 663
1770392150.067 1022 1019 1007 999 965 957 949 649
1770392150.077 1013 1013 1002 989 952 959 955 665
1770392150.086 1024 1015 1008 995 955 959 961 670
1770392150.096 1018 1008 1002 989 955 955 951 666
1770392150.107 1012 1005 997 992 957 955 951 659
1770392150.117 1025 1009 996 977 946 945 947 649
1770392150.127 1023 1014 1007 986 954 955 950 655
1770392150.137 1018 1023 1014 994 953 965 961 667
1770392150.146 1002 1020 1013 988 947 944 954 664
1770392150.156 1020 1009 1001 992 949 944 935 645
1770392150.166 1016 1004 989 985 944 949 936 654
1770392150.177 1021 1012 998 984 946 946 943 653
1770392150.186 1026 1012 1005 1000 954 951 946 671
1770392150.196 1011 1003 993 994 958 959 951 669
1770392150.207 1027 1006 997 981 944 946 930 640
1770392150.217 1017 1013 1005 982 942 943 937 643
1770392150.227 1021 1016 997 983 947 955 942 643
1770392150.237 1007 1008 994 983 948 950 943 643
1770392150.246 1012 1014 1003 990 941 946 935 642
1770392150.256 1000 998 992 988 939 947 929 634
1770392150.266 1016 1006 997 983 939 945 930 631
1770392150.276 1016 1014 1002 981 934 939 930 632
1770392150.286 996 1000 1004 1003 957 964 952 653
1770392150.296 1013 1007 1003 985 943 946 927 631
1770392150.307 1008 1006 999 982 938 946 925 637
1770392150.316 1012 1006 1002 986 935 948 928 629
1770392150.327 1025 1008 990 972 935 942 933 632
1770392150.337 1028 1019 1009 1002 956 953 945 645
1770392150.346 1012 1013 1000 981 942 943 935 638
1770392150.356 1021 1008 1000 986 940 944 936 643
1770392150.366 1011 1016 1005 985 929 948 934 640
1770392150.376 1002 1002 1007 990 940 946 946 640
1770392150.386 1024 1012 1005 986 951 949 949 659
1770392150.396 1017 1005 999 985 936 948 934 642
1770392150.407 1011 1012 1002 982 946 948 941 653
1770392150.417 1020 1010 992 984 942 936 929 640
1770392150.426 1013 1008 1000 983 946 946 944 639
1770392150.437 1018 1014 1013 995 950 949 944 643
1770392150.446 1016 1005 1003 984 947 947 940 630
1770392150.456 1017 1022 1009 977 926 941 943 634
1770392150.466 989 1012 1007 991 937 942 930 651
1770392150.476 1012 1015 1003 987 943 952 938 651
1770392150.486 1017 1021 1010 996 954 953 945 654
1770392150.496 1017 1017 1012 995 944 951 945 657
1770392150.507 1013 1006 1001 986 935 943 932 641
1770392150.517 1020 1008 1004 984 940 949 938 644
1770392150.526 1027 1019 1012 992 939 949 936 641
1770392150.536 1018 1015 1004 990 954 964 956 665
1770392150.547 1020 1022 1007 995 956 957 944 644
1770392150.556 1016 1018 1009 984 946 949 939 640
1770392150.567 1017 1022 1015 991 941 949 950 660
1770392150.577 1024 1016 1008 990 948 953 945 654
1770392150.587 1020 1022 1016 1011 959 965 966 669
1770392150.597 1026 1024 1023 1004 950 955 962 676
1770392150.607 1024 1010 1011 998 945 958 961 671
1770392150.617 1030 1016 1015 1001 956 958 963 669
1770392150.626 1034 1023 1010 995 956 960 970 679
1770392150.636 1034 1024 1016 1006 971 966 965 688
1770392150.646 1042 1034 1017 982 962 960 972 686
1770392150.656 1026 1021 1012 994 956 962 966 678
1770392150.666 1041 1025 1013 993 948 959 963 676
1770392150.676 1032 1023 1015 1005 960 966 963 682
1770392150.687 1017 1028 1030 1014 964 970 982 708
1770392150.696 1020 1020 1014 989 953 962 974 694
1770392150.706 1026 1026 1016 999 957 960 962 683
1770392150.716 1035 1018 1009 995 959 960 958 683
1770392150.726 1035 1019 1010 1005 969 963 962 689
1770392150.736 1046 1027 1015 1010 975 965 974 683
1770392150.747 1029 1026 1020 998 964 963 972 688
1770392150.757 1032 1019 1017 1003 958 953 960 673
1770392150.766 1036 1018 1012 997 962 954 962 668
1770392150.777 1042 1029 1017 994 961 966 961 671
1770392150.786 1036 1025 1019 1014 971 971 977 688
1770392150.796 1043 1028 1018 1011 973 964 970 675
1770392150.807 1033 1017 1010 996 957 957 968 676
1770392150.817 1027 1008 1013 1004 957 953 969 688
1770392150.827 1043 1020 1010 1000 962 960 965 681
1770392150.837 1025 1020 1014 1010 974 966 968 700
1770392150.847 1024 1023 1016 1010 966 964 963 683
1770392150.856 1036 1019 1010 1002 958 957 960 672
1770392150.866 1032 1019 1009 1003 972 966 956 663
1770392150.877 1041 1021 1013 1002 964 961 966 679
1770392150.887 1029 1027 1016 1011 965 972 978 695
1770392150.897 1045 1025 1013 1011 963 962 963 680
1770392150.907 1026 1026 1008 999 954 963 965 672
1770392150.917 1018 1022 1015 1005 951 957 956 683
1770392150.927 1025 1020 1017 1006 970 965 968 686
1770392150.936 1037 1030 1020 1012 976 970 967 691
1770392150.947 1027 1013 1016 1010 966 961 953 681
1770392150.956 1041 1015 1007 1004 971 959 960 680
1770392150.966 1034 1023 1020 1001 952 952 956 680
1770392150.977 1036 1022 1021 998 960 963 965 688
1770392150.987 1036 1023 1023 1010 967 964 970 691
1770392150.997 1035 1025 1015 1004 963 969 979 685
1770392151.006 1029 1019 1023 1007 947 951 960 677
1770392151.016 1030 1014 1014 1002 962 954 962 676
1770392151.026 1031 1026 1012 1010 962 966 963 688
1770392151.036 1031 1021 1019 1014 963 959 969 695
1770392151.046 1029 1025 1019 1017 965 954 958 686
1770392151.057 1035 1018 1016 1005 961 950 956 676
1770392151.067 1026 1017 1013 1000 963 961 967 682
1770392151.077 1037 1022 1024 1016 969 957 959 679
1770392151.087 1036 1027 1016 1003 970 974 972 694
1770392151.097 1029 1026 1018 1005 957 959 967 687
1770392151.107 1024 1025 1014 998 953 955 957 677
1770392151.117 1024 1024 1026 1007 963 960 953 686
1770392151.127 1034 1022 1017 1000 961 953 964 686
1770392151.137 1033 1030 1020 1009 965 970 982 699
1770392151.147 1032 1024 1016 1004 959 965 967 690
1770392151.157 1019 1020 1015 998 953 958 956 684
1770392151.167 1037 1025 1024 1023 956 956 953 681
1770392151.178 1035 1021 1015 1003 958 961 957 677
1770392151.187 1046 1034 1023 1011 972 971 976 696
1770392151.197 1036 1024 1025 1013 957 960 963 684
1770392151.207 1022 1018 1028 1010 963 961 966 685
1770392151.218 1027 1020 1018 1003 968 965 962 675
1770392151.227 1017 1028 1023 998 957 963 979 681
1770392151.237 1027 1032 1021 1013 971 972 981 698
1770392151.247 1029 1023 1015 1008 957 958 967 694
1770392151.257 1025 1024 1022 1003 956 953 960 677
1770392151.267 1035 1019 1017 1006 958 956 962 680
1770392151.277 1036 1015 1012 1005 966 966 964 692
1770392151.287 1040 1028 1027 1009 967 966 974 704
1770392151.297 1029 1026 1026 1015 966 963 971 693
1770392151.307 1027 1026 1014 1009 958 961 963 672
1770392151.317 1026 1031 1023 1004 955 968 974 670
1770392151.328 1032 1027 1022 1013 965 966 976 686
1770392151.337 1026 1024 1014 1002 959 967 974 688
1770392151.347 1034 1017 1015 1011 961 963 969 686
1770392151.357 1026 1023 1019 1005 950 954 965 688
1770392151.367 1023 1015 1014 1002 955 964 970 691
1770392151.377 1038 1030 1021 1002 961 961 969 676
1770392151.387 1038 1027 1021 1003 967 969 982 696
1770392151.398 1044 1024 1020 1005 968 965 969 685
1770392151.407 1038 1023 1010 996 956 954 958 674
1770392151.417 1034 1030 1016 1016 961 965 977 678
1770392151.427 1034 1021 1013 995 958 962 969 679
1770392151.437 1035 1026 1018 1010 967 970 982 689
1770392151.447 1037 1028 1017 1008 966 962 964 681
1770392151.457 1022 1017 1010 987 952 968 970 690
1770392151.468 1047 1025 1017 1001 960 963 968 680
1770392151.478 1034 1024 1019 998 961 962 959 681
1770392151.488 1034 1022 1017 1002 963 969 975 697
1770392151.497 1041 1023 1012 1015 964 959 959 676
1770392151.507 1035 1026 1014 998 960 962 968 678
1770392151.517 1037 1022 1014 1001 961 962 964 682
1770392151.527 1036 1023 1019 1005 967 965 963 689
1770392151.537 1044 1030 1022 1005 976 979 976 685
1770392151.548 1022 1028 1017 997 965 972 980 706
1770392151.558 1032 1024 1015 994 955 959 958 676
1770392151.567 1029 1020 1011 996 956 959 966 683
1770392151.577 1029 1019 1012 1002 969 963 968 682
1770392151.600 1031 1018 1011 1013 967 966 963 692
1770392151.601 1035 1024 1015 1007 968 972 978 694
1770392151.607 1031 1020 1016 1001 961 962 963 680
1770392151.617 1027 1021 1017 1004 961 959 964 682
1770392151.627 1042 1027 1016 998 973 965 957 679
1770392151.637 1024 1020 1007 998 967 981 981 694
1770392151.648 1029 1022 1018 1004 964 967 969 684
1770392151.658 1027 1024 1012 1002 962 955 960 681
1770392151.667 1025 1011 1012 1008 968 960 966 686
1770392151.677 1025 1014 1016 1002 954 957 970 691
1770392151.687 1025 1017 1018 1006 971 969 978 701
1770392151.697 1036 1023 1021 1007 965 967 970 686
1770392151.707 1025 1012 1011 995 951 949 953 671
1770392151.717 1037 1019 1013 1009 966 960 953 674
1770392151.728 1039 1020 1008 998 958 965 960 677
1770392151.737 1035 1023 1014 1008 971 968 973 690
1770392151.747 1028 1023 1013 1006 962 957 960 674
1770392151.758 1021 1011 1005 996 962 963 955 666
1770392151.768 1029 1020 1016 1001 959 961 957 671
1770392151.778 1030 1017 1020 1002 955 959 962 680
1770392151.788 1032 1020 1013 1009 965 962 974 693
1770392151.797 1028 1014 1008 998 960 953 956 682
1770392151.807 1036 1017 1017 1010 960 950 952 678
1770392151.817 1021 1014 1009 1001 965 958 948 669
1770392151.828 1032 1026 1010 997 958 957 964 685
1770392151.838 1025 1028 1026 1018 963 959 963 688
1770392151.848 1021 1013 1014 1000 965 963 964 681
1770392151.858 1024 1022 1014 979 950 959 960 670
1770392151.868 1015 1018 1009 994 952 957 956 677
1770392151.877 1020 1020 1018 1003 962 961 963 685
1770392151.887 1029 1019 1013 1000 960 956 959 686
1770392151.897 1024 1023 1016 1004 955 952 962 685
1770392151.908 1020 1008 1007 1003 958 939 944 665
1770392151.918 1023 1021 1011 1004 954 955 955 676
1770392151.927 1028 1024 1020 1004 958 952 959 669
1770392151.937 1016 1016 1010 1008 963 964 966 696
1770392151.947 1029 1019 1006 991 965 967 958 660
1770392151.957 1026 1017 1014 988 948 947 946 656
1770392151.967 1018 1015 1013 1001 956 954 953 684
1770392151.978 1023 1015 1007 988 955 957 947 668
1770392151.987 1019 1017 1015 1000 960 962 968 690
1770392151.998 1029 1017 1020 1011 958 958 957 671
1770392152.008 1021 1016 1003 983 939 945 953 674
1770392152.017 1029 1021 1014 1003 952 954 957 681
1770392152.027 1020 1014 1011 1002 953 953 956 676
1770392152.037 1016 1006 1012 1007 976 964 965 692
1770392152.047 1025 1012 1008 999 963 957 959 670
1770392152.057 1018 1016 1010 1007 955 951 959 676
1770392152.068 1022 1021 1008 994 949 962 961 677
1770392152.078 1025 1015 1004 994 953 961 959 676
1770392152.088 1022 1026 1008 987 959 964 978 690
1770392152.097 1020 1021 1011 994 951 946 962 680
1770392152.107 1025 1019 1008 1003 960 943 955 676
1770392152.117 1022 1022 1015 999 949 949 953 671
1770392152.127 1015 1014 1011 997 963 949 955 690
1770392152.137 1038 1019 1013 1010 961 965 960 691
1770392152.148 1020 1016 1014 996 954 961 961 684
1770392152.158 1024 1023 1011 992 951 955 949 678
1770392152.168 1019 1018 1005 985 952 954 953 682
1770392152.178 1039 1022 1008 989 952 963 964 671
1770392152.188 1028 1019 1013 1001 957 967 974 692
1770392152.198 1023 1017 1016 996 952 950 966 688
1770392152.208 1021 1032 1018 994 950 956 952 670
1770392152.218 1021 1010 1018 1004 956 951 964 699
1770392152.228 1043 1026 1018 1001 960 956 961 678
1770392152.238 1029 1023 1018 1006 964 961 973 687
1770392152.247 1032 1023 1020 1005 960 966 973 696
1770392152.257 1037 1019 1009 1001 964 961 951 680
1770392152.267 1042 1025 1010 996 965 966 947 656
1770392152.277 1042 1024 1012 1003 957 959 959 678
1770392152.287 1031 1019 1018 1004 963 972 977 698
1770392152.298 1036 1030 1023 1008 965 959 961 681
1770392152.307 1029 1021 1012 985 955 963 971 675
1770392152.318 1039 1022 1022 1011 967 958 958 673
1770392152.328 1041 1034 1008 1002 962 955 965 675
1770392152.337 1036 1028 1019 1008 973 967 981 696
1770392152.348 1040 1025 1023 1007 968 958 966 689
1770392152.357 1023 1020 1009 1012 969 958 955 679
1770392152.367 1047 1031 1015 1008 967 965 966 682
1770392152.378 1038 1023 1009 998 961 970 975 693
1770392152.388 1025 1021 1016 1012 967 971 974 691
1770392152.397 1026 1030 1016 1000 964 975 971 683
1770392152.408 1022 1025 1021 1004 965 964 966 681
1770392152.418 1036 1024 1010 994 958 960 961 677
1770392152.428 1043 1026 1019 1002 963 966 974 689
1770392152.438 1030 1023 1019 1012 970 970 975 696
1770392152.448 1022 1011 1013 1012 965 963 964 685
1770392152.458 1041 1026 1020 1013 965 966 957 679
1770392152.468 1038 1024 1008 996 963 964 969 691
1770392152.478 1034 1016 1017 1007 959 959 963 684
1770392152.488 1038 1030 1012 999 970 980 977 681
1770392152.498 1026 1021 1011 1005 968 966 971 687
1770392152.508 1031 1013 1009 992 952 955 961 675
1770392152.517 1043 1028 1020 1005 965 965 966 681
1770392152.528 1041 1032 1019 1005 966 960 969 687
1770392152.537 1015 1010 1022 1015 964 953 975 703
1770392152.548 1030 1024 1019 1015 975 964 966 683
1770392152.557 1030 1015 1012 1008 957 962 962 678
1770392152.567 1036 1028 1023 1014 958 960 963 685
1770392152.578 1043 1022 1024 1021 968 957 960 681
1770392152.587 1020 1008 1014 1013 963 974 974 706
1770392152.597 1025 1017 1014 996 963 971 966 684
1770392152.607 1029 1015 1017 1010 963 956 957 686
1770392152.617 1029 1022 1017 1006 958 956 962 690
1770392152.628 1030 1021 1011 1005 963 963 964 685
1770392152.637 1034 1027 1025 1017 972 958 966 685
1770392152.648 1035 1025 1020 1003 970 961 966 685
1770392152.658 1032 1019 1020 1006 958 960 962 686
1770392152.668 1026 1024 1028 1020 953 951 965 682
1770392152.678 1031 1009 1021 1030 978 971 974 695
1770392152.688 1032 1022 1020 1007 972 968 978 692
1770392152.698 1025 1025 1021 1007 967 952 968 687
1770392152.708 1029 1028 1025 1010 966 956 958 689
1770392152.718 1030 1030 1018 995 952 960 961 679
1770392152.728 1026 1023 1021 1008 969 968 974 684
1770392152.738 1033 1025 1018 1008 967 970 975 698
1770392152.748 1030 1023 1017 1000 963 958 967 694
1770392152.758 1034 1025 1028 1012 950 956 961 686
1770392152.767 1017 1012 1025 1021 963 958 961 686
1770392152.778 1043 1025 1020 1009 965 961 965 690
1770392152.788 1033 1024 1016 1012 967 970 976 696
1770392152.798 1026 1025 1019 1012 969 965 971 696
1770392152.808 1026 1021 1007 996 958 959 957 680
1770392152.818 1036 1030 1020 996 963 956 964 685
1770392152.828 1035 1019 1017 1003 959 961 966 689
1770392152.838 1027 1024 1023 996 963 964 980 700
1770392152.848 1035 1038 1021 995 946 961 978 689
1770392152.858 1026 1027 1019 1003 955 959 971 688
1770392152.868 1025 1024 1018 1003 956 959 964 698
1770392152.878 1055 1035 1022 1003 956 960 963 688
1770392152.888 1032 1030 1023 1016 975 966 975 708
1770392152.898 1027 1024 1015 1007 963 960 970 684
1770392152.908 1032 1017 1013 1004 958 959 960 676
1770392152.918 1035 1020 1015 1008 964 960 963 673
1770392152.928 1027 1021 1010 993 956 961 973 682
1770392152.938 1040 1031 1017 997 961 966 969 691
1770392152.948 1025 1023 1019 994 956 962 970 683
1770392152.957 1025 1022 1014 1011 962 953 962 677
1770392152.970 1046 1027 1011 998 953 955 962 674
1770392152.978 1035 1030 1017 1007 958 961 970 687
1770392152.990 1021 1010 1005 1016 968 972 966 689
1770392152.998 1028 1015 1009 1015 965 959 967 683
1770392153.008 1039 1019 1010 1000 962 963 966 676
1770392153.018 1026 1014 1014 1001 956 967 963 682
1770392153.028 1030 1025 1012 998 961 968 969 668
1770392153.038 1027 1025 1011 997 955 967 964 682
1770392153.048 1017 1013 1006 1005 965 961 962 682
1770392153.058 1029 1013 1011 1003 955 953 954 673
1770392153.068 1023 1018 1015 999 961 955 965 679
1770392153.077 1026 1017 1019 1009 955 950 957 676
1770392153.087 1027 1020 1016 1004 966 965 964 679
1770392153.097 1026 1022 1016 994 961 963 965 672
1770392153.108 1024 1015 1003 983 952 958 957 669
1770392153.118 1027 1012 1002 995 959 959 954 664
1770392153.128 1038 1024 1010 988 958 954 957 664
1770392153.138 1030 1016 1008 1000 966 967 966 669
1770392153.148 1029 1022 1011 994 954 954 954 651
1770392153.158 1029 1020 1013 994 949 948 953 651
1770392153.168 1034 1028 1017 992 948 953 953 650
1770392153.178 1024 1018 1004 992 950 950 938 649
1770392153.188 1029 1026 1008 996 959 956 958 663
1770392153.198 1024 1018 1009 993 949 955 954 650
1770392153.208 1018 1013 1005 986 952 952 945 646
1770392153.218 1024 1009 1001 997 948 939 936 647
1770392153.228 1034 1014 1003 991 956 946 946 657
1770392153.237 1029 1020 1013 1005 964 955 955 663
1770392153.247 1025 1012 1003 989 950 947 947 653
1770392153.257 1024 1019 1002 984 945 954 945 637
1770392153.267 1029 1021 1014 984 946 944 947 644
1770392153.277 1036 1023 1007 996 955 950 952 653
1770392153.287 1034 1019 1008 999 958 952 947 651
1770392153.297 1013 1010 1007 1001 949 949 953 661
1770392153.307 1018 1011 1012 1019 954 942 939 653
1770392153.317 1024 1017 1003 1003 951 948 945 648
1770392153.328 1037 1019 1010 1001 948 954 949 650
1770392153.337 1026 1010 1004 1000 955 951 955 652
1770392153.347 1023 1024 1009 992 955 956 958 658
1770392153.357 1030 1018 1017 992 949 945 936 650
1770392153.368 1025 1015 1012 999 949 950 949 655
1770392153.378 1037 1026 1014 1012 956 952 950 653
1770392153.388 1036 1024 1016 1003 944 957 965 677
1770392153.397 1025 1016 1018 1003 948 943 953 666
1770392153.408 1022 1015 1015 999 944 938 946 651
1770392153.417 1021 1019 1012 1004 953 954 957 669
1770392153.427 1031 1021 1015 1000 955 958 958 673
1770392153.438 1030 1023 1002 1012 971 962 957 673
1770392153.448 1023 1021 1016 1010 960 949 953 669
1770392153.458 1013 1017 1010 999 949 948 956 671
1770392153.468 1030 1021 1014 1009 964 956 954 673
1770392153.477 1021 1017 1017 993 959 962 963 679
1770392153.488 1022 1024 1017 1008 960 965 966 692
1770392153.497 1037 1021 1018 1006 960 948 961 687
1770392153.508 1022 1015 1017 1007 963 948 965 685
1770392153.518 1032 1014 1009 1005 963 961 960 686
1770392153.528 1030 1024 1017 1010 964 960 964 701
1770392153.538 1032 1029 1015 1006 969 965 977 707
1770392153.548 1020 1024 1012 1002 951 954 966 696
1770392153.558 1033 1029 1014 1002 959 952 954 683
1770392153.567 1034 1028 1011 998 960 961 962 688
1770392153.578 1039 1025 1017 1004 966 963 977 687
1770392153.588 1038 1023 1027 1008 958 959 973 691
1770392153.598 1014 1017 1012 1007 961 961 975 696
1770392153.608 1031 1026 1011 1002 961 958 960 682
1770392153.618 1026 1015 1014 1008 957 953 959 694
1770392153.628 1033 1017 1021 1005 963 957 975 698
1770392153.638 1031 1022 1013 996 958 961 976 701
1770392153.647 1031 1026 1015 1000 961 960 962 684
1770392153.657 1032 1019 1009 1000 965 962 957 668
1770392153.667 1032 1026 1008 991 964 968 973 689
1770392153.678 1039 1031 1019 997 954 959 969 698
1770392153.687 1025 1022 1024 1008 966 964 978 696
1770392153.698 1036 1028 1016 1009 964 961 967 686
1770392153.708 1030 1021 1020 1002 942 949 968 685
1770392153.718 1030 1027 1024 1017 966 966 969 686
1770392153.728 1046 1034 1023 1005 965 963 967 688
1770392153.738 1044 1033 1023 1007 966 972 978 701
1770392153.747 1027 1017 1013 1000 967 963 970 688
1770392153.758 1017 1016 1011 993 955 960 967 682
1770392153.768 1035 1033 1021 998 954 962 971 689
1770392153.778 1040 1021 1018 998 960 964 965 684
1770392153.788 1034 1021 1017 1005 968 967 975 695
1770392153.798 1043 1028 1014 997 964 960 971 685
1770392153.808 1034 1032 1021 1001 965 969 971 691
1770392153.818 1027 1020 1012 1010 961 960 966 685
1770392153.828 1037 1028 1019 1014 968 958 968 685
1770392153.838 1050 1025 1016 1009 970 968 978 688
1770392153.848 1023 1015 1010 1008 964 959 968 698
1770392153.858 1022 1022 1025 1004 959 957 961 681
1770392153.868 1030 1021 1022 1007 963 964 968 693
1770392153.878 1033 1023 1018 1001 963 964 968 692
1770392153.888 1052 1033 1012 993 966 970 974 686
1770392153.898 1032 1033 1019 1004 955 969 967 689
1770392153.908 1040 1034 1022 1001 957 963 959 674
1770392153.918 1037 1017 1008 996 963 957 959 679
1770392153.928 1049 1026 1019 1002 960 963 969 690
1770392153.938 1025 1018 1017 1013 974 970 973 698
1770392153.948 1027 1018 1011 1003 962 964 968 686
1770392153.958 1032 1017 1015 1002 966 954 949 674
1770392153.968 1030 1015 1011 1004 968 970 966 689
1770392153.978 1037 1018 1009 1004 961 969 962 678
1770392153.988 1036 1023 1013 1003 968 970 974 692
1770392153.998 1029 1019 1013 1010 963 968 965 685
1770392154.008 1033 1019 1010 1004 957 961 956 670
1770392154.018 1042 1025 1017 1009 966 961 971 685
1770392154.028 1040 1020 1018 1013 959 955 965 701
1770392154.038 1026 1023 1015 1004 965 964 975 696
1770392154.048 1034 1017 1016 1010 969 959 965 679
1770392154.058 1028 1012 1012 1004 966 962 962 679
1770392154.068 1036 1026 1015 1014 969 961 953 679
1770392154.078 1045 1032 1017 1003 964 961 966 685
1770392154.088 1030 1025 1017 1017 968 973 976 700
1770392154.098 1037 1019 1012 1001 967 958 966 688
1770392154.108 1034 1018 1013 1001 960 957 958 683
1770392154.118 1032 1028 1024 1007 967 962 970 682
1770392154.128 1036 1022 1019 1013 964 962 971 683
1770392154.138 1035 1022 1023 1021 969 961 971 688
1770392154.148 1023 1012 1016 1008 964 961 966 684
1770392154.157 1031 1019 1022 1006 963 960 962 687
1770392154.168 1037 1015 1016 1007 961 958 964 684
1770392154.178 1031 1021 1025 1015 962 961 961 702
1770392154.188 1037 1026 1019 1018 963 965 965 693
1770392154.198 1027 1024 1018 1011 963 963 966 690
1770392154.208 1019 1027 1020 1007 954 956 962 681
1770392154.218 1026 1023 1021 1000 951 955 958 691
1770392154.228 1036 1025 1028 1018 963 953 957 685
1770392154.238 1027 1015 1014 1012 967 963 972 701
1770392154.248 1022 1018 1017 1014 963 958 972 704
1770392154.258 1035 1017 1015 1000 966 957 963 690
1770392154.268 1025 1021 1017 1001 959 962 967 686
1770392154.278 1040 1021 1019 1009 965 955 965 696
1770392154.288 1031 1026 1018 1005 972 963 973 696
1770392154.298 1032 1030 1019 996 962 964 969 680
1770392154.308 1024 1026 1016 999 959 946 962 695
1770392154.318 1032 1028 1022 1016 965 961 963 689
1770392154.327 1037 1025 1021 1008 963 954 960 681
1770392154.338 1033 1027 1024 1003 957 960 972 701
1770392154.348 1032 1030 1027 1016 964 958 968 687
1770392154.358 1026 1020 1020 1008 962 964 967 685
1770392154.368 1033 1032 1016 1008 966 956 968 687
1770392154.378 1034 1020 1012 998 964 961 966 693
1770392154.388 1037 1030 1014 1013 966 966 970 698
1770392154.398 1027 1025 1017 1013 956 958 964 694
1770392154.407 1029 1021 1021 1004 956 958 961 681
1770392154.418 1031 1024 1024 1013 958 959 964 684
1770392154.428 1037 1032 1019 1004 965 965 966 683
1770392154.438 1021 1027 1022 1013 961 960 972 694
1770392154.448 1024 1019 1020 1009 962 956 963 688
1770392154.458 1026 1021 1019 1008 962 958 958 684
1770392154.468 1033 1022 1012 997 959 962 968 681
1770392154.478 1031 1023 1023 1021 968 956 964 691
1770392154.488 1036 1032 1018 999 959 962 964 699
1770392154.498 1027 1019 1012 1010 957 962 965 686
1770392154.508 1038 1025 1021 1012 959 956 961 688
1770392154.518 1036 1026 1011 992 963 964 965 682
1770392154.528 1031 1035 1024 1008 964 965 974 689
1770392154.538 1034 1027 1020 1012 961 968 972 698
1770392154.548 1028 1024 1023 1007 971 965 972 698
1770392154.558 1035 1023 1016 1009 959 954 969 687
1770392154.568 1031 1029 1025 1010 953 948 959 706
1770392154.578 1033 1028 1020 1005 965 954 964 691
1770392154.588 1020 1013 1015 1004 960 966 967 699
1770392154.598 1034 1024 1022 1011 960 962 964 688
1770392154.608 1029 1022 1013 998 956 960 956 674
1770392154.618 1032 1027 1015 995 962 965 966 683
1770392154.628 1041 1029 1023 1001 958 955 962 688
1770392154.638 1020 1022 1020 1016 970 962 983 705
1770392154.648 1034 1024 1021 1007 958 961 971 689
1770392154.658 1025 1017 1017 999 953 955 961 684
1770392154.668 1030 1024 1020 1014 958 967 967 690
1770392154.678 1039 1028 1018 1007 960 956 962 694
1770392154.688 1033 1022 1018 1007 968 968 973 696
1770392154.698 1031 1021 1017 994 960 961 970 694
1770392154.708 1030 1014 1008 994 970 968 963 683
1770392154.718 1037 1028 1024 1015 962 960 960 686
1770392154.728 1037 1027 1020 1015 963 961 964 691
1770392154.739 1033 1032 1024 1011 963 961 976 697
1770392154.749 1031 1032 1019 1002 964 976 976 681
1770392154.758 1041 1030 1023 995 958 963 969 679
1770392154.768 1035 1024 1015 1002 949 958 965 687
1770392154.778 1046 1032 1027 1007 964 966 970 696
1770392154.789 1036 1026 1020 1003 967 961 976 708
1770392154.798 1033 1020 1012 1010 970 965 974 696
1770392154.808 1035 1027 1020 996 955 956 966 693
1770392154.818 1033 1023 1015 998 965 970 969 685
1770392154.828 1047 1033 1022 1005 965 965 972 691
1770392154.838 1039 1028 1015 986 953 966 973 689
1770392154.848 1014 1024 1021 1012 980 976 988 698
1770392154.858 1028 1024 1013 1000 963 955 968 682
1770392154.868 1037 1025 1020 1010 963 960 968 696
1770392154.878 1037 1030 1025 1017 964 962 972 696
1770392154.888 1043 1012 1013 998 960 958 971 698
1770392154.898 1034 1018 1013 1003 967 963 970 693
1770392154.909 1024 1023 1013 994 961 959 964 685
1770392154.918 1029 1018 1013 1004 967 960 968 687
1770392154.928 1054 1040 1017 1007 962 962 959 670
1770392154.938 1038 1040 1025 1008 964 968 980 710
1770392154.949 1039 1028 1019 999 963 962 965 683
1770392154.958 1030 1031 1014 1003 959 959 954 680
1770392154.968 1040 1024 1020 1005 967 967 971 684
1770392154.978 1031 1027 1016 999 956 966 976 696
1770392154.988 1030 1023 1018 1008 967 967 977 695
1770392154.998 1026 1022 1016 1009 967 968 965 682
1770392155.008 1028 1021 1014 1006 968 971 970 678
1770392155.019 1044 1017 1008 1010 961 952 961 687
1770392155.028 1050 1024 1016 1008 963 962 970 691
1770392155.038 1037 1024 1021 1010 969 963 968 688
1770392155.049 1033 1018 1008 997 957 954 962 689
1770392155.058 1036 1024 1022 996 963 966 969 681
1770392155.069 1023 1024 1022 1000 951 954 974 693
1770392155.078 1034 1027 1015 1012 968 960 968 687
1770392155.088 1036 1025 1019 1010 969 971 977 685
1770392155.098 1028 1014 1010 997 964 964 973 691
1770392155.108 1032 1017 1010 1004 964 948 961 686
1770392155.118 1031 1020 1012 1016 969 962 969 681
1770392155.128 1046 1024 1016 1009 968 962 969 686
1770392155.138 1043 1025 1013 1004 965 961 973 682
1770392155.148 1041 1028 1013 1015 972 973 967 682
1770392155.159 1030 1032 1012 997 962 971 963 671
1770392155.168 1031 1024 1017 1004 963 961 963 682
1770392155.178 1040 1032 1023 1012 976 965 971 684
1770392155.188 1040 1023 1012 1001 976 967 985 694
1770392155.198 1029 1017 1026 1014 960 953 972 700
1770392155.208 1030 1020 1020 1004 956 952 956 683
1770392155.218 1035 1028 1019 1011 966 965 972 693
1770392155.228 1041 1021 1009 1009 961 964 966 679
1770392155.238 1030 1020 1010 1018 976 974 970 700
1770392155.248 1025 1019 1016 1011 968 966 964 690
1770392155.259 1018 1018 1013 998 963 956 966 694
1770392155.269 1032 1023 1019 1008 972 964 966 690
1770392155.279 1033 1017 1014 1001 966 968 972 701
1770392155.289 1031 1026 1015 1009 969 972 984 709
1770392155.298 1026 1023 1020 1009 964 964 975 698
1770392155.308 1016 1017 1016 1003 970 960 972 701
1770392155.318 1037 1022 1015 1011 964 958 960 692
1770392155.328 1032 1026 1018 1012 969 961 967 700
1770392155.338 1046 1021 1009 1006 972 965 969 698
1770392155.349 1021 1012 1009 1004 965 960 962 697
1770392155.359 1032 1017 1015 1012 962 961 961 684
1770392155.368 1029 1015 1019 1009 964 961 965 683
1770392155.378 1037 1032 1022 999 955 965 968 680
1770392155.388 1039 1038 1026 1001 951 951 961 690
1770392155.398 1022 1017 1020 1017 966 966 971 695
1770392155.408 1025 1019 1015 1002 959 957 959 681
1770392155.418 1025 1017 1021 1004 962 957 966 693
1770392155.428 1043 1020 1018 1017 971 960 969 685
1770392155.438 1035 1026 1024 1008 963 959 972 697
1770392155.448 1032 1022 1021 1011 970 958 967 696
1770392155.458 1026 1016 1017 1006 961 951 960 685
1770392155.468 1028 1023 1013 995 961 964 967 677
1770392155.479 1044 1043 1027 1010 958 960 967 689
1770392155.489 1024 1022 1026 1009 965 965 981 715
1770392155.499 1032 1026 1014 1011 969 960 974 700
1770392155.508 1025 1027 1018 1005 963 956 966 698
1770392155.518 1026 1024 1019 1003 959 955 976 700
1770392155.528 1024 1022 1020 1009 965 955 968 697
1770392155.539 1027 1021 1018 1017 969 965 973 702
1770392155.548 1029 1012 1013 1012 961 956 971 686
1770392155.559 1036 1021 1014 1004 963 957 967 686
1770392155.569 1035 1025 1015 1007 963 957 965 681
1770392155.579 1024 1023 1016 1007 962 956 964 697
1770392155.588 1021 1024 1022 1008 964 962 970 703
1770392155.598 1021 1012 1008 1003 962 959 964 689
1770392155.608 1021 1022 1017 997 949 962 966 687
1770392155.619 1026 1020 1019 997 957 952 968 680
1770392155.629 1023 1023 1017 1001 956 953 961 689
1770392155.639 1019 1015 1015 1007 961 955 967 691
1770392155.648 1019 1011 1002 990 956 948 966 686
1770392155.658 1035 1026 1013 995 958 958 961 677
1770392155.668 1028 1021 1013 1005 952 954 962 677
1770392155.678 1030 1036 1022 1007 956 955 964 686
1770392155.688 1035 1023 1010 999 956 957 968 673
1770392155.698 1020 1027 1011 984 950 958 972 674
1770392155.709 1031 1019 1008 987 952 946 950 657
1770392155.719 1025 1018 1008 990 948 948 956 669
1770392155.729 1032 1024 1013 995 957 952 953 651
1770392155.738 1031 1015 1012 996 944 946 958 669
1770392155.748 1036 1025 1009 1003 955 954 945 643
1770392155.758 1024 1020 1005 985 946 940 935 612
1770392155.768 1024 1014 1004 984 951 940 934 614
1770392155.778 1033 1023 1007 985 945 945 922 604
1770392155.788 1039 1028 1008 967 934 943 930 602
1770392155.798 1017 1020 1008 992 945 941 928 605
1770392155.809 1021 1018 1009 976 941 936 922 590
1770392155.819 1042 1022 1009 983 949 945 932 591
1770392155.829 1031 1017 1009 978 931 938 935 599
1770392155.838 1012 1019 1006 980 940 943 938 603
1770392155.848 1026 1018 1006 984 938 932 919 592
1770392155.858 1022 1013 1005 986 942 936 924 588
1770392155.868 1031 1018 1000 983 942 931 917 585
1770392155.879 1039 1018 1004 992 947 933 913 590
1770392155.889 1039 1033 1016 996 950 943 930 597
1770392155.899 1013 1019 1012 994 941 937 919 597
1770392155.908 1018 1021 1008 985 949 937 919 581
1770392155.918 1027 1023 1005 978 939 934 924 582
1770392155.928 1021 1021 1008 982 929 937 925 592
1770392155.938 1026 1023 1012 990 941 935 929 595
1770392155.948 1020 1011 1000 986 935 938 922 585
1770392155.958 1021 1012 1003 991 932 937 915 576
1770392155.968 1026 1001 1000 990 936 925 910 581
1770392155.978 1041 1030 1014 993 950 941 929 582
1770392155.988 1013 1019 1005 981 934 924 913 582
1770392155.999 1012 1010 1000 988 940 925 918 580
1770392156.009 1025 1018 997 990 939 930 903 551
1770392156.019 1012 1006 995 973 933 932 921 578
1770392156.028 1028 1017 997 989 939 924 905 560
1770392156.038 1020 1003 1000 984 940 926 901 555
1770392156.048 1015 1007 997 971 937 920 903 562
1770392156.059 1001 1000 996 972 927 910 874 543
1770392156.069 1022 1010 993 972 921 910 874 523
1770392156.079 1021 1013 990 969 921 899 858 508
1770392156.089 1016 1015 992 973 916 906 851 503
1770392156.099 1001 1003 984 962 913 894 821 455
1770392156.109 993 993 979 960 913 885 809 431
1770392156.119 1013 1010 995 966 914 875 798 418
1770392156.129 1004 1005 989 964 902 876 783 407
1770392156.139 1016 1013 987 955 905 859 757 388
1770392156.149 998 1004 983 939 878 844 717 345
1770392156.159 1001 1005 982 937 873 807 679 315
1770392156.169 1004 1002 978 923 858 777 625 288
1770392156.180 1002 1002 973 916 847 750 581 261
1770392156.190 1000 998 967 919 826 703 512 232
1770392156.200 994 982 947 902 814 663 450 199
1770392156.209 991 993 955 892 792 616 378 164
1770392156.219 979 986 947 879 763 563 316 148
1770392156.229 990 997 947 874 747 521 256 134
1770392156.239 995 994 930 845 707 463 205 106
1770392156.249 970 981 927 848 670 404 162 115
1770392156.259 975 984 925 843 642 346 123 85
1770392156.269 974 983 915 827 601 303 102 83
1770392156.279 978 985 924 828 558 258 90 82
1770392156.289 961 969 903 806 532 229 88 83
1770392156.300 961 975 901 781 485 201 84 67
1770392156.310 956 972 893 772 439 157 71 62
1770392156.320 945 962 891 749 410 144 68 73
1770392156.330 978 967 872 731 377 128 62 48
1770392156.340 952 967 878 721 341 111 65 66
1770392156.350 950 958 873 697 304 90 67 65
1770392156.359 944 967 867 667 269 79 60 63
1770392156.369 946 961 857 633 231 76 65 65
1770392156.379 947 953 851 600 199 66 65 66
1770392156.389 931 935 812 554 180 70 59 62
1770392156.399 923 931 794 523 157 60 57 57
1770392156.410 914 917 776 500 142 62 60 71
1770392156.419 924 909 747 466 122 59 52 66
1770392156.429 917 901 730 430 112 60 49 58
1770392156.439 900 896 731 426 113 61 63 62
1770392156.449 890 892 726 405 103 55 66 58
1770392156.459 902 902 723 407 101 56 59 59
1770392156.469 901 904 718 375 91 62 63 49
1770392156.480 903 905 725 381 91 65 65 71
1770392156.489 908 909 723 372 82 56 57 60
1770392156.499 892 892 714 374 83 57 63 62
1770392156.509 875 889 708 364 79 52 57 65
1770392156.519 877 869 672 327 78 59 55 51
1770392156.530 883 873 665 314 75 60 69 64
1770392156.540 867 849 633 285 68 56 59 61
1770392156.549 857 836 612 280 74 57 48 52
1770392156.559 855 838 604 262 64 56 54 43
1770392156.569 836 828 593 249 60 56 57 56
1770392156.580 848 832 589 239 51 55 57 56
1770392156.589 826 830 595 263 60 58 61 60
1770392156.599 813 835 598 255 55 47 60 67
1770392156.609 802 835 602 263 56 48 43 51
1770392156.619 794 837 615 282 66 60 50 49
1770392156.630 783 830 615 278 62 48 54 53
1770392156.640 765 822 598 276 71 47 46 54
1770392156.649 754 819 595 269 69 56 46 45
1770392156.659 724 809 587 252 61 55 54 54
1770392156.669 712 819 584 262 61 53 59 50
1770392156.679 693 815 591 269 59 54 56 47
1770392156.689 675 812 586 265 67 53 57 43
1770392156.700 649 808 589 262 56 49 51 43
1770392156.709 632 822 604 276 62 60 55 46
1770392156.719 605 821 615 290 58 48 41 49
1770392156.729 582 819 621 299 58 45 48 48
1770392156.739 564 824 637 315 55 40 41 36
1770392156.750 539 800 629 314 56 50 52 49
1770392156.760 521 809 634 317 59 51 50 50
1770392156.770 504 800 644 324 58 45 48 44
1770392156.779 492 796 653 340 66 49 44 38
1770392156.789 468 787 652 342 68 49 45 51
1770392156.799 440 773 648 337 61 45 53 55
1770392156.810 433 768 656 347 61 45 49 52
1770392156.819 403 760 671 356 58 46 48 46
1770392156.829 402 768 690 372 59 38 44 55
1770392156.839 389 741 671 364 71 46 48 56
1770392156.850 365 734 679 376 70 53 53 56
1770392156.860 361 743 697 383 63 46 47 49
1770392156.869 332 720 692 397 76 44 48 57
1770392156.880 333 723 703 400 72 51 43 50
1770392156.890 307 715 707 396 72 54 52 51
1770392156.900 302 719 711 405 71 57 55 53
1770392156.909 292 714 716 402 64 49 47 47
1770392156.920 288 722 733 414 65 62 60 53
1770392156.930 288 722 747 425 73 55 53 56
1770392156.940 272 710 753 432 73 53 59 47
1770392156.950 260 702 759 439 71 46 56 59
1770392156.960 241 686 777 454 64 33 52 76
1770392156.970 240 688 767 452 76 52 51 65
1770392156.980 247 700 790 456 65 51 49 67
1770392156.990 236 698 783 445 71 58 66 63
1770392157.000 235 686 770 450 71 51 54 67
1770392157.009 236 689 792 460 72 55 54 65
1770392157.019 230 691 795 463 79 49 49 59
1770392157.029 220 690 809 475 77 56 62 70
1770392157.039 214 695 826 489 75 49 52 55
1770392157.049 199 689 833 489 81 55 63 62
1770392157.059 201 693 860 510 82 57 61 69
1770392157.069 196 692 873 522 86 58 65 67
1770392157.079 188 699 892 531 95 62 67 73
1770392157.090 182 703 917 531 80 56 56 86
1770392157.100 185 702 915 536 92 64 61 69
1770392157.110 187 713 934 547 83 67 66 64
1770392157.120 179 718 948 555 82 62 67 70
1770392157.130 185 745 992 566 79 60 61 64
1770392157.140 185 762 1000 556 83 68 68 70
1770392157.149 190 760 984 555 90 72 75 88
1770392157.159 210 756 962 530 82 68 63 69
1770392157.169 205 751 969 542 81 65 67 75
1770392157.179 194 754 992 554 77 67 70 79
1770392157.189 175 740 981 560 82 67 70 87
1770392157.199 182 734 971 568 83 62 62 75
1770392157.209 176 734 969 555 77 69 66 69
1770392157.219 178 742 976 563 82 66 65 74
1770392157.230 192 750 979 558 93 61 54 61
1770392157.240 190 749 978 561 86 58 68 74
1770392157.249 186 747 968 551 81 61 66 71
1770392157.259 190 744 977 559 88 69 66 71
1770392157.269 182 750 984 552 86 71 73 70
1770392157.280 184 746 982 554 80 66 66 82
1770392157.290 184 740 983 581 101 74 68 73
1770392157.300 183 740 973 556 89 69 69 74
1770392157.309 186 738 980 558 88 71 74 82
1770392157.319 188 741 981 563 88 66 68 71
1770392157.329 187 747 988 573 87 69 62 74
1770392157.339 192 749 981 559 82 66 59 64
1770392157.349 188 743 969 553 84 63 61 81
1770392157.359 200 753 977 565 94 67 64 82
1770392157.370 200 754 971 550 88 69 61 65
1770392157.379 197 753 979 558 84 65 61 80
1770392157.389 202 747 976 549 85 67 58 71
1770392157.399 191 744 971 553 94 70 67 72
1770392157.409 186 760 986 555 78 68 71 76
1770392157.420 183 745 978 554 87 61 65 85
1770392157.430 200 759 983 550 89 65 62 79
1770392157.440 197 748 974 544 83 62 64 71
1770392157.450 198 745 972 566 93 58 59 76
1770392157.460 195 744 971 552 89 54 50 80
1770392157.469 198 756 977 554 89 69 67 70
1770392157.479 197 767 985 557 88 63 53 72
1770392157.489 191 754 979 552 85 69 65 77
1770392157.499 200 757 976 539 82 70 62 73
1770392157.510 191 761 982 550 89 69 58 77
1770392157.520 199 761 979 549 83 64 64 78
1770392157.530 195 754 975 547 83 63 56 71
1770392157.540 191 753 980 556 85 60 65 82
1770392157.550 180 741 967 546 81 52 59 80
1770392157.559 194 756 972 544 82 68 72 86
1770392157.569 195 759 987 563 88 65 56 69
1770392157.579 193 755 983 564 91 68 63 80
1770392157.589 207 758 986 559 88 61 55 76
1770392157.600 202 757 974 543 79 59 58 78
1770392157.610 198 758 982 549 83 67 61 88
1770392157.619 194 758 982 552 83 59 57 76
1770392157.629 200 763 981 550 86 66 63 78
1770392157.639 199 771 984 542 71 63 66 69
1770392157.649 192 757 968 534 78 61 64 81
1770392157.659 206 759 979 552 85 60 66 79
1770392157.670 198 761 979 545 78 64 63 80
1770392157.680 200 758 986 555 85 64 63 90
1770392157.690 201 753 973 546 85 61 59 73
1770392157.700 192 748 979 558 87 67 65 86
1770392157.709 200 752 973 547 79 66 64 81
1770392157.719 198 755 977 544 84 74 67 80
1770392157.729 202 768 975 543 82 74 66 75
1770392157.739 196 756 977 546 79 57 73 92
1770392157.749 196 757 976 549 81 60 63 79
1770392157.759 201 758 980 548 78 65 64 87
1770392157.769 196 756 977 545 75 60 71 92
1770392157.780 200 771 980 549 74 57 58 76
1770392157.790 201 768 985 551 80 68 66 82
1770392157.800 200 750 970 546 83 69 68 73
1770392157.810 204 749 971 550 87 60 69 71
1770392157.820 216 761 972 551 92 70 62 77
1770392157.829 207 762 979 539 75 70 69 84
1770392157.839 200 758 981 549 82 72 67 80
1770392157.849 198 747 971 545 84 61 68 71
1770392157.860 196 763 974 536 79 73 77 72
1770392157.870 205 759 977 544 81 61 65 75
1770392157.880 204 764 987 553 85 72 68 82
1770392157.890 204 760 976 547 87 66 67 71
1770392157.900 200 751 966 547 82 59 58 75
1770392157.910 205 752 969 547 89 71 69 73
1770392157.920 194 761 969 543 87 67 64 83
1770392157.930 204 768 985 549 83 63 65 75
1770392157.940 201 755 972 549 84 63 62 77
1770392157.949 199 749 961 538 87 69 59 69
1770392157.959 205 760 965 542 77 67 75 83
1770392157.969 198 754 973 550 82 64 66 80
1770392157.980 202 759 976 549 84 65 61 66
1770392157.989 199 755 975 543 79 68 60 69
1770392158.000 193 755 973 543 85 65 64 72
1770392158.010 202 750 972 542 84 62 62 76
1770392158.020 198 758 978 546 79 58 63 76
1770392158.029 201 769 987 560 87 62 63 73
1770392158.039 199 747 968 559 92 70 57 76
1770392158.049 203 760 969 545 82 71 59 73
1770392158.060 195 755 968 549 87 65 62 77
1770392158.070 207 762 982 554 87 70 66 83
1770392158.080 198 763 983 549 82 67 64 76
1770392158.090 194 760 982 555 78 64 64 72
1770392158.100 195 752 975 550 89 62 57 80
1770392158.110 197 759 973 546 84 62 60 76
1770392158.120 197 756 981 559 84 64 63 73
1770392158.129 189 756 990 565 91 58 66 87
1770392158.140 211 762 978 548 86 64 62 76
1770392158.150 201 752 971 537 84 67 68 79
1770392158.160 193 757 984 550 84 70 69 87
1770392158.170 200 747 974 553 84 64 57 80
1770392158.180 201 760 979 559 88 67 63 75
1770392158.190 189 761 978 552 83 59 55 63
1770392158.200 189 745 972 543 80 63 68 87
1770392158.209 199 763 978 556 81 67 66 74
1770392158.219 192 756 978 553 86 66 66 68
1770392158.230 192 766 991 561 86 65 58 81
1770392158.240 199 758 976 553 82 57 64 78
1770392158.250 192 765 975 550 83 64 69 84
1770392158.260 196 756 976 553 76 55 71 88
1770392158.270 192 751 973 555 82 61 64 81
1770392158.280 197 764 977 554 82 59 63 85
1770392158.290 199 759 973 528 74 64 69 76
1770392158.300 202 755 975 537 84 66 67 73
1770392158.310 199 764 977 532 82 75 72 66
1770392158.320 196 766 980 543 80 71 76 80
1770392158.330 203 765 977 538 87 66 68 65
1770392158.339 203 761 971 547 85 67 67 74
1770392158.349 198 756 971 548 87 61 64 82
1770392158.360 191 746 979 556 88 65 68 87
1770392158.370 203 757 980 553 90 66 61 73
1770392158.380 202 759 980 549 88 69 67 76
1770392158.390 199 758 979 554 89 70 64 77
1770392158.400 205 754 968 533 82 64 63 68
1770392158.410 197 764 978 540 80 63 61 74
1770392158.420 204 764 975 540 86 67 63 70
1770392158.430 206 766 979 555 85 69 70 79
1770392158.440 216 765 986 548 80 69 72 77
1770392158.450 197 761 973 546 72 61 70 80
1770392158.460 201 755 976 552 86 68 59 70
1770392158.470 193 749 974 539 85 66 66 80
1770392158.479 208 758 979 546 87 74 70 79
1770392158.489 208 769 979 552 88 60 65 72
1770392158.499 202 763 974 555 86 68 66 81
1770392158.509 199 754 971 547 82 63 63 70
1770392158.520 195 755 972 547 78 64 61 74
1770392158.530 206 764 984 549 91 68 62 71
1770392158.540 199 767 979 542 84 69 71 66
1770392158.550 203 763 972 552 85 66 67 79
1770392158.560 205 756 974 546 83 63 62 76
1770392158.570 199 755 975 544 89 68 67 80
1770392158.580 202 762 989 556 84 59 64 79
1770392158.590 183 742 975 551 83 59 61 76
1770392158.600 198 750 972 541 82 55 58 76
1770392158.609 198 754 967 542 82 57 62 68
1770392158.620 203 765 976 556 93 58 66 74
1770392158.630 200 762 967 553 86 66 65 79
1770392158.640 195 745 967 548 81 65 66 79
1770392158.650 198 748 971 549 86 60 63 73
1770392158.660 191 748 973 553 95 70 68 81
1770392158.670 198 761 981 540 78 66 75 80
1770392158.680 187 756 990 550 81 66 67 83
1770392158.690 198 759 978 544 82 68 61 77
1770392158.700 196 750 965 549 81 56 61 67
1770392158.710 205 753 977 557 81 56 60 74
1770392158.720 195 742 970 554 86 59 58 81
1770392158.730 191 758 976 546 81 66 69 79
1770392158.740 197 763 976 551 85 63 60 69
1770392158.749 192 746 971 547 85 61 58 77
1770392158.759 208 758 974 544 80 62 58 63
1770392158.770 198 758 974 547 78 64 57 78
1770392158.779 195 762 982 559 88 75 68 86
1770392158.790 198 761 978 548 85 62 58 79
1770392158.800 206 761 972 549 84 64 64 82
1770392158.810 192 756 976 539 69 63 63 83
1770392158.820 187 754 975 544 77 59 71 90
1770392158.830 203 771 989 563 81 61 62 79
1770392158.840 201 759 979 552 82 62 64 71
1770392158.850 197 751 975 550 79 59 56 67
1770392158.860 207 757 968 534 77 60 61 78
1770392158.870 195 762 980 547 81 65 74 88
1770392158.880 204 766 986 551 87 68 69 81
1770392158.890 197 759 977 556 88 70 70 74
1770392158.900 198 759 971 542 76 72 74 71
1770392158.910 186 749 975 543 77 66 69 76
1770392158.919 201 766 976 539 76 64 61 72
1770392158.929 197 765 976 543 76 64 63 76
1770392158.940 200 757 979 558 86 60 59 79
1770392158.950 201 756 972 551 82 55 53 65
1770392158.960 194 758 973 551 85 62 75 77
1770392158.970 189 756 976 551 85 63 66 84
1770392158.980 194 765 986 553 90 66 66 79
1770392158.990 214 762 973 546 96 75 68 66
1770392159.000 194 758 973 540 82 67 67 81
1770392159.010 200 758 974 549 84 64 68 83
1770392159.020 199 760 972 545 78 63 65 75
1770392159.030 195 766 983 542 80 69 78 80
1770392159.040 202 773 986 554 77 59 67 80
1770392159.050 202 758 976 549 82 63 75 80
1770392159.059 205 754 975 546 82 66 69 78
1770392159.070 208 757 971 541 83 62 60 77
1770392159.080 201 768 990 557 90 70 72 77
1770392159.090 201 765 976 549 72 61 70 77
1770392159.100 196 754 972 545 78 64 66 79
1770392159.110 195 752 977 557 86 59 58 65
1770392159.120 200 757 967 539 90 65 65 82
1770392159.130 213 778 979 545 82 58 65 69
1770392159.140 201 757 973 545 87 66 70 79
1770392159.150 194 752 968 546 85 65 69 83
1770392159.160 207 748 963 540 89 67 72 69
1770392159.170 199 763 987 538 81 64 75 80
1770392159.180 202 767 978 547 79 63 62 82
1770392159.190 199 767 974 547 82 62 66 80
1770392159.200 203 760 974 556 89 67 60 65
1770392159.210 201 747 967 541 99 59 63 81
1770392159.220 207 751 971 549 95 69 58 74
1770392159.230 206 762 978 553 87 67 61 79
1770392159.240 190 754 974 557 88 72 64 89
1770392159.249 193 745 966 545 86 70 54 72
1770392159.260 203 764 972 539 85 65 67 68
1770392159.270 193 757 976 552 94 69 66 76
1770392159.280 209 764 982 552 85 65 63 70
1770392159.290 204 757 980 556 95 65 59 71
1770392159.300 188 743 972 545 87 60 60 85
1770392159.309 197 750 974 560 83 61 59 78
1770392159.320 196 756 983 551 79 64 58 75
1770392159.330 189 754 982 564 92 65 60 75
1770392159.340 199 755 980 555 91 63 52 71
1770392159.350 203 752 966 548 93 70 54 70
1770392159.360 199 761 976 549 84 59 61 74
1770392159.370 188 754 973 546 75 55 65 83
1770392159.379 213 769 986 558 87 63 59 79
1770392159.390 195 759 983 557 86 66 63 74
1770392159.400 198 759 972 555 86 63 65 80
1770392159.410 200 763 975 549 81 62 62 75
1770392159.420 194 765 987 556 84 62 67 82
1770392159.430 206 763 986 551 87 59 62 76
1770392159.440 187 760 984 558 76 55 65 81
1770392159.450 194 758 976 551 83 64 62 77
1770392159.460 186 754 976 552 78 55 61 81
1770392159.470 199 762 986 557 82 61 59 78
1770392159.480 207 767 979 551 95 62 56 71
1770392159.490 198 760 968 542 80 69 60 78
1770392159.500 198 762 977 552 83 65 65 75
1770392159.510 196 753 980 551 87 62 64 79
1770392159.520 201 765 982 548 84 68 68 75
1770392159.530 186 768 994 548 74 57 75 92
1770392159.540 202 760 985 556 86 68 72 79
1770392159.550 188 753 970 537 81 69 73 80
1770392159.560 194 762 980 542 82 64 64 80
1770392159.570 200 757 978 552 79 53 50 77
1770392159.580 208 756 976 556 88 65 62 86
1770392159.590 206 768 980 546 82 64 60 66
1770392159.600 192 759 977 551 83 61 66 84
1770392159.610 195 757 982 550 89 71 63 72
1770392159.620 204 760 971 540 84 75 65 72
1770392159.629 217 771 978 547 94 69 70 79
1770392159.640 202 759 977 547 87 66 68 82
1770392159.650 197 760 973 542 79 66 67 79
1770392159.660 200 765 981 541 73 60 72 87
1770392159.670 191 753 971 547 85 64 63 72
1770392159.680 203 768 981 553 92 70 67 69
1770392159.690 204 758 976 540 82 64 67 73
1770392159.700 205 759 972 543 89 64 68 73
1770392159.710 204 760 975 541 85 61 58 72
1770392159.720 210 775 980 545 88 75 68 81
1770392159.730 206 769 980 550 82 65 62 73
1770392159.740 199 756 977 548 85 64 64 78
1770392159.750 200 766 981 545 83 65 58 73
1770392159.760 191 741 968 553 81 62 62 81
1770392159.770 197 761 978 556 85 60 60 70
1770392159.780 205 757 980 548 83 57 57 67
1770392159.790 210 765 977 553 92 71 68 86
1770392159.799 193 741 964 558 92 54 56 79
1770392159.810 205 757 974 551 89 65 56 74
1770392159.820 204 762 980 551 91 66 53 73
1770392159.830 200 759 981 553 89 66 65 74
1770392159.840 208 760 975 544 81 66 57 67
1770392159.850 189 756 961 535 75 67 68 86
1770392159.860 195 763 977 549 85 64 66 77
1770392159.870 196 759 975 552 81 60 59 74
1770392159.880 202 771 980 548 86 66 68 77
1770392159.890 180 752 976 551 75 49 55 78
1770392159.900 189 746 968 544 82 59 66 79
1770392159.910 203 761 975 549 88 61 60 75
1770392159.920 189 750 971 552 82 65 67 74
1770392159.930 202 756 976 564 85 60 56 71
1770392159.940 191 752 974 560 82 62 56 73
1770392159.950 193 751 973 557 86 67 64 81
1770392159.960 188 749 975 548 89 61 61 76
1770392159.970 198 763 984 551 85 72 69 80
1770392159.980 206 767 985 543 84 65 64 74
1770392159.990 187 758 978 546 74 59 62 85
1770392160.000 198 756 979 545 85 57 56 71
1770392160.010 194 759 976 542 82 60 63 78
1770392160.020 195 758 979 545 82 65 63 81
1770392160.030 190 758 987 544 77 56 56 78
1770392160.040 191 760 984 551 91 64 72 86
1770392160.050 196 754 971 553 85 68 64 76
1770392160.060 200 756 976 553 87 68 67 79
1770392160.070 203 759 968 547 94 71 60 62
1770392160.080 190 762 983 551 77 61 65 83
1770392160.090 194 759 977 549 80 66 66 79
1770392160.100 193 756 970 538 81 64 71 72
1770392160.110 198 759 976 535 83 68 74 78
1770392160.120 189 757 980 546 73 55 63 79
1770392160.130 204 772 991 553 82 58 61 87
1770392160.140 202 761 977 551 86 64 65 76
1770392160.150 203 755 977 551 82 70 67 81
1770392160.160 214 750 974 562 85 61 62 83
1770392160.170 195 755 972 532 71 61 69 85
1770392160.180 200 768 983 554 85 61 61 72
1770392160.190 203 759 976 543 85 62 67 75
1770392160.200 199 750 961 532 93 72 63 73
1770392160.210 207 764 967 528 77 66 61 61
1770392160.220 188 756 976 548 85 66 66 81
1770392160.230 199 765 985 547 90 68 60 68
1770392160.240 201 763 973 541 86 63 73 79
1770392160.250 198 764 978 541 85 65 72 79
1770392160.260 195 763 982 551 81 69 65 75
1770392160.271 201 757 980 548 84 65 63 79
1770392160.280 206 772 983 554 83 62 57 67
1770392160.290 202 761 975 546 85 69 63 91
1770392160.300 193 751 966 534 77 66 68 71
1770392160.310 198 755 974 545 79 60 60 68
1770392160.320 199 759 979 546 80 65 60 70
1770392160.330 207 765 982 550 89 62 63 60
1770392160.340 208 768 975 550 86 74 67 68
1770392160.350 198 759 973 543 87 71 65 70
1770392160.360 197 758 973 545 78 61 62 76
1770392160.370 203 752 978 558 95 70 60 71
1770392160.381 198 759 980 549 89 69 71 81
1770392160.391 201 754 973 546 87 61 59 66
1770392160.400 190 752 962 542 80 61 60 80
1770392160.411 192 754 975 557 89 66 63 76
1770392160.420 205 754 974 550 80 62 56 71
1770392160.430 211 764 976 552 98 71 49 52
1770392160.440 204 767 977 546 86 67 61 75
1770392160.450 203 758 970 547 84 65 61 86
1770392160.460 205 763 973 557 88 67 62 75
1770392160.470 197 760 979 549 82 76 73 76
1770392160.480 200 764 986 553 78 65 66 81
1770392160.490 200 760 975 556 86 71 69 79
1770392160.500 194 748 970 551 89 68 66 88
1770392160.510 204 759 977 544 79 65 63 79
1770392160.520 194 750 977 566 94 58 53 74
1770392160.530 206 767 983 552 90 62 59 77
1770392160.540 196 756 974 537 75 56 59 81
1770392160.550 202 758 974 553 91 60 58 70
1770392160.560 200 752 969 548 89 71 63 70
1770392160.570 197 760 974 550 85 65 61 79
1770392160.580 198 763 979 550 76 58 61 75
1770392160.590 191 755 974 547 92 69 69 81
1770392160.601 197 756 975 544 84 63 54 72
1770392160.610 190 754 978 546 84 64 59 72
1770392160.620 198 760 981 551 76 63 65 75
1770392160.630 197 768 987 550 74 62 62 80
1770392160.640 197 763 985 551 88 64 65 76
1770392160.650 184 750 971 553 85 59 59 80
1770392160.661 193 752 969 552 90 67 58 70
1770392160.670 205 760 978 551 80 62 66 78
1770392160.680 194 773 987 554 83 65 65 82
1770392160.690 198 768 981 553 78 65 67 76
1770392160.700 192 759 974 537 72 66 65 79
1770392160.710 207 769 983 548 83 68 74 76
1770392160.720 195 759 977 543 78 59 67 84
1770392160.730 195 766 983 554 90 64 63 74
1770392160.740 189 766 985 550 81 55 66 78
1770392160.751 186 749 973 556 92 54 57 76
1770392160.760 201 760 980 548 86 59 63 79
1770392160.770 200 757 978 547 80 68 66 83
1770392160.780 203 767 983 556 82 68 68 77
1770392160.791 206 770 979 546 86 67 59 61
1770392160.800 200 762 974 548 85 68 70 77
1770392160.810 197 753 970 540 74 64 65 74
1770392160.820 196 754 978 541 79 72 66 77
1770392160.830 212 779 991 539 75 68 73 85
1770392160.840 194 757 971 538 72 65 80 83
1770392160.850 208 760 975 534 78 62 67 75
1770392160.860 196 762 972 542 82 58 63 72
1770392160.870 210 766 981 550 80 70 78 91
1770392160.881 201 763 981 550 75 56 61 76
1770392160.891 200 761 983 541 81 68 67 75
1770392160.901 192 754 971 536 82 64 67 79
1770392160.911 194 758 968 541 79 67 75 82
1770392160.921 200 758 974 546 80 66 70 72
1770392160.930 205 774 976 533 72 73 72 78
1770392160.940 197 761 982 552 83 68 69 73
1770392160.950 199 760 974 547 86 58 61 67
1770392160.960 194 761 977 555 88 69 65 76
1770392160.970 188 750 976 543 77 58 70 79
1770392160.980 198 765 983 559 89 70 69 82
1770392160.990 203 765 978 549 82 76 67 74
1770392161.000 194 754 965 533 82 68 72 76
1770392161.010 203 761 972 550 91 58 58 77
1770392161.020 201 756 964 534 90 65 55 65
1770392161.030 198 765 981 550 89 71 61 77
1770392161.040 204 764 977 543 79 62 63 70
1770392161.051 195 754 971 541 86 63 66 77
1770392161.061 186 754 973 535 82 70 68 71
1770392161.070 192 755 973 544 86 66 66 77
1770392161.080 207 771 979 562 91 73 61 72
1770392161.090 198 758 978 554 84 65 70 82
1770392161.100 203 758 974 560 94 63 63 82
1770392161.110 200 744 965 551 91 60 50 79
1770392161.120 199 752 964 545 87 69 68 77
1770392161.130 205 764 976 554 83 67 59 67
1770392161.141 190 750 976 552 84 64 63 79
1770392161.151 204 758 967 546 82 65 55 63
1770392161.160 195 750 965 543 78 63 60 74
1770392161.170 197 763 974 551 90 62 60 76
1770392161.180 203 771 982 554 85 64 64 79
1770392161.190 202 765 978 548 87 61 62 78
1770392161.200 185 745 971 545 80 59 57 74
1770392161.211 191 752 972 547 86 62 62 83
1770392161.220 200 756 975 554 87 63 60 77
1770392161.230 187 760 990 557 86 66 64 84
1770392161.241 187 748 978 561 93 71 68 88
1770392161.251 201 742 962 534 79 65 53 70
1770392161.260 195 758 976 559 93 74 66 76
1770392161.270 192 756 974 553 79 59 63 83
1770392161.280 206 763 980 553 87 68 70 79
1770392161.290 199 766 980 542 76 66 63 75
1770392161.300 181 744 966 548 83 66 67 78
1770392161.310 201 753 975 547 84 63 62 82
1770392161.321 194 758 975 548 81 60 60 75
1770392161.330 194 761 990 573 87 56 70 87
1770392161.340 196 754 978 547 87 49 60 82
1770392161.350 195 751 964 545 87 64 64 74
1770392161.360 200 760 976 544 76 69 65 76
1770392161.370 195 755 974 551 81 68 63 80
1770392161.380 205 774 984 556 91 64 54 54
1770392161.390 191 763 983 549 85 62 65 74
1770392161.400 192 756 977 546 89 62 66 74
1770392161.410 195 758 978 543 77 60 64 76
1770392161.420 186 766 987 544 77 68 77 81
1770392161.430 188 770 992 554 78 62 65 85
1770392161.440 202 765 985 550 79 66 67 87
1770392161.450 203 758 977 552 79 69 66 78
1770392161.460 194 756 976 552 80 56 61 87
1770392161.470 196 764 983 555 84 60 65 74
1770392161.480 206 768 989 551 85 64 68 77
1770392161.490 203 759 980 548 88 59 59 81
1770392161.500 199 761 978 542 81 64 63 86
1770392161.510 197 757 971 543 88 70 69 83
1770392161.520 198 763 979 555 94 70 65 78
1770392161.530 203 765 982 551 81 64 66 78
1770392161.541 204 766 977 550 84 74 69 88
1770392161.551 190 757 974 538 77 66 68 84
1770392161.561 185 753 978 549 77 59 64 73
1770392161.571 199 756 973 540 79 66 63 82
1770392161.581 207 766 981 549 86 73 72 79
1770392161.590 211 771 981 549 82 62 68 80
1770392161.600 204 752 971 544 91 64 67 83
1770392161.610 203 760 974 541 86 69 67 83
1770392161.620 200 758 976 545 79 65 71 75
1770392161.630 212 772 986 553 91 76 71 74
1770392161.641 200 767 981 543 77 68 72 67
1770392161.650 187 758 977 545 77 65 70 77
1770392161.661 189 756 976 545 83 64 62 76
1770392161.671 198 762 974 546 87 69 71 79
1770392161.681 211 766 977 545 82 66 74 71
1770392161.691 190 749 982 558 80 53 65 84
1770392161.701 192 756 970 540 86 67 63 76
1770392161.711 209 754 972 542 78 60 61 70
1770392161.720 204 762 982 557 91 69 71 69
1770392161.730 202 754 970 537 89 74 73 73
1770392161.740 204 757 976 549 88 62 64 72
1770392161.750 191 751 968 546 79 56 55 71
1770392161.760 194 756 966 553 87 69 61 70
1770392161.770 205 762 973 543 86 64 63 62
1770392161.781 204 769 982 546 82 60 67 74
1770392161.790 204 770 983 547 88 67 62 74
1770392161.800 196 749 963 542 87 67 57 65
1770392161.810 205 756 974 547 91 68 67 75
1770392161.820 199 767 983 552 83 61 66 76
1770392161.832 198 758 984 557 79 54 60 77
1770392161.841 204 758 981 556 83 58 58 70
1770392161.851 192 740 963 542 94 66 67 75
1770392161.861 197 755 973 552 89 61 60 74
1770392161.871 210 765 972 547 96 75 58 56
1770392161.881 204 764 994 559 93 74 65 85
1770392161.891 201 757 973 545 83 61 58 72
1770392161.901 198 753 973 550 86 63 61 71
1770392161.911 200 761 979 548 79 67 67 68
1770392161.921 192 758 987 553 77 58 67 75
1770392161.931 207 761 987 559 87 69 60 74
1770392161.941 199 753 975 553 89 71 65 73
1770392161.951 195 755 968 546 86 65 67 84
1770392161.962 205 753 966 550 88 61 54 75
1770392161.972 199 755 980 551 83 62 67 75
1770392161.981 203 758 978 550 82 58 58 70
1770392161.991 196 756 978 552 80 66 58 80
1770392162.001 193 753 967 540 87 73 66 68
1770392162.012 196 757 972 541 84 73 72 86
1770392162.022 200 765 994 559 83 63 62 76
1770392162.032 201 756 984 557 85 63 65 75
1770392162.041 201 758 972 558 85 65 69 82
1770392162.051 186 748 969 539 75 59 63 77
1770392162.061 182 748 975 552 88 64 66 83
1770392162.071 198 761 985 549 83 61 62 74
1770392162.081 192 765 981 545 82 62 67 78
1770392162.091 192 760 975 551 80 64 65 80
1770392162.101 190 748 973 550 70 59 62 86
1770392162.111 195 760 979 551 84 60 62 75
1770392162.121 193 760 978 556 81 63 62 76
1770392162.132 194 757 979 552 83 59 66 76
1770392162.141 206 770 980 538 75 64 60 61
1770392162.151 190 758 974 547 82 64 68 82
1770392162.161 198 765 979 543 84 66 65 81
1770392162.171 195 760 978 548 84 64 62 88
1770392162.181 203 764 986 557 88 71 68 88
1770392162.191 187 748 971 558 81 57 61 81
1770392162.201 193 753 972 546 82 66 62 76
1770392162.211 195 759 978 549 77 62 59 72
1770392162.221 203 759 977 550 86 68 62 73
1770392162.231 217 769 970 533 83 67 61 65
1770392162.241 204 767 978 542 84 64 64 79
1770392162.251 192 755 975 542 82 66 68 78
1770392162.261 202 763 976 543 81 62 61 76
1770392162.271 199 770 989 548 80 69 81 80
1770392162.281 188 765 994 548 76 58 69 84
1770392162.291 197 753 978 549 81 65 63 85
1770392162.301 198 760 974 540 85 65 64 78
1770392162.311 197 755 970 546 85 67 71 88
1770392162.322 202 759 974 547 92 60 58 74
1770392162.332 204 766 983 553 82 66 64 71
1770392162.341 210 763 986 556 86 72 73 78
1770392162.351 193 748 974 546 86 65 62 79
1770392162.361 203 760 976 552 91 76 64 79
1770392162.371 204 768 976 551 82 64 65 78
1770392162.381 197 754 977 544 78 70 68 83
1770392162.391 198 763 973 554 87 66 71 71
1770392162.401 191 757 964 536 87 67 67 78
1770392162.411 194 762 987 556 86 65 62 74
1770392162.421 196 758 980 557 86 63 57 66
1770392162.431 193 758 979 551 87 72 63 79
1770392162.442 196 751 979 552 78 63 59 68
1770392162.452 206 752 969 552 85 62 62 74
1770392162.461 206 760 972 547 91 70 55 70
1770392162.471 202 764 977 555 91 72 74 78
1770392162.481 204 766 982 556 82 65 61 75
1770392162.491 200 753 974 554 87 68 67 77
1770392162.501 192 752 969 537 73 71 73 76
1770392162.511 188 752 970 537 78 59 61 65
1770392162.521 204 764 974 547 84 65 65 80
1770392162.531 196 763 980 548 81 61 54 73
1770392162.541 196 760 983 550 84 58 65 82
1770392162.551 193 745 972 550 83 59 52 81
1770392162.562 196 754 975 538 82 65 63 74
1770392162.572 200 759 983 550 89 66 65 73
1770392162.581 192 756 985 556 91 62 62 76
1770392162.591 203 758 971 547 97 72 60 66
1770392162.601 196 751 968 551 82 67 56 66
1770392162.611 197 756 979 556 89 66 65 81
1770392162.621 205 769 983 556 87 65 61 78
1770392162.631 187 756 982 544 82 61 66 80
1770392162.642 200 757 984 551 89 61 59 78
1770392162.652 198 754 969 547 81 63 65 78
1770392162.662 199 759 978 554 87 69 63 81
1770392162.672 201 764 984 558 86 62 55 72
1770392162.682 196 761 984 561 90 63 65 74
1770392162.692 211 769 978 550 87 65 68 68
1770392162.702 193 755 975 547 82 67 65 77
1770392162.712 194 760 978 547 89 62 63 77
1770392162.722 197 766 983 548 80 63 56 68
1770392162.732 204 765 994 553 77 53 62 68
1770392162.742 201 761 981 545 81 62 69 79
1770392162.752 192 756 975 540 81 61 64 77
1770392162.762 199 759 985 555 81 58 62 74
1770392162.772 197 756 983 566 98 66 52 75
1770392162.782 205 768 979 539 80 64 65 80
1770392162.791 194 760 976 542 85 67 63 78
1770392162.801 191 751 976 546 90 66 74 82
1770392162.811 193 758 980 549 79 62 69 83
1770392162.821 190 760 987 557 75 56 66 81
1770392162.831 198 758 978 551 79 60 64 79
1770392162.841 193 754 975 551 76 64 67 86
1770392162.851 194 751 978 549 84 64 65 76
1770392162.861 191 748 977 551 88 69 55 75
1770392162.871 205 771 983 548 83 62 61 75
1770392162.881 202 766 985 544 78 60 65 78
1770392162.891 195 763 983 554 91 73 71 82
1770392162.901 190 753 974 540 79 64 76 77
1770392162.911 199 758 972 532 73 72 73 81
1770392162.922 214 767 975 543 81 70 67 71
1770392162.932 191 759 978 543 79 71 68 85
1770392162.942 203 773 982 539 78 56 66 75
1770392162.952 192 753 972 539 70 59 64 86
1770392162.962 193 753 976 545 84 69 70 73
1770392162.972 209 761 978 547 86 66 71 78
1770392162.982 203 771 989 559 85 67 67 76
1770392162.991 202 761 980 550 80 63 66 78
1770392163.001 201 749 968 548 83 70 68 67
1770392163.011 213 767 985 555 89 72 69 71
1770392163.022 200 766 975 543 75 72 66 84
1770392163.032 204 764 973 548 82 64 64 78
1770392163.042 198 760 976 547 76 61 66 89
1770392163.052 185 742 970 553 89 62 67 78
1770392163.062 207 773 975 547 89 66 68 63
1770392163.071 205 769 985 552 89 68 70 77
1770392163.081 196 763 983 555 87 68 61 75
1770392163.091 204 756 971 544 85 66 65 71
1770392163.101 200 761 972 548 84 68 58 69
1770392163.111 204 758 967 541 82 73 69 81
1770392163.121 203 763 983 554 86 69 62 72
1770392163.131 199 771 985 550 80 63 69 80
1770392163.141 194 760 981 565 83 71 70 85
1770392163.151 202 749 967 545 83 65 55 67
1770392163.161 205 757 975 547 89 70 72 73
1770392163.171 203 760 985 555 94 69 65 74
1770392163.181 206 754 971 548 91 64 55 75
1770392163.192 203 759 975 553 90 67 53 69
1770392163.202 192 750 974 550 87 68 60 72
1770392163.212 199 756 976 545 86 67 66 75
1770392163.221 210 767 975 550 81 68 62 73
1770392163.231 192 758 976 558 92 69 65 82
1770392163.241 190 754 972 546 86 60 61 71
1770392163.252 193 750 967 538 80 65 63 76
1770392163.262 202 760 975 546 86 61 63 73
1770392163.271 189 752 982 563 82 55 61 83
1770392163.281 203 760 984 568 91 64 65 86
1770392163.292 197 760 979 556 90 66 63 82
1770392163.302 187 754 974 550 82 63 65 81
1770392163.312 203 762 976 551 85 62 60 76
1770392163.322 197 750 968 552 93 72 71 87
1770392163.332 200 760 981 550 80 63 64 87
1770392163.342 187 751 975 548 81 58 61 82
1770392163.352 189 754 975 549 82 67 74 88
1770392163.362 181 755 981 551 69 48 65 90
1770392163.372 199 759 983 555 81 64 66 80
1770392163.381 201 766 981 552 87 62 54 69
1770392163.391 199 760 976 553 82 60 65 77
1770392163.402 204 753 973 551 87 61 62 70
1770392163.411 207 756 973 535 88 69 68 79
1770392163.421 187 765 987 555 89 66 59 77
1770392163.431 197 765 981 551 85 62 65 74
1770392163.441 191 760 983 548 83 71 69 83
1770392163.451 187 756 977 549 71 54 66 88
1770392163.461 190 754 972 547 84 61 66 80
1770392163.471 198 765 985 548 85 67 71 80
1770392163.481 200 767 981 549 76 64 70 82
1770392163.491 206 758 982 550 84 63 57 75
1770392163.501 199 755 968 549 79 67 58 74
1770392163.511 193 763 978 558 87 66 67 86
1770392163.522 196 761 978 546 81 61 67 76
1770392163.532 194 767 982 553 89 69 75 90
1770392163.542 196 770 978 541 82 67 67 76
1770392163.552 191 756 971 545 78 65 67 82
1770392163.562 194 753 974 547 79 61 63 73
1770392163.572 202 762 981 547 81 65 69 79
1770392163.582 207 760 983 555 87 73 71 81
1770392163.592 192 753 976 537 79 60 63 80
1770392163.602 195 750 969 546 89 67 67 81
1770392163.612 211 767 976 548 84 65 61 69
1770392163.622 205 764 979 555 85 60 69 74
1770392163.632 212 771 980 537 88 71 67 72
1770392163.642 196 761 976 528 75 65 79 88
1770392163.652 202 755 972 547 85 69 67 75
1770392163.661 194 762 973 542 80 65 66 85
1770392163.672 197 762 985 551 79 69 70 87
1770392163.681 200 757 979 542 72 56 65 83
1770392163.691 197 758 980 554 86 62 68 80
1770392163.701 201 753 971 544 81 65 65 71
1770392163.711 203 754 975 545 86 64 64 67
1770392163.721 210 768 978 552 94 77 58 59
1770392163.731 206 769 980 545 79 66 66 76
1770392163.742 201 754 975 551 91 67 65 74
1770392163.752 192 750 967 542 82 66 64 71
1770392163.762 201 762 978 535 79 65 72 84
1770392163.772 207 761 990 544 70 49 57 72
1770392163.781 200 756 973 547 88 68 67 82
1770392163.791 202 762 977 549 91 68 59 69
1770392163.802 193 742 966 537 83 64 56 71
1770392163.812 202 751 976 553 92 65 59 65
1770392163.822 203 763 982 560 85 64 62 72
1770392163.832 205 759 980 557 85 66 65 78
1770392163.842 202 759 976 553 81 64 58 65
1770392163.852 191 746 968 550 87 66 64 77
1770392163.862 197 758 978 544 79 66 70 78
1770392163.872 196 755 979 541 89 65 68 83
1770392163.882 204 760 984 549 90 62 65 76
1770392163.892 207 759 976 547 81 61 61 74
1770392163.902 189 739 957 559 93 59 59 75
1770392163.912 205 754 969 554 86 64 64 80
1770392163.922 203 760 978 556 82 62 61 80
1770392163.932 204 768 981 560 84 65 56 71
1770392163.942 193 752 972 543 85 70 68 75
1770392163.952 185 761 974 536 72 66 61 73
1770392163.962 196 761 978 549 78 67 58 74
1770392163.972 201 761 982 555 80 70 66 91
1770392163.982 196 757 978 545 82 57 63 76
1770392163.991 196 748 975 554 79 57 65 91
1770392164.001 193 745 965 544 79 56 63 78
1770392164.011 192 750 971 544 80 59 63 91
1770392164.022 201 764 989 557 87 60 65 71
1770392164.031 205 769 979 547 92 71 66 68
1770392164.042 194 775 975 545 86 65 77 78
1770392164.052 200 758 975 541 76 57 59 71
1770392164.062 193 760 984 552 85 61 67 81
1770392164.072 196 761 978 553 87 61 60 73
1770392164.082 195 765 994 553 83 58 68 91
1770392164.092 191 766 984 547 84 64 70 81
1770392164.102 190 758 973 545 79 61 63 84
1770392164.112 198 762 982 555 84 61 66 80
1770392164.122 197 761 978 554 87 61 58 74
1770392164.132 203 763 975 552 85 68 59 76
1770392164.142 207 767 985 548 76 56 57 75
1770392164.152 191 746 977 551 83 64 71 86
1770392164.162 194 757 976 549 83 64 72 84
1770392164.172 210 761 974 545 75 65 65 90
1770392164.182 215 771 988 562 83 69 74 93
1770392164.192 200 757 981 553 81 67 72 86
1770392164.201 197 758 973 547 83 66 67 76
1770392164.211 198 761 976 548 81 68 60 70
1770392164.222 206 764 972 540 90 73 64 76
1770392164.232 219 777 986 553 80 64 65 76
1770392164.242 187 765 983 553 84 66 64 78
1770392164.252 193 754 971 547 82 68 68 76
1770392164.262 202 760 969 537 78 64 71 66
1770392164.272 200 766 987 555 86 79 75 87
1770392164.282 207 761 977 547 78 64 72 78
1770392164.292 197 758 978 547 83 65 70 78
1770392164.302 193 750 970 548 85 63 63 80
1770392164.312 198 745 966 553 87 66 67 79
1770392164.322 204 764 974 542 83 65 75 78
1770392164.332 200 758 976 548 82 65 67 71
1770392164.342 200 759 978 546 85 66 65 78
1770392164.352 207 756 966 539 80 69 60 54
1770392164.362 205 764 983 554 87 71 70 77
1770392164.372 201 757 982 548 80 67 67 79
1770392164.382 200 759 986 554 84 65 67 82
1770392164.392 201 765 988 558 89 70 60 82
1770392164.402 178 737 967 534 77 62 62 84
1770392164.411 206 761 977 542 82 68 69 79
1770392164.421 201 770 978 552 84 64 59 68
1770392164.431 197 764 979 552 82 67 62 79
1770392164.441 201 758 973 547 83 64 59 69
1770392164.451 200 760 975 546 89 73 64 73
1770392164.461 205 764 983 547 84 70 69 81
1770392164.471 204 767 987 549 86 65 62 80
1770392164.481 207 762 982 555 93 76 67 74
1770392164.492 188 763 984 546 81 69 76 83
1770392164.501 197 754 972 545 85 66 67 65
1770392164.511 201 765 970 543 78 61 63 70
1770392164.522 194 756 982 553 89 69 65 80
1770392164.532 211 761 980 557 85 63 56 71
1770392164.542 209 760 972 547 83 64 64 78
1770392164.552 200 750 963 542 84 67 64 71
1770392164.562 196 754 974 547 87 63 61 83
1770392164.572 200 760 985 558 91 64 63 70
1770392164.582 197 772 991 557 83 64 76 81
1770392164.592 194 757 978 551 89 68 70 76
1770392164.602 191 754 970 543 82 62 58 79
1770392164.612 188 750 979 552 88 69 64 85
1770392164.622 193 749 982 558 84 55 63 81
1770392164.632 205 756 981 552 88 61 62 84
1770392164.642 196 762 978 554 87 69 67 74
1770392164.652 191 748 971 542 80 59 58 69
1770392164.661 202 759 982 550 85 68 64 70
1770392164.672 203 765 982 542 78 71 66 74
1770392164.681 202 759 980 551 91 74 66 80
1770392164.691 202 764 976 548 76 60 65 81
1770392164.701 187 747 970 551 86 61 58 85
1770392164.712 201 760 976 549 87 63 69 85
1770392164.721 189 760 987 554 90 61 61 76
1770392164.731 200 769 987 552 85 66 65 77
1770392164.741 198 763 979 553 78 60 62 81
1770392164.751 193 755 976 550 85 66 63 77
1770392164.761 200 759 980 559 89 68 58 63
1770392164.771 191 765 982 559 84 62 64 74
1770392164.781 203 768 989 550 81 60 66 83
1770392164.792 197 768 988 555 82 67 66 87
1770392164.802 192 751 977 549 80 65 72 79
1770392164.812 184 750 981 548 78 56 71 91
1770392164.822 196 764 989 547 83 69 72 89
1770392164.832 202 764 986 556 79 65 62 84
1770392164.842 197 765 978 552 84 65 63 83
1770392164.852 204 760 968 553 96 55 54 64
1770392164.862 202 759 971 545 84 62 65 75
1770392164.872 203 766 985 546 78 59 63 79
1770392164.882 200 767 982 548 84 61 61 73
1770392164.892 201 775 985 555 80 65 69 75
1770392164.902 186 760 983 549 74 66 70 78
1770392164.912 197 767 982 550 87 67 67 80
1770392164.922 205 765 985 553 85 64 67 78
1770392164.932 198 763 981 546 83 73 75 87
1770392164.942 200 756 982 560 94 59 57 71
1770392164.952 200 753 962 537 78 66 65 77
1770392164.962 205 770 980 543 84 65 66 82
1770392164.972 207 773 982 542 76 59 67 78
1770392164.982 201 781 987 544 84 72 71 83
1770392164.992 198 754 975 541 77 65 67 78
1770392165.001 194 749 968 545 83 64 69 81
1770392165.011 202 759 977 545 89 69 67 78
1770392165.021 201 761 979 538 79 64 70 82
1770392165.032 192 762 986 555 86 66 65 85
1770392165.042 194 760 978 550 81 63 60 71
1770392165.052 191 756 965 543 86 66 67 72
1770392165.062 206 763 967 537 83 68 61 67
1770392165.072 207 765 981 555 89 62 65 79
1770392165.082 215 780 976 542 84 61 53 55
1770392165.092 200 757 973 547 81 65 61 80
1770392165.101 205 758 970 538 83 71 70 75
1770392165.112 197 759 972 531 74 67 67 78
1770392165.121 197 764 990 549 78 67 74 88
1770392165.132 204 767 981 547 79 64 61 79
1770392165.142 198 755 973 542 86 69 72 77
1770392165.152 201 760 969 538 83 63 64 70
1770392165.162 199 760 975 547 88 65 61 76
1770392165.172 216 768 976 545 79 74 59 66
1770392165.182 202 766 977 542 79 65 63 74
1770392165.192 203 763 984 553 96 74 67 72
1770392165.202 197 751 969 546 82 63 66 74
1770392165.212 204 763 976 551 82 69 66 67
1770392165.222 201 767 980 551 86 60 58 66
1770392165.232 198 761 973 547 90 70 64 75
1770392177.706 0 0 0 0 0 0 0 0
1770392177.716 0 0 0 0 0 0 0 0
1770392177.727 0 0 0 0 0 0 0 0
1770392177.737 0 0 0 0 0 0 0 0
1770392177.746 0 0 0 0 0 0 0 0
1770392177.756 0 0 0 0 0 0 0 0
1770392177.766 0 0 0 0 0 0 0 0
1770392177.776 0 0 0 0 0 0 0 0
1770392177.786 0 0 0 0 0 0 0 0
1770392177.796 0 0 0 0 0 0 0 0
1770392177.806 0 0 0 0 0 0 0 0
1770392177.816 0 0 0 0 0 0 0 0
1770392177.827 0 0 0 0 0 0 0 0
1770392177.836 0 0 0 0 0 0 0 0
1770392177.846 0 0 0 0 0 0 0 0
1770392177.856 0 0 0 0 0 0 0 0
1770392177.866 0 0 0 0 0 0 0 0
1770392177.876 0 0 0 0 0 0 0 0
1770392177.887 0 0 0 0 0 0 0 0
1770392177.896 0 0 0 0 0 0 0 0
1770392177.906 0 0 0 0 0 0 0 0
1770392177.916 0 0 0 0 0 0 0 0
1770392177.926 0 0 0 0 0 0 0 0
1770392177.936 0 0 0 0 0 0 0 0
1770392177.946 0 0 0 0 0 0 0 0
1770392177.956 0 0 0 0 0 0 0 0
1770392177.966 0 0 0 0 0 0 0 0
1770392177.977 0 0 0 0 0 0 0 0
1770392177.987 0 0 0 0 0 0 0 0
1770392177.996 0 0 0 0 0 0 0 0
1770392178.006 0 0 0 0 0 0 0 0
1770392178.016 0 0 0 0 0 0 0 0
1770392178.026 0 0 0 0 0 0 0 0
1770392178.036 0 0 0 0 0 0 0 0
1770392178.046 0 0 0 0 0 0 0 0
1770392178.056 0 0 0 0 0 0 0 0
1770392178.066 0 0 0 0 0 0 0 0
1770392178.076 0 0 0 0 0 0 0 0
1770392178.087 0 0 0 0 0 0 0 0
1770392178.097 0 0 0 0 0 0 0 0
1770392178.106 0 0 0 0 0 0 0 0
1770392178.116 0 0 0 0 0 0 0 0
1770392178.126 0 0 0 0 0 0 0 0
1770392178.136 0 0 0 0 0 0 0 0
1770392178.147 0 0 0 0 0 0 0 0
1770392178.156 0 0 0 0 0 0 0 0
1770392178.167 0 0 0 0 0 0 0 0
1770392178.176 0 0 0 0 0 0 0 0
1770392178.187 193 703 900 504 69 56 58 67
1770392178.197 200 765 969 535 83 65 61 74
1770392178.206 197 766 972 546 84 64 62 73
1770392178.216 201 769 977 551 88 62 65 71
1770392178.226 199 784 996 558 86 64 65 76
1770392178.236 195 773 981 547 82 67 62 77
1770392178.246 191 772 977 548 88 68 65 81
1770392178.256 184 767 971 544 83 56 52 75
1770392178.267 201 766 978 555 88 55 40 59
1770392178.277 205 777 985 561 89 63 65 77
1770392178.287 193 767 975 546 82 62 63 77
1770392178.296 191 768 977 551 82 55 59 72
1770392178.306 194 764 973 550 85 70 71 74
1770392178.316 194 770 982 554 81 63 62 65
1770392178.327 204 776 987 561 88 64 66 71
1770392178.337 197 768 989 555 83 66 66 88
1770392178.347 191 750 979 546 70 56 62 96
1770392178.357 194 758 970 552 94 60 59 89
1770392178.367 205 762 976 542 81 63 62 79
1770392178.377 192 765 989 552 82 66 68 83
1770392178.387 201 771 986 547 79 61 59 77
1770392178.397 208 769 974 543 86 69 55 64
1770392178.406 203 754 969 547 85 66 59 77
1770392178.417 201 760 974 547 83 61 61 79
1770392178.427 208 783 993 552 82 68 68 77
1770392178.437 200 766 980 547 77 65 77 85
1770392178.447 809 930 991 910 854 846 889 859
1770392178.457 988 993 989 992 975 1045 1064 984
1770392178.467 1002 998 993 992 913 1081 1185 1030
1770392178.477 1070 1014 1009 999 1008 1032 1053 992
1770392178.487 1034 995 993 997 1043 1045 982 943
1770392178.497 1026 997 992 998 1037 1088 946 1015
1770392178.507 1022 989 981 979 1056 1039 1007 867
1770392178.517 977 996 997 991 1081 1193 1114 1071
1770392178.527 1029 1006 997 986 989 1104 1117 1124
1770392178.537 990 1003 998 979 945 1085 1160 988
1770392178.547 985 992 989 996 972 1068 960 841
1770392178.557 993 983 982 975 935 1088 1160 1015
1770392178.567 1020 1000 995 987 1037 1022 1100 849
1770392178.577 1006 999 1001 1022 1029 983 1035 1124
1770392178.587 1025 993 993 1011 1045 1085 1125 1056
1770392178.597 985 991 988 993 954 1045 964 875
1770392178.607 982 990 992 999 1035 1124 1007 909
1770392178.617 1000 998 998 993 1048 1081 1082 833
1770392178.627 1022 1016 1005 989 929 1108 1092 977
1770392178.637 1025 998 1002 1008 1127 1009 907 879
1770392178.647 1002 985 990 1004 1000 1114 996 962
1770392178.657 1002 994 992 999 1064 1032 1050 935
1770392178.667 969 983 996 1014 943 937 996 1147
1770392178.677 1000 995 1012 1032 1181 1009 1107 1143
1770392178.687 1037 988 994 986 1054 990 989 879
1770392178.697 986 976 989 995 1067 1062 985 947
1770392178.707 1042 985 992 1012 1091 1072 917 864
1770392178.718 1026 992 986 995 1140 1190 935 875
1770392178.727 1011 998 1008 1021 1148 1108 1035 920
1770392178.737 958 988 997 1005 1067 1042 1060 932
1770392178.747 1057 978 995 996 1054 1078 1114 1022
1770392178.757 1014 987 994 982 918 1000 1214 1132
1770392178.767 969 983 1002 1018 1102 1134 1089 1139
1770392178.777 1014 995 1006 1024 1075 931 992 973
1770392178.787 961 985 994 1003 991 1019 1035 962
1770392178.797 1002 978 991 1000 1029 1081 1067 1169
1770392178.808 956 977 992 1002 935 970 928 1022
1770392178.817 1045 994 1004 1016 1045 1055 1032 939
1770392178.828 1005 996 1004 1017 972 1016 935 984
1770392178.837 992 988 998 1007 1029 1062 1007 1052
1770392178.847 1028 987 995 976 937 1095 1053 988
1770392178.857 964 984 998 996 945 1006 1028 1037
1770392178.867 1025 993 1004 986 929 960 996 947
1770392178.877 1014 993 1008 990 978 934 900 1026
1770392178.887 1010 987 1002 1008 1010 973 1021 1086
1770392194.684 0 0 0 0 0 0 0 0
1770392194.694 0 0 0 0 0 0 0 0
1770392194.704 0 0 0 0 0 0 0 0
1770392194.714 0 0 0 0 0 0 0 0
1770392194.724 0 0 0 0 0 0 0 0
1770392194.734 0 0 0 0 0 0 0 0
1770392194.743 0 0 0 0 0 0 0 0
1770392194.753 0 0 0 0 0 0 0 0
1770392194.763 0 0 0 0 0 0 0 0
1770392194.773 0 0 0 0 0 0 0 0
1770392194.784 0 0 0 0 0 0 0 0
1770392194.794 0 0 0 0 0 0 0 0
1770392194.804 0 0 0 0 0 0 0 0
1770392194.813 0 0 0 0 0 0 0 0
1770392194.823 0 0 0 0 0 0 0 0
1770392194.833 0 0 0 0 0 0 0 0
1770392194.843 0 0 0 0 0 0 0 0
1770392194.854 0 0 0 0 0 0 0 0
1770392194.864 0 0 0 0 0 0 0 0
1770392194.874 0 0 0 0 0 0 0 0
1770392194.883 0 0 0 0 0 0 0 0
1770392194.893 0 0 0 0 0 0 0 0
1770392194.903 0 0 0 0 0 0 0 0
1770392194.914 0 0 0 0 0 0 0 0
1770392194.924 0 0 0 0 0 0 0 0
1770392194.933 0 0 0 0 0 0 0 0
1770392194.943 0 0 0 0 0 0 0 0
1770392194.953 0 0 0 0 0 0 0 0
1770392194.963 0 0 0 0 0 0 0 0
1770392194.973 0 0 0 0 0 0 0 0
1770392194.984 0 0 0 0 0 0 0 0
1770392194.994 0 0 0 0 0 0 0 0
1770392195.004 0 0 0 0 0 0 0 0
1770392195.013 0 0 0 0 0 0 0 0
1770392195.023 0 0 0 0 0 0 0 0
1770392195.033 0 0 0 0 0 0 0 0
1770392195.044 0 0 0 0 0 0 0 0
1770392195.053 0 0 0 0 0 0 0 0
1770392195.063 0 0 0 0 0 0 0 0
1770392195.073 0 0 0 0 0 0 0 0
1770392195.083 0 0 0 0 0 0 0 0
1770392195.094 0 0 0 0 0 0 0 0
1770392195.104 0 0 0 0 0 0 0 0
1770392195.114 0 0 0 0 0 0 0 0
1770392195.123 0 0 0 0 0 0 0 0
1770392195.133 0 0 0 0 0 0 0 0
1770392195.143 0 0 0 0 0 0 0 0
1770392195.153 0 0 0 0 0 0 0 0
1770392195.164 0 0 0 0 0 0 0 0
1770392195.174 0 0 0 0 0 0 0 0
1770392195.184 900 915 929 934 891 680 848 1047
1770392195.194 925 971 978 971 1070 1029 875 875
1770392195.204 989 1003 1000 978 1021 1032 921 932
1770392195.214 1017 1010 1000 982 972 1032 957 954
1770392195.224 994 1012 1005 998 1054 1049 996 1030
1770392195.233 985 1006 995 991 991 1019 928 1045
1770392195.243 980 1003 995 985 921 924 960 977
1770392195.253 1049 999 992 998 1045 1045 992 992
1770392195.263 1025 1011 1005 1008 991 1013 882 1105
1770392195.274 1025 1002 1006 1005 1070 983 950 932
1770392195.284 968 995 997 999 1072 1000 978 981
1770392195.294 964 1004 993 983 945 1157 1160 984
1770392195.303 998 1002 1004 992 918 931 1025 981
1770392195.313 977 1002 1008 1001 1048 1088 1089 1143
1770392195.323 990 1002 1003 1006 1029 1045 1042 932
1770392195.333 929 985 1010 1002 889 842 996 1162
1770392195.344 1021 991 1002 1013 1002 990 1096 973
1770392195.354 1006 992 1000 1006 945 967 1057 1015
1770392195.364 1017 987 1006 1004 1062 1036 1039 1000
1770392195.375 1022 995 1009 1012 1064 898 860 818
1770392195.384 1048 994 991 982 1118 1016 907 852
1770392195.394 981 991 995 987 948 1059 1078 1109
1770392195.404 952 987 994 999 1024 1042 1053 954
1770392195.413 993 992 1005 997 1021 1016 992 1052
1770392195.423 1002 998 1000 994 918 1003 1210 1007
1770392195.434 992 1000 1008 1005 991 1022 1207 1188
1770392195.444 989 999 996 991 951 937 1182 1113
1770392195.454 980 1000 995 991 967 1013 1146 996
1770392195.464 1016 1004 1003 1012 1008 911 1092 962
1770392195.473 985 989 985 998 962 1022 1100 1064
1770392195.483 1011 1003 995 988 986 1042 1057 977
1770392195.493 981 990 996 978 959 980 1021 954
1770392195.503 1016 999 1000 993 962 1016 1135 1079
1770392195.514 1022 1005 1001 1010 1002 1072 1046 962
1770392195.524 1040 1019 1009 1004 1083 1206 1128 981
1770392195.534 1008 1012 998 987 964 1003 1078 969
1770392195.544 956 988 987 987 870 1029 1132 1143
1770392195.553 980 1001 996 1006 972 990 1075 871
1770392195.563 984 985 1001 1001 972 924 928 1071
1770392195.573 1043 1005 1004 1002 1037 1019 928 1015
1770392195.583 1056 999 992 988 989 980 1050 1026
1770392195.594 1018 993 995 1006 1029 1114 1185 1015
1770392195.604 1065 994 984 992 1078 1059 889 807
1770392195.614 1062 1001 996 973 918 1026 1071 1090
1770392195.624 1026 1004 1001 1000 1051 1121 1017 901
1770392195.634 997 992 992 977 991 1137 1139 1071
1770392195.644 966 983 992 1005 1016 996 992 981
1770392195.654 956 973 1002 1029 1081 947 917 973
1770392195.664 1041 994 998 996 1064 1118 1035 909
1770392195.673 1058 994 989 972 964 980 1057 1030
1770392195.683 994 986 999 992 1062 967 978 966
1770392195.693 978 984 989 996 1127 1029 885 758
1770392195.703 1010 997 993 991 1027 1170 1021 811
1770392195.714 1048 993 999 1010 1137 1157 985 894
1770392195.724 1021 991 996 980 954 1013 996 958
1770392195.734 1011 992 1006 1006 1054 1013 1060 962
1770392195.744 965 982 996 995 902 986 1117 1132
1770392195.754 1034 981 999 1003 1113 1009 975 1045
1770392195.764 1028 982 993 982 981 1068 835 943
1770392195.774 986 994 1007 999 986 1091 1025 1135
1770392195.784 1028 994 1003 1001 1045 1036 971 1056
1770392195.794 1002 970 985 989 1032 1039 992 1049
1770392195.804 1010 986 991 992 1013 1075 992 988
1770392195.814 1016 992 996 997 967 983 1021 935
1770392195.824 1003 998 1004 1012 1064 1055 1132 984
1770392195.833 1018 996 995 995 994 1052 1082 1075
1770392195.843 942 971 993 1008 1027 1059 1046 1086
1770392195.853 997 979 995 1002 956 1032 992 996
1770392195.864 980 988 1004 1015 1027 1009 935 1022
1770392195.874 988 983 1006 1022 1116 924 1014 1064
1770392195.884 988 987 995 1012 1000 914 882 966
1770392195.894 1001 986 995 1010 1113 990 892 886
1770392195.904 962 980 992 997 962 973 1000 1007
1770392195.913 988 990 1000 1003 997 1078 1003 1037
1770392195.923 1032 1001 1004 1008 1024 1052 1103 735
1770392195.934 954 986 1003 982 997 1078 1085 1147
1770392195.944 982 982 991 989 991 1022 1035 1079
1770392195.954 981 980 995 988 975 1042 1085 984
1770392195.964 978 985 1006 1014 994 999 1096 1109
1770392195.974 993 985 1002 1014 921 763 982 1067
1770392195.983 992 991 997 992 1013 1009 971 969
1770392195.993 1030 982 995 983 970 983 1003 1067
1770392196.003 1000 980 994 986 927 1042 1057 1132
1770392196.014 1054 998 1000 981 1021 1098 950 762
1770392196.024 994 995 1004 993 943 1029 967 1101
1770392196.034 1006 1006 1003 1002 1010 1081 1067 1026
1770392196.044 1044 995 999 971 975 1036 989 1049
1770392196.053 953 997 1006 1017 986 1055 1167 1166
1770392196.063 1001 988 998 1011 889 993 1071 1083
1770392196.073 1017 992 1003 998 1024 1000 1103 1135
1770392196.084 1009 996 1001 979 1018 1042 978 962
1770392196.094 966 988 990 973 900 937 1167 1094
1770392196.104 990 995 997 989 978 963 875 864
1770392196.114 1026 997 1002 1000 1043 1026 1032 973
1770392196.124 989 991 1003 994 1032 1032 935 973
1770392196.133 1037 1001 1002 985 986 1026 935 984
1770392196.143 1001 996 998 988 956 1154 1089 1109
1770392196.154 934 992 997 980 878 1019 1021 1037
1770392196.164 998 994 1002 993 951 1003 1028 932
1770392196.174 1044 1006 1007 1002 1010 1206 1107 1037
1770392196.183 1003 990 1004 994 978 1052 1167 958
1770392196.194 1011 979 985 1000 1043 888 1021 1150
1770392196.204 1010 976 991 1000 1078 1049 1078 969
1770392196.214 1009 983 998 1008 1056 1029 1132 1049
1770392196.223 1054 1004 1007 986 970 1029 1053 1030
1770392196.233 1060 1005 1008 990 1043 1160 1121 966
1770392196.243 904 996 1004 991 916 1059 1196 1052
1770392196.254 964 978 998 991 1002 1114 1007 1030
1770392196.264 1084 995 1001 1006 1100 1144 1167 1007
1770392196.274 976 991 995 996 954 1088 1092 1018
1770392196.284 942 986 993 1019 1108 970 982 1166
1770392196.294 992 980 993 1000 1035 1049 1039 977
1770392196.304 972 977 994 987 1032 1078 1100 1079
1770392196.314 1030 1003 1000 1002 918 1000 1010 954
1770392196.324 1081 997 996 990 1078 1108 1035 860
1770392196.334 1029 998 1001 1001 1043 1006 875 837
1770392196.343 957 970 987 980 1018 999 810 905
1770392196.353 1023 986 993 1000 1113 1131 989 954
1770392196.364 1016 985 996 985 1045 1022 975 1033
1770392196.374 992 991 998 981 959 1013 975 924
1770392196.384 986 988 1004 995 908 803 914 898
1770392196.394 950 974 995 1004 1064 993 1017 1083
1770392196.404 1010 991 997 1008 1018 1052 946 988
1770392196.414 990 993 1000 1011 972 950 996 992
1770392196.423 1077 995 995 989 983 1062 950 962
1770392196.433 985 999 1002 1001 981 960 950 1011
1770392196.444 986 985 993 1007 1097 954 928 928
1770392196.454 1025 978 996 1001 983 950 946 875
1770392196.464 978 992 998 990 856 1032 1210 1079
1770392196.474 1002 1007 1015 1003 908 918 1082 992
1770392196.484 1003 988 1006 1002 1005 1006 989 1011
1770392196.494 1014 985 995 1009 1000 940 1046 958
1770392196.504 986 979 1000 994 1010 1019 942 1064
1770392196.513 1109 1002 997 995 1129 1127 1132 1041
1770392196.524 1073 1007 1000 991 948 891 992 1060
1770392196.534 998 986 998 1012 1045 947 960 1030
1770392196.544 1000 986 993 995 951 973 946 984
1770392196.554 1020 992 996 985 967 1114 1100 928
1770392196.564 998 1009 1013 1015 932 963 1042 1018
1770392196.575 1003 994 1009 1006 1024 1029 989 1135
1770392196.584 1000 988 1000 1001 1008 1072 1035 1105
1770392196.594 948 985 994 1004 1051 1045 1125 1015
1770392196.604 984 978 996 997 1008 931 1010 1007
1770392196.614 998 987 997 983 918 947 1035 1045
1770392196.624 1020 992 999 1003 994 944 910 1067
1770392196.634 1002 997 1003 1002 945 983 1035 924
1770392196.644 1001 987 989 969 935 1108 1085 988
1770392196.654 1018 998 999 1002 983 1091 1096 1056
1770392196.664 1022 995 998 1006 929 973 1003 1045
1770392196.674 996 1002 1007 1009 940 1095 1100 1203
1770392196.684 1014 994 1001 990 954 1091 1053 1030
1770392196.693 985 990 992 996 994 1101 1110 1113
1770392196.704 1000 996 998 1006 959 1000 1075 939
1770392196.714 1011 995 998 995 1018 1016 1075 1113
1770392196.724 1038 1004 1005 989 959 947 1078 1060
1770392196.734 1021 1000 999 996 1035 1052 989 1000
1770392196.744 1065 995 990 979 1064 1137 1096 996
1770392196.754 1037 995 1000 995 997 950 1039 977
1770392196.764 1032 999 1000 985 1013 1088 1121 1079
1770392196.774 1048 995 996 995 959 1003 1082 1000
1770392196.784 973 996 1002 1009 1013 1091 1157 1037
1770392196.793 1010 989 998 995 997 1059 1021 962
1770392196.804 1001 993 994 993 1002 1163 1175 1064
1770392196.814 1034 997 1000 1007 1013 1114 1000 852
1770392196.824 1025 988 994 1002 1124 1016 992 1022
1770392196.834 1040 992 988 1000 1108 1150 1075 1056
1770392196.844 981 1000 986 988 948 1065 1028 1022
1770392196.854 996 991 995 1000 943 1029 967 1064
1770392196.863 1017 997 1002 998 997 986 975 890
1770392196.874 1005 1011 1007 987 824 914 1064 1011
1770392196.884 1052 999 1000 1000 1081 1193 1078 943
1770392196.894 1013 986 994 995 994 1036 1050 1045
1770392196.904 1038 990 1001 1007 1043 957 1025 1033
1770392196.914 984 988 1001 1011 1064 937 953 939
1770392196.924 961 985 999 1000 1045 1118 1067 1000
1770392196.934 1038 998 998 985 997 1101 1060 939
1770392196.943 968 985 992 1000 1040 1167 1060 1083
1770392196.953 1001 994 997 1005 1032 1032 1003 943
1770392196.964 1009 987 991 987 991 1081 985 954
1770392196.974 1065 1014 1004 1005 1143 1131 1057 818
1770392196.984 993 997 1001 988 981 1062 1167 1090
1770392196.994 1017 990 999 990 986 1019 1171 1037
1770392197.004 1025 990 1007 985 935 1039 1003 1098
1770392197.014 938 979 1002 1016 1102 960 1057 1207
1770392197.024 1013 1000 1006 1006 1078 1068 1085 1026
1770392197.034 994 983 1002 999 1051 1065 1071 1026
1770392197.044 994 986 1000 996 1043 1095 1028 909
1770392197.054 1037 977 982 981 1116 1124 1035 924
1770392197.064 1005 999 1004 1017 1102 1068 1064 981
1770392197.074 998 992 1001 997 929 918 1167 988
1770392197.084 974 989 1002 1003 970 970 1078 1132
1770392197.094 1006 985 995 983 813 898 1046 981
1770392197.104 969 983 1004 1007 1059 1167 1210 1241
1770392197.113 1011 999 1000 1003 1043 1036 1071 1056
1770392197.124 997 1002 1003 995 975 963 1021 1041
1770392197.134 965 993 1003 1008 1000 996 1021 1298
1770392197.144 974 967 985 1011 1118 1036 985 1083
1770392197.154 1028 992 994 989 1059 980 953 1026
1770392197.164 1042 994 1001 995 962 970 939 1026
1770392197.174 974 982 1002 989 956 967 1075 1086
1770392197.184 1063 1004 1003 1008 989 1022 1085 766
1770392197.194 974 993 995 979 905 1068 1139 954
1770392197.203 1009 997 1000 997 1018 990 1060 916
1770392197.214 1081 994 1003 982 975 1006 1085 1015
1770392197.224 1011 995 1007 1007 1005 1009 1192 1022
1770392197.234 989 989 1006 1001 918 911 1092 1083
1770392197.244 1011 991 996 985 989 1059 1089 913
1770392197.254 1041 996 1003 1004 997 1121 1025 992
1770392197.264 1014 996 1000 983 983 1127 1089 1079
1770392197.274 1060 1008 1003 999 940 1042 1089 988
1770392197.284 1032 1001 993 983 1002 1222 1042 954
1770392197.294 972 980 995 987 929 1049 982 928
1770392197.304 1060 1000 1001 990 905 990 978 988
1770392197.314 1003 992 1006 1004 1008 1101 1210 1079
1770392197.324 950 989 1007 1001 1013 1055 1110 1184
1770392197.334 960 977 998 1010 1029 1016 1071 1018
1770392197.345 1013 990 993 990 1021 1170 1185 1090
1770392197.354 958 988 998 987 937 1016 1128 1007
1770392197.364 1063 1006 1006 995 1032 1003 1053 920
1770392197.374 1088 1009 1000 964 891 1013 1010 988
1770392197.384 981 988 997 980 1035 1121 1178 1022
1770392197.394 1021 988 997 984 989 993 978 969
1770392197.404 996 990 1003 999 1005 1167 1142 1052
1770392197.414 996 998 1006 1003 845 839 1171 1124
1770392197.425 1023 1001 1010 1006 1000 1032 1017 1067
1770392197.434 1029 992 1006 994 1056 1160 1100 1000
1770392197.444 1030 984 990 991 1040 1013 1050 928
1770392197.454 1026 992 999 1006 1089 1019 925 1003
1770392197.464 1050 1000 999 991 1054 1081 1042 886
1770392197.474 1003 988 990 985 1110 1134 1114 988
1770392197.622 1034 1000 990 986 956 1085 971 954
1770392197.622 989 983 986 994 989 1091 1032 943
1770392197.623 1008 993 998 974 1002 1124 1221 996
1770392197.623 1006 984 995 988 975 1095 1000 954
1770392197.623 1008 1001 1001 1014 1105 1196 1010 954
1770392197.623 1006 990 999 991 1002 1062 1139 1007
1770392197.624 990 984 994 986 1024 1022 1003 1049
1770392197.624 1011 985 999 1008 1070 914 882 890
1770392197.624 1036 995 1000 1010 1048 1042 1057 1079
1770392197.625 1049 996 999 1003 1008 1039 907 981
1770392197.625 1012 993 997 1001 972 983 964 1064
1770392197.625 1002 989 986 980 986 1101 967 845
1770392197.626 925 975 998 984 983 996 967 860
1770392197.626 990 990 1004 998 1045 1114 1071 1030
1770392197.626 1023 991 1006 1001 1045 1062 942 932
1770392197.634 1032 1001 1003 1013 972 940 964 1060
1770392197.644 980 982 991 1009 1010 868 917 920
1770392197.654 986 978 997 1017 1043 960 971 1003
1770392197.665 1029 986 1004 1014 1037 1022 960 947
1770392197.674 1020 990 1002 1000 940 993 978 950
1770392197.684 1029 1001 1005 996 943 1121 1146 1060
1770392197.694 962 980 993 986 870 934 992 1011
1770392197.704 1017 988 1001 999 989 1032 889 969
1770392197.714 1042 987 1001 1006 1027 1003 925 1030
1770392197.724 1005 1003 1000 1008 959 1075 1189 1173
1770392197.735 990 988 1003 1020 983 855 878 1037
1770392197.744 969 978 995 995 970 1045 1160 1026
1770392197.754 998 985 995 1007 1035 1016 964 943
1770392197.764 1008 994 1005 1003 1000 996 953 969
1770392197.774 1020 999 1003 993 1062 1062 1078 913
1770392197.784 993 992 997 989 986 993 1014 1056
1770392197.794 962 983 993 993 978 1003 1096 1056
1770392197.804 1013 990 1003 1004 997 983 1139 1090
1770392197.814 958 988 999 989 889 1032 1185 1143
1770392197.824 997 1001 1009 1015 918 1009 910 1011
1770392197.834 1002 986 1001 1008 959 1009 946 913
1770392197.844 997 986 1004 1006 989 1009 960 1086
1770392197.854 989 991 997 973 875 960 925 943
1770392197.864 1003 1002 1005 996 1005 1088 1039 981
1770392197.875 1034 998 997 984 1010 1078 1107 1067
1770392197.884 976 983 995 1001 978 980 1110 1049
1770392197.894 992 984 992 984 991 1019 1164 920
1770392197.904 973 988 995 982 948 1111 1146 969
1770392197.914 981 1011 1012 1001 991 970 1092 950
1770392197.924 1010 1004 1007 995 1010 980 971 935
1770392197.934 1002 993 995 986 1078 1072 1010 924
1770392197.945 1014 988 996 982 913 980 985 950
1770392197.954 1003 983 997 993 1048 1026 939 1079
1770392197.964 1053 994 996 996 1037 1114 1025 1003
1770392197.974 997 997 1001 991 891 1029 1064 924
1770392197.984 1022 990 1000 1006 1045 1039 1121 883
1770392197.994 990 982 988 983 975 1026 1075 807
1770392198.004 995 1001 996 987 887 1125 1205 1075
1770392198.015 1036 1001 1003 997 951 1006 1107 1116
1770392198.025 985 997 1002 1008 1056 1042 978 1052
1770392198.034 1057 1000 1000 1000 962 977 1032 969
1770392198.044 996 985 998 1000 1008 924 1078 1150
1770392198.054 1042 986 998 988 978 1003 971 958
1770392198.064 1018 993 1004 1007 1040 1134 1100 1018
1770392198.075 1038 989 1002 1008 1048 1114 1167 1064
1770392198.085 1021 989 995 979 913 1098 1035 1041
1770392198.095 990 983 990 983 1040 1154 1021 962
1770392198.104 997 998 997 982 970 986 1025 852
1770392198.114 1037 990 995 985 1056 1124 1003 1075
1770392198.125 1016 995 1004 991 1010 999 1075 928
1770392198.135 1017 990 1000 990 989 1065 1042 1105
1770392198.145 1020 990 992 991 975 1081 1164 924
1770392198.155 1053 995 1000 1001 1021 1019 1032 996
1770392198.165 1061 1001 1005 1003 1067 1072 1071 988
1770392198.175 1026 1000 1002 1004 1070 1022 964 1015
1770392198.185 1073 989 992 990 1113 1232 1150 939
1770392198.195 998 979 994 998 1032 1045 1064 950
1770392198.205 1008 983 992 993 1067 1049 1017 950
1770392198.215 1005 1001 1003 997 1027 1055 942 954
1770392198.225 1016 992 999 985 948 1124 1150 950
1770392198.235 992 984 1006 1018 1045 1081 1146 932
1770392198.245 997 978 986 992 975 960 942 947
1770392198.255 1028 996 999 1002 1013 1065 1042 1003
1770392198.265 1023 997 1009 1009 1062 1081 1050 981
1770392198.275 1014 985 991 1008 1218 1203 1157 1037
1770392198.285 1013 1002 1002 992 1072 1022 1064 1101
1770392198.295 926 967 991 993 1045 970 1053 1003
1770392198.305 988 979 1003 995 967 977 1039 984
1770392198.315 1081 1005 1001 994 908 1009 992 792
1770392198.325 988 998 1001 1000 1005 1065 1125 1033
1770392198.335 996 991 1001 1008 1032 957 957 962
1770392198.344 984 981 988 982 978 924 1010 950
1770392198.355 1028 981 1001 1017 1043 940 935 943
1770392198.365 1013 983 1006 1034 1070 888 864 935
1770392198.375 1025 991 1002 1012 1008 1085 907 943
1770392198.385 992 992 1001 999 1002 931 985 977
1770392198.395 958 980 994 990 951 1036 975 1116
1770392198.405 957 977 996 1000 1102 1078 992 841
1770392198.415 997 999 1009 1020 1105 1114 1203 1018
1770392198.425 1010 1000 1004 998 1010 1072 917 1007
1770392198.435 974 985 991 988 1024 990 1000 992
1770392198.445 985 980 992 992 1027 983 1071 901
1770392198.455 989 992 999 1001 1005 980 1042 1030
1770392198.465 1048 1003 1008 1003 1048 1059 1082 901
1770392198.475 1030 999 1001 996 910 963 1003 890
1770392198.484 993 995 1006 1005 1051 1016 1082 1135
1770392198.495 1034 993 993 982 1086 1111 957 845
1770392198.505 1062 1009 1001 986 1029 1055 1178 1000
1770392198.515 1032 1001 1007 1003 1016 1019 1057 1090
1770392198.525 1000 990 1002 995 945 1006 1003 1079
1770392198.535 993 1000 1007 1007 1037 1059 1103 1120
1770392198.545 936 980 996 996 924 888 1160 1267
1770392198.555 958 983 996 998 972 1026 1135 1150
1770392198.565 1023 995 1005 1021 994 957 1035 932
1770392198.575 985 996 1002 1009 978 1118 1125 1052
1770392198.585 1045 988 993 995 1116 1150 939 849
1770392198.595 1009 982 986 971 967 1108 1121 966
1770392198.605 1000 993 1005 1005 1024 1150 1167 1079
1770392198.615 998 1003 1007 991 908 1016 1092 1143
1770392198.625 1005 1000 1002 1002 991 1045 1232 1060
1770392198.636 993 1004 1008 973 835 868 1125 1116
1770392198.645 982 974 994 981 975 983 1153 1128
1770392198.655 1000 997 998 980 948 960 1042 1003
1770392198.665 1014 1000 1005 1004 962 1003 1060 1022
1770392198.675 1026 994 1001 1010 1010 1144 935 1052
1770392198.685 1005 993 998 991 935 996 1067 969
1770392198.695 1009 990 995 984 978 1095 1214 1022
1770392198.705 1008 988 997 982 962 1059 1050 1052
1770392198.715 1050 1000 1003 998 1072 1098 1085 1052
1770392198.725 1025 1002 1006 981 1070 1170 1010 833
1770392198.735 1002 995 999 980 927 1134 1092 973
1770392198.745 1021 990 994 979 962 1062 1032 932
1770392198.755 1020 998 999 991 1043 1019 1150 958
1770392198.765 988 997 1010 1010 991 1032 1128 1003
1770392198.775 1028 982 987 1004 1072 973 1085 981
1770392198.785 1076 1005 1003 984 978 1009 957 947
1770392198.795 1008 987 988 991 1064 1006 1060 950
1770392198.805 974 987 1000 988 986 996 950 1052
1770392198.815 1053 1019 1009 979 1137 1285 1053 879
1770392198.825 984 997 1000 975 1005 1078 1060 969
1770392198.835 996 999 1000 1000 1008 1072 1071 901
1770392198.845 982 984 996 980 886 967 1089 1090
1770392198.855 977 979 1000 995 994 1098 1167 1116
1770392198.865 980 994 1004 1005 932 950 1025 1056
1770392198.876 973 996 999 989 1072 1134 1007 901
1770392198.886 1037 997 1002 989 1045 1091 953 871
1770392198.896 994 983 997 989 951 960 978 1018
1770392198.905 1080 999 989 995 1051 1108 1025 739
1770392198.915 1021 994 996 997 1029 1121 1017 962
1770392198.925 1017 992 999 989 983 1075 1046 1007
1770392198.935 1014 994 999 991 981 1039 1014 1011
1770392198.945 932 973 992 995 1002 1101 1042 1218
1770392198.955 993 987 995 992 864 931 1010 1049
1770392198.965 996 994 1003 1007 1037 990 1082 1026
1770392198.975 1017 995 1004 1001 1072 1075 1010 1045
1770392198.986 986 991 998 1000 1054 855 939 988
1770392198.995 993 978 993 993 1067 940 853 879
1770392199.005 994 982 996 1011 1056 980 1007 901
1770392199.015 989 1000 1009 1016 1037 1081 1053 1015
1770392199.025 985 996 1002 1010 989 980 1003 932
1770392199.035 976 984 1001 1003 1108 1059 1092 1003
1770392199.045 920 976 990 972 905 970 975 875
1770392199.055 962 978 993 996 1062 970 1003 984
1770392199.065 1038 1001 1003 997 1008 1036 1071 932
1770392199.075 1016 992 1000 998 1008 954 989 1015
1770392199.085 1020 981 1004 1022 1078 895 946 1011
1770392199.095 992 990 997 1000 1002 865 842 898
1770392199.105 966 988 996 1002 1000 1003 1046 1060
1770392199.115 1016 1010 1013 1012 978 970 985 1030
1770392199.125 1005 1002 1002 1001 970 1124 1039 950
1770392199.135 965 1002 1008 984 900 924 1092 894
1770392199.146 933 966 985 981 910 908 946 845
1770392199.155 984 993 1001 1003 994 1003 1067 1101
1770392199.165 1003 997 1006 997 935 859 1014 1033
1770392199.175 1001 989 1002 1009 1064 918 939 1098
1770392199.185 1030 994 1005 999 948 924 871 939
1770392199.195 974 982 991 994 972 1081 1114 939
1770392199.205 1002 994 1002 998 929 954 1060 988
1770392199.216 1032 998 1010 1004 1056 1032 1017 958
1770392199.225 977 996 1003 996 1013 1121 1028 852
1770392199.235 1002 1002 1003 994 1024 1049 1107 992
1770392199.245 958 984 1001 1010 1024 1068 1114 1173
1770392199.255 1029 994 1002 988 954 944 996 1086
1770392199.265 1000 997 1008 1000 962 1026 1121 1135
1770392199.275 984 990 1009 1004 1086 1045 1096 1011
1770392199.285 1014 995 997 969 935 1000 1150 1124
1770392199.295 996 993 995 989 954 1026 1000 1015
1770392199.305 1028 991 1003 994 948 960 1039 962
1770392199.315 1050 1007 1003 1004 1102 1131 1089 1143
1770392199.325 1008 1000 997 1006 918 996 903 1000
1770392199.335 1001 994 1001 991 1018 1121 1096 1003
1770392199.345 1008 976 990 994 991 1016 1046 1033
1770392199.355 976 990 1004 977 900 980 1103 1083
1770392199.365 969 992 1009 1008 1040 924 1057 1003
1770392199.375 1009 988 1001 987 897 1068 1175 1033
1770392199.386 986 993 1002 1004 1018 1104 1053 1056
1770392199.395 1016 985 995 998 962 957 914 947
1770392199.406 1044 992 991 993 1013 1101 942 898
1770392199.416 1069 1012 999 1000 981 1022 1189 1011
1770392199.426 1016 1000 1005 1001 1051 1098 1075 996
1770392199.435 998 994 996 999 1075 1052 1078 1018
1770392199.445 950 982 998 982 840 1032 1142 1015
1770392199.455 1006 989 1002 1001 1054 1121 1232 1045
1770392199.465 1045 997 998 995 1024 1081 1150 977
1770392199.475 1020 993 997 988 975 1088 1150 1060
1770392199.485 1040 998 1004 992 1035 963 971 958
1770392199.495 973 972 982 988 1059 1095 942 969
1770392199.505 1014 995 998 989 1016 1075 975 935
1770392199.515 1037 997 1000 989 959 996 1025 1052
1770392199.526 1065 1005 1004 995 1067 1127 1157 996
1770392199.536 1022 990 998 984 978 1075 1260 883
1770392199.545 977 984 989 1000 1094 1078 1028 973
1770392199.556 989 988 991 985 1016 1065 1014 1045
1770392199.566 1028 999 1003 992 954 1160 1146 1094
1770392199.576 1065 1004 1001 980 945 983 1007 992
1770392199.586 1006 989 995 996 972 1157 1085 1030
1770392199.595 1003 986 994 998 1048 1095 1003 984
1770392199.605 1010 980 996 984 1016 1052 957 1060
1770392199.615 1062 998 1007 1002 1037 1072 1132 909
1770392199.625 1036 994 993 1011 1043 1075 1128 924
1770392199.636 1050 996 998 992 1062 1111 1167 954
1770392199.646 1018 980 993 1012 1045 1042 882 875
1770392199.655 998 976 990 996 1064 1072 1046 1003
1770392199.665 1040 996 1002 1005 1024 1055 1139 947
1770392199.675 985 979 1007 1038 1040 1026 967 1109
1770392199.685 988 989 999 1003 1062 1144 1107 1090
1770392199.695 1026 985 985 986 924 1072 1003 833
1770392199.706 976 991 998 990 1078 1098 1092 1071
1770392199.716 1049 999 999 995 1037 1029 950 833
1770392199.726 997 1000 1000 987 972 1072 1010 988
1770392199.736 1032 990 1006 1019 1072 1029 950 875
1770392199.745 980 969 985 991 1045 1088 1075 1000
1770392199.755 996 991 997 999 1062 1032 1078 1045
1770392199.765 952 1004 1017 1006 959 921 1075 1169
1770392199.775 973 988 1004 1017 1091 1114 1025 1049
1770392199.785 1003 989 996 980 970 980 903 939
1770392199.795 980 984 992 989 983 1095 1000 1018
1770392199.806 976 983 993 1003 1051 1006 903 954
1770392199.816 1025 996 992 999 1018 1006 982 1018
1770392199.826 1018 991 998 1033 1118 1029 967 954
1770392199.836 997 982 996 993 1043 1065 1067 1090
1770392199.846 994 990 996 994 1018 1121 1017 992
1770392199.856 1018 1000 1011 996 956 980 953 973
1770392199.866 939 983 1004 1018 1159 1157 1092 1135
1770392199.876 992 984 997 1004 1035 908 989 943
1770392199.886 1006 991 1000 1002 1056 1029 1114 1105
1770392199.896 984 984 996 1006 964 977 1035 1086
1770392199.905 984 976 986 996 908 950 921 1105
1770392199.915 1011 1010 1011 1017 986 1036 942 867
1770392199.925 1041 1002 1003 996 1032 1059 989 1015
1770392199.935 996 989 991 998 991 1003 967 988
1770392199.945 1008 1003 1000 971 981 1081 957 735
1770392199.955 906 982 998 999 1021 1029 1025 1060
1770392199.965 997 1001 1007 1006 970 980 1007 1109
1770392199.976 949 996 997 1007 978 1065 946 988
1770392199.985 988 989 1006 1009 1024 980 1053 1116
1770392199.995 961 968 987 993 905 845 1017 1233
1770392200.006 1054 985 1000 1003 1051 1075 1071 1003
1770392200.016 1032 997 1006 997 1027 1095 1103 1003
1770392200.025 994 987 1001 988 916 1032 1157 1113
1770392200.036 1045 1014 1000 981 897 1147 1135 939
1770392200.046 958 983 993 998 991 1095 1067 1154
1770392200.056 1002 985 993 998 1037 1072 1107 969
1770392200.066 972 994 997 978 918 1013 1035 996
1770392200.076 985 1001 1005 1003 940 1029 1185 1177
1770392200.086 988 980 999 988 948 901 1064 1116
1770392200.096 1000 985 992 976 959 1013 1100 1033
1770392200.105 956 991 997 990 1021 1049 1071 992
1770392200.115 1005 1001 1001 992 927 1042 1110 1018
1770392200.125 1060 996 998 988 1037 921 867 845
1770392200.135 994 989 994 988 970 1088 1117 1049
1770392200.145 993 983 990 986 1045 1006 1025 928
1770392200.155 1057 992 997 983 937 944 971 981
1770392200.165 1058 1004 1010 994 881 1059 1110 1026
1770392200.175 961 1002 1005 979 810 990 1085 1045
1770392200.185 1009 991 998 995 978 986 1078 1015
1770392200.196 1023 978 994 990 1113 1121 1114 966
1770392200.206 973 988 986 986 940 1150 1082 1011
1770392200.215 993 988 998 998 951 924 867 1049
1770392200.225 1042 997 998 1000 986 1078 935 1052
1770392200.236 957 996 1002 1002 983 1098 985 969
1770392200.245 994 979 988 982 975 1003 1060 920
1770392200.255 1034 1002 1001 993 1002 1259 1196 867
1770392200.265 1009 1007 1012 994 902 1085 1082 833
1770392200.275 990 990 1002 999 1037 1068 975 1033
1770392200.286 1030 985 998 1008 1116 1209 1010 875
1770392200.295 992 973 979 992 981 1147 1117 1003
1770392200.306 997 986 1004 1022 1072 904 1007 1071
1770392200.316 1069 999 999 1000 1037 1009 996 969
1770392200.326 969 980 994 1000 1081 1150 1132 1105
1770392200.336 1016 984 994 996 997 1042 1014 807
1770392200.346 1013 979 987 991 1089 1042 1028 792
1770392200.356 1085 1005 998 986 1089 1121 925 690
1770392200.366 1032 1003 1010 1002 991 1022 1078 1041
1770392200.375 1034 998 1002 1000 1016 1088 1017 920
1770392200.385 1003 982 995 991 1010 1045 1057 958
1770392200.396 916 975 994 1014 1040 1003 1092 1154
1770392200.406 933 979 1000 1005 1027 937 1028 1022
1770392200.416 984 987 1006 1012 1054 986 1053 966
1770392200.425 1034 993 999 1008 986 996 946 924
1770392200.436 1028 985 996 993 1048 957 882 901
1770392200.446 1002 980 986 986 1097 904 992 909
1770392200.456 961 990 996 1001 1029 934 910 1113
1770392200.466 1001 1004 1007 1021 1018 1022 1017 950
1770392200.476 970 993 999 1005 1056 1059 982 992
1770392200.485 993 990 1000 1008 1024 1019 1060 1060
1770392200.495 958 973 992 1002 954 924 939 1030
1770392200.505 981 984 990 1005 1016 980 1042 1086
1770392200.516 1023 996 1004 1007 1018 1039 975 962
1770392200.526 1041 992 996 1000 1054 1022 996 1003
1770392200.536 1065 986 988 989 1116 1121 964 837
1770392200.546 1002 980 988 979 978 865 928 954
1770392200.556 989 985 997 997 1024 1055 996 962
1770392200.566 1032 1001 1009 1015 1035 954 1046 898
1770392200.575 1001 999 1006 1006 959 1072 1092 1064
1770392200.586 988 1003 1012 1012 989 970 982 1026
1770392200.596 938 977 992 984 978 1022 992 1075
1770392200.606 1002 992 999 998 1045 996 1060 1041
1770392200.616 977 989 1004 1014 1005 904 892 1075
1770392200.625 1069 996 998 1000 1032 1036 967 875
1770392200.636 1057 1005 1007 1002 1029 973 1007 1026
1770392200.646 976 987 994 990 981 1052 989 1018
1770392200.655 1006 997 1002 1016 972 967 1021 1022
1770392200.665 990 1004 1007 990 940 1075 1185 981
1770392200.675 988 1009 1015 1007 943 1036 1064 977
1770392200.685 1013 989 998 993 956 1003 1025 1045
1770392200.695 965 983 997 1006 983 1052 1064 1169
1770392200.705 982 990 994 1001 1037 1026 971 1083
1770392200.716 1050 1007 1009 998 1102 1059 1196 1150
1770392200.726 1063 1000 1004 1001 1029 970 1060 958
1770392200.736 998 993 999 987 983 944 1071 1109
1770392200.745 1021 989 996 1000 1143 1075 1039 920
1770392200.755 973 989 997 986 956 1085 1103 1030
1770392200.766 1057 1013 1005 1001 1086 1144 1146 928
1770392200.776 1082 1004 1003 976 902 1029 1021 977
1770392200.786 1006 995 1002 998 1024 1075 1096 1135
1770392200.796 1000 974 985 968 945 1154 1085 992
1770392200.805 973 982 1011 996 962 1039 1039 1181
1770392200.815 1073 997 1006 1001 1016 1075 1053 966
1770392200.825 1006 986 1004 986 959 1049 1067 1120
1770392200.835 1002 985 999 1011 978 1059 1035 977
1770392200.846 1013 978 987 977 1081 1160 1028 1000
1770392200.856 989 987 992 978 1054 1239 1185 992
1770392200.866 1049 1002 1007 994 1037 1055 1153 916
1770392200.876 1017 995 1009 996 1116 1009 985 996
1770392200.886 1037 992 1001 1003 1029 1029 1092 932
1770392200.896 978 989 999 1003 905 944 1071 1030
1770392200.906 1076 1002 1001 1009 1037 1140 1103 954
1770392200.916 1037 1006 1003 987 1005 1098 1085 973
1770392200.926 1000 1001 1004 1017 1048 1144 964 1022
1770392200.936 1040 999 996 1015 1143 1186 935 890
1770392200.946 1010 978 982 974 1121 1199 1189 890
1770392200.956 1037 993 992 992 983 1009 1053 935
1770392200.966 1045 1006 1006 1011 1032 1032 1025 988
1770392200.975 1050 1002 1004 996 1037 1029 1014 943
1770392200.985 990 988 1000 981 975 970 1050 1049
1770392200.996 989 979 990 1002 1072 1091 1021 901
1770392201.006 1023 987 998 1004 1008 1075 1007 962
1770392201.016 1034 997 1006 1004 1070 1111 1039 1083
1770392201.026 1023 995 1003 1027 1024 1042 857 905
1770392201.036 996 994 1001 1000 1121 1065 1107 1041
1770392201.046 1017 978 991 1004 1048 1131 1003 860
1770392201.056 960 984 993 1012 1075 993 1014 894
1770392201.066 1023 996 1005 1019 1027 1081 1096 1030
1770392201.076 1044 997 998 986 989 1127 1017 954
1770392201.086 1025 1002 999 1015 1086 1124 1064 909
1770392201.096 984 979 990 1001 1010 973 1085 973
1770392201.106 1006 987 992 1004 1024 1036 967 966
1770392201.116 1013 1000 1012 1024 1043 957 992 1090
1770392201.126 948 981 998 1031 1140 1124 1067 1143
1770392201.136 1005 992 998 1002 1086 1009 1107 992
1770392201.146 950 974 988 984 1081 1104 1121 1060
1770392201.155 945 978 998 1008 1091 1068 1067 1064
1770392201.165 1002 1000 1000 998 989 1019 985 845
1770392201.175 982 993 1006 1009 1018 1065 1010 1049
1770392201.185 977 987 1004 1009 994 1078 1042 969
1770392201.195 929 978 989 978 983 970 1071 1079
1770392201.205 1003 1000 1011 1014 921 901 1003 996
1770392201.215 986 991 1007 1027 1081 1045 1035 1124
1770392201.226 1020 1002 1002 998 970 1075 1092 1015
1770392201.236 1037 997 1002 969 945 993 985 1007
1770392201.246 948 982 994 989 1040 1062 1142 1150
1770392201.256 1018 999 992 988 994 1000 982 886
1770392201.266 1018 1006 1006 983 954 1013 1060 1026
1770392201.276 1014 989 996 992 1021 1124 1057 969
1770392201.286 981 992 1003 991 897 957 1100 1177
1770392201.296 1000 985 995 999 927 1059 1135 1030
1770392201.306 990 991 1000 1000 935 1026 1067 1056
1770392201.316 1032 1011 1014 1008 1037 1049 1000 1018
1770392201.326 1037 1007 1008 1003 1000 881 992 898
1770392201.336 973 990 1003 1008 1056 1032 1150 1135
1770392201.346 978 968 987 988 1008 990 1007 1041
1770392201.356 1036 985 997 1000 964 1006 1121 1000
1770392201.366 1060 999 1002 1008 1008 1163 1167 988
1770392201.376 968 990 996 995 954 1039 1096 1030
1770392201.385 990 1003 1002 995 1043 1026 985 920
1770392201.396 969 983 1001 976 913 918 1092 969
1770392201.406 1017 995 998 1004 975 963 1146 1018
1770392201.416 1068 1015 1008 998 905 1029 1092 1026
1770392201.425 1016 1002 1006 1009 1005 1062 1096 1071
1770392201.435 1021 982 1003 1013 1027 878 971 1177
1770392201.445 990 973 990 992 945 996 950 984
1770392201.455 1023 997 998 993 1021 1150 1150 988
1770392201.465 1020 997 1002 982 964 1055 1117 1094
1770392201.475 1041 1005 1002 991 1000 1036 996 909
1770392201.485 964 1000 998 992 916 1081 1103 962
1770392201.496 934 971 982 985 1013 1101 1085 1022
1770392201.506 1042 990 995 995 900 1062 989 920
1770392201.516 1040 1003 1008 1015 1029 1095 1071 969
1770392201.526 960 984 1007 1007 1043 1045 1039 1086
1770392201.536 973 987 998 993 1002 990 982 962
1770392201.546 1013 984 990 990 1054 1124 1103 928
1770392201.556 994 982 1001 989 970 1157 1082 988
1770392201.566 1028 995 1000 1000 1081 1186 1028 1011
1770392201.576 1045 990 994 983 1027 1101 1028 924
1770392201.585 1038 990 996 979 1024 1091 1032 1018
1770392201.596 1013 987 990 989 924 924 1028 898
1770392201.606 1022 989 998 998 989 937 960 958
1770392201.616 1056 998 1004 993 937 1052 1125 996
1770392201.626 948 978 998 1004 954 937 885 886
1770392201.636 1043 1001 1001 1003 1032 1147 1078 954
1770392201.645 989 985 988 995 1035 1114 1071 966
1770392201.655 1008 994 996 990 1045 1199 1110 981
1770392201.665 1028 992 999 995 1016 970 985 1022
1770392201.676 1030 990 999 999 1062 996 1067 954
1770392201.686 1026 992 1002 994 1016 1016 1046 958
1770392201.696 1018 979 993 986 956 1013 978 939
1770392201.705 986 986 999 991 889 1026 1157 935
1770392201.715 978 997 1010 1005 978 904 953 769
1770392201.725 1010 996 1004 1001 970 937 1046 958
1770392201.735 980 990 998 1005 1064 1075 1025 981
1770392201.746 966 981 993 991 1064 1029 1014 1026
1770392201.756 1048 980 991 997 1094 1049 850 671
1770392201.766 1029 987 1002 1005 1108 1052 1017 932
1770392201.776 992 991 1001 1006 1070 1039 1007 901
1770392201.786 1038 998 997 989 951 977 917 901
1770392201.796 933 984 990 980 905 1154 1160 966
1770392201.806 993 1000 997 988 970 990 1017 1041
1770392201.816 1018 997 1002 999 991 1055 1075 1086
1770392201.826 1042 997 1003 1019 1062 1029 942 958
1770392201.836 1006 990 1000 1009 1035 996 1092 1241
1770392201.846 972 963 989 1023 1132 806 789 769
1770392201.856 978 987 997 1008 1024 911 957 977
1770392201.866 989 999 1004 1021 1089 1013 1067 954
1770392201.876 1022 996 999 1012 1059 1009 1014 1037
1770392201.886 1008 1000 997 1000 1051 1147 1089 894
1770392201.896 1009 989 990 998 994 990 1100 939
1770392201.906 982 985 997 986 1040 1085 1071 1026
1770392201.916 1003 1007 1010 1009 1043 1062 1028 1015
1770392201.926 1017 990 999 991 975 1006 1032 1083
1770392201.936 952 980 996 1017 1027 986 1128 1079
1770392201.946 992 985 996 989 975 911 1000 947
1770392201.956 976 976 1001 1009 1129 1032 1128 1064
1770392201.966 1021 1001 1005 1000 1035 957 1071 950
1770392201.975 1013 997 1003 1012 1137 1111 1017 1049
1770392201.986 1052 1004 996 985 994 1177 1167 1003
1770392201.996 958 973 989 988 943 983 1064 913
1770392202.006 1013 990 1001 1003 975 1042 985 1007
1770392202.016 1026 1000 1006 991 964 1118 1146 1067
1770392202.026 961 992 1014 992 927 1052 1078 1105
1770392202.036 1028 1003 1006 995 859 927 1046 1166
1770392202.046 994 987 991 984 918 1055 992 1128
1770392202.056 1045 1001 1002 991 943 1029 971 1067
1770392202.066 1066 1000 1003 996 1027 1072 960 928
1770392202.076 1045 1005 1002 1007 1008 957 1096 1090
1770392202.086 1002 987 1001 1001 964 934 1075 977
1770392202.096 1006 986 994 984 940 1075 1128 1018
1770392202.106 977 988 996 990 983 1013 1246 1026
1770392202.116 942 999 1015 1003 870 1009 1228 1150
1770392202.126 1042 1007 1008 1017 937 1009 1117 1037
1770392202.136 1005 991 998 994 983 1111 1014 1083
1770392202.146 1014 983 992 984 1027 1049 985 1000
1770392202.156 1017 978 991 983 924 970 942 943
1770392202.166 1006 1001 1008 1026 1081 1124 1114 950
1770392202.179 1041 1009 1004 1004 1048 1009 1075 966
1770392202.186 1016 996 1002 1001 1051 1104 1103 1015
1770392202.196 988 984 992 989 1062 1134 1171 966
1770392202.206 988 995 998 968 916 1072 1139 1000
1770392202.216 1045 1018 1012 1015 1008 1039 1039 1022
1770392202.226 1005 992 999 991 964 1075 1103 1109
1770392202.236 1016 987 997 992 983 1026 1017 1079
1770392202.246 1018 991 987 990 986 983 975 913
1770392202.256 1032 994 1003 1006 981 947 903 996
1770392202.266 1026 997 1006 1005 972 1088 996 1037
1770392202.276 1032 988 998 1001 935 1104 1032 1083
1770392202.286 1043 1001 1002 1008 1045 1137 1089 1030
1770392202.297 1032 985 984 975 1083 1177 1003 920
1770392202.306 1013 994 998 990 1000 1065 992 1011
1770392202.316 1026 996 1000 999 967 1022 1078 1000
1770392202.326 1011 990 997 991 1124 1101 1100 1007
1770392202.336 1022 997 1001 979 905 1124 1089 890
1770392202.346 939 987 1003 1006 897 944 957 1064
1770392202.356 1034 1001 998 996 989 1000 907 1007
1770392202.366 1062 999 1002 999 1078 1039 960 909
1770392202.376 1011 1002 1005 1008 1110 1124 1078 1086
1770392202.386 1069 985 988 987 1091 1114 1035 924
1770392202.396 1011 992 991 998 1045 1062 1028 901
1770392202.406 1021 998 996 991 1072 996 935 894
1770392202.416 1020 992 997 999 1105 1127 1014 1060
1770392202.426 1049 995 999 978 1018 1085 1014 1041
1770392202.436 1005 994 1002 1003 891 901 992 1041
1770392202.446 985 981 989 993 978 1042 1025 950
1770392202.456 998 985 995 984 978 950 853 958
1770392202.466 1037 1004 1008 1002 1137 1049 1003 947
1770392202.476 1026 991 995 992 1072 1036 971 1022
1770392202.486 978 985 994 992 1013 993 1132 1154
1770392202.496 1009 975 986 996 1097 986 996 950
1770392202.505 992 976 993 1000 1078 1059 1000 924
1770392202.516 1077 1015 1011 1008 1070 1124 1000 966
1770392202.527 1005 997 1003 981 897 1072 1000 1011
1770392202.536 984 992 998 999 1048 1127 1067 1067
1770392202.546 928 970 991 990 972 931 850 909
1770392202.556 1008 983 1002 1000 1010 1013 985 920
1770392202.566 1013 994 1011 1013 986 895 939 1000
1770392202.576 1008 995 1003 999 1045 1019 1110 1207
1770392202.586 1025 993 999 1015 1059 996 1025 777
1770392202.596 966 964 990 1021 1167 1072 1100 947
1770392202.606 1009 993 999 986 1072 1059 1010 973
1770392202.616 973 1003 1008 991 945 1091 1017 924
1770392202.626 953 983 1003 1009 994 1029 1121 1132
1770392202.637 1003 988 995 988 924 931 1021 909
1770392202.646 965 986 990 991 978 1019 992 1075
1770392202.656 976 985 995 1013 1032 911 1050 1260
1770392202.666 980 989 1001 1001 964 1085 1157 1181
1770392202.677 1026 992 1009 1024 1075 983 1003 905
1770392202.686 1000 992 1010 1021 1040 960 964 966
1770392202.696 994 984 989 1003 1040 1045 1039 928
1770392202.706 980 998 994 977 864 1078 1032 811
1770392202.716 969 1005 1011 1013 1008 1006 1071 1154
1770392202.726 1002 1000 1007 993 981 1036 1050 1037
1770392202.737 1008 992 997 1005 1070 1022 1025 1018
1770392202.746 962 980 993 988 924 960 1060 1018
1770392202.756 984 984 996 991 908 839 985 1090
1770392202.766 1026 1004 1005 1017 1024 1022 1064 984
1770392202.776 993 992 1005 1010 1035 973 964 920
1770392202.786 1003 988 998 1000 1062 960 935 947
1770392202.796 1038 981 990 979 954 973 1046 935
1770392202.806 997 989 1004 991 997 1026 1028 1083
1770392202.816 1022 1002 1010 1008 983 990 939 1018
1770392202.826 981 991 1004 991 935 973 1082 1083
1770392202.837 1036 1001 1000 982 972 1055 1107 969
1770392202.847 888 981 995 988 930 931 1059 1066
1770392202.857 1048 991 1001 1006 1016 904 996 943
1770392202.867 1046 1008 1010 1003 1000 983 975 909
1770392202.877 1009 992 1004 1011 1008 918 989 1037
1770392202.886 1045 983 994 997 1037 954 910 762
1770392202.897 920 970 984 977 916 973 1150 1071
1770392202.907 1000 990 999 998 1054 1006 1078 1060
1770392202.917 1038 1001 1010 1002 1056 1029 1039 1098
1770392202.927 1073 1009 1001 980 1005 1196 1117 871
1770392202.936 998 1002 1001 992 981 1068 1128 1030
1770392202.947 993 988 993 988 964 1019 1039 1030
1770392202.957 1056 998 997 1001 994 990 1096 1037
1770392202.967 1037 994 1000 988 1089 1068 1067 1056
1770392202.976 990 988 998 987 1010 845 878 954
1770392202.987 1016 999 1001 999 1064 1170 1100 1015
1770392202.997 1006 979 993 990 1008 1026 1085 981
1770392203.007 998 980 991 986 945 1131 957 1033
1770392203.017 1121 1008 1000 991 1045 1193 1067 796
1770392203.027 1026 1003 999 986 989 1075 1150 958
1770392203.037 992 990 999 1000 1029 1032 1082 1049
1770392203.047 980 982 986 981 1013 1045 1089 981
1770392203.057 1001 1000 1001 1007 1059 1163 1050 1026
1770392203.067 1032 1002 1003 1008 975 1068 1064 909
1770392203.077 1023 997 992 985 1002 1091 1014 1018
1770392203.087 989 993 999 1000 1032 1078 1064 1094
1770392203.097 988 974 985 982 1018 1032 892 913
1770392203.107 1030 988 998 1006 1062 1029 1017 973
1770392203.117 1069 1009 1014 1007 1018 1068 1017 845
1770392203.127 990 991 997 997 900 1154 1032 1003
1770392203.137 1009 995 1004 1001 1016 1026 953 1037
1770392203.147 968 971 985 986 1059 1124 1089 916
1770392203.157 976 979 1004 1009 1013 993 1103 905
1770392203.167 1023 1004 1004 1000 989 1114 1110 958
1770392203.177 1009 992 1000 999 1018 1091 1028 1033
1770392203.187 1038 983 995 991 964 1098 932 913
1770392203.197 1014 980 985 990 1135 1049 850 833
1770392203.207 1054 1005 997 1005 1078 1039 782 781
1770392203.217 1028 1003 1008 1004 975 1068 975 1052
1770392203.227 989 990 1002 1017 1035 1042 953 981
1770392203.237 982 992 1003 1004 1040 1065 1114 860
1770392203.247 934 980 992 995 932 1016 1103 988
1770392203.256 1041 994 999 992 937 1000 1014 924
1770392203.266 953 997 1010 1001 989 1118 989 1154
1770392203.277 1009 989 998 999 986 1029 900 1045
1770392203.287 1037 988 993 1002 1100 1059 935 1030
1770392203.297 1016 981 984 994 1078 1108 1007 1052
1770392203.307 964 990 999 994 983 1049 1092 1226
1770392203.317 1036 1011 1011 1014 1064 1009 1078 1105
1770392203.327 1028 993 997 988 989 1052 1057 871
1770392203.337 1013 988 1001 1005 1059 1124 1142 962
1770392203.347 958 978 991 996 1064 1009 1050 1026
1770392203.357 972 985 1004 1010 1059 1059 1078 1086
1770392203.367 1018 996 1004 1019 1121 963 992 890
1770392203.377 974 982 996 1001 1097 911 1017 1060
1770392203.387 998 985 1003 1026 1081 1065 1025 830
1770392203.397 976 980 988 985 908 1016 1000 1018
1770392203.407 988 988 1003 991 970 970 1085 1003
1770392203.417 1028 1007 1015 1023 1005 1022 939 958
1770392203.427 1010 992 1002 994 1056 1206 1057 996
1770392203.437 1017 991 1003 987 978 1045 1089 1045
1770392203.447 945 976 992 995 997 1072 1100 1124
1770392203.457 1000 995 1005 999 1054 1003 1132 1200
1770392203.467 1001 1002 1014 1006 875 809 1003 1200
1770392203.477 1006 984 1000 1011 1048 1036 1035 1045
1770392203.487 993 985 998 990 902 1062 1060 1052
1770392203.497 972 970 989 981 945 980 1025 1015
1770392203.507 1009 996 1006 994 1002 1121 967 905
1770392203.517 1069 1008 1001 983 989 1104 1082 852
1770392203.527 1013 998 1001 994 986 1124 1042 1056
1770392203.537 984 992 1002 991 970 1114 1057 977
1770392203.547 965 982 989 1006 1002 1032 1192 1116
1770392203.558 968 993 1004 988 832 881 1157 1188
1770392203.568 1025 989 1013 1023 1089 1111 1114 1064
1770392203.578 1036 996 998 1006 1040 1042 1078 947
1770392203.588 965 989 1000 994 1005 1052 1114 1067
1770392203.598 984 993 991 984 997 970 1021 977
1770392203.607 1022 997 993 983 1075 1065 896 766
1770392203.617 1023 1004 1007 1016 1081 1193 1103 962
1770392203.627 1036 998 995 999 927 1052 1042 1018
1770392203.637 1028 992 999 999 970 1111 1225 1083
1770392203.647 984 990 992 1003 970 957 1135 969
1770392203.657 1065 1001 1008 1002 1018 1042 1039 905
1770392203.667 1056 1008 1006 1010 1062 1098 1017 867
1770392203.677 974 992 992 1006 1070 1045 1032 947
1770392203.687 1041 1004 1003 1000 1005 934 1035 962
1770392203.697 961 966 978 982 1121 986 1067 1124
1770392203.707 981 983 994 993 1013 1098 1078 1090
1770392203.717 1053 1006 1006 998 986 1029 992 958
1770392203.727 1045 1002 1000 1001 1018 1180 1103 1033
1770392203.737 1002 995 999 984 929 1059 1146 932
1770392203.747 934 984 990 982 881 940 1103 1003
1770392203.757 1038 995 998 1002 1051 1108 1092 856
1770392203.767 1050 1002 1004 1001 1056 1019 1121 1022
1770392203.777 998 997 1002 998 970 1016 1025 1056
1770392203.787 969 981 992 1009 1097 1022 878 950
1770392203.798 962 976 985 982 1116 1134 1132 1060
1770392203.808 1021 989 994 987 964 1049 1053 894
1770392203.818 996 997 1004 1009 1018 1032 1035 1026
1770392203.828 1029 996 997 1001 997 1127 1075 875
1770392203.838 964 992 997 975 913 1062 1050 962
1770392203.848 1029 981 986 982 875 914 964 920
1770392203.857 1018 982 994 987 1027 1127 1125 1045
1770392203.867 1020 1000 1006 1015 1067 1052 1132 1124
1770392203.877 1030 981 1002 1025 989 842 853 1018
1770392203.887 994 990 994 1010 1045 1075 1032 1143
1770392203.897 985 973 982 988 975 957 957 977
1770392203.907 962 987 1002 1003 1059 1016 953 1086
1770392203.917 1050 1007 1003 1003 1054 1114 1014 969
1770392203.927 977 988 993 991 910 996 928 905
1770392203.937 1006 1001 1007 1016 1091 990 964 890
1770392203.947 994 983 989 987 970 1032 1025 1033
1770392203.957 1011 989 996 994 991 996 1057 973
1770392203.967 1042 1008 1019 1000 970 829 867 849
1770392203.978 941 990 1009 999 913 898 1057 1011
1770392203.987 1003 987 999 1000 986 1006 975 1007
1770392203.997 973 981 992 973 954 1019 1003 1003
1770392204.007 1025 995 1007 1008 1078 1000 1146 1060
1770392204.017 972 990 1006 1009 1091 1118 1071 1094
1770392204.027 940 985 1004 1011 1086 1062 1053 928
1770392204.037 990 992 1002 1005 1000 1013 953 943
1770392204.047 972 979 990 982 1010 1127 1103 992
1770392204.057 982 1007 1003 996 808 960 1092 1056
1770392204.067 988 1002 1009 1012 978 1026 1064 1135
1770392204.077 989 997 999 1000 1013 1049 1064 1056
1770392204.087 1000 992 998 989 1016 1009 1017 920
1770392204.097 960 984 998 987 1008 1072 1071 1000
1770392204.107 990 987 986 974 1075 1026 917 856
1770392204.117 990 997 1009 1006 1072 1052 996 924
1770392204.128 986 992 1003 1004 1024 1032 957 969
1770392204.137 998 994 999 985 905 1006 1110 1056
1770392204.148 984 988 993 974 813 983 1128 909
1770392204.158 977 991 1002 1001 1032 1039 950 1026
1770392204.167 1034 1003 1007 1011 1029 1039 1028 996
1770392204.177 1057 997 1004 989 972 1019 1039 935
1770392204.188 1017 1005 1006 1013 1108 1045 1107 1169
1770392204.198 989 970 983 991 1035 970 1071 1116
1770392204.208 993 990 999 991 994 1032 1035 1086
1770392204.217 1046 1003 1006 1004 1029 1029 1060 962
1770392204.228 981 996 1006 973 948 990 1017 1098
1770392204.237 1042 999 1005 972 932 986 1000 822
1770392204.248 965 977 993 986 929 931 903 905
1770392204.258 1000 990 1000 1006 1032 1059 1021 969
1770392204.268 1071 1010 1000 998 986 1134 989 939
1770392204.277 1022 1002 999 1007 1024 1134 1110 1000
1770392204.287 1010 982 988 993 956 960 1000 950
1770392204.298 973 976 989 976 962 990 1128 1030
1770392204.308 1042 1001 1001 997 1054 1124 1092 988
1770392204.318 1001 1000 1001 980 951 1009 1125 1026
1770392204.327 1038 998 997 985 1032 1199 1003 822
1770392204.337 1011 1001 998 983 956 1042 1057 852
1770392204.347 980 983 986 990 959 1036 1153 1026
1770392204.357 1022 989 996 991 1021 980 978 841
1770392204.367 1028 1004 1014 1011 1029 1091 1117 1049
1770392204.378 994 991 1007 998 921 993 1060 1041
1770392204.387 1003 990 1000 994 1072 1081 1117 1037
1770392204.398 1011 983 989 984 1037 1068 1078 879
1770392204.408 1011 992 995 981 964 996 1089 984
1770392204.417 1051 1008 1007 992 1170 1281 957 856
1770392204.427 1029 996 1000 997 1108 1167 1067 796
1770392204.438 1000 990 998 996 1062 1131 1146 1022
1770392204.448 1011 980 988 991 967 1003 1025 947
1770392204.457 1030 994 997 997 951 980 1107 977
1770392204.467 1018 1004 1013 1019 975 934 992 950
1770392204.478 974 990 995 1003 940 1062 1032 969
1770392204.488 1038 996 1000 1002 1091 1157 1092 969
1770392204.498 978 981 992 988 1040 1124 967 1000
1770392204.508 1030 975 989 1002 1167 1095 953 916
1770392204.517 1017 1004 1007 999 1035 1065 1017 1041
1770392204.527 994 986 992 995 1083 1055 985 977
1770392204.538 1011 991 999 1010 1045 1032 1010 875
1770392204.547 988 974 979 993 989 1029 1046 901
1770392204.557 961 991 1003 996 986 1131 1125 1015
1770392204.567 1054 991 1008 1005 1072 1022 992 871
1770392204.578 1033 995 999 1013 1100 1009 1053 958
1770392204.587 1001 996 998 1008 1040 1006 903 916
1770392204.598 961 971 986 1000 1048 1026 1000 981
1770392204.607 1057 996 1000 1000 1008 967 932 905
1770392204.617 996 1000 1009 1011 1035 970 985 898
1770392204.627 1030 988 1005 1000 1032 996 1007 996
1770392204.638 1014 990 994 990 1043 986 932 962
1770392204.648 956 991 994 974 867 1003 1028 992
1770392204.658 1001 994 1005 1000 1032 1016 942 1003
1770392204.667 1030 1003 1007 1009 1045 1026 1025 1101
1770392204.677 1013 993 999 1004 1059 1013 964 992
1770392204.687 1002 986 996 1003 991 999 975 1135
1770392204.697 1018 981 988 997 1070 1098 1085 1007
1770392204.707 986 980 995 998 994 1009 1050 984
1770392204.717 990 994 1013 1011 1032 1013 1103 1079
1770392204.727 954 986 1000 1009 1043 1049 978 864
1770392204.738 1037 1013 1004 987 954 1019 1157 1015
1770392204.748 969 985 991 985 940 1022 953 935
1770392204.758 980 986 995 989 986 996 928 1132
1770392204.767 1020 1003 1014 1025 1002 967 939 924
1770392204.778 993 995 1006 1013 1024 996 1082 1158
1770392204.788 994 1000 1007 1004 1094 1042 1014 1037
1770392204.797 998 981 992 980 940 990 914 894
1770392204.807 961 987 1001 1012 1043 1075 1142 996
1770392204.817 1003 1000 1010 1008 1054 1098 1067 1015
1770392204.827 1017 1000 1002 1006 1064 1108 1082 1011
1770392204.837 1026 1001 1001 997 1008 1036 982 1052
1770392204.847 970 980 989 981 970 1049 907 1026
1770392204.858 1006 993 1004 1010 1081 1059 1025 1030
1770392204.868 1040 1010 1015 1017 1037 1085 1092 1056
1770392204.878 974 997 1007 1015 970 931 1060 1079
1770392204.888 973 1008 1011 1007 954 1114 1060 1030
1770392204.897 954 985 991 989 918 1016 1175 1116
1770392204.907 988 990 996 995 981 1049 1014 939
1770392204.917 1077 1006 1000 1001 1135 1095 857 905
1770392204.928 1036 1011 1011 1008 1083 1124 1142 1033
1770392204.938 998 989 996 993 978 1026 1114 1045
1770392204.948 957 969 984 986 956 1075 1075 992
1770392204.957 1005 995 1002 986 894 1095 1167 1033
1770392204.967 976 1004 1017 1006 897 1111 1185 1049
1770392204.977 1049 1009 1004 991 916 1078 1125 1060
1770392204.987 1013 995 998 984 959 970 1028 954
1770392204.998 998 992 991 984 994 980 1057 1022
1770392205.008 1038 991 989 986 1035 977 1007 984
1770392205.017 1062 1017 1016 1015 1062 1203 1303 1052
1770392205.028 1048 996 996 981 956 1065 1121 1079
1770392205.038 1038 995 999 995 1000 1081 1032 1067
1770392205.048 1046 987 985 989 962 1085 1142 837
1770392205.058 930 989 997 991 940 1213 1260 1067
1770392205.067 1065 1002 1004 994 981 1026 1050 886
1770392205.077 1042 997 999 991 967 1022 1067 932
1770392205.087 1043 996 999 988 1002 1055 1096 1094
1770392205.098 962 976 992 1006 964 931 1053 1007
1770392205.108 1084 1000 1003 1004 991 1104 1164 1064
1770392205.118 1018 998 1009 1017 1070 996 1039 992
1770392205.128 998 991 1001 1008 1043 983 1003 1011
1770392205.138 1041 995 1003 1002 1118 1111 1042 947
1770392205.147 990 976 985 980 1035 1226 1060 950
1770392205.157 1046 1000 996 998 1040 1016 1082 871
1770392205.167 1014 991 1010 1018 1048 1036 1092 939
1770392205.177 966 992 1001 1026 1013 1081 1042 1030
1770392205.188 1044 993 1002 991 881 990 1000 1067
1770392205.198 1069 982 989 994 1059 1131 946 954
1770392205.208 994 991 996 1000 1064 1085 992 932
1770392205.218 993 996 1006 1000 1000 1075 1042 947
1770392205.227 1034 1000 1002 1008 1137 1095 885 886
1770392205.237 1052 999 992 977 1094 1206 1128 1033
1770392205.247 996 978 987 969 983 1088 1042 1083
1770392205.257 1017 990 997 1001 1029 1029 1053 1033
1770392205.268 1010 1000 1001 1011 1013 980 1157 1124
1770392205.278 969 985 1004 998 864 898 1096 1060
1770392205.288 986 994 1000 991 932 1042 975 962
1770392205.298 966 983 987 991 937 960 1032 1022
1770392205.307 976 984 997 992 1018 898 917 852
1770392205.317 1062 1006 1015 1027 1105 1029 832 977
1770392205.327 1018 981 990 1004 1102 1101 1017 886
1770392205.338 982 990 999 998 1051 1088 1010 1007
1770392205.348 996 990 1000 979 1051 1006 935 1037
1770392205.358 949 993 1004 1012 975 986 1025 1098
1770392205.368 965 997 1009 999 983 1006 1146 1169
1770392205.378 986 982 995 1003 1005 1052 1085 1018
1770392205.388 1009 992 998 1008 1027 1042 1014 966
1770392205.397 928 977 979 991 991 990 875 924
1770392205.407 996 987 1002 1005 1035 918 889 958
1770392205.418 1013 1004 1009 1010 978 1042 992 898
1770392205.428 1044 994 1000 995 986 1052 914 966
1770392205.438 994 1006 1010 1006 913 940 1014 966
1770392205.448 957 975 993 998 970 1006 992 1086
1770392205.458 1023 992 997 988 972 980 1000 856
1770392205.468 961 1002 1005 1003 986 1022 1067 1049
1770392205.477 994 998 1004 1004 978 1177 1175 1067
1770392205.487 948 992 995 1000 897 947 1021 1018
1770392205.497 968 977 994 999 983 1013 1071 1049
1770392205.507 1008 981 994 1026 921 822 917 1056
1770392205.518 1040 1000 1002 1000 1048 1124 1178 1052
1770392205.528 1054 999 1006 996 935 963 992 1041
1770392205.538 988 996 1000 1007 954 996 1110 1030
1770392205.548 974 982 986 972 989 1127 1121 1033
1770392205.557 1011 992 996 984 1005 1081 964 1037
1770392205.567 1050 1008 1009 1006 1005 1081 1121 1090
1770392205.577 1021 988 1001 985 972 1032 1110 984
1770392205.587 1022 988 1003 983 891 1003 1078 1079
1770392205.598 950 976 998 1015 1010 983 964 1109
1770392205.608 978 989 994 977 1037 1085 989 954
1770392205.618 1077 1011 1010 993 1037 1049 935 1003
1770392205.628 1010 995 1001 993 1005 1022 975 1049
1770392205.637 1057 1000 994 999 1067 1157 1064 1056
1770392205.647 1029 983 984 977 994 1022 985 815
1770392205.657 1013 1001 1001 980 981 1013 1157 939
1770392205.667 993 1006 1015 1002 1010 1078 1039 916
1770392205.678 965 991 999 991 959 1118 1192 1245
1770392205.688 946 983 1001 1007 1002 980 1000 988
1770392205.698 998 978 984 979 964 1098 1025 1003
1770392205.708 1016 987 996 999 1027 1029 960 924
1770392205.717 1050 1006 1006 998 959 1072 953 924
1770392205.727 1010 1000 1003 992 1029 1065 1025 1018
1770392205.738 1042 989 990 979 1000 918 917 916
1770392205.748 1002 983 989 978 1010 1177 1178 1094
1770392205.758 1032 993 997 989 1008 1065 1189 1003
1770392205.768 1033 1001 1002 983 967 1131 1107 1022
1770392205.777 1003 995 1009 1006 1000 1009 1039 837
1770392205.788 1037 1002 996 990 956 986 925 977
1770392205.798 977 982 987 984 1070 1085 1067 1007
1770392205.808 1030 998 994 983 997 1016 1028 800
1770392205.818 998 991 1007 1002 1051 944 942 1105
1770392205.828 1054 993 996 991 1091 1081 917 966
1770392205.838 1025 995 1003 986 1013 1029 989 962
1770392205.847 1017 983 991 991 1089 1101 1053 913
1770392205.857 1009 987 997 998 986 1091 1035 988
1770392205.867 1054 1008 1003 993 935 1062 996 788
1770392205.878 1030 995 1001 1005 970 1019 989 856
1770392205.888 997 990 1002 1006 1048 1055 1078 1090
1770392205.898 1030 985 988 985 1032 1098 964 958
1770392205.908 964 982 1002 1025 1067 990 964 1079
1770392205.918 1056 1001 1007 1017 1097 1068 875 1049
1770392205.927 990 981 998 994 975 990 967 916
1770392205.937 1038 992 1001 1014 1121 1055 978 901
1770392205.948 936 973 982 997 1083 1039 1064 1007
1770392205.957 998 987 995 1000 1054 1173 1128 928
1770392205.968 1057 1006 1011 1017 1072 891 982 894
1770392205.977 950 993 1001 1017 989 1029 978 1173
1770392205.987 1014 995 1004 1003 956 1042 1089 1086
1770392205.998 929 975 989 988 910 1118 1239 1230
1770392206.007 966 997 1006 1011 1021 1121 1107 1015
1770392206.017 985 991 1005 1007 940 927 917 984
1770392206.027 1018 995 1004 1006 970 1065 1057 1011
1770392206.038 1003 992 1004 993 924 970 1060 973
1770392206.048 986 979 985 985 1097 1180 1096 943
1770392206.058 1014 996 1002 1002 935 963 946 890
1770392206.068 1006 1006 1009 1011 967 1036 1039 1132
1770392206.078 992 998 1002 999 1000 1019 971 981
1770392206.088 989 991 1007 994 954 908 1032 1026
1770392206.097 996 983 995 994 986 986 1146 1120
1770392206.107 997 990 992 984 929 947 1064 1086
1770392206.117 1016 1005 1007 1007 1008 1006 1010 1022
1770392206.128 1018 990 1001 995 1024 993 978 962
1770392206.138 990 1001 993 963 956 999 1042 962
1770392206.148 1030 1002 1000 987 891 977 1053 943
1770392206.158 1017 990 999 999 948 1039 1025 1075
1770392206.168 1040 1001 1010 1013 1002 1045 1039 1000
1770392206.178 1010 1004 1003 990 924 970 985 932
1770392206.187 984 992 1001 1002 921 977 1192 1124
1770392206.198 980 972 985 972 843 947 964 943
1770392206.208 1005 992 998 1002 1008 1065 1092 1007
1770392206.218 1018 1006 1007 1018 1045 1013 1110 1011
1770392206.228 1041 990 993 1003 1094 1075 939 875
1770392206.238 1057 1001 1002 996 959 993 939 954
1770392206.248 945 978 988 992 1051 1029 989 1124
1770392206.258 1002 992 998 1000 1075 970 1182 1041
1770392206.268 1096 1028 1013 986 927 954 1103 909
1770392206.278 1009 1001 1008 1004 1010 990 1067 1128
1770392206.287 1021 983 1000 995 962 1006 921 1018
1770392206.298 986 978 990 979 954 1032 903 973
1770392206.308 1068 992 997 990 1040 1111 1157 1000
1770392206.318 1037 1002 1001 1000 997 927 971 1007
1770392206.328 1021 995 998 1000 1005 977 1014 1124
1770392206.338 1036 992 994 1000 975 1029 1035 932
1770392206.348 981 981 989 987 1027 1059 1007 890
1770392206.358 1009 1007 995 982 935 1121 1035 833
1770392206.368 1011 1012 1017 1001 1067 1196 1275 954
1770392206.378 1038 996 1001 997 1027 1055 957 954
1770392206.388 1017 987 994 981 981 990 960 1015
1770392206.398 1021 983 991 980 991 1167 1139 875
1770392206.408 952 976 999 1010 1000 924 1089 1113
1770392206.417 1030 1000 1009 1017 1045 1177 964 1026
1770392206.428 1006 993 1003 991 964 1032 892 950
1770392206.438 1060 998 1000 985 1105 1016 1050 928
1770392206.448 1046 987 985 972 967 1052 985 867
1770392206.458 1029 1003 996 984 981 1111 1085 913
1770392206.467 1017 1007 1007 1001 978 1059 1085 973
1770392206.477 1048 987 995 983 1002 1055 878 901
1770392206.488 1030 994 999 998 1089 1088 1035 898
1770392206.498 940 965 989 987 959 1032 1082 1298
1770392206.508 989 992 998 991 1035 1095 1028 950
1770392206.518 1076 1004 1013 1010 1056 963 917 867
1770392206.528 977 974 999 998 1062 1127 1110 1090
1770392206.538 1050 994 989 990 1024 1157 1007 954
1770392206.547 977 973 982 986 937 1055 982 792
1770392206.557 1014 993 997 1000 972 1068 1092 962
1770392206.568 1032 994 1003 1003 1086 1026 839 928
1770392206.578 1041 999 999 1000 1032 1118 1021 1030
1770392206.588 1028 994 997 990 1000 993 1039 864
1770392206.598 969 983 991 977 962 990 1025 966
1770392206.608 1049 986 1000 1010 1059 957 964 935
1770392206.618 1003 994 1003 1011 1072 1154 1050 1064
1770392206.628 1002 998 1006 1008 1024 960 885 947
1770392206.637 1025 990 997 996 1024 950 775 1026
1770392206.647 923 969 985 999 1070 1045 967 969
1770392206.657 1028 986 994 997 1008 990 942 924
1770392206.668 1041 1009 1010 1015 1045 1078 1053 1018
1770392206.678 1022 1001 1004 996 1048 1036 1125 977
1770392206.688 980 997 1005 1005 929 1036 1125 1166
1770392206.698 963 972 995 1003 948 1003 1060 894
1770392206.708 982 981 1007 1006 1081 1003 1000 1116
1770392206.718 994 998 1014 1033 1070 1065 1078 1196
1770392206.727 1048 988 997 992 983 1039 928 1003
1770392206.738 973 990 1002 1009 1054 1199 1085 1154
1770392206.748 978 979 988 982 970 1055 921 1094
1770392206.758 994 990 996 996 1070 1036 1007 1026
1770392206.768 1063 1014 1011 986 978 1124 1060 928
1770392206.778 913 987 999 1003 881 881 1100 1105
1770392206.788 1008 998 1003 996 1000 999 953 996
1770392206.798 984 979 993 978 943 960 1039 1011
1770392206.808 972 996 1010 1017 1048 1055 1075 1135
1770392206.818 942 987 1006 1004 959 875 1003 1113
1770392206.828 1018 1006 1009 1011 1051 1049 1217 1139
1770392206.838 1014 991 1004 1001 956 1045 1025 1169
1770392206.848 962 976 988 982 927 1059 1028 1218
1770392206.858 1014 990 994 985 1051 1121 978 996
1770392206.868 1021 1003 1005 992 918 1036 1028 1037
1770392206.879 1013 994 1002 1002 1048 1072 1107 1071
1770392206.888 989 998 1000 991 910 973 1000 939
1770392206.897 996 977 991 971 945 1006 1053 992
1770392206.907 984 981 991 984 905 996 1114 969
1770392206.918 1029 1011 1006 1004 991 993 1171 1067
1770392206.928 1002 992 999 1002 970 983 1021 905
1770392206.938 978 989 1004 993 937 980 957 1015
1770392206.948 1041 985 991 997 1013 1091 885 879
1770392206.958 1050 1008 996 969 913 1032 971 875
1770392206.968 1008 1004 1005 996 1002 993 1057 1052
1770392206.978 1033 1011 1007 981 1002 1019 1000 1011
1770392206.988 990 990 1003 996 1048 1150 1114 1098
1770392206.998 982 992 996 975 921 1029 1014 935
1770392207.008 986 994 996 991 959 1016 1096 852
1770392207.018 1030 1012 1007 1001 1013 1104 1142 1007
1770392207.028 1013 995 1004 996 1045 1009 914 890
1770392207.037 1061 994 1003 1010 1051 957 932 988
1770392207.048 1014 972 984 986 1078 1022 921 818
1770392207.058 1036 988 996 974 1002 1190 1178 1000
1770392207.068 1118 1009 1013 989 975 970 1100 1030
1770392207.078 976 982 993 996 1091 1216 1039 992
1770392207.088 1037 999 992 966 894 1072 1064 909
1770392207.098 976 969 979 972 945 993 1039 939
1770392207.108 1028 993 997 996 1072 1180 1075 883
1770392207.118 1003 995 1004 996 940 875 860 973
1770392207.128 969 995 1006 999 978 986 1085 1083
1770392207.138 1003 986 993 1008 1070 1065 996 864
1770392207.148 954 972 983 984 1029 1078 996 901
1770392207.158 968 990 999 1011 1010 1095 1010 1037
1770392207.168 1016 994 1001 1010 1064 1072 1114 1056
1770392207.178 1046 986 996 1001 1016 1088 978 1049
1770392207.188 970 978 989 1003 962 1032 925 879
1770392207.198 962 979 991 995 1062 1009 1025 1030
1770392207.208 1009 992 997 995 1013 940 971 966
1770392207.218 1018 1001 1010 1011 1043 1068 1103 1075
1770392207.228 956 983 1002 1009 1032 1118 1032 935
1770392207.238 1036 983 996 991 1083 1006 1135 981
1770392207.248 1036 974 989 996 1029 1016 1028 984
1770392207.257 1009 990 999 1003 1027 960 960 988
1770392207.268 1014 998 1003 1015 1056 1042 985 1030
1770392207.278 937 974 993 1003 1064 1019 1060 950
1770392207.288 986 988 997 991 986 1075 1085 954
1770392207.298 968 977 987 994 964 1016 975 992
1770392207.308 1010 992 1002 994 962 993 942 988
1770392207.318 1042 1015 1020 1019 956 881 1071 784
1770392207.328 982 1000 1003 999 964 927 1003 954
1770392207.338 1006 991 1003 1010 1008 1049 1060 1000
1770392207.349 981 976 995 1000 1048 914 978 943
1770392207.358 945 977 993 1006 1156 1013 875 947
1770392207.368 1038 1013 1019 1030 1102 947 935 1041
1770392207.378 988 995 1003 1015 1056 1045 1071 1071
1770392207.388 992 1001 1005 1009 1010 1045 1107 1030
1770392207.398 954 982 983 978 927 954 1060 958
1770392207.408 989 995 1007 1009 1091 980 1039 1033
1770392207.418 1018 996 1005 1013 1032 1042 1146 1007
1770392207.428 1018 988 1000 994 1008 1006 1071 1083
1770392207.438 1030 1000 1006 1008 948 908 1096 1041
1770392207.448 909 981 998 1001 967 865 982 1105
1770392207.459 1042 992 999 992 1010 1013 1039 977
1770392207.468 1029 1004 1004 1000 1083 1016 1053 1030
1770392207.478 998 997 999 994 1035 1026 1246 1181
1770392207.488 981 992 997 1006 959 980 1032 1101
1770392207.498 969 982 995 983 964 1065 1017 916
1770392207.508 1011 994 997 982 1002 977 1025 1098
1770392207.518 1023 999 1008 1012 1056 986 1060 1113
1770392207.528 1022 1002 1010 1003 900 977 1017 1037
1770392207.538 942 991 1008 1014 916 970 1060 1203
1770392207.548 976 979 993 1002 989 1022 978 1022
1770392207.558 1040 996 1000 982 1000 957 1132 962
1770392207.568 1041 1007 1008 1024 1067 980 1196 992
1770392207.578 1010 991 996 1008 1067 1006 1007 860
1770392207.588 1053 1000 1003 993 1024 1173 1089 954
1770392207.598 960 976 990 982 1008 1045 1017 992
1770392207.608 988 986 995 1003 1011 1032 1223 1066
1770392207.618 1050 1016 1015 996 1032 1039 1107 1015
1770392207.629 923 990 1014 1012 986 983 1010 1015
1770392207.639 990 990 992 1005 1021 1029 1014 867
1770392207.648 1026 989 990 982 1000 937 1035 837
1770392207.658 1038 1001 1004 1007 1048 1065 1150 981
1770392207.668 1072 995 1003 1000 1059 1019 1017 894
1770392207.678 1042 996 991 989 1116 1186 1035 1007
1770392207.689 1017 985 989 984 1016 1022 1035 954
1770392207.699 1002 982 987 971 943 1016 1057 969
1770392207.708 1074 992 1001 996 1013 1111 1107 1041
1770392207.718 1073 1008 1019 1008 1002 1006 1025 924
1770392207.728 1023 997 1004 1004 1032 1114 1107 984
1770392207.738 1053 992 996 989 948 970 1082 932
1770392207.749 1052 992 995 994 994 1131 1150 962
1770392207.759 996 984 997 1006 1018 977 1139 1018
1770392207.769 1094 1001 1006 1010 1078 957 989 905
1770392207.779 1045 999 1001 1004 1086 1150 1078 875
1770392207.788 977 978 987 982 1054 1150 1064 1003
1770392207.799 1021 986 995 998 1043 1006 975 996
1770392207.809 996 995 1002 997 994 1075 1085 939
1770392207.819 1005 1012 1013 1028 1132 1072 1150 1079
1770392207.829 998 988 996 995 1021 999 967 939
1770392207.839 989 990 993 993 1064 1098 1000 1030
1770392207.849 1013 985 999 1004 1024 954 1132 1045
1770392207.859 980 978 987 999 1124 954 907 1026
1770392207.869 1061 1006 1005 1004 1118 1121 1053 966
1770392207.879 992 991 991 996 1037 1127 1125 966
1770392207.889 978 981 990 991 1016 1059 1096 1000
1770392207.899 978 989 1000 986 970 1039 1103 924
1770392207.909 969 970 989 1005 1072 1131 1082 1067
1770392207.919 1042 999 1001 1012 1032 1042 1010 849
1770392207.929 1022 993 1001 999 997 1006 1042 973
1770392207.939 966 983 993 1006 935 1036 996 1083
1770392207.949 901 961 979 1000 945 914 864 988
1770392207.959 1009 992 1001 999 1072 1068 971 954
1770392207.969 1009 1001 1006 1018 994 1045 1010 939
1770392207.979 1000 986 995 990 989 1134 1100 1026
1770392207.989 997 990 998 993 1029 1026 1032 781
1770392207.998 974 983 996 1002 1029 1059 1100 1101
1770392208.009 988 992 994 987 1024 1013 939 973
1770392208.019 1046 1006 1004 1010 1018 1072 996 988
1770392208.029 1000 993 997 998 972 986 1146 966
1770392208.039 937 975 988 998 978 881 892 962
1770392208.049 994 982 994 1000 1021 1052 985 909
1770392208.059 1021 989 999 1003 1054 1085 896 1003
1770392208.069 1036 1005 1007 992 1062 1032 1007 958
1770392208.080 990 994 999 997 1035 1052 867 905
1770392208.089 936 982 999 1007 1083 1127 1042 977
1770392208.099 976 987 993 999 1021 1019 1000 950
1770392208.109 1025 992 999 996 991 947 1085 996
1770392208.119 1025 1012 1017 1007 1016 1032 1178 1086
1770392208.129 954 992 999 993 808 885 1114 1162
1770392208.140 986 985 996 981 1005 1009 1071 1079
1770392208.149 1006 991 997 1003 975 1009 1003 1018
1770392208.159 988 990 999 999 1018 1042 1214 1158
1770392208.169 1050 1009 1012 1027 1035 927 953 992
1770392208.179 1009 997 999 998 1054 1062 1071 1064
1770392208.189 981 982 997 988 997 1013 1085 1075
1770392208.199 949 983 996 1000 956 937 953 1003
1770392208.209 1017 1002 997 998 1040 1157 1167 1000
1770392208.219 985 1007 1010 984 859 924 1153 1041
1770392208.230 978 987 1006 989 1024 1072 1096 1056
1770392208.239 978 985 998 990 1018 977 1010 1075
1770392208.249 1005 984 985 989 1062 1157 1171 1124
1770392208.259 1020 976 990 1010 1029 954 917 1090
1770392208.269 1036 997 1012 1013 962 1000 1046 973
1770392208.279 1028 996 1002 999 1027 1042 1110 1128
1770392208.290 1036 989 994 975 897 888 989 1000
1770392208.299 980 992 997 998 997 1108 1228 1045
1770392208.309 1001 992 995 974 910 996 1100 1060
1770392208.319 1023 1006 1006 1002 991 1144 1175 1196
1770392208.329 1010 994 1003 999 991 1124 1100 1128
1770392208.340 1024 993 997 986 1013 1042 1042 1000
1770392208.349 997 978 997 980 954 1052 975 1007
1770392208.359 977 975 995 992 935 980 1003 852
1770392208.369 1049 1007 1011 1001 1048 1157 1071 1033
1770392208.379 1051 993 998 997 1056 1022 996 992
1770392208.389 1010 984 996 987 1000 990 1064 1086
1770392208.399 1023 984 987 973 1043 1121 1157 958
1770392208.409 973 990 997 970 945 983 960 932
1770392208.420 1046 1006 1008 1006 1086 1147 1092 905
1770392208.429 986 992 998 996 1008 1059 1010 1007
1770392208.439 970 990 1003 1000 916 937 1157 1230
1770392208.449 997 987 994 994 889 954 1028 1143
1770392208.459 1006 995 1001 993 1043 1009 1017 981
1770392208.469 1050 1006 1011 990 981 1088 971 992
1770392208.479 1022 990 998 989 1037 1095 971 1033
1770392208.490 1088 997 987 969 1029 1209 1042 909
1770392208.499 1009 987 993 1000 1013 1052 1035 1083
1770392208.509 1036 992 1002 1004 1116 1114 1025 962
1770392208.519 1003 1004 1007 997 1062 1101 1028 1011
1770392208.529 946 999 1005 992 991 1177 1296 1132
1770392208.539 936 985 995 983 913 947 1157 958
1770392208.549 944 980 991 1003 1037 1085 1075 1000
1770392208.559 1011 993 1001 997 1008 1029 985 962
1770392208.570 1038 999 1010 1000 1018 1016 960 1067
1770392208.580 972 991 998 1018 1127 996 921 920
1770392208.589 982 989 988 1001 1000 872 1003 1022
1770392208.599 1010 990 991 1002 1054 927 1017 1000
1770392208.609 1026 993 1000 998 1000 944 932 943
1770392208.619 1011 998 1008 1021 1118 1226 946 1056
1770392208.629 1029 1000 1005 1010 1021 1013 978 1022
1770392208.639 969 976 990 1003 1118 1019 1135 939
1770392208.649 969 977 992 1017 1091 1055 1060 905
1770392208.659 954 980 993 998 1013 1016 946 845
1770392208.670 1023 1003 1012 1016 967 983 1000 1128
1770392208.680 1009 1003 999 993 891 960 978 1075
1770392208.689 1000 981 994 989 981 1036 1032 1045
1770392208.700 1006 982 998 1001 1089 1016 985 1011
1770392208.709 980 988 997 1011 1132 1118 903 860
1770392208.720 1043 1027 1023 1008 986 1026 1075 909
1770392208.730 1005 1002 1002 1000 1043 937 1103 977
1770392208.739 982 981 996 1018 1083 1039 1125 973
1770392208.749 968 977 993 991 970 904 1035 1022
1770392208.760 954 986 1003 1015 918 872 975 996
1770392208.769 994 999 1012 1028 1067 1032 1017 913
1770392208.779 952 980 997 1016 1016 980 1010 924
1770392208.789 986 981 998 1017 1032 1003 1000 992
1770392208.799 1034 987 989 1002 1035 1055 796 943
1770392208.809 1051 1007 1001 989 1024 1127 935 1022
1770392208.820 1045 1006 1012 1000 994 1029 932 875
1770392208.829 966 992 1008 1011 1040 1003 1042 1181
1770392208.839 984 984 990 1008 956 895 1082 954
1770392208.849 942 985 1004 983 891 1026 1210 1147
1770392208.859 981 992 1001 994 962 1121 1185 1101
1770392208.869 1008 1001 1012 1003 929 918 1139 1150
1770392208.879 1046 996 1008 1008 970 1006 1042 1018
1770392208.889 1036 989 989 1002 1005 1068 1046 1033
1770392208.900 1017 986 988 999 981 977 996 988
1770392208.910 1038 1006 1005 1011 956 1059 1010 886
1770392208.919 1003 1007 1012 1019 1018 1029 1092 1007
1770392208.929 1005 993 998 996 997 1039 1107 1041
1770392208.939 968 995 994 1000 862 1009 1125 901
1770392208.949 1003 987 997 1002 1072 1098 1242 1052
1770392208.959 1009 994 1000 1013 954 934 1100 1067
1770392208.969 1013 1004 1012 1010 1054 1072 1082 977
1770392208.979 989 988 1000 1003 1056 1009 1085 1135
1770392208.989 961 975 987 1006 1102 1160 1096 1060
1770392208.999 994 990 992 992 975 1036 1035 1003
1770392209.009 992 992 1000 995 1037 1029 1171 1196
1770392209.019 1036 1004 1012 1014 1005 1065 1146 1018
1770392209.030 997 996 996 972 881 1049 1146 920
1770392209.040 989 995 1014 1011 1062 1088 1228 1094
1770392209.049 985 985 994 979 959 1059 1107 1109
1770392209.059 1000 989 997 994 1005 1072 1075 1000
1770392209.069 1003 995 1009 1009 1086 960 1000 1196
1770392209.079 1008 983 989 1000 972 970 985 1060
1770392209.089 1022 1003 992 993 951 986 1082 947
1770392209.100 1017 990 987 989 1081 1003 982 1015
1770392209.110 980 992 1000 998 1040 1003 935 1026
1770392209.119 1073 1009 993 975 1075 1245 1092 860
1770392209.129 1058 996 999 984 1078 1118 1121 939
1770392209.139 965 986 990 979 986 1019 1025 928
1770392209.149 969 983 994 989 991 1013 1007 1015
1770392209.160 1002 986 998 1006 1156 1104 1021 1007
1770392209.170 1000 998 1008 1003 1064 954 978 1132
1770392209.180 1081 1003 1001 997 1018 1013 1053 909
1770392209.189 1025 988 992 990 1016 973 1064 954
1770392209.199 985 988 998 1010 1064 1019 1003 962
1770392209.209 1025 989 993 983 975 980 885 747
1770392209.219 1096 1009 1008 1006 962 1032 971 1000
1770392209.229 1038 994 999 997 1040 1059 1035 883
1770392209.239 1001 984 991 988 1010 1045 1007 954
1770392209.250 1010 985 997 994 1048 1013 907 883
1770392209.260 937 993 1011 1011 1072 1068 1125 1207
1770392209.269 1048 1008 1010 1010 1018 1085 1067 1116
1770392209.279 1032 992 997 994 1013 1036 1014 1033
1770392209.289 960 978 991 990 1002 1072 1007 916
1770392209.299 1020 975 989 979 1102 1055 917 913
1770392209.309 1009 980 992 983 1083 1101 1042 1022
1770392209.319 1046 1005 1006 1009 1108 1111 950 932
1770392209.329 960 989 999 997 954 960 903 973
1770392209.339 1029 993 996 1004 1045 1140 1082 939
1770392209.349 952 972 988 988 962 1000 1178 1079
1770392209.359 998 989 996 1011 1054 1003 932 977
1770392209.370 1016 1002 1012 1014 1008 970 1053 1022
1770392209.380 982 986 1003 1004 1059 1091 921 1124
1770392209.390 961 974 990 1006 1086 921 817 954
1770392209.399 1023 984 986 986 1062 1039 1067 1007
1770392209.409 1014 980 995 990 970 1052 1039 1015
1770392209.419 1023 1001 1008 1005 981 911 1039 1135
1770392209.429 1008 995 1005 1006 1075 1081 1125 977
1770392209.440 924 989 999 991 916 924 1075 935
1770392209.450 946 976 991 1002 1024 1088 1100 935
1770392209.460 984 991 1003 1009 975 980 910 913
1770392209.469 1003 1001 1015 1014 1021 1036 1032 1049
1770392209.479 996 990 1009 1009 916 898 1017 1026
1770392209.489 992 987 997 990 916 954 985 1056
1770392209.500 973 980 990 992 1010 1006 1035 992
1770392209.510 988 985 999 991 916 931 1071 1090
1770392209.520 1033 1003 1013 1002 1032 1052 996 1135
1770392209.529 986 997 1006 988 991 977 903 875
1770392209.539 1006 986 995 999 1002 1111 1014 1026
1770392209.549 1011 996 996 990 964 999 1053 1000
1770392209.559 945 993 1003 998 956 993 1039 1056
1770392209.570 1009 1004 1016 1019 918 1052 1042 1041
1770392209.580 1029 989 1002 1011 1024 885 967 1060
1770392209.590 1008 983 995 994 1029 1062 1103 1041
1770392209.600 992 979 992 980 905 1039 975 977
1770392209.609 1002 988 999 992 1010 1032 989 1071
1770392209.619 1054 1014 1013 1005 991 1032 957 833
1770392209.629 984 997 995 999 964 1118 1114 984
1770392209.640 976 990 994 1007 967 986 1117 920
1770392209.649 990 987 995 993 981 1039 1125 958
1770392209.660 1003 1006 1004 1015 891 862 1214 1222
1770392209.670 994 1002 1015 1026 1016 1003 1014 1086
1770392209.679 1017 1000 1009 1000 981 1108 1053 1101
1770392209.689 998 990 994 986 983 1036 1025 996
1770392209.699 980 987 988 998 1029 1049 1096 973
1770392209.709 1037 990 987 990 1029 1088 1096 875
1770392209.719 1042 1006 1003 982 956 1045 1157 1116
1770392209.730 1029 991 1000 1000 1021 1029 1100 981
1770392209.740 1032 993 997 977 908 1036 982 1041
1770392209.750 978 997 1007 999 951 1098 1178 1207
1770392209.759 1010 987 997 1005 991 1022 1021 962
1770392209.769 1054 1011 1009 991 956 1137 1110 928
1770392209.780 989 995 996 993 1000 1068 1082 988
1770392209.790 946 980 994 981 983 1029 1092 1143
1770392209.800 972 974 994 991 1083 1036 1046 962
1770392209.810 1042 989 994 989 954 963 957 981
1770392209.820 1016 1007 1007 999 1002 1029 1078 1067
1770392209.830 1013 999 998 997 1005 1049 1057 886
1770392209.839 1018 990 992 985 1045 1157 1089 1026
1770392209.849 960 990 990 960 937 1108 1078 1000
1770392209.859 996 989 1000 981 937 921 989 962
1770392209.869 1078 1011 1012 1021 1102 1206 1160 1109
1770392209.879 1020 994 1001 986 897 1045 1125 1109
1770392209.889 985 980 996 1008 964 881 864 973
1770392209.899 1029 984 993 979 962 1019 907 935
1770392209.909 992 987 996 972 964 1111 1103 1049
1770392209.920 1074 1013 1003 992 945 1032 1103 883
1770392209.930 1018 1000 1003 1001 1040 1170 1032 935
1770392209.940 993 985 990 989 1013 1003 1000 811
1770392209.949 992 980 984 976 967 1019 971 973
1770392209.959 1065 999 997 978 1075 1137 1096 996
1770392209.969 1070 1012 1010 1010 1078 1088 1164 1033
1770392209.980 1013 988 1004 1015 1045 908 950 1075
1770392209.989 1008 987 993 994 1029 1049 900 852
1770392209.999 990 984 990 982 1005 1059 1071 1045
1770392210.009 1054 992 1002 994 997 993 1057 901
1770392210.019 1050 1004 1004 1010 1067 1147 1017 894
1770392210.029 1044 1007 994 985 1010 1121 1067 898
1770392210.039 1017 985 991 989 989 990 917 913
1770392210.049 1023 989 997 993 1010 1124 1071 977
1770392210.059 998 995 1001 997 983 973 964 943
1770392210.069 989 1012 1018 1007 991 1006 1085 920
1770392210.079 1032 995 995 1000 1040 1062 832 845
1770392210.089 985 983 989 973 1124 1091 1039 984
1770392210.100 978 983 991 989 1018 1042 1071 992
1770392210.110 1014 1000 998 1002 1029 1036 1078 988
1770392210.120 1065 1010 1004 1015 1121 1167 1071 1173
1770392210.130 1032 995 1003 989 883 947 882 954
1770392210.140 1008 986 996 990 951 924 1092 977
1770392210.150 988 988 996 988 1005 895 992 981
1770392210.160 940 991 1006 995 956 1036 1153 1135
1770392210.169 1070 1010 1026 1030 1078 1016 1007 1075
1770392210.179 1023 997 1002 1005 1000 1055 1053 1018
1770392210.189 1030 994 997 991 967 1098 1032 981
1770392210.199 1060 997 994 994 959 940 925 1083
1770392210.210 1080 1001 1000 999 1035 1036 932 1033
1770392210.220 990 1002 1009 1006 1075 1036 967 1083
1770392210.230 976 989 1003 1002 1027 977 996 1052
1770392210.240 996 983 995 968 994 1016 1050 981
1770392210.250 937 985 991 979 843 996 1114 1041
1770392210.260 1053 1011 1010 1005 1035 957 1014 954
1770392210.270 1042 1009 1004 1017 1002 1091 1100 1026
1770392210.280 1002 991 994 1013 997 1032 1046 1033
1770392210.289 1023 990 997 1007 948 865 900 992
1770392210.299 1003 986 996 1015 1086 921 1071 1090
1770392210.309 1052 1003 1004 1000 956 993 1010 924
1770392210.319 1046 1011 1007 1015 1005 1016 975 1037
1770392210.329 1052 1003 1004 997 986 1121 1182 1086
1770392210.339 1014 992 991 991 972 1127 1117 883
1770392210.350 1057 1011 1002 1001 994 1049 1117 1033
1770392210.360 1050 996 1003 1002 951 927 989 867
1770392210.370 1040 1002 1013 1004 1037 1190 1142 1030
1770392210.380 1026 999 1002 972 948 1016 1010 856
1770392210.390 969 986 1002 1017 1048 999 1082 977
1770392210.399 1003 984 995 1007 991 1029 1171 966
1770392210.409 1006 992 999 992 954 1042 1035 1022
1770392210.419 1064 1002 1008 998 1097 1085 1060 826
1770392210.429 1046 996 995 975 1035 1219 1067 1033
1770392210.440 965 992 995 975 940 1196 1096 1116
1770392210.450 966 985 991 985 932 1059 1050 1000
1770392210.460 1008 987 992 984 1075 1108 1035 939
1770392210.470 1051 1011 1008 1012 986 1000 1067 981
1770392210.480 1025 985 1003 1018 1056 944 950 1033
1770392210.489 1029 999 996 1007 1040 1150 1050 973
1770392210.499 1002 982 990 978 989 967 971 905
1770392210.509 986 983 997 991 972 1036 1025 883
1770392210.519 1057 1011 1001 983 1089 1193 1028 830
1770392210.529 985 999 1003 1003 1002 1009 1060 1113
1770392210.540 1009 990 991 998 983 1036 1021 973
1770392210.550 994 972 986 992 1029 1104 1057 958
1770392210.560 1046 1000 1004 995 994 1134 1139 984
1770392210.570 934 990 1011 1002 948 908 1082 1162
1770392210.580 1000 994 1004 1003 1010 1022 1071 981
1770392210.589 1042 982 986 982 951 1078 982 856
1770392210.600 1036 986 997 983 1032 1075 982 977
1770392210.610 1042 987 993 988 1118 1157 971 833
1770392210.620 1022 1002 1002 987 1081 1072 1103 943
1770392210.630 1006 994 999 1008 1081 1055 1117 932
1770392210.639 973 984 994 1003 1005 1013 1042 1022
1770392210.650 992 983 995 991 1002 983 1021 973
1770392210.660 989 975 995 985 921 1039 992 883
1770392210.670 1003 997 1011 1024 1062 1111 1100 996
1770392210.680 1037 989 1001 999 1008 1059 989 977
1770392210.690 997 983 994 999 1083 1118 1017 977
1770392210.700 993 971 992 988 1016 1055 885 924
1770392210.710 1050 994 990 971 1005 1059 1085 890
1770392210.719 1011 1006 1009 1007 1091 1085 1060 1026
1770392210.729 988 987 992 1000 1075 1085 1082 1026
1770392210.740 974 984 993 1003 1091 1095 1035 988
1770392210.750 966 987 993 974 856 1013 1153 1162
1770392210.759 928 991 1008 1008 972 980 1042 1132
1770392210.770 1048 1003 1012 1001 986 960 964 920
1770392210.779 1000 989 1000 992 1037 983 1046 1064
1770392210.790 1021 982 997 1011 1081 963 782 818
1770392210.800 996 980 990 979 951 1026 1057 1090
1770392210.810 1016 983 997 1018 991 934 1096 958
1770392210.819 1042 1003 1009 1005 994 957 964 992
1770392210.830 1008 995 1007 1006 1056 1209 1125 1067
1770392210.840 973 998 998 982 921 1052 1128 984
1770392210.850 958 980 994 1000 986 1006 1110 973
1770392210.860 985 990 1004 1000 986 1003 1096 958
1770392210.870 1014 1003 1010 1005 962 944 1000 1060
1770392210.880 1036 994 1001 1011 967 970 921 1071
1770392210.890 986 969 990 993 943 918 1107 1139
1770392210.900 980 986 1000 983 970 1032 1135 1116
1770392210.910 978 997 1000 1008 905 921 1071 1000
1770392210.920 1009 1005 1014 1016 1091 1055 1028 1041
1770392210.930 1014 1006 1002 975 994 1013 935 992
1770392210.939 946 992 1000 970 967 934 953 1139
1770392210.950 978 983 994 989 1024 1016 1153 1086
1770392210.960 952 987 1001 996 943 1006 1078 1083
1770392210.970 1066 1002 1014 1006 1037 1016 1003 984
1770392210.979 966 982 1004 1005 937 918 1067 1060
1770392210.990 988 980 996 1001 997 1022 1096 1049
1770392211.000 978 989 1004 1002 929 908 946 954
1770392211.010 993 988 1002 1006 1043 1068 1003 1030
1770392211.020 1073 1007 1004 1008 1070 1088 957 830
1770392211.030 1021 995 1000 982 913 983 1096 924
1770392211.040 1011 994 995 978 981 980 1110 1184
1770392211.049 1014 982 996 980 970 980 1042 1090
1770392211.060 1058 996 998 984 924 1068 1032 984
1770392211.070 1014 1004 1018 1013 951 862 1000 1098
1770392211.080 976 983 1000 991 981 1019 1167 1079
1770392211.090 997 982 987 979 972 963 1071 962
1770392211.100 1002 980 994 984 1064 1075 1042 969
1770392211.110 1108 987 984 975 1145 1029 857 773
1770392211.119 1057 1004 1005 987 937 1065 992 935
1770392211.129 1057 998 1006 1000 981 1114 1071 1033
1770392211.139 1001 989 993 994 983 1019 982 916
1770392211.149 997 993 997 988 956 1003 1196 1041
1770392211.159 1030 991 1003 985 913 1036 1135 1026
1770392211.171 1024 1006 1010 990 1027 1118 1132 1011
1770392211.180 989 995 1003 990 983 1006 1135 1018
1770392211.190 952 972 985 985 1043 1134 1075 1109
1770392211.200 969 975 985 1008 1167 1068 960 939
1770392211.210 1050 988 998 980 991 993 1014 849
1770392211.220 1029 1005 1014 996 1116 1075 1035 1011
1770392211.230 993 993 995 1001 1021 990 950 958
1770392211.240 993 986 998 996 989 1068 1107 950
1770392211.250 1049 1000 996 997 1048 1177 1028 947
1770392211.260 1022 978 991 1014 1035 1108 975 984
1770392211.270 997 1004 1012 1017 1018 1127 1010 1132
1770392211.280 1001 983 999 995 1002 1085 1042 1011
1770392211.290 940 970 997 1009 1197 1081 1114 977
1770392211.300 1025 973 985 974 959 973 925 935
1770392211.310 984 987 996 994 1013 950 1025 1003
1770392211.319 1030 1010 1010 999 1013 967 982 1003
1770392211.330 1017 994 989 1002 1037 1026 921 800
1770392211.340 1045 992 996 1000 1029 1068 967 739
1770392211.350 960 969 989 980 951 1059 989 867
1770392211.360 1009 985 999 995 1051 1072 1064 932
1770392211.370 1010 1002 1015 1010 981 990 1092 1011
1770392211.380 922 973 999 1024 1010 950 992 1116
1770392211.390 970 973 1000 1017 1081 999 957 894
1770392211.400 1016 989 995 996 1054 1091 989 958
1770392211.410 1021 1000 1000 994 994 1072 1053 943
1770392211.420 1021 1005 1009 1001 997 996 950 920
1770392211.429 1033 995 1002 973 913 996 939 803
1770392211.440 1010 988 995 985 1010 970 1064 943
1770392211.450 962 981 993 989 983 1013 1010 883
1770392211.460 1049 996 1006 1007 940 1009 1071 992
1770392211.470 965 1007 1028 1017 910 1003 1157 1230
1770392211.480 984 992 1004 993 967 1022 1035 1071
1770392211.490 997 988 990 995 1000 1095 953 928
1770392211.500 972 992 998 1003 1013 1009 1146 1033
1770392211.509 1010 992 998 996 932 924 975 1037
1770392211.520 1065 1007 1011 1011 1005 986 1021 867
1770392211.530 982 996 1001 1001 964 881 1142 1086
1770392211.540 962 980 998 1000 1032 1006 1114 1033
1770392211.550 1006 990 998 991 1002 990 982 1015
1770392211.560 973 1000 996 993 972 1032 1053 1067
1770392211.570 1014 1020 1011 1011 983 1104 1053 1083
1770392211.580 1002 991 1002 993 937 1049 1025 935
1770392211.590 961 987 997 986 1008 1088 1114 1139
1770392211.600 942 984 995 988 908 950 1085 1132
1770392211.610 1006 982 997 1014 1005 967 917 1083
1770392211.620 1020 1007 1005 1010 1035 1036 1053 1026
1770392211.630 977 992 996 988 962 1026 1142 1033
1770392211.640 986 1000 994 990 916 947 917 1007
1770392211.650 1002 997 998 991 1000 1055 996 973
1770392211.660 969 999 1003 1009 1040 1068 1046 901
1770392211.670 1042 1010 1012 1001 886 1013 1014 947
1770392211.680 976 997 1006 997 991 1072 1217 1181
1770392211.690 981 983 998 982 905 990 1089 1083
1770392211.700 908 964 992 1002 878 914 1025 1090
1770392211.709 984 987 996 994 1067 1039 1046 958
1770392211.720 997 1008 1004 987 1029 1062 1157 1026
1770392211.730 1020 1005 1006 988 1002 1003 1014 992
1770392211.740 1029 988 988 985 1043 1134 982 807
1770392211.750 1001 997 997 986 921 1026 1035 996
1770392211.760 1045 992 998 980 948 1006 1028 909
1770392211.770 1084 1010 1012 1011 1000 1124 1125 1030
1770392211.780 1036 995 999 996 1002 1075 1192 1090
1770392211.790 970 978 994 990 864 940 996 1181
1770392211.800 1050 988 998 1004 1113 1091 1042 984
1770392211.810 1005 983 995 992 1045 1062 985 1003
1770392211.820 1033 1007 1008 1011 1018 1085 1085 1060
1770392211.830 1036 995 994 988 986 872 939 837
1770392211.840 970 977 984 987 1089 1085 953 935
1770392211.850 1026 995 990 985 1021 1016 985 875
1770392211.860 985 988 999 1010 1029 1029 1042 1075
1770392211.870 1045 1007 1010 1008 1072 990 1078 992
1770392211.880 980 995 1006 988 894 849 1003 992
1770392211.889 1020 984 991 991 1072 1124 1003 984
1770392211.900 1032 985 987 997 1035 1072 1032 1011
1770392211.910 1021 997 993 992 1043 1177 1075 1011
1770392211.920 1048 1000 1007 1009 1064 967 925 1033
1770392211.930 1017 983 988 1002 1140 1157 1128 1158
1770392211.940 1032 991 990 995 978 1045 1003 901
1770392211.950 1000 980 990 989 989 1042 1039 988
1770392211.959 1024 996 999 1007 1067 1163 1050 837
1770392211.970 1017 1014 1016 1000 862 914 1000 954
1770392211.980 1009 998 1004 1017 1075 1121 1092 1071
1770392211.990 1013 980 993 996 959 1032 1092 924
1770392212.000 994 982 991 990 1037 1065 1164 1026
1770392212.010 990 989 995 1008 1078 986 914 1022
1770392212.020 1010 988 999 1024 1221 1114 975 1064
1770392212.030 1021 985 998 1004 1000 986 885 947
1770392212.040 978 974 986 996 1010 963 950 879
1770392212.050 993 986 993 998 1045 1049 1017 966
1770392212.060 941 989 990 992 956 1059 1092 969
1770392212.070 990 1004 1014 1024 1108 1180 1142 1041
1770392212.080 966 995 1002 1018 1048 973 992 875
1770392212.090 919 978 986 991 981 1065 917 1086
1770392212.100 952 980 998 1012 991 937 910 1018
1770392212.110 997 988 993 985 997 970 992 1030
1770392212.120 1022 1002 1002 1005 1056 1052 1025 1064
1770392212.130 990 983 994 995 1008 1016 978 894
1770392212.140 1010 1001 1002 1014 1024 1101 1025 1003
1770392212.150 946 980 988 994 1021 1098 982 981
1770392212.161 984 985 995 1003 1072 1095 1110 996
1770392212.171 1054 1007 1014 1029 1005 947 992 928
1770392212.181 1036 996 997 991 1016 1095 1046 1037
1770392212.190 998 995 1003 994 1010 1045 1082 966
1770392212.200 917 973 995 1006 924 927 1028 1022
1770392212.210 981 996 1003 1017 1064 1078 1089 1049
1770392212.220 1046 1010 1014 1014 983 1006 1010 969
1770392212.230 1001 996 1002 1009 1010 1062 1164 1203
1770392212.240 1005 991 989 977 885 980 1038 996
1770392212.250 1003 992 1001 999 989 960 1035 1003
1770392212.260 1051 996 1009 1008 948 934 939 954
1770392212.271 1014 1004 1003 1008 1005 1006 1146 1026
1770392212.281 992 996 998 990 872 875 1053 1086
1770392212.290 920 973 993 1000 972 904 989 996
1770392212.300 997 992 1003 998 1013 993 1189 1177
1770392212.310 1001 994 994 993 943 1059 1096 954
1770392212.320 1038 1011 1015 1011 1070 1104 1153 988
1770392212.331 1042 990 986 985 1045 1140 1050 950
1770392212.341 952 974 982 969 943 1016 1078 1030
1770392212.351 998 991 995 990 1016 977 1032 988
1770392212.361 1020 993 987 980 937 1026 1107 973
1770392212.371 1037 1007 1010 994 967 1081 1225 1026
1770392212.381 1006 980 994 980 921 1006 1039 1022
1770392212.391 1050 996 995 994 983 1111 1157 1086
1770392212.401 1010 995 992 978 1021 977 1003 939
1770392212.411 1002 993 997 994 1081 1065 1025 1086
1770392212.420 998 997 1009 1019 1100 1013 1000 1079
1770392212.431 976 984 999 991 916 934 1078 1094
1770392212.441 982 983 990 993 1024 986 964 954
1770392212.451 1002 987 993 1001 1102 1167 1121 1030
1770392212.461 1003 993 993 991 1108 1127 1153 984
1770392212.471 988 1012 1017 994 1035 1042 1157 969
1770392212.480 988 992 1003 997 1037 1039 1014 1049
1770392212.491 1033 979 987 985 981 1078 1060 947
1770392212.500 997 988 988 996 991 1045 1092 1086
1770392212.511 1022 989 998 1019 1110 1098 935 883
1770392212.521 1002 996 996 1003 1040 1016 992 950
1770392212.531 1002 997 1000 1010 1121 1072 1082 966
1770392212.541 973 985 985 989 1064 1045 964 1018
1770392212.551 1000 995 996 989 1027 1137 1035 958
1770392212.561 1045 1002 998 984 845 914 992 879
1770392212.571 1010 1006 1009 1017 1113 1075 1053 1015
1770392212.581 1038 998 1003 1008 1040 1088 971 1030
1770392212.591 1005 978 985 982 905 1013 950 969
1770392212.601 985 979 998 1011 1091 895 878 860
1770392212.611 1028 992 998 1003 1010 1055 1092 996
1770392212.621 1050 1003 1012 1017 1064 993 1067 1079
1770392212.631 1010 992 998 1011 1029 1032 942 1000
1770392212.641 1010 980 985 965 1056 1111 1035 916
1770392212.651 1017 1003 998 979 956 1124 1142 883
1770392212.661 1000 992 1004 1003 1008 1055 982 1022
1770392212.671 1032 1003 1013 1013 994 1055 1017 1026
1770392212.681 1005 986 999 991 962 1003 1117 992
1770392212.690 1006 986 996 1004 989 1006 1010 954
1770392212.700 992 983 996 980 962 996 1021 984
1770392212.711 986 992 998 997 1045 1032 942 1064
1770392212.721 1053 1007 1018 1042 1137 973 939 1015
1770392212.731 1016 991 1000 1001 1064 1032 1028 1116
1770392212.741 1014 977 983 973 1002 1049 910 909
1770392212.751 996 986 998 987 1000 1052 1007 1011
1770392212.761 984 992 1007 1000 1021 1049 1057 1162
1770392212.771 1026 994 1007 1001 1013 999 975 1060
1770392212.781 962 993 1002 984 872 986 1121 1124
1770392212.791 982 977 990 989 918 931 925 913
1770392212.801 953 986 993 989 951 911 1125 1094
1770392212.811 1008 1001 1007 1005 1002 865 1000 1011
1770392212.821 980 1000 1003 1002 1062 1039 1164 1211
1770392212.831 1045 1007 1004 992 1116 1183 1064 1003
1770392212.842 976 984 995 985 972 973 1114 1022
1770392212.851 964 995 1002 999 1000 1042 1200 1252
1770392212.861 993 991 1001 999 970 1052 1064 1015
1770392212.871 1000 1012 1017 1000 894 1019 1196 1083
1770392212.881 1003 1001 1001 1008 983 996 1078 1045
1770392212.891 952 983 993 986 951 940 967 1045
1770392212.901 998 997 998 995 940 921 1032 996
1770392212.911 1011 992 994 992 1037 993 960 1083
1770392212.921 1070 1003 999 999 1032 1049 1050 1052
1770392212.931 1034 997 998 999 983 990 1021 913
1770392212.941 1014 985 999 991 1035 980 1046 1030
1770392212.951 1005 985 992 991 1032 1072 1021 988
1770392212.961 1020 994 1000 993 940 1072 1053 879
1770392212.971 1060 1005 1006 1007 1000 1104 1200 1067
1770392212.981 994 1001 1000 991 956 1085 1121 1041
1770392212.991 1009 996 993 979 1010 1075 1053 984
1770392213.001 992 994 994 991 937 1022 982 1022
1770392213.011 1009 979 988 1007 1048 1029 996 954
1770392213.021 1097 1009 1008 1010 1040 1049 1032 875
1770392213.031 1042 992 1001 998 1048 1052 1050 1064
1770392213.042 1020 990 992 994 1002 1032 996 966
1770392213.051 1021 990 988 986 1010 1045 1053 916
1770392213.061 1046 1003 1004 1006 1040 1147 1160 928
1770392213.071 1005 1008 1004 1002 1124 1019 1117 1011
1770392213.081 981 992 1001 999 1035 980 1000 1022
1770392213.091 972 984 997 1008 1002 1013 996 1030
1770392213.102 976 978 991 1015 1170 1016 1103 1113
1770392213.111 1026 991 994 985 1037 1009 967 871
1770392213.121 1072 1011 1012 1002 1083 1059 1117 1015
1770392213.131 1020 998 1003 994 1102 1042 1071 1003
1770392213.141 1057 988 983 962 1021 1173 957 762
1770392213.151 1066 1013 997 999 1083 1186 1182 969
1770392213.162 1016 986 993 992 1045 1104 1053 962
1770392213.171 1033 1006 1010 999 1059 1140 1042 988
1770392213.181 1003 1003 1004 1015 991 947 960 935
1770392213.191 926 971 992 1005 1037 950 914 1060
1770392213.201 994 987 999 993 916 1019 935 920
1770392213.211 976 983 998 991 991 990 1000 984
1770392213.221 1013 1006 1013 1007 1024 1078 957 1094
1770392213.231 1021 988 996 990 1024 1062 957 879
1770392213.241 998 988 993 994 1067 1163 1014 977
1770392213.252 976 982 993 993 1072 1072 1014 924
1770392213.262 993 983 995 999 1051 1098 946 1086
1770392213.271 1045 997 1010 1018 1010 1032 1114 1052
1770392213.281 969 986 996 993 991 993 1103 1037
1770392213.291 986 985 992 992 1045 986 1010 988
1770392213.301 1011 985 997 986 1005 1016 957 860
1770392213.311 1010 1005 1006 994 1067 1072 1096 1135
1770392213.321 989 995 1009 1012 1032 898 857 913
1770392213.332 1049 996 999 991 943 1019 1085 1177
1770392213.341 1030 980 987 982 1002 908 860 856
1770392213.351 1001 990 998 982 983 1022 1107 1030
1770392213.361 993 994 1007 1010 1043 1055 1025 935
1770392213.371 1042 1019 1016 1006 1027 1052 1110 916
1770392213.381 1006 996 1001 1020 1032 1062 1046 1098
1770392213.391 1017 986 987 984 978 1068 978 1011
1770392213.401 1017 995 1002 994 1000 1026 1071 1049
1770392213.411 957 985 994 1007 991 901 1021 1150
1770392213.421 1009 997 1004 1011 1075 944 1003 1200
1770392213.432 946 996 1009 1024 1016 875 1021 1011
1770392213.441 961 979 992 983 940 977 1057 1090
1770392213.451 986 997 1000 998 997 1118 1017 988
1770392213.461 957 1009 1006 989 886 1111 978 981
1770392213.471 1025 1019 1015 1012 1000 1059 1160 1222
1770392213.481 1016 995 999 999 994 1078 996 1026
1770392213.491 978 987 998 994 994 1059 1089 1011
1770392213.501 993 985 1002 997 959 940 1017 1022
1770392213.512 985 980 999 996 962 918 935 1113
1770392213.521 1014 1000 1006 1005 983 1016 1042 1026
1770392213.531 990 992 1003 976 981 1006 1153 1120
1770392213.541 981 988 991 990 1048 1068 1017 981
1770392213.551 1017 997 994 995 937 970 832 920
1770392213.562 913 991 995 1020 1043 1137 1142 1139
1770392213.571 1056 1012 1013 1000 983 1104 1103 1105
1770392213.581 1042 1005 1005 994 948 1029 1146 1041
1770392213.591 1045 989 994 1000 1029 1075 1053 1018
1770392213.601 960 983 998 990 813 1036 1317 1215
1770392213.612 1028 999 1002 1002 981 1045 1021 958
1770392213.622 1009 1007 1010 989 943 1042 1057 935
1770392213.631 1013 996 1003 985 924 1022 1082 1052
1770392213.641 1038 986 988 987 972 911 1003 954
1770392213.651 1009 987 992 983 981 1003 1085 958
1770392213.661 1029 997 993 999 997 1019 1100 954
1770392213.671 1049 1008 1009 1002 986 986 1032 1041
1770392213.681 1053 1011 1004 993 889 1104 1157 1011
1770392213.691 958 983 993 971 872 934 1050 1128
1770392213.701 1010 994 996 986 1040 1072 1042 875
1770392213.711 1016 991 993 988 1048 1016 1025 837
1770392213.721 988 996 1002 1003 1116 1124 1121 1041
1770392213.731 1053 991 992 990 1029 954 835 845
1770392213.742 997 977 988 981 1045 1042 1114 996
1770392213.751 1016 992 995 986 1002 996 1053 935
1770392213.761 1013 992 990 982 975 970 939 950
1770392213.771 1068 1017 1007 998 1056 1259 1021 849
1770392213.781 974 995 1005 998 964 1091 1117 1003
1770392213.791 981 980 992 995 1024 1131 1060 1037
1770392213.801 985 993 996 1009 1000 1072 1032 867
1770392213.811 976 989 988 977 956 1108 1021 1083
1770392213.822 1005 992 1009 1029 1167 967 985 928
1770392213.832 1022 994 998 1008 1121 1068 946 845
1770392213.841 986 979 990 1001 1089 1095 1021 996
1770392213.852 1014 982 995 991 959 1019 907 871
1770392213.862 1034 999 1000 998 1140 1209 1046 981
1770392213.871 1021 1002 1007 992 989 999 975 913
1770392213.881 988 988 1000 992 954 957 1071 943
1770392213.891 1014 980 989 984 1032 1085 1007 966
1770392213.901 1009 983 989 991 1024 1170 1082 1056
1770392213.911 990 993 1002 1019 1054 986 1117 1007
1770392213.921 1009 997 1013 1007 908 950 1010 1022
1770392213.931 966 983 998 1022 1121 1095 935 924
1770392213.942 938 970 987 982 1027 940 939 947
1770392213.952 1006 988 991 982 1067 1065 1017 932
1770392213.961 1016 992 989 972 978 1006 1046 856
1770392213.971 989 996 1006 997 1000 950 1025 996
1770392213.981 1005 994 998 1009 1040 1029 957 1011
1770392213.991 957 972 988 989 1000 990 1014 992
1770392214.001 957 990 1004 1006 881 842 985 1094
1770392214.011 990 979 1003 992 897 878 1075 1003
1770392214.022 958 990 1007 1002 1086 1114 1121 1139
1770392214.032 980 990 997 992 929 904 853 913
1770392214.041 1016 978 986 1000 1072 1039 1007 841
1770392214.051 1054 995 991 990 1072 1219 1071 954
1770392214.061 985 985 997 997 908 973 1057 1060
1770392214.071 1041 1007 1017 1008 981 983 935 1003
1770392214.081 1023 1001 1003 1001 1029 1065 989 958
1770392214.092 973 982 999 993 918 940 1139 1041
1770392214.101 974 992 1004 991 978 999 1064 901
1770392214.111 980 992 1002 1002 1024 1059 1121 1184
1770392214.121 1018 1009 1010 1007 1024 1081 1082 1079
1770392214.131 1018 997 1000 1013 1051 993 1075 947
1770392214.141 1057 992 992 996 1035 1009 1139 1007
1770392214.152 957 994 1005 990 935 881 1067 1022
1770392214.161 981 999 1001 995 994 973 1096 966
1770392214.171 1010 1006 1010 1007 994 1016 1021 886
1770392214.181 989 992 1000 1001 943 1091 1110 913
1770392214.191 1030 992 990 981 948 977 1075 924
1770392214.202 1018 993 1002 1008 975 973 1075 1166
1770392214.212 1006 985 1002 1005 967 1098 1017 1105
1770392214.222 1026 1002 1012 1022 1016 1032 1057 1094
1770392214.231 1034 990 1001 1020 1108 1091 1082 943
1770392214.241 989 980 995 980 1024 927 975 879
1770392214.251 993 981 995 988 1018 1062 1096 909
1770392214.261 1017 989 997 991 1024 1072 1042 943
1770392214.272 1072 1002 1003 992 1000 1245 1107 1101
1770392214.282 986 998 996 991 918 957 1085 996
1770392214.292 953 979 988 987 1002 1085 1053 1056
1770392214.301 1005 985 993 992 1064 1026 1175 1049
1770392214.311 1038 982 991 1005 1010 990 910 924
1770392214.321 1082 1006 1009 1012 1064 1081 942 905
1770392214.331 1060 1000 991 992 964 1068 1078 1026
1770392214.342 936 979 987 988 1032 1131 1164 1071
1770392214.351 988 989 997 1010 1070 1108 903 856
1770392214.361 1040 988 988 970 1010 1163 1125 928
1770392214.371 1020 1016 1005 995 986 1052 1007 939
1770392214.381 989 993 992 992 1040 1121 1050 1018
1770392214.391 978 980 991 993 1083 1006 982 1015
1770392214.401 992 983 995 1007 1008 1042 957 992
1770392214.411 1002 990 1004 1011 1018 963 935 996
1770392214.421 1076 1011 1013 1015 1056 967 1028 950
1770392214.431 1026 992 1002 996 1051 1006 996 1015
1770392214.441 973 987 987 993 1113 927 896 958
1770392214.451 985 981 985 989 1048 1072 950 864
1770392214.461 1025 991 996 995 1016 1078 907 894
1770392214.472 1080 1001 1007 994 1018 980 985 939
1770392214.482 997 981 1005 1009 1029 1049 1042 1037
1770392214.491 982 980 986 996 1027 1013 939 939
1770392214.501 953 990 1004 1011 954 888 978 1003
1770392214.511 993 989 993 1000 1021 1154 957 845
1770392214.521 1048 1005 1012 1011 997 1042 1021 1071
1770392214.532 1045 993 1002 1007 989 940 1025 1022
1770392214.542 994 977 987 994 1051 957 932 962
1770392214.551 1056 1004 995 995 1124 1111 1078 981
1770392214.561 1003 995 997 993 997 1022 1035 1030
1770392214.571 1022 998 1007 1019 991 980 1017 1090
1770392214.582 972 986 997 1010 1062 927 953 1064
1770392214.592 888 980 999 989 913 940 1050 1067
1770392214.601 986 996 1000 1009 1054 1029 1010 1007
1770392214.611 956 990 996 999 1010 944 932 1056
1770392214.621 1014 1007 1010 1022 1081 1085 946 1052
1770392214.631 1054 990 1000 1013 1059 957 839 905
1770392214.641 1025 992 984 1005 1108 1052 1014 1052
1770392214.652 1000 987 991 982 924 931 1021 962
1770392214.661 998 989 999 1001 972 927 1003 1083
1770392214.672 1009 1004 1011 1009 1045 1081 1025 1086
1770392214.682 905 996 1002 995 889 918 1035 1135
1770392214.692 969 983 989 990 1013 1039 1042 973
1770392214.702 1011 996 998 996 864 849 982 954
1770392214.712 1041 989 998 1000 964 1039 1050 996
1770392214.721 1026 995 1013 1038 1027 862 900 966
1770392214.731 966 986 993 997 1032 1006 1025 1015
1770392214.741 970 987 995 988 927 960 1092 1026
1770392214.751 990 988 1000 1004 1008 1032 1039 1075
1770392214.761 1006 993 1000 1004 1037 1052 1110 981
1770392214.772 984 1003 1010 995 954 1029 1089 977
1770392214.781 986 1008 1009 1005 1032 1127 1203 1049
1770392214.791 949 981 993 993 916 1049 1039 1000
1770392214.801 954 986 995 994 881 1003 1003 1030
1770392214.812 1018 996 1006 991 902 908 1050 1022
1770392214.822 1020 989 998 1000 1078 1055 942 1015
1770392214.831 992 1000 1001 999 956 1059 1110 928
1770392214.842 949 985 990 980 878 1022 1007 988
1770392214.851 981 983 997 1006 1040 947 1175 1166
1770392214.862 1032 991 993 981 935 1199 1142 932
1770392214.871 1033 1013 1017 1004 1040 1045 1110 1037
1770392214.882 1005 997 996 991 997 990 978 1011
1770392214.892 928 974 988 985 883 1065 1060 1109
1770392214.901 978 982 1002 1012 945 950 1039 1086
1770392214.911 984 975 993 990 1035 990 935 1098
1770392214.921 1064 1004 1010 1017 1102 1049 1057 935
1770392214.932 1086 985 998 977 945 911 1053 981
1770392214.942 977 984 994 986 954 1081 1178 1064
1770392214.952 1048 994 988 977 1013 1186 996 754
1770392214.962 1006 995 997 993 994 1078 1028 1030
1770392214.971 1041 1014 1008 1018 1081 1137 1000 984
1770392214.981 1006 1000 998 988 981 1026 1114 988
1770392214.991 952 983 993 985 975 1055 1035 1018
1770392215.001 976 985 987 975 1048 1095 1100 1135
1770392215.012 1023 991 997 999 1045 1052 1014 898
1770392215.022 1124 1016 1018 995 1027 1003 1060 875
1770392215.032 1040 990 1004 986 1072 1078 1121 1086
1770392215.042 1044 975 986 983 972 967 1010 864
1770392215.051 1006 979 990 985 1027 957 1032 1056
1770392215.061 1041 985 1001 991 1035 1088 1075 1015
1770392215.072 1042 998 1003 991 975 1121 1153 1173
1770392215.082 1086 1001 1006 992 1040 1144 1085 1086
1770392215.092 1016 979 988 976 997 1022 1135 1018
1770392215.101 1050 985 996 997 1035 1193 1142 988
1770392215.111 1022 1000 1000 991 1010 1072 1057 905
1770392215.121 1000 1006 1010 1008 1029 1134 942 984
1770392215.132 1050 985 996 1001 1072 970 800 950
1770392215.142 1002 983 982 975 943 993 871 898
1770392215.152 1032 991 994 998 983 1104 1053 1011
1770392215.162 1003 991 1002 993 1056 1026 1071 988
1770392215.171 1021 1005 1011 1009 1137 1137 1110 1000
1770392215.181 977 990 998 986 951 993 1032 958
1770392215.191 984 971 980 982 1021 1003 1225 1094
1770392215.202 1016 983 999 978 994 954 946 954
1770392215.212 986 981 998 999 1018 1059 1128 1045
1770392215.222 1026 985 999 1022 1089 1026 950 1116
1770392215.231 1033 981 981 990 986 1095 885 943
1770392215.241 1017 986 990 993 1010 1085 1017 852
1770392215.251 997 990 997 1000 1008 1049 1053 845
1770392215.262 1025 993 1004 999 954 1036 1057 864
1770392215.272 1070 1010 1014 1006 886 986 1007 909
1770392215.282 968 980 990 995 1081 1042 1039 875
1770392215.292 1000 982 990 996 1013 1091 1007 969
1770392215.301 956 980 995 996 981 990 953 1022
1770392215.311 988 988 1001 1021 1102 1045 953 1252
1770392215.322 992 988 1005 1004 1021 1006 771 958
1770392215.332 1038 994 1002 1012 1037 1026 1025 1041
1770392215.342 998 987 988 997 913 960 1042 939
1770392215.352 950 984 988 997 972 1009 1010 1003
1770392215.361 1048 1005 1001 993 1062 1049 946 849
1770392215.371 1013 1003 1014 1013 1059 918 910 966
1770392215.381 994 991 996 994 1032 1039 1096 1030
1770392215.391 981 980 990 972 989 931 1000 950
1770392215.401 949 976 998 1008 1018 1045 978 1060
1770392215.412 1018 990 998 986 918 809 892 1000
1770392215.421 1020 1002 1008 1007 1032 1016 1007 996
1770392215.431 996 983 997 996 1016 1036 1057 1030
1770392215.441 954 975 985 981 975 944 989 1064
1770392215.451 1056 994 994 988 1008 983 875 864
1770392215.462 996 984 993 987 902 931 1007 879
1770392215.472 1020 1008 1010 999 1002 1049 1057 1049
1770392215.482 1016 1009 1008 992 981 983 1007 1056
1770392215.492 922 978 993 978 921 977 1185 1143
1770392215.501 930 982 1003 1017 1024 980 1071 1060
1770392215.512 929 989 999 994 1016 950 942 1003
1770392215.522 1048 1011 1017 1014 1054 1055 1110 992
1770392215.532 1011 979 999 1009 1035 1062 1010 992
1770392215.542 1032 988 990 988 1013 996 875 781
1770392215.551 1026 998 996 982 948 950 917 973
1770392215.561 1038 997 1002 985 1008 977 971 1030
1770392215.571 1030 1017 1016 996 916 1026 1025 1000
1770392215.582 918 1000 1002 1000 875 1059 1225 984
1770392215.591 977 983 994 997 1002 970 1064 916
1770392215.601 970 990 999 991 1008 1042 1032 950
1770392215.612 1030 999 1001 993 994 1022 1192 1211
1770392215.622 1000 1008 1010 1003 924 1029 1103 1215
1770392215.632 1005 987 995 987 1081 986 903 932
1770392215.642 970 986 996 995 951 914 800 856
1770392215.651 998 993 990 984 1024 1127 1096 1003
1770392215.661 1040 1006 1006 981 962 1059 1064 1026
1770392215.672 1005 1015 1016 1003 1037 1003 1057 962
1770392215.682 969 991 1011 1008 978 977 1107 1049
1770392215.692 992 980 989 1002 1000 983 1107 958
1770392215.702 993 992 998 998 970 1121 1164 1086
1770392215.712 1006 993 998 981 927 996 1060 1105
1770392215.721 1041 995 1007 1003 1089 1049 932 984
1770392215.732 1041 994 996 1000 1027 1078 1128 1018
1770392215.742 1009 978 984 976 978 967 1035 973
1770392215.752 1021 996 1001 999 978 973 1035 984
1770392215.762 1029 997 1002 969 918 1104 1153 1022
1770392215.771 993 1012 1012 999 937 1118 1121 1033
1770392215.781 1037 998 996 983 1056 1124 1082 935
1770392215.791 1013 991 993 978 1027 1180 1096 1049
1770392215.802 1022 996 997 978 954 1049 1075 1109
1770392215.812 969 981 993 994 1037 954 1025 1018
1770392215.822 1040 1007 1006 1019 1059 1052 953 913
1770392215.832 986 996 995 986 1013 1088 1010 958
1770392215.841 1003 983 986 977 943 1059 1103 977
1770392215.851 1021 999 990 961 943 1068 1017 871
1770392215.862 997 990 999 976 945 1039 1189 981
1770392215.872 1033 1002 1006 1002 1029 1039 1103 909
1770392215.882 1043 997 1001 998 1037 1072 1025 864
1770392215.892 1005 987 989 985 986 1006 1003 992
1770392215.902 984 986 993 989 918 921 996 1135
1770392215.912 1078 1002 1001 1009 1132 1200 1017 939
1770392215.922 1032 1004 1007 1004 972 1055 967 1045
1770392215.932 1003 1000 1003 995 1027 1118 1082 1026
1770392215.942 1021 985 987 978 929 1042 982 822
1770392215.952 977 981 991 991 1018 1196 1103 1041
1770392215.962 1046 995 1000 1000 1008 1026 892 962
1770392215.972 1021 1001 1008 1002 1010 1009 1082 1022
1770392215.981 998 1000 1003 1014 1181 1095 1150 864
1770392215.992 962 976 997 992 921 911 1096 1037
1770392216.002 1001 980 994 997 1043 1062 992 939
1770392216.012 985 989 1000 997 1035 1026 971 905
1770392216.021 1005 1002 1008 1013 1075 1072 1075 1026
1770392216.031 1033 1000 1003 1001 1043 1059 1085 932
1770392216.042 973 990 993 995 1127 1183 1150 913
1770392216.052 1018 992 998 1006 1054 1072 935 928
1770392216.062 996 986 993 995 991 977 910 981
1770392216.072 1068 1008 1013 1017 1043 1013 1117 1056
1770392216.082 938 997 1005 1008 910 918 1025 1203
1770392216.092 976 975 993 1009 1008 967 1060 992
1770392216.102 997 985 998 999 994 963 914 950
1770392216.112 984 983 996 1006 1035 1055 1085 1094
1770392216.122 1048 1004 1012 1013 964 927 946 977
1770392216.132 1018 992 997 999 1124 1049 896 875
1770392216.142 1000 984 995 981 935 1016 1025 1052
1770392216.152 1013 992 995 985 1035 973 971 977
1770392216.162 986 986 995 1000 1054 1006 1025 1030
1770392216.171 1021 1009 1014 997 943 1026 1053 962
1770392216.181 956 992 996 982 989 1065 985 1018
1770392216.191 1003 986 999 1000 1040 983 967 973
1770392216.202 981 981 995 993 967 999 1135 1060
1770392216.211 1011 997 1002 1002 964 1032 982 1041
1770392216.222 1005 994 1014 1011 1029 1016 971 1060
1770392216.232 980 995 1007 1023 1064 1098 1025 1041
1770392216.242 974 979 992 983 913 963 878 1007
1770392216.252 1023 993 996 994 948 1075 1025 1086
1770392216.262 997 1002 996 1000 959 1042 1050 1098
1770392216.272 976 1005 1006 991 908 950 1060 1090
1770392216.282 993 992 1007 1013 1054 967 932 856
1770392216.292 1025 988 993 999 994 1036 960 977
1770392216.302 1006 997 1003 1008 1010 1042 942 1026
1770392216.312 977 985 1002 1002 970 934 914 1071
1770392216.322 961 1006 1015 1020 1037 1019 1085 1090
1770392216.332 1028 997 997 1000 989 1039 1010 988
1770392216.342 985 977 992 991 972 1006 1107 1015
1770392216.352 1057 1006 1001 982 1013 1144 1135 943
1770392216.361 994 994 1002 985 900 1059 1117 1015
1770392216.371 1037 1016 1017 998 948 999 1000 988
1770392216.382 992 993 994 993 986 1078 1017 1060
1770392216.392 965 990 994 1003 991 1029 1092 1041
1770392216.402 981 988 999 1001 983 980 1064 977
1770392216.411 986 992 1001 1014 989 1095 1221 1177
1770392216.422 1018 1004 1013 1006 1002 1032 1164 1083
1770392216.432 1006 988 998 1000 1000 1036 1017 977
1770392216.442 1042 998 995 978 1075 1127 1032 947
1770392216.452 974 988 1002 977 921 999 1153 1132
1770392216.461 1001 988 996 990 954 1029 1114 939
1770392216.472 1064 1002 1002 993 1032 1078 1039 969
1770392216.482 984 989 993 987 1005 1186 1214 1018
1770392216.491 994 983 988 976 1013 1095 1153 1007
1770392216.501 1004 992 1000 979 864 986 1007 1218
1770392216.511 1021 1000 1001 1000 1027 1052 985 1098
1770392216.522 1040 1003 1006 998 1059 980 1025 950
1770392216.532 1054 992 1007 1007 1010 1144 1185 954
1770392216.542 966 974 984 981 1008 1101 1017 1030
1770392216.552 1058 985 1000 980 997 1045 1085 1143
1770392216.562 1002 992 998 991 991 1019 921 916
1770392216.572 1050 1010 1001 994 1002 1131 1175 1071
1770392216.581 985 997 1003 979 916 947 1064 864
1770392216.592 989 983 990 979 1045 1022 1057 1015
1770392216.602 977 990 993 982 989 1032 1060 954
1770392216.612 1028 992 1000 983 997 1036 1021 875
1770392216.622 1048 1003 1009 1026 1083 1042 1050 992
1770392216.632 1016 985 990 985 1064 1068 1053 935
1770392216.642 974 986 992 999 1016 1065 1000 932
1770392216.652 996 995 994 996 1045 990 896 886
1770392216.662 1005 982 992 984 1086 1114 1175 977
1770392216.672 1033 1018 1010 988 951 1111 1125 1007
1770392216.682 958 985 995 990 956 1065 960 1018
1770392216.692 981 981 995 999 1035 1108 1114 1169
1770392216.702 989 983 992 990 1021 1075 885 864
1770392216.712 1023 992 999 1019 967 944 953 1000
1770392216.722 1084 1006 1008 1017 1135 1075 978 932
1770392216.732 1005 997 996 1014 1056 1036 1082 1056
1770392216.742 1000 979 989 1008 1056 1045 992 981
1770392216.752 974 983 992 1004 1145 1144 1053 913
1770392216.762 1051 997 997 991 1127 1150 1017 833
1770392216.772 1049 1004 1010 1010 1083 1032 1007 969
1770392216.782 981 993 994 1017 1083 1111 996 1071
1770392216.792 977 975 991 986 1032 1026 903 860
1770392216.802 1014 986 993 988 1018 1032 1021 947
1770392216.812 1009 988 1004 1009 1043 973 1110 1139
1770392216.822 1013 1000 1005 1005 921 934 971 1026
1770392216.831 1058 995 1004 1002 1064 1055 892 920
1770392216.842 965 980 990 982 1043 1098 989 992
1770392216.851 1018 989 991 989 1172 1167 1003 841
1770392216.862 1020 995 1001 981 918 980 928 950
1770392216.872 949 1001 1013 1023 1062 1095 1092 1067
1770392216.882 1002 996 995 998 1078 986 1053 1033
1770392216.892 981 988 991 990 986 1009 1142 1105
1770392216.902 956 989 1003 1012 948 911 1007 1026
1770392216.912 966 986 999 1009 978 927 842 939
1770392216.922 1046 1008 1013 1013 1029 1019 878 977
1770392216.932 990 989 1001 1008 1024 1022 921 883
1770392216.942 1028 978 979 971 1075 1134 953 754
1770392216.953 1045 1000 1001 1010 1094 1032 967 815
1770392216.962 973 988 1004 1008 1078 1006 932 1018
1770392216.972 1045 1003 1013 1002 1021 1016 1046 1022
1770392216.982 954 989 999 993 962 904 1057 1090
1770392216.992 925 984 993 990 829 924 1096 1075
1770392217.002 969 983 991 982 948 934 996 962
1770392217.012 989 996 1006 1011 1013 1019 1053 1026
1770392217.022 1016 1009 1016 1015 1013 980 1014 939
1770392217.032 1042 988 998 1021 1056 947 800 818
1770392217.042 1001 990 997 1008 989 993 985 860
1770392217.052 997 991 1001 1006 1024 1027 1029 1015
1770392217.063 985 997 1007 1003 991 1055 1003 1060
1770392217.072 1011 997 997 1006 1043 1052 1032 962
1770392217.082 1008 1004 1004 999 981 1036 1253 1098
1770392217.092 1005 988 998 989 967 986 1089 1124
1770392217.102 1014 996 1002 1001 989 990 1025 1030
1770392217.112 1030 1007 1006 1003 940 937 964 1003
1770392217.123 961 990 1003 993 972 1045 1021 1041
1770392217.133 1105 1010 1006 1000 1010 1039 942 864
1770392217.142 984 983 989 997 1037 990 1160 1045
1770392217.152 997 990 1001 999 1043 1016 1125 1086
1770392217.162 1088 1003 1000 999 1064 1078 1046 833
1770392217.173 1073 1015 1011 987 959 1049 1064 1049
1770392217.183 1008 997 999 977 972 1052 1057 1083
1770392217.193 960 984 992 992 1018 1075 1014 981
1770392217.203 1001 987 999 978 1029 973 1110 973
1770392217.213 949 985 1005 1010 994 1016 1210 1067
1770392217.222 1041 1004 1008 1011 1059 1131 1175 1003
1770392217.232 1009 999 1001 993 986 1118 1089 988
1770392217.242 953 979 986 987 991 1062 1067 969
1770392217.252 1104 991 988 978 1048 1124 903 698
1770392217.263 1114 1023 1004 998 989 1203 1135 1037
1770392217.273 1041 1001 1007 991 986 1019 996 1015
1770392217.282 981 998 1000 995 989 1095 1078 1052
1770392217.293 990 988 992 987 997 1065 1135 913
1770392217.303 921 984 997 1000 975 983 1060 1200
1770392217.313 1038 1004 1006 999 1037 1078 1103 1033
1770392217.323 1057 1004 1000 989 945 986 1075 1067
1770392217.333 1036 988 998 1010 997 1003 1064 950
1770392217.343 1022 974 982 988 986 1019 860 875
1770392217.352 1013 996 994 1000 1118 1200 992 954
1770392217.362 1034 1001 1007 1006 1089 1055 1046 883
1770392217.372 1010 996 1006 995 1010 996 1075 1022
1770392217.382 1008 997 1004 1006 1048 1045 1035 920
1770392217.393 922 969 984 993 1000 1029 1100 1098
1770392217.403 1011 988 1003 1001 1032 1042 1032 1030
1770392217.413 1061 997 998 986 1016 950 971 939
1770392217.423 1002 986 1001 1010 1086 1203 1117 1166
1770392217.433 1017 980 989 1006 1091 1065 960 1015
1770392217.443 1036 985 980 968 1021 1118 946 841
1770392217.453 1029 995 995 1000 1048 1078 989 879
1770392217.463 994 994 1004 998 1010 1019 1035 966
1770392217.473 1010 998 1009 1008 1021 993 978 992
1770392217.483 953 995 1010 1009 962 898 1125 1120
1770392217.493 969 978 999 1014 1048 1026 1000 1083
1770392217.503 984 992 1001 1007 1002 1059 1042 969
1770392217.512 968 1001 1007 1020 970 1072 964 1037
1770392217.522 1043 997 1005 1005 1056 977 917 1056
1770392217.533 1006 988 991 982 1070 1059 1014 1011
1770392217.543 1011 983 988 991 1040 1049 1046 1147
1770392217.553 997 988 994 995 921 931 1042 1060
1770392217.563 1020 992 1002 1003 1045 1101 1182 1022
1770392217.573 993 999 1012 988 972 1042 1039 1045
1770392217.583 969 983 997 1027 1118 1095 1103 1075
1770392217.593 972 978 992 991 935 1006 992 1007
1770392217.603 984 993 1006 992 959 1045 971 1101
1770392217.613 1037 996 1010 1006 1032 980 942 1022
1770392217.623 990 990 1002 1008 1035 977 1010 1071
1770392217.633 1011 989 1001 999 1024 996 1050 958
1770392217.643 1002 979 987 980 940 999 1082 1000
1770392217.653 1000 992 995 992 964 1078 1117 1083
1770392217.663 1049 1008 1010 1000 975 1036 992 1045
1770392217.673 949 1004 1010 992 1021 1059 1039 1177
1770392217.683 996 996 1006 980 1010 990 985 962
1770392217.693 962 985 995 988 989 957 925 905
1770392217.703 978 998 1010 1005 991 1032 1150 1098
1770392217.713 1032 983 1000 1010 908 780 953 1000
1770392217.723 1046 1004 1006 1002 913 1045 1078 984
1770392217.733 1017 985 1004 992 1010 1013 1071 935
1770392217.743 986 982 993 979 916 940 1071 1071
1770392217.753 1045 1008 1006 973 894 1075 957 883
1770392217.763 1053 1003 1005 996 948 947 1064 981
1770392217.774 1040 1000 1007 1006 1013 980 1025 992
1770392217.783 1023 999 1004 998 943 1013 953 992
1770392217.793 976 988 1001 1010 932 1013 1271 1226
1770392217.803 984 980 992 1017 1029 921 964 1033
1770392217.813 998 1001 1002 1017 1013 1108 1053 1037
1770392217.823 1006 1002 1004 1009 991 1052 1010 1045
1770392217.833 958 995 993 978 932 990 1125 1018
1770392217.843 1010 988 986 965 929 1009 1053 837
1770392217.854 1021 988 995 974 943 1098 1210 1000
1770392217.863 1006 996 1006 992 1008 1121 1217 947
1770392217.873 1084 1009 1008 982 908 967 1071 950
1770392217.883 1023 998 1010 997 1013 1173 1239 1215
1770392217.893 956 980 999 989 875 944 1050 1052
1770392217.903 961 985 994 994 962 1029 1032 1033
1770392217.913 1037 991 1002 1002 1051 1196 1092 1037
1770392217.924 1006 993 1000 973 970 1108 1014 1060
1770392217.933 946 992 1001 1008 1164 993 871 973
1770392217.943 994 994 996 989 986 954 946 966
1770392217.953 1008 996 1002 992 1075 1059 1078 1030
1770392217.963 1043 1003 1004 992 1021 868 985 879
1770392217.973 1045 1001 1004 989 1032 1101 1060 1086
1770392217.983 1026 1002 1005 1001 962 1049 1042 890
1770392217.993 994 976 985 984 927 1036 950 947
1770392218.003 1030 992 994 998 1118 1150 1121 996
1770392218.014 1025 996 1003 988 1081 1104 1042 1018
1770392218.023 1018 990 1011 1006 1021 940 1007 1079
1770392218.033 1054 992 992 978 954 891 914 1037
1770392218.043 1009 982 984 980 1108 990 921 973
1770392218.053 1030 988 991 990 975 1013 1007 890
1770392218.063 1003 994 1001 1000 948 1131 1064 1052
1770392218.073 1040 1009 1009 988 959 1085 1092 916
1770392218.083 1001 979 994 991 1005 1039 853 826
1770392218.093 992 984 993 989 1048 1052 960 962
1770392218.103 1001 995 998 992 1016 1019 1032 958
1770392218.113 1005 987 1000 1007 1054 1042 882 950
1770392218.123 1021 990 1005 1016 1078 980 803 818
1770392218.133 978 982 995 989 1024 1055 1053 1120
1770392218.143 992 983 989 984 1002 1036 1014 943
1770392218.153 958 979 992 990 994 1091 1071 924
1770392218.163 997 1000 1006 1008 902 1124 1192 1018
1770392218.173 996 1001 1002 1000 954 924 1032 1015
1770392218.183 1028 998 998 1009 1086 1042 1014 1064
1770392218.193 1006 981 986 995 1035 1068 1010 943
1770392218.203 1009 984 1002 1012 1008 1013 1092 1067
1770392218.214 1021 992 1010 1024 1070 963 907 898
1770392218.223 977 991 1006 1015 1089 1085 1000 1056
1770392218.233 1021 998 1005 999 962 1000 1000 1026
1770392218.243 982 978 992 997 994 1039 1139 1000
1770392218.253 977 986 996 1000 1094 1055 1021 1007
1770392218.263 1002 1000 996 1003 1032 1059 1032 1109
1770392218.273 1033 1000 1007 1006 1008 1091 1014 1113
1770392218.283 1049 1001 1004 999 964 1052 882 1007
1770392218.293 964 980 991 976 854 1019 1114 1011
1770392218.303 977 992 1008 1014 924 918 978 1011
1770392218.313 986 1000 1010 1008 997 1052 989 1094
1770392218.323 1016 996 1007 1009 989 1032 1078 1113
1770392218.334 1017 997 996 983 929 872 1007 924
1770392218.344 1006 983 991 988 1102 1154 1050 879
1770392218.353 1034 996 999 1004 940 1019 967 1011
1770392218.363 1003 994 1000 993 1029 1049 1082 992
1770392218.373 1034 1000 1005 998 1021 1118 1071 1007
1770392218.383 997 997 1003 974 875 1147 1157 1094
1770392218.393 1002 988 998 982 889 954 1060 1150
1770392218.403 993 989 998 986 967 1019 1039 984
1770392218.413 1056 997 1006 991 975 1042 1053 962
1770392218.423 1051 1003 1007 983 932 1127 1021 950
1770392218.433 1041 992 995 999 1121 1180 971 818
1770392218.443 1003 982 989 987 951 1036 1078 958
1770392218.453 988 985 995 977 981 1029 1178 1098
1770392218.464 1025 1002 1010 1002 1043 1160 1153 1015
1770392218.473 1006 998 1000 978 956 1157 1146 988
1770392218.483 1005 996 997 982 975 1101 1164 1101
1770392218.493 1013 989 989 964 875 940 985 966
1770392218.503 1013 990 999 1004 1059 986 1000 905
1770392218.513 1048 997 1004 987 1008 1009 1042 973
1770392218.523 1017 995 1006 984 943 950 985 969
1770392218.533 1037 1004 1001 988 1064 1032 1042 996
1770392218.543 992 983 995 990 991 1032 1010 988
1770392218.554 1034 997 1001 1000 1035 1199 1060 984
1770392218.564 1041 1000 1002 1008 1070 1111 1128 1026
1770392218.574 1022 1001 1010 1000 997 1127 1150 920
1770392218.584 1041 990 996 992 962 891 932 830
1770392218.593 965 973 987 990 1056 1072 1107 939
1770392218.603 1026 990 994 1002 1048 1075 967 871
1770392218.613 1006 982 993 1015 1072 954 978 1132
1770392218.623 1078 1004 1004 1008 1124 1262 1103 1000
1770392218.633 989 991 999 1007 1054 1118 1003 1083
1770392218.643 989 982 992 986 1091 1072 1067 1067
1770392218.653 1008 992 997 987 1018 1114 1032 969
1770392218.663 1026 1006 1006 988 994 1134 1103 988
1770392218.673 988 996 1004 1008 1037 977 1039 1037
1770392218.683 994 990 998 1000 1089 1052 967 935
1770392218.693 1009 981 989 1001 1097 986 900 871
1770392218.703 976 974 989 999 1040 927 1017 1022
1770392218.714 1046 1001 1005 1010 1097 1111 1071 1150
1770392218.724 974 991 998 1007 967 931 925 886
1770392218.734 990 995 1001 1007 1037 1042 1017 988
1770392218.743 1009 988 997 1009 1070 1036 910 818
1770392218.753 1038 990 981 961 1045 1177 1100 1018
1770392218.763 1030 993 1000 990 945 1032 1042 1011
1770392218.773 973 992 1002 1001 1070 1068 1014 1052
1770392218.784 956 991 1002 989 983 1026 1067 992
1770392218.793 933 972 992 982 918 986 971 962
1770392218.803 974 991 1000 999 994 1072 1078 1018
1770392218.813 1008 997 1001 1000 1043 940 957 1037
1770392218.823 988 995 1004 999 986 1009 1010 977
1770392218.833 1040 994 1003 1019 1059 921 882 973
1770392218.843 1018 984 986 974 1035 1032 942 1007
1770392218.853 989 1005 999 978 981 1072 1150 1101
1770392218.863 997 993 1002 980 935 1032 1017 1000
1770392218.874 1003 996 1012 1009 1045 1081 1039 1124
1770392218.884 954 1000 1007 997 956 921 1028 1120
1770392218.893 964 988 1002 997 1016 1016 1100 1113
1770392218.903 1038 992 999 991 978 1072 1021 947
1770392218.913 989 988 1001 987 959 996 985 1022
1770392218.923 1040 1001 1011 1024 1070 947 939 890
1770392218.933 1040 991 990 994 1072 1121 939 822
1770392218.944 990 990 989 1009 989 986 1096 920
1770392218.954 1016 995 1002 999 970 950 992 913
1770392218.963 980 1000 1014 1007 1016 1032 1085 1166
1770392218.973 978 1001 1011 999 978 1078 1132 1083
1770392218.984 894 992 1007 1000 1035 1065 1189 1079
1770392218.993 980 990 995 1005 1027 1088 1050 928
1770392219.004 953 984 996 985 883 881 1032 1143
1770392219.013 1028 1005 1009 1008 1048 1059 1003 1056
1770392219.024 1050 995 991 988 1062 1081 914 1007
1770392219.034 985 993 999 993 1005 1088 1092 1071
1770392219.044 997 994 993 994 927 1003 914 1052
1770392219.053 1034 997 998 1015 1008 1095 1107 1135
1770392219.063 1008 997 999 1003 1000 1111 1132 901
1770392219.073 1020 997 1002 988 972 1085 1153 981
1770392219.083 1028 1002 1006 995 994 1055 1157 1075
1770392219.094 948 977 987 966 970 996 1107 1090
1770392219.104 1001 990 997 995 1002 1019 1000 1086
1770392219.113 1018 993 998 1001 1008 1022 1003 966
1770392219.123 989 996 1001 990 991 1049 1121 1113
1770392219.133 1014 1014 999 988 959 1065 1032 981
1770392219.143 988 977 993 985 1097 1029 1007 826
1770392219.154 1061 996 992 997 1067 1150 1060 920
1770392219.164 990 1009 997 982 945 1078 1021 920
1770392219.174 1033 1002 1013 1015 1037 1088 1046 981
1770392219.184 1020 989 998 973 916 1065 1103 1116
1770392219.194 984 980 989 982 1051 1095 1178 1098
1770392219.203 989 990 1003 1021 1089 957 967 1079
1770392219.213 984 996 998 989 1002 1101 1146 1116
1770392219.223 1066 1009 1004 993 1016 1022 1064 935
1770392219.233 1032 992 1003 985 1072 963 1089 1000
1770392219.243 1014 983 994 971 1032 1150 1096 890
1770392219.253 1001 990 991 985 991 1081 1110 845
1770392219.264 1073 1006 1003 993 994 1101 1064 981
1770392219.274 1040 1005 1003 994 1008 1095 1092 962
1770392219.284 1014 993 996 996 1013 1049 1067 1003
1770392219.293 986 983 994 1000 1000 967 1046 943
1770392219.303 960 978 985 976 959 1036 1035 1083
1770392219.313 1036 998 999 1002 964 1055 1067 849
1770392219.323 1026 997 1003 990 954 1016 1028 984
1770392219.334 1010 992 992 991 1164 1081 957 928
1770392219.344 1016 984 981 951 945 1052 1053 901
1770392219.354 1041 985 992 984 1040 1104 1053 1105
1770392219.363 1037 993 1006 1005 1100 1026 1035 1003
1770392219.374 1051 998 1007 1000 975 1045 1082 1105
1770392219.383 1029 1001 1005 997 1070 1101 992 909
1770392219.393 954 980 982 990 1002 970 1057 1011
1770392219.403 1005 987 997 991 1021 1032 985 1030
1770392219.413 1025 1003 1007 1000 1005 1081 1035 1018
1770392219.424 994 990 1002 1018 1059 1154 1089 1018
1770392219.434 1053 981 990 1001 1086 1065 910 913
1770392219.444 968 981 992 999 964 1091 1082 1007
1770392219.453 1000 986 1003 997 1067 1019 992 962
1770392219.463 1000 992 1003 988 1010 931 946 1045
1770392219.473 1030 1008 1005 988 967 1036 1017 886
1770392219.483 996 988 1003 1000 1029 980 889 860
1770392219.493 990 983 993 1000 1029 1032 1035 1030
1770392219.504 985 989 995 1000 940 898 864 898
1770392219.514 985 981 1002 1021 1102 1075 1050 1132
1770392219.524 1040 985 994 992 1016 973 889 852
1770392219.533 982 997 998 987 1005 1036 1114 996
1770392219.543 1025 987 989 980 991 1075 1110 1022
1770392219.553 1017 987 995 979 943 908 967 1018
1770392219.563 1032 1003 1008 978 975 986 1046 958
1770392219.575 989 996 1006 1000 948 924 942 947
1770392219.584 1005 995 1006 992 1043 1045 1017 996
1770392219.594 998 985 1004 992 986 931 964 1018
1770392219.604 948 981 999 1011 1048 957 1017 1207
1770392219.614 990 987 999 1020 1097 868 907 1056
1770392219.623 966 989 1004 1002 1005 963 1032 996
1770392219.633 1001 998 1009 1008 1102 967 1100 1079
1770392219.643 997 982 992 983 1018 970 935 973
1770392219.654 1023 988 996 1008 1064 1081 950 754
1770392219.664 1023 1006 1004 1014 1021 977 971 939
1770392219.674 1013 1005 1003 1010 1008 973 1107 1083
1770392219.683 992 992 1004 1017 1040 990 1121 958
1770392219.693 958 973 991 974 1010 931 1039 1064
1770392219.703 928 980 1004 1007 1005 957 1010 996
1770392219.713 996 986 1002 1011 1010 996 1039 966
1770392219.723 989 998 1009 1005 1000 1003 1135 1094
1770392219.733 988 996 1002 991 951 914 1025 1116
1770392219.743 1021 979 984 982 951 960 882 867
1770392219.753 1033 986 993 991 1032 1000 1110 935
1770392219.764 1002 994 1001 986 964 1026 1164 1045
1770392219.774 1022 1004 1015 1014 1005 1059 1000 1026
1770392219.784 1000 1002 1009 1006 889 983 1139 1071
1770392219.794 944 993 1000 1006 951 914 1142 1139
1770392219.804 982 997 994 978 954 986 1067 1030
1770392219.813 989 1003 1006 1008 983 1104 1178 1000
1770392219.823 1043 999 1007 1014 1002 1114 1014 1060
1770392219.833 1032 993 995 1000 967 977 914 984
1770392219.843 1050 996 988 985 956 1075 946 943
1770392219.854 969 991 997 974 986 1055 1096 1011
1770392219.864 1029 1004 1003 1006 1008 1042 1085 935
1770392219.873 1038 1009 1009 1000 894 963 1107 966
1770392219.883 980 991 997 984 897 940 1150 1049
1770392219.893 1042 987 988 982 1010 1065 1039 867
1770392219.903 1032 1000 998 989 1037 1072 1107 939
1770392219.914 1020 999 1006 1002 1018 1049 1150 935
1770392219.924 1013 986 995 991 1035 986 1110 1090
1770392219.934 1043 992 991 994 1156 1134 1067 905
1770392219.943 982 985 987 991 962 1078 1028 913
1770392219.953 994 985 997 989 945 1078 971 1011
1770392219.963 1065 1002 1012 996 883 1042 1089 981
1770392219.973 1029 999 1002 993 956 1016 1082 1007
1770392219.983 1040 1001 992 998 1054 1101 1100 943
1770392219.993 994 985 992 977 1027 1114 1053 977
1770392220.003 1023 992 999 995 1132 1177 1117 935
1770392220.013 1003 1000 1005 997 1018 937 942 1033
1770392220.024 1043 1007 1009 1027 1178 1055 971 1030
1770392220.034 1030 992 1003 997 994 1072 1010 905
1770392220.044 974 984 986 990 1072 1137 1092 1007
1770392220.053 1008 994 997 985 997 1055 975 901
1770392220.064 984 1002 1002 991 972 1016 1053 1003
1770392220.074 1056 1006 1007 1017 1027 977 1035 958
1770392220.084 1040 995 997 991 972 908 989 939
1770392220.093 1070 984 990 1008 1094 1144 1121 935
1770392220.103 1009 987 998 999 981 957 960 1188
1770392220.114 1041 986 996 1014 1154 1193 1067 1030
1770392220.124 1010 997 1002 1001 1086 1075 1014 958
1770392220.134 993 990 990 994 1145 1140 1103 1007
1770392220.144 1008 981 990 986 1072 1177 1021 996
1770392220.153 996 1002 999 982 981 1134 1135 981
1770392220.163 980 983 1005 1010 1067 1029 1032 909
1770392220.173 996 997 1003 999 1051 1049 935 913
1770392220.184 1022 999 996 1008 1097 1045 992 984
1770392220.194 970 974 993 998 886 829 1025 1090
1770392220.204 980 977 992 1006 978 1016 1000 984
1770392220.214 1032 1004 1003 1016 1081 950 882 928
1770392220.224 1008 1003 1003 1018 1064 914 900 792
1770392220.233 1023 992 999 981 997 986 985 1026
1770392220.243 990 983 987 976 975 1003 950 875
1770392220.253 962 988 998 1013 1051 1019 1060 928
1770392220.263 1002 988 1006 1004 983 950 900 924
1770392220.273 1016 996 1004 1008 986 1095 1050 1011
1770392220.283 1020 997 998 1000 991 990 1064 996
1770392220.294 980 984 993 1000 940 891 925 1015
1770392220.304 1051 997 1006 1011 1024 918 1028 1094
1770392220.314 1006 1001 1008 1008 1059 1022 1032 981
1770392220.324 1013 992 1007 1000 1008 1052 1071 1049
1770392220.334 1053 1000 998 1002 948 957 917 932
1770392220.343 978 985 996 997 997 1013 1082 996
1770392220.353 990 994 1001 1005 1010 977 1014 1079
1770392220.363 1014 1005 1006 995 1051 1101 1078 1086
1770392220.374 1022 1003 1006 1006 1032 1081 1150 1075
1770392220.384 917 980 1000 1002 883 918 1071 1196
1770392220.394 1001 987 998 996 900 914 1000 916
1770392220.404 1014 998 1002 992 1021 980 1007 943
1770392220.414 1028 995 1003 1006 1037 1022 1021 969
1770392220.423 1094 1000 996 987 1037 1032 860 860
1770392220.433 1062 1007 1006 1008 1018 1118 1042 932
1770392220.443 1005 983 991 979 921 1000 1067 1083
1770392220.454 972 994 1003 995 986 1039 1050 1007
1770392220.464 1005 1004 1010 998 886 1062 1350 1169
1770392220.473 965 997 1005 994 805 842 1175 1188
1770392220.484 1022 1004 1000 1004 1029 1081 1125 943
1770392220.494 997 981 987 985 1029 980 1000 890
1770392220.504 1001 990 996 1002 1010 1085 1142 1132
1770392220.514 1048 1002 1006 1014 1059 921 914 1049
1770392220.524 1013 997 1007 1006 1002 1045 1189 1109
1770392220.533 1010 991 1000 1004 970 1009 1050 1007
1770392220.543 964 978 985 978 967 1088 1039 947
1770392220.554 1048 1000 1007 1008 1032 1183 1221 939
1770392220.564 1010 995 1000 988 986 1226 1164 1120
1770392220.574 1006 996 1003 995 967 1019 1132 1037
1770392220.584 998 992 1000 992 959 1022 1100 992
1770392220.594 973 979 982 980 981 1045 1078 962
1770392220.603 989 995 993 1001 981 993 1025 962
1770392220.613 1014 992 999 992 1037 1049 1042 1094
1770392220.624 1014 1001 1007 1004 1062 990 1121 1049
1770392220.634 1033 996 1000 996 889 918 992 909
1770392220.644 1046 985 991 985 1083 1183 1171 867
1770392220.654 992 1001 996 976 1005 1144 1078 958
1770392220.663 990 994 1002 996 1027 1104 1064 1049
1770392220.673 1045 997 1015 1027 1143 947 878 879
1770392220.684 1014 985 994 995 1132 1032 1042 947
1770392220.694 962 973 987 993 889 921 1032 1041
1770392220.704 1005 978 995 995 1035 1039 1032 1033
1770392220.714 1034 995 1006 998 1000 1049 1121 977
1770392220.724 977 989 1003 1018 1008 1013 914 935
1770392220.733 1062 988 998 1007 1070 986 985 864
1770392220.743 1009 992 987 978 962 1098 971 815
1770392220.754 980 991 1000 1003 967 1045 1032 935
1770392220.764 1025 993 1007 1015 1027 990 925 932
1770392220.774 1009 995 1002 1006 1016 1032 1032 1045
1770392220.783 958 995 1008 1000 910 940 1132 1158
1770392220.793 992 985 986 982 983 1006 942 962
1770392220.804 944 986 996 1000 1045 1118 1078 1124
1770392220.814 1018 989 1000 982 1029 973 1003 1033
1770392220.824 1058 994 1003 1006 1045 967 946 901
1770392220.834 1049 993 998 1009 967 970 875 830
1770392220.844 990 981 991 992 975 996 1103 1030
1770392220.853 997 985 1004 1021 1051 963 1117 966
1770392220.863 992 993 998 1009 1045 1009 1057 1045
1770392220.874 1048 998 1000 1008 1040 1052 1203 1037
1770392220.884 964 996 1006 991 972 1026 1135 1003
1770392220.894 982 982 993 983 1054 970 1096 1011
1770392220.904 1017 1000 1001 994 959 1016 1014 1079
1770392220.913 996 1003 1008 1001 978 980 1100 1169
1770392220.923 1020 990 997 1000 1089 1045 967 1094
1770392220.934 953 985 1003 1001 1035 1157 1089 1230
1770392220.944 958 979 996 991 954 1019 996 947
1770392220.954 976 988 997 1008 1035 1052 1035 1026
1770392220.964 1001 985 998 998 1051 1088 1035 1041
1770392220.973 960 996 1005 991 929 977 1057 1124
1770392220.983 956 992 1007 1000 1024 1068 1053 1192
1770392220.993 998 987 991 987 962 878 1010 943
1770392221.004 976 982 1000 991 1064 977 1125 1132
1770392221.014 993 981 997 1011 1070 1013 1028 1026
1770392221.024 996 998 1004 999 945 957 1003 1075
1770392221.034 997 997 1003 1005 1067 1016 1117 962
1770392221.043 990 982 990 998 937 927 939 864
1770392221.053 1038 1003 991 967 1070 1177 1075 830
1770392221.064 1054 1016 1003 983 937 1085 1075 1003
1770392221.074 1032 1004 1010 990 948 977 1025 1071
1770392221.084 986 995 1005 1001 927 1072 1057 1015
1770392221.094 985 981 1000 991 916 977 1167 1007
1770392221.104 1032 987 999 1006 929 1026 1096 1105
1770392221.113 1023 997 1002 997 927 1029 1032 1018
1770392221.124 1032 993 1006 1002 1010 1111 1060 939
1770392221.134 1016 1007 1006 1000 1018 1032 1003 1007
1770392221.143 1011 978 993 989 956 934 925 981
1770392221.153 1041 1002 1001 1001 991 1078 964 1037
1770392221.164 1000 1001 1006 990 1027 1052 1075 996
1770392221.175 1042 1002 1008 1003 1000 1144 1071 1079
1770392221.184 1009 995 995 996 1032 1081 1082 973
1770392221.194 1001 995 991 984 929 1006 1089 901
1770392221.203 1038 1000 1003 995 1013 1101 957 973
1770392221.214 968 985 1001 987 997 1137 1010 1075
1770392221.224 1049 1007 1011 994 997 1032 1035 932
1770392221.234 1000 972 990 1003 1156 1072 953 1090
1770392221.244 1046 985 985 976 1091 1075 1050 901
1770392221.254 1013 985 995 978 1008 980 971 973
1770392221.264 1066 1002 1004 1001 1002 1121 1203 973
1770392221.274 964 993 999 997 1027 1140 1032 1064
1770392221.284 939 1000 1011 998 964 1039 1150 939
1770392221.294 984 989 992 995 991 1013 1021 792
1770392221.303 973 983 987 985 967 1091 1153 973
1770392221.313 1008 990 1002 1000 1059 1052 1046 996
1770392221.324 988 986 1007 1021 1124 1022 1003 1018
1770392221.334 1022 990 997 1023 1186 1167 996 958
1770392221.344 997 990 990 991 981 1042 889 867
1770392221.354 996 989 1001 1007 994 944 1032 992
1770392221.364 1070 987 1005 1001 1062 1098 1096 890
1770392221.374 1040 999 1005 985 913 1036 1092 864
1770392221.384 1096 998 1001 1018 1089 1121 1042 939
1770392221.393 997 981 987 988 1043 1062 1071 1018
1770392221.404 1025 990 1000 1008 1067 1068 1057 984
1770392221.414 957 981 1003 1014 1081 1009 978 1079
1770392221.424 956 987 1002 1016 1127 1127 1075 973
1770392221.434 990 984 996 1006 997 1065 964 800
1770392221.444 965 986 990 993 954 1039 982 954
1770392221.454 998 990 1000 1002 972 996 939 1033
1770392221.464 1009 991 999 998 1000 1101 996 833
1770392221.474 1074 993 1004 1009 1094 1085 1128 984
1770392221.484 960 993 1000 1003 970 960 1035 1022
1770392221.494 988 988 993 986 1013 1009 1050 1022
1770392221.504 984 983 1003 1008 1078 937 1082 958
1770392221.514 966 985 1002 1007 1018 944 1078 1120
1770392221.524 957 987 1003 994 983 1049 960 864
1770392221.534 1011 990 1000 1006 1005 934 1100 1033
1770392221.544 973 983 993 998 1008 970 1064 962
1770392221.554 1030 987 993 987 1040 1085 1075 864
1770392221.564 1023 1011 1007 1031 1132 1098 957 822
1770392221.574 1022 1002 1010 1008 1075 980 1053 905
1770392221.584 980 991 1003 1002 1005 1049 1096 1086
1770392221.594 1016 988 1007 1002 991 927 1032 924
1770392221.604 956 976 998 1026 1167 1072 1010 1079
1770392221.614 956 990 999 1018 1064 1049 1028 1000
1770392221.624 954 993 1000 1011 1016 1013 1014 958
1770392221.634 974 984 1005 1009 1016 1072 1103 1169
1770392221.644 1018 986 985 967 981 1013 975 905
1770392221.654 1026 992 996 1001 1013 1065 1067 1033
1770392221.664 1078 992 1002 1006 1035 1019 1014 954
1770392221.674 973 990 1004 999 937 1062 1003 1120
1770392221.684 976 1001 1004 1006 951 1016 1017 1052
1770392221.694 929 971 992 1004 1018 944 1089 1132
1770392221.704 984 984 995 974 1043 996 1042 958
1770392221.714 1009 986 1000 998 981 931 1028 973
1770392221.724 926 993 1010 1012 1029 1009 1110 1166
1770392221.734 978 983 992 997 937 927 935 988
1770392221.744 1020 979 989 997 1075 1055 1007 973
1770392221.754 1005 990 997 995 975 1016 1021 1079
1770392221.764 1014 985 1001 988 843 1052 1050 1173
1770392221.774 973 1005 1008 1005 1005 1055 1014 1030
1770392221.784 928 993 1009 1003 918 963 1071 1037
1770392221.794 970 985 993 991 967 1042 982 1075
1770392221.804 1064 995 1002 982 934 972 949 1009
1770392221.814 976 997 1012 1014 1102 1101 1125 1241
1770392221.825 1080 991 995 999 1021 1022 967 1169
1770392221.834 1056 1004 1002 1005 956 1150 1110 977
1770392221.844 1006 986 992 988 972 1036 1067 954
1770392221.854 972 984 991 995 959 1049 1125 996
1770392221.864 1025 1007 1012 990 1072 1091 1089 939
1770392221.874 973 997 1006 1003 1002 944 1092 1135
1770392221.884 1025 994 997 988 1013 1032 989 950
1770392221.894 1056 994 990 975 932 950 942 818
1770392221.905 960 997 996 1013 1086 1137 1189 1083
1770392221.914 1051 990 993 1015 1102 1065 889 947
1770392221.924 1018 997 1002 1001 983 1003 1057 996
1770392221.934 1010 1000 1000 995 1002 1203 1182 1113
1770392221.944 1069 989 994 971 954 1032 1125 1184
1770392221.954 1068 1008 1000 985 1029 1068 1078 818
1770392221.964 1082 1007 1014 988 954 1042 1100 943
1770392221.974 992 994 1002 991 1010 1200 1121 1079
1770392221.984 1089 1002 999 982 927 944 1092 988
1770392221.995 997 986 992 988 978 1137 1139 1067
1770392222.005 976 991 1004 1010 1027 1042 1153 1022
1770392222.014 1020 983 996 994 1035 983 1046 954
1770392222.024 1017 989 1000 997 1043 1091 1075 999
1770392222.034 1000 998 995 991 1008 1078 1010 1060
1770392222.045 1002 983 992 989 994 1095 992 1075
1770392222.055 1014 991 996 985 948 1114 989 939
1770392222.065 1023 993 997 1000 1045 1134 1050 1052
1770392222.075 1045 996 1000 999 1005 1039 1053 977
1770392222.085 1011 988 993 990 1067 996 1067 977
1770392222.095 957 974 988 979 948 957 1110 1067
1770392222.105 954 969 991 998 1032 1088 907 1049
1770392222.115 1011 1003 1005 1009 1075 1173 1082 913
1770392222.125 1041 990 1001 1002 1048 1081 1096 1056
1770392222.135 1053 998 998 1003 1067 1006 1007 939
1770392222.144 1034 995 990 982 929 990 892 792
1770392222.155 997 983 990 999 1054 1095 900 916
1770392222.164 1054 993 1002 1000 1024 980 985 962
1770392222.175 1017 988 998 1000 1021 1085 1028 1030
1770392222.185 953 980 1004 1011 978 960 1014 1101
1770392222.195 1021 977 985 979 935 1036 800 788
1770392222.205 1038 998 997 997 1075 1068 1078 894
1770392222.215 1044 994 1006 1001 1043 1091 1003 966
1770392222.225 989 992 1003 1005 1118 1163 1057 973
1770392222.235 1073 998 996 998 1010 1068 996 796
1770392222.244 976 970 985 981 1029 1022 1046 966
1770392222.255 1032 992 1002 990 1018 1026 985 909
1770392222.265 1006 992 1003 1001 994 963 1032 924
1770392222.275 910 989 1014 1017 1013 1104 1085 1116
1770392222.285 964 983 992 988 1051 993 978 981
1770392222.295 1022 981 990 1001 1021 1000 1071 901
1770392222.305 998 993 996 1008 1024 1003 910 920
1770392222.315 1020 996 1001 1010 1027 1055 1139 1124
1770392222.325 1049 1000 1005 1017 1018 895 885 860
1770392222.335 1020 990 993 1006 1016 1006 1003 962
1770392222.345 1041 988 994 990 1024 1052 1017 1045
1770392222.355 1040 992 1002 996 1005 1013 996 1000
1770392222.365 993 997 1015 1005 1010 1131 1057 1026
1770392222.375 985 992 1011 1007 991 1016 1028 1022
1770392222.385 1013 992 1000 998 1000 1049 1050 1026
1770392222.395 989 987 993 1006 1075 1068 1017 984
1770392222.405 981 993 993 997 983 895 1092 1173
1770392222.414 1070 992 1001 1013 1108 980 960 875
1770392222.424 994 988 991 991 956 944 1100 1060
1770392222.435 1006 993 1004 1006 1059 1039 989 1030
1770392222.445 992 986 992 991 943 934 903 1003
1770392222.455 961 992 1009 1002 916 980 1100 1143
1770392222.465 989 1002 1014 1008 1029 954 1017 1094
1770392222.475 1001 995 1002 1003 989 967 950 1022
1770392222.485 1023 995 1000 997 989 1016 1035 992
1770392222.495 962 985 994 993 927 947 1039 1011
1770392222.505 1066 992 995 1003 1027 1019 1014 1000
1770392222.515 1050 997 1008 1005 994 914 1025 1007
1770392222.525 1025 991 1003 998 1018 1022 1042 947
1770392222.534 1048 994 1004 1001 994 924 1067 981
1770392222.544 988 991 996 973 943 1072 1160 988
1770392222.554 1048 997 1001 994 1027 1081 1078 935
1770392222.565 1053 1004 1006 991 940 1013 1089 1109
1770392222.574 1021 1004 1002 1003 975 1121 1150 1105
1770392222.585 1010 991 993 997 859 855 1064 1030
1770392222.595 974 980 991 994 1010 967 960 1105
1770392222.605 1026 992 1007 1016 981 836 960 909
1770392222.615 1036 995 1006 998 997 1026 1078 947
1770392222.625 1025 998 1001 1000 948 1003 971 962
1770392222.635 1023 997 1002 994 932 859 1000 928
1770392222.645 961 1000 999 996 1013 1085 1100 916
1770392222.655 1049 999 997 995 1035 1075 978 954
1770392222.665 1043 1000 1007 1000 994 1016 1110 1000
1770392222.675 1008 999 998 993 945 970 1067 1026
1770392222.685 976 979 994 991 935 967 1110 1241
1770392222.695 1014 998 1003 999 1054 1078 1025 1056
1770392222.705 1006 991 996 985 940 1144 1096 1079
1770392222.714 1038 1007 1005 1013 1037 1118 1028 1098
1770392222.724 1042 1010 999 994 972 1009 925 856
1770392222.734 1001 999 1008 995 962 1075 1135 913
1770392222.745 1006 976 995 990 991 973 1028 996
1770392222.754 1026 1002 996 992 1000 1065 1053 1067
1770392222.765 1029 1012 1008 1010 1018 1085 1182 1030
1770392222.775 985 991 997 1018 1018 1013 950 1060
1770392222.785 1025 994 998 1009 1054 1000 1032 1041
1770392222.795 998 985 990 991 1002 1065 1060 924
1770392222.805 1011 992 997 994 1075 1065 1064 988
1770392222.815 1070 1011 1001 985 1032 1062 1032 958
1770392222.825 1006 1000 1008 996 1029 1036 1039 950
1770392222.835 1056 993 998 988 989 947 1071 898
1770392222.844 998 990 988 981 956 1003 925 935
1770392222.854 1058 992 999 998 1083 1134 1100 1071
1770392222.864 960 983 1001 1003 997 963 1067 984
1770392222.874 1008 989 1000 1013 1094 1088 1032 981
1770392222.885 1021 987 996 1008 991 1052 985 958
1770392222.895 972 973 983 986 986 1085 1117 984
1770392222.905 1046 993 990 978 972 980 946 796
1770392222.915 1046 1000 996 989 1056 1095 960 909
1770392222.925 1048 997 1002 991 1040 1036 1042 905
1770392222.935 1058 994 991 995 1027 1003 989 833
1770392222.945 996 986 996 990 1078 1124 1085 886
1770392222.955 950 995 1010 994 910 1055 1125 1105
1770392222.965 1008 991 1009 1020 1035 1026 1157 1071
1770392222.975 1030 995 1002 1004 1051 1016 1014 962
1770392222.985 997 988 993 991 1027 1042 1028 958
1770392222.995 1074 984 989 986 1035 1088 917 849
1770392223.005 960 986 991 1000 1140 1144 1042 913
1770392223.015 982 990 1006 1008 1048 1072 1028 996
1770392223.025 1032 984 1006 994 1010 1101 946 939
1770392223.035 1013 989 1001 1008 1097 1013 1071 913
1770392223.045 913 984 1003 1000 972 1009 1150 1207
1770392223.055 986 990 997 982 1002 1062 1014 1060
1770392223.065 1041 999 1003 1023 1097 1042 982 916
1770392223.075 986 984 998 1008 1027 1118 946 962
1770392223.085 1034 990 996 1012 1081 1078 932 1022
1770392223.095 1011 983 992 983 1089 1055 989 837
1770392223.105 956 989 1003 1008 1048 1078 1096 1000
1770392223.115 988 992 1006 1009 1043 960 975 924
1770392223.125 1010 990 1005 1018 1064 1052 1121 1000
1770392223.135 1005 991 1002 1002 927 1062 1239 992
1770392223.145 945 978 992 994 972 934 1000 1045
1770392223.155 1003 988 1002 1004 1037 973 1010 826
1770392223.165 964 991 1000 1020 1094 1072 1078 992
1770392223.175 1002 994 1000 1001 1051 1019 1071 984
1770392223.185 976 983 1000 1004 978 963 1000 992
1770392223.195 957 973 995 987 978 1022 1014 1056
1770392223.205 992 985 993 993 1000 934 1028 969
1770392223.215 1016 997 1001 1004 1021 1026 964 1003
1770392223.225 1025 1002 996 983 1027 1147 1257 1015
1770392223.235 977 989 995 976 867 1059 1060 1169
1770392223.244 974 983 998 1001 972 957 946 875
1770392223.255 1016 993 997 1004 1016 973 1003 973
1770392223.264 1032 999 1011 1009 1008 996 1032 1086
1770392223.275 1022 988 998 996 1005 895 900 988
1770392223.284 938 987 1003 1017 1145 1065 1053 1154
1770392223.295 956 986 995 993 954 927 1003 947
1770392223.304 969 985 1000 999 1018 983 1100 1045
1770392223.315 1077 1011 1008 988 978 1206 1132 916
1770392223.325 981 1006 1000 961 905 1055 1107 1064
1770392223.335 1032 1000 1010 995 1008 1042 1035 1011
1770392223.344 976 986 993 981 921 1052 992 977
1770392223.355 1018 1002 1004 1000 956 1029 1085 1094
1770392223.365 1033 991 1000 998 986 927 892 1135
1770392223.375 1013 998 1006 992 1040 1088 1064 1101
1770392223.385 1020 992 994 993 1045 1032 1021 1011
1770392223.395 982 979 993 989 986 1049 1025 1041
1770392223.405 1082 997 994 982 1072 1242 1078 841
1770392223.415 1010 1009 1004 982 943 1173 1139 969
1770392223.425 1026 1005 1002 1000 1000 1078 1096 1071
1770392223.435 1025 1000 1004 999 1010 1022 1110 1037
1770392223.445 961 981 988 974 981 1111 1171 1026
1770392223.455 1053 1010 999 986 891 1019 1039 1064
1770392223.465 1038 1002 1000 1000 908 1006 1089 1132
1770392223.475 1008 1000 1007 1002 1010 1101 1060 984
1770392223.485 993 976 998 985 975 1045 953 1030
1770392223.495 1042 994 991 982 1051 1075 1017 913
1770392223.505 1049 993 995 988 948 1065 1025 977
1770392223.515 1021 1002 1006 992 970 1085 1014 1052
1770392223.525 1009 1000 1001 999 1089 1045 1050 1045
