% Accelerometer logfile (IMU1)
% 1 	Time (sec)
% 2-4 	Accelerometer (x,y,z)
1770391807.0073 0.0405 0.0054 0.9736
1770391807.0193 0.0374 0.0017 0.9766
1770391807.0316 0.0347 0.0056 0.9724
1770391807.0431 0.0369 0.0027 0.9729
1770391807.0556 0.0386 0.0037 0.9707
1770391807.0670 0.0371 0.0051 0.9666
1770391807.0795 0.0364 0.0012 0.9751
1770391807.0917 0.0369 0.0041 0.9751
1770391807.1039 0.0361 0.0034 0.9692
1770391807.1149 0.0386 0.0029 0.9729
1770391807.1270 0.0344 0.0024 0.9773
1770391807.1389 0.0381 0.0024 0.9756
1770391807.1509 0.0371 0.0029 0.9702
1770391807.1629 0.0364 0.0056 0.9736
1770391807.1750 0.0334 0.0032 0.9722
1770391807.1871 0.0349 0.0078 0.9734
1770391807.1992 0.0378 0.0061 0.9734
1770391807.2112 0.0371 0.0056 0.9766
1770391807.2233 0.0378 0.0046 0.9700
1770391807.2352 0.0347 0.0056 0.9712
1770391807.2473 0.0383 0.0024 0.9717
1770391807.2593 0.0359 0.0066 0.9741
1770391807.2713 0.0383 0.0059 0.9709
1770391807.2834 0.0425 0.0051 0.9722
1770391807.2954 0.0369 0.0039 0.9739
1770391807.3074 0.0400 0.0073 0.9744
1770391807.3194 0.0381 0.0071 0.9731
1770391807.3313 0.0374 0.0076 0.9719
1770391807.3434 0.0356 0.0071 0.9700
1770391807.3554 0.0374 0.0068 0.9685
1770391807.3675 0.0361 0.0039 0.9749
1770391807.3797 0.0342 0.0076 0.9705
1770391807.3918 0.0376 0.0044 0.9749
1770391807.4039 0.0371 0.0073 0.9751
1770391807.4159 0.0352 0.0076 0.9727
1770391807.4278 0.0356 0.0032 0.9688
1770391807.4398 0.0332 0.0039 0.9702
1770391807.4518 0.0396 0.0071 0.9697
1770391807.4639 0.0371 0.0041 0.9751
1770391807.4758 0.0391 0.0046 0.9727
1770391807.4879 0.0378 0.0027 0.9714
1770391807.4998 0.0398 0.0046 0.9695
1770391807.5120 0.0398 0.0032 0.9736
1770391807.5232 0.0369 0.0051 0.9746
1770391807.5352 0.0398 0.0063 0.9768
1770391807.5475 0.0405 0.0071 0.9690
1770391807.5594 0.0364 0.0002 0.9753
1770391807.5716 0.0386 0.0056 0.9709
1770391807.5831 0.0364 0.0032 0.9761
1770391807.5953 0.0369 0.0029 0.9707
1770391807.6073 0.0396 0.0017 0.9731
1770391807.6195 0.0369 0.0093 0.9678
1770391807.6315 0.0400 0.0054 0.9758
1770391807.6437 0.0388 0.0027 0.9780
1770391807.6557 0.0361 0.0051 0.9670
1770391807.6678 0.0386 0.0044 0.9797
1770391807.6799 0.0339 0.0039 0.9729
1770391807.6919 0.0408 0.0024 0.9756
1770391807.7040 0.0415 0.0051 0.9700
1770391807.7160 0.0342 0.0056 0.9751
1770391807.7280 0.0354 0.0078 0.9719
1770391807.7400 0.0391 0.0081 0.9805
1770391807.7520 0.0374 0.0049 0.9753
1770391807.7631 0.0349 0.0049 0.9771
1770391807.7751 0.0396 0.0027 0.9692
1770391807.7871 0.0381 0.0029 0.9795
1770391807.7992 0.0425 0.0083 0.9746
1770391807.8112 0.0369 0.0012 0.9753
1770391807.8234 0.0378 0.0046 0.9697
1770391807.8359 0.0369 0.0039 0.9727
1770391807.8481 0.0393 0.0061 0.9749
1770391807.8593 0.0356 0.0041 0.9722
1770391807.8716 0.0369 0.0056 0.9702
1770391807.8839 0.0361 0.0088 0.9724
1770391807.8959 0.2637 0.1628 0.8875
1770391807.9078 0.2373 -0.0857 1.1250
1770391807.9199 0.2837 -0.0413 1.0276
1770391807.9319 0.2983 0.0200 0.8179
1770391807.9442 0.1965 -0.1030 1.1973
1770391807.9551 0.2988 -0.0366 0.8359
1770391807.9671 0.2881 0.0300 0.9116
1770391807.9791 0.2949 0.0447 1.1216
1770391807.9913 0.2166 0.0701 0.9214
1770391808.0034 0.2024 0.0525 1.0366
1770391808.0154 0.2021 0.0869 0.8994
1770391808.0272 0.1296 0.0947 1.0779
1770391808.0393 0.1248 0.1187 1.1404
1770391808.0513 0.0676 0.0015 0.8235
1770391808.0636 0.0811 0.0342 1.0518
1770391808.0755 0.0693 0.0400 1.0256
1770391808.0875 0.0396 -0.0347 0.9861
1770391808.0996 -0.0002 -0.0413 0.8694
1770391808.1116 0.0466 0.0312 1.1704
1770391808.1237 0.0142 0.0322 0.8054
1770391808.1357 -0.0168 0.0781 0.8059
1770391808.1477 0.0439 0.0825 1.0801
1770391808.1597 0.0164 0.0811 0.8958
1770391808.1719 -0.0005 0.0471 1.1489
1770391808.1842 0.0083 -0.0991 0.8987
1770391808.1952 0.0542 0.0217 0.8701
1770391808.2081 0.0461 -0.0291 1.1543
1770391808.2191 0.0398 0.0146 1.0190
1770391808.2322 0.0474 0.0452 0.7007
1770391808.2433 0.0837 0.0059 0.8538
1770391808.2563 0.0134 -0.0522 1.4839
1770391808.2673 -0.0034 -0.0334 0.6367
1770391808.2793 0.0039 -0.0215 0.9468
1770391808.2913 0.0481 -0.0259 0.9641
1770391808.3033 0.0391 0.0371 1.0857
1770391808.3156 -0.0444 -0.0774 1.0220
1770391808.3275 0.0208 0.0237 0.8403
1770391808.3399 -0.0554 -0.0520 0.8518
1770391808.3521 -0.0459 -0.0891 1.2874
1770391808.3633 0.0173 0.0288 1.0378
1770391808.3753 -0.0540 -0.0669 0.6562
1770391808.3873 0.0527 0.0212 1.1667
1770391808.3994 0.0327 -0.0359 1.1016
1770391808.4114 0.0295 0.0112 0.8250
1770391808.4233 0.0222 -0.0388 0.8171
1770391808.4353 0.0264 0.0632 1.1157
1770391808.4474 0.0618 0.0051 0.9695
1770391808.4594 -0.0125 -0.0215 0.8857
1770391808.4715 0.0393 0.0239 0.9419
1770391808.4835 0.1016 0.0193 1.1370
1770391808.4956 0.0012 -0.0154 0.9658
1770391808.5076 -0.0137 -0.0464 0.8474
1770391808.5197 0.0630 -0.0056 1.2405
1770391808.5316 0.0149 -0.0476 0.9358
1770391808.5437 -0.0217 -0.0068 0.7896
1770391808.5556 0.0815 -0.0117 1.0242
1770391808.5677 0.0835 0.0518 1.0728
1770391808.5797 -0.0361 -0.0688 0.7209
1770391808.5918 0.0916 0.0439 1.1646
1770391808.6038 0.0735 -0.0618 1.0403
1770391808.6159 0.0305 0.0535 0.7249
1770391808.6278 -0.0249 -0.0669 0.9177
1770391808.6399 0.0671 0.0674 1.0388
1770391808.6518 0.0542 0.0339 0.9905
1770391808.6638 0.0310 -0.0408 1.0393
1770391808.6759 0.1162 0.0552 0.8467
1770391808.6878 0.0139 -0.0144 0.8716
1770391808.6998 0.0149 -0.0435 1.0793
1770391808.7119 0.0344 -0.0154 0.9155
1770391808.7240 0.0566 0.0371 1.2305
1770391808.7361 0.0605 0.0381 0.8315
1770391808.7481 0.0752 0.0537 0.9482
1770391808.7603 0.0244 -0.0916 0.8855
1770391808.7723 0.0239 -0.0271 0.9861
1770391808.7837 0.0132 -0.0503 1.1467
1770391808.7962 0.0361 -0.0635 1.0317
1770391808.8082 -0.0127 0.0366 0.5837
1770391808.8203 0.0186 0.1257 1.0791
1770391808.8324 0.0115 0.0081 1.1133
1770391808.8435 -0.0017 -0.0286 0.8679
1770391808.8556 0.0090 -0.0916 0.9009
1770391808.8678 0.0564 -0.0671 1.0928
1770391808.8800 0.0283 -0.0154 1.0603
1770391808.8921 0.0132 0.1121 0.9946
1770391808.9042 0.0525 -0.0171 0.7520
1770391808.9163 0.1411 0.1116 1.1335
1770391808.9283 0.0449 -0.0112 0.8379
1770391808.9403 0.0090 -0.0686 1.2170
1770391808.9524 0.0894 -0.0388 0.7329
1770391808.9633 0.0698 -0.0225 0.9221
1770391808.9754 0.0366 -0.0615 1.1426
1770391808.9877 0.0930 0.0786 1.0210
1770391809.0002 0.0928 0.0491 0.9854
1770391809.0114 0.0869 -0.0020 0.9446
1770391809.0240 0.0503 -0.0535 1.0710
1770391809.0361 0.0361 -0.0186 0.7917
1770391809.0484 0.0415 0.0813 0.9319
1770391809.0594 0.0405 0.0344 0.9324
1770391809.0715 -0.0298 -0.0371 0.9854
1770391809.0835 -0.0286 -0.0769 1.0818
1770391809.0956 0.0750 0.0308 0.9302
1770391809.1076 0.0039 -0.0339 1.0002
1770391809.1197 -0.0134 0.0164 0.9512
1770391809.1317 0.0525 0.0366 0.8425
1770391809.1438 0.0576 0.0098 1.0208
1770391809.1559 0.0388 -0.0630 1.1262
1770391809.1682 -0.0027 -0.0645 0.6567
1770391809.1808 0.0347 0.0510 1.1167
1770391809.1917 0.0776 0.0366 0.9568
1770391809.2037 0.0378 0.0247 0.7876
1770391809.2159 -0.0264 0.0000 1.3406
1770391809.2279 0.1091 0.0457 0.8369
1770391809.2400 -0.0334 -0.0444 0.6165
1770391809.2520 0.0081 -0.0156 1.4116
1770391809.2640 0.1304 0.0950 0.8555
1770391809.2762 -0.0076 -0.0479 0.5989
1770391809.2882 -0.0020 -0.0903 0.9817
1770391809.3002 0.0935 0.0554 1.1987
1770391809.3123 0.0454 0.1587 1.2085
1770391809.3245 -0.0010 0.0618 0.5901
1770391809.3358 0.0281 -0.0085 0.9348
1770391809.3478 0.0522 -0.0854 1.1375
1770391809.3600 0.0015 -0.0974 1.1096
1770391809.3723 0.1150 0.0559 0.7842
1770391809.3844 0.0339 0.0198 0.9282
1770391809.3957 0.0803 0.0474 1.1545
1770391809.4077 -0.0464 0.0320 0.9524
1770391809.4198 0.0269 0.0530 0.7083
1770391809.4318 0.0322 -0.0090 1.1055
1770391809.4440 0.0000 -0.0581 1.1367
1770391809.4561 0.0574 -0.0542 0.8892
1770391809.4682 0.0110 -0.0466 0.7732
1770391809.4802 0.0911 0.0205 0.9282
1770391809.4925 0.0320 0.0657 1.1875
1770391809.5045 0.0537 0.0627 0.7854
1770391809.5156 0.0059 -0.1104 1.0103
1770391809.5276 0.0708 -0.0391 1.1594
1770391809.5397 0.0586 0.0017 1.0273
1770391809.5517 0.1123 0.1104 0.7927
1770391809.5638 -0.0244 -0.0178 0.9221
1770391809.5759 0.0623 -0.0037 1.2249
1770391809.5887 -0.0171 -0.1221 0.8418
1770391809.5997 0.0684 0.0063 1.0149
1770391809.6117 0.0532 0.0225 0.9497
1770391809.6240 -0.0110 -0.0312 1.1143
1770391809.6361 0.1123 0.0710 1.0498
1770391809.6482 0.0454 0.0071 0.5503
1770391809.6601 0.0569 0.1006 1.1174
1770391809.6723 -0.0037 0.1021 1.2556
1770391809.6843 0.0396 -0.0078 0.9023
1770391809.6964 -0.0039 -0.0796 0.8245
1770391809.7084 0.0208 -0.0825 0.8845
1770391809.7204 0.0652 -0.0093 1.1121
1770391809.7325 0.0872 0.0903 1.0608
1770391809.7436 0.0247 0.0281 0.7759
1770391809.7556 0.0593 0.0273 1.0005
1770391809.7679 0.0439 -0.0134 1.1597
1770391809.7807 0.0715 0.0095 0.9028
1770391809.7920 0.0249 -0.0884 0.8000
1770391809.8040 0.0457 -0.0449 1.0796
1770391809.8161 0.0647 0.0076 1.3257
1770391809.8281 0.1169 0.1443 0.9390
1770391809.8402 0.0044 0.0776 0.6101
1770391809.8522 0.0107 0.0437 1.2109
1770391809.8643 0.0703 0.0156 0.9395
1770391809.8763 -0.0144 -0.0613 0.7427
1770391809.8877 -0.0015 -0.0251 1.1819
1770391809.9000 0.0742 -0.0471 0.9990
1770391809.9124 0.0166 0.0117 0.8962
1770391809.9271 0.0178 0.0347 0.8750
1770391809.9362 0.1064 0.0393 1.0178
1770391809.9483 0.0559 0.0774 0.9546
1770391809.9602 -0.0039 -0.0464 1.1072
1770391809.9723 0.0488 -0.1084 0.9873
1770391809.9845 -0.0371 -0.0498 0.8372
1770391809.9956 0.0476 0.0132 1.1460
1770391810.0077 0.0754 0.0215 0.8979
1770391810.0197 -0.0022 0.0088 0.8313
1770391810.0317 -0.0442 0.0076 1.0730
1770391810.0438 0.0791 0.0088 1.0767
1770391810.0559 0.0408 0.0488 0.7891
1770391810.0679 0.0029 -0.0396 1.2161
1770391810.0800 0.0552 -0.0579 0.9585
1770391810.0920 0.0530 0.0061 0.7598
1770391810.1040 0.0073 -0.0139 0.9497
1770391810.1161 0.0979 0.0671 1.2029
1770391810.1282 0.0527 0.0129 0.8992
1770391810.1401 0.0571 0.0212 0.7812
1770391810.1522 0.0383 -0.0439 1.1907
1770391810.1642 0.0730 -0.0227 0.7563
1770391810.1763 -0.0198 -0.0127 1.0967
1770391810.1878 0.1001 -0.0520 1.2310
1770391810.1999 0.0630 0.1292 0.8875
1770391810.2119 0.0393 0.1096 0.8401
1770391810.2241 0.1394 0.0654 0.9988
1770391810.2361 0.0256 -0.0408 1.0154
1770391810.2482 0.0088 -0.1179 0.8921
1770391810.2602 0.0322 -0.0405 1.0884
1770391810.2723 0.0662 -0.0310 0.7932
1770391810.2844 0.0039 0.0557 1.0742
1770391810.2965 0.1311 0.1206 0.8030
1770391810.3084 0.0344 0.0586 1.2327
1770391810.3205 0.0901 -0.0361 0.8069
1770391810.3324 0.0129 -0.0835 1.1670
1770391810.3446 0.0601 -0.0010 0.8054
1770391810.3565 0.0503 0.1047 0.8030
1770391810.3686 0.0608 0.1648 1.0591
1770391810.3806 -0.0188 0.0251 1.0776
1770391810.3930 -0.0791 -0.2007 1.1663
1770391810.4040 0.0657 -0.0278 0.9678
1770391810.4164 0.0073 -0.0190 0.8237
1770391810.4287 0.0237 -0.0093 0.9084
1770391810.4400 0.0845 0.0830 1.1399
1770391810.4521 0.0388 0.1096 0.9470
1770391810.4641 -0.0549 -0.0544 0.9050
1770391810.4761 0.0007 -0.0364 1.0276
1770391810.4883 0.0359 -0.0137 0.9646
1770391810.5004 0.0217 -0.0081 1.0342
1770391810.5120 0.0342 -0.0166 1.0071
1770391810.5243 0.0444 -0.0034 0.9812
1770391810.5364 0.0444 0.0205 0.8511
1770391810.5486 0.0376 0.0015 0.9136
1770391810.5608 0.0164 0.0105 1.2703
1770391810.5720 0.0325 0.0156 0.8943
1770391810.5841 0.0117 -0.0049 0.8709
1770391810.5965 0.0808 0.0430 1.0718
1770391810.6086 -0.0190 -0.0188 0.9524
1770391810.6206 0.0496 -0.0344 1.0234
1770391810.6326 0.0981 0.0244 0.8135
1770391810.6447 -0.0249 0.0334 1.0315
1770391810.6567 0.0405 0.0732 1.1912
1770391810.6688 0.0659 -0.0500 0.8608
1770391810.6809 0.0190 -0.0542 0.9368
1770391810.6920 0.0547 -0.0103 1.0984
1770391810.7041 0.0420 -0.0110 0.8354
1770391810.7160 0.0605 0.0266 1.1379
1770391810.7282 0.0776 0.0173 0.9473
1770391810.7401 0.0437 0.0298 0.8052
1770391810.7522 0.0051 -0.0110 1.0974
1770391810.7643 0.1311 0.0364 1.0164
1770391810.7764 0.0620 -0.0105 0.9055
1770391810.7882 0.0356 -0.0012 1.0144
1770391810.8002 0.0618 -0.0208 0.9570
1770391810.8122 0.0242 0.0095 1.0632
1770391810.8244 -0.0168 -0.0403 0.8877
1770391810.8363 0.0256 0.0439 1.0833
1770391810.8485 0.0327 0.0586 1.0298
1770391810.8604 -0.0552 -0.0720 0.8804
1770391810.8725 0.0127 0.0032 1.0715
1770391810.8845 0.0337 0.0088 0.9341
1770391810.8966 0.0247 -0.0041 1.0457
1770391810.9086 0.0269 -0.0110 0.8943
1770391810.9207 0.0415 -0.0168 0.8862
1770391810.9327 0.0220 -0.0078 1.2795
1770391810.9448 0.0356 -0.0337 0.8613
1770391810.9568 0.0166 0.0215 0.8423
1770391810.9689 0.0459 0.0750 1.2246
1770391810.9808 0.0964 0.0105 0.8853
1770391810.9923 -0.0017 -0.0447 0.9785
1770391811.0043 0.0190 -0.0317 0.9199
1770391811.0164 0.0547 -0.0110 0.9060
1770391811.0284 0.0471 -0.0422 0.9434
1770391811.0405 0.0674 0.0437 1.0476
1770391811.0524 0.0342 0.0327 1.0627
1770391811.0645 0.0288 -0.0984 0.7593
1770391811.0767 0.0015 -0.1060 1.1819
1770391811.0888 0.1318 -0.0242 1.0288
1770391811.1010 0.0261 0.0686 0.6167
1770391811.1131 0.0344 0.0291 1.1306
1770391811.1246 0.1575 0.1455 1.2083
1770391811.1368 -0.0134 -0.0181 0.6416
1770391811.1483 0.0291 -0.0649 0.9360
1770391811.1604 0.0439 -0.0107 1.0691
1770391811.1727 0.0547 -0.1125 0.9045
1770391811.1850 0.0120 -0.0962 1.2051
1770391811.1966 0.0242 0.0005 0.7781
1770391811.2088 0.0737 0.1704 1.0459
1770391811.2210 0.0562 0.0713 0.9756
1770391811.2323 0.0208 -0.0127 0.8955
1770391811.2447 0.0127 -0.0081 1.0388
1770391811.2568 0.0574 -0.0669 0.9753
1770391811.2692 0.0940 -0.0569 1.0103
1770391811.2803 0.0273 -0.0789 0.9326
1770391811.2926 0.0291 0.0718 1.1572
1770391811.3049 0.0896 0.0481 0.9065
1770391811.3172 -0.0300 -0.0054 0.7837
1770391811.3283 0.0151 -0.0452 0.9971
1770391811.3407 0.0359 -0.1016 1.1826
1770391811.3530 0.1147 0.0586 0.9094
1770391811.3647 -0.0049 -0.0061 0.8701
1770391811.3763 0.0496 0.0361 0.9114
1770391811.3888 0.0584 0.0317 1.2095
1770391811.4010 0.0464 -0.0291 1.0168
1770391811.4123 0.0100 -0.0229 0.6699
1770391811.4248 0.0107 0.0100 1.2549
1770391811.4369 0.0833 -0.0356 0.9990
1770391811.4492 0.0432 0.0325 0.8857
1770391811.4603 0.0627 0.0415 0.9360
1770391811.4724 0.0581 -0.0132 0.8486
1770391811.4848 0.0625 0.0032 1.0557
1770391811.4971 0.1089 0.0161 1.1147
1770391811.5083 0.0234 0.0039 0.7649
1770391811.5207 0.0437 -0.0752 0.9868
1770391811.5330 0.0381 -0.0305 1.1384
1770391811.5444 0.0100 -0.0325 0.7500
1770391811.5566 0.0110 0.0405 1.2517
1770391811.5693 -0.0068 -0.0242 0.8188
1770391811.5805 0.1091 0.0830 0.8491
1770391811.5927 0.0522 0.0022 1.0303
1770391811.6050 -0.0007 -0.0281 1.0591
1770391811.6173 -0.0024 -0.0867 1.0083
1770391811.6287 0.0762 -0.0684 0.8906
1770391811.6409 0.0286 -0.0259 1.0813
1770391811.6531 0.0830 0.0820 0.9666
1770391811.6644 0.0371 0.0178 1.0317
1770391811.6767 0.0686 0.0032 0.9109
1770391811.6888 0.0051 -0.0862 1.0881
1770391811.7012 0.0066 -0.0845 1.1064
1770391811.7129 0.1204 0.0173 0.7649
1770391811.7243 0.0642 0.0601 1.1008
1770391811.7365 0.0432 0.0142 1.0168
1770391811.7488 0.0393 0.0344 0.8652
1770391811.7609 0.0325 0.0032 0.9226
1770391811.7733 0.0176 -0.0300 1.0947
1770391811.7846 -0.0212 -0.0730 1.1284
1770391811.7970 0.0674 -0.0432 0.8259
1770391811.8084 0.0432 -0.0129 0.9954
1770391811.8209 0.0254 -0.0210 1.1453
1770391811.8329 0.0457 0.0037 0.7361
1770391811.8443 0.0498 0.0332 0.8518
1770391811.8564 0.1440 0.0476 1.2061
1770391811.8687 -0.0059 -0.0989 0.8918
1770391811.8808 0.0820 -0.0002 0.8853
1770391811.8926 0.0762 -0.0078 1.0081
1770391811.9049 0.0603 -0.0156 0.8862
1770391811.9172 0.0361 0.0215 0.8909
1770391811.9293 0.0569 0.0479 1.2114
1770391811.9410 0.0820 -0.0125 0.8857
1770391811.9532 -0.0400 -0.1096 0.7659
1770391811.9653 0.0503 -0.0232 1.2073
1770391811.9770 0.1194 0.0625 0.8730
1770391811.9891 0.0327 0.0034 0.8396
1770391812.0034 -0.0027 -0.0161 1.1995
1770391812.0129 0.0667 0.0098 0.8694
1770391812.0253 0.0332 -0.0298 0.9790
1770391812.0366 0.0845 -0.0679 1.0640
1770391812.0492 0.0413 0.0315 0.8220
1770391812.0605 0.0457 0.0125 1.0442
1770391812.0726 0.0210 -0.0786 1.1094
1770391812.0847 0.0972 0.0505 0.8499
1770391812.0968 0.0049 -0.0422 0.8054
1770391812.1088 0.0627 0.0674 0.9629
1770391812.1209 0.0713 0.0356 1.2102
1770391812.1329 0.0410 0.0686 0.8455
1770391812.1451 -0.0200 -0.0532 0.7761
1770391812.1572 -0.0217 -0.0481 1.2375
1770391812.1693 0.0584 -0.0437 0.9648
1770391812.1804 0.0098 -0.0339 0.8215
1770391812.1925 0.0728 0.0403 0.9067
1770391812.2047 0.0261 -0.0103 1.0808
1770391812.2170 0.0444 0.0051 0.8901
1770391812.2292 0.0059 -0.0198 1.0566
1770391812.2413 0.0664 0.0459 0.9348
1770391812.2526 0.0361 -0.0210 0.9875
1770391812.2648 0.0374 -0.0281 0.8682
1770391812.2771 0.0383 -0.0010 1.0681
1770391812.2891 0.0571 -0.0049 1.1040
1770391812.3012 -0.0186 -0.1399 0.8274
1770391812.3132 0.0273 -0.0400 0.9553
1770391812.3253 0.0728 0.0723 0.9998
1770391812.3374 0.0410 0.0564 1.0137
1770391812.3494 0.0891 0.0146 0.9805
1770391812.3614 0.0066 -0.0566 0.8870
1770391812.3735 -0.0078 -0.0137 0.8958
1770391812.3853 0.0989 0.0540 1.1892
1770391812.3966 0.0596 -0.0889 0.9136
1770391812.4087 -0.0417 -0.1313 0.9751
1770391812.4208 0.0188 -0.0632 0.9500
1770391812.4327 0.0857 0.0554 0.9961
1770391812.4447 0.0164 0.0457 0.8550
1770391812.4568 0.0486 0.0640 1.0166
1770391812.4689 0.0369 -0.0002 1.1047
1770391812.4809 0.0591 -0.0305 0.8157
1770391812.4930 -0.0293 -0.1040 0.9089
1770391812.5051 -0.0005 -0.1282 1.3555
1770391812.5172 0.0488 0.0349 0.6836
1770391812.5291 0.0654 0.1255 0.8586
1770391812.5413 0.0371 0.0593 1.1633
1770391812.5533 0.0481 0.0198 1.1802
1770391812.5654 0.0535 -0.0276 0.6738
1770391812.5774 0.0232 -0.0859 1.0747
1770391812.5886 0.1179 -0.0063 1.0254
1770391812.6007 0.0276 0.0208 0.9131
1770391812.6127 0.0344 0.0710 0.9565
1770391812.6247 0.0847 0.0149 1.1616
1770391812.6368 0.0151 0.0122 0.7734
1770391812.6487 0.0137 -0.0081 1.0024
1770391812.6608 0.1301 -0.0051 1.0195
1770391812.6730 -0.0203 -0.0681 0.9060
1770391812.6850 0.0071 -0.0664 1.2339
1770391812.6971 0.0745 0.0508 0.8823
1770391812.7090 0.0088 -0.0081 0.8049
1770391812.7211 0.0181 0.0686 1.1636
1770391812.7331 0.0542 0.0090 0.9189
1770391812.7450 0.0166 0.0457 0.8765
1770391812.7572 0.0645 -0.0127 0.8157
1770391812.7692 0.0315 -0.0752 1.2495
1770391812.7814 0.0613 -0.0493 0.9172
1770391812.7935 0.0349 0.0305 1.1096
1770391812.8056 0.1240 0.0398 0.9336
1770391812.8177 0.0474 0.0208 0.8577
1770391812.8297 -0.0295 -0.0715 1.2734
1770391812.8408 0.0002 -0.0784 0.8445
1770391812.8528 0.0610 0.0544 0.9548
1770391812.8648 0.0330 0.1006 0.9658
1770391812.8770 0.0439 0.0225 1.0144
1770391812.8888 0.0425 0.0442 0.9448
1770391812.9010 -0.0369 -0.1345 1.0352
1770391812.9129 0.0496 -0.1328 0.9690
1770391812.9250 0.0659 0.0642 1.0603
1770391812.9370 0.0835 0.0159 0.7109
1770391812.9492 0.0552 0.1016 0.8350
1770391812.9613 -0.0076 0.0127 1.1892
1770391812.9734 -0.0371 0.1799 1.8630
1770391812.9848 -0.4060 -0.1318 0.9888
1770391812.9974 -0.2725 -0.0352 0.4939
1770391813.0095 -0.0872 0.2710 1.0352
1770391813.0216 -0.4744 0.0039 1.2783
1770391813.0335 -0.4985 -0.0823 0.9526
1770391813.0457 -0.1709 -0.0156 0.9070
1770391813.0578 -0.1428 -0.1748 1.1052
1770391813.0688 -0.0208 -0.1165 1.0886
1770391813.0808 0.0364 -0.0273 0.9585
1770391813.0929 0.0481 0.0483 0.8621
1770391813.1048 0.1167 0.1018 1.0312
1770391813.1170 0.0676 0.0784 1.0569
1770391813.1289 0.0449 0.0059 0.8967
1770391813.1409 0.0217 -0.0686 0.8679
1770391813.1529 0.0405 -0.0808 1.1135
1770391813.1650 0.1111 -0.0154 0.9373
1770391813.1772 0.1096 0.0688 0.9272
1770391813.1893 0.1008 0.0515 0.9856
1770391813.2013 0.0376 0.0002 1.0642
1770391813.2133 0.0459 -0.0215 0.8611
1770391813.2254 0.0857 -0.0522 0.9595
1770391813.2375 0.1294 0.0120 1.0613
1770391813.2497 0.0559 -0.0037 0.8958
1770391813.2608 0.0239 -0.0105 0.9768
1770391813.2728 0.0259 0.0181 0.9443
1770391813.2848 0.0640 0.0413 0.9863
1770391813.2969 0.0435 0.0220 0.9790
1770391813.3089 0.0095 -0.0276 0.9324
1770391813.3209 0.0308 -0.0405 1.0134
1770391813.3331 0.0430 -0.0098 0.9536
1770391813.3451 0.0403 0.0276 0.9441
1770391813.3574 0.0322 0.0171 1.0339
1770391813.3695 0.0593 0.0083 0.9421
1770391813.3818 0.0481 -0.0149 0.9524
1770391813.3931 0.0278 -0.0383 0.9959
1770391813.4053 0.0527 -0.0220 0.9666
1770391813.4177 0.0640 0.0151 0.9587
1770391813.4288 0.0356 0.0171 0.9736
1770391813.4409 0.0159 -0.0010 0.9959
1770391813.4532 0.0488 -0.0029 0.9524
1770391813.4653 0.0488 -0.0007 0.9580
1770391813.4774 0.0359 -0.0193 0.9963
1770391813.4894 0.0566 -0.0005 0.9609
1770391813.5015 0.0278 -0.0034 0.9631
1770391813.5134 0.0408 0.0132 0.9717
1770391813.5255 0.0559 0.0186 0.9705
1770391813.5374 0.0508 0.0063 0.9729
1770391813.5494 0.0537 -0.0142 0.9478
1770391813.5615 0.0398 -0.0159 0.9849
1770391813.5735 0.0322 -0.0066 0.9697
1770391813.5858 0.0466 0.0188 0.9639
1770391813.5970 0.0256 0.0029 0.9778
1770391813.6090 0.0471 0.0063 0.9685
1770391813.6212 0.0383 -0.0059 0.9729
1770391813.6331 0.0378 -0.0195 0.9814
1770391813.6452 0.0437 -0.0100 0.9729
1770391813.6573 0.0264 -0.0046 0.9766
1770391813.6694 0.0439 0.0012 0.9697
1770391813.6814 0.0386 -0.0041 0.9753
1770391813.6935 0.0454 0.0000 0.9714
1770391813.7058 0.0483 -0.0134 0.9636
1770391813.7171 0.0408 -0.0071 0.9856
1770391813.7290 0.0339 -0.0041 0.9790
1770391813.7411 0.0386 0.0083 0.9766
1770391813.7531 0.0334 0.0037 0.9785
1770391813.7651 0.0315 -0.0066 0.9846
1770391813.7772 0.0444 -0.0034 0.9683
1770391813.7892 0.0447 -0.0120 0.9709
1770391813.8013 0.0398 -0.0076 0.9753
1770391813.8135 0.0396 -0.0020 0.9683
1770391813.8257 0.0361 0.0034 0.9722
1770391813.8369 0.0400 0.0020 0.9736
1770391813.8490 0.0400 -0.0022 0.9788
1770391813.8611 0.0425 -0.0078 0.9736
1770391813.8732 0.0442 -0.0054 0.9766
1770391813.8852 0.0303 -0.0112 0.9812
1770391813.8973 0.0437 0.0054 0.9714
1770391813.9097 0.0427 0.0037 0.9729
1770391813.9218 0.0403 -0.0022 0.9773
1770391813.9339 0.0459 -0.0071 0.9749
1770391813.9459 0.0422 -0.0078 0.9709
1770391813.9570 0.0437 -0.0061 0.9707
1770391813.9689 0.0435 -0.0010 0.9714
1770391813.9810 0.0430 -0.0002 0.9714
1770391813.9933 0.0432 0.0010 0.9670
1770391814.0057 0.0415 -0.0020 0.9795
1770391828.2649 0.0400 -0.0024 0.9705
1770391828.2770 0.0435 -0.0032 0.9741
1770391828.2891 0.0425 -0.0012 0.9778
1770391828.3012 0.0442 -0.0012 0.9741
1770391828.3132 0.0432 -0.0005 0.9707
1770391828.3254 0.0432 -0.0022 0.9695
1770391828.3374 0.0398 -0.0010 0.9758
1770391828.3488 0.0432 -0.0024 0.9714
1770391828.3609 0.0420 -0.0027 0.9749
1770391828.3738 0.0383 -0.0027 0.9766
1770391828.3858 0.0410 -0.0032 0.9766
1770391828.3971 0.0430 -0.0017 0.9727
1770391828.4094 0.0388 -0.0024 0.9763
1770391828.4208 0.0420 0.0005 0.9734
1770391828.4335 0.0378 0.0005 0.9753
1770391828.4457 0.0410 -0.0059 0.9753
1770391828.4570 0.0420 -0.0083 0.9717
1770391828.4690 0.0430 -0.0039 0.9761
1770391828.4810 0.0432 -0.0029 0.9675
1770391828.4931 0.0425 -0.0017 0.9731
1770391828.5052 0.0425 -0.0051 0.9766
1770391828.5175 0.0425 0.0005 0.9705
1770391828.5297 0.0461 0.0000 0.9670
1770391828.5417 0.0454 -0.0012 0.9668
1770391828.5532 0.0403 -0.0020 0.9700
1770391828.5653 0.0403 -0.0034 0.9766
1770391828.5778 0.0447 -0.0017 0.9761
1770391828.5892 0.0400 -0.0005 0.9736
1770391828.6014 0.0408 -0.0029 0.9731
1770391828.6137 0.0410 -0.0041 0.9673
1770391828.6257 0.0417 -0.0059 0.9758
1770391828.6369 0.0376 0.0005 0.9688
1770391828.6495 0.1799 0.0959 1.0183
1770391828.6617 0.1924 -0.2190 0.8235
1770391828.6738 0.2388 -0.0276 1.3416
1770391828.6857 0.3020 -0.0391 0.5940
1770391828.6977 0.2021 -0.2126 1.1667
1770391828.7098 0.3269 -0.0005 1.0925
1770391828.7208 0.3423 -0.0176 0.7400
1770391828.7329 0.2722 -0.0164 1.0823
1770391828.7450 0.1941 -0.0305 0.9861
1770391828.7571 0.1218 -0.0828 0.8374
1770391828.7693 0.1519 -0.0813 1.1284
1770391828.7815 0.1543 -0.0347 0.9670
1770391828.7937 0.0974 -0.0791 0.7981
1770391828.8049 0.0667 -0.0383 1.1646
1770391828.8169 0.0537 0.0408 0.8694
1770391828.8291 0.0618 -0.0442 0.6887
1770391828.8411 0.0664 0.0237 1.3369
1770391828.8534 0.0410 -0.0166 0.7166
1770391828.8655 0.0288 0.0137 1.2043
1770391828.8778 0.1182 0.0503 1.1306
1770391828.8899 -0.0054 0.0457 0.7808
1770391828.9008 0.0161 0.0278 1.0657
1770391828.9128 0.0664 0.0527 0.9490
1770391828.9249 0.0354 0.0759 1.0967
1770391828.9370 0.0295 0.0845 1.0161
1770391828.9490 0.0413 0.0696 0.7778
1770391828.9610 0.0134 0.0435 1.0444
1770391828.9731 0.0347 0.0510 1.1003
1770391828.9856 0.0317 -0.0264 0.7830
1770391828.9977 0.0061 0.0593 1.2090
1770391829.0089 0.0542 0.0249 0.9404
1770391829.0210 -0.0894 -0.0325 0.9424
1770391829.0332 0.0200 -0.0173 1.0220
1770391829.0453 -0.0110 -0.0764 0.9456
1770391829.0574 0.0330 -0.0007 0.8726
1770391829.0695 0.0557 -0.0137 1.1301
1770391829.0815 0.0100 0.0103 1.1177
1770391829.0935 -0.0137 -0.0251 0.6279
1770391829.1056 0.0640 0.0066 1.0776
1770391829.1176 0.0874 0.0425 1.0706
1770391829.1297 0.0886 0.0425 0.7383
1770391829.1417 -0.0063 -0.0720 1.0657
1770391829.1538 0.0134 -0.0632 0.9858
1770391829.1659 -0.0088 0.0100 0.9282
1770391829.1772 0.0642 0.0344 1.1890
1770391829.1896 -0.0093 -0.0142 0.8232
1770391829.2019 0.0764 0.0217 0.9043
1770391829.2138 0.1191 -0.0232 1.0422
1770391829.2260 0.0632 0.0298 0.9954
1770391829.2379 0.1179 0.0347 0.8232
1770391829.2500 0.1091 0.0691 1.0432
1770391829.2619 0.0884 0.0291 1.0015
1770391829.2733 0.0642 0.0229 0.7000
1770391829.2853 0.0701 0.1213 1.6292
1770391829.2973 0.1067 -0.0620 0.7202
1770391829.3092 0.0154 0.0017 0.6072
1770391829.3214 0.0215 -0.0293 1.4282
1770391829.3334 0.1150 0.0332 1.1123
1770391829.3454 0.0190 -0.0469 0.5308
1770391829.3573 0.0925 0.0857 1.1995
1770391829.3694 0.0452 0.0137 0.8577
1770391829.3815 0.0413 0.0085 0.9509
1770391829.3939 -0.0020 0.0005 1.1602
1770391829.4060 0.0771 -0.0056 0.6602
1770391829.4170 0.0288 -0.0059 0.9946
1770391829.4290 0.0933 0.0337 1.1516
1770391829.4410 0.0317 0.0471 0.7908
1770391829.4531 0.0544 0.0745 1.0012
1770391829.4651 0.0291 -0.0366 0.9897
1770391829.4770 0.0696 0.0308 0.9624
1770391829.4892 0.0740 -0.1001 0.7019
1770391829.5012 0.0322 0.0303 1.0229
1770391829.5132 0.0703 0.0325 0.9683
1770391829.5253 0.0054 -0.0232 0.9944
1770391829.5372 0.1421 0.0715 1.0767
1770391829.5492 0.1018 -0.0081 0.7683
1770391829.5614 0.0205 0.0105 0.8965
1770391829.5736 0.0803 0.0186 1.2620
1770391829.5861 0.0286 -0.0078 0.8323
1770391829.5971 0.0295 0.0442 0.8757
1770391829.6091 0.0984 0.0759 1.1233
1770391829.6211 -0.0427 -0.0386 1.0071
1770391829.6332 0.0376 -0.0374 0.7639
1770391829.6451 0.0237 -0.0623 0.8621
1770391829.6573 0.1355 0.0674 1.3826
1770391829.6693 0.0015 -0.0584 0.7300
1770391829.6814 0.0457 -0.0010 0.8706
1770391829.6935 0.0537 0.0046 1.2339
1770391829.7055 0.1392 0.1304 1.0718
1770391829.7175 0.0242 -0.0110 0.6396
1770391829.7301 0.0637 0.0840 1.1060
1770391829.7420 0.0610 -0.0347 0.7808
1770391829.7533 -0.0242 -0.0151 1.0830
1770391829.7655 0.0239 -0.0264 0.8528
1770391829.7776 0.1257 0.0813 0.9241
1770391829.7900 0.0828 0.0525 1.1943
1770391829.8011 0.0815 0.0471 0.7896
1770391829.8131 0.0273 -0.0044 0.9819
1770391829.8254 0.1191 0.0347 1.0303
1770391829.8374 -0.0349 -0.0415 0.8687
1770391829.8495 0.0591 0.0171 0.8909
1770391829.8615 0.0752 0.0964 1.1375
1770391829.8736 -0.0273 -0.0867 0.7424
1770391829.8858 0.0469 0.0327 1.0688
1770391829.8979 0.1079 0.0488 1.0369
1770391829.9097 -0.0010 -0.0537 0.7720
1770391829.9220 0.0647 0.0125 1.0940
1770391829.9331 0.0276 0.0459 1.0339
1770391829.9453 0.0237 0.0100 0.7014
1770391829.9573 0.0332 0.0376 1.1875
1770391829.9694 0.0867 0.0986 0.9666
1770391829.9816 0.0520 0.0105 0.6555
1770391829.9939 0.0818 0.0308 1.1448
1770391830.0058 0.1509 -0.0532 0.9187
1770391830.0180 -0.0098 -0.1260 0.9214
1770391830.0299 0.0652 -0.0334 0.9331
1770391830.0420 0.1260 0.0688 0.9446
1770391830.0540 0.0203 0.0132 0.9314
1770391830.0661 0.0220 0.1428 1.1860
1770391830.0772 0.1262 0.1736 0.7021
1770391830.0893 -0.0354 -0.0283 0.8020
1770391830.1014 0.0962 0.0442 1.1914
1770391830.1135 0.0024 -0.1018 0.8853
1770391830.1256 0.0359 -0.0378 0.8621
1770391830.1378 0.0820 0.0493 1.1912
1770391830.1498 -0.0125 -0.0022 0.8906
1770391830.1620 0.0745 0.0422 0.8901
1770391830.1741 0.0884 -0.0251 1.0205
1770391830.1854 0.0073 -0.0613 0.8774
1770391830.1982 0.1062 0.0132 0.8372
1770391830.2101 0.0452 0.0071 1.2029
1770391830.2212 0.0881 0.0547 1.0662
1770391830.2333 0.0703 0.1104 1.1362
1770391830.2453 0.0437 -0.0066 0.6462
1770391830.2574 0.1118 0.0808 0.9866
1770391830.2694 0.1526 0.0271 1.1370
1770391830.2816 0.0837 -0.0525 0.8586
1770391830.2936 0.0542 -0.0474 1.1106
1770391830.3056 0.0725 -0.0059 0.9893
1770391830.3176 -0.0054 -0.0271 0.6494
1770391830.3297 0.0557 0.0896 1.5312
1770391830.3418 0.1045 0.0276 0.8350
1770391830.3540 0.0168 0.0439 0.8787
1770391830.3660 0.0518 -0.0164 0.9531
1770391830.3782 0.0212 -0.0066 1.0869
1770391830.3893 -0.0220 -0.0989 0.8628
1770391830.4014 0.0320 -0.0603 0.8931
1770391830.4134 0.0884 0.0566 1.1147
1770391830.4255 0.0496 0.0105 0.8760
1770391830.4375 -0.0095 -0.0310 1.0408
1770391830.4496 0.1580 0.0718 1.1538
1770391830.4618 -0.0452 -0.1575 0.7146
1770391830.4733 0.0376 -0.0564 1.0725
1770391830.4856 0.1577 0.0947 1.0527
1770391830.4979 -0.0303 -0.0303 0.8611
1770391830.5093 0.0081 -0.0198 0.8481
1770391830.5222 0.0708 0.0613 1.1604
1770391830.5333 0.0071 -0.0303 0.8662
1770391830.5453 0.0769 0.0193 0.9148
1770391830.5575 0.1035 0.0442 1.0029
1770391830.5696 0.0356 -0.0801 0.7358
1770391830.5823 0.1326 0.0251 1.3723
1770391830.5935 0.1157 0.0347 0.8953
1770391830.6055 0.0562 0.0293 0.9011
1770391830.6179 0.0815 0.1074 1.1670
1770391830.6300 0.0251 -0.0254 0.7837
1770391830.6413 0.0471 -0.0430 1.0771
1770391830.6533 0.0837 -0.0542 0.8464
1770391830.6657 0.0784 0.0576 1.0088
1770391830.6779 0.1174 0.0173 0.8342
1770391830.6895 0.0317 -0.0388 0.8076
1770391830.7017 0.0442 0.0564 1.3184
1770391830.7139 0.0613 0.0398 1.0110
1770391830.7261 0.0486 0.0098 0.8584
1770391830.7381 0.0352 0.0032 1.0742
1770391830.7500 0.0791 0.0164 0.9802
1770391830.7620 -0.0098 -0.0745 0.9714
1770391830.7742 0.0283 -0.0347 0.9434
1770391830.7859 0.0422 0.0649 1.1138
1770391830.7981 0.0662 0.0349 0.8767
1770391830.8102 0.0220 -0.0376 0.8469
1770391830.8213 0.0498 -0.0178 0.8367
1770391830.8336 -0.0193 -0.0735 0.9727
1770391830.8457 0.1008 0.0378 1.1482
1770391830.8579 0.0439 0.0327 0.9451
1770391830.8700 -0.0098 0.0039 0.7803
1770391830.8823 0.0571 0.0662 1.0906
1770391830.8936 0.0063 -0.0232 0.8535
1770391830.9060 0.0591 0.0349 0.9792
1770391830.9183 0.1406 0.0505 1.1021
1770391830.9303 -0.0225 -0.0886 0.7720
1770391830.9416 0.0415 -0.0247 1.0735
1770391830.9540 0.1521 0.0886 1.0508
1770391830.9661 0.0381 0.0286 0.8120
1770391830.9775 0.0742 0.0366 0.6834
1770391830.9899 0.1077 0.1155 1.5928
1770391831.0021 0.0286 -0.1418 0.7251
1770391831.0142 0.0698 -0.0439 0.7661
1770391831.0253 0.0691 0.0432 1.4443
1770391831.0373 0.0112 -0.0864 0.7261
1770391831.0495 -0.0610 -0.0249 0.9397
1770391831.0614 0.0432 0.0947 1.0732
1770391831.0737 -0.0076 -0.1221 0.7078
1770391831.0857 0.0261 -0.0354 1.1304
1770391831.0979 0.1304 0.0415 1.1079
1770391831.1099 -0.0466 0.0000 0.7449
1770391831.1220 0.1030 0.0571 1.2422
1770391831.1342 -0.0254 -0.0413 0.7859
1770391831.1463 -0.0208 -0.0195 0.9775
1770391831.1573 0.1328 0.0618 1.1619
1770391831.1694 0.0845 0.0251 0.9937
1770391831.1816 0.0554 -0.0266 0.8911
1770391831.1938 0.1245 0.0476 1.0745
1770391831.2058 -0.0122 -0.0342 1.0603
1770391831.2179 0.0464 0.0601 0.8191
1770391831.2301 0.0901 0.0530 0.9416
1770391831.2421 0.0918 0.0454 0.9172
1770391831.2543 0.0420 -0.0352 0.9263
1770391831.2663 0.0806 -0.0039 1.3301
1770391831.2784 0.0496 -0.1270 0.6704
1770391831.2894 0.0137 -0.0801 1.0249
1770391831.3016 0.1331 0.0808 1.3057
1770391831.3138 -0.0427 -0.0735 0.6174
1770391831.3258 0.0210 0.0593 1.1323
1770391831.3379 0.0999 0.0132 0.9136
1770391831.3501 -0.0544 -0.0662 0.9214
1770391831.3620 0.0698 -0.0803 0.9526
1770391831.3742 0.0193 -0.0623 1.0579
1770391831.3863 0.0605 0.0371 0.9946
1770391831.3985 0.0422 0.0688 0.8660
1770391831.4095 0.0132 -0.0291 0.8801
1770391831.4215 0.0972 0.0754 1.1001
1770391831.4336 -0.0349 -0.0303 0.9260
1770391831.4456 0.0000 -0.0505 1.0225
1770391831.4577 0.0791 -0.0283 0.8064
1770391831.4700 0.0159 -0.0122 1.1658
1770391831.4820 0.0979 0.0920 1.0176
1770391831.4942 -0.0132 0.0063 0.8408
1770391831.5063 0.0168 0.0620 1.2366
1770391831.5184 0.0671 0.0176 0.8313
1770391831.5304 -0.0068 -0.0371 0.8381
1770391831.5424 0.1265 0.0391 1.0063
1770391831.5536 0.0195 -0.0269 1.0825
1770391831.5657 -0.0090 0.0105 0.9705
1770391831.5779 0.0989 0.0715 0.9548
1770391831.5899 0.0127 -0.0041 0.8616
1770391831.6019 0.0771 -0.0059 0.9268
1770391831.6143 0.0520 -0.0303 1.1023
1770391831.6257 0.0056 -0.0371 0.8413
1770391831.6379 0.0845 0.0837 1.1541
1770391831.6505 0.0645 0.0388 0.8384
1770391831.6619 0.0015 -0.0940 0.8364
1770391831.6746 0.1062 0.0239 1.3542
1770391831.6859 -0.0586 -0.0767 0.8979
1770391831.6983 -0.0117 -0.0286 0.7605
1770391831.7105 -0.0190 -0.0542 1.2312
1770391831.7227 0.1389 0.1357 1.0874
1770391831.7341 -0.0269 -0.0317 0.6855
1770391831.7464 0.0144 -0.0083 1.0654
1770391831.7576 0.0920 -0.0342 1.0386
1770391831.7698 0.0200 -0.0210 1.0076
1770391831.7825 0.0054 -0.0693 0.8528
1770391831.7937 0.0144 0.0483 1.0059
1770391831.8061 0.0151 0.0457 1.2012
1770391831.8182 0.0508 0.0293 0.8059
1770391831.8302 0.0349 -0.0171 0.8076
1770391831.8419 0.0601 0.0166 1.1216
1770391831.8540 0.1016 0.0134 1.1294
1770391831.8664 0.0220 -0.0364 0.8799
1770391831.8784 0.0242 0.0193 0.8855
1770391831.8904 0.0930 0.0544 0.9988
1770391831.9025 0.0469 0.0500 1.0039
1770391831.9137 0.1157 -0.0166 0.8618
1770391831.9259 -0.0144 -0.0911 0.9585
1770391831.9380 0.0266 -0.0513 0.9565
1770391831.9502 0.0493 0.0259 0.9534
1770391831.9622 0.0305 0.0547 0.9067
1770391831.9744 0.0981 0.0530 0.8186
1770391831.9866 0.0146 0.0891 1.4233
1770391831.9976 0.0000 -0.0610 0.7571
1770391832.0099 0.0198 0.0076 0.8071
1770391832.0222 0.0625 0.0200 1.1931
1770391832.0343 0.1030 0.0205 0.8049
1770391832.0463 0.0203 -0.0464 1.0408
1770391832.0584 0.0352 0.0044 1.0715
1770391832.0706 0.0498 0.0149 0.7358
1770391832.0817 0.0293 -0.0562 0.9614
1770391832.0939 0.0806 0.0278 1.0859
1770391832.1064 0.0730 0.0190 0.9822
1770391832.1181 0.0117 -0.0181 1.0488
1770391832.1300 0.0073 -0.0085 1.0034
1770391832.1425 0.0056 0.0098 0.7144
1770391832.1547 0.0564 0.0234 1.3735
1770391832.1668 0.0251 -0.0435 1.0613
1770391832.1791 0.0164 -0.0488 0.7766
1770391832.1912 0.0027 -0.0322 0.8491
1770391832.2024 0.0215 0.0364 1.2354
1770391832.2144 0.0227 0.0352 0.8496
1770391832.2266 0.0085 -0.0115 0.9189
1770391832.2386 0.0320 -0.0305 1.0107
1770391832.2508 -0.0041 -0.0442 0.9680
1770391832.2629 0.0261 -0.0061 0.9214
1770391832.2751 0.0850 0.0676 1.3135
1770391832.2871 0.1443 0.0703 0.9980
1770391832.2992 0.0325 -0.0134 0.9521
1770391832.3113 0.0146 -0.0920 0.9275
1770391832.3224 0.0059 -0.0776 0.9583
1770391832.3346 0.0100 -0.0571 1.0442
1770391832.3468 0.1260 0.0322 0.9932
1770391832.3590 0.0288 -0.0085 0.7253
1770391832.3703 0.0493 0.0090 1.2400
1770391832.3825 0.0938 0.0537 1.1194
1770391832.3949 -0.0322 -0.0103 0.6892
1770391832.4070 0.0164 -0.0132 1.0618
1770391832.4193 0.0217 -0.0403 0.9573
1770391832.4306 0.0330 0.0039 1.0686
1770391832.4427 0.0293 -0.0305 1.0344
1770391832.4550 0.0232 -0.0256 0.7661
1770391832.4673 0.0686 0.0381 1.1560
1770391832.4784 0.0305 -0.0183 0.7527
1770391832.4909 0.0256 0.0725 1.1262
1770391832.5031 0.0278 0.0156 0.8333
1770391832.5155 0.0237 0.0242 0.9673
1770391832.5269 0.0002 -0.0640 0.8787
1770391832.5386 0.0193 -0.0095 1.3320
1770391832.5513 0.0527 -0.0273 0.8750
1770391832.5626 0.0840 0.0027 0.8269
1770391832.5751 0.0481 0.0388 1.1802
1770391832.5867 0.0161 -0.0486 0.8770
1770391832.5984 -0.0017 0.0312 1.1147
1770391832.6114 0.0588 0.0969 1.1770
1770391832.6224 0.0447 -0.0337 0.5857
1770391832.6352 0.0823 0.0132 1.4072
1770391832.6473 0.0222 -0.0718 0.8521
1770391832.6591 0.0098 -0.0154 0.7361
1770391832.6712 0.0195 0.0085 1.4656
1770391832.6833 0.0164 0.0396 0.7615
1770391832.6953 -0.0020 0.0520 0.9055
1770391832.7075 0.0312 -0.0120 1.0876
1770391832.7194 0.0684 0.0552 1.0413
1770391832.7305 0.0369 -0.0149 0.8528
1770391832.7425 0.0151 -0.0403 1.0823
1770391832.7547 0.0352 -0.0771 0.9539
1770391832.7666 0.0037 0.0051 0.9919
1770391832.7787 0.0510 0.0359 0.9849
1770391832.7907 0.0488 0.0212 0.7732
1770391832.8032 0.0686 0.0239 1.2922
1770391832.8155 0.0574 -0.0181 0.8320
1770391832.8267 0.0369 0.0388 1.0488
1770391832.8386 0.0894 0.0642 1.0339
1770391832.8508 -0.0212 0.0112 0.7185
1770391832.8629 0.0227 0.0283 1.2776
1770391832.8752 0.0654 -0.0750 0.8379
1770391832.8872 -0.0210 -0.0247 0.7961
1770391832.8994 0.0237 -0.0269 1.2354
1770391832.9114 0.0449 -0.0200 0.6743
1770391832.9235 0.0432 0.0271 1.2927
1770391832.9345 -0.0034 0.0098 0.9897
1770391832.9477 0.0347 0.0247 0.7876
1770391832.9592 -0.0291 -0.0227 0.9878
1770391832.9714 0.0198 -0.0364 1.2205
1770391832.9834 0.0134 -0.0833 0.7329
1770391832.9949 0.0481 -0.0525 1.0984
1770391833.0069 0.0491 0.0359 1.2561
1770391833.0190 -0.0662 -0.0129 0.5908
1770391833.0312 0.0710 0.0676 1.1833
1770391833.0435 0.0234 0.0015 0.8760
1770391833.0547 -0.0037 0.0059 0.9060
1770391833.0670 0.0159 -0.0024 1.1951
1770391833.0791 0.0215 -0.0100 0.7085
1770391833.0912 0.0439 0.0703 1.0505
1770391833.1026 0.0527 -0.0327 0.9021
1770391833.1148 -0.0100 -0.0232 1.0356
1770391833.1272 0.0525 0.0493 1.2463
1770391833.1393 0.0342 -0.0273 0.5156
1770391833.1516 0.0413 0.0396 1.2019
1770391833.1627 0.0996 0.0552 1.1816
1770391833.1748 0.0383 -0.0115 0.7288
1770391833.1873 0.0041 -0.0022 1.0483
1770391833.1991 0.0181 -0.0090 1.1262
1770391833.2111 0.0190 -0.0962 0.9871
1770391833.2232 0.0403 0.0076 1.0754
1770391833.2356 0.0684 0.0205 0.7310
1770391833.2476 0.0598 0.0798 0.9490
1770391833.2587 -0.0427 -0.0027 1.2195
1770391833.2707 -0.0020 0.0276 1.0312
1770391833.2829 0.0149 0.0215 0.7024
1770391833.2951 -0.0071 0.0508 1.3867
1770391833.3073 0.0356 0.0039 0.9111
1770391833.3195 -0.0024 0.0051 0.6858
1770391833.3307 0.0432 0.0056 1.0591
1770391833.3427 0.0266 -0.0205 0.9416
1770391833.3550 0.1121 0.1343 1.3281
1770391833.3672 -0.0056 -0.0884 0.4954
1770391833.3798 0.0356 -0.0046 0.9590
1770391833.3910 0.1104 0.1162 1.7656
1770391833.4033 -0.0239 0.0002 0.5186
1770391833.4154 0.0652 -0.0276 1.0569
1770391833.4276 -0.0085 -0.0789 1.0479
1770391833.4395 -0.0261 -0.0127 1.0400
1770391833.4517 0.0039 -0.0208 1.0640
1770391833.4626 0.0486 0.0798 0.7400
1770391833.4749 0.0444 0.0903 1.1655
1770391833.4871 0.0137 -0.0046 1.0674
1770391833.4992 -0.0107 -0.0105 0.7297
1770391833.5112 0.0889 0.0386 1.1938
1770391833.5233 0.0271 -0.0295 0.7832
1770391833.5352 0.0120 0.0193 1.2021
1770391833.5473 -0.0176 -0.0918 0.7886
1770391833.5594 0.0598 0.0754 1.0884
1770391833.5716 0.0188 0.0232 0.8875
1770391833.5828 0.0342 -0.0024 0.9880
1770391833.5950 0.1040 0.0325 1.3323
1770391833.6071 -0.0176 -0.0261 0.7180
1770391833.6192 -0.0015 0.0002 0.9272
1770391833.6314 0.0173 -0.0618 1.1052
1770391833.6434 0.0459 0.0071 0.9504
1770391833.6556 0.0237 0.0400 0.9414
1770391833.6678 0.1057 0.0999 1.1165
1770391833.6788 -0.0088 -0.0417 0.9565
1770391833.6909 0.0278 0.0584 1.1626
1770391833.7030 0.0913 0.0068 0.7664
1770391833.7152 0.1013 0.0181 0.8379
1770391833.7274 0.0701 0.0466 1.2129
1770391833.7394 0.0093 -0.0574 0.8655
1770391833.7517 -0.0142 -0.0151 1.0090
1770391833.7638 -0.0056 -0.0269 0.9834
1770391833.7748 -0.0103 0.0220 0.9741
1770391833.7873 0.0247 -0.0125 0.9055
1770391833.7994 0.0193 0.0193 1.2725
1770391833.8117 0.0610 0.0283 0.8398
1770391833.8227 -0.0171 -0.0115 0.8862
1770391833.8349 -0.0132 -0.0054 1.0986
1770391833.8472 0.0898 0.0806 0.8101
1770391833.8595 -0.0085 0.0083 0.9744
1770391833.8716 0.0027 0.0510 1.1877
1770391833.8837 -0.0066 -0.0305 0.7122
1770391833.8958 0.0188 -0.0291 1.1501
1770391833.9071 0.1301 0.0369 0.9480
1770391833.9192 -0.0117 -0.0076 0.9087
1770391833.9315 0.0176 0.0037 0.9314
1770391833.9434 0.0317 0.0728 1.0076
1770391833.9556 0.0449 0.0671 1.1982
1770391833.9678 0.0256 -0.0002 0.8025
1770391833.9796 -0.0002 -0.0464 0.9021
1770391833.9911 0.0674 -0.0303 0.9465
1770391834.0032 0.0193 -0.0552 1.0095
1770391834.0154 0.0488 0.0542 1.0366
1770391834.0275 0.0603 0.0305 0.7266
1770391834.0394 0.0188 0.0789 1.2339
1770391834.0515 -0.0229 -0.0398 0.7432
1770391834.0635 0.0176 0.0444 1.0876
1770391834.0758 0.0430 -0.0100 1.0208
1770391834.0878 0.0344 -0.0286 0.7944
1770391834.0998 0.0278 -0.0320 1.1111
1770391834.1118 0.0110 -0.0168 0.8923
1770391834.1229 0.0181 0.0049 1.0051
1770391834.1349 0.0190 0.0107 0.9124
1770391834.1470 0.0620 0.0754 0.8982
1770391834.1592 0.0591 0.1069 1.1067
1770391834.1713 0.0308 0.0181 0.9194
1770391834.1833 -0.0142 -0.0432 0.7268
1770391834.1950 0.0352 -0.0110 1.2659
1770391834.2073 0.0820 0.0227 0.9790
1770391834.2194 0.0093 0.0146 0.8140
1770391834.2314 0.0376 0.0410 1.1987
1770391834.2436 0.0715 0.0491 1.1001
1770391834.2556 0.0090 -0.0137 0.7568
1770391834.2679 0.0137 -0.0149 1.0586
1770391834.2790 0.0198 0.0576 1.2368
1770391834.2910 0.0811 0.0293 0.8567
1770391834.3032 0.0300 0.0293 0.9065
1770391834.3154 0.0405 0.0115 0.9373
1770391834.3274 0.0693 0.0979 1.1150
1770391834.3395 0.0354 -0.0239 0.7939
1770391834.3515 0.0078 0.0159 1.0698
1770391834.3638 0.0061 -0.0281 0.9805
1770391834.3759 -0.0161 -0.0286 0.8430
1770391834.3875 0.0195 0.0073 0.9995
1770391834.3998 0.0911 0.0640 0.9246
1770391834.4120 -0.0032 -0.0186 0.8645
1770391834.4231 0.0222 0.0527 1.3396
1770391834.4352 0.0757 0.0425 0.7141
1770391834.4474 -0.0178 -0.0366 0.7310
1770391834.4595 0.0173 -0.0012 1.1826
1770391834.4716 0.0828 0.0244 0.7671
1770391834.4831 0.0459 0.0493 1.2534
1770391834.4953 0.0195 0.0273 0.8376
1770391834.5075 0.0747 0.1008 1.0073
1770391834.5196 0.0151 -0.0144 0.8828
1770391834.5317 -0.0242 -0.0371 0.8943
1770391834.5437 -0.0122 -0.0535 1.0422
1770391834.5553 0.0427 0.0183 1.2212
1770391834.5671 0.0637 0.1011 0.8538
1770391834.5795 0.0129 0.0593 0.9148
1770391834.5916 0.0227 0.0752 1.0559
1770391834.6037 0.0142 0.0144 0.9949
1770391834.6152 -0.0088 -0.0505 0.8352
1770391834.6279 0.0757 -0.0664 1.1870
1770391834.6401 0.0581 -0.0212 0.7852
1770391834.6513 0.0056 0.0024 1.0566
1770391834.6634 0.0432 0.0552 1.0930
1770391834.6760 -0.0710 -0.0249 0.9221
1770391834.6881 -0.0090 -0.0137 0.8113
1770391834.7001 0.0620 0.0522 1.1770
1770391834.7110 0.0691 0.0217 0.9890
1770391834.7232 0.0339 -0.0569 0.7930
1770391834.7352 0.0554 0.0220 1.1106
1770391834.7473 0.0220 -0.0540 0.8027
1770391834.7596 0.0916 0.1082 1.1907
1770391834.7716 0.0374 -0.0210 0.7478
1770391834.7840 0.0742 0.0347 1.0471
1770391834.7962 0.0637 -0.0332 0.9402
1770391834.8073 0.0488 -0.0056 0.7483
1770391834.8194 0.0376 -0.0286 1.0271
1770391834.8313 -0.0232 -0.0584 0.6836
1770391834.8434 0.1008 0.1558 1.9575
1770391834.8555 0.1360 0.0591 0.6824
1770391834.8676 0.0901 -0.0845 0.5698
1770391834.8796 0.0713 0.0947 1.7424
1770391834.8916 0.0852 0.1262 1.2888
1770391834.9037 -0.0161 -0.0295 0.2029
1770391834.9159 0.0403 0.0930 1.3586
1770391834.9279 -0.0398 0.0378 1.4563
1770391834.9401 0.0046 0.0095 0.4675
1770391834.9521 0.0254 0.0325 1.1748
1770391834.9643 0.0964 -0.0107 0.7969
1770391834.9754 0.0442 -0.0168 0.9597
1770391834.9877 0.0908 0.0198 1.3630
1770391834.9998 -0.0061 0.0076 0.6768
1770391835.0118 0.0872 0.0444 1.1270
1770391835.0239 0.0093 -0.0466 0.9341
1770391835.0360 0.0420 -0.0342 1.0134
1770391835.0479 0.0146 0.0051 0.9587
1770391835.0600 -0.0208 -0.0386 0.7471
1770391835.0719 0.0369 0.0461 1.1892
1770391835.0841 0.0747 0.0527 0.8608
1770391835.0961 0.0327 -0.0027 0.8418
1770391835.1082 0.0479 0.0142 1.1897
1770391835.1192 0.0007 -0.0120 0.7959
1770391835.1313 -0.0181 0.0061 1.0867
1770391835.1434 -0.0166 0.0427 1.0413
1770391835.1555 -0.0022 0.0342 0.7307
1770391835.1676 0.0774 0.0383 1.3369
1770391835.1798 0.0525 -0.0083 0.9016
1770391835.1919 0.0569 -0.0161 0.7463
1770391835.2041 0.0154 0.0291 1.4580
1770391835.2162 -0.0029 0.0093 0.8188
1770391835.2273 0.0044 0.0703 0.8169
1770391835.2394 0.0745 0.0554 1.1143
1770391835.2514 0.0681 0.0051 1.1187
1770391835.2635 0.0208 -0.0703 0.7769
1770391835.2756 0.0247 -0.0156 1.1438
1770391835.2876 -0.2639 0.2224 1.0017
1770391835.2998 -0.2554 0.1096 0.7280
1770391835.3118 -0.2661 0.0396 0.6663
1770391835.3240 -0.2380 0.2502 0.9739
1770391835.3360 -0.2627 0.2388 1.1721
1770391835.3480 -0.3071 -0.0486 0.9414
1770391835.3601 -0.2717 0.0554 1.0112
1770391835.3722 -0.1460 -0.0542 0.8552
1770391835.3843 -0.0386 -0.0288 1.2014
1770391835.3955 0.0515 -0.0454 1.0459
1770391835.4075 0.0610 0.0337 0.7222
1770391835.4197 0.0627 0.0217 1.1833
1770391835.4317 0.0510 0.0171 0.9512
1770391835.4437 0.0139 -0.0127 0.8494
1770391835.4557 0.0793 -0.0789 1.0151
1770391835.4679 0.0974 -0.0457 1.0559
1770391835.4800 0.0908 0.0115 0.9043
1770391835.4920 0.1128 -0.0159 0.9294
1770391835.5041 0.0955 -0.0103 1.0515
1770391835.5162 0.0613 -0.0007 0.9583
1770391835.5283 0.0125 0.0098 0.9490
1770391835.5394 0.0105 -0.0190 0.9712
1770391835.5514 0.0142 -0.0269 1.0139
1770391835.5634 0.0225 -0.0237 0.9690
1770391835.5757 0.0425 -0.0015 0.9365
1770391835.5883 0.0588 0.0137 0.9988
1770391835.5993 0.0432 0.0049 0.9763
1770391835.6124 0.0125 -0.0215 0.9392
1770391835.6234 0.0039 -0.0205 0.9875
1770391835.6356 0.0171 -0.0125 0.9861
1770391835.6475 0.0190 -0.0071 0.9690
1770391835.6598 0.0095 0.0151 0.9780
1770391835.6762 -0.0139 0.0178 1.0107
1770391835.6840 -0.0454 -0.0056 0.9470
1770391835.6960 -0.0120 -0.0237 0.9697
1770391835.7081 0.0525 0.0317 0.9910
1770391835.7201 0.0454 0.0247 0.9670
1770391835.7322 0.0273 -0.0200 0.9697
1770391835.7442 0.0176 -0.0391 0.9856
1770391835.7563 0.0217 -0.0378 0.9746
1770391835.7676 0.0376 -0.0073 0.9839
1770391835.7799 0.0449 0.0210 0.9722
1770391835.7920 0.0498 0.0168 0.9609
1770391835.8043 0.0366 -0.0032 0.9810
1770391835.8155 0.0273 -0.0276 0.9653
1770391835.8277 0.0259 -0.0286 0.9766
1770391835.8398 0.0308 -0.0168 0.9802
1770391835.8518 0.0408 0.0059 0.9692
1770391835.8639 0.0439 0.0154 0.9758
1770391835.8756 0.0366 0.0059 0.9746
1770391835.8875 0.0325 -0.0125 0.9763
1770391835.8996 0.0222 -0.0256 0.9714
1770391835.9115 0.0276 -0.0208 0.9634
1770391835.9238 0.0347 -0.0029 0.9797
1770391835.9360 0.0352 0.0234 0.9883
1770391835.9479 0.0107 0.0125 0.9299
1770391835.9600 0.0105 -0.0256 1.0029
1770391835.9721 0.0090 -0.0215 0.9722
1770391835.9843 0.0227 -0.0024 0.9529
1770391835.9955 0.0400 0.0049 1.0042
1770391836.0075 0.0408 0.0100 0.9597
1770391836.0198 0.0249 0.0039 0.9729
1770391836.0318 -0.0005 -0.0183 0.9810
1770391836.0438 0.0088 -0.0063 0.9705
1770391836.0559 0.0327 0.0083 0.9788
1770391836.0680 0.0381 0.0037 0.9729
1770391836.0802 0.0317 -0.0081 0.9802
1770391836.0922 0.0283 -0.0173 0.9766
1770391836.1043 0.0325 -0.0134 0.9692
1770391836.1165 0.0339 -0.0002 0.9829
1770391836.1275 0.0276 0.0002 0.9648
1770391836.1396 0.0293 -0.0029 0.9690
1770391836.1516 0.0217 -0.0044 0.9697
1770391836.1636 0.0205 -0.0020 0.9763
1770391836.1757 0.0269 -0.0061 0.9705
1770391836.1879 0.0298 -0.0051 0.9824
1770391836.2000 0.0327 -0.0039 0.9749
1770391836.2122 0.0312 -0.0024 0.9712
1770391836.2243 0.0283 -0.0046 0.9758
1770391836.2363 0.0271 -0.0095 0.9690
1770391836.2483 0.0264 -0.0059 0.9783
1770391836.2605 0.0283 -0.0054 0.9641
1770391836.2726 0.0249 -0.0090 0.9807
1770391836.2847 0.0300 -0.0032 0.9771
1770391836.2958 0.0322 0.0002 0.9739
1770391836.3083 0.0249 -0.0007 0.9785
1770391836.3204 0.0242 -0.0093 0.9795
1770391836.3325 0.0266 -0.0073 0.9714
1770391836.3445 0.0227 -0.0012 0.9761
1770391836.3567 0.0281 -0.0020 0.9814
1770391836.3688 0.0315 -0.0029 0.9702
1770391836.3800 0.0183 -0.0088 0.9863
1770391836.3921 0.0286 -0.0022 0.9736
1770391836.4042 0.0229 -0.0054 0.9722
1770391836.4164 0.0278 -0.0073 0.9688
1770391836.4286 0.0271 -0.0044 0.9746
1770391836.4406 0.0325 0.0002 0.9744
1770391836.4527 0.0308 -0.0032 0.9678
1770391836.4647 0.0264 -0.0068 0.9731
1770391836.4758 0.0291 -0.0085 0.9746
1770391836.4880 0.0308 -0.0034 0.9727
1770391836.5000 0.0281 -0.0059 0.9768
1770391836.5121 0.0303 -0.0034 0.9734
1770391836.5243 0.0305 -0.0083 0.9712
1770391836.5364 0.0288 -0.0073 0.9695
1770391836.5484 0.0264 -0.0032 0.9780
1770391836.5608 0.0325 -0.0071 0.9695
1770391836.5720 0.0288 -0.0037 0.9800
1770392020.4345 0.0283 -0.0039 0.9744
1770392020.4466 0.0266 -0.0041 0.9753
1770392020.4577 0.0244 -0.0049 0.9683
1770392020.4697 0.0247 -0.0027 0.9758
1770392020.4817 0.0293 -0.0037 0.9663
1770392020.4939 0.0256 -0.0010 0.9736
1770392020.5059 0.0256 -0.0054 0.9724
1770392020.5180 0.0288 -0.0020 0.9785
1770392020.5301 0.0291 -0.0071 0.9741
1770392020.5423 0.0237 -0.0090 0.9722
1770392020.5544 0.0298 -0.0059 0.9766
1770392020.5664 0.0308 -0.0073 0.9766
1770392020.5783 0.0286 -0.0022 0.9734
1770392020.5905 0.0251 -0.0056 0.9670
1770392020.6020 0.0266 -0.0041 0.9700
1770392020.6139 0.0264 -0.0068 0.9717
1770392020.6262 0.0247 -0.0034 0.9731
1770392020.6384 0.0251 -0.0039 0.9700
1770392020.6504 0.0242 -0.0032 0.9761
1770392020.6623 0.0254 -0.0051 0.9714
1770392020.6744 0.0264 -0.0056 0.9678
1770392020.6862 0.0303 -0.0029 0.9702
1770392020.6981 0.0261 -0.0081 0.9741
1770392020.7106 0.0276 -0.0044 0.9749
1770392020.7226 0.0281 -0.0051 0.9746
1770392020.7341 0.0276 -0.0046 0.9707
1770392020.7461 0.0293 -0.0073 0.9736
1770392020.7582 0.0261 -0.0020 0.9756
1770392020.7703 0.0273 -0.0068 0.9707
1770392020.7823 0.0291 -0.0076 0.9685
1770392020.7945 0.0286 -0.0020 0.9775
1770392020.8064 0.0283 -0.0066 0.9722
1770392020.8184 0.0300 -0.0044 0.9712
1770392020.8304 0.0273 -0.0083 0.9709
1770392020.8425 0.0281 -0.0015 0.9741
1770392020.8545 0.0276 -0.0063 0.9712
1770392020.8666 0.0259 -0.0022 0.9705
1770392020.8787 0.0256 -0.0041 0.9688
1770392020.8907 0.0281 -0.0044 0.9700
1770392020.9027 0.0339 -0.0063 0.9695
1770392020.9148 0.0266 -0.0059 0.9709
1770392020.9268 0.0264 -0.0046 0.9692
1770392020.9379 0.0291 -0.0039 0.9717
1770392020.9499 0.0322 -0.0068 0.9739
1770392020.9618 0.0308 0.0005 0.9775
1770392020.9738 0.0303 -0.0012 0.9673
1770392020.9865 0.0288 -0.0051 0.9751
1770392020.9986 0.0286 -0.0061 0.9675
1770392021.0105 0.0278 -0.0066 0.9773
1770392021.0225 0.0254 -0.0056 0.9709
1770392021.0345 0.0303 -0.0056 0.9768
1770392021.0465 0.0264 -0.0020 0.9763
1770392021.0588 0.0286 -0.0061 0.9744
1770392021.0707 0.0281 -0.0071 0.9753
1770392021.0818 0.0283 -0.0034 0.9705
1770392021.0938 0.0283 -0.0056 0.9729
1770392021.1058 0.0308 -0.0051 0.9736
1770392021.1188 0.0254 -0.0073 0.9680
1770392021.1298 0.0322 -0.0061 0.9744
1770392021.1418 0.0278 -0.0088 0.9688
1770392021.1538 0.0266 -0.0061 0.9744
1770392021.1659 0.0266 -0.0083 0.9729
1770392021.1781 0.0300 -0.0041 0.9666
1770392021.1906 0.0254 -0.0059 0.9729
1770392021.2026 0.0278 -0.0039 0.9746
1770392021.2147 0.0273 -0.0037 0.9709
1770392021.2268 0.0266 -0.0090 0.9739
1770392021.2389 0.0271 -0.0061 0.9678
1770392021.2509 0.0325 -0.0024 0.9727
1770392021.2629 0.0247 -0.0041 0.9810
1770392021.2750 0.0308 -0.0061 0.9724
1770392021.2869 0.0276 -0.0007 0.9717
1770392021.2989 0.0271 -0.0020 0.9646
1770392021.3109 0.0300 -0.0027 0.9705
1770392021.3229 0.0269 -0.0041 0.9766
1770392021.3349 0.0291 0.0002 0.9749
1770392021.3470 0.0256 -0.0041 0.9690
1770392021.3590 0.0283 -0.0010 0.9705
1770392021.3711 0.0261 -0.0046 0.9712
1770392021.3823 0.0308 -0.0022 0.9729
1770392021.3944 0.0276 -0.0083 0.9832
1770392021.4063 0.0288 -0.0081 0.9746
1770392021.4183 0.0229 -0.0078 0.9722
1770392021.4304 0.0261 -0.0054 0.9780
1770392021.4424 0.0300 -0.0041 0.9724
1770392021.4544 0.0286 -0.0068 0.9751
1770392021.4666 0.0308 -0.0059 0.9734
1770392021.4786 0.0261 -0.0066 0.9724
1770392021.4906 0.0286 -0.0051 0.9753
1770392021.5026 0.0251 -0.0054 0.9739
1770392021.5150 0.0278 -0.0059 0.9695
1770392021.5270 0.0312 -0.0078 0.9709
1770392021.5391 0.0259 -0.0024 0.9746
1770392021.5511 0.0283 -0.0029 0.9741
1770392021.5631 0.0293 -0.0049 0.9668
1770392021.5751 0.0264 -0.0056 0.9683
1770392021.5863 0.0254 -0.0073 0.9717
1770392021.5984 0.0303 -0.0093 0.9709
1770392021.6105 0.0259 -0.0049 0.9673
1770392021.6226 0.0276 -0.0112 0.9714
1770392021.6348 0.0261 -0.0044 0.9678
1770392021.6468 0.0261 -0.0085 0.9712
1770392021.6591 0.0261 -0.0073 0.9656
1770392021.6712 0.0261 -0.0044 0.9700
1770392021.6822 0.0271 -0.0041 0.9697
1770392021.6944 0.0312 -0.0117 0.9761
1770392021.7066 0.0249 -0.0037 0.9729
1770392021.7188 0.0320 -0.0088 0.9702
1770392021.7311 0.0276 -0.0032 0.9719
1770392021.7431 0.0276 -0.0044 0.9739
1770392021.7551 0.0281 -0.0027 0.9780
1770392021.7671 0.0286 -0.0022 0.9729
1770392021.7792 0.0283 -0.0068 0.9709
1770392021.7902 0.0259 -0.0034 0.9761
1770392021.8023 0.0264 -0.0051 0.9729
1770392021.8143 0.0305 -0.0083 0.9709
1770392021.8265 0.0295 -0.0022 0.9739
1770392021.8386 0.0325 -0.0012 0.9766
1770392021.8507 0.0281 -0.0022 0.9683
1770392021.8626 0.0283 -0.0032 0.9646
1770392021.8746 0.0249 -0.0022 0.9661
1770392021.8865 0.0261 -0.0037 0.9719
1770392021.8987 0.0295 -0.0037 0.9724
1770392021.9111 0.0281 -0.0039 0.9734
1770392021.9232 0.0305 -0.0034 0.9722
1770392021.9352 0.0293 -0.0041 0.9717
1770392021.9472 0.0310 -0.0051 0.9709
1770392021.9592 0.0281 -0.0078 0.9712
1770392021.9712 0.0271 -0.0027 0.9761
1770392021.9827 0.0256 -0.0056 0.9727
1770392021.9949 0.0305 -0.0063 0.9714
1770392022.0068 0.0264 -0.0068 0.9712
1770392022.0189 0.0251 -0.0068 0.9707
1770392022.0309 0.0286 -0.0100 0.9741
1770392022.0430 0.0288 -0.0041 0.9697
1770392022.0550 0.0264 -0.0068 0.9700
1770392022.0671 0.0254 -0.0056 0.9729
1770392022.0790 0.0256 -0.0068 0.9697
1770392022.0910 0.0327 -0.0020 0.9695
1770392022.1030 0.0281 -0.0068 0.9753
1770392022.1149 0.0261 -0.0041 0.9749
1770392022.1269 0.0312 -0.0071 0.9746
1770392022.1389 0.0278 -0.0039 0.9683
1770392022.1510 0.0303 -0.0059 0.9746
1770392022.1629 0.0291 -0.0078 0.9768
1770392022.1749 0.0264 -0.0037 0.9709
1770392022.1868 0.0273 -0.0039 0.9753
1770392022.1990 0.0237 -0.0063 0.9680
1770392022.2110 0.0273 -0.0071 0.9724
1770392022.2230 0.0249 -0.0063 0.9714
1770392022.2350 0.0254 -0.0083 0.9692
1770392022.2471 0.0276 -0.0066 0.9802
1770392022.2592 0.0281 -0.0054 0.9756
1770392022.2712 0.0286 -0.0044 0.9751
1770392022.2832 0.0264 -0.0037 0.9741
1770392022.2951 0.0317 -0.0071 0.9644
1770392022.3072 0.0256 -0.0015 0.9734
1770392022.3193 0.0295 -0.0049 0.9705
1770392022.3304 0.0261 -0.0046 0.9756
1770392022.3424 0.0300 -0.0039 0.9734
1770392022.3544 0.0266 -0.0051 0.9749
1770392022.3666 0.0264 -0.0073 0.9734
1770392022.3787 0.0271 -0.0063 0.9692
1770392022.3907 0.0281 -0.0002 0.9705
1770392022.4029 0.0278 -0.0076 0.9788
1770392022.4150 0.0276 -0.0054 0.9712
1770392022.4271 0.0300 -0.0029 0.9717
1770392022.4392 0.0283 -0.0068 0.9714
1770392022.4504 0.0291 -0.0039 0.9761
1770392022.4634 0.0254 -0.0051 0.9734
1770392022.4754 0.0286 -0.0059 0.9670
1770392022.4864 0.0261 -0.0044 0.9702
1770392022.4986 0.0298 -0.0034 0.9709
1770392022.5106 0.0276 -0.0054 0.9744
1770392022.5226 0.0325 -0.0032 0.9702
1770392022.5345 0.0251 -0.0041 0.9741
1770392022.5466 0.0291 -0.0054 0.9661
1770392022.5586 0.0286 -0.0022 0.9778
1770392022.5707 0.0281 -0.0051 0.9714
1770392022.5827 0.0261 -0.0046 0.9673
1770392022.5949 0.0271 -0.0076 0.9758
1770392022.6068 0.0295 -0.0068 0.9705
1770392022.6189 0.0300 -0.0039 0.9753
1770392022.6310 0.0317 -0.0081 0.9729
1770392022.6430 0.0291 -0.0032 0.9763
1770392022.6549 0.0273 -0.0083 0.9731
1770392022.6669 0.0291 -0.0034 0.9697
1770392022.6789 0.0247 -0.0090 0.9766
1770392022.6910 0.0278 -0.0049 0.9744
1770392022.7029 0.0283 -0.0063 0.9714
1770392022.7149 0.0273 -0.0063 0.9692
1770392022.7271 0.0283 -0.0061 0.9670
1770392022.7391 0.0286 -0.0076 0.9680
1770392022.7510 0.0288 -0.0061 0.9751
1770392022.7632 0.0308 -0.0039 0.9719
1770392022.7744 0.0291 -0.0020 0.9766
1770392022.7870 0.0242 -0.0046 0.9709
1770392022.7984 0.0283 -0.0071 0.9695
1770392022.8106 0.0298 -0.0049 0.9705
1770392022.8225 0.0256 0.0010 0.9722
1770392022.8345 0.0300 -0.0046 0.9780
1770392022.8465 0.0320 -0.0068 0.9783
1770392022.8585 0.0295 -0.0068 0.9751
1770392022.8705 0.0286 -0.0007 0.9717
1770392022.8825 0.0251 -0.0024 0.9697
1770392022.8947 0.0251 -0.0029 0.9688
1770392022.9067 0.0278 -0.0051 0.9734
1770392022.9188 0.0295 -0.0049 0.9700
1770392022.9308 0.0295 -0.0056 0.9744
1770392022.9428 0.0308 -0.0024 0.9675
1770392022.9546 0.0281 -0.0056 0.9729
1770392022.9667 0.0281 -0.0051 0.9719
1770392022.9788 0.0283 -0.0066 0.9741
1770392022.9910 0.0288 -0.0041 0.9685
1770392023.0030 0.0288 -0.0022 0.9775
1770392023.0150 0.0278 -0.0046 0.9739
1770392023.0271 0.0305 -0.0071 0.9775
1770392023.0392 0.0269 -0.0059 0.9768
1770392023.0514 0.0251 -0.0071 0.9719
1770392023.0634 0.0291 -0.0032 0.9712
1770392023.0755 0.0249 -0.0037 0.9744
1770392023.0865 0.0239 -0.0046 0.9719
1770392023.0986 0.0293 -0.0073 0.9661
1770392023.1106 0.0303 -0.0010 0.9705
1770392023.1228 0.0278 -0.0068 0.9697
1770392023.1348 0.0256 -0.0034 0.9668
1770392023.1468 0.0317 -0.0022 0.9731
1770392023.1588 0.0269 -0.0051 0.9739
1770392023.1708 0.0264 -0.0041 0.9705
1770392023.1833 0.0273 -0.0034 0.9744
1770392023.1954 0.0264 -0.0049 0.9717
1770392023.2075 0.0259 -0.0054 0.9724
1770392023.2195 0.0281 -0.0054 0.9746
1770392023.2314 0.0273 -0.0056 0.9692
1770392023.2435 0.0298 -0.0022 0.9712
1770392023.2553 0.0254 -0.0076 0.9690
1770392023.2673 0.0256 -0.0063 0.9766
1770392023.2793 0.0288 -0.0012 0.9766
1770392023.2913 0.0278 -0.0066 0.9753
1770392023.3034 0.0278 -0.0083 0.9771
1770392023.3153 0.0269 -0.0061 0.9697
1770392023.3273 0.0273 -0.0027 0.9717
1770392023.3394 0.0288 -0.0059 0.9751
1770392023.3515 0.0308 -0.0066 0.9707
1770392023.3629 0.0288 -0.0046 0.9736
1770392023.3749 0.0266 -0.0068 0.9788
1770392023.3871 0.0276 -0.0063 0.9688
1770392023.3992 0.0273 -0.0071 0.9688
1770392023.4112 0.0342 -0.0027 0.9697
1770392023.4232 0.0242 -0.0034 0.9751
1770392023.4353 0.0310 -0.0076 0.9709
1770392023.4474 0.0273 -0.0093 0.9731
1770392023.4594 0.0271 -0.0054 0.9753
1770392023.4715 0.0278 -0.0034 0.9739
1770392023.4825 0.0247 -0.0088 0.9731
1770392023.4946 0.0298 -0.0027 0.9707
1770392023.5067 0.0315 -0.0029 0.9734
1770392023.5187 0.0276 -0.0093 0.9705
1770392023.5307 0.0288 -0.0100 0.9763
1770392023.5428 0.0247 -0.0049 0.9768
1770392023.5548 0.0278 -0.0037 0.9741
1770392023.5668 0.0259 -0.0037 0.9763
1770392023.5791 0.0295 -0.0103 0.9763
1770392023.5908 0.0298 -0.0041 0.9753
1770392023.6028 0.0288 -0.0054 0.9722
1770392023.6148 0.0293 -0.0046 0.9753
1770392023.6269 0.0237 -0.0034 0.9714
1770392023.6389 0.0256 -0.0044 0.9731
1770392023.6510 0.0242 -0.0066 0.9744
1770392023.6630 0.0261 -0.0039 0.9771
1770392023.6751 0.0305 -0.0071 0.9692
1770392023.6871 0.0298 -0.0076 0.9695
1770392023.6992 0.0266 -0.0039 0.9712
1770392023.7111 0.0271 -0.0046 0.9719
1770392023.7231 0.0264 -0.0063 0.9697
1770392023.7351 0.0308 -0.0059 0.9705
1770392023.7471 0.0320 -0.0063 0.9763
1770392023.7591 0.0310 -0.0083 0.9746
1770392023.7711 0.0271 -0.0068 0.9705
1770392023.7833 0.0286 -0.0039 0.9729
1770392023.7954 0.0264 -0.0068 0.9709
1770392023.8073 0.0293 -0.0088 0.9692
1770392023.8194 0.0283 -0.0046 0.9722
1770392023.8314 0.0259 -0.0078 0.9739
1770392023.8437 0.0244 -0.0066 0.9692
1770392023.8556 0.0281 0.0000 0.9717
1770392023.8677 0.0281 -0.0037 0.9680
1770392023.8787 0.0320 -0.0034 0.9702
1770392023.8907 0.0273 -0.0073 0.9712
1770392023.9028 0.0276 -0.0037 0.9744
1770392023.9149 0.0293 -0.0049 0.9692
1770392023.9269 0.0256 -0.0032 0.9761
1770392023.9390 0.0327 -0.0061 0.9727
1770392023.9510 0.0273 -0.0056 0.9724
1770392023.9631 0.0273 -0.0029 0.9707
1770392023.9752 0.0298 -0.0037 0.9729
1770392023.9875 0.0291 -0.0022 0.9692
1770392023.9996 0.0281 -0.0046 0.9700
1770392024.0116 0.0273 -0.0044 0.9722
1770392024.0236 0.0303 -0.0039 0.9731
1770392024.0357 0.0325 -0.0029 0.9739
1770392024.0467 0.0251 -0.0020 0.9717
1770392024.0587 0.0269 -0.0078 0.9761
1770392024.0707 0.0249 -0.0061 0.9697
1770392024.0828 0.0227 -0.0015 0.9695
1770392024.0948 0.0251 -0.0037 0.9709
1770392024.1067 0.0300 -0.0059 0.9727
1770392024.1187 0.0298 -0.0068 0.9758
1770392024.1308 0.0298 -0.0056 0.9700
1770392024.1428 0.0273 -0.0051 0.9778
1770392024.1548 0.0271 -0.0027 0.9729
1770392024.1668 0.0269 -0.0088 0.9729
1770392024.1792 0.0322 -0.0061 0.9685
1770392024.1913 0.0254 -0.0044 0.9761
1770392024.2028 0.0298 -0.0054 0.9663
1770392024.2149 0.0276 -0.0041 0.9749
1770392024.2275 0.0291 -0.0029 0.9709
1770392024.2389 0.0273 -0.0015 0.9749
1770392024.2515 0.0256 -0.0046 0.9761
1770392024.2635 0.0261 -0.0056 0.9719
1770392024.2756 0.0300 -0.0061 0.9731
1770392024.2876 0.0317 -0.0012 0.9705
1770392024.2989 0.0259 -0.0044 0.9707
1770392024.3110 0.0281 -0.0112 0.9780
1770392024.3233 0.0308 -0.0061 0.9702
1770392024.3353 0.0242 -0.0051 0.9729
1770392024.3475 0.0295 -0.0054 0.9714
1770392024.3597 0.0286 -0.0105 0.9761
1770392024.3708 0.0291 -0.0061 0.9741
1770392024.3831 0.0273 -0.0073 0.9695
1770392024.3952 0.0264 -0.0049 0.9731
1770392024.4072 0.0276 -0.0076 0.9763
1770392024.4193 0.0291 -0.0041 0.9749
1770392024.4312 0.0300 -0.0068 0.9695
1770392024.4433 0.0276 -0.0037 0.9717
1770392024.4552 0.0312 -0.0049 0.9731
1770392024.4673 0.0254 -0.0037 0.9722
1770392024.4794 0.0249 -0.0039 0.9761
1770392024.4915 0.0251 -0.0037 0.9709
1770392024.5036 0.0266 -0.0063 0.9749
1770392024.5148 0.0320 -0.0037 0.9724
1770392024.5270 0.0281 -0.0024 0.9668
1770392024.5393 0.0278 -0.0061 0.9651
1770392024.5514 0.0293 -0.0073 0.9722
1770392024.5631 0.0305 -0.0032 0.9771
1770392024.5754 0.0271 -0.0063 0.9714
1770392024.5872 0.0291 -0.0054 0.9753
1770392024.5999 0.0283 -0.0024 0.9714
1770392024.6111 0.0300 -0.0083 0.9763
1770392024.6234 0.0264 -0.0044 0.9739
1770392024.6357 0.0281 -0.0041 0.9751
1770392024.6469 0.0281 -0.0046 0.9736
1770392024.6592 0.0286 -0.0068 0.9707
1770392024.6714 0.0256 -0.0120 0.9700
1770392024.6837 0.0281 0.0010 0.9683
1770392024.6950 0.0269 -0.0061 0.9690
1770392024.7073 0.0291 -0.0068 0.9734
1770392024.7193 0.0269 -0.0032 0.9717
1770392024.7318 0.0249 -0.0063 0.9744
1770392024.7430 0.0295 -0.0054 0.9705
1770392024.7553 0.0288 -0.0054 0.9668
1770392024.7674 0.0278 -0.0041 0.9707
1770392024.7788 0.0269 -0.0032 0.9731
1770392024.7909 0.0298 -0.0059 0.9751
1770392024.8036 0.0271 -0.0085 0.9702
1770392024.8149 0.0305 -0.0056 0.9736
1770392024.8274 0.0261 -0.0103 0.9697
1770392024.8394 0.0308 -0.0068 0.9751
1770392024.8511 0.0266 -0.0061 0.9707
1770392024.8637 0.0291 -0.0083 0.9727
1770392024.8752 0.0322 -0.0039 0.9729
1770392024.8877 0.0276 -0.0024 0.9705
1770392024.8990 0.0244 -0.0046 0.9751
1770392024.9111 0.0256 -0.0059 0.9685
1770392024.9233 0.0281 -0.0017 0.9746
1770392024.9356 0.0264 -0.0037 0.9714
1770392024.9477 0.0264 -0.0073 0.9736
1770392024.9598 0.0273 -0.0046 0.9680
1770392024.9710 0.0295 -0.0041 0.9744
1770392024.9832 0.0251 -0.0046 0.9673
1770392024.9957 0.0254 -0.0046 0.9768
1770392025.0077 0.0256 -0.0020 0.9695
1770392025.0190 0.0266 -0.0059 0.9690
1770392025.0311 0.0266 -0.0076 0.9734
1770392025.0432 0.0278 -0.0044 0.9741
1770392025.0552 0.0305 -0.0039 0.9714
1770392025.0672 0.0286 -0.0066 0.9746
1770392025.0793 0.0286 -0.0066 0.9800
1770392025.0913 0.0229 -0.0066 0.9763
1770392025.1038 0.0256 -0.0063 0.9739
1770392025.1148 0.0244 -0.0049 0.9719
1770392025.1269 0.0266 -0.0022 0.9773
1770392025.1390 0.0300 -0.0056 0.9724
1770392025.1513 0.0271 -0.0032 0.9727
1770392025.1635 0.0247 -0.0051 0.9690
1770392025.1755 0.0334 -0.0066 0.9731
1770392025.1877 0.0288 -0.0037 0.9712
1770392025.1998 0.0271 -0.0059 0.9722
1770392025.2119 0.0278 -0.0083 0.9712
1770392025.2229 0.0286 -0.0054 0.9724
1770392025.2350 0.0286 -0.0049 0.9756
1770392025.2469 0.0305 -0.0054 0.9688
1770392025.2589 0.0264 -0.0029 0.9761
1770392025.2709 0.0291 -0.0103 0.9785
1770392025.2829 0.0264 -0.0020 0.9736
1770392025.2950 0.0320 -0.0039 0.9719
1770392025.3070 0.0251 -0.0017 0.9736
1770392025.3190 0.0305 -0.0037 0.9700
1770392025.3311 0.0295 -0.0056 0.9741
1770392025.3430 0.0239 -0.0054 0.9695
1770392025.3551 0.0286 -0.0017 0.9756
1770392025.3673 0.0288 -0.0020 0.9739
1770392025.3794 0.0283 -0.0041 0.9683
1770392025.3915 0.0261 -0.0046 0.9719
1770392025.4036 0.0300 -0.0024 0.9753
1770392025.4157 0.0317 -0.0034 0.9692
1770392025.4277 0.0273 -0.0037 0.9700
1770392025.4397 0.0295 -0.0061 0.9697
1770392025.4518 0.0266 -0.0022 0.9749
1770392025.4637 0.0269 -0.0063 0.9741
1770392025.4757 0.0293 -0.0034 0.9719
1770392025.4879 0.0247 -0.0076 0.9761
1770392025.5000 0.0286 -0.0032 0.9692
1770392025.5110 0.0261 -0.0027 0.9731
1770392025.5230 0.0293 -0.0083 0.9753
1770392025.5350 0.0249 -0.0022 0.9717
1770392025.5470 0.0264 -0.0049 0.9729
1770392025.5600 0.0273 -0.0071 0.9697
1770392025.5710 0.0291 -0.0041 0.9727
1770392025.5831 0.0310 -0.0027 0.9700
1770392025.5952 0.0273 -0.0046 0.9712
1770392025.6071 0.0273 -0.0027 0.9688
1770392025.6191 0.0266 -0.0044 0.9746
1770392025.6312 0.0271 -0.0066 0.9709
1770392025.6432 0.0288 -0.0078 0.9709
1770392025.6552 0.0283 -0.0066 0.9724
1770392025.6672 0.0247 -0.0049 0.9712
1770392025.6793 0.0269 -0.0059 0.9695
1770392025.6913 0.0322 -0.0054 0.9705
1770392025.7033 0.0288 -0.0044 0.9763
1770392025.7156 0.0269 -0.0027 0.9663
1770392025.7270 0.0278 -0.0054 0.9683
1770392025.7393 0.0322 -0.0010 0.9741
1770392025.7518 0.0315 -0.0041 0.9722
1770392025.7639 0.0305 -0.0029 0.9702
1770392025.7760 0.0259 -0.0027 0.9675
1770392025.7877 0.0281 -0.0078 0.9741
1770392025.7999 0.0293 -0.0066 0.9758
1770392025.8113 0.0254 -0.0044 0.9756
1770392025.8235 0.0303 -0.0073 0.9722
1770392025.8356 0.0317 -0.0034 0.9695
1770392025.8476 0.0266 -0.0044 0.9729
1770392025.8597 0.0276 -0.0059 0.9722
1770392025.8719 0.0303 -0.0039 0.9722
1770392025.8840 0.0278 -0.0017 0.9678
1770392025.8950 0.0264 -0.0110 0.9705
1770392025.9071 0.0308 -0.0071 0.9707
1770392025.9192 0.0286 -0.0044 0.9739
1770392025.9313 0.0278 -0.0015 0.9705
1770392025.9433 0.0288 -0.0090 0.9751
1770392025.9553 0.0251 -0.0034 0.9758
1770392025.9672 0.0293 -0.0041 0.9731
1770392025.9795 0.0254 -0.0056 0.9753
1770392025.9917 0.0249 -0.0090 0.9700
1770392026.0037 0.0320 -0.0049 0.9727
1770392026.0156 0.0332 -0.0037 0.9744
1770392026.0277 0.0237 -0.0073 0.9729
1770392026.0399 0.0286 -0.0041 0.9690
1770392026.0520 0.0291 -0.0081 0.9729
1770392026.0639 0.0249 -0.0046 0.9692
1770392026.0759 0.0281 -0.0039 0.9766
1770392026.0881 0.0239 -0.0054 0.9780
1770392026.1001 0.0273 -0.0022 0.9731
1770392026.1120 0.0293 -0.0029 0.9709
1770392026.1241 0.0264 -0.0037 0.9741
1770392026.1360 0.0247 -0.0061 0.9690
1770392026.1482 0.0300 -0.0032 0.9722
1770392026.1591 0.0291 -0.0039 0.9744
1770392026.1712 0.0295 -0.0051 0.9768
1770392026.1837 0.0305 -0.0022 0.9797
1770392026.1961 0.0261 -0.0044 0.9695
1770392026.2081 0.0259 -0.0046 0.9758
1770392026.2191 0.0276 -0.0010 0.9734
1770392026.2322 0.0261 -0.0054 0.9758
1770392026.2431 0.0259 -0.0049 0.9697
1770392026.2561 0.0254 -0.0066 0.9717
1770392026.2681 0.0276 -0.0015 0.9690
1770392026.2802 0.0300 -0.0081 0.9736
1770392026.2912 0.0283 -0.0071 0.9712
1770392026.3031 0.0273 -0.0049 0.9814
1770392026.3152 0.0271 -0.0039 0.9746
1770392026.3275 0.0300 -0.0032 0.9753
1770392026.3396 0.0276 -0.0024 0.9736
1770392026.3516 0.0271 -0.0039 0.9702
1770392026.3635 0.0283 -0.0046 0.9771
1770392026.3755 0.0269 -0.0046 0.9751
1770392026.3879 0.0264 -0.0015 0.9729
1770392026.3999 0.0254 -0.0054 0.9805
1770392026.4120 0.0261 -0.0054 0.9727
1770392026.4240 0.0261 -0.0115 0.9734
1770392026.4362 0.0281 -0.0005 0.9668
1770392026.4472 0.0266 -0.0066 0.9761
1770392026.4593 0.0283 -0.0005 0.9729
1770392026.4713 0.0281 -0.0017 0.9724
1770392026.4834 0.0261 -0.0081 0.9773
1770392026.4954 0.0281 -0.0056 0.9697
1770392026.5074 0.0303 -0.0015 0.9707
1770392026.5193 0.0298 -0.0022 0.9753
1770392026.5314 0.0310 -0.0015 0.9697
1770392026.5434 0.0259 -0.0049 0.9790
1770392026.5554 0.0288 -0.0068 0.9709
1770392026.5673 0.0264 -0.0044 0.9692
1770392026.5797 0.0291 -0.0073 0.9695
1770392026.5917 0.0273 -0.0078 0.9714
1770392026.6037 0.0264 -0.0046 0.9775
1770392026.6157 0.0288 -0.0039 0.9736
1770392026.6278 0.0286 -0.0056 0.9717
1770392026.6399 0.0310 -0.0056 0.9656
1770392026.6519 0.0308 -0.0088 0.9707
1770392026.6638 0.0269 -0.0034 0.9683
1770392026.6758 0.0288 -0.0037 0.9766
1770392026.6878 0.0266 -0.0059 0.9771
1770392026.6999 0.0286 -0.0029 0.9705
1770392026.7118 0.0310 -0.0039 0.9724
1770392026.7239 0.0303 -0.0090 0.9744
1770392026.7360 0.0293 -0.0054 0.9736
1770392026.7481 0.0281 -0.0054 0.9739
1770392026.7601 0.0261 -0.0049 0.9700
1770392026.7721 0.0271 -0.0032 0.9736
1770392026.7835 0.0266 -0.0037 0.9761
1770392026.7955 0.0298 -0.0071 0.9668
1770392026.8075 0.0308 -0.0027 0.9695
1770392026.8197 0.0305 -0.0032 0.9797
1770392026.8316 0.0251 -0.0051 0.9705
1770392026.8437 0.0288 -0.0061 0.9744
1770392026.8556 0.0303 -0.0046 0.9705
1770392026.8679 0.0303 -0.0066 0.9810
1770392026.8799 0.0266 -0.0073 0.9688
1770392026.8919 0.0269 -0.0046 0.9717
1770392026.9043 0.0249 -0.0049 0.9707
1770392026.9155 0.0291 -0.0024 0.9780
1770392026.9279 0.0283 -0.0061 0.9763
1770392026.9395 0.0310 -0.0039 0.9705
1770392026.9516 0.0256 -0.0044 0.9751
1770392026.9636 0.0261 -0.0066 0.9668
1770392026.9757 0.0300 -0.0071 0.9714
1770392026.9880 0.0281 -0.0027 0.9788
1770392027.0003 0.0298 -0.0034 0.9753
1770392027.0123 0.0298 -0.0059 0.9702
1770392027.0242 0.0286 -0.0059 0.9731
1770392027.0362 0.0305 -0.0020 0.9792
1770392027.0482 0.0261 -0.0044 0.9741
1770392027.0601 0.0261 -0.0046 0.9709
1770392027.0721 0.0276 -0.0022 0.9751
1770392027.0841 0.0286 -0.0032 0.9690
1770392027.0960 0.0266 -0.0112 0.9731
1770392027.1081 0.0269 -0.0056 0.9766
1770392027.1201 0.0288 -0.0059 0.9709
1770392027.1320 0.0281 -0.0029 0.9775
1770392027.1441 0.0276 -0.0022 0.9675
1770392027.1560 0.0295 -0.0049 0.9734
1770392027.1680 0.0259 -0.0068 0.9741
1770392027.1796 0.0283 -0.0068 0.9741
1770392027.1916 0.0278 -0.0032 0.9700
1770392027.2038 0.0286 -0.0046 0.9758
1770392027.2157 0.0312 -0.0059 0.9729
1770392027.2277 0.0229 -0.0005 0.9761
1770392027.2397 0.0293 -0.0034 0.9792
1770392027.2517 0.0276 -0.0037 0.9780
1770392027.2638 0.0308 -0.0037 0.9697
1770392027.2759 0.0305 -0.0049 0.9702
1770392027.2879 0.0300 -0.0039 0.9749
1770392027.3000 0.0298 -0.0059 0.9751
1770392027.3120 0.0303 -0.0037 0.9717
1770392027.3241 0.0256 -0.0022 0.9724
1770392027.3359 0.0310 -0.0066 0.9722
1770392027.3481 0.0288 -0.0034 0.9719
1770392027.3601 0.0283 -0.0046 0.9797
1770392027.3722 0.0276 -0.0046 0.9766
1770392027.3836 0.0273 -0.0063 0.9734
1770392027.3958 0.0300 -0.0054 0.9763
1770392027.4080 0.0317 -0.0066 0.9736
1770392027.4203 0.0291 -0.0066 0.9751
1770392027.4324 0.0283 -0.0037 0.9695
1770392027.4438 0.0278 -0.0073 0.9690
1770392027.4558 0.0288 -0.0076 0.9670
1770392027.4679 0.0283 -0.0051 0.9702
1770392027.4800 0.0281 -0.0073 0.9717
1770392027.4921 0.0278 -0.0039 0.9780
1770392027.5041 0.0251 -0.0071 0.9712
1770392027.5161 0.0273 -0.0054 0.9714
1770392027.5281 0.0325 -0.0066 0.9680
1770392027.5402 0.0298 -0.0037 0.9668
1770392027.5523 0.0288 -0.0076 0.9712
1770392027.5644 0.0273 -0.0078 0.9783
1770392027.5764 0.0273 -0.0059 0.9761
1770392027.5886 0.0295 -0.0051 0.9697
1770392027.6008 0.0264 -0.0078 0.9702
1770392027.6128 0.0269 -0.0046 0.9707
1770392027.6245 0.0308 -0.0088 0.9646
1770392027.6366 0.0256 -0.0063 0.9734
1770392027.6486 0.0266 -0.0015 0.9736
1770392027.6606 0.0305 -0.0034 0.9707
1770392027.6726 0.0247 -0.0027 0.9685
1770392027.6846 0.0286 -0.0068 0.9709
1770392027.6969 0.0298 -0.0054 0.9736
1770392027.7091 0.0310 -0.0022 0.9705
1770392027.7201 0.0264 -0.0010 0.9685
1770392027.7324 0.0291 -0.0017 0.9695
1770392027.7446 0.0298 -0.0085 0.9709
1770392027.7566 0.0254 -0.0027 0.9731
1770392027.7689 0.0281 -0.0020 0.9724
1770392027.7804 0.0249 -0.0068 0.9707
1770392027.7924 0.0291 -0.0039 0.9712
1770392027.8048 0.0281 -0.0041 0.9736
1770392027.8167 0.0325 -0.0041 0.9724
1770392027.8290 0.0271 -0.0059 0.9714
1770392027.8410 0.0251 -0.0037 0.9727
1770392027.8531 0.0291 -0.0051 0.9680
1770392027.8651 0.0310 -0.0034 0.9746
1770392027.8761 0.0283 -0.0002 0.9690
1770392027.8892 0.0261 -0.0066 0.9697
1770392027.9001 0.0298 -0.0068 0.9756
1770392027.9131 0.0291 -0.0100 0.9746
1770392027.9243 0.0295 -0.0071 0.9758
1770392027.9363 0.0283 -0.0068 0.9724
1770392027.9483 0.0264 -0.0032 0.9719
1770392027.9603 0.0293 -0.0027 0.9714
1770392027.9724 0.0295 -0.0059 0.9746
1770392027.9847 0.0293 -0.0063 0.9714
1770392027.9968 0.0261 -0.0044 0.9744
1770392028.0088 0.0303 0.0007 0.9707
1770392028.0208 0.0293 -0.0049 0.9727
1770392028.0328 0.0273 -0.0085 0.9727
1770392028.0450 0.0298 -0.0037 0.9705
1770392028.0572 0.0273 -0.0032 0.9709
1770392028.0682 0.0298 -0.0039 0.9749
1770392028.0803 0.0295 -0.0071 0.9700
1770392028.0922 0.0283 -0.0041 0.9707
1770392028.1043 0.0286 -0.0024 0.9692
1770392028.1162 0.0283 -0.0041 0.9668
1770392028.1282 0.0312 -0.0017 0.9763
1770392028.1403 0.0273 -0.0063 0.9692
1770392028.1522 0.0281 -0.0049 0.9736
1770392028.1643 0.0266 -0.0081 0.9802
1770392028.1763 0.0232 -0.0063 0.9717
1770392028.1887 0.0286 -0.0022 0.9709
1770392028.2008 0.0264 -0.0061 0.9758
1770392028.2128 0.0273 -0.0022 0.9709
1770392028.2248 0.0291 -0.0071 0.9744
1770392028.2368 0.0281 -0.0066 0.9727
1770392028.2486 0.0261 -0.0024 0.9785
1770392028.2608 0.0271 -0.0049 0.9712
1770392028.2729 0.0266 -0.0061 0.9709
1770392028.2849 0.0227 -0.0078 0.9751
1770392028.2968 0.0332 -0.0071 0.9736
1770392028.3089 0.0308 -0.0046 0.9714
1770392028.3210 0.0273 -0.0015 0.9763
1770392028.3330 0.0286 -0.0037 0.9734
1770392028.3451 0.0298 -0.0051 0.9739
1770392028.3572 0.0298 -0.0041 0.9773
1770392028.3692 0.0281 -0.0059 0.9707
1770392028.3808 0.0317 -0.0049 0.9700
1770392028.3928 0.0237 -0.0039 0.9717
1770392028.4050 0.0286 -0.0056 0.9719
1770392028.4169 0.0295 -0.0061 0.9722
1770392028.4289 0.0298 -0.0076 0.9724
1770392028.4412 0.0283 -0.0037 0.9727
1770392028.4522 0.0278 -0.0046 0.9707
1770392028.4646 0.0298 -0.0049 0.9751
1770392028.4767 0.0273 -0.0010 0.9695
1770392028.4888 0.0281 -0.0046 0.9709
1770392028.5010 0.0291 -0.0027 0.9734
1770392028.5129 0.0308 -0.0044 0.9753
1770392028.5251 0.0281 -0.0039 0.9700
1770392028.5372 0.0283 -0.0044 0.9731
1770392028.5493 0.0251 -0.0054 0.9731
1770392028.5604 0.0254 -0.0054 0.9709
1770392028.5724 0.0247 -0.0029 0.9700
1770392028.5845 0.0298 -0.0054 0.9688
1770392028.5967 0.0261 -0.0054 0.9729
1770392028.6086 0.0249 -0.0056 0.9761
1770392028.6208 0.0276 -0.0022 0.9731
1770392028.6327 0.0281 -0.0037 0.9780
1770392028.6447 0.0283 -0.0073 0.9805
1770392028.6565 0.0288 -0.0071 0.9773
1770392028.6686 0.0256 -0.0041 0.9749
1770392028.6807 0.0283 -0.0029 0.9683
1770392028.6927 0.0229 -0.0073 0.9685
1770392028.7048 0.0244 -0.0071 0.9763
1770392028.7167 0.0256 -0.0034 0.9756
1770392028.7287 0.0249 -0.0054 0.9729
1770392028.7407 0.0283 -0.0063 0.9700
1770392028.7527 0.0269 -0.0046 0.9709
1770392028.7647 0.0242 -0.0044 0.9739
1770392028.7768 0.0259 -0.0024 0.9775
1770392028.7891 0.0259 -0.0049 0.9692
1770392028.8011 0.0305 -0.0059 0.9690
1770392028.8130 0.0291 -0.0068 0.9697
1770392028.8250 0.0308 -0.0068 0.9729
1770392028.8371 0.0271 -0.0039 0.9758
1770392028.8490 0.0308 -0.0063 0.9717
1770392028.8611 0.0293 -0.0027 0.9709
1770392028.8731 0.0291 -0.0029 0.9712
1770392028.8851 0.0315 -0.0039 0.9756
1770392028.8971 0.0291 -0.0059 0.9746
1770392028.9091 0.0283 -0.0034 0.9724
1770392028.9212 0.0310 -0.0039 0.9758
1770392028.9332 0.0325 -0.0024 0.9749
1770392028.9452 0.0256 -0.0083 0.9729
1770392028.9569 0.0283 -0.0054 0.9700
1770392028.9693 0.0286 -0.0044 0.9712
1770392028.9810 0.0251 -0.0020 0.9785
1770392028.9933 0.0273 -0.0044 0.9727
1770392029.0046 0.0305 -0.0051 0.9712
1770392029.0166 0.0264 -0.0046 0.9727
1770392029.0287 0.0298 -0.0063 0.9700
1770392029.0407 0.0283 -0.0066 0.9724
1770392029.0528 0.0247 -0.0029 0.9727
1770392029.0648 0.0271 -0.0054 0.9712
1770392029.0769 0.0349 -0.0029 0.9766
1770392029.0888 0.0244 -0.0059 0.9736
1770392029.1009 0.0254 -0.0068 0.9705
1770392029.1128 0.0291 -0.0020 0.9695
1770392029.1248 0.0295 -0.0078 0.9778
1770392029.1368 0.0300 -0.0066 0.9719
1770392029.1488 0.0239 -0.0073 0.9729
1770392029.1608 0.0251 -0.0059 0.9683
1770392029.1728 0.0288 -0.0051 0.9739
1770392029.1849 0.0288 -0.0037 0.9722
1770392029.1969 0.0320 -0.0046 0.9741
1770392029.2088 0.0278 -0.0039 0.9692
1770392029.2209 0.0281 -0.0076 0.9736
1770392029.2329 0.0308 -0.0049 0.9749
1770392029.2449 0.0293 -0.0027 0.9722
1770392029.2569 0.0278 -0.0046 0.9663
1770392029.2689 0.0295 -0.0071 0.9739
1770392029.2810 0.0242 -0.0073 0.9702
1770392029.2930 0.0264 -0.0103 0.9773
1770392029.3049 0.0256 -0.0073 0.9771
1770392029.3169 0.0271 -0.0083 0.9751
1770392029.3289 0.0259 -0.0049 0.9700
1770392029.3410 0.0300 -0.0051 0.9690
1770392029.3530 0.0269 -0.0017 0.9756
1770392029.3650 0.0278 -0.0039 0.9739
1770392029.3771 0.0315 -0.0024 0.9683
1770392029.3893 0.0244 -0.0049 0.9761
1770392029.4004 0.0244 -0.0083 0.9753
1770392029.4125 0.0271 -0.0059 0.9700
1770392029.4246 0.0288 -0.0032 0.9719
1770392029.4368 0.0264 -0.0059 0.9697
1770392029.4490 0.0322 -0.0088 0.9707
1770392029.4613 0.0276 -0.0081 0.9724
1770392029.4733 0.0293 -0.0056 0.9705
1770392029.4854 0.0308 -0.0059 0.9736
1770392029.4964 0.0303 -0.0032 0.9744
1770392029.5084 0.0293 -0.0037 0.9761
1770392029.5205 0.0271 -0.0002 0.9763
1770392029.5326 0.0286 -0.0054 0.9736
1770392029.5449 0.0259 -0.0078 0.9709
1770392029.5570 0.0278 -0.0046 0.9729
1770392029.5689 0.0278 -0.0076 0.9744
1770392029.5814 0.0334 -0.0051 0.9751
1770392029.5934 0.0266 -0.0059 0.9714
1770392029.6048 0.0283 -0.0041 0.9758
1770392029.6173 0.0281 -0.0034 0.9753
1770392029.6286 0.0276 -0.0076 0.9758
1770392029.6415 0.0256 -0.0044 0.9788
1770392029.6527 0.0269 -0.0090 0.9675
1770392029.6646 0.0256 -0.0029 0.9727
1770392029.6767 0.0288 -0.0034 0.9702
1770392029.6887 0.0269 -0.0010 0.9761
1770392029.7008 0.0300 -0.0083 0.9727
1770392029.7127 0.0300 -0.0066 0.9673
1770392029.7248 0.0273 -0.0024 0.9766
1770392029.7368 0.0310 0.0005 0.9766
1770392029.7488 0.0291 -0.0066 0.9749
1770392029.7609 0.0300 -0.0034 0.9705
1770392029.7729 0.0322 -0.0046 0.9722
1770392029.7851 0.0273 -0.0032 0.9761
1770392029.7973 0.0261 -0.0056 0.9778
1770392029.8094 0.0281 -0.0083 0.9702
1770392029.8205 0.0271 -0.0046 0.9739
1770392029.8327 0.0239 -0.0041 0.9727
1770392029.8451 0.0266 -0.0044 0.9688
1770392029.8566 0.0283 -0.0041 0.9736
1770392029.8686 0.0261 -0.0049 0.9661
1770392029.8807 0.0298 -0.0049 0.9707
1770392029.8929 0.0264 -0.0066 0.9680
1770392029.9052 0.0298 -0.0017 0.9661
1770392029.9166 0.0295 -0.0083 0.9749
1770392029.9291 0.0273 -0.0078 0.9709
1770392029.9417 0.0264 -0.0015 0.9724
1770392029.9529 0.0278 -0.0054 0.9714
1770392029.9651 0.0295 -0.0041 0.9744
1770392029.9767 0.0293 -0.0076 0.9727
1770392029.9892 0.0264 -0.0044 0.9790
1770392030.0015 0.0305 -0.0073 0.9668
1770392030.0126 0.0295 -0.0059 0.9690
1770392030.0249 0.0266 -0.0034 0.9688
1770392030.0367 0.0303 -0.0037 0.9712
1770392030.0489 0.0247 -0.0044 0.9739
1770392030.0611 0.0271 -0.0093 0.9714
1770392030.0734 0.0254 -0.0039 0.9700
1770392030.0847 0.0261 -0.0010 0.9749
1770392030.0969 0.0286 -0.0105 0.9766
1770392030.1092 0.0264 -0.0083 0.9771
1770392030.1214 0.0271 -0.0098 0.9700
1770392030.1327 0.0249 -0.0041 0.9717
1770392030.1450 0.0293 -0.0051 0.9734
1770392030.1572 0.0239 -0.0056 0.9697
1770392030.1694 0.0286 -0.0071 0.9746
1770392030.1814 0.0303 -0.0083 0.9700
1770392030.1926 0.0256 -0.0059 0.9736
1770392030.2053 0.0327 -0.0017 0.9746
1770392030.2166 0.0269 -0.0032 0.9761
1770392030.2290 0.0286 -0.0044 0.9741
1770392030.2412 0.0300 -0.0032 0.9744
1770392030.2535 0.0300 -0.0046 0.9768
1770392030.2646 0.0310 -0.0073 0.9695
1770392030.2771 0.0288 -0.0037 0.9717
1770392030.2893 0.0261 -0.0015 0.9749
1770392030.3017 0.0237 -0.0068 0.9756
1770392030.3127 0.0281 -0.0044 0.9778
1770392030.3249 0.0239 -0.0037 0.9685
1770392030.3373 0.0278 -0.0034 0.9783
1770392030.3495 0.0298 -0.0056 0.9666
1770392030.3616 0.0281 -0.0037 0.9695
1770392030.3729 0.0281 -0.0063 0.9731
1770392030.3856 0.0291 -0.0090 0.9736
1770392030.3969 0.0295 -0.0066 0.9639
1770392030.4090 0.0269 -0.0044 0.9722
1770392030.4214 0.0286 -0.0044 0.9763
1770392030.4326 0.0266 -0.0032 0.9751
1770392030.4450 0.0288 -0.0027 0.9766
1770392030.4571 0.0291 -0.0046 0.9768
1770392030.4693 0.0259 -0.0071 0.9810
1770392030.4815 0.0283 -0.0010 0.9766
1770392030.4935 0.0283 -0.0039 0.9758
1770392030.5047 0.0293 -0.0022 0.9695
1770392030.5170 0.0273 -0.0044 0.9695
1770392030.5287 0.0249 -0.0027 0.9702
1770392030.5409 0.0249 -0.0024 0.9700
1770392030.5531 0.0242 -0.0068 0.9756
1770392030.5654 0.0278 -0.0039 0.9702
1770392030.5772 0.0288 -0.0054 0.9729
1770392030.5888 0.0310 -0.0017 0.9744
1770392030.6012 0.0254 -0.0034 0.9734
1770392030.6135 0.0286 -0.0071 0.9705
1770392030.6247 0.0276 -0.0049 0.9744
1770392030.6369 0.0320 -0.0032 0.9712
1770392030.6491 0.0264 -0.0095 0.9695
1770392030.6613 0.0271 -0.0041 0.9758
1770392030.6736 0.0239 -0.0054 0.9761
1770392030.6848 0.0281 -0.0032 0.9802
1770392030.6970 0.0271 -0.0017 0.9731
1770392030.7092 0.0269 -0.0063 0.9731
1770392030.7213 0.0293 -0.0024 0.9753
1770392030.7331 0.0269 -0.0022 0.9771
1770392030.7453 0.0273 -0.0063 0.9705
1770392030.7575 0.0266 -0.0044 0.9702
1770392030.7694 0.0310 -0.0049 0.9758
1770392030.7811 0.0286 -0.0007 0.9727
1770392030.7937 0.0271 -0.0029 0.9763
1770392030.8050 0.0286 -0.0046 0.9714
1770392030.8174 0.0286 -0.0063 0.9746
1770392030.8291 0.0288 -0.0044 0.9758
1770392030.8414 0.0249 -0.0054 0.9727
1770392030.8537 0.0269 -0.0078 0.9717
1770392030.8650 0.0261 -0.0041 0.9707
1770392030.8772 0.0269 -0.0059 0.9775
1770392030.8894 0.0283 -0.0046 0.9700
1770392030.9017 0.0330 -0.0063 0.9717
1770392030.9129 0.0276 -0.0037 0.9751
1770392030.9252 0.0266 -0.0017 0.9707
1770392030.9374 0.0256 -0.0051 0.9714
1770392030.9489 0.0271 -0.0039 0.9709
1770392030.9614 0.0283 -0.0061 0.9761
1770392030.9728 0.0271 -0.0037 0.9775
1770392030.9854 0.0288 -0.0056 0.9692
1770392030.9977 0.0286 -0.0041 0.9717
1770392031.0090 0.0310 -0.0051 0.9729
1770392031.0215 0.0303 -0.0002 0.9727
1770392031.0330 0.0278 -0.0066 0.9753
1770392031.0455 0.0305 -0.0049 0.9646
1770392031.0577 0.0276 -0.0059 0.9727
1770392031.0690 0.0261 -0.0063 0.9731
1770392031.0814 0.0249 -0.0076 0.9624
1770392031.0937 0.0259 -0.0071 0.9680
1770392031.1049 0.0261 -0.0046 0.9729
1770392031.1171 0.0276 -0.0068 0.9731
1770392031.1293 0.0288 -0.0085 0.9739
1770392031.1415 0.0256 -0.0044 0.9714
1770392031.1536 0.0264 -0.0029 0.9712
1770392031.1661 0.0266 -0.0046 0.9675
1770392031.1775 0.0273 -0.0041 0.9666
1770392031.1899 0.0305 -0.0039 0.9692
1770392031.2012 0.0288 -0.0061 0.9736
1770392031.2134 0.0273 -0.0046 0.9712
1770392031.2255 0.0288 -0.0020 0.9712
1770392031.2379 0.0266 -0.0017 0.9658
1770392031.2491 0.0286 -0.0083 0.9731
1770392031.2613 0.0283 -0.0029 0.9751
1770392031.2731 0.0315 -0.0034 0.9707
1770392031.2858 0.0271 -0.0041 0.9758
1770392031.2972 0.0278 -0.0061 0.9761
1770392031.3094 0.0288 -0.0068 0.9719
1770392031.3215 0.0312 -0.0034 0.9778
1770392031.3337 0.0249 -0.0029 0.9758
1770392031.3449 0.0254 -0.0063 0.9731
1770392031.3571 0.0288 -0.0039 0.9683
1770392031.3693 0.0271 -0.0056 0.9739
1770392031.3816 0.0312 -0.0051 0.9766
1770392031.3938 0.0266 -0.0049 0.9688
1770392031.4050 0.0281 -0.0044 0.9810
1770392031.4171 0.0281 -0.0054 0.9692
1770392031.4296 0.0303 -0.0063 0.9751
1770392031.4418 0.0288 -0.0071 0.9719
1770392031.4530 0.0259 -0.0027 0.9722
1770392031.4651 0.0286 -0.0049 0.9758
1770392031.4773 0.0271 -0.0093 0.9717
1770392031.4896 0.0286 -0.0054 0.9724
1770392031.5019 0.0293 -0.0037 0.9788
1770392031.5129 0.0298 -0.0056 0.9783
1770392031.5253 0.0330 -0.0027 0.9722
1770392031.5375 0.0286 -0.0073 0.9756
1770392031.5498 0.0278 -0.0051 0.9697
1770392031.5620 0.0300 -0.0068 0.9756
1770392031.5732 0.0261 -0.0020 0.9705
1770392031.5855 0.0298 -0.0046 0.9712
1770392031.5978 0.0269 -0.0027 0.9734
1770392031.6099 0.0269 -0.0054 0.9797
1770392031.6210 0.0261 -0.0049 0.9734
1770392031.6332 0.0247 -0.0034 0.9744
1770392031.6455 0.0276 -0.0063 0.9705
1770392031.6576 0.0273 -0.0049 0.9756
1770392031.6698 0.0273 -0.0041 0.9729
1770392031.6820 0.0266 -0.0024 0.9722
1770392031.6930 0.0278 -0.0041 0.9685
1770392031.7053 0.0271 -0.0032 0.9739
1770392031.7174 0.0286 -0.0024 0.9766
1770392031.7297 0.0261 -0.0068 0.9731
1770392031.7413 0.0291 -0.0059 0.9688
1770392031.7534 0.0288 -0.0076 0.9670
1770392031.7656 0.0271 -0.0039 0.9734
1770392031.7791 0.0256 -0.0037 0.9734
1770392031.7898 0.0298 -0.0034 0.9719
1770392031.8012 0.0286 -0.0073 0.9749
1770392031.8138 0.0256 -0.0120 0.9688
1770392031.8257 0.0244 -0.0024 0.9731
1770392031.8374 0.0315 -0.0037 0.9739
1770392031.8498 0.0271 -0.0066 0.9744
1770392031.8615 0.0261 -0.0085 0.9724
1770392031.8740 0.0310 -0.0063 0.9695
1770392031.8854 0.0303 -0.0061 0.9761
1770392031.8975 0.0291 -0.0037 0.9673
1770392031.9097 0.0298 -0.0056 0.9705
1770392031.9212 0.0278 -0.0017 0.9707
1770392031.9335 0.0283 -0.0041 0.9697
1770392031.9458 0.0259 -0.0061 0.9702
1770392031.9577 0.0266 -0.0059 0.9729
1770392031.9700 0.0308 -0.0061 0.9705
1770392031.9818 0.0286 -0.0037 0.9753
1770392031.9932 0.0269 -0.0046 0.9702
1770392032.0055 0.0300 -0.0061 0.9719
1770392032.0176 0.0256 -0.0032 0.9739
1770392032.0299 0.0259 -0.0059 0.9778
1770392032.0411 0.0283 -0.0020 0.9719
1770392032.0536 0.0217 -0.0083 0.9678
1770392032.0661 0.0261 -0.0044 0.9685
1770392032.0774 0.0295 -0.0032 0.9702
1770392032.0896 0.0249 -0.0059 0.9663
1770392032.1020 0.0298 -0.0005 0.9729
1770392032.1141 0.0269 -0.0046 0.9731
1770392032.1254 0.0300 -0.0051 0.9771
1770392032.1376 0.0281 -0.0059 0.9685
1770392032.1498 0.0303 -0.0041 0.9675
1770392032.1614 0.0310 -0.0068 0.9680
1770392032.1732 0.0251 -0.0032 0.9731
1770392032.1857 0.0286 -0.0051 0.9712
1770392032.1982 0.0300 -0.0059 0.9751
1770392032.2092 0.0300 -0.0054 0.9692
1770392032.2216 0.0317 -0.0093 0.9734
1770392032.2339 0.0293 -0.0061 0.9756
1770392032.2462 0.0295 0.0000 0.9768
1770392032.2573 0.0261 -0.0066 0.9727
1770392032.2696 0.0283 -0.0056 0.9639
1770392032.2820 0.0303 -0.0041 0.9722
1770392032.2940 0.0293 -0.0059 0.9731
1770392032.3054 0.0276 -0.0041 0.9712
1770392032.3177 0.0288 -0.0012 0.9727
1770392032.3292 0.0281 -0.0046 0.9702
1770392032.3417 0.0271 -0.0059 0.9734
1770392032.3537 0.0291 -0.0015 0.9707
1770392032.3660 0.0259 -0.0098 0.9800
1770392032.3776 0.0291 -0.0032 0.9751
1770392032.3900 0.0271 -0.0049 0.9695
1770392032.4014 0.0261 -0.0063 0.9690
1770392032.4139 0.0256 -0.0044 0.9688
1770392032.4258 0.0308 -0.0051 0.9707
1770392032.4382 0.0295 -0.0054 0.9736
1770392032.4500 0.0291 -0.0061 0.9736
1770392032.4616 0.0291 -0.0061 0.9734
1770392032.4738 0.0276 -0.0049 0.9739
1770392032.4861 0.0303 -0.0046 0.9717
1770392032.4982 0.0249 -0.0056 0.9695
1770392032.5104 0.0295 -0.0029 0.9683
1770392032.5216 0.0295 -0.0073 0.9673
1770392032.5338 0.0256 -0.0032 0.9719
1770392032.5460 0.0283 -0.0066 0.9712
1770392032.5582 0.0266 -0.0066 0.9731
1770392032.5703 0.0251 -0.0044 0.9719
1770392032.5821 0.0281 -0.0041 0.9663
1770392032.5933 0.0259 -0.0017 0.9724
1770392032.6057 0.0295 -0.0061 0.9731
1770392032.6179 0.0271 -0.0041 0.9758
1770392032.6302 0.0293 -0.0027 0.9753
1770392032.6414 0.0256 -0.0044 0.9771
1770392032.6539 0.0244 -0.0049 0.9749
1770392032.6663 0.0286 -0.0068 0.9707
1770392032.6776 0.0278 -0.0037 0.9724
1770392032.6900 0.0310 -0.0078 0.9756
1770392032.7018 0.0288 -0.0041 0.9744
1770392032.7134 0.0276 -0.0083 0.9700
1770392032.7260 0.0308 -0.0010 0.9761
1770392032.7373 0.0283 -0.0029 0.9717
1770392032.7498 0.0291 -0.0071 0.9749
1770392032.7623 0.0305 -0.0059 0.9744
1770392032.7739 0.0256 -0.0029 0.9731
1770392032.7861 0.0298 -0.0046 0.9731
1770392032.7984 0.0259 -0.0039 0.9729
1770392032.8094 0.0291 -0.0046 0.9697
1770392032.8217 0.0247 -0.0049 0.9692
1770392032.8339 0.0303 -0.0017 0.9778
1770392032.8463 0.0281 -0.0029 0.9751
1770392032.8584 0.0264 -0.0046 0.9785
1770392032.8705 0.0300 -0.0071 0.9768
1770392032.8817 0.0298 -0.0083 0.9680
1770392032.8938 0.0264 -0.0034 0.9683
1770392032.9061 0.0300 -0.0041 0.9685
1770392032.9182 0.0261 -0.0088 0.9712
1770392032.9306 0.0251 -0.0037 0.9810
1770392032.9418 0.0264 -0.0056 0.9717
1770392032.9539 0.0337 -0.0039 0.9731
1770392032.9661 0.0256 -0.0034 0.9736
1770392032.9787 0.0312 -0.0020 0.9739
1770392032.9902 0.0273 -0.0005 0.9722
1770392033.0025 0.0271 -0.0039 0.9778
1770392033.0136 0.0244 -0.0061 0.9707
1770392033.0259 0.0330 -0.0041 0.9756
1770392033.0380 0.0278 -0.0046 0.9697
1770392033.0502 0.0286 -0.0056 0.9724
1770392033.0624 0.0278 -0.0024 0.9692
1770392033.0736 0.0288 -0.0044 0.9736
1770392033.0862 0.0300 -0.0015 0.9753
1770392033.0985 0.0291 -0.0063 0.9697
1770392033.1099 0.0271 -0.0012 0.9714
1770392033.1224 0.0300 -0.0049 0.9712
1770392033.1337 0.0278 -0.0039 0.9729
1770392033.1463 0.0286 -0.0039 0.9680
1770392033.1576 0.0283 -0.0022 0.9705
1770392033.1698 0.0261 -0.0024 0.9707
1770392033.1818 0.0310 -0.0024 0.9690
1770392033.1945 0.0305 -0.0022 0.9707
1770392033.2057 0.0242 -0.0120 0.9683
1770392033.2178 0.0278 -0.0049 0.9771
1770392033.2299 0.0234 -0.0012 0.9741
1770392033.2422 0.0298 -0.0037 0.9778
1770392033.2542 0.0281 -0.0085 0.9670
1770392033.2663 0.0295 -0.0051 0.9802
1770392033.2786 0.0264 -0.0068 0.9780
1770392033.2897 0.0249 -0.0027 0.9741
1770392033.3020 0.0264 -0.0068 0.9717
1770392033.3141 0.0281 -0.0039 0.9753
1770392033.3263 0.0303 -0.0037 0.9729
1770392033.3386 0.0264 -0.0022 0.9727
1770392033.3497 0.0254 -0.0032 0.9756
1770392033.3620 0.0298 -0.0071 0.9692
1770392033.3742 0.0273 -0.0076 0.9690
1770392033.3866 0.0261 -0.0059 0.9746
1770392033.3977 0.0249 0.0010 0.9680
1770392033.4099 0.0273 -0.0076 0.9707
1770392033.4221 0.0291 -0.0061 0.9800
1770392033.4344 0.0283 -0.0034 0.9722
1770392033.4465 0.0295 -0.0046 0.9692
1770392033.4577 0.0276 -0.0029 0.9692
1770392033.4699 0.0291 -0.0051 0.9692
1770392033.4822 0.0295 -0.0054 0.9709
1770392033.4943 0.0298 -0.0085 0.9768
1770392033.5064 0.0310 -0.0022 0.9744
1770392033.5186 0.0330 -0.0049 0.9705
1770392033.5298 0.0269 -0.0059 0.9739
1770392033.5420 0.0293 -0.0037 0.9678
1770392033.5542 0.0298 -0.0017 0.9719
1770392033.5662 0.0256 -0.0044 0.9739
1770392033.5787 0.0239 -0.0056 0.9746
1770392033.5899 0.0264 -0.0051 0.9714
1770392033.6026 0.0273 -0.0046 0.9690
1770392033.6137 0.0266 -0.0029 0.9741
1770392033.6270 0.0288 -0.0046 0.9702
1770392033.6382 0.0308 0.0000 0.9709
1770392033.6505 0.0269 -0.0034 0.9768
1770392033.6626 0.0312 -0.0056 0.9727
1770392033.6749 0.0281 -0.0068 0.9719
1770392033.6861 0.0278 -0.0029 0.9746
1770392033.6986 0.0298 -0.0071 0.9651
1770392033.7107 0.0291 -0.0056 0.9695
1770392033.7231 0.0271 -0.0073 0.9661
1770392033.7342 0.0332 -0.0049 0.9731
1770392033.7464 0.0269 -0.0071 0.9758
1770392033.7586 0.0254 -0.0034 0.9758
1770392033.7708 0.0283 -0.0039 0.9707
1770392033.7829 0.0273 -0.0039 0.9758
1770392033.7941 0.0276 -0.0041 0.9739
1770392033.8063 0.0276 -0.0044 0.9727
1770392033.8187 0.0298 -0.0054 0.9695
1770392033.8310 0.0317 -0.0059 0.9744
1770392033.8423 0.0276 -0.0032 0.9717
1770392033.8546 0.0273 -0.0027 0.9778
1770392033.8668 0.0254 -0.0054 0.9695
1770392033.8791 0.0266 -0.0046 0.9709
1770392033.8902 0.0283 -0.0029 0.9761
1770392033.9025 0.0305 -0.0081 0.9719
1770392033.9147 0.0278 -0.0024 0.9683
1770392033.9269 0.0271 -0.0037 0.9678
1770392033.9383 0.0261 -0.0093 0.9702
1770392033.9507 0.0283 -0.0027 0.9756
1770392033.9627 0.0286 -0.0024 0.9709
1770392033.9751 0.0317 -0.0039 0.9692
1770392033.9864 0.0273 -0.0061 0.9707
1770392033.9991 0.0291 -0.0029 0.9736
1770392034.0110 0.0308 -0.0005 0.9727
1770392034.0227 0.0315 -0.0061 0.9714
1770392034.0341 0.0264 -0.0051 0.9719
1770392034.0465 0.0254 -0.0022 0.9766
1770392034.0588 0.0256 -0.0041 0.9724
1770392034.0709 0.0269 -0.0020 0.9714
1770392034.0823 0.0317 -0.0037 0.9753
1770392034.0946 0.0266 -0.0041 0.9734
1770392034.1068 0.0278 -0.0068 0.9661
1770392034.1190 0.0271 -0.0066 0.9741
1770392034.1302 0.0278 -0.0049 0.9690
1770392034.1424 0.0283 -0.0032 0.9766
1770392034.1547 0.0256 -0.0061 0.9734
1770392034.1669 0.0312 -0.0100 0.9746
1770392034.1786 0.0276 -0.0073 0.9709
1770392034.1911 0.0356 -0.0061 0.9773
1770392034.2028 0.0261 -0.0044 0.9724
1770392034.2150 0.0298 -0.0029 0.9753
1770392034.2264 0.0264 -0.0037 0.9707
1770392034.2387 0.0312 -0.0032 0.9729
1770392034.2510 0.0295 -0.0024 0.9702
1770392034.2633 0.0305 -0.0054 0.9653
1770392034.2745 0.0305 -0.0044 0.9705
1770392034.2867 0.0271 -0.0037 0.9756
1770392034.2990 0.0308 -0.0010 0.9744
1770392034.3111 0.0271 -0.0029 0.9751
1770392034.3223 0.0291 -0.0049 0.9707
1770392034.3345 0.0244 -0.0044 0.9792
1770392034.3467 0.0310 -0.0071 0.9722
1770392034.3590 0.0288 -0.0017 0.9661
1770392034.3706 0.0288 -0.0061 0.9722
1770392034.3826 0.0256 -0.0024 0.9702
1770392034.3949 0.0283 -0.0015 0.9719
1770392034.4070 0.0264 -0.0044 0.9700
1770392034.4182 0.0266 -0.0056 0.9741
1770392034.4305 0.0273 -0.0046 0.9729
1770392034.4429 0.0295 -0.0024 0.9736
1770392034.4552 0.0247 -0.0034 0.9702
1770392034.4664 0.0276 -0.0046 0.9683
1770392034.4788 0.0281 -0.0046 0.9705
1770392034.4910 0.0244 -0.0056 0.9744
1770392034.5030 0.0281 -0.0059 0.9724
1770392034.5144 0.0315 -0.0041 0.9692
1770392034.5272 0.0271 -0.0041 0.9697
1770392034.5393 0.0308 -0.0046 0.9775
1770392034.5504 0.0264 -0.0056 0.9790
1770392034.5628 0.0315 -0.0015 0.9709
1770392034.5750 0.0261 -0.0039 0.9707
1770392034.5866 0.0273 -0.0049 0.9680
1770392034.5989 0.0288 -0.0112 0.9741
1770392034.6112 0.0281 -0.0083 0.9753
1770392034.6226 0.0251 -0.0081 0.9690
1770392034.6352 0.0300 -0.0002 0.9719
1770392034.6465 0.0295 -0.0073 0.9705
1770392034.6590 0.0244 -0.0056 0.9736
1770392034.6712 0.0303 -0.0037 0.9810
1770392034.6834 0.0269 -0.0049 0.9668
1770392034.6946 0.0286 -0.0093 0.9749
1770392034.7068 0.0305 -0.0024 0.9722
1770392034.7190 0.0249 -0.0068 0.9756
1770392034.7313 0.0261 -0.0041 0.9670
1770392034.7425 0.0273 -0.0061 0.9739
1770392034.7552 0.0320 -0.0017 0.9739
1770392034.7664 0.0264 -0.0083 0.9778
1770392034.7792 0.0273 -0.0061 0.9697
1770392034.7913 0.0276 -0.0068 0.9719
1770392034.8025 0.0278 -0.0034 0.9670
1770392034.8151 0.0247 -0.0037 0.9746
1770392034.8274 0.0266 -0.0034 0.9692
1770392034.8386 0.0305 -0.0073 0.9697
1770392034.8508 0.0283 -0.0073 0.9753
1770392034.8630 0.0254 -0.0029 0.9700
1770392034.8754 0.0269 -0.0059 0.9719
1770392034.8865 0.0315 -0.0049 0.9709
1770392034.8988 0.0295 -0.0051 0.9744
1770392034.9109 0.0266 0.0000 0.9717
1770392034.9233 0.0276 -0.0039 0.9724
1770392034.9345 0.0276 -0.0032 0.9722
1770392034.9467 0.0295 -0.0068 0.9700
1770392034.9590 0.0269 -0.0029 0.9753
1770392034.9713 0.0251 -0.0039 0.9712
1770392034.9828 0.0286 -0.0039 0.9741
1770392034.9944 0.0278 -0.0061 0.9722
1770392035.0072 0.0239 -0.0039 0.9717
1770392035.0185 0.0278 -0.0029 0.9678
1770392035.0309 0.0305 -0.0015 0.9658
1770392035.0432 0.0259 -0.0046 0.9741
1770392035.0549 0.0261 -0.0022 0.9736
1770392035.0671 0.0259 -0.0039 0.9792
1770392035.0794 0.0291 -0.0051 0.9761
1770392035.0907 0.0298 -0.0056 0.9727
1770392035.1032 0.0303 -0.0041 0.9675
1770392035.1144 0.0286 -0.0037 0.9724
1770392035.1266 0.0261 -0.0056 0.9712
1770392035.1390 0.0266 -0.0039 0.9749
1770392035.1513 0.0269 -0.0063 0.9731
1770392035.1626 0.0288 -0.0054 0.9712
1770392035.1753 0.0281 -0.0068 0.9788
1770392035.1868 0.0249 -0.0063 0.9768
1770392035.1994 0.0293 -0.0078 0.9741
1770392035.2106 0.0254 -0.0027 0.9722
1770392035.2232 0.0283 -0.0085 0.9731
1770392035.2345 0.0281 -0.0059 0.9663
1770392035.2467 0.0261 -0.0041 0.9717
1770392035.2589 0.0269 -0.0022 0.9749
1770392035.2710 0.0281 -0.0061 0.9712
1770392035.2832 0.0295 -0.0032 0.9736
1770392035.2954 0.0273 -0.0051 0.9763
1770392035.3075 0.0242 -0.0071 0.9739
1770392035.3188 0.0244 -0.0041 0.9709
1770392035.3311 0.0247 -0.0051 0.9746
1770392035.3432 0.0288 -0.0034 0.9746
1770392035.3555 0.0286 -0.0056 0.9663
1770392035.3675 0.0281 -0.0051 0.9761
1770392035.3789 0.0293 -0.0044 0.9709
1770392035.3913 0.0288 -0.0046 0.9744
1770392035.4026 0.0286 -0.0054 0.9756
1770392035.4147 0.0215 -0.0063 0.9739
1770392035.4271 0.0273 -0.0049 0.9741
1770392035.4394 0.0286 -0.0044 0.9695
1770392035.4506 0.0254 -0.0090 0.9758
1770392035.4629 0.0278 -0.0059 0.9702
1770392035.4751 0.0273 -0.0066 0.9763
1770392035.4874 0.0249 -0.0034 0.9756
1770392035.4987 0.0291 -0.0078 0.9736
1770392035.5108 0.0273 -0.0071 0.9683
1770392035.5232 0.0273 -0.0056 0.9658
1770392035.5355 0.0249 -0.0034 0.9709
1770392035.5467 0.0264 -0.0056 0.9678
1770392035.5588 0.0286 -0.0051 0.9739
1770392035.5710 0.0283 -0.0088 0.9771
1770392035.5828 0.0273 -0.0037 0.9727
1770392035.5952 0.0256 -0.0039 0.9775
1770392035.6073 0.0278 -0.0029 0.9717
1770392035.6195 0.0312 -0.0078 0.9783
1770392035.6307 0.0271 -0.0066 0.9697
1770392035.6430 0.0300 -0.0039 0.9763
1770392035.6552 0.0271 -0.0054 0.9773
1770392035.6674 0.0288 -0.0024 0.9712
1770392035.6787 0.0303 -0.0037 0.9707
1770392035.6910 0.0242 -0.0049 0.9773
1770392035.7033 0.0239 -0.0010 0.9702
1770392035.7149 0.0288 -0.0063 0.9702
1770392035.7274 0.0247 -0.0068 0.9741
1770392035.7387 0.0259 -0.0073 0.9766
1770392035.7511 0.0269 -0.0041 0.9753
1770392035.7636 0.0295 -0.0037 0.9702
1770392035.7747 0.0249 -0.0046 0.9734
1770392035.7870 0.0283 -0.0054 0.9739
1770392035.7992 0.0293 -0.0039 0.9758
1770392035.8114 0.0242 -0.0039 0.9734
1770392035.8228 0.0247 -0.0054 0.9722
1770392035.8350 0.0251 -0.0039 0.9731
1770392035.8472 0.0278 -0.0051 0.9709
1770392035.8593 0.0295 -0.0044 0.9729
1770392035.8715 0.0286 -0.0059 0.9727
1770392035.8828 0.0266 -0.0041 0.9683
1770392035.8950 0.0281 -0.0029 0.9773
1770392035.9071 0.0271 -0.0049 0.9668
1770392035.9193 0.0276 -0.0063 0.9746
1770392035.9307 0.0251 -0.0051 0.9712
1770392035.9429 0.0249 -0.0059 0.9746
1770392035.9553 0.0269 -0.0027 0.9780
1770392035.9674 0.0288 -0.0017 0.9739
1770392035.9792 0.0286 -0.0049 0.9753
1770392035.9916 0.0291 -0.0051 0.9661
1770392036.0028 0.0261 -0.0037 0.9746
1770392036.0151 0.0266 -0.0039 0.9756
1770392036.0275 0.0269 -0.0056 0.9761
1770392036.0397 0.0291 -0.0034 0.9690
1770392036.0510 0.0225 -0.0039 0.9773
1770392036.0633 0.0266 -0.0034 0.9766
1770392036.0756 0.0266 -0.0061 0.9741
1770392036.0867 0.0259 -0.0027 0.9741
1770392036.0989 0.0254 -0.0034 0.9697
1770392036.1111 0.0288 -0.0017 0.9763
1770392036.1234 0.0286 -0.0015 0.9719
1770392036.1355 0.0288 -0.0059 0.9712
1770392036.1467 0.0283 -0.0041 0.9717
1770392036.1588 0.0261 -0.0039 0.9727
1770392036.1711 0.0271 -0.0063 0.9685
1770392036.1831 0.0298 -0.0059 0.9690
1770392036.1955 0.0291 -0.0090 0.9705
1770392036.2077 0.0247 -0.0066 0.9727
1770392036.2188 0.0259 -0.0010 0.9736
1770392036.2311 0.0256 -0.0034 0.9727
1770392036.2434 0.0293 -0.0061 0.9829
1770392036.2555 0.0266 -0.0056 0.9661
1770392036.2669 0.0291 -0.0037 0.9729
1770392036.2793 0.0281 -0.0037 0.9651
1770392036.2916 0.0295 -0.0068 0.9736
1770392036.3028 0.0276 -0.0061 0.9695
1770392036.3149 0.0264 -0.0037 0.9656
1770392036.3272 0.0256 -0.0010 0.9746
1770392036.3395 0.0278 -0.0032 0.9700
1770392036.3517 0.0291 -0.0027 0.9709
1770392036.3629 0.0264 -0.0056 0.9700
1770392036.3752 0.0310 -0.0032 0.9734
1770392036.3872 0.0278 -0.0010 0.9758
1770392036.3996 0.0273 -0.0039 0.9751
1770392036.4108 0.0278 -0.0054 0.9707
1770392036.4231 0.0266 -0.0076 0.9717
1770392036.4354 0.0291 -0.0049 0.9714
1770392036.4475 0.0278 -0.0046 0.9761
1770392036.4597 0.0276 -0.0056 0.9724
1770392036.4709 0.0315 -0.0061 0.9763
1770392036.4833 0.0293 -0.0037 0.9775
1770392036.4955 0.0283 -0.0046 0.9685
1770392036.5068 0.0298 -0.0012 0.9749
1770392036.5189 0.0300 -0.0049 0.9788
1770392036.5312 0.0300 -0.0029 0.9773
1770392036.5434 0.0322 -0.0056 0.9761
1770392036.5557 0.0305 -0.0054 0.9778
1770392036.5678 0.0244 -0.0059 0.9785
1770392036.5793 0.0247 -0.0081 0.9771
1770392036.5910 0.0217 -0.0059 0.9761
1770392036.6036 0.0283 -0.0051 0.9722
1770392036.6156 0.0312 -0.0049 0.9729
1770392036.6278 0.0315 -0.0044 0.9741
1770392036.6389 0.0291 -0.0039 0.9788
1770392036.6512 0.0271 -0.0034 0.9741
1770392036.6633 0.0276 -0.0059 0.9763
1770392036.6755 0.0278 -0.0049 0.9714
1770392036.6877 0.0288 -0.0063 0.9690
1770392036.6998 0.0264 -0.0024 0.9722
1770392036.7109 0.0308 -0.0059 0.9768
1770392036.7233 0.0261 -0.0059 0.9722
1770392036.7357 0.0312 -0.0032 0.9680
1770392036.7469 0.0303 -0.0046 0.9734
1770392036.7590 0.0278 -0.0073 0.9700
1770392036.7714 0.0227 -0.0066 0.9758
1770392036.7833 0.0310 -0.0056 0.9705
1770392036.7955 0.0315 -0.0093 0.9709
1770392036.8077 0.0293 -0.0066 0.9739
1770392036.8189 0.0320 -0.0054 0.9739
1770392036.8312 0.0261 -0.0056 0.9661
1770392036.8439 0.0261 -0.0090 0.9707
1770392036.8550 0.0251 -0.0054 0.9702
1770392036.8673 0.0315 -0.0032 0.9744
1770392036.8796 0.0261 -0.0049 0.9729
1770392036.8918 0.0295 -0.0022 0.9692
1770392036.9032 0.0271 -0.0056 0.9678
1770392036.9157 0.0305 -0.0041 0.9712
1770392036.9268 0.0276 -0.0066 0.9741
1770392036.9392 0.0293 -0.0051 0.9753
1770392036.9516 0.0237 -0.0044 0.9753
1770392036.9631 0.0303 -0.0063 0.9729
1770392036.9754 0.0264 -0.0051 0.9753
1770392036.9871 0.0303 -0.0015 0.9719
1770392036.9997 0.0254 -0.0037 0.9658
1770392037.0110 0.0322 -0.0041 0.9709
1770392037.0236 0.0317 -0.0032 0.9749
1770392037.0358 0.0317 -0.0078 0.9714
1770392037.0470 0.0330 -0.0061 0.9705
1770392037.0592 0.0244 -0.0027 0.9744
1770392037.0716 0.0273 -0.0032 0.9692
1770392037.0830 0.0276 -0.0071 0.9756
1770392037.0951 0.0266 -0.0056 0.9707
1770392037.1075 0.0293 -0.0022 0.9766
1770392037.1190 0.0266 -0.0078 0.9727
1770392037.1318 0.0288 -0.0037 0.9697
1770392037.1429 0.0244 -0.0041 0.9683
1770392037.1552 0.0239 -0.0034 0.9707
1770392037.1675 0.0278 -0.0039 0.9736
1770392037.1798 0.0266 -0.0020 0.9697
1770392037.1910 0.0295 -0.0044 0.9756
1770392037.2037 0.0308 -0.0059 0.9749
1770392037.2158 0.0281 -0.0083 0.9685
1770392037.2270 0.0281 -0.0034 0.9683
1770392037.2392 0.0291 -0.0051 0.9766
1770392037.2516 0.0242 -0.0054 0.9702
1770392037.2630 0.0273 -0.0051 0.9690
1770392037.2754 0.0308 -0.0012 0.9700
1770392037.2879 0.0325 -0.0059 0.9702
1770392037.2992 0.0244 -0.0054 0.9783
1770392037.3115 0.0305 -0.0076 0.9734
1770392037.3238 0.0239 -0.0046 0.9724
1770392037.3352 0.0276 -0.0027 0.9719
1770392037.3480 0.0305 -0.0071 0.9792
1770392037.3600 0.0283 -0.0039 0.9709
1770392037.3711 0.0271 -0.0098 0.9753
1770392037.3837 0.0305 -0.0056 0.9709
1770392037.3958 0.0308 -0.0066 0.9727
1770392037.4070 0.0283 -0.0010 0.9709
1770392037.4193 0.0264 -0.0034 0.9741
1770392037.4315 0.0288 -0.0037 0.9700
1770392037.4439 0.0254 -0.0029 0.9702
1770392037.4551 0.0303 -0.0054 0.9768
1770392037.4674 0.0259 -0.0068 0.9656
1770392037.4796 0.0273 -0.0051 0.9685
1770392037.4919 0.0259 -0.0068 0.9751
1770392037.5031 0.0298 -0.0073 0.9724
1770392037.5153 0.0291 -0.0039 0.9668
1770392037.5276 0.0293 -0.0063 0.9744
1770392037.5398 0.0237 -0.0078 0.9680
1770392037.5510 0.0281 -0.0032 0.9688
1770392037.5634 0.0247 -0.0049 0.9739
1770392037.5755 0.0291 -0.0032 0.9663
1770392037.5870 0.0295 -0.0046 0.9724
1770392037.5993 0.0232 -0.0039 0.9702
1770392037.6116 0.0266 -0.0029 0.9678
1770392037.6239 0.0269 -0.0061 0.9744
1770392037.6354 0.0283 -0.0037 0.9729
1770392037.6478 0.0259 -0.0044 0.9709
1770392037.6590 0.0291 -0.0015 0.9697
1770392037.6713 0.0303 -0.0024 0.9712
1770392037.6838 0.0269 -0.0017 0.9744
1770392037.6958 0.0293 -0.0056 0.9719
1770392037.7071 0.0286 -0.0015 0.9724
1770392037.7195 0.0269 -0.0051 0.9712
1770392037.7311 0.0295 -0.0056 0.9702
1770392037.7434 0.0264 -0.0027 0.9685
1770392037.7555 0.0269 -0.0051 0.9753
1770392037.7676 0.0295 -0.0095 0.9683
1770392037.7793 0.0239 -0.0059 0.9688
1770392037.7916 0.0303 -0.0022 0.9758
1770392037.8033 0.0276 -0.0044 0.9734
1770392037.8155 0.0269 -0.0059 0.9678
1770392037.8280 0.0237 -0.0007 0.9746
1770392037.8396 0.0283 -0.0071 0.9763
1770392037.8519 0.0283 -0.0054 0.9749
1770392037.8631 0.0281 -0.0029 0.9727
1770392037.8753 0.0264 -0.0029 0.9722
1770392037.8874 0.0259 -0.0046 0.9705
1770392037.8997 0.0259 -0.0049 0.9714
1770392037.9120 0.0298 -0.0073 0.9680
1770392037.9233 0.0271 -0.0054 0.9668
1770392037.9354 0.0261 -0.0037 0.9697
1770392037.9478 0.0239 -0.0076 0.9697
1770392037.9591 0.0291 -0.0027 0.9685
1770392037.9713 0.0271 -0.0041 0.9746
1770392037.9833 0.0261 -0.0041 0.9712
1770392037.9955 0.0283 -0.0088 0.9749
1770392038.0078 0.0276 -0.0041 0.9729
1770392038.0201 0.0269 -0.0063 0.9700
1770392038.0316 0.0283 -0.0061 0.9707
1770392038.0439 0.0286 -0.0054 0.9663
1770392038.0552 0.0266 -0.0041 0.9771
1770392038.0673 0.0283 -0.0024 0.9675
1770392038.0797 0.0288 -0.0012 0.9700
1770392038.0920 0.0220 -0.0046 0.9705
1770392038.1033 0.0288 -0.0034 0.9692
1770392038.1155 0.0303 -0.0046 0.9727
1770392038.1277 0.0283 -0.0037 0.9758
1770392038.1401 0.0288 -0.0039 0.9712
1770392038.1512 0.0273 -0.0081 0.9680
1770392038.1638 0.0234 -0.0020 0.9744
1770392038.1751 0.0303 -0.0063 0.9661
1770392038.1880 0.0278 -0.0039 0.9707
1770392038.1992 0.0315 -0.0068 0.9739
1770392038.2114 0.0269 -0.0037 0.9683
1770392038.2238 0.0349 -0.0012 0.9729
1770392038.2360 0.0308 -0.0061 0.9697
1770392038.2481 0.0249 -0.0049 0.9717
1770392038.2593 0.0266 -0.0051 0.9746
1770392038.2715 0.0254 -0.0059 0.9690
1770392038.2839 0.0261 -0.0063 0.9712
1770392038.2952 0.0286 -0.0024 0.9741
1770392038.3075 0.0261 -0.0085 0.9697
1770392038.3197 0.0269 -0.0012 0.9712
1770392038.3320 0.0249 -0.0063 0.9719
1770392038.3432 0.0298 -0.0063 0.9692
1770392038.3555 0.0286 -0.0059 0.9731
1770392038.3676 0.0300 -0.0034 0.9719
1770392038.3796 0.0303 -0.0051 0.9741
1770392038.3918 0.0254 -0.0081 0.9761
1770392038.4033 0.0254 -0.0103 0.9744
1770392038.4155 0.0293 -0.0066 0.9734
1770392038.4277 0.0276 -0.0029 0.9761
1770392038.4400 0.0293 -0.0039 0.9751
1770392038.4513 0.0288 -0.0015 0.9729
1770392038.4636 0.0303 -0.0068 0.9712
1770392038.4759 0.0276 -0.0049 0.9729
1770392038.4872 0.0303 -0.0061 0.9709
1770392038.4998 0.0281 -0.0051 0.9734
1770392038.5120 0.0300 -0.0010 0.9756
1770392038.5235 0.0271 -0.0049 0.9792
1770392038.5356 0.0283 -0.0066 0.9712
1770392038.5478 0.0286 -0.0049 0.9712
1770392038.5601 0.0256 -0.0046 0.9702
1770392038.5713 0.0295 -0.0061 0.9705
1770392038.5841 0.0283 -0.0017 0.9773
1770392038.5956 0.0293 -0.0024 0.9736
1770392038.6078 0.0286 -0.0051 0.9739
1770392038.6202 0.0300 -0.0078 0.9670
1770392038.6317 0.0239 -0.0044 0.9702
1770392038.6442 0.0295 -0.0041 0.9714
1770392038.6557 0.0288 -0.0076 0.9722
1770392038.6679 0.0300 -0.0056 0.9719
1770392038.6803 0.0259 -0.0105 0.9744
1770392038.6915 0.0264 -0.0046 0.9685
1770392038.7038 0.0286 -0.0041 0.9717
1770392038.7163 0.0283 -0.0007 0.9709
1770392038.7274 0.0283 -0.0051 0.9719
1770392038.7396 0.0269 -0.0027 0.9731
1770392038.7518 0.0300 -0.0029 0.9792
1770392038.7640 0.0276 -0.0032 0.9727
1770392038.7761 0.0327 -0.0032 0.9678
1770392038.7878 0.0266 -0.0085 0.9766
1770392038.8002 0.0251 -0.0041 0.9727
1770392038.8123 0.0291 -0.0034 0.9690
1770392038.8245 0.0264 -0.0061 0.9700
1770392038.8358 0.0273 -0.0076 0.9685
1770392038.8481 0.0286 -0.0020 0.9697
1770392038.8595 0.0261 -0.0051 0.9678
1770392038.8717 0.0239 -0.0063 0.9678
1770392038.8842 0.0303 -0.0015 0.9717
1770392038.8968 0.0305 -0.0056 0.9766
1770392038.9080 0.0278 -0.0012 0.9771
1770392038.9201 0.0293 -0.0068 0.9719
1770392038.9324 0.0295 -0.0029 0.9695
1770392038.9445 0.0273 -0.0081 0.9731
1770392038.9570 0.0273 -0.0085 0.9700
1770392038.9681 0.0293 -0.0037 0.9656
1770392038.9807 0.0300 -0.0041 0.9722
1770392038.9922 0.0305 -0.0051 0.9722
1770392039.0051 0.0264 -0.0037 0.9712
1770392039.0163 0.0266 -0.0059 0.9717
1770392039.0286 0.0281 -0.0046 0.9739
1770392039.0408 0.0288 -0.0066 0.9734
1770392039.0530 0.0264 -0.0012 0.9729
1770392039.0641 0.0327 -0.0005 0.9763
1770392039.0764 0.0278 -0.0032 0.9724
1770392039.0885 0.0269 -0.0041 0.9722
1770392039.1009 0.0278 -0.0056 0.9707
1770392039.1130 0.0234 -0.0056 0.9712
1770392039.1241 0.0305 -0.0044 0.9717
1770392039.1364 0.0298 -0.0068 0.9741
1770392039.1486 0.0269 -0.0059 0.9717
1770392039.1607 0.0283 -0.0068 0.9741
1770392039.1734 0.0256 -0.0051 0.9731
1770392039.1849 0.0286 -0.0061 0.9719
1770392039.1963 0.0269 -0.0063 0.9712
1770392039.2084 0.0320 -0.0022 0.9707
1770392039.2209 0.0264 -0.0044 0.9768
1770392039.2323 0.0308 -0.0078 0.9749
1770392039.2446 0.0254 -0.0037 0.9714
1770392039.2568 0.0276 -0.0063 0.9761
1770392039.2690 0.0266 -0.0010 0.9736
1770392039.2809 0.0295 -0.0066 0.9702
1770392039.2921 0.0286 -0.0068 0.9766
1770392039.3042 0.0254 -0.0024 0.9719
1770392039.3171 0.0286 -0.0012 0.9751
1770392039.3283 0.0288 -0.0032 0.9771
1770392039.3411 0.0276 -0.0059 0.9746
1770392039.3527 0.0261 -0.0100 0.9761
1770392039.3641 0.0264 -0.0046 0.9690
1770392039.3763 0.0242 -0.0027 0.9739
1770392039.3891 0.0259 -0.0022 0.9761
1770392039.4003 0.0293 -0.0049 0.9724
1770392039.4124 0.0266 -0.0022 0.9739
1770392039.4244 0.0266 -0.0066 0.9705
1770392039.4364 0.0269 -0.0044 0.9727
1770392039.4486 0.0269 -0.0056 0.9739
1770392039.4607 0.0278 -0.0063 0.9775
1770392039.4728 0.0298 -0.0063 0.9749
1770392039.4850 0.0312 -0.0061 0.9734
1770392039.4971 0.0271 -0.0034 0.9746
1770392039.5083 0.0312 -0.0061 0.9690
1770392039.5203 0.0293 -0.0068 0.9675
1770392039.5323 0.0273 -0.0005 0.9731
1770392039.5442 0.0271 -0.0063 0.9700
1770392039.5564 0.0261 -0.0063 0.9697
1770392039.5684 0.0298 -0.0039 0.9731
1770392039.5803 0.0283 -0.0056 0.9705
1770392039.5924 0.0310 -0.0024 0.9688
1770392039.6045 0.0266 -0.0041 0.9692
1770392039.6166 0.0278 -0.0054 0.9712
1770392039.6287 0.0288 -0.0078 0.9695
1770392039.6408 0.0276 0.0000 0.9729
1770392039.6525 0.0276 -0.0049 0.9768
1770392039.6644 0.0271 -0.0085 0.9739
1770392039.6767 0.0281 -0.0024 0.9736
1770392039.6886 0.0300 -0.0056 0.9727
1770392039.7008 0.0310 -0.0034 0.9717
1770392039.7121 0.0256 -0.0037 0.9719
1770392039.7242 0.0249 -0.0059 0.9690
1770392039.7365 0.0281 -0.0049 0.9678
1770392039.7486 0.0300 -0.0024 0.9758
1770392039.7607 0.0288 -0.0061 0.9690
1770392039.7729 0.0254 -0.0090 0.9717
1770392039.7841 0.0286 -0.0037 0.9724
1770392039.7963 0.0261 -0.0078 0.9705
1770392039.8083 0.0269 -0.0015 0.9702
1770392039.8203 0.0271 -0.0039 0.9702
1770392039.8323 0.0288 -0.0083 0.9719
1770392039.8443 0.0291 -0.0029 0.9709
1770392039.8564 0.0259 -0.0051 0.9680
1770392039.8684 0.0244 -0.0054 0.9736
1770392039.8804 0.0276 -0.0054 0.9719
1770392039.8924 0.0266 -0.0063 0.9700
1770392039.9045 0.0288 -0.0032 0.9717
1770392039.9161 0.0295 -0.0020 0.9700
1770392039.9281 0.0273 -0.0037 0.9722
1770392039.9403 0.0298 -0.0046 0.9744
1770392039.9526 0.0244 -0.0061 0.9705
1770392039.9647 0.0249 -0.0032 0.9688
1770392039.9771 0.0308 -0.0081 0.9709
1770392039.9887 0.0273 -0.0059 0.9727
1770392040.0007 0.0286 -0.0061 0.9724
1770392040.0127 0.0308 -0.0076 0.9697
1770392040.0247 0.0308 -0.0049 0.9731
1770392040.0369 0.0315 -0.0066 0.9758
1770392040.0489 0.0271 -0.0010 0.9763
1770392040.0608 0.0276 -0.0049 0.9727
1770392040.0730 0.0273 -0.0076 0.9709
1770392040.0843 0.0266 -0.0027 0.9736
1770392040.0962 0.0308 -0.0054 0.9736
1770392040.1082 0.0308 -0.0032 0.9700
1770392040.1204 0.0317 0.0000 0.9709
1770392040.1325 0.0278 -0.0032 0.9702
1770392040.1445 0.0288 -0.0039 0.9731
1770392040.1566 0.0293 -0.0027 0.9729
1770392040.1685 0.0283 -0.0063 0.9695
1770392040.1808 0.0271 -0.0029 0.9714
1770392040.1929 0.0273 -0.0083 0.9736
1770392040.2052 0.0283 -0.0034 0.9727
1770392040.2164 0.0273 -0.0059 0.9744
1770392040.2285 0.0278 -0.0051 0.9724
1770392040.2406 0.0271 -0.0044 0.9707
1770392040.2527 0.0273 -0.0073 0.9797
1770392040.2645 0.0288 -0.0044 0.9780
1770392040.2767 0.0283 -0.0012 0.9719
1770392040.2887 0.0281 -0.0022 0.9731
1770392040.3007 0.0273 -0.0017 0.9717
1770392040.3127 0.0254 -0.0081 0.9751
1770392040.3247 0.0312 -0.0056 0.9727
1770392040.3368 0.0281 -0.0007 0.9702
1770392040.3489 0.0271 -0.0044 0.9756
1770392040.3608 0.0269 -0.0054 0.9724
1770392040.3729 0.0247 -0.0063 0.9731
1770392040.3851 0.0300 -0.0039 0.9692
1770392040.3972 0.0291 -0.0044 0.9756
1770392040.4092 0.0242 -0.0046 0.9653
1770392040.4212 0.0312 -0.0012 0.9707
1770392040.4332 0.0308 -0.0078 0.9741
1770392040.4442 0.0288 -0.0078 0.9749
1770392040.4566 0.0269 -0.0022 0.9675
1770392040.4686 0.0310 -0.0068 0.9702
1770392040.4806 0.0269 -0.0034 0.9709
1770392040.4926 0.0273 -0.0029 0.9722
1770392040.5046 0.0269 -0.0032 0.9734
1770392040.5167 0.0261 -0.0024 0.9734
1770392040.5286 0.0276 -0.0049 0.9675
1770392040.5407 0.0291 -0.0054 0.9675
1770392040.5528 0.0259 -0.0056 0.9709
1770392040.5647 0.0256 -0.0046 0.9714
1770392040.5779 0.0293 -0.0061 0.9761
1770392040.5889 0.0317 -0.0024 0.9705
1770392040.6010 0.0264 -0.0066 0.9714
1770392040.6131 0.0308 -0.0051 0.9702
1770392040.6251 0.0281 -0.0046 0.9695
1770392040.6373 0.0271 -0.0017 0.9717
1770392040.6492 0.0305 -0.0046 0.9775
1770392040.6612 0.0283 -0.0061 0.9741
1770392040.6731 0.0271 -0.0059 0.9724
1770392040.6852 0.0234 -0.0061 0.9729
1770392040.6972 0.0298 -0.0041 0.9697
1770392040.7085 0.0278 -0.0059 0.9707
1770392040.7206 0.0273 -0.0051 0.9753
1770392040.7331 0.0291 -0.0032 0.9709
1770392040.7450 0.0269 -0.0039 0.9734
1770392040.7571 0.0286 -0.0022 0.9717
1770392040.7690 0.0286 -0.0034 0.9731
1770392040.7806 0.0271 -0.0056 0.9751
1770392040.7927 0.0266 -0.0032 0.9714
1770392040.8050 0.0303 -0.0046 0.9753
1770392040.8169 0.0312 -0.0068 0.9724
1770392040.8290 0.0269 -0.0051 0.9705
1770392040.8410 0.0320 -0.0051 0.9739
1770392040.8531 0.0242 -0.0078 0.9700
1770392040.8650 0.0286 -0.0034 0.9714
1770392040.8770 0.0310 -0.0061 0.9727
1770392040.8890 0.0269 -0.0059 0.9739
1770392040.9010 0.0283 -0.0054 0.9724
1770392040.9130 0.0251 -0.0032 0.9758
1770392040.9250 0.0286 -0.0056 0.9741
1770392040.9370 0.0269 -0.0022 0.9758
1770392040.9491 0.0276 -0.0029 0.9727
1770392040.9611 0.0242 -0.0083 0.9717
1770392040.9732 0.0305 -0.0049 0.9714
1770392040.9847 0.0300 -0.0037 0.9719
1770392040.9968 0.0254 -0.0061 0.9722
1770392041.0088 0.0281 -0.0029 0.9700
1770392041.0208 0.0288 -0.0095 0.9753
1770392041.0329 0.0278 -0.0039 0.9729
1770392041.0449 0.0259 -0.0044 0.9697
1770392041.0568 0.0259 -0.0049 0.9690
1770392041.0689 0.0288 -0.0051 0.9705
1770392041.0811 0.0288 -0.0022 0.9727
1770392041.0932 0.0256 -0.0054 0.9702
1770392041.1052 0.0300 -0.0056 0.9756
1770392041.1174 0.0276 -0.0054 0.9717
1770392041.1285 0.0251 -0.0076 0.9714
1770392041.1406 0.0283 -0.0017 0.9714
1770392041.1526 0.0308 -0.0017 0.9707
1770392041.1647 0.0291 -0.0024 0.9731
1770392041.1771 0.0278 -0.0029 0.9727
1770392041.1894 0.0266 -0.0015 0.9648
1770392041.2014 0.0327 -0.0071 0.9741
1770392041.2133 0.0278 -0.0056 0.9709
1770392041.2253 0.0249 -0.0039 0.9714
1770392041.2373 0.0256 -0.0056 0.9675
1770392041.2493 0.0322 -0.0039 0.9717
1770392041.2613 0.0283 -0.0078 0.9727
1770392041.2724 0.0210 -0.0071 0.9680
1770392041.2845 0.0266 -0.0039 0.9724
1770392041.2965 0.0286 -0.0049 0.9734
1770392041.3092 0.0256 -0.0022 0.9666
1770392041.3212 0.0305 -0.0049 0.9739
1770392041.3325 0.0271 -0.0054 0.9712
1770392041.3448 0.0237 -0.0046 0.9751
1770392041.3570 0.0315 -0.0051 0.9763
1770392041.3690 0.0295 -0.0073 0.9697
1770392041.3811 0.0291 -0.0032 0.9751
1770392041.3933 0.0286 -0.0051 0.9797
1770392041.4045 0.0283 -0.0063 0.9692
1770392041.4166 0.0303 -0.0027 0.9692
1770392041.4288 0.0295 -0.0078 0.9749
1770392041.4411 0.0261 -0.0020 0.9773
1770392041.4533 0.0266 -0.0066 0.9731
1770392041.4653 0.0249 -0.0044 0.9709
1770392041.4774 0.0278 -0.0029 0.9700
1770392041.4885 0.0291 -0.0002 0.9678
1770392041.5005 0.0293 -0.0041 0.9729
1770392041.5135 0.0312 -0.0063 0.9729
1770392041.5255 0.0261 -0.0037 0.9736
1770392041.5364 0.0283 -0.0061 0.9736
1770392041.5484 0.0269 -0.0041 0.9741
1770392041.5613 0.0310 -0.0024 0.9707
1770392041.5733 0.0273 -0.0051 0.9751
1770392041.5846 0.0286 -0.0015 0.9722
1770392041.5966 0.0310 -0.0054 0.9736
1770392041.6086 0.0269 -0.0015 0.9792
1770392041.6206 0.0264 -0.0088 0.9695
1770392041.6326 0.0288 -0.0022 0.9751
1770392041.6446 0.0281 -0.0049 0.9749
1770392041.6567 0.0315 -0.0044 0.9685
1770392041.6687 0.0291 -0.0032 0.9739
1770392041.6807 0.0264 -0.0020 0.9688
1770392041.6928 0.0278 -0.0005 0.9739
1770392041.7049 0.0305 -0.0029 0.9751
1770392041.7168 0.0305 -0.0081 0.9727
1770392041.7290 0.0283 -0.0068 0.9795
1770392041.7411 0.0281 0.0007 0.9722
1770392041.7530 0.0254 -0.0037 0.9727
1770392041.7651 0.0281 -0.0029 0.9673
1770392041.7776 0.0254 -0.0037 0.9717
1770392041.7887 0.0278 -0.0049 0.9719
1770392041.8007 0.0305 -0.0037 0.9717
1770392041.8126 0.0251 -0.0051 0.9724
1770392041.8246 0.0259 -0.0044 0.9768
1770392041.8366 0.0295 -0.0010 0.9746
1770392041.8486 0.0295 -0.0041 0.9744
1770392041.8606 0.0291 -0.0044 0.9749
1770392041.8726 0.0269 -0.0059 0.9746
1770392041.8846 0.0273 -0.0044 0.9749
1770392041.8968 0.0288 -0.0022 0.9707
1770392041.9092 0.0298 -0.0061 0.9775
1770392041.9213 0.0286 -0.0059 0.9688
1770392041.9334 0.0291 -0.0063 0.9758
1770392041.9454 0.0300 -0.0037 0.9741
1770392041.9575 0.0281 -0.0081 0.9785
1770392041.9694 0.0281 -0.0054 0.9714
1770392041.9806 0.0261 -0.0041 0.9714
1770392041.9927 0.0293 -0.0049 0.9783
1770392042.0048 0.0261 -0.0044 0.9727
1770392042.0168 0.0276 -0.0083 0.9734
1770392042.0288 0.0317 -0.0037 0.9722
1770392042.0409 0.0276 -0.0039 0.9780
1770392042.0530 0.0283 -0.0032 0.9685
1770392042.0650 0.0298 -0.0056 0.9744
1770392042.0771 0.0281 -0.0054 0.9775
1770392042.0892 0.0247 -0.0054 0.9741
1770392042.1012 0.0271 -0.0085 0.9746
1770392042.1131 0.0291 -0.0046 0.9712
1770392042.1251 0.0303 -0.0027 0.9712
1770392042.1373 0.0295 -0.0020 0.9717
1770392042.1494 0.0278 -0.0037 0.9749
1770392042.1613 0.0278 -0.0054 0.9658
1770392042.1733 0.0298 -0.0049 0.9756
1770392042.1849 0.0278 -0.0046 0.9736
1770392042.1969 0.0283 0.0024 0.9722
1770392042.2090 0.0254 -0.0063 0.9683
1770392042.2209 0.0266 -0.0059 0.9729
1770392042.2329 0.0281 -0.0044 0.9712
1770392042.2451 0.0298 -0.0059 0.9695
1770392042.2571 0.0278 -0.0037 0.9705
1770392042.2691 0.0271 -0.0005 0.9729
1770392042.2811 0.0251 -0.0022 0.9734
1770392042.2931 0.0308 -0.0032 0.9741
1770392042.3051 0.0251 -0.0024 0.9783
1770392042.3171 0.0293 -0.0041 0.9692
1770392042.3292 0.0286 -0.0054 0.9749
1770392042.3412 0.0269 -0.0049 0.9719
1770392042.3532 0.0256 -0.0027 0.9702
1770392042.3653 0.0269 -0.0022 0.9712
1770392042.3773 0.0315 -0.0059 0.9668
1770392042.3894 0.0249 -0.0081 0.9739
1770392042.4013 0.0286 -0.0020 0.9739
1770392042.4133 0.0288 -0.0056 0.9692
1770392042.4254 0.0271 -0.0098 0.9771
1770392042.4375 0.0247 -0.0054 0.9744
1770392042.4495 0.0317 -0.0063 0.9734
1770392042.4616 0.0269 -0.0032 0.9678
1770392042.4735 0.0303 -0.0039 0.9714
1770392042.4857 0.0288 -0.0078 0.9778
1770392042.4977 0.0330 -0.0068 0.9712
1770392042.5097 0.0244 -0.0046 0.9756
1770392042.5216 0.0273 -0.0083 0.9685
1770392042.5337 0.0271 -0.0022 0.9673
1770392042.5457 0.0286 -0.0098 0.9731
1770392042.5567 0.0283 -0.0039 0.9697
1770392042.5696 0.0259 -0.0051 0.9707
1770392042.5807 0.0288 -0.0051 0.9724
1770392042.5927 0.0317 -0.0063 0.9690
1770392042.6047 0.0300 -0.0024 0.9717
1770392042.6177 0.0305 -0.0103 0.9736
1770392042.6287 0.0273 -0.0063 0.9756
1770392042.6417 0.0237 -0.0029 0.9646
1770392042.6527 0.0312 -0.0015 0.9727
1770392042.6647 0.0276 -0.0022 0.9741
1770392042.6768 0.0298 -0.0017 0.9695
1770392042.6887 0.0269 -0.0073 0.9722
1770392042.7008 0.0325 -0.0049 0.9695
1770392042.7127 0.0295 -0.0012 0.9758
1770392042.7249 0.0261 -0.0034 0.9712
1770392042.7371 0.0293 -0.0034 0.9739
1770392042.7491 0.0281 -0.0034 0.9780
1770392042.7613 0.0293 -0.0073 0.9702
1770392042.7734 0.0288 -0.0061 0.9688
1770392042.7854 0.0293 -0.0078 0.9697
1770392042.7975 0.0249 0.0002 0.9692
1770392042.8095 0.0247 -0.0076 0.9690
1770392042.8216 0.0308 -0.0059 0.9702
1770392042.8327 0.0254 -0.0022 0.9666
1770392042.8450 0.0281 -0.0029 0.9751
1770392042.8571 0.0310 -0.0037 0.9707
1770392042.8691 0.0276 -0.0049 0.9722
1770392042.8812 0.0278 -0.0085 0.9714
1770392042.8932 0.0300 -0.0032 0.9692
1770392042.9052 0.0315 -0.0049 0.9739
1770392042.9172 0.0295 -0.0051 0.9788
1770392042.9293 0.0288 -0.0037 0.9751
1770392042.9414 0.0334 -0.0024 0.9709
1770392042.9535 0.0254 -0.0056 0.9736
1770392042.9654 0.0293 -0.0029 0.9673
1770392042.9768 0.0312 -0.0012 0.9683
1770392042.9892 0.0271 -0.0037 0.9734
1770392043.0012 0.0276 -0.0032 0.9761
1770392043.0132 0.0303 -0.0098 0.9749
1770392043.0252 0.0310 -0.0093 0.9722
1770392043.0374 0.0266 -0.0027 0.9775
1770392043.0493 0.0273 -0.0027 0.9712
1770392043.0614 0.0273 -0.0005 0.9722
1770392043.0735 0.0305 -0.0068 0.9712
1770392043.0857 0.0305 -0.0027 0.9717
1770392043.0978 0.0288 -0.0027 0.9749
1770392043.1099 0.0244 -0.0051 0.9739
1770392043.1218 0.0293 -0.0083 0.9775
1770392043.1328 0.0264 -0.0051 0.9744
1770392043.1459 0.0249 -0.0073 0.9639
1770392043.1570 0.0261 -0.0056 0.9727
1770392043.1689 0.0293 -0.0041 0.9763
1770392043.1814 0.0266 -0.0068 0.9727
1770392043.1934 0.0273 -0.0034 0.9707
1770392043.2068 0.0298 -0.0056 0.9666
1770392043.2169 0.0273 -0.0061 0.9683
1770392043.2289 0.0237 -0.0059 0.9744
1770392043.2411 0.0256 -0.0037 0.9741
1770392043.2531 0.0295 -0.0061 0.9680
1770392043.2650 0.0271 -0.0073 0.9717
1770392043.2774 0.0249 -0.0068 0.9663
1770392043.2893 0.0271 -0.0068 0.9731
1770392043.3015 0.0259 -0.0024 0.9729
1770392043.3134 0.0278 -0.0029 0.9688
1770392043.3255 0.0242 -0.0068 0.9714
1770392043.3377 0.0303 -0.0044 0.9729
1770392043.3497 0.0283 -0.0078 0.9761
1770392043.3617 0.0317 -0.0059 0.9697
1770392043.3737 0.0288 -0.0039 0.9717
1770392043.3849 0.0254 -0.0066 0.9731
1770392043.3969 0.0278 -0.0044 0.9702
1770392043.4088 0.0281 -0.0051 0.9705
1770392043.4210 0.0305 -0.0034 0.9727
1770392043.4332 0.0278 -0.0071 0.9739
1770392043.4451 0.0305 -0.0059 0.9731
1770392043.4574 0.0288 -0.0017 0.9705
1770392043.4698 0.0283 -0.0076 0.9741
1770392043.4815 0.0256 -0.0107 0.9697
1770392043.4929 0.0266 -0.0061 0.9758
1770392043.5054 0.0286 -0.0034 0.9722
1770392043.5176 0.0295 -0.0103 0.9724
1770392043.5298 0.0298 -0.0051 0.9751
1770392043.5408 0.0261 -0.0029 0.9658
1770392043.5530 0.0312 -0.0049 0.9709
1770392043.5649 0.0305 -0.0034 0.9717
1770392043.5770 0.0261 -0.0037 0.9719
1770392043.5893 0.0293 -0.0007 0.9724
1770392043.6014 0.0298 -0.0061 0.9690
1770392043.6133 0.0281 -0.0056 0.9727
1770392043.6254 0.0239 -0.0037 0.9731
1770392043.6375 0.0273 -0.0054 0.9697
1770392043.6495 0.0254 -0.0049 0.9690
1770392043.6615 0.0293 -0.0027 0.9661
1770392043.6735 0.0281 -0.0029 0.9685
1770392043.6859 0.0295 -0.0078 0.9722
1770392043.6979 0.0320 -0.0049 0.9758
1770392043.7090 0.0305 -0.0039 0.9675
1770392043.7220 0.0251 -0.0037 0.9717
1770392043.7332 0.0317 -0.0015 0.9766
1770392043.7452 0.0303 -0.0034 0.9736
1770392043.7574 0.0278 -0.0017 0.9685
1770392043.7695 0.0288 -0.0041 0.9734
1770392043.7811 0.0310 -0.0054 0.9729
1770392043.7931 0.0264 -0.0041 0.9736
1770392043.8052 0.0264 -0.0078 0.9736
1770392043.8174 0.0261 -0.0034 0.9688
1770392043.8295 0.0276 -0.0063 0.9705
1770392043.8414 0.0256 -0.0044 0.9705
1770392043.8535 0.0332 -0.0066 0.9758
1770392043.8654 0.0281 -0.0071 0.9744
1770392043.8776 0.0308 -0.0034 0.9697
1770392043.8894 0.0276 -0.0039 0.9744
1770392043.9014 0.0283 -0.0068 0.9758
1770392043.9134 0.0295 -0.0017 0.9778
1770392043.9254 0.0283 -0.0056 0.9734
1770392043.9375 0.0259 -0.0046 0.9729
1770392043.9496 0.0256 -0.0022 0.9758
1770392043.9615 0.0273 -0.0024 0.9719
1770392043.9736 0.0283 0.0005 0.9692
1770392043.9858 0.0247 -0.0054 0.9736
1770392043.9979 0.0249 -0.0041 0.9731
1770392044.0090 0.0269 -0.0051 0.9680
1770392044.0220 0.0269 -0.0049 0.9668
1770392044.0330 0.0242 -0.0024 0.9783
1770392044.0451 0.0286 -0.0071 0.9724
1770392044.0571 0.0276 -0.0049 0.9763
1770392044.0691 0.0288 -0.0049 0.9675
1770392044.0812 0.0342 -0.0066 0.9761
1770392044.0932 0.0300 -0.0054 0.9717
1770392044.1053 0.0298 -0.0076 0.9712
1770392044.1174 0.0286 -0.0073 0.9792
1770392044.1295 0.0305 -0.0056 0.9719
1770392044.1415 0.0244 -0.0032 0.9763
1770392044.1535 0.0264 -0.0061 0.9700
1770392044.1655 0.0273 -0.0022 0.9717
1770392044.1777 0.0278 -0.0017 0.9709
1770392044.1895 0.0276 -0.0063 0.9761
1770392044.2016 0.0312 -0.0024 0.9651
1770392044.2137 0.0298 -0.0049 0.9707
1770392044.2257 0.0276 -0.0037 0.9712
1770392044.2378 0.0256 -0.0017 0.9775
1770392044.2498 0.0244 -0.0049 0.9724
1770392044.2618 0.0293 -0.0066 0.9719
1770392044.2738 0.0283 -0.0051 0.9717
1770392044.2858 0.0286 -0.0098 0.9758
1770392044.2978 0.0291 -0.0034 0.9707
1770392044.3099 0.0271 0.0000 0.9724
1770392044.3218 0.0283 -0.0007 0.9731
1770392044.3339 0.0259 -0.0037 0.9707
1770392044.3459 0.0266 -0.0073 0.9736
1770392044.3580 0.0305 -0.0037 0.9697
1770392044.3699 0.0317 -0.0029 0.9736
1770392044.3814 0.0293 -0.0027 0.9680
1770392044.3936 0.0249 -0.0061 0.9678
1770392044.4056 0.0286 -0.0063 0.9680
1770392044.4177 0.0261 -0.0041 0.9700
1770392044.4300 0.0295 -0.0085 0.9749
1770392044.4411 0.0283 -0.0046 0.9731
1770392044.4536 0.0305 -0.0037 0.9688
1770392044.4651 0.0278 -0.0041 0.9775
1770392044.4775 0.0269 -0.0046 0.9714
1770392044.4898 0.0256 -0.0051 0.9729
1770392044.5011 0.0259 -0.0061 0.9692
1770392044.5133 0.0322 -0.0063 0.9778
1770392044.5256 0.0293 -0.0049 0.9692
1770392044.5379 0.0291 -0.0022 0.9758
1770392044.5502 0.0295 -0.0051 0.9709
1770392044.5612 0.0254 -0.0044 0.9758
1770392044.5737 0.0317 -0.0059 0.9705
1770392044.5859 0.0278 -0.0071 0.9731
1770392044.5974 0.0261 -0.0037 0.9680
1770392044.6096 0.0278 -0.0029 0.9705
1770392044.6218 0.0298 -0.0054 0.9731
1770392044.6342 0.0264 -0.0039 0.9731
1770392044.6453 0.0281 -0.0066 0.9685
1770392044.6578 0.0288 -0.0066 0.9739
1770392044.6700 0.0327 -0.0020 0.9734
1770392044.6813 0.0303 -0.0032 0.9692
1770392044.6936 0.0288 -0.0034 0.9729
1770392044.7058 0.0291 -0.0049 0.9702
1770392044.7180 0.0259 -0.0041 0.9700
1770392044.7294 0.0315 -0.0044 0.9714
1770392044.7417 0.0278 -0.0022 0.9744
1770392044.7540 0.0278 -0.0063 0.9758
1770392044.7652 0.0288 -0.0049 0.9690
1770392044.7776 0.0303 -0.0054 0.9756
1770392044.7900 0.0256 -0.0034 0.9697
1770392044.8021 0.0308 -0.0054 0.9702
1770392044.8133 0.0325 -0.0032 0.9771
1770392044.8255 0.0264 -0.0071 0.9690
1770392044.8379 0.0269 -0.0054 0.9653
1770392044.8505 0.0300 -0.0056 0.9702
1770392044.8620 0.0273 -0.0061 0.9695
1770392044.8733 0.0283 -0.0076 0.9761
1770392044.8855 0.0278 -0.0046 0.9749
1770392044.8978 0.0269 -0.0046 0.9749
1770392044.9102 0.0288 -0.0071 0.9766
1770392044.9221 0.0317 -0.0044 0.9739
1770392044.9334 0.0251 -0.0051 0.9758
1770392044.9455 0.0247 -0.0051 0.9736
1770392044.9579 0.0291 -0.0044 0.9719
1770392044.9702 0.0281 -0.0034 0.9717
1770392044.9818 0.0291 -0.0083 0.9685
1770392044.9932 0.0322 -0.0066 0.9758
1770392045.0054 0.0256 -0.0034 0.9675
1770392045.0175 0.0291 -0.0061 0.9717
1770392045.0300 0.0283 -0.0024 0.9719
1770392045.0412 0.0276 -0.0073 0.9729
1770392045.0535 0.0276 -0.0051 0.9702
1770392045.0656 0.0278 -0.0056 0.9712
1770392045.0778 0.0266 -0.0059 0.9744
1770392045.0900 0.0303 -0.0044 0.9727
1770392045.1022 0.0281 -0.0020 0.9688
1770392045.1143 0.0271 -0.0063 0.9751
1770392045.1255 0.0276 -0.0056 0.9690
1770392045.1377 0.0271 -0.0054 0.9751
1770392045.1500 0.0256 -0.0034 0.9702
1770392045.1622 0.0283 -0.0032 0.9678
1770392045.1737 0.0286 -0.0032 0.9744
1770392045.1860 0.0291 -0.0022 0.9702
1770392045.1983 0.0273 -0.0029 0.9709
1770392045.2104 0.0251 -0.0007 0.9736
1770392045.2216 0.0271 -0.0071 0.9758
1770392045.2340 0.0242 -0.0010 0.9741
1770392045.2462 0.0251 -0.0044 0.9722
1770392045.2584 0.0293 -0.0017 0.9775
1770392045.2697 0.0291 -0.0044 0.9741
1770392045.2819 0.0264 -0.0056 0.9719
1770392045.2941 0.0278 -0.0066 0.9749
1770392045.3063 0.0232 -0.0054 0.9705
1770392045.3174 0.0291 -0.0054 0.9746
1770392045.3298 0.0281 -0.0046 0.9702
1770392045.3420 0.0259 -0.0034 0.9702
1770392045.3543 0.0305 -0.0029 0.9749
1770392045.3655 0.0308 -0.0027 0.9722
1770392045.3780 0.0283 -0.0044 0.9712
1770392045.3899 0.0249 -0.0071 0.9717
1770392045.4015 0.0271 0.0007 0.9690
1770392045.4138 0.0278 -0.0063 0.9697
1770392045.4261 0.0281 -0.0010 0.9763
1770392045.4374 0.0305 -0.0044 0.9722
1770392045.4499 0.0276 -0.0046 0.9724
1770392045.4621 0.0237 -0.0041 0.9690
1770392045.4743 0.0261 -0.0051 0.9685
1770392045.4855 0.0303 -0.0071 0.9763
1770392045.4978 0.0291 -0.0041 0.9722
1770392045.5104 0.0259 -0.0095 0.9734
1770392045.5217 0.0283 -0.0037 0.9709
1770392045.5342 0.0291 -0.0066 0.9724
1770392045.5455 0.0312 -0.0029 0.9688
1770392045.5581 0.0271 -0.0029 0.9727
1770392045.5699 0.0242 -0.0081 0.9709
1770392045.5825 0.0269 -0.0020 0.9702
1770392045.5940 0.0273 -0.0063 0.9695
1770392045.6055 0.0278 -0.0056 0.9714
1770392045.6178 0.0278 -0.0059 0.9734
1770392045.6297 0.0251 -0.0083 0.9697
1770392045.6421 0.0312 -0.0049 0.9729
1770392045.6539 0.0264 -0.0039 0.9727
1770392045.6655 0.0286 -0.0044 0.9714
1770392045.6781 0.0234 -0.0061 0.9673
1770392045.6904 0.0281 -0.0063 0.9712
1770392045.7017 0.0269 -0.0027 0.9761
1770392045.7145 0.0295 0.0000 0.9773
1770392045.7262 0.0239 -0.0056 0.9756
1770392045.7378 0.0298 -0.0049 0.9736
1770392045.7502 0.0261 -0.0054 0.9685
1770392045.7624 0.0286 -0.0046 0.9741
1770392045.7739 0.0293 -0.0046 0.9683
1770392045.7862 0.0266 -0.0081 0.9734
1770392045.7985 0.0298 -0.0083 0.9736
1770392045.8096 0.0278 -0.0059 0.9705
1770392045.8217 0.0283 -0.0066 0.9717
1770392045.8341 0.0298 -0.0073 0.9739
1770392045.8463 0.0291 -0.0059 0.9707
1770392045.8585 0.0269 -0.0037 0.9697
1770392045.8698 0.0242 -0.0071 0.9705
1770392045.8819 0.0295 -0.0049 0.9724
1770392045.8941 0.0286 -0.0083 0.9690
1770392045.9062 0.0295 -0.0037 0.9797
1770392045.9180 0.0295 -0.0029 0.9709
1770392045.9304 0.0320 -0.0029 0.9663
1770392045.9425 0.0308 -0.0051 0.9751
1770392045.9536 0.0312 -0.0032 0.9724
1770392045.9659 0.0308 -0.0022 0.9722
1770392045.9783 0.0288 -0.0083 0.9756
1770392045.9903 0.0266 -0.0037 0.9658
1770392046.0025 0.0271 -0.0039 0.9688
1770392046.0137 0.0286 -0.0020 0.9661
1770392046.0259 0.0261 -0.0078 0.9761
1770392046.0382 0.0281 -0.0046 0.9741
1770392046.0504 0.0293 -0.0027 0.9712
1770392046.0626 0.0317 -0.0056 0.9712
1770392046.0746 0.0310 -0.0063 0.9712
1770392046.0869 0.0283 -0.0051 0.9763
1770392046.0980 0.0291 -0.0078 0.9702
1770392046.1105 0.0273 -0.0046 0.9651
1770392046.1229 0.0291 -0.0068 0.9695
1770392046.1347 0.0242 -0.0083 0.9690
1770392046.1469 0.0269 -0.0063 0.9697
1770392046.1581 0.0291 -0.0051 0.9761
1770392046.1703 0.0295 -0.0073 0.9734
1770392046.1829 0.0249 -0.0066 0.9763
1770392046.1940 0.0261 -0.0015 0.9785
1770392046.2063 0.0281 -0.0022 0.9729
1770392046.2186 0.0293 -0.0054 0.9707
1770392046.2301 0.0310 -0.0034 0.9727
1770392046.2423 0.0283 -0.0063 0.9717
1770392046.2545 0.0298 -0.0078 0.9761
1770392046.2667 0.0325 -0.0061 0.9746
1770392046.2780 0.0264 -0.0051 0.9668
1770392046.2903 0.0310 -0.0063 0.9727
1770392046.3026 0.0305 -0.0034 0.9705
1770392046.3141 0.0259 -0.0034 0.9697
1770392046.3265 0.0251 -0.0059 0.9717
1770392046.3387 0.0283 -0.0068 0.9753
1770392046.3501 0.0281 -0.0012 0.9751
1770392046.3623 0.0288 -0.0007 0.9707
1770392046.3747 0.0261 -0.0056 0.9661
1770392046.3862 0.0254 -0.0073 0.9707
1770392046.3985 0.0288 -0.0066 0.9729
1770392046.4108 0.0310 -0.0017 0.9739
1770392046.4230 0.0293 0.0005 0.9707
1770392046.4341 0.0278 -0.0046 0.9739
1770392046.4463 0.0291 -0.0085 0.9697
1770392046.4587 0.0320 -0.0056 0.9707
1770392046.4710 0.0308 -0.0056 0.9707
1770392046.4822 0.0276 -0.0068 0.9712
1770392046.4945 0.0247 -0.0078 0.9744
1770392046.5069 0.0271 -0.0049 0.9697
1770392046.5180 0.0298 -0.0034 0.9724
1770392046.5303 0.0325 -0.0041 0.9707
1770392046.5425 0.0276 -0.0054 0.9771
1770392046.5547 0.0310 -0.0012 0.9697
1770392046.5660 0.0286 -0.0083 0.9731
1770392046.5787 0.0283 -0.0022 0.9683
1770392046.5901 0.0281 -0.0032 0.9763
1770392046.6024 0.0244 -0.0071 0.9688
1770392046.6146 0.0269 -0.0039 0.9695
1770392046.6269 0.0276 -0.0054 0.9734
1770392046.6380 0.0288 -0.0051 0.9722
1770392046.6501 0.0261 -0.0083 0.9788
1770392046.6623 0.0269 -0.0044 0.9692
1770392046.6744 0.0288 -0.0068 0.9668
1770392046.6867 0.0283 -0.0049 0.9744
1770392046.6987 0.0293 -0.0098 0.9714
1770392046.7109 0.0310 -0.0056 0.9692
1770392046.7230 0.0305 -0.0088 0.9683
1770392046.7348 0.0286 -0.0012 0.9761
1770392046.7460 0.0286 -0.0083 0.9714
1770392046.7583 0.0281 -0.0039 0.9756
1770392046.7704 0.0288 -0.0061 0.9761
1770392046.7827 0.0264 -0.0051 0.9670
1770392046.7950 0.0259 -0.0061 0.9756
1770392046.8064 0.0293 -0.0041 0.9731
1770392046.8187 0.0266 0.0000 0.9705
1770392046.8300 0.0293 -0.0051 0.9714
1770392046.8423 0.0259 -0.0056 0.9724
1770392046.8546 0.0308 -0.0063 0.9722
1770392046.8668 0.0310 -0.0049 0.9707
1770392046.8780 0.0295 -0.0046 0.9719
1770392046.8903 0.0259 -0.0078 0.9690
1770392046.9029 0.0283 -0.0063 0.9734
1770392046.9150 0.0259 -0.0068 0.9766
1770392046.9262 0.0286 -0.0066 0.9727
1770392046.9384 0.0283 -0.0027 0.9778
1770392046.9507 0.0276 -0.0041 0.9700
1770392046.9629 0.0271 -0.0071 0.9727
1770392046.9743 0.0295 -0.0044 0.9700
1770392046.9871 0.0278 -0.0024 0.9709
1770392046.9982 0.0293 -0.0046 0.9709
1770392047.0104 0.0266 -0.0085 0.9695
1770392047.0227 0.0315 -0.0059 0.9702
1770392047.0349 0.0298 -0.0034 0.9685
1770392047.0471 0.0259 -0.0027 0.9707
1770392047.0583 0.0278 -0.0029 0.9744
1770392047.0705 0.0317 -0.0049 0.9719
1770392047.0828 0.0305 -0.0044 0.9714
1770392047.0949 0.0254 -0.0022 0.9751
1770392047.1072 0.0281 -0.0068 0.9753
1770392047.1184 0.0276 -0.0034 0.9749
1770392047.1307 0.0239 -0.0076 0.9734
1770392047.1431 0.0266 -0.0039 0.9731
1770392047.1542 0.0281 -0.0039 0.9700
1770392047.1665 0.0288 -0.0049 0.9666
1770392047.1792 0.0273 -0.0063 0.9697
1770392047.1904 0.0281 -0.0083 0.9741
1770392047.2026 0.0264 -0.0081 0.9719
1770392047.2147 0.0288 -0.0051 0.9712
1770392047.2269 0.0271 -0.0024 0.9775
1770392047.2385 0.0291 -0.0046 0.9741
1770392047.2508 0.0288 -0.0044 0.9746
1770392047.2631 0.0298 -0.0059 0.9722
1770392047.2743 0.0303 -0.0024 0.9763
1770392047.2868 0.0264 -0.0046 0.9751
1770392047.2990 0.0288 -0.0073 0.9678
1770392047.3106 0.0271 -0.0056 0.9727
1770392047.3230 0.0293 -0.0007 0.9727
1770392047.3344 0.0256 -0.0029 0.9678
1770392047.3467 0.0278 -0.0059 0.9729
1770392047.3590 0.0281 -0.0039 0.9661
1770392047.3711 0.0278 -0.0037 0.9714
1770392047.3827 0.0276 -0.0034 0.9692
1770392047.3948 0.0300 -0.0059 0.9717
1770392047.4072 0.0269 -0.0012 0.9722
1770392047.4184 0.0264 -0.0059 0.9739
1770392047.4309 0.0254 -0.0022 0.9702
1770392047.4432 0.0286 -0.0017 0.9749
1770392047.4544 0.0281 -0.0044 0.9709
1770392047.4668 0.0266 -0.0022 0.9705
1770392047.4791 0.0264 -0.0066 0.9749
1770392047.4903 0.0293 -0.0049 0.9775
1770392047.5026 0.0244 -0.0083 0.9717
1770392047.5147 0.0286 -0.0039 0.9729
1770392047.5270 0.0264 -0.0041 0.9751
1770392047.5382 0.0239 -0.0054 0.9746
1770392047.5504 0.0332 -0.0034 0.9714
1770392047.5626 0.0247 -0.0078 0.9697
1770392047.5750 0.0251 -0.0044 0.9700
1770392047.5863 0.0271 -0.0044 0.9724
1770392047.5989 0.0276 -0.0049 0.9727
1770392047.6113 0.0273 -0.0041 0.9709
1770392047.6228 0.0251 -0.0029 0.9736
1770392047.6353 0.0286 -0.0059 0.9744
1770392047.6466 0.0266 -0.0061 0.9753
1770392047.6593 0.0288 -0.0059 0.9731
1770392047.6709 0.0259 -0.0046 0.9741
1770392047.6823 0.0312 -0.0073 0.9731
1770392047.6944 0.0278 -0.0029 0.9722
1770392047.7065 0.0266 -0.0054 0.9749
1770392047.7187 0.0261 -0.0037 0.9707
1770392047.7310 0.0269 -0.0046 0.9739
1770392047.7432 0.0283 -0.0059 0.9709
1770392047.7553 0.0261 -0.0034 0.9707
1770392047.7663 0.0317 -0.0027 0.9763
1770392047.7787 0.0269 -0.0015 0.9707
1770392047.7910 0.0283 -0.0041 0.9700
1770392047.8033 0.0271 -0.0090 0.9736
1770392047.8145 0.0293 -0.0051 0.9741
1770392047.8269 0.0261 -0.0071 0.9705
1770392047.8383 0.0288 -0.0054 0.9729
1770392047.8505 0.0286 -0.0039 0.9712
1770392047.8633 0.0271 -0.0063 0.9709
1770392047.8749 0.0266 -0.0046 0.9727
1770392047.8863 0.0264 -0.0046 0.9729
1770392047.8991 0.0269 -0.0066 0.9807
1770392047.9111 0.0293 -0.0034 0.9741
1770392047.9223 0.0300 -0.0012 0.9753
1770392047.9347 0.0293 -0.0051 0.9761
1770392047.9471 0.0295 -0.0093 0.9758
1770392047.9586 0.0300 -0.0071 0.9744
1770392047.9708 0.0298 -0.0010 0.9736
1770392047.9826 0.0256 -0.0020 0.9697
1770392047.9951 0.0281 -0.0066 0.9744
1770392048.0064 0.0286 -0.0024 0.9756
1770392048.0191 0.0308 -0.0061 0.9709
1770392048.0306 0.0254 -0.0032 0.9741
1770392048.0431 0.0271 -0.0027 0.9729
1770392048.0543 0.0266 -0.0051 0.9758
1770392048.0664 0.0278 -0.0032 0.9746
1770392048.0788 0.0249 -0.0027 0.9719
1770392048.0911 0.0293 -0.0054 0.9722
1770392048.1025 0.0295 -0.0068 0.9707
1770392048.1146 0.0266 -0.0071 0.9736
1770392048.1270 0.0271 -0.0063 0.9685
1770392048.1383 0.0269 -0.0041 0.9719
1770392048.1505 0.0312 -0.0054 0.9766
1770392048.1627 0.0269 -0.0095 0.9680
1770392048.1749 0.0293 -0.0049 0.9739
1770392048.1872 0.0327 -0.0061 0.9749
1770392048.1985 0.0256 -0.0010 0.9739
1770392048.2106 0.0254 -0.0059 0.9734
1770392048.2228 0.0283 -0.0034 0.9731
1770392048.2350 0.0249 -0.0061 0.9746
1770392048.2472 0.0269 -0.0012 0.9692
1770392048.2584 0.0261 -0.0098 0.9717
1770392048.2706 0.0232 -0.0037 0.9768
1770392048.2828 0.0269 -0.0054 0.9727
1770392048.2950 0.0300 -0.0061 0.9697
1770392048.3073 0.0283 -0.0032 0.9756
1770392048.3192 0.0317 -0.0039 0.9719
1770392048.3308 0.0315 -0.0073 0.9714
1770392048.3435 0.0278 -0.0027 0.9739
1770392048.3549 0.0303 -0.0020 0.9644
1770392048.3673 0.0303 -0.0081 0.9678
1770392048.3789 0.0273 -0.0063 0.9719
1770392048.3913 0.0273 -0.0029 0.9690
1770392048.4035 0.0295 -0.0061 0.9744
1770392048.4151 0.0312 -0.0020 0.9731
1770392048.4273 0.0276 -0.0051 0.9785
1770392048.4388 0.0327 -0.0037 0.9709
1770392048.4509 0.0261 -0.0061 0.9739
1770392048.4630 0.0291 -0.0056 0.9771
1770392048.4752 0.0271 -0.0034 0.9678
1770392048.4865 0.0266 -0.0039 0.9712
1770392048.4987 0.0249 -0.0059 0.9749
1770392048.5110 0.0249 -0.0029 0.9714
1770392048.5231 0.0256 -0.0037 0.9751
1770392048.5344 0.0222 -0.0044 0.9729
1770392048.5465 0.0295 -0.0022 0.9763
1770392048.5589 0.0303 -0.0005 0.9692
1770392048.5711 0.0286 -0.0071 0.9775
1770392048.5830 0.0281 -0.0044 0.9761
1770392048.5946 0.0264 -0.0056 0.9739
1770392048.6073 0.0295 -0.0022 0.9680
1770392055.1969 0.0276 -0.0039 0.9739
1770392055.2090 0.0269 -0.0063 0.9668
1770392055.2209 0.0327 -0.0041 0.9749
1770392055.2330 0.0251 -0.0032 0.9727
1770392055.2449 0.0293 -0.0007 0.9724
1770392055.2572 0.0261 -0.0051 0.9800
1770392055.2691 0.0300 -0.0066 0.9734
1770392055.2812 0.0278 -0.0039 0.9712
1770392055.2932 0.0237 -0.0022 0.9700
1770392055.3053 0.0298 -0.0046 0.9753
1770392055.3172 0.0300 -0.0017 0.9749
1770392055.3293 0.0266 -0.0037 0.9717
1770392055.3415 0.0276 -0.0032 0.9744
1770392055.3526 0.0293 -0.0046 0.9749
1770392055.3646 0.0288 -0.0049 0.9719
1770392055.3777 0.0332 -0.0029 0.9658
1770392055.3887 0.0300 -0.0085 0.9692
1770392055.4007 0.0298 -0.0044 0.9749
1770392055.4127 0.0295 -0.0037 0.9741
1770392055.4247 0.0283 -0.0041 0.9768
1770392055.4368 0.0291 -0.0090 0.9753
1770392055.4493 0.0271 -0.0063 0.9690
1770392055.4614 0.0256 -0.0081 0.9709
1770392055.4734 0.0288 -0.0093 0.9673
1770392055.4846 0.0276 -0.0024 0.9766
1770392055.4968 0.0256 -0.0039 0.9712
1770392055.5088 0.0300 -0.0061 0.9700
1770392055.5210 0.0251 -0.0051 0.9729
1770392055.5331 0.0286 -0.0029 0.9734
1770392055.5453 0.0259 -0.0022 0.9780
1770392055.5574 0.0298 -0.0027 0.9766
1770392055.5695 0.0310 -0.0059 0.9753
1770392055.5806 0.0264 -0.0029 0.9775
1770392055.5933 0.0327 -0.0051 0.9753
1770392055.6054 0.0264 -0.0061 0.9670
1770392055.6174 0.0312 -0.0010 0.9695
1770392055.6286 0.0278 -0.0046 0.9766
1770392055.6406 0.0498 -0.0037 1.0002
1770392055.6528 0.2561 -0.3826 0.4500
1770392055.6649 0.3828 0.0454 1.3494
1770392055.6769 0.2515 -0.0959 0.7012
1770392055.6890 0.2231 -0.0344 1.0674
1770392055.7011 0.3203 -0.1812 1.0967
1770392055.7135 0.2539 -0.0276 0.9514
1770392055.7246 0.2532 0.0469 0.9900
1770392055.7369 0.2410 -0.0107 1.0576
1770392055.7488 0.2324 0.0447 0.8347
1770392055.7608 0.2344 0.0640 0.9678
1770392055.7728 0.1897 0.0107 1.0813
1770392055.7852 0.1187 0.0359 0.8999
1770392055.7971 0.0291 -0.0195 1.0674
1770392055.8091 0.1804 0.0767 0.9775
1770392055.8213 0.0835 0.0413 0.7439
1770392055.8327 -0.0044 -0.0261 1.2185
1770392055.8448 0.0220 0.0320 0.8943
1770392055.8571 -0.0232 0.0442 0.6987
1770392055.8694 0.0620 0.0662 1.0125
1770392055.8809 -0.0286 -0.0007 1.2268
1770392055.8930 -0.0166 0.0051 0.9421
1770392055.9052 0.0439 0.0500 0.7278
1770392055.9171 -0.0298 0.0291 0.7798
1770392055.9292 -0.0098 -0.0525 1.4351
1770392055.9412 0.0122 -0.0066 1.0896
1770392055.9532 0.0237 0.0176 0.7334
1770392055.9652 -0.1177 0.0349 0.8098
1770392055.9772 0.0386 -0.0105 1.0518
1770392055.9895 -0.0193 -0.0264 1.1077
1770392056.0016 0.0144 0.0051 0.7791
1770392056.0126 -0.0007 -0.0325 0.9053
1770392056.0247 0.0396 -0.0173 1.2505
1770392056.0367 0.0474 -0.0315 0.8584
1770392056.0488 -0.0332 0.0571 0.8550
1770392056.0610 0.0305 -0.0164 1.2100
1770392056.0730 0.0376 -0.0281 1.0750
1770392056.0852 0.0405 0.0564 0.6873
1770392056.0974 -0.0225 -0.0488 0.8967
1770392056.1096 0.0784 -0.0603 1.2144
1770392056.1209 -0.0442 -0.0818 0.9539
1770392056.1334 0.0173 0.0359 0.8511
1770392056.1456 -0.0259 -0.0347 0.8630
1770392056.1569 0.0874 0.0771 1.3713
1770392056.1689 -0.0068 -0.0479 0.9851
1770392056.1813 -0.0347 0.0186 0.6375
1770392056.1935 0.0662 0.0820 1.0977
1770392056.2054 0.1152 0.0544 0.9282
1770392056.2174 -0.0549 -0.0562 0.6982
1770392056.2295 -0.0432 0.0076 1.3567
1770392056.2416 0.0737 0.0002 0.8936
1770392056.2536 -0.0891 -0.0981 0.7043
1770392056.2646 0.1445 0.1150 1.0659
1770392056.2776 0.0056 -0.0911 0.9041
1770392056.2887 0.0378 0.0754 1.2087
1770392056.3006 0.0852 0.0371 0.9573
1770392056.3127 -0.0134 -0.0566 0.6887
1770392056.3248 0.0361 0.0310 1.1860
1770392056.3369 0.0225 -0.0332 1.0229
1770392056.3489 -0.0146 -0.0295 0.8247
1770392056.3610 -0.0303 -0.0344 1.1541
1770392056.3731 0.0520 -0.0220 0.8545
1770392056.3854 0.0015 -0.0271 1.0042
1770392056.3973 0.0061 0.0320 0.9697
1770392056.4094 0.0203 0.0078 1.0696
1770392056.4214 0.0493 -0.0146 0.9512
1770392056.4330 0.0366 -0.0435 0.9167
1770392056.4450 -0.0122 0.0029 0.9319
1770392056.4572 0.0884 0.0703 0.8804
1770392056.4690 0.0271 0.0598 1.0369
1770392056.4813 0.0115 -0.0371 0.8953
1770392056.4933 0.0002 -0.0083 1.2134
1770392056.5054 0.0234 -0.0632 0.7888
1770392056.5174 0.0039 -0.0132 0.8799
1770392056.5296 0.0273 -0.0044 1.2473
1770392056.5408 0.0308 0.0208 0.7129
1770392056.5528 0.0090 0.0225 1.0786
1770392056.5647 0.0393 -0.0540 0.9011
1770392056.5768 0.0334 -0.0247 1.0935
1770392056.5890 -0.0081 -0.0854 0.9856
1770392056.6010 0.0664 0.0532 0.8879
1770392056.6130 0.0203 0.0120 1.0386
1770392056.6250 0.0210 0.0584 0.8735
1770392056.6371 -0.0027 -0.0032 1.0281
1770392056.6490 0.0251 -0.0520 1.0410
1770392056.6612 0.0127 0.0139 0.7991
1770392056.6733 0.0396 -0.0100 1.1611
1770392056.6853 -0.0054 -0.0366 1.1880
1770392056.6970 -0.0110 -0.0261 0.5352
1770392056.7091 0.0281 -0.0164 1.1501
1770392056.7212 0.0352 -0.0112 1.0312
1770392056.7335 0.0486 0.0020 0.7500
1770392056.7456 0.0208 -0.0193 1.2532
1770392056.7577 -0.0076 -0.0217 1.0518
1770392056.7697 -0.0017 0.0112 0.6250
1770392056.7812 0.0327 0.0332 1.2522
1770392056.7933 0.1050 0.0415 0.8154
1770392056.8053 0.0420 -0.0378 0.8745
1770392056.8173 0.0698 0.0090 1.1833
1770392056.8295 0.1348 0.0337 0.7512
1770392056.8408 0.0017 -0.0332 0.9368
1770392056.8529 0.0554 0.0146 1.0459
1770392056.8651 -0.0103 -0.0017 1.3538
1770392056.8773 -0.0029 -0.0486 0.6467
1770392056.8895 0.0615 -0.0149 0.7285
1770392056.9014 0.0562 -0.0642 1.1924
1770392056.9136 0.0591 0.0222 0.7966
1770392056.9257 0.0642 0.0571 1.1968
1770392056.9373 0.0505 0.0146 0.9287
1770392056.9493 0.0083 -0.0586 0.7603
1770392056.9615 -0.0044 -0.0447 1.4180
1770392056.9735 0.0776 0.0339 0.7566
1770392056.9855 0.0151 -0.0417 0.7988
1770392056.9977 0.0061 -0.0430 1.3203
1770392057.0089 0.0164 -0.0161 0.7278
1770392057.0211 0.0205 -0.0530 0.9619
1770392057.0332 0.0547 0.0613 1.2661
1770392057.0453 0.0823 0.0486 0.7229
1770392057.0574 0.0022 -0.0464 1.0022
1770392057.0693 0.0671 0.0083 1.0142
1770392057.0814 0.0352 -0.0361 0.7983
1770392057.0934 0.0271 -0.0437 0.9883
1770392057.1055 0.0388 0.0020 1.0396
1770392057.1175 0.0793 0.0808 0.9231
1770392057.1289 0.0325 0.0122 1.0967
1770392057.1410 0.0596 0.0303 0.7415
1770392057.1531 0.0417 -0.0334 0.9177
1770392057.1650 0.0156 -0.1184 1.1975
1770392057.1775 0.1118 0.0691 0.8391
1770392057.1897 0.0625 0.0332 0.9304
1770392057.2017 -0.0002 -0.0354 1.3105
1770392057.2129 0.0151 -0.0854 0.9092
1770392057.2249 -0.0344 -0.0732 0.7656
1770392057.2370 0.0430 0.0083 1.1655
1770392057.2490 0.0505 0.0151 1.0093
1770392057.2610 0.0217 0.0996 0.8591
1770392057.2732 -0.0142 0.0278 0.9712
1770392057.2854 0.0046 -0.0950 1.0444
1770392057.2975 0.0610 0.0510 0.8359
1770392057.3095 0.0227 0.0559 1.2629
1770392057.3216 0.0388 -0.0549 0.7966
1770392057.3339 0.0584 -0.0703 0.9851
1770392057.3450 0.0352 -0.0300 1.1355
1770392057.3572 0.0825 -0.0388 0.7119
1770392057.3694 0.0286 -0.0339 1.1372
1770392057.3818 0.0266 0.0735 1.1067
1770392057.3939 0.0034 -0.0359 0.7429
1770392057.4049 0.0466 0.0068 1.0388
1770392057.4180 0.0027 -0.0525 0.9639
1770392057.4299 0.0215 -0.0415 1.0344
1770392057.4420 0.0862 0.0581 0.9578
1770392057.4531 0.0200 0.0024 0.8755
1770392057.4651 0.0107 -0.0325 1.0833
1770392057.4772 -0.0486 -0.0850 1.0999
1770392057.4895 0.0112 -0.0251 0.7515
1770392057.5016 0.0493 0.0371 0.9414
1770392057.5138 0.0859 0.0515 0.9917
1770392057.5258 0.0295 0.0122 1.3291
1770392057.5370 0.0088 -0.0879 0.6262
1770392057.5493 0.0271 -0.0381 1.2366
1770392057.5615 0.0117 -0.0002 0.6807
1770392057.5735 0.0474 0.0234 1.2087
1770392057.5859 0.0466 -0.0361 0.9170
1770392057.5970 0.0549 0.0488 0.6484
1770392057.6091 0.0022 -0.0618 1.3411
1770392057.6210 0.0432 -0.1418 1.1753
1770392057.6336 0.0286 0.0640 0.5159
1770392057.6458 0.0154 0.0278 1.0002
1770392057.6579 0.0439 0.0579 1.1172
1770392057.6699 0.0125 0.0103 0.8945
1770392057.6820 0.0728 0.0127 0.9998
1770392057.6940 0.0754 0.0405 0.7957
1770392057.7050 0.0317 -0.0576 1.1074
1770392057.7171 0.0662 0.0215 1.2312
1770392057.7292 0.0354 -0.0337 0.7087
1770392057.7412 0.0410 0.0640 1.0933
1770392057.7533 0.0151 -0.0562 1.1370
1770392057.7652 -0.0171 -0.0974 1.0137
1770392057.7777 0.0056 -0.0212 0.7610
1770392057.7891 0.0139 0.0378 1.0466
1770392057.8015 0.0327 -0.0125 1.1052
1770392057.8139 0.0278 -0.0427 0.8630
1770392057.8261 0.0479 0.0608 0.8201
1770392057.8374 0.0652 0.0212 1.0437
1770392057.8495 0.0664 0.0969 1.2280
1770392057.8616 0.0061 -0.0325 0.5901
1770392057.8740 0.0386 -0.0891 1.0950
1770392057.8860 0.0928 0.1067 1.1548
1770392057.8973 0.0002 -0.0090 0.6909
1770392057.9095 0.0457 -0.0374 0.9978
1770392057.9219 0.1377 0.0037 1.1177
1770392057.9341 -0.0176 -0.0149 0.9502
1770392057.9461 -0.0063 -0.0220 0.8706
1770392057.9581 0.0261 -0.0002 0.9805
1770392057.9701 0.0581 0.0139 0.9067
1770392057.9814 -0.0369 -0.0928 1.0015
1770392057.9938 0.0667 0.0095 1.0842
1770392058.0058 0.1021 0.1035 1.0325
1770392058.0182 -0.0078 -0.0176 0.8225
1770392058.0300 0.0415 -0.0239 1.0723
1770392058.0412 0.0330 -0.0425 0.9941
1770392058.0534 -0.0027 -0.0142 0.7402
1770392058.0656 0.0645 0.0134 1.1621
1770392058.0777 0.0642 0.0515 0.9424
1770392058.0900 0.0669 0.0242 0.9424
1770392058.1022 0.0120 -0.0557 0.9011
1770392058.1134 -0.0002 -0.0815 1.1221
1770392058.1254 0.0139 -0.0208 1.0186
1770392058.1377 0.0278 -0.0422 0.6643
1770392058.1497 0.0449 0.0466 1.0835
1770392058.1618 0.0461 0.0798 1.2034
1770392058.1741 0.0562 -0.0049 0.6357
1770392058.1862 0.0444 -0.0439 0.9641
1770392058.1983 0.0415 -0.0220 1.1348
1770392058.2103 0.0476 -0.0225 0.9133
1770392058.2222 0.0415 -0.0720 1.1858
1770392058.2334 0.0361 -0.0098 0.8149
1770392058.2454 0.0288 0.0308 0.8438
1770392058.2576 0.0420 0.0205 1.3423
1770392058.2696 0.0261 -0.0173 0.7083
1770392058.2817 0.0020 -0.0303 0.9583
1770392058.2937 0.0454 0.0249 1.0969
1770392058.3058 0.0105 -0.0198 0.7161
1770392058.3178 0.0217 -0.0037 1.2693
1770392058.3299 0.0278 0.0046 0.8296
1770392058.3419 0.0093 -0.0222 0.9094
1770392058.3541 0.0195 -0.0779 1.1675
1770392058.3660 -0.0005 -0.0232 0.8110
1770392058.3784 0.0322 -0.0105 1.0293
1770392058.3897 0.0476 -0.0410 1.2017
1770392058.4018 0.0474 0.0039 0.6797
1770392058.4141 0.0725 0.0352 1.0276
1770392058.4261 -0.0303 -0.0347 1.2217
1770392058.4383 -0.0303 -0.1282 1.0049
1770392058.4503 0.0232 -0.0256 0.7625
1770392058.4623 0.0864 0.0100 0.9141
1770392058.4744 0.0339 0.0249 1.0422
1770392058.4865 0.0203 0.0085 1.0842
1770392058.4986 0.0359 0.0830 0.8914
1770392058.5108 -0.0266 0.0005 0.7278
1770392058.5228 -0.0134 -0.0408 1.2937
1770392058.5340 0.0100 -0.0410 0.7961
1770392058.5460 0.0569 -0.0024 0.8049
1770392058.5581 0.0891 0.0210 1.1155
1770392058.5701 0.0181 0.0303 0.9717
1770392058.5822 -0.0022 -0.0212 0.8921
1770392058.5944 0.0007 -0.0071 1.1394
1770392058.6064 -0.0837 -0.1160 1.0745
1770392058.6183 -0.0320 -0.0610 0.8450
1770392058.6304 0.0361 0.0151 0.9617
1770392058.6424 0.0366 0.0745 1.0085
1770392058.6545 0.0151 0.0811 0.8606
1770392058.6665 0.0173 0.0149 1.1318
1770392058.6785 -0.0122 -0.0579 0.7800
1770392058.6907 -0.0300 -0.0872 1.0627
1770392058.7026 0.0166 -0.0527 1.1316
1770392058.7148 -0.0459 -0.0837 0.6829
1770392058.7268 0.0027 -0.0298 1.0623
1770392058.7389 0.0232 0.0652 1.0676
1770392058.7499 0.0581 0.1301 0.8909
1770392058.7619 0.0156 -0.0212 1.0015
1770392058.7742 0.0259 -0.0659 1.0396
1770392058.7859 -0.0278 -0.0847 0.9717
1770392058.7980 0.0044 -0.0396 1.0220
1770392058.8099 0.0100 -0.0413 0.9036
1770392058.8219 0.0259 0.0479 0.9348
1770392058.8341 0.0215 0.0337 1.1038
1770392058.8461 0.0249 -0.0356 0.9170
1770392058.8582 0.0254 -0.0703 0.8096
1770392058.8702 -0.0059 -0.0842 1.1694
1770392058.8822 0.0730 0.0510 0.8950
1770392058.8944 -0.0066 0.0239 0.9844
1770392058.9064 0.0481 0.0720 0.9387
1770392058.9184 0.0081 -0.0088 0.7261
1770392058.9306 -0.0059 -0.0791 1.4580
1770392058.9427 -0.0159 -0.0576 0.6262
1770392058.9548 0.0640 0.0293 1.0840
1770392058.9669 0.0691 -0.0093 1.4285
1770392058.9780 0.0176 0.0371 0.4604
1770392058.9908 -0.0173 -0.0222 1.0388
1770392059.0028 0.0259 -0.0039 1.1892
1770392059.0149 0.0178 -0.0066 0.9456
1770392059.0261 -0.0068 -0.0588 1.0891
1770392059.0384 0.0837 0.0327 0.7568
1770392059.0504 0.0005 -0.0757 1.0486
1770392059.0625 0.0244 -0.0349 1.3323
1770392059.0745 0.0383 -0.0208 0.5562
1770392059.0859 0.0752 0.0383 1.0061
1770392059.0980 0.0444 0.0205 1.2808
1770392059.1103 0.0959 0.0657 0.6980
1770392059.1222 -0.0286 -0.0798 1.0564
1770392059.1344 0.0081 -0.0730 1.1411
1770392059.1464 0.0398 0.0164 0.7825
1770392059.1585 -0.0083 -0.0369 1.0835
1770392059.1706 0.0132 -0.0408 0.9185
1770392059.1820 0.0569 -0.0256 0.9331
1770392059.1942 -0.0310 -0.0811 1.1816
1770392059.2061 0.0076 0.0183 0.6953
1770392059.2180 0.0742 0.0645 1.1040
1770392059.2302 0.0283 0.0266 1.0317
1770392059.2422 -0.0496 -0.0491 1.0823
1770392059.2544 -0.0090 -0.0476 0.8945
1770392059.2664 0.0022 -0.0049 0.7888
1770392059.2785 0.0356 0.0547 1.0154
1770392059.2905 0.0979 0.0706 1.0659
1770392059.3026 0.0256 -0.0308 0.7788
1770392059.3150 -0.0171 -0.0378 1.1460
1770392059.3260 -0.0144 -0.1299 1.0110
1770392059.3384 -0.0078 -0.0127 0.9175
1770392059.3507 0.0166 0.0041 0.9060
1770392059.3630 0.0715 0.0449 0.9031
1770392059.3744 0.0554 0.0757 0.9768
1770392059.3864 0.0259 0.0149 1.2791
1770392059.3987 0.0410 0.0183 0.6997
1770392059.4103 0.0237 -0.0764 0.9297
1770392059.4229 -0.0420 -0.0674 1.4404
1770392059.4347 0.0022 -0.0500 0.4724
1770392059.4469 0.0164 0.0481 1.0891
1770392059.4581 0.0417 0.0549 1.1047
1770392059.4704 -0.0076 -0.0491 0.7656
1770392059.4826 0.0186 -0.0198 1.1340
1770392059.4951 0.0381 0.0742 1.0000
1770392059.5061 -0.0081 -0.0364 0.9023
1770392059.5182 -0.0569 -0.0847 1.1919
1770392059.5306 0.0134 -0.0605 0.6687
1770392059.5429 0.0410 0.0430 1.0908
1770392059.5541 0.0525 0.0466 1.0901
1770392059.5663 0.0471 -0.0110 0.7451
1770392059.5788 0.0154 -0.0242 1.0586
1770392059.5903 0.0869 0.0757 1.0952
1770392059.6027 0.0090 -0.0100 0.6904
1770392059.6143 -0.0295 -0.1367 1.3689
1770392059.6264 0.0039 -0.1509 0.7114
1770392059.6388 0.0535 -0.0200 0.9648
1770392059.6510 0.0239 0.0315 1.1365
1770392059.6622 0.0728 0.1348 0.6384
1770392059.6746 0.0129 0.0203 1.2400
1770392059.6861 0.1335 0.1165 0.9756
1770392059.6983 -0.0488 -0.0591 0.6809
1770392059.7107 -0.0154 -0.1267 0.9670
1770392059.7228 0.1274 -0.0674 1.0703
1770392059.7341 -0.0227 -0.0505 1.0120
1770392059.7464 0.1023 0.1194 0.8254
1770392059.7586 0.0964 0.0957 1.0076
1770392059.7708 0.0806 0.0544 1.0906
1770392059.7826 0.0005 -0.0723 0.7832
1770392059.7951 0.0498 -0.0845 1.0308
1770392059.8064 0.0684 -0.0024 0.9421
1770392059.8189 0.0569 0.0005 0.9763
1770392059.8303 0.0227 0.0210 0.9761
1770392059.8426 -0.0288 -0.0410 1.0496
1770392059.8550 0.0220 -0.0034 0.9053
1770392059.8661 0.0278 0.0291 0.9072
1770392059.8786 0.0283 -0.0027 1.1101
1770392059.8902 0.0581 0.0391 0.8723
1770392059.9025 0.0232 0.0256 0.8403
1770392059.9147 0.0332 -0.0164 1.1790
1770392059.9261 -0.0112 -0.0608 0.8987
1770392059.9382 0.0212 0.0181 0.9412
1770392059.9507 0.0500 0.0200 1.0513
1770392059.9630 0.0193 -0.0237 0.8247
1770392059.9744 0.0225 -0.0071 0.7925
1770392059.9871 0.0229 0.0669 1.4678
1770392059.9988 0.0115 -0.0293 0.7952
1770392060.0104 0.0410 0.0305 0.8391
1770392060.0227 0.0884 -0.0510 1.0256
1770392060.0349 -0.0667 -0.1123 1.3325
1770392060.0461 -0.1062 -0.1680 1.0972
1770392060.0582 -0.0081 -0.0178 0.5598
1770392060.0704 -0.0415 0.0720 1.0938
1770392060.0825 0.0308 0.0906 1.0950
1770392060.0947 0.0159 0.0354 0.7483
1770392060.1063 0.0134 -0.0696 0.9241
1770392060.1184 0.0493 -0.0166 1.0291
1770392060.1308 -0.0112 -0.0608 1.0508
1770392060.1421 -0.0010 -0.0071 0.9175
1770392060.1544 0.0603 0.0652 0.8035
1770392060.1668 0.0002 0.0122 1.0518
1770392060.1792 0.0635 -0.0337 1.0410
1770392060.1907 0.0369 -0.0762 1.0059
1770392060.2028 0.1240 -0.0144 0.8391
1770392060.2142 0.0771 -0.0081 1.0088
1770392060.2264 0.1116 -0.0283 1.0305
1770392060.2387 0.0212 -0.0041 0.9880
1770392060.2510 0.0076 0.0698 0.8062
1770392060.2632 -0.0491 0.0459 1.1055
1770392060.2745 -0.0356 0.0283 0.9180
1770392060.2870 -0.0286 0.0295 0.9702
1770392060.2992 0.0286 0.0015 1.0889
1770392060.3105 0.0410 -0.0698 0.8455
1770392060.3227 0.0332 0.0181 1.0415
1770392060.3352 -0.1021 0.0054 1.0320
1770392060.3467 -0.0886 0.0166 1.1448
1770392060.3590 0.0071 0.0505 0.7346
1770392060.3712 0.0464 0.0427 0.9382
1770392060.3827 -0.0461 -0.0347 1.1265
1770392060.3951 0.0630 -0.0203 1.0840
1770392060.4066 0.0203 -0.0325 0.7888
1770392060.4187 0.0134 0.0029 0.8381
1770392060.4304 0.0037 -0.0283 1.1311
1770392060.4428 0.0276 0.0281 1.0063
1770392060.4552 0.0269 -0.0078 0.7471
1770392060.4663 0.0747 0.0391 1.0164
1770392060.4786 0.0698 -0.0127 1.1096
1770392060.4910 0.0381 -0.0144 0.9304
1770392060.5023 0.0103 -0.0796 0.8687
1770392060.5145 0.0239 0.0007 1.1318
1770392060.5268 -0.0247 -0.0112 0.7681
1770392060.5390 0.0596 0.0994 1.1523
1770392060.5513 0.0337 -0.0251 1.0498
1770392060.5624 -0.0027 -0.1077 1.2251
1770392060.5749 0.0444 -0.0281 0.6716
1770392060.5864 -0.0034 -0.0024 0.7119
1770392060.5987 0.0261 0.0732 1.1274
1770392060.6108 0.0593 0.0808 0.9766
1770392060.6231 0.0012 -0.1299 0.9404
1770392060.6345 0.0032 -0.0520 1.1990
1770392060.6469 0.0693 -0.0208 0.4675
1770392060.6584 0.0183 -0.0242 1.3179
1770392060.6708 -0.0247 -0.0198 0.9343
1770392060.6831 0.0439 -0.0051 0.7585
1770392060.6944 0.0278 0.0193 1.1064
1770392060.7067 -0.0991 0.2463 1.1865
1770392060.7191 -0.0962 0.2239 1.0144
1770392060.7306 -0.4580 -0.1616 0.4487
1770392060.7431 -0.2119 0.1487 1.0696
1770392060.7543 -0.1182 0.1533 0.9661
1770392060.7666 -0.4004 -0.0161 1.2886
1770392060.7789 -0.3813 -0.1724 0.7722
1770392060.7912 -0.0625 -0.0886 1.0891
1770392060.8024 -0.0859 -0.2288 1.0371
1770392060.8147 0.0110 -0.1296 0.9600
1770392060.8269 0.0112 -0.0161 0.9614
1770392060.8392 0.0161 0.0190 0.9961
1770392060.8502 0.0278 0.0901 0.9666
1770392060.8625 0.0745 0.0859 1.0120
1770392060.8746 0.0518 0.0288 0.8826
1770392060.8870 0.0781 -0.0259 0.9968
1770392060.8991 0.0647 -0.0815 1.0342
1770392060.9103 0.0522 -0.0698 0.8865
1770392060.9224 0.0696 0.0066 0.9983
1770392060.9348 0.0581 0.0352 0.9707
1770392060.9470 0.0713 0.0681 0.9524
1770392060.9593 0.0466 0.0085 0.9426
1770392060.9705 0.0571 -0.0190 0.9875
1770392060.9831 0.0681 -0.0364 0.9634
1770392060.9951 0.0598 -0.0298 0.9512
1770392061.0065 0.0520 0.0112 0.9824
1770392061.0187 0.0486 0.0391 0.9661
1770392061.0312 0.0530 0.0332 1.0244
1770392061.0426 -0.0398 -0.0325 0.9658
1770392061.0549 -0.0530 -0.0676 0.9617
1770392061.0672 0.0068 -0.0171 1.0127
1770392061.0783 0.0364 0.0093 0.9666
1770392061.0906 0.0200 -0.0110 0.9553
1770392061.1029 -0.0044 -0.0173 1.0051
1770392061.1151 0.0168 0.0134 0.9504
1770392061.1264 0.0469 0.0266 0.9548
1770392061.1386 0.0408 -0.0081 0.9995
1770392061.1508 0.0613 -0.0198 0.9377
1770392061.1632 0.0422 -0.0349 0.9929
1770392061.1745 0.0493 -0.0144 0.9521
1770392061.1867 0.0527 0.0046 0.9778
1770392061.1985 0.0398 0.0142 0.9976
1770392061.2109 0.0386 0.0088 0.9329
1770392061.2232 0.0493 -0.0115 0.9927
1770392061.2345 0.0098 -0.0386 0.9783
1770392061.2467 0.0110 -0.0283 0.9514
1770392061.2590 0.0286 0.0132 0.9988
1770392061.2705 0.0120 0.0066 0.9729
1770392061.2829 0.0056 0.0037 0.9590
1770392061.2954 -0.0085 -0.0093 1.0076
1770392061.3067 0.0212 -0.0188 0.9565
1770392061.3188 0.0393 -0.0110 0.9863
1770392061.3312 0.0491 -0.0049 0.9753
1770392061.3424 0.0410 -0.0117 0.9624
1770392061.3547 0.0408 -0.0049 0.9814
1770392061.3669 0.0376 -0.0027 0.9575
1770392061.3787 0.0364 -0.0024 0.9712
1770392061.3913 0.0276 -0.0137 0.9790
1770392061.4028 0.0100 -0.0232 0.9548
1770392091.0411 0.0344 -0.0144 0.9797
1770392091.0533 0.0342 -0.0142 0.9695
1770392091.0654 0.0339 -0.0117 0.9714
1770392091.0773 0.0371 -0.0117 0.9736
1770392091.0893 0.0364 -0.0129 0.9795
1770392091.1014 0.0330 -0.0129 0.9724
1770392091.1136 0.0315 -0.0134 0.9766
1770392091.1256 0.0330 -0.0164 0.9739
1770392091.1367 0.0374 -0.0139 0.9749
1770392091.1487 0.0298 -0.0151 0.9712
1770392091.1607 0.0364 -0.0171 0.9736
1770392091.1726 0.0347 -0.0125 0.9717
1770392091.1848 0.0330 -0.0146 0.9736
1770392091.1969 0.0359 -0.0100 0.9722
1770392091.2089 0.0383 -0.0168 0.9768
1770392091.2209 0.0334 -0.0105 0.9683
1770392091.2332 0.0352 -0.0151 0.9697
1770392091.2453 0.0354 -0.0168 0.9749
1770392091.2573 0.0374 -0.0127 0.9705
1770392091.2694 0.0364 -0.0134 0.9751
1770392091.2815 0.0354 -0.0159 0.9727
1770392091.2925 0.0337 -0.0117 0.9690
1770392091.3056 0.0337 -0.0107 0.9719
1770392091.3166 0.0352 -0.0139 0.9712
1770392091.3296 0.0310 -0.0139 0.9717
1770392091.3406 0.0327 -0.0146 0.9766
1770392091.3526 0.0352 -0.0181 0.9702
1770392091.3656 0.0356 -0.0122 0.9749
1770392091.3771 0.0332 -0.0100 0.9719
1770392091.3890 0.0366 -0.0110 0.9741
1770392091.4012 0.0371 -0.0122 0.9666
1770392091.4133 0.0347 -0.0156 0.9739
1770392091.4254 0.0342 -0.0127 0.9746
1770392091.4367 0.0330 -0.0156 0.9746
1770392091.4488 0.0378 -0.0154 0.9744
1770392091.4608 0.0337 -0.0142 0.9714
1770392091.4730 0.0325 -0.0129 0.9785
1770392091.4850 0.0356 -0.0132 0.9763
1770392091.4971 0.0352 -0.0110 0.9751
1770392091.5091 0.0347 -0.0127 0.9727
1770392091.5211 0.0349 -0.0098 0.9756
1770392091.5333 0.0359 -0.0095 0.9729
1770392091.5457 0.0347 -0.0139 0.9736
1770392091.5576 0.0349 -0.0125 0.9788
1770392091.5696 0.0352 -0.0161 0.9778
1770392091.5808 0.0325 -0.0144 0.9683
1770392091.5933 0.0393 -0.0137 0.9722
1770392091.6057 0.0305 -0.0137 0.9675
1770392091.6168 0.0356 -0.0168 0.9712
1770392091.6288 0.0347 -0.0166 0.9717
1770392091.6410 0.0337 -0.0103 0.9661
1770392091.6531 0.0334 -0.0129 0.9678
1770392091.6652 0.0315 -0.0146 0.9707
1770392091.6771 0.0359 -0.0132 0.9719
1770392091.6891 0.0349 -0.0110 0.9727
1770392091.7011 0.0374 -0.0166 0.9712
1770392091.7131 0.0310 -0.0154 0.9739
1770392091.7252 0.0342 -0.0156 0.9714
1770392091.7371 0.0356 -0.0139 0.9734
1770392091.7491 0.0332 -0.0129 0.9727
1770392091.7611 0.0322 -0.0144 0.9734
1770392091.7732 0.0342 -0.0139 0.9744
1770392091.7848 0.0364 -0.0146 0.9763
1770392091.7969 0.0339 -0.0151 0.9736
1770392091.8089 0.0325 -0.0098 0.9758
1770392091.8208 0.0339 -0.0117 0.9739
1770392091.8330 0.0349 -0.0142 0.9731
1770392091.8450 0.0315 -0.0183 0.9719
1770392091.8571 0.0347 -0.0164 0.9714
1770392091.8691 0.0330 -0.0122 0.9746
1770392091.8811 0.0337 -0.0151 0.9731
1770392091.8932 0.0354 -0.0117 0.9756
1770392091.9053 0.0325 -0.0183 0.9751
1770392091.9173 0.0356 -0.0156 0.9695
1770392091.9293 0.0359 -0.0129 0.9724
1770392091.9413 0.0339 -0.0173 0.9731
1770392091.9533 0.0354 -0.0125 0.9736
1770392091.9655 0.0332 -0.0156 0.9727
1770392091.9777 0.0364 -0.0149 0.9722
1770392091.9889 0.0352 -0.0127 0.9709
1770392092.0010 0.0378 -0.0125 0.9692
1770392092.0137 0.0339 -0.0078 0.9709
1770392092.0257 0.0359 -0.0146 0.9712
1770392092.0379 0.0356 -0.0149 0.9736
1770392092.0499 0.0327 -0.0125 0.9736
1770392092.0618 0.0337 -0.0159 0.9712
1770392092.0739 0.0374 -0.0105 0.9714
1770392092.0849 0.0320 -0.0146 0.9775
1770392092.0980 0.0352 -0.0132 0.9685
1770392092.1099 0.0347 -0.0137 0.9741
1770392092.1220 0.0361 -0.0127 0.9768
1770392092.1341 0.0398 -0.0144 0.9729
1770392092.1454 0.0354 -0.0127 0.9709
1770392092.1578 0.0354 -0.0112 0.9753
1770392092.1693 0.0381 -0.0156 0.9712
1770392092.1813 0.0332 -0.0100 0.9663
1770392092.1935 0.0378 -0.0137 0.9749
1770392092.2056 0.0356 -0.0161 0.9741
1770392092.2178 0.0347 -0.0105 0.9746
1770392092.2298 0.0374 -0.0127 0.9753
1770392092.2419 0.0352 -0.0103 0.9731
1770392092.2539 0.0369 -0.0132 0.9775
1770392092.2659 0.0334 -0.0137 0.9714
1770392092.2780 0.0356 -0.0156 0.9731
1770392092.2900 0.0344 -0.0132 0.9722
1770392092.3020 0.0352 -0.0120 0.9688
1770392092.3140 0.0359 -0.0156 0.9697
1770392092.3260 0.0354 -0.0149 0.9700
1770392092.3380 0.0344 -0.0137 0.9688
1770392092.3501 0.0361 -0.0129 0.9727
1770392092.3621 0.0388 -0.0149 0.9751
1770392092.3731 0.0293 -0.0146 0.9685
1770392092.3854 0.0354 -0.0122 0.9739
1770392092.3974 0.0330 -0.0137 0.9707
1770392092.4095 0.0359 -0.0125 0.9751
1770392092.4214 0.0305 -0.0142 0.9692
1770392092.4335 0.0374 -0.0107 0.9683
1770392092.4455 0.0386 -0.0166 0.9768
1770392092.4575 0.0344 -0.0154 0.9692
1770392092.4695 0.0322 -0.0078 0.9775
1770392092.4815 0.0354 -0.0146 0.9709
1770392092.4936 0.0366 -0.0085 0.9634
1770392092.5056 0.0364 -0.0110 0.9724
1770392092.5177 0.0361 -0.0149 0.9753
1770392092.5297 0.0349 -0.0112 0.9683
1770392092.5417 0.0334 -0.0137 0.9719
1770392092.5537 0.0337 -0.0142 0.9724
1770392092.5658 0.0349 -0.0095 0.9712
1770392092.5779 0.0356 -0.0107 0.9700
1770392092.5900 0.0332 -0.0132 0.9739
1770392092.6020 0.0315 -0.0115 0.9729
1770392092.6140 0.0344 -0.0161 0.9707
1770392092.6261 0.0369 -0.0146 0.9724
1770392092.6381 0.0344 -0.0129 0.9651
1770392092.6501 0.0364 -0.0164 0.9724
1770392092.6621 0.0361 -0.0127 0.9719
1770392092.6741 0.0354 -0.0103 0.9761
1770392092.6862 0.0342 -0.0117 0.9797
1770392092.6981 0.0344 -0.0176 0.9739
1770392092.7101 0.0295 -0.0129 0.9746
1770392092.7221 0.0376 -0.0144 0.9700
1770392092.7342 0.0356 -0.0168 0.9731
1770392092.7462 0.0337 -0.0151 0.9761
1770392092.7582 0.0312 -0.0132 0.9697
1770392092.7703 0.0342 -0.0171 0.9717
1770392092.7814 0.0342 -0.0159 0.9783
1770392092.7935 0.0320 -0.0159 0.9700
1770392092.8054 0.0369 -0.0122 0.9741
1770392092.8174 0.0339 -0.0083 0.9761
1770392092.8295 0.0325 -0.0159 0.9729
1770392092.8415 0.0334 -0.0137 0.9709
1770392092.8535 0.0371 -0.0154 0.9753
1770392092.8655 0.0371 -0.0137 0.9717
1770392092.8774 0.0366 -0.0073 0.9761
1770392092.8895 0.0388 -0.0125 0.9758
1770392092.9015 0.0339 -0.0122 0.9707
1770392092.9135 0.0364 -0.0120 0.9775
1770392092.9255 0.0356 -0.0117 0.9670
1770392092.9376 0.0347 -0.0122 0.9663
1770392092.9496 0.0339 -0.0115 0.9729
1770392092.9615 0.0349 -0.0159 0.9700
1770392092.9735 0.0347 -0.0134 0.9678
1770392092.9860 0.0352 -0.0156 0.9739
1770392092.9980 0.0352 -0.0122 0.9719
1770392093.0102 0.0342 -0.0151 0.9729
1770392093.0222 0.0369 -0.0132 0.9731
1770392093.0344 0.0344 -0.0127 0.9700
1770392093.0455 0.0308 -0.0149 0.9680
1770392093.0578 0.0354 -0.0110 0.9724
1770392093.0699 0.0344 -0.0144 0.9761
1770392093.0820 0.0339 -0.0151 0.9771
1770392093.0933 0.0361 -0.0186 0.9719
1770392093.1055 0.0388 -0.0137 0.9717
1770392093.1175 0.0337 -0.0142 0.9705
1770392093.1295 0.0342 -0.0112 0.9705
1770392093.1415 0.0361 -0.0178 0.9712
1770392093.1534 0.0342 -0.0137 0.9753
1770392093.1656 0.0342 -0.0134 0.9751
1770392093.1780 0.0356 -0.0168 0.9702
1770392093.1894 0.0388 -0.0173 0.9739
1770392093.2016 0.0344 -0.0120 0.9729
1770392093.2136 0.0352 -0.0122 0.9670
1770392093.2257 0.0374 -0.0090 0.9780
1770392093.2379 0.0383 -0.0146 0.9700
1770392093.2500 0.0344 -0.0090 0.9749
1770392093.2620 0.0371 -0.0110 0.9739
1770392093.2739 0.0334 -0.0134 0.9731
1770392093.2861 0.0349 -0.0122 0.9778
1770392093.2983 0.0330 -0.0117 0.9729
1770392093.3094 0.0352 -0.0178 0.9736
1770392093.3214 0.0334 -0.0159 0.9778
1770392093.3335 0.0371 -0.0137 0.9695
1770392093.3457 0.0339 -0.0129 0.9758
1770392093.3577 0.0361 -0.0098 0.9783
1770392093.3697 0.0337 -0.0129 0.9741
1770392093.3824 0.0364 -0.0173 0.9731
1770392093.3939 0.0356 -0.0132 0.9756
1770392093.4054 0.0393 -0.0139 0.9714
1770392093.4176 0.0374 -0.0154 0.9722
1770392093.4297 0.0413 -0.0054 0.9751
1770392093.4418 0.0361 -0.0115 0.9717
1770392093.4537 0.0337 -0.0134 0.9707
1770392093.4658 0.0366 -0.0164 0.9729
1770392093.4778 0.0339 -0.0129 0.9712
1770392093.4898 0.0371 -0.0127 0.9697
1770392093.5019 0.0361 -0.0103 0.9712
1770392093.5138 0.0342 -0.0164 0.9727
1770392093.5259 0.0366 -0.0144 0.9702
1770392093.5378 0.0371 -0.0105 0.9749
1770392093.5499 0.0344 -0.0122 0.9751
1770392093.5618 0.0374 -0.0132 0.9741
1770392093.5739 0.0347 -0.0137 0.9709
1770392093.5861 0.0359 -0.0127 0.9653
1770392093.5981 0.0334 -0.0139 0.9788
1770392093.6100 0.0366 -0.0168 0.9766
1770392093.6222 0.0388 -0.0151 0.9744
1770392093.6342 0.0325 -0.0154 0.9768
1770392093.6462 0.0408 -0.0168 0.9697
1770392093.6581 0.0364 -0.0129 0.9766
1770392093.6701 0.0312 -0.0149 0.9739
1770392093.6821 0.0320 -0.0156 0.9753
1770392093.6941 0.0378 -0.0161 0.9756
1770392093.7062 0.0371 -0.0127 0.9751
1770392093.7182 0.0352 -0.0103 0.9744
1770392093.7301 0.0337 -0.0142 0.9714
1770392093.7422 0.0327 -0.0125 0.9717
1770392093.7541 0.0356 -0.0205 0.9680
1770392093.7662 0.0354 -0.0127 0.9741
1770392093.7783 0.0388 -0.0166 0.9722
1770392093.7904 0.0371 -0.0161 0.9751
1770392093.8024 0.0356 -0.0139 0.9712
1770392093.8145 0.0405 -0.0127 0.9761
1770392093.8265 0.0352 -0.0161 0.9766
1770392093.8386 0.0342 -0.0125 0.9744
1770392093.8507 0.0325 -0.0142 0.9702
1770392093.8617 0.0376 -0.0129 0.9719
1770392093.8737 0.0344 -0.0110 0.9697
1770392093.8858 0.0347 -0.0122 0.9702
1770392093.8980 0.0383 -0.0142 0.9722
1770392093.9100 0.0349 -0.0137 0.9702
1770392093.9221 0.0393 -0.0137 0.9712
1770392093.9341 0.0332 -0.0103 0.9653
1770392093.9461 0.0374 -0.0146 0.9741
1770392093.9581 0.0303 -0.0151 0.9673
1770392093.9701 0.0332 -0.0120 0.9714
1770392093.9824 0.0371 -0.0117 0.9729
1770392093.9946 0.0337 -0.0139 0.9751
1770392094.0058 0.0354 -0.0144 0.9685
1770392094.0178 0.0334 -0.0125 0.9717
1770392094.0297 0.0369 -0.0151 0.9722
1770392094.0418 0.0366 -0.0134 0.9731
1770392094.0537 0.0371 -0.0156 0.9734
1770392094.0658 0.0356 -0.0146 0.9753
1770392094.0779 0.0369 -0.0173 0.9709
1770392094.0899 0.0361 -0.0156 0.9678
1770392094.1021 0.0361 -0.0176 0.9688
1770392094.1140 0.0347 -0.0115 0.9705
1770392094.1261 0.0356 -0.0142 0.9736
1770392094.1381 0.0352 -0.0142 0.9705
1770392094.1501 0.0352 -0.0107 0.9719
1770392094.1621 0.0366 -0.0132 0.9734
1770392094.1744 0.0349 -0.0142 0.9729
1770392094.1859 0.0369 -0.0120 0.9722
1770392094.1980 0.0354 -0.0139 0.9727
1770392094.2101 0.0364 -0.0166 0.9744
1770392094.2223 0.0356 -0.0076 0.9719
1770392094.2344 0.0347 -0.0105 0.9692
1770392094.2458 0.0349 -0.0139 0.9719
1770392094.2579 0.0381 -0.0117 0.9734
1770392094.2701 0.0325 -0.0122 0.9712
1770392094.2822 0.0330 -0.0125 0.9719
1770392094.2946 0.0342 -0.0134 0.9736
1770392094.3058 0.0320 -0.0166 0.9758
1770392094.3179 0.0337 -0.0146 0.9739
1770392094.3300 0.0347 -0.0110 0.9766
1770392094.3423 0.0354 -0.0144 0.9771
1770392094.3545 0.0361 -0.0125 0.9722
1770392094.3667 0.0339 -0.0134 0.9739
1770392094.3778 0.0344 -0.0144 0.9763
1770392094.3903 0.0322 -0.0132 0.9746
1770392094.4025 0.0332 -0.0146 0.9766
1770392094.4144 0.0330 -0.0151 0.9719
1770392094.4264 0.0317 -0.0154 0.9739
1770392094.4384 0.0339 -0.0132 0.9758
1770392094.4503 0.0317 -0.0137 0.9751
1770392094.4624 0.0330 -0.0149 0.9709
1770392094.4745 0.0361 -0.0151 0.9744
1770392094.4857 0.0354 -0.0120 0.9785
1770392094.4977 0.0383 -0.0176 0.9766
1770392094.5098 0.0364 -0.0122 0.9758
1770392094.5218 0.0337 -0.0127 0.9709
1770392094.5339 0.0342 -0.0144 0.9717
1770392094.5459 0.0339 -0.0122 0.9695
1770392094.5580 0.0334 -0.0125 0.9719
1770392094.5700 0.0327 -0.0178 0.9731
1770392094.5824 0.0332 -0.0176 0.9702
1770392094.5945 0.0369 -0.0161 0.9734
1770392094.6065 0.0337 -0.0137 0.9724
1770392094.6185 0.0376 -0.0137 0.9690
1770392094.6304 0.0354 -0.0181 0.9749
1770392094.6426 0.0356 -0.0129 0.9695
1770392094.6546 0.0378 -0.0117 0.9756
1770392094.6667 0.0376 -0.0120 0.9778
1770392094.6778 0.0325 -0.0129 0.9722
1770392094.6898 0.0361 -0.0139 0.9766
1770392094.7019 0.0347 -0.0178 0.9707
1770392094.7138 0.0344 -0.0173 0.9729
1770392094.7259 0.0359 -0.0107 0.9692
1770392094.7379 0.0361 -0.0166 0.9722
1770392094.7499 0.0376 -0.0139 0.9707
1770392094.7620 0.0361 -0.0156 0.9722
1770392094.7745 0.0342 -0.0134 0.9768
1770392094.7858 0.0339 -0.0149 0.9741
1770392094.7979 0.0349 -0.0156 0.9744
1770392094.8098 0.0400 -0.0171 0.9692
1770392094.8218 0.0359 -0.0151 0.9727
1770392094.8338 0.0383 -0.0166 0.9766
1770392094.8458 0.0327 -0.0125 0.9744
1770392094.8577 0.0337 -0.0117 0.9741
1770392094.8698 0.0342 -0.0107 0.9734
1770392094.8818 0.0322 -0.0144 0.9729
1770392094.8938 0.0349 -0.0115 0.9714
1770392094.9057 0.0359 -0.0149 0.9722
1770392094.9188 0.0396 -0.0132 0.9666
1770392094.9307 0.0386 -0.0137 0.9739
1770392094.9428 0.0359 -0.0154 0.9724
1770392094.9547 0.0322 -0.0139 0.9768
1770392094.9668 0.0374 -0.0164 0.9680
1770392094.9780 0.0366 -0.0154 0.9697
1770392094.9902 0.0361 -0.0151 0.9756
1770392095.0023 0.0327 -0.0154 0.9714
1770392095.0143 0.0386 -0.0083 0.9753
1770392095.0263 0.0361 -0.0117 0.9714
1770392095.0383 0.0369 -0.0115 0.9766
1770392095.0503 0.0339 -0.0154 0.9749
1770392095.0625 0.0337 -0.0132 0.9695
1770392095.0747 0.0354 -0.0142 0.9697
1770392095.0868 0.0366 -0.0156 0.9707
1770392095.0979 0.0337 -0.0151 0.9744
1770392095.1102 0.0361 -0.0115 0.9722
1770392095.1228 0.0344 -0.0132 0.9688
1770392095.1348 0.0300 -0.0156 0.9653
1770392095.1465 0.0337 -0.0181 0.9724
1770392095.1584 0.0339 -0.0139 0.9792
1770392095.1708 0.0361 -0.0139 0.9761
1770392095.1829 0.0359 -0.0134 0.9780
1770392095.1943 0.0344 -0.0115 0.9768
1770392095.2066 0.0359 -0.0132 0.9731
1770392095.2187 0.0322 -0.0129 0.9736
1770392095.2306 0.0374 -0.0127 0.9680
1770392095.2428 0.0349 -0.0142 0.9712
1770392095.2547 0.0386 -0.0178 0.9705
1770392095.2668 0.0354 -0.0137 0.9739
1770392095.2787 0.0349 -0.0129 0.9736
1770392095.2907 0.0327 -0.0125 0.9709
1770392095.3029 0.0366 -0.0093 0.9695
1770392095.3138 0.0364 -0.0156 0.9734
1770392095.3259 0.0359 -0.0142 0.9719
1770392095.3379 0.0356 -0.0125 0.9727
1770392095.3501 0.0347 -0.0132 0.9773
1770392095.3623 0.0356 -0.0146 0.9673
1770392095.3743 0.0342 -0.0117 0.9778
1770392095.3865 0.0342 -0.0156 0.9775
1770392095.3986 0.0354 -0.0129 0.9712
1770392095.4105 0.0344 -0.0134 0.9734
1770392095.4226 0.0361 -0.0134 0.9751
1770392095.4345 0.0376 -0.0132 0.9697
1770392095.4466 0.0342 -0.0161 0.9724
1770392095.4589 0.0330 -0.0139 0.9661
1770392095.4699 0.0344 -0.0161 0.9705
1770392095.4829 0.0349 -0.0149 0.9700
1770392095.4939 0.0342 -0.0137 0.9736
1770392095.5069 0.0356 -0.0115 0.9692
1770392095.5180 0.0374 -0.0115 0.9729
1770392095.5299 0.0327 -0.0134 0.9744
1770392095.5419 0.0332 -0.0142 0.9744
1770392095.5539 0.0374 -0.0149 0.9675
1770392095.5659 0.0342 -0.0149 0.9719
1770392095.5781 0.0342 -0.0139 0.9744
1770392095.5902 0.0347 -0.0134 0.9722
1770392095.6021 0.0352 -0.0120 0.9722
1770392095.6141 0.0381 -0.0129 0.9734
1770392095.6261 0.0378 -0.0112 0.9683
1770392095.6382 0.0347 -0.0129 0.9758
1770392095.6502 0.0349 -0.0127 0.9690
1770392095.6622 0.0315 -0.0142 0.9700
1770392095.6742 0.0388 -0.0139 0.9680
1770392095.6863 0.0369 -0.0144 0.9727
1770392095.6983 0.0342 -0.0139 0.9705
1770392095.7104 0.0391 -0.0161 0.9756
1770392095.7223 0.0349 -0.0142 0.9692
1770392095.7344 0.0317 -0.0132 0.9709
1770392095.7470 0.0315 -0.0149 0.9712
1770392095.7581 0.0359 -0.0137 0.9744
1770392095.7702 0.0337 -0.0195 0.9702
1770392095.7825 0.0344 -0.0134 0.9673
1770392095.7949 0.0364 -0.0107 0.9749
1770392095.8062 0.0322 -0.0129 0.9739
1770392095.8186 0.0320 -0.0144 0.9756
1770392095.8307 0.0349 -0.0139 0.9744
1770392095.8420 0.0325 -0.0103 0.9746
1770392095.8548 0.0325 -0.0156 0.9714
1770392095.8669 0.0334 -0.0164 0.9739
1770392095.8781 0.0339 -0.0156 0.9719
1770392095.8903 0.0322 -0.0132 0.9731
1770392095.9023 0.0332 -0.0171 0.9783
1770392095.9144 0.0369 -0.0066 0.9736
1770392095.9265 0.0378 -0.0098 0.9731
1770392095.9386 0.0371 -0.0151 0.9712
1770392095.9506 0.0388 -0.0168 0.9722
1770392095.9625 0.0310 -0.0159 0.9736
1770392095.9748 0.0325 -0.0142 0.9734
1770392095.9862 0.0352 -0.0161 0.9739
1770392095.9991 0.0339 -0.0098 0.9724
1770392096.0102 0.0352 -0.0139 0.9702
1770392096.0224 0.0334 -0.0105 0.9648
1770392096.0344 0.0332 -0.0127 0.9727
1770392096.0464 0.0342 -0.0122 0.9709
1770392096.0584 0.0347 -0.0137 0.9695
1770392096.0705 0.0325 -0.0134 0.9783
1770392096.0825 0.0361 -0.0168 0.9690
1770392096.0946 0.0347 -0.0146 0.9773
1770392096.1065 0.0376 -0.0188 0.9734
1770392096.1188 0.0339 -0.0142 0.9680
1770392096.1300 0.0381 -0.0137 0.9746
1770392096.1421 0.0305 -0.0129 0.9741
1770392096.1542 0.0354 -0.0146 0.9673
1770392096.1664 0.0339 -0.0117 0.9680
1770392096.1785 0.0361 -0.0120 0.9714
1770392096.1908 0.0342 -0.0159 0.9712
1770392096.2029 0.0369 -0.0117 0.9690
1770392096.2150 0.0347 -0.0132 0.9746
1770392096.2271 0.0339 -0.0146 0.9717
1770392096.2382 0.0366 -0.0110 0.9722
1770392096.2502 0.0339 -0.0149 0.9709
1770392096.2623 0.0381 -0.0156 0.9739
1770392096.2744 0.0325 -0.0134 0.9695
1770392096.2865 0.0366 -0.0110 0.9729
1770392096.2987 0.0332 -0.0125 0.9778
1770392096.3107 0.0330 -0.0129 0.9751
1770392096.3227 0.0334 -0.0122 0.9695
1770392096.3349 0.0391 -0.0151 0.9719
1770392096.3470 0.0334 -0.0200 0.9727
1770392096.3592 0.0352 -0.0159 0.9707
1770392096.3702 0.0352 -0.0137 0.9734
1770392096.3825 0.0344 -0.0095 0.9719
1770392096.3947 0.0366 -0.0142 0.9722
1770392096.4067 0.0378 -0.0129 0.9727
1770392096.4188 0.0364 -0.0137 0.9729
1770392096.4308 0.0347 -0.0132 0.9719
1770392096.4427 0.0356 -0.0144 0.9697
1770392096.4547 0.0356 -0.0164 0.9685
1770392096.4668 0.0315 -0.0168 0.9758
1770392096.4788 0.0391 -0.0146 0.9729
1770392096.4908 0.0320 -0.0161 0.9714
1770392096.5028 0.0352 -0.0139 0.9744
1770392096.5149 0.0386 -0.0149 0.9761
1770392096.5270 0.0337 -0.0127 0.9697
1770392096.5389 0.0330 -0.0110 0.9753
1770392096.5510 0.0361 -0.0083 0.9727
1770392096.5629 0.0364 -0.0154 0.9734
1770392096.5750 0.0325 -0.0122 0.9727
1770392096.5863 0.0352 -0.0154 0.9717
1770392096.5983 0.0359 -0.0115 0.9744
1770392096.6104 0.0327 -0.0142 0.9712
1770392096.6224 0.0374 -0.0178 0.9700
1770392096.6345 0.0361 -0.0127 0.9722
1770392096.6465 0.0383 -0.0103 0.9724
1770392096.6585 0.0344 -0.0142 0.9744
1770392096.6705 0.0386 -0.0144 0.9768
1770392096.6824 0.0364 -0.0134 0.9717
1770392096.6945 0.0317 -0.0105 0.9822
1770392096.7065 0.0347 -0.0078 0.9712
1770392096.7185 0.0383 -0.0117 0.9751
1770392096.7304 0.0381 -0.0156 0.9673
1770392096.7425 0.0344 -0.0137 0.9680
1770392096.7545 0.0347 -0.0122 0.9705
1770392096.7666 0.0378 -0.0139 0.9744
1770392096.7789 0.0356 -0.0122 0.9724
1770392096.7910 0.0361 -0.0137 0.9692
1770392096.8031 0.0359 -0.0144 0.9744
1770392096.8151 0.0374 -0.0132 0.9697
1770392096.8271 0.0334 -0.0151 0.9792
1770392096.8391 0.0325 -0.0137 0.9724
1770392096.8511 0.0371 -0.0127 0.9719
1770392096.8632 0.0374 -0.0120 0.9722
1770392096.8742 0.0374 -0.0137 0.9812
1770392096.8862 0.0354 -0.0166 0.9651
1770392096.8982 0.0374 -0.0115 0.9734
1770392096.9103 0.0386 -0.0151 0.9739
1770392096.9223 0.0361 -0.0127 0.9717
1770392096.9344 0.0347 -0.0132 0.9722
1770392096.9464 0.0371 -0.0144 0.9692
1770392096.9584 0.0359 -0.0139 0.9753
1770392096.9705 0.0330 -0.0139 0.9744
1770392096.9829 0.0349 -0.0122 0.9746
1770392096.9942 0.0354 -0.0173 0.9744
1770392097.0063 0.0352 -0.0146 0.9766
1770392097.0184 0.0361 -0.0125 0.9746
1770392097.0305 0.0308 -0.0120 0.9700
1770392097.0426 0.0342 -0.0173 0.9707
1770392097.0545 0.0354 -0.0100 0.9744
1770392097.0665 0.0378 -0.0117 0.9734
1770392097.0786 0.0359 -0.0129 0.9744
1770392097.0907 0.0381 -0.0134 0.9724
1770392097.1027 0.0295 -0.0134 0.9736
1770392097.1146 0.0356 -0.0151 0.9771
1770392097.1268 0.0378 -0.0166 0.9700
1770392097.1388 0.0366 -0.0154 0.9736
1770392097.1511 0.0374 -0.0146 0.9707
1770392097.1631 0.0347 -0.0120 0.9783
1770392097.1769 0.0308 -0.0120 0.9695
1770392097.1864 0.0378 -0.0129 0.9702
1770392097.1985 0.0330 -0.0151 0.9712
1770392097.2107 0.0376 -0.0125 0.9722
1770392097.2230 0.0337 -0.0144 0.9702
1770392097.2352 0.0374 -0.0134 0.9749
1770392097.2464 0.0364 -0.0129 0.9697
1770392097.2583 0.0349 -0.0149 0.9763
1770392097.2704 0.0376 -0.0168 0.9775
1770392097.2823 0.0374 -0.0178 0.9688
1770392097.2945 0.0308 -0.0142 0.9727
1770392097.3067 0.0352 -0.0134 0.9729
1770392097.3187 0.0325 -0.0125 0.9688
1770392097.3306 0.0347 -0.0154 0.9734
1770392097.3427 0.0347 -0.0139 0.9756
1770392097.3546 0.0376 -0.0159 0.9709
1770392097.3667 0.0374 -0.0142 0.9749
1770392097.3792 0.0342 -0.0134 0.9758
1770392097.3907 0.0356 -0.0156 0.9622
1770392097.4027 0.0366 -0.0134 0.9695
1770392097.4147 0.0388 -0.0139 0.9668
1770392097.4268 0.0347 -0.0166 0.9731
1770392097.4388 0.0330 -0.0137 0.9724
1770392097.4508 0.0361 -0.0134 0.9734
1770392097.4628 0.0364 -0.0159 0.9749
1770392097.4748 0.0359 -0.0144 0.9700
1770392097.4872 0.0352 -0.0110 0.9761
1770392097.4991 0.0369 -0.0134 0.9666
1770392097.5112 0.0317 -0.0154 0.9685
1770392097.5232 0.0356 -0.0142 0.9746
1770392097.5353 0.0334 -0.0125 0.9783
1770392097.5472 0.0366 -0.0132 0.9724
1770392097.5591 0.0381 -0.0132 0.9719
1770392097.5712 0.0349 -0.0107 0.9685
1770392097.5824 0.0364 -0.0137 0.9753
1770392097.5943 0.0332 -0.0154 0.9705
1770392097.6064 0.0334 -0.0115 0.9700
1770392097.6183 0.0327 -0.0149 0.9724
1770392097.6314 0.0354 -0.0146 0.9688
1770392097.6424 0.0332 -0.0151 0.9688
1770392097.6544 0.0391 -0.0151 0.9734
1770392097.6664 0.0361 -0.0144 0.9700
1770392097.6794 0.0378 -0.0151 0.9712
1770392097.6904 0.0381 -0.0088 0.9727
1770392097.7034 0.0349 -0.0154 0.9727
1770392097.7153 0.0388 -0.0149 0.9736
1770392097.7265 0.0347 -0.0127 0.9739
1770392097.7385 0.0364 -0.0117 0.9727
1770392097.7505 0.0366 -0.0139 0.9773
1770392097.7625 0.0354 -0.0115 0.9744
1770392097.7747 0.0354 -0.0176 0.9714
1770392097.7872 0.0344 -0.0129 0.9666
1770392097.7994 0.0337 -0.0154 0.9727
1770392097.8115 0.0347 -0.0122 0.9722
1770392097.8230 0.0317 -0.0137 0.9736
1770392097.8351 0.0364 -0.0146 0.9746
1770392097.8472 0.0374 -0.0171 0.9758
1770392097.8592 0.0354 -0.0127 0.9729
1770392097.8713 0.0354 -0.0120 0.9709
1770392097.8833 0.0366 -0.0088 0.9724
1770392097.8952 0.0339 -0.0129 0.9731
1770392097.9073 0.0312 -0.0156 0.9646
1770392097.9193 0.0369 -0.0134 0.9714
1770392097.9312 0.0408 -0.0164 0.9729
1770392097.9433 0.0344 -0.0110 0.9685
1770392097.9552 0.0349 -0.0125 0.9751
1770392097.9674 0.0381 -0.0134 0.9712
1770392097.9788 0.0366 -0.0132 0.9756
1770392097.9912 0.0376 -0.0164 0.9736
1770392098.0035 0.0337 -0.0149 0.9741
1770392098.0146 0.0376 -0.0154 0.9719
1770392098.0268 0.0344 -0.0146 0.9709
1770392098.0389 0.0327 -0.0178 0.9722
1770392098.0509 0.0344 -0.0132 0.9729
1770392098.0630 0.0359 -0.0112 0.9734
1770392098.0750 0.0361 -0.0142 0.9771
1770392098.0871 0.0349 -0.0154 0.9702
1770392098.0992 0.0332 -0.0139 0.9771
1770392098.1113 0.0386 -0.0117 0.9729
1770392098.1233 0.0366 -0.0117 0.9758
1770392098.1353 0.0359 -0.0129 0.9734
1770392098.1465 0.0349 -0.0117 0.9727
1770392098.1585 0.0342 -0.0134 0.9705
1770392098.1705 0.0344 -0.0144 0.9729
1770392098.1829 0.0347 -0.0129 0.9741
1770392098.1950 0.0347 -0.0151 0.9714
1770392098.2071 0.0352 -0.0137 0.9707
1770392098.2191 0.0349 -0.0164 0.9685
1770392098.2312 0.0308 -0.0144 0.9712
1770392098.2425 0.0325 -0.0178 0.9766
1770392098.2545 0.0352 -0.0127 0.9702
1770392098.2667 0.0378 -0.0115 0.9751
1770392098.2787 0.0347 -0.0110 0.9758
1770392098.2907 0.0376 -0.0164 0.9751
1770392098.3027 0.0356 -0.0173 0.9751
1770392098.3148 0.0330 -0.0129 0.9702
1770392098.3269 0.0315 -0.0078 0.9707
1770392098.3389 0.0364 -0.0098 0.9705
1770392098.3509 0.0359 -0.0127 0.9719
1770392098.3628 0.0347 -0.0117 0.9729
1770392098.3750 0.0371 -0.0105 0.9722
1770392098.3876 0.0330 -0.0068 0.9734
1770392098.3996 0.0396 -0.0149 0.9749
1770392098.4114 0.0320 -0.0142 0.9729
1770392098.4235 0.0369 -0.0125 0.9709
1770392098.4356 0.0347 -0.0100 0.9761
1770392098.4476 0.0352 -0.0134 0.9727
1770392098.4596 0.0339 -0.0107 0.9702
1770392098.4716 0.0369 -0.0107 0.9712
1770392098.4836 0.0347 -0.0142 0.9685
1770392098.4956 0.0337 -0.0144 0.9729
1770392098.5078 0.0381 -0.0178 0.9736
1770392098.5188 0.0391 -0.0146 0.9714
1770392098.5307 0.0359 -0.0142 0.9731
1770392098.5429 0.0315 -0.0144 0.9697
1770392098.5548 0.0383 -0.0151 0.9780
1770392098.5668 0.0344 -0.0164 0.9744
1770392098.5788 0.0356 -0.0105 0.9719
1770392098.5909 0.0347 -0.0103 0.9768
1770392098.6029 0.0359 -0.0151 0.9751
1770392098.6149 0.0378 -0.0134 0.9678
1770392098.6269 0.0349 -0.0137 0.9690
1770392098.6389 0.0339 -0.0122 0.9712
1770392098.6509 0.0320 -0.0125 0.9702
1770392098.6630 0.0337 -0.0149 0.9790
1770392098.6750 0.0359 -0.0127 0.9763
1770392098.6871 0.0398 -0.0137 0.9709
1770392098.6992 0.0391 -0.0112 0.9741
1770392098.7113 0.0352 -0.0134 0.9722
1770392098.7235 0.0369 -0.0151 0.9690
1770392098.7355 0.0330 -0.0161 0.9675
1770392098.7476 0.0339 -0.0132 0.9753
1770392098.7587 0.0393 -0.0186 0.9697
1770392098.7707 0.0312 -0.0105 0.9739
1770392098.7830 0.0349 -0.0103 0.9695
1770392098.7950 0.0339 -0.0105 0.9700
1770392098.8072 0.0303 -0.0183 0.9724
1770392098.8192 0.0381 -0.0146 0.9751
1770392098.8313 0.0361 -0.0122 0.9739
1770392098.8435 0.0364 -0.0156 0.9644
1770392098.8555 0.0359 -0.0154 0.9731
1770392098.8675 0.0352 -0.0129 0.9692
1770392098.8796 0.0356 -0.0125 0.9673
1770392098.8916 0.0393 -0.0149 0.9768
1770392098.9037 0.0327 -0.0122 0.9753
1770392098.9155 0.0332 -0.0146 0.9668
1770392098.9276 0.0337 -0.0129 0.9729
1770392098.9396 0.0344 -0.0134 0.9761
1770392098.9515 0.0352 -0.0183 0.9749
1770392098.9635 0.0291 -0.0142 0.9736
1770392098.9754 0.0364 -0.0120 0.9690
1770392098.9876 0.0359 -0.0151 0.9709
1770392098.9997 0.0342 -0.0137 0.9727
1770392099.0115 0.0386 -0.0159 0.9756
1770392099.0236 0.0325 -0.0134 0.9744
1770392099.0356 0.0322 -0.0083 0.9722
1770392099.0476 0.0354 -0.0146 0.9724
1770392099.0595 0.0374 -0.0151 0.9736
1770392099.0715 0.0310 -0.0144 0.9648
1770392099.0835 0.0366 -0.0161 0.9700
1770392099.0955 0.0344 -0.0112 0.9717
1770392099.1075 0.0376 -0.0132 0.9731
1770392099.1196 0.0354 -0.0159 0.9690
1770392099.1314 0.0325 -0.0134 0.9712
1770392099.1435 0.0376 -0.0120 0.9731
1770392099.1555 0.0361 -0.0161 0.9729
1770392099.1676 0.0332 -0.0144 0.9673
1770392099.1790 0.0347 -0.0122 0.9714
1770392099.1911 0.0312 -0.0142 0.9761
1770392099.2031 0.0334 -0.0144 0.9702
1770392099.2152 0.0339 -0.0168 0.9746
1770392099.2272 0.0371 -0.0134 0.9756
1770392099.2393 0.0312 -0.0173 0.9695
1770392099.2515 0.0364 -0.0117 0.9719
1770392099.2637 0.0369 -0.0110 0.9734
1770392099.2758 0.0342 -0.0107 0.9717
1770392099.2870 0.0344 -0.0146 0.9734
1770392099.2991 0.0364 -0.0139 0.9683
1770392099.3111 0.0342 -0.0117 0.9741
1770392099.3232 0.0332 -0.0122 0.9685
1770392099.3352 0.0381 -0.0125 0.9766
1770392099.3471 0.0371 -0.0161 0.9709
1770392099.3592 0.0364 -0.0146 0.9707
1770392099.3713 0.0327 -0.0173 0.9746
1770392099.3831 0.0354 -0.0129 0.9739
1770392099.3950 0.0383 -0.0117 0.9688
1770392099.4070 0.0359 -0.0105 0.9697
1770392099.4190 0.0349 -0.0166 0.9741
1770392099.4310 0.0354 -0.0134 0.9702
1770392099.4430 0.0364 -0.0100 0.9763
1770392099.4550 0.0332 -0.0137 0.9751
1770392099.4671 0.0327 -0.0117 0.9709
1770392099.4792 0.0369 -0.0095 0.9719
1770392099.4913 0.0374 -0.0149 0.9700
1770392099.5035 0.0342 -0.0166 0.9734
1770392099.5155 0.0366 -0.0151 0.9771
1770392099.5276 0.0359 -0.0146 0.9736
1770392099.5396 0.0369 -0.0139 0.9695
1770392099.5516 0.0342 -0.0144 0.9749
1770392099.5635 0.0354 -0.0139 0.9712
1770392099.5759 0.0322 -0.0139 0.9695
1770392099.5881 0.0349 -0.0161 0.9756
1770392099.6002 0.0369 -0.0129 0.9778
1770392099.6120 0.0332 -0.0190 0.9719
1770392099.6240 0.0366 -0.0100 0.9756
1770392099.6360 0.0330 -0.0137 0.9731
1770392099.6480 0.0371 -0.0117 0.9727
1770392099.6600 0.0359 -0.0149 0.9680
1770392099.6720 0.0339 -0.0093 0.9714
1770392099.6840 0.0334 -0.0127 0.9695
1770392099.6960 0.0374 -0.0112 0.9739
1770392099.7080 0.0347 -0.0129 0.9709
1770392099.7201 0.0369 -0.0134 0.9727
1770392099.7320 0.0374 -0.0125 0.9749
1770392099.7441 0.0352 -0.0137 0.9741
1770392099.7561 0.0359 -0.0161 0.9768
1770392099.7682 0.0310 -0.0151 0.9736
1770392099.7804 0.0337 -0.0139 0.9736
1770392099.7916 0.0376 -0.0120 0.9746
1770392099.8037 0.0344 -0.0154 0.9690
1770392099.8158 0.0308 -0.0110 0.9763
1770392099.8278 0.0342 -0.0151 0.9751
1770392099.8399 0.0352 -0.0149 0.9717
1770392099.8519 0.0308 -0.0164 0.9707
1770392099.8639 0.0337 -0.0107 0.9812
1770392099.8760 0.0315 -0.0139 0.9663
1770392099.8881 0.0354 -0.0151 0.9705
1770392099.9002 0.0359 -0.0178 0.9692
1770392099.9121 0.0325 -0.0151 0.9712
1770392099.9241 0.0371 -0.0122 0.9810
1770392099.9362 0.0371 -0.0156 0.9736
1770392099.9482 0.0322 -0.0117 0.9751
1770392099.9603 0.0334 -0.0103 0.9775
1770392099.9723 0.0342 -0.0137 0.9678
1770392099.9837 0.0339 -0.0139 0.9744
1770392099.9958 0.0320 -0.0154 0.9709
1770392100.0078 0.0366 -0.0154 0.9634
1770392100.0199 0.0359 -0.0107 0.9673
1770392100.0319 0.0388 -0.0107 0.9763
1770392100.0440 0.0354 -0.0103 0.9763
1770392100.0561 0.0381 -0.0139 0.9761
1770392100.0681 0.0354 -0.0154 0.9705
1770392100.0803 0.0349 -0.0146 0.9729
1770392100.0923 0.0347 -0.0137 0.9753
1770392100.1045 0.0334 -0.0168 0.9758
1770392100.1165 0.0356 -0.0117 0.9690
1770392100.1286 0.0383 -0.0083 0.9690
1770392100.1396 0.0354 -0.0139 0.9678
1770392100.1517 0.0354 -0.0120 0.9734
1770392100.1637 0.0371 -0.0142 0.9746
1770392100.1766 0.0356 -0.0105 0.9697
1770392100.1878 0.0342 -0.0151 0.9744
1770392100.2001 0.0337 -0.0166 0.9761
1770392100.2122 0.0330 -0.0142 0.9724
1770392100.2239 0.0332 -0.0144 0.9707
1770392100.2364 0.0339 -0.0137 0.9714
1770392100.2478 0.0410 -0.0120 0.9709
1770392100.2600 0.0320 -0.0142 0.9783
1770392100.2723 0.0310 -0.0129 0.9734
1770392100.2845 0.0361 -0.0127 0.9761
1770392100.2958 0.0339 -0.0190 0.9756
1770392100.3079 0.0339 -0.0144 0.9783
1770392100.3202 0.0322 -0.0146 0.9741
1770392100.3323 0.0339 -0.0122 0.9712
1770392100.3437 0.0337 -0.0139 0.9688
1770392100.3560 0.0339 -0.0159 0.9790
1770392100.3688 0.0327 -0.0146 0.9763
1770392100.3804 0.0347 -0.0132 0.9675
1770392100.3917 0.0334 -0.0154 0.9709
1770392100.4043 0.0337 -0.0132 0.9631
1770392100.4167 0.0361 -0.0139 0.9658
1770392100.4280 0.0361 -0.0142 0.9707
1770392100.4405 0.0405 -0.0156 0.9729
1770392100.4517 0.0295 -0.0168 0.9702
1770392100.4640 0.0327 -0.0134 0.9690
1770392100.4764 0.0347 -0.0095 0.9653
1770392100.4879 0.0312 -0.0134 0.9766
1770392100.5004 0.0356 -0.0129 0.9724
1770392100.5117 0.0376 -0.0137 0.9697
1770392100.5242 0.0322 -0.0115 0.9763
1770392100.5362 0.0410 -0.0168 0.9731
1770392100.5486 0.0334 -0.0142 0.9773
1770392100.5600 0.0361 -0.0125 0.9702
1770392100.5725 0.0356 -0.0146 0.9807
1770392100.5846 0.0371 -0.0156 0.9780
1770392100.5958 0.0317 -0.0154 0.9766
1770392100.6081 0.0337 -0.0181 0.9736
1770392100.6203 0.0391 -0.0151 0.9709
1770392100.6326 0.0369 -0.0144 0.9734
1770392100.6438 0.0361 -0.0173 0.9697
1770392100.6563 0.0374 -0.0125 0.9707
1770392100.6690 0.0342 -0.0117 0.9761
1770392100.6798 0.0347 -0.0154 0.9736
1770392100.6922 0.0327 -0.0198 0.9805
1770392100.7045 0.0334 -0.0173 0.9775
1770392100.7167 0.0369 -0.0129 0.9702
1770392100.7280 0.0342 -0.0134 0.9709
1770392100.7402 0.0337 -0.0139 0.9753
1770392100.7524 0.0378 -0.0156 0.9744
1770392100.7645 0.0354 -0.0127 0.9761
1770392100.7758 0.0354 -0.0142 0.9717
1770392100.7883 0.0347 -0.0149 0.9790
1770392100.8008 0.0391 -0.0139 0.9692
1770392100.8121 0.0342 -0.0178 0.9705
1770392100.8245 0.0378 -0.0151 0.9731
1770392100.8360 0.0354 -0.0144 0.9707
1770392100.8484 0.0330 -0.0149 0.9749
1770392100.8608 0.0364 -0.0159 0.9685
1770392100.8719 0.0339 -0.0156 0.9700
1770392100.8841 0.0366 -0.0151 0.9756
1770392100.8964 0.0361 -0.0149 0.9731
1770392100.9086 0.0347 -0.0085 0.9724
1770392100.9200 0.0352 -0.0181 0.9729
1770392100.9320 0.0366 -0.0151 0.9712
1770392100.9444 0.0330 -0.0151 0.9709
1770392100.9565 0.0364 -0.0134 0.9697
1770392100.9688 0.0374 -0.0132 0.9731
1770392100.9800 0.0349 -0.0117 0.9680
1770392100.9929 0.0376 -0.0142 0.9763
1770392101.0043 0.0344 -0.0132 0.9673
1770392101.0161 0.0349 -0.0139 0.9746
1770392101.0285 0.0339 -0.0137 0.9722
1770392101.0408 0.0364 -0.0129 0.9685
1770392101.0520 0.0371 -0.0127 0.9714
1770392101.0642 0.0356 -0.0144 0.9751
1770392101.0765 0.0337 -0.0134 0.9722
1770392101.0888 0.0317 -0.0164 0.9658
1770392101.0999 0.0361 -0.0098 0.9768
1770392101.1123 0.0347 -0.0137 0.9731
1770392101.1245 0.0334 -0.0146 0.9700
1770392101.1368 0.0332 -0.0137 0.9692
1770392101.1480 0.0354 -0.0166 0.9683
1770392101.1602 0.0347 -0.0100 0.9766
1770392101.1725 0.0386 -0.0164 0.9719
1770392101.1841 0.0325 -0.0186 0.9707
1770392101.1965 0.0356 -0.0105 0.9707
1770392101.2090 0.0305 -0.0112 0.9802
1770392101.2202 0.0369 -0.0146 0.9697
1770392101.2326 0.0349 -0.0120 0.9727
1770392101.2439 0.0327 -0.0144 0.9724
1770392101.2563 0.0312 -0.0132 0.9763
1770392101.2687 0.0366 -0.0117 0.9658
1770392101.2799 0.0371 -0.0142 0.9736
1770392101.2922 0.0386 -0.0103 0.9680
1770392101.3043 0.0339 -0.0139 0.9705
1770392101.3159 0.0332 -0.0144 0.9719
1770392101.3287 0.0349 -0.0112 0.9724
1770392101.3402 0.0361 -0.0127 0.9685
1770392101.3528 0.0378 -0.0110 0.9744
1770392101.3640 0.0347 -0.0105 0.9683
1770392101.3765 0.0347 -0.0098 0.9719
1770392101.3889 0.0320 -0.0156 0.9700
1770392101.4001 0.0356 -0.0144 0.9741
1770392101.4124 0.0349 -0.0125 0.9751
1770392101.4247 0.0342 -0.0134 0.9773
1770392101.4360 0.0320 -0.0144 0.9722
1770392101.4484 0.0369 -0.0112 0.9771
1770392101.4605 0.0371 -0.0142 0.9678
1770392101.4728 0.0308 -0.0149 0.9670
1770392101.4840 0.0317 -0.0132 0.9683
1770392101.4963 0.0132 -0.0132 0.9626
1770392101.5087 0.0066 -0.0142 0.9946
1770392101.5209 0.0618 -0.0037 0.9756
1770392101.5320 0.0552 -0.0278 0.9668
1770392101.5443 0.0584 -0.0227 0.9863
1770392101.5564 0.0584 0.0149 0.9524
1770392101.5688 0.0205 0.0024 1.0032
1770392101.5803 0.0071 -0.0217 0.9358
1770392101.5926 0.0181 -0.0356 0.9858
1770392101.6048 0.0425 -0.0115 0.9646
1770392101.6160 0.0405 -0.0103 0.9841
1770392101.6283 0.0325 -0.0171 0.9604
1770392101.6405 0.0325 -0.0237 0.9688
1770392101.6528 0.0413 0.0068 0.9778
1770392101.6649 0.0483 0.0110 0.9600
1770392101.6761 0.0317 -0.0190 0.9807
1770392101.6884 0.0322 -0.0366 0.9277
1770392101.7007 0.0603 -0.0349 1.0000
1770392101.7122 0.0242 -0.0132 0.9907
1770392101.7243 -0.0078 0.0049 0.9426
1770392101.7367 -0.0090 0.0083 0.9871
1770392101.7480 0.0200 -0.0132 0.9817
1770392101.7602 0.0420 -0.0310 0.9771
1770392101.7724 0.0535 -0.0381 0.9670
1770392101.7846 0.0444 -0.0339 0.9707
1770392101.7969 0.0627 0.0188 0.9822
1770392101.8085 0.0525 0.0227 0.9617
1770392101.8208 0.0127 -0.0298 0.9868
1770392101.8321 0.0107 -0.0415 0.9470
1770392101.8443 0.0239 -0.0305 0.9961
1770392101.8565 0.0488 0.0037 0.9695
1770392101.8688 0.0315 0.0046 0.9890
1770392101.8800 0.0132 -0.0137 0.9595
1770392101.8923 0.0303 -0.0295 0.9617
1770392101.9047 0.0584 -0.0300 0.9900
1770392101.9168 0.0635 -0.0017 0.9836
1770392101.9281 0.0452 -0.0061 0.9751
1770392101.9402 0.0215 -0.0305 0.9634
1770392101.9527 0.0173 -0.0139 0.9753
1770392101.9648 0.0249 0.0020 0.9736
1770392101.9760 0.0283 -0.0142 0.9927
1770392101.9886 0.0310 -0.0239 0.9888
1770392102.0010 0.0466 -0.0254 0.9568
1770392102.0122 0.0703 -0.0151 0.9590
1770392102.0248 0.0688 -0.0029 0.9873
1770392102.0369 0.0398 -0.0083 0.9998
1770392102.0482 0.0144 -0.0342 0.9841
1770392102.0604 0.0232 -0.0371 1.0132
1770392102.0727 -0.0051 -0.0623 1.0747
1770392102.0849 -0.0393 -0.1086 0.9702
1770392102.0961 -0.0178 -0.1133 1.0691
1770392102.1083 0.0000 -0.0605 0.9763
1770392102.1206 -0.0044 -0.0479 0.9946
1770392102.1327 -0.0444 -0.0627 1.0405
1770392102.1450 -0.0708 -0.0706 0.9116
1770392102.1560 -0.0615 -0.0603 0.9358
1770392102.1684 -0.0845 -0.0586 0.9016
1770392102.1807 -0.0391 -0.0303 0.9343
1770392102.1931 -0.0510 -0.0347 0.9146
1770392102.2042 -0.0474 -0.0300 0.9934
1770392102.2163 -0.0483 -0.0088 0.9480
1770392102.2286 -0.0593 0.0078 0.9041
1770392102.2408 -0.0657 0.0168 0.9858
1770392102.2526 -0.0642 0.0225 1.0591
1770392102.2642 -0.0713 0.0115 1.0701
1770392102.2766 -0.0605 -0.0139 1.0842
1770392102.2889 -0.0632 -0.0181 1.0471
1770392102.3004 -0.0527 -0.0225 1.0154
1770392102.3129 -0.0540 -0.0278 0.9839
1770392102.3242 -0.0469 -0.0303 0.9734
1770392102.3368 -0.0308 -0.0203 0.9797
1770392102.3485 -0.0239 -0.0166 0.9888
1770392102.3603 -0.0205 -0.0127 0.9863
1770392102.3732 -0.0266 -0.0112 0.9695
1770392102.3844 -0.0283 -0.0098 0.9539
1770392102.3967 -0.0273 -0.0222 0.9492
1770392102.4092 -0.0283 -0.0234 0.9575
1770392102.4202 -0.0317 -0.0310 0.9690
1770392102.4324 -0.0288 -0.0400 0.9758
1770392102.4446 -0.0288 -0.0396 0.9600
1770392102.4569 -0.0325 -0.0393 0.9546
1770392102.4692 -0.0266 -0.0505 0.9565
1770392102.4803 -0.0215 -0.0532 0.9702
1770392102.4925 -0.0139 -0.0569 0.9846
1770392102.5048 -0.0146 -0.0571 0.9731
1770392102.5169 -0.0156 -0.0552 0.9636
1770392102.5285 -0.0188 -0.0510 0.9739
1770392102.5403 -0.0164 -0.0442 1.0015
1770392102.5529 -0.0115 -0.0342 0.9893
1770392102.5649 -0.0103 -0.0339 0.9888
1770392102.5768 -0.0002 -0.0454 0.9639
1770392102.5883 0.0056 -0.0400 0.9456
1770392102.6006 0.0103 -0.0430 0.9397
1770392102.6127 0.0178 -0.0366 0.9399
1770392102.6250 0.0271 -0.0381 0.9429
1770392102.6364 0.0283 -0.0308 0.9348
1770392102.6488 0.0308 -0.0337 0.9343
1770392102.6609 0.0320 -0.0271 0.9436
1770392102.6724 0.0391 -0.0134 0.9563
1770392102.6850 0.0483 -0.0151 0.9551
1770392102.6971 0.0474 -0.0166 0.9478
1770392102.7085 0.0579 -0.0085 0.9270
1770392102.7210 0.0679 0.0041 0.9343
1770392102.7323 0.0906 0.0142 0.9451
1770392102.7448 0.1106 0.0200 0.9592
1770392102.7570 0.1321 0.0212 0.9390
1770392102.7685 0.1379 0.0232 0.9104
1770392102.7805 0.1401 0.0244 0.8987
1770392102.7931 0.1492 0.0398 0.9221
1770392102.8043 0.1616 0.0535 0.9431
1770392102.8165 0.1736 0.0522 0.9460
1770392102.8288 0.1838 0.0403 0.9358
1770392102.8410 0.1782 0.0312 0.9326
1770392102.8522 0.1707 0.0200 0.9441
1770392102.8645 0.1685 0.0103 0.9639
1770392102.8766 0.1648 0.0034 0.9712
1770392102.8891 0.1670 -0.0146 0.9817
1770392102.9002 0.1675 -0.0227 0.9883
1770392102.9123 0.1736 -0.0188 0.9856
1770392102.9247 0.1655 -0.0164 0.9614
1770392102.9370 0.1633 -0.0051 0.9250
1770392102.9484 0.1587 -0.0176 0.9031
1770392102.9606 0.1594 -0.0195 0.8933
1770392102.9730 0.1597 -0.0420 0.8945
1770392102.9851 0.1653 -0.0503 0.9097
1770392102.9963 0.1616 -0.0601 0.9207
1770392103.0086 0.1572 -0.0610 0.9246
1770392103.0209 0.1565 -0.0623 0.9229
1770392103.0332 0.1470 -0.0588 0.9180
1770392103.0444 0.1450 -0.0684 0.9180
1770392103.0566 0.1414 -0.0837 0.9331
1770392103.0691 0.1365 -0.1096 0.9404
1770392103.0805 0.1338 -0.1128 0.9424
1770392103.0927 0.1211 -0.1057 0.9390
1770392103.1053 0.1155 -0.0955 0.9324
1770392103.1166 0.1213 -0.1089 0.9387
1770392103.1290 -0.0083 0.3635 1.9255
1770392103.1412 0.1763 -0.2585 0.8142
1770392103.1524 -0.1025 -0.4543 0.9917
1770392103.1647 0.0769 -0.0864 1.1116
1770392103.1787 -0.0305 -0.0833 0.5564
1770392103.1891 0.0798 -0.2317 0.8467
1770392103.2004 0.0920 -0.0510 0.7600
1770392103.2126 0.1406 -0.0977 0.9373
1770392103.2248 0.1165 -0.1389 0.9292
1770392103.2371 0.1306 -0.0779 0.9790
1770392103.2494 0.1343 -0.1057 0.9622
1770392103.2605 0.1411 -0.1340 0.9543
1770392103.2727 0.1550 -0.1362 1.0208
1770392103.2850 0.1641 -0.1333 0.9519
1770392103.2963 0.1772 -0.1147 0.9783
1770392103.3086 0.1965 -0.1125 1.0320
1770392103.3209 0.2097 -0.0823 0.9587
1770392103.3331 0.1423 -0.1094 1.0920
1770392103.3446 0.2117 -0.0693 1.0232
1770392103.3566 0.2095 -0.0862 1.0789
1770392103.3689 0.2231 -0.0837 0.9929
1770392103.3806 0.2295 -0.0701 0.9626
1770392103.3932 0.1833 -0.1069 0.9336
1770392103.4048 0.2041 -0.0571 0.8992
1770392103.4171 0.1780 -0.0815 0.9199
1770392103.4284 0.1741 -0.0833 0.9334
1770392103.4408 0.1614 -0.0959 0.9043
1770392103.4531 0.1196 -0.1436 0.8772
1770392103.4644 0.1333 -0.1089 0.9243
1770392103.4765 0.1125 -0.1223 0.9890
1770392103.4888 0.1323 -0.0784 1.0005
1770392103.5010 0.1301 -0.0889 0.9775
1770392103.5131 0.1265 -0.0752 0.9458
1770392103.5244 0.1179 -0.0735 0.9314
1770392103.5369 0.1179 -0.0859 0.9429
1770392103.5493 0.1465 -0.0874 0.8347
1770392103.5606 0.1042 -0.0833 0.8801
1770392103.5730 0.0779 -0.0938 0.9426
1770392103.5849 0.0701 -0.1077 1.0059
1770392103.5973 0.0444 -0.1267 1.0945
1770392103.6088 0.0808 -0.1284 1.0166
1770392103.6204 0.0515 -0.1499 0.9878
1770392103.6328 0.0815 -0.0898 0.8979
1770392103.6451 0.0945 -0.0459 0.8838
1770392103.6573 0.0938 -0.0820 0.8862
1770392103.6695 0.0959 -0.0386 0.9517
1770392103.6808 0.1755 0.0129 0.9307
1770392103.6930 0.1311 -0.0261 0.9172
1770392103.7050 0.1035 -0.0383 1.0029
1770392103.7173 0.0947 -0.0337 0.8977
1770392103.7288 0.1067 -0.0305 1.0051
1770392103.7413 0.1079 -0.0581 0.9753
1770392103.7526 0.1128 -0.0176 0.8843
1770392103.7649 0.1096 -0.0386 1.0254
1770392103.7772 0.2729 -0.1238 1.0906
1770392103.7887 0.3086 -0.1143 1.1973
1770392103.8007 0.1106 -0.0105 0.8335
1770392103.8132 0.0386 -0.0520 0.8401
1770392103.8245 0.0603 -0.0139 0.9829
1770392103.8368 0.1050 -0.0098 0.8709
1770392103.8491 0.2058 0.0056 1.0037
1770392103.8613 0.2312 -0.0381 1.0076
1770392103.8725 0.0964 -0.1511 1.0100
1770392103.8847 -0.0088 -0.1318 0.9312
1770392103.8970 0.0005 0.0171 1.0674
1770392103.9093 -0.0105 0.0898 0.9465
1770392103.9207 -0.0471 0.0623 0.9617
1770392103.9328 -0.0168 0.0710 1.0420
1770392103.9451 0.0518 -0.0103 0.9453
1770392103.9573 0.0876 -0.0332 0.9993
1770392103.9685 0.0647 -0.0513 0.9504
1770392103.9805 0.0149 -0.0427 0.9988
1770392103.9930 0.0339 -0.0996 0.9470
1770392104.0052 0.0732 -0.0852 1.0139
1770392104.0175 0.1189 -0.0251 0.9299
1770392104.0291 0.1018 0.0071 0.9617
1770392104.0405 0.0852 0.0193 1.0156
1770392104.0528 0.0198 0.0107 0.9270
1770392104.0649 0.0066 -0.0242 0.9509
1770392104.0772 0.0542 -0.0132 1.0063
1770392104.0896 0.0825 -0.0122 0.9697
1770392104.1007 0.0747 -0.0181 0.9600
1770392104.1129 0.0457 -0.0386 0.9963
1770392104.1251 0.0349 -0.0212 0.9492
1770392104.1374 0.0125 -0.0347 0.9519
1770392104.1486 0.0530 -0.0105 0.9932
1770392104.1610 0.0562 -0.0049 0.9370
1770392104.1732 0.0686 0.0081 1.0027
1770392104.1848 0.0593 0.0000 0.9607
1770392104.1970 0.0374 -0.0190 0.9226
1770392104.2093 0.0522 -0.0173 1.0247
1770392104.2205 0.0452 -0.0317 0.9463
1770392104.2326 0.0569 -0.0183 0.9868
1770392104.2448 0.0620 -0.0171 0.9570
1770392104.2571 0.0664 -0.0093 0.9963
1770392104.2693 0.0374 -0.0134 0.9695
1770392104.2806 0.0508 -0.0142 0.9465
1770392104.2928 0.0503 -0.0125 0.9944
1770392104.3051 0.0564 -0.0171 0.9714
1770392104.3173 0.0464 -0.0166 0.9653
1770392104.3296 0.0530 -0.0156 0.9724
1770392104.3408 0.0461 -0.0144 0.9773
1770392104.3530 0.0547 -0.0083 0.9712
1770392104.3650 0.0549 -0.0144 0.9585
1770392104.3791 0.0535 -0.0176 0.9841
1770392104.3894 0.0461 -0.0242 0.9688
1770392104.4007 0.0427 -0.0200 0.9719
1770392104.4130 0.0537 -0.0166 0.9680
1770392104.4253 0.0564 -0.0095 0.9810
1770392104.4375 0.0542 -0.0142 0.9626
1770392104.4487 0.0515 -0.0159 0.9619
1770392104.4609 0.0540 -0.0190 0.9778
1770392104.4732 0.0471 -0.0168 0.9692
1770392104.4854 0.0479 -0.0186 0.9705
1770392104.4966 0.0471 -0.0144 0.9707
1770392104.5088 0.0510 -0.0112 0.9719
1770392104.5211 0.0530 -0.0103 0.9729
1770392104.5332 0.0554 -0.0112 0.9722
1770392104.5456 0.0535 -0.0149 0.9751
1770392104.5567 0.0498 -0.0220 0.9668
1770392104.5689 0.0527 -0.0173 0.9722
1770392104.5814 0.0542 -0.0142 0.9810
1770392104.5936 0.0522 -0.0117 0.9727
1770392104.6049 0.0530 -0.0085 0.9675
1770392104.6174 0.0500 -0.0144 0.9761
1770392104.6297 0.0552 -0.0195 0.9712
1770392104.6410 0.0498 -0.0168 0.9683
1770392104.6531 0.0557 -0.0161 0.9761
1770392104.6653 0.0530 -0.0156 0.9741
1770392104.6775 0.0527 -0.0125 0.9773
1770392104.6888 0.0530 -0.0127 0.9651
1770392104.7010 0.0532 -0.0132 0.9731
1770392104.7132 0.0515 -0.0171 0.9773
1770392104.7253 0.0498 -0.0134 0.9756
1770392104.7376 0.0525 -0.0205 0.9727
1770392104.7489 0.0544 -0.0151 0.9692
1770392104.7611 0.0500 -0.0098 0.9700
1770392104.7737 0.0535 -0.0161 0.9731
1770392104.7856 0.0505 -0.0178 0.9731
1770392104.7975 0.0518 -0.0164 0.9761
1770392104.8090 0.0525 -0.0149 0.9695
1770392104.8213 0.0515 -0.0171 0.9722
1770392104.8336 0.0525 -0.0105 0.9744
1770392104.8447 0.0486 -0.0146 0.9663
1770392104.8569 0.0513 -0.0151 0.9780
1770392104.8692 0.0503 -0.0178 0.9763
1770392104.8814 0.0513 -0.0176 0.9734
1770392104.8928 0.0559 -0.0173 0.9705
1770392104.9053 0.0510 -0.0190 0.9683
1770392104.9168 0.0525 -0.0186 0.9709
1770392104.9292 0.0530 -0.0156 0.9695
1770392104.9414 0.0518 -0.0154 0.9724
1770392104.9528 0.0532 -0.0134 0.9692
1770392104.9650 0.0547 -0.0146 0.9683
1770392104.9778 0.0537 -0.0164 0.9771
1770392104.9891 0.0557 -0.0183 0.9709
1770392105.0016 0.0535 -0.0139 0.9697
1770392105.0131 0.0513 -0.0166 0.9749
1770392105.0254 0.0540 -0.0159 0.9734
1770392105.0370 0.0510 -0.0134 0.9709
1770392105.0493 0.0525 -0.0139 0.9729
1770392105.0614 0.0569 -0.0129 0.9736
1770392105.0737 0.0540 -0.0186 0.9800
1770392105.0848 0.0479 -0.0142 0.9761
1770392105.0971 0.0515 -0.0139 0.9709
1770392105.1092 0.0510 -0.0151 0.9680
1770392105.1214 0.0483 -0.0181 0.9736
1770392105.1336 0.0515 -0.0132 0.9758
1770392105.1459 0.0542 -0.0144 0.9714
1770392105.1573 0.0527 -0.0161 0.9719
1770392105.1696 0.0537 -0.0134 0.9712
1770392105.1816 0.0508 -0.0149 0.9753
1770392105.1933 0.0544 -0.0154 0.9727
1770392105.2055 0.0498 -0.0161 0.9695
1770392105.2179 0.0544 -0.0151 0.9731
1770392105.2291 0.0540 -0.0156 0.9749
1770392105.2415 0.0566 -0.0183 0.9724
1770392105.2529 0.0491 -0.0151 0.9775
1770392105.2652 0.0515 -0.0164 0.9675
1770392105.2778 0.0491 -0.0139 0.9724
1770392105.2891 0.0547 -0.0168 0.9695
1770392105.3014 0.0508 -0.0125 0.9714
1770392105.3139 0.0518 -0.0146 0.9712
1770392105.3250 0.0513 -0.0176 0.9749
1770392105.3375 0.0542 -0.0127 0.9736
1770392105.3498 0.0505 -0.0137 0.9644
1770392105.3611 0.0513 -0.0156 0.9722
1770392105.3736 0.0510 -0.0164 0.9697
1770392105.3850 0.0508 -0.0161 0.9705
1770392105.3972 0.0505 -0.0156 0.9709
1770392105.4094 0.0520 -0.0137 0.9719
1770392105.4216 0.0535 -0.0115 0.9709
1770392105.4339 0.0540 -0.0134 0.9746
1770392105.4450 0.0520 -0.0159 0.9731
1770392105.4573 0.0500 -0.0203 0.9705
1770392105.4694 0.0540 -0.0149 0.9702
1770392105.4818 0.0520 -0.0178 0.9766
1770392105.4931 0.0530 -0.0186 0.9724
1770392105.5054 0.0522 -0.0144 0.9727
1770392105.5170 0.0525 -0.0122 0.9695
1770392105.5293 0.0530 -0.0156 0.9761
1770392105.5415 0.0549 -0.0154 0.9651
1770392105.5536 0.0505 -0.0151 0.9749
1770392105.5656 0.0493 -0.0156 0.9692
1770392105.5780 0.0540 -0.0159 0.9727
1770392105.5893 0.0518 -0.0146 0.9717
1770392105.6015 0.0518 -0.0161 0.9739
1770392105.6134 0.0520 -0.0183 0.9734
1770392105.6259 0.0508 -0.0181 0.9707
1770392105.6374 0.0547 -0.0190 0.9797
1770392105.6497 0.0520 -0.0151 0.9731
1770392105.6611 0.0549 -0.0203 0.9709
1770392105.6735 0.0559 -0.0132 0.9746
1770392105.6857 0.0522 -0.0181 0.9731
1770392105.6972 0.0518 -0.0100 0.9722
1770392105.7096 0.0549 -0.0168 0.9780
1770392105.7211 0.0530 -0.0171 0.9741
1770392105.7337 0.0515 -0.0178 0.9788
1770392105.7460 0.0513 -0.0190 0.9702
1770392105.7573 0.0549 -0.0134 0.9736
1770392105.7695 0.0515 -0.0156 0.9744
1770392105.7815 0.0559 -0.0159 0.9690
1770392105.7939 0.0525 -0.0181 0.9712
1770392105.8051 0.0571 -0.0161 0.9749
1770392105.8174 0.0508 -0.0149 0.9719
1770392105.8300 0.0520 -0.0149 0.9683
1770392105.8414 0.0500 -0.0117 0.9697
1770392105.8538 0.0510 -0.0146 0.9719
1770392105.8661 0.0554 -0.0105 0.9712
1770392105.8773 0.0520 -0.0159 0.9783
1770392105.8897 0.0549 -0.0193 0.9656
1770392105.9020 0.0510 -0.0137 0.9695
1770392105.9131 0.0513 -0.0168 0.9668
1770392105.9254 0.0549 -0.0125 0.9719
1770392105.9377 0.0476 -0.0137 0.9751
1770392105.9499 0.0510 -0.0127 0.9702
1770392105.9611 0.0540 -0.0139 0.9741
1770392105.9734 0.0564 -0.0176 0.9722
1770392105.9854 0.0532 -0.0161 0.9724
1770392105.9976 0.0525 -0.0125 0.9780
1770392106.0094 0.0530 -0.0154 0.9727
1770392106.0211 0.0535 -0.0137 0.9739
1770392106.0334 0.0518 -0.0161 0.9697
1770392106.0456 0.0564 -0.0156 0.9753
1770392106.0578 0.0503 -0.0168 0.9692
1770392106.0699 0.0525 -0.0159 0.9719
1770392106.0812 0.0535 -0.0115 0.9714
1770392106.0935 0.0508 -0.0134 0.9685
1770392106.1057 0.0520 -0.0149 0.9700
1770392106.1178 0.0510 -0.0120 0.9707
1770392106.1292 0.0525 -0.0166 0.9734
1770392106.1414 0.0518 -0.0173 0.9722
1770392106.1538 0.0510 -0.0151 0.9749
1770392106.1659 0.0500 -0.0149 0.9717
1770392106.1783 0.0522 -0.0173 0.9739
1770392106.1903 0.0500 -0.0156 0.9707
1770392106.2016 0.0518 -0.0186 0.9751
1770392106.2139 0.0525 -0.0156 0.9746
1770392106.2256 0.0525 -0.0176 0.9746
1770392106.2381 0.0532 -0.0159 0.9714
1770392106.2500 0.0505 -0.0154 0.9700
1770392106.2615 0.0510 -0.0122 0.9749
1770392106.2740 0.0525 -0.0166 0.9773
1770392106.2863 0.0537 -0.0144 0.9661
1770392106.2976 0.0525 -0.0132 0.9717
1770392106.3098 0.0518 -0.0164 0.9670
1770392106.3222 0.0500 -0.0156 0.9695
1770392106.3344 0.0532 -0.0127 0.9690
1770392106.3455 0.0537 -0.0164 0.9683
1770392106.3577 0.0520 -0.0125 0.9714
1770392106.3701 0.0549 -0.0164 0.9719
1770392106.3826 0.0471 -0.0149 0.9675
1770392106.3939 0.0508 -0.0127 0.9739
1770392106.4062 0.0525 -0.0159 0.9709
1770392106.4184 0.0532 -0.0127 0.9648
1770392106.4296 0.0571 -0.0137 0.9702
1770392106.4422 0.0508 -0.0164 0.9692
1770392106.4536 0.0527 -0.0195 0.9761
1770392106.4660 0.0544 -0.0161 0.9727
1770392106.4783 0.0508 -0.0166 0.9719
1770392106.4898 0.0513 -0.0186 0.9756
1770392106.5022 0.0532 -0.0129 0.9739
1770392106.5145 0.0566 -0.0115 0.9729
1770392106.5256 0.0544 -0.0142 0.9739
1770392106.5380 0.0537 -0.0183 0.9756
1770392106.5502 0.0552 -0.0156 0.9685
1770392106.5625 0.0510 -0.0139 0.9661
1770392106.5737 0.0535 -0.0159 0.9722
1770392106.5864 0.0525 -0.0156 0.9717
1770392106.5978 0.0525 -0.0122 0.9714
1770392106.6101 0.0559 -0.0151 0.9709
1770392106.6225 0.0518 -0.0125 0.9734
1770392106.6338 0.0532 -0.0190 0.9744
1770392106.6459 0.0537 -0.0156 0.9692
1770392106.6581 0.0522 -0.0168 0.9727
1770392106.6703 0.0535 -0.0173 0.9727
1770392106.6825 0.0540 -0.0168 0.9746
1770392106.6937 0.0500 -0.0137 0.9719
1770392106.7059 0.0540 -0.0156 0.9683
1770392106.7181 0.0525 -0.0164 0.9700
1770392106.7304 0.0532 -0.0132 0.9729
1770392106.7426 0.0498 -0.0142 0.9717
1770392106.7538 0.0530 -0.0127 0.9673
1770392106.7659 0.0510 -0.0151 0.9756
1770392106.7783 0.0500 -0.0164 0.9788
1770392106.7897 0.0544 -0.0156 0.9727
1770392106.8022 0.0513 -0.0151 0.9688
1770392106.8145 0.0510 -0.0173 0.9697
1770392106.8260 0.0522 -0.0139 0.9702
1770392106.8384 0.0535 -0.0151 0.9727
1770392106.8498 0.0574 -0.0149 0.9705
1770392106.8622 0.0491 -0.0171 0.9719
1770392106.8745 0.0535 -0.0156 0.9744
1770392106.8857 0.0562 -0.0146 0.9849
1770392106.8980 0.0537 -0.0151 0.9692
1770392106.9102 0.0491 -0.0137 0.9744
1770392106.9225 0.0530 -0.0144 0.9761
1770392106.9337 0.0535 -0.0144 0.9744
1770392106.9460 0.0496 -0.0154 0.9746
1770392106.9581 0.0508 -0.0166 0.9712
1770392106.9704 0.0544 -0.0161 0.9727
1770392106.9817 0.0540 -0.0161 0.9714
1770392106.9942 0.0520 -0.0164 0.9724
1770392107.0064 0.0552 -0.0166 0.9692
1770392107.0186 0.0508 -0.0151 0.9731
1770392107.0299 0.0544 -0.0176 0.9731
1770392107.0426 0.0518 -0.0132 0.9731
1770392107.0538 0.0532 -0.0164 0.9741
1770392107.0658 0.0569 -0.0139 0.9717
1770392107.0781 0.0515 -0.0107 0.9724
1770392107.0906 0.0474 -0.0173 0.9756
1770392107.1019 0.0510 -0.0190 0.9746
1770392107.1141 0.0496 -0.0186 0.9758
1770392107.1264 0.0500 -0.0173 0.9775
1770392107.1386 0.0525 -0.0156 0.9678
1770392107.1497 0.0522 -0.0129 0.9736
1770392107.1620 0.0542 -0.0137 0.9690
1770392107.1742 0.0498 -0.0159 0.9712
1770392107.1858 0.0515 -0.0146 0.9692
1770392107.1981 0.0508 -0.0208 0.9719
1770392107.2103 0.0488 -0.0142 0.9705
1770392107.2225 0.0518 -0.0154 0.9719
1770392107.2337 0.0520 -0.0159 0.9761
1770392107.2460 0.0498 -0.0154 0.9705
1770392107.2581 0.0466 -0.0146 0.9692
1770392107.2704 0.0510 -0.0127 0.9658
1770392107.2825 0.0537 -0.0146 0.9690
1770392107.2937 0.0527 -0.0159 0.9722
1770392107.3060 0.0527 -0.0149 0.9717
1770392107.3181 0.0513 -0.0159 0.9714
1770392107.3304 0.0542 -0.0132 0.9712
1770392107.3427 0.0522 -0.0134 0.9766
1770392107.3538 0.0542 -0.0154 0.9722
1770392107.3659 0.0554 -0.0129 0.9744
1770392107.3783 0.0564 -0.0151 0.9724
1770392107.3907 0.0522 -0.0156 0.9695
1770392107.4019 0.0566 -0.0125 0.9758
1770392107.4140 0.0505 -0.0164 0.9709
1770392107.4263 0.0535 -0.0178 0.9729
1770392107.4384 0.0527 -0.0173 0.9729
1770392107.4499 0.0498 -0.0156 0.9749
1770392107.4623 0.0549 -0.0149 0.9761
1770392107.4745 0.0522 -0.0168 0.9731
1770392107.4859 0.0527 -0.0144 0.9700
1770392107.4980 0.0525 -0.0171 0.9741
1770392107.5103 0.0493 -0.0168 0.9771
1770392107.5226 0.0437 -0.0149 0.9705
1770392107.5344 0.0559 -0.0171 0.9683
1770392107.5463 0.0513 -0.0122 0.9746
1770392107.5587 0.0552 -0.0146 0.9722
1770392107.5705 0.0537 -0.0134 0.9741
1770392107.5826 0.0483 -0.0151 0.9717
1770392107.5945 0.0513 -0.0139 0.9705
1770392107.6059 0.0549 -0.0146 0.9746
1770392107.6184 0.0518 -0.0151 0.9695
1770392107.6306 0.0532 -0.0188 0.9729
1770392107.6418 0.0510 -0.0134 0.9717
1770392107.6539 0.0525 -0.0139 0.9705
1770392107.6660 0.0535 -0.0144 0.9771
1770392107.6780 0.0510 -0.0186 0.9683
1770392107.6902 0.0505 -0.0142 0.9700
1770392107.7024 0.0510 -0.0154 0.9658
1770392107.7144 0.0486 -0.0154 0.9731
1770392107.7267 0.0515 -0.0115 0.9702
1770392107.7380 0.0525 -0.0134 0.9790
1770392107.7505 0.0476 -0.0139 0.9709
1770392107.7618 0.0500 -0.0151 0.9690
1770392107.7741 0.0544 -0.0134 0.9729
1770392107.7862 0.0493 -0.0122 0.9690
1770392107.7979 0.0530 -0.0151 0.9690
1770392107.8103 0.0503 -0.0139 0.9724
1770392107.8228 0.0518 -0.0149 0.9741
1770392107.8340 0.0527 -0.0171 0.9690
1770392107.8461 0.0525 -0.0134 0.9705
1770392107.8583 0.0537 -0.0164 0.9705
1770392107.8705 0.0522 -0.0151 0.9707
1770392107.8818 0.0520 -0.0166 0.9714
1770392107.8939 0.0481 -0.0149 0.9678
1770392107.9062 0.0505 -0.0178 0.9744
1770392107.9185 0.0552 -0.0142 0.9751
1770392107.9299 0.0500 -0.0146 0.9685
1770392107.9426 0.0554 -0.0161 0.9724
1770392107.9538 0.0571 -0.0137 0.9746
1770392107.9661 0.0525 -0.0151 0.9707
1770392107.9785 0.0525 -0.0120 0.9731
1770392107.9903 0.0557 -0.0146 0.9729
1770392108.0028 0.0522 -0.0146 0.9719
1770392108.0139 0.0527 -0.0161 0.9727
1770392108.0262 0.0520 -0.0129 0.9756
1770392108.0384 0.0557 -0.0166 0.9749
1770392108.0499 0.0518 -0.0146 0.9692
1770392108.0621 0.0483 -0.0154 0.9719
1770392108.0743 0.0488 -0.0125 0.9705
1770392108.0866 0.0537 -0.0171 0.9727
1770392108.0988 0.0522 -0.0139 0.9661
1770392108.1109 0.0530 -0.0178 0.9749
1770392108.1223 0.0527 -0.0168 0.9663
1770392108.1346 0.0500 -0.0137 0.9683
1770392108.1461 0.0547 -0.0181 0.9709
1770392108.1582 0.0537 -0.0161 0.9695
1770392108.1705 0.0522 -0.0159 0.9705
1770392108.1822 0.0537 -0.0181 0.9722
1770392108.1947 0.0522 -0.0149 0.9705
1770392108.2069 0.0535 -0.0151 0.9800
1770392108.2180 0.0527 -0.0181 0.9785
1770392108.2303 0.0503 -0.0120 0.9707
1770392108.2427 0.0581 -0.0161 0.9702
1770392108.2539 0.0503 -0.0132 0.9753
1770392108.2661 0.0544 -0.0164 0.9768
1770392108.2784 0.0552 -0.0178 0.9734
1770392108.2907 0.0552 -0.0173 0.9705
1770392108.3019 0.0522 -0.0176 0.9734
1770392108.3141 0.0520 -0.0168 0.9712
1770392108.3263 0.0540 -0.0142 0.9734
1770392108.3386 0.0527 -0.0146 0.9729
1770392108.3508 0.0491 -0.0122 0.9700
1770392108.3623 0.0530 -0.0161 0.9727
1770392108.3745 0.0542 -0.0149 0.9680
1770392108.3861 0.0552 -0.0146 0.9729
1770392108.3987 0.0513 -0.0149 0.9690
1770392108.4109 0.0535 -0.0154 0.9746
1770392108.4223 0.0522 -0.0112 0.9692
1770392108.4346 0.0503 -0.0129 0.9724
1770392108.4468 0.0510 -0.0129 0.9709
1770392108.4581 0.0483 -0.0171 0.9688
1770392108.4702 0.0522 -0.0142 0.9739
1770392108.4826 0.0569 -0.0166 0.9697
1770392108.4948 0.0518 -0.0208 0.9690
1770392108.5060 0.0518 -0.0125 0.9756
1770392108.5182 0.0530 -0.0146 0.9705
1770392108.5305 0.0530 -0.0166 0.9712
1770392108.5428 0.0481 -0.0117 0.9751
1770392108.5542 0.0488 -0.0171 0.9690
1770392108.5664 0.0500 -0.0139 0.9751
1770392108.5788 0.0530 -0.0156 0.9783
1770392108.5902 0.0520 -0.0164 0.9707
1770392108.6027 0.0500 -0.0154 0.9690
1770392108.6142 0.0527 -0.0171 0.9688
1770392108.6266 0.0552 -0.0161 0.9749
1770392108.6380 0.0540 -0.0110 0.9717
1770392108.6504 0.0505 -0.0183 0.9658
1770392108.6627 0.0557 -0.0144 0.9697
1770392108.6749 0.0515 -0.0164 0.9697
1770392108.6859 0.0488 -0.0149 0.9673
1770392108.6983 0.0552 -0.0178 0.9695
1770392108.7104 0.0500 -0.0144 0.9680
1770392108.7229 0.0542 -0.0159 0.9717
1770392108.7340 0.0510 -0.0149 0.9744
1770392108.7463 0.0527 -0.0151 0.9695
1770392108.7585 0.0530 -0.0139 0.9746
1770392108.7707 0.0510 -0.0193 0.9790
1770392108.7821 0.0510 -0.0132 0.9705
1770392108.7944 0.0530 -0.0151 0.9751
1770392108.8066 0.0562 -0.0178 0.9712
1770392108.8188 0.0522 -0.0137 0.9712
1770392108.8309 0.0488 -0.0134 0.9734
1770392108.8426 0.0500 -0.0151 0.9663
1770392108.8547 0.0520 -0.0146 0.9692
1770392108.8668 0.0542 -0.0132 0.9722
1770392108.8780 0.0518 -0.0137 0.9724
1770392108.8904 0.0496 -0.0129 0.9678
1770392108.9027 0.0513 -0.0105 0.9702
1770392108.9149 0.0554 -0.0154 0.9763
1770392108.9271 0.0530 -0.0176 0.9773
1770392108.9385 0.0500 -0.0178 0.9724
1770392108.9507 0.0493 -0.0149 0.9739
1770392108.9629 0.0540 -0.0161 0.9763
1770392108.9741 0.0503 -0.0173 0.9697
1770392108.9865 0.0510 -0.0156 0.9758
1770392108.9988 0.0542 -0.0149 0.9719
1770392109.0110 0.0513 -0.0132 0.9766
1770392109.0224 0.0513 -0.0139 0.9812
1770392109.0347 0.0544 -0.0149 0.9714
1770392109.0469 0.0520 -0.0144 0.9688
1770392109.0582 0.0540 -0.0190 0.9695
1770392109.0703 0.0547 -0.0159 0.9766
1770392109.0827 0.0535 -0.0164 0.9712
1770392109.0951 0.0488 -0.0120 0.9675
1770392109.1065 0.0525 -0.0144 0.9729
1770392109.1187 0.0498 -0.0127 0.9707
1770392109.1311 0.0518 -0.0178 0.9768
1770392109.1422 0.0562 -0.0176 0.9756
1770392109.1546 0.0540 -0.0132 0.9724
1770392109.1667 0.0525 -0.0173 0.9705
1770392109.1782 0.0527 -0.0125 0.9663
1770392109.1906 0.0496 -0.0156 0.9778
1770392109.2022 0.0530 -0.0146 0.9717
1770392109.2146 0.0559 -0.0129 0.9702
1770392109.2261 0.0503 -0.0156 0.9734
1770392109.2384 0.0547 -0.0146 0.9734
1770392109.2508 0.0547 -0.0198 0.9722
1770392109.2629 0.0518 -0.0125 0.9746
1770392109.2742 0.0527 -0.0149 0.9712
1770392109.2864 0.0530 -0.0166 0.9700
1770392109.2988 0.0554 -0.0151 0.9731
1770392109.3111 0.0537 -0.0176 0.9705
1770392109.3224 0.0562 -0.0132 0.9758
1770392109.3348 0.0527 -0.0171 0.9741
1770392109.3471 0.0510 -0.0151 0.9705
1770392109.3582 0.0481 -0.0166 0.9675
1770392109.3704 0.0574 -0.0149 0.9714
1770392109.3828 0.0493 -0.0154 0.9741
1770392109.3946 0.0500 -0.0117 0.9744
1770392109.4068 0.0542 -0.0154 0.9717
1770392109.4190 0.0515 -0.0188 0.9719
1770392109.4301 0.0576 -0.0129 0.9700
1770392109.4427 0.0532 -0.0137 0.9724
1770392109.4541 0.0530 -0.0139 0.9707
1770392109.4664 0.0513 -0.0151 0.9683
1770392109.4781 0.0510 -0.0132 0.9697
1770392109.4905 0.0491 -0.0200 0.9734
1770392109.5028 0.0520 -0.0198 0.9724
1770392109.5151 0.0552 -0.0149 0.9744
1770392109.5262 0.0493 -0.0149 0.9734
1770392109.5386 0.0542 -0.0117 0.9719
1770392109.5506 0.0564 -0.0171 0.9717
1770392109.5631 0.0540 -0.0120 0.9673
1770392109.5744 0.0525 -0.0164 0.9741
1770392109.5862 0.0530 -0.0127 0.9668
1770392109.5986 0.0520 -0.0132 0.9702
1770392109.6109 0.0525 -0.0154 0.9656
1770392109.6228 0.0510 -0.0151 0.9768
1770392109.6350 0.0549 -0.0190 0.9722
1770392109.6466 0.0527 -0.0120 0.9741
1770392109.6585 0.0540 -0.0127 0.9734
1770392109.6713 0.0510 -0.0134 0.9685
1770392109.6828 0.0493 -0.0132 0.9709
1770392109.6951 0.0549 -0.0164 0.9727
1770392109.7067 0.0464 -0.0178 0.9688
1770392109.7187 0.0532 -0.0156 0.9712
1770392109.7310 0.0544 -0.0188 0.9722
1770392109.7431 0.0540 -0.0146 0.9680
1770392109.7552 0.0542 -0.0151 0.9739
1770392109.7672 0.0549 -0.0161 0.9749
1770392109.7788 0.0562 -0.0200 0.9758
1770392109.7903 0.0535 -0.0139 0.9700
1770392109.8025 0.0554 -0.0146 0.9651
1770392109.8146 0.0518 -0.0156 0.9702
1770392109.8267 0.0544 -0.0146 0.9756
1770392109.8389 0.0491 -0.0146 0.9707
1770392109.8504 0.0532 -0.0146 0.9800
1770392109.8629 0.0547 -0.0156 0.9680
1770392109.8744 0.0488 -0.0154 0.9683
1770392109.8868 0.0503 -0.0142 0.9690
1770392109.8991 0.0535 -0.0134 0.9685
1770392109.9112 0.0544 -0.0176 0.9724
1770392109.9225 0.0520 -0.0151 0.9724
1770392109.9348 0.0520 -0.0142 0.9736
1770392109.9470 0.0520 -0.0156 0.9785
1770392109.9592 0.0537 -0.0183 0.9761
1770392109.9706 0.0510 -0.0146 0.9758
1770392109.9830 0.0471 -0.0151 0.9749
1770392109.9947 0.0518 -0.0176 0.9749
1770392110.0069 0.0505 -0.0186 0.9714
1770392110.0190 0.0510 -0.0127 0.9690
1770392110.0313 0.0530 -0.0164 0.9705
1770392110.0425 0.0515 -0.0168 0.9746
1770392110.0547 0.0527 -0.0139 0.9702
1770392110.0669 0.0562 -0.0178 0.9666
1770392110.0790 0.0530 -0.0139 0.9705
1770392110.0914 0.0535 -0.0181 0.9744
1770392110.1026 0.0503 -0.0144 0.9697
1770392110.1151 0.0522 -0.0161 0.9707
1770392110.1263 0.0515 -0.0159 0.9717
1770392110.1386 0.0530 -0.0144 0.9756
1770392110.1509 0.0515 -0.0139 0.9719
1770392110.1631 0.0532 -0.0139 0.9731
1770392110.1743 0.0505 -0.0166 0.9702
1770392110.1867 0.0542 -0.0139 0.9695
1770392110.1989 0.0527 -0.0149 0.9702
1770392110.2111 0.0508 -0.0154 0.9685
1770392110.2233 0.0483 -0.0168 0.9675
1770392110.2346 0.0564 -0.0159 0.9680
1770392110.2469 0.0544 -0.0132 0.9758
1770392110.2591 0.0520 -0.0149 0.9761
1770392110.2713 0.0500 -0.0146 0.9731
1770392110.2828 0.0510 -0.0125 0.9722
1770392110.2946 0.0532 -0.0166 0.9697
1770392110.3067 0.0520 -0.0173 0.9690
1770392110.3188 0.0527 -0.0132 0.9731
1770392110.3311 0.0559 -0.0139 0.9763
1770392110.3424 0.0540 -0.0132 0.9761
1770392110.3548 0.0527 -0.0159 0.9690
1770392110.3664 0.0500 -0.0171 0.9734
1770392110.3789 0.0518 -0.0164 0.9685
1770392110.3904 0.0520 -0.0154 0.9675
1770392110.4031 0.0554 -0.0098 0.9690
1770392110.4153 0.0508 -0.0127 0.9727
1770392110.4268 0.0525 -0.0173 0.9690
1770392110.4390 0.0562 -0.0183 0.9658
1770392110.4505 0.0496 -0.0137 0.9768
1770392110.4628 0.0503 -0.0166 0.9727
1770392110.4751 0.0527 -0.0120 0.9692
1770392110.4874 0.0549 -0.0239 0.9741
1770392110.4985 0.0518 -0.0186 0.9670
1770392110.5107 0.0535 -0.0144 0.9707
1770392110.5229 0.0554 -0.0166 0.9695
1770392110.5351 0.0525 -0.0127 0.9727
1770392110.5474 0.0532 -0.0139 0.9678
1770392110.5584 0.0559 -0.0154 0.9714
1770392110.5713 0.0522 -0.0134 0.9712
1770392110.5830 0.0530 -0.0151 0.9736
1770392110.5951 0.0527 -0.0178 0.9692
1770392110.6071 0.0508 -0.0171 0.9685
1770392110.6191 0.0527 -0.0144 0.9744
1770392110.6312 0.0510 -0.0112 0.9653
1770392110.6434 0.0520 -0.0154 0.9763
1770392110.6554 0.0542 -0.0139 0.9719
1770392110.6665 0.0513 -0.0164 0.9690
1770392110.6791 0.0513 -0.0161 0.9717
1770392110.6912 0.0544 -0.0159 0.9734
1770392110.7032 0.0547 -0.0139 0.9700
1770392110.7152 0.0532 -0.0127 0.9763
1770392110.7273 0.0530 -0.0139 0.9692
1770392110.7394 0.0500 -0.0142 0.9719
1770392110.7504 0.0557 -0.0188 0.9658
1770392110.7626 0.0542 -0.0159 0.9685
1770392110.7745 0.0547 -0.0173 0.9751
1770392110.7868 0.0559 -0.0156 0.9707
1770392110.7990 0.0535 -0.0134 0.9731
1770392110.8110 0.0500 -0.0166 0.9749
1770392110.8231 0.0518 -0.0164 0.9756
1770392110.8351 0.0547 -0.0166 0.9702
1770392110.8472 0.0574 -0.0120 0.9685
1770392110.8593 0.0488 -0.0154 0.9690
1770392110.8713 0.0544 -0.0120 0.9668
1770392110.8825 0.0491 -0.0195 0.9727
1770392110.8947 0.0527 -0.0164 0.9680
1770392110.9069 0.0515 -0.0164 0.9714
1770392110.9188 0.0513 -0.0173 0.9724
1770392110.9309 0.0520 -0.0112 0.9722
1770392110.9429 0.0498 -0.0159 0.9719
1770392110.9550 0.0552 -0.0159 0.9702
1770392110.9670 0.0532 -0.0151 0.9731
1770392110.9792 0.0530 -0.0095 0.9734
1770392110.9907 0.0535 -0.0161 0.9697
1770392111.0033 0.0520 -0.0166 0.9690
1770392111.0145 0.0515 -0.0151 0.9768
1770392111.0268 0.0542 -0.0149 0.9697
1770392111.0388 0.0522 -0.0146 0.9744
1770392111.0512 0.0503 -0.0183 0.9705
1770392111.0634 0.0500 -0.0151 0.9702
1770392111.0745 0.0530 -0.0137 0.9697
1770392111.0867 0.0498 -0.0159 0.9690
1770392111.0987 0.0537 -0.0168 0.9702
1770392111.1107 0.0522 -0.0112 0.9690
1770392111.1231 0.0505 -0.0144 0.9731
1770392111.1352 0.0513 -0.0159 0.9688
1770392111.1473 0.0530 -0.0190 0.9707
1770392111.1594 0.0522 -0.0164 0.9727
1770392111.1714 0.0510 -0.0166 0.9729
1770392111.1827 0.0510 -0.0156 0.9739
1770392111.1948 0.0515 -0.0146 0.9722
1770392111.2069 0.0488 -0.0164 0.9705
1770392111.2190 0.0552 -0.0173 0.9712
1770392111.2309 0.0498 -0.0198 0.9692
1770392111.2433 0.0483 -0.0122 0.9724
1770392111.2546 0.0522 -0.0161 0.9729
1770392111.2669 0.0483 -0.0154 0.9702
1770392111.2789 0.0547 -0.0156 0.9683
1770392111.2911 0.0557 -0.0127 0.9700
1770392111.3033 0.0510 -0.0149 0.9751
1770392111.3156 0.0498 -0.0149 0.9707
1770392111.3267 0.0530 -0.0146 0.9727
1770392111.3389 0.0549 -0.0171 0.9705
1770392111.3506 0.0530 -0.0176 0.9746
1770392111.3633 0.0527 -0.0125 0.9746
1770392111.3752 0.0540 -0.0146 0.9702
1770392111.3874 0.0513 -0.0161 0.9761
1770392111.3994 0.0515 -0.0168 0.9707
1770392111.4113 0.0498 -0.0166 0.9683
1770392111.4235 0.0522 -0.0149 0.9678
1770392111.4356 0.0537 -0.0159 0.9734
1770392111.4476 0.0510 -0.0154 0.9749
1770392111.4595 0.0488 -0.0125 0.9731
1770392111.4716 0.0537 -0.0146 0.9766
1770392111.4828 0.0540 -0.0149 0.9709
1770392111.4948 0.0488 -0.0164 0.9714
1770392111.5069 0.0542 -0.0137 0.9690
1770392111.5190 0.0527 -0.0151 0.9724
1770392111.5311 0.0530 -0.0122 0.9705
1770392135.5148 0.0601 -0.0208 0.9722
1770392135.5269 0.0618 -0.0193 0.9724
1770392135.5389 0.0618 -0.0205 0.9678
1770392135.5511 0.0605 -0.0205 0.9700
1770392135.5626 0.0647 -0.0203 0.9702
1770392135.5751 0.0610 -0.0183 0.9727
1770392135.5862 0.0642 -0.0222 0.9714
1770392135.5983 0.0610 -0.0203 0.9690
1770392135.6104 0.0588 -0.0210 0.9719
1770392135.6225 0.0615 -0.0193 0.9741
1770392135.6345 0.0637 -0.0193 0.9712
1770392135.6465 0.0581 -0.0227 0.9697
1770392135.6585 0.0605 -0.0200 0.9739
1770392135.6704 0.0596 -0.0215 0.9724
1770392135.6826 0.0608 -0.0181 0.9731
1770392135.6946 0.0630 -0.0188 0.9673
1770392135.7066 0.0610 -0.0176 0.9692
1770392135.7187 0.0625 -0.0176 0.9685
1770392135.7307 0.0574 -0.0186 0.9678
1770392135.7428 0.0608 -0.0225 0.9724
1770392135.7548 0.0605 -0.0186 0.9717
1770392135.7672 0.0632 -0.0181 0.9736
1770392135.7785 0.0615 -0.0164 0.9729
1770392135.7902 0.0608 -0.0229 0.9771
1770392135.8025 0.0662 -0.0203 0.9719
1770392135.8146 0.0586 -0.0193 0.9788
1770392135.8268 0.0635 -0.0203 0.9707
1770392135.8390 0.0630 -0.0198 0.9746
1770392135.8510 0.0615 -0.0156 0.9731
1770392135.8633 0.0620 -0.0227 0.9719
1770392135.8744 0.0649 -0.0190 0.9763
1770392135.8866 0.0608 -0.0190 0.9741
1770392135.8986 0.0605 -0.0178 0.9709
1770392135.9107 0.0625 -0.0176 0.9712
1770392135.9227 0.0637 -0.0137 0.9719
1770392135.9347 0.0615 -0.0212 0.9683
1770392135.9467 0.0608 -0.0227 0.9700
1770392135.9588 0.0615 -0.0212 0.9668
1770392135.9707 0.0562 -0.0193 0.9731
1770392135.9823 0.0608 -0.0161 0.9707
1770392135.9944 0.0645 -0.0208 0.9683
1770392136.0066 0.0620 -0.0205 0.9734
1770392136.0187 0.0610 -0.0229 0.9690
1770392136.0309 0.0608 -0.0168 0.9753
1770392136.0431 0.0588 -0.0215 0.9714
1770392136.0553 0.0623 -0.0161 0.9702
1770392136.0664 0.0647 -0.0220 0.9724
1770392136.0785 0.0627 -0.0210 0.9707
1770392136.0906 0.0615 -0.0190 0.9719
1770392136.1027 0.0603 -0.0200 0.9751
1770392136.1147 0.0625 -0.0176 0.9717
1770392136.1269 0.0615 -0.0205 0.9685
1770392136.1390 0.0610 -0.0183 0.9731
1770392136.1512 0.0662 -0.0203 0.9712
1770392136.1624 0.0632 -0.0205 0.9722
1770392136.1744 0.0642 -0.0186 0.9719
1770392136.1867 0.0618 -0.0181 0.9673
1770392136.1987 0.0596 -0.0159 0.9727
1770392136.2106 0.0620 -0.0203 0.9717
1770392136.2227 0.0647 -0.0181 0.9739
1770392136.2347 0.0625 -0.0166 0.9731
1770392136.2467 0.0645 -0.0193 0.9700
1770392136.2587 0.0640 -0.0195 0.9758
1770392136.2707 0.0645 -0.0205 0.9749
1770392136.2827 0.0610 -0.0154 0.9717
1770392136.2947 0.0637 -0.0205 0.9702
1770392136.3066 0.0635 -0.0210 0.9683
1770392136.3189 0.0625 -0.0210 0.9692
1770392136.3306 0.0610 -0.0225 0.9751
1770392136.3427 0.0608 -0.0193 0.9731
1770392136.3548 0.0645 -0.0210 0.9792
1770392136.3668 0.0591 -0.0198 0.9692
1770392136.3788 0.0586 -0.0195 0.9702
1770392136.3909 0.0635 -0.0227 0.9729
1770392136.4030 0.0637 -0.0205 0.9722
1770392136.4145 0.0625 -0.0212 0.9741
1770392136.4267 0.0647 -0.0193 0.9771
1770392136.4390 0.0613 -0.0205 0.9709
1770392136.4511 0.0637 -0.0217 0.9644
1770392136.4626 0.0620 -0.0210 0.9678
1770392136.4746 0.0649 -0.0244 0.9722
1770392136.4868 0.0627 -0.0222 0.9707
1770392136.4987 0.0625 -0.0183 0.9768
1770392136.5107 0.0627 -0.0164 0.9719
1770392136.5228 0.0605 -0.0205 0.9709
1770392136.5349 0.0596 -0.0217 0.9705
1770392136.5469 0.0635 -0.0186 0.9692
1770392136.5590 0.0605 -0.0193 0.9673
1770392136.5708 0.0635 -0.0181 0.9766
1770392136.5831 0.0601 -0.0190 0.9714
1770392136.5951 0.0640 -0.0186 0.9714
1770392136.6072 0.0584 -0.0239 0.9709
1770392136.6192 0.0640 -0.0217 0.9749
1770392136.6312 0.0615 -0.0195 0.9773
1770392136.6433 0.0598 -0.0156 0.9678
1770392136.6553 0.0623 -0.0210 0.9761
1770392136.6672 0.0596 -0.0203 0.9690
1770392136.6791 0.0625 -0.0225 0.9705
1770392136.6913 0.0615 -0.0203 0.9668
1770392136.7033 0.0603 -0.0222 0.9678
1770392136.7153 0.0593 -0.0215 0.9697
1770392136.7272 0.0632 -0.0168 0.9678
1770392136.7393 0.0603 -0.0220 0.9690
1770392136.7513 0.0613 -0.0232 0.9717
1770392136.7634 0.0640 -0.0205 0.9712
1770392136.7754 0.0627 -0.0195 0.9680
1770392136.7874 0.0635 -0.0205 0.9641
1770392136.7984 0.0620 -0.0161 0.9727
1770392136.8114 0.0598 -0.0215 0.9666
1770392136.8234 0.0632 -0.0164 0.9675
1770392136.8354 0.0615 -0.0203 0.9702
1770392136.8474 0.0627 -0.0217 0.9653
1770392136.8585 0.0618 -0.0205 0.9768
1770392136.8704 0.0605 -0.0198 0.9734
1770392136.8827 0.0625 -0.0195 0.9700
1770392136.8948 0.0601 -0.0176 0.9709
1770392136.9068 0.0596 -0.0173 0.9705
1770392136.9189 0.0620 -0.0242 0.9688
1770392136.9309 0.0601 -0.0171 0.9663
1770392136.9432 0.0603 -0.0183 0.9702
1770392136.9552 0.0623 -0.0205 0.9680
1770392136.9673 0.0645 -0.0188 0.9688
1770392136.9788 0.0588 -0.0198 0.9683
1770392136.9911 0.0625 -0.0176 0.9727
1770392137.0032 0.0603 -0.0220 0.9749
1770392137.0152 0.0588 -0.0225 0.9646
1770392137.0273 0.0613 -0.0208 0.9692
1770392137.0394 0.0618 -0.0222 0.9702
1770392137.0513 0.0620 -0.0190 0.9690
1770392137.0624 0.0623 -0.0198 0.9636
1770392137.0754 0.0630 -0.0161 0.9719
1770392137.0865 0.0601 -0.0225 0.9697
1770392137.0985 0.0630 -0.0193 0.9678
1770392137.1105 0.0601 -0.0220 0.9661
1770392137.1225 0.0593 -0.0215 0.9666
1770392137.1346 0.0603 -0.0183 0.9675
1770392137.1466 0.0596 -0.0212 0.9712
1770392137.1587 0.0593 -0.0210 0.9683
1770392137.1705 0.0591 -0.0239 0.9678
1770392137.1830 0.0657 -0.0181 0.9702
1770392137.1952 0.0620 -0.0200 0.9722
1770392137.2072 0.0615 -0.0210 0.9653
1770392137.2192 0.0603 -0.0168 0.9678
1770392137.2312 0.0620 -0.0220 0.9673
1770392137.2433 0.0596 -0.0190 0.9749
1770392137.2553 0.0640 -0.0164 0.9697
1770392137.2673 0.0623 -0.0183 0.9746
1770392137.2794 0.0591 -0.0208 0.9741
1770392137.2915 0.0623 -0.0178 0.9734
1770392137.3028 0.0654 -0.0203 0.9688
1770392137.3149 0.0593 -0.0225 0.9717
1770392137.3270 0.0662 -0.0200 0.9719
1770392137.3395 0.0623 -0.0190 0.9719
1770392137.3515 0.0610 -0.0203 0.9690
1770392137.3638 0.0649 -0.0203 0.9731
1770392137.3753 0.0610 -0.0178 0.9739
1770392137.3881 0.0603 -0.0178 0.9695
1770392137.4001 0.0652 -0.0188 0.9705
1770392137.4121 0.0620 -0.0200 0.9683
1770392137.4233 0.0610 -0.0205 0.9675
1770392137.4362 0.0647 -0.0220 0.9695
1770392137.4482 0.0618 -0.0203 0.9705
1770392137.4592 0.0627 -0.0203 0.9810
1770392137.4714 0.0618 -0.0208 0.9692
1770392137.4836 0.0627 -0.0198 0.9780
1770392137.4959 0.0635 -0.0215 0.9729
1770392137.5080 0.0601 -0.0227 0.9722
1770392137.5201 0.0605 -0.0151 0.9724
1770392137.5321 0.0657 -0.0208 0.9751
1770392137.5433 0.0613 -0.0205 0.9685
1770392137.5554 0.0649 -0.0186 0.9778
1770392137.5676 0.0623 -0.0181 0.9722
1770392137.5798 0.0647 -0.0205 0.9683
1770392137.5921 0.0596 -0.0227 0.9717
1770392137.6042 0.0601 -0.0161 0.9771
1770392137.6154 0.0667 -0.0188 0.9641
1770392137.6273 0.0601 -0.0200 0.9705
1770392137.6396 0.0635 -0.0217 0.9766
1770392137.6516 0.0613 -0.0254 0.9724
1770392137.6642 0.0591 -0.0181 0.9714
1770392137.6762 0.0623 -0.0200 0.9658
1770392137.6882 0.0584 -0.0229 0.9670
1770392137.7002 0.0625 -0.0176 0.9722
1770392137.7123 0.0601 -0.0242 0.9727
1770392137.7243 0.0640 -0.0195 0.9683
1770392137.7363 0.0605 -0.0161 0.9758
1770392137.7482 0.0610 -0.0198 0.9729
1770392137.7593 0.0615 -0.0212 0.9741
1770392137.7723 0.0620 -0.0227 0.9697
1770392137.7838 0.0571 -0.0205 0.9746
1770392137.7959 0.0601 -0.0227 0.9707
1770392137.8081 0.0586 -0.0203 0.9744
1770392137.8202 0.0642 -0.0198 0.9717
1770392137.8321 0.0654 -0.0166 0.9700
1770392137.8442 0.0654 -0.0200 0.9683
1770392137.8562 0.0649 -0.0212 0.9749
1770392137.8681 0.0627 -0.0198 0.9666
1770392137.8802 0.0608 -0.0242 0.9697
1770392137.8922 0.0596 -0.0229 0.9700
1770392137.9043 0.0620 -0.0205 0.9705
1770392137.9163 0.0618 -0.0210 0.9702
1770392137.9282 0.0632 -0.0193 0.9722
1770392137.9393 0.0596 -0.0229 0.9683
1770392137.9513 0.0593 -0.0203 0.9695
1770392137.9643 0.0637 -0.0232 0.9692
1770392137.9755 0.0669 -0.0193 0.9773
1770392137.9877 0.0591 -0.0200 0.9712
1770392137.9998 0.0615 -0.0217 0.9731
1770392138.0117 0.0605 -0.0176 0.9712
1770392138.0238 0.0632 -0.0151 0.9709
1770392138.0358 0.0620 -0.0195 0.9692
1770392138.0479 0.0579 -0.0225 0.9746
1770392138.0600 0.0598 -0.0195 0.9714
1770392138.0720 0.0627 -0.0217 0.9719
1770392138.0840 0.0605 -0.0173 0.9756
1770392138.0960 0.0620 -0.0186 0.9734
1770392138.1081 0.0647 -0.0188 0.9712
1770392138.1202 0.0625 -0.0198 0.9700
1770392138.1321 0.0601 -0.0188 0.9727
1770392138.1443 0.0627 -0.0203 0.9724
1770392138.1563 0.0593 -0.0220 0.9678
1770392138.1683 0.0579 -0.0178 0.9631
1770392138.1804 0.0610 -0.0195 0.9680
1770392138.1917 0.0652 -0.0222 0.9709
1770392138.2037 0.0605 -0.0208 0.9700
1770392138.2159 0.0654 -0.0195 0.9724
1770392138.2278 0.0601 -0.0208 0.9719
1770392138.2399 0.0601 -0.0166 0.9714
1770392138.2519 0.0637 -0.0166 0.9700
1770392138.2639 0.0601 -0.0195 0.9685
1770392138.2758 0.0613 -0.0222 0.9653
1770392138.2879 0.0603 -0.0205 0.9727
1770392138.2999 0.0610 -0.0173 0.9717
1770392138.3120 0.0574 -0.0186 0.9717
1770392138.3240 0.0584 -0.0210 0.9724
1770392138.3361 0.0613 -0.0168 0.9714
1770392138.3481 0.0603 -0.0188 0.9692
1770392138.3603 0.0603 -0.0208 0.9727
1770392138.3725 0.0601 -0.0149 0.9736
1770392138.3840 0.0618 -0.0205 0.9731
1770392138.3960 0.0601 -0.0217 0.9795
1770392138.4080 0.0627 -0.0195 0.9749
1770392138.4200 0.0593 -0.0205 0.9712
1770392138.4321 0.0581 -0.0222 0.9680
1770392138.4441 0.0623 -0.0208 0.9707
1770392138.4564 0.0637 -0.0173 0.9688
1770392138.4682 0.0591 -0.0171 0.9678
1770392138.4800 0.0608 -0.0188 0.9663
1770392138.4922 0.0601 -0.0203 0.9709
1770392138.5044 0.0588 -0.0183 0.9700
1770392138.5163 0.0615 -0.0222 0.9707
1770392138.5284 0.0625 -0.0195 0.9688
1770392138.5405 0.0647 -0.0166 0.9724
1770392138.5525 0.0627 -0.0227 0.9639
1770392138.5645 0.0608 -0.0188 0.9712
1770392138.5758 0.0618 -0.0208 0.9756
1770392138.5880 0.0601 -0.0205 0.9717
1770392138.6000 0.0613 -0.0227 0.9714
1770392138.6120 0.0615 -0.0176 0.9700
1770392138.6241 0.0618 -0.0195 0.9636
1770392138.6361 0.0620 -0.0183 0.9700
1770392138.6482 0.0620 -0.0178 0.9663
1770392138.6602 0.0613 -0.0190 0.9692
1770392138.6722 0.0593 -0.0198 0.9700
1770392138.6842 0.0615 -0.0188 0.9695
1770392138.6962 0.0601 -0.0229 0.9675
1770392138.7082 0.0627 -0.0200 0.9775
1770392138.7203 0.0627 -0.0193 0.9692
1770392138.7324 0.0627 -0.0212 0.9675
1770392138.7445 0.0632 -0.0217 0.9746
1770392138.7565 0.0613 -0.0225 0.9634
1770392138.7675 0.0586 -0.0171 0.9690
1770392138.7801 0.0627 -0.0156 0.9744
1770392138.7923 0.0605 -0.0188 0.9617
1770392138.8043 0.0637 -0.0208 0.9641
1770392138.8156 0.0603 -0.0205 0.9714
1770392138.8275 0.0588 -0.0198 0.9739
1770392138.8397 0.0618 -0.0212 0.9744
1770392138.8516 0.0645 -0.0173 0.9712
1770392138.8640 0.0586 -0.0190 0.9731
1770392138.8763 0.0608 -0.0166 0.9736
1770392138.8884 0.0598 -0.0186 0.9719
1770392138.9005 0.0620 -0.0181 0.9709
1770392138.9125 0.0645 -0.0193 0.9736
1770392138.9242 0.0608 -0.0183 0.9734
1770392138.9364 0.0657 -0.0173 0.9724
1770392138.9484 0.0593 -0.0217 0.9668
1770392138.9605 0.0632 -0.0227 0.9700
1770392138.9724 0.0618 -0.0166 0.9719
1770392138.9839 0.0605 -0.0210 0.9678
1770392138.9959 0.0620 -0.0181 0.9678
1770392139.0080 0.0652 -0.0176 0.9727
1770392139.0199 0.0627 -0.0208 0.9688
1770392139.0321 0.0608 -0.0242 0.9695
1770392139.0442 0.0593 -0.0198 0.9683
1770392139.0564 0.0603 -0.0144 0.9685
1770392139.0677 0.0664 -0.0178 0.9717
1770392139.0797 0.0613 -0.0186 0.9697
1770392139.0920 0.0613 -0.0166 0.9744
1770392139.1040 0.0618 -0.0183 0.9734
1770392139.1161 0.0630 -0.0193 0.9756
1770392139.1281 0.0615 -0.0178 0.9690
1770392139.1401 0.0623 -0.0176 0.9775
1770392139.1521 0.0610 -0.0186 0.9700
1770392139.1642 0.0569 -0.0195 0.9705
1770392139.1763 0.0581 -0.0203 0.9761
1770392139.1883 0.0620 -0.0229 0.9683
1770392139.2004 0.0610 -0.0210 0.9768
1770392139.2126 0.0627 -0.0176 0.9788
1770392139.2238 0.0610 -0.0168 0.9712
1770392139.2360 0.0596 -0.0234 0.9724
1770392139.2480 0.0647 -0.0239 0.9680
1770392139.2600 0.0608 -0.0227 0.9705
1770392139.2720 0.0608 -0.0203 0.9639
1770392139.2840 0.0649 -0.0203 0.9729
1770392139.2960 0.0615 -0.0188 0.9675
1770392139.3079 0.0593 -0.0190 0.9727
1770392139.3200 0.0610 -0.0159 0.9692
1770392139.3320 0.0620 -0.0210 0.9744
1770392139.3440 0.0620 -0.0222 0.9719
1770392139.3560 0.0649 -0.0198 0.9729
1770392139.3679 0.0552 -0.0215 0.9734
1770392139.3805 0.0613 -0.0217 0.9683
1770392139.3927 0.0613 -0.0220 0.9697
1770392139.4047 0.0608 -0.0161 0.9680
1770392139.4157 0.0610 -0.0225 0.9724
1770392139.4277 0.0605 -0.0186 0.9741
1770392139.4397 0.0610 -0.0237 0.9685
1770392139.4527 0.0627 -0.0208 0.9656
1770392139.4646 0.0586 -0.0188 0.9741
1770392139.4766 0.0647 -0.0232 0.9709
1770392139.4878 0.0608 -0.0205 0.9700
1770392139.5007 0.0603 -0.0208 0.9707
1770392139.5119 0.0623 -0.0171 0.9690
1770392139.5238 0.0640 -0.0220 0.9722
1770392139.5359 0.0640 -0.0193 0.9734
1770392139.5478 0.0625 -0.0203 0.9766
1770392139.5599 0.0620 -0.0188 0.9783
1770392139.5719 0.0615 -0.0200 0.9680
1770392139.5842 0.0586 -0.0200 0.9702
1770392139.5962 0.0613 -0.0208 0.9744
1770392139.6083 0.0618 -0.0173 0.9666
1770392139.6202 0.0640 -0.0220 0.9768
1770392139.6323 0.0623 -0.0181 0.9651
1770392139.6443 0.0630 -0.0215 0.9702
1770392139.6564 0.0581 -0.0234 0.9685
1770392139.6683 0.0605 -0.0173 0.9702
1770392139.6803 0.0593 -0.0166 0.9695
1770392139.6924 0.0610 -0.0190 0.9673
1770392139.7044 0.0620 -0.0193 0.9702
1770392139.7165 0.0579 -0.0195 0.9690
1770392139.7284 0.0664 -0.0212 0.9741
1770392139.7405 0.0584 -0.0200 0.9714
1770392139.7525 0.0625 -0.0205 0.9678
1770392139.7646 0.0632 -0.0161 0.9688
1770392139.7768 0.0630 -0.0203 0.9719
1770392139.7879 0.0571 -0.0212 0.9741
1770392139.8000 0.0625 -0.0188 0.9729
1770392139.8119 0.0608 -0.0200 0.9744
1770392139.8240 0.0605 -0.0134 0.9724
1770392139.8360 0.0640 -0.0181 0.9746
1770392139.8481 0.0627 -0.0186 0.9690
1770392139.8600 0.0632 -0.0173 0.9717
1770392139.8720 0.0591 -0.0178 0.9724
1770392139.8841 0.0603 -0.0217 0.9653
1770392139.8961 0.0591 -0.0186 0.9695
1770392139.9081 0.0579 -0.0225 0.9731
1770392139.9201 0.0588 -0.0203 0.9685
1770392139.9322 0.0637 -0.0190 0.9673
1770392139.9442 0.0640 -0.0249 0.9714
1770392139.9564 0.0613 -0.0217 0.9663
1770392139.9684 0.0598 -0.0208 0.9688
1770392139.9806 0.0603 -0.0198 0.9741
1770392139.9920 0.0603 -0.0183 0.9734
1770392140.0041 0.0557 -0.0198 0.9685
1770392140.0164 0.0635 -0.0203 0.9702
1770392140.0285 0.0630 -0.0173 0.9705
1770392140.0407 0.0620 -0.0212 0.9702
1770392140.0527 0.0625 -0.0229 0.9712
1770392140.0648 0.0637 -0.0203 0.9670
1770392140.0767 0.0598 -0.0166 0.9712
1770392140.0878 0.0637 -0.0215 0.9697
1770392140.0999 0.0605 -0.0212 0.9700
1770392140.1120 0.0630 -0.0195 0.9666
1770392140.1240 0.0601 -0.0220 0.9692
1770392140.1361 0.0645 -0.0195 0.9746
1770392140.1481 0.0627 -0.0198 0.9707
1770392140.1602 0.0640 -0.0212 0.9727
1770392140.1722 0.0588 -0.0193 0.9668
1770392140.1843 0.0601 -0.0210 0.9700
1770392140.1963 0.0564 -0.0176 0.9700
1770392140.2085 0.0576 -0.0176 0.9763
1770392140.2204 0.0483 -0.0237 0.9583
1770392140.2325 0.0549 -0.0242 0.9773
1770392140.2445 0.0427 -0.0298 0.9714
1770392140.2565 0.0625 -0.0120 0.9702
1770392140.2685 0.0786 -0.0066 0.9761
1770392140.2805 0.0847 -0.0122 0.9680
1770392140.2919 0.0696 -0.0364 0.9692
1770392140.3040 0.0598 -0.0247 0.9712
1770392140.3162 0.0496 -0.0144 0.9653
1770392140.3285 0.0476 -0.0117 0.9614
1770392140.3405 0.0437 -0.0242 0.9790
1770392140.3526 0.0542 -0.0300 0.9822
1770392140.3646 0.0417 -0.0481 0.9771
1770392140.3767 0.0332 -0.0337 0.9761
1770392140.3888 0.0413 0.0044 0.9512
1770392140.4008 0.0759 0.0256 0.9612
1770392140.4128 0.0876 0.0117 0.9834
1770392140.4249 0.0679 -0.0112 0.9749
1770392140.4369 0.0256 -0.0103 0.9858
1770392140.4480 -0.0005 -0.0227 0.9502
1770392140.4602 0.0422 -0.1079 0.9553
1770392140.4724 0.0176 -0.0986 1.0271
1770392140.4849 0.1611 0.0244 0.8865
1770392140.4962 0.1228 0.0464 1.0383
1770392140.5086 0.0710 -0.0129 0.9065
1770392140.5208 0.0549 -0.0435 0.9880
1770392140.5322 0.0408 -0.0442 1.0156
1770392140.5448 0.0718 -0.0249 0.9426
1770392140.5562 0.0813 -0.0027 1.0098
1770392140.5686 0.0969 -0.0137 0.9712
1770392140.5800 0.0950 -0.0234 0.9521
1770392140.5923 0.0876 -0.0234 0.9805
1770392140.6047 0.0654 -0.0051 0.9617
1770392140.6170 0.0457 0.0007 0.9529
1770392140.6281 0.0261 -0.0352 0.9856
1770392140.6403 0.0466 -0.0437 0.9709
1770392140.6524 0.0747 -0.0203 0.9937
1770392140.6647 0.0554 -0.0339 0.9563
1770392140.6768 0.0181 -0.0603 0.9866
1770392140.6882 -0.0273 -0.0596 0.9817
1770392140.7002 -0.0999 -0.0547 0.9766
1770392140.7125 -0.0398 0.0071 0.9548
1770392140.7247 0.0637 0.1123 1.0051
1770392140.7360 -0.0591 0.0530 1.0356
1770392140.7483 -0.1926 -0.2966 0.9893
1770392140.7607 0.0088 -0.0430 0.9739
1770392140.7728 -0.1182 -0.0083 1.0564
1770392140.7846 -0.1147 -0.0703 0.9109
1770392140.7961 -0.1565 -0.0742 0.9067
1770392140.8087 -0.0923 0.0181 1.0842
1770392140.8202 0.0034 -0.0105 0.8933
1770392140.8326 -0.0376 -0.0911 0.8567
1770392140.8440 -0.0515 -0.0481 1.0833
1770392140.8564 0.0046 -0.0750 0.8955
1770392140.8685 0.0461 -0.0347 1.1750
1770392140.8808 0.0610 -0.0454 0.9741
1770392140.8920 -0.0161 -0.0107 0.9287
1770392140.9043 0.1243 -0.0479 1.1624
1770392140.9164 0.1089 -0.0015 1.1455
1770392140.9287 0.0247 0.0159 0.7986
1770392140.9400 -0.0283 -0.0820 0.8882
1770392140.9522 0.1038 -0.0291 1.0562
1770392140.9645 0.0715 -0.0767 0.9338
1770392140.9769 0.1182 -0.0872 1.0312
1770392140.9885 0.0950 0.0361 1.0232
1770392141.0007 0.0996 0.0400 0.8091
1770392141.0128 0.1218 0.0896 0.9888
1770392141.0241 0.1018 0.0210 1.0339
1770392141.0364 0.1357 -0.0256 0.8040
1770392141.0488 0.1060 -0.0093 1.0164
1770392141.0601 0.2017 -0.0242 0.9917
1770392141.0723 0.2363 0.0728 0.8914
1770392141.0847 0.1257 -0.0854 0.7856
1770392141.0970 0.3059 0.1189 1.0410
1770392141.1081 0.0974 -0.0466 1.0205
1770392141.1204 0.2141 -0.0732 0.8992
1770392141.1324 0.1802 0.0220 1.0120
1770392141.1450 0.3320 0.0125 0.9167
1770392141.1565 0.2024 -0.0830 1.0667
1770392141.1687 0.1638 -0.0811 0.9185
1770392141.1802 0.2517 0.1145 1.0193
1770392141.1928 0.1497 0.0898 0.9846
1770392141.2043 0.0781 0.0574 0.9863
1770392141.2166 0.0342 0.0146 0.9080
1770392141.2287 0.0291 -0.0396 1.0044
1770392141.2407 0.0317 -0.0457 0.9800
1770392141.2530 0.0208 -0.0801 0.9487
1770392141.2644 0.0317 -0.0088 1.0168
1770392141.2765 0.0085 -0.0132 0.9250
1770392141.2888 0.0264 0.0330 0.9885
1770392141.3009 0.0183 -0.0120 0.9709
1770392141.3122 0.0173 -0.0176 0.9631
1770392141.3248 0.0103 -0.0537 0.9668
1770392141.3364 0.0251 -0.0745 0.9177
1770392141.3486 0.1748 0.0437 0.9851
1770392141.3609 0.1282 0.0461 0.9910
1770392141.3730 0.0894 0.0078 0.9519
1770392141.3845 0.0120 -0.0671 0.9863
1770392141.3966 0.0259 -0.0149 0.9639
1770392141.4089 0.0442 -0.0146 0.9526
1770392141.4211 0.0752 -0.0005 0.9976
1770392141.4324 0.0657 -0.0376 0.9404
1770392141.4448 0.0691 0.0022 1.0076
1770392141.4570 0.0547 0.0005 0.9468
1770392141.4682 0.0398 -0.0129 0.9858
1770392141.4805 0.0269 -0.0498 0.9619
1770392141.4929 0.0537 -0.0186 0.9685
1770392141.5043 0.0710 0.0059 0.9790
1770392141.5162 0.0708 0.0005 0.9680
1770392141.5289 0.0513 -0.0249 0.9722
1770392141.5406 0.0415 -0.0278 0.9692
1770392141.5528 0.0457 -0.0105 0.9700
1770392141.5651 0.0447 -0.0166 0.9729
1770392141.5763 0.0571 -0.0181 0.9697
1770392141.5887 0.0637 -0.0183 0.9739
1770392141.6009 0.0688 -0.0020 0.9746
1770392141.6130 0.0544 -0.0156 0.9705
1770392141.6244 0.0415 -0.0215 0.9751
1770392141.6367 0.0439 -0.0212 0.9675
1770392141.6490 0.0498 -0.0059 0.9695
1770392141.6603 0.0491 -0.0120 0.9702
1770392141.6725 0.0576 -0.0134 0.9724
1770392141.6849 0.0603 -0.0222 0.9751
1770392141.6972 0.0574 -0.0146 0.9734
1770392141.7083 0.0549 -0.0164 0.9705
1770392141.7208 0.0518 -0.0217 0.9749
1770392141.7322 0.0542 -0.0093 0.9724
1770392141.7446 0.0525 -0.0090 0.9724
1770392141.7569 0.0608 -0.0083 0.9727
1770392141.7691 0.0608 -0.0134 0.9727
1770392141.7804 0.0530 -0.0186 0.9685
1770392141.7928 0.0464 -0.0149 0.9685
1770392141.8050 0.0459 -0.0098 0.9741
1770392141.8163 0.0454 -0.0146 0.9714
1770392141.8283 0.0525 -0.0232 0.9783
1770392141.8408 0.0640 -0.0181 0.9724
1770392141.8528 0.0593 -0.0081 0.9683
1770392141.8652 0.0442 -0.0034 0.9712
1770392141.8763 0.0317 -0.0107 0.9739
1770392141.8887 0.0364 -0.0273 0.9761
1770392141.9009 0.0740 -0.0173 0.9656
1770392141.9132 0.0776 -0.0176 0.9844
1770392141.9243 0.0420 -0.0059 0.9651
1770392141.9367 0.0161 -0.0015 0.9626
1770392141.9488 0.0220 -0.0125 0.9587
1770392141.9611 0.0584 -0.0205 0.9844
1770392141.9732 0.0916 -0.0339 0.9775
1770392141.9847 0.0959 -0.0229 0.9744
1770392141.9971 0.0745 0.0010 0.9768
1770392142.0083 0.0374 0.0039 0.9666
1770392142.0205 -0.0071 -0.0059 0.9612
1770392142.0328 -0.0029 -0.0244 0.9883
1770392142.0452 0.0681 -0.0325 0.9678
1770392142.0564 0.0952 -0.0542 0.9841
1770392142.0686 0.1018 -0.0359 0.9749
1770392142.0809 0.1116 0.0264 0.9612
1770392142.0933 0.1040 0.0398 0.9727
1770392142.1045 0.0518 -0.0164 0.9514
1770392142.1168 0.0024 -0.0432 0.9827
1770392142.1290 -0.0237 -0.0259 0.9495
1770392142.1404 -0.0073 -0.0220 0.9692
1770392142.1526 0.0378 -0.0259 0.9783
1770392142.1649 0.0872 -0.0249 0.9761
1770392142.1773 0.0981 0.0059 0.9927
1770392142.1886 0.0505 -0.0276 0.9507
1770392142.2009 0.0542 -0.0088 0.9648
1770392142.2131 0.0505 0.0002 0.9797
1770392142.2243 0.0083 -0.0366 0.9570
1770392142.2367 -0.0327 -0.0613 0.9932
1770392142.2490 -0.0740 -0.0681 0.9768
1770392142.2612 0.0254 -0.0073 0.9116
1770392142.2724 0.1523 0.0737 1.0396
1770392142.2846 0.0793 0.0574 0.9751
1770392142.2970 -0.0171 0.0481 0.9688
1770392142.3092 -0.0769 -0.1360 0.9172
1770392142.3204 -0.0876 -0.1650 1.0657
1770392142.3328 -0.0962 -0.0059 0.9868
1770392142.3443 0.0552 0.0608 0.8242
1770392142.3567 0.0410 -0.1763 1.1873
1770392142.3688 0.0591 -0.0029 0.8958
1770392142.3811 0.0476 0.0723 0.8682
1770392142.3925 0.0737 -0.0098 1.0227
1770392142.4047 0.1372 -0.0430 0.9478
1770392142.4170 0.1831 0.1384 0.9216
1770392142.4291 0.0515 0.1223 1.0115
1770392142.4405 0.0503 -0.1072 0.8623
1770392142.4526 0.0696 -0.0447 0.9409
1770392142.4651 0.1985 0.0584 1.0071
1770392142.4763 0.0630 -0.1772 0.8867
1770392142.4888 0.2607 -0.0569 0.9392
1770392142.5009 0.2739 0.0532 1.0618
1770392142.5132 0.1504 -0.0098 0.8979
1770392142.5244 0.1370 0.0271 0.9409
1770392142.5368 0.1238 0.0928 0.9900
1770392142.5492 0.1108 0.0442 0.8872
1770392142.5606 0.0962 -0.0164 0.9099
1770392142.5728 0.0964 -0.0308 1.0408
1770392142.5853 0.0386 -0.0896 0.9590
1770392142.5965 0.0295 -0.0530 0.9658
1770392142.6094 0.0164 -0.0405 1.0452
1770392142.6211 0.0203 0.0002 0.9409
1770392142.6327 0.0017 0.0439 0.9683
1770392142.6444 -0.0237 -0.0581 0.9497
1770392142.6569 0.0107 -0.0178 1.0737
1770392142.6690 0.0076 -0.0188 0.9424
1770392142.6813 0.0488 0.0210 0.9727
1770392142.6925 0.0312 0.0051 1.0325
1770392142.7046 0.0356 0.0039 0.9197
1770392142.7167 0.0439 -0.0242 0.9470
1770392142.7288 0.0266 -0.0422 1.0105
1770392142.7412 0.0378 -0.0476 0.9797
1770392142.7534 0.0293 -0.0481 0.9292
1770392142.7645 0.0513 -0.0198 1.0173
1770392142.7769 0.0488 -0.0117 0.9531
1770392142.7888 0.0552 0.0110 0.9495
1770392142.8010 0.0623 -0.0049 0.9822
1770392142.8132 0.0559 -0.0125 0.9619
1770392142.8245 0.0657 -0.0200 0.9622
1770392142.8368 0.0771 -0.0681 0.9819
1770392142.8490 0.0789 -0.0427 0.9946
1770392142.8613 0.0969 0.0054 0.9492
1770392142.8725 0.0923 0.0466 0.9817
1770392142.8848 0.0364 -0.0098 0.9751
1770392142.8972 0.0491 -0.0271 0.9473
1770392142.9094 0.0454 -0.0547 0.9778
1770392142.9209 0.0403 -0.0430 0.9824
1770392142.9331 0.0369 -0.0303 0.9487
1770392142.9454 0.0457 0.0005 0.9929
1770392142.9569 0.0544 0.0127 0.9717
1770392142.9691 0.0557 -0.0002 0.9646
1770392142.9815 0.0420 -0.0298 0.9780
1770392142.9930 0.0388 -0.0471 0.9753
1770392143.0053 0.0510 -0.0356 0.9609
1770392143.0167 0.0513 -0.0134 0.9888
1770392143.0288 0.0554 -0.0005 0.9626
1770392143.0413 0.0513 0.0000 0.9570
1770392143.0534 0.0532 -0.0105 0.9873
1770392143.0647 0.0535 -0.0325 0.9707
1770392143.0769 0.0535 -0.0312 0.9688
1770392143.0892 0.0540 -0.0259 0.9839
1770392143.1015 0.0537 -0.0107 0.9678
1770392143.1127 0.0464 -0.0132 0.9670
1770392143.1250 0.0515 -0.0095 0.9751
1770392143.1374 0.0461 -0.0149 0.9673
1770392143.1495 0.0481 -0.0200 0.9724
1770392143.1607 0.0505 -0.0239 0.9734
1770392143.1729 0.0530 -0.0225 0.9763
1770392143.1855 0.0500 -0.0203 0.9736
1770392143.1969 0.0496 -0.0115 0.9746
1770392143.2092 0.0513 -0.0073 0.9722
1770392143.2214 0.0569 -0.0159 0.9731
1770392143.2330 0.0464 -0.0193 0.9705
1770392143.2455 0.0493 -0.0232 0.9685
1770392143.2569 0.0474 -0.0266 0.9688
1770392143.2691 0.0486 -0.0137 0.9697
1770392143.2814 0.0508 -0.0129 0.9753
1770392143.2937 0.0510 -0.0139 0.9666
1770392143.3049 0.0474 -0.0146 0.9797
1770392143.3171 0.0518 -0.0198 0.9690
1770392143.3292 0.0532 -0.0232 0.9702
1770392143.3414 0.0549 -0.0190 0.9717
1770392143.3537 0.0532 -0.0193 0.9722
1770392143.3660 0.0542 -0.0149 0.9734
1770392143.3773 0.0505 -0.0144 0.9729
1770392143.3898 0.0474 -0.0171 0.9722
1770392143.4021 0.0515 -0.0183 0.9785
1770392143.4135 0.0522 -0.0215 0.9746
1770392143.4257 0.0474 -0.0195 0.9724
1770392143.4381 0.0522 -0.0139 0.9819
1770392143.4493 0.0503 -0.0137 0.9695
1770392143.4615 0.0542 -0.0183 0.9675
1770392143.4738 0.0513 -0.0176 0.9714
1770392143.4862 0.0522 -0.0193 0.9707
1770392143.4975 0.0520 -0.0190 0.9697
1770392143.5097 0.0513 -0.0154 0.9722
1770392143.5219 0.0525 -0.0171 0.9707
1770392143.5342 0.0498 -0.0183 0.9697
1770392143.5457 0.0508 -0.0127 0.9685
1770392143.5581 0.0510 -0.0183 0.9724
1770392143.5693 0.0498 -0.0190 0.9753
1770392143.5816 0.0508 -0.0198 0.9717
1770392143.5940 0.0530 -0.0178 0.9709
1770392143.6061 0.0486 -0.0156 0.9734
1770392143.6175 0.0544 -0.0186 0.9739
1770392143.6296 0.0508 -0.0159 0.9717
1770392143.6420 0.0491 -0.0178 0.9722
1770392143.6535 0.0520 -0.0166 0.9690
1770392143.6657 0.0522 -0.0244 0.9653
1770392143.6777 0.0522 -0.0146 0.9700
1770392143.6898 0.0496 -0.0142 0.9695
1770392143.7018 0.0469 -0.0183 0.9697
1770392143.7140 0.0505 -0.0181 0.9729
1770392143.7262 0.0513 -0.0183 0.9763
1770392143.7372 0.0518 -0.0164 0.9751
1770392143.7494 0.0496 -0.0154 0.9722
1770392143.7614 0.0479 -0.0173 0.9758
1770392143.7739 0.0527 -0.0176 0.9729
1770392143.7862 0.0491 -0.0215 0.9741
1770392143.7972 0.0537 -0.0168 0.9753
1770392143.8095 0.0520 -0.0171 0.9749
1770392143.8214 0.0491 -0.0151 0.9653
1770392143.8336 0.0500 -0.0208 0.9744
1770392143.8457 0.0530 -0.0176 0.9680
1770392143.8578 0.0500 -0.0168 0.9778
1770392143.8697 0.0505 -0.0200 0.9727
1770392143.8817 0.0525 -0.0200 0.9734
1770392143.8938 0.0513 -0.0205 0.9695
1770392143.9059 0.0503 -0.0198 0.9729
1770392143.9179 0.0505 -0.0193 0.9751
1770392143.9299 0.0452 -0.0186 0.9741
1770392143.9421 0.0515 -0.0156 0.9714
1770392143.9541 0.0479 -0.0161 0.9700
1770392143.9662 0.0498 -0.0215 0.9644
1770392143.9775 0.0510 -0.0164 0.9661
1770392143.9898 0.0454 -0.0220 0.9731
1770392144.0019 0.0508 -0.0171 0.9675
1770392144.0140 0.0503 -0.0161 0.9678
1770392144.0261 0.0500 -0.0208 0.9712
1770392144.0382 0.0493 -0.0186 0.9722
1770392144.0503 0.0454 -0.0151 0.9717
1770392144.0613 0.0520 -0.0193 0.9749
1770392144.0737 0.0537 -0.0166 0.9761
1770392144.0859 0.0500 -0.0203 0.9751
1770392144.0982 0.0491 -0.0195 0.9749
1770392144.1102 0.0520 -0.0203 0.9756
1770392144.1223 0.0452 -0.0190 0.9739
1770392144.1334 0.0547 -0.0154 0.9690
1770392144.1455 0.0491 -0.0178 0.9736
1770392144.1578 0.0500 -0.0154 0.9766
1770392144.1699 0.0515 -0.0205 0.9749
1770392144.1816 0.0520 -0.0146 0.9727
1770392144.1939 0.0525 -0.0178 0.9717
1770392144.2060 0.0510 -0.0176 0.9685
1770392144.2181 0.0505 -0.0193 0.9724
1770392144.2300 0.0503 -0.0205 0.9692
1770392144.2421 0.0527 -0.0173 0.9690
1770392144.2541 0.0486 -0.0183 0.9714
1770392144.2664 0.0493 -0.0173 0.9702
1770392144.2784 0.0525 -0.0159 0.9727
1770392144.2895 0.0530 -0.0173 0.9734
1770392144.3015 0.0532 -0.0232 0.9712
1770392144.3137 0.0547 -0.0151 0.9714
1770392144.3258 0.0496 -0.0134 0.9673
1770392144.3379 0.0518 -0.0154 0.9739
1770392144.3499 0.0491 -0.0193 0.9727
1770392144.3620 0.0503 -0.0193 0.9702
1770392144.3748 0.0532 -0.0176 0.9749
1770392144.3860 0.0508 -0.0205 0.9749
1770392144.3981 0.0510 -0.0171 0.9666
1770392144.4102 0.0508 -0.0171 0.9709
1770392144.4222 0.0518 -0.0176 0.9675
1770392144.4343 0.0493 -0.0168 0.9717
1770392144.4464 0.0522 -0.0188 0.9714
1770392144.4574 0.0513 -0.0142 0.9709
1770392144.4694 0.0481 -0.0171 0.9734
1770392144.4814 0.0486 -0.0154 0.9719
1770392144.4942 0.0505 -0.0200 0.9751
1770392144.5055 0.0481 -0.0193 0.9685
1770392144.5178 0.0498 -0.0151 0.9753
1770392144.5297 0.0547 -0.0166 0.9731
1770392144.5419 0.0505 -0.0178 0.9695
1770392144.5540 0.0488 -0.0181 0.9690
1770392144.5660 0.0491 -0.0146 0.9688
1770392144.5775 0.0500 -0.0183 0.9690
1770392144.5895 0.0532 -0.0215 0.9685
1770392144.6017 0.0500 -0.0188 0.9661
1770392144.6139 0.0537 -0.0159 0.9709
1770392144.6261 0.0518 -0.0210 0.9688
1770392144.6384 0.0503 -0.0212 0.9722
1770392144.6497 0.0540 -0.0173 0.9707
1770392144.6617 0.0520 -0.0200 0.9790
1770392144.6740 0.0515 -0.0186 0.9695
1770392144.6860 0.0500 -0.0186 0.9722
1770392144.6977 0.0503 -0.0186 0.9758
1770392144.7098 0.0500 -0.0161 0.9771
1770392144.7225 0.0527 -0.0195 0.9658
1770392144.7335 0.0503 -0.0159 0.9705
1770392144.7457 0.0491 -0.0168 0.9714
1770392144.7578 0.0500 -0.0171 0.9707
1770392144.7700 0.0483 -0.0193 0.9697
1770392144.7824 0.0505 -0.0203 0.9719
1770392144.7945 0.0498 -0.0232 0.9668
1770392144.8055 0.0564 -0.0129 0.9653
1770392144.8178 0.0508 -0.0195 0.9785
1770392144.8298 0.0486 -0.0190 0.9707
1770392144.8420 0.0491 -0.0166 0.9714
1770392144.8542 0.0496 -0.0178 0.9749
1770392144.8664 0.0542 -0.0149 0.9724
1770392144.8784 0.0513 -0.0139 0.9729
1770392144.8906 0.0530 -0.0132 0.9700
1770392144.9015 0.0493 -0.0195 0.9707
1770392144.9137 0.0520 -0.0176 0.9709
1770392144.9257 0.0515 -0.0176 0.9717
1770392144.9379 0.0520 -0.0173 0.9729
1770392144.9499 0.0496 -0.0203 0.9692
1770392144.9620 0.0510 -0.0159 0.9741
1770392144.9743 0.0515 -0.0195 0.9736
1770392144.9859 0.0483 -0.0200 0.9714
1770392144.9981 0.0474 -0.0188 0.9702
1770392145.0103 0.0552 -0.0173 0.9714
1770392145.0224 0.0540 -0.0205 0.9736
1770392145.0336 0.0483 -0.0122 0.9678
1770392145.0458 0.0503 -0.0173 0.9768
1770392145.0579 0.0515 -0.0164 0.9697
1770392145.0701 0.0520 -0.0181 0.9751
1770392145.0821 0.0471 -0.0117 0.9773
1770392145.0944 0.0520 -0.0181 0.9702
1770392145.1066 0.0540 -0.0168 0.9763
1770392145.1179 0.0522 -0.0198 0.9700
1770392145.1299 0.0491 -0.0181 0.9724
1770392145.1421 0.0459 -0.0198 0.9751
1770392145.1542 0.0535 -0.0193 0.9714
1770392145.1665 0.0510 -0.0198 0.9729
1770392145.1777 0.0510 -0.0188 0.9714
1770392145.1900 0.0461 -0.0198 0.9734
1770392145.2021 0.0515 -0.0154 0.9741
1770392145.2143 0.0515 -0.0173 0.9692
1770392145.2265 0.0537 -0.0195 0.9692
1770392145.2378 0.0508 -0.0200 0.9668
1770392145.2502 0.0510 -0.0210 0.9692
1770392145.2623 0.0505 -0.0178 0.9692
1770392145.2744 0.0500 -0.0159 0.9741
1770392145.2857 0.0508 -0.0168 0.9707
1770392145.2980 0.0559 -0.0164 0.9729
1770392145.3102 0.0525 -0.0183 0.9766
1770392145.3224 0.0515 -0.0137 0.9722
1770392145.3344 0.0518 -0.0193 0.9709
1770392145.3465 0.0493 -0.0168 0.9758
1770392145.3584 0.0508 -0.0210 0.9719
1770392145.3705 0.0491 -0.0159 0.9712
1770392145.3826 0.0530 -0.0176 0.9695
1770392145.3947 0.0544 -0.0173 0.9670
1770392145.4057 0.0513 -0.0156 0.9739
1770392145.4178 0.0479 -0.0200 0.9685
1770392145.4298 0.0503 -0.0178 0.9731
1770392145.4419 0.0496 -0.0173 0.9724
1770392145.4538 0.0488 -0.0190 0.9707
1770392145.4660 0.0537 -0.0186 0.9731
1770392145.4781 0.0491 -0.0159 0.9719
1770392145.4903 0.0513 -0.0173 0.9727
1770392145.5024 0.0510 -0.0173 0.9700
1770392145.5137 0.0549 -0.0171 0.9780
1770392145.5262 0.0537 -0.0149 0.9739
1770392145.5388 0.0559 -0.0200 0.9729
1770392145.5499 0.0505 -0.0181 0.9712
1770392145.5620 0.0535 -0.0198 0.9656
1770392145.5749 0.0518 -0.0164 0.9705
1770392145.5863 0.0535 -0.0171 0.9700
1770392145.5979 0.0544 -0.0190 0.9709
1770392145.6101 0.0498 -0.0164 0.9741
1770392145.6221 0.0493 -0.0166 0.9756
1770392145.6344 0.0518 -0.0144 0.9695
1770392145.6466 0.0493 -0.0173 0.9690
1770392145.6588 0.0535 -0.0212 0.9690
1770392145.6703 0.0474 -0.0161 0.9683
1770392145.6824 0.0503 -0.0164 0.9736
1770392145.6939 0.0503 -0.0166 0.9670
1770392145.7061 0.0498 -0.0183 0.9683
1770392145.7180 0.0500 -0.0190 0.9670
1770392145.7302 0.0525 -0.0161 0.9695
1770392145.7424 0.0513 -0.0217 0.9709
1770392145.7546 0.0500 -0.0183 0.9692
1770392145.7660 0.0491 -0.0156 0.9736
1770392145.7788 0.0542 -0.0195 0.9673
1770392145.7901 0.0540 -0.0149 0.9680
1770392145.8022 0.0500 -0.0159 0.9751
1770392145.8143 0.0549 -0.0156 0.9719
1770392145.8267 0.0535 -0.0178 0.9753
1770392145.8379 0.0493 -0.0159 0.9814
1770392145.8501 0.0503 -0.0166 0.9688
1770392145.8621 0.0471 -0.0173 0.9717
1770392145.8742 0.0518 -0.0176 0.9756
1770392145.8864 0.0530 -0.0166 0.9739
1770392145.8985 0.0525 -0.0173 0.9778
1770392145.9106 0.0530 -0.0200 0.9714
1770392145.9227 0.0496 -0.0181 0.9714
1770392145.9347 0.0469 -0.0171 0.9756
1770392145.9468 0.0566 -0.0159 0.9722
1770392145.9578 0.0513 -0.0171 0.9656
1770392145.9702 0.0515 -0.0208 0.9683
1770392145.9818 0.0520 -0.0168 0.9714
1770392145.9945 0.0513 -0.0183 0.9700
1770392146.0059 0.0466 -0.0193 0.9729
1770392146.0180 0.0510 -0.0205 0.9719
1770392146.0301 0.0530 -0.0149 0.9736
1770392146.0423 0.0544 -0.0186 0.9749
1770392146.0546 0.0510 -0.0200 0.9756
1770392146.0668 0.0488 -0.0183 0.9729
1770392146.0788 0.0505 -0.0137 0.9688
1770392146.0899 0.0493 -0.0146 0.9688
1770392146.1022 0.0471 -0.0166 0.9734
1770392146.1144 0.0518 -0.0164 0.9775
1770392146.1268 0.0479 -0.0234 0.9688
1770392146.1382 0.0513 -0.0210 0.9775
1770392146.1502 0.0474 -0.0190 0.9702
1770392146.1623 0.0493 -0.0181 0.9722
1770392146.1744 0.0510 -0.0168 0.9714
1770392146.1866 0.0525 -0.0142 0.9709
1770392146.1986 0.0483 -0.0186 0.9690
1770392146.2108 0.0496 -0.0220 0.9709
1770392146.2228 0.0525 -0.0190 0.9707
1770392146.2349 0.0518 -0.0178 0.9722
1770392146.2459 0.0552 -0.0159 0.9690
1770392146.2579 0.0520 -0.0198 0.9668
1770392146.2699 0.0500 -0.0156 0.9688
1770392146.2819 0.0491 -0.0188 0.9697
1770392146.2940 0.0515 -0.0190 0.9700
1770392146.3062 0.0498 -0.0139 0.9700
1770392146.3189 0.0500 -0.0176 0.9707
1770392146.3302 0.0518 -0.0198 0.9727
1770392146.3423 0.0518 -0.0227 0.9668
1770392146.3544 0.0518 -0.0178 0.9678
1770392146.3665 0.0530 -0.0208 0.9709
1770392146.3785 0.0483 -0.0173 0.9663
1770392146.3907 0.0510 -0.0144 0.9744
1770392146.4028 0.0562 -0.0164 0.9719
1770392146.4147 0.0522 -0.0198 0.9722
1770392146.4269 0.0513 -0.0164 0.9758
1770392146.4379 0.0527 -0.0178 0.9727
1770392146.4500 0.0508 -0.0161 0.9722
1770392146.4620 0.0552 -0.0188 0.9712
1770392146.4744 0.0542 -0.0181 0.9768
1770392146.4867 0.0532 -0.0205 0.9695
1770392146.4988 0.0491 -0.0186 0.9675
1770392146.5109 0.0554 -0.0215 0.9778
1770392146.5230 0.0498 -0.0146 0.9709
1770392146.5347 0.0491 -0.0183 0.9753
1770392146.5461 0.0520 -0.0190 0.9702
1770392146.5596 0.0493 -0.0161 0.9746
1770392146.5706 0.0500 -0.0242 0.9653
1770392146.5827 0.0532 -0.0178 0.9727
1770392146.5948 0.0486 -0.0164 0.9709
1770392146.6069 0.0525 -0.0188 0.9753
1770392146.6190 0.0537 -0.0186 0.9739
1770392146.6300 0.0518 -0.0151 0.9705
1770392146.6421 0.0505 -0.0173 0.9683
1770392146.6541 0.0513 -0.0178 0.9709
1770392146.6663 0.0476 -0.0176 0.9768
1770392146.6782 0.0503 -0.0156 0.9707
1770392146.6905 0.0488 -0.0176 0.9690
1770392146.7025 0.0498 -0.0176 0.9670
1770392146.7147 0.0505 -0.0220 0.9719
1770392146.7268 0.0508 -0.0186 0.9746
1770392146.7392 0.0466 -0.0171 0.9690
1770392146.7507 0.0508 -0.0210 0.9729
1770392146.7621 0.0515 -0.0166 0.9700
1770392146.7744 0.0452 -0.0210 0.9739
1770392146.7869 0.0469 -0.0171 0.9714
1770392146.7982 0.0500 -0.0178 0.9648
1770392146.8109 0.0569 -0.0129 0.9663
1770392146.8229 0.0500 -0.0188 0.9731
1770392146.8350 0.0557 -0.0183 0.9729
1770392146.8461 0.0469 -0.0178 0.9712
1770392146.8584 0.0474 -0.0166 0.9697
1770392146.8706 0.0532 -0.0183 0.9634
1770392146.8826 0.0549 -0.0137 0.9771
1770392146.8947 0.0508 -0.0183 0.9702
1770392146.9068 0.0510 -0.0166 0.9766
1770392146.9189 0.0510 -0.0171 0.9697
1770392146.9310 0.0500 -0.0193 0.9724
1770392146.9430 0.0486 -0.0173 0.9700
1770392146.9551 0.0505 -0.0195 0.9707
1770392146.9663 0.0544 -0.0186 0.9722
1770392146.9785 0.0496 -0.0193 0.9663
1770392146.9908 0.0520 -0.0164 0.9707
1770392147.0028 0.0486 -0.0173 0.9741
1770392147.0148 0.0515 -0.0195 0.9714
1770392147.0269 0.0469 -0.0149 0.9707
1770392147.0390 0.0542 -0.0156 0.9673
1770392147.0511 0.0537 -0.0156 0.9634
1770392147.0621 0.0544 -0.0200 0.9739
1770392147.0752 0.0510 -0.0178 0.9683
1770392147.0863 0.0496 -0.0183 0.9705
1770392147.0984 0.0542 -0.0178 0.9753
1770392147.1104 0.0525 -0.0127 0.9739
1770392147.1226 0.0540 -0.0200 0.9670
1770392147.1346 0.0513 -0.0166 0.9705
1770392147.1469 0.0527 -0.0186 0.9717
1770392147.1589 0.0527 -0.0195 0.9722
1770392147.1710 0.0503 -0.0132 0.9678
1770392147.1822 0.0510 -0.0125 0.9700
1770392147.1951 0.0505 -0.0203 0.9678
1770392147.2068 0.0505 -0.0181 0.9744
1770392147.2188 0.0552 -0.0137 0.9766
1770392147.2307 0.0486 -0.0171 0.9709
1770392147.2428 0.0496 -0.0181 0.9717
1770392147.2547 0.0522 -0.0149 0.9702
1770392147.2668 0.0486 -0.0195 0.9734
1770392147.2788 0.0474 -0.0164 0.9692
1770392147.2909 0.0532 -0.0156 0.9707
1770392147.3028 0.0479 -0.0166 0.9712
1770392147.3149 0.0496 -0.0168 0.9717
1770392147.3265 0.0520 -0.0183 0.9719
1770392147.3389 0.0549 -0.0176 0.9739
1770392147.3510 0.0510 -0.0181 0.9749
1770392147.3622 0.0513 -0.0212 0.9746
1770392147.3745 0.0544 -0.0195 0.9709
1770392147.3864 0.0505 -0.0215 0.9727
1770392147.3985 0.0552 -0.0190 0.9744
1770392147.4106 0.0508 -0.0159 0.9734
1770392147.4227 0.0513 -0.0188 0.9763
1770392147.4348 0.0503 -0.0161 0.9702
1770392147.4469 0.0562 -0.0193 0.9700
1770392147.4590 0.0520 -0.0188 0.9673
1770392147.4711 0.0505 -0.0142 0.9670
1770392147.4832 0.0496 -0.0195 0.9756
1770392147.4943 0.0518 -0.0151 0.9680
1770392147.5065 0.0525 -0.0166 0.9736
1770392147.5184 0.0500 -0.0171 0.9702
1770392147.5305 0.0471 -0.0198 0.9729
1770392147.5427 0.0503 -0.0200 0.9724
1770392147.5550 0.0483 -0.0178 0.9707
1770392147.5667 0.0518 -0.0166 0.9692
1770392147.5787 0.0518 -0.0161 0.9685
1770392147.5904 0.0547 -0.0178 0.9712
1770392147.6025 0.0486 -0.0208 0.9746
1770392147.6146 0.0542 -0.0173 0.9722
1770392147.6267 0.0525 -0.0156 0.9697
1770392147.6390 0.0513 -0.0132 0.9714
1770392147.6510 0.0486 -0.0142 0.9678
1770392147.6624 0.0515 -0.0186 0.9673
1770392147.6746 0.0542 -0.0178 0.9688
1770392147.6868 0.0535 -0.0195 0.9751
1770392147.6988 0.0510 -0.0188 0.9697
1770392147.7109 0.0493 -0.0215 0.9724
1770392147.7230 0.0530 -0.0178 0.9717
1770392147.7349 0.0491 -0.0166 0.9648
1770392147.7471 0.0544 -0.0156 0.9768
1770392147.7591 0.0535 -0.0154 0.9746
1770392147.7712 0.0498 -0.0156 0.9753
1770392147.7823 0.0500 -0.0166 0.9663
1770392147.7946 0.0513 -0.0186 0.9709
1770392147.8067 0.0505 -0.0205 0.9688
1770392147.8188 0.0510 -0.0222 0.9734
1770392147.8308 0.0515 -0.0164 0.9729
1770392147.8429 0.0513 -0.0210 0.9705
1770392147.8549 0.0522 -0.0193 0.9697
1770392147.8671 0.0522 -0.0188 0.9751
1770392147.8791 0.0500 -0.0154 0.9709
1770392147.8913 0.0500 -0.0173 0.9692
1770392147.9023 0.0503 -0.0166 0.9702
1770392147.9144 0.0547 -0.0171 0.9722
1770392147.9265 0.0540 -0.0142 0.9675
1770392147.9386 0.0525 -0.0190 0.9678
1770392147.9506 0.0505 -0.0149 0.9697
1770392147.9628 0.0527 -0.0188 0.9656
1770392147.9749 0.0503 -0.0176 0.9714
1770392147.9864 0.0537 -0.0159 0.9695
1770392147.9983 0.0513 -0.0149 0.9712
1770392148.0105 0.0515 -0.0217 0.9763
1770392148.0226 0.0542 -0.0210 0.9653
1770392148.0347 0.0498 -0.0168 0.9702
1770392148.0468 0.0515 -0.0154 0.9692
1770392148.0589 0.0522 -0.0144 0.9666
1770392148.0710 0.0530 -0.0159 0.9712
1770392148.0831 0.0522 -0.0173 0.9717
1770392148.0952 0.0510 -0.0195 0.9673
1770392148.1064 0.0503 -0.0164 0.9700
1770392148.1184 0.0500 -0.0183 0.9714
1770392148.1314 0.0508 -0.0212 0.9668
1770392148.1425 0.0510 -0.0156 0.9690
1770392148.1546 0.0537 -0.0151 0.9700
1770392148.1668 0.0564 -0.0183 0.9702
1770392148.1789 0.0479 -0.0195 0.9734
1770392148.1910 0.0535 -0.0159 0.9719
1770392148.2031 0.0498 -0.0166 0.9700
1770392148.2151 0.0522 -0.0154 0.9712
1770392148.2272 0.0498 -0.0190 0.9712
1770392148.2393 0.0525 -0.0186 0.9751
1770392148.2513 0.0493 -0.0173 0.9702
1770392148.2633 0.0535 -0.0166 0.9719
1770392148.2753 0.0481 -0.0156 0.9702
1770392148.2864 0.0515 -0.0188 0.9719
1770392148.2985 0.0510 -0.0161 0.9717
1770392148.3105 0.0488 -0.0178 0.9739
1770392148.3236 0.0491 -0.0166 0.9688
1770392148.3356 0.0469 -0.0188 0.9766
1770392148.3477 0.0479 -0.0186 0.9739
1770392148.3596 0.0522 -0.0210 0.9729
1770392148.3716 0.0500 -0.0159 0.9670
1770392148.3828 0.0547 -0.0161 0.9697
1770392148.3949 0.0496 -0.0168 0.9675
1770392148.4070 0.0479 -0.0173 0.9705
1770392148.4190 0.0464 -0.0183 0.9768
1770392148.4310 0.0559 -0.0203 0.9734
1770392148.4432 0.0527 -0.0195 0.9773
1770392148.4552 0.0566 -0.0193 0.9702
1770392148.4674 0.0522 -0.0205 0.9685
1770392148.4796 0.0474 -0.0166 0.9680
1770392148.4919 0.0510 -0.0181 0.9688
1770392148.5040 0.0537 -0.0193 0.9712
1770392148.5160 0.0557 -0.0225 0.9744
1770392148.5282 0.0498 -0.0154 0.9663
1770392148.5392 0.0544 -0.0186 0.9746
1770392148.5513 0.0496 -0.0173 0.9697
1770392148.5634 0.0530 -0.0181 0.9688
1770392148.5756 0.0464 -0.0203 0.9700
1770392148.5872 0.0503 -0.0186 0.9685
1770392148.5994 0.0537 -0.0183 0.9697
1770392148.6112 0.0520 -0.0193 0.9778
1770392148.6234 0.0488 -0.0190 0.9702
1770392148.6358 0.0515 -0.0193 0.9688
1770392148.6473 0.0515 -0.0188 0.9719
1770392148.6594 0.0527 -0.0190 0.9668
1770392148.6717 0.0508 -0.0217 0.9768
1770392148.6832 0.0515 -0.0178 0.9675
1770392148.6959 0.0500 -0.0159 0.9729
1770392148.7072 0.0503 -0.0171 0.9712
1770392148.7195 0.0520 -0.0186 0.9717
1770392148.7317 0.0510 -0.0159 0.9729
1770392148.7441 0.0483 -0.0195 0.9668
1770392148.7561 0.0510 -0.0168 0.9768
1770392148.7673 0.0537 -0.0181 0.9756
1770392148.7793 0.0513 -0.0222 0.9724
1770392148.7916 0.0542 -0.0173 0.9695
1770392148.8034 0.0503 -0.0161 0.9680
1770392148.8156 0.0518 -0.0171 0.9751
1770392148.8280 0.0522 -0.0193 0.9758
1770392148.8395 0.0469 -0.0190 0.9690
1770392148.8526 0.0515 -0.0168 0.9712
1770392148.8641 0.0498 -0.0164 0.9749
1770392148.8762 0.0488 -0.0137 0.9785
1770392148.8874 0.0505 -0.0166 0.9683
1770392148.8993 0.0527 -0.0181 0.9707
1770392148.9116 0.0500 -0.0205 0.9651
1770392148.9236 0.0513 -0.0159 0.9690
1770392148.9357 0.0520 -0.0171 0.9712
1770392148.9481 0.0527 -0.0195 0.9731
1770392148.9601 0.0505 -0.0164 0.9746
1770392148.9721 0.0508 -0.0171 0.9790
1770392148.9836 0.0540 -0.0220 0.9712
1770392148.9957 0.0508 -0.0198 0.9756
1770392149.0079 0.0513 -0.0200 0.9678
1770392149.0200 0.0547 -0.0178 0.9673
1770392149.0321 0.0537 -0.0208 0.9739
1770392149.0443 0.0498 -0.0220 0.9722
1770392149.0552 0.0532 -0.0161 0.9697
1770392149.0674 0.0508 -0.0193 0.9685
1770392149.0795 0.0505 -0.0193 0.9666
1770392149.0916 0.0508 -0.0176 0.9670
1770392149.1038 0.0498 -0.0193 0.9712
1770392149.1159 0.0496 -0.0222 0.9727
1770392149.1281 0.0520 -0.0188 0.9702
1770392149.1402 0.0540 -0.0159 0.9707
1770392149.1512 0.0525 -0.0193 0.9712
1770392149.1634 0.0520 -0.0164 0.9749
1770392149.1754 0.0508 -0.0168 0.9722
1770392149.1878 0.0483 -0.0178 0.9734
1770392149.1999 0.0518 -0.0154 0.9680
1770392149.2120 0.0530 -0.0188 0.9722
1770392149.2241 0.0481 -0.0232 0.9749
1770392149.2361 0.0476 -0.0173 0.9719
1770392149.2483 0.0496 -0.0168 0.9717
1770392149.2594 0.0486 -0.0161 0.9731
1770392149.2715 0.0498 -0.0190 0.9702
1770392149.2835 0.0537 -0.0166 0.9768
1770392149.2958 0.0496 -0.0195 0.9724
1770392149.3080 0.0530 -0.0173 0.9727
1770392149.3200 0.0496 -0.0178 0.9685
1770392149.3320 0.0503 -0.0127 0.9700
1770392149.3442 0.0520 -0.0154 0.9714
1770392149.3563 0.0525 -0.0161 0.9780
1770392149.3676 0.0549 -0.0166 0.9663
1770392149.3800 0.0525 -0.0168 0.9668
1770392149.3923 0.0496 -0.0178 0.9719
1770392149.4037 0.0520 -0.0212 0.9695
1770392149.4161 0.0505 -0.0200 0.9690
1770392149.4281 0.0496 -0.0186 0.9758
1770392149.4403 0.0488 -0.0176 0.9719
1770392149.4522 0.0513 -0.0168 0.9692
1770392149.4644 0.0510 -0.0176 0.9727
1770392149.4763 0.0505 -0.0159 0.9683
1770392149.4876 0.0437 -0.0220 0.9719
1770392149.4996 0.0459 -0.0208 0.9712
1770392149.5119 0.0500 -0.0212 0.9707
1770392149.5241 0.0488 -0.0222 0.9695
1770392149.5363 0.0459 -0.0215 0.9636
1770392149.5475 0.0564 -0.0120 0.9761
1770392149.5595 0.0554 -0.0154 0.9688
1770392149.5716 0.0632 -0.0117 0.9741
1770392149.5840 0.0537 -0.0151 0.9741
1770392149.5961 0.0442 -0.0212 0.9746
1770392149.6082 0.0471 -0.0171 0.9666
1770392149.6203 0.0505 -0.0134 0.9792
1770392149.6323 0.0549 -0.0232 0.9641
1770392149.6434 0.0530 -0.0320 0.9775
1770392149.6556 0.0527 -0.0166 0.9709
1770392149.6677 0.0479 -0.0068 0.9688
1770392149.6798 0.0420 -0.0071 0.9619
1770392149.6918 0.0525 -0.0166 0.9707
1770392149.7039 0.0635 -0.0234 0.9773
1770392149.7160 0.0703 -0.0007 0.9661
1770392149.7283 0.0757 -0.0054 0.9651
1770392149.7395 0.0630 -0.0164 0.9712
1770392149.7517 0.0493 -0.0171 0.9739
1770392149.7639 0.0308 -0.0198 0.9702
1770392149.7762 0.0247 -0.0212 0.9785
1770392149.7875 0.0247 -0.0247 0.9656
1770392149.7995 0.0386 -0.0293 0.9746
1770392149.8116 0.0571 -0.0315 0.9771
1770392149.8237 0.0679 -0.0220 0.9629
1770392149.8357 0.0674 -0.0061 0.9780
1770392149.8478 0.0596 -0.0054 0.9707
1770392149.8599 0.0378 -0.0125 0.9692
1770392149.8718 0.0317 -0.0305 0.9663
1770392149.8838 0.0344 -0.0222 0.9692
1770392149.8959 0.0510 -0.0186 0.9651
1770392149.9079 0.0696 -0.0122 0.9792
1770392149.9201 0.0737 -0.0161 0.9814
1770392149.9320 0.0608 -0.0269 0.9700
1770392149.9441 0.0471 -0.0161 0.9771
1770392149.9561 0.0645 0.0066 0.9946
1770392149.9682 0.0674 -0.0117 0.9607
1770392149.9795 0.0637 -0.0244 0.9868
1770392149.9917 0.0613 -0.0178 0.9836
1770392150.0039 0.0444 -0.0156 0.9480
1770392150.0164 0.0369 -0.0222 0.9851
1770392150.0283 0.0259 -0.0234 0.9678
1770392150.0397 0.0149 -0.0249 0.9575
1770392150.0518 0.0520 -0.0134 0.9749
1770392150.0640 0.0745 -0.0188 0.9778
1770392150.0760 0.0620 -0.0261 0.9756
1770392150.0885 0.0574 -0.0178 0.9590
1770392150.0995 0.0491 -0.0115 0.9775
1770392150.1117 0.0513 -0.0068 0.9695
1770392150.1237 0.0554 -0.0115 0.9670
1770392150.1358 0.0503 -0.0283 0.9780
1770392150.1479 0.0464 -0.0320 0.9648
1770392150.1601 0.0525 -0.0186 0.9700
1770392150.1717 0.0564 -0.0085 0.9685
1770392150.1841 0.0569 -0.0120 0.9641
1770392150.1962 0.0789 0.0073 0.9602
1770392150.2082 0.0635 -0.0256 0.9746
1770392150.2204 0.0537 -0.0334 0.9653
1770392150.2325 0.0520 -0.0249 0.9834
1770392150.2435 0.0618 -0.0144 0.9580
1770392150.2555 0.0664 -0.0049 0.9648
1770392150.2676 0.0530 -0.0037 0.9678
1770392150.2798 0.0190 -0.0217 0.9629
1770392150.2918 0.0105 -0.0291 0.9673
1770392150.3041 0.0322 -0.0186 0.9670
1770392150.3161 0.0586 -0.0154 0.9712
1770392150.3283 0.0735 -0.0173 0.9771
1770392150.3404 0.0806 -0.0103 0.9749
1770392150.3524 0.0549 -0.0139 0.9702
1770392150.3645 0.0496 -0.0161 0.9700
1770392150.3762 0.0598 -0.0088 0.9700
1770392150.3875 0.0496 -0.0339 0.9739
1770392150.3996 0.0417 -0.0374 0.9475
1770392150.4116 0.0430 0.0081 0.9785
1770392150.4237 0.0654 0.0283 0.9543
1770392150.4357 0.0510 -0.0217 0.9648
1770392150.4479 0.0481 -0.0625 0.9851
1770392150.4599 0.0615 -0.0459 0.9685
1770392150.4720 0.0701 0.0032 0.9709
1770392150.4841 0.0713 0.0344 0.9661
1770392150.4962 0.0522 0.0000 0.9707
1770392150.5082 0.0481 -0.0369 0.9727
1770392150.5204 0.0452 -0.0540 0.9744
1770392150.5323 0.0483 -0.0330 0.9827
1770392150.5440 0.0327 -0.0178 0.9609
1770392150.5563 0.0457 0.0117 0.9648
1770392150.5684 0.0344 -0.0076 0.9753
1770392150.5796 0.0510 -0.0413 0.9661
1770392150.5919 0.0449 -0.0471 0.9836
1770392150.6039 0.0498 -0.0039 0.9692
1770392150.6161 0.0574 -0.0051 0.9363
1770392150.6280 0.0676 0.0110 0.9878
1770392150.6401 -0.0107 -0.0173 0.8069
1770392150.6521 0.1165 0.0000 0.9858
1770392150.6645 0.0449 -0.0469 0.9431
1770392150.6757 0.0898 -0.0107 0.9927
1770392150.6881 0.0405 -0.0098 0.9470
1770392150.7001 0.0676 0.0151 0.9917
1770392150.7122 0.0222 -0.0203 0.9629
1770392150.7242 0.0627 -0.0264 1.0173
1770392150.7364 0.0266 -0.0464 0.9548
1770392150.7485 0.0544 -0.0193 1.0010
1770392150.7597 0.0496 -0.0144 0.9778
1770392150.7719 0.0522 0.0000 0.9788
1770392150.7842 0.0452 -0.0227 0.9741
1770392150.7963 0.0581 -0.0273 0.9790
1770392150.8084 0.0542 -0.0142 0.9629
1770392150.8204 0.0544 -0.0154 0.9678
1770392150.8325 0.0447 -0.0186 0.9778
1770392150.8437 0.0476 -0.0225 0.9668
1770392150.8558 0.0522 -0.0203 0.9751
1770392150.8679 0.0601 -0.0134 0.9646
1770392150.8804 0.0552 -0.0146 0.9819
1770392150.8925 0.0549 -0.0281 0.9578
1770392150.9047 0.0474 -0.0183 0.9863
1770392150.9159 0.0510 -0.0176 0.9519
1770392150.9281 0.0515 -0.0107 0.9749
1770392150.9403 0.0449 -0.0215 0.9731
1770392150.9525 0.0532 -0.0220 0.9714
1770392150.9646 0.0566 -0.0166 0.9697
1770392150.9760 0.0532 -0.0149 0.9863
1770392150.9883 0.0464 -0.0215 0.9636
1770392151.0003 0.0498 -0.0188 0.9753
1770392151.0124 0.0442 -0.0205 0.9749
1770392151.0245 0.0540 -0.0149 0.9705
1770392151.0366 0.0508 -0.0178 0.9709
1770392151.0477 0.0532 -0.0195 0.9761
1770392151.0606 0.0515 -0.0200 0.9778
1770392151.0717 0.0532 -0.0176 0.9658
1770392151.0837 0.0530 -0.0171 0.9714
1770392151.0963 0.0493 -0.0200 0.9688
1770392151.1084 0.0518 -0.0173 0.9724
1770392151.1211 0.0532 -0.0159 0.9714
1770392151.1321 0.0537 -0.0164 0.9788
1770392151.1442 0.0466 -0.0215 0.9678
1770392151.1563 0.0500 -0.0161 0.9758
1770392151.1684 0.0496 -0.0208 0.9678
1770392151.1804 0.0503 -0.0173 0.9717
1770392151.1921 0.0542 -0.0217 0.9739
1770392151.2038 0.0505 -0.0171 0.9734
1770392151.2158 0.0469 -0.0151 0.9763
1770392151.2285 0.0522 -0.0132 0.9761
1770392151.2398 0.0503 -0.0210 0.9702
1770392151.2520 0.0518 -0.0181 0.9727
1770392151.2645 0.0515 -0.0203 0.9727
1770392151.2767 0.0493 -0.0176 0.9736
1770392151.2879 0.0525 -0.0173 0.9739
1770392151.3000 0.0493 -0.0178 0.9736
1770392151.3128 0.0488 -0.0186 0.9688
1770392151.3245 0.0515 -0.0193 0.9709
1770392151.3364 0.0520 -0.0178 0.9739
1770392151.3479 0.0491 -0.0198 0.9712
1770392151.3601 0.0562 -0.0183 0.9688
1770392151.3726 0.0537 -0.0166 0.9741
1770392151.3839 0.0491 -0.0149 0.9702
1770392151.3960 0.0498 -0.0198 0.9695
1770392151.4080 0.0527 -0.0134 0.9768
1770392151.4201 0.0530 -0.0200 0.9675
1770392151.4322 0.0505 -0.0176 0.9758
1770392151.4442 0.0581 -0.0203 0.9714
1770392151.4562 0.0549 -0.0164 0.9741
1770392151.4683 0.0496 -0.0195 0.9724
1770392151.4803 0.0471 -0.0188 0.9719
1770392151.4924 0.0378 -0.0198 0.9724
1770392151.5044 0.0452 -0.0259 0.9666
1770392151.5164 0.0452 -0.0239 0.9758
1770392151.5285 0.0500 -0.0244 0.9729
1770392151.5405 0.0544 -0.0117 0.9675
1770392151.5525 0.0630 -0.0078 0.9727
1770392151.5645 0.0625 -0.0061 0.9724
1770392151.5766 0.0620 -0.0178 0.9722
1770392151.6008 0.0610 -0.0237 0.9729
1770392151.6011 0.0532 -0.0105 0.9729
1770392151.6121 0.0479 -0.0132 0.9666
1770392151.6241 0.0474 -0.0200 0.9832
1770392151.6361 0.0454 -0.0312 0.9714
1770392151.6482 0.0437 -0.0254 0.9714
1770392151.6601 0.0664 -0.0061 0.9727
1770392151.6722 0.0515 0.0034 0.9631
1770392151.6842 0.0630 -0.0186 0.9458
1770392151.6964 0.0537 -0.0237 0.9749
1770392151.7086 0.0530 -0.0234 0.9744
1770392151.7207 0.0486 -0.0139 0.9565
1770392151.7328 0.0430 -0.0215 0.9814
1770392151.7440 0.0408 -0.0156 0.9690
1770392151.7561 0.0422 -0.0205 0.9587
1770392151.7684 0.0518 -0.0151 0.9827
1770392151.7806 0.0439 -0.0188 0.9663
1770392151.7928 0.0518 -0.0205 0.9719
1770392151.8040 0.0503 -0.0234 0.9753
1770392151.8163 0.0552 -0.0168 0.9663
1770392151.8283 0.0557 -0.0093 0.9775
1770392151.8405 0.0566 -0.0137 0.9731
1770392151.8526 0.0557 -0.0149 0.9656
1770392151.8647 0.0466 -0.0193 0.9775
1770392151.8767 0.0481 -0.0205 0.9651
1770392151.8887 0.0513 -0.0242 0.9719
1770392151.9006 0.0505 -0.0200 0.9780
1770392151.9126 0.0581 -0.0198 0.9653
1770392151.9245 0.0557 -0.0129 0.9729
1770392151.9366 0.0542 -0.0120 0.9712
1770392151.9487 0.0500 -0.0144 0.9636
1770392151.9607 0.0513 -0.0127 0.9714
1770392151.9728 0.0530 -0.0212 0.9844
1770392151.9840 0.0510 -0.0293 0.9741
1770392151.9960 0.0566 -0.0173 0.9690
1770392152.0081 0.0542 -0.0125 0.9744
1770392152.0200 0.0522 -0.0161 0.9746
1770392152.0321 0.0522 -0.0178 0.9585
1770392152.0443 0.0503 -0.0120 0.9771
1770392152.0563 0.0549 -0.0127 0.9810
1770392152.0683 0.0491 -0.0271 0.9666
1770392152.0803 0.0557 -0.0234 0.9705
1770392152.0923 0.0474 -0.0151 0.9795
1770392152.1043 0.0576 -0.0168 0.9607
1770392152.1164 0.0576 -0.0142 0.9646
1770392152.1286 0.0527 -0.0183 0.9792
1770392152.1406 0.0527 -0.0242 0.9692
1770392152.1527 0.0435 -0.0271 0.9736
1770392152.1647 0.0491 -0.0183 0.9690
1770392152.1760 0.0493 -0.0137 0.9758
1770392152.1884 0.0493 -0.0232 0.9731
1770392152.2005 0.0588 -0.0166 0.9639
1770392152.2126 0.0613 -0.0144 0.9795
1770392152.2247 0.0588 -0.0105 0.9805
1770392152.2367 0.0527 -0.0210 0.9690
1770392152.2489 0.0508 -0.0222 0.9734
1770392152.2609 0.0498 -0.0125 0.9714
1770392152.2720 0.0520 -0.0110 0.9651
1770392152.2841 0.0549 -0.0212 0.9678
1770392152.2962 0.0486 -0.0222 0.9749
1770392152.3086 0.0527 -0.0234 0.9712
1770392152.3207 0.0540 -0.0239 0.9717
1770392152.3321 0.0500 -0.0146 0.9778
1770392152.3447 0.0520 -0.0129 0.9753
1770392152.3564 0.0488 -0.0154 0.9719
1770392152.3680 0.0483 -0.0195 0.9729
1770392152.3806 0.0476 -0.0198 0.9729
1770392152.3922 0.0483 -0.0200 0.9729
1770392152.4046 0.0452 -0.0210 0.9783
1770392152.4169 0.0540 -0.0200 0.9688
1770392152.4283 0.0562 -0.0161 0.9736
1770392152.4405 0.0547 -0.0156 0.9709
1770392152.4530 0.0535 -0.0137 0.9727
1770392152.4642 0.0491 -0.0195 0.9736
1770392152.4760 0.0486 -0.0151 0.9685
1770392152.4885 0.0513 -0.0183 0.9761
1770392152.5008 0.0579 -0.0139 0.9753
1770392152.5120 0.0537 -0.0129 0.9709
1770392152.5241 0.0535 -0.0173 0.9741
1770392152.5363 0.0500 -0.0159 0.9734
1770392152.5485 0.0476 -0.0193 0.9697
1770392152.5608 0.0505 -0.0200 0.9778
1770392152.5726 0.0500 -0.0173 0.9668
1770392152.5841 0.0498 -0.0190 0.9695
1770392152.5965 0.0505 -0.0190 0.9734
1770392152.6087 0.0542 -0.0195 0.9705
1770392152.6224 0.0500 -0.0178 0.9783
1770392152.6329 0.0510 -0.0193 0.9685
1770392152.6440 0.0496 -0.0173 0.9727
1770392152.6561 0.0513 -0.0222 0.9714
1770392152.6683 0.0508 -0.0159 0.9648
1770392152.6805 0.0496 -0.0186 0.9661
1770392152.6927 0.0515 -0.0173 0.9685
1770392152.7048 0.0498 -0.0200 0.9695
1770392152.7168 0.0513 -0.0176 0.9749
1770392152.7280 0.0527 -0.0181 0.9741
1770392152.7404 0.0530 -0.0181 0.9709
1770392152.7525 0.0520 -0.0171 0.9675
1770392152.7646 0.0476 -0.0154 0.9707
1770392152.7770 0.0520 -0.0208 0.9717
1770392152.7886 0.0542 -0.0178 0.9763
1770392152.8006 0.0508 -0.0195 0.9761
1770392152.8129 0.0552 -0.0186 0.9697
1770392152.8241 0.0498 -0.0212 0.9746
1770392152.8365 0.0479 -0.0173 0.9668
1770392152.8485 0.0459 -0.0205 0.9648
1770392152.8607 0.0557 -0.0225 0.9714
1770392152.8727 0.0574 -0.0129 0.9749
1770392152.8850 0.0547 -0.0166 0.9685
1770392152.8963 0.0535 -0.0156 0.9836
1770392152.9085 0.0439 -0.0205 0.9680
1770392152.9206 0.0520 -0.0178 0.9795
1770392152.9328 0.0474 -0.0168 0.9663
1770392152.9451 0.0562 -0.0203 0.9673
1770392152.9563 0.0547 -0.0251 0.9883
1770392152.9703 0.0552 -0.0210 0.9678
1770392152.9821 0.0547 -0.0161 0.9749
1770392152.9928 0.0520 -0.0117 0.9751
1770392153.0049 0.0542 -0.0168 0.9646
1770392153.0171 0.0544 -0.0112 0.9663
1770392153.0282 0.0532 -0.0198 0.9753
1770392153.0406 0.0540 -0.0242 0.9695
1770392153.0528 0.0527 -0.0195 0.9678
1770392153.0642 0.0527 -0.0127 0.9724
1770392153.0763 0.0576 -0.0149 0.9648
1770392153.0891 0.0584 -0.0122 0.9800
1770392153.1001 0.0579 -0.0151 0.9678
1770392153.1127 0.0562 -0.0208 0.9719
1770392153.1249 0.0518 -0.0215 0.9783
1770392153.1372 0.0525 -0.0208 0.9712
1770392153.1485 0.0442 -0.0149 0.9692
1770392153.1605 0.0459 -0.0139 0.9802
1770392153.1723 0.0498 -0.0107 0.9717
1770392153.1851 0.0540 -0.0117 0.9690
1770392153.1962 0.0491 -0.0264 0.9724
1770392153.2085 0.0530 -0.0237 0.9722
1770392153.2206 0.0510 -0.0220 0.9731
1770392153.2330 0.0496 -0.0200 0.9705
1770392153.2443 0.0510 -0.0117 0.9690
1770392153.2565 0.0525 -0.0139 0.9705
1770392153.2688 0.0461 -0.0144 0.9680
1770392153.2811 0.0479 -0.0217 0.9722
1770392153.2923 0.0491 -0.0217 0.9751
1770392153.3045 0.0562 -0.0112 0.9758
1770392153.3166 0.0537 -0.0176 0.9695
1770392153.3287 0.0469 -0.0164 0.9734
1770392153.3409 0.0381 -0.0205 0.9854
1770392153.3524 0.0496 -0.0181 0.9729
1770392153.3647 0.0476 -0.0176 0.9773
1770392153.3766 0.0432 -0.0181 0.9797
1770392153.3885 0.0649 -0.0193 0.9634
1770392153.4010 0.0522 -0.0137 0.9773
1770392153.4132 0.0488 -0.0168 0.9758
1770392153.4246 0.0488 -0.0225 0.9700
1770392153.4371 0.0515 -0.0173 0.9675
1770392153.4489 0.0435 -0.0200 0.9744
1770392153.4603 0.0388 -0.0198 0.9692
1770392153.4732 0.0410 -0.0200 0.9775
1770392153.4849 0.0408 -0.0281 0.9729
1770392153.4964 0.0645 -0.0308 0.9634
1770392153.5083 0.0811 -0.0137 0.9648
1770392153.5209 0.0776 -0.0095 0.9653
1770392153.5324 0.0759 0.0044 0.9670
1770392153.5444 0.0537 -0.0107 0.9595
1770392153.5569 0.0488 -0.0239 0.9690
1770392153.5689 0.0447 -0.0271 0.9666
1770392153.5827 0.0449 -0.0259 0.9719
1770392153.5925 0.0427 -0.0200 0.9697
1770392153.6051 0.0300 -0.0205 0.9768
1770392153.6171 0.0454 -0.0190 0.9675
1770392153.6291 0.0505 -0.0212 0.9736
1770392153.6412 0.0459 -0.0305 0.9761
1770392153.6533 0.0588 -0.0159 0.9697
1770392153.6646 0.0581 -0.0134 0.9739
1770392153.6766 0.0559 -0.0168 0.9727
1770392153.6889 0.0513 -0.0203 0.9683
1770392153.7008 0.0522 -0.0188 0.9729
1770392153.7128 0.0530 -0.0229 0.9697
1770392153.7248 0.0574 -0.0171 0.9785
1770392153.7369 0.0500 -0.0176 0.9670
1770392153.7489 0.0493 -0.0132 0.9709
1770392153.7609 0.0505 -0.0149 0.9751
1770392153.7729 0.0613 -0.0256 0.9780
1770392153.7853 0.0508 -0.0352 0.9414
1770392153.7964 0.0439 -0.0046 1.0210
1770392153.8086 0.0527 -0.0103 0.9463
1770392153.8207 0.0547 -0.0247 0.9783
1770392153.8328 0.0503 -0.0183 0.9951
1770392153.8451 0.0483 -0.0117 0.9465
1770392153.8572 0.0513 -0.0164 0.9868
1770392153.8685 0.0547 -0.0127 0.9753
1770392153.8807 0.0469 -0.0225 0.9622
1770392153.8932 0.0442 -0.0200 0.9912
1770392153.9045 0.0474 -0.0220 0.9546
1770392153.9167 0.0569 -0.0168 0.9629
1770392153.9285 0.0518 -0.0190 0.9780
1770392153.9413 0.0598 -0.0190 0.9543
1770392153.9526 0.0498 -0.0134 0.9727
1770392153.9649 0.0520 -0.0156 0.9849
1770392153.9772 0.0503 -0.0220 0.9612
1770392153.9883 0.0510 -0.0225 0.9802
1770392154.0008 0.0554 -0.0166 0.9797
1770392154.0123 0.0535 -0.0178 0.9734
1770392154.0250 0.0500 -0.0173 0.9653
1770392154.0372 0.0527 -0.0188 0.9673
1770392154.0485 0.0537 -0.0186 0.9729
1770392154.0607 0.0518 -0.0154 0.9653
1770392154.0729 0.0496 -0.0156 0.9751
1770392154.0851 0.0469 -0.0232 0.9707
1770392154.0963 0.0520 -0.0217 0.9607
1770392154.1087 0.0532 -0.0137 0.9807
1770392154.1211 0.0513 -0.0146 0.9739
1770392154.1332 0.0520 -0.0256 0.9590
1770392154.1445 0.0532 -0.0181 0.9712
1770392154.1567 0.0540 -0.0181 0.9651
1770392154.1691 0.0500 -0.0164 0.9722
1770392154.1808 0.0520 -0.0220 0.9792
1770392154.1934 0.0547 -0.0188 0.9695
1770392154.2051 0.0498 -0.0173 0.9717
1770392154.2175 0.0515 -0.0137 0.9685
1770392154.2287 0.0503 -0.0198 0.9668
1770392154.2410 0.0515 -0.0195 0.9751
1770392154.2530 0.0488 -0.0215 0.9641
1770392154.2654 0.0518 -0.0164 0.9788
1770392154.2764 0.0522 -0.0166 0.9771
1770392154.2889 0.0537 -0.0178 0.9736
1770392154.3011 0.0476 -0.0171 0.9727
1770392154.3133 0.0510 -0.0156 0.9753
1770392154.3246 0.0496 -0.0173 0.9719
1770392154.3370 0.0518 -0.0186 0.9712
1770392154.3493 0.0530 -0.0190 0.9688
1770392154.3616 0.0522 -0.0203 0.9724
1770392154.3728 0.0454 -0.0195 0.9705
1770392154.3852 0.0503 -0.0178 0.9724
1770392154.3975 0.0474 -0.0181 0.9753
1770392154.4092 0.0508 -0.0171 0.9717
1770392154.4215 0.0530 -0.0203 0.9731
1770392154.4327 0.0562 -0.0193 0.9709
1770392154.4450 0.0515 -0.0198 0.9722
1770392154.4573 0.0508 -0.0166 0.9736
1770392154.4686 0.0515 -0.0171 0.9734
1770392154.4809 0.0493 -0.0181 0.9731
1770392154.4933 0.0518 -0.0181 0.9722
1770392154.5055 0.0474 -0.0195 0.9636
1770392154.5176 0.0503 -0.0173 0.9736
1770392154.5289 0.0488 -0.0176 0.9778
1770392154.5412 0.0527 -0.0173 0.9685
1770392154.5534 0.0452 -0.0220 0.9744
1770392154.5656 0.0520 -0.0151 0.9678
1770392154.5772 0.0464 -0.0156 0.9707
1770392154.5890 0.0537 -0.0193 0.9668
1770392154.6015 0.0510 -0.0178 0.9719
1770392154.6128 0.0535 -0.0168 0.9702
1770392154.6253 0.0515 -0.0190 0.9731
1770392154.6367 0.0542 -0.0173 0.9641
1770392154.6490 0.0549 -0.0168 0.9717
1770392154.6612 0.0552 -0.0208 0.9739
1770392154.6733 0.0518 -0.0164 0.9680
1770392154.6856 0.0505 -0.0171 0.9707
1770392154.6971 0.0510 -0.0190 0.9724
1770392154.7088 0.0510 -0.0154 0.9685
1770392154.7213 0.0530 -0.0154 0.9753
1770392154.7333 0.0503 -0.0151 0.9719
1770392154.7447 0.0496 -0.0190 0.9712
1770392154.7569 0.0530 -0.0200 0.9707
1770392154.7697 0.0479 -0.0161 0.9763
1770392154.7816 0.0527 -0.0168 0.9714
1770392154.7937 0.0503 -0.0151 0.9709
1770392154.8051 0.0530 -0.0164 0.9744
1770392154.8177 0.0508 -0.0205 0.9763
1770392154.8292 0.0522 -0.0166 0.9705
1770392154.8408 0.0466 -0.0181 0.9690
1770392154.8530 0.0491 -0.0156 0.9697
1770392154.8649 0.0530 -0.0186 0.9707
1770392154.8773 0.0510 -0.0178 0.9729
1770392154.8889 0.0496 -0.0186 0.9761
1770392154.9013 0.0562 -0.0127 0.9741
1770392154.9137 0.0559 -0.0164 0.9653
1770392154.9250 0.0469 -0.0173 0.9709
1770392154.9376 0.0544 -0.0212 0.9707
1770392154.9492 0.0532 -0.0212 0.9724
1770392154.9615 0.0518 -0.0183 0.9783
1770392154.9729 0.0505 -0.0149 0.9746
1770392154.9853 0.0542 -0.0171 0.9744
1770392154.9969 0.0503 -0.0186 0.9744
1770392155.0097 0.0535 -0.0208 0.9700
1770392155.0213 0.0518 -0.0178 0.9749
1770392155.0329 0.0552 -0.0176 0.9700
1770392155.0450 0.0498 -0.0186 0.9753
1770392155.0577 0.0493 -0.0173 0.9756
1770392155.0692 0.0493 -0.0161 0.9729
1770392155.0812 0.0520 -0.0193 0.9739
1770392155.0932 0.0498 -0.0186 0.9756
1770392155.1053 0.0540 -0.0181 0.9700
1770392155.1173 0.0503 -0.0200 0.9709
1770392155.1294 0.0505 -0.0205 0.9678
1770392155.1416 0.0520 -0.0193 0.9717
1770392155.1536 0.0510 -0.0176 0.9683
1770392155.1656 0.0505 -0.0151 0.9709
1770392155.1777 0.0510 -0.0171 0.9680
1770392155.1888 0.0327 -0.0305 0.9546
1770392155.2009 0.0247 -0.0225 0.9854
1770392155.2129 0.0222 -0.0337 0.9829
1770392155.2250 0.0364 -0.0276 0.9631
1770392155.2371 0.0400 -0.0068 0.9573
1770392155.2493 0.1294 0.0105 0.9915
1770392155.2614 0.0862 -0.0127 0.9780
1770392155.2736 0.0889 -0.0178 0.9683
1770392155.2857 0.0505 -0.0103 0.9756
1770392155.2978 0.0481 0.0068 0.9580
1770392155.3098 0.0552 -0.0132 0.9683
1770392155.3209 0.0627 -0.0410 0.9827
1770392155.3339 0.0615 -0.0459 0.9641
1770392155.3449 0.0493 -0.0122 0.9727
1770392155.3568 0.0425 -0.0095 0.9565
1770392155.3689 0.0305 -0.0083 0.9851
1770392155.3811 0.0164 -0.0208 0.9761
1770392155.3934 0.0327 -0.0220 0.9683
1770392155.4055 0.0396 -0.0334 0.9714
1770392155.4178 0.0466 -0.0293 0.9802
1770392155.4299 0.0439 -0.0237 0.9695
1770392155.4410 0.0396 -0.0171 0.9795
1770392155.4530 0.0295 -0.0212 0.9788
1770392155.4651 0.0476 -0.0420 0.9631
1770392155.4770 0.1023 -0.0242 0.9653
1770392155.4891 0.1218 0.0190 0.9844
1770392155.5012 0.0730 0.0088 0.9685
1770392155.5132 0.0381 -0.0078 0.9597
1770392155.5251 0.0352 -0.0208 0.9866
1770392155.5378 0.0320 -0.0493 0.9734
1770392155.5491 0.0427 -0.0461 0.9783
1770392155.5614 0.0510 -0.0337 0.9785
1770392155.5735 0.0542 -0.0090 0.9688
1770392155.5849 0.0623 -0.0073 0.9778
1770392155.5973 0.0574 0.0051 0.9773
1770392155.6094 0.0527 -0.0115 0.9722
1770392155.6214 0.0522 -0.0249 0.9792
1770392155.6334 0.0537 -0.0300 0.9763
1770392155.6455 0.0566 -0.0217 0.9675
1770392155.6575 0.0588 -0.0186 0.9722
1770392155.6695 0.0657 -0.0247 0.9736
1770392155.6816 0.0564 -0.0266 0.9734
1770392155.6939 0.0608 -0.0378 0.9702
1770392155.7049 0.0610 -0.0369 0.9639
1770392155.7169 0.0532 -0.0566 0.9607
1770392155.7290 0.0591 -0.0457 0.9956
1770392155.7412 0.0508 -0.0496 0.9524
1770392155.7532 0.0574 -0.0366 0.9773
1770392155.7653 0.0369 -0.0059 0.9551
1770392155.7774 0.0330 0.0210 0.9233
1770392155.7896 0.0632 0.0430 1.0137
1770392155.8017 0.0276 0.0376 0.9805
1770392155.8137 0.0427 0.0144 0.9141
1770392155.8258 0.0520 -0.0127 0.9939
1770392155.8377 0.0444 -0.0364 0.9785
1770392155.8499 0.0415 -0.0471 0.9590
1770392155.8618 0.0403 -0.0369 0.9873
1770392155.8739 0.0415 -0.0293 0.9819
1770392155.8859 0.0476 -0.0178 0.9531
1770392155.8979 0.0664 -0.0005 0.9709
1770392155.9100 0.0835 0.0095 0.9673
1770392155.9221 0.0679 -0.0195 0.9785
1770392155.9341 0.0437 -0.0425 0.9673
1770392155.9452 0.0422 -0.0349 0.9792
1770392155.9573 0.0464 -0.0205 0.9739
1770392155.9696 0.0569 -0.0115 0.9768
1770392155.9818 0.0535 -0.0227 0.9724
1770392155.9935 0.0603 -0.0305 0.9644
1770392156.0059 0.0686 -0.0315 0.9692
1770392156.0180 0.0723 -0.0369 0.9663
1770392156.0301 0.0640 -0.0427 0.9807
1770392156.0421 0.0522 -0.0525 0.9824
1770392156.0541 0.0527 -0.0603 0.9639
1770392156.0652 0.0618 -0.0662 0.9644
1770392156.0772 0.0798 -0.0737 0.9565
1770392156.0893 0.0874 -0.0647 0.9644
1770392156.1013 0.0752 -0.0684 0.9873
1770392156.1133 0.0750 -0.0693 0.9739
1770392156.1253 0.0811 -0.0552 0.9656
1770392156.1373 0.0996 -0.0625 0.9580
1770392156.1494 0.0906 -0.0801 0.9873
1770392156.1615 0.0513 -0.0669 0.9839
1770392156.1735 0.0989 -0.0667 0.9087
1770392156.1858 0.0642 -0.0315 1.0408
1770392156.1978 0.0330 -0.0410 0.9602
1770392156.2099 0.0642 -0.0591 0.9526
1770392156.2219 0.0886 -0.0198 0.9797
1770392156.2340 0.0452 -0.0691 0.8918
1770392156.2461 0.0825 -0.0552 1.1052
1770392156.2581 0.0469 -0.0620 0.9934
1770392156.2696 0.0332 -0.0872 0.8716
1770392156.2816 0.0525 -0.0312 1.0498
1770392156.2937 0.0483 -0.1018 0.8154
1770392156.3058 0.0664 -0.0637 1.0388
1770392156.3179 0.0317 -0.0933 0.8652
1770392156.3302 0.1077 -0.0068 0.9780
1770392156.3414 0.1355 -0.0442 1.0759
1770392156.3533 0.1367 -0.0227 0.8906
1770392156.3662 0.0264 -0.1663 1.0378
1770392156.3773 -0.0833 -0.1741 0.8511
1770392156.3895 0.0027 -0.1711 0.9880
1770392156.4015 0.1255 -0.0784 1.0601
1770392156.4134 0.0576 -0.0537 0.9019
1770392156.4254 0.0256 -0.0867 0.9414
1770392156.4375 0.1648 0.0010 0.9165
1770392156.4495 0.2407 0.0161 1.0654
1770392156.4615 0.1685 0.0703 1.0486
1770392156.4736 -0.0923 -0.1914 0.9126
1770392156.4858 0.0332 -0.1870 0.8965
1770392156.4982 0.0815 -0.1833 0.9661
1770392156.5093 0.2673 -0.1287 0.9507
1770392156.5214 0.1086 -0.0698 1.1394
1770392156.5334 -0.0337 -0.1582 0.6384
1770392156.5455 0.1670 -0.0100 1.2422
1770392156.5574 0.0994 -0.1272 0.7459
1770392156.5696 0.0908 -0.0637 0.9385
1770392156.5818 0.1731 -0.0584 1.0149
1770392156.5940 0.0481 -0.0901 1.0317
1770392156.6059 0.1558 -0.1819 0.9971
1770392156.6181 0.2468 -0.0696 1.0479
1770392156.6301 0.0527 -0.2283 0.8872
1770392156.6422 0.1125 -0.0667 0.9524
1770392156.6542 0.1860 -0.1245 0.8945
1770392156.6662 0.1755 -0.0083 1.4292
1770392156.6782 0.1316 -0.0417 0.4797
1770392156.6903 0.1077 -0.0469 1.5581
1770392156.7023 0.1860 -0.1128 0.8213
1770392156.7142 0.1067 -0.0671 0.8508
1770392156.7261 0.1475 -0.1316 0.9214
1770392156.7382 0.1104 -0.1133 0.9307
1770392156.7503 0.1206 -0.1099 1.1121
1770392156.7624 0.1738 -0.0081 0.9092
1770392156.7738 0.0134 -0.1128 0.7927
1770392156.7862 0.2554 0.0137 1.1731
1770392156.7982 0.1362 0.0215 1.0229
1770392156.8103 0.0107 -0.0417 0.9517
1770392156.8217 0.2412 0.0344 1.0039
1770392156.8339 0.1643 0.0271 1.0115
1770392156.8459 -0.0090 -0.0879 0.7922
1770392156.8579 0.0793 -0.1055 0.6550
1770392156.8699 0.2295 -0.0989 1.3257
1770392156.8823 0.1892 0.0383 1.0598
1770392156.8935 0.1638 0.0957 0.9172
1770392156.9056 -0.0164 -0.0679 0.8828
1770392156.9180 0.0630 -0.0173 1.0149
1770392156.9301 0.0374 -0.1257 0.9011
1770392156.9415 0.0811 -0.0420 1.0276
1770392156.9537 0.0244 -0.1243 0.8230
1770392156.9656 0.0481 -0.0728 0.8679
1770392156.9781 0.1128 -0.0400 1.1536
1770392156.9903 0.1169 0.0322 0.9126
1770392157.0023 0.1260 0.0574 1.0854
1770392157.0143 0.1128 0.0752 0.9490
1770392157.0263 0.0979 0.0305 0.9158
1770392157.0385 0.0535 -0.0151 0.9929
1770392157.0496 0.0400 -0.0361 0.9912
1770392157.0617 0.0063 -0.1138 0.9277
1770392157.0740 0.0144 -0.1069 0.9641
1770392157.0863 0.0317 -0.0798 1.0015
1770392157.0979 0.0330 -0.0710 0.8911
1770392157.1101 0.0291 -0.0728 0.9192
1770392157.1224 -0.0083 -0.0835 0.9771
1770392157.1344 -0.0259 0.1606 1.0645
1770392157.1456 -0.1414 0.3125 1.1028
1770392157.1575 -0.0715 0.2444 0.5952
1770392157.1696 0.0808 0.0984 1.1753
1770392157.1818 0.0955 0.2085 1.2222
1770392157.1941 -0.0544 0.0647 0.6785
1770392157.2061 0.0034 0.0210 1.0115
1770392157.2182 -0.0312 -0.0947 1.0637
1770392157.2302 -0.0210 -0.0835 0.9177
1770392157.2422 -0.0210 -0.0730 1.0081
1770392157.2542 -0.0015 -0.0713 0.9363
1770392157.2662 0.0378 -0.0476 1.0127
1770392157.2781 0.0398 -0.0322 0.9512
1770392157.2903 0.0488 -0.0134 0.9543
1770392157.3022 0.0630 -0.0132 0.9854
1770392157.3142 0.0601 -0.0088 0.9854
1770392157.3261 0.0461 -0.0144 0.9592
1770392157.3384 0.0354 -0.0205 0.9768
1770392157.3505 0.0442 -0.0376 0.9758
1770392157.3616 0.0266 -0.0283 1.0400
1770392157.3737 0.0212 -0.0381 0.9229
1770392157.3862 0.0227 -0.0308 1.0024
1770392157.3975 0.0259 -0.0173 0.9961
1770392157.4098 0.0276 -0.0276 0.9187
1770392157.4224 0.0635 -0.0618 1.0051
1770392157.4335 0.0684 -0.0859 0.9700
1770392157.4458 0.0559 -0.0378 0.9565
1770392157.4580 0.0425 -0.0266 0.9956
1770392157.4700 0.0293 -0.0229 0.9595
1770392157.4820 0.0198 -0.0002 0.9783
1770392157.4941 0.0115 -0.0110 0.9570
1770392157.5061 0.0205 -0.0239 0.9951
1770392157.5182 0.0359 -0.0430 0.9543
1770392157.5302 0.0415 -0.0576 0.9780
1770392157.5423 0.0427 -0.0388 0.9739
1770392157.5543 0.0383 -0.0210 0.9727
1770392157.5663 0.0320 -0.0181 0.9663
1770392157.5784 0.0312 -0.0149 0.9805
1770392157.5898 0.0303 -0.0239 0.9775
1770392157.6023 0.0349 -0.0286 0.9634
1770392157.6145 0.0371 -0.0317 0.9797
1770392157.6265 0.0361 -0.0369 0.9724
1770392157.6375 0.0330 -0.0342 0.9661
1770392157.6497 0.0371 -0.0242 0.9678
1770392157.6617 0.0361 -0.0195 0.9797
1770392157.6738 0.0361 -0.0181 0.9705
1770392157.6857 0.0342 -0.0288 0.9751
1770392157.6978 0.0300 -0.0359 0.9692
1770392157.7099 0.0366 -0.0381 0.9751
1770392157.7219 0.0371 -0.0310 0.9739
1770392157.7339 0.0344 -0.0232 0.9753
1770392157.7461 0.0330 -0.0237 0.9773
1770392157.7583 0.0293 -0.0249 0.9749
1770392157.7700 0.0369 -0.0266 0.9756
1770392157.7825 0.0344 -0.0308 0.9768
1770392157.7937 0.0366 -0.0320 0.9709
1770392157.8058 0.0339 -0.0322 0.9753
1770392157.8179 0.0337 -0.0244 0.9727
1770392157.8299 0.0320 -0.0215 0.9734
1770392157.8420 0.0312 -0.0286 0.9771
1770392157.8540 0.0342 -0.0303 0.9727
1770392157.8660 0.0305 -0.0300 0.9734
1770392157.8779 0.0376 -0.0305 0.9775
1770392157.8901 0.0354 -0.0303 0.9731
1770392157.9025 0.0300 -0.0305 0.9702
1770392157.9138 0.0327 -0.0291 0.9719
1770392157.9259 0.0378 -0.0261 0.9692
1770392157.9380 0.0361 -0.0300 0.9717
1770392157.9499 0.0327 -0.0342 0.9670
1770392157.9618 0.0330 -0.0305 0.9722
1770392157.9739 0.0332 -0.0269 0.9734
1770392157.9861 0.0356 -0.0232 0.9712
1770392157.9982 0.0347 -0.0310 0.9692
1770392158.0102 0.0332 -0.0288 0.9741
1770392158.0222 0.0342 -0.0327 0.9668
1770392158.0342 0.0315 -0.0281 0.9751
1770392158.0462 0.0342 -0.0330 0.9670
1770392158.0582 0.0364 -0.0303 0.9739
1770392158.0704 0.0308 -0.0247 0.9746
1770392158.0824 0.0361 -0.0242 0.9709
1770392158.0945 0.0356 -0.0347 0.9712
1770392158.1056 0.0344 -0.0327 0.9690
1770392158.1178 0.0312 -0.0310 0.9756
1770392158.1299 0.0322 -0.0283 0.9734
1770392158.1424 0.0325 -0.0266 0.9712
1770392158.1546 0.0327 -0.0286 0.9758
1770392158.1656 0.0332 -0.0261 0.9736
1770392158.1779 0.0315 -0.0320 0.9727
1770392158.1902 0.0327 -0.0293 0.9712
1770392158.2021 0.0330 -0.0300 0.9624
1770392158.2142 0.0320 -0.0288 0.9727
1770392158.2262 0.0337 -0.0256 0.9705
1770392158.2382 0.0325 -0.0266 0.9719
1770392158.2504 0.0342 -0.0259 0.9661
1770392158.2623 0.0327 -0.0320 0.9709
1770392158.2746 0.0364 -0.0286 0.9709
1770392158.2856 0.0342 -0.0308 0.9768
1770392158.2982 0.0330 -0.0278 0.9695
1770392158.3103 0.0303 -0.0298 0.9709
1770392158.3224 0.0298 -0.0310 0.9700
1770392158.3344 0.0352 -0.0310 0.9751
1770392158.3464 0.0342 -0.0291 0.9702
1770392158.3583 0.0330 -0.0266 0.9753
1770392158.3704 0.0356 -0.0281 0.9690
1770392158.3817 0.0325 -0.0259 0.9705
1770392158.3940 0.0347 -0.0273 0.9746
1770392158.4060 0.0342 -0.0293 0.9734
1770392158.4181 0.0366 -0.0317 0.9758
1770392158.4302 0.0371 -0.0300 0.9724
1770392158.4425 0.0310 -0.0276 0.9666
1770392158.4546 0.0320 -0.0259 0.9722
1770392158.4667 0.0374 -0.0286 0.9729
1770392158.4787 0.0383 -0.0293 0.9705
1770392158.4900 0.0347 -0.0295 0.9778
1770392158.5020 0.0347 -0.0283 0.9756
1770392158.5142 0.0349 -0.0310 0.9744
1770392158.5261 0.0352 -0.0283 0.9714
1770392158.5383 0.0347 -0.0271 0.9753
1770392158.5505 0.0344 -0.0286 0.9678
1770392158.5625 0.0347 -0.0298 0.9675
1770392158.5746 0.0322 -0.0310 0.9700
1770392158.5867 0.0322 -0.0320 0.9688
1770392158.5977 0.0303 -0.0264 0.9731
1770392158.6098 0.0342 -0.0303 0.9680
1770392158.6218 0.0337 -0.0254 0.9692
1770392158.6337 0.0281 -0.0312 0.9719
1770392158.6457 0.0303 -0.0310 0.9775
1770392158.6577 0.0364 -0.0295 0.9700
1770392158.6708 0.0332 -0.0264 0.9800
1770392158.6818 0.0327 -0.0261 0.9788
1770392158.6938 0.0349 -0.0247 0.9758
1770392158.7059 0.0322 -0.0303 0.9705
1770392158.7180 0.0327 -0.0264 0.9736
1770392158.7302 0.0308 -0.0293 0.9722
1770392158.7423 0.0359 -0.0308 0.9736
1770392158.7543 0.0342 -0.0273 0.9729
1770392158.7664 0.0303 -0.0305 0.9702
1770392158.7786 0.0381 -0.0298 0.9709
1770392158.7908 0.0308 -0.0295 0.9751
1770392158.8018 0.0327 -0.0281 0.9727
1770392158.8139 0.0337 -0.0283 0.9692
1770392158.8260 0.0337 -0.0254 0.9763
1770392158.8382 0.0361 -0.0312 0.9714
1770392158.8507 0.0325 -0.0342 0.9661
1770392158.8618 0.0339 -0.0283 0.9744
1770392158.8740 0.0337 -0.0286 0.9751
1770392158.8860 0.0352 -0.0261 0.9741
1770392158.8980 0.0374 -0.0278 0.9751
1770392158.9101 0.0320 -0.0286 0.9690
1770392158.9221 0.0312 -0.0269 0.9690
1770392158.9341 0.0332 -0.0330 0.9751
1770392158.9462 0.0317 -0.0327 0.9773
1770392158.9582 0.0352 -0.0259 0.9751
1770392158.9704 0.0342 -0.0264 0.9780
1770392158.9819 0.0344 -0.0264 0.9749
1770392158.9941 0.0312 -0.0271 0.9749
1770392159.0060 0.0308 -0.0303 0.9773
1770392159.0180 0.0334 -0.0256 0.9717
1770392159.0301 0.0325 -0.0305 0.9722
1770392159.0422 0.0344 -0.0281 0.9739
1770392159.0542 0.0310 -0.0298 0.9731
1770392159.0664 0.0330 -0.0293 0.9763
1770392159.0784 0.0376 -0.0300 0.9707
1770392159.0905 0.0356 -0.0303 0.9741
1770392159.1025 0.0349 -0.0300 0.9670
1770392159.1147 0.0374 -0.0303 0.9766
1770392159.1260 0.0349 -0.0295 0.9680
1770392159.1383 0.0332 -0.0276 0.9712
1770392159.1507 0.0322 -0.0320 0.9744
1770392159.1618 0.0281 -0.0271 0.9727
1770392159.1748 0.0315 -0.0288 0.9685
1770392159.1862 0.0310 -0.0300 0.9709
1770392159.1982 0.0371 -0.0281 0.9741
1770392159.2104 0.0369 -0.0293 0.9695
1770392159.2224 0.0315 -0.0249 0.9736
1770392159.2344 0.0352 -0.0300 0.9675
1770392159.2466 0.0347 -0.0261 0.9758
1770392159.2585 0.0312 -0.0278 0.9731
1770392159.2706 0.0332 -0.0315 0.9788
1770392159.2825 0.0334 -0.0298 0.9717
1770392159.2946 0.0359 -0.0242 0.9744
1770392159.3066 0.0342 -0.0298 0.9731
1770392159.3186 0.0342 -0.0251 0.9714
1770392159.3306 0.0347 -0.0256 0.9712
1770392159.3427 0.0322 -0.0251 0.9683
1770392159.3546 0.0322 -0.0278 0.9739
1770392159.3666 0.0337 -0.0286 0.9680
1770392159.3786 0.0347 -0.0312 0.9736
1770392159.3908 0.0378 -0.0264 0.9727
1770392159.4028 0.0278 -0.0288 0.9719
1770392159.4148 0.0320 -0.0308 0.9722
1770392159.4259 0.0344 -0.0317 0.9666
1770392159.4384 0.0342 -0.0278 0.9690
1770392159.4507 0.0354 -0.0315 0.9734
1770392159.4628 0.0337 -0.0256 0.9746
1770392159.4740 0.0325 -0.0295 0.9685
1770392159.4863 0.0327 -0.0273 0.9741
1770392159.4986 0.0347 -0.0264 0.9688
1770392159.5108 0.0303 -0.0256 0.9690
1770392159.5220 0.0354 -0.0269 0.9734
1770392159.5340 0.0310 -0.0281 0.9736
1770392159.5464 0.0352 -0.0286 0.9709
1770392159.5583 0.0312 -0.0320 0.9705
1770392159.5705 0.0393 -0.0298 0.9712
1770392159.5826 0.0337 -0.0276 0.9746
1770392159.5949 0.0361 -0.0264 0.9692
1770392159.6069 0.0317 -0.0332 0.9753
1770392159.6189 0.0315 -0.0261 0.9753
1770392159.6300 0.0322 -0.0278 0.9707
1770392159.6420 0.0322 -0.0269 0.9734
1770392159.6540 0.0330 -0.0305 0.9736
1770392159.6661 0.0295 -0.0293 0.9724
1770392159.6780 0.0332 -0.0266 0.9680
1770392159.6902 0.0356 -0.0281 0.9697
1770392159.7023 0.0347 -0.0317 0.9717
1770392159.7144 0.0295 -0.0286 0.9717
1770392159.7264 0.0308 -0.0276 0.9753
1770392159.7384 0.0342 -0.0276 0.9688
1770392159.7504 0.0344 -0.0295 0.9700
1770392159.7624 0.0347 -0.0259 0.9736
1770392159.7744 0.0312 -0.0247 0.9741
1770392159.7867 0.0317 -0.0278 0.9717
1770392159.7987 0.0356 -0.0295 0.9700
1770392159.8108 0.0354 -0.0281 0.9731
1770392159.8228 0.0315 -0.0269 0.9780
1770392159.8348 0.0364 -0.0305 0.9727
1770392159.8468 0.0361 -0.0273 0.9692
1770392159.8587 0.0361 -0.0293 0.9714
1770392159.8708 0.0349 -0.0283 0.9768
1770392159.8829 0.0354 -0.0278 0.9697
1770392159.8949 0.0317 -0.0295 0.9792
1770392159.9070 0.0295 -0.0293 0.9709
1770392159.9189 0.0349 -0.0276 0.9683
1770392159.9310 0.0337 -0.0305 0.9800
1770392159.9420 0.0342 -0.0305 0.9756
1770392159.9540 0.0337 -0.0310 0.9766
1770392159.9661 0.0342 -0.0283 0.9749
1770392159.9781 0.0378 -0.0264 0.9719
1770392159.9904 0.0337 -0.0259 0.9756
1770392160.0025 0.0308 -0.0276 0.9717
1770392160.0145 0.0337 -0.0281 0.9775
1770392160.0266 0.0344 -0.0283 0.9683
1770392160.0386 0.0359 -0.0271 0.9731
1770392160.0508 0.0361 -0.0254 0.9773
1770392160.0628 0.0325 -0.0281 0.9761
1770392160.0742 0.0330 -0.0234 0.9729
1770392160.0865 0.0361 -0.0271 0.9751
1770392160.0989 0.0310 -0.0278 0.9719
1770392160.1110 0.0334 -0.0264 0.9688
1770392160.1223 0.0352 -0.0266 0.9680
1770392160.1345 0.0310 -0.0247 0.9731
1770392160.1468 0.0337 -0.0281 0.9670
1770392160.1590 0.0364 -0.0305 0.9722
1770392160.1703 0.0347 -0.0266 0.9722
1770392160.1826 0.0347 -0.0264 0.9724
1770392160.1950 0.0337 -0.0337 0.9795
1770392160.2062 0.0327 -0.0293 0.9780
1770392160.2184 0.0376 -0.0251 0.9709
1770392160.2306 0.0298 -0.0315 0.9719
1770392160.2429 0.0356 -0.0298 0.9697
1770392160.2550 0.0315 -0.0256 0.9722
1770392160.2667 0.0308 -0.0283 0.9778
1770392160.2790 0.0327 -0.0288 0.9778
1770392160.2904 0.0364 -0.0251 0.9761
1770392160.3026 0.0322 -0.0256 0.9741
1770392160.3149 0.0347 -0.0322 0.9714
1770392160.3269 0.0334 -0.0273 0.9746
1770392160.3383 0.0317 -0.0269 0.9707
1770392160.3505 0.0320 -0.0264 0.9739
1770392160.3627 0.0332 -0.0310 0.9766
1770392160.3749 0.0359 -0.0271 0.9646
1770392160.3866 0.0339 -0.0278 0.9727
1770392160.3989 0.0344 -0.0288 0.9795
1770392160.4111 0.0386 -0.0308 0.9739
1770392160.4224 0.0349 -0.0283 0.9695
1770392160.4346 0.0327 -0.0286 0.9707
1770392160.4470 0.0320 -0.0293 0.9719
1770392160.4591 0.0354 -0.0288 0.9692
1770392160.4702 0.0339 -0.0281 0.9749
1770392160.4825 0.0344 -0.0300 0.9795
1770392160.4948 0.0344 -0.0281 0.9739
1770392160.5069 0.0356 -0.0269 0.9705
1770392160.5191 0.0310 -0.0312 0.9741
1770392160.5302 0.0344 -0.0266 0.9678
1770392160.5425 0.0361 -0.0269 0.9707
1770392160.5547 0.0344 -0.0273 0.9753
1770392160.5670 0.0303 -0.0327 0.9729
1770392160.5783 0.0330 -0.0293 0.9727
1770392160.5909 0.0361 -0.0247 0.9734
1770392160.6022 0.0339 -0.0271 0.9712
1770392160.6149 0.0312 -0.0242 0.9736
1770392160.6269 0.0356 -0.0298 0.9695
1770392160.6384 0.0354 -0.0264 0.9690
1770392160.6510 0.0361 -0.0259 0.9763
1770392160.6625 0.0359 -0.0303 0.9756
1770392160.6747 0.0356 -0.0293 0.9731
1770392160.6870 0.0337 -0.0278 0.9756
1770392160.6982 0.0339 -0.0259 0.9739
1770392160.7106 0.0322 -0.0286 0.9707
1770392160.7229 0.0347 -0.0295 0.9727
1770392160.7352 0.0364 -0.0298 0.9695
1770392160.7468 0.0354 -0.0312 0.9714
1770392160.7591 0.0332 -0.0261 0.9719
1770392160.7704 0.0364 -0.0269 0.9705
1770392160.7829 0.0320 -0.0291 0.9741
1770392160.7946 0.0356 -0.0308 0.9688
1770392160.8069 0.0352 -0.0291 0.9690
1770392160.8192 0.0334 -0.0300 0.9680
1770392160.8305 0.0330 -0.0242 0.9741
1770392160.8429 0.0342 -0.0261 0.9746
1770392160.8551 0.0354 -0.0283 0.9744
1770392160.8666 0.0344 -0.0310 0.9727
1770392160.8787 0.0371 -0.0288 0.9695
1770392160.8911 0.0354 -0.0310 0.9763
1770392160.9032 0.0364 -0.0283 0.9709
1770392160.9145 0.0342 -0.0308 0.9749
1770392160.9269 0.0332 -0.0286 0.9758
1770392160.9392 0.0339 -0.0305 0.9719
1770392160.9504 0.0327 -0.0278 0.9719
1770392160.9627 0.0325 -0.0288 0.9714
1770392160.9750 0.0320 -0.0300 0.9783
1770392160.9865 0.0344 -0.0291 0.9700
1770392160.9983 0.0322 -0.0281 0.9766
1770392161.0106 0.0308 -0.0286 0.9707
1770392161.0228 0.0364 -0.0295 0.9714
1770392161.0350 0.0330 -0.0261 0.9680
1770392161.0466 0.0308 -0.0300 0.9751
1770392161.0590 0.0330 -0.0273 0.9653
1770392161.0705 0.0344 -0.0327 0.9695
1770392161.0827 0.0298 -0.0288 0.9761
1770392161.0950 0.0317 -0.0315 0.9678
1770392161.1073 0.0347 -0.0247 0.9680
1770392161.1184 0.0342 -0.0300 0.9756
1770392161.1310 0.0312 -0.0303 0.9700
1770392161.1425 0.0315 -0.0305 0.9731
1770392161.1548 0.0349 -0.0308 0.9680
1770392161.1670 0.0305 -0.0337 0.9778
1770392161.1784 0.0356 -0.0281 0.9763
1770392161.1906 0.0330 -0.0273 0.9736
1770392161.2032 0.0339 -0.0291 0.9739
1770392161.2144 0.0337 -0.0288 0.9719
1770392161.2273 0.0291 -0.0286 0.9683
1770392161.2387 0.0327 -0.0293 0.9727
1770392161.2512 0.0378 -0.0305 0.9741
1770392161.2625 0.0339 -0.0310 0.9727
1770392161.2751 0.0310 -0.0264 0.9707
1770392161.2873 0.0364 -0.0256 0.9771
1770392161.2984 0.0352 -0.0286 0.9739
1770392161.3106 0.0332 -0.0298 0.9697
1770392161.3224 0.0381 -0.0261 0.9722
1770392161.3349 0.0342 -0.0281 0.9702
1770392161.3471 0.0354 -0.0276 0.9749
1770392161.3592 0.0322 -0.0276 0.9714
1770392161.3704 0.0337 -0.0312 0.9763
1770392161.3827 0.0366 -0.0259 0.9739
1770392161.3951 0.0364 -0.0283 0.9771
1770392161.4072 0.0356 -0.0264 0.9661
1770392161.4186 0.0374 -0.0251 0.9741
1770392161.4307 0.0359 -0.0298 0.9707
1770392161.4430 0.0330 -0.0298 0.9692
1770392161.4551 0.0332 -0.0266 0.9717
1770392161.4672 0.0344 -0.0295 0.9666
1770392161.4784 0.0330 -0.0276 0.9653
1770392161.4909 0.0332 -0.0312 0.9697
1770392161.5031 0.0349 -0.0320 0.9731
1770392161.5153 0.0337 -0.0249 0.9678
1770392161.5264 0.0315 -0.0269 0.9717
1770392161.5388 0.0330 -0.0303 0.9727
1770392161.5511 0.0383 -0.0276 0.9690
1770392161.5633 0.0342 -0.0259 0.9731
1770392161.5745 0.0374 -0.0293 0.9727
1770392161.5871 0.0354 -0.0286 0.9717
1770392161.5994 0.0327 -0.0330 0.9695
1770392161.6107 0.0310 -0.0298 0.9756
1770392161.6230 0.0349 -0.0269 0.9736
1770392161.6352 0.0322 -0.0295 0.9683
1770392161.6475 0.0347 -0.0271 0.9695
1770392161.6598 0.0317 -0.0308 0.9812
1770392161.6711 0.0352 -0.0281 0.9736
1770392161.6834 0.0347 -0.0305 0.9751
1770392161.6957 0.0339 -0.0286 0.9673
1770392161.7071 0.0303 -0.0315 0.9717
1770392161.7194 0.0325 -0.0261 0.9807
1770392161.7316 0.0339 -0.0291 0.9756
1770392161.7440 0.0327 -0.0244 0.9751
1770392161.7552 0.0322 -0.0300 0.9702
1770392161.7674 0.0327 -0.0305 0.9658
1770392161.7791 0.0356 -0.0276 0.9707
1770392161.7917 0.0332 -0.0298 0.9709
1770392161.8032 0.0352 -0.0244 0.9731
1770392161.8154 0.0349 -0.0325 0.9717
1770392161.8276 0.0347 -0.0276 0.9717
1770392161.8399 0.0354 -0.0281 0.9741
1770392161.8512 0.0349 -0.0303 0.9753
1770392161.8635 0.0325 -0.0312 0.9702
1770392161.8757 0.0347 -0.0293 0.9763
1770392161.8878 0.0356 -0.0256 0.9722
1770392161.8992 0.0354 -0.0291 0.9692
1770392161.9114 0.0354 -0.0283 0.9749
1770392161.9238 0.0337 -0.0303 0.9673
1770392161.9361 0.0371 -0.0288 0.9712
1770392161.9475 0.0356 -0.0322 0.9734
1770392161.9597 0.0330 -0.0276 0.9805
1770392161.9722 0.0308 -0.0298 0.9744
1770392161.9836 0.0337 -0.0278 0.9731
1770392161.9962 0.0339 -0.0278 0.9661
1770392162.0072 0.0334 -0.0278 0.9753
1770392162.0198 0.0322 -0.0271 0.9697
1770392162.0321 0.0366 -0.0293 0.9707
1770392162.0434 0.0352 -0.0293 0.9785
1770392162.0557 0.0327 -0.0298 0.9695
1770392162.0681 0.0317 -0.0288 0.9724
1770392162.0794 0.0334 -0.0244 0.9734
1770392162.0919 0.0371 -0.0278 0.9756
1770392162.1041 0.0352 -0.0293 0.9666
1770392162.1154 0.0349 -0.0271 0.9712
1770392162.1275 0.0376 -0.0300 0.9727
1770392162.1400 0.0364 -0.0278 0.9729
1770392162.1514 0.0369 -0.0310 0.9702
1770392162.1643 0.0332 -0.0269 0.9690
1770392162.1762 0.0369 -0.0303 0.9736
1770392162.1878 0.0347 -0.0295 0.9722
1770392162.2002 0.0347 -0.0264 0.9709
1770392162.2116 0.0339 -0.0300 0.9722
1770392162.2235 0.0312 -0.0264 0.9744
1770392162.2358 0.0339 -0.0293 0.9746
1770392162.2482 0.0315 -0.0239 0.9717
1770392162.2595 0.0317 -0.0286 0.9709
1770392162.2719 0.0344 -0.0305 0.9753
1770392162.2841 0.0349 -0.0303 0.9717
1770392162.2952 0.0342 -0.0256 0.9727
1770392162.3075 0.0327 -0.0293 0.9719
1770392162.3198 0.0339 -0.0308 0.9719
1770392162.3322 0.0327 -0.0293 0.9758
1770392162.3436 0.0356 -0.0305 0.9741
1770392162.3559 0.0347 -0.0249 0.9729
1770392162.3681 0.0344 -0.0256 0.9714
1770392162.3794 0.0364 -0.0254 0.9690
1770392162.3917 0.0320 -0.0259 0.9734
1770392162.4040 0.0334 -0.0276 0.9734
1770392162.4162 0.0334 -0.0300 0.9727
1770392162.4274 0.0312 -0.0278 0.9746
1770392162.4397 0.0374 -0.0300 0.9705
1770392162.4521 0.0356 -0.0254 0.9744
1770392162.4635 0.0356 -0.0317 0.9749
1770392162.4759 0.0317 -0.0303 0.9702
1770392162.4880 0.0327 -0.0256 0.9761
1770392162.4994 0.0308 -0.0283 0.9778
1770392162.5116 0.0400 -0.0283 0.9700
1770392162.5238 0.0317 -0.0310 0.9731
1770392162.5359 0.0347 -0.0300 0.9719
1770392162.5475 0.0347 -0.0271 0.9780
1770392162.5598 0.0303 -0.0229 0.9763
1770392162.5721 0.0315 -0.0305 0.9753
1770392162.5839 0.0315 -0.0261 0.9785
1770392162.5963 0.0325 -0.0266 0.9705
1770392162.6074 0.0374 -0.0278 0.9788
1770392162.6197 0.0337 -0.0244 0.9717
1770392162.6319 0.0281 -0.0281 0.9756
1770392162.6444 0.0305 -0.0298 0.9714
1770392162.6554 0.0386 -0.0286 0.9739
1770392162.6676 0.0327 -0.0271 0.9751
1770392162.6798 0.0361 -0.0256 0.9697
1770392162.6922 0.0347 -0.0305 0.9741
1770392162.7044 0.0337 -0.0305 0.9751
1770392162.7156 0.0342 -0.0295 0.9734
1770392162.7276 0.0339 -0.0303 0.9736
1770392162.7401 0.0381 -0.0283 0.9768
1770392162.7522 0.0315 -0.0259 0.9675
1770392162.7635 0.0339 -0.0261 0.9722
1770392162.7757 0.0352 -0.0266 0.9697
1770392162.7881 0.0315 -0.0293 0.9763
1770392162.7993 0.0352 -0.0295 0.9778
1770392162.8116 0.0303 -0.0269 0.9739
1770392162.8239 0.0342 -0.0264 0.9705
1770392162.8361 0.0308 -0.0283 0.9741
1770392162.8483 0.0344 -0.0291 0.9751
1770392162.8596 0.0310 -0.0305 0.9661
1770392162.8718 0.0317 -0.0278 0.9707
1770392162.8840 0.0347 -0.0286 0.9731
1770392162.8963 0.0352 -0.0264 0.9727
1770392162.9075 0.0347 -0.0278 0.9719
1770392162.9198 0.0330 -0.0298 0.9778
1770392162.9322 0.0305 -0.0273 0.9729
1770392162.9434 0.0320 -0.0300 0.9741
1770392162.9556 0.0337 -0.0312 0.9717
1770392162.9678 0.0320 -0.0273 0.9719
1770392162.9801 0.0347 -0.0276 0.9697
1770392162.9917 0.0371 -0.0271 0.9766
1770392163.0040 0.0325 -0.0254 0.9749
1770392163.0154 0.0374 -0.0264 0.9741
1770392163.0277 0.0371 -0.0229 0.9763
1770392163.0400 0.0364 -0.0288 0.9746
1770392163.0523 0.0359 -0.0264 0.9719
1770392163.0634 0.0332 -0.0312 0.9695
1770392163.0759 0.0322 -0.0283 0.9705
1770392163.0881 0.0327 -0.0295 0.9688
1770392163.0994 0.0334 -0.0288 0.9709
1770392163.1115 0.0339 -0.0276 0.9675
1770392163.1238 0.0317 -0.0298 0.9734
1770392163.1361 0.0332 -0.0291 0.9707
1770392163.1482 0.0315 -0.0325 0.9722
1770392163.1594 0.0334 -0.0273 0.9719
1770392163.1718 0.0356 -0.0330 0.9717
1770392163.1844 0.0376 -0.0300 0.9731
1770392163.1954 0.0295 -0.0261 0.9736
1770392163.2079 0.0322 -0.0269 0.9727
1770392163.2202 0.0332 -0.0273 0.9712
1770392163.2315 0.0342 -0.0288 0.9751
1770392163.2440 0.0330 -0.0312 0.9685
1770392163.2563 0.0330 -0.0261 0.9749
1770392163.2680 0.0332 -0.0259 0.9761
1770392163.2804 0.0317 -0.0256 0.9702
1770392163.2925 0.0347 -0.0303 0.9685
1770392163.3043 0.0347 -0.0286 0.9788
1770392163.3155 0.0356 -0.0286 0.9741
1770392163.3276 0.0325 -0.0273 0.9705
1770392163.3400 0.0334 -0.0295 0.9722
1770392163.3521 0.0371 -0.0286 0.9741
1770392163.3644 0.0371 -0.0305 0.9736
1770392163.3761 0.0354 -0.0276 0.9683
1770392163.3875 0.0366 -0.0264 0.9749
1770392163.3997 0.0344 -0.0286 0.9761
1770392163.4119 0.0334 -0.0281 0.9749
1770392163.4240 0.0325 -0.0305 0.9731
1770392163.4361 0.0322 -0.0291 0.9709
1770392163.4483 0.0339 -0.0281 0.9668
1770392163.4604 0.0332 -0.0283 0.9722
1770392163.4716 0.0378 -0.0295 0.9736
1770392163.4840 0.0293 -0.0254 0.9705
1770392163.4964 0.0312 -0.0281 0.9709
1770392163.5075 0.0325 -0.0303 0.9753
1770392163.5198 0.0337 -0.0254 0.9736
1770392163.5320 0.0371 -0.0305 0.9717
1770392163.5442 0.0354 -0.0293 0.9724
1770392163.5555 0.0298 -0.0281 0.9727
1770392163.5677 0.0364 -0.0281 0.9670
1770392163.5799 0.0339 -0.0305 0.9670
1770392163.5923 0.0344 -0.0286 0.9673
1770392163.6035 0.0330 -0.0312 0.9727
1770392163.6158 0.0349 -0.0281 0.9685
1770392163.6276 0.0334 -0.0295 0.9756
1770392163.6400 0.0281 -0.0322 0.9734
1770392163.6525 0.0293 -0.0315 0.9722
1770392163.6637 0.0308 -0.0303 0.9714
1770392163.6759 0.0332 -0.0298 0.9668
1770392163.6883 0.0352 -0.0261 0.9712
1770392163.6995 0.0361 -0.0288 0.9722
1770392163.7117 0.0325 -0.0264 0.9685
1770392163.7241 0.0330 -0.0330 0.9739
1770392163.7364 0.0352 -0.0271 0.9707
1770392163.7478 0.0344 -0.0273 0.9756
1770392163.7601 0.0334 -0.0261 0.9766
1770392163.7724 0.0310 -0.0305 0.9724
1770392163.7840 0.0349 -0.0242 0.9695
1770392163.7957 0.0322 -0.0266 0.9739
1770392163.8077 0.0349 -0.0269 0.9749
1770392163.8201 0.0354 -0.0305 0.9739
1770392163.8322 0.0317 -0.0291 0.9722
1770392163.8445 0.0354 -0.0281 0.9690
1770392163.8557 0.0295 -0.0291 0.9695
1770392163.8679 0.0320 -0.0300 0.9771
1770392163.8800 0.0317 -0.0247 0.9751
1770392163.8924 0.0317 -0.0327 0.9746
1770392163.9044 0.0325 -0.0288 0.9734
1770392163.9157 0.0332 -0.0283 0.9736
1770392163.9278 0.0347 -0.0269 0.9741
1770392163.9400 0.0359 -0.0342 0.9729
1770392163.9524 0.0339 -0.0298 0.9712
1770392163.9645 0.0327 -0.0261 0.9673
1770392163.9758 0.0291 -0.0310 0.9709
1770392163.9884 0.0361 -0.0271 0.9705
1770392164.0006 0.0352 -0.0312 0.9763
1770392164.0120 0.0325 -0.0288 0.9775
1770392164.0242 0.0315 -0.0249 0.9736
1770392164.0364 0.0337 -0.0288 0.9736
1770392164.0486 0.0374 -0.0283 0.9717
1770392164.0600 0.0317 -0.0286 0.9675
1770392164.0723 0.0344 -0.0310 0.9705
1770392164.0845 0.0295 -0.0278 0.9768
1770392164.0958 0.0344 -0.0312 0.9695
1770392164.1079 0.0330 -0.0308 0.9709
1770392164.1200 0.0295 -0.0312 0.9656
1770392164.1324 0.0315 -0.0286 0.9739
1770392164.1446 0.0337 -0.0312 0.9727
1770392164.1559 0.0354 -0.0310 0.9731
1770392164.1680 0.0325 -0.0286 0.9756
1770392164.1802 0.0322 -0.0293 0.9697
1770392164.1927 0.0369 -0.0288 0.9719
1770392164.2038 0.0308 -0.0303 0.9731
1770392164.2164 0.0325 -0.0315 0.9746
1770392164.2278 0.0352 -0.0300 0.9675
1770392164.2401 0.0327 -0.0291 0.9734
1770392164.2524 0.0354 -0.0317 0.9685
1770392164.2645 0.0303 -0.0315 0.9736
1770392164.2757 0.0303 -0.0278 0.9783
1770392164.2879 0.0303 -0.0288 0.9746
1770392164.3001 0.0330 -0.0269 0.9741
1770392164.3123 0.0320 -0.0317 0.9744
1770392164.3245 0.0332 -0.0273 0.9688
1770392164.3357 0.0369 -0.0276 0.9675
1770392164.3480 0.0325 -0.0300 0.9739
1770392164.3602 0.0325 -0.0256 0.9692
1770392164.3725 0.0320 -0.0300 0.9771
1770392164.3837 0.0325 -0.0271 0.9753
1770392164.3960 0.0347 -0.0288 0.9751
1770392164.4082 0.0322 -0.0305 0.9695
1770392164.4206 0.0344 -0.0303 0.9688
1770392164.4318 0.0317 -0.0295 0.9695
1770392164.4441 0.0342 -0.0259 0.9756
1770392164.4563 0.0364 -0.0286 0.9714
1770392164.4685 0.0332 -0.0269 0.9727
1770392164.4806 0.0354 -0.0288 0.9709
1770392164.4921 0.0339 -0.0273 0.9707
1770392164.5041 0.0317 -0.0239 0.9675
1770392164.5165 0.0349 -0.0281 0.9736
1770392164.5286 0.0332 -0.0251 0.9783
1770392164.5399 0.0334 -0.0271 0.9783
1770392164.5521 0.0393 -0.0276 0.9824
1770392164.5642 0.0332 -0.0283 0.9683
1770392164.5766 0.0334 -0.0291 0.9629
1770392164.5880 0.0356 -0.0273 0.9749
1770392164.6001 0.0310 -0.0276 0.9749
1770392164.6125 0.0322 -0.0295 0.9719
1770392164.6237 0.0342 -0.0334 0.9727
1770392164.6359 0.0298 -0.0256 0.9739
1770392164.6481 0.0315 -0.0298 0.9797
1770392164.6605 0.0354 -0.0320 0.9695
1770392164.6728 0.0347 -0.0334 0.9739
1770392164.6840 0.0325 -0.0273 0.9724
1770392164.6961 0.0359 -0.0276 0.9744
1770392164.7084 0.0325 -0.0244 0.9673
1770392164.7205 0.0327 -0.0281 0.9731
1770392164.7319 0.0320 -0.0300 0.9709
1770392164.7441 0.0305 -0.0295 0.9683
1770392164.7562 0.0364 -0.0288 0.9722
1770392164.7684 0.0369 -0.0312 0.9700
1770392164.7806 0.0366 -0.0276 0.9749
1770392164.7921 0.0354 -0.0264 0.9766
1770392164.8043 0.0322 -0.0312 0.9751
1770392164.8165 0.0322 -0.0247 0.9739
1770392164.8286 0.0352 -0.0303 0.9729
1770392164.8398 0.0337 -0.0293 0.9707
1770392164.8521 0.0354 -0.0264 0.9771
1770392164.8644 0.0354 -0.0276 0.9775
1770392164.8767 0.0310 -0.0283 0.9714
1770392164.8879 0.0322 -0.0293 0.9731
1770392164.9002 0.0327 -0.0276 0.9700
1770392164.9125 0.0342 -0.0281 0.9707
1770392164.9247 0.0371 -0.0295 0.9724
1770392164.9368 0.0349 -0.0288 0.9680
1770392164.9481 0.0322 -0.0286 0.9761
1770392164.9602 0.0344 -0.0266 0.9675
1770392164.9726 0.0327 -0.0286 0.9690
1770392164.9839 0.0320 -0.0334 0.9773
1770392164.9962 0.0342 -0.0273 0.9719
1770392165.0084 0.0364 -0.0325 0.9705
1770392165.0207 0.0344 -0.0247 0.9795
1770392165.0320 0.0349 -0.0310 0.9717
1770392165.0445 0.0320 -0.0303 0.9724
1770392165.0567 0.0305 -0.0288 0.9729
1770392165.0682 0.0312 -0.0300 0.9727
1770392165.0803 0.0364 -0.0283 0.9717
1770392165.0928 0.0332 -0.0291 0.9744
1770392165.1040 0.0315 -0.0298 0.9744
1770392165.1162 0.0334 -0.0300 0.9746
1770392165.1286 0.0332 -0.0322 0.9680
1770392165.1399 0.0378 -0.0283 0.9724
1770392165.1521 0.0330 -0.0276 0.9731
1770392165.1643 0.0317 -0.0291 0.9736
1770392165.1765 0.0320 -0.0269 0.9763
1770392165.1880 0.0327 -0.0261 0.9753
1770392165.2002 0.0327 -0.0354 0.9734
1770392165.2125 0.0356 -0.0291 0.9727
1770392165.2249 0.0322 -0.0310 0.9739
1770392165.2361 0.0332 -0.0273 0.9668
1770392177.7079 0.0339 -0.0315 0.9702
1770392177.7200 0.0327 -0.0315 0.9744
1770392177.7316 0.0332 -0.0244 0.9749
1770392177.7439 0.0312 -0.0288 0.9741
1770392177.7562 0.0334 -0.0251 0.9744
1770392177.7677 0.0305 -0.0310 0.9736
1770392177.7800 0.0327 -0.0239 0.9729
1770392177.7921 0.0330 -0.0286 0.9736
1770392177.8041 0.0310 -0.0361 0.9707
1770392177.8161 0.0337 -0.0269 0.9766
1770392177.8281 0.0322 -0.0298 0.9746
1770392177.8402 0.0325 -0.0281 0.9712
1770392177.8521 0.0349 -0.0303 0.9688
1770392177.8641 0.0347 -0.0293 0.9763
1770392177.8762 0.0344 -0.0249 0.9719
1770392177.8883 0.0308 -0.0303 0.9734
1770392177.9004 0.0310 -0.0283 0.9739
1770392177.9124 0.0366 -0.0293 0.9661
1770392177.9243 0.0364 -0.0288 0.9714
1770392177.9364 0.0344 -0.0269 0.9700
1770392177.9484 0.0354 -0.0264 0.9741
1770392177.9605 0.0317 -0.0295 0.9714
1770392177.9715 0.0366 -0.0278 0.9695
1770392177.9836 0.0315 -0.0278 0.9688
1770392177.9957 0.0312 -0.0261 0.9700
1770392178.0079 0.0356 -0.0266 0.9697
1770392178.0201 0.0317 -0.0256 0.9731
1770392178.0322 0.0337 -0.0310 0.9661
1770392178.0443 0.0344 -0.0249 0.9717
1770392178.0564 0.0337 -0.0259 0.9758
1770392178.0684 0.0305 -0.0298 0.9717
1770392178.0806 0.0337 -0.0310 0.9783
1770392178.0926 0.0332 -0.0281 0.9727
1770392178.1036 0.0347 -0.0271 0.9736
1770392178.1165 0.0298 -0.0312 0.9746
1770392178.1287 0.0325 -0.0276 0.9695
1770392178.1396 0.0337 -0.0317 0.9700
1770392178.1518 0.0320 -0.0264 0.9734
1770392178.1639 0.0315 -0.0286 0.9744
1770392178.1761 0.0330 -0.0295 0.9761
1770392178.1882 0.0315 -0.0308 0.9758
1770392178.2004 0.0320 -0.0293 0.9707
1770392178.2124 0.0317 -0.0295 0.9729
1770392178.2245 0.0366 -0.0283 0.9783
1770392178.2365 0.0327 -0.0254 0.9785
1770392178.2477 0.0332 -0.0271 0.9736
1770392178.2597 0.0337 -0.0305 0.9719
1770392178.2718 0.0334 -0.0300 0.9702
1770392178.2837 0.0383 -0.0291 0.9751
1770392178.2957 0.0317 -0.0295 0.9695
1770392178.3077 0.0332 -0.0239 0.9775
1770392178.3198 0.0312 -0.0278 0.9702
1770392178.3319 0.0364 -0.0300 0.9749
1770392178.3440 0.0293 -0.0317 0.9700
1770392178.3561 0.0330 -0.0276 0.9688
1770392178.3682 0.0332 -0.0291 0.9761
1770392178.3806 0.0347 -0.0271 0.9675
1770392178.3917 0.0356 -0.0249 0.9673
1770392178.4037 0.0359 -0.0300 0.9741
1770392178.4167 0.0349 -0.0256 0.9680
1770392178.4277 0.0315 -0.0303 0.9761
1770392178.4397 0.0312 -0.0300 0.9668
1770392178.4519 0.0325 -0.0308 0.9761
1770392178.4638 0.0310 -0.0295 0.9707
1770392178.4758 0.0352 -0.0249 0.9705
1770392178.4880 0.0352 -0.0298 0.9729
1770392178.5002 0.0317 -0.0288 0.9729
1770392178.5123 0.0342 -0.0261 0.9768
1770392178.5243 0.0337 -0.0271 0.9702
1770392178.5364 0.0334 -0.0264 0.9744
1770392178.5486 0.0305 -0.0271 0.9741
1770392178.5605 0.0339 -0.0288 0.9734
1770392178.5727 0.0327 -0.0283 0.9658
1770392178.5839 0.0334 -0.0254 0.9644
1770392178.5959 0.0305 -0.0300 0.9746
1770392178.6080 0.0383 -0.0308 0.9766
1770392178.6200 0.0332 -0.0286 0.9666
1770392178.6321 0.0327 -0.0305 0.9731
1770392178.6441 0.0369 -0.0300 0.9736
1770392178.6561 0.0295 -0.0269 0.9788
1770392178.6683 0.0334 -0.0269 0.9766
1770392178.6804 0.0325 -0.0303 0.9666
1770392178.6926 0.0295 -0.0251 0.9736
1770392178.7038 0.0322 -0.0264 0.9727
1770392178.7157 0.0312 -0.0281 0.9697
1770392178.7279 0.0317 -0.0312 0.9734
1770392178.7399 0.0325 -0.0271 0.9736
1770392178.7520 0.0315 -0.0271 0.9697
1770392178.7640 0.0388 -0.0283 0.9744
1770392178.7763 0.0344 -0.0281 0.9724
1770392178.7882 0.0349 -0.0300 0.9719
1770392178.8005 0.0342 -0.0325 0.9758
1770392178.8127 0.0334 -0.0254 0.9727
1770392178.8248 0.0354 -0.0295 0.9719
1770392178.8367 0.0303 -0.0261 0.9761
1770392178.8478 0.0330 -0.0293 0.9724
1770392178.8608 0.0320 -0.0315 0.9722
1770392178.8720 0.0300 -0.0291 0.9695
1770392178.8843 0.0330 -0.0286 0.9734
1770392194.6830 0.0322 -0.0298 0.9744
1770392194.6942 0.0337 -0.0283 0.9656
1770392194.7065 0.0339 -0.0327 0.9731
1770392194.7186 0.0320 -0.0303 0.9717
1770392194.7307 0.0339 -0.0295 0.9773
1770392194.7428 0.0344 -0.0269 0.9753
1770392194.7549 0.0320 -0.0327 0.9734
1770392194.7668 0.0339 -0.0291 0.9690
1770392194.7789 0.0337 -0.0312 0.9739
1770392194.7910 0.0330 -0.0293 0.9702
1770392194.8030 0.0359 -0.0298 0.9746
1770392194.8150 0.0366 -0.0295 0.9705
1770392194.8270 0.0330 -0.0298 0.9707
1770392194.8389 0.0310 -0.0283 0.9741
1770392194.8511 0.0308 -0.0264 0.9727
1770392194.8630 0.0330 -0.0286 0.9705
1770392194.8752 0.0344 -0.0291 0.9705
1770392194.8871 0.0315 -0.0293 0.9705
1770392194.8991 0.0298 -0.0288 0.9707
1770392194.9111 0.0356 -0.0298 0.9678
1770392194.9226 0.0354 -0.0295 0.9690
1770392194.9348 0.0356 -0.0273 0.9712
1770392194.9470 0.0330 -0.0308 0.9707
1770392194.9590 0.0354 -0.0293 0.9771
1770392194.9712 0.0334 -0.0266 0.9768
1770392194.9832 0.0327 -0.0286 0.9758
1770392194.9954 0.0339 -0.0312 0.9709
1770392195.0074 0.0281 -0.0278 0.9714
1770392195.0194 0.0334 -0.0278 0.9751
1770392195.0317 0.0356 -0.0293 0.9707
1770392195.0429 0.0308 -0.0295 0.9736
1770392195.0549 0.0337 -0.0266 0.9768
1770392195.0671 0.0322 -0.0310 0.9736
1770392195.0791 0.0332 -0.0288 0.9680
1770392195.0912 0.0317 -0.0286 0.9729
1770392195.1032 0.0320 -0.0278 0.9790
1770392195.1151 0.0322 -0.0286 0.9714
1770392195.1272 0.0322 -0.0320 0.9729
1770392195.1392 0.0325 -0.0264 0.9729
1770392195.1513 0.0354 -0.0310 0.9722
1770392195.1633 0.0352 -0.0281 0.9712
1770392195.1754 0.0356 -0.0298 0.9707
1770392195.1879 0.0349 -0.0247 0.9712
1770392195.1999 0.0374 -0.0247 0.9739
1770392195.2110 0.0349 -0.0305 0.9761
1770392195.2230 0.0327 -0.0305 0.9707
1770392195.2351 0.0339 -0.0249 0.9724
1770392195.2472 0.0312 -0.0244 0.9700
1770392195.2592 0.0339 -0.0276 0.9749
1770392195.2711 0.0342 -0.0305 0.9744
1770392195.2831 0.0300 -0.0312 0.9656
1770392195.2952 0.0342 -0.0295 0.9746
1770392195.3073 0.0312 -0.0264 0.9690
1770392195.3192 0.0305 -0.0293 0.9719
1770392195.3313 0.0325 -0.0303 0.9707
1770392195.3433 0.0334 -0.0291 0.9702
1770392195.3555 0.0317 -0.0264 0.9736
1770392195.3676 0.0364 -0.0259 0.9736
1770392195.3797 0.0334 -0.0264 0.9751
1770392195.3919 0.0359 -0.0291 0.9709
1770392195.4029 0.0356 -0.0288 0.9773
1770392195.4149 0.0334 -0.0295 0.9744
1770392195.4269 0.0349 -0.0273 0.9695
1770392195.4389 0.0320 -0.0269 0.9722
1770392195.4510 0.0315 -0.0291 0.9714
1770392195.4629 0.0383 -0.0337 0.9761
1770392195.4750 0.0339 -0.0266 0.9719
1770392195.4871 0.0334 -0.0298 0.9739
1770392195.4992 0.0305 -0.0286 0.9729
1770392195.5112 0.0317 -0.0259 0.9722
1770392195.5232 0.0330 -0.0298 0.9724
1770392195.5353 0.0347 -0.0291 0.9736
1770392195.5474 0.0374 -0.0261 0.9722
1770392195.5593 0.0317 -0.0261 0.9700
1770392195.5714 0.0344 -0.0269 0.9714
1770392195.5835 0.0386 -0.0249 0.9741
1770392195.5956 0.0352 -0.0327 0.9763
1770392195.6077 0.0356 -0.0273 0.9722
1770392195.6197 0.0361 -0.0288 0.9739
1770392195.6310 0.0347 -0.0276 0.9749
1770392195.6430 0.0361 -0.0259 0.9683
1770392195.6551 0.0352 -0.0273 0.9688
1770392195.6673 0.0354 -0.0315 0.9707
1770392195.6794 0.0364 -0.0266 0.9719
1770392195.6915 0.0317 -0.0281 0.9734
1770392195.7035 0.0330 -0.0283 0.9761
1770392195.7155 0.0327 -0.0312 0.9746
1770392195.7277 0.0305 -0.0303 0.9731
1770392195.7399 0.0349 -0.0276 0.9775
1770392195.7520 0.0273 -0.0269 0.9729
1770392195.7629 0.0344 -0.0308 0.9749
1770392195.7758 0.0378 -0.0308 0.9729
1770392195.7879 0.0317 -0.0244 0.9727
1770392195.7990 0.0342 -0.0286 0.9722
1770392195.8110 0.0359 -0.0286 0.9744
1770392195.8229 0.0330 -0.0315 0.9729
1770392195.8350 0.0308 -0.0310 0.9702
1770392195.8471 0.0317 -0.0281 0.9727
1770392195.8591 0.0332 -0.0286 0.9717
1770392195.8711 0.0312 -0.0278 0.9775
1770392195.8832 0.0330 -0.0291 0.9709
1770392195.8953 0.0320 -0.0330 0.9705
1770392195.9073 0.0371 -0.0283 0.9731
1770392195.9193 0.0327 -0.0286 0.9758
1770392195.9313 0.0339 -0.0247 0.9746
1770392195.9433 0.0354 -0.0278 0.9692
1770392195.9554 0.0310 -0.0259 0.9731
1770392195.9674 0.0347 -0.0295 0.9727
1770392195.9795 0.0339 -0.0264 0.9717
1770392195.9916 0.0359 -0.0281 0.9705
1770392196.0037 0.0320 -0.0300 0.9766
1770392196.0156 0.0320 -0.0281 0.9717
1770392196.0277 0.0349 -0.0281 0.9695
1770392196.0395 0.0339 -0.0271 0.9763
1770392196.0516 0.0332 -0.0276 0.9731
1770392196.0636 0.0342 -0.0288 0.9758
1770392196.0759 0.0332 -0.0295 0.9690
1770392196.0879 0.0330 -0.0271 0.9768
1770392196.0999 0.0300 -0.0288 0.9739
1770392196.1119 0.0374 -0.0298 0.9741
1770392196.1239 0.0317 -0.0266 0.9690
1770392196.1359 0.0276 -0.0269 0.9709
1770392196.1471 0.0322 -0.0291 0.9705
1770392196.1600 0.0342 -0.0303 0.9736
1770392196.1720 0.0332 -0.0288 0.9749
1770392196.1838 0.0347 -0.0273 0.9746
1770392196.1955 0.0330 -0.0281 0.9714
1770392196.2075 0.0310 -0.0278 0.9688
1770392196.2195 0.0334 -0.0322 0.9690
1770392196.2315 0.0339 -0.0300 0.9707
1770392196.2436 0.0359 -0.0271 0.9685
1770392196.2558 0.0330 -0.0264 0.9717
1770392196.2680 0.0327 -0.0286 0.9744
1770392196.2801 0.0325 -0.0288 0.9756
1770392196.2912 0.0342 -0.0298 0.9734
1770392196.3033 0.0322 -0.0293 0.9653
1770392196.3155 0.0308 -0.0312 0.9690
1770392196.3275 0.0312 -0.0264 0.9719
1770392196.3395 0.0325 -0.0300 0.9666
1770392196.3515 0.0364 -0.0298 0.9670
1770392196.3635 0.0342 -0.0295 0.9722
1770392196.3757 0.0371 -0.0276 0.9731
1770392196.3877 0.0332 -0.0278 0.9778
1770392196.3998 0.0337 -0.0273 0.9670
1770392196.4118 0.0344 -0.0291 0.9709
1770392196.4238 0.0322 -0.0303 0.9692
1770392196.4359 0.0354 -0.0259 0.9744
1770392196.4480 0.0312 -0.0300 0.9775
1770392196.4591 0.0337 -0.0283 0.9722
1770392196.4711 0.0349 -0.0308 0.9683
1770392196.4841 0.0330 -0.0291 0.9668
1770392196.4952 0.0303 -0.0271 0.9751
1770392196.5073 0.0327 -0.0278 0.9714
1770392196.5192 0.0361 -0.0295 0.9707
1770392196.5313 0.0361 -0.0264 0.9736
1770392196.5433 0.0334 -0.0291 0.9724
1770392196.5554 0.0317 -0.0281 0.9741
1770392196.5675 0.0342 -0.0266 0.9749
1770392196.5797 0.0349 -0.0308 0.9766
1770392196.5919 0.0356 -0.0310 0.9763
1770392196.6040 0.0325 -0.0273 0.9670
1770392196.6159 0.0359 -0.0276 0.9683
1770392196.6280 0.0366 -0.0281 0.9714
1770392196.6400 0.0322 -0.0288 0.9722
1770392196.6513 0.0374 -0.0305 0.9697
1770392196.6632 0.0320 -0.0278 0.9727
1770392196.6755 0.0320 -0.0234 0.9685
1770392196.6874 0.0332 -0.0322 0.9719
1770392196.6994 0.0312 -0.0312 0.9673
1770392196.7113 0.0349 -0.0315 0.9734
1770392196.7235 0.0298 -0.0295 0.9717
1770392196.7357 0.0356 -0.0293 0.9705
1770392196.7478 0.0320 -0.0305 0.9729
1770392196.7597 0.0334 -0.0298 0.9724
1770392196.7717 0.0325 -0.0305 0.9761
1770392196.7839 0.0347 -0.0291 0.9722
1770392196.7960 0.0317 -0.0295 0.9712
1770392196.8080 0.0317 -0.0298 0.9729
1770392196.8200 0.0334 -0.0293 0.9673
1770392196.8319 0.0325 -0.0283 0.9741
1770392196.8441 0.0332 -0.0308 0.9731
1770392196.8562 0.0295 -0.0281 0.9685
1770392196.8682 0.0330 -0.0327 0.9678
1770392196.8801 0.0334 -0.0271 0.9724
1770392196.8913 0.0347 -0.0325 0.9734
1770392196.9034 0.0371 -0.0315 0.9731
1770392196.9154 0.0366 -0.0315 0.9714
1770392196.9275 0.0330 -0.0327 0.9722
1770392196.9395 0.0339 -0.0259 0.9749
1770392196.9516 0.0303 -0.0269 0.9668
1770392196.9636 0.0337 -0.0259 0.9753
1770392196.9756 0.0359 -0.0298 0.9751
1770392196.9878 0.0308 -0.0303 0.9766
1770392197.0000 0.0344 -0.0291 0.9768
1770392197.0120 0.0344 -0.0276 0.9756
1770392197.0240 0.0308 -0.0261 0.9712
1770392197.0361 0.0356 -0.0283 0.9709
1770392197.0480 0.0334 -0.0303 0.9709
1770392197.0602 0.0347 -0.0317 0.9734
1770392197.0721 0.0334 -0.0278 0.9717
1770392197.0841 0.0369 -0.0303 0.9736
1770392197.0961 0.0312 -0.0312 0.9709
1770392197.1073 0.0352 -0.0266 0.9712
1770392197.1194 0.0312 -0.0242 0.9707
1770392197.1314 0.0325 -0.0288 0.9712
1770392197.1434 0.0352 -0.0310 0.9751
1770392197.1555 0.0325 -0.0288 0.9736
1770392197.1675 0.0344 -0.0320 0.9761
1770392197.1797 0.0327 -0.0291 0.9741
1770392197.1917 0.0312 -0.0237 0.9727
1770392197.2039 0.0378 -0.0276 0.9741
1770392197.2159 0.0369 -0.0254 0.9712
1770392197.2279 0.0322 -0.0293 0.9758
1770392197.2399 0.0332 -0.0259 0.9697
1770392197.2520 0.0330 -0.0325 0.9707
1770392197.2640 0.0308 -0.0286 0.9749
1770392197.2761 0.0342 -0.0278 0.9792
1770392197.2881 0.0332 -0.0317 0.9729
1770392197.3002 0.0366 -0.0264 0.9705
1770392197.3121 0.0383 -0.0266 0.9741
1770392197.3242 0.0286 -0.0298 0.9700
1770392197.3361 0.0320 -0.0276 0.9712
1770392197.3483 0.0320 -0.0281 0.9731
1770392197.3603 0.0315 -0.0283 0.9724
1770392197.3723 0.0312 -0.0317 0.9739
1770392197.3836 0.0349 -0.0322 0.9685
1770392197.3956 0.0356 -0.0300 0.9727
1770392197.4076 0.0312 -0.0271 0.9744
1770392197.4196 0.0325 -0.0327 0.9810
1770392197.4315 0.0320 -0.0242 0.9746
1770392197.4436 0.0349 -0.0303 0.9717
1770392197.4557 0.0344 -0.0278 0.9709
1770392197.4676 0.0342 -0.0266 0.9739
1770392197.6220 0.0383 -0.0273 0.9734
1770392197.6224 0.0352 -0.0276 0.9746
1770392197.6229 0.0322 -0.0273 0.9734
1770392197.6233 0.0359 -0.0271 0.9719
1770392197.6237 0.0339 -0.0249 0.9705
1770392197.6241 0.0339 -0.0266 0.9751
1770392197.6244 0.0308 -0.0308 0.9749
1770392197.6249 0.0347 -0.0305 0.9685
1770392197.6253 0.0342 -0.0283 0.9805
1770392197.6256 0.0354 -0.0295 0.9744
1770392197.6260 0.0327 -0.0273 0.9736
1770392197.6263 0.0327 -0.0293 0.9753
1770392197.6267 0.0356 -0.0234 0.9749
1770392197.6356 0.0303 -0.0276 0.9771
1770392197.6475 0.0325 -0.0291 0.9729
1770392197.6596 0.0295 -0.0271 0.9724
1770392197.6716 0.0359 -0.0310 0.9702
1770392197.6836 0.0317 -0.0288 0.9685
1770392197.6956 0.0344 -0.0322 0.9688
1770392197.7076 0.0337 -0.0271 0.9729
1770392197.7196 0.0312 -0.0317 0.9719
1770392197.7317 0.0300 -0.0286 0.9761
1770392197.7437 0.0347 -0.0295 0.9700
1770392197.7558 0.0308 -0.0330 0.9717
1770392197.7678 0.0325 -0.0291 0.9766
1770392197.7800 0.0317 -0.0303 0.9692
1770392197.7920 0.0288 -0.0308 0.9666
1770392197.8040 0.0342 -0.0291 0.9717
1770392197.8160 0.0354 -0.0291 0.9783
1770392197.8281 0.0310 -0.0298 0.9766
1770392197.8401 0.0308 -0.0256 0.9702
1770392197.8521 0.0359 -0.0254 0.9688
1770392197.8640 0.0308 -0.0266 0.9702
1770392197.8762 0.0342 -0.0305 0.9749
1770392197.8881 0.0332 -0.0298 0.9734
1770392197.9003 0.0349 -0.0310 0.9761
1770392197.9123 0.0305 -0.0312 0.9724
1770392197.9242 0.0327 -0.0278 0.9746
1770392197.9363 0.0334 -0.0286 0.9702
1770392197.9483 0.0298 -0.0315 0.9663
1770392197.9604 0.0342 -0.0254 0.9663
1770392197.9723 0.0288 -0.0295 0.9746
1770392197.9834 0.0356 -0.0249 0.9722
1770392197.9956 0.0325 -0.0305 0.9705
1770392198.0076 0.0288 -0.0303 0.9697
1770392198.0196 0.0330 -0.0315 0.9775
1770392198.0316 0.0359 -0.0295 0.9744
1770392198.0437 0.0342 -0.0303 0.9724
1770392198.0558 0.0298 -0.0278 0.9680
1770392198.0677 0.0344 -0.0300 0.9749
1770392198.0798 0.0325 -0.0269 0.9680
1770392198.0919 0.0325 -0.0295 0.9810
1770392198.1038 0.0337 -0.0273 0.9719
1770392198.1159 0.0347 -0.0303 0.9705
1770392198.1279 0.0334 -0.0310 0.9668
1770392198.1399 0.0356 -0.0281 0.9717
1770392198.1519 0.0322 -0.0298 0.9678
1770392198.1640 0.0347 -0.0286 0.9734
1770392198.1765 0.0347 -0.0305 0.9692
1770392198.1875 0.0356 -0.0288 0.9744
1770392198.1997 0.0361 -0.0261 0.9719
1770392198.2121 0.0342 -0.0293 0.9692
1770392198.2242 0.0298 -0.0320 0.9705
1770392198.2356 0.0298 -0.0283 0.9739
1770392198.2479 0.0322 -0.0312 0.9700
1770392198.2603 0.0291 -0.0271 0.9727
1770392198.2715 0.0303 -0.0276 0.9744
1770392198.2839 0.0330 -0.0298 0.9734
1770392198.2963 0.0342 -0.0312 0.9678
1770392198.3076 0.0327 -0.0261 0.9724
1770392198.3198 0.0374 -0.0298 0.9771
1770392198.3315 0.0295 -0.0288 0.9641
1770392198.3437 0.0349 -0.0281 0.9719
1770392198.3561 0.0361 -0.0308 0.9727
1770392198.3684 0.0308 -0.0249 0.9692
1770392198.3797 0.0359 -0.0283 0.9719
1770392198.3918 0.0349 -0.0298 0.9773
1770392198.4039 0.0332 -0.0320 0.9729
1770392198.4159 0.0369 -0.0325 0.9719
1770392198.4280 0.0308 -0.0291 0.9729
1770392198.4399 0.0349 -0.0320 0.9680
1770392198.4521 0.0322 -0.0298 0.9644
1770392198.4640 0.0334 -0.0251 0.9753
1770392198.4761 0.0317 -0.0310 0.9719
1770392198.4882 0.0322 -0.0288 0.9692
1770392198.5002 0.0342 -0.0325 0.9722
1770392198.5123 0.0361 -0.0281 0.9707
1770392198.5242 0.0352 -0.0295 0.9666
1770392198.5369 0.0303 -0.0256 0.9753
1770392198.5480 0.0325 -0.0273 0.9712
1770392198.5601 0.0349 -0.0259 0.9668
1770392198.5723 0.0374 -0.0286 0.9756
1770392198.5845 0.0361 -0.0283 0.9717
1770392198.5956 0.0359 -0.0283 0.9717
1770392198.6076 0.0315 -0.0288 0.9749
1770392198.6196 0.0359 -0.0288 0.9678
1770392198.6316 0.0354 -0.0269 0.9700
1770392198.6437 0.0322 -0.0291 0.9768
1770392198.6558 0.0371 -0.0286 0.9675
1770392198.6678 0.0354 -0.0295 0.9675
1770392198.6797 0.0330 -0.0269 0.9683
1770392198.6919 0.0347 -0.0273 0.9734
1770392198.7041 0.0334 -0.0276 0.9722
1770392198.7164 0.0325 -0.0283 0.9705
1770392198.7285 0.0381 -0.0281 0.9756
1770392198.7398 0.0322 -0.0244 0.9702
1770392198.7520 0.0359 -0.0281 0.9700
1770392198.7642 0.0352 -0.0317 0.9707
1770392198.7756 0.0347 -0.0273 0.9749
1770392198.7878 0.0305 -0.0286 0.9712
1770392198.8001 0.0330 -0.0295 0.9690
1770392198.8124 0.0339 -0.0303 0.9731
1770392198.8245 0.0342 -0.0278 0.9744
1770392198.8359 0.0295 -0.0276 0.9731
1770392198.8481 0.0317 -0.0278 0.9670
1770392198.8604 0.0349 -0.0278 0.9729
1770392198.8726 0.0327 -0.0286 0.9668
1770392198.8839 0.0356 -0.0264 0.9731
1770392198.8963 0.0337 -0.0298 0.9712
1770392198.9086 0.0347 -0.0303 0.9756
1770392198.9197 0.0342 -0.0293 0.9719
1770392198.9321 0.0317 -0.0286 0.9709
1770392198.9443 0.0364 -0.0264 0.9756
1770392198.9557 0.0330 -0.0298 0.9736
1770392198.9679 0.0349 -0.0322 0.9797
1770392198.9804 0.0325 -0.0322 0.9744
1770392198.9918 0.0310 -0.0251 0.9719
1770392199.0041 0.0347 -0.0315 0.9709
1770392199.0163 0.0315 -0.0317 0.9756
1770392199.0286 0.0332 -0.0286 0.9717
1770392199.0398 0.0354 -0.0281 0.9692
1770392199.0522 0.0339 -0.0300 0.9731
1770392199.0643 0.0356 -0.0291 0.9695
1770392199.0767 0.0315 -0.0249 0.9785
1770392199.0879 0.0361 -0.0291 0.9753
1770392199.1003 0.0356 -0.0256 0.9717
1770392199.1126 0.0344 -0.0283 0.9763
1770392199.1237 0.0298 -0.0293 0.9739
1770392199.1360 0.0330 -0.0320 0.9702
1770392199.1484 0.0286 -0.0332 0.9705
1770392199.1596 0.0356 -0.0271 0.9741
1770392199.1720 0.0337 -0.0332 0.9697
1770392199.1846 0.0332 -0.0271 0.9744
1770392199.1960 0.0344 -0.0303 0.9744
1770392199.2082 0.0334 -0.0295 0.9739
1770392199.2206 0.0344 -0.0295 0.9790
1770392199.2322 0.0361 -0.0317 0.9695
1770392199.2446 0.0344 -0.0251 0.9746
1770392199.2557 0.0334 -0.0283 0.9719
1770392199.2681 0.0334 -0.0281 0.9741
1770392199.2802 0.0337 -0.0288 0.9731
1770392199.2925 0.0359 -0.0256 0.9695
1770392199.3046 0.0339 -0.0300 0.9727
1770392199.3158 0.0312 -0.0291 0.9680
1770392199.3280 0.0305 -0.0242 0.9717
1770392199.3402 0.0322 -0.0293 0.9678
1770392199.3524 0.0332 -0.0273 0.9688
1770392199.3646 0.0361 -0.0320 0.9746
1770392199.3760 0.0349 -0.0334 0.9741
1770392199.3879 0.0310 -0.0276 0.9697
1770392199.4004 0.0332 -0.0271 0.9695
1770392199.4118 0.0347 -0.0286 0.9736
1770392199.4240 0.0295 -0.0339 0.9751
1770392199.4365 0.0342 -0.0259 0.9746
1770392199.4479 0.0322 -0.0259 0.9675
1770392199.4602 0.0354 -0.0271 0.9705
1770392199.4723 0.0369 -0.0312 0.9722
1770392199.4846 0.0342 -0.0286 0.9688
1770392199.4958 0.0337 -0.0278 0.9707
1770392199.5083 0.0322 -0.0283 0.9697
1770392199.5204 0.0359 -0.0278 0.9685
1770392199.5328 0.0310 -0.0276 0.9714
1770392199.5442 0.0344 -0.0273 0.9790
1770392199.5561 0.0320 -0.0259 0.9673
1770392199.5684 0.0369 -0.0286 0.9668
1770392199.5808 0.0356 -0.0317 0.9719
1770392199.5921 0.0317 -0.0339 0.9707
1770392199.6044 0.0325 -0.0322 0.9697
1770392199.6166 0.0349 -0.0293 0.9697
1770392199.6283 0.0330 -0.0310 0.9707
1770392199.6407 0.0374 -0.0310 0.9709
1770392199.6522 0.0354 -0.0308 0.9724
1770392199.6645 0.0332 -0.0278 0.9731
1770392199.6758 0.0366 -0.0276 0.9680
1770392199.6881 0.0371 -0.0312 0.9751
1770392199.7004 0.0327 -0.0295 0.9763
1770392199.7128 0.0334 -0.0303 0.9761
1770392199.7240 0.0356 -0.0295 0.9707
1770392199.7364 0.0361 -0.0303 0.9758
1770392199.7488 0.0386 -0.0264 0.9702
1770392199.7600 0.0325 -0.0283 0.9731
1770392199.7723 0.0315 -0.0266 0.9695
1770392199.7846 0.0334 -0.0305 0.9805
1770392199.7960 0.0305 -0.0264 0.9663
1770392199.8083 0.0312 -0.0264 0.9734
1770392199.8205 0.0334 -0.0278 0.9741
1770392199.8327 0.0352 -0.0278 0.9707
1770392199.8440 0.0330 -0.0286 0.9763
1770392199.8562 0.0342 -0.0251 0.9756
1770392199.8685 0.0342 -0.0300 0.9670
1770392199.8806 0.0337 -0.0281 0.9678
1770392199.8919 0.0354 -0.0244 0.9727
1770392199.9042 0.0342 -0.0291 0.9690
1770392199.9165 0.0366 -0.0315 0.9722
1770392199.9288 0.0315 -0.0261 0.9746
1770392199.9400 0.0325 -0.0266 0.9692
1770392199.9521 0.0330 -0.0256 0.9707
1770392199.9643 0.0359 -0.0305 0.9673
1770392199.9766 0.0371 -0.0303 0.9707
1770392199.9882 0.0349 -0.0283 0.9771
1770392200.0004 0.0361 -0.0273 0.9651
1770392200.0127 0.0310 -0.0271 0.9753
1770392200.0248 0.0327 -0.0303 0.9690
1770392200.0361 0.0322 -0.0286 0.9688
1770392200.0482 0.0332 -0.0325 0.9739
1770392200.0605 0.0359 -0.0298 0.9683
1770392200.0728 0.0308 -0.0298 0.9727
1770392200.0840 0.0366 -0.0278 0.9729
1770392200.0965 0.0339 -0.0242 0.9758
1770392200.1088 0.0310 -0.0305 0.9670
1770392200.1199 0.0371 -0.0288 0.9758
1770392200.1321 0.0300 -0.0298 0.9739
1770392200.1443 0.0347 -0.0308 0.9722
1770392200.1568 0.0332 -0.0266 0.9741
1770392200.1680 0.0347 -0.0286 0.9722
1770392200.1803 0.0325 -0.0288 0.9690
1770392200.1926 0.0327 -0.0276 0.9727
1770392200.2039 0.0359 -0.0288 0.9705
1770392200.2160 0.0332 -0.0276 0.9768
1770392200.2285 0.0339 -0.0305 0.9758
1770392200.2399 0.0315 -0.0266 0.9683
1770392200.2525 0.0325 -0.0293 0.9739
1770392200.2647 0.0381 -0.0283 0.9724
1770392200.2760 0.0310 -0.0283 0.9678
1770392200.2882 0.0371 -0.0320 0.9736
1770392200.3005 0.0347 -0.0295 0.9736
1770392200.3126 0.0339 -0.0249 0.9717
1770392200.3249 0.0322 -0.0276 0.9688
1770392200.3362 0.0339 -0.0303 0.9722
1770392200.3485 0.0330 -0.0295 0.9707
1770392200.3607 0.0327 -0.0283 0.9734
1770392200.3722 0.0347 -0.0271 0.9780
1770392200.3847 0.0293 -0.0291 0.9731
1770392200.3962 0.0327 -0.0273 0.9751
1770392200.4087 0.0342 -0.0312 0.9758
1770392200.4204 0.0344 -0.0266 0.9751
1770392200.4327 0.0312 -0.0327 0.9717
1770392200.4441 0.0308 -0.0310 0.9751
1770392200.4564 0.0332 -0.0273 0.9783
1770392200.4686 0.0315 -0.0300 0.9705
1770392200.4809 0.0308 -0.0322 0.9744
1770392200.4922 0.0327 -0.0288 0.9675
1770392200.5044 0.0308 -0.0288 0.9675
1770392200.5165 0.0317 -0.0312 0.9753
1770392200.5287 0.0349 -0.0308 0.9751
1770392200.5408 0.0278 -0.0295 0.9775
1770392200.5530 0.0354 -0.0303 0.9741
1770392200.5643 0.0344 -0.0283 0.9719
1770392200.5770 0.0334 -0.0242 0.9685
1770392200.5884 0.0339 -0.0320 0.9724
1770392200.6005 0.0359 -0.0276 0.9712
1770392200.6127 0.0344 -0.0273 0.9753
1770392200.6248 0.0317 -0.0261 0.9709
1770392200.6361 0.0312 -0.0271 0.9761
1770392200.6487 0.0310 -0.0271 0.9736
1770392200.6601 0.0337 -0.0286 0.9724
1770392200.6723 0.0347 -0.0281 0.9751
1770392200.6847 0.0317 -0.0271 0.9763
1770392200.6970 0.0334 -0.0298 0.9741
1770392200.7083 0.0317 -0.0281 0.9719
1770392200.7206 0.0339 -0.0278 0.9729
1770392200.7320 0.0281 -0.0300 0.9785
1770392200.7444 0.0369 -0.0295 0.9717
1770392200.7560 0.0359 -0.0303 0.9717
1770392200.7683 0.0315 -0.0281 0.9749
1770392200.7808 0.0347 -0.0276 0.9741
1770392200.7930 0.0315 -0.0303 0.9739
1770392200.8044 0.0337 -0.0281 0.9727
1770392200.8169 0.0337 -0.0269 0.9744
1770392200.8282 0.0374 -0.0286 0.9739
1770392200.8404 0.0308 -0.0278 0.9741
1770392200.8529 0.0349 -0.0264 0.9670
1770392200.8641 0.0320 -0.0320 0.9666
1770392200.8763 0.0337 -0.0278 0.9746
1770392200.8885 0.0337 -0.0288 0.9719
1770392200.9009 0.0337 -0.0283 0.9702
1770392200.9120 0.0374 -0.0303 0.9722
1770392200.9243 0.0325 -0.0310 0.9768
1770392200.9365 0.0332 -0.0303 0.9788
1770392200.9488 0.0344 -0.0273 0.9731
1770392200.9600 0.0354 -0.0320 0.9749
1770392200.9722 0.0337 -0.0293 0.9717
1770392200.9843 0.0322 -0.0276 0.9739
1770392200.9961 0.0312 -0.0288 0.9744
1770392201.0083 0.0339 -0.0271 0.9709
1770392201.0207 0.0330 -0.0298 0.9746
1770392201.0329 0.0300 -0.0273 0.9756
1770392201.0441 0.0300 -0.0264 0.9751
1770392201.0563 0.0308 -0.0271 0.9773
1770392201.0685 0.0325 -0.0273 0.9771
1770392201.0808 0.0339 -0.0303 0.9775
1770392201.0930 0.0330 -0.0303 0.9758
1770392201.1052 0.0288 -0.0278 0.9746
1770392201.1164 0.0359 -0.0261 0.9658
1770392201.1288 0.0342 -0.0266 0.9717
1770392201.1411 0.0356 -0.0305 0.9656
1770392201.1533 0.0371 -0.0300 0.9780
1770392201.1645 0.0369 -0.0291 0.9746
1770392201.1769 0.0295 -0.0291 0.9744
1770392201.1891 0.0312 -0.0308 0.9729
1770392201.2003 0.0356 -0.0310 0.9775
1770392201.2126 0.0298 -0.0276 0.9771
1770392201.2249 0.0305 -0.0312 0.9717
1770392201.2371 0.0317 -0.0261 0.9690
1770392201.2483 0.0310 -0.0269 0.9744
1770392201.2606 0.0364 -0.0242 0.9751
1770392201.2727 0.0325 -0.0244 0.9753
1770392201.2850 0.0332 -0.0325 0.9749
1770392201.2963 0.0327 -0.0293 0.9675
1770392201.3086 0.0366 -0.0278 0.9744
1770392201.3208 0.0356 -0.0281 0.9712
1770392201.3330 0.0337 -0.0293 0.9707
1770392201.3453 0.0332 -0.0295 0.9666
1770392201.3566 0.0288 -0.0283 0.9692
1770392201.3687 0.0359 -0.0308 0.9746
1770392201.3812 0.0332 -0.0298 0.9685
1770392201.3926 0.0342 -0.0303 0.9744
1770392201.4051 0.0342 -0.0295 0.9709
1770392201.4164 0.0298 -0.0283 0.9714
1770392201.4290 0.0369 -0.0254 0.9695
1770392201.4413 0.0352 -0.0286 0.9766
1770392201.4524 0.0364 -0.0271 0.9731
1770392201.4647 0.0327 -0.0276 0.9775
1770392201.4769 0.0300 -0.0278 0.9714
1770392201.4891 0.0330 -0.0273 0.9719
1770392201.5007 0.0374 -0.0278 0.9824
1770392201.5129 0.0339 -0.0288 0.9697
1770392201.5253 0.0347 -0.0295 0.9727
1770392201.5364 0.0364 -0.0320 0.9685
1770392201.5486 0.0352 -0.0295 0.9756
1770392201.5609 0.0342 -0.0273 0.9768
1770392201.5732 0.0325 -0.0293 0.9712
1770392201.5845 0.0347 -0.0278 0.9758
1770392201.5971 0.0339 -0.0293 0.9768
1770392201.6084 0.0293 -0.0269 0.9729
1770392201.6210 0.0347 -0.0291 0.9731
1770392201.6333 0.0352 -0.0305 0.9756
1770392201.6458 0.0349 -0.0264 0.9741
1770392201.6570 0.0352 -0.0269 0.9802
1770392201.6694 0.0320 -0.0271 0.9668
1770392201.6817 0.0342 -0.0278 0.9724
1770392201.6935 0.0366 -0.0273 0.9709
1770392201.7057 0.0332 -0.0291 0.9709
1770392201.7169 0.0366 -0.0283 0.9739
1770392201.7292 0.0315 -0.0310 0.9744
1770392201.7417 0.0342 -0.0298 0.9709
1770392201.7529 0.0349 -0.0273 0.9688
1770392201.7651 0.0312 -0.0256 0.9734
1770392201.7778 0.0347 -0.0310 0.9680
1770392201.7895 0.0320 -0.0310 0.9768
1770392201.8008 0.0352 -0.0305 0.9736
1770392201.8130 0.0352 -0.0322 0.9744
1770392201.8251 0.0371 -0.0293 0.9690
1770392201.8376 0.0339 -0.0239 0.9780
1770392201.8497 0.0354 -0.0283 0.9741
1770392201.8610 0.0342 -0.0266 0.9761
1770392201.8731 0.0359 -0.0320 0.9785
1770392201.8854 0.0359 -0.0293 0.9741
1770392201.8976 0.0317 -0.0288 0.9697
1770392201.9089 0.0334 -0.0293 0.9734
1770392201.9210 0.0273 -0.0300 0.9714
1770392201.9332 0.0359 -0.0332 0.9702
1770392201.9454 0.0344 -0.0300 0.9744
1770392201.9578 0.0283 -0.0315 0.9729
1770392201.9689 0.0330 -0.0303 0.9717
1770392201.9816 0.0342 -0.0242 0.9724
1770392201.9929 0.0337 -0.0273 0.9670
1770392202.0051 0.0369 -0.0283 0.9707
1770392202.0174 0.0317 -0.0288 0.9712
1770392202.0296 0.0337 -0.0339 0.9683
1770392202.0418 0.0281 -0.0332 0.9756
1770392202.0530 0.0349 -0.0291 0.9707
1770392202.0651 0.0344 -0.0303 0.9717
1770392202.0775 0.0339 -0.0298 0.9709
1770392202.0897 0.0315 -0.0261 0.9683
1770392202.1009 0.0327 -0.0259 0.9751
1770392202.1130 0.0322 -0.0271 0.9707
1770392202.1253 0.0288 -0.0286 0.9714
1770392202.1373 0.0317 -0.0293 0.9707
1770392202.1496 0.0320 -0.0303 0.9729
1770392202.1610 0.0356 -0.0298 0.9727
1770392202.1731 0.0298 -0.0288 0.9722
1770392202.1853 0.0310 -0.0303 0.9702
1770392202.1977 0.0352 -0.0295 0.9729
1770392202.2099 0.0322 -0.0278 0.9763
1770392202.2211 0.0334 -0.0298 0.9700
1770392202.2334 0.0366 -0.0249 0.9739
1770392202.2456 0.0317 -0.0298 0.9722
1770392202.2579 0.0322 -0.0295 0.9736
1770392202.2691 0.0364 -0.0276 0.9727
1770392202.2814 0.0330 -0.0273 0.9739
1770392202.2936 0.0383 -0.0293 0.9746
1770392202.3058 0.0337 -0.0288 0.9758
1770392202.3172 0.0337 -0.0249 0.9790
1770392202.3297 0.0359 -0.0315 0.9741
1770392202.3410 0.0320 -0.0288 0.9783
1770392202.3532 0.0293 -0.0254 0.9692
1770392202.3654 0.0317 -0.0288 0.9712
1770392202.3770 0.0339 -0.0298 0.9690
1770392202.3895 0.0347 -0.0269 0.9749
1770392202.4011 0.0356 -0.0303 0.9663
1770392202.4134 0.0344 -0.0286 0.9766
1770392202.4254 0.0349 -0.0310 0.9751
1770392202.4372 0.0327 -0.0266 0.9719
1770392202.4494 0.0332 -0.0300 0.9702
1770392202.4612 0.0356 -0.0278 0.9724
1770392202.4735 0.0352 -0.0315 0.9775
1770392202.4850 0.0310 -0.0264 0.9697
1770392202.4989 0.0317 -0.0298 0.9673
1770392202.5093 0.0330 -0.0293 0.9697
1770392202.5215 0.0359 -0.0281 0.9734
1770392202.5337 0.0364 -0.0264 0.9751
1770392202.5458 0.0322 -0.0330 0.9709
1770392202.5570 0.0356 -0.0288 0.9692
1770392202.5691 0.0347 -0.0278 0.9731
1770392202.5813 0.0315 -0.0283 0.9731
1770392202.5934 0.0315 -0.0281 0.9739
1770392202.6056 0.0339 -0.0286 0.9673
1770392202.6179 0.0334 -0.0308 0.9707
1770392202.6293 0.0349 -0.0291 0.9719
1770392202.6417 0.0332 -0.0347 0.9717
1770392202.6532 0.0356 -0.0315 0.9724
1770392202.6654 0.0347 -0.0293 0.9739
1770392202.6772 0.0298 -0.0293 0.9734
1770392202.6895 0.0315 -0.0298 0.9646
1770392202.7019 0.0344 -0.0254 0.9758
1770392202.7130 0.0305 -0.0300 0.9688
1770392202.7254 0.0303 -0.0286 0.9688
1770392202.7372 0.0320 -0.0291 0.9705
1770392202.7494 0.0327 -0.0288 0.9731
1770392202.7617 0.0342 -0.0259 0.9727
1770392202.7730 0.0359 -0.0269 0.9705
1770392202.7854 0.0310 -0.0293 0.9763
1770392202.7979 0.0327 -0.0310 0.9685
1770392202.8092 0.0369 -0.0271 0.9709
1770392202.8214 0.0352 -0.0286 0.9709
1770392202.8336 0.0342 -0.0317 0.9678
1770392202.8459 0.0339 -0.0303 0.9771
1770392202.8571 0.0334 -0.0288 0.9714
1770392202.8692 0.0293 -0.0278 0.9709
1770392202.8813 0.0342 -0.0298 0.9692
1770392202.8937 0.0347 -0.0291 0.9648
1770392202.9058 0.0298 -0.0303 0.9731
1770392202.9171 0.0337 -0.0276 0.9729
1770392202.9293 0.0361 -0.0288 0.9744
1770392202.9415 0.0332 -0.0288 0.9731
1770392202.9538 0.0369 -0.0305 0.9719
1770392202.9660 0.0315 -0.0278 0.9753
1770392202.9779 0.0347 -0.0303 0.9780
1770392202.9893 0.0332 -0.0266 0.9712
1770392203.0016 0.0344 -0.0261 0.9692
1770392203.0139 0.0349 -0.0261 0.9741
1770392203.0261 0.0342 -0.0288 0.9705
1770392203.0373 0.0325 -0.0261 0.9702
1770392203.0495 0.0330 -0.0283 0.9731
1770392203.0618 0.0369 -0.0261 0.9714
1770392203.0740 0.0332 -0.0251 0.9729
1770392203.0852 0.0344 -0.0269 0.9724
1770392203.0976 0.0359 -0.0291 0.9746
1770392203.1098 0.0339 -0.0288 0.9709
1770392203.1220 0.0352 -0.0276 0.9775
1770392203.1333 0.0325 -0.0266 0.9741
1770392203.1455 0.0354 -0.0239 0.9719
1770392203.1580 0.0327 -0.0286 0.9675
1770392203.1699 0.0361 -0.0286 0.9741
1770392203.1813 0.0332 -0.0291 0.9709
1770392203.1940 0.0325 -0.0264 0.9734
1770392203.2054 0.0317 -0.0251 0.9766
1770392203.2179 0.0354 -0.0310 0.9744
1770392203.2291 0.0361 -0.0291 0.9766
1770392203.2413 0.0327 -0.0286 0.9729
1770392203.2536 0.0342 -0.0281 0.9771
1770392203.2657 0.0300 -0.0278 0.9741
1770392203.2773 0.0264 -0.0305 0.9719
1770392203.2894 0.0325 -0.0261 0.9719
1770392203.3016 0.0315 -0.0269 0.9729
1770392203.3138 0.0337 -0.0305 0.9727
1770392203.3260 0.0330 -0.0291 0.9727
1770392203.3374 0.0293 -0.0330 0.9717
1770392203.3496 0.0344 -0.0300 0.9688
1770392203.3618 0.0312 -0.0303 0.9719
1770392203.3733 0.0371 -0.0278 0.9763
1770392203.3860 0.0320 -0.0283 0.9727
1770392203.3975 0.0339 -0.0261 0.9727
1770392203.4097 0.0361 -0.0276 0.9763
1770392203.4219 0.0325 -0.0276 0.9756
1770392203.4340 0.0332 -0.0298 0.9756
1770392203.4452 0.0339 -0.0300 0.9661
1770392203.4575 0.0288 -0.0283 0.9695
1770392203.4698 0.0352 -0.0312 0.9744
1770392203.4819 0.0356 -0.0276 0.9741
1770392203.4932 0.0295 -0.0291 0.9749
1770392203.5054 0.0337 -0.0298 0.9768
1770392203.5177 0.0347 -0.0291 0.9692
1770392203.5299 0.0347 -0.0298 0.9788
1770392203.5422 0.0310 -0.0300 0.9751
1770392203.5535 0.0325 -0.0305 0.9714
1770392203.5657 0.0320 -0.0286 0.9736
1770392203.5781 0.0339 -0.0288 0.9700
1770392203.5893 0.0342 -0.0273 0.9763
1770392203.6015 0.0300 -0.0339 0.9792
1770392203.6138 0.0342 -0.0278 0.9746
1770392203.6259 0.0322 -0.0266 0.9695
1770392203.6373 0.0356 -0.0291 0.9702
1770392203.6495 0.0317 -0.0256 0.9685
1770392203.6618 0.0347 -0.0308 0.9727
1770392203.6740 0.0317 -0.0310 0.9778
1770392203.6852 0.0308 -0.0276 0.9668
1770392203.6975 0.0337 -0.0288 0.9722
1770392203.7098 0.0349 -0.0286 0.9763
1770392203.7220 0.0334 -0.0288 0.9753
1770392203.7333 0.0361 -0.0295 0.9734
1770392203.7455 0.0320 -0.0286 0.9712
1770392203.7579 0.0283 -0.0261 0.9749
1770392203.7701 0.0334 -0.0264 0.9709
1770392203.7813 0.0303 -0.0347 0.9717
1770392203.7937 0.0317 -0.0254 0.9666
1770392203.8059 0.0332 -0.0249 0.9644
1770392203.8181 0.0300 -0.0269 0.9705
1770392203.8293 0.0352 -0.0293 0.9724
1770392203.8415 0.0332 -0.0239 0.9753
1770392203.8539 0.0325 -0.0269 0.9709
1770392203.8660 0.0334 -0.0288 0.9744
1770392203.8772 0.0298 -0.0276 0.9712
1770392203.8895 0.0322 -0.0281 0.9717
1770392203.9018 0.0330 -0.0293 0.9736
1770392203.9142 0.0344 -0.0261 0.9685
1770392203.9254 0.0347 -0.0305 0.9727
1770392203.9377 0.0400 -0.0259 0.9685
1770392203.9501 0.0322 -0.0278 0.9731
1770392203.9623 0.0337 -0.0295 0.9731
1770392203.9736 0.0334 -0.0303 0.9731
1770392203.9860 0.0349 -0.0256 0.9753
1770392203.9974 0.0322 -0.0330 0.9680
1770392204.0096 0.0347 -0.0281 0.9690
1770392204.0219 0.0330 -0.0291 0.9717
1770392204.0342 0.0334 -0.0271 0.9683
1770392204.0453 0.0315 -0.0293 0.9709
1770392204.0576 0.0349 -0.0281 0.9709
1770392204.0700 0.0315 -0.0278 0.9700
1770392204.0822 0.0322 -0.0281 0.9724
1770392204.0934 0.0352 -0.0266 0.9741
1770392204.1056 0.0347 -0.0315 0.9746
1770392204.1180 0.0364 -0.0288 0.9768
1770392204.1302 0.0317 -0.0293 0.9766
1770392204.1414 0.0332 -0.0298 0.9712
1770392204.1538 0.0327 -0.0281 0.9749
1770392204.1661 0.0327 -0.0295 0.9773
1770392204.1780 0.0352 -0.0281 0.9692
1770392204.1893 0.0312 -0.0256 0.9773
1770392204.2015 0.0330 -0.0320 0.9744
1770392204.2142 0.0339 -0.0298 0.9749
1770392204.2257 0.0332 -0.0308 0.9722
1770392204.2380 0.0312 -0.0259 0.9724
1770392204.2503 0.0334 -0.0273 0.9702
1770392204.2616 0.0359 -0.0310 0.9734
1770392204.2742 0.0364 -0.0320 0.9712
1770392204.2857 0.0327 -0.0288 0.9717
1770392204.2981 0.0312 -0.0269 0.9707
1770392204.3095 0.0352 -0.0273 0.9792
1770392204.3216 0.0298 -0.0271 0.9709
1770392204.3341 0.0352 -0.0283 0.9753
1770392204.3463 0.0364 -0.0278 0.9678
1770392204.3575 0.0332 -0.0276 0.9741
1770392204.3697 0.0342 -0.0298 0.9680
1770392204.3819 0.0349 -0.0281 0.9792
1770392204.3935 0.0330 -0.0303 0.9758
1770392204.4061 0.0339 -0.0300 0.9702
1770392204.4175 0.0295 -0.0303 0.9731
1770392204.4304 0.0315 -0.0254 0.9714
1770392204.4417 0.0308 -0.0288 0.9707
1770392204.4539 0.0312 -0.0298 0.9722
1770392204.4667 0.0354 -0.0342 0.9705
1770392204.4781 0.0344 -0.0251 0.9695
1770392204.4894 0.0317 -0.0283 0.9788
1770392204.5017 0.0317 -0.0278 0.9719
1770392204.5139 0.0371 -0.0283 0.9714
1770392204.5255 0.0374 -0.0293 0.9768
1770392204.5383 0.0354 -0.0305 0.9744
1770392204.5503 0.0325 -0.0251 0.9695
1770392204.5620 0.0347 -0.0259 0.9724
1770392204.5737 0.0332 -0.0286 0.9697
1770392204.5864 0.0366 -0.0278 0.9746
1770392204.5981 0.0376 -0.0310 0.9761
1770392204.6101 0.0334 -0.0332 0.9683
1770392204.6220 0.0315 -0.0242 0.9680
1770392204.6339 0.0339 -0.0271 0.9724
1770392204.6460 0.0330 -0.0291 0.9761
1770392204.6581 0.0361 -0.0288 0.9746
1770392204.6702 0.0352 -0.0269 0.9727
1770392204.6823 0.0337 -0.0305 0.9712
1770392204.6943 0.0344 -0.0286 0.9680
1770392204.7063 0.0344 -0.0264 0.9719
1770392204.7175 0.0356 -0.0266 0.9702
1770392204.7295 0.0325 -0.0305 0.9788
1770392204.7416 0.0288 -0.0286 0.9724
1770392204.7536 0.0327 -0.0256 0.9749
1770392204.7657 0.0327 -0.0291 0.9692
1770392204.7780 0.0356 -0.0269 0.9756
1770392204.7902 0.0339 -0.0298 0.9729
1770392204.8024 0.0356 -0.0278 0.9683
1770392204.8134 0.0347 -0.0298 0.9707
1770392204.8255 0.0332 -0.0266 0.9727
1770392204.8377 0.0281 -0.0264 0.9673
1770392204.8498 0.0337 -0.0308 0.9768
1770392204.8618 0.0337 -0.0281 0.9709
1770392204.8739 0.0325 -0.0264 0.9792
1770392204.8859 0.0359 -0.0259 0.9727
1770392204.8979 0.0303 -0.0271 0.9736
1770392204.9099 0.0322 -0.0283 0.9697
1770392204.9218 0.0330 -0.0273 0.9753
1770392204.9338 0.0342 -0.0273 0.9683
1770392204.9458 0.0347 -0.0305 0.9695
1770392204.9579 0.0330 -0.0266 0.9700
1770392204.9699 0.0332 -0.0317 0.9688
1770392204.9820 0.0330 -0.0320 0.9690
1770392204.9941 0.0327 -0.0276 0.9724
1770392205.0062 0.0342 -0.0281 0.9736
1770392205.0176 0.0349 -0.0261 0.9685
1770392205.0296 0.0295 -0.0293 0.9719
1770392205.0417 0.0322 -0.0278 0.9729
1770392205.0537 0.0369 -0.0259 0.9685
1770392205.0657 0.0349 -0.0293 0.9761
1770392205.0778 0.0342 -0.0320 0.9663
1770392205.0897 0.0315 -0.0303 0.9744
1770392205.1018 0.0303 -0.0288 0.9746
1770392205.1138 0.0303 -0.0278 0.9712
1770392205.1261 0.0312 -0.0298 0.9673
1770392205.1381 0.0327 -0.0249 0.9700
1770392205.1501 0.0344 -0.0291 0.9678
1770392205.1621 0.0303 -0.0271 0.9685
1770392205.1751 0.0354 -0.0247 0.9753
1770392205.1863 0.0337 -0.0261 0.9763
1770392205.1983 0.0320 -0.0295 0.9722
1770392205.2105 0.0305 -0.0310 0.9722
1770392205.2225 0.0330 -0.0261 0.9675
1770392205.2344 0.0361 -0.0303 0.9673
1770392205.2466 0.0327 -0.0259 0.9719
1770392205.2576 0.0344 -0.0291 0.9749
1770392205.2696 0.0330 -0.0283 0.9692
1770392205.2817 0.0322 -0.0298 0.9683
1770392205.2937 0.0334 -0.0315 0.9734
1770392205.3058 0.0305 -0.0327 0.9688
1770392205.3178 0.0349 -0.0278 0.9675
1770392205.3297 0.0347 -0.0310 0.9744
1770392205.3418 0.0344 -0.0288 0.9717
1770392205.3538 0.0364 -0.0283 0.9749
1770392205.3658 0.0359 -0.0264 0.9773
1770392205.3781 0.0369 -0.0281 0.9727
1770392205.3905 0.0303 -0.0278 0.9712
1770392205.4023 0.0371 -0.0293 0.9756
1770392205.4136 0.0320 -0.0310 0.9709
1770392205.4257 0.0332 -0.0291 0.9714
1770392205.4382 0.0344 -0.0281 0.9690
1770392205.4506 0.0339 -0.0283 0.9695
1770392205.4626 0.0322 -0.0276 0.9705
1770392205.4745 0.0359 -0.0264 0.9707
1770392205.4856 0.0332 -0.0283 0.9773
1770392205.4977 0.0334 -0.0295 0.9739
1770392205.5097 0.0308 -0.0291 0.9685
1770392205.5217 0.0310 -0.0300 0.9709
1770392205.5339 0.0330 -0.0283 0.9724
1770392205.5458 0.0352 -0.0283 0.9700
1770392205.5579 0.0327 -0.0266 0.9678
1770392205.5699 0.0295 -0.0288 0.9753
1770392205.5822 0.0349 -0.0298 0.9690
1770392205.5942 0.0317 -0.0308 0.9714
1770392205.6063 0.0347 -0.0281 0.9756
1770392205.6183 0.0327 -0.0308 0.9751
1770392205.6303 0.0352 -0.0276 0.9666
1770392205.6423 0.0315 -0.0308 0.9722
1770392205.6544 0.0334 -0.0281 0.9746
1770392205.6664 0.0312 -0.0320 0.9705
1770392205.6786 0.0344 -0.0261 0.9763
1770392205.6905 0.0356 -0.0244 0.9712
1770392205.7016 0.0322 -0.0254 0.9724
1770392205.7136 0.0334 -0.0283 0.9785
1770392205.7256 0.0347 -0.0276 0.9688
1770392205.7387 0.0327 -0.0291 0.9731
1770392205.7497 0.0330 -0.0288 0.9739
1770392205.7618 0.0347 -0.0254 0.9724
1770392205.7743 0.0337 -0.0298 0.9670
1770392205.7860 0.0310 -0.0288 0.9697
1770392205.7986 0.0332 -0.0327 0.9683
1770392205.8106 0.0293 -0.0271 0.9739
1770392205.8216 0.0322 -0.0298 0.9719
1770392205.8347 0.0364 -0.0291 0.9734
1770392205.8457 0.0347 -0.0293 0.9790
1770392205.8578 0.0366 -0.0295 0.9746
1770392205.8698 0.0330 -0.0269 0.9807
1770392205.8819 0.0359 -0.0310 0.9700
1770392205.8939 0.0371 -0.0254 0.9714
1770392205.9058 0.0342 -0.0298 0.9768
1770392205.9181 0.0300 -0.0288 0.9712
1770392205.9300 0.0371 -0.0291 0.9753
1770392205.9421 0.0337 -0.0312 0.9712
1770392205.9542 0.0330 -0.0300 0.9768
1770392205.9663 0.0322 -0.0288 0.9700
1770392205.9787 0.0339 -0.0325 0.9702
1770392205.9902 0.0308 -0.0295 0.9712
1770392206.0023 0.0344 -0.0278 0.9751
1770392206.0144 0.0342 -0.0320 0.9727
1770392206.0263 0.0334 -0.0273 0.9717
1770392206.0385 0.0386 -0.0261 0.9712
1770392206.0505 0.0315 -0.0303 0.9678
1770392206.0617 0.0300 -0.0320 0.9741
1770392206.0747 0.0334 -0.0291 0.9739
1770392206.0858 0.0337 -0.0303 0.9668
1770392206.0980 0.0344 -0.0295 0.9724
1770392206.1100 0.0359 -0.0298 0.9731
1770392206.1220 0.0369 -0.0278 0.9705
1770392206.1340 0.0320 -0.0303 0.9717
1770392206.1460 0.0342 -0.0327 0.9709
1770392206.1581 0.0332 -0.0317 0.9729
1770392206.1702 0.0337 -0.0291 0.9734
1770392206.1825 0.0317 -0.0259 0.9761
1770392206.1947 0.0312 -0.0308 0.9729
1770392206.2058 0.0295 -0.0312 0.9695
1770392206.2181 0.0337 -0.0300 0.9685
1770392206.2307 0.0317 -0.0305 0.9768
1770392206.2418 0.0325 -0.0259 0.9741
1770392206.2538 0.0322 -0.0283 0.9702
1770392206.2658 0.0322 -0.0256 0.9705
1770392206.2781 0.0366 -0.0281 0.9758
1770392206.2900 0.0361 -0.0286 0.9727
1770392206.3021 0.0354 -0.0273 0.9695
1770392206.3141 0.0293 -0.0281 0.9695
1770392206.3261 0.0352 -0.0295 0.9700
1770392206.3383 0.0308 -0.0315 0.9705
1770392206.3504 0.0339 -0.0308 0.9746
1770392206.3627 0.0312 -0.0266 0.9727
1770392206.3737 0.0317 -0.0283 0.9719
1770392206.3858 0.0322 -0.0310 0.9749
1770392206.3981 0.0320 -0.0300 0.9785
1770392206.4102 0.0317 -0.0293 0.9707
1770392206.4222 0.0347 -0.0298 0.9692
1770392206.4341 0.0342 -0.0244 0.9690
1770392206.4461 0.0312 -0.0310 0.9700
1770392206.4582 0.0339 -0.0317 0.9722
1770392206.4702 0.0312 -0.0303 0.9729
1770392206.4821 0.0325 -0.0271 0.9690
1770392206.4943 0.0322 -0.0269 0.9707
1770392206.5063 0.0364 -0.0264 0.9683
1770392206.5184 0.0352 -0.0278 0.9670
1770392206.5304 0.0334 -0.0315 0.9680
1770392206.5425 0.0312 -0.0303 0.9736
1770392206.5545 0.0371 -0.0286 0.9683
1770392206.5665 0.0337 -0.0249 0.9707
1770392206.5787 0.0327 -0.0276 0.9766
1770392206.5908 0.0332 -0.0315 0.9700
1770392206.6029 0.0376 -0.0305 0.9717
1770392206.6148 0.0347 -0.0330 0.9719
1770392206.6263 0.0320 -0.0300 0.9666
1770392206.6379 0.0374 -0.0303 0.9736
1770392206.6500 0.0344 -0.0291 0.9722
1770392206.6623 0.0327 -0.0303 0.9722
1770392206.6742 0.0352 -0.0242 0.9707
1770392206.6863 0.0352 -0.0259 0.9734
1770392206.6984 0.0347 -0.0278 0.9731
1770392206.7104 0.0327 -0.0310 0.9753
1770392206.7223 0.0354 -0.0320 0.9744
1770392206.7344 0.0364 -0.0327 0.9731
1770392206.7464 0.0354 -0.0281 0.9705
1770392206.7585 0.0349 -0.0320 0.9707
1770392206.7704 0.0325 -0.0293 0.9736
1770392206.7829 0.0310 -0.0278 0.9712
1770392206.7940 0.0339 -0.0303 0.9739
1770392206.8062 0.0352 -0.0254 0.9749
1770392206.8186 0.0305 -0.0293 0.9700
1770392206.8307 0.0332 -0.0266 0.9680
1770392206.8428 0.0332 -0.0271 0.9734
1770392206.8540 0.0315 -0.0293 0.9692
1770392206.8659 0.0317 -0.0293 0.9714
1770392206.8793 0.0288 -0.0259 0.9766
1770392206.8903 0.0325 -0.0276 0.9749
1770392206.9023 0.0325 -0.0291 0.9714
1770392206.9143 0.0378 -0.0261 0.9690
1770392206.9264 0.0369 -0.0295 0.9700
1770392206.9384 0.0332 -0.0291 0.9751
1770392206.9503 0.0364 -0.0259 0.9712
1770392206.9623 0.0339 -0.0283 0.9663
1770392206.9744 0.0334 -0.0273 0.9724
1770392206.9865 0.0327 -0.0298 0.9722
1770392206.9986 0.0300 -0.0320 0.9731
1770392207.0106 0.0303 -0.0310 0.9697
1770392207.0226 0.0339 -0.0271 0.9814
1770392207.0346 0.0347 -0.0308 0.9719
1770392207.0466 0.0342 -0.0273 0.9707
1770392207.0587 0.0347 -0.0259 0.9719
1770392207.0707 0.0364 -0.0283 0.9695
1770392207.0826 0.0308 -0.0281 0.9709
1770392207.0947 0.0354 -0.0281 0.9714
1770392207.1067 0.0352 -0.0283 0.9656
1770392207.1188 0.0330 -0.0312 0.9707
1770392207.1307 0.0344 -0.0298 0.9714
1770392207.1426 0.0334 -0.0315 0.9714
1770392207.1547 0.0330 -0.0286 0.9707
1770392207.1667 0.0310 -0.0281 0.9731
1770392207.1790 0.0310 -0.0281 0.9751
1770392207.1901 0.0320 -0.0283 0.9741
1770392207.2021 0.0317 -0.0254 0.9692
1770392207.2141 0.0344 -0.0254 0.9766
1770392207.2261 0.0317 -0.0291 0.9697
1770392207.2382 0.0322 -0.0286 0.9712
1770392207.2502 0.0334 -0.0286 0.9714
1770392207.2623 0.0344 -0.0298 0.9761
1770392207.2744 0.0332 -0.0295 0.9709
1770392207.2864 0.0342 -0.0283 0.9731
1770392207.2986 0.0308 -0.0251 0.9688
1770392207.3107 0.0334 -0.0247 0.9722
1770392207.3226 0.0349 -0.0251 0.9746
1770392207.3347 0.0281 -0.0337 0.9702
1770392207.3467 0.0347 -0.0281 0.9766
1770392207.3589 0.0347 -0.0293 0.9717
1770392207.3710 0.0325 -0.0315 0.9780
1770392207.3824 0.0339 -0.0283 0.9719
1770392207.3945 0.0300 -0.0305 0.9756
1770392207.4065 0.0361 -0.0288 0.9758
1770392207.4186 0.0281 -0.0291 0.9717
1770392207.4306 0.0315 -0.0325 0.9734
1770392207.4425 0.0344 -0.0300 0.9692
1770392207.4547 0.0332 -0.0269 0.9753
1770392207.4666 0.0378 -0.0322 0.9734
1770392207.4787 0.0347 -0.0288 0.9746
1770392207.4908 0.0361 -0.0310 0.9741
1770392207.5027 0.0339 -0.0325 0.9731
1770392207.5148 0.0293 -0.0286 0.9741
1770392207.5268 0.0354 -0.0276 0.9707
1770392207.5389 0.0364 -0.0293 0.9758
1770392207.5510 0.0320 -0.0278 0.9719
1770392207.5620 0.0327 -0.0251 0.9692
1770392207.5744 0.0378 -0.0298 0.9622
1770392207.5865 0.0310 -0.0281 0.9739
1770392207.5986 0.0325 -0.0276 0.9727
1770392207.6105 0.0342 -0.0300 0.9773
1770392207.6226 0.0293 -0.0261 0.9753
1770392207.6346 0.0349 -0.0303 0.9729
1770392207.6466 0.0349 -0.0288 0.9695
1770392207.6586 0.0344 -0.0242 0.9631
1770392207.6707 0.0361 -0.0332 0.9773
1770392207.6827 0.0330 -0.0261 0.9709
1770392207.6948 0.0312 -0.0269 0.9766
1770392207.7067 0.0310 -0.0308 0.9751
1770392207.7188 0.0310 -0.0264 0.9739
1770392207.7308 0.0349 -0.0281 0.9749
1770392207.7428 0.0300 -0.0295 0.9707
1770392207.7548 0.0330 -0.0259 0.9717
1770392207.7668 0.0298 -0.0298 0.9751
1770392207.7790 0.0300 -0.0286 0.9712
1770392207.7912 0.0344 -0.0308 0.9756
1770392207.8031 0.0366 -0.0254 0.9700
1770392207.8152 0.0293 -0.0315 0.9753
1770392207.8270 0.0334 -0.0256 0.9712
1770392207.8391 0.0356 -0.0308 0.9780
1770392207.8511 0.0317 -0.0317 0.9731
1770392207.8631 0.0356 -0.0310 0.9717
1770392207.8751 0.0322 -0.0256 0.9717
1770392207.8871 0.0317 -0.0312 0.9744
1770392207.8991 0.0291 -0.0305 0.9724
1770392207.9112 0.0322 -0.0308 0.9734
1770392207.9232 0.0359 -0.0273 0.9756
1770392207.9352 0.0327 -0.0295 0.9741
1770392207.9472 0.0337 -0.0276 0.9705
1770392207.9594 0.0339 -0.0283 0.9666
1770392207.9713 0.0327 -0.0300 0.9763
1770392207.9835 0.0371 -0.0278 0.9761
1770392207.9955 0.0295 -0.0269 0.9758
1770392208.0076 0.0364 -0.0269 0.9700
1770392208.0196 0.0322 -0.0266 0.9709
1770392208.0316 0.0317 -0.0291 0.9685
1770392208.0437 0.0356 -0.0295 0.9690
1770392208.0549 0.0291 -0.0286 0.9771
1770392208.0679 0.0310 -0.0298 0.9783
1770392208.0800 0.0310 -0.0259 0.9678
1770392208.0909 0.0317 -0.0330 0.9763
1770392208.1040 0.0303 -0.0305 0.9731
1770392208.1149 0.0303 -0.0278 0.9702
1770392208.1270 0.0310 -0.0283 0.9751
1770392208.1401 0.0376 -0.0291 0.9683
1770392208.1510 0.0361 -0.0269 0.9724
1770392208.1629 0.0332 -0.0266 0.9692
1770392208.1752 0.0337 -0.0276 0.9688
1770392208.1873 0.0354 -0.0317 0.9717
1770392208.1997 0.0344 -0.0281 0.9780
1770392208.2114 0.0305 -0.0264 0.9751
1770392208.2234 0.0354 -0.0317 0.9695
1770392208.2354 0.0332 -0.0288 0.9724
1770392208.2475 0.0361 -0.0288 0.9790
1770392208.2594 0.0398 -0.0256 0.9663
1770392208.2714 0.0371 -0.0305 0.9749
1770392208.2834 0.0334 -0.0293 0.9753
1770392208.2957 0.0330 -0.0276 0.9712
1770392208.3071 0.0356 -0.0312 0.9766
1770392208.3192 0.0332 -0.0295 0.9724
1770392208.3314 0.0337 -0.0234 0.9685
1770392208.3434 0.0320 -0.0281 0.9714
1770392208.3555 0.0361 -0.0271 0.9714
1770392208.3674 0.0317 -0.0242 0.9678
1770392208.3793 0.0364 -0.0273 0.9707
1770392208.3918 0.0312 -0.0271 0.9719
1770392208.4037 0.0359 -0.0266 0.9756
1770392208.4158 0.0344 -0.0264 0.9717
1770392208.4277 0.0361 -0.0327 0.9707
1770392208.4397 0.0327 -0.0251 0.9758
1770392208.4518 0.0369 -0.0261 0.9722
1770392208.4638 0.0327 -0.0295 0.9722
1770392208.4758 0.0327 -0.0276 0.9729
1770392208.4879 0.0354 -0.0264 0.9768
1770392208.4999 0.0369 -0.0286 0.9646
1770392208.5111 0.0312 -0.0300 0.9700
1770392208.5230 0.0359 -0.0254 0.9751
1770392208.5351 0.0352 -0.0276 0.9695
1770392208.5470 0.0327 -0.0273 0.9714
1770392208.5592 0.0349 -0.0295 0.9734
1770392208.5712 0.0339 -0.0317 0.9724
1770392208.5835 0.0308 -0.0310 0.9729
1770392208.5955 0.0320 -0.0305 0.9758
1770392208.6075 0.0332 -0.0312 0.9736
1770392208.6195 0.0317 -0.0308 0.9724
1770392208.6316 0.0295 -0.0295 0.9756
1770392208.6435 0.0359 -0.0295 0.9734
1770392208.6555 0.0334 -0.0295 0.9727
1770392208.6689 0.0383 -0.0286 0.9753
1770392208.6801 0.0317 -0.0298 0.9746
1770392208.6912 0.0317 -0.0254 0.9697
1770392208.7036 0.0378 -0.0310 0.9680
1770392208.7158 0.0354 -0.0283 0.9714
1770392208.7278 0.0339 -0.0273 0.9790
1770392208.7398 0.0330 -0.0264 0.9702
1770392208.7519 0.0354 -0.0305 0.9751
1770392208.7632 0.0366 -0.0291 0.9739
1770392208.7753 0.0325 -0.0269 0.9744
1770392208.7874 0.0317 -0.0291 0.9707
1770392208.7995 0.0320 -0.0291 0.9712
1770392208.8115 0.0320 -0.0288 0.9736
1770392208.8234 0.0352 -0.0310 0.9712
1770392208.8355 0.0337 -0.0310 0.9724
1770392208.8475 0.0337 -0.0273 0.9658
1770392208.8594 0.0344 -0.0271 0.9714
1770392208.8715 0.0325 -0.0291 0.9778
1770392208.8835 0.0300 -0.0303 0.9739
1770392208.8959 0.0276 -0.0247 0.9709
1770392208.9078 0.0347 -0.0264 0.9722
1770392208.9198 0.0349 -0.0303 0.9741
1770392208.9318 0.0349 -0.0298 0.9717
1770392208.9440 0.0347 -0.0283 0.9731
1770392208.9560 0.0359 -0.0300 0.9741
1770392208.9671 0.0356 -0.0269 0.9705
1770392208.9793 0.0337 -0.0303 0.9678
1770392208.9919 0.0320 -0.0249 0.9734
1770392209.0040 0.0359 -0.0300 0.9756
1770392209.0160 0.0344 -0.0310 0.9712
1770392209.0279 0.0332 -0.0332 0.9756
1770392209.0399 0.0352 -0.0308 0.9705
1770392209.0521 0.0366 -0.0264 0.9702
1770392209.0641 0.0332 -0.0295 0.9709
1770392209.0752 0.0315 -0.0269 0.9722
1770392209.0872 0.0325 -0.0317 0.9692
1770392209.1002 0.0376 -0.0291 0.9763
1770392209.1112 0.0310 -0.0264 0.9727
1770392209.1231 0.0339 -0.0308 0.9700
1770392209.1351 0.0303 -0.0322 0.9688
1770392209.1471 0.0378 -0.0300 0.9736
1770392209.1601 0.0342 -0.0273 0.9734
1770392209.1712 0.0334 -0.0295 0.9788
1770392209.1834 0.0303 -0.0298 0.9673
1770392209.1953 0.0327 -0.0273 0.9736
1770392209.2074 0.0332 -0.0298 0.9751
1770392209.2197 0.0327 -0.0251 0.9719
1770392209.2318 0.0339 -0.0288 0.9727
1770392209.2438 0.0347 -0.0256 0.9717
1770392209.2557 0.0308 -0.0305 0.9749
1770392209.2677 0.0327 -0.0281 0.9756
1770392209.2799 0.0361 -0.0300 0.9797
1770392209.2921 0.0330 -0.0271 0.9670
1770392209.3034 0.0325 -0.0286 0.9719
1770392209.3154 0.0359 -0.0288 0.9778
1770392209.3275 0.0337 -0.0291 0.9739
1770392209.3394 0.0334 -0.0273 0.9746
1770392209.3516 0.0325 -0.0281 0.9717
1770392209.3637 0.0344 -0.0298 0.9695
1770392209.3757 0.0332 -0.0288 0.9688
1770392209.3878 0.0349 -0.0278 0.9709
1770392209.3998 0.0291 -0.0337 0.9717
1770392209.4119 0.0354 -0.0305 0.9753
1770392209.4238 0.0325 -0.0276 0.9670
1770392209.4358 0.0347 -0.0266 0.9717
1770392209.4480 0.0308 -0.0286 0.9739
1770392209.4599 0.0339 -0.0288 0.9749
1770392209.4720 0.0320 -0.0310 0.9702
1770392209.4839 0.0339 -0.0271 0.9775
1770392209.4960 0.0337 -0.0291 0.9731
1770392209.5080 0.0325 -0.0259 0.9680
1770392209.5200 0.0334 -0.0332 0.9739
1770392209.5321 0.0337 -0.0273 0.9724
1770392209.5443 0.0315 -0.0300 0.9736
1770392209.5562 0.0344 -0.0288 0.9749
1770392209.5681 0.0308 -0.0276 0.9724
1770392209.5803 0.0322 -0.0276 0.9714
1770392209.5914 0.0330 -0.0303 0.9741
1770392209.6034 0.0339 -0.0286 0.9766
1770392209.6154 0.0344 -0.0300 0.9746
1770392209.6276 0.0320 -0.0283 0.9692
1770392209.6399 0.0334 -0.0266 0.9763
1770392209.6522 0.0295 -0.0256 0.9739
1770392209.6634 0.0369 -0.0310 0.9717
1770392209.6758 0.0344 -0.0288 0.9717
1770392209.6874 0.0352 -0.0269 0.9749
1770392209.6996 0.0344 -0.0269 0.9744
1770392209.7122 0.0312 -0.0310 0.9749
1770392209.7244 0.0381 -0.0325 0.9719
1770392209.7357 0.0359 -0.0308 0.9731
1770392209.7481 0.0308 -0.0271 0.9729
1770392209.7595 0.0298 -0.0281 0.9731
1770392209.7720 0.0342 -0.0298 0.9734
1770392209.7835 0.0356 -0.0264 0.9734
1770392209.7957 0.0347 -0.0271 0.9758
1770392209.8081 0.0315 -0.0315 0.9719
1770392209.8203 0.0359 -0.0322 0.9763
1770392209.8316 0.0349 -0.0315 0.9683
1770392209.8439 0.0334 -0.0293 0.9683
1770392209.8562 0.0369 -0.0288 0.9741
1770392209.8683 0.0327 -0.0269 0.9763
1770392209.8796 0.0305 -0.0317 0.9700
1770392209.8919 0.0337 -0.0305 0.9697
1770392209.9042 0.0310 -0.0317 0.9690
1770392209.9155 0.0342 -0.0271 0.9692
1770392209.9280 0.0388 -0.0271 0.9758
1770392209.9403 0.0293 -0.0308 0.9700
1770392209.9519 0.0366 -0.0310 0.9768
1770392209.9642 0.0364 -0.0298 0.9739
1770392209.9769 0.0337 -0.0261 0.9727
1770392209.9883 0.0342 -0.0269 0.9697
1770392209.9995 0.0317 -0.0271 0.9739
1770392210.0118 0.0295 -0.0295 0.9680
1770392210.0241 0.0322 -0.0298 0.9675
1770392210.0364 0.0332 -0.0286 0.9688
1770392210.0477 0.0325 -0.0273 0.9792
1770392210.0598 0.0305 -0.0312 0.9766
1770392210.0721 0.0332 -0.0291 0.9790
1770392210.0843 0.0320 -0.0315 0.9709
1770392210.0957 0.0347 -0.0273 0.9763
1770392210.1079 0.0344 -0.0288 0.9719
1770392210.1201 0.0342 -0.0283 0.9714
1770392210.1324 0.0325 -0.0327 0.9739
1770392210.1437 0.0334 -0.0334 0.9734
1770392210.1560 0.0330 -0.0273 0.9741
1770392210.1684 0.0352 -0.0261 0.9717
1770392210.1797 0.0356 -0.0273 0.9673
1770392210.1922 0.0388 -0.0288 0.9695
1770392210.2034 0.0322 -0.0293 0.9709
1770392210.2157 0.0322 -0.0288 0.9680
1770392210.2279 0.0339 -0.0310 0.9722
1770392210.2402 0.0337 -0.0271 0.9709
1770392210.2524 0.0339 -0.0278 0.9731
1770392210.2638 0.0288 -0.0266 0.9690
1770392210.2760 0.0337 -0.0303 0.9666
1770392210.2884 0.0344 -0.0286 0.9780
1770392210.2995 0.0334 -0.0273 0.9766
1770392210.3118 0.0337 -0.0281 0.9719
1770392210.3241 0.0322 -0.0276 0.9724
1770392210.3354 0.0320 -0.0288 0.9753
1770392210.3478 0.0354 -0.0286 0.9758
1770392210.3601 0.0312 -0.0261 0.9722
1770392210.3715 0.0317 -0.0303 0.9775
1770392210.3839 0.0295 -0.0291 0.9734
1770392210.3962 0.0334 -0.0271 0.9758
1770392210.4075 0.0337 -0.0264 0.9709
1770392210.4197 0.0364 -0.0273 0.9746
1770392210.4321 0.0330 -0.0261 0.9744
1770392210.4434 0.0303 -0.0308 0.9756
1770392210.4558 0.0354 -0.0269 0.9714
1770392210.4681 0.0325 -0.0286 0.9675
1770392210.4805 0.0349 -0.0256 0.9758
1770392210.4919 0.0347 -0.0283 0.9714
1770392210.5042 0.0315 -0.0276 0.9788
1770392210.5163 0.0352 -0.0315 0.9661
1770392210.5275 0.0332 -0.0288 0.9709
1770392210.5399 0.0337 -0.0269 0.9761
1770392210.5523 0.0332 -0.0251 0.9683
1770392210.5635 0.0369 -0.0278 0.9734
1770392210.5759 0.0317 -0.0254 0.9736
1770392210.5884 0.0339 -0.0251 0.9685
1770392210.6000 0.0298 -0.0293 0.9668
1770392210.6114 0.0349 -0.0256 0.9692
1770392210.6237 0.0342 -0.0291 0.9626
1770392210.6362 0.0339 -0.0281 0.9746
1770392210.6476 0.0325 -0.0283 0.9719
1770392210.6600 0.0337 -0.0291 0.9658
1770392210.6723 0.0315 -0.0305 0.9731
1770392210.6835 0.0347 -0.0264 0.9722
1770392210.6958 0.0330 -0.0264 0.9705
1770392210.7079 0.0332 -0.0288 0.9707
1770392210.7197 0.0337 -0.0288 0.9731
1770392210.7322 0.0332 -0.0303 0.9661
1770392210.7435 0.0325 -0.0291 0.9746
1770392210.7562 0.0332 -0.0288 0.9790
1770392210.7679 0.0322 -0.0271 0.9717
1770392210.7798 0.0334 -0.0303 0.9714
1770392210.7923 0.0327 -0.0264 0.9709
1770392210.8040 0.0352 -0.0300 0.9761
1770392210.8165 0.0371 -0.0269 0.9729
1770392210.8276 0.0354 -0.0298 0.9746
1770392210.8400 0.0315 -0.0293 0.9690
1770392210.8515 0.0300 -0.0320 0.9683
1770392210.8639 0.0317 -0.0271 0.9753
1770392210.8760 0.0334 -0.0308 0.9709
1770392210.8881 0.0337 -0.0278 0.9717
1770392210.9004 0.0366 -0.0300 0.9734
1770392210.9116 0.0359 -0.0269 0.9744
1770392210.9236 0.0347 -0.0264 0.9758
1770392210.9362 0.0320 -0.0317 0.9714
1770392210.9484 0.0332 -0.0300 0.9722
1770392210.9605 0.0366 -0.0269 0.9734
1770392210.9718 0.0303 -0.0276 0.9744
1770392210.9842 0.0344 -0.0310 0.9709
1770392210.9962 0.0364 -0.0283 0.9731
1770392211.0082 0.0342 -0.0308 0.9724
1770392211.0202 0.0334 -0.0293 0.9692
1770392211.0323 0.0325 -0.0303 0.9766
1770392211.0443 0.0334 -0.0295 0.9709
1770392211.0563 0.0334 -0.0288 0.9695
1770392211.0683 0.0337 -0.0303 0.9690
1770392211.0805 0.0315 -0.0310 0.9741
1770392211.0916 0.0300 -0.0269 0.9746
1770392211.1036 0.0327 -0.0317 0.9731
1770392211.1156 0.0310 -0.0281 0.9729
1770392211.1276 0.0354 -0.0251 0.9763
1770392211.1396 0.0310 -0.0295 0.9739
1770392211.1520 0.0371 -0.0288 0.9741
1770392211.1641 0.0330 -0.0264 0.9714
1770392211.1757 0.0347 -0.0276 0.9744
1770392211.1880 0.0391 -0.0269 0.9773
1770392211.2003 0.0349 -0.0266 0.9746
1770392211.2126 0.0305 -0.0303 0.9702
1770392211.2238 0.0327 -0.0295 0.9670
1770392211.2363 0.0352 -0.0278 0.9712
1770392211.2484 0.0374 -0.0283 0.9685
1770392211.2596 0.0322 -0.0320 0.9722
1770392211.2717 0.0334 -0.0261 0.9739
1770392211.2837 0.0347 -0.0308 0.9736
1770392211.2958 0.0337 -0.0298 0.9690
1770392211.3078 0.0325 -0.0276 0.9746
1770392211.3198 0.0347 -0.0315 0.9719
1770392211.3319 0.0334 -0.0310 0.9761
1770392211.3439 0.0315 -0.0303 0.9731
1770392211.3560 0.0361 -0.0288 0.9727
1770392211.3680 0.0342 -0.0276 0.9705
1770392211.3803 0.0378 -0.0288 0.9744
1770392211.3916 0.0354 -0.0269 0.9663
1770392211.4036 0.0342 -0.0276 0.9756
1770392211.4157 0.0354 -0.0291 0.9722
1770392211.4276 0.0312 -0.0269 0.9761
1770392211.4397 0.0349 -0.0293 0.9727
1770392211.4517 0.0327 -0.0264 0.9707
1770392211.4638 0.0354 -0.0298 0.9731
1770392211.4759 0.0305 -0.0251 0.9678
1770392211.4880 0.0332 -0.0315 0.9739
1770392211.5000 0.0315 -0.0303 0.9744
1770392211.5121 0.0349 -0.0308 0.9695
1770392211.5240 0.0325 -0.0256 0.9727
1770392211.5362 0.0332 -0.0298 0.9714
1770392211.5482 0.0344 -0.0256 0.9746
1770392211.5603 0.0332 -0.0286 0.9705
1770392211.5724 0.0310 -0.0308 0.9719
1770392211.5839 0.0356 -0.0237 0.9714
1770392211.5960 0.0381 -0.0293 0.9741
1770392211.6080 0.0305 -0.0303 0.9753
1770392211.6200 0.0339 -0.0295 0.9739
1770392211.6320 0.0371 -0.0266 0.9702
1770392211.6440 0.0347 -0.0286 0.9717
1770392211.6561 0.0344 -0.0266 0.9734
1770392211.6680 0.0364 -0.0317 0.9773
1770392211.6802 0.0308 -0.0283 0.9678
1770392211.6924 0.0322 -0.0312 0.9709
1770392211.7043 0.0349 -0.0261 0.9709
1770392211.7164 0.0317 -0.0298 0.9709
1770392211.7285 0.0376 -0.0254 0.9690
1770392211.7405 0.0349 -0.0300 0.9656
1770392211.7527 0.0332 -0.0278 0.9719
1770392211.7647 0.0317 -0.0315 0.9712
1770392211.7772 0.0312 -0.0334 0.9744
1770392211.7884 0.0352 -0.0276 0.9692
1770392211.8007 0.0295 -0.0271 0.9707
1770392211.8118 0.0354 -0.0281 0.9773
1770392211.8239 0.0327 -0.0281 0.9731
1770392211.8360 0.0276 -0.0259 0.9702
1770392211.8481 0.0308 -0.0278 0.9744
1770392211.8603 0.0359 -0.0278 0.9719
1770392211.8724 0.0320 -0.0281 0.9746
1770392211.8844 0.0322 -0.0295 0.9668
1770392211.8964 0.0310 -0.0266 0.9709
1770392211.9084 0.0312 -0.0266 0.9751
1770392211.9205 0.0339 -0.0281 0.9705
1770392211.9325 0.0354 -0.0286 0.9753
1770392211.9445 0.0317 -0.0315 0.9685
1770392211.9566 0.0344 -0.0273 0.9678
1770392211.9686 0.0315 -0.0273 0.9751
1770392211.9798 0.0349 -0.0271 0.9746
1770392211.9920 0.0356 -0.0278 0.9756
1770392212.0039 0.0352 -0.0273 0.9695
1770392212.0160 0.0308 -0.0273 0.9719
1770392212.0279 0.0332 -0.0298 0.9722
1770392212.0400 0.0337 -0.0288 0.9736
1770392212.0521 0.0337 -0.0259 0.9724
1770392212.0642 0.0320 -0.0283 0.9727
1770392212.0763 0.0354 -0.0288 0.9758
1770392212.0885 0.0342 -0.0286 0.9749
1770392212.1005 0.0327 -0.0291 0.9709
1770392212.1126 0.0322 -0.0286 0.9719
1770392212.1246 0.0327 -0.0259 0.9709
1770392212.1357 0.0317 -0.0317 0.9739
1770392212.1477 0.0356 -0.0281 0.9736
1770392212.1598 0.0344 -0.0281 0.9683
1770392212.1721 0.0347 -0.0278 0.9719
1770392212.1843 0.0337 -0.0288 0.9727
1770392212.1964 0.0308 -0.0288 0.9744
1770392212.2084 0.0298 -0.0264 0.9697
1770392212.2204 0.0337 -0.0273 0.9673
1770392212.2326 0.0322 -0.0310 0.9700
1770392212.2446 0.0320 -0.0259 0.9724
1770392212.2558 0.0291 -0.0283 0.9724
1770392212.2679 0.0315 -0.0278 0.9736
1770392212.2801 0.0330 -0.0269 0.9724
1770392212.2921 0.0371 -0.0273 0.9744
1770392212.3041 0.0342 -0.0293 0.9717
1770392212.3162 0.0349 -0.0264 0.9717
1770392212.3283 0.0354 -0.0295 0.9746
1770392212.3403 0.0349 -0.0303 0.9751
1770392212.3527 0.0356 -0.0300 0.9734
1770392212.3646 0.0344 -0.0283 0.9705
1770392212.3767 0.0344 -0.0278 0.9683
1770392212.3881 0.0344 -0.0305 0.9785
1770392212.4001 0.0286 -0.0242 0.9688
1770392212.4122 0.0344 -0.0278 0.9709
1770392212.4241 0.0330 -0.0281 0.9705
1770392212.4362 0.0349 -0.0283 0.9717
1770392212.4482 0.0315 -0.0281 0.9717
1770392212.4600 0.0317 -0.0271 0.9700
1770392212.4721 0.0325 -0.0286 0.9709
1770392212.4842 0.0322 -0.0303 0.9690
1770392212.4965 0.0354 -0.0269 0.9719
1770392212.5085 0.0303 -0.0288 0.9646
1770392212.5205 0.0349 -0.0278 0.9724
1770392212.5319 0.0315 -0.0286 0.9758
1770392212.5441 0.0330 -0.0278 0.9749
1770392212.5563 0.0337 -0.0295 0.9758
1770392212.5682 0.0342 -0.0256 0.9717
1770392212.5803 0.0310 -0.0300 0.9744
1770392212.5925 0.0327 -0.0283 0.9705
1770392212.6044 0.0352 -0.0300 0.9763
1770392212.6165 0.0374 -0.0310 0.9790
1770392212.6285 0.0308 -0.0315 0.9702
1770392212.6405 0.0349 -0.0264 0.9734
1770392212.6526 0.0344 -0.0281 0.9675
1770392212.6646 0.0366 -0.0271 0.9734
1770392212.6766 0.0334 -0.0286 0.9734
1770392212.6887 0.0320 -0.0288 0.9783
1770392212.7007 0.0349 -0.0281 0.9702
1770392212.7119 0.0322 -0.0295 0.9675
1770392212.7239 0.0344 -0.0276 0.9714
1770392212.7361 0.0300 -0.0281 0.9702
1770392212.7481 0.0349 -0.0315 0.9697
1770392212.7601 0.0325 -0.0249 0.9700
1770392212.7722 0.0347 -0.0256 0.9751
1770392212.7847 0.0334 -0.0308 0.9712
1770392212.7963 0.0344 -0.0283 0.9692
1770392212.8088 0.0298 -0.0293 0.9727
1770392212.8201 0.0347 -0.0278 0.9758
1770392212.8329 0.0310 -0.0303 0.9731
1770392212.8442 0.0349 -0.0315 0.9753
1770392212.8563 0.0308 -0.0293 0.9758
1770392212.8683 0.0349 -0.0334 0.9727
1770392212.8804 0.0369 -0.0281 0.9714
1770392212.8925 0.0337 -0.0310 0.9749
1770392212.9046 0.0342 -0.0291 0.9741
1770392212.9166 0.0332 -0.0291 0.9729
1770392212.9286 0.0334 -0.0273 0.9695
1770392212.9406 0.0366 -0.0288 0.9709
1770392212.9527 0.0330 -0.0288 0.9702
1770392212.9646 0.0356 -0.0288 0.9709
1770392212.9774 0.0305 -0.0273 0.9736
1770392212.9884 0.0364 -0.0322 0.9775
1770392213.0005 0.0371 -0.0288 0.9670
1770392213.0126 0.0308 -0.0305 0.9739
1770392213.0246 0.0347 -0.0269 0.9712
1770392213.0365 0.0364 -0.0298 0.9751
1770392213.0485 0.0349 -0.0271 0.9702
1770392213.0604 0.0332 -0.0315 0.9775
1770392213.0726 0.0308 -0.0291 0.9700
1770392213.0845 0.0349 -0.0283 0.9680
1770392213.0966 0.0312 -0.0291 0.9744
1770392213.1086 0.0332 -0.0266 0.9707
1770392213.1205 0.0332 -0.0325 0.9744
1770392213.1326 0.0337 -0.0317 0.9736
1770392213.1447 0.0334 -0.0291 0.9719
1770392213.1567 0.0337 -0.0293 0.9692
1770392213.1686 0.0334 -0.0298 0.9722
1770392213.1811 0.0339 -0.0308 0.9702
1770392213.1927 0.0320 -0.0286 0.9834
1770392213.2043 0.0374 -0.0300 0.9741
1770392213.2170 0.0356 -0.0269 0.9675
1770392213.2290 0.0359 -0.0266 0.9692
1770392213.2411 0.0347 -0.0303 0.9702
1770392213.2532 0.0356 -0.0286 0.9805
1770392213.2653 0.0376 -0.0291 0.9722
1770392213.2762 0.0334 -0.0293 0.9744
1770392213.2884 0.0325 -0.0256 0.9800
1770392213.3004 0.0334 -0.0283 0.9736
1770392213.3125 0.0332 -0.0283 0.9697
1770392213.3244 0.0332 -0.0271 0.9727
1770392213.3364 0.0369 -0.0293 0.9722
1770392213.3485 0.0334 -0.0271 0.9663
1770392213.3606 0.0352 -0.0269 0.9714
1770392213.3729 0.0322 -0.0291 0.9756
1770392213.3850 0.0349 -0.0293 0.9683
1770392213.3971 0.0354 -0.0283 0.9729
1770392213.4091 0.0334 -0.0276 0.9709
1770392213.4211 0.0361 -0.0303 0.9719
1770392213.4332 0.0334 -0.0305 0.9695
1770392213.4452 0.0339 -0.0273 0.9731
1770392213.4572 0.0334 -0.0269 0.9663
1770392213.4683 0.0327 -0.0298 0.9700
1770392213.4812 0.0300 -0.0303 0.9783
1770392213.4924 0.0334 -0.0281 0.9712
1770392213.5044 0.0359 -0.0298 0.9722
1770392213.5164 0.0317 -0.0312 0.9734
1770392213.5285 0.0339 -0.0259 0.9697
1770392213.5406 0.0308 -0.0234 0.9709
1770392213.5528 0.0356 -0.0293 0.9727
1770392213.5653 0.0305 -0.0249 0.9727
1770392213.5763 0.0347 -0.0244 0.9707
1770392213.5889 0.0327 -0.0256 0.9736
1770392213.6011 0.0342 -0.0283 0.9756
1770392213.6133 0.0356 -0.0251 0.9724
1770392213.6253 0.0332 -0.0286 0.9746
1770392213.6364 0.0347 -0.0273 0.9739
1770392213.6484 0.0334 -0.0281 0.9739
1770392213.6605 0.0356 -0.0266 0.9651
1770392213.6729 0.0320 -0.0278 0.9688
1770392213.6850 0.0320 -0.0266 0.9731
1770392213.6970 0.0322 -0.0251 0.9724
1770392213.7092 0.0386 -0.0278 0.9714
1770392213.7211 0.0332 -0.0288 0.9736
1770392213.7333 0.0349 -0.0295 0.9697
1770392213.7453 0.0347 -0.0269 0.9741
1770392213.7574 0.0320 -0.0259 0.9722
1770392213.7683 0.0310 -0.0288 0.9768
1770392213.7806 0.0342 -0.0295 0.9722
1770392213.7927 0.0330 -0.0271 0.9744
1770392213.8047 0.0320 -0.0300 0.9751
1770392213.8167 0.0334 -0.0273 0.9722
1770392213.8287 0.0320 -0.0295 0.9727
1770392213.8408 0.0366 -0.0276 0.9695
1770392213.8533 0.0330 -0.0305 0.9739
1770392213.8644 0.0339 -0.0303 0.9727
1770392213.8774 0.0352 -0.0278 0.9692
1770392213.8885 0.0332 -0.0293 0.9739
1770392213.9006 0.0337 -0.0281 0.9705
1770392213.9126 0.0347 -0.0286 0.9692
1770392213.9247 0.0310 -0.0286 0.9746
1770392213.9367 0.0371 -0.0264 0.9673
1770392213.9488 0.0337 -0.0295 0.9702
1770392213.9608 0.0359 -0.0295 0.9709
1770392213.9728 0.0312 -0.0305 0.9707
1770392213.9851 0.0342 -0.0281 0.9707
1770392213.9971 0.0334 -0.0261 0.9651
1770392214.0091 0.0359 -0.0283 0.9668
1770392214.0211 0.0317 -0.0295 0.9753
1770392214.0331 0.0308 -0.0286 0.9790
1770392214.0452 0.0317 -0.0288 0.9697
1770392214.0572 0.0356 -0.0251 0.9773
1770392214.0692 0.0332 -0.0288 0.9734
1770392214.0811 0.0315 -0.0259 0.9670
1770392214.0932 0.0327 -0.0288 0.9724
1770392214.1051 0.0349 -0.0288 0.9697
1770392214.1172 0.0339 -0.0281 0.9758
1770392214.1291 0.0347 -0.0266 0.9746
1770392214.1411 0.0344 -0.0312 0.9729
1770392214.1531 0.0337 -0.0293 0.9700
1770392214.1652 0.0327 -0.0303 0.9761
1770392214.1772 0.0347 -0.0266 0.9678
1770392214.1896 0.0322 -0.0264 0.9753
1770392214.2008 0.0298 -0.0291 0.9832
1770392214.2133 0.0347 -0.0291 0.9739
1770392214.2254 0.0320 -0.0273 0.9768
1770392214.2374 0.0344 -0.0281 0.9741
1770392214.2494 0.0349 -0.0300 0.9736
1770392214.2614 0.0315 -0.0259 0.9692
1770392214.2734 0.0317 -0.0273 0.9727
1770392214.2855 0.0337 -0.0317 0.9741
1770392214.2974 0.0342 -0.0298 0.9673
1770392214.3095 0.0339 -0.0269 0.9741
1770392214.3214 0.0374 -0.0264 0.9712
1770392214.3335 0.0334 -0.0286 0.9666
1770392214.3455 0.0317 -0.0273 0.9727
1770392214.3575 0.0344 -0.0276 0.9753
1770392214.3694 0.0310 -0.0271 0.9707
1770392214.3817 0.0354 -0.0271 0.9695
1770392214.3928 0.0320 -0.0286 0.9734
1770392214.4049 0.0342 -0.0291 0.9739
1770392214.4173 0.0337 -0.0254 0.9709
1770392214.4294 0.0315 -0.0269 0.9712
1770392214.4414 0.0330 -0.0237 0.9758
1770392214.4536 0.0332 -0.0298 0.9719
1770392214.4656 0.0327 -0.0286 0.9683
1770392214.4776 0.0332 -0.0281 0.9749
1770392214.4896 0.0325 -0.0312 0.9756
1770392214.5017 0.0344 -0.0269 0.9729
1770392214.5137 0.0361 -0.0251 0.9678
1770392214.5257 0.0381 -0.0300 0.9712
1770392214.5376 0.0305 -0.0261 0.9751
1770392214.5497 0.0342 -0.0291 0.9724
1770392214.5616 0.0305 -0.0264 0.9724
1770392214.5727 0.0327 -0.0256 0.9685
1770392214.5855 0.0349 -0.0308 0.9688
1770392214.5975 0.0330 -0.0286 0.9729
1770392214.6096 0.0298 -0.0276 0.9797
1770392214.6216 0.0310 -0.0286 0.9775
1770392214.6337 0.0361 -0.0247 0.9705
1770392214.6448 0.0349 -0.0288 0.9731
1770392214.6568 0.0330 -0.0293 0.9705
1770392214.6691 0.0327 -0.0283 0.9746
1770392214.6811 0.0327 -0.0271 0.9780
1770392214.6933 0.0334 -0.0288 0.9712
1770392214.7054 0.0347 -0.0276 0.9753
1770392214.7172 0.0354 -0.0256 0.9697
1770392214.7294 0.0308 -0.0261 0.9739
1770392214.7415 0.0364 -0.0315 0.9702
1770392214.7536 0.0291 -0.0283 0.9741
1770392214.7647 0.0308 -0.0278 0.9749
1770392214.7770 0.0315 -0.0286 0.9714
1770392214.7894 0.0327 -0.0293 0.9731
1770392214.8013 0.0339 -0.0295 0.9712
1770392214.8134 0.0347 -0.0283 0.9727
1770392214.8253 0.0312 -0.0298 0.9707
1770392214.8373 0.0327 -0.0300 0.9722
1770392214.8496 0.0308 -0.0278 0.9717
1770392214.8609 0.0320 -0.0281 0.9719
1770392214.8731 0.0312 -0.0266 0.9670
1770392214.8854 0.0339 -0.0256 0.9729
1770392214.8975 0.0342 -0.0330 0.9724
1770392214.9096 0.0322 -0.0295 0.9707
1770392214.9216 0.0361 -0.0242 0.9741
1770392214.9336 0.0320 -0.0273 0.9688
1770392214.9457 0.0354 -0.0288 0.9719
1770392214.9577 0.0334 -0.0295 0.9714
1770392214.9695 0.0330 -0.0278 0.9753
1770392214.9818 0.0303 -0.0264 0.9714
1770392214.9928 0.0337 -0.0271 0.9695
1770392215.0048 0.0334 -0.0269 0.9771
1770392215.0178 0.0295 -0.0293 0.9673
1770392215.0298 0.0315 -0.0264 0.9729
1770392215.0418 0.0320 -0.0261 0.9700
1770392215.0539 0.0374 -0.0317 0.9700
1770392215.0649 0.0310 -0.0293 0.9744
1770392215.0779 0.0354 -0.0247 0.9729
1770392215.0898 0.0325 -0.0239 0.9690
1770392215.1019 0.0317 -0.0281 0.9734
1770392215.1139 0.0315 -0.0271 0.9712
1770392215.1249 0.0271 -0.0278 0.9683
1770392215.1379 0.0347 -0.0271 0.9768
1770392215.1489 0.0322 -0.0269 0.9763
1770392215.1609 0.0312 -0.0291 0.9727
1770392215.1730 0.0303 -0.0283 0.9734
1770392215.1850 0.0352 -0.0281 0.9731
1770392215.1971 0.0300 -0.0266 0.9766
1770392215.2090 0.0317 -0.0229 0.9746
1770392215.2210 0.0320 -0.0281 0.9685
1770392215.2330 0.0315 -0.0273 0.9705
1770392215.2451 0.0332 -0.0305 0.9717
1770392215.2570 0.0356 -0.0286 0.9688
1770392215.2690 0.0315 -0.0293 0.9680
1770392215.2810 0.0347 -0.0317 0.9741
1770392215.2931 0.0344 -0.0276 0.9700
1770392215.3051 0.0317 -0.0312 0.9714
1770392215.3171 0.0310 -0.0283 0.9744
1770392215.3290 0.0354 -0.0295 0.9736
1770392215.3411 0.0342 -0.0295 0.9758
1770392215.3531 0.0349 -0.0330 0.9724
1770392215.3651 0.0354 -0.0295 0.9714
1770392215.3773 0.0337 -0.0278 0.9690
1770392215.3896 0.0303 -0.0288 0.9780
1770392215.4016 0.0332 -0.0291 0.9702
1770392215.4132 0.0305 -0.0281 0.9739
1770392215.4252 0.0334 -0.0244 0.9751
1770392215.4374 0.0332 -0.0286 0.9719
1770392215.4493 0.0366 -0.0251 0.9736
1770392215.4613 0.0332 -0.0273 0.9746
1770392215.4733 0.0381 -0.0295 0.9670
1770392215.4855 0.0298 -0.0293 0.9697
1770392215.4974 0.0344 -0.0298 0.9773
1770392215.5094 0.0322 -0.0303 0.9722
1770392215.5214 0.0288 -0.0281 0.9673
1770392215.5334 0.0332 -0.0303 0.9697
1770392215.5454 0.0325 -0.0288 0.9700
1770392215.5574 0.0298 -0.0291 0.9724
1770392215.5693 0.0376 -0.0298 0.9705
1770392215.5820 0.0354 -0.0276 0.9668
1770392215.5930 0.0374 -0.0286 0.9692
1770392215.6050 0.0352 -0.0281 0.9719
1770392215.6170 0.0310 -0.0288 0.9709
1770392215.6289 0.0352 -0.0298 0.9675
1770392215.6410 0.0378 -0.0288 0.9739
1770392215.6530 0.0291 -0.0283 0.9697
1770392215.6651 0.0308 -0.0278 0.9727
1770392215.6771 0.0337 -0.0291 0.9744
1770392215.6891 0.0320 -0.0305 0.9771
1770392215.7012 0.0327 -0.0298 0.9741
1770392215.7133 0.0322 -0.0259 0.9746
1770392215.7260 0.0334 -0.0266 0.9705
1770392215.7369 0.0327 -0.0312 0.9736
1770392215.7489 0.0332 -0.0298 0.9744
1770392215.7610 0.0337 -0.0271 0.9771
1770392215.7730 0.0361 -0.0288 0.9697
1770392215.7852 0.0359 -0.0261 0.9753
1770392215.7972 0.0325 -0.0278 0.9678
1770392215.8092 0.0339 -0.0298 0.9744
1770392215.8214 0.0332 -0.0325 0.9727
1770392215.8337 0.0320 -0.0254 0.9741
1770392215.8451 0.0342 -0.0300 0.9717
1770392215.8575 0.0342 -0.0266 0.9702
1770392215.8699 0.0359 -0.0281 0.9719
1770392215.8811 0.0361 -0.0278 0.9678
1770392215.8935 0.0369 -0.0281 0.9688
1770392215.9056 0.0352 -0.0295 0.9697
1770392215.9179 0.0330 -0.0249 0.9705
1770392215.9300 0.0347 -0.0295 0.9758
1770392215.9413 0.0332 -0.0303 0.9722
1770392215.9536 0.0403 -0.0308 0.9751
1770392215.9658 0.0325 -0.0298 0.9717
1770392215.9773 0.0320 -0.0317 0.9753
1770392215.9897 0.0325 -0.0295 0.9661
1770392216.0019 0.0332 -0.0305 0.9731
1770392216.0131 0.0332 -0.0322 0.9773
1770392216.0252 0.0334 -0.0283 0.9719
1770392216.0375 0.0332 -0.0261 0.9731
1770392216.0497 0.0315 -0.0283 0.9729
1770392216.0614 0.0337 -0.0312 0.9712
1770392216.0736 0.0391 -0.0271 0.9727
1770392216.0859 0.0371 -0.0315 0.9785
1770392216.0971 0.0334 -0.0278 0.9717
1770392216.1094 0.0344 -0.0315 0.9700
1770392216.1215 0.0308 -0.0295 0.9761
1770392216.1338 0.0347 -0.0256 0.9756
1770392216.1454 0.0354 -0.0288 0.9697
1770392216.1579 0.0342 -0.0288 0.9683
1770392216.1692 0.0344 -0.0286 0.9678
1770392216.1817 0.0320 -0.0320 0.9729
1770392216.1931 0.0371 -0.0249 0.9744
1770392216.2058 0.0342 -0.0300 0.9705
1770392216.2177 0.0344 -0.0298 0.9734
1770392216.2300 0.0354 -0.0251 0.9744
1770392216.2412 0.0349 -0.0303 0.9658
1770392216.2534 0.0327 -0.0344 0.9697
1770392216.2656 0.0376 -0.0300 0.9690
1770392216.2779 0.0347 -0.0281 0.9751
1770392216.2900 0.0337 -0.0300 0.9678
1770392216.3012 0.0337 -0.0293 0.9702
1770392216.3134 0.0337 -0.0293 0.9736
1770392216.3257 0.0317 -0.0254 0.9719
1770392216.3379 0.0327 -0.0288 0.9697
1770392216.3492 0.0334 -0.0281 0.9705
1770392216.3615 0.0356 -0.0303 0.9734
1770392216.3731 0.0339 -0.0256 0.9668
1770392216.3856 0.0339 -0.0283 0.9749
1770392216.3972 0.0339 -0.0298 0.9771
1770392216.4094 0.0320 -0.0247 0.9724
1770392216.4219 0.0334 -0.0305 0.9749
1770392216.4333 0.0325 -0.0322 0.9756
1770392216.4458 0.0322 -0.0288 0.9714
1770392216.4573 0.0315 -0.0312 0.9749
1770392216.4698 0.0332 -0.0291 0.9734
1770392216.4812 0.0322 -0.0305 0.9758
1770392216.4941 0.0349 -0.0264 0.9734
1770392216.5052 0.0312 -0.0303 0.9697
1770392216.5175 0.0334 -0.0276 0.9717
1770392216.5296 0.0317 -0.0286 0.9771
1770392216.5420 0.0320 -0.0308 0.9746
1770392216.5532 0.0320 -0.0264 0.9761
1770392216.5654 0.0320 -0.0322 0.9731
1770392216.5773 0.0325 -0.0293 0.9758
1770392216.5892 0.0354 -0.0281 0.9780
1770392216.6013 0.0352 -0.0300 0.9722
1770392216.6137 0.0354 -0.0300 0.9700
1770392216.6258 0.0361 -0.0281 0.9729
1770392216.6382 0.0308 -0.0288 0.9688
1770392216.6494 0.0369 -0.0337 0.9736
1770392216.6616 0.0308 -0.0271 0.9724
1770392216.6739 0.0303 -0.0303 0.9731
1770392216.6852 0.0332 -0.0247 0.9719
1770392216.6976 0.0371 -0.0308 0.9724
1770392216.7098 0.0298 -0.0300 0.9729
1770392216.7220 0.0347 -0.0271 0.9670
1770392216.7334 0.0330 -0.0271 0.9751
1770392216.7456 0.0364 -0.0281 0.9749
1770392216.7579 0.0322 -0.0295 0.9707
1770392216.7701 0.0347 -0.0278 0.9792
1770392216.7813 0.0364 -0.0293 0.9705
1770392216.7937 0.0356 -0.0288 0.9685
1770392216.8059 0.0325 -0.0254 0.9778
1770392216.8181 0.0347 -0.0305 0.9707
1770392216.8295 0.0359 -0.0303 0.9695
1770392216.8418 0.0322 -0.0276 0.9695
1770392216.8541 0.0332 -0.0332 0.9692
1770392216.8653 0.0349 -0.0286 0.9673
1770392216.8776 0.0308 -0.0273 0.9717
1770392216.8899 0.0325 -0.0291 0.9673
1770392216.9015 0.0337 -0.0273 0.9712
1770392216.9132 0.0308 -0.0283 0.9714
1770392216.9258 0.0334 -0.0261 0.9719
1770392216.9372 0.0298 -0.0271 0.9717
1770392216.9496 0.0315 -0.0244 0.9731
1770392216.9619 0.0342 -0.0303 0.9685
1770392216.9734 0.0303 -0.0271 0.9712
1770392216.9858 0.0369 -0.0320 0.9714
1770392216.9981 0.0352 -0.0264 0.9731
1770392217.0092 0.0359 -0.0300 0.9768
1770392217.0215 0.0315 -0.0283 0.9744
1770392217.0337 0.0347 -0.0273 0.9761
1770392217.0457 0.0330 -0.0295 0.9751
1770392217.0577 0.0354 -0.0303 0.9705
1770392217.0697 0.0315 -0.0293 0.9688
1770392217.0817 0.0337 -0.0303 0.9727
1770392217.0938 0.0344 -0.0312 0.9714
1770392217.1057 0.0352 -0.0278 0.9766
1770392217.1177 0.0339 -0.0298 0.9756
1770392217.1296 0.0378 -0.0327 0.9724
1770392217.1417 0.0337 -0.0273 0.9724
1770392217.1538 0.0349 -0.0293 0.9724
1770392217.1659 0.0308 -0.0286 0.9695
1770392217.1775 0.0330 -0.0271 0.9771
1770392217.1899 0.0312 -0.0308 0.9685
1770392217.2020 0.0322 -0.0303 0.9705
1770392217.2142 0.0320 -0.0317 0.9678
1770392217.2261 0.0310 -0.0300 0.9749
1770392217.2381 0.0342 -0.0273 0.9744
1770392217.2501 0.0334 -0.0261 0.9727
1770392217.2621 0.0330 -0.0300 0.9739
1770392217.2741 0.0337 -0.0288 0.9763
1770392217.2861 0.0317 -0.0281 0.9712
1770392217.2981 0.0349 -0.0288 0.9712
1770392217.3103 0.0325 -0.0310 0.9709
1770392217.3223 0.0364 -0.0303 0.9756
1770392217.3333 0.0334 -0.0273 0.9744
1770392217.3463 0.0334 -0.0303 0.9702
1770392217.3574 0.0312 -0.0291 0.9668
1770392217.3694 0.0330 -0.0312 0.9761
1770392217.3816 0.0327 -0.0251 0.9705
1770392217.3938 0.0342 -0.0283 0.9663
1770392217.4058 0.0352 -0.0300 0.9741
1770392217.4178 0.0347 -0.0259 0.9666
1770392217.4298 0.0349 -0.0308 0.9712
1770392217.4418 0.0334 -0.0261 0.9722
1770392217.4539 0.0325 -0.0298 0.9683
1770392217.4659 0.0344 -0.0317 0.9692
1770392217.4779 0.0352 -0.0342 0.9688
1770392217.4900 0.0298 -0.0281 0.9675
1770392217.5020 0.0354 -0.0286 0.9709
1770392217.5141 0.0342 -0.0325 0.9734
1770392217.5260 0.0310 -0.0320 0.9717
1770392217.5382 0.0300 -0.0254 0.9724
1770392217.5504 0.0327 -0.0269 0.9702
1770392217.5624 0.0291 -0.0278 0.9709
1770392217.5735 0.0322 -0.0288 0.9766
1770392217.5858 0.0337 -0.0315 0.9695
1770392217.5979 0.0366 -0.0308 0.9688
1770392217.6100 0.0337 -0.0283 0.9758
1770392217.6219 0.0327 -0.0271 0.9717
1770392217.6341 0.0337 -0.0303 0.9707
1770392217.6461 0.0320 -0.0295 0.9712
1770392217.6581 0.0291 -0.0293 0.9753
1770392217.6701 0.0361 -0.0281 0.9729
1770392217.6820 0.0347 -0.0283 0.9702
1770392217.6942 0.0361 -0.0298 0.9690
1770392217.7061 0.0322 -0.0283 0.9729
1770392217.7181 0.0339 -0.0276 0.9678
1770392217.7301 0.0283 -0.0293 0.9753
1770392217.7422 0.0325 -0.0288 0.9683
1770392217.7542 0.0317 -0.0291 0.9697
1770392217.7663 0.0320 -0.0288 0.9700
1770392217.7774 0.0337 -0.0320 0.9688
1770392217.7901 0.0322 -0.0295 0.9802
1770392217.8021 0.0349 -0.0327 0.9734
1770392217.8136 0.0327 -0.0259 0.9744
1770392217.8255 0.0349 -0.0305 0.9700
1770392217.8375 0.0332 -0.0308 0.9675
1770392217.8496 0.0332 -0.0310 0.9824
1770392217.8617 0.0361 -0.0276 0.9724
1770392217.8737 0.0366 -0.0303 0.9731
1770392217.8857 0.0354 -0.0298 0.9731
1770392217.8977 0.0334 -0.0276 0.9646
1770392217.9098 0.0342 -0.0305 0.9761
1770392217.9218 0.0344 -0.0278 0.9751
1770392217.9340 0.0317 -0.0261 0.9727
1770392217.9460 0.0305 -0.0288 0.9709
1770392217.9581 0.0349 -0.0281 0.9695
1770392217.9701 0.0332 -0.0283 0.9709
1770392217.9823 0.0330 -0.0266 0.9736
1770392217.9944 0.0364 -0.0291 0.9751
1770392218.0064 0.0312 -0.0286 0.9773
1770392218.0184 0.0356 -0.0281 0.9719
1770392218.0305 0.0334 -0.0303 0.9685
1770392218.0425 0.0337 -0.0298 0.9724
1770392218.0535 0.0349 -0.0305 0.9731
1770392218.0655 0.0334 -0.0308 0.9692
1770392218.0775 0.0356 -0.0303 0.9739
1770392218.0895 0.0293 -0.0281 0.9797
1770392218.1015 0.0334 -0.0266 0.9751
1770392218.1136 0.0349 -0.0281 0.9731
1770392218.1256 0.0337 -0.0271 0.9714
1770392218.1376 0.0327 -0.0269 0.9734
1770392218.1496 0.0325 -0.0303 0.9685
1770392218.1616 0.0327 -0.0303 0.9724
1770392218.1739 0.0366 -0.0266 0.9780
1770392218.1864 0.0420 -0.0281 0.9678
1770392218.1981 0.0320 -0.0264 0.9722
1770392218.2096 0.0337 -0.0288 0.9697
1770392218.2217 0.0330 -0.0295 0.9751
1770392218.2338 0.0330 -0.0249 0.9712
1770392218.2461 0.0347 -0.0286 0.9749
1770392218.2584 0.0349 -0.0291 0.9734
1770392218.2705 0.0322 -0.0303 0.9697
1770392218.2825 0.0352 -0.0283 0.9702
1770392218.2936 0.0312 -0.0293 0.9690
1770392218.3056 0.0339 -0.0271 0.9741
1770392218.3176 0.0354 -0.0256 0.9717
1770392218.3297 0.0364 -0.0293 0.9749
1770392218.3418 0.0366 -0.0308 0.9761
1770392218.3538 0.0344 -0.0288 0.9741
1770392218.3659 0.0342 -0.0305 0.9724
1770392218.3781 0.0356 -0.0276 0.9690
1770392218.3904 0.0334 -0.0266 0.9727
1770392218.4024 0.0359 -0.0288 0.9739
1770392218.4136 0.0349 -0.0283 0.9680
1770392218.4256 0.0339 -0.0271 0.9751
1770392218.4377 0.0347 -0.0310 0.9673
1770392218.4499 0.0305 -0.0305 0.9644
1770392218.4619 0.0339 -0.0322 0.9761
1770392218.4739 0.0322 -0.0300 0.9709
1770392218.4863 0.0298 -0.0269 0.9722
1770392218.4983 0.0366 -0.0283 0.9741
1770392218.5105 0.0378 -0.0310 0.9763
1770392218.5225 0.0349 -0.0286 0.9709
1770392218.5345 0.0320 -0.0303 0.9744
1770392218.5465 0.0361 -0.0330 0.9685
1770392218.5585 0.0308 -0.0276 0.9792
1770392218.5705 0.0359 -0.0295 0.9761
1770392218.5819 0.0330 -0.0310 0.9768
1770392218.5940 0.0334 -0.0293 0.9758
1770392218.6062 0.0322 -0.0266 0.9724
1770392218.6183 0.0305 -0.0273 0.9763
1770392218.6304 0.0347 -0.0308 0.9722
1770392218.6426 0.0322 -0.0281 0.9709
1770392218.6536 0.0312 -0.0300 0.9690
1770392218.6657 0.0339 -0.0298 0.9683
1770392218.6779 0.0378 -0.0291 0.9670
1770392218.6900 0.0339 -0.0269 0.9648
1770392218.7021 0.0369 -0.0281 0.9734
1770392218.7142 0.0337 -0.0325 0.9751
1770392218.7264 0.0298 -0.0288 0.9763
1770392218.7384 0.0327 -0.0251 0.9722
1770392218.7504 0.0354 -0.0310 0.9680
1770392218.7625 0.0371 -0.0300 0.9712
1770392218.7739 0.0386 -0.0298 0.9746
1770392218.7863 0.0354 -0.0295 0.9719
1770392218.7984 0.0322 -0.0288 0.9719
1770392218.8105 0.0344 -0.0320 0.9719
1770392218.8226 0.0371 -0.0278 0.9739
1770392218.8337 0.0312 -0.0278 0.9807
1770392218.8458 0.0320 -0.0273 0.9749
1770392218.8578 0.0364 -0.0264 0.9761
1770392218.8698 0.0354 -0.0281 0.9761
1770392218.8819 0.0359 -0.0261 0.9734
1770392218.8940 0.0352 -0.0281 0.9744
1770392218.9060 0.0330 -0.0266 0.9712
1770392218.9180 0.0356 -0.0291 0.9722
1770392218.9299 0.0352 -0.0259 0.9712
1770392218.9420 0.0332 -0.0283 0.9722
1770392218.9540 0.0352 -0.0305 0.9734
1770392218.9661 0.0332 -0.0278 0.9719
1770392218.9782 0.0308 -0.0288 0.9771
1770392218.9906 0.0288 -0.0303 0.9736
1770392219.0018 0.0349 -0.0281 0.9678
1770392219.0144 0.0349 -0.0334 0.9729
1770392219.0265 0.0354 -0.0293 0.9727
1770392219.0385 0.0371 -0.0266 0.9707
1770392219.0505 0.0293 -0.0286 0.9758
1770392219.0626 0.0356 -0.0295 0.9695
1770392219.0746 0.0359 -0.0293 0.9734
1770392219.0866 0.0339 -0.0286 0.9678
1770392219.0985 0.0327 -0.0251 0.9756
1770392219.1105 0.0317 -0.0281 0.9705
1770392219.1225 0.0352 -0.0278 0.9758
1770392219.1346 0.0361 -0.0293 0.9697
1770392219.1467 0.0337 -0.0295 0.9761
1770392219.1587 0.0339 -0.0283 0.9717
1770392219.1708 0.0342 -0.0298 0.9702
1770392219.1821 0.0339 -0.0320 0.9753
1770392219.1941 0.0349 -0.0293 0.9690
1770392219.2061 0.0334 -0.0298 0.9729
1770392219.2183 0.0330 -0.0291 0.9707
1770392219.2302 0.0334 -0.0310 0.9778
1770392219.2423 0.0371 -0.0283 0.9807
1770392219.2544 0.0327 -0.0278 0.9714
1770392219.2665 0.0317 -0.0303 0.9695
1770392219.2785 0.0342 -0.0244 0.9719
1770392219.2905 0.0317 -0.0273 0.9688
1770392219.3026 0.0334 -0.0269 0.9729
1770392219.3146 0.0327 -0.0342 0.9705
1770392219.3266 0.0344 -0.0334 0.9717
1770392219.3386 0.0369 -0.0298 0.9724
1770392219.3507 0.0347 -0.0281 0.9746
1770392219.3627 0.0312 -0.0310 0.9771
1770392219.3740 0.0310 -0.0234 0.9739
1770392219.3861 0.0352 -0.0283 0.9707
1770392219.3982 0.0359 -0.0249 0.9746
1770392219.4102 0.0342 -0.0288 0.9729
1770392219.4222 0.0322 -0.0298 0.9729
1770392219.4343 0.0349 -0.0273 0.9707
1770392219.4464 0.0315 -0.0310 0.9724
1770392219.4583 0.0300 -0.0278 0.9778
1770392219.4702 0.0327 -0.0334 0.9753
1770392219.4823 0.0286 -0.0312 0.9727
1770392219.4945 0.0325 -0.0305 0.9727
1770392219.5065 0.0334 -0.0261 0.9695
1770392219.5185 0.0332 -0.0317 0.9763
1770392219.5305 0.0366 -0.0298 0.9714
1770392219.5428 0.0344 -0.0261 0.9722
1770392219.5538 0.0354 -0.0298 0.9700
1770392219.5662 0.0334 -0.0300 0.9741
1770392219.5786 0.0366 -0.0286 0.9712
1770392219.5907 0.0342 -0.0291 0.9756
1770392219.6028 0.0305 -0.0288 0.9734
1770392219.6141 0.0325 -0.0320 0.9714
1770392219.6261 0.0322 -0.0315 0.9736
1770392219.6381 0.0359 -0.0276 0.9736
1770392219.6501 0.0337 -0.0261 0.9697
1770392219.6621 0.0344 -0.0327 0.9712
1770392219.6740 0.0305 -0.0259 0.9678
1770392219.6860 0.0376 -0.0332 0.9712
1770392219.6983 0.0330 -0.0251 0.9707
1770392219.7104 0.0332 -0.0281 0.9697
1770392219.7227 0.0354 -0.0276 0.9683
1770392219.7339 0.0305 -0.0278 0.9702
1770392219.7470 0.0361 -0.0288 0.9717
1770392219.7590 0.0344 -0.0283 0.9722
1770392219.7699 0.0361 -0.0281 0.9736
1770392219.7823 0.0325 -0.0315 0.9702
1770392219.7943 0.0310 -0.0312 0.9729
1770392219.8062 0.0310 -0.0291 0.9700
1770392219.8182 0.0293 -0.0283 0.9749
1770392219.8302 0.0344 -0.0259 0.9712
1770392219.8423 0.0283 -0.0303 0.9712
1770392219.8543 0.0312 -0.0298 0.9709
1770392219.8663 0.0330 -0.0269 0.9700
1770392219.8783 0.0347 -0.0273 0.9795
1770392219.8904 0.0308 -0.0256 0.9700
1770392219.9024 0.0369 -0.0276 0.9685
1770392219.9144 0.0320 -0.0320 0.9675
1770392219.9264 0.0374 -0.0305 0.9729
1770392219.9384 0.0349 -0.0298 0.9734
1770392219.9504 0.0332 -0.0261 0.9790
1770392219.9626 0.0310 -0.0276 0.9744
1770392219.9747 0.0342 -0.0312 0.9741
1770392219.9859 0.0330 -0.0269 0.9705
1770392219.9982 0.0364 -0.0339 0.9756
1770392220.0102 0.0337 -0.0300 0.9719
1770392220.0222 0.0330 -0.0288 0.9670
1770392220.0342 0.0356 -0.0276 0.9722
1770392220.0462 0.0312 -0.0273 0.9734
1770392220.0583 0.0332 -0.0244 0.9724
1770392220.0707 0.0322 -0.0261 0.9719
1770392220.0828 0.0356 -0.0291 0.9753
1770392220.0949 0.0332 -0.0300 0.9688
1770392220.1069 0.0327 -0.0234 0.9768
1770392220.1190 0.0342 -0.0278 0.9697
1770392220.1309 0.0322 -0.0269 0.9749
1770392220.1430 0.0337 -0.0295 0.9746
1770392220.1550 0.0369 -0.0300 0.9771
1770392220.1670 0.0332 -0.0239 0.9729
1770392220.1785 0.0322 -0.0291 0.9724
1770392220.1907 0.0305 -0.0264 0.9724
1770392220.2029 0.0315 -0.0278 0.9736
1770392220.2145 0.0339 -0.0239 0.9707
1770392220.2268 0.0369 -0.0312 0.9695
1770392220.2392 0.0366 -0.0293 0.9775
1770392220.2511 0.0325 -0.0276 0.9707
1770392220.2626 0.0359 -0.0273 0.9700
1770392220.2748 0.0361 -0.0300 0.9697
1770392220.2869 0.0352 -0.0312 0.9741
1770392220.2989 0.0281 -0.0271 0.9705
1770392220.3111 0.0325 -0.0288 0.9758
1770392220.3231 0.0347 -0.0310 0.9712
1770392220.3351 0.0315 -0.0271 0.9734
1770392220.3471 0.0308 -0.0273 0.9790
1770392220.3592 0.0342 -0.0288 0.9758
1770392220.3712 0.0347 -0.0256 0.9700
1770392220.3835 0.0322 -0.0288 0.9709
1770392220.3955 0.0334 -0.0308 0.9768
1770392220.4075 0.0317 -0.0288 0.9697
1770392220.4194 0.0325 -0.0286 0.9736
1770392220.4314 0.0342 -0.0286 0.9690
1770392220.4435 0.0364 -0.0315 0.9688
1770392220.4556 0.0364 -0.0288 0.9717
1770392220.4668 0.0295 -0.0310 0.9675
1770392220.4791 0.0330 -0.0305 0.9756
1770392220.4912 0.0376 -0.0300 0.9736
1770392220.5033 0.0339 -0.0293 0.9727
1770392220.5153 0.0337 -0.0308 0.9668
1770392220.5272 0.0273 -0.0266 0.9707
1770392220.5393 0.0298 -0.0303 0.9712
1770392220.5513 0.0310 -0.0256 0.9700
1770392220.5633 0.0354 -0.0317 0.9695
1770392220.5754 0.0327 -0.0312 0.9751
1770392220.5874 0.0337 -0.0286 0.9673
1770392220.5995 0.0342 -0.0278 0.9741
1770392220.6115 0.0342 -0.0266 0.9751
1770392220.6235 0.0364 -0.0271 0.9739
1770392220.6355 0.0332 -0.0293 0.9729
1770392220.6475 0.0347 -0.0259 0.9778
1770392220.6595 0.0325 -0.0249 0.9705
1770392220.6715 0.0342 -0.0286 0.9756
1770392220.6835 0.0315 -0.0264 0.9712
1770392220.6955 0.0334 -0.0278 0.9724
1770392220.7075 0.0327 -0.0276 0.9731
1770392220.7196 0.0325 -0.0305 0.9697
1770392220.7316 0.0325 -0.0305 0.9739
1770392220.7437 0.0391 -0.0310 0.9712
1770392220.7557 0.0354 -0.0312 0.9702
1770392220.7678 0.0359 -0.0291 0.9717
1770392220.7791 0.0339 -0.0261 0.9683
1770392220.7913 0.0356 -0.0247 0.9766
1770392220.8035 0.0308 -0.0278 0.9702
1770392220.8156 0.0332 -0.0278 0.9673
1770392220.8275 0.0339 -0.0266 0.9719
1770392220.8396 0.0337 -0.0293 0.9731
1770392220.8516 0.0344 -0.0281 0.9744
1770392220.8636 0.0347 -0.0261 0.9670
1770392220.8756 0.0332 -0.0291 0.9758
1770392220.8876 0.0330 -0.0266 0.9709
1770392220.8996 0.0342 -0.0266 0.9758
1770392220.9116 0.0286 -0.0303 0.9695
1770392220.9235 0.0315 -0.0273 0.9709
1770392220.9357 0.0332 -0.0269 0.9719
1770392220.9476 0.0332 -0.0266 0.9697
1770392220.9597 0.0325 -0.0315 0.9753
1770392220.9716 0.0349 -0.0303 0.9675
1770392220.9837 0.0334 -0.0278 0.9763
1770392220.9948 0.0334 -0.0322 0.9753
1770392221.0078 0.0334 -0.0312 0.9741
1770392221.0197 0.0312 -0.0269 0.9697
1770392221.0311 0.0305 -0.0308 0.9712
1770392221.0435 0.0344 -0.0320 0.9712
1770392221.0548 0.0320 -0.0278 0.9680
1770392221.0673 0.0364 -0.0291 0.9729
1770392221.0796 0.0356 -0.0300 0.9709
1770392221.0916 0.0317 -0.0300 0.9705
1770392221.1029 0.0337 -0.0261 0.9719
1770392221.1151 0.0317 -0.0312 0.9690
1770392221.1274 0.0322 -0.0303 0.9707
1770392221.1395 0.0322 -0.0259 0.9709
1770392221.1516 0.0334 -0.0264 0.9734
1770392221.1636 0.0342 -0.0281 0.9714
1770392221.1752 0.0330 -0.0298 0.9788
1770392221.1873 0.0308 -0.0256 0.9739
1770392221.1995 0.0330 -0.0305 0.9788
1770392221.2115 0.0347 -0.0276 0.9814
1770392221.2235 0.0330 -0.0276 0.9746
1770392221.2357 0.0347 -0.0278 0.9766
1770392221.2478 0.0361 -0.0281 0.9719
1770392221.2590 0.0322 -0.0269 0.9727
1770392221.2710 0.0317 -0.0281 0.9778
1770392221.2830 0.0334 -0.0293 0.9678
1770392221.2952 0.0347 -0.0291 0.9724
1770392221.3072 0.0327 -0.0269 0.9766
1770392221.3193 0.0327 -0.0283 0.9771
1770392221.3313 0.0303 -0.0261 0.9741
1770392221.3434 0.0334 -0.0269 0.9739
1770392221.3555 0.0356 -0.0278 0.9714
1770392221.3675 0.0327 -0.0308 0.9731
1770392221.3796 0.0344 -0.0247 0.9709
1770392221.3917 0.0339 -0.0264 0.9763
1770392221.4036 0.0354 -0.0249 0.9729
1770392221.4159 0.0354 -0.0317 0.9756
1770392221.4278 0.0349 -0.0300 0.9685
1770392221.4399 0.0300 -0.0342 0.9675
1770392221.4519 0.0359 -0.0269 0.9709
1770392221.4639 0.0354 -0.0288 0.9709
1770392221.4759 0.0349 -0.0261 0.9680
1770392221.4869 0.0325 -0.0310 0.9729
1770392221.4990 0.0325 -0.0286 0.9724
1770392221.5112 0.0327 -0.0293 0.9683
1770392221.5233 0.0349 -0.0315 0.9749
1770392221.5355 0.0332 -0.0286 0.9802
1770392221.5476 0.0356 -0.0271 0.9727
1770392221.5599 0.0303 -0.0259 0.9688
1770392221.5719 0.0317 -0.0303 0.9685
1770392221.5836 0.0339 -0.0286 0.9749
1770392221.5953 0.0334 -0.0288 0.9685
1770392221.6075 0.0332 -0.0310 0.9700
1770392221.6198 0.0303 -0.0256 0.9761
1770392221.6312 0.0337 -0.0281 0.9756
1770392221.6435 0.0322 -0.0273 0.9749
1770392221.6557 0.0330 -0.0281 0.9719
1770392221.6677 0.0354 -0.0278 0.9778
1770392221.6798 0.0344 -0.0308 0.9712
1770392221.6918 0.0317 -0.0303 0.9683
1770392221.7039 0.0330 -0.0300 0.9705
1770392221.7152 0.0330 -0.0291 0.9744
1770392221.7272 0.0366 -0.0286 0.9685
1770392221.7393 0.0322 -0.0315 0.9729
1770392221.7514 0.0320 -0.0256 0.9775
1770392221.7633 0.0330 -0.0283 0.9680
1770392221.7755 0.0337 -0.0271 0.9705
1770392221.7878 0.0332 -0.0273 0.9692
1770392221.7998 0.0327 -0.0334 0.9773
1770392221.8119 0.0349 -0.0244 0.9697
1770392221.8239 0.0332 -0.0300 0.9727
1770392221.8349 0.0332 -0.0305 0.9712
1770392221.8470 0.0344 -0.0271 0.9700
1770392221.8590 0.0344 -0.0269 0.9700
1770392221.8712 0.0330 -0.0298 0.9709
1770392221.8832 0.0337 -0.0295 0.9707
1770392221.8954 0.0347 -0.0308 0.9734
1770392221.9074 0.0327 -0.0278 0.9766
1770392221.9194 0.0325 -0.0286 0.9761
1770392221.9313 0.0325 -0.0300 0.9780
1770392221.9434 0.0352 -0.0288 0.9709
1770392221.9555 0.0325 -0.0251 0.9661
1770392221.9675 0.0320 -0.0256 0.9695
1770392221.9797 0.0320 -0.0251 0.9690
1770392221.9918 0.0332 -0.0320 0.9678
1770392222.0038 0.0320 -0.0288 0.9675
1770392222.0160 0.0330 -0.0276 0.9729
1770392222.0271 0.0347 -0.0310 0.9705
1770392222.0394 0.0327 -0.0330 0.9722
1770392222.0517 0.0327 -0.0298 0.9714
1770392222.0640 0.0305 -0.0283 0.9697
1770392222.0752 0.0332 -0.0303 0.9778
1770392222.0877 0.0356 -0.0291 0.9727
1770392222.0998 0.0371 -0.0283 0.9744
1770392222.1112 0.0330 -0.0291 0.9790
1770392222.1233 0.0349 -0.0283 0.9729
1770392222.1358 0.0330 -0.0278 0.9746
1770392222.1480 0.0344 -0.0310 0.9692
1770392222.1594 0.0381 -0.0300 0.9744
1770392222.1716 0.0312 -0.0298 0.9717
1770392222.1840 0.0322 -0.0283 0.9678
1770392222.1955 0.0347 -0.0293 0.9722
1770392222.2078 0.0354 -0.0332 0.9668
1770392222.2201 0.0352 -0.0298 0.9746
1770392222.2313 0.0325 -0.0269 0.9683
1770392222.2436 0.0315 -0.0273 0.9746
1770392222.2552 0.0312 -0.0344 0.9734
1770392222.2674 0.0344 -0.0266 0.9783
1770392222.2795 0.0371 -0.0281 0.9731
1770392222.2918 0.0356 -0.0273 0.9744
1770392222.3031 0.0310 -0.0312 0.9756
1770392222.3154 0.0347 -0.0271 0.9727
1770392222.3276 0.0315 -0.0308 0.9712
1770392222.3398 0.0315 -0.0286 0.9751
1770392222.3518 0.0334 -0.0261 0.9751
1770392222.3631 0.0322 -0.0305 0.9719
1770392222.3755 0.0303 -0.0266 0.9746
1770392222.3878 0.0354 -0.0305 0.9736
1770392222.3991 0.0344 -0.0264 0.9741
1770392222.4113 0.0312 -0.0303 0.9712
1770392222.4236 0.0315 -0.0315 0.9700
1770392222.4355 0.0286 -0.0266 0.9741
1770392222.4477 0.0349 -0.0276 0.9719
1770392222.4598 0.0376 -0.0278 0.9736
1770392222.4721 0.0327 -0.0266 0.9700
1770392222.4833 0.0359 -0.0308 0.9683
1770392222.4955 0.0349 -0.0317 0.9692
1770392222.5078 0.0339 -0.0293 0.9783
1770392222.5200 0.0312 -0.0273 0.9783
1770392222.5314 0.0339 -0.0322 0.9739
1770392222.5437 0.0342 -0.0325 0.9727
1770392222.5559 0.0366 -0.0261 0.9702
1770392222.5672 0.0347 -0.0247 0.9709
1770392222.5795 0.0354 -0.0264 0.9695
1770392222.5918 0.0374 -0.0293 0.9731
1770392222.6040 0.0310 -0.0269 0.9761
1770392222.6154 0.0322 -0.0310 0.9727
1770392222.6276 0.0359 -0.0278 0.9731
1770392222.6399 0.0273 -0.0271 0.9722
1770392222.6512 0.0361 -0.0273 0.9700
1770392222.6634 0.0332 -0.0300 0.9797
1770392222.6755 0.0315 -0.0266 0.9709
1770392222.6880 0.0322 -0.0322 0.9734
1770392222.6991 0.0325 -0.0291 0.9763
1770392222.7114 0.0305 -0.0291 0.9763
1770392222.7236 0.0356 -0.0298 0.9714
1770392222.7360 0.0339 -0.0305 0.9700
1770392222.7472 0.0339 -0.0305 0.9702
1770392222.7594 0.0332 -0.0298 0.9702
1770392222.7717 0.0342 -0.0288 0.9695
1770392222.7833 0.0325 -0.0288 0.9731
1770392222.7957 0.0295 -0.0308 0.9680
1770392222.8080 0.0361 -0.0276 0.9685
1770392222.8201 0.0366 -0.0298 0.9792
1770392222.8315 0.0320 -0.0247 0.9719
1770392222.8437 0.0366 -0.0247 0.9758
1770392222.8560 0.0342 -0.0283 0.9727
1770392222.8682 0.0322 -0.0286 0.9707
1770392222.8795 0.0342 -0.0286 0.9688
1770392222.8917 0.0334 -0.0271 0.9731
1770392222.9041 0.0317 -0.0293 0.9727
1770392222.9155 0.0354 -0.0291 0.9685
1770392222.9279 0.0303 -0.0281 0.9712
1770392222.9400 0.0327 -0.0298 0.9609
1770392222.9513 0.0312 -0.0276 0.9724
1770392222.9636 0.0361 -0.0247 0.9746
1770392222.9761 0.0366 -0.0305 0.9705
1770392222.9875 0.0327 -0.0271 0.9683
1770392222.9999 0.0286 -0.0283 0.9717
1770392223.0122 0.0298 -0.0293 0.9751
1770392223.0233 0.0374 -0.0305 0.9771
1770392223.0356 0.0327 -0.0281 0.9753
1770392223.0480 0.0352 -0.0286 0.9719
1770392223.0602 0.0298 -0.0298 0.9739
1770392223.0715 0.0315 -0.0298 0.9717
1770392223.0839 0.0327 -0.0312 0.9680
1770392223.0957 0.0332 -0.0264 0.9692
1770392223.1080 0.0337 -0.0281 0.9719
1770392223.1193 0.0310 -0.0273 0.9695
1770392223.1326 0.0320 -0.0300 0.9736
1770392223.1441 0.0286 -0.0266 0.9731
1770392223.1552 0.0332 -0.0271 0.9717
1770392223.1675 0.0361 -0.0303 0.9734
1770392223.1798 0.0330 -0.0310 0.9724
1770392223.1914 0.0364 -0.0273 0.9692
1770392223.2034 0.0312 -0.0283 0.9736
1770392223.2159 0.0359 -0.0283 0.9729
1770392223.2280 0.0347 -0.0283 0.9734
1770392223.2394 0.0361 -0.0337 0.9727
1770392223.2515 0.0359 -0.0276 0.9700
1770392223.2638 0.0349 -0.0278 0.9685
1770392223.2759 0.0334 -0.0281 0.9722
1770392223.2882 0.0325 -0.0273 0.9707
1770392223.2993 0.0315 -0.0251 0.9702
1770392223.3117 0.0364 -0.0300 0.9753
1770392223.3241 0.0354 -0.0291 0.9702
1770392223.3359 0.0317 -0.0298 0.9736
1770392223.3483 0.0366 -0.0291 0.9744
1770392223.3595 0.0339 -0.0283 0.9668
1770392223.3718 0.0337 -0.0300 0.9753
1770392223.3843 0.0310 -0.0286 0.9697
1770392223.3956 0.0359 -0.0283 0.9746
1770392223.4079 0.0325 -0.0305 0.9719
1770392223.4200 0.0332 -0.0266 0.9768
1770392223.4321 0.0349 -0.0278 0.9661
1770392223.4441 0.0339 -0.0261 0.9749
1770392223.4554 0.0312 -0.0271 0.9690
1770392223.4679 0.0320 -0.0288 0.9731
1770392223.4802 0.0315 -0.0291 0.9714
1770392223.4917 0.0310 -0.0303 0.9719
1770392223.5040 0.0327 -0.0247 0.9731
1770392223.5153 0.0376 -0.0295 0.9734
1770392223.5278 0.0334 -0.0298 0.9756
