% Edge
% 1 	Time (sec)
% 2-10 	sensor AD value (0..4196), sensor 0 is left, AD=0 is no reflection
1770391807.012 60 64 67 56 60 64 62 50
1770391807.063 61 62 64 58 58 63 61 53
1770391807.113 63 63 63 53 55 64 62 50
1770391807.162 61 65 63 55 60 68 61 50
1770391807.213 63 61 62 55 60 62 57 45
1770391807.263 60 66 66 54 59 64 61 51
1770391807.312 62 67 65 53 59 65 62 50
1770391807.363 60 65 66 56 59 68 64 46
1770391807.413 59 60 66 58 60 64 60 50
1770391807.463 57 62 63 57 61 61 55 46
1770391807.513 58 68 66 56 59 65 60 50
1770391807.563 61 64 64 53 56 65 63 51
1770391807.612 62 65 64 59 62 66 57 47
1770391807.663 55 59 65 59 62 64 60 50
1770391807.713 59 65 66 60 59 61 61 49
1770391807.763 61 65 68 55 57 65 67 53
1770391807.813 61 63 66 60 59 65 59 49
1770391807.863 61 61 66 62 63 66 59 50
1770391807.913 54 61 67 58 59 60 60 52
1770391807.963 60 67 63 55 58 67 59 51
1770391808.013 63 71 65 53 63 67 65 46
1770391808.063 50 64 66 62 68 68 65 57
1770391808.113 66 71 70 69 70 68 67 54
1770391808.163 66 65 66 60 68 70 67 55
1770391808.213 88 77 68 56 70 71 63 65
1770391808.263 84 73 67 61 69 65 60 80
1770391808.313 55 60 73 72 76 70 65 58
1770391808.363 56 70 72 56 64 68 71 57
1770391808.413 60 69 68 54 64 69 69 53
1770391808.463 66 61 74 75 89 85 63 52
1770391808.513 67 64 69 60 73 69 67 52
1770391808.563 60 60 59 58 69 67 62 51
1770391808.613 53 60 64 57 65 63 58 47
1770391808.663 57 64 67 59 60 61 59 51
1770391808.713 70 83 107 96 98 95 88 74
1770391808.763 367 445 516 396 411 458 506 447
1770391808.813 762 891 955 775 885 941 875 678
1770391808.863 753 866 895 706 810 879 786 581
1770391808.912 353 381 369 313 361 362 260 153
1770391808.963 60 73 70 51 57 67 56 45
1770391809.013 60 71 85 66 56 63 56 42
1770391809.063 53 67 95 74 61 72 61 49
1770391809.113 62 65 78 62 73 74 66 57
1770391809.163 66 84 87 61 78 85 61 51
1770391809.213 52 62 74 60 69 63 53 44
1770391809.263 50 55 65 63 63 62 57 47
1770391809.313 53 63 82 68 67 65 57 51
1770391809.363 53 62 78 66 62 61 59 38
1770391809.413 61 59 67 55 57 57 56 48
1770391809.463 61 64 71 57 65 63 55 50
1770391809.513 56 59 65 64 66 64 61 50
1770391809.563 56 62 75 84 84 67 61 45
1770391809.613 55 58 70 70 74 62 59 50
1770391809.663 55 60 64 56 81 76 63 53
1770391809.713 60 64 65 57 71 76 64 57
1770391809.763 57 65 77 64 67 69 81 71
1770391809.813 61 70 74 62 67 72 81 67
1770391809.863 60 70 71 53 61 62 56 51
1770391809.913 55 59 63 54 61 64 60 49
1770391809.963 75 69 62 53 65 68 63 51
1770391810.013 109 79 67 56 65 67 59 47
1770391810.063 63 63 64 57 65 71 62 45
1770391810.113 58 62 64 57 63 65 64 51
1770391810.163 48 62 68 56 62 68 69 55
1770391810.213 55 68 68 56 61 67 64 52
1770391810.263 55 61 68 58 63 65 62 49
1770391810.313 58 57 61 55 66 68 57 47
1770391810.363 57 64 69 57 66 66 63 48
1770391810.413 51 58 61 55 62 79 71 50
1770391810.463 55 60 57 51 65 68 61 48
1770391810.513 60 61 59 51 71 71 61 42
1770391810.563 59 62 63 53 67 70 62 48
1770391810.613 57 58 64 57 63 62 60 53
1770391810.663 54 64 67 55 59 67 68 58
1770391810.713 64 67 69 58 61 65 61 50
1770391810.763 69 64 68 56 66 70 59 51
1770391810.813 78 69 63 55 66 66 63 49
1770391810.863 62 59 69 66 76 67 59 50
1770391810.913 60 59 64 79 106 80 62 50
1770391810.963 59 67 69 60 79 79 66 50
1770391811.013 81 72 81 65 72 73 63 50
1770391811.063 109 93 106 71 65 62 53 46
1770391811.113 74 67 88 66 61 62 59 48
1770391811.163 55 83 132 79 62 63 58 49
1770391811.213 59 77 92 61 60 63 60 50
1770391811.263 73 80 67 55 66 62 56 45
1770391811.313 59 69 70 58 63 62 54 45
1770391811.363 55 63 64 55 60 59 54 50
1770391811.413 55 65 62 50 59 64 57 46
1770391811.463 47 56 61 53 57 62 55 46
1770391811.513 55 59 66 53 62 58 54 42
1770391811.563 55 60 59 50 65 63 55 46
1770391811.613 51 60 65 55 61 64 59 45
1770391811.663 48 62 61 52 59 70 58 42
1770391811.713 54 62 68 54 60 63 60 44
1770391811.763 60 65 62 54 62 67 56 40
1770391811.813 50 59 61 56 67 67 57 44
1770391811.863 51 58 68 53 64 64 53 42
1770391811.913 52 60 64 50 60 66 54 43
1770391811.963 52 57 61 46 57 60 53 46
1770391812.014 49 57 60 52 58 62 52 43
1770391812.063 58 59 57 49 63 60 51 39
1770391812.113 54 57 63 58 74 63 47 35
1770391812.163 50 62 76 69 59 57 47 36
1770391812.213 50 62 77 67 55 54 50 44
1770391812.263 55 62 65 49 57 65 61 46
1770391812.313 58 62 61 46 58 68 57 43
1770391812.363 55 53 58 54 63 65 56 41
1770391812.413 48 54 60 52 63 61 55 47
1770391812.463 51 59 63 46 57 64 65 61
1770391812.513 53 61 60 48 58 67 61 46
1770391812.563 54 63 62 47 76 93 59 43
1770391812.613 59 61 59 52 63 75 58 43
1770391812.663 54 72 68 50 60 66 59 42
1770391812.713 50 70 75 51 54 57 57 43
1770391812.763 50 54 64 55 55 60 55 41
1770391812.813 57 60 60 53 59 65 62 42
1770391812.863 55 58 59 49 57 64 58 40
1770391812.914 56 60 62 52 59 69 60 44
1770391812.963 51 60 65 53 68 74 58 40
1770391813.013 52 55 64 50 61 68 60 48
1770391813.063 51 57 63 55 61 65 58 42
1770391813.113 53 56 62 47 58 62 59 45
1770391813.163 46 60 63 50 61 66 59 43
1770391813.213 47 56 61 51 59 63 56 44
1770391813.264 43 56 68 54 59 59 53 46
1770391813.313 46 56 63 55 56 63 62 48
1770391813.364 48 60 63 52 62 66 59 43
1770391813.413 48 54 65 54 59 61 57 44
1770391813.463 46 53 61 53 58 59 55 43
1770391813.513 49 62 65 51 56 60 61 47
1770391813.563 49 51 61 53 58 66 62 47
1770391813.613 50 53 63 59 61 59 51 41
1770391813.663 51 53 57 54 60 63 56 46
1770391813.713 49 53 60 54 59 59 57 45
1770391813.764 51 55 61 51 61 63 58 43
1770391813.813 51 53 55 50 61 66 58 45
1770391813.863 52 54 60 54 63 64 53 43
1770391813.913 50 55 58 53 60 61 55 45
1770391813.963 49 55 58 54 62 59 56 44
1770391828.263 0 0 1 2 -2 -2 -1 1
1770391828.314 0 0 0 -1 -1 -3 1 -1
1770391828.364 1 -1 -6 -7 -1 0 1 -3
1770391828.413 1 -3 -4 0 2 0 -1 -1
1770391828.463 -2 0 0 -2 0 1 0 -1
1770391828.514 -1 6 3 2 0 0 0 -4
1770391828.564 0 3 1 -1 0 0 0 0
1770391828.613 24 25 30 26 27 28 27 19
1770391828.664 50 51 61 55 63 66 59 42
1770391828.714 46 53 61 54 61 57 55 43
1770391828.763 55 59 65 56 60 66 57 45
1770391828.813 74 61 58 54 57 60 60 47
1770391828.864 49 63 72 55 60 59 54 47
1770391828.914 48 55 70 64 64 60 56 49
1770391828.964 55 58 59 60 72 74 58 49
1770391829.014 50 58 68 61 72 75 63 43
1770391829.063 53 57 57 52 59 71 65 43
1770391829.114 57 58 60 62 68 67 60 49
1770391829.163 55 70 59 60 73 78 67 46
1770391829.213 56 68 57 53 69 76 59 45
1770391829.264 53 47 51 57 78 70 52 40
1770391829.313 46 54 65 61 74 68 53 44
1770391829.363 54 58 77 67 70 62 54 47
1770391829.413 50 56 62 61 91 90 56 46
1770391829.463 58 59 58 53 64 67 56 37
1770391829.514 53 57 61 56 60 56 53 40
1770391829.563 47 57 66 56 51 54 55 42
1770391829.614 51 58 60 50 51 61 57 45
1770391829.663 53 56 63 52 53 54 55 41
1770391829.714 49 52 64 55 53 57 50 38
1770391829.764 46 57 73 55 51 59 59 43
1770391829.814 53 63 72 55 51 55 51 41
1770391829.863 56 60 67 53 51 56 50 41
1770391829.914 48 53 64 62 58 53 50 41
1770391829.963 51 55 78 84 72 53 48 37
1770391830.013 57 62 79 92 86 57 57 45
1770391830.063 94 133 102 74 71 59 56 37
1770391830.114 82 136 109 60 52 56 55 43
1770391830.164 46 52 59 60 54 56 50 43
1770391830.214 47 58 60 56 55 56 56 47
1770391830.263 53 57 63 51 52 58 58 47
1770391830.314 56 60 62 55 60 62 57 46
1770391830.363 46 52 62 53 64 60 56 48
1770391830.414 45 55 64 52 60 60 55 47
1770391830.464 42 52 61 54 62 70 62 53
1770391830.514 52 52 56 50 61 69 61 45
1770391830.564 53 52 59 54 61 62 55 44
1770391830.614 46 51 62 53 63 66 64 50
1770391830.664 59 61 63 53 65 65 65 55
1770391830.713 53 63 64 58 67 70 64 53
1770391830.764 55 65 62 54 68 63 54 45
1770391830.814 55 57 62 56 70 72 60 46
1770391830.864 54 55 62 53 64 69 57 46
1770391830.913 61 56 59 51 58 61 58 41
1770391830.963 49 61 64 52 65 67 57 39
1770391831.014 45 59 72 61 90 80 57 47
1770391831.063 48 60 63 56 63 65 59 50
1770391831.114 56 59 58 46 57 61 61 49
1770391831.164 51 57 56 48 58 62 55 46
1770391831.214 48 53 60 45 56 61 75 58
1770391831.265 46 55 61 49 54 62 63 50
1770391831.314 55 58 63 51 56 63 59 45
1770391831.364 46 58 64 49 56 64 57 39
1770391831.414 46 56 66 48 56 57 52 46
1770391831.464 44 54 54 46 55 57 61 50
1770391831.515 52 54 55 49 56 62 56 48
1770391831.564 53 54 62 53 55 57 58 51
1770391831.614 47 52 61 54 52 55 61 48
1770391831.664 47 54 67 51 51 58 61 48
1770391831.715 46 55 63 46 48 55 70 71
1770391831.765 53 61 63 51 54 58 63 51
1770391831.814 62 65 66 48 59 69 67 50
1770391831.865 57 75 69 54 54 52 54 47
1770391831.914 61 78 72 51 48 48 54 44
1770391831.964 54 70 64 49 48 52 51 43
1770391832.014 58 60 58 48 54 57 53 40
1770391832.065 60 60 59 48 49 57 51 40
1770391832.115 55 59 58 48 49 55 53 43
1770391832.164 55 63 60 44 49 60 56 44
1770391832.214 64 62 54 42 55 62 55 47
1770391832.265 59 63 62 52 55 59 56 45
1770391832.314 58 66 63 50 57 63 60 49
1770391832.364 63 62 63 53 64 71 67 50
1770391832.414 63 65 60 47 58 73 67 48
1770391832.464 60 63 67 51 58 64 61 47
1770391832.515 60 69 66 51 54 61 59 51
1770391832.564 60 73 66 52 52 61 62 45
1770391832.614 63 77 74 54 60 63 59 47
1770391832.664 57 68 74 59 59 62 53 43
1770391832.715 59 68 72 57 62 68 62 44
1770391832.764 53 66 72 58 59 62 65 53
1770391832.815 53 63 69 55 56 61 60 59
1770391832.865 53 59 73 57 62 65 62 49
1770391832.914 53 57 73 57 62 62 60 50
1770391832.964 53 64 84 65 60 59 61 57
1770391833.014 60 75 79 64 60 62 59 49
1770391833.064 66 65 67 54 61 68 59 45
1770391833.114 58 60 61 54 66 68 59 46
1770391833.164 55 58 57 53 66 67 57 43
1770391833.214 55 60 63 52 59 66 61 52
1770391833.265 58 62 56 46 62 71 60 52
1770391833.315 58 58 59 50 59 68 64 53
1770391833.364 58 60 64 50 52 60 65 52
1770391833.415 51 59 63 55 62 62 61 55
1770391833.465 53 60 61 45 60 69 73 59
1770391833.514 53 59 65 51 60 72 72 53
1770391833.565 53 65 71 60 70 71 69 53
1770391833.614 58 69 72 56 61 65 66 51
1770391833.664 58 71 75 61 66 69 64 49
1770391833.715 56 70 75 54 64 82 79 53
1770391833.764 61 77 81 63 73 72 65 47
1770391833.814 57 67 71 67 79 69 61 51
1770391833.864 60 62 66 57 67 68 58 49
1770391833.914 58 59 70 58 64 68 64 57
1770391833.964 55 59 63 50 59 65 63 52
1770391834.015 62 62 64 56 66 69 56 44
1770391834.064 57 57 65 54 61 64 62 50
1770391834.115 50 53 67 62 67 64 58 49
1770391834.164 55 57 63 57 66 65 61 47
1770391834.214 54 54 61 50 60 63 57 48
1770391834.264 49 57 62 56 69 69 58 45
1770391834.315 47 55 63 57 68 64 57 47
1770391834.364 55 62 62 57 62 63 59 46
1770391834.415 58 59 66 55 68 67 63 45
1770391834.464 51 61 62 51 64 70 61 45
1770391834.515 52 62 64 51 60 67 63 47
1770391834.564 53 59 69 51 58 65 61 47
1770391834.614 56 67 74 54 57 67 64 49
1770391834.664 59 66 70 56 61 75 79 57
1770391834.714 58 68 69 53 63 69 68 53
1770391834.765 48 60 74 53 63 67 67 65
1770391834.814 48 57 69 59 61 64 65 72
1770391834.865 56 67 67 53 56 63 63 51
1770391834.914 58 66 68 48 57 66 66 49
1770391834.964 51 60 71 54 62 63 60 51
1770391835.015 50 61 63 50 54 63 61 54
1770391835.064 49 61 67 49 59 70 65 52
1770391835.114 53 58 62 50 61 64 62 52
1770391835.165 51 52 59 51 60 63 59 50
1770391835.215 52 58 61 56 65 66 61 53
1770391835.264 54 61 66 56 67 69 65 51
1770391835.315 56 67 75 62 79 89 77 53
1770391835.364 56 57 70 59 81 90 77 52
1770391835.415 51 61 73 64 78 88 76 54
1770391835.464 55 64 69 66 83 88 77 53
1770391835.515 55 67 70 62 80 93 75 49
1770391835.564 62 67 70 63 80 96 80 50
1770391835.614 55 61 70 64 81 91 77 54
1770391835.675 55 68 73 60 76 89 75 54
1770391835.714 56 72 74 61 75 88 77 54
1770391835.765 54 65 69 60 77 88 78 48
1770391835.815 55 63 76 67 80 86 78 49
1770391835.865 53 66 77 64 77 87 77 57
1770391835.914 55 68 75 61 75 89 80 52
1770391835.964 56 63 73 64 83 91 78 51
1770391836.015 54 63 73 68 78 85 72 52
1770391836.064 51 63 74 66 79 82 72 51
1770391836.115 54 67 75 64 76 83 74 55
1770391836.164 57 66 72 62 78 88 75 55
1770391836.214 57 61 69 62 81 88 72 49
1770391836.264 54 65 70 64 82 88 70 49
1770391836.314 55 65 73 62 76 86 73 52
1770391836.365 55 66 70 61 79 90 76 53
1770391836.415 59 70 71 63 81 90 72 48
1770391836.464 55 63 68 64 82 90 74 49
1770391836.515 58 69 76 65 78 87 75 53
1770391836.565 57 71 75 60 77 90 81 54
1770392020.477 -5 -1 3 4 0 0 -2 2
1770392020.527 0 0 1 0 0 -1 -3 -1
1770392020.577 2 6 4 -2 -1 0 2 0
1770392020.627 49 62 64 50 66 78 72 48
1770392020.677 58 65 71 61 81 90 79 52
1770392020.727 50 62 73 66 80 90 79 55
1770392020.776 59 65 70 63 82 90 77 53
1770392020.827 53 68 74 65 77 86 84 55
1770392020.877 51 66 76 65 77 84 75 56
1770392020.926 51 64 73 64 79 90 83 59
1770392020.977 58 71 78 65 75 86 78 52
1770392021.026 59 63 72 62 79 89 82 56
1770392021.077 61 68 70 57 80 93 80 52
1770392021.127 53 63 72 64 80 89 79 56
1770392021.177 54 60 70 63 80 89 77 50
1770392021.227 51 65 73 64 78 88 78 55
1770392021.277 50 65 75 64 80 82 79 58
1770392021.327 55 71 77 62 79 87 78 55
1770392021.377 56 71 74 59 72 86 85 56
1770392021.427 57 67 69 61 81 87 83 54
1770392021.477 59 64 68 60 79 89 80 52
1770392021.527 57 65 73 63 80 88 80 52
1770392021.577 54 63 70 65 84 89 76 53
1770392021.627 53 64 77 65 77 83 77 51
1770392021.677 51 61 69 65 80 85 78 54
1770392021.727 58 68 72 61 74 86 80 55
1770392021.777 52 67 76 64 75 87 81 57
1770392021.827 54 66 70 60 77 91 83 59
1770392021.877 57 69 71 60 79 91 82 53
1770392021.927 52 64 73 66 79 88 82 57
1770392021.978 59 63 67 65 83 88 75 54
1770392022.027 52 64 71 60 81 90 79 53
1770392022.077 50 62 73 68 81 85 74 54
1770392022.128 54 63 76 67 78 89 81 56
1770392022.177 55 69 75 63 77 84 82 56
1770392022.227 59 68 72 66 83 90 80 52
1770392022.277 56 66 71 62 78 92 81 52
1770392022.328 55 64 73 66 84 90 82 55
1770392022.377 54 61 68 64 83 88 80 53
1770392022.427 52 62 72 65 81 88 81 56
1770392022.477 52 65 76 68 78 84 76 53
1770392022.527 55 67 71 62 80 87 80 52
1770392022.577 54 62 74 62 76 88 83 57
1770392022.627 59 69 73 64 78 90 81 52
1770392022.677 56 68 74 61 79 92 86 56
1770392022.727 54 63 71 62 80 90 80 53
1770392022.777 57 64 69 63 79 88 77 56
1770392022.828 54 63 72 63 76 87 80 52
1770392022.877 52 63 74 67 80 85 78 57
1770392022.927 52 67 75 65 80 85 78 54
1770392022.977 51 64 72 64 80 86 81 56
1770392023.027 56 67 73 61 75 88 83 51
1770392023.077 57 68 74 66 81 89 82 54
1770392023.127 60 64 67 64 80 88 80 53
1770392023.177 58 66 71 61 83 90 78 50
1770392023.228 52 63 74 65 80 88 80 55
1770392023.277 54 64 71 65 79 84 78 53
1770392023.327 54 67 73 62 79 87 79 58
1770392023.377 58 68 74 62 75 85 81 57
1770392023.427 61 70 75 62 80 89 79 53
1770392023.478 56 68 74 64 76 85 80 56
1770392023.527 58 61 70 64 82 89 80 53
1770392023.578 58 65 70 61 83 93 79 52
1770392023.628 52 63 73 64 80 89 79 55
1770392023.677 53 62 74 65 82 87 80 54
1770392023.727 57 67 71 63 81 87 76 56
1770392023.777 50 65 75 66 77 83 81 58
1770392023.828 58 66 74 63 79 86 77 53
1770392023.877 54 68 77 64 80 91 84 57
1770392023.928 59 69 72 62 78 87 77 52
1770392023.977 58 67 75 63 82 89 83 51
1770392024.028 56 66 74 63 79 91 82 56
1770392024.077 58 62 67 63 80 88 75 54
1770392024.127 55 66 71 63 80 90 81 52
1770392024.177 52 62 72 64 79 86 81 61
1770392024.227 57 68 74 63 77 87 75 57
1770392024.277 57 68 74 59 73 87 79 54
1770392024.327 57 66 72 59 78 89 82 56
1770392024.377 57 68 72 62 79 89 83 55
1770392024.427 53 65 77 69 82 87 81 57
1770392024.477 59 63 68 60 85 91 78 54
1770392024.528 54 64 72 63 79 88 76 53
1770392024.577 52 64 74 63 76 83 76 56
1770392024.627 55 68 70 62 78 85 76 57
1770392024.678 55 69 77 63 79 89 83 54
1770392024.727 59 66 75 62 78 86 77 56
1770392024.777 57 65 72 61 81 92 83 53
1770392024.827 56 66 72 62 82 87 76 50
1770392024.878 55 64 66 62 81 90 79 57
1770392024.927 53 63 73 65 79 87 77 52
1770392024.977 54 63 76 67 76 85 78 57
1770392025.027 56 66 73 61 78 85 79 57
1770392025.078 57 71 73 61 79 91 80 53
1770392025.128 56 68 74 59 76 85 82 57
1770392025.177 58 65 72 62 81 91 83 55
1770392025.227 56 64 71 63 83 91 83 54
1770392025.277 54 63 71 66 83 86 77 54
1770392025.327 56 66 71 62 80 90 78 53
1770392025.377 51 64 78 67 77 84 80 59
1770392025.427 50 65 75 63 79 84 76 55
1770392025.477 56 67 75 65 81 87 82 54
1770392025.527 55 67 72 59 75 88 82 57
1770392025.577 59 66 71 62 79 90 80 54
1770392025.627 57 65 70 60 78 88 81 55
1770392025.678 54 60 69 62 86 89 74 49
1770392025.728 58 65 71 67 81 89 79 54
1770392025.777 53 63 76 63 77 84 78 55
1770392025.827 54 66 77 65 79 85 80 54
1770392025.877 56 66 75 58 75 85 79 55
1770392025.927 55 65 74 63 76 86 81 55
1770392025.977 59 66 68 62 81 91 79 53
1770392026.027 58 69 74 61 75 89 80 54
1770392026.077 54 60 66 63 82 90 80 51
1770392026.127 56 68 72 61 78 85 79 53
1770392026.177 52 62 71 65 78 85 79 56
1770392026.227 54 66 71 63 78 86 78 54
1770392026.277 55 66 75 64 74 85 85 54
1770392026.327 55 68 75 63 76 87 81 58
1770392026.377 59 68 73 63 83 91 84 54
1770392026.427 57 65 69 59 75 89 83 53
1770392026.477 58 64 70 62 84 91 78 53
1770392026.528 53 67 70 59 76 87 81 54
1770392026.577 57 63 71 66 85 88 76 55
1770392026.627 52 65 72 62 81 88 75 55
1770392026.678 57 68 76 64 78 86 79 55
1770392026.727 52 65 72 66 80 88 79 60
1770392026.777 57 68 73 61 78 88 78 54
1770392026.827 54 66 76 63 79 88 84 57
1770392026.877 59 65 69 62 82 93 82 55
1770392026.927 57 66 70 61 78 91 84 53
1770392026.978 55 59 69 60 78 87 79 55
1770392027.027 58 65 71 63 83 88 76 48
1770392027.077 53 61 71 63 81 86 78 53
1770392027.127 55 67 74 63 80 86 77 57
1770392027.178 52 66 75 59 75 85 84 55
1770392027.227 56 69 73 62 76 89 84 57
1770392027.278 57 66 70 60 77 89 80 55
1770392027.327 56 62 71 61 81 91 77 52
1770392027.377 54 62 73 64 82 91 79 54
1770392027.428 56 64 69 60 78 89 76 50
1770392027.477 49 61 76 65 77 86 80 60
1770392027.528 54 64 71 62 76 86 77 58
1770392027.577 55 68 73 62 77 87 79 55
1770392027.627 55 65 74 62 77 88 82 57
1770392027.678 56 65 73 63 83 89 80 51
1770392027.727 56 63 69 60 79 89 78 52
1770392027.778 54 62 70 65 79 85 76 55
1770392027.827 56 61 67 61 80 89 75 50
1770392027.877 54 63 72 62 77 84 83 57
1770392027.927 55 66 77 66 80 86 75 58
1770392027.977 58 73 78 61 74 88 82 55
1770392028.027 53 65 71 65 81 87 87 60
1770392028.077 57 69 70 61 80 85 80 55
1770392028.128 56 68 73 59 77 92 84 56
1770392028.177 55 65 69 60 80 91 82 56
1770392028.228 59 65 73 62 83 89 79 51
1770392028.277 55 65 73 61 77 86 80 54
1770392028.327 51 59 71 63 81 85 78 56
1770392028.378 56 68 72 61 78 89 81 56
1770392028.427 55 68 74 64 78 86 82 56
1770392028.477 57 66 71 64 77 89 82 53
1770392028.527 58 68 71 63 78 89 81 53
1770392028.577 55 64 72 64 78 91 83 56
1770392028.628 56 60 68 60 85 90 77 54
1770392028.677 55 62 69 65 79 92 81 53
1770392028.727 51 57 72 66 78 88 77 54
1770392028.777 50 66 73 63 77 89 80 56
1770392028.827 49 64 73 61 74 88 83 56
1770392028.877 59 69 74 64 80 91 82 55
1770392028.927 55 67 71 60 76 91 86 56
1770392028.978 57 64 71 65 81 88 84 54
1770392029.027 54 62 70 65 83 92 80 53
1770392029.078 56 66 71 64 77 86 79 52
1770392029.128 51 62 74 68 82 89 78 54
1770392029.178 59 67 74 64 81 88 79 55
1770392029.227 50 63 73 67 76 86 78 54
1770392029.277 61 67 72 63 82 89 81 54
1770392029.327 54 66 73 64 78 91 84 54
1770392029.378 54 64 68 63 80 89 80 54
1770392029.427 57 67 69 68 84 89 83 51
1770392029.477 55 67 74 63 78 90 77 50
1770392029.528 51 60 72 68 82 86 80 58
1770392029.577 54 65 73 64 78 88 76 55
1770392029.627 54 64 75 63 73 84 78 56
1770392029.677 54 67 73 65 79 87 82 57
1770392029.728 61 72 76 63 81 93 85 53
1770392029.777 55 63 74 66 81 91 83 54
1770392029.828 58 65 70 63 79 90 77 50
1770392029.878 54 65 72 62 77 88 80 53
1770392029.927 54 61 73 65 80 86 78 59
1770392029.977 53 64 72 65 80 83 78 55
1770392030.028 56 70 75 64 74 86 80 59
1770392030.077 54 66 74 64 79 84 76 57
1770392030.128 58 71 72 58 75 90 82 55
1770392030.177 55 62 71 62 79 87 82 56
1770392030.227 56 65 71 61 81 90 79 53
1770392030.278 60 67 71 59 78 90 79 50
1770392030.328 54 66 75 67 83 85 76 52
1770392030.378 54 63 70 63 81 85 76 52
1770392030.428 54 62 73 60 77 87 81 54
1770392030.478 55 66 74 64 77 86 80 59
1770392030.528 56 68 74 61 80 90 79 53
1770392030.578 58 70 74 61 75 89 80 55
1770392030.629 58 66 70 64 80 89 80 52
1770392030.678 56 65 70 59 79 91 82 53
1770392030.728 54 61 74 66 81 86 76 54
1770392030.778 57 65 70 64 79 87 81 54
1770392030.828 55 67 74 64 75 87 82 57
1770392030.878 54 66 77 64 80 86 80 56
1770392030.928 59 72 73 62 77 87 77 52
1770392030.978 57 67 72 63 78 87 85 58
1770392031.028 62 66 71 60 82 91 82 52
1770392031.079 53 65 72 62 78 86 82 56
1770392031.128 54 65 73 65 81 86 77 53
1770392031.178 56 63 72 65 82 87 75 54
1770392031.228 51 64 75 64 76 84 80 56
1770392031.278 55 68 77 68 80 86 81 56
1770392031.328 57 68 72 59 78 88 79 57
1770392031.379 55 68 76 62 75 89 81 57
1770392031.428 56 65 68 62 82 92 82 54
1770392031.478 54 64 73 59 79 93 83 54
1770392031.528 56 60 67 62 83 90 83 55
1770392031.578 55 64 73 63 79 87 75 54
1770392031.628 49 62 76 64 77 86 79 55
1770392031.678 56 64 72 62 76 80 77 57
1770392031.728 56 69 72 58 80 86 82 54
1770392031.779 55 67 73 61 80 90 84 54
1770392031.829 59 69 74 63 82 90 81 55
1770392031.878 54 66 70 60 76 89 81 53
1770392031.928 54 61 70 66 81 85 77 52
1770392031.979 55 64 67 59 75 89 78 55
1770392032.028 52 64 74 64 76 85 77 56
1770392032.078 56 66 74 61 75 85 79 57
1770392032.128 56 65 71 60 76 85 78 54
1770392032.178 54 67 73 63 82 93 84 56
1770392032.229 56 62 66 62 80 87 77 52
1770392032.278 59 71 72 61 80 94 79 51
1770392032.329 54 61 70 66 81 87 79 58
1770392032.378 56 63 71 61 82 88 77 52
1770392032.429 55 64 75 62 78 86 80 59
1770392032.478 58 66 74 65 78 84 79 56
1770392032.528 54 67 71 59 77 89 85 56
1770392032.578 55 69 77 63 75 87 84 57
1770392032.629 57 63 70 63 81 90 82 54
1770392032.678 59 67 68 62 82 91 80 53
1770392032.728 55 65 74 64 82 90 81 54
1770392032.779 56 62 70 64 84 91 78 54
1770392032.828 52 64 74 65 76 84 82 58
1770392032.878 53 63 71 64 79 85 80 57
1770392032.928 57 68 74 61 78 88 80 53
1770392032.978 55 65 72 59 76 89 84 54
1770392033.029 58 66 73 63 77 90 81 58
1770392033.078 60 67 69 62 80 90 82 53
1770392033.129 54 67 73 61 79 88 80 52
1770392033.178 55 60 70 70 84 91 79 55
1770392033.228 55 66 74 63 76 86 81 54
1770392033.278 52 62 76 65 78 85 80 57
1770392033.328 56 66 72 61 76 86 80 55
1770392033.378 52 66 74 60 75 89 85 55
1770392033.428 55 64 74 62 79 88 80 57
1770392033.478 58 68 71 63 81 92 79 51
1770392033.528 56 63 70 59 78 88 81 56
1770392033.578 55 63 75 65 80 86 77 54
1770392033.629 55 63 71 63 80 86 80 53
1770392033.678 51 63 77 62 76 86 78 58
1770392033.728 56 68 73 63 77 87 79 55
1770392033.779 56 69 73 59 78 86 81 55
1770392033.828 56 69 74 62 81 90 82 59
1770392033.879 57 65 70 62 81 88 80 54
1770392033.928 58 68 73 61 82 91 80 52
1770392033.978 52 62 71 66 82 88 81 54
1770392034.028 55 64 72 65 80 86 78 56
1770392034.078 50 66 77 63 76 87 82 58
1770392034.129 53 67 76 64 78 85 76 58
1770392034.178 56 68 74 63 79 89 84 55
1770392034.228 58 70 74 65 80 87 84 55
1770392034.278 58 66 70 65 81 89 79 54
1770392034.328 59 64 72 61 80 90 81 51
1770392034.379 55 65 73 63 81 92 83 56
1770392034.428 54 61 71 68 84 89 81 54
1770392034.478 55 65 74 64 81 89 82 56
1770392034.529 51 64 75 63 74 83 80 55
1770392034.578 55 71 72 59 78 89 82 57
1770392034.628 54 65 77 64 80 86 78 55
1770392034.678 59 65 70 61 78 89 79 54
1770392034.729 56 66 72 60 80 90 80 51
1770392034.779 55 65 72 66 81 88 79 51
1770392034.828 52 63 72 65 80 87 76 57
1770392034.878 55 63 76 62 77 85 79 54
1770392034.928 52 63 77 65 78 84 79 59
1770392034.978 57 69 73 63 83 89 77 50
1770392035.028 56 69 79 63 76 88 82 58
1770392035.078 60 69 71 59 78 87 79 54
1770392035.129 56 67 73 61 80 88 81 51
1770392035.179 55 65 72 64 80 87 79 55
1770392035.228 57 63 68 65 85 90 76 54
1770392035.278 53 65 71 63 78 88 80 52
1770392035.328 55 66 75 65 82 84 78 56
1770392035.378 56 65 71 65 78 86 78 53
1770392035.429 56 71 77 61 74 83 79 55
1770392035.478 57 66 73 65 81 91 83 53
1770392035.528 61 66 72 63 80 89 83 55
1770392035.579 52 62 73 66 81 89 81 54
1770392035.628 55 62 68 63 80 88 77 54
1770392035.678 54 66 74 64 82 91 78 53
1770392035.728 50 67 75 61 76 86 81 59
1770392035.779 58 68 72 65 81 90 83 56
1770392035.828 55 67 71 59 77 85 85 54
1770392035.879 57 64 69 63 79 86 76 53
1770392035.928 56 67 69 61 80 92 84 53
1770392035.979 54 65 76 68 81 86 77 51
1770392036.028 54 63 69 64 82 90 79 54
1770392036.078 53 63 74 66 80 84 77 53
1770392036.128 55 64 73 65 80 83 80 57
1770392036.179 55 64 73 64 79 88 81 53
1770392036.228 51 66 69 58 73 88 86 57
1770392036.279 56 66 73 63 76 86 78 56
1770392036.328 59 68 70 59 80 88 79 50
1770392036.379 53 65 71 63 78 87 79 52
1770392036.428 55 64 71 64 84 89 78 51
1770392036.478 48 61 70 63 80 90 82 54
1770392036.528 54 65 77 68 77 85 81 58
1770392036.579 54 63 70 60 79 86 81 57
1770392036.629 57 68 74 60 76 84 79 54
1770392036.678 56 65 72 63 80 91 82 56
1770392036.728 58 65 68 67 81 89 79 50
1770392036.779 54 65 72 64 82 88 79 54
1770392036.828 57 60 70 66 84 91 77 50
1770392036.878 54 66 71 66 81 88 81 55
1770392036.929 54 63 72 65 83 84 79 57
1770392036.978 56 66 72 61 77 84 78 55
1770392037.029 52 66 74 61 77 90 85 57
1770392037.078 58 67 74 67 79 86 78 57
1770392037.128 58 64 71 60 82 92 86 54
1770392037.178 59 67 73 58 78 90 83 54
1770392037.229 56 65 70 61 80 90 76 53
1770392037.278 56 66 74 63 83 93 81 52
1770392037.328 52 63 75 66 81 88 79 55
1770392037.379 52 64 72 65 79 89 80 55
1770392037.429 55 67 74 62 77 89 82 55
1770392037.478 56 64 70 59 75 86 83 57
1770392037.528 57 65 71 60 80 87 79 53
1770392037.579 58 66 72 62 81 93 82 53
1770392037.628 55 63 73 66 81 87 75 53
1770392037.679 53 63 72 62 80 87 80 52
1770392037.728 53 66 74 64 76 81 76 56
1770392037.779 50 63 72 66 81 88 80 58
1770392037.829 54 68 74 60 74 87 83 59
1770392037.878 52 66 75 60 76 87 83 55
1770392037.928 58 65 68 62 79 87 77 53
1770392037.978 58 67 68 64 80 89 79 49
1770392038.029 53 62 70 63 80 86 81 56
1770392038.078 55 65 72 64 83 89 76 55
1770392038.129 54 63 75 63 77 85 79 56
1770392038.178 54 65 73 64 80 86 79 57
1770392038.229 56 68 74 60 75 91 84 55
1770392038.279 56 69 76 62 78 88 83 54
1770392038.328 57 64 68 60 80 91 81 55
1770392038.378 60 65 69 64 81 87 80 49
1770392038.428 59 65 73 67 83 92 82 53
1770392038.479 56 64 73 65 84 88 76 52
1770392038.528 53 68 78 63 79 91 82 55
1770392038.579 53 64 74 64 79 86 81 60
1770392038.629 57 72 74 60 79 89 85 56
1770392038.679 56 62 71 58 76 88 83 57
1770392038.728 58 67 72 63 80 84 80 53
1770392038.779 54 65 71 62 81 93 82 54
1770392038.829 55 63 71 64 79 87 79 55
1770392038.879 54 59 70 64 81 87 78 56
1770392038.929 54 66 72 61 80 87 82 55
1770392038.979 50 63 75 69 79 86 83 57
1770392039.028 54 66 73 60 78 89 81 58
1770392039.078 56 70 73 61 77 88 83 53
1770392039.128 56 64 68 61 82 87 78 54
1770392039.179 58 67 72 60 83 91 80 52
1770392039.228 54 63 71 63 78 86 77 53
1770392039.278 59 64 72 66 82 87 72 52
1770392039.329 56 62 71 64 80 89 80 55
1770392039.378 53 65 74 65 81 88 81 56
1770392039.428 54 66 73 65 77 88 81 55
1770392039.478 54 65 74 62 77 89 80 52
1770392039.529 56 64 70 63 77 85 80 58
1770392039.579 62 66 71 60 79 90 80 52
1770392039.628 60 67 71 58 81 88 79 54
1770392039.678 56 63 69 66 80 86 79 51
1770392039.728 57 66 74 68 84 90 79 53
1770392039.778 56 63 75 67 79 87 83 54
1770392039.828 54 64 74 66 81 85 78 57
1770392039.879 52 65 75 61 78 90 85 59
1770392039.929 58 69 73 65 78 87 82 56
1770392039.979 58 68 71 63 80 90 82 54
1770392040.029 57 66 73 62 78 90 81 51
1770392040.078 54 59 69 66 81 86 77 53
1770392040.129 58 64 70 64 82 90 80 54
1770392040.178 54 66 72 63 78 87 79 53
1770392040.228 54 65 76 62 76 82 79 58
1770392040.278 55 68 78 65 80 88 82 59
1770392040.329 57 67 73 60 75 89 83 55
1770392040.378 56 64 68 61 80 92 82 55
1770392040.428 53 65 72 61 77 90 82 55
1770392040.479 51 63 74 65 82 86 74 52
1770392040.528 57 62 73 64 80 88 74 55
1770392040.579 57 66 75 63 77 83 78 56
1770392040.629 53 64 75 66 78 86 81 57
1770392040.678 54 67 74 61 78 90 80 54
1770392040.728 56 66 73 61 75 89 84 59
1770392040.779 59 67 70 60 82 91 77 51
1770392040.829 52 64 75 66 80 88 79 54
1770392040.879 53 64 69 60 78 84 79 57
1770392040.929 57 66 71 63 77 87 79 53
1770392040.979 51 66 75 65 79 89 82 56
1770392041.028 55 64 74 62 78 87 81 57
1770392041.079 53 67 73 63 82 89 83 56
1770392041.128 59 68 70 60 77 89 81 54
1770392041.179 57 68 71 63 80 88 81 57
1770392041.228 57 64 68 58 81 91 82 50
1770392041.279 53 64 72 67 79 85 77 55
1770392041.329 54 61 72 65 81 86 75 51
1770392041.379 56 69 79 65 78 86 81 54
1770392041.428 54 68 72 61 75 82 82 62
1770392041.478 57 72 74 61 76 89 80 57
1770392041.528 54 70 73 59 78 89 84 56
1770392041.579 58 62 72 61 78 87 83 53
1770392041.629 57 65 68 59 83 92 82 54
1770392041.678 54 66 72 63 78 88 82 54
1770392041.729 54 63 72 65 80 88 79 53
1770392041.778 54 66 72 62 78 90 80 52
1770392041.829 52 63 74 66 77 86 80 55
1770392041.879 57 67 71 62 78 88 79 55
1770392041.929 54 69 75 61 78 88 82 57
1770392041.979 56 64 68 62 79 88 78 55
1770392042.028 59 66 71 61 82 88 80 50
1770392042.079 53 64 73 60 76 90 81 55
1770392042.128 54 63 70 66 82 83 74 51
1770392042.179 53 64 73 60 76 88 81 59
1770392042.228 53 66 73 65 77 85 81 55
1770392042.278 57 68 73 61 79 90 84 55
1770392042.329 57 71 75 61 76 86 82 54
1770392042.379 54 62 73 62 76 87 80 56
1770392042.428 57 66 69 60 81 93 76 52
1770392042.479 56 64 74 60 78 89 80 55
1770392042.529 53 60 69 62 79 88 76 52
1770392042.579 58 70 76 62 77 89 79 55
1770392042.628 56 66 74 61 76 82 80 55
1770392042.678 56 65 72 62 80 90 81 54
1770392042.729 56 71 76 65 78 89 83 56
1770392042.779 57 66 67 61 80 91 83 57
1770392042.829 54 65 70 61 81 93 79 53
1770392042.879 56 67 72 63 79 88 79 54
1770392042.929 52 61 72 67 82 87 76 55
1770392042.979 54 67 74 63 81 88 78 51
1770392043.029 51 65 75 62 77 84 78 61
1770392043.079 58 70 74 64 80 92 83 54
1770392043.129 53 69 75 63 76 90 84 53
1770392043.179 57 63 70 65 81 89 81 57
1770392043.228 56 64 70 62 82 87 77 49
1770392043.279 54 63 71 64 81 89 78 57
1770392043.328 52 60 76 69 81 87 78 57
1770392043.379 53 66 74 65 81 88 78 54
1770392043.428 54 67 78 62 76 81 81 58
1770392043.478 59 66 71 62 79 89 79 50
1770392043.528 55 68 70 60 80 90 82 54
1770392043.579 55 65 69 63 81 88 80 55
1770392043.628 56 65 72 64 81 91 80 53
1770392043.679 49 58 71 65 81 85 78 56
1770392043.728 51 59 72 67 82 83 77 55
1770392043.778 54 66 71 61 76 86 83 54
1770392043.829 54 64 72 63 75 87 80 57
1770392043.878 58 68 73 67 80 88 78 52
1770392043.928 56 66 69 59 75 90 82 51
1770392043.979 59 60 67 65 82 88 79 48
1770392044.028 56 68 73 63 80 92 79 51
1770392044.079 52 57 73 66 79 83 78 56
1770392044.129 55 62 72 66 81 86 81 54
1770392044.179 55 65 75 63 78 86 80 58
1770392044.229 55 68 76 61 78 84 82 56
1770392044.279 58 67 75 63 75 86 79 57
1770392044.329 59 70 76 63 78 89 81 53
1770392044.379 56 63 71 61 82 90 80 59
1770392044.428 59 64 73 64 85 89 76 52
1770392044.478 54 63 74 68 81 90 79 54
1770392044.529 57 63 72 68 80 83 75 54
1770392044.579 58 66 73 64 78 89 76 55
1770392044.629 52 67 73 61 75 87 83 55
1770392044.679 57 66 75 67 81 87 80 59
1770392044.729 55 64 69 58 79 88 82 55
1770392044.778 59 69 74 64 77 90 81 50
1770392044.829 52 60 70 64 84 90 80 52
1770392044.878 53 67 78 68 83 87 82 57
1770392044.928 55 61 72 62 80 89 77 56
1770392044.979 54 68 76 64 77 86 81 56
1770392045.028 53 66 72 62 78 87 83 60
1770392045.079 57 67 73 58 77 86 79 55
1770392045.128 55 66 70 61 80 92 81 56
1770392045.179 57 65 73 62 81 87 82 57
1770392045.229 58 67 71 61 84 89 80 54
1770392045.279 52 64 75 68 81 85 78 56
1770392045.328 54 63 71 64 79 85 79 53
1770392045.379 55 67 74 62 75 84 79 54
1770392045.429 53 64 77 66 78 82 78 56
1770392045.478 57 69 70 62 77 87 81 53
1770392045.529 57 67 73 61 80 86 81 54
1770392045.579 56 63 71 60 79 85 77 55
1770392045.629 58 63 69 64 84 91 81 52
1770392045.679 55 67 75 65 81 88 78 54
1770392045.728 54 63 68 62 79 85 78 54
1770392045.779 52 68 78 66 79 87 83 55
1770392045.829 55 67 74 61 74 83 81 60
1770392045.879 60 69 70 60 76 90 80 55
1770392045.929 59 70 72 59 78 89 79 55
1770392045.979 56 66 71 63 82 87 77 51
1770392046.029 57 62 71 67 84 86 76 53
1770392046.079 55 64 77 66 78 86 81 55
1770392046.129 52 66 73 63 81 87 81 60
1770392046.179 55 71 77 61 76 89 82 59
1770392046.228 56 67 77 62 79 87 84 59
1770392046.279 58 68 72 59 77 89 79 54
1770392046.328 55 67 72 62 78 90 81 54
1770392046.379 59 64 72 61 78 88 80 55
1770392046.429 57 66 70 63 83 93 81 52
1770392046.478 52 62 74 64 78 84 80 56
1770392046.529 54 62 74 65 84 88 80 55
1770392046.578 57 70 73 63 77 89 82 58
1770392046.629 53 66 72 63 77 83 83 58
1770392046.678 55 69 73 57 79 93 86 57
1770392046.729 55 63 70 63 76 88 80 55
1770392046.779 60 65 69 64 83 91 79 54
1770392046.828 58 69 70 61 80 90 79 50
1770392046.879 53 62 73 64 81 86 76 52
1770392046.929 55 60 73 61 83 85 79 54
1770392046.978 54 66 76 64 78 88 79 54
1770392047.029 52 64 71 65 78 83 81 60
1770392047.079 58 70 75 59 78 90 77 53
1770392047.129 56 69 72 59 73 87 82 57
1770392047.179 59 65 70 63 80 88 79 52
1770392047.229 58 66 70 59 79 89 81 50
1770392047.278 54 65 73 64 81 89 77 54
1770392047.329 54 63 69 67 82 88 79 57
1770392047.379 56 66 69 65 79 85 75 50
1770392047.429 50 65 78 67 80 83 80 60
1770392047.479 55 65 72 63 77 88 82 54
1770392047.529 56 69 72 60 77 88 84 58
1770392047.579 57 64 70 60 79 88 79 55
1770392047.629 55 68 72 59 80 91 81 54
1770392047.678 54 62 71 65 82 89 81 55
1770392047.728 53 61 70 66 83 87 79 51
1770392047.779 53 64 74 63 80 89 81 55
1770392047.829 51 65 76 66 77 86 80 56
1770392047.879 54 64 73 62 80 88 77 55
1770392047.929 53 68 74 61 75 87 86 58
1770392047.978 57 65 70 59 75 86 80 56
1770392048.029 57 67 70 60 80 91 79 56
1770392048.078 55 65 71 62 82 86 82 54
1770392048.129 58 63 68 66 84 87 78 53
1770392048.179 55 66 72 64 81 88 81 53
1770392048.229 50 60 75 68 81 83 76 55
1770392048.279 53 64 73 61 79 88 76 57
1770392048.329 54 66 71 60 77 87 84 58
1770392048.379 58 69 73 59 77 86 80 54
1770392048.429 55 66 69 57 80 90 78 51
1770392048.479 57 62 73 63 79 87 79 53
1770392048.528 56 62 68 62 82 92 75 52
1770392048.579 52 65 72 65 79 88 80 54
1770392055.229 1 -2 -1 -3 1 2 0 0
1770392055.280 2 0 -1 4 3 -1 -1 -1
1770392055.329 0 2 0 0 2 2 -1 0
1770392055.380 -5 0 4 3 -2 0 -1 1
1770392055.429 0 -3 0 1 2 1 -4 4
1770392055.479 0 2 2 -1 -5 0 1 2
1770392055.529 -4 -1 4 1 -3 0 -2 2
1770392055.579 2 2 0 0 -1 0 2 -1
1770392055.629 53 59 66 59 70 80 74 51
1770392055.679 58 60 69 61 82 90 76 52
1770392055.729 53 63 71 58 81 84 78 51
1770392055.779 53 68 76 67 79 81 73 61
1770392055.830 55 60 68 64 78 78 68 53
1770392055.879 55 68 71 62 76 81 71 54
1770392055.929 56 63 66 63 67 75 69 59
1770392055.979 63 64 65 55 65 73 66 49
1770392056.030 55 59 65 58 70 71 67 54
1770392056.079 62 82 91 57 67 72 62 50
1770392056.129 52 75 96 60 61 70 70 56
1770392056.180 60 63 69 59 66 68 63 55
1770392056.229 61 62 58 53 64 69 64 49
1770392056.279 53 58 58 48 66 67 64 48
1770392056.330 55 55 61 54 63 69 61 45
1770392056.379 57 61 60 49 65 69 59 48
1770392056.430 55 60 67 63 66 66 60 52
1770392056.480 51 61 67 57 62 69 65 50
1770392056.530 50 63 65 58 63 64 60 49
1770392056.580 48 59 63 56 60 63 67 53
1770392056.630 58 60 58 51 61 70 66 53
1770392056.680 49 57 60 53 61 69 64 54
1770392056.730 54 60 64 52 64 65 58 49
1770392056.780 50 60 65 57 63 71 63 49
1770392056.830 52 56 61 50 59 62 62 49
1770392056.880 55 59 59 52 59 68 64 54
1770392056.930 59 64 68 50 55 64 66 49
1770392056.980 53 61 63 56 60 66 66 55
1770392057.030 53 59 61 51 64 71 64 51
1770392057.080 57 57 62 51 68 69 59 50
1770392057.130 53 57 58 56 65 68 60 50
1770392057.180 56 60 59 56 66 69 60 54
1770392057.230 54 67 69 54 61 62 61 52
1770392057.280 79 97 76 55 63 65 54 46
1770392057.330 58 79 72 53 58 65 59 54
1770392057.380 70 94 75 52 62 74 64 56
1770392057.430 68 123 114 53 66 84 74 71
1770392057.480 66 71 72 56 70 76 87 72
1770392057.530 87 87 70 52 74 84 65 52
1770392057.580 67 72 68 56 65 70 60 45
1770392057.630 47 59 79 60 61 67 65 56
1770392057.680 50 71 105 79 60 63 61 56
1770392057.730 53 79 85 60 60 64 63 51
1770392057.780 57 63 64 50 59 62 61 51
1770392057.830 60 62 62 52 58 66 61 47
1770392057.880 63 62 69 60 64 68 61 50
1770392057.930 59 59 67 59 71 69 59 47
1770392057.980 57 65 65 56 68 73 57 48
1770392058.030 54 64 65 53 65 67 62 48
1770392058.080 54 63 64 57 69 70 62 49
1770392058.129 57 65 70 58 60 67 63 53
1770392058.180 56 63 69 54 55 60 59 50
1770392058.230 60 70 66 52 63 73 62 45
1770392058.280 60 66 71 58 66 67 60 46
1770392058.329 61 64 67 60 68 70 67 50
1770392058.380 59 64 69 62 68 71 64 54
1770392058.430 54 65 74 60 61 65 68 60
1770392058.480 55 60 65 58 62 66 67 58
1770392058.530 57 61 60 51 62 67 67 51
1770392058.580 55 60 63 51 61 70 70 56
1770392058.630 58 61 62 54 61 69 65 47
1770392058.680 58 63 65 55 63 74 67 48
1770392058.730 58 59 60 59 69 72 61 49
1770392058.780 58 60 61 53 68 70 56 47
1770392058.830 53 60 64 54 62 65 62 48
1770392058.880 55 59 62 56 62 63 57 53
1770392058.930 56 59 65 57 62 64 60 50
1770392058.980 53 66 70 56 57 62 66 50
1770392059.030 59 61 66 58 63 63 61 46
1770392059.080 58 60 63 56 63 71 60 44
1770392059.130 55 62 61 55 65 64 61 47
1770392059.180 58 60 60 56 67 68 56 44
1770392059.230 54 60 68 58 61 65 57 45
1770392059.280 51 56 70 61 65 69 59 49
1770392059.330 54 62 63 56 58 57 52 47
1770392059.380 53 59 64 53 56 54 56 48
1770392059.430 58 64 69 58 59 61 56 54
1770392059.480 62 69 63 51 63 69 63 46
1770392059.530 55 66 63 47 61 67 59 45
1770392059.580 62 63 63 51 70 71 64 46
1770392059.631 57 57 68 61 67 69 66 53
1770392059.680 58 63 70 66 72 66 60 55
1770392059.730 52 59 64 55 66 69 63 46
1770392059.780 53 58 64 52 62 72 67 50
1770392059.830 51 57 62 52 60 63 64 49
1770392059.881 52 58 62 53 63 69 63 47
1770392059.930 55 61 62 50 62 69 63 50
1770392059.980 56 60 71 66 61 63 59 47
1770392060.030 45 56 66 57 68 83 82 57
1770392060.080 51 65 79 62 90 110 102 65
1770392060.130 50 96 133 89 86 105 91 61
1770392060.180 55 102 144 97 70 78 74 62
1770392060.231 59 85 119 114 97 74 64 62
1770392060.281 53 75 97 107 122 92 71 62
1770392060.330 59 78 95 100 120 111 78 60
1770392060.380 55 72 85 84 112 113 90 56
1770392060.430 55 71 83 78 102 111 100 69
1770392060.480 52 64 71 78 99 95 89 78
1770392060.530 53 62 68 63 82 91 90 76
1770392060.580 50 59 75 66 72 75 79 69
1770392060.630 61 59 68 58 66 66 62 59
1770392060.680 56 62 67 56 63 68 64 52
1770392060.730 56 72 73 56 56 61 61 52
1770392060.780 53 65 65 54 57 72 64 51
1770392060.830 58 68 60 48 60 69 63 48
1770392060.880 56 68 64 54 59 63 59 44
1770392060.930 61 64 58 56 66 69 60 44
1770392060.980 62 70 64 51 62 68 56 45
1770392061.031 56 64 64 58 61 65 55 45
1770392061.080 56 66 62 56 64 66 54 47
1770392061.130 57 69 65 54 59 68 63 47
1770392061.180 57 65 62 52 58 65 62 49
1770392061.231 63 67 62 53 64 71 64 48
1770392061.280 58 65 66 55 59 64 61 51
1770392061.331 56 61 63 52 61 70 61 45
1770392061.381 57 64 63 53 61 63 59 46
1770392091.082 -3 0 0 0 0 -1 1 3
1770392091.132 -2 -1 0 1 2 -1 -2 0
1770392091.182 0 1 4 -1 0 -1 0 1
1770392091.233 -4 -2 0 0 -3 -2 0 4
1770392091.282 -2 0 0 1 1 0 -1 -1
1770392091.332 0 1 2 0 -1 -2 -2 -1
1770392091.382 0 3 3 1 -2 -3 0 1
1770392091.432 0 1 0 -5 -5 0 2 3
1770392091.482 -2 -2 0 0 1 -1 0 1
1770392091.532 0 0 -2 -6 -2 4 3 1
1770392091.582 0 0 2 -2 -1 0 3 2
1770392091.632 45 57 61 54 60 58 57 47
1770392091.682 46 55 58 50 58 61 60 44
1770392091.732 46 57 62 50 59 61 58 46
1770392091.782 45 52 58 55 62 61 56 46
1770392091.832 46 58 62 52 63 65 59 43
1770392091.882 47 51 60 53 62 61 51 46
1770392091.932 44 52 60 53 64 63 57 42
1770392091.982 47 57 63 52 59 57 53 44
1770392092.032 50 52 60 55 63 61 56 46
1770392092.082 47 57 60 53 62 62 57 45
1770392092.133 43 54 67 59 62 58 59 50
1770392092.182 46 56 62 52 59 56 55 47
1770392092.233 41 55 65 55 59 59 57 49
1770392092.282 46 56 64 54 56 55 55 46
1770392092.332 47 59 65 49 58 61 59 47
1770392092.383 46 58 65 54 59 61 56 47
1770392092.432 49 59 61 53 61 60 56 44
1770392092.482 45 60 63 49 54 64 60 49
1770392092.533 47 60 65 54 62 59 56 46
1770392092.582 46 56 59 47 59 62 57 48
1770392092.632 44 59 62 50 58 63 59 48
1770392092.682 49 56 62 52 59 58 53 46
1770392092.733 47 56 61 51 60 59 56 42
1770392092.782 42 52 59 57 65 62 54 45
1770392092.832 46 58 63 55 62 63 55 46
1770392092.882 46 53 61 53 60 59 56 47
1770392092.933 47 53 65 55 62 58 55 50
1770392092.982 45 57 65 56 63 60 53 47
1770392093.032 42 56 66 58 60 56 54 48
1770392093.083 49 54 64 57 62 60 54 48
1770392093.132 48 55 64 54 58 57 54 46
1770392093.182 43 55 68 60 59 58 59 47
1770392093.232 44 54 61 53 55 61 59 47
1770392093.282 42 55 65 56 63 60 61 52
1770392093.332 44 55 60 53 61 59 56 47
1770392093.382 48 58 60 50 59 60 58 45
1770392093.433 44 56 64 52 60 59 56 48
1770392093.483 50 55 57 55 63 61 55 43
1770392093.532 44 53 59 54 61 60 57 42
1770392093.582 46 53 60 56 65 60 60 45
1770392093.633 49 56 57 53 62 64 58 44
1770392093.682 44 50 58 55 62 60 54 45
1770392093.732 44 54 62 52 62 58 55 45
1770392093.782 44 54 60 54 59 57 54 44
1770392093.833 49 55 60 56 63 58 53 45
1770392093.882 46 59 64 52 61 62 55 46
1770392093.933 43 54 67 57 61 57 57 49
1770392093.982 45 53 61 53 61 57 54 46
1770392094.033 46 56 65 53 58 60 55 46
1770392094.082 46 58 65 53 55 55 55 50
1770392094.132 44 56 61 49 59 63 63 51
1770392094.182 44 59 65 57 60 60 58 49
1770392094.232 49 58 59 51 62 63 58 44
1770392094.282 46 60 65 47 59 64 59 47
1770392094.332 44 56 64 49 57 60 58 50
1770392094.382 48 56 60 51 61 63 56 44
1770392094.432 45 57 62 47 63 63 59 46
1770392094.482 48 57 60 50 61 57 54 47
1770392094.532 50 58 62 49 60 63 58 43
1770392094.582 47 55 61 56 62 59 54 45
1770392094.632 46 57 59 57 66 61 56 42
1770392094.682 43 54 61 57 62 57 53 46
1770392094.732 46 54 61 55 62 60 56 46
1770392094.782 47 58 62 50 60 61 58 46
1770392094.832 44 55 64 56 58 57 56 48
1770392094.882 48 57 63 55 63 59 53 45
1770392094.933 45 57 63 54 61 61 58 45
1770392094.982 45 56 64 56 60 55 55 49
1770392095.032 47 59 65 53 59 62 59 47
1770392095.082 42 56 63 54 60 63 64 52
1770392095.132 46 61 63 54 63 62 58 47
1770392095.182 42 53 61 52 60 58 62 48
1770392095.232 48 57 65 50 59 61 58 46
1770392095.283 49 61 62 53 61 63 61 50
1770392095.332 44 56 61 51 61 64 60 46
1770392095.383 46 51 59 53 65 62 57 47
1770392095.432 50 58 60 53 64 64 56 43
1770392095.483 41 53 59 56 64 61 53 47
1770392095.533 47 53 57 53 61 59 54 45
1770392095.582 43 50 62 54 61 57 57 44
1770392095.632 47 54 62 58 63 59 54 45
1770392095.682 46 55 62 55 63 62 59 47
1770392095.733 44 51 63 55 61 57 54 47
1770392095.782 45 54 62 51 63 60 58 49
1770392095.832 43 59 64 52 56 59 58 45
1770392095.882 45 57 65 55 59 57 57 47
1770392095.933 49 58 66 51 57 59 58 43
1770392095.982 46 55 66 54 61 59 54 48
1770392096.033 49 61 63 46 58 62 57 46
1770392096.082 45 54 63 55 61 62 60 43
1770392096.132 47 53 59 52 63 60 57 46
1770392096.182 49 54 61 50 65 63 55 43
1770392096.232 45 60 64 52 59 63 56 46
1770392096.283 49 53 60 56 62 62 54 47
1770392096.332 46 56 66 50 62 60 60 47
1770392096.382 46 53 61 57 65 60 54 44
1770392096.432 43 54 62 56 65 60 55 42
1770392096.483 41 53 65 59 61 58 55 45
1770392096.532 45 56 59 52 62 61 54 47
1770392096.582 43 58 64 54 57 59 55 45
1770392096.633 44 50 60 51 62 59 59 47
1770392096.682 46 58 62 54 60 58 54 45
1770392096.732 41 55 64 51 59 58 59 48
1770392096.783 44 55 62 54 62 58 56 45
1770392096.832 45 57 65 53 56 62 59 48
1770392096.882 44 54 64 55 60 58 56 47
1770392096.933 48 59 61 49 59 62 59 44
1770392096.983 43 57 63 50 57 59 59 46
1770392097.032 46 57 61 53 63 62 58 48
1770392097.082 44 58 61 52 58 61 57 46
1770392097.133 44 56 62 51 61 63 59 47
1770392097.182 51 58 58 50 64 63 58 45
1770392097.233 44 55 61 53 59 63 56 46
1770392097.282 45 52 58 53 65 61 53 43
1770392097.332 45 56 63 57 61 59 57 44
1770392097.382 45 52 61 55 64 58 51 44
1770392097.433 45 56 64 56 61 61 55 44
1770392097.482 42 57 66 56 57 55 57 47
1770392097.533 44 53 64 55 62 58 56 47
1770392097.582 44 59 63 50 60 62 56 46
1770392097.632 43 58 66 54 59 56 57 49
1770392097.682 43 54 63 55 61 61 55 48
1770392097.733 50 61 63 51 53 58 55 48
1770392097.782 47 57 61 52 61 61 56 47
1770392097.832 48 59 63 50 59 61 58 47
1770392097.883 46 56 62 50 59 61 56 48
1770392097.932 46 54 57 49 61 62 56 44
1770392097.982 45 54 61 50 61 62 59 47
1770392098.033 51 57 62 52 60 61 55 47
1770392098.082 48 58 60 53 64 63 61 45
1770392098.133 47 55 62 55 62 59 55 45
1770392098.182 48 56 61 53 59 61 56 45
1770392098.232 42 55 65 56 63 58 53 47
1770392098.283 44 57 64 57 62 61 57 47
1770392098.332 43 58 64 53 57 55 55 47
1770392098.383 44 55 66 57 60 55 55 50
1770392098.433 44 58 62 50 60 60 55 48
1770392098.482 43 58 64 53 58 59 58 48
1770392098.533 45 55 61 54 60 58 59 48
1770392098.583 48 59 64 52 59 61 58 46
1770392098.632 43 55 60 52 60 59 56 49
1770392098.682 49 59 64 49 57 61 62 47
1770392098.733 49 58 61 52 60 59 54 50
1770392098.782 51 59 57 47 59 64 62 47
1770392098.832 51 58 58 48 59 62 57 47
1770392098.882 48 57 62 51 61 63 57 42
1770392098.933 45 60 60 56 65 65 57 45
1770392098.983 44 52 62 53 61 61 57 46
1770392099.033 49 54 60 54 63 64 55 41
1770392099.082 44 56 65 54 56 57 55 47
1770392099.132 45 55 63 56 62 59 57 48
1770392099.183 44 55 61 52 62 60 53 46
1770392099.232 44 53 63 53 59 57 56 51
1770392099.282 45 60 63 53 60 59 57 45
1770392099.333 43 57 65 54 58 58 58 49
1770392099.383 44 56 62 55 62 59 56 46
1770392099.433 48 60 61 51 56 61 63 47
1770392099.482 48 59 60 54 58 57 60 52
1770392099.533 48 58 59 50 62 60 58 45
1770392099.582 46 58 65 53 58 59 61 48
1770392099.632 51 59 61 54 65 61 54 45
1770392099.682 46 58 59 52 59 58 61 46
1770392099.733 47 55 61 49 60 63 59 49
1770392099.782 47 51 60 51 63 63 58 42
1770392099.833 49 58 61 51 64 63 58 43
1770392099.882 45 53 61 52 59 59 55 45
1770392099.932 49 54 59 53 65 64 56 43
1770392099.982 44 52 65 54 60 59 54 47
1770392100.033 47 55 60 56 63 60 56 46
1770392100.082 42 58 65 54 62 59 56 49
1770392100.133 45 56 63 57 64 58 55 44
1770392100.183 45 57 62 51 59 60 57 48
1770392100.232 45 54 63 57 59 58 59 50
1770392100.283 44 54 62 56 59 57 54 49
1770392100.333 46 59 66 54 60 59 56 44
1770392100.382 45 53 65 52 61 57 54 47
1770392100.432 47 58 62 51 58 61 59 45
1770392100.483 44 56 59 53 55 58 55 51
1770392100.532 48 58 59 49 59 62 56 43
1770392100.583 47 57 63 49 58 64 62 46
1770392100.632 44 54 59 52 61 58 55 43
1770392100.683 48 52 56 55 64 62 55 43
1770392100.733 46 54 60 55 60 59 56 41
1770392100.782 45 49 61 56 65 63 56 46
1770392100.832 44 53 59 52 62 62 55 44
1770392100.883 45 56 63 59 57 56 54 47
1770392100.933 45 56 63 52 60 59 57 47
1770392100.983 48 58 67 56 60 60 55 47
1770392101.033 45 56 65 54 61 61 59 51
1770392101.083 47 58 65 53 61 62 60 44
1770392101.133 47 55 64 54 62 58 57 50
1770392101.183 43 56 62 52 61 63 59 47
1770392101.232 44 58 62 50 59 63 58 49
1770392101.283 48 59 62 52 59 59 60 50
1770392101.333 48 59 60 46 60 62 57 45
1770392101.383 48 58 61 52 63 60 54 48
1770392101.432 48 57 59 48 61 66 58 43
1770392101.482 45 58 61 53 56 58 60 44
1770392101.533 46 54 58 52 61 60 56 44
1770392101.582 51 58 59 51 61 61 56 44
1770392101.632 44 54 63 51 62 60 58 45
1770392101.682 46 54 59 55 62 59 52 46
1770392101.733 44 56 65 51 62 63 57 43
1770392101.783 45 52 63 56 63 58 53 46
1770392101.833 45 54 63 56 64 59 56 46
1770392101.883 43 56 68 60 61 57 55 50
1770392101.933 43 56 63 55 61 60 55 46
1770392101.982 42 54 64 53 59 58 57 49
1770392102.032 44 52 62 54 62 56 53 46
1770392102.082 47 59 63 52 58 61 56 47
1770392102.132 43 55 66 55 60 61 61 50
1770392102.183 47 58 62 51 60 60 57 49
1770392102.233 42 59 66 54 58 59 61 47
1770392102.282 42 54 56 42 55 58 56 45
1770392102.333 36 49 51 42 46 53 54 44
1770392102.382 36 42 40 37 40 49 44 37
1770392102.433 36 42 38 35 40 46 42 30
1770392102.483 33 35 34 31 35 38 40 29
1770392102.533 34 33 32 30 34 34 31 22
1770392102.583 27 28 27 27 31 34 29 20
1770392102.632 25 27 31 34 32 30 26 23
1770392102.682 27 25 24 29 31 31 26 19
1770392102.733 26 23 25 28 29 26 23 15
1770392102.782 29 27 26 32 32 27 24 20
1770392102.833 28 31 30 33 29 28 25 22
1770392102.883 24 24 30 35 34 28 27 23
1770392102.933 28 28 32 33 32 29 26 22
1770392102.982 25 31 33 31 30 27 29 20
1770392103.033 26 34 37 33 24 23 25 25
1770392103.082 34 41 39 33 32 31 27 23
1770392103.133 37 42 42 34 27 28 29 23
1770392103.183 39 39 34 35 35 33 27 22
1770392103.232 37 42 37 29 27 32 32 22
1770392103.282 36 39 40 36 30 32 27 24
1770392103.333 37 39 37 31 31 33 26 21
1770392103.383 37 37 32 32 31 32 25 14
1770392103.432 33 37 34 28 28 29 26 16
1770392103.483 35 30 28 31 32 27 24 15
1770392103.533 33 34 28 27 31 31 23 16
1770392103.583 32 35 36 35 34 30 25 20
1770392103.632 33 36 36 34 33 34 27 20
1770392103.683 34 41 40 40 35 36 34 24
1770392103.733 41 43 44 42 43 42 38 28
1770392103.783 42 53 57 48 48 54 50 38
1770392103.833 45 53 59 54 54 56 53 45
1770392103.883 51 59 66 53 63 62 54 42
1770392103.932 52 61 66 53 62 67 62 51
1770392103.982 51 61 66 52 58 63 59 53
1770392104.033 50 62 64 50 60 67 60 50
1770392104.082 53 61 64 51 59 64 58 50
1770392104.132 51 62 64 48 58 68 64 52
1770392104.183 55 60 65 54 58 64 61 49
1770392104.232 56 59 64 49 59 67 62 50
1770392104.282 55 61 67 50 62 67 63 50
1770392104.332 53 58 65 55 64 63 59 48
1770392104.382 53 59 58 46 62 70 60 47
1770392104.433 53 58 66 54 62 66 60 51
1770392104.483 54 59 62 54 63 65 57 46
1770392104.533 55 58 65 56 67 66 61 50
1770392104.583 53 60 64 52 65 65 55 47
1770392104.633 52 60 66 58 63 68 59 49
1770392104.683 49 52 64 58 63 64 55 50
1770392104.733 51 60 62 54 64 68 60 49
1770392104.783 51 59 69 55 60 64 58 51
1770392104.833 51 57 65 59 65 62 58 51
1770392104.883 53 62 66 54 60 63 58 49
1770392104.933 52 58 66 56 63 62 59 51
1770392104.983 51 59 67 54 61 64 60 52
1770392105.033 52 57 65 55 61 64 59 53
1770392105.082 50 57 65 50 58 63 61 51
1770392105.133 52 64 68 51 61 64 59 50
1770392105.182 51 60 66 54 59 62 59 51
1770392105.233 52 60 64 52 61 65 62 47
1770392105.283 53 62 68 53 59 64 60 52
1770392105.332 53 65 65 50 62 65 61 49
1770392105.382 53 62 66 53 59 66 61 54
1770392105.432 57 60 66 51 57 66 56 47
1770392105.483 53 60 69 51 60 65 60 47
1770392105.532 55 59 60 50 63 68 62 45
1770392105.583 51 59 64 53 62 70 65 49
1770392105.632 58 56 62 53 64 67 56 46
1770392105.683 54 61 65 53 66 70 62 50
1770392105.733 54 60 67 54 65 66 64 51
1770392105.782 50 58 63 52 64 70 57 49
1770392105.833 53 60 65 52 60 64 61 51
1770392105.883 55 59 62 50 64 66 60 47
1770392105.933 49 61 66 58 63 62 62 48
1770392105.982 52 56 63 55 61 65 58 50
1770392106.033 52 60 67 52 63 65 56 50
1770392106.083 52 61 68 56 61 63 59 50
1770392106.133 52 59 67 52 58 65 56 50
1770392106.183 47 56 69 55 62 64 61 53
1770392106.233 52 59 64 53 61 66 54 49
1770392106.283 50 60 68 52 57 63 59 52
1770392106.333 52 61 67 56 60 65 60 49
1770392106.383 53 64 69 52 60 66 64 52
1770392106.433 53 59 66 53 61 68 59 49
1770392106.483 54 64 65 49 61 67 64 52
1770392106.533 52 59 65 55 61 63 59 54
1770392106.583 54 61 65 53 63 67 61 46
1770392106.633 54 62 62 52 62 66 60 46
1770392106.683 56 64 64 50 63 70 61 49
1770392106.733 55 57 64 51 62 69 62 45
1770392106.783 56 59 68 53 66 67 57 48
1770392106.833 56 61 66 51 63 67 61 47
1770392106.883 53 58 64 54 66 64 60 48
1770392106.933 55 56 63 56 64 66 56 48
1770392106.983 52 59 68 58 60 65 56 48
1770392107.033 50 53 62 55 65 65 57 51
1770392107.083 54 60 65 54 65 66 59 46
1770392107.133 47 58 70 54 62 63 60 55
1770392107.183 51 60 69 59 64 63 57 50
1770392107.233 51 62 70 55 58 59 57 49
1770392107.283 51 56 64 52 58 65 59 47
1770392107.333 51 60 69 56 61 65 62 54
1770392107.383 53 58 67 59 62 60 56 48
1770392107.434 53 59 66 50 61 68 60 47
1770392107.483 50 59 67 54 57 65 60 53
1770392107.534 56 63 67 53 59 65 59 53
1770392107.583 52 63 64 52 60 71 63 52
1770392107.634 55 61 64 55 61 68 60 50
1770392107.683 52 60 63 50 56 65 63 48
1770392107.733 55 59 67 54 67 71 58 50
1770392107.783 53 63 65 54 66 67 62 48
1770392107.833 52 60 69 55 63 66 59 49
1770392107.884 57 59 60 52 66 69 57 45
1770392107.933 51 57 68 57 63 65 59 47
1770392107.984 55 54 62 55 61 65 56 48
1770392108.033 55 58 63 51 62 66 58 46
1770392108.084 51 58 69 56 62 64 55 51
1770392108.133 51 61 66 54 63 65 58 47
1770392108.184 53 58 67 56 62 60 55 49
1770392108.233 52 59 68 51 59 65 60 49
1770392108.284 49 58 67 55 58 62 57 55
1770392108.334 53 59 63 53 61 66 60 51
1770392108.383 52 59 65 52 60 63 61 49
1770392108.434 54 64 65 54 58 61 57 48
1770392108.483 55 62 65 53 60 67 61 50
1770392108.533 52 61 69 56 61 66 62 50
1770392108.584 55 59 65 51 62 66 62 48
1770392108.633 51 58 64 52 61 66 61 51
1770392108.683 55 60 63 51 61 69 59 48
1770392108.733 55 59 62 53 63 68 61 48
1770392108.784 56 60 65 54 62 64 59 48
1770392108.833 56 62 67 52 64 69 58 47
1770392108.883 50 59 68 56 64 68 59 50
1770392108.933 55 56 63 57 64 64 57 47
1770392108.984 56 63 66 57 66 70 55 50
1770392109.033 53 56 66 55 63 60 58 53
1770392109.083 48 59 68 49 60 68 62 52
1770392109.134 53 59 67 57 61 62 57 51
1770392109.183 51 63 65 53 64 66 58 47
1770392109.233 54 59 66 52 58 64 64 52
1770392109.284 50 59 67 55 61 64 58 52
1770392109.333 54 63 65 52 59 65 61 47
1770392109.384 54 60 63 52 59 66 62 52
1770392109.433 53 63 64 49 61 67 62 47
1770392109.483 53 62 63 52 61 67 61 49
1770392109.534 58 63 62 48 63 71 60 48
1770392109.583 53 57 64 56 64 64 60 46
1770392109.633 56 63 65 53 67 67 60 48
1770392109.684 52 60 66 53 62 68 63 49
1770392109.734 52 57 61 57 66 67 58 50
1770392109.783 54 62 66 51 63 70 59 47
1770392109.834 52 59 69 59 64 66 57 50
1770392109.884 55 60 66 56 62 65 57 50
1770392109.934 53 62 70 55 59 65 60 53
1770392109.984 53 58 63 52 62 64 54 46
1770392110.034 48 55 67 59 63 67 58 53
1770392110.084 51 59 65 54 66 64 57 48
1770392110.134 51 60 65 53 62 64 59 49
1770392110.184 51 59 66 54 61 64 58 49
1770392110.234 57 65 69 54 59 61 60 49
1770392110.284 50 64 69 51 54 61 59 51
1770392110.334 54 61 67 54 63 68 58 52
1770392110.384 55 66 70 49 60 67 64 52
1770392110.434 51 57 64 53 62 65 60 50
1770392110.484 52 60 64 50 60 67 62 49
1770392110.534 55 59 60 54 64 68 59 45
1770392110.584 53 62 66 52 59 68 61 45
1770392110.634 55 59 67 59 67 67 60 51
1770392110.684 57 61 66 56 62 66 58 47
1770392110.733 52 58 65 56 63 67 60 51
1770392110.784 50 53 61 55 63 64 58 52
1770392110.834 50 58 69 61 64 66 59 51
1770392110.883 48 56 65 58 62 64 57 50
1770392110.934 53 61 67 54 63 67 58 49
1770392110.983 50 58 68 55 59 63 61 54
1770392111.034 50 58 68 57 64 68 59 53
1770392111.084 49 58 63 53 62 68 61 49
1770392111.134 50 60 68 55 63 65 61 50
1770392111.183 52 58 62 52 61 66 59 51
1770392111.234 49 58 64 53 59 65 62 52
1770392111.284 54 62 66 54 62 73 61 47
1770392111.334 57 62 65 49 59 69 63 49
1770392111.384 56 59 63 52 62 69 61 47
1770392111.434 53 60 63 50 60 66 57 48
1770392111.483 55 59 61 55 67 66 59 50
1770392111.534 56 62 64 51 64 67 63 48
1770392135.535 -1 -4 -1 1 2 0 0 0
1770392135.586 -1 -3 -1 0 0 -1 -2 0
1770392135.635 0 3 1 -4 -1 2 1 3
1770392135.685 0 0 1 2 3 0 -3 0
1770392135.736 0 2 3 0 -3 -2 -1 0
1770392135.785 2 0 2 2 7 5 4 6
1770392135.835 52 62 68 55 58 56 52 44
1770392135.885 51 61 64 54 62 62 52 45
1770392135.935 49 61 67 49 56 59 52 45
1770392135.985 51 61 67 56 57 58 54 48
1770392136.035 54 63 66 49 57 63 53 42
1770392136.086 48 59 67 51 57 60 54 46
1770392136.135 55 62 64 49 57 60 53 45
1770392136.185 53 65 66 51 57 63 59 43
1770392136.235 54 62 64 49 61 62 51 43
1770392136.285 52 60 61 49 56 61 56 42
1770392136.336 56 63 62 50 59 62 52 42
1770392136.385 51 63 71 53 59 60 54 44
1770392136.435 52 57 63 52 60 60 51 41
1770392136.485 50 64 65 52 61 60 51 40
1770392136.536 51 60 71 54 61 61 52 42
1770392136.586 51 59 61 52 61 60 51 42
1770392136.635 50 62 67 52 57 58 57 48
1770392136.685 52 59 65 53 60 62 50 41
1770392136.736 52 62 69 52 58 61 61 50
1770392136.786 57 65 68 53 56 61 55 45
1770392136.835 51 64 67 51 55 63 56 49
1770392136.886 53 63 66 52 61 61 53 46
1770392136.935 50 63 67 49 57 62 57 47
1770392136.985 52 62 67 51 54 59 54 45
1770392137.036 55 59 62 48 60 64 55 44
1770392137.086 54 60 61 55 56 61 56 42
1770392137.135 53 60 61 47 59 63 54 41
1770392137.186 52 60 64 50 60 59 50 40
1770392137.235 53 61 62 48 59 62 55 42
1770392137.285 48 55 63 57 61 57 52 44
1770392137.336 49 59 63 56 61 62 54 41
1770392137.385 50 56 63 53 56 59 56 44
1770392137.436 51 61 65 54 61 59 50 47
1770392137.485 50 64 70 53 55 58 55 46
1770392137.535 51 58 66 54 60 61 51 43
1770392137.585 49 62 64 50 56 63 57 45
1770392137.636 49 64 66 52 56 58 53 46
1770392137.686 51 62 66 50 55 64 59 48
1770392137.736 54 61 66 51 60 63 54 44
1770392137.786 54 63 62 45 61 65 58 40
1770392137.835 54 65 67 51 58 60 57 45
1770392137.885 54 61 65 53 61 65 52 42
1770392137.936 57 67 66 52 61 65 58 45
1770392137.985 53 58 63 52 62 64 55 43
1770392138.035 54 62 66 51 58 64 52 42
1770392138.086 51 56 61 52 60 61 55 44
1770392138.136 53 60 65 54 57 59 53 43
1770392138.186 55 61 63 52 61 60 51 43
1770392138.235 51 59 65 54 58 61 56 43
1770392138.285 52 59 66 56 62 62 51 44
1770392138.336 52 62 69 53 55 59 54 43
1770392138.386 50 60 66 53 57 59 55 49
1770392138.436 53 66 65 49 57 62 54 44
1770392138.485 49 59 68 51 54 58 59 49
1770392138.536 55 61 64 50 57 59 55 44
1770392138.585 53 65 68 51 57 60 56 44
1770392138.636 55 65 64 47 56 63 55 44
1770392138.686 54 63 65 50 55 58 56 44
1770392138.735 54 61 58 50 60 61 54 41
1770392138.785 55 63 65 48 59 63 56 44
1770392138.836 53 60 62 52 62 61 54 44
1770392138.886 52 59 64 53 61 62 54 42
1770392138.936 52 60 65 57 60 59 54 46
1770392138.986 55 63 66 53 58 64 52 40
1770392139.036 51 57 64 55 62 62 53 46
1770392139.086 50 60 68 54 62 61 54 42
1770392139.135 50 59 64 54 60 58 52 46
1770392139.186 53 61 66 54 59 60 51 45
1770392139.236 48 61 69 53 58 58 55 47
1770392139.286 52 64 65 53 57 57 50 44
1770392139.336 49 60 68 53 55 60 57 48
1770392139.386 51 62 69 53 58 59 53 44
1770392139.436 51 65 66 49 59 62 56 45
1770392139.485 50 58 64 50 59 60 55 45
1770392139.535 50 63 66 51 55 57 55 44
1770392139.586 54 61 64 52 60 58 49 40
1770392139.635 56 63 65 50 57 63 58 40
1770392139.685 52 63 62 48 59 61 57 46
1770392139.736 59 62 64 48 59 66 57 42
1770392139.785 53 59 64 53 61 66 56 47
1770392139.836 53 60 61 52 62 64 54 41
1770392139.886 53 64 63 53 60 63 55 45
1770392139.936 53 59 64 54 63 58 48 42
1770392139.986 50 58 66 51 56 59 51 43
1770392140.036 55 62 71 55 60 60 54 45
1770392140.085 52 62 67 53 57 63 53 45
1770392140.136 51 60 66 55 60 61 53 47
1770392140.186 53 64 65 50 54 62 57 48
1770392140.235 51 60 68 56 57 59 54 48
1770392140.286 50 60 65 53 59 59 54 46
1770392140.336 52 61 69 53 56 58 56 45
1770392140.385 52 62 64 50 56 60 54 42
1770392140.435 49 60 68 53 60 61 59 45
1770392140.486 57 64 63 52 60 62 55 43
1770392140.535 54 61 63 51 60 63 54 39
1770392140.586 54 58 60 50 59 63 57 43
1770392140.635 55 62 65 47 60 66 55 39
1770392140.685 51 58 64 54 59 59 55 44
1770392140.735 58 60 61 47 59 65 54 39
1770392140.785 52 59 64 53 59 62 56 45
1770392140.836 51 54 60 52 63 63 55 47
1770392140.886 46 55 64 55 63 64 55 47
1770392140.936 45 51 55 51 65 61 54 44
1770392140.986 44 50 56 53 61 58 52 45
1770392141.036 56 55 55 51 58 57 52 42
1770392141.085 313 259 174 91 70 66 65 46
1770392141.135 652 657 531 348 237 159 131 63
1770392141.186 726 795 708 503 439 338 238 74
1770392141.236 726 793 712 507 437 332 229 76
1770392141.286 721 792 691 488 409 295 203 69
1770392141.336 716 784 693 493 419 310 209 69
1770392141.385 729 798 712 509 451 349 240 76
1770392141.435 730 797 716 514 452 347 231 71
1770392141.486 727 801 713 513 450 348 231 73
1770392141.535 721 798 706 514 450 345 233 73
1770392141.586 726 798 707 510 452 349 229 69
1770392141.636 721 794 705 510 449 344 229 71
1770392141.686 722 789 702 510 447 339 222 68
1770392141.735 720 793 702 507 448 340 224 66
1770392141.786 722 789 701 510 447 336 217 66
1770392141.836 715 788 701 507 443 335 220 69
1770392141.886 721 796 698 509 448 337 217 67
1770392141.936 708 788 699 510 443 333 226 71
1770392141.986 714 787 703 513 450 338 224 72
1770392142.036 713 793 707 516 455 347 229 72
1770392142.086 712 793 711 518 461 358 241 75
1770392142.135 726 806 717 523 467 361 240 75
1770392142.186 718 804 725 525 474 375 257 76
1770392142.236 727 814 742 540 504 406 282 80
1770392142.285 736 832 783 574 549 464 321 90
1770392142.336 748 857 833 620 642 610 442 115
1770392142.385 767 889 903 686 747 786 615 196
1770392142.435 782 909 940 735 809 876 764 322
1770392142.486 779 916 961 764 841 916 853 450
1770392142.536 780 912 958 779 865 934 878 507
1770392142.586 781 912 959 776 860 937 879 497
1770392142.636 788 916 963 775 854 921 857 452
1770392142.685 789 914 961 761 840 911 843 418
1770392142.736 783 910 962 764 842 910 837 421
1770392142.786 786 913 964 765 842 914 853 443
1770392142.835 783 910 962 777 857 920 864 466
1770392142.886 778 913 964 773 857 927 869 475
1770392142.936 780 912 969 779 853 923 867 472
1770392142.986 784 913 962 775 855 925 870 471
1770392143.035 782 914 968 774 853 922 869 474
1770392143.085 783 913 963 774 856 923 869 474
1770392143.136 783 917 964 769 853 925 871 476
1770392143.186 780 912 964 768 856 929 871 476
1770392143.236 784 915 965 775 854 925 870 475
1770392143.286 783 914 965 777 858 926 869 472
1770392143.335 781 915 964 771 853 928 868 468
1770392143.386 783 911 965 777 860 923 868 477
1770392143.435 782 912 960 772 857 927 868 469
1770392143.486 780 911 963 778 857 924 870 474
1770392143.536 783 914 965 778 857 927 863 472
1770392143.586 779 915 963 778 858 927 866 473
1770392143.636 779 908 964 780 858 922 866 474
1770392143.686 777 912 965 780 858 925 867 475
1770392143.736 778 912 965 777 857 927 870 477
1770392143.786 776 912 967 776 857 921 868 475
1770392143.835 776 912 959 772 855 923 872 476
1770392143.886 782 915 965 772 853 925 871 474
1770392143.936 784 913 962 768 858 923 871 475
1770392143.986 785 915 962 772 855 929 872 471
1770392144.036 780 911 963 775 857 924 866 472
1770392144.085 783 914 964 774 859 928 869 474
1770392144.136 779 914 963 777 859 926 868 472
1770392144.186 779 912 963 773 855 925 869 473
1770392144.236 778 908 964 779 859 926 868 475
1770392144.286 782 912 963 773 855 925 868 472
1770392144.336 776 916 967 774 855 923 869 476
1770392144.386 782 914 964 773 855 926 868 477
1770392144.436 785 916 964 771 857 925 873 476
1770392144.486 782 914 962 773 854 923 870 475
1770392144.536 781 914 960 773 858 931 872 471
1770392144.586 782 911 962 777 860 928 872 474
1770392144.636 781 913 963 777 858 927 871 478
1770392144.686 780 910 967 779 859 926 868 471
1770392144.736 781 912 968 775 858 924 873 473
1770392144.785 775 913 967 778 856 922 871 479
1770392144.836 782 913 966 775 854 930 871 476
1770392144.886 780 914 967 778 855 924 871 476
1770392144.936 785 917 966 775 858 926 872 477
1770392144.986 779 914 964 773 853 929 871 473
1770392145.035 785 914 964 777 856 926 869 475
1770392145.086 778 914 964 778 855 926 871 475
1770392145.136 786 912 959 772 859 925 870 473
1770392145.186 780 914 963 776 859 925 869 474
1770392145.236 782 912 963 780 855 922 866 476
1770392145.286 781 915 965 778 856 922 866 473
1770392145.336 775 909 965 774 857 925 869 477
1770392145.386 783 915 965 773 853 923 871 473
1770392145.436 776 913 967 777 854 925 874 477
1770392145.485 787 916 963 770 854 925 866 471
1770392145.536 779 915 962 774 855 927 875 477
1770392145.586 783 917 967 776 858 928 868 471
1770392145.636 781 911 962 774 857 925 870 476
1770392145.686 783 911 964 774 859 929 867 467
1770392145.736 780 909 964 778 858 928 869 477
1770392145.786 783 909 961 778 857 925 865 472
1770392145.836 780 914 965 778 857 924 871 476
1770392145.886 781 911 966 778 856 921 869 475
1770392145.935 784 916 966 776 856 926 873 477
1770392145.986 782 915 969 780 854 927 869 477
1770392146.036 782 918 970 779 855 925 874 480
1770392146.086 784 913 961 775 859 927 869 473
1770392146.136 786 916 963 773 855 926 871 472
1770392146.186 785 912 961 775 861 928 870 474
1770392146.236 784 914 960 772 856 926 869 473
1770392146.286 780 915 967 782 858 927 868 476
1770392146.336 782 915 962 774 858 925 866 474
1770392146.386 778 913 970 779 857 926 875 477
1770392146.436 781 911 964 778 855 922 865 475
1770392146.486 781 916 967 781 856 925 871 476
1770392146.536 783 918 964 777 854 925 874 477
1770392146.586 781 912 967 778 852 924 872 478
1770392146.636 784 915 962 775 855 927 869 475
1770392146.686 783 917 965 774 856 927 874 477
1770392146.736 786 913 961 776 856 923 868 472
1770392146.786 784 917 964 776 858 929 872 473
1770392146.836 780 909 964 779 858 923 870 473
1770392146.886 788 915 961 775 857 923 867 473
1770392146.936 779 911 964 777 858 925 867 474
1770392146.986 781 916 967 777 855 925 871 478
1770392147.036 780 915 965 774 855 922 871 480
1770392147.086 787 916 964 773 852 925 869 474
1770392147.135 782 914 966 776 856 928 871 476
1770392147.186 786 918 964 769 855 928 866 472
1770392147.236 782 914 966 777 858 928 874 474
1770392147.286 785 911 960 777 858 925 866 474
1770392147.336 780 910 961 775 858 927 868 474
1770392147.386 781 912 966 777 856 923 866 475
1770392147.436 779 915 968 776 853 924 869 476
1770392147.486 782 916 964 776 857 924 870 474
1770392147.536 778 916 968 775 857 924 871 476
1770392147.586 782 914 964 776 854 926 869 473
1770392147.636 785 917 966 776 855 927 871 474
1770392147.686 781 915 962 775 853 927 871 477
1770392147.736 788 915 963 775 857 928 870 474
1770392147.786 785 911 964 774 854 925 869 478
1770392147.836 784 914 963 776 859 929 866 471
1770392147.886 779 911 965 780 860 924 869 472
1770392147.936 782 913 964 778 863 929 871 473
1770392147.986 779 913 969 780 856 925 871 479
1770392148.035 778 914 965 776 859 921 868 478
1770392148.086 776 914 966 778 853 926 874 477
1770392148.135 778 908 965 777 856 923 870 475
1770392148.186 781 916 965 772 855 923 872 476
1770392148.236 782 916 966 776 856 927 872 476
1770392148.286 785 917 966 774 856 929 875 475
1770392148.336 777 910 962 770 854 925 870 476
1770392148.386 780 917 963 776 855 926 869 475
1770392148.436 782 914 965 775 856 924 870 474
1770392148.486 785 916 964 773 860 930 872 475
1770392148.537 781 911 964 775 857 927 870 472
1770392148.586 787 915 966 778 859 927 864 470
1770392148.637 779 910 965 773 858 925 870 474
1770392148.686 784 913 963 777 862 924 866 475
1770392148.736 781 914 965 776 855 927 873 477
1770392148.786 779 911 965 781 856 924 868 475
1770392148.836 780 914 963 775 851 922 869 477
1770392148.886 781 912 965 775 857 925 866 476
1770392148.936 784 919 965 774 858 930 874 477
1770392148.986 782 915 967 777 857 924 872 475
1770392149.036 784 918 962 775 857 930 875 473
1770392149.086 786 917 965 775 855 927 867 472
1770392149.136 782 915 962 775 857 925 871 474
1770392149.186 783 913 965 773 860 929 872 473
1770392149.236 781 908 964 776 860 924 864 475
1770392149.286 778 911 961 775 856 927 871 475
1770392149.336 783 911 963 780 861 924 868 473
1770392149.386 782 910 962 776 862 925 870 474
1770392149.436 783 911 966 780 861 925 870 476
1770392149.486 784 915 965 779 858 926 869 471
1770392149.536 784 914 966 778 854 925 868 478
1770392149.586 780 911 963 777 856 926 867 479
1770392149.636 781 917 966 774 856 927 875 480
1770392149.686 778 915 968 777 855 925 872 479
1770392149.736 778 914 969 774 851 927 869 474
1770392149.786 782 911 962 773 851 926 866 468
1770392149.836 780 913 964 771 850 922 867 466
1770392149.886 780 910 962 772 853 922 865 464
1770392149.936 781 912 958 768 850 924 863 463
1770392149.986 778 907 955 764 847 921 859 463
1770392150.036 782 910 955 765 846 918 857 450
1770392150.086 773 908 955 767 846 919 854 451
1770392150.137 772 904 951 761 846 920 853 449
1770392150.186 772 901 948 762 842 912 844 448
1770392150.236 771 901 945 758 841 915 842 441
1770392150.286 764 898 947 761 836 913 837 435
1770392150.337 772 901 949 759 836 911 834 432
1770392150.386 769 902 950 758 834 910 842 439
1770392150.437 770 901 949 759 838 910 840 439
1770392150.486 766 906 953 759 836 912 841 439
1770392150.536 773 904 954 761 837 916 844 443
1770392150.586 773 910 958 765 843 919 850 446
1770392150.636 781 910 961 770 848 923 863 461
1770392150.686 782 915 964 768 850 927 868 468
1770392150.736 784 913 959 769 854 926 865 467
1770392150.786 785 913 964 770 855 925 865 462
1770392150.837 784 909 960 773 857 924 867 466
1770392150.886 784 912 960 774 856 928 864 462
1770392150.936 780 914 961 774 854 928 864 466
1770392150.986 785 910 964 773 855 924 860 466
1770392151.036 783 911 963 774 851 924 866 467
1770392151.086 783 912 964 777 858 923 861 464
1770392151.136 780 915 966 772 851 923 865 469
1770392151.186 785 914 964 775 852 926 861 467
1770392151.236 778 914 970 776 854 928 869 466
1770392151.286 783 912 965 774 853 924 865 470
1770392151.336 780 917 967 776 853 929 870 465
1770392151.386 783 912 964 773 851 926 870 468
1770392151.436 786 914 962 772 854 927 869 464
1770392151.487 786 914 963 769 852 929 865 467
1770392151.536 789 915 963 773 857 929 865 465
1770392151.600 779 910 959 770 854 927 866 469
1770392151.636 783 913 961 771 857 932 868 468
1770392151.686 778 908 963 773 855 925 867 469
1770392151.736 785 910 960 771 855 926 862 463
1770392151.786 779 909 960 771 852 925 861 461
1770392151.837 780 910 961 773 853 919 857 464
1770392151.886 775 909 961 766 850 924 860 463
1770392151.936 776 909 959 772 850 916 857 462
1770392151.986 777 908 959 766 850 922 855 458
1770392152.036 775 906 959 770 847 919 857 462
1770392152.086 775 908 954 766 849 924 863 462
1770392152.136 777 909 958 770 849 914 857 465
1770392152.186 778 910 957 763 846 924 860 464
1770392152.236 779 912 964 770 849 919 863 467
1770392152.286 786 912 961 771 854 929 861 465
1770392152.337 785 916 963 772 856 924 867 463
1770392152.387 785 914 961 775 858 929 866 468
1770392152.437 782 916 964 771 856 931 868 467
1770392152.486 785 911 961 774 855 930 864 465
1770392152.536 781 910 963 773 855 924 868 469
1770392152.586 783 910 965 780 856 928 864 468
1770392152.636 781 910 963 775 855 925 862 467
1770392152.687 782 910 969 779 857 927 868 469
1770392152.736 780 915 967 774 856 926 866 468
1770392152.786 782 912 968 777 852 924 865 470
1770392152.836 781 914 964 769 855 925 866 470
1770392152.886 785 920 966 773 849 926 870 474
1770392152.936 784 913 961 772 853 925 865 464
1770392152.987 781 911 959 773 852 925 865 465
1770392153.037 781 910 958 771 851 928 865 462
1770392153.086 777 907 960 772 853 921 860 462
1770392153.137 780 908 955 763 851 924 860 455
1770392153.186 781 913 957 765 845 917 852 445
1770392153.236 777 906 954 765 846 913 848 444
1770392153.286 781 909 954 762 844 914 848 441
1770392153.336 776 904 954 773 844 913 849 445
1770392153.387 782 912 961 769 843 916 853 449
1770392153.437 778 909 958 772 847 915 854 454
1770392153.486 775 910 961 772 850 920 858 461
1770392153.537 782 911 962 774 855 921 864 472
1770392153.586 783 916 963 772 851 921 866 470
1770392153.636 779 910 961 772 852 922 868 473
1770392153.686 783 915 962 769 853 926 867 468
1770392153.736 786 918 967 776 852 926 868 469
1770392153.786 782 911 963 768 853 927 869 469
1770392153.836 787 916 962 774 858 927 870 469
1770392153.886 784 914 965 772 855 926 865 469
1770392153.936 785 914 964 772 854 929 865 469
1770392153.986 783 909 958 771 856 929 863 466
1770392154.037 784 911 961 775 853 926 865 468
1770392154.086 785 912 962 777 859 927 863 466
1770392154.136 784 912 965 776 857 924 866 467
1770392154.186 782 909 966 778 854 925 862 470
1770392154.236 779 913 966 776 851 922 863 470
1770392154.286 781 911 964 774 856 923 867 474
1770392154.336 782 917 967 773 853 922 865 469
1770392154.386 783 916 964 776 856 925 866 471
1770392154.437 781 916 968 776 851 923 864 468
1770392154.486 781 914 965 775 854 923 863 468
1770392154.536 784 916 964 775 852 927 866 470
1770392154.586 780 912 966 775 854 921 865 475
1770392154.636 782 915 965 773 853 925 865 469
1770392154.687 783 913 965 774 851 925 866 470
1770392154.736 784 914 965 775 856 926 866 470
1770392154.786 787 919 968 771 852 928 869 471
1770392154.837 787 915 962 767 853 928 870 471
1770392154.886 782 914 965 776 857 926 872 473
1770392154.936 786 918 963 772 856 927 867 470
1770392154.986 784 916 964 772 854 928 867 469
1770392155.036 786 911 961 776 857 927 866 467
1770392155.086 783 914 964 772 854 926 869 468
1770392155.137 786 910 959 774 857 923 868 467
1770392155.186 786 917 962 774 861 932 869 465
1770392155.237 783 911 964 778 856 925 866 471
1770392155.286 779 911 961 774 859 929 869 474
1770392155.337 782 912 962 775 858 925 868 476
1770392155.386 782 913 965 774 851 923 862 468
1770392155.436 781 910 966 777 856 924 866 470
1770392155.486 782 915 968 775 855 924 867 472
1770392155.536 779 914 963 775 856 922 870 476
1770392155.587 781 911 963 776 855 922 866 471
1770392155.636 775 909 962 770 849 920 864 468
1770392155.687 781 914 959 769 847 918 863 463
1770392155.736 779 910 957 762 844 917 859 452
1770392155.786 782 912 953 757 839 907 834 418
1770392155.836 778 910 956 756 836 907 835 408
1770392155.887 782 910 954 760 838 899 824 402
1770392155.936 775 912 956 758 834 901 827 402
1770392155.986 776 906 951 760 831 897 822 396
1770392156.036 774 902 946 758 833 893 815 384
1770392156.087 769 900 942 747 821 875 784 363
1770392156.137 762 897 935 741 808 847 714 290
1770392156.186 760 895 927 715 764 754 568 200
1770392156.236 750 883 896 676 683 554 298 107
1770392156.287 739 877 872 642 539 305 104 61
1770392156.336 727 864 841 580 372 148 64 43
1770392156.387 716 853 810 491 216 76 58 45
1770392156.436 695 814 719 365 117 59 51 43
1770392156.487 684 806 686 299 84 56 56 41
1770392156.536 668 781 646 259 70 56 55 41
1770392156.586 641 744 568 200 55 54 49 36
1770392156.636 602 744 575 210 56 50 47 39
1770392156.687 543 726 557 202 57 53 49 33
1770392156.737 463 731 580 221 51 48 43 30
1770392156.786 387 715 609 252 56 48 43 32
1770392156.837 315 681 631 272 54 42 44 37
1770392156.886 260 648 657 300 64 48 44 36
1770392156.936 220 640 692 319 62 54 50 36
1770392156.987 186 621 734 346 62 46 50 45
1770392157.037 174 617 755 358 68 52 49 45
1770392157.086 148 620 824 397 75 56 56 48
1770392157.136 140 647 905 425 74 60 56 46
1770392157.187 147 672 928 421 73 67 64 55
1770392157.236 140 663 923 432 76 62 57 48
1770392157.286 141 665 927 430 78 66 62 51
1770392157.337 141 662 929 433 77 66 60 50
1770392157.387 150 670 923 428 78 64 54 52
1770392157.436 146 671 927 424 77 63 60 52
1770392157.486 149 673 925 428 79 61 53 51
1770392157.536 149 675 927 421 76 64 56 53
1770392157.586 147 672 927 428 77 60 55 53
1770392157.636 150 680 930 422 72 62 56 53
1770392157.686 152 677 926 420 72 59 57 55
1770392157.737 150 675 925 422 73 66 60 57
1770392157.787 151 680 928 422 70 60 58 57
1770392157.836 156 674 923 420 74 66 60 53
1770392157.886 153 677 926 420 75 65 62 52
1770392157.936 153 676 921 422 76 63 58 52
1770392157.987 152 674 919 419 74 64 57 51
1770392158.036 151 675 925 423 75 62 58 51
1770392158.087 152 678 925 424 75 66 57 52
1770392158.137 150 676 928 426 78 60 55 54
1770392158.187 149 674 926 423 75 63 56 53
1770392158.237 148 676 927 427 74 62 58 53
1770392158.287 148 678 924 422 70 59 61 57
1770392158.337 153 681 925 415 75 67 63 49
1770392158.387 150 673 926 425 79 64 58 54
1770392158.437 157 681 926 419 75 65 60 51
1770392158.487 153 678 925 421 73 63 59 52
1770392158.537 152 679 925 422 75 64 58 50
1770392158.587 151 674 926 424 76 61 58 54
1770392158.638 151 674 918 421 75 58 57 51
1770392158.687 147 673 928 422 76 64 60 54
1770392158.737 149 672 922 425 74 58 56 51
1770392158.787 151 676 925 423 74 63 54 53
1770392158.838 150 679 927 423 71 60 58 55
1770392158.888 152 677 926 421 73 62 58 53
1770392158.937 149 678 924 420 71 65 60 51
1770392158.987 151 678 925 423 78 62 59 51
1770392159.037 150 681 926 420 71 62 62 55
1770392159.088 155 678 926 422 73 63 63 53
1770392159.137 153 678 923 420 75 60 58 51
1770392159.187 152 678 923 419 74 62 62 54
1770392159.237 153 674 922 424 82 65 55 53
1770392159.287 152 676 924 423 79 65 56 49
1770392159.338 147 671 927 426 77 60 53 53
1770392159.387 152 678 926 425 76 61 54 51
1770392159.437 149 680 929 426 75 59 59 55
1770392159.487 150 679 926 424 75 61 53 52
1770392159.537 150 680 932 424 74 62 62 55
1770392159.588 151 677 926 420 74 61 56 53
1770392159.637 154 680 925 421 78 66 59 53
1770392159.687 151 679 925 419 73 63 61 53
1770392159.737 156 682 926 419 77 64 57 51
1770392159.787 152 677 926 424 75 61 55 51
1770392159.838 154 675 924 425 79 61 52 51
1770392159.887 145 678 923 422 72 59 57 54
1770392159.937 149 672 922 426 75 60 56 51
1770392159.987 148 676 927 423 75 63 58 54
1770392160.037 147 677 929 420 75 59 56 54
1770392160.087 149 677 924 423 75 64 58 52
1770392160.137 150 679 927 419 73 60 60 53
1770392160.187 154 676 925 423 73 61 59 55
1770392160.237 152 678 921 414 77 64 58 50
1770392160.288 152 682 928 422 74 64 58 54
1770392160.337 153 678 923 419 73 64 58 46
1770392160.387 151 675 925 423 78 64 57 50
1770392160.438 152 677 921 423 77 63 52 49
1770392160.488 153 679 925 425 75 66 60 55
1770392160.537 151 675 925 423 76 60 54 54
1770392160.587 150 676 923 423 77 63 57 52
1770392160.638 149 679 930 422 73 62 55 52
1770392160.688 148 679 926 425 75 62 57 53
1770392160.737 149 682 930 421 72 60 60 54
1770392160.787 151 678 926 422 76 62 57 52
1770392160.837 152 679 926 417 69 65 63 54
1770392160.887 154 681 927 418 71 61 61 53
1770392160.938 150 678 922 417 70 65 63 53
1770392160.987 150 679 927 424 75 64 60 52
1770392161.037 152 678 921 418 77 62 56 50
1770392161.087 148 677 924 421 76 65 60 52
1770392161.137 152 672 920 426 79 63 55 53
1770392161.188 152 680 922 421 75 60 54 50
1770392161.237 144 671 926 426 78 62 56 56
1770392161.287 151 676 923 422 74 64 57 53
1770392161.337 147 673 926 426 75 57 57 55
1770392161.387 150 679 925 423 75 63 56 49
1770392161.437 146 681 931 421 72 61 61 54
1770392161.487 153 680 930 425 74 61 58 55
1770392161.537 152 681 926 422 76 66 60 57
1770392161.587 151 679 926 419 71 63 61 55
1770392161.637 154 679 926 419 76 67 64 52
1770392161.687 149 678 927 421 72 60 61 54
1770392161.737 153 675 923 420 77 65 60 49
1770392161.788 151 679 922 421 75 61 56 48
1770392161.837 153 677 926 424 76 60 56 50
1770392161.887 153 675 924 422 81 65 55 49
1770392161.937 151 676 929 425 74 62 58 50
1770392161.988 152 675 922 423 75 61 55 52
1770392162.037 151 676 927 424 77 66 59 53
1770392162.087 144 675 926 421 72 60 59 54
1770392162.137 149 677 926 424 71 59 55 50
1770392162.187 149 678 927 423 75 62 59 58
1770392162.238 153 679 923 418 73 63 55 51
1770392162.287 149 680 932 420 72 62 62 56
1770392162.337 153 678 926 422 76 64 60 54
1770392162.388 151 676 923 422 76 66 59 54
1770392162.437 148 678 928 425 77 65 56 50
1770392162.488 154 677 923 425 76 65 58 51
1770392162.538 149 675 923 418 73 62 58 52
1770392162.587 149 674 927 424 78 61 53 50
1770392162.637 150 677 927 424 77 63 56 52
1770392162.687 152 679 927 426 77 62 58 52
1770392162.737 151 680 931 423 74 60 56 50
1770392162.788 150 678 929 421 75 60 56 53
1770392162.838 146 675 927 423 72 60 61 56
1770392162.887 150 678 930 423 75 63 57 53
1770392162.937 151 680 924 416 72 65 63 53
1770392162.988 152 678 928 421 71 62 61 53
1770392163.037 155 681 925 421 72 66 61 53
1770392163.088 151 677 923 424 78 64 59 51
1770392163.138 152 681 927 425 74 67 59 53
1770392163.187 155 675 923 423 80 66 56 49
1770392163.238 149 676 924 423 77 65 56 51
1770392163.287 150 675 926 426 77 60 56 54
1770392163.337 148 673 923 424 75 61 58 57
1770392163.387 147 677 928 424 72 59 59 55
1770392163.438 150 678 928 422 77 63 57 53
1770392163.487 149 678 928 423 73 61 60 57
1770392163.537 149 681 925 422 73 64 60 54
1770392163.587 150 677 926 421 72 63 60 54
1770392163.637 154 680 924 418 75 63 62 53
1770392163.688 150 677 926 421 71 62 61 56
1770392163.737 155 678 925 421 76 65 57 48
1770392163.787 152 677 926 419 74 62 58 52
1770392163.837 153 674 925 425 76 63 53 47
1770392163.887 152 674 926 420 76 62 59 54
1770392163.937 150 673 920 428 77 62 56 52
1770392163.988 149 677 927 421 70 63 57 55
1770392164.037 149 678 924 421 75 60 60 53
1770392164.087 148 680 932 423 75 58 59 55
1770392164.137 151 682 928 424 73 59 55 54
1770392164.188 154 677 927 425 72 64 64 60
1770392164.237 153 682 926 422 75 65 57 51
1770392164.287 152 679 926 421 72 66 65 54
1770392164.337 151 674 922 422 76 63 61 52
1770392164.387 154 678 928 423 75 67 58 50
1770392164.438 150 676 925 420 72 63 57 53
1770392164.487 153 682 931 423 77 67 60 54
1770392164.537 152 678 924 423 76 64 57 49
1770392164.587 151 677 927 424 77 63 60 53
1770392164.638 147 673 927 424 76 61 56 55
1770392164.688 153 677 927 421 74 64 57 51
1770392164.737 149 678 929 425 76 61 57 54
1770392164.787 150 681 930 426 75 63 57 53
1770392164.837 147 678 932 424 72 62 62 59
1770392164.887 154 682 926 424 76 59 57 51
1770392164.938 150 682 932 423 74 63 60 53
1770392164.988 154 684 926 418 73 64 61 55
1770392165.037 150 677 926 421 75 63 60 54
1770392165.088 154 682 921 419 75 62 55 48
1770392165.137 152 679 926 417 72 65 62 54
1770392165.187 155 681 925 419 76 66 56 50
1770392177.738 -2 -3 -2 1 -2 -3 -1 2
1770392177.788 0 1 -1 -3 -2 0 0 -1
1770392177.837 0 0 0 -2 -3 -2 0 2
1770392177.888 4 4 -2 0 -2 0 1 -1
1770392177.938 3 1 -1 -2 1 6 5 0
1770392177.988 0 3 -5 -5 0 0 -1 -1
1770392178.038 0 -2 -2 -2 0 0 -1 1
1770392178.088 5 4 -2 -4 0 1 0 -1
1770392178.138 -1 -4 -1 0 1 -1 1 2
1770392178.188 18 75 103 44 9 7 4 5
1770392178.238 151 691 931 423 76 64 57 52
1770392178.288 147 686 925 423 76 58 51 50
1770392178.338 149 686 931 427 75 62 58 51
1770392178.388 149 680 928 422 72 59 56 58
1770392178.438 154 684 926 421 74 64 59 52
1770392178.488 153 681 924 421 73 64 60 53
1770392178.538 151 684 922 418 76 67 60 53
1770392178.588 151 679 921 423 74 64 60 52
1770392178.638 151 684 926 421 76 66 57 47
1770392178.688 150 676 925 426 77 62 57 54
1770392178.738 151 677 924 426 82 67 56 48
1770392178.788 150 674 927 425 76 63 61 56
1770392178.837 150 675 926 427 74 63 56 54
1770392178.888 151 676 930 420 71 60 56 54
1770392194.689 -2 0 0 -1 0 0 -1 0
1770392194.739 -1 1 1 0 -3 -2 1 3
1770392194.789 2 3 0 -3 0 2 1 0
1770392194.840 0 -2 -2 -2 -1 -1 0 -1
1770392194.890 2 2 -2 -4 0 1 0 -4
1770392194.940 1 0 -2 -3 -2 1 -2 -2
1770392194.989 1 2 -2 -1 0 -1 -4 -5
1770392195.039 0 0 -3 -1 0 -1 0 1
1770392195.090 2 2 -1 0 0 -1 -5 -4
1770392195.140 0 0 1 -2 2 -1 0 0
1770392195.190 25 126 175 81 16 7 5 8
1770392195.239 148 688 928 418 74 63 53 51
1770392195.289 151 685 926 422 76 63 55 53
1770392195.340 148 683 935 425 73 60 59 54
1770392195.389 153 678 929 422 77 61 56 51
1770392195.440 148 681 929 422 73 61 62 56
1770392195.490 150 682 923 420 71 60 62 54
1770392195.539 151 687 928 422 73 65 62 54
1770392195.590 152 682 926 423 74 62 58 53
1770392195.639 154 681 922 419 75 65 57 51
1770392195.690 149 675 925 423 79 62 55 51
1770392195.740 153 678 926 421 75 65 57 50
1770392195.790 152 673 925 421 77 64 53 55
1770392195.840 150 677 925 424 75 64 59 54
1770392195.889 149 674 927 428 77 60 54 53
1770392195.940 147 676 927 422 73 63 58 52
1770392195.989 148 673 927 423 73 59 58 55
1770392196.039 154 681 928 418 71 64 56 54
1770392196.090 148 679 929 421 72 61 61 58
1770392196.140 151 681 928 420 74 63 55 52
1770392196.189 150 679 928 420 72 64 60 54
1770392196.240 153 680 928 419 74 64 62 54
1770392196.290 147 674 926 425 78 66 59 55
1770392196.339 152 677 924 420 75 63 55 50
1770392196.389 149 674 927 420 76 61 54 51
1770392196.440 151 679 926 424 75 61 54 53
1770392196.489 151 678 930 425 71 60 60 52
1770392196.540 156 680 927 422 75 60 55 55
1770392196.589 149 679 930 424 74 64 59 54
1770392196.640 149 676 926 420 71 60 57 54
1770392196.689 151 681 927 423 71 65 60 58
1770392196.740 153 683 927 420 74 64 59 53
1770392196.789 154 681 928 422 74 64 61 53
1770392196.839 153 681 922 422 77 67 59 53
1770392196.890 152 681 928 422 71 62 58 52
1770392196.939 150 677 927 423 76 64 58 53
1770392196.990 152 682 927 421 76 65 60 52
1770392197.040 150 676 932 424 78 64 59 57
1770392197.089 151 676 926 422 73 62 61 53
1770392197.140 147 677 928 424 75 62 59 61
1770392197.189 152 679 927 421 73 62 59 52
1770392197.240 153 679 930 421 72 60 61 52
1770392197.290 154 682 927 419 72 68 59 53
1770392197.339 150 677 930 423 73 65 62 57
1770392197.390 154 682 928 416 72 63 60 52
1770392197.440 152 679 931 423 73 63 60 55
1770392197.622 153 679 922 420 77 66 57 51
1770392197.624 150 677 926 420 77 68 61 52
1770392197.625 153 679 926 424 75 62 53 52
1770392197.639 148 675 928 423 74 61 54 50
1770392197.690 152 677 930 425 72 61 57 52
1770392197.740 151 677 927 424 73 61 56 56
1770392197.789 149 677 928 423 75 62 57 53
1770392197.840 150 678 931 425 71 62 59 55
1770392197.890 150 678 926 418 72 63 59 53
1770392197.939 150 682 929 420 74 63 59 50
1770392197.990 152 677 926 421 74 63 57 51
1770392198.040 152 683 928 421 71 63 62 55
1770392198.089 153 676 927 421 74 66 60 54
1770392198.139 152 679 927 418 75 65 60 52
1770392198.189 157 680 926 423 78 66 59 52
1770392198.240 150 677 927 423 75 65 59 50
1770392198.289 151 678 926 423 80 65 59 54
1770392198.340 150 677 928 422 73 60 57 50
1770392198.389 150 674 929 428 76 59 52 52
1770392198.440 148 676 927 422 77 65 59 52
1770392198.490 152 681 930 423 74 61 58 52
1770392198.540 153 683 931 422 75 63 60 55
1770392198.590 150 677 923 423 75 65 61 54
1770392198.640 149 680 932 420 69 62 65 59
1770392198.689 152 680 928 421 72 63 60 54
1770392198.739 152 680 927 417 75 68 59 52
1770392198.790 155 681 928 421 75 62 60 51
1770392198.840 150 683 928 417 76 65 59 51
1770392198.889 149 677 928 420 73 64 58 53
1770392198.939 153 678 923 421 76 67 57 52
1770392198.989 149 678 929 421 74 59 56 55
1770392199.039 148 676 928 425 76 62 58 50
1770392199.090 149 675 927 425 77 58 54 51
1770392199.140 146 680 930 422 70 59 55 51
1770392199.190 151 679 929 423 73 58 56 54
1770392199.240 148 680 931 423 74 64 60 50
1770392199.290 151 679 931 420 73 62 61 59
1770392199.340 153 681 928 422 73 65 58 55
1770392199.390 148 677 930 420 71 61 59 55
1770392199.439 154 681 925 422 75 66 61 52
1770392199.490 152 678 927 421 75 63 61 53
1770392199.539 153 680 925 418 75 66 61 52
1770392199.589 153 680 925 420 73 67 59 54
1770392199.639 156 678 927 423 78 66 59 50
1770392199.690 151 673 925 427 76 65 58 52
1770392199.739 152 678 926 421 76 65 56 50
1770392199.790 147 678 929 423 76 63 58 56
1770392199.840 150 676 924 424 77 62 55 54
1770392199.889 148 677 930 426 78 63 59 55
1770392199.939 152 682 927 423 72 62 52 51
1770392199.990 142 676 929 425 73 60 56 56
1770392200.040 154 679 927 419 72 67 63 55
1770392200.089 148 676 927 419 71 62 61 58
1770392200.139 150 679 925 418 74 62 59 51
1770392200.190 154 680 929 418 70 62 60 53
1770392200.239 149 678 924 421 73 65 54 53
1770392200.290 152 679 928 421 73 69 60 49
1770392200.339 151 673 922 424 77 64 59 52
1770392200.390 155 680 928 421 77 65 57 49
1770392200.439 148 672 926 425 77 58 56 51
1770392200.490 147 678 928 426 77 62 56 55
1770392200.539 154 676 922 422 76 62 54 51
1770392200.590 149 680 931 424 73 60 56 53
1770392200.639 151 679 929 423 75 60 56 54
1770392200.690 149 683 932 424 72 63 60 55
1770392200.739 154 681 929 422 77 62 60 56
1770392200.789 154 682 928 419 74 66 60 54
1770392200.840 151 674 930 421 73 65 59 56
1770392200.889 153 678 927 418 77 67 62 51
1770392200.940 155 683 928 426 79 69 58 51
1770392200.990 153 680 927 420 75 63 60 52
1770392201.040 152 678 929 427 78 66 57 52
1770392201.089 152 678 925 425 77 65 58 49
1770392201.139 149 676 926 428 80 64 59 55
1770392201.190 144 674 927 424 75 64 59 54
1770392201.240 150 681 932 422 73 62 58 56
1770392201.290 151 680 925 419 72 62 59 53
1770392201.339 151 681 932 424 74 62 60 55
1770392201.390 151 678 926 421 71 63 60 53
1770392201.440 153 680 930 425 73 60 60 56
1770392201.490 150 680 925 419 73 67 61 52
1770392201.539 149 676 928 423 73 63 57 53
1770392201.590 154 677 926 418 75 69 59 52
1770392201.640 153 678 926 422 73 62 57 50
1770392201.690 153 677 926 420 75 64 59 52
1770392201.740 148 678 930 422 73 60 59 49
1770392201.790 152 676 925 423 77 65 54 46
1770392201.839 150 678 927 423 74 60 57 57
1770392201.889 150 680 927 429 79 62 57 49
1770392201.939 149 677 928 423 75 61 58 54
1770392201.990 151 678 928 423 78 64 62 54
1770392202.040 150 681 932 420 69 63 59 57
1770392202.089 155 681 928 421 72 61 57 55
1770392202.140 149 680 931 422 70 64 64 56
1770392202.189 153 680 928 424 77 65 60 51
1770392202.240 153 682 927 418 72 64 60 54
1770392202.290 155 679 927 425 74 65 55 54
1770392202.339 149 678 928 418 73 66 60 53
1770392202.390 157 683 926 423 78 65 56 52
1770392202.439 153 680 927 421 76 63 56 52
1770392202.490 150 675 924 421 79 62 55 53
1770392202.540 151 679 927 421 76 65 56 52
1770392202.590 151 675 929 426 76 60 57 52
1770392202.640 147 676 927 421 74 63 59 52
1770392202.690 149 676 930 429 76 60 58 57
1770392202.740 148 682 929 422 73 64 59 52
1770392202.790 150 678 929 423 75 58 56 52
1770392202.840 150 679 929 420 70 61 58 54
1770392202.890 151 677 928 423 74 57 56 50
1770392202.940 151 680 928 420 74 65 62 55
1770392202.990 153 680 928 420 76 62 59 54
1770392203.040 154 679 924 419 74 67 59 51
1770392203.089 151 681 925 422 76 67 59 54
1770392203.140 153 679 928 423 74 64 56 50
1770392203.190 151 675 926 421 75 67 59 51
1770392203.240 151 680 928 426 79 64 53 47
1770392203.290 151 677 926 423 74 64 55 55
1770392203.340 151 679 928 422 76 64 60 55
1770392203.390 148 675 928 428 80 62 57 51
1770392203.440 150 678 931 422 72 63 58 54
1770392203.489 148 676 929 423 72 61 60 60
1770392203.540 152 681 930 420 74 67 59 52
1770392203.590 149 677 928 424 73 62 63 56
1770392203.640 153 682 926 422 74 66 59 51
1770392203.689 153 684 929 424 76 61 58 49
1770392203.740 151 678 924 419 73 66 62 55
1770392203.790 150 678 925 423 78 65 58 53
1770392203.840 150 678 925 419 70 63 60 51
1770392203.890 152 675 925 426 76 62 57 56
1770392203.940 149 679 927 424 75 62 54 51
1770392203.990 150 678 931 421 71 57 55 52
1770392204.039 147 677 930 424 78 65 60 54
1770392204.090 147 682 929 421 72 63 58 54
1770392204.140 148 678 927 420 75 64 59 52
1770392204.190 153 682 931 423 74 61 56 53
1770392204.240 150 679 929 417 72 61 58 53
1770392204.290 153 678 924 422 72 64 58 51
1770392204.340 152 682 926 417 74 65 60 49
1770392204.390 150 678 930 422 75 64 61 53
1770392204.440 154 681 926 418 79 69 60 49
1770392204.490 152 680 928 425 73 63 58 50
1770392204.540 151 674 922 422 79 65 56 51
1770392204.590 151 677 926 425 76 64 58 50
1770392204.640 153 679 929 422 76 60 54 50
1770392204.690 149 677 926 424 75 63 55 55
1770392204.740 150 680 931 424 75 63 60 53
1770392204.790 149 680 931 425 74 61 54 54
1770392204.839 151 680 929 423 75 65 58 53
1770392204.890 148 683 934 426 75 64 59 56
1770392204.940 152 681 927 422 76 64 59 54
1770392204.989 150 681 929 419 68 65 62 53
1770392205.040 157 684 927 421 75 65 62 55
1770392205.089 154 680 927 421 71 65 62 52
1770392205.140 153 679 929 425 77 64 59 52
1770392205.190 153 677 927 424 74 65 59 53
1770392205.240 154 681 925 420 80 69 57 51
1770392205.290 149 677 927 422 72 61 59 55
1770392205.340 151 677 928 424 78 63 54 51
1770392205.390 146 678 928 424 74 62 57 55
1770392205.440 150 679 929 424 73 60 53 50
1770392205.490 146 678 927 422 71 63 59 54
1770392205.540 152 678 927 426 72 60 60 56
1770392205.589 153 679 928 418 72 65 60 55
1770392205.640 154 681 927 421 77 65 55 55
1770392205.690 147 679 929 420 73 63 60 52
1770392205.740 154 679 924 418 73 64 55 50
1770392205.790 153 681 927 419 74 65 61 53
1770392205.840 153 680 927 419 78 64 55 51
1770392205.890 153 679 927 423 73 64 57 49
1770392205.939 152 676 927 426 79 64 53 51
1770392205.990 149 678 928 426 76 63 59 55
1770392206.040 146 677 929 424 72 64 60 55
1770392206.090 150 682 931 422 71 61 58 54
1770392206.140 151 679 925 418 73 61 57 52
1770392206.190 152 681 931 423 69 61 59 55
1770392206.240 153 680 926 422 73 62 56 50
1770392206.290 152 681 930 421 74 61 59 56
1770392206.340 154 679 924 421 75 64 58 52
1770392206.390 152 682 928 419 73 65 59 50
1770392206.440 152 678 929 422 75 65 57 52
1770392206.489 156 682 925 418 75 66 57 50
1770392206.540 151 674 925 422 76 65 57 51
1770392206.590 152 680 926 421 74 63 56 51
1770392206.640 151 676 926 423 77 61 52 51
1770392206.690 150 679 929 424 75 64 59 54
1770392206.739 150 676 932 427 77 65 57 58
1770392206.790 149 680 928 420 72 61 56 54
1770392206.840 147 677 932 424 72 62 61 61
1770392206.890 151 680 926 419 73 64 57 54
1770392206.940 150 677 927 420 70 61 59 53
1770392206.989 154 686 930 417 74 65 58 52
1770392207.040 153 679 928 423 75 61 57 49
1770392207.090 154 678 923 414 73 66 59 50
1770392207.140 150 676 925 421 74 63 56 50
1770392207.190 149 674 924 425 76 66 57 53
1770392207.240 150 676 928 423 78 63 60 54
1770392207.290 148 674 924 424 75 62 57 51
1770392207.340 151 682 933 426 74 59 56 49
1770392207.390 149 680 930 428 78 60 56 54
1770392207.440 149 678 930 424 74 60 61 55
1770392207.490 150 679 927 422 75 61 60 57
1770392207.540 149 680 932 424 72 61 58 58
1770392207.590 154 681 929 423 76 63 61 50
1770392207.640 148 680 930 424 75 63 60 52
1770392207.690 155 680 924 420 77 64 59 50
1770392207.740 157 680 930 421 73 64 60 52
1770392207.790 155 678 926 423 78 66 61 51
1770392207.840 151 681 928 424 78 64 58 52
1770392207.890 150 676 923 423 78 63 60 54
1770392207.940 149 675 925 424 74 64 58 52
1770392207.990 148 676 925 423 74 64 56 50
1770392208.040 148 677 924 423 75 60 57 53
1770392208.090 149 678 928 423 78 66 54 50
1770392208.140 150 681 930 422 72 60 61 56
1770392208.190 150 680 928 424 75 61 60 56
1770392208.240 147 680 930 420 73 62 60 55
1770392208.290 154 676 926 422 73 61 59 57
1770392208.340 151 681 928 420 73 67 63 57
1770392208.390 153 676 928 420 75 64 57 53
1770392208.440 149 679 927 418 73 63 60 54
1770392208.490 156 681 927 417 74 67 57 53
1770392208.540 147 680 929 421 75 65 62 55
1770392208.590 148 677 926 425 77 61 55 53
1770392208.640 151 678 928 427 79 63 56 53
1770392208.690 149 677 927 424 72 61 56 53
1770392208.741 151 681 931 426 79 63 58 50
1770392208.790 146 674 929 429 74 58 56 52
1770392208.841 152 681 928 424 74 62 55 53
1770392208.890 151 679 931 422 71 63 63 58
1770392208.940 151 683 929 426 71 62 59 50
1770392208.990 149 676 928 426 78 65 62 56
1770392209.040 150 682 931 422 73 64 65 55
1770392209.090 151 679 924 421 74 61 59 56
1770392209.140 153 680 923 417 78 66 58 51
1770392209.190 153 679 928 422 78 62 57 53
1770392209.240 154 679 926 422 75 63 55 48
1770392209.291 150 678 930 423 76 64 58 55
1770392209.340 151 677 925 421 78 65 56 51
1770392209.391 148 674 925 425 77 61 54 55
1770392209.440 148 677 928 422 74 61 61 53
1770392209.490 148 677 931 424 72 60 57 53
1770392209.540 150 677 929 420 73 61 56 55
1770392209.590 150 680 931 424 72 61 57 54
1770392209.641 151 680 927 422 71 63 59 51
1770392209.690 149 682 930 425 72 61 61 57
1770392209.740 155 680 925 419 73 64 60 53
1770392209.791 149 680 929 421 73 65 62 55
1770392209.840 152 678 924 418 74 66 59 52
1770392209.890 152 680 929 421 72 62 57 54
1770392209.940 153 679 924 417 73 65 58 49
1770392209.990 154 680 926 421 76 63 58 53
1770392210.041 154 681 926 421 76 65 58 50
1770392210.091 150 680 928 420 76 65 56 49
1770392210.140 153 681 928 422 74 61 59 54
1770392210.190 152 683 933 423 73 62 58 55
1770392210.241 153 680 928 421 76 63 56 54
1770392210.290 151 681 928 425 72 59 57 56
1770392210.340 156 685 929 424 74 64 60 52
1770392210.391 154 683 933 424 74 63 61 51
1770392210.441 152 680 927 418 74 68 60 53
1770392210.490 153 680 927 424 76 64 57 51
1770392210.541 151 678 925 420 74 64 58 51
1770392210.590 151 676 927 420 73 64 60 52
1770392210.640 151 678 926 421 79 65 58 50
1770392210.691 152 674 928 424 76 65 57 50
1770392210.741 151 678 924 420 77 66 59 52
1770392210.790 148 676 929 422 74 60 56 54
1770392210.841 151 680 929 424 72 63 61 54
1770392210.891 150 676 929 423 71 58 58 56
1770392210.940 148 683 931 420 74 61 57 56
1770392210.990 149 676 931 424 73 62 61 55
1770392211.041 152 679 929 420 73 61 57 53
1770392211.091 152 677 928 418 71 60 60 54
1770392211.140 157 680 925 419 75 65 56 49
1770392211.191 149 678 928 420 75 65 63 55
1770392211.240 153 678 927 420 78 65 57 51
1770392211.291 150 675 927 425 77 66 57 52
1770392211.341 152 678 924 421 75 62 54 47
1770392211.391 146 671 929 426 75 62 57 52
1770392211.440 153 681 928 419 73 63 57 48
1770392211.491 149 680 933 424 72 63 59 56
1770392211.541 150 679 929 424 73 58 59 53
1770392211.591 148 682 929 421 72 64 58 55
1770392211.640 148 680 926 422 71 60 57 56
1770392211.691 148 681 931 421 72 64 61 54
1770392211.741 150 681 927 420 75 63 58 51
1770392211.791 154 679 928 420 70 63 60 56
1770392211.841 152 677 925 421 78 64 57 51
1770392211.891 153 681 927 423 76 61 57 52
1770392211.941 154 678 922 422 78 66 58 54
1770392211.990 151 680 929 424 74 64 60 51
1770392212.041 150 674 923 425 78 62 54 52
1770392212.090 144 678 925 425 76 65 57 52
1770392212.141 149 678 926 424 75 63 56 54
1770392212.190 150 679 928 424 74 62 58 53
1770392212.241 149 680 929 424 72 63 60 56
1770392212.291 149 679 930 424 72 58 59 53
1770392212.341 151 679 925 419 74 65 62 54
1770392212.391 153 680 925 418 71 64 63 54
1770392212.441 149 678 926 421 77 61 56 54
1770392212.492 151 679 927 420 78 67 62 53
1770392212.541 150 678 922 425 79 64 56 52
1770392212.591 153 682 928 422 73 64 57 52
1770392212.641 153 677 927 423 78 62 56 50
1770392212.691 152 680 931 423 73 64 59 52
1770392212.741 152 678 927 423 77 62 54 54
1770392212.791 149 677 929 420 71 61 57 56
1770392212.841 149 681 929 421 76 61 62 57
1770392212.891 147 682 931 423 71 61 61 58
1770392212.941 155 681 926 421 74 61 57 54
1770392212.991 153 682 927 419 73 66 61 52
1770392213.040 155 679 925 424 76 63 56 52
1770392213.091 151 682 928 424 77 63 60 52
1770392213.141 155 680 924 418 80 66 59 51
1770392213.191 151 681 928 425 78 64 57 52
1770392213.241 150 678 928 421 75 65 54 51
1770392213.291 150 675 926 422 76 63 58 54
1770392213.340 153 678 928 420 75 60 55 53
1770392213.391 152 683 931 424 75 65 59 53
1770392213.440 146 678 928 425 74 58 58 58
1770392213.491 149 685 932 422 72 66 59 55
1770392213.541 149 677 929 421 73 60 57 55
1770392213.591 153 683 928 424 73 65 59 56
1770392213.641 152 681 929 418 69 62 62 54
1770392213.691 152 682 927 419 69 61 60 54
1770392213.740 152 677 923 419 79 64 58 48
1770392213.791 152 681 927 420 75 67 58 51
1770392213.840 149 677 925 425 78 64 56 50
1770392213.891 152 678 927 419 75 65 56 50
1770392213.941 147 674 926 425 76 63 57 53
1770392213.991 149 676 923 419 75 61 57 51
1770392214.041 148 675 928 422 72 59 56 52
1770392214.091 151 680 931 422 72 63 59 54
1770392214.141 152 683 929 424 75 62 61 54
1770392214.191 149 682 930 421 71 60 60 50
1770392214.241 152 677 931 426 76 63 58 55
1770392214.290 150 677 924 419 74 67 61 54
1770392214.341 154 678 923 422 76 64 59 53
1770392214.391 151 680 924 420 77 66 56 50
1770392214.441 153 679 928 425 77 60 54 52
1770392214.491 152 675 925 422 76 63 54 49
1770392214.540 151 678 928 426 75 61 55 52
1770392214.591 148 680 928 424 75 61 58 57
1770392214.641 151 681 926 427 79 62 53 53
1770392214.691 146 679 927 421 72 60 57 55
1770392214.741 151 678 928 424 71 57 57 53
1770392214.791 146 680 930 423 73 64 61 54
1770392214.841 149 679 927 420 70 62 57 53
1770392214.890 149 678 927 420 73 64 61 56
1770392214.941 153 675 928 422 74 61 59 55
1770392214.991 151 682 925 419 75 67 58 51
1770392215.041 157 678 926 418 76 63 59 51
1770392215.091 156 677 927 418 76 66 62 57
1770392215.141 154 679 925 420 75 65 54 50
1770392215.191 151 678 926 421 77 64 62 54
1770392215.241 152 673 922 422 75 64 55 52
1770392215.290 152 678 927 423 73 63 58 48
1770392215.341 149 676 927 426 74 61 53 55
1770392215.391 149 679 927 420 77 61 56 51
1770392215.441 148 674 926 421 74 60 55 55
1770392215.490 150 681 928 418 71 59 58 54
1770392215.541 149 678 930 426 76 62 55 50
1770392215.591 149 683 930 420 71 61 59 52
1770392215.640 149 680 929 421 73 61 56 55
1770392215.691 150 682 930 422 74 63 61 53
1770392215.741 153 678 925 420 74 63 60 55
1770392215.791 153 684 930 417 73 68 61 53
1770392215.841 151 680 924 420 74 63 58 52
1770392215.891 152 680 926 417 73 64 60 50
1770392215.941 154 681 927 421 73 65 56 52
1770392215.991 149 677 929 424 76 64 60 53
1770392216.041 151 680 928 423 79 66 59 50
1770392216.091 150 678 929 427 74 60 57 55
1770392216.141 152 678 928 422 74 61 55 52
1770392216.191 149 679 928 420 75 62 56 52
1770392216.241 149 677 930 424 73 62 56 55
1770392216.291 151 682 928 423 72 62 56 54
1770392216.341 148 679 931 425 74 62 58 56
1770392216.391 151 685 930 420 71 64 59 53
1770392216.441 151 680 929 422 76 65 62 55
1770392216.491 151 677 925 416 73 65 64 54
1770392216.541 152 679 928 420 74 64 58 56
1770392216.591 153 680 927 417 74 63 60 53
1770392216.641 151 678 925 421 76 64 58 50
1770392216.691 149 679 926 420 75 66 59 54
1770392216.741 153 678 925 428 78 63 55 51
1770392216.791 151 677 925 424 81 67 55 49
1770392216.841 152 678 928 422 76 63 56 54
1770392216.891 149 680 928 422 76 63 59 53
1770392216.941 151 678 927 424 75 61 51 48
1770392216.991 148 679 931 424 74 59 57 54
1770392217.041 150 680 930 427 74 59 54 49
1770392217.091 150 681 930 423 74 63 61 57
1770392217.141 153 682 929 423 74 61 56 52
1770392217.191 154 683 929 419 75 65 60 54
1770392217.241 148 678 928 421 75 65 63 53
1770392217.291 157 685 927 419 74 67 58 49
1770392217.341 152 677 925 422 74 62 58 55
1770392217.391 150 679 927 423 77 65 59 52
1770392217.441 153 676 924 421 79 66 56 53
1770392217.491 149 679 932 426 75 61 57 53
1770392217.541 151 679 927 423 76 64 56 55
1770392217.591 148 675 928 423 74 63 60 55
1770392217.641 151 678 930 422 74 61 56 55
1770392217.691 149 682 932 420 74 62 57 55
1770392217.741 152 677 930 422 70 59 60 54
1770392217.791 154 685 933 421 70 62 60 54
1770392217.841 149 680 925 423 72 61 57 52
1770392217.891 152 680 931 418 71 65 65 55
1770392217.941 149 678 927 420 76 64 55 54
1770392217.991 154 681 929 420 74 63 58 52
1770392218.041 154 678 926 419 78 62 56 54
1770392218.091 152 678 926 420 73 65 56 49
1770392218.142 150 677 927 422 77 63 53 51
1770392218.192 149 678 925 423 73 64 60 53
1770392218.241 150 676 931 427 76 62 58 54
1770392218.291 151 681 928 422 73 64 57 56
1770392218.341 149 679 930 423 73 62 57 53
1770392218.391 153 682 930 420 72 65 60 56
1770392218.441 154 679 927 418 73 66 57 49
1770392218.491 151 681 927 415 71 65 63 55
1770392218.541 154 680 929 419 75 61 57 51
1770392218.591 153 679 928 422 76 66 61 50
1770392218.641 153 678 926 425 80 67 58 55
1770392218.691 150 679 927 422 77 64 57 51
1770392218.741 150 677 927 426 78 62 54 50
1770392218.791 149 676 923 416 73 64 58 54
1770392218.841 151 679 927 422 76 61 54 53
1770392218.891 147 682 933 420 73 63 60 58
1770392218.942 153 678 926 423 75 62 56 48
1770392218.991 146 683 935 424 75 64 61 55
1770392219.041 151 680 926 420 73 62 55 57
1770392219.092 151 680 927 420 73 65 64 55
1770392219.141 150 680 926 420 75 63 58 53
1770392219.191 152 681 926 419 74 66 60 52
1770392219.241 153 681 929 420 77 64 61 55
1770392219.291 153 680 926 421 75 65 60 50
1770392219.342 152 678 921 415 74 64 58 51
1770392219.391 153 679 927 422 77 64 59 54
1770392219.441 151 676 926 424 75 65 57 53
1770392219.491 151 678 930 421 76 62 55 51
1770392219.541 151 676 924 422 75 62 56 52
1770392219.591 151 680 932 418 72 58 55 53
1770392219.641 147 676 929 425 78 58 55 56
1770392219.691 150 679 927 424 76 61 58 50
1770392219.741 148 677 930 424 73 59 56 54
1770392219.792 150 681 931 423 72 61 63 56
1770392219.841 153 682 927 421 72 64 57 53
1770392219.891 152 682 927 418 71 62 61 51
1770392219.941 153 679 924 421 77 65 61 51
1770392219.991 153 680 928 419 72 66 60 52
1770392220.041 153 681 929 424 80 65 58 52
1770392220.091 155 681 927 422 75 63 58 50
1770392220.141 152 676 924 423 80 67 58 56
1770392220.192 149 678 928 423 76 63 58 51
1770392220.241 152 679 926 423 76 59 52 49
1770392220.291 148 677 928 425 73 60 56 51
1770392220.341 153 681 931 424 74 61 57 54
1770392220.391 149 680 930 424 73 61 60 57
1770392220.441 156 682 928 420 75 63 56 50
1770392220.491 149 682 930 422 70 61 64 55
1770392220.541 151 679 927 423 74 63 60 55
1770392220.591 151 679 927 420 73 67 64 54
1770392220.642 153 679 927 422 76 64 60 51
1770392220.691 151 679 928 422 76 62 57 52
1770392220.741 152 676 925 422 75 63 57 49
1770392220.791 149 679 929 424 73 61 57 53
1770392220.841 152 677 926 422 75 61 56 52
1770392220.891 149 678 929 425 76 61 63 54
1770392220.942 149 679 930 422 75 65 58 59
1770392220.991 146 677 928 422 74 62 58 56
1770392221.041 149 676 927 423 74 59 59 54
1770392221.091 153 684 930 417 72 65 61 53
1770392221.141 153 679 930 423 71 62 56 53
1770392221.191 153 683 928 421 74 66 60 54
1770392221.242 153 677 926 419 78 66 56 53
1770392221.291 149 681 929 421 74 64 60 50
1770392221.341 150 676 925 425 79 66 57 51
1770392221.391 156 678 929 423 76 64 60 50
1770392221.442 147 674 926 426 77 65 57 51
1770392221.491 151 678 927 422 74 63 57 52
1770392221.542 147 675 929 425 76 60 59 52
1770392221.591 152 682 933 426 77 62 58 49
1770392221.641 145 674 924 425 78 64 58 54
1770392221.691 150 678 929 426 74 62 58 56
1770392221.741 147 673 926 420 75 60 58 53
1770392221.792 146 679 930 422 70 63 58 58
1770392221.841 156 681 929 422 74 64 58 57
1770392221.892 152 681 928 419 74 61 58 52
1770392221.941 153 681 925 423 76 67 61 56
1770392221.991 157 683 930 417 73 65 60 51
1770392222.041 150 677 926 421 76 66 61 55
1770392222.092 153 677 924 419 74 65 59 52
1770392222.141 152 678 926 423 77 65 55 52
1770392222.191 151 674 924 422 74 63 53 50
1770392222.241 154 678 927 422 77 66 58 49
1770392222.291 148 675 928 422 76 63 58 51
1770392222.341 154 680 927 427 76 61 55 52
1770392222.391 150 678 932 424 76 65 58 54
1770392222.442 151 679 925 423 74 58 57 54
1770392222.492 149 680 932 423 72 60 57 55
1770392222.541 155 679 929 421 73 60 59 53
1770392222.591 152 681 927 421 71 62 60 57
1770392222.642 152 682 932 425 73 59 57 50
1770392222.691 153 681 928 421 74 62 60 55
1770392222.741 153 683 930 422 73 65 59 53
1770392222.791 153 682 926 425 75 63 58 54
1770392222.841 153 681 926 418 75 63 58 50
1770392222.891 151 675 925 424 76 65 59 53
1770392222.941 156 680 924 418 77 64 57 46
1770392222.992 151 678 930 423 74 64 59 52
1770392223.041 148 675 929 423 79 66 58 51
1770392223.091 152 676 926 425 78 64 54 52
1770392223.141 147 676 930 425 75 62 61 53
1770392223.191 147 675 928 425 77 62 58 52
1770392223.241 149 678 925 419 74 64 60 53
1770392223.291 150 678 929 425 75 59 55 54
1770392223.341 151 682 930 416 71 65 60 54
1770392223.392 152 680 928 421 74 62 57 57
1770392223.441 153 682 926 418 75 69 62 51
1770392223.491 154 683 928 420 71 64 59 56
