t_epoch,t_str,prior_x,prior_y,prior_yaw,vision_x,vision_y,vision_z,vision_yaw,vision_src,line_valid,aruco_n
1776421060.623,2026-04-17 12:17:40.623393,4.775,0.235,1.571,4.769,0.235,0.000,1.659,tape,True,0
1776421060.678,2026-04-17 12:17:40.678028,4.769,0.235,1.659,nan,nan,nan,nan,none,True,0
1776421060.891,2026-04-17 12:17:40.891181,4.769,0.235,1.659,4.766,0.235,0.000,1.802,tape,True,0
1776421061.078,2026-04-17 12:17:41.078107,4.766,0.235,1.802,4.765,0.235,0.000,2.030,tape,True,0
1776421061.950,2026-04-17 12:17:41.950142,4.765,0.235,2.030,4.765,0.235,0.000,2.030,tape,True,0
1776421063.073,2026-04-17 12:17:43.073481,4.765,0.235,2.030,4.764,0.235,0.000,2.030,tape,True,0
1776421064.109,2026-04-17 12:17:44.109030,4.764,0.235,2.030,4.764,0.235,0.000,2.030,tape,True,0
1776421065.180,2026-04-17 12:17:45.180006,4.764,0.235,2.030,4.764,0.235,0.000,2.030,tape,True,0
1776421066.215,2026-04-17 12:17:46.214593,4.764,0.235,2.030,4.764,0.235,0.000,2.030,tape,True,0
1776421067.330,2026-04-17 12:17:47.329757,4.764,0.235,2.030,4.764,0.235,0.000,2.030,tape,True,0
1776421067.804,2026-04-17 12:17:47.804212,4.764,0.235,2.030,4.764,0.235,0.000,2.030,tape,True,0
1776421067.829,2026-04-17 12:17:47.828559,4.764,0.235,2.030,nan,nan,nan,nan,none,True,0
1776421067.853,2026-04-17 12:17:47.853008,4.764,0.235,2.030,nan,nan,nan,nan,none,True,0
1776421067.878,2026-04-17 12:17:47.877884,4.764,0.235,2.030,nan,nan,nan,nan,none,True,0
1776421067.903,2026-04-17 12:17:47.902654,4.764,0.235,2.030,nan,nan,nan,nan,none,True,0
1776421067.927,2026-04-17 12:17:47.927411,4.764,0.235,2.030,4.764,0.235,0.000,2.030,tape,True,0
1776421067.951,2026-04-17 12:17:47.950934,4.764,0.235,2.030,nan,nan,nan,nan,none,True,0
1776421067.975,2026-04-17 12:17:47.975268,4.764,0.235,2.030,nan,nan,nan,nan,none,True,0
1776421068.000,2026-04-17 12:17:48.000362,4.764,0.235,2.030,nan,nan,nan,nan,none,True,0
1776421068.025,2026-04-17 12:17:48.024601,4.764,0.235,2.030,nan,nan,nan,nan,none,True,0
1776421068.049,2026-04-17 12:17:48.048938,4.764,0.235,2.030,4.764,0.235,0.000,2.030,tape,True,0
1776421068.074,2026-04-17 12:17:48.073817,4.764,0.235,2.030,nan,nan,nan,nan,none,True,0
1776421068.099,2026-04-17 12:17:48.098706,4.764,0.235,2.030,nan,nan,nan,nan,none,True,0
1776421068.123,2026-04-17 12:17:48.122543,4.764,0.235,2.030,nan,nan,nan,nan,none,True,0
1776421068.147,2026-04-17 12:17:48.146982,4.764,0.235,2.030,nan,nan,nan,nan,none,True,0
1776421068.280,2026-04-17 12:17:48.279896,4.764,0.235,2.030,4.764,0.235,0.000,2.030,tape,True,0
1776421068.489,2026-04-17 12:17:48.488703,4.764,0.235,2.030,4.764,0.235,0.000,2.030,tape,True,0
1776421068.680,2026-04-17 12:17:48.680479,4.764,0.235,2.030,4.764,0.235,0.000,2.030,tape,True,0
1776421068.891,2026-04-17 12:17:48.891074,4.764,0.235,2.030,4.764,0.235,0.000,2.030,tape,True,0
1776421069.141,2026-04-17 12:17:49.141394,4.764,0.235,2.030,4.765,0.235,0.000,2.030,tape,True,0
1776421069.291,2026-04-17 12:17:49.290919,4.765,0.235,2.030,4.765,0.235,0.000,2.030,tape,True,0
1776421069.489,2026-04-17 12:17:49.488707,4.765,0.235,2.030,4.764,0.235,0.000,2.030,tape,True,0
1776421069.673,2026-04-17 12:17:49.673204,4.764,0.235,2.030,4.764,0.235,0.000,2.030,tape,True,0
1776421069.872,2026-04-17 12:17:49.872239,4.764,0.235,2.030,4.764,0.235,0.000,2.030,tape,True,0
1776421070.069,2026-04-17 12:17:50.069226,4.764,0.235,2.030,4.765,0.235,0.000,2.030,tape,True,0
1776421070.278,2026-04-17 12:17:50.278398,4.765,0.235,2.030,4.764,0.235,0.000,2.030,tape,True,0
1776421070.472,2026-04-17 12:17:50.472054,4.764,0.235,2.030,4.764,0.235,0.000,2.030,tape,True,0
1776421070.659,2026-04-17 12:17:50.659088,4.764,0.235,2.030,4.765,0.235,0.000,2.030,tape,True,0
1776421070.886,2026-04-17 12:17:50.886022,4.765,0.235,2.030,4.765,0.235,0.000,2.030,tape,True,0
1776421071.080,2026-04-17 12:17:51.079528,4.765,0.235,2.030,4.765,0.235,0.000,2.030,tape,True,0
1776421071.271,2026-04-17 12:17:51.271377,4.765,0.235,2.030,4.764,0.235,0.000,2.030,tape,True,0
1776421071.472,2026-04-17 12:17:51.472217,4.764,0.235,2.030,4.765,0.235,0.000,2.030,tape,True,0
1776421071.673,2026-04-17 12:17:51.673489,4.765,0.235,2.030,4.764,0.235,0.000,2.030,tape,True,0
1776421071.876,2026-04-17 12:17:51.875714,4.764,0.235,2.030,4.764,0.235,0.000,2.030,tape,True,0
1776421072.070,2026-04-17 12:17:52.069907,4.764,0.235,2.030,4.764,0.235,0.000,2.030,tape,True,0
1776421072.272,2026-04-17 12:17:52.272292,4.764,0.235,2.030,4.764,0.235,0.000,2.030,tape,True,0
1776421072.472,2026-04-17 12:17:52.472292,4.764,0.235,2.030,4.764,0.235,0.000,2.030,tape,True,0
1776421072.670,2026-04-17 12:17:52.669847,4.764,0.235,2.030,4.764,0.235,0.000,2.030,tape,True,0
1776421072.888,2026-04-17 12:17:52.888255,4.764,0.235,2.030,4.764,0.235,0.000,2.030,tape,True,0
1776421073.094,2026-04-17 12:17:53.094058,4.764,0.235,2.030,4.765,0.235,0.000,2.030,tape,True,0
1776421073.284,2026-04-17 12:17:53.283506,4.765,0.235,2.030,4.764,0.235,0.000,2.030,tape,True,0
1776421073.496,2026-04-17 12:17:53.495913,4.764,0.235,2.030,4.764,0.235,0.000,2.030,tape,True,0
1776421073.687,2026-04-17 12:17:53.686656,4.764,0.235,2.030,4.765,0.235,0.000,2.030,tape,True,0
1776421073.871,2026-04-17 12:17:53.871316,4.765,0.235,2.030,4.764,0.235,0.000,2.030,tape,True,0
1776421074.072,2026-04-17 12:17:54.072132,4.764,0.235,2.030,4.764,0.235,0.000,2.030,tape,True,0
1776421074.271,2026-04-17 12:17:54.271219,4.764,0.235,2.030,4.765,0.235,0.000,2.030,tape,True,0
1776421074.471,2026-04-17 12:17:54.470742,4.765,0.235,2.030,4.765,0.235,0.000,2.030,tape,True,0
1776421074.667,2026-04-17 12:17:54.666890,4.765,0.235,2.030,4.762,0.235,0.000,2.030,tape,True,0
1776421074.870,2026-04-17 12:17:54.869948,4.762,0.235,2.030,4.750,0.235,0.000,2.072,tape,True,0
1776421075.067,2026-04-17 12:17:55.067425,4.750,0.235,2.072,4.761,0.235,0.000,2.246,tape,True,0
1776421075.272,2026-04-17 12:17:55.271571,4.761,0.235,2.246,4.763,0.235,0.000,2.246,tape,True,1
1776421075.470,2026-04-17 12:17:55.470368,4.763,0.235,2.246,4.762,0.235,0.000,2.246,tape,True,1
1776421075.661,2026-04-17 12:17:55.660558,4.762,0.235,2.246,4.762,0.235,0.000,2.246,tape,True,0
1776421075.873,2026-04-17 12:17:55.873278,4.762,0.235,2.246,4.762,0.235,0.000,2.246,tape,True,1
1776421076.074,2026-04-17 12:17:56.074379,4.762,0.235,2.246,4.762,0.235,0.000,2.246,tape,True,2
1776421076.268,2026-04-17 12:17:56.268379,4.762,0.235,2.246,4.762,0.235,0.000,2.246,tape,True,1
1776421076.497,2026-04-17 12:17:56.497220,4.762,0.235,2.246,4.762,0.235,0.000,2.246,tape,True,1
1776421076.673,2026-04-17 12:17:56.672863,4.762,0.235,2.246,4.762,0.235,0.000,2.246,tape,True,0
1776421076.869,2026-04-17 12:17:56.869193,4.762,0.235,2.246,4.761,0.235,0.000,2.246,tape,True,0
1776421077.067,2026-04-17 12:17:57.066808,4.761,0.235,2.246,4.758,0.235,0.000,2.246,tape,True,0
1776421077.273,2026-04-17 12:17:57.272845,4.758,0.235,2.246,4.756,0.235,0.000,2.246,tape,True,1
1776421077.468,2026-04-17 12:17:57.468381,4.756,0.235,2.246,4.756,0.235,0.000,2.246,tape,True,2
1776421077.703,2026-04-17 12:17:57.703217,4.756,0.235,2.246,4.756,0.235,0.000,2.246,tape,True,2
1776421077.917,2026-04-17 12:17:57.916547,4.756,0.235,2.246,4.755,0.235,0.000,2.246,tape,True,1
1776421078.084,2026-04-17 12:17:58.084307,4.755,0.235,2.246,4.755,0.235,0.000,2.246,tape,True,1
1776421078.275,2026-04-17 12:17:58.275301,4.755,0.235,2.246,4.755,0.235,0.000,2.246,tape,True,2
1776421078.724,2026-04-17 12:17:58.724148,4.755,0.235,2.246,4.755,0.235,0.000,2.246,tape,True,2
1776421078.755,2026-04-17 12:17:58.755109,4.755,0.235,2.246,nan,nan,nan,nan,none,True,1
1776421078.865,2026-04-17 12:17:58.865132,4.755,0.235,2.246,4.816,0.235,0.000,2.246,tape,True,1
1776421079.088,2026-04-17 12:17:59.087608,4.816,0.235,2.246,4.786,0.235,0.000,2.246,tape,True,1
1776421079.273,2026-04-17 12:17:59.272778,4.786,0.235,2.246,4.773,0.235,0.000,2.246,tape,True,1
1776421079.465,2026-04-17 12:17:59.464781,4.773,0.235,2.246,4.768,0.235,0.000,2.246,tape,True,2
1776421079.674,2026-04-17 12:17:59.673649,4.768,0.235,2.246,4.829,0.235,0.000,2.246,tape,True,1
1776421079.874,2026-04-17 12:17:59.873680,4.829,0.235,2.246,4.853,0.235,0.000,2.246,tape,True,0
1776421080.090,2026-04-17 12:18:00.089909,4.853,0.235,2.246,4.800,0.235,0.000,2.246,tape,True,1
1776421080.280,2026-04-17 12:18:00.280343,4.800,0.235,2.246,4.779,0.235,0.000,2.246,tape,True,2
1776421080.480,2026-04-17 12:18:00.479742,4.779,0.235,2.246,4.833,0.235,0.000,2.246,tape,True,1
1776421080.663,2026-04-17 12:18:00.662886,4.833,0.235,2.246,4.855,0.235,0.000,2.246,tape,True,1
1776421080.870,2026-04-17 12:18:00.869755,4.855,0.235,2.246,4.801,0.235,0.000,2.246,tape,True,1
1776421081.090,2026-04-17 12:18:01.089641,4.801,0.235,2.246,4.842,0.235,0.000,2.246,tape,True,2
1776421081.276,2026-04-17 12:18:01.275807,4.842,0.235,2.246,4.795,0.235,0.000,2.246,tape,True,1
1776421081.476,2026-04-17 12:18:01.475811,4.795,0.235,2.246,4.840,0.235,0.000,2.246,tape,True,2
1776421081.688,2026-04-17 12:18:01.687507,4.840,0.235,2.246,4.857,0.235,0.000,2.246,tape,True,1
1776421081.897,2026-04-17 12:18:01.896720,4.857,0.235,2.246,4.864,0.235,0.000,2.246,tape,True,2
1776421082.088,2026-04-17 12:18:02.087623,4.864,0.235,2.246,4.867,0.235,0.000,2.246,tape,True,2
1776421082.275,2026-04-17 12:18:02.274597,4.867,0.235,2.246,4.868,0.235,0.000,2.246,tape,True,0
1776421082.475,2026-04-17 12:18:02.475136,4.868,0.235,2.246,4.869,0.235,0.000,2.246,tape,True,0
1776421082.673,2026-04-17 12:18:02.673436,4.869,0.235,2.246,4.869,0.235,0.000,2.246,tape,True,0
1776421082.873,2026-04-17 12:18:02.872924,4.869,0.235,2.246,4.869,0.235,0.000,2.246,tape,True,0
1776421083.083,2026-04-17 12:18:03.082852,4.869,0.235,2.246,4.869,0.235,0.000,2.246,tape,True,1
1776421083.284,2026-04-17 12:18:03.284097,4.869,0.235,2.246,4.806,0.235,0.000,2.246,tape,True,1
1776421083.471,2026-04-17 12:18:03.470794,4.806,0.235,2.246,4.844,0.235,0.000,2.246,tape,True,1
1776421083.674,2026-04-17 12:18:03.674169,4.844,0.235,2.246,4.859,0.235,0.000,2.246,tape,True,1
1776421083.865,2026-04-17 12:18:03.865342,4.859,0.235,2.246,4.865,0.235,0.000,2.246,tape,True,1
1776421084.078,2026-04-17 12:18:04.078011,4.865,0.235,2.246,4.805,0.235,0.000,2.246,tape,True,1
1776421084.276,2026-04-17 12:18:04.275543,4.805,0.235,2.246,4.781,0.235,0.000,2.246,tape,True,1
1776421084.483,2026-04-17 12:18:04.482785,4.781,0.235,2.246,4.771,0.235,0.000,2.246,tape,True,1
1776421084.671,2026-04-17 12:18:04.671353,4.771,0.235,2.246,4.830,0.235,0.000,2.246,tape,True,1
1776421084.871,2026-04-17 12:18:04.871132,4.830,0.235,2.246,4.791,0.235,0.000,2.246,tape,True,1
1776421085.073,2026-04-17 12:18:05.073055,4.791,0.235,2.246,4.838,0.235,0.000,2.246,tape,True,1
1776421085.280,2026-04-17 12:18:05.279580,4.838,0.235,2.246,4.794,0.235,0.000,2.246,tape,True,1
1776421085.493,2026-04-17 12:18:05.493289,4.794,0.235,2.246,4.776,0.235,0.000,2.246,tape,True,1
1776421085.680,2026-04-17 12:18:05.680117,4.776,0.235,2.246,4.769,0.235,0.000,2.246,tape,True,1
1776421085.898,2026-04-17 12:18:05.898180,4.769,0.235,2.246,4.829,0.235,0.000,2.246,tape,True,1
1776421086.119,2026-04-17 12:18:06.119501,4.829,0.235,2.246,4.853,0.235,0.000,2.246,tape,True,0
1776421086.287,2026-04-17 12:18:06.286720,4.853,0.235,2.246,4.863,0.235,0.000,2.246,tape,True,0
1776421086.492,2026-04-17 12:18:06.492451,4.863,0.235,2.246,4.866,0.235,0.000,2.246,tape,True,0
1776421086.696,2026-04-17 12:18:06.695522,4.866,0.235,2.246,4.868,0.235,0.000,2.246,tape,True,1
1776421086.890,2026-04-17 12:18:06.890305,4.868,0.235,2.246,4.869,0.235,0.000,2.246,tape,True,1
1776421087.098,2026-04-17 12:18:07.098082,4.869,0.235,2.246,4.806,0.235,0.000,2.246,tape,True,2
1776421087.283,2026-04-17 12:18:07.282973,4.806,0.235,2.246,4.781,0.235,0.000,2.246,tape,True,1
1776421087.491,2026-04-17 12:18:07.491313,4.781,0.235,2.246,4.799,0.235,0.000,2.246,tape,True,1
1776421087.692,2026-04-17 12:18:07.691861,4.799,0.235,2.246,4.811,0.235,0.000,2.246,tape,True,1
1776421087.895,2026-04-17 12:18:07.895278,4.811,0.235,2.246,4.812,0.235,0.000,2.246,tape,True,1
1776421088.090,2026-04-17 12:18:08.090044,4.812,0.235,2.246,4.813,0.235,0.000,2.246,tape,True,2
1776421088.283,2026-04-17 12:18:08.282911,4.813,0.235,2.246,4.784,0.235,0.000,2.246,tape,True,2
1776421088.491,2026-04-17 12:18:08.490672,4.784,0.235,2.246,4.772,0.235,0.000,2.246,tape,True,1
1776421088.690,2026-04-17 12:18:08.689717,4.772,0.235,2.246,4.768,0.235,0.000,2.549,tape,True,1
1776421088.888,2026-04-17 12:18:08.888458,4.768,0.235,2.549,nan,nan,nan,nan,none,False,1
1776421089.089,2026-04-17 12:18:09.088787,4.768,0.235,2.549,4.766,0.235,0.000,2.549,tape,True,1
1776421089.282,2026-04-17 12:18:09.282295,4.766,0.235,2.549,nan,nan,nan,nan,none,False,1
1776421089.490,2026-04-17 12:18:09.489563,4.766,0.235,2.549,nan,nan,nan,nan,none,False,1
1776421089.689,2026-04-17 12:18:09.688874,4.766,0.235,2.549,nan,nan,nan,nan,none,False,1
1776421089.886,2026-04-17 12:18:09.886293,4.766,0.235,2.549,nan,nan,nan,nan,none,False,1
1776421090.088,2026-04-17 12:18:10.087979,4.766,0.235,2.549,nan,nan,nan,nan,none,False,1
1776421090.282,2026-04-17 12:18:10.282170,4.766,0.235,2.549,nan,nan,nan,nan,none,False,1
1776421090.493,2026-04-17 12:18:10.493145,4.766,0.235,2.549,4.772,0.235,0.000,2.549,tape,True,1
1776421090.684,2026-04-17 12:18:10.684034,4.772,0.235,2.549,nan,nan,nan,nan,none,False,1
1776421090.898,2026-04-17 12:18:10.897826,4.772,0.235,2.549,4.768,0.235,0.000,2.549,tape,True,2
1776421091.096,2026-04-17 12:18:11.095997,4.768,0.235,2.549,nan,nan,nan,nan,none,False,1
1776421091.284,2026-04-17 12:18:11.284481,4.768,0.235,2.549,nan,nan,nan,nan,none,False,1
1776421091.500,2026-04-17 12:18:11.500376,4.768,0.235,2.549,nan,nan,nan,nan,none,False,1
1776421091.692,2026-04-17 12:18:11.692392,4.768,0.235,2.549,4.766,0.235,0.000,2.549,tape,True,0
1776421091.889,2026-04-17 12:18:11.889370,4.766,0.235,2.549,nan,nan,nan,nan,none,False,1
1776421092.092,2026-04-17 12:18:12.091510,4.766,0.235,2.549,4.772,0.235,0.000,2.549,tape,True,1
1776421092.283,2026-04-17 12:18:12.283359,4.772,0.235,2.549,4.768,0.235,0.000,2.549,tape,True,1
1776421092.484,2026-04-17 12:18:12.484204,4.768,0.235,2.549,4.773,0.235,0.000,2.549,tape,True,1
1776421092.689,2026-04-17 12:18:12.689066,4.773,0.235,2.549,4.775,0.235,0.000,2.549,tape,True,1
1776421092.897,2026-04-17 12:18:12.897466,4.775,0.235,2.549,nan,nan,nan,nan,none,False,1
1776421093.088,2026-04-17 12:18:13.088343,4.775,0.235,2.549,nan,nan,nan,nan,none,False,2
1776421093.289,2026-04-17 12:18:13.289090,4.775,0.235,2.549,4.776,0.235,0.000,2.549,tape,True,1
1776421093.489,2026-04-17 12:18:13.489486,4.776,0.235,2.549,nan,nan,nan,nan,none,False,1
1776421093.691,2026-04-17 12:18:13.691412,4.776,0.235,2.549,4.832,0.235,0.000,2.549,tape,True,1
1776421093.882,2026-04-17 12:18:13.882449,4.832,0.235,2.549,4.854,0.235,0.000,2.549,tape,True,1
1776421094.087,2026-04-17 12:18:14.087343,4.854,0.235,2.549,4.863,0.235,0.000,2.549,tape,True,1
1776421094.290,2026-04-17 12:18:14.290238,4.863,0.235,2.549,4.867,0.235,0.000,2.549,tape,True,1
1776421094.496,2026-04-17 12:18:14.495591,4.867,0.235,2.549,4.868,0.235,0.000,2.549,tape,True,1
1776421094.694,2026-04-17 12:18:14.693837,4.868,0.235,2.549,4.869,0.235,0.000,2.549,tape,True,2
1776421094.899,2026-04-17 12:18:14.899409,4.869,0.235,2.549,4.806,0.235,0.000,2.549,tape,True,1
1776421095.095,2026-04-17 12:18:15.094962,4.806,0.235,2.549,4.781,0.235,0.000,2.549,tape,True,2
1776421095.287,2026-04-17 12:18:15.287066,4.781,0.235,2.549,4.834,0.235,0.000,2.549,tape,True,1
1776421095.501,2026-04-17 12:18:15.501172,4.834,0.235,2.549,4.792,0.235,0.000,2.549,tape,True,1
1776421095.682,2026-04-17 12:18:15.682420,4.792,0.235,2.549,4.776,0.235,0.000,2.549,tape,True,2
1776421095.906,2026-04-17 12:18:15.906467,4.776,0.235,2.549,4.832,0.235,0.000,2.549,tape,True,1
1776421096.093,2026-04-17 12:18:16.093452,4.832,0.235,2.549,4.792,0.235,0.000,2.549,tape,True,1
1776421096.308,2026-04-17 12:18:16.308476,4.792,0.235,2.549,4.838,0.235,0.000,2.549,tape,True,1
1776421096.500,2026-04-17 12:18:16.499540,4.838,0.235,2.549,4.857,0.235,0.000,2.549,tape,True,1
1776421096.687,2026-04-17 12:18:16.687230,4.857,0.235,2.549,4.864,0.235,0.000,2.549,tape,True,1
1776421096.897,2026-04-17 12:18:16.896963,4.864,0.235,2.549,4.867,0.235,0.000,2.549,tape,True,1
1776421097.087,2026-04-17 12:18:17.087003,4.867,0.235,2.549,4.868,0.235,0.000,2.549,tape,True,1
1776421097.289,2026-04-17 12:18:17.289391,4.868,0.235,2.549,4.869,0.235,0.000,2.549,tape,True,2
1776421097.493,2026-04-17 12:18:17.493101,4.869,0.235,2.549,4.869,0.235,0.000,2.549,tape,True,1
1776421097.692,2026-04-17 12:18:17.691875,4.869,0.235,2.549,4.869,0.235,0.000,2.549,tape,True,1
1776421097.892,2026-04-17 12:18:17.891605,4.869,0.235,2.549,4.869,0.235,0.000,2.549,tape,True,1
1776421098.096,2026-04-17 12:18:18.095647,4.869,0.235,2.549,4.806,0.235,0.000,2.549,tape,True,1
1776421098.293,2026-04-17 12:18:18.293431,4.806,0.235,2.549,4.844,0.235,0.000,2.549,tape,True,1
1776421098.489,2026-04-17 12:18:18.489003,4.844,0.235,2.549,4.796,0.235,0.000,2.549,tape,True,1
1776421098.700,2026-04-17 12:18:18.699755,4.796,0.235,2.549,4.840,0.235,0.000,2.549,tape,True,1
1776421098.886,2026-04-17 12:18:18.886498,4.840,0.235,2.549,4.857,0.235,0.000,2.549,tape,True,1
1776421099.098,2026-04-17 12:18:19.097881,4.857,0.235,2.549,4.802,0.235,0.000,2.549,tape,True,2
1776421099.291,2026-04-17 12:18:19.291117,4.802,0.235,2.549,4.780,0.235,0.000,2.549,tape,True,2
1776421099.495,2026-04-17 12:18:19.494996,4.780,0.235,2.549,4.833,0.235,0.000,2.549,tape,True,2
1776421099.688,2026-04-17 12:18:19.687981,4.833,0.235,2.549,4.855,0.235,0.000,2.549,tape,True,1
1776421099.888,2026-04-17 12:18:19.888477,4.855,0.235,2.549,4.801,0.235,0.000,2.549,tape,True,1
1776421100.086,2026-04-17 12:18:20.085860,4.801,0.235,2.549,4.779,0.235,0.000,2.549,tape,True,1
1776421100.285,2026-04-17 12:18:20.284659,4.779,0.235,2.549,4.833,0.235,0.000,2.549,tape,True,1
1776421100.495,2026-04-17 12:18:20.494994,4.833,0.235,2.549,4.792,0.235,0.000,2.549,tape,True,1
1776421100.678,2026-04-17 12:18:20.677713,4.792,0.235,2.549,4.776,0.235,0.000,2.549,tape,True,1
1776421100.891,2026-04-17 12:18:20.891131,4.776,0.235,2.549,4.769,0.235,0.000,2.549,tape,True,1
1776421101.092,2026-04-17 12:18:21.092245,4.769,0.235,2.549,4.829,0.235,0.000,2.549,tape,True,1
1776421101.301,2026-04-17 12:18:21.301222,4.829,0.235,2.549,4.790,0.235,0.000,2.549,tape,True,1
1776421101.491,2026-04-17 12:18:21.490675,4.790,0.235,2.549,4.775,0.235,0.000,2.549,tape,True,1
1776421101.690,2026-04-17 12:18:21.689555,4.775,0.235,2.549,4.769,0.235,0.000,2.549,tape,True,1
1776421101.890,2026-04-17 12:18:21.889612,4.769,0.235,2.549,4.829,0.235,0.000,2.549,tape,True,1
1776421102.091,2026-04-17 12:18:22.091338,4.829,0.235,2.549,4.853,0.235,0.000,2.549,tape,True,1
1776421102.292,2026-04-17 12:18:22.292103,4.853,0.235,2.549,4.863,0.235,0.000,2.549,tape,True,1
1776421102.493,2026-04-17 12:18:22.493450,4.863,0.235,2.549,4.804,0.235,0.000,2.549,tape,True,1
1776421102.688,2026-04-17 12:18:22.688124,4.804,0.235,2.549,4.843,0.235,0.000,2.549,tape,True,2
1776421102.891,2026-04-17 12:18:22.890570,4.843,0.235,2.549,4.796,0.235,0.000,2.549,tape,True,1
1776421103.085,2026-04-17 12:18:23.084609,4.796,0.235,2.549,4.777,0.235,0.000,2.549,tape,True,1
1776421103.295,2026-04-17 12:18:23.294524,4.777,0.235,2.549,4.770,0.235,0.000,2.549,tape,True,1
1776421103.499,2026-04-17 12:18:23.498921,4.770,0.235,2.549,4.767,0.235,0.000,2.549,tape,True,1
1776421103.691,2026-04-17 12:18:23.691033,4.767,0.235,2.549,4.766,0.235,0.000,2.549,tape,True,1
1776421103.892,2026-04-17 12:18:23.891764,4.766,0.235,2.549,4.828,0.235,0.000,2.549,tape,True,1
1776421104.087,2026-04-17 12:18:24.087263,4.828,0.235,2.549,4.790,0.235,0.000,2.549,tape,True,1
1776421104.300,2026-04-17 12:18:24.300255,4.790,0.235,2.549,4.775,0.235,0.000,2.549,tape,True,1
1776421104.488,2026-04-17 12:18:24.487948,4.775,0.235,2.549,4.769,0.235,0.000,2.549,tape,True,1
1776421104.691,2026-04-17 12:18:24.691468,4.769,0.235,2.549,4.766,0.235,0.000,2.549,tape,True,1
1776421104.892,2026-04-17 12:18:24.891986,4.766,0.235,2.549,4.765,0.235,0.000,2.549,tape,True,1
1776421105.088,2026-04-17 12:18:25.087710,4.765,0.235,2.549,4.828,0.235,0.000,2.549,tape,True,1
1776421105.288,2026-04-17 12:18:25.288320,4.828,0.235,2.549,4.790,0.235,0.000,2.549,tape,True,1
1776421105.491,2026-04-17 12:18:25.490561,4.790,0.235,2.549,4.775,0.235,0.000,2.549,tape,True,1
1776421105.678,2026-04-17 12:18:25.678329,4.775,0.235,2.549,4.769,0.235,0.000,2.549,tape,True,1
1776421105.891,2026-04-17 12:18:25.890657,4.769,0.235,2.549,4.766,0.235,0.000,2.549,tape,True,2
1776421106.098,2026-04-17 12:18:26.098010,4.766,0.235,2.549,4.765,0.235,0.000,2.549,tape,True,1
1776421106.286,2026-04-17 12:18:26.285921,4.765,0.235,2.549,4.765,0.235,0.000,2.549,tape,True,1
1776421106.488,2026-04-17 12:18:26.488105,4.765,0.235,2.549,4.765,0.235,0.000,2.549,tape,True,1
1776421106.688,2026-04-17 12:18:26.687864,4.765,0.235,2.549,4.765,0.235,0.000,2.549,tape,True,1
1776421106.893,2026-04-17 12:18:26.892920,4.765,0.235,2.549,4.827,0.235,0.000,2.549,tape,True,2
1776421107.090,2026-04-17 12:18:27.089742,4.827,0.235,2.549,4.852,0.235,0.000,2.549,tape,True,1
1776421107.296,2026-04-17 12:18:27.295814,4.852,0.235,2.549,4.800,0.235,0.000,2.549,tape,True,1
1776421107.492,2026-04-17 12:18:27.491967,4.800,0.235,2.549,4.779,0.235,0.000,2.549,tape,True,1
1776421107.696,2026-04-17 12:18:27.696168,4.779,0.235,2.549,4.770,0.235,0.000,2.549,tape,True,1
1776421107.895,2026-04-17 12:18:27.895298,4.770,0.235,2.549,4.767,0.235,0.000,2.549,tape,True,1
1776421108.101,2026-04-17 12:18:28.101351,4.767,0.235,2.549,4.828,0.235,0.000,2.549,tape,True,1
1776421108.299,2026-04-17 12:18:28.299458,4.828,0.235,2.549,4.790,0.235,0.000,2.549,tape,True,1
1776421108.493,2026-04-17 12:18:28.493000,4.790,0.235,2.549,4.775,0.235,0.000,2.549,tape,True,1
1776421108.689,2026-04-17 12:18:28.689341,4.775,0.235,2.549,4.769,0.235,0.000,2.549,tape,True,2
1776421108.887,2026-04-17 12:18:28.886961,4.769,0.235,2.549,4.766,0.235,0.000,2.549,tape,True,1
1776421109.091,2026-04-17 12:18:29.091222,4.766,0.235,2.549,4.765,0.235,0.000,2.549,tape,True,1
1776421109.295,2026-04-17 12:18:29.295392,4.765,0.235,2.549,4.828,0.235,0.000,2.549,tape,True,1
1776421109.481,2026-04-17 12:18:29.481221,4.828,0.235,2.549,4.852,0.235,0.000,2.549,tape,True,1
1776421109.685,2026-04-17 12:18:29.685304,4.852,0.235,2.549,4.800,0.235,0.000,2.549,tape,True,3
1776421109.888,2026-04-17 12:18:29.887525,4.800,0.235,2.549,4.779,0.235,0.000,2.549,tape,True,1
1776421110.093,2026-04-17 12:18:30.093246,4.779,0.235,2.549,4.833,0.235,0.000,2.549,tape,True,1
1776421110.284,2026-04-17 12:18:30.283862,4.833,0.235,2.549,4.854,0.235,0.000,2.549,tape,True,1
1776421110.495,2026-04-17 12:18:30.495312,4.854,0.235,2.549,4.801,0.235,0.000,2.549,tape,True,1
1776421110.677,2026-04-17 12:18:30.676833,4.801,0.235,2.549,4.779,0.235,0.000,2.549,tape,True,1
1776421110.888,2026-04-17 12:18:30.887550,4.779,0.235,2.549,4.833,0.235,0.000,2.549,tape,True,1
1776421111.089,2026-04-17 12:18:31.089023,4.833,0.235,2.549,4.855,0.235,0.000,2.549,tape,True,1
1776421111.285,2026-04-17 12:18:31.284919,4.855,0.235,2.549,4.863,0.235,0.000,2.549,tape,True,1
1776421111.510,2026-04-17 12:18:31.509559,4.863,0.235,2.549,4.867,0.235,0.000,2.549,tape,True,1
1776421111.686,2026-04-17 12:18:31.686335,4.867,0.235,2.549,4.805,0.235,0.000,2.549,tape,True,2
1776421111.893,2026-04-17 12:18:31.893332,4.805,0.235,2.549,4.843,0.235,0.000,2.549,tape,True,1
1776421112.093,2026-04-17 12:18:32.092698,4.843,0.235,2.549,4.796,0.235,0.000,2.549,tape,True,0
1776421112.296,2026-04-17 12:18:32.295697,4.796,0.235,2.549,4.777,0.235,0.000,2.549,tape,True,0
1776421112.488,2026-04-17 12:18:32.487757,4.777,0.235,2.549,4.770,0.235,0.000,2.549,tape,True,1
1776421112.689,2026-04-17 12:18:32.689142,4.770,0.235,2.549,4.766,0.235,0.000,2.549,tape,True,2
1776421112.883,2026-04-17 12:18:32.883285,4.766,0.235,2.549,4.764,0.235,0.000,2.549,tape,True,1
1776421113.085,2026-04-17 12:18:33.085220,4.764,0.235,2.549,4.763,0.235,0.000,2.549,tape,True,1
1776421113.282,2026-04-17 12:18:33.282118,4.763,0.235,2.549,4.763,0.235,0.000,2.549,tape,True,1
1776421113.489,2026-04-17 12:18:33.488589,4.763,0.235,2.549,4.765,0.235,0.000,2.549,tape,True,1
1776421113.690,2026-04-17 12:18:33.689842,4.765,0.235,2.549,4.820,0.235,0.000,2.549,tape,True,0
1776421113.884,2026-04-17 12:18:33.884261,4.820,0.235,2.549,4.789,0.235,0.000,2.549,tape,True,0
1776421114.090,2026-04-17 12:18:34.089678,4.789,0.235,2.549,4.777,0.235,0.000,2.549,tape,True,2
1776421114.310,2026-04-17 12:18:34.309755,4.777,0.235,2.549,4.772,0.235,0.000,2.549,tape,True,2
1776421114.504,2026-04-17 12:18:34.504284,4.772,0.235,2.549,4.769,0.235,0.000,2.549,tape,True,2
1776421114.687,2026-04-17 12:18:34.686987,4.769,0.235,2.549,4.767,0.235,0.000,2.549,tape,True,2
1776421114.883,2026-04-17 12:18:34.882626,4.767,0.235,2.549,4.767,0.235,0.000,2.549,tape,True,1
1776421115.090,2026-04-17 12:18:35.089912,4.767,0.235,2.549,4.767,0.235,0.000,2.549,tape,True,2
1776421115.296,2026-04-17 12:18:35.296369,4.767,0.235,2.549,4.766,0.235,0.000,2.549,tape,True,2
1776421115.493,2026-04-17 12:18:35.492901,4.766,0.235,2.549,4.766,0.235,0.000,2.549,tape,True,2
1776421115.678,2026-04-17 12:18:35.678326,4.766,0.235,2.549,4.766,0.235,0.000,2.549,tape,True,0
1776421115.907,2026-04-17 12:18:35.907167,4.766,0.235,2.549,4.766,0.235,0.000,2.549,tape,True,1
1776421116.103,2026-04-17 12:18:36.102796,4.766,0.235,2.549,4.766,0.235,0.000,2.549,tape,True,2
1776421116.301,2026-04-17 12:18:36.300783,4.766,0.235,2.549,4.766,0.235,0.000,2.549,tape,True,1
1776421116.501,2026-04-17 12:18:36.500884,4.766,0.235,2.549,4.766,0.235,0.000,2.549,tape,True,3
1776421116.696,2026-04-17 12:18:36.696435,4.766,0.235,2.549,4.766,0.235,0.000,2.549,tape,True,3
1776421116.897,2026-04-17 12:18:36.896808,4.766,0.235,2.549,4.766,0.235,0.000,2.549,tape,True,2
1776421117.101,2026-04-17 12:18:37.101090,4.766,0.235,2.549,4.766,0.235,0.000,2.549,tape,True,3
1776421117.291,2026-04-17 12:18:37.291242,4.766,0.235,2.549,4.766,0.235,0.000,2.549,tape,True,3
1776421117.486,2026-04-17 12:18:37.486272,4.766,0.235,2.549,4.766,0.235,0.000,2.549,tape,True,3
1776421117.694,2026-04-17 12:18:37.694274,4.766,0.235,2.549,4.766,0.235,0.000,2.549,tape,True,2
1776421117.889,2026-04-17 12:18:37.889337,4.766,0.235,2.549,4.766,0.235,0.000,2.549,tape,True,3
1776421118.087,2026-04-17 12:18:38.087073,4.766,0.235,2.549,4.766,0.235,0.000,2.549,tape,True,1
1776421118.282,2026-04-17 12:18:38.281969,4.766,0.235,2.549,4.766,0.235,0.000,2.549,tape,True,2
1776421118.501,2026-04-17 12:18:38.501304,4.766,0.235,2.549,4.766,0.235,0.000,2.549,tape,True,2
1776421118.697,2026-04-17 12:18:38.697224,4.766,0.235,2.549,4.766,0.235,0.000,2.549,tape,True,3
1776421118.890,2026-04-17 12:18:38.889724,4.766,0.235,2.549,4.766,0.235,0.000,2.549,tape,True,1
1776421119.089,2026-04-17 12:18:39.089134,4.766,0.235,2.549,4.766,0.235,0.000,2.549,tape,True,2
1776421119.285,2026-04-17 12:18:39.284822,4.766,0.235,2.549,4.766,0.235,0.000,2.549,tape,True,2
1776421119.489,2026-04-17 12:18:39.489144,4.766,0.235,2.549,4.766,0.235,0.000,2.549,tape,True,3
1776421119.689,2026-04-17 12:18:39.688919,4.766,0.235,2.549,4.766,0.235,0.000,2.549,tape,True,2
1776421119.893,2026-04-17 12:18:39.893037,4.766,0.235,2.549,4.766,0.235,0.000,2.549,tape,True,2
1776421120.087,2026-04-17 12:18:40.087253,4.766,0.235,2.549,4.766,0.235,0.000,2.549,tape,True,3
1776421120.289,2026-04-17 12:18:40.288817,4.766,0.235,2.549,4.766,0.235,0.000,2.549,tape,True,2
1776421120.486,2026-04-17 12:18:40.485920,4.766,0.235,2.549,4.766,0.235,0.000,2.549,tape,True,3
1776421120.683,2026-04-17 12:18:40.683032,4.766,0.235,2.549,4.766,0.235,0.000,2.549,tape,True,3
1776421120.900,2026-04-17 12:18:40.899884,4.766,0.235,2.549,4.766,0.235,0.000,2.549,tape,True,2
1776421121.087,2026-04-17 12:18:41.087217,4.766,0.235,2.549,4.766,0.235,0.000,2.549,tape,True,2
1776421121.292,2026-04-17 12:18:41.291597,4.766,0.235,2.549,4.766,0.235,0.000,2.549,tape,True,3
1776421121.488,2026-04-17 12:18:41.487657,4.766,0.235,2.549,4.766,0.235,0.000,2.549,tape,True,2
1776421121.689,2026-04-17 12:18:41.689376,4.766,0.235,2.549,4.766,0.235,0.000,2.549,tape,True,3
1776421121.887,2026-04-17 12:18:41.887374,4.766,0.235,2.549,4.766,0.235,0.000,2.549,tape,True,2
1776421122.091,2026-04-17 12:18:42.091122,4.766,0.235,2.549,4.766,0.235,0.000,2.549,tape,True,0
1776421122.285,2026-04-17 12:18:42.285132,4.766,0.235,2.549,4.766,0.235,0.000,2.549,tape,True,3
1776421122.484,2026-04-17 12:18:42.484071,4.766,0.235,2.549,4.766,0.235,0.000,2.549,tape,True,1
1776421122.686,2026-04-17 12:18:42.686389,4.766,0.235,2.549,4.766,0.235,0.000,2.549,tape,True,1
1776421122.884,2026-04-17 12:18:42.884005,4.766,0.235,2.549,4.766,0.235,0.000,2.549,tape,True,1
1776421123.088,2026-04-17 12:18:43.088437,4.766,0.235,2.549,4.766,0.235,0.000,2.549,tape,True,1
1776421123.286,2026-04-17 12:18:43.285914,4.766,0.235,2.549,4.766,0.235,0.000,2.549,tape,True,2
1776421123.483,2026-04-17 12:18:43.482957,4.766,0.235,2.549,4.766,0.235,0.000,2.549,tape,True,1
1776421123.685,2026-04-17 12:18:43.684814,4.766,0.235,2.549,4.766,0.235,0.000,2.549,tape,True,2
1776421123.888,2026-04-17 12:18:43.888326,4.766,0.235,2.549,4.766,0.235,0.000,2.549,tape,True,2
1776421124.085,2026-04-17 12:18:44.084674,4.766,0.235,2.549,4.766,0.235,0.000,2.549,tape,True,2
1776421124.283,2026-04-17 12:18:44.283197,4.766,0.235,2.549,4.766,0.235,0.000,2.549,tape,True,2
1776421124.489,2026-04-17 12:18:44.489152,4.766,0.235,2.549,4.766,0.235,0.000,2.549,tape,True,2
1776421124.682,2026-04-17 12:18:44.681865,4.766,0.235,2.549,4.766,0.235,0.000,2.549,tape,True,3
1776421124.887,2026-04-17 12:18:44.887227,4.766,0.235,2.549,4.766,0.235,0.000,2.549,tape,True,2
1776421125.089,2026-04-17 12:18:45.089418,4.766,0.235,2.549,4.766,0.235,0.000,2.549,tape,True,3
1776421125.283,2026-04-17 12:18:45.283026,4.766,0.235,2.549,4.766,0.235,0.000,2.549,tape,True,2
1776421125.490,2026-04-17 12:18:45.490424,4.766,0.235,2.549,4.766,0.235,0.000,2.549,tape,True,2
1776421125.677,2026-04-17 12:18:45.676827,4.766,0.235,2.549,4.766,0.235,0.000,2.549,tape,True,2
1776421125.883,2026-04-17 12:18:45.883157,4.766,0.235,2.549,4.766,0.235,0.000,2.549,tape,True,1
1776421126.092,2026-04-17 12:18:46.092090,4.766,0.235,2.549,4.766,0.235,0.000,2.549,tape,True,1
1776421126.295,2026-04-17 12:18:46.295335,4.766,0.235,2.549,4.766,0.235,0.000,2.549,tape,True,2
1776421126.490,2026-04-17 12:18:46.489828,4.766,0.235,2.549,4.766,0.235,0.000,2.549,tape,True,1
1776421126.682,2026-04-17 12:18:46.681961,4.766,0.235,2.549,4.766,0.235,0.000,2.549,tape,True,2
1776421126.885,2026-04-17 12:18:46.884798,4.766,0.235,2.549,4.766,0.235,0.000,2.549,tape,True,1
1776421127.081,2026-04-17 12:18:47.080737,4.766,0.235,2.549,4.766,0.235,0.000,2.549,tape,True,1
1776421127.281,2026-04-17 12:18:47.281355,4.766,0.235,2.549,4.766,0.235,0.000,2.549,tape,True,2
1776421127.491,2026-04-17 12:18:47.490767,4.766,0.235,2.549,4.766,0.235,0.000,2.549,tape,True,2
1776421127.680,2026-04-17 12:18:47.679832,4.766,0.235,2.549,4.766,0.235,0.000,2.549,tape,True,1
1776421127.887,2026-04-17 12:18:47.887463,4.766,0.235,2.549,4.766,0.235,0.000,2.549,tape,True,1
1776421128.079,2026-04-17 12:18:48.079063,4.766,0.235,2.549,4.766,0.235,0.000,2.549,tape,True,1
1776421128.282,2026-04-17 12:18:48.282437,4.766,0.235,2.549,4.766,0.235,0.000,2.549,tape,True,1
1776421128.501,2026-04-17 12:18:48.501228,4.766,0.235,2.549,4.766,0.235,0.000,2.549,tape,True,1
1776421128.682,2026-04-17 12:18:48.682175,4.766,0.235,2.549,4.766,0.235,0.000,2.549,tape,True,2
1776421128.889,2026-04-17 12:18:48.888794,4.766,0.235,2.549,4.765,0.235,0.000,2.549,tape,True,1
1776421129.085,2026-04-17 12:18:49.084586,4.765,0.235,2.549,4.765,0.235,0.000,2.549,tape,True,2
1776421129.291,2026-04-17 12:18:49.291234,4.765,0.235,2.549,4.765,0.235,0.000,2.549,tape,True,1
1776421129.491,2026-04-17 12:18:49.490694,4.765,0.235,2.549,4.765,0.235,0.000,2.549,tape,True,3
1776421129.691,2026-04-17 12:18:49.691346,4.765,0.235,2.549,4.765,0.235,0.000,2.549,tape,True,0
1776421129.889,2026-04-17 12:18:49.889341,4.765,0.235,2.549,4.765,0.235,0.000,2.549,tape,True,3
1776421130.087,2026-04-17 12:18:50.086782,4.765,0.235,2.549,4.765,0.235,0.000,2.549,tape,True,0
1776421130.289,2026-04-17 12:18:50.289045,4.765,0.235,2.549,4.765,0.235,0.000,2.549,tape,True,1
1776421130.484,2026-04-17 12:18:50.484342,4.765,0.235,2.549,4.765,0.235,0.000,2.549,tape,True,2
1776421130.678,2026-04-17 12:18:50.678223,4.765,0.235,2.549,4.765,0.235,0.000,2.549,tape,True,2
1776421130.886,2026-04-17 12:18:50.886186,4.765,0.235,2.549,4.765,0.235,0.000,2.549,tape,True,2
1776421131.091,2026-04-17 12:18:51.090866,4.765,0.235,2.549,4.765,0.235,0.000,2.549,tape,True,2
1776421131.292,2026-04-17 12:18:51.292478,4.765,0.235,2.549,4.765,0.235,0.000,2.549,tape,True,1
1776421131.515,2026-04-17 12:18:51.514766,4.765,0.235,2.549,4.765,0.235,0.000,2.549,tape,True,1
1776421131.720,2026-04-17 12:18:51.720046,4.765,0.235,2.549,4.765,0.235,0.000,2.549,tape,True,1
1776421131.890,2026-04-17 12:18:51.889853,4.765,0.235,2.549,4.765,0.235,0.000,2.549,tape,True,1
1776421132.086,2026-04-17 12:18:52.086301,4.765,0.235,2.549,4.765,0.235,0.000,2.549,tape,True,1
1776421132.289,2026-04-17 12:18:52.288778,4.765,0.235,2.549,4.765,0.235,0.000,2.549,tape,True,1
1776421132.485,2026-04-17 12:18:52.485497,4.765,0.235,2.549,4.765,0.235,0.000,2.549,tape,True,2
1776421132.697,2026-04-17 12:18:52.696997,4.765,0.235,2.549,4.765,0.235,0.000,2.549,tape,True,2
1776421132.889,2026-04-17 12:18:52.888869,4.765,0.235,2.549,4.765,0.235,0.000,2.549,tape,True,2
1776421133.090,2026-04-17 12:18:53.090134,4.765,0.235,2.549,4.765,0.235,0.000,2.549,tape,True,3
1776421133.294,2026-04-17 12:18:53.293511,4.765,0.235,2.549,4.765,0.235,0.000,2.549,tape,True,2
1776421133.489,2026-04-17 12:18:53.489408,4.765,0.235,2.549,4.765,0.235,0.000,2.549,tape,True,2
1776421133.693,2026-04-17 12:18:53.692561,4.765,0.235,2.549,4.765,0.235,0.000,2.549,tape,True,3
1776421133.892,2026-04-17 12:18:53.892392,4.765,0.235,2.549,4.765,0.235,0.000,2.549,tape,True,1
1776421134.100,2026-04-17 12:18:54.099908,4.765,0.235,2.549,4.765,0.235,0.000,2.549,tape,True,3
1776421134.291,2026-04-17 12:18:54.291500,4.765,0.235,2.549,4.765,0.235,0.000,2.549,tape,True,0
1776421134.486,2026-04-17 12:18:54.485581,4.765,0.235,2.549,4.765,0.235,0.000,2.549,tape,True,2
1776421134.688,2026-04-17 12:18:54.688130,4.765,0.235,2.549,4.765,0.235,0.000,2.549,tape,True,2
1776421134.891,2026-04-17 12:18:54.891415,4.765,0.235,2.549,4.765,0.235,0.000,2.549,tape,True,2
1776421135.072,2026-04-17 12:18:55.071534,4.765,0.235,2.549,4.765,0.235,0.000,2.549,tape,True,2
1776421135.290,2026-04-17 12:18:55.290195,4.765,0.235,2.549,4.765,0.235,0.000,2.549,tape,True,1
1776421135.491,2026-04-17 12:18:55.490900,4.765,0.235,2.549,4.765,0.235,0.000,2.549,tape,True,2
1776421135.674,2026-04-17 12:18:55.673865,4.765,0.235,2.549,4.765,0.235,0.000,2.549,tape,True,2
1776421135.873,2026-04-17 12:18:55.873315,4.765,0.235,2.549,4.765,0.235,0.000,2.549,tape,True,1
1776421136.089,2026-04-17 12:18:56.088955,4.765,0.235,2.549,4.765,0.235,0.000,2.549,tape,True,1
1776421136.290,2026-04-17 12:18:56.290350,4.765,0.235,2.549,4.765,0.235,0.000,2.549,tape,True,2
1776421136.491,2026-04-17 12:18:56.491207,4.765,0.235,2.549,4.765,0.235,0.000,2.549,tape,True,0
1776421136.679,2026-04-17 12:18:56.679028,4.765,0.235,2.549,4.765,0.235,0.000,2.549,tape,True,2
1776421136.878,2026-04-17 12:18:56.877514,4.765,0.235,2.549,4.765,0.235,0.000,2.549,tape,True,2
1776421137.088,2026-04-17 12:18:57.087852,4.765,0.235,2.549,4.765,0.235,0.000,2.549,tape,True,1
1776421137.292,2026-04-17 12:18:57.292415,4.765,0.235,2.549,4.765,0.235,0.000,2.549,tape,True,2
1776421137.487,2026-04-17 12:18:57.487254,4.765,0.235,2.549,4.765,0.235,0.000,2.549,tape,True,1
1776421137.694,2026-04-17 12:18:57.693642,4.765,0.235,2.549,4.765,0.235,0.000,2.549,tape,True,2
1776421137.894,2026-04-17 12:18:57.893745,4.765,0.235,2.549,4.765,0.235,0.000,2.549,tape,True,1
1776421138.102,2026-04-17 12:18:58.101990,4.765,0.235,2.549,4.765,0.235,0.000,2.549,tape,True,2
1776421138.289,2026-04-17 12:18:58.288572,4.765,0.235,2.549,4.765,0.235,0.000,2.549,tape,True,2
1776421138.489,2026-04-17 12:18:58.489479,4.765,0.235,2.549,4.765,0.235,0.000,2.549,tape,True,1
1776421138.690,2026-04-17 12:18:58.690495,4.765,0.235,2.549,4.765,0.235,0.000,2.549,tape,True,1
1776421138.885,2026-04-17 12:18:58.884594,4.765,0.235,2.549,4.765,0.235,0.000,2.549,tape,True,3
1776421139.090,2026-04-17 12:18:59.089875,4.765,0.235,2.549,4.765,0.235,0.000,2.549,tape,True,1
1776421139.287,2026-04-17 12:18:59.286867,4.765,0.235,2.549,4.765,0.235,0.000,2.549,tape,True,2
1776421139.487,2026-04-17 12:18:59.487361,4.765,0.235,2.549,4.765,0.235,0.000,2.549,tape,True,0
1776421139.692,2026-04-17 12:18:59.691826,4.765,0.235,2.549,4.765,0.235,0.000,2.549,tape,True,0
1776421139.887,2026-04-17 12:18:59.887430,4.765,0.235,2.549,4.765,0.235,0.000,2.549,tape,True,2
1776421140.094,2026-04-17 12:19:00.093765,4.765,0.235,2.549,4.765,0.235,0.000,2.549,tape,True,1
1776421140.283,2026-04-17 12:19:00.282504,4.765,0.235,2.549,4.765,0.235,0.000,2.549,tape,True,2
1776421140.483,2026-04-17 12:19:00.482792,4.765,0.235,2.549,4.765,0.235,0.000,2.549,tape,True,1
1776421140.678,2026-04-17 12:19:00.677817,4.765,0.235,2.549,4.765,0.235,0.000,2.549,tape,True,3
1776421140.886,2026-04-17 12:19:00.885715,4.765,0.235,2.549,4.765,0.235,0.000,2.549,tape,True,3
1776421141.093,2026-04-17 12:19:01.093424,4.765,0.235,2.549,4.765,0.235,0.000,2.549,tape,True,2
1776421141.285,2026-04-17 12:19:01.285348,4.765,0.235,2.549,4.765,0.235,0.000,2.549,tape,True,2
1776421141.486,2026-04-17 12:19:01.485643,4.765,0.235,2.549,4.765,0.235,0.000,2.549,tape,True,1
1776421141.708,2026-04-17 12:19:01.708357,4.765,0.235,2.549,4.765,0.235,0.000,2.549,tape,True,2
1776421141.897,2026-04-17 12:19:01.896888,4.765,0.235,2.549,4.765,0.235,0.000,2.549,tape,True,2
1776421142.100,2026-04-17 12:19:02.099508,4.765,0.235,2.549,4.765,0.235,0.000,2.549,tape,True,1
1776421142.300,2026-04-17 12:19:02.300061,4.765,0.235,2.549,4.765,0.235,0.000,2.549,tape,True,1
1776421142.486,2026-04-17 12:19:02.486210,4.765,0.235,2.549,4.765,0.235,0.000,2.549,tape,True,1
1776421142.705,2026-04-17 12:19:02.705458,4.765,0.235,2.549,4.765,0.235,0.000,2.549,tape,True,2
1776421142.891,2026-04-17 12:19:02.891339,4.765,0.235,2.549,4.765,0.235,0.000,2.549,tape,True,1
1776421143.220,2026-04-17 12:19:03.220078,4.765,0.235,2.549,4.765,0.235,0.000,2.549,tape,True,1
1776421143.288,2026-04-17 12:19:03.288374,4.765,0.235,2.549,nan,nan,nan,nan,none,True,1
1776421143.535,2026-04-17 12:19:03.534504,4.765,0.235,2.549,4.765,0.235,0.000,2.549,tape,True,3
1776421143.713,2026-04-17 12:19:03.713066,4.765,0.235,2.549,4.765,0.235,0.000,2.549,tape,True,1
1776421143.879,2026-04-17 12:19:03.879152,4.765,0.235,2.549,4.765,0.235,0.000,2.549,tape,True,1
1776421144.089,2026-04-17 12:19:04.088966,4.765,0.235,2.549,4.765,0.235,0.000,2.549,tape,True,1
1776421144.283,2026-04-17 12:19:04.283244,4.765,0.235,2.549,4.765,0.235,0.000,2.549,tape,True,2
1776421144.502,2026-04-17 12:19:04.501637,4.765,0.235,2.549,4.765,0.235,0.000,2.549,tape,True,2
1776421144.681,2026-04-17 12:19:04.680811,4.765,0.235,2.549,4.765,0.235,0.000,2.549,tape,True,3
1776421144.933,2026-04-17 12:19:04.932957,4.765,0.235,2.549,4.765,0.235,0.000,2.549,tape,True,2
1776421145.085,2026-04-17 12:19:05.085041,4.765,0.235,2.549,4.765,0.235,0.000,2.549,tape,True,3
1776421145.282,2026-04-17 12:19:05.282047,4.765,0.235,2.549,4.765,0.235,0.000,2.549,tape,True,1
1776421145.492,2026-04-17 12:19:05.492092,4.765,0.235,2.549,4.765,0.235,0.000,2.549,tape,True,3
1776421145.681,2026-04-17 12:19:05.681405,4.765,0.235,2.549,4.765,0.235,0.000,2.549,tape,True,1
1776421145.913,2026-04-17 12:19:05.913008,4.765,0.235,2.549,4.765,0.235,0.000,2.549,tape,True,2
1776421146.085,2026-04-17 12:19:06.084696,4.765,0.235,2.549,4.765,0.235,0.000,2.549,tape,True,1
1776421146.284,2026-04-17 12:19:06.283965,4.765,0.235,2.549,4.765,0.235,0.000,2.549,tape,True,1
1776421146.486,2026-04-17 12:19:06.486153,4.765,0.235,2.549,4.765,0.235,0.000,2.549,tape,True,1
1776421146.681,2026-04-17 12:19:06.681146,4.765,0.235,2.549,4.765,0.235,0.000,2.549,tape,True,1
1776421146.886,2026-04-17 12:19:06.886107,4.765,0.235,2.549,4.765,0.235,0.000,2.549,tape,True,2
1776421147.085,2026-04-17 12:19:07.084919,4.765,0.235,2.549,4.765,0.235,0.000,2.549,tape,True,1
1776421147.287,2026-04-17 12:19:07.286980,4.765,0.235,2.549,4.765,0.235,0.000,2.549,tape,True,1
1776421147.484,2026-04-17 12:19:07.484123,4.765,0.235,2.549,4.765,0.235,0.000,2.549,tape,True,1
1776421147.682,2026-04-17 12:19:07.682488,4.765,0.235,2.549,4.765,0.235,0.000,2.549,tape,True,2
1776421147.899,2026-04-17 12:19:07.898840,4.765,0.235,2.549,4.765,0.235,0.000,2.549,tape,True,2
1776421148.112,2026-04-17 12:19:08.111814,4.765,0.235,2.549,4.765,0.235,0.000,2.549,tape,True,2
1776421148.282,2026-04-17 12:19:08.282054,4.765,0.235,2.549,4.765,0.235,0.000,2.549,tape,True,2
1776421148.482,2026-04-17 12:19:08.481627,4.765,0.235,2.549,4.765,0.235,0.000,2.549,tape,True,2
1776421148.685,2026-04-17 12:19:08.685023,4.765,0.235,2.549,4.765,0.235,0.000,2.549,tape,True,3
1776421148.911,2026-04-17 12:19:08.911099,4.765,0.235,2.549,4.765,0.235,0.000,2.549,tape,True,3
1776421149.098,2026-04-17 12:19:09.097565,4.765,0.235,2.549,4.765,0.235,0.000,2.549,tape,True,1
1776421149.280,2026-04-17 12:19:09.280160,4.765,0.235,2.549,4.765,0.235,0.000,2.549,tape,True,1
1776421149.481,2026-04-17 12:19:09.480813,4.765,0.235,2.549,4.765,0.235,0.000,2.549,tape,True,1
1776421149.682,2026-04-17 12:19:09.682482,4.765,0.235,2.549,4.765,0.235,0.000,2.549,tape,True,2
1776421149.894,2026-04-17 12:19:09.894120,4.765,0.235,2.549,4.765,0.235,0.000,2.549,tape,True,2
1776421150.087,2026-04-17 12:19:10.086686,4.765,0.235,2.549,4.765,0.235,0.000,2.549,tape,True,1
1776421150.281,2026-04-17 12:19:10.281391,4.765,0.235,2.549,4.765,0.235,0.000,2.549,tape,True,3
1776421150.483,2026-04-17 12:19:10.483336,4.765,0.235,2.549,4.765,0.235,0.000,2.549,tape,True,2
1776421150.679,2026-04-17 12:19:10.678955,4.765,0.235,2.549,4.765,0.235,0.000,2.549,tape,True,2
1776421150.878,2026-04-17 12:19:10.878305,4.765,0.235,2.549,4.765,0.235,0.000,2.549,tape,True,2
1776421151.090,2026-04-17 12:19:11.090037,4.765,0.235,2.549,4.765,0.235,0.000,2.549,tape,True,3
1776421151.305,2026-04-17 12:19:11.305437,4.765,0.235,2.549,4.765,0.235,0.000,2.549,tape,True,1
1776421151.515,2026-04-17 12:19:11.514520,4.765,0.235,2.549,4.765,0.235,0.000,2.549,tape,True,2
1776421151.679,2026-04-17 12:19:11.678674,4.765,0.235,2.549,4.765,0.235,0.000,2.549,tape,True,2
1776421151.865,2026-04-17 12:19:11.864509,4.765,0.235,2.549,4.765,0.235,0.000,2.549,tape,True,1
1776421152.065,2026-04-17 12:19:12.064760,4.765,0.235,2.549,4.765,0.235,0.000,2.549,tape,True,2
1776421152.281,2026-04-17 12:19:12.281494,4.765,0.235,2.549,4.765,0.235,0.000,2.549,tape,True,2
1776421152.472,2026-04-17 12:19:12.472033,4.765,0.235,2.549,4.765,0.235,0.000,2.549,tape,True,2
1776421152.681,2026-04-17 12:19:12.680921,4.765,0.235,2.549,4.765,0.235,0.000,2.549,tape,True,2
1776421152.882,2026-04-17 12:19:12.882165,4.765,0.235,2.549,4.765,0.235,0.000,2.549,tape,True,1
1776421153.070,2026-04-17 12:19:13.070280,4.765,0.235,2.549,4.765,0.235,0.000,2.549,tape,True,2
1776421153.277,2026-04-17 12:19:13.276628,4.765,0.235,2.549,4.765,0.235,0.000,2.549,tape,True,2
1776421153.495,2026-04-17 12:19:13.494694,4.765,0.235,2.549,4.765,0.235,0.000,2.549,tape,True,2
1776421153.687,2026-04-17 12:19:13.686934,4.765,0.235,2.549,4.765,0.235,0.000,2.549,tape,True,2
1776421154.109,2026-04-17 12:19:14.109483,4.765,0.235,2.549,4.765,0.235,0.000,2.549,tape,True,2
1776421154.144,2026-04-17 12:19:14.144220,4.765,0.235,2.549,nan,nan,nan,nan,none,True,2
1776422084.945,2026-04-17 12:34:44.944785,4.775,0.235,1.571,4.769,0.235,0.000,1.768,tape,True,0
1776422085.000,2026-04-17 12:34:44.999901,4.769,0.235,1.768,nan,nan,nan,nan,none,True,0
1776422085.173,2026-04-17 12:34:45.172840,4.769,0.235,1.768,4.766,0.235,0.000,1.768,tape,True,0
1776422085.372,2026-04-17 12:34:45.371885,4.766,0.235,1.768,4.765,0.235,0.000,1.768,tape,True,0
1776422085.581,2026-04-17 12:34:45.580566,4.765,0.235,1.768,4.765,0.235,0.000,1.768,tape,True,0
1776422085.778,2026-04-17 12:34:45.778437,4.765,0.235,1.768,4.765,0.235,0.000,1.768,tape,True,0
1776422085.982,2026-04-17 12:34:45.981539,4.765,0.235,1.768,4.765,0.235,0.000,1.768,tape,True,0
1776422086.183,2026-04-17 12:34:46.183421,4.765,0.235,1.768,4.765,0.235,0.000,1.768,tape,True,0
1776422086.384,2026-04-17 12:34:46.384388,4.765,0.235,1.768,4.765,0.235,0.000,1.768,tape,True,0
1776422086.586,2026-04-17 12:34:46.586252,4.765,0.235,1.768,4.765,0.235,0.000,1.768,tape,True,0
1776422086.784,2026-04-17 12:34:46.783531,4.765,0.235,1.768,4.765,0.235,0.000,2.066,tape,True,0
1776422086.986,2026-04-17 12:34:46.986114,4.765,0.235,2.066,4.765,0.235,0.000,2.066,tape,True,0
1776422087.185,2026-04-17 12:34:47.184861,4.765,0.235,2.066,4.804,0.235,0.000,2.281,tape,True,0
1776422087.387,2026-04-17 12:34:47.387262,4.804,0.235,2.281,4.790,0.235,0.000,2.584,tape,True,0
1776422087.576,2026-04-17 12:34:47.576030,4.790,0.235,2.584,4.796,0.235,0.000,2.584,tape,True,0
1776422087.787,2026-04-17 12:34:47.786911,4.796,0.235,2.584,4.803,0.235,0.000,2.584,tape,True,0
1776422087.984,2026-04-17 12:34:47.983774,4.803,0.235,2.584,4.801,0.235,0.000,2.584,tape,True,0
1776422088.189,2026-04-17 12:34:48.188798,4.801,0.235,2.584,4.796,0.235,0.000,2.584,tape,True,0
1776422088.381,2026-04-17 12:34:48.380913,4.796,0.235,2.584,4.780,0.235,0.000,2.584,tape,True,0
1776422088.581,2026-04-17 12:34:48.580784,4.780,0.235,2.584,4.771,0.235,0.000,2.584,tape,True,0
1776422088.780,2026-04-17 12:34:48.780282,4.771,0.235,2.584,4.767,0.235,0.000,2.584,tape,True,0
1776422088.983,2026-04-17 12:34:48.982804,4.767,0.235,2.584,4.709,0.235,0.000,2.584,tape,True,0
1776422089.190,2026-04-17 12:34:49.190311,4.709,0.235,2.584,4.685,0.235,0.000,2.584,tape,True,0
1776422089.386,2026-04-17 12:34:49.386047,4.685,0.235,2.584,4.676,0.235,0.000,2.584,tape,True,0
1776422089.584,2026-04-17 12:34:49.584089,4.676,0.235,2.584,4.673,0.235,0.000,2.584,tape,True,0
1776422089.777,2026-04-17 12:34:49.777196,4.673,0.235,2.584,4.671,0.235,0.000,2.584,tape,True,0
1776422089.969,2026-04-17 12:34:49.969372,4.671,0.235,2.584,4.727,0.235,0.000,2.584,tape,True,0
1776422090.176,2026-04-17 12:34:50.175850,4.727,0.235,2.584,4.740,0.235,0.000,2.584,tape,True,0
1776422090.380,2026-04-17 12:34:50.380068,4.740,0.235,2.584,4.736,0.235,0.000,2.584,tape,True,0
1776422090.588,2026-04-17 12:34:50.588012,4.736,0.235,2.584,4.734,0.235,0.000,2.584,tape,True,0
1776422090.787,2026-04-17 12:34:50.786900,4.734,0.235,2.584,4.735,0.235,0.000,2.584,tape,True,0
1776422090.981,2026-04-17 12:34:50.981011,4.735,0.235,2.584,4.734,0.235,0.000,2.584,tape,True,0
1776422091.179,2026-04-17 12:34:51.179304,4.734,0.235,2.584,4.734,0.235,0.000,2.584,tape,True,0
1776422091.371,2026-04-17 12:34:51.370667,4.734,0.235,2.584,4.732,0.235,0.000,2.584,tape,True,0
1776422091.576,2026-04-17 12:34:51.575755,4.732,0.235,2.584,4.728,0.235,0.000,2.584,tape,True,0
1776422091.767,2026-04-17 12:34:51.766870,4.728,0.235,2.584,4.723,0.235,0.000,2.584,tape,True,0
1776422091.981,2026-04-17 12:34:51.981140,4.723,0.235,2.584,4.719,0.235,0.000,2.888,tape,True,0
1776422092.174,2026-04-17 12:34:52.174239,4.719,0.235,2.888,nan,nan,nan,nan,none,True,0
1776422092.388,2026-04-17 12:34:52.388169,4.719,0.235,2.888,nan,nan,nan,nan,none,True,0
1776422092.582,2026-04-17 12:34:52.582371,4.719,0.235,2.888,nan,nan,nan,nan,none,True,0
1776422092.784,2026-04-17 12:34:52.783910,4.719,0.235,2.888,nan,nan,nan,nan,none,True,0
1776422092.981,2026-04-17 12:34:52.981099,4.719,0.235,2.888,nan,nan,nan,nan,none,True,0
1776422093.179,2026-04-17 12:34:53.178582,4.719,0.235,2.888,nan,nan,nan,nan,none,True,0
1776422093.384,2026-04-17 12:34:53.383767,4.719,0.235,2.888,nan,nan,nan,nan,none,True,0
1776422093.575,2026-04-17 12:34:53.575353,4.719,0.235,2.888,nan,nan,nan,nan,none,True,0
1776422093.788,2026-04-17 12:34:53.787747,4.719,0.235,2.888,nan,nan,nan,nan,none,True,0
1776422094.006,2026-04-17 12:34:54.006338,4.719,0.235,2.888,nan,nan,nan,nan,none,True,0
1776422094.222,2026-04-17 12:34:54.222339,4.719,0.235,2.888,nan,nan,nan,nan,none,True,0
1776422094.464,2026-04-17 12:34:54.463537,4.719,0.235,2.888,nan,nan,nan,nan,none,True,0
1776422094.683,2026-04-17 12:34:54.683332,4.719,0.235,2.888,nan,nan,nan,nan,none,True,1
1776422094.869,2026-04-17 12:34:54.868875,4.719,0.235,2.888,nan,nan,nan,nan,none,True,1
1776422095.071,2026-04-17 12:34:55.071174,4.719,0.235,2.888,nan,nan,nan,nan,none,True,2
1776422095.359,2026-04-17 12:34:55.359415,4.719,0.235,2.888,nan,nan,nan,nan,none,True,0
1776422095.498,2026-04-17 12:34:55.498310,4.719,0.235,2.888,nan,nan,nan,nan,none,True,1
1776422095.683,2026-04-17 12:34:55.682826,4.719,0.235,2.888,nan,nan,nan,nan,none,True,0
1776422095.853,2026-04-17 12:34:55.852787,4.719,0.235,2.888,nan,nan,nan,nan,none,True,2
1776422096.024,2026-04-17 12:34:56.024019,4.719,0.235,2.888,nan,nan,nan,nan,none,True,3
1776422096.368,2026-04-17 12:34:56.368262,4.719,0.235,2.888,nan,nan,nan,nan,none,True,0
1776422096.401,2026-04-17 12:34:56.400552,4.719,0.235,2.888,nan,nan,nan,nan,none,True,1
1776422096.719,2026-04-17 12:34:56.719247,4.719,0.235,2.888,nan,nan,nan,nan,none,True,2
1776422096.892,2026-04-17 12:34:56.891790,4.719,0.235,2.888,nan,nan,nan,nan,none,True,2
1776422097.082,2026-04-17 12:34:57.082051,4.719,0.235,2.888,nan,nan,nan,nan,none,True,2
1776422097.218,2026-04-17 12:34:57.218493,4.719,0.235,2.888,nan,nan,nan,nan,none,True,1
1776422097.491,2026-04-17 12:34:57.491465,4.719,0.235,2.888,nan,nan,nan,nan,none,True,1
1776422097.669,2026-04-17 12:34:57.669453,4.719,0.235,2.888,nan,nan,nan,nan,none,True,1
1776422097.850,2026-04-17 12:34:57.849516,4.719,0.235,2.888,nan,nan,nan,nan,none,True,2
1776422098.025,2026-04-17 12:34:58.025001,4.719,0.235,2.888,nan,nan,nan,nan,none,True,1
1776422098.294,2026-04-17 12:34:58.294047,4.719,0.235,2.888,nan,nan,nan,nan,none,True,1
1776422098.477,2026-04-17 12:34:58.477317,4.719,0.235,2.888,nan,nan,nan,nan,none,True,1
1776422098.643,2026-04-17 12:34:58.643168,4.719,0.235,2.888,nan,nan,nan,nan,none,True,1
1776422098.825,2026-04-17 12:34:58.825064,4.719,0.235,2.888,nan,nan,nan,nan,none,True,2
1776422099.011,2026-04-17 12:34:59.011211,4.719,0.235,2.888,nan,nan,nan,nan,none,True,1
1776422099.187,2026-04-17 12:34:59.187436,4.719,0.235,2.888,nan,nan,nan,nan,none,True,1
1776422099.387,2026-04-17 12:34:59.387025,4.719,0.235,2.888,nan,nan,nan,nan,none,True,0
1776422099.705,2026-04-17 12:34:59.705315,4.719,0.235,2.888,nan,nan,nan,nan,none,True,1
1776422099.893,2026-04-17 12:34:59.892600,4.719,0.235,2.888,nan,nan,nan,nan,none,True,1
1776422099.981,2026-04-17 12:34:59.981395,4.719,0.235,2.888,nan,nan,nan,nan,none,True,1
1776422100.188,2026-04-17 12:35:00.188496,4.719,0.235,2.888,nan,nan,nan,nan,none,True,2
1776422100.388,2026-04-17 12:35:00.388176,4.719,0.235,2.888,nan,nan,nan,nan,none,True,2
1776422100.589,2026-04-17 12:35:00.589070,4.719,0.235,2.888,nan,nan,nan,nan,none,True,2
1776422100.787,2026-04-17 12:35:00.786782,4.719,0.235,2.888,nan,nan,nan,nan,none,True,2
1776422100.990,2026-04-17 12:35:00.990305,4.719,0.235,2.888,nan,nan,nan,nan,none,True,2
1776422101.190,2026-04-17 12:35:01.189999,4.719,0.235,2.888,nan,nan,nan,nan,none,True,2
1776422101.383,2026-04-17 12:35:01.383077,4.719,0.235,2.888,nan,nan,nan,nan,none,True,2
1776422101.583,2026-04-17 12:35:01.583474,4.719,0.235,2.888,nan,nan,nan,nan,none,True,1
1776422101.780,2026-04-17 12:35:01.779835,4.719,0.235,2.888,nan,nan,nan,nan,none,True,2
1776422101.988,2026-04-17 12:35:01.987510,4.719,0.235,2.888,nan,nan,nan,nan,none,True,2
1776422102.194,2026-04-17 12:35:02.193730,4.719,0.235,2.888,nan,nan,nan,nan,none,True,2
1776422102.370,2026-04-17 12:35:02.370307,4.719,0.235,2.888,nan,nan,nan,nan,none,True,2
1776422102.581,2026-04-17 12:35:02.581160,4.719,0.235,2.888,nan,nan,nan,nan,none,True,2
1776422102.782,2026-04-17 12:35:02.781525,4.719,0.235,2.888,nan,nan,nan,nan,none,True,2
1776422102.986,2026-04-17 12:35:02.985522,4.719,0.235,2.888,nan,nan,nan,nan,none,True,1
1776422113.522,2026-04-17 12:35:13.522141,4.775,0.235,1.571,4.768,0.235,0.000,1.533,tape,True,2
1776422113.573,2026-04-17 12:35:13.573262,4.768,0.235,1.533,nan,nan,nan,nan,none,True,1
1776422113.782,2026-04-17 12:35:13.782126,4.768,0.235,1.533,4.765,0.235,0.000,1.473,tape,True,1
1776422113.983,2026-04-17 12:35:13.983099,4.765,0.235,1.473,4.764,0.235,0.000,1.356,tape,True,2
1776422114.184,2026-04-17 12:35:14.184357,4.764,0.235,1.356,4.764,0.235,0.000,1.168,tape,True,1
1776422114.382,2026-04-17 12:35:14.381897,4.764,0.235,1.168,4.764,0.235,0.000,0.867,tape,True,1
1776422114.585,2026-04-17 12:35:14.585086,4.764,0.235,0.867,4.764,0.235,0.000,0.867,tape,True,2
1776422114.784,2026-04-17 12:35:14.783990,4.764,0.235,0.867,4.764,0.235,0.000,0.867,tape,True,2
1776422114.993,2026-04-17 12:35:14.993166,4.764,0.235,0.867,4.764,0.235,0.000,0.867,tape,True,2
1776422115.178,2026-04-17 12:35:15.177966,4.764,0.235,0.867,4.763,0.235,0.000,0.867,tape,True,2
1776422115.447,2026-04-17 12:35:15.447306,4.763,0.235,0.867,4.763,0.235,0.000,0.867,tape,True,1
1776422115.576,2026-04-17 12:35:15.576325,4.763,0.235,0.867,4.764,0.235,0.000,0.867,tape,True,2
1776422115.777,2026-04-17 12:35:15.776827,4.764,0.235,0.867,4.763,0.235,0.000,0.867,tape,True,2
1776422115.981,2026-04-17 12:35:15.980923,4.763,0.235,0.867,4.763,0.235,0.000,0.867,tape,True,2
1776423385.220,2026-04-17 12:56:25.219740,4.775,0.235,1.570,4.770,0.235,0.000,1.808,tape,True,0
1776423385.280,2026-04-17 12:56:25.279692,4.775,0.235,1.570,nan,nan,nan,nan,none,True,2
1776423385.446,2026-04-17 12:56:25.446436,4.775,0.235,1.570,4.770,0.235,0.000,1.807,tape,True,2
1776423385.652,2026-04-17 12:56:25.652249,4.775,0.235,1.570,4.769,0.235,0.000,1.810,tape,True,0
1776423385.861,2026-04-17 12:56:25.861184,4.775,0.235,1.570,4.770,0.235,0.000,1.820,tape,True,2
1776423386.058,2026-04-17 12:56:26.058450,4.775,0.235,1.570,4.770,0.235,0.000,1.820,tape,True,1
1776423386.263,2026-04-17 12:56:26.262731,4.775,0.235,1.570,4.770,0.235,0.000,1.810,tape,True,2
1776423386.459,2026-04-17 12:56:26.458887,4.775,0.235,1.570,4.770,0.235,0.000,1.847,tape,True,3
1776423386.649,2026-04-17 12:56:26.648703,4.775,0.235,1.570,4.770,0.235,0.000,1.846,tape,True,2
1776423386.862,2026-04-17 12:56:26.862115,4.775,0.235,1.570,4.770,0.235,0.000,1.805,tape,True,1
1776423387.097,2026-04-17 12:56:27.096847,4.775,0.235,1.570,4.770,0.235,0.000,1.808,tape,True,2
1776423387.264,2026-04-17 12:56:27.263938,4.775,0.235,1.570,4.770,0.235,0.000,1.821,tape,True,2
1776423387.458,2026-04-17 12:56:27.457932,4.775,0.235,1.570,4.770,0.235,0.000,1.808,tape,True,2
1776423387.658,2026-04-17 12:56:27.657785,4.775,0.235,1.570,4.770,0.235,0.000,1.806,tape,True,0
1776423387.858,2026-04-17 12:56:27.857954,4.775,0.235,1.570,4.770,0.235,0.000,1.807,tape,True,2
1776423388.081,2026-04-17 12:56:28.080544,4.775,0.235,1.570,4.770,0.235,0.000,1.844,tape,True,2
1776423388.280,2026-04-17 12:56:28.279539,4.775,0.235,1.570,4.770,0.235,0.000,1.809,tape,True,1
1776423388.466,2026-04-17 12:56:28.466421,4.775,0.235,1.570,4.770,0.235,0.000,1.821,tape,True,3
1776423388.664,2026-04-17 12:56:28.663960,4.775,0.235,1.570,4.770,0.235,0.000,1.806,tape,True,2
1776423388.865,2026-04-17 12:56:28.865110,4.775,0.235,1.570,4.770,0.235,0.000,1.845,tape,True,2
1776423389.067,2026-04-17 12:56:29.066933,4.775,0.235,1.570,4.770,0.235,0.000,1.843,tape,True,1
1776423389.254,2026-04-17 12:56:29.254470,4.775,0.235,1.570,4.770,0.235,0.000,1.805,tape,True,2
1776423389.468,2026-04-17 12:56:29.467976,4.775,0.235,1.570,4.770,0.235,0.000,1.819,tape,True,3
1776423389.663,2026-04-17 12:56:29.662791,4.775,0.235,1.570,4.770,0.235,0.000,1.805,tape,True,2
1776423389.875,2026-04-17 12:56:29.875018,4.775,0.235,1.570,4.770,0.235,0.000,1.820,tape,True,3
1776423390.053,2026-04-17 12:56:30.053420,4.775,0.235,1.570,4.770,0.235,0.000,1.805,tape,True,2
1776423390.261,2026-04-17 12:56:30.261500,4.775,0.235,1.570,4.770,0.235,0.000,1.844,tape,True,3
1776423390.465,2026-04-17 12:56:30.464743,4.775,0.235,1.570,4.770,0.235,0.000,1.820,tape,True,2
1776423390.666,2026-04-17 12:56:30.665891,4.775,0.235,1.570,4.770,0.235,0.000,1.845,tape,True,2
1776423390.866,2026-04-17 12:56:30.866345,4.775,0.235,1.570,4.770,0.235,0.000,1.805,tape,True,1
1776423391.060,2026-04-17 12:56:31.059824,4.775,0.235,1.570,4.770,0.235,0.000,1.820,tape,True,2
1776423391.266,2026-04-17 12:56:31.265540,4.775,0.235,1.570,4.770,0.235,0.000,1.819,tape,True,2
1776423391.473,2026-04-17 12:56:31.473494,4.775,0.235,1.570,4.770,0.235,0.000,1.820,tape,True,2
1776423391.669,2026-04-17 12:56:31.668901,4.775,0.235,1.570,4.770,0.235,0.000,1.846,tape,True,3
1776423391.862,2026-04-17 12:56:31.862020,4.775,0.235,1.570,4.770,0.235,0.000,1.820,tape,True,1
1776423392.056,2026-04-17 12:56:32.056365,4.775,0.235,1.570,4.770,0.235,0.000,1.845,tape,True,1
1776423392.296,2026-04-17 12:56:32.295765,4.775,0.235,1.570,4.770,0.235,0.000,1.820,tape,True,1
1776423392.490,2026-04-17 12:56:32.490303,4.775,0.235,1.570,4.770,0.235,0.000,1.819,tape,True,2
1776423392.680,2026-04-17 12:56:32.680000,4.775,0.235,1.570,4.770,0.235,0.000,1.843,tape,True,1
1776423392.851,2026-04-17 12:56:32.850800,4.775,0.235,1.570,4.770,0.235,0.000,1.820,tape,True,2
1776423393.079,2026-04-17 12:56:33.079331,4.775,0.235,1.570,4.770,0.235,0.000,1.820,tape,True,1
1776423393.286,2026-04-17 12:56:33.286473,4.775,0.235,1.570,4.770,0.235,0.000,1.843,tape,True,2
1776423393.466,2026-04-17 12:56:33.465881,4.775,0.235,1.570,4.770,0.235,0.000,1.808,tape,True,2
1776423393.657,2026-04-17 12:56:33.657404,4.775,0.235,1.570,4.770,0.235,0.000,1.820,tape,True,1
1776423393.878,2026-04-17 12:56:33.878499,4.775,0.235,1.570,4.770,0.235,0.000,1.806,tape,True,3
1776423394.055,2026-04-17 12:56:34.054960,4.775,0.235,1.570,4.770,0.235,0.000,1.807,tape,True,3
1776423394.255,2026-04-17 12:56:34.255204,4.775,0.235,1.570,4.770,0.235,0.000,1.809,tape,True,4
1776423394.457,2026-04-17 12:56:34.456756,4.775,0.235,1.570,4.770,0.235,0.000,1.820,tape,True,2
1776423394.684,2026-04-17 12:56:34.684257,4.775,0.235,1.570,4.770,0.235,0.000,1.821,tape,True,1
1776423394.869,2026-04-17 12:56:34.868611,4.775,0.235,1.570,4.770,0.235,0.000,1.809,tape,True,2
1776423395.059,2026-04-17 12:56:35.059352,4.775,0.235,1.570,4.770,0.235,0.000,1.807,tape,True,2
1776423395.265,2026-04-17 12:56:35.264911,4.775,0.235,1.570,4.770,0.235,0.000,1.820,tape,True,2
1776423395.456,2026-04-17 12:56:35.456341,4.775,0.235,1.570,4.770,0.235,0.000,1.807,tape,True,3
1776423395.651,2026-04-17 12:56:35.650976,4.775,0.235,1.570,4.770,0.235,0.000,1.806,tape,True,1
1776423395.849,2026-04-17 12:56:35.849223,4.775,0.235,1.570,4.770,0.235,0.000,1.806,tape,True,3
1776423396.066,2026-04-17 12:56:36.066207,4.775,0.235,1.570,4.770,0.235,0.000,1.808,tape,True,2
1776423396.285,2026-04-17 12:56:36.285416,4.775,0.235,1.570,4.770,0.235,0.000,1.804,tape,True,3
1776423396.458,2026-04-17 12:56:36.458102,4.775,0.235,1.570,4.770,0.235,0.000,1.807,tape,True,2
1776423396.709,2026-04-17 12:56:36.709145,4.775,0.235,1.570,4.770,0.235,0.000,1.820,tape,True,2
1776423396.862,2026-04-17 12:56:36.862156,4.775,0.235,1.570,4.770,0.235,0.000,1.807,tape,True,1
1776423397.071,2026-04-17 12:56:37.070863,4.775,0.235,1.570,4.770,0.235,0.000,1.806,tape,True,2
1776423397.268,2026-04-17 12:56:37.267785,4.775,0.235,1.570,4.770,0.235,0.000,1.807,tape,True,3
1776423397.468,2026-04-17 12:56:37.468096,4.775,0.235,1.570,4.770,0.235,0.000,1.807,tape,True,2
1776423397.692,2026-04-17 12:56:37.692438,4.775,0.235,1.570,4.770,0.235,0.000,1.820,tape,True,1
1776423397.870,2026-04-17 12:56:37.869757,4.775,0.235,1.570,4.770,0.235,0.000,1.806,tape,True,1
1776423398.073,2026-04-17 12:56:38.072792,4.775,0.235,1.570,4.770,0.235,0.000,1.820,tape,True,2
1776423398.261,2026-04-17 12:56:38.260535,4.775,0.235,1.570,4.770,0.235,0.000,1.820,tape,True,1
1776423398.516,2026-04-17 12:56:38.515825,4.775,0.235,1.570,4.770,0.235,0.000,1.845,tape,True,3
1776423398.660,2026-04-17 12:56:38.659618,4.775,0.235,1.570,4.770,0.235,0.000,1.820,tape,True,2
1776423398.879,2026-04-17 12:56:38.879421,4.775,0.235,1.570,4.770,0.235,0.000,1.820,tape,True,3
1776423399.087,2026-04-17 12:56:39.086542,4.775,0.235,1.570,4.770,0.235,0.000,1.820,tape,True,1
1776423399.284,2026-04-17 12:56:39.284354,4.775,0.235,1.570,4.770,0.235,0.000,1.820,tape,True,1
1776423399.454,2026-04-17 12:56:39.453866,4.775,0.235,1.570,4.770,0.235,0.000,1.820,tape,True,3
1776423399.682,2026-04-17 12:56:39.682001,4.775,0.235,1.570,4.770,0.235,0.000,1.819,tape,True,3
1776423399.880,2026-04-17 12:56:39.879738,4.775,0.235,1.570,4.770,0.235,0.000,1.807,tape,True,2
1776423400.089,2026-04-17 12:56:40.088819,4.775,0.235,1.570,4.770,0.235,0.000,1.844,tape,True,0
1776423400.284,2026-04-17 12:56:40.284381,4.775,0.235,1.570,4.770,0.235,0.000,1.808,tape,True,3
1776423400.527,2026-04-17 12:56:40.526795,4.775,0.235,1.570,4.770,0.235,0.000,1.820,tape,True,2
1776423400.670,2026-04-17 12:56:40.669515,4.775,0.235,1.570,4.770,0.235,0.000,1.809,tape,True,2
1776423400.875,2026-04-17 12:56:40.875261,4.775,0.235,1.570,4.770,0.235,0.000,1.819,tape,True,2
1776423401.089,2026-04-17 12:56:41.089228,4.775,0.235,1.570,4.770,0.235,0.000,1.820,tape,True,2
1776423401.265,2026-04-17 12:56:41.264825,4.775,0.235,1.570,4.770,0.235,0.000,1.806,tape,True,2
1776423401.506,2026-04-17 12:56:41.506237,4.775,0.235,1.570,4.770,0.235,0.000,1.808,tape,True,1
1776423401.665,2026-04-17 12:56:41.664688,4.775,0.235,1.570,4.770,0.235,0.000,1.808,tape,True,1
1776423401.862,2026-04-17 12:56:41.862192,4.775,0.235,1.570,4.770,0.235,0.000,1.845,tape,True,2
1776423402.083,2026-04-17 12:56:42.083159,4.775,0.235,1.570,4.770,0.235,0.000,1.808,tape,True,2
1776423402.268,2026-04-17 12:56:42.267676,4.775,0.235,1.570,4.770,0.235,0.000,1.819,tape,True,2
1776423402.531,2026-04-17 12:56:42.530525,4.775,0.235,1.570,4.770,0.235,0.000,1.807,tape,True,2
1776423402.676,2026-04-17 12:56:42.676034,4.775,0.235,1.570,4.770,0.235,0.000,1.809,tape,True,1
1776423402.871,2026-04-17 12:56:42.870562,4.775,0.235,1.570,4.770,0.235,0.000,1.807,tape,True,2
1776423403.100,2026-04-17 12:56:43.099530,4.775,0.235,1.570,4.770,0.235,0.000,1.807,tape,True,3
1776423403.263,2026-04-17 12:56:43.263319,4.775,0.235,1.570,4.770,0.235,0.000,1.820,tape,True,2
1776423403.455,2026-04-17 12:56:43.454640,4.775,0.235,1.570,4.770,0.235,0.000,1.819,tape,True,3
1776423403.654,2026-04-17 12:56:43.654466,4.775,0.235,1.570,4.770,0.235,0.000,1.807,tape,True,1
1776425097.708,2026-04-17 13:24:57.708429,4.775,0.235,1.570,4.772,0.235,0.000,1.260,tape,True,3
1776425097.764,2026-04-17 13:24:57.763547,4.775,0.235,1.570,nan,nan,nan,nan,none,True,3
1776425097.873,2026-04-17 13:24:57.872938,4.775,0.235,1.570,4.772,0.235,0.000,1.570,tape,True,2
1776425098.731,2026-04-17 13:24:58.730748,4.775,0.235,1.570,4.772,0.235,0.000,1.570,tape,True,3
1776425099.163,2026-04-17 13:24:59.163024,4.775,0.235,1.570,4.772,0.235,0.000,1.259,tape,True,3
1776425099.237,2026-04-17 13:24:59.237210,4.775,0.235,1.570,nan,nan,nan,nan,none,True,2
1776425100.901,2026-04-17 13:25:00.900540,4.775,0.235,1.570,4.722,0.235,0.000,1.603,tape,True,0
1776425100.952,2026-04-17 13:25:00.951605,4.775,0.235,1.570,nan,nan,nan,nan,none,False,0
1776425100.993,2026-04-17 13:25:00.993185,4.775,0.235,1.570,nan,nan,nan,nan,none,True,0
1776425101.017,2026-04-17 13:25:01.017173,4.775,0.235,1.570,4.727,0.235,0.000,1.505,tape,True,0
1776425101.041,2026-04-17 13:25:01.040625,4.775,0.235,1.570,nan,nan,nan,nan,none,True,0
1776425101.126,2026-04-17 13:25:01.126111,4.775,0.235,1.570,nan,nan,nan,nan,none,False,0
1776425101.312,2026-04-17 13:25:01.312272,4.775,0.235,1.570,nan,nan,nan,nan,none,False,0
1776425101.528,2026-04-17 13:25:01.528109,4.775,0.235,1.570,nan,nan,nan,nan,none,False,0
1776425101.775,2026-04-17 13:25:01.774999,4.775,0.235,1.570,nan,nan,nan,nan,none,False,0
1776425101.944,2026-04-17 13:25:01.943549,4.775,0.235,1.570,4.716,0.235,0.000,1.570,tape,True,0
1776425102.147,2026-04-17 13:25:02.147146,4.775,0.235,1.570,nan,nan,nan,nan,none,False,0
1776425102.319,2026-04-17 13:25:02.319475,4.775,0.235,1.570,nan,nan,nan,nan,none,False,0
1776425103.073,2026-04-17 13:25:03.072967,4.775,0.235,1.570,nan,nan,nan,nan,none,False,0
1776425103.117,2026-04-17 13:25:03.117265,4.775,0.235,1.570,nan,nan,nan,nan,none,False,0
1776425103.183,2026-04-17 13:25:03.183440,4.775,0.235,1.570,nan,nan,nan,nan,none,False,0
1776425103.253,2026-04-17 13:25:03.252636,4.775,0.235,1.570,nan,nan,nan,nan,none,False,0
1776425103.300,2026-04-17 13:25:03.299876,4.775,0.235,1.570,4.734,0.235,0.000,1.751,tape,True,0
1776425103.503,2026-04-17 13:25:03.503448,4.775,0.235,1.570,4.775,0.235,0.000,1.478,tape,True,0
1776425103.715,2026-04-17 13:25:03.714813,4.775,0.235,1.570,4.804,0.235,0.000,1.361,tape,True,0
1776425103.904,2026-04-17 13:25:03.904107,4.775,0.235,1.570,4.790,0.235,0.000,1.443,tape,True,0
1776425104.160,2026-04-17 13:25:04.160111,4.775,0.235,1.570,4.775,0.235,0.000,1.494,tape,True,0
1776425104.337,2026-04-17 13:25:04.336727,4.775,0.235,1.570,4.778,0.235,0.000,1.497,tape,True,0
1776425104.515,2026-04-17 13:25:04.515084,4.775,0.235,1.570,4.790,0.235,0.000,1.473,tape,True,0
1776425104.758,2026-04-17 13:25:04.757983,4.775,0.235,1.570,4.790,0.235,0.000,1.452,tape,True,0
1776425104.939,2026-04-17 13:25:04.939142,4.775,0.235,1.570,4.790,0.235,0.000,1.446,tape,True,0
1776425105.151,2026-04-17 13:25:05.150839,4.775,0.235,1.570,4.775,0.235,0.000,1.509,tape,True,0
1776425105.285,2026-04-17 13:25:05.284725,4.775,0.235,1.570,4.790,0.235,0.000,1.443,tape,True,0
1776425105.506,2026-04-17 13:25:05.505712,4.775,0.235,1.570,4.790,0.235,0.000,1.442,tape,True,0
1776425105.689,2026-04-17 13:25:05.688838,4.775,0.235,1.570,4.790,0.235,0.000,1.619,tape,True,0
1776425105.894,2026-04-17 13:25:05.893759,4.775,0.235,1.570,4.790,0.235,0.000,1.410,tape,True,0
1776425106.156,2026-04-17 13:25:06.155764,4.775,0.235,1.570,4.790,0.235,0.000,1.431,tape,True,0
1776425106.317,2026-04-17 13:25:06.317249,4.775,0.235,1.570,4.790,0.235,0.000,1.469,tape,True,0
1776425106.517,2026-04-17 13:25:06.516625,4.775,0.235,1.570,4.790,0.235,0.000,1.446,tape,True,0
1776425106.697,2026-04-17 13:25:06.696682,4.775,0.235,1.570,4.790,0.235,0.000,1.440,tape,True,1
1776425106.929,2026-04-17 13:25:06.929297,4.775,0.235,1.570,4.790,0.235,0.000,1.613,tape,True,0
1776425107.095,2026-04-17 13:25:07.094746,4.775,0.235,1.570,4.775,0.235,0.000,1.507,tape,True,0
1776425107.314,2026-04-17 13:25:07.313972,4.775,0.235,1.570,4.790,0.235,0.000,1.446,tape,True,0
1776425107.566,2026-04-17 13:25:07.565571,4.775,0.235,1.570,4.775,0.235,0.000,1.655,tape,True,0
1776425107.865,2026-04-17 13:25:07.864821,4.775,0.235,1.570,4.778,0.235,0.000,1.468,tape,True,0
1776425111.077,2026-04-17 13:25:11.077023,4.775,0.235,1.570,nan,nan,nan,nan,none,False,0
1776425111.114,2026-04-17 13:25:11.113610,4.775,0.235,1.570,4.790,0.235,0.000,1.449,tape,True,0
1776425111.144,2026-04-17 13:25:11.143908,4.775,0.235,1.570,nan,nan,nan,nan,none,True,0
1776425111.228,2026-04-17 13:25:11.227834,4.775,0.235,1.570,4.790,0.235,0.000,1.420,tape,True,0
1776425111.335,2026-04-17 13:25:11.334907,4.775,0.235,1.570,4.809,0.235,0.000,1.651,tape,True,0
1776425111.566,2026-04-17 13:25:11.566363,4.775,0.235,1.570,4.809,0.235,0.000,1.665,tape,True,0
1776425111.803,2026-04-17 13:25:11.802563,4.775,0.235,1.570,nan,nan,nan,nan,none,False,0
1776425111.929,2026-04-17 13:25:11.929473,4.775,0.235,1.570,4.766,0.235,0.000,1.570,tape,True,0
1776425112.088,2026-04-17 13:25:12.088280,4.775,0.235,1.570,4.769,0.235,0.000,1.570,tape,True,1
1776425112.275,2026-04-17 13:25:12.274771,4.775,0.235,1.570,4.775,0.235,0.000,1.570,tape,True,0
1776425112.509,2026-04-17 13:25:12.508664,4.775,0.235,1.570,4.780,0.235,0.000,1.570,tape,True,0
1776425112.674,2026-04-17 13:25:12.673873,4.775,0.235,1.570,nan,nan,nan,nan,none,False,0
1776425112.959,2026-04-17 13:25:12.959158,4.775,0.235,1.570,nan,nan,nan,nan,none,False,0
1776425113.115,2026-04-17 13:25:13.115090,4.775,0.235,1.570,4.802,0.235,0.000,1.570,tape,True,0
1776425113.277,2026-04-17 13:25:13.276662,4.775,0.235,1.570,4.809,0.235,0.000,1.726,tape,True,0
1776425113.502,2026-04-17 13:25:13.502418,4.775,0.235,1.570,4.814,0.235,0.000,1.764,tape,True,0
1776425113.709,2026-04-17 13:25:13.708807,4.775,0.235,1.570,4.815,0.235,0.000,1.762,tape,True,0
1776425113.901,2026-04-17 13:25:13.901254,4.775,0.235,1.570,4.814,0.235,0.000,1.764,tape,True,0
1776425114.127,2026-04-17 13:25:14.126981,4.775,0.235,1.570,4.813,0.235,0.000,1.757,tape,True,0
1776425114.306,2026-04-17 13:25:14.305613,4.775,0.235,1.570,nan,nan,nan,nan,none,False,0
1776425114.501,2026-04-17 13:25:14.500749,4.775,0.235,1.570,4.814,0.235,0.000,1.570,tape,True,0
1776425114.685,2026-04-17 13:25:14.684821,4.775,0.235,1.570,4.814,0.235,0.000,1.817,tape,True,0
1776863679.338,2026-04-22 15:14:39.337714,4.775,0.235,1.571,nan,nan,nan,nan,none,False,0
1776863679.396,2026-04-22 15:14:39.396319,4.775,0.235,1.571,nan,nan,nan,nan,none,False,0
1776863679.593,2026-04-22 15:14:39.593122,4.775,0.235,1.571,nan,nan,nan,nan,none,False,0
1776863679.798,2026-04-22 15:14:39.798440,4.775,0.235,1.571,nan,nan,nan,nan,none,False,0
1776863679.997,2026-04-22 15:14:39.996528,4.775,0.235,1.571,nan,nan,nan,nan,none,False,0
1776863680.182,2026-04-22 15:14:40.182304,4.775,0.235,1.571,nan,nan,nan,nan,none,False,0
1776863680.393,2026-04-22 15:14:40.393282,4.775,0.235,1.571,nan,nan,nan,nan,none,False,0
1776863680.575,2026-04-22 15:14:40.574973,4.775,0.235,1.571,nan,nan,nan,nan,none,False,0
1776863680.781,2026-04-22 15:14:40.780551,4.775,0.235,1.571,nan,nan,nan,nan,none,False,0
1776863680.959,2026-04-22 15:14:40.959238,4.775,0.235,1.571,nan,nan,nan,nan,none,False,0
1776863681.165,2026-04-22 15:14:41.164900,4.775,0.235,1.571,nan,nan,nan,nan,none,False,0
1776863681.402,2026-04-22 15:14:41.401843,4.775,0.235,1.571,nan,nan,nan,nan,none,False,0
1776863682.257,2026-04-22 15:14:42.256555,4.775,0.235,1.571,nan,nan,nan,nan,none,False,0
1776863682.307,2026-04-22 15:14:42.307055,4.775,0.235,1.571,nan,nan,nan,nan,none,False,0
1776863682.381,2026-04-22 15:14:42.381428,4.775,0.235,1.571,nan,nan,nan,nan,none,False,0
1776863682.587,2026-04-22 15:14:42.587180,4.775,0.235,1.571,nan,nan,nan,nan,none,False,0
1776863682.776,2026-04-22 15:14:42.776148,4.775,0.235,1.571,nan,nan,nan,nan,none,False,0
1776863682.980,2026-04-22 15:14:42.980440,4.775,0.235,1.571,nan,nan,nan,nan,none,False,0
1776863683.195,2026-04-22 15:14:43.194897,4.775,0.235,1.571,nan,nan,nan,nan,none,False,0
1776863683.383,2026-04-22 15:14:43.383369,4.775,0.235,1.571,nan,nan,nan,nan,none,False,0
1776863683.571,2026-04-22 15:14:43.571393,4.775,0.235,1.571,nan,nan,nan,nan,none,False,0
1776863683.794,2026-04-22 15:14:43.794320,4.775,0.235,1.571,nan,nan,nan,nan,none,False,0
1776863683.990,2026-04-22 15:14:43.989645,4.775,0.235,1.571,nan,nan,nan,nan,none,False,0
1776863684.168,2026-04-22 15:14:44.167649,4.775,0.235,1.571,4.768,0.235,0.000,1.328,tape,True,0
1776863684.370,2026-04-22 15:14:44.370250,4.881,0.246,1.976,4.814,0.246,0.000,1.943,tape,True,0
1776863684.580,2026-04-22 15:14:44.579579,4.903,0.253,2.031,4.827,0.253,0.000,2.055,tape,True,0
1776863684.784,2026-04-22 15:14:44.784179,4.895,0.248,1.990,4.822,0.248,0.000,2.012,tape,True,0
1776863684.988,2026-04-22 15:14:44.988444,4.872,0.244,1.953,4.775,0.244,0.000,2.165,tape,True,0
1776863685.147,2026-04-22 15:14:45.146651,4.710,0.238,1.600,nan,nan,nan,nan,none,False,0
1776863685.350,2026-04-22 15:14:45.350381,4.710,0.238,1.600,nan,nan,nan,nan,none,False,0
1776863685.563,2026-04-22 15:14:45.562520,4.710,0.238,1.600,4.671,0.238,0.000,1.373,tape,True,0
1776863685.763,2026-04-22 15:14:45.762647,4.766,0.203,1.977,4.742,0.203,0.000,1.861,tape,True,0
1776863685.969,2026-04-22 15:14:45.969480,4.856,0.211,2.171,4.730,0.211,0.000,2.272,tape,True,0
1776863686.194,2026-04-22 15:14:46.194275,4.776,0.204,2.001,4.697,0.204,0.000,2.011,tape,True,0
1776863686.391,2026-04-22 15:14:46.390674,4.769,0.204,1.983,4.662,0.204,0.000,2.063,tape,True,0
1776863686.570,2026-04-22 15:14:46.569661,4.699,0.210,1.850,4.635,0.210,0.000,1.952,tape,True,0
1776863686.789,2026-04-22 15:14:46.789470,4.627,0.229,1.680,4.606,0.229,0.000,1.719,tape,True,0
1776863686.964,2026-04-22 15:14:46.963655,4.600,0.239,1.616,nan,nan,nan,nan,none,False,0
1776863687.173,2026-04-22 15:14:47.173175,4.600,0.239,1.616,nan,nan,nan,nan,none,False,0
1776863687.379,2026-04-22 15:14:47.378668,4.600,0.239,1.616,nan,nan,nan,nan,none,False,0
1776863687.567,2026-04-22 15:14:47.566935,4.600,0.239,1.616,nan,nan,nan,nan,none,False,0
1776863687.772,2026-04-22 15:14:47.772091,4.600,0.239,1.616,nan,nan,nan,nan,none,False,0
1776863687.999,2026-04-22 15:14:47.998854,4.600,0.239,1.616,nan,nan,nan,nan,none,False,0
1776863688.191,2026-04-22 15:14:48.190891,4.600,0.239,1.616,nan,nan,nan,nan,none,False,0
1776863688.404,2026-04-22 15:14:48.404312,4.600,0.239,1.616,4.595,0.239,0.000,1.578,tape,True,0
1776863688.570,2026-04-22 15:14:48.569689,4.626,0.229,1.679,nan,nan,nan,nan,none,False,0
1776863688.766,2026-04-22 15:14:48.765867,4.626,0.229,1.679,nan,nan,nan,nan,none,False,0
1776863688.979,2026-04-22 15:14:48.979163,4.626,0.229,1.679,nan,nan,nan,nan,none,False,0
1776863689.186,2026-04-22 15:14:49.185886,4.626,0.229,1.679,nan,nan,nan,nan,none,False,0
1776863689.383,2026-04-22 15:14:49.382963,4.626,0.229,1.679,nan,nan,nan,nan,none,False,0
1776863689.584,2026-04-22 15:14:49.584203,4.626,0.229,1.679,nan,nan,nan,nan,none,False,0
1776863689.797,2026-04-22 15:14:49.796770,4.626,0.229,1.679,nan,nan,nan,nan,none,False,0
1776863690.022,2026-04-22 15:14:50.021829,4.626,0.229,1.679,nan,nan,nan,nan,none,False,0
1776863690.194,2026-04-22 15:14:50.194320,4.626,0.229,1.679,4.705,0.229,0.000,1.624,tape,True,0
1776863690.408,2026-04-22 15:14:50.407646,4.820,0.231,1.771,4.783,0.231,0.000,1.779,tape,True,0
1776863690.592,2026-04-22 15:14:50.591762,4.814,0.231,1.757,4.780,0.231,0.000,1.707,tape,True,0
1776863690.802,2026-04-22 15:14:50.802395,4.847,0.235,1.841,4.791,0.235,0.000,1.847,tape,True,0
1776863691.022,2026-04-22 15:14:51.021811,4.832,0.234,1.830,4.788,0.234,0.000,1.829,tape,True,0
1776863691.192,2026-04-22 15:14:51.192313,4.848,0.235,1.833,4.795,0.235,0.000,1.876,tape,True,0
1776863691.384,2026-04-22 15:14:51.384478,4.819,0.230,1.762,4.783,0.230,0.000,1.770,tape,True,0
1776863691.591,2026-04-22 15:14:51.591342,4.815,0.230,1.751,nan,nan,nan,nan,none,False,0
1776863691.810,2026-04-22 15:14:51.809594,4.815,0.230,1.751,nan,nan,nan,nan,none,False,0
1776863691.991,2026-04-22 15:14:51.991057,4.815,0.230,1.751,nan,nan,nan,nan,none,False,0
1776863692.189,2026-04-22 15:14:52.189166,4.815,0.230,1.751,nan,nan,nan,nan,none,False,0
1776863692.384,2026-04-22 15:14:52.383855,4.815,0.230,1.751,nan,nan,nan,nan,none,False,0
1776863692.592,2026-04-22 15:14:52.591566,4.815,0.230,1.751,nan,nan,nan,nan,none,False,0
1776863692.793,2026-04-22 15:14:52.792641,4.815,0.230,1.751,nan,nan,nan,nan,none,False,0
1776863692.970,2026-04-22 15:14:52.970139,4.815,0.230,1.751,nan,nan,nan,nan,none,False,0
1776863693.179,2026-04-22 15:14:53.178930,4.815,0.230,1.751,nan,nan,nan,nan,none,False,0
1776863693.395,2026-04-22 15:14:53.394782,4.815,0.230,1.751,nan,nan,nan,nan,none,False,0
1776863693.585,2026-04-22 15:14:53.585208,4.815,0.230,1.751,nan,nan,nan,nan,none,False,0
1776863693.780,2026-04-22 15:14:53.780488,4.815,0.230,1.751,nan,nan,nan,nan,none,False,0
1776863693.976,2026-04-22 15:14:53.975870,4.815,0.230,1.751,nan,nan,nan,nan,none,False,0
1776863694.186,2026-04-22 15:14:54.186378,4.815,0.230,1.751,nan,nan,nan,nan,none,False,0
1776863694.384,2026-04-22 15:14:54.383551,4.815,0.230,1.751,nan,nan,nan,nan,none,False,0
1776863694.615,2026-04-22 15:14:54.614561,4.815,0.230,1.751,nan,nan,nan,nan,none,False,0
1776863694.871,2026-04-22 15:14:54.870778,4.815,0.230,1.751,nan,nan,nan,nan,none,False,0
1776863694.991,2026-04-22 15:14:54.990578,4.815,0.230,1.751,nan,nan,nan,nan,none,False,0
1776863695.180,2026-04-22 15:14:55.180040,4.815,0.230,1.751,nan,nan,nan,nan,none,False,0
1776863695.379,2026-04-22 15:14:55.379140,4.815,0.230,1.751,nan,nan,nan,nan,none,False,0
1776863695.582,2026-04-22 15:14:55.582002,4.815,0.230,1.751,nan,nan,nan,nan,none,False,0
1776863695.784,2026-04-22 15:14:55.783983,4.815,0.230,1.751,nan,nan,nan,nan,none,False,0
1776863695.968,2026-04-22 15:14:55.968418,4.815,0.230,1.751,nan,nan,nan,nan,none,False,0
1776863696.172,2026-04-22 15:14:56.172037,4.815,0.230,1.751,nan,nan,nan,nan,none,False,0
1776863696.368,2026-04-22 15:14:56.368176,4.815,0.230,1.751,nan,nan,nan,nan,none,False,0
1776863696.578,2026-04-22 15:14:56.577671,4.815,0.230,1.751,nan,nan,nan,nan,none,False,0
1776863696.774,2026-04-22 15:14:56.773897,4.815,0.230,1.751,nan,nan,nan,nan,none,False,0
1776863696.969,2026-04-22 15:14:56.969058,4.815,0.230,1.751,nan,nan,nan,nan,none,False,0
1776863697.168,2026-04-22 15:14:57.168248,4.815,0.230,1.751,nan,nan,nan,nan,none,False,0
1776863697.362,2026-04-22 15:14:57.362252,4.815,0.230,1.751,nan,nan,nan,nan,none,False,0
1776863697.622,2026-04-22 15:14:57.622338,4.815,0.230,1.751,nan,nan,nan,nan,none,False,0
1776863697.764,2026-04-22 15:14:57.763843,4.815,0.230,1.751,nan,nan,nan,nan,none,False,0
1776863697.961,2026-04-22 15:14:57.961061,4.815,0.230,1.751,nan,nan,nan,nan,none,False,0
1776863698.172,2026-04-22 15:14:58.171735,4.815,0.230,1.751,nan,nan,nan,nan,none,False,0
1776863698.366,2026-04-22 15:14:58.365813,4.815,0.230,1.751,nan,nan,nan,nan,none,False,0
1776863698.557,2026-04-22 15:14:58.557371,4.815,0.230,1.751,4.818,0.230,0.000,1.751,tape,True,0
1776863698.768,2026-04-22 15:14:58.767514,4.654,0.219,1.147,nan,nan,nan,nan,none,False,0
1776863698.966,2026-04-22 15:14:58.966036,4.654,0.219,1.147,nan,nan,nan,nan,none,False,0
1776863699.175,2026-04-22 15:14:59.175474,4.654,0.219,1.147,nan,nan,nan,nan,none,False,0
1776863699.364,2026-04-22 15:14:59.364068,4.654,0.219,1.147,nan,nan,nan,nan,none,False,0
1776863699.594,2026-04-22 15:14:59.594081,4.654,0.219,1.147,nan,nan,nan,nan,none,False,0
1776863699.783,2026-04-22 15:14:59.783476,4.654,0.219,1.147,nan,nan,nan,nan,none,False,0
1776863699.979,2026-04-22 15:14:59.978623,4.654,0.219,1.147,nan,nan,nan,nan,none,False,0
1776863700.170,2026-04-22 15:15:00.170185,4.654,0.219,1.147,nan,nan,nan,nan,none,False,0
1776863700.393,2026-04-22 15:15:00.393396,4.654,0.219,1.147,nan,nan,nan,nan,none,False,0
1776863700.579,2026-04-22 15:15:00.578593,4.654,0.219,1.147,nan,nan,nan,nan,none,False,0
1776863700.787,2026-04-22 15:15:00.786633,4.654,0.219,1.147,nan,nan,nan,nan,none,False,0
1776863700.996,2026-04-22 15:15:00.995894,4.654,0.219,1.147,nan,nan,nan,nan,none,False,0
1776863701.191,2026-04-22 15:15:01.191240,4.654,0.219,1.147,nan,nan,nan,nan,none,False,0
1776863701.397,2026-04-22 15:15:01.396926,4.654,0.219,1.147,nan,nan,nan,nan,none,False,0
1776863701.576,2026-04-22 15:15:01.576047,4.654,0.219,1.147,nan,nan,nan,nan,none,False,0
1776863701.782,2026-04-22 15:15:01.782121,4.654,0.219,1.147,nan,nan,nan,nan,none,False,0
1776863701.973,2026-04-22 15:15:01.973292,4.654,0.219,1.147,nan,nan,nan,nan,none,False,0
1776863702.196,2026-04-22 15:15:02.195768,4.654,0.219,1.147,nan,nan,nan,nan,none,False,0
1776863702.372,2026-04-22 15:15:02.372355,4.654,0.219,1.147,nan,nan,nan,nan,none,False,0
1776863702.574,2026-04-22 15:15:02.573512,4.654,0.219,1.147,nan,nan,nan,nan,none,False,0
1776863702.766,2026-04-22 15:15:02.765729,4.654,0.219,1.147,nan,nan,nan,nan,none,False,0
1776863702.960,2026-04-22 15:15:02.959757,4.654,0.219,1.147,4.773,0.219,0.000,1.059,tape,True,0
1776863703.182,2026-04-22 15:15:03.181531,4.737,0.209,1.292,4.803,0.209,0.000,1.260,tape,True,0
1776863703.376,2026-04-22 15:15:03.375988,4.757,0.207,1.347,4.809,0.207,0.000,1.298,tape,True,0
1776863703.627,2026-04-22 15:15:03.627366,4.787,0.207,1.427,4.822,0.207,0.000,1.397,tape,True,0
1776863703.778,2026-04-22 15:15:03.777505,4.809,0.208,1.477,4.828,0.208,0.000,1.496,tape,True,0
1776863703.970,2026-04-22 15:15:03.969704,4.796,0.207,1.445,4.822,0.207,0.000,1.450,tape,True,0
1776863704.161,2026-04-22 15:15:04.161381,4.792,0.207,1.435,4.825,0.207,0.000,1.432,tape,True,0
1776863704.365,2026-04-22 15:15:04.365130,4.802,0.207,1.440,4.835,0.207,0.000,1.475,tape,True,0
1776863704.557,2026-04-22 15:15:04.557161,4.790,0.205,1.382,4.836,0.205,0.000,1.394,tape,True,0
1776863704.770,2026-04-22 15:15:04.770295,4.791,0.205,1.362,nan,nan,nan,nan,none,False,0
1776863704.968,2026-04-22 15:15:04.968394,4.791,0.205,1.362,nan,nan,nan,nan,none,False,0
1776863705.183,2026-04-22 15:15:05.183285,4.791,0.205,1.362,nan,nan,nan,nan,none,False,0
1776863705.380,2026-04-22 15:15:05.379835,4.791,0.205,1.362,nan,nan,nan,nan,none,False,0
1776863705.561,2026-04-22 15:15:05.560861,4.791,0.205,1.362,nan,nan,nan,nan,none,False,0
1776863705.775,2026-04-22 15:15:05.775247,4.791,0.205,1.362,nan,nan,nan,nan,none,False,0
1776863705.960,2026-04-22 15:15:05.960180,4.791,0.205,1.362,nan,nan,nan,nan,none,False,0
1776863706.165,2026-04-22 15:15:06.164943,4.791,0.205,1.362,nan,nan,nan,nan,none,False,0
1776863706.367,2026-04-22 15:15:06.366514,4.791,0.205,1.362,nan,nan,nan,nan,none,False,0
1776863706.564,2026-04-22 15:15:06.564478,4.791,0.205,1.362,nan,nan,nan,nan,none,False,0
1776863706.764,2026-04-22 15:15:06.763543,4.791,0.205,1.362,nan,nan,nan,nan,none,False,0
1776863707.054,2026-04-22 15:15:07.053921,4.791,0.205,1.362,nan,nan,nan,nan,none,False,0
1776863707.239,2026-04-22 15:15:07.239416,4.791,0.205,1.362,nan,nan,nan,nan,none,False,0
1776863707.377,2026-04-22 15:15:07.376596,4.791,0.205,1.362,nan,nan,nan,nan,none,False,0
1776863707.569,2026-04-22 15:15:07.568603,4.791,0.205,1.362,nan,nan,nan,nan,none,False,0
1776863707.765,2026-04-22 15:15:07.765109,4.791,0.205,1.362,nan,nan,nan,nan,none,False,0
1776863707.992,2026-04-22 15:15:07.991778,4.791,0.205,1.362,nan,nan,nan,nan,none,False,0
1776863708.183,2026-04-22 15:15:08.182903,4.791,0.205,1.362,nan,nan,nan,nan,none,False,0
1776863708.363,2026-04-22 15:15:08.362707,4.791,0.205,1.362,4.829,0.205,0.000,1.405,tape,True,0
1776863708.563,2026-04-22 15:15:08.562635,4.800,0.202,1.291,nan,nan,nan,nan,none,False,0
1776863708.768,2026-04-22 15:15:08.767519,4.800,0.202,1.291,nan,nan,nan,nan,none,False,0
1776863709.001,2026-04-22 15:15:09.001475,4.800,0.202,1.291,nan,nan,nan,nan,none,False,0
1776863709.174,2026-04-22 15:15:09.174368,4.800,0.202,1.291,nan,nan,nan,nan,none,False,0
1776863709.369,2026-04-22 15:15:09.368671,4.800,0.202,1.291,nan,nan,nan,nan,none,False,0
1776863709.564,2026-04-22 15:15:09.564048,4.800,0.202,1.291,nan,nan,nan,nan,none,False,0
1776863709.778,2026-04-22 15:15:09.777937,4.800,0.202,1.291,nan,nan,nan,nan,none,False,0
1776863709.987,2026-04-22 15:15:09.987427,4.800,0.202,1.291,nan,nan,nan,nan,none,False,0
1776863710.182,2026-04-22 15:15:10.182028,4.800,0.202,1.291,nan,nan,nan,nan,none,False,0
1776863710.363,2026-04-22 15:15:10.362549,4.800,0.202,1.291,nan,nan,nan,nan,none,False,0
1776863710.572,2026-04-22 15:15:10.572028,4.800,0.202,1.291,nan,nan,nan,nan,none,False,0
1776863710.764,2026-04-22 15:15:10.764267,4.800,0.202,1.291,nan,nan,nan,nan,none,False,0
1776863710.993,2026-04-22 15:15:10.993188,4.800,0.202,1.291,nan,nan,nan,nan,none,False,0
1776863711.200,2026-04-22 15:15:11.199889,4.800,0.202,1.291,nan,nan,nan,nan,none,False,0
1776863711.380,2026-04-22 15:15:11.379512,4.800,0.202,1.291,nan,nan,nan,nan,none,False,0
1776863711.580,2026-04-22 15:15:11.579854,4.800,0.202,1.291,nan,nan,nan,nan,none,False,0
1776863711.770,2026-04-22 15:15:11.770436,4.800,0.202,1.291,nan,nan,nan,nan,none,False,0
1776863711.978,2026-04-22 15:15:11.978071,4.800,0.202,1.291,nan,nan,nan,nan,none,False,0
1776863712.175,2026-04-22 15:15:12.175138,4.800,0.202,1.291,nan,nan,nan,nan,none,False,0
1776863712.391,2026-04-22 15:15:12.391351,4.800,0.202,1.291,nan,nan,nan,nan,none,False,0
1776863712.588,2026-04-22 15:15:12.587530,4.800,0.202,1.291,nan,nan,nan,nan,none,False,0
1776863712.787,2026-04-22 15:15:12.787181,4.800,0.202,1.291,nan,nan,nan,nan,none,False,0
1776863712.987,2026-04-22 15:15:12.986795,4.800,0.202,1.291,nan,nan,nan,nan,none,False,0
1776863713.190,2026-04-22 15:15:13.189520,4.800,0.202,1.291,nan,nan,nan,nan,none,False,0
1776863713.394,2026-04-22 15:15:13.394372,4.800,0.202,1.291,nan,nan,nan,nan,none,False,0
1776863713.605,2026-04-22 15:15:13.605069,4.800,0.202,1.291,nan,nan,nan,nan,none,False,0
1776863713.807,2026-04-22 15:15:13.807284,4.800,0.202,1.291,nan,nan,nan,nan,none,False,0
1776863714.015,2026-04-22 15:15:14.015277,4.800,0.202,1.291,nan,nan,nan,nan,none,False,0
1776863714.194,2026-04-22 15:15:14.194176,4.800,0.202,1.291,nan,nan,nan,nan,none,False,0
1776863714.399,2026-04-22 15:15:14.399253,4.800,0.202,1.291,nan,nan,nan,nan,none,False,0
1776863714.610,2026-04-22 15:15:14.610038,4.800,0.202,1.291,nan,nan,nan,nan,none,False,0
1776863714.781,2026-04-22 15:15:14.781109,4.800,0.202,1.291,nan,nan,nan,nan,none,False,0
1776863714.989,2026-04-22 15:15:14.988686,4.800,0.202,1.291,nan,nan,nan,nan,none,False,0
1776863715.184,2026-04-22 15:15:15.183816,4.800,0.202,1.291,nan,nan,nan,nan,none,False,0
1776863715.383,2026-04-22 15:15:15.383243,4.800,0.202,1.291,nan,nan,nan,nan,none,False,0
1776863715.586,2026-04-22 15:15:15.585638,4.800,0.202,1.291,nan,nan,nan,nan,none,False,0
1776863715.782,2026-04-22 15:15:15.782482,4.800,0.202,1.291,nan,nan,nan,nan,none,False,0
1776863715.996,2026-04-22 15:15:15.996466,4.800,0.202,1.291,nan,nan,nan,nan,none,False,0
1776863716.181,2026-04-22 15:15:16.181478,4.800,0.202,1.291,nan,nan,nan,nan,none,False,0
1776863716.396,2026-04-22 15:15:16.395511,4.800,0.202,1.291,nan,nan,nan,nan,none,False,0
1776863716.583,2026-04-22 15:15:16.582709,4.800,0.202,1.291,nan,nan,nan,nan,none,False,0
1776863716.783,2026-04-22 15:15:16.782614,4.800,0.202,1.291,nan,nan,nan,nan,none,False,0
1776863716.973,2026-04-22 15:15:16.972860,4.800,0.202,1.291,nan,nan,nan,nan,none,False,0
1776863717.192,2026-04-22 15:15:17.192490,4.800,0.202,1.291,nan,nan,nan,nan,none,False,0
1776863717.402,2026-04-22 15:15:17.402487,4.800,0.202,1.291,nan,nan,nan,nan,none,False,0
1776863717.595,2026-04-22 15:15:17.595422,4.800,0.202,1.291,nan,nan,nan,nan,none,False,0
1776863717.791,2026-04-22 15:15:17.790919,4.800,0.202,1.291,nan,nan,nan,nan,none,False,0
1776863717.995,2026-04-22 15:15:17.995150,4.800,0.202,1.291,nan,nan,nan,nan,none,False,0
1776863718.172,2026-04-22 15:15:18.172010,4.800,0.202,1.291,nan,nan,nan,nan,none,False,0
1776863718.378,2026-04-22 15:15:18.378347,4.800,0.202,1.291,nan,nan,nan,nan,none,False,0
1776863718.581,2026-04-22 15:15:18.580558,4.800,0.202,1.291,nan,nan,nan,nan,none,False,0
1776863718.778,2026-04-22 15:15:18.778213,4.800,0.202,1.291,nan,nan,nan,nan,none,False,0
1776863718.965,2026-04-22 15:15:18.964720,4.800,0.202,1.291,nan,nan,nan,nan,none,False,0
1776863719.177,2026-04-22 15:15:19.176646,4.800,0.202,1.291,nan,nan,nan,nan,none,False,0
1776863719.395,2026-04-22 15:15:19.395257,4.800,0.202,1.291,nan,nan,nan,nan,none,False,0
1776863719.574,2026-04-22 15:15:19.573904,4.800,0.202,1.291,nan,nan,nan,nan,none,False,0
1776863719.770,2026-04-22 15:15:19.769874,4.800,0.202,1.291,nan,nan,nan,nan,none,False,0
1776863719.960,2026-04-22 15:15:19.959667,4.800,0.202,1.291,nan,nan,nan,nan,none,False,0
1776863720.186,2026-04-22 15:15:20.185997,4.800,0.202,1.291,nan,nan,nan,nan,none,False,0
1776863720.401,2026-04-22 15:15:20.401465,4.800,0.202,1.291,nan,nan,nan,nan,none,False,0
1776863720.575,2026-04-22 15:15:20.575229,4.800,0.202,1.291,nan,nan,nan,nan,none,False,0
1776863720.766,2026-04-22 15:15:20.765610,4.800,0.202,1.291,nan,nan,nan,nan,none,False,0
1776863720.979,2026-04-22 15:15:20.979254,4.800,0.202,1.291,nan,nan,nan,nan,none,False,0
1776863721.178,2026-04-22 15:15:21.177728,4.800,0.202,1.291,nan,nan,nan,nan,none,False,0
1776863721.362,2026-04-22 15:15:21.361604,4.800,0.202,1.291,nan,nan,nan,nan,none,False,0
1776863721.556,2026-04-22 15:15:21.555750,4.800,0.202,1.291,nan,nan,nan,nan,none,False,0
1776863721.776,2026-04-22 15:15:21.776283,4.800,0.202,1.291,nan,nan,nan,nan,none,False,0
1776863721.955,2026-04-22 15:15:21.955462,4.800,0.202,1.291,nan,nan,nan,nan,none,False,0
1776863722.164,2026-04-22 15:15:22.163997,4.800,0.202,1.291,nan,nan,nan,nan,none,False,0
1776863722.353,2026-04-22 15:15:22.352624,4.800,0.202,1.291,nan,nan,nan,nan,none,False,0
1776863722.541,2026-04-22 15:15:22.540531,4.800,0.202,1.291,nan,nan,nan,nan,none,False,0
1776863722.752,2026-04-22 15:15:22.752011,4.800,0.202,1.291,4.811,0.202,0.000,1.364,tape,True,0
1776863722.954,2026-04-22 15:15:22.953824,4.746,0.203,1.170,4.742,0.203,0.000,1.086,tape,True,0
1776863723.178,2026-04-22 15:15:23.177873,4.694,0.187,1.311,4.691,0.187,0.000,0.997,tape,True,0
1776863723.377,2026-04-22 15:15:23.377486,4.787,0.134,1.833,4.744,0.134,0.000,2.025,tape,True,0
1776863723.551,2026-04-22 15:15:23.550842,4.705,0.136,1.515,4.712,0.136,0.000,1.551,tape,True,0
1776863723.753,2026-04-22 15:15:23.752596,4.669,0.141,1.455,nan,nan,nan,nan,none,False,0
1776863723.955,2026-04-22 15:15:23.954590,4.669,0.141,1.455,nan,nan,nan,nan,none,False,0
1776863724.354,2026-04-22 15:15:24.353806,4.669,0.141,1.455,nan,nan,nan,nan,none,False,0
1776863724.383,2026-04-22 15:15:24.382872,4.669,0.141,1.455,4.676,0.141,0.000,1.380,tape,True,0
1776863724.559,2026-04-22 15:15:24.558857,4.699,0.129,1.579,4.687,0.129,0.000,1.372,tape,True,0
1776863724.754,2026-04-22 15:15:24.754359,4.767,0.101,1.926,nan,nan,nan,nan,none,False,0
1776863724.956,2026-04-22 15:15:24.955794,4.767,0.101,1.926,nan,nan,nan,nan,none,False,0
1776863725.161,2026-04-22 15:15:25.161339,4.767,0.101,1.926,nan,nan,nan,nan,none,False,0
1776863725.373,2026-04-22 15:15:25.373091,4.767,0.101,1.926,nan,nan,nan,nan,none,False,0
1776863725.580,2026-04-22 15:15:25.579594,4.767,0.101,1.926,nan,nan,nan,nan,none,False,0
1776863725.784,2026-04-22 15:15:25.784324,4.767,0.101,1.926,4.748,0.101,0.000,2.081,tape,True,0
1776863725.971,2026-04-22 15:15:25.971288,4.775,0.087,1.667,nan,nan,nan,nan,none,False,0
1776863726.148,2026-04-22 15:15:26.148409,4.775,0.087,1.667,nan,nan,nan,nan,none,False,0
1776863726.348,2026-04-22 15:15:26.348115,4.775,0.087,1.667,4.767,0.087,0.000,1.375,tape,True,0
1776863726.573,2026-04-22 15:15:26.572689,4.937,0.116,2.154,4.821,0.116,0.000,2.119,tape,True,0
1776863726.773,2026-04-22 15:15:26.772784,4.940,0.125,2.212,4.822,0.125,0.000,2.247,tape,True,0
1776863726.955,2026-04-22 15:15:26.954928,4.923,0.115,2.153,nan,nan,nan,nan,none,False,0
1776863727.149,2026-04-22 15:15:27.148994,4.923,0.115,2.153,4.794,0.115,0.000,2.153,tape,True,0
1776863727.341,2026-04-22 15:15:27.340893,4.610,0.097,1.117,4.727,0.097,0.000,0.922,tape,True,0
1776863727.548,2026-04-22 15:15:27.548266,4.764,0.071,1.442,4.814,0.071,0.000,1.522,tape,True,0
1776863727.753,2026-04-22 15:15:27.752629,4.788,0.066,1.309,4.794,0.066,0.000,1.192,tape,True,0
1776863727.955,2026-04-22 15:15:27.955141,4.773,0.057,1.504,4.800,0.057,0.000,1.567,tape,True,0
1776863728.161,2026-04-22 15:15:28.161311,4.773,0.055,1.398,4.799,0.055,0.000,1.279,tape,True,0
1776863728.362,2026-04-22 15:15:28.362297,4.802,0.053,1.597,4.823,0.053,0.000,1.562,tape,True,0
1776863728.572,2026-04-22 15:15:28.572436,4.867,0.057,1.656,4.861,0.057,0.000,1.606,tape,True,0
1776863728.766,2026-04-22 15:15:28.765693,4.915,0.068,1.739,4.874,0.068,0.000,1.830,tape,True,0
1776863728.958,2026-04-22 15:15:28.958378,4.872,0.048,1.587,nan,nan,nan,nan,none,False,0
1776863729.154,2026-04-22 15:15:29.154093,4.872,0.048,1.587,nan,nan,nan,nan,none,False,0
1776863729.353,2026-04-22 15:15:29.353079,4.872,0.048,1.587,nan,nan,nan,nan,none,False,0
1776863729.551,2026-04-22 15:15:29.551238,4.872,0.048,1.587,nan,nan,nan,nan,none,False,0
1776863729.754,2026-04-22 15:15:29.753875,4.872,0.048,1.587,nan,nan,nan,nan,none,False,0
1776863729.951,2026-04-22 15:15:29.951445,4.872,0.048,1.587,nan,nan,nan,nan,none,False,0
1776863730.149,2026-04-22 15:15:30.149186,4.872,0.048,1.587,nan,nan,nan,nan,none,False,0
1776863730.360,2026-04-22 15:15:30.360343,4.872,0.048,1.587,4.820,0.048,0.000,1.779,tape,True,0
1776863730.564,2026-04-22 15:15:30.563577,4.660,0.062,1.268,4.740,0.062,0.000,1.268,tape,True,0
1776863730.758,2026-04-22 15:15:30.757636,4.671,0.062,1.269,4.748,0.062,0.000,1.303,tape,True,0
1776863730.962,2026-04-22 15:15:30.961654,4.655,0.068,1.211,nan,nan,nan,nan,none,False,0
1776863731.169,2026-04-22 15:15:31.168535,4.655,0.068,1.211,4.747,0.068,0.000,1.180,tape,True,0
1776863731.371,2026-04-22 15:15:31.370870,4.679,0.062,1.264,nan,nan,nan,nan,none,False,0
1776863731.555,2026-04-22 15:15:31.554746,4.679,0.062,1.264,4.751,0.062,0.000,1.317,tape,True,0
1776863731.772,2026-04-22 15:15:31.772199,4.643,0.072,1.176,4.730,0.072,0.000,1.169,tape,True,0
1776863731.958,2026-04-22 15:15:31.958380,4.638,0.071,1.187,nan,nan,nan,nan,none,False,0
1776863732.158,2026-04-22 15:15:32.158412,4.638,0.071,1.187,nan,nan,nan,nan,none,False,0
1776863732.361,2026-04-22 15:15:32.360726,4.638,0.071,1.187,nan,nan,nan,nan,none,False,0
1776863732.558,2026-04-22 15:15:32.557805,4.638,0.071,1.187,nan,nan,nan,nan,none,False,0
1776863732.765,2026-04-22 15:15:32.764729,4.638,0.071,1.187,nan,nan,nan,nan,none,False,0
1776863732.949,2026-04-22 15:15:32.949038,4.638,0.071,1.187,4.735,0.071,0.000,1.187,tape,True,0
1776863733.158,2026-04-22 15:15:33.157525,5.002,0.085,2.331,nan,nan,nan,nan,none,False,0
1776863733.377,2026-04-22 15:15:33.377215,5.002,0.085,2.331,nan,nan,nan,nan,none,False,0
1776863733.561,2026-04-22 15:15:33.560846,5.002,0.085,2.331,4.863,0.085,0.000,2.331,tape,True,0
1776863733.785,2026-04-22 15:15:33.784657,4.640,-0.013,1.255,4.735,-0.013,0.000,1.232,tape,True,0
1776863733.966,2026-04-22 15:15:33.965823,4.689,-0.017,1.292,4.755,-0.017,0.000,1.313,tape,True,0
1776863734.172,2026-04-22 15:15:34.171839,4.676,-0.013,1.256,4.752,-0.013,0.000,1.219,tape,True,0
1776863734.372,2026-04-22 15:15:34.371981,4.703,-0.019,1.317,nan,nan,nan,nan,none,False,0
1776863734.575,2026-04-22 15:15:34.574583,4.703,-0.019,1.317,4.760,-0.019,0.000,1.382,tape,True,0
1776863734.775,2026-04-22 15:15:34.775302,4.657,-0.009,1.209,4.742,-0.009,0.000,1.206,tape,True,0
1776863734.961,2026-04-22 15:15:34.961401,4.660,-0.009,1.215,nan,nan,nan,nan,none,False,0
1776863735.187,2026-04-22 15:15:35.187387,4.660,-0.009,1.215,4.743,-0.009,0.000,1.222,tape,True,0
1776863735.363,2026-04-22 15:15:35.363487,4.654,-0.008,1.203,nan,nan,nan,nan,none,False,0
1776863735.559,2026-04-22 15:15:35.559005,4.654,-0.008,1.203,4.740,-0.008,0.000,1.215,tape,True,0
1776863735.763,2026-04-22 15:15:35.763133,4.646,-0.005,1.184,4.737,-0.005,0.000,1.177,tape,True,0
1776863735.958,2026-04-22 15:15:35.957791,4.651,-0.007,1.194,4.740,-0.007,0.000,1.181,tape,True,0
1776863736.166,2026-04-22 15:15:36.166091,4.661,-0.009,1.217,4.744,-0.009,0.000,1.223,tape,True,0
1776863736.373,2026-04-22 15:15:36.373174,4.658,-0.008,1.209,4.742,-0.008,0.000,1.181,tape,True,0
1776863736.575,2026-04-22 15:15:36.574534,4.675,-0.014,1.254,4.749,-0.014,0.000,1.251,tape,True,0
1776863736.759,2026-04-22 15:15:36.758784,4.676,-0.014,1.259,4.754,-0.014,0.000,1.209,tape,True,0
1776863736.959,2026-04-22 15:15:36.958971,4.714,-0.021,1.343,4.768,-0.021,0.000,1.349,tape,True,0
1776863737.154,2026-04-22 15:15:37.154464,4.708,-0.020,1.331,nan,nan,nan,nan,none,False,0
1776863737.360,2026-04-22 15:15:37.360427,4.708,-0.020,1.331,nan,nan,nan,nan,none,False,0
1776863737.557,2026-04-22 15:15:37.557205,4.708,-0.020,1.331,nan,nan,nan,nan,none,False,0
1776863737.760,2026-04-22 15:15:37.760150,4.708,-0.020,1.331,nan,nan,nan,nan,none,False,0
1776863737.966,2026-04-22 15:15:37.966244,4.708,-0.020,1.331,nan,nan,nan,nan,none,False,0
1776863738.157,2026-04-22 15:15:38.156818,4.708,-0.020,1.331,nan,nan,nan,nan,none,False,0
1776863738.360,2026-04-22 15:15:38.359630,4.708,-0.020,1.331,nan,nan,nan,nan,none,False,0
1776863738.552,2026-04-22 15:15:38.551979,4.708,-0.020,1.331,nan,nan,nan,nan,none,False,0
1776863738.770,2026-04-22 15:15:38.770398,4.708,-0.020,1.331,nan,nan,nan,nan,none,False,0
1776863738.957,2026-04-22 15:15:38.957101,4.708,-0.020,1.331,nan,nan,nan,nan,none,False,0
1776863739.166,2026-04-22 15:15:39.166433,4.708,-0.020,1.331,nan,nan,nan,nan,none,False,0
1776863739.376,2026-04-22 15:15:39.375950,4.708,-0.020,1.331,nan,nan,nan,nan,none,False,0
1776863739.558,2026-04-22 15:15:39.558013,4.708,-0.020,1.331,nan,nan,nan,nan,none,False,0
1776863739.754,2026-04-22 15:15:39.753744,4.708,-0.020,1.331,nan,nan,nan,nan,none,False,0
1776863739.958,2026-04-22 15:15:39.958475,4.708,-0.020,1.331,nan,nan,nan,nan,none,False,0
1776863740.155,2026-04-22 15:15:40.154644,4.708,-0.020,1.331,nan,nan,nan,nan,none,False,0
1776863740.388,2026-04-22 15:15:40.388408,4.708,-0.020,1.331,nan,nan,nan,nan,none,False,0
1776863740.587,2026-04-22 15:15:40.586923,4.708,-0.020,1.331,nan,nan,nan,nan,none,False,0
1776863740.799,2026-04-22 15:15:40.799335,4.708,-0.020,1.331,nan,nan,nan,nan,none,False,0
1776863740.989,2026-04-22 15:15:40.988920,4.708,-0.020,1.331,nan,nan,nan,nan,none,False,0
1776863741.172,2026-04-22 15:15:41.171929,4.708,-0.020,1.331,nan,nan,nan,nan,none,False,0
1776863741.383,2026-04-22 15:15:41.383057,4.708,-0.020,1.331,nan,nan,nan,nan,none,False,0
1776863741.568,2026-04-22 15:15:41.568084,4.708,-0.020,1.331,nan,nan,nan,nan,none,False,0
1776863741.777,2026-04-22 15:15:41.777398,4.708,-0.020,1.331,nan,nan,nan,nan,none,False,0
1776863741.967,2026-04-22 15:15:41.967084,4.708,-0.020,1.331,nan,nan,nan,nan,none,False,0
1776863742.166,2026-04-22 15:15:42.165897,4.708,-0.020,1.331,nan,nan,nan,nan,none,False,0
1776863742.374,2026-04-22 15:15:42.373624,4.708,-0.020,1.331,nan,nan,nan,nan,none,False,0
1776863742.574,2026-04-22 15:15:42.573822,4.708,-0.020,1.331,nan,nan,nan,nan,none,False,0
1776863742.774,2026-04-22 15:15:42.773883,4.708,-0.020,1.331,nan,nan,nan,nan,none,False,0
1776863742.973,2026-04-22 15:15:42.973015,4.708,-0.020,1.331,nan,nan,nan,nan,none,False,0
1776863743.161,2026-04-22 15:15:43.160870,4.708,-0.020,1.331,nan,nan,nan,nan,none,False,0
1776863743.391,2026-04-22 15:15:43.390579,4.708,-0.020,1.331,nan,nan,nan,nan,none,False,0
1776863743.580,2026-04-22 15:15:43.580490,4.708,-0.020,1.331,nan,nan,nan,nan,none,False,0
1776863743.772,2026-04-22 15:15:43.772276,4.708,-0.020,1.331,nan,nan,nan,nan,none,False,0
1776863743.979,2026-04-22 15:15:43.978784,4.708,-0.020,1.331,nan,nan,nan,nan,none,False,0
1776863744.156,2026-04-22 15:15:44.155760,4.708,-0.020,1.331,nan,nan,nan,nan,none,False,0
1776863744.362,2026-04-22 15:15:44.362097,4.708,-0.020,1.331,nan,nan,nan,nan,none,False,0
1776863744.556,2026-04-22 15:15:44.555800,4.708,-0.020,1.331,nan,nan,nan,nan,none,False,0
1776863744.804,2026-04-22 15:15:44.804160,4.708,-0.020,1.331,nan,nan,nan,nan,none,False,0
1776863744.962,2026-04-22 15:15:44.961653,4.708,-0.020,1.331,nan,nan,nan,nan,none,False,0
1776863745.147,2026-04-22 15:15:45.146995,4.708,-0.020,1.331,nan,nan,nan,nan,none,False,0
1776863745.358,2026-04-22 15:15:45.358093,4.708,-0.020,1.331,nan,nan,nan,nan,none,False,0
1776863745.555,2026-04-22 15:15:45.555388,4.708,-0.020,1.331,nan,nan,nan,nan,none,False,0
1776863745.762,2026-04-22 15:15:45.761801,4.708,-0.020,1.331,nan,nan,nan,nan,none,False,0
1776863745.960,2026-04-22 15:15:45.959593,4.708,-0.020,1.331,nan,nan,nan,nan,none,False,0
1776863746.154,2026-04-22 15:15:46.153858,4.708,-0.020,1.331,nan,nan,nan,nan,none,False,0
1776863746.361,2026-04-22 15:15:46.361090,4.708,-0.020,1.331,nan,nan,nan,nan,none,False,0
1776863746.564,2026-04-22 15:15:46.563544,4.708,-0.020,1.331,nan,nan,nan,nan,none,False,0
1776863746.770,2026-04-22 15:15:46.770291,4.708,-0.020,1.331,nan,nan,nan,nan,none,False,0
1776863746.967,2026-04-22 15:15:46.966994,4.708,-0.020,1.331,nan,nan,nan,nan,none,False,0
1776863747.164,2026-04-22 15:15:47.163703,4.708,-0.020,1.331,nan,nan,nan,nan,none,False,0
1776863747.372,2026-04-22 15:15:47.371518,4.708,-0.020,1.331,nan,nan,nan,nan,none,False,0
1776863747.561,2026-04-22 15:15:47.561111,4.708,-0.020,1.331,nan,nan,nan,nan,none,False,0
1776863747.757,2026-04-22 15:15:47.756515,4.708,-0.020,1.331,nan,nan,nan,nan,none,False,0
1776863747.974,2026-04-22 15:15:47.973857,4.708,-0.020,1.331,nan,nan,nan,nan,none,False,0
1776863748.156,2026-04-22 15:15:48.156384,4.708,-0.020,1.331,nan,nan,nan,nan,none,False,0
1776863748.357,2026-04-22 15:15:48.356619,4.708,-0.020,1.331,nan,nan,nan,nan,none,False,0
1776863748.552,2026-04-22 15:15:48.551986,4.708,-0.020,1.331,nan,nan,nan,nan,none,False,0
1776863748.757,2026-04-22 15:15:48.757147,4.708,-0.020,1.331,nan,nan,nan,nan,none,False,0
1776863748.957,2026-04-22 15:15:48.957153,4.708,-0.020,1.331,nan,nan,nan,nan,none,False,0
1776863749.145,2026-04-22 15:15:49.144745,4.708,-0.020,1.331,nan,nan,nan,nan,none,False,0
1776863749.358,2026-04-22 15:15:49.357814,4.708,-0.020,1.331,nan,nan,nan,nan,none,False,0
1776863749.566,2026-04-22 15:15:49.566274,4.708,-0.020,1.331,nan,nan,nan,nan,none,False,0
1776863749.760,2026-04-22 15:15:49.760325,4.708,-0.020,1.331,nan,nan,nan,nan,none,False,0
1776863749.953,2026-04-22 15:15:49.953154,4.708,-0.020,1.331,nan,nan,nan,nan,none,False,0
1776863750.158,2026-04-22 15:15:50.158225,4.708,-0.020,1.331,nan,nan,nan,nan,none,False,0
1776863750.367,2026-04-22 15:15:50.366578,4.708,-0.020,1.331,nan,nan,nan,nan,none,False,0
1776863750.571,2026-04-22 15:15:50.571210,4.708,-0.020,1.331,nan,nan,nan,nan,none,False,0
1776863750.773,2026-04-22 15:15:50.773018,4.708,-0.020,1.331,nan,nan,nan,nan,none,False,0
1776863750.973,2026-04-22 15:15:50.973323,4.708,-0.020,1.331,nan,nan,nan,nan,none,False,0
1776863751.157,2026-04-22 15:15:51.157203,4.708,-0.020,1.331,nan,nan,nan,nan,none,False,0
1776863751.394,2026-04-22 15:15:51.393739,4.708,-0.020,1.331,nan,nan,nan,nan,none,False,0
1776863751.571,2026-04-22 15:15:51.571440,4.708,-0.020,1.331,nan,nan,nan,nan,none,False,0
1776863751.777,2026-04-22 15:15:51.776723,4.708,-0.020,1.331,4.766,-0.020,0.000,1.366,tape,True,0
1776863751.964,2026-04-22 15:15:51.963955,4.685,-0.015,1.273,nan,nan,nan,nan,none,False,0
1776863752.157,2026-04-22 15:15:52.157208,4.685,-0.015,1.273,nan,nan,nan,nan,none,False,0
1776863752.372,2026-04-22 15:15:52.372110,4.685,-0.015,1.273,4.757,-0.015,0.000,1.238,tape,True,0
1776863752.576,2026-04-22 15:15:52.575892,4.708,-0.020,1.331,nan,nan,nan,nan,none,False,0
1776863752.772,2026-04-22 15:15:52.771853,4.708,-0.020,1.331,4.766,-0.020,0.000,1.362,tape,True,0
1776863752.960,2026-04-22 15:15:52.960017,4.687,-0.016,1.279,nan,nan,nan,nan,none,False,0
1776863753.150,2026-04-22 15:15:53.149615,4.687,-0.016,1.279,4.757,-0.016,0.000,1.294,tape,True,0
1776863753.353,2026-04-22 15:15:53.353322,4.677,-0.014,1.255,nan,nan,nan,nan,none,False,0
1776863753.551,2026-04-22 15:15:53.550869,4.677,-0.014,1.255,nan,nan,nan,nan,none,False,0
1776863753.764,2026-04-22 15:15:53.763753,4.677,-0.014,1.255,4.753,-0.014,0.000,1.252,tape,True,0
1776863753.952,2026-04-22 15:15:53.951651,4.679,-0.014,1.259,4.754,-0.014,0.000,1.246,tape,True,0
1776863754.203,2026-04-22 15:15:54.202744,4.688,-0.016,1.281,nan,nan,nan,nan,none,False,0
1776863754.342,2026-04-22 15:15:54.341700,4.688,-0.016,1.281,nan,nan,nan,nan,none,False,0
1776863754.557,2026-04-22 15:15:54.557016,4.688,-0.016,1.281,nan,nan,nan,nan,none,False,0
1776863754.753,2026-04-22 15:15:54.753391,4.688,-0.016,1.281,nan,nan,nan,nan,none,False,0
1776863754.944,2026-04-22 15:15:54.944230,4.688,-0.016,1.281,4.757,-0.016,0.000,1.313,tape,True,0
1776863755.145,2026-04-22 15:15:55.144863,4.667,-0.011,1.227,4.749,-0.011,0.000,1.222,tape,True,0
1776863755.364,2026-04-22 15:15:55.364323,4.669,-0.012,1.235,4.750,-0.012,0.000,1.249,tape,True,0
1776863755.558,2026-04-22 15:15:55.558106,4.662,-0.010,1.213,nan,nan,nan,nan,none,False,0
1776863755.752,2026-04-22 15:15:55.752443,4.662,-0.010,1.213,nan,nan,nan,nan,none,False,0
1776863755.961,2026-04-22 15:15:55.961245,4.662,-0.010,1.213,nan,nan,nan,nan,none,False,0
1776863756.163,2026-04-22 15:15:56.163020,4.662,-0.010,1.213,4.748,-0.010,0.000,1.188,tape,True,0
1776863756.352,2026-04-22 15:15:56.351976,4.678,-0.014,1.254,4.753,-0.014,0.000,1.272,tape,True,0
1776863756.552,2026-04-22 15:15:56.551965,4.667,-0.011,1.226,nan,nan,nan,nan,none,False,0
1776863756.753,2026-04-22 15:15:56.753217,4.667,-0.011,1.226,nan,nan,nan,nan,none,False,0
1776863756.961,2026-04-22 15:15:56.961348,4.667,-0.011,1.226,nan,nan,nan,nan,none,False,0
1776863757.164,2026-04-22 15:15:57.164294,4.667,-0.011,1.226,4.749,-0.011,0.000,1.232,tape,True,0
1776863757.373,2026-04-22 15:15:57.372921,4.663,-0.010,1.215,4.747,-0.010,0.000,1.164,tape,True,0
1776863757.565,2026-04-22 15:15:57.565301,4.694,-0.018,1.299,nan,nan,nan,nan,none,False,0
1776863757.766,2026-04-22 15:15:57.765571,4.694,-0.018,1.299,nan,nan,nan,nan,none,False,0
1776863757.977,2026-04-22 15:15:57.976937,4.694,-0.018,1.299,nan,nan,nan,nan,none,False,0
1776863758.170,2026-04-22 15:15:58.170351,4.694,-0.018,1.299,nan,nan,nan,nan,none,False,0
1776863758.412,2026-04-22 15:15:58.412263,4.694,-0.018,1.299,nan,nan,nan,nan,none,False,0
1776863758.588,2026-04-22 15:15:58.588356,4.694,-0.018,1.299,nan,nan,nan,nan,none,False,0
1776863758.781,2026-04-22 15:15:58.780987,4.694,-0.018,1.299,nan,nan,nan,nan,none,False,0
1776863758.968,2026-04-22 15:15:58.967787,4.694,-0.018,1.299,nan,nan,nan,nan,none,False,0
1776863759.176,2026-04-22 15:15:59.175851,4.694,-0.018,1.299,nan,nan,nan,nan,none,False,0
1776863759.360,2026-04-22 15:15:59.360040,4.694,-0.018,1.299,nan,nan,nan,nan,none,False,0
1776863759.582,2026-04-22 15:15:59.582254,4.694,-0.018,1.299,nan,nan,nan,nan,none,False,0
1776863759.765,2026-04-22 15:15:59.765038,4.694,-0.018,1.299,nan,nan,nan,nan,none,False,0
1776863759.969,2026-04-22 15:15:59.968833,4.694,-0.018,1.299,nan,nan,nan,nan,none,False,0
1776863760.160,2026-04-22 15:16:00.160125,4.694,-0.018,1.299,nan,nan,nan,nan,none,False,0
1776863760.371,2026-04-22 15:16:00.371378,4.694,-0.018,1.299,nan,nan,nan,nan,none,False,0
1776863760.576,2026-04-22 15:16:00.575754,4.694,-0.018,1.299,nan,nan,nan,nan,none,False,0
1776863760.785,2026-04-22 15:16:00.784608,4.694,-0.018,1.299,nan,nan,nan,nan,none,False,0
1776863760.962,2026-04-22 15:16:00.962377,4.694,-0.018,1.299,nan,nan,nan,nan,none,False,0
1776863761.172,2026-04-22 15:16:01.171578,4.694,-0.018,1.299,nan,nan,nan,nan,none,False,0
1776863761.368,2026-04-22 15:16:01.367758,4.694,-0.018,1.299,nan,nan,nan,nan,none,False,0
1776863761.558,2026-04-22 15:16:01.557887,4.694,-0.018,1.299,nan,nan,nan,nan,none,False,0
1776863761.757,2026-04-22 15:16:01.756551,4.694,-0.018,1.299,nan,nan,nan,nan,none,False,0
1776863761.965,2026-04-22 15:16:01.965383,4.694,-0.018,1.299,nan,nan,nan,nan,none,False,0
1776863762.157,2026-04-22 15:16:02.156860,4.694,-0.018,1.299,nan,nan,nan,nan,none,False,0
1776863762.366,2026-04-22 15:16:02.365971,4.694,-0.018,1.299,nan,nan,nan,nan,none,False,0
1776863762.587,2026-04-22 15:16:02.587359,4.694,-0.018,1.299,nan,nan,nan,nan,none,False,0
1776863762.784,2026-04-22 15:16:02.783900,4.694,-0.018,1.299,nan,nan,nan,nan,none,False,0
1776863762.986,2026-04-22 15:16:02.986248,4.694,-0.018,1.299,nan,nan,nan,nan,none,False,0
1776863763.171,2026-04-22 15:16:03.170904,4.694,-0.018,1.299,nan,nan,nan,nan,none,False,0
1776863763.392,2026-04-22 15:16:03.391644,4.694,-0.018,1.299,nan,nan,nan,nan,none,False,0
1776863763.652,2026-04-22 15:16:03.652374,4.694,-0.018,1.299,nan,nan,nan,nan,none,False,0
1776863763.791,2026-04-22 15:16:03.791399,4.694,-0.018,1.299,nan,nan,nan,nan,none,False,0
1776863763.982,2026-04-22 15:16:03.982013,4.694,-0.018,1.299,nan,nan,nan,nan,none,False,0
1776863764.163,2026-04-22 15:16:04.163265,4.694,-0.018,1.299,nan,nan,nan,nan,none,False,0
1776863764.366,2026-04-22 15:16:04.366296,4.694,-0.018,1.299,nan,nan,nan,nan,none,False,0
1776863764.556,2026-04-22 15:16:04.556138,4.694,-0.018,1.299,nan,nan,nan,nan,none,False,0
1776863764.756,2026-04-22 15:16:04.756487,4.694,-0.018,1.299,nan,nan,nan,nan,none,False,0
1776863764.959,2026-04-22 15:16:04.959397,4.694,-0.018,1.299,nan,nan,nan,nan,none,False,0
1776863765.168,2026-04-22 15:16:05.168447,4.694,-0.018,1.299,nan,nan,nan,nan,none,False,0
1776863765.366,2026-04-22 15:16:05.365942,4.694,-0.018,1.299,nan,nan,nan,nan,none,False,0
1776863765.567,2026-04-22 15:16:05.567007,4.694,-0.018,1.299,nan,nan,nan,nan,none,False,0
1776863765.767,2026-04-22 15:16:05.767437,4.694,-0.018,1.299,nan,nan,nan,nan,none,False,0
1776863765.956,2026-04-22 15:16:05.956496,4.694,-0.018,1.299,nan,nan,nan,nan,none,False,0
1776863766.159,2026-04-22 15:16:06.159453,4.694,-0.018,1.299,nan,nan,nan,nan,none,False,0
1776863766.379,2026-04-22 15:16:06.378551,4.694,-0.018,1.299,nan,nan,nan,nan,none,False,0
1776863766.558,2026-04-22 15:16:06.558224,4.694,-0.018,1.299,nan,nan,nan,nan,none,False,0
1776863766.766,2026-04-22 15:16:06.765636,4.694,-0.018,1.299,nan,nan,nan,nan,none,False,0
1776863766.980,2026-04-22 15:16:06.979989,4.694,-0.018,1.299,nan,nan,nan,nan,none,False,0
1776863767.162,2026-04-22 15:16:07.161716,4.694,-0.018,1.299,nan,nan,nan,nan,none,False,0
1776863767.365,2026-04-22 15:16:07.365137,4.694,-0.018,1.299,nan,nan,nan,nan,none,False,0
1776863767.566,2026-04-22 15:16:07.566015,4.694,-0.018,1.299,nan,nan,nan,nan,none,False,0
1776863767.767,2026-04-22 15:16:07.766588,4.694,-0.018,1.299,nan,nan,nan,nan,none,False,0
1776863767.962,2026-04-22 15:16:07.962307,4.694,-0.018,1.299,nan,nan,nan,nan,none,False,0
1776863768.162,2026-04-22 15:16:08.161727,4.694,-0.018,1.299,nan,nan,nan,nan,none,False,0
1776863768.366,2026-04-22 15:16:08.366444,4.694,-0.018,1.299,nan,nan,nan,nan,none,False,0
1776863768.565,2026-04-22 15:16:08.565240,4.694,-0.018,1.299,nan,nan,nan,nan,none,False,0
1776863768.756,2026-04-22 15:16:08.756496,4.694,-0.018,1.299,nan,nan,nan,nan,none,False,0
1776863768.974,2026-04-22 15:16:08.973839,4.694,-0.018,1.299,nan,nan,nan,nan,none,False,0
1776863769.168,2026-04-22 15:16:09.168303,4.694,-0.018,1.299,nan,nan,nan,nan,none,False,0
1776863769.375,2026-04-22 15:16:09.374503,4.694,-0.018,1.299,nan,nan,nan,nan,none,False,0
1776863769.545,2026-04-22 15:16:09.544987,4.694,-0.018,1.299,nan,nan,nan,nan,none,False,0
1776863769.772,2026-04-22 15:16:09.771564,4.694,-0.018,1.299,nan,nan,nan,nan,none,False,0
1776863769.952,2026-04-22 15:16:09.952151,4.694,-0.018,1.299,nan,nan,nan,nan,none,False,0
1776863770.156,2026-04-22 15:16:10.155764,4.694,-0.018,1.299,nan,nan,nan,nan,none,False,0
1776863770.357,2026-04-22 15:16:10.356958,4.694,-0.018,1.299,nan,nan,nan,nan,none,False,0
1776863770.572,2026-04-22 15:16:10.572308,4.694,-0.018,1.299,nan,nan,nan,nan,none,False,0
1776863770.776,2026-04-22 15:16:10.775875,4.694,-0.018,1.299,nan,nan,nan,nan,none,False,0
1776863770.982,2026-04-22 15:16:10.982198,4.694,-0.018,1.299,nan,nan,nan,nan,none,False,0
1776863771.154,2026-04-22 15:16:11.154352,4.694,-0.018,1.299,nan,nan,nan,nan,none,False,0
1776863771.374,2026-04-22 15:16:11.373549,4.694,-0.018,1.299,nan,nan,nan,nan,none,False,0
1776863771.579,2026-04-22 15:16:11.579355,4.694,-0.018,1.299,4.760,-0.018,0.000,1.306,tape,True,0
1776863771.772,2026-04-22 15:16:11.771778,4.690,-0.017,1.288,nan,nan,nan,nan,none,False,0
1776863771.972,2026-04-22 15:16:11.971647,4.690,-0.017,1.288,4.758,-0.017,0.000,1.292,tape,True,0
1776863772.161,2026-04-22 15:16:12.160556,4.688,-0.017,1.282,nan,nan,nan,nan,none,False,0
1776863772.359,2026-04-22 15:16:12.358616,4.688,-0.017,1.282,4.757,-0.017,0.000,1.276,tape,True,0
1776863772.560,2026-04-22 15:16:12.560019,4.690,-0.018,1.290,4.758,-0.018,0.000,1.316,tape,True,0
1776863772.770,2026-04-22 15:16:12.770192,4.674,-0.014,1.248,4.752,-0.014,0.000,1.248,tape,True,0
1776863772.967,2026-04-22 15:16:12.966908,4.674,-0.014,1.247,4.752,-0.014,0.000,1.209,tape,True,0
1776863773.157,2026-04-22 15:16:13.157319,4.700,-0.019,1.311,nan,nan,nan,nan,none,False,0
1776863773.359,2026-04-22 15:16:13.359435,4.700,-0.019,1.311,4.762,-0.019,0.000,1.325,tape,True,0
1776863773.570,2026-04-22 15:16:13.570022,4.690,-0.017,1.287,4.759,-0.017,0.000,1.332,tape,True,0
1776863773.770,2026-04-22 15:16:13.770441,4.664,-0.011,1.214,nan,nan,nan,nan,none,False,0
1776863773.987,2026-04-22 15:16:13.986681,4.664,-0.011,1.214,4.748,-0.011,0.000,1.183,tape,True,0
1776863774.200,2026-04-22 15:16:14.199645,4.681,-0.016,1.264,4.755,-0.016,0.000,1.249,tape,True,0
1776863774.371,2026-04-22 15:16:14.371243,4.692,-0.018,1.289,4.759,-0.018,0.000,1.302,tape,True,0
1776863774.558,2026-04-22 15:16:14.558183,4.683,-0.016,1.268,4.755,-0.016,0.000,1.291,tape,True,0
1776863774.767,2026-04-22 15:16:14.767214,4.667,-0.012,1.228,nan,nan,nan,nan,none,False,0
1776863774.960,2026-04-22 15:16:14.959776,4.667,-0.012,1.228,4.750,-0.012,0.000,1.220,tape,True,0
1776863775.154,2026-04-22 15:16:15.154088,4.674,-0.014,1.243,4.752,-0.014,0.000,1.238,tape,True,0
1776863775.354,2026-04-22 15:16:15.353894,4.676,-0.014,1.250,4.752,-0.014,0.000,1.230,tape,True,0
1776863775.560,2026-04-22 15:16:15.559668,4.688,-0.018,1.283,nan,nan,nan,nan,none,False,0
1776863775.761,2026-04-22 15:16:15.760942,4.688,-0.018,1.283,4.757,-0.018,0.000,1.300,tape,True,0
1776863775.959,2026-04-22 15:16:15.958762,4.677,-0.015,1.254,4.753,-0.015,0.000,1.259,tape,True,0
1776863776.153,2026-04-22 15:16:16.153156,4.675,-0.014,1.245,4.752,-0.014,0.000,1.225,tape,True,0
1776863776.374,2026-04-22 15:16:16.374225,4.687,-0.017,1.279,nan,nan,nan,nan,none,False,0
1776863776.561,2026-04-22 15:16:16.561354,4.687,-0.017,1.279,4.757,-0.017,0.000,1.290,tape,True,0
1776863776.764,2026-04-22 15:16:16.764364,4.681,-0.016,1.262,nan,nan,nan,nan,none,False,0
1776863776.958,2026-04-22 15:16:16.957546,4.681,-0.016,1.262,nan,nan,nan,nan,none,False,0
1776863777.151,2026-04-22 15:16:17.151036,4.681,-0.016,1.262,nan,nan,nan,nan,none,False,0
1776863777.372,2026-04-22 15:16:17.371595,4.681,-0.016,1.262,nan,nan,nan,nan,none,False,0
1776863777.565,2026-04-22 15:16:17.565372,4.681,-0.016,1.262,nan,nan,nan,nan,none,False,0
1776863777.768,2026-04-22 15:16:17.768102,4.681,-0.016,1.262,nan,nan,nan,nan,none,False,0
1776863777.961,2026-04-22 15:16:17.961487,4.681,-0.016,1.262,nan,nan,nan,nan,none,False,0
1776863778.162,2026-04-22 15:16:18.162068,4.681,-0.016,1.262,nan,nan,nan,nan,none,False,0
1776863778.376,2026-04-22 15:16:18.375824,4.681,-0.016,1.262,nan,nan,nan,nan,none,False,0
1776863778.567,2026-04-22 15:16:18.567112,4.681,-0.016,1.262,nan,nan,nan,nan,none,False,0
1776863778.771,2026-04-22 15:16:18.771040,4.681,-0.016,1.262,nan,nan,nan,nan,none,False,0
1776863778.961,2026-04-22 15:16:18.961117,4.681,-0.016,1.262,nan,nan,nan,nan,none,False,0
1776863779.174,2026-04-22 15:16:19.174000,4.681,-0.016,1.262,nan,nan,nan,nan,none,False,0
1776863779.374,2026-04-22 15:16:19.373659,4.681,-0.016,1.262,nan,nan,nan,nan,none,False,0
1776863779.590,2026-04-22 15:16:19.589665,4.681,-0.016,1.262,nan,nan,nan,nan,none,False,0
1776863779.785,2026-04-22 15:16:19.784828,4.681,-0.016,1.262,nan,nan,nan,nan,none,False,0
1776863780.071,2026-04-22 15:16:20.071159,4.681,-0.016,1.262,nan,nan,nan,nan,none,False,0
1776863780.327,2026-04-22 15:16:20.326768,4.681,-0.016,1.262,nan,nan,nan,nan,none,False,0
1776863780.690,2026-04-22 15:16:20.689683,4.681,-0.016,1.262,nan,nan,nan,nan,none,False,0
1776863781.130,2026-04-22 15:16:21.130365,4.681,-0.016,1.262,nan,nan,nan,nan,none,False,0
1776863781.291,2026-04-22 15:16:21.291412,4.681,-0.016,1.262,nan,nan,nan,nan,none,False,0
1776863781.451,2026-04-22 15:16:21.451041,4.681,-0.016,1.262,nan,nan,nan,nan,none,False,0
1776863781.657,2026-04-22 15:16:21.657328,4.681,-0.016,1.262,nan,nan,nan,nan,none,False,0
1776863781.840,2026-04-22 15:16:21.839630,4.681,-0.016,1.262,nan,nan,nan,nan,none,False,0
1776863782.024,2026-04-22 15:16:22.023641,4.681,-0.016,1.262,nan,nan,nan,nan,none,False,0
1776863782.348,2026-04-22 15:16:22.347580,4.681,-0.016,1.262,nan,nan,nan,nan,none,False,0
1776863782.379,2026-04-22 15:16:22.378936,4.681,-0.016,1.262,nan,nan,nan,nan,none,False,0
1776863782.556,2026-04-22 15:16:22.556028,4.681,-0.016,1.262,nan,nan,nan,nan,none,False,0
1776863782.586,2026-04-22 15:16:22.586439,4.681,-0.016,1.262,nan,nan,nan,nan,none,False,0
1776863782.621,2026-04-22 15:16:22.621001,4.681,-0.016,1.262,nan,nan,nan,nan,none,False,0
1776863782.787,2026-04-22 15:16:22.787054,4.681,-0.016,1.262,nan,nan,nan,nan,none,False,0
1776863782.996,2026-04-22 15:16:22.996080,4.681,-0.016,1.262,nan,nan,nan,nan,none,False,0
1776863783.201,2026-04-22 15:16:23.200873,4.681,-0.016,1.262,nan,nan,nan,nan,none,False,0
1776863783.412,2026-04-22 15:16:23.412296,4.681,-0.016,1.262,nan,nan,nan,nan,none,False,0
1776863783.607,2026-04-22 15:16:23.607482,4.681,-0.016,1.262,nan,nan,nan,nan,none,False,0
1776863783.808,2026-04-22 15:16:23.808275,4.681,-0.016,1.262,nan,nan,nan,nan,none,False,0
1776863783.971,2026-04-22 15:16:23.970522,4.681,-0.016,1.262,nan,nan,nan,nan,none,False,0
1776863784.164,2026-04-22 15:16:24.164259,4.681,-0.016,1.262,nan,nan,nan,nan,none,False,0
1776863784.368,2026-04-22 15:16:24.367972,4.681,-0.016,1.262,nan,nan,nan,nan,none,False,0
1776863784.564,2026-04-22 15:16:24.563976,4.681,-0.016,1.262,nan,nan,nan,nan,none,False,0
1776863784.772,2026-04-22 15:16:24.771899,4.681,-0.016,1.262,nan,nan,nan,nan,none,False,0
1776863784.959,2026-04-22 15:16:24.959446,4.681,-0.016,1.262,nan,nan,nan,nan,none,False,0
1776863785.165,2026-04-22 15:16:25.164593,4.681,-0.016,1.262,nan,nan,nan,nan,none,False,0
1776863785.358,2026-04-22 15:16:25.357727,4.681,-0.016,1.262,nan,nan,nan,nan,none,False,0
1776863785.557,2026-04-22 15:16:25.557464,4.681,-0.016,1.262,nan,nan,nan,nan,none,False,0
1776863785.762,2026-04-22 15:16:25.762439,4.681,-0.016,1.262,nan,nan,nan,nan,none,False,0
1776863785.961,2026-04-22 15:16:25.961453,4.681,-0.016,1.262,nan,nan,nan,nan,none,False,0
1776863786.169,2026-04-22 15:16:26.168932,4.681,-0.016,1.262,nan,nan,nan,nan,none,False,0
1776863786.368,2026-04-22 15:16:26.368224,4.681,-0.016,1.262,nan,nan,nan,nan,none,False,0
1776863786.570,2026-04-22 15:16:26.569828,4.681,-0.016,1.262,nan,nan,nan,nan,none,False,0
1776863786.776,2026-04-22 15:16:26.776477,4.681,-0.016,1.262,nan,nan,nan,nan,none,False,0
1776863786.965,2026-04-22 15:16:26.964503,4.681,-0.016,1.262,nan,nan,nan,nan,none,False,0
1776863787.175,2026-04-22 15:16:27.174906,4.681,-0.016,1.262,nan,nan,nan,nan,none,False,0
1776863787.380,2026-04-22 15:16:27.379662,4.681,-0.016,1.262,nan,nan,nan,nan,none,False,0
1776863787.585,2026-04-22 15:16:27.584845,4.681,-0.016,1.262,nan,nan,nan,nan,none,False,0
1776863787.772,2026-04-22 15:16:27.771925,4.681,-0.016,1.262,nan,nan,nan,nan,none,False,0
1776863787.956,2026-04-22 15:16:27.956094,4.681,-0.016,1.262,nan,nan,nan,nan,none,False,0
1776863788.162,2026-04-22 15:16:28.162500,4.681,-0.016,1.262,nan,nan,nan,nan,none,False,0
1776863788.373,2026-04-22 15:16:28.372814,4.681,-0.016,1.262,nan,nan,nan,nan,none,False,0
1776863788.571,2026-04-22 15:16:28.571272,4.681,-0.016,1.262,nan,nan,nan,nan,none,False,0
1776863788.757,2026-04-22 15:16:28.756760,4.681,-0.016,1.262,nan,nan,nan,nan,none,False,0
1776863788.975,2026-04-22 15:16:28.975295,4.681,-0.016,1.262,nan,nan,nan,nan,none,False,0
1776863789.174,2026-04-22 15:16:29.174417,4.681,-0.016,1.262,nan,nan,nan,nan,none,False,0
1776863789.368,2026-04-22 15:16:29.368432,4.681,-0.016,1.262,nan,nan,nan,nan,none,False,0
1776863789.560,2026-04-22 15:16:29.559797,4.681,-0.016,1.262,nan,nan,nan,nan,none,False,0
1776863789.764,2026-04-22 15:16:29.763769,4.681,-0.016,1.262,nan,nan,nan,nan,none,False,0
1776863789.964,2026-04-22 15:16:29.964072,4.681,-0.016,1.262,nan,nan,nan,nan,none,False,0
1776863790.162,2026-04-22 15:16:30.161504,4.681,-0.016,1.262,nan,nan,nan,nan,none,False,0
1776863790.354,2026-04-22 15:16:30.353607,4.681,-0.016,1.262,nan,nan,nan,nan,none,False,0
1776863790.559,2026-04-22 15:16:30.558924,4.681,-0.016,1.262,nan,nan,nan,nan,none,False,0
1776863790.770,2026-04-22 15:16:30.770341,4.681,-0.016,1.262,nan,nan,nan,nan,none,False,0
1776863790.960,2026-04-22 15:16:30.959841,4.681,-0.016,1.262,nan,nan,nan,nan,none,False,0
1776863791.168,2026-04-22 15:16:31.167844,4.681,-0.016,1.262,nan,nan,nan,nan,none,False,0
1776863791.370,2026-04-22 15:16:31.369591,4.681,-0.016,1.262,nan,nan,nan,nan,none,False,0
1776863791.562,2026-04-22 15:16:31.561732,4.681,-0.016,1.262,nan,nan,nan,nan,none,False,0
1776863791.759,2026-04-22 15:16:31.759160,4.681,-0.016,1.262,nan,nan,nan,nan,none,False,0
1776863791.970,2026-04-22 15:16:31.970028,4.681,-0.016,1.262,nan,nan,nan,nan,none,False,0
1776863792.158,2026-04-22 15:16:32.158351,4.681,-0.016,1.262,nan,nan,nan,nan,none,False,0
1776863792.396,2026-04-22 15:16:32.396165,4.681,-0.016,1.262,nan,nan,nan,nan,none,False,0
1776863792.572,2026-04-22 15:16:32.571649,4.681,-0.016,1.262,nan,nan,nan,nan,none,False,0
1776863792.786,2026-04-22 15:16:32.786137,4.681,-0.016,1.262,nan,nan,nan,nan,none,False,0
1776863792.962,2026-04-22 15:16:32.961933,4.681,-0.016,1.262,nan,nan,nan,nan,none,False,0
1776863793.171,2026-04-22 15:16:33.171432,4.681,-0.016,1.262,nan,nan,nan,nan,none,False,0
1776863793.373,2026-04-22 15:16:33.373175,4.681,-0.016,1.262,nan,nan,nan,nan,none,False,0
1776863793.562,2026-04-22 15:16:33.561763,4.681,-0.016,1.262,nan,nan,nan,nan,none,False,0
1776863793.766,2026-04-22 15:16:33.765649,4.681,-0.016,1.262,nan,nan,nan,nan,none,False,0
1776863793.983,2026-04-22 15:16:33.982980,4.681,-0.016,1.262,4.755,-0.016,0.000,1.206,tape,True,1
1776863794.172,2026-04-22 15:16:34.171723,4.714,-0.023,1.355,nan,nan,nan,nan,none,False,0
1776863794.377,2026-04-22 15:16:34.376997,4.714,-0.023,1.355,nan,nan,nan,nan,none,False,0
1776863794.570,2026-04-22 15:16:34.570226,4.714,-0.023,1.355,nan,nan,nan,nan,none,False,0
1776863794.774,2026-04-22 15:16:34.774000,4.714,-0.023,1.355,nan,nan,nan,nan,none,False,0
1776863794.960,2026-04-22 15:16:34.959987,4.714,-0.023,1.355,nan,nan,nan,nan,none,False,0
1776863795.165,2026-04-22 15:16:35.164546,4.714,-0.023,1.355,nan,nan,nan,nan,none,False,0
1776863795.376,2026-04-22 15:16:35.375599,4.714,-0.023,1.355,nan,nan,nan,nan,none,False,0
1776863795.553,2026-04-22 15:16:35.553176,4.714,-0.023,1.355,nan,nan,nan,nan,none,False,0
1776863795.765,2026-04-22 15:16:35.765292,4.714,-0.023,1.355,nan,nan,nan,nan,none,False,0
1776863795.956,2026-04-22 15:16:35.955826,4.714,-0.023,1.355,nan,nan,nan,nan,none,False,0
1776863796.157,2026-04-22 15:16:36.156543,4.714,-0.023,1.355,nan,nan,nan,nan,none,False,0
1776863796.365,2026-04-22 15:16:36.364870,4.714,-0.023,1.355,nan,nan,nan,nan,none,False,0
1776863796.564,2026-04-22 15:16:36.564025,4.714,-0.023,1.355,nan,nan,nan,nan,none,False,0
1776863796.761,2026-04-22 15:16:36.761200,4.714,-0.023,1.355,nan,nan,nan,nan,none,False,0
1776863796.969,2026-04-22 15:16:36.969126,4.714,-0.023,1.355,nan,nan,nan,nan,none,False,0
1776863797.158,2026-04-22 15:16:37.158275,4.714,-0.023,1.355,nan,nan,nan,nan,none,False,0
1776863797.360,2026-04-22 15:16:37.359657,4.714,-0.023,1.355,nan,nan,nan,nan,none,False,0
1776863797.546,2026-04-22 15:16:37.546384,4.714,-0.023,1.355,nan,nan,nan,nan,none,False,0
1776863797.789,2026-04-22 15:16:37.788780,4.714,-0.023,1.355,nan,nan,nan,nan,none,False,0
1776863797.974,2026-04-22 15:16:37.973817,4.714,-0.023,1.355,nan,nan,nan,nan,none,False,0
1776863798.172,2026-04-22 15:16:38.172125,4.714,-0.023,1.355,nan,nan,nan,nan,none,False,0
1776863798.360,2026-04-22 15:16:38.359683,4.714,-0.023,1.355,nan,nan,nan,nan,none,False,0
1776863798.573,2026-04-22 15:16:38.572720,4.714,-0.023,1.355,nan,nan,nan,nan,none,False,0
1776863798.766,2026-04-22 15:16:38.765683,4.714,-0.023,1.355,nan,nan,nan,nan,none,False,0
1776863798.966,2026-04-22 15:16:38.965505,4.714,-0.023,1.355,nan,nan,nan,nan,none,False,0
1776863799.163,2026-04-22 15:16:39.163099,4.714,-0.023,1.355,nan,nan,nan,nan,none,False,0
1776863799.367,2026-04-22 15:16:39.367161,4.714,-0.023,1.355,nan,nan,nan,nan,none,False,0
1776863799.564,2026-04-22 15:16:39.563643,4.714,-0.023,1.355,nan,nan,nan,nan,none,False,0
1776863799.767,2026-04-22 15:16:39.766708,4.714,-0.023,1.355,nan,nan,nan,nan,none,False,0
1776863799.982,2026-04-22 15:16:39.982194,4.714,-0.023,1.355,nan,nan,nan,nan,none,False,0
1776863800.165,2026-04-22 15:16:40.164677,4.714,-0.023,1.355,nan,nan,nan,nan,none,False,0
1776863800.362,2026-04-22 15:16:40.362303,4.714,-0.023,1.355,nan,nan,nan,nan,none,False,0
1776863800.583,2026-04-22 15:16:40.583372,4.714,-0.023,1.355,nan,nan,nan,nan,none,False,0
1776863800.778,2026-04-22 15:16:40.777724,4.714,-0.023,1.355,nan,nan,nan,nan,none,False,0
1776863800.970,2026-04-22 15:16:40.969796,4.714,-0.023,1.355,nan,nan,nan,nan,none,False,0
1776863801.167,2026-04-22 15:16:41.167148,4.714,-0.023,1.355,nan,nan,nan,nan,none,False,0
1776863801.380,2026-04-22 15:16:41.380398,4.714,-0.023,1.355,nan,nan,nan,nan,none,False,0
1776863801.557,2026-04-22 15:16:41.557163,4.714,-0.023,1.355,nan,nan,nan,nan,none,False,0
1776863801.787,2026-04-22 15:16:41.786584,4.714,-0.023,1.355,nan,nan,nan,nan,none,False,0
1776863801.976,2026-04-22 15:16:41.976165,4.714,-0.023,1.355,nan,nan,nan,nan,none,False,0
1776863802.167,2026-04-22 15:16:42.167283,4.714,-0.023,1.355,nan,nan,nan,nan,none,False,0
1776863802.378,2026-04-22 15:16:42.377602,4.714,-0.023,1.355,nan,nan,nan,nan,none,False,0
1776863802.557,2026-04-22 15:16:42.557009,4.714,-0.023,1.355,nan,nan,nan,nan,none,False,0
1776863802.763,2026-04-22 15:16:42.763439,4.714,-0.023,1.355,nan,nan,nan,nan,none,False,0
1776863802.947,2026-04-22 15:16:42.946559,4.714,-0.023,1.355,nan,nan,nan,nan,none,False,0
1776863803.165,2026-04-22 15:16:43.164765,4.714,-0.023,1.355,nan,nan,nan,nan,none,False,0
1776863803.364,2026-04-22 15:16:43.364143,4.714,-0.023,1.355,nan,nan,nan,nan,none,False,0
1776863803.569,2026-04-22 15:16:43.569163,4.714,-0.023,1.355,nan,nan,nan,nan,none,False,0
1776863803.753,2026-04-22 15:16:43.752809,4.714,-0.023,1.355,nan,nan,nan,nan,none,False,0
1776863803.962,2026-04-22 15:16:43.961895,4.714,-0.023,1.355,nan,nan,nan,nan,none,False,0
1776863804.167,2026-04-22 15:16:44.166607,4.714,-0.023,1.355,nan,nan,nan,nan,none,False,0
1776863804.364,2026-04-22 15:16:44.364188,4.714,-0.023,1.355,nan,nan,nan,nan,none,False,0
1776863804.554,2026-04-22 15:16:44.553893,4.714,-0.023,1.355,nan,nan,nan,nan,none,False,0
1776863804.752,2026-04-22 15:16:44.752423,4.714,-0.023,1.355,nan,nan,nan,nan,none,False,0
1776863804.975,2026-04-22 15:16:44.975370,4.714,-0.023,1.355,nan,nan,nan,nan,none,False,0
1776863805.160,2026-04-22 15:16:45.160363,4.714,-0.023,1.355,nan,nan,nan,nan,none,False,0
1776863805.370,2026-04-22 15:16:45.369900,4.714,-0.023,1.355,nan,nan,nan,nan,none,False,0
1776863805.562,2026-04-22 15:16:45.562198,4.714,-0.023,1.355,nan,nan,nan,nan,none,False,0
1776863805.760,2026-04-22 15:16:45.759530,4.714,-0.023,1.355,nan,nan,nan,nan,none,False,0
1776863805.960,2026-04-22 15:16:45.960270,4.714,-0.023,1.355,nan,nan,nan,nan,none,False,0
1776863806.152,2026-04-22 15:16:46.152331,4.714,-0.023,1.355,nan,nan,nan,nan,none,False,0
1776863806.358,2026-04-22 15:16:46.358473,4.714,-0.023,1.355,nan,nan,nan,nan,none,False,0
1776863806.557,2026-04-22 15:16:46.556624,4.714,-0.023,1.355,nan,nan,nan,nan,none,False,0
1776863806.757,2026-04-22 15:16:46.757459,4.714,-0.023,1.355,nan,nan,nan,nan,none,False,0
1776863806.954,2026-04-22 15:16:46.954149,4.714,-0.023,1.355,nan,nan,nan,nan,none,False,0
1776863807.157,2026-04-22 15:16:47.157220,4.714,-0.023,1.355,nan,nan,nan,nan,none,False,0
1776863807.369,2026-04-22 15:16:47.368925,4.714,-0.023,1.355,nan,nan,nan,nan,none,False,0
1776863807.557,2026-04-22 15:16:47.557028,4.714,-0.023,1.355,nan,nan,nan,nan,none,False,0
1776863807.759,2026-04-22 15:16:47.759198,4.714,-0.023,1.355,nan,nan,nan,nan,none,False,0
1776863807.967,2026-04-22 15:16:47.966572,4.714,-0.023,1.355,nan,nan,nan,nan,none,False,0
1776863808.162,2026-04-22 15:16:48.161719,4.714,-0.023,1.355,nan,nan,nan,nan,none,False,0
1776863808.362,2026-04-22 15:16:48.362112,4.714,-0.023,1.355,nan,nan,nan,nan,none,False,0
1776863808.554,2026-04-22 15:16:48.554039,4.714,-0.023,1.355,nan,nan,nan,nan,none,False,0
1776863808.768,2026-04-22 15:16:48.767907,4.714,-0.023,1.355,nan,nan,nan,nan,none,False,0
1776863808.980,2026-04-22 15:16:48.980241,4.714,-0.023,1.355,nan,nan,nan,nan,none,False,0
1776863809.181,2026-04-22 15:16:49.180791,4.714,-0.023,1.355,nan,nan,nan,nan,none,False,0
1776863809.359,2026-04-22 15:16:49.359400,4.714,-0.023,1.355,nan,nan,nan,nan,none,False,0
1776863809.552,2026-04-22 15:16:49.551635,4.714,-0.023,1.355,nan,nan,nan,nan,none,False,0
1776863809.759,2026-04-22 15:16:49.759419,4.714,-0.023,1.355,nan,nan,nan,nan,none,False,0
1776863809.964,2026-04-22 15:16:49.963824,4.714,-0.023,1.355,nan,nan,nan,nan,none,False,0
1776863810.172,2026-04-22 15:16:50.172457,4.714,-0.023,1.355,nan,nan,nan,nan,none,False,0
1776863810.359,2026-04-22 15:16:50.358902,4.714,-0.023,1.355,nan,nan,nan,nan,none,False,0
1776863810.573,2026-04-22 15:16:50.572807,4.714,-0.023,1.355,nan,nan,nan,nan,none,False,0
1776863810.852,2026-04-22 15:16:50.851884,4.714,-0.023,1.355,nan,nan,nan,nan,none,False,0
1776863810.975,2026-04-22 15:16:50.974762,4.714,-0.023,1.355,nan,nan,nan,nan,none,False,0
1776863811.164,2026-04-22 15:16:51.163539,4.714,-0.023,1.355,nan,nan,nan,nan,none,False,0
1776863811.391,2026-04-22 15:16:51.390884,4.714,-0.023,1.355,nan,nan,nan,nan,none,False,0
1776863811.571,2026-04-22 15:16:51.571167,4.714,-0.023,1.355,nan,nan,nan,nan,none,False,0
1776863811.766,2026-04-22 15:16:51.766030,4.714,-0.023,1.355,nan,nan,nan,nan,none,False,0
1776863811.979,2026-04-22 15:16:51.978737,4.714,-0.023,1.355,nan,nan,nan,nan,none,False,0
1776863812.163,2026-04-22 15:16:52.163118,4.714,-0.023,1.355,nan,nan,nan,nan,none,False,0
1776863812.372,2026-04-22 15:16:52.372051,4.714,-0.023,1.355,nan,nan,nan,nan,none,False,0
1776863812.564,2026-04-22 15:16:52.563756,4.714,-0.023,1.355,nan,nan,nan,nan,none,False,0
1776863812.772,2026-04-22 15:16:52.771923,4.714,-0.023,1.355,nan,nan,nan,nan,none,False,0
1776863812.965,2026-04-22 15:16:52.964652,4.714,-0.023,1.355,nan,nan,nan,nan,none,False,0
1776863813.163,2026-04-22 15:16:53.163264,4.714,-0.023,1.355,nan,nan,nan,nan,none,False,0
1776863813.360,2026-04-22 15:16:53.360291,4.714,-0.023,1.355,nan,nan,nan,nan,none,False,0
1776863813.554,2026-04-22 15:16:53.554234,4.714,-0.023,1.355,nan,nan,nan,nan,none,False,0
1776863813.782,2026-04-22 15:16:53.781866,4.714,-0.023,1.355,nan,nan,nan,nan,none,False,0
1776863813.960,2026-04-22 15:16:53.960081,4.714,-0.023,1.355,nan,nan,nan,nan,none,False,0
1776863814.157,2026-04-22 15:16:54.156951,4.714,-0.023,1.355,nan,nan,nan,nan,none,False,0
1776863814.364,2026-04-22 15:16:54.364427,4.714,-0.023,1.355,nan,nan,nan,nan,none,False,0
1776863814.573,2026-04-22 15:16:54.572602,4.714,-0.023,1.355,nan,nan,nan,nan,none,False,0
1776863814.769,2026-04-22 15:16:54.768818,4.714,-0.023,1.355,nan,nan,nan,nan,none,False,0
1776863814.979,2026-04-22 15:16:54.979310,4.714,-0.023,1.355,nan,nan,nan,nan,none,False,0
1776863815.168,2026-04-22 15:16:55.167704,4.714,-0.023,1.355,nan,nan,nan,nan,none,False,0
1776863815.393,2026-04-22 15:16:55.392705,4.714,-0.023,1.355,nan,nan,nan,nan,none,False,0
1776863815.582,2026-04-22 15:16:55.582233,4.714,-0.023,1.355,nan,nan,nan,nan,none,False,0
1776863815.776,2026-04-22 15:16:55.775506,4.714,-0.023,1.355,nan,nan,nan,nan,none,False,0
1776863815.967,2026-04-22 15:16:55.967065,4.714,-0.023,1.355,nan,nan,nan,nan,none,False,0
1776863816.172,2026-04-22 15:16:56.171909,4.714,-0.023,1.355,nan,nan,nan,nan,none,False,0
1776863816.370,2026-04-22 15:16:56.369779,4.714,-0.023,1.355,nan,nan,nan,nan,none,False,0
1776863816.578,2026-04-22 15:16:56.578011,4.714,-0.023,1.355,nan,nan,nan,nan,none,False,0
1776863816.780,2026-04-22 15:16:56.779841,4.714,-0.023,1.355,nan,nan,nan,nan,none,False,0
1776863816.985,2026-04-22 15:16:56.984523,4.714,-0.023,1.355,nan,nan,nan,nan,none,False,0
1776863817.182,2026-04-22 15:16:57.182272,4.714,-0.023,1.355,nan,nan,nan,nan,none,False,0
1776863817.393,2026-04-22 15:16:57.392734,4.714,-0.023,1.355,nan,nan,nan,nan,none,False,0
1776863817.586,2026-04-22 15:16:57.585989,4.714,-0.023,1.355,nan,nan,nan,nan,none,False,0
1776863817.778,2026-04-22 15:16:57.778086,4.714,-0.023,1.355,nan,nan,nan,nan,none,False,0
1776863817.977,2026-04-22 15:16:57.977122,4.714,-0.023,1.355,nan,nan,nan,nan,none,False,0
1776863818.170,2026-04-22 15:16:58.170311,4.714,-0.023,1.355,nan,nan,nan,nan,none,False,0
1776863818.377,2026-04-22 15:16:58.376907,4.714,-0.023,1.355,nan,nan,nan,nan,none,False,0
1776863818.576,2026-04-22 15:16:58.575999,4.714,-0.023,1.355,nan,nan,nan,nan,none,False,0
1776863818.780,2026-04-22 15:16:58.779581,4.714,-0.023,1.355,nan,nan,nan,nan,none,False,0
1776863818.971,2026-04-22 15:16:58.971132,4.714,-0.023,1.355,nan,nan,nan,nan,none,False,0
1776863819.228,2026-04-22 15:16:59.228028,4.714,-0.023,1.355,nan,nan,nan,nan,none,False,0
1776863819.388,2026-04-22 15:16:59.387849,4.714,-0.023,1.355,nan,nan,nan,nan,none,False,0
1776863819.567,2026-04-22 15:16:59.566803,4.714,-0.023,1.355,nan,nan,nan,nan,none,False,0
1776863819.773,2026-04-22 15:16:59.772883,4.714,-0.023,1.355,nan,nan,nan,nan,none,False,0
1776863819.966,2026-04-22 15:16:59.966020,4.714,-0.023,1.355,nan,nan,nan,nan,none,False,0
1776863820.163,2026-04-22 15:17:00.163127,4.714,-0.023,1.355,nan,nan,nan,nan,none,False,0
1776863820.369,2026-04-22 15:17:00.368657,4.714,-0.023,1.355,nan,nan,nan,nan,none,False,0
1776863820.558,2026-04-22 15:17:00.558213,4.714,-0.023,1.355,nan,nan,nan,nan,none,False,0
1776863820.764,2026-04-22 15:17:00.764128,4.714,-0.023,1.355,nan,nan,nan,nan,none,False,0
1776863820.972,2026-04-22 15:17:00.972145,4.714,-0.023,1.355,4.769,-0.023,0.000,1.368,tape,True,0
1776863821.242,2026-04-22 15:17:01.241639,4.708,-0.022,1.332,nan,nan,nan,nan,none,False,0
1776863821.366,2026-04-22 15:17:01.365768,4.708,-0.022,1.332,nan,nan,nan,nan,none,False,0
1776863821.556,2026-04-22 15:17:01.555789,4.708,-0.022,1.332,nan,nan,nan,nan,none,False,0
1776863821.760,2026-04-22 15:17:01.760377,4.708,-0.022,1.332,nan,nan,nan,nan,none,False,0
1776863821.964,2026-04-22 15:17:01.964102,4.708,-0.022,1.332,nan,nan,nan,nan,none,False,0
1776863822.160,2026-04-22 15:17:02.160391,4.708,-0.022,1.332,nan,nan,nan,nan,none,False,0
1776863822.373,2026-04-22 15:17:02.373499,4.708,-0.022,1.332,nan,nan,nan,nan,none,False,0
1776863822.568,2026-04-22 15:17:02.567956,4.708,-0.022,1.332,nan,nan,nan,nan,none,False,0
1776863822.763,2026-04-22 15:17:02.762762,4.708,-0.022,1.332,nan,nan,nan,nan,none,False,0
1776863822.966,2026-04-22 15:17:02.965783,4.708,-0.022,1.332,nan,nan,nan,nan,none,False,0
1776863823.171,2026-04-22 15:17:03.171278,4.708,-0.022,1.332,nan,nan,nan,nan,none,False,0
1776863823.363,2026-04-22 15:17:03.362957,4.708,-0.022,1.332,nan,nan,nan,nan,none,False,0
1776863823.559,2026-04-22 15:17:03.559072,4.708,-0.022,1.332,nan,nan,nan,nan,none,False,0
1776863823.763,2026-04-22 15:17:03.763486,4.708,-0.022,1.332,nan,nan,nan,nan,none,False,0
1776863823.978,2026-04-22 15:17:03.977874,4.708,-0.022,1.332,nan,nan,nan,nan,none,False,0
1776863824.161,2026-04-22 15:17:04.160984,4.708,-0.022,1.332,nan,nan,nan,nan,none,False,0
1776863824.358,2026-04-22 15:17:04.357759,4.708,-0.022,1.332,4.766,-0.022,0.000,1.360,tape,True,0
1776863824.567,2026-04-22 15:17:04.566592,4.691,-0.019,1.286,nan,nan,nan,nan,none,False,0
1776863824.772,2026-04-22 15:17:04.771797,4.691,-0.019,1.286,nan,nan,nan,nan,none,False,0
1776863824.957,2026-04-22 15:17:04.956614,4.691,-0.019,1.286,nan,nan,nan,nan,none,False,0
1776863825.149,2026-04-22 15:17:05.149317,4.691,-0.019,1.286,nan,nan,nan,nan,none,False,0
1776863825.360,2026-04-22 15:17:05.359619,4.691,-0.019,1.286,nan,nan,nan,nan,none,False,0
1776863825.548,2026-04-22 15:17:05.548249,4.691,-0.019,1.286,nan,nan,nan,nan,none,False,0
1776863825.756,2026-04-22 15:17:05.756034,4.691,-0.019,1.286,nan,nan,nan,nan,none,False,0
1776863825.950,2026-04-22 15:17:05.949655,4.691,-0.019,1.286,nan,nan,nan,nan,none,False,0
1776863826.152,2026-04-22 15:17:06.152053,4.691,-0.019,1.286,nan,nan,nan,nan,none,False,0
1776863826.354,2026-04-22 15:17:06.354011,4.691,-0.019,1.286,nan,nan,nan,nan,none,False,0
1776863826.555,2026-04-22 15:17:06.555484,4.691,-0.019,1.286,nan,nan,nan,nan,none,False,0
1776863826.753,2026-04-22 15:17:06.752750,4.691,-0.019,1.286,nan,nan,nan,nan,none,False,0
1776863826.953,2026-04-22 15:17:06.952764,4.691,-0.019,1.286,nan,nan,nan,nan,none,False,0
1776863827.155,2026-04-22 15:17:07.154639,4.691,-0.019,1.286,nan,nan,nan,nan,none,False,0
1776863827.356,2026-04-22 15:17:07.356421,4.691,-0.019,1.286,nan,nan,nan,nan,none,False,0
1776863827.548,2026-04-22 15:17:07.548316,4.691,-0.019,1.286,nan,nan,nan,nan,none,False,0
1776863827.752,2026-04-22 15:17:07.752012,4.691,-0.019,1.286,nan,nan,nan,nan,none,False,0
1776863827.953,2026-04-22 15:17:07.953155,4.691,-0.019,1.286,nan,nan,nan,nan,none,False,0
1776863828.149,2026-04-22 15:17:08.148661,4.691,-0.019,1.286,nan,nan,nan,nan,none,False,0
1776863828.352,2026-04-22 15:17:08.352109,4.691,-0.019,1.286,nan,nan,nan,nan,none,False,0
1776863828.545,2026-04-22 15:17:08.544847,4.691,-0.019,1.286,nan,nan,nan,nan,none,False,0
1776863828.752,2026-04-22 15:17:08.751924,4.691,-0.019,1.286,nan,nan,nan,nan,none,False,0
1776863828.954,2026-04-22 15:17:08.953844,4.691,-0.019,1.286,nan,nan,nan,nan,none,False,0
1776863829.153,2026-04-22 15:17:09.152891,4.691,-0.019,1.286,nan,nan,nan,nan,none,False,0
1776863829.356,2026-04-22 15:17:09.356119,4.691,-0.019,1.286,nan,nan,nan,nan,none,False,0
1776863829.551,2026-04-22 15:17:09.550511,4.691,-0.019,1.286,nan,nan,nan,nan,none,False,0
1776863829.748,2026-04-22 15:17:09.748305,4.691,-0.019,1.286,nan,nan,nan,nan,none,False,0
1776863829.961,2026-04-22 15:17:09.960622,4.691,-0.019,1.286,nan,nan,nan,nan,none,False,0
1776863830.158,2026-04-22 15:17:10.157814,4.691,-0.019,1.286,nan,nan,nan,nan,none,False,0
1776863830.375,2026-04-22 15:17:10.374830,4.691,-0.019,1.286,nan,nan,nan,nan,none,False,0
1776863830.557,2026-04-22 15:17:10.557322,4.691,-0.019,1.286,nan,nan,nan,nan,none,False,0
1776863830.758,2026-04-22 15:17:10.758151,4.691,-0.019,1.286,nan,nan,nan,nan,none,False,0
1776863830.969,2026-04-22 15:17:10.969465,4.691,-0.019,1.286,nan,nan,nan,nan,none,False,0
1776863831.166,2026-04-22 15:17:11.165713,4.691,-0.019,1.286,nan,nan,nan,nan,none,False,0
1776863831.366,2026-04-22 15:17:11.365915,4.691,-0.019,1.286,nan,nan,nan,nan,none,False,0
1776863831.558,2026-04-22 15:17:11.558331,4.691,-0.019,1.286,nan,nan,nan,nan,none,False,0
1776863831.760,2026-04-22 15:17:11.760389,4.691,-0.019,1.286,nan,nan,nan,nan,none,False,0
1776863831.957,2026-04-22 15:17:11.956970,4.691,-0.019,1.286,nan,nan,nan,nan,none,False,0
1776863832.179,2026-04-22 15:17:12.179447,4.691,-0.019,1.286,nan,nan,nan,nan,none,False,0
1776863832.378,2026-04-22 15:17:12.378474,4.691,-0.019,1.286,nan,nan,nan,nan,none,False,0
1776863832.590,2026-04-22 15:17:12.589816,4.691,-0.019,1.286,nan,nan,nan,nan,none,False,0
1776863832.770,2026-04-22 15:17:12.770150,4.691,-0.019,1.286,nan,nan,nan,nan,none,False,0
1776863832.974,2026-04-22 15:17:12.974354,4.691,-0.019,1.286,nan,nan,nan,nan,none,False,0
1776863833.185,2026-04-22 15:17:13.184520,4.691,-0.019,1.286,nan,nan,nan,nan,none,False,0
1776863833.378,2026-04-22 15:17:13.378235,4.691,-0.019,1.286,nan,nan,nan,nan,none,False,0
1776863833.593,2026-04-22 15:17:13.592877,4.691,-0.019,1.286,nan,nan,nan,nan,none,False,0
1776863833.765,2026-04-22 15:17:13.765494,4.691,-0.019,1.286,nan,nan,nan,nan,none,False,0
1776863833.953,2026-04-22 15:17:13.952959,4.691,-0.019,1.286,nan,nan,nan,nan,none,False,0
1776863834.151,2026-04-22 15:17:14.150513,4.691,-0.019,1.286,nan,nan,nan,nan,none,False,0
1776863834.371,2026-04-22 15:17:14.370921,4.691,-0.019,1.286,nan,nan,nan,nan,none,False,0
1776863834.560,2026-04-22 15:17:14.560061,4.691,-0.019,1.286,nan,nan,nan,nan,none,False,0
1776863834.779,2026-04-22 15:17:14.778744,4.691,-0.019,1.286,nan,nan,nan,nan,none,False,0
1776863834.948,2026-04-22 15:17:14.947997,4.691,-0.019,1.286,nan,nan,nan,nan,none,False,0
1776863835.150,2026-04-22 15:17:15.150057,4.691,-0.019,1.286,nan,nan,nan,nan,none,False,0
1776863835.336,2026-04-22 15:17:15.336375,4.691,-0.019,1.286,nan,nan,nan,nan,none,False,0
1776863835.555,2026-04-22 15:17:15.554932,4.691,-0.019,1.286,nan,nan,nan,nan,none,False,0
1776863835.765,2026-04-22 15:17:15.765242,4.691,-0.019,1.286,nan,nan,nan,nan,none,False,0
1776863835.948,2026-04-22 15:17:15.947909,4.691,-0.019,1.286,nan,nan,nan,nan,none,False,0
1776863836.146,2026-04-22 15:17:16.145734,4.691,-0.019,1.286,nan,nan,nan,nan,none,False,0
1776863836.346,2026-04-22 15:17:16.346458,4.691,-0.019,1.286,nan,nan,nan,nan,none,False,0
1776863836.543,2026-04-22 15:17:16.543501,4.691,-0.019,1.286,nan,nan,nan,nan,none,False,0
1776863836.785,2026-04-22 15:17:16.784696,4.691,-0.019,1.286,nan,nan,nan,nan,none,False,0
1776863836.994,2026-04-22 15:17:16.994422,4.691,-0.019,1.286,nan,nan,nan,nan,none,False,0
1776863837.154,2026-04-22 15:17:17.154125,4.691,-0.019,1.286,nan,nan,nan,nan,none,False,0
1776863837.347,2026-04-22 15:17:17.346876,4.691,-0.019,1.286,nan,nan,nan,nan,none,False,0
1776863837.551,2026-04-22 15:17:17.550728,4.691,-0.019,1.286,nan,nan,nan,nan,none,False,0
1776863837.758,2026-04-22 15:17:17.758262,4.691,-0.019,1.286,nan,nan,nan,nan,none,False,0
1776863837.947,2026-04-22 15:17:17.946969,4.691,-0.019,1.286,nan,nan,nan,nan,none,False,0
1776863838.163,2026-04-22 15:17:18.162690,4.691,-0.019,1.286,nan,nan,nan,nan,none,False,0
1776863838.372,2026-04-22 15:17:18.371799,4.691,-0.019,1.286,nan,nan,nan,nan,none,False,0
1776863838.553,2026-04-22 15:17:18.553200,4.691,-0.019,1.286,nan,nan,nan,nan,none,False,0
1776863838.749,2026-04-22 15:17:18.748834,4.691,-0.019,1.286,nan,nan,nan,nan,none,False,0
1776863838.952,2026-04-22 15:17:18.951509,4.691,-0.019,1.286,nan,nan,nan,nan,none,False,0
1776863839.150,2026-04-22 15:17:19.150089,4.691,-0.019,1.286,nan,nan,nan,nan,none,False,0
1776863839.348,2026-04-22 15:17:19.348252,4.691,-0.019,1.286,nan,nan,nan,nan,none,False,0
1776863839.550,2026-04-22 15:17:19.550369,4.691,-0.019,1.286,nan,nan,nan,nan,none,False,0
1776863839.744,2026-04-22 15:17:19.744309,4.691,-0.019,1.286,nan,nan,nan,nan,none,False,0
1776863839.948,2026-04-22 15:17:19.948263,4.691,-0.019,1.286,nan,nan,nan,nan,none,False,0
1776863840.172,2026-04-22 15:17:20.171754,4.691,-0.019,1.286,nan,nan,nan,nan,none,False,0
1776863840.369,2026-04-22 15:17:20.369069,4.691,-0.019,1.286,4.759,-0.019,0.000,1.279,tape,True,0
1776863840.551,2026-04-22 15:17:20.550583,4.692,-0.020,1.297,nan,nan,nan,nan,none,False,0
1776863840.748,2026-04-22 15:17:20.747710,4.692,-0.020,1.297,4.760,-0.020,0.000,1.278,tape,True,0
1776863840.946,2026-04-22 15:17:20.946311,4.705,-0.022,1.328,nan,nan,nan,nan,none,False,0
1776863841.148,2026-04-22 15:17:21.147924,4.705,-0.022,1.328,nan,nan,nan,nan,none,False,0
1776863841.348,2026-04-22 15:17:21.348264,4.705,-0.022,1.328,nan,nan,nan,nan,none,False,0
1776863841.542,2026-04-22 15:17:21.541568,4.705,-0.022,1.328,nan,nan,nan,nan,none,False,0
1776863841.749,2026-04-22 15:17:21.749362,4.705,-0.022,1.328,nan,nan,nan,nan,none,False,0
1776863841.943,2026-04-22 15:17:21.942582,4.705,-0.022,1.328,nan,nan,nan,nan,none,False,0
1776863842.148,2026-04-22 15:17:22.147771,4.705,-0.022,1.328,nan,nan,nan,nan,none,False,0
1776863842.342,2026-04-22 15:17:22.341960,4.705,-0.022,1.328,nan,nan,nan,nan,none,False,0
1776863842.542,2026-04-22 15:17:22.542143,4.705,-0.022,1.328,nan,nan,nan,nan,none,False,0
1776863842.739,2026-04-22 15:17:22.739389,4.705,-0.022,1.328,nan,nan,nan,nan,none,False,0
1776863842.945,2026-04-22 15:17:22.945227,4.705,-0.022,1.328,nan,nan,nan,nan,none,False,0
1776863843.140,2026-04-22 15:17:23.139739,4.705,-0.022,1.328,nan,nan,nan,nan,none,False,0
1776863843.345,2026-04-22 15:17:23.345038,4.705,-0.022,1.328,nan,nan,nan,nan,none,False,0
1776863843.548,2026-04-22 15:17:23.548320,4.705,-0.022,1.328,nan,nan,nan,nan,none,False,0
1776863843.754,2026-04-22 15:17:23.754240,4.705,-0.022,1.328,nan,nan,nan,nan,none,False,0
1776863843.970,2026-04-22 15:17:23.970260,4.705,-0.022,1.328,nan,nan,nan,nan,none,False,0
1776863844.152,2026-04-22 15:17:24.151576,4.705,-0.022,1.328,nan,nan,nan,nan,none,False,0
1776863844.369,2026-04-22 15:17:24.368811,4.705,-0.022,1.328,nan,nan,nan,nan,none,False,0
1776863844.550,2026-04-22 15:17:24.549717,4.705,-0.022,1.328,nan,nan,nan,nan,none,False,0
1776863844.751,2026-04-22 15:17:24.750591,4.705,-0.022,1.328,nan,nan,nan,nan,none,False,0
1776863844.943,2026-04-22 15:17:24.943003,4.705,-0.022,1.328,nan,nan,nan,nan,none,False,0
1776863845.144,2026-04-22 15:17:25.143983,4.705,-0.022,1.328,nan,nan,nan,nan,none,False,0
1776863845.352,2026-04-22 15:17:25.352198,4.705,-0.022,1.328,nan,nan,nan,nan,none,False,0
1776863845.555,2026-04-22 15:17:25.555380,4.705,-0.022,1.328,nan,nan,nan,nan,none,False,0
1776863845.761,2026-04-22 15:17:25.761234,4.705,-0.022,1.328,nan,nan,nan,nan,none,False,0
1776863845.951,2026-04-22 15:17:25.951152,4.705,-0.022,1.328,nan,nan,nan,nan,none,False,0
1776863846.151,2026-04-22 15:17:26.150864,4.705,-0.022,1.328,nan,nan,nan,nan,none,False,0
1776863846.365,2026-04-22 15:17:26.364755,4.705,-0.022,1.328,4.764,-0.022,0.000,1.330,tape,True,0
1776863846.548,2026-04-22 15:17:26.547539,4.703,-0.022,1.324,nan,nan,nan,nan,none,False,0
1776863846.753,2026-04-22 15:17:26.752934,4.703,-0.022,1.324,nan,nan,nan,nan,none,False,0
1776863846.951,2026-04-22 15:17:26.951494,4.703,-0.022,1.324,nan,nan,nan,nan,none,False,0
1776863847.158,2026-04-22 15:17:27.158369,4.703,-0.022,1.324,nan,nan,nan,nan,none,False,0
1776863847.361,2026-04-22 15:17:27.361306,4.703,-0.022,1.324,nan,nan,nan,nan,none,False,0
1776863847.547,2026-04-22 15:17:27.547457,4.703,-0.022,1.324,nan,nan,nan,nan,none,False,0
1776863847.766,2026-04-22 15:17:27.765761,4.703,-0.022,1.324,nan,nan,nan,nan,none,False,0
1776863847.951,2026-04-22 15:17:27.950525,4.703,-0.022,1.324,nan,nan,nan,nan,none,False,0
1776863848.155,2026-04-22 15:17:28.154616,4.703,-0.022,1.324,nan,nan,nan,nan,none,False,0
1776863848.443,2026-04-22 15:17:28.442671,4.703,-0.022,1.324,nan,nan,nan,nan,none,False,0
1776863848.566,2026-04-22 15:17:28.566033,4.703,-0.022,1.324,nan,nan,nan,nan,none,False,0
1776863848.762,2026-04-22 15:17:28.762081,4.703,-0.022,1.324,nan,nan,nan,nan,none,False,0
1776863848.963,2026-04-22 15:17:28.963174,4.703,-0.022,1.324,nan,nan,nan,nan,none,False,0
1776863849.162,2026-04-22 15:17:29.161628,4.703,-0.022,1.324,nan,nan,nan,nan,none,False,0
1776863849.361,2026-04-22 15:17:29.361158,4.703,-0.022,1.324,nan,nan,nan,nan,none,False,0
1776863849.550,2026-04-22 15:17:29.550346,4.703,-0.022,1.324,nan,nan,nan,nan,none,False,0
1776863849.757,2026-04-22 15:17:29.756604,4.703,-0.022,1.324,nan,nan,nan,nan,none,False,0
1776863849.956,2026-04-22 15:17:29.956306,4.703,-0.022,1.324,4.745,-0.022,0.000,1.327,tape,True,0
1776863850.151,2026-04-22 15:17:30.151191,4.671,-0.021,1.318,4.735,-0.021,0.000,1.341,tape,True,0
1776863850.352,2026-04-22 15:17:30.352426,4.661,-0.017,1.279,4.730,-0.017,0.000,1.253,tape,True,0
1776863850.550,2026-04-22 15:17:30.550170,4.679,-0.022,1.323,nan,nan,nan,nan,none,False,0
1776863850.759,2026-04-22 15:17:30.758765,4.679,-0.022,1.323,4.784,-0.022,0.000,1.305,tape,True,0
1776863850.963,2026-04-22 15:17:30.962791,4.772,-0.022,1.353,4.814,-0.022,0.000,1.407,tape,True,0
1776863851.173,2026-04-22 15:17:31.173075,4.749,-0.021,1.263,4.798,-0.021,0.000,1.225,tape,True,0
1776863851.363,2026-04-22 15:17:31.363373,4.757,-0.023,1.327,4.820,-0.023,0.000,1.307,tape,True,0
1776863851.560,2026-04-22 15:17:31.560326,4.789,-0.023,1.360,4.802,-0.023,0.000,1.326,tape,True,0
1776863851.762,2026-04-22 15:17:31.761937,4.749,-0.025,1.417,4.778,-0.025,0.000,1.486,tape,True,0
1776863851.951,2026-04-22 15:17:31.950568,4.692,-0.019,1.302,4.755,-0.019,0.000,1.358,tape,True,0
1776863852.154,2026-04-22 15:17:32.153547,4.655,-0.009,1.207,4.744,-0.009,0.000,1.177,tape,True,0
1776863852.357,2026-04-22 15:17:32.356652,4.679,-0.015,1.257,nan,nan,nan,nan,none,False,0
1776863852.559,2026-04-22 15:17:32.559114,4.679,-0.015,1.257,nan,nan,nan,nan,none,False,0
1776863852.754,2026-04-22 15:17:32.753938,4.679,-0.015,1.257,nan,nan,nan,nan,none,False,0
1776863852.955,2026-04-22 15:17:32.954983,4.679,-0.015,1.257,nan,nan,nan,nan,none,False,0
1776863853.245,2026-04-22 15:17:33.245309,4.679,-0.015,1.257,nan,nan,nan,nan,none,False,0
1776863853.406,2026-04-22 15:17:33.405835,4.679,-0.015,1.257,nan,nan,nan,nan,none,False,0
1776863853.652,2026-04-22 15:17:33.652175,4.679,-0.015,1.257,nan,nan,nan,nan,none,False,0
1776863853.941,2026-04-22 15:17:33.940688,4.679,-0.015,1.257,nan,nan,nan,nan,none,False,0
1776863854.061,2026-04-22 15:17:34.060604,4.679,-0.015,1.257,nan,nan,nan,nan,none,False,0
1776863854.223,2026-04-22 15:17:34.222520,4.679,-0.015,1.257,nan,nan,nan,nan,none,False,0
1776863854.353,2026-04-22 15:17:34.352620,4.679,-0.015,1.257,nan,nan,nan,nan,none,False,0
1776863854.855,2026-04-22 15:17:34.855027,4.679,-0.015,1.257,nan,nan,nan,nan,none,False,0
1776863854.893,2026-04-22 15:17:34.892975,4.679,-0.015,1.257,nan,nan,nan,nan,none,False,0
1776863854.984,2026-04-22 15:17:34.983515,4.679,-0.015,1.257,nan,nan,nan,nan,none,False,0
1776863855.160,2026-04-22 15:17:35.159788,4.679,-0.015,1.257,nan,nan,nan,nan,none,False,0
1776863855.341,2026-04-22 15:17:35.341283,4.679,-0.015,1.257,nan,nan,nan,nan,none,False,0
1776863855.681,2026-04-22 15:17:35.681038,4.679,-0.015,1.257,nan,nan,nan,nan,none,False,0
1776863855.981,2026-04-22 15:17:35.981100,4.679,-0.015,1.257,nan,nan,nan,nan,none,False,0
1776863856.015,2026-04-22 15:17:36.014638,4.679,-0.015,1.257,nan,nan,nan,nan,none,False,0
1776863856.160,2026-04-22 15:17:36.159519,4.679,-0.015,1.257,nan,nan,nan,nan,none,False,0
1776863856.324,2026-04-22 15:17:36.324013,4.679,-0.015,1.257,nan,nan,nan,nan,none,False,0
1776863856.532,2026-04-22 15:17:36.532112,4.679,-0.015,1.257,nan,nan,nan,nan,none,False,0
1776863856.732,2026-04-22 15:17:36.731696,4.679,-0.015,1.257,nan,nan,nan,nan,none,False,0
1776863856.926,2026-04-22 15:17:36.926185,4.679,-0.015,1.257,nan,nan,nan,nan,none,False,0
1776863857.123,2026-04-22 15:17:37.122680,4.679,-0.015,1.257,nan,nan,nan,nan,none,False,0
1776863857.324,2026-04-22 15:17:37.324471,4.679,-0.015,1.257,nan,nan,nan,nan,none,False,0
1776863857.531,2026-04-22 15:17:37.531141,4.679,-0.015,1.257,nan,nan,nan,nan,none,False,0
1776863857.732,2026-04-22 15:17:37.732110,4.679,-0.015,1.257,nan,nan,nan,nan,none,False,0
1776863858.397,2026-04-22 15:17:38.397102,4.679,-0.015,1.257,nan,nan,nan,nan,none,False,0
1776863858.425,2026-04-22 15:17:38.425050,4.679,-0.015,1.257,nan,nan,nan,nan,none,False,0
1776863858.452,2026-04-22 15:17:38.452295,4.679,-0.015,1.257,nan,nan,nan,nan,none,False,0
1776863858.516,2026-04-22 15:17:38.515598,4.679,-0.015,1.257,nan,nan,nan,nan,none,False,0
1776863858.718,2026-04-22 15:17:38.718025,4.679,-0.015,1.257,nan,nan,nan,nan,none,False,0
1776863858.928,2026-04-22 15:17:38.928249,4.679,-0.015,1.257,nan,nan,nan,nan,none,False,0
1776863859.131,2026-04-22 15:17:39.131220,4.679,-0.015,1.257,nan,nan,nan,nan,none,False,0
1776863859.317,2026-04-22 15:17:39.317245,4.679,-0.015,1.257,nan,nan,nan,nan,none,False,0
1776863859.523,2026-04-22 15:17:39.523267,4.679,-0.015,1.257,nan,nan,nan,nan,none,False,0
1776863859.731,2026-04-22 15:17:39.730810,4.679,-0.015,1.257,nan,nan,nan,nan,none,False,0
1776863859.931,2026-04-22 15:17:39.930546,4.679,-0.015,1.257,nan,nan,nan,nan,none,False,0
1776863860.127,2026-04-22 15:17:40.127189,4.679,-0.015,1.257,nan,nan,nan,nan,none,False,0
1776863860.328,2026-04-22 15:17:40.327801,4.679,-0.015,1.257,nan,nan,nan,nan,none,False,0
1776863860.531,2026-04-22 15:17:40.531440,4.679,-0.015,1.257,nan,nan,nan,nan,none,False,0
1776863860.735,2026-04-22 15:17:40.735397,4.679,-0.015,1.257,nan,nan,nan,nan,none,False,0
1776863860.936,2026-04-22 15:17:40.936114,4.679,-0.015,1.257,nan,nan,nan,nan,none,False,0
1776863861.132,2026-04-22 15:17:41.132030,4.679,-0.015,1.257,nan,nan,nan,nan,none,False,0
1776863861.342,2026-04-22 15:17:41.341712,4.679,-0.015,1.257,nan,nan,nan,nan,none,False,0
1776863861.536,2026-04-22 15:17:41.535839,4.679,-0.015,1.257,nan,nan,nan,nan,none,False,0
1776863861.730,2026-04-22 15:17:41.730180,4.679,-0.015,1.257,nan,nan,nan,nan,none,False,0
1776863861.933,2026-04-22 15:17:41.933251,4.679,-0.015,1.257,nan,nan,nan,nan,none,False,0
1776863862.138,2026-04-22 15:17:42.138449,4.679,-0.015,1.257,nan,nan,nan,nan,none,False,0
1776863862.347,2026-04-22 15:17:42.346565,4.679,-0.015,1.257,nan,nan,nan,nan,none,False,0
1776863862.546,2026-04-22 15:17:42.545840,4.679,-0.015,1.257,nan,nan,nan,nan,none,False,0
1776863862.741,2026-04-22 15:17:42.741339,4.679,-0.015,1.257,nan,nan,nan,nan,none,False,0
1776863862.942,2026-04-22 15:17:42.941729,4.679,-0.015,1.257,nan,nan,nan,nan,none,False,0
1776863863.146,2026-04-22 15:17:43.146171,4.679,-0.015,1.257,nan,nan,nan,nan,none,False,0
1776863863.340,2026-04-22 15:17:43.339505,4.679,-0.015,1.257,nan,nan,nan,nan,none,False,0
1776863863.539,2026-04-22 15:17:43.539050,4.679,-0.015,1.257,nan,nan,nan,nan,none,False,0
1776863863.727,2026-04-22 15:17:43.726791,4.679,-0.015,1.257,nan,nan,nan,nan,none,False,0
1776863863.923,2026-04-22 15:17:43.922529,4.679,-0.015,1.257,nan,nan,nan,nan,none,False,0
1776863864.127,2026-04-22 15:17:44.127433,4.679,-0.015,1.257,nan,nan,nan,nan,none,False,0
1776863864.331,2026-04-22 15:17:44.331371,4.679,-0.015,1.257,nan,nan,nan,nan,none,False,0
1776863864.536,2026-04-22 15:17:44.535805,4.679,-0.015,1.257,nan,nan,nan,nan,none,False,0
1776863864.733,2026-04-22 15:17:44.732639,4.679,-0.015,1.257,nan,nan,nan,nan,none,False,0
