t_s,dt_s,ax_mps2,ay_mps2,az_mps2,gx_radps,gy_radps,gz_radps,mx,my,mz,encoder_left_radps,encoder_right_radps,vision_px_m,vision_py_m,vision_pz_m
0.0,0.010457075619631648,-0.0698039375130168,0.4544426700515909,9.871853888492,0.003078073374341893,0.03490038035890308,0.13188688004995358,0.9952166261150864,-0.00042352938157114996,0.0002665150200081768,14.8,15.49,0.04404139585848187,0.02373421915482707,0.01774252810951134
0.008440023840639257,0.008440023840639257,-0.005876510000695438,0.5685415679676683,9.987818326940694,0.005124749600398993,0.03378625441476941,0.1314555032495102,1.0115903392833268,0.005494077665606497,-0.005251831841154959,14.825000000000001,15.535,0.004622298048420745,-0.01688840954042145,-0.023451364448584443
0.019565700634348943,0.011125676793709686,0.06270758056860465,0.5126117441399306,9.683230454152904,0.0028361297285879796,0.037454624904497295,0.1306489568393184,0.9960692645968444,0.0058704812324466655,-0.004474102947236189,14.755,15.575000000000001,-0.02152819040415462,0.025061042779124555,0.0012710183099112406
0.030976547708935764,0.011410847074586821,0.016867456297143393,0.4342977527661543,9.911043096425754,0.006727321224655223,0.03642333716067807,0.12879165913181193,1.0063106757278033,-0.002862361160857727,-0.004517151396665791,14.755,15.585,0.035328300164017765,0.03714072733349558,0.02681041532826706
0.03804999492595501,0.0070734472170192455,-0.029484139347446793,0.4208139643915351,9.79999782641396,0.0009450826801656266,0.02205136360857108,0.126398482652082,1.00178291801494,0.0047130925307804945,-0.0033682993170382133,14.855,15.6,0.023620993179819916,-0.025153157604612512,-0.02547367067558368
0.04609672566566153,0.008046730739706524,-0.03421795245263659,0.35827118160514515,9.858871609285782,-0.002564567435068314,0.036173124184796124,0.12523423779808618,1.007420371073901,0.0014424378917955163,-0.010985091088711218,14.805,15.68,0.03057467698399587,-0.020708898397172906,0.02314566826300959
0.056288486270412455,0.010191760604750928,-0.040867189986286565,0.5133013850932139,9.662556192390932,0.010601428827997451,0.029974416266340335,0.13365087019515004,1.0010716644721627,0.003961910187799477,-0.0005611279873871029,14.77,15.700000000000001,0.05710524607533424,-0.016190662904307845,0.032434627490379064
0.06581412238189709,0.009525636111484628,-0.05760474698332916,0.4616443456384592,9.911819082865305,0.00022313594872185776,0.02829718248153119,0.13154728682072178,0.9833280154099754,0.0014625657966038878,-0.0012231070759941161,14.925,15.75,0.07083845493047758,-0.043767741221337766,-0.004376028557064311
0.07578892064564065,0.009974798263743567,0.19176463991642928,0.3001975989101769,9.85728680274862,0.00031360466172440215,0.033225066026606326,0.12571099815041567,1.010037531493274,0.006049309827307033,-0.004850098197383366,14.835,15.540000000000001,0.05878007112578481,-0.01376743151636399,-0.0067713366527185435
0.08450935475428027,0.00872043410863963,0.029956130047112884,0.44707833783804857,9.791245660021756,0.0022766937544020406,0.035617735757790446,0.12863970940772793,0.9990605021647463,-0.012457661378849056,0.004592061382294248,14.945,15.59,0.062548234385714,0.03942983422870898,0.020770963072995356
0.09582845171657452,0.011319096962294243,0.0731003023856518,0.4177977355877303,9.845957258866266,0.002747026678713629,0.027403440945359327,0.12727431563903407,1.0078145836739187,-0.025472349190198536,0.005847643124032464,14.89,15.695,0.13491574514443125,-0.03087535074788262,-0.003583730267072424
0.10699513961971795,0.011166687903143423,-0.040907758599297336,0.6158735657657503,9.733097285101707,0.0008707991270301421,0.03677644905401,0.12395575327703849,1.006802019142505,-0.006986127825759081,-0.001716144682133251,14.91,15.63,0.11755494631586658,0.04036414569897695,-0.046890814708899525
0.11709418566605977,0.010099046046341825,-0.02022172911339793,0.3535360207629312,9.747970380463276,0.0022928465947464442,0.0370032469310302,0.1291730094696913,0.9921467384518999,-0.007103331431183634,0.00277208631707991,14.89,15.72,0.11426161434331086,-0.012279864441247056,-0.001771654056974045
0.12878504747651182,0.01169086181045205,-0.0665539199616496,0.3743727067606724,9.757235642950352,0.002139929152012357,0.03412731548289612,0.12679256807116474,0.9907065372349766,-0.0006969748185018873,0.026219887621888486,14.75,15.685,0.10212934591497584,0.06429129595455298,0.009653738501585404
0.13948631148988988,0.010701264013378068,-0.22538058121717397,0.5784009075489328,9.646078632582395,0.002940043800093441,0.030458497029278164,0.12463657263274465,1.0063828656615448,-0.004946015894405548,0.026222521991847065,14.85,15.775,0.07620614897946981,-0.019438598896538924,0.015088418499430191
0.14819737279556505,0.008711061305675142,-0.1265562887596053,0.5980767978243724,9.863225019233738,-0.007236561560026742,0.030002353032704814,0.12252333931588696,0.9967748494090731,0.0005872022331630082,-0.005209775410840405,14.915000000000001,15.75,0.14686561435738715,-0.003177723048303114,-0.01729029998710603
0.1587504989716888,0.010553126176123749,-0.16488524000285174,0.42984974829878453,9.889595650357554,0.009659505503965809,0.038011797813281185,0.12217580180020632,1.009143231270188,-0.014011901296354297,-0.0034343484481751067,14.955,15.76,0.12545171990356313,-0.026000241697482777,-0.005027597490367208
0.16731217507044527,0.008561676098756502,-0.20303578582981585,0.4388062325160037,9.738146692768415,0.0015002963580249416,0.027853004238892906,0.12693767405333323,0.9979724554034732,-0.019011739593270974,-0.004576519782628696,14.83,15.68,0.11036463184556898,-0.019185907945241276,0.019946035542087605
0.1786298505224062,0.011317675451960909,-0.12266919137724423,0.5385663506243679,9.822090930169207,0.004350416117754727,0.03814150148271525,0.128072282193466,1.0099542431181447,-0.03658961941872423,0.01699424678009424,14.945,15.705,0.12905723515185777,0.04178798103375179,-0.0007363618136363799
0.18855496165592683,0.00992511113352062,0.07546044535320566,0.3030012687647864,9.772973277252026,-0.0035384229601938344,0.03320957368036042,0.12490151174033762,1.0039212502238306,-0.02092145083467716,0.0027944916320941154,14.885,15.700000000000001,0.1149740153906048,0.016061598451749898,-0.030059552279754608
0.19827766811060893,0.009722706454682109,-0.037513971755036714,0.34017235216731745,9.820459687053658,3.714895890802208e-05,0.033473351748103564,0.13099540094021678,1.002534997384271,-0.03076419510758474,0.009525210843252172,14.975,15.635,0.18313540643670329,0.03287851019994383,0.025321136287170577
0.20725627379400302,0.008978605683394088,0.06612601988849665,0.4665110103454302,9.743973453592899,-0.0008168920722069375,0.027011062539931005,0.12812028787174817,0.9958832332138039,-0.024266032469336993,0.027420018152642348,14.965,15.82,0.1787947394909634,-0.03727169671867294,-0.003662506356644696
0.21909008580201406,0.011833812008011046,-0.008403660611321764,0.612824919013923,9.723480505319683,0.007686991068254318,0.03323817368738999,0.1306762175760303,1.0019034239528963,-0.02734092960617392,0.0077697425175862695,15.02,15.785,0.17283574305870425,0.02209454316931694,0.022515643956736033
0.22885829157891086,0.009768205776896797,0.01788748102891355,0.4538573215646152,9.878298742662478,-0.000588201490836738,0.03626348932136304,0.1276250967799679,1.0114693510361747,-0.024410796342882242,0.015286736869427305,15.045,15.725,0.17360401074477405,-0.026474760453565078,-0.027156148641639323
0.2382157998456662,0.009357508266755339,-0.12007816088209668,0.49667287233232293,9.789001378281691,0.004736572527258607,0.0284476086081308,0.12519632773095216,0.9989603959094111,-0.03129113625698818,0.013763456867182196,15.015,15.83,0.16165582373075627,-0.037232710703850154,-0.0016051924987045532
0.24768759951993385,0.009471799674267655,-0.00941825632264262,0.5791770369877871,9.95585687814034,-0.0009488370731760821,0.03577103373848015,0.12878867925953377,1.0047739995648721,-0.022171697411793444,0.003016011664466421,15.05,15.72,0.12545274826272984,0.010279677640275625,0.011074067999077107
0.2584860632982639,0.010798463778330023,0.003170571987618283,0.6568773835981001,9.797765827369682,-0.00021622327575828446,0.03411264518695218,0.12326656453029433,0.999878009806346,-0.06012595885569877,0.019876012425431293,14.985,15.66,0.15526948323324583,0.010246432517845929,-0.0007864221249599232
0.26903422939481003,0.010548166096546118,-0.10496072444094529,0.44202880033965936,9.719947189442248,0.0005548345841955174,0.031161341549726246,0.13045981434895848,1.0006117521784244,-0.032334967099235536,0.0011644320511408554,15.18,15.835,0.18349145085770574,0.005268930064152989,-0.022625210892411027
0.279653328312204,0.010619098917393982,-0.017790944417603503,0.4866727674034884,9.892159829913709,0.0066148317313097105,0.037133871264350596,0.12453754298422816,1.0165488390500614,-0.023559282314846868,0.02343959725942925,14.945,15.705,0.18715353166424686,0.025486638256084163,-0.04661904619594245
0.29029955981671585,0.010646231504511824,-0.02099177032713427,0.6336206698287934,9.844438531638911,-0.006137671047739045,0.024884061950934587,0.1319424670974335,1.0112789530639064,-0.01823618511588233,0.004546386676958914,14.995000000000001,15.780000000000001,0.2308195652290556,0.03047019945670349,0.03166779763528884
0.30351203121802156,0.013212471401305692,-0.11488023490806581,0.3658689958360429,9.852085545432386,-0.003912511777185661,0.03505131951884095,0.12689429568136446,0.9999870793848014,-0.031295220186259444,0.006112601535801828,15.09,15.81,0.2566610196899852,0.048748872328723755,0.006274204352944283
0.31290240869344466,0.009390377475423078,-0.16402541098135548,0.5696955433550089,9.889155173168618,-0.006489945597082095,0.04012135122602728,0.13248247482323994,1.001286976196578,-0.022958471179337525,0.0003421872065359627,15.09,15.83,0.2356991598833979,-0.030764661074190687,0.0247307715935721
0.32213404459983735,0.009231635906392694,-0.1721647110693668,0.40586595952007043,9.741654477699557,-0.0031007240669106827,0.03938209410319388,0.12372583990630465,0.9920724888597036,-0.03929005173039603,0.002313401962141375,15.08,15.865,0.2889363402398233,0.05029835294137168,0.020050445528274945
0.3309133855074655,0.008779340907628184,-0.07358450487123588,0.4953746305774458,9.783669641113612,-0.0020446414794419686,0.03516070779592933,0.1254895807213477,0.9973113770872055,-0.04206528123374279,0.0076009817620874805,15.095,15.855,0.2299521547265586,0.06199280283996583,0.013494430796387204
0.34183735464132875,0.010923969133863244,-0.05816229901267142,0.46756948081883665,9.78009771146548,-0.005315280015343098,0.03236803437722238,0.12970429888661772,1.0020708662396591,-0.03818623181729722,-0.012056123117387596,14.94,15.860000000000001,0.2578008090044699,-0.00509619585208624,-0.004765843983492839
0.35353081308041007,0.011693458439081338,-0.15180915040759363,0.41011921960463893,9.690513960987538,-0.0018571985032445862,0.031002045103440075,0.13284035320862983,1.0074120090264351,-0.044996141705319584,0.010339828859318577,15.17,15.790000000000001,0.26936306359427303,-0.043757296615958854,0.011570751703025633
0.36335989189392776,0.009829078813517687,-0.08971055453310504,0.40792236640963214,9.772651836799966,-0.007032611697846567,0.03230801427126252,0.13480558519328106,1.0063365605608268,-0.05403473226953633,0.007942634433243168,15.07,15.860000000000001,0.3112479723312368,-0.03485597547190672,0.030525102448186455
0.372099657178484,0.008739765284556208,-0.04924254036738521,0.508510714956746,9.900617843605309,-0.003092946979100674,0.035671635336995425,0.12828707157259217,0.9876956559084161,-0.052472105764994094,0.021232794222755202,15.16,15.76,0.2884099221841965,-0.006886344324294152,0.0036246992607031113
0.38086293535494714,0.00876327817646314,-0.04848461972154348,0.5658631886467459,9.812662167634896,0.0057333420710733605,0.030243471390551797,0.13545455575077792,1.0085004939386766,-0.05955254926942326,0.01787342354076317,14.97,15.950000000000001,0.2960118268739872,0.0677221836554305,0.04009100606298084
0.39183882453668417,0.010975889181737052,0.02238780288583328,0.4756130070690139,9.68594865826088,0.002486735241036286,0.03647135306817183,0.12692173720875422,0.9977689436592444,-0.04453885296983169,0.006956379478992411,15.115,15.780000000000001,0.2508443019267263,0.008234120512482719,-0.027812226782339536
0.4029537057934893,0.011114881256805164,-0.0034719735812862446,0.4913633655488085,9.669123184766395,0.0015622528818460442,0.041942273502537965,0.1324513517411761,0.9887097286000309,-0.05111757600768584,0.00984096059064872,15.075000000000001,15.85,0.28208843651947046,-0.010352292319915116,-0.029837774355910826
0.41376843719594714,0.010814731402457792,-0.18949385666033292,0.5312107284892098,9.926729260877837,-0.003257085142195912,0.033130111886793184,0.12426346822595948,1.0118664906952721,-0.05620482659303341,0.012463021749847328,15.15,15.8,0.35033165887589235,-0.01195753910922772,0.022186003284268823
0.4227701726350141,0.009001735439066958,0.02216912993639969,0.4075848456019391,9.786284903924724,-0.0054388590965211946,0.027972784579912126,0.12969244491591414,1.0130698091337247,-0.059409254152754144,0.029987070883857513,15.14,15.84,0.2621599861918391,-0.03070170554968957,-0.013844798944984483
0.4331184146196142,0.01034824198460008,-0.15858798217326808,0.5442516652066594,9.741674436493149,-0.003906928166164693,0.027939286077092368,0.11862068772523045,1.0009973289416187,-0.05000258311576303,0.0072700655960407,15.15,15.895,0.37272257781290125,0.035659574088513335,0.04352114138133293
0.44329344333332527,0.010175028713711093,-0.03604889327679342,0.5503840450830995,9.771504503943833,0.00042203218983981414,0.03639223355859246,0.12347676097407191,1.0053701350851143,-0.04853712098730368,0.008654663599685208,15.075000000000001,15.870000000000001,0.3553042491958183,0.007105541036492942,0.029526385314808442
0.4536214762284188,0.01032803289509352,-0.11777848059627155,0.692877785616785,9.675194196371367,0.004011957834694536,0.033013436621301684,0.12980454517142637,1.0058760486079708,-0.06895422689798394,0.004930645341164254,15.14,15.975,0.32589187433976363,0.0733252017129706,0.034661005636795535
0.4649286193953411,0.011307143166922285,-0.16010349190429865,0.45422031644818467,9.907176018525918,0.004087858921802548,0.03672215632170329,0.12265974519285575,1.0120688964755116,-0.07195695866464555,0.001794432473832019,15.14,15.93,0.33212173390987665,0.029696018594198625,0.020744217631302735
0.4752640127185031,0.010335393323162023,-0.27532145561780563,0.44740110247696485,9.761837080879499,0.002945238307601662,0.031045143627992662,0.12959079227525086,1.005307333707568,-0.0508426695895576,0.02004859174640006,15.19,15.895,0.4219773552301437,0.036233343050521546,-0.015239820372370044
0.48628238306311095,0.011018370344607842,-0.14823736319015654,0.5452804036019251,9.902622175565536,-0.0025866800992169854,0.036463861020790175,0.13147992857928528,0.9846576444643054,-0.07553275744778032,0.019394945630625292,15.23,15.92,0.41598958600552566,0.004601919032354052,-0.0298462163895375
0.49638375166734433,0.010101368604233338,-0.26274898675210046,0.5490249605449158,9.79731423784594,0.000407465984616256,0.032472290107929076,0.12582174675627947,1.0179463308177796,-0.05758384321729301,0.03054827283413197,15.185,16.01,0.37790440511342466,-0.020369860564991796,0.03338574235723428
0.5068174307653793,0.010433679098034977,-0.06421153374066516,0.44040868711971815,9.90749417279984,-0.00103213774393721,0.030137630956951267,0.12392266180026669,1.0084138851144775,-0.04820853314546909,0.02850076971355221,15.105,16.0,0.39362666879330577,-0.013323115502505107,-0.02636466038554251
0.5177643631041371,0.010946932338757811,-0.024022054194358156,0.45066164091240923,9.813613166848382,-0.0006102842970470976,0.031423166079173455,0.12587116806746948,0.9925646726256191,-0.049568632885569515,0.0424414463073501,15.200000000000001,15.885,0.37870672983856957,-0.02763201517783862,0.03548184334985627
0.5255786293743536,0.0078142662702165,-0.21180687450407842,0.5259863649951038,9.861297020078043,0.00830106610958448,0.0282095105098748,0.12388244524585836,0.9872928900158802,-0.059369458706090485,0.018005101699138173,15.355,15.915000000000001,0.40820732920312475,0.04116390677093682,0.017290505601885702
0.5350991225498176,0.009520493175464047,-0.12716890669163794,0.4162182592636665,9.850517366509584,-0.006946492814894632,0.04091869020881152,0.127313296216401,1.0025496472233366,-0.060862526621388975,0.016471497605217197,15.305,15.995000000000001,0.3913466498297036,0.002809219709812809,0.0025146782370349136
0.5443935635683784,0.009294441018560806,-0.21254952191713072,0.44931317682604877,9.842805110320624,-0.0008870068371696828,0.03253951731009859,0.12809916542411426,0.9946318829810946,-0.046605089182562634,0.0063992481269070384,15.030000000000001,15.99,0.41643416782062126,0.04343303817152387,0.01302125731827554
0.5534352467960134,0.009041683227634987,-0.20789870310759212,0.48905714086550073,9.820729071977244,0.004850269829352961,0.03546728366522038,0.12643970317123343,1.000628370457133,-0.09360941576160722,0.026682853483298772,15.22,15.915000000000001,0.48013281902027044,0.01943142116772671,0.01362515366933888
0.5630225334191734,0.009587286623159975,-0.09894583142172886,0.5612778477222983,9.774215105141582,-0.0059116094910185435,0.030703108521691645,0.1343319796751857,1.0046697151623691,-0.07611861638176436,0.021236657579730766,15.280000000000001,16.03,0.43041393894330576,0.007104619068218408,0.0004211130382453226
0.575264945386025,0.012242411966851593,-0.1681786261753388,0.43286135395013475,9.946011470165482,-0.002688521315371277,0.028592645758406265,0.12471896115263666,0.9914505091172711,-0.06453463149794109,0.026990241115980224,15.22,15.94,0.41137114236608197,-0.018500371066554968,0.03317876994985832
0.5839661987124851,0.008701253326460136,-0.028898248628980217,0.3335681979897447,9.720173714656342,-0.002276200162779315,0.03182849244716092,0.1331348308124756,0.9858665110260889,-0.07748963406282736,0.009388921518376609,15.21,16.075,0.40859575679322774,0.026140841135938973,0.032634250281743195
0.5954186162443723,0.011452417531887221,-0.21055903908110168,0.3272693126383024,9.79300909874748,-0.0011143871718043334,0.03712014471762547,0.12336735480544356,1.0007688811683706,-0.06316261535702254,0.024693973647826804,15.23,16.04,0.4623213526967449,0.011209686361965947,0.008108930813684464
0.6028943115869486,0.007475695342576293,-0.09458315341646739,0.37960413111505,9.7938128608852,-0.0066449697923607,0.030600206109725775,0.12779903158474132,0.9914993240388107,-0.07689597845815,0.02348927102488407,15.285,15.945,0.4415057212657542,0.04528165299349285,-0.0068788793787007115
0.6123919840419699,0.009497672455021339,-0.1699728576240761,0.37499467732896213,9.824762582822244,0.002069326151672983,0.02915942508053955,0.13220887930722755,0.998194352988191,-0.07638147737428458,0.02315676143939862,15.19,15.985000000000001,0.4791333362395247,-0.002668564868610508,0.031401746787393485
0.6226361136396275,0.010244129597657508,-0.11758959622993957,0.4673405295038296,9.758149700683552,0.002298706888930873,0.03321786905304919,0.13196741609995322,0.9831907833434496,-0.08173572071631807,0.015288307733912185,15.34,15.995000000000001,0.4311374744233205,0.03791064041367938,-0.03499125583832921
0.6335154471366664,0.010879333497038917,-0.2207215589063225,0.38423321829442086,9.817622743681067,0.0016090896386407537,0.034542939919081764,0.12572373304156845,0.993984168860608,-0.085583607672583,0.034390236040513694,15.27,16.045,0.5089158666461071,0.06933780235212038,0.014529378116005874
0.6445822870063557,0.011066839869689283,-0.19266916541819026,0.4227447784258262,9.778869046595677,-0.003964829934838515,0.039067389404869424,0.1295865284238383,1.0035333988283406,-0.08722216007223214,0.043382012427993874,15.225,16.03,0.4650387599735719,0.02899819918486269,0.020641312637721863
0.6557723078591555,0.011190020852799888,-0.20173613184942984,0.4166490878649527,9.66575190562187,-0.0001968256319039862,0.033858734688535064,0.1290113690343003,1.0023176515791976,-0.08044687011886749,0.01216111451539259,15.36,15.98,0.5069674321045001,0.045110039876959246,-0.010513251591728608
0.6652492202507828,0.009476912391627344,-0.2625876299375718,0.4430005538299258,9.79301361092714,-0.0041910116215055915,0.034974760854145165,0.1251328352328699,0.988266783269816,-0.0920957105826368,0.030795113883194482,15.205,15.97,0.5028293797397859,0.03933517535555667,0.025704739571451474
0.6745556925617859,0.00930647231100315,-0.14588169334042161,0.583708185406683,9.70414587228585,-0.00197307662736835,0.035231107994316335,0.1297224412268388,0.9843602437699563,-0.0759876836827361,-0.004867993161046382,15.27,16.095,0.5717993108513542,0.07974590357587208,0.005875812560022676
0.6858426563836717,0.01128696382188573,-0.1506373419071662,0.5304532675991959,9.653368564602115,0.007911266428935318,0.027686842185515655,0.13466682246738873,0.9960682474477162,-0.08040548432677212,0.030983938970289157,15.280000000000001,16.09,0.5342117688803159,0.034720550546706086,-0.004295299102648831
0.6955556998963492,0.009713043512677579,-0.15844594356478325,0.4784293155238891,9.803006801158897,-0.00037134540396759394,0.02839748815282578,0.1290671777458999,1.0014054164949782,-0.07716334163057155,0.005929108463586824,15.450000000000001,16.085,0.5950233337119787,0.04524522195395713,0.02607095769929955
0.7036421704113424,0.008086470514993118,-0.085694557461627,0.43995462802804863,9.831035009122553,-0.005547096544276563,0.027874680872336004,0.12941503009582095,0.9997494725351108,-0.10046188041886168,0.019657701473813058,15.285,16.1,0.559803838512848,0.02372489096862133,-0.014749043073485865
0.7119422395903371,0.00830006917899478,-0.09549430168188035,0.4418643443308729,9.834085668559101,-0.00011961518230698158,0.026839571712788873,0.12980626053606642,0.9904750596699261,-0.10720899624593346,0.01206081309680404,15.205,16.05,0.5922349203195072,0.0021702114001048746,0.024512755054786804
0.7205630611613347,0.008620821570997583,-0.244331776265565,0.5024129614374754,9.837266289769394,-0.006293773925729432,0.035305731972984394,0.12124012766948544,0.9984687305160099,-0.09133755349528597,0.023329218214466006,15.305,16.105,0.5499527355123476,-0.010224391635368205,-0.032345385851189346
0.7313088022774153,0.010745741116080646,-0.18809455992766688,0.5225103503382181,9.637213417038707,-0.00573947010642114,0.03322821217176212,0.12888249111078326,1.0103799846401114,-0.06365517201262795,0.034239537664497506,15.375,16.255,0.5749909626978379,0.06481195090945398,0.01323403254883166
0.7415224408815212,0.010213638604105848,-0.27124555305969317,0.4027660374736968,9.68286983788333,-0.005161899871196334,0.03233215938069562,0.12293365038362798,0.9972786986315199,-0.08126127537210956,0.007626035618271385,15.4,16.18,0.6091806221088238,-0.002691362557601301,0.00860730126181248
0.7525581689126228,0.011035728031101652,-0.22317699558391615,0.47785409013026975,9.949557086056735,-0.002832918520168801,0.02158434600210436,0.1245963259549792,0.9787542723780878,-0.10085041571362457,0.022979288744753405,15.5,16.1,0.6084121859358129,0.05076374257180877,-0.002832703854561346
0.761917289943118,0.009359121030495198,-0.27614806071415765,0.312028101722457,9.707833647881964,0.002642817248683301,0.04012645751641329,0.13556512119694275,0.9969961890944005,-0.09223284507263985,0.021757839860650875,15.455,16.09,0.6045245118739344,0.04157977487141654,0.015951857235498055
0.772155099479733,0.010237809536615072,-0.10197307203622677,0.4910761009831276,9.840405753211146,0.0011545668178760903,0.028271327103204395,0.1258616110941144,1.0152691359010095,-0.09048358719113922,0.04304871014350646,15.385,15.96,0.5867789229304429,0.05742179439359779,0.006787604920259121
0.7830934850706841,0.010938385590951005,-0.2061206530565311,0.5346575968608039,9.736505805064096,0.0008753456966266618,0.039994924550696725,0.12386774356186946,0.9818099365010692,-0.11281186703092944,0.03192561116711362,15.33,16.205000000000002,0.6004278656612565,0.01530203160809377,0.02971090151773175
0.7926294652611038,0.009535980190419643,-0.2558249775857472,0.45087987821667674,9.797766216407886,-0.005662512285119252,0.02593708081091905,0.131397950767458,0.9948524626648311,-0.08662423741090541,0.01615765031055421,15.49,16.19,0.646798164126059,0.007776298317482295,0.02002998736350587
0.8033146281174399,0.010685162856336118,-0.14643495346901156,0.6181533939179142,9.740654611508674,-0.003488246887678162,0.028423618099880185,0.12295059713403687,0.9921459761507615,-0.10333033263105876,0.023576866066143027,15.375,16.12,0.661426662836436,0.04370677764307253,0.018119282687176594
0.8123217392058399,0.009007111088400023,-0.4185543386758136,0.4019447461958401,9.836172313197885,-0.0002822971842585517,0.02280995569193283,0.12491211722481893,0.9952437464350291,-0.10368822648737445,0.044153795841615974,15.365,16.075,0.6103302453499928,0.024316434029011492,0.015105842847503608
0.8217771584359923,0.009455419230152393,-0.4091574563267047,0.4894278398329007,9.802121117419507,-0.003933205777924283,0.033014789948112876,0.1316560430810551,0.996095419119384,-0.10372439090609685,0.036053920387085464,15.385,16.095,0.6132240628922435,-0.00306757883665372,4.108599014297429e-05
0.8312045515949948,0.009427393159002507,-0.1874720017638439,0.46875202492870227,9.755245749026498,-0.002582827164029672,0.027105775602511987,0.1267886071609655,1.0054195511187356,-0.09369362179084646,0.020043981410283872,15.345,16.2,0.6158136722406939,0.09280241014053844,0.0036659451032450326
0.8394107921266113,0.00820624053161644,-0.24900450615137867,0.4632295535300315,9.707033496072778,0.00025307821304763694,0.027169987807671363,0.1203339242562577,0.9947506671201757,-0.1137147600902425,0.02683029065171203,15.395,16.17,0.674272523682689,0.011593187173742352,0.014857598171465772
0.8501412508477897,0.010730458721178372,-0.23733469469094876,0.46162554729832517,9.81238786034144,-0.0029636178423200835,0.025907416147242946,0.1287070549179731,1.0065208092437314,-0.12457088504039636,0.027508464693249076,15.42,16.225,0.6299259222765283,0.006438889234252069,0.0066793512273382
0.8594371473374856,0.009295896489695914,-0.3665333461484134,0.4789173198891198,9.693877311720733,-0.0007129049293157226,0.03445039231580266,0.12490211400357852,0.9924362123151768,-0.10543039099774541,0.024789795448767676,15.485000000000001,16.195,0.6896421568829002,0.029783095794734107,0.032597369384698094
0.8694558885155771,0.01001874117809153,-0.26556316567676447,0.5377253815638102,9.825015999819664,0.004701424457108848,0.03412525493498509,0.13260037562628937,0.9899638730606503,-0.13034478227323398,0.013401067384469532,15.425,16.255,0.689358958102196,0.07550465378243423,0.012479084462022552
0.880177008503936,0.010721119988358863,-0.10693002874559238,0.5796093567485684,10.000852839247548,-0.002412884579095663,0.03846090774501387,0.12396533219416,0.9866137615855319,-0.11425430165414686,0.024083241292709036,15.38,16.23,0.6650644079540167,-0.0261385409905052,0.01839127762448864
0.8908468052679809,0.010669796764044916,-0.2047574411290275,0.46870873109523864,9.898663817361598,0.0029362681215012523,0.028402873494165058,0.13054373231987074,0.9749740145144005,-0.10070246486257314,0.04510529872754,15.365,16.265,0.7367241545137749,0.07491177384200665,-0.01691800788317139
0.90184488293144,0.01099807766345918,-0.26069937803657023,0.5335907735429188,9.84803084430847,0.00039911270702663827,0.03195105533588821,0.1333881673001972,0.9957351505053037,-0.10814829562480295,0.02776583789233504,15.48,16.095,0.6545927870510833,0.013464494805889175,0.030275420792598033
0.9116971547046759,0.009852271773235865,-0.312603118753052,0.4117501150472021,9.783635643482512,-0.007758598578557739,0.025855120520248104,0.12283317753716307,1.0133656147824344,-0.10474050329647082,0.030870143708264585,15.48,16.155,0.7559995327126234,0.04964434426318053,3.6472316602179436e-05
0.9210622072366097,0.00936505253193377,-0.31208352463115696,0.5287127204637173,9.635308546163001,-0.006346857405314986,0.029611500898405384,0.1254175751285719,0.9972623190983685,-0.1101242125609209,0.033616657865369375,15.450000000000001,16.215,0.723151724613812,0.02229275757864957,-0.008953927128725359
0.9309426299202501,0.009880422683640401,-0.4540536443417385,0.4059918601472743,9.684545613258498,-0.0053240009400806025,0.02881151196901196,0.12769535549452757,0.9993922715571522,-0.09345144499303305,0.05471790265235427,15.46,16.305,0.6591606303562919,0.10325243298295422,0.045077887763259286
0.9384116282693131,0.007468998349062955,-0.26552154352720003,0.55383395647237,9.892890893905236,-0.005447707835856708,0.03269530528067876,0.12267365358451607,0.9882761659579675,-0.1243643339859958,0.03287055397534027,15.52,16.36,0.7750030739735031,0.04793620001696088,0.02630089812881304
0.9462409595606784,0.00782933129136537,-0.22102175381252115,0.6430415011130565,9.727022599041538,-0.0024301127560929755,0.03485340145624417,0.12714423752648873,0.989838175063048,-0.1154720899098209,0.04397801283025208,15.585,16.240000000000002,0.7625802702926717,0.02369771105531579,0.032095722720149045
0.9542569101421469,0.008015950581468397,-0.4172937078483986,0.45602003012881026,9.73419660944245,0.00034810458329396013,0.03469572301140827,0.12512210626590697,1.0019989763977497,-0.12482880013772626,0.027319203539932647,15.46,16.22,0.7268831879773706,0.03667488030486363,0.021855712777782327
0.9627610399007447,0.008504129758597778,-0.3468940405845311,0.2899516180045405,9.776813961786479,0.0028661563741247537,0.027302585728453,0.12499734577470104,1.012101595203069,-0.1119338322527836,0.030984965739270398,15.52,16.145,0.7174897964366987,0.04921804047181733,0.011129626682581955
0.9733607012408299,0.010599661340085154,-0.38998202664674075,0.42096609969630505,9.705013466835606,-0.000976571755399094,0.034595245131244824,0.1261177991103466,1.0067206691309736,-0.12343091723722678,0.03405023773515312,15.58,16.32,0.7077151918902603,0.05289445394005332,0.007686361666249185
0.9820024826577898,0.008641781416959909,-0.3773827980560872,0.5629148813600369,9.6917627462791,-0.004036617842320577,0.03036541957089711,0.12616136707905126,0.9997509099702633,-0.10669687113434685,0.026464695254932422,15.48,16.245,0.8340645844463137,0.06157871024596756,0.029095676692566422
0.9914352388267307,0.009432756168940916,-0.29889382621276134,0.5081186991468604,9.785786217309878,-0.01063152398939958,0.029177694758844536,0.12648141816693906,0.9918928511920664,-0.13036097446990877,0.032475315995983564,15.535,16.46,0.7413393634308527,0.04931247265793215,0.03642280403993703
1.0033840812734098,0.011948842446679098,-0.47373844440921553,0.48315552757535596,9.718399571926533,-0.002081769405531165,0.02755804276341709,0.12336608679528266,0.9934375207195344,-0.1124595437472733,0.04378032186917051,15.540000000000001,16.245,0.7405603033052292,0.009243594323117846,0.012740627638529425
1.0128496853168176,0.009465604043407861,-0.2608589974700293,0.5434316075119145,9.730358885463696,-0.002309761900063911,0.028085151848130572,0.12348907790799707,0.9836444482002644,-0.12176951215344164,0.027202272931294763,15.47,16.425,0.7939754221557059,0.04131331429238573,0.05582048445833051
1.0239559586695182,0.01110627335270063,-0.2532211675812961,0.5008969215499537,9.727048748496397,-0.0017382190660202113,0.03721456256206995,0.12517423393452662,0.976507396315984,-0.1293975921242099,0.03556515341511523,15.57,16.35,0.745568309470666,0.07086355085145245,0.010737892657877165
1.0325555321495032,0.008599573479985185,-0.33634432294711075,0.5590917406244968,9.831257776231316,0.0059108712693286105,0.03141277723091599,0.12542173758918562,0.9795723159051823,-0.12471032663999312,0.042928451742128,15.565,16.25,0.772048706252566,0.03345952225919831,-0.012950292726152828
1.0422473758127018,0.009691843663198555,-0.5177794134481524,0.5346969184452259,9.77081380778642,0.002398586559752772,0.03081091935870419,0.1237910007621228,0.99116926783038,-0.12871807329706086,0.027907826657896068,15.605,16.330000000000002,0.838998684448018,0.07475463660302423,-0.01922124540278225
1.0508223427303358,0.008574966917634128,-0.4017438885049757,0.5824055674059849,9.77502238904306,0.0005325101233110341,0.02900045768608954,0.12679363967087087,0.9876005897867922,-0.1288287264941523,0.04738153813073617,15.505,16.37,0.8298498205527653,0.05642850910940138,-0.01829718108961364
1.060313793116485,0.009491450386149156,-0.22638917274926046,0.4888448002576908,9.836979548373584,-0.006504616425836229,0.03976301049553533,0.11818465475899467,0.9756579149307197,-0.13562692025371348,0.03745989492984879,15.585,16.315,0.8118321515740228,0.04995660449163925,0.00746024766754589
1.071574255322671,0.011260462206186093,-0.5508008043792518,0.5319290851084111,9.777760113202387,-0.004765848039952484,0.03511497870969213,0.12245699005175718,0.9897777880812271,-0.14196118889431733,0.035439216925839206,15.675,16.39,0.8328726056138273,0.09352660678824176,0.01142951737975097
1.0789832746878825,0.007409019365211477,-0.35868726656270294,0.4345183437637638,9.766796431429128,-0.003131076715102427,0.026954855629793762,0.12421610241551823,0.9868332095795719,-0.1392081444936331,0.017244905241916488,15.72,16.39,0.8249064247822334,0.0063624282457559606,0.029942700665183217
1.0896349101532012,0.010651635465318787,-0.42861971064614124,0.4103632567557061,9.826596592572926,-0.005907648035406407,0.028663714889227518,0.12184893396463037,0.9780956226350702,-0.15399946471015888,0.03392872994220015,15.68,16.385,0.8447434662944472,0.039414419550087856,0.016039054443485832
1.0999915135566996,0.010356603403498418,-0.2730878685354158,0.5944245457733923,9.842322336231595,-0.0008569141898133719,0.0288218598197346,0.1317289645074015,0.9859326279560789,-0.130021958819523,0.041709041114850055,15.540000000000001,16.355,0.8319407806399375,0.097793284691092,0.033793124736219114
1.1091002886231545,0.009108775066454808,-0.39430020266758353,0.47465001466978696,9.77701746475691,-0.001477478102634809,0.030191988547421167,0.12523331522776238,0.9862567107981398,-0.15191237701838242,0.05573459372846448,15.645,16.295,0.8445943335086314,0.11673869739261143,0.018102366456158557
1.1169312018415718,0.007830913218417317,-0.3104092934327939,0.5212855597744795,9.795160144850623,-0.007298139124743884,0.02674267282456394,0.1258178872082409,0.9831542859558685,-0.14269894912365047,0.04420713841479236,15.595,16.365000000000002,0.8498778005469436,0.1312974666848915,0.017716260843342647
1.1270393961031426,0.010108194261570804,-0.3006244194548595,0.46619792241016145,9.726075159001624,0.0017910510930616227,0.031223618873676532,0.12311666123192512,0.9983980759728509,-0.13528272153605253,0.05010866086017375,15.65,16.385,0.854422988939043,0.06537539974632549,0.006209747913462602
1.1362451570395469,0.009205760936404296,-0.20181209522231547,0.4088298894164505,9.719678482409003,-0.0026336446494265196,0.03520399882148484,0.12493025205567823,0.9699286414328425,-0.13449841248691663,0.027044589573279938,15.59,16.27,0.9148041960818614,0.07865502342175268,0.046500221826310015
1.146594171356579,0.010349014317032057,-0.3681404463379021,0.4560091535899583,9.849968615553033,-0.010011569462883603,0.02405874836803718,0.12006861963160909,0.9689028632995981,-0.16190751582434995,0.03819164906334977,15.545,16.4,0.9147856184038351,0.0906361579668106,-0.012254174692071455
1.1566269495748642,0.010032778218285165,-0.3249109150775326,0.5694033070876787,9.823938344963938,-0.003351384781697647,0.02472014460198595,0.12418803156851482,0.9886013967531506,-0.1463084873735098,0.05198084890426573,15.63,16.39,0.8716579494654679,0.10553465343231408,0.024721441145153043
1.1690296179118456,0.012402668336981374,-0.4776071424387087,0.4981860311543363,9.824650230625107,-0.0020838090190871622,0.027199698070060334,0.12104150532501891,0.9892900016171184,-0.1423107250614061,0.03128248916596235,15.705,16.325,0.8736238683745732,0.0781362328292138,0.015461530440770779
1.178670584470636,0.009640966558790464,-0.2665214882265164,0.31625529980986156,9.810603581313003,0.0006339249523252717,0.027306472488564142,0.12361895230715761,0.9921828962407984,-0.1475672367977914,0.05011157531753019,15.685,16.39,0.9123778403650996,0.09767326519482865,0.03504246958810597
1.1871353382317031,0.008464753761067203,-0.42518093137483975,0.43542856162888366,9.791751160764925,-0.004649772738702478,0.036977916942663766,0.11443493196746703,0.9825848278108548,-0.1356813599474437,0.048054879307519824,15.700000000000001,16.4,0.9884644276804077,0.08469499018125483,0.019267344072152304
1.1974042516841377,0.010268913452434475,-0.41232960442696526,0.5945899309182712,9.8436699870954,-3.975370016339082e-05,0.032905837712713756,0.12009660020358627,0.9785923068882413,-0.15859460845395698,0.04378640899493575,15.695,16.54,0.9011163589651452,0.0878082499414464,0.02019507193538469
1.2077342467100953,0.010329995025957647,-0.37238816893883714,0.43425192303751925,9.862666851951099,-0.002654812108683933,0.03259006717779917,0.1303973858957079,0.9874925961594999,-0.17212793071845853,0.03807061863640787,15.715,16.445,0.9353029072225449,0.045848587968581156,0.015032478175807346
1.219773028072956,0.012038781362860655,-0.49928647487217803,0.3065523426991449,9.860640605587584,-0.008723959880772125,0.027653999585587348,0.12778457239165034,0.9829081773432032,-0.14500266700714592,0.03186471460324772,15.73,16.5,0.9523511804941933,0.0650044537314811,0.048634011169020774
1.231025694941828,0.011252666868871868,-0.3593525809616101,0.6013130284242838,9.779571390583323,-0.009180739395850143,0.027470722331331722,0.12966491890857634,1.0026067524694133,-0.15984816937409768,0.059826206900560175,15.69,16.44,0.9553589428798287,0.060595329053449734,0.02119756096038902
1.2415610015305523,0.010535306588724265,-0.30342919437093024,0.5037793628653279,9.898490792786765,0.0009175119530547178,0.022719016959713716,0.12986953778685859,0.9836387082818892,-0.1733456606511629,0.04871282759820445,15.72,16.34,0.9532333534139368,0.04193143610157798,0.06090165634203644
1.2537559558673816,0.012194954336829343,-0.3610522744541541,0.4427916848204992,9.805689354104329,0.0011503535379042843,0.03154764689993066,0.12692876193918037,0.986098186998057,-0.158829201854857,0.04617164903835086,15.83,16.505,1.0113133458925536,0.029593304172314767,0.027373209650590317
1.2619728112858974,0.008216855418515724,-0.5140581388248392,0.4181393617630334,9.837922192613593,-0.002382890594282582,0.03031354366779008,0.12236976372577447,1.0112139273561984,-0.1459375366655158,0.038886430778191754,15.735000000000001,16.43,0.9968190782176765,0.06747936978486224,0.02264796243178839
1.2710131839867729,0.009040372700875378,-0.39955031804590474,0.5338430795777216,9.809810390686907,0.0022633120312923038,0.03341428966442478,0.11997065779480483,0.9843236621748483,-0.17197410601481558,0.04366740240428167,15.74,16.455000000000002,1.015739183674225,0.07343179709984826,0.019621352675326366
1.2796233200746645,0.008610136087891712,-0.33284757389989167,0.40332314483689863,9.806919117161586,0.0004641337667826914,0.027351251553414255,0.12864759898521338,0.9916522319174068,-0.13702711945559193,0.045195919734631634,15.75,16.415,1.0148857371213538,0.08561189128771295,0.034114874693769386
1.2890386053699308,0.009415285295266348,-0.545245818568458,0.5379114984403647,9.728205426640494,-0.0010745216494076806,0.02754413362989648,0.12425389845208001,0.992355054926128,-0.16990838757773033,0.04783113221312558,15.735000000000001,16.490000000000002,1.0315031982176563,0.1003586054901536,0.011394645375149698
1.2969735761485963,0.007934970778665538,-0.4833391674841318,0.488891610446087,9.843095051072952,-0.007493612996821537,0.0287207745365325,0.13391657021561681,0.9930375340334093,-0.16162169682202818,0.05141420009218323,15.73,16.555,1.0585223139350295,0.09036961644966691,0.026359269052939793
1.307926302568818,0.010952726420221607,-0.3304707668813271,0.4643470583124831,10.014501706630895,0.0030231371525217352,0.03151002184828591,0.12240342823492945,0.9883844167654369,-0.17601035679972754,0.0365742509663709,15.775,16.555,1.0596269074454814,0.07846579555786146,0.023999365371553637
1.3175929685231698,0.00966666595435184,-0.38183426390755526,0.4557526742459146,9.756798185635933,-0.0018051485764766775,0.021974377569364167,0.13168727061045152,0.987220040003409,-0.16457338868729632,0.030021733097797283,15.74,16.6,1.097124553039033,0.060006238084389096,0.030690127240071204
1.3253867590814157,0.007793790558246014,-0.37277411847784664,0.4295778085371687,9.792383467639077,-0.005532175983283253,0.030728739106721616,0.1231132221803137,0.9861163844023643,-0.16727002219017717,0.045762688550605876,15.765,16.615000000000002,1.0700976338359844,0.11481593415029204,0.03146835318975103
1.3338633904596044,0.008476631378188687,-0.2594567460773875,0.5266399088896907,9.750922537764199,-0.006703681017010863,0.027625161528720358,0.12902405620840954,0.9791687705087175,-0.1818525101834258,0.027699596109847426,15.735000000000001,16.395,1.0202350901938617,0.08659189643982632,0.03281681114119228
1.3443336612307797,0.010470270771175294,-0.3737921044368132,0.3730319822001533,9.747472173261654,-0.0030549961857369336,0.02337642937191494,0.13039135219590597,0.9879548203287826,-0.13996446860994705,0.042245380419092184,15.795,16.45,1.0740662235192238,0.07805563752781423,0.027059684941000296
1.3555908510826213,0.011257189851841572,-0.3619243135694735,0.3117154061875322,9.909956281893153,-0.010821676825607019,0.019168432406931005,0.11943122252703135,1.0047380866790117,-0.17453519865489006,0.040722497731899183,15.83,16.425,1.078916304301049,0.08701847912896489,0.05695727206124583
1.368585947420159,0.01299509633753768,-0.20146674856302507,0.4897050985420473,9.732431263302988,-0.0014024716978328134,0.026839814088175623,0.12148805584519937,0.9962699618772982,-0.17609384677179343,0.051114133300024046,15.795,16.580000000000002,1.1255539273340613,0.0724281551545306,0.03451522444813507
1.3829567411191699,0.014370793699010995,-0.4395831032414814,0.49002265282628127,9.748196714642589,-0.008085774471938059,0.03304149772485834,0.11919015767642382,0.9868805722691911,-0.16319028104911962,0.06644349715461592,15.695,16.51,1.0503702817703842,0.08050033625516925,0.0787256353567708
1.393578355269084,0.010621614149913994,-0.48936622852088074,0.4771779757834675,9.659015644790504,-0.0028409377494749907,0.03384880753279774,0.11832331903312232,0.9921600492965867,-0.1560165057054564,0.027481437907065226,15.860000000000001,16.525,1.1045807579524327,0.08104410899131993,0.028006427671848584
1.402094048089036,0.008515692819952203,-0.3937551653551149,0.47075981401728706,9.725319288980439,-0.006451377407936849,0.0284904394959104,0.12584761170396597,0.9747167449186704,-0.16391883090255446,0.06991680840692065,15.835,16.55,1.0741916568642695,0.09050565534645534,0.04651298178132524
1.4088959786679391,0.006801930578903036,-0.39480633335326565,0.41200288864327234,9.649186750976462,-0.00545569285505433,0.03485180635157037,0.12234160739778202,0.9806483122295253,-0.1880125238973423,0.04504148958095073,15.775,16.59,1.115417615262972,0.11976802862530034,0.01307474166073818
1.419297545861455,0.010401567193515754,-0.4750314646650604,0.4998828666616846,9.836296666865907,-0.0074762355634926825,0.026731863804468563,0.12325879487434797,0.9924935761058854,-0.17511090562339218,0.05115115301520258,15.89,16.485,1.1018850138065048,0.1138026272052721,0.05601336260785293
1.4280781342184894,0.008780588357034512,-0.5179840765351806,0.43259245776948746,10.009638029796664,-0.005136145042999767,0.030631827813755085,0.1252073643218587,0.9976843929258078,-0.19711746486211193,0.0337778736392639,15.765,16.505,1.1297074994113092,0.1492604194100981,0.014253055007757717
1.43745509832822,0.009376964109730473,-0.2532644801104261,0.39657288705354743,9.756231623269462,0.0030208352521441956,0.024922392445661596,0.11548094650879583,0.974886804337468,-0.17041114718300776,0.05816440335379648,15.915000000000001,16.585,1.080485816928818,0.14057446471432955,0.03782281684807334
1.4465369531296302,0.009081854801410287,-0.41447261548698433,0.4099134371353159,9.652131837267149,0.0009595994662321842,0.024580007770175764,0.12798747721532833,0.9775480329030218,-0.1968683006416717,0.048870603352819134,15.860000000000001,16.665,1.1538313543771586,0.16424511106650636,0.023773754737828178
1.4563257668000056,0.009788813670375422,-0.5019620784820903,0.5957816026917169,9.857371546210274,-0.003210021888766429,0.023831977136829167,0.12136801065226677,1.0039684127942616,-0.1897204242372102,0.048120738855478254,15.73,16.595,1.144019848746325,0.12377048226455974,0.03848967169094782
1.467924737146187,0.011598970346181466,-0.37336229179559277,0.294456379727446,9.727097804036527,-0.004785060182503516,0.018184990294661654,0.12480329449462157,0.9828439477689254,-0.18310787341525342,0.029691560163387948,15.885,16.56,1.151652373993873,0.1250129208094045,0.02521574731261621
1.478160309997355,0.010235572851168016,-0.4582320995723429,0.4724592545045315,9.889093678980759,-0.001356357466546873,0.03147345343066964,0.1250759531117879,0.999872270459771,-0.1798490013892831,0.050093474728598694,15.860000000000001,16.485,1.2137563788479506,0.09562947989994479,0.0145370362274004
1.487922357741797,0.009762047744441968,-0.472452802606152,0.29740052717115456,9.762482473087283,-0.0002601977546735799,0.023660692261133726,0.12799893047786118,0.9834744685725465,-0.18807402055724848,0.05808948598543422,15.855,16.675,1.151561711483827,0.136503532771771,0.025284032852295454
1.4963688771125583,0.008446519370761282,-0.40958795313029084,0.42242088507687353,9.734411931287516,-0.008139882905797386,0.022936356586636272,0.12202899347789212,0.9836652901052738,-0.17128156613034723,0.04750618480438672,15.85,16.580000000000002,1.180042554964622,0.09331981753294781,0.06188995445274881
1.5038568526955018,0.007487975582943465,-0.5599956035120539,0.3958104918218409,9.770642832831815,-0.0051662412999764545,0.02134641124137208,0.11389386846866222,0.9779683527044711,-0.18013274924470646,0.06182114593830291,15.895,16.56,1.178757193469075,0.07003039342998402,0.04070886186024444
1.5131273908318918,0.009270538136390004,-0.4309964480936967,0.26297812996085485,9.845405221182046,-0.012188667202566655,0.025154543074966274,0.12254223177423697,0.9902246612779234,-0.18202234448987356,0.06166753016725493,15.88,16.535,1.1890882067153423,0.1613549136732713,0.005966029100254809
1.5230467170056643,0.00991932617377252,-0.30890167757777026,0.4601282506014698,9.766486216127136,-0.0004557946674080991,0.03292448450407756,0.12303613257758432,0.9941357989036754,-0.2019443334850294,0.04420423300003682,15.805,16.555,1.2577182229474448,0.0796205166475172,0.054059353240417427
1.535698611876034,0.012651894870369825,-0.4281134926340958,0.3976068567454069,9.744810088125396,0.0032515939759249863,0.03411544490483479,0.1179930009448971,0.9698986365818069,-0.17416112367891798,0.06691766509923253,16.0,16.595,1.2030785963328707,0.13223045867849428,0.014846564069278683
1.5458940236582435,0.010195411782209328,-0.49828896430148417,0.25926589199769734,9.768535210198348,-0.004736665321787291,0.018991312496658076,0.12263621719561385,0.976473341480079,-0.20039657490822604,0.05170139493729684,15.915000000000001,16.645,1.1922866254585724,0.09425232761685773,0.04796974348724165
1.5573681329247782,0.011474109266534586,-0.511881359706429,0.49345330091440176,9.682573554311189,-0.013611501540042321,0.024097502357732333,0.12050725020811319,0.9888647561712235,-0.17635217556551885,0.05206188034409853,15.895,16.595,1.274595508577474,0.15627356564335737,0.044648150166402
1.5666191895269694,0.009251056602191271,-0.5066466721114428,0.5403465527931846,9.815987858830823,-0.002719730344183608,0.021281012800929304,0.11650330278000146,0.9781883737910411,-0.17460246684010425,0.05280799906920402,15.88,16.685,1.216626946339094,0.1618311966977033,0.0463019707374686
1.574841773877344,0.008222584350374464,-0.496357037409743,0.5440933594330157,9.641201259811602,-0.008810540689417515,0.029285293137726896,0.12449143289876062,0.97434455578867,-0.19067194842284907,0.05273613627657849,16.0,16.665,1.184270863774968,0.14113082397053922,0.07138862774310187
1.5833940987339954,0.008552324856651443,-0.5085667906920722,0.45290739891173415,9.748520238771562,-0.007887967252084509,0.026387937817272417,0.1194786351751364,0.9891592270559945,-0.18649075537116655,0.025974693574568827,15.88,16.815,1.2170338689827933,0.1640194018880521,0.018116864890209833
1.5923062596371917,0.00891216090319637,-0.4074284557342785,0.42715028526400395,9.844707537325334,-0.002770273490065611,0.022600643664859976,0.12003261154976176,0.9898737126909468,-0.22869419419166548,0.05066299081553411,15.975,16.585,1.2089830553964278,0.12828748992744152,0.04728767163055719
1.6054989642358446,0.013192704598652747,-0.622914549500726,0.5286378749255263,9.808062508487886,-0.004320427404250893,0.02529637018050454,0.11969550531006326,0.9740083991596372,-0.2013738080948592,0.03923530847074614,15.94,16.705000000000002,1.2029259359901834,0.1972405713930356,0.06083331891028447
1.614266884217008,0.00876791998116342,-0.41763015612761023,0.5562536541153766,9.830952497180384,-0.007332242547675238,0.02300228609366895,0.12641262343064452,0.9804050537110675,-0.18943703049306346,0.06937417376151507,15.950000000000001,16.715,1.2530431533471067,0.15403573894220102,0.023155214570087054
1.6255246180226126,0.011257733805604518,-0.5199479367352211,0.5114157968228794,9.778405313924267,-0.00803097670103737,0.03124746849278265,0.12121001935282698,0.96590834641682,-0.19254110342139666,0.06927350314707129,15.92,16.65,1.2708276713683129,0.10649035235736554,0.02159853799661722
1.634170227255482,0.00864560923286946,-0.46169888740319787,0.3446871041464567,9.87709812209133,-0.004969638549390087,0.026884562923120227,0.1216151367810293,0.9688158085747427,-0.21500196582331915,0.06216294087941925,15.96,16.72,1.3152630720613359,0.13702823514107315,0.031149132280477356
1.6455675867747934,0.011397359519311366,-0.5850095906067906,0.4351630861532143,9.857375005605022,-0.0071640327306051795,0.027251781672493137,0.11943680193128621,0.9787175619414955,-0.207083364654529,0.05156200958749726,16.005,16.77,1.3078442796432386,0.1322676138426055,0.04389059846663901
1.6561450132239521,0.010577426449158794,-0.3913280393500758,0.45332556851830047,9.818979590523389,-0.010012378375317564,0.013788927308808256,0.12295802208437577,0.9775150319218124,-0.23075338526874586,0.04414658128604032,16.025,16.735,1.3149378756699444,0.13110722390070756,0.009655907815378586
1.665910056377465,0.009765043153512865,-0.40051249705339514,0.27256764355160124,9.857389739477192,-0.006951064366435415,0.024081911636262943,0.12641765656131496,0.9672771504981006,-0.20240673838192774,0.04790836555969581,15.97,16.82,1.2784384996848643,0.09055634479038865,0.04932914497080708
1.6758489125882619,0.00993885621079685,-0.4259756050305225,0.4540394223833339,9.843115938537018,-0.004308538977926545,0.03257194377036723,0.12352363459362863,0.9695253788277123,-0.22653617486736585,0.07417153896661316,16.02,16.615000000000002,1.3397349707591613,0.15356656895147927,0.010579105243490382
1.6848667310451177,0.009017818456855915,-0.6262545185091426,0.5975580640389584,9.747830623644083,-0.006421066502963743,0.029443374440866994,0.12359920090124578,0.9657970052415946,-0.1974552730674094,0.048058958864082756,16.085,16.7,1.3621401530881596,0.1019298897380601,0.06501977967682783
1.695535839347341,0.010669108302223122,-0.4414912514284171,0.4659956909856031,9.675364217266669,-0.011411975057520028,0.016631350639973917,0.12318094228515451,0.980715581463695,-0.1981823232919162,0.031702800336505244,15.94,16.845,1.34077919562957,0.06957613861102395,0.04991186988100082
1.7048533641268298,0.00931752477948883,-0.47782122000167465,0.5318680217474849,9.816407714903804,-0.001844641686623934,0.022661482748043697,0.11515102177771439,0.9562407817870655,-0.21584338066609857,0.06580199106395732,16.045,16.82,1.3490757649172338,0.1366301725447773,0.07832347632351652
1.7130149554811789,0.008161591354349127,-0.6407158785932323,0.42791910149194384,9.826380628031348,-0.016793705878330893,0.0190171688664698,0.11709354873223364,0.9655834765049811,-0.20684101339059222,0.07071617516445487,15.995000000000001,16.8,1.3049931326379351,0.1256928262652908,0.05380941764691444
1.7210980491196994,0.008083093638520571,-0.5162952703325943,0.4067232847466052,9.86984686365667,-0.007661051941359231,0.030576231130523143,0.1197044686741577,0.9568532168914232,-0.21516886991724338,0.07251133907520768,15.995000000000001,16.85,1.3810385309977018,0.12393564101728197,0.03470951292443872
1.7313569309962826,0.01025888187658318,-0.4877894348840448,0.44218326820415493,9.707596382498924,-0.008403416580724877,0.024592398102993615,0.11752705710316969,0.979396790024457,-0.21177592786648314,0.0665656315540628,16.080000000000002,16.665,1.4110450935154912,0.05849190409635653,0.025304433491553036
1.7437255678808983,0.012368636884615652,-0.4755862212568892,0.3453250717272584,9.709858704069488,-0.0053864833507890585,0.020402916745553973,0.11605849794024918,0.9568447673982051,-0.22710926118158556,0.06851280162133755,16.04,16.835,1.377214512078058,0.12824902620608802,0.04662987459804593
1.7539655553012585,0.010239987420360157,-0.5084615333473514,0.33258133739103807,9.81905861989089,-0.0037792820292059564,0.02349326785549114,0.11273311995021891,0.9749111099999633,-0.21060390112567454,0.05728678248045122,16.005,16.86,1.357897327707635,0.1503885265487499,0.041724707892707144
1.7637875978120936,0.009822042510835176,-0.5017982128577742,0.5101125486870001,9.776471114396182,-0.0015635919101748916,0.012813976283513773,0.11474424310192097,0.9907209731961704,-0.23438299702391907,0.03624258246555206,16.165,16.76,1.3787365643217586,0.13833210578427552,0.06651286008350138
1.7742163370214974,0.010428739209403815,-0.40980183788859353,0.5176616714785086,9.631195244839107,-0.008967647257992565,0.018782846469797936,0.11900660625475677,0.9907741934666585,-0.23748204712645343,0.0575465491815061,16.15,16.965,1.3793393152328122,0.17085577711776248,0.024708958234378253
1.7861753396340576,0.011959002612560238,-0.4325675791100767,0.3275089325458048,9.81194081878535,-0.0038258983149152613,0.023129343930492582,0.11964238346357395,0.9556513926851932,-0.2217897877337183,0.06378258463839087,15.985000000000001,16.830000000000002,1.3907215046815153,0.2031843689681893,0.084265935702757
1.7965044133861034,0.010329073752045784,-0.7625578064847597,0.4833021936351383,9.633631395745471,-0.005435656269672141,0.02624554829211826,0.11665005673431868,0.9764087403825421,-0.22388014899654196,0.056471162595927,16.02,16.69,1.429252528284178,0.17877995865798255,0.06983517097218869
1.8058880225398528,0.009383609153749395,-0.5608882997958177,0.39805187818945115,9.706107702443571,-0.013107415664725484,0.014987421848270607,0.12004862346861328,0.9632742059093692,-0.22013118969017173,0.056247898409667825,16.15,16.85,1.4257181636864298,0.19580168558624284,0.04071785369545376
1.8175474556049427,0.011659433065089833,-0.5515088394772836,0.4311273455450275,9.889742414113012,0.0012884321847237926,0.02109055530836228,0.11788596588804345,0.9609071949015663,-0.23069776867693648,0.04870239375962266,16.11,16.795,1.4567990235515516,0.2004358802998223,0.08130528845516992
1.8281905902626352,0.01064313465769242,-0.6810866819684336,0.4397818665005018,9.927488603062574,-0.012116607111639668,0.02652781700498956,0.12388112440221519,0.9714055017832253,-0.20657525206636193,0.04858705279119249,16.22,16.915,1.4463410874902878,0.13857247794978184,0.030200505047358935
1.8404942242506293,0.012303633987993988,-0.5363527210107396,0.4813753479227268,9.684119314333511,-0.004738607556648816,0.016536794629241947,0.11875318703936778,0.9844766141345181,-0.2252456532915801,0.07728581205358277,16.18,16.885,1.4191572126342065,0.1846117783410804,0.050572625008229274
1.8507690759064621,0.01027485165583286,-0.4464523492532102,0.4074901536673007,9.754915127475305,-0.004902650695901329,0.023136484092105527,0.12208498219385074,0.9778996233217712,-0.22570689665625673,0.07789684242462233,16.165,16.82,1.4382991245774857,0.20322463584035141,0.0214329251009127
1.8589323723588813,0.00816329645241925,-0.635228538079309,0.512923960855264,9.78459269227683,-0.005396325633380256,0.022385661681624393,0.120032659015116,0.9645198499801632,-0.22700311778659818,0.059323874527707335,16.09,16.955000000000002,1.4429819241129889,0.16183254117627874,0.08429364305429499
1.866880133560013,0.007947761201131503,-0.5232822047914875,0.4241196732004714,9.923599830996315,-0.008512526641136957,0.02888352744247307,0.11353341753145342,0.9784952308536918,-0.2198604797471663,0.06235657774405938,16.19,16.925,1.4606480415004806,0.15269975631417562,0.014805254391410144
1.8793565254583597,0.012476391898346874,-0.6264139585886905,0.44812739997723494,9.741544962533032,-0.003280562041862562,0.02095451895052555,0.11865583872459648,0.9486510437534883,-0.22556277713830014,0.050031046644261404,16.09,16.825,1.530092424725883,0.1947126619746128,0.019560915437915657
1.8919420240395346,0.012585498581174945,-0.6098620589314918,0.3303406079651193,9.742695822362034,-0.012886731596035967,0.02103571143854464,0.11395097365924298,0.9631970495726455,-0.22834667103606598,0.06656435560722941,16.255,16.875,1.544995816308341,0.13677052659966699,0.03630106867940424
1.9016727452196107,0.0097307211800761,-0.4401941096513541,0.5687687983215122,9.904645945586797,-0.006951520671573126,0.025023177889429437,0.1183638140526461,0.9622068116289495,-0.22652199706482326,0.07796493706471003,16.21,16.92,1.519255017530099,0.15045916309357096,0.07592752550592372
1.9110979642379067,0.009425219018296018,-0.6039845274053233,0.43276172719196554,9.750669457284548,-0.008985195240135803,0.016182424525010723,0.11572117039328964,0.970955987392999,-0.2532068057441003,0.04529765465402179,16.14,16.875,1.5052836764689512,0.16492656581712217,0.06905032869459378
1.92329013067627,0.012192166438363303,-0.5264256329642583,0.45104524471651275,9.838305790567924,-0.009492427736832468,0.02045426147973819,0.12010656446049782,0.967790001498636,-0.2542229626038933,0.06551372312020143,16.245,16.885,1.4706567322134576,0.20082702425377166,0.053008675558862225
1.9316295621532047,0.008339431476934767,-0.71502055731582,0.2645464680098151,9.662274368364514,-0.005104778225817709,0.019411888529900178,0.11312477716614804,0.9681601729578976,-0.23806733915641984,0.06645894647678044,16.34,16.91,1.5248004299867688,0.1955155870282593,0.0713678017215369
1.9402874716247709,0.00865790947156626,-0.41832267490293296,0.32654721916361773,9.766660348450234,-0.0025476956165118537,0.020571813811446304,0.11846485688340881,0.9675742098366908,-0.2402711640754839,0.06654511427224608,16.2,16.85,1.5014500999969205,0.221626096086918,0.049120308634571425
1.9512524618168046,0.010964990192033567,-0.5215967955658736,0.4903282758654064,9.647481564349597,-0.008278444750490811,0.02438467218520347,0.1205835751032958,0.9692233105823841,-0.23374577966738166,0.07794959466489487,16.25,16.79,1.5828691032935729,0.1651726827117882,0.06043606615761151
1.9606605541325153,0.009408092315710615,-0.5865431704862655,0.4133303505025665,9.695720816860492,-0.003823620086676541,0.023090213237378615,0.12182763039242216,0.9741231118179028,-0.2404144961973462,0.08209694029253264,16.2,16.945,1.4933241738057481,0.16543877224005635,0.08550342292942587
1.9706528713324352,0.009992317199919894,-0.5281543921063476,0.2362970383117394,9.847192318616582,-0.006790738387357264,0.017753604595475033,0.11503743146956563,0.9699194297290562,-0.23593201887751483,0.059629420366298924,16.235,16.815,1.5610656435427739,0.21242104922266208,0.04804992077029676
1.9804077069846484,0.009754835652213231,-0.6891732445761573,0.4715022005373115,9.775967144217825,-0.010602850976550393,0.02117242862880089,0.11806394679264216,0.965292939772757,-0.2553143502512812,0.06891687596429077,16.15,16.88,1.531137743879857,0.17470654890752807,0.03815802557763465
1.9909140688078466,0.0105063618231984,-0.48413045496877805,0.3438975164979762,9.754327394089682,-0.008109084534597709,0.026454740890989516,0.11862005007449258,0.9718408580503327,-0.2441574989208292,0.0632640333957443,16.245,16.84,1.5655176517110219,0.18268675887886668,0.06343714963949386
2.0030252915998172,0.012111222791970576,-0.607338298537612,0.4991022196319467,9.719836791422335,-0.008327357327982258,0.01701399212128249,0.12394513162166956,0.975722291168207,-0.2588324749133558,0.056371501251347544,16.255,16.855,1.5955133770438046,0.14755381586968164,0.06946560226476622
2.01316116896017,0.010135877360352619,-0.5999795658557903,0.37815828161300635,9.761985009136668,-0.009959564460723875,0.020791137316152952,0.11172462288553539,0.9615964162488413,-0.242699920850475,0.06562612758982893,16.37,16.985,1.6143326932330175,0.21405544612472877,0.057398764968885546
2.0241270771500854,0.010965908189915287,-0.6253895733909507,0.400462286489194,9.803619577313208,-0.005505943324371461,0.01929777654386849,0.11388957698738297,0.9662321636531667,-0.2665902801329461,0.06987528975078613,16.16,16.955000000000002,1.5906628707964745,0.25382408783729965,0.07583296773680834
2.031051818998539,0.006924741848453466,-0.6340190522301333,0.4777053116350888,9.85809650303911,-0.006310866692635756,0.01972967163660379,0.1286783050130248,0.9782359357852027,-0.24510584960015677,0.0654818012960642,16.26,16.96,1.620883709208141,0.1781357562826495,0.052104571762214114
2.040978741395644,0.009926922397104822,-0.5341472438107896,0.31058714641441687,9.569355290573768,-0.013654350667120304,0.013331473207208502,0.11626223216682217,0.9552883510998768,-0.2643981544037994,0.05471784253238493,16.36,16.9,1.5861495153150675,0.24172414353178664,0.05920507695810603
2.049713895990205,0.008735154594560694,-0.5711334975492868,0.3020734531679117,9.712741816637852,-0.013934992417881353,0.02538454679785514,0.10969715389125263,0.9840973774661397,-0.25452717349251874,0.059084070344781685,16.275,16.945,1.6204090991986606,0.21111028808801846,0.06460864208354804
2.0578856763995694,0.008171780409364558,-0.5412210924838078,0.3649501980840396,9.791931809677676,-0.005664811767650901,0.016538427707231212,0.11484312583463491,0.952409645868317,-0.2426619641973975,0.05933747700409735,16.285,17.015,1.6496762389759383,0.1616384609822522,0.06329883665085372
2.066568447849176,0.008682771449606875,-0.5959199406717433,0.44595779425070525,9.771211844511871,-0.010661438994909714,0.02362752681126602,0.10600418254600326,0.9620820850035627,-0.25031327200595177,0.055659098558663,16.25,16.995,1.6365512179550574,0.18958223822053616,0.09028019947588645
2.076067262688125,0.009498814838948781,-0.5561792786062246,0.27234087267087537,9.811300315183411,-0.006232225399228857,0.016914168292456053,0.11794048478225781,0.9557425671447181,-0.2701100305356776,0.06742237293570855,16.25,17.05,1.6183425719742925,0.1897336598529382,0.06591437294198575
2.087441116501659,0.01137385381353402,-0.6331455355540239,0.2441984686009185,9.80032536608956,-0.004364549449999741,0.01674922080316809,0.12009223454377775,0.9867738173162394,-0.26165258103982975,0.06871014843092262,16.205000000000002,17.065,1.634994147969173,0.21134409996496656,0.05305662849878692
2.0954515274250496,0.008010410923390655,-0.42294116947872457,0.4427118670468814,9.754456937651398,-0.012605723342839851,0.02399885669366243,0.1131189525289938,0.959613849862988,-0.27083946438268985,0.07449366041630821,16.28,17.0,1.6802744361833333,0.235130768723444,0.07012618868696993
2.105497474663941,0.010045947238891626,-0.7288521048475982,0.32753503936750983,9.736603480844224,-0.013210135681622333,0.02298996940459004,0.1147725297886154,0.9593280498018042,-0.27389698729801687,0.056333589318312234,16.265,16.91,1.625125682178825,0.2801620094874848,0.08028718767933436
2.114771220513941,0.009273745849999633,-0.504467915687949,0.34343071588756724,9.759024665621212,-0.0009050005954052802,0.019726933786793906,0.1202479240521044,0.9603411222240362,-0.2568088672972923,0.059328931847482745,16.34,16.98,1.6370075554501056,0.18375244928036755,0.07609839435245831
2.1242797108723983,0.009508490358457059,-0.49787281644242065,0.22527143572940225,9.870475431074821,-0.0062360573045357305,0.021811223119936187,0.10944730028332453,0.9647086478117304,-0.2534435892758449,0.08084704931668897,16.29,17.025,1.6910299295338898,0.21419557766042258,0.07550785956570302
2.1357838476103552,0.011504136737956906,-0.6778369613369158,0.31829221301074534,9.719908608945381,-0.009367092127828321,0.017459888784920267,0.11103410263102302,0.9601089443606166,-0.2559225881435457,0.06389391246409555,16.32,16.995,1.6690585743653883,0.2043556159355161,0.03180001715890687
2.146591020765861,0.01080717315550589,-0.43352273317787127,0.3708676701896207,9.773344953965681,-0.011470646441477394,0.018436851482306765,0.11528733238948564,0.9617258675431188,-0.25550508111433645,0.06606170709430949,16.330000000000002,16.985,1.6473319765650503,0.19555237033249048,0.012504205513220602
2.158597117927025,0.012006097161164115,-0.5346521151989658,0.44463410561271943,9.792926720910668,-0.009826211693615534,0.01566354123277144,0.11305585177084795,0.9273851647206732,-0.26298464594622867,0.06425363581689301,16.36,17.06,1.7411040616642903,0.23908789584232212,0.08852178414821311
2.16836535940815,0.009768241481125149,-0.5385607762254111,0.30746861061712977,9.90299833158431,-0.01258694197905688,0.02179546685382594,0.11477972677159091,0.96294076412182,-0.2666834326739829,0.07753230405148344,16.34,17.205000000000002,1.6754480142608295,0.23842048212521574,0.07233409746559134
2.177321445490644,0.008956086082493946,-0.6157967418099102,0.500803132461663,9.75406434277063,-0.004327761595446844,0.01528523886803932,0.11079892826899501,0.962263978241688,-0.27567289501730674,0.07809987501865882,16.31,17.035,1.70965685651512,0.18594282589447564,0.06362244183497108
2.1869856572653235,0.00966421177467925,-0.6373327227857855,0.31241558397605385,9.854706322310717,-0.011007969540521996,0.02386931457842571,0.11660147972567643,0.9721651282096611,-0.2704128690811457,0.07770666692020553,16.39,17.07,1.7048279270938516,0.24304825397692273,0.07847835415347357
2.19734940245223,0.010363745186906833,-0.6387485273578181,0.3114208704141842,9.876467160364205,-0.0035691227554789148,0.01652531188555592,0.11502917061982802,0.974540452383668,-0.28037137806227935,0.06704561528836626,16.455000000000002,17.0,1.722820069741298,0.20865491480734089,0.10371736174510093
2.2076142624899107,0.010264860037680566,-0.5927611510921937,0.48795140254007946,9.77271693744425,-0.009587548525724361,0.01773157178249251,0.11770539601736901,0.9592453557636675,-0.27674291299148557,0.0582575409331465,16.405,17.16,1.7134699887923275,0.24747321886104096,0.09401729722589561
2.2159876803815606,0.008373417891649951,-0.5135362183620928,0.38097481570901925,9.760885519491382,-0.012192411871340797,0.020570650706085804,0.11621403286945489,0.9690169515602002,-0.26832538656668253,0.08639772015370994,16.365000000000002,17.14,1.7681736342296672,0.2870878283718907,0.08546185235490009
2.2261234150540026,0.010135734672441811,-0.6130836319613678,0.3187971262839545,9.751329394455839,-0.009765230200403017,0.017493061728271864,0.11612229667629038,0.9495140061513302,-0.2715090966779661,0.07590554253481147,16.405,17.145,1.7582249696206376,0.2651864808277791,0.04905467335658039
2.236465757549211,0.010342342495208358,-0.702487763172122,0.3494230177127208,9.75709725831588,-0.018598408604384484,0.016064593544422006,0.10939052060948704,0.9678705919670442,-0.2408213514949149,0.06297529461868057,16.295,17.185,1.792731599186844,0.2589689224187425,0.05223873426377744
2.2502419686055117,0.01377621105630088,-0.5662380544747917,0.4685739823238386,9.84578258924635,-0.008640186815948471,0.0169471791226964,0.11698580082797456,0.9540280261720194,-0.28643946240604656,0.0820434463104461,16.42,17.085,1.7560324942287222,0.24092836732483117,0.020429636007444033
2.2630572355224343,0.012815266916922505,-0.5609145729876566,0.47621716101082817,9.795813826826704,-0.00888891050738259,0.020466176610866776,0.11354212233098934,0.9474909452340453,-0.2756373403599685,0.06269183085713684,16.41,17.1,1.84861118243592,0.26174219821684996,0.08155952178016271
2.2717773704965962,0.00872013497416177,-0.5838641723263279,0.2926163520660262,9.796081656186654,-0.004944266518662694,0.014119113816733966,0.11409678589633399,0.9571989322080596,-0.28957821830092695,0.08231877961084329,16.385,17.225,1.734498842325669,0.27864522565415933,0.09156092808368313
2.2813462954542723,0.009568924957676236,-0.5783742537706729,0.3535070494369587,9.687159316194238,-0.015826537004727654,0.016133129813429743,0.11884343908028154,0.9727481402519552,-0.2802649195520352,0.08317315430908478,16.405,17.17,1.7517854913815583,0.27788898185253813,0.09374129921583287
2.289151132451517,0.007804836997244496,-0.6611288703020434,0.36324870262377496,9.699712103594267,-0.0036648273902231054,0.016570938622506283,0.11168032181547365,0.9602989026630784,-0.2807102853314444,0.059320185463783266,16.43,17.0,1.8582137876834075,0.2628013174758736,0.08389550958569914
2.2982650719305715,0.009113939479054771,-0.7154454053869278,0.2761232107408077,9.94851058952628,-0.005065965863735483,0.019861376632005844,0.11985462321401158,0.9731558129750227,-0.2697846552770909,0.07452050199796971,16.52,17.17,1.8271781410243733,0.27442561714971325,0.06783153382775105
2.308738479435957,0.010473407505385512,-0.7124888603394549,0.3493987492896956,9.762721549356089,-0.003381512481817687,0.01585760909834793,0.12010300173343073,0.9503603935155016,-0.2838709784343472,0.07671634988839096,16.53,17.11,1.831628740295206,0.23086208253810242,0.06023367965619536
2.3205472598672894,0.01180878043133235,-0.7760028476932105,0.35295647782059153,9.714868316024813,-0.008647011955133907,0.023325065535605278,0.1171949781812166,0.9679381709860562,-0.2825718605104793,0.0952576424976174,16.42,17.21,1.8438310519095924,0.25111035053574915,0.05569804088510601
2.329453634110674,0.008906374243384587,-0.6278056302777361,0.4427461526615573,9.891265036780242,-0.004415452131620054,0.015340845907317604,0.11015440278681217,0.9506446198143959,-0.28592913928420866,0.061845732126836105,16.45,17.185,1.8551985890036418,0.2964730363618755,0.06945569189140094
2.3384724144505724,0.009018780339898304,-0.6550422609094669,0.4471064497001322,9.79924841595424,-0.01439126707333876,0.014889522822837325,0.10522303499541023,0.9591217046845385,-0.2966147642116746,0.08375525682821361,16.46,17.06,1.8543157391968517,0.30264772066377754,0.05369446966595963
2.3452514809059646,0.006779066455392018,-0.6847643488637949,0.32340927743337006,9.822901324058531,-0.005680526692690084,0.01506065597799222,0.11820159957818707,0.9588109662335008,-0.28985980317023363,0.06972360969911137,16.54,17.185,1.8218030351660934,0.28180819787090117,0.10876684565363498
2.3550074820251474,0.009756001119182638,-0.8877292709331758,0.331523765430511,9.76552682950333,-0.011655295496720126,0.010340525410750683,0.11421349177669164,0.9629356369957227,-0.2882140194737885,0.05730853623639762,16.505,17.19,1.8831802303013123,0.32570076353218747,0.04817296672897119
2.3634138604073582,0.008406378382210656,-0.7525319345938901,0.40082753007901417,9.75100975787185,-0.015208840123214235,0.011341277270367243,0.11068488644965382,0.958548838641511,-0.28456504186880993,0.0686694592916016,16.51,17.2,1.8852228481702777,0.2985884279958033,0.07077395050178861
2.3726197012663093,0.00920584085895089,-0.5646743896484631,0.29981926401987796,9.762863879418427,-0.013135378379409895,0.013235010827788251,0.11824754999944923,0.9483430963176334,-0.2807076578203489,0.07005397911456311,16.545,17.22,1.9156673345842894,0.2785702470888614,0.03653373797780687
2.381304410099058,0.008684708832748618,-0.7090058107913134,0.392732279499138,9.665743569788159,-0.008650161767600839,0.01977760437567165,0.11000069612199821,0.9642482590349888,-0.28957948190476546,0.05959027117894054,16.48,17.28,1.9327341667641151,0.2510697682857117,0.08170281773173638
2.391163016267679,0.009858606168621165,-0.6286717948569798,0.3374776213995086,9.769251678967404,-0.01200736518952603,0.014961400794212265,0.11162916473189678,0.9724321240009381,-0.2908168379667382,0.07346970585988295,16.605,17.22,1.8976591867277188,0.3332159175463515,0.07630870861641709
2.398526423680644,0.007363407412965053,-0.7700225080655742,0.266111214733796,9.799911631826626,-0.007234088702976498,0.01305026173432216,0.1153345806060555,0.949030829946153,-0.3062951147347327,0.08005123374320955,16.53,17.205000000000002,1.8568474585690307,0.314955101694232,0.06965816147925044
2.4063258558125575,0.007799432131913514,-0.5449855121486503,0.2662167831688192,9.924206203863681,-0.016001129522198173,0.01978345088398988,0.1086841532429751,0.9362547862399437,-0.2845275301733868,0.07298688761112614,16.48,17.275000000000002,1.9531298850769692,0.34769871737135755,0.058602805931039725
2.4195197264806,0.013193870668042448,-0.6738081662563612,0.4570018847643372,9.782948821347466,-0.017326812605002767,0.020892926298904133,0.11253690495596662,0.9591564447625855,-0.29829913662672547,0.06540731689341601,16.53,17.35,1.8800341080077427,0.3619926342704636,0.07809633801523048
2.427588592608689,0.008068866128088954,-0.6404186319120695,0.3277867555148517,9.589274037636972,-0.003359497963374353,0.019593837787966882,0.11723088758112449,0.9505793489273086,-0.2847331324776246,0.06947488738573428,16.62,17.275000000000002,1.9272151645575788,0.2603655987038357,0.06764123998222951
2.435943414241007,0.00835482163231804,-0.4789331557064481,0.4705563810311605,9.768427015944846,-0.005265452146473602,0.011039655610153075,0.11361436299572839,0.952297870011658,-0.27993373633048146,0.07105178279675849,16.53,17.235,1.916102281047633,0.26250771941712425,0.07629471690002815
2.4486987845334887,0.012755370292481971,-0.5457586684277848,0.2967476452868918,9.995011972903859,-0.013125913571100462,0.012286913201971707,0.11759959219817152,0.9587387540032521,-0.29633972099217554,0.07347858196480314,16.62,17.26,1.9211576622613862,0.21830886623060627,0.11894911287635246
2.463056385287349,0.014357600753860611,-0.693911153252872,0.3594512918076897,9.84505633676499,-0.008994616796498085,0.021315059833833902,0.11696340255825244,0.9481254414274516,-0.30622422224924556,0.08263515905743529,16.535,17.255,1.968568257968092,0.3353410983028923,0.08411230297960601
2.471299035344111,0.008242650056761988,-0.7181577225184983,0.5265990583687827,9.710816565655541,-0.004935408476010356,0.0149050796092827,0.11235568238755382,0.9497202313966345,-0.29703531558954116,0.07438779606206235,16.53,17.245,1.9596113491710923,0.3295497846030663,0.09182563290411422
2.480746661908929,0.009447626564817953,-0.6982382447068973,0.24947922186234545,9.82290879939681,-0.0073718339703721745,0.012732628218748333,0.10285783437008812,0.9510853155832699,-0.2943854573412863,0.057790997620644054,16.625,17.38,1.9752837082170567,0.3151644555832298,0.07245294934065546
2.4912589952353397,0.010512333326410765,-0.6330509031884926,0.1810008500379847,9.716185004868374,-0.008494770833101585,0.016523321101297984,0.10764779240858355,0.9664247438224075,-0.30214333786430575,0.06635964880878374,16.54,17.215,1.943882446777291,0.2781015265407135,0.06669389469287741
2.503852041701948,0.01259304646660839,-0.6842143792613976,0.4342576146270537,9.66715371172491,-0.004753620966886752,0.01749516725270474,0.11496319495455917,0.9515964456332935,-0.3059627103109811,0.07383848371025357,16.65,17.335,1.9732733898282893,0.31540999638278294,0.08269300687033482
2.5123717560843053,0.008519714382357643,-0.708724941430179,0.26417063518161266,9.747530086461307,-0.012088479504713428,0.011055439541738103,0.10559952146052717,0.9386464858328272,-0.2955882142243874,0.0835504100255746,16.625,17.265,1.962271578203304,0.3257912059004469,0.13375242992335418
2.522003839315392,0.009632083231086835,-0.5611983288481094,0.3275081858716135,9.782656097712056,-0.009076279083093268,0.014077679320159284,0.11036972401410748,0.9387131078233554,-0.29726524211560235,0.08543433195601062,16.56,17.19,1.9871435169279055,0.3461931855028365,0.07851663805566576
2.5331698456794847,0.011166006364092616,-0.6893941473945312,0.28095322081727625,9.625486353298523,-0.009313232050761013,0.016741988528856735,0.11288613219748694,0.9516792989257787,-0.3068815987868833,0.09037108306408827,16.615000000000002,17.27,1.9985464588493762,0.3337666510706951,0.0921812748011592
2.5438219947911844,0.010652149111699928,-0.4978806029142518,0.347999167754132,9.683255249732653,-0.010371702249946324,0.008237644535535597,0.1172723570890646,0.9386247476007628,-0.3210809909327438,0.07408927994911746,16.595,17.255,2.066018344441822,0.34823599778441827,0.06904194295520161
2.5532577606843394,0.009435765893154851,-0.6759835054586874,0.24936561910306362,9.77595288627073,-0.010874131589265618,0.012788852819194249,0.10897121086292023,0.9339694005715269,-0.3009685778639691,0.08055559257598312,16.655,17.330000000000002,2.0105077916061878,0.3270382545131885,0.03108812037506433
2.563057026237565,0.009799265553225939,-0.5418528253796099,0.309828561383972,9.742408614875133,-0.009058886759370027,0.008136944788037516,0.10856941472609302,0.9556079921476665,-0.31423436676753314,0.05852122841613602,16.755,17.305,1.962414593604228,0.3687502971948722,0.07100448166466991
2.57099468252501,0.007937656287445027,-0.6572453127747496,0.35924686831803726,9.806596452024447,-0.00924134822462404,0.00854254051866679,0.11082964428011473,0.9558219009568416,-0.3052498539088332,0.07747973028739433,16.625,17.245,2.074428946547251,0.35432435658993816,0.13490834948698635
2.580637421909048,0.009642739384038002,-0.6101819544976195,0.24142519084291653,9.67777692711514,-0.013607336572059522,0.01008129403647487,0.11231643030768168,0.9449600540420314,-0.30689125381432303,0.06256680734072227,16.685,17.400000000000002,2.053821116590924,0.30228412409536315,0.09980227812207448
2.5902378406740345,0.009600418764986568,-0.7465561826459208,0.26491338813965615,9.83201937228813,-0.006240815273448361,0.01409936914722502,0.11016930115403989,0.9512433868129961,-0.3282959386434328,0.07283061181685391,16.66,17.385,2.0441461187491905,0.38208636374666116,0.121311963197822
2.600586095508474,0.010348254834439383,-0.7583481956655816,0.2918650154737792,9.680125605113624,-0.013390452910294228,0.010748582383777345,0.11484657719507078,0.949826654665514,-0.30967579350357954,0.10390004606380936,16.665,17.42,2.0432954931326415,0.3799011356258872,0.08218623238161803
2.6097531046802454,0.009167009171771476,-0.6545514969781079,0.20422720811231299,9.906189191034292,-0.010390422159765543,0.009306128434027238,0.10733136300885719,0.9536489550753016,-0.3062966807669366,0.07676490418687273,16.66,17.345,2.035388241445577,0.3595197219621601,0.042578567018472
2.620460412464063,0.010707307783817708,-0.6137239373928634,0.28341200144209455,9.637445412646596,-0.01073651032732309,0.011945839911285982,0.11086611268040955,0.9532970303596222,-0.3061846770344448,0.06523879882721366,16.63,17.335,2.130562253528273,0.3568165831746825,0.06821366569589771
2.631979486190793,0.011519073726729744,-0.6911614844205127,0.32530094489261824,9.687233579168227,-0.008163579766311152,0.006979106728692585,0.11201251763188554,0.9207871696904476,-0.31257912122240267,0.07811166463386718,16.705000000000002,17.385,2.0832548545469027,0.40122121116374004,0.09905384193055908
2.6422126301822955,0.0102331439915027,-0.7986753554854849,0.28256835918847945,9.807968000322903,-0.018108331305337406,0.013128478296777608,0.10849362526225295,0.9440800578820998,-0.33458581551675715,0.06900069018835966,16.675,17.315,2.037809845550921,0.3051990339932891,0.09651157782085229
2.652740264794894,0.010527634612598806,-0.8059902435393286,0.2915171170693901,9.90765664808625,-0.006105079017366103,0.015780396399447047,0.11331186189597399,0.9512930551685777,-0.30313306620788033,0.06470399037731225,16.645,17.36,2.1082546556734822,0.3942602411482757,0.09221688234468063
2.662819997816261,0.010079733021366801,-0.8126711623735579,0.3103820974122505,9.799664560954925,-0.012411774206296305,0.010786079828692424,0.11041289869248001,0.941653573329659,-0.3128354922718886,0.0954752991043582,16.77,17.35,2.1427268717238857,0.3454520924367731,0.08245947361740906
2.6728201244058982,0.010000126589637122,-0.8412154610273856,0.2582682838514496,9.819434217489244,-0.004858639588614548,0.01014128303784905,0.11283713619566528,0.9457665041276798,-0.3300108704497636,0.08524193807296067,16.72,17.28,2.1192898720929105,0.3952966966929251,0.11249415745130802
2.681737787355584,0.00891766294968573,-0.6921986090311818,0.3648984076145473,9.77575976284593,-0.011681958108790112,0.012310742576425057,0.11033713279659134,0.9525956010851544,-0.3267741671103554,0.07814376314256426,16.705000000000002,17.38,2.0947321811891513,0.36847086681994573,0.08424057998051522
2.692212528748094,0.010474741392509963,-0.6122918277918658,0.42317934712134486,9.692188553744387,-0.0100007148737511,0.0025443861277186213,0.1109237252579201,0.9455262312635682,-0.31766190982175013,0.07090321465222392,16.81,17.35,2.100485076755963,0.33042292460618583,0.10109208538120626
2.7020665988504735,0.009854070102379766,-0.7046124724642594,0.269912806986229,9.735037224114919,-0.0021839591893112412,0.012655957109667501,0.10675394035930069,0.9594459936365352,-0.3141884086599109,0.0718372037129559,16.625,17.37,2.1106350523681114,0.3555067104448042,0.09947221784129613
2.7152063513138693,0.013139752463395892,-0.8860086989143898,0.34422351993020056,9.677227361433783,-0.010993265854529883,0.022716399059380124,0.106580297884404,0.9551688612307879,-0.32721293054345346,0.09053250712780328,16.82,17.415,2.194388120283947,0.4046599892386469,0.08903777391690794
2.727566383667582,0.012360032353712865,-0.7219522388811417,0.28467579148730277,9.671820672357432,-0.00497045766645577,0.009629810782944916,0.11383091016090639,0.942272431589528,-0.31534253324845585,0.07832401158777087,16.7,17.475,2.156544042060078,0.3711085188811932,0.07957604372294337
2.7381451534964167,0.01057876982883475,-0.7209947570012681,0.3317428774093682,9.806204862064197,-0.009805407894942489,0.009482523656323304,0.11132930551805705,0.9410995584073125,-0.3426056784727215,0.04455718964533549,16.77,17.355,2.116852960019204,0.3616967123614443,0.0893364687231887
2.7470005676818747,0.00885541418545785,-0.5413491684811383,0.42664068836193636,9.684167541562335,-0.008329699082468773,0.012798054789326743,0.10457276431382072,0.9142598434828408,-0.3360054030107887,0.09969962921966227,16.73,17.39,2.185871268990173,0.36395346262642,0.1359266343304127
2.7553319504738996,0.008331382792024873,-0.8265850716604624,0.34100981760525034,9.799546153372006,-0.009739452110123678,0.01627738414382449,0.10927236405049452,0.9391994953606688,-0.3470726269051078,0.07741856382780453,16.715,17.37,2.185288754563029,0.4043846841132044,0.12124134628043721
2.7671186649035326,0.011786714429633298,-0.7426440619595956,0.15693865360150802,9.669780607684936,-0.0066672024405338,0.013415165988463186,0.09888960720563797,0.9285088014880912,-0.336600982572962,0.07915803185567931,16.855,17.37,2.1770840632283384,0.44092998021784646,0.12016326388848478
2.7775127887412534,0.010394123837720709,-0.5761177038278293,0.33380037708066784,9.79758929589111,-0.012835255736262164,0.0007332085734096123,0.10594368914270988,0.9438801316007626,-0.3136006199261979,0.08670981044794368,16.895,17.39,2.1683102311594693,0.3270993667362448,0.08470046457984118
2.788233003846341,0.010720215105087416,-0.6778043274904934,0.3947333652512531,9.734735848407317,-0.014064770326033767,0.0114443114754416,0.11193328054917086,0.9428105781780052,-0.30918899452089976,0.0806173934503932,16.78,17.42,2.175639561783419,0.47836385663368275,0.07237273262787411
2.7956161248658797,0.007383121019538711,-0.6695654927915019,0.2774264662761763,9.886327136801608,-0.012707191672214128,0.019364692710118626,0.10748478887288114,0.9479742672930028,-0.32816765899686834,0.08351441640223696,16.815,17.475,2.246101644956911,0.4025391072286741,0.12353692827387813
2.807007282588217,0.011391157722337272,-0.7067251737557821,0.37333567641068927,9.799646193698003,-0.009791393126799868,0.011390994185252606,0.10829640626391497,0.9545712212125826,-0.3380478578610489,0.07193291177272006,16.805,17.465,2.230102019552866,0.41706031867694926,0.12044529989069433
2.8176889130955383,0.010681630507321545,-0.6906615683744736,0.23709418423722486,9.87256630064882,-0.011108378118219518,0.004117791477006384,0.09560817419850917,0.939955650946568,-0.33495632676503795,0.06398741911628836,16.915,17.39,2.2456383217239058,0.3896025792001427,0.10579289507196603
2.8260232670689165,0.008334353973378283,-0.6557454736560341,0.17237992060249066,9.713217576704738,-0.0074110921087095286,0.009734574456888535,0.10598648282569371,0.96272080635375,-0.32884500783815945,0.07917638300235418,16.69,17.535,2.2453336632183523,0.4049611375120553,0.09618250023418506
2.8353159798577416,0.009292712788825076,-0.7837011763170613,0.3013094119278191,9.778123271117632,-0.0050633424305226065,0.003340549422230923,0.10877642950158041,0.941904363753908,-0.35014170822942,0.09078781713137436,16.845,17.52,2.255305074241411,0.41349965123611,0.0749234822781339
2.8457115556642765,0.010395575806534779,-0.6497874618255943,0.1481441407785328,9.695103867937462,-0.014219124964361781,0.013233258808401392,0.10913624340471793,0.9261004276707777,-0.3412794166794916,0.07010126293009575,16.785,17.415,2.239794016087366,0.37923481321742025,0.12223296237204828
2.8557902558618107,0.010078700197534365,-0.830913479598669,0.2681650516246619,9.740463717973782,-0.013283902287487914,0.004321965055150693,0.11098035305887594,0.9332156243992735,-0.3222144681357568,0.0694017884097115,16.695,17.545,2.2557870272252707,0.38943945961127385,0.12927055653763964
2.8653519990831056,0.009561743221294668,-0.6957773095790197,0.3890431510290606,9.7525480063501,-0.01612360387529074,0.008293756032647152,0.1061527473751554,0.9347609733244665,-0.34797610407164115,0.08898823516374466,16.82,17.5,2.304608823556551,0.4519090165619398,0.09259590928558652
2.8751967666810065,0.00984476759790106,-0.7087353488660364,0.13202381598425428,9.715411778860489,-0.0022884573873645474,0.00441235133867082,0.10618954765361077,0.9440510697476903,-0.3459914939083823,0.07230296367514782,16.96,17.475,2.3200264179103742,0.3726546833340051,0.09157536692928424
2.8848188006136963,0.009622033932689672,-0.7732894204322148,0.18118052903491416,9.676206043054144,-0.009221728753307769,0.005507649844666486,0.10138490992286953,0.9283063443910989,-0.3393277076382888,0.07286353097106964,16.815,17.51,2.248673625310829,0.4352536412292263,0.13228449532533026
2.89504764438185,0.010228843768153703,-0.7267967507514891,0.1996302804123312,9.660329579563705,-0.008553421535433786,0.013478347436713278,0.10574731708517413,0.9344255407238085,-0.3376453028582478,0.07333573177930425,16.91,17.495,2.2873246366748887,0.413890726034198,0.09530307760545867
2.9072548823413396,0.012207237959489735,-0.775952924519686,0.27551510790751754,9.586190353777623,-0.01587173995854909,0.007756750540706406,0.10134200039372841,0.9353484988470265,-0.34793818631334933,0.07653223818248678,16.94,17.535,2.3285795494745782,0.3997600672313405,0.14453120149092794
2.9134048946799425,0.006150012338603053,-0.8124655705324132,0.25050944491872096,9.688842517851002,-0.010534784347038488,0.005009865103674684,0.09890735861968192,0.9322525519386674,-0.34152783413410936,0.06150265968148169,16.875,17.515,2.364814926715853,0.48954394492059605,0.10717724538618587
2.923049619283178,0.009644724603235474,-0.7559162582674487,0.39041900578633665,9.823519201132328,-0.008523091504037678,0.0025146619747578374,0.10181746943179923,0.944494509123863,-0.3371723369305746,0.07193382831147281,16.89,17.490000000000002,2.369576303655481,0.4045899738824513,0.10226828636811759
2.9333143879152366,0.01026476863205867,-0.8168859211079894,0.35347201225641284,9.645408333221333,-0.011602878006556898,-0.0005522246968992419,0.11204283911924058,0.9424170110785538,-0.32465103173036436,0.07972317038788701,16.785,17.395,2.300508663580657,0.4023535713686265,0.11158520929206195
2.9437583788997674,0.01044399098453065,-0.7036826992065757,0.31535500372899017,9.663807465230247,-0.006321187255050493,0.0017654646441176971,0.10477271883428553,0.9472858840283167,-0.34655762079933733,0.07974404852921442,16.85,17.555,2.371040631671798,0.4337423036672644,0.10364696483270436
2.9532005070277854,0.009442128128018066,-0.8223485261293535,0.28612327102499024,9.916502180948497,-0.0014056285090600674,0.007070000851287027,0.10659566089996796,0.9319627865296488,-0.3466373622927051,0.08917346504048325,16.955000000000002,17.505,2.34214937728524,0.41910114224773376,0.13453445621660823
2.9605654243540673,0.007364917326282127,-0.6740255251576701,0.30494634647608243,9.722290187098416,-0.014463680698064606,0.010427210815866166,0.10355362120718228,0.947027265116788,-0.3316735700130778,0.09605034140079516,16.91,17.580000000000002,2.3776514774558013,0.44454347554793844,0.13021881755009312
2.9710574175796385,0.010491993225571164,-0.8264022776210888,0.20312357622227326,9.79886541875697,-0.014795647567777886,0.0040996032422576665,0.09829036200938042,0.9209755107511804,-0.35346908677179084,0.09286936772167839,16.935,17.57,2.378412947352644,0.4521502136023788,0.13496727541488873
2.983648442900885,0.012591025321246278,-0.7782456471302531,0.33896770898132955,9.824534847528765,-0.01425637596407487,0.012424637123232628,0.10901044357689987,0.9202672351801029,-0.36245366119755,0.0869945151757446,16.93,17.525000000000002,2.326980387826396,0.45830654892034794,0.11774012699267705
2.991347650793511,0.007699207892625794,-0.7835453659967968,0.18039088038992873,9.826132646960334,-0.004343704174852354,0.0031509206854201427,0.09646278934561368,0.9217287846264379,-0.3474600395489601,0.07642267933163559,17.055,17.61,2.3875955471164274,0.4498662078774996,0.10543964306372905
3.002643392814058,0.011295742020547284,-0.6284805820449426,0.3346608605570334,9.651318775556712,-0.006632872672711254,0.004890376459722672,0.1027641045311894,0.9335414405973845,-0.3403027475547431,0.07176865651139365,16.905,17.57,2.410358622629668,0.435928162853724,0.11514513310442155
3.012150604979374,0.00950721216531566,-0.7088242415049878,0.36143680023905816,9.754597745869898,-0.011372706628541122,0.0013737313149957782,0.10462278293880214,0.9451213601513659,-0.3483797602341624,0.0782517514226493,17.035,17.57,2.387234643353528,0.47917375126365486,0.10745269047464966
3.0220586184606306,0.00990801348125673,-0.7529583020854654,0.28207233205356935,9.643603048354521,-0.010713705634982694,0.009498209369300787,0.10561479469471109,0.926709232349315,-0.35392344068355286,0.08400396032163263,16.955000000000002,17.56,2.388423601512706,0.4595301083583671,0.14596663515737493
3.030479270694575,0.008420652233944077,-0.6967664124335058,0.24996317940992527,9.968749373143638,-0.014150944063036242,0.013791759500531266,0.10166051865670271,0.9276515969539683,-0.3682543271407158,0.08643024750313688,17.055,17.675,2.3554397064180326,0.4505765255509162,0.13724859177480297
3.039977586436041,0.009498315741466186,-0.9059530875990269,0.29479339485755657,9.64543531999213,-0.00735252516759404,-0.001796210996626105,0.0970715678047797,0.929905982730745,-0.3552742514185352,0.08451110217405298,16.885,17.535,2.430741589393537,0.512745630259097,0.1160145957602432
3.0519276533280895,0.011950066892048437,-0.7417065864657802,0.0322184996578411,9.689176068897007,-0.012467110065029792,0.003676677929438132,0.10103865884936857,0.9373506737307101,-0.3435144053554017,0.07715374494355728,16.975,17.565,2.4261113651178,0.4683693780167382,0.10012441669115754
3.062801636191071,0.01087398286298156,-0.5792347298758771,0.2838351720690919,9.689736460929588,-0.012019351510851293,0.00994762441960884,0.10108337616179244,0.9264419072292478,-0.3692362603409861,0.08630973418764208,16.95,17.515,2.400932886999042,0.5081124782146904,0.15020772244164948
3.075400103599186,0.012598467408114915,-0.7293289574535812,0.24886104654521016,9.653231527071227,-0.008580205235835468,-0.0010997122862574874,0.10079471797979137,0.9254151590359617,-0.36055542675790464,0.09113509569443821,16.990000000000002,17.64,2.4289596159701343,0.5160473520613866,0.12297981007295367
3.0871662214326525,0.01176611783346654,-0.7352840709911946,0.2522639777122333,9.881154570260719,-0.011801053257215711,0.006767425690669876,0.10758810835274803,0.9168570518077677,-0.363112962800271,0.08740532544181775,17.06,17.57,2.4528360611629707,0.5215176648676653,0.11844259074097178
3.0978248514510467,0.010658630018394365,-0.6975734622788391,0.31137042575157314,9.966728485288632,-0.012019283372354599,0.00921667226794164,0.09869062597870783,0.9241963460380236,-0.36723679468211495,0.07835176267863553,17.015,17.580000000000002,2.440016551818479,0.5069349713121911,0.1527644218508012
3.1104407532402982,0.012615901789251689,-0.6705889258278357,0.24712661591222132,9.734857244010973,-0.011072814578971819,0.004442406055132544,0.1045556482758419,0.9412172867401167,-0.35898711058592603,0.07041176181436722,17.075,17.585,2.4670044960764352,0.4901171342961507,0.1124322628041372
3.1210992429784055,0.010658489738107449,-0.9027028181570204,0.16041843675650053,9.667271573353084,-0.007963664474269792,0.006160330679063611,0.10382113174420045,0.9299537250993463,-0.35805043131582,0.0702387986156382,16.97,17.625,2.422999661841953,0.49155067806663083,0.11698002107992564
3.132341225243601,0.011241982265195589,-0.8781772065580601,0.23876565646781223,9.593940316218033,-0.0045905348933814915,0.010823208029724241,0.10685652938338043,0.9212255515986665,-0.35922581259702346,0.07206807576091807,16.97,17.555,2.5250225268521613,0.4896784630379501,0.11951145599809285
3.141896368813299,0.009555143569697938,-0.7273350803253921,0.2541561680254166,9.75335732029714,-0.008861115383656075,0.01142046897471301,0.10233455564274956,0.940627955927664,-0.3742303344856022,0.08150532904679403,17.025,17.5,2.49270219683739,0.4350041089203752,0.0984487444212377
3.1519961875370877,0.010099818723788807,-0.801932711688393,0.2565420568233029,9.747569041011602,-0.008017715231938914,0.003217231811580371,0.10587517854357992,0.9220361365444919,-0.3818801942457057,0.0841884528775086,17.025,17.665,2.4673669493243056,0.5247650605023276,0.13178630894148446
3.1609500518021374,0.008953864265049585,-0.6402852158067378,0.25905358792804706,9.72076864217032,-0.012054996445073669,0.0011921721288436333,0.10188275405489153,0.9417522632682349,-0.3636443306625954,0.0648932330996039,17.025,17.52,2.433756924874792,0.5133701841975474,0.11083828681298492
3.1724344277040295,0.01148437590189228,-0.7710901859895007,0.3276466480968995,9.790576000983469,-0.01411815841613597,-0.0005423080565281203,0.10413045919707505,0.9411580598087359,-0.3724127436518534,0.074058476736891,16.985,17.7,2.5476572539191285,0.5344508118387932,0.11545864250868106
3.180666972269357,0.008232544565327703,-0.9010769467927867,0.1564631836700267,9.80447615889952,-0.008693394424519111,0.0069134328568106395,0.09625267785250115,0.9273731331120241,-0.3497469702851493,0.08157290389224565,17.12,17.75,2.540145714281966,0.5087969719704507,0.11334962537191622
3.1918404977829833,0.011173525513626492,-0.8483335184026606,0.25583673201058255,9.798705160053911,-0.010654566551451809,-0.00266084349599059,0.09153656901500738,0.9114078918395556,-0.3503369665649435,0.07019800616697411,17.035,17.650000000000002,2.5387075087301385,0.5358218710084707,0.11646494557850284
3.2015545211967256,0.009714023413742261,-0.9673530901767132,0.3436116397354475,9.747566302272256,-0.017056135256789923,0.001659970109118102,0.10344755359205911,0.9489233209058701,-0.3501878681351534,0.08357982682284028,17.145,17.745,2.566106367388141,0.4776643568368922,0.11209636578514513
3.2133113918369265,0.01175687064020098,-0.7666782896921566,0.09999492683665018,9.684725248662986,-0.012709276811030828,0.00289210725773574,0.10347726505906016,0.92945891980015,-0.38059820350966106,0.07622013062336877,17.07,17.67,2.5754755852786655,0.48769130496905805,0.13462866063002482
3.2244376953200233,0.01112630348309689,-0.7635378024125269,0.2515675780050882,9.826121803773935,-0.011758082830523622,0.00029043783008355284,0.10347914138010705,0.9219285452143772,-0.36654427162586156,0.07210892277092106,17.115000000000002,17.775000000000002,2.564425897832959,0.45207127370162303,0.12733957058401787
3.2371686645564934,0.012730969236470203,-0.7829940063047258,0.18856755055185592,9.773858099353545,-0.013501841421877868,0.0032168969344002745,0.09927613791480176,0.9342492086306659,-0.3647166277224508,0.07992848200263294,17.12,17.66,2.5611995293347363,0.5264478721517449,0.1322902478843058
3.2482648265932013,0.011096162036707968,-0.6632027188233949,0.20417052910339678,9.843928652142926,-0.005562085654555607,0.012177037536588112,0.1071588739055354,0.931292748230158,-0.3668757864578075,0.0833635674973111,17.04,17.55,2.5652301735025245,0.5109054257480262,0.17917238666237345
3.2559067662097214,0.007641939616520139,-0.6539481158190001,0.1603593745272832,9.836068979434867,-0.00958953591766053,0.0013095048789220395,0.09923905457232378,0.9370909278003914,-0.37871353581235584,0.07098486030622073,17.12,17.69,2.5965145176191053,0.5094663595773444,0.12951365078559524
3.265806336450374,0.009899570240652699,-0.7638573993804191,0.21777430147291266,9.659126658888287,-0.006041782908018647,-0.00010523980325794565,0.10260445532272582,0.9169845728399558,-0.3632963495932795,0.07708069760142179,17.22,17.805,2.633752946828884,0.5498375725374718,0.14540868044247057
3.274048325661482,0.008241989211107777,-0.9213203225990453,0.3774666885539907,9.65813457123958,-0.010501971629509155,0.0055648490400506305,0.10316797706435919,0.9264816756453956,-0.3768465233491013,0.08421293561229155,17.125,17.740000000000002,2.595378167211595,0.5297283053699047,0.14825527137733246
3.2832709058979326,0.009222580236450588,-0.7015060912760244,0.12769824649612033,9.712435259212546,-0.01125369338680396,0.0023131262018850317,0.10751691178926974,0.9110899552549419,-0.3764228043548247,0.07194677559341835,17.17,17.68,2.6501703575243343,0.5025247598006047,0.13326203184062033
3.2955377485478476,0.012266842649915084,-0.7068964072106614,0.13353347949658284,9.688386936045653,-0.015356787025616974,0.006914224925662921,0.0991771963177894,0.9291484986844175,-0.3942137762791252,0.06302992143516258,17.165,17.740000000000002,2.626926717478036,0.625896327962474,0.14084569724428747
3.3064940492641943,0.010956300716346545,-0.726943906176744,0.12138101721972365,9.833318328979797,-0.01159031286156275,0.0016387908053875308,0.0976564762101155,0.9218414799519279,-0.3733961097462321,0.06427526382311852,17.145,17.78,2.6359552862202937,0.5520585729027205,0.13654395947633627
3.3154456536213264,0.008951604357131882,-0.6734651819380402,0.36244721251140766,9.801012125331201,-0.011608250061247322,-0.0001581919540692106,0.09413247981812396,0.9245424358855364,-0.38327004120841857,0.07548644025718775,17.145,17.725,2.703879182866475,0.5236352890993238,0.14080272390532625
3.3239250775716656,0.008479423950339402,-0.8454313394612617,0.18605038259188608,9.860851564148884,-0.01715004663341045,-0.00643635936659314,0.10619765668115198,0.9199479873454407,-0.3767955545169765,0.06650615436931837,17.17,17.89,2.688117824778777,0.5388467193152612,0.1256103349172617
3.33397425071098,0.010049173139314391,-0.5918399910452933,0.21954286481441815,9.804648064650143,-0.013864592021761026,-0.005942763526307062,0.1015112865531587,0.9185211823154631,-0.38001180648289123,0.07623933690270301,17.19,17.71,2.696967711337159,0.5570887333809297,0.1281550838192356
3.342149410486908,0.008175159775928309,-0.8295232008125301,0.18819521199824135,9.789631890724324,-0.013019744140227805,-0.006938743807726637,0.10150538368947816,0.9120391648730679,-0.381300294580256,0.09638611373032759,17.07,17.805,2.629247275965836,0.5597498359397342,0.13894640820240775
3.351142700070813,0.008993289583905129,-0.6930704582418007,0.14356834215324735,9.868931042036438,-0.010094709978611246,0.0017760210542880801,0.11201389068177033,0.928285081044503,-0.38438679587859015,0.06597160122777762,17.17,17.795,2.7261640287335585,0.6070762623986358,0.09979580348889394
3.36161071427814,0.010468014207326865,-0.8882586611354713,0.1987995800939626,9.810546791131472,-0.009928687162359033,-0.005359607174962192,0.10067685977706196,0.9348810996760039,-0.3770162179224552,0.0769542219454472,17.150000000000002,17.71,2.6663386401063986,0.5691350539948231,0.16988434484127166
3.3733436823323,0.011732968054160044,-0.8279658299859826,0.4125749976536481,9.778435984813404,-0.01412769515652253,0.004921918704301133,0.0939759533157285,0.9139725279329023,-0.38793635847212293,0.10112664294600553,17.145,17.735,2.6714019758676715,0.6311169518235701,0.18399771433715728
3.384256824540637,0.01091314220833666,-0.6324704074578477,0.3257007030841479,9.89144346458185,-0.009953113965260791,-0.00015596928466331521,0.09822314715139387,0.9246606813734641,-0.40148787225447735,0.08390460254656432,17.255,17.825,2.6222117405254597,0.5661659852635554,0.14494855469603685
3.3908198902777396,0.00656306573710285,-0.7747843472806171,0.14514819347489963,9.782233938531425,-0.012572546282382139,-0.0013599098948884544,0.0950000703329157,0.9231980999321986,-0.3818397168449412,0.0761569938316026,17.14,17.78,2.7020473158518996,0.5941475191582872,0.15530875129963012
3.401276440371285,0.01045655009354539,-0.6869156112348405,0.2636706410121007,9.748692708638973,-0.023347470930428948,-0.003927826434632926,0.09714400783599676,0.9185603920665089,-0.396563041330591,0.07828137097939841,17.105,17.795,2.668152681217263,0.6155538994007486,0.16435033518038436
3.411384490731134,0.010108050359848866,-0.7353271269330719,0.14387262351276192,9.706035044903146,-0.013831574916678361,0.0017729969967277127,0.09695077317769372,0.9028297077042022,-0.402625904920064,0.08415758374401121,17.240000000000002,17.68,2.7210151653686565,0.6241802856951384,0.11694163518567427
3.422005326159193,0.01062083542805904,-0.7628458702042381,0.06673768629206286,9.82932616289464,-0.007601609625134489,-0.004105991626193475,0.09603783556160088,0.9046763489343713,-0.40056012110214845,0.09683436094994131,17.115000000000002,17.825,2.682445731318282,0.6312972625115691,0.16274262313665466
3.4344296406816697,0.01242431452247681,-0.6455124453254173,0.28859465597518497,9.872076904800533,-0.01867358307364917,-0.005030704329613341,0.09260738627319241,0.9094105162987648,-0.38861812047859734,0.07458063148828524,17.095,17.81,2.781195387700671,0.5880238199968457,0.13651679617621187
3.4413347832664627,0.0069051425847928855,-0.7736378550500211,0.2988319224022215,9.769082571960684,-0.011511489968126247,0.0035523766738945273,0.10443611664144832,0.8955679016781007,-0.39303436827710037,0.0723189490381469,17.27,17.79,2.7493533267141164,0.5983819487861463,0.1913429293686375
3.450448128128676,0.009113344862213341,-0.8972644782423231,0.2883750066556753,9.877785658257453,-0.005642050636289526,6.985502859521058e-05,0.09911021023789227,0.9306918904162446,-0.41420990906194144,0.0661135521956991,17.23,17.82,2.808515589112515,0.5272892937950767,0.14240076154778705
3.461334487612866,0.010886359484190032,-0.8191672843727217,0.16550607175603926,9.615579687225276,-0.015050281160830006,-0.0024646838025153264,0.09683185191159198,0.9198747652576477,-0.397689815660502,0.08093871149646352,17.255,17.78,2.71816405109614,0.5995355962077841,0.16509146416438145
3.468962096013685,0.007627608400819087,-0.7108735490314796,0.1886337632070445,9.768765348530204,-0.0120164417522321,0.0009172071173392587,0.10063715462606872,0.9156080954404169,-0.3828393643436413,0.06585401954916266,17.205000000000002,17.775000000000002,2.801450215308283,0.6407819011301459,0.1438935231204063
3.481176019585765,0.012213923572080263,-0.7234064627414543,0.2601618489228474,9.770028543264818,-0.017268455425954444,-0.0018106574239037923,0.09928685112079164,0.8935408385042992,-0.40012866780961476,0.07527614171961962,17.155,17.8,2.7106923386083013,0.639171369364703,0.19225103327644766
3.491728554504816,0.010552534919050987,-0.880460588649317,0.22994667017815507,9.715107721283967,-0.005566911823065256,-0.0004852821346466435,0.09832867604244662,0.8968030763408191,-0.39820476818206,0.07082785031316645,17.175,17.795,2.7794811691418397,0.6133292290794663,0.13880947697433574
3.502998430483581,0.011269875978765106,-0.8130760225662479,0.16547412720564525,9.964010747160923,-0.012434006265008688,-0.0054672967260624705,0.09977679777697973,0.9145895912901585,-0.38711554573165413,0.0906546996017784,17.235,17.96,2.7633299358975214,0.670815459398159,0.17314809463303998
3.5121420149912983,0.009143584507717309,-0.8016781641461963,0.06608907784891949,9.768035536856734,-0.01193416443724129,0.005933568212908934,0.09741878165886149,0.933969967667207,-0.3903964294601047,0.07482700359665576,17.18,17.89,2.7761735212375678,0.6115068295555065,0.1630208658028391
3.5233626605262476,0.011220645534949315,-0.7843745675196223,0.20306539313628488,9.740749418923091,-0.0067278124338678354,-0.00484826574735155,0.09937482156126413,0.906851590655679,-0.3891205486384096,0.08387536165933085,17.285,17.78,2.7831158889974073,0.6054632736452445,0.15936034244296468
3.5349653678602313,0.011602707333983558,-0.8651856658300404,0.2785574286975313,9.775484479096622,-0.009524064297798378,0.0035063445559018877,0.09951040049548956,0.9220343749895056,-0.42808139671109313,0.06385792422831897,17.245,17.965,2.7804732618958132,0.616968438004566,0.15666815050157276
3.545314684890437,0.010349317030205753,-0.8053426048148095,0.09489418318346501,9.613218991461762,-0.015694573119860198,-0.003640813059138355,0.09697362132186399,0.9082033956503671,-0.3839263053890086,0.08120564498095967,17.29,17.825,2.7784221953073684,0.6009753603349675,0.13947386164635425
3.555666286229485,0.010351601339048043,-0.8133052238110358,0.240264041412722,9.71269240525533,-0.014803074088002778,0.00017541641776052568,0.09526554653070375,0.9131607141396266,-0.39580135036390035,0.06784897208163462,17.295,17.855,2.811239160111344,0.6569673878199895,0.10181940746465432
3.5660718010884076,0.010405514858922589,-0.6932199020266004,0.2141384557256932,9.852180149448552,-0.010256081433132731,-0.00028456322291557125,0.10209181707402866,0.924358979570416,-0.3784570420035235,0.07561229458495554,17.315,17.915,2.8363343357102058,0.6506246931729092,0.17575871799668813
3.5747767831912984,0.008704982102890928,-0.6901380144715872,0.24633013613483798,9.723238941530099,-0.014750424761002781,0.0012250202324765678,0.0939103400058194,0.9084211724931004,-0.4116517802899948,0.10196959504349734,17.325,17.745,2.8747420308471625,0.6633504111683954,0.14510516420729402
3.584555490170938,0.00977870697963947,-0.7664342663587025,0.25461769134121714,9.707283294873527,-0.020743129708712445,-0.006883168510988021,0.09722031207249791,0.9046072896485234,-0.42231133756011685,0.08916526171750606,17.28,17.855,2.856529363376,0.6360890390922735,0.178960487883184
3.5943267063722595,0.009771216201321462,-0.7860193753232981,0.12784301833198355,9.87839509383905,-0.0125071619386241,0.0006237316780712812,0.09714360593402968,0.9253169694699127,-0.40545046785490085,0.07854381051116097,17.32,17.84,2.8904959620181137,0.650252801479499,0.1632885341727107
3.6049017971687896,0.010575090796530243,-0.7433227757278817,0.05246187515594222,9.880897553046214,-0.018236558610037288,0.0035358407859767283,0.0928685375577588,0.9111891520189341,-0.409189706461675,0.11179875654997251,17.330000000000002,17.895,2.819628723223685,0.5904128589632993,0.18100233133741742
3.616401533539155,0.011499736370365441,-0.8196711004420884,0.1374146711231341,9.815085816234035,-0.005873771595360112,-0.005070715535720573,0.09187802688468615,0.9212077271051079,-0.40089008069867366,0.07063531847317307,17.175,17.91,2.860199133254924,0.671163788078234,0.1738426659766779
3.624813729416187,0.008412195877032387,-0.8459529457185859,0.24996483467728897,9.737354206248545,-0.01164857130588329,-0.004033164442805761,0.09354918381874176,0.9031228663297387,-0.3974005541128547,0.09142158656103141,17.365000000000002,17.885,2.901258087723945,0.6658560947367604,0.10910172351548697
3.634626215870708,0.009812486454520633,-0.8292482299755297,0.13400102203994163,9.754650036212539,-0.01599588115105849,-0.006424422882931952,0.0928265773556922,0.9236684680018253,-0.40986453522043537,0.06442065746340833,17.34,17.89,2.8980845075126926,0.6333988794589943,0.1713827223351042
3.6468483991921965,0.01222218332148846,-0.8045753930910764,0.12000016354400497,9.709532120661553,-0.015193738972041043,-0.005913929329671226,0.08875181700030436,0.9118726416146927,-0.41244453548017845,0.07727857610168387,17.375,17.965,2.8717435927011925,0.6676771407797718,0.15306974377409774
3.6557330168489774,0.008884617656781155,-0.8466789115974235,0.02847794529530928,9.694324257615365,-0.019974115582712743,0.0021739498292370095,0.09182459929229757,0.9131459890478912,-0.40556870165611475,0.06621687989209853,17.27,17.925,2.9327169165107,0.6662882494724294,0.18386749736915728
3.664499641823042,0.00876662497406452,-0.7404372835463879,0.3130764266370523,9.690395037827118,-0.016831316887582985,-0.008830284410549291,0.09534347175245043,0.9097806662103576,-0.41410605673493484,0.08224357004196711,17.330000000000002,17.915,2.895777524198615,0.7301239913188126,0.17300714211228
3.674803101110789,0.01030345928774679,-0.6947755376453786,0.23736688634443667,9.724554696539316,-0.008387922767093079,-0.008748193225914238,0.09916337478738264,0.9030174133030867,-0.41581848250714426,0.0802007638013146,17.29,17.925,2.896645602484584,0.649096752012766,0.17396599568544102
3.686069678896517,0.01126657778572798,-0.8798290291145476,0.23119905537142652,9.691278077962629,-0.0035474673222869093,0.0012820329405019521,0.09612107046926613,0.9076265147516323,-0.403002714317895,0.0765299272547732,17.41,18.03,2.943595923049843,0.6949694096612921,0.15725296119633073
3.696086817979858,0.01001713908334099,-0.750574864207555,0.2455098252792649,9.649010884339763,-0.009587866882689597,-0.0028249935953615596,0.0833306602737182,0.9028362272166016,-0.4016236598482609,0.09049476898945956,17.285,17.935,2.9371923065960424,0.6559540092483027,0.14514908867945095
3.7080802588655133,0.011993440885655484,-0.7698288753698218,0.2124114662471651,9.791722590509432,-0.01288395676090695,0.0029648814303381513,0.09608439955131147,0.9164012391710779,-0.40439375845241854,0.07386232244047768,17.32,17.900000000000002,2.9309206103227967,0.6763238244288537,0.1555855277729109
3.719365449839363,0.011285190973849791,-0.7245623172948492,0.1450164239053616,9.792998748528221,-0.014264423318680098,-0.0075002539326085894,0.09108892348930775,0.9043458853427865,-0.41786537707477356,0.08276124639793943,17.415,17.825,2.9389346452130285,0.7054996333370545,0.12903762633409407
3.730628179939698,0.011262730100335093,-0.752547925603868,0.14975068133812658,9.910356443770661,-0.01638311117697273,-0.005374817230980618,0.09493617330691201,0.8909830039488654,-0.43852625882734153,0.08765573606533386,17.355,17.86,2.9325604567472907,0.6949918159597678,0.15401908031330125
3.7414593546916843,0.01083117475198614,-0.8674260368187431,0.12699918218044365,9.720886738208023,-0.004337608395685172,-0.008697041668124883,0.09287680325437618,0.8887419613059686,-0.4195171588027178,0.06457514128917559,17.34,17.92,2.961449187266292,0.705142080207679,0.13730281472458353
3.7549508343422033,0.013491479650519129,-0.8516367922281503,0.3699286002600337,9.798119257195905,-0.013355745704043359,-0.005698225913792079,0.09192478530474009,0.8877561090211613,-0.42674112262738434,0.0718672233121376,17.46,17.95,3.0171164327732836,0.7202878419981258,0.138777630894241
3.7646430918089044,0.009692257466700934,-0.7479204142521911,0.2021440570999608,9.799504973344673,-0.004155353694532885,-0.013523690350347787,0.09211541637005671,0.9108346240574615,-0.42126544954762046,0.07984795386744771,17.47,17.93,2.9992066070307777,0.6990842351121913,0.1705417971151112
3.7716378083708046,0.006994716561900229,-0.6676947211306267,0.11949923820946479,9.754222518321232,-0.007056034176365571,-0.003799914204997394,0.09231090461795403,0.8928740792556772,-0.4272602715197318,0.0855796160896693,17.46,17.985,3.026223359404193,0.7430133951676999,0.1793836914312145
3.7840441899130806,0.012406381542275711,-0.9266218891752402,0.19194700071530335,9.83415114175494,-0.019614802851330965,-0.005445138175702039,0.0975583320489826,0.9069186654677285,-0.4217851963641871,0.09343308227763553,17.475,17.935,3.0228707581872616,0.711938699382852,0.16893652402264162
3.7933576407666454,0.009313450853564761,-0.7214298992037941,0.0724127086899761,9.83668006540232,-0.015331410099069055,-0.007118778802963806,0.09193669964054879,0.9049298429892987,-0.4327406122825003,0.07701721416894583,17.415,17.92,2.996469851255063,0.7216475512907602,0.16024927155329058
3.8035194614331598,0.01016182066651455,-0.6534676270690178,0.27208626750962295,9.80091810957695,-0.0153610373600678,-0.008613057265758813,0.09617670738720702,0.9025311911518807,-0.43599328856950503,0.07596095484745918,17.425,18.015,2.9734891075739815,0.7392095781909682,0.1519888305607955
3.8154837874604506,0.01196432602729079,-0.7603282387072515,0.09700543773324291,9.754350128936062,-0.013024351274236847,-0.010822450870886057,0.09538095499006657,0.9071082249360531,-0.4119435437393798,0.07033831097269348,17.405,18.07,3.004723950279995,0.7396616673803658,0.16543098393918537
3.8230803981488624,0.007596610688411613,-0.7037084004834293,0.18881162457985426,9.74624794820847,-0.012958866500005647,-0.004454309975445098,0.09415389482607452,0.9040189703107263,-0.43449056978542333,0.08232394344303061,17.455000000000002,17.925,3.0184659575173045,0.7550287786573001,0.15586222014458906
3.8312029273277033,0.008122529178840791,-0.8035735899556686,0.23275505721040235,9.665483128520398,-0.0007460539383345038,-0.01217960064232531,0.08419401156745954,0.8750305254794952,-0.4254561222463232,0.07600895753498763,17.42,18.01,3.0226388683667946,0.7482640199530939,0.17161854819023784
3.838801010422025,0.007598083094321719,-0.7564971311889765,0.1770900044455017,9.710480267272885,-0.017052353602264328,-0.005569269896429849,0.09567097782519497,0.8986034304992662,-0.4165355915957609,0.07619772700580779,17.43,17.885,3.0806004969132856,0.7556868644729957,0.14297614506215592
3.847609805986987,0.008808795564961865,-0.8761688635582248,0.15251047781674745,9.725252058616764,-0.011841845199640431,0.0005400472565416248,0.08921488761111462,0.9057567586501112,-0.4176565755529049,0.07794922229010284,17.5,17.915,3.087328175297702,0.7351779862936678,0.18804923619003702
3.8582692608960127,0.01065945490902549,-0.9334800888200073,0.1441749563974597,9.685167302096081,-0.010308802748967266,-0.001986060961847544,0.09371794413221035,0.9175045841321767,-0.41971899324053974,0.08434229889402658,17.54,17.97,3.133085670435001,0.7169069282957253,0.16342746096109614
3.8690555426602318,0.010786281764219157,-0.6699235310868019,0.13713206999509012,9.810353338270867,-0.012798242241339143,-0.01412094039039433,0.08677082002691663,0.917557723382322,-0.4255147090469547,0.0731240422539183,17.5,18.080000000000002,3.0524366899027977,0.7102294635157945,0.1830469159482282
3.879469953929225,0.010414411268992832,-0.8235596867030115,0.09390369146103042,9.870962540944557,-0.01236758026718391,-0.010413592509987444,0.08573293441254005,0.8866672882985653,-0.4221468591431652,0.07097556858705202,17.59,17.97,3.13159266034672,0.7068939724571575,0.1939935652914391
3.8873508051033863,0.00788085117416145,-0.780748677758566,0.10286314099973551,9.702643174814394,-0.01699978749171907,-0.006706524468875949,0.09823651332442195,0.8965032362293328,-0.41629289587442875,0.08296466406022958,17.445,17.97,3.1377032762176285,0.8128963396031278,0.18335672940134204
3.8938856499484373,0.006534844845051034,-0.8548383725573918,0.25617856261656663,9.798010257368967,-0.01240467179832695,-0.008777606157523505,0.08638488753998763,0.8840920618170848,-0.4263007270346818,0.04834819026916385,17.38,18.025000000000002,3.088217666415797,0.6961218869795731,0.19323791203132795
3.903967180326523,0.010081530378085573,-0.8561160210975891,0.12756823819247426,9.692679016193702,-0.010800401660500298,-0.014254666876255852,0.09461472957135346,0.9145707137256395,-0.44973460907694,0.07250255842552478,17.54,18.03,3.117444853845923,0.8021674843855727,0.1366258005448899
3.9132595162760655,0.009292335949542497,-0.7566543014666852,0.07194809609192376,9.751082249405817,-0.011549622734486068,-0.007263659453708393,0.09033548956428315,0.9091490842966814,-0.4373942300652882,0.06696389136464297,17.455000000000002,17.985,3.1478816201956907,0.7452861129422078,0.1687492814794981
3.9239485949336403,0.010689078657574918,-0.8004399348857043,0.09185069414414716,9.72032902898799,-0.010595169356214242,-0.009014947770125946,0.08798717434295335,0.9021224382855988,-0.4260015700405217,0.09043614839514236,17.490000000000002,18.16,3.117427757738712,0.8096058288297276,0.2014126961481098
3.9350015253729724,0.011052930439331905,-0.71112105575704,0.21946869968675567,9.8237902601246,-0.007241831527349852,-0.0014931567506461041,0.0892872235500534,0.8998600132725075,-0.4401193677222899,0.07391641494648239,17.405,18.03,3.12392901206704,0.7121864712320475,0.19030534438793975
3.9452088875210602,0.010207362148088024,-0.704478588336598,0.18390179561849068,9.721413423631827,-0.009159251436493834,-0.01032536091973197,0.0840760996540503,0.9116200237897941,-0.4184607670992755,0.07264499351333481,17.465,18.055,3.1173497673709796,0.7751433696593404,0.2178002849390056
3.956349087149124,0.011140199628063781,-0.7142564001561578,0.17294720906207267,9.856735409717622,-0.012637945010983075,-0.004817047850829534,0.08902203570562486,0.909506626342484,-0.43617901989223,0.077683735995845,17.435,18.03,3.0742614049468417,0.8301201128169825,0.2156932501737501
3.9666929042102965,0.010343817061172603,-0.720116033930133,0.10590907486969625,9.756225892804709,-0.017624827286956513,-0.014721237355833756,0.08455687840783611,0.9085837533272136,-0.43551462170086547,0.07213816276242414,17.505,18.085,3.1554326342537964,0.8119000153965492,0.18831623287973773
3.9774880012686986,0.0107950970584022,-0.6122133777855605,0.17069783927347412,9.724000823838516,-0.015352930703347053,-0.013935716754670195,0.0871082600705046,0.9011632530865746,-0.4259730533137852,0.07398212433918931,17.515,18.14,3.1406373911008654,0.7845743558953145,0.17803436682073492
3.9864309913743936,0.008942990105695176,-0.8231914829881252,0.07194938259487338,9.6757763960546,-0.013843802354187232,-0.007078383840932971,0.09222710160363876,0.8927673086814664,-0.439754206774151,0.07890932551133116,17.55,18.17,3.136809152217449,0.739879495169527,0.16452571958955242
3.9961615742536467,0.009730582879252813,-0.741456644776586,0.10114653571007369,9.796376018193873,-0.011969187028467533,-0.0057837563806816825,0.08936379787195814,0.9035645062944944,-0.43692844530457514,0.07363980253731287,17.625,18.03,3.1894990420926557,0.7622845473374719,0.17485304785486147
4.006456738398632,0.010295164144985436,-0.6456668243782755,0.19789191364047548,9.847821479926264,-0.014905785436128109,-0.01411064296143803,0.08222880110478027,0.9036663158453196,-0.43050784791857777,0.07348386882995186,17.595,18.145,3.141507026259538,0.8476525605633597,0.17691760124707265
4.017687531111759,0.01123079271312613,-0.6342495714306313,0.1884939260949984,9.798162814129295,-0.01675033026683568,-0.01036171796792496,0.09135631391232686,0.8931772310448255,-0.45510066222767637,0.06758075377322426,17.465,18.115000000000002,3.218187058202345,0.7999253521783922,0.17399502387446586
4.027096919353422,0.009409388241663142,-0.8484106987564305,0.03852657872790316,9.955482522310886,-0.01777254138431458,-0.016132433952948624,0.08774814453468788,0.8912175376013102,-0.4439653360147868,0.06606445347159222,17.605,18.145,3.2160171854833037,0.8119068005247753,0.16814414167513647
4.037878670237021,0.01078175088359817,-0.7587898543852368,0.04694876432631648,9.890850332190773,-0.01963841604852385,-0.01150049339836179,0.08540831172960545,0.9056582692986548,-0.43366015634557886,0.07811523882749163,17.580000000000002,18.09,3.198101340210795,0.8268039583159204,0.19528758900671872
4.047479912049147,0.009601241812126932,-0.6243636488479435,0.12258220054116294,9.751947323960822,-0.013985770251826646,-0.007578690830013774,0.09038583023223735,0.9106059768856113,-0.4420411657531652,0.08049014933304577,17.575,18.085,3.2158634408862237,0.7829927228507065,0.22185188496794123
4.057303598798155,0.009823686749007805,-0.6915461074781356,0.2504357067818686,9.751192300567633,-0.018937001561713185,-0.012820296670267002,0.08654795856949989,0.8861024256491913,-0.4287846691944814,0.06305439574096428,17.585,18.16,3.1898881297462736,0.8381719427374512,0.2072620454777705
4.068547877361191,0.01124427856303611,-0.7156137179622711,-0.04266529994116157,9.814308498103369,-0.01707441150863595,-0.012252761184645316,0.08234511559881513,0.8905412057255206,-0.46008573346443493,0.08483259048499187,17.605,18.165,3.2570682430044764,0.8178107099622238,0.18292357080636187
4.07555828680461,0.007010409443418766,-0.7480427142847841,0.13174522619554568,9.709753043939342,-0.014656514218108225,-0.01588551455659748,0.09426849727126076,0.8964217335705371,-0.461766710023143,0.08480857007116079,17.555,18.205000000000002,3.2457668308009846,0.8419860926928358,0.21013546450753381
4.083613578312498,0.00805529150788786,-0.7606255193124695,-0.0018710778384279508,9.870169195394649,-0.01843433986190285,-0.014085704191805873,0.08665796584095327,0.8974768472040917,-0.4377893175935644,0.08683925531640374,17.59,18.125,3.254421413944316,0.819028255121702,0.19734238378676067
4.091390300216334,0.007776721903835769,-0.7061724992142129,0.05624276090351222,9.805863776073387,-0.011580985515340274,-0.004581296742695563,0.08625645689893617,0.8870962402803088,-0.43742494328405224,0.08001718437804586,17.675,18.11,3.267820007452338,0.7922654394006772,0.19013019038423262
4.097889876036562,0.006499575820227543,-0.7488350402379337,0.07681214489434993,9.797511013584518,-0.010146807880706439,-0.01142346600357541,0.0848401506684614,0.9109120646321383,-0.4485134015789475,0.08332648595701703,17.565,17.975,3.2386700092341587,0.8292229456080923,0.18932860827361986
4.106872479376329,0.008982603339767236,-0.7312324866605932,0.07091136937610909,9.832032121056773,-0.01531592697849062,-0.01586442191723142,0.09101240757204623,0.895962105791606,-0.44326365514093097,0.09871828702949911,17.55,18.03,3.2195276731229643,0.8648467209197959,0.18800918862058796
4.11799663022592,0.011124150849591612,-0.7205071950530382,0.0600954878444438,9.915004118660068,-0.014879171487733557,-0.013287478705065503,0.08398464925881241,0.8966395583973635,-0.44066369758275903,0.07374254472620534,17.615000000000002,18.105,3.3026809497648952,0.8618876727364615,0.2057924753852794
4.127569304126347,0.009572673900426138,-0.7801385203480562,0.1018662006174867,9.790942667491612,-0.010992225238479453,-0.01856694888086247,0.0797246525244011,0.9085573572719108,-0.45698228431389737,0.06620441925395949,17.56,18.07,3.302248014804627,0.8548239796569075,0.19622063563839695
4.137865989249259,0.010296685122912779,-0.6823364534605975,0.05684434840949414,9.768319057895388,-0.016009441276455563,-0.016393761295295205,0.08299638596985234,0.8860939716131162,-0.4566930171677862,0.06121543027370514,17.53,18.19,3.273726378461326,0.8849683054742676,0.17956372119643865
4.149499815494325,0.01163382624506619,-0.49063393776972647,-0.019169048301378028,9.898169420026182,-0.016297185487269068,-0.0070761445184393985,0.09079924036728879,0.8892668590104515,-0.4486069938102788,0.09399181350101068,17.62,18.065,3.3113246820039506,0.8565916627321517,0.17939063172022945
4.161491344692727,0.011991529198401537,-0.8647429465504334,0.15832183708899972,9.854989959849926,-0.008393200798069808,-0.013273073156415556,0.08859460898784013,0.8771716450411645,-0.44236728681459186,0.0939960835190271,17.73,18.12,3.3463381675154262,0.8692180258776332,0.2018646311247667
4.171387637790637,0.009896293097910791,-0.6956650591487646,0.1545967690749087,9.752002550524042,-0.009652930840484495,-0.005293185700419215,0.08405914719423715,0.8876133659074305,-0.4638115474841055,0.06695584519274303,17.650000000000002,18.13,3.3506383427875144,0.8571307413222903,0.20499462385968586
4.183418016624992,0.012030378834354096,-0.7811682930261268,0.1599167465386322,9.7782123985362,-0.010795997098689575,-0.013423155378881429,0.09034469772905077,0.8740006533381841,-0.4550329969794093,0.06879729611807237,17.67,18.235,3.309116324813281,0.9050889859665865,0.19097843366381634
4.193556206612643,0.010138189987651165,-0.6731049678604158,-0.03240180668822627,9.793527051769377,-0.009509977728754448,-0.013341897795050834,0.08765140896382874,0.895992133459194,-0.4562533665535818,0.07271818405962742,17.535,18.13,3.289458835661243,0.8892456247266128,0.1752907482474213
4.2023001092769015,0.008743902664258807,-0.7146495181209479,0.1133845721775704,9.806927722844355,-0.021130454008328033,-0.010768946494741817,0.08342742165422201,0.8923893351900779,-0.4502830496773063,0.0881024446782312,17.695,18.195,3.3015633299748592,0.8673411962389973,0.22354445286806665
4.211408508748604,0.009108399471701898,-0.6564520345271472,0.14210501724326544,9.669545023575163,-0.007815002141084777,-0.024162835278974056,0.08365714338472713,0.8850811507178413,-0.4552267893350328,0.06288329386307508,17.68,18.185,3.338975302338915,0.8430837063944486,0.2199156213833024
4.219187703979756,0.007779195231152476,-0.6225184706018898,0.00429627364231,9.654751887827606,-0.011669669639820857,-0.012772110537369883,0.08549012334613922,0.8865595558519285,-0.4611756612810248,0.05600066673976488,17.64,18.23,3.398385646024777,0.924072199552004,0.15992362991132636
4.227855503199155,0.008667799219399521,-0.7002171396206289,0.0861503523121028,9.707246508475457,-0.00920310001320001,-0.013920658949560174,0.0806802758223795,0.8948577418254121,-0.44387266077037957,0.09724124396523282,17.695,18.23,3.339557988614608,0.8721379977504632,0.2270500811354227
4.237318478167044,0.009462974967888357,-0.6239987108718488,0.07461216990427566,9.701154318768591,-0.011706493828476843,-0.007925382531583806,0.08384544139427758,0.875535270921845,-0.46244950446643285,0.07857851436242717,17.7,18.185,3.351048345641703,0.9004898866327251,0.19671927166353456
4.248523855696112,0.011205377529067903,-0.9008486051851416,0.22950473716719275,9.72694163576652,-0.013069791698455322,-0.010182030586083343,0.08484754222164335,0.8885210470758185,-0.4608027995638019,0.07986533303811998,17.63,18.09,3.3593422466102614,0.973495923587698,0.20545570105140984
4.2611050104428605,0.012581154746748976,-0.5846337609412073,0.23409153340082706,9.829353686771377,-0.014378107373903142,-0.01876741362398069,0.07662506242518194,0.8930103134451168,-0.47471997553804973,0.0731178781089839,17.72,18.18,3.371901491748481,0.932129020299634,0.22526913941302734
4.269031738169795,0.007926727726934441,-0.6809489094734704,-0.05427801239289011,9.765144544877058,-0.011815315590786739,-0.009384792685005094,0.08246386099789065,0.8679003248090964,-0.4665212517134661,0.07972961908230447,17.78,18.2,3.3938188322224287,0.9596777849602605,0.23608961520891253
4.279620979372185,0.010589241202389878,-0.6234881422144858,0.2766987681267957,9.794480748910944,-0.014540084438490709,-0.015563591294113164,0.08180587892269865,0.8921825187039515,-0.4549970578056554,0.05979841633708254,17.7,18.22,3.364172009147711,0.8995626334398815,0.22380869016479685
4.288060163463449,0.008439184091263699,-0.8063069492161444,0.002622269314632164,9.680913385564322,-0.009828778694241317,-0.018260243230168758,0.0869683529790843,0.86828205131028,-0.45756608450723607,0.0664254158487416,17.665,18.165,3.441812244774237,0.9513183530118929,0.20913919519785124
4.2987722090961435,0.010712045632694803,-0.7738956433827793,0.15258699364524775,9.74203931018983,-0.019655050450611437,-0.01401634539070934,0.07527215974846624,0.8834530328491834,-0.45555458469208276,0.075750285411725,17.71,18.28,3.413450105684311,0.9244186065225689,0.17752463998182294
4.308575579120112,0.009803370023968411,-0.6945701474064188,0.15020975098984982,9.826055438653789,-0.01548354507148248,-0.015764153857337405,0.08093541793256644,0.872635141084588,-0.45674958036683166,0.05186389241441293,17.78,18.22,3.499958868331448,0.9386601565196572,0.16516977685059386
4.315829220381341,0.007253641261228705,-0.7067195058142826,-0.008242456456437175,9.826748501806687,-0.0051437603046140985,-0.008908779527659188,0.08039462141943285,0.8983154385402824,-0.4419060883682137,0.071453532928572,17.66,18.165,3.3961411231236136,0.9913138019838359,0.2237431699231695
4.327221665868693,0.011392445487352727,-0.6812995526030469,0.10905593245133002,9.72130880891953,-0.015836313212718292,-0.013871949908494099,0.08594207787104328,0.8720142694675764,-0.47108237685735516,0.07068768575024831,17.775000000000002,18.2,3.4880947630596566,0.9270648317300367,0.2337819499093708
4.3363141647994805,0.009092498930786903,-0.6160436743709755,0.05953989991103076,9.792306029610499,-0.014293705098957131,-0.014548683466711777,0.08175192142984644,0.8667507342362676,-0.48045104126404015,0.07118180422802325,17.705000000000002,18.345,3.489361614440743,0.9397877543952274,0.19125526026967848
4.34551331444192,0.009199149642439668,-0.8428566715214865,0.11101941295539938,9.955380902448466,-0.01687620086927085,-0.011906983632980296,0.08893251813142625,0.8842497336861754,-0.47542130321723214,0.06857458763214276,17.765,18.275000000000002,3.4425770011679697,0.9159504480850046,0.20276562644270366
4.353908685824986,0.008395371383065465,-0.6226587506017848,0.0837850584763415,9.778157019571648,-0.012008665125025443,-0.01126405447519618,0.08423438497196754,0.8784724493599669,-0.47255218593214693,0.06401285202717238,17.72,18.3,3.449742815368035,0.9732078309228583,0.19757468070085868
4.362927260909954,0.009018575084968667,-0.6987357151645562,0.1595965147349392,9.724209000604858,-0.016303589787533043,-0.01263621343229798,0.07976975228247686,0.8672342391335619,-0.4759017699502626,0.05562820794376463,17.725,18.18,3.4411168340687186,0.9335083483891726,0.19764139750254264
4.373569096570996,0.010641835661042376,-0.7143096951989365,0.06821911227987082,9.76588057571122,-0.014108441678604965,-0.010251903927046597,0.08216265660952407,0.8871504288184866,-0.4659783069342874,0.07514900629019158,17.855,18.205000000000002,3.4499099579309784,0.9854695983230083,0.2315247087795284
4.383285230059592,0.009716133488595392,-0.8144118696849559,0.047202387292931365,9.787263741182912,-0.009977176090532714,-0.0136400353460575,0.07959885255880544,0.8616234292008498,-0.45507697594283864,0.0705646167450256,17.685,18.21,3.4848992783934634,0.9093710912474171,0.21503659851595533
4.393778223063015,0.010492993003423722,-0.6550761718913931,0.14663756684450088,9.767913404955515,-0.01617467936573706,-0.015560453315409412,0.0842484455920553,0.8707942999092144,-0.4529484498999791,0.05966493552119327,17.805,18.265,3.4938666671988976,0.9797423693559962,0.20677948401733312
4.404321105843908,0.010542882780893267,-0.8870233766329699,0.10369548859864886,9.77761704181646,-0.010231997998379695,-0.011431085142213845,0.07527655387251055,0.8750214670220152,-0.4640447453474928,0.07389262803398608,17.885,18.25,3.4535418323972076,0.948416517846907,0.2652094361318803
4.4163020983272006,0.011980992483292251,-0.6403839806489331,0.1138890478775092,9.664785203188265,-0.010105040133886387,-0.016929070443989135,0.07707668932214541,0.8883611350900853,-0.44851647834077957,0.07014481150323601,17.830000000000002,18.235,3.5799240326329143,0.9947039062908138,0.18415993023864885
4.425787919100904,0.009485820773703432,-0.81031142096719,0.0006563874487854546,9.703358419333512,-0.0091799099737185,-0.01657291652710852,0.08200882917926139,0.8929498326673243,-0.4741570083181753,0.06834561238316572,17.715,18.245,3.5108589459012998,0.9763953771961486,0.22443047670148275
4.433572632375636,0.007784713274731403,-0.6855794829319025,-0.03104607056225836,9.7685109918002,-0.012842176662158613,-0.009934606068884494,0.08493675556544861,0.8907411485249372,-0.4874620893971359,0.051272279481490476,17.72,18.225,3.5267881522530495,0.9640404914016656,0.193004013657934
4.445173466000494,0.011600833624857974,-0.6977538499799891,0.005296175027277056,9.767369582850971,-0.00044596914503402044,-0.010504271985271577,0.07099856540753233,0.8777611067336222,-0.4614129409911617,0.07949643363767854,17.76,18.265,3.515233688437965,0.9734293613306554,0.2115952558034274
4.454676233742348,0.009502767741854119,-0.5933029721517308,-0.00047678532816809727,9.735405568107337,-0.009198155576255904,-0.01716449392095283,0.08511790428091762,0.8546775901332777,-0.4909903512489413,0.060195495491596196,17.82,18.35,3.533546497871215,0.9635559102974618,0.21833858649173035
4.466348122409214,0.011671888666866066,-0.6994772963828205,0.1102110410852601,9.76667504301806,-0.012123046714475285,-0.019117350449588177,0.07883020295135588,0.8824382511437117,-0.480962191596072,0.07298155735386366,17.830000000000002,18.195,3.54007507010519,1.0191752111228325,0.2330198722812915
4.476923188078988,0.010575065669773705,-0.7391760047822029,0.12369543794208165,9.785840660134074,-0.016931731712153376,-0.011605352926984721,0.07164724317482102,0.892854596676897,-0.4689404948496099,0.06410394392426741,17.745,18.31,3.5591072104569155,0.9670973399539379,0.21159348758653104
4.486726481783683,0.009803293704694982,-0.7227313307900838,0.03163132380904672,9.852227428608057,-0.013821163693994973,-0.014399649621848176,0.066982765632874,0.8901341542533351,-0.4758396197844993,0.06814751668567942,17.775000000000002,18.375,3.5665282138963925,0.9947365831603628,0.21011585937352842
4.497249645624753,0.010523163841069444,-0.5788096153581122,0.15682410072180145,9.773261297636703,-0.007732670367048466,-0.01649243940885982,0.07266462254423696,0.882047732990066,-0.47744685085626454,0.08339315080860046,17.785,18.29,3.5994520683421762,1.0176146310839742,0.21255627095783544
4.5101761644649425,0.012926518840189449,-0.6357951638251146,0.14974997320885566,9.8132794604065,-0.0066057752250491385,-0.019230260082920315,0.07844808963884721,0.8650595842200184,-0.4882284427165818,0.07698206517234579,17.830000000000002,18.275000000000002,3.5923657523470585,1.0612127437330243,0.19737599684624035
4.5232916352585235,0.013115470793580629,-0.7075554618504104,0.05763499213669883,9.738179253623198,-0.0075363348381793,-0.016806222766610934,0.07800395517756982,0.8712319411059762,-0.4774212194298348,0.08275647575887644,17.965,18.365000000000002,3.61706851222017,1.0181731508799627,0.23246836961383577
4.5333957069612225,0.010104071702699169,-0.6940681731238588,-0.02921381755892731,9.82739575830294,-0.010313092215844335,-0.018366020072160965,0.08060026523922154,0.8954619387575723,-0.4679618763111095,0.07459660036113246,17.795,18.255,3.6036496012615427,1.0155325065329064,0.2261001619973008
4.543635992851198,0.010240285889975612,-0.7989384396328667,0.16091973565580878,9.8118094837656,-0.018480569171919717,-0.021084318760678566,0.0756664749082054,0.8615909167010544,-0.4784912451369579,0.07508714527519121,17.8,18.315,3.6189921245054935,1.0354389500170784,0.22983556148759593
4.555250353087398,0.011614360236199578,-0.6406672198808988,0.028138644998071765,9.851156484989492,-0.011513676699039545,-0.01807800329050991,0.07320169809629484,0.8638657811272333,-0.48777593284780224,0.05312304293525396,17.795,18.26,3.6140127832171,0.9700512355519212,0.22048664942025004
4.563981861538246,0.008731508450848979,-0.8111503870147745,0.04170737934557969,9.839073675978089,-0.018431077783972283,-0.017657879763907796,0.07580797573974359,0.8844588930092039,-0.4925357092248599,0.06761410831674075,17.905,18.215,3.658258919482121,1.0000792382840162,0.21857925497334751
4.574481467097174,0.010499605558927382,-0.6085478345194879,0.002754825285816602,9.829223272159297,-0.01941894566875096,-0.020371597447160484,0.077385843092228,0.8703485317414893,-0.48885965864259,0.06836437057118853,17.87,18.32,3.646156584631421,1.0293351748850088,0.24661989690477096
4.584442672825243,0.009961205728069215,-0.6567998556225043,-0.0428645972742131,9.77437252788481,-0.01251565553554965,-0.015397100276100901,0.07797606062701097,0.8624889700715542,-0.47750561863477536,0.08268177258781746,17.825,18.26,3.6396206427715296,1.0235381178593004,0.24417893238624055
4.594913535142429,0.01047086231718633,-0.47443462933615443,-0.09085959164782405,9.801969242493135,-0.011382698906962424,-0.014006383009679673,0.07368748911285425,0.8892150792752602,-0.47869003360737766,0.06520435731836631,17.865000000000002,18.34,3.647012742950847,1.0014627072292543,0.2527055235644936
4.603663481933505,0.008749946791075892,-0.7519703431919603,0.07585096014165846,9.867562295830025,-0.009864521170662777,-0.015406608273704086,0.08027525044918998,0.8782362023783984,-0.49071194314976124,0.07276490811341496,17.84,18.41,3.656297136410613,1.079037548438213,0.23241713377055584
4.611279130693541,0.007615648760036547,-0.670918108416149,-0.03867805985980449,9.730409422378775,-0.011491575032089233,-0.020499318925769127,0.074031695629345,0.8695383773510968,-0.5053187181114428,0.07224215311923617,17.91,18.46,3.6665136167651307,1.0644227849285306,0.25250140807593496
4.618169655539554,0.006890524846013062,-0.5177002972958351,0.2676457765337863,9.73238784651035,-0.011355572453985725,-0.016468684086750854,0.07290060472968432,0.8616552824412097,-0.479466216931995,0.08144143272777726,18.06,18.355,3.669361143339728,1.0638506595409276,0.21756270522121096
4.62649357937007,0.008323923830515589,-0.5648640543592497,-0.06534459891563026,9.79727801703259,-0.017422578913548124,-0.0192978488592565,0.07404328683116318,0.8932934432480701,-0.4931920455044622,0.0683815042420549,17.935,18.415,3.6608716967800987,1.0424672382380686,0.2223933156170197
4.635805566442661,0.009311987072591,-0.7143080298988934,-0.08055082130646628,9.816101473494829,-0.013906026984847917,-0.024684090315923744,0.08032563746968766,0.8722467792901145,-0.4779364225481149,0.07783262031497676,17.900000000000002,18.38,3.7079495895263412,1.0697517981721283,0.2508995519964721
4.645365779062688,0.009560212620026858,-0.6390754306291638,0.05930910580176266,9.717069602865585,-0.019516627711499646,-0.017184765962997887,0.07530333579172584,0.8861282285753413,-0.49301469615161336,0.05233625789340944,17.87,18.34,3.717405776583608,1.0870018734874383,0.2444674823873033
4.658271625806332,0.012905846743644275,-0.6546284672385736,0.13876142453361712,9.77717834274886,-0.021504136891939363,-0.01947231593359655,0.07279729863677693,0.8806379986647265,-0.4961754651555026,0.05301340030059501,17.84,18.25,3.7562841949619914,1.0693009494573342,0.22259962316012005
4.669930615861193,0.011658990054860947,-0.6302209429511347,0.01970265552770076,9.775785619041635,-0.010530113167374787,-0.009845829864203834,0.07904537098149299,0.8660839246339405,-0.4855232520637492,0.04610917873275788,17.97,18.47,3.693877111687534,1.0957253572629044,0.20821281889958343
4.678487479186681,0.008556863325487558,-0.7071841401550747,0.05893428458643317,9.606190699472338,-0.016506503215338603,-0.014510364802546458,0.08373969637625264,0.8658640243082087,-0.4640329073823356,0.07664642537546282,17.97,18.31,3.7387433193203914,1.062284199070053,0.2255928975695293
4.689009041865358,0.010521562678676436,-0.656592416889855,-0.1360266685131014,9.765978226011732,-0.01000545023392376,-0.01764130927318815,0.0757954266417031,0.8850888598994795,-0.48079989584776167,0.07532997144789974,17.905,18.46,3.669792006340362,1.093743599555683,0.2166299965246551
4.698398424510833,0.009389382645474512,-0.7756336973665371,-0.04425903078382925,9.771078995769594,-0.00906317482191226,-0.01961959000363097,0.07970268040675252,0.8849232431242203,-0.48753318869767676,0.07738780291908821,18.01,18.415,3.759357527808527,1.1292525161812315,0.26540077585458954
4.7079718787537725,0.009573454242939858,-0.6352776019645406,-0.07749243771020461,9.770962285897578,-0.015974808966442874,-0.020093947508978263,0.07871832631837886,0.8511953487672076,-0.48592206516422876,0.061467469433738764,17.945,18.325,3.6983532943444994,1.1361846341899127,0.24670488949495478
4.718249867227896,0.010277988474123072,-0.6082447911571957,-0.14486576015052938,9.897189410421449,-0.01113715682502104,-0.024905523893117315,0.07194371865662443,0.8751047717295524,-0.50768013125808,0.062412630119362766,17.995,18.41,3.720640823206698,1.1436180763394386,0.21682102767272526
4.729178623903359,0.01092875667546309,-0.6604668210396235,0.014332244374700456,9.686791570552465,-0.0161437430111169,-0.027997203022962776,0.07425169083305035,0.8680152952348299,-0.5020900920977259,0.06663083318137744,17.975,18.52,3.7687702709316033,1.1172212889241164,0.21191342772135904
4.738669736177533,0.009491112274173976,-0.7697507436288926,-0.1759845003258513,9.718206772880768,-0.0208830742026812,-0.024661799732505346,0.06882273462478647,0.8585651604041582,-0.5165799339027863,0.08209737731223882,17.95,18.490000000000002,3.7476546444197534,1.113832923062316,0.21783069678220807
4.750265513476634,0.011595777299101538,-0.559338315340331,-0.10420592820201961,9.575349268850731,-0.01300664866398586,-0.021521176079862443,0.07289802913939517,0.871114532415114,-0.47490729758337275,0.08437594458302541,17.91,18.37,3.7527058339647614,1.1045984982205286,0.22293147289609164
4.758552606137421,0.008287092660786394,-0.6077286437417629,-0.04274362876777367,9.745957847790452,-0.015383468824189986,-0.02986559419540817,0.07104484087694109,0.8547147676887488,-0.4774560540135339,0.07521545160249088,17.96,18.365000000000002,3.7674552249256057,1.0675426662747545,0.231281005363512
4.7685621147309645,0.010009508593543402,-0.6931114342989276,-0.06788697470635659,9.752908268626522,-0.015260248351761619,-0.02375695831111275,0.07173469375118524,0.8632008635213839,-0.4894326235318714,0.07039270303250557,18.025000000000002,18.415,3.811790568585203,1.0859022452691143,0.2575167423047055
4.782458625320858,0.01389651058989375,-0.6548733720280937,0.02808501182140288,9.743940496857197,-0.0055981309169249194,-0.022758650380110705,0.07006400914985914,0.8594022325216424,-0.4928821601720104,0.08016354487544688,17.955000000000002,18.405,3.7728835528967433,1.127443413493065,0.21674031186677006
4.7927932449347965,0.010334619613937912,-0.7505251392300141,0.019150239053240117,9.873486216600805,-0.01960242351998032,-0.022769622510546546,0.07170475697406947,0.8620339797663765,-0.510395523997984,0.06404672991729425,18.015,18.490000000000002,3.8074014699489442,1.1338812238409326,0.2824879248560838
4.8049430666947055,0.012149821759909259,-0.7101895197017429,0.06424617536492688,9.853878522998968,-0.011966663001613007,-0.024718505963606266,0.07473438851678765,0.8659004731435218,-0.4978296707941832,0.0624534028513238,17.93,18.47,3.807253088210475,1.1849673091290458,0.21856529319035997
4.815080346961965,0.010137280267259812,-0.6692353704984035,0.051296383472852265,9.791388972980638,-0.017476469242228683,-0.023573795484434792,0.07192061176646837,0.8561126447403024,-0.47834209569092623,0.0648688829361889,18.045,18.325,3.8512070016581106,1.1866161485826592,0.20986113276328
4.825951512604959,0.010871165642994696,-0.5258347305351189,0.080615698149469,9.75565244366308,-0.009863013135397829,-0.015457673508349881,0.06471900347875342,0.8816287249361409,-0.49562443014715934,0.05615196801517637,18.025000000000002,18.46,3.86062304160987,1.1314881422336616,0.27246118905255634
4.83586633781337,0.009914825208410962,-0.673338092983072,-0.012403344022947325,9.867525504534909,-0.012301073817830865,-0.019836957422851888,0.06898926967594252,0.8704916846572797,-0.5031963624391173,0.0639870015773242,17.94,18.425,3.7879465515328117,1.1811177352377082,0.2657140854453235
4.845610726441624,0.009744388628253694,-0.5690509017461725,0.010454532276128782,9.783976504989916,-0.011976010835999053,-0.02485635981260184,0.06569670976359482,0.8831727960446643,-0.515729450515399,0.054363195103252535,18.0,18.445,3.882042384754934,1.1466704582609375,0.23622403511896015
4.8544415028465355,0.00883077640491187,-0.6615919059294725,0.025672891665029694,9.720210585650216,-0.01727151586121557,-0.023005658767694812,0.07256963942346857,0.8633262809128202,-0.48488671403317213,0.07560517940836436,18.075,18.46,3.8393291742864633,1.1854669390371808,0.24802377246153742
4.865086954884972,0.01064545203843633,-0.5965781900049054,-0.005633834518167029,9.648511160226041,-0.016552401206031946,-0.022986269676790107,0.07338838886025037,0.8590780699821786,-0.500040701314004,0.07057099233425175,17.95,18.52,3.8731328596397514,1.1940057297630624,0.24916075792010503
4.873809649101193,0.008722694216221348,-0.6259837231787343,-0.05014963187749994,9.750619806989839,-0.009779331380583442,-0.026059805256214246,0.07222229659776468,0.8818547624025759,-0.5174381536138499,0.0792475578345685,17.965,18.51,3.8447524035186866,1.2110562376541745,0.24428033924554995
4.884808026955663,0.010998377854470144,-0.5426172802103568,-0.04674429871518104,9.84644023935929,-0.006402775523499904,-0.026208984509748724,0.06782055328143387,0.8581182652554091,-0.5097807342133933,0.04842796355529019,18.03,18.41,3.89272165692627,1.1640257964950183,0.21626587775237852
4.896435957462332,0.011627930506668865,-0.6528930962135053,-0.08742973706594606,9.968344029274451,-0.011562008152734853,-0.019242582461699013,0.07171848707067677,0.861723747473708,-0.5140162330354451,0.08349166273870672,18.17,18.455000000000002,3.967290630416901,1.2145417484076122,0.19324025640933984
4.906985754573188,0.010549797110855845,-0.7337601476045477,0.010002296679821304,9.79128797317632,-0.01707024324444096,-0.025101425880708683,0.06863347173754551,0.8703520516828535,-0.5031935185829323,0.04852513002908955,18.005,18.435,3.902876836171741,1.1327510551196933,0.2266037698874
4.916556381472854,0.009570626899666462,-0.71655086367077,-0.03279207479481439,9.725256190000872,-0.012122196797935731,-0.02792547894202696,0.06576385415187481,0.8504528003701118,-0.5003770037166823,0.052061605835820854,18.080000000000002,18.365000000000002,3.8928056388552754,1.232203238543156,0.28038098879366313
4.927237329841817,0.010680948368963045,-0.6463407793156482,-0.08004742510016488,9.691827561284468,-0.0037649569550258274,-0.023857621778379492,0.07306423051925284,0.8695848791291578,-0.508121298194169,0.057606064096290654,18.075,18.465,3.90804875960123,1.197463400098698,0.28178861325607635
4.936774320258497,0.009536990416680382,-0.701734950021379,-0.08151103343473257,9.830906387758832,-0.0130622056441729,-0.023336140305119407,0.07317178806732703,0.8679862548626577,-0.4958870214823888,0.07668450947394036,18.025000000000002,18.585,3.8784531650148746,1.2024807046340271,0.23999770587750238
4.948177640946694,0.011403320688197724,-0.5666101965391644,-0.12720191247131957,9.645730521654272,-0.007620804331770224,-0.03184570671477688,0.0734597006948475,0.8744652088241653,-0.5035466174079505,0.06561401732365714,18.075,18.375,3.9749716728713462,1.1467135264229111,0.2267352839370973
4.9554305318203715,0.007252890873677314,-0.6351644717993187,0.04676809534872667,9.83102274053005,-0.016426991235373868,-0.024210885463839173,0.06708077931523801,0.8704306225160897,-0.4941408293984661,0.06076073538333015,18.045,18.48,3.9465994154750024,1.1995155064981835,0.2518758705065215
4.964927120768194,0.009496588947822031,-0.40592893002885666,-0.02678045174683001,9.852536918927793,-0.013630605115795063,-0.020697396577348353,0.07403514562352419,0.8742139099873087,-0.5088963969201734,0.05506321470337331,18.055,18.48,3.9132215338577483,1.2562175192638338,0.2556398341590027
4.971940902775508,0.007013782007314003,-0.7334261841229245,-0.10322416171303138,9.822114587129802,-0.010981378829580894,-0.022453819804894696,0.0671981580173878,0.8598768669809935,-0.4752839851542517,0.04907464138885319,17.98,18.505,3.9197194782662432,1.2059884475750624,0.2592774881987167
4.979698311530167,0.007757408754659193,-0.5764650067874394,0.02923371469496259,9.76974133748413,-0.01186730886595091,-0.015438160820286151,0.07162577110921972,0.8520970138012774,-0.511837511740236,0.07398755395940068,18.080000000000002,18.435,3.956772665718598,1.2437768109521807,0.19716698455508383
4.991744104874888,0.012045793344720864,-0.6804097867375353,-0.082226529803091,9.832668003547047,-0.016517282591362148,-0.01950548908240528,0.06671834210026915,0.8814247191216062,-0.5159306210366807,0.07037796946303519,18.145,18.41,3.993752547255596,1.2289834021752941,0.3115500710719943
5.003086882347845,0.011342777472957529,-0.6271978641774683,-0.15173746303897173,9.80129707077663,-0.01668497418853235,-0.01885732464384382,0.06763066010845933,0.8446832221737712,-0.5178211960006521,0.07566043915851128,18.1,18.415,3.9401868043145494,1.2650836853966478,0.2716892335314475
5.012007661997918,0.008920779650072815,-0.5744759769309652,0.04104399600240047,9.725489476916739,-0.00948981255554153,-0.013564876724223681,0.058656584134264535,0.8453909752511245,-0.5101855139354675,0.06590192274466211,18.165,18.585,4.0151361929417515,1.2430881617670815,0.245588033987871
5.019753906813857,0.0077462448159386545,-0.7701300471001563,-0.08486854747975126,9.935874293328865,-0.00867319721905323,-0.021829689203076763,0.06697263477342863,0.8650524692447675,-0.525719880045852,0.035336333641756465,18.14,18.445,3.985077689738386,1.2129871576007614,0.23561358848199182
5.025307113557094,0.005553206743237523,-0.5639387724265577,-0.07550652717200952,9.759780019168524,-0.007388207419294266,-0.02427944752414329,0.06842915216584165,0.8754685524990022,-0.5058996019641195,0.049184618949529135,18.1,18.48,3.9642868940342564,1.2452166457428646,0.27004252903943043
5.034491870295195,0.009184756738101048,-0.42863368777102334,-0.04097823690082955,9.850095378704626,-0.006216588981356172,-0.02115121302086155,0.06623343827748533,0.8608128203992144,-0.5284273335664063,0.06606841249410852,18.075,18.64,3.9853861547553566,1.2958349393235544,0.26072078830626005
5.048122492813566,0.013630622518371105,-0.6141268025974207,0.04494170169908663,9.594725309176505,-0.012886947017376233,-0.027452306532990755,0.07461446949777029,0.8684641520185635,-0.5085395831029604,0.05740783220493473,18.09,18.47,4.062590125932605,1.2690844429471653,0.25341864422077787
5.058774819220762,0.010652326407195472,-0.5546956063827752,-0.046575529965846914,9.890472151750224,-0.014664627717920665,-0.024916276663423713,0.06271777229276487,0.8381652766058967,-0.5242773100818074,0.05526904399926166,18.035,18.54,3.976860847590421,1.255636667920815,0.2613362463812691
5.067935460791688,0.009160641570925766,-0.49143617040019316,-0.14558063779949645,9.905975948005871,-0.00801088171103942,-0.02805069530924814,0.06492216880014146,0.8528293776213244,-0.5150991717469425,0.049611200803177935,18.11,18.59,4.003750620258754,1.3310860144417787,0.2504241731817622
5.078633081105938,0.01069762031425046,-0.5841391165829619,-0.007860434601917425,9.791002039917338,-0.010556561689668544,-0.023999037239651994,0.06333362106999779,0.8387375342370418,-0.5058476084522056,0.06986815856946836,18.14,18.59,4.062691801882103,1.303199786404682,0.2613079090582007
5.0862916435764465,0.007658562470508336,-0.6157680042314836,-0.0914003010494149,9.833417541139045,-0.017334233188532576,-0.02829219514457315,0.0645379665509212,0.8650326089564102,-0.4892856051481827,0.06477348674548045,18.240000000000002,18.45,4.0466259236166895,1.2965154913589145,0.26822061813174364
5.0958456585324,0.009554014955953547,-0.7491800985134186,0.09689815200704652,9.833522398793782,-0.017533275353767322,-0.028548595234119706,0.07071893956734195,0.8414467460454138,-0.5236444439813273,0.06499704331874011,18.17,18.490000000000002,4.023901252571397,1.286018211992549,0.26108514411159195
5.105994874741923,0.010149216209523608,-0.5135248772621709,-0.0558550476325355,9.73755153222752,-0.011424806615394079,-0.024270092884067694,0.07229302692387954,0.8438128597558621,-0.5149375843809285,0.05340735673171365,18.095,18.555,4.08455497836955,1.3031764750430923,0.26059330491128135
5.115865723764192,0.009870849022268428,-0.5715924353468708,-0.23615276010762903,9.832873277502264,-0.01409541249160491,-0.026594075708871193,0.06337100839737182,0.8614129873974593,-0.5212243285497855,0.06126993820423286,18.065,18.655,4.0937329613790014,1.3087958197822733,0.2831708614606841
5.127051932946727,0.011186209182535121,-0.6409727922321183,-0.030555628928896704,9.724559413641174,-0.013484783227361078,-0.033887878438040926,0.06304769667737306,0.8665310892558821,-0.5233089881971982,0.045860180306371706,18.145,18.5,4.082090403139597,1.2257018802121287,0.22397949917996807
5.137568900786081,0.010516967839354078,-0.547390505433618,0.09473615781771091,9.740686746625784,-0.009081912317420168,-0.032125983290810664,0.06109061127783674,0.8539856250984049,-0.5223439403131515,0.057685054611678624,18.21,18.52,4.062034544545102,1.307998367191173,0.24053328564632334
5.1485713898132435,0.011002489027161996,-0.601646383631065,0.0634779760549461,9.879686374177252,-0.0103283489864818,-0.031024028146466657,0.07071330321628942,0.8609247627991484,-0.5075620194275667,0.03343637821054146,18.150000000000002,18.580000000000002,4.0752948912042655,1.2965267311784363,0.2576151619125836
5.157538831389897,0.008967441576653861,-0.5951240277057978,0.08244355394187255,9.867620455018596,-0.0080386878825157,-0.030073331167254535,0.06978379335864876,0.8603144563506178,-0.5211773583470822,0.042815292483427844,18.2,18.595,4.1046233437687745,1.290601306798608,0.2429682210472611
5.168885554502513,0.011346723112615822,-0.5016735864829809,-0.14743130161026918,9.733285543631366,-0.021076116793947948,-0.025017881168335355,0.06463729535741887,0.8524206767033494,-0.4944265521163844,0.05499458361026231,18.165,18.6,4.065630367543687,1.305109071589374,0.25025158491109684
5.181328959923949,0.012443405421435988,-0.6542990096380661,0.0051293193722937586,9.731271233300243,-0.012327138466797744,-0.025946239402159236,0.0592150130300186,0.8432323923955721,-0.5134399678302831,0.08166144183809866,18.225,18.515,4.154585885194974,1.270203608997543,0.28458904176553496
5.189873735644472,0.008544775720522882,-0.46140823468463593,-0.1269699685325032,9.738420517448448,-0.010555472370866022,-0.022660979491996757,0.059392843520838734,0.8595574359443325,-0.528165055527608,0.039690658036950016,18.09,18.535,4.172462692627052,1.2668014476278162,0.2563077773912104
5.1985421921609,0.00866845651642816,-0.6549354305007575,-0.05265405163612215,9.848791769758414,-0.019433820775444567,-0.02401201154872311,0.06511936580068066,0.8597651832687639,-0.5222024110724859,0.04504616680191742,18.285,18.585,4.121178030677972,1.3624588780943403,0.2231608915797008
5.21054586866538,0.01200367650448035,-0.593252064657184,-0.174352870698888,9.710337146308119,-0.015937502055257097,-0.022875031244719856,0.06638110583427694,0.8621955595975573,-0.5272027185881671,0.0593490068475046,18.13,18.650000000000002,4.148354837297582,1.3446481287337617,0.25190922944334443
5.220258852685338,0.00971298401995741,-0.3840542109469516,-0.1256255277751392,9.818998386417716,-0.01667194152475139,-0.024841346259354694,0.055714229021631825,0.8560701639224033,-0.5117064868394103,0.07463093597978938,18.245,18.565,4.180863015133859,1.2630268701407077,0.26204679982708706
5.232364584773437,0.012105732088099836,-0.4447626746517188,-0.13010260789454228,9.850365156965202,-0.013213106013497017,-0.026575492261689884,0.06243794699193629,0.8408843380102006,-0.5367440414859931,0.05865211040518084,18.19,18.580000000000002,4.213447826410942,1.3239099407895667,0.2623088191772517
5.241700781205599,0.009336196432161725,-0.5248650164047973,-0.005609058646586534,9.783677866523313,-0.006780512881407261,-0.023123698405319547,0.06999908618209402,0.8591803028725473,-0.5342643110749159,0.06341441162180661,18.205000000000002,18.525000000000002,4.2088099117866085,1.3720842226956746,0.2731200880843217
5.253883349570005,0.012182568364406067,-0.6049289998668057,-0.01537995872923116,9.871698959904398,-0.005190935989023333,-0.023982254112141162,0.06239824818124335,0.8518824897770046,-0.5274181555565522,0.052705688862727806,18.2,18.7,4.119583643582449,1.3431039948542058,0.27211575660489884
5.264080578295213,0.010197228725208179,-0.569515686907898,-0.058918175268891065,9.766679620326867,-0.016529347520094512,-0.026271134784787997,0.06901104996351763,0.8467512174040414,-0.5152132313162657,0.05071367043242898,18.235,18.6,4.170175061613499,1.3937463751989394,0.26037532216633036
5.2744679215301975,0.010387343234984043,-0.5187405513147153,-0.19075315452160255,9.77404868640819,-0.011156500867469641,-0.02280840147561349,0.06542871487515863,0.8483094176977802,-0.5102600081110472,0.0563737969910015,18.255,18.66,4.202801991734026,1.3928782316942994,0.23982223441446013
5.286814998562702,0.012347077032504858,-0.5185288482377791,-0.10961744935616394,9.713134757547852,-0.011016047510845452,-0.03741441823738624,0.0582337617119207,0.8439705608330339,-0.509433636704683,0.04864899503845543,18.295,18.6,4.182628436564746,1.3266242093465719,0.2554881781404234
5.296272342846536,0.009457344283833744,-0.5264361839281109,-0.14588123611061893,9.872808828647047,-0.011691759650108477,-0.029298741940799317,0.061199648620630466,0.8594692759451323,-0.5184356446974528,0.062228269913621584,18.32,18.61,4.258346521756584,1.3675808210769334,0.25233435672472654
5.304860659702649,0.008588316856112563,-0.5194777305968896,-0.017984435664300386,9.730221899509052,-0.011638046568325264,-0.029455531938143174,0.06167332800862366,0.8361348546168619,-0.5250101434232414,0.03869831357430413,18.26,18.515,4.260471733575327,1.3625786695339137,0.25952103335781784
5.314187813390606,0.009327153687957468,-0.5318112867510526,0.005212910387444661,9.819643268879915,-0.01200982983553089,-0.02372487117239732,0.05818003790269677,0.8400941719099438,-0.5167193968503003,0.06341611322133021,18.345,18.48,4.19441725319709,1.3388463709090388,0.27951496253597363
5.324866314316571,0.010678500925964708,-0.627317749056121,-0.006228338440566028,9.786090959222319,-0.006463849324591323,-0.022167677997875137,0.05788377013009046,0.8464135872841615,-0.5366630951777384,0.05462793565391718,18.255,18.69,4.222384867623247,1.342056452240893,0.2743073587862265
5.3325176757083,0.007651361391729229,-0.5513368691277188,-0.15237223193160432,9.707669885616903,-0.008796490228666416,-0.03433788900964314,0.06762768544298345,0.8656045588715019,-0.5440590768918403,0.051885168870956795,18.315,18.62,4.210760915526292,1.365205545451922,0.2830864690102545
5.343473882062277,0.010956206353976683,-0.43405232717367304,-0.3128568481840946,9.74330178810582,-0.01743565678591824,-0.023012100692831078,0.057458158254031534,0.859675204781431,-0.5218088487823589,0.0373115519571199,18.285,18.63,4.23597054434599,1.3754657465398266,0.259467518070544
5.35266572508585,0.009191843023573384,-0.6143352881659437,-0.23650963674962666,9.902774841959245,-0.010002502723508956,-0.03344239474233401,0.06548574182646019,0.8324439617888049,-0.536702242980475,0.04369837904429871,18.23,18.55,4.24225613222255,1.407647963614583,0.29776982129109225
5.36438744407695,0.011721718991100345,-0.5170184932572437,0.01671878762626175,9.808423881269528,-0.009603378461045864,-0.033448173318503915,0.0591764746274323,0.8620097091148928,-0.5278957136015445,0.0651688502604124,18.28,18.57,4.286820197319094,1.436169871528949,0.28163434697529605
5.3707960536196,0.006408609542649293,-0.5657801362048734,-0.13012737618402967,9.71163896403473,-0.011906058332775136,-0.029889409552651184,0.06068332741104387,0.8617961943917013,-0.5263717060215702,0.050924082780242796,18.3,18.69,4.236553402034864,1.42336739510943,0.2707356484565203
5.379616204956943,0.008820151337343747,-0.4890080372805296,-0.1594820420788646,9.816906695400066,-0.00863054384457841,-0.0303195960430091,0.06284526930575222,0.8362951042614138,-0.5255331790100206,0.055556250106090804,18.27,18.735,4.191605946011549,1.434760292618903,0.2809873336286785
5.387086502730092,0.007470297773148848,-0.5270661295124124,0.030806106337596215,9.780883753814171,-0.012395636823451723,-0.03536015408335073,0.05804436186081373,0.8225951190452692,-0.5190133151936479,0.043774880376782704,18.3,18.595,4.227816449356654,1.4078881683428088,0.2557675820772651
5.395847158530547,0.008760655800454072,-0.3755007913213352,-0.0007800958825458365,10.0690047042966,-0.01233618597238384,-0.02662004274274417,0.0625233118521595,0.8468236215797572,-0.5205109991205515,0.052041927424598136,18.335,18.675,4.251956636731371,1.4382470198785204,0.22753084714704247
5.40621865738221,0.010371498851663415,-0.4504523525641158,-0.10167698475136858,9.815618472080002,-0.012641234145750602,-0.026611598865489063,0.051844592504349245,0.8584584992828694,-0.5274012747023152,0.038328461191386526,18.285,18.650000000000002,4.2712467412862525,1.4207674262913832,0.2580703541442447
5.4159498174440355,0.009731160061825369,-0.5933674199093564,-0.12864280325907165,9.762477846674852,-0.021187877541450663,-0.02521540021530736,0.06158131279565889,0.8628553196474785,-0.5342569103838337,0.05278271930676488,18.115000000000002,18.635,4.304142639329671,1.4167290607989367,0.2856187074325077
5.425569751090613,0.009619933646577978,-0.432188763219187,-0.11725772225349278,9.90664755856176,-0.01342516320498471,-0.03126605204462072,0.049742799148909854,0.8379469592477562,-0.529237199197439,0.05522628334754871,18.395,18.755,4.273655492511776,1.4915917359901147,0.27273160486749326
5.435330973783543,0.00976122269292991,-0.5452760983680957,-0.0900569198456304,9.645881215888192,-0.01576490617979851,-0.029792170824478145,0.05850083872897226,0.863884102555812,-0.5367601077905689,0.054457131881510065,18.28,18.62,4.277347605088317,1.369544414654189,0.2688527033195285
5.445636056144473,0.010305082360929915,-0.5267261995446066,0.01814887753503569,9.800834641001718,-0.017825204785153023,-0.029862259426576925,0.06260476081057828,0.823778702563318,-0.5332703213565018,0.041930188943882,18.255,18.725,4.293852517937051,1.3883118723194494,0.25511783894998485
5.454123252081558,0.00848719593708534,-0.4531983706578973,-0.07739489612058001,9.952945810086607,-0.007332907551484068,-0.023075991266393172,0.06149532590856802,0.842125919694601,-0.5055411059788284,0.047310020973592125,18.240000000000002,18.68,4.29489982327418,1.4601570962133965,0.23335599398637402
5.465183526542907,0.011060274461348576,-0.5146842868598268,-0.054851541384908366,9.784228638335954,-0.011038360891684366,-0.04127825078087709,0.05357566406516028,0.8413073293031422,-0.5304419467885744,0.05579445365168657,18.29,18.66,4.320377864731213,1.4461613417467132,0.30148488614889024
5.476177525498485,0.010993998955578226,-0.4009622610955014,-0.021121949152684866,9.654992146735887,-0.0131606058161055,-0.03388101370709318,0.053855100389152824,0.856678776513038,-0.5282967240547882,0.04800072174456588,18.285,18.745,4.327684155389508,1.4164101811281102,0.26933944523050274
5.486755082404969,0.010577556906484152,-0.5314983343808906,-0.209900431894885,9.762108874253167,-0.015286912002921203,-0.030138145192722548,0.055552318455793004,0.8578276204789502,-0.5403667464073323,0.046945112534903195,18.28,18.685,4.374537957768758,1.4330916297333434,0.2653938549213584
5.497589882569096,0.010834800164126895,-0.5161192312524366,-0.05763920724133347,9.910272297933194,-0.011828904483995237,-0.034611603977233694,0.05881947865074117,0.8540694279388643,-0.5236341176344873,0.06854751604093554,18.285,18.665,4.332643514971595,1.4423412561237414,0.2610478653764159
5.508034509570309,0.01044462700121299,-0.5162739254554017,-0.14323279538141714,9.824119745708552,-0.009034030074732994,-0.0314070335417295,0.04972273679702616,0.8307166442653551,-0.526733983373909,0.039707499732030936,18.365000000000002,18.755,4.359758669628636,1.5020006036417932,0.30004679605122153
5.521087119524405,0.013052609954096602,-0.5054522158605861,-0.3230013891444708,9.727078972464401,-0.016290124960297588,-0.031007712449415078,0.057517306361236246,0.8524684047043882,-0.527287279951582,0.05965082164471987,18.46,18.75,4.364327997666601,1.5180569785969087,0.2931733430391968
5.530956478267826,0.009869358743421236,-0.3695606809301498,-0.2935132673999977,9.739483309708733,-0.012988144744561447,-0.033231567397887365,0.058603888490886664,0.8486463121444631,-0.5332815240507922,0.03701837216669012,18.39,18.75,4.412650629620344,1.5357570101799733,0.2566451527349946
5.540495853440324,0.009539375172498135,-0.4045687404899287,-0.20620214620283767,9.749637607544908,-0.009483416024710525,-0.03043654380265817,0.056020982987117725,0.8265675815292566,-0.5255406134198654,0.0548400286667862,18.415,18.45,4.391202474474793,1.4436268892998108,0.29970725657493974
5.549365562069788,0.008869708629463933,-0.31562973608865874,-0.08364202139355992,9.823412100174762,-0.020687318742166474,-0.028268374896872943,0.059063687755994694,0.8223538844737709,-0.5235843726369717,0.055119143211379555,18.325,18.71,4.434274899810715,1.4546830535022048,0.2739094870360356
5.557817168063921,0.008451605994133245,-0.268674920897779,-0.11835669010289142,9.901669334094908,-0.013161680527545884,-0.031808080936302406,0.05767548970544771,0.8531606976514807,-0.5338677461261915,0.0426906528602666,18.36,18.7,4.374778912004846,1.4568239897900273,0.2649741135064247
5.56595046038252,0.008133292318598388,-0.530286730791155,-0.11398143762020395,9.878900791007291,-0.014636983631417537,-0.03275434552455369,0.054438944974313334,0.8407463286174813,-0.5382260513600821,0.03538473160879002,18.385,18.69,4.414215889419673,1.5426000635152777,0.2716709730666737
5.574617264412673,0.008666804030153623,-0.4397838416719519,0.025992266192795405,9.83128691358982,-0.013442664353093044,-0.03168789052808949,0.04867421903396553,0.829447323887842,-0.5285389618903678,0.027604258165186687,18.32,18.73,4.405182538283698,1.5207618199520945,0.26225709182237184
5.584511243840195,0.009893979427521894,-0.5367512782661128,-0.23315304858350025,9.688386802950676,-0.014899460516840463,-0.031149089757922365,0.05673953521563332,0.8399348947252971,-0.5469861466312984,0.04087013519241821,18.34,18.71,4.3933967206557085,1.5155774375057076,0.25193654258748926
5.595012686532942,0.010501442692746572,-0.501922053556734,-0.13545643141615252,9.688802466910436,-0.012326984869703442,-0.03818032448038172,0.05216730552485851,0.8453580676666927,-0.5456108389280486,0.05197747309742724,18.42,18.740000000000002,4.436344325026009,1.5252950703648196,0.29433133470369005
5.605089399620771,0.010076713087828242,-0.4872878919768507,-0.11047517244581104,9.837810460244496,-0.0051679628537103575,-0.02946790478791467,0.053449018047451786,0.8406031735515828,-0.5394288455427233,0.03564441255277686,18.44,18.685,4.498216635032903,1.5217313101013445,0.2748281971005496
5.613941096704626,0.008851697083855432,-0.5189580140584066,-0.19510826250988206,9.687611539660905,-0.014144822848471454,-0.03320111869145689,0.05748799270311743,0.8256613410447433,-0.5567158681949707,0.04713061028490662,18.38,18.795,4.427544408307603,1.4942217093113526,0.2919652906684657
5.625291373550656,0.011350276846029945,-0.5153260142330177,-0.13570352593107282,9.777329974259764,-0.011664983907883654,-0.026456699588235724,0.06099594719356224,0.8597165800132814,-0.5315452480681744,0.031062912855383144,18.31,18.755,4.458157984687728,1.5489273019375618,0.285847692540728
5.636400492559107,0.01110911900845142,-0.4395640838366691,-0.2676895673407488,9.819829976917111,-0.0048357021389928406,-0.029241402975938927,0.05493458866272462,0.8505908878666988,-0.5499557353089753,0.04316034796883151,18.37,18.745,4.431275284705892,1.5335100216293753,0.2915430497600439
5.646161020097974,0.009760527538866975,-0.5225787747826156,-0.02841428278287278,9.704597459977984,-0.014999516694277003,-0.027015046091034,0.05709232354645563,0.8369214321853113,-0.54548352410148,0.03373968306469659,18.305,18.745,4.434473622569041,1.5079763906612873,0.2400618438161067
5.655181645880977,0.009020625783002932,-0.3552942745014017,-0.1971331225985442,9.713762340690389,-0.005526520429683001,-0.03582168454377365,0.04890328141213914,0.8370722334904317,-0.5433082360600517,0.04416234678078979,18.400000000000002,18.785,4.461663490864736,1.5657398901639819,0.2640225199358485
5.666004287762221,0.0108226418812447,-0.4929835233555715,0.01823340274721824,9.788290895699502,-0.012746668872675436,-0.03336137606108143,0.05542940814277711,0.8433166241864329,-0.5412685348518318,0.03960887492998757,18.415,18.78,4.4802153998733605,1.5411730994939428,0.29319316215054175
5.67628624814345,0.010281960381229157,-0.1918418729701349,-0.14846587443175263,9.83622324030057,-0.005623803607602133,-0.03693830746368909,0.053985404500958435,0.8281401213615309,-0.5455574664219235,0.03240865265135558,18.39,18.715,4.489558760115599,1.565940584640893,0.2567321583102391
5.684114057254328,0.007827809110877429,-0.45046159514098905,-0.06483251124127372,9.880936445565615,-0.009737839766605546,-0.03485931895289235,0.058972647757109295,0.8424464353568104,-0.5431430848661506,0.03748894606640539,18.42,18.785,4.501044016626721,1.5593053822132124,0.2900103814591153
5.694012086870351,0.009898029616023393,-0.4057284377259273,-0.15286822331587607,9.84468445875898,-0.011493937420035856,-0.02711818389449963,0.05167976492246699,0.8256391583483883,-0.5435045034111312,0.03443863999882718,18.435,18.740000000000002,4.466085136882201,1.5947815150608278,0.2551373507834234
5.704405140588462,0.010393053718111571,-0.5121039270649361,-0.15266540080989205,9.80212244858413,-0.012967637108614155,-0.026268495379391132,0.0526501208861627,0.8379552262747111,-0.5478372469046071,0.030327673808331963,18.43,18.845,4.504851546722699,1.5798853200422018,0.28369986815042597
5.71305559840873,0.00865045782026837,-0.269474209049967,-0.19826022914034397,9.736625072043736,-0.015186773344544671,-0.03688692820198194,0.05766464886966848,0.8267376120409254,-0.5514790483840198,0.05403289188984476,18.35,18.8,4.545419460604861,1.551134903163277,0.31591795417781426
5.723340363497987,0.010284765089256164,-0.3134029187163447,-0.14359002523405906,9.71075524012989,-0.01237002960266661,-0.03421719992384736,0.05283851844684458,0.8269612943842125,-0.5333824264528939,0.0392919408409926,18.41,18.7,4.497627771466584,1.592501637883291,0.2996199962303715
5.7311581297701,0.007817766272113317,-0.37692438291087316,-0.1288814551966417,9.755638545698977,-0.00907038828115905,-0.03275659547417647,0.048601922010899565,0.8543862508149876,-0.5655819279386052,0.02063385127039467,18.45,18.88,4.533807553566438,1.5974346707984508,0.2474230332197745
5.743162408920118,0.012004279150018256,-0.5049026833087767,-0.21890484410250594,9.829426894985819,-0.012691551988638387,-0.03021261769603881,0.06298366416355189,0.8381951198941276,-0.5471158260095248,0.03605745412137675,18.525000000000002,18.615000000000002,4.56259208334439,1.6082103614321022,0.30187709811949254
5.755034333897707,0.011871924977589147,-0.3768128829056597,-0.16798783937483314,9.823682825448792,-0.013884878492051967,-0.03969557246121577,0.04820537703706655,0.8393556350137129,-0.5502599283801906,0.05107435077350637,18.42,18.785,4.53957910073188,1.6299630725188263,0.321817148447488
5.764655557896252,0.009621223998545553,-0.48054195076380063,-0.20826550577290767,9.628857924681254,-0.013604547597005846,-0.039149767745221366,0.05205228408839111,0.8169083259864032,-0.5417961201142943,0.034018560460155334,18.475,18.705000000000002,4.580780411491087,1.5852878667211316,0.3416851239778386
5.775200739403011,0.01054518150675861,-0.2707189001517192,0.0229025512546239,9.734101563329084,-0.008612736561288078,-0.03086787861342945,0.0534690618033172,0.8307687097160456,-0.5609776361924242,0.056285260711519895,18.5,18.865000000000002,4.533106360056428,1.629160175867722,0.29565140321086364
5.781585856454311,0.006385117051300187,-0.32107806724069343,-0.16922476240072928,9.893379863394493,-0.007670535783169873,-0.040675850808886464,0.05301421732027209,0.8411797422138105,-0.5517043779890991,0.03254436792119526,18.435,18.77,4.610361630797084,1.5606219294297172,0.2591056294736104
5.789851334963913,0.008265478509602001,-0.3757222550715914,-0.03968974421485211,9.803438217611168,-0.015224831557154392,-0.0347354741719229,0.051005358793218665,0.8382880394128592,-0.5480807914995823,0.04588976392221756,18.52,18.71,4.601112483509328,1.612970066804835,0.2954017096810657
5.799410666583685,0.009559331619771806,-0.5754197750618409,-0.18041617569872978,9.68383415824373,-0.01521315218479809,-0.03237873827079504,0.05081773962302406,0.8145516257504815,-0.5367603406717143,0.05092609184508042,18.53,18.745,4.599244378504785,1.6131954533649588,0.3189895481454301
5.807802467051545,0.00839180046785971,-0.45667709435060333,-0.14530203594731325,9.985742340041462,-0.011005934258929505,-0.031433150327736185,0.05043479964832785,0.8379403535489138,-0.5444922971871687,0.04480119619752299,18.54,18.72,4.637845993045378,1.6691454523762659,0.28364179670283873
5.818874061775491,0.011071594723945989,-0.31966820938831464,-0.27343922673429283,9.795068298407143,-0.006392691515298085,-0.03375262166403746,0.04667026434210478,0.8392414052663165,-0.560112724692805,0.02620981421364124,18.490000000000002,18.745,4.602831064232333,1.6266660074530592,0.3086574473890414
5.831870006571613,0.012995944796121992,-0.2737551848485436,-0.20547101858346017,9.828254625806302,-0.007894499762501214,-0.03475345681390737,0.059452454608924746,0.8480707646361593,-0.5536938224022994,0.030124417718094855,18.61,18.75,4.6042807189732,1.6562312888048802,0.2714816842239691
5.840105084492469,0.008235077920856048,-0.27957210623797135,-0.15411240258674283,9.829547892827112,-0.017470290414870256,-0.02997793769661395,0.049792600178779414,0.8284644999073993,-0.5402997699479664,0.05099206279120043,18.435,18.725,4.670395139157903,1.5893462875589148,0.2960220718015642
5.848848889386342,0.008743804893872211,-0.49302755903980333,-0.04540068631817187,9.768260459188488,-0.013502502952674172,-0.03228472269122868,0.05287016469716709,0.8123671124597418,-0.5615288809442467,0.03097097192918266,18.605,18.79,4.691238925354114,1.6361185888715337,0.23910110750014638
5.859202061938807,0.010353172552464896,-0.3384097697239815,-0.1560903800088771,9.739558655507023,-0.016148689482899027,-0.03609505161182512,0.04891865250669027,0.8245498453678841,-0.550732898921064,0.04844832015911861,18.525000000000002,18.8,4.623259938179311,1.6265804399113668,0.27025908658726167
5.871618736161556,0.012416674222749433,-0.277524988324253,-0.0650292560254988,9.967612988197804,-0.01347221341843874,-0.033452939217279355,0.048568077579440934,0.8232241059649437,-0.5505449813321666,0.03399718247298196,18.565,18.72,4.650300205781668,1.7326002197366106,0.28958641162344984
5.8797851746927465,0.008166438531190146,-0.488948625040449,-0.12570204904475105,9.878209981955884,-0.005968523618718742,-0.03213431114303336,0.04798764469629487,0.8413503249481071,-0.5546436229685648,0.03945624143801637,18.47,18.68,4.691409530799787,1.6425195440700457,0.2827311493088808
5.890158728876207,0.010373554183460414,-0.35375102644251094,-0.04833330029803021,9.8638022932826,-0.01805606202826946,-0.026873573704284625,0.04338423429819871,0.8065480813119514,-0.5242481374968243,0.023852117967582534,18.545,18.805,4.665773615418351,1.6700475385679676,0.2643505157613733
5.902890677152427,0.012731948276219663,-0.3273180512645915,-0.18516678557100671,9.844264256442658,-0.018815735109091465,-0.030698000994531852,0.048663925327857266,0.8289045898229853,-0.5558454055334384,0.03122598609190739,18.585,18.82,4.695846051645617,1.6781906362239218,0.2808125110482222
5.910413038430158,0.007522361277731099,-0.37098075825877525,0.00964268530396295,9.717962274361005,-0.015639368620216955,-0.029041767827500377,0.04751455932034139,0.8474534512339917,-0.5475217078707114,0.028316012988055334,18.435,18.835,4.707263457300236,1.630578165103846,0.2976586904246298
5.918491434619889,0.008078396189731251,-0.4926116265428301,-0.22162097059540578,9.900500965448549,-0.011159550120322588,-0.03640285201950782,0.05365272227603643,0.8330613151954617,-0.5600046752078697,0.03906730359692898,18.495,18.825,4.673256409807277,1.6666396742190266,0.2896183059187549
5.927856024710198,0.009364590090308742,-0.36761266706763956,-0.24551206049386104,9.730929352102665,-0.009806674794994953,-0.03612668049417224,0.043975801835673754,0.8417139758695014,-0.5474362067669953,0.03744386125392655,18.38,18.89,4.709976050618449,1.6993881153590462,0.2928804608141091
5.937075142090914,0.009219117380716884,-0.3648979691645917,-0.2823816387471846,9.821122259733675,-0.010520954120531487,-0.03503935242551908,0.04625311898699693,0.8160989538111381,-0.5443703799741537,0.04084297778787163,18.5,18.855,4.704370478870925,1.6945701986616908,0.3066124951383106
5.9482940440225445,0.011218901931630467,-0.34709107117113264,-0.0007752787180173581,9.667403609019948,-0.007544761850757246,-0.03475399504163666,0.04472342033149201,0.8162135264144424,-0.559399307575202,0.030950924195327276,18.465,18.96,4.676760194080817,1.628776561738509,0.2854851285050361
5.958656533602276,0.010362489579731257,-0.37711154775676703,-0.12325079303684063,9.635373229204227,-0.019278204565331775,-0.03828675446532693,0.05386139724282019,0.846345034389988,-0.5544722182257493,0.0262202093256656,18.505,18.990000000000002,4.691620713579565,1.6861324626085175,0.31987539443271
5.965994090512813,0.007337556910536808,-0.36519625185949656,-0.21663200730932405,9.824166312344708,-0.007457075707411121,-0.029243533167619015,0.04445364890662728,0.8328007034421528,-0.5631638841277861,0.037113085165665284,18.7,18.7,4.707433145979933,1.7375599577543592,0.2731480217179977
5.976767206117164,0.010773115604351216,-0.3295795677963105,-0.09158732497925381,9.734063811618617,-0.013435967724067795,-0.030850453764798346,0.04994553467490958,0.8325519835693992,-0.5660729656547087,0.024641655920335494,18.63,18.675,4.763222127496933,1.7301564174937818,0.33184478911164583
5.985900897786131,0.009133691668966524,-0.28815832228881705,-0.13785415844252688,9.639732697922751,-0.009242100122366627,-0.035670919089540454,0.05137774987722122,0.8201102531141741,-0.5446134572564335,0.04542586993320584,18.445,18.81,4.771295002769668,1.7537806658872097,0.31584087083180357
5.997812568611542,0.01191167082541186,-0.34418554546206026,-0.03735086903855797,9.8422106010226,-0.017436133327958268,-0.03196447549905715,0.046652735740858285,0.83200415964764,-0.5609786717006098,0.03310964080009376,18.57,18.84,4.774193694126606,1.6938452309100283,0.28684111315332284
6.006871187306887,0.009058618695344621,-0.3497653758181615,-0.31981291435997766,9.968640171914721,-0.01210295199480335,-0.03370232770466838,0.04153231622826284,0.8193132019425008,-0.5799206689289295,0.030698711471596238,18.585,18.81,4.771927247905865,1.7665422233595882,0.28846196754901726
6.015916264382233,0.009045077075346646,-0.30676593809943714,-0.21855656914910576,9.910269479035634,-0.01115792593024237,-0.03177653877540685,0.04138553956969066,0.8424186393713574,-0.5384747587188188,0.03828689161105366,18.52,18.86,4.778125038383922,1.7314785073465706,0.2986674499028228
6.02672796179844,0.010811697416206797,-0.46442665389198673,-0.23593065585249426,9.778602957943725,-0.007456196254847337,-0.040106386425002,0.050045210986209544,0.8575631488627279,-0.5645581063569349,0.032548225183886705,18.555,18.805,4.782452635138869,1.786196222938219,0.3068425943432355
6.037872351521946,0.011144389723505406,-0.26907696992301844,-0.3584713778562645,9.799981085893439,-0.018395483599114196,-0.035386581866496104,0.041320474952224115,0.8348521837333847,-0.5594199216760135,0.01636638804298787,18.565,18.78,4.794996148427068,1.7443259905949378,0.31710319721381114
6.04854450056785,0.010672149045904305,-0.303912519968915,-0.11732604977377041,9.870370245782022,-0.011907587196486116,-0.03510697111733878,0.047697926661196426,0.8234038968424531,-0.5409461493596133,0.021982325892190416,18.475,18.795,4.8053042183832515,1.6883593069167528,0.26872549186124617
6.056016104591773,0.007471604023922788,-0.29832665191137436,-0.22488545235628432,9.889179499777509,-0.016354709962679355,-0.032429388840823505,0.0464240476989744,0.8042358196021714,-0.5590506787277323,0.04292802947921459,18.495,18.815,4.754703568521136,1.779153953036088,0.3045120754465433
6.066823156251665,0.010807051659892377,-0.22121580916043002,-0.14567428306351587,9.772005677374727,-0.009967279518936705,-0.037508116171452076,0.047239139895224616,0.8124669817473079,-0.5596668769792394,0.0328337772187308,18.57,18.88,4.78150664350715,1.7460065844838415,0.25375615534374696
6.075271694174154,0.008448537922488402,-0.4516150896497496,-0.01730504135122643,9.802283883970155,-0.00886111091074227,-0.04504860137269209,0.04743239768051573,0.8446571657546338,-0.5706265692281042,0.014900411702706375,18.57,18.805,4.780895193687951,1.7524339967657439,0.2927909429145409
6.085624608341536,0.010352914167382396,-0.45000058840257756,-0.23586609245143933,9.823672746582732,-0.006797503772056069,-0.03944182786292567,0.04158519666116995,0.8185687285387222,-0.5750727968487459,0.0348948846205372,18.525000000000002,18.815,4.853001119176152,1.725535369767601,0.3257189217672143
6.093489006688438,0.00786439834690141,-0.2676813992280495,-0.24245171108366148,9.843989048522213,-0.014068110646397737,-0.035408982706322964,0.041245934979320976,0.8249646856942517,-0.5606753096340823,0.025520676541063193,18.525000000000002,18.87,4.875504415880876,1.8219045525494562,0.2685173198601273
6.104158489909753,0.010669483221314596,-0.2867461837979367,-0.20082818113595655,9.789106916738987,-0.008194243778992171,-0.03497609334529192,0.04777460899238962,0.834972732712512,-0.5557707891355567,0.022014225262806636,18.57,18.825,4.769077396953186,1.7631868385135105,0.26519171425237664
6.112948591553292,0.00879010164353894,-0.26974905376696556,-0.13262630465964922,9.790206342005744,-0.006438945815661339,-0.028551162989079202,0.04220542287635103,0.8430343127060415,-0.556661175629681,0.01901828431186329,18.63,18.91,4.88790370302801,1.830672463089738,0.3018429039527194
6.121024639577901,0.008076048024609218,-0.3177442070731522,-0.25812198044917434,9.910254264726465,-0.01843649469117517,-0.033004762388712375,0.03354569577014273,0.8260250584107874,-0.5648194740905433,0.04019740819842937,18.575,18.79,4.849817490788795,1.7747146136829788,0.32540376433449486
6.132095369782625,0.0110707302047236,-0.22407016254768003,-0.2648753877999169,9.896702926839152,-0.009387848035559837,-0.03507689347426903,0.04689932374563724,0.8237141815051687,-0.5602003711750538,0.010173870740645824,18.685,18.775000000000002,4.886172897437113,1.76562403124263,0.3044721116310247
6.14245783656514,0.010362466782515126,-0.19927267737157928,-0.1313310257309881,9.838201799191884,-0.007978417346636062,-0.03559484151462872,0.039932730225464085,0.8282347181335535,-0.5791436553481009,0.02110722403086537,18.55,18.865000000000002,4.8790111527879265,1.8384799600333166,0.26015778637086845
6.151536871363051,0.009079034797910654,-0.2322383939846137,-0.18693392234095607,9.937596018158342,-0.01282551818095979,-0.03110245624820196,0.045747829872045384,0.8210306753742475,-0.556491138994377,0.030379864637596062,18.605,18.875,4.914060034696585,1.8014617493170593,0.2648355565594186
6.163713639636582,0.012176768273531596,-0.2878903671379097,-0.3825691750985514,9.769228458529623,-0.016604198838929607,-0.037951082856816074,0.049184338456289126,0.8212865425124949,-0.5599071256643356,0.044553806218216155,18.575,18.8,4.88656910777932,1.8081553073305807,0.30078105329900323
6.173052661004228,0.009339021367645386,-0.4326171711759419,-0.31837418871517875,9.930039811265733,-0.007966494596763494,-0.03620591803245248,0.04347589473855015,0.830928007829635,-0.5421111878132561,0.03399492795000949,18.635,18.935,4.846603746758127,1.7765263672250597,0.2754901304154163
6.183100822515184,0.010048161510956402,-0.1992060992660844,-0.10169622685917855,9.843664297370044,-0.01651167082820947,-0.04005936832022362,0.04717218061160613,0.828431197549216,-0.5621225428192177,0.01965787615951823,18.56,18.975,4.892115798461614,1.8065363668606442,0.30207331535599
6.193504192686701,0.010403370171517901,-0.15962862222877044,-0.19114185418060617,10.06200725353271,-0.012401321842658339,-0.03008559726033474,0.043576798816633934,0.8476563084748742,-0.5719838901484399,0.04306086788677336,18.725,18.82,4.91880839089557,1.8386073560435048,0.3035300836925631
6.202574693785508,0.00907050109880708,-0.20285210567849526,-0.28557835648626906,9.704979765575423,-0.011825843693707577,-0.034241949951977685,0.04911295334976992,0.830522094546378,-0.5633764869889283,0.013909753558233725,18.51,18.95,4.9038800995925484,1.7915536187724839,0.29004838603514926
6.213281398225608,0.010706704440099895,-0.3213001215286102,-0.23977511705196472,9.745292251634586,-0.008776386935977674,-0.03870119031027969,0.03828064016106276,0.8374021954532246,-0.5665135752810463,0.029752150994099467,18.72,18.72,4.938376436615328,1.820006343096585,0.33641048428266007
6.222481219704862,0.009199821479252914,-0.1940231277446957,-0.2264041230693497,9.833995550591842,-0.014121887685889168,-0.03637913078331942,0.04229498982752139,0.8149701212491519,-0.5592015099682816,0.031664908562794365,18.625,18.93,4.923792233135099,1.8284238095505558,0.3121556885887469
6.231863762221537,0.009382542516675686,-0.1760180149619033,-0.16994917109420513,9.83232233914223,-0.014329909053524648,-0.033933274997234295,0.04481527311025202,0.8307235278837112,-0.5635972282192082,0.017657512302364946,18.655,18.82,4.915157147028759,1.8479887279396519,0.3248109298240983
6.243907726181242,0.012043963959705011,-0.11621228068426692,-0.33919193199091374,9.956619867759215,-0.011165184926114876,-0.037038829322491494,0.04109753531845437,0.8179725649714459,-0.5768707871820894,0.03303519550859173,18.705000000000002,18.93,4.909760201489337,1.8967529189261365,0.3192849751955734
6.252346847102474,0.008439120921231351,-0.3082392101703564,-0.29901192945235955,9.747183420143035,-0.007513627850685643,-0.03821818372108163,0.046283460233376414,0.8289688917949014,-0.5809110025972068,0.020633038481106446,18.68,18.815,4.937112907530462,1.8478342547533295,0.29807578582528366
6.258727676606079,0.006380829503605765,-0.25417212015041935,-0.21080955004527951,9.8730800873215,-0.0023729237084652906,-0.038730530209021605,0.03980684876281209,0.8317578208460469,-0.5621369942671627,0.03250586876095405,18.59,18.87,4.9599398496492375,1.8394967531303539,0.2973412079325573
6.271144082098597,0.012416405492517841,-0.17219212439352946,-0.24240059761358185,9.893746918583464,-0.017520411570472544,-0.03482120738132537,0.04954088555015245,0.8250968408733498,-0.5513462195171687,0.0067346616202081655,18.67,18.830000000000002,4.904623216274155,1.9491840653474595,0.29557039291175374
6.284968074027508,0.013823991928910505,-0.22282745907964815,-0.19062868697436505,9.857190037071431,-0.010192979115995357,-0.03767901530510179,0.04944979201354878,0.8483676032880615,-0.5648383434011713,0.028007574696194897,18.755,18.87,4.950691844724665,1.8611322076060208,0.3154645927788786
6.294360170129334,0.009392096101826002,-0.3137073876888413,-0.3360692778535492,9.723983651511082,-0.01577577129550767,-0.038108497478796174,0.04188383833682212,0.8383688427244804,-0.5578055334136723,0.020214973737362474,18.59,18.995,4.921454889550647,1.8733948162581235,0.2890496827738389
6.301454913068404,0.007094742939069722,-0.18880803049151385,-0.2101425058479088,9.91351748006017,-0.007335611172057829,-0.04167250415223256,0.04281075877311495,0.8357070096563655,-0.5560409707273882,0.03558972216701016,18.775000000000002,18.88,4.968328282192089,1.8721481427923228,0.3367180285409493
6.31098918710411,0.009534274035706084,-0.1725308546315912,-0.15273342250520905,9.899286741134791,-0.015139673276082545,-0.03606387126285529,0.045158481345152705,0.8313706157608455,-0.563809468418499,0.023325454301035723,18.675,19.015,5.030130042495809,1.8796489463170822,0.2875126166282478
6.320559852679349,0.009570665575238996,-0.208616872811746,-0.20246468649012878,9.848950563374778,-0.014058492627548623,-0.0371450690661899,0.03543365490997094,0.8411547025013533,-0.5749300661309918,0.0359284420033269,18.63,18.865000000000002,4.966024528067283,1.895376055162506,0.30693002334264813
6.330274966917815,0.009715114238466615,-0.194865047098566,-0.23164919543078435,9.817374206881153,-0.013690858647957192,-0.03775256391295482,0.03472193828991976,0.8089425796296211,-0.5651427012187957,0.02817774501575267,18.605,18.98,5.030211074344298,1.9258391849315695,0.29826958271230136
6.338604884854933,0.008329917937117228,-0.23036222520541363,-0.2516197479459867,9.819150652481843,-0.011616048790403267,-0.03570960572956838,0.04481341233507151,0.8368368250133712,-0.555289967953217,0.02153934735721197,18.645,18.795,5.101018169225773,1.9147720573987532,0.29401374777634465
6.349474226568647,0.010869341713714717,-0.08778939538938413,-0.3122622578393126,9.794808375778462,-0.009988908199483029,-0.03356245503240169,0.04064595192353806,0.8129899916640564,-0.5624054889529254,0.030315905306109732,18.545,18.88,5.067558091767502,1.9407596344827163,0.3467055654452226
6.360260987631577,0.01078676106292913,-0.27451531681097147,-0.2527444383882221,9.85241352772539,-0.009317397013624207,-0.03379685244187116,0.03840805429425361,0.8170304424338025,-0.5605608150904964,0.030006894085795772,18.645,18.865000000000002,5.036291094956884,1.9455223725956923,0.294701074885813
6.368019379201848,0.00775839157027104,-0.24685908038213933,-0.14729248819173762,9.803671907451774,-0.01125393928804375,-0.03442665749795095,0.03918888867531698,0.8281240757995896,-0.5729111050332936,0.02651687487673352,18.655,18.990000000000002,5.064032280619418,1.92459946100337,0.2975465764103707
6.37906817429939,0.011048795097542332,-0.19530662658580247,-0.2591327286946645,9.733341157273776,-0.01651987659272649,-0.037648529119767,0.029358600423134762,0.8346103211696312,-0.5706523826182774,-0.0015081219154464698,18.61,18.91,5.005723219112591,1.9355346373206956,0.2905805940473664
6.392147201772309,0.013079027472918836,-0.12149685445267193,-0.3226152016625949,9.717383663135026,-0.008252773138383466,-0.03900997388564635,0.03785450737802095,0.8104693121025361,-0.5702194034101972,0.011135361167344463,18.725,18.78,5.009712522202614,1.9645007275238724,0.30494165841679893
6.402405142270965,0.01025794049865559,-0.3081688580045133,-0.29223513420778197,9.741144152054439,-0.011347030513827665,-0.04096085977388194,0.0353802678945629,0.816666718654839,-0.569859549532488,0.034445496710156946,18.67,18.830000000000002,5.0656975017189145,1.9033911545331328,0.3022933335097175
6.411899154527862,0.009494012256897241,-0.2900205074248012,-0.23810315019991832,9.819109853720471,-0.006461521846107345,-0.03919712638741994,0.04185715973128528,0.8225714031903433,-0.5579554702900845,0.0077146094973924734,18.645,18.845,5.084125797377944,2.016757181033958,0.2821152993144801
6.42168614970625,0.009786995178388718,-0.3449308335232278,-0.2854060815435013,9.799214862334107,-0.013911706523575536,-0.03678572877679911,0.04195102591536593,0.8195312640017398,-0.5934028117667896,0.028757724653714435,18.67,18.965,5.112555980786956,1.9316770760923836,0.29619633808283935
6.4326090348567035,0.010922885150452841,-0.17562709978715502,-0.21820844493770683,9.818633211179927,-0.017458761911392378,-0.040053175483387014,0.040038839790701906,0.8297119133508295,-0.5699539396578776,0.026616654280569207,18.715,18.96,5.071093393786506,1.9423824261616707,0.317078242136354
6.440013027448443,0.007403992591739173,-0.2652169913020136,-0.21622531250287325,9.841493221233572,-0.01116458692673564,-0.03655293097849735,0.03915210978128669,0.8553801905775307,-0.5712755106907081,0.012036085314587925,18.7,18.895,5.099673520804578,1.920526285097866,0.32555855746476003
6.450259613502909,0.010246586054465953,-0.20306685558776474,-0.1883433544366067,9.75127246006056,-0.0058152153321582925,-0.040838625740072555,0.031356928816511954,0.8250065347587378,-0.5845000168544198,-0.0010168332701898687,18.655,18.885,5.106553854345847,1.926919462888747,0.3056812833802894
6.459673917578715,0.009414304075805785,-0.1162196543771742,-0.14686935482366056,9.918737324633582,-0.010328051053181905,-0.04365652507879064,0.03950314134411093,0.8132716022120857,-0.5643453238838235,0.012916962828178068,18.71,18.96,5.105104429007083,1.9966620749729298,0.30654590396255665
6.472445655098149,0.012771737519434069,-0.21614363023097405,-0.18283427351979914,9.780101658643693,-0.011733381243758022,-0.033782472721487,0.039379071580215357,0.8074025261299133,-0.5786824702369965,0.038938837002578955,18.7,18.855,5.116727645340469,2.0424132512282753,0.2983642594857322
6.482184395997441,0.009738740899292563,-0.143027474402391,-0.33857249041672094,9.76686892849311,-0.014387622250240522,-0.03899323436011425,0.041629466547409025,0.8169210428377212,-0.5752912835765586,0.009184352990225597,18.64,18.95,5.1007751576061695,1.9625294020726398,0.2956985667530485
6.49468622741412,0.01250183141667928,-0.18124852157708818,-0.33781995461519837,9.840163769781661,-0.0038384165154983427,-0.04048828407561971,0.044848417144340215,0.8105234613945776,-0.553594455018024,0.009435580023229312,18.695,18.945,5.144452687250094,1.9966972249246884,0.287560367536565
6.503030616367447,0.00834438895332699,-0.10070699718797563,-0.2727336167455874,9.654670837314638,-0.014963231726610553,-0.04154467217337214,0.029423066548300247,0.8244370941066413,-0.5622220724400468,0.007109026982436709,18.75,18.91,5.148350123645993,1.9973778777351554,0.27495299745300705
6.513911505117651,0.010880888750204189,-0.11277819751110535,-0.3042424900057814,9.738372067687395,-0.013714073016256927,-0.03551433651608946,0.034401761412995994,0.8240685838265284,-0.5668873321144354,0.028849872973744244,18.755,18.955000000000002,5.137691258419359,2.0266459135659076,0.2922080983701566
6.524390605513338,0.010479100395686844,-0.20258792283917085,-0.3606333482558186,9.880121544091141,-0.008501070489544457,-0.03174192874145824,0.0327577696628171,0.8147125070654738,-0.5691212728016748,0.013903803446626202,18.71,18.935,5.178947059807093,2.068852911865394,0.3244992016952513
6.53308703464154,0.008696429128202827,-0.1577722681010924,-0.30607748499413234,9.662658248577895,-0.018179194613714162,-0.03888235127232348,0.03622698904696653,0.8390251728747973,-0.5748206294616844,0.009767337450740689,18.765,18.96,5.196515498248824,2.0526145310822885,0.29806101613231617
6.543353128813496,0.010266094171955412,-0.0572914689869958,-0.3100872857300584,9.891075921317972,-0.005625789350086454,-0.03816521300189358,0.035366455392657994,0.8116231838028556,-0.55346721177134,0.029798928850918432,18.67,18.855,5.1939182859564,2.0053702255236883,0.2997803953470483
6.555171907068743,0.011818778255247402,-0.10529986093382329,-0.32746362057601763,9.922579948289567,-0.00819155360859846,-0.03305343381242329,0.03411855551326749,0.8175568170963348,-0.5657674626399658,0.02104172028573336,18.675,18.975,5.151436399592912,2.0347810545728446,0.29956076171989215
6.564686219512313,0.0095143124435701,-0.24528700507057902,-0.30025552771599234,9.772146623769617,-0.007062418493981276,-0.04461084568190819,0.03895767122652427,0.8249614673905044,-0.5815469192240864,0.005717539804346828,18.72,19.0,5.1930342667690566,2.0429052807182533,0.3318982313255444
6.5721482755385585,0.007462056026245355,-0.0785376341076496,-0.18171559910066876,9.825058262714077,-0.008404040048562794,-0.02952391619166932,0.030278779677807927,0.8273488769558168,-0.5882569716463663,0.0024106218127663143,18.830000000000002,18.96,5.168454507924133,2.0274983177545183,0.28853937349990055
6.582121931298842,0.009973655760283832,-0.2143545496343146,-0.2613856336192115,9.891252712697005,-0.011250350831514721,-0.027644200822166093,0.03030236679314223,0.8310158710471817,-0.5688593229990704,0.025875068774627953,18.75,18.98,5.206382129882736,2.000622717272134,0.3127823895307747
6.590768296656654,0.008646365357811232,-0.011633662060509531,-0.08073311393913513,9.76439241655915,-0.014831763631065323,-0.04827071588968719,0.03018135557479521,0.822362750828829,-0.5753204890648771,0.01415491361345391,18.725,18.935,5.182923744595765,2.0142211636671217,0.30598594352117336
6.600254785248658,0.009486488592004176,-0.03946671207848146,-0.26609976504116695,9.871167244202404,-0.011110058254182204,-0.0378619117367363,0.03263006270397607,0.828409734843983,-0.5893064245483461,-0.0018399555208982558,18.84,19.0,5.2557759819472585,2.077770736932701,0.30883582654511527
6.61013240359413,0.009877618345472319,-0.09482753485844646,-0.30425738007360015,9.748062114355783,-0.014419943598881855,-0.04037466575180494,0.028941637799468897,0.8110660596057894,-0.5709951776314669,-0.0045309530514179505,18.73,18.95,5.248572990962087,2.086222300369216,0.31248810711861164
6.617573925270107,0.007441521675976724,-0.10289448726470649,-0.2817076959576271,9.763551643425771,-0.008551110359078464,-0.03857782888355125,0.033499484175956516,0.8267604282567704,-0.5781690050421779,0.0018755991735411905,18.885,18.88,5.26539696424739,2.046493588187346,0.30883582796154874
6.625150437761126,0.007576512491018983,-0.1296028112711037,-0.2625213041567392,9.737818088221218,-0.00724482949172082,-0.0392120466838072,0.03286666717833382,0.8264874787487125,-0.570372311761031,0.000371978898320113,18.725,19.0,5.268196789894376,2.0646649262881507,0.3236441426209115
6.635873538014414,0.010723100253288289,-0.05492612994115081,-0.24963590769322477,9.829182839805698,-0.004530914731071788,-0.03431875798010442,0.03014888507312739,0.8323727761379447,-0.5715431284214424,-0.008075145949182948,18.695,18.855,5.236788652311713,2.0985755670863666,0.3073237645657352
6.645089459970159,0.00921592195574548,-0.1357120143845858,-0.1195330457206853,9.894412603574786,-0.008921909288025139,-0.038038933543112316,0.03658921275386986,0.800391840277383,-0.5822834670634437,0.0010627001318279927,18.75,18.97,5.239238067112163,2.0165380562638853,0.34290121103270704
6.651242343457429,0.00615288348726915,-0.08509446582353627,-0.3541044339077126,9.787048111825856,-0.006691125029519612,-0.0412471556469707,0.032722112336548766,0.8078929056360848,-0.5700319368873153,0.0026479608163437075,18.75,18.93,5.308997831830712,2.057620594128951,0.30897196652693465
6.662419609512341,0.011177266054912203,-0.03035059986127589,-0.21922139983904088,9.700079709630344,-0.011542337528442604,-0.038318556157998354,0.036967271496342935,0.8249946993695046,-0.5816274997859622,0.00681388142793539,18.715,18.93,5.260401837234495,2.137627848438077,0.2741336237639888
6.672828164145252,0.01040855463291136,-0.14147636890271115,-0.2726869260197519,9.715163959132655,-0.012233505348742268,-0.03559443015595921,0.03170984453552676,0.7900632553460163,-0.5812434502820754,0.027998837784318296,18.925,18.97,5.232734452950493,2.091736706493317,0.32107784168221976
6.681757351909197,0.008929187763945275,-0.14275978595947653,-0.41616037209337076,9.833348073722092,-0.00839696417718079,-0.04240820637450603,0.03219888400874604,0.8213379896009907,-0.5824641060920638,0.008082876666419433,18.79,18.915,5.3104723852196,2.0537439821378776,0.3162441265697033
6.6897821065926095,0.008024754683412638,-0.18625539808191321,-0.22986199580515532,9.94930820002972,-0.011811602164392192,-0.04427547201976103,0.02986988267511794,0.8268738322040814,-0.5660341883344062,0.008789237300730567,18.8,18.990000000000002,5.290741197746417,2.095511358438704,0.3091323153589096
6.701035818437081,0.011253711844471506,-0.17199372485208825,-0.19157050064540176,9.833273741690686,-0.009152431301707693,-0.029742923182157988,0.03184796024448812,0.8103138676366897,-0.5804317004125497,0.01515577576064668,18.75,18.965,5.340271411959237,2.1287716528109732,0.3033968403002196
6.711559844370922,0.010524025933840645,-0.22948596211192107,-0.36291846586604276,9.770819579176084,-0.014439611387354268,-0.040304617235416146,0.03449614804883839,0.8115916340120627,-0.5641631967035399,0.007314092848564772,18.745,18.93,5.31048473380664,2.027473857499459,0.2663920886062381
6.725133747794948,0.013573903424026111,-0.0201538416437883,-0.29681301325810094,9.863058156775615,-0.013676844365629803,-0.038310281771386775,0.029706712831982236,0.80491648750163,-0.5603872588752327,0.013203582576750224,18.845,19.045,5.313045032091936,2.1165691176048687,0.2698654766459571
6.735764030693035,0.010630282898087406,0.06983589556838435,-0.4354960465738355,9.782595706139295,-0.007573663184627408,-0.03937148943813767,0.03319460950842248,0.8102592117888873,-0.5858688860552669,0.011627963299857607,18.69,18.98,5.367611320011578,2.1059151418886652,0.3418412619683713
6.746345585404928,0.010581554711893022,0.04279706579250199,-0.3995316737569386,9.771483502965332,-0.006533501786982636,-0.035606465798071196,0.027640016460454685,0.8103678713235355,-0.6079479909403624,0.00966900299513916,18.725,19.01,5.28381806612598,2.0736114082140955,0.29726516786949725
6.756095193509765,0.009749608104837153,-0.1979531732886674,-0.21623410010057367,9.725059745541854,-0.013990458545786979,-0.03072397409179928,0.03371539315684641,0.8082993287626348,-0.5685273189400231,0.03575868433125728,18.78,19.055,5.319914587259131,2.130661038935226,0.3283621354488533
6.767320357310566,0.011225163800801187,-0.006004403998176658,-0.33882428425771655,9.914399501164501,-0.00732787186313363,-0.03551332391039082,0.0281157739429704,0.8075613233691207,-0.5826598312782761,0.016803160674157408,18.88,19.06,5.319492738568851,2.130251359312744,0.27707059396768924
6.778257985112438,0.01093762780187223,0.05355195815135384,-0.39160893174093425,9.598572819637248,-0.012104557401632753,-0.04392311378617493,0.033604647390720936,0.8120445913553636,-0.5881606054545531,-0.003517328474616851,18.78,19.01,5.288677353061301,2.139611767747507,0.2882694987444318
6.790135572625285,0.011877587512847792,-0.09265867681907064,-0.2860568503054101,9.865521054987436,-0.009867539641663406,-0.043403217333975244,0.03018404532676408,0.8117258326523586,-0.5856643076679745,0.010576212427900564,18.830000000000002,18.96,5.389863507850856,2.1363941267174167,0.3228566025098577
6.799353588247329,0.009218015622044074,-0.04481275894589773,-0.3473745172973073,9.764578150071811,-0.004234561862884215,-0.03947513373574097,0.03582395433154629,0.8331457690783725,-0.5841395449042364,-0.0013740494899784862,18.81,18.895,5.354037342167812,2.1212546196761117,0.30729074083609786
6.808700477037913,0.009346888790584056,-0.21032904134356853,-0.34442850631707184,9.7688345698308,-0.006640605683740648,-0.03896427419033436,0.024921136462690764,0.8103089846619043,-0.5672351732716895,0.010670415579537726,18.885,18.995,5.405111202301074,2.113376607357963,0.32014892410736917
6.817981822281546,0.00928134524363203,-0.02514936663636716,-0.24878673879980223,9.937030100633864,-0.006655379645287965,-0.044790480336910556,0.023431453816867454,0.8175407416204677,-0.5788206055078717,-0.007877134233819881,18.715,19.05,5.396762054477797,2.1413924477911834,0.30917444828070767
6.829168024863314,0.011186202581768483,-0.12770373943229446,-0.40227778785636925,9.744492480762393,-0.0021653529171756234,-0.03463812395971696,0.02662882783498669,0.8081489463789783,-0.5678379024445772,-0.005604736815333916,18.86,19.005,5.4119074780894225,2.194031848525818,0.30535151479827494
6.841415586523759,0.012247561660445098,-0.022410223244503903,-0.38330317506133,9.747191552020567,-0.012573853225327926,-0.042273826076760335,0.023289883185830525,0.8078247011426118,-0.5760073714482138,0.00847217928403919,18.805,18.78,5.389450359774162,2.1819744124530587,0.29596233769059604
6.850727325784035,0.00931173926027605,-0.16005420517446003,-0.2997110501160832,9.791144548398547,-0.013669630398272585,-0.03196454528274491,0.023095703453356764,0.7965281815593279,-0.5842496617337131,0.014675197029869257,18.875,19.04,5.387345672138203,2.1780247803686428,0.2857245157240692
6.860090165192346,0.009362839408310362,0.011512211830996412,-0.2356515369863454,9.83466161911085,-0.01258210756617699,-0.03066379722444439,0.030910127785249104,0.7977095905516456,-0.5852682661688776,0.009388431742062435,18.775000000000002,19.045,5.420165472315869,2.154055115211664,0.3376972021684453
6.8705612810281504,0.0104711158358047,0.053670654942941674,-0.21545290476701567,9.766179109373079,-0.010675120872580431,-0.03894818840502936,0.028180576045417034,0.8011881772852207,-0.5759786111491633,0.012526718443537182,18.830000000000002,18.97,5.453098758542132,2.1797912817268243,0.34102881446760436
6.880192638778131,0.009631357749980649,-0.08760872854500368,-0.3689043505519213,9.675593437525096,-0.0190416096939739,-0.0362067080018097,0.026070187608376302,0.8149443342864835,-0.5736002521345315,0.007377398530181684,18.825,19.05,5.43141708263045,2.218424563203403,0.28894171494013837
6.8916207192578405,0.011428080479709835,-0.11194896726895912,-0.24212143266947506,9.732214558371934,-0.01041296725031993,-0.042898375423408436,0.02619390003548322,0.8236914950740609,-0.57208335946044,0.004953145050407207,18.775000000000002,19.03,5.420655865095716,2.2177468934293936,0.28766907929801955
6.898243053321912,0.00662233406407143,-0.19118237280994754,-0.3806592129392846,9.903957946324304,-0.011738186982285178,-0.035480072015786665,0.025209624751872627,0.7949608482371305,-0.5848085963883448,-0.002046971361204131,18.76,18.955000000000002,5.410834113780571,2.1919355655376074,0.30281392448231875
6.907002995751537,0.008759942429624658,-0.03697793061730209,-0.17290843147729906,9.807407134450253,-0.006393875687350206,-0.039972547903730136,0.03401072433739947,0.8072021892399853,-0.5806276755624873,0.010804820724172791,18.8,19.07,5.4596630110057935,2.1327372379504896,0.3166002493647111
6.915829371250594,0.00882637549905783,-0.059133271044453026,-0.4107896520225294,9.837484513069608,-0.008087915956017763,-0.042333240475098906,0.024276521653146484,0.7988893450913823,-0.576725870370637,0.012606003846766117,18.85,18.92,5.443700165871824,2.195700315019418,0.30617486533263033
6.922348837232015,0.006519465981420783,-0.13442753945390273,-0.2146076870841632,9.780462896143343,-0.011877173988937686,-0.0391445983997701,0.021789193795847674,0.8098165325885988,-0.5865428101354397,0.0014914465165766018,18.795,18.995,5.463180675914365,2.20506054622832,0.3198147215846392
6.9309033795654615,0.008554542333446795,0.028860925000002625,-0.37444972641617263,9.748588461156263,-0.007084002084480076,-0.039853638893070774,0.03007721991073185,0.8230878708905983,-0.5942310161913184,0.0006454735375240564,18.825,18.990000000000002,5.464743917267693,2.197048143578071,0.308854028414111
6.9395306453916925,0.008627265826231112,-0.04038734374763989,-0.1619222189348078,9.935524308556491,-0.006519893033022766,-0.03929417162324594,0.025843776927415164,0.8077319413268352,-0.5911229686359257,0.017418277954357138,18.735,18.95,5.465204200345426,2.2166280423152362,0.307558663213494
6.9492289884099145,0.009698343018221756,-0.087086180069072,-0.27685470315201144,9.786229055041192,-0.012452267737548386,-0.03419738991976165,0.034652639399144314,0.8115810961565166,-0.585669838627474,0.0009509105072414553,18.825,19.02,5.49480364577338,2.2588754364574375,0.35812346163075076
6.960898437247405,0.011669448837490395,-0.04134706604246238,-0.4068551570884964,9.765771858493704,-0.011308075899938656,-0.041139574149266576,0.02414104573434015,0.826436054587904,-0.5768748954868697,0.0014919168406495454,18.915,19.080000000000002,5.51159093973445,2.2397076126233233,0.29936593969512665
6.970530846270619,0.009632409023213946,0.09206295753321253,-0.36851596506663725,9.888896046342918,-0.018202544903123674,-0.031059385001301586,0.02942215153616403,0.8163215260667825,-0.5711013822910592,0.005230559364539904,18.895,19.080000000000002,5.561314774597269,2.27584180709974,0.3426724826849622
6.978984625690212,0.00845377941959327,0.057524781070085344,-0.26526037561108845,9.743382544567188,-0.013633005059914764,-0.043300116866684946,0.030184835326447335,0.804018471169154,-0.5974206910025945,-0.0008940968127205295,18.85,19.05,5.531590087461397,2.2055744754958786,0.3388114780833819
6.9888991938783915,0.009914568188179707,0.0023254579114181766,-0.24473391633292063,9.753552968397912,-0.012204078971933045,-0.031537929939333006,0.023557146362114516,0.813065144208647,-0.5900303169308505,-0.008476361386866261,18.875,18.905,5.5642778909093815,2.247158653412457,0.31995352492617507
7.0004729543105535,0.011573760432162024,0.06626884583947558,-0.3359880468534868,9.801902330588824,-0.008895165430944155,-0.04206458493125968,0.02242162301610201,0.8030344782852553,-0.5878628286034521,0.003090050282439706,18.815,18.93,5.500799634597427,2.204546052799924,0.27134146146215105
7.009009016086381,0.008536061775827643,-0.07317299557649039,-0.32777674057202916,9.801067278211923,-0.012941999976084041,-0.0380011682675312,0.02817507179747736,0.8153932890190516,-0.5765031717324209,-0.0013844364260514994,18.96,19.02,5.483885767157851,2.254645930870704,0.3104771906232081
7.017643153760499,0.008634137674117828,0.02528291258232115,-0.27170875749385176,9.82177626920519,-0.011182447850413123,-0.03995586098142104,0.027323442872321125,0.8162197945251861,-0.5898981741008985,0.017114814930196263,18.990000000000002,19.01,5.538112598638424,2.2408561904543887,0.2995514538658541
7.02848097719941,0.010837823438911336,0.03823610632711396,-0.32311912537036835,9.968291440540197,-0.013989873186848996,-0.03936667963139327,0.01914840366704936,0.7972427301431854,-0.5891217942764585,0.00618671089348497,18.88,18.985,5.572609623022018,2.3166696602445684,0.31022973672751675
7.038148673025814,0.0096676958264038,-0.00778558679229301,-0.4382868933472754,9.82781238653672,-0.008368205187405029,-0.0347826701081415,0.020069329026072585,0.8125312709754878,-0.5991276438250779,-0.008000538364743966,19.03,19.13,5.575327823163886,2.2958833602896624,0.2885498547986942
7.0491199000618785,0.010971227036064212,0.06844033862911092,-0.4011379311344146,9.610615247368694,-0.007308924570663995,-0.03198380423381102,0.014201680867241112,0.8094526062994971,-0.5803795889814253,0.004850079204274919,18.835,19.02,5.5990589857709665,2.3201223558031385,0.32490898615520003
7.059099429874186,0.009979529812307056,-0.0253729061141455,-0.31846312045470426,9.826913962690819,-0.0073650024519965095,-0.03321571686813702,0.02651468845631553,0.8159385224974376,-0.5870131267038621,0.00027906655015378116,18.805,19.05,5.494283728847796,2.282334771031585,0.32945705981590284
7.0701519253463205,0.011052495472134351,0.08167663650503806,-0.2413285879851395,9.803784116708183,-0.008883540095962794,-0.03959055077412317,0.022848655293104,0.8186552324084599,-0.5921429417023915,0.00989706315304537,18.84,19.075,5.616455176411844,2.2707596327697566,0.33312436470746476
7.078599308175259,0.008447382828939039,0.08796578348360928,-0.21027486592834999,9.80418561324062,-0.015065466281866818,-0.03722838655001973,0.023066177497210183,0.8150025380052562,-0.5883515891749979,-0.008745579282759047,18.87,19.02,5.595415039365131,2.2744956280581308,0.3020522810615344
7.088581181199077,0.0099818730238176,-0.18609875177304963,-0.2783530971034024,9.820332104756677,-0.01134327601887914,-0.041086264403996056,0.0167350087271623,0.8070627526636756,-0.5746668089166741,-0.001973239862717251,19.025000000000002,19.175,5.546693623686896,2.3195515077291544,0.2884708407482089
7.098265146177532,0.009683964978455264,0.1458515150718833,-0.31885592024175097,9.798309143855375,-0.010455983976624214,-0.041916264506183236,0.018900867028171283,0.819299668958372,-0.5961588762413494,-0.005199113941640722,18.87,18.965,5.622153591145299,2.371275592467221,0.31665434934722736
7.106441309791376,0.008176163613843804,-0.19035323007862218,-0.28288008019127076,9.796348837311536,-0.01040885564203473,-0.042528076324128,0.021206321748501834,0.8011282146261451,-0.594671583703133,-0.00391728566998703,18.84,18.985,5.611808143318527,2.333888087345301,0.344707318930751
7.1140960928695725,0.007654783078196968,0.006822718193514599,-0.3970086508567229,9.849557879173744,-0.0084665628967498,-0.03968594756728183,0.020264977696485834,0.7965536270233191,-0.5738671293675625,-0.01362917464943605,18.84,18.965,5.624035993789009,2.3145308797050763,0.31093896287656697
7.1251247164224845,0.011028623552911994,0.14195038447540553,-0.35719589549890085,9.75708395686911,-0.0030221421583660774,-0.03692609610505951,0.023189632550748688,0.7776630586428407,-0.5858241108261892,0.0005856749523018116,18.965,19.12,5.651036852458298,2.3262471627121224,0.31854302402942647
7.134598287849157,0.009473571426673034,0.03781642735607077,-0.4119541068802324,9.724579379437662,-0.005439574957571546,-0.045561557541069234,0.024849547114197377,0.8087928282930339,-0.5800477127042191,-0.0013340807594201583,18.955000000000002,19.075,5.641242372895068,2.3362443789388414,0.30474909146357776
7.143064867426687,0.008466579577529006,-0.05116786028471261,-0.44689092677539033,10.042245678851156,-0.012605444702153256,-0.03808999395021865,0.03141314050100771,0.8011708668465606,-0.5828724256512158,0.007034486210321063,18.87,18.995,5.590646734372506,2.4026968163943376,0.29933145408351697
7.152920599021302,0.009855731594615003,-0.017965023372049763,-0.3214308089034498,9.74301392157023,-0.005903708788039929,-0.03182847603787202,0.022044053654701554,0.8132392713844718,-0.587410135348687,-0.006271810633565668,18.79,18.975,5.638103676513721,2.3843955071365714,0.32250870056688336
7.164612627307326,0.011692028286023955,0.1557264986378407,-0.334601308598534,9.808220427710456,-0.0060108242037231405,-0.03338986989280884,0.026336065068916246,0.7894030372782818,-0.590735501685606,-0.010709509944018323,18.835,19.11,5.602836572257652,2.3617014669330896,0.30714876422992854
7.171191520539268,0.006578893231942115,-0.0778738370571994,-0.29517489754994275,9.680514054339643,-0.011770746719570256,-0.04020934372804515,0.018414150783525023,0.8025618111991254,-0.5790460051094651,0.0010658285112728995,19.01,19.05,5.675885666336677,2.360861691938738,0.31729796071852057
7.178946562504413,0.007755041965145011,0.16884378602540495,-0.30737386224110264,9.8094340048453,-0.005120807736357061,-0.0434451402136374,0.014868817910103995,0.8136405932680008,-0.5758658209849984,-0.015047273232828888,18.95,19.115000000000002,5.704302968031555,2.3708742071798055,0.3193253779249626
7.18756223284157,0.0086156703371571,0.07709046861847003,-0.33262142887358676,9.725401681483275,-0.009124127758163203,-0.03600561526459964,0.01997568801115159,0.7985339972685381,-0.5767878311022618,0.0034357398746025815,18.915,19.03,5.6317303363867515,2.381527137144513,0.3160649871415748
7.19975400114165,0.012191768300080494,-0.00968630699706996,-0.3088715506139607,9.764579933824717,-0.014074665969818913,-0.04709577917308415,0.014734196671823022,0.8127770037489181,-0.5996810700951551,0.0029774262912131318,19.025000000000002,19.065,5.6581829789575675,2.361105757490441,0.32018095455817563
7.210177881616029,0.010423880474378946,0.04265091963411294,-0.3579804889842318,9.883511414692553,-0.00657305813719723,-0.033368496486263624,0.02096177974381929,0.8029890555422289,-0.5749433103620014,0.004348446900977748,19.035,19.05,5.659852086688968,2.353997906675246,0.29188239860384585
7.2213288574767205,0.011150975860691841,0.011765716097794365,-0.32277603562313706,9.83758900968931,-0.007482033326735701,-0.03864446947083076,0.017543937676909878,0.8080986594374863,-0.5917473253927374,-0.004857300996988767,18.915,19.0,5.6812595091237155,2.416513820650267,0.29057068548473597
7.229618616098032,0.008289758621310653,0.16529760024202744,-0.41481868325355137,9.845242034043213,-0.0092277912054435,-0.03045022144969991,0.012672333753892186,0.8142806935471693,-0.5958473717981768,-0.013785114944212268,18.92,19.03,5.713607836103539,2.3908372347621083,0.3079286728353209
7.237939312285126,0.00832069618709421,0.15745913271247197,-0.3280711508408309,9.658012848060725,-0.00843387660746257,-0.044667979916535705,0.02725662476816411,0.8177598640784629,-0.5901187359503343,-0.00812587550551346,18.885,18.965,5.694324979559641,2.4232887762203825,0.3083370938995581
7.24861103286021,0.010671720575084066,-0.034994960819808296,-0.30535078679593813,9.946582613512204,-0.011117937793833958,-0.03406717805550552,0.017935530035420113,0.8090332639436374,-0.5802770696899406,-0.005798562302343609,18.905,19.07,5.7353776135070955,2.450176741041456,0.2981646409638857
7.258698444356614,0.01008741149640317,0.07372043528924097,-0.4135067222082752,9.704205272275303,-0.005760805906616179,-0.03812181968559213,0.013321100833547565,0.7998526211305993,-0.5833358695496561,-0.015561073334751728,18.835,19.085,5.755499203070564,2.4220508198029234,0.3133357449961419
7.2695215525849095,0.01082310822829619,0.04067360416695168,-0.3569699568207721,9.921758564939033,-0.008331788789611529,-0.03902173905240744,0.023234592580868303,0.8032895562132749,-0.5914556666911875,0.0029850450680132742,18.84,19.1,5.76489042446843,2.423242832095253,0.3265737944766522
7.279240046098517,0.009718493513607322,0.216548083450437,-0.41206418918339655,9.881122306257828,-0.0074531514596872924,-0.043156212832862924,0.016521349024044257,0.8141303696722535,-0.5806682436717735,-0.004892084418795769,18.830000000000002,19.080000000000002,5.705744584398304,2.5139315725410505,0.33206103081273536
7.289657261688198,0.010417215589681941,0.008635959802841722,-0.40542796332273967,9.845503870110935,-0.006648404008539834,-0.03527089199385801,0.02357569748282261,0.7974324822281669,-0.5877978690297363,-0.019986669401493254,19.0,19.035,5.788855623919994,2.429965780855588,0.33644660170391727
7.299894440315556,0.010237178627357664,0.24849463942757208,-0.45440941852012484,9.73083706833612,-0.012653936482025828,-0.03492600933062883,0.016064642940061206,0.8057517420758328,-0.5950733142808194,0.007399442204876516,18.84,19.135,5.799109204794774,2.3967708257942633,0.2817942373174494
7.311061091399183,0.011166651083627388,0.12132129276521894,-0.26435647496036185,9.811272826350965,-0.011567447501326676,-0.03046373994414538,0.01659829615021871,0.8035520746406238,-0.5965823712031946,-0.010853104493854451,19.055,19.1,5.810268902017974,2.427305232630013,0.2847048902766369
7.3222716038221,0.011210512422916706,0.03487072003116916,-0.28156671512871073,9.761379874478445,-0.01678449686413968,-0.033544796248911095,0.019904114474205578,0.8062567371382549,-0.5855565471315988,-0.023166990211661773,18.895,19.13,5.767548680572568,2.488574118937272,0.3020417931646196
7.329841795830512,0.007570192008412345,0.07623525323722136,-0.32463633930460367,9.801313754923687,-0.005654876519772908,-0.039933671479127075,0.020737655563361036,0.7971169167463548,-0.5905887834049472,-0.02079773444959515,19.045,19.135,5.755531380024857,2.4074413834632598,0.30935059619726546
7.3364708929975,0.006629097166988717,0.06855601456237699,-0.21056234301794016,9.77894508930404,-0.012735583114946577,-0.041556577191675347,0.02129867499036034,0.7886202360613921,-0.6036095406326958,0.0021469990097929964,18.92,19.04,5.753641314589425,2.427408767117679,0.30289634966834994
7.3479735110939775,0.011502618096477261,0.03464930197139636,-0.38470014666956254,9.63574812731954,-0.007309310369596659,-0.04298489115178617,0.01762293774047078,0.8122267078597517,-0.5815387782454615,0.0051104017077101375,18.85,19.07,5.758932630914074,2.489625827839662,0.2964683617912221
7.359755098733871,0.011781587639892906,0.1482299309069641,-0.1282660183965283,9.888477826233123,-0.006307195980848959,-0.03158622341900846,0.019847816242817427,0.81653882072286,-0.5949704721467284,-0.003462750023445411,19.025000000000002,19.095,5.801367567171533,2.4548937041351633,0.30128104641187586
7.368224164204601,0.008469065470729994,0.045301531284410806,-0.38990190133136654,9.792172297356347,-0.005346818423355349,-0.04056835494748343,0.020537315527949327,0.7888891848817389,-0.5743581478841489,-0.000664862670127794,19.035,18.98,5.832943869144502,2.4644871927144636,0.31692418904974545
7.3754344110947825,0.007210246890181557,-0.028434818795992356,-0.3520416317246102,9.759812994157333,-0.012542493577645236,-0.031514303014148495,0.018205162086088855,0.810427127973754,-0.6044033064708858,-0.0019473407489107274,18.900000000000002,18.985,5.852231471358372,2.504042509449986,0.28056878184341616
7.385582963326294,0.010148552231510802,0.11907992022118506,-0.40534197582221887,9.753679974597617,-0.007945015158822202,-0.035305508863210204,0.016618565551081023,0.8174678423389676,-0.5923113784029163,-0.008903765749857394,18.935,18.975,5.806246164313888,2.456034291884298,0.35388881594510185
7.39697922066582,0.011396257339525795,0.009106848224888081,-0.3449219207219028,9.827079470986453,-0.0009558799426502822,-0.036052284586760006,0.011168237370544573,0.8124821304545236,-0.5976489465657222,-0.011585769028203791,18.905,19.045,5.8283862293499515,2.4398810789687952,0.30728044614913896
7.409675612449472,0.012696391783651471,0.09748198621896081,-0.30917622059571104,9.726785209797127,-0.0007268026495874571,-0.03856055347104426,0.019079197649332094,0.8022321567686355,-0.6005621873249396,-0.009926356172868932,18.95,19.035,5.836151127977691,2.4494055756714155,0.3276926143567449
7.420450058807623,0.010774446358152176,0.08858836153305845,-0.38625149278630067,9.617770965596602,-0.0035897023373770466,-0.034656577565261554,0.01662486952995894,0.7968599531029309,-0.5958084666509769,-0.0083453023893565,18.97,18.97,5.82847496394314,2.514580648474083,0.2949147416386301
7.429892483762745,0.009442424955121457,0.09482533306643606,-0.23597181552725516,9.830666066580443,-0.006149415331281552,-0.037330826068172805,0.014603514259236627,0.8070146814906276,-0.5733494614376932,-0.023454563972928184,18.945,19.065,5.876841441204553,2.5102091063155454,0.31785788718891755
7.438552787830368,0.008660304067622707,0.3275376040568516,-0.3598649620927134,9.839541117981264,-0.011483393187171509,-0.038717394333915675,0.021187389991908903,0.8086010747617411,-0.5897251889217204,-0.009024274631337932,18.855,19.05,5.872290423064862,2.4865275671055738,0.3082381738403332
7.448569964767874,0.010017176937505982,0.1753686438978255,-0.35838071030352736,9.781945515371083,-0.004546247480884259,-0.03442299894062769,0.010155022566247812,0.8069878804834164,-0.5991943890921565,-0.0021104898139739283,18.935,19.13,5.8733350936389765,2.47817470288545,0.32321352625225314
7.458121067712046,0.009551102944172116,0.19371945374290425,-0.45371049008700653,9.705990486777697,-0.008012448607422699,-0.037750304520382,0.02224244486775672,0.8041404404768675,-0.609674913810549,-0.019096446448111214,19.01,19.18,5.887147588063953,2.510194400273554,0.3019497613140463
7.466598465853453,0.008477398141406776,0.03484578141017586,-0.3483694947489675,9.804853869387635,-0.005102324142830933,-0.04033822297620789,0.015399771177520562,0.7950380074948076,-0.6086997651368262,-0.02046321969509098,18.96,19.085,5.901357103791766,2.5565773006102246,0.33681428795579543
7.479671599329748,0.013073133476294931,0.12905825742483656,-0.3938899413844698,9.680445837708767,-0.009820248107238453,-0.034699021840168875,0.016485538526420773,0.8099738494820841,-0.5969987553791717,-0.013024360862094743,18.955000000000002,19.02,5.91107243730368,2.5053659517856843,0.27572076496408215
7.492349351932856,0.012677752603108196,0.2028777362492537,-0.4330985057492054,9.715301560266791,-0.007926554543864085,-0.03730804818485944,0.013370403666401022,0.8103433502469359,-0.5981117495791805,-0.024731005804179626,18.92,19.1,5.877467012321888,2.517698454232554,0.32432953212379123
7.504053424958189,0.011704073025333142,0.10763562474761516,-0.4477251271577188,9.737304081591752,-0.0065281785211635775,-0.035052816535510706,0.00803797012339223,0.8075410895165015,-0.5941429014234254,-0.03181254639567328,18.94,19.06,5.938477634546277,2.508455513610307,0.30750892764659143
7.512672149361475,0.008618724403286308,0.2651442990519926,-0.17272236258417273,9.864785672704341,-0.006162693403307769,-0.03879109548125978,0.013968061714424801,0.8065687279823397,-0.6147166614717187,-0.007468704829450178,19.065,19.045,5.92585105027491,2.538004215717221,0.2846127004072763
7.523954678347922,0.011282528986445918,0.10007731366010991,-0.4086577240550246,9.768143488665944,-0.00512439898748616,-0.041768371154707,0.015630356063252627,0.8221555818154547,-0.5930307429578293,-0.023849704813466877,18.915,19.01,5.9137941072857645,2.565526856236374,0.3438130079680276
7.534914117962169,0.010959439614246853,0.17706414274547502,-0.5052173109598747,9.761206969300163,-0.009368815090612447,-0.029948249511151902,0.01676808091892905,0.7990277109334143,-0.5819502697293734,-0.019538232168990297,19.03,19.035,5.942254203858328,2.625017014900439,0.3415400415290405
7.545577936398475,0.01066381843630608,0.15666584981134438,-0.4455610758037986,9.9532975262448,-0.012379063730810741,-0.030659094422591036,0.013049203150631251,0.8179980337173445,-0.5761077911342388,-0.026195712725575658,18.990000000000002,19.055,5.953729623958388,2.57410773132362,0.262884828802761
7.557452434299041,0.011874497900565667,0.2206728248616625,-0.3949865357329788,9.824990618176532,-0.0004552972483640224,-0.033261577026983055,0.004824372313602724,0.7977471630049867,-0.6113993872676168,-0.007740315139917887,19.005,19.115000000000002,5.984943765037539,2.572660735835694,0.3076662570968992
7.5684054910133325,0.010953056714291916,0.15995138604728495,-0.34819026080471127,9.823793357154571,0.003050205811104752,-0.038302057644867604,0.007200444429454946,0.8160895208114749,-0.6005762658930921,-0.012356901526087734,18.945,19.095,5.929494493533738,2.606337862020483,0.3180261396290315
7.579515512367789,0.011110021354456504,0.1932298769479227,-0.3486123390953326,9.766974945685936,-0.005068685192749725,-0.037904654553773114,0.021344681137588088,0.8172464296036244,-0.6012115756006482,-0.023681793970514307,18.97,19.175,6.0091375232427175,2.607605028763098,0.31252209045605417
7.5904708717928475,0.010955359425058316,0.19966491378821732,-0.3399191601290616,9.748718965745642,-0.012106439368622667,-0.03112645925039896,0.008539388690601928,0.8018975608335868,-0.5913154111510275,-0.03345321418051737,18.995,19.105,5.978473082246049,2.575571767112623,0.3337728472864769
7.600982058904851,0.010511187112003158,0.16330520573588922,-0.446641841210661,9.621397702926464,-0.009857181433710411,-0.038024651438743756,0.018400055346404535,0.8213577296392922,-0.6050676617064669,-0.02548748285460961,18.965,19.095,5.970643174455498,2.6678970947307414,0.329394667245973
7.608306642210279,0.007324583305428725,0.26330041200028453,-0.36851503970939664,9.873726247197533,-0.004695753681751045,-0.03910671026384995,0.008803948961419134,0.8093834670243777,-0.5761140246843065,-0.016569975187606337,19.02,19.05,5.975334223916374,2.6022392623437995,0.3083905144569282
7.618432073826395,0.010125431616115836,0.24692845301777383,-0.46679505484560224,9.831975872822511,-0.0013231827527735744,-0.029041497765487853,0.01160111892700813,0.7958453626085654,-0.5925921929001435,-0.020734927294434227,19.03,19.005,5.96914980610945,2.61578007695275,0.34841084479985807
7.627597785888121,0.009165712061726313,0.2238098409963964,-0.44714689338722385,9.781672025509845,-0.011498767276609808,-0.036678885580078924,0.01464241316545208,0.8008096092041561,-0.5943395660626398,-0.021846525511935826,19.135,19.035,5.953982149541477,2.6304063386948355,0.32140560040207977
7.6356780244516615,0.00808023856353997,0.19914044966845046,-0.4717518134865052,9.784933226016507,-0.007108803989246326,-0.029376679462482347,0.008694004448082684,0.8158205975046594,-0.577250936879695,-0.021098965308063936,19.02,19.03,6.032718998936177,2.628806761883213,0.29546182467870546
7.648200749380613,0.012522724928951236,0.3014452173677369,-0.4945778180948416,9.854656062112552,-0.005772229670869843,-0.041984458810587905,0.01808537879984652,0.8136348792260436,-0.5934448478234319,-0.01605891541960797,18.89,18.915,6.081412497200885,2.671268668728408,0.291161280020492
7.660794242391941,0.012593493011328555,0.22301545412025453,-0.3155412116335152,9.671238527619058,-0.0030416620193440846,-0.03425729762354641,0.011759978630050317,0.7937363706318233,-0.5893856112234174,-0.024498068229476217,19.080000000000002,19.01,5.983100225334124,2.614927369540244,0.32678637832173824
7.672833073292384,0.012038830900443418,0.22131650625521637,-0.34670215217431194,9.748280802991854,-0.007820713892660943,-0.027986526203130274,0.01305271001283543,0.8028422704378527,-0.6009938523496515,-0.01999216010383447,19.0,19.17,6.01233365254126,2.6629320642697776,0.28577974326995836
7.683215893417668,0.010382820125283812,0.2576457628490369,-0.32461269932351045,9.704441774528185,-0.012655160385528323,-0.03609997941512553,0.009925424342769735,0.8062007269038678,-0.6072728148432655,-0.03471693945391101,19.135,19.095,6.071343630349644,2.650238558278844,0.2931984277457735
7.695241831099097,0.012025937681428985,0.3889499999811098,-0.400700841425565,9.936920357423318,-0.0038612220812153765,-0.03721398811585031,0.013383750778347353,0.7990106519299578,-0.5997640735219221,0.00027973825849554254,19.105,19.05,6.056634475227371,2.681584701119744,0.2963125220155939
7.70525991087,0.010018079770902738,0.14928157362390837,-0.34261265871761476,9.8651290933483,-0.0018018264306161958,-0.040777404030177086,0.016858498613904614,0.827600298953845,-0.5718660686381326,-0.028439192928288455,18.985,19.095,6.090706154904719,2.6513203784549364,0.30797281001207466
7.715564106785346,0.010304195915346669,0.32147412832222205,-0.5465931675914935,9.618733809466859,-0.006584982658698662,-0.03172325345365057,0.009806971078251552,0.8062938860240615,-0.5874814144016851,-0.02391571668669597,19.06,18.955000000000002,6.070510836382127,2.653087321855634,0.29673592293510875
7.7239238997296535,0.008359792944307026,0.1111663760865225,-0.33739625436734316,9.673744202131157,-0.004595936036083791,-0.03908895711197982,0.01707976372631747,0.8032872297998174,-0.5911264853008319,-0.020571384049960815,18.985,19.09,6.062543757979137,2.6902924182981938,0.2740567993110547
7.734519386686402,0.01059548695674826,0.2834624233261191,-0.3932238481483685,9.784124654736747,-0.008066949878237707,-0.03633097366903119,0.007497740292511665,0.8157492198245074,-0.6037102284401995,-0.03070385627239184,19.02,19.150000000000002,6.081298889825535,2.685066595695636,0.32336943180778677
7.744609965579039,0.010090578892636625,0.3953772338939854,-0.3581248754371165,9.756789672656858,-0.009506350793117475,-0.040835077303852635,0.012794237893599687,0.8001281900862408,-0.5849033756274686,-0.026859899098875258,19.065,19.07,6.024336346768991,2.6554297505303395,0.2917809701346884
7.752655987403787,0.008046021824748303,0.3110835616083546,-0.37860630165677595,9.688532071333372,-0.0019810207344427653,-0.02962537321034492,0.01152998447315347,0.8138072760377582,-0.6076469490056302,-0.02725385448675337,19.09,18.97,6.067654064291319,2.7249620007025137,0.3400591146697333
7.762579191736062,0.009923204332275105,0.28886582954256707,-0.4888497788610697,9.949936756775886,-0.004491588345398695,-0.031178367335835816,0.0050967155969625765,0.7869983151961909,-0.609805882074985,-0.036686520553023336,19.080000000000002,19.05,6.138003465062112,2.7121875717108552,0.30547983828758074
7.772459597390277,0.009880405654214788,0.23358629657273314,-0.5305975426315878,9.819231805567249,-0.004035042553214178,-0.03586876188981411,0.010024869349674066,0.7990830891028312,-0.5997876073682827,-0.023493781961914754,19.03,19.155,6.152875673668783,2.693581449138682,0.3244817868658907
7.785155939140244,0.01269634174996696,0.28501828627040177,-0.46882885841527866,9.83204929074626,6.997673404750705e-05,-0.040286759316186055,0.008940557541841797,0.8140399780304363,-0.5747329775899254,-0.04479967541167065,19.18,19.09,6.169022688075905,2.6889519759646445,0.31141248525954307
7.796497259133014,0.011341319992770115,0.26603513493877823,-0.3676566330734231,9.738554585308309,-0.010105888608747619,-0.029461111861154222,0.00526763837650073,0.8191899413944711,-0.575367422870097,-0.011161713248089077,19.01,18.990000000000002,6.148745391648752,2.720347745027145,0.32478640089621635
7.806514427291652,0.010017168158637199,0.22655355502677338,-0.3585082619905199,9.85156592457522,-0.008048620521473262,-0.03700993441988538,0.009908885576572345,0.7957020618242885,-0.5989174742717367,-0.02109528172710759,18.935,19.22,6.07550511596617,2.734913960684626,0.30961504496027564
7.816887608256353,0.010373180964701625,0.2695818580396955,-0.5240424542271571,9.763212031964295,-0.005161039727499544,-0.03990568368888922,0.008851487755493843,0.7944831679066794,-0.6012062012184626,-0.022981283336074278,18.95,19.005,6.132077256820008,2.6731553014843845,0.30262133669314667
7.826953926823509,0.010066318567156297,0.3118777618252634,-0.4939554426350804,9.770845087530482,-0.008003598726770717,-0.042473118542213084,0.007771871902795164,0.8090049600323667,-0.610923516627943,-0.04707554901083949,19.125,19.065,6.198572396096286,2.7379530237740353,0.31949768199236206
7.836649555846316,0.00969562902280668,0.23774042555011607,-0.47415069602138277,9.84226275757494,-0.0025689922450697015,-0.0379498692664403,0.007591510015231435,0.7970522217451067,-0.5937916681188025,-0.03795806032948063,19.035,19.015,6.214945788071935,2.751754899609717,0.3470749731089166
7.8450259150502335,0.00837635920391757,0.23729797364379815,-0.44558495252417946,9.662949935892946,-0.006412350672208095,-0.04113337410047313,0.007336264682289597,0.8005562216446243,-0.5929956132313713,-0.01641846763068951,19.05,19.015,6.213545138467517,2.6663531912360696,0.2917176397572104
7.854799337233823,0.009773422183589606,0.1961058297918834,-0.5267874456234216,9.920899591665135,-0.009587547366687734,-0.037745777517639544,0.006027906495956428,0.8119597253535376,-0.5867698063987907,0.010875339759407202,19.005,19.05,6.173058950771083,2.7483533804920803,0.3127267701429047
7.863680189848844,0.00888085261502123,0.33901763938066,-0.5323313908407374,9.807607569483713,-0.005313057541904646,-0.03222150489960718,0.007878653475101225,0.797713491103058,-0.5856020494167883,-0.01898509335153063,19.015,19.115000000000002,6.147746805946013,2.7683415138667162,0.2964615365312184
7.871804716540459,0.00812452669161528,0.353974171563138,-0.4849914058721768,9.895380807936668,-0.004856963140916264,-0.036649603731121416,0.004579705174722314,0.7834633764665488,-0.5967222564898187,-0.020831974397609643,18.995,19.155,6.191943733980745,2.769536741659314,0.3064460205582718
7.8825715492622805,0.010766832721821303,0.3323053653686361,-0.4132371936537572,9.706723606998494,-0.0017493665008905947,-0.033656772368990485,0.017565539980620767,0.7900590613848345,-0.5892376850291511,-0.026308023018982073,19.07,19.055,6.201847854811602,2.7822901272681824,0.29684417104487615
7.893158446252181,0.010586896989899853,0.39434602572747834,-0.5154578097593734,9.718757523567538,-0.003866052146668941,-0.03790488405532357,0.0010877549466849386,0.8031238028957588,-0.6018516220934097,-0.04038241264845069,19.04,19.02,6.256473751045059,2.7543946326386997,0.25252417037374264
7.900478384985129,0.007319938732947883,0.3264806714431691,-0.43087494398554593,9.699556971438808,-0.003559756401189083,-0.03470339253879159,0.004238871480665755,0.7843591836957122,-0.5895064356197216,-0.02219704553114966,19.075,19.11,6.221943158564816,2.7371766857765385,0.2914509865236538
7.910294358028886,0.009815973043757309,0.35391630867045437,-0.337727661847185,9.812395751613519,-0.004077130054054808,-0.027216184534124967,0.004357555208010261,0.7999814115749002,-0.5999902412231575,-0.043483951406837126,19.07,19.11,6.223122852394918,2.7199502609342776,0.3151419924308966
7.921787910107736,0.011493552078849886,0.35048915293515975,-0.527486721283624,9.797489247022547,-0.006057165251677167,-0.036217680357671686,0.014311742545926764,0.7889861235441764,-0.5903694446055676,-0.044955228963406244,19.025000000000002,19.095,6.23362419189846,2.813230482102536,0.2794868496701988
7.933376745716081,0.011588835608344481,0.3225069586418313,-0.4407939500216432,9.754893997214824,-0.008114564244893293,-0.03320846928265585,0.000636846674216221,0.8192616741293934,-0.5912233623926827,-0.04596440523877587,18.965,19.095,6.252284887297564,2.8081317602321265,0.3128428056001604
7.944915500980409,0.011538755264327858,0.2909877812930625,-0.3432214251682757,9.71075754469911,-0.004039865718624606,-0.04093021729224986,0.007389980956089251,0.8244705979664282,-0.5943623561722188,-0.023849076939288852,18.96,19.075,6.267913725207747,2.8286427739535287,0.2977263743916347
7.954973870790761,0.01005836981035219,0.5137369398871799,-0.459463518363708,9.690411794475912,-0.006480142595366957,-0.028518917939307296,0.006478657927050392,0.7922008398136853,-0.5871398839421236,-0.034508500496777,19.235,19.085,6.235082723827458,2.777542572487143,0.2898989653163903
7.9637063027988075,0.008732432008046274,0.30317888341191424,-0.472586385953054,9.787735573960735,0.001653025218751005,-0.03644791549188449,0.006644990791195278,0.8053197507398601,-0.6108182506297297,-0.03321002337066224,19.145,19.07,6.231773709924723,2.8283684475088235,0.31156018975255834
7.97208075455777,0.00837445175896291,0.2886781496017612,-0.33427222565072146,9.754246789625693,0.0003022134184763091,-0.030278667088294776,0.010088778216523157,0.7931195398864956,-0.6057900699083696,-0.034644737060690045,19.135,19.145,6.311028549873277,2.7639266161722653,0.30678911652580354
7.9825976619148955,0.010516907357125536,0.3799442936204879,-0.45267107556430647,9.736493125167124,-0.002485152686771703,-0.0348996658609217,0.009797002351172174,0.799595635401708,-0.5978733863511354,-0.046088869066006545,19.02,19.215,6.228729755733877,2.78889258875222,0.30123014182154645
7.9931665819664435,0.010568920051547744,0.36865543861296457,-0.34063714246752086,9.914955324327934,-0.0034522915685734606,-0.03188568284937082,0.0029193479305064697,0.8206897763491904,-0.6096356893567568,-0.04188091545395555,19.06,19.095,6.335182410677834,2.8247570851725183,0.312782732104478
8.005097578633851,0.011930996667407599,0.23982106855070212,-0.3956009226764496,9.784427955739648,-0.005261040949353485,-0.03156247341809598,0.005261908731067365,0.797951649462088,-0.5993037334967036,-0.04176287317583538,19.01,19.080000000000002,6.237861080420923,2.8476482725898906,0.29612214131473685
8.016747548109365,0.011649969475513125,0.44561910818707634,-0.4582389314453438,9.892446536565894,-0.00989797366242422,-0.035971964377497924,-0.0032020159878051015,0.7997240118669136,-0.5990104895144879,-0.04998626811536618,18.985,19.095,6.286561573093029,2.8847376688546738,0.25876764800899793
8.026549205124567,0.009801657015203242,0.35129096321906506,-0.3931826265289787,9.748038492493691,-0.005671194713453595,-0.02972296471095357,0.00445627335705812,0.7931315403446948,-0.5821901641562905,-0.04129034290847122,19.03,19.045,6.340755179665233,2.8327314525369984,0.28375972738247796
8.034682896306276,0.008133691181708695,0.27245423459346774,-0.40653791836689196,9.810160476164908,-0.004361860455322704,-0.03706660116531506,0.0007227280768008983,0.8139966785297982,-0.5938794433715033,-0.04732190612320937,19.145,19.13,6.317834989200407,2.8185800101387146,0.25495090141551874
8.04420423641076,0.009521340104483654,0.45935439432097064,-0.35122036076711705,9.78599897978001,-0.0038038537602157686,-0.030848201407886088,0.0029646404263758376,0.7698772482504341,-0.5850299672898422,-0.031036519980193873,19.115000000000002,19.11,6.285617658208566,2.8224455198406706,0.30385196167367806
8.054530083202975,0.010325846792215787,0.4174680871881036,-0.47753144680734116,9.65447342930358,-0.0027938017793125497,-0.03544341964417897,-0.003235530833541277,0.7980561171395265,-0.5923270266817139,-0.030532956020682664,19.01,19.055,6.34580779175408,2.8351893428612303,0.3082628753311117
8.06422695833489,0.009696875131915894,0.2692132256650733,-0.43108842936862013,9.904405249930164,-0.0009398440883021664,-0.03241112527124158,0.004933893667487237,0.8020020626592447,-0.6007172380260299,-0.050387650968303124,19.05,19.135,6.342446695219042,2.9279633109449046,0.30882655270610293
8.073360117172774,0.009133158837883517,0.5153350966547541,-0.4399812495670303,9.7791888187363,-0.007349644653367045,-0.03558777317496958,-0.003652077478495503,0.7958292910096046,-0.5940378582272489,-0.04070757579699985,19.115000000000002,19.085,6.340945311361366,2.889226549872787,0.29944563118010703
8.08373944439523,0.010379327222454849,0.42902034903586045,-0.3794904882800844,9.849558228048004,-0.007263089337851808,-0.0334602064168529,0.0035227776054238486,0.8110529447446708,-0.588095604255254,-0.019509448747144765,19.035,19.025000000000002,6.336653096121077,2.905792271559487,0.30864534291154444
8.092983507783114,0.009244063387884085,0.3783048583593743,-0.5185112883351904,9.729542747880902,0.0013174585815304571,-0.0378873432454185,-0.002158356770988909,0.8144186693496808,-0.5834676474591777,-0.04816980168779509,19.075,19.105,6.361407728774372,2.8704980472679247,0.2574165152891619
8.102041408657525,0.00905790087441194,0.5090792181842965,-0.3557958368282574,9.776380147258234,-0.0013580548899724053,-0.032527684585437276,-0.0008290000770596858,0.78826021741296,-0.5967350164864198,-0.0343813899610689,19.095,19.095,6.351920957172429,2.882763887945304,0.2864633207232007
8.11250858790898,0.010467179251455159,0.3977652953082158,-0.4006020606896357,9.720060263916562,-0.00595415286528886,-0.03325886997329071,0.00698292271897018,0.8232960675533735,-0.6118972717497003,-0.037921775188223796,19.1,19.14,6.450425963998614,2.90973784989124,0.2599271637202048
8.121905599038787,0.009397011129806194,0.3856042653250349,-0.5439351096957282,9.88814489543397,-0.004774132325647497,-0.0355217680460015,0.004531337556606409,0.7881122259837549,-0.6126079288219491,-0.0283429454529622,19.09,19.13,6.377381810040997,2.878924708547896,0.28070685267742856
8.132271755622254,0.01036615658346753,0.3381401120922984,-0.34265726110138095,9.814019029069334,-0.0047055569376794485,-0.03349845544760548,0.0065733926106303344,0.8152141851173831,-0.5987009707363457,-0.03664156721530283,19.035,19.075,6.3813037915982855,2.8912489805761035,0.31980691468759964
8.142681561656532,0.010409806034278185,0.44062992331500583,-0.26132590507246883,9.81831063684252,-0.00411752349659901,-0.03265851571158948,0.00801179837856044,0.8038103517572562,-0.6188211394982283,-0.04423410022820825,19.045,19.055,6.38423507156448,2.8856615984661955,0.30895017196993
8.150972418154895,0.008290856498362639,0.43468708283332325,-0.3604883238666524,9.897473347263976,-0.0023125012514832793,-0.03559271358439159,-0.0014805002338902514,0.7972633395727063,-0.577494076589147,-0.039511648590127596,19.01,19.080000000000002,6.460138543509146,2.8971886325279907,0.30001333497057886
8.160250556469096,0.009278138314201882,0.40049862903941963,-0.3271232702283753,9.88118259230996,0.005982226746899838,-0.033566501113054495,0.007425630455985892,0.7981944671226775,-0.5894778737187715,-0.03965380863373228,18.985,19.105,6.364759609362771,2.9173545109549175,0.28277701685616813
8.17240722187897,0.012156665409874694,0.3397380982144972,-0.43529376513255363,9.849714310448844,-0.003339021834602018,-0.03697357666563965,-0.004669281040877521,0.8019384527674881,-0.6018045821342453,-0.04176102445684535,19.075,19.11,6.434019564435366,2.8981412796537973,0.26606380564181986
8.18066410260987,0.00825688073089857,0.4157783564588988,-0.5756112756292803,9.674620399996607,-0.0014070488447020758,-0.023499958348550273,0.0040163643075957125,0.8043488088674629,-0.6065435590162185,-0.054290252852500706,19.13,19.1,6.422377947615123,2.936063574489266,0.28935248551138826
8.187489120936414,0.0068250183265442035,0.40181846559647094,-0.5906870246536791,9.732597970111405,-0.010769740068445067,-0.0285894601342567,-0.00107414454545351,0.7930562596831827,-0.5851644088009511,-0.028878655856080272,19.0,19.075,6.392078751901447,2.9398997135407154,0.307556450752525
8.19469635320655,0.007207232270136233,0.302851685690815,-0.4232409945739104,9.707828795740234,-0.005927900304723318,-0.03167306538882723,-0.002962045917092944,0.7999117552223182,-0.6065796215777189,-0.03086696790302728,19.1,19.14,6.415725182320569,2.9300800621869407,0.2932547719727991
8.204740018126415,0.010043664919865004,0.29474190939485106,-0.4916847171378615,9.846185476454897,0.0009765420591280275,-0.027992154410875048,0.0030220810847592624,0.7945361222454549,-0.6056209025879461,-0.05228149901764843,19.13,19.04,6.45749403286885,2.916340724169669,0.2529425749477021
8.214786394043465,0.01004637591704905,0.4606488032742839,-0.5181666267090965,9.801477423784226,-0.002279788264753664,-0.04051216237824113,0.004149244212461655,0.7900851669359034,-0.6030919183374156,-0.04515439476849487,18.975,19.23,6.429743737464254,2.950021964131574,0.28634459198656564
8.224609977760327,0.009823583716862318,0.21016147937133173,-0.4506746513621487,9.676429874366837,-0.02139686585326001,-0.04274168797623194,0.0038403234718771256,0.7940565971213787,-0.59428403938692,-0.04469786866203639,19.07,19.125,6.470982139319994,2.937307888701735,0.24558793381382218
8.23643126250372,0.011821284743392753,0.4381954130931041,-0.39718929916218637,9.772385051976949,-0.001085693524158625,-0.03400610828010242,0.0008101232703748412,0.7907242259174834,-0.5892058875758357,-0.05437195048783178,19.185,19.015,6.5241188524445395,2.960569900524779,0.29945531682700266
8.242422010854066,0.005990748350345593,0.38525976555920544,-0.5630500075772227,9.667861004384317,0.00392062046305206,-0.03787115198832061,0.000362824375057792,0.798020103297524,-0.583480717708224,-0.061656574557189744,19.12,19.09,6.481948155938261,2.995519926732197,0.26926574187752983
8.253015911665711,0.010593900811646236,0.5312423566882412,-0.48343077261921363,9.782969875573846,-0.011682985298016191,-0.0332106539818358,0.0017381412343292894,0.8065432700324157,-0.5849450202198136,-0.05001534809647426,18.975,19.125,6.441334464607301,2.93100743659395,0.2582256497791797
8.265358068968416,0.01234215730270536,0.390676804110487,-0.327529171106833,9.65459685318304,0.0024396619997187454,-0.03133289170977642,0.0006080131947129432,0.803423539480665,-0.5953700193975371,-0.047245949568159216,19.13,19.06,6.4689841547634295,3.040813018477324,0.2985322217230981
8.273666397821078,0.008308328852662429,0.48530983077491685,-0.5348750390304029,9.829200801958255,-0.014684272729127295,-0.028400159080751726,0.0013985770643402226,0.8219594268269166,-0.5851597934957528,-0.058344256126442624,19.045,18.990000000000002,6.492186179667211,2.978153427020144,0.2930128542578799
8.283096688053392,0.009430290232315158,0.4035111538637184,-0.3798720915409798,9.81698146167673,0.00020264396830235645,-0.03655067635077401,-0.00013199899074168295,0.780111852687155,-0.6020592648343871,-0.042445154347660115,19.135,19.02,6.497400631744444,2.9980424025595926,0.28607537621362583
8.291967350177549,0.008870662124157068,0.44690911126018384,-0.48879279492950806,9.939238839432443,-0.0035395864211619174,-0.030319416437276148,0.0022529456861478587,0.8069110668014562,-0.6135418775476127,-0.03285185391714677,19.05,19.11,6.5193191263245485,2.9681447371094274,0.32488501514034807
8.300625831108432,0.008658480930883707,0.49923356935116636,-0.40689500606354756,9.854294489067184,-0.012861522742450827,-0.031782132998733455,-0.0077929375771506005,0.8022839390789677,-0.6020277019009255,-0.03631770412058962,19.09,18.975,6.5307606994341745,3.0299129346866214,0.29338117798962904
8.310136438100898,0.009510606992465441,0.40599567605259534,-0.36336576248344593,9.752479288194206,-0.0016294019233916868,-0.03036315725551127,-0.0019912053670517117,0.8103796751486364,-0.603359196424803,-0.046288820204615624,19.06,18.990000000000002,6.580584454257482,2.9972811295299167,0.2673734104863924
8.322277666026425,0.012141227925526757,0.5261767444617322,-0.3926005205596017,9.851563378269734,0.0012503712633498039,-0.033721071404587286,-0.007233497052544569,0.8093931989377638,-0.6015891836419063,-0.06378627982583378,19.095,19.11,6.537852436835828,2.9961239878311186,0.29013078393518316
8.335033746039656,0.01275608001323128,0.3705691929791056,-0.37995155758556703,9.67409972776078,-0.0018332856451038326,-0.025991722304863057,-0.0008346610783748014,0.8005862314441389,-0.6048319858624329,-0.03860211489300214,19.06,19.065,6.513164610239369,2.9979286626790485,0.27346808831127856
8.344529837202096,0.009496091162439779,0.4763122159469602,-0.5453881648070934,9.70876220773158,-0.0009016890812558625,-0.03185000396736148,0.00444538201667096,0.8039694806832419,-0.5998245975262965,-0.04457486901299553,19.085,19.035,6.589615259540176,3.0125337586463075,0.3041075675679543
8.357387427523193,0.012857590321096705,0.5301711296677278,-0.36494114092998897,9.812204161714158,-0.004822839112725994,-0.024218829945083904,-0.004263182874385554,0.7948130841789447,-0.5889776582445757,-0.04217258001683263,19.025000000000002,19.05,6.602736452890189,3.040442479735158,0.2838223527747275
8.36744079223867,0.010053364715476937,0.5119789964522764,-0.5228482276109281,9.61273047620706,-0.010570899092763347,-0.034382288362045384,-0.0020487058809030663,0.8084002889339541,-0.5779956250963224,-0.027348989076210896,19.13,18.990000000000002,6.579516729415042,3.0387867499450336,0.2853530915954936
8.38007132877872,0.012630536540051623,0.6160161714416196,-0.43461467488767214,9.782213371062362,-0.0002939726606337994,-0.02812944296866453,0.0002288234104050415,0.7834884991332945,-0.6123622656857342,-0.05532604656058109,19.11,19.105,6.574822932603527,3.039580382779611,0.2483397405119494
8.38993138080424,0.009860052025519763,0.40436650587380785,-0.43529455840667963,9.70340553366756,0.003987550240301973,-0.03124513062165094,-0.011254617305594763,0.8100574863544592,-0.6079537207899983,-0.07611224163710714,19.005,19.03,6.608441286651149,3.025033422026566,0.2779684103464954
8.400127967543309,0.010196586739069216,0.3579346783925067,-0.4177352435883127,9.792965890575877,0.0015585970289433452,-0.03221928046767237,-0.005264842935890508,0.8020709750874802,-0.602955763926149,-0.05819356266333365,19.16,19.045,6.5912405331681025,3.0290915317631315,0.2751522419504806
8.410676179252274,0.010548211708964252,0.3916317967093849,-0.4301942085911754,9.69847126241577,-0.010857631092867252,-0.028276838840622674,-0.0019173370346811831,0.7974472358582717,-0.58734595452769,-0.043102611932478455,19.09,19.095,6.543979178375466,3.04433047286747,0.2553104108204249
8.425444459771326,0.014768280519051304,0.5280731178649836,-0.5254941929150894,9.818390103046404,-0.008890549385470015,-0.03185865702461942,-0.01524149888219186,0.8000157687057928,-0.5969969391253287,-0.04811766698886491,19.115000000000002,19.06,6.633864264201411,3.0803505441184313,0.2706826007935115
8.436721388133593,0.011276928362267184,0.5181568898171588,-0.5666118078608866,9.785813040538772,-0.006157368705989787,-0.04119898139429405,-0.007772748966983791,0.8007684867669502,-0.6021436647506082,-0.060865502980241126,19.150000000000002,19.03,6.652363760830605,3.0928127052059575,0.28330340011785377
8.445660491338666,0.008939103205072805,0.4889405364790067,-0.38933177049540124,9.896150622916252,-0.009099777967939354,-0.042714153952689654,0.0003701489410289924,0.8153498068427043,-0.587698305025988,-0.06316083879828131,19.125,18.955000000000002,6.675674822660882,3.1019312009421784,0.27408359451860886
8.45711398814408,0.011453496805413787,0.3940344503171902,-0.44488414276164484,9.784473558047507,-0.002492589242921744,-0.025259001474546447,-0.0002359225208807634,0.8347338855385572,-0.5852526606913521,-0.05283470860267737,19.175,19.095,6.619291384209313,3.0844777448994525,0.24538976295879336
8.466571239338453,0.009457251194373488,0.5477794757891306,-0.3683170078520094,9.722289231971114,-0.0010473008022411016,-0.02533298937855464,-0.002927589229826751,0.8146170445162129,-0.5949621690158503,-0.06201689238985578,19.09,19.080000000000002,6.655242366456775,3.1013968547023723,0.2677200885378855
8.475836614064102,0.009265374725648187,0.39095230064502723,-0.46434719114014733,9.763878699634333,-0.00829451696277806,-0.022611380758688418,-0.0010691692625092405,0.7967850131106403,-0.6028943278275347,-0.04461064191208761,19.17,19.04,6.662987911149938,3.090095395508221,0.2633833633960437
8.48719951610394,0.011362902039838167,0.584697239133967,-0.5737907033729165,9.675905275057705,0.0005932841850874379,-0.03011580615323501,-0.003949498960575554,0.8087618065713139,-0.5919755565908373,-0.054250181937201984,19.115000000000002,19.01,6.6668187681476425,3.049328789491383,0.27607036536316704
8.497246144485597,0.010046628381656729,0.7232645828970272,-0.3846202011611215,9.815771192084386,-5.9227281421187807e-05,-0.03511391406391525,-0.002775439832199475,0.8092211822696516,-0.5969618841173451,-0.05668798840370084,19.14,19.075,6.675398397293396,3.1008211902679896,0.27342727620826557
8.507664008357365,0.01041786387176771,0.526762460675632,-0.49208755254034797,9.830298143375718,-0.00460272238994938,-0.03151499888045038,-0.0064533405507756925,0.7932622213783519,-0.596986787467843,-0.058289757927299124,19.135,19.1,6.681046853623864,3.101950549098926,0.26298014225795124
8.517684986190163,0.010020977832797939,0.5467557441438945,-0.4356189216524977,9.980482159412524,-0.0030485965691571843,-0.029687741109975765,-0.0049135054896579985,0.789931891508702,-0.599648595865401,-0.048353841317522905,19.185,19.075,6.693961559651024,3.0877245875024064,0.26171146178709576
8.528189860880072,0.010504874689908152,0.463456565175678,-0.5153169582870314,9.733028020443697,-0.010103582040455073,-0.03365277257269296,-0.008100936176081151,0.8019355523897121,-0.5852185921340117,-0.05084936236202967,19.155,19.17,6.717876782016278,3.1078336316023485,0.2715550485156257
8.538827309726226,0.010637448846154224,0.3608701089633344,-0.33251819862089294,9.761177577530535,-0.0035785506600082614,-0.022919538728366474,-0.0007143703423625079,0.8106754861337717,-0.591911084615896,-0.049548761658799005,19.085,19.11,6.740414114717201,3.1349422544494634,0.28894653566241085
8.545921859327168,0.007094549600941877,0.45933182104520465,-0.534545898651112,9.736424575687604,-0.0021833250001660714,-0.020481565538856883,0.0001868440152879569,0.7865010451280903,-0.584012909733614,-0.04996171510402948,19.07,19.065,6.6865506480182635,3.1009161610028473,0.27490928514198926
8.556921718330083,0.010999859002914301,0.422994752593622,-0.4919656895089409,9.799274687505779,-0.0014810123236277716,-0.027410752114059474,-0.0005826953000307522,0.7954433414932449,-0.580943222802956,-0.052785755383694045,19.11,19.115000000000002,6.712498905591925,3.119828403229241,0.29725122526733055
8.565448689200338,0.008526970870254549,0.3968875959571221,-0.45679799672394955,9.812701576972048,-0.0005963729930387525,-0.02927721423399063,-0.007891882620953467,0.8084054620945119,-0.5896662792681828,-0.06262739556629962,19.065,19.07,6.7115226802223455,3.1924245034498804,0.2910280221807805
8.573285240496999,0.007836551296660884,0.6524717895455431,-0.5531535842084461,9.777768386112104,-0.0010943251010005837,-0.034330421628975746,-0.010218717608585625,0.8031213383705518,-0.5992736002543628,-0.059812691687405814,19.05,19.07,6.713234939549745,3.1023498026601524,0.29790508865995013
8.58319762363121,0.009912383134211977,0.5390768858994698,-0.43982007203305346,9.868782629392188,-0.003077277400376258,-0.022859080564518356,-0.001477825884614428,0.816899602848121,-0.5837445011892877,-0.056723870910568346,18.985,19.145,6.689319096579501,3.1505554728168237,0.29484465195324266
8.593323595136182,0.010125971504971682,0.5502323839050095,-0.3377966612235228,9.732352947386062,-0.0008225736037947289,-0.028631047356251795,-0.004595829101186553,0.7886577492164618,-0.589427249881976,-0.03239809344827051,19.02,19.015,6.7462855992033655,3.1268019904355997,0.29821835390585816
8.602283335889323,0.00895974075314158,0.49743550834179967,-0.5064137873093432,9.860459072622973,0.002087319557673357,-0.02999640832386383,-0.005621201629444989,0.8263245650148353,-0.5679924583509729,-0.06677897898183215,19.235,19.065,6.766804057360261,3.1443208061652426,0.24344076932050182
8.613529883675826,0.011246547786501962,0.5112024797531899,-0.4360959668119563,9.824461604362876,-0.002244317255746291,-0.026793298454016026,-0.009675698347811523,0.7874637352116515,-0.5908509456779603,-0.05778112192237535,19.075,19.135,6.756389659220131,3.167311741808805,0.27887686931152056
8.62151662092627,0.007986737250443639,0.6042296172224184,-0.6880350885093935,9.780289230411867,-0.0005503732734320501,-0.030973966572402523,-0.005584316189329052,0.7825817767097285,-0.586921308928874,-0.05282142242136936,19.23,19.085,6.766894333412888,3.1481425613252547,0.28988459853675985
8.630906205303111,0.009389584376841162,0.5268604074836194,-0.4716287797219988,9.755903763898477,-0.0025165176570282463,-0.027941021007244472,-0.011799234366503202,0.8023201364827666,-0.5909295307030613,-0.05708663189144737,19.14,19.04,6.786911908932541,3.2003080570962505,0.29301430430070946
8.64002889410071,0.0091226887976005,0.5742079164540146,-0.4939753494714877,9.97508363017153,-0.0043112967641923475,-0.03419825798115333,-0.005087905467126843,0.7916004057942374,-0.5947609396971314,-0.04355480999571956,19.11,18.96,6.823683853371662,3.2287930780872895,0.24914662451246258
8.649959013195202,0.00993011909449099,0.5185708674238706,-0.5348614065575965,9.715428008421096,0.0004190896868601999,-0.02397053545754191,-0.0022890447335199527,0.8025973381874032,-0.5962870323564943,-0.057640991199970446,19.025000000000002,18.925,6.776367908378467,3.2191339892030926,0.277191536802083
8.660377309622174,0.010418296426970858,0.5094891206531752,-0.38333186353269944,9.804454051683988,-0.0038389009940313877,-0.02862109896592123,-0.0014694076619196864,0.8022906137371721,-0.590680823071519,-0.05717461441052026,19.115000000000002,19.185,6.761797566667939,3.2305227807111154,0.2650027812888703
8.668865470197739,0.008488160575564683,0.4264260382175843,-0.49632319286053717,9.72046405476359,-2.9020222268296043e-05,-0.02347376516582083,-0.00531322253441624,0.8011060157201441,-0.5883485408992488,-0.046904599035802505,19.23,19.080000000000002,6.800738703162932,3.1631992671758473,0.29999393289793624
8.679951894213923,0.011086424016184343,0.3835134440621509,-0.4849071568579288,9.923151412422843,-0.001402554310808732,-0.028789521868287864,-0.013875852225120382,0.7946876546941384,-0.5819326154497971,-0.03723209672750559,19.21,19.025000000000002,6.868456648332347,3.203576547321228,0.23472133931820463
8.690046397766425,0.01009450355250205,0.5233044176027264,-0.501320737511026,9.851084306651329,-0.00267842666352333,-0.028416364546254288,-0.007740657481342251,0.807483170319669,-0.5903101408716693,-0.041525560932444715,19.135,19.080000000000002,6.7848607261240845,3.2306061261725048,0.24654570226139416
8.697208478386457,0.0071620806200321345,0.5505131890584143,-0.6247969911251016,9.72575428408419,-0.002737704585622172,-0.032640040055346084,-0.00010033651835748489,0.8000157079349618,-0.5979714147251073,-0.057151801826120674,19.05,19.0,6.8446820787987175,3.246773449797124,0.2253374926342153
8.704270591225862,0.007062112839404454,0.4448369351075978,-0.562310189341562,9.820915664326401,-0.003420559186843068,-0.024671776523198834,-0.012260616319724473,0.8142582754465667,-0.5965550002859479,-0.05646197648227447,19.06,19.04,6.8653292126124335,3.2772355069280077,0.26406527185810486
8.714252112286468,0.009981521060606034,0.5474105249409417,-0.39528280103665836,9.800362474886837,-0.007918862035680829,-0.031100700470925467,-0.009202283549824688,0.801464804378672,-0.6064353692445363,-0.05575530654310075,19.065,19.0,6.767277966559789,3.262354797118976,0.3059141590799099
8.723920661309789,0.009668549023320469,0.5568227233100189,-0.6413673057189281,9.738260850320218,0.00024674007417241047,-0.02943265467124198,-0.003484939542725993,0.7936684835550842,-0.5765145608106395,-0.05499906931516677,19.195,18.97,6.857963248120238,3.262648980560765,0.2592294537093139
8.733765531139428,0.00984486982963805,0.38242801634530743,-0.5342798164266331,9.840085357831974,-0.00030686409466428304,-0.027369888754826953,-0.006846841421865942,0.7864861410092752,-0.5984563126513255,-0.0651925046796245,19.215,18.93,6.871307004394539,3.3203317558672127,0.2616040409323826
8.743723557454633,0.009958026315204673,0.48410111999862465,-0.5053550765934685,9.810416455298423,0.002218059381841012,-0.026774487236674256,0.0004271923314312434,0.8016920325393644,-0.5832856949964766,-0.04760478384509489,19.13,18.96,6.852819866436779,3.249845792707246,0.27004672860078516
8.754061897213898,0.01033833975926527,0.5923744991100343,-0.3343005766250655,9.796361872107063,-0.003251968593299892,-0.033964152794716,-0.012609430176017691,0.7907739679352654,-0.5901053895533037,-0.0551647286955687,19.1,19.115000000000002,6.849374005427415,3.244131474127883,0.25615148683172184
8.76548337162867,0.01142147441477245,0.5934862950292741,-0.41275171266523314,9.775569283028425,0.0065156348942558675,-0.027930238260772018,-0.013840454664630937,0.7900261254929752,-0.5897332612407569,-0.05796528687396267,19.21,18.995,6.859805553447362,3.2645819238990903,0.26517089669854516
8.773816714277295,0.008333342648623662,0.4722087456304681,-0.5191375019863457,9.813273843974464,-0.0025408542544442074,-0.023728827759312544,-0.005133135724636997,0.808844759346245,-0.5938706921903057,-0.07043582075731904,19.06,19.085,6.874058843876889,3.236520760363795,0.26523555072407434
8.782058756887944,0.008242042610648807,0.5791301754264429,-0.37051952810507593,9.797008781353963,-0.004478809956867547,-0.028326533364112446,-0.014959502336059497,0.7858381551205903,-0.6004996801340827,-0.05730607198212104,19.125,19.11,6.881173742149943,3.2706601990878235,0.2400245520716217
8.790418771101113,0.008360014213168926,0.6502184381388207,-0.5344395953873848,9.783251841816117,-0.00490891744836007,-0.02761379486132148,-0.011111273252334606,0.8177828230663288,-0.602230471393973,-0.07706773658196968,19.145,19.055,6.881924781079309,3.2215504173669003,0.2545909548906327
8.800852146101866,0.01043337500075306,0.6330408414670546,-0.39486176755773883,9.727076930757255,-0.007814670442023743,-0.025942045884575146,-0.010771437263874195,0.8053165259226476,-0.5751635090762797,-0.06420888821773324,19.07,19.035,6.894315838998619,3.263365850450126,0.2707291803094203
8.812719567169836,0.011867421067969668,0.566022542934509,-0.5847382956933286,9.913670920275242,0.005314366398543494,-0.026954767228287792,-0.006574525826814419,0.8033488236004348,-0.5911963991378419,-0.0643138792348279,19.080000000000002,19.06,6.949476279902379,3.2824956405535013,0.27379749397330566
8.822072558012477,0.009352990842640735,0.5383791389495478,-0.390507827855219,9.693987732597668,0.004717685032859592,-0.03046160670397454,-0.008426330491819949,0.7934941263755304,-0.580993540220886,-0.05604072489959106,19.075,19.025000000000002,6.884493853094011,3.319727520227016,0.28067023405934616
8.828320008246237,0.006247450233760518,0.5269146849746498,-0.5090839506767529,9.812133340699893,0.0016695224246430626,-0.026410271455273977,-0.009165131800623463,0.8115224427192216,-0.5783364830636781,-0.04026373946956567,19.205000000000002,19.12,6.873247216816935,3.3280994614391726,0.2610568278672083
8.835764018952322,0.007444010706084437,0.6164035967084378,-0.559138813681559,9.752185541520277,-0.004278319612398997,-0.022199360264822665,-0.012733986627365204,0.8038942068554931,-0.5962210195218732,-0.05352314581524462,19.235,19.16,6.96763285433636,3.2700616592689338,0.26104301849545286
8.844514463868128,0.008750444915805983,0.5965948727171625,-0.49453804436248106,9.918430552984383,0.006597559414155848,-0.030275120932851028,-0.0064178596678472755,0.7971153765207073,-0.5877906814033049,-0.04496891575646883,19.125,19.135,6.932381590052902,3.366191437302817,0.26843459771114714
8.853677870536885,0.009163406668757179,0.6334325008645825,-0.4552973760762228,9.705243933560675,-0.0020057106995069428,-0.02745775059154816,0.004664821142377488,0.8060310313076878,-0.5914835700000358,-0.053220485286777516,19.105,18.915,6.933525128721039,3.313534081447264,0.24101375507767042
8.863065287596003,0.00938741705911791,0.5957645593414082,-0.5173863954617879,9.718554051723642,-0.0016250358815792663,-0.031372626274504586,-0.0088375852329181,0.787263650715091,-0.6034102822956994,-0.048646058847828244,19.085,19.02,6.949037788936167,3.3215820861901686,0.23965708768198277
8.873123159280475,0.010057871684471377,0.6529910413402029,-0.43382973358294336,9.699632104375146,0.005253606544358599,-0.021958262966551897,-0.01137967600991474,0.7878021577923908,-0.5935892176292888,-0.04156411609785028,19.12,19.045,6.966369628581395,3.2715249704863587,0.24929962624049268
8.88265553978424,0.009532380503766329,0.5972025596211381,-0.5251024204576266,9.802945805447566,0.002190956349695709,-0.025976844734512054,-0.017135975518911224,0.7930151142829043,-0.5857597390580213,-0.06767893879846514,19.09,19.07,6.951684020131512,3.3068314970224866,0.22574625932099107
8.894229549200055,0.011574009415815111,0.6550002850680237,-0.42921152498485593,9.667044215366717,0.008421382862877271,-0.02886634103154253,-0.01469580475410278,0.8077882320663446,-0.5965024443184912,-0.06860352887627968,19.115000000000002,18.94,6.991464856437064,3.363455474558595,0.2587150975013938
8.903215523241533,0.008985974041477947,0.6638907577017712,-0.4437525301866674,9.73846638074098,0.0006597616451603338,-0.024985911069230156,-0.013156755473317818,0.8043203184863706,-0.5946640690922326,-0.05415435205342119,19.145,18.935,6.954314828662673,3.3421210492005327,0.27103711539164704
8.911922046302319,0.008706523060786685,0.5317910489143982,-0.48428011593069925,9.604424472090649,-0.0018768075800830023,-0.030061847957543596,-0.014591219802981047,0.8149015623328055,-0.5930547206960421,-0.06108174186969225,19.095,19.12,6.980809593485391,3.3451705483405916,0.23534754499397337
8.9226403596101,0.010718313307780693,0.45386281557740454,-0.5150511720592749,9.79568182419124,-0.00267869395305952,-0.029248590173057396,-0.012702572024598712,0.7952854074233788,-0.570087871947852,-0.059089416470844404,19.11,19.005,6.931649596530939,3.3547923968789033,0.25762466270290624
8.93033689650521,0.007696536895110821,0.7236806231500751,-0.46785368846859393,9.73631233032656,-0.007578352804627212,-0.0308594168685409,-0.005659115977726013,0.8102855132981578,-0.6094580200437862,-0.06395682368144683,19.11,18.95,7.039164816238232,3.309018313556205,0.23588772155666618
8.94092143406319,0.010584537557980004,0.6230418879608557,-0.4362766587241041,9.657122345491263,-0.0012481852379050602,-0.029153883001110735,-0.00796496752924412,0.8034747317486218,-0.58598199004958,-0.06767522694921503,19.1,18.97,7.006839391471594,3.355379408330406,0.22751570940436325
8.95107526383878,0.010153829775589401,0.4675514808271891,-0.3156545107348253,9.862860138322143,0.004498869398027341,-0.01933021283201897,-0.013763660046139535,0.7952556250126422,-0.5934160969284631,-0.04573629345913233,19.095,19.06,7.0400193471565125,3.40624678255155,0.2883584503379762
8.960854100103901,0.00977883626512275,0.5497126658320171,-0.40573006668327083,9.671248768507246,0.0023681599512803374,-0.02756905947048785,-0.01812934481315568,0.8086101022649426,-0.5971764664860985,-0.07316408544722589,19.165,18.985,7.041720261979954,3.4021048136411665,0.22662268515000744
8.973236514264626,0.012382414160723894,0.6712202978683203,-0.4031585368655776,9.839429316345228,0.00012035759995128472,-0.02261536560540803,-0.008158906831202647,0.8041881388140583,-0.593403965456949,-0.05558033862210823,19.015,19.05,7.053423619759929,3.3727183807425973,0.22034342309677332
8.982303203096684,0.009066688832057922,0.5890260959133241,-0.23441090155760558,9.71945319177484,-0.003892032044306033,-0.027710558083221676,-0.013859598832918346,0.7986248532926082,-0.5838441491247883,-0.0574048820209505,19.215,18.975,7.043656978291558,3.4284874615455903,0.2496823350791542
8.99539365035247,0.013090447255786118,0.5732036297571812,-0.44057454147909003,9.903464628725775,0.0010653834662401487,-0.0211606501723562,-0.02079268328030816,0.8054353752550711,-0.5831157699402547,-0.0787284065363521,19.13,18.925,7.065588209341526,3.351169807323876,0.24997263121144914
9.005055503178628,0.00966185282615785,0.7282685898565583,-0.44333920858217446,9.835157770055254,0.004260980462140728,-0.028179718562322348,-0.011201429243371858,0.8037945112669369,-0.5883835187962853,-0.07145953773385236,19.155,19.115000000000002,7.032521900393811,3.3652267737795967,0.25736489005022667
9.013139978511173,0.008084475332544657,0.5341042353241825,-0.4260028351379132,9.694428815503269,0.001975998629231938,-0.023814875695566406,-0.010085748357398092,0.8036159369337016,-0.5792171324757189,-0.06995633348112712,19.165,19.055,7.032433221508851,3.4548330860708902,0.283556505592822
9.023244857882666,0.010104879371492239,0.5561346800059311,-0.563303174100861,9.701555229612612,0.0009743307903351316,-0.02363047967590007,-0.0240634820772244,0.8011065586321995,-0.5773310388231284,-0.05790450776996702,19.080000000000002,19.01,7.072295538159379,3.4219451250435906,0.22737690463070254
9.031630490082188,0.008385632199521847,0.638630570513473,-0.5183112655065708,9.823239153079806,-0.0028353831273246156,-0.014422529211169178,-0.01780000548828096,0.7922499008232653,-0.5817506728880188,-0.0674030349198481,19.065,18.995,7.0613756011226885,3.400653149777316,0.23084107829726305
9.040502856310468,0.008872366228279749,0.6547796295645272,-0.523514277063951,9.753675408725712,0.0038688709453579967,-0.021097279229414703,-0.01509349681887817,0.8061185874473352,-0.595264287056281,-0.06478051121314687,19.06,19.115000000000002,7.131347201770078,3.4126465039210343,0.2740450476934773
9.051098406260492,0.010595549950023236,0.6654153345911863,-0.43147084754597753,9.760961873090968,-0.01207048685882775,-0.02585308641371146,-0.011892285915081688,0.7974302654344522,-0.5847227092196698,-0.07872895576229745,19.105,19.06,7.107976045924887,3.396060183677667,0.2600032088259615
9.061931779393467,0.010833373132975187,0.7008053858667623,-0.4974728880155446,9.876129206447148,0.00204681351318466,-0.02060020051259248,-0.017075591504600494,0.7953436978066076,-0.5845352697440924,-0.041124839421066595,19.16,19.09,7.083548979041632,3.4346418063826385,0.25655724144342706
9.070998527843086,0.009066748449618613,0.6456210403067146,-0.47269304156259856,9.714322338459155,0.010845535348174819,-0.014669225590237164,-0.01849339696080194,0.8032158579819338,-0.5975653257294028,-0.06386455071478762,19.085,18.985,7.10386229724532,3.437357061964095,0.22819993839547353
9.082479635560656,0.011481107717569602,0.6711856220539285,-0.39701679495171927,9.781353737114864,-0.005407397866148773,-0.029589923940853986,-0.01244848411572794,0.8130603697562395,-0.6049520481341848,-0.059828777767471315,19.155,19.025000000000002,7.1248191960804474,3.438477073429407,0.2618054837152073
9.094215897197687,0.011736261637031701,0.6136318995904618,-0.4152220251944559,9.850250422994394,-0.0002761252184447291,-0.026286853777301646,-0.017426590474667138,0.8076770026412009,-0.6093288610252545,-0.07047091609439532,18.975,19.045,7.127806144462226,3.4096740607348623,0.25462329415662643
9.106370349832533,0.012154452634844937,0.6417826314121341,-0.49747435113817273,9.838434475199222,0.000723255261093867,-0.023703957201353418,-0.013587709559519661,0.800615239008766,-0.5882384619143404,-0.07184365557747376,19.095,18.985,7.147337935235377,3.4592279998674322,0.24159346559886535
9.117164469943221,0.010794120110688584,0.6474831649694149,-0.5383629649893085,9.76078138387607,-0.0010371907440656738,-0.02428160400814271,-0.02038149522498981,0.8003083791307937,-0.5858092320031847,-0.04641333306720371,19.19,19.01,7.149539871487352,3.4414535468975305,0.2254296973490599
9.12920961301135,0.01204514306812855,0.6584290096741658,-0.394187103669598,9.750266276880202,0.005023659978680037,-0.023784030126739984,-0.021544609082347,0.8124875400269804,-0.6004411305498808,-0.08495418787676194,19.11,18.98,7.115017335587854,3.4345124046679882,0.23850673130157812
9.136388415369389,0.007178802358038913,0.7044103878210868,-0.4232406077320912,9.634171695711018,0.0028067362510590665,-0.027574134492552686,-0.013233055006849265,0.7822268390562873,-0.5780629457656862,-0.06314666780662509,19.07,19.04,7.097727155645957,3.50611778807266,0.26889133926344727
9.145911555546446,0.009523140177057306,0.6888471205014681,-0.6138377227637988,9.688642839706642,0.00157758297336074,-0.016613944924974134,-0.015401412706066554,0.8142545760008791,-0.5868673078079225,-0.07824101416017133,19.080000000000002,18.935,7.158365506575526,3.5385434797513797,0.2134419493431603
9.15461104766196,0.008699492115514861,0.6496325576169633,-0.5105545713916834,9.798488891438666,0.004204488458025735,-0.027803469593512646,-0.012865140193608418,0.7876207748195653,-0.5747716962007428,-0.07035108337989615,18.935,19.045,7.193075403713229,3.536603979729344,0.21877551345268081
9.164789886453653,0.010178838791691089,0.5832944371347195,-0.47244911181235627,9.761847205380008,0.0011374336245749122,-0.022776912187971676,-0.018852858715795506,0.7923014065961745,-0.5844153553360445,-0.07288559739932696,19.055,19.03,7.17321406494796,3.5035296058418965,0.22157019469163908
9.173932712624858,0.009142826171204894,0.655159505624275,-0.4235482685775715,9.778744724416317,0.01383933833667916,-0.01766935374560506,-0.02005306693701444,0.8013986207335307,-0.598652176841951,-0.07654609978810317,19.18,18.995,7.228210650785619,3.4811772983040297,0.22532868335141917
9.183683475861933,0.009750763237075402,0.6493279302990879,-0.41321689663397754,9.855755862708914,0.0017780259588409462,-0.02184142949426619,-0.011589556358703963,0.8283349177591642,-0.5832641646364478,-0.06652441120464855,19.080000000000002,19.035,7.197203604682165,3.492491865193474,0.2326088320098665
9.19650673818224,0.012823262320306075,0.6694028110092948,-0.4635289656780635,9.677453319788128,0.002023175770954329,-0.025464145370219703,-0.02333390575298422,0.8235307917992646,-0.5809573859144027,-0.09281032310889202,19.09,18.985,7.249185659899016,3.5139451845250016,0.25127457355209565
9.20625215848761,0.009745420305369432,0.8322635984892304,-0.4395803305198362,9.75341153803661,-0.005547054836631622,-0.026808521167431966,-0.012395161893663251,0.8139159627379152,-0.5929900306441861,-0.07047433071247923,18.975,18.965,7.2505204969880435,3.494620569677239,0.24070620705863333
9.216872846963396,0.01062068847578532,0.6157796492458077,-0.4814364280846617,9.787258526206795,-0.0008214537190373698,-0.02218870248625525,-0.012291785976656235,0.8105205308614364,-0.6017756037290174,-0.06842729685219397,19.015,19.035,7.255669287670081,3.5527307695819346,0.2320113233856482
9.22652444296851,0.009651596005113647,0.6932143724188922,-0.5406223294614059,9.715698494589777,0.005994156608907646,-0.024164572846274143,-0.014290123876949862,0.7884278143933624,-0.5862058226397018,-0.08130207485744445,19.185,19.035,7.195447927409844,3.4574895968599373,0.23571163673220571
9.236638012900444,0.01011356993193525,0.7467283164891746,-0.5077639255750096,9.886413672866981,-0.0038823623540886537,-0.020176555947001854,-0.020645516255836553,0.8087191777739551,-0.5970630421276161,-0.05276951446609309,19.150000000000002,18.97,7.239845967340764,3.5153410084783654,0.2419972218664934
9.246647037921099,0.010009025020654108,0.6708792187829887,-0.4854852127165995,9.844448895741083,-0.007116494214509174,-0.026465358575701377,-0.02132212059414303,0.8017603191562812,-0.5756918040175101,-0.07403530393219883,19.035,18.965,7.283713601041637,3.5538360460885943,0.19523391251506758
9.257319524020058,0.01067248609895974,0.8519579765183787,-0.489924155059164,9.79483113454981,0.0017008812849979337,-0.01745991277740467,-0.01906829332122858,0.7991945310131442,-0.5908068844430058,-0.07066558833469265,19.075,18.985,7.263410371689099,3.5104087779852375,0.2496053024389005
9.26906748532338,0.011747961303320766,0.6367512632219021,-0.6381486501728135,9.91500438474891,0.007118335890853166,-0.020086996722218524,-0.023597122968284333,0.8090301611650739,-0.5693051382864126,-0.07443129832166621,19.11,18.965,7.280908569227078,3.535116788129251,0.2108785717063238
9.281538576319784,0.012471090996404994,0.6950921000933581,-0.5192559372730848,9.651391372664595,0.0018725660415397337,-0.019616420544426093,-0.022463724340564997,0.8029008230238193,-0.6075954742476593,-0.06955447405178451,19.04,19.085,7.2322361286377,3.567089003115989,0.21771995956607357
9.292003006442648,0.01046443012286375,0.6070654398676711,-0.483084086187258,9.770549292598975,0.00041535234658091275,-0.014465490969723258,-0.016205371767284985,0.8164149721910151,-0.5848388485093047,-0.0558484469528611,18.990000000000002,19.01,7.339488199677987,3.6006645153830994,0.23271174776122255
9.302887326771701,0.010884320329053404,0.6447093906898754,-0.5102122202081006,9.800334336284022,-0.00561499625875325,-0.02182872991813968,-0.016360558541876548,0.7884780044450785,-0.5717175821494691,-0.04439684999945799,19.1,18.990000000000002,7.266558820348966,3.522366993495992,0.22367822528125442
9.311161030007924,0.00827370323622165,0.6941502092377357,-0.507537142140802,9.697757248709165,0.0036729108319797283,-0.02286478561894841,-0.023287948181964474,0.8086762734880186,-0.5947802734543859,-0.06181934746846632,19.145,18.935,7.23683437936616,3.5247547154543555,0.23437900441172557
9.3210292148943,0.00986818488637657,0.7436022432546621,-0.4488528994492831,9.794853521446791,0.0045626059764706794,-0.02201383328636405,-0.016541872737515232,0.799241718463964,-0.5873079256870544,-0.05857194046989057,19.145,19.035,7.293728081547318,3.5429147525195424,0.22682417396825202
9.332439649091626,0.011410434197325384,0.7033310087094433,-0.5743191260723476,9.682125989380982,-0.005147420784888054,-0.0204320359645923,-0.01760990549115462,0.8040606608461447,-0.5895581810001183,-0.052489562281630396,19.16,18.95,7.239619799959514,3.5315251304019655,0.21744402269212357
9.343738602049251,0.01129895295762573,0.7804017682259811,-0.6183484186915529,9.825755993331633,0.0065790506197877215,-0.019866069853595535,-0.013566099310761446,0.8113276069506603,-0.5921775923501732,-0.06736330268424165,19.015,18.945,7.289188007816397,3.539950806092649,0.25305419482444935
9.354056016648444,0.010317414599192576,0.6737666898488145,-0.5160463241819533,9.855010313589485,0.005159791598772072,-0.022678754415479407,-0.017491686014469675,0.7972228366776927,-0.5827206713157381,-0.054328888487472915,19.11,19.03,7.406439681080991,3.5605046813685055,0.23595227718359293
9.365385607587797,0.011329590939351928,0.656630656915345,-0.42715341648203126,9.792030941331255,0.006687876551949374,-0.027287276865599334,-0.015711976897721202,0.8101651996779317,-0.5979295484846209,-0.06230262900026983,19.09,19.005,7.32700566597029,3.6329924713062436,0.22707568908080503
9.376121757651287,0.010736150063490728,0.9012502831712947,-0.353357193817459,9.621889606677605,0.004551100528081916,-0.021285646087636848,-0.018206281296494053,0.806520917342527,-0.5859019726226287,-0.06897009897747339,19.1,18.830000000000002,7.303839678860814,3.592596035365433,0.23416397011981663
9.387922217038676,0.011800459387388983,0.7183504866130246,-0.42587084254374985,9.692627426698023,0.004895917696997876,-0.01743400013809262,-0.016379346830798995,0.802173129637291,-0.5794294499756754,-0.06710617315020599,19.095,18.97,7.356518994100564,3.6094593389907725,0.20541367329242136
9.398356255774113,0.010434038735435667,0.63089901534151,-0.6059665168374306,9.81502282104803,0.004420833587395248,-0.018178783774767015,-0.025610212039852857,0.8041934546509807,-0.5865594520704493,-0.08899859235799268,19.065,18.985,7.336861212302498,3.585652101130005,0.2623125550436533
9.407822708300756,0.009466452526643448,0.6343966353788736,-0.5071481712215006,9.77142953512119,0.005863345660064519,-0.013789643660326461,-0.021095939128401138,0.807463571405709,-0.5942452547944026,-0.0680205062170257,18.925,18.955000000000002,7.397021603392729,3.6385805749377433,0.19642505724003498
9.418326470186155,0.010503761885399535,0.6161509790459151,-0.4680817277624955,9.554089787751924,-0.004828417834332123,-0.010614732906478885,-0.020927864725895473,0.8014536509455221,-0.5737566118202636,-0.0865521777076922,19.175,18.985,7.3524899947679145,3.68167973460114,0.21973011612001772
9.423930578622377,0.005604108436220836,0.7673529566107067,-0.4744314487519742,9.868970911540373,-0.003527126402886615,-0.015318520413085287,-0.02183369628288884,0.8092689628947972,-0.5766567554853161,-0.08745904776686089,19.125,18.865000000000002,7.391615004378654,3.601889016426094,0.21135836812176534
9.434504907226955,0.010574328604577575,0.6648917076413343,-0.4455394062362053,9.780354245287931,-0.00040936900330781336,-0.012672988635940947,-0.019246535629943138,0.8065415791290939,-0.5941830472390541,-0.06944927637822011,19.015,18.8,7.3572269964407555,3.6861283149322497,0.20988019171131447
9.439504907226956,0.005,0.7049887776046729,-0.5620669233684085,9.703838104041724,0.0020425965415055702,-0.015063610062295651,-0.01856167672506971,0.8032701384415414,-0.5966227940569735,-0.08259947740803623,19.13,18.91,7.473461449691263,3.6480926886040455,0.20694327356917389
9.446919712115848,0.007414804888891873,0.6908364834657739,-0.4835336581800102,9.848875508042486,0.00415478584258528,-0.011183611395282431,-0.0196443018131503,0.8253702207901606,-0.5930677206115281,-0.0716487315628259,19.075,18.985,7.416311802240283,3.641778568505964,0.20008908180879087
9.45759736501726,0.010677652901411476,0.7560319605489909,-0.4551357599841876,9.71495442891597,0.003959090175293374,-0.010464691711469926,-0.022085105511602948,0.8137530090666577,-0.5779026539509053,-0.07036307417650287,19.075,18.775000000000002,7.4050649029557585,3.6591964278344653,0.23856104417178137
9.468313659023162,0.010716294005900193,0.6313578959116417,-0.4227344561275123,9.713960785127757,0.007187126420143892,-0.013907446655027727,-0.02448443659409451,0.8059038133496973,-0.5804044262036182,-0.07008569858000145,19.055,18.915,7.408898847683166,3.6648475116868378,0.1899667532904104
9.476570015852952,0.008256356829790104,0.6142615251887362,-0.5532619027937893,9.797613015405437,0.007357634544492437,-0.01476614527747084,-0.017278959643255886,0.8112906637940028,-0.5751079305707851,-0.08108630150815313,19.13,18.85,7.407442044532729,3.7134190725877794,0.23316606463691505
9.485501862790134,0.008931846937181593,0.7195490003019109,-0.5164305982964111,9.911329002572192,-0.0006772571662999592,-0.018282030742935277,-0.020404951071480392,0.799673953800773,-0.5861055148330551,-0.06319658243855565,19.05,18.945,7.4081061616879635,3.678259285936818,0.22585207030218832
9.497557674273056,0.0120558114829212,0.7514157075905488,-0.7051351406060223,9.898600790560664,0.0038322285615356904,-0.017449848080123353,-0.026061675865377665,0.8057241895951918,-0.5918674087486733,-0.07326060664955342,19.03,19.075,7.416573712238489,3.6855595598754185,0.20443340285283354
9.506831629075696,0.009273954802640986,0.731261053304297,-0.5385504455233789,9.797390175724233,-0.0004629063817801699,-0.018499685246511473,-0.022902608527595562,0.8070072222629805,-0.5732580971909423,-0.06809824388379565,19.165,18.945,7.49772398389001,3.6618131907104376,0.22206362074136363
9.520196009544302,0.013364380468604478,0.6417819118052251,-0.5307841164633218,9.805460838332921,0.002248200342554929,-0.01446665002088739,-0.02930313374177316,0.7979087176580356,-0.5877291344149985,-0.08467400127529447,19.085,18.95,7.441098375900824,3.7070218431449526,0.20732910539679353
9.530193129764537,0.00999712022023548,0.7621262965204922,-0.5703896057521711,9.831684008222254,0.004342788069464389,-0.019685587734776692,-0.02233917526429107,0.8143774126658425,-0.5801392780923526,-0.07464122348243883,19.085,19.005,7.401501744491514,3.658670913820005,0.1877741135844237
9.540805184029859,0.0106120542653219,0.6498776003034327,-0.4755595259372874,9.667694203556303,-0.010521444033241373,-0.01741173378247817,-0.023433701085848028,0.8055837665946747,-0.5973010821043419,-0.06204085827942263,19.135,18.955000000000002,7.438587665697978,3.6965106513596755,0.18724858515810547
9.553230495627606,0.012425311597747912,0.6693509226298905,-0.493259782828188,9.819656164967473,0.012826033379901944,-0.025883888231522396,-0.025124284197334337,0.8072457699166858,-0.5872605717567473,-0.06349239777125845,19.055,18.935,7.510979988796036,3.7866017358578694,0.2213011237667825
9.563427036301896,0.01019654067429013,0.6369258427283423,-0.6694951925615373,9.709294185364541,0.0055022076634490494,-0.009419450839517927,-0.016640408959434957,0.8052460120082197,-0.5712706527195075,-0.08131341024134316,19.065,19.005,7.483442123817271,3.630606858855842,0.2195525194161843
9.57192352033086,0.008496484028963799,0.8176632592573109,-0.471491536399259,9.793412351923198,0.0009000173983656915,-0.017067307833056464,-0.027730073515678993,0.8406354591756876,-0.5883615210549126,-0.07891680233329687,19.11,18.975,7.4935424062282765,3.717416057102173,0.2117277955156162
9.581758929153319,0.009835408822458565,0.7655374864592279,-0.5629633591160207,9.749638223339996,0.011045853704189215,-0.014216500490249877,-0.020426117230179543,0.8045480896717034,-0.572860656219006,-0.08348651107546362,19.0,18.96,7.540245631154519,3.7239961143172384,0.19836891062788056
9.591705513049034,0.009946583895714864,0.7645566721313493,-0.4498019865835771,9.807833843748902,0.002000796026536779,-0.010059167241802945,-0.014652368451635815,0.7906194953251339,-0.6041194230573719,-0.0803022959262607,19.105,18.935,7.489508988017612,3.714489554839986,0.2016932448379772
9.599658400570732,0.007952887521697653,0.8169578986288734,-0.591169208387454,9.777107556303498,0.00396388815084368,-0.014570192919329681,-0.0192077794682219,0.7954131336249974,-0.5862451845604889,-0.08783853778034918,19.045,18.92,7.537931813476199,3.719580587284229,0.19843242988059343
9.609274652463721,0.009616251892988766,0.9434184717246988,-0.4861726098250962,9.521723649215817,0.0015376873379942787,-0.009849925283256544,-0.02378491413058423,0.819134620541236,-0.5821727885206593,-0.07536099755728962,19.14,18.995,7.506341946053829,3.7337571242195655,0.16932828797302002
9.618161364322726,0.008886711859003846,0.5827889628622085,-0.5111775305579143,9.781792233216608,0.010142482672479011,-0.020460884238644006,-0.028325838302628657,0.8250261861192489,-0.5628553802355875,-0.06776803392238245,19.12,18.92,7.550511600081664,3.7283495379323943,0.20486624902717715
9.629547900958507,0.011386536635781151,0.6618756960640273,-0.4642078729739056,9.81874535835881,0.0031765394819963507,-0.005733231578559015,-0.02940494962336133,0.8049985359112869,-0.5917413507147481,-0.08210220134418095,19.11,19.01,7.530287853818745,3.7488376392486047,0.21328662609687923
9.639599818769785,0.010051917811277884,0.6728884411462623,-0.4784141471211293,9.802953526246318,0.004249108344376875,-0.01082289055330772,-0.025750037515660087,0.8247436429636894,-0.5731363870009197,-0.07529052609816182,18.990000000000002,18.87,7.5425328861910454,3.733081361262123,0.20347903200506842
9.649175625146064,0.009575806376278645,0.6552810815851515,-0.5087351502725939,9.758984086922151,0.00851839679460833,-0.014190028588419275,-0.026991601923309457,0.8195019824681093,-0.5690811451160303,-0.07671453416087812,19.080000000000002,19.02,7.581774044212475,3.813648685418065,0.2368317392835949
9.65901635225013,0.009840727104066136,0.638322300734358,-0.6111489792349221,9.89847430735712,0.006097356081129802,-0.009177774786442236,-0.02726502557947158,0.8103276956258406,-0.5866629308709415,-0.06408547016232086,19.01,18.96,7.587206615189598,3.7508270708702254,0.18065951720386872
9.66935103527774,0.010334683027609249,0.7017829550659735,-0.6063397654542877,9.79191839509166,0.003595614337486682,-0.019396145697095822,-0.025842092224450795,0.8097621969222975,-0.5829694290041931,-0.08088448932909759,19.080000000000002,18.87,7.56778091167401,3.7811553770621664,0.18679441792867307
9.680276256577276,0.01092522129953467,0.6297060082336042,-0.5347791024459517,9.801925690191542,0.00831398084992108,-0.015710352372761634,-0.025103944550971376,0.8143287630637135,-0.5775904421998761,-0.0806584267144207,18.94,18.955000000000002,7.567029652932969,3.749997100160268,0.20189928489065675
9.688776688234272,0.008500431656995927,0.7548206602825916,-0.4886522936413432,9.850396935727478,0.014072566761478146,-0.008649749187557277,-0.02287679773784595,0.8214146827436709,-0.5936436136046958,-0.08347236024041813,18.985,18.885,7.635715914147058,3.802729911825472,0.2035084207337016
9.697214306785341,0.008437618551068093,0.7331182220381092,-0.5365683138632268,9.795772210179848,0.005234143058241611,-0.0217666039351224,-0.02989028654294133,0.8167328587158842,-0.5832022902491578,-0.08649126083087058,19.150000000000002,18.925,7.611936555892083,3.8013708300037012,0.16000677516437803
9.708871325608445,0.011657018823103795,0.7687805356233329,-0.4377728720860197,9.694824202793576,0.004494897950904527,-0.011878877374050913,-0.027835409857194914,0.8061583244086041,-0.5656435058832981,-0.06996624046306356,19.1,18.89,7.591524390546108,3.7983394156131065,0.20925153046957992
9.718252820300139,0.009381494691692905,0.7719608246188466,-0.5100268221514593,9.57152006497213,0.00476134454407447,-0.011848804074964605,-0.025879414418854704,0.8113191706760625,-0.5729784150009363,-0.07672191645708511,19.055,18.91,7.590911523171043,3.7600858346198893,0.20149225754425115
9.726127557161243,0.00787473686110469,0.7804495363338719,-0.5648020877557505,9.728352289230845,0.009363336440999737,-0.0059802238378964,-0.02613508102024907,0.8329876304721509,-0.57960407312857,-0.07491628871606301,19.02,18.975,7.647333163120544,3.7726502992471516,0.1535736221439343
9.736793276225319,0.010665719064074658,0.7034950182945391,-0.5097242825263656,9.82731067836313,0.001782760210686225,-0.02002565770811852,-0.01815928017915519,0.815842042564587,-0.5766765753922778,-0.0628432116619131,19.01,18.945,7.628286926164197,3.8516510422772656,0.19286160494080523
9.747488330934369,0.01069505470904903,0.9042040345638096,-0.4692769595456839,9.73810160951843,0.0031243596193262398,-0.007091325507584051,-0.024727809065499557,0.8221794571597435,-0.571767001869608,-0.062392650022366755,19.085,18.845,7.628180527608754,3.7840182476920146,0.1782559741720957
9.755192258048483,0.007703927114114941,0.7540810770331728,-0.4612570055551114,9.83038273975731,-0.0018703162808482304,-0.015649435526771196,-0.03222020575650457,0.8189982344797105,-0.5696845465377952,-0.09226391618493376,19.05,18.845,7.642488288034256,3.8303666632911817,0.1848058102140262
9.765536480621678,0.01034422257319541,0.5874068026053321,-0.33684101531974575,9.77810621674642,-0.00039986972856135856,-0.015040520000617497,-0.024239129597335148,0.8164857159998802,-0.5827469082468173,-0.06944011010471456,19.165,18.925,7.657165497094005,3.788459131746295,0.16636459949149504
9.77663985526032,0.01110337463864256,0.6573558009632806,-0.5404713951142104,9.869168360611122,0.0023246519106411073,-0.01796949770942334,-0.023885450695130924,0.8150040869436056,-0.5615916992981625,-0.0737856210766473,19.06,18.93,7.653910962992397,3.8531225935128495,0.20064877803273332
9.78720143493788,0.010561579677559396,0.5993730310411081,-0.49268569297686393,9.74242646886361,0.004229396918692287,-0.017269975157571806,-0.026716767102408653,0.8230488669443022,-0.5635421263960071,-0.08077384173098519,19.07,18.865000000000002,7.699884459842509,3.8080518045893097,0.22679694450058008
9.798149407163523,0.010947972225642094,0.7410887428805424,-0.4525545297420648,9.803372349055282,0.011588849347154574,-0.011135353952863,-0.031222935767842633,0.8214259980190711,-0.5696898194963297,-0.0729993608919029,18.985,19.0,7.710015740181847,3.8057287541273803,0.19606921166270846
9.806043003516386,0.007893596352863876,0.7307312903182518,-0.48839689286755467,9.806376793078611,0.006699281773926983,-0.017076662664869843,-0.019447187321168534,0.8169978144053597,-0.5847157680442451,-0.09362415420909687,19.045,18.95,7.69429369291475,3.8175645878903897,0.14700893972796275
9.816539563748881,0.010496560232494293,0.7040159381897226,-0.5264060328858428,9.885959372377162,0.0009638857759641612,-0.009503607915635436,-0.03090486816164494,0.8075806950503446,-0.5862529466443599,-0.06184427244854107,19.075,18.86,7.7276929140067585,3.828049733884075,0.1951467354809431
9.826085634109676,0.00954607036079433,0.9032720373973143,-0.610140744968373,9.6292335006144,0.0017519996830773093,-0.01496854953698314,-0.024114571078596644,0.818519697235207,-0.5791014941656131,-0.07142015504917221,19.04,18.855,7.6940864651342205,3.8620117573842854,0.18484837841235227
9.83536144887159,0.009275814761913033,0.7871855949722364,-0.5269103833382045,9.729028127842064,0.010213157230052363,-0.017024760370937947,-0.02608564971187534,0.8141364060824595,-0.5750176361140791,-0.08531632211517297,19.035,18.88,7.721713426923852,3.8570110689332613,0.1660461032469002
9.846667282285718,0.01130583341412959,0.8023963745993827,-0.5717429094368196,9.83350598639037,0.009281817787743438,-0.014108030085471597,-0.024638353212341216,0.8118984110912852,-0.5930526958916823,-0.08263212758676232,19.080000000000002,18.87,7.739879681107359,3.8282363747693924,0.1943152144246625
9.85888619405173,0.012218911766011345,0.6709264353657669,-0.6237549290310961,9.889216094589106,0.0049541064075572065,-0.0104596485622049,-0.020381887571587327,0.8419584746515311,-0.5701408818825874,-0.09393012054287564,19.150000000000002,18.965,7.7497668385442795,3.8669077069503883,0.20394660053185834
9.87157774913363,0.012691555081900539,0.6666031617805717,-0.5490435937366462,9.784668785959955,0.003140058249471704,-0.012717905632352781,-0.025136316202255513,0.7999785655507807,-0.561920579776822,-0.08016106693740824,19.065,18.945,7.756492129388504,3.8403491622178625,0.17205415222196893
9.883549960940888,0.011972211807258857,0.750515500833946,-0.568925240853474,9.741972016836401,0.009474631812726241,-0.01128461144480873,-0.029780635606648658,0.8251425176732513,-0.5687527427115789,-0.0819623913741711,19.125,18.885,7.757209016040893,3.9004735307161917,0.15167344667348687
9.893385359668443,0.009835398727554725,0.7622466048932449,-0.43825929342715064,9.825897890206123,0.0010547506255905222,-0.008482755164232093,-0.02325553584407953,0.8070862409052377,-0.5810486354409119,-0.0904778088810863,19.09,18.925,7.804596171902205,3.911321452565041,0.1435942857080363
9.903914439912983,0.010529080244539515,0.6007785823326312,-0.43665978648380865,9.83476193483281,0.006653063865810563,-0.006772969958807564,-0.030346365496073877,0.8171922951304589,-0.581985364743173,-0.06955610489933939,19.12,18.93,7.737837958759981,3.8915175809974865,0.16974196301246736
9.915064674220659,0.011150234307676365,0.735769685071784,-0.5568233989612963,9.736428035879738,0.014235790388279743,-0.012168160913343894,-0.027318096241725154,0.8417444428264419,-0.5707800979853391,-0.06465537638583937,19.015,18.88,7.758000276645374,3.906441311205314,0.17912700975437376
9.925246441144608,0.010181766923949193,0.7521350067176986,-0.505111937073054,9.791567915278186,0.0060215344024742825,-0.01494478611472259,-0.03328149988959711,0.8065984863522562,-0.5750705355871651,-0.07778676957642448,19.035,18.900000000000002,7.764101061777602,3.956382255602862,0.17116868740671834
9.935442587426476,0.010196146281867317,0.7345975128132272,-0.6327279264350615,9.859529217738164,0.002152682909655012,-0.01030322221158051,-0.0323788573210245,0.809148110323599,-0.568864448081131,-0.08065794872814158,19.035,18.91,7.7673857791334076,3.9046221397587138,0.1670730397971025
9.94667821712429,0.011235629697814274,0.6876015048367393,-0.523361353020129,9.91626338439696,0.006957183924471465,-0.00854815633406669,-0.028190165247140048,0.8163940945548495,-0.5670089125505842,-0.07334706376994563,19.080000000000002,18.900000000000002,7.72746155957968,3.887114559837636,0.1912691558505254
9.956589293155252,0.009911076030961101,0.7102553275384198,-0.45166577881377085,9.824383257752281,0.0034890943213121417,-0.016117485144715164,-0.027055223922403584,0.8082587765741748,-0.5618689889994601,-0.07797583325196239,19.095,18.82,7.836043095818032,3.938189240572491,0.1884370203990614
9.965495362750692,0.008906069595439508,0.7399263272594465,-0.4173784185899796,9.768460585789962,-0.00015935328398991415,-0.013696537348966302,-0.03545524562355926,0.8257174800420614,-0.5838941134578803,-0.0886740829951166,19.05,18.825,7.7709109914344685,3.891657946020517,0.1825152358336276
9.974873653151938,0.009378290401246213,0.762017607242459,-0.5401906949552621,9.760556861100378,0.008271755502708875,-0.012862775670529462,-0.026780517861973798,0.8116859993828122,-0.5701293140206131,-0.08445443104349468,19.095,18.845,7.81404799286835,3.9243979280918047,0.19416054387121334
9.98582451871854,0.010950865566600614,0.8039120859712237,-0.3987282489215651,9.809421742821172,0.009997889218364107,-0.010644235464095125,-0.03219168325641602,0.8237525165722214,-0.5757135077901088,-0.08097825459726637,19.005,18.82,7.774777599938309,3.9186706698796994,0.16389512183890736
9.99582900865534,0.010004489936799935,0.8426892371902028,-0.6038796139850355,9.755529371511274,0.004336743180370324,-0.01269879559859635,-0.023926594614030544,0.8040868116797625,-0.5728202469826118,-0.07560916570790426,19.095,18.77,7.843802757721603,3.9209961760206804,0.15438986715731268
10.006339323620642,0.010510314965302508,0.7333832307145711,-0.5821637494048139,9.77990676866447,0.004127935448149633,-0.006660036460746609,-0.03059074319368369,0.7994859070266088,-0.562931369005246,-0.07807699976740386,19.1,18.895,7.809759863669665,3.940228873092296,0.16505602918815376
10.017344442483946,0.011005118863303284,0.7211639854611003,-0.4252909530221245,9.680057183519834,0.0018497522397284837,-0.015734261191758483,-0.03382088576525167,0.8154490609622546,-0.5615722813765586,-0.07614787260994282,19.075,18.875,7.807767547423545,3.980672861874964,0.16286090028052136
10.026782180289599,0.009437737805653585,0.7932761130127857,-0.3481208275010275,9.86841185242971,0.005146955938224955,-0.015482835048860957,-0.029145818095826483,0.8022129528367749,-0.5570848475654121,-0.09356795522900663,19.045,18.77,7.854987974069545,3.9919415369577096,0.13296105988215706
10.037916552535044,0.01113437224544471,0.8078298338815308,-0.44203110530299883,9.673386923609293,0.0035569861192783856,-0.010322654730492828,-0.03325815055083166,0.8332693158107668,-0.5665357510524023,-0.07174603776120521,19.075,18.835,7.8367622457491395,3.9925653355063893,0.16224877761739298
10.048484816440231,0.010568263905187591,0.724871477423429,-0.48443775481715556,9.72999113519697,0.0018190189497111035,-0.00952168994949262,-0.024653799967173692,0.8029684656137659,-0.5716270464340406,-0.07843678566618269,18.98,18.835,7.848748413690916,3.980568702311235,0.19447185381010082
10.056632596809864,0.008147780369632783,0.8233246369704433,-0.6565934503869145,9.772336532712414,0.013475505479552657,-0.014508001745513947,-0.02983223191546081,0.8080288846164869,-0.5728506948246115,-0.0529987165473792,19.04,18.855,7.877440780995844,3.9671382819717484,0.18778609377539304
10.068796053996644,0.012163457186779367,0.8391657911929182,-0.6424223607157462,9.923763504502334,0.007837971159691618,-0.010922703745367902,-0.030596926431486364,0.8227507582545313,-0.5873621218779708,-0.08248209181778546,19.045,18.775000000000002,7.905713715394517,3.9106867708988444,0.1813675002099905
10.078044936881009,0.009248882884364627,0.8646551616240553,-0.47000094256749375,9.73063748467153,0.008311105149787553,-0.009952464961661444,-0.027741134641074267,0.8129104333543831,-0.5563824472754979,-0.07543037582609792,18.945,18.76,7.864330789100767,3.9974306091873895,0.17280743329843484
10.08556229386623,0.007517356985222224,0.9039997996063905,-0.5087736619376713,9.711145404878902,0.009595353790197342,-0.009801574231452793,-0.03422383237222948,0.8037203121187555,-0.572807275692769,-0.0504198943953008,19.055,18.87,7.864974159259186,3.9220661905986147,0.19859294625405124
10.093994728301851,0.008432434435620547,0.6928746279947702,-0.5683395377834072,9.720333733060087,0.009191005159824062,-0.007486265209738822,-0.03546770070405908,0.8394502900206717,-0.5643137734980064,-0.07682296156664667,18.95,18.745,7.901951476922154,3.9372807698297856,0.14778298503238052
10.102463160560834,0.008468432258982517,0.7637443539060971,-0.474369406169092,9.897084190867018,0.00449969324396497,-0.01060485142552671,-0.02878485684869491,0.8091819207929442,-0.5623655366234157,-0.07949105696368786,18.995,18.82,7.923990065211955,3.9946845870025336,0.1490581342342179
10.11254142053882,0.0100782599779863,0.7640492305240393,-0.4700864122717148,9.539354270082882,0.00729619072368861,-0.0018861122971371054,-0.03494408388345968,0.8174120391935411,-0.5813491084166065,-0.08874302636225677,19.025000000000002,18.81,7.959509577687471,4.012887144553362,0.19008835702404436
10.122130644780501,0.009589224241680645,0.7557759657257608,-0.40343899051825455,9.684095440817694,0.005181060627442287,-0.0056912691895224165,-0.035066000851023904,0.817451183968123,-0.5778814474014808,-0.06364583075020001,18.975,18.82,7.890923029215835,3.996566906590775,0.167438404232814
10.13162539682904,0.00949475204853911,0.7121368304319329,-0.46775775083532656,9.982791616720222,0.008061701731727093,-0.010720576083770257,-0.027437888107626457,0.8268136937587354,-0.5529312843956302,-0.09057221326944022,19.02,18.84,7.920887374392647,4.0612615080091645,0.15275325110242866
10.142554949777264,0.010929552948223719,0.6457403870563647,-0.38005602214208184,9.811530823470648,0.0077328916038367935,-0.0069390227429522765,-0.02882108506960897,0.8245277415905597,-0.5652121828536204,-0.07476887372037795,19.02,18.92,7.974177144245696,4.034921154251377,0.17639809639573392
10.153064762819053,0.010509813041789056,0.7724700807055375,-0.4773376554918692,9.675755925620336,0.004891489262550546,-0.006652558411461229,-0.03606735466000048,0.8118232005742925,-0.5736471889512408,-0.083830460447997,18.965,18.725,8.006248919066008,4.019209826182869,0.15580398285226246
10.163538834625019,0.01047407180596643,0.7040388564553568,-0.4868491275273774,9.760857437476844,0.0011607058973359058,-0.0021217419876845348,-0.03365833190584733,0.8170200878746211,-0.5688293623487812,-0.08104115108570965,19.045,18.87,7.92538904500279,4.073892742992761,0.14703877277866798
10.174153577311012,0.01061474268599304,0.7728269134301284,-0.3921119895261477,9.769584711794982,0.007119325887664276,-0.009211796154557224,-0.03492770010537798,0.8181996001775882,-0.556423195449894,-0.09343891223169142,18.965,18.665,7.941253163417454,4.084940064137901,0.14568725253746223
10.185077779313016,0.010924202002003357,0.702858475258046,-0.5551501826925338,9.831856902637995,0.005775380810962857,-0.0035654762025697836,-0.024341804690908117,0.8281552755185215,-0.5576526739697972,-0.06581974551302873,19.145,18.895,7.983327351403249,4.059208580818107,0.16860667566848817
10.191915849300349,0.006838069987333836,0.6786717651131314,-0.2514768541409308,9.911314498560428,-0.0009326987346234888,-0.006357538386867917,-0.027906824280976215,0.8091061157290741,-0.5814746271574854,-0.08206020997849228,19.0,18.69,7.959868559495074,4.024231426576734,0.1657794288523492
10.201369191921952,0.009453342621603309,0.7857390853840724,-0.44627318948679995,9.795222261172835,0.008709632802939769,-0.00040672059277671157,-0.03332971455139202,0.8411419317292519,-0.5502185401699761,-0.09147505885506119,18.935,18.955000000000002,7.961760654792072,4.0360343294064895,0.1912891509534498
10.208098876825218,0.006729684903265789,0.7793101130766789,-0.44558342788809874,9.720944322068608,0.01057606541360466,-0.0011011870869067873,-0.02942350625161897,0.8134914578124641,-0.5567196245769478,-0.06682622939492006,18.945,18.785,7.997095017023554,4.012736198055613,0.15464762861265377
10.218152966715415,0.010054089890196693,0.8139260189820572,-0.4336732090506762,9.827079337395576,0.016881439132914785,-0.005315059069796403,-0.03727505820291241,0.8211793520797629,-0.5676356457589754,-0.08443643591711573,19.07,18.88,8.04404788135607,4.060234903313539,0.1535519443499505
10.228146017257078,0.009993050541663483,0.9427817954771677,-0.3251382046441098,9.708239127683141,0.005256175836714827,-0.006991231832015497,-0.03466174278967899,0.8098500914442031,-0.5777584994650761,-0.07608906555821025,18.975,18.865000000000002,7.966038640140276,4.0353394291731135,0.18773741340383956
10.239714315669262,0.01156829841218452,0.7904573938084929,-0.411471789839829,9.68141885808356,0.0047273658498693805,-0.003729343765248281,-0.03169102784117385,0.8086812716184556,-0.5549877695932517,-0.07106535978588024,18.915,18.775000000000002,8.059254963181306,4.063138102662147,0.17778886533085372
10.251495767258344,0.011781451589081681,0.807427347822686,-0.6028250517115891,9.623281445434781,0.00250684979770518,-0.006287700258598282,-0.03044284660387074,0.8131363270422374,-0.5604429581979762,-0.07478217400992074,19.045,18.775000000000002,8.006210337690822,4.087107234052512,0.16008871867166635
10.261799929830723,0.010304162572378551,0.6827011216322046,-0.36174198214648084,9.63885533102103,0.007833559719293894,0.0013214688360683432,-0.03276466756703618,0.8123666071129715,-0.5795036193258154,-0.10152464695644561,18.97,18.745,8.041829387785953,4.025266092666871,0.12519606141748954
10.271049388214626,0.00924945838390465,0.6661952328223546,-0.5009268113381645,9.69234365139963,0.007857107476872079,-0.004936678794034165,-0.03149280671520843,0.8181015424486257,-0.5669927087708557,-0.07263538298222613,19.03,18.84,8.086364992805699,4.051788712723634,0.13948386180711211
10.281777129883444,0.010727741668818607,0.8960377624097362,-0.4646544345773205,9.669830318133867,0.003859251406472115,-0.006700013499756928,-0.03229864162120229,0.812654998819127,-0.5331148398623244,-0.08062892266359677,19.045,18.765,8.05673212277268,4.080202263447806,0.13383232977407927
10.290985253427458,0.00920812354401353,0.6957448130092955,-0.5751949058151453,9.789108834715883,0.006453260827762908,-0.006767252954982829,-0.03337499848249632,0.829572925111589,-0.5639570896715892,-0.08294063738579786,19.005,18.735,8.045200943555047,4.098727483784205,0.1549506432033586
10.300983164450292,0.009997911022834977,0.6863225020068312,-0.4303493651336461,9.668095296186568,-0.0007090207900198467,-0.00961947498540043,-0.03402283061203421,0.8149757781699563,-0.5712645435504571,-0.08076948423050677,19.13,18.815,8.08343857427624,4.090798796830308,0.14330258465445128
10.312462368925733,0.011479204475441152,0.7669373500366115,-0.5240795406722506,9.512553131845358,0.010971558964815718,-0.0023556486705183055,-0.03467774322932919,0.8140843915223548,-0.5736101966876207,-0.0958096675918011,18.88,18.725,8.065617900030773,4.103594913612456,0.18466364769989135
10.321625711906748,0.009163342981015865,0.7630163558274746,-0.4635713138023927,9.680534095659619,0.004231513347315092,-0.007713845367958733,-0.03215180643756847,0.8192666541258508,-0.5455481507122375,-0.07781053770229439,18.935,18.76,8.093574224167005,4.095387371387312,0.12048710630825421
10.332834229865611,0.011208517958863752,0.698216871441637,-0.49383644011872435,9.726300698443914,0.007234480829411678,0.00013998618464321558,-0.03156647284937072,0.8333380754373151,-0.5544771418233855,-0.09340234093832726,18.965,18.78,8.080504414701927,4.079034628668369,0.12784526269795557
10.343850331918649,0.011016102053038454,0.7461826808238171,-0.31663310775044295,9.715617722137731,0.0017241433251553636,-0.009246211698996185,-0.03254371301104331,0.8257689379832309,-0.5485701025260827,-0.08264058224982956,19.115000000000002,18.735,8.1210420509075,4.112311656408053,0.15513519156461839
10.352418144192953,0.008567812274303768,0.8690442495320376,-0.3116801056498595,9.885620178315257,0.005146422582934174,-0.0034269229526386765,-0.0381502247375015,0.8227875409046185,-0.559920503399015,-0.0782366661463622,19.085,18.740000000000002,8.06004073268084,4.126496847227625,0.16002616696465197
10.363878985385279,0.011460841192326102,0.7063486242943986,-0.46603485497470326,9.714982556620571,0.006417502215594561,0.0008504293051122104,-0.037563005521327714,0.8096744625039946,-0.5495371137299127,-0.06907999668490795,19.05,18.86,8.080372256317776,4.129645731301194,0.09699159887117177
10.374926834903336,0.011047849518057259,0.6594437825814702,-0.4641445891261238,9.834549166271836,0.0075485121309143465,-0.012180671155411549,-0.03209794042327089,0.8127911624639413,-0.5702459290488004,-0.08803479200658042,18.925,18.75,8.077100212676584,4.148154157127728,0.11319402650048932
10.385079723734394,0.010152888831058986,0.8464286808365489,-0.49867965555861266,9.762566854956658,0.009565678283599392,0.004665713409575957,-0.027922231566880475,0.8116308976383041,-0.5598466448015533,-0.06533786137183314,18.93,18.740000000000002,8.125570334849861,4.162733158671076,0.14186542276447978
10.393936238547353,0.008856514812958523,0.8104645874022594,-0.3799194387201055,9.760711212177691,0.01344930154800801,-0.004965113888052956,-0.03329957917968672,0.8376556778893304,-0.5583480627523126,-0.07039699412366344,18.92,18.75,8.088264784443686,4.175296323352243,0.17359125864495
10.402647429519488,0.008711190972136646,0.7214859269942496,-0.49431203535214074,9.697276266803593,0.010669298612442573,-0.0025585481993683065,-0.035654214554246416,0.8300626294764888,-0.5471435806827336,-0.08416998729358662,18.92,18.785,8.12017131293014,4.140436879352418,0.18356942808471663
10.411840935654133,0.009193506134645467,0.6445902191358429,-0.5012775600384218,9.759417016521624,0.011635039391422545,-0.0006882610978006763,-0.033213523005440816,0.8163205523808036,-0.5575143862329155,-0.09097299110678574,19.055,18.69,8.114852169619088,4.117020108605156,0.1368317534474196
10.42265482734907,0.01081389169493794,0.7116191609462021,-0.38877442966168885,9.702928766880527,0.013627117360699197,0.00010558925418337932,-0.03877924435999316,0.8195051678199864,-0.5666448867156537,-0.09433321610728834,18.945,18.775000000000002,8.200880276993558,4.208143440471873,0.14089421721429757
10.431221389597969,0.008566562248897904,0.7668197219567793,-0.5097186190502178,9.777752967776152,0.01016610375321039,-0.00156464201336675,-0.029091705030984547,0.8170645477780621,-0.5595002254012039,-0.07718374557222855,18.955000000000002,18.765,8.13343446767299,4.186073054670373,0.12692459520879387
10.441877657970899,0.010656268372929805,0.8644424301008168,-0.4691634642382548,9.745270693313481,0.007795833097961367,0.0015019694639180747,-0.03369944078942089,0.8166691630252999,-0.5765945946607685,-0.0872802214075468,19.005,18.635,8.132850161961228,4.151481183317088,0.15552344341722435
10.450015024677581,0.00813736670668241,0.688244362688948,-0.5922533985557485,9.68861656408395,0.012021365554890879,-0.00027947032159148823,-0.037213655975499985,0.8302918709775986,-0.5828022979677743,-0.0679172321107104,18.855,18.85,8.18522893778163,4.192734888492986,0.17281706722969492
10.459708921800923,0.009693897123341727,0.7643745410628415,-0.4089389888974592,9.84355885075125,0.012327244373370735,0.004844807463113082,-0.03530980511911993,0.823005931852238,-0.5509950072379004,-0.08670871736776613,18.955000000000002,18.825,8.235927695909826,4.221542200766929,0.16663689479460392
10.469873393432783,0.010164471631861013,0.825095282056651,-0.3095024669747777,9.798377540459246,0.010682143866059982,5.525594940630806e-05,-0.03686225573450648,0.8468953678968789,-0.5627568956064115,-0.08892136809106303,18.885,18.69,8.1897524181869,4.2467201845748095,0.14017112842110457
10.483541088650371,0.013667695217588375,0.5804860950787454,-0.4063901061533945,9.728418624392415,0.0023401149692758756,0.006045902975247821,-0.029656638766507384,0.8388604384539095,-0.5612200524483825,-0.07757735044762867,18.93,18.665,8.202712468108308,4.209540522882881,0.12295159244707668
10.491475115167091,0.007934026516719449,0.8536209778437154,-0.34674304824472646,9.775923711488655,0.004833803132131061,0.0019202037897700901,-0.03579848216507966,0.8396107268213691,-0.5500613128972089,-0.08677209251085784,18.91,18.745,8.24877354080581,4.2379765270653955,0.13928896616940348
10.503683137016827,0.0122080218497352,0.6761958357614646,-0.5307517691286926,9.7576120217638,0.007163267982780603,-0.008709356536429722,-0.03450007864309961,0.8334750160020286,-0.544037750235924,-0.07982107669069848,18.905,18.64,8.245903090076089,4.176300513563865,0.16582206299019764
10.513907900637808,0.01022476362098092,0.7972277008194174,-0.44362983184618376,9.694940349909302,0.011433905922219066,0.009123672604022326,-0.032936694160573786,0.8227411806121232,-0.552357911645188,-0.07004060419893242,18.955000000000002,18.805,8.240280725963077,4.216869904089819,0.1294267029356886
10.524524658514832,0.010616757877023944,0.7902566714021151,-0.5374350048654449,9.770019902424547,0.008284729832741092,-0.003446162694128399,-0.03830840403818303,0.833160575279687,-0.5381042507698218,-0.07872010576539223,18.95,18.695,8.218316312231845,4.213456455358546,0.10032988503273153
10.534702180384913,0.010177521870082307,0.8571322180280168,-0.47966753456853983,9.714732057449094,0.012969958953784862,0.004998209423020283,-0.03467902614686919,0.8239009713076901,-0.55205241975633,-0.07867328281926964,18.925,18.815,8.257392321947059,4.239110076357535,0.12867293827119583
10.545369270612206,0.01066709022729285,0.8142574489042845,-0.3991021550005779,9.688854301749476,0.013738253773255455,-0.0007040676493833088,-0.03446934121219449,0.8439092850539511,-0.5537357535483599,-0.07781973848984636,18.955000000000002,18.665,8.211199378923158,4.282747091825203,0.12949068712691975
10.555138742955663,0.009769472343456974,0.5798179884989207,-0.452208987315144,9.634662073083222,0.013324137304463681,0.0035912854729104934,-0.041886598322579106,0.8318488497826402,-0.5540586834848096,-0.09678984883772329,18.88,18.705000000000002,8.240923535613502,4.247013431590637,0.0979110116604712
10.56731981822785,0.012181075272186188,0.7069705168765148,-0.5727054032241231,9.735839792773545,0.013412066866122892,-0.003209817592455873,-0.0347875499952976,0.830679222727487,-0.5689480565955517,-0.07592292966560717,18.97,18.785,8.312068580380366,4.217746471280031,0.13806260695457598
10.576635111511512,0.009315293283662917,0.7806035259165429,-0.5643863787623696,9.809921857465746,0.004489625171294379,0.0021978306899220904,-0.03607883041954718,0.8295177737538644,-0.5462496312034114,-0.07822695358333737,18.915,18.685,8.315443228286792,4.21283496579889,0.14284235714091995
10.588333463369782,0.011698351858268872,0.753670955100258,-0.5690305344181993,9.709038246945486,0.010627964993408835,-0.0011286312769584806,-0.035497699484868625,0.8458908158886783,-0.5799071270749229,-0.07087642864098088,18.895,18.72,8.298624827659681,4.306211046833786,0.16904192256862405
10.597366912689463,0.009033449319680465,0.8072489373950851,-0.41871726526284375,9.966305193178483,0.006313444800453197,0.006346269231361237,-0.03596864628207714,0.8143373624299688,-0.5610383350668287,-0.07372966998524963,18.875,18.765,8.234660365675351,4.276958532892524,0.10451862827542467
10.60727653491986,0.00990962223039807,0.8319230964751022,-0.2923644575131733,9.835545862115655,0.0021978487520016663,0.0019451891327871118,-0.035176703171026814,0.8472630993581313,-0.5546421404784787,-0.08178641773957444,18.905,18.665,8.264018733131227,4.28014723952803,0.14503324156855393
10.615668591091424,0.00839205617156467,0.817212278006189,-0.3480034966638733,9.869074542936064,0.007686991231446723,0.004069969549956326,-0.030950193495989507,0.8271930222528487,-0.5625106069006786,-0.06942411054216567,19.03,18.62,8.286423275537954,4.260760144767421,0.14913024419750914
10.626351126671945,0.01068253558052128,0.7510755941173655,-0.6080682182643973,9.828396312212515,0.014190188193732464,-0.008157444553401817,-0.041126784138097436,0.8152155626995192,-0.5588006037765124,-0.0826486563957972,18.91,18.605,8.309985053371785,4.284663041640974,0.13938527415587423
10.638518815607336,0.012167688935389801,0.6201258813045685,-0.34200083496948736,9.913063605737662,0.010796047750190333,0.0003531749722528272,-0.03790110417465532,0.8220091515660044,-0.5355122070318887,-0.07721927722428149,18.845,18.72,8.287111390739748,4.253340372556125,0.107945364828223
10.648402781337605,0.009883965730268719,0.731064638672877,-0.3801988880818131,9.701922568112415,0.017074481285693874,0.0024973174894477174,-0.03396602141351767,0.8132302639926713,-0.5425584219542682,-0.082774998781262,18.965,18.705000000000002,8.324942105185468,4.299696953818163,0.10604283575951454
10.65810745278955,0.009704671451944136,0.8004739004489607,-0.5781647207861833,9.560072554860385,0.009761355445225078,0.0019062643534955952,-0.034806511289482533,0.8364787555352818,-0.5601543469412948,-0.07501754849837382,18.88,18.745,8.392919130838852,4.257870169576072,0.12855906238254328
10.666435527344948,0.00832807455539811,0.6796262018002741,-0.478303865824027,9.729284476266205,0.018885808398515603,0.004990853592525315,-0.034976075140923185,0.8197346023382436,-0.5577313871230549,-0.0833744634218737,18.92,18.66,8.358421063869523,4.286656079970379,0.1277957314457981
10.676091588364619,0.009656061019671537,0.8169995991616676,-0.36583009983968223,9.809683095976993,0.009853511083015857,-0.00016159240319397377,-0.02589576609162507,0.8320079816664148,-0.5655031153871061,-0.06310301580403482,18.865000000000002,18.59,8.360493075267673,4.283151561006265,0.11408160231366038
10.683702396975036,0.007610808610417709,0.8388715624948934,-0.40898012980990484,9.777188178261298,0.009271790051459852,0.0016199293145461975,-0.034529178674694086,0.841824440244319,-0.5454440047149526,-0.05937938737803798,18.98,18.53,8.329338967964807,4.2086589785563895,0.15053427193045799
10.692333079994958,0.008630683019921759,0.7760010469871819,-0.5572206641758243,9.787152369308139,0.00410785181141692,0.00628884155333124,-0.03254738423743933,0.8239450097241109,-0.5547195609774123,-0.07078356894574508,18.865000000000002,18.845,8.317429685030065,4.300444023329723,0.1160418653144541
10.702673259064122,0.010340179069163704,0.5203164631935382,-0.40300381476735886,9.870845962665845,0.013719763824431686,-0.007384177550848307,-0.03840127267734898,0.8282038007950856,-0.5715602819093188,-0.06407239088468532,18.98,18.7,8.337821557278573,4.2892289749233115,0.08541104772733281
10.714651778860734,0.011978519796612094,0.6626493660332914,-0.6221270594367444,9.79580756716309,0.007329275867749379,0.004280925639265121,-0.04126196196278962,0.8181063381525218,-0.5505083377285593,-0.09483180440217087,18.830000000000002,18.67,8.333633547821538,4.316073125654906,0.11791048014651728
10.728865595152579,0.014213816291844254,0.9151424281240085,-0.4680701918749848,9.829241472948885,0.006820977522685085,0.0008167992020102965,-0.038685971777541205,0.8275601880323193,-0.5466744854343224,-0.09359622338679172,18.87,18.675,8.397360099469712,4.3297738503642975,0.13093789028935632
10.737985717524973,0.009120122372393649,0.7200910628781034,-0.3586364101686694,9.690219777201039,0.014579822947942517,-0.0013502075431539914,-0.03466912998397883,0.8573794468813751,-0.541141970856925,-0.08255963405491014,18.97,18.57,8.41374451713184,4.387464907068716,0.12749245482763497
10.750138667759941,0.01215295023496816,0.6044850900533938,-0.44743365225709797,9.677830231703927,0.014148636418449018,0.00384064256624561,-0.03600661368273063,0.839679653140186,-0.5511181661253092,-0.07887845306744042,18.895,18.605,8.382756701373284,4.349831957913366,0.12643340728475017
10.760504296480544,0.010365628720602472,0.8615083853922726,-0.48815970177721973,9.894658105229981,0.014095769508760143,0.007570833866629952,-0.03612013092105892,0.8294763211946802,-0.5537787224362818,-0.08122553471628226,19.02,18.755,8.424246012224131,4.3560525308255285,0.14885803319812121
10.770277425010425,0.009773128529880437,0.7632438536953131,-0.3764695078157958,9.7736659193746,0.008167582406893158,0.0069745494615955994,-0.038683548759108066,0.8262177819196137,-0.5298749122147146,-0.09561863861778074,18.865000000000002,18.685,8.47150946625018,4.365927252539649,0.09595632502366751
10.780926316688014,0.010648891677589228,0.8499944500944683,-0.3689481013130489,9.71580760032777,0.00946551937753193,0.0024484249936758224,-0.03942221724051863,0.8321388210652886,-0.5493281255776258,-0.06762931662901937,18.89,18.595,8.494486551982805,4.382689162381963,0.10898743655464009
10.791019191413534,0.01009287472551994,0.783193419708128,-0.34146704258970434,9.716024211796277,0.009480234825104494,0.006653716157168822,-0.0387414966397128,0.8340846409552984,-0.5418718326731253,-0.057552242494199685,18.990000000000002,18.565,8.466750550996432,4.375349541248378,0.14761402829216794
10.801184785001952,0.010165593588418328,0.7971388208509068,-0.37565510310095296,9.71387769688335,0.01290024155666478,0.006785958457456106,-0.03521940498801457,0.8288145004925473,-0.5541330735646701,-0.06623132566909667,18.78,18.605,8.446333275021521,4.375392205433719,0.07661252486411428
10.810572285257713,0.009387500255759997,0.7889424505301534,-0.3584714949385046,9.709158382116408,0.01603101147371873,0.00311456911433602,-0.034841904687760314,0.8385103822746285,-0.5415332625793071,-0.06813553970161305,18.77,18.615000000000002,8.48105482696261,4.393094971322751,0.11419042353374509
10.818475120768015,0.007902835510301725,0.8152250901160487,-0.38582271479559843,9.663281099099576,0.01132850435018553,0.0008182420508164165,-0.04230310716963483,0.8238478831808664,-0.5627310353563905,-0.0766860311914378,18.82,18.755,8.50563994739499,4.30301109027955,0.13925786987649835
10.826159682964231,0.007684562196216878,0.9411485708273162,-0.4226986897717363,9.645956341212534,0.017793516773829975,0.0011725692494570063,-0.035299744165635284,0.8239665719868708,-0.5525444133535529,-0.08733390287765035,18.915,18.615000000000002,8.410872711985213,4.442420021026997,0.13839144232226983
10.837139550289153,0.01097986732492184,0.8359444150456452,-0.4360403488101252,9.750472548949007,0.013536998936747717,0.007240463096685282,-0.04105291068396717,0.8374930660247367,-0.5596469675623227,-0.07811514948724747,18.765,18.555,8.524131122919885,4.433062906358672,0.12650219705302782
10.846724500154025,0.00958494986487143,0.6312188633903564,-0.4615312258353602,9.718712573086002,0.009056328034434333,0.0038735947888794303,-0.0366619709683214,0.8223152509166047,-0.5532992878931917,-0.05772754710158848,18.895,18.62,8.47082172394976,4.396789753732671,0.12630109148623478
10.855830366804541,0.00910586665051575,0.7927786652174347,-0.5389177514222302,9.854790607117497,0.013355243703377708,2.823229385327461e-06,-0.0393883318941833,0.8414922752882025,-0.5344451969847244,-0.08224780013458693,18.89,18.635,8.478227004994318,4.352541785871575,0.09110021634572102
10.865843125244627,0.010012758440084731,0.8476892653437865,-0.5176645248970381,9.789743615800091,0.016913425157982796,-0.002392174761846313,-0.032447883491464054,0.8342801411289296,-0.5527428539552812,-0.08321493168601249,18.975,18.54,8.491454201671665,4.436358625388182,0.13864640918328233
10.877035523624,0.011192398379373442,0.8518139593115279,-0.4630252975799648,9.787613508375827,0.01813780111755878,0.007852996191972718,-0.04048400096070097,0.8163912689268624,-0.539066828614649,-0.06752050565524732,18.915,18.635,8.52045375376006,4.3849458080651615,0.08635779938300836
10.88730606953854,0.010270545914539598,0.7207431233751259,-0.4204311367086245,9.707023098766443,0.014942580746272024,0.00250211729038107,-0.038189099694800596,0.8359928953180008,-0.5307361102527152,-0.06678902899036843,18.87,18.68,8.485543023615799,4.427016565220944,0.08679557013285645
10.896321987133579,0.00901591759503855,0.8474159449643365,-0.3238489152969754,9.756865926917328,0.010341857734435168,0.006154237085726427,-0.03655733721933107,0.8182465811685615,-0.5458847997426604,-0.08694413910512054,18.925,18.615000000000002,8.517385450242877,4.377110194036124,0.11669897426403593
10.908161426567052,0.011839439433473424,0.8275655893917544,-0.4416201111617618,9.795529046913277,0.00943025603504071,0.009979718412175386,-0.04258417781814211,0.8422950480178589,-0.5352767366297486,-0.08099820992640043,18.875,18.555,8.550946145637825,4.4884194217393665,0.0982125119855049
10.920530204821524,0.012368778254472449,0.9582111174725944,-0.35711611388068526,9.824051878673854,0.0126616517937936,-1.8387867532366174e-05,-0.03948837779599532,0.8331501111054914,-0.5394900608022707,-0.08331463415321887,18.81,18.565,8.551418075061981,4.38465412015774,0.11130040768559082
10.931272039804508,0.01074183498298428,0.691577079770842,-0.35027702199840716,9.759339673303048,0.017105579289641088,0.0052071618835950444,-0.04035698668094478,0.8543881918778835,-0.5432764418619306,-0.07752048311103309,18.765,18.495,8.564687040825879,4.435451235321781,0.11499562767803988
10.942732535071524,0.011460495267016136,0.7100773053871122,-0.4543084377533863,9.8532837443164,0.012200459055017501,0.004886540340825474,-0.04144520938814229,0.8468471945358753,-0.5365524232004547,-0.06709506444509242,18.8,18.580000000000002,8.552508357921752,4.375537214384742,0.14110477045681052
10.954595475066744,0.011862939995220718,0.7252187154901624,-0.3873522601720248,9.767701237498676,0.012341056237044744,0.007276061660469178,-0.041250956763373675,0.8257934727494772,-0.5252563234703448,-0.08608157518752341,18.825,18.605,8.592319460620072,4.443986151086516,0.11335111701632347
10.966290624041351,0.011695148974606771,0.7095216991563307,-0.4535502757707544,9.83059838197287,0.010785141442978903,0.01089863478116055,-0.03514398994431463,0.8164561554889588,-0.5496330702415743,-0.06705312931720267,18.835,18.53,8.61235120803046,4.438393657888609,0.09145340501844369
10.97721177280702,0.010921148765668937,0.6766141297946793,-0.3274888096937112,9.728085378324494,0.009320757660171554,0.0007966560858029062,-0.042078994463070486,0.8293588066016973,-0.5524822449005915,-0.07684585340464112,18.695,18.695,8.619097815895211,4.490799919672051,0.11655877662149258
10.988109293377633,0.010897520570612324,0.525861771018024,-0.3815800521591968,9.622370741862847,0.010036341806034453,0.008565553326614255,-0.03751109702154116,0.8249434652556689,-0.5526990935804343,-0.05451135082172609,18.805,18.62,8.6105613058371,4.449438507566608,0.08560163356998096
10.998888784237653,0.010779490860019754,0.7111520943076839,-0.5268773998238032,9.788951158855504,0.011278478316315718,0.010582304413131632,-0.038608721793520304,0.8556574835503028,-0.5322084686950392,-0.07449499766406631,18.815,18.465,8.63433668660557,4.501809662305837,0.11971715914860662
11.007242777725834,0.008353993488179435,0.7747299229542133,-0.4180861754423839,9.825590472894847,0.01764932149248247,0.0058421879928479276,-0.045524636889310036,0.8374864227789676,-0.5305738680502385,-0.07858151450428744,18.845,18.46,8.638840792464391,4.441149044572729,0.102140687154004
11.018293862461123,0.011051084735289379,0.704719212807608,-0.2983200596177449,9.813702314874654,0.009871085245081604,0.006211661345014795,-0.03795159213995972,0.8471748311359157,-0.5468597924148051,-0.07176960641487053,18.91,18.505,8.701655378827592,4.468993570031674,0.10805860185558244
11.026260141504434,0.00796627904331017,0.898271874913874,-0.444059111927456,9.801529700526375,0.011078545355515826,0.008560368561589964,-0.04574794881916713,0.8351716292253792,-0.5625763962830943,-0.08081813259675619,18.82,18.655,8.664138926213413,4.473614707982226,0.06385826816547001
11.035068242321746,0.008808100817312418,0.7436868301498121,-0.39306730441133425,9.739957459138981,0.0074487040808816005,0.008404033639363982,-0.037653668851567006,0.8364260128287687,-0.5476612270302733,-0.0953207553693302,18.75,18.61,8.631831028220633,4.50078099611674,0.05381989398114383
11.047023589923457,0.011955347601712131,0.8447608497797217,-0.3842907417825623,9.703427952621006,0.01383380144340562,0.009541526619670171,-0.04229210531752771,0.8381693897990178,-0.5350234351970212,-0.07966454734591827,18.69,18.650000000000002,8.61650471120833,4.502986977349842,0.06794372688506879
11.058283920167499,0.011260330244041297,0.7613001271370143,-0.5100150645065935,9.812223613881855,0.016487629161439348,0.009633461232402574,-0.040320872538687436,0.8498186696299799,-0.5407804546428757,-0.07971785994805065,18.84,18.55,8.644839365431906,4.519269622673918,0.1320764372964215
11.070515017602029,0.012231097434528795,0.8052909925954513,-0.38527064666115574,9.80233076903407,0.017577041046855327,0.0036515997064352117,-0.045629599302450835,0.8421499070855001,-0.5378863798556237,-0.09296244425688417,18.740000000000002,18.535,8.652299921504165,4.5117573711265955,0.07331830699473182
11.080107506026497,0.009592488424469062,0.7605543236722506,-0.5368779825347285,9.723445994368081,0.011938014280146493,0.011690272637924635,-0.04003940278093942,0.8286806186030232,-0.5445904729221961,-0.07767728677971139,18.845,18.465,8.685110082398865,4.5284110698241244,0.11023868464256538
11.088379132764581,0.008271626738084849,0.8468757856016469,-0.4747657048410746,9.857161529619741,0.013461143486378621,0.012525285077820029,-0.03688665107143227,0.8556693418047673,-0.5289285800272225,-0.09753726708213803,18.875,18.56,8.655239532407018,4.485788485734087,0.08216098945633306
11.098018476968976,0.009639344204394487,0.7408538429804665,-0.337890212900645,9.697883902017958,0.010595092648577402,0.00875257264346754,-0.04389821371184592,0.8367380699530002,-0.5353017983530425,-0.08024756617933626,18.695,18.525000000000002,8.719564503111577,4.529223988932283,0.08950806686349533
11.108171523914837,0.01015304694586086,0.7750057945280986,-0.39459430290712705,9.721943659678933,0.013369276908151737,0.0021895080484770823,-0.04317846365869753,0.8353452540737961,-0.5325146809125597,-0.07423262356854474,18.815,18.52,8.650067516722396,4.570895289972305,0.09268808796804139
11.118290006989348,0.010118483074510016,0.7635482916993265,-0.44667786369065277,9.899652781672707,0.012560714094140083,0.007864282183020935,-0.039009950851383514,0.8118392125260203,-0.5364347000825979,-0.0755952650584895,18.855,18.625,8.650707571101947,4.477316863938283,0.12573546352145923
11.129990527707482,0.011700520718135052,0.7099170244715076,-0.3856543099226905,9.83835777978437,0.01159290109017487,0.009282334603804836,-0.03900026586028545,0.8467490922394577,-0.5323714282598604,-0.08055442883647974,18.835,18.515,8.704799500605345,4.548241075425742,0.10371592839428531
11.139448622069978,0.009458094362494831,0.7643433553743555,-0.4254073357672523,9.740338738264336,0.011955219101463853,0.0040727708612581116,-0.05072794545910755,0.8416345077805447,-0.5326970326326882,-0.07719928282030923,18.645,18.6,8.690989161455708,4.558602746926959,0.09905324974642213
11.149976673777681,0.010528051707704386,0.9095276073806351,-0.41873040782312876,9.792091680497366,0.013261175975204093,0.00737342109746953,-0.03300975113273199,0.8418681033357807,-0.5461927650231166,-0.08407195880486774,18.72,18.42,8.686771304862715,4.587393778218106,0.11653841233422756
11.158493733053529,0.008517059275848091,0.7081877837692196,-0.3664891504880231,9.7815840370133,0.0103166699578512,0.0033080193079262077,-0.03902157769585533,0.8370386541952537,-0.5328808792830944,-0.07603075480076882,18.69,18.675,8.712082843967924,4.569590906079642,0.07733609457023682
11.169169208970594,0.01067547591706572,0.7621615787531429,-0.47633943645722565,9.549677368476658,0.010573072804031369,0.011539287735086569,-0.0384283180862172,0.8355633236189741,-0.5283190203115838,-0.07544066942281366,18.795,18.490000000000002,8.716719852960377,4.556142916312417,0.11061062206697828
11.179173871795872,0.010004662825278456,0.8280723596760583,-0.41408939544552287,9.69692766692052,0.018419069133972614,0.009927997397376294,-0.041864812651753375,0.8378530324844178,-0.5243282468008477,-0.08491243248402,18.785,18.55,8.747712779325859,4.571020853754659,0.1065622358623787
11.188049151788444,0.008875279992573225,0.8176337002598122,-0.4415543843376868,9.76548447129595,0.022473032842997613,0.002817514122344264,-0.04877785334737244,0.8463877241299596,-0.5314035583946806,-0.07313265176381452,18.595,18.555,8.735754022874827,4.5404866867651865,0.10570739892266968
11.197695407745183,0.009646255956737721,0.7262107128833538,-0.5426092168578062,9.74114017616906,0.006858097962355912,0.010954620996595107,-0.03872858460144725,0.8483728770690949,-0.5448740984413319,-0.0730847468386426,18.735,18.47,8.745758751314872,4.555697925763863,0.0841289708773666
11.20741914412541,0.009723736380227168,0.5334390157207033,-0.4885746656952592,9.789556193701046,0.006682672523301999,0.009471813334524393,-0.04375935139312782,0.8398990913167224,-0.5429883043879105,-0.07724867384404971,18.8,18.545,8.769412906115358,4.532099605265825,0.07779858051062558
11.217013911431405,0.009594767305994355,0.7642846342522178,-0.2886656971501183,9.860264928023359,0.007936248300860456,0.011910385411609417,-0.03939255306390724,0.8519237732266125,-0.5388840888292842,-0.051263483605755944,18.76,18.545,8.80751175166926,4.621547313385795,0.06847418232122142
11.229670923294806,0.012657011863401527,0.5438369899431506,-0.38226161276317744,9.744341171459963,0.011410018533095685,0.00847203060736254,-0.042534706124446646,0.8419419100244856,-0.5321851356898052,-0.07673026403218638,18.755,18.445,8.831135533672981,4.596721151672911,0.06883958518658839
11.239523254291345,0.009852330996538181,0.8377641528439099,-0.5180787711795278,9.685575619236113,0.015451583959080762,0.006982555147810512,-0.04077780737130019,0.8379211257224692,-0.5349488703395225,-0.07799657608068719,18.72,18.445,8.79917546756289,4.560617367477462,0.06595340938715671
11.24915741012608,0.009634155834733994,0.7325145172559278,-0.5345868694178032,9.796298383357536,0.0142776698531663,0.007251846653419335,-0.044898367583781545,0.8451744468941087,-0.544617734372132,-0.07931036566039171,18.675,18.485,8.8090675199213,4.601013668993568,0.0909575147407112
11.256011233689664,0.0068538235635847876,0.7980595118640703,-0.41973637625262256,9.744267964274478,0.012632167131902083,0.008286798577496996,-0.03838919454522603,0.8297580219764705,-0.54443100738716,-0.08471116522759403,18.735,18.47,8.802183343568123,4.631046398146026,0.07857557603562834
11.264669922661694,0.008658688972030783,0.6448063576943017,-0.2851133458277535,9.758024116871244,0.014099363296575329,0.01064630525490739,-0.046660996269034395,0.8458834244575759,-0.5538070146492236,-0.06803482453856571,18.735,18.56,8.8289108374051,4.630333063877908,0.09116707407139431
11.27427531252501,0.00960538986331547,0.591529922291408,-0.4241074796454735,9.747291778739692,0.009259100310661298,0.011308530976654435,-0.03299213779947971,0.8283613851085027,-0.5636698206083745,-0.08163515870024574,18.765,18.515,8.833717919980742,4.577467857520248,0.09162872664755635
11.283246533510745,0.008971220985735035,0.7354160068056588,-0.3038172841800843,9.950097844555431,0.011091799227565756,0.01008966792695712,-0.033084688276886313,0.8337181665372781,-0.5334684870320029,-0.0803377968687206,18.77,18.465,8.868827634961335,4.515712688892832,0.06005314291146965
11.295319094900812,0.012072561390066697,0.7102676223878771,-0.3791546289632705,9.591653455283055,0.012042755530472031,0.00934176063329984,-0.03558856669059057,0.8240944952647413,-0.5085109551168168,-0.07988490047585518,18.73,18.5,8.781866990882868,4.6275457863977225,0.05861670298918842
11.305071688237717,0.009752593336905672,0.6723246196276692,-0.3687414634730105,9.739972617513866,0.005830468358806268,0.00977657113420082,-0.037083858852426835,0.8427615680565377,-0.5133913923924095,-0.08422443106243753,18.785,18.34,8.839148823037485,4.593885772828764,0.07516464627096515
11.317004354611695,0.011932666373977378,0.7168013669033527,-0.5122319113720949,9.770904030508468,0.007576043110277937,0.021392773198093212,-0.04260454543008868,0.8608924844734244,-0.540707415265659,-0.09172789522318565,18.695,18.42,8.865727406018287,4.645037935285082,0.06341244557401414
11.327096911562771,0.010092556951075552,0.9300373314947745,-0.32946489675637075,9.708844064542358,0.007780542524382127,0.008430663295828955,-0.03766775776522022,0.843865400552965,-0.529058181010907,-0.07871121223206157,18.625,18.47,8.86268725188078,4.6598419328458975,0.06061193836809238
11.337152753317403,0.010055841754632365,0.7740087073059194,-0.4303526115609731,9.843458369707907,0.015368491897740675,0.009432529238642974,-0.04278545525632852,0.8517114490740211,-0.5448357898438724,-0.0652121857969985,18.740000000000002,18.515,8.843196522344288,4.669686110826842,0.11144317652086905
11.347019558645835,0.009866805328431249,0.7898226270340125,-0.33361475045320044,9.836668168047519,0.013337780390026411,0.024987578500019154,-0.048679854444332864,0.8690339305261066,-0.5429501274662654,-0.07184055759326928,18.715,18.455000000000002,8.840138901409352,4.693465505380536,0.04618594912420818
11.357025253023266,0.010005694377432189,0.771959780309785,-0.4668828899889899,9.76792532426353,0.014845424574917176,0.013645748649384275,-0.03651838641124347,0.8497901250901171,-0.541437064360098,-0.058066032119295695,18.73,18.53,8.91116752451614,4.683124066268043,0.11662984065161502
11.369603445527842,0.01257819250457479,0.8209986522823491,-0.38643160061579207,9.75026684254938,0.005098770028473448,0.006629386745779956,-0.0380974448692556,0.8383979876777026,-0.5312554304780789,-0.06598590714451433,18.62,18.490000000000002,8.874149424010815,4.704685443212238,0.0810878713717723
11.376124029437715,0.006520583909873173,0.6864921361160469,-0.37183449933308427,9.763055547193916,0.006552201136266501,0.015617146674356555,-0.042780061900185476,0.839930386566174,-0.5305851895404441,-0.06816349358943488,18.805,18.405,8.849331969201375,4.696765227679453,0.09459082625241208
11.383121710821058,0.006997681383341982,0.5362972397131818,-0.4116705749078251,9.76372765185058,0.015170476321173194,0.008710270412015489,-0.047600178014230235,0.846380152521646,-0.5259758703427222,-0.054476865015088936,18.735,18.425,8.933173039691152,4.702805990015072,0.09175663991508604
11.392306954574474,0.009185243753415829,0.6842419805869462,-0.36613204132710453,9.765970731195242,0.0014437418542449492,0.016123002668482787,-0.04510257236656192,0.8402646727649586,-0.5215319862387062,-0.07414272803655396,18.675,18.45,8.928461176152899,4.662086823864949,0.08610550089151327
11.40232874639738,0.010021791822906353,0.762781647066281,-0.4188733878669203,9.75734338420603,0.01750136192180502,0.011791377621684003,-0.05010549936980996,0.8412530802569373,-0.5311627565571235,-0.07239497777480718,18.63,18.395,8.919089166676109,4.629531348609124,0.10632397398575784
11.413363903034526,0.011035156637146019,0.6186056377110821,-0.4484529067643169,9.79273751722261,0.005358372676086539,0.01103918793712492,-0.03910952871124357,0.8569514080979831,-0.527023557085532,-0.0729784082278927,18.745,18.51,8.903799522065997,4.748067509866149,0.050693189993020527
11.424073533831567,0.010709630797041214,0.6804592620813955,-0.26708143384720073,9.832953205975109,0.016072260064174074,0.019393026659335455,-0.049369400590978316,0.8576178175850149,-0.5379266468862298,-0.05726698726819053,18.615000000000002,18.35,8.936248499999952,4.680712295002103,0.06849187466089872
11.433497164962246,0.009423631130679145,0.6377868564170258,-0.3107128198090902,9.674412393041251,0.009186004601349228,0.01536069697793436,-0.041866673313949616,0.8311140346666295,-0.5400835233889206,-0.07253847778288969,18.81,18.43,8.983525093222788,4.720278041558811,0.053928482169196296
11.445025730502108,0.011528565539862643,0.8115116792533218,-0.4544029641307984,9.688948741939248,0.01698655114963178,0.01715638354790932,-0.046458872711309725,0.8396788893007789,-0.5411993881778229,-0.07887186297094928,18.635,18.45,8.907677288851144,4.672521773294613,0.03629023183593371
11.456571023606838,0.011545293104729097,0.749505156122089,-0.3469556914525579,9.63329049417205,0.025674111434630643,0.01517329272744206,-0.04886045146841875,0.843498873163672,-0.5192868567318039,-0.06633558754636731,18.77,18.385,8.91827376646794,4.723563204420577,0.0562143500572002
11.466847110353745,0.010276086746907349,0.7400530539252806,-0.4508594203030379,9.842636101284508,0.0037936114322602455,0.011806068391256905,-0.042261511085600514,0.8543777924710809,-0.5287747060293042,-0.08021598621377245,18.655,18.365000000000002,8.954438033182713,4.6262901724819585,0.10620407318650324
11.478291096712475,0.011443986358730262,0.7358374368958269,-0.4851163973912276,9.793520943285955,0.01571764819506831,0.01619617720876347,-0.04461773243006663,0.8600941018112275,-0.5436787605034894,-0.06653984033972948,18.755,18.39,8.981468503056657,4.692881070384208,0.06452182959845791
11.488700064607624,0.010408967895148193,0.6814574013497257,-0.30662835990279985,9.814072782555737,0.005748682294412948,0.018739088999727788,-0.03999069072281863,0.8759347106414742,-0.525208408789804,-0.06757183285670097,18.61,18.44,8.975562886380054,4.7072901262996645,0.10697016668679707
11.49785784006745,0.009157775459825674,0.6987581315070068,-0.5247700080820764,9.659429794449787,0.014728067756982927,0.014574137832650744,-0.04846696282243178,0.8444799190521938,-0.5367220424490728,-0.07345840607917305,18.655,18.355,9.016936785776755,4.728558306173584,0.1084095325837722
11.50890456532595,0.011046725258500006,0.5863333210489856,-0.31321397460768574,9.916753229458386,0.012241620109372216,0.021401774443996036,-0.04648925434162576,0.8452469290437314,-0.5072147964256711,-0.06572869785846275,18.695,18.32,9.03900398926949,4.752188295969909,0.125865538312317
11.519070485009818,0.010165919683868017,0.504555930558271,-0.4065821801524139,9.725404548992707,0.013631635675514004,0.01774407006244893,-0.05306840832518402,0.8555363643894789,-0.5292240311308242,-0.08609974705390505,18.685,18.445,9.02269674366925,4.692119818127435,0.1034026360183436
11.52907249477995,0.01000200977013173,0.6898138164846849,-0.4023019238916926,9.787722645795945,0.009508735982286945,0.015334248990150661,-0.05231157733093052,0.8430711709951151,-0.5162435647400356,-0.06942846641708487,18.71,18.400000000000002,9.039013088459802,4.74957598844078,0.11179771391724097
11.541281925138234,0.01220943035828436,0.7016762974080953,-0.3513885623768018,9.842805491090909,0.016329967561649873,0.015667872699554317,-0.036449553439394655,0.8487802131773279,-0.51170777268603,-0.07548388977236702,18.61,18.43,9.03996658022882,4.77246975608784,0.07033805779448024
11.547605616945424,0.00632369180718987,0.7714281328559579,-0.33704384315787367,9.695594451395229,0.00744140688944246,0.015301633586556335,-0.03534291202404585,0.8461931260526218,-0.5319074665822159,-0.04212821315984175,18.64,18.41,9.03706306165979,4.809097403216988,0.06798740283141369
11.555479090690184,0.007873473744760646,0.7990536526738794,-0.4488618268897606,9.730969478865333,0.01823497665524961,0.009860513812677173,-0.04334961624974136,0.8243184090613559,-0.5212995423761693,-0.06906058305333386,18.705000000000002,18.495,9.004164727794649,4.763713996750977,0.06880337286032485
11.563698485050622,0.008219394360438444,0.7975383708761122,-0.3245136879505866,9.789137662839993,0.01166641798728895,0.014622694656268354,-0.047060602964136534,0.8519672533485123,-0.5162136888803315,-0.07644399348145477,18.585,18.425,9.018597941995505,4.732688801689274,0.06237212988895041
11.573153594079269,0.009455109028646791,0.5904649411608729,-0.371912307511966,10.003550216248247,0.007732815336308317,0.016002624584116384,-0.045010139569413125,0.8491414978610669,-0.5202339337360962,-0.08410227595218352,18.66,18.315,9.016349028349236,4.7128710450679785,0.06474943799643294
11.58277168182462,0.009618087745350955,0.6404530813598905,-0.48049637152470626,9.799194048975915,0.019764078700173847,0.01359045793257821,-0.040373523321043436,0.863911732685953,-0.5174127113785396,-0.057100304427759666,18.61,18.38,9.05998911569782,4.810524346519151,0.07617611191384795
11.59051069335296,0.007739011528340429,0.7057059292481753,-0.3928187050702886,9.903735522908988,0.013147675384482962,0.01671543909290278,-0.045966435133681406,0.851442978210996,-0.5340254026087428,-0.07352106210050413,18.63,18.315,9.077502149860091,4.781486701424878,0.05131528051297306
11.599032956304493,0.00852226295153376,0.8683297230102933,-0.2678610511679804,9.87181595636543,0.021083533514144503,0.015570765669584246,-0.04300317472153897,0.8390484606228342,-0.514863934101245,-0.07778611719566295,18.62,18.32,9.033762235499688,4.762798391023565,0.03252890779546319
11.607741693786707,0.008708737482214644,0.7826402244560056,-0.24334838711130896,9.804941889216,0.018375051876232992,0.01870346374282627,-0.04405011573289515,0.8492274793262327,-0.5249336042757476,-0.06635716313714574,18.565,18.26,9.0862714491075,4.719040440810932,0.06679281325279461
11.621427829924821,0.013686136138113838,0.7513348158789054,-0.3186872070753983,9.696584931510241,0.010354450021682178,0.018454159292928055,-0.046344860754802174,0.8312318883444886,-0.516054333818936,-0.06298123679333173,18.59,18.32,9.068608757270185,4.746255889031918,0.04478608721547699
11.634130442846441,0.01270261292162072,0.6284637329033129,-0.4699954777317167,9.860705786172753,0.013260181492531352,0.016648925266770392,-0.04623903423819391,0.8403440268180453,-0.509862523447243,-0.06291217884969924,18.61,18.365000000000002,9.072787782235961,4.7992090001357175,0.046044453211194644
11.643512818719914,0.009382375873473027,0.5871205400944334,-0.3345497768806803,9.656228725653449,0.014123397461189346,0.010642996822911083,-0.0430081737729027,0.8590377524508347,-0.5120144802560673,-0.0688852934970221,18.595,18.325,9.09348887327783,4.7953697159794135,0.05437649125110591
11.652967443784455,0.009454625064539802,0.7191535504323676,-0.30474869148637396,9.904301388739833,0.019783757592573177,0.023406949772896497,-0.04813607520804776,0.8504406727327942,-0.5148522750932787,-0.06731943946134314,18.69,18.26,9.086078042972252,4.730880611798065,0.049187334432817725
11.661243637788672,0.00827619400421756,0.5664587530378666,-0.3138994202291342,9.792366942437326,0.015462933117942336,0.015791961740861747,-0.04246242249786202,0.8623418079727346,-0.5115999636213279,-0.06643985964972143,18.655,18.23,9.144407787747413,4.812198812662048,0.07830589263216511
11.668381442168835,0.0071378043801621,0.6341103531259973,-0.30841447920920945,9.56446554365078,0.014447560323358302,0.01613534281804577,-0.04619054086115177,0.833622653294383,-0.5108623924928694,-0.06526517643742473,18.605,18.445,9.126787617602162,4.749571606981713,0.052318223890122806
11.678206121889222,0.009824679720387215,0.6421660343226036,-0.34112063809351306,9.749404393287893,0.012983416928677074,0.015225260604717017,-0.043842330040082464,0.8511077429740529,-0.5024128905881488,-0.06419869141423978,18.54,18.335,9.164019884513701,4.841926323182076,0.07824169541099943
11.686709343914355,0.008503222025133962,0.7771807795620065,-0.3750808097219056,9.829100937003373,0.01361570974020717,0.014759512554952975,-0.03885671858810896,0.8489857293033969,-0.5173803268031484,-0.05734476512816033,18.535,18.26,9.132954207421518,4.811611136602048,0.058617455054314586
11.696582068116863,0.009872724202506986,0.6195015568782096,-0.41691574362840417,9.757986580917358,0.019076841221725947,0.023025843674812595,-0.04511219708150818,0.8635415327669288,-0.5150188598593931,-0.06754015146972238,18.695,18.335,9.141863072369901,4.796147816898452,0.05210653689569125
11.704181759343298,0.0075996912264347845,0.45128860079792543,-0.5192768217424923,9.834275125540627,0.01390441844187587,0.022498572424512357,-0.0407959290699393,0.86089718842725,-0.507043840589963,-0.07612901569770367,18.515,18.435,9.21622004496027,4.843367286060855,0.05656534430914307
11.713038797655832,0.008857038312534614,0.6850858898147434,-0.3393302733539207,9.709220209522947,0.012345788701425818,0.01885378810786969,-0.05168448670456935,0.8608095415962855,-0.520925464846788,-0.06923586854251766,18.580000000000002,18.335,9.118302280351804,4.828473883641414,0.027014850800621312
11.723261738298786,0.010222940642954247,0.5868353432088708,-0.3505281005497728,9.672914355263222,0.011709395344463443,0.016786448880912422,-0.04644485846339743,0.8700522289485456,-0.5289779675759829,-0.060059859511120355,18.59,18.13,9.213580372101275,4.862466888871249,0.05897213095057264
11.733811052695462,0.010549314396675906,0.6441167031564939,-0.31967782691506763,9.771854201663402,0.011795211016047583,0.0198372158482632,-0.04450063136371154,0.8512165054668406,-0.5102834950229654,-0.08525992870948682,18.545,18.45,9.232991156807447,4.830133246045145,0.06853930510908934
11.744437260633575,0.010626207938113022,0.6316890286750522,-0.4701462556535855,9.780273901959951,0.008444918936652899,0.0178008574030487,-0.036965818104204226,0.8685094436332929,-0.5168629948219697,-0.08499613677268807,18.5,18.175,9.214700632615404,4.836914755775056,0.0707148557546475
11.752456527157339,0.008019266523764444,0.6151488246612877,-0.31067728094747427,9.750013260478223,0.011084180967273677,0.016853836653236264,-0.052534565309108175,0.844913814957033,-0.526565957000961,-0.05784934815126327,18.51,18.27,9.188129418632995,4.8279866043079664,0.0233592846505408
11.763738555752543,0.011282028595203343,0.6980347488982686,-0.1966949667351478,9.876258323523864,0.020124784826469233,0.01912014948804012,-0.04512911913307165,0.8448246989448485,-0.5090456851441595,-0.05160922104282529,18.52,18.21,9.249739029962326,4.8497648630893115,0.019329126422989073
11.77253823820764,0.008799682455097225,0.5104213330997148,-0.3538274773798012,9.71020790347741,0.013340029150332788,0.016122081703924384,-0.03895568593266331,0.8633775470798608,-0.49939648756322486,-0.07928836433807246,18.505,18.23,9.204212272964314,4.89696942999565,0.038432546221718086
11.78348752507955,0.01094928687191096,0.5894889648779746,-0.36384406282896825,9.80346427436873,0.01702788911335866,0.01904337628800734,-0.04796941228833828,0.8410722900885166,-0.5295775796701051,-0.06541370084887113,18.625,18.285,9.201318952921888,4.836112529412435,0.07619284435384627
11.793471567064623,0.00998404198507271,0.6835529640307344,-0.33309903784443085,9.784019240167975,0.004335050929452841,0.018985401614091662,-0.045722918583955524,0.862093292455908,-0.5026664456049509,-0.07021349212732486,18.54,18.14,9.218711827927065,4.875338787560403,0.052310765593914746
11.801406985816007,0.007935418751383079,0.5780881850482936,-0.19436185914344933,9.654180325234712,0.01655489194220076,0.020686620515444953,-0.04357777465827882,0.857574301657578,-0.5379496954908695,-0.06866622524344485,18.505,18.255,9.219507440810535,4.833223251834774,0.031915093203111713
11.810932689259134,0.009525703443128218,0.49656096245949977,-0.4377925595787731,9.673358793477819,0.013674024078732668,0.01592564009179291,-0.04420603776167623,0.8675144819126506,-0.5162085628245509,-0.0628092962644892,18.54,18.325,9.21572158592033,4.802115630733129,0.01777311985000908
11.82148073487223,0.010548045613095651,0.6765774428376096,-0.33847949657677784,9.780015753753913,0.012435390689184696,0.02138327965652989,-0.03872399655555472,0.8564615776716632,-0.49338665680431626,-0.07857783037422823,18.57,18.205000000000002,9.285733781510727,4.875298180652505,0.03251534008046082
11.832400182942942,0.010919448070711898,0.7106763886258401,-0.4174984010116684,9.937747469948828,0.01512803516173836,0.015062511984621059,-0.04323709514371478,0.8578858094872928,-0.5146460656387875,-0.07649667863279698,18.505,18.165,9.237836661899582,4.885312426954417,0.03050731638590521
11.842188701096775,0.009788518153833373,0.6151863948889028,-0.3961973660239746,9.825762570534481,0.012459350536369831,0.01652705574344854,-0.03975869905567721,0.8626594483190311,-0.5100784211216609,-0.06823431150294557,18.575,18.235,9.267866349155584,4.875489253165367,0.06366388383273557
11.854486369432678,0.012297668335901579,0.45933439977168733,-0.35503105489973674,9.641583753711801,0.005995295639277812,0.01686382268469538,-0.04655783585055367,0.8512437649535051,-0.5028648185781011,-0.06641909715316982,18.44,18.22,9.235136771239807,4.839671479911145,0.06446828828430465
11.865997635589158,0.011511266156479839,0.6702432874582811,-0.2419873570458964,9.53099596417738,0.01822469130429473,0.014842597966971537,-0.04812415355528418,0.8510923323200159,-0.5272042536844,-0.075983029163861,18.580000000000002,18.2,9.288449128236811,4.89906580012253,0.022534922830300157
11.875612654414558,0.00961501882540037,0.4789266735893815,-0.20461206735269474,9.838647152684535,0.015545144777371638,0.023319365591900787,-0.04610133823287431,0.8631360726926746,-0.508938943237123,-0.056623647818885736,18.505,18.16,9.260427435882054,4.902420430659098,0.05802650792136104
11.886737837132763,0.011125182718205416,0.6340372621330622,-0.31158371246181377,9.772500455921742,0.013360395909235137,0.01552566779318136,-0.04987630922261816,0.8583736226889789,-0.5085780062704546,-0.06845893308091196,18.5,18.255,9.268462225013279,4.872961982218116,0.05532164774253613
11.899638527360546,0.01290069022778228,0.5355515964017137,-0.37610004871991654,9.871725131225848,0.01080120038206999,0.01677388190071741,-0.04335309850256436,0.8549119953644584,-0.4900863249015847,-0.06822488749269873,18.455000000000002,18.255,9.310770389989296,4.865036274073788,0.017954916635906943
11.91257925426172,0.01294072690117454,0.5109471247195331,-0.14507987283542279,9.710194043078731,0.008836248015121,0.02475869970319028,-0.046877227393739965,0.8584769802341099,-0.5205540462391112,-0.060900483978366185,18.42,18.150000000000002,9.355962741730027,4.9040958647483475,0.0391153775993451
11.920737254440487,0.008158000178766254,0.5665963577952181,-0.3777711845232153,9.808812270303347,0.015642492833553276,0.017559965146155408,-0.04804976130217715,0.8754519798241265,-0.5116883333999555,-0.06483875399914811,18.39,18.155,9.343899355498639,4.935051444642964,0.0471324845783411
11.929347454773751,0.008610200333264274,0.5853922320539008,-0.38827115569789306,9.848641151986676,0.021233553863832938,0.01920041245694633,-0.04339800953110202,0.8552889582046996,-0.5168145580968224,-0.054986739230679496,18.44,18.215,9.35275085523115,4.931966227318293,0.043080346537819954
11.941574832953851,0.012227378180100777,0.5458149823708524,-0.4831699506266758,9.745366454172395,0.015638979588160396,0.016061526462169434,-0.05000952164809659,0.855301116373864,-0.5173890043766493,-0.07242688491719372,18.515,18.145,9.343223302400355,4.8987191844788605,0.004897347251950075
11.949987411377595,0.008412578423743544,0.6425997262024361,-0.22851674325732957,9.747225763395994,0.009311245309074963,0.023495247514771424,-0.04236699246264966,0.8431547855095151,-0.49543605405796415,-0.07688044418716146,18.42,18.21,9.343686802281294,4.93315506352585,0.04124660156808599
