pos_x_s1,pos_y_s1,pos_z_s1,velocity_s1,angular_velocity_s1,yaw_s1,pitch_s1,pos_x_s2,pos_y_s2,pos_z_s2,velocity_s2,angular_velocity_s2,yaw_s2,pitch_s2
0.04404139585848187,0.02373421915482707,0.01774252810951134,0.7572500000000001,0.0,0.00042557480377158896,0.007063408113808557,0.007918612454403782,1.0921242265296728e-05,2.8899473431027578e-06,0.7572443935192292,0.1318901701509297,0.001379185482754508,0.0003649559165670446
0.004622298048420745,-0.01688840954042145,-0.023451364448584443,0.7590000000000001,-0.693916042348897,-0.005431093137055143,0.000587416733682677,0.014324569358035952,2.6863608800780273e-05,7.054554824917301e-06,0.7572434151514916,0.13145552592942752,0.002488673255582441,0.0006501127093136994
-0.02152819040415462,0.025061042779124555,0.0012710183099112406,0.7582500000000001,-0.0415649562935333,-0.005893531406721664,-0.006466749402637452,0.022760543432344148,6.0120598721708774e-05,1.605430045039974e-05,0.757235525650858,0.13065168868134244,0.00394226171640355,0.0010668207604309643
0.035328300164017765,0.03714072733349558,0.02681041532826706,0.7585000000000002,0.7657553454776148,0.002844385737070798,-0.001700251841132997,0.03141553468058386,0.00010696087997054397,2.8885019335367304e-05,0.7572377358134105,0.12879184529112725,0.0054118857674745335,0.0014824418907175563
0.023620993179819916,-0.025153157604612512,-0.02547367067558368,0.761375,-1.0672482628555597,-0.004704738517693485,0.0030058073840156622,0.03680096624883387,0.00014092166126459494,3.770880709995383e-05,0.757237684299251,0.1263990536516685,0.006305962801760767,0.001638421047266192
0.03057467698399587,-0.020708898397172906,0.02314566826300959,0.762125,0.4067320665684479,-0.0014318750948127956,0.0034684743875653323,0.042933405481949606,0.0001857732514638245,4.954165790701123e-05,0.7572360435201598,0.1252349911055005,0.007313695054376179,0.0019294964375951018
0.05710524607533424,-0.016190662904307845,0.032434627490379064,0.7617500000000001,-0.24782938899734164,-0.003957692898295395,0.004223458490301914,0.050696667551792265,0.00025312779885976763,6.689314136383665e-05,0.7572416557770697,0.1336520622094988,0.008675844876746552,0.0022349885124488544
0.07083845493047758,-0.043767741221337766,-0.004376028557064311,0.7668750000000001,0.2593312478501321,-0.0014873977989378062,0.005805364501635105,0.05800125676194923,0.00032565699258029596,8.51886966618783e-05,0.7572352365558886,0.13154950357208456,0.009928937578420616,0.002504537175748389
0.05878007112578481,-0.01376743151636399,-0.0067713366527185435,0.7593750000000001,-0.451367181929226,-0.005989694381556276,-0.019442634150111004,0.0655753650920484,0.0004103626593541348,0.00010666989383066026,0.7572463040338342,0.12573476227917538,0.011183116466895182,0.0028359505066632984
0.062548234385714,0.03942983422870898,0.020770963072995356,0.7633750000000001,2.116713187402468,0.012468963496075514,-0.003056287059786957,0.07223178956557758,0.0004922735362451098,0.00012761633859141133,0.7572461665929296,0.12864031021479197,0.012304915815838147,0.0031465526244378594
0.13491574514443125,-0.03087535074788262,-0.003583730267072424,0.7646250000000001,1.131033294195782,0.02527123902066064,-0.007417586495657499,0.08088578475969327,0.0006112352617740704,0.00015753385062427326,0.7572502334858859,0.12727781707323754,0.013745585768439206,0.003456734829598851
0.11755494631586658,0.04036414569897695,-0.046890814708899525,0.7635000000000001,-1.641696337857285,0.006938928384074838,0.004194540361243103,0.08941051142379709,0.0007402222847093737,0.00019050636748597628,0.7572527628525135,0.12395684373425858,0.015129773155878379,0.003867405958370984
0.11426161434331086,-0.012279864441247056,-0.001771654056974045,0.76525,0.02183181569136516,0.007159408896017183,0.0020730893947885657,0.09713769328648614,0.0008672245446568467,0.00022328276778275704,0.7572538567654058,0.1291732870435864,0.01643430012968894,0.004241103452991446
0.10212934591497584,0.06429129595455298,0.009653738501585404,0.7608750000000001,-0.5522267539233013,0.0007034022278653573,0.00681586030947006,0.10603145433971523,0.001026587991912217,0.0002645574617992533,0.7572572040814819,0.12679551326288654,0.01791664895343059,0.004640081182263778
0.07620614897946981,-0.019438598896538924,0.015088418499430191,0.765625,0.39336992721701564,0.004912957673937957,0.023318876402639195,0.1142229904772321,0.0011843009392508712,0.0003052447133352258,0.7572922908907571,0.12467046712655001,0.019250780536823164,0.004966025600424917
0.14686561435738715,-0.003177723048303114,-0.01729029998710603,0.7666250000000001,-0.6316276908675965,-0.0005891898635717041,0.012806902138468284,0.12089963821788169,0.0013199769165550043,0.0003401535977698333,0.7572838680340807,0.12253338794210239,0.020318176391179055,0.005227377937007116
0.12545171990356313,-0.026000241697482777,-0.005027597490367208,0.7678750000000001,1.3717222957332387,0.013886768601903299,0.01665532989077492,0.12900109999729012,0.0014950580554458344,0.00038576397612599873,0.7572674072630828,0.12219274954362856,0.0216076918949204,0.00562852123551183
0.11036463184556898,-0.019185907945241276,0.019946035542087605,0.76275,0.6035316133874778,0.019054010791086817,0.020825384460594176,0.1355297244013858,0.0016432488458492614,0.0004240776536551092,0.7572774818635332,0.12696520524962157,0.02269472685807994,0.005866989636182485
0.12905723515185777,0.04178798103375179,-0.0007363618136363799,0.7662500000000001,1.5157141038044095,0.03620837109590491,0.012469732968710174,0.1441991936512439,0.0018526079697859408,0.000478700359338751,0.757273112633377,0.1280822400897421,0.02414432008257572,0.006298662771214492
0.1149740153906048,0.016061598451749898,-0.030059552279754608,0.7646250000000001,-1.5486563392997885,0.020837784820723293,-0.007717477969318417,0.15178557025394385,0.002045222064915967,0.0005290018644062423,0.7572709151273483,0.1249052313663293,0.02538401838504445,0.0066282714806891185
0.18313540643670329,0.03287851019994383,0.025321136287170577,0.76525,1.011868992501039,0.030675890005405826,0.0038176730098402733,0.15922304805122764,0.0022435347786019418,0.0005807392408367562,0.7572701812606226,0.13099635555058137,0.026657657496695908,0.006953723053790384
0.1787947394909634,-0.03727169671867294,-0.003662506356644696,0.769625,-0.7026995448753909,0.024366627878069202,-0.006778482283624121,0.16613035700214887,0.002435662927744738,0.0006304660098257105,0.7572670596298005,0.12812323135219617,0.027808025469889586,0.007196244733425949
0.17283574305870425,0.02209454316931694,0.022515643956736033,0.770125,0.24636322155389828,0.02728204392762601,0.0008625530378281761,0.17523968291749192,0.002703138772345921,0.0006996330841502514,0.7572677116028831,0.13067626618745085,0.029354423837860466,0.00758957903233215
0.17360401074477405,-0.026474760453565078,-0.027156148641639323,0.76925,-0.3226830000010718,0.02413000998290915,-0.0018088754156238918,0.1827501202639026,0.002933038138005141,0.000759323759155908,0.7572691620115528,0.12762530557684243,0.030601094085074276,0.007943808258211504
0.16165582373075627,-0.037232710703850154,-0.0016051924987045532,0.7711250000000001,0.7673537044471445,0.03131052861579864,0.012250268913574445,0.189962043871405,0.003162257616428768,0.0008185649323741127,0.7572696573423254,0.12520572236777677,0.03177270766717566,0.00821000699093144
0.12545274826272984,0.010279677640275625,0.011074067999077107,0.76925,-0.9763518514363919,0.0220627194673928,0.0009444045856631133,0.19724399449185115,0.0034025950826782575,0.0008808524534977267,0.7572681720460291,0.12878873669286803,0.03299256878143231,0.00854882305664395
0.15526948323324583,0.010246432517845929,-0.0007864221249599232,0.766125,3.5188930065627813,0.06006135813857982,-0.0003228766898330404,0.20551176605981963,0.0036864867438580378,0.0009546231254897917,0.7572682177597304,0.12326657095552465,0.034323658382974465,0.008917187220078393
0.18349145085770574,0.005268930064152989,-0.022625210892411027,0.775375,-2.63135111138977,0.032305429557309306,0.010786919779312438,0.21368498969284913,0.0039783936238167944,0.001030242124355354,0.757276875388258,0.13046740471490384,0.03569985023809252,0.009245882226536217
0.18715353166424686,0.025486638256084163,-0.04661904619594245,0.7662500000000001,-0.8602188468911003,0.023170680531566124,0.001796314837559576,0.22181592062007832,0.004279557232032083,0.0011086821890473606,0.75727501573991,0.12453774391006964,0.03702232885962253,0.009640210478678135
0.2308195652290556,0.03047019945670349,0.03166779763528884,0.7693750000000001,-0.4827973499433396,0.01803070817430452,0.002127941846368861,0.2300004166926444,0.004594217938434894,0.0011898132472066994,0.7572736976814269,0.13194276582474782,0.03842702208993831,0.009905131962980374
0.2566610196899852,0.048748872328723755,0.006274204352944283,0.7725000000000001,1.0031886087212811,0.031285308977150095,0.011651939606222225,0.2401982960780306,0.005003410262852642,0.0012956362502594498,0.7572655544789938,0.12690291024180572,0.04010372316225075,0.010368246519701252
0.2356991598833979,-0.030764661074190687,0.0247307715935721,0.7730000000000001,-0.8899910373705443,0.022927957186497316,0.01655742518238253,0.24745043509926662,0.005303442377772767,0.00137363015322436,0.7572499668631494,0.13250063682237706,0.041347954157746614,0.010745001152537625
0.2889363402398233,0.05029835294137168,0.020050445528274945,0.773625,1.8046535941673918,0.03958786210501364,0.01765589298795975,0.254585373124857,0.005606790786866253,0.0014529639220984187,0.7572589349937163,0.12374512697395747,0.042490324115160405,0.011108562306529457
0.2299521547265586,0.06199280283996583,0.013494430796387204,0.77375,0.2921191152139629,0.04215247540311173,0.007511392229031846,0.2613714925758006,0.005902799310152878,0.0015305197889425972,0.7572596057095204,0.12549312092921985,0.04359207100536011,0.011417250146823488
0.2578008090044699,-0.00509619585208624,-0.004765843983492839,0.77,-0.37167787709834577,0.03809227774594959,0.005940151355385651,0.2697738481298106,0.006281236359541333,0.0016295273875349,0.7572605926212808,0.12970658725417422,0.045008981760983335,0.011770837555284075
0.26936306359427303,-0.043757296615958854,0.011570751703025633,0.774,0.5594100926159526,0.04463371641435687,0.01565045929461033,0.27881410993287825,0.006702478339003094,0.0017393405293798004,0.7572800407239488,0.13285662361970524,0.04656253516763709,0.01213335868122778
0.3112479723312368,-0.03485597547190672,0.030525102448186455,0.7732500000000001,0.9164277539419581,0.05364135703474737,0.009171511698690548,0.2864051437205613,0.007066272901115375,0.0018339692247346048,0.757282301311216,0.13481125508755548,0.04788760561884198,0.012450916699808356
0.2884099221841965,-0.006886344324294152,0.0036246992607031113,0.773,-0.06527308763750407,0.05307088556939732,0.004967095376712877,0.29315232105813643,0.007397209086627943,0.0019201894790738072,0.7572776502284677,0.12828865414051596,0.0490088183447015,0.01276267841996992
0.2960118268739872,0.0677221836554305,0.04009100606298084,0.7730000000000001,0.6740381362429523,0.05897766925883907,0.00493279096377301,0.2999172287804486,0.007737064923329744,0.0020084368756308137,0.7572766804718959,0.13545620373651002,0.05019585873877208,0.013027710372787382
0.2508443019267263,0.008234120512482719,-0.027812226782339536,0.772375,-1.3090513868306854,0.044609666303786266,-0.0023085835526862643,0.3083826893287413,0.008174176919446536,0.0021222694917986014,0.7572739184124174,0.1269220754278865,0.05158894137338477,0.013428015902371637
0.28208843651947046,-0.010352292319915116,-0.029837774355910826,0.7731250000000001,0.6338761482253684,0.051655124422832266,0.0003586156611563044,0.3169629594738339,0.008629883443070847,0.002241661180454116,0.7572744168550083,0.13245136025814233,0.05306112251495643,0.01389419929199276
0.35033165887589235,-0.01195753910922772,0.022186003284268823,0.77375,0.35420286720585703,0.055485733293644035,0.019059671768677695,0.32531762812373627,0.009084870216816324,0.002360920552718238,0.7572463673037237,0.12428604230547259,0.05440524267956448,0.014252492553382012
0.2621599861918391,-0.03070170554968957,-0.013844798944984483,0.7745000000000001,0.34371711439650127,0.05857978382332085,-0.0022633604046399043,0.33227797712591395,0.009472074309088708,0.002462038698752824,0.7572461257473307,0.12969277711087246,0.05557270274747461,0.01450429615966442
0.37272257781290125,0.035659574088513335,0.04352114138133293,0.7761250000000001,-0.8376115736024006,0.04991197657058155,0.01625255705601275,0.3402956765273561,0.0099279730772343,0.0025808481406721386,0.7572542816091817,0.11863635601669842,0.056800380467706635,0.014793418652867096
0.3553042491958183,0.007105541036492942,0.029526385314808442,0.7736250000000001,-0.16439955831805791,0.04823920634417389,0.0036833307194077264,0.34815316732978313,0.010384666826577299,0.0027002070893915346,0.7572550158417698,0.12347759857879612,0.05805676857874609,0.015163710674281905
0.32589187433976363,0.0733252017129706,0.034661005636795535,0.7778750000000001,1.956432396243801,0.0684453044896065,0.01214154943257224,0.3561719540676808,0.010861523581185509,0.002824765391662066,0.7572683030598036,0.12981411347191382,0.05939749301293151,0.015504674533686646
0.33212173390987665,0.029696018594198625,0.020744217631302735,0.77675,0.2247535704079965,0.07098662528748667,0.016141996065553766,0.364937446375042,0.011394987739627743,0.0029645811322363334,0.7572478206154718,0.12267572728719203,0.060784605024474025,0.01591989721261422
0.4219773552301437,0.036233343050521546,-0.015239820372370044,0.7771250000000001,-1.979967664614399,0.05052288070655431,0.02816683049319145,0.37295278734491477,0.011893578450877016,0.0030950194448621164,0.7572567531823857,0.12964221601977957,0.06212450831832461,0.01624076098278371
0.41598958600552566,0.004601919032354052,-0.0298462163895375,0.77875,2.3617757795003707,0.07654580091601426,0.01494575035103279,0.38151482375242196,0.012438630400769403,0.0032378150403352115,0.7572382965630351,0.13149461464049947,0.06357336468075525,0.016642533307705154
0.37790440511342466,-0.020369860564991796,0.03338574235723428,0.7798750000000001,-1.9861132162760424,0.05648333922867055,0.026770064257925157,0.38937493992255434,0.012949033589215172,0.003371499287513471,0.7572357137364424,0.12586684444035007,0.06484479207149896,0.016970547879509024
0.39362666879330577,-0.013323115502505107,-0.02636466038554251,0.777625,-0.8358642717736986,0.04776219964747108,0.006474623100693535,0.39746948169877655,0.013485170633758111,0.003511733927220414,0.7572282263746216,0.12392525931074623,0.06613778845928797,0.01728499424968888
0.37870672983856957,-0.02763201517783862,0.03548184334985627,0.7771250000000001,0.19468826598823694,0.049893438922394395,0.0024452479055457207,0.40595591564428224,0.014059010315388067,0.003661698281350013,0.7572277623591391,0.1258715443751998,0.06751569573893823,0.01762898152262693
0.40820732920312475,0.04116390677093682,0.017290505601885702,0.7817500000000001,1.2999513759310792,0.06005160511225416,0.02144482592783416,0.412049427761287,0.014476971834114283,0.0037707310644731493,0.7572158761497656,0.12391093626928446,0.06848396878873819,0.017849418149103347
0.3913466498297036,0.002809219709812809,0.0025146782370349136,0.7825,0.060284667429940875,0.06062554487710603,0.01289764666689836,0.4194798910431677,0.014995686721879445,0.003906600059087551,0.7572093098018866,0.12732388618860166,0.0696961549782702,0.01823898425998527
0.41643416782062126,0.04343303817152387,0.01302125731827554,0.7755000000000001,-1.4846275340383561,0.046826761827455154,0.021568595640882073,0.426668392213976,0.015506113553920689,0.004040235978541602,0.7571995482895443,0.12812896734318494,0.07088704210801033,0.018541420884396587
0.48013281902027044,0.01943142116772671,0.01362515366933888,0.778375,5.134092858239756,0.09324760311292213,0.02114002584468747,0.43368671411688614,0.016012523088610835,0.0041729762092248815,0.7571941114378269,0.12646796142860797,0.07203052535369237,0.01886210482824202
0.43041393894330576,0.007104619068218408,0.0004211130382453226,0.7827500000000001,-1.839884933545676,0.07560809890138609,0.010106154816822074,0.4411696280925313,0.016562144095150822,0.004316726118864527,0.757195645448497,0.13433883992286386,0.07331847031665584,0.0191564643298614
0.41137114236608197,-0.018500371066554968,0.03317876994985832,0.7790000000000001,-0.8682289269617047,0.0649788826959834,0.016891554955021745,0.4506779582170732,0.017275132133693208,0.004502744739390281,0.7571645872330941,0.12473675596381892,0.07484554907057372,0.01950650727845815
0.40859575679322774,0.026140841135938973,0.032634250281743195,0.782125,1.5467331597855587,0.07843739974771369,0.0029712599067944104,0.4574624512874023,0.01779177590415164,0.004637371622676017,0.7571666739194817,0.13313541849743793,0.07600399407364433,0.019783455054240395
0.4623213526967449,0.011209686361965947,0.008108930813684464,0.7817500000000001,-1.346940470181967,0.06301167509259331,0.021485651156384126,0.46638674017900916,0.018484052724303823,0.004818285172531849,0.7571681285026277,0.12339583551733604,0.07741717470368492,0.020208570450390706
0.4415057212657542,0.04528165299349285,-0.0068788793787007115,0.78075,1.922845712806345,0.0773862838323125,0.009649893726007091,0.4722042582123555,0.018940922560456454,0.004937562383192876,0.7571684911350423,0.12780498216722136,0.07837260581363026,0.02043732826868716
0.4791333362395247,-0.002668564868610508,0.031401746787393485,0.7793750000000002,-0.10893183210171585,0.07635168497108502,0.01728614441287995,0.4795814683919889,0.019529603261313495,0.005090883628052904,0.7571641019590425,0.13222863448657585,0.07962847007315865,0.02071427493707878
0.4311374744233205,0.03791064041367938,-0.03499125583832921,0.783375,0.6424405225540032,0.08293292894291504,0.012036021521384914,0.48757839167247313,0.020178617110828762,0.005259833908990262,0.757168615567799,0.13197697546054418,0.08098045931368336,0.02105456309261644
0.5089158666461071,0.06933780235212038,0.014529378116005874,0.7828750000000001,0.26766258299636136,0.08584491944801131,0.022461203327003125,0.49606473843986354,0.02087903981538508,0.005442345766605734,0.7571634922720126,0.12575545387673054,0.08234859483547963,0.021430367255964367
0.4650387599735719,0.02899819918486269,0.020641312637721863,0.781375,0.07189198200991175,0.08664053650082959,0.01968167527123093,0.504679698472423,0.021602520529652277,0.005631385340135734,0.7571671407273987,0.12961163133481668,0.08378298600471146,0.021862719798634966
0.5069674321045001,0.045110039876959246,-0.010513251591728608,0.7835000000000001,-0.5857184248082403,0.08008633511335628,0.020848845269790355,0.5134130969647444,0.022348648765440283,0.005826369849643136,0.7571974252306205,0.12903941307988592,0.0852269397279084,0.02224159974584916
0.5028293797397859,0.03933517535555667,0.025704739571451474,0.7793750000000002,1.349646704337824,0.0928768186900144,0.02677997493880588,0.5207697312564066,0.022985946432165436,0.005993081805089076,0.7571974519725668,0.12517771921862295,0.08641323800632694,0.022573052490382217
0.5717993108513542,0.07974590357587208,0.005875812560022676,0.784125,-1.6999223263938503,0.07705653862857398,0.015004676948463871,0.5280372680356451,0.023624367235009505,0.006160185304258514,0.7572091632421281,0.12973704547347212,0.08762063222773708,0.022900929821417115
0.5342117688803159,0.034720550546706086,-0.004295299102648831,0.7842500000000001,0.30677455971989537,0.08051909198560736,0.015579873401694366,0.5368515487469209,0.024412166982754297,0.006365647523904979,0.7572333494293422,0.13468316812478698,0.08914079627377847,0.023213430207507102
0.5950233337119787,0.04524522195395713,0.02607095769929955,0.788375,-0.3720099547377253,0.07690574310809062,0.01614237739033457,0.5444757014449356,0.025103232476426283,0.006545500449452263,0.757231890790246,0.1290839954987568,0.09039459473884826,0.023489256245586176
0.559803838512848,0.02372489096862133,-0.014749043073485865,0.7846250000000001,2.872929456005228,0.10013760244573211,0.008707802559676485,0.5507922640985251,0.025682441448733752,0.006695952259764954,0.7572294546223844,0.12941993675158145,0.09144114524144209,0.023714664030574983
0.5922349203195072,0.0021702114001048746,0.024512755054786804,0.7813750000000002,0.9246920116778767,0.10781261011192234,0.009700450318405825,0.5572481435990112,0.02628144041978845,0.0068511828640012516,0.7572264095554337,0.12981236807807484,0.09251859687677921,0.023937434332525598
0.5499527355123476,-0.010224391635368205,-0.032345385851189346,0.78525,-1.9271401289865495,0.09119907891762002,0.024799950179236283,0.5639860541241721,0.02691371310751639,0.007015271651352203,0.7572164760064551,0.12127742084064716,0.09356410788243741,0.024241798748298127
0.5749909626978379,0.06481195090945398,0.01323403254883166,0.7907500000000001,-2.634580758636326,0.06288855613590671,0.01948643511491445,0.5724424158623002,0.02771906043331941,0.0072242718813931095,0.757248605722048,0.12890696468700244,0.09494930875302376,0.024598860514045917
0.6091806221088238,-0.002691362557601301,0.00860730126181248,0.7895000000000001,1.8043726835027194,0.08131776663232415,0.027981422087396242,0.5804663018537285,0.02849339200926198,0.007425270954370222,0.7572804993749729,0.12298179215330245,0.09620540033296265,0.024929089505250523
0.6084121859358129,0.05076374257180877,-0.002832703854561346,0.79,1.93294113171814,0.10264917926209538,0.02240127395005647,0.5891403046875288,0.02934250456510264,0.007644661879792373,0.7572417207618617,0.12462759477485535,0.0975807565740685,0.02516728847745897
0.6045245118739344,0.04157977487141654,0.015951857235498055,0.788625,-1.113442958201602,0.09222833185573398,0.02842356024617374,0.596482714686845,0.03007067536351533,0.007833168890866282,0.7572656269108843,0.13561990108485966,0.09885003964246541,0.025542836849880235
0.5867789229304429,0.05742179439359779,0.006787604920259121,0.783625,-0.32960857629037027,0.08885386203003831,0.010349440598773914,0.6044624642450941,0.030872438511905007,0.008040387928880526,0.7572606969733578,0.12586835197147941,0.10013865585663684,0.025832273312110132
0.6004278656612565,0.01530203160809377,0.02971090151773175,0.788375,2.3306733951538683,0.11434766631280224,0.021134886060796505,0.6130386764077939,0.031745872633465816,0.008266900397620677,0.7572730173972936,0.12389541354469819,0.10149387166293922,0.02626975321852676
0.646798164126059,0.007776298317482295,0.02002998736350587,0.792,-2.883970833370237,0.08684617757603563,0.026077025101411695,0.6205487007597915,0.03252023430494089,0.00846714714288118,0.7572718187111905,0.13144263947097568,0.10274730606911087,0.026517088707337155
0.661426662836436,0.04370677764307253,0.018119282687176594,0.787375,1.5819019430915073,0.10374905746072294,0.0150020725440303,0.6289134101404618,0.0333938316059811,0.008692769649566707,0.7572790803775674,0.12296443419636659,0.10406120107403627,0.026820799695700615
0.6103302453499928,0.024316434029011492,0.015105842847503608,0.786,-0.004543179338721523,0.10370813653972455,0.042491486997943646,0.6359512988687044,0.03413687066705876,0.008884081119377208,0.7572612410740058,0.12502496818823755,0.10518731485133159,0.027026251500539278
0.6132240628922435,-0.00306757883665372,4.108599014297429e-05,0.7869999999999999,-0.0017942186160668865,0.10369117145051909,0.04166566282052457,0.6433478403491633,0.03492709483670731,0.009087492307484712,0.7572548577450511,0.1317704050556738,0.1064332592732602,0.027338420180293976
0.6158136722406939,0.09280241014053844,0.0036659451032450326,0.7886250000000001,-1.1444600389675872,0.09290189670840432,0.01919305338863771,0.6507366844351515,0.03572543202044975,0.009292618456748232,0.7572617963028291,0.1268119635146011,0.1076287655105772,0.027593956983778423
0.674272523682689,0.011593187173742352,0.014857598171465772,0.7891250000000001,2.5441537193916948,0.11377983407913916,0.025617203408398032,0.6571717820274373,0.036427152005763484,0.00947273063703176,0.757279743070669,0.1203734190894494,0.10861657874123809,0.027816920438969106
0.6299259222765283,0.006438889234252069,0.0066793512273382,0.7911250000000001,0.8678985812180735,0.12309278397906898,0.02415583037803542,0.6656062806156791,0.03735869065890255,0.009711200798045955,0.7572747002106682,0.1287446145994587,0.1099980675137715,0.02809491889850957
0.6896421568829002,0.029783095794734107,0.032597369384698094,0.792,-1.8588853806584993,0.10581277789425858,0.03774681219486377,0.6729202371529037,0.03817507520076342,0.009920375046042838,0.757307686993065,0.12499114848981922,0.11115997229226116,0.0284151661795069
0.689358958102196,0.07550465378243423,0.012479084462022552,0.792,2.505327621849356,0.13091300690389085,0.026982344760936253,0.6808016702997794,0.03906540782399073,0.010148526340296705,0.7572977798515901,0.13264865992147917,0.11248894488363526,0.02875705827633679
0.6650644079540167,-0.0261385409905052,0.01839127762448864,0.7902500000000001,-1.4592993752282524,0.11526768320313163,0.010673773933426842,0.6892156359411251,0.04002722603536911,0.010395625121025546,0.7572735710141149,0.12397239418045324,0.11381806779688786,0.02916940228313214
0.7367241545137749,0.07491177384200665,-0.01691800788317139,0.7907500000000001,-1.1641385706187517,0.1028465612494438,0.020659271712003963,0.6975932040926991,0.04099670937348914,0.010644252406582986,0.7572503790845277,0.1305715956669184,0.11521124018581075,0.029472455170829637
0.6545927870510833,0.013464494805889175,0.030275420792598033,0.7893749999999999,0.4818360124841234,0.10814583113579568,0.026427307620677666,0.7062119487977135,0.04200692236107257,0.010903133033192059,0.7572331540335228,0.1334347601793113,0.11667876604126803,0.029823855358843243
0.7559995327126234,0.04964434426318053,3.6472316602179436e-05,0.790875,-0.527778596873861,0.1029460129632973,0.031912534741337824,0.713946281062777,0.04292296710546198,0.01113746750156911,0.7572360981224044,0.12289575134971033,0.11788956838334119,0.03007858703293831
0.723151724613812,0.02229275757864957,-0.008953927128725359,0.791625,0.7445865002066813,0.10991910465230159,0.0323296516799058,0.7213040123377925,0.04380317669371934,0.01136247973764514,0.757282050817132,0.1254831473098354,0.11906472464977025,0.030355900294401383
0.6591606303562919,0.10325243298295422,0.045077887763259286,0.7941250000000001,-1.7021236000589448,0.09310140402391953,0.0468089908689109,0.72908991285002,0.04474458478395772,0.011602856940694581,0.7573296559997912,0.12783537879968307,0.12032779222623446,0.030640570210810125
0.7750030739735031,0.04793620001696088,0.02630089812881304,0.797,4.2862991076044255,0.125115764982207,0.026791258975378634,0.734996186474556,0.04546421691679269,0.01178667832416305,0.7573085898924501,0.12271769258492858,0.12124437046955228,0.030884771391973764
0.7625802702926717,0.02369771105531579,0.032095722720149045,0.7956250000000001,-1.1583890293539894,0.11604635350711145,0.022669072334108798,0.7411759148303736,0.046223412643952244,0.01198073452189775,0.7573185085960337,0.1271769133982491,0.12224008065716063,0.031157650218605504
0.7268831879773706,0.03667488030486363,0.021855712777782327,0.792,0.9810547170538868,0.12391043963673187,0.04279572946545944,0.747473280918288,0.04700347855526103,0.012180275812138567,0.7573366321623045,0.12523677273897008,0.12324397243841867,0.031435769419653425
0.7174897964366987,0.04921804047181733,0.011129626682581955,0.791625,-1.624211143541695,0.11009793731669282,0.035450845152281314,0.7541500668741717,0.047837755647258395,0.01239343143570982,0.7573424759863976,0.12507593290992688,0.12430763440156234,0.03166795415143353
0.7077151918902603,0.05289445394005332,0.007686361666249185,0.7975000000000001,1.1164011511511391,0.12193141143857611,0.040124267792191914,0.7625323569471749,0.04889653024414303,0.012664181401049478,0.7573784835699511,0.12621938936584567,0.12564551718339256,0.03203465203380196
0.8340645844463137,0.06157871024596756,0.029095676692566422,0.7931250000000001,-1.8097259752491686,0.1062921551358782,0.038853433315680724,0.7693278525946713,0.04976240919051467,0.01288550740723678,0.7574091045691107,0.1262566529361976,0.1267365995805041,0.03229706335236804
0.7413393634308527,0.04931247265793215,0.03642280403993703,0.7998750000000001,2.577877095245391,0.13060864120882565,0.030493123871509487,0.7768072517092959,0.05072450471890158,0.013131222718540354,0.7574100028232472,0.12654024410431508,0.12793022284869826,0.032572289432600154
0.7405603033052292,0.009243594323117846,0.012740627638529425,0.7946250000000001,-1.5058591614400532,0.11261536734189015,0.04864800533655438,0.7862176157771994,0.051949106107851466,0.013443561854539985,0.7574476101709336,0.12351221172870008,0.12940605080688528,0.03290157614371925
0.7939754221557059,0.04131331429238573,0.05582048445833051,0.7973750000000001,1.1098804029566143,0.12312105577181542,0.026760672291674257,0.7936968840747363,0.05293130280215118,0.013693851565966059,0.7574622082885136,0.12353330844362685,0.13057536819078486,0.0331674190706126
0.745568309470666,0.07086355085145245,0.010737892657877165,0.798,0.7691877005793109,0.1316638646339845,0.02599237923143861,0.8024776758538729,0.054096843117883125,0.013991415170109286,0.7574805147309402,0.12521652993352064,0.13196605720050325,0.03358073417512797
0.772048706252566,0.03345952225919831,-0.012950292726152828,0.7953749999999999,-0.5986783800086941,0.12651548591422124,0.0341432672158154,0.8092532304595472,0.05500365537118916,0.014222907041909922,0.7574669419956633,0.12549487910761234,0.1330452596347511,0.03385087066113579
0.838998684448018,0.07475463660302423,-0.01922124540278225,0.7983750000000001,0.2698188642367447,0.12913052816378556,0.052863984977162035,0.8169168646791835,0.05603869837604168,0.01448709503546632,0.7574707969883582,0.12396417562579524,0.13424670104475345,0.03414948527467976
0.8298498205527653,0.05642850910940138,-0.01829718108961364,0.7968750000000001,0.051188196233013156,0.12956946525305701,0.04100327529132738,0.8236835550172186,0.056960099709979894,0.014722097415004888,0.7574729254344844,0.1269003014708074,0.1353348669317036,0.03439816323993439
0.8118321515740228,0.04995660449163925,0.00746024766754589,0.7975000000000001,0.8925752117727102,0.13804129859150427,0.02298168249209185,0.8311780887264569,0.05798917584225129,0.014985275677759697,0.7574630951925584,0.11821587169823568,0.136456907012783,0.034775571881256795
0.8328726056138273,0.09352660678824176,0.01142951737975097,0.801625,0.3866384473605569,0.1423950262154663,0.056189617420773844,0.840113612697884,0.05922869061478539,0.015302687014061043,0.7574624330026671,0.12265055977123805,0.1378380090056548,0.03517098277188824
0.8249064247822334,0.0063624282457559606,0.029942700665183217,0.8027500000000001,-0.30365937418949834,0.1401452080316683,0.03667243081686026,0.8460003528878778,0.06005081165959993,0.015513013534976793,0.7574688478990952,0.12429967632628419,0.1387589477146456,0.03537069181923602
0.8447434662944472,0.039414419550087856,0.016039054443485832,0.801625,1.4959890482563414,0.15607993803380404,0.04355278506753624,0.8544499789987843,0.06124204940180944,0.01581757269145428,0.7574512960904854,0.12196458964749242,0.14005807006324789,0.03567600726131781
0.8319407806399375,0.097793284691092,0.033793124736219114,0.7973750000000002,-2.4198571920019187,0.13101843680313685,0.027688740971079175,0.8626203407164642,0.062405290772769,0.016114589546167426,0.7574348418138219,0.13177947672707332,0.14142285784043063,0.03597450383282208
0.8445943335086314,0.11673869739261143,0.018102366456158557,0.7985,2.3702150679340073,0.15260819271606962,0.04026008532171487,0.8698151788421129,0.06343802546066558,0.016378187474164682,0.7574385738035834,0.12533487755996034,0.14256450504810614,0.036249515865309334
0.8498778005469436,0.1312974666848915,0.017716260843342647,0.7990000000000002,-1.0984236990851122,0.14400653205148117,0.03163472947546076,0.8760036068941479,0.06433252866548876,0.016606256839969486,0.7574367702248647,0.12588086998026385,0.14355026721678055,0.036458935415426996
0.854422988939043,0.06537539974632549,0.006209747913462602,0.8008750000000001,-0.9368199193061355,0.13453697431902567,0.0308638690972271,0.884008876217423,0.06549982355776948,0.01690389443701167,0.7574569733889736,0.12317532365231636,0.14479534731649002,0.03677454982055117
0.9148041960818614,0.07865502342175268,0.046500221826310015,0.7965,0.3479657164700701,0.13774026351891377,0.020741929920796678,0.8912583212686491,0.06656542528026933,0.01717585361060811,0.7574715384382708,0.12495713109884085,0.1459456727926849,0.03709862941770714
0.9147856184038351,0.0906361579668106,-0.012254174692071455,0.7986249999999999,2.6773635270209946,0.1654483369919535,0.03731746344349067,0.8994282342283169,0.06777670765623203,0.017484459195049956,0.757448086782429,0.12015227153399155,0.147189130371014,0.03734761374901785
0.8716579494654679,0.10553465343231408,0.024721441145153043,0.8005000000000001,-1.8630568264266092,0.14675670104435312,0.033005981613538876,0.9073655459514993,0.06896361852641283,0.0177863275238431,0.7574351287354056,0.12425570718641457,0.1484357603235713,0.03759562547733353
0.8736238683745732,0.0781362328292138,0.015461530440770779,0.8007500000000001,-0.31732858085365717,0.14282097990218023,0.04851267222839963,0.9171784899451826,0.0704460853539207,0.01816296611591419,0.7574097412991231,0.121184079474929,0.14993876626902125,0.03793297431136233
0.9123778403650996,0.09767326519482865,0.03504246958810597,0.8018750000000001,0.48551516302319875,0.1475018153526726,0.02714590170475411,0.9248156448520797,0.07160916495334607,0.018458183685349575,0.7574064264924779,0.12366451369800159,0.1511310117100928,0.03819623509946313
0.9884644276804077,0.08469499018125483,0.019267344072152304,0.8025,-1.2337188951387752,0.13705868869494697,0.043352309229363666,0.9315252068029096,0.07263763660789192,0.018719710977969033,0.7574049606893702,0.11454255204768699,0.15210058620834088,0.038509244060979775
0.9011163589651452,0.0878082499414464,0.02019507193538469,0.805875,2.2837137390344275,0.16050994743122704,0.04178724624631947,0.9396974030195003,0.07390063361431089,0.019041108197700073,0.7573776868944698,0.12020153132455935,0.15333492533036308,0.03884715126053129
0.9353029072225449,0.045848587968581156,0.015032478175807346,0.804,1.1557362394514659,0.17244869703607968,0.037702929642946977,0.9478972582379029,0.07517922473061377,0.01936645882218493,0.7573494206621909,0.1304901214747889,0.15468288763613414,0.03918380649237374
0.9523511804941933,0.0650044537314811,0.048634011169020774,0.8057500000000001,-2.162431121460575,0.14641566155257024,0.0505666890303394,0.9574718956036363,0.0766872939792996,0.019749681120648954,0.757305985247495,0.12794811857074373,0.15622322706139657,0.03951672694719344
0.9553589428798287,0.060595329053449734,0.02119756096038902,0.80325,1.0176306799959582,0.1578667205901083,0.036659533394955736,0.9663913853740269,0.07810552223409752,0.020109560027599883,0.7573068192131459,0.12975209745399513,0.15768328418958388,0.039825845834235096
0.9532333534139368,0.04193143610157798,0.06090165634203644,0.8015000000000001,1.555947005961859,0.17425909933372408,0.03060490358115737,0.974722160732142,0.07944183745334192,0.020447781985151483,0.7572715842171865,0.12993038334177068,0.1590521406132801,0.04006519764330019
1.0113133458925536,0.029593304172314767,0.027373209650590317,0.8083750000000001,-1.2075711516746819,0.1595328242805789,0.03676663329698619,0.9844454364602659,0.08101697168405435,0.020846432453408913,0.757264559956832,0.1270146005053654,0.16060107786655387,0.04044991975667944
0.9968190782176765,0.06747936978486224,0.02264796243178839,0.804125,-1.9830471299345735,0.14323841272580395,0.05215823127115896,0.9909613198625898,0.08207925425462614,0.021115271945055556,0.7572416143184568,0.12253640492812955,0.16160794178935323,0.04069900176222063
1.015739183674225,0.07343179709984826,0.019621352675326366,0.804875,3.2701413281366527,0.1728017091166949,0.04064709140548087,0.9981355679095734,0.08325686569451513,0.021413527386185315,0.7572321375351243,0.12006983298994976,0.16269341782971436,0.04100107939432185
1.0148857371213538,0.08561189128771295,0.034114874693769386,0.804125,-4.1372215478243195,0.13717966856416952,0.03389841871740891,1.004960710126016,0.0843849430255693,0.02169895310411289,0.7572279934047018,0.12872154904912633,0.16380172788447167,0.041236577392370855
1.0315031982176563,0.1003586054901536,0.011394645375149698,0.805625,3.4205526692399566,0.16938514781254854,0.055904137564306275,1.0124364721613903,0.08562955701394614,0.022013617135902244,0.7572534238466803,0.12444831526508046,0.16497344427720773,0.04149591326870716
1.0585223139350295,0.09036961644966691,0.026359269052939793,0.8071250000000001,-1.0405135200303408,0.16112870343630137,0.04900466625194928,1.0187474097176108,0.08668714491138699,0.022280760316624317,0.7572299372896693,0.13407752873153717,0.16603734554976812,0.04172381177539508
1.0596269074454814,0.07846579555786146,0.023999365371553637,0.80825,1.368252995070988,0.17611480416496272,0.03295187422721655,1.027468512313517,0.08816065818507848,0.022653067430606882,0.7571490870381887,0.12246991272737255,0.16737872499857964,0.04206893242419474
1.097124553039033,0.060006238084389096,0.030690127240071204,0.8085,-1.137806295343724,0.16511601078711635,0.039072680004704895,1.0351662382038764,0.08947135086412497,0.022983418858619993,0.7571610770331932,0.1317878563808587,0.16865267418305363,0.04228135139171263
1.0700976338359844,0.11481593415029204,0.03146835318975103,0.8095000000000001,0.35132847774737924,0.16785419135982682,0.03801286468752633,1.041379156847246,0.0905353649256617,0.023251605160071194,0.7571604143372748,0.12320222370655562,0.16961288651093254,0.04252084474842954
1.0202350901938617,0.08659189643982632,0.03281681114119228,0.80325,1.8525519733350955,0.18355759154672446,0.026563457332192182,1.0480829118562398,0.09169098974762223,0.02354262912458382,0.757168985470154,0.12906959039655277,0.1707069618508581,0.04275501305947138
1.0740662235192238,0.07805563752781423,0.027059684941000296,0.806125,-4.101962997858411,0.14060892826580496,0.038300803996735175,1.0563909244021357,0.0931348547888041,0.02390545027818444,0.7571869802011527,0.1304870495886529,0.17207319659218312,0.04299977060465876
1.078916304301049,0.08701847912896489,0.05695727206124583,0.8063750000000001,2.7759946340944257,0.17185882688949938,0.03648702843991813,1.0653239359547215,0.09469972354396405,0.024297618080448252,0.7571398330150414,0.11951076623712527,0.1734185519770537,0.043215553287425656
1.1255539273340613,0.0724281551545306,0.03451522444813507,0.8093750000000002,0.2264202096912646,0.17480117932720285,0.02067145716470497,1.0756713748255662,0.09652921470041444,0.02475567878935239,0.7571559022308323,0.12151401694584757,0.17499763833362625,0.04356433925718317
1.0503702817703842,0.08050033625516925,0.0787256353567708,0.8051250000000001,-0.7827226114207612,0.16355283415492394,0.04500650843149505,1.0870504323696584,0.09856122889864352,0.025265059880147576,0.7571793407744546,0.11931097458863306,0.17671223173546746,0.04403917180449346
1.1045807579524327,0.08104410899131993,0.028006427671848584,0.809625,-0.7154694235109094,0.15595339400232966,0.05055935534880263,1.0955057864723243,0.1000821249457002,0.02564674216182802,0.7572456245502555,0.11847471217663444,0.17797062441472988,0.04439870077754149
1.0741916568642695,0.09050565534645534,0.04651298178132524,0.809625,1.211712880278784,0.1662719686767633,0.040418259658914,1.1022833333237807,0.10130873349238356,0.02595442029742538,0.75726695337572,0.12595047629734415,0.17904317998140495,0.04464131660859394
1.115417615262972,0.11976802862530034,0.01307474166073818,0.8091250000000001,3.3754683045905236,0.18923166975587558,0.040856027079801675,1.107692697468484,0.10229238017244992,0.02620133056881047,0.7573060166527893,0.1224437856821899,0.17987603411143338,0.04487837617594659
1.1018850138065048,0.1138026272052721,0.05601336260785293,0.8093750000000001,-1.4247434111900539,0.17441210543086338,0.0481941396621015,1.1159652548943297,0.10380764623033488,0.026581362907364563,0.757279062634822,0.12340207860515873,0.1811596091238643,0.04515642945351672
1.1297074994113092,0.1492604194100981,0.014253055007757717,0.8067500000000001,2.3428807302547456,0.19498397669285872,0.05165428312872363,1.122924476707324,0.10509027128935533,0.026903033925959115,0.7571767351235617,0.1253745871759205,0.18226047176428928,0.045425394924172746
1.080485816928818,0.14057446471432955,0.03782281684807334,0.8125,-2.360740043728368,0.17284740203041427,0.025932018751797917,1.1304077588106776,0.10647786681484746,0.02725077979331898,0.757186236335622,0.11551978610416253,0.1833436966525519,0.0456590913036643
1.1538313543771586,0.16424511106650636,0.023773754737828178,0.8131250000000001,2.824055695935745,0.19849506581199838,0.04287607883514386,1.1376594604427042,0.10783125012449801,0.027589487345497293,0.7572395401533615,0.12810521080558704,0.18450712957639226,0.04588232336525078
1.144019848746325,0.12377048226455974,0.03848967169094782,0.808125,-1.2192888695020216,0.1865596742580804,0.05078604338894394,1.145425780115453,0.1092902390694572,0.02795415951453366,0.757199061534071,0.12152469656841446,0.18569671218744954,0.0461156101488398
1.151652373993873,0.1250129208094045,0.02521574731261621,0.811125,-0.21065465002164604,0.1841162972191941,0.03834734673829294,1.1546598037892781,0.11103880521130058,0.028389853646477673,0.757229271700555,0.1248951135608532,0.1871453669060248,0.046326537312013194
1.2137563788479506,0.09562947989994479,0.0145370362274004,0.8086250000000001,-0.621789223826538,0.17775192832064635,0.04625131712785761,1.162781201927359,0.11258746738750025,0.02877581268104346,0.7571799023087395,0.12520985271739984,0.18842696147519788,0.046648686137480855
1.151561711483827,0.136503532771771,0.025284032852295454,0.81325,1.1155945885480534,0.18864241595749354,0.0483346242758896,1.1705692358611,0.11408266009859844,0.02914785332994258,0.7571932118766407,0.12814859401019402,0.18967795416830846,0.04687966294500079
1.180042554964622,0.09331981753294781,0.06188995445274881,0.8107500000000001,-1.9461862324607861,0.1722039162459046,0.04201199590027919,1.1772856484162735,0.11537930228379598,0.029470093634792645,0.7572125358309075,0.12213676379555949,0.19070958470958965,0.047073395325204714
1.178757193469075,0.07003039342998402,0.04070886186024444,0.811375,1.2811895673800164,0.18179743244356805,0.057204649684722504,1.1832434166605965,0.11653476367740796,0.029756955127110716,0.7572176610899574,0.11408047444537664,0.19156381651672705,0.047233236731363704
1.1890882067153423,0.1613549136732713,0.005966029100254809,0.8103750000000001,-0.03464358142826296,0.1814762678007562,0.04373289505308232,1.1906086697574665,0.11797188759017123,0.030113418145870575,0.7571967101576424,0.12265951029174918,0.19270093618467765,0.047466432882243836
1.2577182229474448,0.0796205166475172,0.054059353240417427,0.8089999999999999,1.89084928291292,0.20023221858341334,0.03158319314017475,1.198473997427889,0.11951655906379428,0.030496798482863578,0.757204369407628,0.12309752224591952,0.193921980659018,0.04779302158314325
1.2030785963328707,0.13223045867849428,0.014846564069278683,0.814875,-1.8114009039493195,0.17731456477855367,0.04386777653833327,1.2085757269922681,0.121516118981073,0.030993788054008466,0.7572289706953353,0.11810662384176855,0.19541625324735845,0.04822464660553516
1.1922866254585724,0.09425232761685773,0.04796974348724165,0.8140000000000001,2.434887936066827,0.20213924993028876,0.05094750577751362,1.2167052731391543,0.12313587951169762,0.03139545745646727,0.7572403822133719,0.1227955497596154,0.19666820444218036,0.04841827085672312
1.274595508577474,0.15627356564335737,0.044648150166402,0.81225,-2.2568775408469355,0.17624359042542315,0.05274875332607374,1.22583209857833,0.12496748429208632,0.031849105830989544,0.7572996729386965,0.12067509634748237,0.19805284368342102,0.04869476823182639
1.216626946339094,0.1618311966977033,0.0463019707374686,0.814125,0.015230900203129267,0.17638449234530462,0.05149085640079613,1.233205960052527,0.12645557807068208,0.03221718733875243,0.7572819389727451,0.11665791666565932,0.1991320526735887,0.048891640085799715
1.184270863774968,0.14113082397053922,0.07138862774310187,0.816625,2.0177444562994946,0.19297556633472768,0.05135592041591269,1.2397787288023263,0.12778901892982397,0.032546967559058,0.7573399176270655,0.12465578225724132,0.20015704535796086,0.04913244087885005
1.2170338689827933,0.1640194018880521,0.018116864890209833,0.8173750000000001,-0.7752766577827608,0.18634514850359052,0.05206530629829408,1.2466198559918946,0.12918419211696647,0.032891863264640726,0.7573552159748956,0.1196407593995452,0.20118025199844247,0.049358119095360475
1.2089830553964278,0.12828748992744152,0.04728767163055719,0.8140000000000001,4.536342846990525,0.226773765868034,0.04132309345396385,1.253717760161951,0.13063964943791284,0.03325124573612007,0.757334694272117,0.1201351682443864,0.20225091594796885,0.04955953966821758
1.2029259359901834,0.1972405713930356,0.06083331891028447,0.8161250000000001,-1.7438913465296706,0.20376712248112128,0.06333359334459307,1.2642486371433173,0.13281642241506428,0.03378821850808398,0.7573051518896874,0.11993596513357785,0.2038331957067303,0.04989326720742726
1.2530431533471067,0.15403573894220102,0.023155214570087054,0.816625,-1.5153563011463995,0.19048059968971787,0.04238790494652115,1.2712501036974768,0.13427175357482943,0.034146753486939796,0.7572869911103601,0.12652627347198725,0.20494256794804766,0.05009494941128034
1.2708276713683129,0.10649035235736554,0.02159853799661722,0.81425,0.5168797619150801,0.19629949445886208,0.05305068210761391,1.2802109091251708,0.13614713206013265,0.03460898281845681,0.7572876388779531,0.12138078481272097,0.20630904051258447,0.05044672509367132
1.3152630720613359,0.13702823514107315,0.031149132280477356,0.817,2.5078174224906777,0.21798110392109837,0.046682008780152086,1.2871141802786104,0.13759948195120486,0.034966799952384976,0.7572524424344637,0.12174776966730677,0.20736162415410142,0.0506791585191011
1.3078442796432386,0.1322676138426055,0.04389059846663901,0.819375,-0.8551154720392353,0.20823504545574156,0.05922032896737445,1.2962383288722712,0.13953206945480368,0.03544277226533216,0.7572000607769611,0.11964654367042085,0.20872527882755598,0.05098975687236429
1.3149378756699444,0.13110722390070756,0.009655907815378586,0.819,2.2082729748874868,0.23159289042727904,0.039790826322635045,1.3046998015070275,0.14133580626938316,0.03588556252234338,0.7571871954950523,0.1230554266667047,0.21002688855229312,0.0511356082367862
1.2784384996848643,0.09055634479038865,0.04932914497080708,0.8197500000000001,-2.61675281122489,0.2060401863035919,0.04059285036660739,1.3125163974807028,0.14301217321807053,0.03629659925014905,0.7571623733740481,0.12652188233043737,0.2112623801931135,0.05137076914313354
1.3397349707591613,0.15356656895147927,0.010579105243490382,0.8158750000000001,2.3115654174291165,0.22901450260927048,0.043203631506175365,1.3204322930829533,0.14472001359478243,0.03671559623807693,0.7571382765743891,0.12363900607314586,0.2124912104965202,0.0516944970087736
1.3621401530881596,0.1019298897380601,0.06501977967682783,0.819625,-3.0570729563933043,0.20144637367915186,0.06403747385564629,1.3276457890624593,0.14628474619592027,0.037099471820857904,0.7571500849597586,0.12385306232931124,0.21360809492793154,0.05196001201423872
1.34077919562957,0.06957613861102395,0.04991186988100082,0.819625,-0.20026614270137105,0.19930971251340246,0.04554610018233284,1.3361776562152665,0.14814721240108017,0.037555190008479594,0.757203526534116,0.12330881899646677,0.21492369007242385,0.05213745369542888
1.3490757649172338,0.1366301725447773,0.07832347632351652,0.821625,2.3855404625523047,0.2215370448857068,0.04856626112429216,1.3436450330879903,0.1497857110080909,0.0379557623155905,0.757187350356935,0.11528695767522464,0.21599787915731472,0.05234860262247354
1.3049931326379351,0.1256928262652908,0.05380941764691444,0.8198750000000001,-1.3543030399307245,0.21048377690383946,0.06505000168434845,1.350170646635057,0.15122411886752243,0.0383069293847632,0.7571608816665066,0.11734172711843985,0.21695557438286883,0.052503812983478504
1.3810385309977018,0.12393564101728197,0.03470951292443872,0.8211250000000001,1.2562884499392175,0.22063847408169002,0.052218489317197185,1.3566418809501897,0.15265711623594944,0.03865688732103493,0.7571249966513269,0.11986785761869302,0.21792447750024957,0.05275096352281938
1.4110450935154912,0.05849190409635653,0.025304433491553036,0.8186250000000002,-0.7924077529029396,0.21250925654657005,0.050154077084109336,1.3648277170276464,0.15448016635030878,0.039101809647614484,0.7571644715087347,0.11767502781456697,0.21913169171042268,0.05300325403002004
1.377214512078058,0.12824902620608802,0.04662987459804593,0.8218750000000001,1.618118966518978,0.23252318247955284,0.04890974283643679,1.3747328500912412,0.15670106399933317,0.03964292227461872,0.7572122552809858,0.11619745185617941,0.22056889579934946,0.053255610298633016
1.357897327707635,0.1503885265487499,0.041724707892707144,0.821625,-1.9647643311299647,0.21240402044480966,0.05170731421670804,1.382928574113098,0.15854863589756155,0.04009279398274594,0.7571957491692577,0.11288399226737277,0.22172482646012748,0.053496181065936455
1.3787365643217586,0.13833210578427552,0.06651286008350138,0.8231250000000001,2.013561360893197,0.23218130572967777,0.05121258496456367,1.3908020799505085,0.1603329089564632,0.040526108056849995,0.7571977742722941,0.11489487923220186,0.2228533288482235,0.05362204048572616
1.3793393152328122,0.17085577711776248,0.024708958234378253,0.827875,0.2607921354690406,0.2349010388983479,0.042462559937384445,1.3992077036566783,0.1622487500231432,0.04099053117813163,0.757265441137969,0.11911397547857283,0.2240955374346849,0.05381792189316981
1.3907215046815153,0.2031843689681893,0.084265935702757,0.8203750000000001,-0.6094639496771993,0.227612457931897,0.04403281393112903,1.4087561348589237,0.16443945433858662,0.04152098657042118,0.7572547652065341,0.11975846387249993,0.22552772921701214,0.054094525777661495
1.429252528284178,0.17877995865798255,0.06983517097218869,0.8177500000000001,-0.24532878350344436,0.22507843883359024,0.07889229306951413,1.4169743862389252,0.1663354331397743,0.04197996503022882,0.7573612475978451,0.11701401516126529,0.22673637560963567,0.05436561798163364
1.4257181636864298,0.19580168558624284,0.04071785369545376,0.8250000000000001,-0.08330793623136017,0.22429670972058968,0.05767458218420599,1.4245045544032646,0.16808162013080646,0.04240171506853758,0.7574024663413996,0.12024856288720748,0.22786474112506916,0.054506254090480155
1.4567990235515516,0.2004358802998223,0.08130528845516992,0.822625,0.9467750109300428,0.2353355695882282,0.05565529523621412,1.4338309802538367,0.17025787882915017,0.042926599352006586,0.7573325265207527,0.11806877841442985,0.22924135614406893,0.054752158008403384
1.4463410874902878,0.13857247794978184,0.030200505047358935,0.828375,-2.4447960294327924,0.20931527623638324,0.06843190123123659,1.4424011885810273,0.17226962583756408,0.04341156646560891,0.7572205327451623,0.12417175447232802,0.2305629328476,0.05503449713696229
1.4191572126342065,0.1846117783410804,0.050572625008229274,0.8266250000000002,1.2192652043104517,0.22431666904451575,0.05526015483631008,1.452284039188074,0.1746047628576056,0.043973078011233256,0.7572856006518995,0.11893473542469674,0.23202626230072454,0.05523795980541513
1.4382991245774857,0.20322463584035141,0.0214329251009127,0.824625,0.1899405624936551,0.2262682801475635,0.045695202793267525,1.460514751274763,0.17656044543069674,0.044442876848674574,0.7573011010771493,0.1222125530495766,0.23328197815378937,0.055475683747299165
1.4429819241129889,0.16183254117627874,0.08429364305429499,0.826125,0.5462517462058757,0.23072749508949375,0.06474168045906696,1.467064290146896,0.17812346368500773,0.044818038111031994,0.7572947910713965,0.1202846566546975,0.2342638974647393,0.05565842453988967
1.4606480415004806,0.15269975631417562,0.014805254391410144,0.8278750000000001,-1.2740605553335291,0.22060156603992187,0.052634334506913745,1.4734529470458886,0.17965419096974025,0.04518557582823409,0.7572363432016882,0.11369086423749487,0.2351674853044492,0.055887983918648576
1.530092424725883,0.1947126619746128,0.019560915437915657,0.822875,1.004955593423345,0.23313978586390727,0.06414728710739201,1.4834175873686297,0.18205736294016428,0.04576173161468502,0.757264099421647,0.11890038492854715,0.2366509331036819,0.05614942070911688
1.544995816308341,0.13677052659966699,0.03630106867940424,0.8282499999999999,-0.07110801092031814,0.23224485609335943,0.06247947053965262,1.4935313595248234,0.18451188446187786,0.0463494775754404,0.7572949801840375,0.11417375030907727,0.2380878666762043,0.05641416562558055
1.519255017530099,0.15045916309357096,0.07592752550592372,0.8282500000000002,-0.16608202065695263,0.23062875825732299,0.04434101549845665,1.5013487168528548,0.18641863289068505,0.046805864004539906,0.7572414634882675,0.11848026851822574,0.23924076513449588,0.05665765919266219
1.5052836764689512,0.16492656581712217,0.06905032869459378,0.825375,2.5711299242079066,0.25486222091747734,0.061803150593025366,1.5088922787235455,0.1882673355252805,0.04724757205081523,0.7572575954890814,0.11594252866790115,0.2403335488607259,0.05681018208805755
1.4706567322134576,0.20082702425377166,0.053008675558862225,0.8282500000000002,0.12153438705960415,0.2563439883924925,0.053400790813492395,1.5186807140668828,0.19068141171187847,0.047823456149738874,0.7572211210974774,0.12027801878372274,0.24179999848461353,0.05705956384839217
1.5248004299867688,0.1955155870282593,0.0713678017215369,0.83125,-1.8912830530531324,0.24057176296806793,0.073839058570196,1.5253986135721913,0.19234495902359863,0.048219907516031266,0.757291467727566,0.11343386913505968,0.2427459724634291,0.05722144796262496
1.5014500999969205,0.221626096086918,0.049120308634571425,0.8262500000000002,0.2720143189006909,0.24292683831607986,0.042781660561740646,1.5323292773021315,0.19406874616247657,0.04863029541593584,0.7573009405912322,0.11857335098613543,0.24377256980200723,0.05739955686427045
1.5828691032935729,0.1651726827117882,0.06043606615761151,0.8260000000000001,-0.6322508233735057,0.23599421423888423,0.053943512710267885,1.5411010726133592,0.1962627950704928,0.049152300133791814,0.7573793603564811,0.12075923130026105,0.24509669358881192,0.05766693455561711
1.4933241738057481,0.16543877224005635,0.08550342292942587,0.8286250000000001,0.5542639287858973,0.2412087804481704,0.06036672531415921,1.5486490276115856,0.19815994229100592,0.049603300462302775,0.7574272728480415,0.12204994650660766,0.24624495075267383,0.057884169413343844
1.5610656435427739,0.21242104922266208,0.04804992077029676,0.82625,-0.3022059920165566,0.2381890423162245,0.05356828994651494,1.5566403187017035,0.20017830329664077,0.050082396317283784,0.7573964952344033,0.11520268254946876,0.24739609249898997,0.05806156906190374
1.531137743879857,0.17470654890752807,0.03815802557763465,0.82575,2.0252908614254497,0.25794542181735913,0.07029879659001695,1.5644345920448695,0.20215647921019017,0.05055148357629959,0.7573931275348426,0.11835628005345841,0.24855063855931858,0.05826810262353588
1.5655176517110219,0.18268675887886668,0.06343714963949386,0.8271250000000001,-1.1686863673289831,0.24566677998436148,0.04956094124920773,1.5728405195314321,0.20430106017410152,0.05105996247989315,0.7574109610728608,0.11876588176007373,0.24979843588534134,0.058546045703275595
1.5955133770438046,0.14755381586968164,0.06946560226476622,0.82775,1.0918577750049154,0.2588905127545913,0.06232138932757446,1.5825339364932418,0.20678964905257066,0.051648617350779934,0.7574525050933899,0.12418622045617429,0.25130248286897894,0.058752105952437184
1.6143326932330175,0.21405544612472877,0.057398764968885546,0.8338750000000001,-1.2042780898614824,0.2466840977279956,0.06133771341509823,1.5907038944586136,0.20889700376462228,0.05214668580580099,0.7574642709141056,0.11193512447913767,0.25243704356301544,0.05896284237045579
1.5906628707964745,0.25382408783729965,0.07583296773680834,0.8278750000000001,1.9940527131977765,0.2685506967067739,0.06365244179450047,1.5994763446087743,0.21117147736100003,0.05268358183508088,0.7574467936005985,0.11412068653017526,0.25368848053407556,0.05917446001630555
1.620883709208141,0.1781357562826495,0.052104571762214114,0.8305000000000001,-3.4039675178800652,0.24497910038493353,0.06415102589346705,1.605032194634341,0.21261726374552448,0.05302447980964775,0.7574097891317415,0.12894353819438253,0.254581381249098,0.05931108289914366
1.5861495153150675,0.24172414353178664,0.05920507695810603,0.8315,2.479558037687926,0.2695934806041791,0.05573137036452487,1.6130038737052594,0.21470155749668263,0.05351485094492549,0.7575299835148631,0.11644302054070957,0.2557373020776903,0.059443423399110795
1.6204090991986606,0.21111028808801846,0.06460864208354804,0.8305,-1.9387313738715226,0.2526583623360863,0.058706545427355025,1.6200082296397915,0.21654011742612558,0.05394743782603071,0.7575671114779967,0.10988645907164529,0.2566971772855302,0.05966516133970279
1.6496762389759383,0.1616384609822522,0.06329883665085372,0.8325,-0.4449645246625904,0.24902220995058633,0.05517773176274775,1.6265749427550618,0.218270400293832,0.0543540173354512,0.7575639496325001,0.11501817254951767,0.25763708053469125,0.05980030973924233
1.6365512179550574,0.18958223822053616,0.09028019947588645,0.8311250000000001,0.5882398950398926,0.25412976251675845,0.06084868202555347,1.633538974894633,0.22011224310580363,0.05478678504113861,0.7575677146720862,0.1062007292887519,0.25855919719488707,0.060005462154463896
1.6183425719742925,0.1897336598529382,0.06591437294198575,0.8325,2.177216341116503,0.27481073740535766,0.056605260265647814,1.6411677768309416,0.22213906553494847,0.055262277534305536,0.7575547231660373,0.11812968719753443,0.25968128922055955,0.06016612670722887
1.634994147969173,0.21134409996496656,0.05305662849878692,0.8317500000000001,-1.425307693251941,0.2585994960630047,0.06449492272694635,1.6502908207922862,0.2245762521703548,0.055832916886895,0.7575421574848833,0.12034243569815209,0.2610500464917549,0.060356629896134883
1.6802744361833333,0.235130768723444,0.07012618868696993,0.8320000000000001,1.9788497692249707,0.2744508958701535,0.043287116748228556,1.6567163213437868,0.2262990455233604,0.0562362081096427,0.7575535953612355,0.11322501503763928,0.26195702538901333,0.06054887059994263
1.625125682178825,0.2801620094874848,0.08028718767933436,0.829375,0.32241287510579547,0.27768983860260565,0.07467547893481143,1.6647465819593312,0.2284620594876563,0.05674230522610548,0.75758156079021,0.1150932853520585,0.2631132464612107,0.060779826619604904
1.6370075554501056,0.18375244928036755,0.07609839435245831,0.8330000000000001,-1.8171666573617442,0.2608378968551395,0.051614589779798256,1.6721896543120578,0.23047582656158158,0.05721295281463335,0.7575952264685184,0.1204082762383823,0.26422988221328225,0.060962769189943256
1.6910299295338898,0.21419557766042258,0.07550785956570302,0.832875,-0.48921171452003137,0.2561862319843815,0.050384800484791575,1.679817734505155,0.23254818130371252,0.05769708075396955,0.7575574231370215,0.10958637037968638,0.26527188315945605,0.06117016099468531
1.6690585743653883,0.2043556159355161,0.03180001715890687,0.832875,0.32723037739963273,0.2599507349908001,0.06958706830941276,1.6890434679943958,0.23506726708405962,0.05828473862983565,0.7576037669162249,0.11130347966610453,0.26655233360894526,0.06137102194269639
1.6473319765650503,0.19555237033249048,0.012504205513220602,0.832875,-0.07275083311679437,0.2591645041400996,0.04429676400984174,1.697707207742616,0.23744451507539,0.05883858406509072,0.7576117434430515,0.115400533531324,0.26779948715705615,0.06157027218910782
1.7411040616642903,0.23908789584232212,0.08852178414821311,0.8355,1.3791354335404993,0.27572253815359105,0.054485575330896256,1.7073586963746732,0.24010690507970614,0.05945769395933949,0.7576045940549041,0.1132238728035388,0.26915886397489874,0.06175833018703658
1.6754480142608295,0.23842048212521574,0.07233409746559134,0.8386250000000002,-0.643940873942306,0.26943236819735583,0.054303971842603035,1.7152380328455783,0.2422899654893307,0.05996503070386871,0.7575432257750737,0.11494917316101347,0.2702817152563912,0.06197123357045875
1.70965685651512,0.18594282589447564,0.06362244183497108,0.8336250000000001,0.9773646458327512,0.27818573009942016,0.06296592950518237,1.7224171473425247,0.24428670960749205,0.06042843301362675,0.757554690882802,0.11101893441039672,0.27127601038975735,0.06210812948555233
1.7048279270938516,0.24304825397692273,0.07847835415347357,0.8365,-0.7946510186960803,0.27050605436777664,0.06455064855018523,1.73018804759462,0.2464575052896587,0.060932060646408076,0.7575088184709827,0.11684482892139192,0.27240522356123,0.062338807596554524
1.722820069741298,0.20865491480734089,0.10371736174510093,0.8363750000000001,0.8684474864083919,0.27950642282512295,0.06455184868571529,1.7385173150121138,0.2487950108465758,0.061473543731621595,0.7574450743170094,0.1152692473230783,0.27359984466837295,0.06251007171807066
1.7134699887923275,0.24747321886104096,0.09401729722589561,0.8391250000000001,0.08548796539118902,0.2803839448247696,0.06050528584632844,1.7467913223599507,0.2511278160266964,0.06201318838203776,0.7574474459369673,0.11792117838438701,0.27481028905996707,0.06269208382066616
1.7681736342296672,0.2870878283718907,0.08546185235490009,0.8376250000000001,-1.3249491697245788,0.26928959174147105,0.052523261942464525,1.7535267374183863,0.2530339116564899,0.06245381487318007,0.757458366864206,0.1163745167555492,0.2757847415207002,0.06286433047533135
1.7582249696206376,0.2651864808277791,0.04905467335658039,0.8387500000000001,0.8308258390222415,0.27771062200480934,0.06275571473838294,1.761687854563986,0.25535387402049897,0.06298939879909334,0.7574779878826727,0.11635133354324345,0.27696404776627936,0.06304163550761777
1.792731599186844,0.2589689224187425,0.05223873426377744,0.837,-3.319937587494036,0.24337469041223025,0.07182771317541686,1.7699951818620832,0.25772558714333693,0.06353619526073087,0.7574913910749356,0.1096733133923916,0.278098326735968,0.06320778103610047
1.7560324942287222,0.24092836732483117,0.020429636007444033,0.8376250000000001,3.440856331092423,0.2907766534437686,0.057382636664935836,1.7810636921045353,0.2609049413590458,0.06426777181663682,0.7574388294060709,0.11717866892330325,0.279712604810352,0.06344124895250358
1.84861118243592,0.26174219821684996,0.08155952178016271,0.83775,-0.6439157082650357,0.28252470177035294,0.057130858086590006,1.7913571734192355,0.26387792065827403,0.06495122977205593,0.7574265655745691,0.1137276717153283,0.28117005527922423,0.06370352846854077
1.734498842325669,0.27864522565415933,0.09156092808368313,0.8402500000000002,1.1839734748090238,0.29284911027651495,0.05950490305273231,1.798380182794258,0.26591390311727886,0.06541857612512064,0.7574207690765623,0.11429908320469788,0.2821667587121923,0.06382664904673829
1.7517854913815583,0.27788898185253813,0.09374129921583287,0.8393750000000002,-1.3804726015567215,0.2796394715460906,0.05959488188944086,1.8060761404773893,0.2681544818683511,0.06593211583829485,0.757475369550811,0.11905479103534064,0.2833059850734614,0.06398102575525533
1.8582137876834075,0.2628013174758736,0.08389550958569914,0.83575,0.5439526704395142,0.28388493347308685,0.06800685641737647,1.8123245497334108,0.269979548821477,0.06635001441352247,0.7575165526381241,0.11193907740480764,0.284179651326228,0.06411035923009534
1.8271781410243733,0.27442561714971325,0.06783153382775105,0.8422500000000002,-1.5579143933544617,0.26968619597850596,0.07176369252355451,1.8196753080644696,0.2721353353690927,0.06684318895127112,0.7574045614640531,0.12016391417688384,0.28527481796760235,0.06429137461469026
1.831628740295206,0.23086208253810242,0.06023367965619536,0.8410000000000001,1.880450289746843,0.2893809181566449,0.07280495435640326,1.8281067784325462,0.2746196196158569,0.06741054592448126,0.7574134981058744,0.12042201291996889,0.2865360467815319,0.0644574578168382
1.8438310519095924,0.25111035053574915,0.05569804088510601,0.8407500000000001,-0.55812411057453,0.2827901530814376,0.07965628390214868,1.837606380144598,0.2774329620668502,0.06805278041693963,0.7574646610254284,0.11756777202045421,0.2879243787871224,0.06473289839429475
1.8551985890036418,0.2964730363618755,0.06945569189140094,0.840875,0.9874910275714438,0.2915851177349733,0.06332245141538752,1.8447700462937768,0.27956217059757255,0.06853825723658848,0.7574001840091498,0.11037561722371411,0.2889074253414612,0.0648695297091555
1.8543157391968517,0.30264772066377754,0.05369446966595963,0.8380000000000001,0.812802872617475,0.29891560830274866,0.06667771173540835,1.8519972119462065,0.2817177357504352,0.06902919312302604,0.7573853779570422,0.10545737553666384,0.2898585222466483,0.06500381504486041
1.8218030351660934,0.28180819787090117,0.10876684565363498,0.8431249999999999,-0.8950632708675207,0.2928479149077572,0.06956084275095667,1.8574614668793303,0.28335227811068486,0.06940104966838999,0.7573639865759088,0.11848814895171969,0.2906617612825686,0.06510591223259699
1.8831802303013123,0.32570076353218747,0.04817296672897119,0.8423750000000001,-0.24379610184978678,0.2904694398652583,0.09060331663433413,1.8653155934848014,0.2857112886093132,0.06993655321711173,0.7573597974675227,0.11468388763574638,0.291780617418695,0.06520679441007715
1.8852228481702777,0.2985884279958033,0.07077395050178861,0.8427500000000001,-0.3068591748291461,0.28788986553159157,0.07695736459563078,1.8720842681360805,0.2877511687978161,0.07039885583909616,0.7573717117244071,0.11101345929096823,0.2927138385630128,0.0653021334781494
1.9156673345842894,0.2785702470888614,0.03653373797780687,0.844125,-0.08838184858585683,0.2870762362986903,0.05774747840529913,1.8795062469581298,0.2899967664684724,0.07090689510114866,0.7573838654589853,0.11844498859464345,0.29380422427855546,0.06542397288159663
1.9327341667641151,0.2510697682857117,0.08170281773173638,0.8440000000000001,0.4794754207696334,0.2912403407205342,0.07316114610960214,1.886504928242996,0.29212161078551546,0.07138736017618229,0.7574517804757621,0.11029574641145512,0.2947621107216296,0.06559573561700871
1.8976591867277188,0.3332159175463515,0.07630870861641709,0.8456250000000001,-0.1428327256518347,0.289832209130342,0.06422527705445172,1.8944621586018633,0.294547063881629,0.0719350460030387,0.7574589783247141,0.1118597898928753,0.2958648923362883,0.0657432341751698
1.8568474585690307,0.314955101694232,0.06965816147925044,0.8433750000000002,2.8966328244468884,0.31116129674251214,0.0783845501748951,1.9003880332706613,0.2963588555036901,0.07234362038926082,0.7574433710425513,0.11568980571960057,0.29671676350932863,0.06583932856916563
1.9531298850769692,0.34769871737135755,0.058602805931039725,0.8438750000000002,-2.166727824654599,0.29426205012579,0.05483998207189478,1.9066668338893842,0.29828438176656874,0.07277765846324079,0.7573851987823279,0.10884778793185326,0.29756571444401203,0.06599362825167043
1.8800341080077427,0.3619926342704636,0.07809633801523048,0.8470000000000002,0.5002295638024636,0.300862014294931,0.0686924956895223,1.9173225967031218,0.3015695540252739,0.07351768962427421,0.7573760348401216,0.11280293962181831,0.29905402184035745,0.06626928681913524
1.9272151645575788,0.2603655987038357,0.06764123998222951,0.8473750000000001,-1.308300008200915,0.2903055166733801,0.06664705481148375,1.9238401615220442,0.3035856877001987,0.07397154332808292,0.7574783639087278,0.11749173014902382,0.30000204688208765,0.06642738687318195
1.916102281047633,0.26250771941712425,0.07629471690002815,0.844125,-0.6062232102092756,0.2852406298827104,0.0489328091034555,1.9305608008627155,0.30567164044394785,0.07444032797914847,0.7574845656855737,0.11375051907252288,0.3009524121795222,0.06651962122668698
1.9211576622613862,0.21830886623060627,0.11894911287635246,0.8470000000000001,1.0803561331871898,0.29902097240926695,0.05452495536349719,1.9408512788887176,0.3088825562259262,0.07516015215356596,0.7573402205540066,0.11777461907848354,0.30245467105692425,0.06667634535432976
1.968568257968092,0.3353410983028923,0.08411230297960601,0.8447500000000001,0.8578639648987649,0.3113378407184073,0.07032013744649279,1.9523972758682173,0.3125065699660083,0.07597194615061151,0.7572702361908343,0.11725318703152145,0.3041381455034404,0.06698237847346844
1.9596113491710923,0.3295497846030663,0.09182563290411422,0.8443750000000001,-1.1019100877476897,0.3022551814710872,0.07371211706204238,1.959020862497101,0.3145923150224845,0.07643864060509305,0.7573036747501777,0.11266161593086679,0.3050667757783878,0.06710523582875583
1.9752837082170567,0.3151644555832298,0.07245294934065546,0.850125,-0.27387358035439224,0.29966772615792925,0.07094047690039242,1.9666620265986665,0.31700667657911624,0.07697816684246087,0.7572740735910456,0.10311719686110288,0.30604098854674255,0.06722552894535516
1.943882446777291,0.2781015265407135,0.06669389469287741,0.8438749999999999,0.25470418652120896,0.3023452614662725,0.0650510506148026,1.9750986809562436,0.3196829137618551,0.07757561923611635,0.7573206659400173,0.10787595799756935,0.30717501657511903,0.06739922760443129
1.9732733898282893,0.31540999638278294,0.08269300687033482,0.8496250000000001,0.6252911034143581,0.31021958138672634,0.0705884541398436,1.9852692249634498,0.32292542140942543,0.07829855435298451,0.7574144483301758,0.11525020607141521,0.3086263677754624,0.06761954505858547
1.962271578203304,0.3257912059004469,0.13375242992335418,0.8472500000000001,-0.7315550131799377,0.3039869416194514,0.07255389153920011,1.9921287626059032,0.32511915377243844,0.0787869608616623,0.7574328645734414,0.10587807388190562,0.30952841872429016,0.06771373424585247
1.9871435169279055,0.3461931855028365,0.07851663805566576,0.84375,0.17349444588295557,0.3056580545623273,0.05727184014311265,1.9998491675128598,0.3275972629133988,0.07933795416488551,0.7574342089631931,0.11055098159066751,0.3105932549802497,0.06784933162476481
1.9985464588493762,0.3337666510706951,0.0921812748011592,0.8471250000000001,0.4520382095066263,0.31070551608649133,0.07146932237762699,2.0088310912987377,0.3304928217080423,0.0799810131017874,0.7575557394773378,0.11317505057200859,0.31185696831519305,0.06803627277522573
2.066018344441822,0.34823599778441827,0.06904194295520161,0.84625,1.6952225505599845,0.32876327947257256,0.05133833376875842,2.0173873087684338,0.33326296250278264,0.08059463411761124,0.7576127853907426,0.11742706993624628,0.31310781897390383,0.06812402139314733
2.0105077916061878,0.3270382545131885,0.03108812037506433,0.8496250000000001,-1.9141729227735826,0.31070159189426505,0.06901531222187451,2.0249941014811568,0.33573438464310384,0.08114131787328266,0.7576155061725955,0.10923124802907629,0.31413849945852323,0.06824469401439126
1.962414593604228,0.3687502971948722,0.07100448166466991,0.8515,0.6573866514458,0.3171434982629284,0.05553269334300776,2.0329085804759384,0.3383150996964799,0.08171097855714256,0.757639582936109,0.1087370376314717,0.3152040425657452,0.06832443009716105
2.074428946547251,0.35432435658993816,0.13490834948698635,0.8467500000000001,-1.126523033705883,0.3082015456214813,0.06687593360623795,2.039281883731433,0.3403994942117623,0.08217029890778739,0.7576244602485002,0.11107794368824125,0.31608574110385845,0.06839223784761961
2.053821116590924,0.30228412409536315,0.09980227812207448,0.852125,0.537039302042073,0.31338007565005865,0.06294692572235704,2.047070557469171,0.3429561464644789,0.0827326244678862,0.7576891528102161,0.11253931483158866,0.3171709283872377,0.06848944913866717
2.0441461187491905,0.38208636374666116,0.121311963197822,0.8511250000000001,1.879418896675341,0.33142328409297095,0.07575829958040774,2.054813174513996,0.3455067812788019,0.08329292849544886,0.7576475685269501,0.11048620738910597,0.31823164224592837,0.06862480898680268
2.0432954931326415,0.3799011356258872,0.08218623238161803,0.852125,-1.7264483424104888,0.31355755668721175,0.07814569290259148,2.063165366328922,0.34826926859784757,0.08389856616954988,0.7577222779575173,0.1151981413164634,0.31942374196872514,0.06873603805641881
2.035388241445577,0.3595197219621601,0.042578567018472,0.850125,-0.40254323642388495,0.3098674391468794,0.06596512041281066,2.070544341779554,0.35071793927761563,0.08443447478669347,0.7576478079465108,0.1075653078430576,0.32040979413228676,0.06882134742112722
2.130562253528273,0.3568165831746825,0.06821366569589771,0.8491250000000001,0.02183441739589425,0.3101012269742176,0.06356790456856412,2.0791495607640647,0.3535848992350042,0.08506085399431194,0.7577467916473214,0.11109048869195973,0.3215992741865663,0.06894925520579376
2.0832548545469027,0.40122121116374004,0.09905384193055908,0.8522500000000002,1.3976189754800374,0.32620050299464864,0.07118697752283742,2.088437184157714,0.35669256600978494,0.0857379889957912,0.7578199932828453,0.11229693466646978,0.3228928308562753,0.06902964805074818
2.037809845550921,0.3051990339932891,0.09651157782085229,0.8497500000000001,1.3256174908565455,0.3397657376562382,0.08121844627017773,2.0966606346387,0.3594543468073977,0.08633893300876948,0.7577885791019778,0.10885244705276989,0.3240067336207937,0.0691639936595485
2.1082546556734822,0.3942602411482757,0.09221688234468063,0.850125,-3.032611771497972,0.30783950900404156,0.08113653420695273,2.105120968453866,0.362306955304456,0.08695892716154846,0.7576708235907481,0.1136858614651188,0.32520357683091694,0.06933012390688376
2.1427268717238857,0.3454520924367731,0.08245947361740906,0.8530000000000001,1.1340906716771315,0.3192708401965696,0.08269786430137549,2.1132456221063736,0.36505648953454234,0.0875554835224619,0.7576445535975849,0.11079153096874286,0.3263203258841103,0.06943884471190431
2.1192898720929105,0.3952966966929251,0.11249415745130802,0.8500000000000001,1.5201276358954388,0.3344723089879298,0.08543036611533666,2.1212746209203335,0.3677837906350085,0.08814610690894749,0.7576000683890839,0.11325015439614709,0.3274528417643676,0.06954025882606407
2.0947321811891513,0.36847086681994573,0.08424057998051522,0.852125,-0.5633696847533712,0.3294483680232285,0.07064064063333009,2.1284499571263544,0.37022901560555993,0.08867494721699655,0.7575998314125334,0.1106130030288636,0.3284392512432315,0.06965004187902091
2.100485076755963,0.33042292460618583,0.10109208538120626,0.8540000000000001,-0.5878274425643921,0.323291027578946,0.0630300118363831,2.136893323523141,0.37311733812722747,0.08929773093857798,0.7576565233053444,0.11114442849048733,0.32960346038888755,0.06967669366571139
2.1106350523681114,0.3555067104448042,0.09947221784129613,0.849875,-0.7766175037874452,0.31563818425388934,0.0722253675293733,2.1447950940193636,0.37582970321174647,0.08988182414238945,0.757686684544574,0.10703298801301354,0.3306581709560348,0.06980140635428267
2.194388120283947,0.4046599892386469,0.08903777391690794,0.855875,0.9920996894234195,0.328674128591925,0.09124411908580184,2.1554006154925403,0.37948683882113643,0.09066952105289107,0.7577858811544345,0.10702550873477472,0.3320644596480786,0.07009989421478258
2.156544042060078,0.3711085188811932,0.07957604372294337,0.8543750000000001,-0.5463134913289753,0.32192167616382905,0.07447460656719068,2.16535437712334,0.38293494698605296,0.09141043082751087,0.7578812908205903,0.11414732104946146,0.3334753242293398,0.0702189189876199
2.116852960019204,0.3616967123614443,0.0893364687231887,0.853125,2.5487162080838552,0.34888395828816865,0.07335047216652553,2.173857645117933,0.38589183705861857,0.09204453992350363,0.7578567776630398,0.11162947046103834,0.33465622670346207,0.0703192324227766
2.185871268990173,0.36395346262642,0.1359266343304127,0.853,0.2089514881775698,0.35073431026064883,0.055788315188074374,2.180972273059695,0.38837324633465414,0.09257612438949343,0.757905159798132,0.10473570840956845,0.33558370478143607,0.07043256449870405
2.185288754563029,0.4043846841132044,0.12124134628043721,0.852125,0.25719820170933455,0.3528771269325097,0.08409946402640824,2.187656819272663,0.390711505769893,0.09307669896000849,0.757881641100519,0.10965993253016948,0.3364973236562925,0.07056817761685918
2.1770840632283384,0.44092998021784646,0.12016326388848478,0.8556250000000001,-0.5295500040417147,0.34663547225865887,0.0766399885103605,2.197148540527805,0.3940441759805498,0.09378937970171598,0.7579783150037084,0.0991807430224387,0.3376663387512169,0.0707262983473913
2.1683102311594693,0.3270993667362448,0.08470046457984118,0.857125,-2.593509327588428,0.319678215133421,0.0587003732549298,2.205530239515479,0.3969974921721461,0.09441902731589019,0.7579700597489234,0.10612647844472732,0.3387694305106326,0.07073391940810225
2.175639561783419,0.47836385663368275,0.07237273262787411,0.8550000000000001,-0.35688209561573797,0.3158523623012659,0.06945831167978381,2.214149726684745,0.40004625382406456,0.0950679403319134,0.7580000919776796,0.11220383303783017,0.33997227973641353,0.07085660488884882
2.246101644956911,0.4025391072286741,0.12353692827387813,0.8572500000000001,2.2055060963390853,0.33213588071986777,0.06759661980534193,2.220099940147318,0.40215620451942935,0.09551693202289473,0.7579471268338528,0.10773082255377162,0.34076766943686243,0.07099957675863378
2.230102019552866,0.41706031867694926,0.12044529989069433,0.8567500000000001,0.6435158984218576,0.3394662718156227,0.07194077295679167,2.2292708449684615,0.40542098971031576,0.09621052461283194,0.7579262174181483,0.10857725452871003,0.3420044900682573,0.07112933337001204
2.2456383217239058,0.3896025792001427,0.10579289507196603,0.8576250000000001,0.199173984550631,0.34159377472526353,0.0698237942282145,2.2378761307139063,0.4084943477257703,0.09686198118710272,0.757856997123424,0.09584171082307445,0.34302823581045905,0.07117331809707572
2.2453336632183523,0.4049611375120553,0.09618250023418506,0.8556250000000001,-1.612314541723147,0.32815617461811764,0.06739776851325129,2.2445725970800714,0.4108926622726638,0.09736967261925933,0.7578961734178388,0.10622765891387047,0.34391357472161044,0.07125444948637982
2.255305074241411,0.41349965123611,0.0749234822781339,0.8591249999999999,2.828731319891479,0.3544427623306232,0.07993968225804447,2.252066882217852,0.413585290274512,0.09793830572681482,0.7578906408407479,0.10912491722244717,0.34492764123546316,0.0712854922527173
2.239794016087366,0.37923481321742025,0.12223296237204828,0.855,-0.21988153709731253,0.3521569671432707,0.06691435536720376,2.2604068426634583,0.41659247342541084,0.09857258980669911,0.7579522721969575,0.10938103052242508,0.34606472003005573,0.07142305959782735
2.2557870272252707,0.38943945961127385,0.12927055653763964,0.8560000000000001,-2.037061110325834,0.33162603892824016,0.0850672300900605,2.268498736209283,0.41952047893730265,0.09918863386892132,0.7579755066370367,0.1113831183609893,0.3471873170870827,0.07146661938788235
2.304608823556551,0.4519090165619398,0.09259590928558652,0.8580000000000001,2.4432428608091636,0.3549876997905588,0.0711660469421799,2.276190635733603,0.42231260410584187,0.0997750942448411,0.757990176792027,0.1064221267380956,0.3482048981360166,0.0715459221534065
2.3200264179103742,0.3726546833340051,0.09157536692928424,0.8608750000000001,-0.4707576143511778,0.3503532004823291,0.072813903129487,2.2841336974355815,0.4252053265010706,0.10038130414232593,0.7580363911456274,0.10647167216058853,0.34925308700419766,0.07158936072689581
2.248673625310829,0.4352536412292263,0.13228449532533026,0.8581250000000001,-0.0930975698312268,0.3494574125063621,0.07973319174543608,2.2918694601558958,0.4280311319187577,0.10097234257177871,0.7581114224044048,0.10170803709686643,0.3502317251883711,0.0716423555205905
2.2873246366748887,0.413890726034198,0.09530307760545867,0.860125,-0.3611897874434952,0.34576285859994993,0.07507775133391857,2.300108889641045,0.4310510565001557,0.10160332884983572,0.758201160025225,0.10604604995176617,0.3513164536655573,0.0717802234307734
2.3285795494745782,0.3997600672313405,0.14453120149092794,0.8618750000000001,0.7598473154160488,0.3550384955921131,0.08073558186391193,2.3099573834673195,0.4346746089124059,0.10235888201173465,0.758383448501596,0.10167318525564853,0.35255760243207224,0.07187491193041629
2.364814926715853,0.48954394492059605,0.10717724538618587,0.85975,-0.735860552181026,0.3505129441167085,0.08363224630214104,2.3149057026012807,0.43649867219549626,0.10273875403858744,0.7584248433719327,0.09925426601741978,0.3531680173927385,0.07190572266261874
2.369576303655481,0.4045899738824513,0.10226828636811759,0.8595000000000002,-0.8856376223857982,0.34197121315053325,0.0767379540674648,2.3226607877404573,0.43936605244545746,0.103334513655325,0.7583851807162618,0.1021179937221797,0.3541529173192237,0.07192997588483552
2.300508663580657,0.4023535713686265,0.11158520929206195,0.8545,-1.1020187000190356,0.3306592461666358,0.08443365897268804,2.33086291681533,0.44240948934845725,0.1039648355806908,0.7584892854855078,0.11244340799392777,0.3553071228864817,0.07192430742608913
2.371040631671798,0.4337423036672644,0.10364696483270436,0.860125,1.8136750527645389,0.3496012520665768,0.072649476217304,2.339259754372387,0.4455356588742516,0.10461054983039304,0.7585742864307243,0.10504982058567587,0.3564042622656052,0.07194274592291583
2.34214937728524,0.41910114224773376,0.13453445621660823,0.8615,0.5323803927846582,0.3546280559480941,0.08270370087610229,2.346860342944291,0.44837412578392777,0.10519579735163137,0.7584588418614231,0.10696125470058403,0.3574142041372217,0.07200950177681875
2.3776514774558013,0.44454347554793844,0.13021881755009312,0.8622500000000001,-2.6051819421255575,0.33544110632441626,0.06918318841704157,2.3527922807417867,0.45059459798509555,0.1056531778067345,0.75848748183306,0.10380193644855688,0.35817869681747316,0.07208629732242144
2.378412947352644,0.4521502136023788,0.13496727541488873,0.862625,2.7999150238870674,0.3648177957872143,0.08411943778821303,2.361243233856111,0.4537679758495503,0.10630542944233232,0.7584618296737649,0.09863914550144161,0.3592136180638503,0.07212931033186676
2.326980387826396,0.45830654892034794,0.11774012699267705,0.8613750000000001,0.707404212666621,0.373724740141256,0.079002622725349,2.3713648319904648,0.45758459896507997,0.10708872879300532,0.7584076851264425,0.10935152019775497,0.36059046582357723,0.07228574925249287
2.3875955471164274,0.4498662078774996,0.10543964306372905,0.866625,-1.8650541802863945,0.35936530027622027,0.07955925028274262,2.377589985690324,0.4599372609865108,0.1075707844012091,0.7583756682578745,0.09676888560141918,0.3613355095913602,0.072310008845903
2.410358622629668,0.435928162853724,0.11514513310442155,0.8618750000000001,-0.9500202706342359,0.3486341163848454,0.06498786414554647,2.3866690034591005,0.46338055408209966,0.10827468283327055,0.7584703733790632,0.10298149518519557,0.3624987619938622,0.07236524927677523
2.387234643353528,0.47917375126365486,0.10745269047464966,0.865125,0.36086427363160684,0.35206492959714364,0.07248859135568222,2.394336382683631,0.46629722128052215,0.10886946951314565,0.7584839079459458,0.10489826126539059,0.3634960520194852,0.0723783096318451
2.388423601512706,0.4595301083583671,0.14596663515737493,0.8628750000000001,1.1524044590200855,0.363482968512975,0.077887264419794,2.4023029775054483,0.46933728561731847,0.10948852131164709,0.7585838085082378,0.10593595861033449,0.36454566692554646,0.07247241801832383
2.3554397064180326,0.4505765255509162,0.13724859177480297,0.86825,1.546748098757166,0.3765075963461233,0.0697597244452853,2.409113535786607,0.4719429023350005,0.11001876707787638,0.7584725553893183,0.10190838256724043,0.3654038019748689,0.07258855362877181
2.430741589393537,0.512745630259097,0.1160145957602432,0.8605,-1.3617793220556011,0.36357298637503943,0.09360737270195153,2.4167244376363195,0.4748628011696805,0.11061139519808377,0.7585740129782873,0.0974984131213986,0.3663298726869879,0.07257149264958773
2.4261113651178,0.4683693780167382,0.10012441669115754,0.8635000000000002,-1.1198544254649494,0.3501906510813768,0.07640059386711769,2.4263287838309697,0.47856082715168746,0.11136004695345943,0.7586552569904081,0.10133426163361568,0.3675408238919662,0.0726154291967851
2.400932886999042,0.5081124782146904,0.15020772244164948,0.8616250000000001,2.5540948163323467,0.3779638343446048,0.059681581234371756,2.4350455261862236,0.48192811907455513,0.11204081540950338,0.7587171762994646,0.10126366771770712,0.36864196327937115,0.07272359949425145
2.4289596159701343,0.5160473520613866,0.12297981007295367,0.8657500000000001,-0.6337444328810511,0.3699796257618786,0.07538461061981057,2.445187999529753,0.4858610242032628,0.11283317096146056,0.7588336055476931,0.10108179780634832,0.369915439014588,0.07270974480485481
2.4528360611629707,0.5215176648676653,0.11844259074097178,0.86575,0.4790762102359399,0.37561649290272525,0.07425177098146694,2.4546556596159883,0.4895460918428835,0.11357398651172719,0.7587419256648882,0.10788537533274135,0.37118483105326083,0.07278937113296058
2.440016551818479,0.5069349713121911,0.1527644218508012,0.8648750000000001,0.13323668877641345,0.377036613473269,0.06984229969641859,2.463219923795597,0.49288993677420656,0.11424529760370233,0.7586011126785926,0.09893181998919102,0.3722393087195721,0.07288760823266527
2.4670044960764352,0.4901171342961507,0.1124322628041372,0.8665,-1.076643106097916,0.3634537897846628,0.0687546079393271,2.473370618747874,0.49686866536026447,0.11504198725812673,0.7586406301632856,0.10480326349888724,0.3735614963990672,0.07294365319116469
2.422999661841953,0.49155067806663083,0.11698002107992564,0.8648750000000001,0.2975944195924698,0.3666256968520072,0.09309448083185805,2.4819265313677894,0.5002332679547331,0.11571440843753301,0.7587357471450498,0.10427264926146423,0.3746728853611856,0.07300931301249092
2.5250225268521613,0.4896784630379501,0.11951145599809285,0.863125,0.3717446969479595,0.37080484414227666,0.09125210653875505,2.4909282133466997,0.5037857127365649,0.11642338331810019,0.7589095352415989,0.10730297254182833,0.37587918347550353,0.0731309873252135
2.49270219683739,0.4350041089203752,0.0984487444212377,0.8631249999999999,0.6896752526313483,0.3773947901976369,0.07440984912070535,2.4985761840549823,0.5068125961308967,0.11702687539525831,0.7589258083409721,0.10261851499982702,0.37685971811923613,0.07324011154590027
2.4673669493243056,0.5247650605023276,0.13178630894148446,0.86725,1.3679864180745782,0.3912112050367953,0.08205687372275633,2.506695275761954,0.510036017935479,0.1176681009732829,0.7589446705374642,0.10623262760458957,0.37793264840059404,0.0732726050039898
2.433756924874792,0.5133701841975474,0.11083828681298492,0.863625,-2.625360731569377,0.3677040813995318,0.0657494698779078,2.5138604554989703,0.512888305778515,0.11823427743984852,0.7589807757298653,0.1021033706282124,0.37884686812220325,0.07328327955141223
2.5476572539191285,0.5344508118387932,0.11545864250868106,0.867125,0.6993796717628217,0.3757360204481981,0.07855237504526937,2.523083470929238,0.5165725921327629,0.11896334598879113,0.7589630149615537,0.10445255449328066,0.38004644052191683,0.07327705148183661
2.540145714281966,0.5087969719704507,0.11334962537191622,0.87175,-1.987350551493585,0.35937506846609857,0.09163559432374117,2.5297280863511555,0.5192330269631402,0.11948917178718095,0.758932588512025,0.0966582174502653,0.38084218360468114,0.07333396662592984
2.5387075087301385,0.5358218710084707,0.11646494557850284,0.8671250000000001,0.5932643729666303,0.36600392307376683,0.08633146866173616,2.538694895054452,0.5228339293479934,0.12019876913668161,0.7589017239613893,0.09187874819236123,0.3818687931417686,0.0733042356232394
2.566106367388141,0.4776643568368922,0.11209636578514513,0.8722500000000001,-1.410829666448366,0.3522990906610852,0.09885558713387191,2.5465333272712867,0.5259908925308123,0.12081946025040519,0.758906686444207,0.1039550868249602,0.3828786152891639,0.07332036061174563
2.5754755852786655,0.48769130496905805,0.13462866063002482,0.8685,2.992599717391781,0.3874826984163624,0.07899471541826295,2.5559747126289674,0.5298068497867949,0.12156779853034504,0.7589912160612501,0.10380096425386742,0.38409898979822454,0.0733543627426525
2.564425897832959,0.45207127370162303,0.12733957058401787,0.8722500000000002,-0.908327357691218,0.3773763725726904,0.07752376685212559,2.56494410240629,0.5334440945563906,0.12227908963255261,0.7589461474932572,0.10379087338067405,0.3852537985542335,0.07335759424209298
2.5611995293347363,0.5264478721517449,0.1322902478843058,0.8695,-0.5038913977688824,0.3709613466891728,0.079925515283227,2.5751694259442566,0.5376057472599609,0.12309085123958738,0.7589458077771004,0.09959407647115955,0.3865217276779225,0.07339854845800176
2.5652301735025245,0.5109054257480262,0.17917238666237345,0.86475,0.27358939249309594,0.3739971389198007,0.06725567535283505,2.584028616389986,0.5412237037557043,0.12379580093481214,0.758899792365534,0.10740168877577433,0.38771347421959446,0.07353366683963491
2.5965145176191053,0.5094663595773444,0.12951365078559524,0.8702500000000001,1.1898597703980576,0.38308997543730916,0.06637820717054115,2.5901668447561264,0.543735906529387,0.12428445486077419,0.758873212285214,0.099458083592762,0.38847352688878534,0.07354367399684714
2.633752946828884,0.5498375725374718,0.14540868044247057,0.875625,-0.7147523513758096,0.37601423433019265,0.07889720856088994,2.5981642401240146,0.5470185311421217,0.12492137079118007,0.7589628772344076,0.10292463023694515,0.38949243649530896,0.07354263216802259
2.595378167211595,0.5297283053699047,0.14825527137733246,0.8716250000000001,1.0758643632145748,0.3848814968044225,0.09503329483046867,2.6047897891999603,0.5497446804702207,0.12544954794911373,0.7590389983358776,0.10363560850216176,0.39034660006247046,0.07358849759377195
2.6501703575243343,0.5025247598006047,0.13326203184062033,0.8712500000000001,0.6318433777557065,0.3907087230526445,0.07209620308732582,2.6121973769045774,0.5528012222019474,0.12604048168384996,0.7590842239987662,0.10779694731390012,0.39134076605831725,0.07360983058576576
2.626926717478036,0.625896327962474,0.14084569724428747,0.872625,0.7929483274197573,0.400435695414616,0.07282731426574304,2.622060633366271,0.5568851165516217,0.12682862139677292,0.7591659753610798,0.0994407876885852,0.3925605905538765,0.07369464629497502
2.6359552862202937,0.5520585729027205,0.13654395947633627,0.8731250000000002,-1.498639720594688,0.384016147970319,0.07378677756033497,2.630871253039133,0.5605442434043527,0.12753313395789379,0.7591221585769049,0.09792292540996418,0.3936334635716925,0.07371260137984992
2.703879182866475,0.5236352890993238,0.14080272390532625,0.87175,0.8743165531623724,0.39184268383711984,0.06855928268035405,2.638055916746671,0.5635352141137114,0.1281078229526626,0.7591073447941021,0.09435414291138199,0.39447808452849165,0.07371118530806475
2.688117824778777,0.5388467193152612,0.1256103349172617,0.8765000000000001,-0.469863917335382,0.3878585084830659,0.08551184241825358,2.6448961359247916,0.5663900491014721,0.12865475984911842,0.7590406265656282,0.10658711643836954,0.39538188187641676,0.0736566086882986
2.696967711337159,0.5570887333809297,0.1281550838192356,0.8725,0.32825156852665627,0.3911571653284418,0.06027497828720046,2.652962241859046,0.5697662036450338,0.12929946789457764,0.7590295501077068,0.10169596506328069,0.39640384223690717,0.07359688882869664
2.629247275965836,0.5597498359397342,0.13894640820240775,0.871875,0.3592544252849495,0.39409412765535556,0.08451740062004044,2.659517184345005,0.5725162621631693,0.12982316905875219,0.7590158400932613,0.10186900203217598,0.3972366376047347,0.07354016348942416
2.7261640287335585,0.6070762623986358,0.09979580348889394,0.8741250000000002,-0.26644608172113793,0.3916979008839405,0.07010500568035691,2.6667436469490062,0.5755566358224488,0.13040089162110755,0.7589606374283283,0.11228971347933987,0.3982464915153483,0.07355613576107256
2.6663386401063986,0.5691350539948231,0.16988434484127166,0.8715000000000002,-0.9101833757726167,0.38217008837508004,0.09027656547848535,2.6751261455669733,0.5790938310952748,0.13107081960655564,0.758917194997102,0.10108850859894011,0.3993046874595594,0.07350003131701932
2.6714019758676715,0.6311169518235701,0.18399771433715728,0.8720000000000001,1.4634813685306123,0.39934106851990814,0.08439640651524705,2.6845225395840733,0.5830711184999923,0.13182272166424372,0.7589019189081149,0.09431163325237595,0.40041124283964535,0.07355778003194224
2.6222117405254597,0.5661659852635554,0.14494855469603685,0.877,0.8182996181663839,0.4082712886219855,0.06381974236501899,2.6933084862506855,0.5868011498601644,0.13252607941335595,0.7588251199239524,0.09842351662878071,0.4014853526732596,0.07355607791695862
2.7020473158518996,0.5941475191582872,0.15530875129963012,0.8730000000000001,-2.633790603904028,0.3909855477507995,0.0790295515352888,2.6985667821352637,0.5890374166269621,0.13294709217662856,0.7588213416197129,0.09529751388590073,0.40211079652147497,0.07354715273892198
2.668152681217263,0.6155538994007486,0.16435033518038436,0.8725,1.4621778501362397,0.4062748836864216,0.07032043205416115,2.7069361151435976,0.592606824684825,0.13361710939737928,0.7588435518203671,0.097384690484506,0.40312910441587047,0.07350608122504942
2.7210151653686565,0.6241802856951384,0.11694163518567427,0.873,1.1538580871626616,0.4179381393395807,0.07560706556983396,2.7150277406858208,0.5960671970252076,0.13426532492419363,0.7588983242617873,0.09722854081421993,0.4041118954028353,0.07352400276798043
2.682445731318282,0.6312972625115691,0.16274262313665466,0.8735,-0.28845339254639274,0.41487452332868013,0.07745213705412296,2.7235310277427667,0.5997139107789526,0.13494641126978948,0.7588552138558029,0.09632661482034464,0.40513496452618414,0.0734803937066495
2.781195387700671,0.5880238199968457,0.13651679617621187,0.872625,-0.9813405522333777,0.40268203965407157,0.06526694988162703,2.733463382897479,0.603987059105658,0.13574167608051121,0.7587817038327176,0.09280498027176178,0.40628800279033284,0.07341789065378901
2.7493533267141164,0.5983819487861463,0.1913429293686375,0.8765000000000001,1.4018962182631562,0.4123623329302606,0.07899075307892997,2.7390063288196624,0.6063765269208073,0.13618577638023802,0.7587830261976531,0.10476278247202189,0.40701140474088193,0.07344242032123693
2.808515589112515,0.5272892937950767,0.14240076154778705,0.87625,0.6045867309807507,0.4178721403088064,0.09054962222007662,2.746316909584661,0.6095358569083633,0.13677173384153166,0.7586874363326614,0.09951791689823201,0.4079183458375448,0.07344305693420283
2.71816405109614,0.5995355962077841,0.16509146416438145,0.8758750000000001,-1.0297585839881915,0.4066618181815804,0.08497393995977597,2.7550420585623683,0.6133174645199163,0.1374711354830732,0.7588304824144313,0.09718249738254797,0.4089763094396224,0.0734162255003139
2.801450215308283,0.6407819011301459,0.1438935231204063,0.8745000000000002,-1.513617854966274,0.3951165339154099,0.07262851470735171,2.7611437607157003,0.61596761198254,0.13796045366884377,0.7588361487495235,0.10090316477366687,0.40974595926691926,0.07342322159702741
2.7106923386083013,0.639171369364703,0.19225103327644766,0.8738750000000002,2.0148466280830686,0.41972571664028013,0.07388247021345161,2.770902152937689,0.6202200788663975,0.13874319284863246,0.7588419391191686,0.09955845339207961,0.41096195860760476,0.07340110636563679
2.7794811691418397,0.6133292290794663,0.13880947697433574,0.8742500000000002,-0.2821451432444438,0.4167483701639525,0.09035590495561949,2.7793329551374684,0.6239044712953993,0.13941970367732062,0.7588886123412684,0.09873143298243774,0.41200382550175974,0.07339598540896519
2.7633299358975214,0.670815459398159,0.17314809463303998,0.8798750000000001,-1.6011029962066152,0.3987041379674747,0.08140970199908655,2.7883903663835174,0.6278748779223503,0.14014624168896492,0.7587127895097572,0.1001083506293339,0.4131320341977909,0.07333436965292339
2.7761735212375678,0.6115068295555065,0.1630208658028391,0.87675,-0.42834362327625775,0.39478754184970644,0.0818861897522776,2.795709912327743,0.6310912759422841,0.14073404372674905,0.7587169398531721,0.09774631009745618,0.4140257858444847,0.07338862373531052
2.7831158889974073,0.6054632736452445,0.15936034244296468,0.8766250000000001,0.8044413550888848,0.4038138931488131,0.0803343191387412,2.8046865047274365,0.6350478097202292,0.14145473465334882,0.7587459888393274,0.09969634890776995,0.4151444432367075,0.07333422306390025
2.7804732618958132,0.616968438004566,0.15666815050157276,0.88025,2.5862376510203466,0.4338212517097313,0.08824000818143093,2.814002336990329,0.6391667695762516,0.14220346108053716,0.7587347421374464,0.09989907022319715,0.41630354291144434,0.07337490615359465
2.7784221953073684,0.6009753603349675,0.13947386164635425,0.877875,-3.4102575634323724,0.39852741503111266,0.0835752862193456,2.8222857289130157,0.6428392176094354,0.1428691625024403,0.7588723589605225,0.09731328183750855,0.4173106689164303,0.07333722622499783
2.811239160111344,0.6569673878199895,0.10181940746465432,0.8787500000000001,0.9161414666223481,0.408010946263758,0.08351600647910015,2.8305755633918617,0.6465243423908806,0.1435356909995235,0.7589215835353532,0.09559874976631529,0.4183002690625228,0.07333904206582265
2.8363343357102058,0.6506246931729092,0.17575871799668813,0.8807500000000001,-1.9749088432378583,0.38746100295042885,0.07022977605003221,2.8389235820479626,0.6502459841104757,0.14420718875957594,0.7588688579443224,0.10234410524864498,0.41936521217041056,0.07333608103897848
2.8747420308471625,0.6633504111683954,0.14510516420729402,0.87675,4.132717439148901,0.42343623429452526,0.07083671428749608,2.8458730515411355,0.6533509665304559,0.1447664761560681,0.7589032603604718,0.09414644716054456,0.4201847553079938,0.07334674481817771
2.856529363376,0.6360890390922735,0.178960487883184,0.8783750000000001,1.1821299473425455,0.43499593666144465,0.07876412865887977,2.8536908822034586,0.6568528752005626,0.1453953373053366,0.7589539099231745,0.09752266066932767,0.4211384008305541,0.07327943633021716
2.8904959620181137,0.650252801479499,0.1632885341727107,0.879,-2.387846816921564,0.4116637691576668,0.07939563003319292,2.861504941212469,0.6603620318031925,0.14602421605179777,0.7588734735310931,0.09745059261840995,0.4220906116399754,0.07328553094729529
2.819628723223685,0.5904128589632993,0.18100233133741742,0.8806250000000001,0.7606825339357844,0.4197080560213724,0.07508577729603814,2.8699737197406248,0.6641752386036622,0.14670643796963537,0.7587923145587762,0.09313094450129668,0.4230754798340435,0.07332292278464925
2.860199133254924,0.671163788078234,0.1738426659766779,0.8771250000000002,-0.8965874700961741,0.4093975364822935,0.08330989499137802,2.8791420293289396,0.6683151178334079,0.14744477563579086,0.7587506297348803,0.09219779304559937,0.4241357301479973,0.07326461089277947
2.901258087723945,0.6658560947367604,0.10910172351548697,0.8812500000000001,0.39172634767327963,0.4126928152491156,0.08663110023219689,2.8858779104858736,0.6713630607586342,0.1479871677354453,0.7587720444972388,0.09390132576347951,0.42492564649343256,0.07323068312348235
2.8980845075126926,0.6333988794589943,0.1713827223351042,0.88075,0.416123476265885,0.41677602122338264,0.08479869302715834,2.89372737042099,0.6749235392362904,0.1486189438778531,0.758785257937634,0.09316132978758862,0.4258397907800582,0.07316764356096561
2.8717435927011925,0.6676771407797718,0.15306974377409774,0.8835,0.5442356524224204,0.42342776913737934,0.08266931572996061,2.9035301891553553,0.6793829238194162,0.14940754677439402,0.7588489421218818,0.08905595754201527,0.4269282490190074,0.07309536243254788
2.9327169165107,0.6662882494724294,0.18386749736915728,0.8798750000000001,-0.7187449393249544,0.41704199515873075,0.08711616011195777,2.9106242149653205,0.68261707012042,0.1499786009087466,0.7589072126717948,0.09217414331701612,0.42774718104022025,0.07311467714558573
2.895777524198615,0.7301239913188126,0.17300714211228,0.8811250000000002,0.9819320362412649,0.42565022507047745,0.07622160154069485,2.917631330830487,0.685818691864509,0.1505422752520062,0.7589625977565876,0.09562110381864307,0.42858545539700454,0.07303726535374411
2.896645602484584,0.649096752012766,0.17396599568544102,0.8803750000000001,0.43168606543408805,0.4300980848707652,0.07130312748949356,2.925856018854966,0.6895868229496127,0.15120338525332355,0.7590025434322512,0.09941598993889221,0.4296097840018911,0.07294712870099973
2.943595923049843,0.6949694096612921,0.15725296119633073,0.8860000000000001,-1.2012884689705592,0.4165636748920103,0.09051184953110503,2.934902449996569,0.6937433425795159,0.15193105537076923,0.7590766498380626,0.09651614984537286,0.43069719071170276,0.07296157282484783
2.9371923065960424,0.6559540092483027,0.14514908867945095,0.8805000000000001,0.023497114926532423,0.4167990487602866,0.07760640649973934,2.942892661029399,0.6974226711468519,0.152573763343288,0.7591740193050295,0.08358223159661869,0.43153444555050235,0.07293327447109377
2.9309206103227967,0.6763238244288537,0.1555855277729109,0.8805000000000001,-0.20096683437339719,0.41438876491225196,0.07844060329978911,2.9524541536883473,0.7018389459349924,0.15334364699631142,0.7591574931072168,0.09638075949650145,0.43269038249203806,0.07296883360126172
2.9389346452130285,0.7054996333370545,0.12903762633409407,0.881,1.4996477585205368,0.431312576260662,0.07384515549959354,2.961451884575467,0.7060060881854566,0.1540676387048088,0.7591456807883536,0.09133784786922088,0.43372114754838265,0.07288419180327965
2.9325604567472907,0.6949918159597678,0.15401908031330125,0.880375,2.153495780959093,0.4555668180138146,0.07578143726572471,2.9704209148590435,0.7101716246208418,0.15478907822330748,0.7590319610247647,0.09520942809882918,0.43479346564006693,0.07282365668746849
2.961449187266292,0.705142080207679,0.13730281472458353,0.8815000000000001,-1.4314066469171338,0.4400630024799006,0.08898995032050844,2.979053303684728,0.7141914167120987,0.15548286383368645,0.7590765407867944,0.09324577616023119,0.43580342693654295,0.07272945750933557
3.0171164327732836,0.7202878419981258,0.138777630894241,0.8852500000000001,0.5007209017334531,0.44681846833622707,0.08663907831379594,2.989845476654744,0.7192332999763299,0.15634981458857491,0.7590352538738973,0.09227087655324662,0.4370482975898966,0.07265258001037544
2.9992066070307777,0.6990842351121913,0.1705417971151112,0.885,-1.5524469139248138,0.43177175314308247,0.07615844712301115,2.9975931954250017,0.7228613312630974,0.15697133338604038,0.7590179730932132,0.09238320322715675,0.4379436993811727,0.07252150492160014
3.026223359404193,0.7430133951676999,0.1793836914312145,0.886125,1.8460631680273842,0.4446844417587976,0.06834013801977894,3.0031899962725133,0.7254865681287492,0.15742027746198448,0.759031763483598,0.09252688814583215,0.4385908987381075,0.07249492559877657
3.0228707581872616,0.711938699382852,0.16893652402264162,0.8852500000000001,-0.9161113702602802,0.43331881456413157,0.09392973554724636,3.0131015079817467,0.7301503733604772,0.15821503384783034,0.7589469069381365,0.09799028844451023,0.4398066036439876,0.07242737113701825
2.996469851255063,0.7216475512907602,0.16024927155329058,0.883375,1.2201375009834337,0.4446825052141321,0.07320774058350027,3.020523338034696,0.7336504590837813,0.1588098484842835,0.7589082718803685,0.0921836125311183,0.44066515118880023,0.07236107074049958
2.9734891075739815,0.7392095781909682,0.1519888305607955,0.8860000000000001,0.395089276179287,0.44869733158592906,0.06655002377734397,3.028641587818992,0.7374886965199919,0.1594599878466518,0.7588948941357617,0.09639007990466086,0.44164464989482255,0.07227354639717465
3.004723950279995,0.7396616673803658,0.16543098393918537,0.8868750000000001,-1.9677576871239897,0.42515443707447,0.07778648242569619,3.038204199166136,0.7420232150682283,0.16022483464054987,0.7589155628261605,0.09567024682071906,0.4427892799188968,0.07214406306654109
3.0184659575173045,0.7550287786573001,0.15586222014458906,0.8845000000000001,2.807637608618302,0.4464829669412862,0.07206445083405202,3.044257563371052,0.7448989937983866,0.1607089380208162,0.7589337256635978,0.09439890898535554,0.44350639167986916,0.0721102254077719
3.0226388683667946,0.7482640199530939,0.17161854819023784,0.88575,0.5669726625919549,0.4510882189367944,0.08292379065431538,3.050737084812336,0.7479826792595264,0.16122657781591168,0.7590043863184371,0.08448431723752482,0.44419261801178545,0.07201129624616787
3.0806004969132856,0.7556868644729957,0.14297614506215592,0.8828750000000001,-2.420444861291509,0.4326974777554775,0.07773531261352132,3.056776490912242,0.750862310975361,0.1617089404260477,0.7590428200514466,0.09596076669820766,0.4449217358909534,0.0719689804707202
3.087328175297702,0.7351779862936678,0.18804923619003702,0.885375,-0.2314103127167619,0.43065903161913166,0.08983859602187501,3.0637954231908804,0.7542157877468116,0.1622697853850497,0.7590750793872231,0.08957612781924404,0.44571079368841415,0.07197373763659831
3.133085670435001,0.7169069282957253,0.16342746096109614,0.88775,-0.3008491791158862,0.42745214335992854,0.0960750661910115,3.0723076873719624,0.758293240673814,0.1629500802163451,0.7591523144252579,0.09415214182096371,0.446714404198743,0.07195256730932886
3.0524366899027977,0.7102294635157945,0.1830469159482282,0.8895000000000001,0.5184786204852064,0.4330445998492056,0.06817491213448959,3.0809344232208855,0.7624354808246264,0.16363836866931916,0.7591321030321112,0.08697285879276591,0.4476525179595212,0.0718002548675023
3.13159266034672,0.7068939724571575,0.1939935652914391,0.889,0.9668303621783165,0.4431135688682799,0.08323602570365829,3.0892555397869605,0.7664401521028348,0.16430155245839864,0.7590463368489389,0.08603078317254298,0.4485484779172735,0.07169180343231574
3.1377032762176285,0.8128963396031278,0.18335672940134204,0.885375,-1.267386947308016,0.43312548095647063,0.08029012969396408,3.0955243432084485,0.76946311352817,0.16480098640087887,0.7590919104195797,0.09855400715528516,0.4493251673802816,0.07163895031108058
3.088217666415797,0.6961218869795731,0.19323791203132795,0.885125,2.4169092177043923,0.4489196076987425,0.0869961748959017,3.1007196020100407,0.7719720164928636,0.1652146718865335,0.7590737888397221,0.08671281643653081,0.4498918221817716,0.07158159001673026
3.117444853845923,0.8021674843855727,0.1366258005448899,0.8892500000000001,0.6822462053842249,0.4557976935436572,0.08808983476280358,3.108768214689047,0.7758683747790212,0.1658545679592248,0.759140663154379,0.0949830168341916,0.45084939635138754,0.07143788115958793
3.1478816201956907,0.7452861129422078,0.1687492814794981,0.8860000000000001,-0.9077100572201472,0.4473629467471891,0.07743967232114368,3.116156679480113,0.7794528351525548,0.1664416623128462,0.7591593468538353,0.09060703461315886,0.4516913473564048,0.071370384795721
3.117427757738712,0.8096058288297276,0.2014126961481098,0.8912500000000001,-0.7531848405974356,0.4393120947423501,0.08215796986057738,3.1247022157280924,0.7836086072937348,0.16712008962987868,0.7592058275531532,0.08828496553806019,0.4526350322973225,0.07127402330991206
3.12392901206704,0.7121864712320475,0.19030534438793975,0.8858750000000001,1.2909256249443575,0.45358060587721116,0.07224364259375009,3.133481126998022,0.787888617759469,0.16781721837337868,0.7591696950428427,0.08952073275663021,0.4536244987293596,0.07125751955221205
3.1173497673709796,0.7751433696593404,0.2178002849390056,0.8880000000000001,-2.3935548633362025,0.4291487245658212,0.07232733527257677,3.141604532771965,0.7918577023080953,0.16846160698508447,0.7592124845642024,0.08429649128506278,0.4544849435437195,0.0711521248539948
3.0742614049468417,0.8301201128169825,0.2156932501737501,0.886625,1.4941119273124919,0.4457934297027535,0.07232625810954978,3.150452326875754,0.7961916250619622,0.16916326775889012,0.7591501404180879,0.08925538532656953,0.4554792663541374,0.07109846197931846
3.1554326342537964,0.8119000153965492,0.18831623287973773,0.88975,-0.003167463022376695,0.445760666044702,0.07367299201605304,3.158693116315961,0.8002371834644812,0.16981566708886564,0.7591678885173271,0.08478687362108228,0.45635628626406266,0.07094618819319543
3.1406373911008654,0.7845743558953145,0.17803436682073492,0.891375,-0.5023665803895464,0.4403375700504992,0.06286635195359619,3.1673052449627166,0.8044751138767064,0.17049632884291033,0.7592098697975692,0.08728067766998962,0.4572984896508334,0.07079575077825018
3.136809152217449,0.739879495169527,0.16452571958955242,0.893,1.7682478594849984,0.45615099316229024,0.08487084620820143,3.1744499216014894,0.8079982770930401,0.17106073365521274,0.7592823829400895,0.09256026012998517,0.4581262551413565,0.07073244886159635
3.1894990420926557,0.7622845473374719,0.17485304785486147,0.891375,-0.722502659157816,0.44912062115687457,0.07553878971773337,3.182206361712811,0.8118315238003992,0.17167324013886537,0.7592689696314922,0.08961936523483999,0.4589983038023604,0.07067616954078071
3.141507026259538,0.8476525605633597,0.17691760124707265,0.8935,-0.5594944212160678,0.4433605342522515,0.06545754956655482,3.1904290372096855,0.8159038682059598,0.17232149698598906,0.7592256696948235,0.08240527864808844,0.45984667967245585,0.07053089815530145
3.218187058202345,0.7999253521783922,0.17399502387446586,0.8895000000000002,2.382054025963322,0.47011288924931316,0.06462936897955344,3.1993543577518464,0.8203356362999512,0.1730243421958047,0.759215639451018,0.0915474421590365,0.46087483001876084,0.07041452784865188
3.2160171854833037,0.8119068005247753,0.16814414167513647,0.89375,-0.957559580050854,0.46110283939609076,0.08501440542285663,3.2068648891657427,0.8240726678976542,0.17361474046062522,0.7590678360383496,0.08806619989457765,0.4617034790845369,0.07026273151430562
3.198101340210795,0.8268039583159204,0.19528758900671872,0.89175,-1.4798369633709336,0.44514760590868496,0.0765655097720437,3.215447701491892,0.8283531304079073,0.17428854542584948,0.7589743356245324,0.08565926828701984,0.4626270359760789,0.07013873605944587
3.2158634408862237,0.7829927228507065,0.22185188496794123,0.8915000000000001,0.5592432563063576,0.4505170356442836,0.06393220588846148,3.223085349266789,0.8321705129865666,0.17488778501940103,0.7589951713404958,0.09057086356079376,0.46349662873825936,0.07006597121616753
3.1898881297462736,0.8381719427374512,0.2072620454777705,0.8936250000000001,-0.08366087940184351,0.44969517737189335,0.07077733399713004,3.230915305021407,0.836092357930317,0.17550126655685014,0.7590144560429711,0.08676518997950618,0.464348982785336,0.06994002863764948
3.2570682430044764,0.8178107099622238,0.18292357080636187,0.89425,2.2618801999916176,0.47512838841681493,0.07278585140704562,3.2398797218910427,0.8405928433972838,0.17620257209576698,0.758986812797467,0.08256372128532838,0.4652773522666691,0.0698022551777231
3.2457668308009846,0.8419860926928358,0.21013546450753381,0.8940000000000001,-0.1720310155451769,0.4739223805608761,0.07688141870958075,3.245465338782824,0.8434016769564266,0.17663899276964795,0.7590230140995783,0.09454778394156978,0.4659401709440676,0.06969089121646199
3.254421413944316,0.819028255121702,0.19734238378676067,0.8928750000000001,-2.711322490576595,0.4520818875273891,0.07691105594579116,3.25187319219168,0.8466296105281508,0.1771390155910299,0.7589655872304303,0.0869149034697064,0.4666402958278959,0.0695774267631033
3.267820007452338,0.7922654394006772,0.19013019038423262,0.894625,0.5771015440706643,0.45656984574590087,0.07189004038135646,3.2580694868934756,0.8497561985785181,0.17762244539319957,0.7589517513603433,0.0864798322496168,0.46731282543359143,0.06954179929237636
3.2386700092341587,0.8292229456080923,0.18932860827361986,0.8885000000000001,-0.09894047728412791,0.4559267746121032,0.07628050514579456,3.2632113188835494,0.8523542839518342,0.1780232891131937,0.758941975557657,0.08508758086773703,0.46786585861680097,0.06946755160895624
3.2195276731229643,0.8648467209197959,0.18800918862058796,0.8895000000000001,0.15094937862205154,0.4572826930046494,0.07423387233508826,3.270322599769729,0.8559548214802363,0.1785767544537864,0.7589068058558617,0.09126375423220273,0.46868564472036667,0.06932504779965898
3.3026809497648952,0.8618876727364615,0.2057924753852794,0.8930000000000001,-0.1621943187719267,0.45547841893568375,0.07253953364582146,3.279159831130837,0.8604396360977943,0.1792634039293694,0.7587982220990911,0.08420609769534267,0.469622366053585,0.0691772358821332
3.302248014804627,0.8548239796569075,0.19622063563839695,0.89075,0.9917866900079554,0.46497246949791293,0.07950734287838504,3.2867425234790706,0.8642950868219884,0.1798512862235241,0.7587861696657486,0.0799773043577261,0.47038796270763683,0.0689995005351709
3.273726378461326,0.8849683054742676,0.17956372119643865,0.893,0.9663873207750124,0.47492305544670854,0.06973752757448165,3.2949158513660475,0.8684596644269057,0.1804836807377834,0.7587964753629198,0.0831986148495009,0.4712446326474047,0.06883069913713324
3.3113246820039506,0.8565916627321517,0.17939063172022945,0.8921250000000001,-0.8005232561790743,0.4656099069791866,0.04952751979413448,3.3041366052212946,0.8731702305561788,0.181196646331062,0.7587367539374236,0.09091071844639896,0.47230227214962417,0.0687483765013206
3.3463381675154262,0.8692180258776332,0.2018646311247667,0.8962500000000001,-0.06142912302329569,0.46487327785682053,0.08751130868325514,3.3136797104746685,0.8780583154629144,0.18193322472692822,0.7586450772011369,0.08893493376521659,0.47336873800462786,0.06858921205701307
3.3506383427875144,0.8571307413222903,0.20499462385968586,0.8945000000000001,1.5643684139726508,0.48035472619460773,0.07120605880828391,3.321536673704715,0.8820910149153293,0.18253945392151463,0.7586652448004664,0.08427270099586266,0.4742027253538357,0.06853682913990022
3.309116324813281,0.9050889859665865,0.19097843366381634,0.8976250000000001,-0.13312076819874077,0.47875323292245664,0.07970873963510104,3.3311160560074753,0.8870209745352124,0.1832772482460914,0.758661394527976,0.09063246123099206,0.47529306819713435,0.06837534349554009
3.289458835661243,0.8892456247266128,0.1752907482474213,0.891625,-0.8932009768147997,0.4696977917223526,0.06862128736774237,3.3391311873568044,0.8911549380377658,0.1838936233359203,0.7586544191283185,0.08785818467630747,0.47618379116535303,0.06824008080089783
3.3015633299748592,0.8673411962389973,0.22354445286806665,0.8972500000000001,-0.4811778759147155,0.4654904192111595,0.07273848054611166,3.346085041458201,0.8947479682777228,0.1844278461647212,0.7586373025184393,0.0836486117616415,0.4769152064845974,0.06814591818095117
3.338975302338915,0.8430837063944486,0.2199156213833024,0.896625,0.9372473818931064,0.4740272427692487,0.06777731120022601,3.3533209768038708,0.8984937533424431,0.18498215764214848,0.7587075060808883,0.08384966244562232,0.4776789427057193,0.06792583342486136
3.398385646024777,0.924072199552004,0.15992362991132636,0.8967500000000002,0.6201088603255828,0.47885119065828885,0.0643887978722164,3.3594997294130517,0.901697495615571,0.18545495198637038,0.7587735025114728,0.08566764749057826,0.47834536806054206,0.0678264766834773
3.339557988614608,0.8721379977504632,0.2270500811354227,0.8981250000000001,-2.360435766750998,0.45839140736180184,0.07200589999317232,3.3663923744551876,0.9052775321380971,0.18598162339502128,0.7588195239803823,0.08088988618075243,0.47904650535283677,0.06770581520670094
3.351048345641703,0.9004898866327251,0.19671927166353456,0.897125,2.7507710466269764,0.48442188491842497,0.06423172728293947,3.3739058975203524,0.9091876408703122,0.18655533570067967,0.7588712516000364,0.08401870041133139,0.4798415722116638,0.06763081751019362
3.3593422466102614,0.973495923587698,0.20545570105140984,0.893,-0.6811231659572556,0.47678964270007995,0.09232476904520413,3.38275762895196,0.913804912010166,0.18723042202125398,0.7589078079454719,0.08521044541420805,0.48079638742194986,0.0675167240134642
3.371901491748481,0.932129020299634,0.22526913941302734,0.8975,0.837206014386461,0.48732266112198497,0.05939156150259094,3.392741365819832,0.9190249350176223,0.1879895537946044,0.758875803352917,0.07676040333036184,0.48176212193467194,0.06728060827846472
3.3938188322224287,0.9596777849602605,0.23608961520891253,0.8995000000000001,0.5355935396396451,0.4915681652830135,0.06961882767384725,3.399043483959037,0.9223252742206902,0.1884683796412032,0.7588855309971775,0.0826641075187724,0.48241737780776317,0.0672062175820769
3.364172009147711,0.8995626334398815,0.22380869016479685,0.898,-1.970961322987403,0.47069718043331843,0.06354602971779512,3.40744465440002,0.9267341569205424,0.1891054082666838,0.7588777607045402,0.08197132735885018,0.4832853919648459,0.06704141095988803
3.441812244774237,0.9513183530118929,0.20913919519785124,0.89575,1.5530665534715984,0.4838037949840497,0.08309651935555332,3.414120747403146,0.9302440029591638,0.18961065919841782,0.7589423545523607,0.0872694788972344,0.48402187516280826,0.06688730940571741
3.413450105684311,0.9244186065225689,0.17752463998182294,0.89975,-0.8583998534482166,0.47460857658281386,0.07926262116195333,3.422629166440411,0.9347259522879958,0.1902534055193098,0.7589701147028831,0.07550923134715457,0.48483073349468864,0.06673716567428833
3.499958868331448,0.9386601565196572,0.16516977685059386,0.9000000000000001,0.7034467038070845,0.4815047249123756,0.07056097340721017,3.4304148158163983,0.9388350854225617,0.19084043224472055,0.7589389651365523,0.08113731945266615,0.48562615266003606,0.06658262384090996
3.3961411231236136,0.9913138019838359,0.2237431699231695,0.895625,-3.5254560162472597,0.4559323316882775,0.07179430677563771,3.4361457705944423,0.9418640710687921,0.19127225066860676,0.7589152997697204,0.08060226126173024,0.48621081254807264,0.06651800275014086
3.4880947630596566,0.9270648317300367,0.2337819499093708,0.899375,3.3382136562340308,0.49396274879206015,0.06996431772703823,3.4451797995967635,0.9466501825237459,0.19195168132809923,0.7589637906225816,0.08615285122320578,0.4871923042092128,0.066359967317005
3.489361614440743,0.9397877543952274,0.19125526026967848,0.9012500000000001,1.1920918546084467,0.5048018427054872,0.06282703281044394,3.4524022495359206,0.9504834346904615,0.19249399502984899,0.7589608246187504,0.08191353428684393,0.48793710293213266,0.06622768342813945
3.4425770011679697,0.9159504480850046,0.20276562644270366,0.9010000000000001,-1.3832770517884287,0.4920768701091327,0.08445678062434664,3.459704255738204,0.9543665979219175,0.19304161173716886,0.7588172915513417,0.08925063904339217,0.4887581329163764,0.06611814930390958
3.449742815368035,0.9732078309228583,0.19757468070085868,0.9005000000000001,0.0431090382775326,0.4924387864954394,0.06359034822037724,3.4663620791627077,0.9579132429141975,0.19354038957979275,0.7588217355452173,0.08440498305438486,0.48946674409569946,0.06602358338331138
3.4411168340687186,0.9335083483891726,0.19764139750254264,0.8976250000000001,0.9532986853878733,0.5010361822680118,0.07172236384982895,3.473488603428037,0.9617161676889777,0.19407356142821916,0.7588579680069367,0.07997536465470105,0.49018800792678574,0.0659096227436824
3.4499099579309784,0.9854695983230083,0.2315247087795284,0.9015000000000001,-1.7698118428876637,0.48220213548503477,0.07301160264659826,3.4819302451449325,0.966230390814255,0.19470437087551304,0.7588691800173298,0.08238213606958812,0.4910647050802437,0.06580052366687816
3.4848992783934634,0.9093710912474171,0.21503659851595533,0.897375,0.24104173995180964,0.48454412920672985,0.08301917227585946,3.489599187293579,0.9703390645230667,0.19527651971172172,0.7588574547630307,0.07987394743393163,0.49184077101577284,0.06566799526266687
3.4938666671988976,0.9797423693559962,0.20677948401733312,0.90175,-0.5584767149442811,0.47868403694424444,0.06695629100875873,3.4979178179713055,0.9748053024537603,0.19589588590680704,0.7588684748313156,0.08443764799678907,0.4927267746654289,0.06550471953489811
3.4535418323972076,0.948416517846907,0.2652094361318803,0.903375,0.7081716264302934,0.48615020739045356,0.09046707618633469,3.5062875431013674,0.9793075688215019,0.19651817300059285,0.7588573617463938,0.07558565048733205,0.4935236653184343,0.06538420294418534
3.5799240326329143,0.9947039062908138,0.18415993023864885,0.9016250000000001,-1.6545081143646423,0.46632755810870474,0.06615822294697773,3.515775917256598,0.9844229099646605,0.1972217873633777,0.7589524114761675,0.0772456763764832,0.49444914518646765,0.06518137587844697
3.5108589459012998,0.9763953771961486,0.22443047670148275,0.899,2.173047678980709,0.486940698924228,0.08331503575516858,3.523263285187479,0.9884670220188925,0.19777590672510365,0.759007287593383,0.08229428256984275,0.4952297740016256,0.06502416816257339
3.5267881522530495,0.9640404914016656,0.193004013657934,0.898625,1.6865389880361532,0.5000699213727451,0.07006735454226616,3.5294031988702126,0.9917885997239378,0.19822992540175344,0.7590149512088805,0.08514567862209968,0.49589260869628093,0.06494683010282953
3.515233688437965,0.9734293613306554,0.2115952558034274,0.9006250000000001,-1.52606939670873,0.48236624420153973,0.0713160712523502,3.538569277692737,0.996757064075144,0.19890674249649293,0.7590268446025478,0.07117949752549943,0.4967183502045751,0.06482497179117797
3.533546497871215,0.9635559102974618,0.21833858649173035,0.90425,4.0013798285518885,0.5203904273592084,0.06086752991751201,3.5461046144578527,1.0008494901570337,0.19946198685091496,0.7590575868438544,0.08527582284683775,0.497528706543084,0.06466186159204046
3.54007507010519,1.0191752111228325,0.2330198722812915,0.9006250000000001,-1.9508726749619876,0.49762005869382087,0.071492163501806,3.5553183898124487,1.0058644845358424,0.2001388977103603,0.7590695417422821,0.07903208855810681,0.498451160281844,0.06443872600598732
3.5591072104569155,0.9670973399539379,0.21159348758653104,0.901375,-1.4240396052341084,0.48256074635211155,0.0753860916108656,3.563669894476628,1.0104183800314783,0.20075154165352718,0.7590632916204152,0.07185131426753907,0.49921099264868296,0.06431599863666371
3.5665282138963925,0.9947365831603628,0.21011585937352842,0.90375,0.7291048824857514,0.4897083756566465,0.07322561282177126,3.571429584493406,1.0146562023247943,0.2013197229605429,0.7590115798163023,0.06716274819386905,0.499869408795242,0.06417483464217622
3.5994520683421762,1.0176146310839742,0.21255627095783544,0.901875,0.4583318862065413,0.4945314771887843,0.05914710144710964,3.5797384115252298,1.0192021927645998,0.20192671755467748,0.7590209156425465,0.0727919122996208,0.5006354100146755,0.06400128200013766
3.5923657523470585,1.0612127437330243,0.19737599684624035,0.9026250000000002,1.3714091072683507,0.512259022851496,0.06469132772701698,3.5899478329785692,1.0248015391163066,0.20267006748296068,0.7589972296526781,0.07861252773138266,0.5016515963354702,0.06375270168087388
3.61706851222017,1.0181731508799627,0.23246836961383577,0.90825,-0.9722802967178537,0.49950710901671913,0.07252916016953304,3.600365319859679,1.0305289065997785,0.20342636301270633,0.7590377458196256,0.07820957493184795,0.502677351731267,0.06353228015702816
3.6036496012615427,1.0155325065329064,0.2261001619973008,0.9012500000000001,-1.9135452233805479,0.4801725108733246,0.07050846162022603,3.6083255452427214,1.0349137781099476,0.204002831081369,0.7590055224752078,0.08080103091017082,0.5034937711412355,0.06334670857332592
3.6189921245054935,1.0354389500170784,0.22983556148759593,0.9028750000000001,2.4586803809048203,0.5053501008858641,0.08123608570204585,3.6164042765348627,1.03937211802675,0.20458613175481202,0.7589731578752925,0.07591683622876894,0.5042711812480807,0.06313079912142117
3.6140127832171,0.9700512355519212,0.22048664942025004,0.9013750000000001,0.6768331735106258,0.5132110851828267,0.0649430009916994,3.625547632073876,1.0444281502255341,0.2052444087435516,0.7589238952926703,0.07335633733566242,0.5051231681755053,0.06292083467885412
3.658258919482121,1.0000792382840162,0.21857925497334751,0.903,-0.7252528878574814,0.5068785334634964,0.08225499003971701,3.6324314032142744,1.0482406645593527,0.2057389708219,0.7588766247108222,0.07606515467025712,0.5057873317163235,0.06276665475247167
3.646156584631421,1.0293351748850088,0.24661989690477096,0.90475,0.34631127430802505,0.5105146652443402,0.06183317176520339,3.640721522897252,1.0528408951984798,0.2063328044688896,0.7588497679378269,0.07753401536875965,0.5066014082950954,0.06255276101467144
3.6396206427715296,1.0235381178593004,0.24417893238624055,0.9021250000000001,-0.667390490238521,0.5038666512701173,0.06709460711916881,3.648560406897491,1.057198717797615,0.20689317731517792,0.7588565407555106,0.07815190232098865,0.5073798954721545,0.062399387331205425
3.647012742950847,1.0014627072292543,0.2527055235644936,0.9051250000000001,-1.0522503709955904,0.49284868251221425,0.04836215149833314,3.6568242853802264,1.0618011650679813,0.2074827927621671,0.7588528885903102,0.0737737469219463,0.5081523702187969,0.06225272842314933
3.656297136410613,1.079037548438213,0.23241713377055584,0.90625,1.7416564128231615,0.508088083452753,0.07605704639460861,3.6637358991760656,1.065656869656621,0.20797504875645112,0.7587931754645308,0.08050799448460055,0.5088568108867935,0.062117921420523636
3.6665136167651307,1.0644227849285306,0.25250140807593496,0.9092500000000001,2.218343379103423,0.5249822074571573,0.06884115580412949,3.6697695955049476,1.0690272927146292,0.20840383056424586,0.7588209718920325,0.07420746467073756,0.5094219488730989,0.061961805807765113
3.669361143339728,1.0638506595409276,0.21756270522121096,0.910375,-2.718357795571163,0.5062512955264209,0.05312342106083225,3.675234049921838,1.0720833447481082,0.20879155544879263,0.7588417640490834,0.07300359214699405,0.509924981938636,0.06184832793088413
3.6608716967800987,1.0424672382380686,0.2223933156170197,0.90875,-0.3548295271993278,0.5032977215691958,0.057590167852724757,3.6818212516493363,1.0757726451115948,0.2092578878385045,0.7588383548215643,0.07416624374131395,0.510542336102334,0.06168769410688668
3.7079495895263412,1.0697517981721283,0.2508995519964721,0.907,-0.3922561695690404,0.49964503718902487,0.07263853865878628,3.6891731868111863,1.079897496770334,0.2097766323196455,0.7588142035602802,0.08053801774105358,0.5112923050823905,0.06145783617696621
3.717405776583608,1.0870018734874383,0.2444674823873033,0.9052500000000001,0.7683192886690788,0.506990332948769,0.06567252821733616,3.6967035607222996,1.0841296087139896,0.21030675802766977,0.7588571215762948,0.07546601528131888,0.512013776234066,0.06129354616053462
3.7562841949619914,1.0693009494573342,0.22259962316012005,0.90225,0.4137468264163364,0.5123300860811675,0.06684824832573619,3.706830319295934,1.0898334571845654,0.21101711085072444,0.7588628100780516,0.07296025626122682,0.5129553901197506,0.061042239435351586
3.693877111687534,1.0957253572629044,0.20821281889958343,0.911,-0.16852517015362187,0.5103652527983527,0.06437833067988069,3.7160626907401006,1.0950447832036123,0.21166384167627844,0.7588707242178951,0.07920945884903888,0.5138788924127224,0.060927447002883106
3.7387433193203914,1.062284199070053,0.2255928975695293,0.907,-2.334339700831446,0.49039062702307845,0.07348360298935847,3.722806151715713,1.0988576044110163,0.21213544980656796,0.7589802132564996,0.08396629666144338,0.5145973805372019,0.06080328379446476
3.669792006340362,1.093743599555683,0.2166299965246551,0.9091250000000001,0.5501039199606654,0.4961785798967302,0.0671251117768361,3.7311137074195617,1.103563547485415,0.21271492797929686,0.758992690076002,0.07596650659684927,0.5153966668978409,0.060617669653213024
3.759357527808527,1.1292525161812315,0.26540077585458954,0.910625,0.6161909408258759,0.5019642324228193,0.07921364290831877,3.7385364777566625,1.1077756538232562,0.213231332023919,0.7589962076175798,0.07995339509753677,0.5161473799182166,0.0604334538153215
3.6983532943444994,1.1361846341899127,0.24670488949495478,0.9067500000000001,1.6350355090383764,0.5176171700541801,0.06492347479271957,3.7460694161555916,1.1120577997860501,0.2137539523674881,0.7590053695214345,0.07888451932551341,0.5169025772544558,0.06024108532828443
3.720640823206698,1.1436180763394386,0.21682102767272526,0.9101250000000001,0.6800151679110704,0.5246063581121989,0.06137256147307147,3.7541835280948797,1.1166782744968256,0.2143147318649086,0.7589358562341695,0.07207942291709195,0.5176434087324191,0.05998510664076884
3.7687702709316033,1.1172212889241164,0.21191342772135904,0.9123750000000002,-0.13278807815675667,0.5231551495166213,0.0680767702749095,3.762828878100847,1.1216105720066212,0.2149094467433172,0.7590082340488835,0.07442408145722461,0.5184567714094599,0.059679132021337455
3.7476546444197534,1.113832923062316,0.21783069678220807,0.911,1.7434959336616827,0.5397028651725702,0.07902915185333373,3.7703229442311623,1.1258925565902318,0.21542313008082045,0.7590505075044757,0.06903821521384078,0.5191120208612632,0.05944506411119299
3.7527058339647614,1.1045984982205286,0.22293147289609164,0.907,-3.6416202935970565,0.49747544724012993,0.05834465072385337,3.7794343480817245,1.1311088998628995,0.21604534762067237,0.7591954859244573,0.07302228139697152,0.5199587709742151,0.05919550934615625
3.7674552249256057,1.0675426662747545,0.231281005363512,0.9081250000000001,1.2616154457529538,0.507930571341364,0.06227576267275917,3.78595191585804,1.1348453601889597,0.2164887167280526,0.759216976732201,0.07118282940973451,0.5205486696773907,0.058948010399689554
3.811790568585203,1.0859022452691143,0.2575167423047055,0.911,0.6465118274165439,0.5144018370337173,0.0709461598545896,3.7938458876969277,1.1393784531249411,0.2170237678525114,0.7592374883798741,0.07191560633071564,0.5212685095569678,0.058710214921318116
3.7728835528967433,1.127443413493065,0.21674031186677006,0.9090000000000001,0.3306368879788733,0.5189965360489253,0.06710707208395722,3.8047753423818778,1.1456688546469864,0.21776097689131446,0.7592754031679793,0.0702220674143939,0.522244351260436,0.05839394909529938
3.8074014699489442,1.1338812238409326,0.2824879248560838,0.912625,1.391048138319347,0.5333724894231322,0.075868154283167,3.81293244161727,1.1503717124480393,0.21830919855989883,0.7592007226054588,0.07191161852649337,0.5229875304837299,0.05815863370790009
3.807253088210475,1.1849673091290458,0.21856529319035997,0.91,-1.0463725173164082,0.5206592498432703,0.0719461534079949,3.822489837579025,1.1558934899758917,0.2189485427116611,0.7591369688304732,0.07492822846495481,0.5238978951043647,0.05785830826627114
3.8512070016581106,1.1866161485826592,0.20986113276328,0.9092500000000001,-1.2171914260270666,0.5083202392187283,0.06824230973086051,3.830454282722325,1.160502707808912,0.21947934484899095,0.759131634217669,0.07208840494701957,0.5246286754693323,0.057619334094482166
3.86062304160987,1.1314881422336616,0.27246118905255634,0.9121250000000001,0.27356122732360355,0.5112941686344641,0.05384657654050939,3.839018904798352,1.1654673215704892,0.22004871058815975,0.7591529923402321,0.06481294184339163,0.5253332676959217,0.05745129116531755
3.7879465515328117,1.1811177352377082,0.2657140854453235,0.9091250000000002,1.177632295942573,0.5229701870085144,0.06813211315390467,3.846801394665483,1.1699856919081233,0.22056451117353776,0.7590964073665067,0.06914970353842771,0.5260188749197185,0.05725461119980313
3.882042384754934,1.1466704582609375,0.23622403511896015,0.911125,0.4868741202524132,0.527714477649293,0.05809603307215048,3.8544641801710036,1.1744411366751308,0.22107041340337089,0.7590998776279237,0.06580773398709391,0.5266601310544337,0.05701240116990558
3.8393291742864633,1.1854669390371808,0.24802377246153742,0.913375,-1.9840410472728347,0.5101938547826594,0.0679584864349064,3.8614231479717223,1.178493337501058,0.2215283795646714,0.7591382060534824,0.07273753871006838,0.5273024599950258,0.05680924334128035
3.8731328596397514,1.1940057297630624,0.24916075792010503,0.9117500000000001,1.4619243963249164,0.5257567008275563,0.06175248815777902,3.8697935169438575,1.1833761734043273,0.22207710179509108,0.7592299915109025,0.0735285400712314,0.5280852045418101,0.05656454410989342
3.8447524035186866,1.2110562376541745,0.24428033924554995,0.911875,0.3736997907516545,0.5290163698309489,0.06411054895642389,3.876650549540525,1.1873820117268603,0.22252497152185605,0.759250013557597,0.0723709738943524,0.5287164744172208,0.056337232397309034
3.89272165692627,1.1640257964950183,0.21626587775237852,0.911,0.5757733407998902,0.5353489425915967,0.05505166137006617,3.8852846006268575,1.1924346289724714,0.22308626149475544,0.7592168252800007,0.06792345460078845,0.5294635222361013,0.05604897608248871
3.967290630416901,1.2145417484076122,0.19324025640933984,0.9156250000000001,0.05605180989107155,0.5360007091417831,0.06540072157934537,3.8944548365919407,1.1978113131083714,0.22368031416064438,0.7590774270495304,0.07187214000416617,0.530299246485435,0.05582522467085527
3.902876836171741,1.1327510551196933,0.2266037698874,0.911,-1.1749920154739053,0.5236047817716578,0.07480024846467177,3.902729384851146,1.2026709154762851,0.22421402307862048,0.7590678886085791,0.06882592516108994,0.5310253460318517,0.05556040972062082
3.8928056388552754,1.232203238543156,0.28038098879366313,0.9111250000000002,0.7765960471956691,0.5310372927911233,0.07354607123139406,3.910234295258449,1.2070848856650078,0.22469593572740967,0.7591065509768191,0.06594211503967942,0.5316564534118715,0.055293145380672204
3.90804875960123,1.197463400098698,0.28178861325607635,0.9135,-0.2973020239136006,0.5278618252237139,0.06658838971199339,3.918627961284965,1.2120304122872896,0.22523267611892533,0.7591726210213626,0.07322651422354404,0.5324385820295321,0.05503832335425107
3.8784531650148746,1.2024807046340271,0.23999770587750238,0.9152500000000001,-1.0924495693619203,0.5174431441500027,0.07125718980696902,3.926133995707996,1.2164600258949991,0.2257109085931038,0.759138937855916,0.07335794996640597,0.533138196095349,0.05481576680779865
3.9749716728713462,1.1467135264229111,0.2267352839370973,0.9112500000000001,0.33861234009460073,0.5213044492530825,0.05866955617617459,3.935065440168349,1.2217409412056683,0.22627646121297448,0.759234857936821,0.0735863107103701,0.5339773243946406,0.05445262000158779
3.9465994154750024,1.1995155064981835,0.2518758705065215,0.9131250000000001,-0.8290485679627142,0.5152914504606705,0.06451777875297589,3.940756237051085,1.2251094970853686,0.22663575037867875,0.7592138242054547,0.06722063521044636,0.5344648683262814,0.054277021091363675
3.9132215338577483,1.2562175192638338,0.2556398341590027,0.913375,1.1707973504185407,0.5264100316387945,0.0411770070011771,3.948206507829468,1.229526621564068,0.22710461284962724,0.7591926037233491,0.07409795499018894,0.5351685461466973,0.05408046642377862
3.9197194782662432,1.2059884475750624,0.2592774881987167,0.9121250000000001,-3.1498939407068147,0.5043173621925177,0.07452848500787107,3.9536999411470113,1.2327870841150075,0.227449415046225,0.7591699643891382,0.06738521683617044,0.535641171368102,0.0539229802264356
3.956772665718598,1.2437768109521807,0.19716698455508383,0.9128750000000001,4.526560784862879,0.5394317444535099,0.05893654713673088,3.9597788337033895,1.2363996053279038,0.22783024114742095,0.7591790447710653,0.07175034805504513,0.5361977681462538,0.05380322010253247
3.993752547255596,1.2289834021752941,0.3115500710719943,0.913875,-0.9317236070174043,0.5282083944289804,0.06908635323799837,3.9692241402928556,1.2420229965107328,0.2284196572925826,0.7591375720758621,0.06687788015631481,0.5370033652699497,0.05356826101195811
3.9401868043145494,1.2650836853966478,0.2716892335314475,0.9128750000000001,1.772621293246172,0.5483148433020979,0.06389654492271915,3.9781045013294727,1.2473192897816836,0.22897185503179115,0.7591260806000496,0.06776895552336,0.5377720534520258,0.05335436657478754
4.0151361929417515,1.2430881617670815,0.245588033987871,0.9187500000000001,-0.739144265789968,0.5417211001773707,0.05900002560247617,3.9851314537738736,1.2515151956540158,0.22940794780040624,0.7591598100869247,0.05875882429335043,0.5382962279760442,0.05323335729855039
3.985077689738386,1.2129871576007614,0.23561358848199182,0.914625,0.5538568884501253,0.5460114112282994,0.07735256818220736,3.991203988772081,1.255145491327741,0.2297837268445708,0.7590644016700834,0.06717349820902686,0.5388165703383141,0.053064259181727635
3.9642868940342564,1.2452166457428646,0.27004252903943043,0.9145000000000001,-4.089715492554937,0.5233003755771204,0.05771601295301878,3.995555774774609,1.2577493341615011,0.23005239857493945,0.7590741074568633,0.06854328405239807,0.5391972053655176,0.05292943039001452
3.9853861547553566,1.2958349393235544,0.26072078830626005,0.917875,2.8515856522866763,0.5494914961112327,0.04348787705834372,4.002777439154471,1.262076310703961,0.23049677413674877,0.7590530035618597,0.06629611785652927,0.5398061190807102,0.05273516164370218
4.062590125932605,1.2690844429471653,0.25341864422077787,0.914,-1.5190047376469575,0.5287865159287497,0.06391881636961234,4.013443180276436,1.2684816422586154,0.23114880942397315,0.7592203319183185,0.07476715240642431,0.5408252419119357,0.05236096961609249
3.976860847590421,1.255636667920815,0.2613362463812691,0.914375,2.7433707712484225,0.5580097968400475,0.05602452367624956,4.021778635666887,1.2734951084556505,0.2316560021357935,0.7591609976342479,0.0628163287997916,0.5414943819500126,0.052095553304221554
4.003750620258754,1.3310860144417787,0.2504241731817622,0.9175,-1.680429036703722,0.5426159887494286,0.04956408823420595,4.028968863382255,1.2778255952724125,0.2320915046088798,0.7591099042640544,0.06500199436858008,0.5420898419218183,0.051838590938678486
4.062691801882103,1.303199786404682,0.2613079090582007,0.91825,-0.12353686986340869,0.5412944382208189,0.059590156250422334,4.037369010691773,1.282892557778687,0.23259797317605058,0.7591087799062478,0.06344623611053049,0.5427685656660972,0.05158185835038109
4.0466259236166895,1.2965154913589145,0.26822061813174364,0.9172500000000001,-3.6166313847542573,0.5135962408278774,0.06253558690526455,4.043374505633186,1.286519125275285,0.23295864549452913,0.7590865468821081,0.06466436680774007,0.5432638017589104,0.05136518080643837
4.023901252571397,1.286018211992549,0.26108514411159195,0.9165000000000001,4.368461962030303,0.5553325917476291,0.07603577156308722,4.0508572419323,1.2910446838841991,0.2334058291831507,0.7590460169746078,0.07092386178460164,0.5439414093951345,0.05109242710059991
4.08455497836955,1.3031764750430923,0.26059330491128135,0.91625,-0.8151946115863767,0.5470590053818003,0.052686877373799866,4.058800539944684,1.2958567647752037,0.23387845455385503,0.7590756311542314,0.07239348247180497,0.5446761465009011,0.05084610468049444
4.0937329613790014,1.3087958197822733,0.2831708614606841,0.9180000000000001,-0.40440891255761197,0.5430671460626844,0.05804871692282107,4.066537892271504,1.300550712799828,0.23433661932435212,0.759049486876962,0.06347792768064674,0.5453027275412832,0.05058359857428529
4.082090403139597,1.2257018802121287,0.22397949917996807,0.9161250000000001,-0.031947569809850966,0.5427097738639177,0.06581725632375501,4.075284804931253,1.3058655826724945,0.23485089744719367,0.7590943223486227,0.06318450210804752,0.5460095225989581,0.05020452167732525
4.062034544545102,1.307998367191173,0.24053328564632334,0.91825,0.49926735740560513,0.5479605526049918,0.05613460108784295,4.083524402738733,1.310879456456492,0.23533227041932375,0.7591239046550473,0.061186988925621154,0.5466530241936756,0.04986665374424826
4.0752948912042655,1.2965267311784363,0.2576151619125836,0.9182500000000002,-1.407025298436807,0.5324797721980015,0.06082095192756072,4.092140440888722,1.316131604817891,0.23583242189239445,0.7590626839740162,0.07084429601993594,0.5474324877832721,0.04952531221498857
4.1046233437687745,1.290601306798608,0.2429682210472611,0.919875,1.3012685371846742,0.5441488217807429,0.0602357315640799,4.09917266670079,1.3204243449619295,0.23623856364613097,0.7590199053063778,0.06991058481778631,0.5480594068682154,0.04925563137473077
4.065630367543687,1.305109071589374,0.25025158491109684,0.9191250000000001,-1.7106126471167178,0.5247389737209707,0.05149059446571112,4.108059594991124,1.3258582291206362,0.23674908880409423,0.7590545531357287,0.06472307594359443,0.5487938016899441,0.04897176040424922
4.154585885194974,1.270203608997543,0.28458904176553496,0.9185000000000001,1.632664421950773,0.5450548790404586,0.06713568954214236,4.117794587709019,1.3318205411854986,0.23730489082560907,0.7590991346140734,0.05934871108104001,0.5495323017631653,0.04864890082820672
4.172462692627052,1.2668014476278162,0.2563077773912104,0.9156250000000001,0.6384916336528316,0.5505106468494523,0.04734076787358689,4.124456584174163,1.335905415994478,0.23768384731429365,0.7591219723689469,0.059459459811751915,0.55004036951172,0.04845526784084031
4.121178030677972,1.3624588780943403,0.2231608915797008,0.9217500000000001,-0.6054142431058357,0.5452626398086631,0.06640035433835861,4.13125792655432,1.3400810284354452,0.23806919949289265,0.7590851419289113,0.06526318587056298,0.5506061006005627,0.04824712076285831
4.148354837297582,1.3446481287337617,0.25190922944334443,0.9195,0.20881462260623784,0.5477691829878335,0.06100924513569306,4.140648636619402,1.345856683197178,0.23859848756302426,0.7591412370575527,0.0665048372065522,0.5514044031523735,0.047972536287766765
4.180863015133859,1.2630268701407077,0.26204679982708706,0.9202500000000001,-1.0476264860459685,0.5375936036699849,0.03909025596551465,4.148251044911006,1.3505381387919424,0.23902496534747447,0.7591333950569588,0.05575682315155267,0.5519459682846479,0.047731252688515635
4.213447826410942,1.3239099407895667,0.2623088191772517,0.9192500000000001,2.441427455784566,0.567148870362244,0.045117321201565926,4.1577117067607245,1.3563737577955273,0.2395523502662103,0.7591035787857936,0.0625015494248864,0.5527025952970765,0.04740953689908611
4.2088099117866085,1.3720842226956746,0.2731200880843217,0.9182500000000001,-1.280957515883467,0.5551895993727021,0.05359561961644666,4.164997162575268,1.360874229588721,0.23995678947814195,0.7591080309919491,0.07009974250427368,0.5533570602629405,0.047193649508535884
4.119583643582449,1.3431039948542058,0.27211575660489884,0.9225000000000001,-0.1382088708992551,0.5535058603544045,0.061202512011797466,4.174543406407479,1.3667813158592572,0.24048369479635884,0.759045753584934,0.06251529489282638,0.5541186571167933,0.046901484058281984
4.170175061613499,1.3937463751989394,0.26037532216633036,0.9208750000000001,-0.7535366406198599,0.5458218748771788,0.05824509319976821,4.182516484066563,1.371722723993858,0.24092144291151874,0.759059526492786,0.06912827533927715,0.5548235739518068,0.04663359128801092
4.202801991734026,1.3928782316942994,0.23982223441446013,0.922875,-0.5036795875666754,0.5405899821206686,0.05301342841693176,4.190652503528146,1.3767727846072613,0.24136605203906936,0.7590688761914612,0.06552076386435675,0.5555041606150843,0.04639667259324254
4.182628436564746,1.3266242093465719,0.2554881781404234,0.9223750000000002,0.14206964186583987,0.5423441269327665,0.05333027864401483,4.200314153696192,1.3827794518033218,0.24188900178845532,0.759120914871609,0.05831667182471345,0.5562242010543832,0.04593471388913928
4.258346521756584,1.3675808210769334,0.25233435672472654,0.92325,-0.06846242244186901,0.5416966542332284,0.05326557231259218,4.207719017268342,1.387389023217379,0.24228752253747768,0.7590799992684739,0.06128656984391451,0.5568038092453724,0.0456576255995218
4.260471733575327,1.3625786695339137,0.25952103335781784,0.919375,2.155935035444415,0.5602125074388193,0.05333733805840805,4.21441309598494,1.3915610551267308,0.24264590922509177,0.7591086404827307,0.06176115846727862,0.5573342336436902,0.045404652158071546
4.19441725319709,1.3388463709090388,0.27951496253597363,0.920625,-1.066768754150485,0.5502625913193468,0.054105038495533865,4.221690544374247,1.3961021605966788,0.24303375824917708,0.759094827494194,0.05826529871290546,0.5578776830394601,0.04518336663841982
4.222384867623247,1.342056452240893,0.2743073587862265,0.923625,1.2992529503096657,0.564136665152291,0.0640153949776222,4.230046379757179,1.4013233696386997,0.24347691467541244,0.7590951493826859,0.05800257598104467,0.558497063600782,0.044946649068393185
4.210760915526292,1.365205545451922,0.2830864690102545,0.9233750000000001,-0.49766436264581976,0.5603288552619032,0.05672602663457159,4.2360300151608685,1.4050666044140014,0.24379250489536616,0.759130782725342,0.06773663912644018,0.5590153411061998,0.044683917470151435
4.23597054434599,1.3754657465398266,0.259467518070544,0.922875,-1.3879896547367365,0.5451217541874227,0.04449645405040992,4.244590235452117,1.4104292039502855,0.24424161622383525,0.7591545012005573,0.05751508691039399,0.5596454882668569,0.0444317921463222
4.24225613222255,1.407647963614583,0.29776982129109225,0.9195000000000001,2.9302514832957907,0.5720561658414707,0.061939663254067696,4.251743065611988,1.4149161448151342,0.24461443017885973,0.75908737305985,0.06561156168898714,0.5602485794424337,0.04412439490351838
4.286820197319094,1.436169871528949,0.28163434697529605,0.9212500000000001,-2.023662460421783,0.5483353631475678,0.05266286391063667,4.260878106414561,1.420655364299927,0.24508652901554803,0.7590778678884864,0.059258628903930154,0.5609431924382435,0.043732324815113355
4.236553402034864,1.42336739510943,0.2707356484565203,0.9247500000000001,-0.12462002449030389,0.5475367220694141,0.05818695942596168,4.265890291879724,1.4238070650820378,0.24534448587356766,0.759106816032577,0.06078620097750677,0.5613327474658893,0.043540775259830244
4.191605946011549,1.434760292618903,0.2809873336286785,0.925125,1.4261378850153588,0.5601154740431689,0.04976514848073652,4.272789016739143,1.4281503808304095,0.24569747509089884,0.7590964077352378,0.06292317004426425,0.5618877393483053,0.043273351834243634
4.227816449356654,1.4078881683428088,0.2557675820772651,0.922375,0.28252902315430306,0.5622260499756884,0.053835036755035676,4.278613051670683,1.4318206231336539,0.24599373501714,0.7591010412350372,0.05812857596311539,0.5623219771198791,0.04300920095393668
4.251956636731371,1.4382470198785204,0.22753084714704247,0.9252500000000001,-1.34758926236591,0.5504202842877128,0.03727546769523886,4.285462072484624,1.436142047032155,0.24634036278304994,0.7590131020133768,0.06256677384960062,0.5628701030901202,0.04277599192207404
4.2712467412862525,1.4207674262913832,0.2580703541442447,0.9233750000000001,0.004475989979986731,0.5504667070126503,0.04585675551049191,4.2935513538001535,1.4412521092311383,0.24674725343510406,0.7590036764680274,0.05189915080042788,0.563408375073049,0.04249998975499958
4.304142639329671,1.4167290607989367,0.2856187074325077,0.9187500000000002,0.31816396224602367,0.5535628114551709,0.060700473829973275,4.301100398074714,1.4460272426303973,0.24712491854992913,0.7590186176917295,0.0616949368648663,0.5640087383786851,0.04225461465948133
4.273655492511776,1.4915917359901147,0.27273160486749326,0.92875,0.9244584487631006,0.5624560403912904,0.04359544169893993,4.308642193713114,1.450802850165706,0.2474996457201864,0.758972452254598,0.049790106261022,0.5644877158971724,0.041953837313421616
4.277347605088317,1.369544414654189,0.2688527033195285,0.9225000000000001,-0.7557206235420771,0.5550792830912563,0.05646686766169604,4.316240597133051,1.455620393507078,0.247874701437847,0.7590523037731398,0.05859422796788352,0.5650596672048871,0.04166302929949817
4.293852517937051,1.3883118723194494,0.25511783894998485,0.9245000000000001,1.8282404688053007,0.5739194516978801,0.053691249701838306,4.32427655515769,1.4607226373010433,0.24826858306114477,0.7590476886876668,0.0626951062718684,0.5657057454386458,0.04135529625662393
4.29489982327418,1.4601570962133965,0.23335599398637402,0.923,-3.9987616469118996,0.5399811780948367,0.045501289965658116,4.330882037982862,1.4649214782790625,0.24859092203424102,0.7589871147126057,0.06155903982909402,0.5662282090713742,0.04115944579730346
4.320377864731213,1.4461613417467132,0.30148488614889024,0.9237500000000001,1.9542068993476385,0.5615952427558826,0.0525541966925757,4.339494021614652,1.4704029492225092,0.24900666580638423,0.7589921926711496,0.0536497357862428,0.5668215898739488,0.04070289701438279
4.327684155389508,1.4164101811281102,0.26933944523050274,0.9257500000000001,-0.8781550062612401,0.5519408075342107,0.041505060567254476,4.348069826571047,1.4758685361615644,0.24941702512591396,0.7590575683691724,0.05390152099263444,0.5674141831394461,0.04033040918507291
4.374537957768758,1.4330916297333434,0.2653938549213584,0.9241250000000001,0.8998216891491747,0.5614587226568748,0.054378787602198934,4.356303320096684,1.4811227748297462,0.2498080337653433,0.7590735682162606,0.05563455533951703,0.5680026608145168,0.04001162123924118
4.332643514971595,1.4423412561237414,0.2610478653764159,0.9237500000000001,-1.1733833568120475,0.5487453484699039,0.052031332149420795,4.364730318590373,1.486508070428071,0.2502046387361123,0.7590075152882189,0.05889918835975897,0.5686408217502241,0.03963661142678809
4.359758669628636,1.5020006036417932,0.30004679605122153,0.928,1.5165750326246814,0.5645854090050211,0.05249780663637071,4.3728886187621345,1.4917276310673255,0.2505855434800265,0.7589899395232492,0.0497913339889759,0.569160873661632,0.03930857667623
4.364327997666601,1.5180569785969087,0.2931733430391968,0.93025,-0.8935799540873277,0.5529218584015196,0.051888169110550705,4.383103977705688,1.4982740958598009,0.2510578022258763,0.7590312979245178,0.057594822601479384,0.5699126364164244,0.038903845100059176
4.412650629620344,1.5357570101799733,0.2566451527349946,0.9285000000000001,0.7793045510189269,0.5606130945859062,0.03790919863731741,4.390810736475658,1.5032192309288526,0.2514112122511337,0.7590521471874174,0.0586460237600912,0.5704914350637882,0.038575870839803184
4.391202474474793,1.4436268892998108,0.29970725657493974,0.9216249999999999,0.5102697504058292,0.5654807491742044,0.041462717828607054,4.39820220629056,1.5079676401267785,0.2517477259000446,0.7590705116943299,0.056069171936687985,0.5710262999305034,0.03828552522951556
4.434274899810715,1.4546830535022048,0.2739094870360356,0.925875,0.0834326064412744,0.5662207720835353,0.0321181435549449,4.405104225744932,1.5124067302906332,0.2520600014998185,0.7590641920838824,0.05909416517189605,0.5715504479572795,0.03803479298075185
4.374778912004846,1.4568239897900273,0.2649741135064247,0.9265000000000001,-0.8903390506723935,0.5586959772260616,0.02712571223733642,4.411683337799204,1.5166426765866983,0.2523556542987819,0.7590414135186043,0.05769671514844243,0.5720380778608698,0.03776596361324858
4.414215889419673,1.5426000635152777,0.2716709730666737,0.9268750000000001,1.275132412482844,0.5690670018817041,0.053623688056426734,4.4180154773572085,1.5207235829473449,0.25263828020367984,0.7590034312332469,0.054517308451832454,0.5724814830669316,0.037499562946393006
4.405182538283698,1.5207618199520945,0.26225709182237184,0.92625,-0.225103552563994,0.5671160735051406,0.044703131974573235,4.424756663799584,1.5250721398904064,0.252937039057884,0.7589900681642948,0.04872289411241092,0.5729037548419855,0.03722493020905704
4.3933967206557085,1.5155774375057076,0.25193654258748926,0.92625,0.9691896962518655,0.5767052164212227,0.05532894797831864,4.432449663567865,1.5300408132338539,0.25327527825674456,0.759045113845047,0.056826494288247056,0.5734659950074117,0.03691674175580628
4.436344325026009,1.5252950703648196,0.29433133470369005,0.9290000000000002,-0.41847755294663647,0.5723105983807528,0.051753027402324424,4.440636452772246,1.5353347767387269,0.25363144133906335,0.7591015616866947,0.052237245400481275,0.574014561446412,0.03651579326628518
4.498216635032903,1.5217313101013445,0.2748281971005496,0.9281250000000001,-0.21608364466695887,0.5701331854904717,0.04948858522776389,4.4484820760971155,1.540414128269126,0.2539701022785258,0.7590797079822018,0.05351453643650142,0.5745538120761107,0.03621885364443811
4.427544408307603,1.4942217093113526,0.2919652906684657,0.9293750000000001,2.526251341809156,0.5924947971258496,0.0535072589091766,4.455380992187237,1.5448855609392278,0.25426557710819786,0.7591285569383355,0.05757038581997204,0.5750634076923897,0.035924967398936136
4.458157984687728,1.5489273019375618,0.285847692540728,0.926625,-3.4336873132863053,0.5535214955173493,0.05265242514725106,4.46419722752154,1.5506083599639648,0.25464017862517935,0.759137402766467,0.061080593824911704,0.5757566893422226,0.035624676534177446
4.431275284705892,1.5335100216293753,0.2915430497600439,0.9278750000000001,1.786984140856514,0.5733733150043396,0.04471645071902891,4.472834457331113,1.556222465401873,0.2550039692582566,0.7591241648230278,0.05498955698824793,0.576367574875027,0.035299830308543445
4.434473622569041,1.5079763906612873,0.2400618438161067,0.92625,0.40143754568955314,0.5772915572241777,0.05379639068384011,4.480407201661288,1.5611506805118494,0.2553206553744768,0.7591703240295044,0.057175037351009844,0.5769256334016273,0.03503614920720821
4.461663490864736,1.5657398901639819,0.2640225199358485,0.9296250000000001,-0.23877686243084617,0.5751376405025495,0.03655256359420468,4.487429452141598,1.5657250574174448,0.2556116932930336,0.7591981446004654,0.048935969199637816,0.5773670664671058,0.03471301519602221
4.4802153998733605,1.5411730994939428,0.29319316215054175,0.929875,-0.464137804603354,0.5701144432597802,0.050322009796201536,4.495853582777318,1.5712198455538358,0.2559573332354059,0.75920137583441,0.05549966434465713,0.5779677194588375,0.03435195697024751
4.489558760115599,1.565940584640893,0.2567321583102391,0.9276250000000001,1.180827863823744,0.5822556685726674,0.019498918229872438,4.503834703424208,1.576431991020657,0.2562812906880325,0.7591948475767073,0.05399566896331385,0.5785229007878763,0.033972158756356396
4.501044016626721,1.5593053822132124,0.2900103814591153,0.9301250000000001,-1.2839411111042662,0.5722052226453354,0.045556434587724404,4.509925441613295,1.5804136207014772,0.25652660339693567,0.7591646314357213,0.05903389630473985,0.578985006859221,0.033699286661858174
4.466085136882201,1.5947815150608278,0.2551373507834234,0.9293750000000001,0.9670620799225501,0.5817772317529419,0.041184675832858016,4.517618279955249,1.5854481966806513,0.256834076064178,0.7591452421538704,0.0517236249474426,0.5794969688307989,0.03343087007453782
4.504851546722699,1.5798853200422018,0.28369986815042597,0.931875,-0.2878140021816661,0.5787859653674432,0.052190414775076854,4.52571475202513,1.5907532694392865,0.257155151991489,0.7591398054037309,0.05272190759374716,0.5800449104485419,0.03315786019096567
4.545419460604861,1.551134903163277,0.31591795417781426,0.9287500000000001,1.0205043169928356,0.5876137949169915,0.027663551752012863,4.532428969499024,1.5951574344159054,0.25741893496576457,0.759155185577747,0.05768672048078242,0.5805439269908508,0.03283877137443536
4.497627771466584,1.592501637883291,0.2996199962303715,0.9277500000000001,-1.4807115761939673,0.5723850241908943,0.032259071997107654,4.540400337076252,1.6003924233348257,0.257728859974188,0.75918496659394,0.05286602351504307,0.5810876416239061,0.032486855511206336
4.533807553566438,1.5974346707984508,0.2474230332197745,0.9332499999999999,1.5702851690230937,0.5846611466228828,0.03861399276086199,4.546494068129759,1.604397640414215,0.25796397273166294,0.759197908383726,0.048638178250879176,0.5814678835333726,0.032230772103919225
4.56259208334439,1.6082103614321022,0.30187709811949254,0.9285000000000001,-0.5644465102690477,0.5778853731483595,0.05130863624256783,4.555798917853834,1.6105235170872598,0.25831911350497677,0.759174408962435,0.06306665984583251,0.5822249533232213,0.03186809140724334
4.53957910073188,1.6299630725188263,0.321817148447488,0.9301250000000001,0.1404065557249124,0.5795522692442874,0.03833320450979934,4.565013941532424,1.616597824349186,0.2586657520781239,0.7591627196135614,0.048240816058489636,0.5827976646723254,0.031396828549041356
4.580780411491087,1.5852878667211316,0.3416851239778386,0.9295000000000001,0.5905978626881243,0.5852345435742721,0.049853420697313286,4.572474566268421,1.6215210450741453,0.2589431186375661,0.759241138446803,0.052117035566212076,0.583299094345648,0.03102015986407336
4.533106360056428,1.629160175867722,0.29565140321086364,0.9341250000000001,0.7580866387412619,0.5932287047776472,0.027804146491808932,4.580689369062392,1.6269485971685766,0.2592454293782102,0.7592612955906103,0.05348973614156598,0.5838631533220093,0.03069465248136627
4.610361630797084,1.5606219294297172,0.2591056294736104,0.930125,-2.0472873588231493,0.5801565353539142,0.032437701518064285,4.585641071059667,1.6302226155613078,0.2594261532297092,0.7592419572164784,0.05304212045187147,0.5842018334697436,0.03043493241279016
4.601112483509328,1.612970066804835,0.2954017096810657,0.9307500000000001,-0.2094832042374983,0.5784250564311666,0.038306497614578924,4.592053579367508,1.6344663944341054,0.2596580481695542,0.7592406702297398,0.05104280400690038,0.5846237266693324,0.03014782709750108
4.599244378504785,1.6131954533649588,0.3189895481454301,0.9318750000000001,0.3486041621705911,0.581757479221388,0.05934059547422397,4.599476523208696,1.6393840726051405,0.2599238114252793,0.7592996628593076,0.050907343498793674,0.5851103668477191,0.02983830800094056
4.637845993045378,1.6691454523762659,0.28364179670283873,0.9315,-0.7343237146828293,0.5755951811289521,0.045696239718019616,4.60598846397626,1.6437021849811426,0.26015496068585015,0.7592266037775329,0.050487503123359694,0.585534047900051,0.029574527275313844
4.602831064232333,1.6266660074530592,0.3086574473890414,0.9308750000000001,1.1464319034301467,0.5882880105423327,0.03261135367216741,4.614571279597609,1.6493998991171062,0.26045586959763406,0.759227525367147,0.04669509226599123,0.5860510370372172,0.02920083192737888
4.6042807189732,1.6562312888048802,0.2714816842239691,0.9339999999999999,-0.7818996689440749,0.5781264856086294,0.027840615932093766,4.6246746348580405,1.656118282229249,0.260804785158065,0.7592175538738372,0.05947550284816363,0.5868239773889536,0.02874917792115106
4.670395139157903,1.5893462875589148,0.2960220718015642,0.929,-0.10228426214340906,0.5772841667398012,0.028430852775506086,4.631040814196356,1.6603553393786956,0.26102280932753386,0.7592109802762775,0.04981273097143245,0.587234189109954,0.028502307268313043
4.691238925354114,1.6361185888715337,0.23910110750014638,0.934875,3.113570579231077,0.6045086204078984,0.05042906378079897,4.637840973147549,1.6648857781426727,0.26125345941032946,0.7592223737676772,0.05293746281194618,0.5876970639563583,0.02822001595204826
4.623259938179311,1.6265804399113668,0.27025908658726167,0.9331250000000001,-1.5746194256954582,0.5882063137892102,0.03472747548903134,4.6458750536646,1.67024416735536,0.2615224424656516,0.759243928860145,0.04894816522425205,0.5882038327570518,0.027846317654420805
4.650300205781668,1.7326002197366106,0.28958641162344984,0.9321250000000001,0.07223458926231821,0.5891032271516945,0.027834889533975945,4.655496325215361,1.676669535078447,0.2618398854408682,0.7591868963960386,0.04858689846894374,0.5888071204468344,0.027430943406366204
4.691409530799787,1.6425195440700457,0.2827311493088808,0.92875,-0.8289623434071223,0.5823335571295889,0.04945333355303218,4.661799709974859,1.6808826977951778,0.26204592190340814,0.7591528036026641,0.048046384616121124,0.5891994882934477,0.027168520529674556
4.665773615418351,1.6700475385679676,0.2643505157613733,0.9337500000000001,-0.5934415942571183,0.5761774585968436,0.03584776207695309,4.669847432100334,1.6862670150673775,0.2623063528307486,0.7591291533638626,0.043412124948290824,0.5896498263238179,0.026889746056749875
4.695846051645617,1.6781906362239218,0.2808125110482222,0.9351250000000001,1.1156866066476407,0.5903823227651523,0.03323150195797642,4.679735321355385,1.6928913709166395,0.2626218108437742,0.7591102041371758,0.0486908082801752,0.5902697551763683,0.026498900695904215
4.707263457300236,1.630578165103846,0.2976586904246298,0.9317500000000001,-2.2622840421338144,0.573364604887376,0.03815620099639713,4.685554893337026,1.6967931887787608,0.2628059881834438,0.7591336209563458,0.04754916843542237,0.590627437199795,0.026280438026161868
4.673256409807277,1.6666396742190266,0.2896183059187549,0.933,2.2244073525687877,0.5913342487687778,0.04970280254646048,4.691811245194895,1.7009917887954344,0.26300182907852915,0.7590900436892692,0.05371906155841276,0.5910614010620043,0.02598636136511212
4.709976050618449,1.6993881153590462,0.2928804608141091,0.9317500000000001,-1.6158170184800091,0.5762027847297677,0.0377477979883504,4.699052038947497,1.7058553709200062,0.2632255954946072,0.7591132573012033,0.044007150925203777,0.5914735099914612,0.025648049810960583
4.704370478870925,1.6945701986616908,0.3066124951383106,0.933875,1.249473233905434,0.5877218251372058,0.037121996886999714,4.706194619402924,1.710657408100902,0.26344360801273586,0.7591045992258278,0.04628500668155898,0.5919002169010259,0.025325017908005343
4.676760194080817,1.628776561738509,0.2854851285050361,0.935625,1.138811099656202,0.600498035182901,0.035887820656613625,4.714899980653982,1.7165164688125074,0.26370531695440064,0.7591581435026424,0.04475223623925542,0.5924022878506152,0.024935116245901057
4.691620713579565,1.6861324626085175,0.31987539443271,0.9373750000000001,-1.9999507539317238,0.5797735663353079,0.03911507745768423,4.722952893506772,1.7219429434188789,0.2639436474423628,0.7592242408481552,0.0539026272066513,0.5929608532633641,0.024538370151712563
4.707433145979933,1.7375599577543592,0.2731480217179977,0.935,1.9587266678914084,0.5941458347331472,0.03714712593868784,4.728639397388512,1.7257775071966783,0.26411050719125706,0.7592169681229346,0.04448433754552492,0.5932872596217318,0.02432379406283003
4.763222127496933,1.7301564174937818,0.33184478911164583,0.932625,0.2580715408422999,0.5969260692768343,0.033843947158363655,4.736964246071529,1.731397700701408,0.2643515326951543,0.7592412380200111,0.049974152459085076,0.5938256369434027,0.023991438557975364
4.771295002769668,1.7537806658872097,0.31584087083180357,0.9313750000000001,-1.2346979391650583,0.5856487189961923,0.029880818503429583,4.744010601590089,1.7361595873199664,0.26455283487576337,0.759285342811988,0.05140069506738285,0.5942951150437188,0.023665631381462937
4.774193694126606,1.6938452309100283,0.28684111315332284,0.9352500000000001,0.6064732549845173,0.592872828773984,0.03495585315843566,4.7532349270020635,1.7424008079997748,0.2648122140951484,0.7592680049502079,0.04668125302080007,0.5948511667634202,0.023284881071211405
4.771927247905865,1.7665422233595882,0.28846196754901726,0.9348750000000001,2.5112276750162854,0.6156210827391533,0.035054160811298314,4.760245316422944,1.7471479177375593,0.2650068036277825,0.7592130020331088,0.041557846634051265,0.5952276234498779,0.022979584535389286
4.778125038383922,1.7314785073465706,0.2986674499028228,0.9345000000000001,-5.228868704350464,0.5683255622914354,0.030936950432719663,4.767240689210577,1.7518886810549665,0.26519859550277747,0.7591820092032997,0.04140535241524157,0.5956021380538057,0.022692163292977963
4.782452635138869,1.786196222938219,0.3068425943432355,0.934,1.2553386730720257,0.5818979041795527,0.04744472314355335,4.775594887051721,1.7575569260863735,0.2654233465232964,0.7591892812008715,0.0501015897925413,0.5961438212827135,0.02225854517849335
4.794996148427068,1.7443259905949378,0.31710319721381114,0.9336250000000001,0.7529514110489446,0.5902890881471454,0.02743165350770396,4.78420008233573,1.7634012613304726,0.26565081824836445,0.759188188134026,0.04133602656632643,0.5966044860723896,0.021864183319190378
4.8053042183832515,1.6883593069167528,0.26872549186124617,0.9317500000000001,-0.8614893260540776,0.5810951456580407,0.030778489354483914,4.792421306306305,1.7689909375368487,0.26586448871612506,0.7591654959392775,0.047720528072625154,0.59711376666053,0.021489516490875715
4.754703568521136,1.779153953036088,0.3045120754465433,0.9327500000000001,3.455221101591453,0.6069111895442343,0.030150040959568736,4.798181857547295,1.7729105064062105,0.26601255237596716,0.759145318528387,0.04644515600317181,0.5974607864750148,0.021247216938719227
4.78150664350715,1.7460065844838415,0.25375615534374696,0.93625,-0.37161016648832124,0.6028951792776538,0.02263132831646571,4.806542443637409,1.778605427537051,0.2662234172254052,0.7591529133130143,0.047251239878415376,0.5979714330653749,0.02084186478958916
4.780895193687951,1.7524339967657439,0.2927909429145409,0.9343750000000001,-1.0224072046985886,0.5942573332365324,0.04603980622379207,4.813063607639983,1.7830512334359712,0.2663849293199089,0.7591505619968779,0.047482712484406435,0.5983725925624621,0.020461269972536833
4.853001119176152,1.725535369767601,0.3257189217672143,0.9335000000000001,1.7138206624033057,0.6120003714526803,0.0457626044786712,4.821044936757594,1.7884975474501161,0.26657871679869,0.7591362815348048,0.04162877888123638,0.5988035717371125,0.020052932114067445
4.875504415880876,1.8219045525494562,0.2685173198601273,0.9348750000000001,-1.9444650330961217,0.5967083238607915,0.027177433699741772,4.8271154238944485,1.7926428253291276,0.2667240937030961,0.7591268865125289,0.04126117205845514,0.5991280660304401,0.019774461769006546
4.769077396953186,1.7631868385135105,0.26519171425237664,0.9348750000000001,-0.8990212506951847,0.587116231710894,0.029277843433350853,4.835348332339487,1.7982708870720359,0.2669176022621472,0.7591304113055592,0.047795092317309704,0.599638014965981,0.01940128492791171
4.88790370302801,1.830672463089738,0.3018429039527194,0.9385,-0.4142036341275933,0.5834753396657892,0.027543453582546226,4.842155656039303,1.8029281191789164,0.2670755733477672,0.7591332751552905,0.04222143733823056,0.6000091456917205,0.019150317303196385
4.849817490788795,1.7747146136829788,0.32540376433449486,0.934125,1.9557521100691735,0.5992700876309387,0.03204032662744624,4.8483797158600135,1.807188788344106,0.2672180247608057,0.7591042846035513,0.033562921851021554,0.6002802014604356,0.018883769257104444
4.886172897437113,1.76562403124263,0.3044721116310247,0.9365000000000001,-0.18447745118766815,0.597227787539985,0.022628922099032955,4.85693043392003,1.8130486913386616,0.26740976974511954,0.7590802037467854,0.04691133413234196,0.6007995441841585,0.018495442433030806
4.8790111527879265,1.8384799600333166,0.26015778637086845,0.9353750000000001,1.2399602184284695,0.6100768341150902,0.02025041682157056,4.864922280586589,1.8185304560694793,0.2675854574169555,0.7590729759279801,0.03994091941937168,0.6012134306349051,0.018126592070206726
4.914060034696585,1.8014617493170593,0.2648355565594186,0.937,-1.6173043556618472,0.5953932715912238,0.0233612912140729,4.871934506410552,1.8233445647886768,0.2677372510629875,0.7590442568970451,0.04576031614876767,0.601628890137583,0.01784421178762896
4.88656910777932,1.8081553073305807,0.30078105329900323,0.934375,0.19987711544605413,0.5978271289091923,0.02943802279534022,4.881309147485915,1.8297888120244505,0.2679350087537694,0.7590534664891682,0.04920565765885932,0.6022280560286415,0.017382090245952053
4.846603746758127,1.7765263672250597,0.2754901304154163,0.93925,-2.1561144860729806,0.577691129652667,0.04351664434582009,4.888534601093736,1.8347600057974984,0.2680845056283541,0.7589974384478313,0.04351709235928742,0.6026344630840428,0.017043962403811896
4.892115798461614,1.8065363668606442,0.30207331535599,0.938375,1.8269610975625112,0.5960487298352093,0.020233144921081338,4.896298981317629,1.8401074124124974,0.2682414095788544,0.7589893972407133,0.04718183793616557,0.6031085538120093,0.016641439400903568
4.91880839089557,1.8386073560435048,0.3035300836925631,0.938625,-0.26562481895071177,0.5932853365169226,0.015860299177726314,4.904337508579351,1.8456490019673135,0.26840084755486115,0.758946756530678,0.043582280243196304,0.6035619564062982,0.016328447795773027
4.9038800995925484,1.7915536187724839,0.29004838603514926,0.9365000000000001,0.2970368376491696,0.5959796094792056,0.02088977503382632,4.911328167246935,1.8504728098276153,0.2685369058045442,0.7589648223158877,0.04912367132018599,0.6040075327209853,0.0160178561511084
4.938376436615328,1.820006343096585,0.33641048428266007,0.9359999999999999,-0.13845046248426165,0.5944972612977915,0.0329478755646032,4.919573166047498,1.8561671503062251,0.2686932694894477,0.7589835559063508,0.038301427577275386,0.6044176147856892,0.015603493944976066
4.923792233135099,1.8284238095505558,0.3121556885887469,0.938875,0.7189604516455486,0.6011115691035736,0.019722052697416902,4.926677634207583,1.8610778775598122,0.26882514846355926,0.7589777747629708,0.042303216676954324,0.6048067968271154,0.015268812436199042
4.915157147028759,1.8479887279396519,0.3248109298240983,0.9368750000000001,-0.543965515152912,0.596007789530046,0.01789739286142039,4.933905704642518,1.8660785341704333,0.26895656189502737,0.7589729529140331,0.044822451607880745,0.6052273453850279,0.014950432040807371
4.909760201489337,1.8967529189261365,0.3192849751955734,0.9408750000000001,1.4978155105665378,0.6140474255575965,0.011664564639861685,4.943220549028469,1.872529721383511,0.2691209173231178,0.758950977836173,0.04110033138479768,0.6057223562949581,0.014504337715337545
4.937112907530462,1.8478342547533295,0.29807578582528366,0.9373750000000001,-0.3488843312317592,0.6111031484988088,0.0315980236237561,4.9497213852302515,1.8770357692974593,0.26923310048495536,0.758964311533021,0.046306575365065335,0.606113143083912,0.014181809841525617
4.9599398496492375,1.8394967531303539,0.2973412079325573,0.9365000000000001,-2.67801013502434,0.5940152224182902,0.0257324065166764,4.954631239139179,1.8804408766970033,0.2693163664982305,0.7589524989335318,0.03982003158661674,0.6063672279162944,0.013934676931677714
4.904623216274155,1.9491840653474595,0.29557039291175374,0.9375000000000001,-0.39735221628297784,0.5890815361775701,0.017397160164706136,4.964191460922239,1.887079845584403,0.26947353389166484,0.7589327212187204,0.049548383547197115,0.606982440737915,0.013502322701091973
4.950691844724665,1.8611322076060208,0.3154645927788786,0.940625,-0.13811925276028963,0.5871721767421847,0.022597502775753005,4.9748659579362124,1.8945034319394563,0.2696423294206744,0.7589155723024171,0.04946242039769923,0.6076662088382774,0.012981448297625153
4.921454889550647,1.8733948162581235,0.2890496827738389,0.939625,-0.021624320352157556,0.5869690790473006,0.03223078530407852,4.982108609443468,1.8995445693715511,0.2697537297206189,0.7589373048738258,0.0419056027154998,0.6080597902861862,0.012623529627008079
4.968328282192089,1.8721481427923228,0.3367180285409493,0.9413750000000001,-0.02340030725550699,0.5868030598826275,0.019038935211210327,4.987588723095673,1.9033613909703586,0.26983606320755765,0.7589223269066389,0.04281851898964629,0.6083635766714495,0.012327873922420629
5.030130042495809,1.8796489463170822,0.2875126166282478,0.94225,0.9401547262114303,0.5957667526782915,0.01742477695420677,4.994957841230644,1.9084985914851142,0.2699437212077124,0.7589064922632844,0.04516533778600196,0.6087941953788163,0.011984031091011982
4.966024528067283,1.895376055162506,0.30693002334264813,0.9373750000000001,0.3639542134271613,0.599250036739702,0.02117399559279982,5.002315105236827,1.9136312374556779,0.27004804190108894,0.7588970515241241,0.035441599522648574,0.6091333950752991,0.011628528057210374
5.030211074344298,1.9258391849315695,0.29826958271230136,0.939625,1.0619079540371887,0.6095665938239097,0.019840871396542285,5.009799606596395,1.9188564030894937,0.270150843405365,0.7588940851959296,0.03472877373329939,0.6094707890794799,0.011261757586000787
5.101018169225773,1.9147720573987532,0.29401374777634465,0.936,-2.865624131064004,0.5856961799735236,0.023448506665388176,5.016190552591137,1.9233216736990046,0.27023632817788384,0.7588904866781769,0.044825735092642024,0.6098441837742725,0.010964299500706876
5.067558091767502,1.9407596344827163,0.3467055654452226,0.935625,1.7802601668408644,0.6050464360662318,0.008958058814466745,5.024523933234524,1.9291495788621345,0.27034411910647677,0.7588911168517459,0.040647582832216964,0.6102859962419123,0.01059949770820845
5.036291094956884,1.9455223725956923,0.294701074885813,0.9377500000000001,-0.3717114123596792,0.601036873876744,0.027846384939470278,5.032810411672974,1.934949798819262,0.2704476466272003,0.758875251073634,0.038422950315899575,0.6107004554263025,0.010234939136239074
5.064032280619418,1.92459946100337,0.2975465764103707,0.9411250000000001,0.5088514964493638,0.6049847430373165,0.025172107981583078,5.038790664772094,1.9391384592283238,0.2705204267912871,0.7588750098183218,0.039201307680229135,0.6110045945213525,0.009967843646914165
5.005723219112591,1.9355346373206956,0.2905805940473664,0.938,-0.46591645694746575,0.5998369275719311,0.02005593617323783,5.0472770229117385,1.945086538803008,0.270619418696451,0.7588900553449266,0.02936450602307997,0.6113290369315418,0.009551872762946001
5.009712522202614,1.9645007275238724,0.30494165841679893,0.9376250000000002,1.0119168105930634,0.6130718153379862,0.012495506550400194,5.0573153071904375,1.9521297764367238,0.2707302970827503,0.7589036446644838,0.03785746282784899,0.6118241757279224,0.009041660242777638
5.0656975017189145,1.9033911545331328,0.3022933335097175,0.9375000000000001,-0.41172485888754917,0.6088483662337003,0.031611036918074355,5.065185352541028,1.9576559617333356,0.27081320732960473,0.7589218821720218,0.035397952259270095,0.6121872858159723,0.008621486180443227
5.084125797377944,2.016757181033958,0.2821152993144801,0.93725,-1.3436779548947062,0.5960914712606074,0.02951907682983476,5.072465347749805,1.9627721483803582,0.2708866113666546,0.7589163823642527,0.04187540301492755,0.6125848514054586,0.008249348182086003
5.112555980786956,1.9316770760923836,0.29619633808283935,0.9408750000000001,3.0978319152759806,0.6264099372788721,0.03517041495095074,5.0799968737112655,1.9680697278178712,0.2709592582060061,0.7589154233890998,0.04197698512495559,0.6129956799564797,0.007889326431913979
5.071093393786506,1.9423824261616707,0.317078242136354,0.941875,-2.261566639567629,0.6017071046147793,0.017880801495931933,5.088408889664717,1.9739921343350857,0.27103592186928743,0.7589123029218502,0.04004524131372805,0.6134330895281717,0.007451830196198106
5.099673520804578,1.920526285097866,0.32555855746476003,0.939875,-1.7403104727956922,0.5888218587668739,0.026935838590622516,5.0940976506865265,1.9779997248210026,0.27108589412035544,0.7589041689656162,0.03916631727542694,0.6137230766511248,0.007181192566026784
5.106553854345847,1.926919462888747,0.3056812833802894,0.9385000000000001,2.7020290707023964,0.6165084321614946,0.020817760825873607,5.101957206374168,1.9835403663188127,0.2711509269419166,0.7589151419631882,0.03136372476350873,0.6140444477559028,0.006762736073035125
5.105104429007083,1.9966620749729298,0.30654590396255665,0.9417500000000001,-1.0547527472461422,0.6065786690741279,0.011715362076055877,5.109201493182969,1.9886513046045664,0.27120724058984413,0.7589025849109429,0.0395058523964673,0.6144163678631371,0.006351740271050232
5.116727645340469,2.0424132512282753,0.2983642594857322,0.9388750000000001,1.1660841659512073,0.621471589967225,0.022092889923903385,5.1189958624604035,1.9955687414297107,0.2712782306305859,0.7589089194916897,0.03938868391452892,0.6149194297953295,0.005920279396693928
5.1007751576061695,1.9625294020726398,0.2956985667530485,0.9397500000000001,-0.8159947134734926,0.6135248288775141,0.014634312288706198,5.126469127516591,2.000851402537242,0.2713289372408397,0.758913603647906,0.04163392469295282,0.615324891800535,0.005540534390435337
5.144452687250094,1.9966972249246884,0.287560367536565,0.9410000000000001,-1.1450062726417676,0.5992101534859064,0.018406334844221342,5.136071695840796,2.007647292862258,0.27138816228723883,0.758904174390532,0.04485601538546974,0.6158856741429082,0.005034356688571329
5.148350123645993,1.9973778777351554,0.27495299745300705,0.9415,-0.08630328203349719,0.5984900053326703,0.010426372171480163,5.142483263869192,2.012187224651402,0.27142498979438107,0.7589170158454825,0.029424665900295945,0.6161312050000021,0.0046876917850182664
5.137691258419359,2.0266459135659076,0.2922080983701566,0.94275,0.36023767349663927,0.6024097113816196,0.011574641538728756,5.150852694080207,2.018118193445363,0.2714691118456934,0.7589249341560574,0.03440406598365151,0.6165055518145248,0.004301264240349489
5.178947059807093,2.068852911865394,0.3244992016952513,0.941125,0.6947171481368285,0.6096897221235507,0.02048808538915121,5.158897233487301,2.0238230795532774,0.27150825101376014,0.7589073031079464,0.03276464609311033,0.6168488958303637,0.003968637382314899
5.196515498248824,2.0526145310822885,0.29806101613231617,0.943125,-1.0414348341196378,0.6006329578969876,0.0163184055989135,5.165585962088008,2.0285696435528915,0.2715380276529618,0.7589268659157349,0.03623181303120787,0.6171639832245761,0.0036304997701370745
5.1939182859564,2.0053702255236883,0.2997803953470483,0.9381250000000001,-0.21735360189668376,0.5984015853513025,0.005789329328697363,5.173438100594965,2.0341460931168003,0.2715692190520878,0.7589215495196204,0.03536704807790194,0.6175270646707278,0.00323869209936678
5.151436399592912,2.0347810545728446,0.29956076171989215,0.9412500000000001,0.5794727453802234,0.6052502452339108,0.010605973433737013,5.1825053520053155,2.040590996558482,0.27160090182667795,0.7589062708946334,0.034120474544601036,0.6179303269933341,0.002848040894563031
5.1930342667690566,2.0429052807182533,0.3318982313255444,0.9430000000000001,0.9300310346669559,0.614098851079949,0.025083524793306777,5.189816291213139,2.0457916137027925,0.27162264633078453,0.7589126697376631,0.03896993019674787,0.6183010990851301,0.002423599370373619
5.168454507924133,2.0274983177545183,0.28853937349990055,0.9447500000000001,0.534066131402335,0.6180840824741933,0.007992067927226069,5.195559966479286,2.049879316602496,0.2716381790241209,0.7589114530082832,0.030279746704058523,0.6185270482514964,0.0022032902536373022
5.206382129882736,2.000622717272134,0.3127823895307747,0.94325,-1.8065526254749438,0.6000661484748693,0.021660171683539172,5.203223030314304,2.055336515271911,0.2716563129795879,0.7588919302149592,0.03030947655820722,0.6188293445369624,0.0019275765108690557
5.182923744595765,2.0142211636671217,0.30598594352117336,0.9415,1.200312853887986,0.6104444919532619,0.0011913960881409639,5.209852743526791,2.0600604283183857,0.27166860692159617,0.7588923620111877,0.030181376994887748,0.619090303749462,0.0015102102652035931
5.2557759819472585,2.077770736932701,0.30883582654511527,0.9460000000000001,0.8306650185940905,0.6183245861759317,0.003996707655994595,5.217159789614718,2.065270376803082,0.27167893654664754,0.7588897769118366,0.032630323316671546,0.619399850939359,0.001151033671441759
5.248572990962087,2.086222300369216,0.31248810711861164,0.9420000000000001,-0.49277367319798215,0.6134571559013855,0.009722793163561227,5.22473439439825,2.0706743625713298,0.27168593581548806,0.7588949033214275,0.02894300581903493,0.61968573890461,0.0007522281323195656
5.26539696424739,2.046493588187346,0.30883582796154874,0.9441250000000001,-0.42649494651694586,0.6102833845121851,0.010533859389823753,5.230452746512144,2.0747561848867733,0.27168920383480966,0.7588979206686889,0.03350134285001588,0.6199350398736025,0.000465150382470636
5.268196789894376,2.0646649262881507,0.3236441426209115,0.9431250000000001,-0.8160996908806266,0.6041001950103113,0.013303606188814503,5.236267630625496,2.078909099163154,0.2716904047227823,0.7589044148765061,0.03286957586178542,0.6201840766256939,0.0001680598209725659
5.236788652311713,2.0985755670863666,0.3073237645657352,0.9387500000000001,-0.2202999734844833,0.6017378963088404,0.005586207294425462,5.244457414996429,2.084762135317696,0.2716883920278448,0.7589028660844993,0.030149355487955297,0.6205073711871631,-0.00019994366141640185
5.239238067112163,2.0165380562638853,0.34290121103270704,0.9430000000000001,2.9559488273302863,0.6289796900066937,0.013714164737091382,5.2515262503582365,2.0898176592729656,0.2716836077796405,0.758891565368918,0.036592653842264206,0.6208446062291273,-0.0005505075042293583
5.308997831830712,2.057620594128951,0.30897196652693465,0.942,-2.3590798904837893,0.6144645463033873,0.008688695780448917,5.256239976578391,2.0931902795750794,0.27167894606486986,0.7588922511727634,0.0327233475277224,0.6210459491737788,-0.0008042964471064451
5.260401837234495,2.137627848438077,0.2741336237639888,0.941125,-0.035390300069723477,0.6140689795037448,0.0031280931561032213,5.264792396577619,2.0993147883464256,0.271665980168785,0.7588958889801017,0.03696745235884234,0.6214591442241657,-0.0012325931441243831
5.232734452950493,2.091736706493317,0.32107784168221976,0.9473750000000001,1.923085182413867,0.6340855166886419,0.014555666343292282,5.272807618378065,2.105058605362784,0.27165017251997536,0.7589090132940916,0.03171320397360886,0.6217892328403094,-0.0016030797150299314
5.3104723852196,2.0537439821378776,0.3162441265697033,0.942625,-1.9321747013285226,0.6168327659877346,0.014503921403428007,5.2796477474576315,2.109963312396128,0.2716334923829913,0.758904281789647,0.03220227104439316,0.6220767729648902,-0.001981750552479955
5.290741197746417,2.095511358438704,0.3091323153589096,0.9447500000000001,-2.0641566574172145,0.6002684151838285,0.01871325825297876,5.28580783726586,2.114382634547052,0.27161577431597844,0.7588821997949858,0.029875113446223147,0.6223165134214352,-0.0023370503539310583
5.340271411959237,2.1287716528109732,0.3033968403002196,0.942875,1.88687155715775,0.621502723975611,0.017485892564385548,5.294427220643147,2.1205709644871034,0.2715874246306428,0.7588762979566346,0.031852829724304,0.6226749759885837,-0.0026717686408352925
5.31048473380664,2.027473857499459,0.2663920886062381,0.941875,-1.332334068948499,0.6074812056814576,0.023466376295893394,5.302477068332319,2.1263548245552104,0.27155673678602527,0.7588828171372224,0.0345056482396142,0.6230381143255213,-0.0030959354778743453
5.313045032091936,2.1165691176048687,0.2698654766459571,0.9472500000000001,0.05000902069040587,0.6081600232986393,0.002042438938742674,5.312915979793216,2.133861624435395,0.2715102433648223,0.7588811289270876,0.02970677479371017,0.6234413512176102,-0.0036159555427865975
5.367611320011578,2.1059151418886652,0.3418412619683713,0.9417500000000001,1.6874789879795282,0.6260984023254399,-0.007131605671860074,5.321041578185665,2.139709232524787,0.2714698539608609,0.7588800587513845,0.033195453661902775,0.6237942282809668,-0.004034485613633176
5.28381806612598,2.0736114082140955,0.29726516786949725,0.9433750000000001,1.6602724230365007,0.6436666658064478,-0.004376107658422542,5.329142167537734,2.1455424398151637,0.2714258192819234,0.758878812737302,0.027640281120122148,0.6240867054278914,-0.004411257379572486
5.319914587259131,2.130661038935226,0.3283621354488533,0.945875,-3.181014202232682,0.612653023958758,0.020347118921715274,5.33662386647832,2.150933722427492,0.2713823768286212,0.7588941209142137,0.033722373535831705,0.6244154853542305,-0.004710804086390574
5.319492738568851,2.130251359312744,0.27707059396768924,0.9484999999999999,1.100638827135975,0.625007875078881,0.0006052711488969881,5.345259808003823,2.1571608894148655,0.2713279764367392,0.7588933494979652,0.028115779093122552,0.6247310895799378,-0.005109446964395747
5.288677353061301,2.139611767747507,0.2882694987444318,0.9447500000000001,0.1677317720027531,0.6268424627715956,-0.005574463103444679,5.353639025167219,2.1632076212137727,0.2712702148869101,0.7588811587754889,0.03360516952362276,0.625098650416406,-0.005589861634888393
5.389863507850856,2.1363941267174167,0.3228566025098577,0.9447500000000001,-0.157104317203375,0.6249764424953663,0.009387951094288778,5.362735954666578,2.169777240218396,0.27120170462157617,0.758874083551479,0.030185375490287963,0.6254571798553998,-0.006105387147111951
5.354037342167812,2.1212546196761117,0.30729074083609786,0.942625,-1.4631315050617033,0.6114892734246027,0.004586385004031968,5.369778367507224,2.1748666680930016,0.2711454926767933,0.758875596742876,0.03582433111198797,0.6257874090992397,-0.006469269546570455
5.405111202301074,2.113376607357963,0.32014892410736917,0.9470000000000001,-0.08259796702902744,0.610717239412454,0.021513927638787934,5.376951154704937,2.1800528596382978,0.27108500671324925,0.7588815249344613,0.024926904937730504,0.626020398107586,-0.006833464284233148
5.396762054477797,2.1413924477911834,0.30917444828070767,0.9441250000000001,0.5788103142890267,0.6160893777699457,0.0025300753248607673,5.384050883192332,2.185188578601369,0.2710214845152799,0.7588783894183143,0.023431528812729294,0.6262378742160832,-0.007249180195868288
5.4119074780894225,2.194031848525818,0.30535151479827494,0.946625,-0.31383734219851717,0.6125787296823892,0.013093320912919319,5.392628508991598,2.1913972549258527,0.27094061976053624,0.7588861549626286,0.026631110555293363,0.6265357752137324,-0.007636649267534157
5.389450359774162,2.1819744124530587,0.29596233769059604,0.939625,0.5578268879101155,0.6194107488879226,0.0022973669960591058,5.401948578994513,2.198147381057339,0.2708467790201122,0.7588876152515227,0.023289944646746028,0.6268210202468616,-0.008154400559032382
5.387345672138203,2.1780247803686428,0.2857245157240692,0.947875,1.4351239559610587,0.6327742489720078,0.016337726157053086,5.409095650200777,2.20332604155097,0.27077217906596357,0.7588890774694994,0.023098786163754992,0.6270361101208475,-0.008452046070278385
5.420165472315869,2.154055115211664,0.3376972021684453,0.9455000000000002,0.022504167755093354,0.6329849518807165,-0.0011702388557039978,5.416262415296915,2.2085221356717546,0.27069481619319136,0.75888941538913,0.030910148950337203,0.6273255168815566,-0.008739146279340027
5.453098758542132,2.1797912817268243,0.34102881446760436,0.9450000000000001,-0.9201701100010367,0.6233497440702505,-0.005494171121779661,5.424271526183498,2.2143325592498244,0.27060430624498366,0.7588872322952751,0.028181001379021766,0.6276206034113652,-0.009146977271723866
5.43141708263045,2.218424563203403,0.28894171494013837,0.9468750000000001,-1.044760529210923,0.613287281650361,0.009047789317360555,5.431651573590999,2.21968944090793,0.27051770971537903,0.7588980055851294,0.026071254730031277,0.627871704992661,-0.009495697029438421
5.420655865095716,2.2177468934293936,0.28766907929801955,0.9451250000000002,-0.5459625555568158,0.6070479776265496,0.011498863453141876,5.440390237830799,2.226036483517003,0.2704098536902198,0.7589073066368225,0.026195631860189913,0.628171070781776,-0.009985943116225915
5.410834113780571,2.1919355655376074,0.30281392448231875,0.9428750000000001,4.124624805253006,0.6343626209758906,0.019286999066109634,5.445441431341377,2.229706541050147,0.27034603513712835,0.7588937093322857,0.025214314321873675,0.6283380483944119,-0.010220904005731946
5.4596630110057935,2.1327372379504896,0.3166002493647111,0.94675,-1.2346489811111552,0.6235471669805621,0.003769804737254808,5.452149071315099,2.234583180864998,0.2702583659327285,0.7588936316968166,0.034010966009306455,0.6286359824986292,-0.01057106122413387
5.443700165871824,2.195700315019418,0.30617486533263033,0.9442500000000001,0.1921467641549858,0.6252431264719229,0.006005709358140409,5.458888656293584,2.2394852533967367,0.2701671511993121,0.7588915333547746,0.02427695946913179,0.6288502600588792,-0.010944710300659022
5.463180675914365,2.20506054622832,0.3198147215846392,0.9447500000000001,0.2504796581369081,0.6268761200821844,0.013740324264302302,5.46386885388104,2.243108708216226,0.2700981694089646,0.7588935854974227,0.021791250819545437,0.6289923273772899,-0.011199912178282645
5.464743917267693,2.197048143578071,0.308854028414111,0.9453750000000001,-0.18290297640411235,0.625311468827622,-0.002958333312825574,5.470406712667739,2.247868047632012,0.2700048378025242,0.7588922991332214,0.03007735152515577,0.6292496253541899,-0.011540841819335235
5.465204200345426,2.2166280423152362,0.307558663213494,0.942125,0.7443420215730047,0.6317331053133666,0.004064381277013115,5.476976391213061,2.252652792157187,0.269908281150898,0.7588877310922963,0.025843990388081845,0.6294725883292784,-0.01187984308335066
5.49480364577338,2.2588754364574375,0.35812346163075076,0.9461250000000001,-0.6822413499378994,0.6251164946804542,0.00889505604453063,5.484391207477301,2.2580568714105618,0.26979623309699446,0.7588891215532683,0.034654010337789774,0.6298086748084915,-0.012211501101120348
5.51159093973445,2.2397076126233233,0.29936593969512665,0.949875,-1.3466898674211134,0.6094013661726168,0.004230181135973124,5.493346491099049,2.2645875404738285,0.26965555686073417,0.7588907169544864,0.024141261731106627,0.6300903900271351,-0.012691577256851438
5.561314774597269,2.27584180709974,0.3426724826849622,0.9493750000000001,0.11489923811141273,0.6105081226305615,-0.009303004538501072,5.500733077689041,2.269977439737516,0.2695367627668816,0.7588987404046212,0.029423424765273497,0.6303738084893382,-0.012990753957193402
5.531590087461397,2.2055744754958786,0.3388114780833819,0.9475000000000001,3.374955435040828,0.6390392514293541,-0.005901729388155556,5.507201795917875,2.2747001120714696,0.2694297785389308,0.7588957724732186,0.030185361009168035,0.6306289888730108,-0.0133568035940268
5.5642778909093815,2.247158653412457,0.31995352492617507,0.9445000000000001,-1.1379678672559699,0.6277567914134874,-0.0002383465973678882,5.514762947806777,2.280223054499349,0.2693017772016985,0.7588956542546288,0.02355714703124468,0.630862547813571,-0.013669488550924314
5.500799634597427,2.204546052799924,0.27134146146215105,0.943625,0.3612857183878609,0.63193822576567,-0.006756743541605275,5.523579541685428,2.2866665271332027,0.2691471769412057,0.7588957506751818,0.022422134839554977,0.6311220562305815,-0.014156333979597147
5.483885767157851,2.254645930870704,0.3104771906232081,0.9495,-1.9322921561494433,0.6154440605518312,0.007461509149471462,5.5301213987930895,2.291449957418189,0.26902981498884027,0.7588957398698749,0.028175856126818923,0.6313625670790666,-0.0144807142994825
5.538112598638424,2.2408561904543887,0.2995514538658541,0.9500000000000002,1.2039503066162376,0.6258391332519522,-0.0025731789497915564,5.536740727971177,2.2962924325065264,0.26890821267614,0.758896160137229,0.027323533330242483,0.6315984822275831,-0.014825698704084012
5.572609623022018,2.3166696602445684,0.31022973672751675,0.946625,0.9752449572084955,0.6364086659078665,-0.0038337409742456928,5.545018676270972,2.302350934397494,0.2687517394980989,0.7589030968048084,0.019148544385411397,0.6318060107707444,-0.015252347827305446
5.575327823163886,2.2958833602896624,0.2885498547986942,0.9540000000000001,-0.10786609613667421,0.6353658493004355,0.0007914125939806475,5.5524593127105195,2.3077988380168013,0.2686079717980924,0.7589028601271653,0.020069335311124724,0.6320000349999706,-0.015588616101941177
5.5990589857709665,2.3201223558031385,0.32490898615520003,0.9463750000000001,-1.211123155511561,0.6220783421926837,-0.007115012322784396,5.5608347065280785,2.31393315943942,0.268442480467782,0.758888229905242,0.014202040343511687,0.6321558488089547,-0.015939517679667503
5.494283728847796,2.282334771031585,0.32945705981590284,0.9463750000000001,0.15755987188257575,0.6236507156313591,0.0025806206018204945,5.568451524996835,2.319514980922012,0.26828881782951836,0.7588875743381661,0.026514776745205807,0.6324204538139502,-0.01627099491639017
5.616455176411844,2.2707596327697566,0.33312436470746476,0.947875,0.23653246119558827,0.6262649895877361,-0.008328418221704553,5.576899024019957,2.3257088284325764,0.268113780583652,0.7588876152117608,0.022849447736504904,0.6326729972315985,-0.016708569299560327
5.595415039365131,2.2744956280581308,0.3020522810615344,0.9472500000000001,-0.12043007658909015,0.6252476706266696,-0.008969964805442418,5.583350204040112,2.33044087460853,0.2679775723898605,0.7588876292153105,0.023067105483739636,0.6328678539023751,-0.017023051732852235
5.546693623686896,2.3195515077291544,0.2884708407482089,0.9550000000000001,-0.6386918825053003,0.6188723293541587,0.018940479015845692,5.591034630889216,2.336079502448861,0.267811395827851,0.7588839637852919,0.0167380109490396,0.6330349306023395,-0.017433169607155907
5.622153591145299,2.371275592467221,0.31665434934722736,0.945875,1.0506841339676969,0.6290471177109205,-0.01487640302828293,5.598417438813842,2.3414988897559033,0.26764800167792935,0.7588836656959804,0.01890295867160281,0.6332179861921046,-0.01783908524466149
5.611808143318527,2.333888087345301,0.344707318930751,0.945625,1.1788814489293513,0.6386858453186921,0.019420500471503243,5.604648257529028,2.3460743165775915,0.2675073966308051,0.7588843594396848,0.021210321421072025,0.6333914052503453,-0.01818680175486964
5.624035993789009,2.3145308797050763,0.31093896287656697,0.945125,-1.878590343812554,0.6243056437440115,-0.000692130711182081,5.610477965998994,2.3503565914761815,0.267373629892249,0.7588846291567062,0.020264982550404126,0.633546529295852,-0.018490589074749764
5.651036852458298,2.3262471627121224,0.31854302402942647,0.9521250000000001,1.9375771444173033,0.6456744526745162,-0.01453768004620067,5.618937667789788,2.3565740881441024,0.2671752025843538,0.7588778958086342,0.023192083263045327,0.6338023060515678,-0.018897833087970994
5.641242372895068,2.3362443789388414,0.30474909146357776,0.95075,-2.481900716382993,0.6221619889639509,-0.003885242703201788,5.626192729270993,2.3619088598634628,0.26700111298356116,0.758875198757289,0.024849734668711314,0.6340377217878856,-0.01932946375764688
5.590646734372506,2.4026968163943376,0.29933145408351697,0.946625,0.8013462188142422,0.6289466504946937,0.005090179078815887,5.632647180229997,2.366657574231235,0.26684361906558834,0.7588646115435225,0.031413547461427806,0.6343036870872805,-0.019651955722534087
5.638103676513721,2.3843955071365714,0.32250870056688336,0.9441250000000001,-0.34466815133513923,0.6255496937059224,0.0018428829725140466,5.640139556364295,2.3721724275769143,0.2666578501972852,0.7588656707853254,0.02204409108795658,0.6345209477322906,-0.019965648639428846
5.602836572257652,2.3617014669330896,0.30714876422992854,0.948625,1.4403084580392504,0.6423898209379169,-0.015866578621843503,5.649068163910599,2.3787486766385904,0.2664320897746158,0.7588672497224495,0.026339380446713263,0.6348289085135099,-0.020356043942682422
5.675885666336677,2.360861691938738,0.31729796071852057,0.9515000000000001,-2.6404495965476737,0.6250185849579051,0.008040480412667387,5.654106879329332,2.3824608182207148,0.26630301788602606,0.7588736673708414,0.018414746030771072,0.6349500571615398,-0.020620576921995593
5.704302968031555,2.3708742071798055,0.3193253779249626,0.951625,-1.1838558714280507,0.6158377329942972,-0.017202247385534174,5.66004663046082,2.38683783114708,0.26614836515594487,0.7588748747270421,0.014871018151727955,0.635065382531371,-0.02095749580753381
5.6317303363867515,2.381527137144513,0.3160649871415748,0.948625,1.1299212581117393,0.6255727620611338,-0.007921915356975886,5.666623874523094,2.391686360654383,0.26597455642274703,0.7588697383224178,0.01997631483210071,0.6352374918745154,-0.021267708318940315
5.6581829789575675,2.361105757490441,0.32018095455817563,0.9522500000000002,0.8271421122308238,0.6356570870446911,0.0009914877645674114,5.675965341948577,2.398575175637508,0.2657210007399834,0.7588701877706915,0.01473420391403718,0.6354171278747214,-0.021841889146530402
5.659852086688968,2.353997906675246,0.29188239860384585,0.9521250000000001,-1.3675655156933566,0.6214017475682212,-0.004312506409381186,5.683949837640731,2.404465992976299,0.26550078947020694,0.7588739383844267,0.020961974665896176,0.6356356329931456,-0.022189718365512867
5.6812595091237155,2.416513820650267,0.29057068548473597,0.947875,0.9553351824862979,0.6320546671269955,-0.0011953520861963305,5.69245183868669,2.410741185446846,0.26526171575459345,0.75887442143749,0.017543950210890717,0.6358312651584486,-0.022620641911731187
5.713607836103539,2.3908372347621083,0.3079286728353209,0.9487500000000002,-0.04903987266054433,0.6316481384198198,-0.016773135992936936,5.698777627768388,2.415411177059793,0.2650818368622268,0.7588811944923509,0.012674116567974215,0.6359363305255354,-0.022873066897514782
5.694324979559641,2.4232887762203825,0.3083370938995581,0.94625,-0.7892745456607146,0.6250808247171702,-0.016292631265633586,5.705109179028728,2.4200876418141655,0.26489883687575494,0.7588619742580828,0.0272602428015864,0.636163154723874,-0.02324473558769169
5.7353776135070955,2.450176741041456,0.2981646409638857,0.9493750000000001,-0.267815281808136,0.6222227748639764,0.0035166186660370653,5.713255315811504,2.4261067641191643,0.26465967252631584,0.7588565446631845,0.017935640936815787,0.636354558872287,-0.023608290992681802
5.755499203070564,2.4220508198029234,0.3133357449961419,0.9480000000000001,0.7776361379893346,0.6300671105823485,-0.007589718344697393,5.720943440755953,2.43178906207805,0.26443025420846766,0.7588493971113078,0.013321484515934175,0.6364889381683421,-0.02399284147484204
5.76489042446843,2.423242832095253,0.3265737944766522,0.9485000000000001,0.42633494569974706,0.6346813798411617,-0.004096761376645012,5.729195009334205,2.437891010752985,0.2641796397729476,0.7588547893093016,0.023234787560587125,0.6367404107887715,-0.0244151779798627
5.705744584398304,2.5139315725410505,0.33206103081273536,0.9477500000000001,-1.5511945462071952,0.619606105705504,-0.021892803057913447,5.736597601889399,2.4433669897442347,0.2639509192595592,0.7588729646055737,0.016525309113445456,0.636901011898201,-0.02483459135435062
5.788855623919994,2.429965780855588,0.33644660170391727,0.9508750000000001,1.4961662435682772,0.6351919920227593,-0.0008764045970617201,5.744557055790398,2.449257925253691,0.263701307875947,0.7588733955424616,0.02357570653689552,0.6371466051158752,-0.025202015840291025
5.799109204794774,2.3967708257942633,0.2817942373174494,0.9493750000000001,0.1168693818056373,0.6363884047603725,-0.025503491147185992,5.752365588491542,2.455039149745497,0.2634529235699075,0.7588571997066277,0.01606986880359874,0.6373111152333357,-0.025559559636549434
5.810268902017974,2.427305232630013,0.2847048902766369,0.953875,0.1977229713567204,0.638596308192731,-0.01236038419532364,5.760922210729944,2.4613766951249647,0.2631770810434891,0.758858432701059,0.016599564167290533,0.6374964767745324,-0.025899737591208005
5.767548680572568,2.488574118937272,0.3020417931646196,0.950625,-0.9370483830287446,0.6280915156539133,-0.0035708142286402784,5.769481675098026,2.4677193037192175,0.2628970923236412,0.758856785530297,0.019904241370717838,0.6377196135196876,-0.026275791946280602
5.755531380024857,2.4074413834632598,0.30935059619726546,0.9545000000000001,1.2524769592965952,0.637573006721901,-0.0077736452337715065,5.775284516742778,2.4720206516134824,0.2627050682908476,0.7588568052354699,0.020738282162841012,0.6378766062975849,-0.02657809750697826
5.753641314589425,2.427408767117679,0.30289634966834994,0.9490000000000001,2.373207548272241,0.6533052301568287,-0.0070088342468034,5.780336126943735,2.4757662555721356,0.2625361523666965,0.7588556344900643,0.02129919813654085,0.6380178007516109,-0.026853580095109297
5.758932630914074,2.489625827839662,0.2964683617912221,0.9480000000000001,-2.7750573722571388,0.6213848050079411,-0.003593034077101613,5.7890908651073305,2.482260358728323,0.26223797356021494,0.7588488910819748,0.01762305149621072,0.6382205119826665,-0.027348018881947045
5.801367567171533,2.4548937041351633,0.30128104641187586,0.9530000000000001,0.7074154829753841,0.6297192825184328,-0.01498778341819374,5.7981035675494965,2.4889490831188597,0.26192677559508565,0.758863682716347,0.019850045695209154,0.6384543770356803,-0.02772015474137124
5.832943869144502,2.4644871927144636,0.31692418904974545,0.9503750000000001,-0.04787589110362046,0.6293138184622067,-0.004622604512485592,5.804563508887812,2.493745033472232,0.26170092622091073,0.7588634238016759,0.02053753495543383,0.6386283107638251,-0.028063730795461428
5.852231471358372,2.504042509449986,0.28056878184341616,0.9471250000000001,1.5933918366744506,0.6408025669974293,0.0029115576820258567,5.810043885527724,2.497814857352619,0.2615077529047432,0.7588642729380718,0.01820523925047138,0.6387595750335158,-0.028290956700765424
5.806246164313888,2.456034291884298,0.35388881594510185,0.9477500000000001,-1.3603023471545406,0.6269974675766847,-0.012197583288877056,5.817761658802665,2.5035482311103117,0.26123223373032395,0.7588588480921284,0.016619801891441365,0.6389282419610884,-0.028649256501523723
5.8283862293499515,2.4398810789687952,0.30728044614913896,0.9487500000000002,0.6324317425200471,0.6342048224641279,-0.0009261389654995892,5.826436508318682,2.5099943105486426,0.26091807417314344,0.7588591276290698,0.011168242160231299,0.6390555181227766,-0.029060117614352343
5.836151127977691,2.4494055756714155,0.3276926143567449,0.949625,0.6594973286454849,0.6425780589288825,-0.01001662082227682,5.836108055136132,2.5171846498851576,0.26056185090049877,0.7588496578250218,0.019080154822984304,0.6392977672437019,-0.029549697508615136
5.82847496394314,2.514580648474083,0.2949147416386301,0.9485,-0.053783052813129346,0.6419985763113698,-0.009203224901637498,5.844304643217514,2.523280707014017,0.2602560955168908,0.7588317380902035,0.016625573612616767,0.6394768985947645,-0.02992310294454903
5.876841441204553,2.5102091063155454,0.31785788718891755,0.95025,-2.583983714068493,0.617599504006022,-0.009642794089183247,5.851500343656402,2.5286339142207908,0.2599844842510043,0.7588342242040113,0.01460419322831428,0.639614797593353,-0.03027559646821043
5.872290423064862,2.4865275671055738,0.3082381738403332,0.9476250000000002,1.456997306010548,0.6302175437017805,-0.03325339094720768,5.858080823189326,2.5335313077612924,0.2597333083696434,0.7588471569373207,0.02119910977258228,0.6397983883299467,-0.03061090087584839
5.8733350936389765,2.47817470288545,0.32321352625225314,0.9516249999999999,0.8510721471726933,0.6387428839865925,-0.017913851540284017,5.865723783091497,2.5392206399843125,0.2594382671025792,0.7588441835125979,0.010156652188372126,0.6399001293120103,-0.030955722146956077
5.887147588063953,2.510194400273554,0.3019497613140463,0.9547500000000001,1.0296342973081833,0.6485770271550333,-0.019934340158327797,5.873033827277004,2.544664567858567,0.2591527432723857,0.7588274051258441,0.022246864927812783,0.6401126114091209,-0.03131627919160396
5.901357103791766,2.5565773006102246,0.33681428795579543,0.951125,0.5670698580379736,0.6533843041156122,-0.0035516756844767576,5.879496766608142,2.549478952573657,0.2588975234337498,0.7588275391898398,0.01539986830746914,0.6402431622240883,-0.03165824236809023
5.91107243730368,2.5053659517856843,0.27572076496408215,0.9493750000000001,-1.3980380401518986,0.6351075662117687,-0.013320040244623858,5.88944329116993,2.556891670052361,0.2584990417113945,0.7588071078089565,0.01648700109528565,0.6404586989900309,-0.03211186731210347
5.877467012321888,2.517698454232554,0.32432953212379123,0.9505000000000001,0.04193599927568591,0.6356392204357499,-0.02085854488898372,5.899099057231463,2.5640902443491944,0.25810645711350594,0.7587860642537811,0.013373312783997601,0.6406282425409904,-0.03258484951709617
5.938477634546277,2.508455513610307,0.30750892764659143,0.95,-0.12846288191619265,0.6341356814847581,-0.011041829718144174,5.908007804946735,2.570733205042581,0.2577396553559924,0.7587785088729921,0.008038460150996869,0.6407223252656089,-0.032995110241571535
5.92585105027491,2.538004215717221,0.2846127004072763,0.9527500000000002,1.9890012611898213,0.651278335192742,-0.026867271507029646,5.914586415261844,2.5756398916654333,0.2574660216711625,0.7587931440564302,0.01397310465580158,0.6408427556036953,-0.033329440002825894
5.9137941072857645,2.565526856236374,0.3438130079680276,0.9481250000000001,-2.349447768783638,0.6247706226392999,-0.010235963179395657,5.923155220220723,2.582033326244218,0.25710451612903895,0.7587897430309378,0.015631174933828013,0.6410191147879782,-0.03380069286109544
5.942254203858328,2.625017014900439,0.3415400415290405,0.9516250000000002,0.41786690574771274,0.6293502097596342,-0.018113345510672424,5.931508133634744,2.5882680681375914,0.256748645388661,0.7587836344157812,0.01677083204240248,0.6412029137090274,-0.03412890889316511
5.953729623958388,2.57410773132362,0.262884828802761,0.951125,-1.4938067536136332,0.6134205257601706,-0.01572305204880411,5.9396305291966405,2.59433250837126,0.2563992417726934,0.7588100991805622,0.01305081629203414,0.6413420852444114,-0.03445585190950906
5.984943765037539,2.572660735835694,0.3076662570968992,0.9530000000000001,3.4119647721091986,0.6539358942833853,-0.02243846482697049,5.948692390781571,2.60109919273354,0.25600493594618184,0.758817759636243,0.004825587067271542,0.6413993866679109,-0.03485081643608545
5.929494493533738,2.606337862020483,0.3180261396290315,0.9510000000000001,-1.7859608160644302,0.6343741641755285,-0.016270385566505455,5.957032911194871,2.6073282611002333,0.2556376236515702,0.7588221457788348,0.007201397605025327,0.6414782639843009,-0.03527034104574378
6.0091375232427175,2.607605028763098,0.31252209045605417,0.9536250000000001,-0.026753554363842774,0.6340769316152386,-0.019768838635032846,5.965514678930126,2.6136659536186904,0.2552595602339042,0.758815217821389,0.021348852642055202,0.6417154501930473,-0.035691462567269294
5.978473082246049,2.575571767112623,0.3337728472864769,0.9525000000000001,0.09132906887936035,0.6350774743907679,-0.02046584684172118,5.973867819455113,2.619908752232987,0.2548836435536605,0.758804016264627,0.008541177368026287,0.6418090218610271,-0.03603246411598704
5.970643174455498,2.6678970947307414,0.329394667245973,0.9515,-0.032951143960883805,0.6347311187510405,-0.0169532438478764,5.981872603946012,2.625893617269512,0.25451935186421887,0.7587730990874844,0.018402699865840283,0.6420024560826829,-0.03643214834212838
5.975334223916374,2.6022392623437995,0.3083905144569282,0.9517500000000001,-2.2149653793868196,0.6185074203110812,-0.026641913449095347,5.987451771355128,2.630065504168516,0.2542634377761674,0.7587882126180641,0.008807074370040708,0.6420669642325834,-0.03671858869925737
5.96914980610945,2.61578007695275,0.34841084479985807,0.9508750000000001,2.110632315723911,0.6398784834907079,-0.025081316718659496,5.995156505985222,2.635828220188077,0.2539071606433811,0.7587982423215365,0.011604768855841264,0.6421844675260537,-0.03701264639891155
5.953982149541477,2.6304063386948355,0.32140560040207977,0.95425,-0.17222820441457695,0.6382998893601357,-0.022852682227267395,6.002154926691535,2.6410641176063834,0.2535805694581091,0.7587956859209938,0.014646237461776672,0.6423187107214159,-0.0373488345028834
6.032718998936177,2.628806761883213,0.29546182467870546,0.9512500000000002,-2.8045248210162526,0.6156386597489552,-0.020325332282846453,6.008304766801394,2.6456658199565486,0.25329173761542917,0.7587943183697577,0.008695800587043516,0.6423889748646601,-0.037586205081145074
6.081412497200885,2.671268668728408,0.291161280020492,0.945125,1.1552009299614883,0.6301049232325315,-0.03054116590281055,6.017772603700655,2.6527536059423786,0.25284077110669295,0.7588191791347222,0.01809381676365762,0.6426155587549061,-0.03811196491012092
5.983100225334124,2.614927369540244,0.32678637832173824,0.9522500000000002,0.6666263635948196,0.6385000776836303,-0.02304331485961892,6.0273645007212435,2.659936482978535,0.25237866735763426,0.7587821256621383,0.011763101562149525,0.6427636972922204,-0.038543383948330234
6.01233365254126,2.6629320642697776,0.28577974326995836,0.95425,0.32775923032264137,0.642445915633544,-0.022684894976061555,6.036551993479332,2.666818776678018,0.2519321207788638,0.7587685550165055,0.013056069224503268,0.6429208771018384,-0.03888030900478068
6.071343630349644,2.650238558278844,0.2931984277457735,0.9557500000000001,0.265243684206025,0.6451998930960228,-0.02652819628081141,6.0444874197217535,2.6727644323486164,0.2515426772455023,0.7587428423700734,0.009928917852013577,0.6430239672699347,-0.039255128597574185
6.056634475227371,2.681584701119744,0.2963125220155939,0.953875,-0.07650242962664915,0.6442798796448548,-0.0390901982446604,6.053659354094701,2.679638854608604,0.25108735807470045,0.7588114350427824,0.013393982770154234,0.6431850424720347,-0.039702661699532626
6.090706154904719,2.6513203784549364,0.30797281001207466,0.952,-3.9742092808090046,0.6044659340434482,-0.015121976948597654,6.061283828001254,2.6853554571125624,0.250704911889288,0.7588213658673331,0.01686042634931147,0.6433539515681734,-0.04011117298595712
6.070510836382127,2.653087321855634,0.29673592293510875,0.950375,2.4266449374971866,0.6294705588964034,-0.03335546025695689,6.069111973914109,2.691226003331157,0.2503090159864697,0.7587639658919038,0.009812429161406047,0.6434550607606582,-0.04043805560461555
6.062543757979137,2.6902924182981938,0.2740567993110547,0.951875,0.5773167715364587,0.634296807569724,-0.011484068380322475,6.07547220601758,2.6959971389137882,0.24998472057768925,0.7587518325916929,0.017080890060509765,0.6435978534648683,-0.04076483119248042
6.081298889825535,2.685066595695636,0.32336943180778677,0.95425,0.23569500302730859,0.6367941109000705,-0.028940217320356905,6.083552885251016,2.702059873599539,0.24956878316290632,0.7587486057982564,0.007500881202972885,0.6436773289538187,-0.04114977555011645
6.024336346768991,2.6554297505303395,0.2917809701346884,0.9533750000000001,-0.5761120173521365,0.6309808071379828,-0.04047390621619987,6.091240561895936,2.7078293007143817,0.24916906911407025,0.7587341980565928,0.012804724408908156,0.6438065360356653,-0.041561825119238005
6.067654064291319,2.7249620007025137,0.3400591146697333,0.9515,1.2575986662753265,0.6410994734536084,-0.03207294083731735,6.097358015620581,2.712421198783396,0.24884914881838574,0.7587069170382137,0.01153591731096171,0.6438993542781177,-0.04180019151865455
6.138003465062112,2.7121875717108552,0.30547983828758074,0.9532500000000002,1.7803291553970695,0.6587660434413203,-0.02898882714394829,6.104916196940501,2.7180951372351507,0.24845093960036835,0.7587527856858041,0.0050988578648897545,0.6439499512865723,-0.0421095808284746
6.152875673668783,2.693581449138682,0.3244817868658907,0.9546250000000001,-1.5266716117172925,0.6436819086167795,-0.02374953163512264,6.1124519614748865,2.723753414847762,0.24805053621945208,0.7587597498504309,0.010027697229191012,0.6440490290029741,-0.04246397874626062
6.169022688075905,2.6889519759646445,0.31141248525954307,0.95675,-2.321621684587524,0.6142058062951223,-0.028947707083438856,6.122155950228349,2.7310414410739248,0.24752866415298538,0.7587747048724673,0.008944304808567711,0.6441625889535398,-0.04297547321053763
6.148745391648752,2.720347745027145,0.32478640089621635,0.9500000000000002,-0.16721779110467153,0.6123093358177201,-0.027291498286892136,6.130762610496806,2.737506140753645,0.247062181374198,0.7587569011095537,0.005269600722189972,0.6442223531815641,-0.04330960110749782
6.07550511596617,2.734913960684626,0.30961504496027564,0.953875,3.2689624009059592,0.6450550818918575,-0.02297744815349865,6.138394718072205,2.743240012415772,0.24664494295876258,0.7587693383291908,0.009911501915214038,0.6443216383629533,-0.04368033584412201
6.132077256820008,2.6731553014843845,0.30262133669314667,0.948875,0.24448829324792679,0.6475912032014692,-0.0275653311760456,6.146255959672381,2.749147158261252,0.24621107006515766,0.7587619996757822,0.008854851710869733,0.6444134913421657,-0.04409428472254717
6.198572396096286,2.7379530237740353,0.31949768199236206,0.9547500000000001,-0.14369158737705057,0.6461447579075115,-0.031867718559815066,6.1539312841338685,2.7549155410849324,0.2457833201964156,0.7587561118142331,0.0077758199414074795,0.644491765222817,-0.044521832664333516
6.214945788071935,2.751754899609717,0.3470749731089166,0.9512500000000002,-0.6468808827235202,0.6398728408466785,-0.02412239665870285,6.161296337271222,2.7604515883762923,0.2453694422602787,0.7587677801708517,0.007593719262829044,0.644565391107693,-0.044889780518205136
6.213545138467517,2.6663531912360696,0.2917176397572104,0.9516250000000002,-0.28986305600266166,0.6374448437696549,-0.02452652140453588,6.1676613539406,2.7652365563286403,0.24500899546566324,0.7587409680835954,0.007338471801426661,0.6446268607835095,-0.04523432843493991
6.173058950771083,2.7483533804920803,0.3127267701429047,0.9513750000000001,-1.1720519143394126,0.6259898855897315,-0.019736569768760346,6.17508556454365,2.770818469148706,0.2445851149106456,0.7587660736914206,0.006029080718335841,0.6446857855347488,-0.04560323385426779
6.147746805946013,2.7683415138667162,0.2964615365312184,0.9532500000000002,0.8051120708778006,0.6331399672297717,-0.03450230063972746,6.1818446013929185,2.7759010100227637,0.24419676669953846,0.7587725813878944,0.007883345211206995,0.6447557963616828,-0.0458893882903153
6.191943733980745,2.769536741659314,0.3064460205582718,0.9537500000000001,2.1691337420278702,0.6507631522145605,-0.03571357836937544,6.1880309991728035,2.780553308486435,0.24383900046103643,0.7588036012721787,0.004582627342311928,0.6447930280398433,-0.04618714897406573
6.201847854811602,2.7822901272681824,0.29684417104487615,0.953125,-0.948406326635064,0.6405518199433637,-0.03419024529528199,6.196222697086496,2.7867160611047224,0.24336147532797323,0.758772150460396,0.01757581180355149,0.6449822638654821,-0.04654952581211891
6.256473751045059,2.7543946326386997,0.25252417037374264,0.9515,0.18652481651967104,0.6425265389619175,-0.04049666397183739,6.204263541566988,2.7927654692656314,0.24288869314657516,0.758743755941327,0.0010886475046480955,0.6449937892644719,-0.04695082091502689
6.221943158564816,2.7371766857765385,0.2914509865236538,0.9546250000000001,0.24559563436318724,0.6443242839585355,-0.03361351182617878,6.20984116372064,2.796961980411422,0.24255895776690395,0.7587211138803437,0.004241267291545852,0.645024835081196,-0.0472048476222362
6.223122852394918,2.7199502609342776,0.3151419924308966,0.9545,-0.14747856601645323,0.642876638329986,-0.036031341657313476,6.2173193907873365,2.8025889767106125,0.24211434319228,0.7587274550273463,0.004360385353474213,0.645067636506286,-0.047472000955977034
6.23362419189846,2.813230482102536,0.2794868496701988,0.9530000000000001,-0.1006857076136465,0.6417194019059327,-0.03570644748350974,6.226060652094719,2.809168597545662,0.24159000641882847,0.7587320860233416,0.014320870775932245,0.6452322341803636,-0.047888270751343054
6.252284887297564,2.8081317602321265,0.3128428056001604,0.9515,-1.4865742879053836,0.6244917368638054,-0.033015339478696046,6.234860295496683,2.81579226486939,0.2410579162155717,0.7587181318532426,0.0006371939173852067,0.645239618515923,-0.04827311824266456
6.267913725207747,2.8286427739535287,0.2977263743916347,0.950875,-0.00633777101780457,0.6244186068751096,-0.029937861042697075,6.243615393697945,2.8223835722780546,0.24052329763903088,0.7586886100702929,0.0073932939228256,0.6453249279250959,-0.04874540200291566
6.235082723827458,2.777542572487143,0.2898989653163903,0.958,1.288700999474933,0.637380838102799,-0.05290606602068555,6.251303941263258,2.828172709309703,0.2400510161222027,0.7586398035703161,0.006487735563380117,0.6453901839686242,-0.049032255826140236
6.231773709924723,2.8283684475088235,0.31156018975255834,0.9553750000000001,1.2758572783140383,0.6485221750376473,-0.030929475664220878,6.25796026586313,2.833185233540451,0.2396394641865398,0.758639041217353,0.006648170465551157,0.6454482386651925,-0.04935053477000828
6.311028549873277,2.7639266161722653,0.30678911652580354,0.9570000000000001,0.3994270546587498,0.6518671576381116,-0.029569141017013127,6.264354089180477,2.838000928971388,0.23924208254590126,0.7586285412185614,0.01009319030527242,0.6455327636004982,-0.049604102006864714
6.228729755733877,2.78889258875222,0.30123014182154645,0.955875,-1.0021172842754997,0.641327982998412,-0.038960872889354965,6.272373450564768,2.8440422421181064,0.23873993929038237,0.7586071425102131,0.009804442734967217,0.64563587601643,-0.049971138559518735
6.335182410677834,2.8247570851725183,0.312782732104478,0.953875,-0.2844078165049434,0.638322099523736,-0.03714274104295687,6.280415287569494,2.850100876289697,0.23823297532041218,0.758654632077888,0.002921362830405747,0.6456667516666261,-0.050308135792342945
6.237861080420923,2.8476482725898906,0.29612214131473685,0.9522500000000002,0.4510368308219545,0.6437034184491508,-0.024485580436115435,6.289477454938491,2.8569291086160122,0.23765737809900928,0.758651333686283,0.005263486497187962,0.6457295503064833,-0.05068470755750942
6.286561573093029,2.8847376688546738,0.25876764800899793,0.952,-0.14514861247519145,0.6420124415444017,-0.04496781481650868,6.298323905546517,2.86359428313164,0.2370908444505696,0.7587070682020614,-0.00320525612296454,0.6456922091704893,-0.051103779844481334
6.340755179665233,2.8327314525369984,0.28375972738247796,0.9518750000000001,-0.9578510759241167,0.6326239138265501,-0.035992264096807856,6.3057654991900955,2.869201507237358,0.2366115415633359,0.7586914211204592,0.00445916134010855,0.6457359163405205,-0.05139511415005327
6.317834989200407,2.8185800101387146,0.25495090141551874,0.956875,-0.3567049272329564,0.6297225861054434,-0.02774172285752607,6.311973056486472,2.873878944956639,0.23620936993747585,0.7586949654765411,0.0007230062729244624,0.6457417970502668,-0.05169660243708751
6.285617658208566,2.8224455198406706,0.30385196167367806,0.9556250000000001,2.069459258150849,0.6494266115346701,-0.04687539353970605,6.319229896760469,2.879347346222809,0.23573653191344787,0.7586933672654719,0.002967900517001622,0.6457700554404857,-0.05199031865430381
6.34580779175408,2.8351893428612303,0.3082628753311117,0.951625,-1.0916776654880345,0.6381541152143568,-0.04316127719126147,6.32706701043398,2.8852526023637837,0.2352222964163609,0.7586348398826419,-0.00323854690306995,0.6457366147013355,-0.05235630197534169
6.342446695219042,2.9279633109449046,0.30882655270610293,0.9546250000000001,0.4207393611279369,0.6422339722622965,-0.027148778439121404,6.3344495604149875,2.8908158992515864,0.23473495653040027,0.7586640018949105,0.004935712504446895,0.6457844756891782,-0.05267058860998164
6.340945311361366,2.889226549872787,0.29944563118010703,0.9550000000000001,-0.17973720792546183,0.6405924037932356,-0.05259531467789642,6.341405721612789,2.896057516409535,0.23427293625923434,0.7586620749846646,-0.0036571346181859133,0.6457510744978188,-0.05299561739507519
6.336653096121077,2.905792271559487,0.30864534291154444,0.9515000000000001,-1.2780539976282503,0.6273270631438854,-0.04349757153654107,6.3492816769994285,2.901992670211184,0.23374637520546787,0.7586889511052202,0.0035261128505453963,0.6457876731769181,-0.0533429118264066
6.361407728774372,2.8704980472679247,0.2574165152891619,0.9545,-0.6916311212883682,0.6209335812176624,-0.038807489603224304,6.356318270857955,2.9072950785915546,0.233272843574988,0.7586688813934777,-0.002159983057062794,0.6457677061566218,-0.0536931448289657
6.351920957172429,2.882763887945304,0.2864633207232007,0.95475,2.9377646422327404,0.6475435621393588,-0.05199101728776766,6.363214893010859,2.9124919303273527,0.2328061823820167,0.7586639101815493,-0.0008301217612639936,0.6457601869959948,-0.053987777371614865
6.450425963998614,2.90973784989124,0.2599271637202048,0.9560000000000001,-0.8494230583696846,0.6386524987270841,-0.04086462899113989,6.371194373511598,2.918505669816976,0.23226273096187458,0.7586338872481304,0.006988757232382099,0.6458333395706912,-0.05433590392532617
6.377381810040997,2.878924708547896,0.28070685267742856,0.9555,2.3186622061607913,0.660440993284638,-0.038918095347592094,6.378353922077675,2.9239019455882076,0.23177210470597254,0.7586718931041972,0.004534771346650489,0.6458759528675069,-0.0546697023750049
6.3813037915982855,2.8912489805761035,0.31980691468759964,0.95275,-2.6478317498627995,0.6329931547588834,-0.03442022332917572,6.386228573347182,2.929838048609635,0.2312290117882482,0.7586787314153068,0.006577288453055229,0.6459441340695058,-0.05501695260947903
6.38423507156448,2.8856615984661955,0.30895017196993,0.9525000000000001,2.15101256022704,0.655384778288143,-0.04483243578187354,6.39413366190149,2.935798131038386,0.230680409365991,0.7586904027134321,0.00801985677340561,0.6460276192229397,-0.05535692142340398
6.460138543509146,2.8971886325279907,0.30001333497057886,0.9522500000000002,-3.507569190706817,0.6263040254699148,-0.04386174343674105,6.400427946844202,2.940543618453629,0.23024126524309318,0.758729272099586,-0.0014819255084415246,0.6460153327912082,-0.05565201550411958
6.364759609362771,2.9173545109549175,0.28277701685616813,0.95225,0.9955251551171562,0.6355406455543591,-0.04048711757475339,6.407471271527242,2.9458545955738686,0.2297470802125187,0.7587623403232333,0.007431720687121191,0.6460842853236559,-0.055963450144170146
6.434019564435366,2.8981412796537973,0.26606380564181986,0.9546250000000001,0.6304831180928198,0.643205217867588,-0.034444915465849095,6.41672295511285,2.9528299484025298,0.22909275219846562,0.7587868440168363,-0.004672052350257214,0.6460274887464563,-0.05641292554470079
6.422377947615123,2.936063574489266,0.28935248551138826,0.9557500000000001,0.23669951051920748,0.6451596174950072,-0.042874039550035124,6.423013933391854,2.9575733902752432,0.22864627611312324,0.7587493285124157,0.004020058543827921,0.646060681890384,-0.05660696189796566
6.392078751901447,2.9398997135407154,0.307556450752525,0.951875,-1.4336361523823078,0.6353750244814016,-0.04118670531044094,6.428192853393005,2.9614782727819153,0.22827745611748407,0.7587358767122955,-0.001075056249544722,0.6460533446117789,-0.056802085487328124
6.415725182320569,2.9300800621869407,0.2932547719727991,0.9560000000000001,1.8144577205446528,0.6484522427177088,-0.031156952111613415,6.433685519705632,2.965619534596472,0.22788472340062732,0.7587168193043433,-0.0029634842102771544,0.6460319860927464,-0.05703036062629252
6.45749403286885,2.916340724169669,0.2529425749477021,0.95425,0.20903877108602933,0.6505517580897573,-0.0298884720827942,6.441325535514902,2.971380180275041,0.2273357410039343,0.7587336902737837,0.003023431431267591,0.6460623524249502,-0.05731150444558031
6.429743737464254,2.950021964131574,0.28634459198656564,0.955125,0.06588425936614523,0.651213656126366,-0.046897943373200614,6.4489742010001745,2.977147848559297,0.22678220796677798,0.7587427888541979,0.0041538113571308165,0.6461040831753326,-0.05771850485804464
6.470982139319994,2.937307888701735,0.24558793381382218,0.954875,-0.9365355469757003,0.6420135207768327,-0.021691986032418772,6.456450894378006,2.982786279527552,0.22623715999862157,0.7587177627529852,0.003841227166292976,0.6461418177919764,-0.058138381408079365
6.5241188524445395,2.960569900524779,0.29945531682700266,0.9550000000000001,-0.22151466840689998,0.6393949328067565,-0.0447732377099908,6.465448932119214,2.9895721437861726,0.22557665594682996,0.7587090933188714,0.0008109359530655727,0.6461514040967864,-0.058540377297072954
6.481948155938261,2.995519926732197,0.26926574187752983,0.95525,-1.5266338951307228,0.6302492533179205,-0.039761158440868895,6.470010050930966,2.9930119241101822,0.22524054433845828,0.75868176792605,0.0003631113676523422,0.6461535794056132,-0.05876725383837256
6.441334464607301,2.93100743659395,0.2582256497791797,0.9525000000000001,-0.3469105794674589,0.6265741170485315,-0.05418350241331906,6.478052329127902,2.9990772630371736,0.22464433939327616,0.7586832899832141,0.00174069582184398,0.6461720201644932,-0.05911908421254619
6.4689841547634295,3.040813018477324,0.2985322217230981,0.95475,0.8445422094043994,0.6369975898457749,-0.04042007458836087,6.487443646480878,3.006160133239206,0.22394355615070355,0.7586141640958497,0.0006085102136867254,0.6461795304932707,-0.05950579969077685
6.492186179667211,2.978153427020144,0.2930128542578799,0.9508750000000001,-2.335085756377873,0.6175969294826196,-0.0492614641385631,6.493739765826806,3.0109087402368613,0.22347186608118147,0.7586342308273545,0.0014002757396470078,0.6461911644446001,-0.05974175755188771
6.497400631744444,2.9980424025595926,0.28607537621362583,0.953875,4.137087435277476,0.6566108647137505,-0.04104957260999918,6.500908521823367,3.0163154860118024,0.22293169460520607,0.7586442779486547,-0.00013211028247838807,0.6461899186062938,-0.06008644103806304
6.5193191263245485,2.9681447371094274,0.32488501514034807,0.9540000000000001,-0.7787209695326869,0.64970309410403,-0.044879687922827725,6.507652530025589,3.0214020945158775,0.22242124038424502,0.7587058177404113,0.002255216518159384,0.6462099238700434,-0.060355394337079815
6.5307606994341745,3.0299129346866214,0.29338117798962904,0.951625,-0.7432499036638485,0.6432676789862755,-0.05057522501229415,6.514219062791724,3.026354147754164,0.22192197305215625,0.7587358752229441,-0.0078029148062129655,0.6461423624809886,-0.06063057932959204
6.580584454257482,2.9972811295299167,0.2673734104863924,0.95125,-0.41989305675809857,0.6392742411445842,-0.041577156347719565,6.521428976216101,3.031791182595635,0.22137117864761272,0.7587204729608102,-0.0019929276660242824,0.6461234085291925,-0.06091935138529969
6.537852436835828,2.9961239878311186,0.29013078393518316,0.955125,-0.11770247394813697,0.6378451885809815,-0.05331753961617074,6.5306710171603175,3.038759380856379,0.22066043207314903,0.7587636713285526,-0.0072437907931138515,0.6460354600141285,-0.06132876659911579
6.513164610239369,2.9979286626790485,0.27346808831127856,0.953125,0.676012182634322,0.646468454072584,-0.03825710484506532,6.540360637974797,3.046064877852349,0.2199112323104737,0.7587060988902277,-0.000835272258599787,0.6460248052143651,-0.0616603190885181
6.589615259540176,3.0125337586463075,0.3041075675679543,0.9530000000000001,-0.6536436113964049,0.6402613947510174,-0.04894369193860228,6.547572634240541,3.051502846024657,0.21935084194758359,0.7586731490181597,0.004450711759186349,0.6460670695789679,-0.06196276962971625
6.602736452890189,3.040442479735158,0.2838223527747275,0.9518750000000001,-0.24888764851980844,0.6370612993303686,-0.05394209549369001,6.557326275658048,3.0588564181949205,0.21858917224630903,0.7586916174070862,-0.004269392800527127,0.6460121754754189,-0.06227416542320663
6.579516729415042,3.0387867499450336,0.2853530915954936,0.9530000000000001,-1.6442257290234283,0.6205312984019251,-0.05313185492880403,6.564961626299099,3.0646126983869406,0.217989612718122,0.7586029327370559,-0.0020516010284301234,0.6459915499820292,-0.06261982310786296
6.574822932603527,3.039580382779611,0.2483397405119494,0.9553750000000001,3.3005050946129413,0.6622184486000604,-0.06282822618114667,6.574577963174155,3.071862485011449,0.21723020058554907,0.7586065579608037,0.0002292757815744425,0.6459944458581663,-0.06297511306512993
6.608441286651149,3.025033422026566,0.2779684103464954,0.9508750000000001,-2.013273117330447,0.6423674709216018,-0.041606744366824364,6.582050095180008,3.0774944473436663,0.21663727376290762,0.7585716675637899,-0.011264365890309245,0.6458833786244536,-0.06328319167860341
6.5912405331681025,3.0290915317631315,0.2751522419504806,0.9551250000000001,0.1276151480169841,0.6436687098475762,-0.03650075469491931,6.5898119488235585,3.0833441274537874,0.21601817601128695,0.7585723204532607,-0.005268352072410863,0.6458296594155755,-0.06361171836656254
6.543979178375466,3.04433047286747,0.2553104108204249,0.9546250000000001,-0.9000788226215332,0.634174487871809,-0.040319246904883976,6.597837232899906,3.0893920858242954,0.21537506685165914,0.7585337369328115,-0.0019188965424881514,0.6458094184885979,-0.06390998844911389
6.633864264201411,3.0803505441184313,0.2706826007935115,0.954375,0.41000527020076083,0.6402295607164232,-0.053655666013301115,6.60907185307439,3.0978546715427657,0.21446828424121187,0.7585653885795877,-0.015263464838755694,0.6455840033581666,-0.06438048603301372
6.652363760830605,3.0928127052059575,0.28330340011785377,0.9545000000000001,0.2897520491711249,0.6434970738177461,-0.052812113829557174,6.617651942564672,3.104316526128302,0.21377079195491816,0.7585708882502065,-0.007783601140641773,0.6454962282457029,-0.0648450839947956
6.675674822660882,3.1019312009421784,0.27408359451860886,0.9520000000000001,-2.2580350561414138,0.6233122654102257,-0.049328902256303396,6.62443529028075,3.109425250083808,0.21321610275740527,0.7586190290924043,0.00037059974730943405,0.6454995410750919,-0.06522691022529603
6.619291384209313,3.0844777448994525,0.24538976295879336,0.95675,-1.104193140570434,0.6106653928021424,-0.040208154476840355,6.633169877968953,3.1160034689985823,0.21249868086263823,0.758617120818966,-0.0002361133568911697,0.645496836751513,-0.0655162141179928
6.655242366456775,3.1013968547023723,0.2677200885378855,0.95425,1.9945561572841577,0.629528411402863,-0.056242877226889205,6.640363293745038,3.1214206832778357,0.2119056898529542,0.7585841717827961,-0.0029322257053933814,0.6454691059564586,-0.06575579456205016
6.662987911149938,3.090095395508221,0.2633833633960437,0.95525,1.8918910566238534,0.6470574909825855,-0.03997416611410357,6.647418104140252,3.126733407071665,0.21132227088041133,0.758575314435749,-0.0010700240625659085,0.6454591917825532,-0.06596529747784352
6.6668187681476425,3.049328789491383,0.27607036536316704,0.9531250000000001,-1.4314664133461732,0.6307918783544144,-0.06024919053253036,6.65605085674089,3.133233814138623,0.210604669127101,0.7585095448943079,-0.003956678089927551,0.6454142324370142,-0.06630750043301337
6.675398397293396,3.1008211902679896,0.27342727620826557,0.9553750000000001,0.3607488584910144,0.6344161880747805,-0.073494813592071,6.663701594643737,3.138994435279094,0.20996531770063637,0.7585414463230371,-0.002782952491379504,0.6453862731475297,-0.06666027687863885
6.681046853623864,3.101950549098926,0.26298014225795124,0.955875,0.9148334167209565,0.6439467980755236,-0.05346758239652592,6.671639416839171,3.144970379100155,0.20929873230643592,0.7585693077126769,-0.0064625758993211236,0.6453189469115497,-0.06698859584689432
6.693961559651024,3.0877245875024064,0.26171146178709576,0.9564999999999999,0.4462323975081475,0.648418483039229,-0.05467584152418596,6.679279957575177,3.150721925992891,0.2086542772255954,0.758677895162224,-0.0049208589826291805,0.6452696350927667,-0.06728609604246305
6.717876782016278,3.1078336316023485,0.2715550485156257,0.9581250000000001,-1.7986339162809806,0.6295240591356785,-0.04751450547710534,6.687303377905432,3.1567606211726504,0.20797400465247776,0.7586534581654525,-0.00811008923707704,0.6451844396216071,-0.06763961420130737
6.740414114717201,3.1349422544494634,0.28894653566241085,0.954875,0.03754372291287862,0.6299234285676585,-0.03693170345817456,6.695400408935338,3.1628546217839775,0.2072850127488418,0.7586404394747406,-0.0007148578023600064,0.6451768353583023,-0.06788341962210787
6.6865506480182635,3.1009161610028473,0.27490928514198926,0.9533750000000001,1.1121731906503023,0.6378137964335648,-0.04707090766928545,6.700792108144553,3.166912542385561,0.20682523716679505,0.7586255008171884,0.0001870511989270842,0.6451781624023107,-0.0680287271047284
6.712498905591925,3.119828403229241,0.29725122526733055,0.9556250000000001,-0.7212068753211156,0.6298806224931002,-0.04308494848627777,6.709171352268648,3.1732188758841087,0.2061075262218592,0.7586321716995923,-0.0005832365510288725,0.6451717468824842,-0.06833024151314682
6.7115226802223455,3.1924245034498804,0.2910280221807805,0.9533750000000001,-0.09161886586358547,0.6290993910927156,-0.04038059650860353,6.715651775040338,3.17809544688522,0.20555044973966388,0.7586406716322993,-0.007898321217952167,0.6451043981275348,-0.06857988746608212
6.713234939549745,3.1023498026601524,0.29790508865995013,0.9530000000000001,1.3580465810258833,0.6397417927881799,-0.06652529318266441,6.721605391693854,3.182574843636257,0.20503667606057774,0.7586450806432692,-0.010241371433617762,0.6450241410949471,-0.06884891957621342
6.689319096579501,3.1505554728168237,0.29484465195324266,0.95325,-2.0559431795124063,0.619362496290683,-0.054516217470521044,6.729138008531137,3.1882420793697857,0.20438450194727067,0.7586918690734026,-0.001480024669919895,0.6450094705233709,-0.06907550754086467
6.7462855992033655,3.1268019904355997,0.29821835390585816,0.9508750000000001,2.183731065931317,0.6414748948388249,-0.05644238187274587,6.736813878564737,3.1940165327191274,0.2037171501236792,0.7586616485500938,-0.004603159395034684,0.6449628590625038,-0.06936542471055152
6.766804057360261,3.1443208061652426,0.24344076932050182,0.9575,-4.529018035994089,0.6008960673700154,-0.0503385379932675,6.743653153436966,3.1991610867678784,0.20312024447535396,0.7586974117279589,-0.005628331130395166,0.6449124306747027,-0.0696341847526587
6.756389659220131,3.167311741808805,0.27887686931152056,0.95525,3.701695169869844,0.6425273589890201,-0.051935704988017334,6.75221837411295,3.2056024489714026,0.20236952101182212,0.7587212109044836,-0.00968876224470741,0.6448034655471258,-0.06993551686407962
6.766894333412888,3.1481425613252547,0.28988459853675985,0.957875,-0.015136195517995436,0.6424064701724466,-0.06155018784661322,6.758317780463818,3.2101890010739456,0.20183304174392044,0.7587292736094627,-0.005594910795666566,0.6447587804646613,-0.0701828977966974
6.786911908932541,3.2003080570962505,0.29301430430070946,0.9545,-0.9286669620481246,0.633686673374311,-0.05388904414732889,6.7654637282483145,3.2155612766989443,0.20120220821017173,0.7587165522069518,-0.011816387781596271,0.6446478294945566,-0.07044525237101995
6.823683853371662,3.2287930780872895,0.24914662451246258,0.9517500000000001,1.0903783991291072,0.6436338561811916,-0.05743054350236896,6.772386641336706,3.2207653725791485,0.2005883696959105,0.7588197865969111,-0.005096307649863763,0.6446013374658501,-0.07075723243600196
6.776367908378467,3.2191339892030926,0.277191536802083,0.9487500000000001,-0.5852574914518666,0.6378221795901315,-0.05324494184558824,6.779898535699155,3.226411950162317,0.1999200708298466,0.7587866502222753,-0.0022922933190212126,0.6445785747201929,-0.07099526270785406
6.761797566667939,3.2305227807111154,0.2650027812888703,0.9575,-0.41313548190811494,0.6335180116751133,-0.051878803111926386,6.787852332544539,3.2323905083538924,0.19920948403251384,0.7587966521808979,-0.0014713872712289083,0.6445632453714425,-0.07129344580094665
6.800738703162932,3.1631992671758473,0.29999393289793624,0.9577500000000001,-0.09746636862701413,0.6326907014874901,-0.043783824118888925,6.794334396270163,3.2372623643560914,0.1986287765915818,0.758772805309114,-0.005318319391079168,0.6445181026224587,-0.07149269488898735
6.868456648332347,3.203576547321228,0.23472133931820463,0.9558750000000001,-0.10233753959693942,0.6315561441307453,-0.03858313250883089,6.802784857822136,3.243611613426145,0.19786842322350237,0.7588308542491583,-0.013886186835320311,0.6443641544672345,-0.0718118677356423
6.7848607261240845,3.2306061261725048,0.24654570226139416,0.9553750000000001,-0.09138686118524245,0.6306336391358589,-0.05300316069160676,6.810475511082313,3.249389039563177,0.19717370282965807,0.7588688531093172,-0.007751543273576827,0.6442859064861222,-0.07209871682850366
6.8446820787987175,3.246773449797124,0.2253374926342153,0.9512500000000002,1.4054903570079476,0.6406998743834276,-0.05642724413928342,6.81590840417187,3.2534703692536704,0.19668133631958407,0.7588505508605675,-0.00010049646798981469,0.6442851867223163,-0.07233248742682097
6.8653292126124335,3.2772355069280077,0.26406527185810486,0.9524999999999999,-1.3324481879829408,0.631289974927232,-0.04519000396991849,6.821272786292327,3.2574995044342963,0.19619403530838364,0.758863440631346,-0.012273145906606255,0.6441985123810294,-0.07250672229657651
6.767277966559789,3.262354797118976,0.3059141590799099,0.9516250000000002,1.537155208854824,0.6466331220178367,-0.05575293390667813,6.828848138537904,3.2631881877773345,0.1955029806310634,0.7588728654168704,-0.00921660423828624,0.6441065166517177,-0.07281715459332672
6.857963248120238,3.262648980560765,0.2592294537093139,0.9541250000000001,-2.0185281179973864,0.6271168839540282,-0.05699346913976811,6.83620527504137,3.2687126144922787,0.19482921735219938,0.7588555611617692,-0.003490607200371487,0.6440727675448796,-0.07310172565790207
6.871307004394539,3.3203317558672127,0.2616040409323826,0.953625,2.250352523542473,0.6492713116191013,-0.03878767390999913,6.84369288567229,3.274334223551213,0.1941410035574662,0.7588766906678924,-0.0068519951329924726,0.6440053105447219,-0.07337117864994491
6.852819866436779,3.249845792707246,0.27004672860078516,0.95225,-2.1183574969459746,0.6281766519195022,-0.04924044950865396,6.851255465670315,3.280012169086529,0.19344336176738985,0.7588907551581622,0.0004277107450849363,0.6440095696995769,-0.07363779969842366
6.849374005427415,3.244131474127883,0.25615148683172184,0.9553750000000001,1.1384661946070354,0.6399465022437876,-0.06036023644931679,6.859133206799407,3.285925127350381,0.19271324030372078,0.7588990481339036,-0.012632435433304444,0.6438789712900803,-0.07398893264965123
6.859805553447362,3.2645819238990903,0.26517089669854516,0.9551250000000001,0.003993363865227828,0.6399921123470032,-0.06058290230068673,6.867834839359426,3.292454336562242,0.1919033655820906,0.7588960138884826,-0.013865892793083326,0.6437206023503061,-0.0743079371513451
6.874058843876889,3.236520760363795,0.26523555072407434,0.953625,-0.9729163064008142,0.6318844673973318,-0.048015264320052625,6.874173868923006,3.2972103588165353,0.19131182525103144,0.7589086869160138,-0.00513905854796957,0.6436777768145348,-0.0745056776037134
6.881173742149943,3.2706601990878235,0.2400245520716217,0.955875,2.3512867534173854,0.651263873008852,-0.05900216589195994,6.880458713298248,3.3019245141167395,0.19072355120096784,0.7589157111458595,-0.014985579085161283,0.6435542650331696,-0.07473914609871235
6.881924781079309,3.2215504173669003,0.2545909548906327,0.9550000000000001,-2.2055323483633917,0.6328255912289302,-0.06626628906510972,6.886828014125379,3.3067010922798663,0.19012556524572324,0.7589227639558307,-0.011135713997592436,0.6434611703058759,-0.07496999781623259
6.894315838998619,3.263365850450126,0.2707291803094203,0.952625,-1.3490162485803625,0.6187507988253822,-0.06493529617480276,6.894757700229175,3.3126464668562847,0.18937844664666487,0.7588882351637796,-0.010794186612639405,0.6433485505091179,-0.07524066090923309
6.949476279902379,3.2824956405535013,0.27379749397330566,0.9535,1.2029745384546768,0.6330270042072703,-0.05693449465148014,6.903785900893959,3.3194143634267337,0.18852424817621005,0.7589830259150636,-0.006585196021256273,0.6432704012151182,-0.07556054448172045
6.884493853094011,3.319727520227016,0.28067023405934616,0.9525000000000001,-0.22978336138401895,0.6308778425324544,-0.05543556381809241,6.910894040652245,3.3247420300344506,0.18784920962950818,0.7589364514467432,-0.008439294576720217,0.6431914685702238,-0.07584545161027467
6.873247216816935,3.3280994614391726,0.2610568278672083,0.9581250000000001,-1.9664510703681624,0.6185925373332042,-0.05357686454390227,6.915670198318809,3.3283214103501693,0.18739466137326966,0.7589474248006709,-0.009178301717497455,0.6431341275870133,-0.07601044846685179
6.96763285433636,3.2700616592689338,0.26104301849545286,0.959875,2.485017844112687,0.6370910367695899,-0.06301952083915288,6.921371851359316,3.3325935360162573,0.18685088788430068,0.7589385083549932,-0.012759314797431932,0.6430391471110588,-0.07617570074233138
6.932381590052902,3.366191437302817,0.26843459771114714,0.9565000000000001,-0.28114556440754185,0.6346308879949185,-0.06000338288601144,6.928050732823214,3.3375972911777616,0.18621171801482586,0.7590130248118717,-0.006429430475482977,0.6429828867338432,-0.07644062152037367
6.933525128721039,3.313534081447264,0.24101375507767042,0.9505,-0.2838574005093708,0.6320297871981149,-0.06510319997790853,6.935000582114689,3.3428045177066843,0.1855443972758084,0.7589712315139718,0.004674724381984716,0.6430257231344196,-0.07669222805525333
6.949037788936167,3.3215820861901686,0.23965708768198277,0.952625,2.237721681520603,0.6530362138847794,-0.06113879161052382,6.942136528674003,3.348150252970481,0.18485660878785456,0.758939044727372,-0.008854128231332406,0.6429426057400169,-0.07698673598233174
6.966369628581395,3.2715249704863587,0.24929962624049268,0.9541250000000001,-0.7886933174622776,0.6451036376993438,-0.06715285731658016,6.949794694653997,3.3538858258836943,0.18411642460429287,0.7588881651062184,-0.011405382669566286,0.6428278918646142,-0.07720758937366323
6.951684020131512,3.3068314970224866,0.22574625932099107,0.954,-1.101320467587164,0.6346054319457171,-0.06075863599650121,6.957052545522996,3.359319729602884,0.18341275943916172,0.7589046600815553,-0.01716765392907076,0.6426642432550054,-0.07745521054195992
6.991464856437064,3.363455474558595,0.2587150975013938,0.9513750000000001,-0.01646497608234199,0.6344148661575089,-0.0675862209682202,6.965841515855205,3.3658976341694316,0.18255706758533924,0.7588202896282048,-0.014729433219087316,0.6424937646562379,-0.07778930984485921
6.954314828662673,3.3421210492005327,0.27103711539164704,0.952,0.12759752334034696,0.6355614541900021,-0.06799635043002708,6.9726701750900055,3.3710071262146797,0.18189036352218022,0.7587986160609093,-0.01318722933088645,0.6423752645557914,-0.07801383259312988
6.980809593485391,3.3451705483405916,0.23534754499397337,0.9553750000000001,-0.8828011476907887,0.6278753256395433,-0.05524286450379817,6.979310424611158,3.3759743243921796,0.18123993247133166,0.7587143292398337,-0.01461351270233919,0.6422480316704493,-0.07827556676562208
6.931649596530939,3.3547923968789033,0.25762466270290624,0.952875,-0.6585546396838879,0.6208167306811188,-0.0462360588846042,6.987464255958867,3.382072015204141,0.18043811162286919,0.7587207977769375,-0.012716161737873979,0.6421117358648702,-0.07858906231890783
7.039164816238232,3.309018313556205,0.23588772155666618,0.9515,2.933063160823546,0.6433911595140875,-0.07410637855677994,6.993310938867277,3.3864439499014294,0.1798614421745254,0.7587024053525443,-0.005674690854894363,0.642068060397337,-0.07882657295939799
7.006839391471594,3.355379408330406,0.22751570940436325,0.9517500000000001,-1.403340325040396,0.6285374511370696,-0.06436155462858996,7.001353918930792,3.392457135593585,0.17906507960051957,0.7586209713040467,-0.007981493130750715,0.6419835799835258,-0.07913515332898413
7.0400193471565125,3.40624678255155,0.2883584503379762,0.953875,1.1579410456472832,0.6402949874047401,-0.04734559527166819,7.009087528028841,3.3982373391568874,0.17829752197652574,0.7586557303311661,-0.013779100814812843,0.6418436693393916,-0.07933142901960633
7.041720261979954,3.4021048136411665,0.22662268515000744,0.9537500000000001,-0.5991810448837628,0.6344356940736566,-0.0567289988796141,7.016535377682748,3.4038019012361476,0.17755590163095886,0.7585940216823016,-0.01815855572226406,0.6416660997961725,-0.07960102233815158
7.053423619759929,3.3727183807425973,0.22034342309677332,0.9516250000000002,0.010773970079581542,0.6345691018333373,-0.06805494990330514,7.025945677914711,3.4108311975255594,0.17661563073764036,0.7586478142544588,-0.00817783725252125,0.6415648384283728,-0.07988105516147392
7.043656978291558,3.4284874615455903,0.2496823350791542,0.95475,-0.4958852300150337,0.6300730647563775,-0.060511219865023114,7.032859254454967,3.415994137875819,0.1759227139297436,0.7586113282291748,-0.01388501181042055,0.6414389473468582,-0.08013229816897738
7.065588209341526,3.351169807323876,0.24997263121144914,0.9513750000000001,-0.4063804651329187,0.6247533627117732,-0.05775760094061794,7.042807565108171,3.4234191415354496,0.1749223813724626,0.7587044002294454,-0.020827413129105972,0.6411663071938172,-0.08040930054395679
7.032521900393811,3.3652267737795967,0.25736489005022667,0.9567500000000001,0.5495882789376905,0.6300634037778505,-0.07383787660822748,7.050192176308431,3.4289294592648236,0.17417737163968833,0.7587510106430772,-0.011232034039347335,0.6410577849339907,-0.08068156883738853
7.032433221508851,3.4548330860708902,0.283556505592822,0.9555,-0.8765860834055527,0.6229766652097064,-0.05498533828483549,7.056363395470166,3.433533572358797,0.17355332297084086,0.758711832785543,-0.010101014150203385,0.6409761235342595,-0.08087409961249703
7.072295538159379,3.4219451250435906,0.22737690463070254,0.9522500000000002,0.030029498340172836,0.6232801096680203,-0.057165543293266355,7.0640518850544085,3.439266749153963,0.17277368026296422,0.7586697710943979,-0.02410285420413303,0.6407325671000179,-0.08111288275911255
7.0613756011226885,3.400653149777316,0.23084107829726305,0.9515000000000001,1.010614651300403,0.6317547524292735,-0.0648309273432171,7.0704278758007515,3.4440197338881644,0.17212623396405824,0.7586974573353299,-0.017837478259361238,0.6405829885679681,-0.08123382478446439
7.131347201770078,3.4126465039210343,0.2740450476934773,0.954375,0.3163406061179278,0.6345614421396277,-0.06693494722850171,7.077194910595662,3.4490628097509637,0.1714375578341692,0.7586873611914547,-0.015127371653123719,0.6404487729865904,-0.08142100757220794
7.107976045924887,3.396060183677667,0.2600032088259615,0.954125,-0.37298839452444593,0.630609424974665,-0.06799957467708388,7.085274695898324,3.455082614857571,0.17061258296475854,0.7586776249183692,-0.011919833608273924,0.6403224757941981,-0.08169493524066684
7.083548979041632,3.4346418063826385,0.25655724144342706,0.95625,0.24348693013525932,0.6332472097418229,-0.07075137768244069,7.093555227900247,3.461249597614076,0.1697649082861219,0.7587594180104177,-0.01711841896137882,0.640137025574143,-0.08191810489943396
7.10386229724532,3.437357061964095,0.22819993839547353,0.9517500000000001,0.5419156634146265,0.6381606227429115,-0.06628494804209652,7.100453608301121,3.4663854115384156,0.16905766068716424,0.7587237281872992,-0.018534098637078167,0.6399689815640599,-0.08205110707781138
7.1248191960804474,3.438477073429407,0.2618054837152073,0.9545000000000001,0.020086084494583555,0.638391233242618,-0.0684553032916023,7.109214868240365,3.472906180509188,0.1681557840170854,0.7587282358115118,-0.012477708774166,0.6398257236455551,-0.0823908321819311
7.127806144462226,3.4096740607348623,0.25462329415662643,0.9505000000000001,0.5333892010446843,0.6446512284604458,-0.062160611688123986,7.11813443751507,3.4795419349965364,0.16723429787921507,0.7587803099503317,-0.017460312428431216,0.6396208048506309,-0.08269934157547576
7.147337935235377,3.4592279998674322,0.24159346559886535,0.952,-1.0500457466288924,0.6318884971686245,-0.06505702016005585,7.127387327677701,3.4864232864531783,0.1662751486793867,0.758831858810421,-0.013616514774358816,0.6394553035667543,-0.08298745020053788
7.149539871487352,3.4414535468975305,0.2254296973490599,0.9550000000000001,-0.07454056706199987,0.6310838973346384,-0.06613790316618283,7.135631695956152,3.4925517800466093,0.1654179712150315,0.7588250006640571,-0.02042615320954104,0.6392348212156111,-0.08324954875068213
7.115017335587854,3.4345124046679882,0.23850673130157812,0.95225,0.25545797007184196,0.6341609251320475,-0.06737209770400593,7.144806636447034,3.499368314956278,0.1644609279780824,0.7588037305037253,-0.021593597212387135,0.6389747232478324,-0.08353603079629535
7.097727155645957,3.50611778807266,0.26889133926344727,0.95275,0.10071428293062748,0.6348839330638381,-0.07291586963394138,7.150277990133403,3.5034324560986816,0.16388888972768365,0.7587318235724017,-0.013268311357016163,0.6388794726629756,-0.08373398005801125
7.158365506575526,3.5385434797513797,0.2134419493431603,0.9503750000000001,-1.3024222464873618,0.622480783440821,-0.07083742010144992,7.157518692073768,3.5088092235530675,0.16313050913852806,0.7586818286498624,-0.015440135346728568,0.6387324340897163,-0.08389219698442574
7.193075403713229,3.536603979729344,0.21877551345268081,0.9495,0.7095866964695506,0.6286538273120321,-0.0661129483055195,7.164127477940091,3.513715595715198,0.1624363671761626,0.7586971242876575,-0.01289330775234175,0.6386202688605818,-0.0841340730489386
7.17321406494796,3.5035296058418965,0.22157019469163908,0.9521250000000001,0.5020121586403076,0.6337637281463007,-0.059611896042412335,7.171882418698307,3.519470562748049,0.161619702225841,0.7586874300442045,-0.01888640593937701,0.6384280271791702,-0.0843659155662726
7.228210650785619,3.4811772983040297,0.22532868335141917,0.9543750000000001,0.6385091398397785,0.6396015062205813,-0.06683586920381315,7.178865370883594,3.5246506450203885,0.16088302021350878,0.7586893627979104,-0.020097939312629414,0.6382442752136352,-0.08452746339612638
7.197203604682165,3.492491865193474,0.2326088320098665,0.9528750000000001,-2.827027787989506,0.6120358275952626,-0.06573046247068655,7.186301428225587,3.5301655435621817,0.16009661690919802,0.7587400311974272,-0.011614637811123778,0.6381310236302546,-0.08474043400388442
7.249185659899016,3.5139451845250016,0.25127457355209565,0.951875,-0.015056513892792233,0.611842753967986,-0.06898254217193786,7.1960722510578465,3.53740746270349,0.15905952920729266,0.7586560588018619,-0.023389534303445408,0.6378310934963318,-0.08506696741972908
7.2505204969880435,3.494620569677239,0.24070620705863333,0.9485000000000001,1.6440232478663614,0.6278644515102423,-0.08503839923487587,7.203472050168074,3.5428906413667285,0.15827175184370518,0.7586494955509655,-0.012440115323198773,0.6377098593438602,-0.08532822772627124
7.255669287670081,3.5527307695819346,0.2320113233856482,0.9512500000000002,0.8664453710613175,0.6370666978775708,-0.06275795630815714,7.21156045131596,3.5488824286400082,0.15740836029790578,0.7586573362985707,-0.012316031738937605,0.6375790546075031,-0.0855638870230595
7.195447927409844,3.4574895968599373,0.23571163673220571,0.9555,-0.002249598355906396,0.6370449856630658,-0.07111957210887006,7.218944268696797,3.5543506879050595,0.1566181011056215,0.7586221795599923,-0.014326339875313496,0.6374407825627948,-0.08579711371780796
7.239845967340764,3.5153410084783654,0.2419972218664934,0.9530000000000001,-0.2052425858353511,0.6349692504182087,-0.07528875713390833,7.226662329641005,3.560063977012409,0.1557902232638903,0.758714164033242,-0.020704168264873878,0.6372313895091652,-0.08600117072736335
7.283713601041637,3.5538360460885943,0.19523391251506758,0.9500000000000001,-1.4101255248551974,0.62085526875767,-0.06796043147251013,7.234277594640568,3.5656986503119663,0.15497097304203328,0.758763488099883,-0.021371454918901408,0.6370174820821539,-0.08626606316352792
7.263410371689099,3.5104087779852375,0.2496053024389005,0.9515,1.2998289884984406,0.6347276755684446,-0.08665421352774354,7.242411566248931,3.5717145532598704,0.15409415325559256,0.7587979979745382,-0.019140109454182933,0.6368132095300716,-0.08645240383993391
7.280908569227078,3.535116788129251,0.2108785717063238,0.951875,-1.9860178062495013,0.6113960152329194,-0.06400084381959885,7.251370390067039,3.5783366695129795,0.15312596622781977,0.7589101413869601,-0.02364553377037756,0.6365354227143407,-0.08668838510012655
7.2322361286377,3.567089003115989,0.21771995956607357,0.953125,2.779613961845795,0.6460608338859761,-0.07179228090827482,7.260894924777223,3.585372807755599,0.1520939371465764,0.7588060696338663,-0.022521739420423608,0.6362545520526313,-0.08693302326575969
7.339488199677987,3.6006645153830994,0.23271174776122255,0.9500000000000002,-2.4407462474776143,0.6205198153316047,-0.061976889925889976,7.268861605530042,3.5912560076439646,0.1512293068109101,0.7588026037658695,-0.0162365451669576,0.6360846458602949,-0.08708439638520549
7.266558820348966,3.522366993495992,0.22367822528125442,0.95225,0.5619292751111229,0.626636033564187,-0.06560119318423718,7.27716850060996,3.5973881569733503,0.1503253996202571,0.7588226611629266,-0.016395825745104703,0.6359061884408259,-0.08732198727401075
7.23683437936616,3.5247547154543555,0.23437900441172557,0.952,0.7415355462140014,0.6327712786126711,-0.07135923008013124,7.28348211470813,3.602046982497957,0.14963699165596325,0.7587808704674492,-0.023347366988844268,0.6357130192550131,-0.08751116372478185
7.293728081547318,3.5429147525195424,0.22682417396825202,0.9545000000000001,-0.03291572556626118,0.632446460147114,-0.07569316895085434,7.291033011285311,3.6076168916832994,0.14881172138075366,0.7588007494392502,-0.01658937409429851,0.6355493122443012,-0.08772840030170936
7.239619799959514,3.5315251304019655,0.21744402269212357,0.95275,-0.06736547981801504,0.6316777907724793,-0.07238804205448297,7.299749108173989,3.6140435983312673,0.14785669853226055,0.7587330470268506,-0.017656144646398458,0.6353478479676351,-0.0879615387036008
7.289188007816397,3.539950806092649,0.25305419482444935,0.9490000000000001,-0.24827434863885528,0.6288725505866237,-0.07910188868934544,7.308346880812435,3.6203810195181982,0.14691233103445453,0.7587950324492344,-0.013608652525173353,0.6351940844429365,-0.0881860044923295
7.406439681080991,3.5605046813685055,0.23595227718359293,0.9535,0.1176382940698012,0.6300862736392836,-0.06816860542867742,7.316235882008859,3.6261938029572462,0.14604361866691715,0.7588546533645889,-0.017532406426833295,0.6350131953369091,-0.08841999060422712
7.32700566597029,3.6329924713062436,0.22707568908080503,0.952375,0.3819885018464761,0.63441404710874,-0.06689398735454971,7.324889501888352,3.63256759190514,0.14508748523659146,0.758867273126221,-0.01574719658263214,0.6348347860411865,-0.08872914428896328
7.303839678860814,3.592596035365433,0.23416397011981663,0.94825,-0.732872727367321,0.6265458155302848,-0.09333161807868014,7.333055343789896,3.63857963749391,0.1441830408292056,0.7587310096999059,-0.018285865677556794,0.6346384662432314,-0.08895767017955869
7.356518994100564,3.6094593389907725,0.20541367329242136,0.9516249999999999,-0.22253540838808653,0.6239197954813451,-0.07390678725445687,7.342063756612877,3.6452093282358486,0.14318309660944015,0.7586629461432399,-0.0164241826102202,0.6344446533433685,-0.08916339939014817
7.336861212302498,3.585652101130005,0.2623125550436533,0.9512500000000002,0.3701412890477553,0.6277818640288535,-0.06406895081203101,7.350027345350626,3.6510667998965354,0.14229741306338706,0.7586945299370207,-0.02566286487994187,0.634176886017149,-0.08935307752421728
7.397021603392729,3.6385805749377433,0.19642505724003498,0.9470000000000001,0.5347493940667771,0.632844043781438,-0.06474573533220208,7.357221135752269,3.656355842334282,0.14149628669836495,0.758693596437321,-0.021140233689643465,0.633976762998524,-0.08948361653128689
7.3524899947679145,3.68167973460114,0.21973011612001772,0.9540000000000001,-1.3165975838001545,0.6190148162623088,-0.0643246844071932,7.365263426209206,3.662265993101392,0.14059969158908556,0.7585441934060821,-0.020971235742561475,0.6337564861318414,-0.08959511115821384
7.391615004378654,3.601889016426094,0.21135836812176534,0.9497500000000001,-0.4340625289426433,0.616582282782014,-0.07750882209406464,7.369535494207928,3.665404660245929,0.1401230040867089,0.75858909298907,-0.021899445101695884,0.6336337592667984,-0.08968095780769136
7.3572269964407555,3.6861283149322497,0.20988019171131447,0.9453750000000001,1.5765217049544509,0.6332529413424512,-0.06780782927724004,7.377560383988385,3.6712979867101803,0.13922635692121374,0.7585936771456275,-0.019290867396051768,0.6334297712958854,-0.08981496615392981
7.473461449691263,3.6480926886040455,0.20694327356917389,0.9510000000000001,0.6575370395954572,0.6365406265404285,-0.07240216624023839,7.381377711389325,3.6741008126244674,0.1387995040095037,0.7585716083624334,-0.018610434053588493,0.6333367191256176,-0.0898902842042415
7.416311802240283,3.641778568505964,0.20008908180879087,0.9515,-2.0481953999000804,0.6213536572758436,-0.06994502060224893,7.387042200090209,3.678258621247275,0.1381655823051955,0.7586121621841653,-0.019692452929410242,0.6331907034293622,-0.08997320850069057
7.4050649029557585,3.6591964278344653,0.23856104417178137,0.94625,-0.5220634117957833,0.6157792453721616,-0.07758018119052258,7.395155637438195,3.684211037645185,0.13725661899302025,0.7585693791559814,-0.022151734233328516,0.6329541749000542,-0.09008494684650614
7.408898847683166,3.6648475116868378,0.1899667532904104,0.9492499999999999,0.6249903761543742,0.62247682599389,-0.06484241041008088,7.403325717698101,3.6902017062550065,0.13633996413500654,0.7585256200260116,-0.02453599979773681,0.6326912399124929,-0.09023398313373265
7.407442044532729,3.7134190725877794,0.23316606463691505,0.9495,-0.9488865258086806,0.6146424802458337,-0.062513735654041,7.409622595106478,3.6948174748144296,0.13563259057325583,0.7585389162131313,-0.017312777510697923,0.6325482994436498,-0.090355897698144
7.4081061616879635,3.678259285936818,0.22585207030218832,0.949875,1.83286496335683,0.6310133495550598,-0.07237366072491697,7.416438150858717,3.6998115332039703,0.13486566159982644,0.7586320331967922,-0.020458507975857562,0.6323655671818464,-0.09051918999844055
7.416573712238489,3.6855595598754185,0.20443340285283354,0.952625,0.0527462310382412,0.6316492481728915,-0.07557521275315245,7.425666072621985,3.706568770801899,0.1338250917634239,0.758764422440348,-0.02613628050274017,0.6320504731112404,-0.09072956207730032
7.49772398389001,3.6618131907104376,0.22206362074136363,0.95275,-1.688772334475872,0.6159876498710117,-0.07438832751484108,7.432766595747304,3.7117658766966746,0.13302301683746856,0.7587869894203206,-0.022966122165134235,0.6318374863322891,-0.09090112732213962
7.441098375900824,3.7070218431449526,0.20732910539679353,0.950875,1.2415532827607254,0.632580240313871,-0.06526298007246904,7.442981533201791,3.7192363698576143,0.13186700191454648,0.7588167243674854,-0.029365649465516876,0.6314450326201242,-0.09109446513712482
7.401501744491514,3.658670913820005,0.1877741135844237,0.95225,-1.5531757834707682,0.6170529552833552,-0.07723331318408101,7.450634902304838,3.724830879716623,0.13099913784539352,0.7588714984013055,-0.022405967679887107,0.6312210374675775,-0.09129126432431534
7.438587665697978,3.6965106513596755,0.18724858515810547,0.95225,1.843517205394348,0.6366164599060546,-0.06703977677049591,7.458760381005109,3.7307673885721,0.13007603107316537,0.7587965170048759,-0.023486459290898012,0.6309717978870824,-0.09147603858806841
7.510979988796036,3.7866017358578694,0.2213011237667825,0.94975,-0.7340002908919824,0.6274962775788842,-0.06797367704500666,7.468251152514339,3.737696832316175,0.12899425331254188,0.7588371486216328,-0.025182438531731067,0.6306588982415344,-0.09179765396470652
7.483442123817271,3.630606858855842,0.2195525194161843,0.9517500000000001,-1.2321612332960632,0.6149324954462974,-0.06535101292551644,7.47605683235151,3.7433939149901283,0.12810372019110244,0.7588015362252898,-0.016676005854706105,0.6304888606695522,-0.09189369977832129
7.4935424062282765,3.717416057102173,0.2117277955156162,0.9521250000000001,-0.7423200145094767,0.6086253852986374,-0.0832020351023459,7.482564679155624,3.7481413985494862,0.1273602040309227,0.758824231095405,-0.027826332955302888,0.630252434676013,-0.09203871188674206
7.540245631154519,3.7239961143172384,0.19836891062788056,0.9490000000000001,0.7878528712262388,0.6163742403790953,-0.07822903457118073,7.490074350957227,3.7536173965594024,0.1265010456303302,0.7588159198341582,-0.020488778692176333,0.6300509191613024,-0.09217853698108858
7.489508988017612,3.714489554839986,0.2016932448379772,0.9510000000000001,3.3935982457837435,0.6501289500391341,-0.07771498776471529,7.497685654859453,3.7591657998876755,0.12562940214724652,0.7588477480262389,-0.014696727438455754,0.6299047369288431,-0.09227859133198013
7.537931813476199,3.719580587284229,0.19843242988059343,0.9491250000000002,-2.2256061784621273,0.6324289544342294,-0.08321331172235508,7.503759961470561,3.763592354344753,0.12493297429848128,0.7588625048134673,-0.01927447358473965,0.6297514492083836,-0.0923944664374372
7.506341946053829,3.7337571242195655,0.16932828797302002,0.9533750000000001,-1.7183431151892365,0.6159049341999867,-0.09863066158282655,7.511138782155616,3.768966956573643,0.12408625161854364,0.7586485388381068,-0.02390107483355718,0.629521610452271,-0.09248918580008825
7.550511600081664,3.7283495379323943,0.20486624902717715,0.9510000000000001,-2.0989876314099485,0.5972518359240335,-0.05942771105014527,7.5179419533285525,3.773919640666456,0.12330418500350886,0.758651606292384,-0.028375930525486634,0.6292694417339599,-0.09267101578269754
7.530287853818745,3.7488376392486047,0.21328662609687923,0.9530000000000001,3.0254276933585618,0.6317009791933677,-0.067232700047979,7.526679263550577,3.780275886129022,0.12229931095138187,0.7586862753956266,-0.029471533679492373,0.6289338630360057,-0.09273629743410838
7.5425328861910454,3.733081361262123,0.20347903200506842,0.9465000000000001,-2.6076476494492544,0.6054891193403318,-0.06845268284107629,7.534341231042552,3.785846798614505,0.12141723831513752,0.7587075962074572,-0.025810484901769376,0.6286744181631039,-0.09284508824043058
7.581774044212475,3.813648685418065,0.2368317392835949,0.9525000000000001,-0.041273201923302125,0.6050938951501852,-0.06695516070177689,7.541687847648218,3.791185515092622,0.12057038449795712,0.7586996074781358,-0.02705221673006783,0.6284153713736478,-0.09298096920666721
7.587206615189598,3.7508270708702254,0.18065951720386872,0.9492500000000001,2.0443290573379453,0.6252115795143607,-0.0642757129799331,7.5492133587216035,3.7966511412753965,0.11970223138174867,0.7587825334234212,-0.027321443610900165,0.6281465085029838,-0.09307128518376295
7.56778091167401,3.7811553770621664,0.18679441792867307,0.9487500000000002,-0.32909943062572955,0.6218104412142771,-0.07141096195326664,7.557113838223204,3.8023858688648633,0.11878902457852325,0.7588039850718913,-0.02590812372514733,0.6278787562564441,-0.09327173820149959
7.567029652932969,3.749997100160268,0.20189928489065675,0.9473750000000001,-0.6314850334553948,0.6149113274764328,-0.06405991906468814,7.565455187311087,3.808437111205343,0.11782326619615448,0.7588249874813926,-0.02515554196452014,0.6276039263935722,-0.09344337727786556
7.635715914147058,3.802729911825472,0.2035084207337016,0.9467500000000001,1.0121242108070898,0.6235148201587895,-0.07638542724192834,7.571941813453698,3.8131409118020367,0.11707175887619957,0.7588799321445588,-0.022943700386999104,0.6274088950364738,-0.09351690387968459
7.611936555892083,3.8013708300037012,0.16000677516437803,0.951875,-0.6896439277166356,0.6176958677606561,-0.07458960908417445,7.578416436981059,3.8178335105844066,0.11632029810093597,0.7588995252759781,-0.029973628678809445,0.6271559889910905,-0.09370056218084155
7.591524390546108,3.7983394156131065,0.20925153046957992,0.9497500000000001,-0.652914337033305,0.6100848330439845,-0.07905223151196586,7.5873434933114225,3.8242991227482968,0.11528290642013052,0.7588336649861567,-0.02792261219675632,0.6268304945751226,-0.09383903447798803
7.590911523171043,3.7600858346198893,0.20149225754425115,0.949125,0.2942115712763389,0.6128449773381481,-0.08036413907059992,7.5945243948984515,3.8294973787372317,0.11444758417010316,0.7586901832775879,-0.025963209635418896,0.6265869208617487,-0.09395019397052007
7.647333163120544,3.7726502992471516,0.1535736221439343,0.949875,-0.8633947065749722,0.6060459712165995,-0.07991878000538423,7.6005576126613095,3.8338629280615732,0.11374551790897999,0.7586708748475439,-0.026218766243896047,0.6263804549767551,-0.09399728665961415
7.628286926164197,3.8516510422772656,0.19286160494080523,0.9488750000000001,0.7383492299137998,0.613920996674036,-0.07136819407474805,7.608721516673534,3.8397677963271657,0.11279347275531011,0.7587157359221691,-0.01820562494217198,0.626186278895736,-0.09421087469880218
7.628180527608754,3.7840182476920146,0.1782559741720957,0.94825,-0.7058689828225394,0.6063716892853281,-0.09248000971757962,7.6169039956992775,3.84568279013612,0.11183867210573215,0.7587005183570318,-0.02483393014120804,0.6259206786542348,-0.09428671681306566
7.642488288034256,3.8303666632911817,0.1848058102140262,0.9473750000000001,-0.16458891999174602,0.6051037082419208,-0.07647548641624174,7.622793602555725,3.8499380683529814,0.11115066290090456,0.7587378328369193,-0.032314655843143684,0.6256717289009015,-0.0944072789237409
7.657165497094005,3.788459131746295,0.16636459949149504,0.95225,1.2778291653757037,0.6183218575390876,-0.05996608333641388,7.630743718298431,3.8556790384224784,0.11022057927918928,0.7587346549793493,-0.024282776111350535,0.6254205424601107,-0.09456286141024384
7.653910962992397,3.8531225935128495,0.20064877803273332,0.94975,-1.508044601229655,0.6015774733598525,-0.06640955596450283,7.639256353369068,3.8618227754216816,0.10922276413925419,0.758807705423621,-0.023938217810606705,0.625154747459578,-0.09476238347537969
7.699884459842509,3.8080518045893097,0.22679694450058008,0.9483750000000001,-0.29505624517400675,0.5984612133170857,-0.06136627911015787,7.647343396222025,3.8676558777268806,0.1082731932572195,0.7587860863892972,-0.02676715142783509,0.6248720440570317,-0.09494478169403564
7.710015740181847,3.8057287541273803,0.19606921166270846,0.949625,0.5585376527245541,0.6045760680260894,-0.07537181509357908,7.655739327848139,3.8737074039547026,0.107286323502353,0.7588150259278419,-0.031311833532975446,0.6245292429731788,-0.09506669123983436
7.69429369291475,3.8175645878903897,0.14700893972796275,0.949875,1.7598939074355255,0.6184679601552499,-0.07428673258941162,7.661795065187122,3.878070774676725,0.10657358719475042,0.7588378949640516,-0.01950097081603571,0.6243753101810681,-0.09520148752196489
7.7276929140067585,3.828049733884075,0.1951467354809431,0.948375,0.769019053000776,0.6265400149650082,-0.07099346475098346,7.669836811164616,3.883861162000144,0.10562632967138569,0.7589259879006488,-0.030982913431712188,0.624050096164054,-0.09530124271487717
7.6940864651342205,3.8620117573842854,0.18484837841235227,0.9473750000000001,-1.3174760467932232,0.613963295923659,-0.09334537534336945,7.67714376138354,3.8891199013306808,0.10476447067967745,0.758822846517334,-0.02422001331892338,0.6238188902127724,-0.09544413354195624
7.721713426923852,3.8570110689332613,0.1660461032469002,0.947875,-0.15794647194344963,0.6124982137076138,-0.08061751423453112,7.684248727604393,3.8942306571406453,0.10392518736054031,0.75879922967379,-0.026170647583988033,0.6235761361335839,-0.09560205206552297
7.739879681107359,3.8282363747693924,0.1943152144246625,0.9487500000000002,1.4168316748687022,0.6285166765995416,-0.08128115239530866,7.692918224332127,3.9004631376672614,0.10289957890809678,0.7588690766287237,-0.02471996604729814,0.6232966563154503,-0.09576155510347073
7.7497668385442795,3.8669077069503883,0.20394660053185834,0.9528750000000001,-2.9228466239562065,0.5928026715958366,-0.06760650516951627,7.702330194780605,3.9072258178694406,0.10178484004896685,0.7589721802537688,-0.020428555574245187,0.6230470415973817,-0.095889360626356
7.756492129388504,3.8403491622178625,0.17205415222196893,0.95025,1.373945893873484,0.6102401815874829,-0.06791569429668537,7.71208138903935,3.9142275101976107,0.10062823366983582,0.7589860091232798,-0.02519439897716348,0.6227272854950074,-0.09605077062621525
7.757209016040893,3.9004735307161917,0.15167344667348687,0.95025,-0.7452935412706897,0.6013173694528082,-0.076757246792657,7.721282137824721,3.920828978630957,0.09953565255488607,0.7589683258117422,-0.029868580398657654,0.6223696925240927,-0.09618587238459497
7.804596171902205,3.911321452565041,0.1435942857080363,0.950375,2.031682527315619,0.6212997771967634,-0.07734361974921924,7.728842904720889,3.9262511452837723,0.09863718215602006,0.7590127894952469,-0.023325267361198623,0.6221402792191686,-0.09626930366394326
7.737837958759981,3.8915175809974865,0.16974196301246736,0.95125,-0.38152571649903083,0.6172826623123897,-0.06095153708601918,7.736946181144976,3.9320584428261145,0.0976737469741545,0.7590487802722832,-0.03040282262343989,0.6218201654601057,-0.09634061680813355
7.758000276645374,3.906441311205314,0.17912700975437376,0.9473750000000001,-2.0427386771445466,0.5945056474328752,-0.07530281247620878,7.745494305036683,3.938180593513361,0.09665620435654503,0.7590264695123192,-0.027395733483597647,0.6215146966127327,-0.09647629465341101
7.764101061777602,3.956382255602862,0.17116868740671834,0.9483750000000002,2.236162472756579,0.6172737325345645,-0.07656260760902898,7.753309996641759,3.943774159781389,0.09572459840916414,0.7590472976270344,-0.033379284001718044,0.6211748365229388,-0.09662845898235961
7.7673857791334076,3.9046221397587138,0.1670730397971025,0.948625,-0.6556646677725619,0.6105884796701035,-0.07421683257037602,7.761140563921667,3.949374453151606,0.09479041949799082,0.7591232281433292,-0.0324682360500911,0.6208437856386579,-0.09673351214320336
7.72746155957968,3.887114559837636,0.1912691558505254,0.9495000000000002,-0.47421694008552845,0.605260353734872,-0.06913405930349685,7.769779286334311,3.955548581163342,0.09375903295630077,0.7592374711000618,-0.028257667372200493,0.62052629295194,-0.09682955606237176
7.836043095818032,3.938189240572491,0.1884370203990614,0.947875,0.01778553051054133,0.6054366274800129,-0.0720937132877051,7.777387902728949,3.960983398650538,0.092849298630235,0.7592758249053327,-0.027125686320159173,0.620257448212429,-0.09698929768306908
7.7709109914344685,3.891657946020517,0.1825152358336276,0.9468750000000001,0.8527595081661963,0.6130313630079138,-0.07553343912259536,7.784219237871467,3.9658597396077715,0.09203165211741728,0.7592749385149885,-0.035556628030902,0.6199407784086066,-0.09711127999791547
7.81404799286835,3.9243979280918047,0.19416054387121334,0.9485,-0.3271732965296365,0.6099630368215259,-0.07779451078926039,7.791426342684577,3.9710015721052963,0.09116810644851352,0.7592738445258634,-0.026861760373997238,0.6196888610191307,-0.09723191084351956
7.774777599938309,3.9186706698796994,0.16389512183890736,0.945625,-0.19864618033199313,0.6077876892053915,-0.08170315001105906,7.79981846549872,3.9769843650306065,0.09016161433130697,0.7593129283788314,-0.03229942918013055,0.6193351543123011,-0.09734847443514605
7.843802757721603,3.9209961760206804,0.15438986715731268,0.946625,0.9134392476808603,0.6169261829666928,-0.08600298637926769,7.8074946664681795,3.982453991976561,0.08923993357112169,0.7593162035597636,-0.02401535483422417,0.6190948929365332,-0.09747551940792176
7.809759863669665,3.940228873092296,0.16505602918815376,0.949875,-0.5284926984550948,0.6113715582490671,-0.07471691960699917,7.815588464607789,3.988217241447235,0.08826763294967126,0.7593303095858089,-0.030676330484330976,0.6187724750411632,-0.09754551848880455
7.807767547423545,3.980672861874964,0.16286090028052136,0.94875,-0.9301456388399719,0.60113519493345,-0.07429119533843884,7.824055370160354,3.9942414037182914,0.08724896485334856,0.7592564235767213,-0.03391443268637714,0.6183992426782678,-0.09771867590344607
7.854987974069545,3.9919415369577096,0.13296105988215706,0.9453750000000001,0.3164643500464951,0.6041219024940254,-0.08016326173117352,7.831291881209557,3.9993871389746394,0.08637718854243084,0.7593317816463979,-0.029239717178346572,0.6181232858940273,-0.0978647988411252
7.8367622457491395,3.9925653355063893,0.16224877761739298,0.9477500000000001,-0.7841750867333458,0.5953906051727325,-0.08323077081196759,7.839852921569369,4.005469931462403,0.08534490097939158,0.7592489067138488,-0.03337367960185656,0.6177516909221401,-0.09797973512145575
7.848748413690916,3.980568702311235,0.19447185381010082,0.9453750000000001,2.001889779310148,0.6165471046695798,-0.07426965504650102,7.847959751803744,4.011226811718778,0.08436655311280135,0.7592193616728745,-0.024721951547302497,0.6174904228139368,-0.09808036285366528
7.877440780995844,3.9671382819717484,0.18778609377539304,0.9473750000000001,-0.09494594426802064,0.6157735059686966,-0.08386384993387144,7.854224082878453,4.015672985125129,0.08360977563979735,0.7592345565606032,-0.029937447436683546,0.6172464990673951,-0.09819857086549
7.905713715394517,3.9106867708988444,0.1813675002099905,0.9455000000000002,0.15757622185441755,0.6176901775968773,-0.08418517033783687,7.863559665449109,4.022293769068178,0.0824807317702468,0.7594117307642309,-0.030705669920692562,0.6168730119659234,-0.09833142870486045
7.864330789100767,3.9974306091873895,0.17280743329843484,0.942625,-2.1063469807469164,0.598208821058114,-0.08852360920780285,7.870637924666468,4.027310922239319,0.08162403814943975,0.7593901669209634,-0.027850186408059398,0.6166154288535273,-0.09842347788770178
7.864974159259186,3.9220661905986147,0.19859294625405124,0.9481250000000001,2.696659970175371,0.618480576721681,-0.0926949980371236,7.876425615950273,4.031411059367152,0.08092314466716656,0.7593621543932632,-0.034371392403729516,0.6163570468267494,-0.09849715982021667
7.901951476922154,3.9372807698297856,0.14778298503238052,0.9423750000000001,-3.3753917129592197,0.5900178074076154,-0.07103967457858344,7.882879792243571,4.035980444433424,0.08014120124609488,0.7593351640368246,-0.03555738555701653,0.6160572115043377,-0.09856028726076538
7.923990065211955,3.9946845870025336,0.1490581342342179,0.9453750000000001,1.7932389180624229,0.6052037297093982,-0.07692802358230869,7.889383222984583,4.040582313807677,0.07935270434528008,0.7594205429176116,-0.0288702406272943,0.615812725827285,-0.09865009372667899
7.959509577687471,4.012887144553362,0.19008835702404436,0.945875,1.0347671774244678,0.615632382340169,-0.07982736837340151,7.897128953930012,4.046059137022067,0.07841363953305003,0.7592395507927382,-0.03505571926832569,0.6154594251747834,-0.09866910245675742
7.890923029215835,3.996566906590775,0.167438404232814,0.9448750000000001,-0.17662068187560528,0.6139387270159453,-0.07781791484693286,7.904492756273758,4.0512621830917475,0.07752059428875938,0.7591763854815976,-0.03517244273264119,0.6151221487342924,-0.09872367731323539
7.920887374392647,4.0612615080091645,0.15275325110242866,0.9465000000000001,-2.834817078691628,0.5870228417508043,-0.07113801567697602,7.91179782451953,4.056420869481392,0.07663391621703665,0.7593197511373203,-0.027507461126475796,0.6148609722114116,-0.09882546652496815
7.974177144245696,4.034921154251377,0.17639809639573392,0.9485000000000001,1.1106098047304698,0.5991613104164224,-0.0656705506320574,7.920226382566657,4.0623689541284325,0.07561030855761051,0.7593437423337731,-0.028883344151247218,0.6145452901721886,-0.09890130694144617
8.006248919066008,4.019209826182869,0.15580398285226246,0.94225,1.296112130404715,0.6127832065881709,-0.07957029911889923,7.928279947583886,4.068047817480647,0.0746318085374147,0.7592699126637236,-0.03618183566362741,0.6141650258438549,-0.09897122408660008
7.92538904500279,4.073892742992761,0.14703877277866798,0.9478750000000001,-0.64150892512921,0.6060639960421992,-0.07191500573709148,7.936356032745169,4.073738287838113,0.07365059505641003,0.7592636418625524,-0.03374555639926416,0.6138115724629967,-0.09899344736453264
7.941253163417454,4.084940064137901,0.14568725253746223,0.94075,-1.0904862183515491,0.5944887654317759,-0.07887776941440364,7.944481110255402,4.0794587577850345,0.0726627065143004,0.7592647255781745,-0.035036637373836825,0.613439667572691,-0.09909122821038929
7.983327351403249,4.059208580818107,0.16860667566848817,0.9510000000000001,-0.30248112754667034,0.5911844004926623,-0.07125334774661085,7.95293572579036,4.085407868810092,0.07163453727650174,0.7593159923304098,-0.024403727831270986,0.6131730763202601,-0.09913017819265946
7.959868559495074,4.024231426576734,0.1657794288523492,0.94225,4.356221346249632,0.6209725469386349,-0.06834579816699513,7.9581799333714445,4.089096468837064,0.0709965913818736,0.7593771938953802,-0.02797212983498945,0.6129818009387535,-0.09917365148509605
7.961760654792072,4.0360343294064895,0.1912891509534498,0.94725,-4.675969702579264,0.5767690032519166,-0.07996257595222857,7.965469917031508,4.0942205557775875,0.07010994396438666,0.7593999715643798,-0.03343655449648942,0.612665713733012,-0.09917749635421069
7.997095017023554,4.012736198055613,0.15464762861265377,0.94325,3.241828892566507,0.5985854902091923,-0.07991351251747793,7.970638344100646,4.097851879270483,0.06948137225816146,0.759376149302349,-0.02951770864798755,0.6124670688547447,-0.09918490699632532
8.04404788135607,4.060234903313539,0.1535519443499505,0.94875,0.3854329193270115,0.602460667426747,-0.08255621377175244,7.978406962517,4.103305728148059,0.06853630875494217,0.7594288875654144,-0.03740244453991711,0.6120910213152273,-0.09923834507798457
7.966038640140276,4.0353394291731135,0.18773741340383956,0.9460000000000002,1.5148112439391568,0.6175982527485111,-0.09675404617963704,7.986107862793709,4.108708036670563,0.06759904830732369,0.7593832036162985,-0.03482461831013589,0.6117430171443599,-0.09930820881103042
8.059254963181306,4.063138102662147,0.17778886533085372,0.94225,-1.5489710062839988,0.5996792939159961,-0.08139299694731762,7.994989602918142,4.1149338503579145,0.06651787651498883,0.7593039119789575,-0.03179629206390913,0.6113751881493634,-0.09935135097258829
8.006210337690822,4.087107234052512,0.16008871867166635,0.9455000000000002,0.15577883489060604,0.6015145947178633,-0.08354448266173656,8.004068416252746,4.121292934072692,0.06541216446002085,0.7591753596109914,-0.030549397125158143,0.6110152719060578,-0.09942542920879172
8.041829387785953,4.025266092666871,0.12519606141748954,0.9428750000000001,1.469056466831142,0.6166519913800954,-0.07066036669890736,8.011988669762918,4.126836531527404,0.06444791535354776,0.7590757814452582,-0.032846633225689356,0.6106768148573449,-0.09941181257907061
8.086364992805699,4.051788712723634,0.13948386180711211,0.9467500000000001,-1.3344195990037875,0.6043093328324431,-0.06853505291455306,8.01912887382604,4.131831046026985,0.06357840889059321,0.759026037675966,-0.03156691344174231,0.6103848380051571,-0.09945747418413076
8.05673212277268,4.080202263447806,0.13383232977407927,0.9452500000000001,-2.4190199995772192,0.578358711185273,-0.09229349022324616,8.027399084142395,4.1376117058425,0.0625708071759857,0.7589427067105838,-0.032436692892761285,0.6100368655432127,-0.09952935019813358
8.045200943555047,4.098727483784205,0.1549506432033586,0.9435,1.8000236212345615,0.5949335510717435,-0.07083228074196683,8.034486132469542,4.142562116957403,0.06170699789110169,0.7589583433031232,-0.03345889858864749,0.609728771871362,-0.09959166389939655
8.08343857427624,4.090798796830308,0.14330258465445128,0.948625,1.4327353729000258,0.6092579118492663,-0.0707996320929451,8.0422246081488,4.147963634431172,0.06076309685614002,0.7588843106773229,-0.034108280286022134,0.6093877603199203,-0.09968783855438712
8.065617900030773,4.103594913612456,0.18466364769989135,0.9401250000000001,0.14266858229991408,0.6108956336777083,-0.08032840805035675,8.051032436019042,4.154106338404066,0.05968876755371686,0.7586550902066042,-0.03478992655092133,0.6089883996393568,-0.09971487952714853
8.093574224167005,4.095387371387312,0.12048710630825421,0.9423750000000001,-2.7757312451224654,0.5854606562555289,-0.07856737563752009,8.058081566252191,4.159019405879309,0.05882851800573158,0.7585939343647898,-0.03225129616879553,0.6086928699509797,-0.09978556413795747
8.080504414701927,4.079034628668369,0.12784526269795557,0.943625,-0.07703075638999576,0.5845972556391468,-0.0715716667159478,8.06671757085414,4.165033934741157,0.057774889338303465,0.758559610089564,-0.03164749545671119,0.6083381484297998,-0.09978399510029279
8.1210420509075,4.112311656408053,0.15513519156461839,0.94625,-0.03597256788671263,0.5842009781601969,-0.07661139995820633,8.075230977119814,4.170958535543782,0.0567354110805008,0.7585113178770206,-0.03263945164522051,0.6079785888995208,-0.099885852311973
8.06004073268084,4.126496847227625,0.16002616696465197,0.9456250000000002,1.3129567284995514,0.5954501449342651,-0.08764119452722205,8.081849426624219,4.175561186255208,0.0559272504858815,0.7586028012419939,-0.0382972106533558,0.6076504655880135,-0.09991521354450983
8.080372256317776,4.129645731301194,0.09699159887117177,0.9477500000000001,-0.06985821900898646,0.5946495109802243,-0.07249635594190884,8.090725244606379,4.181727990474472,0.05484388038691108,0.75855724242375,-0.03766193249875198,0.607218828160649,-0.09990546690929847
8.077100212676584,4.148154157127728,0.11319402650048932,0.941875,1.3394741839710147,0.6094478201980587,-0.06687934318957493,8.099230169016161,4.187632621844999,0.05380462994376612,0.7586022103855116,-0.03216985903195265,0.6068634203990468,-0.1000400371312522
8.125570334849861,4.162733158671076,0.14186542276447978,0.9417500000000001,-0.7007073795459454,0.602333616070426,-0.08637312276223257,8.107046672625398,4.193056014373112,0.05285014418932982,0.7586067841627335,-0.028026710652383387,0.6065788683214928,-0.09999266666168705
8.088264784443686,4.175296323352243,0.17359125864495,0.9417500000000001,-1.8096629458705658,0.5863063093838612,-0.08278091620005264,8.113866493749368,4.19778488087051,0.05201716724039437,0.7586031350085187,-0.033414001547149005,0.6062829367218301,-0.10003664026638459
8.12017131293014,4.140436879352418,0.18356942808471663,0.942625,-0.6544728089451637,0.5806050717590692,-0.07416811381659297,8.12058207760384,4.2024383727027175,0.051196915017703605,0.7585579400383584,-0.03575250512508185,0.605971489821953,-0.1000589282683606
8.114852169619088,4.117020108605156,0.1368317534474196,0.943625,1.7615895549729454,0.5968002561394403,-0.06586565927446544,8.127678503656778,4.207352551418283,0.050330274664135276,0.7585499939276055,-0.033285698330769255,0.6056654775501533,-0.10006525580098558
8.200880276993558,4.208143440471873,0.14089421721429757,0.9430000000000001,0.5075575357472447,0.6022889283599606,-0.07315109629770364,8.136022598475419,4.213125534346661,0.04931157287720231,0.7584947519531785,-0.038883231675042214,0.6052449984940704,-0.10006411397022674
8.13343446767299,4.186073054670373,0.12692459520879387,0.9430000000000001,-0.4515154637298477,0.5984209930335789,-0.07815905331363938,8.142633768058161,4.217697124517943,0.04850446868524158,0.7585043583722718,-0.029180790020505998,0.6049950194398876,-0.10007751757343142
8.132850161961228,4.151481183317088,0.15552344341722435,0.9410000000000001,1.2899341502282755,0.6121668775218185,-0.08837041287547517,8.150842266620305,4.223368886311565,0.047502770521007584,0.7584931930638134,-0.03383145534116697,0.6046345023723254,-0.10006151218373605
8.18522893778163,4.192734888492986,0.17281706722969492,0.942625,-0.20767403639772306,0.6104769577321933,-0.07078557732499458,8.157122600973612,4.227705543358688,0.04673651294070645,0.7584496950647713,-0.03730708235086648,0.6043309209624801,-0.10006378633622637
8.235927695909826,4.221542200766929,0.16663689479460392,0.9445000000000001,-2.3618493362591795,0.5875814332456639,-0.07743021724436773,8.164620943212103,4.232879450688042,0.045822296331488425,0.7585059393221398,-0.035415919069688565,0.6039876026864901,-0.10001682127109657
8.1897524181869,4.2467201845748095,0.14017112842110457,0.9393750000000001,-0.34539154536157934,0.5840707106809515,-0.0839674632636411,8.172442646776899,4.238272139369421,0.044868907381936884,0.7585326010589073,-0.03699258789731272,0.6036115925762187,-0.1000162596235663
8.202712468108308,4.209540522882881,0.12295159244707668,0.939875,0.28124757228190816,0.5879147167795873,-0.05954663726499593,8.182968760576328,4.245523084765255,0.04358730317274643,0.7584899318885644,-0.02970929484342594,0.6032055349891694,-0.09993362606438572
8.24877354080581,4.2379765270653955,0.13928896616940348,0.9413750000000001,-1.2994657909225182,0.5776047207368382,-0.08704333133318065,8.18909007822486,4.249737200125679,0.04284226443046859,0.758498619473629,-0.03593452595152269,0.6029204295074044,-0.09991839111660017
8.245903090076089,4.176300513563865,0.16582206299019764,0.938625,-0.10141768809994457,0.5763666113845645,-0.06908689836526037,8.19848401343916,4.2561984485865905,0.04169801602791553,0.758489141596065,-0.03458257713362446,0.6024982446501372,-0.10002471513149391
8.240280725963077,4.216869904089819,0.1294267029356886,0.9440000000000001,1.2922046700943945,0.5895790986862073,-0.08196133557092598,8.206398821368124,4.261638398814762,0.04073506480136714,0.7584314859105972,-0.03304763342666416,0.6021603404101166,-0.09993142773576258
8.218316312231845,4.213456455358546,0.10032988503273153,0.941125,-1.705011747800488,0.5714774017823281,-0.08058886274087,8.214594303028182,4.267266337351179,0.03973787761613827,0.7584400331716149,-0.038433139765864,0.6017523050707685,-0.09996801481069095
8.257392321947059,4.239110076357535,0.12867293827119583,0.9435,1.6484616025105296,0.5882546557938699,-0.08789573976231439,8.222472503949783,4.272672288590986,0.03878001968192878,0.7584021616464843,-0.03481341792508645,0.6013979907484637,-0.09991714542497698
8.211199378923158,4.282747091825203,0.12949068712691975,0.9405000000000001,-0.8895826697591703,0.5787653971909128,-0.08377290315679817,8.230705491556371,4.278317224218709,0.03777920318643313,0.7583348147089934,-0.03459064708362967,0.6010290091950021,-0.09992465577811904
8.240923535613502,4.247013431590637,0.0979110116604712,0.939625,0.6585382298740518,0.5851989682147765,-0.06004198428965856,8.238240815194642,4.283479267543948,0.03686377695817782,0.7582504160471539,-0.04196221332842188,0.60061906051242,-0.09988957081401395
8.312068580380366,4.217746471280031,0.13806260695457598,0.943875,1.1064766316848629,0.5986770433522448,-0.07236337272836897,8.247681445488316,4.289940642030392,0.03571676701143768,0.7582254134261822,-0.034878830914050765,0.60019419884765,-0.09992866984371762
8.315443228286792,4.21283496579889,0.14284235714091995,0.94,-1.9667818310872827,0.5803558937706872,-0.07927500632143068,8.25487305891724,4.294859180481338,0.03484338796365028,0.7582626309832878,-0.036192497228599886,0.5998570551212974,-0.09990819640625315
8.298624827659681,4.306211046833786,0.16904192256862405,0.940375,1.623326590056303,0.5993461394020496,-0.07733816819047343,8.263910610452536,4.301034682412246,0.033745997111821975,0.7582158192434004,-0.03560412397892107,0.5994405455513867,-0.09992139953204937
8.234660365675351,4.276958532892524,0.10451862827542467,0.9410000000000001,0.22596133529895368,0.60138734967268,-0.08075044977843225,8.270895627468786,4.305804315605477,0.03289851526655668,0.7583623224990547,-0.03608623495100782,0.5991145623768186,-0.09986407083057891
8.264018733131227,4.28014723952803,0.14503324156855393,0.9392500000000001,-2.4073988130586153,0.5775309368773605,-0.08434538752996659,8.278545726874476,4.31102416899604,0.03197074187658335,0.758419380043076,-0.03530220122213966,0.5987647308988056,-0.0998447947411063
8.286423275537954,4.260760144767421,0.14913024419750914,0.9412500000000001,2.148599082593202,0.5955621010686549,-0.08256579514646105,8.285039256733326,4.315452386337295,0.031183643740968756,0.7584901928138705,-0.03105598942986919,0.5985041072910464,-0.0998106393280267
8.309985053371785,4.284663041640974,0.13938527415587423,0.937875,0.2905094513402253,0.5986654786190746,-0.07612570593461429,8.293277856757394,4.321065325503189,0.03018444341826009,0.7585463645542619,-0.04124623995199947,0.5980634928651964,-0.09989778151971462
8.287111390739748,4.253340372556125,0.107945364828223,0.939125,-1.8938749697883264,0.5756213971041695,-0.06243797058802656,8.302677306924341,4.327462792027322,0.02904485995572321,0.7586463382556046,-0.03797510310253814,0.5976014236233556,-0.09989348419651245
8.324942105185468,4.299696953818163,0.10604283575951454,0.9417500000000001,1.0631513766849605,0.5861295488774116,-0.07515295307214503,8.310335712525733,4.332671494542619,0.02811680321695946,0.7585945412625787,-0.03406216713540624,0.5972647543306904,-0.09986880079602933
8.392919130838852,4.257870169576072,0.12855906238254328,0.940625,0.21627850030798956,0.5882284606650199,-0.08338444571231465,8.31784795761256,4.3377770656674866,0.027206837910382857,0.7584363463396703,-0.03492786708222133,0.5969257908561403,-0.09985030112677817
8.358421063869523,4.286656079970379,0.1277957314457981,0.9395000000000001,0.8466169267465765,0.5952791495508274,-0.06965653024462196,8.324288193109926,4.342151314939934,0.02642720771532285,0.7584120388311171,-0.035061099546235056,0.596633799405125,-0.09980873692596459
8.360493075267673,4.283151561006265,0.11408160231366038,0.9363750000000001,0.03746475609361701,0.5956409115217545,-0.08303579042445527,8.331731811448886,4.347204339402091,0.025526251178570155,0.7584471106531326,-0.02598529819900989,0.5963828837801008,-0.09981029727207025
8.329338967964807,4.2086589785563895,0.15053427193045799,0.9377500000000001,-2.8645575974408053,0.5738393118941145,-0.08551482910284733,8.337608469674292,4.35119138505711,0.024815171230949156,0.7584568470905899,-0.034655816759113986,0.5961191249915094,-0.09979796830009491
8.317429685030065,4.300444023329723,0.1160418653144541,0.9427500000000001,1.9713749759210661,0.5908536244246951,-0.07899480729363968,8.344309469857755,4.355734952412463,0.024004944090704933,0.7584752481666958,-0.03264919971000274,0.5958373400979582,-0.09974369130208549
8.337821557278573,4.2892289749233115,0.08541104772733281,0.9420000000000001,1.1564637184698603,0.6028116663606644,-0.05261995093925442,8.35233346402238,4.361170910661405,0.02303426592006418,0.7585220800990421,-0.038454497940453865,0.595439713703239,-0.09982004502023978
8.333633547821538,4.316073125654906,0.11791048014651728,0.9375000000000001,-1.090031533974139,0.5897547020520237,-0.06740792583167024,8.361587559492397,4.36743353082143,0.021915734181845958,0.7585472820623257,-0.0413558834112473,0.5949443314350908,-0.09976876586772221
8.397360099469712,4.3297738503642975,0.13093789028935632,0.938625,-0.6192630124366745,0.5809526113569148,-0.09273196338923316,8.372585847192228,4.374867664176292,0.020587036054817112,0.7586475647901962,-0.03885290438053485,0.5943920833898213,-0.09975715603391766
8.41374451713184,4.387464907068716,0.12749245482763497,0.9385000000000001,-2.1831220602792536,0.5610422710132958,-0.0741242210559534,8.379643328067525,4.37963480693289,0.0197345017209405,0.7585914417789387,-0.03476459155176641,0.5940750260606427,-0.09976947009193937
8.382756701373284,4.349831957913366,0.12643340728475017,0.9375,1.480385538919633,0.5790333227963527,-0.06231338109914658,8.389040525443688,4.385976368506608,0.018600203156386833,0.7585160322897326,-0.036076633037247355,0.5936365885346957,-0.09972279495396164
8.424246012224131,4.3560525308255285,0.14885803319812121,0.944375,0.7194758233431496,0.5864911420545775,-0.08674403436598445,8.397116575317117,4.391421956715633,0.017626394233282296,0.7586394497403535,-0.03625645174380619,0.5932607676171928,-0.09964431850099498
8.47150946625018,4.365927252539649,0.09595632502366751,0.9387500000000001,-1.9380232851269357,0.5675505913951309,-0.07787618789576008,8.404687629990061,4.39652285713823,0.01671433934430989,0.7586424895889303,-0.0388011479809275,0.592881559010868,-0.09957615533266884
8.494486551982805,4.382689162381963,0.10898743655464009,0.937125,1.3537596244854742,0.5819666309937706,-0.08720101227361336,8.412925200276872,4.402067768225235,0.015722535027977155,0.7585991272309032,-0.03957257719176527,0.59246015492295,-0.09955008232013052
8.466750550996432,4.375349541248378,0.14761402829216794,0.9388750000000001,-0.6821053275952393,0.5750822273727421,-0.0803850984659378,8.420749354423913,4.4073299399933825,0.01478139419009264,0.7585560669585596,-0.03886700373861609,0.5920678751232598,-0.09948292719649698
8.446333275021521,4.375392205433719,0.07661252486411428,0.934625,1.2570547214390226,0.5878609347892936,-0.08181750564547145,8.428596157456727,4.4126032515521025,0.013838415585369069,0.7585121318213973,-0.035337615864863385,0.5917086472819939,-0.09941394390071068
8.48105482696261,4.393094971322751,0.11419042353374509,0.934625,-1.6961902908911486,0.5719379479997353,-0.08102445167492238,8.435843970427989,4.417470570147694,0.012967869568985326,0.7584673827563174,-0.03495658625332064,0.5913804923196002,-0.09938470588235315
8.50563994739499,4.30301109027955,0.13925786987649835,0.9393750000000001,3.205561103999741,0.5972709701228665,-0.08409719649865782,8.441977912317096,4.421586875592381,0.012231326490738291,0.7584000907534528,-0.042453140202737924,0.5910449921356822,-0.09937823945001778
8.410872711985213,4.442420021026997,0.13839144232226983,0.93825,-1.186962680055115,0.5881496815833946,-0.09716871316645002,8.447936388651245,4.425583076459034,0.011516048823917165,0.758321307162405,-0.03546704812369199,0.5907724433984596,-0.09936922876869092
8.524131122919885,4.433062906358672,0.12650219705302782,0.933,-0.09508803123451709,0.5871056276162516,-0.08543962372570285,8.45640498436906,4.431257198670156,0.010500573790375072,0.7583112821432063,-0.04120320947781458,0.5903200376250322,-0.0992897294445183
8.47082172394976,4.396789753732671,0.12630109148623478,0.937875,0.42126732686210394,0.5911434538239333,-0.06478491390300954,8.463838110541856,4.436233744655422,0.009609808217726733,0.7582762032552526,-0.03673904244963168,0.5899678957450689,-0.09925260123267021
8.478227004994318,4.352541785871575,0.09110021634572102,0.9381250000000001,-3.0073615946524836,0.5637588201731454,-0.08015390290487015,8.47090329131725,4.4409602670031525,0.008763340300728312,0.7583452147615898,-0.03951519957595084,0.5896080756070616,-0.09925257552471978
8.491454201671665,4.436358625388182,0.13864640918328233,0.937875,1.911902316842119,0.5829022362327239,-0.08625418036065394,8.478671728489005,4.4461535932535305,0.007832593280813134,0.7583739830083139,-0.03256896141037386,0.5892819704638153,-0.09927652779275675
8.52045375376006,4.3849458080651615,0.08635779938300836,0.93875,-0.0785676500284613,0.5820228757938741,-0.08671456555391381,8.487366213327476,4.451960277389473,0.006792139819785658,0.7584019627783093,-0.04063668732467005,0.5888271484704592,-0.09918863393090449
8.485543023615799,4.427016565220944,0.08679557013285645,0.9387500000000001,-1.7328981901270368,0.5642250653669518,-0.07404449395843886,8.495346699706118,4.45728557418477,0.005837628981858128,0.7583534654169407,-0.0382940269109709,0.5884338479088176,-0.09916293582039026
8.517385450242877,4.377110194036124,0.11669897426403593,0.9385000000000001,2.3959532753492905,0.5858267826590637,-0.0865884387009277,8.502352025408241,4.46195680738586,0.0050004095154258564,0.7583474618740378,-0.03669481202888958,0.5881030105073997,-0.09910744972596497
8.550946145637825,4.4884194217393665,0.0982125119855049,0.9357500000000001,-1.8383174370667346,0.564062134703414,-0.0841987435984399,8.511527459924713,4.468068390154481,0.003905521478083311,0.7583810061695142,-0.042735573739465474,0.5875970452704564,-0.09898929545426105
8.551418075061981,4.38465412015774,0.11130040768559082,0.9343750000000001,0.6717706957369184,0.5723711174768367,-0.09716593446025112,8.521102168203093,4.474439140511634,0.00276335938345293,0.7584655774186103,-0.03967552313430072,0.5871063075226779,-0.0989895228897173
8.564687040825879,4.435451235321781,0.11499562767803988,0.9315,-0.7226125884249105,0.5646089322953491,-0.07069947181461543,8.529394311701092,4.47995130951198,0.0017750420836795272,0.7584530046148865,-0.04045805765836566,0.5866717137435797,-0.09893358841603384
8.552508357921752,4.375537214384742,0.14110477045681052,0.9345000000000001,-0.10990122864307947,0.5633494097846459,-0.07186459132764667,8.53827257433215,4.485847004571523,0.0007178043612706968,0.7585209982530715,-0.041552462468070046,0.5861955019441316,-0.09887758624358556
8.592319460620072,4.443986151086516,0.11335111701632347,0.9357500000000001,0.07772405331432694,0.5642714455652991,-0.07405263786369304,8.547477973484318,4.491953430834906,-0.000377069479655144,0.7585171304811646,-0.04136432163570153,0.5857047994786244,-0.09879127076070571
8.61235120803046,4.438393657888609,0.09145340501844369,0.9341250000000001,2.283267449944912,0.5909745985412753,-0.07197359317906492,8.556540000553152,4.497959374796143,-0.0014531971417148536,0.7585675492611867,-0.03523521324717188,0.585292718410547,-0.09866380960332011
8.619097815895211,4.490799919672051,0.11655877662149258,0.9347500000000001,-0.4738048451947124,0.5858001053410091,-0.06940163191178497,8.565010544482588,4.503567693426961,-0.0024586892446420306,0.7585300115703815,-0.042180536798272356,0.5848320584931574,-0.0986551092036918
8.6105613058371,4.449438507566608,0.08560163356998096,0.935625,0.3229165478335801,0.5893190950636167,-0.054552817307456335,8.573473044696772,4.509165704541553,-0.003461998018420077,0.7584335325170802,-0.03756698301594284,0.5844226715229652,-0.09856176591011634
8.63433668660557,4.501809662305837,0.11971715914860662,0.932,-3.203686163495273,0.5547849893458476,-0.07241658947195632,8.581813851443943,4.514678212416853,-0.004449454479167836,0.7584508711892842,-0.03871017867621175,0.5840053955057352,-0.09844769405641696
8.638840792464391,4.441149044572729,0.102140687154004,0.932625,0.9572115976241369,0.5627815287992095,-0.07861454276509684,8.58828388643944,4.518950766334058,-0.005214857761623229,0.7584891197572581,-0.0456656767942144,0.5836239047391629,-0.09839888845596789
8.701655378827592,4.468993570031674,0.10805860185558244,0.9353750000000001,0.7999554094387956,0.5716219038133707,-0.07165368286374131,8.596870453965304,4.524615810651025,-0.0062296513147210185,0.7585182698752627,-0.03804922748374449,0.5832034195021278,-0.09833024286009717
8.664138926213413,4.473614707982226,0.06385826816547001,0.9368750000000001,2.3873124696477177,0.5906399011101584,-0.09129766861186484,8.603071626656623,4.528703818606411,-0.006961841445501796,0.7585516555058998,-0.045939273862922486,0.582837454427489,-0.09826204857542198
8.631831028220633,4.50078099611674,0.05381989398114383,0.9339999999999999,-1.53922995924655,0.5770822084480871,-0.07614461302312847,8.609908604571675,4.533207707639695,-0.007768314056146573,0.7585312615448117,-0.03776309120790267,0.5825048333129565,-0.09818802499985457
8.61650471120833,4.502986977349842,0.06794372688506879,0.9335000000000001,-0.918587485765048,0.5661001757531832,-0.08677135588993302,8.619186758018165,4.539312981591011,-0.008861096667285207,0.7584701930543392,-0.042451820639816555,0.5819973070408819,-0.09807395273246522
8.644839365431906,4.519269622673918,0.1320764372964215,0.9347500000000001,-0.11588837692119361,0.5647952343576046,-0.07732781762460846,8.627939947499586,4.545067104811817,-0.00989059290688595,0.7585121806407473,-0.04044172479454444,0.5815419198640566,-0.09796547677759504
8.652299921504165,4.5117573711265955,0.07331830699473182,0.9318750000000001,0.08451936588713861,0.5658289989568748,-0.08190597913874077,8.637422046677415,4.55129279312202,-0.011004897294720947,0.7585484520042374,-0.04578308342300229,0.5809819425098568,-0.09792081370579364
8.685110082398865,4.5284110698241244,0.11023868464256538,0.93275,1.4203810342683714,0.5794539875864295,-0.07794142717250141,8.644867523830685,4.556177187007288,-0.011878635340108577,0.7585195179262685,-0.040161328384268474,0.5805966954322193,-0.09780867490083534
8.655239532407018,4.485788485734087,0.08216098945633306,0.935875,-3.4464621884322786,0.5509461387967947,-0.08560556195108082,8.65131064650085,4.560401193004136,-0.012633787856201308,0.7585889746394643,-0.03702222345461485,0.5802904614187887,-0.09770507041788346
8.719564503111577,4.529223988932283,0.08950806686349533,0.9305000000000001,1.6803777618652105,0.5671438784368235,-0.07619920181644876,8.658778157202077,4.565292241215725,-0.013507997876621677,0.7585342026109738,-0.044025966267634366,0.579866079976004,-0.09762070135749923
8.650067516722396,4.570895289972305,0.09268808796804139,0.9333750000000001,-0.1362942324571372,0.5657600766962361,-0.07948377614654731,8.666670219936435,4.570456402967182,-0.014431431914038723,0.7584972120215211,-0.04331521727781327,0.5794262985415122,-0.0975984711794946
8.650707571101947,4.477316863938283,0.12573546352145923,0.937,1.6030167548213368,0.5819801745980517,-0.07689846708846519,8.674568068620387,4.575619886450431,-0.015354545640042093,0.7586001670647884,-0.039125575943127565,0.5790304070635512,-0.09751889657333246
8.704799500605345,4.548241075425742,0.10371592839428531,0.9337500000000001,-1.9330540454138017,0.5593624356904128,-0.07197814680092285,8.683671897007299,4.581565876027484,-0.016417105968166697,0.758654713371881,-0.0391015117415519,0.5785728990153087,-0.09741028842498789
8.690989161455708,4.558602746926959,0.09905324974642213,0.9311250000000001,0.32440470416400147,0.5624306859940331,-0.07823718952007498,8.691012605205065,4.586355279484226,-0.017273272389618653,0.7586346726738527,-0.05088359675794316,0.5780916371556688,-0.09737176777386525
8.686771304862715,4.587393778218106,0.11653841233422756,0.9285000000000001,1.0295410086215393,0.5732697469680028,-0.09253406979631719,8.699162620026444,4.591668655982491,-0.018222851609015777,0.7586701820167311,-0.03315158098965406,0.5777426155968177,-0.09729414001528847
8.712082843967924,4.569590906079642,0.07733609457023682,0.9341250000000001,-0.9553622226551984,0.5651328702877425,-0.07222350753020171,8.705797279726111,4.595990951717561,-0.018995479825799244,0.7586747191744017,-0.03912357222282956,0.577409397813113,-0.0972659654187571
8.716719852960377,4.556142916312417,0.11061062206697828,0.9321250000000001,-0.2917959566950311,0.5620178095793475,-0.07954290759709295,8.714097832034021,4.601393665484864,-0.019960616131251514,0.7584925361523365,-0.0385502088130517,0.5769978559873312,-0.09714277803044125
8.747712779325859,4.571020853754659,0.1065622358623787,0.9333750000000001,-0.5079566059712284,0.5569358750067326,-0.08511146485265093,8.721889441644686,4.606460453903971,-0.02086539611912484,0.7584367236744226,-0.04201690522660188,0.5765774910175772,-0.09704345176395046
8.735754022874827,4.5404866867651865,0.10570739892266968,0.92875,0.22958729150635887,0.558973526501588,-0.08344720406765377,8.72876919932501,4.610930024731523,-0.02166385707158782,0.7584389033190756,-0.048948178225686784,0.576143062230698,-0.09701844553723182
8.745758751314872,4.555697925763863,0.0841289708773666,0.930125,1.0668174689089442,0.5692643208658028,-0.07429848603223252,8.736259555508422,4.615792293563002,-0.022532019708321617,0.7584221346701915,-0.03883572705286405,0.5757684428672798,-0.09691277445918978
8.769412906115358,4.532099605265825,0.07779858051062558,0.9336250000000001,0.31263436062690314,0.5723042949719397,-0.05436925179846489,8.743840651305495,4.620708874267639,-0.023409616452692725,0.7584272049691387,-0.043824107810904234,0.575342308795828,-0.09682067304328212
8.80751175166926,4.621547313385795,0.06847418232122142,0.9326250000000001,-0.9425556523623363,0.5632606928145734,-0.07732390146397845,8.751315103734424,4.625552269068461,-0.024273628018359545,0.7584919850262091,-0.03951061091370353,0.5749632136779934,-0.09670639566673289
8.831135533672981,4.596721151672911,0.06883958518658839,0.9299999999999999,-0.09201321620500555,0.5620960804454769,-0.05570994493359527,8.76115086966822,4.631918251416526,-0.025408931236956915,0.7584640334286977,-0.042600796901802296,0.5744240148862172,-0.09659916507482835
8.79917546756289,4.560617367477462,0.06595340938715671,0.929125,0.4215779670051734,0.5662496061172595,-0.08615875816788565,8.76880196092935,4.636865874684982,-0.0262912031144488,0.7584037405477495,-0.04092963052697941,0.5740207626186993,-0.09653037063031045
8.8090675199213,4.601013668993568,0.0909575147407112,0.929,0.4418086681221779,0.5705060596750848,-0.07452525598346162,8.776284764067842,4.641700071725348,-0.027153199039007297,0.7584263591043251,-0.04502333985120489,0.5735870007463726,-0.09646050520956173
8.802183343568123,4.631046398146026,0.07857557603562834,0.930125,1.1504499151646521,0.5783910404123644,-0.08164264860917547,8.781615480859381,4.645141938640899,-0.02776681277595885,0.7584147609526405,-0.0385174928562612,0.573323008646224,-0.09640370895420469
8.8289108374051,4.630333063877908,0.09116707407139431,0.932375,-0.01648320858787099,0.578248317435941,-0.06595560889762836,8.788368088099224,4.649498000058019,-0.02854314819929597,0.7584015272864112,-0.046762671541343726,0.5729181052178465,-0.09631152590830094
8.833717919980742,4.577467857520248,0.09162872664755635,0.932,1.804123551237998,0.5955776275071711,-0.060555103830596896,8.79585759300786,4.6543260625736504,-0.02940305024238163,0.7583827975041294,-0.033052720133705304,0.572600620954919,-0.09620290305948886
8.868827634961335,4.515712688892832,0.06005314291146965,0.930875,-3.1592232486075527,0.567235537600641,-0.07374204083800312,8.802845581959616,4.658827882494616,-0.030204457806230083,0.7584986057092544,-0.03317484797282613,0.5723030020625868,-0.09611238641884334
8.781866990882868,4.6275457863977225,0.05861670298918842,0.9307500000000001,-1.3536868421981523,0.5508930700952783,-0.07385821145020863,8.812250758535024,4.664881177151858,-0.03128150478945341,0.7583371270957848,-0.03568585625657782,0.5718721823721724,-0.0959996074401066
8.839148823037485,4.593885772828764,0.07516464627096515,0.9281250000000001,-0.5894304026799961,0.5451445950775318,-0.06886886123906125,8.819828963534297,4.669754724613373,-0.03214826414244028,0.7583126046697112,-0.03717197587130009,0.5715096592079703,-0.09590426051760526
8.865727406018287,4.645037935285082,0.06341244557401414,0.9278750000000001,1.1205150639351167,0.5585153275024854,-0.07312955832296514,8.829101951067008,4.675711507939021,-0.03320567786160365,0.7583159986757869,-0.04271872295116195,0.5709999109390718,-0.09564898769221841
8.86268725188078,4.6598419328458975,0.06061193836809238,0.9273750000000001,-0.04595884009602816,0.5580514852914109,-0.0954467867182915,8.836942732355178,4.680744041345337,-0.034098755531522085,0.7582700235191498,-0.037839989790718946,0.5706180086870809,-0.09556390074276999
8.843196522344288,4.669686110826842,0.11144317652086905,0.9313750000000001,0.9666527902697649,0.5677719927820375,-0.07839574460206145,8.84479093019481,4.685776553955849,-0.03499153806182539,0.7583303216636721,-0.04291727019587686,0.5701864394094502,-0.09546904872140027
8.840138901409352,4.693465505380536,0.04618594912420818,0.9292500000000001,-1.1009374931492104,0.5569092568583631,-0.08007598175780921,8.852476577018933,4.690699609178708,-0.03586328855299141,0.7583834490064383,-0.04883634409352972,0.5697045807093271,-0.09522250114871156
8.91116752451614,4.683124066268043,0.11662984065161502,0.9315000000000001,0.9338789916302004,0.5662533646341195,-0.078776582391902,8.860291216889658,4.695701252558083,-0.03674818384369095,0.7583856921486355,-0.03663199213365493,0.5693380521916014,-0.09508596595817442
8.874149424010815,4.704685443212238,0.0810878713717723,0.9277500000000001,-0.22599630033534565,0.5634107396631798,-0.08393893717509693,8.870078567089612,4.7019588670314025,-0.03785514177820863,0.7583706632533799,-0.038232052456721226,0.5688571620759557,-0.09500258025549879
8.849331969201375,4.696765227679453,0.09459082625241208,0.93025,-0.22412957315954812,0.5619492839747089,-0.07014906135988912,8.875166998556962,4.70521018896322,-0.03842992451557392,0.7583649832199691,-0.042885536157639084,0.5685775233389201,-0.09490074734017595
8.933173039691152,4.702805990015072,0.09175663991508604,0.929,-0.9744880703752883,0.5551301269463549,-0.05482375767831546,8.880621595911128,4.708692915563421,-0.039045539585658894,0.7583574895462947,-0.047671802314743966,0.5682439312553518,-0.09483979564306999
8.928461176152899,4.662086823864949,0.08610550089151327,0.9281250000000001,-0.14251527080641882,0.5538210894454139,-0.06990064111209059,8.887776621556993,4.713257173394832,-0.039851585659506576,0.7583511420993558,-0.045212984972852595,0.5678286389675566,-0.09469170193352294
8.919089166676109,4.629531348609124,0.10632397398575784,0.925625,0.7696679842209763,0.5615345417560325,-0.0779449669766353,8.895564852538822,4.718219841586528,-0.04072758235040557,0.7583428880370439,-0.05025809154515233,0.5673249628366746,-0.09457353120169332
8.903799522065997,4.748067509866149,0.050693189993020527,0.9313750000000001,-1.0569521524484295,0.5498709091957954,-0.06302014209075162,8.904196348599907,4.723714592421163,-0.04169690193627334,0.758353902882402,-0.03918731993139932,0.5668925246230416,-0.09445171203366032
8.936248499999952,4.680712295002103,0.06849187466089872,0.9241250000000001,0.871493984739949,0.5592042880142025,-0.06906637950222419,8.912510983667527,4.729001441321473,-0.04262825840287318,0.7583933978911865,-0.04948738517013543,0.5663625329987587,-0.0942440198781016
8.983525093222788,4.720278041558811,0.053928482169196296,0.931,1.6366146800751256,0.574627141062285,-0.06579604045120448,8.91988358939018,4.733685209591311,-0.0434526111408602,0.758327560334104,-0.04195745997197196,0.5659671413728025,-0.09409926633587151
8.907677288851144,4.672521773294613,0.03629023183593371,0.927125,-0.3539506486366121,0.5705465978116009,-0.08347006734026227,8.928868689431006,4.739386608930881,-0.044454795391530445,0.7582572376210818,-0.046621189227043454,0.565429665937252,-0.09390147784371239
8.91827376646794,4.723563204420577,0.0562143500572002,0.9288750000000001,-1.7397290098707572,0.5504609164698429,-0.07759711442719308,8.937887194934307,4.745102050570595,-0.04545845780745075,0.7581337128533561,-0.049007923451119824,0.5648638550965548,-0.09372629773181007
8.954438033182713,4.6262901724819585,0.10620407318650324,0.9255000000000001,0.180611035319721,0.552316891136237,-0.07496897531030582,8.945887402952371,4.750167268126634,-0.04634739020814492,0.7581907146500562,-0.04238055202535107,0.5644283488675605,-0.09360497754888142
8.981468503056657,4.692881070384208,0.06452182959845791,0.928625,0.8770804484046933,0.5623541878232894,-0.07490272438514299,8.954829987636144,4.7558227256079,-0.04733873323958851,0.7582133656490814,-0.044743187754543015,0.5639163084372516,-0.09341962871784082
8.975562886380054,4.7072901262996645,0.10697016668679707,0.92625,-2.260072093444884,0.5388291699619012,-0.06929178071705984,8.962945271732389,4.76095024347065,-0.04823623860431939,0.7582391882024649,-0.04008688783088457,0.5634990453088036,-0.09322457414205854
9.016936785776755,4.728558306173584,0.1084095325837722,0.9252500000000001,2.8036516630561437,0.5645043823597362,-0.07210772719787667,8.970079457085863,4.765453428214612,-0.04902388236580442,0.7581680828726063,-0.04859323895746477,0.5630540393375654,-0.09309110746026672
9.03900398926949,4.752188295969909,0.125865538312317,0.9253750000000001,-2.2884513432266655,0.5392244891036659,-0.05902741338257673,8.97868933790273,4.770881897795427,-0.049971713324700455,0.7582543382128181,-0.046570361842422546,0.5625395893451031,-0.0928546879379395
9.02269674366925,4.692119818127435,0.1034026360183436,0.92825,1.2811600333338296,0.5522486591047193,-0.05178857238238228,8.986640169906961,4.775888841197639,-0.050844984499093845,0.7582229308122125,-0.053139654169515216,0.5619993758887873,-0.09267430314681979
9.039013088459802,4.74957598844078,0.11179771391724097,0.9277500000000001,-0.4279008115751386,0.5479687910066975,-0.07030195163903723,8.994461286058934,4.780808370294039,-0.051702295599616324,0.7582324821487372,-0.05244111551699238,0.5614748593390297,-0.0925209298386025
9.03996658022882,4.77246975608784,0.07033805779448024,0.9259999999999999,-0.5823686386430973,0.5408584016703357,-0.07112269058611524,9.003993338112863,4.786798154634759,-0.05274468571544688,0.7582909511277302,-0.0365419370317836,0.5610287031036831,-0.09232963403801486
9.03706306165979,4.809097403216988,0.06798740283141369,0.92625,3.155952204705608,0.5608156707711154,-0.07934981951637836,9.008932394600112,4.789900231903396,-0.053284157481875614,0.7582535690300131,-0.03545447112771956,0.5608044999550845,-0.09223287122306711
9.004164727794649,4.763713996750977,0.06880337286032485,0.9300000000000002,0.19176533042133811,0.5623255300653431,-0.0818440432885199,9.015108161590499,4.793776102357433,-0.05395799386057531,0.7582325745084884,-0.043495210140542986,0.5604620415600201,-0.09215523472645337
9.018597941995505,4.732688801689274,0.06237212988895041,0.9252500000000001,-2.352187500663093,0.5429919733876991,-0.0812477890634418,9.021523964802828,4.7977991481822,-0.05465693218773286,0.7582461040939148,-0.047216359646906535,0.5600739516798177,-0.0920350450324614
9.016349028349236,4.7128710450679785,0.06474943799643294,0.9243750000000001,0.5144191159314384,0.547855862215251,-0.058916524002855956,9.028899422166576,4.802419568186056,-0.055458872638114776,0.7583692607678975,-0.04508837133932413,0.5596476362128802,-0.09188373847227416
9.05998911569782,4.810524346519151,0.07617611191384795,0.92475,-0.9557061032267425,0.5386637970556487,-0.06518680947901231,9.036406974244567,4.807118673018427,-0.05627380944202676,0.7583850488562757,-0.04045945547444062,0.559258493619998,-0.09175302425537923
9.077502149860091,4.781486701424878,0.05131528051297306,0.923625,2.5709599994840633,0.558560486130558,-0.07108060276367564,9.04244185264933,4.810893011518527,-0.05692781435662727,0.7584564812259886,-0.04608280170045806,0.5589018582863798,-0.09162366327953819
9.033762235499688,4.762798391023565,0.03252890779546319,0.9235,-1.1828977699261516,0.5484795202904644,-0.08770256702542116,9.049088220260302,4.815046387245888,-0.05764687246120918,0.7585362793547162,-0.04316909104971983,0.5585339599410757,-0.09149096512014543
9.0862714491075,4.719040440810932,0.06679281325279461,0.9206250000000001,0.4369380408616036,0.5522846989843213,-0.07962770002401051,9.055860601145705,4.819274886619527,-0.058378076197583714,0.7585587843313952,-0.04419013706703182,0.5581491196380557,-0.09132808156440086
9.068608757270185,4.746255889031918,0.04478608721547699,0.92275,0.1483055706691607,0.5543144292145401,-0.0772884004906956,9.066532722109303,4.825928850323766,-0.059526668726883,0.7584787052459261,-0.046483626556157204,0.5575129383968149,-0.0910755154280034
9.072787782235961,4.7992090001357175,0.046044453211194644,0.9243750000000001,-0.8007455134152238,0.5441428689089021,-0.06357608528255997,9.076459189600767,4.832109796042061,-0.060592124629404054,0.7585474928511559,-0.046332639081529826,0.5569243928169252,-0.09086403057477854
9.09348887327783,4.7953697159794135,0.05437649125110591,0.923,-0.8496862848701472,0.5361707928097155,-0.060691175076565095,9.083782057837428,4.836665443034182,-0.06137705752132982,0.7584753305760689,-0.04308750407767767,0.5565201296582187,-0.09076417397816572
9.086078042972252,4.730880611798065,0.049187334432817725,0.9237500000000001,0.722689884278291,0.5430035547035024,-0.07244885318922777,9.091169556449913,4.841256623112679,-0.062166752660957524,0.7585632053964271,-0.0482626812730219,0.5560638241021731,-0.09054287004415862
9.144407787747413,4.812198812662048,0.07830589263216511,0.9221250000000001,-1.0591816107142893,0.5342375622075313,-0.05775297633206837,9.097626384659222,4.845266260389624,-0.06285581025538751,0.7585666012603349,-0.042533335761698356,0.5557118099637628,-0.09041217270508417
9.126787617602162,4.749571606981713,0.052318223890122806,0.92625,1.9933627591339782,0.5484657956409298,-0.06616739226650789,9.103221193424748,4.848738029654422,-0.0634519881358379,0.758464554012221,-0.04629183959718746,0.5553813878683203,-0.090297001784442
9.164019884513701,4.841926323182076,0.07824169541099943,0.921875,-1.6719848534844968,0.5320390799581061,-0.06573209204070095,9.1108878317679,4.853490857120499,-0.0642673593111825,0.7584450865082093,-0.0439372158064747,0.5549497187952159,-0.09014741847534102
9.132954207421518,4.811611136602048,0.058617455054314586,0.9198750000000001,1.6803955274055375,0.5463278562176774,-0.07884805105289579,9.11751031698351,4.857593338278856,-0.06497055118094336,0.7584854469939053,-0.03897781867320963,0.554618281748982,-0.09002191506310364
9.141863072369901,4.796147816898452,0.05210653689569125,0.9257500000000001,-0.997727096959144,0.5364775717600319,-0.0633438920069007,9.125250804112694,4.862383617866828,-0.06579014203436362,0.7584728643195902,-0.04520285382747588,0.5541720064399769,-0.08979458725897205
9.21622004496027,4.843367286060855,0.05656534430914307,0.9237500000000001,-0.7257686305531398,0.5309619542659956,-0.04579348444835673,9.13119753152349,4.866061258912188,-0.06641847702939556,0.7584908365786301,-0.040838741890815426,0.5538616446115308,-0.08962360505551015
9.118302280351804,4.828473883641414,0.027014850800621312,0.9228750000000001,1.3363077321555308,0.5427976830470334,-0.07040074818492896,9.138123631233489,4.87034018140853,-0.06714871511181664,0.7584488590753738,-0.05181283275537908,0.5534027363667353,-0.08945661633190216
9.213580372101275,4.862466888871249,0.05897213095057264,0.9179999999999999,0.2379773847988975,0.545230511726198,-0.06055397717979615,9.146078080055348,4.875249188390196,-0.06798551169245667,0.7583810454554452,-0.04653014039011079,0.5529270615034187,-0.08928500946138662
9.232991156807447,4.830133246045145,0.06853930510908934,0.9248750000000001,-0.6768402948791687,0.5380903106591788,-0.06578519733778604,9.154350508191909,4.880349060421341,-0.06885345677647457,0.7583752382627126,-0.044597097822364505,0.5524565926973111,-0.0890757404346485
9.214700632615404,4.836914755775056,0.0707148557546475,0.9168750000000001,-0.2937898836668206,0.5349684382652211,-0.06442429609428693,9.162613300548392,4.885438504632373,-0.06971833035536198,0.7583788453498446,-0.037042664121793585,0.5520629696457711,-0.08888658482240697
9.188129418632995,4.8279866043079664,0.0233592846505408,0.9195,2.65687368453683,0.556274616461498,-0.06297670707714134,9.168868524635773,4.8892877513723,-0.0703718993558878,0.7583625377972636,-0.05263891551087224,0.5516408441527676,-0.08875142941433678
9.249739029962326,4.8497648630893115,0.019329126422989073,0.91825,-1.310763933827359,0.5414865402784965,-0.07054677717084024,9.177659747332525,4.894691378770265,-0.07128790702685944,0.7584390401859187,-0.04524165285907326,0.5511304265315173,-0.08853571534106797
9.204212272964314,4.89696942999565,0.038432546221718086,0.918375,-2.110506665441361,0.5229147518032464,-0.052482336359331264,9.184519133691056,4.898904336930816,-0.07200132390394826,0.7584036801304749,-0.039009397259109534,0.5507871562228726,-0.0883938461415581
9.201318952921888,4.836112529412435,0.07619284435384627,0.92275,3.4458334375978894,0.5606441706243288,-0.0600171430926132,9.193097733049422,4.904167001808856,-0.07289114606411634,0.7584176418621481,-0.04805593643386584,0.5502609779889598,-0.08818533475157109
9.218711827927065,4.875338787560403,0.052310765593914746,0.917,-3.422416396173283,0.5264746216345335,-0.06971063427468843,9.200873645429242,4.908932350731203,-0.07369574041201522,0.7584224214996831,-0.045834240900456014,0.5498033670034559,-0.08799578370475247
9.219507440810535,4.833223251834774,0.031915093203111713,0.919,4.086081007135123,0.5588993854782238,-0.059796070172888766,9.207068903960943,4.912726068507369,-0.07433544248326414,0.7583592432099919,-0.043655798587842354,0.5494569399607352,-0.08783162670841138
9.21572158592033,4.802115630733129,0.01777311985000908,0.921625,-2.43378215125198,0.5357158984602188,-0.05123546833378313,9.21452898001913,4.917289983835196,-0.07510420971836465,0.7583052558602863,-0.04426412333572004,0.5490352930486688,-0.08767992378375489
9.285733781510727,4.875298180652505,0.03251534008046082,0.919375,-1.4007916206804891,0.5209402845508389,-0.06902834422754489,9.22277176507037,4.922328106940117,-0.07595122739409574,0.7583071343998303,-0.03881643830269363,0.5486258554869141,-0.08745437197458017
9.237836661899582,4.885312426954417,0.03050731638590521,0.91675,1.6236194747916834,0.5386693130924232,-0.07132858480099837,9.231283002890796,4.927524780661016,-0.0768239252930116,0.7584357099810214,-0.04334731892868181,0.5481525266888676,-0.08728989765714967
9.267866349155584,4.875489253165367,0.06366388383273557,0.92025,-0.6117180703638371,0.5326814996556388,-0.0624772772095494,9.238943789979627,4.932198098066012,-0.07760777267977337,0.7584640196000573,-0.03983642271720048,0.5477625871419165,-0.08712812227197553
9.235136771239807,4.839671479911145,0.06446828828430465,0.9165000000000001,-0.018296648412648883,0.5324564935418015,-0.04757278278521445,9.24853261693173,4.938040040421162,-0.07858620691652309,0.758377698849432,-0.04661056971760921,0.547189385814582,-0.0869207365737239
9.288449128236811,4.89906580012253,0.022534922830300157,0.9195000000000001,1.7758039579746576,0.5528982455437781,-0.07018435996969674,9.257540824198403,4.943521386158227,-0.079503269249155,0.7581766516997165,-0.048242923356361024,0.5466340486836603,-0.08674987947807233
9.260427435882054,4.902420430659098,0.05802650792136104,0.916625,-2.184961299382415,0.5318898015174449,-0.04862920995861884,9.265043756939823,4.948082235809494,-0.0802649004628828,0.7581980448054111,-0.0461559022190558,0.5461902588149208,-0.08652566333890999
9.268462225013279,4.872961982218116,0.05532164774253613,0.918875,0.14817106680852654,0.5335382317092412,-0.06475611773320027,9.273749503265954,4.953367619154358,-0.08114655983028483,0.7581918192888372,-0.049981066780551385,0.5456342103145362,-0.08635293744788886
9.310770389989296,4.865036274073788,0.017954916635906943,0.9177500000000001,-1.10394863078432,0.5192965323961083,-0.054158719839825266,9.283835886692515,4.9594834779325145,-0.08216512214178252,0.7582523956434366,-0.043416757238512155,0.545074104178707,-0.0861365427935703
9.355962741730027,4.9040958647483475,0.0391153775993451,0.9142500000000002,1.912932798889228,0.5440512733268332,-0.05256532115910171,9.293918976222677,4.965588965479585,-0.08317917237424172,0.7581966829399528,-0.04694206557762847,0.5444666397278901,-0.08581614722228315
9.343899355498639,4.935051444642964,0.0471324845783411,0.9136250000000001,-1.9920771934306134,0.5277999072267101,-0.05765724398301098,9.300272727704682,4.9694328647868025,-0.08381694182433796,0.7582087989804224,-0.04812973937904851,0.544073997305432,-0.08567289302348158
9.35275085523115,4.931966227318293,0.043080346537819954,0.9163750000000002,1.7231737833104122,0.5426367787100417,-0.05932305747310409,9.307000472298581,4.973499583541859,-0.08449078947023024,0.7582430067448678,-0.04347448535025574,0.5436996732771808,-0.08550757362574579
9.343223302400355,4.8987191844788605,0.004897347251950075,0.9165000000000001,-0.0005948054383513819,0.5426295057990034,-0.05588069242439551,9.316559567551067,4.979269777875403,-0.08544566079778432,0.7582197472015489,-0.050087704530092876,0.5430872319717182,-0.08531118326754328
9.343686802281294,4.93315506352585,0.04124660156808599,0.9157500000000001,-1.551004157058011,0.5295815616922006,-0.06581312728317139,9.3231324817303,4.983234209412306,-0.08610056858810412,0.7582000553406437,-0.042458911857587135,0.5427300430459292,-0.08511352765524016
