:0200000460009A
:100000004643464200000156000000000103030081
:1000100000000000000000000000000000000000E0
:1000200000000000000000000000000000000000D0
:1000300000000000000000000000000000000000C0
:1000400000000000010408000000000000000000A3
:100050000000800000000000000000000000000020
:100060000000000000000000000000000000000090
:100070000000000000000000000000000000000080
:10008000EB04180A063204260000000000000000FD
:10009000050404240000000000000000000000002F
:1000A0000000000000000000000000000000000050
:1000B0000604000000000000000000000000000036
:1000C0000000000000000000000000000000000030
:1000D00020041808000000000000000000000000DC
:1000E0000000000000000000000000000000000010
:1000F0000000000000000000000000000000000000
:10010000D8041808000000000000000000000000F3
:100110000204180804200000000000000000000095
:1001200000000000000000000000000000000000CF
:10013000600400000000000000000000000000005B
:1001400000000000000000000000000000000000AF
:10015000000000000000000000000000000000009F
:10016000000000000000000000000000000000008F
:10017000000000000000000000000000000000007F
:10018000000000000000000000000000000000006F
:10019000000000000000000000000000000000005F
:1001A000000000000000000000000000000000004F
:1001B000000000000000000000000000000000003F
:1001C000000100000010000001000000000000001D
:1001D000000001000000000000000000000000001E
:1001E000000000000000000000000000000000000F
:1001F00000000000000000000000000000000000FF
:10020000FFFFFFFFFFFFFFFFFFFFFFFFFFFFFFFFFE
:10021000FFFFFFFFFFFFFFFFFFFFFFFFFFFFFFFFEE
:10022000FFFFFFFFFFFFFFFFFFFFFFFFFFFFFFFFDE
:10023000FFFFFFFFFFFFFFFFFFFFFFFFFFFFFFFFCE
:10024000FFFFFFFFFFFFFFFFFFFFFFFFFFFFFFFFBE
:10025000FFFFFFFFFFFFFFFFFFFFFFFFFFFFFFFFAE
:10026000FFFFFFFFFFFFFFFFFFFFFFFFFFFFFFFF9E
:10027000FFFFFFFFFFFFFFFFFFFFFFFFFFFFFFFF8E
:10028000FFFFFFFFFFFFFFFFFFFFFFFFFFFFFFFF7E
:10029000FFFFFFFFFFFFFFFFFFFFFFFFFFFFFFFF6E
:1002A000FFFFFFFFFFFFFFFFFFFFFFFFFFFFFFFF5E
:1002B000FFFFFFFFFFFFFFFFFFFFFFFFFFFFFFFF4E
:1002C000FFFFFFFFFFFFFFFFFFFFFFFFFFFFFFFF3E
:1002D000FFFFFFFFFFFFFFFFFFFFFFFFFFFFFFFF2E
:1002E000FFFFFFFFFFFFFFFFFFFFFFFFFFFFFFFF1E
:1002F000FFFFFFFFFFFFFFFFFFFFFFFFFFFFFFFF0E
:10030000FFFFFFFFFFFFFFFFFFFFFFFFFFFFFFFFFD
:10031000FFFFFFFFFFFFFFFFFFFFFFFFFFFFFFFFED
:10032000FFFFFFFFFFFFFFFFFFFFFFFFFFFFFFFFDD
:10033000FFFFFFFFFFFFFFFFFFFFFFFFFFFFFFFFCD
:10034000FFFFFFFFFFFFFFFFFFFFFFFFFFFFFFFFBD
:10035000FFFFFFFFFFFFFFFFFFFFFFFFFFFFFFFFAD
:10036000FFFFFFFFFFFFFFFFFFFFFFFFFFFFFFFF9D
:10037000FFFFFFFFFFFFFFFFFFFFFFFFFFFFFFFF8D
:10038000FFFFFFFFFFFFFFFFFFFFFFFFFFFFFFFF7D
:10039000FFFFFFFFFFFFFFFFFFFFFFFFFFFFFFFF6D
:1003A000FFFFFFFFFFFFFFFFFFFFFFFFFFFFFFFF5D
:1003B000FFFFFFFFFFFFFFFFFFFFFFFFFFFFFFFF4D
:1003C000FFFFFFFFFFFFFFFFFFFFFFFFFFFFFFFF3D
:1003D000FFFFFFFFFFFFFFFFFFFFFFFFFFFFFFFF2D
:1003E000FFFFFFFFFFFFFFFFFFFFFFFFFFFFFFFF1D
:1003F000FFFFFFFFFFFFFFFFFFFFFFFFFFFFFFFF0D
:10040000FFFFFFFFFFFFFFFFFFFFFFFFFFFFFFFFFC
:10041000FFFFFFFFFFFFFFFFFFFFFFFFFFFFFFFFEC
:10042000FFFFFFFFFFFFFFFFFFFFFFFFFFFFFFFFDC
:10043000FFFFFFFFFFFFFFFFFFFFFFFFFFFFFFFFCC
:10044000FFFFFFFFFFFFFFFFFFFFFFFFFFFFFFFFBC
:10045000FFFFFFFFFFFFFFFFFFFFFFFFFFFFFFFFAC
:10046000FFFFFFFFFFFFFFFFFFFFFFFFFFFFFFFF9C
:10047000FFFFFFFFFFFFFFFFFFFFFFFFFFFFFFFF8C
:10048000FFFFFFFFFFFFFFFFFFFFFFFFFFFFFFFF7C
:10049000FFFFFFFFFFFFFFFFFFFFFFFFFFFFFFFF6C
:1004A000FFFFFFFFFFFFFFFFFFFFFFFFFFFFFFFF5C
:1004B000FFFFFFFFFFFFFFFFFFFFFFFFFFFFFFFF4C
:1004C000FFFFFFFFFFFFFFFFFFFFFFFFFFFFFFFF3C
:1004D000FFFFFFFFFFFFFFFFFFFFFFFFFFFFFFFF2C
:1004E000FFFFFFFFFFFFFFFFFFFFFFFFFFFFFFFF1C
:1004F000FFFFFFFFFFFFFFFFFFFFFFFFFFFFFFFF0C
:10050000FFFFFFFFFFFFFFFFFFFFFFFFFFFFFFFFFB
:10051000FFFFFFFFFFFFFFFFFFFFFFFFFFFFFFFFEB
:10052000FFFFFFFFFFFFFFFFFFFFFFFFFFFFFFFFDB
:10053000FFFFFFFFFFFFFFFFFFFFFFFFFFFFFFFFCB
:10054000FFFFFFFFFFFFFFFFFFFFFFFFFFFFFFFFBB
:10055000FFFFFFFFFFFFFFFFFFFFFFFFFFFFFFFFAB
:10056000FFFFFFFFFFFFFFFFFFFFFFFFFFFFFFFF9B
:10057000FFFFFFFFFFFFFFFFFFFFFFFFFFFFFFFF8B
:10058000FFFFFFFFFFFFFFFFFFFFFFFFFFFFFFFF7B
:10059000FFFFFFFFFFFFFFFFFFFFFFFFFFFFFFFF6B
:1005A000FFFFFFFFFFFFFFFFFFFFFFFFFFFFFFFF5B
:1005B000FFFFFFFFFFFFFFFFFFFFFFFFFFFFFFFF4B
:1005C000FFFFFFFFFFFFFFFFFFFFFFFFFFFFFFFF3B
:1005D000FFFFFFFFFFFFFFFFFFFFFFFFFFFFFFFF2B
:1005E000FFFFFFFFFFFFFFFFFFFFFFFFFFFFFFFF1B
:1005F000FFFFFFFFFFFFFFFFFFFFFFFFFFFFFFFF0B
:10060000FFFFFFFFFFFFFFFFFFFFFFFFFFFFFFFFFA
:10061000FFFFFFFFFFFFFFFFFFFFFFFFFFFFFFFFEA
:10062000FFFFFFFFFFFFFFFFFFFFFFFFFFFFFFFFDA
:10063000FFFFFFFFFFFFFFFFFFFFFFFFFFFFFFFFCA
:10064000FFFFFFFFFFFFFFFFFFFFFFFFFFFFFFFFBA
:10065000FFFFFFFFFFFFFFFFFFFFFFFFFFFFFFFFAA
:10066000FFFFFFFFFFFFFFFFFFFFFFFFFFFFFFFF9A
:10067000FFFFFFFFFFFFFFFFFFFFFFFFFFFFFFFF8A
:10068000FFFFFFFFFFFFFFFFFFFFFFFFFFFFFFFF7A
:10069000FFFFFFFFFFFFFFFFFFFFFFFFFFFFFFFF6A
:1006A000FFFFFFFFFFFFFFFFFFFFFFFFFFFFFFFF5A
:1006B000FFFFFFFFFFFFFFFFFFFFFFFFFFFFFFFF4A
:1006C000FFFFFFFFFFFFFFFFFFFFFFFFFFFFFFFF3A
:1006D000FFFFFFFFFFFFFFFFFFFFFFFFFFFFFFFF2A
:1006E000FFFFFFFFFFFFFFFFFFFFFFFFFFFFFFFF1A
:1006F000FFFFFFFFFFFFFFFFFFFFFFFFFFFFFFFF0A
:10070000FFFFFFFFFFFFFFFFFFFFFFFFFFFFFFFFF9
:10071000FFFFFFFFFFFFFFFFFFFFFFFFFFFFFFFFE9
:10072000FFFFFFFFFFFFFFFFFFFFFFFFFFFFFFFFD9
:10073000FFFFFFFFFFFFFFFFFFFFFFFFFFFFFFFFC9
:10074000FFFFFFFFFFFFFFFFFFFFFFFFFFFFFFFFB9
:10075000FFFFFFFFFFFFFFFFFFFFFFFFFFFFFFFFA9
:10076000FFFFFFFFFFFFFFFFFFFFFFFFFFFFFFFF99
:10077000FFFFFFFFFFFFFFFFFFFFFFFFFFFFFFFF89
:10078000FFFFFFFFFFFFFFFFFFFFFFFFFFFFFFFF79
:10079000FFFFFFFFFFFFFFFFFFFFFFFFFFFFFFFF69
:1007A000FFFFFFFFFFFFFFFFFFFFFFFFFFFFFFFF59
:1007B000FFFFFFFFFFFFFFFFFFFFFFFFFFFFFFFF49
:1007C000FFFFFFFFFFFFFFFFFFFFFFFFFFFFFFFF39
:1007D000FFFFFFFFFFFFFFFFFFFFFFFFFFFFFFFF29
:1007E000FFFFFFFFFFFFFFFFFFFFFFFFFFFFFFFF19
:1007F000FFFFFFFFFFFFFFFFFFFFFFFFFFFFFFFF09
:10080000FFFFFFFFFFFFFFFFFFFFFFFFFFFFFFFFF8
:10081000FFFFFFFFFFFFFFFFFFFFFFFFFFFFFFFFE8
:10082000FFFFFFFFFFFFFFFFFFFFFFFFFFFFFFFFD8
:10083000FFFFFFFFFFFFFFFFFFFFFFFFFFFFFFFFC8
:10084000FFFFFFFFFFFFFFFFFFFFFFFFFFFFFFFFB8
:10085000FFFFFFFFFFFFFFFFFFFFFFFFFFFFFFFFA8
:10086000FFFFFFFFFFFFFFFFFFFFFFFFFFFFFFFF98
:10087000FFFFFFFFFFFFFFFFFFFFFFFFFFFFFFFF88
:10088000FFFFFFFFFFFFFFFFFFFFFFFFFFFFFFFF78
:10089000FFFFFFFFFFFFFFFFFFFFFFFFFFFFFFFF68
:1008A000FFFFFFFFFFFFFFFFFFFFFFFFFFFFFFFF58
:1008B000FFFFFFFFFFFFFFFFFFFFFFFFFFFFFFFF48
:1008C000FFFFFFFFFFFFFFFFFFFFFFFFFFFFFFFF38
:1008D000FFFFFFFFFFFFFFFFFFFFFFFFFFFFFFFF28
:1008E000FFFFFFFFFFFFFFFFFFFFFFFFFFFFFFFF18
:1008F000FFFFFFFFFFFFFFFFFFFFFFFFFFFFFFFF08
:10090000FFFFFFFFFFFFFFFFFFFFFFFFFFFFFFFFF7
:10091000FFFFFFFFFFFFFFFFFFFFFFFFFFFFFFFFE7
:10092000FFFFFFFFFFFFFFFFFFFFFFFFFFFFFFFFD7
:10093000FFFFFFFFFFFFFFFFFFFFFFFFFFFFFFFFC7
:10094000FFFFFFFFFFFFFFFFFFFFFFFFFFFFFFFFB7
:10095000FFFFFFFFFFFFFFFFFFFFFFFFFFFFFFFFA7
:10096000FFFFFFFFFFFFFFFFFFFFFFFFFFFFFFFF97
:10097000FFFFFFFFFFFFFFFFFFFFFFFFFFFFFFFF87
:10098000FFFFFFFFFFFFFFFFFFFFFFFFFFFFFFFF77
:10099000FFFFFFFFFFFFFFFFFFFFFFFFFFFFFFFF67
:1009A000FFFFFFFFFFFFFFFFFFFFFFFFFFFFFFFF57
:1009B000FFFFFFFFFFFFFFFFFFFFFFFFFFFFFFFF47
:1009C000FFFFFFFFFFFFFFFFFFFFFFFFFFFFFFFF37
:1009D000FFFFFFFFFFFFFFFFFFFFFFFFFFFFFFFF27
:1009E000FFFFFFFFFFFFFFFFFFFFFFFFFFFFFFFF17
:1009F000FFFFFFFFFFFFFFFFFFFFFFFFFFFFFFFF07
:100A0000FFFFFFFFFFFFFFFFFFFFFFFFFFFFFFFFF6
:100A1000FFFFFFFFFFFFFFFFFFFFFFFFFFFFFFFFE6
:100A2000FFFFFFFFFFFFFFFFFFFFFFFFFFFFFFFFD6
:100A3000FFFFFFFFFFFFFFFFFFFFFFFFFFFFFFFFC6
:100A4000FFFFFFFFFFFFFFFFFFFFFFFFFFFFFFFFB6
:100A5000FFFFFFFFFFFFFFFFFFFFFFFFFFFFFFFFA6
:100A6000FFFFFFFFFFFFFFFFFFFFFFFFFFFFFFFF96
:100A7000FFFFFFFFFFFFFFFFFFFFFFFFFFFFFFFF86
:100A8000FFFFFFFFFFFFFFFFFFFFFFFFFFFFFFFF76
:100A9000FFFFFFFFFFFFFFFFFFFFFFFFFFFFFFFF66
:100AA000FFFFFFFFFFFFFFFFFFFFFFFFFFFFFFFF56
:100AB000FFFFFFFFFFFFFFFFFFFFFFFFFFFFFFFF46
:100AC000FFFFFFFFFFFFFFFFFFFFFFFFFFFFFFFF36
:100AD000FFFFFFFFFFFFFFFFFFFFFFFFFFFFFFFF26
:100AE000FFFFFFFFFFFFFFFFFFFFFFFFFFFFFFFF16
:100AF000FFFFFFFFFFFFFFFFFFFFFFFFFFFFFFFF06
:100B0000FFFFFFFFFFFFFFFFFFFFFFFFFFFFFFFFF5
:100B1000FFFFFFFFFFFFFFFFFFFFFFFFFFFFFFFFE5
:100B2000FFFFFFFFFFFFFFFFFFFFFFFFFFFFFFFFD5
:100B3000FFFFFFFFFFFFFFFFFFFFFFFFFFFFFFFFC5
:100B4000FFFFFFFFFFFFFFFFFFFFFFFFFFFFFFFFB5
:100B5000FFFFFFFFFFFFFFFFFFFFFFFFFFFFFFFFA5
:100B6000FFFFFFFFFFFFFFFFFFFFFFFFFFFFFFFF95
:100B7000FFFFFFFFFFFFFFFFFFFFFFFFFFFFFFFF85
:100B8000FFFFFFFFFFFFFFFFFFFFFFFFFFFFFFFF75
:100B9000FFFFFFFFFFFFFFFFFFFFFFFFFFFFFFFF65
:100BA000FFFFFFFFFFFFFFFFFFFFFFFFFFFFFFFF55
:100BB000FFFFFFFFFFFFFFFFFFFFFFFFFFFFFFFF45
:100BC000FFFFFFFFFFFFFFFFFFFFFFFFFFFFFFFF35
:100BD000FFFFFFFFFFFFFFFFFFFFFFFFFFFFFFFF25
:100BE000FFFFFFFFFFFFFFFFFFFFFFFFFFFFFFFF15
:100BF000FFFFFFFFFFFFFFFFFFFFFFFFFFFFFFFF05
:100C0000FFFFFFFFFFFFFFFFFFFFFFFFFFFFFFFFF4
:100C1000FFFFFFFFFFFFFFFFFFFFFFFFFFFFFFFFE4
:100C2000FFFFFFFFFFFFFFFFFFFFFFFFFFFFFFFFD4
:100C3000FFFFFFFFFFFFFFFFFFFFFFFFFFFFFFFFC4
:100C4000FFFFFFFFFFFFFFFFFFFFFFFFFFFFFFFFB4
:100C5000FFFFFFFFFFFFFFFFFFFFFFFFFFFFFFFFA4
:100C6000FFFFFFFFFFFFFFFFFFFFFFFFFFFFFFFF94
:100C7000FFFFFFFFFFFFFFFFFFFFFFFFFFFFFFFF84
:100C8000FFFFFFFFFFFFFFFFFFFFFFFFFFFFFFFF74
:100C9000FFFFFFFFFFFFFFFFFFFFFFFFFFFFFFFF64
:100CA000FFFFFFFFFFFFFFFFFFFFFFFFFFFFFFFF54
:100CB000FFFFFFFFFFFFFFFFFFFFFFFFFFFFFFFF44
:100CC000FFFFFFFFFFFFFFFFFFFFFFFFFFFFFFFF34
:100CD000FFFFFFFFFFFFFFFFFFFFFFFFFFFFFFFF24
:100CE000FFFFFFFFFFFFFFFFFFFFFFFFFFFFFFFF14
:100CF000FFFFFFFFFFFFFFFFFFFFFFFFFFFFFFFF04
:100D0000FFFFFFFFFFFFFFFFFFFFFFFFFFFFFFFFF3
:100D1000FFFFFFFFFFFFFFFFFFFFFFFFFFFFFFFFE3
:100D2000FFFFFFFFFFFFFFFFFFFFFFFFFFFFFFFFD3
:100D3000FFFFFFFFFFFFFFFFFFFFFFFFFFFFFFFFC3
:100D4000FFFFFFFFFFFFFFFFFFFFFFFFFFFFFFFFB3
:100D5000FFFFFFFFFFFFFFFFFFFFFFFFFFFFFFFFA3
:100D6000FFFFFFFFFFFFFFFFFFFFFFFFFFFFFFFF93
:100D7000FFFFFFFFFFFFFFFFFFFFFFFFFFFFFFFF83
:100D8000FFFFFFFFFFFFFFFFFFFFFFFFFFFFFFFF73
:100D9000FFFFFFFFFFFFFFFFFFFFFFFFFFFFFFFF63
:100DA000FFFFFFFFFFFFFFFFFFFFFFFFFFFFFFFF53
:100DB000FFFFFFFFFFFFFFFFFFFFFFFFFFFFFFFF43
:100DC000FFFFFFFFFFFFFFFFFFFFFFFFFFFFFFFF33
:100DD000FFFFFFFFFFFFFFFFFFFFFFFFFFFFFFFF23
:100DE000FFFFFFFFFFFFFFFFFFFFFFFFFFFFFFFF13
:100DF000FFFFFFFFFFFFFFFFFFFFFFFFFFFFFFFF03
:100E0000FFFFFFFFFFFFFFFFFFFFFFFFFFFFFFFFF2
:100E1000FFFFFFFFFFFFFFFFFFFFFFFFFFFFFFFFE2
:100E2000FFFFFFFFFFFFFFFFFFFFFFFFFFFFFFFFD2
:100E3000FFFFFFFFFFFFFFFFFFFFFFFFFFFFFFFFC2
:100E4000FFFFFFFFFFFFFFFFFFFFFFFFFFFFFFFFB2
:100E5000FFFFFFFFFFFFFFFFFFFFFFFFFFFFFFFFA2
:100E6000FFFFFFFFFFFFFFFFFFFFFFFFFFFFFFFF92
:100E7000FFFFFFFFFFFFFFFFFFFFFFFFFFFFFFFF82
:100E8000FFFFFFFFFFFFFFFFFFFFFFFFFFFFFFFF72
:100E9000FFFFFFFFFFFFFFFFFFFFFFFFFFFFFFFF62
:100EA000FFFFFFFFFFFFFFFFFFFFFFFFFFFFFFFF52
:100EB000FFFFFFFFFFFFFFFFFFFFFFFFFFFFFFFF42
:100EC000FFFFFFFFFFFFFFFFFFFFFFFFFFFFFFFF32
:100ED000FFFFFFFFFFFFFFFFFFFFFFFFFFFFFFFF22
:100EE000FFFFFFFFFFFFFFFFFFFFFFFFFFFFFFFF12
:100EF000FFFFFFFFFFFFFFFFFFFFFFFFFFFFFFFF02
:100F0000FFFFFFFFFFFFFFFFFFFFFFFFFFFFFFFFF1
:100F1000FFFFFFFFFFFFFFFFFFFFFFFFFFFFFFFFE1
:100F2000FFFFFFFFFFFFFFFFFFFFFFFFFFFFFFFFD1
:100F3000FFFFFFFFFFFFFFFFFFFFFFFFFFFFFFFFC1
:100F4000FFFFFFFFFFFFFFFFFFFFFFFFFFFFFFFFB1
:100F5000FFFFFFFFFFFFFFFFFFFFFFFFFFFFFFFFA1
:100F6000FFFFFFFFFFFFFFFFFFFFFFFFFFFFFFFF91
:100F7000FFFFFFFFFFFFFFFFFFFFFFFFFFFFFFFF81
:100F8000FFFFFFFFFFFFFFFFFFFFFFFFFFFFFFFF71
:100F9000FFFFFFFFFFFFFFFFFFFFFFFFFFFFFFFF61
:100FA000FFFFFFFFFFFFFFFFFFFFFFFFFFFFFFFF51
:100FB000FFFFFFFFFFFFFFFFFFFFFFFFFFFFFFFF41
:100FC000FFFFFFFFFFFFFFFFFFFFFFFFFFFFFFFF31
:100FD000FFFFFFFFFFFFFFFFFFFFFFFFFFFFFFFF21
:100FE000FFFFFFFFFFFFFFFFFFFFFFFFFFFFFFFF11
:100FF000FFFFFFFFFFFFFFFFFFFFFFFFFFFFFFFF01
:10100000D10020434D1600600000000000000000E9
:101010002010006000100060001C03600000000051
:10102000000000600028030000000000FFFFFFFF39
:10103000FFFFFFFFFFFFFFFFFFFFFFFFFFFFFFFFC0
:10104000FFFFFFFFFFFFFFFFFFFFFFFFFFFFFFFFB0
:10105000FFFFFFFFFFFFFFFFFFFFFFFFFFFFFFFFA0
:10106000FFFFFFFFFFFFFFFFFFFFFFFFFFFFFFFF90
:10107000FFFFFFFFFFFFFFFFFFFFFFFFFFFFFFFF80
:10108000FFFFFFFFFFFFFFFFFFFFFFFFFFFFFFFF70
:10109000FFFFFFFFFFFFFFFFFFFFFFFFFFFFFFFF60
:1010A000FFFFFFFFFFFFFFFFFFFFFFFFFFFFFFFF50
:1010B000FFFFFFFFFFFFFFFFFFFFFFFFFFFFFFFF40
:1010C000FFFFFFFFFFFFFFFFFFFFFFFFFFFFFFFF30
:1010D000FFFFFFFFFFFFFFFFFFFFFFFFFFFFFFFF20
:1010E000FFFFFFFFFFFFFFFFFFFFFFFFFFFFFFFF10
:1010F000FFFFFFFFFFFFFFFFFFFFFFFFFFFFFFFF00
:10110000FFFFFFFFFFFFFFFFFFFFFFFFFFFFFFFFEF
:10111000FFFFFFFFFFFFFFFFFFFFFFFFFFFFFFFFDF
:10112000FFFFFFFFFFFFFFFFFFFFFFFFFFFFFFFFCF
:10113000FFFFFFFFFFFFFFFFFFFFFFFFFFFFFFFFBF
:10114000FFFFFFFFFFFFFFFFFFFFFFFFFFFFFFFFAF
:10115000FFFFFFFFFFFFFFFFFFFFFFFFFFFFFFFF9F
:10116000FFFFFFFFFFFFFFFFFFFFFFFFFFFFFFFF8F
:10117000FFFFFFFFFFFFFFFFFFFFFFFFFFFFFFFF7F
:10118000FFFFFFFFFFFFFFFFFFFFFFFFFFFFFFFF6F
:10119000FFFFFFFFFFFFFFFFFFFFFFFFFFFFFFFF5F
:1011A000FFFFFFFFFFFFFFFFFFFFFFFFFFFFFFFF4F
:1011B000FFFFFFFFFFFFFFFFFFFFFFFFFFFFFFFF3F
:1011C000FFFFFFFFFFFFFFFFFFFFFFFFFFFFFFFF2F
:1011D000FFFFFFFFFFFFFFFFFFFFFFFFFFFFFFFF1F
:1011E000FFFFFFFFFFFFFFFFFFFFFFFFFFFFFFFF0F
:1011F000FFFFFFFFFFFFFFFFFFFFFFFFFFFFFFFFFF
:10120000FFFFFFFFFFFFFFFFFFFFFFFFFFFFFFFFEE
:10121000FFFFFFFFFFFFFFFFFFFFFFFFFFFFFFFFDE
:10122000FFFFFFFFFFFFFFFFFFFFFFFFFFFFFFFFCE
:10123000FFFFFFFFFFFFFFFFFFFFFFFFFFFFFFFFBE
:10124000FFFFFFFFFFFFFFFFFFFFFFFFFFFFFFFFAE
:10125000FFFFFFFFFFFFFFFFFFFFFFFFFFFFFFFF9E
:10126000FFFFFFFFFFFFFFFFFFFFFFFFFFFFFFFF8E
:10127000FFFFFFFFFFFFFFFFFFFFFFFFFFFFFFFF7E
:10128000FFFFFFFFFFFFFFFFFFFFFFFFFFFFFFFF6E
:10129000FFFFFFFFFFFFFFFFFFFFFFFFFFFFFFFF5E
:1012A000FFFFFFFFFFFFFFFFFFFFFFFFFFFFFFFF4E
:1012B000FFFFFFFFFFFFFFFFFFFFFFFFFFFFFFFF3E
:1012C000FFFFFFFFFFFFFFFFFFFFFFFFFFFFFFFF2E
:1012D000FFFFFFFFFFFFFFFFFFFFFFFFFFFFFFFF1E
:1012E000FFFFFFFFFFFFFFFFFFFFFFFFFFFFFFFF0E
:1012F000FFFFFFFFFFFFFFFFFFFFFFFFFFFFFFFFFE
:10130000FFFFFFFFFFFFFFFFFFFFFFFFFFFFFFFFED
:10131000FFFFFFFFFFFFFFFFFFFFFFFFFFFFFFFFDD
:10132000FFFFFFFFFFFFFFFFFFFFFFFFFFFFFFFFCD
:10133000FFFFFFFFFFFFFFFFFFFFFFFFFFFFFFFFBD
:10134000FFFFFFFFFFFFFFFFFFFFFFFFFFFFFFFFAD
:10135000FFFFFFFFFFFFFFFFFFFFFFFFFFFFFFFF9D
:10136000FFFFFFFFFFFFFFFFFFFFFFFFFFFFFFFF8D
:10137000FFFFFFFFFFFFFFFFFFFFFFFFFFFFFFFF7D
:10138000FFFFFFFFFFFFFFFFFFFFFFFFFFFFFFFF6D
:10139000FFFFFFFFFFFFFFFFFFFFFFFFFFFFFFFF5D
:1013A000FFFFFFFFFFFFFFFFFFFFFFFFFFFFFFFF4D
:1013B000FFFFFFFFFFFFFFFFFFFFFFFFFFFFFFFF3D
:1013C000FFFFFFFFFFFFFFFFFFFFFFFFFFFFFFFF2D
:1013D000FFFFFFFFFFFFFFFFFFFFFFFFFFFFFFFF1D
:1013E000FFFFFFFFFFFFFFFFFFFFFFFFFFFFFFFF0D
:1013F000FFFFFFFFFFFFFFFFFFFFFFFFFFFFFFFFFD
:10140000814205D051F8043B40F8043B8242F9D8B0
:10141000704700BF044A05494FF0000342F8043BFF
:101420009142FBD8704700BFC0A20020A0FC002062
:101430002DE98848BFF34F8F00BF00BF00BF00BF3A
:1014400000F0D6F9684B0822C3F8542100BF00BF52
:1014500000BF00BF00BF00BF00BF00BF00BF00BF94
:1014600000BF00BF00BF00BF00BF00BF5F4A6049B0
:101470006048FFF7C5FF604A60496148FFF7C0FF59
:10148000604CFFF7C7FF4FF470004FF0E0210023DE
:101490005D4AC1F8880D44F823200133B02BFAD1FE
:1014A0005A4B80215A4A03F8011B9342FBD14FF05B
:1014B000E0254D4E4FF08039DFF884B1DFF884A18C
:1014C0004FF0FF31C5F8084D0027C6F80491C6F863
:1014D00000B1C6F8F490C6F8F0A0D5F8243DDFF8C6
:1014E000688143F4E0234B4AC5F8243DD8F81C300A
:1014F00023F07F0343F04003C8F81C30D8F82430B1
:1015000023F07F0343F04003C8F824309166D1668E
:101510001167516700F074F93F4B4049A363404B9A
:10152000E36363236B610323AF612B613D4BC5F81C
:10153000203DD5F8FC3D43F08073C5F8FC3D3A4BA7
:101540001A6842F001021A605B680B6000F0A2FBAF
:10155000C6F804913548C6F800B1C6F8F490C6F84C
:10156000F0A000F045FDD8F86C10314B314A41F441
:101570004051C8F86C101F60C3F80871C3F81871A7
:10158000C3F82871C3F83871936BDB0708D442F6AF
:101590001563294951651365936B43F00103936308
:1015A000244A264C936843F00113936000F0B0F98D
:1015B00000F0D4FC00F00CFD00F09AFB00F01AF9EA
:1015C0002368132BFCD900F02BFC2368B3F5967F1E
:1015D000FBD300F013F900F00FF900F0FDFC00F070
:1015E00003FD30BFFDE700BF00800D40584E0200F4
:1015F0000427006000000000C0A2002060750260A7
:101600000000002000A00020F172010000E400E0D2
:10161000A0E400E000C00A40B55E0100C0FA00206E
:10162000B95E010000002020001000E00046C32346
:101630000040084000400D400000C056C4FA0020A1
:101640001B1018200C0D111300C00F40054B4FF458
:101650002A01054A05485A641864054A9963954663
:10166000FFF7E6FE00C00A40FFABAAAA0700200071
:101670000080052043690A4A03EB011010B4037A85
:10168000084C02EB0313D3E901321460C2681A60FC
:1016900003690BB142691A605DF8044B704700BFE3
:1016A0007483002061F801004369027E03EB02129B
:1016B00092F808C08C451CD01A7AFF2A19D09142A2
:1016C00010B5044616D01A7EFF2A06D00121D3E9B0
:1016D000002312681A4201D1217610BD064B052263
:1016E000204603EB0C135B681A60FFF7C3FF2176FB
:1016F000F3E770470021EAE77483002043690A4A50
:1017000003EB011010B490F82830084C02EB0313DF
:10171000D3E901321460C26A1A60036B0BB1426BE9
:101720001A605DF8044B70477483002061F8010073
:101730004369427E03EB021292F828C08C451ED00A
:1017400093F82820FF2A1AD0914210B5044617D0EA
:1017500093F83820FF2A06D00121D3E9002312682C
:101760001A4201D1617610BD064B0522204603EBDB
:101770000C135B681A60FFF7C1FF6176F3E77047EF
:101780000021EAE774830020164942698B6B23F439
:101790007C0343F4802370B58B630446124DD2E979
:1017A00000130A681A4303690A60022200211A61C1
:1017B0000E4A19619A6401225A629D624FF43035D3
:1017C000DD624FF001159E6C1E6519629D651A6100
:1017D000017EFFF74FFF617E2046BDE87040FFF7B6
:1017E0008DBF00BF00C00F40B80B05053B3728195F
:1017F000704700BF704700BF704700BF00BF704711
:1018000010B44FF0E023002110243148C3F8941D98
:10181000C3F89C4D1124C3F8A00D2E48C3F89C4D6D
:101820001224C3F8A00D2C48C3F89C4D2B4AC3F8D2
:10183000A00D2B4C42F015022A48C3F89C4DC3F86A
:10184000A00D294C2948C3F89C4DC3F8A00D284C85
:10185000C3F89C2D2748284AC3F8A04DC3F89C0D17
:10186000C3F8A02D02F5A022244C0C322448C3F862
:101870009C4DC3F8A02D234AC3F89C0D224CC3F8FD
:10188000A02D02F14062C3F89C4D2048C3F8A02D62
:101890000C32C3F89C0DC3F8A02D00BF00BF00BFE1
:1018A00000BF00BF0122C3F8942DBFF34F8FBFF3D9
:1018B0006F8FC3F8501FBFF34F8FBFF36F8FD3F8F5
:1018C000142D5DF8044B42F44032C3F8142D7047D8
:1018D0003F0000102500080709001000A0FC0020B0
:1018E0001300200021000207140000202500081327
:1018F000090000101600202027000B1317000040DD
:10190000180000602F000B07190000701A000080FB
:10191000F0B5B84B1822B84E0120B84F83B0C3F8C9
:101920005C62B749C3F86072B64DC3F86462A6F54D
:101930003046B54CC3F86862C3F86C52C3F87052B5
:10194000C3F87452C3F8785248F20C75DA661A6715
:101950005A679A67DA67C3F88020C3F88420C3F80F
:101960008820C1F82C03A94AC1F83003C1F8340318
:10197000C1F83803C1F83C03C1F85003A169A44B76
:101980000A40A448A4491343A44AA361D4F884306C
:1019900043F00C03C4F884304FF0FF34036843F085
:1019A0000203036003682B404FF400551A439C4B1D
:1019B000026044608A689B4C13409B4A43F000538A
:1019C0008360C36823F07803C360036A1340234332
:1019D0000362036A1340954A2343954C4362826233
:1019E000C2620022D1F8B83023F03F0343F0010374
:1019F000C0F8B830D1F8BC308E4923F03F0343F033
:101A00000103C0F8BC3040F205630261056604675B
:101A1000C0F88030456644670224C0F8843003680B
:101A200023F0020303608161834B8449C46143F85E
:101A3000042B8B42FBD1774A136843F001031360F8
:101A4000136813F00103FBD17A48022140F2F564D8
:101A5000906140F29940D16140F26641C2F8004283
:101A600042F20144C2F810127549C2F82002C2F8CD
:101A7000301240F235417348C2F83442C2F8401285
:101A8000714CC2F8500242F201207049C2F854125F
:101A90000121C2F86042C2F864025E48C2F8A03078
:101AA000C2F8A430C2F8B0104369DA07FCD50123AC
:101AB00000244FF4803257494361C0F8A040C0F879
:101AC000A420C0F8B0304B69DB07FCD5012300240B
:101AD0004FF400304F4A4B61C1F8A040C1F8A40058
:101AE000C1F8B0305369DF07FCD501230024584802
:101AF00048495361C2F8A040C2F8A400C2F8B0300F
:101B00004B69DE07FCD5D1F8003145F60D52212096
:101B10009BB24861934265D100244FF48022012397
:101B20003C48C1F8A040C1F8A420C1F8B0304369D6
:101B3000DD07FCD501234FF400040021354A436141
:101B4000C0F8A040C0F8A410C0F8B0305369DC075A
:101B5000FCD501234FF400044FF480302D4953612C
:101B6000C2F8A040C2F8A400C2F8B0304B69D80750
:101B7000FCD501234FF400044FF40030254A4B619B
:101B8000C1F8A040C1F8A400C1F8B0305369D9072A
:101B9000FCD501234FF400042D481E495361C2F8BF
:101BA000A040C2F8A400C2F8B0304B69DA07FCD5F7
:101BB000D1F8003145F60D5221209BB24861934285
:101BC00050D008254FF4000422490020224B234A1C
:101BD000009015705A1A01232148224400F0F0F9B0
:101BE00003B0F0BD1E4B0022C3E90022C3E902226C
:101BF00003B0F0BD00801F40F9B00100F9100100F2
:101C000000841F40F970010000C00F40FFFCFF1F5F
:101C1000000300A000402A4000802A401200FFFF7D
:101C2000FF37F7004000008000FFF07CFF000F83CB
:101C300063000200F05AF05A00422A4000432A4052
:101C40009F041830EB06180A3806180A06320126D7
:101C500004000300000000700000007054FC00202D
:101C600098F100204FF400044FF48022012308482B
:101C7000C1F8A040C1F8A420C1F8B0304369DB0727
:101C8000FCD5012310254FF0807443619CE700BF11
:101C900000402A40F0B4154A40274FF480314FF4F9
:101CA00080564FF400554FF4404443F2420013690C
:101CB00013F0020F0ED113F4005F0FD013F4805F06
:101CC0000ED0002BF3DA13F4803F0BD15B060BD55B
:101CD000F0BC7047946151619061E8E75561E6E7B7
:101CE0005661E4E79161E2E75761E0E700800D406B
:101CF0003F4A03203F49F3EE095AD2F880304FF0B3
:101D0000000C9FED3D6A23F001039FED3C5A30B477
:101D1000C2F88030C2F89000D1F8E010384DCBB254
:101D2000384C39482B6007EE903A0B0DC1F30B216C
:101D3000F8EEE77A06EE903A07EE101A334BB8EE5B
:101D4000C77A2160F8EEE66A314937EEC66A37EEA7
:101D5000C55A76EEC76A77EEE57A26EE266AC3EDB7
:101D6000006A25EE265AD2F8803067EEA64AC0ED0A
:101D7000007AC6EE275A274885EE276AC4EEA76A7E
:101D800075EE875AFCEEE55A36EE076A15EE904A74
:101D9000BCEEC66A43EA045376EE877AC2F8803016
:101DA00016EE103AD2F89041FCEEE77A01EA0341D0
:101DB000214317EE903AC2F89011C3F30B03D2F807
:101DC00090110B431449C2F89031D2F8803043F09F
:101DD0000203C2F88030114B80F840C0C1F8403196
:101DE0004FF0E023012230BCC3F80821704700BF48
:101DF00000810D4000441F400000AA420000B44290
:101E0000E0F90020DCF90020E4F90020E8F90020E6
:101E10000000FF0F00E400E000A00020DD740100DE
:101E2000314B40F6617210B5C3F8202140F20444F2
:101E300000F0D6F82D4A2E49D2F880302D4843F0D4
:101E40000303C2F880302C4BC1F8604102681A428B
:101E500003D1D1F8A8319A071BD0254A4FF0004191
:101E6000244B5963D2F8403143F00203C2F84031A9
:101E7000D2F840319B07FBD44FF400304FF0E02103
:101E80001C4B4FF00042C1F88C0219209A6300F0FD
:101E9000B3F8184A4FF08040154C002190630A2097
:101EA000164B11604FF42072C4F8A801184600F0D8
:101EB0008BF84FF4800203464FF4810040F2431147
:101EC0001860C4F858311A640D4B0E4AC4F8481112
:101ED000C3F804224FF0E0224FF400310123C2F88E
:101EE0000C11C4F8403110BD00800D4000C00F40FF
:101EF00000002E4000900D40001C1E00000000203D
:101F000000A00020C576010008B50E4B1B6E9B0794
:101F100000D4FBBE72B60C4B00200C4AC3F8400143
:101F200003F160430A49A3F55F2311649D46BFF3A3
:101F30004F8F4FF400130748074ADB6902609B6824
:101F4000984700BF00441F4000002E4000C00A40D8
:101F50000300200000802020000012EB104BA02086
:101F6000104AD96E41F4403110B4D96640F237645A
:101F7000D96E41F44071D96654649064936C1B0629
:101F8000FCD4094A40F23761A02351649364936CF6
:101F900013F08003FBD1054A13705DF8044B7047C2
:101FA00000C00F4000400C4000800C4053FC00205B
:101FB000F8B500BFF8BC08BC9E46704700000000A2
:101FC0005FF800F0498701005FF800F021C10100CF
:101FD0005FF800F0E17101005FF800F0B1D301009B
:101FE0005FF800F0357E01005FF800F05D6C0100E5
:101FF0005FF800F0D96101005FF800F0C9640100EA
:10200000490100002D070000691D0000B1210000FA
:1020100045250000212A0000C52E00006936000079
:1020200065460000E54E0000A55A0000CD630000A3
:1020300035720000B1880000C593000031A800008F
:1020400045BA000075BE000011C40000FDD20000BA
:102050001DE00000650301001D5501000161010044
:102060000080C0E0F0F8FCFE000103070F1F3F7F77
:1020700000000000000180000000000000000000DF
:10208000038000000000000000000007C000000006
:1020900000000000000007C0000000000000000079
:1020A000000FC00000000000000000001FE0000062
:1020B000000000000000001FE00000000000000021
:1020C00000003FE00000000000000000003FF000C2
:1020D00000000000000000007FF000000000000091
:1020E000001FF87FF0000000000000003FFE7FF0BE
:1020F000000000000000003FFF7FF0000000000033
:1021000000001FFFFBE0000000000000000FFFF9CF
:10211000FFC00000000000000FFFF9FFF800000002
:1021200000000007FFF1FFFF00000000000003FCBB
:1021300073FFFF80000000000001FE3FFFFF8000F2
:102140000000000000FF1E0FFF0000000000000064
:102150007FFE1FFC000000000000003FFFFFF800B2
:102160000000000000000FDFFFE0000000000000A2
:10217000001F19FFC0000000000000003F3CFF00EE
:10218000000000000000007E7CF80000000000005D
:1021900000007FFE7C0000000000000000FFFFFC4C
:1021A0000000000000000000FFFFFE000000000033
:1021B000000000FFFFFE0000000000000001FFEF34
:1021C000FE0000000000000001FFCFFE0000000044
:1021D00000000003FF07FE0000000000000003FCF9
:1021E00007FE0000000000000003F003FE000000F6
:1021F00000000000018000FE000000000000000060
:1022000000007E000000000000000000003E000012
:1022100000000000000000000C00000000000007AB
:102220008000FC000003C0000000078001FC0000EB
:1022300003C0000000078001FC000003C000000094
:10224000078001E00000001E000000078001E000A0
:1022500000001E007FE3F79FF9FDE7787BDFC0FFFA
:10226000F7FFBFFDFDFF787BDFC0FFF7FFBFFDFD80
:10227000FF787BDFC0F0F787BC3DE1FF787BDE00B5
:10228000F0F787BC3DE1F0787BDE0000F787803D0A
:10229000E1E0787BDE007FF7879FFDE1E0787BDE81
:1022A00000FFF787BFFDE1E0787BDE00F0F787BC39
:1022B0003DE1E0787BDE00F0F787BC3DE1E0787B34
:1022C000DE00F0F787BC3DE1E0787BDE00FFF7FF42
:1022D000BFFDE1E07FFBDFC0FFF7FFBFFDE1E07F77
:1022E000FBDFC07CF3F39F3DE1E03E7BCFC000000D
:1022F000000000000000000000FFFFFFFFFFFFFFE5
:10230000FFFFFFC0FFFFFFFFFD68DB111A31C0FFB9
:10231000FFFFFFFD2B5AFB6AEFC0FFFFFFFFFD4BE6
:102320005B3B1A33C0FFFFFFFFFD6B5BDB6AFDC049
:1023300000F00001C007FFF0FFFFBF07E001FE0053
:102340000FF007FFF8FFFFBF07F007FFC07FFC0794
:10235000FFFCFFFFBF07F01FFFFFFFFF07FFFCFFB2
:10236000FFBF07F07FFFFFFFFFC7F3FCFFFFBF07C3
:10237000F07FFFFFFFFF87F0FE07F03F07F01FFF32
:10238000FFFFFE07F0FE07F03F07F007FF803FF872
:1023900007F07E07F03F07F001FC0007F007F07E32
:1023A00007F03F07F000600001C007F07E07F03F34
:1023B00007F0000000000007F07E07F03F07F00084
:1023C000F00003C007F07E07F03F07F003FE000FA8
:1023D000F007F07E07F03F07F00FFFC0FFFC07F0AB
:1023E0007E07F03F07F03FFFFFFFFF07F07E07F09B
:1023F0003F07F07FFFFFFFFFC7F07E07F03F07F0CA
:102400003FFFFFFFFF87F07E07F03F07F00FFFFF62
:10241000FFFE07F07E07F03F07F007FF003FF807D9
:10242000F07E07F03F07F001F80007E007F07E07B5
:10243000F03F07F0006000008007F07E07F03F07E4
:10244000F0000000000007F07E07F03F07F000F802
:102450000003E007F07E07F03F07F003FE001FF8DF
:1024600007F07E07F03F07F00FFFC0FFFC07F0FE0C
:1024700007F03F07E03FFFFFFFFF07F0FE07F03FD9
:1024800007E07FFFFFFFFF87F0FE07F03F87E03F99
:10249000FFFFFFFF87FFFC07F03FCFE00FFFF3FFD9
:1024A000FE07FFFC07F01FFFE003FF003FF807FFF8
:1024B000FC07F01FFFC000F80007E007FFF807F077
:1024C0000FFF80006000008003FFE007F007FF00BF
:1024D000AED580A8D300408D2000A1C8DB40A4A6C3
:1024E0002EAF00002600000000FF2F002700000094
:1024F00000FF2F00A300000029000000012F0000B2
:10250000A30000002A000000012F000080C00F403F
:10251000000000031900000010000000E8841F40C4
:1025200001000000FF000000FF00000000000000AC
:10253000000000001800000010000000E4841F40AC
:1025400001000000FF000000FF000000000000008C
:10255000000000001F000000D1F3000070C00F4019
:10256000000C00001100000011000000E0841F407A
:10257000020000002C00000012000000E0841F4058
:10258000010000001000000011000000DC841F406A
:10259000020000002D00000012000000DC841F403B
:1025A000010000001E000000C5F3000070C00F40D5
:1025B000C00000001200000013000000D0841F4083
:1025C00001000000FF000000FF000000000000000C
:1025D000000000001300000013000000CC841F4026
:1025E00001000000FF000000FF00000000000000EC
:1025F000000000001C000000B9F3000016035500A5
:102600005300420020005300650072006900610021
:102610006C00000018035400650065006E00730034
:1026200079006400750069006E006F0004030904FE
:1026300009026200030100C032080B00020202011D
:102640000009040000010202010005240010010538
:102650002401010104240206052406000107058265
:102660000310001009040100020A0000000705031E
:102670000240000007058402400000090402000235
:10268000FF6AFF00070581024000010705010240C3
:102690000001000009026200030100C032080B00C3
:1026A00002020201000904000001020201000524E7
:1026B000001001052401010104240206052406007E
:1026C000010705820310000509040100020A000049
:1026D000000705030200020007058402000200094A
:1026E00004020002FF6AC700070581020002010719
:1026F00005010200020100000A060002EF0201408B
:0427000001000000D4
:1027040000000000000000000000000000000000C5
:1027140000000000000000000000000000000000B5
:10272400F8B54FF084439D695A6915400DD0254F83
:1027340001269D6195FAA5F4B4FA84F457F824307F
:1027440006FA04F49847A543F4D11F4B9D695A69CE
:1027540015400DD01D4F01269D6195FAA5F4B4FADC
:1027640084F457F8243006FA04F49847A543F4D1C6
:10277400174B9D695A6915400DD0164F01269D616E
:1027840095FAA5F4B4FA84F457F8243006FA04F45C
:102794009847A543F4D1104B9D695A6915400DD053
:1027A4000E4F01269D6195FAA5F4B4FA84F457F806
:1027B400243006FA04F49847A543F4D1BFF34F8FAD
:1027C400F8BD00BFA89B002000400042289C0020C8
:1027D40000800042A89C002000C00042289D0020E8
:1027E4000348044B834202D0034B03B1184770479C
:1027F400C0A20020C0A20020000000000548064B33
:102804001B1AD90F01EBA301491002D0034B03B1EA
:1028140018477047C0A20020C0A20020000000009A
:1028240010B5064C237843B9FFF7DAFF044B13B114
:102834000448AFF300800123237010BDF0E00020B2
:10284400000000000028036008B5044B1BB10449D4
:102854000448AFF30080BDE80840CFE70000000063
:10286400F4E0002000280360004870478C26002014
:1028740008B5084B40F6FF7193F83030092B14BFAC
:102884000620002016F050FF0348BDE808400BF076
:1028940017BD00BF6CF60020D0E00020114B0021D2
:1028A40070B593F83030104C092B104E104D14BFF6
:1028B4000620084616F038FF20460BF095FD002848
:1028C400FAD020460BF0E6FD304600F0B1F803469E
:1028D400294608480BB10CF0C3FB20460BF016FE4A
:1028E400EAE700BF6CF60020D0E00020FCEA0020FC
:1028F400E4860020D0FA0020194BB6EE006AD3ED2E
:10290400097A0346174830EE670A93ED047AD3ED4B
:10291400037A93ED024A20EE060A93ED055A67EE18
:10292400C77AD3ED016AD3ED005A90ED067AE0EE52
:10293400047AD0ED074A83ED040A37EE247AE5EEF3
:10294400267AC7EEA56AF0EE660AC3ED056AB0EE14
:10295400660AE7EE060A97EE060A09F031B800BFE8
:102964009CF30020D4F40020B7EEC11A2D4AB0EE37
:10297400006B9621B7EEE07AB0EE412BB7EEC00AB9
:10298400B0EE413BB0EE414BB0EE415BA7EE062BFF
:1029940097EE063BA0EE064B90EE065BB7EEC22B1D
:1029A400B7EEC33BB7EEC44B30B5B7EEC55BAFB0C3
:1029B40004461D4D08A88DED041B8DED027B8DEDA5
:1029C400000B84ED002A84ED013A84ED024A84ED83
:1029D400035A1BF053FD08A928460CF041FB94ED63
:1029E400014A94ED005A962194ED036AB7EEC44A65
:1029F40094ED027AB7EEC55AB7EEC66A0B4AB7EE43
:102A0400C77A08A88DED064B8DED045B8DED026B46
:102A14008DED007B1BF032FD08A928460CF020FB4D
:102A24002FB030BD004F0020D0FA0020344F0020DA
:102A3400F0B58569B7B004460E2D14DC002D23DBF8
:102A44000E2D21D8DFE815F05500200020002000CD
:102A54002000200020002000200020009D00CD0048
:102A6400F500220146015A2D0ED1C94BD0ED077A4B
:102A740093ED1D7AB4EEE77AF1EE10FA40F3588143
:102A840063231D46A36186E00025266AA561FEB185
:102A9400C04BD3E9020119F0ADFB07EE900A3346AF
:102AA400BD4AB7EEE77AC82104A800959FEDAE6B46
:102AB40027EE067BB7EEC77BB7EEC77A8DED027BB8
:102AC4001BF0DCFC04A9B5480CF0CAFAA369236224
:102AD400DFEDB30AB348B0EE600A08F071FFB24804
:102AE40007F056F8B14B0022012083F83C2037B0A0
:102AF400F0BDAF4B9B6813F4002F90F8243000F026
:102B04006781002B00F06581AA4B93F89420002A7A
:102B140040F07D8180F8242000229D4D9F48A649E5
:102B24001A7680F828210CF09BFA284603F088FDD9
:102B3400984B9FEDA21A2046D3ED007ADFEDA00A50
:102B4400F8EE677A9FED9F0A87EE811AFFF70CFF74
:102B540001220221944807F063FE95ED1D7A0A23B1
:102B6400924AB7EEC77A01211D4682F83C10A36150
:102B74009FED7F6B37EE067BB7EEC77B84ED077A5C
:102B840009E0834ED0ED077A96ED1D7AB4EEE77A2C
:102B9400F1EE10FA62DC266AB54274D07D4BD3E9BB
:102BA400020119F027FB07EE900A33467A4AB7EE82
:102BB400E77AC82104A800959FED6B6B27EE067B8E
:102BC400B7EEC77BB7EEC77A8DED027B1BF056FCE0
:102BD40004A972480CF044FAA3690020236237B0B8
:102BE400F0BD6B4ED0ED077A96ED1D7AB4EEE77A20
:102BF400F1EE10FA0ADC96ED197A9FED5F6BB7EEF1
:102C0400C77AB4EEC67BF1EE10FAC4DDF0EE080A22
:102C14006448B7EE080A08F0D3FEB2EE047AD6EDA3
:102C24001D7A0C2377EE877A1D46A361C4ED077ADB
:102C3400B1E7574ED0ED077A96ED1D7AB4EEE77AF8
:102C4400F1EE10FA0ADC96ED1B7A9FED4D6BB7EEB0
:102C5400C77AB4EEC67BF1EE10FA9CDDF0EE000A02
:102C64005048B0EE600A08F0ABFE0D23B2EE047AD1
:102C7400D6ED1D7A1D46266AA36177EE877AB542A2
:102C8400C4ED077A8AD1002037B0F0BD404ED0EDB4
:102C9400077A96ED1D7A454FB4EEE77AF1EE10FA15
:102CA40004DC97F921300F2B7FF775AF97F830309C
:102CB400002B40F09480DFED3A0A3A48B0EE600A07
:102CC40008F07EFE5A2340493448A3610CF0C8F949
:102CD400A56960E7354F97F83030002B40F09280BB
:102CE4002B4ED4ED077A96ED1D7AB4EEE77AF1EE29
:102CF40010FA03DC97F92130042B17DCDFED280AE6
:102D04002848B0EE600A08F05BFE96ED1D7A5A235F
:102D1400C821B7EEC77A2D4AA36104A88DED007BC4
:102D24001BF0ACFB04A91D480CF09AF9A56932E725
:102D340093ED287AB0EEC77A9FED136BB7EEC77A9E
:102D4400B4EEC67BF1EE10FA7FF525AF93ED297A48
:102D5400B0EEC77AB7EEC77AB4EEC67BF1EE10FADE
:102D64007FF519AF8CE600BF8DEDB5A0F7C6B03E78
:102D74009A9999999999B93F333333333333D33F7C
:102D8400182D4454FB21F93F7B14AE47E17A843F6C
:102D94004CEC0020D0E0002064390020D0FA002060
:102DA40000000000D4F4002058F200209CF300201E
:102DB400004000426CF600201839002000247449B9
:102DC4009A99193ECDCC4C3F28390020483900202F
:102DD4009BB1114B1A7E002A3FF4DDAE9CE6002322
:102DE4000E4A0E210E48A1617366F36673670D499E
:102DF400E2610CF035F9A569CDE60122064B80F8B5
:102E04002420E7E79FED080AFFF776FD68E7002234
:102E140080F82420DEE700BF6CF60020000020418B
:102E2400D0FA00203439002000000000064B0022B4
:102E340000214FF0FF301A615A619961DA6118621A
:102E440083F82410704700BFFCEA002010B5044644
:102E540000F0FCF9204610BD4FF48042C1F30D018F
:102E640008B5114300F006FA08BD00BF00000000D9
:102E74004FF4804247F6FF7108B500F0FBF9C0F348
:102E84000D009FED057B00EE100ABAEEC90B20EE93
:102E9400070BB7EEC00B08BD0000000000807640B1
:102EA40008B54FF4804247F6FC7100F0E3F940F3B3
:102EB4000D00B5EE007B830000EE103A9FED066B2B
:102EC400B8EEC00B20EE060B20EE070BB7EEC00BDE
:102ED40008BD00BFAFF300806ABC74931824384067
:102EE4004FF4804244F2010108B500F0C3F9C0F385
:102EF4000D0008BD2DE9F047804CB6B04FF4804278
:102F040044F20101054600F0B5F97D49C0F30D0A0C
:102F1400C0F38039C0F3C0362046DFF818820CF0C5
:102F24009FF8DFF814E20DF1100C764FBEE80F00A5
:102F3400ACE80F009EE807008CE8070004A92046CF
:102F44000CF08EF83346704AC82104A8CDE9009AE3
:102F54001BF094FA04A920460CF082F84FF4804246
:102F640047F6F571284600F085F90346674920467F
:102F7400C3F30D06C3F3803303930CF071F8039B82
:102F8400C821634A04A800961BF078FA04A92046D5
:102F94000CF066F84FF4804247F6FD71284600F0C5
:102FA40069F903465B492046C3F30D09C3F3803630
:102FB4000CF056F8584AC9F30D030096C82104A82A
:102FC400019343F6FD731BF059FA04A920460CF053
:102FD40047F84FF4804247F6FE71284600F04AF95C
:102FE40003464E492046C3F30D09C3F380360CF063
:102FF40037F84246C9F30D030096C82104A801938B
:1030040043F6FE731BF03AFA04A920460CF028F8A4
:103014004FF4804247F6FC71284600F02BF9034632
:103024003F492046C3F30D09C3F380360CF018F86A
:103034004246C9F30D030096C82104A8019343F640
:10304400FC731BF01BFA04A920460CF009F84FF49A
:10305400804247F6FF71284600F00CF903463149D7
:103064002046C3F30D08C3F380360BF0F9FF2E4A54
:10307400C8F30D030096C82104A8019343F6FF7317
:103084001BF0FCF904A920460BF0EAFF4FF4804240
:1030940044F21801284600F0EDF80346234920467F
:1030A400C3F38038DEB20BF0DBFF18233A46C821A5
:1030B40004A8CDE900861BF0E1F904A920460BF031
:1030C400CFFF4FF48042284644F2190100F0D2F8B1
:1030D400C0F38036C5B2164920460BF0C1FF3A460C
:1030E4001923C82104A8019500961BF0C7F904A967
:1030F40020460BF0B5FF36B0BDE8F087D0FA0020CB
:10310400D84F0020E0510020185000206C500020BF
:1031140088500020D4500020F0500020145100208A
:10312400585100207851002098510020C0510020AF
:103134000C52002030510020FC4F002030B482B0EB
:103144000C4602AB03E90600C37C002B30D072B6F8
:10315400C37CDA0708D54FF0E0214569D1F8802116
:103164002A408262C1F880219D0708D54FF0E021F2
:103174008569D1F884212A40C262C1F884215907A3
:1031840008D54FF0E021C569D1F888212A400263AF
:10319400C1F888211A0708D54FF0E021056AD1F853
:1031A4008C212A404263C1F88C21DB062FD462B6FD
:1031B40083689C4235D0224B84609B69214AC3F3C7
:1031C4000111C3F3826352F821100133B1FBF3F20E
:1031D400CCB1944227D8B2FBF4F3B2FBF3F294429D
:1031E4002CD3B3F5817F20D3174CC460036803222A
:1031F4000020019918615A6201221C6419661A613F
:1032040002B030BC70479942EFD3531CE9E74FF04A
:10321400E022416AD2F890310B408363C2F89031C6
:10322400C5E7C468E2E70024DFE7022BFBD9023BD1
:103234005A08140244EA02441C43D6E71A46E4E757
:1032440000C00F4064830020FF7F7F000B460121F4
:1032540010B504461846237015F070FD012120783E
:1032640015F030FD02480FF045FA204610BD00BFAE
:10327400F49600202DE9F041464B82B0464C0546B9
:10328400884646481646CDE9004302AB444C13E950
:103294000600FFF753FF0021287815F013FD41497C
:1032A400414B48682268A3FB0232920C4B681B1AFC
:1032B4009A42FBD8394F3D4B3A68116E0B4043F0AC
:1032C4000F031366C2F86480136F9807FCD4DFF809
:1032D400D4801166536F344BD8F804102268A3FBD2
:1032E4000232920CD8F804305B1A9A42FAD80121BF
:1032F400287815F0E7FCD8F804102B4B2268DFF887
:10330400A480A3FB0232920C02EB4202D8F80430F0
:103314005B1A9A42FAD80021287815F0D3FCD8F821
:103324000400214B22681F49A3FB0232920C4B6814
:103334001B1A9A42FBD83A681C4B116E0B4043F09F
:103344000F0313665666136F9B07FCD4154F116663
:10335400154B566F79682268B6B2A3FB0232920C01
:103364007B685B1A9A42FBD80121287815F0AAFCE5
:1033740078680D4B22680B49A3FB0232920C02EBD6
:1033840042024B681B1A9A42FBD8304602B0BDE891
:10339400F08100BF0700004040420F00F496002077
:1033A400F0960020001000E083DE1B4300F0FFFFD6
:1033B40000207047704700BF002905DBB0F90CC03E
:1033C4008C4501DD002A00DA7047B0F90EC094453F
:1033D400FADD10B490F81AC0BCF1020F0DD0BCF1A4
:1033E400030F58D0BCF1010F4CD0012B38D0022B65
:1033F40024D07BB15DF8044B7047B0F808C00CF1E1
:10340400FF3CACEB010C41898A1A0FFA8CF1013AAA
:1034140012B2EAE7002A1346B0F808C0B8BFD31DB9
:10342400C46A02F007020120DB1000FA02F213FB67
:103434000C13E15C21EA0202E254DBE7002A1346A2
:103444000489B8BFD31DC06A02F00702DB1013FB66
:1034540004130121C45C01FA02F26240C254C9E7B8
:10346400002A1346B0F808C002F00704B8BFD31D01
:10347400C06A0122DB10A24013FB0C13C15C0A4397
:10348400C254B7E7B0F808C0ACEB020C0A460CF122
:10349400FF3109B2A9E7B0F80AC00CF1FF3CACEB6C
:1034A400010C11460FFA8CF29FE700BF002930B5DA
:1034B400BDF80C4002DA0B4400211BB2B0F908C07D
:1034C4005D188E46654502DDACEB01010BB2002BA5
:1034D4000FDDC16AD01002F007021CFB00EC0120D2
:1034E40000FA02F284426144D2B219D0022C0DD007
:1034F40004B130BDD24311FA83F3D2B211F8010BF7
:103504001040994201F8010CF8D130BD11FA83F34F
:1035140011F8010B50408B4201F8010CF8D130BD79
:1035240011FA83F311F8010B1043994201F8010CCD
:10353400F8D130BD2DE9F041B0F908E0BDF81850DC
:103544008E452DDD002A2DDB9446B0F90A409C44BB
:10355400A44501DDA41A23B2002B21DDC2F3C40467
:10356400C66A12F00702DBB21EFB041406EB040168
:1035740036D0C2F1080CDFF818815FFA8CFC634581
:1035840018F80C7018D2ACEB03084FF0FF0E012DA5
:103594004EFA08FE07EA0E0771D0022D49D08DB10C
:1035A400BDE8F08113440022B0F90A401BB29446EE
:1035B4009C44A445D0DDCDE7012D60D0022D38D048
:1035C400002D3BD116F804E02EEA070E634506F8F9
:1035D40004E0B0F90840E3D3083A21441344DBB2D1
:1035E400072B16D9022D35D0B5F1000C1A4618BF99
:1035F4004FF0010CCCF1000C5FFA8CFC083A81F816
:1036040000C0B0F90840D2B22144072AF6D803F02A
:103614000703002BC4D01E4A012D13441B7A33D058
:10362400022D28D0002DBBD10A7822EA03030B70A7
:10363400B6E716F804E087EA0E0EC7E7083A7144C5
:103644001344DBB2072BCFD8002BA9D0984498F8A9
:103654000830E5E71A460C78083AE443D2B20C7015
:10366400072AB0F908402144F5D813F0070397D08E
:10367400074A13441B7A0A7853400B7090E716F8F4
:1036840004E047EA0E0EA1E70A7813430B7087E7BC
:10369400602000609446827E022A10B4BDF8044083
:1036A40028D0032A21D0012A0FD0BCF1000F09DB56
:1036B400B0F90A20624505DD019462465DF8044BC9
:1036C400FFF7F4BE5DF8044B70470289A2EB0C02CD
:1036D400013A0FFA82FCBCF1000FF3DB0A460194B5
:1036E40061465DF8044BFFF725BF19444289521A1D
:1036F40011B2F0E742891944A2EB0C02013A0FFA25
:1037040082FC0289521A11B2CFE700BF9446827E2E
:10371400022A10B4BDF8044027D0032A14D0012A89
:1037240007D000290DDB019462465DF8044BFFF7D6
:1037340001BF9C4402890029A2EB0C020FFA82FC0F
:1037440008DA5DF8044B70474289521A013A11B203
:103754000029F6DBB0F90A208A42F2DD0A46019418
:1037640061465DF8044BFFF7A1BE02899C44521ADE
:10377400013A11B24289A2EB0C020FFA82FCD0E7A3
:1037840070B504461D469DF910600EF01BFC0F4BEE
:10379400236000236362B5B1059A00230C48072116
:1037A400A265069AE362FF23E2654FF6FF7284F88E
:1037B4003760A56284F83330A28684F83630C4E9D1
:1037C4001901204670BD034DE6E700BF4880002084
:1037D40000093D0054970020F8B5836A04460D465D
:1037E400CBB190F8302001260021B24083F830613B
:1037F40083F82F6183F8A520806A03681B689847C3
:10380400A06A294603681B6898473146A06ABDE848
:10381400F8400DF0CBBF026C006D1368616A23EAB7
:103824000003136039B10A685566D36D13F4F81FA9
:10383400FBD0536FF8BDE36B08208021A66B326880
:103844000D42A76C4FEA510114BF3A43BA43013801
:1038540032601A68E76C42EA07021A601A68E76C79
:1038640022EA07021A60EAD1F8BD00BF38B504465F
:10387400806A0D4678B1A16D0EF030F9A5F15A01B8
:103884002046C9B2FFF7A8FFA06A98B1E16DBDE870
:1038940038400EF023B9606A28B104F1640393E858
:1038A4000600FFF74BFC626C616D136823EA0103A9
:1038B4001360E3E7616C606D0B68626A03430B603D
:1038C40022B3D37C13B3DD0704D5906A4FF0E02113
:1038D400C1F800019C0704D5D06A4FF0E021C1F87B
:1038E4000401580704D5106B4FF0E021C1F808011A
:1038F400190704D5506B4FF0E021C1F80C01DB0629
:1039040004D5926B4FF0E023C3F8102138BD00BFFB
:10391400836A2DE9F04104460D469046002B3BD0C6
:1039240090F8302001260021520083F8306183F89A
:103934002F6183F8A520806A03681B689847B8F153
:10394400000F23D005EB0807B046A06A013615F82E
:10395400011B0368B6B21B689847AF4216D0882E85
:10396400F3D10121A06A0DF021FF94F83020A36A5D
:1039740000215200012683F8308183F82F8183F8D7
:10398400A520A06A03681B689847DEE7A06A0121A6
:10399400BDE8F0410DF00ABF026C016D136823EA23
:1039A40001031360B8F1000F0DD0476AA84415F85D
:1039B400016B57B139684E66CB6D13F4F81FFBD019
:1039C4004B6F4545F3D1BDE8F081E36B4FF0080E32
:1039D4004FF0800CA16B086816EA0C0FA26C4FEA3A
:1039E4005C0C14BF10439043BEF1010E08601868CC
:1039F400E26C40EA020018601868E26C20EA0200F7
:103A04001860E8D1DDE700BF2DE9F041044686B037
:103A1400C06A1E460F4615469DF83080B4F90A3038
:103A2400002800F05D81DA1D48BF03F10E02B4F9ED
:103A34000830D21003FB02F200211AF0F1FEB4F9AF
:103A44000A00202800F3BD80B0F120024FF0010CE1
:103A5400B94B48BFA0F11F02B4F90800B0F16701E7
:103A64004FEA620248BFA0F166012020CDE9010CB3
:103A740067204910009020460EF0BCFAA06A84F832
:103A84003170002800F0BC80002D40F01D81B4F995
:103A94000A30202B0CBF3C253D2584F83050B8F16A
:103AA400000F40F01881002E00F0D88094F9370000
:103AB400002818DB0121C0B215F040F9012194F867
:103AC400370015F0FFF8012015F07EF8002194F876
:103AD400370015F0F7F80A2015F076F8012194F86C
:103AE400370015F0EFF8A06A002840F0B780606A4C
:103AF40028B104F1640393E80600FFF71FFB626C2E
:103B0400616D136823EA0103136004228B49204684
:103B1400FFF7FEFE618920460139C9B2FFF75CFE5A
:103B2400874904222046FFF7F3FE94F931302046FA
:103B3400012B0CBF10211421FFF74EFE04228149F2
:103B44002046FFF7E5FEA3687F4A8F21934284F85D
:103B5400601008D002F50012934200F0D4807B4A32
:103B6400934200F0DA800225DA212046FFF734FE82
:103B740029462046FFF730FE81212046FFF72CFE20
:103B840094F860102046FFF727FED9212046FFF75E
:103B940023FE94F931302046012B0CBF2221F12160
:103BA400FFF71AFE204606226949FFF7B1FEA06A14
:103BB400002857D0E16D0DF091FF012006B0BDE85B
:103BC400F08140384FF0010E624B00B20028B8BFBC
:103BD40001304210B4F90800B0F1520148BFA0F11D
:103BE40051014020CDE9010E522049100090204699
:103BF4000EF000FAA06A84F8317000287FF444AF14
:103C0400012194F8350015F099F8012194F8360053
:103C140015F094F8504D94F9352094F9363011018B
:103C2400606A05EB02126958D268216422651A01A0
:103C340005EB0313AA58DB686264636511680B43E0
:103C44001360002800F08A80B8F1000F6FD1002EB5
:103C54007FF42CAFA06A00283FF449AFA16D0DF0AA
:103C64003DFF52E7616C606D0B68626A03430B6051
:103C740032B3D37C23B3DD0704D5906A4FF0E0213F
:103C8400C1F800019C0704D5D06A4FF0E021C1F8C7
:103C94000401580704D5106B4FF0E021C1F8080166
:103CA400190704D5506B4FF0E021C1F80C01DB0675
:103CB40006D5926B4FF0E0230120C3F810217DE775
:103CC400012006B0BDE8F0816DB284F83050B8F13F
:103CD400000F3FF4E8AE23F02FFC002EBAD0E5E647
:103CE400DA1D48BF03F10E02B4F90830D21003FB09
:103CF40002F21046059218F07DFC059AE062002855
:103D04007FF49AAE5AE794F931301225012B0CBF97
:103D14009F23CF2384F8603026E794F931300225BD
:103D2400012B0CBF1023AF2384F860301CE70EF086
:103D3400E1FC002E8ED0B9E630230060D024006070
:103D4400D4240060D82400608000200060001000AB
:103D5400DC2400607020006074830020012194F84A
:103D6400330014F0EBFF012194F8340014F0E6FF63
:103D740094F93330190105EB03126B58D268A3632D
:103D840094F93430A2641A0105EB0313AA58D968D4
:103D9400E263E164136823EA01031360002E3FF435
:103DA40059AF83E6B0F90A300021DA1D48BF03F1A8
:103DB4000E02B0F90830C06AD21003FB02F21AF006
:103DC4002FBD00BF2DE9F0470446806A82B00F463C
:103DD4001546002878D0A16D0DF080FE222342F212
:103DE400FF12694620468DF800302B01ADF8022001
:103DF40005228DF804302D018DF80170FFF788FD40
:103E0400218920460139C9B2FFF7E6FCB4F90A203A
:103E14002689D31D48BF02F10E03DB1016FB03F6FF
:103E2400C6F38D03C6F34A1607FB0351D4E90A35DA
:103E34000D44002B57D094F8302001274021520024
:103E440083F8307183F82F7183F8A520A06A036882
:103E54001B68984756B32E44B846DFF868A1DFF8CC
:103E64006891A06A013715F8011B0368BFB21B688B
:103E74009847B5421AD0882FF3D10121A06A0DF0DA
:103E840095FC94F83020A36A40215200012783F85E
:103E9400308183F82F8183F8A520A06A03681B680A
:103EA4009847514648460BF0DBF8DAE70121A06A4F
:103EB4000DF07CFCA06A002800F08180E16D0DF01B
:103EC4000DFE02B0BDE8F087606A28B104F1640316
:103ED40093E80600FFF732F9626C616D136823EA18
:103EE400010313607AE7226C216D1368D4F82480EF
:103EF4000B4313607EB12E4415F8017BB8F1000F1B
:103F04003ED0D8F800205766D36D13F4F81FFBD0C9
:103F1400536FB542F0D1626C616D13680B4313604B
:103F2400B8F1000FCDD098F81330002BC9D0DC07BE
:103F340005D5D8F828104FF0E022C2F800119807F0
:103F440005D5D8F82C104FF0E022C2F80411590717
:103F540005D5D8F830104FF0E022C2F808111A073E
:103F640005D5D8F834104FF0E022C2F80C11DB0666
:103F7400A7D5D8F838204FF0E023C3F81021A0E7E4
:103F8400E36B4FF0080E4FF0800CA26B106817EA39
:103F94000C0FA16C4FEA5C0C14BF014320EA010131
:103FA400BEF1010E11601868E16C41EA000119606C
:103FB4001868E16C20EA01001860E7D1A9E7D4F899
:103FC4002480A8E7A0390020D0FA0020704700BF61
:103FD400704700BF00207047002070470149024825
:103FE4000BF03EB8C43D0020D0FA002010B5054BBC
:103FF40004464068236018B1E168091A15F052FAC2
:10400400204610BD5882002038B50446D0F8280157
:104014000CF056FCD4F8280104F1BC050CF030FE79
:10402400D4F82C010CF04CFCD4F82C010CF028FE34
:10403400217DD4F828010CF04DFE217DD4F82C010B
:104044000CF048FED4F8280100210CF053FCD4F8FD
:104054002C0100210CF04EFCD4F8280101210CF0B5
:1040640075FCD4F82C0101210CF070FC00212920EE
:1040740014F064FE00210E2014F060FE00210F20D5
:1040840014F05CFE0021142014F058FE00211B20C3
:1040940014F054FE0021152014F050FE00211A20C3
:1040A40014F04CFE0021162014F048FE00211920C3
:1040B40014F044FE0021172014F040FE00211820C3
:1040C40014F03CFE4FF0FF320E2128460CF058FB52
:1040D4004FF0FF3220840F2128460CF051FB034699
:1040E4004FF0FF322921638428460CF049FB034634
:1040F400FF22D4F82801A3830C490CF0A7FED4F8BE
:104104002C01FF220A490CF0A1FE2046094A0A4963
:104114000AF0D8FE20460949094A0AF0D3FE21468E
:104124000848BDE838400BF051BC00BF511D0000E9
:104134005D1D0000203D0020E08B0020C03D0020DC
:10414400703D0020D0FA002030B50446002590F8D8
:104154007C104FF0FF3291B0BC30C4F8385184F871
:104164003C510CF05BFB14F083FDB4F84430B4F81C
:1041740054200133C4F8B400A4F84430E36D9342EE
:1041840003D02566E26511B030BD236E16480133B5
:10419400164900FB031100F1804023660138B0EB9F
:1041A400B10FEFD3A16D02A8D4F83831104A0091B1
:1041B40036211AF063F902A90E480AF051FFD4F827
:1041C4002801FF220C490CF041FEFF220B49D4F8D0
:1041D4002C010CF03BFEA36DB4F854200133E265CE
:1041E400A36511B030BD00BF295C8FC250B81E0555
:1041F400FC3C0020D0FA0020511D00005D1D000091
:10420400D0F838310D2B10B5044605DCB0F8483031
:104214000133A0F8483010BD14F02AFD00234FF0FC
:10422400FF32C4F8B800C4F8383104F1BC0094F883
:104234007C100CF0F3FAB4F846300122134484F8ED
:104244003C21A4F8463010BD0346244AFA2110B597
:10425400B3F84840D4B0139415A81C6D1294DC6CC8
:104264001194B3F932401094B3F942400F94B3F966
:1042740030400E94B3F940400D94B3F92E400C94A1
:10428400B3F93E400B94B3F92C400A94B3F93C4083
:104294000994B3F92A400894B3F93A400794B3F95E
:1042A40028400694B3F938400594B3F926400494A1
:1042B400B3F936400394B3F924400294B3F934407B
:1042C4000194B3F846400094B3F844301AF0D6F899
:1042D40015A903480AF0C4FE54B010BDAC3C00203C
:1042E400D0FA002011B101291AD0704700B5C18B52
:1042F400A1B0428C0346008CCDE903219A8B598BE3
:104304001B8B00916421CDE90120064A07A81AF00D
:10431400B5F807A904480AF0A3FE21B05DF804FB30
:10432400FFF792BFE03D0020D0FA002038B50446E4
:1043340000F1BC0519BB28460CF0BAFAB4F85430A5
:1043440080B20133A4F85430D4F83831012B24DD81
:10435400052B27DC04EB8302516E0A8800EB520222
:104364000A800133C4F8383104EB830328464FF044
:10437400FF3293F87C10BDE838400CF04FBA0121AD
:1043840028460CF095FAB4F8563080B20133A4F8FC
:104394005630D4F83831012BDADC04EB8302526E48
:1043A4001080DEE794F83C2102B304EB43020133AE
:1043B4000D2B1085C4F83831D6DD14F059FC214B8F
:1043C400D4F8B81093F83C20401A93F83E30206596
:1043D40052B31D4A1C011D49802002EB03131259DC
:1043E400DB68C2F88430C1F8840038BD04EB4302B2
:1043F40001330D2B1083C4F83831B5DD14F038FCCB
:10440400D4F8B4100F4B104A401A93F83E30E064CD
:1044140018010E4902EB031310588022DB68C0F820
:104424008830C1F8882038BD074A1C01074980201C
:1044340002EB03131259DB68C2F88830C1F8880014
:1044440038BD00BF9CF300207483002000C00042EC
:1044540000210148FFF76ABFA8E8002001210148B4
:10446400FFF764BFA8E8002038B51F4C1F4D204655
:104474000AF004FC1E4A002304F17C0C22600C2286
:104484006364A4F848306365E365626101222366CE
:1044940004F11803A26504F11A02636604F11C0313
:1044A400C4E91A2304F1200204F12203C4E91C2301
:1044B40004F11E03A3670FCDACE80F000FCDACE8E9
:1044C4000F000FCDACE80F0095E803008CE8030063
:1044D40004F1BC000CF034F92046064A0649BDE854
:1044E400384017F0FDBB00BFA8E80020F01D0020F5
:1044F4009C81002038910020ED18000030B50F4C4D
:10450400CFB005460E4920460AF0AAFD0D492046C3
:104514000AF0A6FD0021AB6A03A80B4ACDE90011FD
:104524004FF4967119F0AAFF03A920460AF098FDEA
:10453400064920460AF094FD4FB030BDD0FA002061
:10454400D4540020F0540020205500206055002051
:1045540010B5054B04464068236018B1E168091A98
:1045640014F0A0FF204610BD5882002030B50C4640
:104574009DB005460622324920461AF037FAE0B1CA
:104584000422304920461AF031FA40B105222E495E
:1045940020461AF02BFA00B300201DB030BD201DB8
:1045A4000A2203A9039019F079FD90B127492848FC
:1045B4000AF056FD01201DB030BDA01D03A90390D3
:1045C40019F068FCBDEEC00A012085ED0A0A1DB091
:1045D40030BD286AFEF78EFCECE7601D02A90A22B2
:1045E400029019F05BFD003802A94FF00A0218BFCF
:1045F400012085F83000029819F050FD034602A905
:1046040010226B63029819F049FD6B6B81B2114A59
:1046140000916421A88503A819F030FF03A90C4870
:104624000AF01EFD44F207030B4A642103A819F0A3
:1046340025FF03A906480AF013FD01201DB030BD73
:10464400A4530020AC530020CC530020B4530020CA
:10465400D0FA0020D4530020F453002010B50446AF
:10466400C6B005291CD8DFE801F03949034E5B1DAB
:1046740090ED057A00224FF080430020B7EEC77A10
:104684002F49CDE904232F4ACDE902018DED007BAA
:10469400FA2107A819F0F2FE07A92B480AF0E0FC5A
:1046A40046B010BD90F82F30C18DC3F38012808DB9
:1046B400C1F30D010292DA09009007A8636B03911C
:1046C400FA210192214A19F0D9FE07A91E480AF0DD
:1046D400C7FC012384F8383046B010BD0220012104
:1046E400237F1B4ACDE9001007A8FA2119F0C6FE62
:1046F40007A915480AF0B4FC46B010BD02200121F8
:10470400A36A144AEEE790ED067A00224FF0804344
:104714000020B7EEC77A0A49CDE904230E4AB3E76D
:104724000021438F0D4A07A8CDE90011FA2119F0A1
:10473400A5FE07A904480AF093FC46B010BD00BFCB
:104744000000F03F40540020D0FA00209054002094
:10475400185400202C540020585400207054002079
:1047640038B5056A044665B143F6F5712846FEF787
:1047740073FB002380B26387C31A18BF0123237716
:1047840038BD012014F08CFE05460721FEF75EFBC0
:104794002562E9E710B50446FFF7E2FF114A204617
:1047A40011490AF08FFB2046104A11490AF08AFB8E
:1047B4002046104A10490AF085FB20460F4A10494A
:1047C4000AF080FB20460F4A0F490AF07BFB204683
:1047D4000E490F4A0AF076FB21460E48BDE8104008
:1047E4000BF0F4B82C5200205C52002064520020DC
:1047F400945200209C520020D4520020DC5200200D
:104804001853002020530020605300209C530020A4
:1048140068530020D0FA002038B5436A0446027F6A
:10482400013343626AB1006AFEF722FB206A84ED19
:10483400050AFEF735FB206A84ED060AFEF750FBF5
:10484400608794F8303023B194F838300BB1656B3D
:1048540005B138BDA18D206AFEF7FEFA84F8385000
:10486400E08538BD10B504460121074800F0D8FFA3
:10487400A16A054807EE901AF8EEE77ABDE8104001
:1048840017EE901A00F0B0BF00EC002038B5074DC9
:104894000446284601F010F8284600F0F9FF07EE18
:1048A400900AFDEEE77AC4ED0A7A38BD00EC0020E8
:1048B40010B50D4C20460AF0E1F900230B4843F6ED
:1048C400F57123772060204684F83030636384F8E0
:1048D4003830074AC4E90A31C4E908330549BDE858
:1048E400104017F0FDB900BFE8E90020EC8100207A
:1048F40038910020511E0000264B4FF4A071264A27
:1049040053F8050C70B52630A3F13104D2B0234E10
:1049140054F82000224D02AC009002A819F0AEFD1C
:1049240002A930460AF09CFB0FCD0FC495E80F0096
:1049340007C4238002A91B4C30460AF091FB0DF1F9
:10494400080C0FCCACE80F000FCCACE80F0094E8D7
:104954000300154C0B0C4CF8040B30462CF8021BCE
:1049640002A98CF800300AF07BFB0DF1080C0FCC87
:10497400ACE80F000FCCACE80F0094E80F00ACE8F3
:10498400070002A930468CF800300AF069FB52B0E7
:1049940070BD00BF9DF6002098740020D0FA00205E
:1049A400C4740020E47400200C75002010B5054B7D
:1049B40004464068236018B1E168091A14F072FDD6
:1049C400204610BD5882002010B50C46042214491C
:1049D40020461AF00BF8E0B10522124920461AF0DD
:1049E40005F8034670B106220F49204619F0FEFF70
:1049F400A0B90E494FF0E0230D480E4A0863C3F8EE
:104A04000C2DFEE70C4880F820310AF099FE0120B5
:104A140010BD09480AF0A8FE012010BD002010BDF9
:104A240080740020887400209074002000800F405F
:104A3400F100AD0B0400FA05D0FA002010B50446CD
:104A44000449054A0AF03EFA21460448BDE81040EC
:104A54000AF0BCBF7C74002050740020D0FA0020FF
:104A640008B5FDF701FF09491AF058FA50B10A22B6
:104A74000021043019F012FB00EB800040000530E7
:104A840080B208BD4FF45E7008BD00BFA47300205F
:104A940010B582B00446FDF7E7FE0F4901901AF005
:104AA4003DFAA8B1043001A90A22019019F0F6FADE
:104AB400019904F11403142201311846019119F0EB
:104AC400DBFF03460022184684F8282002B010BDFC
:104AD400024B184602B010BDA47300209C73002042
:104AE40010B52DED028BADF5027D0446FDF7BCFE3D
:104AF4001B491AF013FA50B30A220021043019F0AA
:104B0400CDFAB2EE046B00EB80035B0005339BB27D
:104B140007EE903AB8EE677B87EE068B114B204682
:104B240093F83040FFF7B4FF0F4A4FF4FA71CDE920
:104B340002408DED008B05A819F0A0FC05A90B48D7
:104B44000AF08EFA0DF5027DBDEC028B10BD9FEDCF
:104B5400028BE3E7AFF30080333333333333564010
:104B6400A47300206CF60020AC730020D0FA00205F
:104B740001B17047FFF7B4BF2A4890F8203110B54F
:104B84000C46002B4BD006222749204619F02EFF55
:104B9400002837D007222549204619F027FF88B975
:104BA400E3790734202B03D114F8013F202BFBD0E9
:104BB4001F491C480AF054FA21461A480AF008FE14
:104BC400C8B110BD07221B49204619F00FFF002869
:104BD400F2D1E3790734202B03D114F8013F202BC1
:104BE400FBD015490F480AF03BFA21460D480AF05C
:104BF400EFFD0028E5D1224610490A48BDE81040DF
:104C04000AF02EBB0E49063406480AF029FA237826
:104C1400202BD1D114F8013F202BFBD0CCE70AF094
:104C24005BFAB0E7D0FA0020C4730020EC730020D4
:104C3400F4730020147400201C7400203C740020C1
:104C4400CC73002010B5064C20460AF017F8054B2B
:104C54002046054A23600549BDE8104017F040B8D6
:104C640024EA0020B882002038910020AD22000000
:104C740000207047014902480AF0F2B95476002036
:104C8400D0FA002010B5054B04464068236018B1E3
:104C9400E168091A14F006FC204610BD5882002071
:104CA40010B50446284A29490AF00CF9284A29492A
:104CB40020460AF007F9284A204628490AF002F952
:104CC400214627480AF082FE264BB0EE000B93EDF6
:104CD400051AB8EEC11B16F01FF930EE000BB3EE47
:104CE400044BB7EEC00B9FED106BB7EEC00A9FEDFF
:104CF400102B86EE003B20EE020B9FED0F7B9FED09
:104D0400105B20EE070B86EE007B83EE046BB7EEA0
:104D1400C77B84ED137A86EE057BB7EEC77B84ED03
:104D2400147A10BDAFF300806666666666660A4054
:104D34006991ED7C3F35EA3F0000000000C07240FD
:104D4400D9CEF753E3A59B3FA0750020C87500207A
:104D5400CC750020087600200C76002050760020C8
:104D6400D0FA0020A8E80020F8B5844B0446DA6B9A
:104D7400C36D022A03F10103C36540F29480B2F5C6
:104D8400967F40F2D480022094F85430A4F848006E
:104D9400002B40F091807A4B93F82C20002A40F0AD
:104DA400CE80A36D002B01DD013BA365A36AC0F592
:104DB4009671744E01FB03F3E26A734D86FB037C28
:104DC400DB1701FB02F2B5F822E0C3EB6C13B5F874
:104DD40020C086FB0276D2170CFB0033C2EB6612AE
:104DE400266AA3629B1B0EFB002207EE903A636ABD
:104DF400E262D21AF8EEE77A07EE102AB8EEC77A22
:104E0400226BD4ED136A02FB01F15E4AED8B66EE70
:104E1400A77A82FB0172C917D4ED145A26EE877A59
:104E2400C1EB6211C4ED057A9FED586A00FB0511D0
:104E3400A26B84ED067A07EE901A216340F6B8312E
:104E4400F8EEE77A8A4267EEA57A87EE867A84EDF1
:104E5400077A72DC616B01320D44D4ED0F5A94ED84
:104E6400106AC4E90D524FF4967202FB0CFC02FB6B
:104E74000EFEACEB060CAEEB030E636C07EE90CAB1
:104E84000133B8EEE77A07EE90EA6364F8EEE77A66
:104E9400E6EE875AB0EE467AA7EEA67AC4ED0F5A2C
:104EA40084ED107AF8BD4FF4967094F85430A4F859
:104EB4004800002B3FF46FAF314BA26D93F82C10D8
:104EC400002A84F8541001DD013AA26500293FF458
:104ED4006DAFA26D002A7FF469AF93F82D10A9BBC2
:104EE40040F22B11A66A274A01FB06F6E36A264D17
:104EF40001FB03F382FB0601F617B5F820C0C6EBED
:104F0400611682FB0312DB17B5F822E06644C3EB9B
:104F14006213A6627344E362DFED1D7AB4F84800BD
:104F2400B0EE677AC0F59671C4E9086368E7520089
:104F34004FF49670B0FBF2F0B7E701228DE7012140
:104F440040F22B1284F85410A265C2E70E4D83F888
:104F54002D204FF496722B8C0E4902FB03F30E485E
:104F6400A3626B8C02FB03F3E3620AF079F8B5F8F1
:104F740020C0B5F822E0D4E90A63CDE758F2002056
:104F8400D4F40020B5814E1BA8E80020000096430D
:104F94000000000078750020D0FA0020436C10B5A2
:104FA400044696B023B307EE903AF8EEE77A94ED10
:104FB400107A4021D4ED0F6A06A887EE276A04937D
:104FC4000E4A86EEA77AB7EEC66A8DED026BB7EE8F
:104FD400C77A8DED007B19F051FA0023002206A94F
:104FE400E3632364626406480AF03AF816B010BD1D
:104FF4000122F7EE007A13464264D8E73C7500209C
:10500400D0FA0020836B002B10B5044694B020DD49
:1050140007EE903AF8EEE76AD4ED0D7A402194ED6C
:10502400147A04A8F8EEE77A0D4A029367EE877AB9
:1050340087EEA67AB7EEC77A8DED007B19F01EFADB
:10504400002304A90748C4E90D330AF009F814B091
:1050540010BD0122F7EE006A13468263DCE700BF4D
:1050640050750020D0FA002021B1012906D0022970
:1050740002D07047FFF792BFFFF7C4BFD0E9080220
:105084000E4910B581FB0043C01794B0C0EB631305
:1050940081FB0201D217C2EB6110094A4021009042
:1050A4000848448C008CCDE9010404A819F0E6F901
:1050B40004A9054809F0D4FF14B010BDB5814E1BF6
:1050C40060750020A8E80020D0FA0020D0ED0C7A0A
:1050D40090ED147AF8EEE77A9FED030A67EE877A8B
:1050E40087EE800A704700BF000096430B4BDB6BD2
:1050F400022B06D9B3F5967F08D90223A0F84830CD
:1051040070474FF49673A0F8483070475B004FF433
:105114009672B2FBF3F3A0F84830704758F20020BF
:1051240010B50F4C204609F0A9FD002322460D4876
:10513400236242F8200B20462364A3625360E36396
:10514400636484F85430084A0849C4E90D33C4E957
:105154001633C4E90B33BDE8104016F0C1BD00BFDF
:105164009CEA0020CC820020389100208525000094
:1051740010B5074C0749204609F072FF064920463E
:1051840009F06EFF20460549BDE8104009F068BFEC
:10519400D0FA0020107700202477002050770020D8
:1051A40010B5054B04464068236018B1E168091A3C
:1051B40014F078F9204610BD5882002070B50C46D2
:1051C400064605221249204619F010FCA8B1072210
:1051D4001049204619F00AFC08B1002070BD0146B0
:1051E4000A22E01D18F05AFF034601201B1AB3FAE5
:1051F40083F35B0986F8A03070BD05462722611D44
:1052040006F1440019F038FC012086F86B5070BD9B
:10521400EC760020F476002001B1704710B500F15F
:105224006C01A8B000F1440400F11C03064A02A872
:10523400CDE90014962119F021F902A9034809F0D7
:105244000FFF28B010BD00BFFC760020D0FA00206C
:10525400F0B5846985B0054674B301233C2202216C
:1052640020460093FEF7D0FB08B31C4900271C48D6
:105274000CF034FCFEB20024E2B201343146A869D9
:10528400FEF7A0FD082CF7D10137042FF2D14FF41B
:10529400C87013F099FC2846124A134909F012FE0B
:1052A4002946124805B0BDE8F0400AF08FBB10490A
:1052B4000E4809F0D5FED8E76C2014F0F1F80D4A39
:1052C400064B04468021CDE901324FF0FF320A4BF0
:1052D40000922022FEF754FAAC61BEE740420F0070
:1052E40054970020C8760020E4760020D0FA0020ED
:1052F40098760020A0860100949800200000000009
:10530400436990F8A02001334361BAB1884A8949BE
:105314002DE9F04782FB0362DD1704461A20C5EB32
:10532400E205854A8EB000FB153501FB0323834A51
:10533400934204D91DB10EB0BDE8F0877047A0694F
:105344004FF00119FEF72EFDA0694FF40023DFF89A
:105354001882022104F11C06036100270DF04AF9AA
:10536400D8F82C30A26930462821C2F8149003F1F1
:10537400260258F822200092714A19F07FF8D4F8D6
:1053840018A0304684F826701AF0FAFDDAF80030D6
:10539400314602465B6850469847A06901210DF0EA
:1053A40029F9684B98ED057A1B7FB7EEC77ABB42A3
:1053B400654BDA6F08BF4FF0440E644B18BF4FF0D3
:1053C400640EBA4293F82E2093F82F10D4BF4FF0F6
:1053D400490C4FF0690C5E4BBA425E4A93F8203197
:1053E40092F814A014BF6D224D22B9425A4914BF39
:1053F4006D204D20BB42A369097F18BF7526C3F8F1
:10540400149008BF55264FF4C019BA45C3F810903C
:10541400059214BF67224722B942CDE908CECDE9EF
:10542400060698F8303004F16C060A920CBF41224B
:1054340061220493494B04F144080B928DED027BE5
:10544400D3E9020136A3D3E9002316F019FF07EECE
:10545400902A2821424AB8EEE77A30469FED326B13
:10546400B7EEC77A27EE067B8DED007B19F006F8C0
:10547400D4F81890304684F893701AF081FDD9F866
:105484000030024631465B6848469847484613F068
:10549400F9F9A6694046CDF8348037611AF070FDF9
:1054A4003368024641465B6830469847304613F0FD
:1054B400E9F9FDB1D4F89C2094F89810531CA06924
:1054C400D2B2C4F89C30FEF77DFCD4F89C30072B94
:1054D4007FF731AFD4F89820224B0132C4F89C7086
:1054E40083FB0213A3EBE27303EB4303D21AC4F866
:1054F400982020E794F894200321A069FEF762FC29
:10550400D4F894300133FA1A03F0070302F00702C7
:1055140058BF5342C4F894300DE700BFAFF3008086
:1055240000E1F505000000008DEDB5A0F7C6B03E22
:105534004FECC44E93E52F590D68D3001AD0A60141
:1055440070760020A8F10020D0DF0020D4F40020E1
:10555400D0FA002000B40020E8E90020D0E00020C8
:1055640078760020565555556CF6002010B5272244
:105574000446443019F080FA002384F86B3010BDDF
:105584000346024893F8A01000F04AB900EC00204A
:105594000B4B93F820201AB15A6A01325A627047B1
:1055A40010B50446184600F087F910F0010003D046
:1055B400012384F8A03010BD84F8A00010BD00BF02
:1055C40000EC002010B50B4C204609F057FB0023DB
:1055D40009494FF0010C2046A3612160C4F89C30B6
:1055E40084F8A0C0054A0649C4E92533BDE8104043
:1055F40016F076BB24EB0020E082002038910020D6
:10560400A12A000070B51D4EC0B01D4C1D49304686
:1056140009F026FD0DF1040C1B4D0FCCACE80F0076
:105624000FCCACE80F000FCCACE80F00236801A945
:10563400304601AC1A0C2CF8023B8CF8002009F01F
:105644000FFD0FCD0FC40FCD0FC495E80F000F4D04
:1056540007C401A92370304601AC09F001FD0FCD48
:105664000FC40FCD0FC495E80F0084E80F0001A903
:10567400304609F0F5FC40B070BD00BFD0FA002000
:10568400BC65002094650020F065002020660020A1
:1056940010B5054B04464068236018B1E168091A47
:1056A40013F000FF204610BD5882002038B5044690
:1056B40009F0E4FA00230A480A4A0B490B4DE36156
:1056C40084F82030A3614FF40063E062E063204675
:1056D4002560A16322646361C4E90C2138BD00BF65
:1056E40050660020846C00201C730020A4820020DB
:1056F4002DE9F04F9FB0019100295DD09046B8F19B
:10570400000F41DD0025DFF8DCA0AB465B46314AE3
:105714006E2102A818F0B2FE02A81AF031FC6F1E26
:10572400019B0BF1010B05F1200904461F4400F114
:1057340008030DEB030601E04D4528D0C4F16E01CA
:1057440017F8013F5246304618F098FE30461AF0DA
:1057540017FC01350444454504F108030DEB030629
:10576400EADB04F178030A2502A91B480DEB0302C6
:10577400002302F8705C737009F072FC6A2C03DD7C
:105784001649154809F06CFC1FB0BDE8F08F04F110
:1057940078035C2202A910486B4403F8702C0A2396
:1057A40073700023B37009F05BFC6A2CAEDD0B4907
:1057B400094809F055FCA9E78369D0F828800193CA
:1057C400002B9CD1064904481FB0BDE8F04F09F0F6
:1057D40047BC00BF5C650020D0FA00207065002043
:1057E4002C6500206865002038B590F82030044608
:1057F4000D4623B1836953B1426A995007E013F00F
:1058040089FB0028FBD02946606A13F0FDFCD4E92B
:105814000932043393426362C8BFA36238BD00BF38
:1058240038B590F8203004460D4623B1836953B14E
:10583400426A995407E013F06DFB0028FBD0294617
:10584400606A13F03BFCD4E909320133934263628A
:10585400C8BFA36238BD00BF38B590F820300446F5
:105864000D4623B1836953B1426A995207E013F09C
:1058740051FB0028FBD02946606A13F0B9FCD4E937
:105884000932023393426362C8BFA36238BD00BFCA
:1058940038B590F82030044633B18069656A00B1A8
:1058A40040590435656238BD456A2846043513F00D
:1058B40019FB656238BD00BF38B590F82030044646
:1058C40033B18069656A00B1405D0135656238BDF8
:1058D400456A2846013513F0BBFA656238BD00BF3E
:1058E40038B590F82030044633B18069656A00B158
:1058F400405B0235656238BD456A2846023513F0BF
:10590400E5FA656238BD00BFF0B5042304469DB0D6
:10591400334F63620D46A36284F820103148FFF7C9
:105924009FF801462046FFF75FFF384608F0EAFB80
:105934002D4801F0E5FA2D4805F0DAFA2C4803F079
:10594400F3FE2C4802F0D4FB2B4809F0B1F82B48A5
:1059540000F0CCFD2A48FFF713FE2A4805F0F4FFB7
:105964002948FEF77FFF294806F036FA0021666AC7
:105974006162FB6A013B952B1BD903AF244D204682
:10598400FFF732FFBC460FCDACE80F000FCDACE8FB
:105994000F000FCDACE80F002B682CF8023B1B0C5A
:1059A4008CF80030394666621A4809F059FB1DB07C
:1059B400F0BD31462046FFF717FF41F2BC0203AFAA
:1059C400334600922DB1144A6421384618F056FD2E
:1059D400E8E7124A6421384618F050FDE2E700BFB8
:1059E4006CF6002024EA0020D0DF002058F20020CA
:1059F4009CF30020A8F1002070FA00204CEC002059
:105A040024EB0020D4F40020E8E9002030F5002045
:105A1400A0640020D0FA0020D46400200065002097
:105A240030B50A78ADF6040D0B460446652A0BD151
:105A34004A78652A08D18978773905D1FFF764FF58
:105A440001200DF6040D30BD05220E49184618F04C
:105A5400CDFF054618B100200DF6040D30BD2046DB
:105A640001216562C4F818D0A562FFF74DFF2046F6
:105A74002A462946FFF73CFE0120A5610DF6040DD8
:105A840030BD00BF8C6500200023F0B50446ADF5A1
:105A94007F7D436280F82010002900F081808769AF
:105AA400002F5AD0D7E90057082304AE5C4863623C
:105AB400FEF7D6FF4FF47A7101902B46594A3046CF
:105AC400009718F0DBFC3146574809F0C9FA002D5D
:105AD40057D06369AB4254D9002F52D05048FEF7D7
:105AE400BFFFB84273D1514F384608F079FAFB6AC8
:105AF400013B952B5FD84E4801F01CFA4D4805F048
:105B040019FA4D4803F096FE4C4802F00BFB4C4842
:105B140008F0E4FF4B4800F00BFD4B48FFF738FD5D
:105B24004A4805F029FF4A48FEF7B0FE494806F006
:105B340093F994F82030002B69D0616AA9423ED0D1
:105B440000912B46444A4FF47A71304618F096FC83
:105B54003146354809F084FA31E0082304AE304870
:105B64003D466362FEF77CFF4FF47A713B462D4A53
:105B7400CDE90070304618F081FC31462A4809F01E
:105B84006FFA2B46354A4FF47A713046009718F075
:105B940075FC3146244809F063FA0DF57F7DF0BDAC
:105BA400084613F09FF9042305466362184613F070
:105BB40099F9074678E72A491B4809F051FA002267
:105BC4002248114605F056FB0DF57F7DF0BD1448C3
:105BD400FEF746FF07EE907A06EE900A214AB8EEE9
:105BE400677B4FF47A71B8EEE66B30469FED0A5B43
:105BF40087EE054B86EE057B8DED024B8DED007B2C
:105C040018F03CFC3146084809F02AFA6BE70F48C3
:105C140005F068FA91E700BF000000000000594059
:105C240024EA00205C630020D0FA00206CF60020F7
:105C3400D0DF002058F200209CF30020A8F10020BF
:105C440070FA00204CEC002024EB0020D4F4002057
:105C5400E8E9002030F500203C640020A463002023
:105C640070640020F863002010B5044604482146FF
:105C740009F0ACFE20460021BDE81040FFF704BF48
:105C8400D0FA002008B50B4609780246652909D1E7
:105C94005978652906D19978723903D1FFF7F4FE52
:105CA400012008BD19461046BDE80840FFF7B8BEFC
:105CB400436A70B503EB020C154640F2FD7294453D
:105CC40015DC90F8202004460E469AB913F022F908
:105CD4000028FBD094F820305BB92A46616A30462C
:105CE40013F0A8FA636A01202B44636270BD00209C
:105CF40070BD636AA06931462A46184413F036FB26
:105D0400F0E700BFF8B5436A40F2FD741344A342C0
:105D140028DC90F82030054617460E461BB913F0D0
:105D2400F9F80028FBD0002F1ADD013E374409E0C2
:105D3400A8696C6A00B1005D01346C6206F8010F59
:105D4400BE420DD095F82030002BF1D16C6A20466C
:105D5400013413F07DF86C6206F8010FBE42F1D1F4
:105D64000120F8BD0020F8BD10B5054C2046FFF712
:105D74009DFC2046034A0449BDE8104015F0B0BF1D
:105D840000EC002038910020912F000030B5194D0F
:105D9400CDB0194C1949284609F062F90DF1040CEB
:105DA4000FCCACE80F000FCCACE80F00236801A9BE
:105DB4002846CCF8003009F053F94E22104901A8C6
:105DC40013F0D4FA01A9284609F04AF94C220D49E6
:105DD40001A813F0CBFA01A9284609F041F94D2294
:105DE400094901A813F0C2FA01A9284609F038F9B3
:105DF4004DB030BDD0FA0020347A0020147A00204F
:105E0400587A0020A87A0020F47A002000000000CC
:105E14002DE9F0430D46BFB0044604227C492846D0
:105E240018F0E4FD98B9002203460120E2642265DB
:105E34006265E2652266A26622676266E26662675E
:105E4400C4E90D33C4E92D333FB0BDE8F083042227
:105E54007049284618F0CAFD064688B105226E49E5
:105E6400284618F0C3FD002852D006226B49284664
:105E740018F0BCFD00283DD000203FB0BDE8F08301
:105E8400D4F8EC74C821664A0CA83B4618F0F6FA1C
:105E94000CA9644809F0E4F8002F24DD2546DFF856
:105EA4009891DFF8808195EDD77A4A46C8210CA8ED
:105EB400B7EEC77A04358DED047B95F8CA310393A8
:105EC40095F8C931029395F8C831019395F8CB310F
:105ED40000933346013618F0D1FA0CA9404609F074
:105EE400BFF8B742DFD100230120C4F8EC343FB03F
:105EF400BDE8F083A81D0A220CA90C9018F0CEF876
:105F04000346494A0120003B18BF012313779BE74E
:105F1400681D0BA90B9017F0BDFF0BA90B9884ED1E
:105F2400200A17F0B7FF0BA90B9884ED210A17F08C
:105F3400B1FF0A220BA984ED220A0B9818F0AEF8DF
:105F440003460BA90B98A4F8943017F0A3FF94ED23
:105F5400225A94ED216AB7EEC04A94ED207AB7EE46
:105F6400C55AB7EEC66AB4F89430B7EEC77A84ED72
:105F7400230A2E4AC82106930CA88DED084B8DEDFB
:105F8400045B8DED026B8DED007B18F077FA0CA9A4
:105F9400244809F065F8B4F8943043B307EE903A16
:105FA4009FED175BB8EEE77B85EE076BB7EEC66B2C
:105FB400F7EE007A94ED227A9FED135BB4EEE77A64
:105FC40094ED237AF1EE10FA48BFC4ED227AB7EECD
:105FD400C77AB4EEC57BF1EE10FA02D5144BC4F8BF
:105FE4008C30012084ED726A3FB0BDE8F083012358
:105FF4009FED106AA4F89430DAE700BFAFF3008095
:10600400182D4454FB2119407B14AE47E17A943F88
:10601400A0790020A8790020D47900200C7A0020EF
:10602400B0790020D0FA002030F50020DC7900207F
:106034000AD7A33CDB0FC940BC79002010B5054B3F
:1060440004464068236018B1E168091A13F02AFA7B
:10605400204610BD5882002038B5022104461D2078
:1060640012F06CFE02211C2012F068FE02211F2097
:1060740012F064FE02211E2012F060FE2E4BD3F8B3
:10608400D801D3F8C8110268D3F8F85142F4803229
:1060940002600A68D3F8E80142F480320A60012100
:1060A4002B6843F480332B60036843F4803303602C
:1060B400072012F043FE01210B2012F03FFE0121C4
:1060C4000C2012F03BFE04221C491D2013F0C4F8DE
:1060D40004221B491F2013F0BFF8042219491C2075
:1060E40013F0BAF8042218491E2013F0B5F820461C
:1060F400164A174908F0E6FE2046164A164908F0E3
:10610400E1FE2046154A164908F0DCFE2046154AF1
:10611400154908F0D7FE2046144A154908F0D2FE66
:1061240020461449144A08F0CDFE21461348BDE820
:10613400384009F04BBC00BF74830020E5450000E3
:106144000546000025460000454600002C78002046
:106154005478002058780020907800209878002007
:10616400B8780020BC78002010790020187900202D
:10617400587900209C7900205C790020D0FA002016
:10618400154BD0F82815D0F824251B7F0A4400B5F8
:106194009FB00093D0F83415D0F8F0340A44D0F806
:1061A40038150A44D0F81C150292D0F82025114461
:1061B400D0F82C25D0F830051144084A014405A82C
:1061C4000191642118F05AF905A9054808F048FF1F
:1061D4001FB05DF804FB00BF30F50020E07700201D
:1061E400D0FA0020000000001F4A642190ED233AF9
:1061F40092ED007A90ED224AB7EEC33AB8EE477AB0
:1062040090ED215A90ED206AB7EEC44A174BB7EED1
:10621400C55AB7EEC77A164AB7EEC66A9FED101B89
:1062240010B587EE012BA8B093F83040B0F8943045
:106234000FA80C9406938DED083B8DED044B8DED6A
:10624400025B8DED006B8DED0A2B18F017F90FA989
:10625400084808F005FF28B010BD00BFAFF3008068
:106264000000000080842E41D0E00020D4F40020FF
:10627400B8770020D0FA002003461F4A93ED164A4F
:1062840093ED155A93ED146AB7EEC44A93ED137A5D
:10629400B7EEC55AB7EEC66AB7EEC77A00B5BDB059
:1062A400D2E902018DED084B8DED065B8DED027B8D
:1062B4008DED046B15F09EFF07EE900A0F4AC8217E
:1062C400B7EEE77A0AA89FED0A6B27EE067BB7EED6
:1062D400C77BB7EEC77A8DED007B18F0CFF80AA91B
:1062E400074808F0BDFE3DB05DF804FBAFF3008045
:1062F4008DEDB5A0F7C6B03ED0E00020447B002071
:10630400D0FA002000000000D0F81035002B00DC8B
:1063140070472DE9F04107EE903AAEB000F20C550B
:1063240000F5A16600F2045700F5A0680A93F8EEA0
:10633400E77AD5ED005A044696ED006A97ED007AA7
:1063440085EEA74AD8ED006A214B86EE275A87EEE0
:10635400276A86EEA77AB7EEC44AB7EEC55A8DED22
:10636400084B8DED065BB7EEC66A8DED046BB7EE98
:10637400C77A8DED027BD3E9020115F03BFF07EEEE
:10638400900A144A8221B7EEE77A0DA89FED0E6BAE
:1063940027EE067BB7EEC77BB7EEC77A8DED007BA1
:1063A40018F06CF80DA90C4808F05AFE00230022DE
:1063B400C8F800303B6033602B60C4F810252EB061
:1063C400BDE8F081AFF300808DEDB5A0F7C6B03E17
:1063D400D0E0002084770020D0FA002000000000E4
:1063E40003462B4A93ED274A93ED265A93ED296AE7
:1063F400B7EEC44A93ED287AB7EEC55AB7EEC66A2B
:10640400B7EEC77A00B5D2E90201B5B0D3F83825A2
:106414008DED084B8DED065B1192D3F834258DED8F
:10642400027B8DED046B1092D3F830250F92D3F8D4
:106434002C250E92D3F828250D92D3F824250C92FE
:10644400D3F82025D3F81C35CDE90A3215F0D2FE55
:1064540007EE900A0F4A8221B7EEE77A13A89FED60
:106464000A6B27EE067BB7EEC77BB7EEC77A8DEDD6
:10647400007B18F003F813A9074808F0F1FD35B0C4
:106484005DF804FBAFF300808DEDB5A0F7C6B03E18
:10649400D0E00020F4770020D0FA0020052904D8A9
:1064A400DFE801F00617191B1D047047FFF768BEEB
:1064B40000B5D0E90D319DB00A4A009103A86421CA
:1064C40017F0DCFF03A9084808F0CAFD1DB05DF809
:1064D40004FBFFF7D1BEFFF717BFFFF785BEFFF739
:1064E4007FBF00BFA8770020D0FA002010B5044673
:1064F4000D48D4F88010FFF777F9D4F884100A48CF
:10650400FFF772F9D4F888100748FFF76DF9B4F86B
:1065140094100548FFF7A0F9D4F88C100248BDE8A0
:106524001040FFF761B900BF00EC0020000000003C
:1065340038B53F4D95F820301BB16B6A12336B624E
:1065440038BD04462846FFF7A3F903462846C4F895
:106554008030FFF79DF903462846C4F88430FFF7DE
:1065640097F903462846C4F88830FFF7B9F903467B
:106574002846A4F89430FFF78BF9B4F8943007EE6A
:10658400900A002B42D007EE103A9FED234BB8EE51
:10659400C76B84EE065BB7EEC55BB7EE007AD4ED4D
:1065A400226A94ED206AF4EEC76AB7EEC66A9FEDDC
:1065B4001C4BF1EE10FAB4EEC46B48BF84ED227AA2
:1065C400F1EE10FA02D51B4BC4F8803094ED216A29
:1065D4009FED134BB7EEC66AB4EEC46BF1EE10FA3E
:1065E40002D5144BC4F88430B7EEE74A9FED127A13
:1065F40084ED725A9FED0C6BB4EE464BF1EE10FA3B
:1066040048BFF0EE477AC4ED237A38BD01239FEDED
:106614000B5AA4F89430C0E7182D4454FB211940B8
:10662400FCA9F1D24D62503F7B14AE47E17A843F1E
:1066340000EC00206F12833A0AD7233CDB0FC940D9
:1066440000230022C36403654365C3650366836650
:1066540003674366C3664367C0E90D22C0E92D2280
:10666400704700BF00000000D0ED287AF6EE004A23
:10667400D0ED226A00F5A063F1EE677A90ED297AF5
:1066840090ED205A00F20451C7EE265AD0ED213A7B
:1066940090ED234A00F5A16C87EEA67A10B5044666
:1066A40000F20C502DED068B25EEA36AC4ED275A9B
:1066B400B6EE009B84ED126A67EE057A84ED267AC5
:1066C40076EE675AC4ED117A37EEA77A85EE843AEE
:1066D40027EE247A84ED1F7A84ED1E3AD3ED005A16
:1066E40075EEA77AC3ED007AD1ED007AD4F81035AF
:1066F40077EE867A5A1CC1ED007ADCED007A77EEEB
:10670400837AD4E90D13CCED007AD0ED007A77EEDC
:10671400877AC0ED007AC4F8102594ED723AD4ED6E
:10672400175A94ED186AD4E92D20C4F8B8301B1A0E
:10673400C4F8B41094ED150A07EE903A531AB7EE64
:10674400C00AF8EEE77A07EE103AB8EEC77A67EEB9
:10675400837A27EE037AC7EEA68AC7EE267A68EE16
:10676400A38AB0EE687AE5EE278AA5EE677A68EE2A
:10677400A48AC7EE046A76EE287A94ED196A35EE97
:10678400A87A36EE286AC4ED187A84ED177AD4ED27
:106794001B7A94ED1A7A84ED196AB7EEE6AA37EEFD
:1067A400267A77EEA67AAAEE090B84ED1A7AC4ED5E
:1067B4001B7AB7EEC08BB0EE480A14F071FFB0EE4E
:1067C400407AD4ED137AB0EE480AE7EE287AC4EDA5
:1067D400137A14F061FEB7EEC87AD4ED146AAAEE07
:1067E400097BE0EE286A9FED185BB7EEC77BC4ED2A
:1067F400146AB7EEC76AB4EEC56BF1EE10FA0ADD9F
:106804009FED137BBDEC068B36EE476BB7EEC66B84
:1068140084ED156A10BD9FED105BB4EEC56BF1EE0F
:1068240010FA0AD59FED0A7BBDEC068B36EE076B9A
:10683400B7EEC66B84ED156A10BDBDEC068B84ED16
:10684400157A10BDAFF30080182D4454FB21094084
:10685400182D4454FB211940182D4454FB2109C020
:106864002DE9F04F8DB0D0F88411F1EE007A90ED5F
:10687400726A06AB00229FED5F5A0DF1100C029371
:106884004B1C01F10E0126EE276A03F00103DFED34
:106894005A5A00EB01110DF1200E48BF5B420AACBD
:1068A400019100F1A00800F1A801C0F88431534F10
:1068B40000F1B80316460492069208920A920592D1
:1068C400079209920B920391019803F1100950F871
:1068D400041F43F8041F002943D149494D68D3F8E4
:1068E400CC10691A4D1EBD4263D807EE901AD8ED3C
:1068F400006AB8EEE77AF0EEE66AC5EE877A67EEEC
:10690400867AF4EEE67AF1EE10FA5AD4D3ED3B7AB5
:106914009EED007A216877EE277A9E660131CEEDEE
:10692400007A21604B45D2D1002A59DD07EE902A26
:10693400DCED006AB8EEE77AC6EE877A019B0CF1CB
:10694400040CE8EC017A0EF1040E203304340193B4
:10695400039B984541D002994B4651F8042F02916C
:10696400B2E7D0F860A0D3F8CC50AAEB050505F146
:10697400FF3BBB4522D807EE905AB8EEE77AC5EE46
:10698400877A07EE101AB8EEC77A67EE877A67EE51
:10699400867AC3ED3B7A9CED007A0132996677EEF4
:1069A400277A0299C3F8CCA00A600660CCED007A7D
:1069B400B8E7DFED107A83ED3B5AA9E7F0EE457AAC
:1069C400E9E793ED3B7AB5EEC07AF1EE10FAD8BF61
:1069D400F1EE677AC3ED3B7A9AE70DB0BDE8F08F2C
:1069E400D4ED007ADEED006AB8EEE77AC6EE877A77
:1069F400A4E700BF00000000180D0F4EFEA2E11135
:106A0400001000E00000000038B53F4B00F2F441F4
:106A1400DFED3E7A04465A68D0F8FC3491ED006A02
:106A2400D31ADFED3B6AD0F8A85007EE103A00F510
:106A34009F630135B8EE477A2DED028B27EE067A77
:106A440093ED006AC0F8FC24C0F8A850BCEEC77AE5
:106A5400B8EE478AB0EE487AA6EE277AC7EE267AD1
:106A6400C3ED007AFFF7FCFED4ED137AF4EE677AF7
:106A7400F1EE10FA2CD6D4ED147AF4EE677AF1EE36
:106A840010FA25D6D4ED157AF4EE677AF1EE10FA01
:106A94001ED629462046FFF7E7FD94ED1C5A94EDD7
:106AA4001D6AB7EEC88AB7EEC55AB7EEC66A9FED3F
:106AB400144BA8EE045BA8EE046BBDEC028BB7EE9E
:106AC400C55BB7EEC66B84ED1C5A84ED1D6A38BDF8
:106AD400D4F8F014002300220131E36423656365D4
:106AE400E3652366A36623676366E3666367C4F8A6
:106AF400F014C4E90D22C4E92D22CAE7AFF30080E3
:106B04008DEDB5A0F7C6B03E001000E00000444291
:106B1400000048422DE9F04100EB81066B4D6C4BBF
:106B240096F814C05C684FEA0C17337F05EB0C1C15
:106B340055F807E0DCF80C70DEF808E01EEA070EF2
:106B44004FEA031705EB0313EF59DD6818BF012360
:106B5400BF6808BF00232F4214BF4FF0010C4FF051
:106B6400000C002960D1DFF87881D8F8007007F0B4
:106B74000105002F07F10107B8BF6D42C8F8007086
:106B8400EDB275B3534D0427C5F884707AB3421837
:106B940092F8185582F81835AB425ED0ACEB03027C
:106BA400BEFA8EF3D0F88451B2FA82F25B0952092C
:106BB40062B305EB4102776B490003EB8202013FAC
:106BC40000EB82027763D2F8E420013A294403EB14
:106BD400810100EB8100C0F8E420C0F84441BDE825
:106BE400F0813C4D0427C5F88870002ACFD14218A3
:106BF40092F81A5582F81AC5654551D083EA0C02F9
:106C0400D0F88451C3F10303002AD2D105EB410229
:106C1400776B490003EB8202013700EB8202776352
:106C2400D2F8E4200132D1E712B32B4F3D6805F0CE
:106C34000102002D05F10105B8BF52423D60D2B2F8
:106C4400002A3ED0234A0225C2F88450421892F802
:106C5400185582F81835AB42A0D103EB410300EB81
:106C64008303D3F81C250132C3F81C25BDE8F08149
:106C74001A4F3D6805F00102002D05F10105B8BF6A
:106C840052423D60D2B2B2B1124A4FF40035C2F85A
:106C94008450421892F81A5582F81AC56545ADD148
:106CA4000CEB410C00EB8C0CDCF82C350133CCF8EC
:106CB4002C35BDE8F081074A4FF40035C2F88850FE
:106CC40095E7044A0225C2F8885060E774830020DF
:106CD400001000E0004000425CF6002060F6002056
:106CE40058F6002010B5064C012200212046FFF77B
:106CF40011FFD4F890300133C4F8903010BD00BFB8
:106D04004CEC0020012210B5054C11462046FFF73B
:106D140001FFD4F890300133C4F8903010BD00BFA7
:106D24004CEC0020002210B5054C11462046FFF71C
:106D3400F1FED4F890300133C4F8903010BD00BF98
:106D44004CEC002010B5064C002201212046FFF730
:106D5400E1FED4F890300133C4F8903010BD00BF88
:106D64004CEC002010B5414C204607F087FF404B07
:106D74002246404904F11C0CDFF80CE142F8141BD4
:106D8400C4F888E0DFF804E193E8030082E8030034
:106D940003F1080103F11002002303C9E364C4F8FA
:106DA4009030A3658CE8030092E8030004F18002AC
:106DB4004FF0000C82E803002F494420C4F844C07B
:106DC400C4F88C10A4F894002046C4F848C0C4F851
:106DD4005CC0C4F860C0C4F864C0C4F868C0C4F837
:106DE4006CC0C4F870C0C4F874C0C4F878C0C4F8E7
:106DF4007CC0224A2249C4E91433C4F8A830C4F838
:106E04000435C4F8EC34C4F8F034C4F8FC34C4F8E1
:106E14000035C4F81035C4F81C35C4F82035C4F85E
:106E24002435C4F82835C4F82C35C4F83035C4F8F2
:106E34003435C4F83835C4F88431124BC4F8C83139
:106E440004F2F443C3F800E004F59F63DFF840E084
:106E5400C3F800E004F5A16304F20C54C3F800C0C5
:106E6400C4F800C0BDE8104014F03ABF4CEC002058
:106E7400281E0020F4820020B29D6F3E389100202D
:106E84003D390000193CBD3D000098410E74DA3ACA
:106E940000007A4430B50E4CCDB005460D4920466D
:106EA40008F0DEF80C49204608F0DAF82B7E0B4A8D
:106EB4004FF4967101A817F0E1FA01A9204608F0F1
:106EC400CFF80749204608F0CBF84DB030BD00BFDD
:106ED400D0FA0020344E0020444E00207C4E002086
:106EE400B04E002010B5054B04464068236018B12D
:106EF400E168091A12F0D6FA204610BD5882002023
:106F040010B5044601210A48FEF78AFCD4F8801023
:106F14000748FEF769FCD4F884100548FEF764FCC2
:106F2400D4F888100248BDE81040FEF75DBC00BFED
:106F340000EC002038B50C4D04462846FEF7BCFC96
:106F44002846FEF7A5FC03462846C4F88030FEF721
:106F54009FFC03462846C4F88430FEF799FC0123BD
:106F6400C4F88800237638BD00EC0020000000003F
:106F74001B4B10B50446C8B0D3E9020115F03AF929
:106F840007EE900A94ED094AFA21B7EEE77A94EDF8
:106F9400085A94ED076AB7EEC44AB7EEC55A114AC7
:106FA400B7EEC66A09A89FED0C3B8DED044B8DED41
:106FB400025B27EE037B8DED006BB7EEC77BB7EE6C
:106FC400C77A8DED067B17F059FA09A9064808F02F
:106FD40047F848B010BD00BF8DEDB5A0F7C6B03E70
:106FE400D0E000204C4A0020D0FA0020000000002D
:106FF4001B4B10B50446C8B0D3E9020115F0FAF8EA
:1070040007EE900A94ED104AFA21B7EEE77A94ED70
:107014000F5A94ED0E6AB7EEC44AB7EEC55A114A38
:10702400B7EEC66A09A89FED0C3B8DED044B8DEDC0
:10703400025B27EE037B8DED006BB7EEC77BB7EEEB
:10704400C77A8DED067B17F019FA09A9064808F0EE
:1070540007F848B010BD00BF8DEDB5A0F7C6B03E2F
:10706400D0E000200C4A0020D0FA0020036D30B597
:1070740004462DED028BCBB07BBBA8300BAD099041
:107084000AF0FCF90998B0EE408A0AF009FAF0EE29
:10709400408A09980AF016FAB7EEC87AB7EEE86A99
:1070A400236DB7EEC00A1F4AFA21284606938DEDD8
:1070B400026B8DED040B8DED007B17F0DFF9294693
:1070C400194807F0CDFF002300226364A364E3643E
:1070D40022654BB0BDEC028B30BD07EE903A90EDCB
:1070E400136A90ED127A0BADF8EEE77AD0ED116ADF
:1070F4000C4AFA212846069386EE275A87EE276A19
:1071040086EEA77AB7EEC55A8DED045BB7EEC66A74
:107114008DED026BB7EEC77A8DED007B17F0AEF9FB
:10712400CDE700BFE4490020D0FA0020436B30B51E
:1071340004462DED028BCBB07BBBA8300BAD099080
:107144000AF018FA0998B0EE408A0AF025FAF0EE2F
:10715400408A09980AF032FAB7EEC87AB7EEE86ABC
:10716400636BB7EEC00A1F4AFA21284606938DEDD9
:10717400026B8DED040B8DED007B17F07FF9294632
:10718400194807F06DFF00230022A362E362236322
:1071940062634BB0BDEC028B30BD07EE903A90EDCC
:1071A4000C6A90ED0B7A0BADF8EEE77AD0ED0A6A33
:1071B4000C4AFA212846069386EE275A87EE276A58
:1071C40086EEA77AB7EEC55A8DED045BB7EEC66AB4
:1071D4008DED026BB7EEC77A8DED007B17F04EF99B
:1071E400CDE700BFF8490020D0FA002000000000DD
:1071F40010B51D4B0446CAB0D3E90201D4F8E430FB
:10720400089314F0F7FF07EE900A94ED194A94EDF1
:10721400185AFA21B7EEE77A94ED176AB7EEC44A22
:10722400124AB7EEC55A0BA8B7EEC66A9FED0C3BDF
:107234008DED044B8DED025B27EE037B8DED006B32
:10724400B7EEC77BB7EEC77A8DED067B17F016F95C
:107254000BA9074807F004FF4AB010BDAFF3008044
:107264008DEDB5A0F7C6B03ED0E00020204A002046
:10727400D0FA00200000000010B50446C6B006296C
:1072840020D8DFE801F026042B30353A210090EDB8
:10729400225AFA2190ED216A90ED207AB7EEC55A70
:1072A400B7EEC66A2C4AB7EEC77A07A88DED045B21
:1072B4008DED026B8DED007B17F0E0F807A92748F0
:1072C40007F0CEFE46B010BD46B0BDE81040FFF753
:1072D4008FBF46B0BDE81040FFF74ABE46B0BDE8D8
:1072E4001040FFF785BE46B0BDE81040FFF71EBF53
:1072F40046B0BDE81040FFF7B9BE194BD3E902010F
:1073040014F078FF07EE900A94ED1E5A07A8B7EE22
:10731400E77A94ED1D6AB7EEC55A124AB7EEC66A0B
:10732400FA219FED0B4B8DED025B8DED006B27EE8B
:10733400047BB7EEC77BB7EEC77A8DED047B17F0FD
:107344009DF807A9054807F08BFE46B010BD00BFA5
:107354008DEDB5A0F7C6B03E384A0020D0FA002023
:10736400D0E00020204E002090ED3B7AF0EE007A31
:10737400D0ED100AB8EEC76B90ED0E0AF1EE600A7C
:10738400B1EE400A9FED885B10B526EE056B04460E
:107394002DED048BF7EEC68B38EEE77A78EEA77AFC
:1073A400B1EE477A88EEA79A87EE278A13F08EFD0E
:1073B4008B4B84ED1B0AD3ED162A30EE627A9FEDD7
:1073C4007C6BB7EEC77AB4EEC67BF1EE10FA40F3ED
:1073D400CC80B7EEC00A9FED787B30EE470BB7EE5A
:1073E400C00B84ED1B0A94ED096A94ED087AB7EE9C
:1073F400C66A94ED1D2AB7EEC77A9FED6D5B9FEDCB
:10740400703B26EE056B27EE057B86EE034B87EE7D
:10741400036BB7EEC44B84ED1E4AF7EEC66BB0EEB9
:10742400426AC4ED1C6AA4EE286AB7EEC67AB4EECA
:10743400C57BF1EE10FA40F38E809FED5F5B37EE73
:10744400457BB7EEC77B84ED1D7AB5EEC00A36EEF8
:10745400806AF1EE10FA1FDDB7EEE25A9FED5A7B17
:10746400B4EEC75BF1EE10FA16D529EE064A94ED98
:107474001A7AB7EEC88A9FED503B35EE035BB7EE40
:10748400C44A29EE077AA8EE054BB7EEC77A37EE61
:10749400047BB7EEC77B0CE0B5EEC00AF1EE10FA40
:1074A40045D429EE067AD4ED1A7AA2EE887AA7EEAC
:1074B400897AB7EEC75A9FED3E4BB4EEC45BF1EE4A
:1074C40010FA16DDB7EEC00AB7EEE63A9FED3A7B46
:1074D40030EE476B35EE477B36EE036BB7EEC77B7A
:1074E400B7EEC66B84ED1A6A83ED167ABDEC048B95
:1074F40010BD9FED374BB4EEC45BF1EE10FAF1D53D
:10750400B7EEC00AB7EEE67A9FED2B4BBDEC048BC9
:1075140030EE440B35EE045B30EE070BB7EEC57B63
:10752400B7EEC06B83ED167A84ED1A6A10BDB7EE20
:10753400E25A9FED297BB4EEC75BF1EE10FAB0DDA1
:1075440029EE064A94ED1A7AB7EEC88A9FED1A3BE3
:1075540035EE435B93E79FED1E5BB4EEC57BF1EE26
:1075640010FA15D484ED1D6A6FE79FED196BB4EE24
:10757400C67BF1EE10FA7FF536AFB7EEC00A9FED89
:107584000E7B30EE070BB7EEC00B84ED1B0A2AE727
:107594009FED095B37EE057BB7EEC77B84ED1D7A63
:1075A40053E700BFAFF300808DEDB5A0F7C6B03E42
:1075B400182D4454FB210940182D4454FB21194033
:1075C4000000000000806640182D4454FB21F9BFE0
:1075D400182D4454FB2109C0182D4454FB21F93FB4
:1075E4004CEC002070B5254C00254FF47A762046EB
:1075F40007F044FB224B234A23600023A4F858508D
:10760400A3666367A3670A23E562E36704F198034B
:1076140025636661E561A5626564E565C4F880502B
:10762400C4F88C50C4E90855C4E90F55C4E912558F
:10763400C4E91855C4E92155C4E92455C4E90D55D4
:10764400C4E9145507CA83E80700682104F1A800B7
:1076540084F8A45009F074FD01232046C4F8EC60BA
:10766400C4F8DC5084F8E030074A0849C4E93555C9
:10767400C4E93955BDE8704014F032BBD0DF0020B6
:10768400D8810020401E002038910020E5470000EA
:107694002DE9F041474C0546AAB04FF000082046BA
:1076A40005F1A8061FF048FF434920460AF016FAE0
:1076B4002146304609F050FD0DF10F0130468DF89A
:1076C4000F8009F04BFD40B13C493D4807F0C8FC30
:1076D400C5F87C802AB0BDE8F0819DF80F30962172
:1076E400384A0746009304A816F0C8FE04A9344893
:1076F40007F0B6FC0821304609F046FD102130465B
:1077040009F0F2FE95F8E030002BE3D02E494FF05B
:1077140001082B4807F0A4FC304609F0E3FD0A20D9
:1077240011F052FA2949264807F09AFC18233946E1
:10773400204684F8A53084F8308184F82F8109F03C
:107744005DFF394620460AF031F843464246054675
:107754000C2120460AF0AAF894F8A23094F8A32049
:107764009A4223D903EB080284F8A2201C44A27E87
:107774002B46019200909621154A04A816F07EFE2D
:1077840004A90F4807F06CFC12490D4807F068FC87
:107794000621304609F054FD0A2011F015FA0E496D
:1077A400074807F05DFC2AB0BDE8F0814FF0FF32D6
:1077B400DEE700BF54970020801A0600484D0020E1
:1077C400D0FA0020784D0020984D0020B04D0020C4
:1077D400C44D0020EC4D0020084E002010B5044696
:1077E400FFF756FF144A2046144907F06BFB204666
:1077F400134A144907F066FB2046134A134907F05D
:1078040061FB2046124A134907F05CFB2046124AEA
:10781400124907F057FB2046114A124907F052FB60
:1078240020461149114A07F04DFB21461048BDE896
:10783400104008F0CBB800BF2C4B0020644B002054
:107844006C4B0020904B0020984B0020C84B00202C
:10785400CC4B00201C4C0020244C0020744C0020F5
:107864007C4C0020BC4C0020F44C0020C44C002074
:10787400D0FA002070B50C4682B0054608222B4988
:10788400204617F0B3F8A0B105222949204617F085
:10789400ADF8034648B106222649204617F0A6F85B
:1078A4000646E8B1002002B070BD01202B7602B07C
:1078B40070BD04F1080001A9019016F0EBFA01A9CA
:1078C400019885ED200A16F0E5FA019801A985EDE5
:1078D400210A16F0DFFA012085ED220A02B070BDFC
:1078E400A01D0A2201A9019016F0D8FB04460A2221
:1078F40001A9019816F0D2FB012C04D1EC6F44B11C
:10790400012002B070BD0C49EE670C4807F0A8FBDB
:10791400F6E72846FFF7BCFE0A230949C5F8E84004
:10792400EB67064807F09CFBEAE700BFF84C002031
:10793400044D00200C4D00202C4D0020D0FA0020D6
:10794400144D0020D0F8E8300133132B2DE9F04119
:1079540004462DED028BC0F8E830AAB057D9E36F86
:10796400002B04DC2AB0BDEC028BBDE8F08111F0E1
:107974007FF9CF4AD4F8D43004F1A805C4F8D40070
:10798400C31A284692ED027BC4F8EC3084ED3C7BAC
:1079940009F068FD002800F0C280284609F0DEFDE9
:1079A400002843D1237E2846002B49D109F0E2FD6B
:1079B400284684ED070A09F0EFFD284684ED080AFD
:1079C40009F0FCFDD4F8E8206369F1EE407A9A42AC
:1079D400C4ED097A80F0D8800023C4F88030C4F85C
:1079E4008430C4F88830E36F092B01DC0133E3678A
:1079F40094F8E030002B6CD12046FFF7B5FC01234E
:107A040084F8A4302AB0BDEC028BBDE8F081C16FCC
:107A1400D0F8EC2004A8CDE90021A64A642116F090
:107A24002DFD04A9A44807F01BFB98E7E36F013B75
:107A3400E367002BDCD1A1499F4807F011FBD7E78E
:107A440009F098FDD4ED207A284630EE670A84EDDB
:107A5400070A09F0A1FDD4ED217A284630EE670A21
:107A640084ED080A09F0AAFDB1EE400AD4ED227AA9
:107A7400284630EE670A84ED090A09F07BFD94ED8F
:107A8400207AD4ED0A7A284630EE470A77EE807AD7
:107A9400C4ED0A7A09F080FD94ED217AD4ED0B7AD5
:107AA400284630EE470A77EE807AC4ED0B7A09F067
:107AB40085FDB1EE400A94ED227AD4ED0C7A30EED5
:107AC400470A636B013377EE807A6363C4ED0C7A03
:107AD40089E77B4E11F0CCF83368C01A794B984291
:107AE40000F2968094F8E030002B85D011F0C0F8B5
:107AF400D4F8D82042F20F710346821A8A427FF6E4
:107B04007BAF2846C4F8D83009F006FC002800F002
:107B1400BE80D4F8E4300133C4F8E4306CE728467E
:107B240009F0ACFC2846F0EE408A09F0B9FC28467E
:107B3400B0EE408A09F0C6FC94ED115AD4ED125A05
:107B440094ED136A35EE285AD4ED266A75EE885AF8
:107B540094ED277A36EE406AD4ED284A66EEA86A98
:107B6400236D27EE087A60EE647A84ED115A0133AE
:107B7400C4ED125A84ED136A2365C4ED0E6A84EDD4
:107B84000F7AC4ED107A08E703F57A718A423CD87B
:107B9400D31A4D4894ED207AD4ED217A03FB00F0FA
:107BA400D4ED226A94ED076AD4ED085A76EEC06AE1
:107BB400464E36EE077A77EEA57AB6EBB00FC4EDF3
:107BC400226A84ED207AC4ED217A80F08980914282
:107BD4007FF409AFD4ED206ADFED3D7A94ED217A8C
:107BE400D4ED225A86EEA76A3A493348C7EE276A8B
:107BF40085EEA77A84ED206AC4ED216A84ED227AA9
:107C040007F02EFA01232376EDE60A326261EAE6F2
:107C140011F02EF8034628464FF00108336009F0AE
:107C240061FB01202C4E10F0CFFF182300213046B9
:107C340086F8A53086F8308186F82F8109F0DEFCBD
:107C44000021304609F0B2FD4346424607460C2166
:107C5400304609F02BFE96F8A23096F8A3209A42FB
:107C640012D903EB080286F8A2201E44B37E0193C6
:107C7400782100903B46194A04A816F0FFFB04A99A
:107C84000D4807F0EDF92DE74FF0FF33EFE72846F5
:107C940009F04EFB284684ED170A09F07DFB2846BF
:107CA40084ED180A09F0ACFB84ED190AA4E600BFC0
:107CB400D0E00020644A0020D0FA0020E04A0020EE
:107CC400A4E8002040420F00295C8FC2285C8F0288
:107CD40000007A44C44A002054970020C44D002078
:107CE400B7EEC77A0A4AB7EEC66A962104A88DEDA4
:107CF400027B8DED006B16F0C1FB04A9054807F06B
:107D0400AFF96169D4F8E82001F57A715FE700BF43
:107D1400984A0020D0FA002010B50A4CCCB00A4989
:107D2400204607F09DF97E22084901A811F01EFBA8
:107D340001A9204607F094F90549204607F090F977
:107D44004CB010BDD0FA002088620020A062002050
:107D54002063002010B5054B04464068236018B129
:107D6400E168091A11F09EFB204610BD58820020DC
:107D740090F8303030B4002B54D0374B00211A8B9C
:107D84005B8B02EB820280F8301003EB830352001A
:107D94005B00C0E90D2307EE902A90ED0F5AD0ED59
:107DA400115AB8EEE77A07EE903A90ED106AF8EEC1
:107DB400E77AD0ED126AD7EE055AB7EE005AD7EE3D
:107DC400866AF7EE087A85EE256A85EE267AB4EEA1
:107DD400E76A80ED056AF1EE10FA80ED067A1DDCA3
:107DE400B7EEC66A9FED1A5BB4EEC56BF1EE10FAFE
:107DF40014D4F7EE087AB4EEE77AF1EE10FA08DC60
:107E0400B7EEC77A9FED126BB4EEC67BF1EE10FAB3
:107E140002D54FF07F53836130BC70474FF07F53DE
:107E24004361E6E7416B0C4D0C4C01EBC1012A8B1D
:107E34006B8BA4FB015102EBD102816B01EBC101FD
:107E44004263A4FB014103EBD1038363A3E700BFB7
:107E54009A9999999999A93FA8E80020CDCCCCCCBE
:107E640010B501210446242010F068FF0A4B4FF49A
:107E740080200A4A0A49C3F88800204607F022F8FD
:107E840020460849084A07F01DF821460748BDE87E
:107E9400104007F09BBD00BF00400042C4610020B9
:107EA400246200205862002028620020D0FA0020BA
:107EB400027F0AB1FFF75CBF014A426182617047E9
:107EC400000020410346134A402193ED066A93EDD6
:107ED400057AB7EEC66AB7EEC77A10B51C7F9CB0B8
:107EE4008DED026B8DED007B0A940CA8DC6A09947D
:107EF4005C6A08949C6A07941C6A06949C6B0594BB
:107F04005B6B049316F0BAFA0CA9034807F0A8F8BF
:107F14001CB010BD7C610020D0FA002003460F4A3B
:107F2400402193ED066A93ED057AB7EEC66AB7EE83
:107F3400C77A10B51C7F98B08DED026B8DED007B78
:107F4400069408A89C6B05945B6B049316F096FA50
:107F540008A9034807F084F818B010BDA8610020F0
:107F6400D0FA002011B1012902D07047FFF7AABF4F
:107F7400FFF7D4BFD0ED0A7A816AB8EEE74AD0EDB4
:107F84000B7A9FED185AF8EEE74A9FED176ADFED7A
:107F9400176AD0E90823521A17EE901A07EE902AAE
:107FA4005B1AB8EEE77A07EE903AF8EEE77AC5EE98
:107FB400075A85EE277AF0EE467AE4EE257A85EEC6
:107FC400A65AA4EE876AC7EE265A87EEA67AC6EEAC
:107FD400267A80ED0F5AC0ED105A80ED117AC0ED6B
:107FE400127A704700400E44000048C30000C842A3
:107FF40030B50C4683B0054605223749204616F0B5
:10800400F5FC002835D004223449204616F0EEFC55
:1080140010B1002003B030BD201D0A2201A9019037
:1080240016F03CF80A2201A92862019816F036F8E5
:108034000A2201A9A862019816F030F80A2201A9BF
:108044006862019816F02AF803460A2201A90198E9
:10805400EB6216F023F878B32B7F13B9012385F86C
:10806400303001211E4B4FF480222977C3F884203D
:1080740028E0601D0A2201A9019016F00FF810F003
:10808400FF000CD02B7F13B9012385F83030012178
:10809400134B4FF480222977C3F8842005E0104B5A
:1080A4004FF480222877C3F888200E490E4806F042
:1080B400D7FF012003B030BD094B4FF4802228774D
:1080C400C3F888200949084806F0CAFF2846FFF784
:1080D40051FF012003B030BD5C62002070620020BB
:1080E4000040004264620020D0FA00207862002040
:1080F40010B504460A48217FFDF792FB218C0848FD
:10810400FDF7AAFBA18C0648FDF7A6FB218D0448C8
:10811400FDF7A2FBA18D0248BDE81040FDF79CBB12
:1081240000EC00201D4B93F820201AB15A6A093242
:108134005A62704710B504461846FDF7BDFB10F0AF
:1081440001000CD0237F13B9012384F830300121BE
:10815400134B4FF480222177C3F8842005E0104BA1
:108164004FF480222077C3F888200C48FDF7B8FB31
:1081740003460A482362FDF7B3FB034607486362DC
:10818400FDF7AEFB03460548A362FDF7A9FB0346D2
:108194002046E362BDE81040FFF7ECBE00EC00208F
:1081A4000040004210B5104C204606F067FD0F4B0E
:1081B4000F4904F1200E03F1080C012221602277FB
:1081C40084F830200B4A93E8030004F128038EE876
:1081D40003009CE8030083E8030020460649BDE849
:1081E400104013F07DBD00BFA8F100204C1E0020FC
:1081F40090820020389100205556000010B5074C9D
:108204000749204606F02CFF0649204606F028FFC1
:1082140020460549BDE8104006F022BFD0FA0020F0
:10822400DC7B0020F07B0020547C002010B5054B43
:1082340004464068236018B1E168091A11F032F964
:10824400204610BD588200202DE9F0410C4682B032
:1082540005225949204616F0C9FB002860D00522A2
:108264005649204616F0C2FB054618B1002002B05C
:10827400BDE8F081601D0A2201A9019015F00EFFEE
:108284000A2201A90446019815F008FF0A220746AC
:1082940001A9019815F002FF0A2201A906460198D6
:1082A40015F0FCFE01A980460A22019815F0F6FE9D
:1082B400BC4231DC5FFA80FC414B5FFA88FE781CDB
:1082C400F6B204EB4401A2000DE007F801C09F6878
:1082D4000F4487F801E09F680F44BE7001340331F6
:1082E4000432844218D01F88BC42F7D2DF78052FAD
:1082F4009F68EAD907F802C001349F6803318442B9
:10830400174487F801E09F681744BE709F681744BC
:1083140002F10402FD70E6D1012002B0BDE8F08153
:108324000546601D0A2201A9019015F0B7FE0A2234
:1083340001A90646019815F0B1FE0A2201A90446D6
:10834400019815F0ABFE0A2201A90746019815F021
:10835400A5FE1B4A13889E42DED22304D1783F0235
:1083640003F47F03C0B2BFB2052943EA070343EA1B
:1083740000030DD8916806EB4606180A8B551B0CB2
:108384009168314448700120926832449370C4E784
:108394009168180A01F826301B0C916801EB8601DC
:1083A40048700120916801EB86018B70936803EBA0
:1083B4008603DD70B1E700BFCC7B0020D47B0020B6
:1083C400A89D002038B5254C054620460FF00AFD2F
:1083D400FF23234A28462349237506F073FD2946C3
:1083E400214807F0F3FA00221146134610460FE025
:1083F4006854A56805EB010C8CF80100A56805EB31
:10840400010C8CF80200013303310432122B1FD00B
:10841400B4F800C09C45F6D994F803C0A568BCF133
:10842400050FE5D9A8540133A5680331122B05EBD8
:10843400020C8CF80100A56805EB020C8CF8020014
:10844400A56805EB020C02F104028CF80300DFD1ED
:108454000248BDE838400FF0B5BD00BFA89D00201C
:10846400847B0020C47B0020D0FA002000000000A0
:1084740000F1240C864A00F1440163462DE9F04FD3
:1084840083B0D3ED007AB2EC017A77EE877AE3EC2D
:10849400017A9942F5D1426C416D7E4B0132013132
:1084A400DC69416542647C495A6A846402651C6AD9
:1084B400C2690B68C4649A4219D3784B90ED167A5A
:1084C400D3ED057AF4EEC77A90ED177AF1EE10FA4F
:1084D40048BFC0ED167AD3ED067AF4EEC77AF1EE12
:1084E40010FA01D5C0ED177A03B0BDE8F08F0B6820
:1084F40050326B49C261A1FB0341CA094FF4FA61CE
:1085040001FB1232674B6849A2F57A72002AB8BFA0
:108514005242A3FB023291F85430D208002B40F0AF
:108524008480624BB3F800A0BAF1000F13D011029B
:1085340041EA02410A43D978052999684FEA12248D
:108544000A704FEA124299684C7099688A7000F276
:108554008381B3F800A0052504219FED555A032219
:10856400AB460F464FF0010EDFF84C914FF0000878
:10857400DFED505A9FED444B2CE0F2451AD927EE1B
:10858400057A93F803A0BAF1050FFCEEC77ACDED96
:10859400017A9DF804404FEA04244FEA142A9C68A7
:1085A40000F2348104F802809C6804F807A09C68F7
:1085B40004F80B8003320EF1010E03370BF1030BA9
:1085C4001B2A01F1040105F10405ECEC015A75D0F4
:1085D400B3F800A099F83C40002C42D0D0ED117AB9
:1085E400DCED006AF8EEE77A86EEA77AB7EEC76AA2
:1085F400B4EEC46BF1EE10FABFDCF245DAD927EE23
:10860400057ADC78052C9C68FCEEC77ACDED017AFE
:108614009DF804A000F2088104F802A09C6804F804
:1086240007809C6804F80B80C4E791F85510002972
:108634007FF477AF1D4BB3F800A0BAF1000F8AD0D6
:10864400DC7842EA0242052C9C6822704FEA12420E
:108654009C68617000F26E819968B3F800A08A701A
:1086640079E7F245A6D993F803A09E68BAF1050FFD
:1086740000F2E080B4549E68F4559E6806F80B40FE
:1086840098E700BFAFF300809A9999999999E93FC7
:1086940024F40020D0DF0020C4FA0020A8F1002038
:1086A400D34D6210CDCCCCCC58F20020A89D002034
:1086B4000000C842000000009CF30020B3EE0E5BF3
:1086C4004FF0000C1F8800F14806242509244FF0C0
:1086D400000EC0F844C0D0ED157AF6EC016AF8EE4D
:1086E400E77A46F804EC86EEA77AB7EEC77A27EE67
:1086F400057BFDEEC77B17EE901AFF2971DC11F1A3
:10870400FF0F80F2A5804FF47F01A74210D9DF78D4
:10871400052F9F6868D807F802C04FEA11289F68A0
:10872400090C174487F801809F681744B9701F88A3
:108734000134033204350C2CCDD19E4A0021127F22
:108744004165002A00F09B80B6EE007AD0ED167ADF
:10875400F4EEC77AF1EE10FA00F3B8809FED967A42
:10876400F4EEC77AF1EE10FA7AD50C2F0BD9DA7839
:108774002824052A9A6800F20A8182F8241082F8D3
:10878400251082F82640B6EE007AD0ED177A4FF025
:1087940080421988F4EEC77A8265F1EE10FA00F38C
:1087A400A4809FED857AF4EEC77AF1EE10FA7ED5B7
:1087B4000D290DD9DA7828219B68052A4FF000028B
:1087C40000F2DC8083F8272083F8282083F829101E
:1087D4004FF08043C365794803B0BDE8F04F0FF014
:1087E400F1BB4FF47F4190E707F805C04FEA112829
:1087F4009F68090C2F4487F801809F682F44B97043
:108804009968294481F803C01F8891E704F801801E
:108814009C6804F805A09C680C4484F802809C6859
:108824000C4484F80380C5E604F801A09C6804F8AD
:108834000580F0E774549E6874559E6806EB010A3F
:108844008AF802409E6806EB010A8AF80340B1E602
:10885400002929DB090258E700219A68D17078E6DB
:108864000C2F90D9DA781424052A9A6800F298809B
:1088740082F8241082F8254082F8264083E70C2FE2
:10888400A9D9D9789B68052940D80D2F83F82420CD
:1088940083F8252083F826209DD083F8272083F8A9
:1088A400282083F8292096E7494209042DE70D2959
:1088B4008ED9DA789B68052A55D81422002183F8CA
:1088C400282083F8292083F8271081E70C2F7FF6CE
:1088D4005AAFDA781424052A9A683BD882F824100F
:1088E40082F8254082F826104DE70D297FF670AFF7
:1088F400DA7814219B68052A4FF0000221D883F806
:10890400272083F8292083F8281061E70D2F83F8A6
:10891400302083F8312083F8322083F833203FF469
:108924005AAF83F8342083F8352083F8362083F84F
:10893400372050E79C68A2709A68D170B3F800A001
:1089440009E683F8342083F8362083F8351083F859
:1089540037203DE782F8301082F8314082F8321037
:1089640082F833100FE70021142283F8341083F8BF
:10897400371083F8352083F8362029E783F834202C
:1089840083F8352083F8361083F8372020E782F8FF
:10899400301082F8311082F8324082F83310F2E657
:1089A40082F8301082F8314082F8324082F8331075
:1089B400E9E600BFA8F10020B81E053EA89D0020EE
:1089C4001C48B0F800C0614533D21B02DDF800C07A
:1089D40012045FFA8CFC9BB202F47F0243EA0C039C
:1089E4001343C278052A0ED8826801EB41014FEA8D
:1089F400132C53541B0C82680A4482F801C0826809
:108A040011448B70704782684FEA132C02F82130AE
:108A14001B0C826802EB810282F801C04FF0000C4B
:108A2400826802EB81029370836803EB810383F80D
:108A340003C07047A89D00202DE9F047ADF5BD6D3A
:108A440012231B4A40F2DC5103A81A4C15F016FD00
:108A540003A817F095FA03AB40F2DC580546DFF89B
:108A640060A004F136091E1894F800C0A8EB0501B3
:108A740067785246A37830460334CDE9007C15F07C
:108A8400FDFC304617F07CFA03AB0544A14503EB2B
:108A94000506E9D1084AA8EB0501304615F0EEFCBD
:108AA40003A9064806F0DCFA0DF5BD6DBDE8F087B4
:108AB400647B0020C8EB0020FC4E0020D0FA00208C
:108AC400707B002001B17047FFF7B6BF38B50E4C7C
:108AD4000025204606F0D2F80C4B2946202204F14A
:108AE40024002360C4E90555C4E9075515F098FE30
:108AF40020466565064A0749C4E91155C4E913557A
:108B0400BDE8384013F0ECB8F8F1002008830020E9
:108B1400389100202D5B00002DE9F0410C460546FC
:108B240004229E4920462DED028B82B015F05EFF93
:108B3400002800F0A48005229949204615F056FF2C
:108B4400A0BB204617F01CFA13282FD9601D05F18D
:108B54003E0705F16008B7EE008B4E3501AE01907B
:108B640000E001980A22314615F098FAB7F912305C
:108B740002B2591C9342A8BF0AB2D31A27F8022F93
:108B8400BD4207EE903AB8EEE77B88EE076BB7EE8E
:108B9400C66BA8EC016AE4D18249834806F060FA06
:108BA400012002B0BDEC028BBDE8F08104227F49B4
:108BB400204615F01BFF002878D005227C4920466A
:108BC40015F014FF80BB204617F0DAF913282BD9CF
:108BD400601D05F1600705F13E04B7EE008B4E35CC
:108BE40001AE019000E001980A22314615F056FAD0
:108BF40034F9023F00B220EAE070984201D1013812
:108C040000B21B1AA542208207EE903AB8EEE77B29
:108C140088EE076BB7EEC66BA7EC016AE3D1654932
:108C2400614806F01DFA3BE004226349204615F032
:108C3400DDFE00284BD1B7EE005B05F13E0105F1E6
:108C440060045E484E35438A30F8022F9B1A31F98E
:108C5400022F1BB223EAE373934201D1013B1BB2FF
:108C6400D21AA9420B8207EE902AB8EEE77B85EE72
:108C7400076BB7EEC66BA4EC016AE4D110E0201DCB
:108C84000A2201A9019015F009FA031E019C18BFDC
:108C94000123204685F83C3017F072F902281CD8CD
:108CA400012002B0BDEC028BBDE8F08101460A222E
:108CB400201D15F0F3F903460120002B08BF0A23F9
:108CC400C5F8043102B0BDEC028BBDE8F081002090
:108CD40002B0BDEC028BBDE8F0810A2201A9204656
:108CE40015F0DCF9031E019C18BF012320462B75E7
:108CF40017F046F90228D3D90A2201A9204615F013
:108D0400CDF9031E019C18BF012320466B7517F093
:108D140037F90228C4D90A2201A9204615F0BEF960
:108D2400031E019C18BF01232046AB7517F028F9D8
:108D34000228B5D90A2201A9204615F0AFF9031E6D
:108D4400019C18BF0123204685F8013117F018F95A
:108D54000228A5D90A2201A9204615F09FF9031E6D
:108D6400019C18BF0123204685F8003117F008F94B
:108D7400022895D9204601A915F08CF8019C85EDAF
:108D84000D0A204617F0FCF8022889D901A92046CB
:108D940015F080F885ED0B0A82E700BFA0360020AD
:108DA400A8360020B0360020D0FA0020E03600209B
:108DB400E8360020F036002020370020CAE80020E2
:108DC40010B50D4C0D49204606F04AF90C492046D1
:108DD40006F046F90B49204606F042F90A492046B6
:108DE40006F03EF90949204606F03AF920460849BA
:108DF400BDE8104006F034B9D0FA00204037002016
:108E040058370020143800205838002094380020A7
:108E1400CC38002010B5054B04464068236018B1D7
:108E2400E168091A10F03EFB204610BD588200206C
:108E340038B5044622230125184684F83E302946D5
:108E440084F82C510FF07AFF294621200FF076FF89
:108E540094F83E30194A0020190102EB03135158CB
:108E6400DB68174A84F83C002046C1F8883015496D
:108E740006F028F82046144A144906F023F8204640
:108E8400134A144906F01EF82046134A134906F003
:108E940019F82046124A134906F014F82046124ADB
:108EA400124906F00FF820461149124A06F00AF852
:108EB40021461148BDE8384006F088BD748300207F
:108EC40094340020D8340020DC3400201C350020E9
:108ED400203500206035002064350020A0350020B6
:108EE400A4350020FC35002004360020483600203C
:108EF4009C3600204C360020D0FA002000000000F0
:108F04009FED577A00F1880200F1A801F0EE476A5C
:108F14001346F3EC017AF4EE477A76EEA76AF1EEA3
:108F240010FA37FE877A9942F3D1F4EE007A90ED85
:108F34000B3AD0ED0D3A01239FED494A66EEA76A3C
:108F4400B7EEE35AF0EE444AF4EEC36AC0ED0E6A9B
:108F54009FED412BF1EE10FAF4EEC73A35EE425B89
:108F6400ACBF19460021F1EE10FAB7EEC55B80F8EC
:108F7400281094BF1946002180F83010F2EC017AD1
:108F840077EEC57AF5EEC07AF1EE10FA07DD06EE5B
:108F9400103A74EEA74AB8EEC66AA6EE274A013321
:108FA400092BEBD1F5EEC04A0022F1EE10FA3DDDBB
:108FB40090F92130002B21DDC4EE247AB1EE026A4F
:108FC400F4EEC73AF1EE10FA77EEC67AC0ED097AFC
:108FD400C0ED067AC0ED077A34D8132B16DDF4EE13
:108FE400C36AF1EE10FA19DA90F82030013B5BB253
:108FF400002BB8BF002380F820307047F4EEC73A46
:1090040042628261C261F1EE10FA20D8F4EEC36AC2
:10901400013380F82130F1EE10FAE5DB90F92030CD
:10902400132B13DC013380F820307047F4EEC73A79
:1090340090F9213042628261F1EE10FAC261CCD91A
:10904400002B04DD013B80F82130C8E77047002382
:1090540080F82130C3E700BF9A9999999999B93F4B
:1090640000000000D0F80421D0F83431002A70B593
:109074000446BAB01BDD002B19DCD0F828319A4223
:109084001ADD00F58272284D00F59276B5F91200CA
:1090940035F902CF52F8041FA0EB0C0096420144AC
:1090A4001160F3D10133C4F828313AB070BD013BEB
:1090B400C4F834313AB070BDB7EE005B3E3004F50D
:1090C400827104F5927E002651F8042F92FBF3FC82
:1090D4000FFA8CF220F8022FB0F910500E60AA4259
:1090E40004D10CF1010C0FFA8CF20280521B714571
:1090F40007EE902AB8EEE77B85EE076BB7EEC66BFA
:1091040001ED2A6AE0D1094AE621684615F0B6F96C
:109114006946074805F0A4FF0023C4F82831C4F8C1
:1091240004313AB070BD00BFCAE8002060330020AB
:10913400D0FA00200346134A962193ED0B6A93ED6F
:109144000D7AB7EEC66AB7EEC77A10B5B0B08DED3A
:10915400086B8DED067B93F800410AA8049493F8FC
:10916400014103949C7D02945C7D01941C7D0094D8
:1091740093F83C3015F082F90AA9034805F070FF12
:1091840030B010BDC4330020D0FA00200346124A88
:10919400962193ED076A93ED067AB7EEC66AB7EEA9
:1091A400C77A10B5AEB093F920408DED026B8DED0A
:1091B400007B079408A893F82840069493F921406B
:1091C400059493F83030049315F058F908A903482E
:1091D40005F046FF2EB010BD38340020D0FA002030
:1091E4000346124A462110B5B3F94E409AB006948C
:1091F40008A8B3F94C400594B3F94A400494B3F970
:1092040048400394B3F946400294B3F944400194AE
:10921400B3F942400094B3F9403015F02FF908A98E
:10922400034805F01DFF1AB010BD00BF74340020C0
:10923400D0FA00200346124A462110B5B3F95E4025
:109244009AB0069408A8B3F95C400594B3F95A405F
:109254000494B3F958400394B3F956400294B3F913
:1092640054400194B3F952400094B3F9503015F0CE
:1092740005F908A9034805F0F3FE1AB010BD00BFB4
:1092840054340020D0FA002070B50446B4B000294C
:1092940070D0D0F8C83009AED0ED2A2AAA21012B0B
:1092A40090ED314AD0ED304AB8BF012390ED2F5AEA
:1092B400D0ED2E5A07EE903A90ED2D6AD0ED2C6A3F
:1092C400B8EEE77A90ED2B3ADFED4B7A3046079310
:1092D400C4EE073A494A84EE874AC5EE074A85EE4A
:1092E400875AC6EE075A86EE876AC3EE076A82EE8D
:1092F400873A63EEA73A24EE274A64EEA74A25EE9E
:10930400275A65EEA75A26EE276A26EEA77AFDEEBF
:10931400E33ABDEEC44AFDEEE44ABDEEC55ACDEDD6
:10932400063A63EE277A8DED054AFDEEE55ACDED5A
:10933400044ABDEEC66A8DED035ABDEEC77AFDEE52
:10934400E77ACDED025A8DED016A8DED007A17EEC4
:10935400903A15F093F82022002104F1A80015F0AA
:109364005FFA002331462648C4F8C83005F078FE79
:1093740034B070BDD0F8FC200D46D0F8DC3009AE16
:10938400012AB8BF01220792D0F8F81091FBF2F13C
:109394000691D0F8F41091FBF2F10591D0F8F01099
:1093A40091FBF2F10491D0F8EC1091FBF2F10391EE
:1093B400D0F8E81091FBF2F10291D0F8E41091FB9F
:1093C400F2F10191D0F8E010304691FBF2F193FBF9
:1093D400F2F30091AA210B4A15F050F820222946F5
:1093E40004F1DC00C4F8FC5015F01AFA31460448C4
:1093F40005F036FE34B070BD00007A44E833002036
:10940400D0FA00200C34002003461F4A782193ED43
:109414001F0A93ED1E1A93ED1D2AB7EEC00A93EDB1
:109424001C3AB7EEC11A93ED1B4AB7EEC22A93ED6C
:109434001A5AB7EEC33A93ED196AB7EEC44A93EDDC
:10944400187AB7EEC55AB7EEC66AB7EEC77A00B552
:10945400AFB08DED0E0B8DED0C1B8DED0A2B8DED4C
:10946400083B8DED064B8DED045B8DED026B8DEDB0
:10947400007B10A815F002F810A9044805F0F0FDCF
:109484002FB05DF804FB00BFA4330020D0FA002005
:10949400062915D8DFE801F006090B0D0F120400A8
:1094A400FFF774BE0021FFF7EFBEFFF799BEFFF789
:1094B400C1BEFFF7A9BF0121FFF7E6BEFFF73ABE21
:1094C4000149024805F0CCBD28370020D0FA00201D
:1094D4002DE9F041D0F8C8700446B7F5967F2DED1C
:1094E400048B00F3878001374B4BB7EE006BB0EE73
:1094F400003BA67DB7EE084BD3ED160AB0EE045B35
:10950400464D04F14E0104F1600200204FF0810C3D
:109514009FED3D1B9FED3E2B1CE02CFA00F3B7EEB4
:10952400E08AB0EE469BDB07B7EEC77A4CBFA8EEE5
:10953400059BA8EE049B87EE098BB7EEC87BD2EDA2
:10954400117A013082ED097A77EE877A0828C2ED24
:10955400117A49D06B8A35F8028FB1F97EE0A3EB1A
:109564000803F2EC017A0EFA83F3002BB8BF01333F
:109574005B10A1F87E3031F802EFA3EB0E031BB2AF
:1095840007EE103AB8EEC77A27EE277A002ED6D027
:10959400F5EEC00AF1EE10FABFDAB7EEE08AB0EEEB
:1095A400469B072817D8DFE800F00D041616161698
:1095B400040DA8EE029BB7EEC77A87EE098BB7EECF
:1095C400C87BBCE7A8EE039BB7EEC77A87EE098B8E
:1095D400B7EEC87BB3E7A8EE019BB7EEC77A87EE78
:1095E400098BB7EEC87BAAE7BDEC048BC4F8C8703E
:1095F400BDE8F08120220021A830012715F010F9E0
:1096040072E700BFAFF300809A9999999999F93F4D
:10961400CDCCCCCCCCCCFC3F4CEC0020CAE8002018
:10962400D0F8303170B5013390F83C500446C0F89E
:109634003031BDB390F83D30A3BB384B5B7D002B7C
:109644005ED0012194F83E000FF078FBD4F8FC6062
:10965400012394F83C50B6F57A7F84F82C3184F8D1
:109664003D502BDC04F1D8032D4804F1F80EB0F979
:10967400121030F902CF53F8042FA1EB0C019E45D0
:109684000A441A60F3D10136C4F8FC604DB3204695
:10969400FFF7E8FC2046FFF71BFF2046BDE87040BB
:1096A400FFF72EBC1D4B5B7D33B394F82C31002B9C
:1096B400C7D0D4F8FC60B6F57A7FD3DD184904F13D
:1096C400D80204F1F806B1F9123031F9020F1B1A6D
:1096D40042F8043F9642F6D10126C4F8FC60002DFE
:1096E400D5D1D4F80431002B05DD0122072384F8F9
:1096F4003C20C4F8343170BD94F82C31002BD8D000
:10970400002194F83E000FF019FB002394F83C501C
:1097140084F82C3184F83D50CBE700BF9CF3002043
:10972400CAE8002000000000037D90F83C1070B5EA
:10973400054682B00BB141F002016B7D0BB141F0E3
:109744000401AB7D0BB141F0080195F801310BB177
:1097540041F0100195F800310BB141F0200132487D
:10976400FCF75EF8F7EE007A95ED0B7AB4EEE77A43
:10977400F1EE10FA32DB2D4BA021EB62F7EE007A0A
:1097840095ED0D7AB4EEE77AF1EE10FA3ADB284B58
:109794006B63254805F13E04FCF742F895ED0D7A1C
:1097A400214E4E35B7EEC77A30469FED1B6B27EE40
:1097B400067BFDEEC77BCDED017A9DF80410FCF726
:1097C4002FF8618A3046FCF747F834F8021F304618
:1097D400FCF742F8A542F4D102B070BDB7EEC77AE7
:1097E4009FED0F6BB4EEC67BF1EE10FAC3D49FED80
:1097F4000A6B27EE067BFDEEC77BCDED017A9DF863
:109804000410BBE7B7EEC77A9FED056BB4EEC67BD9
:10981400F1EE10FABDD5BAE700000000000069407F
:10982400333333333333D33F00EC0020CDCC4C3FC0
:109834009A99593F2DE9F0413B4E07462DED028B95
:1098440030469FED3A8AFCF737F80346304603F07A
:10985400010287F83C20C3F340023A75C3F3800247
:109864007A75C3F3C002BA75C3F30012C3F340138D
:1098740087F8012187F80031FCF71EF807EE900AFB
:109884003046F8EE677A87EE887A87ED0B7AFCF734
:1098940013F807EE900A96F82030F8EE677A87EE10
:1098A400887A87ED0D7A7BBB07F13E0407F14E08F9
:1098B40025463046FCF714F8034630466B82FCF725
:1098C4000FF825F8020F4545F3D1B7EE005B07F119
:1098D400600234F9023FB4F910104445A3EB0103CC
:1098E40007EE903AB8EEE77B85EE076BB7EEC66BF2
:1098F400A2EC016AEDD10E4B93F83030092B0BD05A
:10990400BDEC028BBDE8F081736A20337362084BAF
:1099140093F83030092BF3D1222387F83E30BDEC85
:10992400028BBDE8F08100BF00EC0020000048433A
:109934006CF6002070B52E4C00254FF4807620463E
:1099440005F09CF92B4940F201120023216004F137
:1099540060002949A282E1622221284A6362A3634A
:109964004FF416736263202284F83E10294625645E
:10997400A575A4F8403084F8285084F8305084F851
:109984003D502565E564E565C4E91155C4E91555FF
:1099940014F046FF2946202204F1A800C4E920550A
:1099A40014F03EFF164B04F1CC0EC4F8C85003F17A
:1099B400100CC4F8FC50C4F80451C4F8285184F8BD
:1099C4002C510FCBC4E94C558EE80F0004F1DC0593
:1099D400BCE80F000FC59CE80F0085E80F00204687
:1099E400A4F80061074A0849BDE8704012F078B94C
:1099F4009CF30020C07F0020CDCC4C3F9A99593F66
:109A04005C1E0020389100201567000010B50D4C35
:109A14000D49204605F024FB0C49204605F020FBA7
:109A24000B49204605F01CFB0A49204605F018FBAB
:109A34000949204605F014FB20460849BDE81040BA
:109A440005F00EBBD0FA0020A8420020BC42002042
:109A5400F842002020430020504300208843002087
:109A640010B5054B04464068236018B1E168091A33
:109A74000FF018FD204610BD58820020836D10B5EC
:109A840004467BB120460A4A0A4905F01BFA2046DF
:109A940009490A4A05F016FA21460948BDE810406A
:109AA40005F094BF074812F0A5FDA065EAE700BFE2
:109AB400C841002038420020704200203C4200206F
:109AC400D0FA002090D0030003461E4A962110B518
:109AD40093F83840B6B00F9410A893F837400E941A
:109AE40093F82B400D9493F82A400C9493F8294052
:109AF4000B9493F828400A9493F82740099493F818
:109B04002640089493F82540079493F8244006943B
:109B140093F82340059493F82240049493F8214049
:109B2400039493F820400294DC7F01949C7F00947A
:109B34005B7F14F0A3FC10A9034805F091FA36B03A
:109B440010BD00BF64410020D0FA002011B10129EA
:109B540002D07047FFF7B8BF00B5D0E90512ABB02B
:109B640003460848DB6B0192029004A8064A009160
:109B7400962114F083FC04A9044805F071FA2BB073
:109B84005DF804FB90D00300183E0020D0FA0020BA
:109B9400002380F85430704790F8553003B1704773
:109BA400D0E90532F0B5934289B0044680F2D680FC
:109BB400D0F8B010866D01FB03F03518B5F1005FE5
:109BC400C0F0C2800133C04A0021636184F855109B
:109BD400D2E9020112F00EFB07EE900AD4ED2D6AD1
:109BE400B7EEE77AB4F8B8309FEDB55B27EE057BA6
:109BF400B7EEC77B37EE667A17EE102AEA50A37FDA
:109C0400002B40F07D81E37F002B40F0498194F8E4
:109C14002230002B40F0358194F82430002B40F0A2
:109C2400218194F82330002B40F00C8194F82530E6
:109C3400002B40F0F88094F82630002B40F0E680AA
:109C440094F82730002B40F0CD8094F82830002B76
:109C54005AD09E4BADF102029FED9D7A03F1200193
:109C6400F3EC017A67EE877A8B42FDEEE77A17EE22
:109C7400900A22F8020FF3D1964B9969DA6904919C
:109C8400198C986B0592ADF81C1093F83C20197D43
:109C940006908DF81E2019B142F002028DF81E20A4
:109CA40093F830202AB19DF81E2042F004028DF86A
:109CB4001E2093F828202AB19DF81E2042F00802A5
:109CC4008DF81E205A7D2AB19DF81E2042F0100204
:109CD4008DF81E209B7D002B49D163696D46D4F815
:109CE400B020B4F8D0C0013BA76D02FB03CC0FCD6C
:109CF40007EB0C0647F80C007160B260F3600FCDFF
:109D040030617161B261F36194F82930002B5AD14A
:109D140094F82A30002B49D194F82B3073BB94F873
:109D24003730FBB1626904F15C01D4F8B050B4F887
:109D3400EE30013AA06D05FB02335022184409B0FD
:109D4400BDE8F0400FF012BB01EB050CBCF1005F65
:109D54007FF638AF01339A42636105DC4FF48073B8
:109D6400A4F8543009B0F0BD084435182AE79DF82A
:109D74001E3043F020038DF81E30AEE76369D4F83B
:109D8400B020B4F8D6C0013BA76D02FB03CC524D02
:109D940007EB0C060FCD47F80C007160B260F3605E
:109DA4000FCD30617161B261F361B8E76269D4F8D3
:109DB400B000A36D013A494900FB0233B4F8D42042
:109DC40049699950A8E76269D4F8B010B4F8D23060
:109DD400013AA56D01FB0233414AEE1803CAE8506B
:109DE400716095E76369D4F8B020B4F8CE60013BA4
:109DF400D4F858C002FB03663A4D0CEB06070FCDAE
:109E04004CF806007960BA60FB601EE76269D4F81A
:109E1400B000A36D013A344900FB0233B4F8CC20FE
:109E2400896F99500CE76269D4F8B010B4F8CA305D
:109E3400013AA56D01FB02332C4AEE1803CAE8501F
:109E44007160F8E66369D4F8B020B4F8C650013BF9
:109E5400A76D02FB0355264B7E1907CB7851716021
:109E6400B260E3E66269D4F8B010B4F8C830013ADD
:109E7400A56D01FB02331F4AEE1803CAE850716056
:109E8400CFE66269D4F8B010B4F8C430013AA56DD5
:109E940001FB0233184AEE1803CAE8507160BBE6AE
:109EA4006369D4F8B020B4F8BE50013BA76D02FB3F
:109EB4000355124B7E1907CB78517160B260A6E648
:109EC4008DEDB5A0F7C6B03ED0E0002024F400200C
:109ED40000007A449CF30020E0F600206CF6002099
:109EE400DCF1002098EC00204CEC002090EC0020E9
:109EF400B0EA002080EC0020ECF40020ECDF00202D
:109F04006369D4F8B020B4F8BC50013BA76D02FBE0
:109F14000355034B7E1907CB78517160B26072E62A
:109F240008E00020002A844691ED007A184610B516
:109F340084B009DBB7EEC77A0F4A06998DED007B32
:109F440014F09CFA04B010BDDCF8AC30B7EEC77A5C
:109F54000A4C5A1CE16ACCF8AC2001F1260C084AE0
:109F64008DED007B54F82C40CDE90241069914F0A4
:109F740085FA04B010BD00BF9C4500206CF600209B
:109F840074450020002A91ED025A91ED016A91ED89
:109F9400007A10B5044688B0184611DBB7EEC55AEE
:109FA400164AB7EEC66A0A99B7EEC77A8DED045B16
:109FB4008DED026B8DED007B14F060FA08B010BDDE
:109FC400D4F8AC30B7EEC55AB7EEC66AB7EEC77A66
:109FD4009A1C591C01920091094A0A998DED065B5D
:109FE4008DED046B8DED027B14F048FAD4F8AC309F
:109FF4000333C4F8AC3008B010BD00BF00440020E7
:10A00400D4430020002A91ED025A91ED016A91EDAA
:10A01400007A10B5044688B0184611DBB7EEC55A6D
:10A02400164AB7EEC66A0A99B7EEC77A8DED045B95
:10A034008DED026B8DED007B14F020FA08B010BD9D
:10A04400D4F8AC30B7EEC55AB7EEC66AB7EEC77AE5
:10A054009A1C591C01920091094A0A998DED065BDC
:10A064008DED046B8DED027B14F008FAD4F8AC305E
:10A074000333C4F8AC3008B010BD00BF0445002061
:10A08400D4440020002A91ED025A91ED016A91ED29
:10A09400007A10B5044688B0184611DBB7EEC55AED
:10A0A400154AB7EEC66A0A99B7EEC77A8DED045B16
:10A0B4008DED026B8DED007B14F0E0F908B010BD5E
:10A0C400D4F8AC30B7EEC55AB7EEC66A0B4AB7EE51
:10A0D400C77A991C8DED065B00910A998DED046B8E
:10A0E4008DED027B14F0CAF9D4F8AC300333C4F814
:10A0F400AC3008B010BD00BFE43E0020A03E0020FC
:10A10400002A91ED016A91ED007A10B5044686B0FB
:10A1140018460DDBB7EEC66A114AB7EEC77A08993E
:10A124008DED026B8DED007B14F0A8F906B010BD27
:10A13400D4F8AC30B7EEC66AB7EEC77A094A591CF0
:10A144008DED046B009108998DED027B14F096F966
:10A15400D4F8AC300233C4F8AC3006B010BD00BF44
:10A16400744400203844002010B5002A84B004460A
:10A174008C461846069908DB0E4ADCE9003406943E
:10A1840004B0BDE8104014F079B9DCF80420D4F828
:10A19400AC300292DCF8002001925A1C0092064A6C
:10A1A40014F06CF9D4F8AC300233C4F8AC3004B019
:10A1B40010BD00BF943E00200C440020002A91ED05
:10A1C400016A91ED007A10B5044686B018460DDB9D
:10A1D400B7EEC66A114AB7EEC77A08998DED026BDD
:10A1E4008DED007B14F04AF906B010BDD4F8AC3004
:10A1F400B7EEC66AB7EEC77A094A591C8DED046BEF
:10A20400009108998DED027B14F038F9D4F8AC3044
:10A214000233C4F8AC3006B010BD00BF2C3F0020A0
:10A22400F43E0020002A91ED034A91ED025A91ED8B
:10A23400016A91ED007A10B504468CB0184615DB1E
:10A24400B7EEC44A1B4AB7EEC55A0E99B7EEC66AB2
:10A25400B7EEC77A8DED064B8DED045B8DED026B89
:10A264008DED007B14F00AF90CB010BDD4F8AC30BD
:10A27400B7EEC44AB7EEC55ADA1CB7EEC66AB7EEF3
:10A28400C77A991C02925A1C8DED0A4BCDE9002124
:10A294008DED085B084A0E998DED066B8DED047B00
:10A2A40014F0ECF8D4F8AC300433C4F8AC300CB08F
:10A2B40010BD00BF5C45002014450020002A30B5C5
:10A2C400044687B0184628DBCB6840F6B83CD1E991
:10A2D40001426345C8BF4FF0FF336445C8BF4FF028
:10A2E400FF346245C8BF4FF0FF32029301920094DD
:10A2F4000C690B686445C8BF4FF0FF340E4A0394E1
:10A304008C694D696445C8BF4FF0FF340A990495C0
:10A31400059414F0B3F807B030BDD4F8AC30074A54
:10A324009D1D0A99009514F0A9F8D4F8AC300733B0
:10A33400C4F8AC3007B030BD803E00202C3E002075
:10A344002DE9F043002A83B00D461C460A9F19DB11
:10A354000026DFF89C9001F15008B5EC017AB91B96
:10A364004A462046B7EEC77A8DED007B14F086F896
:10A37400204615F005FE454506440444EDD103B0DE
:10A38400BDE8F083D0F8AC300646174A394603F1ED
:10A39400130005F15008DFF858900090204614F09F
:10A3A4006DF8D6F8AC3020461433C6F8AC3015F04E
:10A3B400E7FD0646B5EC017A0444B91B4A46B7EEFC
:10A3C400C77A20468DED007B14F058F8204615F02E
:10A3D400D7FDA8450644EDD1044AB91B204403B077
:10A3E400BDE8F04314F04AB8F83D0020FC4E0020CC
:10A3F400143E0020002AB1F91EC030B5044697B0BF
:10A40400184644DB91F91D3091ED045A91ED066A2A
:10A4140091ED057AB7EEC55A91F91C20B7EEC66ADC
:10A424001593CCF30013B7EEC77A149210930CF083
:10A434000102CCF340030F920E931D4A8DED005B95
:10A444008DED126B8DED027BB1F90E300D93B1F9E8
:10A454000C300C93B1F90A300B93B1F908300A931C
:10A46400B1F906300993B1F904300893B1F9023017
:10A47400B1F90040CCF3C0010793CCF38003CDE9DC
:10A4840005141A99049313F0F9FF17B030BDD4F8EA
:10A49400AC30084A03F112051A99009513F0EEFF47
:10A4A400D4F8AC301333C4F8AC3017B030BD00BFAF
:10A4B400D04000202040002091ED006AF7EE005AC1
:10A4C40091ED017AB7EE085A3749B8EE466AB8EE0C
:10A4D400477AD1ED116A91ED0F4AD1ED127AD6EE99
:10A4E400046AD1ED104AD7EE247A30B585EEA67A07
:10A4F400044687B0184685EEA76AB4EEC57AF1EE35
:10A5040010FA2CDCB7EEC77AF7EE086AB7EE085BF0
:10A514009FED234BB4EE447BF1EE10FAB4EEE66A01
:10A5240048BFB0EE457BF1EE10FA21DCB7EEC66A07
:10A53400B7EE085B9FED1A4BB4EE446BF1EE10FAE4
:10A5440048BFB0EE456B002A16DB184A0A998DED18
:10A55400026B8DED007B13F091FF07B030BDF7EE79
:10A56400086AB7EE087BB4EEE66AF1EE10FADDDDB8
:10A57400002AB7EE086BE8DAD4F8AC300C4A5D1C5C
:10A584000A9900958DED046B8DED027B13F076FF37
:10A59400D4F8AC300233C4F8AC3007B030BD00BFDF
:10A5A4009A9999999999A93FA8F1002014400020FB
:10A5B400E83F0020836C30B5044683B023B1626C5D
:10A5C4009A4214D803B030BD34221249124804F020
:10A5D400FFFC31221149104804F0FAFC1F221049F3
:10A5E4000D4804F0F5FCA36C626C9A42EAD9A16DA3
:10A5F40019440846019115F0C3FC01990546024629
:10A60400054804F0E5FCA36C01332B44A36403B0B8
:10A6140030BD00BF5C3F0020D0FA0020943F0020F2
:10A62400C83F002030B501220024014600F1B803E0
:10A6340000F1380E174D80F84140C0F8B04001F8E1
:10A644001C2F92B193F83B204FF0010CD0F8B0408E
:10A65400493A1C80D2B2222A98BF15F902C093F855
:10A664003A200CFB0244C0F8B040714503F10203E8
:10A6740002D011F8012FE4E7836D23B1064BD0F823
:10A68400B02093FBF2F30022C0E9052380F85520A3
:10A6940030BD00BF4C26002090D0030010B501232C
:10A6A40082B00446481D0A2201A92377019013F0C1
:10A6B400F5FC003801A94FF00A0218BF01206077A9
:10A6C400019813F0EBFC003801A94FF00A0218BFFF
:10A6D4000120A077019813F0E1FC003801A94FF0A4
:10A6E4000A0218BF0120E077019813F0D7FC003864
:10A6F40001A94FF00A0218BF012084F82000019834
:10A7040013F0CCFC003801A94FF00A0218BF012055
:10A7140084F82100019813F0C1FC003801A94FF01E
:10A724000A0218BF012084F82200019813F0B6FC35
:10A73400003801A94FF00A0218BF012084F8230051
:10A74400019813F0ABFC003801A94FF00A0218BFBE
:10A75400012084F82400019813F0A0FC003801A91A
:10A764004FF00A0218BF012084F82500019813F065
:10A7740095FC003801A94FF00A0218BF012084F8A3
:10A784002600019813F08AFC003801A94FF00A0250
:10A7940018BF012084F82700019813F07FFC0038CB
:10A7A40001A94FF00A0218BF012084F8280001987B
:10A7B40013F074FC003801A94FF00A0218BF0120FD
:10A7C40084F82900019813F069FC003801A94FF0BE
:10A7D4000A0218BF012084F82A00019813F05EFCD5
:10A7E400003801A94FF00A0218BF012084F82B0099
:10A7F400019813F053FC031E4FF00A0201A918BF7D
:10A804000123019884F8373013F048FC00232046D4
:10A814006377238484F83830FFF704FF02B010BD57
:10A82400002938B50446154604DC4DB9012384F8E3
:10A83400543038BD1048E163FAF758FC002DF5D0C8
:10A844002046FFF7EFFE0D4BD3E9020111F0D2FCD5
:10A8540007EE900A0123B7EEE77A84F854309FEDAF
:10A86400046B27EE067BB7EEC77B84ED2D7A38BDEB
:10A874008DEDB5A0F7C6B03E9CEA0020D0E00020E4
:10A8840038B50C46054605224F49204614F0AEF86B
:10A89400002845D006224D49204614F0A7F8F0B10F
:10A8A40005224B49204614F0A1F8002858D006226E
:10A8B4004849204614F09AF8C0B323786C2B4DD144
:10A8C40063786F2B4AD1A378673B47D16A69002A22
:10A8D40066DD0122AB64104685F8402038BD014690
:10A8E4000A22A01D13F0DAFB0028E86332DC2846B4
:10A8F400FFF798FE384BD3E9020111F07BFC07EE19
:10A90400900A0123B7EEE77A184685F854309FED94
:10A914002C6B27EE067BB7EEC77B85ED2D7A38BD11
:10A9240028462146FFF7BAFE012038BDA379063434
:10A93400A3F13002092A06D933B314F8013FA3F175
:10A944003002092AF8D8302B1ED10123184685F885
:10A954004C3038BD2148FAF7C9FBC8E7002038BDA0
:10A9640001460A22601D13F099FB4FF47A710346E5
:10A97400194A1A4801FB03F31268B3FBF2F3EB63C1
:10A98400FAF7B4FB012038BDAB6D8BB10023012273
:10A994006B64104685F8412085F84C306B6138BDF6
:10A9A4000F488369002B05DD01F0D8FF012038BD75
:10A9B400012038BD0B490C4804F052FB012038BD7E
:10A9C4008DEDB5A0F7C6B03E744200207C42002055
:10A9D400844200208C420020D0E000209CEA002029
:10A9E40030F5002094420020D0FA0020000000003E
:10A9F4002DE9F04190F84C5082B0002D3AD190F8F6
:10AA040041300446B3B308460E4615F0B9FA626CF9
:10AA14002149074602F1200303448B422DD81F49E4
:10AA2400A36DD1E9020103EB020811F0E3FB07EE89
:10AA3400900A1B4A20214046B7EEE77A9FED146B3B
:10AA440027EE067BB7EEC77BB7EEC77A8DED007BAA
:10AA540013F014FD88F82050404615F091FA314661
:10AA640005467A1C404414F007F8636C3D440133F6
:10AA74002B44636402B0BDE8F081012309490A480C
:10AA840084F84C3002B0BDE8F04104F0E9BA00BFEC
:10AA94008DEDB5A0F7C6B03E8FD00300D0E0002006
:10AAA4008044002088440020D0FA00202DE9F04F93
:10AAB400B1F10009ADF2E47D804640F32181D0F884
:10AAC400B020836D02FB093A08F11B06012400251E
:10AAD400DFF890B203AF631E16F8012FDBB2C2B1E8
:10AAE4001B2B0FD8DFE803F0E00ED4C80E0EBCB069
:10AAF400A49885796D614D410E0E0E0E0E0E0E0E4C
:10AB04000E0E0E1A9449584604F0AAFAB9F1FF3F02
:10AB140019D01D2C20D00134E4B2DCE7B8F8EE10D3
:10AB2400C5F5FA634A464046009351443B46FFF755
:10AB340007FC384615F024FA03AB0544B9F1FF3F8E
:10AB440003EB0507E7D198F84030002B40F0B880BC
:10AB54001D2C1D4603AFDED1B9F1000F80F2BC807D
:10AB640048460DF2E47DBDE8F08FB8F8D610C5F57F
:10AB7400FA634A464046009351443B46FFF79EFB26
:10AB8400D7E7B8F8D430B9F1000FC5F5FA615344EA
:10AB940093ED007AB7EEC77A8DED007BC0F2C280E8
:10ABA4006E4A384613F06AFCC3E7B8F8D210C5F50C
:10ABB400FA634A464046009351443B46FFF77CFC07
:10ABC400B7E7B8F8D010C5F5FA634A464046009393
:10ABD40051443B46FFF70EFCABE7B8F8CE10C5F581
:10ABE400FA634A464046009351443B46FFF71AFB3A
:10ABF4009FE7B8F8CC30B9F1000FC5F5FA615344BA
:10AC040093ED007AB7EEC77A8DED007B7EDB544A74
:10AC1400384613F033FC8CE7B8F8CA10C5F5FA636C
:10AC24004A464046009351443B46FFF769FA80E7A1
:10AC3400B8F8C810C5F5FA634A4640460093514433
:10AC44003B46FFF791FA74E7B8F8C610C5F5FA6306
:10AC54004A464046009351443B46FFF713FA68E7DF
:10AC6400B8F8C410C5F5FA634A4640460093514407
:10AC74003B46FFF7A3FA5CE7B8F8BE10C5F5FA63E4
:10AC84004A464046009351443B46FFF7BBF950E720
:10AC9400B8F8BC10C5F5FA634A46404600935144DF
:10ACA4003B46FFF76FF944E7B8F8B810C5F5FA6307
:10ACB4004A464046009351443B46FFF733F938E790
:10ACC400002303AA584603AF535511461D4604F00A
:10ACD400C7F988F82C011CE70D23002403A9214897
:10ACE4003B700A23BC707B7004F0BAF988F82C011D
:10ACF40018B31D4B48461C600DF2E47DBDE8F08F8F
:10AD04000123D0F858A0C0F8AC30DDE6D8F8AC3058
:10AD14003846164A13F0B2FBD8F8AC300133C8F801
:10AD2400AC3006E7D8F8AC303846114A03F1010CD0
:10AD3400C8F8ACC013F0A2FBFBE60B4A09F1FF39DB
:10AD44000C49136807480133136004F089F9484635
:10AD54000DF2E47DBDE8F08F10410020CC440020CA
:10AD64009C450020D0FA0020CCFA0020383F002077
:10AD7400A444002050410020334BC16B1A68D0F822
:10AD84003431D31A8B4270B50446C0F830210ED347
:10AD9400D0F8383190F854100133C0F83421C0F899
:10ADA400383121B190F855300BB9FEF7F5FE94F81F
:10ADB400403003B970BD254D40F6FF71244E95F81F
:10ADC4003030092B14BF062000200EF0ADFC73694F
:10ADD400002B0DDC94F841607EB32046FFF7EAFBBC
:10ADE400D4E911329A4215D3002384F8403011E09B
:10ADF400D4F83C113046FFF759FE7369013098428C
:10AE0400C4F83C0106DB00224FF0FF3384F84020F5
:10AE1400C4F83C3195F830300021092B14BF0620CA
:10AE240008460EF081FC94F84030002BC2D1094949
:10AE34000948BDE8704004F013B90849064804F015
:10AE44000FF984F84060E5E7C4FA00206CF60020AE
:10AE540058F20020BC410020D0FA0020A04100207C
:10AE640030B446F2016401221B490023A0F8F240E9
:10AE740046F20264C26180F82720A0F8FE4004F183
:10AE8400CC44164A04F58034C0F8F410C0F800210C
:10AE94004FF00111124A81621249134D80F82D308E
:10AEA400C0F8F850C3850363838680F8363080F891
:10AEB4003830C0E941420D4A04F54034C0E9431238
:10AEC40012344FF480314FF48072C0F8284101628B
:10AED400828430BC704700BF046A03660366024B79
:10AEE4000466164A024B016603660366074B036B4E
:10AEF4006FF01A0C002100F11B03ACEB000C70B5D1
:10AF04000125064600F1380E0CEB030213F8014F3D
:10AF140005FA02F204B111447345F5D10448FAF775
:10AF240063FCF16B0248BDE87040FAF75DBC00BFFA
:10AF340000EC002038B51B4BDB6A013B952B04D990
:10AF44001948436A0833436238BD0546164890F8E9
:10AF54002040002CF5D1FAF79BFC234605F11B0297
:10AF640004464FF0010C0CFA03F10133214214BFE3
:10AF7400012100211D2B02F8011FF4D100230A48EE
:10AF84002B636B772B8485F83830EB62C5F833304C
:10AF9400FAF77EFC03460548EB63BDE83840FAF750
:10AFA400A5B800BF6CF6002000EC00209CEA00204D
:10AFB40010B5114C204603F061FE10490023012214
:10AFC400002021604FF0FF31E263C4F8B400204652
:10AFD400C4F83C1184F8413084F84C30A365C4F8BB
:10AFE4003431C4F840310649C4E92B32054ABDE87E
:10AFF400104010F075BE00BF58F20020B081002050
:10B00400617300003891002030B5294DD1B0044659
:10B014002849284604F024F85222274905A80EF0AE
:10B02400A5F905A9284604F01BF84622234905A8DA
:10B034000EF09CF905A9284604F012F8636A204A28
:10B044004FF4967105A813F019FA05A9284604F0DF
:10B0540007F894ED167AD4ED157A4FF49671B8EE9C
:10B06400C77AD4ED146AF8EEE77A164A05A887EE93
:10B07400266A87EEA67A9FED0C5BB7EEC66A26EECB
:10B08400056BB7EEC77A27EE057B8DED026B8DED70
:10B09400007B13F0F3F905A9284603F0E1FF51B052
:10B0A40030BD00BFAFF30080000000000000594035
:10B0B400D0FA00206C57002080570020D45700207D
:10B0C4001C5800205858002010B5054B0446406811
:10B0D400236018B1E168091A0EF0E4F9204610BDA6
:10B0E4005882002038B5044601250C200EF072FC6D
:10B0F4000320294684F82C500DF020FE2946052013
:10B104000DF01CFE294602200DF018FE29460420ED
:10B114000DF014FE4FF400614FF4843294F82030A3
:10B12400618625876263002B52D0474B1022C3F8F7
:10B1340084204FF4006103200EF0F6FA94F82130D5
:10B14400002B5BD0404B4022C3F88420B4F9341068
:10B1540005200EF0E9FA3D4B93F83030082B69D006
:10B16400636A3B4A934242DD4FF6E8539FED390A46
:10B17400636203200EF03EFBD4ED097A0520B8EE9D
:10B18400E70A0EF037FB4FF400604FF484310122DC
:10B1940094F820306086616322871BB32A4B102207
:10B1A400C3F884204FF4006103200EF0BDFA94F834
:10B1B400213093B1244B4022C3F88420B4F93410D5
:10B1C40005200EF0B1FAE36C13B30133E36438BD28
:10B1D4001D4B1022C3F88820ABE71B4B4022C3F859
:10B1E4008820EBE7184B1022C3F88820DAE7632B9A
:10B1F40009DC64239FED180A6362BAE7124B40220C
:10B20400C3F88820A2E707EE903AB8EEE70AB0E761
:10B21400124A2046124903F055FE124A20461249AA
:10B2240003F050FE2146114804F0D0FBE36C0133D7
:10B23400E36438BD012120200DF080FD0C4B4FF458
:10B244008052C3F888208BE700C000426CF60020CF
:10B25400F049020000E87D470000C8423C56002047
:10B26400885600208C560020C8560020D0FA0020B2
:10B274000040004290F82C3010B4002B46D0F9B9AD
:10B28400F2B9284B0024202180F8212080F82040A6
:10B294001024C3F888100121C3F8884041876ABB91
:10B2A4004FF480744022C3F88840C3F88820818713
:10B2B4001D4B4FF480525DF8044BC3F8882070474F
:10B2C40090F820305BBB90F8213013B94FF48073B1
:10B2D40083850029D5D000238362012380F82120AF
:10B2E40080F8203052B90F4A4FF48074C2F8884075
:10B2F4004024C2F8884083870029D9D00A4B4FF4F0
:10B3040080525DF8044BC3F8842070470029B8D0FC
:10B3140090F82030002BE0D100238362DDE7002980
:10B32400DBD1AEE700C00042004000420029B4BFB8
:10B334004B1C0B46002A6FEA01014FEA63034FEAF4
:10B34400D17103F5006310B504461046B8BF501C14
:10B35400D2431BB2E186401094F82010D20F6386CA
:10B3640000F500602287A086164AA1B110210320AF
:10B37400C2F8841019460EF0D7F994F82130ABB115
:10B38400104B4022B4F934100520C3F88420BDE8E2
:10B3940010400EF0C9B910210320C2F888101946D4
:10B3A4000EF0C2F994F82130002BE9D1054B40226C
:10B3B400B4F934100520C3F88820BDE810400EF01D
:10B3C400B3B900BF00C0004238B54F4BB1EE047AA8
:10B3D4000446D3ED057AF4EEC77A2DED028BF1EE37
:10B3E40010FA63D4B7EE007A77EEC77AA36A94EDC5
:10B3F400147AB3F5FA7F87EE278A03DD94F82030B8
:10B40400002B5CD1D4ED067A9FED3B5BB7EEE76A87
:10B41400B4EEC56BF1EE10FA3CDD9FED3C7A37EEED
:10B42400877AD4ED077A9FED345BB7EEE76AB4EE22
:10B43400C56BF1EE10FA1FDDDFED346A77EEA67A04
:10B44400F1EE677A94F830300BB1B1EE488A68EEC9
:10B45400277A204628EE078AFDEEE77ABDEEC88AF1
:10B4640017EE903A1AB218EE103ABDEC028B19B2EC
:10B47400BDE83840FFF75ABF9FED215BB4EEC56BC2
:10B48400F1EE10FA18D5DFED216A77EEE67AF1EEE7
:10B49400677AD7E79FED1A5BB4EEC56BF1EE10FA4D
:10B4A40007D59FED1A7A37EEC77ABAE7DFED187A37
:10B4B4009CE79FED187AB4E7DFED177AC2E7174BE4
:10B4C40000202021012220841020C3F888104FF48A
:10B4D4008071C3F888006287C3F888104021104D3A
:10B4E400C3F888104FF48053A2870E49C5F88830FA
:10B4F4000D4803F0B5FD85E7FCA9F1D24D62503F3C
:10B50400FCA9F1D24D6250BF6CF60020CDCCCC3EEC
:10B514009A992141000000000000008000C0004210
:10B524000040004200560020D0FA00200000000035
:10B5340070B50C4605460422934920462DED028B36
:10B54400B8B013F053FA00284BD004228F49204698
:10B5540013F04CFA064698B107228D49204613F0A1
:10B5640045FA002869D009228A49204613F03EFA98
:10B57400002800F08280002038B0BDEC028B70BD42
:10B58400201D06A9069012F085FCB0EE408A06A99B
:10B59400069812F07FFC85ED070AB0EEC87A85EDB7
:10B5A400068A9FED756BB7EEC77AB4EEC67BF1EEF3
:10B5B40010FA09D5B0EEC00AB7EEC00AB4EEC60B55
:10B5C400F1EE10FA00F1B48095F82C3003B395F83D
:10B5D400203013BB95F82130EBB94FF48073AB8561
:10B5E40019E004340A2206A92046069412F056FDF6
:10B5F4000346069A0120003B18BF0123A24208BF5C
:10B6040043F0010385F8303038B0BDEC028B70BDD7
:10B6140095F820300BB90023AB6240F201115E4B68
:10B624004FF480522984C3F884202846FFF7CCFEC7
:10B63400012038B0BDEC028B70BD01460A22E01D2A
:10B6440012F02CFD554B98426DDC64280346B8BFBC
:10B65400642307EE903AB8EEE70A6B6203200EF01B
:10B66400C9F895ED090A0520B8EEC00A0EF0C2F833
:10B67400012038B0BDEC028B70BD093404A920460A
:10B6840012F008FC05A90498B0EE408A12F002FCFE
:10B69400049BF0EE406AA34266D0B7EEC88AD5EDAB
:10B6A400145A9FED374B88EE047BB7EEE54A27EE3C
:10B6B400047BBDEEC77B85ED157A059A934250D085
:10B6C400B7EEE60AB7EEE54A9FED2D3B80EE036B3D
:10B6D40026EE046BBDEEC66B85ED166AB8EEC66A3F
:10B6E4002F4AB8EEC77AC82106A8C6EE256AC7EE67
:10B6F400257A9FED234BB7EEE66A26EE046BB7EE90
:10B70400E77A27EE047B8DED026B8DED007B12F062
:10B71400B5FE06A9234803F0A3FC2349214803F0FE
:10B724009FFC012028E79FED210A4FF6E85394E798
:10B734001F4B202010212E840122C3F88800C3F857
:10B7440088104FF4807040216A87C3F88800C3F8DA
:10B754008810A3F500434FF48051AA87C3F88810DA
:10B7640063E795ED166AB9E7D5ED145A95ED157AA8
:10B77400A3E700BFAFF300807B14AE47E17A843FB8
:10B784000000000000005940D0560020D856002088
:10B79400E0560020E856002000400042F049020034
:10B7A400F4560020D0FA00202857002000E87D47F6
:10B7B40000C000420000000000B513A3D3E9002339
:10B7C400B1B09621CDE90623CDE9042390ED076AB3
:10B7D40090ED067AB7EEC66A90F83030B7EEC77AC5
:10B7E400074A08930AA88DED026B8DED007B12F0D9
:10B7F40045FE0AA9034803F033FC31B05DF804FBAD
:10B80400E0550020D0FA00209A9999999999B93F66
:10B814000346104A962110B593F82F40ACB0059416
:10B8240006A893F82E4004945C6A0394B3F9344058
:10B834000294B3F938400194B3F932400094B3F957
:10B84400363012F01BFE06A9034803F009FC2CB0A5
:10B8540010BD00BFC0550020D0FA002021B101293D
:10B8640000D07047FFF7D4BFFFF7A6BF0000000069
:10B8740090ED067A836CB0EEC77A01339FED2C6BA2
:10B88400B7EEC77A10B5B4EEC67B04468364F1EE16
:10B8940010FA0AD890ED077AB0EEC77AB7EEC77AF5
:10B8A400B4EEC67BF1EE10FA0BD92046FFF78CFDFF
:10B8B40094F8202094F8213084F82E2084F82F3036
:10B8C40010BD1F4B93ED287AB0EEC77A9FED1A6B2B
:10B8D400B7EEC77AB4EEC67BF1EE10FAE5D593ED78
:10B8E400297AB0EEC77AB7EEC77AB4EEC67BF1EE2A
:10B8F40010FADAD5134A0023202001212384C2F848
:10B9040088001020C2F888004FF480706187C2F864
:10B9140088004020C2F88800A2F500424FF480500D
:10B92400A187C2F888001A46C6E700BFAFF30080BB
:10B934007B14AE47E17A843F9A9999999999B93FD2
:10B944004CEC002000C0004210B50446084894F8AE
:10B954003010F9F781FF636A064AD917044882FB5D
:10B964000323C1EBA311BDE8104089B2F9F774BFFA
:10B9740000EC0020D34D621038B50F4C94F8203001
:10B984001BB1636A0433636238BD05462046F9F788
:10B99400A7FF0346204603F0010385F83030F9F78A
:10B9A4009FFF4FF47A720346284602FB03F36B624F
:10B9B400BDE83840FFF796BB00EC00200000000013
:10B9C400D0ED057AB0EE607AF4EEC07AF1EE10FABA
:10B9D4002DD4F1EE676AF4EEC06AF1EE10FA76FE49
:10B9E400806AF4EEC77AC0ED066AF1EE10FA07D465
:10B9F400F1EE677AF4EEC77AF1EE10FA77FE877A01
:10BA0400B0EEC00AC0ED077A9FED196BB7EEC00A1D
:10BA1400B4EEC60BF1EE10FA08DDB0EEC77AB7EE5D
:10BA2400C77AB4EEC67BF1EE10FA03DC7047F0EE91
:10BA3400676AD6E790F82C304BB190F820305BB9A8
:10BA440090F8213033B94FF48073838502E090F885
:10BA540020300BB90023836240F20111064B4FF4EE
:10BA640080520184C3F88420704700BFAFF3008084
:10BA74007B14AE47E17A843F0040004210B40021B9
:10BA840000240E4B01228161C16120210484102411
:10BA9400C3F888104FF48071C3F88840402442876B
:10BAA400C3F88810C3F888404FF480530449828750
:10BAB4005DF8044BC1F88830704700BF00C00042F5
:10BAC4000040004210B50F4C204603F0D7F80E4A50
:10BAD4000E4800230E4920604FF08B40626140F213
:10BAE40001126162E28520652046238484F83030A7
:10BAF4006365A365074A0849C4E91233BDE81040E9
:10BB040010F0EEB8D4F400200000204100820020A0
:10BB1400A009010038910020C989000010B50D4C1E
:10BB2400CCB00D49204603F09BFA53220B4901A8DF
:10BB34000DF01CFC01A9204603F092FA6122084989
:10BB440001A80DF013FC01A9204603F089FA4CB0BA
:10BB540010BD00BFD0FA00206C31002084310020D9
:10BB6400D83100200000000030B50C4685B00546F1
:10BB740007224D49204612F039FF002840D0072201
:10BB84004A49204612F032FF10B1002005B030BD02
:10BB9400F6EE007A95ED197AB4EEE77AF1EE10FA42
:10BBA40001D5434B6B6695ED1A7A9FED3D6BB7EE6D
:10BBB400C77AB4EEC67BF1EE10FA59D403A9E01D9E
:10BBC4000A220191039012F069FA019900285ED0CB
:10BBD400012850D1374B00222875AA61EB660A224E
:10BBE400039812F05BFA00284EDB012856DD01238E
:10BBF400AB623149314803F033FA012005B030BD5E
:10BC0400E01D03A90390019112F044F901990398EE
:10BC140085ED190A12F03EF9F6EE007A95ED197ADF
:10BC24000199B4EEE77AF1EE10FA01D5204B6B6678
:10BC3400B7EEC05A0A22F1EE087A03989FED186B0A
:10BC4400B4EE465BF1EE10FA48BFB0EE670A85ED3C
:10BC54001A0A12F023FA034640F65B620120C3EB92
:10BC6400C3019142C8BF4FF40373EB6505B030BD07
:10BC7400134BAB66A2E701230A22039885F84030F0
:10BC840012F00CFA0028B0DA0023AB62B1E74FF0EF
:10BC94007E530122A8612A75EB66A0E7A862A8E793
:10BCA400333333333333E33F143100201C3100206A
:10BCB40000004040000080BF24310020D0FA002062
:10BCC4000000C04010B5054B04464068236018B11D
:10BCD400E168091A0DF0E6FB204610BD58820020E9
:10BCE4002DE9F0430026B7B0DFF88C900546DFF865
:10BCF4008C8000F1C80400F1400717F8011F2346A7
:10BD0400043495ED1B6A0E914A4694ED137AB7EE0E
:10BD1400C66A93ED004A9621B7EEC77A93ED085AA6
:10BD2400B7EEC44A3346B7EEC55A10A88DED0C7B66
:10BD340094ED0F7AB7EEC77A8DED0A7B94ED0B7A0A
:10BD4400B7EEC77A8DED087B94ED037AB7EEC77A28
:10BD54008DED044B8DED025B8DED006B8DED067B5F
:10BD640012F08CFB10A9404603F07AF916B137B0F3
:10BD7400BDE8F0830126C0E7E02F0020D0FA0020C0
:10BD840011B1012902D07047FFF7AABF90ED1B7AC9
:10BD94009621D0ED197A90ED1A6AC36D27EE066AE2
:10BDA4000B4A27EE277AB7EEC66AB7EEC77A00B514
:10BDB400ADB0049306A88DED026B8DED007B12F0FF
:10BDC4005DFB06A9034803F04BF92DB05DF804FBB5
:10BDD40058310020D0FA002070B505461D4895F86A
:10BDE400423006462A7F05F1C8045B0095F84110ED
:10BDF400D03543EA02131943F9F72EFD35F8741CC4
:10BE04003046F9F729FD55F86C1C3046F9F7ECFC7F
:10BE140055F8681C3046F9F7E7FC54F8041B304623
:10BE2400F9F7E2FC3046E168F9F7DEFCE1693046F7
:10BE3400F9F7DAFCE16A3046F9F7D6FCE16B3046F3
:10BE4400F9F7D2FCE16C3046F9F7CEFCA542E4D117
:10BE540070BD00BF00EC0020F8B5474D95F82030C8
:10BE64001BB16B6A6C336B62F8BD04462846F9F764
:10BE740037FD0346284603F0010284F84120C3F34A
:10BE84004002C3F3001384F842202377F9F728FD16
:10BE940003462846E365F9F7FBFC03462846636638
:10BEA400F9F7F6FCE36D40F2A46207EE900AA3F5FD
:10BEB4009673A066934202D94FF47A73E365F6EE63
:10BEC400006A94ED197AB4EEE67AF1EE10FA34D5FC
:10BED4002A4B6366B7EEE76A9FED255BB4EEC56B4C
:10BEE400F1EE10FA2FD4F4EE677AF1EE10FA2AD6B6
:10BEF40004F1C80504F1D0071F4E3046F9F7C8FC19
:10BF040045F8040B3046F9F7C3FCE8603046F9F70E
:10BF1400BFFCE8613046F9F7BBFCE8623046F9F74C
:10BF2400B7FCE8633046F9F7B3FCBD42E864E4D1FA
:10BF3400636A5BB101336362F8BDB4EE477AF1EE34
:10BF440010FAC7D7C4E70E4BA366D1E70D4A2046C3
:10BF54000D4902F0B7FF0D4A20460D4902F0B2FF29
:10BF640021460C4803F032FD636AE3E7AFF3008037
:10BF7400333333333333E33F00EC002000004040DD
:10BF84000000C04084300020C8300020D0300020A1
:10BF94000C310020D0FA002030B48569836C012D67
:10BFA4001A6893ED014A2DED0C8B40F3C1809FED8F
:10BFB4006C7AB1EE403ADFED6B6AF6EE003AB0EE21
:10BFC40047AA0120F0EE475A4FF0000CB0EE476A42
:10BFD4009FED655AB0EE470A9FED64BAF0EE471A3A
:10BFE400F0EE47AAF0EE66BAB0EE47CA9FED562BC4
:10BFF4009FED579B9FED588B25E034EE674AB0EEDA
:10C00400C44AB7EEC44AB4EEC24BF1EE10FA69DD8D
:10C01400B0EE674ADFED566AF0EE6BAAD3ED134A31
:10C02400F4EEE37A71EEA61A76EE644AF1EE10FAB3
:10C0340066EEA4CAACEEA40A03DDA4EEA4AA0CF135
:10C04400010C443322460130C3ED076A83ED097ABB
:10C05400A84283ED0C6AC3ED0B5A35D05C6CA21A6E
:10C0640007EE902AF8EEE77A87EE857AB5EEC07A85
:10C07400F1EE10FAE5DDD3ED127AF0EEE77AF4EEA4
:10C08400E37AF1EE10FADCDDD3ED017AF7EE00CAC3
:10C09400D3ED154AF0EEE77AF0EEE44AF0EE675A93
:10C0A400F4EEEC7AE3EE245AF1EE10FAF0EE654A7F
:10C0B400E6EE604A67EE244A84EE81DA36EE0D6AD3
:10C0C4009BD5DFED276AA9E707EE90CAF8EEE77A79
:10C0D4008AEE277A80EE210ABDEC0C8B30BC81ED10
:10C0E400007A704776EEAA6AF4EEEC6AF1EE10FA82
:10C0F40006DDF0EE6C6AB0EE674AF0EE4BAA8DE70F
:10C10400B7EEE64AB4EEC94BF1EE10FA19D5B0EE2B
:10C11400EA4AB7EEC44AB4EEC84BB0EE674AF1EE51
:10C1240010FA7FF77BAFF0EE4CAADFED126A75E7E9
:10C13400DFED0B7AB0EE67AAB0EE670AF0EE671A8D
:10C14400C6E7B0EE674A69E7333333333333D33F5B
:10C154007B14AE47E17A843FF168E388B5F8E43EA6
:10C1640000000000CDCCCC3D0050C3470AD7A3BB90
:10C174009A99993E8FC2F53C70B58569DFED787A5E
:10C18400836C012D2DED0C8BC3ED0C7AC3ED0D7A70
:10C19400C3ED0E7AC3ED0F7AC3ED107AC3ED087ABE
:10C1A40040F3C9800024F6EE004AB0EE67BA0122DB
:10C1B400F0EE675AA646F0EE679ADFED6AAAB0EE93
:10C1C400679A9FED69AAF0EE671A9FED68CAB0EE10
:10C1D400675ADFED67BAB0EE674A9FED5B3B9FEDB0
:10C1E4005C8B9FED5D2B48E0B0EEC77AF7EE006AFA
:10C1F400B4EEE67AF1EE10FA58DD866AD3ED026AFF
:10C2040000EB860C93ED096ADCED3ACA6CEEA6CA23
:10C21400F5EEC0CAF1EE10FA51DDF4EEE0CAF1EE2B
:10C2240010FA4CDD7CEEE0DAB0EE6DDAA7EE40DA1F
:10C23400CDEE016AA6EE265A002C4CD0F5EE005A3B
:10C24400B0EE4CBA37EE457A0EF1010E39EE259A6E
:10C25400002465EE876AE7EE071AE6EE879A013254
:10C26400C3ED0DCAC3ED0EDA4433AA4203ED02DA7C
:10C2740003ED015A43ED095A3BD053ED106AB0EE79
:10C28400676A93ED047AF0EEE67A54B937EEC66A3B
:10C29400B7EEC66AB4EEC36BF1EE10FACCBF01245C
:10C2A4000024F4EEE47AF1EE10FA9DDCB0EE44DA08
:10C2B400DFED2B5AF0EE6ADAF0EE4ACACFE7F1EE80
:10C2C400606AF4EEEC6AF1EE10FACCBF7CEEA0DA10
:10C2D400F0EE44DAA8E775EE8B5AF7EE006AF4EE56
:10C2E400E65AF1EE10FA11DDF0EE665AB0EE6BBAD2
:10C2F400A8E707EE90EAB8EEE70A89EE897A81EEBC
:10C30400800ABDEC0C8B81ED007A70BDB7EEE56A56
:10C31400B4EEC86BF1EE10FA94D5B0EECB6AB7EE7A
:10C32400C66AB4EEC26BF1EE10FA8BDDB0EE44BA1D
:10C33400DFED105A86E7B0EE670AF0EE679AB0EECA
:10C34400679AF0EE671AD8E79A9999999999B93F3B
:10C354007B14AE47E17A843FF168E388B5F8E43EA4
:10C3640000000000E02D103C4850FC3B9A99193E17
:10C374008FC2F5BB0AD7233C2DE9F04F00240746B2
:10C38400DFF88C922646A2462546DFF864822DED1E
:10C39400108BDFED918AD1B09FED909AF0EE689A00
:10C3A4009FED8FFADFED8FEA9FED8F8A01E016464D
:10C3B4009A46B0EE4F1A19A9F0EE6E0A3846B0EE5E
:10C3C400480AFFF7E9FD7EEE89DAF0EE40AA1BA9E0
:10C3D4003846B0EE480AF0EE6D0AFFF7DDFD78EE60
:10C3E40029FAF0EE6E0A1AA9B0EE40AA3846B0EE69
:10C3F4006F0AFFF7D1FD3FEE28DAB0EE40CA1BA961
:10C404003846B0EE480AB0EE4D1AFFF7C5FD9DED73
:10C414001A7AB7EECA3ABB6AB7EEC77A4A46B7EE9B
:10C42400C02AC821B7EECD4A1EA8B7EEEF5A009431
:10C43400B7EEED6AB7EEEABAB7EECCCAB0EE40EAB0
:10C444008DED107B8DED0E2B8DED0A3B8DED064BA6
:10C454008DED045B8DED026B8DED0CCB8DED08BB8A
:10C4640012F00CF81EA9404602F0FAFDF4EECAAA36
:10C474002B46F1EE10FACDBF012500257EEEC9EA68
:10C48400F0EE6DEA9D4209D0032C07DDB7EEC97AC0
:10C494009FED436B27EE067BB7EEC79B9DED1A7AA3
:10C4A400DDED197AB4EEE77AF1EE10FA4DBF01230F
:10C4B400002338EE698AB0EE6F8A534509D0032C05
:10C4C40007DDB7EEE97A9FED366B27EE067BF7EED4
:10C4D400C79BF4EECEAAF1EE10FACDBF01220022E2
:10C4E4003FEE68FAB0EE4DFAB24209D0032C07DDF4
:10C4F400B7EEE87A9FED2A6B27EE067BF7EEC78B43
:10C5040001341E2C7FF453AFB7EEC87A9FED266B2F
:10C51400B4EEC67BF1EE10FA09DDB7EEEE7A9FEDCC
:10C52400246BB4EEC67BF1EE10FA00F351810023C4
:10C5340017932E4900242E4802F092FDC8211EA80C
:10C544009FED2CAADFED2C9AA2469FED2C9A26464D
:10C55400DFED2BAA2546DFED2B8A9FED2B8ADFF832
:10C56400B4B0DFF88C9014A3D3E900239FED14CB6F
:10C57400CDE9042314A3D3E90023CDE9022314A3B2
:10C58400D3E90023CDE90023BB6A204A11F076FFEA
:10C594001EA9174802F064FD42E000BFAFF300801B
:10C5A4009A9999999999E93FFCA9F1D24D62503F22
:10C5B4009A9999999999C93F00000080B009CF3E92
:10C5C400666666666666EE3F00000060764F6E3F04
:10C5D40000000060315CDD3E17B7D1380AD7233C38
:10C5E400A69B443BCDCC8C3F75029A3CA4320020E0
:10C5F400D0FA00206AA446348FFC4139A2E73B35C7
:10C60400844D7836B37B723B8BE1EA36B03200203E
:10C614003C320020E832002000009643B2464646F1
:10C62400B0EE6A1A3846F0EE680A1CA9B0EE480A61
:10C63400FFF7A2FD38EE09EA1BA9B0EE40DAB0EE2E
:10C644004E0AFFF799FD78EEA9DAB0EE40BAB0EEE3
:10C65400480AF0EE6D0AFFF78FFD3AEE8A1AF0EE03
:10C6640040BA1DA9B0EE480AF0EE680AFFF784FD4F
:10C67400B4EECBDA2A468DED1B0AF1EE10FACDBFEB
:10C684000125002538EE498AB0EE4E8A954207D03E
:10C69400032C05DDB7EEC97A27EE0C7BB7EEC79BFA
:10C6A400B4EEEBDAF1EE10FACDBF4FF001084FF023
:10C6B400000878EEE98AF0EE6D8AB04507D0032CC5
:10C6C40005DDB7EEE97A27EE0C7BF7EEC79B9DED0F
:10C6D4001D5A9DED1C4AB4EEC45AF1EE10FA4DBF3A
:10C6E400012600267AEECAAAF0EE41AA564507D0E2
:10C6F400032C05DDB7EECA7A27EE0C7BB7EEC7AB89
:10C70400B7EEEB6ABB6AB7EECB7A5A46B7EEC44AC9
:10C71400C821B7EEC55A0094B7EECD1A0134B7EE6E
:10C72400EA2A1EA8B7EEE83A1496B7EEC8BA0495FA
:10C734008DED124B8DED105B8DED0E6B8DED0C7B45
:10C744008DED0A1B8DED082B8DED063B8DED02BBA7
:10C7540011F094FE1EA9484602F082FC642C7FF47A
:10C764005DAFB5EEC08AF1EE10FA21DDF5EEC08AB8
:10C77400F1EE10FA1CDDF5EEC0AAF1EE10FA17DDA9
:10C784005FED5B7AB4EEE7DAF1EE10FA10D5BB6A2E
:10C7940007EB8307179BC7ED428A87ED3E8AC7EDF7
:10C7A40046AA7BB9002051B0BDEC108BBDE8F08FD8
:10C7B400179B002BF6D05FED687AB4EEE7DAF1EE62
:10C7C40010FAEFD5012051B0BDEC108BBDE8F08F0D
:10C7D400B7EECF7A9FED0E6BB4EEC67BF1EE10FA96
:10C7E4007FF7A5AEBB6A9FED0C7B07EB8303B4EE2A
:10C7F400C7BB83ED3A8A83ED36FAC3ED32EAF1EE34
:10C8040010FA4CBF01230023179392E6AFF3008084
:10C81400FCA9F1D24D62403F7B14AE47E17A943FCC
:10C82400836C002B00F08B80826930B50446D3B052
:10C83400002A00F08280856A4FF07E52196800EB6E
:10C8440085032544C3F8E820C3F8F820C3F8082179
:10C85400C3F818213A4AC3F8C8203A4AC3F8D82082
:10C86400C162FFF789FD94ED1B7AD4ED197A4FF478
:10C87400967194ED1A6A237F27EE066A85F84100C3
:10C8840027EE277A304A07A8B7EEC66AB7EEC77A0A
:10C894008DED026B8DED007B11F0F0FD07A92B48A7
:10C8A40002F0DEFBA36A4FF4967107A804EB83023F
:10C8B40092ED365A92ED3A6A92ED327AB7EEC55A53
:10C8C400B7EEC66A224AB7EEC77A8DED045B8DEDEA
:10C8D400026B8DED007B11F0D1FD07A91B4802F01E
:10C8E400BFFBA36A4FF4967107A804EB830292ED91
:10C8F4003E6A92ED427AB7EEC66A164AB7EEC77A36
:10C904008DED026B8DED007B11F0B8FD07A90F488A
:10C9140002F0A6FBA36A4FF496710F4A04EB83045A
:10C9240007A894ED467AB7EEC77A8DED007B11F037
:10C93400A5FD07A9054802F093FB53B030BD70472D
:10C94400CDCCCC3D6F12833ACC2E0020D0FA0020FF
:10C95400142F0020642F0020B02F00202DE9F04375
:10C964007149BFB00546714802F07AFB70496F48BF
:10C97400002602F075FB6F496C4805F1C80402F00B
:10C984006FFB6D49694802F06BFB6C49674802F024
:10C9940067FB6B49654802F063FB6A49634802F030
:10C9A4005FFB6949614802F05BFB68495F4802F03C
:10C9B40057FB67495D4802F053FB66495B4802F048
:10C9C4004FFB6549594802F04BFB6449574802F054
:10C9D40047FB6349554802F043FB6249534802F060
:10C9E4003FFB6149514802F03BFB60494F4802F06C
:10C9F40037FBDFF898815E494C484C4F02F030FB1E
:10CA04005C494A4802F02CFB94ED047A043414ED9A
:10CA1400015AC821B7EEC77A94ED076AB7EEC55A32
:10CA24003346B7EEC66A42460CA88DED0A7B94EDF8
:10CA3400137AB7EEC77A8DED087B94ED0F7AB7EED3
:10CA4400C77A8DED067B94ED0B7AB7EEC77A8DED40
:10CA5400025B8DED006B8DED047B11F00FFD0CA9D5
:10CA6400384602F0FDFA002E5CD00026DFF8209153
:10CA7400DFF8B880AC69C821AF6C334604EB04140A
:10CA84004A460CA807EB840454F8384C0194FC681B
:10CA9400009411F0F3FC0CA9404602F0E1FA002ED8
:10CAA4003ED0A969AA6C01EB0111136802EB810263
:10CAB400314952F8442CA1FB02020CA8A1FB031338
:10CAC400C82152095B0900922C4A11F0D7FC0CA929
:10CAD400164802F0C5FA2A4B2A4AC821B3F8943002
:10CAE4000CA811F0CBFC0CA9104802F0B9FAAB6900
:10CAF4007BB1AB6C6BB119680022002385F85060E0
:10CB0400E962C5F8A0306A65C5F8A4303FB0BDE855
:10CB1400F0831D49054802F0A3FA3FB0BDE8F08355
:10CB24000126A7E701266FE7D02B0020D0FA0020CA
:10CB3400E42B0020FC2B0020102C0020282C0020AB
:10CB4400442C0020642C00207C2C00209C2C0020F1
:10CB5400B82C0020D02C0020E42C0020FC2C002039
:10CB6400202D0020482D0020882D0020C02D0020DD
:10CB7400E02D0020FC2D00201F85EB51742E002099
:10CB84004CEC00209C2E0020BC2E0020102E0020F7
:10CB9400502E00200000000091ED106A91ED097AFA
:10CBA400B7EEC66ADFED3E7A91ED0B0A27EE277ADF
:10CBB40091ED061A91ED053AB7EEC00A91ED044ADB
:10CBC400B7EEC11A91ED025AB7EEC33AB7EEC44AB2
:10CBD400B7EEC55AB7EEC77A10B5846AC8682DEDAA
:10CBE4000C8BADF5087D91ED08DA91ED0FCA91ED4E
:10CBF4000EBAB7EECDDA91ED0DAAB7EECCCA91ED2F
:10CC0400079AB7EECBBA91ED0C8AB7EECAAA229472
:10CC1400B7EEC99AB7EEC88A8DED206B91ED016A23
:10CC24000890B7EEC66A8DED120B8DED107B8DED7D
:10CC34000E1B8DED0C3B8DED0A4B8DED1EDB8DED4A
:10CC44001CCB8DED1ABB8DED18AB8DED169B8DEDC8
:10CC5400148B8DED065B8DED046B029208684FF426
:10CC6400C871104AC31A24A807EE103AB8EE477ADE
:10CC74009FED092BB7EEC77A87EE026B8DED006B43
:10CC840011F0FCFB24A9084802F0EAF90DF5087D2F
:10CC9400BDEC0C8B10BD00BF00000000006AF84022
:10CCA40000007A4404300020D0FA0020F8B58569E9
:10CCB4000446002D41D1037D9BB994F8503063B1F3
:10CCC400A369626D233B9A42C0F2BF80002390495E
:10CCD400904884F8503002F0C3F9236A0133236288
:10CCE400F8BD8D4F00263846FCF752FFBB6D7D61C1
:10CCF4000122A364894F11461D605E6038469E6020
:10CD0400DD601E615E619E615E629D62DE621E6325
:10CD14005E639E63DE631E6440F65B6384F840508A
:10CD2400E364256284F85850FEF7A4FA7C4BBE6194
:10CD34005A6BFE6122639B6B6363237D002BBCD023
:10CD440094F8583013B9012384F85830A369E26C7D
:10CD5400934254DAA66C002E51D003EB03139D00CA
:10CD64000BF086FFA369A26A03EB03137051A56C51
:10CD74006C4805EB830500EB82035B69AB60674B92
:10CD840003EB82039B696B60654B03EB82014A6B87
:10CD9400D1F8A030EA602B61F8F798F9A369A66C82
:10CDA40003EB0310604A85ED060A013381005569DF
:10CDB40006EB80000022443145610020A361731812
:10CDC40070505A609A601A615A619A615A62DA62C2
:10CDD4001A635A639A63DA631A64D860E26D9862DC
:10CDE400236A934216DD94F858300022013B2262F4
:10CDF400032B00F28680DFE803F06F5547380123E8
:10CE04004A49444884F8403002F02AF9236AE26D22
:10CE14009342E8DC94F85820012A01D1782B59DC9C
:10CE240094F84030002B3FF458AF002300223B48D5
:10CE3400227511468361C361FEF71CFA2046FFF791
:10CE4400EFFC236A01332362F8BDA36C02EB0211E9
:10CE5400204603EB8101E36AFFF79EFE636D013315
:10CE64006365236A01332362F8BDA2690520A16AC0
:10CE7400013A2A4B84F85800C4F89C2003EB810043
:10CE840000228261C261CBE7A2690420A16A234B1C
:10CE9400013A84F8580003EB81030021C4F884208C
:10CEA4009961BDE7D4ED1A7A032094ED1B7AA16948
:10CEB400236E67EE877A194AA56A0B4484F85800F2
:10CEC400481E02EB8502C4F88030C4E91E01C2ED9D
:10CED400067AA5E700232362D4ED197A022094EDA3
:10CEE4001B7AA169236E67EE877A0C4AA56A0B4404
:10CEF40084F8580002EB850221676367C2ED067A65
:10CF04008EE70122062384F8402084F858308CE709
:10CF14007C300020D0FA002058F20020D4F4002005
:10CF24004CEC00209CEA00206CF6002050300020DD
:10CF34002DE9F041364C4FF03208364D204601F0D1
:10CF44009DFEA4F81E80344A4FF0010800234FF0E0
:10CF54007E5062664FF47A7284F858804FF0C808A5
:10CF64002E49E066204621602375A361237723635D
:10CF740084F84030C4F8413084F850306365A566C5
:10CF84002367C4F88830E363C4F884302449C4E9CF
:10CF94001728C4E90833C4E90A33C4E91233C4E9DD
:10CFA4000D33C4E91D33C4E91F331E4AC4F88C3061
:10CFB400C4F8AC30C4F8B430C4F8BC30C4F8C430DD
:10CFC400C4F8A830C4F8B030C4F8B830C4F8C030DD
:10CFD400C4E92433C4E92633C4E93233C4E934331D
:10CFE400C4E93633C4E93833C4E93A33C4E93C33D9
:10CFF400C4E93E33C4E94033C4E94233C4E94433A9
:10D00400C4E94633C4E94833BDE8F0410EF068BED4
:10D0140030F500200000104100004040AC7F0020AB
:10D02400C59500003891002070B53A4EA6B004466C
:10D0340039493046394D02F013F8E36A384A9621EB
:10D04400684611F01BFA6946304602F009F804F10B
:10D054003103344A9621684611F010FA6946304685
:10D0640001F0FEFF94F830302F4A962168466C4652
:10D0740011F004FA6946304601F0F2FF0FCD0FC4F7
:10D084000FCD0FC495E80300284D0B0C44F8040B96
:10D09400304624F8021B6946237001F0E1FF6C4618
:10D0A4000FCD0FC40FCD0FC495E8070003C4228031
:10D0B40069461F4C304601F0D3FFEC460FCCACE878
:10D0C4000F000FCCACE80F000FCCACE80F0094E8D5
:10D0D4000700ACE803006946ACF80020304601F0D4
:10D0E400BFFF144B144A96211B68684611F0C6F919
:10D0F4006946304601F0B4FF1049304601F0B0FFF4
:10D104000F49304601F0ACFF0E49304601F0A8FF4C
:10D1140026B070BDD0FA0020A45C0020905D0020F1
:10D12400C05C0020085D0020505D0020B85D002038
:10D13400E45D0020D0E00020205E0020685E002036
:10D14400BC5E0020E45E002010B5054B0446406838
:10D15400236018B1E168091A0CF0A4F9204610BD47
:10D16400588200200000000038B501210446232025
:10D17400334D0BF0E3FD0023324A4FF08051324827
:10D18400C2F8841004F13101A4F83433F8F7EEF94D
:10D194002E49284601F064FF022125200BF0CEFD24
:10D1A40001210D200BF0CAFD294A2A49204601F02D
:10D1B40089FE294A2949204601F084FE284A294942
:10D1C400204601F07FFE284A2849204601F07AFED5
:10D1D400274A2849204601F075FE2146284602F0D8
:10D1E400F5FB94ED097A4FF0E021234AB7EEC77AB4
:10D1F400D1F8FC3D9FED0C3B9FED0D4B9FED0E5B7D
:10D2040083EE076B43F0807326EE046B86EE057B9A
:10D21400B7EEC77B84ED0A7AC1F8FC3D136843F08E
:10D224000103136038BD00BF6666666666660A4021
:10D234009A99999999D94940CDCCCCCCCCCC12406F
:10D24400D0FA00200040004224EB0020005A0020C5
:10D25400185A0020545A0020585A0020E48900200B
:10D26400845A0020D85A0020E05A0020185B00207D
:10D274001C5B0020605B0020001000E00000000048
:10D284002B4BF0B505462DED068BD3E90201A9B071
:10D294000EF0B0FF08EE100A2648B7EEC88AEE6A10
:10D2A4009FED217B28EE078BF7F7DAFBDFED227A7F
:10D2B400044695ED089A214B214829EE279A93EDCF
:10D2C40005AA95F83070B7EEC88BF7F7FFFE1D4B33
:10D2D400B7EEC00A0797A3FB0434B7EEC88AB7EECB
:10D2E400CAAAD5F83823B7EEC99A0423C4F3CF04E5
:10D2F4000C9206936421144A0FA88DED0A0B8DED50
:10D30400089B8DED04ABCDE902648DED008B11F02B
:10D31400B5F80FA90D4801F0A3FE29B0BDEC068BAA
:10D32400F0BD00BFAFF300808DEDB5A0F7C6B03EF1
:10D33400D0E0002024EA00200000C8426CF600205F
:10D344009CEA0020CDCCCCCC345F0020D0FA002065
:10D35400D0F8FC321E210E4A5FFA83FC30B50D4C26
:10D364004FEA0C158BB004EB0C1C655902A8DCF8D1
:10D374000C40AD68254214BF01240024009411F030
:10D384007DF802A9044801F06BFE0BB030BD00BF6C
:10D39400E458002074830020D0FA00200346B2EE43
:10D3A400045B144A6421D3ED237AB8EE677A10B58E
:10D3B400B7EEC77AA2B0D3F8884009A887EE056B08
:10D3C4000594D3F890400494D3F884400394D3F89C
:10D3D40080400294DC6F01949C6F00945B6F8DED30
:10D3E400066B11F04BF809A9034801F039FE22B08D
:10D3F40010BD00BFB0580020D0FA002000B59DB089
:10D40400042914D8DFE801F02303282D1600C16A8B
:10D4140000F13103154A263150F8211003A8009178
:10D42400642111F02BF803A9114801F019FE1DB075
:10D434005DF804FB437E1E210E4A03A811F01EF87A
:10D4440003A90B4801F00CFE1DB05DF804FB1DB0F0
:10D454005DF804EBFFF714BF1DB05DF804EBFFF7B4
:10D464009DBF1DB05DF804EBFFF772BF805C002028
:10D47400D0FA0020D8580020436D426F416E9A1AAA
:10D484004367C91A07EE902AC26607EE101AC0F85D
:10D494008820F8EE677AC26DB8EE477AC0F8841037
:10D4A400D21A816EC7EE276AC267026E591AD21A5F
:10D4B400C0F89010C0F880209FED095B10B4846D13
:10D4C400E41A84675DF8044BB7EEE67AC0ED086AA7
:10D4D40027EE057BBDEEC77B80ED237A704700BF46
:10D4E4000000000000408F4090F8343390ED0A7A39
:10D4F40070B504469CB06BB3F1EE0C6A90F835231A
:10D50400C6EE877AFDEEE77A17EE903A9BB24AB9F7
:10D51400734A928B9A422CBF0023012380F835333F
:10D524001CB070BD6E4A928B9A42F9D96D4A0023A1
:10D534004FF0805004F13101C2F884006A48A4F825
:10D544003433F8F713F8694969481CB0BDE87040F2
:10D5540001F086BDB7EEC77A614B9FED5D5B9A8B98
:10D5640085EE076BBDEEC66B16EE103A9BB29A427F
:10D5740060D29FED595B85EE076BBDEEC66B16EE70
:10D58400103A9A4256DD5B4AF3EE066A9FED5A6AF8
:10D59400D2ED007AD4F83833F8EE677A574A581C3B
:10D5A40087EE867A82FB0012C3174FF47A71C4F8AF
:10D5B4003803C3EBA21301FB1303642BC6EE877A73
:10D5C400FDEEE77A17EE905A01D1A84245DB854279
:10D5D40038DA4B4E337D1BB9737D0BB9B37DABB1D8
:10D5E4004849434801F03CFD474A002392F8302063
:10D5F4007387092AF363A6F840307364C6E90C33D1
:10D6040004D0A6F8423086F84830338794F83C3387
:10D61400F3B1344A01234FF080503C49C2F88800EA
:10D6240084F834333048F7F7A1FF394BC4F8383362
:10D634001CB070BD94F83C33002BA4D1C4F838332B
:10D644001CB070BD94F83C33002B3FF469AFC0E7C5
:10D654003049274801F004FDDBE72B1A2E4A6421E8
:10D6640003A807EE903AF8EEE77A27EE877AB7EE4A
:10D67400C77A8DED007B10F001FF03A91C4801F06F
:10D68400EFFCD4F8380341F2873398429FDD1C4EF7
:10D69400337D23B9737D13B9B37D002B97D01F4914
:10D6A400134801F0DDFC184A0023D4F8380392F83B
:10D6B40030207387092AF363A6F840307364C6E9FF
:10D6C4000C3384D0A6F8423086F8483033877EE79E
:10D6D40066666666666624403333333333331540F7
:10D6E400A8E800200040004224EB0020005A00205B
:10D6F400D0FA0020D0E0002000247449D34D6210F9
:10D7040070FA0020485900206CF60020945900203B
:10D71400E0FCFFFF60590020F0580020245900204D
:10D72400FEEE007A4FF47A7310B5B4EEE70A0446BD
:10D734002DED028BF1EE10FA90B0C0F808331AD533
:10D74400B7EEC08A002380F89430334A322103A80C
:10D754008DED008B10F092FE03A9304801F080FC9F
:10D7640094F8943083B303A92D48F7F7FFFE10B063
:10D77400BDEC028B10BD9FED267BB7EEC08A294B12
:10D78400B4EEC78B9FED287AF1EE10FA30DCD3EDBE
:10D79400007AB7EE005BF8EE677A87EE876AB7EE39
:10D7A400C66A85EE067BFDEEC77B17EE902AC8237A
:10D7B40001211E4884F894100E21C4E9C2221A469D
:10D7C4000093FBF7FDF8C0E7194A4FF0805004F1CD
:10D7D4003101C2F88400A4F834331148F7F7C6FEC7
:10D7E40014490E4801F03CFC10B0BDEC028B10BD96
:10D7F400D3ED007AF8EE677AC7EE876A80EE267A70
:10D80400FDEEC77A17EE902AD1E700BFAFF3008090
:10D81400FCA9F1D24D62503F905C0020D0FA002068
:10D8240024EB0020D0E0002000247449F8F100200B
:10D8340000400042005A0020B94B90ED0A7A9B8BBD
:10D8440007EE903AD0F8F832F8EE677A013370B503
:10D8540067EE877A04462DED028BC0F8F832D0B01B
:10D86400C0ED057AFFF740FE25200BF055FAE36979
:10D87400002840F0CC80002B56D1AA4BD3E90201FA
:10D884000EF0B8FC07EE900A3223B7EEE77AE361B4
:10D894009FED9F6B27EE067BB7EEC78BB0EE487A01
:10D8A40084ED1C8A37EE487AF1EE047AB4EEE77A16
:10D8B400F1EE10FA0ADD9C4B93F82031002B00F0B6
:10D8C400B0809FED9A0A2046FFF72AFF94F894202F
:10D8D400002A66D1964B4FF47A7096491B68964A93
:10D8E400A1FB0351890900FB113192F85430002B3C
:10D8F40041D092F85530002B3DD194F83030092BAB
:10D9040014BF06200020B1F5FA7F22D3B1F5FA7FC7
:10D91400ACBF00210121C9000BF006FF637EFBB9F7
:10D9240050B0BDEC028B70BD132B40F382807D4B55
:10D9340094ED1C8AD3E902010EF05CFC07EE900A18
:10D944009FED736BB7EEE77A27EE067BB7EEC77BE6
:10D95400A8E740F6FF710BF0E7FE637E002BDFD0F3
:10D96400D4F8F832B3F5967FDAD10123237650B098
:10D97400BDEC028B70BD94F83030092B14BF062027
:10D9840000206329E5D9D4BF01210021C9000BF08F
:10D99400CBFEE2E794F89430002B00F0AF80002334
:10D9A400E3616049D4E9C2230D68934249D06349D5
:10D9B40081FB03011944DB17C3EB612392FBF3F1F1
:10D9C40003FB1123002B64D0013A002AC4F8082376
:10D9D4004FDD07EE905A9FED505BB8EE676B85EE16
:10D9E400067BFDEEC77B17EE901A92FBF1F301FB69
:10D9F4001322012A7FF46EAF514A4FF4967105A8A1
:10DA040010F03CFD05A94F48F7F7B0FD62E7012B84
:10DA1400C0D0002B7FF75AAF013B94F89420E36108
:10DA240056E79FED490A2046FFF77AFE94F89420C2
:10DA34004EE701333B4A94ED1C8AE361D2E90201CB
:10DA44007AE7013A6423002AC4F81033C4F81C337B
:10DA5400C4F82833C4F81433C4F82033C4F82C337E
:10DA6400C4F81833C4F82433C4F83033C4F8082392
:10DA7400AFDC0123354A4FF080503549C2F88800A5
:10DA840084F834332F48F7F771FD002384F8943079
:10DA940020E7D4F8281300297EDD0139D4F81033A7
:10DAA400D4F81C03C4F82813009005A8CDE901128A
:10DAB400284A962110F0E2FC05A91B4801F0D0FA8F
:10DAC400D4F810232448D4E9C53100910E21FAF783
:10DAD40077FFD4F81C232048D4E9C83100910F21E2
:10DAE400FAF76EFFD4F828231B48D4E9CB31009110
:10DAF4001021FAF765FFD4F8082365E70A4D95F875
:10DB040028315BBB94F834339BBBE361E2E600BF8E
:10DB14008DEDB5A0F7C6B03E0000000080842E4114
:10DB2400A8E80020D0E00020D0FA00200000204225
:10DB3400C4FA0020D34D621058F20020C5B3A2915C
:10DB4400EC59002024EB002082A8FB37004000425F
:10DB540094590020C8590020F8F10020364928467D
:10DB640001F07EFA3549284601F07AFA94F8343304
:10DB740083B1334A4FF08050002304F13101C2F8DD
:10DB840084003048A4F83433F7F7F0FC2E492F48CA
:10DB940001F066FAE3693CE7D4F82C33002B07DD87
:10DBA400013BD4F81C03C4F82C33D4F810337BE7BE
:10DBB400D4F83033002B07DD013BD4F81C03C4F840
:10DBC4003033D4F810336FE7D4F81C03002805DD94
:10DBD4000138D4F81033C4F81C0365E7D4F82033B3
:10DBE400002B05DD013BC4F82033D4F810335BE788
:10DBF400D4F82433002B05DD013BC4F82433D4F8D6
:10DC0400103351E7D4F81033002B03DD013BC4F883
:10DC1400103349E7D4F81463002E03DD013EC4F841
:10DC2400146341E7D4F81863002E7FF73DAF06F183
:10DC3400FF3CC4F818C337E7A0590020A8590020B6
:10DC44000040004224EB0020005A0020D0FA0020BB
:10DC54002DE9F0410D469CB006460722BA492846F4
:10DC640010F0C4FE00285DD00622B849284610F002
:10DC7400BDFE60B30622B649284610F0B7FE002860
:10DC84005ED106352F4615F8018B404610F026FA72
:10DC940004460028F6D1B8F11F0F6ED85F2386F82A
:10DCA4003200AC49AC4886F8313001F0D9F907228A
:10DCB400AA4906F1310010F06BFE002840F09F8065
:10DCC4000123012086F851301CB0BDE8F0810635EF
:10DCD40001460A22284610F0E1F996ED097A86F801
:10DCE4003000C3B2B7EEC77A6421009503A89C4AFA
:10DCF4009FED8F3B9FED904B9FED915B83EE076B08
:10DD040026EE046B86EE057BB7EEC77B86ED0A7ABA
:10DD140010F0B4FB03A9904801F0A2F901201CB053
:10DD2400BDE8F081044601460A22E81D10F0B6F968
:10DD3400962898BF04460120F4621CB0BDE8F08127
:10DD440005228849284610F051FEA8B305228649C9
:10DD5400284610F04BFE002800F0A28004228349DC
:10DD6400284610F043FE002850D12B791F2B00F2D7
:10DD74008180012386F83C33D0E77D49013F764812
:10DD840006F1300801F06CF909E010F09FF9013454
:10DD9400002808BF5F251F2C08F8015F08D017F87A
:10DDA400015F202D2846F0D83444002384F8313014
:10DDB400002386F850307AE7681D0A2203A90390ED
:10DDC40010F06CF90A2203A9C6F8FC02039810F0BB
:10DDD40065F90A22044603A9039810F05FF9431C6D
:10DDE40041D0012838D1022196F8FC02E4B20AF0AD
:10DDF400A5FF214696F8FC020AF0A0FF8EE7002357
:10DE0400012086F851301CB0BDE8F0810422594944
:10DE1400284610F0EBFD0446002836D0052256496A
:10DE2400284610F0E3FD002855D004225349284623
:10DE340010F0DCFD00286BD02B786F2B52D16B785F
:10DE4400662B4FD1A97866394CD1281D10F022F8E1
:10DE54003046FFF765FC61E7E4B296F8FC02214620
:10DE64000AF06CFFC5E7032196F8FC02E4B20AF05D
:10DE740065FFBEE701460A22681D10F00FF900385D
:10DE840018BF012086F83C0348E73D493248347600
:10DE940001F0E6F83B48FDF7F1FD3B4B1C753DE70F
:10DEA400681D0A2203A9039010F0F8F804460A2218
:10DEB40003A9039810F0F2F8344AE3B2C0B219018E
:10DEC40002EB03135258DB6810B1C2F8843025E723
:10DED400C2F8883022E701232D491F48337601F028
:10DEE400BFF81BE706222B49284610F07FFD0028C7
:10DEF40056D10A220146A81D10F0D0F8264BA0F1F5
:10DF040014029A4253D80146244800F0A1FA05E7C6
:10DF140004350A2202A9284610F0C0F8029BAB423D
:10DF24004AD0031E18BF01237376F7E6AFF30080CF
:10DF34006666666666660A409A99999999D94940CF
:10DF4400CDCCCCCCCCCC1240685B0020705B0020E4
:10DF5400A45B0020AC5B0020D0FA0020F05B002022
:10DF6400785B0020F85B0020005C0020085C002047
:10DF7400CC5B0020105C0020285C0020605B00204B
:10DF8400185C0020D4F4002030F5002074830020B5
:10DF9400305C0020405C00200CA10700D0E0002091
:10DFA400294630461CB0BDE8F04100F071BE084976
:10DFB400084801F055F8B1E6737E1E21064A03A80D
:10DFC40010F05CFA03A9034801F04AF8A6E600BF82
:10DFD400485C0020D0FA0020D8580020000000003F
:10DFE4002DE9F041424C94F8206026B1636A253350
:10DFF4006362BDE8F08105462046F7F749FC014617
:10E004003C4805F1310800F023FA2046F7F768FC94
:10E0140003462046962B94BF1A463246EA62F7F727
:10E024004BFC95ED097A03462022B7EEC77A2046C9
:10E0340085F8303041469FED283B9FED294B9FEDFD
:10E044002A5B83EE076B26EE046B86EE057BB7EE48
:10E05400C77B85ED0A7AF7F755FE95F8313085F8D8
:10E0640050604BB307222449404610F091FCC8B1DC
:10E0740085F85160444605F150075F2614F8010FF6
:10E0840018B110F023F800B92670BC42F6D195F807
:10E0940050604146194806F001066E76BDE8F0412D
:10E0A400F7F764BA012341466E7685F85130134878
:10E0B400BDE8F041F7F75ABA11494046202210F062
:10E0C400DBFC95F8506041460C4806F001066E767C
:10E0D400BDE8F041F7F74ABA6666666666660A40C6
:10E0E4009A99999999D94940CDCCCCCCCCCC1240B1
:10E0F40000EC0020D0E00020F05B002024EB0020A6
:10E10400A85800200D4B10B5044619680C48F7F7C1
:10E114006BFBA18D0A48F7F79FFB94F83010084871
:10E12400F7F77EFB637E04F13101202284F850303E
:10E134000348BDE81040F7F7BBBD00BFD0E00020A6
:10E1440000EC0020F8B5334C0025334F204600F096
:10E1540095FD324A324BB0EE000B92ED051A07F1F1
:10E1640020062360B8EEC11B2583E5610CF0D4FEC4
:10E1740030EE000B082304F1310CE56284F83030F2
:10E18400B7EEC00B84ED090A3D460CF1100C1037B4
:10E194000FCDB5424CF8100C4CF80C1C4CF8082C64
:10E1A4004CF8043CF0D13B7800251E4E20228CF81C
:10E1B4000030002365652946B01875612367E5665C
:10E1C400C6E90155C6E9035510F02AFB4FF417724E
:10E1D400154906F1440084F894500BF0C7F8022165
:10E1E4004FF48073C6F8B052A6F15400C4F80C136F
:10E1F40084F8F452C4F80853A4F83433C4F83853F8
:10E2040084F83C53094A0A49C4E9BF55BDE8F840BB
:10E214000DF066BD6CF600208C1E0020A8E80020DE
:10E2240014820020C0F60020B01E00203891002087
:10E2340049AA000000000000174B4FF0000C1A68B8
:10E24400D3E902105208891840F100009960597E00
:10E25400D860B1B1012183F819C0597407EE902A2E
:10E2640093ED056AB8EEE77AB7EEC66A9FED085BF0
:10E27400B7EEC77AA7EE056BB7EEC66B83ED056AFA
:10E284007047012159761974E8E700BFAFF30080A5
:10E294008DEDB5A0F7C6B03ED0E000200368184766
:10E2A4000B680360704700BF0B680360704700BFD2
:10E2B400704700BF10B504460AF06AFA204610BD44
:10E2C4004FF4FA63002210B5036000238CB0314C84
:10E2D400C0E90223304B02A9304A08A800930693F0
:10E2E4000292FFF7DDFF06A945F6BF522C480AF05B
:10E2F400CDF9069B08A8DB689847009B02A8DB6859
:10E3040098472046FEF730FF2648F5F77DFE26485D
:10E3140001F000FB2548F6F791FB2548F6F73AFA99
:10E324002448F7F799FE2448FAF782FD2348F9F7C1
:10E3340097FD2348F9F752FA2248FBF79FFB21483F
:10E34400FCF78EFD1F48FCF76DF91F48F7F78CFCAE
:10E354001E48F6F7A5FC1E4800F052F91D48FCF7CC
:10E36400C1FE1D4B08221D48C3F88820F6F770FF34
:10E374001B48FAF727F81B4801F0E2FD94F8303007
:10E384000021092B14BF062008460CB0BDE810403C
:10E394000BF0CAB96CF600205483002039BB00008E
:10E3A400009E0020A8E80020D0FA002024EA0020E3
:10E3B400E8E900204CEC00209CF30020A8F10020A8
:10E3C400D0DF002058F2002000EC00209CEA00205E
:10E3D40070FA0020D4F400200040004224EB002016
:10E3E400F8F1002000B4002038B5037E0446EBB9F0
:10E3F400134B1D7C85B95A7C22B9124801F0B8F838
:10E40400284638BD10485D74F5F7FAFE0AF030FC72
:10E414000E4B9866284638BD0121002221761A74D5
:10E424000AF026FC094B5865284638BD0AF020FC42
:10E43400034606484366FFF71FF800232376D7E711
:10E44400D0E00020D0FA0020A8E800206CF60020DC
:10E454000B4BA1F114029A4203D90A490A4800F06D
:10E46400FFBD0A4B01601A6832B121F0010303EBCE
:10E474006103DB00013B1360054B0A22DA67704736
:10E484000CA10700485C0020D0FA0020009E002068
:10E49400D0DF002010B51348F5F756FE124C0AF0F1
:10E4A400E7FB03461148A365F8F7AEFA1048F6F700
:10E4B4005BFC104B1B7D73B10AF0DAFB03460E487C
:10E4C400E365FBF7ADF80D48F9F7F2FC0C48BDE83D
:10E4D400104001F065BD0B48F9F734FA0A48F6F725
:10E4E4009BF9E9E7A8E800206CF600204CEC00203A
:10E4F4009CEA002030F500209CF30020A8F10020C5
:10E5040000B40020D0DF0020E8E9002038B512482C
:10E51400124C00F027FA124D1248FDF7A9F92046D3
:10E52400FEF7C4FB2846FFF787F90AF0A1FB034670
:10E534000D482B66FCF720FC237D23B10B48BDE876
:10E544003840F9F795BF0A48F6F7DAFE0748BDE800
:10E554003840F9F78DBF00BF70FA002030F5002075
:10E564006CF60020D4F4002058F20020F8F10020CA
:10E5740024EB0020064B00204FF0000C054A1882C3
:10E58400188305490548C3F814C00DF0A9BB00BFA2
:10E59400D0E0002038910020B5BB0000009E002090
:10E5A40010B5054B04464068236018B1E168091AA8
:10E5B4000AF078FF204610BD5882002008B50B4BA6
:10E5C40093F83030022B01D9052B00D108BD08493E
:10E5D400084800F045FD0849064800F041FD074998
:10E5E4000448BDE8084000F03BBD00BF6CF60020C5
:10E5F40064600020D0FA002074600020D060002005
:10E6040038B5012405462DED028B9FED268A022C98
:10E6140004F1FF3327D0022B4FF001014FF00A0021
:10E6240030D00AF08BFBB0EE480A0A200BF0E2F877
:10E6340000210A200BF078F8052C21D100212D228D
:10E6440005F11C006961297610F0EAF8284616499C
:10E65400164A00F037FC29461548BDEC028BBDE88C
:10E66400384001F0B3B9194609200AF067FB0920C4
:10E67400B0EE480A0BF0BEF8002109200BF054F864
:10E684000134C4E7012108200AF058FBB0EE480A1F
:10E69400082001340BF0AEF8002108200BF044F8F8
:10E6A400B5E700BF0080A643506000201060002042
:10E6B400D0FA002001F1FF3CBCF1040F10B59DF924
:10E6C40008E008D808D000EB410160440A8780F8CC
:10E6D4004430A1F82EE010BD024C94F83040092CCF
:10E6E400F1D1F8E76CF600202448254BC26AB0F952
:10E6F400381030B5B1B00D9183FB0241856AD21751
:10E7040083FB05ECED17C2EB6112017EC5EB6C15C2
:10E71400CDE90B12C469D0E90821099583FB04C52E
:10E72400E417C4EB6514009483FB0154C917C1EBCF
:10E73400641183FB0243D2170691C2EB6312817DFD
:10E74400437D0591B0F932100293B0F93030CDE930
:10E75400032101938221B0F93640037D0A94C47DDC
:10E76400084A0894B0F9340007900FA80FF086FE09
:10E774000FA9054800F074FC31B030BD70FA0020D8
:10E784001F85EB51D85F0020D0FA002001B17047FB
:10E79400FFF7AABF2DE9F04383B008460A22224FAF
:10E7A40001A901900FF07AFC0A22044601A90198FC
:10E7B40007F115090FF072FC0A2201A905B20198AC
:10E7C40001260FF06BFCDFF8648023B240B2003BFB
:10E7D40018BF0123052EBD814FF00A0209F8013F3D
:10E7E40001A927F8020F1CD001980FF057FC0A2248
:10E7F400044601A901980FF051FC0A22054601A91B
:10E8040001980FF04BFC23B22DB2003B40B218BF6D
:10E814000123042E06F10106DCD198F83020092AE0
:10E82400D8D103B0BDE8F0839EFA00206CF6002036
:10E8340070B52F4D82B095F83030022B12D9052BCC
:10E8440010D0084601910A2201A90FF027FC431EAB
:10E854000446DBB2052B0CD92649274800F000FCFE
:10E8640002B070BD2549244802B0BDE8704000F0F4
:10E87400F7BB0A2201A9019864B20FF00FFC064607
:10E884000A2201A90198013C0FF008FC06F58063F7
:10E89400B3F5006F8CBF00230123042CE0D8DFE81C
:10E8A40004F00E141A20030095F83020092AD7D05A
:10E8B400134AA2F8426082F848301087D0E7104A21
:10E8C400568782F844301086CAE70D4A968782F844
:10E8D40045305086C4E70A4AD68782F84630908687
:10E8E400BEE7074AA2F8406082F84730D086B7E70F
:10E8F4006CF60020885F0020D0FA0020B45F00206E
:10E9040070FA002038B5134B93F83030052B18BF3C
:10E91400022B8CBF012400240DD90D4605220E497B
:10E92400284610F063F840B106220C49284610F03E
:10E934005DF840B10024204638BD691D0848FFF742
:10E9440029FF204638BDA91D0548FFF771FF204661
:10E9540038BD00BF6CF60020546000205C600020CD
:10E9640070FA00202DE9F84F00244FF00108DFF879
:10E9740034910546042CC24600F11406DFF828B190
:10E984001CD0012C5BD0022C1CD196F8307033784B
:10E99400BB420DD00820EFB9030159F803309A683F
:10E9A40009EB0013DB681A4276D0B8F1050F16D0D4
:10E9B400013408F101080136042CE2D19BF830300F
:10E9C400092B0CD00A2096F830703378BB42ECD077
:10E9D400002FE1D0B8F1050F86F800A0E8D105F1C9
:10E9E4001C0605F1130700243035DFF8BC80DFF87E
:10E9F400BC90042C27D0012C23D0022C0CBF08205F
:10EA04000A2017F8013F9BB1B5F90A30326803EBCD
:10EA14008303B5F9001003EB8303C2EB830383EA9A
:10EA2400E37CACEBE37C8C4501DD002911DCB3B95C
:10EA3400013404360235052CDBD1BDE8F88F0920FA
:10EA4400C1E70920DDE798F83030092BF5D00A201A
:10EA5400D7E7002BD4BF4B420B46002BE8D01A4417
:10EA640089FB02133260D217C2EB631140F2535395
:10EA740003FB01F140F6B2430029B8BF01F2FF31B4
:10EA8400891201F2FC719942A8BF1946C829B8BF7E
:10EA9400C8210AF049FECBE739460AF045FE377033
:10EAA40083E700BF748300206CF600201F85EB51C0
:10EAB40008B509480021F6F7B3FE00210648F6F729
:10EAC400CBFE00210448F6F78FFE00210248BDE882
:10EAD4000840F6F789BE00BF00EC002010B50B4CCF
:10EAE40094F820301BB1636A0B33636210BD204677
:10EAF400F6F7E2FE2046F6F7F3FE2046F6F7C8FEE8
:10EB04002046BDE81040F6F7C3BE00BF00EC00206D
:10EB140010B5064C204600F0B1F8054B2046054AD6
:10EB240023600549BDE810400DF0DAB870FA002002
:10EB34004482002038910020A1BE000010B50023BB
:10EB44000446C36008462376C4E90433C4E90012CA
:10EB540011F016FA03462046A36010BDF8B5054629
:10EB640087680E461446006852B13A460FF03EFFDD
:10EB7400014618B9F25DF019202A0DD00020F8BD25
:10EB84003A460FF033FF0028F8D1F25D692AF6D136
:10EB9400012318462B76F8BD0A220FF07FFA0346AC
:10EBA40020466B61F8BD00BF38B5057E04461DB133
:10EBB40000230376284638BD0AF05AF8E368C31ADE
:10EBC4000FD46269002AF5DD4FF47A7101FB02F279
:10EBD4009A42EFDC23690125E0602B442846236137
:10EBE40038BD6369E060002BF4DCE3E72DE9F04114
:10EBF4004669B6B0002E1DDD04460D460768D0F800
:10EC040010800AF035F80296C821E3680B4AC01A4E
:10EC1400CDF804802B460097C41782FB0020084AD5
:10EC2400C4EBA010039004A80FF028FC04A9054825
:10EC340000F016FA36B0BDE8F08100BFD34D621083
:10EC4400984F0020D0FA002084460A4A4FF41671E7
:10EC540010B5DCE90034ADF5187DCDE9003402A827
:10EC64000FF00CFC02A9044800F0FAF90DF5187D28
:10EC740010BD00BF784F0020D0FA002000220349C5
:10EC8400C0E90222C0E900120261704758820020E4
:10EC94002DE9F0410F4606460422144938460FF088
:10ECA400A5FE0028D6E901530CBF4FF001084FF030
:10ECB4000008A3EB050308BF0437002B12DD002472
:10ECC40005E0D6E901535B1BB4EBA30F0ADA55F850
:10ECD4002400424639460134FFF740FF0028F0D0B3
:10ECE400BDE8F0810020BDE8F08100BF6461002030
:10ECF40038B5D0E9012305699B1AB5EBA30F1FDAD8
:10ED0400991004462B4609E0D4E9012301359B1AE6
:10ED1400B5EBA30F4FEAA30112DA236901338B4247
:10ED2400A8BF0023236152F82500FFF73DFF002808
:10ED3400EAD02368064A1B68934203D1002038BDF9
:10ED4400012038BD204629469847002038BD00BF21
:10ED5400CD18000030B5CDB00B460F4A05464FF430
:10ED6400967101A80FF08AFB01A90C4800F078F90C
:10ED7400D5E901239B1A002B0CDD002452F8240052
:10ED84002146FFF733FF0134D5E901239B1AB4EB85
:10ED9400A30FF3DB4DB030BD40610020D0FA00205A
:10EDA400D0E901239B1A002B0DDD98100023043AAF
:10EDB40010B41C46013352F8041F83424C61F9DB42
:10EDC4005DF8044B7047704738B5D0E901239B1AAE
:10EDD400002B0CDD0546002452F824000134FFF713
:10EDE40033FFD5E901239B1AB4EBA30FF4DB38BD41
:10EDF4002DE9F84FD0E900890F4692466FF0604143
:10EE0400A9EB0802B1EBA20F54D093100646A7EB6E
:10EE14000805012B1A4638BF01229C1848D2002C41
:10EE24003CD1A346DAF80030002D4BF8053024DC41
:10EE3400A9EB07090435B9F1000F5D4413DC4D4417
:10EE4400B8F1000F04D1B460C6E900B5BDE8F88F8D
:10EE5400B168A1EB080140460AF024FBB460C6E99E
:10EE640000B5BDE8F88F284639464A464D440AF0B5
:10EE74007DFAB8F1000FE6D0EAE7A9EB07092A46C4
:10EE84004146584604350FF04FFCB9F1000F5D447C
:10EE9400E9DCB1684D44A1EB0801DCE78C4228BFF2
:10EEA4000C46A40020460AF0FBFA83460444B9E762
:10EEB400024CF7E70248FFF741FE00BFFCFFFF7F6B
:10EEC400887F002030B585B004461C20CDE90021A0
:10EED4000AF0E6FA0546DDE90021FFF72FFE039567
:10EEE400D4E90213994204D041F8045BA16005B04F
:10EEF40030BD03AA201DFFF77BFF05B030BD00BF66
:10EF040010B50A4B0446D0F83001236020B1D4F880
:10EF14003811091A0AF0C6FA054B6068236018B163
:10EF2400E168091A0AF0BEFA204610BDC481002027
:10EF34005882002038B50B780C460546692B0FD152
:10EF44004B78202B0CD18A780123312A0DBF194626
:10EF540000211A460022017780F82821184638BD7E
:10EF64000722184920460FF041FD70B1164920468A
:10EF740010F0DAFDB0B10522144920460FF036FD39
:10EF8400B0FA80F35B09184638BD01460A22E01D39
:10EF94000FF084F800384FF0010318BF01202875E2
:10EFA400184638BD01460A2204F108000FF076F82D
:10EFB40000384FF0010318BF012085F858011846A6
:10EFC40038BD00BF6C480020744800207C480020F5
:10EFD40090F8283130B50D4683B0144643B3002A67
:10EFE40038DD01F1FF3C002362441CF801EFBEF15F
:10EFF4001F0F88BF73449445F7D1174AA2FB032C13
:10F004004FEA9C1C0CEB4C0C0CEB4C1CA3EB0C03C0
:10F0140001330421114A0DEB01000FF02FFA0321F3
:10F0240001A80BF0EFFD03280BD0002003B030BD86
:10F03400114628460BF0E6FD003818BF012003B046
:10F0440030BD214628460BF0DDFD033018BF0120FA
:10F0540003B030BD0123DCE703B57EA538460020AC
:10F06400037F70B504460D460BB1437F13BB94F880
:10F07400203173B9D4F8003100260133C4F80031CB
:10F08400124890F8413013B190F84C30CBB130466F
:10F0940070BD284610F074FF294602462046FFF74B
:10F0A40097FF06460028E5D0D4F850310133C4F860
:10F0B4005031E5E702220649FFF78AFF0023637710
:10F0C400D5E72946FBF794FC304670BD58F2002082
:10F0D4002C4700200000000090F8203103B1704755
:10F0E40090ED497A184AB7EEC77AD0F82C3110B5AA
:10F0F400B8B00446D2E9020104938DED027B0DF011
:10F1040079F807EE900A114AC821B7EEE77A06A803
:10F114009FED0B6B27EE067BB7EEC77BB7EEC77A86
:10F124008DED007B0FF0AAF9012306A9084884F8A5
:10F134002031FFF795FF38B010BD00BFAFF300805A
:10F144008DEDB5A0F7C6B03ED0E00020CC45002040
:10F15400D0FA00200000000003461D4A00B5D2E9A1
:10F164000201A9B0D3F808210892D3F80421079228
:10F17400D3F854210692D3F844210592D3F84C21B4
:10F184000492D3F8FC20D3F8F430CDE902320DF028
:10F1940031F807EE900A0F4A7821B7EEE77A0AA809
:10F1A4009FED096B27EE067BB7EEC77BB7EEC77AF8
:10F1B4008DED007B0FF062F90AA90748FFF750FFB5
:10F1C40029B05DF804FB00BF8DEDB5A0F7C6B03ED5
:10F1D400D0E0002014460020D0FA002030B51B4DAA
:10F1E400D1B00446EC460FCDACE80F0095E807001B
:10F1F4008CE8070069462046FFF732FF237F144A54
:10F204004FF4A07168460FF039F969462046FFF7BC
:10F2140027FF94F858310F4A4FF4A07168460FF055
:10F224002DF969462046FFF71BFF237D0A4A4FF458
:10F23400A07168460FF022F969462046FFF710FFD7
:10F2440006492046FFF70CFF51B030BD844800202A
:10F25400A0480020E84800202849002090490020C8
:10F2640030B5154DE9B00B460446D5E90201CDE9A8
:10F2740002320CF0BFFF07EE900A104A4FF4C87137
:10F28400B7EEE77A04A89FED0A6B27EE067BB7EE8C
:10F29400C77BB7EEC77A8DED007B0FF0EFF804A9BA
:10F2A4002046FFF7DDFE69B030BD00BFAFF300803C
:10F2B4008DEDB5A0F7C6B03ED0E000201C4700207D
:10F2C40030B50546B3B0104AC8216846D5E94C4369
:10F2D4001B1B9B100FF0D2F869460C48FFF7C0FEC9
:10F2E400D5E94C239B1A002B0CDD002452F8240092
:10F2F4002146FFF72FFD0134D5E94C239B1AB4EBCB
:10F30400A30FF3DB33B030BDFC460020D0FA00205D
:10F3140011B1012902D07047FFF71EBFFFF7D0BF1C
:10F324001F29F0B50D46D1B0044652D9D0F8E830C3
:10F33400C218C62B91770CDC0133027FC0F8E83089
:10F344008AB9D4F8E830C62B47DC0026304651B0E1
:10F35400F0BD00230122067F80F8EC20C0F8E830DD
:10F364008377002EF2D028460BF036FC0D2D18BF03
:10F374000A2D0CBF01250025E3D194F8EC60002E82
:10F3840038D1D4F8E820002A1BDDA3189E77A37F88
:10F394003B2B3ED094F85831002B00F09E8094F81B
:10F3A400283173B904F11E0631465748F5F7E4FBDA
:10F3B400D4F8F03000222E460133C4F81421C4F8E6
:10F3C400F030237FF3B900233046C4F8E83051B05D
:10F3D400F0BD037F002BC9D0C5E7002523444B496A
:10F3E40020462E469D77FFF73BFEC4F8E850304692
:10F3F40051B0F0BD00264649204684F8EC60FFF782
:10F404002FFEE0E743492046FFF72AFE01236377F6
:10F41400D9E7E37F032A94F820103746A3F1300399
:10F42400A1F1300103EB830301EB430368DD04F135
:10F434001D063846164404F1200212F8011F1F2944
:10F4440001D908440137B242F7D1334AA2FB001272
:10F45400920902EB420202EB4212811A01318B4201
:10F4640017D0267FAEB9009104F11E012B4A0391F7
:10F4740040F21D11CDE9010705A80EF0FFFF05A913
:10F484002046FFF7EDFDD4F8FC300133C4F8FC301E
:10F4940097E794F8212004F12106212A84D104F16C
:10F4A40022011948F5F768FBD4F8F0300027FA2157
:10F4B4005A1C05A83346C4F81471C4F8F0202E462B
:10F4C400174A0EF0DBFF0A2305A920468DF80E71BA
:10F4D4008DF80D31FFF7C4FD73E794F82831002B44
:10F4E4003FF460AF04F11E060E4A4FF4967105A86E
:10F4F40033460EF0C3FF05A92046FFF7B1FD53E7DD
:10F5040001213046ABE700BF24EA0020E04600209A
:10F5140040460020D846002003B57EA5684600205A
:10F524005C460020AC460020F8B507460BF000FB13
:10F53400051E17DD0024264601E0A54210D00BF07D
:10F544003BFB002804F10104A0F10A0308DB752B3E
:10F55400F3D8C1B23846FFF7E3FEA5420646EED122
:10F564003046F8BD00263046F8BD00BF000000005C
:10F57400F8B50446FFF7D8FF58BBD4E94C135B1A1F
:10F58400002B26DD0546064616E0D4F83C31D4E9C6
:10F594004C120133521AC4F83C31B3EBA20F4FEAB8
:10F5A400A20006DBD4F84031C4F83C610133C4F84E
:10F5B4004031013585420CDAD4F83C3151F823004E
:10F5C400FFF796FB0028E0D1D4F848310133C4F8A2
:10F5D4004831554AD4F81031126893422DD2D4F8E8
:10F5E400F01003F57A7300290E46C4F8103125DDB6
:10F5F400D4F8082194F82031C4F80C21002B53D0FE
:10F604000020C4F8F410C4F8F8000023D4F8400132
:10F61400D4F80011C4F84401D4F848010A44C4F8E9
:10F62400F030C4F84031C4F80031C4E95230D4F8A1
:10F634005001C4E94112C4E95430F8BD94F82031B2
:10F644003BB9D4F80821D4F8F8000130C4F8F41018
:10F65400D9E7D4F80871D4F80C313A46D4F8F80054
:10F66400FB1A0A2B01DD054648B33C28EDDD237F58
:10F67400002B45D100222D4B84F82021C4F82C31D5
:10F684002B4BD3E902010CF0B5FD07EE900A31468D
:10F694003A46B7EEE77A9FED226B27EE067BB7EE8C
:10F6A400C77B84ED497A07E022492348FFF7D8FC59
:10F6B400D4F8F010D4F808210029A1DCC3E7D4E978
:10F6C4004C239B1A002B1EDD52F825000135FFF751
:10F6D40067FBD4E94C239B1AB5EBA30FF4DBD4F8F6
:10F6E400F8000022154B3C2884F82021C4F82C3162
:10F6F40001DD237F6BB1D4F8F060D4F80871BFE763
:10F7040031463A46D8E70D4B84F82001C4F82C3131
:10F71400B6E7D4F8F060D4F80871ABE7AFF3008033
:10F724008DEDB5A0F7C6B03EC4FA00209047002086
:10F73400D0E0002030470020D0FA0020704700209D
:10F7440038B5D0E94C239B1A002B0CDD0546002468
:10F7540052F824000134FFF723FBD5E94C239B1A0C
:10F76400B4EBA30FF4DB38BD164B174AD96A263124
:10F7740030B553F82110B5B031330546009102A8D5
:10F78400C8210EF07BFE02A91048FFF769FCD5E9F9
:10F794004C239B1A002B12DD002452F8240003682A
:10F7A4005B689847D5F8303153F824000134FFF7EB
:10F7B4000BFBD5E94C239B1AB4EBA30FEDDB35B05F
:10F7C40030BD00BF6CF60020A4450020D0FA002014
:10F7D400F8B5D0E94C239B1A002B22DD06460F46D0
:10F7E40000240DE0D6F8303153F824000134FFF73B
:10F7F4004FFA98B9D6E94C239B1AB4EBA30F10DA4D
:10F8040052F82400394603689B68984739460546F0
:10F814000028E7D0D6F81831A34205D001252846A0
:10F82400F8BD00252846F8BDD6F83031D6F81C219D
:10F8340053F8220003689B6898472846F8BD00BF28
:10F844002DE9F84FD0E900890F4692466FF06041E8
:10F85400A9EB0802B1EBA20F54D093100646A7EB14
:10F864000805012B1A4638BF01229C1848D2002CE7
:10F874003CD1A346DAF80030002D4BF8053024DCE7
:10F88400A9EB07090435B9F1000F5D4413DC4D44BD
:10F89400B8F1000F04D1B460C6E900B5BDE8F88F33
:10F8A400B168A1EB0801404609F0FCFDB460C6E96B
:10F8B40000B5BDE8F88F284639464A464D4409F05C
:10F8C40055FDB8F1000FE6D0EAE7A9EB07092A468F
:10F8D4004146584604350EF027FFB9F1000F5D4448
:10F8E400E9DCB1684D44A1EB0801DCE78C4228BF98
:10F8F4000C46A400204609F0D3FD83460444B9E72E
:10F90400024CF7E70248FFF719F900BFFCFFFF7F3D
:10F91400887F00202DE9F047234D82B0234C074611
:10F92400DFF8A08040F2EE292E68DFF89CA00BF0EF
:10F93400E7F923781BB398F80030DB071FD52B6851
:10F94400DAF800209B1A0E2B19D919493846FFF70B
:10F9540087FB184A18493846FFF7B4FA1749184A7A
:10F964003846FFF7AFFA0197D7E94D13994213D000
:10F9740041F8047BC7F8341102B0BDE8F0872B6866
:10F9840022789B1B2AB1B3F5FA6FDED80BF0B8F9D5
:10F99400CDE74B45FAD9D8E701AA07F59870FFF7E8
:10F9A4004FFF02B0BDE8F087C4FA00205DFC0020E0
:10F9B400A0470020C04700202448002068480020B9
:10F9C400284800205CFC002034FC0020D0E94D32A3
:10F9D40000B5934283B0019106D043F8041BC0F8EC
:10F9E400343103B05DF804FB01AA194600F59870A0
:10F9F400FFF726FF03B05DF804FB00BF10B51C4CF5
:10FA04002046FFF73BF91B48002301212060002218
:10FA140019482175C4F8242184F82811C4F82C014C
:10FA24002046A361A383C4F8E83084F8EC3084F85A
:10FA34002031124A1249C4E93C33C4E93E33C4E9D3
:10FA44004033C4E94233C4E94433C4E94633C4E926
:10FA54004C33C4E94E33C4E95033C4E95233C4E9E6
:10FA6400543384F85831BDE810400CF039B900BF64
:10FA7400D0FA0020C4810020842600203891002080
:10FA840001C8000010B5094C09492046FFF7E8FAFF
:10FA940008492046FFF7E4FA07492046FFF7E0FA51
:10FAA40020460649BDE81040FFF7DABAD0FA002034
:10FAB400AC7E0020C47E0020047F0020287F00202C
:10FAC40010B5054B04464068236018B1E168091A73
:10FAD40009F0E8FC204610BD588200200000000018
:10FAE4002DE9F04F81460026ED4D4FF480784FF01C
:10FAF400010409F5326B09F5D75A09F5AD572DED17
:10FB0400048B85B0FFF7BAF809F12003E549E64A0A
:10FB14001846C9F80010C9F82020C9F84433C9F8B8
:10FB2400603389F81460C9F82460C9F82860039325
:10FB340005F014FADD4A09F57873C9F83867C9F88D
:10FB4400E0234FF440721846C9F86837A9F85827DB
:10FB540009F61832C9F83C67C9F8182B4FF46872D3
:10FB6400C9F84067A9F81C2BC9F84467C9F8486765
:10FB7400C9F84C67C9F85067C9F8546789F85A67D7
:10FB840089F81E6B0193C9E9F96604F097FB05F146
:10FB94006C0305F1980240F20111C9F82C3B09F6F7
:10FBA4006830C9F8205BC9F8382B4246A9F8581BBD
:10FBB400314689F85A4B09F58054C9F8246BC9F8C1
:10FBC400286BC9F8306BC9F8346BC9F83C6B89F8F9
:10FBD400406BC9F8446BC9F8486B89F84C6BC9F899
:10FBE400506BC9F8546BC9F85C6BA9F8606B89F861
:10FBF400626BC9F8646B0EF013FE09F58351CDF8FE
:10FC040008A009F5005A00919FEDA18B9FEDA29BDE
:10FC14008BED528B8BED548B8BED569BC9F8806C1E
:10FC2400C9F8846CC9F8886CC9F88C6C09F020F8A0
:10FC340089F8946CC9F8900C584689F8B56FA9F8FE
:10FC4400B66FA9F8B86F06F03BF805F16C0340F203
:10FC5400011C4FF0010E05F198023146E36604F1F0
:10FC6400A800A4F898C084F89AE0E66784F8806055
:10FC74002566A267424684F88C60C4F89C60A4F8A8
:10FC8400A06084F8A260C4F8A460C4E91966C4E959
:10FC94001C66C4E92166C4E924660EF0C1FD84ED46
:10FCA4006A8B84ED6C8B84ED6E9BC4E97066C4E949
:10FCB400726608F0DDFF84F8D461C4F8D00184F8DA
:10FCC400F5640098A4F8F664A4F8F86405F0F8FF65
:10FCD40005F16C0340F2011C4FF0010E05F198028E
:10FCE4003146C4F8AC3504F5BD60A4F8D8C584F831
:10FCF400DAE5C4F8A465C4F8A865C4F8B065C4F826
:10FD0400B465C4F8BC6584F8C065C4F8C465C4F8B7
:10FD1400C865C4F8A055C4F8B825424684F8CC6533
:10FD2400C4F8D065C4F8D465C4F8DC65A4F8E0650B
:10FD340084F8E265C4F8E4650EF072FD87ED528B39
:10FD440087ED548B87ED569BC4F80067C4F80467AD
:10FD5400C4F80867C4F80C6708F08AFF84F81467CD
:10FD6400C4F81007384684F8356AA4F8366AA4F84B
:10FD7400386A05F0A5FF4FF0010E05F16C0340F25F
:10FD8400011C05F1980284F81AEB3146C4F8EC3AE8
:10FD9400A4F818CB04F62830C4F8E05AC4F8F82ABA
:10FDA4004246C4F8E46AC4F8E86AC4F8F06AC4F8DD
:10FDB400F46AC4F8FC6A84F8006BC4F8046BC4F8F1
:10FDC400086B84F80C6BC4F8106BC4F8146BC4F89B
:10FDD4001C6BA4F8206B84F8226BC4F8246B0EF01F
:10FDE4001FFD029D85ED569B85ED528B85ED548B51
:10FDF400C4F8406CC4F8446CC4F8486CC4F84C6C47
:10FE040008F036FF84F8546CC4F8500C284684F883
:10FE1400756FA4F8766FA4F8786F05F051FF039B13
:10FE2400009909F62C30224C0AF59C7CCAF8305112
:10FE340042F29015CAE9483B019B41F6EC2B019034
:10FE44004D44CAF8343141F26C03CB444B44CAE903
:10FE54004A1702930AF5A87109F5065341F2AC5703
:10FE6400009103934F440FCCACE80F0094E80300D7
:10FE7400029A8CE8030000990198CAF850618E80B8
:10FE84003146CAF858010AF5D270CAE9572711E079
:10FE94000000000000000000FF030000000000005C
:10FEA400C88000201C830020288200202C80002091
:10FEB4000C2100201E4A039BCAF868211D4ACAF877
:10FEC40064B1CAF86C211C4A9FED177BCAF87021F3
:10FED4001A4ACAE95E66CAF8742142461E609E80C8
:10FEE4008AF88661CAF88761CAF88B6185ED007B60
:10FEF400CAE96666CAF8A0610EF092FC4246314631
:10FF04000AF529700EF08CFC4FF000620B23484672
:10FF1400CAF8AC63CAF8A423CAF8A83305B0BDEC88
:10FF2400048BBDE8F08F00BFFFFFFFFFFFFFFFFF63
:10FF3400487F0020587F0020687F0020787F0020C1
:10FF440070B500F500550126044685F8A46302F057
:10FF5400A1FD0B4A0B492046FEF7B4FF0A4A0B49A0
:10FF64002046FEF7AFFF0A4A0A492046FEF7AAFFD9
:10FF740021460948FFF72AFD85F8A56370BD00BF37
:10FF8400BC7D0020E07D0020E87D00200C7E002068
:10FF9400147E00202C7E0020D0FA002000000000F7
:10FFA4002DE9F04F836900F50057A3B0013397F8AA
:10FFB400A4238361002A00F0EA80C94ADE1782FB89
:10FFC4000312C6EBA20606EB8606B3EB460640F028
:10FFD400DE8097F8A533002B00F0DC80054642F262
:10FFE400871A00F53269B04603F03AFDAA444FF08F
:0CFFF400FF3305F664444FF4A86B07933C
:02000004600199
:100000000BFB085393F8623B002B40F0E78008F1AC
:10001000010809F5A8690AF1010A04F5A864B8F114
:10002000040FEDD1079B002B00F08A80D7F89831A0
:10003000D90540F1C6802A7D002A00F0B2809A05D9
:1000400040F192810024A849A848FFF70BF8DFF897
:10005000A4822C7597F8AB2340461146FBF70CF9A8
:10006000002300942246C8F818300121C8F81C303B
:1000700023469F48FEF720FBD7F898312C7D980641
:1000800000F16681002C00F0A580D7F8B831D7F8D0
:10009000AC219FED904B9FED915B7F3B642109A8C4
:1000A00007EE103AA2F17F03924A06EE103AB8EE3C
:1000B000C77B914BB8EEC66B27EE047B1B6826EE20
:1000C000056BB7EEC77BB7EEC66BB7EEC75AB7EE98
:1000D000C64A77EE467A37EE067A8DED024B8DED05
:1000E000005BC2ED067A82ED077AD7F8AC23D7F829
:1000F000A8610492814A7F3E0EF0C2F909A97B48AB
:10010000FEF7B0FFD7F898312C7DD7F8A0219A429E
:1001100002D0012287F8A923C7F8A03142F2A02318
:1001200001202B4405F50B5553F8FC2C53F8041F04
:100130008A4218BF87F8AA039D421A60F4D101E0F1
:100140002C7D079E079BB3F1000B18BF4FF0010BEE
:1001500087F8A6B3ECB106EB8606D7F8AC3368494E
:1001600003EB46038B4200F3D38066498B42C0F217
:10017000EA806549DA17C7F8AC3381FB0313A2EBB9
:10018000631212B200240123594819460094FEF765
:1001900093FA23B0BDE8F08F23B0BDE8F04FFFF72E
:1001A000D1BE012253482A75114690F8203087F8B5
:1001B000AB33FBF761F855494C48FEF753FFD7F8CE
:1001C00098319A052C7D7FF55AAF002C7FF43AAF19
:1001D00099069AD4D7F89831002496E74B4642F214
:1001E000A01253F8440FAA18C7F8980153F8041F37
:1001F000A34242F8041FF9D199F82C30022B00F0E9
:100200008B8017D8012B4AD199F890109AF80030BA
:1002100099F894208B4218D19AF80430934214D163
:10022000D7F89C31984222D14846CDF81C8006F080
:10023000E9F8ECE6033B012B31D899F854109AF811
:10024000003099F858208B4225D0322348468AF84E
:1002500000108AF8042005F02FFFD7F89801D7F88E
:100260009C318342E0D099F82C30012B1BD18304C0
:100270004FF0000254BFC0F3C033022310F4805F7C
:10028000114618BF042310F4804F484618BF0823B6
:1002900005F05AFE13E09AF804309342D5D1D7F80E
:1002A0009C319842C0D040F3800340F3400240F3B9
:1002B00000014846DBB2D2B2C9B205F045FED7F81C
:1002C00098314846CDF81C80C7F89C3106F09AF862
:1002D0009DE600BF7B14AE47E17A84BFFA7E6ABC1C
:1002E000749378BF67666666807D0020D0FA002030
:1002F00070FA0020D4F40020C4FA0020987D002079
:10030000084C0100E88CFEFF1F85EB516C7D00203E
:100310001C4AC7F8AC1335E799F854109AF8003026
:1003200099F858208B4203D19AF804309342B6D002
:10033000FF2348468AF800108AF8042005F0BCFE26
:10034000D7F898018BE740F2B632C7F8AC1319E73B
:10035000002C3FF4DAAED7F8B831D7F8AC219FEDD6
:10036000054B9FED065B98E69B06F4D48DE600BF37
:10037000AFF300809A9999999999A9BFFCA9F1D2F4
:100380004D6270BFAEFCFFFF2DE9F0430646CDB0D5
:100390001C4A4FF4967106F5005801A898F8A63348
:1003A0000EF06EF801A80FF0EDFD01AB04461D182C
:1003B00098F8A733CBB142F2A017DFF85490374436
:1003C0000026C4F5967157F8043F4A4628460EF0B9
:1003D00057F828460FF0D6FD013698F8A7330444A5
:1003E00001AAB34202EB0405EBDC074AC4F596719F
:1003F00028460EF045F801A90448FEF733FE4DB03B
:10040000BDE8F0839C7E0020FC4E0020D0FA002046
:10041000A87E002000F50053094A4FF4967110B5EC
:10042000D3F89841CEB0009403A893F8A6330EF009
:1004300027F803A90348FEF715FE4EB010BD00BF14
:10044000CC7C0020D0FA002010B58646E2B0334ABA
:100450004FF496710EF5005C17A8DCF8C0317F3BB5
:10046000DB010A93DCF8BC317F3BDB010993DCF84C
:10047000B4317F3BDB010893DCF8B831C3F17F0373
:10048000DB010793DCF8AC317F3BDB010693DCF842
:10049000B0317F3BDB010593DCF8A831C3F17F036A
:1004A000DB010493DCF8A4317F3BDB0103939CF870
:1004B000A843DCF8983102949CF8A7430194C3F355
:1004C000C0141594C3F380241494C3F3002413942C
:1004D000C3F340241294C3F380141194C3F3401463
:1004E0001094C3F300140F9403F001040E94C3F3AB
:1004F000C0040D94C3F34004C3F380030C940B9326
:100500009EF8143000939CF8A6330DF0B9FF17A99C
:100510000348FEF7A7FD62B010BD00BF4C7E00206F
:10052000D0FA00200346B1B1012911D0022914D11B
:1005300000F5005292F8AA1311B992F8A91349B123
:100540000021184682F8A91382F8AA13FFF77CBF8E
:10055000FFF760BF7047FFF717BF70472DE9F04303
:1005600042F2541400269FB0DFF8F880394F31462C
:1005700004440546DFF8F09054F8043F9A6842B30B
:10058000118C334605A803916421D28B0292226913
:10059000019295F84C2B009242460DF071FF05A98F
:1005A0003846FEF75FFD21688B688BB11A6942B14E
:1005B0001378D018C078002831D15378D018C0787B
:1005C000E8B98B681A691AB19378D118C97851B90A
:1005D0000121013605F5A865042ECDD1002931D0C1
:1005E0001FB0BDE8F0830333642105A813444A46D5
:1005F0000DF046FF05A93846FEF734FDE8E7033362
:10060000642105A81344144A0DF03AFF05A93846A1
:10061000FEF728FD23689B68002BD3D1D8E703336E
:10062000642105A813440D4A0DF02AFF05A9384698
:10063000FEF718FD21688B68002BC9D01A69002AC3
:10064000BBD1BEE706490348FEF70CFD1FB0BDE86D
:10065000F08300BFD0FA00202C7D0020147D002004
:100660004C7D0020DC7C00203C7D002038B50D4610
:1006700004460822274928460EF0BAF9A8B30422F6
:10068000254928460EF0B4F9C8B942F2901304F592
:100690008E5104F5486504F5B8502344D3E900238E
:1006A00045E9022341E9022304F5E25140E902232E
:1006B000204641E90223FFF751FF012038BD042203
:1006C000164928460EF094F9F0B901460A22681D31
:1006D00004F500540DF0E4FCA0F10100B0FA80F044
:1006E000400984F88601012038BD05F108010A227D
:1006F00004F5005408460DF0D3FC003818BF012063
:1007000084F8A403012038BD29462046BDE83840BE
:10071000FEF7C0BA307E00203C7E0020447E0020E0
:1007200010B5054C2046FFF7DDF92046034A044981
:10073000BDE810400BF0D6BA00B40020389100207C
:10074000C1D3000038B504460A4B0B4A002104F11E
:10075000340500F059FB094B0121094A284600F0F5
:1007600053FB0223204684F86830C4E91B45C4E9E2
:100770001D4538BD00400C40543C002000800C401A
:10078000803C0020531C70B504460CD032B1012AC5
:100790002DD1006FBDE8704000F094BBC06EBDE885
:1007A000704000F08FBB0D46C06E00F07FFB064628
:1007B0002946206F00F07AFB66B190B1D4E91B3076
:1007C000597C427C91422946E4D81846BDE87040E5
:1007D00000F078BB98B12946206FBDE8704000F06A
:1007E00071BB2946E06EBDE8704000F06BBBC26E85
:1007F0000A48538A9BB243F00103538270BDD4E987
:100800001B1206484B8A9BB243F004034B82538A67
:100810009BB243F00403538270BD00BF90EEFEFF15
:10082000531C70B504460FD04AB1012A23D0C26EC2
:100830000020538A9BB243F00103538270BDC06E07
:10084000BDE8704000F0B2BB0D46C06E00F02EFB5C
:1008500006462946206F00F029FB8EB1F0B1D4E99D
:100860001B30597C427C9142294605D81846BDE888
:10087000704000F09BBB006FBDE8704000F096BB7D
:1008800090B9D4E91B124B8A9BB243F004034B820C
:10089000538A9BB243F00403538270BD2946E06E35
:1008A000BDE8704000F082BB2946206FBDE8704073
:1008B00000F07CBB01290CBF036FC36E9B6A586AB2
:1008C00000B2704772B60123826A437572B6936CA8
:1008D00023F08003936462B6826A72B6D36C43F0ED
:1008E0000203D36462B6826A72B6936C43F08003EB
:1008F000936462B662B67047437F8B421BD0012976
:1009000023D0C9B172B60123826A437572B6936C63
:1009100023F08003936462B6826A72B6D36C43F0AC
:100920000203D36462B6826A72B6936C43F08003AA
:10093000936462B662B67047826A417772B6536C4E
:1009400023F4C053536462B6DCE74177DAE700BFB3
:10095000837F8B4200F0E08070B4042900F20C81A8
:10096000DFE811F0250073009000B5000500826AF1
:1009700072B6536C43F48063536462B6826A72B693
:10098000936C43F00103936462B6826A72B6536C4F
:1009900043F00303536462B6826A72B6536C23F069
:1009A0006003536462B670BC8177FFF78BBF826AC5
:1009B00072B6536C23F48063536462B6826A72B673
:1009C000536C43F08003536462B66F4A6F4B1468F4
:1009D0009C4280F084806E4B9C4274D26D4B9C4252
:1009E00080F09B806C4B00229C42164634BF002452
:1009F0000124856A72B6AB6C23F00103AB6462B666
:100A0000836A002A00F0818072B65A6C42F00102BB
:100A10005A6462B672B65A6C22F002025A6462B626
:100A2000836A002C5FD072B65A6C42F020025A647E
:100A300062B6002E5FD072B65A6C42F040025A6421
:100A400062B670BC8177FFF73DBF826A72B6536CA5
:100A500023F48063536462B6826A72B6536C23F0E7
:100A60008003536462B6484A484B12689A4258D28F
:100A7000474B9A4268D2474B9A4273D2002216469D
:100A80001446B6E7826A72B6536C43F480635364CB
:100A900062B6826A72B6536C23F08003536462B606
:100AA000394B3E4A1B689342E8D93D4A934255D997
:100AB0003C4A934231D902F1186202F5162202F63D
:100AC000040293420BD801260022344691E7826A41
:100AD00072B6536C23F48063536462B64EE701220E
:100AE0001646144685E772B65A6C22F020025A6404
:100AF00062B6002E9FD172B65A6C22F040025A6440
:100B000062B670BC8177FFF7DDBE72B65A6C22F018
:100B100001025A6462B67DE770470022012614463E
:100B200067E71F4B9A4223D91E4B9A421ED903F105
:100B30001863012603F51623344603F604039A428C
:100B400094BF0022012254E7144B9A420AD9202470
:100B5000203400220126C4F340144AE70022012475
:100B6000164646E700260124324642E74024EFE7D6
:100B70000024012622463CE7438A9BB243F001034E
:100B800070BC4382704700BFEC9600200090D003F9
:100B90000048E8010024F40000127A00005A6202C2
:100BA00001B4C4040368890938B5437D04460D4681
:100BB000EBB9072D19D8DFE805F01D33404D535927
:100BC0005F04A26A72B6536C23F01003536462B6DA
:100BD000A36A72B65A6C22F480725A6462B672B614
:100BE0005A6C22F400725A6462B6E57738BD00F0A0
:100BF00049F8DEE7A26A72B6536C43F010035364FF
:100C000062B6A36A72B65A6C42F480725A6462B6D3
:100C100072B65A6C42F400725A6462B6E57738BD17
:100C2000A26A72B6536C43F01003536462B6A36AAF
:100C300072B65A6C22F48072E8E7A26A72B6536CFC
:100C400043F01003536462B6A36A72B65A6C42F45E
:100C50008072C2E7A26A72B6536C43F01003B5E724
:100C6000A26A72B6536C23F01003C8E7A26A72B688
:100C7000536C23F01003D8E7A26A72B6536C23F0CA
:100C80001003DFE738B50021836A827D9D6CDB6C41
:100C9000417502B938BD04460121FFF759FE032111
:100CA000FFF782FF637D93B9A26A72B6936C43F03B
:100CB0002003936462B6A26A72B6536C23F4404375
:100CC000536462B6042200232277A37538BD204600
:100CD000FFF7D8FFE8E700BF38B5C37D8B4219D0D6
:100CE000437D04460D4603BB092D14D90B2DA36A81
:100CF0001ED872B65A6C42F004025A6462B672B6DA
:100D00005A6C22F008025A6462B640F2FF320A239B
:100D1000A261E37538BDA26A72B6536C23F00C036E
:100D2000536462B6FF220823F2E7FFF7ABFFDBE76D
:100D300072B65A6C22F004025A6462B672B65A6CE9
:100D400042F008025A6462B640F6FF720C23DFE7F5
:100D500010B5037D04462B4A002B49D1D36E43F4D2
:100D60004033D36600234FF40072A16AE375A36198
:100D7000A28384F8243072B64A6C42F480324A640A
:100D800062B640F20271627F63756382E1836374CD
:100D900052B1A26A637772B6536C23F4C0535364A2
:100DA00062B62046FFF78EFD0A212046FFF794FF2A
:100DB0000122637DA27503BBA26A72B6936C43F0F5
:100DC0002003936462B6A26A72B6536C43F4404344
:100DD000536462B62023204600212377FFF7B8FD35
:100DE0000121FFF7E1FE2046BDE81040FFF76ABD94
:100DF000D36E43F44073D366B4E72046FFF742FF57
:100E0000DAE700BF00C00F40002910B583620CBFB5
:100E10000B460323026214BF6B22672280F82E3038
:100E20000CBF0B4604230446017580F82F3014BF15
:100E30002723242380F82D2080F82C3014BF44234E
:100E4000432380F83030FFF783FF204610BD00BFFA
:100E500070B5437D04460E461546F3B9A26A72B6D4
:100E6000136843F08003136062B694F830300120B9
:100E70000B4A103384F8240042F82360094B94F89D
:100E80003020D554084B94F8302003EB521302F075
:100E90001F029B009040186070BDFFF7F3FEDDE776
:100EA00000A0002000E400E040380038292907D8DD
:100EB000036A585C00F01F001F3818BF01207047FC
:100EC0000020704729292DE9F04704465CD8036AC1
:100ED0008A465B5C03F01F031F2B55D0437C427D89
:100EE00001334374002A47D1A36ADD6C15F0010574
:100EF00037D12E462F46A846A94672B69A6C22F0E4
:100F000040029A6462B6236A13F80A3072B694F803
:100F1000242003F01F0303EBC213A26A136062B61E
:100F2000A36ADB6CD90705D509F0ECFEA36ADB6C7C
:100F3000DB07F9D472B6A36A1A6AD2072CD5586AAD
:100F400080B262B645B172B6A36AC3F80090C3F826
:100F500044809F64DE6462B6637C013B6374BDE8D9
:100F6000F08772B6A36AD3F80090D3F844809F6CE0
:100F7000DE6C62B6A36AC0E7FFF784FEA36ADD6C8D
:100F800015F00105B5D0ECE7638A07489BB243F042
:100F900004036382BDE8F087638A03489BB243F091
:100FA00080036382CDE700BF90EEFEFF292938B5AC
:100FB00004462FD8036A0D465B5C03F01F031F2B0A
:100FC00028D0437D002B2CD1A26AD36C03F00103FF
:100FD00023745BB172B6A36A18685A6CC4E9000244
:100FE0009A6CDB6CC4E9022362B6A26A72B6936C97
:100FF00023F04003936462B6236A5B5D72B694F893
:10100000241003F01F03A26A03EBC113136062B63E
:10101000012038BD638A00209BB243F00403638241
:1010200038BDFFF72FFECFE790F8A32090F8A2007D
:10103000101A704790F8A23090F8A3209A4205D970
:101040005A1C034480F8A220987E70474FF0FF306E
:10105000704700BF2DE9F0474FF001080F461D46CD
:101060001146C36907FA08F2044683F8A52083F8FD
:10107000308183F82F81C06903681B689847414617
:10108000E06900F095FB064610B13046BDE8F087F8
:101090003946DFF870903746DFF86CA043462A46A1
:1010A000E06900F005FC5FFA87F8E06903681B69F6
:1010B0004B451FD190F8A33090F8A220981A002831
:1010C000E3D0E06903685B69534515D190F8A2C08D
:1010D00090F8A33063450CF1010384440FD980F8E4
:1010E000A2309CF81A004545DFD9089B013703F868
:1010F0000800D8E79847E2E79847C0B2F3E7FF2037
:10110000F1E700BF25E9000031E9000070B50446B1
:10111000012548001E46E369114683F8305183F8E3
:101120002F5183F8A500E06903681B689847E069C0
:10113000314603681B6898472946E069BDE870405E
:1011400000F036BB00224FF0000C0170C0F820C048
:10115000C0F824C042804260C2617047C1617047DC
:10116000C36930B5044683B00D4643B121780123ED
:10117000752220460095FFF76DFF03B030BD024891
:10118000E06116F0DBF9F1E75497002038B5C36948
:1011900004460D462BB3182D0ED8DFE805F01F0DC1
:1011A0000D0D0D0D0D0D270D0D0D0D0D0D0D1C0D46
:1011B0000D0D0D0D0D0D0E0038BD4FF0834020625A
:1011C0002B46217820461C22FFF7A0FF0A20BDE80D
:1011D000384007F0FBBC4FF08240F0E74FF0804012
:1011E000EDE70448E06116F0A9F9D4E74FF081403B
:1011F000E5E700BF5497002010B5002384B00446F3
:101200000A220C21FFF782FF0A2007F0DFFC0F23E0
:101210000A220C212046FFF779FF0A2007F0D6FCAE
:1012200003A80323102200900C212046FFF712FF91
:101230009DF80E20BDF80C3084F82A20238504B0D8
:1012400010BD00BFC36970B5044684B00D46002BC5
:1012500042D00DF10F0601236B2220460096217823
:10126000FFF7F8FE9DF80F3021786B2203F08F0313
:101270002046FFF74BFF0A2007F0A8FC0096012349
:10128000217837222046FFF7E5FE9DF80F302178C0
:10129000372243F002032046FFF738FF0A2007F009
:1012A00095FC2046FFF7A8FF0A220C2100232046C8
:1012B000FFF72CFF0A2007F089FC2B460A220C219D
:1012C0002046FFF723FF0A2007F080FC0A2004B025
:1012D000BDE8704007F07ABC0248E06116F02EF9D4
:1012E000B7E700BF5497002010B584B00123372220
:1012F00004460DF10F0100910178FFF7ABFE9DF858
:101300000F303722217843F002032046FFF7FEFE1C
:101310000A2004B0BDE8104007F058BC10B500F139
:10132000140482B0072303220C210094FFF792FEDD
:1013300002B010BD90F82830B6EE003BDFED157A14
:10134000B7EE005B07EE103AB0F91430B8EE477A0A
:1013500006EE103AB0F90230B8EEC66B37EE677A97
:1013600000EE103A9FED094BB7EEC77AB8EEC00A0F
:1013700027EE037BA7EE045B26EE057BB7EEC77B6B
:1013800037EE000A704700BFAFF300800000000096
:101390000000803F000000430000000090F829306A
:1013A000B6EE003BDFED157AB7EE005B07EE103AC4
:1013B000B0F91630B8EE477A06EE103AB0F90430BC
:1013C000B8EEC66B37EE677A00EE103A9FED094B28
:1013D000B7EEC77AB8EEC00A27EE037BA7EE045B30
:1013E00026EE057BB7EEC77B37EE000A704700BFDD
:1013F000AFF30080000000000000803F00000043C9
:101400000000000090F82A30B6EE003BDFED157AC0
:10141000B7EE005B07EE103AB0F91830B8EE477A35
:1014200006EE103AB0F90630B8EEC66B37EE677AC2
:1014300000EE103A9FED094BB7EEC77AB8EEC00A3E
:1014400027EE037BA7EE045B26EE057BB7EEC77B9A
:1014500037EE000A704700BFAFF3008000000000C5
:101460000000803F0000004310B5044682B0062310
:101470003B2214F8081B0094FFF7ECFD02B010BDEE
:10148000038990ED087ADBBA9FED050A5B4207EE0F
:10149000903AF8EEE77A67EE877A27EE800A70478F
:1014A00000000038438990ED087ADBBA9FED050A09
:1014B0005B4207EE903AF8EEE77A67EE877A27EE1E
:1014C000800A704700000038838990ED087ADBBA03
:1014D0009FED050A5B4207EE903AF8EEE77A67EE79
:1014E000877A27EE800A70470000003838B5C36954
:1014F00004460D4613B3182D0ED8DFE805F01D0D78
:101500000D0D0D0D0D0D240D0D0D0D0D0D0D1B0DE6
:101510000D0D0D0D0D0D0E0038BD0C4860622B46F3
:10152000217820461B22FFF7F1FD0A20BDE8384054
:1015300007F04CBB0648F1E70648EFE70648E061D4
:1015400015F0FCFFD7E70548E8E700BF0000FA44C4
:1015500000007A4400007A43549700200000FA43C8
:1015600010B5044682B00623432214F80E1B0094E3
:10157000FFF770FD02B010BDC38990ED097ADBBAA8
:101580009FED050A5B4207EE903AF8EEE77A67EEC8
:10159000877A27EE800A704700000038038A90EDB2
:1015A000097ADBBA9FED050A5B4207EE903AF8EE46
:1015B000E77A67EE877A27EE800A704700000038E6
:1015C000438A90ED097ADBBA9FED050A5B4207EE8C
:1015D000903AF8EEE77A67EE877A27EE800A70474E
:1015E0000000003890F8A23090F8A3209A4202D967
:1015F0001844807E70474FF0FF307047704700BF3F
:101600000346B0F8300178B193F82F21882A03D926
:10161000012200205A60704702F1010C01201A4497
:1016200083F82FC182F8A510704700BF38B5B0F815
:1016300030410CB9204638BD90F82F310546C3F132
:101640008904A2420DD8144605F1A500224618448B
:1016500007F08EFE95F82F312046234485F82F3170
:1016600038BD01224260EFE72DE9F04FD0F814A019
:101670001524017E8146437E83B00AEB0111384A6E
:101680000AEB0313374F097A93F8283002EB011560
:101690000901E86852F8018002EB0311D5F804B0A3
:1016A0001B01CE68D558CBF80040C8F88400D8F8A4
:1016B00004304A6803432C490192C8F8043014608E
:1016C000C5F884606B6833436B60284B4C683A689C
:1016D000A3FB0232920C02EB820252004B681B1BEE
:1016E0009A42FBD84FF0090C1F4ADFF880E0D8F887
:1016F0000830034202D0AB6833422FD1C5F888606E
:1017000054683968AEFB0131890C01EB81015368E3
:101710001B1B9942FBD8C5F8846054683968AEFB3E
:101720000131890C01EB810153681B1B9942FBD8E5
:10173000BCF1010CDBD1604699F81830019A0AEB34
:101740000313DB68CBF8003099F819300AEB031A61
:10175000DAF82C30136003B0BDE8F08F0120EBE71E
:1017600074830020F0960020001000E083DE1B430D
:101770000E4A10B51168046905E0DB0107D413684F
:101780005B1A102B08D8636913F0007FF5D14FF472
:10179000FE430120636110BDFFF766FF0028FAD009
:1017A0004FF4FE4301206361F5E700BFC4FA002057
:1017B0002DE9F04790F82FA10569BAF1000F4FD03D
:1017C00081468846FFF7D4FF002849D0374E0024D1
:1017D000376818E06B69190551D4DA0455D45805F7
:1017E00059D4990441D43268D21B322A3DD8544589
:1017F00007D9EA6D520704D19B0555D4B8F1000F03
:1018000052D009F07FFA5445E4D8EA6D500702F04F
:101810000703DFD413E099F8A5200133022442F432
:101820008062042B2A661ED08A4503F1010309EB6E
:1018300001020ED992F8A520042B2A66CAD00121F4
:10184000002CE8D02146013301348A4509EB01021E
:10185000F0D8B8F1000FBDD04FF400732B66B9E794
:101860000420BDE8F0870124B4E72B694FF400722F
:10187000042043F440732B612A66BDE8F0872B698E
:10188000042043F440732B61EBE72B69052043F4FC
:1018900040732B61E5E72B694FF40072022043F49B
:1018A00040732B612A66DCE70020DAE7C4FA0020E7
:1018B0002DE9F84F83460C4615461F46D0F810A078
:1018C000FFF756FF002800F09E806100012DDFF831
:1018D0003C8140F20146CBB24FF0000138BF0125F8
:1018E000D8F800900C461E43ABF8A21020E09BF8FD
:1018F000A330872B3FD9DAF8142010055AD412F4FC
:10190000105F70D1D8F80030A3EB0903322B6AD8EE
:101910009BF8A330AB4209D3022C07D9DAF85C302C
:10192000590703D193054BD4002F49D009F0EAF9A8
:10193000022CDCD8DAF85C3003F007025B07D6D45F
:10194000681E224440F480704CB9CAF860600134CB
:10195000131B032BCBD8022CC9D8002CF5D0012C9B
:1019600037D01FB14FF40073CAF860309BF8A33032
:101970000324872BBFD8DAF85C2012F4E02FC2F3DF
:10198000024CB8D0591C9C441933C9B25FFA8CFC84
:101990005BFA83F3DAF870004A1C61458BF8A310F8
:1019A000D1B203F8010FA6D08929F3D1DAF81420B7
:1019B0001005A4D5DAF8103043F44073CAF810309B
:1019C000DAF85C3013F4E02F06D19BF8A300BDE8F1
:1019D000F88FCAF86000BAE7DAF8103043F4007301
:1019E000CAF81030F1E7DAF810304FF4007243F41F
:1019F0004073CAF81030CAF86020DAF85C3013F48B
:101A0000E02FE2D0E8E70420BDE8F88FC4FA002018
:101A1000F8B506690446D6F8145115F4706301D080
:101A2000C6F81431A8070BD5D6F8702111043DD59E
:101A30000023012184F8A230234484F8A3109A766D
:101A4000EA0710D594F83071F7B194F82E7194F834
:101A50002F31BB4226D97B1C274484F82E3197F8BE
:101A6000A530C6F86031AB050DD594F8A30018B1C8
:101A7000D4F83C3103B198470023A4F8A230A4F86D
:101A80002E3184F83031F8BDD4F8383103B198479D
:101A9000002384F82E31012384F8303194F82F315B
:101AA000BB42D8D80023C6F86031DCE794F8A330F5
:101AB000872BC5D8591CC9B2BEE700BF0148FFF744
:101AC000A7BF00BF549700200148FFF7A1BF00BF88
:101AD000949800200148FFF79BBF00BFD4990020D5
:101AE00010B4144C00220369A1421A6114D8124C9C
:101AF000012012494FF430329C6458629962DA62D4
:101B00009C6C00204FF0011101221C6518625DF8E9
:101B1000044B99651A6170470948814207D9094CFD
:101B200009480A499C645A629862D962E8E7084CFD
:101B30000848F6E77F1A06003B372819B80B050559
:101B40003F420F000A09070460090101007F0500F8
:101B50001C1A120C100E0202704700BF10B4046869
:101B60002469A4465DF8044B604700BF30B40468A4
:101B7000BDF808500295A46BA44630BC604700BF76
:101B800030B40468BDF808500295E46BA44630BC3C
:101B9000604700BF30B4BDF9085004680295BDF835
:101BA0000C500395246CA44630BC604730B500222D
:101BB00083B00468B0F90E50019111460095B0F958
:101BC0000C30246CA04703B030BD00BF704700BF8D
:101BD00001F003038376CB0705D40289B0F90A30FC
:101BE0008281C38170474289B0F908308281C38104
:101BF000704700BF2DE9F0411C460B46016884B0D8
:101C0000114E05464F69BDF82880B74210D1013CFE
:101C1000CDF804802846144424B200948C6A1946F6
:101C2000A0472B68DB6AB34209D104B0BDE8F0815C
:101C3000CDE90232B8472968DDE90232E7E72846F4
:101C400004B0BDE8F041184755F400002DE9F04319
:101C5000056885B0124E04466F699946BDF830801C
:101C6000B74210D109F1FF33CDF80480009220462D
:101C70000B44AD6A1BB2A8472368DB6AB34209D1A3
:101C800005B0BDE8F083CDE90212B8472568DDE96B
:101C90000212E7E7204605B0BDE8F043184700BF51
:101CA00055F400002DE9F043994287B00546BDF98F
:101CB0003840BDF83C6022D0A24212D00768DFF85D
:101CC0008480D7F81490C14533D12846CDE9004629
:101CD000BC6AA0472B68DB6A434525D107B0BDE845
:101CE000F08399421CDC0E9601332C6828465B1A5F
:101CF000E46B1BB2A44607B0BDE8F0436047A242C4
:101D000002DD134622461C460E96631C2C682846AC
:101D10009B1AA46B1BB2A44607B0BDE8F043604712
:101D2000084619460346DEE7284607B0BDE8F043FB
:101D30001847CDE904230391C8472F680399DDE9CB
:101D40000423C2E755F40000D0F800C02DE9F04F9D
:101D500090461F461F4A83B0DCF8143005460C46F7
:101D6000BDF930909342BDF834A029D12744A74251
:101D70001EDDDFF864B00AE00134CDF800A0DCF825
:101D8000386024B2B047D5F800C0BC4210DADCF8A5
:101D900020604B46424621465E452846ECD0013441
:101DA000CDF800A0B047D5F800C024B2BC42EEDBAD
:101DB000DCF82C30074A934206D103B0BDE8F08F1F
:101DC0009847D5F800C0D1E7284603B0BDE8F04FEA
:101DD000184700BF55F4000069F400002DE9F04FEA
:101DE0001D4603681646DFF8BC905A6985B0044664
:101DF0004A45BDF93880BDF83C7043D1D3F824B0D2
:101E00003246DFF8A4A020460097D345039108BFCF
:101E1000D3F83CB02B46D847236808F1FF3203992A
:101E2000D3F824B032440097D34512B234D1D3F85A
:101E30003CA0204603912B46D047039923683246A5
:101E4000DFF868A02046D3F820B0013D0097D345C5
:101E5000039108BFD3F838B04346D84703992268A6
:101E600043460D44204629B2156A0097554508BFE0
:101E7000956B3246A8472368DB6A4B4507D105B00E
:101E8000BDE8F08F0391904723680399B6E7204699
:101E900005B0BDE8F04F184703912B462046D847C0
:101EA0000399CBE755F400007DF4000069F40000CD
:101EB0002DE9F04F2DED028B85B098460C46164665
:101EC000BDF940C0A8EB010A0746BDF84490ACEB51
:101ED0000203BAF1000F83EAE375B8BFCAF1000A42
:101EE000A5EBE3755545009566DD41462046224643
:101EF00043463446E04606468C46444508DD1546D2
:101F0000304621461A46664644462B468446884655
:101F10009B1AA8EB0402002B15B292B2B8BF5B4229
:101F2000002D0192B8BF0135B4454FEA65053ADD91
:101F3000012202929BB208EE107A03931EE018EE83
:101F4000101A204F18EE100AD1F800C03146DCF804
:101F500018B0BB452ED1DCF810B0D847039B013434
:101F6000029AEB1A0199B21824B21DB29BB2002D4D
:101F70000B4401DA16B21DB2A04516DB009B2246C7
:101F8000214653454B46DADC18EE103A0D4F3246E7
:101F900018EE100AD3F800C04B46DCF818B0BB4569
:101FA000D9D0D847DAE7444508DD05B0BDEC028B4F
:101FB000BDE8F08FD847D1E763469EE74FF0FF3288
:101FC0000292B7E759F400004281C281084A0181B8
:101FD00081814FF0FF318261064A10B40024026013
:101FE000446004770462C0E904415DF8044B704723
:101FF00001010001D47F00202DE9F04F87B0824617
:1020000000681746BDF9406088460593F31D354AC0
:10201000BDF9444048BF06F10E03BDF848B0DB10DF
:1020200003934369934253D1002C45DD3C448446DD
:10203000A3B2049300231D460293002E31DD059ABE
:10204000002302990A4401920AE0EDB204EB080170
:1020500015F0800F09B213D1013423B2B34220D05E
:1020600013F0070F4FEAE3029CB24FEA4505ECD1AB
:10207000019B04EB08019D5C09B215F0800FEBD0C9
:10208000DCF818905B4618483A4681451BD101346C
:10209000DCF810905046C847DAF800C023B2B342CB
:1020A000DED10137DDE902321344049A0293BBB258
:1020B0003FB29A42C1D16046C36A0A4A93420CD1E8
:1020C00007B0BDE8F08F5046C847DAF800C0C3E754
:1020D00050469847DAF80000A6E7504607B0BDE83A
:1020E000F04F184755F4000059F400002DE9F04F67
:1020F0002DED028B91B091468246BDF8702004917F
:102100009DF8781005920E91026A9DF87C10BDF83A
:1021100074B00291002A00F0B380117AD2E9002451
:102120005B1A02990392DBB20E9A114304EBC302CD
:1021300034F8337092F905000129D37892F80280BF
:1021400092F906400A9308905AD800230B930993FA
:10215000A34BDAF8002019460F9353698B4240F0E5
:102160007D810A9B002B78D01FFA89F3D346DDF8D6
:1021700038900C9323440D9300231D460793069338
:10218000B8F1000F61D006990B9B029CCB180C98FC
:10219000079E03FB040300241BB208EE103A0D9BBC
:1021A0000B441BB208EE903A05E001346D00E4B236
:1021B000EDB2A04545D9334601365907F6B203D1F1
:1021C0007B1C0399CD5D9FB22B06EED5B9F1010FB3
:1021D0001BD1029B012B18D1089B58460499D2F8B9
:1021E00018A059187F4B21449A45059B08BFD2F887
:1021F00010A009B218EE902AD047DBF80020D4E7EF
:1022000003B2099323B20B93A2E7099BD2F81CA057
:102210001919DFF8D8E1049BBDF90800F24501FB6C
:1022200009310FFA89F3009009B220D10598019085
:102230005846D2F840A018EE102AD047DBF800200C
:10224000B3E7079B4344DBB20793069B0A9901332C
:10225000DBB29942069393D8DA46D36A0F9A934237
:1022600040F0F58011B0BDEC028BBDE8F08F059A0F
:102270005846019218EE102AD047DBF8002094E768
:10228000B0F90C2004998A42ECDDB0F90E204A45E1
:10229000E8DD06220E9812FB0012002AE2DD029A07
:1022A00009EBC202002ADDDD9AF81C20012A03D0C6
:1022B000AF2B01D90133DBB2494ADAF800001146ED
:1022C0000F9242698A4240F0F080BDF8102003EB83
:1022D0008303CDF80C90D14611460B92424ACDF8BB
:1022E00010B0D3180A46DDF8148008934B1D0E99E0
:1022F0009BB2029F8B4609938BB20A930346CDE9AA
:102300000622089A08240025CA4612F8016B089292
:10231000BDF91C2008EE102A0FFA8BF208EE902A65
:102320001CE0BBF1010F039A36D1012F34D1D3F851
:102330001890AA182B4812B2BDF9181081455046C2
:1023400008BFD3F810904346C847DAF80030013C84
:102350000135760814F0FF046DB249D0F007E0D4DF
:1023600004988045F3D0BBF1010F039A2AD1012FC5
:1023700028D1AA18D3F81890BDF918100FFA82FCCA
:10238000184A91456FD1D3F81090624603465046E3
:10239000C847DAF80030DAE7D3F81C9005FB0722CB
:1023A000124839B212B28145CDE9001801D1D3F8F3
:1023B000409018EE903A18EE101A5046C847DAF8D6
:1023C0000030C4E7D3F81C9005FB0722074839B258
:1023D00012B2814500914DD104990191E7E700BF08
:1023E00055F4000059F40000D026002091F40000BC
:1023F000079AD1460A9806990244013192B289B2ED
:102400000792099A06918A427FF47BAF1846059B92
:10241000DDE9039B5B4515D00E9B012B2DD1029B63
:10242000012B2AD1046A4A46234BCDF800B09C42C6
:10243000BDF924104FF0080308BF846B5046A04735
:10244000DAF80000C36A0F9A93423FF40BAF50468C
:1024500011B0BDEC028BBDE8F04F184750469847CD
:10246000DAF800207DE6049B62465046C847DAF859
:1024700000306CE7049B01939BE70A9BC46903EB64
:1024800083010B9B029A0B440C4DD2001946AC42BF
:10249000BDF9383009B2CDE9002B4A4608BF046CBB
:1024A0005046A047DAF80000CCE750460393904727
:1024B000DAF80000039B08E769F4000091F40000DB
:1024C000036AF0B5074685B0002B3AD00A292BD015
:1024D0000D2933D01A7A914230D39C7A8C422DD375
:1024E0008A1A5C68D2B204EBC204E578A278A5B17E
:1024F0009AB1C57E002D63D1067E437EB0F910509F
:10250000B0F912203846CDE902630B462946FD8A10
:102510000195BD8A0095FFF7E9FD21793B8A3A7E56
:1025200001FB02333B8209E04FF0000C428A417EFE
:10253000A0F810C01B7B01FB03234382012005B0E0
:10254000F0BD0A291ED00D29F8D0C27EB0F9104086
:102550000ABBB0F91220067E457E03950B46029613
:102560002146FC8A38460194BC8A0094FFF7BEFDE0
:102570003B7E3A8A012003EB430302EB43033B8299
:1025800005B0F0BD428A417E038202EBC103438263
:10259000012005B0F0BD067E0622B0F90C5012FBFA
:1025A0000642AA4208DD428A1C46457E038202EBAF
:1025B000C50212B24282D0E7B0F91220457ECCE7C4
:1025C00094F90550067E2A44B0F91050B0F90CC0B9
:1025D00006FB0252624503DC437EB0F9122091E70C
:1025E0000025428A058293F80CC0437E0CFB03222F
:1025F00012B2428286E700BF012938BF012101766D
:102600004176704790F81CC04160BCF1020FC26077
:1026100001D18368184705F06BBF00BF324B3349C7
:1026200030B5D3E911542079C8771A6C95F804C0F5
:1026300081F81CC0087752B1B2F5004F23D32C4962
:1026400011442A4A1964D07682F81BC030BD19683B
:102650000F24D86C8C6540F20134CA610C614FF4D0
:102660007C544C6103210468246883F83D10214B9D
:102670009C4226D1037F4260022BC26026D1836830
:10268000BDE8304018472D68E98B090422D492B286
:10269000EA832168EC8BA4B2EC82CC8B240405D5B0
:1026A000CC8BC2F3080204F47E442243CA83CA8B53
:1026B00092B2CA8200210D4A1964D07682F81BC0FA
:1026C00030BD23461146BDE830401847BDE83040D4
:1026D00005F00EBFE98BC2F3080E92B201F47E4101
:1026E00041EA0E01E983D4E7F496002000800E4011
:1026F0000180FFFF01FF000043682DE9F04FD3E99F
:102700000041814D4FF0B80A22684FF0020822EADA
:1027100001027E492260AA6911407D4A0A43AA61EA
:1027200090F810E07B4A03EB0E0603EB8E0E317C33
:1027300002EB01118968C1F800A090F811C003EB09
:102740000C050CF10A0C95F8241002EB01118968B4
:10275000C1F800A0817C03EB010903EB810199F82A
:1027600038B002EB0B1BDBF808B0CBF800A0D4F8B4
:1027700000A05F684AEA070AC4F800A0347CDEF8CB
:1027800014E002EB04146468C4F800E095F82440F7
:1027900053F82CC002EB04146468C4F800C0C96B81
:1027A00099F8384002EB0412526811609A6C99F85B
:1027B000441011601A6A317F5B6B116095F830200C
:1027C0001A600F220368C3F810809A65C27C002A41
:1027D00031D072B6C37CDC0708D54FF0E0214469E4
:1027E000D1F8802122408262C1F88021990708D562
:1027F0004FF0E0218469D1F884212240C262C1F8FF
:1028000084215A0708D54FF0E021C469D1F8882106
:1028100022400263C1F888211F0708D54FF0E0214C
:10282000046AD1F88C2122404263C1F88C21DE0673
:1028300055D462B60368384C8268A24259D0324AF5
:10284000846092693549C2F30116C2F38262344D45
:1028500051F826100132B1FBF2F2AA4231D800221F
:10286000C260002403211C610724596201211A64FB
:102870001C661961C37C13B3DD0704D5816A4FF070
:10288000E022C2F800119C0704D5C16A4FF0E02293
:10289000C2F80411590704D5016B4FF0E022C2F8C9
:1028A00008111A0704D5416B4FF0E022C2F80C1151
:1028B000DB0604D5826B4FF0E023C3F81021BDE89E
:1028C000F08F1849A1FB0251090DB2FBF1F2A242AF
:1028D00088BF0131B1F5817F0DD3134AC0E74FF0B6
:1028E000E022416AD2F890310B408363C2F8903104
:1028F0009FE7C268B5E70229B1D902394C08220224
:1029000042EA04420A43ABE700C00F40CFFFFFE3B7
:10291000100000087483002000093D00648300203B
:10292000FF083D0083DE1B43FF7F7F00704700BF31
:10293000704700BF00207047704700BF704700BF5E
:1029400000207047064A0021136841602BB11A46E7
:102950005B68002BFBD1506070471060704700BF70
:1029600080E80020F0B583B00F4616461D46089952
:10297000044610B10BB182B17FB90A460B480C492D
:1029800005F09EFF3B4622460A490848CDE900650E
:1029900005F096FF002003B0F0BD2B4632463946C5
:1029A000204603B0BDE8F04000F0D6BA44970020BE
:1029B000D43B00202C3C002030B515469A1C83B037
:1029C000044642D0581C3CD0DA1C36D09BB2D4F816
:1029D000C427928D84F8A73C1B0A84F8A12CC2F36B
:1029E000032284F8A83C2B1D42F0200284F8A55C49
:1029F00084F8A33C84F8A22C1A12002384F8A42C97
:102A000084F8A63C9DB9134B05F10802124940F623
:102A1000B2151868D2B2186823460095086004F60B
:102A2000A141D4F89C0BFFF79DFF03B030BD2A46AF
:102A300004F6A94006F09CFCE5E7D4F8C427938B84
:102A4000C7E7D4F8C427538BC3E7D0F8C427138B48
:102A5000BFE700BFC4FA002048EC0020D0F8C4371C
:102A600083F83810704700BF08B506F0CFF9044B63
:102A700004491868044A1B680860136008BD00BF59
:102A8000C4FA002048EC002044EC002000207047ED
:102A900000207047704700BFF8B5504A4FF0400C17
:102AA0004FF480314FF480574FF400554FF44044B9
:102AB00043F24200136A9E0700F182809E0440F1B7
:102AC0008380DE0440F18280002BF3DA13F4803639
:102AD0007ED15B067ED5424C424AD4F88010424BF0
:102AE00041F003014148C4F880104FF04041916328
:102AF0004FF440415163052116600822C0F8B4101C
:102B00004FF08061C0F8A4220A205A680A435A6034
:102B1000C3F8841006F05AF8354AD2F8403143F031
:102B20000203C2F84031D2F840319B07FBD4314D4B
:102B300005F08AF801242B1F05F17C0243F8044FAD
:102B40009A42FBD14FF4807200212B480BF06AFEB1
:102B500000222A49264B0A700321C3F89040C3F88B
:102B6000A8112749C3F84821C3F85451C3F84C2190
:102B7000C3F85821C3F84011D3F8842121492248D1
:102B800042F48052C3F88421D3F85821D3F8542159
:102B9000C1F800021D4A4FF0E0214FF48030C1F827
:102BA0000C01C3F84821D3F8482142F01202C3F8BF
:102BB0004821D3F8482142F44022C3F84821F8BD07
:102BC00094625162906275E7556273E7576271E7EC
:102BD00091626FE7C2F824C06CE700BF00800D402F
:102BE00000C00F4000A00D400080004200801F4048
:102BF00000022E4000B000204CE700204AFC0020DC
:102C0000158B010000A00020ED0A01000400000364
:102C1000C36853B3632970B58CBF002601260C46E8
:102C200016BB054606F026F82649A8600868264B1C
:102C300000283AD0D3F88C2022F07F42944215D35A
:102C40004369A11A23B929E05C69891A3CB3234678
:102C50001A698A42F8D99869521A1A61A861C5E9B5
:102C600004139D61AB695D6170BD704772B64FF032
:102C70000070C3F88C60121BC3F8440108682C6113
:102C8000013CAE61686102614FF040420D608561B8
:102C9000C3F88840C3F88C2062B670BD034600229A
:102CA0002961C5E905235D6170BD661E4FF0404294
:102CB000A8610D60C5E90440C3F88860C3F88C20A2
:102CC00070BD00BF18E7002000022E4072B6194AFE
:102CD0001368FBB183421AD117485B6930B40024F2
:102CE000C0F88C4023B3D0F88C101D6921F07F41CF
:102CF00029441961C0F888104FF04041C0F88C1089
:102D00009C61136062B630BC7047984204D05B6926
:102D1000002BFAD162B67047D3E905214A61002A37
:102D2000F8D01869136991610344136162B6704762
:102D30001360E7E718E7002000022E40036984468D
:102D40009A68F0B50D46510603D41B689A6852067E
:102D5000FBD54022D5F808E005F13401EE6BAA60FE
:102D60002A681A606A685A60EA68DA602A691A6131
:102D70006A695A61AA699A61EA69C3F828C0DA6186
:102D8000EA6A1C68DA622A6B012C03C91A6303F130
:102D9000340282E803001A46DE6303D01268116829
:102DA0000129FBD1156001222A601A6895421A4652
:102DB0002ED00026116814460F680A466662264621
:102DC000BD422162F6D10021546211629CF8341098
:102DD00011F0FD0F09D10F480168596289B10B62EA
:102DE00002600120C3F808E0F0BD0B480168596299
:102DF0000029F4D109490B6002600120C3F808E002
:102E0000F0BD07490B6002600120C3F808E0F0BD87
:102E10000024D8E754E800205CE8002060E80020A7
:102E200058E800202DE9F0479846CB88B3F5804F4D
:102E300002D90020BDE8F0870D468146174604F010
:102E40004BFF06460028F4D004F046FF0446002855
:102E50006CD0E98800293BD1DFF8F0C03060394BF5
:102E60000122DFF8ECA02B40D9F80000D5F804E0EF
:102E7000D5F800907260C6F808A0F56003F580559B
:102E8000356103F50055756103F5405503F5804341
:102E9000B561F36100236260C4F808C0E3604FF4D9
:102EA0008053C4F83C8023614FF40053A0626361F7
:102EB0004FF44053A3614FF48043C4E90B71E361C5
:102EC00031462260C4E90D9EBDE8F047FFF736BFEA
:102ED00004F002FF70B32A78E988D209194BDFF8B1
:102EE00074C04FEA022E3B4082F001024EEA014ECE
:102EF0004EEA0C0C4FF0010EC0F804E0C0F808C018
:102F000003F5805CC760C0F810C003F5005CC0F832
:102F100014C003F5405C03F58043C0F818C0C361DA
:102F2000094B306043EA022C046098E7304604F015
:102F3000DBFE7EE7304604F0D7FE204604F0D4FEE8
:102F400077E700BF00F0FFFF808000808081008075
:102F500080020800800000802DE9F84F4FF0E02447
:102F60004FF4803A99460746D4F80C318B46C4F8A2
:102F70008CA1164603EA0A0804F0AEFE05460028B6
:102F80007DD0731E9C0B08D0824604F0A5FE00285D
:102F900060D0013CCAF80000F6D100230121B6F54B
:102FA000804FC0F83C9006632A460160374CC0E968
:102FB0000A7BC0E90D33364820D997F83530A6F59D
:102FC0008046516044EA0323B6F5804F93600BEAD4
:102FD0000003C2F80CB00BF5804B03F5805CC2F81F
:102FE00010C003F5005CC2F814C003F5405C03F5A3
:102FF0008043C2F818C0D3611268DED8360497F84F
:103000003500234C294646F4004301250BEA04040D
:1030100043EA00235560384643F08003936004F58B
:103020008053C2F80CB0136104F50053536104F5EA
:10303000405304F580449361D461FFF77FFEB8F1FB
:10304000000F05D04FF0E0234FF48032C3F80C217D
:10305000BDE8F88F2C462D68204604F045FE544507
:10306000F8D1B8F1000F07D04FF0E0234FF48032D1
:103070000020C3F80C21EBE70020BDE8F88FB8F181
:10308000000FF9D0C4F80CA1E2E700BF80000040B7
:1030900000F0FFFF2DE9F04F534D83B02F6837B19B
:1030A0000026BB681A0605D53F6A002FF9D103B088
:1030B000BDE8F08FBB681B0404D5BB6ADB6B0BB1AA
:1030C00038469847D7E9082363B11A626AB1B968EC
:1030D00053624C0645D43846174604F005FE002FCF
:1030E000DFD1E4E72A60002AF1D140490B60BB68D8
:1030F0005806F0D5BC6A3846019204F0F5FD236904
:10310000019A33F01F03D2D01746934605E09A6820
:103110001A681B6833F01F0305D09A685106F6D56C
:103120002361E660A661BBF1000FBED0DBF808307A
:103130001A040AD5E26B43F0400358462AB1DBF883
:103140002820CBF80830D36B9847DBF820A05846EE
:1031500004F0CAFDD346BAF1000FE7D1002FA0D189
:10316000A5E73846BC6A019204F0BEFD0020019A32
:103170008446174683461146126A8B6AA3420AD0D8
:10318000002AF8D1C0B9BCF1000F25D1236933F072
:103190001F03C2D1C7E74B6AD3B11A62AAB1536207
:1031A000BBF1000F0FD0CBF820108F4208BF17469D
:1031B0000E62002ADFD1E5E70C4BC3F80080BCF1BA
:1031C000000FE3D008E08B46EFE798460120E7E7E1
:1031D00091464FF0010CE1E72369C5F8009033F008
:1031E0001F039AD19FE700BF58E8002054E8002051
:1031F000884B2DE9F041D3F844617703C3F844616B
:103200000AD5854F3C683CB1DFF82C82A3681806CC
:103210007AD5246A002CF9D134030BD57F4F3C6852
:1032200044B1DFF81882A3681B0640F18380246A4A
:10323000002CF8D1B20700F19E8071070FD5754BB5
:10324000D3F8844144F02A02C3F88421A20744D46D
:10325000270704D4724B1A78022A00F08F8006F0F8
:1032600080733BB16E4B1A78012A00F0B980032AB3
:1032700000F09B80B1012ED56A4F3C68002C2AD00B
:1032800063690026214630463B6006E02E691644FD
:103290002E614B61012619462B464861002B00F038
:1032A000B4801A699861042A00F2A4805D69002A3A
:1032B000EFD0002DEAD14B615D613D605A4E002593
:1032C00021466469C86803689B68B342C1E9055533
:1032D00016D1002CF4D1BDE8F08114F00107504A5A
:1032E00071D011780129B3D80120504926F0807699
:1032F00010704FF04042C3F88010C3F88420B9E743
:103300009847002CDCD1E6E7A368190404D5A36A2A
:10331000DB6B0BB120469847D4E908324AB31362FD
:1033200023B35A6220461C4604F0DEFC002C7FF4D6
:103330006DAF71E7A368180404D5A36ADB6B0BB10A
:1033400020469847D4E9083252B113625BB15A6201
:1033500020461C4604F0C8FC002C7FF464AF69E7EB
:103360003B60002BF3D1C8F80020F1E7C8F800203B
:10337000D8E73B60D4E7FFF78DFE5EE764077FF593
:1033800079AF03202349187042F21070C1F8800011
:103390004FF04040C1F88400D1F88411880501D570
:1033A00023494A63F2017FF565AF042019490022E1
:1033B0001870D1F884011146C0F3816000F07EFBE3
:1033C0001C4B186056E717700222194BDFF8648017
:1033D0009A63D8F8000000F0DBFDC8F8007037E70A
:1033E0000C4A02211970D2F8843143F48073C2F878
:1033F00084313FE706B13D60064B013A4FF0404152
:10340000C3F88820C3F88C1058E7002E3FF456AF5D
:1034100053E700BF00022E4058E8002060E800207B
:103420004AFC002018E700202D020100A0860100C0
:1034300000A00D4068E8002054E800205CE800206F
:103440008D4B012A03FB01F1036B2DE9F04F85B091
:103450001B7D4FEA11410290104638BF0120022B1C
:1034600000F0948005234FF0010A4AEA5A02824292
:1034700080F0E480013B4FEA4A0AF6D14FF0200A7F
:10348000CDF80CA0029A039892F83530A2F84000CB
:10349000002B40F0CF80843102244F0900234FF0ED
:1034A000FF36DFF8D8B1B04699460193DDF804E065
:1034B0000BEBCE02002512F8010B5178384492F83C
:1034C00002C02144D378A4448842234454D960459F
:1034D0004ED9834238BF0346B34202D2A946F046D2
:1034E0001E460135042DE6D1D644BEF11F0FDFD9AB
:1034F000019B01339A450193D8D1BB2E42D8FFB22C
:10350000B8F11F0FE4B21FFA88F5DDE90232A3F823
:103510004420A3F8489083F84A7083F84B40A3F8FE
:10352000465015D809EBC803019E5B44F00019789A
:10353000B0449A783944B8F11F0F224419709A7038
:10354000D9781A7921442244D9701A710344EED9EA
:1035500001201C23029900FA09F203FA09F3A1F8E9
:10356000425081F8362081F8373005B0BDE8F08F41
:10357000634538BF6346AFE76145F9D98B4238BF31
:103580000B46A9E7002005B0BDE8F08F0F280346E1
:103590004FF0010C01F1570128BF0F234FF0FF3E00
:1035A0004C090026013B0299DFF8D0B077460CFAAF
:1035B00003FCBCF5807F654628BF4FF48075EB089F
:1035C000012B38BF0123A1F84030334600201BF8FF
:1035D00003102B442144884238BF0846FF2BF6D9FC
:1035E000704501D2864637460136B542EDD1BEF16F
:1035F000BB0FC7D8029BE4B2FF2FA3F84450A3F837
:10360000467083F84A4008D83B461BF80310214413
:103610000BF803102B44FF2BF7D9012A12D9022AE9
:103620001ED0BCF1040F21DC07F0030211239340EC
:10363000DBB208E0663102274C092FE71FFA8AF354
:1036400003931FE7FF230299FF080022012081F85E
:103650003630A1F8427081F8372005B0BDE8F08F10
:1036600007F0010255239340DBB2ECE707F00702B5
:1036700001239340DBB2E6E7AB2A01004CE70020D0
:10368000B0F84210B0F840C01F2934D830B51A4CF9
:1036900040F0020509E0B3F840E0E64511D20260CF
:1036A00044F8215061441F2924D854F82120D3071D
:1036B000F5D402F0060E22F01F03BEF1020FEAD08D
:1036C00007E09842EED01A68D20706D41B6823F0B0
:1036D0001F03B3F840206245F3D21A468242E1D07C
:1036E000126832F01F02F9D161441A681F29026082
:1036F0001D60DAD930BD704700B000202DE9F843D5
:1037000005460E461446994604F0D6FA07460028A8
:1037100065D004F0E1FA8046002800F0868060223F
:10372000002138460BF07EF83C22002108F104000D
:103730000BF078F801224023032EC8F80020C8F8C7
:103740000830C7F8108087F835907A613D6387F8B4
:10375000346058D03CB16B68002B61D01A469B6B2B
:10376000002BFBD19763297D002E3BD101294FF41B
:1037700080408CBF00220122D206230243EA01339B
:10378000089943EA0143697D0B43134397F83720B7
:10379000034343F070437B60AB7DE97D1B0443EA48
:1037A000C15343EA022397F83620134343F0804382
:1037B000BB6036F0020318D1224BD3F85821D2B99E
:1037C000796847F0020241F4004179603A60C3F839
:1037D0005871D3F8402142F02002C3F84021384606
:1037E000BDE8F88300200246C7E7032EF7D138462C
:1037F000FFF746FFF3E7116847F0020338463960E8
:103800001360BDE8F883DDE908123846FFF718FEBB
:10381000814678B1002C9ED1297D20462246ACE716
:10382000297D6F60002EA1D0DCE73846474604F0C2
:103830004BFAD4E7404604F057FA384604F044FA0D
:103840004F46CCE700022E40F8B590F834300446DD
:1038500013F0FD0F3BD1036823F01F03984200F0E3
:10386000CB801A68194622F01F039C42F9D1636885
:103870001D0400F1AC802368734A0B60D2F840311C
:1038800043F04003C2F84031D2F844319806FBD5EA
:103890002023C2F844316D4E35683DB16C4F284647
:1038A0002D6A836AA3427FD0002DF8D1256935F0B7
:1038B0001F0307D02B6828461D4604F015FA35F083
:1038C0001F03F7D12046BDE8F84004F0FDB9614878
:1038D00000F1800550F8042FD1070CD422F01F020C
:1038E000944203D156E08C4259D00A46136823F023
:1038F0001F01DB07F7D5A842ECD1236B1B7D022B00
:103900006AD0B4F84650B4F844E01F2DB4F84830FB
:1039100094F84A6094F84BC018D803EBC5034E4A9C
:103920004FEACE0713449A7875441878A2EB0C023C
:10393000D978801B1F2D9A70A1EB0C011A79187091
:10394000A2EB0C02D9701A713B44ECD9434E356896
:10395000002DABD02846424F2D6A836AA34206D081
:10396000002DA3D028462D6A836AA342F8D1436A6A
:10397000002B66D01D62002D61D06B62236933F08D
:103980001F0204D150E01B6833F01F024CD0834269
:10399000F9D1E5E72368A84203609BD1ADE723682E
:1039A000A842136096D1A8E7436A002B45D01D6258
:1039B000002D40D06B62236933F01F0204D12AE04E
:1039C0001B6833F01F0226D08342F9D16CE74B68A5
:1039D00043F400434B604EE7B4F84630B4F844502B
:1039E000FF2B94F84A00B1D81B49CA5C121ACA547A
:1039F0002B44FF2BF9D9A9E7134AD2F8403123F021
:103A00002003C2F84031D2F8443113F40043FAD114
:103A1000C2F858313FE783423FF446AF04F064F9FF
:103A2000002D7FF43CAF41E7834299D004F05CF96C
:103A3000002D97D13AE73B60BDE73560B8E73B60C2
:103A40009CE7356097E700BF00022E4058E8002051
:103A500054E80020FCAF00204CE7002060E8002084
:103A60005CE800200B4B70B51E688EB10A4DF468FF
:103A700014B90AE0646844B12368DB68AB42F9D04A
:103A8000204698476468002CF6D1B668002EEED127
:103A900070BD00BF64E80020350201000649002225
:103AA0000B68C0E901222BB11A465B68002BFBD1E1
:103AB00050607047086070474CE80020F0B583B054
:103AC00007460E46154604F0E7F8044680B3242264
:103AD00000210AF0A7FE0023082127751A46A675C3
:103AE000E5752046CDE900131946FFF707FE0246AB
:103AF000206020B304F000F92168134A00232061FC
:103B0000CA630122114881F8352002704FF4002267
:103B10000F491048C1E900020F4A2046FFF782F919
:103B20000E4A13683BB11A469B68002BFBD1946088
:103B3000204603B0F0BD2046146003B0F0BD20461F
:103B4000144604F0B1F8F3E7ED15010050FC002035
:103B5000C0DF002080060001C0D7002064E80020FC
:103B600070B50D699DB3D66A90B3295C0131C9B2B5
:103B70006EB37378032B2AD12954347801EB5403A4
:103B8000312B27DC022C13D9302911D84FF0020C2D
:103B90000CF102020B4616F80CE001315FFA82FCD0
:103BA0002B44C9B2644583F803E001D93029EFD929
:103BB0006B180022DA70431CDBB2022B07D8C0F16D
:103BC0000202E818D2B2BDE870400AF02BBE70BD08
:103BD0000146CDE7C1F132046400E4B2D2E700BF90
:103BE0003F4B2DE9F04F1C6883B00646002C73D084
:103BF0004FF00009DFF8F4803A4F01E06468A4B1A7
:103C0000A26820463B463146002AF7D1B8F800505A
:103C1000D4F800C0093D0095DCF80050A847002802
:103C200047D1A1466468002CEAD12F4BB8F8002098
:103C300003F1090503EB0209A94503D843E0454414
:103C4000A94540D96B7895F80080042BF7D1B8F1DD
:103C5000090FF4D1224B1C68002CF0D0A7684FF05C
:103C6000000AA9EB050B20462B46012231464FB135
:103C70006468002CE3D0A76820462B460122314619
:103C8000002FF5D12768CDF800B03F68B84708B9D4
:103C9000A246EDE76368BAF1000F17D0CAF8043006
:103CA000F368A2466360F460A6601C46002CE2D173
:103CB000C5E76368B9F1000F0BD0C9F804300023E1
:103CC000C4E90136F46003B0BDE8F08F044A136024
:103CD000E6E7034A1360F2E7DFF81080A5E700BFCC
:103CE0004CE80020C9D70020C0D7002040FC0020AD
:103CF00070B50446C06B28B10368984A5B6893426C
:103D000017D170BDA36A964E1D6B2B7E0E2BF8D873
:103D1000DFE813F01C0044005A0071007E008800A8
:103D20009B00A600F5000101B900BF00CD00E10035
:103D300013002146BDE8704018472846FFF750FFA2
:103D40000F21884B002229761A7070BD2A68844999
:103D50005068854BC9790340844C43EA0143844948
:103D60002078096853600130802828BF012031B1D4
:103D70000B465A7D8242F6D09B68002BF9D1030492
:103D80007C492070284643F4A0630B6000231A4648
:103D90004B60FFF747F801232B7670BD75494FF450
:103DA00090142A684888744B68750B60536823F038
:103DB0007F030343284653600023694A4C60FFF7A2
:103DC00031F802232B7670BDF27BB37B72703370B7
:103DD0001343327C31791343B270727914BF0323D9
:103DE0000B23AA76B2796976EA7632892B76EA8352
:103DF00072892A8489E75F4900236048604AC1E9E3
:103E00000002604A2846FFF70DF804232B7670BDA8
:103E10003379032B03D97379032B00F096800B239E
:103E20002B7672E74E4A554B12F8040B6C8C43EA22
:103E3000004353484F4920430B6000234860284605
:103E4000FEF7F0FF06232B7670BD224629460020A0
:103E5000FFF786FE7378002B56D007232B7654E7A6
:103E60003F4A464B507804326C8C43EA0043444846
:103E7000404920430B60002348602846FEF7D2FFEC
:103E800008232B7670BD224629460220FFF768FEE4
:103E9000C5E738494FF410223B480023C1E900022E
:103EA0002F4A2846FEF7BEFF0C232B7670BD2C4B05
:103EB0005B88B3F5006F41D8344A180413802D494C
:103EC0000023314AC1E90020254A2846FEF7AAFF0F
:103ED0000D232B7670BD2248002326494279C479F0
:103EE0001204007A2C7742F41062687728464B60FF
:103EF0000A601A46FEF796FF0E232B7670BD224607
:103F000029460120FFF72CFEB378002B0CBF0B23B2
:103F100009232B76F9E6124A184B907804326C8C00
:103F200043EA00431648134920430B6000234860CE
:103F30002846FEF777FF0A232B7670BD134B4FF40C
:103F400000624FF000601A80B9E7F28833786A8423
:103F5000002B3FF47FAF05232B76D6E63902010014
:103F6000C0D7002050FC0020FFFF00F852FC0020CA
:103F700064E80020C0DF0020800600018006000306
:103F80000000FC07C4D700208006000240FC00208F
:103F9000002837D0F8B5C46806466CB11A4D002722
:103FA000236820461B69984723462A68A7606468EF
:103FB0002B605A60002CF3D174682CB12046A46B9E
:103FC000FFF742FC002CF9D13068FFF73DFC0F4BA6
:103FD0001C6844B1A64202D111E0A64204D0234697
:103FE000A468002CF9D1F8BDA2689A60206908B1D4
:103FF00003F090FE2046BDE8F84003F055BEA268ED
:104000001A60F3E7704700BF4CE8002064E8002026
:10401000F8B50027054600F1100400F1280654F811
:10402000043F184623B11B68A968DB6998472760DD
:10403000B442F4D1F8BD00BFCB0800EBD10C11F0B5
:10404000070118D0C05C0CF1010C0841C1F1080156
:10405000914207D21CF8013B8B4008318A4240EA6A
:104060000300F7D88A4208D21F2A06D801239340BA
:10407000013B184070470AB9104670470846E9E707
:104080002DE9F04F85B00E9F182F03D9013A18BFC4
:1040900001221AB1002005B0BDE8F08F1C461B7943
:1040A0000E46591E0129F5D861790329F2D105463A
:1040B000607A0828EED994F80AC0BCF1210FE9D142
:1040C00094F80EC0BCF1000FE4D04FF0060E11FBC7
:1040D0000CE18142DED100F109084745DAD30CEB4F
:1040E0004C0C04F10F0E02E003329445D2D01EF8BE
:1040F00002102229F8D12244B5F83C1792F811C0D9
:10410000127C42EA0C229142A5F8BC20C2D30722BD
:1041100012FB03829742BDD3012B7AD014F80830EA
:10412000072BB7D12044837A052BB3D1037B032B14
:10413000B0D190F80BA0C37B1AF00F02477B90F828
:104140000EE00293A6D0037C072BA3D1437C052B62
:10415000A0D1C17C03299DD1837D90F81280039367
:1041600018F00F0390F8149090F815C092D00AF050
:10417000F00B47EA0E2749EA0C29BBF1800F71D0FA
:10418000BBF1000F86D108F0F008B8F1800F81D1A3
:10419000039A3046CDF8009001921A46012303910C
:1041A000FFF7ACFA029B5246039901935B46E86025
:1041B00030460097BFB2FFF7A1FA1FFA89F3AB852B
:1041C000364B2861EF85C363EB683046344A354986
:1041D000DA630023C5E90533C5E90733C5E90933C7
:1041E000A278B5F8BC3085F83E27A27985F8302052
:1041F000E27985F83120A27842EA03422B46C5E9EC
:104200000D1205F5667205F13401FEF70BFE012073
:1042100041E714F80820072A7FF43CAF2044827A53
:10422000052A7FF437AF017B03297FF433AFC77AC8
:1042300090F80DC017F00F0290F80EE0C07B3FF42D
:1042400029AF07F0F007802F7FF424AF4CEA0E2748
:10425000CDE900703046FFF751FA0023AF85E860E2
:104260002B61B1E718F0F00A7FF414AF029B3046DF
:104270000291CDE900730123FFF740FA039B424608
:10428000029901935346E8603046CDF80090FFF75D
:1042900035FABBB21FFA89F791E700BF351C010060
:1042A0007126010081060022406920B10368034A9B
:1042B0001B6A934200D17047184700BF9103010069
:1042C00010B504460321C03003F044FD04F5F0703E
:1042D000052103F057FD04F54870012103F06CFD42
:1042E0002046BDE81040FFF7D9BB00BF30B500F550
:1042F0005973CD6A00F55D7E012253F8044F4FEAF1
:10430000420CAC420ED073455FFA8CF2F5D1406995
:1043100020B10368074A9B68934200D130BDBDE8D5
:104320003040184790F8783323EA020380F8783356
:10433000EDE700BF8D0301000146C06B08B1FFF738
:10434000D5BF7047C38D002B49D02DE9F0411546EC
:1043500002690446002A3FD0D0F86823002A40D0E2
:1043600090F8790394F8787330EA070234D0B5F105
:10437000FF3F08BF1D46D4F868630022012318429E
:1043800002F1010E4FEA430C26D01F4237D05FFAEC
:104390008EF25FFA8CF3042AF1D12A46304604F0FB
:1043A000E7FF1A4B9E420FD926F01F037119BFF386
:1043B0004F8F4FF0E022C2F8703F20339942FAD875
:1043C000BFF34F8FBFF36F8F23462A4631462069D4
:1043D000BDE8F041FEF7C0BD0020BDE8F08100203F
:1043E0007047D0F83827D21AC0F86823D21AC0F81C
:1043F0006C23C0F83827032084F87903B2E71F4301
:10440000DA3284F8787354F82260C6E7FFFF1F2081
:1044100030B4DDE90254F9B1C0F8681301210B464C
:104420002AB10133DA31DBB240F8212019462DB12F
:104430000133DA31DBB240F8215019462CB1013397
:1044400001F1DA02D9B240F8224001238B40013B4E
:1044500030BC80F8793370470B46E1E741EA02222D
:1044600010B442EA0341029C019B039A43EA0444CC
:104470000346C0E90D1400F134015DF8044B806877
:10448000FEF7D0BC064A0021136841602BB11A46E2
:104490005B68002BFBD1506070471060704700BF15
:1044A0006CE80020F8B50D4B1C68A4B105460F461A
:1044B00001E064687CB1266820463B46AA683668FD
:1044C0002946B0470028F4D0022805D10123204610
:1044D00085F87A33F8BD00242046F8BD6CE800204A
:1044E0002DE9F04700F56674B0F8BC500026804610
:1044F000254480F8BE60AC4229D237463146B146E9
:104500004FF0010A2378FE2B46D003F00302022A63
:104510004CD0032A46D0012A41D001340022AC42BB
:1045200013D803F0FC03842B46D02AD9B02B2CD00F
:1045300020D8902B29D0A02B05D10FB9052E42D918
:1045400001370021FFB2AC42DCD3052E37D8731CF3
:10455000C6F1060205360021DBB2F6B2D2B2062B56
:1045600008EB86004FEA820288BF0422BDE8F047CC
:104570000AF058B9C02BE6D11FB3013F0021FFB2AA
:10458000E1E7082B16D0802B01D10021DBE7042BBB
:10459000D9D11FFA82F9D6E704F20114D3E7627881
:1045A0000234BCE7D4F801200534B8E7B4F80120A0
:1045B0000334B4E791B2C6E788F8BEA0C3E7BDE80C
:1045C000F0873946BFE741EA09414046FFF76AFFF5
:1045D000731C08EB86067061DEB2B1E770B5044665
:1045E00040690D4620B103682C4ADB68934248D1EC
:1045F0002B4B6A6B9A4200D070BDB4F8BC302A6B6A
:104600009A42F9D12046FFF76BFFD4F85813A28DD8
:1046100000293AD02346E068FEF79EFCD4F85C13EC
:1046200021B12346A28DE068FEF796FCD4F8601312
:1046300021B12346A28DE068FEF78EFCD4F8641306
:1046400021B12346A28DE068FEF786FCA06840F207
:104650004C53C28B9A42CFD1038CB3F51A7F03D04F
:1046600040F22F429342C7D10E494FF48022234695
:10467000C4E90D1204F134010B4ABDE87040FEF7A5
:10468000D1BB98470028B3D070BDD4F83817891A29
:104690008B1AC4E9D613C4F83837BBE731020100DE
:1046A000810600222109F4038C9B00202DE9F04FA4
:1046B000B0F8BC3000F56678A7B008EB03060A90A6
:1046C0001AA8CDE90E12302200210AF0ABF8B0454D
:1046D0007BD24FF0000BD9465D46DA465F46CDF8F7
:1046E0001CB0CDF80CB0CDF840B0CDF820B0CDF86E
:1046F00024B0CDF810B0CDF808B0CDF82CB0CDE98D
:1047000005BBCDE90CBB98F80030FE2B00F0DB8038
:1047100003F00302022A00F0E880032A00F0E080A0
:10472000012A00F0D88008F101084FF0000BB045D5
:104730004BD803F0FC03A02B00F2AA80732B47D8C0
:10474000043BD9B224293ED8242B3CD8DFE813F00F
:104750001B013B003B003B0008013B003B003B00D2
:104760003B003B003B003B003B003B003B003B0071
:10477000FC003B003B003B00ED003B003B003B00EE
:104780003B003B003B003B003B003B003B003B0051
:10479000E1003B003B003B00D200029B5BB9BDF84F
:1047A0006830089A43EA02430D930C9B052B40F2B4
:1047B0007F81DDF808A0029B0133DBB202934FF04A
:1047C00000091A974D4646459DD827B0BDE8F08FA1
:1047D000743B2C2BF7D801A252F823F07B23010065
:1047E000C3200100C3200100C3200100C320010039
:1047F000C3200100C3200100C3200100C320010029
:10480000C3200100C3200100C32001009F2201003A
:10481000C3200100C3200100C3200100892301003F
:10482000C3200100C3200100C3200100C3200100F8
:10483000C3200100C3200100C3200100C3200100E8
:10484000C3200100C3200100C3200100BB200100E0
:10485000C3200100C3200100C320010091220100F8
:10486000C3200100C3200100C3200100C3200100B8
:10487000C3200100C3200100C3200100C3200100A8
:10488000C3200100C3200100C320010097200100C4
:10489000B02B94D0C02B96D1029B002B8FD0013B24
:1048A00013F0FF0302938AD1BAF1000F87D0DAF830
:1048B00000304FF0000950464FF0000A9B694D460A
:1048C00098471A977FE798F8013003339844464594
:1048D0003FF619AF79E798F801B008F1020826E72A
:1048E000D8F801B008F1050821E7B8F801B008F1DF
:1048F00003081CE7FF2D00F0FE80022346454FF021
:1049000000094FF0FF05ADF86AB004933FF6FBAE27
:104910005BE7012A00F00681022A00F00E8146457D
:10492000CDF81CB03FF6EFAE4FE7FF2D00F0CD8085
:10493000012346454FF000094FF0FF05ADF868B080
:1049400004933FF6E0AE40E7012A00F0E480022A3B
:1049500000F0EF804645CDF80CB03FF6D4AE34E71A
:10496000172D3FF630AFBBF11F0F7FF62CAF26ABF4
:10497000464503EB450305F1010523F830BCEDB2D4
:104980003FF6C1AE21E71FFA8BF3464508933FF689
:10499000BAAE1AE71FFA8BF3464505933FF6B3AE5E
:1049A00013E70A9B93F8BE302BB19DF83830099A73
:1049B0009A427FF404AFBAF1000F6ED01BF0010FE2
:1049C0006BD1DAF800305046079A0D9900925A469A
:1049D0001B691C46039BA0471BF0020B40F0E980BB
:1049E000B9F1000F00F0AD80069B012B40F0A980CB
:1049F000059BBDF86810BDF86A20002B00F06D81A2
:104A00000B9C08982344CDF844B00004CDF84880AE
:104A1000CDF82C9090469B46DDF83C90069013967E
:104A20001BE04E1C069B0122484643EA0105214635
:104A3000FFF702FB039B0246002B03DAC30748BFC4
:104A400060F00102DAF80000013429464569504659
:104A5000A8475C4500F0A78031468845E1D8119B06
:104A60000B9A934280F09D800133DAB226AB03EBC0
:104A70008200119230F8306C30F82E8CD2E71FFA99
:104A80008BF3464506933FF63EAE9EE65FFA8BF308
:104A9000464509933FF637AE97E60B994FF000096C
:104AA0001A974D46DDE9053202FB03130B938AE6A4
:104AB0000A9A02EB83020133DBB2D2F814A00C9302
:104AC000029B0133DBB2029379E6049B43F00102BF
:104AD00026AB032A03EB8903049223F830BC7FF44E
:104AE00072AE09F10109002346455FFA89F9049382
:104AF0003FF609AE69E6049B022226A843F00201B4
:104B0000012312FB0933032900EB430323F830BCD4
:104B1000E7D0049257E64FFA8BF3464503933FF6EE
:104B2000F2AD52E64FFA8BF3464507933FF6EBADF5
:104B30004BE60FFA8BF3039345E60FFA8BF30793DB
:104B400041E6059B002B3FF43AAE089BCDF844802C
:104B500012964FEA03490B9D069C059EDDF83C80AA
:104B60002946224640460BF1010BFFF765FA039BED
:104B7000254498420ADB079B49EA0001984205DC7C
:104B8000DAF80030012250465B699847B345E7D117
:104B90000B99DDE90523DDE9118602FB03130B9375
:104BA0000DE60E463EE701230B94DDE912860693DF
:104BB00005E6182D77D9BDF86A30BDF86850129314
:104BC00001231193059B002B3FF4F9AD06990123B6
:104BD000089A0024481ECDF854901204DDF82CB039
:104BE000DDF83C90109203FA01F283401390149484
:104BF00016935342CDE9188617930E461AE0129B7E
:104C00009D422DD2A8460135324659464846FFF707
:104C100013FA109B024643EA0801039B002B16DBA4
:104C2000DAF8003050460134B3445B699847059B7D
:104C3000A34228D9119B002BE1D126AB03EB4503FE
:104C40000135172D33F8308C28BF1725DCE7139B6F
:104C50001E2BE5D8169B0342E2D0179B1A43DFE7D1
:104C6000DDE914329A420CD9013326AAA846DBB2F8
:104C700002EB8302149332F82E3C32F8305C12932C
:104C8000C2E7A846C0E7002B06990B9A03F1FF3351
:104C900008BF0023CDF840800A4401FB0323DDE96F
:104CA00018860B938BE5059B012B8CBF01230023FA
:104CB000012D88BF0023119353B1012D10D0109BFB
:104CC00003F47F4303F580754FF6FF7312937DE77E
:104CD0004FF6FF73119D129374E7012306936EE55F
:104CE000BDF86850F0E700BF70B504464069D1E9EF
:104CF0000B5620B103681D4A5B68934232D194F889
:104D0000BE30EBB1012E23D8194B9D4210D9A38D93
:104D100025F01F022B44BFF34F8F4FF0E021C1F865
:104D2000702F20329342FAD8BFF34F8FBFF36F8FAB
:104D30002346A28D2946E068BDE87040FEF70CB915
:104D400033462A464FF480712046FFF7AFFCDBE77D
:104D50002A46731E204612F8011B41F48071FFF7AA
:104D6000A5FCD1E798470028CED1C8E78903010008
:104D7000FFFF1F200146C06B08B1FFF7B5BF7047AA
:104D800070B590F89633044663B100F55676002569
:104D900056F8040F013518B1FFF7FAF894F8963376
:104DA000AB42F5D80023C4F89C3384F89633C4F89A
:104DB0005833C4F8783384F8993384F89A33C4F8B4
:104DC0009F33C4F85C33C4F86033C4F86433C4F868
:104DD0006833C4F86C33C4F87033C4F8743384F89F
:104DE000A333C4E9E93370BD002A73D170B504461A
:104DF0005748584DC4F834035748C4F81803886915
:104E00000540B5F5106F63D1C87E022860D80498BC
:104E100084F890230F285BD9A0F1100503F1100C42
:104E2000203325F00F052B4403E00CF1100C9C45BA
:104E30004DD01CF810ECBEF1090FF6D11CF80F5C38
:104E4000042DF2D11CF80C0C0128EED11CF80B0C2F
:104E50000928EAD11CF8090C0228E6D81CF8075CDE
:104E6000072DE2D11CF8065C052DDED11CF8055C8F
:104E700005F0F005802DD8D11CF8045C032DD4D1A9
:104E80001CF8035C012DD0D11CF8025C002DCCD1A4
:104E90001CF80D5C002A4DD11CF80E0C84F891030F
:104EA0001CF80D0C84F892031CF8090C84F8930389
:104EB0001CF8050C00F00F0084F894031CF8010C9A
:104EC00084F895030132D2B284F89023ADE71AB981
:104ED000002070BD002070470023204A4FF4801549
:104EE0000846C4F89C3304F5547184F89633C4F82A
:104EF0005833C4F8783384F8993384F89A33C4F873
:104F00009F33C4F85C33C4F86033C4F86433C4F826
:104F10006833C4F86C33C4F87033C4F87433234670
:104F2000C4F8502304F56072C4F85453FDF77AFFB7
:104F3000012070BD1CF80E6C94F891E37645CBD13E
:104F400094F893E38645BDD284F89253ACE700BF52
:104F5000605F002000FFFF00785F0020A0060029AE
:104F600010B5044607210C3002F0DCFE04F5907009
:104F7000022102F0EFFE04F5F070042102F002FFBE
:104F800004F53870012102F017FF2046BDE81040FB
:104F9000FEF784BDF9B170B590F8963304460D461E
:104FA0008B4217D390F89923B2B901260E4BC0F863
:104FB000541300F5547180F89963AE40C0F8503333
:104FC00003468068FDF72EFF94F8A33323EA060317
:104FD00084F8A33370BD7047012290F8A3338A4050
:104FE000134380F8A33370BD2303080090F8963371
:104FF0008B4229D370B590F8993304460D46DBB93E
:1050000000294FF0010641F48021034614BFA3227A
:10501000A02280F89963AE40C0E9D42100F55F7208
:1050200000F554718068FDF7FDFE94F8A43323EA7F
:10503000060384F8A43370BD012290F8A4338A409B
:10504000134380F8A43370BD704700BF2DE9F041D1
:1050500004460D4603F00EFE04F54676AE4223D01C
:1050600004F54D739D4201D0BDE8F08194F89A5348
:10507000002DF9D06E1E264496F89C33082BF3D1F0
:10508000A36800272A4694F89B0384F89A7304EBDC
:105090008504597DFEF712FD144A0923C4F858030C
:1050A000177086F89C33DFE794F8AB73002FDBD0E2
:1050B00094F8962392B10125A84602E00135AA4250
:1050C0000CD308FA05F33B42F8D029462046FFF7F7
:1050D0008DFF013594F89623AA42F2D2304644F669
:1050E0002061BDE8F041FDF793BD00BF4FFC0020FB
:1050F00070B5C56B05B30024012604E0013495F8B2
:1051000096339C420ED806FA04F2D5F878331A4248
:10511000F4D021462846FFF769FF013495F896330D
:105120009C42F0D92B4605F55E71D5F85803012253
:10513000BDE87040FDF710BF70BD00BFF9B170B59C
:1051400090F8963304460D468B4217D390F8992376
:10515000B2B901260E4BC0F8541300F5547180F813
:105160009963AE40C0F8503303468068FDF75AFE9D
:1051700094F8A53323EA060384F8A53370BD70477D
:10518000012290F8A5338A40134380F8A53370BDFF
:1051900023011000F9B170B590F8963304460D461E
:1051A0008B4217D390F89923B2B901260E4BC0F861
:1051B000541300F5547180F89963AE40C0F8503331
:1051C00003468068FDF72EFE94F8A63323EA060313
:1051D00084F8A63370BD7047012290F8A6338A4048
:1051E000134380F8A63370BD23011100F9B170B5E7
:1051F00090F8963304460D468B4217D390F89923C6
:10520000B2B901260E4BC0F8541300F5547180F862
:105210009963AE40C0F8503303468068FDF702FE44
:1052200094F8A73323EA060384F8A73370BD7047C8
:10523000012290F8A7338A40134380F8A73370BD4A
:1052400023011200F9B170B590F8963304460D466B
:105250008B4217D390F89923B2B901260E4BC0F8B0
:10526000541300F5547180F89963AE40C0F8503380
:1052700003468068FDF7D6FD94F8A83323EA0603B9
:1052800084F8A83370BD7047012290F8A8338A4093
:10529000134380F8A83370BD23011300F9B170B532
:1052A00090F8963304460D468B4217D390F8992315
:1052B000B2B901260E4BC0F8541300F5547180F8B2
:1052C0009963AE40C0F8503303468068FDF7AAFDED
:1052D00094F8A93323EA060384F8A93370BD704714
:1052E000012290F8A9338A40134380F8A93370BD96
:1052F00023011400F9B170B590F8963304460D46B9
:105300008B4217D390F89923B2B901260E4BC0F8FF
:10531000541300F5547180F89963AE40C0F85033CF
:1053200003468068FDF77EFD94F8AA3323EA06035E
:1053300084F8AA3370BD7047012290F8AA338A40DE
:10534000134380F8AA3370BD230304002DE9F04114
:105350004E1E82B00D460446064402F0010796F840
:105360009C33092B08D8DFE803F01D1D0A0A0A0A3E
:105370000A32054A002F54D002B0BDE8F081002F58
:1053800059D00133DBB2072B86F89C33F4D13F4A66
:10539000117819B93E490978002965D0062386F8A5
:1053A0009C33E9E7002FE7D0022386F89C3390F87E
:1053B000AB33002B4FD0012229462046AA4013438D
:1053C00084F8AB3302B0BDE8F041FFF7B7BE9107F8
:1053D000D0D529460192FFF761FF0823019A86F88C
:1053E0009C33930533D5012246F2A81104F54D7084
:1053F00084F89B2302B0BDE8F041FDF709BC002F03
:10540000BAD100EB8508D8F85803FEF7C1FD29464C
:105410002046C8F85873FFF791FE012386F89C33A5
:10542000AAE729462046FFF789FE184A012317708C
:1054300086F89C33A0E7012290F8AB3302FA05F519
:1054400023EA050380F8AB3386F89C2394E7C2F384
:1054500080225200C8E744F6206100F54670FDF74F
:10546000D7FB94F8AB33A6E701211170A94090F85F
:10547000AB2322EA0102294680F8AB2386F89C334D
:10548000FFF738FF84F89A5376E700BF4FFC0020FF
:1054900050FC002000222DE9F04180F8992382B0D1
:1054A0004B6B0446854D0E8FAB4200F08C80844DD3
:1054B000AB424ED0A32B37D094F8A31351BB94F832
:1054C000A513002940F0C88094F8A613002940F0E5
:1054D000B98094F8A713002940F0C88094F8A81365
:1054E000002940F0D78094F8A913002940F0DC800F
:1054F00094F8A413002940F0C38094F8AA1329B3A8
:1055000091FAA1F12046B1FA81F102B0BDE8F04173
:10551000FFF7F0BE91FAA1F12046B1FA81F102B095
:10552000BDE8F041FFF736BD0B6B042BC4D1CB6A4D
:105530001A68002EC0D090F896339E42BCD83146EF
:10554000FFF704FF94F89923002AB5D002B0BDE814
:10555000F08194F89033B0F8820394F88513012B0E
:1055600094F88253A4F8960384F8981352D8002D27
:10557000A2D00125514F04F554782E46DAB92346BE
:105580004146A068C4F8545384F89963C4F8507332
:10559000FDF748FC06FA05F294F8A33323EA020368
:1055A00094F8992384F8A333013594F89633AB42E9
:1055B000CAD3002AE3D094F8A33306FA05F10B43CB
:1055C00084F8A333F0E790F89633B3427FF474AFD6
:1055D000D0F85833002B7FF46FAF012590F8950376
:1055E00094F8942303212B46CDE90050A068FEF7E0
:1055F00085F8344B01462A46C4F85803496804F537
:105600005E71C3632346FDF7A7FC94F89923002A33
:105610009CD151E794F8923340F6013194F891030C
:1056200041EA03412346C4E9D41004F55471A0684B
:10563000FDF7F8FB012294F8963384F89923002BA8
:1056400097D183E791FAA1F12046B1FA81F102B036
:10565000BDE8F041FFF79EBD91FAA1F12046B1FAF5
:1056600081F102B0BDE8F041FFF768BD91FAA1F108
:105670002046B1FA81F102B0BDE8F041FFF7B6BDB6
:1056800091FAA1F12046B1FA81F102B0BDE8F041F2
:10569000FFF7ACBC91FAA1F12046B1FA81F102B05A
:1056A000BDE8F041FFF7CEBD91FAA1F12046B1FA75
:1056B00081F102B0BDE8F041FFF7F0BD230308001F
:1056C000A0060029ED290100704700BF4FEA114CE8
:1056D0008BB2BCF1090F30B511D183B1202B44D866
:1056E000013B012101FA03F3002A7FD1426C1A42E7
:1056F00004D022EA030280F84110426430BDBCF1BC
:10570000010FA3F1300E30D1BEF1090F2DD80CFAE4
:105710000EFED0F8481100EB830341EA0E01C0F8F9
:105720004811D0F84C1141EAEE71C0F84C114FEA23
:10573000EE7153F8784C9442E0D043F8782CD0F8CE
:105740005031D0F858214EEA03031A40C0F85031C6
:10575000D0F854310B43D0F85C11C0F854310B40F1
:105760001A43CBD080F841C030BDB0F860E1E645C7
:10577000C4D1B0F862C19C45C0D8B0F864E1E64439
:105780009E45BBD9CCF10A030B449BB23F2BB5D845
:1057900000EB83018C6C944230D08A644FF0010C92
:1057A000A3F12002C3F120010CFA03F3D0F8544115
:1057B0002CFA01F10CFA02F2D0F858510A43D0F851
:1057C000501119431443C0F850112940D0F85C51CE
:1057D000C0F854412C40214318BF80F841C0D0E9A3
:1057E00052411C431143C0E9524130BD426C1A4240
:1057F00084D11A4380F84110426430BD0124A3F1E2
:105800002002C3F1200104FA02F204FA03F324FA9D
:1058100001F10A43E3E700BFA0F10C00FFF756BF18
:1058200090F8413013B1012380F84230704700BF37
:1058300001207047704700BF704700BF002200235F
:10584000C0E95223C0E95423704700BF0368DB69F5
:10585000184700BF00234362436380F86C3180F82F
:10586000203070472DE9F0410D4682B006461549BB
:105870002B6B15480193EB6A0093D5E90D2303F0D8
:105880001FF8EC6AA4B12B8E102B1D4628BF1025E3
:10589000013DADB263B10135DFF834800A4F2544D4
:1058A00014F8012B4146384603F00AF8AC42F7D110
:1058B0000649054803F004F8002086F8240502B0E4
:1058C000BDE8F081CC3A002044970020EC50002045
:1058D00068650020A0F10C00FFF7C4BF90F8743198
:1058E000013BDBB280F874313BB9436103639FED48
:1058F000037B80ED527B80ED547B704700000000FD
:105900000000000070B51E4682B004460B460092AF
:105910000D46024611491248019602F0D1FF606916
:1059200010B1002002B070BDA36A0BB1AB42F9D137
:105930000C4B3344012B02D90B4B9E42F1D10B4946
:10594000074802F0BDFFAA68236820469B6CC4E9A3
:1059500009259847012002B070BD00BF583A0020C9
:1059600044970020FCFFFEFF08000100A43A00203D
:10597000A0F11800FFF7C6BF70B40468044DA46915
:10598000AC4201D170BC7047A44670BC604700BFF8
:10599000C52F0100704700BF012070470023C3607E
:1059A000C36180F854310372704700BF0268064932
:1059B000526A8A4207D190F841201AB1012280F838
:1059C00042207047704710471D31010090F8353074
:1059D00013B1012380F83630704700BF90F868316A
:1059E000013BDBB280F868313BB9836043629FEDD5
:1059F000037B80ED4F7B80ED517B70470000000002
:105A000000000000026810B4926A0C4CA24212D14D
:105A100090F874210346013AD2B280F874213AB961
:105A2000002000215A611A63C3E95201C3E95401FD
:105A30005DF8044B70475DF8044B1047D931010005
:105A400050F8183CA0F11801064A5B6A934206D14F
:105A500090F829302BB1012380F82A30704708468E
:105A6000184770471D31010050F8183C1838DB69A1
:105A7000184700BF50F8183CA0F1180C0D4A9B6A5B
:105A8000934210D190F85C31013BDBB280F85C317D
:105A90005BB940F8043C83619FED047B80ED4C7B57
:105AA00080ED4E7B7047604618477047000000004D
:105AB00000000000D931010070B450F8184C054DB9
:105AC000A469AC4203D0A446183870BC604770BCCF
:105AD000704700BFC52F01002DE9F0470D46416911
:105AE00082B019B1002002B0BDE8F0878168044699
:105AF0000029F7D1013A18BF0122002AF2D16B4EDA
:105B0000B5F81EC0B5F820E0304603E0013206309B
:105B10000F2AE7D001886145F8D141887145F5D158
:105B200002EB420206EB42067279002ADAD137799B
:105B3000002FD7D00A9A162A8CBF00220122002AF1
:105B4000D0D119790129CDD95979FF29CAD184F841
:105B50009524A4F89624A4F898249A7A222A38D076
:105B600009214FF00008C64646460BE0114494F860
:105B7000952422B1B6FA86F94FEA59198EBB0A9AD2
:105B80008A42AFD95A5C5818072AEFD190F801C061
:105B9000BCF1050FEAD190F803C0BCF1030FE5D1C9
:105BA00001F1040913F809C0BCF1400FDED890F8E8
:105BB00005A0BAF1000FD9D190F902A08278BAF10C
:105BC000000F4FDBA4F898C4164690F806800278C0
:105BD000CCE75A7A142A85D10A9A1D2A82D91D2126
:105BE000BFE7CDF804E002F00F02B4F896340321C9
:105BF000284600930123FDF781FDC4F89C0400288A
:105C00003FF470AFCDF804803246B4F8983428469B
:105C1000032100934B46FDF771FDC4F8A004002852
:105C20003FF460AFD4F89C0404F2A441204BB4F8D4
:105C30009624C3632346FDF78FF9D4F8A0041D4BC7
:105C4000032FC36320D0042F16D0072F25D04FF485
:105C50008072002104F1480008F0E4FD012084F87E
:105C60002C7040E784F8952413F80920A4F89624B2
:105C700090F806E0027879E723460C220E49FDF7FA
:105C80006BF984F86C91E2E7234605220B49FDF796
:105C900063F9012384F86C31D9E7234602220849CD
:105CA000FDF75AF9012384F86C31D0E7309B0020CE
:105CB000854C010035310100209B0020189B0020FD
:105CC000149B002010B50446032100F5C07002F0BB
:105CD00041F804F52870072102F054F8012104F579
:105CE0008C6002F069F82046FDF7D8FE04F10C0044
:105CF000FEF7C8FB04F11800BDE81040FCF722BE17
:105D000070B5066B94B00446FEB1202200216846AF
:105D100008F088FDB4F8661194F869314FF6057201
:105D200094F86A513046ADF804106946ADF8002089
:105D300020228DF8063094F86B318DF807508DF8DD
:105D40000830FEF7FFFA14B070BD456B15B9284650
:105D500014B070BD31464F22684608F063FD41F231
:105D6000521294F867312846ADF80020802294F84A
:105D700066118DF80220FF228DF8083094F8693101
:105D8000B4F86A418DF8071069468DF804204F2257
:105D90008DF809304023ADF80A40FCF70DFE0120D4
:105DA00014B070BD2DE9F041066B84B08446002E1E
:105DB00045D0454D00F2E44705F130083C46AE467B
:105DC00010341035BEE80F00C64544F8100C44F8F6
:105DD0000C1C44F8082C44F8043CF0D19CF86631C3
:105DE0000BBB1A468CF8E6348CF8E5249CF8672146
:105DF0001AB39CF868318CF8E73400249CF86B31B6
:105E000021218CF8E82430225B00029701920922BC
:105E10008CF8ED3440F2012330460094FEF71EFB6F
:105E200004B0BDE8F0819CF868218CF8E6348CF869
:105E3000E5249CF86721002ADBD11346DBE7446B9D
:105E4000CCB3224E00F2E44706F13008BE46354698
:105E50000EF1100E10360FCD45454EF8100C4EF8D1
:105E60000C1C4EF8082C4EF8043CF0D13388AEF8E8
:105E700000309CF8663123B39CF868218CF8E72445
:105E80009CF867218CF8E834CAB19CF868318CF82A
:105E9000E93420469CF86B3139468CF8EA243222EA
:105EA0005B008CF8EF344FF0FF33FCF785FD0120E9
:105EB00004B0BDE8F081204604B0BDE8F08113468F
:105EC000E5E71A46DAE700BF24210020542100202C
:105ED0008446006B08B5C8B102229CF869319CF871
:105EE0006A118CF8E4248CF8E6349CF86B219CF859
:105EF00066318CF8E7140CF2E4418CF8E8240722B0
:105F00008CF8EA34BDE80840FEF71CBADCF834002F
:105F100000B908BDBCF86A3140F2A2229CF86611B3
:105F20009CF869E1ACF8E4243222ACF8E8346FF074
:105F300001038CF8EB140CF2E4418CF8E7E4FCF775
:105F40003BFD012008BD00BF2DE9F0410D4690F852
:105F500069110446A94210D094F82C1084F86B31D2
:105F60004B1E84F8695184F86A21062B0DD8DFE8AE
:105F700003F0383D0C425A0C100090F86A1191421F
:105F8000EAD190F86B119942E6D100273846BDE876
:105F9000F081676B002F4DD004F2E44801263222D5
:105FA0000021404608F03EFC384684F8E564374658
:105FB000A2223D4E6FF00103414684F8E42432787A
:105FC00084F8F05484F8E6243A4402F00F02327068
:105FD000302284F8EF243222FCF7EEFC3846BDE88C
:105FE000F0812046BDE8F041FFF7DCBE2046BDE869
:105FF000F041FFF785BE002308224035D4F8A00405
:1060000084F8E53484F8E62484F8E754C4F8E834E6
:10601000C4F8EC3460B123460C2204F2E4410127B9
:10602000FCF79AFFB2E72046BDE8F041FFF750BF0A
:106030000127ABE70123C4F8E4741C4A04F2E441ED
:10604000C4F8E87484F8E43484F8E73484F8EB3472
:106050003023206B84F8EE34137884F8EF5484F8FE
:10606000E5340133C4F8F074137044F24003C4F80B
:10607000F474A4F8E834A4F8EC3418B11422FEF750
:1060800061F983E7D4F8A00400283FF47EAF2346EB
:106090001422FCF761FF074600287FF476AF04491D
:1060A000044802F00DFC71E74CFC00204BFC002082
:1060B000803B002044970020F8B5044690F82C005F
:1060C0000D461646013884F8661184F8672184F875
:1060D0006831062800F2B480DFE800F0575C619474
:1060E000ADB20400676B002F00F0C28004F2E447F9
:1060F00032220021384608F095FBA22384F8E434CC
:10610000102384F8E534B54B1A78102A00F2F38096
:10611000511C01F00F011970334684F8E6242A4619
:10612000AF49B04802F0CCFB55EA06031FD02B1E46
:1061300018BF0123002E40F0F480002B00F0F18006
:1061400001224023002184F8EC24282284F8EB1457
:10615000882184F8ED3484F8EE34612384F8E72450
:10616000602284F8E81484F8E92484F8EA340020F2
:106170006FF001033222394684F8EF0484F8F0040A
:10618000606BFCF719FC0120F8BD2046BDE8F84023
:10619000FFF708BE2046BDE8F840FFF7B1BD606BD1
:1061A00000284FD040F2A23340F2FF12A4F8E434AA
:1061B0000F2384F8E634642313FB012513FB062127
:1061C000894AFF2384F8EB3482FB05632B4482FB6E
:1061D00001520A44C3F347230021C2F3472284F843
:1061E000E73484F8E9346FF0010384F8E82484F894
:1061F000EA240A22A4F8EC1404F2E441FCF7DCFBE4
:106200000120F8BD0023794AD4F8A00484F8E914E9
:10621000C4F8E42484F8E83484F8EA6484F8EB34BD
:10622000C4F8EC3410B323460C2204F2E441FCF72A
:1062300093FE0120F8BD2046BDE8F840FFF748BEB8
:106240000020F8BD6A4BFF22D4F8A054C4F8E4340F
:106250004FF4706384F8EC1484F8ED64A4F8EE2431
:10626000C4F8E83484F8F004002D3BD10120F8BDD7
:1062700013465C480A465F4902F022FB1022574B46
:1062800004F2E441C4F8E47484F8E4241A78C4F80D
:10629000E874102AC4F8EC74C4F8F074A4F8F47428
:1062A0002CD8501C00F00F00187055EA060384F833
:1062B000E52410D02B1E18BF0123002E4ED1002B39
:1062C0004CD001204C4A46F2601384F8E704C4F82D
:1062D000E824A4F8EC34206B98B11222FEF732F8CF
:1062E0000120F8BD23460D2204F2E4412846FCF7C4
:1062F00033FE0120F8BD012100220CE73A460120BF
:10630000D2E7D4F8A0040028B0D023460C22FCF732
:1063100023FE0028AAD13949324802F0D1FA0120DF
:10632000F8BD003E18BF01266DBB66B3882240232E
:10633000282184F8EC24602284F8EB14612184F88D
:10634000E93484F8EA34012384F8ED24002284F847
:10635000EE1484F8E72484F8E83408E7003E18BF18
:1063600001265DBB56B346F2601348F628000122B1
:10637000A4F8E83444F24003A4F8E60484F8EB24DB
:10638000A4F8EC34A7E7002B3FF4F1AE002E3FF465
:10639000EEAE60232821882284F8ED3484F8E934B5
:1063A000612384F8EB1484F8E71484F8EC2484F86F
:1063B000E82484F8EE3484F8EA34D8E6002B8AD056
:1063C000002E88D048F628000D4A46F26013A4F843
:1063D000E604C4F8E824A4F8EC347CE74CFC002084
:1063E000983B0020449700200308208000010FC044
:1063F00009000009B43B002040402888803B002071
:106400006061288800210022002380F8421080F873
:106410004110C0E95423C0E95223704738B50C46F7
:10642000054613222349204608F0E2FA20B9022348
:1064300085F82C30012038BD0F221F49204608F076
:10644000D7FA20B90123012085F82C3038BD152258
:106450001A49204608F0CCFA0028F3D01122184936
:10646000204608F0C5FA18B9052385F82C30E1E775
:106470000D221449204608F0BBFAB0B10D22124992
:10648000204608F0B5FA60B10B221049204608F00A
:10649000AFFA30B10B220E49204608F0A9FA0028C5
:1064A000C8D1072385F82C30C4E7032385F82C30A6
:1064B000C0E700BFF83A00200C3B00201C3B002046
:1064C000343B0020483B0020583B0020683B002024
:1064D000743B0020F8B504460D4628481E4628495E
:1064E000174602F0EDF9A36AAB4202D00BB10020CF
:1064F000F8BD60690028FAD107F47063B3F5A06FA6
:10650000F6D12EB331462046FFF788FF07F03C0254
:1065100030B9082A02D1069B012B1DD00120F8BDFD
:10652000082AFBD194F82C30013B062BF3D801A2AA
:1065300052F823F06F3E0100553E0100553E010028
:10654000133E01006F3E0100133E0100553E010065
:1065500007F03C02082AE1D10A49084802F0B0F9E4
:10656000A86801216063C4E90905FCF777FA0220F5
:10657000F8BD042384F82030EEE700BF44970020E4
:10658000F4390020283A0020A0F11800FFF7A2BF3C
:1065900010B50446FFF742FF38B194F82C30022BB7
:1065A0000AD003F0FB03012B01D0012010BD04230E
:1065B000012084F8203010BD0123012084F8203010
:1065C00010BD00BF10B504461838FFF727FF30B1E3
:1065D000237D022B09D003F0FB03012B01D0012006
:1065E00010BD04230120237210BD0123012023725A
:1065F00010BD00BF2DE9F04300F2E44883B004462B
:106600000F4691460021322240461E460A9D08F060
:1066100009F940232A4A84F8E93484F8EA3484F8F2
:10662000ED3484F8EE34137884F8EF7484F8E634AB
:10663000013303F00F031370012384F8E53484F869
:10664000E83484F8EC34002384F8E73484F8EB343D
:10665000A22384F8E43466B1731E09F1FF3C04F20E
:10666000EF4019FA83F31CF801EF9C4500F801EFA5
:10667000F9D1606BA8B165B96FF0010332224146D0
:10668000FCF79AF902F0F6FAC4F8700103B0BDE81D
:10669000F083A06A294600F56A70FCF7B9FA606BCE
:1066A000EAE74B463A4607490096074802F008F9E0
:1066B00002F0E0FAC4F8700103B0BDE8F08300BF57
:1066C0004CFC0020B83900204497002090F82C3072
:1066D0000022013B30B5044685B080F86D21062BC1
:1066E00014D8DFE803F0042B1313231315001B4AFF
:1066F000002301200292ADF80C3002F067FA4FF04F
:10670000FF33062202A9606BFCF756F905B030BDD5
:1067100013490025012302AA009102218DF8085097
:10672000FFF768FF84F86D5105B030BD0023FF22EC
:10673000194605B0BDE83040FFF706BC40F24323E0
:106740000120ADF8083002F041FA4FF0FF33022289
:1067500002A9606BFCF730F905B030BD53F4420379
:1067600090D00300A0F11800FFF7B0BF10B54FF0B4
:10677000800C0446006B84F8E4C484F8E51484F8C3
:106780006E1188B14AB9022204F2E441FDF7DAFD44
:1067900002F070FAC4F8700110BD00F55F70114688
:1067A000FCF736FA206BEEE7D4F8A0040028F3D00B
:1067B000234604F2E4411222BDE81040FCF7CCBBB2
:1067C00070B5404C82B005461C44012C05D93E48AA
:1067D000834202D0002002B070BD6B69934201D0A9
:1067E000002BF7D1AC68002CF4D195F87431012658
:1067F00008466A6101332246296305F2E441CDE986
:10680000004485F87431402385F84160FDF700FEAF
:106810006B6985F86C6122462C4ED88B1C8C3346F4
:1068200003E0013206330F2A15D019888142F8D1CE
:106830005988A142F5D102EB420206EB42063279B9
:10684000531E85F82C20062B08D8DFE803F01C31F6
:1068500007071C072500002385F82C300924212177
:10686000052040F2FF320023A5F86211A5F864016B
:106870001749A5F860411748C5E9562302F020F8EA
:10688000012002B070BD01244FF4807127204FF029
:10689000FF324FF0FF33E7E70F4A02212846FFF7A8
:1068A00065FF0122002385F8382085F86D31D5E792
:1068B0004FF47F44212136206FF440624FF0FF33C4
:1068C000D2E700BFFCFFFEFF08000100309B002064
:1068D000A43A00204497002090D00300A0F10C00BF
:1068E000FFF76EBF2DE9F84300F2E44605468946FE
:1068F00014460021202230469846089F07F092FF58
:106900002949012385F8EE940A7885F8E4341A447D
:1069100085F8E73485F8EB3444F2400302F00F02C7
:10692000A5F8E8340A7085F8E524A5F8EC34B8F148
:10693000000F0DD01FFA88F205F2EE41531E621EC1
:1069400014FA83F312F8014F9A4201F8014FF9D17A
:10695000286B68B120223146FDF7F4FCC7B902F07C
:1069600089F9C5F870016420BDE8F84302F02EB93A
:10697000D5F8A00420B12B4631462022FCF7ECFAD2
:1069800002F078F9C5F87001002FECD0BDE8F8836B
:10699000286B394600F55F70FCF73AF902F06AF9A6
:1069A000C5F87001BDE8F8834CFC00208B7B102BF0
:1069B00000D070472DE9F04FCB7B202B00F09A8060
:1069C000802B11D03D2B20D0862B40F0BF800B7C3C
:1069D000602B07D10B7ECA7D1B025E4903F47063F6
:1069E00013430B83BDE8F08F0B7C602BFAD101F1D0
:1069F0001403594817311A7813F8014F42EA042258
:106A0000994220F8022BF6D1ECE70B7C602BE9D100
:106A10000C7E4B7D4FEA042B91F81BC091F8179028
:106A20004FEA131E0BF4706B887D4FEA0C2791F828
:106A3000148049EA0B09240991F819B04EEA001EA6
:106A400007F47067887F44EA0B1491F81AB01A02B1
:106A500006024BEA07074FEA1C1C91F81CB002F42F
:106A6000706306F4706691F821204CEA0B1C91F8D3
:106A70001DB00009150248EA03084BEA060691F822
:106A80001FB091F8243005F4706540EA0B1091F8BE
:106A900020B04FEA032AA9EB08084BEA05051209C2
:106AA00091F822B01B090AF4706AA4EB0E0E42EAB8
:106AB0000B1291F823B091F825104F444BEA0A0AC3
:106AC000A44443EA0113751B821AB244C118214B36
:106AD000A3F80C90DC81A3F810805F82A3F814E087
:106AE000A3F816C01E8058809D80A3F806A01A81C6
:106AF000598177E70B7C602B7FF474AF0020164A36
:106B000003460B445C7D93F814C04CEA042C22F835
:106B100002CBDC7E93F81AC04CEA042CA2F804C025
:106B200093F8214093F820C04CEA042CA2F80AC044
:106B300093F8274093F826C003464CEA042C841CA3
:106B4000E0B2A2F810C00628DBD14BE7982B3FF447
:106B50003EAF47E7FCE60020E4E6002070B50446BF
:106B600084B00D4601B30B78812B04D0212B02D0C9
:106B7000002004B070BD206B00F55F70FCF7A6F834
:106B80002B78812B1DD194F83830002B3DD094F810
:106B90006E31812B1CD094F86F31CBB9012294F85F
:106BA0006D3184F86F211CE02BB390F8383063B35B
:106BB00090F86D3184F86F110133DBB280F86D31DC
:106BC0000FE029462046FFF7F1FE94F83830E3B194
:106BD00094F86D310022013384F86F21DBB284F820
:106BE0006D310A2B11D8DFE803F067605B5645353D
:106BF00009281B09130090F86D31F2E72046324A4C
:106C00000421FFF7B3FD0120B3E7012004B070BDFC
:106C100063220023012084F86D2184F83830A8E72E
:106C20003021294D204601238DF8081002AA0321A6
:106C30000095FFF757FE01209BE70125224E2046D5
:106C400002AA48212B4600968DF80850FFF74AFE0D
:106C500028468EE7012506201B4902AA84F86D010B
:106C60002B462046009140218DF80850FFF73AFE50
:106C700028467EE7144D46F23D0119222046029136
:106C80008DF80C20052302AA10210095FFF72AFE9B
:106C9000012004B070BD0C4D4FF4C1410622EDE758
:106CA000094D46F220011822E8E72046064A022153
:106CB000FFF75CFD01205CE72046034A0321FFF754
:106CC00055FD012055E700BF90D0030010B50446E4
:106CD000006B58B100F55F70FBF7F8FF002220460B
:106CE00001231146BDE81040FFF738BF10BD00BFBB
:106CF00010B50446406A60B100F55F70FBF7E6FF2F
:106D00000022A4F10C0001231146BDE81040FFF75A
:106D100025BF10BD70B5044684B019B30B780D467D
:106D2000212B02D0002004B070BD806A00F56A708B
:106D3000FBF7CCFF29462046FFF738FE94F83A309F
:106D4000ABB194F86D310133DBB284F86D31013BA6
:106D50000A2B0CD8DFE803F0116D721E2F34384572
:106D60004A525F0033B190F83A30002BE9D101204C
:106D700004B070BD90F86D31E9E70021324D204636
:106D800001238DF8081002AA08210095FFF732FCB4
:106D90000120C8E72C4D46F23D0112222046029107
:106DA0008DF80C20052302AA10210095FFF722FC84
:106DB000012004B070BD244D46F220011822EDE7F9
:106DC000214D4FF4C141F9E701251F4E02AA402190
:106DD00020462B4600968DF80850FFF70BFC2846FE
:106DE000A1E70125184E02AA4821F1E7002301215D
:106DF00020461A46FFF7A8F8012094E73021124DEB
:106E0000204601238DF8081002AA03210095FFF700
:106E1000F1FB012087E7FF2320461A461946FFF7BA
:106E20004BF90022FF23012084F83A2084F86D31C9
:106E300079E7054D46F286011222AFE7024D46F290
:106E400098011222AAE700BF90D0030010B50446B3
:106E5000806A58B100F56A70FBF738FF00222046BF
:106E600001231146BDE81040FFF754BF10BD00BF1D
:106E700010B50446006960B100F56A70FBF726FFA3
:106E80000022A4F1180001231146BDE81040FFF7CD
:106E900041BF10BDF0B52DED028B83B0544D9DF870
:106EA0002C40BDF92800002C6AD0B5F91040B5F986
:106EB0001270B5F90C60B5F914C0B5F916E0B5F962
:106EC0000E50A342B8BF23466045B8BF6046BB42E0
:106ED000A8BF3B467045A8BF70469E42A3EB060381
:106EE0006FDCBF1B07EE903A07EE107AF8EEE77AF8
:106EF000B8EEC77A87EE878A8542A0EB050051DCA1
:106F0000AEEB050E07EE900A07EE10EAF8EEE77A10
:106F1000B8EEC77AC7EE878A28EEA80AA8EE080A54
:106F2000B5EE400AF1EE10FA59D4B1EEC07ADFEDB9
:106F3000317AB4EEE77AF1EE10FA2EDD77EE677A69
:106F40009FED2D5AF7EE005A9FED2C6AC7EE856A29
:106F5000F4EE656AF1EE10FA75FEA66AC6EE877A5F
:106F600028EE278A68EEA78A28EE068A68EE868AC7
:106F700081ED008AC2ED008A03B0BDEC028BF0BD4A
:106F8000B5F90440B5F90670B5F90060B5F908C067
:106F9000B5F90AE0B5F9025093E79FED198AF0EED2
:106FA000488AE5E7ACEB050C07EE900A07EE10CA3D
:106FB000F8EEE77AB8EEC77AC7EE878AF1EE688A0C
:106FC000AAE7A41B07EE903A07EE104AF8EEE77A1C
:106FD000B8EEC77A87EE878AB1EE488A8CE7CDE9AA
:106FE000001203F077FFB0EE407ADDE900129EE771
:106FF000FCE600209A99193E9A99593F00000045F5
:107000000000000090F82C30032BF0B5044687B048
:107010000D466FD0042B08D0072B00F0C680D4F8A3
:107020009C0400285CD107B0F0BDCB6A1A78082A0E
:1070300000F0A7805A78012AF1D1D988406C8842A3
:1070400002D0616484F8412004F1440003F1080691
:1070500000224FF0010C9FEDC17B84ED527B9FED30
:10706000C17B84ED547B36F9021F50F8045F8D42DA
:107070000FD001600CFA02F1D4F8505184F841C0ED
:107080000D43C4F85051D4F8545145EAE175C4F8A1
:1070900054510132042AE6D1197AA26D8A4200F0D5
:1070A0006981D4F850210120A16542F0100284F8D2
:1070B0004100E06DC4F850215B7AD4F8541183424A
:1070C00007D042F020020120E36584F84100C4E9C2
:1070D00054210123D4F89C0484F842300028A2D023
:1070E0002346B4F8962404F2A44107B0BDE8F0406A
:1070F000FBF732BF3F200021C4E9520100210020EC
:10710000C4E95401E96A0A78202A88D12A6B112A35
:1071100085D98A88606C824205D00120626484F837
:10712000410084F842000122904E063194461DE051
:10713000B1F9005054F82070AF4210D044F82050FC
:107140000CFA03F3D4F8500184F841C01843C4F892
:107150005001D4F8540140EAE370C4F85401062AFF
:10716000B7D0013216F8013F0231D2B2551E03F1F9
:107170001200012DDCD80D8854F82070AF42DDD10B
:10718000EFE75B7890F86C219A423FF448AF80F8C3
:107190006C31002B3FF443AF90F8953400225B082C
:1071A00011460233FEF7D0FE39E790F83830BBB114
:1071B00090F86D31052B13D8DFE803F0C5BDB0A3FF
:1071C000030D00213022012300913F218DF8102072
:1071D00004AAFFF787FB002384F86D3184F8383068
:1071E000ED6A626C6B885BBA9BB29A4203D0012253
:1071F000636484F841203F22002304F1440105F137
:10720000040C4FF0010EC4E9522300230022C4E90C
:10721000542300233CF9022F51F8040F90420FD061
:107220000A600EFA03F2D4F8500184F841E01043EA
:10723000C4F85001D4F8540140EAE270C4F8540193
:107240000133042BE6D1012603AA02A920460196A8
:10725000B4F94C300093B4F94830FFF71BFE9DEDB4
:10726000027ADDED037A03AAB8FE477ABDEEC77A4B
:10727000F8FE677AFDEEE77A019602A9B4F9543078
:10728000204684ED127AC4ED137A0093B4F950309D
:10729000FFF700FE9DED027ADDED037AB8FE477A36
:1072A000BDEEC77AF8FE677AFDEEE77A236E84EDCD
:1072B000147AC4ED157A2A79934218D0D4F8503153
:1072C000E06D43F0100384F841602266C4F8503149
:1072D0006A79D4F8541190423FF4FBAE43F0200396
:1072E0000120E26584F84100C4E95431F1E66A798D
:1072F000E36D934245D194F84130002B3FF48FAEBB
:10730000E7E60021012304AA009148218DF81030FE
:10731000FFF7E8FA042384F86D3161E700210123C7
:1073200004AA009140218DF81030FFF7DBFA032307
:1073300084F86D3154E70E4A0421FFF717FA02234F
:1073400084F86D314CE70A4A0221FFF70FFA012356
:1073500084F86D3144E700BFAFF300803F000000C8
:10736000000000000000000000000000C82600200F
:1073700090D003005B7AE26D9A42BCD0D4E95421EC
:107380009FE6D4E95431A9E70146C06B08B1FFF785
:1073900039BE70472DE9F04F0B788DB004463F2B76
:1073A00000F02E81302B03D000200DB0BDE8F08F0F
:1073B00047F6FF76002790F83930C0E9526700267B
:1073C0000027C0E954674A790879120442EA00228A
:1073D000C8780243002B40F06781E36BD21A636CDC
:1073E000934205D00123626484F8413084F842302E
:1073F000CF79402A8D7A4FEA072C087A4FEA17177F
:107400004E7A0CF4706C8B7947EA00174FEA05202E
:107410004FEA1515ADF8167000F4706046EA0006E4
:10742000C87A45EA001543EA0C00ADF818608346B7
:10743000ADF81A50ADF8140000F04A814FF0000C7E
:10744000B2F5800FADF81EC040F03981ADF820C014
:107450004FF0010CADF81CC04FF0000CB2F1801FD2
:10746000ADF822C002D14FF0FF120892B1F90D2001
:10747000A36E9A4209D04FF480784FF00009A266BB
:107480000122C4E9548984F84120B1F90F20E36E48
:107490009A4209D0E266D4F8502142F40072C4F84E
:1074A0005021012284F84120B1F91120236F9A4222
:1074B00009D02267D4F8502142F48062C4F85021E8
:1074C000012284F84120B1F91320636F9A4209D058
:1074D0006267D4F8502142F40062C4F850210122BE
:1074E00084F84120B1F91520A36F9A4209D0A26710
:1074F000D4F8502142F48052C4F85021012284F87B
:107500004120B1F91720E36F9A4209D0E267D4F81D
:10751000502142F40052C4F85021012284F8412045
:107520008A78D4F880301109B3EB121F0AD0D4F84E
:107530005021C4F8801042F48042C4F85021012246
:1075400084F8412004F144020DF1140C04F16408A4
:1075500000214FF0010E01E03CF8020F52F804AF99
:107560000EFA01F9013150450ED01060D4F85001E7
:1075700084F841E040EA0900C4F85001D4F854010D
:1075800040EAE970C4F854014245E5D1009701276B
:107590005B46204604AA03A90197FFF77BFC9DEDFB
:1075A000037ADDED047A3346B8FE477ABDEEC77A3A
:1075B000F8FE677AFDEEE77A00952046019704AA67
:1075C00084ED127A03A9C4ED137AFFF763FC9DEDF5
:1075D000037ADDED047A0023B8FE477ABDEEC77A60
:1075E000F8FE677AFDEEE77A002084F8427084F8AE
:1075F000383084ED147AC4ED157A0DB0BDE8F08F03
:10760000B1F8013040F2FF160027426CC0E9526722
:1076100093424FF000064FF00007C0E9546705D0D1
:107620000122436480F8412080F84220CA78E06E4D
:10763000824208D04FF400760027E2660122C4E9B6
:10764000546784F84120A3F500430022DFF8B4C05A
:107650000127B3FA83F35B09C4E91833134604EB3B
:10766000830507FA03F301EB42000132AE6C808818
:1076700086420DD0A864D4F8500184F841701843B4
:10768000C4F85001D4F8540140EAE370C4F854013E
:10769000042A02D01CF8013FE1E70123002084F80E
:1076A00042300DB0BDE8F08FA2F500430020B3FAE0
:1076B00083F384F839005B09DB03E3638EE6B2F100
:1076C000401F0ED14FF0FF12CDF820C00792CDE63B
:1076D0004FF4803CCDF81CC04FF0000CADF820C03A
:1076E000BAE6B2F5000FADF81CC002D1FF22089235
:1076F000BCE6802AADF820C07FF4AEAEFF22ADF824
:107700002220B3E62883002030B5CD6A83B004463A
:107710002B7863B1012B80F840300A6B04D094F8C9
:107720002C30D2B2072B08D0002003B030BD94F823
:107730002C3091F83020072BF6D192B20023294645
:1077400020460192FFF70AFA019A0028EDD1294656
:107750002046FFF71FFE0120E7E700BF2DE9F04FAD
:1077600083B00D46044690460E7800AF012E80F897
:10777000406000F0CE80112E09D090F82C30072BFD
:1077800000F0118100200C37BD46BDE8F08F0023CA
:1077900000226946C0E95223C0E9542308F10503D9
:1077A000A8F1020807EE901ADB08B8F1000FA1EB70
:1077B000C3039D46EC460ADD00231A46E91801334F
:1077C0009BB2897843450CF802101A46F6DB9CF808
:1077D00005109CF807200B099CF8065002F00102E6
:1077E00001F00F008CF8053043EA05138CF80720F0
:1077F00043EA02330A078CF80A0003D4C74A52F856
:1078000020201343626C9A4203D00122636484F8FF
:1078100042202722002304F14401664604F1500E61
:10782000C4E952230123002251F8040F16F8015F26
:10783000A8420AD0D4F850011843C4F85001D4F833
:1078400054011043C4F854010D60DB1852417145D6
:10785000EAD19CF80420E36D934206D0D4F850316D
:10786000E26543F02003C4F850319CF80820636DB2
:10787000934206D0D4F85031626543F00803C4F84F
:1078800050319CF80920A36D934206D0D4F85031B2
:10789000A26543F01003C4F850314FF0000E0CF114
:1078A000050C04F1600104F5A4794FF027080123C9
:1078B00072464EEA020051F804AB48EA0306054658
:1078C00078601CF8010FB046AE4650450BD0D4F896
:1078D000505145EA030AD4F8545145EA020BC4E971
:1078E00054AB41F8040CDB1852414945E1D1012366
:1078F0007A68C4F84861002084F842300C3784F874
:107900006C3117EE903AC4F84C219D46BD46BDE857
:10791000F08F402A90F82C30944628BF4FF0400C4E
:10792000012B4CD0052B00F0BD80032B00F0F8801C
:1079300000230022C0E95223D0E95431B8F1000FEE
:1079400020D005F1FF38002500F14409AE46284655
:107950002A46354342EA0E0E59F804AF0130C4E915
:10796000525E18F801BF80B2D34507D033431143AC
:10797000C4E9543198F800A0C9F800A0B6195241E2
:107980008445E6D8D4E95602034011400B4302D0A7
:10799000012384F8423001230C37184684F86C31F7
:1079A000BD46BDE8F08F0023FFF7B4F900287FF44F
:1079B000EAAE424629462046FFF7ECFCE3E60979A9
:1079C0006A8842EA0142416C914202D0426480F8E6
:1079D00042302722002304F1440605F1050E04F18C
:1079E00050090020C4E95223D4E9543101221EF881
:1079F00001AF56F804BFD34507D013430143C4E990
:107A000054319EF800A0C6F800A092184041B1453C
:107A1000EDD1687AE26D824205D043F02003C4E9DB
:107A200054316A7AE265A87C626D824205D043F0E7
:107A30000803C4E95431AA7C6265E87CA26D8242E5
:107A400005D043F01003C4E95431EA7CA265B8F1D3
:107A50000A0F97D905F1090A002504F16C094FF0C6
:107A60002708D6464FF48062284642EA08080543B4
:107A700059F8046FC4E952851EF801BFB34507D019
:107A800013430143C4E954319EF80060C9F8006013
:107A90000EF10A069218A6EB0A064041B6B2B445AA
:107AA000E3D86FE7CA78B1F8013043EA0243426C89
:107AB0009A4202D0436480F8426000220023B8F169
:107AC000050FC4E9522378D905F1040A002504F111
:107AD00044094FF48062D646A8462846D4E954317A
:107AE000154340EA080859F8046FC4E952581EF8D3
:107AF00001BFB34507D013430143C4E954319EF895
:107B00000060C9F800600EF105069218A6EB0A069F
:107B10004041B6B2B445E3D834E700BF2C8300201F
:107B20003F200021626CC4E9520100200021C4E919
:107B30005401D5F80D30934204D0636484F8416059
:107B400084F842604FF0000CDFF874E04FF0010859
:107B50006246D4E954A119E0B0F8010054F8293084
:107B600098420DD008FA02F244F8290084F84180C6
:107B70004AEA020A41EAE271C4E954A1062E17D08A
:107B800001360CF1010C1EF8012FF6B2BCF1030F07
:107B900002F1120905EB4C00DED902F1120905EBE6
:107BA0004C0054F82930B0F901008342DAD1E5E7FE
:107BB0000122534684F84220E4E6D4E95431E1E658
:107BC0004C830020A0F11800FFF7C8BD30B5CD6A86
:107BD00083B02B7863B1012B80F834300A6B04D06A
:107BE00090F82030D2B2072B08D0002003B030BD6F
:107BF00090F8203091F83020072BF6D1A0F10C043A
:107C000092B20023294620460192FEF7A7FF019A6F
:107C10000028EBD129462046FFF7BCFB0120E5E711
:107C2000074A084B506EB2F868C0B2F87010C3F83B
:107C30000600D06EA3F80AC0D982C3F812007047BC
:107C400024210020E4E6002030B40D4C0D492568C5
:107C50000D4A0E4B15600E480D6822600D4A0468EF
:107C60000A60194615601A4603F140051C601B6442
:107C700042F8805F41F8C02F016030BC704700BF00
:107C800044E7002040E700201CE7002040B100202E
:107C900050E80020E0B00020024B186808B10268EC
:107CA0001A60704744E70020024B1A6818600260AF
:107CB000704700BF44E70020024B186808B1026813
:107CC0001A60704740E70020024B1A681860026093
:107CD000704700BF40E70020024B186808B10268F7
:107CE0001A60704750E80020024B1A681860026062
:107CF000704700BF50E80020054A106830B10168A5
:107D000000231160037043708370C370704700BF1D
:107D100048E70020024B1A6818600260704700BFF5
:107D200048E7002001EBC10100EB810188420ED23F
:107D300010B4074C226800E01846034643F8242B91
:107D400099420246F8D820605DF8044B70477047AE
:107D500044E7002001EB410100EB411188420ED2C3
:107D600010B4074C226800E01846034643F8602B25
:107D700099420246F8D820605DF8044B704770477E
:107D800040E7002000EB811C604511D2024610B58F
:107D9000084C4FEA811E2168134643F8401B9C455E
:107DA00011461A46F8D8AEF1400E7044206010BD5E
:107DB000704700BF50E80020352303FB01018842D3
:107DC0000ED210B4074C226800E01846034643F870
:107DD000352B99420246F8D820605DF8044B704775
:107DE000704700BF48E70020F8B5817804464B1E75
:107DF000342B1CD8DFE803F0701B1B1B1B1B1B97CD
:107E00001B1B1B1B1B851B1B8E1B1B1D1B1B1BA955
:107E10001B1B1B1BA01B1B1B1B1BB21B1B1B1B1B96
:107E20001B1B1B1B1B1B1D1B1B1B1B1B700000207C
:107E3000F8BD504A5048D2F88030504E43F4404389
:107E4000A061C2F88030E568002D50D0A3690022FF
:107E50004B489A611861DA609A6A920802F01C0233
:107E60000F2A00F28480520802F00202DA6223290B
:107E7000444A03F11C03DFF84CC102EB0112D9683C
:107E800041F08001D2E90107D9604FF000012A6872
:107E900043F804CC4FF0D90CC7F800C014BF022738
:107EA0000127B3F1804F076013619182917101D373
:107EB00093680BB9012393600021334BA068916153
:107EC0002A7943F8221043F82260228802EB42020A
:107ED00006F0A8FC0120F8BD264A2C48536FE5683F
:107EE00043F0C003A0612A4E5367002DAED1082095
:107EF00001F0D8FA0546002100F0A0FAA178E5606B
:107F0000A4E71C4A2348936E234E43F04053A061DC
:107F1000936698E7174A2148936E214E43F44053E5
:107F2000A06193668FE7134A1E48D36E1E4E43F03E
:107F30004073A061D36686E70E4A1C48D36F1C4E7F
:107F400043F04063A061D3677DE70A4A1948D36FC5
:107F5000194E43F04073A061D36774E7054A174890
:107F6000536F174E43F00C03A06153676BE7032276
:107F70007CE700BF00C00F4000001A4048000080AE
:107F8000010080057483002000C00E40008019406D
:107F900046000080008018404200008000C0184069
:107FA00004000080000019404400008000C0194017
:107FB0000800008000401840020000800040194086
:107FC0000600008000000810C3682DE9F04FB14E94
:107FD00001251B7983B0F268044605FA03F31342C6
:107FE00008D002F08FFEE368F2681B7905FA03F30C
:107FF0001342F6D1E078052826D82388A66803EB3B
:10800000430765683744BE4280F00D8203360C3565
:10801000217DA5F10C0216F8013C16F803EC16F8C8
:1080200002CC01FB0EEE01FB0CCC01FB03314FEA4D
:108030001E284FEA1C290B0A052800F2FB81DFE805
:1080400000F07D766F696246A2682388616802EB62
:10805000830B5A4580F0E48102F1040C1031237D3A
:1080600006381CF8036CA1F110021CF804EC1CF893
:10807000027C03FB06661CF8015C03FB0EEE03FBAF
:10808000077703FB0555330A4FEA1E2801934FEA91
:1080900015293B0A172800F2CF81DFE810F0B5015F
:1080A000AB01A00195018C01820179016F0165018D
:1080B0005B01510148013E01330128011D011301FB
:1080C0000A01FF00F100E700DD00D400B3000CF46A
:1080D0007F4C4CEA08410B4313F4000F0CBF0F21F7
:1080E000082113F4800F4FEA830308BF41F0E00139
:1080F00002F8011BAA42EFD1B74202F10C0524D9C4
:10810000E078033684E701F47F4343EA084343EA17
:108110000903E1E70EF47F4141EA09410B43DBE744
:1081200001F47F4343EA094343EA0803D4E70EF42A
:108130007F4E4EEA034343EA0903CDE70CF47F4C3C
:108140004CEA034343EA0803C6E723880C261E22B1
:1081500002FB03F303F5967501E002F0D3FD00F096
:1081600089FD2369C31AAB42F7D962684A4B206183
:108170009A4212D9218822F01F0306FB0122BFF385
:108180004F8F4FF0E021C1F8683F20339A42FAD870
:10819000BFF34F8FBFF36F8F6268E0682188036879
:1081A00006FB01F100261A60012205689A809A6098
:1081B0004A42DE71DA608AB2DA83DA82EE8B360402
:1081C00012D4B1F5004F01D2EA83EA829A8BA169F9
:1081D000002492B242F008029A834C612D4B02793E
:1081E000DA7603B0BDE8F08FB1F5007FEED2E98B0F
:1081F00001F47E411143E983E98A01F47E410A4397
:10820000EA82E3E74FEA0860019E05F47F4540EA11
:10821000064028430343002BB4BF08200F2013F06F
:10822000804F4FEA830308BF40F0E00002F8010BE3
:108230008A42F0D1E34502F1100140F2F780E07884
:108240000CF1040C0BE71B0405F47F45019843EA8D
:1082500008632B430343DEE74FEA0840019E05F421
:108260007F4540EA066028430343D4E71B04019896
:1082700005F47F4543EA00632B4343EA0803CAE75A
:108280004FEA084805F47F45019848EA03632B4309
:108290000343C0E700800E40FFFF1F20019805F454
:1082A0007F454FEA004A4AEA03632B4343EA080347
:1082B000B1E74FEA094006F47F4640EA08603043E0
:1082C0000343A8E74FEA094307F47F47019843EACD
:1082D00008633B4303439EE74FEA0940019D0EF4C8
:1082E0007F4E40EA056040EA0E00034393E74FEA01
:1082F0000943019807F47F4743EA00633B4343EA9D
:10830000080388E74FEA09490EF47F4E019849EACD
:10831000036343EA0E0303437DE74FEA094906F48A
:108320007F4649EA0363334343EA080373E74FEAAE
:10833000084006F47F4640EA0960304303436AE799
:108340004FEA084307F47F47019843EA09633B4338
:10835000034360E701980EF47F4E000440EA096091
:1083600040EA0E00034356E7019B07F47F471B04D6
:1083700043EA09633B4343EA08034CE71B040EF45A
:108380007F4E019843EA096343EA0E03034342E741
:108390001B0406F47F4643EA0963334343EA0803B8
:1083A00039E74FEA084307F47F4743EA08633B4352
:1083B00043EA09032FE71B0406F47F4643EA0863F8
:1083C000334343EA090326E74FEA0843019807F4D9
:1083D0007F4743EA00633B4343EA09031BE71B046F
:1083E00001980EF47F4E43EA006343EA0E0343EA2A
:1083F000090310E74FEA084806F47F4648EA03639A
:10840000334343EA090306E701980EF47F4E4FEA2F
:10841000004A4AEA036343EA0E0343EA0903FAE621
:108420001026282294E60C261E2291E62388102688
:1084300028228DE600234FE60023ECE630B472B626
:1084400021B9036813B102790F2A3BD9244C218842
:10845000002341FA03F212F0010208D00133102B7D
:10846000F7D162B600220371026030BC70474FF052
:10847000010C0CFA03FC41EA0C01218062B6194997
:108480005FFA83FC184C194480F804C04B01E16F7B
:1084900041F0C001E16740F2824414490C6081F868
:1084A0001AC081F81EC081F818C081F81FC003608F
:1084B00030BCC3E90022C3E90222C3E90422C3E9B4
:1084C00006227047064C218841FA02F5ED07BFD518
:1084D000044D1544B3EB451FBAD162B6C5E700BFE2
:1084E00042FC00208074000200C00F4000800E405B
:1084F000EFF3108272B6437F5BB9017F012930B47C
:108500000BD0032913D00123437702B962B630BCE4
:1085100070470AB962B670477047124C2168B1B112
:10852000114943610B68086083615861EBE70F4DA7
:108530000F492C688CB143610B68836158614FF01F
:10854000E0234FF080540860C3F8044DDBE7064B8E
:1085500020601860C0E90511D5E7C0E9054428602E
:10856000EDE700BF70E800207CE8002078E80020FC
:1085700074E8002070B5EFF3108272B60C4C2068DE
:1085800080B10C4E00254369236073B19D6102B92F
:1085900062B6836845779847EFF3108272B6206819
:1085A0000028F0D102B962B670BD3360EFE700BFBA
:1085B00078E8002074E80020FFF7DCBF0449054A92
:1085C0004968054B1960136801331360704700BF99
:1085D000001000E0C4FA0020C0FA0020704700BF7D
:1085E000704700BF704700BF704700BF70B51A4C9E
:1085F0001A4D2368AB4202D0194AD16829BBA3693E
:10860000AB4202D0164AD169C9B9236BAB4202D042
:10861000134AD16A69B9A36CAB4209D0104AD16B35
:1086200031B101211B680F48D163BDE87040184784
:1086300070BD01211B680C48D1629847EBE701210E
:108640001B680A48D1619847DFE701211B6804F1E4
:108650000800D1609847D2E780B000206C6100200C
:1086600000410840D0B00020B8B00020A0B00020E9
:1086700038B5064CA4F1600554F8083C2046183C77
:10868000DB689847AC42F7D138BD00BFD0B00020BE
:1086900003682DE9F041044688B01746002B4BD003
:1086A00000229A600122DA60304D04A8DFF8E080F1
:1086B0001D4451F8083B2D1102935B6805EB4506FC
:1086C0009847F60006F1080058F806304044DB6889
:1086D00001909847264A04A9DDE90103029248F86F
:1086E00006309B689847029B04A8DB68984723687C
:1086F000032220481F609A601F4A23791F4C53555C
:1087000013785178C0F828428B4228BF0B469178E5
:10871000D2788B4228BF0B46934228BF1346184C91
:108720004FF0E0224FF08061012084F87A30C2F8E7
:108730000C1108B0BDE8F081124AD36E43F44053E7
:10874000D3660122104B1A60104A13460260403271
:1087500098680028A8D0103393422360F8D10023F2
:108760001846236008B0BDE8F08100BF00BFF7BF26
:108770006C61002000A000202C9B0020E95E01001D
:1087800000E400E000C00F40004008400041084005
:1087900080B00020F8B5036843B3154C0746154E6A
:1087A0001C44241104EB4405ED00735905F1080045
:1087B000DB6830449847104B0021012273513B681D
:1087C0009960DA60FF230D4A135513785078947836
:1087D000834228BF0346D078094AA34228BF2346D4
:1087E000834228BF034682F87A303960F8BD00BF63
:1087F00000BFF7BF80B000206C6100202C9B0020E0
:1088000000E400E010B4064B0020064C064A1C6051
:108810009C611C639C6405495DF8044B03F062BADB
:1088200080B000206C610020389100206D5F010055
:10883000084602F0D3B900BF2DE9F0410C46D1B192
:10884000EAB180468E1800250E4F04E002F0C6F90A
:10885000B44205440CD0D8F8003014F8010B1B6862
:10886000BB42F3D0014640469847B4420544F2D19A
:108870002846BDE8F0810D462846BDE8F081154642
:10888000F6E700BF2D61010000B5036883B040F634
:108890000D2C022201A95B68ADF804C0984703B013
:1088A0005DF804FB054B022888BF034610B41C6822
:1088B000184663685DF8044B184700BF44970020D2
:1088C0000EB400B582B003AA52F8041B019205F061
:1088D00089FE02B05DF804EB03B07047A249A34BD8
:1088E00088422DE9F047A24C5E699A69D4F80C8061
:1088F0001BD9A04B984240F20281C31A9E491B0A21
:10890000A1FB031340F22761DB0903EB830303EBB5
:10891000830303F2E2438B4228BF0B46A3F548775B
:10892000964BA3FB0737FF0804E0954FB8428CBF76
:108930000E2706278D4908F01F09D1F88030B94568
:1089400043F0C003C1F880300CD228F01F08A1F515
:10895000F82148EA0708C1F80C800B68002BFCDA04
:1089600008F01F0916F0007324D186490C69864966
:10897000A14300F0EA8082F4805134464FF48055E0
:1089800014F0605F04D026F060561E43774B5E61A2
:1089900011F4405F07D022F4405274492A438A619F
:1089A0008B6C1A07FCD446F00076704A5661936CC3
:1089B0009B06FCD4754CA04200F2CE804FF0010C17
:1089C0000146634603FB011203F1010E0CF10105A0
:1089D000A24218D8BEF1080F4FF0010340F08D807D
:1089E000BCF1040F00F291800A18A24200F2A480A8
:1089F00005FB00F1AC4603F1010E03FB01120CF183
:108A00000105A242E6D90CF1FF318C0286EA8121F0
:108A10005F4810445F4A90427FD9DFF8A4A16C22DE
:108A20005D48584DB0FBFEF0D5F800E0B0FBFCF01F
:108A3000DFF890C10EEA0C0CD44509D042F4005284
:108A40004FF4805CC5F800C02A602A68002AFCDA6E
:108A5000464A156905F007059D4203D01361936CE2
:108A6000DD03FCD411F4E05F09D026F4E05604F4F1
:108A7000E0543E4A26435661936C9907FCD447491B
:108A8000474A014491423CD8464BC909A3FB0131F6
:108A9000090B4B1E1B0286EA030212F4407F06D02C
:108AA00026F4407603F44073304A334353612F4A2F
:108AB000536923F000735361936C9B06FCD43A4BCB
:108AC0004F45A3FB00234FF0FF324FEA9343B0FB27
:108AD000F1F1B2FBF3F3354A1060354A1160354AC3
:108AE000136008D228F01F08214A48EA0707D76018
:108AF0001368002BFCDABDE8F087734662E71227A3
:108B000018E74FF440730421C5E70CF1FF3120480A
:108B100007238C02104486EA8121274ADFF8A8A0A7
:108B2000A2FB0020020D2548362A38BF362202FB60
:108B300000F042EA0A0A74E74FEA8C24002386EA2E
:108B40008C214FF0010EAC4662E71D4686F0C05402
:108B500011464FF0C05313E700244FF0010C0246BA
:108B600031462346E64653E700A4781F00C00F4075
:108B7000000008400046C32323B24C001F85EB5180
:108B800000366E0100800D4040300080FFB19F260E
:108B9000808D5B00FF7EF64D00643F4D7FD1F00875
:108BA0007F17B42C9F10E50083DE1B43F096002056
:108BB000EC960020ECF90020819F5E16001BB700A8
:108BC0006C2000807F3001800020008000B9704759
:108BD0002DE9F84F01218146214C224D224E54E8C7
:108BE000003F2A68306844E80013002BF7D11F4982
:108BF0004B684FF47A7BDFF878A01B1A01270BFB38
:108C000002F8DAF80020A3FB02325A4594BF9044E0
:108C1000D84454E8003F2A68306844E80073002BC9
:108C2000F7D14B68DAF800C01B1A0BFB02F2A3FB6A
:108C30000C3CBCF57A7F94BF624402F57A72A2EBD9
:108C40000802B2F57A7F06D3B9F1010908F57A78FE
:108C5000DFD1BDE8F88F02F055F80449D9E700BF2D
:108C6000C8FA0020C4FA0020C0FA0020001000E07A
:108C7000ECF9002030B40F4B4FF0010C0E4D0F4CAF
:108C800053E8002F2868216843E800C2002AF7D182
:108C90000B4B5B680B4A5B1A4FF47A71126801FB4D
:108CA00000F0A3FB023230BC8A4294BF8018401807
:108CB000704700BFC8FA0020C4FA0020C0FA0020A4
:108CC000001000E0ECF90020362816D80201104B05
:108CD00003EB00109B5810B4C2685C68144205D0C6
:108CE00061B95DF8044BC3F888207047836851B1BF
:108CF000084A5DF8044B1A60704770475DF8044BF2
:108D0000C3F884207047044A5DF8044B1A6070472A
:108D10007483002038F001003830010036280BD869
:108D2000064B020103EB00109A58C36892681A427E
:108D300014BF01200020704700207047748300207A
:108D4000362829D8164B0201012903EB00109A5846
:108D500010B45368C4680ED004290CD023EA04036D
:108D600053608368A9B1022917D003290CBF0D4AAB
:108D70000D4A1A6007E0234301295360836808D035
:108D800040F638021A60436815225DF8044B1A60F9
:108D9000704738221A60F6E77047044A1A60F2E713
:108DA00074830020383001003800010038F00100E1
:108DB00030B4124A0020124B0121124D124CC2F85D
:108DC000F032C2F8F402C2F8B810C2F8A000C2F83B
:108DD000A450C2F8B0105369DB07FCD55161237869
:108DE000DB07F0D41368054943F0010313600B68F7
:108DF000DB07FCD462B630BC704700BF00802A405D
:108E00000504012401000F0000812A4070B50E4CBA
:108E10004FF6FF7E0D4E04F17E05A6F5805300212E
:108E200002E0B34281B204D21A88481C0233724570
:108E3000F7D124F8021FAC4206F58056EDD1044B61
:108E400001221A7070BD00BFEEF9002000107C6096
:108E500055FC002041F2BB0398422FD8184B10B5A7
:108E60001B7804463BB3A008164B04F00301164CD4
:108E7000A3FB0023C21A03EB5203144A5B09C3EBA2
:108E8000831E9C46A0EB0E0341EA8C01FF2034F8C0
:108E900013C01A444FEA4C0C13030CEB023CBCEB1E
:108EA000023F07D91A880233D4B28C4208BF100A95
:108EB0009C45F7D810BDFFF7A9FFD4E7FF20704706
:108EC00055FC002005411004F0F90020C007060001
:108ED00038B50546FFF7BEFF0446681CFFF7BAFF2A
:108EE00044EA002080B238BDF8B50546FFF7B2FF6E
:108EF0000646681CFFF7AEFF0746A81CFFF7AAFF4F
:108F00000446E81C2404FFF7A5FF44EA0724344381
:108F100044EA0060F8BD00BF01207047F8B50F4675
:108F2000164672B6344B40F20641344A9A61022228
:108F3000DA610022C3F8A020C3F8F012C3F8F422CB
:108F4000C3F8F822C3F8FC224FF47022C3F8A4201F
:108F50000122C3F8B02020F01F038219BFF34F8F06
:108F60004FF0E024C4F85C3F20339A42FAD8BFF3B4
:108F70004F8FBFF36F8F204D6B69DA07FCD501234C
:108F80001F49B2B220F07F406B6142F47022C5F8F5
:108F9000F01242F20121184CC5F8F412C5F8BC30A9
:108FA000C5F8A000C5F8A420C5F8B030154D01E003
:108FB0005B0609D4636913F00100F9D041236361B2
:108FC000BDE8F840FFF7F4BE082E0AD836B13246A5
:108FD000394637440646284600F0CAF94023636103
:108FE000E8E7A6F108000826394632463744064627
:108FF000284600F0BDF9F1E700802A40F05AF05A07
:109000003204180880812A4010B472B6284B02211D
:10901000284C00229C614FF47024D96140F2064133
:10902000C3F8F0120121C3F8F422C3F8F822C3F800
:10903000FC22C3F8A020A2F58052C3F8A44002404D
:10904000C3F8B010BFF34F8F02F5805102F1200337
:109050004FF0E02C994234BF0121802102EB4111F5
:109060008B42CCF85C2F1A4603F12003F8D1BFF3F2
:109070004F8FBFF36F8F0E4A5369D907FCD5012478
:109080000D490E4B54610340C2F8F0124FF47020AA
:109090000749C2F8A030C2F8A400C2F8B0404B693A
:1090A000DB07FCD501235DF8044B4B61FFF780BE65
:1090B00000802A40F05AF05A2004180800F0FF00FF
:1090C00041F2BB03984200F28980464B2DE9F047FC
:1090D0001B78C2B005468946002B7CD0AB08424EB7
:1090E00005F00305414FA6FB03269A1B06EB52062B
:1090F000760945EA8605C6EB86169E1B3C4B37F87B
:109100001640334460004FEA033800EB0330B0EB05
:10911000033F64D943464FF0FF0C1A880233D1B2A3
:10912000A94208BF4FEA122C9842F6D8E14541D037
:10913000B4F5006F41D302AC4FF48072FF2120469A
:1091400005F070FB08F5805008F102034246984292
:1091500034BF01204FF4006008EB40001346023298
:109160001B888242D9B24FEA13236354F6D104F824
:1091700005900DF107090DF2071A00254C464046EF
:10918000FFF742FF14F801CF08EB450002220DF172
:109190000601631EBCF1FF0FA3EB090306D043EAEF
:1091A0000C230135ADF80630FFF7B8FEA245E9D132
:1091B00027F8165042B0BDE8F08745EA092502A914
:1091C00002220134ADF80850FFF7A8FE27F8164038
:1091D00042B0BDE8F087FFF719FE7FE770474FF018
:1091E000FF0CA3E755FC002005411004F0F9002016
:1091F000C007060038B50C460546C9B2FFF760FF48
:10920000681C210ABDE83840FFF75ABF38B50C4644
:109210000546C9B2FFF754FFC4F30721681CFFF7E6
:109220004FFFC4F30741A81CFFF74AFFE81C210EBB
:10923000BDE83840FFF744BF62B170B505460C4643
:109240008E182046013415F8011BFFF739FFB44290
:10925000F7D170BD704700BF704700BF362858D89F
:109260000001F0B4344C354D2358AB4256D049D8A8
:10927000B3F1844F4BD0A5F58045AB4240D1304D82
:109280002044304E304CC4F8B462D0E901C4C06808
:109290004FF0E0264FF00057042AC6F810712FD87F
:1092A0005E6926EA00065E614FF00506CCF80060B4
:1092B000266846F4803626605C6824EA00045C6018
:1092C000224C54F8224090FAA0F2B2FA82F245F809
:1092D00022106FEA00011DD0DD690F2A01EA0501A5
:1092E000D9611DDC52000325D968944005FA02F2C9
:1092F00021EA02022243DA6098615A6902435A6104
:10930000F0BC7047124DAB42FAD1124DB8E7124D86
:10931000B6E77047DA690243DA61EDE70F4DAFE770
:10932000103A032519695200944005FA02F221EA25
:10933000020222431A61DFE77483002000800042AA
:10934000289C00202100000000A0002070260020A2
:1093500000C00042289D0020A89B0020A89C00205F
:1093600008B5E9F787FAE9F79BFA01F0CBFCFAE7D1
:10937000844641EA000313F003036DD1403A41D320
:1093800051F8043B40F8043B51F8043B40F8043BDF
:1093900051F8043B40F8043B51F8043B40F8043BCF
:1093A00051F8043B40F8043B51F8043B40F8043BBF
:1093B00051F8043B40F8043B51F8043B40F8043BAF
:1093C00051F8043B40F8043B51F8043B40F8043B9F
:1093D00051F8043B40F8043B51F8043B40F8043B8F
:1093E00051F8043B40F8043B51F8043B40F8043B7F
:1093F00051F8043B40F8043B51F8043B40F8043B6F
:10940000403ABDD2303211D351F8043B40F8043B0E
:1094100051F8043B40F8043B51F8043B40F8043B4E
:1094200051F8043B40F8043B103AEDD20C3205D31E
:1094300051F8043B40F8043B043AF9D2043208D016
:10944000D2071CBF11F8013B00F8013B01D30B8888
:1094500003806046704700BF082A13D38B078DD066
:1094600010F003038AD0C3F10403D21ADB071CBF38
:1094700011F8013B00F8013B80D331F8023B20F8A2
:10948000023B7BE7043AD9D3013A11F8013B00F8DB
:10949000013BF9D20B7803704B7843708B78837063
:1094A0006046704703F0A8B803F0AEB801F1FF3C86
:1094B00070B56646002400E00134B0FBF2F502FB13
:1094C0001503092B03F1370E03F130035FFA8EFE0B
:1094D00098BF5FFA83FE9042284606F801EFEBD270
:1094E000631C0022C818CA547CB162461CF8015F94
:1094F00010F8016DA1EB0C0302328CF80060013B07
:10950000521A057023449A42EFDB084670BD00BF33
:109510004FF0010C0CFA01FC01EB410100EB411191
:1095200070B5B1F80EE01FFA8CF5254C1FFA8EFECF
:1095300024782E010EFB033306F0F006E340B0F86A
:1095400088417345A4B228BF73463443012AA0F86A
:1095500088410DD0022A28D0C2B10CF00F02B0F819
:1095600088C11FFA8CFC4CEA020CA0F888C170BDBF
:109570009BB20CF00F022D02CB82B0F8803105F4C3
:1095800070659BB22B43A0F88031E8E7AEEB030E89
:109590000CF00F021FFA8EFEA1F80AE0B0F880313D
:1095A0009BB21343A0F88031D9E79BB20CF00F02B5
:1095B000CB83B0F880319BB21E43A0F88061CEE728
:1095C0001E9E002001EB4103F6EE006A00EB431300
:1095D000B3F80EC0314B1FFA8CFC93ED007AB8EE55
:1095E000477A70B5C7EE007A4FF0010E4E000EFAC2
:1095F00001FE1FFA8EF577EEA67AFCEEE77A17EEFB
:10960000903AB3F5803F46D300224FF6FF745B08D3
:109610000132A34201D9062AF9D9120142F480622B
:1096200092B2022B4FF6FF744FEA0515314438BF52
:1096300002230EF00F0EEDB2A34200EB411128BF42
:109640002346B0F88841A4B22C43A0F88841CA80D0
:109650005A1E92B2CA814A8992B203FB02F2B2FB4D
:10966000FCF292B24A81CA8A92B203FB02F2B2FBC6
:10967000FCF292B2CA82CA8B92B202FB03F3B3FB32
:10968000FCF39BB2CB83B0F888319BB243EA0E0364
:10969000A0F8883170BD4FF48062C2E7EC960020DC
:1096A000214BF6EE006A4FF6FE7C93ED007AB8EEA1
:1096B000477AC7EE007A77EEA67AFCEEE77A17EEE5
:1096C000903A63452CD900225B080132634501D9E9
:1096D000062AF9D9083242F2260C4CEA422C1FFA2B
:1096E0008CFC022B00EB41114FF6FE7038BF0223B9
:1096F0000A8A834292B228BF0346C88880B2C0F16A
:109700000110104403FB02F2B2FBF0F29B1A92B27A
:10971000C3F101039BB2CB800A82A1F80CC0704751
:1097200043F2260CDDE700BFEC96002036284BD82C
:10973000F8B52A4D044615F8202005EB8005012ACE
:109740002DD0022A3FD16B78C3F3011003283ED0FD
:10975000234A02EB803203F0030C224889B26346AD
:1097600002EB4C1C0678BCF806E05801BCF810303F
:109770001FFA8EFECEF1011E1EFA83F303F1FF3EA7
:109780000EFB01F1F1408E4523D95B1AC3F10103B1
:109790009BB289B20244ACF8063011820DE06A78BF
:1097A000C2F30113032B10D00F4800EB83308BB2B0
:1097B00002F00301AA78FFF7ABFE0C4BEA7803EB4B
:1097C00004135B681A60F8BD70470948EFE7094A5F
:1097D000C1E7991E4FF6FF73DBE700BFF886002054
:1097E00000C01D401E9E002000C03D40748300202C
:1097F00000803E4000801E40362808D8154B13F8E4
:10980000202003EB8003012A02D0022A0DD07047EA
:109810005978C1F30112032A13D00F4801F0030154
:1098200000EB82309A78FFF7CDBE5978C1F301136F
:10983000032B0CD0094800EB833001F00301FFF744
:109840002FBF074801F003019A78FFF7BBBE054818
:10985000F3E700BFF886002000C03D4000C01D4077
:1098600000803E4000801E4000230F2248F2B82CAA
:10987000194610B54FF470444FF4806EA0F88C4137
:109880004FF46044A0F88E210A46A0F89031B0F859
:1098900088319BB243F0F003A0F8883101EB41031B
:1098A000013100EB431304299C80A3F806E05A849D
:1098B0001A865A805A81A3F80EC05A82DA825A83D5
:1098C000DA83EBD1B0F888319BB243F00F03A0F8F4
:1098D0008831B0F888319BB243F47063A0F88831C6
:1098E00010BD00BF374B384A996F384841F47F01AB
:1098F00070B5996741F20106D3F8801045F6C0555E
:1099000043F226040A43C3F88020FFF7ADFF00F5B9
:109910008040FFF7A9FF00F58040FFF7A5FF00F5A5
:109920008040FFF7A1FF0022A0F503104FF00F0EBB
:10993000114600EB42134FEA421C01329981042A7E
:109940005981A3F80EE09E82DD8020F80C10198268
:109950009C81EED100221E484FF00F0E41F201060D
:10996000114645F6C05543F2260400EB42134FEA78
:10997000421C01329981042A5981A3F80EE09E828B
:10998000DD8020F80C1019829C81EED10022114854
:109990000F2641F20105114645F6C05443F2260E4A
:1099A00000EB42134FEA421C01329981042A59818B
:1099B000DE819D82DC8020F80C101982A3F80CE077
:1099C000EED170BD00C00F40000003FC00C03D4060
:1099D00000001E4000401E4010280346044A28BFD5
:1099E00010231078012B38BF01231370704700BF7C
:1099F0001E9E002072B6EFF30583524CC4F88430EB
:109A00001EF0040F0CBFEFF30882EFF309824FF052
:109A1000E0234D4E4D4DD3F8280DD3F82C1DC4E94D
:109A20002201D3F8341DD3F8383DC4E924139369D7
:109A3000C4F89830D369C4F89C3000F0D3F884EDB2
:109A4000280A01F0CBF90B214FF0FF32C4F8A40033
:109A50000B46C4F880103E49301D5A40202402F0C5
:109A60000103013C01FB03F383EA5202F7D1A84250
:109A700002D073680646EFE7324BC3F8A820BFF365
:109A80004F8F4FF0E0233049324AC3F8701FC3F8BC
:109A9000702FBFF34F8FBFF36F8F2F4A02252F48D0
:109AA000D36E2F4943F44053D3660560D3692D48E4
:109AB00023F07F0343F04003D3610B6883423DD81A
:109AC000264D00214FF0E0234FF0FF3229600126A0
:109AD000C5F808112449C5F80011C5F80861C3F894
:109AE0008021C3F88421C3F88821C3F88C21C3F8EE
:109AF000902101E000F068F9D5F80C31002BF9D085
:109B00000134C5F80C614F2CF4D9184B02201849C8
:109B10004FF00042C1F840015A63D5F80C313BB90F
:109B2000144815490D4A0163D2F80C31002BFAD0C4
:109B30004FF0E023114AC3F80C2DFEE7FEF7CEFEEE
:109B4000BEE700BF00FF272080FF2720A8FF2720B7
:109B50002083B8EDA0FF272000C00F400040084040
:109B6000F0960020803DCD0B009F240000900D401A
:109B700000002E4000800F40F100AD0B0400FA05FC
:109B80000A490A6838B108B513180948834204D84D
:109B900010460B6008BD1046704705F085FF0C238A
:109BA0004FF0FF320360104608BD00BF909B0020BD
:109BB00000002820002070474FF0FF30704700BFA2
:109BC0004FF4005300204B60704700BF01207047E6
:109BD0004FF0FF30704700BF30BFFDE730BFFDE7FB
:109BE000FFF708BF124AD2F880305B07FBD5D2F8E6
:109BF00080301048C3F30B230F4990ED007A07EE35
:109C0000903A91ED006AB8EE477A0C4AF8EEE77A9E
:109C10000B4BD2ED006A77EEC77A93ED007AB8EE7F
:109C2000477A67EE867A87EEA60A37EE400A7047D3
:109C300000810D40DCF90020E4F90020E8F9002063
:109C4000E0F90020836BF0B41BB1536843F4004388
:109C5000536072B6446B3CB31A4B2260D3F8B041E8
:109C60000C421DD1184E776804E07468E41BB4F50B
:109C7000166F0BD2D3F8404144F48044C3F84041FE
:109C8000D3F8B851D3F840416404EED50D4007D164
:109C90000C4CC0E90225D4F8B0310B43C4F8B03104
:109CA000426362B6F0BC7047064DC0E90224D5F8A5
:109CB000B0310B43C5F8B0310263426362B6F0BC09
:109CC000704700BF00002E40001000E070B5056B2B
:109CD0009DB106462A46002403E012680134012A99
:109CE0000CD0536813F08003F7D032632CB12846B0
:109CF000B36B2D689847013CF9D170BDC6E90C33B0
:109D0000F4E700BF30B4D9B91F4C204B0021204AE2
:109D100001254FF0011099601D60C4E902318024D3
:109D20005C60C2F8BC01D2F8B0311A482B43C2F8CB
:109D3000B0310160D2F8B031002BFBD130BC70479C
:109D40000904154B104C012541F080019860104A20
:109D5000596000F580511D60D96000F50051A36481
:109D6000196100F5405100F580405961002198616A
:109D7000E164D2F8B03143F48033C2F8B031D2F8A4
:109D8000B031002BFBD1C0E70000002040B2002022
:109D900000002E4090F1002060B20020084901220E
:109DA0000B7802FA00F023EA0000087030B9054A87
:109DB000D2F8483123F08003C2F84831704700BF21
:109DC00058FC002000002E402DE9F04F974C83B046
:109DD000D4F84471FB07C4F8447153D5D4F8AC21CE
:109DE000002A4AD0924EDFF860A2DFF87492DFF8C2
:109DF00074B2DFF87482C4F8AC21D6E90A20D4F832
:109E0000403143F40053C4F84031D4F840319D044C
:109E1000F5D5D4F8403123F40053C4F840314FF065
:109E20000113C4F8B431D4F8B45115F00115FAD1C6
:109E300093B28446CAF80050B3F5086F00F0CF81A2
:109E400000F2DB8040F202318B4200F0E78100F249
:109E50009A80822B00F0CB81B3F5817F40F08A801D
:109E600010F0780F83B200F003824FF00113C4F8B2
:109E7000C031D4F8AC21002ABDD16C4AD2F8BC3133
:109E8000002B42D17E0616D5684BD3F8AC21C3F81F
:109E9000AC21D3F8BC21C3F8BC21D3F8B041002CCD
:109EA000FBD14FF0FF32C3F8B421D3F8843100F076
:109EB0002DFD604B1C60FC0103D55F4B1B6803B19B
:109EC0009847B80103D55D4B1B6803B198477907E4
:109ED00008D5564BD3F8843113F4007347D0584B50
:109EE00001221A70514BD3F848311A060AD53B06A5
:109EF00008D5544A13782BB1013BDBB21370002B09
:109F000000F0728203B0BDE8F08F4F49C2F8BC3157
:109F10000868034240F0D181464A14681C40B1D021
:109F20005FEA144810D0424E4FF0010998FAA8F5A4
:109F3000B5FA85F506EBC51009FA05F54030FFF7CF
:109F4000C5FE38EA0508F1D1A4B2002C9AD0384EEB
:109F50004FF0010894FAA4F5B5FA85F506EBC510A3
:109F600008FA05F5FFF7B2FEAC43F3D18AE7344AAD
:109F70001370B7E7802B7FF478AF34480221058057
:109F8000FFF7C0FE75E7B3F5A06F00F00B81A3F5F6
:109F9000D063012B3FF669AF2D4B5D68002D3FF478
:109FA00064AF1FFA8CFC4FEA124E04E01D690C33BB
:109FB000002D3FF45AAF1A887245F7D15A8862458E
:109FC000F4D14FEA1E22032A00F0A5811A89000C61
:109FD000824228BF0246BEF5007F40F0A181184BA7
:109FE0001C4918781C4B0192002818BF19461B48C1
:109FF000FFF7BEF9194D019AE1E142F221218B42AE
:10A000007CD033D942F221318B4200F081804FF66F
:10A01000C0018B427FF429AF10F47F4F83B27FF4ED
:10A0200024AF43F46E4363F30F0CB5E700002E40FA
:10A030000000002094F1002038FC00203CFC0020AF
:10A040005EFC00205FFC002090F1002064F6002000
:10A050008C8F00203026006094260060E0002020D5
:10A0600088F100205DCFC6B8C0012E40B3F5106F57
:10A0700066D042F221018B427FF4F7AE030C072B2E
:10A080007FF4F3AEB24BB349F560D960B249B36027
:10A09000C3F80890C1E9002001221A60AF4A5A6053
:10A0A000AF4A1A61D4F8B01141F00101C4F8B011FF
:10A0B00002F5805102F5005259619A61D4F8B0312D
:10A0C000002BFBD1A74AF36493600123B2641360B1
:10A0D00048F2800353604FF00113C4F8BC31D4F848
:10A0E000B03143F48033C4F8B0314FF48033CAF850
:10A0F0000030D4F8B031002BFBD1BAE680B238B9C9
:10A10000994BC2F307421968984B1960984B1A7023
:10A11000944B00229A60F2640122B3641A60802298
:10A120005A604FF00113C4F8BC31D4F8B03143F495
:10A130008033C4F8B031D4F8B031002BFBD198E6AD
:10A14000C2F307428B4B1A708B4BC4F8C8318B4B50
:10A15000C4F8CC318A4BC4F8D03100F0D9FB80224E
:10A160002946884804F05EFB874B8022C6F8A0B0E1
:10A17000C6F8E0307B4BF5645A600122B3649D6001
:10A180001A604FF00113C4F8BC31D4F8B03143F475
:10A190008033C4F8B031CAF80050D4F8B031002B85
:10A1A000FBD166E66F4B0121F564196080219D604B
:10A1B000B36459604FF00113C4F8BC31D4F8B03126
:10A1C00043F48033C4F8B031D4F8B031002BFBD164
:10A1D000130C5B0643F08073C4F8543149E6654BB9
:10A1E00001216A481B780370FFF78CFD41E683B2BA
:10A1F00010F078007FF439AE03F07F0258F8221097
:10A20000624A1080180600F19E80CB0701D5012319
:10A21000137002215D48FFF775FD2AE610F0780FF4
:10A2200083B27FF422AE03F07F0213F0800F58F860
:10A23000223014BF43F4803343F0010348F8223046
:10A240000022484BF2649A600122B3641A608022B3
:10A250005A604FF00113C4F8BC31D4F8B03143F464
:10A260008033C4F8B031D4F8B031002BFBD100E614
:10A2700003F07F0213F0800F58F8223014BF23F44C
:10A28000803323F0010348F822300022354BF2647A
:10A290009A600122B3641A6080225A604FF0011361
:10A2A000C4F8BC31D4F8B03143F48033C4F8B031D1
:10A2B000D4F8B031002BFBD1DBE500200860264943
:10A2C0000C88486842F221018C427FF425AE80B2AE
:10A2D00000287FF421AE2E492E4C03C9A180862888
:10A2E0004FEA11412060A1717FF416AE72B62A4880
:10A2F000017841F008010170D2F848110D0605D42B
:10A3000080200143C2F84401C2F8481162B6234AD2
:10A310005021117000E6000C2A78824228BF0246C4
:10A32000BEF5E06F44D11E4B1E4D18781E491F4BE1
:10A330000192002818BF19462846FFF719F807238D
:10A340006B70019A3BE0C9033FF561AF61E700BF65
:10A3500060B2002088010120C8DF002080000700D3
:10A360008811012040B20020C4FA002034FC0020F3
:10A370005CFC00205DFC00200200CC00C800020054
:10A380000200C800800000201993D57464F60020F4
:10A3900088F100202CFC002058FC00205FFC0020ED
:10A3A0005EFC0020E0002020942600603026006043
:10A3B0002946104D01922846FEF7DAFF019A25F052
:10A3C0001F031544BFF34F8F4FF0E021C1F8703FDA
:10A3D00020339D42FAD8BFF34F8FBFF36F8F0548EC
:10A3E0001146FFF78FFC44E50320FFF7D7FC0DF083
:10A3F000ADF800BFE00020202DE9F0471F46831E86
:10A40000022B01D9BDE8F087DFF84C9015460C46C9
:10A410003C2209EBC01806464FEAC01A002108F199
:10A420000400240404F0FEF9B5FA85F20123520970
:10A4300044EA427449F80A40C8F83870C8F808304D
:10A44000002FDFD0034AB34011680B431360BDE80F
:10A45000F08700BF94F10020000000202DE9F047B4
:10A460000D46811E022901D9BDE8F087C701DFF83A
:10A470004C909246044640373C2200211E4609EB90
:10A4800007082D0408F1040004F0CCF9BAFA8AF2A6
:10A49000520945EA427249F807200122C8F838609B
:10A4A000C8F80820002EDFD0034B10341968A240F2
:10A4B0000A431A60BDE8F08794F1002000000020F4
:10A4C00012048160C36101F5405342F0800210B470
:10A4D0000124426001F50052046001F5805401F549
:10A4E0008041C46081615DF8044BC0E9042370477A
:10A4F000831E0A46022B00D97047064B00F110015B
:10A500004FF0010C03EBC0100CFA01F14030FFF7E3
:10A5100099BB00BF00000020831E0A46022B00D911
:10A5200070470121024B814003EBC010FFF78ABB4B
:10A530000000002040687047124A134BD2F82002F6
:10A5400020F07F40984210B584B002D200EB80002A
:10A5500040000E4C01A90A22FEF7A8FF01A9002322
:10A56000204611F8012B01333AB10A2B20F8022FB3
:10A57000F7D11623237004B010BD5B00DBB223704B
:10A5800004B010BD00441F4080969800089E002033
:10A5900000F0DCBA00F0ACBA00F010BB00F0CABAB0
:10A5A00000F066BB00F03CBB0846114600F02CBB37
:10A5B000F8B5144C4FF0E025134E4FF4003204EB85
:10A5C0004024124F06EB40160346C5F88C21214665
:10A5D0003A883046FFF774FF3B882344BFF34F8F20
:10A5E000C5F85C4F2034A342FAD8BFF34F8FBFF3B6
:10A5F0006F8F03203146FFF78FFF4FF40033C5F80C
:10A600000C31F8BD6001202080B2002044FC002005
:10A61000244B2DE9F0411C884368C569C3F30E4300
:10A62000E41A002C24DD204920480A780078D3B2AF
:10A630001F4E82421F4807D010F8038036F818706A
:10A64000C7F50072944218D90133002226F815404C
:10A65000082B194E88BF134626F8152098BFDAB28A
:10A66000C554164B0A701A6814441C60BDE8F0818A
:10A670002846BDE8F041FFF79BBF07EB4820104993
:10A6800022462744084401EB4521FEF771FE0B4AA0
:10A69000284626F8187013682344BDE8F04113607B
:10A6A000FFF786BF44FC002056FC002057FC00202A
:10A6B000B0F90020D0F90020C0F90020ACF900204A
:10A6C000600120201D4B1A78002A36D102F0FF03CA
:10A6D0001B4A12788AB32DE9F0411A4D2A8852B3E9
:10A6E000194EC2F50068194F3278194C07EB421722
:10A6F00004EBC224424638462146FFF7E1FE04EB54
:10A700000802BFF34F8F4FF0E023C3F8704F20349F
:10A71000A242FAD8BFF34F8FBFF36F8F04203946A0
:10A72000FFF7E6FE33780133DBB2032B88BF00234B
:10A73000337000232B80BDE8F08170475BFC002064
:10A740005DFC002046FC00205AFC002080B3002065
:10A75000601120202DE9F04F85B0CDE901100029CE
:10A7600000F0BF800023604CDFF89881DFF898A1EB
:10A770005E4F009301235E4A23705E4B1978B8F850
:10A78000003002EB4119002B40F0A7801E461D4609
:10A790009B464846FFF7CEFE10F0800000F08C800C
:10A7A000BFF34F8F9AF8003084F800B005B93E68C7
:10A7B000002B7DD13B689B1B782B00F287804E4B92
:10A7C0001B78002B74D000F09DFA0122B8F80030FD
:10A7D00015462270002BDCD0464AC3F50060117884
:10A7E0001A4600EBC120454DC9022844019D9542FF
:10A7F00017D20393DDE901512A46FEF7B9FD039B09
:10A800004FF040425B1BA8F800303D4BC3F884205A
:10A81000BFF34F8F009800232844237005B0BDE894
:10A82000F08F364BCD180299FEF7A2FD00234FF4AE
:10A83000006229464846FFF743FEBFF34F8F05F1FC
:10A84000200205F50063934234BF012340234FF0FB
:10A85000E02205EB4313C2F8705F2035AB42FAD11A
:10A86000BFF34F8FBFF36F8F04204946FFF740FEC1
:10A87000204A13780133DBB2032B84BF00231D4A27
:10A880001370B8F80030019AD11A009A1A44019155
:10A890000092029A1A4400230292194AA8F8003042
:10A8A000C2F88430BFF34F8F237000297FF462AF6A
:10A8B000009805B0BDE8F08F4FF400620D4B8AF8A8
:10A8C000000019781346A8F800208AE701230098B1
:10A8D0008AF8003005B0BDE8F08F1A46C3F5006075
:10A8E0007FE70198E5E700BF5BFC0020C4FA002089
:10A8F00080B300205AFC00205DFC00206011202065
:10A9000000002E4046FC002059FC0020704700BF8C
:10A910002D4B002180222D4870B51B7800242C4D32
:10A920008B422C4E0CBF40234FF400732B8033809E
:10A9300003F078FF284A2146284B14704FF48072A8
:10A9400027481C8003F06EFF264A1021264B022068
:10A95000C2E90044C2E90244244AC3E90044147035
:10A96000234AC3E90244234B1C7023461460224649
:10A97000FFF774FD2246318803201F4BFFF73CFD93
:10A980002346012229880420FFF768FD2046013470
:10A99000FFF70EFE082CF9D1184B00214A22184867
:10A9A000184C0460C3F88410C3F88020D3F8482101
:10A9B000154942F08072C3F8482121B1134A137837
:10A9C00043F00103137070BD5EFC002080B30020D3
:10A9D00048FC002044FC00205AFC002046FC0020DB
:10A9E00080B20020B0F90020C0F9002056FC002001
:10A9F000ACF9002057FC00200D7F010000002E4024
:10AA000038FC0020C17F01000000000060FC002035
:10AA10002DE9F04F4FF0E0234FF40032DFF8C8A0EB
:10AA200083B0C3F88C218B469AF8004000294FD0A0
:10AA30008046E4B20027DFF8B490264BABEB070268
:10AA400025491B78A34204F101043FD0092C234B74
:10AA5000404628BF00241E5D39F816C00CEB462383
:10AA600019441F4B33F81650A5EB0C05AA421CD213
:10AA70000CEB462C18491B4C61440192FEF778FC04
:10AA8000216839F816505846019AA1EB0B012A4467
:10AA9000394429F8162021604FF0E0234FF40032AA
:10AAA000C3F80C2103B0BDE8F08F2A462F44FEF70F
:10AAB0005FFC0C49E3B230460A68A844521B0A60A6
:10AAC0008AF80030FFF774FDBB45B6D83846E3E797
:10AAD0000846E1E756FC002060012020D0F9002064
:10AAE000B0F90020ACF9002057FC0020C0F900208C
:10AAF0000B4B0C4A12781978D3B28A420DD001332D
:10AB000009480A4A092B0A4928BF0023C35C31F8C7
:10AB1000131002EB4323585C70474FF0FF3070472F
:10AB200056FC002057FC0020D0F9002060012020B6
:10AB3000C0F90020044B10B51C680CB1204610BDB4
:10AB400000F0E0F8204610BDACF900202DE9F84FE8
:10AB5000144E154D33782A78934221D0DCB2DFF8B9
:10AB60005090DFF850B0DFF85080104F0134082CBF
:10AB70005FFA84FA01D90024A24619F80400DBF830
:10AB8000003038F8102037F81010521A9B1ACBF802
:10AB90000030FFF70DFD86F800A02B78A342E5D129
:10ABA000BDE8F88F57FC002056FC0020C0F90020BB
:10ABB000D0F90020ACF90020B0F9002000B583B036
:10ABC00001210DF10700FFF723FF20B19DF80700D9
:10ABD00003B05DF804FB4FF0FF30F9E7094B00B517
:10ABE00083B01B788DF807003BB101210DF1070000
:10ABF000FFF7B0FD03B05DF804FB03F0FF0003B006
:10AC00005DF804FB5DFC0020044B1B7803F0FF02A1
:10AC10000BB1FFF79FBD1046704700BF5DFC0020E1
:10AC20002DE9F0410024DFF8448001230D4D274633
:10AC30000D4E88F80030337828462035A34204F1C1
:10AC4000010405D0FFF776FC030658BF07F500673F
:10AC5000042CF0D1BFF34F8F0023384688F8003022
:10AC6000BDE8F08180B300205AFC00205BFC00208E
:10AC70002DE9F8431D4B1B7813B11D4D2A880AB9E5
:10AC8000BDE8F8831B4EC2F500691B4933784A467C
:10AC90001A4C01EB43181A4F04EBC324012340461E
:10ACA0003B7021460023FFF70BFC04EB0902BFF3C6
:10ACB0004F8F4FF0E023C3F8704F2034A242FAD8F0
:10ACC000BFF34F8FBFF36F8F04204146FFF710FC97
:10ACD00033780133DBB2032B88BF002333700023AA
:10ACE0002B80BFF34F8F3B70BDE8F8835DFC0020E5
:10ACF00046FC00205AFC002080B300206011202078
:10AD00005BFC00202DE9F8432D4B1E7866B12D4FDA
:10AD10003B784BB90123F1073B7043D4B20726D4EB
:10AD200000233B70730701D4BDE8F883264B1A68F3
:10AD3000002AF9D0EFF30582002AF5D1EFF3108550
:10AD400072B61868002834D0204C2178002930D100
:10AD50000122227042691A60002A2ED0916105B941
:10AD600062B600258368457798472570DCE7DFF8F1
:10AD7000648098F80030002BD2D00025DFF858907E
:10AD80002B4659F823400135236820461B69984714
:10AD900010B163699B68984798F80020EBB29A421B
:10ADA000EFD8BDE7FFF7C6FE0028B7D0AFF30080AD
:10ADB000B4E7002DB8D162B6B6E7054B1A60CEE70E
:10ADC00060FC002051FC002070E800204DFC0020B9
:10ADD0007CE800204EFC002084E80020074A506AEE
:10ADE000936A19468446506A936A9942F9D1844518
:10ADF000F7D1DB0B43EA4040704700BF00400D40F5
:10AE000008B5D0E900325BB1BAB10F4BA3FB021316
:10AE1000DB0803EB4303B2EB83030AD1012008BD37
:10AE2000094BA3FB0213DB0803EB4303B2EB8303E1
:10AE300001D0D21A4260F02AF0D804F035FE1C226C
:10AE4000034600201A6008BDABAAAAAA70B5044642
:10AE500038B319B1B2FA82F67609A2B9206800B304
:10AE60006268F2B1184B194902FB03F3B1EBB30F5F
:10AE700017D3A368E3B90022012322606260A260B5
:10AE8000E260184670BD1D46049BC0E90012C36015
:10AE9000FFF7B6FF03460028F3D06DB9012318462B
:10AEA00070BD04F001FE162200230260184670BD3A
:10AEB000002103F0B7FCDEE7626831462068A56038
:10AEC00003F0B0FC0123DCE7ABAAAAAA555555153F
:10AED00000F014BD08B52DED028BB0EE408A00F0F5
:10AEE00009FDB4EE488AF1EE10FA06D6DFED098AC4
:10AEF000B4EEE88AF1EE10FA02D4BDEC028B08BD84
:10AF000004F0D2FD88EEA80ABDEC028B2123036079
:10AF100008BD00BF00000000000000002DE9F04F58
:10AF20005BEC10AB2DED0A8B4FEA1B5C11EE90EA47
:10AF30000CF1FF3640F2FD70864210EE101A11EE51
:10AF4000103A89B05A4665464FEA1E5400F2C68050
:10AF5000C4F30A06A6F2BE367F2E98BF002000F288
:10AF6000BD80BFEE000BE14CE14B1444C4F3463509
:10AF700003EB451693ED006B93ED027B96ED128B80
:10AF800096ED189B96ED162B260D241505EE904A8E
:10AF9000360593ED0C4BB8EEE55B951BA5EE062B45
:10AFA000A5EE079B93ED04AB93ED105B93ED08BB0F
:10AFB00093ED067B93ED0A6B93ED0E3B0C1E45EC77
:10AFC0001C4BACEE080BA0EE053BA0EE046B20EE94
:10AFD0000A5B30EE024B20EE058BA0EE0B7BA8EE59
:10AFE000036B32EE442BA8EE067B32EE002BB0EE64
:10AFF000483B39EE022B95EE003B34EE085B20EE29
:10B00000080B34EE454B32EE036B34EE084B36EE54
:10B01000046BA0EE076B35EE064B21EE048B18EEA9
:10B02000902AB0EE487BC2F30A556FF47273EB18A6
:10B030003E2B91EE047B35EE445B35EE065BA1EED4
:10B04000057B00F29380AB4B93ED024B93ED005BDD
:10B05000B0EE441B93ED042BA8EE051B93ED066B9D
:10B0600011EE101A31EE441B01F07F0293ED0E4BEE
:10B07000A1EE028BA1EE068B93ED0C6B37EE087BF5
:10B0800027EE072B921802F10F0403EBC202A7EE82
:10B09000046B92ED1C4B03EBC40293ED0A3B93ED62
:10B0A000085B53F834605768A7EE035B4018002430
:10B0B00022EE023B37EE047BA219A2EE057B07EBE2
:10B0C0004033A3EE067B002D5FD043EC102BA7EEA0
:10B0D000000B09B0BDEC0A8BBDE8F08FD8184EEB21
:10B0E0000E09461E37466FF0010849F1FF36B84594
:10B0F0006FF4001777EB0606C0F02081481842EB8A
:10B100000209461E374669F10006B8456FF400177C
:10B1100077EB0606C0F03981002A6ADB0020C4F311
:10B120000A06A6F2BE337F2B40F2FF774FD9724B4F
:10B1300000209A4208BF814200F0FD8040F2BD35F8
:10B14000AE4240F29180012972EB030334BF012328
:10B150000023BC428CBF00240124A3420ED109B0BD
:10B16000BDEC0A8BBDE8F04F00F064BD002BC0F2CF
:10B17000CE80B5F5816F75D9002AF0DB09B0BDEC42
:10B180000A8BBDE8F04F00F065BDA14280F213814B
:10B19000B7EE003B03F17F5101F50011104641EC81
:10B1A000150B27EE057B35EE076BB0EEC64BB4EE04
:10B1B000C34BF1EE10FA61D49FED480B26EE000B65
:10B1C00009B0BDEC0A8BBDE8F04F00F071BD002D59
:10B1D0007FF4C7AE9FED437B4BEC16AB26EE077BAF
:10B1E00053EC172B23F0004217EE101AA2F1507205
:10B1F000B7E6C4F30A0640F2FE3086427EDD40F236
:10B200003340864200F3FA80801BA0F120054FF006
:10B21000FF374FF0FF39874009FA05F9C0F12008E0
:10B22000019547EA09054FF0FF3727FA08F945EA83
:10B230000905874023EA07072EEA05053D435DD14E
:10B24000019DC3400EFA08F843EA08032EFA05FEF2
:10B2500043EA0E0303F00103980422F00042CCF30A
:10B260000A055EE70025EEE688429341B7EE000B43
:10B2700034BF31EE000B30EE410B2AE7B5EEC06B68
:10B28000F1EE10FA35EE465BBFEE004B35EE075B94
:10B2900058BFB0EE434B36EE043B34EE437B37EE03
:10B2A000067B37EE057B37EE037B37EE446BB5EE5E
:10B2B000406BF1EE10FA04D12A4601F0004343EC52
:10B2C000162B9FED065B8DED045B9DED047B27EE59
:10B2D000057B8DED067B6FE7AFF30080000000007B
:10B2E000000010000000000000003043AB6A19C0ED
:10B2F00080020020081400200000F03F4BEC10AB4F
:10B3000009B0BDEC0A8BBDE8F04F00F0C3BCB7EE4E
:10B31000000B38EE000B00283FF4DBAEB1EE400B23
:10B32000D7E64918594B82F400224FF000005241F1
:10B33000884293415DD3B7EE000BCAE650EA090498
:10B34000EFD0534C0025A24208BFA94247D049186C
:10B35000504B52418D4273EB02044AD3994508BFCA
:10B36000A84246D103F100439A4208BFA942E2D065
:10B370009A426FEA0E0E34BF002201224FEADE7EAF
:10B38000724577D09FED3D0BA3E64BEC17AB002A3F
:10B3900027EE070B34DB002250EA09095DD1BEF12C
:10B3A000000FBFF696AE104609B0BDEC0A8BBDE8A3
:10B3B000F04F00F057BC03F140419FED326B01F5B7
:10B3C0007001104641EC100BA7EE000B20EE060BAF
:10B3D00009B0BDEC0A8BBDE8F04F00F071BCDB1882
:10B3E0002A4A8EF4002E4EEB0E0E9D4272EB0E0298
:10B3F000A1D24BEC17AB37EE010B6AE600202CE72D
:10B40000C4F30A02A2F2FF313429C4D8C2F586621D
:10B410004FF0FF31A2F11D05033201FA05F701FAE1
:10B4200002F4C2F120063C4321FA06F73C43914066
:10B4300023EA01012EEA04042143ACD123FA02F2EB
:10B440000EFA06F632432EFA05F52A4312F00102EF
:10B45000A2D0B1EE400B01229EE7BEF1000FBFF675
:10B4600038AEB7EE006B86EE007B8DED027B9DED76
:10B47000020B2EE621EE010B2BE600BF00000000C0
:10B4800000000000000000000000007F0000F0FF4E
:10B490000000F03F0000E0FF0000000030B510EEBB
:10B4A000104AC4F30A53B3F57D7FB7EEC06A83B088
:10B4B0001BD226EE065BB3F5667F6ED326EE052B18
:10B4C00025EE021B734B93ED1A3B93ED187B93ED26
:10B4D000164BA5EE037BA2EE046BB0EE460BA7EE77
:10B4E000010BB7EEC00B03B030BD40F22E429342C9
:10B4F0005ED8684991ED087B26EE077BFDEEC77BA1
:10B5000091ED0A5B17EE903A03F500031B1613F05A
:10B51000020F07EE903A01F1700208BF0A46D80701
:10B52000B8EEE77BA7EE456B26EE067B1BD403F057
:10B53000030301EBC30192ED1A4B91ED002B92ED49
:10B54000185B26EE026B92ED163BA7EE045B26EE2F
:10B55000074B27EE047BA4EE036BA5EE076BB7EE5B
:10B56000C60B03B030BD92ED142B27EE075B92EDB6
:10B57000126B92ED0E3BA7EE026B92ED0C0B92ED6F
:10B58000104BA7EE030B27EE057BA5EE040BA6EEF2
:10B59000070BB7EEC00B03B030BD220D12F4FF6FE6
:10B5A000DFD1B7EEC55B00EE104A8DED015AD8E74A
:10B5B000B3F5FF6F4BD2384BC4F3836203EB8200C9
:10B5C00053F822200569C4F31603C4F3C25143F4AF
:10B5D00000038B40016A03FB02F2A3FB0110E3FBB3
:10B5E000050202F100518D0F01F04041511A00F0A7
:10B5F0000DFD2A4B9FED257B05EBD47441EC160B1A
:10B6000014F0020FA3F1700208BF1346E90726EEFB
:10B61000077B27EE076B1FD404F0030402EBC40280
:10B6200093ED1A4B92ED002B93ED185B27EE027B06
:10B6300093ED163BA6EE045B27EE064B26EE046B5D
:10B64000A4EE037BA5EE067BB7EEC70B89E703B03C
:10B65000BDE8304000F040B993ED142B26EE065BB8
:10B6600093ED127B93ED0E3BA6EE027B93ED0C0B5C
:10B6700093ED104BA6EE030B26EE056BA5EE040B27
:10B68000A7EE060BB7EEC00B6BE700BF182D4454B6
:10B69000FB21193C28130020C81200209813002019
:10B6A0000000000038B510EE104AC4F30A53B3F599
:10B6B0007D7FB7EEC07A1ED227EE077BB3F5667F9B
:10B6C0006FD327EE071B634B93ED142B93ED125BA7
:10B6D00093ED0E3BA7EE025B93ED0C0B93ED104B3D
:10B6E000A7EE030B27EE017BA1EE040BA5EE070BE3
:10B6F000B7EEC00B38BD40F22E42934254D85549A4
:10B7000091ED086B27EE066BFDEEC66B91ED0A5BC3
:10B7100016EE903A03F500031B1613F0020F06EE27
:10B72000903A01F1700208BF0A46D807B8EEE66BFE
:10B73000A6EE457B27EE076B1AD503F0030301EB5A
:10B74000C30191ED002B92ED1A4B92ED185B92ED37
:10B75000163BA6EE045B27EE027B27EE064B26EE99
:10B76000046BA4EE037BA5EE067BB7EEC70B38BDDA
:10B7700092ED142B92ED127B92ED0E3B92ED0C0BA1
:10B7800092ED104B26EE065BA6EE027BA6EE030BB7
:10B7900026EE056BA5EE040BA7EE060BB7EEC00B6D
:10B7A00038BDB7EE000A38BDB3F5FF6F3DD22A4B66
:10B7B000C4F3836203EB820053F822200569C4F3CB
:10B7C0001603C4F3C25143F400038B40016A03FB28
:10B7D00002F2A3FB0110E3FB050202F100518D0F01
:10B7E00001F04041511A00F011FC1C4B9FED177BFA
:10B7F00005EBD47441EC160B14F0020FA3F17002A8
:10B8000008BF1346E90726EE077B27EE076B10D526
:10B8100004F0030402EBC40292ED002B93ED1A4BEB
:10B8200093ED185B93ED163B93E7BDE8384000F0CD
:10B8300053B893ED142B93ED127B93ED0E3B93EDE8
:10B840000C0B93ED104B9DE7AFF30080182D445483
:10B85000FB21193C28130020C81200209813002057
:10B8600010B582B08DED010A044604F01DF99DED7E
:10B87000010A046002B010BD28B1F1EE407A27EE53
:10B88000800A2220ECE7F0EE407A27EE800A2220A0
:10B89000E6E700BF9FED010AEEE700BF00000010E1
:10B8A0009FED010AE8E700BF0000201A9FED010AA2
:10B8B000E2E700BF000000709FED060AFFEE007A8D
:10B8C000B7EE007A00284FF0220047FE277A87EE75
:10B8D000800AC5E70000000070EE407AB4EE400A2E
:10B8E00087EEA77AF1EE10FAB0EE470A01D62120D2
:10B8F000B6E77047B1EEC00A704700BF10B582B01E
:10B90000CDED010A019B23F00042B2F1FF4FF0EEB2
:10B91000407A30DC10EE100A20F00041B1F1FF4F08
:10B9200029DCB3F17E5F40D09C1704F0020444EAA6
:10B93000D07431B372B3B2F1FF4F3ED0B1F1FF4FCB
:10B9400028D0891AB1F1F45F4FEAE15232DA002BC4
:10B9500040DA3C323EDA9FED330A012C4CD0022C07
:10B9600041D064B19FED307ADFED307A30EE070AD6
:10B9700030EE670A03E09DED017A37EE270A02B048
:10B9800010BD022C0ED09FED2A7A032C07FE000A70
:10B9900002B010BD9FED270ADFED277A002820FEB8
:10B9A000270AECE79FED210AE9E702B0BDE8104065
:10B9B00000F048B89FED1F0ACFE7B1F1FF4F04F147
:10B9C000FF3420D0022C26D81C4B03EB840393EDCC
:10B9D000030AD4E79DED017A87EE870A00F004F9A7
:10B9E00000F030F8B9E79FED107ADFED107A30EE15
:10B9F000070A37EEC00AC2E710EE103A03F100431F
:10BA000000EE103ABBE7022C08D80C4B03EB840382
:10BA100093ED000AB3E79FED030AB0E79FED080A34
:10BA2000ADE700BF000000002EBDBB33DB0F494077
:10BA3000DB0F49C0DB0FC93FDB0FC9BF98210020D6
:10BA4000DB0F493F38B510EE105A25F00044B4F131
:10BA5000A14FF0EE407A0ADBB4F1FF4F55DCDFED89
:10BA6000507A9FED507A002D37FE870A38BD4E4B35
:10BA70009C4259DCB4F1445F4ADB4FF0FF3227EEC1
:10BA8000A76ADFED4A6ADFED4A5ADFED4A4A9FEDC9
:10BA90004A5A9FED4A4A26EE067A531CE7EE265A8A
:10BAA000DFED476AA5EE875AE7EE246ADFED455AD7
:10BAB000DFED454AE6EE875AA5EE074A9FED435A69
:10BAC000DFED436AA5EE875AE4EE074ADFED415AFF
:10BAD000E4EE876AE5EE075A66EE866A65EE875AF7
:10BAE00037D03D4B03EB820376EEA56A93ED007AE7
:10BAF00093ED046A96EEA77A002D77EE677A36EE1C
:10BB0000670AB3DAB1EE400A38BD30EE000A38BD3C
:10BB10009FED327A30EE077AF7EE006AB4EEE67AFD
:10BB2000F1EE10FAA9DD38BD00F05EF82C4B9C4216
:10BB300016DCA3F5D0039C4227DCF0EE007ABFEEC2
:10BB4000007AA0EE277A002230EE270AC7EE007AAC
:10BB500095E776EEA56AE6EEE77AB0EE670A38BDBD
:10BB6000204B9C420BDCF7EE087AB7EE007AA0EE91
:10BB7000277A022230EE670AC0EE077A7FE7BFEE2F
:10BB8000007AC7EE007A032279E7F7EE007A30EE0A
:10BB9000677A30EE270A0122C7EE007A6FE700BF0E
:10BBA000DB0FC93FDB0FC9BFFFFFDF3ED769853C15
:10BBB00059DA4B3D21A215BD356B883D6E2EBA3D3D
:10BBC0006BF16EBD95879DBD2549123E388EE3BD54
:10BBD000ABAAAA3ECDCC4CBEB0210020CAF249711E
:10BBE000FFFF973FFFFF1B4010EE103A23F000438A
:10BBF00000EE103A704700BF0000000010B582B0A0
:10BC00008DED000B044603F04FFF9DED000B04602B
:10BC100002B010BD82B050B1B1EE407B8DED007B23
:10BC20009DED007B222020EE070B02B0E6E7B0EE90
:10BC3000407BF3E79FED010BECE700BF0000000045
:10BC4000000000109FED010BE4E700BF00000000C2
:10BC50000000581E9FED010BDCE700BF0000000054
:10BC60000000007082B00028B7EE006BBFEE007BD2
:10BC700006FE077B8DED007B9DED000B9FED037BAA
:10BC8000222080EE070B02B0B8E700BF00000000E2
:10BC900000000000B4EE400BF1EE10FA30EE407BF5
:10BCA00087EE076BB0EE460B01D62120A6E7704762
:10BCB000B5EE400BF1EE10FA00D0704722209DE760
:10BCC0009FED066BB0EEC07BB4EE467BF1EE10FA52
:10BCD00000DC7047222091E7AFF30080FFFFFFFFF9
:10BCE000FFFFEF7F03460846194602F0E5B900BFA3
:10BCF00081F0004102E000BF83F0004330B54FEA1D
:10BD000041044FEA430594EA050F08BF90EA020F89
:10BD10001FBF54EA000C55EA020C7FEA645C7FEA1C
:10BD2000655C00F0E2804FEA5454D4EB5555B8BF3F
:10BD30006D420CDD2C4480EA020281EA030382EAB0
:10BD4000000083EA010180EA020281EA0303362D42
:10BD500088BF30BD11F0004F4FEA01314FF4801C15
:10BD60004CEA113102D0404261EB410113F0004F27
:10BD70004FEA03334CEA133302D0524263EB4303DE
:10BD800094EA050F00F0A780A4F10104D5F1200E7C
:10BD90000DDB02FA0EFC22FA05F2801841F10001D7
:10BDA00003FA0EF2801843FA05F359410EE0A5F1AB
:10BDB00020050EF1200E012A03FA0EFC28BF4CF0DC
:10BDC000020C43FA05F3C01851EBE37101F0004592
:10BDD00007D54FF0000EDCF1000C7EEB00006EEB9F
:10BDE0000101B1F5801F1BD3B1F5001F0CD3490829
:10BDF0005FEA30004FEA3C0C04F101044FEA445280
:10BE000012F5800F80F09A80BCF1004F08BF5FEA06
:10BE1000500C50F1000041EB045141EA050130BDE6
:10BE20005FEA4C0C404141EB0101013C28BFB1F5F8
:10BE3000801FE9D291F0000F04BF01460020B1FA43
:10BE400081F308BF2033A3F10B03B3F120020CDA16
:10BE50000C3208DD02F1140CC2F10C0201FA0CF0F4
:10BE600021FA02F10CE002F11402D8BFC2F1200C59
:10BE700001FA02F120FA0CFCDCBF41EA0C0190400F
:10BE8000E41AA2BF01EB0451294330BD6FEA040458
:10BE90001F3C1CDA0C340EDC04F11404C4F1200243
:10BEA00020FA04F001FA02F340EA030021FA04F355
:10BEB00045EA030130BDC4F10C04C4F1200220FAAC
:10BEC00002F001FA04F340EA0300294630BD21FAEA
:10BED00004F0294630BD94F0000F83F4801306BFB0
:10BEE00081F480110134013D4EE77FEA645C18BFA4
:10BEF0007FEA655C29D094EA050F08BF90EA020F3B
:10BF000005D054EA000C04BF1946104630BD91EA32
:10BF1000030F1EBF0021002030BD5FEA545C05D135
:10BF20004000494128BF41F0004130BD14F5800474
:10BF30003CBF01F5801130BD01F0004545F0FE41E8
:10BF400041F470014FF0000030BD7FEA645C1ABF1D
:10BF5000194610467FEA655C1CBF0B46024650EA54
:10BF6000013406BF52EA033591EA030F41F4002180
:10BF700030BD00BF90F0000F04BF0021704730B506
:10BF80004FF4806404F132044FF000054FF00001DB
:10BF900050E700BF90F0000F04BF0021704730B59C
:10BFA0004FF4806404F1320410F0004548BF404271
:10BFB0004FF000013EE700BF42004FEAE2014FEAC6
:10BFC00031014FEA02701FBF12F07F4393F07F4FA1
:10BFD00081F06051704732F07F4208BF704793F0A4
:10BFE0007F4F04BF41F40021704730B54FF46074B7
:10BFF00001F0004521F000411CE700BF50EA0102BA
:10C0000008BF704730B54FF000050AE050EA010262
:10C0100008BF704730B511F0004502D5404261EBD2
:10C0200041014FF4806404F132045FEA915C3FF413
:10C03000D8AE4FF003025FEADC0C18BF03325FEAB0
:10C04000DC0C18BF033202EBDC02C2F1200300FA61
:10C0500003FC20FA02F001FA03FE40EA0E0021FA86
:10C0600002F11444BDE600BF80F0004002E000BFD2
:10C0700081F0004142001FBF5FEA410392EA030FD3
:10C080007FEA226C7FEA236C6AD04FEA1262D2EB1D
:10C090001363C1BFD218414048404140B8BF5B4222
:10C0A000192B88BF704710F0004F40F4000020F0BB
:10C0B0007F4018BF404211F0004F41F4000121F0D1
:10C0C0007F4118BF494292EA030F3FD0A2F101021B
:10C0D00041FA03FC10EB0C00C3F1200301FA03F159
:10C0E00000F0004302D5494260EB4000B0F5000F7C
:10C0F00013D3B0F1807F06D340084FEA310102F13B
:10C100000102FE2A51D2B1F1004F40EBC25008BFEC
:10C1100020F0010040EA03007047490040EB0000B6
:10C12000013A28BFB0F5000FEDD2B0FA80FCACF1B7
:10C13000080CB2EB0C0200FA0CF0AABF00EBC250E4
:10C1400052421843BCBFD0401843704792F0000FD2
:10C1500081F4000106BF80F400000132013BB5E725
:10C160004FEA41037FEA226C18BF7FEA236C21D09B
:10C1700092EA030F04D092F0000F08BF0846704700
:10C1800090EA010F1CBF0020704712F07F4F04D1CE
:10C19000400028BF40F00040704712F100723CBFE1
:10C1A00000F50000704700F0004343F0FE4040F40B
:10C1B000000070477FEA226216BF08467FEA2363C9
:10C1C0000146420206BF5FEA412390EA010F40F4B4
:10C1D000800070474FF0000304E000BF10F0004300
:10C1E00048BF40425FEA000C08BF704743F09643E7
:10C1F00001464FF000001CE050EA010208BF704702
:10C200004FF000030AE000BF50EA010208BF704788
:10C2100011F0004302D5404261EB41015FEA010C9D
:10C2200002BF84460146002043F0B64308BFA3F195
:10C230008053A3F50003BCFA8CF2083AA3EBC25377
:10C2400010DB01FA02FC634400FA02FCC2F1200296
:10C25000BCF1004F20FA02F243EB020008BF20F0CD
:10C260000100704702F1200201FA02FCC2F1200233
:10C2700050EA4C0021FA02F243EB020008BF20EA28
:10C28000DC70704753B94AB9002908BF00281CBFA9
:10C290004FF0FF314FF0FF3000F070B9ADF1080CF6
:10C2A0006DE904CE00F006F8DDF804E0DDE90223D4
:10C2B00004B070472DE9F047089E0D4604460F462E
:10C2C000002B4AD18A42944665D9B2FA82F343B12F
:10C2D00002FA03FCC3F120029F4020FA02F2174346
:10C2E0009C404FEA1C4E1FFA8CF5B7FBFEF1220C66
:10C2F0000EFB117742EA074201FB05F090420AD992
:10C300001CEB020201F1FF3780F01C81904240F2E9
:10C31000198102396244121AA4B2B2FBFEF00EFB7C
:10C32000102244EA024400FB05F5A5420AD91CEBA1
:10C33000040400F1FF3280F00781A54240F204813D
:10C340006444023840EA0140641B00211EB1DC4015
:10C350000023C6E90043BDE8F0878B4208D9002ED0
:10C3600000F0ED800021C6E900050846BDE8F08731
:10C37000B3FA83F1002949D1AB4202D3824200F2E1
:10C38000F880841A65EB030201201746002EE2D0E4
:10C39000C6E90047DFE702B9FFDEB2FA82F3002BFD
:10C3A00040F090808A1A4FEA1C471FFA8CFE012148
:10C3B000B2FBF7F507FB1520220C42EA00420EFB08
:10C3C00005F0904208D91CEB020205F1FF3802D2B9
:10C3D000904200F2CB804546121AA4B2B2FBF7F0AD
:10C3E00007FB102244EA02440EFB00FEA64508D9D2
:10C3F0001CEB040400F1FF3202D2A64500F2BB8020
:10C400001046A4EB0E0440EA05409FE7C1F1200767
:10C410008B4022FA07FC4CEA030C05FA01F420FADF
:10C4200007F3FD404FEA1C492343B5FBF9F81FFA17
:10C430008CFE09FB18551C0C44EA054408FB0EF55C
:10C44000A54202FA01F200FA01F00BD91CEB040438
:10C4500008F1FF3A80F08880A54240F28580A8F17B
:10C4600002086444641B9DB2B4FBF9F309FB134456
:10C4700045EA044403FB0EFEA64508D91CEB040460
:10C4800003F1FF356CD2A6456AD9023B644443EA06
:10C490000843A3FB0295A4EB0E04AC42C846AE468B
:10C4A00056D353D056B1B0EB080264EB0E0404FA35
:10C4B00007F7CA40CC401743C6E90074184600216C
:10C4C000BDE8F087C3F1200102FA03FC20FA01F273
:10C4D00025FA01F19D402A434FEA1C471FFA8CFEC2
:10C4E000B1FBF7F007FB1015110C41EA054100FB09
:10C4F0000EF58D4204FA03F408D91CEB010100F19A
:10C50000FF382FD28D422DD902386144491B92B297
:10C51000B1FBF7F507FB151142EA014205FB0EF1ED
:10C52000914208D91CEB020205F1FF3816D2914264
:10C5300014D9023D6244521A45EA004138E73146B7
:10C54000304608E73946E6E61046FBE64845A9D2FC
:10C55000B9EB020865EB0C0E013BA3E74546EAE7A1
:10C560002B4694E74046D1E7D0467BE7023D624444
:10C5700032E708460AE76444023842E7704700BFE2
:10C5800038B5A1FB02148CBB00F046F80546E0B1BB
:10C5900050F8042C22F00302043A242A17D8132A54
:10C5A0001AD91B2AC0E900441DD9242A14BF00F15E
:10C5B000100200F118024FF00003C0E9024404BF6A
:10C5C00004614461C2E900339360284638BD2146C6
:10C5D00002F028F9284638BD02460023C2E900339C
:10C5E0009360284638BD00F10802F6E703F05CFAD4
:10C5F0000C2300250360E8E7024B0146186800F0B1
:10C600000BB800BF10900020024B0146186803F0E1
:10C61000CBBD00BF109000202DE9F04F01F10B06BB
:10C62000162E83B0044624D8102900F2BA8000F0F8
:10C630009DFA102618220220B74F3A44A2F10801B1
:10C6400053688B4200F0BA805A68D96822F003021E
:10C650001A449D68E9608D60516841F001012046EF
:10C66000516003F1080500F087FA284603B0BDE8E1
:10C67000F08F36F0070600F19480B14200F291800D
:10C6800000F074FAB6F5FC7FC0F09681730A00F0F2
:10C690008F80042B00F26B81B30903F1390003F1A1
:10C6A000380CC3009C4F3B44A3F108055B689D42D6
:10C6B00006D10CE0002980F22B81DB689D4206D078
:10C6C0005A6822F00302911B0F29F3DD60463D6991
:10C6D000DFF848C265457CD06A6822F00302931BEC
:10C6E0000F2B00F37781002BC7E904CC80F268811F
:10C6F000B2F5007F80F01681D308796801334FEAE4
:10C70000521E012202FA0EF20A4357F833E0C5F82E
:10C7100008E007EBC3010839E9607A6047F8335055
:10C72000CEF80C50831001219940914257D8114204
:10C7300006D120F003004900114200F10400FAD0B4
:10C7400007EBC0094D468646D5F80C80454508D113
:10C7500019E1002B80F22081D8F80C80454500F0CB
:10C760001281D8F8042022F00302931B0F2BF0DD76
:10C770002046D8E9025408EB060146F00106C8F845
:10C780000460EC60A56043F00104C7E90411C1E94D
:10C7900002CC4C6048F8023000F0EEF908F10805D0
:10C7A00002E00C2323600025284603B0BDE8F08F8B
:10C7B0004FF4007340204FF03F0C73E7D3689A4268
:10C7C00008BF02307FF440AF3D69DFF850C16545D6
:10C7D00082D17A688310012199409142A7D9BD681E
:10C7E0006B6823F00308464503D8A8EB06030F2B1C
:10C7F0007EDCDFF82C91D7F80824D9F8003001321C
:10C80000334405EB080A00F02F8103F580530F3302
:10C8100023F47F6B2BF00F0B5946204603F01CF9D5
:10C82000411C024600F0EF80824500F2EA80D9F810
:10C8300004105944C9F804100B4600F04B81D7F896
:10C84000081401311BBFA2EB0A0A5344C7F808249D
:10C85000C9F8043012F0070300F01281C3F1080197
:10C860000A44C3F5805193440831A1EB0B01C1F395
:10C870000B0A514620460192009303F0EDF8421C4A
:10C88000DDE9003200F04B81801A00EB0A0BD9F889
:10C890000400BA604BF001030AEB0001BD42536093
:10C8A000C9F8041000F02281B8F10F0F40F2208186
:10C8B0006B68A8F10C0020F0070003F001030343AC
:10C8C0006B604FF0050C2B180F28C3E901CC00F268
:10C8D0002D8153681546D9F82C208A42D9F830208A
:10C8E00038BFC9F82C108A4238BFC9F830108CE024
:10C8F000AA1943F0010346F001066E602046BA60B3
:10C90000536000F039F90835284603B0BDE8F08FD0
:10C91000D9681A449DE600BF3C9100204491002054
:10C920000CE10020B2F5206F4FEA522363D3142BA1
:10C9300000F2B88003F15C01C9005B3307EB010E24
:10C940007958AEF1080E8E4500F091804B6823F0C7
:10C950000303934202D989688E45F7D1D1F80CE0E0
:10C960007A68C5E9021ECEF80850CD60DAE6142BCD
:10C9700059D9542B00F29E80330B03F16F0003F161
:10C980006E0CC3008EE60EF1010E1EF0030F05F1D2
:10C9900008057FF4D9AE51E0424445465368D8F8C3
:10C9A0000C1043F00103536055F8083F2046D9604E
:10C9B0008B6000F0E1F8F7E6F00806F108023BE6CC
:10C9C0002A442046536843F001035360083500F0C1
:10C9D000D3F8E9E6A919204646F0010643F0010420
:10C9E0006E60C7E90411C1E902CC4C60AB5000F0A5
:10C9F000C3F80835D8E6930903F13901C900383383
:10CA00009CE7BD4260D0BD686B6823F0030B5E45B8
:10CA1000ABEB060302D80F2B3FF76AAF204600F0BE
:10CA2000ABF80025C0E603F15C0003F15B0CC3002A
:10CA300038E659F808394B4540F0968010F0030F5E
:10CA400000F1FF30F5D17B6823EA01037B604900E8
:10CA500099423FF6C4AE19B9C1E649000EF1040E81
:10CA60001942FAD070466BE603F1100BD4E69A1027
:10CA70004FF001087B6808FA02F21A437A6070E707
:10CA800002EB0B014942C1F30B0A514620460193C8
:10CA9000009202F0E1FF431CDDE900237FF4F4AED5
:10CAA0009A46F4E6542B26D8130B03F16F01C90004
:10CAB0006E3343E7B3F5AA7F26D8F30B03F1780072
:10CAC00003F1770CC300EDE5D9F804305B44C9F8F5
:10CAD0000430B4E6CAF30B0000287FF4B0AEBD68A2
:10CAE00008EB0B0343F001036B60F4E61546F2E636
:10CAF0000123536092E7B3F5AA7F21D8D30B03F14A
:10CB00007801C900773319E740F25452934221D893
:10CB1000B30C03F17D0003F17C0CC300C2E5083BBC
:10CB20009B44ABEB020B4FF0000AB0E605F10801A5
:10CB3000204603F039FBBD68D9F804106B68CAE6DB
:10CB400040F254518B420BD8930C03F17D01C90084
:10CB50007C33F3E64FF47E737F204FF07E0CA1E52B
:10CB60004FF47E717E23E9E67B6870E7014802F0AE
:10CB7000CFBF00BF3CE50020014802F0D1BF00BF9D
:10CB80003CE500202DE9F84F1746002900F0988079
:10CB90000C4607F10B058046FFF7E8FF162D54F809
:10CBA000041C5BD810252A46AF425CD821F003064E
:10CBB0009642A4F1080962DABC4BD3F808C009EB2D
:10CBC0000600844500F09780D0F804C02CF00103E3
:10CBD00003445B68DB0768D42CF0030C06EB0C0302
:10CBE000934247DACB0710D454F8083CA9EB030A68
:10CBF000DAF8043023F003018C44B444944580F205
:10CC000011817318934280F2E88039464046FFF75D
:10CC100003FD0746E0B154F8043C23F001034B4404
:10CC2000A0F10802934200F0D280321F242A00F2C1
:10CC3000F580132A00F2AC80034622461168196081
:10CC40005168596092689A602146404603F0ACFAF8
:10CC50004046FFF791FF3846BDE8F88F25F00705FD
:10CC6000002D2A46A0DA0C23C8F8003000273846E9
:10CC7000BDE8F88F1E46D0E90223D3609A60731B8B
:10CC80000F2B22D8D9F8043003F0010333434E446C
:10CC9000C9F80430736843F00103736040462746C7
:10CCA000FFF76AFF3846BDE8F88FC907ADD454F8DE
:10CCB000083CA9EB030ADAF8041021F00301A0E70D
:10CCC000BDE8F84F1146FFF7A7BCD9F8042009EBDF
:10CCD000050102F001024E4443F001032A43C9F862
:10CCE00004204B60736843F00103083173604046D1
:10CCF00003F05AFAD2E7DCF8040020F0030B06EB4D
:10CD00000B0C05F1100084454DDAC9073FF57DAFE6
:10CD100054F8081CA9EB010ADAF8041021F0030109
:10CD20008B44B34458453FF76CAF5746DAF80C10C4
:10CD300057F8080F321F242AC160886000F2DB8098
:10CD4000132A40F2D6802168CAF808106168CAF830
:10CD50000C101B2A00F2DF8008340AF1100221684F
:10CD6000116061685160A16891600AEB0501ABEB4D
:10CD7000050242F0010299604A60DAF8043003F0DB
:10CD800001032B434046CAF80430FFF7F5FE6EE777
:10CD900023680360636843601B2A68D804F10802B3
:10CDA00000F108034AE709EB05029A60ACEB0503C2
:10CDB00043F00103536054F8043C03F001032B4398
:10CDC000404644F8043CFFF7D7FE27464FE750F8AB
:10CDD000043C23F003031E4451E75746DAF80C10D5
:10CDE00057F8080F321F242AC16088604CD8132AD4
:10CDF00048D92168CAF808106168CAF80C101B2AC3
:10CE000056D808340AF110021E462368136063687E
:10CE10005360A3689360D1463C4630E7214601F059
:10CE200085FC11E7D0E902135746CB60996057F8AB
:10CE3000081FDAF80C30CB60321F242A99602DD8F5
:10CE4000132A29D92368CAF808306368CAF80C3055
:10CE50001B2A42D808340AF1100322681A6062685B
:10CE60005A60A2689A606646D1463C4607E7A368C6
:10CE70008360E368C360242A26D004F1100200F125
:10CE80001003DBE63A46BFE7214638461E46D14648
:10CE900001F04CFC3C46F2E63B46DEE721463846D4
:10CEA0006646D14601F042FC3C46E8E63C91002053
:10CEB000A168CAF81010E168CAF81410242A20D01A
:10CEC00010340AF118029FE7236903616169416127
:10CED00004F1180200F11803B0E6A368CAF8103094
:10CEE000E368CAF81430242A21D010340AF1180358
:10CEF000B3E73A4633E72146384601F017FC164BB4
:10CF000033E72269CAF818206269CAF81C2018346D
:10CF10000AF1200278E7A168CAF81010E168CAF89F
:10CF20001410242A0DD010340AF1180217E72369CF
:10CF3000CAF818306369CAF81C3018340AF12003A3
:10CF40008BE72269CAF818206269CAF81C201834D5
:10CF50000AF1200203E700BF3C9100202DE9F04FC9
:10CF60002DED108B97B08A46002107921291002276
:10CF70000021CDE904128046514611910F4611F867
:10CF8000012B2D2A5ED801A050F822F029AA010019
:10CF900041A9010041A9010041A9010041A90100E5
:10CFA00041A9010041A9010041A9010041A90100D5
:10CFB00077A8010077A8010077A8010077A80100F1
:10CFC00077A8010041A9010041A9010041A9010080
:10CFD00041A9010041A9010041A9010041A90100A5
:10CFE00041A9010041A9010041A9010041A9010095
:10CFF00041A9010041A9010041A9010041A9010085
:10D0000041A9010041A9010041A9010077A801003F
:10D0100041A9010041A9010041A9010041A9010064
:10D0200041A9010041A9010041A9010041A9010054
:10D0300041A9010041A9010063B0010041A901001B
:10D040004FB0010000210991302A7DD000230893C0
:10D050002F2A144640F2CD844FF0000938464E4640
:10D060004D4612E00130082D1190C8BF09EB890927
:10D070000478C6BF02EB4902A2F13009A3F13006E1
:10D080002F2C05F1010522466FDD06EB8603392CB6
:10D0900002EB4303E6DD9F49012201F0A9FC0028D1
:10D0A00037D1119B1A46013311935478002D40F06B
:10D0B0004385302C40F02485C3F1010298180133D8
:10D0C00011931C78302CF9D0A4F13103082B00F215
:10D0D0000183119F431CA4F1300B0B930125BC4627
:10D0E0004FF0000E06EB86060BEB460600200CF117
:10D0F000010311939CF80140A4F13001092900F2C9
:10D10000BB8201308B46002940F04F84DDF844C0DB
:10D11000EDE70020652CAE460B90844601D0452CEF
:10D1200030D1002D6BD1089B034367D1079B9FED46
:10D13000778B13B1079BC3F800A0B0EE480B17B074
:10D14000BDEC108BBDE8F08F7A7802F0DF02582A30
:10D1500000F00C84013711973A78302AFAD0002A6F
:10D1600000F0B7800123089372E76A49012201F0B9
:10D170003FFC002800F0C080AE464FF0000CCDF818
:10D180002CC060464FF0000B002D7ED007EE906A59
:10D190000B9BB8EE677BABEB0303BEF1000F08BF40
:10D1A000AE46102D0A932B46A8BF1023092D8DEDF6
:10D1B000047B0CDD584A02EBC30212ED125B06EE53
:10D1C000909AB8EE666BA7EE056B8DED046B0F2D94
:10D1D00000F3A8800A9A002A00F0E4830A9A40F338
:10D1E0003C83162A40F398840A99C5F125028A42A5
:10D1F00080F2A6840A9AEB1A134499E00025DDF820
:10D2000044A00AF1010311939AF801402B2C00F07D
:10D210005E822D2C00F0F78100230A93A4F13003E5
:10D22000092B00F2EB81302C05D1119B01331193B6
:10D230001C78302CFAD0A4F13103082BA2D8119A13
:10D240000C92531C1193A4F1300B54782F2C07DC53
:10D25000DEE3013311934C782F2CA2F1300B06DD65
:10D260000BEB8B02392C194604EB4202F1DD0C9AD0
:10D270009B1A082B40F3CC8344F61F6B0A9B002BB0
:10D2800082D0CBF1000B002D80D1089B034320D12D
:10D29000BCF1000F7FF44AAF692C00F0CF8300F39C
:10D2A000F382492C00F0CA834E2C7FF43FAF1B4918
:10D2B00011A803F09BFB00283FF438AF119B1B78AB
:10D2C000282B00F0F284164802F0CCFEB0EE408B22
:10D2D00001E09FED0E8B079A0AB1119B1360099B29
:10D2E000002B3FF42AAFB1EE488BB0EE480B17B0DD
:10D2F000BDEC108BBDE8F08F119B0B905A1C119266
:10D300005C78AE46F8E600BFAFF300800000000096
:10D3100000000000AC8C0020D81C0020BC8C002039
:10D320005C5900200A9AEB1A1344002B40F3B08298
:10D3300013F00F010AD0C34A02EBC1029DED046B4A
:10D3400092ED007B27EE067B8DED047B33F00F0220
:10D3500040F038820023089300962B4672463946E7
:10D36000404603F055FF8146002800F0E1820B9B08
:10D37000A3EB0B0B0A9B9FEDA9EB002B9FEDA9CB19
:10D380009FEDAADB9FEDABBBB4BF5A4600224FF026
:10D39000000A23EAE3730B920C935446D9F8041065
:10D3A000404603F0B3FE0646002800F00E81D9F88F
:10D3B00010209DED048B0232920009F10C010C301B
:10D3C000FBF7D6FFB0EE480B14AA13A9404604F0B1
:10D3D000DBFA1290002800F0E4800121404603F0BF
:10D3E000BFFF0446002800F0F080139A002AC0F224
:10D3F000DE800B9B0C9F02EB030B089B149DD21A43
:10D400002A44914B013A9A42C5F1360580F2988040
:10D41000991A1F29A5EB010500F3E380012202FA06
:10D4200001F30D9300230E932F44089B5D44AB45FD
:10D430005A461F44A8BF2A46BA42A8BF3A46002A05
:10D4400003DDAD1ABF1AABEB020B0B9B002B00F3F5
:10D450008880002D00F39C800A9B002B00F3B7808E
:10D46000002F00F3A980BBF1000F08DD21465A46CA
:10D47000404604F0B1F80446002800F0A680129956
:10D480003246404604F042F98246002800F09D8072
:10D490000023C568C360214604F016F90028C0F2D5
:10D4A000C78300F061832146504604F0D7FAB0EEFE
:10D4B000007BB4EEC70BF1EE10FA46D8002D00F059
:10D4C000CB80B7EE009B0598604B00226049DFF8E7
:10D4D00084C100EA0107674500F0D480089959B17A
:10D4E000B7F1D46F08D8B4EECB9BF1EE10FA40F24E
:10D4F000568103F1D661CB1BB0EE480B43EC1A2BDF
:10D5000004F0AEF9AAEE008B8DED048B18EE903A84
:10D51000089A22B94E4A1A40974200F0E4801299C4
:10D52000404603F019FE3146404603F015FE214601
:10D53000404603F011FE5146404603F00DFE2DE734
:10D5400001230021CDE90D316EE7B6EE009B20EE00
:10D55000099B002D5FD1B1EE497B059853EC172B49
:10D56000B4E721461A46404603F0D6FF044660B3AE
:10D570000146129A404603F021FF30B30F901299F2
:10D58000404603F0E9FD0F9A1292002D7FF764AF39
:10D5900012992A46404604F01FF8129000287FF4A2
:10D5A0005BAF22239FED258BC8F80030BCE00C9BBD
:10D5B000DDF82CB09F1A20E731463A46404604F089
:10D5C0000BF8064600287FF44EAF1298E9E7314683
:10D5D0000C9A404603F0A0FF064600287FF440AFB7
:10D5E000F3E7C2F17F4202F57F0202F57B4201219F
:10D5F000E23201FA02F3CDE90D1315E7CDF844A0AC
:10D600004FF0000BC0E501230A930AF102031193C6
:10D610009AF8024002E6B0EE497B9EE79535A09469
:10D62000FFFFCF3F9535A094FFFFDF3F35E5AF35D6
:10D630000000E03F0000C0FFFFFFDF4100000000EE
:10D640000000F07FD81C002002FCFFFF0000F03F2C
:10D650000000F07F0000E07FDDE90412002900F007
:10D660008580DDE90412012900F0D8811046B74B0E
:10D67000B7EE009B002229E7652C4FF0010C3FF428
:10D68000BEAD4CE543EC1A2BA0F1547305939DED10
:10D6900004FBB0EE4F0B04F0E3F8AD49AAEE00FB3B
:10D6A0001FEE903AAB4A194091428DED04FB72D9BE
:10D6B000A94B18EE902A9A4203D118EE103A013382
:10D6C00083D0A54A4FF0FF33CDE9043227E700238A
:10D6D0000A939AE7652C00F0D080452C00F0CD80AD
:10D6E0004FF0010CD1E551EC190B0D9309F0EEFE52
:10D6F000FEF78CFC049B1D430D9B41EC170BC3F301
:10D7000013031D4339EE479B00F0A080B4EECC9B81
:10D71000F1EE10FA05D4B4EECD9BF1EE10FA7FF7DE
:10D72000FEAE9DED048B12980146404603F014FDB9
:10D730003146404603F010FD2146404603F00CFD03
:10D740004946404603F008FD5146404603F004FDBB
:10D75000C1E501220992791C11917A78002A3FF4DF
:10D76000E5AC0F4670E400220992F4E7C2F313031C
:10D770001046002B7FF47BAFB7EE007BB4EEC70BF7
:10D78000F1EE10FA00F1D381B6EE009B20EE099B7A
:10D79000B1EE497BE2E603F154730593B8E6BCEEC3
:10D7A000C99B19EE103A012B38BF012309EE103A3C
:10D7B000B8EE499B002D40F03E81B1EE497B53EC21
:10D7C000172B96E6B2F59A7F00F3B280102A4FEA43
:10D7D000221340F38682614C9DED047B002022469B
:10D7E000014613F0010F01F101014FEA630304D078
:10D7F00092ED006B012027EE067B012B02F108025F
:10D80000EFD108B18DED047B059BA3F15473059313
:10D8100004EBC1049DED046B94ED007B4C4B27EEB3
:10D82000067B17EE902A4E4913408B428DED047B08
:10D830007ED8A1F580118B4240F2D681464C4FF044
:10D84000FF33CDE904340023089385E5B4EECE9B85
:10D85000F1EE10FA7FF563AE63E71632FFF662ADC4
:10D860000B9BA3EB0B0B3F4B03EBCB0393ED007B2D
:10D870009DED046B86EE078B2DE54FF0000ECDF885
:10D880002CE04FF0010C4EE46E2C3FF410AD4DE453
:10D890003FF460AD5B4213F00F010AD0314A02EB56
:10D8A000C1029DED046B92ED007B86EE077B8DED52
:10D8B000047B1B113FF44EAD1F2B33DC13F0100221
:10D8C00018BF6A229DED047B0892274A0021D807E1
:10D8D00004D592ED006B012127EE067B5B1002F16F
:10D8E0000802F4D109B18DED047B089B93B1DDE909
:10D8F0000401C1F30A52C2F16B03002B0ADD1F2B96
:10D9000040F32F820020342B049040F340824FF0EC
:10D910005C7305939DED047BB5EE407BF1EE10FA50
:10D920007FF41AAD22239FED058BC8F80030D2E4B6
:10D9300022239FED048BC8F80030CCE400000000E7
:10D9400000000000000000000000F07F0000F0BFB9
:10D950000000F07FFFFF9F7CFFFFEF7FC81D0020CE
:10D960000000A07CD81C0020A01C00200293099B72
:10D97000019312AB0093A74A13AB11A9404602F0E2
:10D980006BFD10F00F0504463FF4A3AC062D74D1D7
:10D99000079B9FED9A8B0137002B3FF4CEAB1F60A6
:10D9A000FFF7CBBB9DED048B95E40B9BDDF844C0EA
:10D9B00003440B93012805F101031A4614D02844AF
:10D9C000441E03E046009C420DD001332A46082A3B
:10D9D0001D4606EB8600F5D9102BDCBF09EB890943
:10D9E0004FEA4909EFE70232082D3CDC1546FFF704
:10D9F00079BB89490122384600F0FAFF002800F07F
:10DA000082804FF0000EF14676467546FFF7B5BBB3
:10DA100044F61F639B45A8BF9B462FE4DDE9042322
:10DA20001846002B7FF423AE22239FED748B1298AF
:10DA3000C8F8003078E6B0EE497BC0E6774911A817
:10DA400002F0D4FF00283FF471AB119B7449013BF5
:10DA500011A8119302F0CAFF10B9119B0133119361
:10DA60009FED688B37E4102ADCBF09EB890901EBD5
:10DA7000490915460020FFF73ABB129A3AB1352101
:10DA800014A804F031F81299404603F065FB013DFB
:10DA9000139B042D00F28F81DFE805F0032D2A1F70
:10DAA0000300149A049203F23342159B23F480136B
:10DAB00043EA02530593E50502D543F0004305937D
:10DAC000584A1A409DED048B002A7FF404AC01F003
:10DAD000EBFF22230360FFF7FEBB4FF0FF336FF035
:10DAE0000046CDE90436E3057FF55CAF059BE4E72E
:10DAF0004C4B0593F7E7149B0493159B0593DAE7CA
:10DB00000020FFF7E1BA119B1A46013311935478B4
:10DB100006468146FFF7CDBA434B03EBC20393EDB4
:10DB2000008B9DED047B28EE078BFFF7D4BBBEEE88
:10DB3000007BB6EE009B11E5AE460B90FFF7DCBA1A
:10DB4000394BC5F10F054A1B03EBC50503EBC203B7
:10DB500095ED008B93ED007B9DED046B28EE068B1D
:10DB600028EE078BFFF7B7BB002D00F09580DDE9AD
:10DB700004BC2E4BCCF313019942624600F0D280D4
:10DB80000E9B002B00F0A580DDE90412134217461E
:10DB90001AD0B0EE480B002D00F0A68003F060FE16
:10DBA000089B7BB1C7F30A53C3F16B03002B09DD5C
:10DBB0001B0503F17F51002001F5401141EC170BCB
:10DBC00020EE070B38EE008B089B5BB19FED0F7BBF
:10DBD000144B28EE078B18EE902A134013B922231A
:10DBE000C8F8003012989FE502F1547305930023A2
:10DBF0000893FFF7B1BB00BFAFF300800000000047
:10DC000000000000000000000000F07F00000000A5
:10DC100000005039781C0020AC8C0020B08C002013
:10DC2000B48C00200000F07FD81C0020FFFF0F0004
:10DC3000DDE904120D43C7D1C2F313031746002BCD
:10DC4000C2D122F000431B0D1B05B3F1D66FBBD927
:10DC5000DAF814301BB9DAF81030012BB4DD514674
:10DC60000122404603F0B8FC2146824603F02CFD19
:10DC70000028A9DD089B002B7ED1504B3B40A3F52B
:10DC800080136FEA13536FEA035305934FF0FF338A
:10DC900004939DED048B97E7DDE90412C2F31303AF
:10DCA0000B4317467FF46CAFE4E7454911A814AA6B
:10DCB00002F0B8FE05287FF406AB159B43F0FF4346
:10DCC00043F4E0030593149B04939DED048BFFF74D
:10DCD00002BBDDE904010D9B03423FF475AF0F4623
:10DCE00057E7384C00218FE503F0BAFD089B002B65
:10DCF00055D0C7F30A53C3F16B03002B09DD1B0595
:10DD000003F17F5101F54011284641EC170B20EE3D
:10DD1000070B38EE408BB5EE408BF1EE10FA7FF436
:10DD200055AF81E6089B04991BB3244B1340B3F114
:10DD3000D46F1ED81B0DC3F16B034FF0FF3000FAF8
:10DD400003F399427FF41CAF1F4B9A4230D01B4B18
:10DD5000134003F580130593002304939DED048B7A
:10DD600032E74FF0FF3202FA03F3049A1A400492AA
:10DD7000D0E54FF0FF33E4E7104B3B40B3F1D66FF3
:10DD80003FF77DAFB3F15C7F3FF720AF4CE6C2F1C8
:10DD90004B024FF0FF3393400B400593BAE538EE4A
:10DDA000408BB5EE408BF1EE10FA7FF41BAF3BE6F3
:10DDB0000131CCD109E400237DE600BF0000F07FF3
:10DDC0008C1C0020C81D0020FFFFEF7F014BFFF7D8
:10DDD000C5B800BF5895002010B4054C84461346C2
:10DDE00020685DF8044B0A466146FFF7B7B800BFEC
:10DDF0001090002010B4054C054B84460A4620685C
:10DE00005DF8044B6146FFF7A9B800BF10900020F1
:10DE10005895002010B51D4C8446134620680A46CC
:10DE20006146FFF79BF8B4EE400BF1EE10FA19D6FD
:10DE3000F7EEC06BDFED167AB0EEE67AB4EE677AF5
:10DE4000F1EE10FA0BDDB0EEC00B9FED0E5BB4EE01
:10DE5000450BF1EE10FA02DC236822221A60B0EEC4
:10DE6000660A10BD10EE903A002B0A4804DA02F060
:10DE700001F9F1EE406AF2E7BDE8104002F0FAB8AD
:10DE8000AFF30080FFFFFFFFFFFFEF7F1090002048
:10DE9000FFFF7F7F5C59002010B5244C244B844643
:10DEA0000A4620686146FFF759F8B4EE400BF1EEE0
:10DEB00010FA27D6F7EEC07B9FED1E7AF0EEE76AE8
:10DEC000F4EE476AF1EE10FA0EDDB0EEC05B9FEDA6
:10DED000156BB4EE465BF1EE10FA05DC23682222E6
:10DEE0001A60B0EE670A10BD17EE903A13F0FF4FBC
:10DEF000F7D1114B10EE902A1340002BEED1B0EE6B
:10DF0000670A10BD10EE903A002B0C4804DA02F0BC
:10DF1000B1F8F1EE407AE4E7BDE8104002F0AAB8AB
:10DF2000AFF30080FFFFFFFFFFFFEF7F10900020A7
:10DF300058950020FFFF7F7F0000F07F5C59002094
:10DF4000012B2DE9F84F40D0242B98463DD84C4D5D
:10DF50008E4676461EF801BB15F80B4014F00804F7
:10DF6000F7D1BBF12D0F72D0BBF12B0F08BF9EF87C
:10DF700000B06FF0004908BF06F1020E002B42D03E
:10DF8000102B57D0B9FBF8F700252E4608FB179A3F
:10DF900005E033D008FB06C601251EF801BBABF136
:10DFA000300CBCF1090F06D9ABF1410CBCF1190FD3
:10DFB00012D8ABF1370C634517DDB5F1FF3FECD05C
:10DFC000B742E6D24FF0FF35E7E701F06DFD1623CB
:10DFD00003600020BDE8F88FABF1610CBCF1190FB4
:10DFE00003D8ABF1570C6345E7DC6B1C27D08CB929
:10DFF0000AB1A5BB11603046BDE8F88FE245C9DA29
:10E000004FF0FF35C9E7BBF1300F05D04FF00A08DC
:10E010004346B7E77642EBE79EF8003003F0DF03B4
:10E02000582B21D14FF010089EF801B043460EF155
:10E03000020EA7E7BBF1300F1AD09846A2E72223C1
:10E04000036072B10EF1FF314E461160D3E79EF8C6
:10E0500000B04FF0004906F1020E01248EE7B146F0
:10E06000F0E74E463046C7E74FF00808434689E7D9
:10E070009EF8005005F0DF05582DD3D0984681E773
:10E08000D12100205CE700BF10B4044C8446134645
:10E0900020685DF8044B0A46614651E71090002065
:10E0A00010B4044C8446134620685DF8044B0A46BD
:10E0B000614645E71090002013460A4601460220BB
:10E0C00001F0DEBF014BC0F8EC307047D0210020DA
:10E0D000024B1844407800F007007047D021002020
:10E0E000024B1844407800F008007047D02100200F
:10E0F000024A0349034800F05FB900BF4C95002075
:10E100000D120200189000200C4B4168994210B586
:10E11000044601D005F0FCFBA168094B994202D0EE
:10E12000204605F0F5FBE168064B994204D02046F5
:10E13000BDE8104005F0ECBB10BD00BF40E1002081
:10E14000A8E1002010E2002008B54B6EDA0702D4E7
:10E150008B899B0501D5002008BD886D01F0D8FC96
:10E16000002008BD08B54B6EDA0702D48B899B05E9
:10E1700001D5002008BD886D01F0D2FC002008BD4B
:10E180002DE9F8432A4C2B4BDFF8BC90DFF8BC801C
:10E19000294FC4F83831002504230822294604F108
:10E1A0005C00264E6566C4E90253C4E90055C4E923
:10E1B0000455A56100F036FB214B63670822294610
:10E1C00004F1C400C4E90749C4E90987C4E91A5540
:10E1D000C4E91E55C4F8CC502567C4F88050E662E7
:10E1E00000F020FB174BC4F8DC30294604F168032B
:10E1F000082204F59670C4F88430C4E92298C4E972
:10E200002476C4E93455C4E93855C4F83451C4F807
:10E21000D850C4F8E85000F005FB04F1D003C4E97D
:10E220003C98C4E93E76C4F8EC30BDE8F88300BF02
:10E2300040E10020EDB901006DBE01008DBE01007E
:10E24000090001001200020005BE01002DBE010000
:10E250002DE9F04107462C4801F05AFC2B4BD3F82E
:10E260003831002B46D02A4E4FF00408D6E901344D
:10E27000013B04D525E05A1C04F1680421D0B4F90F
:10E280000C50013B002DF6D1224BE36004F1580005
:10E29000656601F035FC1C4801F042FCC4E90155FB
:10E2A000C4E904552560A5610822294604F15C00F3
:10E2B00000F0B8FAC4E90C55C4E911552046BDE890
:10E2C000F08135680DB12E46D0E74FF4D67138464F
:10E2D000FEF7A2F9044680B10560C0F804800C3056
:10E2E0002946A06025464FF4D07200F09BFA3460B6
:10E2F0002E46BBE7FFF744FFB5E70348346001F063
:10E300000FFC0C233B60D9E748E5002040E10020EA
:10E310004C9500200100FFFF10B504460B4801F0AA
:10E32000F7FB636B2BB90A4B0A4AD3F838316263A7
:10E3300023B1BDE81040054801F0F2BBFFF720FF14
:10E34000BDE81040014801F0EBBB00BF48E50020EC
:10E3500040E1002005BA0100014801F0D9BB00BF2F
:10E3600048E50020014801F0DBBB00BF48E5002084
:10E3700008B5054801F0CCFBBDE80840034A044954
:10E38000002000F019B800BF48E500204C9500209F
:10E3900045BA010008B5054A0549002000F00CF80F
:10E3A000BDE80840034801F0BBBB00BF4C9500200E
:10E3B00061BA010048E500202DE9F84380460F4688
:10E3C00016464FF00009D6E90154013D11D4A38946
:10E3D000012B05F1FF3508D9B4F90E300133214680
:10E3E00003D04046B84749EA00096B1C04F16804B1
:10E3F000EDD13668002EE6D14846BDE8F88300BF6F
:10E4000008B410B5002A9DB0044633DB4FF4027304
:10E41000ADF814300291069120AB17D0013A4FF6B7
:10E42000FF7104920792ADF816101F9A019302A98A
:10E4300003F0CCFC421C01DA8B232360029B0022F8
:10E440001A701DB0BDE8104001B070474FF6FF7163
:10E4500004920792ADF816101F9A019302A903F0D7
:10E46000B5FC431C01DA8B2323601DB0BDE81040CE
:10E4700001B070478B2303604FF0FF30F5E700BF1A
:10E480000CB410B51F4B00291C689CB035DB4FF451
:10E490000273ADF81430029006901FAB18D001390A
:10E4A0004FF6FF7204910791ADF8162002A91E9A4B
:10E4B0000193204603F08AFC421C01DA8B2323607F
:10E4C000029B00221A701CB0BDE8104002B07047D9
:10E4D0004FF6FF7204910791ADF8162002A91E9A1B
:10E4E0000193204603F072FC431C01DA8B23236066
:10E4F0001CB0BDE8104002B070478B2323604FF082
:10E50000FF30F5E71090002010B50C46B1F90E1061
:10E5100001F08CFA002803DB236D0344236510BD52
:10E52000A38923F48053A38110BD00BF002070474E
:10E530002DE9F0410C46B1F90C101F46CB050546FC
:10E5400016460BD421F48051A1813B46B4F90E103C
:10E5500032462846BDE8F04101F090BAB4F90E10F9
:10E560000223002201F04CFAB4F90C10EAE700BFD4
:10E5700010B50C46B1F90E1001F042FAA389421C05
:10E580000EBF23F4805343F480532065A38110BD54
:10E59000B1F90E1001F022BAF0B5ADF5057D04AF6A
:10E5A000009313464FF400720E460392394603AAB5
:10E5B000054600F025F888B104460246039B314623
:10E5C000284601F05BFABC42039004D0284621465D
:10E5D00001F0EAFD03980DF5057DF0BD4FF0FF3029
:10E5E000F9E700BF10B4054C8446134620685DF877
:10E5F000044B0A466146FFF7CFBF00BF10900020D2
:10E6000030B5146815469BB01A4609B1002C19D1D3
:10E6100000214FF42273ADF80C30009104914FF6B5
:10E62000FF7302910591ADF80E3069461E9B03F011
:10E63000CDFB002813DB009B286000221A70049891
:10E640001BB030BD4FF4C16300910491ADF80C30A4
:10E650002146E4DA8B23036000201BB030BD00208C
:10E66000EEE700BF30B5184C0D469BB021682C6812
:10E6700008B1002C19D100244FF42270ADF80C0021
:10E680000094049408464FF6FF71ADF80E106946E9
:10E690000294059403F09AFB002812DB009B28608B
:10E6A00000221A7004981BB030BD009004904FF403
:10E6B000C160ADF80C00E5DA8B2300200B601BB0C5
:10E6C00030BD0020EFE700BF10900020032A70B596
:10E6D00014D940EA01039B0722D104460B46194690
:10E6E00020460E680568B54204F1040403F10403F2
:10E6F00016D1043A032A20461946F0D8541E9AB17E
:10E70000421E013901E0C3180CD012F801EF11F8D4
:10E7100001CFE645A4EB0203F5D0AEEB0C0070BDD3
:10E72000541EEDE7184670BD104670BD88420DD9E5
:10E730008B1883420AD900EB020CBAB1624613F877
:10E7400001CD02F801CD9942F9D170470F2A0ED8B8
:10E75000034602F1FF3C4AB10CF1010C013B8C4431
:10E7600011F8012B03F8012F6145F9D1704740EAF8
:10E7700001039B0750D1A2F1100370B501F1200CE9
:10E7800023F00F0501F1100E00F11004AC441B0939
:10E790005EF8105C44F8105C5EF80C5C44F80C5CAD
:10E7A0005EF8085C44F8085C5EF8045C44F8045CBD
:10E7B0000EF1100EE64504F11004E9D1013312F018
:10E7C0000C0F01EB031102F00F0400EB031327D031
:10E7D000043C24F003064FEA940C1E441C1F8E4692
:10E7E0005EF8045B44F8045FB442F9D10CF1010413
:10E7F00002F0030203EB840301EB840102F1FF3C0E
:10E800004AB10CF1010C013B8C4411F8012B03F8C7
:10E81000012F6145F9D170BD02F1FF3C03469BE732
:10E820002246EBE7830730B548D0541E002A3FD07C
:10E83000CAB2034601E0013C3AD303F8012B9D071D
:10E84000F9D1032C2DD9CDB245EA05250F2C45EA87
:10E85000054536D9A4F1100222F00F0C03F1200E69
:10E86000E6444FEA121C03F1100242E9045542E962
:10E87000025510327245F8D10CF1010214F00C0F60
:10E8800003EB021204F00F0C13D0ACF1040323F0DD
:10E8900003030433134442F8045B9342FBD10CF0AE
:10E8A00003042CB1C9B21C4403F8011B9C42FBD1E8
:10E8B00030BD64461346002CF4D1F9E703461446F4
:10E8C000BFE71A46A446E0E711F0FF01034644D033
:10E8D000820732D110B5046841EA012E4EEA0E4E8D
:10E8E0008EEA0402A2F1013323EA0203A4F1013209
:10E8F00022EA0402134313F0803F0FD150F8044F73
:10E9000084EA0E0CA4F10133ACF1013223EA0403D2
:10E9100022EA0C02134313F0803FEFD0037823B9AF
:10E9200036E010F8013F002B32D09942F9D110BDEA
:10E930008A4211D09A071846CCD0184613F8012BFA
:10E94000002AF5D1104670479907184607D0184697
:10E9500001330278002AF7D170478207F7D10268A5
:10E96000A2F1013323EA020313F0803F08D150F8EB
:10E97000042FA2F1013323EA020313F0803FF6D003
:10E980000378002BE8D010F8013F002BFBD1704733
:10E99000184610BD3AB330B50244144D044605E0A4
:10E9A000BCEB030C1DD1CBB1944218D014F8010B71
:10E9B0002B5C03F00303012B11F8013B15F803E076
:10E9C0000EF0030E844608BF00F1200CBEF1010FCB
:10E9D0001846E5D12033BCEB0300E5D030BD002064
:10E9E00030BD604630BD1046704700BFD1210020C9
:10E9F000002A3ED040EA01039B0730B584462FD160
:10EA0000032A2DD90B4608E0043A8446194625D03E
:10EA10001EF0803F22D1032A22D90468194653F8F8
:10EA2000045BA4F1013EAC4284462EEA040E00F1E0
:10EA30000400E9D09CF800000C78A0421BD1E64607
:10EA400068B11EF8010F11F8014FA2EB0E03A042AE
:10EA500003F1FF330FD11CEB0303F1D1002030BDD4
:10EA60009CF800000C78844205D1012AF6D0E646D5
:10EA7000E6E710467047001B30BD00BF40EA0103C7
:10EA80009B0730B501D1032A0FD8844601F1FF3E20
:10EA900007E01EF8011F03F8011B541EC1B19C467C
:10EAA00022466346002AF4D130BD0B4684461946FF
:10EAB00053F8045BA5F1013424EA050414F0803F07
:10EAC000E4D1043A032A4CF8045B1946EFD8DDE799
:10EAD0009444002CE8D003F8011B6345FBD130BD02
:10EAE00001292DE9F0415BD94FF00108C646002409
:10EAF0004FF0FF35434608E0A3EB05081C464FF0F6
:10EB0000010E04EB0E038B4210D200EB0E0CC75C1F
:10EB10001CF80560B742EFD332D04FF0010825460C
:10EB2000C646444404EB0E038B42EED30127C2F8E1
:10EB30000080BE4600244FF0FF363B4607E09F1B97
:10EB40001C464FF0010E04EB0E038B4210D200EB7B
:10EB5000060C10F803801CF80EC0E045EFD817D063
:10EB600001272646BE463C4404EB0E038B42EED3FF
:10EB70000136681C864201D317603046BDE8F0813B
:10EB8000C6450ABF74440EF1010E4FF0010EB8E7FE
:10EB9000BE450ABF74440EF1010E4FF0010ED2E7DC
:10EBA00001270026E8E700BF2DE9F04F164685B0A3
:10EBB00003AA82468946304619469846FFF790FFD9
:10EBC00003998346024631443046FFF77FFD002813
:10EBD0005CD108F1FF340BF1FF330746344405469E
:10EBE0000193BB455A4638BF3A46904529D9531E32
:10EBF0002A4433445244C6F1010C01E0A34220D020
:10EC000012F8011B0CEB030E13F8010F8842F5D02C
:10EC1000CBF101032B4403EB0E050027A9EB0803FE
:10EC2000AB42DED20AEB090048F4006105F044F87B
:10EC30008144A9EB0803AB42D3D2002005B0BDE864
:10EC4000F08FBB45019B6CD90BEB050206EB0B016A
:10EC5000524402E0BB4217D0034612F8010D11F8EE
:10EC600001CD844503F1010E03F1FF30F2D00137ED
:10EC7000774504D8039F3D44A8EB0707CEE70AEB8E
:10EC8000050005B0BDE8F08FBE46F0E7A8EB0B032A
:10EC90005B4538BF5B46013308F1FF3403933444CE
:10ECA00000250BF1FF37D84526D90BEB0502F319E8
:10ECB0005244C6F1010C01E0A3421DD012F8011B21
:10ECC0000CEB030E13F8010F8842F5D0CBF10103D2
:10ECD0002B4403EB0E05A9EB0803AB42E3D20AEB8E
:10ECE000090048F4006104F0E7FF8144A9EB080340
:10ECF000AB42A2D3D845D8D8BBF1000FBFD00BEBA5
:10ED0000050106EB0B02514401E0B342B7D012F803
:10ED100001CD11F8010D84451346F6D0039B1D4427
:10ED2000D9E7DE46A3E700BF2DE9F04F9246ADF2EA
:10ED30001C4D05AA81460F46504619461D46FFF751
:10ED4000CFFE134683460DF2144243F8045F93420C
:10ED5000FBD1002D00F0DF806C1E06AE0AF1FF3201
:10ED60000AEB0400009612F8011FAB1A013B534452
:10ED7000824246F82130F6D105995A465144504610
:10ED8000FFF7A4FC00286FD10BF1FF330393CBF105
:10ED9000010380460646019309EB060E009A1EF811
:10EDA000043052F82330DBB1B8F1000F03D0059ADC
:10EDB0009A4200D9AB1A1E444FF000087B1B9E42BA
:10EDC000EAD909EB070045F4006104F075FF074438
:10EDD0007B1B9E42E0D900200DF21C4DBDE8F08F58
:10EDE000C3455B4638BF4346A34210D2591EF218B2
:10EDF00051444A4402E00133A34208D212F8010B05
:10EE000011F801CF8445F6D0019A1644D3E7C345E3
:10EE1000039B7ED906EB0B024A440AEB0B010296D8
:10EE200002E0434515D0034612F8010D11F8016DBB
:10EE3000864203F1010C03F1FF30F2D0029E6346DB
:10EE400008F1010898450AD8059B1E44A5EB030864
:10EE5000B4E7434608F101089845029EF4D970468C
:10EE60000DF21C4DBDE8F08FA5EB0B035B4538BFE1
:10EE70005B46013305930BF1FF330193CBF10103A3
:10EE80000026029345F4006809EB0601009A0B5D29
:10EE900052F823306BB11E447B1BB342F4D209EB12
:10EEA0000700414604F008FF07447B1BB342EBD246
:10EEB00091E7A34514D2019B0BEB06020AEB030C6E
:10EEC0004A445B4602E00133A34209D212F8010B27
:10EED0001CF801EF8645F6D0029A16441E44DBE783
:10EEE000BBF1000F10D00BEB060048440AEB0B02FD
:10EEF00001E0534508D012F801ED10F801CDE645C8
:10EF00001346F6D0059BC6E708460DF21C4DBDE83A
:10EF1000F08F5B4694E706AB4FF0FF3400932BE78E
:10EF20002DE9F0410D46097890B00446002954D0EF
:10EF30006A78002A00F08380AB78002B51D0E87803
:10EF40002E68002800F082802B79002B57D02846AD
:10EF500001F018F8064640F40071204604F0ACFEBB
:10EF600086425BD8FE2E00F28680801B2718402246
:10EF7000711C6846FFF756FC7EB16A1E5FFA86FC7C
:10EF8000901912F8013F03F03F0340336B44A91A74
:10EF90006144824203F8401CF3D1013CA35D03F0BD
:10EFA0003F0340336B4413F8403C1C44A74203D258
:10EFB00039E04444A74236D314F806C00CF03F0CA5
:10EFC0000CF140030DEB030C2046324629461CF899
:10EFD000408CFFF77BFB0028EBD1204610B0BDE84A
:10EFE000F081007842EA014200E00C4640EA034327
:10EFF000611C98B19A426078F7D1013CEDE7227824
:10F0000062B131BA01E099421ED042EA03232046A0
:10F0100014F8012F002AF6D1994215D00024204679
:10F0200010B0BDE8F081BB5DB819002BF6D04FF4ED
:10F03000006104F041FE0744BC42AED9EEE710B0D7
:10F04000BDE8F041FFF740BCC41EC6E7120442EA27
:10F05000016242EA03232178024600E02C4641EA9D
:10F060000200651C02020029D8D0B3EB002F6178A2
:10F07000F4D1023CB1E7014633462A46204610B09F
:10F08000BDE8F04150E600BF12491348F8B501F160
:10F09000200500F0B5FE05F1A0062C46A5F12007DD
:10F0A00021463846203400F041FD18B9B442F7D16A
:10F0B0000948F8BD094F084C3946204604F0BAFD0E
:10F0C00029462046203504F0B5FDB542F4D102486A
:10F0D000F8BD00BF789500207CE20020C08C0020A5
:10F0E0002DE9F04F00EB41178FB005460E46104654
:10F0F0003946144600F01AFD18B938460FB0BDE87D
:10F10000F08FB749204600F011FD002800F0C380C1
:10F11000B449204600F00AFD8046002800F0B28085
:10F120002378432B00F0BC80613B192B15D8637802
:10F13000613B192B11D8A378A3F16102192A96BF5C
:10F14000E37804F1020804F103085F2B0AD02E2BA8
:10F1500000F0728213F0BF0F13D0002738460FB0B3
:10F16000BDE8F08F98F80130413B192BF5D898F89D
:10F170000230413B192BF0D898F8033008F103080E
:10F18000E5E70DF118099849484600F039FE98F86E
:10F190000030402B00F03F824FF0000AD046D346AB
:10F1A0009DF81830413B342BD7D801A252F823F0F8
:10F1B000AFCE010057CA010047CE010057CA010077
:10F1C0000BCE010057CA0100DDCD010057CA010076
:10F1D00039CD0100BBCC01008BCC010057CA010026
:10F1E00057CA010057CA010057CA010079CC010073
:10F1F00057CA010057CA010059CC01001DCC0100BB
:10F20000CFCB010057CA010057CA010057CA0100FD
:10F2100057CA010057CA010057CA010057CA010066
:10F2200057CA010057CA010057CA010057CA010056
:10F23000AFCE010057CA010047CE010057CA0100F6
:10F240000BCE010057CA0100DDCD010057CA0100F5
:10F2500039CD0100BBCC01008BCC010057CA0100A5
:10F2600057CA010057CA010057CA010079CC0100F2
:10F2700057CA010057CA010059CC01001DCC01003A
:10F28000CFCB01000DF118095849484600F0B8FDF0
:10F29000C246C34684E75349204600F0B1FD37E734
:10F2A00063782D3B012B3FF658AF04F102080DF1B6
:10F2B00018094146484600F0A3FD40214846FFF7A3
:10F2C00003FB08B100230370484600F05BFE804456
:10F2D0005DE74749484604F083FC30B1454948465C
:10F2E00004F07EFC00287FF438AF4149484600F026
:10F2F00087FD0621404B414A0191022E00F06281B8
:10F30000062E04D1494605F5A57000F079FD384672
:10F31000214600F075FD074638460FB0BDE8F08F76
:10F32000374903224846FFF735FB00287FF415AF25
:10F330009DF81B3033492D2B0CBF07A80DF11B0086
:10F3400000F0F4FB00287FF408AF2F49484600F096
:10F3500057FD01212D4B2E4A0191CEE72D494846FC
:10F3600004F03EFC00287FF4F8AE2A49484600F03D
:10F3700047FD0221284B294A0191BEE7284948460A
:10F3800004F02EFC00287FF4E8AE2649DEE726498B
:10F3900004224846FFF7FEFA00287FF4DEAE9DF80F
:10F3A0001C302D2B08BF9DF81D3003F0DF03522BBE
:10F3B00000F05F81552B7FF4D0AE1C49C6E71C4995
:10F3C000484604F00DFC00287FF4C7AE18494846B3
:10F3D00000F016FD0821174B174A01918DE700BF79
:10F3E000C48C0020CC8C0020D88C0020D08C002035
:10F3F000048D00200C8D0020A1E50100D5F4010052
:10F400008C8D0020908D0020948D002075E50100EA
:10F41000B9F40100288D002071E7010075F50100A5
:10F420007C8D0020848D00204C8D00205C8D002080
:10F43000148D0020C1E8010049F601009B49032218
:10F440004846FFF7A7FA00287FF487AE9DF81B30E7
:10F4500097492D2B0CBF07AB0DF11B030422184657
:10F460000193FFF797FA00287FF477AE019B1A7992
:10F470002D2A14BF181D581D0A2205A9FEF710FEDB
:10F48000421E0F2A3FF669AE0C2801903FF465AE8C
:10F49000059A1278002A7FF460AE8649484600F04B
:10F4A000AFFC019B84480A2BC4BF31228DF8212078
:10F4B00080FB03204FEAE372C2EBA00202EB820260
:10F4C000CCBF0DF122010DF12101A3EB420330333A
:10F4D0000B7000234B700121784B794A01910CE7A6
:10F4E000784908224846FFF755FA00287FF435AEE0
:10F4F0009DF8203074492D2B0CBF0DF1210008A878
:10F5000004F06EFB00287FF428AE70491EE77049B6
:10F5100003224846FFF73EFA00287FF41EAE9DF80E
:10F520001B306C492D2B0CBF07A80DF11B0004F0FC
:10F5300057FB00287FF411AE6749484600F060FC95
:10F540000321664B664A0191D7E69DF8193003F016
:10F55000DF03502B7FF401AE624902224846FFF7D9
:10F560008DFA0A2205A90DF11A00FEF799FD059BF7
:10F570001B78002B7FF4F1ADB0F5697F00F085803A
:10F5800065DC40F26A3398423FF7E7AD40F2513311
:10F59000984254DC40F2E123984205D061DD40F20C
:10F5A000073398427FF4D9AD0121444B444A01917D
:10F5B000A3E64D49484604F013FB00287FF4CDAD87
:10F5C0004949C3E6494605F59570CDE9022300F0A7
:10F5D00017FC029A039B019EC5F8E020C5F8E430B1
:10F5E00085F8286149462846FEF76CFDBAF1000F00
:10F5F0000BD1B8F1000F08D1012E06D09DF818A04C
:10F60000BAF1550A18BF4FF0010ABBF1000F0ED135
:10F61000C5F8E8A07BE608F1010B3449584600F034
:10F6200085FA804638BB82464FF0010BB8E54FF0B3
:10F63000FF33C5F8E8306AE608F1010837E62C4BDD
:10F64000A0F25230C340DB077FF587ADACE740F254
:10F6500065439842A8D0A0F2E24008283FF67DAD6D
:10F66000A2E740F2B51398429ED0B0F5347F9BD00C
:10F6700073E520496AE62049584600F057FA824669
:10F6800040B983464FF001088AE502211B4B1C4A12
:10F69000019132E658461B4900F048FA4FF0000845
:10F6A000B0FA80FA4FEA5A1AC34679E5308D002045
:10F6B000348D00203C8D00206766666675E501008C
:10F6C000B9F40100648D0020708D0020748D00203D
:10F6D000188D00201C8D0020208D002001E80100E5
:10F6E000CDF50100488D0020D08C0020E48C002056
:10F6F000A5110101548D0020F08C002071E701005C
:10F7000075F50100FC8C002038B50D460E49044605
:10F7100001F0A0FA08B1037873B90C4B204653F8F6
:10F72000251001F097FA08B103782BB90849204653
:10F7300001F090FA08B9074838BD0278054B002A55
:10F7400008BF184638BD00BF9C8D0020D422002081
:10F75000A48D0020C49600202DE9F04FDFF804822C
:10F760007D4E83B081468B46924608F1C0073546F0
:10F77000444629462046203400F042FBBC4205F1B5
:10F780002005F6D19AF80030ABBBBBF1000F40F07A
:10F7900086804546012421464846FFF7B5FF019083
:10F7A00000F0F0FB03461F2B2846019904F10104E9
:10F7B00005F120056CD800F023FB072CEBD1DFF816
:10F7C000A8A1DFF89CB1474655460124314628469A
:10F7D00000F016FB3A4621465846FFF781FC2035DB
:10F7E0002036203700286BD00134072CEED103B02F
:10F7F000BDE8F04F48E4BBF1000F35D12F21504652
:10F80000FFF762F80446002800F0898042782F2A2A
:10F8100008BF431C04D11C4613F8012F2F2AFAD02D
:10F82000B2B3C3460125A4EB0A021F2A30DC013221
:10F830005146584604F01EFA23782F2B05F1010596
:10F8400003D114F8013F2F2BFBD0002B75D022469B
:10F8500012F8013F0BB12F2BFAD1072D0BF1200B22
:10F86000ADD0A2461446DEE7504600F08BFB1F28C1
:10F870000ED83A4C04EB4B145146204600F0C0FA27
:10F8800037482246594603B0BDE8F04FFFF728BC81
:10F8900016230020C9F8003003B0BDE8F08F5946A8
:10F8A0004846FFF731FF054600F06CFB1F28EFD8F4
:10F8B0002A4C04EB4B142946204600F0A1FADFE75E
:10F8C000012CD9F8007024D0254EDFF8A0B0012516
:10F8D00004E00135A54208F120081AD051464046FF
:10F8E00000F08EFA4246294630460AF1200AFFF718
:10F8F000F7FB0028EDD15946404600F081FA424618
:10F90000294630460135FFF7EBFBA54208F12008F8
:10F91000E4D10020C9F8007003B0BDE8F08F504674
:10F9200000F030FB1F28B3D844462046514620340F
:10F9300000F066FABC42F8D141E7072D3FF43FAF33
:10F94000064C04EB4514A4F120012046203400F0BD
:10F9500057FABC42F7D132E77895002064E30020E3
:10F960005895002084E3002064E40020CC8C002023
:10F97000062904D810B432B15DF8044BECE6162326
:10F9800003600020704729B104485DF8044B00EB88
:10F99000411070475DF8044BFFF776BB5895002087
:10F9A000014B93F82801704758950020094B062811
:10F9B0001B680A4603D831B101461846CCE6162228
:10F9C0001A600020704718B1034B03EB40107047DA
:10F9D000FFF75ABB109000205895002038B5074D0E
:10F9E0000022044608462A60FAF7E6F8431C00D0D5
:10F9F00038BD2B68002BFBD0236038BD28E50020E4
:10FA000038B50C46084D8446114620461A46002358
:10FA10002B606446FAF7DCF8431C00D038BD2B6835
:10FA2000002BFBD0236038BD28E5002038B50C46FC
:10FA3000084D8446114620461A4600232B60644632
:10FA4000FAF7B8F8431C00D038BD2B68002BFBD068
:10FA5000236038BD28E5002038B5074D0022044654
:10FA600008462A60FAF78CF8431C00D038BD2B6892
:10FA7000002BFBD0236038BD28E5002038B50C46AC
:10FA8000084D8446114620461A4600232B606446E2
:10FA9000F8F708FF431C00D038BD2B68002BFBD0C3
:10FAA000236038BD28E50020014B1868704700BF6F
:10FAB0001090002070B50D4E0D4D761BB61006D07F
:10FAC000002455F8043B01349847A642F9D1094E69
:10FAD000094D761B07F036FDB61006D0002455F808
:10FAE000043B01349847A642F9D170BD0020006064
:10FAF000002000606020006000200060704700BFB0
:10FB0000704700BF704700BF704700BF704700BF1D
:10FB1000704700BF0120704701207047704700BF49
:10FB2000704700BFA2EB0300704700BF02780B785C
:10FB3000012A28BF9A42F5D16DE9044540EA010443
:10FB4000CDE902676FF0000C4FEA447212B380EA0D
:10FB5000010414F0070F6AD100F0070420F0070039
:10FB600004F0030521F007014FEAC505F0E804237E
:10FB700014F0040FF1E804670CFA05F462EA0402D9
:10FB800066EA04060AD063EA0403624667EA0407E9
:10FB9000664603E0F0E80423F1E8046782FA4CF5D6
:10FBA00082EA0604A4FA8CF46CBB83FA4CF583EA6F
:10FBB0000705A5FA8CF595B950E9022351E90267CA
:10FBC00082FA4CF582EA0604A4FA8CF483FA4CF526
:10FBD00083EA0705A5FA8CF52543DBD09CB92DBA3D
:10FBE000B5FA85F424F0070427FA04F1DDE9026789
:10FBF00023FA04F303F0FF0001F0FF01FDE80445E0
:10FC0000A0EB0100704724BAB4FA84F424F007048E
:10FC100026FA04F1DDE9026722FA04F202F0FF009D
:10FC200001F0FF01FDE80445A0EB0100704714F06E
:10FC3000030F3CD110F0030428D150F8082B51F8E1
:10FC4000083B82FA4CF582EA0305A5FA8CF55DB90A
:10FC500050F8042C51F8043C82FA4CF582EA030572
:10FC6000A5FA8CF5002DE8D02DBAB5FA85F424F06C
:10FC7000070423FA04F122FA04F202F0FF0001F073
:10FC8000FF01FDE80445A0EB010070474FEAC40402
:10FC900020F0030050F8082B21F0030151F8083B35
:10FCA0000CFA04F462EA040263EA0403C9E710F000
:10FCB00003041AD0A1EB040120F00300E40750F87C
:10FCC000042B06D00FD28B785FFAA2F4E41A06D187
:10FCD0002BB1CB785FFAB2F4E41A00D11BB92046FD
:10FCE0005DF8104B704701F1040150F8042BCC076C
:10FCF00021F0030151F8043B48D824D222F07F447C
:10FD000082FA4CF594EA1325A5FA8CF50AD165B967
:10FD100051F8043B84EA0204B4EB036F0ED150F8AF
:10FD2000042BEBE74FEA132355E035F07F454DD127
:10FD30000878FDE80445C0F1000070474FEA126200
:10FD400003F0FF0347E002EA1C4482FA4CF594EA10
:10FD50001345A5FA8CF50AD165B951F8043B84EA3C
:10FD60000204B4EB034F0CD150F8042BEBE74FEA3D
:10FD7000134330E015EA1C4528D10B884FEA1242A4
:10FD800029E04FEA124203EA1C4324E002F0FF0498
:10FD900082FA4CF594EA1365A5FA8CF50AD165B997
:10FDA00051F8043B84EA0204B4EB032F09D150F864
:10FDB000042BEBE74FEA13630DE015F0FF0F05D1BD
:10FDC0000B684FEA122223F07F4304E04FF000005B
:10FDD000FDE80445704712BA1BBA82FA4CF482EA75
:10FDE0000304A4FA8CF5B5FA85F402FA04F203FAD6
:10FDF00004F34FEA1260FDE80445A0EB136070477E
:10FE000080EA0102844612F0030F4FD111F0030F74
:10FE100032D14DF8044D11F0040F51F8043B0BD0D2
:10FE2000A3F101329A4312F0803F04BF4CF8043B27
:10FE300051F8043B16D100BF51F8044BA3F1013235
:10FE40009A4312F0803FA4F101320BD14CF8043BED
:10FE5000A24312F0803F04BF51F8043B4CF8044B1E
:10FE6000EAD023460CF8013B13F0FF0F4FEA33238F
:10FE7000F8D15DF8044B704711F0010F06D011F86E
:10FE8000012B0CF8012B002A08BF704711F0020F5C
:10FE9000BFD031F8022B12F0FF0F16BF2CF8022B47
:10FEA0008CF8002012F47F4FB3D1704711F8012B6A
:10FEB0000CF8012B002AF9D1704700BF00000000A8
:10FEC0000000000001F0FF01102A2BDB10F0070FEB
:10FED00008D010F8013B013A8B422DD010F0070FEB
:10FEE00042B3F6D1F0B441EA012141EA014122F0E6
:10FEF00007047FF000070023F0E80256083C85EA7B
:10FF0000010586EA010685FA47F5A3FA87F586FA20
:10FF100047F6A5FA87F68EB9EED1F0BC01F0FF01E5
:10FF200002F0070232B110F8013B013A83EA010303
:10FF300013B1F8D10020704701387047002D06BF7B
:10FF400035460338073815F0010F07D1013015F495
:10FF5000807F02BF013015F4C03F0130F0BC013892
:10FF6000704700BF0000000000000000000000001B
:10FF70000000000000000000000000000000000081
:10FF80000000000090F800F06DE9024520F0070144
:10FF90006FF0000C10F0070491F820F040F0498059
:10FFA0004FF000046FF00700D1E9002391F840F012
:10FFB00000F1080082FA4CF2A4FA8CF283FA4CF3B6
:10FFC000A2FA8CF34BBBD1E9022382FA4CF200F186
:10FFD0000800A4FA8CF283FA4CF3A2FA8CF3E3B98A
:10FFE000D1E9042382FA4CF200F10800A4FA8CF261
:10FFF00083FA4CF3A2FA8CF37BB9D1E9062301F121
:02000004600298
:10000000200182FA4CF200F10800A4FA8CF283FA83
:100010004CF3A2FA8CF3002BC6D0002A04BF0430A4
:100020001A4612BAB2FA82F2FDE8024500EBD2009B
:100030007047D1E9002304F00305C4F100004FEA42
:10004000C50514F0040F91F840F00CFA05F562EACA
:1000500005021CBF63EA050362464FF00004A9E7EE
:10006000000000009FED010B704700BF0000000082
:100070000000F87F9FED010A704700BF0000C07FBD
:100080002DE9F047DFF87CA00646DAF80000984634
:100090000F469146FFF73CFD184B1C6824B365687A
:1000A0001F2D24DC5EB96B1C0235DAF8000063609A
:1000B00044F82570FFF734FD0020BDE8F08704EB1D
:1000C00085010123C1F88890D4F88821AB401A43F8
:1000D000022EC4F88821C1F80881E4D1D4F88C211B
:1000E0001A43C4F88C21DEE7054C1C60D7E7DAF828
:1000F0000000FFF715FD4FF0FF30DEE7DCE60020E3
:100100004CE50020E4960020F8B5244F0C46064646
:10011000FCF72CFDBB685D68C4F57E610F3125F0EE
:1001200003054B1923F47F6323F00F03A3F58054D9
:10013000B4F5805F07DB00213046FFF78DFCBB681C
:100140002B44984204D03046FCF716FD0020F8BD41
:1001500061423046FFF780FC01300DD0104ABB6889
:100160002D1B45F001055D60136830461B1B1360B5
:10017000FCF702FD0120F8BD00213046FFF76CFCC2
:10018000BA68831A0F2BDEDD43F001035360054B81
:1001900003491B68C01A0860D5E700BF3C910020E6
:1001A00010E1002044950020002961D0F8B50C46EC
:1001B0000646FCF7DBFC54F8042C7B4FA4F1080541
:1001C00022F0010105EB010CB868DCF80430604551
:1001D00023F0030300F08B80D207CCF8043032D434
:1001E00054F8082CAD1A1144AA6807F1080082429D
:1001F0006AD00CEB0304D4F804E0EC68D4601EF081
:10020000010FA26000F0978041F001036B60CCF811
:100210000010B1F5007F35D27868CB08012249097A
:1002200001338A40024357F833107A6007EBC30268
:10023000083AC5E9021247F83350CD603046BDE8B0
:10024000F840FCF799BC0CEB03025268D00710D4BD
:10025000194407F10800DCF80830834273D0DCF859
:100260000C20DA60936041F001036B606950D0E7C5
:10027000704741F00103B1F5007F44F8043CCCF82D
:100280000010C9D3B1F5206F4FEA512348D28B0932
:1002900003F1390003F13802C300F818FB5808389D
:1002A000984259D05A6822F003028A4202D99B68C8
:1002B0009842F7D1D868C5E902308560DD603046E4
:1002C000BDE8F840FCF758BC0CEB03025268D207BB
:1002D00063D40B44DCE90212CA60916043F001026E
:1002E0006A603046EB50BDE8F840FCF745BC0B4473
:1002F000D10707D454F8082CAD1A1344D5E90212DB
:10030000CA60916043F001026A60284ABD601268C9
:100310009A4293D8264B30461968FFF7F5FE8DE7D1
:10032000142B0AD9542B1FD80B0B03F16F0003F1C8
:100330006E02C300B1E719448DE703F15C0003F1DD
:100340005B02C300A9E741F00103C7E90455C5E911
:1003500002006B60695071E779689210012404FA19
:1003600002F20A437A60A6E7B3F5AA7F06D8CB0B60
:1003700003F1780003F17702C3008EE740F2545294
:10038000934206D88B0C03F17D0003F17C02C3007D
:1003900083E74FF47E737E227FE741F001036B60B9
:1003A000CCF800104AE700BF3C910020489500209F
:1003B0000CE100202DE9F0410469B4EB611F2FDD51
:1003C00000F1140E4E1111F01F0C0EEB84050EEB14
:1003D00086032BD05EF8261004339D4221FA0CF1DF
:1003E000CCF1200818D977461A6802FA08F20A43B5
:1003F00047F8042B53F8041B9D4221FA0CF1F3D863
:10040000A31B9B00053B9B0801330EEB83044EF8B6
:100410002310C9B1043417E0416174460029F9D1B1
:100420000023036100234361BDE8F0819D4288BF42
:1004300000F11002F4D953F8041B42F8041F9D4246
:10044000F9D8A41B0EEB8404A4EB0E039B10744597
:100450000361E7D0BDE8F0812DE9F04F2DED028B6F
:100460000C688B46A17885B0302908EE100A9246B8
:10047000029340F0CE816FF00100001BE21C831854
:10048000144612F8011B3029F9D0DFF8008318F860
:100490000120002A00F0E5802278002718F80220C9
:1004A0003D4626462AB116F8012F18F80220002AE8
:1004B000F9D1B549019301223046FEF799FA019B23
:1004C000814600284DD0002D4ED13278A94602F049
:1004D000DF02502A354650D0CBF80060002F69D19A
:1004E0002B1B013B072B394604DD5B10072B01F169
:1004F0000101FADC18EE100A00F008FE834600281D
:1005000000F0668200F11406AC42019680F0D281C0
:100510000027CDF80C909C49A1463C460CE0202FCA
:1005200019D0384604372A7818F8022002F00F0252
:10053000824014434D4547D015F8012D2E2AEED1A7
:100540004D45ECD301222846FEF752FA8E49002889
:10055000F0D0202FE5D1002046F8044B04270446B4
:10056000E1E7002D00F04281327802F0DF02AD1B9E
:10057000502A4FEA85093546AED16A782B2A00F019
:1005800025812D2A00F0A5806E1C002018F802108D
:100590004A1E182A00F29B80727818F8022010393F
:1005A0000136002A5AD100B149428944CBF8006093
:1005B000002F95D0002B14BF00250625284605B036
:1005C000BDEC028BBDE8F08FDDF80C90234646F8B9
:1005D000043B1846019BF61AB610CBF8106000F0E9
:1005E0006FFE7601DAF80040301AA04275DCC0F2E6
:1005F000EF800027DAF808304B45C0F25181DAF875
:1006000004304B454ADDA3EB09094C4500F38280D9
:10061000DAF80C20022A00F06581032A00F08181BB
:10062000012A00F06F8118EE100A594600F094FD7F
:100630005025109A00232846136005B0BDEC028BAC
:10064000BDE8F08F01EB810102EB4102A2F1100144
:1006500016F8012F18F80220002AA4D0192AF1DD7B
:10066000A1E74949019301222046FEF7C1F9019B08
:1006700000286DD1617818F80120651C002A69D026
:1006800030292C4605D114F8013F302BFBD018F847
:100690000320B2FA82F77F09012302E7012557B14F
:1006A000DAF80C30022B5DD0032B5FD0012B00F069
:1006B000848045F01005109BC3F800B0029B2846CB
:1006C000C3F8009005B0BDEC028BBDE8F08F2E465C
:1006D00002E70120AA78AE1C58E7061B31465846AF
:1006E00001F030FA074678B1721E531101990127C3
:1006F00051F8231002F01F0307FA03F30B4203D053
:10070000BA4200F3E280022731465846B144FFF76F
:1007100051FE6FE709F1FF35002F40F0CE80002D2C
:1007200040F0CD806B11019A05F01F0552F823208F
:100730000123AB4013424946584618BF47F0020711
:10074000A4EB0904FFF736FE0225DAF80490A6E7C9
:100750002178254601F0DF01502900F0BF80CBF859
:10076000005027E7119BC3F101031193119B002B4C
:100770009FD0DBF81070DDF80480BA004346019288
:1007800008EB8700002107E0AC8C00205C240020EF
:10079000984243F8041C3FD91E4653F8042BB2F18B
:1007A000FF3FF5D00132022D326000F0BF8014F01F
:1007B0001F0440F0E78021257DE7BA077FF579AF78
:1007C000019B1B681F43FB07D3D472E7002081E71E
:1007D000221A594618EE100AA9EB020900F0FCFE95
:1007E00000F1140383460193002703E7727818F899
:1007F0000200711C002800F0A0800D4611F8012FA6
:1008000018F802000028F8D1751B4FEA85090E463A
:100810005DE60234002338E6DBF808309F4280F2C0
:100820008E803B460BEB830201210133022DCBF876
:10083000103051617AD09F42B9DA002B40F39B808F
:10084000DBF8142008EB83030BF1180083424FEA16
:10085000520240F2B1804446016842EAC17244F853
:10086000042B50F8042B83424FEA5202F4D8A3EB36
:100870000B03193B9B08013348F8232008EB830343
:10088000002A40F09D80A3EB080292104345CBF86C
:10089000102073D0DAF8083009F101094B458ADAE3
:1008A00018EE100A594600F057FC109A0023136006
:1008B000A32583E6019E002389E6012732E7294626
:1008C000584601F03FF907462CE7B11E584601F0A3
:1008D00039F900283FF417AF032715E74FF0000957
:1008E00001274AE6119A002A7FF49DAE02990B6017
:1008F000019B0122CBF810201A60109B6225C3F8DF
:1009000000B05BE64C457FF48EAE012CEED0611E4C
:10091000584601F017F900283FF485AEDAF80430A4
:10092000E4E7119A002A3FF47EAEDFE7DAF8003000
:10093000013BA34234D02225BDE60E46C7E5DBF8D5
:10094000041018EE100A013100F0E0FB0646C8B3AF
:10095000DBF8103002339A000BF10C010C30F8F781
:1009600007FD594618EE100A00F0F6FB06F11408D0
:100970003369B34656E70023CBF810300023CBF899
:10098000143087E7019B4344C4F1200453F8040C5E
:1009900000F096FCA042BFF60EAFDBF810304CE73B
:1009A000631104F01F0458F823200123A3401342CD
:1009B0000CBF222521257EE6C8F8002043466AB1F7
:1009C000043360E7074B08483246842103F0CEF930
:1009D000044B05485A46E42103F0C8F9CBF810202F
:1009E000CCE700BFF08D0020048E002010B4046816
:1009F00009E014F8013FA3F1410CBCF1190F98BFB5
:100A00002033934209D111F8012B002AF1D101348E
:100A1000046001205DF8044B704700205DF8044B32
:100A2000704700BF2DE9F04F096885B04B1111F0F8
:100A30001F01029002EB8303039140F08F801D1F82
:100A40000193029B01991C68002341F8043C6178E2
:100A50000134002900F09880DFF87491A846AC4674
:100A60009A461E460EE0202900F28C80564506DD8F
:100A7000C44501D2072B5BDD624551D3082314F82E
:100A8000011FA1B119F801000028ECD00133082B97
:100A900006F101063ADCDCF80010090100F00F0055
:100AA0000843CCF8000014F8011F0029EAD1002EF9
:100AB0006AD0C44501D2072B74DD624552D2111FA2
:100AC000634653F8040B41F8040FAB42F9D9A5EB88
:100AD0000C0323F00303691C04330CF1010C614582
:100AE00038BF04231344002143F8041BAB42FBD955
:100AF000019B53F8043C2BB9AA4249D055F8043D58
:100B0000002BF9D0052005B0BDE8F08F6245B6D2C4
:100B100000234CF8043C1946ACF1040C0123BDE75A
:100B20000023ACF104084CF8043CB246C446A6E7E6
:100B3000C3F10801DCF800308900C1F1200E6046E5
:100B40009B46476807FA0EF343EA0B0327FA01FBBB
:100B5000036040F804BF4045F3D38DE7191D0191B0
:100B60001D466EE7039B002BC2D0039B0198C3F187
:100B700020014FF0FF33CB4050F8041C0B4040F8ED
:100B8000043CB8E7292909D0042005B0BDE8F08F5E
:100B9000012305202B6005B0BDE8F08F02990134D8
:100BA0000C6084E7DCF80010C3F108039B00C3F17C
:100BB000200764460846666806FA07F1014326FAEC
:100BC00003F0216044F8040F4445F4D375E700BFF7
:100BD0005C2400202DE9F047DFF874800646894642
:100BE000174603F0F5FFD8F8005055B199F80030DA
:100BF0001C4673B14C4602E014F8013F3BB13D2B5B
:100C0000FAD1304603F0EAFF0020BDE8F087A4EBFC
:100C1000090428680028F4D022464946FDF7E8FE7A
:100C200028B92B681A5D3D2A03EB040A04D055F855
:100C3000040F0028F0D1E4E7D8F80030EB1A9B103D
:100C400030463B6003F0CAFF0AF10100BDE8F087BF
:100C5000E896002000B583B001AAFFF7BBFF03B000
:100C60005DF804FB10B4034CD4F8E440A4465DF8EE
:100C7000044B60475895002082B049B15AB16BB11E
:100C800013780B601278101E18BF012002B0704755
:100C900001A9002AF3D1104602B070476FF001009D
:100CA000F4E700BFF0B583B08646089D002938D030
:100CB000002A39D0002B00F0C5802C6844BB107886
:100CC0004FF0010C48B37F2856DDA0F1C0061F2E5F
:100CD0002DD8287124B90124A3422C6000F0B280E1
:100CE00012F80C20A2F180033F2B0CF1010C00F252
:100CF0009F80C12840F39C80830103F4F86302F0D5
:100D00003F021343604600222A600B6003B0F0BD2F
:100D100028794FF0000C0028D5D10860286003B076
:100D2000F0BD01A9002AC5D1104603B0F0BDA0F165
:100D3000E0060F2E26D82871002C63D05F1C18BF48
:100D40000133012C62D06E79E0286FD0A6F18007C4
:100D50003F2F6DD8012C6E7170D012F80C20A2F1CB
:100D600080033F2B0CF1010C62D80303B6019BB248
:100D700006F47C663343C2E700232B600860012041
:100D800003B0F0BDA0F1F006042E51D82871002C5C
:100D900042D05E1C18BF0133012C41D06E79F0287F
:100DA00053D0F42801D18F2E42DCA6F180073F2FCB
:100DB0003ED8012C6E714BD05C1C2C6818BF0133DF
:100DC000022C49D0AC79A4F180033F2B30D812F823
:100DD0000C20A2F180033F2B0CF1010C28D88304D6
:100DE000360303F4E01306F47C36A401334304F421
:100DF0007C6402F03F022343134300220B606046F1
:100E00002A608CE70124A3422C601BD012F80C60EE
:100E100001240CF1010C97E70124A3422C6011D0AE
:100E200012F80C6001240CF1010CB8E79F2E8DDC48
:100E30008A23CEF800304FF0FF3070E70224A3423F
:100E40002C608AD16FF0010069E78F2EADDCEFE7EF
:100E50000224A3422C60F5D012F80C40A4F18007C4
:100E60003F2F0CF1010CE3D80327BB42AC712F607C
:100E7000ADD1E7E730B482B08446049D002930D07C
:100E8000002A31D0002B39D02868147848B10128C5
:100E900016D00C601078003818BF012002B030BCAA
:100EA0007047A4F181001E2803D9A4F1E0000F28A7
:100EB000EFD8012083422C7128601FD05478022083
:100EC000A4F140033E2B03D9A4F180037C2B0FD85F
:100ED0002B7904EB032400230C602B6002B030BCA0
:100EE000704701A9002ACDD1104602B030BC70472E
:100EF0008A23CCF800304FF0FF30CFE76FF00100CD
:100F0000CCE700BF30B583B08646069D002940D0AF
:100F1000002A41D0002B4BD014782868A44650B149
:100F2000012818D0022841D00C601078003818BF72
:100F3000012003B030BDA4F18E00012803D9A4F133
:100F4000A1005D28F0D8012083422C7128602FD0A9
:100F500092F801C00220ACF1A1045D2C2BD82C79B1
:100F60008F2C1CD10224984285F805C02C601FD21A
:100F700012F800C00130ACF1A1035D2B1BD86B79D6
:100F80000CF07F0C0CEB032300220B602A6003B0F3
:100F900030BD01A9002ABDD1104603B030BD0CEB15
:100FA000042400220C602A6003B030BD0120E2E777
:100FB0006FF00100BDE78A23CEF800304FF0FF301C
:100FC000B7E700BF2DE9F04782B00A9F89B39AB313
:100FD000002B00F091809646F1461EF8016B3C789C
:100FE000DFF824810125002E50D0A6F11B0C5FFAFA
:100FF0008CFABAF12F0F24D8BCF12F0F21D8DFE8DB
:101000000CF071202020202020202074202020653A
:1010100020202020202020202020202020202020D0
:101020002020202020202068206B2020202020202D
:10103000206E01A9002ACBD101203A6002B0BDE8A0
:10104000F087A6F1210CBCF15E0F34BF4FF0070C06
:101050004FF0080C04EBC404444404EB0C0A14F8ED
:101060000C409AF848C0BCF1050F48D8DFE80CF0F6
:101070001F03131104273E71AB4205F1010637D956
:101080003546F1461EF8016B002EAED14FF0060C2E
:10109000E0E77246F0E701233B603A7999F80030C7
:1010A00003EB022328460B6002B0BDE8F087002363
:1010B0003B6013780B60284602B0BDE8F087002340
:1010C00018463B600B6002B0BDE8F0874FF0020CA1
:1010D000C0E74FF0030CBDE74FF0040CBAE74FF048
:1010E000050CB7E74FF0000CB4E74FF0010CB1E787
:1010F0003C606FF00100D7E76FF00100D4E78A236E
:1011000003604FF0FF30CFE75C250020436C70B5E3
:1011100005460C464BB153F8240080B1026843F8F1
:1011200024200023C0E9033370BD21220421FBF7F2
:1011300027FA034668640028EDD1002070BD012124
:1011400001FA04F6721D92002846FBF719FA0028EE
:10115000F3D0C0E90146E4E731B1436C4A6853F883
:101160002200086043F82210704700BF2DE9F041CB
:101170000E6980460F461D4601F1140E0020DEF870
:1011800000108CB202FB0453090C4FEA134C02FB13
:1011900001CC01309CB204EB0C4486424EF8044B67
:1011A0004FEA1C45EBDC3DB1BB68B34207DD07EB02
:1011B000860301365D613E613846BDE8F08179689D
:1011C00040460131FFF7A2FF0446B0B13A6902324E
:1011D00007F10C0192000C30F8F7CAF8D8F8443047
:1011E0007A6853F82210396043F82270274607EBDB
:1011F000860301365D613E61DEE7034B034822460C
:10120000BA2102F0B3FD00BFF08D00205C8E0020FB
:101210002DE9F8431746274A1E4608330C46092E87
:1012200082FB03124FEAE3730546C3EB620339DD29
:101230004FF0010C00214FEA4C0C634501F1010114
:10124000F9DC2846FFF762FF014668B3089B43615B
:10125000092F4FF00103036112DC0A340927BE4253
:101260000BDDF21BA61814F8013B0A22303B28467E
:10127000FFF77CFFA6420146F5D10846BDE8F8839A
:1012800004F10909C8463C4418F8013B0A22303BE6
:101290002846FFF76BFFA0450146F5D1A7F10804EA
:1012A0004C44DCE70021CCE70A46034B0348D3213A
:1012B00002F05CFD398EE338F08D00205C8E00205A
:1012C000030C1B04D3B90004102310F07F4F04BF9C
:1012D0000002083310F0704F04BF0001043310F017
:1012E000404F04BF80000233002805DB10F0804F20
:1012F00003F1010308BF2023184670470023E4E7E9
:10130000036813F0070208D0D9071FD49A0722D523
:101310005B08036001221046704799B209B91B0CA3
:101320001022D9B209B908321B0A190704BF1B09D8
:101330000432990704BF9B080232D90703D45B0823
:1013400002F1010205D003601046704700221046EA
:1013500070472022DFE79B08022203601046704797
:1013600038B5436C04460D464BB15868B0B10268BD
:101370005A6000220123C0E90435C26038BD212231
:101380000421FBF7FDF8034660640028EDD1094B0A
:101390000948002240F2451102F0E8FC1C2201211C
:1013A0002046FBF7EDF80028F1D001220223C0E926
:1013B0000123DEE7F08D00205C8E00202DE9F04F48
:1013C0000E691569AE4285B08846144605DB2A468B
:1013D000234635460C4616469846A3686168AF1901
:1013E000BB42B8BF0131FFF791FE0190002800F029
:1013F0008780019B03F1140909EB870AD14505D2C7
:101400004B46002243F8042B9A45FBD808F11408F8
:1014100008EB860B04F11403D8451A4603EB850547
:101420005FD22B1B153B23F0030304331534A54275
:1014300038BF0423CDE902A7AC461F46924605E01B
:10144000090C29D1C34509F1040948D958F8041BEE
:101450008DB2002DF4D056464C46002356F8041B9E
:1014600022681FFA81FE90B2090C05FB0E00120CD7
:10147000034405FB012202EB13429BB243EA024301
:10148000B44544F8043B4FEA1243E7D849F8073023
:1014900058F8041C090CD5D0D9F8003050461A462B
:1014A0004C4600260588120C01FB052216449BB20F
:1014B00043EA064344F8043B50F8045B22682D0CD1
:1014C00093B201FB053303EB164384454FEA134601
:1014D000E8D8C34549F8073009F10409B6D8DDE971
:1014E00002A7002F02DC05E0013F03D05AF8043DBB
:1014F000002BF9D0019B18461F6105B0BDE8F08FA5
:10150000034B0448019A4FF4B17102F02FFC00BF65
:10151000F08D00205C8E002012F003032DE9F041D5
:101520001446064632D10D46A41020D0D6F840808D
:10153000B8F1000F33D0E3074FF0000707D4641071
:1015400015D0D8F80000A8B18046E307F7D5424689
:1015500029463046FFF732FFB5B16968736C6410F5
:1015600053F821202A6043F821500546E9D1284646
:10157000BDE8F081424641463046FFF71FFFC8F8FC
:10158000000007608046E0E70546D8E7013B0F4AC8
:1015900052F823200023FFF7E9FD0546C4E70121A7
:1015A0003046FFF7B3FD804640B1012340F271227F
:1015B000C0E90432002330640360BCE7044B0548F3
:1015C000424640F2451102F0D1FB00BFC81C00208A
:1015D000F08D00205C8E00202DE9F0470D4614466A
:1015E0002F69AB68496807EB62177E1C9E428046F4
:1015F0004FEA621904DD5B009E4201F10101FADC51
:101600004046FFF783FD8446002852D0B9F1000F11
:1016100000F114020EDD09F105014FEA810E1346B7
:1016200000EB8101002043F8040B8B42FBD1AEF1AB
:1016300014031A44296905F1140314F01F0E03EB77
:1016400081012ED0CEF1200910464FF0000A1C680F
:1016500004FA0EF444EA0A0440F8044B53F8044B2D
:10166000994224FA09FAF2D84B1B153B23F00303E5
:10167000043305F11500814238BF0423BAF1000F8D
:1016800018BF374642F803A0D8F844306A68CCF84F
:10169000107053F822102960604643F82250BDE8CC
:1016A000F087043A53F8040B42F8040F9942F9D832
:1016B000EAE7034B034862464FF4EF7102F056FB32
:1016C000F08D00205C8E00200B6984460069C01AF2
:1016D00016D10CF1140C14310CEB830210B401EB95
:1016E000830301E0944508D252F8044D53F8041DD9
:1016F0008C42F7D005D24FF0FF305DF8044B7047B5
:10170000704701205DF8044B704700BF2DE9F84F8A
:101710000F691369FF1A002F0E4690467FD101F121
:101720001405143202EB830205EB830301E09D42B2
:1017300078D253F8041D52F8044DA142F7D069D372
:101740007168FFF7E3FC8146002877D03569D8F847
:101750001020C76008F1140E06F1140009F1140AF4
:1017600006F110010EEB820200EB850756464FF0A2
:10177000000C5EF8044B51F804BFA3B21CFA8BFCBA
:10178000ACEB03034FEA144CCCEB1B4C0CEB234C9F
:101790009BB243EA0C43724546F8043B4FEA2C4C9B
:1017A000E7D8A2EB0801153908F11508424521F0E8
:1017B000030404F1040438BF0424204421F003028C
:1017C00038BF002287425244544418D92646014665
:1017D00051F8043B1CFA83FC4FEA2C4202EB134203
:1017E0001FFA8CFC4CEA02438F4246F8043B4FEA56
:1017F000224CEDD8013F3F1A27F00307E21923B925
:1018000052F8043D013D002BFAD0C9F8105048466B
:10181000BDE8F88F334601274646984690E7F9DB46
:1018200000278DE70021FFF771FC814668B1012296
:101830000023C9E904234846BDE8F88F064B074852
:101840004A4640F2452102F091FA034B03484A46CA
:1018500040F2372102F08AFAF08D00205C8E0020E1
:1018600082B08DED000B164B019A1340A3F150731B
:10187000002B06DD00221946104641EC100B02B089
:1018800070475B42B3F1A07F4FEA235209DA4FF46D
:101890000023134100221946104641EC100B02B000
:1018A0007047A2F114031E2BDABF4FF00042DA405A
:1018B000012200231946104641EC100B02B070477C
:1018C0000000F07FF8B5046900F1140606EB84040B
:1018D000271F54F8045C2846FFF7F2FCC0F12003F0
:1018E0000A280B601BDDBE420BD20B3854F8081CD3
:1018F0002ED145F07F5343F440130A4643EC102B9E
:10190000F8BDB0F10B01F4D005FA01F141F07F53BD
:10191000002143F440130A4643EC102BF8BDC0F1FC
:101920000B0C25FA0CF1BE4241F07F5338BF54F83E
:10193000081C00F1150034BF21FA0CF1002105FA52
:1019400000F0014343F440130A4643EC102BF8BD6A
:10195000C0F1200C854021FA0CF345EA0307A4F1FD
:101960000805AE4201FA00F13CBF54F80C0C20FA15
:101970000CF047F07F5338BF014343F440130A464D
:1019800043EC102BF8BD00BF2DE9F043884683B02F
:10199000012157EC106B1546FFF7B8FB04460028F1
:1019A00051D0C7F30A59C7F31303B9F1000F01D09F
:1019B00043F48013002E019318D101A8FFF7A0FC77
:1019C000019A6261012200F120032261B9F1000F46
:1019D00025D0A9F2334909EB03022046C3F13503B0
:1019E000C8F800202B6003B0BDE8F083684600967D
:1019F000FFF786FC034610B3DDE90002C3F12001C6
:101A000002FA01F10143DA4061610192002AA26108
:101A100014BF022201222261B9F1000FD9D1A3F231
:101A20003243C8F8003004EB82031869FFF748FC22
:101A3000C0EB421320462B6003B0BDE8F083009A50
:101A40006261019AE2E7034B0348224640F20F31FC
:101A500002F08CF9F08D00205C8E0020F0B583B090
:101A60000E4669460746FFF72DFF01A9304655ECA3
:101A7000104BB0EE407BFFF725FF33693A69D21A6D
:101A8000DDE900315B1A03EB4213002B09DD17EE91
:101A9000902A02EB035545EC174B87EE000B03B081
:101AA000F0BD10EE902A51EC100BC3EB033302EBA8
:101AB000035141EC100B87EE000B03B0F0BD00BFEB
:101AC000172808DDB7EE000BB2EE047B013820EEDC
:101AD000070BFBD17047034B03EBC00393ED040BE3
:101AE000704700BFC81C00200139491101F1010CE9
:101AF000116902F1140303EB81018B4200EB8C0CA2
:101B000017D210B5A0F1040E53F8044B4EF8044F51
:101B10009942F9D88A1AA2F1150323F0030304337A
:101B20001844844504D9002340F8043B8445FBD87D
:101B300010BD844505D9002340F8043B8445FBD8FB
:101B40007047704703694A11934200F1140009DAA3
:101B500000EB830302E053F8042DC2B98342FAD8A4
:101B60000020704710DD11F01F010DD010B450F8A7
:101B7000224000EB820324FA01F28A4094420CD006
:101B800001205DF8044B704700EB8203E6E701207B
:101B9000704753F8042D002AF2D18342F9D800206F
:101BA0005DF8044B704700BF10B4034CD4F8E0401C
:101BB000A4465DF8044B60475895002049B1FF2AC0
:101BC00002D80A70012070478A2303604FF0FF306B
:101BD00070470846704700BF0346A9B37F2A25D93E
:101BE000A2F18000B0F5F06F23D3A2F50060B0F54C
:101BF000784F2BD3A2F58030B0F5801F36D24FEA54
:101C0000924CC2F30530C2F3851302F03F026CF030
:101C10000F0C60F07F0063F07F0362F07F0248707A
:101C200081F800C08B70CA70042070470A700120D0
:101C30007047930902F03F0263F03F0362F07F02B6
:101C40000B704A700220704708467047100BC2F3B1
:101C5000851302F03F0260F01F0063F07F0362F023
:101C60007F0208704B708A70032070478A221A60C6
:101C70004FF0FF30704700BFD3B2C2F30722F9B173
:101C8000DAB102F17F0C5FFA8CFCBCF11E0F06D9B1
:101C900002F1200C5FFA8CFCBCF10F0F12D8A3F1FB
:101CA000400CBCF13E0F04D983F0800CBCF17C0FDA
:101CB00008D80A704B70022070470B7001207047E3
:101CC000084670478A2303604FF0FF30704700BF1B
:101CD000D3B2C2F3072239B31AB302F1720C5FFA1E
:101CE0008CFCBCF1010F21D902F15F0C5FFA8CFC76
:101CF000BCF15D0F21D803F15F0C5FFA8CFCBCF1E5
:101D00005D0F1FD943F0800303F15F0C5FFA8CFC79
:101D1000BCF15D0F11D88F2008704A708B700320C2
:101D200070470B70012070470846704703F15F0C45
:101D30005FFA8CFCBCF15D0F04D98A2303604FF07D
:101D4000FF3070470A704B70022070475FFA82FCC8
:101D5000C2F3072281B392B100B5A2F1210EBEF108
:101D60005D0F2BD8ACF1210EBEF15D0F26D818689F
:101D7000B8B102200A7081F801C05DF804FB186850
:101D800058B11A601B202822422308704A708B70B9
:101D90000420033181F800C07047012081F800C0A1
:101DA00070470120186024231B204B7042230870C9
:101DB0008B7005200331DDE7012070478A23036023
:101DC0004FF0FF30D9E700BF000000002DE9F04FD1
:101DD0002DED088BD1B00C460BEE101A90460893EF
:101DE000834601F07DFF036812931846FEF7CAF898
:101DF00020AF1090082200213846FCF713FDA3897C
:101E00001B0603D52369002B00F0558700239FEDA7
:101E1000838B9FED849BCDE92533CDE91333CDE949
:101E2000153327AA0E9324929246119304934446A5
:101E3000A1467E4BD3F8E450FDF7B2FD4A46034677
:101E40001CA900975846A847002800F0B080C0F2AF
:101E5000A6801C9A252A034601D09944E9E7B9EBEC
:101E60000405064640F0A78000234FF0FF328DF8AE
:101E700067309846069309F1010999F800300392FA
:101E80002B25202609F10109A3F120025A2A00F28C
:101E9000CF80DFE812F0E802CD00CD00E302CD00F4
:101EA000CD00CD006A00CD00CD0005028402CD003A
:101EB0001002C902CD00BD025B005B005B005B004D
:101EC0005B005B005B005B005B00CD00CD00CD00E4
:101ED000CD00CD00CD00CD005301CD0083011A020D
:101EE000530153015301CD00CD00CD00CD001502AB
:101EF000CD00CD009602CD00CD00CD00AB01CD00D0
:101F0000AA02CD00CD00E306CD00CD00CD00CD006E
:101F1000CD00CD00CD00CD005301CD008301DE0109
:101F20005301530153017702DE017F00CD00890286
:101F3000CD005F02E0062F027F00CD00AB017C00E8
:101F4000B806CD00CD00BD06CD007C00A3F1300267
:101F5000002119F8013B01EB810102EB4101A3F1E2
:101F60003002092AF5D906918EE7584601F0B8FEED
:101F7000436815931846FEF705F81690584601F089
:101F8000AFFE83681393169B002B40F02D8699F8C3
:101F9000003077E799F8003048F0200872E708220F
:101FA00000213846FCF73EFC0123994441E7B9EB98
:101FB0000405064611D0269B2B442693259B01330E
:101FC000072BCAE9004525931CDC0AF1080A049B8B
:101FD0002B440493002E7FF447AF269B002B41F047
:101FE0000B821BEE103AB3F90C3013F0400F049B38
:101FF00018BF4FF0FF330493049851B0BDEC088B29
:10200000BDE8F08F1BEE101A24AA584602F07EFE9F
:102010000028E6D10DF19C0AD9E700BF00000000BE
:1020200000000000FFFFFFFFFFFFEF7F589500203B
:102030000B93002BD1D00021CDE90C118DF8DC30B1
:1020400001238DF8671002930791059303910F9177
:1020500037AC18F00203099302D0029B02330293BB
:1020600018F084030A9305D1069B029A9D1A002D4D
:1020700000F36983269A89B125990DF16700013132
:102080000132CAF8000007294FF00100269225917D
:10209000CAF8040000F3A2830AF1080A099B83B17D
:1020A000259B1AA901330232CAF80010072B4FF002
:1020B000020126922593CAF8041000F3A3830AF1C3
:1020C000080A0A9B802B00F06C82039B05995D1A1D
:1020D000002D00F3A58218F4807F40F00D82059B4F
:1020E000CAF804301A44259BCAF800400133072B74
:1020F0002692259300F31B830AF1080A18F0040FB7
:1021000005D0069B02995C1A002C00F38883049B7F
:10211000069902988142ACBF5B181B180493002AF1
:1021200040F0B08200232593079B1BB107995846C6
:10213000FEF73AF80DF19C0A4C4679E60B93089BA2
:10214000073323F00703B3EC028BB0EEC87BB4EE89
:10215000497BF1EE10FA089340F3E984B5EEC08BA9
:10216000F1EE10FA01F159809DF86710AB4CAC4BC1
:1021700028F080080B9A472AC8BF1C460023CDE9E7
:102180000C33032207930292059203930F930029C5
:102190003FF45FAF029B013302935AE7432B0B934B
:1021A00003D018F0100F00F05D85089D0822002173
:1021B00022A837ACFCF736FB22AB55F8042B21469E
:1021C000584602F011FD03460133059001F0EE82FE
:1021D000059B089523EAE37302930021CDE90C11D6
:1021E0008DF86710079103910F9132E70B93089BCD
:1021F0001A4600238DF86730134653F8044B0893B2
:10220000002C00F048850B9B532B00F0EC8618F057
:1022100010030C9340F0E786039B5D1C01F0E58002
:102220000C991A462046FDF74DFE0790002801F054
:102230002883079B1A1B05920C9B039322EAE272E8
:102240000F930D93079373239DF8671002920B93DE
:102250009DE718F0200F0B93089B3DD0073323F028
:1022600007031A4611465B6851F8082B0891194676
:10227000002BC0F20C84039B013300F09E8228F0F7
:10228000800052EA0103029040F09982039B002BE8
:1022900040F09A82804600230393059350AC06E1F8
:1022A000089B53F8042B0692002A80F21984069AA0
:1022B00008935242069299F8003048F00408E1E58C
:1022C00099F8003048F00808DCE548F0100818F0EC
:1022D000200F0B93089BC1D118F0100F40F00B8416
:1022E00018F0400F00F0038433F9042B0893D11742
:1022F0000B46BDE7089B48F00202029253F8042BFC
:10230000089347F63003ADF868307820454B1193B9
:10231000002102230B900020039C8DF86700601CB5
:1023200000F0AD80029820F0800852EA010040F0F1
:10233000A480002C40F0AE86002BACD1029B13F0A1
:102340000103059300F0D18330238DF83F310DF266
:102350003F14ACE018F0200F40F0D48318F0100FB9
:1023600040F09F8618F0400F40F0978718F4007FE8
:1023700000F09786089B049953F8042B089311707A
:102380004C4655E599F80030682B03BF99F80130A9
:1023900048F4007809F1010948F0400872E599F81D
:1023A00000308DF867506DE599F800306C2B03BF55
:1023B00099F8013048F0200809F1010948F01008A7
:1023C00060E50B9348F0100818F0200100F05183ED
:1023D000089B073323F00703596853F8082B089329
:1023E00028F480630293002395E70B9348F01003D1
:1023F0000293029B13F0200100F02983089B07330E
:1024000023F00703596853F8082B0893012382E748
:1024100099F8003048F0800834E500BFAC8E002009
:10242000B08E0020BC8E0020494611F8013B2A2BBB
:1024300001F04982A3F13002092A894698BF0021A0
:1024400001F2448119F8013B01EB810102EB4101EA
:10245000A3F13002092AF5D9039115E599F8003066
:1024600048F001080EE59DF86730002B7FF48FAD32
:1024700099F800308DF8676004E5CDF80880012BED
:1024800000F09D81022B50AC20D1119802F00F0377
:102490001209C35C04F8013D42EA0172090952EADB
:1024A0000103F3D150AB1B1BDDF808800593059A9F
:1024B00003989DF8671082424FF00003B8BF0246B0
:1024C000CDE90C33079302920F9360E602F0070305
:1024D000D20842EA4172C908303352EA0105204667
:1024E00004F8013DF2D1029AD10700F14D8250ABC0
:1024F0001B1B90460593DAE70B9B652B40F3D480BA
:10250000B5EE408BF1EE10FA40F0C181259BBA493F
:10251000CAF80010013301320121072B26922593BE
:10252000CAF8041000F351850AF1080A1B9B0E99A2
:102530008B4280F2D082109B12991A44CAE9001390
:10254000259B26920133072B259300F397830AF1ED
:10255000080A0E9B5C1E002C7FF7D0AD102C259B2B
:1025600040F36E851BEE106A102505E00AF1080A9B
:10257000103C102C40F364850133A0491032072B26
:10258000CAE90015CDE92532F0DD24AA31465846C6
:1025900002F0BCFB00287ED1DDE925320DF19C0A5A
:1025A000E6E7069B02995D1A002D7FF78EAD102D90
:1025B000259B21DD099410261BEE104A04E0103DF6
:1025C000102D0AF1080A16DD01338C491032072B51
:1025D000CAE90016CDE92532F1DD24AA2146584684
:1025E0000DF19C0A02F092FB002854D1103D102DF1
:1025F000DDE92532E8DC099C8049CAF80450013342
:102600002A44072BCDE92532CAF8001000F32685AD
:10261000039B05995D1A002D0AF1080A7FF75BAD4F
:10262000102D259B1FDD514610261BEE10AA04E03D
:10263000103D102D01F1080114DD01336F481032F7
:10264000072BC1E90006CDE92532F1DD24AA514668
:10265000584602F05BFBF0B9103D102DDDE9253244
:1026600027A9EADC8A4601336449CAF804502A449F
:10267000072BCDE92532CAF8001000F3DA810AF100
:10268000080A28E51BEE101A24AA584602F03EFB61
:1026900000283FF447AD079B002B3FF4A2AC0799FD
:1026A0005846FDF781FD9CE40E9B012B40F37A8197
:1026B000259BCAF80040013301320121072B2692E5
:1026C0002593CAF8041000F3F8810AF1080A10995A
:1026D000129801330A44072BCAE90001CDE92532DB
:1026E00000F3DD810AF1080AB5EE408BF1EE10FA35
:1026F00000F077810E990133013901340A44072B28
:10270000CAF800402593CAF80410269200F35B81B2
:102710000AF1080A1499CAF8041001330A44072B75
:102720001EA9CDE92532CAF800107FF7E5AC1BEEF3
:10273000101A24AA584602F0E9FA0028ABD1269ACA
:102740000DF19C0ADAE4102DDDE925122C4E24DD72
:10275000179410231BEE104A084604E0103D102D7C
:102760000AF1080A17DD013010320728CAE90063B0
:10277000CDE92502F2DD24AA214658460DF19C0A36
:1027800002F0C4FA002886D1103D102DDDE92502A3
:102790004FF01003E7DC179C014601312A4407295A
:1027A000CDE92512CAF80060CAF8045000F3BD83D1
:1027B0009DF867100AF1080A5DE4CDF808800A2A3E
:1027C00071F1000380F0458330320123DDF8088089
:1027D0008DF83F2105930DF23F1468E61BEE101AA9
:1027E00024AA584602F092FA00287FF454AF269AA1
:1027F0000DF19C0A52E400BFF8350020FC250020B2
:10280000EC2500201BEE101A24AA584602F07EFA8E
:1028100000287FF440AF269A0DF19C0A51E4102C59
:10282000259BBE4E1FDD1BEE108A102504E0103CD8
:10283000102C0AF1080A16DD01331032072BCAE901
:102840000065CDE92532F2DD24AA414658460DF156
:102850009C0A02F05BFA00287FF41DAF103C102C9C
:10286000DDE92532E8DC01332244072BCAE90064A4
:10287000CDE925327FF74BAC1BEE101A24AA58463F
:1028800002F044FA00287FF406AF269A3FE41B9931
:10289000002940F35A830C9E0E9B9E42A8BF1E4601
:1028A000002E0BDD259B01333244072BCAE900467D
:1028B0002692259300F389860AF1080A0C9D002EC2
:1028C000A8BFAD1B002D00F303820C9B18F4806F92
:1028D0002344059340F01F821B9B0E998B4203DB20
:1028E00018F0010F00F0CF84109912980A44CAE939
:1028F00000012599269201310729259100F3A5862B
:102900000AF1080A0E996518CC1A059BED1AA54222
:10291000A8BF2546002D0DDDCAF80030259BCAF85A
:10292000045001332A44072B2692259300F3BB86DB
:102930000AF1080A002DA8BF641B002C7FF7DEAB4C
:10294000102C259B40F37C831BEE106A102505E0BC
:102950000AF1080A103C102C40F3728301337049CD
:102960001032072BCAE90015CDE92532F0DD24AA83
:102970003146584602F0CAF900287FF48CAEDDE9F2
:1029800025320DF19C0AE5E7302B3FF48BAD302367
:10299000023804F8013C50AB1B1ADDF8088005939F
:1029A000044684E518F0010F7FF482AE259BCAF837
:1029B0000040013301320121072B26922593CAF8EA
:1029C00004107FF7A5AE1BEE101A24AA584602F099
:1029D0009DF900287FF45FAEDDE925320DF19C0AF8
:1029E00098E60E994C1E002C7FF794AE102C40F305
:1029F00061831BEE106A102505E00AF1080A103CFD
:102A0000102C40F35783013345491032072BCAE994
:102A10000015CDE92532F0DD24AA3146584602F0F2
:102A200075F900287FF437AEDDE925320DF19C0AF7
:102A3000E5E71BEE101A24AA584602F067F90028B1
:102A40007FF429AE269A0DF19C0AFFF744BB029B46
:102A500013F0100340F0C180029A12F0400200F01F
:102A60007A83089850F8042B0890194692B20123F3
:102A700051E418F0100355D118F0400200F05D83C6
:102A8000089850F8042B0890194692B2A8E45242D4
:102A900061EB4101CDF808802D2001233CE41BEEC1
:102AA000101A24AA584602F031F900287FF4F3AD39
:102AB000DDE925320DF19C0A16E61BEE101A24AA58
:102AC000584602F023F900287FF4E5ADDDE9253210
:102AD0000DF19C0AFBE518F0010F3FF40FAB2AE55E
:102AE000089399F80030FFF7CDB950ACDFE418F443
:102AF000007F40F0DB8353F8042B0893D1170B467B
:102B0000FFF7B6BB089B049853F8041B0893C21741
:102B1000C1E900024C46FFF78BB900BFEC2500204D
:102B2000FC250020089B53F8042B089358E4B4EECE
:102B3000488BF1EE10FA80F194860B9B612B00F02C
:102B40005285412B00F0C085039B01330B9B23F082
:102B5000200500F08084472D04D1039B002B08BF83
:102B60000123039318EE903A002B48F480724646F6
:102B7000C0F21886B0EE48AB002390460993079345
:102B80000B9B413B252B00F29883DFE813F06F0489
:102B900096039603960368046C04960396039603C3
:102BA000960396039603960396039603960396035D
:102BB000960396039603960396039603960396034D
:102BC000960396039603960396039603960396033D
:102BD00096039603960368046C04089B53F8042B31
:102BE00008930123FFF797BB139B002B3FF4CFA95A
:102BF000139B1B78002B3FF4CAA999F8003048F4C6
:102C00008068FFF73FB90B93CDF80880FFF7F1BB61
:102C10000B939A4B119318F0200100F00581089B4B
:102C2000073323F00703596853F8082B089318F06B
:102C3000010F0AD052EA010307D00B9B8DF86930CF
:102C4000302348F002088DF8683028F4806302933E
:102C50000223FFF760BB0B93FFF7B6BB0B93884BC8
:102C60001193D8E7089B012153F8042B02918DF8AA
:102C7000DC200893059137ACFFF7AFBA1BEE101AB2
:102C800024AA584602F042F800287FF404AD269AA0
:102C90000DF19C0A5DE4039B0794062B224628BF96
:102CA000062303942146CDE90C22764C029305932A
:102CB0000F92FFF76CBA40215846F9F7ADFC20603F
:102CC0002061002800F00F8640236361FFF79EB863
:102CD000102D259B40F35D82514610261BEE10AA55
:102CE00004E00831103D102D40F352820133664854
:102CF0001032072BC1E90006CDE92532F1DD24AA07
:102D00005146584602F002F800287FF4C4ACDDE9D1
:102D1000253227A9E6E70E9BCDF82490E31803930C
:102D20000D9BCDF82880139E059DDDF85890DDF8A9
:102D30003C800B941BEE101A5046002B34D0B8F197
:102D4000000F35D10D9B013B013E0D93159BC0E952
:102D50000039259B01334A44072B269225936CDCCE
:102D60000830039B96F800C05B1B6345A8BF634611
:102D7000002B9A460CDD259C01341A44072CC0E92F
:102D800000532692259400F3778196F800C008300E
:102D9000BAF1000FACBFACEB0A046446002C0ADCAD
:102DA00065440D9B002BCAD1B8F1000F00F0AC8335
:102DB00008F1FF38CAE7102CDDF894C024DD059532
:102DC0004FF0100A63460D4604E0103C102C00F151
:102DD000080016DD01332C491032072BC0E9001A18
:102DE000CDE92532F1DD24AA2946584601F08EFFAF
:102DF00000287FF450AC103C102CDDE9253227A8C8
:102E0000E8DC2946059D9C460CF101032244446000
:102E1000072B1D4C0460CDE9253200F3C68396F8DC
:102E200000C008306544BCE718F0100300F0C28011
:102E3000089B53F8042B0893F9E624AA58460591F9
:102E400001F064FF00287FF426AC269A059927A894
:102E500087E70298CDF81CA050AC00F480600025F4
:102E60000AEE10BA094BDDF84CA0CDF81490A34639
:102E70004FF00508AC46044610E000BFBC8E0020B1
:102E8000D08E0020E48E0020FC250020CDCCCCCCC0
:102E90000A2A71F1000136D34A463146501840F1F2
:102EA0000000A3FB005626F0030505EB9605401B2A
:102EB000151A4FF0CC3661F1000E06FB05F6A5FBA6
:102EC000039503FB0E6609F0010E2E44AEFB085E6F
:102ED0002D184FEA590930350BF8015C49EAC679DB
:102EE0000CF1010C0BF1FF3B7608002CD0D09AF8C6
:102EF00000008445CCD1BCF1FF0FC9D00A2A71F182
:102F0000000180F08F815C4650AB1B1BDDF81490F4
:102F1000CDF84CA01AEE10BADDF81CA0DDF8088040
:102F2000CDF838C00593FFF7C2BA1BEE101A24AAD9
:102F3000584601F0EBFE00287FF4ADAB9DF867101A
:102F4000269A0DF19C0AFFF796B8259BBE48CAF851
:102F50000000013301320120072B26922593CAF885
:102F6000040000F377810AF1080A002940F0AF80DD
:102F70000E9908F001030B433FF4C0A8109B12996F
:102F80001A44CAE90013259B26920133072B259387
:102F900000F352820AF1080A0E99CAF80040013380
:102FA0000A44072BCDE92532CAF804107FF7A4A8FC
:102FB000FFF7BDBB18F0400200F0DD80089850F824
:102FC000042B0890194692B231E61BEE101A24AA7F
:102FD000584601F09BFE00287FF45DAB269A0DF168
:102FE0009C0AFFF7A3BA22AE0822002130461D94A6
:102FF000FBF718FC039B5A1C00F0DB800025CDF882
:103000000890CDF81C809946A8460CE037A9584690
:1030100001F0EAFD431C404400F0C883484508DC49
:1030200000F0188480461D9A525933460435002A10
:10303000ECD1CDF81480DDF80890DDF81C80C5E0F7
:1030400001338249CAF804402244072BCAF8001011
:10305000CDE925327FF750A8FFF769BB1BEE101AA8
:1030600024AA584601F052FE00287FF414AB269A99
:103070000DF19C0AFFF729B824AA5846059101F0E2
:1030800045FE00287FF407AB96F800C0269A059904
:1030900027A87DE6012BCDF808807FF4F3A9FFF780
:1030A00093BB089B049953F8042B4C46116008937A
:1030B000FEF7BEBE01336549CAF804402244072B1F
:1030C000CDE92532CAF800107FF722AB7BE4109BD4
:1030D00012981A44CAE90003259B26920133072B54
:1030E000259300F3A9810AF1080A0029BFF654AF1D
:1030F0004D42103180F20F831BEE101A102605E0AE
:103100000AF1080A103D102D40F3058301334F48A2
:103110001032072BCAE90006CDE92532F0DD24AADA
:103120005846039101F0F2FD00287FF4B4AADDE9CE
:10313000253203990DF19C0AE4E7089B18F400710D
:103140001ABF114653F8042B53F8042B089318BFE9
:10315000D2B2FFF745B9029B13F40071089B1ABF66
:10316000114653F8042B53F8042B089318BFD2B21E
:103170000123FFF7D0B8089B18F400711ABF11465D
:1031800053F8042B53F8042B089318BFD2B24EE522
:103190008A4601332D49CAF804502A44072BCDE949
:1031A0002532CAF8001000F339810AF1080AFFF746
:1031B0008CBB0023194600961DAA584601F066FDF7
:1031C00003460133059000F0F1821D94059B002B0E
:1031D0004ED0632B00F318810023079337AC0822ED
:1031E00000213046FBF71EFB059D00962B461DAACD
:1031F0002146584601F04AFD854240F07C83059AFD
:103200000023A35422EAE272CDE90C339DF8671043
:10321000039302920F93FEF7BABF2D218DF867102A
:10322000FEF7A4BF169B1599ABEB030B1A46584645
:10323000FBF724FC9AF80120054B0AB10AF1010AB8
:103240004FF0000C28E600BFF8350020FC250020D8
:10325000CDCCCCCC1BEE101A24AA584601F056FD5A
:1032600000287FF418AA1B99269A0DF19C0A7CE687
:10327000059B9DF867100F93CDE90233CDE90C3320
:103280000793FEF784BF0E99059865182D1ACC1A7E
:10329000A542A8BF2546FFF74DBB089B049953F8EC
:1032A000042B089311804C46FEF7C2BD13F9042B82
:1032B0000893D1170B46FEF7DBBF039A022122AB1E
:1032C00001931DAB009358461BABB0EE4A0B029224
:1032D00000F008FE472D029A044600F06181462D59
:1032E000104405D12378302B00F06F821B9A1044D4
:1032F000B5EE40ABF1EE10FA40F0468103461B1BE1
:103300000E93472D00F01081462D00F0B5811B9BD8
:103310000C930C9B412D03F1FF331B9300F0E581CF
:103320009DF82C200021002BB8BF0C9B8DF8782035
:10333000BABFC3F101032D222B22092B8DF879206E
:1033400040F3DA810DF18F05DFF81CC42A461046E0
:103350008CFB0321DA17C2EBA10202EB8201A3EB83
:103360004101303100F8011C19466329134600F170
:10337000FF32ECDC3033D9B2831E9D4202F8011CCF
:1033800040F28B8213460DF17A0201E013F8011B23
:1033900002F8011B9D42F9D10DF191030DF17A0262
:1033A0001B1A13441EAA9B1A14930E9B149A012BEA
:1033B0001A44059240F30382059B109A1344059327
:1033C00026F48063059A43F480780023CDE90C331A
:1033D00022EAE2720F930292099B002B40F0B18027
:1033E0009DF867100393FEF7D2BE2046FCF7CAFD96
:1033F00002460590FEF720BF1BEE101A24AA58467D
:1034000001F084FCFEF7EDBD591C5846F9F704F9AC
:103410000446002800F0CA810790E0E61BEE101A6F
:1034200024AA584601F072FC00287FF434A9269A99
:103430000DF19C0AFFF749BA1BEE101A24AA584650
:1034400001F064FC00287FF426A9DDE925321B99F0
:103450000DF19C0A49E606230393FFF783BB039B08
:1034600002215A1C2BE7039A032128E71BA8B0EE80
:103470004A0B00F03FFCB4EE007B20EE070BB5EEEC
:10348000400BF1EE10FA01D101231B93B348039BCB
:10349000B3EE005B013B224604E0B5EE400BF1EEDB
:1034A00010FA13D020EE050BFDEEC07BB3F1FF3F09
:1034B00017EE901A415CB8EEE76B944630EE460B7F
:1034C00002F8011B194603F1FF33E6D1B6EE006B9B
:1034D000B4EEC60BF1EE10FA00F34881B4EE460BE1
:1034E000F1EE10FA04D117EE903ADB0700F13E81BD
:1034F000002906DB4B1C1344302102F8011B9342C8
:10350000FBD1131B0E93FCE60B9C0E9BDDF8249065
:10351000DDF828801396E3189D42294628BF1946F6
:1035200082460591FFF7D8B91B9B0C93DA1C02DB8E
:10353000039A93420CDD0B9B023B0B9323F0200577
:10354000E7E62D2100238DF867100393FEF722BED6
:103550000C9B0E9A9342C0F2BD80F0070C9B40F189
:103560003281109A13440593710503D50C9B002BEF
:1035700000F33581059B23EAE373029367230B93E2
:1035800000230F930D9327E7229B8342BFF4B7AE2E
:1035900030215A1C22921970229B9842F9D8AEE62B
:1035A000F30700F1A780229BA9E624AA58460591BB
:1035B00001F0ACFB00287FF46EA896F800C0269AB4
:1035C000059927A86544FFF7ECBB1BEE101A24AA47
:1035D000584601F09BFB00287FF45DA8269A0DF168
:1035E0009C0AFFF76BB978238DF8693030238DF88A
:1035F0006830039B632B48F0020600F3A68000238B
:10360000079337AC18EE903A002B48F481782BDB07
:10361000B0EE48AB0B9B23F02005002309930B9BD6
:10362000612B7FF4ADAAB0EE4A0B1BA800F062FB41
:10363000B4EE007B20EE070BB5EE400BF1EE10FA76
:1036400001D101231B93464821E71BEE101A24AA3F
:10365000584601F05BFB00287FF41DA81B9B269AAF
:103660000DF19C0AFFF74EB90B9B23F020052D238B
:103670000993B1EE48ABD2E71B9A0C92002A06F0F0
:10368000010340F30D8103990B4340F0CF800C9B65
:10369000059366230B93720500F1A380059B23EA33
:1036A000E37302936CE71BEE101A24AA584601F04C
:1036B0002DFB00287EF4EFAF1B9C0E9B269A1C1B53
:1036C0000DF19C0AFFF736B958238DE700220392CB
:1036D000FEF7DABB0E9B109A9A180C9B0592002BF2
:1036E00040F3AB8067230B93D5E70B9A0F32D2B22E
:1036F000012118E6A018FBE5002940F0A88030223F
:103700008DF87A200DF17B02303302F8013B1EABBD
:10371000D31A149349E601331249CAF804502A44D3
:10372000072BCDE92532CAF800107FF733AC1BEE2A
:10373000101A24AA584601F0E9FA00287EF4ABAF2B
:10374000DDE925320DF19C0A26E4591C5846F8F7AC
:1037500063FF044650B3079054E700BFD08E0020AB
:10376000BC8E0020FC25002067666666CDF888C008
:1037700012F8011C90F80FC0614513460AD14FF0B2
:10378000300E03F801EC229B591E229113F8011C04
:103790008C45F6D0392916BF0131817AC9B203F8B8
:1037A000011CAEE600239046079360E71BEE102A4B
:1037B000B2F90C3043F040039381FEF716BCF507D5
:1037C0007FF5FEADF8E50593CEE6B5EE40ABF1EE44
:1037D00010FA3FF48BADC2F101021B9287E567231B
:1037E0000B9313990B78FF2B79D000250C9A284660
:1037F00003E001300131FF2B08D0934206DAD21AE0
:103800004B78002BF5D10B780135F4E70C9213912E
:103810000D900F950F9A0D9B16991344059A01FB75
:103820000323059323EAE3730293D5E5109BD31892
:103830001944662305910B932DE7C3F101031A4444
:1038400022EAE2730293672305920B9398E60DF147
:103850007A0259E7039BDDF80890DDF81C80059398
:10386000B4E418EE903A002BB4BF2D219DF86710F8
:10387000254C264BB8BF8DF8671028F08008FEF75E
:1038800079BC039B0293059373239DF86710039003
:103890000F900D900B93FEF77ABC0223149384E5EE
:1038A000039A134305D10123662202930B920593D9
:1038B00066E6109B01331A4422EAE2730293662300
:1038C00005920B935CE6089A99F80130894652F804
:1038D000041B089241EAE1710391FEF7D3BA002379
:1038E0000F930D9396E70C23CBF800304FF0FF3386
:1038F0000493FEF781BB1BEE102A938943F040032B
:103900009381FEF7C8BE00BFB48E0020B88E0020A1
:1039100070B500294BD006460C4610B1436B002B06
:1039200048D0636ED80734D5B4F90C30002B3ED0A4
:103930002146304600F058F8E36A054633B1E169A4
:10394000304698470028B8BF4FF0FF35A3891A06C4
:103950003CD4216B41B104F14003994202D030467E
:10396000FCF722FC00232363616C21B13046FCF795
:103970001BFC00236364FAF7EFFC636E0022DB0795
:10398000A2811FD5A06DFCF7BFF8FAF7EBFC284623
:1039900070BDA3899905CBD4A06DFCF7B9F8B4F933
:1039A0000C30002BC4D1656E15F0010505D0002543
:1039B000284670BDFAF7B0FCB3E7A06DFCF7B0F88D
:1039C000284670BDA06DFCF7ABF8DBE721693046F7
:1039D000FCF7EAFBBDE700BF024B01461868FFF7A2
:1039E00097BF00BF10900020B1F90C202DE9F041E5
:1039F0000C461107804647D4636842F40062002BEE
:103A0000A2815EDDA56A002D58D00023D8F80060A1
:103A1000C8F8003093B212F4805256D10123E16904
:103A20004046A847431C67D0A389A56A5F0705D510
:103A30006368C01A236B0BB1E36BC01AE1690246DD
:103A400000234046A847411C41D1D8F80030002B44
:103A50003DD01D2B01D0162B56D1A389226922609F
:103A600023F4006300216160A381216BC8F800602A
:103A700021B304F14003994202D04046FCF794FB85
:103A800000202063BDE8F0812669BEB193B22568AD
:103A900026609A070CBF63690023AD1BA3600BE08F
:103AA0002B463246E169676A4046B847B0F1000CE0
:103AB000A5EB0C05664417DD002DF1DC0020BDE808
:103AC000F081E36B002B9DDCF8E7206DAEE7B4F9E5
:103AD0000C302269226023F40063A3810022DB04FE
:103AE0006260C2D52065C0E7A38943F040034FF070
:103AF000FF30A381BDE8F081D8F80030002B93D0CF
:103B00001D2B06D0162B04D0A38943F04003A381BC
:103B1000D5E7C8F80060D1E738B50C46054608B1CE
:103B2000436B03B3B4F90C0088B1636EDB0701D4B7
:103B300081050FD528462146FFF756FF636EDA0749
:103B4000054602D4A3899B0508D5284638BD0546FD
:103B5000284638BDA06DFBF7DBFFEBE7A06DFBF758
:103B6000DFFF284638BDFAF7D7FBDBE750B338B59F
:103B7000174B1D6804460DB16B6BBBB1B4F90C005B
:103B800088B1636EDB0701D4810513D52846214631
:103B9000FFF72AFF636EDA07054602D4A3899B0567
:103BA0000CD5284638BD0546284638BD2846FAF7C4
:103BB000B3FBE3E7A06DFBF7ABFFE7E7A06DFBF717
:103BC000AFFFEEE7034A04490448FAF7F5BB00BF2C
:103BD000109000204C950020151402001890002031
:103BE00030B4134D10F8014B2B5D03F00303012B90
:103BF00011F8013B15F803C00CF0030C224608BF76
:103C000004F12002BCF1010F1C4606D0D21A0AD1E1
:103C1000002BE7D1204630BC70472033D41AE1D0C6
:103C2000204630BC70471446204630BC704700BF69
:103C3000D1210020830710B5044610D10268A2F1FB
:103C4000013323EA020313F0803F08D150F8042F18
:103C5000A2F1013323EA020313F0803FF6D0037888
:103C60001BB110F8013F002BFBD1FCF7C9F820462F
:103C700010BD00BFC2B100EB020C00B50B460CF149
:103C8000FF3E04E013F8012B00F8012B42B18645FA
:103C9000F8D100220CF8012C13F8012B002AFBD1DB
:103CA000591A481E5DF804FB0B4613F8012B002A35
:103CB000FBD1591A481E704771B1034600EB010C45
:103CC00001E0634506D01A46013311780029F8D186
:103CD000101A7047181A704708467047F03070473E
:103CE00000487047489600200048704748960020DA
:103CF0000000000030B482B08DED000B019A194C29
:103D000022F000430021A342016021DC009C1C43FF
:103D10001ED0154C144054B99FED107B20EE077B4C
:103D20008DED007B019A6FF0350122F0004322F007
:103D3000FF42DDE9004522F4E00242F07F551B1509
:103D400045F40015A3F2FE33CDE900450B440360B2
:103D50009DED000B02B030BC704700BF00000000BA
:103D600000005043FFFFEF7F0000F07F00B50B4CD9
:103D700025681446EE681A4685B003460D464CB1D8
:103D800007490095CDE901143046064900F0AAFF25
:103D9000F5F724FF04490C46F3E700BF109000201C
:103DA000EC8E0020FC8E00205C59002008B51346E4
:103DB0000022FFF7DBFF00BF000000002DE9F04FFD
:103DC00003690C69A34283B0C0F28780013C01F112
:103DD0001405A30000F11408009355F8243058F896
:103DE0002420013381469A4208EB840005EB8407C6
:103DF0000190B2FBF3F63BD34FF0000CAE464046C9
:103E0000E24663465EF804BB02681FFA8BFC06FBC1
:103E10000C334FEA134C4FEA1B4B06FB0BCC9BB207
:103E2000AAEB03031FFA8CFA13FA82F3CAEB1242CD
:103E300002EB23429BB243EA0243774540F8043B3E
:103E40004FEA224A4FEA1C43DCD2009B58F8033069
:103E500073B9019B043B984504D307E0984504F1EE
:103E6000FF3403D253F80429002AF7D0C9F81040D0
:103E70004846FDF729FC00282BDB0136414600238C
:103E800055F8040BD1F800C082B29A1A030C12FA4A
:103E90008CF2C3EB1C4303EB224392B242EA03428F
:103EA000AF4241F8042B4FEA2343E9D258F82420CB
:103EB00008EB84036AB9043B984504D307E09845AE
:103EC00004F1FF3403D253F80429002AF7D0C9F8CB
:103ED0001040304603B0BDE8F08F002003B0BDE8CD
:103EE000F08F00BF2DE9F04F2DED028B8FB08DEDDF
:103EF000020B0191816B1A9D059357EC106B0446E0
:103F0000934641B1C26B4A60012393408B60FDF739
:103F100023F90023A363B7F10008B4BF01230023F2
:103F20002B60BE4BBCBF28F00048CDF80C8033EAB4
:103F3000080300F09F809DED028BB5EE408BF1EE03
:103F400010FA11D1059A012313601B9B002B00F07E
:103F50003F82B34B1B9A1360013B009300980FB054
:103F6000BDEC028BBDE8F08F0CAA0DA92046B0EE87
:103F7000480BFDF709FD5FEA1853054640F09280B3
:103F8000DDE90C130B4403F23242202A40F3FA829B
:103F9000C2F1400208FA02F803F21242D64048EA9F
:103FA000060207EE102AB8EE477B581E17EE906AFD
:103FB00053EC172B4FF0010AA6F1F8739FED913BDC
:103FC0009FED927B9FED935B06EE900A43EC122BE4
:103FD000B8EEE64BB7EE086B32EE466BA6EE037B0F
:103FE000A4EE057BFDEEC76BB5EEC07BF1EE10FADB
:103FF00016EE907A08D5B8EEE66BB4EE476BF1EEAC
:1040000010FA18BF07F1FF37162F00F24581854BD4
:1040100003EBC70393ED007BB4EEC78BF1EE10FA10
:1040200057D5091A0023B1F1010807F1FF370A93A8
:1040300000F1398100230693002F52DA069B049782
:10404000DB1B06937B420893019B092B4FF0000773
:104050004ED8052B40F39D82043B01930026019B23
:104060009A1E032A00F22581DFE812F0AA03A703B3
:104070009D037E03059AC8F3130842F20F7358EAB2
:10408000060813601ED11B9B002B00F09185664B28
:10409000009308331B9A009813600FB0BDEC028B9D
:1040A000BDE8F08F18EE906AC6F31306A3F2FF3056
:1040B00053EC182B46F07F530C994FF0000A43F451
:1040C00040137BE71B9B002B40F03B83574B009337
:1040D00044E7091A0023B1F101080A9300F1E380D3
:1040E000069300230893019B0497092BB844B0D989
:1040F00000230126019307964FF0FF399B460021CC
:10410000E163CDF82C902046FDF700F800900028E0
:1041100000F04085009BA363B9F10E0F00F2DC8034
:10412000002E00F0D980049B002B40F3DE833D4A33
:1041300003F00F0102EBC10292ED007B1A11DB05C7
:1041400040F182833A4991ED086B02F00F0203209F
:1041500088EE065B5AB13649D60704D591ED006B5F
:10416000013027EE067B521001F10801F4D185EEF3
:10417000076B0A9B3BB1B7EE007BB4EEC76BF1EE69
:1041800010FA00F1AE8407EE900AB8EEE75BB1EEEC
:104190000C7BA5EE067B17EE902A51EC170BA2F1D3
:1041A0005071B9F1000F00F08883049E4A46079BC6
:1041B000002B00F04784B6EE003B1A4BFDEEC64BD9
:1041C00003EBC20CB8EEE47B36EE477B1CED026BD2
:1041D00083EE065B41EC160B14EE900A35EE465B5F
:1041E0000099B4EEC75B3030F1EE10FA01F8010B24
:1041F00000F3AC84B7EE002BB2EE044B4FF0000C92
:1042000031E000BF61436F63A787D23FB3C8608BC3
:10421000288AC63FFB799F501344D33F0000F07FAC
:10422000F9350020D81C00202C8F0020388F00206A
:10423000C81D00200CF1010C94454DDA27EE047BDB
:1042400025EE045BFDEEC76B16EE903AB8EEE63B4A
:10425000303337EE437BB4EEC57BF1EE10FA01F854
:10426000013B00F1738432EE476BB4EEC56BF1EEA7
:1042700010FADFD5009A049602E08A4200F05084DA
:10428000894611F8013D392BF7D00133DBB20B70B1
:10429000049B0133049355E1091A0123B1F101088C
:1042A0000A937FF5C7AEC1F1010306934FF00008F2
:1042B000C2E60026E66331462046FCF727FF009061
:1042C000002800F06784009BA3634FF0FF330B933B
:1042D00099460123B34607930D9A002A55DB0499AA
:1042E0000E2952DCB74BBBF1000F03EBC10393ED7A
:1042F000006B15DAB9F1000F12DC40F0F282B1EE7A
:10430000047B26EE077BB4EEC78BF1EE10FACA46AB
:104310004E4600F26D82DDF800806FEA0B0B70E212
:1043200088EE067BBDEEC77B009917EE103AB9F117
:10433000010F03F13003B8EEC75B01F8013BA5EEB6
:10434000468B00F03483B2EE044B012311E088EE7B
:10435000067BBDEEC77B013317EE102A4B4502F1F9
:104360003002B8EEC75B01F8012BA5EE468B00F0DA
:104370001E8328EE048BB5EE408BF1EE10FAE6D1E9
:10438000049B013304938946DCE0079B43B3019B04
:10439000012B40F37682089B09F1FF3A534580F2E6
:1043A0003F82089BCDF820A0AAEB030217444FF0F0
:1043B000000AB9F1000FC0F22583069B09934B4414
:1043C000C844069301212046FCF7CAFF06460CE0CC
:1043D0007D4B009300980FB0BDEC028BBDE8F08FD1
:1043E000069BDDF820A0079E0993099B6BB1B8F1ED
:1043F000000F0ADD434506991A46A8BF4246891AAE
:104400009B1A06910993A8EB0208089B63B1079BCE
:10441000002B00F0A782BAF1000F00F30482089B82
:10442000B3EB0A0240F0FF8201212046FCF798FF1F
:10443000002F824600F3AF80019B012B40F3878160
:10444000002308930120002F40F0B180404410F079
:104450001F0000F07A81C0F12002042A00F3888056
:1044600040F0F681069B002B05DD29461A462046C2
:10447000FDF7B2F80546B8F1000F05DD514642469A
:104480002046FDF7A9F882460A9B002B40F03F81A9
:10449000B9F1000F40F32581079B002B40F0A3806A
:1044A000049B01330493DDF80080012707E02946CF
:1044B00000230A222046FCF759FE013705465146E3
:1044C0002846FFF77BFCB94500F1300008F8010BE6
:1044D000EDDCB9F1000F009ACCBFCB464FF0010BD9
:1044E0000346934400272946012220460193FDF705
:1044F00073F851460546FDF7E7F8002840F3AF8111
:104500001BF8013C009A0BF1FF3B04E05A4500F018
:10451000B1811BF8013D392B0BF10109F6D00133B4
:104520008BF8003051462046FCF716FE56B12FB1ED
:10453000B74203D039462046FCF70EFE31462046EE
:10454000FCF70AFE29462046FCF706FE002389F800
:104550000030DDE904231A601B9B002B3FF4FEAC06
:104560000098C3F800900FB0BDEC028BBDE8F08F4F
:10457000C0F11C00069B03440693099B0344099366
:1045800080446FE7C2F1200206FA02F207EE102A19
:1045900009E5012663E501463A462046FCF7BCFFE3
:1045A000019B012B824640F3C58100230893DAF872
:1045B00010200AEB82021069FCF782FEC0F1200095
:1045C00044E700BFD81C0020F83500203146002306
:1045D0000A222046FCF7CAFD0B9B002B064640F33F
:1045E000CE8204979946099B002B05DD31461A4679
:1045F0002046FCF7F1FF0646089B002B40F0EB81BC
:10460000B046029B009F03F001027B1E4B440893BF
:10461000019B0A921343099351462846FFF7CEFBAC
:10462000314683462846FDF74FF8424651468146BB
:104630002046FDF76BF8C26801460BF13003002AF3
:1046400042D1CDE906032846FDF73EF806990290CF
:104650002046FCF781FD029A079B1AB909990029A7
:1046600000F07E82B9F1000FC0F28381019949EA1E
:1046700001090A9951EA090900F07B81002A00F337
:10468000C681089A3B7007F101099742CB4600F0BA
:10469000C481294600230A222046FCF767FD4645CF
:1046A000054631464FF000034FF00A02204612D073
:1046B000FCF75CFD4146064600230A222046FCF733
:1046C00055FD4F468046A7E720460293FCF744FD80
:1046D000029B0122C6E7FCF749FD4F46064680468D
:1046E0009AE7019B022B71DC079B002B7FF47BAFC9
:1046F000049B5146013328460493FFF75FFBDDF826
:1047000000B000F130030BF8013B0027EBE6514607
:104710002846FCF7D9FF0028BFF6BAAE2946002389
:104720000A222046FCF722FD049B5F1E079B0546DC
:10473000002B7FF44BAF0B9B002B40F31882994664
:10474000B1E6BC4B00930333A4E41C2012E7DDE97F
:10475000020100287FF474AEC1F31302002A00F0B6
:10476000F480029B08936DE601230793049B5B444E
:1047700003F10109B9F1010FCC460B93B8BF4FF01B
:10478000010C0021BCF1170FE1637FF7BCAC0120E5
:104790000422520002F114036345014600F10100B6
:1047A000F7D9E163AFE401230793BBF1000F52DDBA
:1047B000CDF82CB0D946DC46E3E700230793D5E7D4
:1047C00000230793F1E7DDF82C900497B9F1000F6F
:1047D0007FF4A1AD51464B4605222046FCF7C6FCAE
:1047E000014682462846FCF76FFF00287FF793AD0D
:1047F000049B03F1010B009B3122984603F8012B27
:10480000009351462046FCF7A7FC0BF10103DDF8AD
:1048100000900493CDF80080002E7FF48FAE91E6D7
:10482000A3EB0A0AC5E5314652462046FCF774FE62
:104830002A46014606462046FCF7C0FD29460546A5
:104840002046FCF789FCEAE50220B0EE485B81E4F3
:10485000C0F13C008EE64FF0010BD9464FE403D186
:10486000019BDB073FF54CAED9461BF8013D302BD1
:10487000FAD057E6049B009A013304933123137056
:1048800050E6BAF1000F00F0238102F23342069B9A
:1048900009931344DDF820A00693904492E507EEB7
:1048A000900AB1EE0C5BB8EEE77BA6EE075B15EE67
:1048B000902A51EC150BA2F1507141EC150BB1EEA1
:1048C000047B36EE477BB4EEC57BF1EE10FA00F3C5
:1048D0003781B1EE455BB4EEC57BF1EE10FA7FF5A2
:1048E000FBAC4FF0000A564615E500F0F580049B3E
:1048F00051495A4202F00F0001EBC00191ED006BEB
:10490000121128EE066B00F04281B0EE467B4B4957
:1049100000260220D30705D591ED005B013001266A
:1049200027EE057B521001F10801F3D1002E06FE9F
:10493000076B1EE4029B002B7FF437AEDDE902011A
:10494000C1F31302002A40F037813D4A0A40002A91
:1049500000F0FA80069B01330693012308F1010859
:1049600008936FE52946089A2046FCF7D5FD0546D1
:104970005AE5002A12DD2946012220460193FCF760
:104980002BFE51460546FCF79FFE0028019B40F395
:10499000E180392B00F0CA800BF13103B94609F8E8
:1049A000013B049B0133374604934646BAE538EE93
:1049B000088BB4EEC68BF1EE10FA0ADCB4EE468B2F
:1049C000F1EE10FA7FF4DCAC17EE103AD8077FF561
:1049D000D7AC009A54E471682046FCF797FB074671
:1049E000002800F0DE80336902339A0006F10C01E2
:1049F0000C30F4F7BDFC394601222046FCF7ECFDF3
:104A00008046FEE5069BA3EB09030993DAE4392B04
:104A100000F08C80B9460133C1E7049A0132374671
:104A2000049246465FE529462046FCF775FD05469B
:104A3000FAE400BF388F0020D81C0020C81D0020D9
:104A40000000F07F5E4BFDEEC65B03EBC20C1CED7D
:104A5000023BB8EEE57B36EE477B41EC160B15EEDC
:104A6000901A23EE063B00983031012A00F8011B12
:104A700000F08380B2EE044B009B991827EE047B74
:104A8000FDEEC76B16EE903A303300F8013B8142E1
:104A9000B8EEE65B37EE457BF0D1B6EE006B33EE59
:104AA000065BB4EEC75BF1EE10FA3FF5E3AB36EE12
:104AB000436BB4EEC76BF1EE10FA7FF70DAC89468D
:104AC000013919F8013C302BF9D0731C049339E5F6
:104AD0000C9AC2F13602DAE60220B0EE486BFFF71C
:104AE00048BBB9F1000F3FF4DAAE0B9A002A7FF70A
:104AF000F3ABB2EE044B26EE046B013007EE900AE6
:104B0000049BB8EEE75BB1EE0C7BA6EE057B17EEDF
:104B100090CA51EC170B5E1EACF15071FFF747BB0A
:104B2000049B013304933123FFF7B1BB049BBB46C5
:104B300001330493392337460BF8013B4646E1E441
:104B40004FF0000A564653E608927BE4731C049328
:104B50008946F7E47FF422AFDA077FF51FAF18E745
:104B6000392BE3D0B9F1000F3FF716AF16E7019BE1
:104B7000022B3FF728AE0497BAE501468DE7019B6B
:104B8000022B3FF720AEDDF82C9004972BE5022096
:104B9000FFF7EFBA0B4B0C48002240F2AF11FFF7C2
:104BA000E5F8084B08483A4640F2EF21FFF7DEF8F7
:104BB000064B0093FFF7D2B9029B0893F7E400BFBE
:104BC000D81C0020F08D00203C8F00202C8F00206E
:104BD0000148FAF79DBF00BF38E500200148FAF709
:104BE0009FBF00BF38E5002070B5054684B05BB1BB
:104BF0001C4669B10E4B2846D3F8E0602346B04707
:104C0000431C0FD004B070BD00F582740029F1D1AF
:104C1000074A2346D2F8E06028460A4601A9B04771
:104C2000431CEFD100228A2322602B6004B070BDA8
:104C30005895002070B5134B84B01D686AB11446B6
:104C400078B1114B0A46D3F8E06001462346284666
:104C5000B047431C0FD004B070BD05F58274002826
:104C6000EFD1094A2346D2F8E06001A9024628465E
:104C7000B047431CEFD100228A2322602B6004B08E
:104C800070BD00BF109000205895002010B582B074
:104C9000049CCDE900344FF0FF3302F0C7FA02B0B4
:104CA00010BD00BF10B5074C82B08446CDE900238B
:104CB00020680A464FF0FF33614602F0B7FA02B0AF
:104CC00010BD00BF109000200CB400B583B004AB41
:104CD00053F8042B019300F06DFF03B05DF804EB73
:104CE00002B070470EB410B583B005AB064C53F854
:104CF000042B01930146206800F05CFF03B0BDE87F
:104D0000104003B0704700BF109000202DE9F04F15
:104D10009368176883B09246002B70D081468A68EA
:104D200008680C46083743E0A38913F4906F2ED02F
:104D3000D4E90416A0EB010806EB460606EBD6768E
:104D400008F1010076102844B042324684BF06467E
:104D500032465B0537D511464846F7F75DFC0190B2
:104D600000283AD042462169F4F702FBA289019B50
:104D700022F4906242F08002A281A6EB080203EBCB
:104D800008006661A260236120602E46A846424664
:104D90005946F9F7CBFCDAF80830A2682068921B74
:104DA00040445B1BA2602060CAF808303BB3083760
:104DB00057E902B5002DFAD0AA4216469046B3D95B
:104DC0002E46A846E3E74846F7F7DCFE03460028F0
:104DD000D3D121694846FBF7E7F9A3890C2243F0B8
:104DE0004003C9F800204FF0FF30A38100220023C8
:104DF000CAF80820CAF8043003B0BDE8F08F0020DC
:104E00000023CAF8043003B0BDE8F08F2DE9F04F5D
:104E10002DED028BC5B00C460DF1500A08EE101AAC
:104E2000834616460021082250460893F9F7FAFCFB
:104E3000A3891F0603D52369002B00F05B8500239F
:104E4000CDE91933CDE90D331BAA0C931892914685
:104E50000B930493B0464446974BD3F8E450FAF7CB
:104E60009FFD2246034612A9CDF800A05846A84748
:104E7000002800F02381C0F21681129A252A0346E9
:104E800001D01C44E8E7B4EB0806054640F01A815F
:104E9000002361788DF8433004F1010806934FF048
:104EA000FF371E462B2408F10108A1F120035A2BDD
:104EB00000F23A81DFE813F08C02380138018702F2
:104EC0003801380138016A00380138017C02720269
:104ED0003801F2005902380177025B005B005B0089
:104EE0005B005B005B005B005B005B00380138012E
:104EF0003801380138013801380138013801000221
:104F0000840038013801380138013801380138018E
:104F1000380138013801AE00380138013801CB01C1
:104F20003801970238013801EA04380138013801A4
:104F300038013801380138013801380138010002E0
:104F40008600380138013801CA0286007F00380126
:104F5000BD023801AA02B000D7027F003801CB01A0
:104F60007C00E80438013801C80438017C00A1F154
:104F70003003002218F8011B02EB820203EB42020D
:104F8000A1F13003092BF5D906928EE75846FEF7BA
:104F9000A7FE43680D931846FAF7F4FF0E900546F6
:104FA0005846FEF79DFE83680B93002D40F03D842C
:104FB00098F8001077E798F8001046F0200672E79E
:104FC00046F01006B40640F13781089B073323F002
:104FD00007031A46596852F8083B08920A46002906
:104FE000C0F29E81791C00F0B88426F0800653EA56
:104FF0000201039600F085830A2B72F1000180F014
:10500000A68330338DF80F310123039E05930DF2F3
:105010000F1430E046F0100616F0200200F0FF807A
:10502000089B073323F0070319465A6851F8083BD9
:10503000089126F480610391002100207E1C8DF8E8
:10504000430000F07981039820F0800653EA0200C3
:1050500040F0C682002F40F08384002940F0548342
:10506000039B13F00103059300F0CD8330238DF8EB
:105070000F310DF20F14059BBB42B8BF3B460393A3
:10508000002307939DF84330002B5BD0039B013333
:10509000039357E0069A08935242069298F800103C
:1050A00046F00406FFE6082200215046F9F7BAFB55
:1050B00001231C44D0E600BF58950020B4EB08063D
:1050C000054611D01A9B33441A93199B0133072BC1
:1050D000C9E9008619931CDC09F10809049B3344D3
:1050E0000493002D7FF4D4AE1A9B002B40F0CB84A8
:1050F00018EE103AB3F90C3013F0400F049B18BFB0
:105100004FF0FF330493049845B0BDEC028BBDE82B
:10511000F08F18EE101A18AA5846FFF7F7FD00286E
:10512000E6D10DF16C09D9E70029DDD000238DF817
:10513000433001238DF8AC10039305932BAC00236F
:1051400007931F4616F00203099302D0039B023314
:10515000039316F084030A9305D1069B039A9D1AC4
:10516000002D00F33F82DDE919219DF8430078B15D
:105170000132013101230DF14300072ACDE9192144
:10518000C9F80430C9F8000000F3658209F1080984
:10519000099B7BB1013211AB0231C9F80030072AFB
:1051A0004FF00203CDE91921C9F8043000F3608201
:1051B00009F108090A9B802B00F08381059BFD1AE9
:1051C000002D00F3BF81059BC9F80040013219444E
:1051D000072ACDE91921C9F8043000F3E48109F167
:1051E0000809700705D5069B039A9C1A002C00F34A
:1051F0004C82049B069A03988242ACBF9B181B18F2
:105200000493002940F0DA8100231993079B1BB116
:1052100007995846FAF7C8FF0DF16C091BE616F01E
:10522000100308996DD116F0400066D01A4651F867
:10523000043B08919BB2FCE6F006089A68D471061C
:1052400063D532F9043B0892DA171146C7E6089B8A
:105250001A4600238DF84330134653F8044B03934A
:10526000002C00F09983532903D016F0100500F0AC
:105270002A830021082216A81394F9F7D3FA791C7F
:1052800000F0A583002507942C460CE02BA9584676
:10529000FFF7AAFC421C204400F01D84B84208DC41
:1052A00000F022840446139A525916AB0435002AA2
:1052B000ECD10594079C97E3432902D0F50640F111
:1052C000F782089D0822002116A82BACF9F7AAFA4C
:1052D00016AB55F8042B21465846FFF785FC0346CC
:1052E0000133059000F0F783059B089523EAE373EB
:1052F000039300238DF8433021E716F4007240F049
:10530000AD8351F8043B089193E6B30500F1968311
:1053100052F8043B0892DA1711460029BFF662AE34
:105320005B4262EB420203962D207E1C4FF001018E
:105330008DF843007FF487AE01293FF45DAE02296A
:1053400044AC40F0A0800C9803F00F011B09415CB5
:1053500004F8011D43EA0273120953EA0201F3D172
:10536000039E44AB1B1B059385E6424612F8011BC6
:105370002A2900F0BC83A1F13003092B90464FF09D
:1053800000073FF692AD18F8011B07EB870703EB08
:105390004707A1F13003092BF5D986E598F80010ED
:1053A0008DF843407FE598F8001046F080067AE5D6
:1053B000089B53F8042B0692002AFFF66BAE98F870
:1053C000001008936FE598F8001046F001066AE5B2
:1053D0009DF84330002B7FF4EBAD202398F80010AC
:1053E0008DF843305FE546F010030393039B13F001
:1053F000200200F08D81089B073323F00703194634
:105400005A6851F8083B0891012116E6B70600F1E9
:105410000282F50600F1B882740600F12C83B00513
:1054200040F1B282089B049953F8042B0893117041
:1054300011E598F800106C2903BF98F8011046F0A8
:10544000200608F1010846F010062CE598F8001037
:10545000682903BF98F8011046F4007608F10108A6
:1054600046F040061FE5089A46F00203039352F8FF
:10547000043B089247F63002ADF84420BA4A0C9239
:1054800002210022D9E503F00701DB0843EA427359
:10549000D208303153EA0205204604F8011DF2D14A
:1054A000039EF5077FF55DAF30293FF459AF3023F8
:1054B000023804F8013C44AB1B1A039E05930446D2
:1054C000D9E5069B03981D1A002D7FF777AE102DA6
:1054D00025DD0994102318EE104A084604E0103D1B
:1054E000102D09F1080918DD0132A0491030072AF2
:1054F000C9E90013CDE91920F1DD18AA2146584663
:105500000DF16C09FFF702FC002860D1103D102D51
:10551000DDE919204FF01003E6DC099C0146013259
:10552000924BC9F804502944072ACDE91921C9F83A
:10553000003000F31B82059BFD1A002D09F10809BC
:105540007FF741AE102D1FDD4B46102718EE109A45
:1055500004E0103D102D03F1080314DD01328348EF
:105560001031072AC3E90007CDE91921F1DD18AA96
:1055700049465846FFF7CAFB48BB103D102DDDE9F0
:1055800019211BABEADC99460132784BC9F804506B
:105590002944072ACDE91921C9F8003000F3C98050
:1055A00009F108090FE618EE101A18AA5846FFF775
:1055B000ADFB60B91A990DF16C0912E618EE101ADC
:1055C00018AA5846FFF7A2FB00283FF41DAE079B20
:1055D000002B3FF48DAD07995846FAF7E5FD87E5B6
:1055E0000396A9E6102DDDE9192125DD0F9410237E
:1055F00018EE104A084604E0103D102D09F1080984
:1056000018DD01325A491030072AC9E90013CDE9E3
:105610001920F1DD18AA214658460DF16C09FFF753
:1056200075FB0028D3D1103D102DDDE919204FF076
:105630001003E6DC0F9C014601324D4BC9F80450C3
:105640002944072ACDE91921C9F8003000F37781F0
:1056500009F1080989E518EE101A18AA5846FFF74B
:1056600055FB0028B3D1DDE919210DF16C098FE557
:1056700018EE101A18AA5846FFF748FB0028A6D1C2
:10568000DDE919210DF16C0994E5102C199B21DD40
:1056900018EE106A10250A4604E0103C102C09F19F
:1056A000080916DD013332491032072BC9E900150C
:1056B000CDE91932F1DD18AA31465846FFF726FB2D
:1056C000002884D1103C102CDDE919320DF16C0951
:1056D000E8DC11460133264AC9F804402144072B6F
:1056E000CDE91931C9F800207FF783AD18EE101A03
:1056F00018AA5846FFF70AFB00287FF468AF1A99EA
:1057000077E5002F7FF47DAC0027059744ACB2E429
:10571000039B13F0100378D1039A12F0400000F0BD
:10572000468108991A4651F8043B08919BB2012121
:1057300083E418EE101A18AA5846FFF7E7FA002873
:105740007FF445AFDDE919210DF16C093BE50399C3
:10575000059744AC9E4608EE90BA01F480664FF07F
:10576000000C23460DE000BFBC8E00201C2600204C
:105770000C260020BEF10A0F72F100023AD3A646B1
:105780002A46B2491EEB020040F100000F46A1FB81
:10579000001424F0030101EB9401401ABEEB000158
:1057A0004FF0CC3562F1000405FB01F507FB045511
:1057B000A1FB07410D44052704F00101A1FB071BD4
:1057C00009186408303103F8011C44EAC5740CF16F
:1057D000010C013B6D08002ECCD00B990978614576
:1057E000C8D1BCF1FF0FC5D0BEF10A0F72F10002A3
:1057F00080F08D801C4644AB1B1B059F039E0593C8
:1058000018EE90BA37E444AC35E4089951F8043BFB
:105810000891012111E4089B049853F8041B089394
:10582000C217C1E90002FFF716BB0B9B002B3FF428
:10583000BFAB0B9B1B78002B3FF4BAAB98F8001062
:1058400046F48066FFF72FBB814B0C9316F02002C5
:1058500021D0089B073323F0070318465A6850F8F5
:10586000083B0890F00709D553EA020006D08DF8EE
:105870004510302146F002068DF8441026F4806170
:1058800003910221FFF7D9BB0396AFE5714B0C934F
:1058900016F02002DDD116F0100308984BD116F057
:1058A000400444D01A4650F8043B08909BB2D9E714
:1058B000089B012153F8042B03918DF8AC20089329
:1058C00005912BAC15E57B1C00F0F8803A46294683
:1058D0002046FAF7F7FA0790002800F0E880031B4B
:1058E000039A059323EAE3732F46089203930795DF
:1058F000FFF7C8BB40215846F6F78EFE20602061B6
:10590000002800F0FF8040236361FFF798BA0E9AE9
:105910000D999B1A18460793F9F7B0F80B99079B56
:105920004A780AB101310B914FF0000C27E716F4C9
:10593000007240F09A8050F8043B089092E718EE0D
:10594000101A18AA5846FFF7E1F900287FF43FAE75
:10595000DDE919210DF16C0907E40396FFF74CBB53
:10596000012903967FF4EBACFFF74BBB18EE101A3E
:1059700018AA5846FFF7CAF900287FF428AEDDE9D7
:1059800019210DF16C0919E4089B049953F8042BB3
:1059900011600893FFF75FBA062F3B46039A2E4C1F
:1059A000089228BF062305930393FFF7C8BB039B08
:1059B000089913F4007214BF51F8043B51F8043BEA
:1059C00008911CBF0246DBB20121FFF736BB16ABC4
:1059D00000930023194613AA5846FFF757F90346C8
:1059E0000133059077D01394059BFBB1632B56DCF4
:1059F000002307932BAC0822002116A8F8F712FF0A
:105A0000059D16AB009313AA2B4621465846FFF777
:105A10003DF985427ED1039B059A08930023A35448
:105A20001F4622EAE2730393FFF72CBB039B089304
:105A3000059B03931F460793FFF724BB12F9043B12
:105A40000892DA171146FFF7CABA00BFCDCCCCCC0A
:105A5000BC8E0020D08E0020E48E002051F8043B44
:105A600008910246DBB2FFF7E4BA50F8043B089015
:105A70002246DBB2F6E6089B049953F8042B089300
:105A80001180FFF7E8B918EE104A18EE101A18AA9C
:105A90005846FFF73BF9B4F90C30FFF72DBB591C02
:105AA0005846F6F7B9FD0446A8B10790A3E7039B53
:105AB000059703970893079FFFF7E4BA039B0893A2
:105AC0002046FAF75FFA20EAE0732F460590039329
:105AD0000795FFF7D7BA18EE102AB2F90C3043F049
:105AE00040039381FFF708BB079C05977CE7089B61
:105AF00098F8011053F8047B0893904647EAE7773B
:105B0000FFF7D1B90C23CBF800304FF0FF330493EB
:105B1000FFF7F9BA18EE102A938943F040039381F6
:105B200055E500BF2DE9F84F4B6E9C0490462DD5EE
:105B30009368126843B38B46064602F1080959E997
:105B4000025A5FEA9A0715D0043D002401E0A742FB
:105B50000ED055F8041F5A46304601F075FA431C22
:105B600004F10104F3D10023C8E90133BDE8F88F43
:105B7000D8F808302AF0030AA3EB0A03C8F8083063
:105B800009F10809002BDAD10020ECE701F026F832
:105B90000023C8E90133BDE8F88F00BF10B4946852
:105BA00014B15DF8044BBDE7204654605DF8044B2A
:105BB000704700BF2DE9F04F2DED028BC5B00DF100
:105BC000500A834608EE101A164600210822504655
:105BD0001C460793F8F726FEBBF1000F04D0DBF854
:105BE0003430002B00F0A08618EE102A536EDB072D
:105BF00040F11385B2F90C108AB295040BD418EE5B
:105C0000103A41F4005199815B6E8AB218EE101A75
:105C100023F400534B66100740F1058118EE103A4B
:105C20001B69002B00F0FF8002F01A030A2B00F022
:105C30000A810023CDE91933CDE90D331BAA0C935A
:105C4000189291460B930593B0464446A84BD3F85F
:105C5000E450F9F7A5FE2246034612A9CDF800A0AC
:105C60005846A847002800F04581C0F23981129AB1
:105C7000252A034601D01C44E8E7B4EB0806054694
:105C800040F03C81002361788DF8433004F1010835
:105C900006934FF0FF371E462B2408F10108A1F1AF
:105CA00020035A2B00F27881DFE813F0B502760169
:105CB0007601B0027601760176016A0076017601FE
:105CC0007D028D02760188029702760192025B00C6
:105CD0005B005B005B005B005B005B005B005B00EC
:105CE00076017601760176017601760176017601FC
:105CF00076015C02840076017601760176017601F8
:105D000076017601760176017601E800760176016A
:105D1000760133027601DA02760176018B0576018F
:105D200076017601760176017601760176017601BB
:105D300076015C028600760176017601CD0286004E
:105D40007F007601C0027601FD02EA00ED027F00CD
:105D5000760133027C006905760176016B057601D8
:105D60007C00A1F13003002218F8011B02EB820233
:105D700003EB4202A1F13003092BF5D906928EE71D
:105D80005846FDF7ADFF43680D931846FAF7FAF849
:105D90000E9005465846FDF7A3FF83680B93002D30
:105DA00040F0D68498F8001077E798F8001046F095
:105DB000200672E746F01006B40640F18E81079B7C
:105DC000073323F007031A46596852F8083B079235
:105DD0000A460029C0F27084791C00F0A28526F0E2
:105DE0008001039153EA020100F03F840A2B72F113
:105DF000000180F0418530338DF80F31039E01237F
:105E000004930DF20F14049BBB42B8BF3B460393AF
:105E1000002308939DF84330002B00F0CB80039BB8
:105E200001330393C6E018EE101A584618EE105AC4
:105E300001F04EF8002840F05286AA8902F01A03B9
:105E40000A2B7FF4F6AE18EE101AB1F90E30002BC3
:105E5000FFF6EFAE4B6EDB0702D4970540F11286DA
:105E600018EE101A23463246584600F077FE059089
:105E7000059845B0BDEC028BBDE8F08F46F01006EA
:105E800016F0200200F03681079B073323F007034A
:105E900019465A6851F8083B079126F4806103912E
:105EA000002100208DF84300781C00F01082039838
:105EB00020F0800653EA020040F00882002F40F0F4
:105EC0003885002940F0D583039B13F00103049328
:105ED00000F0118430238DF80F310DF20F1492E78A
:105EE000082200215046F8F79DFC01231C44ADE632
:105EF00058950020B4EB080605461BD0199B1A9A4A
:105F000001333244072BC9E900861A9219931CDD2C
:105F1000002A00F0A68318EE101A18AA5846FFF7B8
:105F200001FE20BB0DF16C09059B33440593002D48
:105F30007FF4A8AE1A9B002B40F0C18518EE103AF2
:105F40000022B3F90C30199215E009F10809EBE7CA
:105F500018EE101A18AA5846FFF7E4FD002800F0C2
:105F6000A680089B1BB108995846FAF71DF918EE50
:105F7000103AB3F90C3018EE102A526E12F0010FDD
:105F80009AB200F0A080500600F1B285059845B0A5
:105F9000BDEC028BBDE8F08F0029CBD000238DF83B
:105FA00043300123CDE903338DF8AC102BAC002333
:105FB00008931F4616F00203099302D0039B023395
:105FC000039316F084030A9305D1069B039A9D1A46
:105FD000002D00F37B82DDE91903411C9DF843206D
:105FE00082B101220133C9F8042007290DF14302CF
:105FF000CDE91913C9F8002000F34A82084609F1D7
:1060000008090131099AE2B111AA0233C9F8002046
:1060100007294FF00202CDE91913C9F8042040F313
:106020005082002B00F0438318EE101A18AA58462D
:10603000FFF778FD002894D1DDE919030DF16C0913
:10604000411C0A9A802A00F08481049ABD1A002D0E
:1060500000F3D781049AC9F8004013440729CDE919
:106060001913C9F8042040F36E81002B00F07582EB
:1060700018EE101A18AA5846FFF754FD00287FF4AE
:1060800070AF1A9B0DF16C09750705D5069A039937
:10609000541A002C00F36B82DDE90521039881423C
:1060A000ACBF521812180592002B7FF451AF08991B
:1060B00000231993002900F049815846FAF774F833
:1060C0000DF16C09C1E59C053FF55DAF18EE104A76
:1060D000A06DF9F725FDA28955E7F006079A00F1B2
:1060E0001F83710640F1198332F9043B0792DA17D6
:1060F00011466EE616F01003079940F0098316F07A
:10610000400000F001831A4651F8043B07919BB20E
:10611000C3E6079B1A4600238DF84330134653F815
:10612000044B0393002C00F01284532900F0658384
:1061300016F0100540F061837B1C00F0B3843A46F2
:1061400029462046F9F7BEFE0890002800F09F84FB
:10615000031B039A049323EAE3732F4607920393E6
:10616000089557E6432902D0F50640F12D83079D97
:106170000822002116A82BACF8F754FB16AB55F8F3
:10618000042B21465846FEF72FFD034601330490A9
:1061900000F0B384049B079523EAE3730393002381
:1061A0008DF8433003E7079B53F8042B0692002A2F
:1061B00080F29C82069A5242CDE9062398F800109C
:1061C00046F0040669E598F800108DF8434064E550
:1061D00098F8001046F080065FE5424612F8011B71
:1061E0002A2900F09684A1F13003092B90464FF044
:1061F00000073FF654AD18F8011B07EB870703EBC8
:106200004707A1F13003092BF5D948E598F80010AC
:1062100046F0010641E59DF84330002B7FF4C2AD06
:10622000202398F800108DF8433036E598F80010D8
:106230006C2903BF98F8011046F0200608F1010808
:1062400046F0100629E598F80010682903BF98F871
:10625000011046F4007608F1010846F040061CE5FE
:1062600046F010030393039B13F0200200F0068214
:10627000079B073323F0070319465A6851F8083B78
:10628000079101210DE6079A46F00203039352F8A5
:10629000043B079247F63002ADF84420B84A0C920E
:1062A00002210022FDE5B70600F14882F50600F163
:1062B0004683740600F1D583B00540F14083079B07
:1062C000059953F8042B07931170BEE40396012936
:1062D0003FF48CAD022944AC11D10C9803F00F01AE
:1062E0001B09415C04F8011D43EA0273120953EAD9
:1062F0000201F3D1039E44AB1B1B049383E503F01F
:106300000701DB0843EA4273D208303153EA020541
:10631000204604F8011DF2D1039EF307EBD5302986
:10632000E8D03023023804F8013C44AB1B1A039E2A
:106330000493044667E5049B1B9401221C931A9363
:1063400019920DF16C0909F108099DE60DF16C092E
:106350007BE4069A039D551B002D7FF776AE102D2A
:1063600040F3BB83099418EE104A07E000F1020CD9
:1063700009F108091046103D102D1EDD8149C9F8AC
:106380000010421C10331021072ACDE91923C9F847
:106390000410EBDD18AA002B74D0214658460DF1ED
:1063A0006C09FFF7BFFB00287FF4DBADDDE91903C3
:1063B000103D102D00F1010CE0DC099C714AC9F878
:1063C00004502B44BCF1070FCDE919C3C9F80020D4
:1063D00040F39481002B00F01F8318EE101A18AAC6
:1063E0005846FFF79FFB00287FF4BBAD049ADDE918
:1063F0001903BD1A002D00F101010DF16C097FF7A1
:1064000029AE102D29DD0994102718EE104A07E057
:1064100000F1020C09F108091046103D102D1ADD9B
:10642000421C58491033072AC9E90017CDE919233E
:10643000EEDD18AA03B3214658460DF16C09FFF7AB
:1064400071FB00287FF48DADDDE91903103D102D9F
:1064500000F1010CE4DC099C61464A4AC9F8045089
:106460002B440729CDE91913C9F8002000F3E78070
:1064700009F108090131EDE54FF0010C18460DF165
:106480006C09CAE74FF0010C18460DF16C0972E770
:10649000002B00F0048118EE101A18AA5846FFF7D6
:1064A00041FB00287FF45DADDDE919030DF16C09B6
:1064B000411CA7E5022311AA1C931B9201210DF197
:1064C0006C09084609F10809411CBAE5102D40F392
:1064D000E582DDE919130F94084618EE104A07E02B
:1064E00000F1020C09F108091046103D102D1DDDC8
:1064F0002549C9F80010421C10331021072ACDE9A4
:106500001923C9F80410EBDD18AA03B32146584635
:106510000DF16C09FFF706FB00287FF422ADDDE9E1
:106520001903103D102D00F1010CE1DC0F9C6046B9
:10653000154AC9F804502B440728CDE91903C9F8B6
:10654000002000F3C18009F10809411C46E5184606
:106550004FF0010C0DF16C09C7E77607199353D57D
:10656000069A0399541A002C4EDD0DF16C09102C7B
:1065700040F3B082199918EE106A10250DE000BFA3
:10658000BC8E00203C2600202C260020881C09F10F
:1065900008091146103C102C1ADD4A1CB348103370
:1065A000072AC9E90005CDE91923EFDD18AA33B39D
:1065B00031465846FFF7B6FA00287FF4D2ACDDE941
:1065C0001913103C102C01F101000DF16C09E4DCF1
:1065D000A64AC9F8044023440728CDE91903C9F89D
:1065E00000207FF759AD7BB118EE101A18AA584653
:1065F000FFF798FA00287FF4B4AC1A9B4CE5012011
:1066000019460DF16C09C5E7DDE9053203998A42A7
:10661000ACBF9B185B18059349E5B2F90C108F05C8
:1066200018EE103A8AB23FF5E8AA18EE105A986DA3
:10663000F9F76EFAB5F90C108AB2FFF7DEBA002B43
:106640003FF479AE18EE101A18AA5846FFF76AFA06
:1066500000287FF486AC19991A9B01310DF16C0961
:10666000F8E419920DF16C095EE4002F7FF4C3ABDE
:10667000039E0027049744ACFFF7C5BB039B13F0B0
:10668000100354D1039A12F0400000F06B81079977
:106690001A4651F8043B07919BB2012101E4099A83
:1066A000002A64D1184601210DF16C09C9E40121C9
:1066B00018460DF16C09C4E45B4262EB420203969A
:1066C0002D200121FFF7EEBB002B00F0888018EE93
:1066D000101A18AA5846FFF725FA00287FF441AC93
:1066E000DDE919030DF16C09411C77E498F80010FD
:1066F0000793FFF7D2BA44ACFFF785BB09F108094D
:106700000CF101016046A0E416F4007240F097819C
:1067100051F8043B0791FFF7C0BBB30500F1888136
:1067200052F8043B0792DA171146FFF752BB07995C
:1067300051F8043B07910121FFF7B3BB079B059874
:1067400053F8041B0793C217C1E90002FFF77DBA93
:106750000B9B002B3FF426AB0B9B1B78002B3FF4CD
:1067600021AB98F8001046F48066FFF796BA022332
:1067700011AA1C931B9201200DF16C09A2E603964D
:1067800071E53B4B0C9316F0200259D0079B073361
:1067900023F0070318465A6850F8083B0790F4079F
:1067A00009D553EA020006D08DF84510302146F095
:1067B00002068DF8441026F4806103910221FFF750
:1067C00070BB2C4B0C93DEE7079B012153F8042B85
:1067D00003918DF8AC20079304912BACDFE49DF876
:1067E0004320002A40F03281099A002A7FF462AEE9
:1067F000184601210DF16C0927E40021082216A892
:106800001394F8F70FF8791C00F0BC80002507946A
:106810002C460CE02BA95846FEF7E6F9421C204412
:1068200000F06B81B84208DC00F070810446139AD6
:10683000525916AB0435002AECD10494079CAFE002
:1068400016F0100307980CD116F0400405D01A4634
:1068500050F8043B07909BB2A1E716F4007240F099
:10686000E18050F8043B079099E700BF2C260020F8
:10687000BC8E0020D08E00200399049744AC9E4625
:1068800008EE90BA01F480664FF0000C234606E053
:10689000BEF10A0F72F1000239D3A6462A46A64974
:1068A0001EEB020040F100000F46A1FB001424F093
:1068B000030101EB9401401ABEEB00014FF0CC350F
:1068C00062F1000405FB01F507FB0455A1FB07413C
:1068D0000D44052704F00101A1FB071B09186408FA
:1068E000303103F8011C44EAC5740CF1010C013B82
:1068F0006D08002ECCD00B9909786145C8D1BCF148
:10690000FF0FC5D0BEF10A0F72F100026CD21C4617
:1069100044AB1B1B049F039E049318EE90BAFFF731
:1069200072BA0396FFF762BA5846F7F7F5FCFFF71D
:106930005BB9012903967FF4CDACFFF75CBA079BE6
:10694000059953F8042B11600793FFF77EB9062FC2
:106950003B46039A794C079228BF0623049303937E
:10696000FFF725BB039B079913F4007214BF51F87E
:10697000043B51F8043B07911CBF0246DBB20121E6
:10698000FFF78FBA16AB00930023194613AA584697
:10699000FEF77CF903460133049000F0AE801394B7
:1069A000049B002B30D0632B63DC002308932BACBB
:1069B0000822002116A8F7F735FF049D16AB0093B7
:1069C00013AA2B4621465846FEF760F9854240F04F
:1069D000AB80039B049A07930023A3541F4622EA2B
:1069E000E2730393FFF716BA0E9A0D999B1A184695
:1069F0000893F8F743F80B99089B4A780AB10131DC
:106A00000B914FF0000C48E7039B0793049B039303
:106A10001F460893FFF7FEB9012118460DF16C09D6
:106A2000FFF713BB50F8043B07902246DBB2B6E6F3
:106A300012F9043B0792DA171146FFF7CAB951F869
:106A4000043B07910246DBB2FFF727BA01231C93F0
:106A500001210DF143031B930DF16C090B46FFF768
:106A6000CDBA079B059953F8042B07931180FFF7C4
:106A7000ECB8591C5846F5F7CFFD044600283CD029
:106A8000089095E7886DF9F74BF8FFF7E9B9039B94
:106A90000793CDE90377089FFFF7BCB919981A9BB4
:106AA000013045E5039B07932046F9F76BFA20EA8E
:106AB000E0732F46049003930895FFF7ABB918EEE7
:106AC000101A18AA5846FFF72DF800283FF436AAE6
:106AD000FFF74DBA199801307AE58C466EE46B6E7B
:106AE000D90705D4AB899A0502D4A86DF9F718F82F
:106AF0004FF0FF330593FFF749BA18EE102AB2F9A9
:106B00000C3043F040039381FFF735BA079C04979C
:106B100046E7079B98F8011053F8047B07939046CB
:106B200047EAE777FFF7B9B818EE102A938943F0E0
:106B300040039381FFF715BACDCCCCCCE48E002076
:106B400010B4054C8446134620685DF8044B0A4691
:106B50006146FFF72FB800BF1090002070B50C46BB
:106B60008989ADF58E6D21F00201ADF81410616ECA
:106B70001B91E189ADF81610E1690991616A0B91E9
:106B80001CA9029106914FF4806106460491079179
:106B900018A80021CDE900320891F8F7B1FFDDE92E
:106BA000003202A93046FFF705F8051E07DB02A9EF
:106BB0003046FCF7B1FF002818BF4FF0FF35BDF895
:106BC00014305B0603D5A38943F04003A3811898D2
:106BD000F8F79AFF28460DF58E6D70BD9368002B6F
:106BE00000F085802DE9F04FB1F90C300C46190703
:106BF000804683B0174698B225D523691BB310F0A1
:106C000002033D682DD04FF0000ADFF8C0B25646AF
:106C1000B9465E453346524628BF5B464046002E85
:106C200052D0E169676AB847002856DDD9F80830C4
:106C30001B1A8244361AC9F80830002BE9D100200B
:106C400003B0BDE8F08F2146404600F041F900282E
:106C500040F03881B4F90C303D6898B210F002036E
:106C6000D1D110F0010944D14E46009746B38205B8
:106C7000D4F808B040F18580B3455A4600F2B4809C
:106C800010F4906F40F0C180206801924946F7F7F8
:106C90004DFDA368019AA3EB0B012368A160134487
:106CA000B24623600026009A9368A3EB0A03D144FE
:106CB0009360002BC3D0B4F90C0080B2002ED6D163
:106CC000D5E900960835D1E7D5E900A60835A0E753
:106CD00021464046FCF720FF88B3B4F90C3043F05E
:106CE00040034FF0FF30A38103B0BDE8F08F0020D8
:106CF00070471E46BA469946184600951F4666B329
:106D0000002832D04A46D4E904132068A568B2426C
:106D100028BF3246884204D905EB030B5A4500F3DD
:106D2000A780934264DCE169656A3A464046A84719
:106D3000B0F1000BD1DDB9EB0B09C9D00120DAF8B5
:106D40000830A3EB0B035F44A6EB0B06CAF8083030
:106D5000002B3FF474AF002ED2D1009A5668134630
:106D600008320092002EF8D01F6832460A213846B9
:106D7000F9F7A8F8002800F09C800130A0EB070983
:106D8000C0E720682369984216D86269B24213D8D6
:106D90006FF00043B34228BF3346E16993FBF2F33F
:106DA000676A02FB03F340464A46B847B0F1000A5F
:106DB00093DDA6EB0A0676E7B345DA4628BFB2466E
:106DC00052464946F7F7B2FCA3682268A3EB0A03D0
:106DD0005244A3602260002BEBD121464046FCF7D1
:106DE0009BFE0028E5D078E72068B34632464CE7A2
:106DF00039460192F7F79AFC019AA3689B1AA3609F
:106E0000236813442360934695E723682169A3EB25
:106E1000010B636903EB430A0AEBDA7A0BF1010316
:106E20004FEA6A0A33445345524684BF9A46524653
:106E300043052CD511464046F5F7EEFB00283BD024
:106E40005A4621690190F2F793FAA289019B22F434
:106E5000906242F08002A28103EB0B002361AAEB57
:106E60000B03C4F814A0A3602060B34632460CE7BD
:106E700039465A46F7F75AFC23685B44236021469B
:106E80004046FCF749FE00283FF455AF25E7404651
:106E9000F5F778FE03460028DED121694046F9F770
:106EA00083F9B4F90C300C2223F08003C8F80020D9
:106EB00015E7721C914626E70C22B4F90C30C8F88D
:106EC00000200CE74FF0FF30BAE600BF00FCFF7F68
:106ED00038B5314B1B6805460C4613B15A6B002A76
:106EE0004ED0B4F90C3018079AB21CD5216929B3D9
:106EF00012F0010007D00020A06060694042A0614C
:106F000039B1002038BD950758BF6069A0600029DD
:106F1000F7D1120658BF0846F4D543F04003A381C9
:106F20004FF0FF3038BDD1062ED5520714D4216959
:106F300043F00803A3819AB20029D9D102F420704A
:106F4000B0F5007FD4D02146284600F097F9B4F977
:106F50000C3021699AB2CBE7216B51B104F14002A8
:106F6000914204D02846F9F71FF9B4F90C300022F9
:106F7000226321690022C4E9001223F02403D7E729
:106F80001846F7F7C9F9ACE7092243F040032A6035
:106F90004FF0FF30A38138BD109000202DE9F0475D
:106FA00082B0824688461446F8F7FAFC012803D1DD
:106FB00008F1FF33FE2B37D96D46424604F15C03DE
:106FC00029465046FDF710FE421C064633D030B32A
:106FD0009DF800C0C5F101090AE023685A1C22602F
:106FE00083F800C009EB0503B34218D215F801CFAE
:106FF000A368013B002BA360EFDAA769BB4261469F
:107000002246504602DBBCF10A0FE6D100F0D2F96D
:10701000431CE7D10646304602B0BDE8F08746463D
:10702000304602B0BDE8F0875FFA88FC8DF800C0FA
:1070300006466D46CEE7A389304643F04003A38160
:1070400002B0BDE8F08700BF30B5536E13F0010FFA
:10705000B2F90C30144683B005469AB201D19805B6
:107060001CD5900406D4626E43F4005342F40052DF
:10707000A381626622462846FFF790FF636EDA0717
:10708000054602D4A3899B0502D5284603B030BD2E
:10709000A06DF8F745FD284603B030BDA06D019105
:1070A000F8F736FDB4F90C3001999AB2D9E700BF70
:1070B0001B4B70B51E6805460C460EB1736B5BB377
:1070C000636E13F0010FB4F90C309AB201D1980538
:1070D0001BD5910406D4626E43F4005342F400526F
:1070E000A3816266224629463046FFF757FF636E4A
:1070F000DA07054602D4A3899B0501D5284670BD51
:10710000A06DF8F70DFD284670BDA06DF8F700FDE5
:10711000B4F90C309AB2DCE73046F7F7FDF8CFE768
:10712000109000202DE9F04F8BB0DDE9158A149FF7
:107130000391814605921E46B8F1000F5CD0039B77
:10714000002B5ED0059B1D68002F6AD0741E4EB3C5
:10715000039B0493043D002601950BE0039B2BBB8E
:10716000019B1A68002A3AD0BC455CD2013C631CE2
:10717000664617D0D8F800300293019BDAF8E05049
:1071800053F8042F019307A943464846D8F804B0A2
:10719000A847421C3AD000EB060CBC45DED9029B46
:1071A000C8E9003B30460BB0BDE8F08F00280EDD8B
:1071B000049B019D18445A1E07A900F1FF3E11F8D7
:1071C000013B02F8013F7245F9D101950490059BFE
:1071D0001A6804321A60019B1A68002AC4D1039B02
:1071E0000BB1059B1A600CF1FF3600223046C8F83F
:1071F00000200BB0BDE8F08F039B00F58678002BD4
:10720000A0D1059B4FF0FF371D689FE706468A21F6
:1072100000223046C9F80010C8F800200BB0BDE8C5
:10722000F08F3E46BEE76646BCE700BF10B584B0AF
:10723000054C069800900798019004480068029455
:10724000FFF770FF04B010BD58950020109000208B
:1072500000B585B0844600930648069B0193064B13
:107260000068029313460A466146FFF75BFF05B0CC
:107270005DF804FB10900020589500202DE9F041A6
:107280008B890C46990796B008D504F14303012277
:10729000C4E90432236016B0BDE8F081B4F90E10E1
:1072A0000029064625DB6A4600F0E8F800281FDBC7
:1072B000019D05F47045A5F50055B5FA85F54FF427
:1072C00080686D094FF4006741463046F5F7A4F930
:1072D000E0B1B4F90C30C4F8148043F080032060AE
:1072E0002061A38135BB3B43A38116B0BDE8F0818B
:1072F000A38913F0800519D04FF0400800254146BE
:1073000030462F46F5F788F90028E2D1B4F90C3061
:107310009A05C0D423F0030304F1430243F00203AF
:107320000121C4E90421A3812260B4E74FF48068FD
:107330002F46C9E7B4F90E10304600F0B5F810B981
:10734000B4F90C30CFE7A38923F0030343F0010322
:107350001BB2C8E770B50C46B1F90E10002996B003
:1073600015461E4614DB6A4600F088F800280FDB3D
:10737000019901F47041A1F50051B1FA81F14FF486
:10738000806349094FF4006031602B6016B070BD16
:10739000A18911F0800106D0002140230846316008
:1073A0002B6016B070BD4FF48063084631602B60CF
:1073B00016B070BDF8B50D461446064610B1436BC5
:1073C000002B4CD0B4F90C20A369A360170790B22E
:1073D0001BD52369CBB1EDB281042F4622D522689B
:1073E0006169D31A994229DD0133A1680139A1608D
:1073F000511C2160157062699A4227D0A389DB076E
:1074000001D50A2D22D03846F8BD21463046FFF777
:107410005FFD08BBB4F90C20236990B2EDB2810482
:107420002F46DCD442F40052A281626E616922F4DC
:10743000005262662268D31A9942D5DC2146304652
:10744000FCF76AFB40B922680123CEE721463046AB
:10745000FCF762FB0028D6D04FF0FF37D3E7F6F7F2
:107460005BFFAFE710B4044C03460A4620685DF8A2
:10747000044B1946FFF79EBF1090002070B50C46D4
:10748000084D03460026204611461C462E60F2F7A2
:1074900097FB431C00D070BD2B68002BFBD02360F2
:1074A00070BD00BF28E5002038B5074D0022044616
:1074B00008462A60F2F78AFB431C00D038BD2B68CF
:1074C000002BFBD0236038BD28E5002008B502461C
:1074D0000B4643EC172BB5EEC07BF1EE10FA03D44C
:1074E000BDE8084000F00AB8B1EE477B51EC170B3D
:1074F00000F004F8404261EB410108BD9FED0B6BC9
:1075000041EC170B9FED0B5B27EE066BBCEEC66BD9
:10751000B8EE464BA4EE457BFCEEC77B16EE101A88
:1075200017EE900A704700BFAFF300800000000024
:107530000000F03D000000000000F0415FF800F0A6
:10754000891700605FF800F0B11F00605FF800F07D
:04755000091F0060AF
:04755400F8B500BFC7
:087558008C47FF7F01000000D9
:10756000000000000000000000000000000000001B
:10757000000000000000000000000000000000000B
:1075800000000000000000000000000000000000FB
:1075900000000000000000000000000000000000EB
:1075A00000000000000000000000000000000000DB
:1075B00000000000000000000000000000000000CB
:1075C00000000000000000000000000000000000BB
:1075D00000000000000000000000000000000000AB
:1075E000000000000000000000000000000000009B
:1075F000000000000000000000000000000000008B
:10760000000000000000000000000000000000007A
:10761000000000000000000000000000000000006A
:10762000000000000000000000000000000000005A
:10763000000000000000000000000000000000004A
:10764000000000000000000000000000000000003A
:10765000000000000000000000000000000000002A
:10766000000000000000000000000000000000001A
:10767000000000000000000000000000000000000A
:1076800000000000000000000000000000000000FA
:1076900000000000000000000000000000000000EA
:1076A00000000000000000000000000000000000DA
:1076B00000000000000000000000000000000000CA
:1076C00000000000000000000000000000000000BA
:1076D00000000000000000000000000000000000AA
:1076E000000000000000000000000000000000009A
:1076F000000000000000000000000000000000008A
:107700000000000000000000000000000000000079
:107710000000000000000000000000000000000069
:107720000000000000000000000000000000000059
:107730000000000000000000000000000000000049
:107740000000000000000000000000000000000039
:107750000000000000000000000000000000000029
:107760000000000000000000000000000000000019
:107770000000000000000000000000000000000009
:1077800000000000000000000000000000000000F9
:1077900000000000000000000000000000000000E9
:1077A00000000000000000000000000000000000D9
:1077B00000000000000000000000000000000000C9
:1077C00000000000000000000000000000000000B9
:1077D00000000000000000000000000000000000A9
:1077E0000038FAFE422EE63F3067C79357F32E3D2E
:1077F000000000000000E0BF605555555555E5BF3D
:10780000060000000000E03F4E5559999999E93F64
:107810007AA429555555E5BFE945489B5B49F2BF18
:10782000C33F268B2B00F03F0000000000A0F63F76
:10783000000000000000000000C8B9F2822CD6BF92
:107840008056372824B4FA3C000000000080F63F40
:107850000000000000000000000858BFBDD1D5BFE7
:1078600020F7E0D808A51CBD000000000060F63F2E
:107870000000000000000000005845177776D5BFD3
:107880006D50B6D5A46223BD000000000040F63F55
:10789000000000000000000000F82D87AD1AD5BFE1
:1078A000D567B09EE484E6BC000000000020F63FEF
:1078B0000000000000000000007877955FBED4BF94
:1078C000E03E2993691B04BD000000000000F63F64
:1078D000000000000000000000601CC28B61D4BFEB
:1078E000CC844C482FD8133D0000000000E0F53F49
:1078F000000000000000000000A886863004D4BF0D
:107900003A0B82EDF342DC3C0000000000C0F53F82
:107910000000000000000000004869554CA6D3BFDD
:1079200060945186C6B1203D0000000000A0F53FE4
:1079300000000000000000000080989ADD47D3BFDF
:107940009280C5D44D59253D000000000080F53FD0
:1079500000000000000000000020E1BAE2E8D2BF11
:10796000D82BB7991E7B263D000000000060F53F34
:1079700000000000000000000088DE135A89D2BF1A
:107980003FB0CFB614CA153D000000000060F53FBF
:1079900000000000000000000088DE135A89D2BFFA
:1079A0003FB0CFB614CA153D000000000040F53FBF
:1079B00000000000000000000078CFFB4129D2BF8A
:1079C00076DA5328245A16BD000000000020F53F47
:1079D0000000000000000000009869C198C8D1BFF5
:1079E0000454E768BCAF1FBD000000000000F53F75
:1079F000000000000000000000A8ABAB5C67D1BF36
:107A0000F0A88233C61F1F3D0000000000E0F43FD5
:107A100000000000000000000048AEF98B05D1BF57
:107A2000665A05FDC4A826BD0000000000C0F43F52
:107A30000000000000000000009073E224A3D0BF0B
:107A40000E03F47EEE6B0CBD0000000000A0F43FBE
:107A5000000000000000000000D0B4942540D0BF1A
:107A60007F2DF49EB836F0BC0000000000A0F43F6B
:107A7000000000000000000000D0B4942540D0BFFA
:107A80007F2DF49EB836F0BC000000000080F43F6B
:107A9000000000000000000000405E6D18B9CFBF7C
:107AA000873C99AB2A570D3D000000000060F43F71
:107AB00000000000000000000060DCCBADF0CEBF95
:107AC00024AF869CB7262B3D000000000040F43F09
:107AD000000000000000000000F02A6E0727CEBF63
:107AE00010FF3F544F2F17BD000000000020F43F4F
:107AF000000000000000000000C04F6B215CCDBF03
:107B00001B68CABB91BA213D000000000000F43F91
:107B1000000000000000000000A09AC7F78FCCBF53
:107B200034849F684F79273D000000000000F43F37
:107B3000000000000000000000A09AC7F78FCCBF33
:107B400034849F684F79273D0000000000E0F33F38
:107B5000000000000000000000902D7486C2CBBF22
:107B60008FB78B31B04E193D0000000000C0F33FCD
:107B7000000000000000000000C0804EC9F3CABF32
:107B80006690CD3F634EBA3C0000000000A0F33F7A
:107B9000000000000000000000B0E21FBC23CABFCC
:107BA000EAC146DC648C25BD0000000000A0F33F64
:107BB000000000000000000000B0E21FBC23CABFAC
:107BC000EAC146DC648C25BD000000000080F33F64
:107BD00000000000000000000050F49C5A52C9BF91
:107BE000E3D4C104D9D12ABD000000000060F33FF6
:107BF000000000000000000000D02065A07FC8BF8A
:107C000009FADB7FBFBD2B3D000000000040F33FC1
:107C1000000000000000000000E0100289ABC7BFB8
:107C2000584A537290DB2B3D000000000040F33FA8
:107C3000000000000000000000E0100289ABC7BF98
:107C4000584A537290DB2B3D000000000020F33FA8
:107C5000000000000000000000D019E70FD6C6BFEA
:107C600066E2B2A36AE410BD000000000000F33F2A
:107C700000000000000000000090A77030FFC5BFAA
:107C80003950109F439E1EBD000000000000F33FCE
:107C900000000000000000000090A77030FFC5BF8A
:107CA0003950109F439E1EBD0000000000E0F23FCF
:107CB000000000000000000000B0A1E3E526C5BF01
:107CC0008F5B07908BDE20BD0000000000C0F23FFC
:107CD00000000000000000000080CB6C2B4DC4BFF2
:107CE0003C783561C10C173D0000000000C0F23F38
:107CF00000000000000000000080CB6C2B4DC4BFD2
:107D00003C783561C10C173D0000000000A0F23F37
:107D1000000000000000000000901E20FC71C3BFA6
:107D20003A54274D8678F13C000000000080F23F75
:107D3000000000000000000000F01FF85295C2BFD4
:107D400008C47117308D24BD000000000060F23FB0
:107D5000000000000000000000602FD52AB7C1BF5E
:107D600096A31118A4802EBD000000000060F23F11
:107D7000000000000000000000602FD52AB7C1BF3E
:107D800096A31118A4802EBD000000000040F23F11
:107D900000000000000000000090D07C7ED7C0BF33
:107DA000F45BE88896690A3D000000000040F23F5D
:107DB00000000000000000000090D07C7ED7C0BF13
:107DC000F45BE88896690A3D000000000020F23F5D
:107DD000000000000000000000E0DB3191ECBFBFBC
:107DE000F233A35C547525BD000000000000F23F93
:107DF000000000000000000000002B6E0727BEBF3F
:107E00003C00F02A2C342A3D000000000000F23F24
:107E1000000000000000000000002B6E0727BEBF1E
:107E20003C00F02A2C342A3D0000000000E0F13F25
:107E3000000000000000000000C05B8F545EBCBF6B
:107E400006BE5F58570C1DBD0000000000C0F13F8A
:107E5000000000000000000000E04A3A6D92BABF46
:107E6000C8AA5BE83539253D0000000000C0F13F9D
:107E7000000000000000000000E04A3A6D92BABF26
:107E8000C8AA5BE83539253D0000000000A0F13F9D
:107E9000000000000000000000A031D645C3B8BFBC
:107EA00068562F4D297C133D0000000000A0F13FD3
:107EB000000000000000000000A031D645C3B8BF9C
:107EC00068562F4D297C133D000000000080F13FD3
:107ED00000000000000000000060E58AD2F0B6BF9C
:107EE000DA7333C9379726BD000000000060F13F08
:107EF00000000000000000000020063F071BB5BF87
:107F0000575EC6615B021F3D000000000060F13F4C
:107F100000000000000000000020063F071BB5BF66
:107F2000575EC6615B021F3D000000000040F13F4C
:107F3000000000000000000000E01B96D741B3BF26
:107F4000DF13F9CCDA5E2C3D000000000040F13F69
:107F5000000000000000000000E01B96D741B3BF06
:107F6000DF13F9CCDA5E2C3D000000000020F13F69
:107F700000000000000000000080A3EE3665B1BFE5
:107F800009A38F765E7C143D000000000000F13FE5
:107F90000000000000000000008011C0300AAFBFE8
:107FA000918E36839E592D3D000000000000F13F68
:107FB0000000000000000000008011C0300AAFBFC8
:107FC000918E36839E592D3D0000000000E0F03F69
:107FD000000000000000000000801971DD42ABBF0E
:107FE0004C70D6E57A821C3D0000000000E0F03FB6
:107FF000000000000000000000801971DD42ABBFEE
:108000004C70D6E57A821C3D0000000000C0F03FB5
:10801000000000000000000000C032F65874A7BF46
:10802000EEA1F23446FC2CBD0000000000C0F03F81
:10803000000000000000000000C032F65874A7BF26
:10804000EEA1F23446FC2CBD0000000000A0F03F81
:10805000000000000000000000C0FEB9879EA3BF22
:10806000AAFE26F5B702F53C0000000000A0F03F94
:10807000000000000000000000C0FEB9879EA3BF02
:10808000AAFE26F5B702F53C000000000080F03F94
:1080900000000000000000000000780E9B829FBFDF
:1080A000E4097E7C268029BD000000000080F03FAE
:1080B00000000000000000000000780E9B829FBFBF
:1080C000E4097E7C268029BD000000000060F03FAE
:1080D00000000000000000000080D5071BB997BF1A
:1080E00039A6FA93548D28BD000000000040F03FEF
:1080F00000000000000000000000FCB0A8C08FBF1E
:108100009CA6D3F67C1EDFBC000000000040F03FC0
:1081100000000000000000000000FCB0A8C08FBFFD
:108120009CA6D3F67C1EDFBC000000000020F03FC0
:1081300000000000000000000000106B2AE07FBF7C
:10814000E440DA0D3FE219BD000000000020F03FDE
:1081500000000000000000000000106B2AE07FBF5C
:10816000E440DA0D3FE219BD000000000000F03FDE
:1081700000000000000000000000000000000000FF
:108180000000000000000000000000000000F03FC0
:1081900000000000000000000000000000000000DF
:1081A00000000000000000000000000000C0EF3FE1
:1081B0000000000000000000000089751510803FDD
:1081C000E82B9D996BC710BD000000000080EF3FB9
:1081D0000000000000000000008093585620903FEF
:1081E000D2F7E2065BDC23BD000000000040EF3F59
:1081F00000000000000000000000C9282549983F49
:10820000340C5A32BAA02ABD000000000000EF3F33
:1082100000000000000000000040E7895D41A03F31
:1082200053D7F15CC011013D0000000000C0EE3FDB
:10823000000000000000000000002ED4AE66A43F45
:1082400028FDBD7573162CBD000000000080EE3FB8
:10825000000000000000000000C09F14AA94A83F86
:108260007D265AD0957919BD000000000040EE3FF0
:10827000000000000000000000C0DDCD73CBAC3F6B
:108280000728D847F2681ABD000000000020EE3F22
:10829000000000000000000000C006C031EAAE3F50
:1082A0007B3BC94F3E110EBD0000000000E0ED3FDA
:1082B0000000000000000000006046D13B97B13F85
:1082C0009B9E0D565D3225BD0000000000A0ED3FD5
:1082D000000000000000000000E0D1A7F5BDB33FA2
:1082E000D74EDBA55EC82C3D000000000060ED3FCE
:1082F000000000000000000000A0974D5AE9B53FC3
:108300001E1D5D3C06692CBD000000000040ED3FD5
:10831000000000000000000000C0EA0AD300B73FE0
:1083200032ED9DA98D1EEC3C000000000000ED3FE9
:1083300000000000000000000040595D5E33B93FBE
:10834000DA47BD3A5C11233D0000000000C0EC3F5D
:1083500000000000000000000060AD8DC86ABB3F57
:10836000E568F72B809013BD0000000000A0EC3FF3
:1083700000000000000000000040BC015888BC3F25
:10838000D3AC5AC6D146263D000000000060EC3F49
:10839000000000000000000000200A8339C7BE3F33
:1083A000E045E6AF68C02DBD000000000040EC3F96
:1083B000000000000000000000E0DB3991E8BF3F52
:1083C000FD0AA14FD63425BD000000000000EC3F9F
:1083D000000000000000000000E027828E17C13F6F
:1083E000F2072DCE78EF213D0000000000E0EB3FCA
:1083F000000000000000000000F0237E2BAAC13F17
:10840000349938448EA72C3D0000000000A0EB3FBB
:1084100000000000000000000080860C61D1C23F17
:10842000A1B481CB6C9D033D000000000080EB3FB8
:108430000000000000000000009015B0FC65C33F84
:1084400089724B23A82FC63C000000000040EB3F80
:10845000000000000000000000B033833D91C43FE5
:1084600078B6FD547983253D000000000020EB3FE5
:10847000000000000000000000B0A1E4E527C53FB7
:10848000C77D69E5E833263D0000000000E0EA3FD3
:10849000000000000000000000108CBE4E57C63FD8
:1084A000782E3C2C8BCF193D0000000000C0EA3F25
:1084B00000000000000000000070758B12F0C63F45
:1084C000E1219CE58D1125BD0000000000A0EA3FE0
:1084D0000000000000000000005044858D89C73F67
:1084E0000543917010661CBD000000000060EA3F6B
:1084F0000000000000000000000039EBAFBEC83FE4
:10850000D12CE9AA543D07BD000000000040EA3F1D
:1085100000000000000000000000F7DC5A5AC93FCC
:108520006FFFA05828F2073D000000000000EA3F5E
:10853000000000000000000000E08A3CED93CA3F0C
:1085400069215650437228BD0000000000E0E93F59
:10855000000000000000000000D05B57D831CB3F86
:10856000AAE1AC4E8D350CBD0000000000C0E93F13
:10857000000000000000000000E03B3887D0CB3F47
:10858000B6125459C44B2DBD0000000000A0E93FB5
:1085900000000000000000000010F0C6FB6FCC3FA0
:1085A000D22B96C572ECF1BC000000000060E93FE0
:1085B00000000000000000000090D4B03DB1CD3FAD
:1085C00035B015F72AFF2ABD000000000040E93F42
:1085D00000000000000000000010E7FF0E53CE3F37
:1085E00030F441602712C23C000000000020E93F47
:1085F00000000000000000000000DDE4ADF5CE3F0B
:10860000118EBB651521CABC000000000000E93FC7
:10861000000000000000000000B0B36C1C99CF3FC8
:1086200030DF0CCAECCB1B3D0000000000C0E83F6F
:10863000000000000000000000584D603871D03F7D
:10864000914EED16DB9CF83C0000000000A0E83FD6
:108650000000000000000000006061672DC4D03FF2
:10866000E9EA3C168B18273D000000000080E83F37
:10867000000000000000000000E827828E17D13FB4
:108680001CF0A5630E212CBD000000000060E83F37
:10869000000000000000000000F8ACCB5C6BD13F94
:1086A0008116A5F7CD9A2B3D000000000040E83F61
:1086B000000000000000000000685A6399BFD13F2D
:1086C000B7BD4751EDA62C3D000000000020E83F5B
:1086D000000000000000000000B80E6D4514D23FFD
:1086E000EABA46BADE870A3D0000000000E0E73F34
:1086F00000000000000000000090DC7CF0BED23FD3
:10870000F404504AFA9C2A3D0000000000C0E73FF4
:1087100000000000000000000060D3E1F114D33F2E
:10872000B83C21D37AE228BD0000000000A0E73F5A
:1087300000000000000000000010BE76676BD33F11
:10874000C877F1B0CD6E113D000000000080E73F1A
:1087500000000000000000000030337752C2D33F19
:108760005CBD06B6543B183D000000000060E73FCA
:10877000000000000000000000E8D523B419D43F39
:108780009DE090EC36E4083D000000000040E73F2B
:10879000000000000000000000C871C28D71D43FCD
:1087A00075D66709CE272FBD000000000020E73FE7
:1087B00000000000000000000030179EE0C9D43F18
:1087C000A4D80A1B89202EBD000000000000E73F4E
:1087D000000000000000000000A03807AE22D53FD6
:1087E00059C7648170BE2E3D0000000000E0E63FE6
:1087F000000000000000000000D0C853F77BD53F08
:10880000EF405DEEEDAD1F3D0000000000C0E63F13
:108810000000000000000000006059DFBDD5D53F1A
:10882000DC65A4082A0B0ABDA2000000F9A2000022
:1088300083F9A2006E83F9A24E6E83F9444E6E83D3
:1088400015444E6E2915444EFC29154427FC291564
:108850005727FC29D15727FCF5D1572734F5D15795
:10886000DD34F5D1C0DD34F5DBC0DD3462DBC0DDE5
:108870009562DBC0999562DB3C999562433C999582
:1088800090433C994190433C000000000000F03FC1
:10889000000000000000F0BF000000000000F0BF7A
:1088A000000000000000F03F83C8C96D305F6441E4
:1088B000182D4454FB21F93F000000000000F03F58
:1088C0001C620CFDFFFFDFBF198F06E15355A53F6A
:1088D0009D359AE887C056BFC3F87B024393F93EA3
:1088E00003A695595455C5BFC40B23057610813F87
:1088F00024CF7437EB9429BF000000000000F03F44
:10890000000000000000F0BF000000000000F0BF09
:10891000000000000000F03F83C8C96D305F644173
:10892000182D4454FB21F93F000000000000F0BF67
:108930001C620CFDFFFFDF3F198F06E15355A5BFF9
:108940009D359AE887C0563FC3F87B024393F9BE32
:1089500003A695595455C5BFC40B23057610813F16
:1089600024CF7437EB9429BFFE822B6547156740EF
:1089700000000000000038430000FAFE422E76BFDF
:108980003A3B9EBC9AF70CBDBDFDFFFFFFFFDF3FEA
:108990003C5455555555C53F912B17CF5555A53FBF
:1089A00017D0A4671111813F000000000000C842E9
:1089B000EF39FAFE422EE63F24C482FFBDBFCE3F10
:1089C000B5F40CD7086BAC3FCC5046D2ABB2833F6A
:1089D000843A4E9BE0D7553F0000000000000000A5
:1089E000000000000000F03F6EBF881A4F3B9B3C28
:1089F0003533FBA93DF6EF3F5DDCD89C136071BCBD
:108A00006180773E9AECEF3FD16687107A5E90BC2A
:108A1000857F6EE815E3EF3F13F6673552D28C3C45
:108A2000748515D3B0D9EF3FFA8EF92380CE8BBC75
:108A3000DEF6DD296BD0EF3F61C8E6614EF7603CA2
:108A4000C89B751845C7EF3F99D3335BE4A3903CAF
:108A500083F3C6CA3EBEEF3F6D7B835DA69A973C0B
:108A60000F89F96C58B5EF3FFCEFFD921AB58E3CBB
:108A7000F747722B92ACEF3FD19C2F703DBE3E3C2E
:108A8000A2D1D332ECA3EF3F0B6E908934036ABCC2
:108A90001BD3FEAF669BEF3F0EBD2F2A525695BCEF
:108AA000515B12D00193EF3F55EA4E8CEF8050BCE2
:108AB000CC316CC0BD8AEF3F16F4D5B923C991BC47
:108AC000E02DA9AE9A82EF3FAF555CE9E3D3803C3D
:108AD000518EA5C8987AEF3F4893A5EA151B80BC34
:108AE0007B517D3CB872EF3F3D32DE55F01F8FBCAD
:108AF000EA8D8C38F96AEF3FBF53133F8C898B3C6A
:108B000075CB6FEB5B63EF3F26EB11769CD996BC80
:108B1000D45C0484E05BEF3F602F3A3EF7EC9A3C74
:108B2000AAB968318754EF3F9D3886CB82E78FBC66
:108B30001DD9FC22504DEF3F8DC3A644416F8A3CA6
:108B4000D68C62883B46EF3F7D04E4B0057A803CDA
:108B500096DC7D91493FEF3F94A8A8E3FD8E963CBB
:108B60003862756E7A38EF3F7D4874F2185E873C44
:108B70003FA6B24FCE31EF3FF2E71F982B47803C24
:108B8000DD7CE265452BEF3F5E08713F7BB896BC0C
:108B90008163F5E1DF24EF3F31AB096DE1F7823C02
:108BA000E1DE1FF59D1EEF3FFABF6F1A9B213DBC12
:108BB00090D9DAD07F18EF3FB40A0C7282378B3C21
:108BC0000B03E4A68512EF3F8FCBCE8992146E3C47
:108BD000562F3EA9AF0CEF3FB6ABB04D754D833C61
:108BE00015B7310AFE06EF3F4C74ACE20142863CF9
:108BF00031D84CFC7001EF3F4AF8D35D39DD8F3C32
:108C0000FF1664B208FCEE3F045B8E3B80A386BC7B
:108C1000F19F925FC5F6EE3F68504BCCED4A92BC97
:108C2000CBA93A37A7F1EE3F8E2D511BF80799BC1F
:108C300066D8056DAEECEE3FD236943EE8D171BCFD
:108C4000F79FE534DBE7EE3F151BCEB3191999BC4E
:108C5000E5A813C32DE3EE3F6D4C2AA7489F853C42
:108C60002234124CA6DEEE3F8A69287A601293BC49
:108C70001C80AC0445DAEE3F5B8917488FA758BCCF
:108C80002A2EF7210AD6EE3F1B9A49679B2C7CBC03
:108C900097A850D9F5D1EE3F11ACC260ED63433CCB
:108CA0002D89616008CEEE3FEF64063B0966963C75
:108CB00057001DED41CAEE3F7903A1DAE1CC6E3CCD
:108CC000D03CC1B5A2C6EE3F30120F3F8EFF933CA1
:108CD000DED3D7F02AC3EE3FB0AF7ABBCE90763C5E
:108CE000272A36D5DABFEE3F77E054EBBD1D933C23
:108CF0000DDDFD99B2BCEE3F8EA3710034948FBCA4
:108D0000A72C9D76B2B9EE3F49A393DCCCDE87BC9D
:108D10004266CFA2DAB6EE3F5F380FBDC6DE78BC42
:108D2000824F9D562BB4EE3FF65C7BEC461286BC20
:108D30000F925DCAA4B1EE3F8ED7FD180535933C66
:108D4000DA27B53647AFEE3F059B8A2FB7987B3CB5
:108D5000FDC797D412ADEE3F09541CE2E163903C8D
:108D6000295448DD07ABEE3FEAC6195085C7343CAD
:108D7000B746598A26A9EE3F35C0642BE632943CAB
:108D80004821AD156FA7EE3F9F7699614AE48CBCF0
:108D900009DC76B9E1A5EE3FA84DEF3BC5338CBCAD
:108DA00085553AB07EA4EE3FAEE92B89785384BC5A
:108DB00020C3CC3446A3EE3F58585678DDCE93BC42
:108DC0002522558238A2EE3F64197E80AA10573CB6
:108DD00073A94CD455A1EE3F28225EBFEFB393BCDC
:108DE000CD3B7F669EA0EE3F82B93487AD126ABC50
:108DF000BFDA0B7512A0EE3FEEA96DB8EF6763BC4A
:108E00002F1A653CB29FEE3F5188E0543DDC80BC98
:108E1000849451F97D9FEE3FCF3E5A7E641F78BC0B
:108E2000745FECE8759FEE3FB07D8BC04AEE86BC68
:108E30007481A5489A9FEE3F8AE6551E321986BC7A
:108E4000C9674256EB9FEE3FD3D4095ECB9C903C62
:108E50003F5DDE4F69A0EE3F1DA54DB9DC327BBC06
:108E60008701EB7314A1EE3F6BC06754FDEC943C9B
:108E700032C13001EDA1EE3F556CD6ABE1EB653C64
:108E8000624ECF36F3A2EE3F42CFB32FC5A188BCCE
:108E9000121A3E5427A4EE3F34373BF1B66993BC17
:108EA00013CE4C9989A5EE3F1EFF193A845E80BC13
:108EB000ADC723461AA7EE3F6E5772D850D494BC64
:108EC000ED92449BD9A8EE3F008A0E5B67AD903CC3
:108ED00099668AD9C7AAEE3FB4EAF0C12FB78D3C94
:108EE000DBA02A42E5ACEE3FFFE7C59C60B665BC5F
:108EF0008C44B51632AFEE3F445FF35983F67B3CAA
:108F000036771599AEB1EE3F833D1EA71F0993BC7E
:108F1000C6FF910B5BB4EE3F291E6C8BB8A95DBCFC
:108F2000E5C5CDB037B7EE3F59B9907CF9236CBC9D
:108F30000F52C8CB44BAEE3FAAF9F422434392BC85
:108F4000504EDE9F82BDEE3F4B8E66D76CCA85BC0D
:108F5000BA07CA70F1C0EE3F27CE912BFCAF713C2F
:108F600090F0A38291C4EE3FBB730AE135D26D3C11
:108F70002323E31963C8EE3F6322622204C587BC42
:108F800065E55D7B66CCEE3FD531E2E3861C8B3C2C
:108F9000332D4AEC9BD0EE3F15BBBCD3D1BB91BC6B
:108FA0005D253EB203D5EE3FD231EE9C31CC903CF4
:108FB00058B330139ED9EE3FB35A736E8469843C24
:108FC000BFFD79556BDEEE3FB49D8E97CDDF82BC41
:108FD0007AF3D3BF6BE3EE3F8733CB92771A8C3CA7
:108FE000ADD35A999FE8EE3FFAD9D14A8F7B90BC16
:108FF00066B68D2907EEEE3FBAAEDC56D9C355BC36
:10900000FB154FB8A2F3EE3F40F6A63D0EA490BC70
:109010003A59E58D72F9EE3F3493AD38F4D668BC19
:10902000475EFBF276FFEE3F358A586BE2EE91BC6D
:109030004A06A130B005EF3FCDDD5F0AD7FF743C93
:10904000D2C14B901E0CEF3FAC9892FAFBBD91BC85
:10905000091ED75BC212EF3FB30CAF30AE6E733C4C
:109060009C5285DD9B19EF3F94FD9F5C32E38E3C63
:109070007AD0FF5FAB20EF3FAC5909D18FE0843C41
:109080004BD1572EF127EF3F671A4E38AFCD633CD7
:10909000B5E706946D2FEF3F6819926C2C6B673C17
:1090A0006990EFDC2037EF3FD2B5CC83188A80BCC3
:1090B000FAC35D550B3FEF3F6FFAFF3F5DAD8FBCCD
:1090C0007C89074A2D47EF3F49A97538AE0D90BC02
:1090D000F2890D08874FEF3FA7073DA685A3743C93
:1090E00087A4FBDC1858EF3F0F2240209E9182BCE2
:1090F0009883C916E360EF3FAC92C1D5505A8E3CBD
:109100008532DB03E669EF3F4B6B01AC593A843C97
:1091100060B401F32173EF3F1F3EB40721D582BC39
:109120005F9B7B33977CEF3FC90D473BB92A89BCD6
:1091300029A1F5144686EF3FD3883A6004B6743C03
:10914000F63F8BE72E90EF3F71729D51ECC5833C4B
:10915000834CC7FB519AEF3FF091D38F12F78FBC2E
:10916000DA90A4A2AFA4EF3F7D7423E298AE8DBC49
:10917000F1678E2D48AFEF3F0820AA41BCC38E3C5B
:10918000275A61EE1BBAEF3F32EBA9C3942B843C04
:1091900097BA6B372BC5EF3FEE85D131A9648A3C76
:1091A00040456E5B76D0EF3FEDE33BE4BA378EBCD3
:1091B00014BE9CADFDDBEF3F9DCD914D3B89773CCF
:1091C000D8909E81C1E7EF3F89CC6041C105533CF7
:1091D000F1718F2BC2F3EF3F35000000CEFBFFFF94
:1091E000CB0300000100000000000000340000007C
:1091F000CEFBFFFFCB0300000100000000000000D9
:10920000BC89D897B2D29C3C33A7A8D523F649395C
:109210003DA7F444FD0FA5329D978CCF08BA5B257E
:10922000436FAC64280668110500000019000000B7
:109230007D00000000000000000000000000F03F82
:109240000000000000002440000000000000594021
:109250000000000000408F40000000000088C34074
:1092600000000000006AF8400000000080842E41E9
:1092700000000000D01263410000000084D7974135
:109280000000000065CDCD41000000205FA002423B
:10929000000000E876483742000000A2941A6D42B0
:1092A000000040E59C30A2420000901EC4BCD642A3
:1092B00000003426F56B0C430080E03779C341434E
:1092C00000A0D8855734764300C84E676DC1AB43C4
:1092D000003D9160E458E143408CB5781DAF1544E2
:1092E00050EFE2D6E41A4B4492D54D06CFF08044BD
:1092F000F64AE1C7022DB544B49DD9794378EA44D2
:10930000BC89D897B2D29C3C33A7A8D523F649395B
:109310003DA7F444FD0FA5329D978CCF08BA5B257D
:10932000436FAC642806C80A0080E03779C3414324
:10933000176E05B5B5B89346F5F93FE9034F384DBB
:10934000321D30F94877825A3CBF737FDD4F157567
:109350002700000028000000290000000E00000087
:109360000F00000026000000140000001B00000099
:10937000150000001A00000016000000190000008F
:1093800017000000180000001D0000001F00000072
:109390001C0000001E0000009A99993D9A99993D81
:1093A0000000803F0000803F0000803F983A0000AE
:1093B000983A0000881300008813000058026302E6
:1093C0006E02790284028F029A02A50258020000FE
:1093D000630200006E0200007902000084020000B7
:1093E0008F0200009A020000A5020000526F626F17
:1093F000626F740000000000000000000000000028
:10940000000000000000000000000000000000005C
:10941000D4870020DC870020E4870020EC87002030
:10942000F0870020F88700200088002008880020AE
:109430001088002018880020248800202C88002014
:109440003488002040880020488800205088002070
:1094500058880020608800206C88002074880020D4
:109460007C88002088880020908800209888002030
:10947000A0880020AC880020B4880020BC88002090
:10948000C4880020CC880020D4880020DC880020FC
:10949000E0880020E8880020F0880020F88800207C
:1094A00000890020048900200C89002014890020F4
:1094B0001C890020248900202C890020308900206C
:1094C00038890020408900204889002050890020E8
:1094D0005889002060890020688900207089002058
:1094E00078890020808900208889002090890020C8
:1094F0009489002098890020A0890020A889002054
:10950000B0890020B8890020C0890020C8890020C7
:10951000D0890020D8890020E0890020E889002037
:10952000F4890020FC890020048A00200C8A002095
:10953000148A00201C8A0020248A0020F88700203A
:10954000288A00202C8A0020348A00203C8A0020AF
:10955000448A00204C8A0020548A00205C8A002023
:10956000648A00206C8A0020748A00207C8A002093
:10957000848A00208C8A0020948A00209C8A002003
:10958000A08A0020A88A0020B08A0020B88A002083
:10959000BC8A0020C48A0020CC8A0020D48A002003
:1095A000D88A0020E08A0020E88A0020F08A002083
:1095B000F88A0020008B0020088B0020108B0020F0
:1095C000188B00201C8B0020248B0020288B00206F
:1095D000308B0020388B0020408B0020448B0020F3
:1095E000488B0020508B0020588B0020608B00207F
:1095F000688B0020708B0020788B0020808B0020EF
:10960000888B00208C8B0020948B00209C8B00206A
:10961000A88B0020AC8B0020B48B0020BC8B0020DA
:10962000C48B0020CC8B0020D48B0020DC8B00204E
:10963000E48B0020EC8B0020F48B0020FC8B0020BE
:10964000048C00200C8C0020148C00201C8C00202A
:10965000248C00202C8C0020348C00203C8C00209A
:10966000448C00204C8C0020548C00205C8C00200A
:10967000648C0020748C0020848C0020948C00204A
:10968000A48C002000000000000000000000FF2764
:10969000100032FF27100032FF27100032FF271082
:1096A0000032000000000000000000000000000088
:1096B0000000000052010000000000000000000057
:1096C000FF27100032FF27100032FF27100032FF63
:1096D0002710003200000000000000000000000021
:1096E00000000000000000000040004000400000BA
:1096F000E73BE73BE73B0000DB0F49BFE4CB16400D
:10970000E4CB16C000000080DB0F4940DB0F49C0EE
:109710006937AC3168212233B40F14336821A23386
:109720003863ED3EDA0F493F5E987B3FDA0FC93F61
:109730000020202020202020202028282828282021
:109740002020202020202020202020202020202019
:109750002088101010101010101010101010101081
:109760001004040404040404040404101010101071
:10977000101041414141414101010101010101013B
:10978000010101010101010101010101101010108D
:10979000101042424242424202020202020202020D
:1097A0000202020202020202020202021010101061
:1097B0002000000000000000000000000000000089
:1097C0000000000000000000000000000000000099
:1097D0000000000000000000000000000000000089
:1097E0000000000000000000000000000000000079
:1097F0000000000000000000000000000000000069
:109800000000000000000000000000000000000058
:109810000000000000000000000000000000000048
:109820000000000000000000000000000000000038
:10983000000000009C8D0020AC8D0020B88D002021
:10984000C48D0020D08D0020DC8D0020E48D002010
:1098500043000000000000000000000000000000C5
:1098600000000000000000000000000000000000F8
:1098700043000000000000000000000000000000A5
:1098800000000000000000000000000000000000D8
:109890004300000000000000000000000000000085
:1098A00000000000000000000000000000000000B8
:1098B0004300000000000000000000000000000065
:1098C0000000000000000000000000000000000098
:1098D0004300000000000000000000000000000045
:1098E0000000000000000000000000000000000078
:1098F0004300000000000000000000000000000025
:109900000000000000000000000000000000000057
:109910004300000000000000000000000000000004
:109920000000000000000000000000000000000037
:10993000B9F4010075E5010000000000D02100200D
:10994000AC8C00205C5900205C5900205C59002040
:109950005C5900205C5900205C5900205C590020B3
:109960005C5900205C590020FFFFFFFFFFFFFFFF55
:10997000FFFFFFFFFFFF0000010041534349490083
:1099800000000000000000000000000000000000D7
:10999000000000000000000000004153434949005E
:1099A00000000000000000000000000000000000B7
:1099B00000000000000000000000000000000000A7
:1099C0000000000000000000000000000000000097
:1099D0000000000000000000000000000000000087
:1099E0000000000000000000000000001011121331
:1099F000141516171819000000000000001A1B1C8F
:109A00001D1E1F00000000000000000000000000FC
:109A1000000000000000000000000000001A1B1CF5
:109A20001D1E1F00000000000000000000000000DC
:109A30000000000000000000000000000000000026
:109A40000000000000000000000000000000000016
:109A50000000000000000000000000000000000006
:109A600000000000000000000000000000000000F6
:109A700000000000000000000000000000000000E6
:109A800000000000000000000000000000000000D6
:109A900000000000000000000000000000000000C6
:109AA00000000000000000000000000000000000B6
:109AB00000000000000000000000000002000000A4
:109AC0000000000000050404040404070407000368
:109AD0000000000000000000000001010000000084
:109AE000070101010101070107070706070707072B
:109AF0000707070707070000070707000000000027
:109B00000000000004000000000005000004010146
:109B10000101010601060004000000000000000031
:109B20000000040400000000060202020202060215
:109B300006060604060606060606060606060303CD
:109B40000606060000000000000000002020202083
:109B500020202020202020202020202030303030C5
:109B60003030303030303030303030302020202035
:109B700020202020202020202020202030303030A5
:109B80003030303030303030303030302020202015
:109B90002020202020202020202020203030303085
:109BA000303030303030303030303030010204016D
:109BB0000101010101010101010101010101010195
:109BC0000101010101010108010401010104040076
:109BD000000000000100000003000000020000007F
:109BE00000000000626F6F74000000002449643AB6
:109BF000207465656E73795F6669726D77617265F1
:109C00005F382E696E6F2031303333203230323579
:109C10002D30312D32362031353A34313A35315A02
:109C2000206A63616E202400030400010205000025
:109C300000000000003E5B4F5B3E3E6B4F6B3E1CE6
:109C40003E7C3E1C183C7E3C181C577D571C1C5EFD
:109C50007F5E1C00183C1800FFE7C3E7FF001824D4
:109C60001800FFE7DBE7FF30483A060E262979297E
:109C700026407F050507407F05253F5A3CE73C5AB3
:109C80007F3E1C1C08081C1C3E7F14227F22145F90
:109C90005F005F5F06097F017F006689956A6060EB
:109CA00060606094A2FFA29408047E040810207EE5
:109CB000201008082A1C08081C2A08081E1010106A
:109CC000100C1E0C1E0C30383E3830060E3E0E06B0
:109CD000000000000000005F000000070007001403
:109CE0007F147F14242A7F2A1223130864623649C2
:109CF0005620500008070300001C224100004122AA
:109D00001C002A1C7F1C2A08083E080800807030AE
:109D1000000808080808000060600020100804021D
:109D20003E5149453E00427F400072494949462123
:109D300041494D331814127F1027454545393C4A97
:109D400049493141211109073649494936464949AE
:109D5000291E0000140000004034000000081422F6
:109D60004114141414140041221408020159090664
:109D70003E415D594E7C1211127C7F494949363E65
:109D8000414141227F4141413E7F494949417F094B
:109D90000909013E414151737F0808087F00417F56
:109DA00041002040413F017F081422417F40404054
:109DB000407F021C027F7F0408107F3E4141413EEC
:109DC0007F090909063E4151215E7F09192946266E
:109DD0004949493203017F01033F4040403F1F2072
:109DE00040201F3F4038403F631408146303047849
:109DF00004036159494D43007F4141410204081069
:109E000020004141417F04020102044040404040A3
:109E1000000307080020545478407F284444383811
:109E200044444428384444287F3854545418000883
:109E30007E090218A4A49C787F0804047800447D5D
:109E400040002040403D007F1028440000417F40FA
:109E5000007C047804787C0804047838444444384E
:109E6000FC1824241818242418FC7C08040408482E
:109E70005454542404043F44243C4040207C1C207F
:109E800040201C3C4030403C44281028444C9090DA
:109E9000907C4464544C4400083641000000770034
:109EA00000004136080002010204023C2623263C41
:109EB0001EA1A161123A4040207A385454555921CC
:109EC00055557941225454784221555478402054B4
:109ED0005579400C1E527212395555555939545402
:109EE000545939555454580000457C410002457D71
:109EF000420001457C407D1211127DF0282528F09A
:109F00007C545545002054547C547C0A097F4932C6
:109F1000494949323A4444443A324A4848303A413D
:109F200041217A3A42402078009DA0A07D3D4242E6
:109F3000423D3D4040403D3C24FF2424487E49436F
:109F4000662B2FFC2F2BFF0929F620C0887E0903E2
:109F500020545479410000447D413048484A323809
:109F60004040227A007A0A0A727D0D19317D262935
:109F7000292F28262929292630484D40203808082D
:109F8000080808080808382F10C8ACBA2F10283461
:109F9000FA00007B000008142A142222142A140854
:109FA0005500550055AA55AA55AAFF55FF55FF0063
:109FB0000000FF00101010FF00141414FF00101018
:109FC000FF00FF1010F010F0141414FC001414F72C
:109FD00000FF0000FF00FF1414F404FC1414171019
:109FE0001F10101F101F1414141F00101010F00069
:109FF0000000001F101010101F10101010F01000A3
:10A000000000FF101010101010101010FF100000B2
:10A0100000FF140000FF00FF00001F10170000FCED
:10A0200004F414141710171414F404F40000FF00BF
:10A03000F714141414141414F700F7141414171448
:10A0400010101F101F141414F4141010F010F0004E
:10A05000001F101F0000001F14000000FC1400006F
:10A06000F010F01010FF10FF141414FF1410101053
:10A070001F00000000F010FFFFFFFFFFF0F0F0F006
:10A08000F0FFFFFF0000000000FFFF0F0F0F0F0F9A
:10A090003844443844FC4A4A4A347E0202060602E6
:10A0A0007E027E0263554941633844443C04407E4D
:10A0B000201E2006027E020299A5E7A5991C2A49C6
:10A0C0002A1C4C7201724C304A4D4D303048784851
:10A0D00030BC625A463D3E494949007E0101017E3D
:10A0E0002A2A2A2A2A44445F444440514A44404090
:10A0F000444A51400000FF0103E080FF00000808CF
:10A100006B6B083612362436060F090F060000184E
:10A11000180000001010003040FF0101001F010175
:10A120001E00191D1712003C3C3C3C0000000000C2
:10A1300025204D6F746F722074657374206C6F6787
:10A140000D0A00002520312074696D65207374614B
:10A150006D702028736563290D0A000025203220C8
:10A1600073616D706C65206E756D6265720D0A00AD
:10A17000252033206D6F746F7220766F6C74616769
:10A1800065202856290D0A00252034206D6F746F34
:10A19000722063757272656E742028416D70732928
:10A1A0000D0A000025203520656E636F64657220FE
:10A1B000706F736974696F6E20287469636B73299B
:10A1C0000D0A00002520362076656C6F636974796E
:10A1D00020287261642F73290D0A00002520372082
:10A1E0004261747465727920766F6C746167652062
:10A1F00028566F6C74290D0A0000000025203820B5
:10A2000053797374656D2063757272656E7420285E
:10A21000416D7073290D0A002520392073616D701E
:10A220006C652074696D6520286D73290D0A000026
:10A230002520313020566D202D2056656D660D0A83
:10A240000000000025203131206573746D61746554
:10A25000642063757272656E740D0A0025203132B8
:10A260002057656967687420666F72205220616E9E
:10A2700064204C20657374696D6174650D0A00007B
:10A280002520313320657374696D617465642067BE
:10A29000656E65726174656420746F727175652096
:10A2A000284E6D290D0A0000252031342065737475
:10A2B000696D617465642067656E6572617465645B
:10A2C00020746F7271756520284E6D292061667447
:10A2D000657220737461746963206672696374695E
:10A2E0006F6E0D0A00000000252031352065737463
:10A2F000696D617465642067656E6572617465641B
:10A3000020746F7271756520284E6D292061667406
:10A310006572206672696374696F6E0D0A000000D1
:10A32000252031362077656967687420666F722052
:10A330004A20657374696D6174650D0A0000000040
:10A340002520313720657374696D617465642076EA
:10A35000656C6F636974790D0A000000252031383F
:10A36000206D6F746F7220696E6465780D0A00004D
:10A370002525204D3D25642C20204B6D203D20259A
:10A38000672C205261203D2025672C2042203D2053
:10A3900025672C2053203D2025672C204A203D2076
:10A3A00025672C204C203D2025670D0A0000000069
:10A3B0002525204D3D25642C20656E6330203D20F1
:10A3C000256C752C20656E63456E64203D20256CE0
:10A3D000750A000025252054696D65203D20256CF7
:10A3E00075206D732C2054696D6520456E64203D89
:10A3F00020256C75206D730A000000002525205073
:10A40000756C73657320706572207265766F6C75FC
:10A4100074696F6E3D25640A00000000250A25203E
:10A420004C6F6720656D7074790A00002320554DCC
:10A430006F746F72546573743A3A20656E636F641B
:10A4400065722072657665727365643D25642C20A3
:10A450004C6F7720766F6C746167653D25672C20A3
:10A460004869676820766F6C746167653D25670D84
:10A470000A0000002320554D6F746F725465737489
:10A480003A3A206D6F746F722025642C20523D255E
:10A490002E3466204F686D2C204B3D252E356620CE
:10A4A000562F287261642F7329206F72204E6D2FF2
:10A4B000412C204C3D252E35662048656E72792E44
:10A4C0000D0A00002320554D6F746F72546573742C
:10A4D0003A3A206D6F746F722025642C2066726981
:10A4E0006374696F6E3A207374617469633D2567A4
:10A4F000204E6D2C2064796E616D69633D25672067
:10A500004E6D2F287261642F736563292E0D0A002A
:10A510002320554D6F746F72546573743A3A206DF1
:10A520006F746F722025642C20696E657274696186
:10A530003D2567206B67206D5E322E0D0A000000FE
:10A540006D6F74657374202564202566202567204F
:10A55000256720256720256720256720256720257A
:10A56000640D0A00252E35662025642020252E3115
:10A570006620252E336620256C6420252E3166202A
:10A58000252E326620252E3366202567202567205C
:10A59000256720252E33662025672025672025671F
:10A5A00020252E33662025672025640A0000000040
:10A5B00023206D6F746F722074657374206C6F67E5
:10A5C0002069732066756C6C20286F72206E6F2076
:10A5D000627566666572290A000000006C6F676527
:10A5E0006E640A0047657420657374696D617465F3
:10A5F0006420706172616D657465727320276D6F80
:10A6000074657374206D6F745B302C315D206376DC
:10A610003D302F6363763D31204B6D2052204C201E
:10A6200042205320490000006D6F74657374000070
:10A63000476574207465737420706172616D657410
:10A6400065727320276D6F7470617273206C6F7701
:10A65000566F6C742068696768566F6C74207374E9
:10A660006174652D74696D65270000006D6F7470ED
:10A67000617200006D6F7473657420006D6F747487
:10A680006573740023202D2D2D2D2D207374617280
:10A6900074696E67206D6F746F72207465737420B7
:10A6A00028696E2031207365636F6E6429202D2D1B
:10A6B0002D2D2D2D0A0000006D6F74706172202504
:10A6C000662025662025640D0A00000023204D6FBA
:10A6D000746F722074657374202D2D2D2D2D2D2DEA
:10A6E0000D0A000023202D2D20096D6F74746573F1
:10A6F000742043204D095374617274206D6F746F20
:10A7000072207465737420433D303A43562C2043C5
:10A710003D313A4343562C20433D2D313A73746FFB
:10A72000703B204D206973206D6F746F722028304C
:10A730002E2E33290D0A000023202D2D20096D6FA8
:10A740007473657420566C6F772056686967680962
:10A750004D6F746F727465737420766F6C7461677B
:10A760006520566C6F7720332D3620566F6C742C15
:10A77000205668696768203E20564C6F772C2073FE
:10A78000616D706C6573207065722073746174659F
:10A7900020286D73292E0D0A0000000023206D6F04
:10A7A000746F722025642063757272656E74202543
:10A7B000642072313D252E3466204F686D2C204B6D
:10A7C000313D252E3566204E6D2F412C204C3D25E8
:10A7D0002E35662048656E72792C2065313D2567DF
:10A7E0002C206532723D25672C2065326B3D256734
:10A7F0002C2065324C3D25672C206B32653D25674A
:10A800000A000000232D2D2D2D2D2D2D0A000000D6
:10A8100023206D6F746F72202564206672696374E3
:10A82000696F6E2074657374207573696E673A2062
:10A8300062313D25672C2073313D25672C206A311C
:10A840003D25670A0000000023206D6F746F7220A1
:10A85000256420667269632025642062313D2531BC
:10A86000312E34672C206462733D25642C207331B3
:10A870003D252E3566672C206A313D2531312E3439
:10A88000672C092065313D252E30662C206532620B
:10A890003D252E30662C206532733D252E30662CEA
:10A8A0002065326A3D252E30662C2065316A3D25B3
:10A8B0002E30662C20646A733D25640A0000000077
:10A8C0002320554C696E6553656E736F723A3A6317
:10A8D000616C69627261746557686974654E6F77FF
:10A8E0003A207365742077686974652066726F6DAD
:10A8F000202564206D6561737572656D656E747376
:10A900000A000000236C6967202567202567202541
:10A910006720256720256720256720256720256774
:10A920000D0A00006C6973202564202564202564CD
:10A9300020256420256420256420252E32662025CC
:10A940002E32660D0A0000006C69766E20256420A8
:10A950002564202564202564202564202564202585
:10A96000642025642025640D0A0000006C697620AF
:10A97000256C6420256C6420256C6420256C642083
:10A98000256C6420256C6420256C6420256C642073
:10A9900025640D0A000000006C697020252E3266C7
:10A9A00020252E326620256420256420256420255C
:10A9B000640D0A006C6962202564202564202564EA
:10A9C0002025642025642025642025642025640D2D
:10A9D0000A0000006C697720256420256420256426
:10A9E0002025642025642025642025642025640D0D
:10A9F0000A000000476574206C696E652D73656EF2
:10AA0000736F72207261772041442076616C7565A6
:10AA100020276C6976206C7331206C7332206C7344
:10AA200033206C7334206C7335206C7336206C7358
:10AA300037206C73382700006C69760047657420F6
:10AA40006C696E652D73656E736F722077686974BB
:10AA5000652028414429206C6576656C20276C6947
:10AA6000772077312077322077332077342077357D
:10AA70002077362077372077382700006C697700F9
:10AA8000476574206C696E652D73656E736F7220F7
:10AA9000626C61636B2028414429206C6576656C8B
:10AAA00020276C696220623120623220623320628A
:10AAB0003420623520623620623720623827000059
:10AAC0006C696200476574206C696E652D73656EF4
:10AAD000736F72206368616E6E656C206761696E6A
:10AAE00020276C6967206731206732206733206731
:10AAF0003420673520673620673720673827000005
:10AB00006C696700476574206C696E652D73656EAE
:10AB1000736F72206E6F726D616C697A65642076F6
:10AB2000616C756520276C69766E206C7331206CC2
:10AB30007332206C7333206C7334206C7335206C4B
:10AB40007336206C7337206C7338272076616C75F0
:10AB50006573207820313030300000006C69766EEB
:10AB600000000000476574206C696E652D73656E8A
:10AB7000736F722073657474696E677320276C69D4
:10AB800073206F6E20776869746520686967682034
:10AB900074696C742063726F73735468207769648E
:10ABA00065207377617027006C69730047657420B6
:10ABB0006C696E652D73656E736F7220706F73694B
:10ABC00074696F6E20276C6970206C6566742072E2
:10ABD000696768742076616C69642076616C696469
:10ABE000436E742063726F7373696E672063726F54
:10ABF0007373696E67436E74270000006C697000A0
:10AC00006C697020000000006C69747720000000FF
:10AC10002320554C696E6553656E736F723A3A2006
:10AC20007768697465206C6576656C20736574203F
:10AC300066726F6D2076616C7565730A00000000A6
:10AC40006C696377000000006C697462200000008A
:10AC50002320554C696E6553656E736F723A3A20C6
:10AC6000626C61636B206C6576656C207365742023
:10AC700066726F6D2076616C7565730A0000000066
:10AC80006C6963620000000023206C696E652073AC
:10AC9000656E736F72206572726F720A0000000039
:10ACA00023204C696E652073656E736F72202D2DA5
:10ACB0002D2D2D2D2D0D0A0023202D2D20096C6901
:10ACC000702070205B7720682074207769207320C3
:10ACD0006C7468207874685D200953657474696EBB
:10ACE00067733A20703D6F6E2C20773D77686974EA
:10ACF000652C20683D6869676820706F7765722CE5
:10AD000020743D74696C7420636F6D702C207769BA
:10AD10003D776964652C20733D737761702C206CDE
:10AD200074683D6C696E652074687265736820286C
:10AD3000302E2E31292C207874683D63726F737326
:10AD40005F74682028302E2E31292C20616C6C20F5
:10AD500062757420666972737420706172616D65CA
:10AD600074657220617265206F7074696F6E616CBA
:10AD70002E0D0A0023202D2D20096C696377204EAB
:10AD8000095573652063757272656E742076616C07
:10AD900075652061732077686974652C206176651C
:10ADA00072616765206F766572204E2073616D70E9
:10ADB0006C65730D0A00000023202D2D20096C699D
:10ADC000636220095573652063757272656E742025
:10ADD00076616C756520617320626C61636B2028FD
:10ADE00073686F756C64206265207A65726F290DD7
:10ADF0000A00000023202D2D20096C69747720772C
:10AE000020772077207720772077207720772009F8
:10AE10005573652074686573652076616C7565731C
:10AE20002061732077686974650D0A0023202D2D39
:10AE300020096C69746220622062206220622062B4
:10AE40002062206220622009557365207468657352
:10AE5000652076616C75657320617320626C616337
:10AE60006B202873686F756C64206265207A657248
:10AE70006F290D0A0000000025252073746172748B
:10AE8000696E670A000000002525206E6F206C693E
:10AE90006E650A00252520666F6C6C6F77696E679A
:10AEA000206C696E650A0000252520666F6C6C6F4A
:10AEB000776564206C696E6520696E202566207355
:10AEC00065630A0025252044656D6F206265686111
:10AED00076653A3A207374617465206368616E67C1
:10AEE00065642066726F6D20256420746F20256470
:10AEF00020617420252E3466207365630A000000EB
:10AF0000232055446973706C61793A3A20686974FA
:10AF1000204D41580A0000000A2323232323232322
:10AF20002073775F73656E64434D44282578202530
:10AF300070202575292063616C6C656420776974C5
:10AF4000682062746472697665725F203D3D2030CE
:10AF5000200000004A6F79737469636B436F6E74ED
:10AF6000726F6C6C65723A3A636C61696D5F626CAA
:10AF70007565746F6F7468202D20436C6173732046
:10AF800025782025730A00004A6F79737469636B12
:10AF9000436F6E74726F6C6C65723A3A636C616980
:10AFA0006D5F626C7565746F6F746820496E74654F
:10AFB00072666163650A00004A6F79737469636B36
:10AFC000436F6E74726F6C6C65723A3A62745F6351
:10AFD0006C61696D5F636F6C6C656374696F6E281B
:10AFE00025702920436F6E6E656374696F6E3A2514
:10AFF0007020636C6173733A257820546F703A2522
:10B00000780A0000094A6F79737469636B436F6E45
:10B0100074726F6C6C657220636C61696D20636F14
:10B020006C6C656374696F6E0A000000555342488A
:10B0300049445061727365723A3A636F6E74726F0D
:10B040006C206D73673A202578202578203A2025DA
:10B0500078202575203A0000576972656C65737316
:10B0600020436F6E74726F6C6C657200504C415966
:10B0700053544154494F4E28522933004E6176694A
:10B08000676174696F6E20436F6E74726F6C6C656C
:10B09000720000004D6F74696F6E20436F6E7472A2
:10B0A0006F6C6C657200000058626F78205769728F
:10B0B000656C65737300000050726F20436F6E748F
:10B0C000726F6C6C657200004A6F792D436F6E2051
:10B0D000285229004A6F792D436F6E20284C290091
:10B0E000537769746368207472616E736665722049
:10B0F0006661696C0A0000005365742052756D62C8
:10B100006C6520646174613A2025642C2025640AF2
:10B11000000000005365742052756D626C652064F8
:10B120006174612028555342293A2025642C20253A
:10B13000640A00000A20212121212121212121212D
:10B140002120426C7565746F6F7468436F6E747202
:10B150006F6C6C65723A3A71756575655F446174C0
:10B16000615F5472616E736665722063616C6C65B9
:10B17000642077697468206261642064617461206E
:10B180006C696E653A2025750A0000000920706917
:10B1900070653A2570206275666665723A25702082
:10B1A0006C656E3A2575206472697665723A257011
:10B1B0000A00000007080C0B06050F000D0E010227
:10B1C0001F1F07080C0B06050F000D0E01021F1FA5
:10B1D0001F1F1F1F1F1F1F1F1F1F1F1F090A0000E8
:10B1E00007080C0B06050F000D0E1F1F03040708B0
:10B1F0000C0B06050F000D0E1F1F03041F1F1F1F42
:10B200001F1F1F1F1F1F0102090A00006C7320254A
:10B2100064202564202025642025642020256420C6
:10B2200025642020256420256420202564202564B1
:10B2300020202564202564202025642025642020EA
:10B240002564202564202025642025642020256C89
:10B250007520256C752025640D0A000023204144CB
:10B2600043207365713D25642C207265736574639A
:10B270006E743D25642C2072657365740A000000AD
:10B28000476574207261772041442076616C756552
:10B290007320286972312C206972322C206261740B
:10B2A000746572792C206D312063757272656E74CD
:10B2B0002C206D322063757272656E742C2073754C
:10B2C00070706C792063757272656E74290000006D
:10B2D00047657420726177206C696E652073656EB6
:10B2E000736F722041442076616C75657320286EFF
:10B2F000312C206E322C206C733120286C2C682964
:10B300002C206C7332202E2E2E206C73382C206350
:10B3100074312C20637432202875732929000000B1
:10B320006C7300002320414420636F6E7665727455
:10B330006572202D2D2D2D2D2D2D0D0A00000000C4
:10B34000616420256420256420256420256420254F
:10B35000642025640A00000025252025326420256C
:10B360003264206C696E6573656E736F72457874B4
:10B3700072612000256720006C737420256C752095
:10B3800025642025642025640D0A0000252520253C
:10B390003264202532642074696D696E6720284309
:10B3A00050555F636C6F636B287573292C20616443
:10B3B0002C2073656E736F722C20636F6E74726FC6
:10B3C0006C2C20656E642C20542D73616D706C653F
:10B3D0002C206C6F6164206F2F6F6F290D0A0000A5
:10B3E000256C7520256C6420256C6420256C6420F8
:10B3F000256C6420256C6420256C6420000000000E
:10B4000025252025326420253264204D6F746F720B
:10B410002063757272656E74206C6566742C207280
:10B42000696768742C20737570706C79205B415D5E
:10B430003A20252E336620252E336620252E3366AE
:10B440000D0A0000252E336620252E336620252E7A
:10B450003366200025252025326420253264204DC6
:10B460006F746F7220766F6C74616765202856293F
:10B47000206C6566742C2072696768743A20252EEA
:10B48000326620252E32660D0A000000252E326617
:10B4900020252E326620000025252020256420202E
:10B4A00020205475726E7261746520287261642F59
:10B4B00073293A20252E34660D0A000025252525FE
:10B4C000204C6F6767656420636F6D6D756E69638F
:10B4D0006174696F6E206D65737361676573206950
:10B4E0006E74656E64656420666F72205553420AFF
:10B4F00000000000252525252031202020546565E9
:10B500006E73792074696D65207374616D70206944
:10B510006E207365636F6E64732073696E6365205C
:10B52000626F6F740A000000252525252032202037
:10B5300020546865206D6573736167652074657854
:10B5400074206C696E650A0025252025326420254B
:10B5500032642044697374616E63652073656E7331
:10B560006F7220286D293A20252E336620252E3330
:10B57000660D0A00252E336620252E336620000036
:10B58000252520253264202E2E2025326420456476
:10B5900067652073656E736F723A206C6566742000
:10B5A000706F732C20726967687420706F732C2021
:10B5B0006C696E652076616C69642C2063726F73B0
:10B5C00073696E672C2076616C75657320642064E6
:10B5D0002064206420642064206420642C20207770
:10B5E000686974652C20757365642C204C45442073
:10B5F000686967682C206176657261676520776885
:10B600006974652C206C696E65206465746563746B
:10B6100020636F756E742C2063726F7373696E672D
:10B620002064657465637420636F756E740D0A0021
:10B63000252E326620252E3266202578202578207A
:10B640002564202564202564202564202564202588
:10B65000642025642025642020256420256420257D
:10B660006420252E326620256420256420000000F9
:10B670002320554C6F673A3A577269746542756674
:10B68000666572546F3A20666C616720646F206E45
:10B690006F74206578697374202D20676574206C41
:10B6A0006F672077696C6C206661696C210A000005
:10B6B0002320555573623A3A72652D7472790D0ADA
:10B6C000000000006C666C20256420256420256441
:10B6D00020256420256420256420256420256420FD
:10B6E00025642025642025642025642025642025E8
:10B6F000642025642025642025640D0A00000000D4
:10B700002525204C6F672062756666657220697317
:10B7100020656D7074790D0A000000002525206CED
:10B720006F67656E640A0000476574206C6F672060
:10B73000666C61677320276C666C206D697320618D
:10B740006363206779726F206D6167206D6F74721B
:10B750006566206D6F7476206D6F746120656E6311
:10B760002076656C207475726E7261746520706FDE
:10B770007365206C696E65206469737420626174FE
:10B78000742074696D696E672065787472612063D6
:10B7900068697270270000006C666C004765742051
:10B7A0006C6F672073746174757320276C737420D9
:10B7B000696E74657276616C20726F777320726F38
:10B7C00077734D6178206C6F6753697A6527000045
:10B7D0006C7374006C666C73200000006C6F676E95
:10B7E0006F7720006C737473200000006C6F676DBE
:10B7F000736720002525206C6F6720697320656DB5
:10B800007074790A0000000023206C6F676765720E
:10B81000202D2D2D2D2D2D0A0000000023202D2D53
:10B8200020096C6F676E6F772049097374617274B9
:10B83000206C6F6767696E67206E6F772077697419
:10B8400068204920696E74657276616C20696E208B
:10B850006D730D0A0000000023202D2D20096C6F50
:10B860006720094765742063757272656E74206C79
:10B870006F672C20696620616E790D0A0000000058
:10B8800023202D2D20096C666C73200953657420CC
:10B890006C6F6720666C616773202D2073616D6526
:10B8A000206F72646572206173206C666C0D0A00F3
:10B8B00023202D2D20096C73747320095365742087
:10B8C0006C6F6720696E74657276616C2028666F94
:10B8D000722074696D696E6720696E666F206F6E85
:10B8E0006C79290D0A00000023202D2D20096C6F92
:10B8F000676D736720095374617274206C6F6720E1
:10B900006F662028616C6C292073747265616D65A7
:10B9100064206D657373616765732028652E672EDB
:10B9200020737562736372697074696F6E73290D29
:10B930000A000000252520253264202532642025B8
:10B9400032642041636320782C792C7A205B6D2F40
:10B9500073325D3A2025672025672025670D0A0090
:10B960002566202566202566200000002525202547
:10B9700032642025326420456E636F646572206CEA
:10B980006566742C2072696768743A20256C64209F
:10B99000256C640D0A000000252520253264202531
:10B9A000326420576865656C2076656C6F636974D6
:10B9B0007920286D2F7329206C6566742C2072699C
:10B9C0006768743A20252E346620252E34660D0AC9
:10B9D00000000000252E346620252E34662000004D
:10B9E000252E33662000000023206C6F67206D65D4
:10B9F0007373616765206275666665722066756C33
:10BA00006C0A000025252025326420202020426178
:10BA1000747465727920766F6C746167652028256F
:10BA20002E32662056290D0A00000000252E3266AF
:10BA300020000000252520253264202532642025A1
:10BA40003264204779726F20782C792C7A205B64DD
:10BA500065672F735D3A2025672025672025670DD0
:10BA60000A000000252E346620252E346620252E5F
:10BA700034662000252520253264202532642025C7
:10BA800032642025326420506F736520782C792C25
:10BA9000682C74696C7420286D2C6D2C7261642C78
:10BAA000726164293A20252E346620252E346620C2
:10BAB000252E346620252E34660D0A00252E346688
:10BAC00020252E346620252E356620252E3566202D
:10BAD00000000000252520253264202020207469E4
:10BAE0006D6520252E3466207365632C2066726F89
:10BAF0006D20257320282564290D0A00252E346623
:10BB0000200000002320436F6D6D616E64206C691E
:10BB100073742028686F737420257320257329207F
:10BB20002D2D2D2D2D2D2D200D0A000023205553B8
:10BB300042206261636B20757020617420252E3372
:10BB400066733B2077656E74206F66662061742093
:10BB5000252E336673202873696E636520546565EE
:10BB60006E737920626F6F74292061732025730DC5
:10BB70000A000000232075736220252E33662025DD
:10BB80006420256420256420256420256420256404
:10BB90002025640D0A0000003B25303264000000BF
:10BBA00023205553422072782D6275666665722097
:10BBB0006F766572666C6F770D0A0000636F6E6654
:10BBC00069726D2025730A00232043524320666169
:10BBD000696C656420286372633D25642C20666F60
:10BBE000756E6420746F2062652025642C20737547
:10BBF0006D3D25642C202564206368617273292CB7
:10BC000020666F7220272573270D0A00232070728B
:10BC10006F63657373696E6720756E6465722070FB
:10BC2000726F74657374202D206E6F204352432011
:10BC3000272573270D0A00000D0A3E3E0000000074
:10BC40002A2A2044697363617264656420286D69DF
:10BC50007373696E67205C6E290D0A0023205555A9
:10BC600053423A3A7469636B3A202873656329201A
:10BC700073697A653D25640A000000002320252EA3
:10BC800033662025733A2025730D0A000A0D000043
:10BC90002320555342206973207570202D2073682E
:10BCA0006F756C64206E657665722073686F772C93
:10BCB0002061732068616E646C6564206279206322
:10BCC0006F6D6D616E64206465636F64650A00006A
:10BCD0006661696C65642073656E64696E67206176
:10BCE0006E64206E6F20696E636F6D696E67000011
:10BCF000746F6F206C6F6E672069646C6500000064
:10BD0000232077656C636F6D65202D2072656164FB
:10BD10007920696E2061206D6F6D656E740D0A006B
:10BD20004765742073746174757320666F72205553
:10BD3000534220636F6E6E656374696F6E20277562
:10BD400073622074696D6520696E436E7420696E3C
:10BD50004572722073657276696365642F736563DB
:10BD600020736572766963654C6F6F70436E742FD4
:10BD70007365632073656E644661696C2F736563D8
:10BD80002700000075736200476574207375627345
:10BD90006372697074696F6E207374617475732057
:10BDA00028617320696E666F2077697468206B65FF
:10BDB0007920616E6420696E74657276616C20749E
:10BDC000696D6529000000007373760073696C6506
:10BDD0006E7420006E6F637263200000616C697680
:10BDE00065000000232055534220636F6E6E65632B
:10BDF00074696F6E202D2D2D2D2D2D2D200D0A00F7
:10BE000023202D2D20096920562009496E74657262
:10BE10006163746976653A20563D313A206C6F63F0
:10BE2000616C206563686F202869733D2564292053
:10BE300028666F7220757365207769746820746551
:10BE40006C6E6574290D0A0023202D2D20096E6F5C
:10BE500063726320562009416C6C6F77206D6573A7
:10BE6000736167657320776974686F7574204352D6
:10BE7000433A20563D313A20616C6C6F7720286937
:10BE8000733D2564290D0A0023202D2D2009736997
:10BE90006C656E742056200953686F756C6420556C
:10BEA00053422062652073696C656E742C2069664C
:10BEB000206E6F20636F6D6D756E69636174696F5D
:10BEC0006E2028313D6175746F2073696C656E74E6
:10BED000292073696C656E743D2564202870742078
:10BEE0006E6F20656666656374290D0A00000000A8
:10BEF00023202D2D2009616C697665200949676E24
:10BF00006F727265642C206275742075736564208D
:10BF1000746F206B65657020636F6D6D756E6963FE
:10BF20006174696F6E20616C69766520286F6E633D
:10BF3000652061207365632069732066696E6529D9
:10BF40000D0A0000616363302025672025672025E6
:10BF5000672025640A0000006779726F302025672A
:10BF60002025672025672025640A0000616363207F
:10BF7000256620256620256620252E33660D0A00BD
:10BF80006D616720256620256620256620252E33D5
:10BF9000662025640D0A00006779726F6F202566A0
:10BFA0002025662025660D0A000000006779726F63
:10BFB00020256620256620256620252E33660D0A5D
:10BFC00000000000232055496D75323A3A746963C8
:10BFD0006B20256C752C2073616D706C6554696DD8
:10BFE00065203D20256475732C20696D756176612F
:10BFF000696C3D25640A0000232055496D75323A6D
:10C000003A6779726F6F6666736574206E3D256C52
:10C01000752C2067783D25672073756D67783D2501
:10C02000670A000023206779726F206F6666736568
:10C03000742066696E69736865640D0A000000000B
:10C0400023206D657373616765206661696C656443
:10C0500020746F20726561642066726F6D204D5090
:10C0600055393235302031302074696D657320695F
:10C070006E206120726F772C2073746F707065640E
:10C0800020747279696E670A0000000047657420A9
:10C0900063616C69627261746564206779726F2094
:10C0A00076616C756520617320276779726F2067F0
:10C0B0007820677920677A2720286465672F73299D
:10C0C000000000006779726F00000000476574206F
:10C0D0006779726F206F666673657420276779725F
:10C0E0006F6F206F78206F79206F7A270000000033
:10C0F0006779726F6F000000476574206163636544
:10C100006C65726F6D657465722076616C756573B0
:10C11000202761636320617820617920617A27207C
:10C12000286D2F735E3229006163630047657420B8
:10C1300063616C69627261746564206779726F20F3
:10C1400076616C756520617320276779726F302086
:10C15000677820677920677A2720286465672F73BE
:10C160002920617665726167656420666F7220734D
:10C170007562736372696265720000006779726F3D
:10C18000300000004765742063616C6962726174FD
:10C19000656420616363202076616C75652061733E
:10C1A00020276163633020617820617920617A27DC
:10C1B00020286D2F735E3229206176657261676574
:10C1C0006420666F72207375627363726962657250
:10C1D00000000000616363300000000047657420C8
:10C1E0006779726F2D696E7465677261746564201A
:10C1F0007961772027796177672079617720796184
:10C20000775F7261746520742720287261642C2026
:10C210007261642F732C20736563290079617767DD
:10C2200000000000476574206D61676E65746F6D76
:10C23000657465722076616C75657320276D616722
:10C24000206D78206D79206D7A2074272028755410
:10C25000290000006D6167006779726F63616C206F
:10C26000000000006779726F63000000696D756FF0
:10C270006E2000002320696E697469616C697A69B7
:10C280006E67204D5055393235300A0023205374E3
:10C290006F70706564207573696E67204D505539F5
:10C2A0003235300A0000000023204572726F722080
:10C2B000696E697469616C697A696E6720636F6D14
:10C2C0006D756E69636174696F6E2077697468203B
:10C2D000494D550A0000000023204D505539323594
:10C2E00030202777686F5F616D5F69273D25642087
:10C2F0002830782578290A002320656E61626C69F0
:10C300006E67206D6167206279706173730A000047
:10C31000232070726F62696E6720414B3839363363
:10C320000A0000002320414B383936332070726FE9
:10C33000626520656E6454783D2564206E3D2564F9
:10C340002077686F3D307825780A000023206162ED
:10C350006F757420746F2063616C6C20626567690F
:10C360006E4D616728290A002320626567696E4D5A
:10C37000616728292072657475726E65640A000011
:10C380007961776720256620256620252E33660D86
:10C390000A0000002320494D55202D2D2D2D2D2D37
:10C3A0002D0D0A0023202D2D20096779726F6361FE
:10C3B0006C2009536574206779726F2063616C6922
:10C3C00062726174696F6E2076616C756573202886
:10C3D0006F66667365745B335D290A0023202D2D1B
:10C3E00020096779726F6320095374617274206742
:10C3F00079726F2063616C6962726174696F6E201B
:10C400002866696E69736865643D2564290D0A00B4
:10C4100023202D2D2009696D756F6E204520462043
:10C420004D2009456E61626C6520494D55202845B7
:10C430003D31292C204D6164677769636B20284664
:10C440003D31292C20757365206D61676E65746FB1
:10C450006D6574657220284D3D3129200D0A00005C
:10C460002525204C6561643A207461755A20256742
:10C47000207365632C2074617550203D2025672052
:10C480007365632C2054203D202567207365630A63
:10C490000000000025252020202020202074617528
:10C4A0005A327054203D2025672C207461755A3211
:10C4B0006D54203D2025672C2074617550327054D6
:10C4C000203D2025672C2074617550326D54203D2D
:10C4D0002025670A0000000023202D2D2009257348
:10C4E0006920616E642027737562202573204E27B2
:10C4F000200925730D0A0000232055537562733AF5
:10C500003A736572766963655374617475733A2022
:10C5100025643A2025733A2073656E64436E743D3A
:10C5200025642C207375624E3D25642C2064743D77
:10C53000256C640A00000000233D3D3D3D3D3D3D2E
:10C540003D20415335583437204465627567203D9E
:10C550003D3D3D3D3D3D3D0D0A000000232D2D2D6F
:10C560002D2D2D2D20455252464C20526567697362
:10C57000746572203A0D0A00232020205265616400
:10C58000205761726E696E672025642C20526561A8
:10C5900064204572726F723A2025642C20666C61AB
:10C5A0006773203078253034782028736565204102
:10C5B000533532343755206D616E75616C2072656C
:10C5C0006720307830303031290D0A00232D2D2D91
:10C5D0002D2D2D2D204449414720526567697374E4
:10C5E00065723A200D0A0000232020205265616404
:10C5F000204572726F723A2025642C20466C616768
:10C60000733A2030782530347820286865782C20DB
:10C610007365652041533531343755206D616E7532
:10C62000616C2C207265673D307833464635290DA4
:10C630000A000000232D2D2D2D2D2D2D204D41479D
:10C640002052656769737465723A200D0A00000014
:10C6500023202020282578292052656164204572F6
:10C66000726F723A2025642C20434D41473A2025B1
:10C67000640D0A00232D2D2D2D2D2D2D20416E67AB
:10C680006C652052656769737465723A200D0A0003
:10C6900023202020282578292052656164204572B6
:10C6A000726F723A2025642C20434F524449414E08
:10C6B000473A2025640D0A00232D2D2D2D2D2D2DDB
:10C6C0002056656C6F63697479205265676973746D
:10C6D00065723A200D0A0000232D2D2D2D2D2D2DB4
:10C6E00020416E676C65436F6D2052656769737496
:10C6F00065723A200D0A0000232020202825782981
:10C700002052656164204572726F723A2025642C54
:10C710002044414543414E473A2025640D0A00001C
:10C72000232D2D2D2D2D2D2D2053657474696E67AD
:10C7300073312052656769737465723A200D0A007F
:10C740002320202028257829205265616420457205
:10C75000726F723A2025642C2073657474696E6759
:10C7600073313A20307825780D0A0000232D2D2DC5
:10C770002D2D2D2D2053657474696E6773322052F0
:10C78000656769737465723A200D0A004765742005
:10C79000656E636F646572207374617475732027AE
:10C7A0006173656E632073312073322073332720E9
:10C7B000313D617661696C61626C65006173656EC3
:10C7C0007300000047657420656E636F64657220B6
:10C7D0006F666673657420276173656E6F206F31B5
:10C7E000206F32206F332720696E20646567726581
:10C7F000657300006173656E6F000000476574200B
:10C80000656E636F6465722076616C756573202751
:10C810006173656E7620703120703220703327206E
:10C8200028616E676C6520696E2064656772656556
:10C83000732900006173656E700000004765742005
:10C84000656E636F6465722076616C756573202711
:10C850006173656E7620763120763220763327201C
:10C860002876656C6F6369747920696E20646567EA
:10C87000726565732F7329006173656E7600000021
:10C8800047657420656E636F646572206572726FB0
:10C890007220666C61677320276173656E65206521
:10C8A000312065322065332720284865782C207395
:10C8B0006565204153353134374520646F63290065
:10C8C0006173656E65000000476574207265676975
:10C8D000737465722076616C7565732027237265A9
:10C8E00067313620696E746572666163652C2072EB
:10C8F00065672C2076616C756527000061733136A1
:10C90000000000006173656F66200000617369209C
:10C910000000000023206E6F7420612076616C6936
:10C9200064206465766963650A00000061733136CE
:10C93000200000002320726567313620696E74651F
:10C940007266616365202564207265672025780D15
:10C950000A00000023207061636B207465737420EB
:10C960003078343030372073686F756C64206265BE
:10C97000203D2025780D0A006173656E73202564C3
:10C980002025642025640D0A000000006173656E97
:10C990006F2025642025642025640D0A0000000016
:10C9A0006173656E7020252E326620252E3266203A
:10C9B000252E32660D0A00006173656E7620252EE5
:10C9C000316620252E316620252E31660D0A0000A5
:10C9D0006173656E65203078253034782030782595
:10C9E000303478203078253034780D0A000000008B
:10C9F0002320415335313437553A20696E746572BE
:10CA0000666163652025642C207265672020257887
:10CA1000203D207761726E3D25642C206572723D49
:10CA200025642C20646174613D2030782530347891
:10CA30000D0A0000232041533578343720656E639A
:10CA40006F646572202D2D2D2D2D2D2D0D0A0000CA
:10CA500023202D2D2009617369204E2009496E691C
:10CA60007469616C697A6520535049206368616E0E
:10CA70006E656C204E205B302E2E325D0D0A00005C
:10CA800023202D2D2009656E636F66206F31206F86
:10CA900032206F33200953657420656E636F6465BF
:10CAA00072206F66667365740D0A202869733D25D0
:10CAB000642C2025642C202564290D0A0000000028
:10CAC00023202D2D200961733136206520692052E5
:10CAD0002009476574207265676973746572205216
:10CAE0002076616C75652066726F6D20696E746565
:10CAF000726661636520692C2064697361626C658C
:10CB000020696620653D302028757365206173318A
:10CB1000366920746F20736565290D0A00000000D6
:10CB20006D6F7470776D2025642025642025642046
:10CB300025642025642025642025640D0A0000005A
:10CB40006D6F7420252E326720252E326720252E0A
:10CB5000336720252E34672025640D0A000000006D
:10CB60002320554D6F746F723A3A6D6F746F725324
:10CB70006574416E63686F72566F6C746167653A75
:10CB8000206F7665726C6F61642C206469736162DA
:10CB90006C6564206D6F746F72730A004765742052
:10CBA0006D6F746F7220766F6C7461676520276D8E
:10CBB0006F74206D31285629206D32285629207631
:10CBC000656C5F72656631286D2F73292076656C00
:10CBD0005F72656632286D2F7329207265766572E3
:10CBE00073656427000000006D6F74004765742052
:10CBF0006D6F746F7220646972656374696F6E2003
:10CC0000616E642050574D20276D6F7470776D20D2
:10CC1000646972312070776D3120646972322070DE
:10CC2000776D3227000000006D6F7470776D000023
:10CC30006D6F7472000000006D6F7476000000006C
:10CC40006D6F7466727120006465616462616E6408
:10CC500020000000232050574D20646561642D6240
:10CC6000616E642073657420746F206C6566743D1A
:10CC7000252E316625252C2072696768743D252E86
:10CC8000316625250D0A000023204E4221206465CF
:10CC900061642D62616E642073657474696E6720CF
:10CCA0006973206E6F7420736176656420746F20E1
:10CCB000666C61736820286C6F737420616674659C
:10CCC00072207265626F6F74290A000023204D6F15
:10CCD000746F72202D2D2D2D2D2D2D0D0A0000008D
:10CCE00023202D2D20096D6F747220562009536565
:10CCF00074206D6F746F72207265766572736564EF
:10CD00003B20563D3020666F7220736D616C6C2045
:10CD10006D6F746F72732C20563D3120666F7220D8
:10CD2000736F6D6520626967206D6F746F72730D2C
:10CD30000A00000023202D2D20096D6F7476206DD0
:10CD400031206D322009536574206D6F746F72202D
:10CD5000766F6C74616765202D32342E302E2E3242
:10CD6000342E30202D20616E6420656E61626C650A
:10CD7000206D6F746F72730D0A00000023202D2D3B
:10CD800020096D6F746672712009536574206D6F90
:10CD9000746F722050574D206672657175656E63B1
:10CDA00079205B3130302E2E35303030305D2C2004
:10CDB00069732025640D0A0023202D2D2009646548
:10CDC000616462616E64204C205209536574205086
:10CDD000574D206465616462616E6420285B302E6B
:10CDE0002E31303025255D2C206973206C656674EA
:10CDF0003D252E316625252C2072696768743D25F6
:10CE00002E316625250D0A00756E6B6E6F776E00EC
:10CE100074696D6520256C6420256C6420256C6424
:10CE200020256C6420256C6420256C6420256C64AE
:10CE300020252E31660D0A007374617274202564FA
:10CE40000D0A000070696E2025642025640D0A001B
:10CE5000232042617474657279206C6F77202D20D5
:10CE6000676F696E6720504F574552204F464620E6
:10CE7000696E20252E3066207365636F6E64210D08
:10CE80000A000000232042617474657279206C6F7F
:10CE900077202D2064697361626C696E6720736509
:10CEA00072766F210D0A0000232064697361626C41
:10CEB000696E6720736572766F210D0A00000000AD
:10CEC000232042617474657279206C6F7721202869
:10CED0007368757420646F776E20616C6C202862B3
:10CEE0007574205553422920706F77657221290D82
:10CEF0000A000000506F776572206F6666000000C0
:10CF000073746172740D0A00232073656E7420734C
:10CF1000746172742028627574746F6E2072656C0F
:10CF200065617365290D0A002320536875742064B8
:10CF30006F776E2025642025642025642028636F88
:10CF4000756E743D2564290A00000000706F7765D6
:10CF500072206F6666202564207365630A000000F6
:10CF6000232055526F626F743A3A20706F77657262
:10CF7000206F6E0D0A0000004765742074696D65AE
:10CF800020616E6420737461746520276862742068
:10CF900074696D6520696478207265766973696F5C
:10CFA0006E20626174566F6C7420737461746520B6
:10CFB0006877270068627400476574206465766945
:10CFC0006365207479706520616E64206E616D65A3
:10CFD00020276E616D652074797065206E616D65C6
:10CFE0002700000073616D706C652074696D696E57
:10CFF00067205B75735D202774696D65204350550C
:10D000005F636C6B2061645F75732073656E736F13
:10D01000725F757320636F6E74726F6C5F757320CF
:10D02000646F6E655F757320545F7573206C6F61FC
:10D03000645F6F2F6F27000074696D65000000004A
:10D040004765742070696E2076616C756520287064
:10D05000696E206973207365742062792027706976
:10D060006E642729202770696E2070696E207661B2
:10D070006C7565270000000070696E0047657420BC
:10D0800076616C7565206F66206175746F206D69BF
:10D090007373696F6E2020737461727420666C61A3
:10D0A00067202773746172742076616C7565272020
:10D0B00076616C75653D5B302C315D2E00000000A3
:10D0C0006175746F000000007365746964782000F6
:10D0D0007365746877200000232055526F626F7467
:10D0E0003A6465636F6465202068773D2564206637
:10D0F000726F6D20736574687720272573270D0A7A
:10D1000000000000736574696420000023207365CB
:10D1100074206E616D6520746F206E6F7468696E27
:10D12000672028275F27290D0A0000002320676F4A
:10D1300074206E6577206E616D65202867657420A8
:10D14000776974682027696427290D0A00000000A8
:10D15000726F626F626F740070696E64200000000D
:10D1600070696E762000000068616C740000000039
:10D1700073746F7000000000232073746F70706907
:10D180006E670D0A00000000737461727400000085
:10D1900023207374617274696E670D0A00000000C9
:10D1A0007374696D65200000232073616D706C6578
:10D1B0002074696D652054206F7574206F6620623D
:10D1C0006F756E6473202831393C3D543C3D3530D9
:10D1D000303030302028757329290D0A00000000F6
:10D1E000646E616D652025732025730D0A000000B3
:10D1F000706F776572206F666620252E32660D0A85
:10D20000000000002320526F626F742073657474F5
:10D21000696E6773202D2D2D2D2D2D2D0D0A0000EB
:10D2200023202D2D2009736574696478204E200910
:10D2300053657420494420746F204E202873657410
:10D240007320726F626F74206E616D65292028698A
:10D25000643D25642C2070617274206F66206862C2
:10D2600074292E0D0A00000023202D2D200973653E
:10D2700074696420737472696E6720095365742041
:10D28000646576696365207479706520746F2073B6
:10D290007472696E6720283C2033322063686172A3
:10D2A000732C2069733D2573292E0D0A00000000A0
:10D2B00023202D2D20097365746877204E20095393
:10D2C0006574206861726477617265207665727337
:10D2D000696F6E20286973203D2025642C207061C1
:10D2E0007274206F6620686274292E0D0A00000097
:10D2F00023202D2D200973746F70200953746F70D3
:10D3000020616E6420736574206D616E75616C20A0
:10D310006D6F64650D0A000023202D2D20097374A4
:10D320006172742009537461727420286163746996
:10D330007661746520736F6D657468696E67290D19
:10D340000A00000023202D2D20096F666620540955
:10D350005475726E206F666620706F776572202834
:10D360006375747320706F7765722061667465727F
:10D370002054207365636F6E6473290D0A000000EA
:10D3800023202D2D20097374696D65207573095351
:10D3900065742073616D706C652074696D652074AF
:10D3A00079706963616C6C792061726F756E64204D
:10D3B0003130303020283E2032302920697320253A
:10D3C0006C640D0A0000000023202D2D20097069D7
:10D3D0006E642070696E2076205B705D0953657401
:10D3E0002070696E20646972656374696F6E20765F
:10D3F0003D31206F75747075742C20703D31207034
:10D40000756C6C2075702C20703D2D312070756C02
:10D410006C20646F776E0D0A0000000023202D2D14
:10D42000200970696E762070696E207609536574E4
:10D430002070696E20746F2076205B302E2E315D57
:10D440000D0A000023202D2D2009466F7220616CEB
:10D450006C20737562736372697074696F6E732088
:10D4600028277375622720636F6D6D616E64732961
:10D470002062656C6F772C20274E272069732074FB
:10D48000686520696E74657276616C20696E206DC6
:10D49000730D0A0068627420252E346620256420EE
:10D4A000256420252E326620256420256420252E23
:10D4B000316620252E32662025640D0A000000000A
:10D4C00048656C6C6F2C2049276D207265736574FC
:10D4D00074696D65720000004465626F756E636506
:10D4E0002054696D657200002320756E6B6E6F7736
:10D4F0006E20736572766F3A20312D332069732068
:10D50000736572766F20342C352069732070696ED4
:10D51000730D0A002320737570706F727465642038
:10D520006F6E2068617264776172652076657273D0
:10D53000696F6E20330D0A0073766F2025642025F5
:10D540006420256420202564202564202564202073
:10D55000256420256420256420202564202564205E
:10D560002564202025642025642025640D0A000000
:10D5700067657420736572766F20636F6E66696786
:10D5800075726174696F6E202773766F207B656E8C
:10D590006162656C656420706F735B302E2E2E3176
:10D5A0003030305D2076656C7D2A35270000000024
:10D5B00073766F0073766F73200000007365727668
:10D5C0006F2000002320536572766F202D2D2D2DA6
:10D5D0002D2D0A0023202D2D200973766F73202016
:10D5E000652070207620206520702076202E2E2E3B
:10D5F000200973657420616C6C20736572766F739B
:10D6000020653D656E61626C652C20703D706F73A6
:10D610006974696F6E202B2F2D313032342C2076B7
:10D620003D76656C6F636974792E0D0A0000000009
:10D6300023202D2D2009736572766F2069207020BC
:10D640007609736574206F6E6520736572766F203E
:10D65000693D696E64657820312E2E352C20706FFF
:10D6600073207E202B2F2D38303020287573292CE5
:10D6700020763D76656C6F6369747920302E2E3488
:10D68000303030202876616C2F73292C20303D6D8E
:10D6900061782C20313D736C6F6F6F6F770D0A00CE
:10D6A00023205553756273733A3A736572766963D2
:10D6B000655374617475733A206964783D25643AE2
:10D6C0000A0000007375622000000000D95E0100AE
:10D6D000DD5E0100E15E0100E55E0100697220256A
:10D6E0002E336620252E336620256C7520256C751B
:10D6F00020256C7520256C7520256C7520256C7592
:10D70000202564200D0A000069726420252E3366EE
:10D7100020252E336620256C7520256C7520256408
:10D720000D0A000047657420495220616E64206331
:10D73000616C6962726174696F6E206461746120EA
:10D74000276972206469737431286D2920646973B4
:10D750007432286D2920726177312072617732200E
:10D7600063616C312D31332063616C312D35302094
:10D7700063616C322D31332063616C322D35302082
:10D780007573650069720000476574204952206412
:10D79000697374616E6365202769726420646973BC
:10D7A0007431286D29206469737432286D292073BF
:10D7B000656E736F724F6E006972640069726F6E8E
:10D7C0002000000023206972207365740A000000A5
:10D7D0006972632000000000232069722063616C7D
:10D7E0006962726174650A0023204952206469737A
:10D7F00074616E6365202D2D2D2D2D2D2D0D0A00AC
:10D8000023202D2D200969726320413133204135B9
:10D810003020423133204235302056095365742080
:10D8200063616C6962726174696F6E2076616C7598
:10D8300065733A204178783D73656E736F7220315D
:10D84000202873696465292C2078783D6469737495
:10D85000616E636520696E20636D3B204278783D80
:10D8600053656E736F722032202866726F6E742952
:10D870003B20563D3120696E206F6E0D0A0000007E
:10D8800023202D2D200969726F6E205620095475B2
:10D89000726E2049522073656E736F72206F6E2016
:10D8A0006F72206F666620563D3120666F72206F62
:10D8B0006E2028303D6F6666290D0A0023205265D0
:10D8C0006164696E6720636F6E6669677572617403
:10D8D000696F6E202D20696E20666C61736820630D
:10D8E0006E743D256C752C207265763D256C752C0B
:10D8F0002074686973206973207265763D25640D14
:10D900000A00000023204E6F207361766564206357
:10D910006F6E66696775726174696F6E202D207312
:10D92000617665206120636F6E66696775726174E8
:10D93000696F6E2066697273742028636F6E666902
:10D94000672073697A653D256C752C207265763D7C
:10D95000256C75290D0A00002320636F6E666967C8
:10D9600075726174696F6E2066726F6D206F6C6482
:10D970002053572076657273696F6E206E6F773A09
:10D98000256720213D2065653A2567202D20636F9E
:10D990006E74696E7565730D0A0000002320636F55
:10D9A0006E66696775726174696F6E2073697A65F6
:10D9B00020686173206368616E6765642120256C4F
:10D9C0007520213D2025642062797465730D0A005D
:10D9D0002320736B6970706564206D616A6F7220BB
:10D9E00070617274206F662065652D6C6F61642CA8
:10D9F000206173204944203D3D20300A0000000092
:10DA0000232045452D70726F6D204420736574206E
:10DA1000746F2064656661756C742076616C7565E1
:10DA200073206174206E657874207265626F6F7404
:10DA30000D0A0000232053656E6420256C75206359
:10DA40006F6E66696720627974657320286F66203F
:10DA500025642920746F205553420D0A00000000F0
:10DA60002320536176656420256C75206279746586
:10DA70007320286F662025642920746F2045452D6A
:10DA800070726F6D20440D0A000000002320657243
:10DA9000726F723A20636F6E66696775726174693E
:10DAA0006F6E206E6F742067656E65726174656459
:10DAB00020617320737472696E670A00236366675E
:10DAC000253032640000000020253032780000004C
:10DAD0002320737472696E67436F6E666967546F53
:10DAE000555342206572726F720A00006565757346
:10DAF00062000000232045452028636F6E66696739
:10DB000075726174696F6E20666C61736829202D6F
:10DB10002D2D2D2D2D2D2D0D0A00000023202D2D16
:10DB2000200965657720095361766520636F6E660D
:10DB3000696775726174696F6E20746F2045452D39
:10DB400050726F6D2028666C617368290D0A0000A1
:10DB500023202D2D200965657220095265616420FE
:10DB6000636F6E66696775726174696F6E20667245
:10DB70006F6D2045452D50726F6D0D0A000000003D
:10DB800023202D2D20096565757362200947657472
:10DB90002063757272656E7420636F6E6669677557
:10DBA000726174696F6E20746F205553420D0A00C4
:10DBB00023636667303020653720303120303020D5
:10DBC0003030203633203362203030203030203661
:10DBD000342030302031382030302030352037327A
:10DBE000203635203637203632203666203734202E
:10DBF0003030203030203030203030203030203075
:10DC00003020303020303020303020303020303064
:10DC100020303020303020202363666730312030C0
:10DC20003020303020303020303020303020303044
:10DC30002030302030302030302030302030302044
:10DC40003030203030203031203830203833203010
:10DC50003620343020303020313020356620336695
:10DC60002030302032382031392062652030302099
:10DC70003030203030203030203030203030202004
:10DC8000236366673032203030203030203030203F
:10DC900030302030302030302030302030302030D4
:10DCA00030203030203030203030203030203030C4
:10DCB00020303020303020303020303020303020C4
:10DCC0003030203830203366203030203030203063
:10DCD0003020303020303020303020303020303094
:10DCE00020303020303020202363666730332030EE
:10DCF0003020303020303020303020383020336633
:10DD00002030302030302030302030302030302073
:10DD10003030203030203030203030203030203053
:10DD20003020303020303020303020383020336602
:10DD30002030302030302038302033662030302002
:10DD400030302038302033662030302030302020F2
:10DD5000236366673034203830203366203030202B
:10DD600030302030302030302031342035632034C2
:10DD700032203430203030203030203030203030ED
:10DD80002036332034612030302030302030612084
:10DD9000303020303020303020303020346220309D
:10DDA0003320303020303020363020343120386677
:10DDB00020633220373520202363666730352033D7
:10DDC000642030302030302061302034302030303A
:10DDD0002030302030302030302030612064372037
:10DDE000613320336220303020303020393020340D
:10DDF0003020303020303020313020343120346237
:10DE00002030332030302030302036302034312064
:10DE100038662063322037352033642030302020AC
:10DE20002363666730362030302061302034302064
:10DE300030302030302030302030302030612064CD
:10DE400037206133203362203030203030203930A9
:10DE50002034302030302030302031302034312018
:10DE600031622030332030302030302038302033C1
:10DE70006620303020303020383020336520636415
:10DE80002063632063632020236366673037203379
:10DE900064203961203939203139203365203061DF
:10DEA000206437206133203363203030203030202D
:10DEB000303020303020306120643720323320333E
:10DEC0006320303020303020303020336620303135
:10DED0002030322030302030302063302033662034
:10DEE000303120303320363620363620343620206C
:10DEF00023636667303820343020636420636320F6
:10DF000063632033642030312030322030302030C1
:10DF10003020383020336620306420303220636473
:10DF2000206363206363203365203030203030204D
:10DF300030302033662030302030302063302033C2
:10DF400066203030203030203030203030203061BA
:10DF50002064372061332020236366673039203303
:10DF60006220326220303320623820316520323521
:10DF70002063302036302065352035302033642052
:10DF80003030203030203030203430206533206174
:10DF900035203162203364206136203962203434E8
:10DFA0002033622063642063632063632033642032
:10DFB000663620336620316320343620303020200E
:10DFC00023636667313020303020303020343020F9
:10DFD00030622030332031662038352036622033DD
:10DFE00065203636203636203836203366203961B3
:10DFF0002039392039392033652030302030302025
:10E00000303020303020636420636320636320332A
:10E01000642039612039392039392033652030377F
:10E020002030312063642020236366673131206310
:10E0300063206363203365206563203531206238B7
:10E0400020336620303020303020383020336620B6
:10E0500038662063322039352033662063332066EA
:10E060003520613820336520303020303020383082
:10E070002033662032332030302036662033322081
:10E0800030612036312033302036342033312020A7
:10E0900023636667313220333020336120343220ED
:10E0A0003364203330203265203331203061203614
:10E0B000362033312033612034322033642033362C
:10E0C0002032652033352030612036362033302031
:10E0D00033612034322033642033302032652033E2
:10E0E0003520306120303020323820303020303040
:10E0F00020303020303020202363666731332030D9
:10E10000302030302030302030302030302030305F
:10E11000203030203030203030203030203030205F
:10E12000303020303020303020303020303020303F
:10E13000302030302030302030302030302030302F
:10E14000203030203030203030203030203030202F
:10E15000303020303020366320316120366320207B
:10E1600023636667313420316120643420333020EA
:10E1700064342033302030302030302030302030B4
:10E1800030203030203030203030203030203030DF
:10E190002030302030302038662063322066352031
:10E1A00033632038662063322066352033632034A1
:10E1B0003820653120316120343120333020303037
:10E1C00020353220623820202363666731352031C4
:10E1D00065203365203031203030203030206134EC
:10E1E00020366100236366673030203035203032BE
:10E1F0002030302030302036332033622030302041
:10E20000303020363420303020313820303020304B
:10E2100035203732203635203637203632203666E4
:10E220002037342030302030302030302030302043
:10E23000303020303020303020303020303020302E
:10E24000302030302030302030302020236366678B
:10E25000303120303020303020303020303020300D
:10E2600030203030203030203030203030203030FE
:10E2700020303020303020303020303120383020F5
:10E2800038332030362034302030302031302035C3
:10E2900066203366203030203238203139206265E4
:10E2A00020303020303020303020303020303020CE
:10E2B0003030202023636667303220303020303009
:10E2C00020303020303020303020303020303020AE
:10E2D000303020303020303020303020303020308E
:10E2E000302030302030302030302030302030307E
:10E2F000203030203030203830203366203030203D
:10E30000303020303020303020303020303020305D
:10E3100030203030203030203030202023636667BA
:10E320003033203030203030203030203030203832
:10E3300030203366203030203030203030203030F4
:10E34000203030203030203030203030203030202D
:10E350003030203030203030203030203030203805
:10E360003020336620303020303020383020336683
:10E3700020303020303020383020336620303020BC
:10E3800030302020236366673034203830203366F5
:10E3900020303020303020303020303020313420D8
:10E3A000356320343220343020303020303020307B
:10E3B000302030302036332034612030302030306F
:10E3C00020333220303020303020303020303020A8
:10E3D000346220303320303020303020363020344A
:10E3E000312038662063322037352020236366676A
:10E3F00030352033642030302030302061302034FC
:10E40000302030302030302030302030302030612B
:10E4100020643720613320336220303020303020B8
:10E42000393020343020303020303020313020342A
:10E4300031203462203033203030203030203630EC
:10E440002034312038662063322037352033642071
:10E450003030202023636667303620303020613032
:10E460002034302030302030302030302030302008
:10E470003061206437206133203362203030203017
:10E4800030203930203430203030203030203130CE
:10E4900020343120316220303320303020303020A1
:10E4A0003830203366203030203030203830203370
:10E4B00065206364206363206363202023636667B1
:10E4C0003037203364203961203939203139203305
:10E4D0006520306120643720613320336320303081
:10E4E0002030302030302030302030612064372020
:10E4F000323320336320303020303020303020332E
:10E5000066203031203032203030203030206330EF
:10E510002033662030312030332036362036362006
:10E52000343620202363666730382034302063641B
:10E530002063632063632033642030312030322035
:10E5400030302030302038302033662030642030A6
:10E55000322063642063632063632033652030309E
:10E5600020303020303020336620303020303020D2
:10E57000633020336620303020303020303020307F
:10E5800030203061206437206133202023636667A8
:10E59000303920336220326220303320623820311B
:10E5A0006520323520633020363020653520353007
:10E5B0002033642030302030302030302034302080
:10E5C0006533206135203162203364206136203983
:10E5D00062203434203362206364206363206363E9
:10E5E00020336420663620336620316320343620A1
:10E5F00030302020236366673130203030203030C7
:10E6000020343020306220303320316620383520ED
:10E6100036622033652036362036362038362033B1
:10E62000662039612039392039392033652030306E
:10E63000203030203030203030206364206363206D
:10E64000636320336420396120393920393920331C
:10E6500065203037203031206364202023636667D3
:10E660003131206363206363203365206563203587
:10E67000312062382033662030302030302038306E
:10E6800020336620386620633220393520336620F7
:10E6900063332066352061382033652030302030E8
:10E6A0003020383020336620343120303020366638
:10E6B0002033322030612036312033302036342070
:10E6C00033352020236366673132203330203361B5
:10E6D000203432203364203330203265203332201E
:10E6E0003061203631203330203265203332203300
:10E6F00035203661203335203361203431203364B6
:10E7000020333020326520333320306120363220F0
:10E7100033312033302036332033302032652033FC
:10E720003220336120343320336420202363666732
:10E7300031332033392033302030612033612034AD
:10E740003120336420333020326520333320306170
:10E750002036652033352033612034342033642063
:10E760003333203061203631203330203361203480
:10E770003220336420333120306120303020323871
:10E7800020303020303020303020303020303020E9
:10E790003030202023636667313420303020303021
:10E7A00020303020303020303020303020303020C9
:10E7B00030302030302030302030302030302030A9
:10E7C0003020303020303020303020303020303099
:10E7D0002030302030302030302030302030302099
:10E7E000303020303020303020303020366320313F
:10E7F0006120366320316120643420202363666702
:10E800003135203330206434203330203030203014
:10E810003020303020303020303020303020303048
:10E82000203030203030203030203030203866200A
:10E8300063322066352033632038662063322066D9
:10E840003520336320343820653120316120343164
:10E85000203330203030203532206238203165209E
:10E860003365202023636667313620303120303015
:10E870002030302061342036610000006E6F74203B
:10E88000696D706C656D656E746564006CC00F4079
:10E89000C0000000504F000019FF00000CFF0000F6
:10E8A00013000000000000000000000024851F404D
:10E8B0000BFF00001300000000000000000000003B
:10E8C00028851F400DFF000013000000000000001D
:10E8D0000000000020851F400A25240013000000CE
:10E8E00012000000120000000102030000000000FE
:10E8F0001C851F4000000000000000006E6F2064B7
:10E90000617465002E696E6F000000007665727399
:10E91000696F6E20252E31662025642025730D0A2F
:10E9200000000000726F626F742000002320646991
:10E930007363617264696E67207468652027726F03
:10E94000626F742720706172740A00007465656ECE
:10E9500073792000232064697363617264696E6750
:10E960002074686520277465656E7379272070614F
:10E9700072740A00726567626F74200023206469F4
:10E980007363617264696E672074686520277265BD
:10E9900067626F742720706172740A00556E686137
:10E9A0006E646C6564206D6573736167650000005B
:10E9B0006765742076657273696F6E20277665725D
:10E9C00073696F6E2053564E5F7265762E782064A1
:10E9D0006174652074696D652700000076657200BA
:10E9E00068656C70000000006C6561766500000071
:10E9F0007265626F6F7400002320436F6D6D616EEE
:10EA00006420696E666F726D6174696F6E20666FE7
:10EA100072202573202573202D2D2D2D2D2D2D2099
:10EA20000D0A000023202D2D200968656C70200937
:10EA3000546869732068656C7020746578742E0D55
:10EA40000A00000023202D2D20096C6561766520C9
:10EA50000953746F7020616C6C20737562736372FC
:10EA6000697074696F6E732E0D0A000023202D2DBE
:10EA700020097265626F6F7420095265626F6F744E
:10EA800020746865205465656E73792070726F63B9
:10EA90006573736F722E0D0A000000006D636120B4
:10EAA000252E336620252E33662025640D0A0000AE
:10EAB00073636120252E32662025640D0A00000054
:10EAC0006D636F20256C6420256C642020256420F4
:10EAD00025640D0A0000000023206D6F746F722EF4
:10EAE0006D6F746F72507265456E61626C656452D1
:10EAF0006573746172743D747275650A000000007C
:10EB0000476574206D6F746F722063757272656EE5
:10EB10007420276D6361206D31206D3227205B41A9
:10EB20006D70735D000000006D63610047657420C7
:10EB30006D6F746F722063757272656E74206F668C
:10EB400066736574202841443A20302E2E343039C3
:10EB5000362920276D636F206F31206F322061646A
:10EB600031206164322700006D636F0047657420B7
:10EB7000737570706C792063757272656E7420693C
:10EB80006E20277363612061206E27206120696EEB
:10EB900020616D70732C20617665726167656420F9
:10EBA0006F766572206E2073616D706C6573000006
:10EBB0007363610023204D6F746F722063757272EE
:10EBC000656E74202D2D2D2D2D2D2D0D0A0000008C
:10EBD00025642025730A000025342E316620253453
:10EBE0002E31665620256420256325632563256321
:10EBF0002563256325630000232055446973706CE9
:10EC000061793A3A73657475703A205353443133DD
:10EC1000303620616C6C6F636174696F6E20666161
:10EC2000696C65640A000000476574206375727240
:10EC3000656E7420646973706C6179207465787492
:10EC400000000000646973706C617900646973701E
:10EC500020000000646973706F6E20002320272558
:10EC600073273B272573273B272573270D0A0000B1
:10EC70002320446973706C6179202D2D2D2D2D2D4D
:10EC80002D0D0A0023202D2D200964697370207436
:10EC90006578742009536574206120646973706C11
:10ECA0006179206C696E6520746578740D0A0000C6
:10ECB00023202D2D2009646973706F6E2056200962
:10ECC000656E61626C6520283129206F722064694D
:10ECD0007361626C652028302920646973706C61EF
:10ECE000790D0A0076656C20252E346620252E339A
:10ECF0006620252E336620252E346620252E336689
:10ED00002025640A00000000656E6320256C7520D4
:10ED1000256C750D0A000000636F6E6620252E3489
:10ED20006620252E346620252E3366202575202565
:10ED30002E346620252E34662025640D0A0000003E
:10ED4000656E652025642025642025642025640DDA
:10ED50000A00000076656D20252E346620252E31B0
:10ED60006620252E316620252E326620252E32661D
:10ED70002025642025642025642025642025642026
:10ED800025642025642025640A000000476574205E
:10ED9000656E636F6465722076616C7565202765AA
:10EDA0006E63204D31204D32272028696E74333236
:10EDB00029000000656E63004765742063757272F8
:10EDC000656E7420706F73652027706F7365207493
:10EDD0002078207920682074696C74272028736556
:10EDE000632C6D2C6D2C7261642C2072616429007F
:10EDF000706F7365000000004765742076656C6F66
:10EE00006369747920276C65667420726967687419
:10EE10002720286D2F73290076656C0047657420C4
:10EE2000726F626F7420636F6E662028726164690E
:10EE300075732C207261646975732C20676561722B
:10EE40002C2070756C735065725265762C20776833
:10EE500065656C626173652C2073616D706C652DE6
:10EE600074696D652C20726576657273656429001E
:10EE7000636F6E6600000000476574206D6F746FED
:10EE80007220616E6420776865656C2076656C6FB2
:10EE90006369747920276C65667420726967687489
:10EEA000206C656674207269676874272028726117
:10EEB000642F73290000000076656D00476574209B
:10EEC000656E636F646572206572726F722027656C
:10EED0006E63204E414E636F756E74207265766569
:10EEE00072736564204D31657272204D32657272A5
:10EEF000272028696E74333229000000656E650092
:10EF0000656E633000000000656E63640000000001
:10EF1000656E63702025640A00000000656E6374EE
:10EF20002025642025642025642025642025642074
:10EF300025660A00636F6E66772000002320676FE6
:10EF40007420636F6E66773A2072313D25672C20FE
:10EF500072323D25672C20473D25672C20505052AA
:10EF60003D25642C2057423D25670A00656E63727B
:10EF7000657620002320456E636F6465722073659B
:10EF80007474696E6773202D2D2D2D2D2D2D0D0A76
:10EF90000000000023202D2D2009656E633020091C
:10EFA000526573657420706F736520746F2028300C
:10EFB0002C302C30290D0A0023202D2D2009636FC1
:10EFC0006E667720726C20727220672074207762E0
:10EFD000200953657420636F6E666967757261748A
:10EFE000696F6E202872616469757320676561724C
:10EFF00020656E635469636B20776865656C626138
:10F000007365290D0A00000023202D2D2009656E4F
:10F010006372657620522009536574206D6F746F9A
:10F0200072746573742072657665727365642065A9
:10F030006E636F6465722028523D30206E6F726D72
:10F04000616C2C20523D3120726576657273656467
:10F05000290D0A0023202D2D2009202020202020EA
:10F06000202020094E6F726D616C3A206D6F7476AE
:10F0700020332033203D3E206C65667420656E632E
:10F080002064656372656173652C207269676874BA
:10F0900020656E6320696E6372656173652E0D0A6B
:10F0A00000000000706F736520252E346620252E29
:10F0B000336620252E336620252E346620252E34F7
:10F0C000660A00006C65647320256420000000005F
:10F0D00020253032782025303278202530327820B3
:10F0E00000000000676574206C65647320737461B0
:10F0F00074757320276C656473204E20722067201E
:10F1000062207220672062202E2E2E2720284E3D5E
:10F110006C6564732C20722C672C6220696E2068E9
:10F12000657829006C656473000000006C65647389
:10F13000200000006C6564612000000023204C6505
:10F140006473202D2D2D2D2D2D2D0D0A0000000076
:10F1500023202D2D20096C656473204E20522047FA
:10F16000204209536574204C4544204E20746F2082
:10F17000746869732076616C75652028652E672E2A
:10F1800020276C65647320313420313238203235C9
:10F190002032353427202873657473204C45442071
:10F1A000313420746F20707572706C6529290D0AD6
:10F1B0000000000023202D2D20096C656461204E85
:10F1C000204D20522047204209536574204C45446D
:10F1D000732066726F6D204E207468726F75676859
:10F1E000204D20746F2076616C75652028652E6730
:10F1F0002E20276C65646120313420313620313275
:10F200003820323520323534272028736574732036
:10F210004C45442031342C31352C313620746F204C
:10F22000707572706C6529290D0A00006A6F796229
:10F23000757420256420256C780A000023202A2A72
:10F240002A20484944204465766963652025642066
:10F25000747970653D25642C2025732025783A2526
:10F2600078202D20636F6E6E6563746564202A2A92
:10F270002A0A00002320206D616E75666163747533
:10F280007265723A2025730A000000002320207066
:10F29000726F647563743A2025730A00232020532B
:10F2A000657269616C3A2025730A000023204E6F55
:10F2B00020484944206465766963657320617661FE
:10F2C000696C61626C650D0A0000000023206761B3
:10F2D0006D65706164206F766572726964650A009D
:10F2E000232067616D65706164206261636B2074C7
:10F2F0006F206175746F0A0023206A6F793A3A743F
:10F3000069636B2074696D653D256C75207263209F
:10F31000322025672025672025640A004765742070
:10F3200063757272656E74206A6F79737469636B4A
:10F3300020617869732076616C7565730000000048
:10F340006A6F7961786973004765742063757272BA
:10F35000656E74206A6F79737469636B206275746B
:10F36000746F6E2076616C75657300006A6F7962E8
:10F3700075740000476574206A6F79737469636BF4
:10F38000206D657373616765000000006A6F790026
:10F39000757362686F737420000000006A6F796E85
:10F3A000000000006A6F7963200000006A6F792016
:10F3B00025642025642025642025642020256420E0
:10F3C00025642025642025642025642025642025CB
:10F3D00064202564202025642025642025642025C0
:10F3E000642025642025642025642025642025646C
:10F3F0002025642025640D0A000000006A6F7961F1
:10F40000786973202564000020256400232055536B
:10F410004220686F7374202D2D2D2D2D2D2D0D0A5A
:10F420000000000023202D2D2009757362686F7382
:10F4300074204120095365742055534220686F732E
:10F440007420617320616374697665206F72206E29
:10F450006F7420413D312069732061637469766562
:10F460000D0A000023202D2D20096A6F796E20419E
:10F4700020094E6F74696679206F6E207570646123
:10F480007465730D0A00000023202D2D20096A6F7A
:10F490007963204120094368616E676573206F6E50
:10F4A0006C790D0A000000006A6F79737469636BF0
:10F4B0005B30485D000000006A6F79737469636BAC
:10F4C0005B31485D000000006A6F79737469636B9B
:10F4D0005B32485D000000006A6F79737469636B8A
:10F4E0005B33485D00000000766563746F723A3AE2
:10F4F0005F4D5F7265616C6C6F635F696E7365729F
:10F500007400000000000000000000008196000070
:10F510001D9400006994000000000000000000003D
:10F52000916D0000C1660000196400000000000039
:10F5300000000000BDFD000035610100B10C0000BD
:10F54000B50C0000D574010055F4000059F400001A
:10F5500091F4000069F400007DF40000ADF70000B4
:10F5600055F40000CDF40000C9F40000F1F40000EF
:10F5700049F5000045F60000A9F40000A1F50000DF
:10F58000D9F6000000000000000000007D19010015
:10F59000D91E0100A51B0100350201000D19010053
:10F5A0000000000000000000BDFD0000356101000A
:10F5B000B10C0000B50C0000B90C000055F40000BF
:10F5C00059F4000091F4000069F400007DF400009B
:10F5D000ADF7000055F40000CDF400006D110000FF
:10F5E0000D100000950F000045F60000A9F4000082
:10F5F000A1F50000D9F600000000000000000000A6
:10F600002D610100A57E0100A17E01009D7E01000B
:10F61000997E0100957E0100917E01008D7E0100A2
:10F620000000000000000000D5330100313101006E
:10F630002D0201003502010039310100BD400100F9
:10F64000C52F0100C92F0100613101001D310100EA
:10F65000D93101002D31010005500100C9450100DB
:10F66000D13D010059500100513101008D3E010092
:10F67000C93F01000132010075320100493101002A
:10F68000A93201000133010049470100F4FFFFFFE7
:10F6900000000000D9410100C95401009532010069
:10F6A000D13101009132010015310100C932010050
:10F6B000D9320100ED450100E8FFFFFF0000000026
:10F6C0003D020100853E0100C15401009932010054
:10F6D000C13E010061400100290201006D320100BC
:10F6E000B5330100653301003D3301007133010082
:10F6F0006D4701000000000000000000E51B000055
:10F70000DD180000D9180000000000000000000013
:10F710004D7400000D7300008181000000000000A6
:10F720000000000011CC0000DDCA000035C8000058
:10F730000000000000000000794B00009547000029
:10F740007551000000000000000000005D1F000077
:10F75000FD1D00006D1E0000000000000000000004
:10F760005D91000009890000318E0000000000005A
:10F7700000000000FDAC000029A9000051B5000008
:10F780000000000000000000E5260100912D0100AE
:10F7900049290100350201007D260100000000001A
:10F7A000000000008DC00000BDBE000005C20000CA
:10F7B0000000000000000000CD180000D11800007B
:10F7C000D51800000000000000000000FDEE000061
:10F7D00029EF0000B10C0000F9EE000025E900005F
:10F7E00031E90000E1EE0000000000000000000030
:10F7F0006558000019560000F15800000000000094
:10F8000000000000CD180000052F00008535000025
:10F81000000000000000000071240000F921000039
:10F82000C92200000000000000000000692900005B
:10F830007525000071250000000000000000000098
:10F84000192B0000712A0000BD2A000000000000F2
:10F85000000000009D3D00008D36000011370000C3
:10F860000000000000000000C5630000FD5A000019
:10F87000495B0000000000000000000021DE0000E5
:10F8800085D3000069DF00000001020300000100D1
:10F890000000030000000200000006000000040059
:10F8A00000000C0000000800000009000001020335
:10F8B000040500009DBB0000A1BB0000A9BB000027
:10F8C000B1BB0000D8399D270054EA2A00A4781F54
:10F8D000007B9A1700000042C8801F40B8821F407A
:10F8E0000800000000000042C4801F40B4821F4096
:10F8F0000400000000C0004224801F4014821F400A
:10F900001000000000C0004228801F4018821F40E5
:10F910002000000000C000422C801F401C821F40BD
:10F920004000000000C0004234801F4024821F407D
:10F93000000100000040004264811F4054831F40CA
:10F94000000400000040004280811F4070831F407F
:10F9500000000200004000427C811F406C831F4079
:10F96000000001000040004268811F4058831F4092
:10F9700000080000004000423C811F402C831F40D3
:10F98000010000000040004244811F4034831F40BA
:10F99000040000000040004240811F4030831F40AF
:10F9A000020000000040004248811F4038831F4091
:10F9B000080000000000004204811F40F4821F4044
:10F9C000000004000000004208811F40F8821F4030
:10F9D000000008000000004218811F4008831F40FB
:10F9E000000080000000004214811F4004831F407B
:10F9F000000040000000004200811F40F0821F40D4
:10FA00000000020000000042FC801F40EC821F400A
:10FA1000000001000000004224811F4014831F40A9
:10FA2000000000040000004228811F4018831F408E
:10FA300000000008000000421C811F400C831F4092
:10FA4000000000010000004220811F4010831F4081
:10FA50000000000200000042EC801F40DC821F40DA
:10FA60000010000000000042F0801F40E0821F40B4
:10FA7000002000000000004234811F4024831F400A
:10FA8000000000400000004238811F4028831F40D2
:10FA9000000000800080004294801F4084821F404C
:10FAA0000000040000C0004290801F4080821F4080
:10FAB0000000008000800042A8801F4098821F4004
:10FAC0000000800000800042A4801F4094821F40FC
:10FAD00000004000004000426C811F405C831F40DA
:10FAE0000010000000C0004230801F4020821F40F4
:10FAF0008000000000400042B0811F40A0831F40F2
:10FB00000000002000400042AC811F409C831F4049
:10FB1000000000100040004284811F4074831F4099
:10FB2000000004000040004288811F4078831F408D
:10FB300000000800000000422C811F401C831F4071
:10FB4000000000100000004230811F4020831F4051
:10FB500000000020000000420C811F40FC821F407A
:10FB6000000010000000004210811F4000831F4071
:10FB70000000200000800042C8811F40B8831F4061
:10FB80000080000000800042C4811F40B4831F40F9
:10FB90000040000000800042C0811F40B0831F4031
:10FBA0000020000000800042BC811F40AC831F4049
:10FBB0000010000000800042D0811F40C0831F4021
:10FBC0000000020000800042CC811F40BC831F4027
:10FBD0000000010000C0004274801F4064821F408A
:10FBE0000000000100C0004280801F4070821F4062
:10FBF0000000000800C0004284801F4074821F4043
:10FC00000000001000C000426C801F405C821F405A
:10FC10000000400000C000427C801F406C821F40FA
:10FC20000000000400C0004278801F4068821F402E
:10FC30000000000200C0004288801F4078821F4000
:10FC40000000002025252066696E697368656420C0
:10FC500064656D6F20310A00010100040100000499
:10FC60000132010101320201011001010111010102
:10FC70000112010201030206010301060112020240
:10FC80000200000102020001020100010210000155
:10FC90000222000102230001000000000000000019
:10FCA000022100010220000100000000000000000D
:10FCB00001300101013101010102000401030004CE
:10FCC00000000000000000000121020101210101EB
:10FCD0000000000000000000000000000110020110
:10FCE00000000000000000000113010601130206DD
:10FCF0000000000000000000000000000000000004
:10FD000001010201010101010100020101000101E3
:10FD100001020201010201010000000000000000D8
:10FD200000000000012302010000000000000000AC
:10FD300001200101696E76616C696400456D6D6139
:10FD400000000000536F66696100000049646100B3
:10FD50004672656A61000000436C617261000000D8
:10FD60004C61757261000000416E6E610000000020
:10FD7000456C6C610000000049736162656C6C61E8
:10FD8000000000004B61726C61000000416C6D610D
:10FD9000000000004A6F736566696E650000000030
:10FDA0004F6C697669610000416C62657274650030
:10FDB0004D616A6100000000536F666965000000D4
:10FDC0004D617468696C64650000000041676E6590
:10FDD000730000004C696C79000000004361726F91
:10FDE0006C696E65000000004C69766100000000DF
:10FDF000456D696C7900000053617261000000007C
:10FE0000566963746F72696100000000456D696C2A
:10FE1000696500004D696C6C65000000467269649C
:10FE2000610000004D61726965000000456C6C6501
:10FE30006E000000526F7361000000004C656100AD
:10FE40005369676E6500000046696C6970706100F7
:10FE50004A756C69650000004E6F72610000000019
:10FE60004C69760056696767610000004E616E6EEE
:10FE7000610000004E616A6100000000416C626137
:10FE800000000000417374726964000041796100F0
:10FE900041737461000000004C756E610000000049
:10FEA0004D616C6F750000004573746865720000E9
:10FEB00043656C696E6100004A6F68616E6E650033
:10FEC000416E64726561000053696C6A65000000F0
:10FED000546865610000000041647269616E6100F0
:10FEE000446963746500000053696C6B6500000031
:10FEF000457661004772790054616E6961000000C7
:10FF0000537573616E6E650041756775737461003A
:10FF100042697274650000004461676D617200009F
:10FF20004C656F6E6F7261004E6F7661000000006D
:10FF30004D6F6C6C79000000496E67726964000057
:10FF400053696772696400004E69636F6C696E651E
:10FF50000000000054696C64650000004575726F14
:10FF600070610000536167610000000056696F6CAA
:10FF700061000000456D696C69610000436563695B
:10FF80006C6965004B696D004D696500416C657871
:10FF9000000000004D656C696E610000416D616E8E
:10FFA0006461000048616E6E616800004A61736DB3
:10FFB000696E00004B6179610000000053616C6C58
:10FFC00079000000436C656F00000000536F6C7691
:10FFD000656A00004E61646961000000526F6E6ADC
:10FFE0006100000056657261000000004D61727989
:10FFF0000000000048616E73000000004A6F650059
:02000004600397
:10000000537475620000000052756D6C650000004D
:1000100056696B696E6700004164610046616C6BF4
:100020000000000041746C61730000004375626160
:100030000000000047696100416C66726564000061
:100040004F73636172000000436F636F0000000034
:100050004A61636B0000000057696C6C69616D0058
:100060004F6C697665720000416B73656C0000002F
:1000700041727468757200004B6169004A756E695F
:10008000706572004E6F6100456D696C0000000084
:1000900041756775737400004A756E650000000055
:1000A000536B79004E6174004269726469650000A7
:1000B00047616E64616C66004875676F0000000000
:1000C0004E6577746F6E00005468656F0000000025
:1000D0004C69616D00000000426F64650000000023
:1000E0005665726469000000446F74005468656F5F
:1000F000646F72004C61756765000000467265644C
:100100006572696B000000004C697A00416E6B6596
:10011000720000004164616D000000004C6F756961
:100120000000000053746F726D0000004E6176791C
:10013000000000004A6F68616E0000004B6F6E7235
:1001400061640000466C6F72610000004572696B6B
:1001500000000000416C6265727400004D757270A1
:10016000687900004D617273000000005572616E85
:100170007573000053617475726E000056656E757C
:1001800073000000506C75746F0000004E65707451
:10019000756E6500546974616E0000004F72696F7E
:1001A0006E0000004D65726375727900507379635B
:1001B000686500005469657467656E004875623152
:1001C000000000006A6F79737469636B5B30445D93
:1001D000000000006A6F79737469636B5B31445D82
:1001E000000000006A6F79737469636B5B32445D71
:1001F000000000006A6F79737469636B5B33445D60
:100200000000000048494431000000002E000000BA
:100210006E660000696E697479000000616E00000E
:100220002F000000504F53495800000043000000C9
:10023000415343494900000049534F2D383835395F
:100240002D310000636A6B73696E676C6500000096
:10025000636A6B6E6172726F77000000636A6B771E
:10026000696465005554462D3800000055544638E1
:10027000000000004A495300455543004A50000021
:100280004555434A50000000534A495300000000BE
:1002900049534F00383835390000000049534F2D7D
:1002A000383835392D000000435000004B4F493895
:1002B00000000000435032303836360043503231AF
:1002C0003836360047454F524749414E000000003E
:1002D000505300004350313031000000505431354C
:1002E00034000000435031303200000054495300C4
:1002F0003632300043503837340000004C435F4101
:100300004C4C00004C414E47000000004C435F4302
:100310004F4C4C41544500004C435F4354595045A9
:10032000000000004C435F4D4F4E45544152590070
:100330004C435F4E554D4552494300004C435F547A
:10034000494D45004C435F4D45535341474553008C
:1003500042616C6C6F63207375636365656465648B
:10036000000000002F686F6D652F7061756C2F7431
:100370006F6F6C636861696E2F6275696C642F734F
:100380006E617073686F74732F6E65776C69622D20
:1003900063796777696E2F6E65776C69622F6C6918
:1003A00062632F7374646C69622F6764746F612D6C
:1003B0006765746865782E63000000002F686F6DB4
:1003C000652F7061756C2F746F6F6C636861696EF7
:1003D0002F6275696C642F736E617073686F7473CC
:1003E0002F6E65776C69622D63796777696E2F6E02
:1003F00065776C69622F6C6962632F7374646C69D2
:10040000622F6D707265632E63000000494E4600D6
:10041000696E66004E414E006E616E0030313233BF
:100420003435363738396162636465660000000030
:10043000303132333435363738394142434445461A
:1004400000000000286E756C6C2900002C20667579
:100450006E6374696F6E3A2000000000617373650B
:100460007274696F6E2022257322206661696C6543
:10047000643A2066696C6520222573222C206C6901
:100480006E65202564257325730A0000496E666930
:100490006E697479000000004E614E002F686F6D28
:1004A000652F7061756C2F746F6F6C636861696E16
:1004B0002F6275696C642F736E617073686F7473EB
:1004C0002F6E65776C69622D63796777696E2F6E21
:1004D00065776C69622F6C6962632F7374646C69F1
:1004E000622F64746F612E63000000000001000041
:1004F000949B00201200000000060000F826006017
:100500000A00000000020000942600606200000063
:10051000000700003026006062000000EE030000CB
:10052000EC9D002012000000000004EEC49D00209D
:1005300028000000000300002C26006000000000DE
:1005400001030904142600600000000002030904EE
:10055000FC2500600000000003030904089E002041
:10056000000000000000000000000000000000008B
:1005700018900020000000000000000040E1002072
:10058000A8E1002010E200200000000000000000B0
:10059000000000000000000000000000000000005B
:1005A000000000000000000000000000000000004B
:1005B000000000000000000000000000000000003B
:1005C000000000000000000000000000000000002B
:1005D000000000000000000000000000000000001B
:1005E000000000000000000000000000000000000B
:1005F00000000000000000000000000000000000FB
:1006000000000000000000000000000000000000EA
:1006100001000000000000000E33CDAB34126DE687
:10062000ECDE05000B0000000000000000000000F0
:1006300000000000000000000000000000000000BA
:1006400000000000000000000000000000000000AA
:10065000000000000000000000000000000000009A
:10066000000000000000000000000000000000008A
:10067000000000000000000000000000000000007A
:10068000000000000000000000000000000000006A
:10069000000000000000000000000000000000005A
:1006A000000000003C9100203C910020449100207B
:1006B000449100204C9100204C9100205491002046
:1006C000549100205C9100205C91002064910020F6
:1006D000649100206C9100206C91002074910020A6
:1006E000749100207C9100207C9100208491002056
:1006F000849100208C9100208C9100209491002006
:10070000949100209C9100209C910020A4910020B5
:10071000A4910020AC910020AC910020B491002065
:10072000B4910020BC910020BC910020C491002015
:10073000C4910020CC910020CC910020D4910020C5
:10074000D4910020DC910020DC910020E491002075
:10075000E4910020EC910020EC910020F491002025
:10076000F4910020FC910020FC91002004920020D4
:10077000049200200C9200200C9200201492002081
:10078000149200201C9200201C9200202492002031
:10079000249200202C9200202C92002034920020E1
:1007A000349200203C9200203C9200204492002091
:1007B000449200204C9200204C9200205492002041
:1007C000549200205C9200205C92002064920020F1
:1007D000649200206C9200206C92002074920020A1
:1007E000749200207C9200207C9200208492002051
:1007F000849200208C9200208C9200209492002001
:10080000949200209C9200209C920020A4920020B0
:10081000A4920020AC920020AC920020B492002060
:10082000B4920020BC920020BC920020C492002010
:10083000C4920020CC920020CC920020D4920020C0
:10084000D4920020DC920020DC920020E492002070
:10085000E4920020EC920020EC920020F492002020
:10086000F4920020FC920020FC92002004930020CF
:10087000049300200C9300200C930020149300207C
:10088000149300201C9300201C930020249300202C
:10089000249300202C9300202C93002034930020DC
:1008A000349300203C9300203C930020449300208C
:1008B000449300204C9300204C930020549300203C
:1008C000549300205C9300205C93002064930020EC
:1008D000649300206C9300206C930020749300209C
:1008E000749300207C9300207C930020849300204C
:1008F000849300208C9300208C93002094930020FC
:10090000949300209C9300209C930020A4930020AB
:10091000A4930020AC930020AC930020B49300205B
:10092000B4930020BC930020BC930020C49300200B
:10093000C4930020CC930020CC930020D4930020BB
:10094000D4930020DC930020DC930020E49300206B
:10095000E4930020EC930020EC930020F49300201B
:10096000F4930020FC930020FC93002004940020CA
:10097000049400200C9400200C9400201494002077
:10098000149400201C9400201C9400202494002027
:10099000249400202C9400202C94002034940020D7
:1009A000349400203C9400203C9400204494002087
:1009B000449400204C9400204C9400205494002037
:1009C000549400205C9400205C94002064940020E7
:1009D000649400206C9400206C9400207494002097
:1009E000749400207C9400207C9400208494002047
:1009F000849400208C9400208C94002094940020F7
:100A0000949400209C9400209C940020A4940020A6
:100A1000A4940020AC940020AC940020B494002056
:100A2000B4940020BC940020BC940020C494002006
:100A3000C4940020CC940020CC940020D4940020B6
:100A4000D4940020DC940020DC940020E494002066
:100A5000E4940020EC940020EC940020F494002016
:100A6000F4940020FC940020FC94002004950020C5
:100A7000049500200C9500200C9500201495002072
:100A8000149500201C9500201C9500202495002022
:100A9000249500202C9500202C95002034950020D2
:100AA00034950020FFFFFFFF00000200000000005F
:100AB0000300000040E100204300000000000000AF
:100AC0000000000000000000000000000000000026
:100AD00000000000000000004300000000000000D3
:100AE0000000000000000000000000000000000006
:100AF00000000000000000004300000000000000B3
:100B000000000000000000000000000000000000E5
:100B10000000000000000000430000000000000092
:100B200000000000000000000000000000000000C5
:100B30000000000000000000430000000000000072
:100B400000000000000000000000000000000000A5
:100B50000000000000000000430000000000000052
:100B60000000000000000000000000000000000085
:100B70000000000000000000430000000000000032
:100B80000000000000000000000000000000000065
:100B90000000000000000000B9F4010075E501004C
:100BA00000000000D0210020AC8C00205C59002007
:100BB0005C5900205C5900205C5900205C590020E1
:100BC0005C5900205C5900205C5900205C590020D1
:100BD000FFFFFFFFFFFFFFFFFFFFFFFFFFFF000023
:100BE000010041534349490000000000000000009B
:100BF00000000000000000000000000000000000F5
:100C0000000041534349490000000000000000007B
:100C100000000000000000000000000000000000D4
:100C20000000000043000000000000000000000081
:100C300000000000000000000000000000000000B4
:100C40000000000044E50020E0E600200029DE0767
:100C5000007B9A1700003A402C730020000000002F
:100C60000000000000000000000000000000000084
:100C70000000000000000000000000000000000074
:100C80000000000000000000000000000000000064
:100C90000000000000000000000000000000000054
:100CA00000000000A080002000000000E803000019
:100CB000000000006C82002000000000E80300003B
:100CC0000000000000003F40AC2500600000000074
:100CD0000000000000000000000000000000000014
:100CE0000000000000000000000000000000000004
:100CF00000000000000000000000000000000000F4
:100D000000000000000000000000000000000000E3
:100D100000000000000000000000000000000000D3
:100D200000000000000000000000000000000000C3
:100D300000000000000000000000000000000000B3
:100D400000000000000000000000000000000000A3
:100D50000000000000000000000000000000000093
:100D60000000000000000000000000000000000083
:100D70000000000000000000000000000000000073
:100D80000000000000000000000000000000000063
:100D90000000000000000000000000000000000053
:100DA0000000000000000000000000000000000043
:100DB0000000000000000000000000000000000033
:100DC0000000000000000000000000000000000023
:100DD0000000000000000000000000000000000013
:100DE0000000000000000000000000000000000003
:100DF000000000006C82002000000000E8030000FA
:100E00000000000000803F405C2500600000000002
:100E100000000000000000000000000000000000D2
:100E200000000000000000000000000000000000C2
:100E300000000000000000000000000000000000B2
:100E400000000000000000000000000000000000A2
:100E50000000000000000000000000000000000092
:100E60000000000000000000000000000000000082
:100E70000000000000000000000000000000000072
:100E80000000000000000000000000000000000062
:100E90000000000000000000000000000000000052
:100EA0000000000000000000000000000000000042
:100EB0000000000000000000000000000000000032
:100EC0000000000000000000000000000000000022
:100ED0000000000000000000000000000000000012
:100EE0000000000000000000000000000000000002
:100EF00000000000000000000000000000000000F2
:100F000000000000000000000000000000000000E1
:100F100000000000000000000000000000000000D1
:100F200000000000000000000000000000000000C1
:100F3000000000006C82002000000000E8030000B8
:100F40000000000000C03F400C25006000000000D1
:100F50000000000000000000000000000000000091
:100F60000000000000000000000000000000000081
:100F70000000000000000000000000000000000071
:100F80000000000000000000000000000000000061
:100F90000000000000000000000000000000000051
:100FA0000000000000000000000000000000000041
:100FB0000000000000000000000000000000000031
:100FC0000000000000000000000000000000000021
:100FD0000000000000000000000000000000000011
:100FE0000000000000000000000000000000000001
:100FF00000000000000000000000000000000000F1
:1010000000000000000000000000000000000000E0
:1010100000000000000000000000000000000000D0
:1010200000000000000000000000000000000000C0
:1010300000000000000000000000000000000000B0
:1010400000000000000000000000000000000000A0
:101050000000000000000000000000000000000090
:101060000000000000000000000000000000000080
:1010700000000000800200000520000100000000C8
:1010800008000FC00000000000000000FFFFFFFF8D
:101090005E04DD0203005E04EA0203005E04120B3C
:1010A00003005E04190704005E048E0207007E053B
:1010B0000920070179001C2007004C056802010186
:1010C0004C052F0401014C05D50305014C05C40551
:1010D00002014C05CC0902015C0AE82102016D0401
:1010E00026C606016D0428C606010000420C000059
:1010F0006031202012010002EF020140C01683047B
:101100008002010203010000556B0100556B0100D4
:10111000556B0100556B0100556B0100556B0100CB
:10112000556B0100556B0100556B0100556B0100BB
:10113000556B0100556B0100556B0100556B0100AB
:10114000556B0100556B0100556B0100556B01009B
:10115000556B0100556B0100556B0100556B01008B
:10116000556B0100556B0100556B0100556B01007B
:10117000556B0100556B0100556B0100556B01006B
:10118000556B0100556B0100556B0100556B01005B
:10119000556B0100556B0100556B0100556B01004B
:1011A000556B0100556B0100556B0100556B01003B
:1011B000556B0100556B0100556B0100556B01002B
:1011C000556B0100556B0100556B0100556B01001B
:1011D000556B0100556B0100556B0100556B01000B
:1011E000556B0100556B0100556B0100556B0100FB
:1011F000556B0100556B0100556B0100556B0100EB
:10120000556B0100556B0100556B0100556B0100DA
:10121000556B0100556B0100556B0100556B0100CA
:10122000556B0100556B0100556B0100556B0100BA
:10123000556B0100556B0100556B0100556B0100AA
:10124000556B0100556B0100556B0100556B01009A
:10125000556B0100556B0100556B0100556B01008A
:10126000556B0100556B0100556B0100556B01007A
:10127000556B0100556B0100556B0100556B01006A
:10128000556B0100556B0100556B0100556B01005A
:10129000556B0100556B0100556B0100556B01004A
:1012A000556B0100556B0100556B0100556B01003A
:1012B000556B0100556B0100556B0100556B01002A
:1012C000556B0100556B0100556B0100556B01001A
:1012D000556B0100556B0100556B0100556B01000A
:1012E000556B0100556B0100556B0100556B0100FA
:1012F000556B0100556B0100556B0100556B0100EA
:10130000556B0100556B0100120001020000202006
:10131000C8EB00200000000000000000FF000000FB
:10132000000000002800000000010400010000008F
:1013300000000000020157494E55534200000000D2
:1013400000000000000000000000000012034D003B
:10135000530046005400310030003000F800000017
:1013600000000000800000000C03000000000000EE
:101370000000000000000000000000000000080065
:10138000000000000000000000000000000000005D
:10139000000000000000000000000000000000004D
:1013A000000000000000000000000000000000003D
:1013B000000000000000000000000000000000002D
:1013C000000000000000000000000000000000001D
:1013D000000000000000000000000000000000000D
:1013E00000000000000000000000000000000000FD
:1013F00000000000000000000000000000000000ED
:1014000000000000000000000000000000000000DC
:1014100000000000000000000000000000000000CC
:1014200000000000000000000000000000000000BC
:1014300000000000000000000000000000000000AC
:10144000000000000000000000000000000000009C
:10145000000000000000000000000000000000008C
:10146000000000000000000000000000000000007C
:10147000000000000000000000000000000000006C
:10148000000000000000000000000000000000005C
:10149000000000000000000000000000000000004C
:1014A000000000000000000000000000000000003C
:1014B000000000000000000000000000000000002C
:1014C000000000000000000000000000000000001C
:1014D000000000000000000000000000000000000C
:1014E00000000000000000000000000000000000FC
:1014F00000000000000000000000000000000000EC
:1015000000000000000000000000000000000000DB
:1015100000000000000000000000000000000000CB
:1015200000000000000000000000000000000000BB
:1015300000000000000000000000000000000000AB
:10154000000000000000000000000000000000009B
:10155000000000000000000000000000000000008B
:10156000000000000000000000000000000000007B
:10157000000000000000000000000000000000006B
:10158000000000000000000000000000000000005B
:10159000000000000000000000000000000000004B
:1015A000000000000000000000000000000000003B
:1015B000000000000000000000000000000000002B
:1015C000000000000000000000000000000000001B
:1015D000000000000000000000000000000000000B
:1015E00000000000000000000000000000000000FB
:1015F00000000000000000000000000000000000EB
:1016000000000000000000000000000000000000DA
:1016100000000000000000000000000000000000CA
:1016200000000000000000000000000000000000BA
:1016300000000000000000000000000000000000AA
:10164000000000000000000000000000000000009A
:10165000000000000000000000000000000000008A
:10166000000000000000000000000000000000007A
:10167000000000000000000000000000000000006A
:10168000000000000000000000000000000000005A
:10169000000000000000000000000000000000004A
:1016A000000000000000000000000000000000003A
:1016B000000000000000000000000000000000002A
:1016C000000000000000000000000000000000001A
:1016D000000000000000000000000000000000000A
:1016E00000000000000000000000000000000000FA
:1016F00000000000000000000000000000000000EA
:1017000000000000000000000000000000000000D9
:1017100000000000000000000000000000000000C9
:1017200000000000000000000000000000000000B9
:1017300000000000000000000000000000000000A9
:101740000000000000000000000000000000000099
:101750000000000000000000000000000000000089
:101760000000000000000000000000000000000079
:101770000000000000000000000000000000000069
:101780000000000000000000000000000000000059
:101790000000000000000000000000000000000049
:1017A0000000000000000000000000000000000039
:1017B0000000000000000000000000000000000029
:1017C0000000000000000000000000000000000019
:1017D0000000000000000000000000000000000009
:1017E00000000000000000000000000000000000F9
:1017F00000000000000000000000000000000000E9
:1018000000000000000000000000000000000000D8
:1018100000000000000000000000000000000000C8
:10182000FFFFFFFFFFFFFFFFFFFFFFFFFFFFFFFFC8
:10183000FFFFFFFFFFFFFFFFFFFFFFFFFFFFFFFFB8
:10184000FFFFFFFFFFFFFFFFFFFFFFFFFFFFFFFFA8
:10185000FFFFFFFFFFFFFFFFFFFFFFFFFFFFFFFF98
:10186000FFFFFFFFFFFFFFFFFFFFFFFFFFFFFFFF88
:10187000FFFFFFFFFFFFFFFFFFFFFFFFFFFFFFFF78
:10188000FFFFFFFFFFFFFFFFFFFFFFFFFFFFFFFF68
:10189000FFFFFFFFFFFFFFFFFFFFFFFFFFFFFFFF58
:1018A000FFFFFFFFFFFFFFFFFFFFFFFFFFFFFFFF48
:1018B000FFFFFFFFFFFFFFFFFFFFFFFFFFFFFFFF38
:1018C000FFFFFFFFFFFFFFFFFFFFFFFFFFFFFFFF28
:1018D000FFFFFFFFFFFFFFFFFFFFFFFFFFFFFFFF18
:1018E000FFFFFFFFFFFFFFFFFFFFFFFFFFFFFFFF08
:1018F000FFFFFFFFFFFFFFFFFFFFFFFFFFFFFFFFF8
:10190000FFFFFFFFFFFFFFFFFFFFFFFFFFFFFFFFE7
:10191000FFFFFFFFFFFFFFFFFFFFFFFFFFFFFFFFD7
:10192000FFFFFFFFFFFFFFFFFFFFFFFFFFFFFFFFC7
:10193000FFFFFFFFFFFFFFFFFFFFFFFFFFFFFFFFB7
:10194000FFFFFFFFFFFFFFFFFFFFFFFFFFFFFFFFA7
:10195000FFFFFFFFFFFFFFFFFFFFFFFFFFFFFFFF97
:10196000FFFFFFFFFFFFFFFFFFFFFFFFFFFFFFFF87
:10197000FFFFFFFFFFFFFFFFFFFFFFFFFFFFFFFF77
:10198000FFFFFFFFFFFFFFFFFFFFFFFFFFFFFFFF67
:10199000FFFFFFFFFFFFFFFFFFFFFFFFFFFFFFFF57
:1019A000FFFFFFFFFFFFFFFFFFFFFFFFFFFFFFFF47
:1019B000FFFFFFFFFFFFFFFFFFFFFFFFFFFFFFFF37
:1019C000FFFFFFFFFFFFFFFFFFFFFFFFFFFFFFFF27
:1019D000FFFFFFFFFFFFFFFFFFFFFFFFFFFFFFFF17
:1019E000FFFFFFFFFFFFFFFFFFFFFFFFFFFFFFFF07
:1019F000FFFFFFFFFFFFFFFFFFFFFFFFFFFFFFFFF7
:101A0000FFFFFFFFFFFFFFFFFFFFFFFFFFFFFFFFE6
:101A1000FFFFFFFFFFFFFFFFFFFFFFFFFFFFFFFFD6
:101A2000FFFFFFFFFFFFFFFFFFFFFFFFFFFFFFFFC6
:101A3000FFFFFFFFFFFFFFFFFFFFFFFFFFFFFFFFB6
:101A4000FFFFFFFFFFFFFFFFFFFFFFFFFFFFFFFFA6
:101A5000FFFFFFFFFFFFFFFFFFFFFFFFFFFFFFFF96
:101A6000FFFFFFFFFFFFFFFFFFFFFFFFFFFFFFFF86
:101A7000FFFFFFFFFFFFFFFFFFFFFFFFFFFFFFFF76
:101A8000FFFFFFFFFFFFFFFFFFFFFFFFFFFFFFFF66
:101A9000FFFFFFFFFFFFFFFFFFFFFFFFFFFFFFFF56
:101AA000FFFFFFFFFFFFFFFFFFFFFFFFFFFFFFFF46
:101AB000FFFFFFFFFFFFFFFFFFFFFFFFFFFFFFFF36
:101AC000FFFFFFFFFFFFFFFFFFFFFFFFFFFFFFFF26
:101AD000FFFFFFFFFFFFFFFFFFFFFFFFFFFFFFFF16
:101AE000FFFFFFFFFFFFFFFFFFFFFFFFFFFFFFFF06
:101AF000FFFFFFFFFFFFFFFFFFFFFFFFFFFFFFFFF6
:101B0000FFFFFFFFFFFFFFFFFFFFFFFFFFFFFFFFE5
:101B1000FFFFFFFFFFFFFFFFFFFFFFFFFFFFFFFFD5
:101B2000FFFFFFFFFFFFFFFFFFFFFFFFFFFFFFFFC5
:101B3000FFFFFFFFFFFFFFFFFFFFFFFFFFFFFFFFB5
:101B4000FFFFFFFFFFFFFFFFFFFFFFFFFFFFFFFFA5
:101B5000FFFFFFFFFFFFFFFFFFFFFFFFFFFFFFFF95
:101B6000FFFFFFFFFFFFFFFFFFFFFFFFFFFFFFFF85
:101B7000FFFFFFFFFFFFFFFFFFFFFFFFFFFFFFFF75
:101B8000FFFFFFFFFFFFFFFFFFFFFFFFFFFFFFFF65
:101B9000FFFFFFFFFFFFFFFFFFFFFFFFFFFFFFFF55
:101BA000FFFFFFFFFFFFFFFFFFFFFFFFFFFFFFFF45
:101BB000FFFFFFFFFFFFFFFFFFFFFFFFFFFFFFFF35
:101BC000FFFFFFFFFFFFFFFFFFFFFFFFFFFFFFFF25
:101BD000FFFFFFFFFFFFFFFFFFFFFFFFFFFFFFFF15
:101BE000FFFFFFFFFFFFFFFFFFFFFFFFFFFFFFFF05
:101BF000FFFFFFFFFFFFFFFFFFFFFFFFFFFFFFFFF5
:101C000000000000000000000000000000000000D4
:101C100000000000000000000000000000000000C4
:101C200000000000000000000000000000000000B4
:101C300000000000000000000000000000000000A4
:101C40000000000000000000000000000000000094
:101C50000000000000000000000000000000000084
:101C60000000000000000000000000000000000074
:101C70000000000000000000000000000000000064
:101C80000000000000000000000000000000000054
:101C90000000000000000000000000000000000044
:101CA0000000000000000000000000000000000034
:101CB0000000000000000000000000000000000024
:101CC0000000000000000000000000000000000014
:101CD0000000000000000000000000000000000004
:101CE00000000000000000000000000000000000F4
:101CF00000000000000000000000000000000000E4
:101D000000000000000000000000000000000000D3
:101D100000000000000000000000000000000000C3
:101D200000000000000000000000000000000000B3
:101D300000000000000000000000000000000000A3
:101D40000000000000000000000000000000000093
:101D50000000000000000000000000000000000083
:101D60000000000000000000000000000000000073
:101D70000000000000000000000000000000000063
:101D80000000000000000000000000000000000053
:101D90000000000000000000000000000000000043
:101DA0000000000000000000000000000000000033
:101DB0000000000000000000000000000000000023
:101DC0000000000000000000000000000000000013
:101DD0000000000000000000000000000000000003
:101DE00000000000000000000000000000000000F3
:101DF00000000000000000000000000000000000E3
:101E000000000000000000000000000000000000D2
:101E100000000000000000000000000000000000C2
:101E200000000000000000000000000000000000B2
:101E300000000000000000000000000000000000A2
:101E40000000000000000000000000000000000092
:101E50000000000000000000000000000000000082
:101E60000000000000000000000000000000000072
:101E70000000000000000000000000000000000062
:101E80000000000000000000000000000000000052
:101E90000000000000000000000000000000000042
:101EA0000000000000000000000000000000000032
:101EB0000000000000000000000000000000000022
:101EC0000000000000000000000000000000000012
:101ED0000000000000000000000000000000000002
:101EE00000000000000000000000000000000000F2
:101EF00000000000000000000000000000000000E2
:101F000000000000000000000000000000000000D1
:101F100000000000000000000000000000000000C1
:101F200000000000000000000000000000000000B1
:101F300000000000000000000000000000000000A1
:101F40000000000000000000000000000000000091
:101F50000000000000000000000000000000000081
:101F60000000000000000000000000000000000071
:101F70000000000000000000000000000000000061
:101F80000000000000000000000000000000000051
:101F90000000000000000000000000000000000041
:101FA0000000000000000000000000000000000031
:101FB0000000000000000000000000000000000021
:101FC0000000000000000000000000000000000011
:101FD0000000000000000000000000000000000001
:101FE00000000000000000000000000000000000F1
:101FF00000000000000000000000000000000000E1
:1020000000000000000000000000000000000000D0
:1020100000000000000000000000000000000000C0
:1020200000000000000000000000000000000000B0
:1020300000000000000000000000000000000000A0
:102040000000000000000000000000000000000090
:102050000000000000000000000000000000000080
:102060000000000000000000000000000000000070
:102070000000000000000000000000000000000060
:102080000000000000000000000000000000000050
:102090000000000000000000000000000000000040
:1020A0000000000000000000000000000000000030
:1020B0000000000000000000000000000000000020
:1020C0000000000000000000000000000000000010
:1020D0000000000000000000000000000000000000
:1020E00000000000000000000000000000000000F0
:1020F00000000000000000000000000000000000E0
:1021000000000000000000000000000000000000CF
:1021100000000000000000000000000000000000BF
:1021200000000000000000000000000000000000AF
:10213000000000000000000000000000000000009F
:10214000000000000000000000000000000000008F
:10215000000000000000000000000000000000007F
:10216000000000000000000000000000000000006F
:10217000000000000000000000000000000000005F
:10218000000000000000000000000000000000004F
:10219000000000000000000000000000000000003F
:1021A000000000000000000000000000000000002F
:1021B000000000000000000000000000000000001F
:1021C000000000000000000000000000000000000F
:1021D00000000000000000000000000000000000FF
:1021E00000000000000000000000000000000000EF
:1021F00000000000000000000000000000000000DF
:1022000000000000000000000000000000000000CE
:1022100000000000000000000000000000000000BE
:1022200000000000000000000000000000000000AE
:10223000000000000000000000000000000000009E
:10224000000000000000000000000000000000008E
:10225000000000000000000000000000000000007E
:10226000000000000000000000000000000000006E
:10227000000000000000000000000000000000005E
:10228000000000000000000000000000000000004E
:10229000000000000000000000000000000000003E
:1022A000000000000000000000000000000000002E
:1022B000000000000000000000000000000000001E
:1022C000000000000000000000000000000000000E
:1022D00000000000000000000000000000000000FE
:1022E00000000000000000000000000000000000EE
:1022F00000000000000000000000000000000000DE
:1023000000000000000000000000000000000000CD
:1023100000000000000000000000000000000000BD
:1023200000000000000000000000000000000000AD
:10233000000000000000000000000000000000009D
:10234000000000000000000000000000000000008D
:10235000000000000000000000000000000000007D
:10236000000000000000000000000000000000006D
:10237000000000000000000000000000000000005D
:10238000000000000000000000000000000000004D
:10239000000000000000000000000000000000003D
:1023A000000000000000000000000000000000002D
:1023B000000000000000000000000000000000001D
:1023C000000000000000000000000000000000000D
:1023D00000000000000000000000000000000000FD
:1023E00000000000000000000000000000000000ED
:1023F00000000000000000000000000000000000DD
:1024000000000000000000000000000000000000CC
:1024100000000000000000000000000000000000BC
:1024200000000000000000000000000000000000AC
:10243000000000000000000000000000000000009C
:10244000000000000000000000000000000000008C
:10245000000000000000000000000000000000007C
:10246000000000000000000000000000000000006C
:10247000000000000000000000000000000000005C
:10248000000000000000000000000000000000004C
:10249000000000000000000000000000000000003C
:1024A000000000000000000000000000000000002C
:1024B000000000000000000000000000000000001C
:1024C000000000000000000000000000000000000C
:1024D00000000000000000000000000000000000FC
:1024E00000000000000000000000000000000000EC
:1024F00000000000000000000000000000000000DC
:1025000000000000000000000000000000000000CB
:1025100000000000000000000000000000000000BB
:1025200000000000000000000000000000000000AB
:10253000000000000000000000000000000000009B
:10254000000000000000000000000000000000008B
:10255000000000000000000000000000000000007B
:10256000000000000000000000000000000000006B
:10257000000000000000000000000000000000005B
:10258000000000000000000000000000000000004B
:10259000000000000000000000000000000000003B
:1025A000000000000000000000000000000000002B
:1025B000000000000000000000000000000000001B
:1025C000000000000000000000000000000000000B
:1025D00000000000000000000000000000000000FB
:1025E00000000000000000000000000000000000EB
:1025F00000000000000000000000000000000000DB
:1026000000000000000000000000000000000000CA
:1026100000000000000000000000000000000000BA
:1026200000000000000000000000000000000000AA
:10263000000000000000000000000000000000009A
:10264000000000000000000000000000000000008A
:10265000000000000000000000000000000000007A
:10266000000000000000000000000000000000006A
:10267000000000000000000000000000000000005A
:10268000000000000000000000000000000000004A
:10269000000000000000000000000000000000003A
:1026A000000000000000000000000000000000002A
:1026B000000000000000000000000000000000001A
:1026C000000000000000000000000000000000000A
:1026D00000000000000000000000000000000000FA
:1026E00000000000000000000000000000000000EA
:1026F00000000000000000000000000000000000DA
:1027000000000000000000000000000000000000C9
:1027100000000000000000000000000000000000B9
:1027200000000000000000000000000000000000A9
:102730000000000000000000000000000000000099
:102740000000000000000000000000000000000089
:102750000000000000000000000000000000000079
:102760000000000000000000000000000000000069
:102770000000000000000000000000000000000059
:102780000000000000000000000000000000000049
:102790000000000000000000000000000000000039
:1027A0000000000000000000000000000000000029
:1027B0000000000000000000000000000000000019
:1027C0000000000000000000000000000000000009
:1027D00000000000000000000000000000000000F9
:1027E00000000000000000000000000000000000E9
:1027F00000000000000000000000000000000000D9
:040000056000100087
:00000001FF
